統編,分類,子分類,項目,來自公司報告,單位,年份,數值
73251209,E,溫室氣體排放,範疇一直接排放,,公噸CO2e,2008,98.12
73251209,E,溫室氣體排放,範疇二間接排放,,公噸CO2e,2008,26.58
73251209,E,溫室氣體排放,直接＋間接排放,,公噸CO2e,2008,124.7
20927014,E,溫室氣體排放,範疇一直接排放,,公噸CO2e,2009,4850.739999999991
20927014,E,溫室氣體排放,範疇二間接排放,,公噸CO2e,2009,119401.6
20927014,E,溫室氣體排放,直接＋間接排放,,公噸CO2e,2009,124252.34
20927014,E,溫室氣體排放,範疇一直接排放,,公噸CO2e,2010,5983.720000000001
20927014,E,溫室氣體排放,範疇二間接排放,,公噸CO2e,2010,127745
20927014,E,溫室氣體排放,直接＋間接排放,,公噸CO2e,2010,133728.72
20927014,E,溫室氣體排放,範疇一直接排放,,公噸CO2e,2011,6963.309999999998
20927014,E,溫室氣體排放,範疇二間接排放,,公噸CO2e,2011,119409.67
20927014,E,溫室氣體排放,直接＋間接排放,,公噸CO2e,2011,126372.98
16635562,E,溫室氣體排放,範疇一直接排放,,公噸CO2e,2014,45847.409999999996
16635562,E,溫室氣體排放,範疇二間接排放,,公噸CO2e,2014,10619.65
16635562,E,溫室氣體排放,直接＋間接排放,,公噸CO2e,2014,56467.06
56121907,E,溫室氣體排放,範疇一直接排放,,公噸CO2e,2014,200005.71999999997
56121907,E,溫室氣體排放,範疇二間接排放,,公噸CO2e,2014,51109.64
56121907,E,溫室氣體排放,直接＋間接排放,,公噸CO2e,2014,251115.36
73251209,E,溫室氣體排放,範疇一直接排放,,公噸CO2e,2014,18002.32
73251209,E,溫室氣體排放,範疇二間接排放,,公噸CO2e,2014,28383.72
73251209,E,溫室氣體排放,直接＋間接排放,,公噸CO2e,2014,46386.04
12529007,E,溫室氣體排放,範疇一直接排放,,公噸CO2e,2015,30308.409999999996
12529007,E,溫室氣體排放,範疇二間接排放,,公噸CO2e,2015,5013.68
12529007,E,溫室氣體排放,直接＋間接排放,,公噸CO2e,2015,35322.09
16635562,E,溫室氣體排放,範疇一直接排放,,公噸CO2e,2015,41862.25
16635562,E,溫室氣體排放,範疇二間接排放,,公噸CO2e,2015,9961.31
16635562,E,溫室氣體排放,直接＋間接排放,,公噸CO2e,2015,51823.56
56121907,E,溫室氣體排放,範疇一直接排放,,公噸CO2e,2015,197888.52
56121907,E,溫室氣體排放,範疇二間接排放,,公噸CO2e,2015,52513.28
56121907,E,溫室氣體排放,直接＋間接排放,,公噸CO2e,2015,250401.8
89397503,E,溫室氣體排放,範疇一直接排放,,公噸CO2e,2015,25649.45
89397503,E,溫室氣體排放,範疇二間接排放,,公噸CO2e,2015,1921.18
89397503,E,溫室氣體排放,直接＋間接排放,,公噸CO2e,2015,27570.63
12529007,E,溫室氣體排放,範疇一直接排放,,公噸CO2e,2016,30107.6
12529007,E,溫室氣體排放,範疇二間接排放,,公噸CO2e,2016,5064.75
12529007,E,溫室氣體排放,直接＋間接排放,,公噸CO2e,2016,35172.35
16635562,E,溫室氣體排放,範疇一直接排放,,公噸CO2e,2016,46381.21000000001
16635562,E,溫室氣體排放,範疇二間接排放,,公噸CO2e,2016,10746.7
16635562,E,溫室氣體排放,直接＋間接排放,,公噸CO2e,2016,57127.91
56121907,E,溫室氣體排放,範疇一直接排放,,公噸CO2e,2016,177155.62
56121907,E,溫室氣體排放,範疇二間接排放,,公噸CO2e,2016,46979.53
56121907,E,溫室氣體排放,直接＋間接排放,,公噸CO2e,2016,224135.15
89397503,E,溫室氣體排放,範疇一直接排放,,公噸CO2e,2016,22396.63
89397503,E,溫室氣體排放,範疇二間接排放,,公噸CO2e,2016,1460.34
89397503,E,溫室氣體排放,直接＋間接排放,,公噸CO2e,2016,23856.97
89397503,E,溫室氣體排放,碳密集度,,公噸CO2e/億元,2016,865.8935788340892
12529007,E,溫室氣體排放,範疇一直接排放,,公噸CO2e,2017,26418.27
12529007,E,溫室氣體排放,範疇二間接排放,,公噸CO2e,2017,5167.82
12529007,E,溫室氣體排放,直接＋間接排放,,公噸CO2e,2017,31586.09
16635562,E,溫室氣體排放,範疇一直接排放,,公噸CO2e,2017,42420.67
16635562,E,溫室氣體排放,範疇二間接排放,,公噸CO2e,2017,10951.92
16635562,E,溫室氣體排放,直接＋間接排放,,公噸CO2e,2017,53372.59
56121907,E,溫室氣體排放,範疇一直接排放,,公噸CO2e,2017,134705.12
56121907,E,溫室氣體排放,範疇二間接排放,,公噸CO2e,2017,37122.86
56121907,E,溫室氣體排放,直接＋間接排放,,公噸CO2e,2017,171827.97999999998
89397503,E,溫室氣體排放,範疇一直接排放,,公噸CO2e,2017,24221.79
89397503,E,溫室氣體排放,範疇二間接排放,,公噸CO2e,2017,1078.57
89397503,E,溫室氣體排放,直接＋間接排放,,公噸CO2e,2017,25300.36
89397503,E,溫室氣體排放,碳密集度,,公噸CO2e/億元,2017,917.6522220106453
12529007,E,溫室氣體排放,範疇一直接排放,,公噸CO2e,2018,27880.29
12529007,E,溫室氣體排放,範疇二間接排放,,公噸CO2e,2018,4782.01
12529007,E,溫室氣體排放,直接＋間接排放,,公噸CO2e,2018,32662.300000000003
16635562,E,溫室氣體排放,範疇一直接排放,,公噸CO2e,2018,37158.990000000005
16635562,E,溫室氣體排放,範疇二間接排放,,公噸CO2e,2018,9211.09
16635562,E,溫室氣體排放,直接＋間接排放,,公噸CO2e,2018,46370.08
56121907,E,溫室氣體排放,範疇一直接排放,,公噸CO2e,2018,131741.05
56121907,E,溫室氣體排放,範疇二間接排放,,公噸CO2e,2018,40931.17
56121907,E,溫室氣體排放,直接＋間接排放,,公噸CO2e,2018,172672.21999999997
89397503,E,溫室氣體排放,範疇一直接排放,,公噸CO2e,2018,21797.550000000003
89397503,E,溫室氣體排放,範疇二間接排放,,公噸CO2e,2018,1499.44
89397503,E,溫室氣體排放,直接＋間接排放,,公噸CO2e,2018,23296.99
89397503,E,溫室氣體排放,碳密集度,,公噸CO2e/億元,2018,776.1880710133928
12529007,E,溫室氣體排放,範疇一直接排放,,公噸CO2e,2019,26743.71
12529007,E,溫室氣體排放,範疇二間接排放,,公噸CO2e,2019,4687.56
12529007,E,溫室氣體排放,直接＋間接排放,,公噸CO2e,2019,31431.27
16635562,E,溫室氣體排放,範疇一直接排放,,公噸CO2e,2019,35563.26
16635562,E,溫室氣體排放,範疇二間接排放,,公噸CO2e,2019,9515.86
16635562,E,溫室氣體排放,直接＋間接排放,,公噸CO2e,2019,45079.12
56121907,E,溫室氣體排放,範疇一直接排放,,公噸CO2e,2019,139478.44
56121907,E,溫室氣體排放,範疇二間接排放,,公噸CO2e,2019,39421.37
56121907,E,溫室氣體排放,直接＋間接排放,,公噸CO2e,2019,178899.81
89397503,E,溫室氣體排放,範疇一直接排放,,公噸CO2e,2019,23112.63
89397503,E,溫室氣體排放,範疇二間接排放,,公噸CO2e,2019,860.85
89397503,E,溫室氣體排放,直接＋間接排放,,公噸CO2e,2019,23973.48
89397503,E,溫室氣體排放,碳密集度,,公噸CO2e/億元,2019,824.7903489110184
12529007,E,溫室氣體排放,範疇一直接排放,,公噸CO2e,2020,28162
12529007,E,溫室氣體排放,範疇二間接排放,,公噸CO2e,2020,4623.28
12529007,E,溫室氣體排放,直接＋間接排放,,公噸CO2e,2020,32785.28
16635562,E,溫室氣體排放,範疇一直接排放,,公噸CO2e,2020,27095.46
16635562,E,溫室氣體排放,範疇二間接排放,,公噸CO2e,2020,9231.58
16635562,E,溫室氣體排放,直接＋間接排放,,公噸CO2e,2020,36327.04
56121907,E,溫室氣體排放,範疇一直接排放,,公噸CO2e,2020,93019.28
56121907,E,溫室氣體排放,範疇二間接排放,,公噸CO2e,2020,18315.03
56121907,E,溫室氣體排放,直接＋間接排放,,公噸CO2e,2020,111334.31
89397503,E,溫室氣體排放,範疇一直接排放,,公噸CO2e,2020,23708.780000000002
89397503,E,溫室氣體排放,範疇二間接排放,,公噸CO2e,2020,817.05
89397503,E,溫室氣體排放,直接＋間接排放,,公噸CO2e,2020,24525.83
89397503,E,溫室氣體排放,碳密集度,,公噸CO2e/億元,2020,783.4859841416942
12529007,E,溫室氣體排放,範疇一直接排放,,公噸CO2e,2021,26479.72
12529007,E,溫室氣體排放,範疇二間接排放,,公噸CO2e,2021,4490.78
12529007,E,溫室氣體排放,直接＋間接排放,,公噸CO2e,2021,30970.5
16635562,E,溫室氣體排放,範疇一直接排放,,公噸CO2e,2021,29299.090000000004
16635562,E,溫室氣體排放,範疇二間接排放,,公噸CO2e,2021,9594.85
16635562,E,溫室氣體排放,直接＋間接排放,,公噸CO2e,2021,38893.94
56121907,E,溫室氣體排放,範疇一直接排放,,公噸CO2e,2021,68008.31
56121907,E,溫室氣體排放,範疇二間接排放,,公噸CO2e,2021,15676.06
56121907,E,溫室氣體排放,直接＋間接排放,,公噸CO2e,2021,83684.37
89397503,E,溫室氣體排放,範疇一直接排放,,公噸CO2e,2021,22897.29
89397503,E,溫室氣體排放,範疇二間接排放,,公噸CO2e,2021,969.94
89397503,E,溫室氣體排放,直接＋間接排放,,公噸CO2e,2021,23867.23
89480404,E,溫室氣體排放,範疇一直接排放,,公噸CO2e,2021,31402.940000000002
89480404,E,溫室氣體排放,範疇二間接排放,,公噸CO2e,2021,16260.25
89480404,E,溫室氣體排放,直接＋間接排放,,公噸CO2e,2021,47663.19
73008303,E,溫室氣體排放,溫室氣體減量目標說明,,,2021,NA
73008303,E,溫室氣體排放,溫室氣體減量承諾,,,2021,未填報
03543210,E,溫室氣體排放,溫室氣體減量目標說明,,,2021,NA
03543210,E,溫室氣體排放,溫室氣體減量承諾,,,2021,未填報
22102298,E,溫室氣體排放,溫室氣體減量目標說明,,,2021,NA
22102298,E,溫室氣體排放,溫室氣體減量承諾,,,2021,未填報
07569627,E,溫室氣體排放,溫室氣體減量目標說明,,,2021,NA
07569627,E,溫室氣體排放,溫室氣體減量承諾,,,2021,未填報
18559415,E,溫室氣體排放,溫室氣體減量目標說明,,,2021,NA
18559415,E,溫室氣體排放,溫室氣體減量承諾,,,2021,未填報
37759808,E,溫室氣體排放,溫室氣體減量目標說明,,,2021,NA
37759808,E,溫室氣體排放,溫室氣體減量承諾,,,2021,未填報
07305506,E,溫室氣體排放,溫室氣體減量目標說明,,,2021,NA
07305506,E,溫室氣體排放,溫室氣體減量承諾,,,2021,未填報
89397503,E,溫室氣體排放,溫室氣體減量目標說明,,,2021,NA
89397503,E,溫室氣體排放,溫室氣體減量承諾,,,2021,未填報
53028230,E,溫室氣體排放,溫室氣體減量目標說明,,,2021,NA
53028230,E,溫室氣體排放,溫室氣體減量承諾,,,2021,未填報
16962158,E,溫室氣體排放,溫室氣體減量目標說明,,,2021,NA
16962158,E,溫室氣體排放,溫室氣體減量承諾,,,2021,未填報
76316325,E,溫室氣體排放,溫室氣體減量目標說明,,,2021,NA
76316325,E,溫室氣體排放,溫室氣體減量承諾,,,2021,未填報
43696296,E,溫室氣體排放,溫室氣體減量目標說明,,,2021,NA
43696296,E,溫室氣體排放,溫室氣體減量承諾,,,2021,未填報
11347802,E,溫室氣體排放,溫室氣體減量目標說明,,,2021,1.能源效率減量目標：能源管理減碳及目標：各廠通過ISO 50001能源管理及認證，落實能源監督及管理，年節電管理目標1%。2.溫室氣體排放量減量目標： (1)環境內部管理：工廠取得ISO-14001環境管理認證(廢棄物管理減量、資源回收提升95%以上、台中廠太陽能綠電建置502仟瓦、減碳排放299公噸/年等)。 (2)推動各項節能減排專案及提升再生能源使用。 (3)工廠溫室氣體排放量訂定逐年減量1%目標。
11347802,E,溫室氣體排放,溫室氣體減量承諾,,,2021,有減碳目標
65534366,E,溫室氣體排放,溫室氣體減量目標說明,,,2021,響應政府政策及企業低碳趨勢，逐步替換高耗能的設備，選擇節能設備與機台並管理各項耗能系統，以達到節能目的，因此以2021年為基期，目標設定在2030年達到減少5%溫室氣體排放。
65534366,E,溫室氣體排放,溫室氣體減量承諾,,,2021,有減碳目標
59661701,E,溫室氣體排放,溫室氣體減量目標說明,,,2021,本公司以「溫室氣體排放密集度」作為溫室氣體管理指標，並設定109年為溫室氣體管理基準年，規劃達成溫室氣體排放密集度至114年下降10%為目標。
59661701,E,溫室氣體排放,溫室氣體減量承諾,,,2021,有減碳目標
56192402,E,溫室氣體排放,溫室氣體減量目標說明,,,2021,每年設定減量目標，並進行溫室氣體盤查，降低溫室氣體排放強度，預計2025年降低20%、2030年降低30%。2021年排放強度為1.6kgCO2/營業額千元。
56192402,E,溫室氣體排放,溫室氣體減量承諾,,,2021,有減碳目標
11996904,E,溫室氣體排放,溫室氣體減量目標說明,,,2021,為降低溫室氣體排放量，我們積極推動節能行動，展開碳減量行動，期望從完善環境、能源管理系統開始，逐步提高能源使用效率。工廠除持續汰換現有高能耗馬達，由IE1提升至IE3高效能馬達，並加強設備傳動原件維護與保養以降低馬達耗能，照明燈具亦逐步汰換為LED省電燈具，逐步汰換高能耗設備。聯華並透過外部溫室氣體盤查結果，了解碳排放數字後，再依據碳排量較高之設備，進行減量措施。同時以110年度基準年資料，訂定每年排放減量1%為目標，盡可能降低工廠及大樓的溫室氣體排放量，為產業減碳貢獻心力，期能經由各項改善措施提高能源使用效率。
11996904,E,溫室氣體排放,溫室氣體減量承諾,,,2021,有減碳目標
20651901,E,溫室氣體排放,溫室氣體減量目標說明,,,2021,至114年，在類別1與類別2的範疇下，中壢廠每噸產品碳排放相較109年減少15%。
20651901,E,溫室氣體排放,溫室氣體減量承諾,,,2021,有減碳目標
34106066,E,溫室氣體排放,溫室氣體減量目標說明,,,2021,每年度製程作業的範疇一和二的產品排放密度 （每公噸產品）達成下降2% （以2017年為基期），2030目標達到下降5%。
34106066,E,溫室氣體排放,溫室氣體減量承諾,,,2021,有減碳目標
23420497,E,溫室氣體排放,溫室氣體減量目標說明,,,2021,以日常節約能源使用為方向。
23420497,E,溫室氣體排放,溫室氣體減量承諾,,,2021,無目標
07067309,E,溫室氣體排放,溫室氣體減量目標說明,,,2021,節約能源約628.978 GJ。
07067309,E,溫室氣體排放,溫室氣體減量承諾,,,2021,無目標
35012903,E,溫室氣體排放,溫室氣體減量目標說明,,,2021,本公司對於溫室氣體排放量減量目標正在規劃中，尚無確切數據。
35012903,E,溫室氣體排放,溫室氣體減量承諾,,,2021,無目標
36514783,E,溫室氣體排放,溫室氣體減量目標說明,,,2021,1.公司目前正在建置太陽能設備，進而提升再生能源之使用。2.建置新設備，減少廢棄物產出，並提高廢棄物再利用。
36514783,E,溫室氣體排放,溫室氣體減量承諾,,,2021,無目標
22102473,E,溫室氣體排放,溫室氣體減量目標說明,,,2021,積極推行各項節能減碳政策，除了工廠持續監控製程，致力改善設備效率外，並透過各項設備汰舊換新專案，提高效率並減少溫室氣體排放。
22102473,E,溫室氣體排放,溫室氣體減量承諾,,,2021,無目標
85617982,E,溫室氣體排放,溫室氣體減量目標說明,,,2021,每年設定減量目標，並進行溫室氣體做內部盤查，降低溫室氣體排放量。
85617982,E,溫室氣體排放,溫室氣體減量承諾,,,2021,無目標
12529007,E,溫室氣體排放,溫室氣體減量目標說明,,,2021,單位能耗較前一年度降低1%
12529007,E,溫室氣體排放,溫室氣體減量承諾,,,2021,僅有節電承諾
73251209,E,溫室氣體排放,溫室氣體減量目標說明,,,2021,推動生產廠年度節電1% 專案
73251209,E,溫室氣體排放,溫室氣體減量承諾,,,2021,僅有節電承諾
20927014,E,溫室氣體排放,溫室氣體減量目標說明,,,2021,1. 訂定節約能源目標及執行計畫，年度節電率應達百分之一以上
20927014,E,溫室氣體排放,溫室氣體減量承諾,,,2021,僅有節電承諾
11347802,E,空氣污染物申報-一般空氣污染物,氮氧化物,,,2009,12.617
11347802,E,空氣污染物申報-一般空氣污染物,硫氧化物,,,2009,17.299
11347802,E,空氣污染物申報-一般空氣污染物,粒狀污染物,,,2009,1.7109999999999999
11996904,E,空氣污染物申報-一般空氣污染物,氮氧化物,,,2009,0.427
11996904,E,空氣污染物申報-一般空氣污染物,硫氧化物,,,2009,0.616
11996904,E,空氣污染物申報-一般空氣污染物,粒狀污染物,,,2009,144.272
12467902,E,空氣污染物申報-一般空氣污染物,氮氧化物,,,2009,2.382
12467902,E,空氣污染物申報-一般空氣污染物,硫氧化物,,,2009,2.968
12467902,E,空氣污染物申報-一般空氣污染物,粒狀污染物,,,2009,1.884
12467902,E,空氣污染物申報-一般空氣污染物,揮發性有機化合物,,,2009,7.142
12529007,E,空氣污染物申報-一般空氣污染物,氮氧化物,,,2009,39.575
12529007,E,空氣污染物申報-一般空氣污染物,硫氧化物,,,2009,55.735
12529007,E,空氣污染物申報-一般空氣污染物,粒狀污染物,,,2009,6.87
15319335,E,空氣污染物申報-一般空氣污染物,氮氧化物,,,2009,0.007
15319335,E,空氣污染物申報-一般空氣污染物,硫氧化物,,,2009,0.008
16635562,E,空氣污染物申報-一般空氣污染物,氮氧化物,,,2009,59.58499999999999
16635562,E,空氣污染物申報-一般空氣污染物,硫氧化物,,,2009,77.741
16635562,E,空氣污染物申報-一般空氣污染物,粒狀污染物,,,2009,10.447999999999999
16635562,E,空氣污染物申報-一般空氣污染物,揮發性有機化合物,,,2009,3.092
18559415,E,空氣污染物申報-一般空氣污染物,氮氧化物,,,2009,0.182
18559415,E,空氣污染物申報-一般空氣污染物,硫氧化物,,,2009,0.262
20651901,E,空氣污染物申報-一般空氣污染物,氮氧化物,,,2009,9.527000000000001
20651901,E,空氣污染物申報-一般空氣污染物,硫氧化物,,,2009,14.562000000000001
20651901,E,空氣污染物申報-一般空氣污染物,粒狀污染物,,,2009,2.682
20927014,E,空氣污染物申報-一般空氣污染物,氮氧化物,,,2009,12.573
20927014,E,空氣污染物申報-一般空氣污染物,硫氧化物,,,2009,16.143
20927014,E,空氣污染物申報-一般空氣污染物,粒狀污染物,,,2009,10.649999999999999
20927014,E,空氣污染物申報-一般空氣污染物,揮發性有機化合物,,,2009,39.408
22102298,E,空氣污染物申報-一般空氣污染物,氮氧化物,,,2009,8.897
22102298,E,空氣污染物申報-一般空氣污染物,硫氧化物,,,2009,12.941999999999998
22102298,E,空氣污染物申報-一般空氣污染物,粒狀污染物,,,2009,34.769
22102298,E,空氣污染物申報-一般空氣污染物,揮發性有機化合物,,,2009,0.406
22102473,E,空氣污染物申報-一般空氣污染物,氮氧化物,,,2009,5.526
22102473,E,空氣污染物申報-一般空氣污染物,硫氧化物,,,2009,7.659
22102473,E,空氣污染物申報-一般空氣污染物,粒狀污染物,,,2009,2.346
22102473,E,空氣污染物申報-一般空氣污染物,揮發性有機化合物,,,2009,0.004
35012903,E,空氣污染物申報-一般空氣污染物,氮氧化物,,,2009,3.07
35012903,E,空氣污染物申報-一般空氣污染物,硫氧化物,,,2009,4.302
36514783,E,空氣污染物申報-一般空氣污染物,氮氧化物,,,2009,23.626
36514783,E,空氣污染物申報-一般空氣污染物,硫氧化物,,,2009,32.72
36514783,E,空氣污染物申報-一般空氣污染物,粒狀污染物,,,2009,191.57000000000002
43696296,E,空氣污染物申報-一般空氣污染物,氮氧化物,,,2009,1.2000000000000002
43696296,E,空氣污染物申報-一般空氣污染物,硫氧化物,,,2009,1.678
43696296,E,空氣污染物申報-一般空氣污染物,粒狀污染物,,,2009,17.674999999999997
43696296,E,空氣污染物申報-一般空氣污染物,揮發性有機化合物,,,2009,0.9930000000000001
56121907,E,空氣污染物申報-一般空氣污染物,氮氧化物,,,2009,222.97400000000002
56121907,E,空氣污染物申報-一般空氣污染物,硫氧化物,,,2009,267.85
56121907,E,空氣污染物申報-一般空氣污染物,粒狀污染物,,,2009,71.25299999999999
56192402,E,空氣污染物申報-一般空氣污染物,氮氧化物,,,2009,13.378999999999998
56192402,E,空氣污染物申報-一般空氣污染物,硫氧化物,,,2009,17.977999999999998
56192402,E,空氣污染物申報-一般空氣污染物,粒狀污染物,,,2009,57.763
59661701,E,空氣污染物申報-一般空氣污染物,氮氧化物,,,2009,27.098999999999997
59661701,E,空氣污染物申報-一般空氣污染物,硫氧化物,,,2009,33.818
59661701,E,空氣污染物申報-一般空氣污染物,粒狀污染物,,,2009,8.263000000000002
65534366,E,空氣污染物申報-一般空氣污染物,氮氧化物,,,2009,10.334
65534366,E,空氣污染物申報-一般空氣污染物,硫氧化物,,,2009,14.465
65534366,E,空氣污染物申報-一般空氣污染物,粒狀污染物,,,2009,1.694
73008303,E,空氣污染物申報-一般空氣污染物,氮氧化物,,,2009,20.326
73008303,E,空氣污染物申報-一般空氣污染物,硫氧化物,,,2009,28.034999999999997
73008303,E,空氣污染物申報-一般空氣污染物,粒狀污染物,,,2009,353.924
73251209,E,空氣污染物申報-一般空氣污染物,氮氧化物,,,2009,116.53399999999999
73251209,E,空氣污染物申報-一般空氣污染物,硫氧化物,,,2009,138.84399999999994
73251209,E,空氣污染物申報-一般空氣污染物,粒狀污染物,,,2009,27.762
73251209,E,空氣污染物申報-一般空氣污染物,揮發性有機化合物,,,2009,0.191
76316325,E,空氣污染物申報-一般空氣污染物,氮氧化物,,,2009,2.6969999999999996
76316325,E,空氣污染物申報-一般空氣污染物,硫氧化物,,,2009,4.212
76316325,E,空氣污染物申報-一般空氣污染物,粒狀污染物,,,2009,0.661
85617982,E,空氣污染物申報-一般空氣污染物,氮氧化物,,,2009,2.1799999999999997
85617982,E,空氣污染物申報-一般空氣污染物,硫氧化物,,,2009,3.1420000000000003
89397503,E,空氣污染物申報-一般空氣污染物,氮氧化物,,,2009,0.046
89397503,E,空氣污染物申報-一般空氣污染物,硫氧化物,,,2009,0.067
89397503,E,空氣污染物申報-一般空氣污染物,揮發性有機化合物,,,2009,0.008
89480404,E,空氣污染物申報-一般空氣污染物,氮氧化物,,,2009,71.117
89480404,E,空氣污染物申報-一般空氣污染物,硫氧化物,,,2009,29.302
89480404,E,空氣污染物申報-一般空氣污染物,粒狀污染物,,,2009,65.47
89480404,E,空氣污染物申報-一般空氣污染物,揮發性有機化合物,,,2009,87.71700000000001
07569627,E,空氣污染物申報-一般空氣污染物,氮氧化物,,,2009,6.501
07569627,E,空氣污染物申報-一般空氣污染物,硫氧化物,,,2009,9.372
03794905,E,空氣污染物申報-一般空氣污染物,氮氧化物,,,2009,247.433
03794905,E,空氣污染物申報-一般空氣污染物,硫氧化物,,,2009,268.125
03794905,E,空氣污染物申報-一般空氣污染物,粒狀污染物,,,2009,91.37299999999999
03794905,E,空氣污染物申報-一般空氣污染物,揮發性有機化合物,,,2009,14.769000000000002
07305506,E,空氣污染物申報-一般空氣污染物,氮氧化物,,,2009,10.485
07305506,E,空氣污染物申報-一般空氣污染物,硫氧化物,,,2009,3.3469999999999995
07305506,E,空氣污染物申報-一般空氣污染物,粒狀污染物,,,2009,2.237
03543210,E,空氣污染物申報-一般空氣污染物,氮氧化物,,,2009,34.498
03543210,E,空氣污染物申報-一般空氣污染物,硫氧化物,,,2009,44.622
03543210,E,空氣污染物申報-一般空氣污染物,粒狀污染物,,,2009,29.395000000000003
07067309,E,空氣污染物申報-一般空氣污染物,氮氧化物,,,2009,26.947
07067309,E,空氣污染物申報-一般空氣污染物,硫氧化物,,,2009,37.635000000000005
07067309,E,空氣污染物申報-一般空氣污染物,粒狀污染物,,,2009,22.57
11347802,E,空氣污染物申報-一般空氣污染物,氮氧化物,,,2010,24.146
11347802,E,空氣污染物申報-一般空氣污染物,硫氧化物,,,2010,27.628000000000004
11347802,E,空氣污染物申報-一般空氣污染物,粒狀污染物,,,2010,11.898
11996904,E,空氣污染物申報-一般空氣污染物,氮氧化物,,,2010,0.473
11996904,E,空氣污染物申報-一般空氣污染物,硫氧化物,,,2010,0.681
11996904,E,空氣污染物申報-一般空氣污染物,粒狀污染物,,,2010,120.13000000000001
12467902,E,空氣污染物申報-一般空氣污染物,氮氧化物,,,2010,5.619
12467902,E,空氣污染物申報-一般空氣污染物,硫氧化物,,,2010,9.016000000000002
12467902,E,空氣污染物申報-一般空氣污染物,粒狀污染物,,,2010,5.513
12467902,E,空氣污染物申報-一般空氣污染物,揮發性有機化合物,,,2010,14.876000000000001
12529007,E,空氣污染物申報-一般空氣污染物,氮氧化物,,,2010,27.771
12529007,E,空氣污染物申報-一般空氣污染物,硫氧化物,,,2010,35.967
12529007,E,空氣污染物申報-一般空氣污染物,粒狀污染物,,,2010,5.712999999999999
16635562,E,空氣污染物申報-一般空氣污染物,氮氧化物,,,2010,38.116
16635562,E,空氣污染物申報-一般空氣污染物,硫氧化物,,,2010,45.22
16635562,E,空氣污染物申報-一般空氣污染物,粒狀污染物,,,2010,5.117
16635562,E,空氣污染物申報-一般空氣污染物,揮發性有機化合物,,,2010,2.692
18559415,E,空氣污染物申報-一般空氣污染物,氮氧化物,,,2010,0.328
18559415,E,空氣污染物申報-一般空氣污染物,硫氧化物,,,2010,0.473
20651901,E,空氣污染物申報-一般空氣污染物,氮氧化物,,,2010,13.187000000000001
20651901,E,空氣污染物申報-一般空氣污染物,硫氧化物,,,2010,19.097
20651901,E,空氣污染物申報-一般空氣污染物,粒狀污染物,,,2010,1.2730000000000001
20927014,E,空氣污染物申報-一般空氣污染物,氮氧化物,,,2010,13.942
20927014,E,空氣污染物申報-一般空氣污染物,硫氧化物,,,2010,12.284
20927014,E,空氣污染物申報-一般空氣污染物,粒狀污染物,,,2010,10.494
20927014,E,空氣污染物申報-一般空氣污染物,揮發性有機化合物,,,2010,38.61
22102298,E,空氣污染物申報-一般空氣污染物,氮氧化物,,,2010,10.362000000000002
22102298,E,空氣污染物申報-一般空氣污染物,硫氧化物,,,2010,14.59
22102298,E,空氣污染物申報-一般空氣污染物,粒狀污染物,,,2010,99.46400000000001
22102298,E,空氣污染物申報-一般空氣污染物,揮發性有機化合物,,,2010,1.3090000000000002
22102473,E,空氣污染物申報-一般空氣污染物,氮氧化物,,,2010,12.812
22102473,E,空氣污染物申報-一般空氣污染物,硫氧化物,,,2010,18.230999999999998
22102473,E,空氣污染物申報-一般空氣污染物,粒狀污染物,,,2010,4.492
22102473,E,空氣污染物申報-一般空氣污染物,揮發性有機化合物,,,2010,0.01
34106066,E,空氣污染物申報-一般空氣污染物,氮氧化物,,,2010,0.15
35012903,E,空氣污染物申報-一般空氣污染物,氮氧化物,,,2010,1.4889999999999999
35012903,E,空氣污染物申報-一般空氣污染物,硫氧化物,,,2010,2.4210000000000003
36514783,E,空氣污染物申報-一般空氣污染物,氮氧化物,,,2010,9.603
36514783,E,空氣污染物申報-一般空氣污染物,硫氧化物,,,2010,10.683
36514783,E,空氣污染物申報-一般空氣污染物,粒狀污染物,,,2010,120.011
43696296,E,空氣污染物申報-一般空氣污染物,氮氧化物,,,2010,1.7160000000000002
43696296,E,空氣污染物申報-一般空氣污染物,硫氧化物,,,2010,2.31
43696296,E,空氣污染物申報-一般空氣污染物,粒狀污染物,,,2010,19.427
43696296,E,空氣污染物申報-一般空氣污染物,揮發性有機化合物,,,2010,10.007
56121907,E,空氣污染物申報-一般空氣污染物,氮氧化物,,,2010,222.337
56121907,E,空氣污染物申報-一般空氣污染物,硫氧化物,,,2010,233.38800000000003
56121907,E,空氣污染物申報-一般空氣污染物,粒狀污染物,,,2010,41.673
56121907,E,空氣污染物申報-一般空氣污染物,揮發性有機化合物,,,2010,0.001
56192402,E,空氣污染物申報-一般空氣污染物,氮氧化物,,,2010,6.579
56192402,E,空氣污染物申報-一般空氣污染物,硫氧化物,,,2010,8.310999999999998
56192402,E,空氣污染物申報-一般空氣污染物,粒狀污染物,,,2010,75.636
59661701,E,空氣污染物申報-一般空氣污染物,氮氧化物,,,2010,10.68
59661701,E,空氣污染物申報-一般空氣污染物,硫氧化物,,,2010,12.498
59661701,E,空氣污染物申報-一般空氣污染物,粒狀污染物,,,2010,4.624999999999999
65534366,E,空氣污染物申報-一般空氣污染物,氮氧化物,,,2010,7.3740000000000006
65534366,E,空氣污染物申報-一般空氣污染物,硫氧化物,,,2010,12.988
65534366,E,空氣污染物申報-一般空氣污染物,粒狀污染物,,,2010,1.814
73008303,E,空氣污染物申報-一般空氣污染物,氮氧化物,,,2010,18.613999999999997
73008303,E,空氣污染物申報-一般空氣污染物,硫氧化物,,,2010,24.956999999999997
73008303,E,空氣污染物申報-一般空氣污染物,粒狀污染物,,,2010,126.06899999999999
73251209,E,空氣污染物申報-一般空氣污染物,氮氧化物,,,2010,65.94399999999999
73251209,E,空氣污染物申報-一般空氣污染物,硫氧化物,,,2010,92.03699999999998
73251209,E,空氣污染物申報-一般空氣污染物,粒狀污染物,,,2010,15.255
73251209,E,空氣污染物申報-一般空氣污染物,揮發性有機化合物,,,2010,1.4079999999999997
76316325,E,空氣污染物申報-一般空氣污染物,氮氧化物,,,2010,10.277000000000001
76316325,E,空氣污染物申報-一般空氣污染物,硫氧化物,,,2010,15.619000000000002
76316325,E,空氣污染物申報-一般空氣污染物,粒狀污染物,,,2010,1.8359999999999999
89397503,E,空氣污染物申報-一般空氣污染物,氮氧化物,,,2010,16.632
89397503,E,空氣污染物申報-一般空氣污染物,揮發性有機化合物,,,2010,0.007
89480404,E,空氣污染物申報-一般空氣污染物,氮氧化物,,,2010,18.15
89480404,E,空氣污染物申報-一般空氣污染物,硫氧化物,,,2010,7.682
89480404,E,空氣污染物申報-一般空氣污染物,粒狀污染物,,,2010,17.426
89480404,E,空氣污染物申報-一般空氣污染物,揮發性有機化合物,,,2010,22.86
03794905,E,空氣污染物申報-一般空氣污染物,氮氧化物,,,2010,281.663
03794905,E,空氣污染物申報-一般空氣污染物,硫氧化物,,,2010,310.359
03794905,E,空氣污染物申報-一般空氣污染物,粒狀污染物,,,2010,192.993
03794905,E,空氣污染物申報-一般空氣污染物,揮發性有機化合物,,,2010,16.739
07569627,E,空氣污染物申報-一般空氣污染物,氮氧化物,,,2010,5.593
07569627,E,空氣污染物申報-一般空氣污染物,硫氧化物,,,2010,6.797999999999999
07067309,E,空氣污染物申報-一般空氣污染物,氮氧化物,,,2010,11.946
07067309,E,空氣污染物申報-一般空氣污染物,硫氧化物,,,2010,17.781
07067309,E,空氣污染物申報-一般空氣污染物,粒狀污染物,,,2010,9.847000000000001
03543210,E,空氣污染物申報-一般空氣污染物,氮氧化物,,,2010,31.881999999999998
03543210,E,空氣污染物申報-一般空氣污染物,硫氧化物,,,2010,47.249
03543210,E,空氣污染物申報-一般空氣污染物,粒狀污染物,,,2010,31.75
07305506,E,空氣污染物申報-一般空氣污染物,氮氧化物,,,2010,11.37
07305506,E,空氣污染物申報-一般空氣污染物,硫氧化物,,,2010,5.5009999999999994
07305506,E,空氣污染物申報-一般空氣污染物,粒狀污染物,,,2010,2.918
07305506,E,空氣污染物申報-一般空氣污染物,揮發性有機化合物,,,2010,0.004
11347802,E,空氣污染物申報-一般空氣污染物,氮氧化物,,,2011,26.788
11347802,E,空氣污染物申報-一般空氣污染物,硫氧化物,,,2011,35.453
11347802,E,空氣污染物申報-一般空氣污染物,粒狀污染物,,,2011,3.5539999999999994
11996904,E,空氣污染物申報-一般空氣污染物,氮氧化物,,,2011,0.505
11996904,E,空氣污染物申報-一般空氣污染物,硫氧化物,,,2011,0.727
11996904,E,空氣污染物申報-一般空氣污染物,粒狀污染物,,,2011,141.21
12467902,E,空氣污染物申報-一般空氣污染物,氮氧化物,,,2011,6.047000000000001
12467902,E,空氣污染物申報-一般空氣污染物,硫氧化物,,,2011,8.697
12467902,E,空氣污染物申報-一般空氣污染物,粒狀污染物,,,2011,9.536000000000001
12467902,E,空氣污染物申報-一般空氣污染物,揮發性有機化合物,,,2011,30.608
12529007,E,空氣污染物申報-一般空氣污染物,氮氧化物,,,2011,3.582
12529007,E,空氣污染物申報-一般空氣污染物,硫氧化物,,,2011,6.662
12529007,E,空氣污染物申報-一般空氣污染物,粒狀污染物,,,2011,1.706
16635562,E,空氣污染物申報-一般空氣污染物,氮氧化物,,,2011,79.344
16635562,E,空氣污染物申報-一般空氣污染物,硫氧化物,,,2011,92.388
16635562,E,空氣污染物申報-一般空氣污染物,粒狀污染物,,,2011,10.05
16635562,E,空氣污染物申報-一般空氣污染物,揮發性有機化合物,,,2011,1.724
18559415,E,空氣污染物申報-一般空氣污染物,氮氧化物,,,2011,0.132
18559415,E,空氣污染物申報-一般空氣污染物,硫氧化物,,,2011,0.19
20651901,E,空氣污染物申報-一般空氣污染物,氮氧化物,,,2011,28.847
20651901,E,空氣污染物申報-一般空氣污染物,硫氧化物,,,2011,36.572
20651901,E,空氣污染物申報-一般空氣污染物,粒狀污染物,,,2011,4.695
20651901,E,空氣污染物申報-一般空氣污染物,揮發性有機化合物,,,2011,7.968999999999999
20927014,E,空氣污染物申報-一般空氣污染物,氮氧化物,,,2011,18.408
20927014,E,空氣污染物申報-一般空氣污染物,硫氧化物,,,2011,24.836
20927014,E,空氣污染物申報-一般空氣污染物,粒狀污染物,,,2011,30.199
20927014,E,空氣污染物申報-一般空氣污染物,揮發性有機化合物,,,2011,60.824999999999996
22102298,E,空氣污染物申報-一般空氣污染物,氮氧化物,,,2011,12.195000000000002
22102298,E,空氣污染物申報-一般空氣污染物,硫氧化物,,,2011,17.428000000000004
22102298,E,空氣污染物申報-一般空氣污染物,粒狀污染物,,,2011,94.966
22102298,E,空氣污染物申報-一般空氣污染物,揮發性有機化合物,,,2011,1.0950000000000002
22102473,E,空氣污染物申報-一般空氣污染物,氮氧化物,,,2011,16.704
22102473,E,空氣污染物申報-一般空氣污染物,硫氧化物,,,2011,23.907000000000004
22102473,E,空氣污染物申報-一般空氣污染物,粒狀污染物,,,2011,5.013
22102473,E,空氣污染物申報-一般空氣污染物,揮發性有機化合物,,,2011,0.011
34106066,E,空氣污染物申報-一般空氣污染物,氮氧化物,,,2011,0.706
35012903,E,空氣污染物申報-一般空氣污染物,氮氧化物,,,2011,1.332
35012903,E,空氣污染物申報-一般空氣污染物,硫氧化物,,,2011,1.999
36514783,E,空氣污染物申報-一般空氣污染物,氮氧化物,,,2011,40.114
36514783,E,空氣污染物申報-一般空氣污染物,硫氧化物,,,2011,44.601
36514783,E,空氣污染物申報-一般空氣污染物,粒狀污染物,,,2011,434.06600000000003
43696296,E,空氣污染物申報-一般空氣污染物,氮氧化物,,,2011,1.802
43696296,E,空氣污染物申報-一般空氣污染物,硫氧化物,,,2011,2.194
43696296,E,空氣污染物申報-一般空氣污染物,粒狀污染物,,,2011,19.179000000000002
43696296,E,空氣污染物申報-一般空氣污染物,揮發性有機化合物,,,2011,10.929000000000002
56121907,E,空氣污染物申報-一般空氣污染物,氮氧化物,,,2011,493.54899999999986
56121907,E,空氣污染物申報-一般空氣污染物,硫氧化物,,,2011,475.25499999999994
56121907,E,空氣污染物申報-一般空氣污染物,粒狀污染物,,,2011,85.40299999999999
56192402,E,空氣污染物申報-一般空氣污染物,氮氧化物,,,2011,29.59400000000001
56192402,E,空氣污染物申報-一般空氣污染物,硫氧化物,,,2011,34.696
56192402,E,空氣污染物申報-一般空氣污染物,粒狀污染物,,,2011,115.244
59661701,E,空氣污染物申報-一般空氣污染物,氮氧化物,,,2011,15.279000000000002
59661701,E,空氣污染物申報-一般空氣污染物,硫氧化物,,,2011,18.131000000000004
59661701,E,空氣污染物申報-一般空氣污染物,粒狀污染物,,,2011,8.751999999999999
65534366,E,空氣污染物申報-一般空氣污染物,氮氧化物,,,2011,3.196
65534366,E,空氣污染物申報-一般空氣污染物,硫氧化物,,,2011,4.991
65534366,E,空氣污染物申報-一般空氣污染物,粒狀污染物,,,2011,0.913
73008303,E,空氣污染物申報-一般空氣污染物,氮氧化物,,,2011,13.253000000000002
73008303,E,空氣污染物申報-一般空氣污染物,硫氧化物,,,2011,15.372999999999998
73008303,E,空氣污染物申報-一般空氣污染物,粒狀污染物,,,2011,119.306
73251209,E,空氣污染物申報-一般空氣污染物,氮氧化物,,,2011,210.243
73251209,E,空氣污染物申報-一般空氣污染物,硫氧化物,,,2011,279.82399999999996
73251209,E,空氣污染物申報-一般空氣污染物,粒狀污染物,,,2011,25.189000000000004
73251209,E,空氣污染物申報-一般空氣污染物,揮發性有機化合物,,,2011,2.4059999999999997
76316325,E,空氣污染物申報-一般空氣污染物,氮氧化物,,,2011,10.003
76316325,E,空氣污染物申報-一般空氣污染物,硫氧化物,,,2011,14.962
76316325,E,空氣污染物申報-一般空氣污染物,粒狀污染物,,,2011,1.423
85617982,E,空氣污染物申報-一般空氣污染物,氮氧化物,,,2011,1.262
85617982,E,空氣污染物申報-一般空氣污染物,硫氧化物,,,2011,1.818
89397503,E,空氣污染物申報-一般空氣污染物,氮氧化物,,,2011,24.831999999999997
89397503,E,空氣污染物申報-一般空氣污染物,硫氧化物,,,2011,0.052000000000000005
89397503,E,空氣污染物申報-一般空氣污染物,揮發性有機化合物,,,2011,0.008
89480404,E,空氣污染物申報-一般空氣污染物,氮氧化物,,,2011,35.366
89480404,E,空氣污染物申報-一般空氣污染物,硫氧化物,,,2011,9.123000000000001
89480404,E,空氣污染物申報-一般空氣污染物,粒狀污染物,,,2011,56.876999999999995
89480404,E,空氣污染物申報-一般空氣污染物,揮發性有機化合物,,,2011,43.874
03794905,E,空氣污染物申報-一般空氣污染物,氮氧化物,,,2011,113.76500000000001
03794905,E,空氣污染物申報-一般空氣污染物,硫氧化物,,,2011,87.5
03794905,E,空氣污染物申報-一般空氣污染物,粒狀污染物,,,2011,59.315999999999995
03794905,E,空氣污染物申報-一般空氣污染物,揮發性有機化合物,,,2011,2.904
03543210,E,空氣污染物申報-一般空氣污染物,氮氧化物,,,2011,79.202
03543210,E,空氣污染物申報-一般空氣污染物,硫氧化物,,,2011,137.039
03543210,E,空氣污染物申報-一般空氣污染物,粒狀污染物,,,2011,48.748
07569627,E,空氣污染物申報-一般空氣污染物,氮氧化物,,,2011,3.4479999999999995
07569627,E,空氣污染物申報-一般空氣污染物,硫氧化物,,,2011,2.907
07067309,E,空氣污染物申報-一般空氣污染物,氮氧化物,,,2011,11.99
07067309,E,空氣污染物申報-一般空氣污染物,硫氧化物,,,2011,16.962999999999997
07067309,E,空氣污染物申報-一般空氣污染物,粒狀污染物,,,2011,5.0489999999999995
07305506,E,空氣污染物申報-一般空氣污染物,氮氧化物,,,2011,9.66
07305506,E,空氣污染物申報-一般空氣污染物,硫氧化物,,,2011,6.415
07305506,E,空氣污染物申報-一般空氣污染物,粒狀污染物,,,2011,3.2720000000000002
11347802,E,空氣污染物申報-一般空氣污染物,氮氧化物,,,2012,40.01
11347802,E,空氣污染物申報-一般空氣污染物,硫氧化物,,,2012,59.560999999999986
11347802,E,空氣污染物申報-一般空氣污染物,粒狀污染物,,,2012,14.599999999999996
11996904,E,空氣污染物申報-一般空氣污染物,氮氧化物,,,2012,0.032
11996904,E,空氣污染物申報-一般空氣污染物,硫氧化物,,,2012,0.046
11996904,E,空氣污染物申報-一般空氣污染物,粒狀污染物,,,2012,126.93200000000002
12467902,E,空氣污染物申報-一般空氣污染物,氮氧化物,,,2012,3.1519999999999997
12467902,E,空氣污染物申報-一般空氣污染物,硫氧化物,,,2012,4.454
12467902,E,空氣污染物申報-一般空氣污染物,粒狀污染物,,,2012,11.647
12467902,E,空氣污染物申報-一般空氣污染物,揮發性有機化合物,,,2012,35.498000000000005
12529007,E,空氣污染物申報-一般空氣污染物,氮氧化物,,,2012,12.534
12529007,E,空氣污染物申報-一般空氣污染物,硫氧化物,,,2012,23.852000000000004
12529007,E,空氣污染物申報-一般空氣污染物,粒狀污染物,,,2012,4.598
16635562,E,空氣污染物申報-一般空氣污染物,氮氧化物,,,2012,19.412
16635562,E,空氣污染物申報-一般空氣污染物,硫氧化物,,,2012,24.2
16635562,E,空氣污染物申報-一般空氣污染物,粒狀污染物,,,2012,3.246
16635562,E,空氣污染物申報-一般空氣污染物,揮發性有機化合物,,,2012,0.014
18559415,E,空氣污染物申報-一般空氣污染物,氮氧化物,,,2012,0.359
18559415,E,空氣污染物申報-一般空氣污染物,硫氧化物,,,2012,0.519
20651901,E,空氣污染物申報-一般空氣污染物,氮氧化物,,,2012,11.155999999999999
20651901,E,空氣污染物申報-一般空氣污染物,硫氧化物,,,2012,15.566999999999998
20651901,E,空氣污染物申報-一般空氣污染物,粒狀污染物,,,2012,3.3180000000000005
20651901,E,空氣污染物申報-一般空氣污染物,揮發性有機化合物,,,2012,0.877
20927014,E,空氣污染物申報-一般空氣污染物,氮氧化物,,,2012,5.008
20927014,E,空氣污染物申報-一般空氣污染物,硫氧化物,,,2012,6.986
20927014,E,空氣污染物申報-一般空氣污染物,粒狀污染物,,,2012,3.538
20927014,E,空氣污染物申報-一般空氣污染物,揮發性有機化合物,,,2012,5.295
22102298,E,空氣污染物申報-一般空氣污染物,氮氧化物,,,2012,11.809
22102298,E,空氣污染物申報-一般空氣污染物,硫氧化物,,,2012,16.781000000000002
22102298,E,空氣污染物申報-一般空氣污染物,粒狀污染物,,,2012,84.651
22102298,E,空氣污染物申報-一般空氣污染物,揮發性有機化合物,,,2012,1.6059999999999999
22102473,E,空氣污染物申報-一般空氣污染物,氮氧化物,,,2012,31.343999999999994
22102473,E,空氣污染物申報-一般空氣污染物,硫氧化物,,,2012,46.016999999999996
22102473,E,空氣污染物申報-一般空氣污染物,粒狀污染物,,,2012,11.916
22102473,E,空氣污染物申報-一般空氣污染物,揮發性有機化合物,,,2012,0.077
34106066,E,空氣污染物申報-一般空氣污染物,氮氧化物,,,2012,0.758
35012903,E,空氣污染物申報-一般空氣污染物,氮氧化物,,,2012,0.495
35012903,E,空氣污染物申報-一般空氣污染物,硫氧化物,,,2012,0.615
36514783,E,空氣污染物申報-一般空氣污染物,氮氧化物,,,2012,35.733000000000004
36514783,E,空氣污染物申報-一般空氣污染物,硫氧化物,,,2012,42.341
36514783,E,空氣污染物申報-一般空氣污染物,粒狀污染物,,,2012,228.348
43696296,E,空氣污染物申報-一般空氣污染物,粒狀污染物,,,2012,2.526
43696296,E,空氣污染物申報-一般空氣污染物,揮發性有機化合物,,,2012,0.504
56121907,E,空氣污染物申報-一般空氣污染物,氮氧化物,,,2012,15.500999999999998
56121907,E,空氣污染物申報-一般空氣污染物,硫氧化物,,,2012,26.745
56121907,E,空氣污染物申報-一般空氣污染物,粒狀污染物,,,2012,46.65700000000001
56192402,E,空氣污染物申報-一般空氣污染物,氮氧化物,,,2012,4.524
56192402,E,空氣污染物申報-一般空氣污染物,硫氧化物,,,2012,2.121
56192402,E,空氣污染物申報-一般空氣污染物,粒狀污染物,,,2012,71.316
59661701,E,空氣污染物申報-一般空氣污染物,氮氧化物,,,2012,18.532
59661701,E,空氣污染物申報-一般空氣污染物,硫氧化物,,,2012,21.581999999999997
59661701,E,空氣污染物申報-一般空氣污染物,粒狀污染物,,,2012,8.402000000000001
65534366,E,空氣污染物申報-一般空氣污染物,氮氧化物,,,2012,3.9890000000000003
65534366,E,空氣污染物申報-一般空氣污染物,硫氧化物,,,2012,5.882
65534366,E,空氣污染物申報-一般空氣污染物,粒狀污染物,,,2012,0.724
73008303,E,空氣污染物申報-一般空氣污染物,氮氧化物,,,2012,12.165
73008303,E,空氣污染物申報-一般空氣污染物,硫氧化物,,,2012,11.799000000000001
73008303,E,空氣污染物申報-一般空氣污染物,粒狀污染物,,,2012,80.641
73251209,E,空氣污染物申報-一般空氣污染物,氮氧化物,,,2012,270.77200000000005
73251209,E,空氣污染物申報-一般空氣污染物,硫氧化物,,,2012,337.43699999999995
73251209,E,空氣污染物申報-一般空氣污染物,粒狀污染物,,,2012,32.014
73251209,E,空氣污染物申報-一般空氣污染物,揮發性有機化合物,,,2012,2.3600000000000003
76316325,E,空氣污染物申報-一般空氣污染物,氮氧化物,,,2012,11.629
76316325,E,空氣污染物申報-一般空氣污染物,硫氧化物,,,2012,18.359999999999996
76316325,E,空氣污染物申報-一般空氣污染物,粒狀污染物,,,2012,1.8489999999999998
85617982,E,空氣污染物申報-一般空氣污染物,氮氧化物,,,2012,1.3
85617982,E,空氣污染物申報-一般空氣污染物,硫氧化物,,,2012,1.876
89397503,E,空氣污染物申報-一般空氣污染物,氮氧化物,,,2012,51.18299999999999
89397503,E,空氣污染物申報-一般空氣污染物,硫氧化物,,,2012,0.089
89397503,E,空氣污染物申報-一般空氣污染物,揮發性有機化合物,,,2012,0.013000000000000001
89480404,E,空氣污染物申報-一般空氣污染物,氮氧化物,,,2012,45.328
89480404,E,空氣污染物申報-一般空氣污染物,硫氧化物,,,2012,18.982
89480404,E,空氣污染物申報-一般空氣污染物,粒狀污染物,,,2012,31.605
89480404,E,空氣污染物申報-一般空氣污染物,揮發性有機化合物,,,2012,35.147999999999996
07569627,E,空氣污染物申報-一般空氣污染物,氮氧化物,,,2012,4.8759999999999994
07569627,E,空氣污染物申報-一般空氣污染物,硫氧化物,,,2012,4.385
07569627,E,空氣污染物申報-一般空氣污染物,揮發性有機化合物,,,2012,0.038000000000000006
03794905,E,空氣污染物申報-一般空氣污染物,氮氧化物,,,2012,180.06900000000002
03794905,E,空氣污染物申報-一般空氣污染物,硫氧化物,,,2012,219.18900000000002
03794905,E,空氣污染物申報-一般空氣污染物,粒狀污染物,,,2012,85.72600000000001
03794905,E,空氣污染物申報-一般空氣污染物,揮發性有機化合物,,,2012,11.664000000000001
03543210,E,空氣污染物申報-一般空氣污染物,氮氧化物,,,2012,67.88900000000001
03543210,E,空氣污染物申報-一般空氣污染物,硫氧化物,,,2012,101.65200000000002
03543210,E,空氣污染物申報-一般空氣污染物,粒狀污染物,,,2012,48.147000000000006
07067309,E,空氣污染物申報-一般空氣污染物,氮氧化物,,,2012,14.001000000000001
07067309,E,空氣污染物申報-一般空氣污染物,硫氧化物,,,2012,19.744999999999997
07067309,E,空氣污染物申報-一般空氣污染物,粒狀污染物,,,2012,3.3890000000000002
07305506,E,空氣污染物申報-一般空氣污染物,氮氧化物,,,2012,10.407
07305506,E,空氣污染物申報-一般空氣污染物,硫氧化物,,,2012,3.001
07305506,E,空氣污染物申報-一般空氣污染物,粒狀污染物,,,2012,4.292
07305506,E,空氣污染物申報-一般空氣污染物,揮發性有機化合物,,,2012,0.136
11347802,E,空氣污染物申報-一般空氣污染物,氮氧化物,,,2013,32.34
11347802,E,空氣污染物申報-一般空氣污染物,硫氧化物,,,2013,48.05100000000001
11347802,E,空氣污染物申報-一般空氣污染物,粒狀污染物,,,2013,6.900000000000001
11996904,E,空氣污染物申報-一般空氣污染物,粒狀污染物,,,2013,85.366
12467902,E,空氣污染物申報-一般空氣污染物,氮氧化物,,,2013,1.526
12467902,E,空氣污染物申報-一般空氣污染物,硫氧化物,,,2013,2.132
12467902,E,空氣污染物申報-一般空氣污染物,粒狀污染物,,,2013,5.182
12467902,E,空氣污染物申報-一般空氣污染物,揮發性有機化合物,,,2013,21.32
12529007,E,空氣污染物申報-一般空氣污染物,氮氧化物,,,2013,13.471
12529007,E,空氣污染物申報-一般空氣污染物,硫氧化物,,,2013,16.714
12529007,E,空氣污染物申報-一般空氣污染物,粒狀污染物,,,2013,3.2329999999999997
16635562,E,空氣污染物申報-一般空氣污染物,氮氧化物,,,2013,55.382999999999996
16635562,E,空氣污染物申報-一般空氣污染物,硫氧化物,,,2013,69.162
16635562,E,空氣污染物申報-一般空氣污染物,粒狀污染物,,,2013,5.688
16635562,E,空氣污染物申報-一般空氣污染物,揮發性有機化合物,,,2013,7.3149999999999995
18559415,E,空氣污染物申報-一般空氣污染物,氮氧化物,,,2013,0.24
18559415,E,空氣污染物申報-一般空氣污染物,硫氧化物,,,2013,0.344
20651901,E,空氣污染物申報-一般空氣污染物,氮氧化物,,,2013,13.074
20651901,E,空氣污染物申報-一般空氣污染物,硫氧化物,,,2013,18.001
20651901,E,空氣污染物申報-一般空氣污染物,粒狀污染物,,,2013,4.161
20651901,E,空氣污染物申報-一般空氣污染物,揮發性有機化合物,,,2013,2.1799999999999997
20927014,E,空氣污染物申報-一般空氣污染物,氮氧化物,,,2013,9.006
20927014,E,空氣污染物申報-一般空氣污染物,硫氧化物,,,2013,11.895
20927014,E,空氣污染物申報-一般空氣污染物,粒狀污染物,,,2013,15.323999999999998
20927014,E,空氣污染物申報-一般空氣污染物,揮發性有機化合物,,,2013,30.310000000000002
22102298,E,空氣污染物申報-一般空氣污染物,氮氧化物,,,2013,2.9069999999999996
22102298,E,空氣污染物申報-一般空氣污染物,硫氧化物,,,2013,4.094
22102298,E,空氣污染物申報-一般空氣污染物,粒狀污染物,,,2013,15.575999999999999
22102298,E,空氣污染物申報-一般空氣污染物,揮發性有機化合物,,,2013,0.5700000000000001
22102473,E,空氣污染物申報-一般空氣污染物,氮氧化物,,,2013,20.37
22102473,E,空氣污染物申報-一般空氣污染物,硫氧化物,,,2013,29.858
22102473,E,空氣污染物申報-一般空氣污染物,粒狀污染物,,,2013,2.593
22102473,E,空氣污染物申報-一般空氣污染物,揮發性有機化合物,,,2013,0.055
34106066,E,空氣污染物申報-一般空氣污染物,氮氧化物,,,2013,0.382
35012903,E,空氣污染物申報-一般空氣污染物,氮氧化物,,,2013,1.827
35012903,E,空氣污染物申報-一般空氣污染物,硫氧化物,,,2013,2.633
36514783,E,空氣污染物申報-一般空氣污染物,氮氧化物,,,2013,41.065
36514783,E,空氣污染物申報-一般空氣污染物,硫氧化物,,,2013,48.23400000000001
36514783,E,空氣污染物申報-一般空氣污染物,粒狀污染物,,,2013,422.29
56121907,E,空氣污染物申報-一般空氣污染物,氮氧化物,,,2013,22.272
56121907,E,空氣污染物申報-一般空氣污染物,硫氧化物,,,2013,30.442
56121907,E,空氣污染物申報-一般空氣污染物,粒狀污染物,,,2013,46.961
56192402,E,空氣污染物申報-一般空氣污染物,氮氧化物,,,2013,3.622
56192402,E,空氣污染物申報-一般空氣污染物,硫氧化物,,,2013,1.137
56192402,E,空氣污染物申報-一般空氣污染物,粒狀污染物,,,2013,85.728
59661701,E,空氣污染物申報-一般空氣污染物,氮氧化物,,,2013,14.251000000000001
59661701,E,空氣污染物申報-一般空氣污染物,硫氧化物,,,2013,17.495999999999995
59661701,E,空氣污染物申報-一般空氣污染物,粒狀污染物,,,2013,4.114
65534366,E,空氣污染物申報-一般空氣污染物,氮氧化物,,,2013,2.8619999999999997
65534366,E,空氣污染物申報-一般空氣污染物,硫氧化物,,,2013,4.299
65534366,E,空氣污染物申報-一般空氣污染物,粒狀污染物,,,2013,0.7699999999999999
73008303,E,空氣污染物申報-一般空氣污染物,氮氧化物,,,2013,15.551
73008303,E,空氣污染物申報-一般空氣污染物,硫氧化物,,,2013,14.450000000000003
73008303,E,空氣污染物申報-一般空氣污染物,粒狀污染物,,,2013,135.447
73251209,E,空氣污染物申報-一般空氣污染物,氮氧化物,,,2013,159.146
73251209,E,空氣污染物申報-一般空氣污染物,硫氧化物,,,2013,174.88299999999998
73251209,E,空氣污染物申報-一般空氣污染物,粒狀污染物,,,2013,26.034000000000002
73251209,E,空氣污染物申報-一般空氣污染物,揮發性有機化合物,,,2013,2.1370000000000005
76316325,E,空氣污染物申報-一般空氣污染物,氮氧化物,,,2013,11.555
76316325,E,空氣污染物申報-一般空氣污染物,硫氧化物,,,2013,18.417
76316325,E,空氣污染物申報-一般空氣污染物,粒狀污染物,,,2013,1.8559999999999999
85617982,E,空氣污染物申報-一般空氣污染物,氮氧化物,,,2013,1.222
85617982,E,空氣污染物申報-一般空氣污染物,硫氧化物,,,2013,1.458
89397503,E,空氣污染物申報-一般空氣污染物,氮氧化物,,,2013,179.883
89397503,E,空氣污染物申報-一般空氣污染物,硫氧化物,,,2013,0.06
89397503,E,空氣污染物申報-一般空氣污染物,揮發性有機化合物,,,2013,0.009000000000000001
89480404,E,空氣污染物申報-一般空氣污染物,氮氧化物,,,2013,49.012
89480404,E,空氣污染物申報-一般空氣污染物,硫氧化物,,,2013,23.392
89480404,E,空氣污染物申報-一般空氣污染物,粒狀污染物,,,2013,71.245
89480404,E,空氣污染物申報-一般空氣污染物,揮發性有機化合物,,,2013,70.375
03794905,E,空氣污染物申報-一般空氣污染物,氮氧化物,,,2013,172.15400000000005
03794905,E,空氣污染物申報-一般空氣污染物,硫氧化物,,,2013,207.75700000000003
03794905,E,空氣污染物申報-一般空氣污染物,粒狀污染物,,,2013,78.07600000000001
03794905,E,空氣污染物申報-一般空氣污染物,揮發性有機化合物,,,2013,11.145999999999999
07569627,E,空氣污染物申報-一般空氣污染物,氮氧化物,,,2013,3.612
07569627,E,空氣污染物申報-一般空氣污染物,硫氧化物,,,2013,2.387
03543210,E,空氣污染物申報-一般空氣污染物,氮氧化物,,,2013,34.721000000000004
03543210,E,空氣污染物申報-一般空氣污染物,硫氧化物,,,2013,55.777
03543210,E,空氣污染物申報-一般空氣污染物,粒狀污染物,,,2013,38.156000000000006
07067309,E,空氣污染物申報-一般空氣污染物,氮氧化物,,,2013,11.18
07067309,E,空氣污染物申報-一般空氣污染物,硫氧化物,,,2013,16.162
07067309,E,空氣污染物申報-一般空氣污染物,粒狀污染物,,,2013,2.838
07305506,E,空氣污染物申報-一般空氣污染物,氮氧化物,,,2013,13.798
07305506,E,空氣污染物申報-一般空氣污染物,硫氧化物,,,2013,5.589
07305506,E,空氣污染物申報-一般空氣污染物,粒狀污染物,,,2013,8.406
07305506,E,空氣污染物申報-一般空氣污染物,揮發性有機化合物,,,2013,0.9730000000000001
11347802,E,空氣污染物申報-一般空氣污染物,氮氧化物,,,2014,17.414
11347802,E,空氣污染物申報-一般空氣污染物,硫氧化物,,,2014,26.511
11347802,E,空氣污染物申報-一般空氣污染物,粒狀污染物,,,2014,3.721
12467902,E,空氣污染物申報-一般空氣污染物,氮氧化物,,,2014,1.904
12467902,E,空氣污染物申報-一般空氣污染物,硫氧化物,,,2014,3.207
12467902,E,空氣污染物申報-一般空氣污染物,粒狀污染物,,,2014,10.057
12467902,E,空氣污染物申報-一般空氣污染物,揮發性有機化合物,,,2014,35.159
12529007,E,空氣污染物申報-一般空氣污染物,氮氧化物,,,2014,31.362
12529007,E,空氣污染物申報-一般空氣污染物,硫氧化物,,,2014,22.059
12529007,E,空氣污染物申報-一般空氣污染物,粒狀污染物,,,2014,4.949
16635562,E,空氣污染物申報-一般空氣污染物,氮氧化物,,,2014,50.427
16635562,E,空氣污染物申報-一般空氣污染物,硫氧化物,,,2014,62.843
16635562,E,空氣污染物申報-一般空氣污染物,粒狀污染物,,,2014,11.722999999999999
16635562,E,空氣污染物申報-一般空氣污染物,揮發性有機化合物,,,2014,11.779
18559415,E,空氣污染物申報-一般空氣污染物,氮氧化物,,,2014,0.315
18559415,E,空氣污染物申報-一般空氣污染物,硫氧化物,,,2014,0.45600000000000007
20651901,E,空氣污染物申報-一般空氣污染物,氮氧化物,,,2014,26.093000000000004
20651901,E,空氣污染物申報-一般空氣污染物,硫氧化物,,,2014,36.009
20651901,E,空氣污染物申報-一般空氣污染物,粒狀污染物,,,2014,2.9240000000000004
20651901,E,空氣污染物申報-一般空氣污染物,揮發性有機化合物,,,2014,2.475
20927014,E,空氣污染物申報-一般空氣污染物,氮氧化物,,,2014,11.666
20927014,E,空氣污染物申報-一般空氣污染物,硫氧化物,,,2014,15.400000000000002
20927014,E,空氣污染物申報-一般空氣污染物,粒狀污染物,,,2014,12.039
20927014,E,空氣污染物申報-一般空氣污染物,揮發性有機化合物,,,2014,28.069999999999997
22102298,E,空氣污染物申報-一般空氣污染物,氮氧化物,,,2014,4.757
22102298,E,空氣污染物申報-一般空氣污染物,硫氧化物,,,2014,6.088
22102298,E,空氣污染物申報-一般空氣污染物,粒狀污染物,,,2014,17.292
22102298,E,空氣污染物申報-一般空氣污染物,揮發性有機化合物,,,2014,0.588
22102473,E,空氣污染物申報-一般空氣污染物,氮氧化物,,,2014,22.096999999999998
22102473,E,空氣污染物申報-一般空氣污染物,硫氧化物,,,2014,33.105000000000004
22102473,E,空氣污染物申報-一般空氣污染物,粒狀污染物,,,2014,3.6789999999999994
22102473,E,空氣污染物申報-一般空氣污染物,揮發性有機化合物,,,2014,0.09999999999999999
34106066,E,空氣污染物申報-一般空氣污染物,氮氧化物,,,2014,0.778
35012903,E,空氣污染物申報-一般空氣污染物,氮氧化物,,,2014,0.9
35012903,E,空氣污染物申報-一般空氣污染物,硫氧化物,,,2014,1.3410000000000002
36514783,E,空氣污染物申報-一般空氣污染物,氮氧化物,,,2014,14.251000000000003
36514783,E,空氣污染物申報-一般空氣污染物,硫氧化物,,,2014,15.468
36514783,E,空氣污染物申報-一般空氣污染物,粒狀污染物,,,2014,118.57100000000001
56121907,E,空氣污染物申報-一般空氣污染物,氮氧化物,,,2014,41.958999999999996
56121907,E,空氣污染物申報-一般空氣污染物,硫氧化物,,,2014,68.38800000000002
56121907,E,空氣污染物申報-一般空氣污染物,粒狀污染物,,,2014,25.967
56192402,E,空氣污染物申報-一般空氣污染物,氮氧化物,,,2014,4.677999999999998
56192402,E,空氣污染物申報-一般空氣污染物,硫氧化物,,,2014,1.093
56192402,E,空氣污染物申報-一般空氣污染物,粒狀污染物,,,2014,88.046
59661701,E,空氣污染物申報-一般空氣污染物,氮氧化物,,,2014,25.694000000000003
59661701,E,空氣污染物申報-一般空氣污染物,硫氧化物,,,2014,30.584
59661701,E,空氣污染物申報-一般空氣污染物,粒狀污染物,,,2014,7.463
59661701,E,空氣污染物申報-一般空氣污染物,揮發性有機化合物,,,2014,0.02
65534366,E,空氣污染物申報-一般空氣污染物,氮氧化物,,,2014,0.77
65534366,E,空氣污染物申報-一般空氣污染物,硫氧化物,,,2014,1.272
65534366,E,空氣污染物申報-一般空氣污染物,粒狀污染物,,,2014,0.198
73008303,E,空氣污染物申報-一般空氣污染物,氮氧化物,,,2014,15.683000000000003
73008303,E,空氣污染物申報-一般空氣污染物,硫氧化物,,,2014,17.244999999999997
73008303,E,空氣污染物申報-一般空氣污染物,粒狀污染物,,,2014,119.573
73251209,E,空氣污染物申報-一般空氣污染物,氮氧化物,,,2014,123.29999999999997
73251209,E,空氣污染物申報-一般空氣污染物,硫氧化物,,,2014,133.50900000000001
73251209,E,空氣污染物申報-一般空氣污染物,粒狀污染物,,,2014,23.797
73251209,E,空氣污染物申報-一般空氣污染物,揮發性有機化合物,,,2014,1.048
76316325,E,空氣污染物申報-一般空氣污染物,氮氧化物,,,2014,8.370000000000001
76316325,E,空氣污染物申報-一般空氣污染物,硫氧化物,,,2014,13.047999999999998
76316325,E,空氣污染物申報-一般空氣污染物,粒狀污染物,,,2014,1.101
85617982,E,空氣污染物申報-一般空氣污染物,氮氧化物,,,2014,2.059
85617982,E,空氣污染物申報-一般空氣污染物,硫氧化物,,,2014,2.846
89397503,E,空氣污染物申報-一般空氣污染物,氮氧化物,,,2014,24.528999999999996
89397503,E,空氣污染物申報-一般空氣污染物,硫氧化物,,,2014,0.042
89397503,E,空氣污染物申報-一般空氣污染物,揮發性有機化合物,,,2014,0.01
89480404,E,空氣污染物申報-一般空氣污染物,氮氧化物,,,2014,49.028
89480404,E,空氣污染物申報-一般空氣污染物,硫氧化物,,,2014,22.216
89480404,E,空氣污染物申報-一般空氣污染物,粒狀污染物,,,2014,34.424
89480404,E,空氣污染物申報-一般空氣污染物,揮發性有機化合物,,,2014,47.891999999999996
03543210,E,空氣污染物申報-一般空氣污染物,氮氧化物,,,2014,55.221999999999994
03543210,E,空氣污染物申報-一般空氣污染物,硫氧化物,,,2014,80.32000000000001
03543210,E,空氣污染物申報-一般空氣污染物,粒狀污染物,,,2014,50.687000000000005
07569627,E,空氣污染物申報-一般空氣污染物,氮氧化物,,,2014,6.1610000000000005
07569627,E,空氣污染物申報-一般空氣污染物,硫氧化物,,,2014,6.919
03794905,E,空氣污染物申報-一般空氣污染物,氮氧化物,,,2014,192.591
03794905,E,空氣污染物申報-一般空氣污染物,硫氧化物,,,2014,211.356
03794905,E,空氣污染物申報-一般空氣污染物,粒狀污染物,,,2014,85.044
03794905,E,空氣污染物申報-一般空氣污染物,揮發性有機化合物,,,2014,7.575
07305506,E,空氣污染物申報-一般空氣污染物,氮氧化物,,,2014,41.397999999999996
07305506,E,空氣污染物申報-一般空氣污染物,硫氧化物,,,2014,3.33
07305506,E,空氣污染物申報-一般空氣污染物,粒狀污染物,,,2014,12.358
07305506,E,空氣污染物申報-一般空氣污染物,揮發性有機化合物,,,2014,1.508
07067309,E,空氣污染物申報-一般空氣污染物,氮氧化物,,,2014,11.079
07067309,E,空氣污染物申報-一般空氣污染物,硫氧化物,,,2014,16.262
07067309,E,空氣污染物申報-一般空氣污染物,粒狀污染物,,,2014,3.127
11347802,E,空氣污染物申報-一般空氣污染物,氮氧化物,,,2015,23.716999999999995
11347802,E,空氣污染物申報-一般空氣污染物,硫氧化物,,,2015,35.848
11347802,E,空氣污染物申報-一般空氣污染物,粒狀污染物,,,2015,4.572999999999999
12467902,E,空氣污染物申報-一般空氣污染物,氮氧化物,,,2015,6.093999999999999
12467902,E,空氣污染物申報-一般空氣污染物,硫氧化物,,,2015,8.022
12467902,E,空氣污染物申報-一般空氣污染物,粒狀污染物,,,2015,26.788000000000004
12467902,E,空氣污染物申報-一般空氣污染物,揮發性有機化合物,,,2015,66.343
12529007,E,空氣污染物申報-一般空氣污染物,氮氧化物,,,2015,21.798000000000002
12529007,E,空氣污染物申報-一般空氣污染物,硫氧化物,,,2015,6.126
12529007,E,空氣污染物申報-一般空氣污染物,粒狀污染物,,,2015,3.1290000000000004
16635562,E,空氣污染物申報-一般空氣污染物,氮氧化物,,,2015,57.485
16635562,E,空氣污染物申報-一般空氣污染物,硫氧化物,,,2015,61.311
16635562,E,空氣污染物申報-一般空氣污染物,粒狀污染物,,,2015,5.812
16635562,E,空氣污染物申報-一般空氣污染物,揮發性有機化合物,,,2015,5.019
18559415,E,空氣污染物申報-一般空氣污染物,氮氧化物,,,2015,0.238
18559415,E,空氣污染物申報-一般空氣污染物,硫氧化物,,,2015,0.346
20651901,E,空氣污染物申報-一般空氣污染物,氮氧化物,,,2015,29.487
20651901,E,空氣污染物申報-一般空氣污染物,硫氧化物,,,2015,39.96600000000001
20651901,E,空氣污染物申報-一般空氣污染物,粒狀污染物,,,2015,3.7780000000000005
20651901,E,空氣污染物申報-一般空氣污染物,揮發性有機化合物,,,2015,3.198
20927014,E,空氣污染物申報-一般空氣污染物,氮氧化物,,,2015,6.4830000000000005
20927014,E,空氣污染物申報-一般空氣污染物,硫氧化物,,,2015,8.589
20927014,E,空氣污染物申報-一般空氣污染物,粒狀污染物,,,2015,21.426000000000002
20927014,E,空氣污染物申報-一般空氣污染物,揮發性有機化合物,,,2015,19.317
22102298,E,空氣污染物申報-一般空氣污染物,氮氧化物,,,2015,2.804
22102298,E,空氣污染物申報-一般空氣污染物,粒狀污染物,,,2015,9.52
22102298,E,空氣污染物申報-一般空氣污染物,揮發性有機化合物,,,2015,2.173
22102473,E,空氣污染物申報-一般空氣污染物,氮氧化物,,,2015,28.048999999999996
22102473,E,空氣污染物申報-一般空氣污染物,硫氧化物,,,2015,41.347
22102473,E,空氣污染物申報-一般空氣污染物,粒狀污染物,,,2015,5.986
22102473,E,空氣污染物申報-一般空氣污染物,揮發性有機化合物,,,2015,0.14
34106066,E,空氣污染物申報-一般空氣污染物,氮氧化物,,,2015,1.048
35012903,E,空氣污染物申報-一般空氣污染物,氮氧化物,,,2015,0.572
35012903,E,空氣污染物申報-一般空氣污染物,硫氧化物,,,2015,0.915
36514783,E,空氣污染物申報-一般空氣污染物,氮氧化物,,,2015,13.551000000000002
36514783,E,空氣污染物申報-一般空氣污染物,硫氧化物,,,2015,15.831
36514783,E,空氣污染物申報-一般空氣污染物,粒狀污染物,,,2015,18.323
56121907,E,空氣污染物申報-一般空氣污染物,氮氧化物,,,2015,18.712
56121907,E,空氣污染物申報-一般空氣污染物,硫氧化物,,,2015,9.137
56121907,E,空氣污染物申報-一般空氣污染物,粒狀污染物,,,2015,4.672
56192402,E,空氣污染物申報-一般空氣污染物,氮氧化物,,,2015,2.7399999999999998
56192402,E,空氣污染物申報-一般空氣污染物,硫氧化物,,,2015,0.613
56192402,E,空氣污染物申報-一般空氣污染物,粒狀污染物,,,2015,47.821000000000005
59661701,E,空氣污染物申報-一般空氣污染物,氮氧化物,,,2015,7.380000000000001
59661701,E,空氣污染物申報-一般空氣污染物,硫氧化物,,,2015,6.148
59661701,E,空氣污染物申報-一般空氣污染物,粒狀污染物,,,2015,5.882
59661701,E,空氣污染物申報-一般空氣污染物,揮發性有機化合物,,,2015,0.003
65534366,E,空氣污染物申報-一般空氣污染物,氮氧化物,,,2015,0.813
65534366,E,空氣污染物申報-一般空氣污染物,硫氧化物,,,2015,1.3119999999999998
65534366,E,空氣污染物申報-一般空氣污染物,粒狀污染物,,,2015,0.149
73008303,E,空氣污染物申報-一般空氣污染物,氮氧化物,,,2015,9.249
73008303,E,空氣污染物申報-一般空氣污染物,硫氧化物,,,2015,9.033999999999999
73008303,E,空氣污染物申報-一般空氣污染物,粒狀污染物,,,2015,59.92899999999999
73251209,E,空氣污染物申報-一般空氣污染物,氮氧化物,,,2015,84.815
73251209,E,空氣污染物申報-一般空氣污染物,硫氧化物,,,2015,65.05199999999999
73251209,E,空氣污染物申報-一般空氣污染物,粒狀污染物,,,2015,12.317999999999998
73251209,E,空氣污染物申報-一般空氣污染物,揮發性有機化合物,,,2015,1.674
76316325,E,空氣污染物申報-一般空氣污染物,氮氧化物,,,2015,20.343999999999998
76316325,E,空氣污染物申報-一般空氣污染物,硫氧化物,,,2015,30.343999999999998
76316325,E,空氣污染物申報-一般空氣污染物,粒狀污染物,,,2015,3.602
85617982,E,空氣污染物申報-一般空氣污染物,氮氧化物,,,2015,1.123
85617982,E,空氣污染物申報-一般空氣污染物,硫氧化物,,,2015,1.5930000000000002
89397503,E,空氣污染物申報-一般空氣污染物,氮氧化物,,,2015,72.795
89397503,E,空氣污染物申報-一般空氣污染物,硫氧化物,,,2015,0.095
89397503,E,空氣污染物申報-一般空氣污染物,揮發性有機化合物,,,2015,0.01
89480404,E,空氣污染物申報-一般空氣污染物,氮氧化物,,,2015,43.398
89480404,E,空氣污染物申報-一般空氣污染物,硫氧化物,,,2015,46.216
89480404,E,空氣污染物申報-一般空氣污染物,粒狀污染物,,,2015,12.286
89480404,E,空氣污染物申報-一般空氣污染物,揮發性有機化合物,,,2015,21.734
03794905,E,空氣污染物申報-一般空氣污染物,氮氧化物,,,2015,123.43700000000003
03794905,E,空氣污染物申報-一般空氣污染物,硫氧化物,,,2015,145.89800000000002
03794905,E,空氣污染物申報-一般空氣污染物,粒狀污染物,,,2015,94.907
03794905,E,空氣污染物申報-一般空氣污染物,揮發性有機化合物,,,2015,8.793
03543210,E,空氣污染物申報-一般空氣污染物,氮氧化物,,,2015,42.063
03543210,E,空氣污染物申報-一般空氣污染物,硫氧化物,,,2015,63.294
03543210,E,空氣污染物申報-一般空氣污染物,粒狀污染物,,,2015,21.554000000000002
07067309,E,空氣污染物申報-一般空氣污染物,氮氧化物,,,2015,14.487999999999998
07067309,E,空氣污染物申報-一般空氣污染物,硫氧化物,,,2015,21.592
07067309,E,空氣污染物申報-一般空氣污染物,粒狀污染物,,,2015,4.241999999999999
07569627,E,空氣污染物申報-一般空氣污染物,氮氧化物,,,2015,5.258
07569627,E,空氣污染物申報-一般空氣污染物,硫氧化物,,,2015,6.443
07569627,E,空氣污染物申報-一般空氣污染物,粒狀污染物,,,2015,0.002
07305506,E,空氣污染物申報-一般空氣污染物,氮氧化物,,,2015,32.504999999999995
07305506,E,空氣污染物申報-一般空氣污染物,硫氧化物,,,2015,2.2169999999999996
07305506,E,空氣污染物申報-一般空氣污染物,粒狀污染物,,,2015,10.158
07305506,E,空氣污染物申報-一般空氣污染物,揮發性有機化合物,,,2015,13.647
11347802,E,空氣污染物申報-一般空氣污染物,氮氧化物,,,2016,27.870000000000005
11347802,E,空氣污染物申報-一般空氣污染物,硫氧化物,,,2016,40.80199999999999
11347802,E,空氣污染物申報-一般空氣污染物,粒狀污染物,,,2016,4.5809999999999995
12467902,E,空氣污染物申報-一般空氣污染物,氮氧化物,,,2016,2.384
12467902,E,空氣污染物申報-一般空氣污染物,硫氧化物,,,2016,3.0009999999999994
12467902,E,空氣污染物申報-一般空氣污染物,粒狀污染物,,,2016,13.293
12467902,E,空氣污染物申報-一般空氣污染物,揮發性有機化合物,,,2016,37.32
12529007,E,空氣污染物申報-一般空氣污染物,氮氧化物,,,2016,45.654
12529007,E,空氣污染物申報-一般空氣污染物,硫氧化物,,,2016,12.023
12529007,E,空氣污染物申報-一般空氣污染物,粒狀污染物,,,2016,7.354
16635562,E,空氣污染物申報-一般空氣污染物,氮氧化物,,,2016,51.361
16635562,E,空氣污染物申報-一般空氣污染物,硫氧化物,,,2016,55.35
16635562,E,空氣污染物申報-一般空氣污染物,粒狀污染物,,,2016,9.681000000000001
16635562,E,空氣污染物申報-一般空氣污染物,揮發性有機化合物,,,2016,10.146999999999998
18559415,E,空氣污染物申報-一般空氣污染物,氮氧化物,,,2016,0.187
18559415,E,空氣污染物申報-一般空氣污染物,硫氧化物,,,2016,0.269
20651901,E,空氣污染物申報-一般空氣污染物,氮氧化物,,,2016,31.031
20651901,E,空氣污染物申報-一般空氣污染物,硫氧化物,,,2016,41.37
20651901,E,空氣污染物申報-一般空氣污染物,粒狀污染物,,,2016,4.324
20651901,E,空氣污染物申報-一般空氣污染物,揮發性有機化合物,,,2016,1.397
20927014,E,空氣污染物申報-一般空氣污染物,氮氧化物,,,2016,5.256
20927014,E,空氣污染物申報-一般空氣污染物,硫氧化物,,,2016,6.809
20927014,E,空氣污染物申報-一般空氣污染物,粒狀污染物,,,2016,2.99
20927014,E,空氣污染物申報-一般空氣污染物,揮發性有機化合物,,,2016,5.884
22102298,E,空氣污染物申報-一般空氣污染物,氮氧化物,,,2016,2.224
22102298,E,空氣污染物申報-一般空氣污染物,粒狀污染物,,,2016,0.109
22102298,E,空氣污染物申報-一般空氣污染物,揮發性有機化合物,,,2016,2.097
22102473,E,空氣污染物申報-一般空氣污染物,氮氧化物,,,2016,31.346000000000004
22102473,E,空氣污染物申報-一般空氣污染物,硫氧化物,,,2016,40.349
22102473,E,空氣污染物申報-一般空氣污染物,粒狀污染物,,,2016,6.3069999999999995
22102473,E,空氣污染物申報-一般空氣污染物,揮發性有機化合物,,,2016,0.43800000000000006
34106066,E,空氣污染物申報-一般空氣污染物,氮氧化物,,,2016,1.164
35012903,E,空氣污染物申報-一般空氣污染物,氮氧化物,,,2016,2.918
35012903,E,空氣污染物申報-一般空氣污染物,硫氧化物,,,2016,4.615
36514783,E,空氣污染物申報-一般空氣污染物,氮氧化物,,,2016,9.919
36514783,E,空氣污染物申報-一般空氣污染物,硫氧化物,,,2016,6.316
36514783,E,空氣污染物申報-一般空氣污染物,粒狀污染物,,,2016,69.043
56121907,E,空氣污染物申報-一般空氣污染物,氮氧化物,,,2016,112.53
56121907,E,空氣污染物申報-一般空氣污染物,硫氧化物,,,2016,55.961999999999996
56121907,E,空氣污染物申報-一般空氣污染物,粒狀污染物,,,2016,16.899
56192402,E,空氣污染物申報-一般空氣污染物,氮氧化物,,,2016,4.511
56192402,E,空氣污染物申報-一般空氣污染物,硫氧化物,,,2016,0.754
56192402,E,空氣污染物申報-一般空氣污染物,粒狀污染物,,,2016,47.607
59661701,E,空氣污染物申報-一般空氣污染物,氮氧化物,,,2016,6.3100000000000005
59661701,E,空氣污染物申報-一般空氣污染物,硫氧化物,,,2016,5.054
59661701,E,空氣污染物申報-一般空氣污染物,粒狀污染物,,,2016,9.054
65534366,E,空氣污染物申報-一般空氣污染物,氮氧化物,,,2016,1.452
65534366,E,空氣污染物申報-一般空氣污染物,硫氧化物,,,2016,2.2920000000000003
65534366,E,空氣污染物申報-一般空氣污染物,粒狀污染物,,,2016,0.29500000000000004
73008303,E,空氣污染物申報-一般空氣污染物,氮氧化物,,,2016,11.659999999999998
73008303,E,空氣污染物申報-一般空氣污染物,硫氧化物,,,2016,14.164000000000001
73008303,E,空氣污染物申報-一般空氣污染物,粒狀污染物,,,2016,48.835
73251209,E,空氣污染物申報-一般空氣污染物,氮氧化物,,,2016,78.34499999999998
73251209,E,空氣污染物申報-一般空氣污染物,硫氧化物,,,2016,46.208999999999996
73251209,E,空氣污染物申報-一般空氣污染物,粒狀污染物,,,2016,12.159999999999998
73251209,E,空氣污染物申報-一般空氣污染物,揮發性有機化合物,,,2016,2.1810000000000005
76316325,E,空氣污染物申報-一般空氣污染物,氮氧化物,,,2016,12.043
76316325,E,空氣污染物申報-一般空氣污染物,硫氧化物,,,2016,17.444
76316325,E,空氣污染物申報-一般空氣污染物,粒狀污染物,,,2016,1.3379999999999999
85617982,E,空氣污染物申報-一般空氣污染物,氮氧化物,,,2016,1.402
85617982,E,空氣污染物申報-一般空氣污染物,硫氧化物,,,2016,2.02
89397503,E,空氣污染物申報-一般空氣污染物,氮氧化物,,,2016,31.77
89397503,E,空氣污染物申報-一般空氣污染物,硫氧化物,,,2016,0.28700000000000003
89397503,E,空氣污染物申報-一般空氣污染物,揮發性有機化合物,,,2016,0.009000000000000001
89480404,E,空氣污染物申報-一般空氣污染物,氮氧化物,,,2016,58.205
89480404,E,空氣污染物申報-一般空氣污染物,硫氧化物,,,2016,41.518
89480404,E,空氣污染物申報-一般空氣污染物,粒狀污染物,,,2016,13.841999999999999
89480404,E,空氣污染物申報-一般空氣污染物,揮發性有機化合物,,,2016,38.78
07305506,E,空氣污染物申報-一般空氣污染物,氮氧化物,,,2016,30.921999999999997
07305506,E,空氣污染物申報-一般空氣污染物,硫氧化物,,,2016,1.811
07305506,E,空氣污染物申報-一般空氣污染物,粒狀污染物,,,2016,7.247
07305506,E,空氣污染物申報-一般空氣污染物,揮發性有機化合物,,,2016,8.700000000000001
03794905,E,空氣污染物申報-一般空氣污染物,氮氧化物,,,2016,198.282
03794905,E,空氣污染物申報-一般空氣污染物,硫氧化物,,,2016,173.66199999999998
03794905,E,空氣污染物申報-一般空氣污染物,粒狀污染物,,,2016,91.13700000000001
03794905,E,空氣污染物申報-一般空氣污染物,揮發性有機化合物,,,2016,10.748999999999999
07569627,E,空氣污染物申報-一般空氣污染物,氮氧化物,,,2016,6.946999999999999
07569627,E,空氣污染物申報-一般空氣污染物,硫氧化物,,,2016,7.413
07569627,E,空氣污染物申報-一般空氣污染物,粒狀污染物,,,2016,0.6689999999999999
07067309,E,空氣污染物申報-一般空氣污染物,氮氧化物,,,2016,11.486
07067309,E,空氣污染物申報-一般空氣污染物,硫氧化物,,,2016,16.988
07067309,E,空氣污染物申報-一般空氣污染物,粒狀污染物,,,2016,2.741
03543210,E,空氣污染物申報-一般空氣污染物,氮氧化物,,,2016,40.813
03543210,E,空氣污染物申報-一般空氣污染物,硫氧化物,,,2016,61.526
03543210,E,空氣污染物申報-一般空氣污染物,粒狀污染物,,,2016,34.336999999999996
11347802,E,空氣污染物申報-一般空氣污染物,氮氧化物,,,2017,19.310999999999996
11347802,E,空氣污染物申報-一般空氣污染物,硫氧化物,,,2017,25.76
11347802,E,空氣污染物申報-一般空氣污染物,粒狀污染物,,,2017,3.158
11996904,E,空氣污染物申報-一般空氣污染物,粒狀污染物,,,2017,8.823
11996904,E,空氣污染物申報-一般空氣污染物,揮發性有機化合物,,,2017,0.001
12467902,E,空氣污染物申報-一般空氣污染物,氮氧化物,,,2017,1.611
12467902,E,空氣污染物申報-一般空氣污染物,硫氧化物,,,2017,1.702
12467902,E,空氣污染物申報-一般空氣污染物,粒狀污染物,,,2017,13.766
12467902,E,空氣污染物申報-一般空氣污染物,揮發性有機化合物,,,2017,20.024
12529007,E,空氣污染物申報-一般空氣污染物,氮氧化物,,,2017,33.618
12529007,E,空氣污染物申報-一般空氣污染物,硫氧化物,,,2017,9.338
12529007,E,空氣污染物申報-一般空氣污染物,粒狀污染物,,,2017,2.7169999999999996
16635562,E,空氣污染物申報-一般空氣污染物,氮氧化物,,,2017,52.623
16635562,E,空氣污染物申報-一般空氣污染物,硫氧化物,,,2017,56.382999999999996
16635562,E,空氣污染物申報-一般空氣污染物,粒狀污染物,,,2017,9.475999999999999
16635562,E,空氣污染物申報-一般空氣污染物,揮發性有機化合物,,,2017,6.163
16962158,E,空氣污染物申報-一般空氣污染物,氮氧化物,,,2017,0.616
16962158,E,空氣污染物申報-一般空氣污染物,揮發性有機化合物,,,2017,0.016
18559415,E,空氣污染物申報-一般空氣污染物,氮氧化物,,,2017,0.236
18559415,E,空氣污染物申報-一般空氣污染物,硫氧化物,,,2017,0.33999999999999997
20651901,E,空氣污染物申報-一般空氣污染物,氮氧化物,,,2017,9.831
20651901,E,空氣污染物申報-一般空氣污染物,硫氧化物,,,2017,8.372
20651901,E,空氣污染物申報-一般空氣污染物,粒狀污染物,,,2017,1.1460000000000001
20651901,E,空氣污染物申報-一般空氣污染物,揮發性有機化合物,,,2017,0.782
20927014,E,空氣污染物申報-一般空氣污染物,氮氧化物,,,2017,17.772
20927014,E,空氣污染物申報-一般空氣污染物,硫氧化物,,,2017,21.012999999999998
20927014,E,空氣污染物申報-一般空氣污染物,粒狀污染物,,,2017,24.855999999999998
20927014,E,空氣污染物申報-一般空氣污染物,揮發性有機化合物,,,2017,24.896
22102298,E,空氣污染物申報-一般空氣污染物,氮氧化物,,,2017,2.298
22102298,E,空氣污染物申報-一般空氣污染物,粒狀污染物,,,2017,2.589
22102298,E,空氣污染物申報-一般空氣污染物,揮發性有機化合物,,,2017,2.1980000000000004
22102473,E,空氣污染物申報-一般空氣污染物,氮氧化物,,,2017,14.907
22102473,E,空氣污染物申報-一般空氣污染物,硫氧化物,,,2017,18.497
22102473,E,空氣污染物申報-一般空氣污染物,粒狀污染物,,,2017,2.8819999999999997
22102473,E,空氣污染物申報-一般空氣污染物,揮發性有機化合物,,,2017,0.277
22102473,E,空氣污染物申報-有害空氣污染物,三氯甲烷,,,2017,0.02
22102473,E,空氣污染物申報-有害空氣污染物,二氯甲烷,,,2017,0.005
34106066,E,空氣污染物申報-一般空氣污染物,氮氧化物,,,2017,0.624
35012903,E,空氣污染物申報-一般空氣污染物,氮氧化物,,,2017,2.567
35012903,E,空氣污染物申報-一般空氣污染物,硫氧化物,,,2017,4.143
36514783,E,空氣污染物申報-一般空氣污染物,氮氧化物,,,2017,26.174000000000003
36514783,E,空氣污染物申報-一般空氣污染物,硫氧化物,,,2017,23.914
36514783,E,空氣污染物申報-一般空氣污染物,粒狀污染物,,,2017,88.682
56121907,E,空氣污染物申報-一般空氣污染物,氮氧化物,,,2017,88.339
56121907,E,空氣污染物申報-一般空氣污染物,硫氧化物,,,2017,89.356
56121907,E,空氣污染物申報-一般空氣污染物,粒狀污染物,,,2017,15.975999999999997
56192402,E,空氣污染物申報-一般空氣污染物,氮氧化物,,,2017,7.444
56192402,E,空氣污染物申報-一般空氣污染物,硫氧化物,,,2017,1.425
56192402,E,空氣污染物申報-一般空氣污染物,粒狀污染物,,,2017,79.121
56192402,E,空氣污染物申報-一般空氣污染物,揮發性有機化合物,,,2017,0.002
59661701,E,空氣污染物申報-一般空氣污染物,氮氧化物,,,2017,5.965999999999999
59661701,E,空氣污染物申報-一般空氣污染物,硫氧化物,,,2017,4.3020000000000005
59661701,E,空氣污染物申報-一般空氣污染物,粒狀污染物,,,2017,7.269
65534366,E,空氣污染物申報-一般空氣污染物,氮氧化物,,,2017,4.0440000000000005
65534366,E,空氣污染物申報-一般空氣污染物,硫氧化物,,,2017,6.140000000000001
65534366,E,空氣污染物申報-一般空氣污染物,粒狀污染物,,,2017,0.9129999999999999
73008303,E,空氣污染物申報-一般空氣污染物,氮氧化物,,,2017,12.018999999999998
73008303,E,空氣污染物申報-一般空氣污染物,硫氧化物,,,2017,10.979000000000001
73008303,E,空氣污染物申報-一般空氣污染物,粒狀污染物,,,2017,54.111000000000004
73251209,E,空氣污染物申報-一般空氣污染物,氮氧化物,,,2017,48.48699999999999
73251209,E,空氣污染物申報-一般空氣污染物,硫氧化物,,,2017,21.864
73251209,E,空氣污染物申報-一般空氣污染物,粒狀污染物,,,2017,2.5710000000000006
73251209,E,空氣污染物申報-一般空氣污染物,揮發性有機化合物,,,2017,2.236
73251209,E,空氣污染物申報-有害空氣污染物,三氯甲烷,,,2017,0.003
73251209,E,空氣污染物申報-有害空氣污染物,二氯甲烷,,,2017,0.004
76316325,E,空氣污染物申報-一般空氣污染物,氮氧化物,,,2017,11.248
76316325,E,空氣污染物申報-一般空氣污染物,硫氧化物,,,2017,15.57
76316325,E,空氣污染物申報-一般空氣污染物,粒狀污染物,,,2017,1.5969999999999998
85617982,E,空氣污染物申報-一般空氣污染物,氮氧化物,,,2017,0.981
85617982,E,空氣污染物申報-一般空氣污染物,硫氧化物,,,2017,1.413
89397503,E,空氣污染物申報-一般空氣污染物,氮氧化物,,,2017,38.70099999999999
89397503,E,空氣污染物申報-一般空氣污染物,硫氧化物,,,2017,0.137
89397503,E,空氣污染物申報-一般空氣污染物,揮發性有機化合物,,,2017,0.057999999999999996
89480404,E,空氣污染物申報-一般空氣污染物,氮氧化物,,,2017,75.23400000000001
89480404,E,空氣污染物申報-一般空氣污染物,硫氧化物,,,2017,28.659
89480404,E,空氣污染物申報-一般空氣污染物,粒狀污染物,,,2017,17.863
89480404,E,空氣污染物申報-一般空氣污染物,揮發性有機化合物,,,2017,50.367
03794905,E,空氣污染物申報-一般空氣污染物,氮氧化物,,,2017,164.52599999999998
03794905,E,空氣污染物申報-一般空氣污染物,硫氧化物,,,2017,134.478
03794905,E,空氣污染物申報-一般空氣污染物,粒狀污染物,,,2017,49.253
03794905,E,空氣污染物申報-一般空氣污染物,揮發性有機化合物,,,2017,4.061
07569627,E,空氣污染物申報-一般空氣污染物,氮氧化物,,,2017,9.058
07569627,E,空氣污染物申報-一般空氣污染物,硫氧化物,,,2017,9.315999999999999
07569627,E,空氣污染物申報-一般空氣污染物,粒狀污染物,,,2017,1.1740000000000002
07305506,E,空氣污染物申報-一般空氣污染物,氮氧化物,,,2017,29.171
07305506,E,空氣污染物申報-一般空氣污染物,硫氧化物,,,2017,2.265
07305506,E,空氣污染物申報-一般空氣污染物,粒狀污染物,,,2017,3.803
07305506,E,空氣污染物申報-一般空氣污染物,揮發性有機化合物,,,2017,3.157
03543210,E,空氣污染物申報-一般空氣污染物,氮氧化物,,,2017,29.855000000000004
03543210,E,空氣污染物申報-一般空氣污染物,硫氧化物,,,2017,42.796
03543210,E,空氣污染物申報-一般空氣污染物,粒狀污染物,,,2017,44.723
07067309,E,空氣污染物申報-一般空氣污染物,氮氧化物,,,2017,11.058
07067309,E,空氣污染物申報-一般空氣污染物,硫氧化物,,,2017,16.096
07067309,E,空氣污染物申報-一般空氣污染物,粒狀污染物,,,2017,2.457
11347802,E,空氣污染物申報-一般空氣污染物,氮氧化物,,,2018,16.393
11347802,E,空氣污染物申報-一般空氣污染物,硫氧化物,,,2018,19.295
11347802,E,空氣污染物申報-一般空氣污染物,粒狀污染物,,,2018,1.652
11347802,E,空氣污染物申報-一般空氣污染物,揮發性有機化合物,,,2018,0.014000000000000002
11996904,E,空氣污染物申報-一般空氣污染物,粒狀污染物,,,2018,29.037
11996904,E,空氣污染物申報-一般空氣污染物,揮發性有機化合物,,,2018,0.007
12467902,E,空氣污染物申報-一般空氣污染物,氮氧化物,,,2018,2.217
12467902,E,空氣污染物申報-一般空氣污染物,粒狀污染物,,,2018,13.088000000000001
12467902,E,空氣污染物申報-一般空氣污染物,揮發性有機化合物,,,2018,44.70400000000001
12529007,E,空氣污染物申報-一般空氣污染物,氮氧化物,,,2018,31.897000000000002
12529007,E,空氣污染物申報-一般空氣污染物,硫氧化物,,,2018,13.895
12529007,E,空氣污染物申報-一般空氣污染物,粒狀污染物,,,2018,3.3370000000000006
12529007,E,空氣污染物申報-有害空氣污染物,戴奧辛,,,2018,0.003
16635562,E,空氣污染物申報-一般空氣污染物,氮氧化物,,,2018,13.939
16635562,E,空氣污染物申報-一般空氣污染物,硫氧化物,,,2018,13.407
16635562,E,空氣污染物申報-一般空氣污染物,粒狀污染物,,,2018,1.306
16635562,E,空氣污染物申報-一般空氣污染物,揮發性有機化合物,,,2018,7.142
16962158,E,空氣污染物申報-一般空氣污染物,氮氧化物,,,2018,1.474
16962158,E,空氣污染物申報-一般空氣污染物,粒狀污染物,,,2018,0.031
16962158,E,空氣污染物申報-一般空氣污染物,揮發性有機化合物,,,2018,0.107
18559415,E,空氣污染物申報-一般空氣污染物,氮氧化物,,,2018,0.383
18559415,E,空氣污染物申報-一般空氣污染物,硫氧化物,,,2018,0.5509999999999999
18559415,E,空氣污染物申報-一般空氣污染物,粒狀污染物,,,2018,0.045
20651901,E,空氣污染物申報-一般空氣污染物,氮氧化物,,,2018,5.212000000000001
20651901,E,空氣污染物申報-一般空氣污染物,硫氧化物,,,2018,1.6260000000000001
20651901,E,空氣污染物申報-一般空氣污染物,粒狀污染物,,,2018,0.28
20651901,E,空氣污染物申報-一般空氣污染物,揮發性有機化合物,,,2018,0.72
20927014,E,空氣污染物申報-一般空氣污染物,氮氧化物,,,2018,1.458
20927014,E,空氣污染物申報-一般空氣污染物,硫氧化物,,,2018,2.1
20927014,E,空氣污染物申報-一般空氣污染物,粒狀污染物,,,2018,1.562
20927014,E,空氣污染物申報-一般空氣污染物,揮發性有機化合物,,,2018,8.114
22102298,E,空氣污染物申報-一般空氣污染物,氮氧化物,,,2018,1.133
22102298,E,空氣污染物申報-一般空氣污染物,粒狀污染物,,,2018,1.484
22102298,E,空氣污染物申報-一般空氣污染物,揮發性有機化合物,,,2018,0.133
22102473,E,空氣污染物申報-一般空氣污染物,氮氧化物,,,2018,11.080000000000002
22102473,E,空氣污染物申報-一般空氣污染物,硫氧化物,,,2018,7.212
22102473,E,空氣污染物申報-一般空氣污染物,粒狀污染物,,,2018,1.1440000000000001
22102473,E,空氣污染物申報-一般空氣污染物,揮發性有機化合物,,,2018,0.498
22102473,E,空氣污染物申報-有害空氣污染物,三氯甲烷,,,2018,0.018000000000000002
34106066,E,空氣污染物申報-一般空氣污染物,氮氧化物,,,2018,0.603
34106066,E,空氣污染物申報-一般空氣污染物,粒狀污染物,,,2018,0.004
35012903,E,空氣污染物申報-一般空氣污染物,氮氧化物,,,2018,0.236
35012903,E,空氣污染物申報-一般空氣污染物,粒狀污染物,,,2018,0.004
36514783,E,空氣污染物申報-一般空氣污染物,氮氧化物,,,2018,24.213000000000005
36514783,E,空氣污染物申報-一般空氣污染物,硫氧化物,,,2018,26.139
36514783,E,空氣污染物申報-一般空氣污染物,粒狀污染物,,,2018,41.779999999999994
56121907,E,空氣污染物申報-一般空氣污染物,氮氧化物,,,2018,57.98
56121907,E,空氣污染物申報-一般空氣污染物,硫氧化物,,,2018,121.27799999999999
56121907,E,空氣污染物申報-一般空氣污染物,粒狀污染物,,,2018,17.561
56121907,E,空氣污染物申報-有害空氣污染物,戴奧辛,,,2018,0.012
56121907,E,空氣污染物申報-有害空氣污染物,重金屬,,,2018,0.008
56192402,E,空氣污染物申報-一般空氣污染物,氮氧化物,,,2018,4.2940000000000005
56192402,E,空氣污染物申報-一般空氣污染物,粒狀污染物,,,2018,42.197
56192402,E,空氣污染物申報-一般空氣污染物,揮發性有機化合物,,,2018,0.005
59661701,E,空氣污染物申報-一般空氣污染物,氮氧化物,,,2018,6.400000000000001
59661701,E,空氣污染物申報-一般空氣污染物,硫氧化物,,,2018,6.494999999999999
59661701,E,空氣污染物申報-一般空氣污染物,粒狀污染物,,,2018,2.201
65534366,E,空氣污染物申報-一般空氣污染物,氮氧化物,,,2018,4.822
65534366,E,空氣污染物申報-一般空氣污染物,硫氧化物,,,2018,7.352
65534366,E,空氣污染物申報-一般空氣污染物,粒狀污染物,,,2018,0.9959999999999999
73008303,E,空氣污染物申報-一般空氣污染物,氮氧化物,,,2018,15.024000000000003
73008303,E,空氣污染物申報-一般空氣污染物,硫氧化物,,,2018,9.624
73008303,E,空氣污染物申報-一般空氣污染物,粒狀污染物,,,2018,67.04100000000001
73251209,E,空氣污染物申報-一般空氣污染物,氮氧化物,,,2018,37.684
73251209,E,空氣污染物申報-一般空氣污染物,硫氧化物,,,2018,26.69400000000001
73251209,E,空氣污染物申報-一般空氣污染物,粒狀污染物,,,2018,8.274000000000001
73251209,E,空氣污染物申報-一般空氣污染物,揮發性有機化合物,,,2018,13.932
73251209,E,空氣污染物申報-有害空氣污染物,三氯甲烷,,,2018,0.006
73251209,E,空氣污染物申報-有害空氣污染物,二氯甲烷,,,2018,0.038
76316325,E,空氣污染物申報-一般空氣污染物,氮氧化物,,,2018,15.935000000000002
76316325,E,空氣污染物申報-一般空氣污染物,硫氧化物,,,2018,22.86
76316325,E,空氣污染物申報-一般空氣污染物,粒狀污染物,,,2018,2.7929999999999997
85617982,E,空氣污染物申報-一般空氣污染物,氮氧化物,,,2018,0.392
85617982,E,空氣污染物申報-一般空氣污染物,硫氧化物,,,2018,0.565
85617982,E,空氣污染物申報-一般空氣污染物,粒狀污染物,,,2018,0.041
89397503,E,空氣污染物申報-一般空氣污染物,氮氧化物,,,2018,27.109999999999996
89397503,E,空氣污染物申報-一般空氣污染物,硫氧化物,,,2018,0.13699999999999998
89397503,E,空氣污染物申報-一般空氣污染物,粒狀污染物,,,2018,0.339
89397503,E,空氣污染物申報-一般空氣污染物,揮發性有機化合物,,,2018,0.162
89480404,E,空氣污染物申報-一般空氣污染物,氮氧化物,,,2018,61.467
89480404,E,空氣污染物申報-一般空氣污染物,硫氧化物,,,2018,33.349000000000004
89480404,E,空氣污染物申報-一般空氣污染物,粒狀污染物,,,2018,16.977
89480404,E,空氣污染物申報-一般空氣污染物,揮發性有機化合物,,,2018,48.833000000000006
89480404,E,空氣污染物申報-有害空氣污染物,戴奧辛,,,2018,0.003
07569627,E,空氣污染物申報-一般空氣污染物,氮氧化物,,,2018,11.415999999999999
07569627,E,空氣污染物申報-一般空氣污染物,硫氧化物,,,2018,10.821
07569627,E,空氣污染物申報-一般空氣污染物,粒狀污染物,,,2018,2.8129999999999993
03543210,E,空氣污染物申報-一般空氣污染物,氮氧化物,,,2018,9.745
03543210,E,空氣污染物申報-一般空氣污染物,硫氧化物,,,2018,11.892
03543210,E,空氣污染物申報-一般空氣污染物,粒狀污染物,,,2018,13.998000000000001
03794905,E,空氣污染物申報-一般空氣污染物,氮氧化物,,,2018,72.456
03794905,E,空氣污染物申報-一般空氣污染物,硫氧化物,,,2018,48.28299999999999
03794905,E,空氣污染物申報-一般空氣污染物,粒狀污染物,,,2018,13.767000000000001
03794905,E,空氣污染物申報-一般空氣污染物,揮發性有機化合物,,,2018,0.9940000000000001
03794905,E,空氣污染物申報-有害空氣污染物,重金屬,,,2018,0.001
07305506,E,空氣污染物申報-一般空氣污染物,氮氧化物,,,2018,26.952
07305506,E,空氣污染物申報-一般空氣污染物,硫氧化物,,,2018,1.054
07305506,E,空氣污染物申報-一般空氣污染物,粒狀污染物,,,2018,3.39
07305506,E,空氣污染物申報-一般空氣污染物,揮發性有機化合物,,,2018,0.103
07305506,E,空氣污染物申報-有害空氣污染物,重金屬,,,2018,0.003
07067309,E,空氣污染物申報-一般空氣污染物,氮氧化物,,,2018,3.138
07067309,E,空氣污染物申報-一般空氣污染物,硫氧化物,,,2018,4.533
07067309,E,空氣污染物申報-一般空氣污染物,粒狀污染物,,,2018,0.619
11347802,E,空氣污染物申報-一般空氣污染物,氮氧化物,,,2019,6.8870000000000005
11347802,E,空氣污染物申報-一般空氣污染物,硫氧化物,,,2019,0.098
11347802,E,空氣污染物申報-一般空氣污染物,粒狀污染物,,,2019,0.20399999999999996
11347802,E,空氣污染物申報-一般空氣污染物,揮發性有機化合物,,,2019,0.024999999999999998
11996904,E,空氣污染物申報-一般空氣污染物,粒狀污染物,,,2019,2.061
11996904,E,空氣污染物申報-一般空氣污染物,揮發性有機化合物,,,2019,0.003
12467902,E,空氣污染物申報-一般空氣污染物,氮氧化物,,,2019,1.1789999999999998
12467902,E,空氣污染物申報-一般空氣污染物,粒狀污染物,,,2019,0.031
12467902,E,空氣污染物申報-一般空氣污染物,揮發性有機化合物,,,2019,20.336
12529007,E,空氣污染物申報-一般空氣污染物,氮氧化物,,,2019,36.026
12529007,E,空氣污染物申報-一般空氣污染物,硫氧化物,,,2019,23.973000000000003
12529007,E,空氣污染物申報-一般空氣污染物,粒狀污染物,,,2019,2.2850000000000006
12529007,E,空氣污染物申報-有害空氣污染物,戴奧辛,,,2019,0.004
16635562,E,空氣污染物申報-一般空氣污染物,氮氧化物,,,2019,53.108
16635562,E,空氣污染物申報-一般空氣污染物,硫氧化物,,,2019,36.461999999999996
16635562,E,空氣污染物申報-一般空氣污染物,粒狀污染物,,,2019,3.0759999999999996
16635562,E,空氣污染物申報-一般空氣污染物,揮發性有機化合物,,,2019,2.6319999999999997
16962158,E,空氣污染物申報-一般空氣污染物,氮氧化物,,,2019,2.733
16962158,E,空氣污染物申報-一般空氣污染物,粒狀污染物,,,2019,0.081
16962158,E,空氣污染物申報-一般空氣污染物,揮發性有機化合物,,,2019,0.12100000000000001
18559415,E,空氣污染物申報-一般空氣污染物,氮氧化物,,,2019,0.066
18559415,E,空氣污染物申報-一般空氣污染物,硫氧化物,,,2019,0.095
18559415,E,空氣污染物申報-一般空氣污染物,粒狀污染物,,,2019,0.009
20651901,E,空氣污染物申報-一般空氣污染物,氮氧化物,,,2019,6.515000000000001
20651901,E,空氣污染物申報-一般空氣污染物,硫氧化物,,,2019,0.532
20651901,E,空氣污染物申報-一般空氣污染物,粒狀污染物,,,2019,0.37
20651901,E,空氣污染物申報-一般空氣污染物,揮發性有機化合物,,,2019,1.0550000000000002
20927014,E,空氣污染物申報-一般空氣污染物,氮氧化物,,,2019,2.657
20927014,E,空氣污染物申報-一般空氣污染物,硫氧化物,,,2019,3.8150000000000004
20927014,E,空氣污染物申報-一般空氣污染物,粒狀污染物,,,2019,2.79
20927014,E,空氣污染物申報-一般空氣污染物,揮發性有機化合物,,,2019,9.884
22102298,E,空氣污染物申報-一般空氣污染物,氮氧化物,,,2019,1.181
22102298,E,空氣污染物申報-一般空氣污染物,粒狀污染物,,,2019,2.616
22102298,E,空氣污染物申報-一般空氣污染物,揮發性有機化合物,,,2019,0.382
22102473,E,空氣污染物申報-一般空氣污染物,氮氧化物,,,2019,12.354999999999999
22102473,E,空氣污染物申報-一般空氣污染物,粒狀污染物,,,2019,0.5720000000000002
22102473,E,空氣污染物申報-一般空氣污染物,揮發性有機化合物,,,2019,1.1340000000000001
22102473,E,空氣污染物申報-有害空氣污染物,三氯甲烷,,,2019,0.049999999999999996
34106066,E,空氣污染物申報-一般空氣污染物,氮氧化物,,,2019,0.299
34106066,E,空氣污染物申報-一般空氣污染物,粒狀污染物,,,2019,0.009000000000000001
35012903,E,空氣污染物申報-一般空氣污染物,氮氧化物,,,2019,0.675
36514783,E,空氣污染物申報-一般空氣污染物,氮氧化物,,,2019,10.530999999999999
36514783,E,空氣污染物申報-一般空氣污染物,硫氧化物,,,2019,5.99
36514783,E,空氣污染物申報-一般空氣污染物,粒狀污染物,,,2019,11.735999999999999
56121907,E,空氣污染物申報-一般空氣污染物,氮氧化物,,,2019,28.864000000000004
56121907,E,空氣污染物申報-一般空氣污染物,硫氧化物,,,2019,12.779999999999998
56121907,E,空氣污染物申報-一般空氣污染物,粒狀污染物,,,2019,4.378
56121907,E,空氣污染物申報-有害空氣污染物,戴奧辛,,,2019,0.006
56121907,E,空氣污染物申報-有害空氣污染物,重金屬,,,2019,0.006
56192402,E,空氣污染物申報-一般空氣污染物,氮氧化物,,,2019,5.605999999999999
56192402,E,空氣污染物申報-一般空氣污染物,粒狀污染物,,,2019,35.30700000000001
56192402,E,空氣污染物申報-一般空氣污染物,揮發性有機化合物,,,2019,0.007
59661701,E,空氣污染物申報-一般空氣污染物,氮氧化物,,,2019,3.7489999999999997
59661701,E,空氣污染物申報-一般空氣污染物,硫氧化物,,,2019,3.531
59661701,E,空氣污染物申報-一般空氣污染物,粒狀污染物,,,2019,4.2509999999999994
65534366,E,空氣污染物申報-一般空氣污染物,氮氧化物,,,2019,1.4780000000000002
65534366,E,空氣污染物申報-一般空氣污染物,硫氧化物,,,2019,2.107
65534366,E,空氣污染物申報-一般空氣污染物,粒狀污染物,,,2019,0.248
73008303,E,空氣污染物申報-一般空氣污染物,氮氧化物,,,2019,9.357000000000001
73008303,E,空氣污染物申報-一般空氣污染物,硫氧化物,,,2019,5.984999999999999
73008303,E,空氣污染物申報-一般空氣污染物,粒狀污染物,,,2019,15.344000000000003
73251209,E,空氣污染物申報-一般空氣污染物,氮氧化物,,,2019,37.63099999999999
73251209,E,空氣污染物申報-一般空氣污染物,硫氧化物,,,2019,10.889
73251209,E,空氣污染物申報-一般空氣污染物,粒狀污染物,,,2019,7.889999999999998
73251209,E,空氣污染物申報-一般空氣污染物,揮發性有機化合物,,,2019,19.526
76316325,E,空氣污染物申報-一般空氣污染物,氮氧化物,,,2019,19.206
76316325,E,空氣污染物申報-一般空氣污染物,硫氧化物,,,2019,24.353000000000005
76316325,E,空氣污染物申報-一般空氣污染物,粒狀污染物,,,2019,2.967
85617982,E,空氣污染物申報-一般空氣污染物,氮氧化物,,,2019,0.22499999999999998
85617982,E,空氣污染物申報-一般空氣污染物,粒狀污染物,,,2019,0.10600000000000001
89397503,E,空氣污染物申報-一般空氣污染物,氮氧化物,,,2019,52.763999999999996
89397503,E,空氣污染物申報-一般空氣污染物,粒狀污染物,,,2019,0.758
89397503,E,空氣污染物申報-一般空氣污染物,揮發性有機化合物,,,2019,0.019
89480404,E,空氣污染物申報-一般空氣污染物,氮氧化物,,,2019,90.956
89480404,E,空氣污染物申報-一般空氣污染物,硫氧化物,,,2019,46.86
89480404,E,空氣污染物申報-一般空氣污染物,粒狀污染物,,,2019,26.290999999999997
89480404,E,空氣污染物申報-一般空氣污染物,揮發性有機化合物,,,2019,106.69300000000001
89480404,E,空氣污染物申報-有害空氣污染物,戴奧辛,,,2019,0.186
89480404,E,空氣污染物申報-有害空氣污染物,重金屬,,,2019,0.002
03543210,E,空氣污染物申報-一般空氣污染物,氮氧化物,,,2019,9.278
03543210,E,空氣污染物申報-一般空氣污染物,硫氧化物,,,2019,9.248
03543210,E,空氣污染物申報-一般空氣污染物,粒狀污染物,,,2019,8.738000000000001
07067309,E,空氣污染物申報-一般空氣污染物,氮氧化物,,,2019,9.558
07067309,E,空氣污染物申報-一般空氣污染物,硫氧化物,,,2019,13.867
07067309,E,空氣污染物申報-一般空氣污染物,粒狀污染物,,,2019,1.9249999999999998
03794905,E,空氣污染物申報-一般空氣污染物,氮氧化物,,,2019,195.049
03794905,E,空氣污染物申報-一般空氣污染物,硫氧化物,,,2019,167.01899999999995
03794905,E,空氣污染物申報-一般空氣污染物,粒狀污染物,,,2019,33.252
03794905,E,空氣污染物申報-一般空氣污染物,揮發性有機化合物,,,2019,2.8929999999999993
03794905,E,空氣污染物申報-有害空氣污染物,戴奧辛,,,2019,0.006
03794905,E,空氣污染物申報-有害空氣污染物,重金屬,,,2019,0.032
07569627,E,空氣污染物申報-一般空氣污染物,氮氧化物,,,2019,13.488999999999999
07569627,E,空氣污染物申報-一般空氣污染物,硫氧化物,,,2019,11.876000000000001
07569627,E,空氣污染物申報-一般空氣污染物,粒狀污染物,,,2019,5.321
07305506,E,空氣污染物申報-一般空氣污染物,氮氧化物,,,2019,56.64600000000001
07305506,E,空氣污染物申報-一般空氣污染物,硫氧化物,,,2019,1.7070000000000003
07305506,E,空氣污染物申報-一般空氣污染物,粒狀污染物,,,2019,11.862000000000002
07305506,E,空氣污染物申報-一般空氣污染物,揮發性有機化合物,,,2019,0.6649999999999999
07305506,E,空氣污染物申報-有害空氣污染物,重金屬,,,2019,0.020999999999999998
11347802,E,空氣污染物申報-一般空氣污染物,氮氧化物,,,2020,5.491
11347802,E,空氣污染物申報-一般空氣污染物,粒狀污染物,,,2020,0.16499999999999998
11347802,E,空氣污染物申報-一般空氣污染物,揮發性有機化合物,,,2020,0.012
11996904,E,空氣污染物申報-一般空氣污染物,粒狀污染物,,,2020,9.638
12467902,E,空氣污染物申報-一般空氣污染物,氮氧化物,,,2020,3.146
12467902,E,空氣污染物申報-一般空氣污染物,粒狀污染物,,,2020,0.07999999999999999
12467902,E,空氣污染物申報-一般空氣污染物,揮發性有機化合物,,,2020,60.787000000000006
12529007,E,空氣污染物申報-一般空氣污染物,氮氧化物,,,2020,32.202000000000005
12529007,E,空氣污染物申報-一般空氣污染物,硫氧化物,,,2020,18.997000000000003
12529007,E,空氣污染物申報-一般空氣污染物,粒狀污染物,,,2020,1.6489999999999998
12529007,E,空氣污染物申報-一般空氣污染物,揮發性有機化合物,,,2020,0.009000000000000001
12529007,E,空氣污染物申報-有害空氣污染物,戴奧辛,,,2020,0.008
16635562,E,空氣污染物申報-一般空氣污染物,氮氧化物,,,2020,8.351
16635562,E,空氣污染物申報-一般空氣污染物,硫氧化物,,,2020,0.224
16635562,E,空氣污染物申報-一般空氣污染物,粒狀污染物,,,2020,0.22899999999999998
16635562,E,空氣污染物申報-一般空氣污染物,揮發性有機化合物,,,2020,0.884
16962158,E,空氣污染物申報-一般空氣污染物,氮氧化物,,,2020,1.0110000000000001
16962158,E,空氣污染物申報-一般空氣污染物,粒狀污染物,,,2020,0.03
16962158,E,空氣污染物申報-一般空氣污染物,揮發性有機化合物,,,2020,0.046
18559415,E,空氣污染物申報-一般空氣污染物,氮氧化物,,,2020,0.164
18559415,E,空氣污染物申報-一般空氣污染物,硫氧化物,,,2020,0.10300000000000001
18559415,E,空氣污染物申報-一般空氣污染物,粒狀污染物,,,2020,0.015
20651901,E,空氣污染物申報-一般空氣污染物,氮氧化物,,,2020,3.1450000000000005
20651901,E,空氣污染物申報-一般空氣污染物,粒狀污染物,,,2020,0.14900000000000002
20651901,E,空氣污染物申報-一般空氣污染物,揮發性有機化合物,,,2020,0.399
20927014,E,空氣污染物申報-一般空氣污染物,氮氧化物,,,2020,2.324
20927014,E,空氣污染物申報-一般空氣污染物,硫氧化物,,,2020,0.056
20927014,E,空氣污染物申報-一般空氣污染物,粒狀污染物,,,2020,2.304
20927014,E,空氣污染物申報-一般空氣污染物,揮發性有機化合物,,,2020,6.506
22102298,E,空氣污染物申報-一般空氣污染物,氮氧化物,,,2020,1.183
22102298,E,空氣污染物申報-一般空氣污染物,粒狀污染物,,,2020,3.7349999999999994
22102298,E,空氣污染物申報-一般空氣污染物,揮發性有機化合物,,,2020,0.611
22102473,E,空氣污染物申報-一般空氣污染物,氮氧化物,,,2020,6.081
22102473,E,空氣污染物申報-一般空氣污染物,粒狀污染物,,,2020,0.25700000000000006
22102473,E,空氣污染物申報-一般空氣污染物,揮發性有機化合物,,,2020,0.216
22102473,E,空氣污染物申報-有害空氣污染物,三氯甲烷,,,2020,0.01
34106066,E,空氣污染物申報-一般空氣污染物,氮氧化物,,,2020,0.513
34106066,E,空氣污染物申報-一般空氣污染物,粒狀污染物,,,2020,0.016
35012903,E,空氣污染物申報-一般空氣污染物,氮氧化物,,,2020,0.242
36514783,E,空氣污染物申報-一般空氣污染物,氮氧化物,,,2020,11.631
36514783,E,空氣污染物申報-一般空氣污染物,硫氧化物,,,2020,3.1849999999999996
36514783,E,空氣污染物申報-一般空氣污染物,粒狀污染物,,,2020,9.654
56121907,E,空氣污染物申報-一般空氣污染物,氮氧化物,,,2020,26.747999999999998
56121907,E,空氣污染物申報-一般空氣污染物,硫氧化物,,,2020,9.417
56121907,E,空氣污染物申報-一般空氣污染物,粒狀污染物,,,2020,3.6580000000000004
56121907,E,空氣污染物申報-有害空氣污染物,戴奧辛,,,2020,0.005
56121907,E,空氣污染物申報-有害空氣污染物,重金屬,,,2020,0.008
56192402,E,空氣污染物申報-一般空氣污染物,氮氧化物,,,2020,3.1520000000000006
56192402,E,空氣污染物申報-一般空氣污染物,粒狀污染物,,,2020,22.355
56192402,E,空氣污染物申報-一般空氣污染物,揮發性有機化合物,,,2020,0.003
59661701,E,空氣污染物申報-一般空氣污染物,氮氧化物,,,2020,10.622
59661701,E,空氣污染物申報-一般空氣污染物,硫氧化物,,,2020,4.617
59661701,E,空氣污染物申報-一般空氣污染物,粒狀污染物,,,2020,2.634
59661701,E,空氣污染物申報-有害空氣污染物,戴奧辛,,,2020,0.006
65534366,E,空氣污染物申報-一般空氣污染物,氮氧化物,,,2020,2.2239999999999998
65534366,E,空氣污染物申報-一般空氣污染物,硫氧化物,,,2020,3.2449999999999997
65534366,E,空氣污染物申報-一般空氣污染物,粒狀污染物,,,2020,0.267
73008303,E,空氣污染物申報-一般空氣污染物,氮氧化物,,,2020,13.185999999999998
73008303,E,空氣污染物申報-一般空氣污染物,硫氧化物,,,2020,8.075
73008303,E,空氣污染物申報-一般空氣污染物,粒狀污染物,,,2020,19.965999999999998
73008303,E,空氣污染物申報-一般空氣污染物,揮發性有機化合物,,,2020,0.24599999999999997
73251209,E,空氣污染物申報-一般空氣污染物,氮氧化物,,,2020,45.571
73251209,E,空氣污染物申報-一般空氣污染物,硫氧化物,,,2020,9.999
73251209,E,空氣污染物申報-一般空氣污染物,粒狀污染物,,,2020,13.745
73251209,E,空氣污染物申報-一般空氣污染物,揮發性有機化合物,,,2020,19.305
76316325,E,空氣污染物申報-一般空氣污染物,氮氧化物,,,2020,9.31
76316325,E,空氣污染物申報-一般空氣污染物,硫氧化物,,,2020,2.841
76316325,E,空氣污染物申報-一般空氣污染物,粒狀污染物,,,2020,0.519
85617982,E,空氣污染物申報-一般空氣污染物,氮氧化物,,,2020,0.221
85617982,E,空氣污染物申報-一般空氣污染物,粒狀污染物,,,2020,0.108
89397503,E,空氣污染物申報-一般空氣污染物,氮氧化物,,,2020,30.929000000000002
89397503,E,空氣污染物申報-一般空氣污染物,粒狀污染物,,,2020,0.9010000000000001
89397503,E,空氣污染物申報-一般空氣污染物,揮發性有機化合物,,,2020,0.17099999999999999
89480404,E,空氣污染物申報-一般空氣污染物,氮氧化物,,,2020,5.673
89480404,E,空氣污染物申報-一般空氣污染物,粒狀污染物,,,2020,0.371
89480404,E,空氣污染物申報-一般空氣污染物,揮發性有機化合物,,,2020,14.08
07569627,E,空氣污染物申報-一般空氣污染物,氮氧化物,,,2020,8.599
07569627,E,空氣污染物申報-一般空氣污染物,硫氧化物,,,2020,2.153
07569627,E,空氣污染物申報-一般空氣污染物,粒狀污染物,,,2020,4.78
03543210,E,空氣污染物申報-一般空氣污染物,氮氧化物,,,2020,26.894
03543210,E,空氣污染物申報-一般空氣污染物,硫氧化物,,,2020,23.201
03543210,E,空氣污染物申報-一般空氣污染物,粒狀污染物,,,2020,10.344
03794905,E,空氣污染物申報-一般空氣污染物,氮氧化物,,,2020,65.13399999999999
03794905,E,空氣污染物申報-一般空氣污染物,硫氧化物,,,2020,38.878
03794905,E,空氣污染物申報-一般空氣污染物,粒狀污染物,,,2020,16.931
03794905,E,空氣污染物申報-一般空氣污染物,揮發性有機化合物,,,2020,0.428
03794905,E,空氣污染物申報-有害空氣污染物,戴奧辛,,,2020,0.002
03794905,E,空氣污染物申報-有害空氣污染物,重金屬,,,2020,0.01
07067309,E,空氣污染物申報-一般空氣污染物,氮氧化物,,,2020,21.299
07067309,E,空氣污染物申報-一般空氣污染物,硫氧化物,,,2020,31.919
07067309,E,空氣污染物申報-一般空氣污染物,粒狀污染物,,,2020,18.999000000000002
07305506,E,空氣污染物申報-一般空氣污染物,氮氧化物,,,2020,3.327
07305506,E,空氣污染物申報-一般空氣污染物,粒狀污染物,,,2020,0.132
07305506,E,空氣污染物申報-一般空氣污染物,揮發性有機化合物,,,2020,0.42599999999999993
07305506,E,空氣污染物申報-有害空氣污染物,三氯甲烷,,,2020,0.12
11347802,E,空氣污染物申報-一般空氣污染物,氮氧化物,,,2021,4.784999999999999
11347802,E,空氣污染物申報-一般空氣污染物,粒狀污染物,,,2021,0.14400000000000002
11347802,E,空氣污染物申報-一般空氣污染物,揮發性有機化合物,,,2021,0.06
11996904,E,空氣污染物申報-一般空氣污染物,粒狀污染物,,,2021,6.191000000000001
12467902,E,空氣污染物申報-一般空氣污染物,氮氧化物,,,2021,1.193
12467902,E,空氣污染物申報-一般空氣污染物,粒狀污染物,,,2021,0.032
12467902,E,空氣污染物申報-一般空氣污染物,揮發性有機化合物,,,2021,16.654
12529007,E,空氣污染物申報-一般空氣污染物,氮氧化物,,,2021,20.16
12529007,E,空氣污染物申報-一般空氣污染物,硫氧化物,,,2021,4.456
12529007,E,空氣污染物申報-一般空氣污染物,粒狀污染物,,,2021,0.8450000000000001
12529007,E,空氣污染物申報-一般空氣污染物,揮發性有機化合物,,,2021,0.007
12529007,E,空氣污染物申報-有害空氣污染物,戴奧辛,,,2021,0.002
16635562,E,空氣污染物申報-一般空氣污染物,氮氧化物,,,2021,5.631
16635562,E,空氣污染物申報-一般空氣污染物,硫氧化物,,,2021,0.186
16635562,E,空氣污染物申報-一般空氣污染物,粒狀污染物,,,2021,0.135
16635562,E,空氣污染物申報-一般空氣污染物,揮發性有機化合物,,,2021,0.012
20651901,E,空氣污染物申報-一般空氣污染物,氮氧化物,,,2021,1.032
20651901,E,空氣污染物申報-一般空氣污染物,粒狀污染物,,,2021,0.048
20651901,E,空氣污染物申報-一般空氣污染物,揮發性有機化合物,,,2021,0.133
20927014,E,空氣污染物申報-一般空氣污染物,氮氧化物,,,2021,2.703
20927014,E,空氣污染物申報-一般空氣污染物,硫氧化物,,,2021,0.016
20927014,E,空氣污染物申報-一般空氣污染物,粒狀污染物,,,2021,4.261
20927014,E,空氣污染物申報-一般空氣污染物,揮發性有機化合物,,,2021,12.193999999999999
22102298,E,空氣污染物申報-一般空氣污染物,氮氧化物,,,2021,0.9590000000000002
22102298,E,空氣污染物申報-一般空氣污染物,粒狀污染物,,,2021,4.337
22102298,E,空氣污染物申報-一般空氣污染物,揮發性有機化合物,,,2021,0.772
22102473,E,空氣污染物申報-一般空氣污染物,氮氧化物,,,2021,1.937
22102473,E,空氣污染物申報-一般空氣污染物,粒狀污染物,,,2021,0.09000000000000001
22102473,E,空氣污染物申報-一般空氣污染物,揮發性有機化合物,,,2021,0.104
22102473,E,空氣污染物申報-有害空氣污染物,三氯甲烷,,,2021,0.054
34106066,E,空氣污染物申報-一般空氣污染物,氮氧化物,,,2021,0.34199999999999997
34106066,E,空氣污染物申報-一般空氣污染物,粒狀污染物,,,2021,0.01
35012903,E,空氣污染物申報-一般空氣污染物,氮氧化物,,,2021,0.584
36514783,E,空氣污染物申報-一般空氣污染物,氮氧化物,,,2021,12.092
36514783,E,空氣污染物申報-一般空氣污染物,硫氧化物,,,2021,0.004
36514783,E,空氣污染物申報-一般空氣污染物,粒狀污染物,,,2021,10.557
56121907,E,空氣污染物申報-一般空氣污染物,氮氧化物,,,2021,30.298000000000002
56121907,E,空氣污染物申報-一般空氣污染物,硫氧化物,,,2021,4.203
56121907,E,空氣污染物申報-一般空氣污染物,粒狀污染物,,,2021,2.035
56121907,E,空氣污染物申報-有害空氣污染物,戴奧辛,,,2021,0.004
56121907,E,空氣污染物申報-有害空氣污染物,重金屬,,,2021,0.005
56192402,E,空氣污染物申報-一般空氣污染物,氮氧化物,,,2021,4.252000000000001
56192402,E,空氣污染物申報-一般空氣污染物,粒狀污染物,,,2021,22.673
56192402,E,空氣污染物申報-一般空氣污染物,揮發性有機化合物,,,2021,0.009000000000000001
59661701,E,空氣污染物申報-一般空氣污染物,氮氧化物,,,2021,2.407
59661701,E,空氣污染物申報-一般空氣污染物,硫氧化物,,,2021,0.861
59661701,E,空氣污染物申報-一般空氣污染物,粒狀污染物,,,2021,0.682
59661701,E,空氣污染物申報-有害空氣污染物,戴奧辛,,,2021,0.002
65534366,E,空氣污染物申報-一般空氣污染物,氮氧化物,,,2021,1.4969999999999999
65534366,E,空氣污染物申報-一般空氣污染物,硫氧化物,,,2021,2.1639999999999997
65534366,E,空氣污染物申報-一般空氣污染物,粒狀污染物,,,2021,0.14600000000000002
73008303,E,空氣污染物申報-一般空氣污染物,氮氧化物,,,2021,8.424
73008303,E,空氣污染物申報-一般空氣污染物,硫氧化物,,,2021,0.38
73008303,E,空氣污染物申報-一般空氣污染物,粒狀污染物,,,2021,17
73008303,E,空氣污染物申報-一般空氣污染物,揮發性有機化合物,,,2021,0.164
73251209,E,空氣污染物申報-一般空氣污染物,氮氧化物,,,2021,31.901
73251209,E,空氣污染物申報-一般空氣污染物,硫氧化物,,,2021,2.635
73251209,E,空氣污染物申報-一般空氣污染物,粒狀污染物,,,2021,8.084999999999999
73251209,E,空氣污染物申報-一般空氣污染物,揮發性有機化合物,,,2021,3.1990000000000007
76316325,E,空氣污染物申報-一般空氣污染物,氮氧化物,,,2021,7.732
76316325,E,空氣污染物申報-一般空氣污染物,硫氧化物,,,2021,0.6119999999999999
76316325,E,空氣污染物申報-一般空氣污染物,粒狀污染物,,,2021,0.24400000000000002
85617982,E,空氣污染物申報-一般空氣污染物,氮氧化物,,,2021,0.21300000000000002
85617982,E,空氣污染物申報-一般空氣污染物,粒狀污染物,,,2021,0.099
89397503,E,空氣污染物申報-一般空氣污染物,氮氧化物,,,2021,17.846999999999998
89397503,E,空氣污染物申報-一般空氣污染物,粒狀污染物,,,2021,0.47100000000000003
89397503,E,空氣污染物申報-一般空氣污染物,揮發性有機化合物,,,2021,0.095
89480404,E,空氣污染物申報-一般空氣污染物,氮氧化物,,,2021,6.398000000000001
89480404,E,空氣污染物申報-一般空氣污染物,粒狀污染物,,,2021,0.443
89480404,E,空氣污染物申報-一般空氣污染物,揮發性有機化合物,,,2021,11.913
03794905,E,空氣污染物申報-一般空氣污染物,氮氧化物,,,2021,192.19100000000003
03794905,E,空氣污染物申報-一般空氣污染物,硫氧化物,,,2021,123.56899999999999
03794905,E,空氣污染物申報-一般空氣污染物,粒狀污染物,,,2021,27.965
03794905,E,空氣污染物申報-一般空氣污染物,揮發性有機化合物,,,2021,2.015
03794905,E,空氣污染物申報-有害空氣污染物,戴奧辛,,,2021,0.003
03794905,E,空氣污染物申報-有害空氣污染物,重金屬,,,2021,0.018000000000000002
07569627,E,空氣污染物申報-一般空氣污染物,氮氧化物,,,2021,3.681
07569627,E,空氣污染物申報-一般空氣污染物,硫氧化物,,,2021,0.018
07569627,E,空氣污染物申報-一般空氣污染物,粒狀污染物,,,2021,2.775
07305506,E,空氣污染物申報-一般空氣污染物,氮氧化物,,,2021,7.894
07305506,E,空氣污染物申報-一般空氣污染物,粒狀污染物,,,2021,0.25199999999999995
07305506,E,空氣污染物申報-一般空氣污染物,揮發性有機化合物,,,2021,0.6349999999999999
07305506,E,空氣污染物申報-有害空氣污染物,三氯甲烷,,,2021,0.055
03543210,E,空氣污染物申報-一般空氣污染物,氮氧化物,,,2021,10.448
03543210,E,空氣污染物申報-一般空氣污染物,硫氧化物,,,2021,8.904
03543210,E,空氣污染物申報-一般空氣污染物,粒狀污染物,,,2021,3.453
07067309,E,空氣污染物申報-一般空氣污染物,氮氧化物,,,2021,3.4939999999999998
07067309,E,空氣污染物申報-一般空氣污染物,硫氧化物,,,2021,4.919
07067309,E,空氣污染物申報-一般空氣污染物,粒狀污染物,,,2021,4.16
11347802,E,環境違規,違反環境法規金額,,元,2010,13000
11347802,E,環境違規,違反環境法規次數,,次,2010,2
12467902,E,環境違規,違反環境法規金額,,元,2010,440000
12467902,E,環境違規,違反環境法規次數,,次,2010,3
16635562,E,環境違規,違反環境法規金額,,元,2010,410000
16635562,E,環境違規,違反環境法規次數,,次,2010,2
22102473,E,環境違規,違反環境法規金額,,元,2010,1200
22102473,E,環境違規,違反環境法規次數,,次,2010,1
56192402,E,環境違規,違反環境法規金額,,元,2010,4200
56192402,E,環境違規,違反環境法規次數,,次,2010,2
65534366,E,環境違規,違反環境法規金額,,元,2010,16000
65534366,E,環境違規,違反環境法規次數,,次,2010,3
73008303,E,環境違規,違反環境法規金額,,元,2010,1106000
73008303,E,環境違規,違反環境法規次數,,次,2010,6
73251209,E,環境違規,違反環境法規金額,,元,2010,136000
73251209,E,環境違規,違反環境法規次數,,次,2010,3
03794905,E,環境違規,違反環境法規金額,,元,2010,276000
03794905,E,環境違規,違反環境法規次數,,次,2010,3
07569627,E,環境違規,違反環境法規金額,,元,2010,103000
07569627,E,環境違規,違反環境法規次數,,次,2010,2
07067309,E,環境違規,違反環境法規金額,,元,2010,1200
07067309,E,環境違規,違反環境法規次數,,次,2010,1
03543210,E,環境違規,違反環境法規金額,,元,2010,170000
03543210,E,環境違規,違反環境法規次數,,次,2010,1
11347802,E,環境違規,違反環境法規金額,,元,2011,267200
11347802,E,環境違規,違反環境法規次數,,次,2011,5
36514783,E,環境違規,違反環境法規金額,,元,2011,30000
36514783,E,環境違規,違反環境法規次數,,次,2011,1
43696296,E,環境違規,違反環境法規金額,,元,2011,60000
43696296,E,環境違規,違反環境法規次數,,次,2011,1
56121907,E,環境違規,違反環境法規金額,,元,2011,110000
56121907,E,環境違規,違反環境法規次數,,次,2011,2
56192402,E,環境違規,違反環境法規金額,,元,2011,30000
56192402,E,環境違規,違反環境法規次數,,次,2011,1
59661701,E,環境違規,違反環境法規金額,,元,2011,16000
59661701,E,環境違規,違反環境法規次數,,次,2011,2
73008303,E,環境違規,違反環境法規金額,,元,2011,406000
73008303,E,環境違規,違反環境法規次數,,次,2011,7
73251209,E,環境違規,違反環境法規金額,,元,2011,10000
73251209,E,環境違規,違反環境法規次數,,次,2011,1
89397503,E,環境違規,違反環境法規金額,,元,2011,60000
89397503,E,環境違規,違反環境法規次數,,次,2011,2
07569627,E,環境違規,違反環境法規金額,,元,2011,12000
07569627,E,環境違規,違反環境法規次數,,次,2011,2
03794905,E,環境違規,違反環境法規金額,,元,2011,448000
03794905,E,環境違規,違反環境法規次數,,次,2011,9
07067309,E,環境違規,違反環境法規金額,,元,2011,20000
07067309,E,環境違規,違反環境法規次數,,次,2011,3
11347802,E,環境違規,違反環境法規金額,,元,2012,586000
11347802,E,環境違規,違反環境法規次數,,次,2012,10
12467902,E,環境違規,違反環境法規金額,,元,2012,110000
12467902,E,環境違規,違反環境法規次數,,次,2012,1
12529007,E,環境違規,違反環境法規金額,,元,2012,350000
12529007,E,環境違規,違反環境法規次數,,次,2012,1
16635562,E,環境違規,違反環境法規金額,,元,2012,550000
16635562,E,環境違規,違反環境法規次數,,次,2012,3
22102298,E,環境違規,違反環境法規金額,,元,2012,60000
22102298,E,環境違規,違反環境法規次數,,次,2012,1
36514783,E,環境違規,違反環境法規金額,,元,2012,216000
36514783,E,環境違規,違反環境法規次數,,次,2012,4
56121907,E,環境違規,違反環境法規金額,,元,2012,5000
56121907,E,環境違規,違反環境法規次數,,次,2012,1
56192402,E,環境違規,違反環境法規金額,,元,2012,10000
56192402,E,環境違規,違反環境法規次數,,次,2012,1
59661701,E,環境違規,違反環境法規金額,,元,2012,6000
59661701,E,環境違規,違反環境法規次數,,次,2012,1
73008303,E,環境違規,違反環境法規金額,,元,2012,180000
73008303,E,環境違規,違反環境法規次數,,次,2012,2
73251209,E,環境違規,違反環境法規金額,,元,2012,360000
73251209,E,環境違規,違反環境法規次數,,次,2012,3
76316325,E,環境違規,違反環境法規金額,,元,2012,3000
76316325,E,環境違規,違反環境法規次數,,次,2012,1
89397503,E,環境違規,違反環境法規金額,,元,2012,6000
89397503,E,環境違規,違反環境法規次數,,次,2012,1
89480404,E,環境違規,違反環境法規金額,,元,2012,6000
89480404,E,環境違規,違反環境法規次數,,次,2012,1
07067309,E,環境違規,違反環境法規金額,,元,2012,5000
07067309,E,環境違規,違反環境法規次數,,次,2012,1
03794905,E,環境違規,違反環境法規金額,,元,2012,139200
03794905,E,環境違規,違反環境法規次數,,次,2012,6
07305506,E,環境違規,違反環境法規金額,,元,2012,60000
07305506,E,環境違規,違反環境法規次數,,次,2012,1
11347802,E,環境違規,違反環境法規金額,,元,2013,1134000
11347802,E,環境違規,違反環境法規次數,,次,2013,13
12529007,E,環境違規,違反環境法規金額,,元,2013,250000
12529007,E,環境違規,違反環境法規次數,,次,2013,1
20651901,E,環境違規,違反環境法規金額,,元,2013,6000
20651901,E,環境違規,違反環境法規次數,,次,2013,1
22102298,E,環境違規,違反環境法規金額,,元,2013,100000
22102298,E,環境違規,違反環境法規次數,,次,2013,1
35012903,E,環境違規,違反環境法規金額,,元,2013,10000
35012903,E,環境違規,違反環境法規次數,,次,2013,1
56121907,E,環境違規,違反環境法規金額,,元,2013,125000
56121907,E,環境違規,違反環境法規次數,,次,2013,3
56192402,E,環境違規,違反環境法規金額,,元,2013,310000
56192402,E,環境違規,違反環境法規次數,,次,2013,2
73008303,E,環境違規,違反環境法規金額,,元,2013,296000
73008303,E,環境違規,違反環境法規次數,,次,2013,4
89397503,E,環境違規,違反環境法規金額,,元,2013,100000
89397503,E,環境違規,違反環境法規次數,,次,2013,1
89480404,E,環境違規,違反環境法規金額,,元,2013,12000
89480404,E,環境違規,違反環境法規次數,,次,2013,2
07569627,E,環境違規,違反環境法規金額,,元,2013,206000
07569627,E,環境違規,違反環境法規次數,,次,2013,3
03794905,E,環境違規,違反環境法規金額,,元,2013,325200
03794905,E,環境違規,違反環境法規次數,,次,2013,12
11347802,E,環境違規,違反環境法規金額,,元,2014,124500
11347802,E,環境違規,違反環境法規次數,,次,2014,4
12529007,E,環境違規,違反環境法規金額,,元,2014,70000
12529007,E,環境違規,違反環境法規次數,,次,2014,1
20927014,E,環境違規,違反環境法規金額,,元,2014,12000
20927014,E,環境違規,違反環境法規次數,,次,2014,2
22102298,E,環境違規,違反環境法規金額,,元,2014,60000
22102298,E,環境違規,違反環境法規次數,,次,2014,1
22102473,E,環境違規,違反環境法規金額,,元,2014,112000
22102473,E,環境違規,違反環境法規次數,,次,2014,3
36514783,E,環境違規,違反環境法規金額,,元,2014,318000
36514783,E,環境違規,違反環境法規次數,,次,2014,6
43696296,E,環境違規,違反環境法規金額,,元,2014,100000
43696296,E,環境違規,違反環境法規次數,,次,2014,1
56121907,E,環境違規,違反環境法規金額,,元,2014,120000
56121907,E,環境違規,違反環境法規次數,,次,2014,4
56192402,E,環境違規,違反環境法規金額,,元,2014,826000
56192402,E,環境違規,違反環境法規次數,,次,2014,4
73008303,E,環境違規,違反環境法規金額,,元,2014,340000
73008303,E,環境違規,違反環境法規次數,,次,2014,3
76316325,E,環境違規,違反環境法規金額,,元,2014,206000
76316325,E,環境違規,違反環境法規次數,,次,2014,2
89480404,E,環境違規,違反環境法規金額,,元,2014,322000
89480404,E,環境違規,違反環境法規次數,,次,2014,4
03794905,E,環境違規,違反環境法規金額,,元,2014,219700
03794905,E,環境違規,違反環境法規次數,,次,2014,13
07305506,E,環境違規,違反環境法規金額,,元,2014,6000
07305506,E,環境違規,違反環境法規次數,,次,2014,1
11347802,E,環境違規,違反環境法規金額,,元,2015,120000
11347802,E,環境違規,違反環境法規次數,,次,2015,1
16635562,E,環境違規,違反環境法規金額,,元,2015,170000
16635562,E,環境違規,違反環境法規次數,,次,2015,1
20927014,E,環境違規,違反環境法規金額,,元,2015,100000
20927014,E,環境違規,違反環境法規次數,,次,2015,1
22102298,E,環境違規,違反環境法規金額,,元,2015,16000
22102298,E,環境違規,違反環境法規次數,,次,2015,2
36514783,E,環境違規,違反環境法規金額,,元,2015,6000
36514783,E,環境違規,違反環境法規次數,,次,2015,1
56121907,E,環境違規,違反環境法規金額,,元,2015,106000
56121907,E,環境違規,違反環境法規次數,,次,2015,2
56192402,E,環境違規,違反環境法規金額,,元,2015,706000
56192402,E,環境違規,違反環境法規次數,,次,2015,5
59661701,E,環境違規,違反環境法規金額,,元,2015,100000
59661701,E,環境違規,違反環境法規次數,,次,2015,1
73008303,E,環境違規,違反環境法規金額,,元,2015,406000
73008303,E,環境違規,違反環境法規次數,,次,2015,5
73251209,E,環境違規,違反環境法規金額,,元,2015,246000
73251209,E,環境違規,違反環境法規次數,,次,2015,3
89397503,E,環境違規,違反環境法規金額,,元,2015,66000
89397503,E,環境違規,違反環境法規次數,,次,2015,1
89480404,E,環境違規,違反環境法規金額,,元,2015,106000
89480404,E,環境違規,違反環境法規次數,,次,2015,2
03794905,E,環境違規,違反環境法規金額,,元,2015,1527100
03794905,E,環境違規,違反環境法規次數,,次,2015,23
07569627,E,環境違規,違反環境法規金額,,元,2015,6000
07569627,E,環境違規,違反環境法規次數,,次,2015,1
03543210,E,環境違規,違反環境法規金額,,元,2015,100000
03543210,E,環境違規,違反環境法規次數,,次,2015,1
11347802,E,環境違規,違反環境法規金額,,元,2016,133500
11347802,E,環境違規,違反環境法規次數,,次,2016,3
16635562,E,環境違規,違反環境法規金額,,元,2016,206000
16635562,E,環境違規,違反環境法規次數,,次,2016,3
56121907,E,環境違規,違反環境法規金額,,元,2016,5000
56121907,E,環境違規,違反環境法規次數,,次,2016,1
56192402,E,環境違規,違反環境法規金額,,元,2016,900000
56192402,E,環境違規,違反環境法規次數,,次,2016,4
73008303,E,環境違規,違反環境法規金額,,元,2016,112000
73008303,E,環境違規,違反環境法規次數,,次,2016,3
73251209,E,環境違規,違反環境法規金額,,元,2016,280000
73251209,E,環境違規,違反環境法規次數,,次,2016,3
85617982,E,環境違規,違反環境法規金額,,元,2016,100000
85617982,E,環境違規,違反環境法規次數,,次,2016,1
89397503,E,環境違規,違反環境法規金額,,元,2016,1725000
89397503,E,環境違規,違反環境法規次數,,次,2016,2
89480404,E,環境違規,違反環境法規金額,,元,2016,12000
89480404,E,環境違規,違反環境法規次數,,次,2016,2
07067309,E,環境違規,違反環境法規金額,,元,2016,78000
07067309,E,環境違規,違反環境法規次數,,次,2016,4
03543210,E,環境違規,違反環境法規金額,,元,2016,700000
03543210,E,環境違規,違反環境法規次數,,次,2016,5
03794905,E,環境違規,違反環境法規金額,,元,2016,710000
03794905,E,環境違規,違反環境法規次數,,次,2016,7
07305506,E,環境違規,違反環境法規金額,,元,2016,100000
07305506,E,環境違規,違反環境法規次數,,次,2016,1
11347802,E,環境違規,違反環境法規金額,,元,2017,171000
11347802,E,環境違規,違反環境法規次數,,次,2017,3
12529007,E,環境違規,違反環境法規金額,,元,2017,200000
12529007,E,環境違規,違反環境法規次數,,次,2017,2
16635562,E,環境違規,違反環境法規金額,,元,2017,659000
16635562,E,環境違規,違反環境法規次數,,次,2017,6
22102473,E,環境違規,違反環境法規金額,,元,2017,100000
22102473,E,環境違規,違反環境法規次數,,次,2017,1
36514783,E,環境違規,違反環境法規金額,,元,2017,6000
36514783,E,環境違規,違反環境法規次數,,次,2017,1
56192402,E,環境違規,違反環境法規金額,,元,2017,347500
56192402,E,環境違規,違反環境法規次數,,次,2017,5
65534366,E,環境違規,違反環境法規金額,,元,2017,63000
65534366,E,環境違規,違反環境法規次數,,次,2017,1
73008303,E,環境違規,違反環境法規金額,,元,2017,189000
73008303,E,環境違規,違反環境法規次數,,次,2017,6
73251209,E,環境違規,違反環境法規金額,,元,2017,105000
73251209,E,環境違規,違反環境法規次數,,次,2017,1
85617982,E,環境違規,違反環境法規金額,,元,2017,300000
85617982,E,環境違規,違反環境法規次數,,次,2017,1
03794905,E,環境違規,違反環境法規金額,,元,2017,1044700
03794905,E,環境違規,違反環境法規次數,,次,2017,24
07569627,E,環境違規,違反環境法規金額,,元,2017,46000
07569627,E,環境違規,違反環境法規次數,,次,2017,4
07067309,E,環境違規,違反環境法規金額,,元,2017,100000
07067309,E,環境違規,違反環境法規次數,,次,2017,1
11347802,E,環境違規,違反環境法規金額,,元,2018,16200
11347802,E,環境違規,違反環境法規次數,,次,2018,4
11996904,E,環境違規,違反環境法規金額,,元,2018,100000
11996904,E,環境違規,違反環境法規次數,,次,2018,1
12529007,E,環境違規,違反環境法規金額,,元,2018,8112000
12529007,E,環境違規,違反環境法規次數,,次,2018,2
16635562,E,環境違規,違反環境法規金額,,元,2018,2580000
16635562,E,環境違規,違反環境法規次數,,次,2018,3
20927014,E,環境違規,違反環境法規金額,,元,2018,100000
20927014,E,環境違規,違反環境法規次數,,次,2018,1
22102473,E,環境違規,違反環境法規金額,,元,2018,26000
22102473,E,環境違規,違反環境法規次數,,次,2018,1
36514783,E,環境違規,違反環境法規金額,,元,2018,106000
36514783,E,環境違規,違反環境法規次數,,次,2018,2
56192402,E,環境違規,違反環境法規金額,,元,2018,315000
56192402,E,環境違規,違反環境法規次數,,次,2018,4
59661701,E,環境違規,違反環境法規金額,,元,2018,6000
59661701,E,環境違規,違反環境法規次數,,次,2018,1
73008303,E,環境違規,違反環境法規金額,,元,2018,291600
73008303,E,環境違規,違反環境法規次數,,次,2018,13
73251209,E,環境違規,違反環境法規金額,,元,2018,3996000
73251209,E,環境違規,違反環境法規次數,,次,2018,2
76316325,E,環境違規,違反環境法規金額,,元,2018,100000
76316325,E,環境違規,違反環境法規次數,,次,2018,1
89480404,E,環境違規,違反環境法規金額,,元,2018,100000
89480404,E,環境違規,違反環境法規次數,,次,2018,1
07569627,E,環境違規,違反環境法規金額,,元,2018,217000
07569627,E,環境違規,違反環境法規次數,,次,2018,4
03543210,E,環境違規,違反環境法規金額,,元,2018,2380000
03543210,E,環境違規,違反環境法規次數,,次,2018,3
03794905,E,環境違規,違反環境法規金額,,元,2018,965340
03794905,E,環境違規,違反環境法規次數,,次,2018,13
07305506,E,環境違規,違反環境法規金額,,元,2018,300000
07305506,E,環境違規,違反環境法規次數,,次,2018,2
07067309,E,環境違規,違反環境法規金額,,元,2018,100000
07067309,E,環境違規,違反環境法規次數,,次,2018,1
11347802,E,環境違規,違反環境法規金額,,元,2019,101500
11347802,E,環境違規,違反環境法規次數,,次,2019,1
15319335,E,環境違規,違反環境法規金額,,元,2019,12000
15319335,E,環境違規,違反環境法規次數,,次,2019,2
16635562,E,環境違規,違反環境法規金額,,元,2019,206000
16635562,E,環境違規,違反環境法規次數,,次,2019,3
18559415,E,環境違規,違反環境法規金額,,元,2019,6000
18559415,E,環境違規,違反環境法規次數,,次,2019,1
22102298,E,環境違規,違反環境法規金額,,元,2019,38500
22102298,E,環境違規,違反環境法規次數,,次,2019,1
34106066,E,環境違規,違反環境法規金額,,元,2019,18000
34106066,E,環境違規,違反環境法規次數,,次,2019,3
35012903,E,環境違規,違反環境法規金額,,元,2019,3450000
35012903,E,環境違規,違反環境法規次數,,次,2019,3
36514783,E,環境違規,違反環境法規金額,,元,2019,124000
36514783,E,環境違規,違反環境法規次數,,次,2019,4
56121907,E,環境違規,違反環境法規金額,,元,2019,3425000
56121907,E,環境違規,違反環境法規次數,,次,2019,8
56192402,E,環境違規,違反環境法規金額,,元,2019,716000
56192402,E,環境違規,違反環境法規次數,,次,2019,7
65534366,E,環境違規,違反環境法規金額,,元,2019,67500
65534366,E,環境違規,違反環境法規次數,,次,2019,1
73008303,E,環境違規,違反環境法規金額,,元,2019,1378968
73008303,E,環境違規,違反環境法規次數,,次,2019,7
73251209,E,環境違規,違反環境法規金額,,元,2019,6000
73251209,E,環境違規,違反環境法規次數,,次,2019,1
76316325,E,環境違規,違反環境法規金額,,元,2019,200000
76316325,E,環境違規,違反環境法規次數,,次,2019,1
89480404,E,環境違規,違反環境法規金額,,元,2019,172000
89480404,E,環境違規,違反環境法規次數,,次,2019,4
07569627,E,環境違規,違反環境法規金額,,元,2019,12000
07569627,E,環境違規,違反環境法規次數,,次,2019,2
03543210,E,環境違規,違反環境法規金額,,元,2019,8500000
03543210,E,環境違規,違反環境法規次數,,次,2019,5
03794905,E,環境違規,違反環境法規金額,,元,2019,3082859
03794905,E,環境違規,違反環境法規次數,,次,2019,25
11347802,E,環境違規,違反環境法規金額,,元,2020,42000
11347802,E,環境違規,違反環境法規次數,,次,2020,3
12529007,E,環境違規,違反環境法規金額,,元,2020,1680000
12529007,E,環境違規,違反環境法規次數,,次,2020,1
16635562,E,環境違規,違反環境法規金額,,元,2020,35000
16635562,E,環境違規,違反環境法規次數,,次,2020,1
20651901,E,環境違規,違反環境法規金額,,元,2020,60000
20651901,E,環境違規,違反環境法規次數,,次,2020,1
22102473,E,環境違規,違反環境法規金額,,元,2020,80000
22102473,E,環境違規,違反環境法規次數,,次,2020,2
35012903,E,環境違規,違反環境法規金額,,元,2020,6790500
35012903,E,環境違規,違反環境法規次數,,次,2020,6
36514783,E,環境違規,違反環境法規金額,,元,2020,202350
36514783,E,環境違規,違反環境法規次數,,次,2020,4
56192402,E,環境違規,違反環境法規金額,,元,2020,660000
56192402,E,環境違規,違反環境法規次數,,次,2020,5
59661701,E,環境違規,違反環境法規金額,,元,2020,178000
59661701,E,環境違規,違反環境法規次數,,次,2020,4
73008303,E,環境違規,違反環境法規金額,,元,2020,6524000
73008303,E,環境違規,違反環境法規次數,,次,2020,14
73251209,E,環境違規,違反環境法規金額,,元,2020,18000
73251209,E,環境違規,違反環境法規次數,,次,2020,3
03794905,E,環境違規,違反環境法規金額,,元,2020,2613499
03794905,E,環境違規,違反環境法規次數,,次,2020,23
07067309,E,環境違規,違反環境法規金額,,元,2020,100000
07067309,E,環境違規,違反環境法規次數,,次,2020,1
07569627,E,環境違規,違反環境法規金額,,元,2020,212000
07569627,E,環境違規,違反環境法規次數,,次,2020,3
03543210,E,環境違規,違反環境法規金額,,元,2020,15567200
03543210,E,環境違規,違反環境法規次數,,次,2020,10
11347802,E,環境違規,違反環境法規金額,,元,2021,184000
11347802,E,環境違規,違反環境法規次數,,次,2021,3
16635562,E,環境違規,違反環境法規金額,,元,2021,325000
16635562,E,環境違規,違反環境法規次數,,次,2021,2
34106066,E,環境違規,違反環境法規金額,,元,2021,600000
34106066,E,環境違規,違反環境法規次數,,次,2021,1
36514783,E,環境違規,違反環境法規金額,,元,2021,106000
36514783,E,環境違規,違反環境法規次數,,次,2021,2
56121907,E,環境違規,違反環境法規金額,,元,2021,972000
56121907,E,環境違規,違反環境法規次數,,次,2021,1
73008303,E,環境違規,違反環境法規金額,,元,2021,260000
73008303,E,環境違規,違反環境法規次數,,次,2021,15
73251209,E,環境違規,違反環境法規金額,,元,2021,120000
73251209,E,環境違規,違反環境法規次數,,次,2021,2
07569627,E,環境違規,違反環境法規金額,,元,2021,6000
07569627,E,環境違規,違反環境法規次數,,次,2021,1
03794905,E,環境違規,違反環境法規金額,,元,2021,140650
03794905,E,環境違規,違反環境法規次數,,次,2021,6
03543210,E,環境違規,違反環境法規金額,,元,2021,4901000
03543210,E,環境違規,違反環境法規次數,,次,2021,6
11347802,S,員工薪資,平均薪資,,仟元,2020,702
11347802,S,員工薪資,薪資中位數,,仟元,2020,654
07067309,S,員工薪資,平均薪資,,仟元,2020,573
07067309,S,員工薪資,薪資中位數,,仟元,2020,544
73008303,S,員工薪資,平均薪資,,仟元,2020,701
73008303,S,員工薪資,薪資中位數,,仟元,2020,591
35012903,S,員工薪資,平均薪資,,仟元,2020,397
35012903,S,員工薪資,薪資中位數,,仟元,2020,371
36514783,S,員工薪資,平均薪資,,仟元,2020,641
36514783,S,員工薪資,薪資中位數,,仟元,2020,504
73251209,S,員工薪資,平均薪資,,仟元,2020,1235
73251209,S,員工薪資,薪資中位數,,仟元,2020,1051
65534366,S,員工薪資,平均薪資,,仟元,2020,671
65534366,S,員工薪資,薪資中位數,,仟元,2020,559
59661701,S,員工薪資,平均薪資,,仟元,2020,748
59661701,S,員工薪資,薪資中位數,,仟元,2020,641
56192402,S,員工薪資,平均薪資,,仟元,2020,634
56192402,S,員工薪資,薪資中位數,,仟元,2020,591
03543210,S,員工薪資,平均薪資,,仟元,2020,561
03543210,S,員工薪資,薪資中位數,,仟元,2020,538
22102298,S,員工薪資,平均薪資,,仟元,2020,660
22102298,S,員工薪資,薪資中位數,,仟元,2020,585
22102473,S,員工薪資,平均薪資,,仟元,2020,800
22102473,S,員工薪資,薪資中位數,,仟元,2020,722
11996904,S,員工薪資,平均薪資,,仟元,2020,735
11996904,S,員工薪資,薪資中位數,,仟元,2020,677
07569627,S,員工薪資,平均薪資,,仟元,2020,589
07569627,S,員工薪資,薪資中位數,,仟元,2020,499
20927014,S,員工薪資,平均薪資,,仟元,2020,1561
20927014,S,員工薪資,薪資中位數,,仟元,2020,1356
18559415,S,員工薪資,平均薪資,,仟元,2020,510
18559415,S,員工薪資,薪資中位數,,仟元,2020,446
20651901,S,員工薪資,平均薪資,,仟元,2020,772
20651901,S,員工薪資,薪資中位數,,仟元,2020,669
85617982,S,員工薪資,平均薪資,,仟元,2020,382
85617982,S,員工薪資,薪資中位數,,仟元,2020,409
34106066,S,員工薪資,平均薪資,,仟元,2020,481
34106066,S,員工薪資,薪資中位數,,仟元,2020,425
23420497,S,員工薪資,平均薪資,,仟元,2020,734
23420497,S,員工薪資,薪資中位數,,仟元,2020,668
07305506,S,員工薪資,平均薪資,,仟元,2020,691
07305506,S,員工薪資,薪資中位數,,仟元,2020,593
89397503,S,員工薪資,平均薪資,,仟元,2020,930
89397503,S,員工薪資,薪資中位數,,仟元,2020,840
16962158,S,員工薪資,平均薪資,,仟元,2020,541
16962158,S,員工薪資,薪資中位數,,仟元,2020,508
76316325,S,員工薪資,平均薪資,,仟元,2020,644
76316325,S,員工薪資,薪資中位數,,仟元,2020,626
12529007,S,員工薪資,平均薪資,,仟元,2020,637
12529007,S,員工薪資,薪資中位數,,仟元,2020,607
43696296,S,員工薪資,平均薪資,,仟元,2020,552
43696296,S,員工薪資,薪資中位數,,仟元,2020,496
11347802,S,員工薪資,平均薪資,,仟元,2019,690
11347802,S,員工薪資,薪資中位數,,仟元,2019,646
07067309,S,員工薪資,平均薪資,,仟元,2019,558
07067309,S,員工薪資,薪資中位數,,仟元,2019,525
73008303,S,員工薪資,平均薪資,,仟元,2019,690
73008303,S,員工薪資,薪資中位數,,仟元,2019,564
35012903,S,員工薪資,平均薪資,,仟元,2019,384
35012903,S,員工薪資,薪資中位數,,仟元,2019,361
36514783,S,員工薪資,平均薪資,,仟元,2019,615
36514783,S,員工薪資,薪資中位數,,仟元,2019,473
73251209,S,員工薪資,平均薪資,,仟元,2019,1200
73251209,S,員工薪資,薪資中位數,,仟元,2019,1021
65534366,S,員工薪資,平均薪資,,仟元,2019,592
65534366,S,員工薪資,薪資中位數,,仟元,2019,498
59661701,S,員工薪資,平均薪資,,仟元,2019,690
59661701,S,員工薪資,薪資中位數,,仟元,2019,588
56192402,S,員工薪資,平均薪資,,仟元,2019,553
56192402,S,員工薪資,薪資中位數,,仟元,2019,515
03543210,S,員工薪資,平均薪資,,仟元,2019,520
03543210,S,員工薪資,薪資中位數,,仟元,2019,490
22102298,S,員工薪資,平均薪資,,仟元,2019,631
22102298,S,員工薪資,薪資中位數,,仟元,2019,554
22102473,S,員工薪資,平均薪資,,仟元,2019,759
22102473,S,員工薪資,薪資中位數,,仟元,2019,697
11996904,S,員工薪資,平均薪資,,仟元,2019,738
11996904,S,員工薪資,薪資中位數,,仟元,2019,649
07569627,S,員工薪資,平均薪資,,仟元,2019,573
07569627,S,員工薪資,薪資中位數,,仟元,2019,478
20927014,S,員工薪資,平均薪資,,仟元,2019,1411
20927014,S,員工薪資,薪資中位數,,仟元,2019,1269
18559415,S,員工薪資,平均薪資,,仟元,2019,538
18559415,S,員工薪資,薪資中位數,,仟元,2019,465
20651901,S,員工薪資,平均薪資,,仟元,2019,754
20651901,S,員工薪資,薪資中位數,,仟元,2019,649
85617982,S,員工薪資,平均薪資,,仟元,2019,312
85617982,S,員工薪資,薪資中位數,,仟元,2019,332
34106066,S,員工薪資,平均薪資,,仟元,2019,492
34106066,S,員工薪資,薪資中位數,,仟元,2019,420
23420497,S,員工薪資,平均薪資,,仟元,2019,674
23420497,S,員工薪資,薪資中位數,,仟元,2019,602
07305506,S,員工薪資,平均薪資,,仟元,2019,658
07305506,S,員工薪資,薪資中位數,,仟元,2019,553
89397503,S,員工薪資,平均薪資,,仟元,2019,907
89397503,S,員工薪資,薪資中位數,,仟元,2019,810
16962158,S,員工薪資,平均薪資,,仟元,2019,553
16962158,S,員工薪資,薪資中位數,,仟元,2019,474
76316325,S,員工薪資,平均薪資,,仟元,2019,626
76316325,S,員工薪資,薪資中位數,,仟元,2019,609
12529007,S,員工薪資,平均薪資,,仟元,2019,596
12529007,S,員工薪資,薪資中位數,,仟元,2019,557
43696296,S,員工薪資,平均薪資,,仟元,2019,460
43696296,S,員工薪資,薪資中位數,,仟元,2019,480
11347802,S,員工薪資,平均薪資,,仟元,2018,668
07067309,S,員工薪資,平均薪資,,仟元,2018,540
73008303,S,員工薪資,平均薪資,,仟元,2018,687
35012903,S,員工薪資,平均薪資,,仟元,2018,451
36514783,S,員工薪資,平均薪資,,仟元,2018,608
73251209,S,員工薪資,平均薪資,,仟元,2018,1160
65534366,S,員工薪資,平均薪資,,仟元,2018,586
59661701,S,員工薪資,平均薪資,,仟元,2018,655
56192402,S,員工薪資,平均薪資,,仟元,2018,532
03543210,S,員工薪資,平均薪資,,仟元,2018,481
22102298,S,員工薪資,平均薪資,,仟元,2018,561
22102473,S,員工薪資,平均薪資,,仟元,2018,741
11996904,S,員工薪資,平均薪資,,仟元,2018,668
07569627,S,員工薪資,平均薪資,,仟元,2018,570
20927014,S,員工薪資,平均薪資,,仟元,2018,1356
18559415,S,員工薪資,平均薪資,,仟元,2018,526
20651901,S,員工薪資,平均薪資,,仟元,2018,713
85617982,S,員工薪資,平均薪資,,仟元,2018,342
34106066,S,員工薪資,平均薪資,,仟元,2018,458
23420497,S,員工薪資,平均薪資,,仟元,2018,697
07305506,S,員工薪資,平均薪資,,仟元,2018,681
89397503,S,員工薪資,平均薪資,,仟元,2018,912
16962158,S,員工薪資,平均薪資,,仟元,2018,553
76316325,S,員工薪資,平均薪資,,仟元,2018,511
12529007,S,員工薪資,平均薪資,,仟元,2018,562
43696296,S,員工薪資,平均薪資,,仟元,2018,620
65534366,G,資本額,資本額,,元,2020,4945133360
65534366,G,資本額,資本額,,元,2019,4945133360
28814153,G,資本額,資本額,,元,2020,113458860
28814153,G,資本額,資本額,,元,2019,113458860
59661701,G,資本額,資本額,,元,2020,4999990380
59661701,G,資本額,資本額,,元,2019,4999990380
35012903,G,資本額,資本額,,元,2020,566226270
35012903,G,資本額,資本額,,元,2019,566226270
23420497,G,資本額,資本額,,元,2020,370643670
23420497,G,資本額,資本額,,元,2019,370643670
34106066,G,資本額,資本額,,元,2020,1083425100
34106066,G,資本額,資本額,,元,2019,1083425100
89955491,G,資本額,資本額,,元,2020,119093670
89955491,G,資本額,資本額,,元,2019,119093670
43696296,G,資本額,資本額,,元,2020,736907370
43696296,G,資本額,資本額,,元,2019,736907370
12529007,G,資本額,資本額,,元,2020,1729288320
12529007,G,資本額,資本額,,元,2019,1729288320
22102298,G,資本額,資本額,,元,2020,2187030510
22102298,G,資本額,資本額,,元,2019,2187030510
56121907,G,資本額,資本額,,元,2020,3751000000
56121907,G,資本額,資本額,,元,2019,3751000000
56192402,G,資本額,資本額,,元,2020,3220138870
56192402,G,資本額,資本額,,元,2019,3220138870
89480404,G,資本額,資本額,,元,2020,600000000
89480404,G,資本額,資本額,,元,2019,600000000
03543210,G,資本額,資本額,,元,2020,1790779000
03543210,G,資本額,資本額,,元,2019,1790779000
11347802,G,資本額,資本額,,元,2020,8000000000
11347802,G,資本額,資本額,,元,2019,8000000000
36514783,G,資本額,資本額,,元,2020,2679909980
36514783,G,資本額,資本額,,元,2019,2679909980
07067309,G,資本額,資本額,,元,2020,2400000000
07067309,G,資本額,資本額,,元,2019,2400000000
84478111,G,資本額,資本額,,元,2020,235460320
84478111,G,資本額,資本額,,元,2019,235460320
07569627,G,資本額,資本額,,元,2020,2017623940
07569627,G,資本額,資本額,,元,2019,2017623940
11996904,G,資本額,資本額,,元,2020,14096480360
11996904,G,資本額,資本額,,元,2019,14096480360
07305506,G,資本額,資本額,,元,2020,2941329000
07305506,G,資本額,資本額,,元,2019,2941329000
20651901,G,資本額,資本額,,元,2020,4018710940
20651901,G,資本額,資本額,,元,2019,4018710940
22102473,G,資本額,資本額,,元,2020,9150895910
22102473,G,資本額,資本額,,元,2019,9150895910
12467902,G,資本額,資本額,,元,2020,1020981820
12467902,G,資本額,資本額,,元,2019,1020981820
18559415,G,資本額,資本額,,元,2020,905919000
18559415,G,資本額,資本額,,元,2019,905919000
15319335,G,資本額,資本額,,元,2020,880000000
15319335,G,資本額,資本額,,元,2019,880000000
89397503,G,資本額,資本額,,元,2020,2780955000
89397503,G,資本額,資本額,,元,2019,2780955000
20927014,G,資本額,資本額,,元,2020,1778000000
20927014,G,資本額,資本額,,元,2019,1778000000
16962158,G,資本額,資本額,,元,2020,407893910
16962158,G,資本額,資本額,,元,2019,407893910
03794905,G,資本額,資本額,,元,2020,78288192000
03794905,G,資本額,資本額,,元,2019,78288192000
16635562,G,資本額,資本額,,元,2020,479880000
16635562,G,資本額,資本額,,元,2019,479880000
73008303,G,資本額,資本額,,元,2020,8521592590
73008303,G,資本額,資本額,,元,2019,8521592590
73251209,G,資本額,資本額,,元,2020,56820154210
73251209,G,資本額,資本額,,元,2019,56820154210
85617982,G,資本額,資本額,,元,2020,1043979850
85617982,G,資本額,資本額,,元,2019,1043979850
76316325,G,資本額,資本額,,元,2020,887720260
76316325,G,資本額,資本額,,元,2019,887720260
11347802,G,營運狀況,營業收入,,仟元,2020,18650871
11347802,G,營運狀況,營業成本,,仟元,2020,13206608
11347802,G,營運狀況,營業費用,,仟元,2020,4849210
11347802,G,營運狀況,淨利,,仟元,2020,536142
07067309,G,營運狀況,營業收入,,仟元,2020,6043700
07067309,G,營運狀況,營業成本,,仟元,2020,3999778
07067309,G,營運狀況,營業費用,,仟元,2020,1069011
07067309,G,營運狀況,淨利,,仟元,2020,693921
73008303,G,營運狀況,營業收入,,仟元,2020,81650892
73008303,G,營運狀況,營業成本,,仟元,2020,69388663
73008303,G,營運狀況,營業費用,,仟元,2020,8050281
73008303,G,營運狀況,淨利,,仟元,2020,4072346
35012903,G,營運狀況,營業收入,,仟元,2020,409612
35012903,G,營運狀況,營業成本,,仟元,2020,404063
35012903,G,營運狀況,營業費用,,仟元,2020,57997
35012903,G,營運狀況,淨利,,仟元,2020,-27252
36514783,G,營運狀況,營業收入,,仟元,2020,22189635
36514783,G,營運狀況,營業成本,,仟元,2020,18664912
36514783,G,營運狀況,營業費用,,仟元,2020,1652968
36514783,G,營運狀況,淨利,,仟元,2020,1639876
73251209,G,營運狀況,營業收入,,仟元,2020,447319979
73251209,G,營運狀況,營業成本,,仟元,2020,293289723
73251209,G,營運狀況,營業費用,,仟元,2020,124246365
73251209,G,營運狀況,淨利,,仟元,2020,30800665
65534366,G,營運狀況,營業收入,,仟元,2020,4614486
65534366,G,營運狀況,營業成本,,仟元,2020,3095482
65534366,G,營運狀況,營業費用,,仟元,2020,1302903
65534366,G,營運狀況,淨利,,仟元,2020,249394
59661701,G,營運狀況,營業收入,,仟元,2020,8356125
59661701,G,營運狀況,營業成本,,仟元,2020,6715645
59661701,G,營運狀況,營業費用,,仟元,2020,1323957
59661701,G,營運狀況,淨利,,仟元,2020,851541
56192402,G,營運狀況,營業收入,,仟元,2020,12324165
56192402,G,營運狀況,營業成本,,仟元,2020,10974663
56192402,G,營運狀況,營業費用,,仟元,2020,1026574
56192402,G,營運狀況,淨利,,仟元,2020,565233
03543210,G,營運狀況,營業收入,,仟元,2020,2775071
03543210,G,營運狀況,營業成本,,仟元,2020,2328094
03543210,G,營運狀況,營業費用,,仟元,2020,228628
03543210,G,營運狀況,淨利,,仟元,2020,189740
22102298,G,營運狀況,營業收入,,仟元,2020,10213493
22102298,G,營運狀況,營業成本,,仟元,2020,9143081
22102298,G,營運狀況,營業費用,,仟元,2020,604893
22102298,G,營運狀況,淨利,,仟元,2020,417787
22102473,G,營運狀況,營業收入,,仟元,2020,34466244
22102473,G,營運狀況,營業成本,,仟元,2020,24856790
22102473,G,營運狀況,營業費用,,仟元,2020,5565275
22102473,G,營運狀況,淨利,,仟元,2020,3255830
11996904,G,營運狀況,營業收入,,仟元,2020,9544161
11996904,G,營運狀況,營業成本,,仟元,2020,7507842
11996904,G,營運狀況,營業費用,,仟元,2020,986257
11996904,G,營運狀況,淨利,,仟元,2020,3499454
07569627,G,營運狀況,營業收入,,仟元,2020,8817321
07569627,G,營運狀況,營業成本,,仟元,2020,6930265
07569627,G,營運狀況,營業費用,,仟元,2020,1147806
07569627,G,營運狀況,淨利,,仟元,2020,685698
20927014,G,營運狀況,營業收入,,仟元,2020,17440979
20927014,G,營運狀況,營業成本,,仟元,2020,14992999
20927014,G,營運狀況,營業費用,,仟元,2020,829844
20927014,G,營運狀況,淨利,,仟元,2020,1322623
18559415,G,營運狀況,營業收入,,仟元,2020,1906194
18559415,G,營運狀況,營業成本,,仟元,2020,810867
18559415,G,營運狀況,營業費用,,仟元,2020,1030345
18559415,G,營運狀況,淨利,,仟元,2020,57383
20651901,G,營運狀況,營業收入,,仟元,2020,9204945
20651901,G,營運狀況,營業成本,,仟元,2020,6569791
20651901,G,營運狀況,營業費用,,仟元,2020,2019618
20651901,G,營運狀況,淨利,,仟元,2020,890163
85617982,G,營運狀況,營業收入,,仟元,2020,78579
85617982,G,營運狀況,營業成本,,仟元,2020,42078
85617982,G,營運狀況,營業費用,,仟元,2020,18701
85617982,G,營運狀況,淨利,,仟元,2020,65636
34106066,G,營運狀況,營業收入,,仟元,2020,1637280
34106066,G,營運狀況,營業成本,,仟元,2020,1168904
34106066,G,營運狀況,營業費用,,仟元,2020,479868
34106066,G,營運狀況,淨利,,仟元,2020,180
03794905,G,營運狀況,營業收入,,仟元,2020,25435173
03794905,G,營運狀況,營業成本,,仟元,2020,19825005
03794905,G,營運狀況,營業費用,,仟元,2020,4130895
03794905,G,營運狀況,淨利,,仟元,2020,4567149
15319335,G,營運狀況,營業收入,,仟元,2020,2731492
15319335,G,營運狀況,營業成本,,仟元,2020,1521200
15319335,G,營運狀況,營業費用,,仟元,2020,1372629
15319335,G,營運狀況,淨利,,仟元,2020,5528
89480404,G,營運狀況,營業收入,,仟元,2020,7172390
89480404,G,營運狀況,營業成本,,仟元,2020,6901391
89480404,G,營運狀況,營業費用,,仟元,2020,122528
89480404,G,營運狀況,淨利,,仟元,2020,118982
37759808,G,營運狀況,營業收入,,仟元,2020,3479683
37759808,G,營運狀況,營業成本,,仟元,2020,1880717
37759808,G,營運狀況,營業費用,,仟元,2020,608960
37759808,G,營運狀況,淨利,,仟元,2020,776806
12467902,G,營運狀況,營業收入,,仟元,2020,3763902
12467902,G,營運狀況,營業成本,,仟元,2020,3267390
12467902,G,營運狀況,營業費用,,仟元,2020,338444
12467902,G,營運狀況,淨利,,仟元,2020,128923
84478111,G,營運狀況,營業收入,,仟元,2020,67637
84478111,G,營運狀況,營業成本,,仟元,2020,25744
84478111,G,營運狀況,營業費用,,仟元,2020,38141
84478111,G,營運狀況,淨利,,仟元,2020,4474
89955491,G,營運狀況,營業收入,,仟元,2020,425957
89955491,G,營運狀況,營業成本,,仟元,2020,237684
89955491,G,營運狀況,營業費用,,仟元,2020,142809
89955491,G,營運狀況,淨利,,仟元,2020,43293
07305506,G,營運狀況,營業收入,,仟元,2020,17621763
07305506,G,營運狀況,營業成本,,仟元,2020,11682430
07305506,G,營運狀況,營業費用,,仟元,2020,4261588
07305506,G,營運狀況,淨利,,仟元,2020,995601
89397503,G,營運狀況,營業收入,,仟元,2020,3130347
89397503,G,營運狀況,營業成本,,仟元,2020,1822755
89397503,G,營運狀況,營業費用,,仟元,2020,844271
89397503,G,營運狀況,淨利,,仟元,2020,374589
11347802,G,營運狀況,營業收入,,仟元,2019,20228119
11347802,G,營運狀況,營業成本,,仟元,2019,14105933
11347802,G,營運狀況,營業費用,,仟元,2019,5577580
11347802,G,營運狀況,淨利,,仟元,2019,1350879
07067309,G,營運狀況,營業收入,,仟元,2019,6323237
07067309,G,營運狀況,營業成本,,仟元,2019,4343282
07067309,G,營運狀況,營業費用,,仟元,2019,1056425
07067309,G,營運狀況,淨利,,仟元,2019,717479
73008303,G,營運狀況,營業收入,,仟元,2019,77769986
73008303,G,營運狀況,營業成本,,仟元,2019,66038732
73008303,G,營運狀況,營業費用,,仟元,2019,8010040
73008303,G,營運狀況,淨利,,仟元,2019,2974027
35012903,G,營運狀況,營業收入,,仟元,2019,435368
35012903,G,營運狀況,營業成本,,仟元,2019,408362
35012903,G,營運狀況,營業費用,,仟元,2019,64245
35012903,G,營運狀況,淨利,,仟元,2019,-43093
36514783,G,營運狀況,營業收入,,仟元,2019,21173634
36514783,G,營運狀況,營業成本,,仟元,2019,18151257
36514783,G,營運狀況,營業費用,,仟元,2019,1550669
36514783,G,營運狀況,淨利,,仟元,2019,1823383
73251209,G,營運狀況,營業收入,,仟元,2019,447977703
73251209,G,營運狀況,營業成本,,仟元,2019,294014598
73251209,G,營運狀況,營業費用,,仟元,2019,124335465
73251209,G,營運狀況,淨利,,仟元,2019,28483554
65534366,G,營運狀況,營業收入,,仟元,2019,4468238
65534366,G,營運狀況,營業成本,,仟元,2019,3057727
65534366,G,營運狀況,營業費用,,仟元,2019,1278477
65534366,G,營運狀況,淨利,,仟元,2019,65333
59661701,G,營運狀況,營業收入,,仟元,2019,8000584
59661701,G,營運狀況,營業成本,,仟元,2019,6545893
59661701,G,營運狀況,營業費用,,仟元,2019,1295263
59661701,G,營運狀況,淨利,,仟元,2019,582201
56192402,G,營運狀況,營業收入,,仟元,2019,12259254
56192402,G,營運狀況,營業成本,,仟元,2019,11262328
56192402,G,營運狀況,營業費用,,仟元,2019,962491
56192402,G,營運狀況,淨利,,仟元,2019,141379
03543210,G,營運狀況,營業收入,,仟元,2019,2982351
03543210,G,營運狀況,營業成本,,仟元,2019,2563623
03543210,G,營運狀況,營業費用,,仟元,2019,236781
03543210,G,營運狀況,淨利,,仟元,2019,140084
22102298,G,營運狀況,營業收入,,仟元,2019,10646506
22102298,G,營運狀況,營業成本,,仟元,2019,9633963
22102298,G,營運狀況,營業費用,,仟元,2019,604456
22102298,G,營運狀況,淨利,,仟元,2019,395480
22102473,G,營運狀況,營業收入,,仟元,2019,31266232
22102473,G,營運狀況,營業成本,,仟元,2019,21635219
22102473,G,營運狀況,營業費用,,仟元,2019,5207140
22102473,G,營運狀況,淨利,,仟元,2019,3454836
11996904,G,營運狀況,營業收入,,仟元,2019,8271293
11996904,G,營運狀況,營業成本,,仟元,2019,6401664
11996904,G,營運狀況,營業費用,,仟元,2019,914259
11996904,G,營運狀況,淨利,,仟元,2019,3146096
07569627,G,營運狀況,營業收入,,仟元,2019,8588903
07569627,G,營運狀況,營業成本,,仟元,2019,6729864
07569627,G,營運狀況,營業費用,,仟元,2019,1268755
07569627,G,營運狀況,淨利,,仟元,2019,524680
20927014,G,營運狀況,營業收入,,仟元,2019,17150108
20927014,G,營運狀況,營業成本,,仟元,2019,15131192
20927014,G,營運狀況,營業費用,,仟元,2019,788140
20927014,G,營運狀況,淨利,,仟元,2019,999104
18559415,G,營運狀況,營業收入,,仟元,2019,2247585
18559415,G,營運狀況,營業成本,,仟元,2019,946584
18559415,G,營運狀況,營業費用,,仟元,2019,1122572
18559415,G,營運狀況,淨利,,仟元,2019,156896
20651901,G,營運狀況,營業收入,,仟元,2019,9145655
20651901,G,營運狀況,營業成本,,仟元,2019,6695015
20651901,G,營運狀況,營業費用,,仟元,2019,1974991
20651901,G,營運狀況,淨利,,仟元,2019,846511
85617982,G,營運狀況,營業收入,,仟元,2019,61778
85617982,G,營運狀況,營業成本,,仟元,2019,30508
85617982,G,營運狀況,營業費用,,仟元,2019,16277
85617982,G,營運狀況,淨利,,仟元,2019,46889
34106066,G,營運狀況,營業收入,,仟元,2019,1864663
34106066,G,營運狀況,營業成本,,仟元,2019,1362092
34106066,G,營運狀況,營業費用,,仟元,2019,501571
34106066,G,營運狀況,淨利,,仟元,2019,15779
03794905,G,營運狀況,營業收入,,仟元,2019,26409607
03794905,G,營運狀況,營業成本,,仟元,2019,20954606
03794905,G,營運狀況,營業費用,,仟元,2019,4181489
03794905,G,營運狀況,淨利,,仟元,2019,2742529
15319335,G,營運狀況,營業收入,,仟元,2019,3465735
15319335,G,營運狀況,營業成本,,仟元,2019,1742362
15319335,G,營運狀況,營業費用,,仟元,2019,1647093
15319335,G,營運狀況,淨利,,仟元,2019,126412
89480404,G,營運狀況,營業收入,,仟元,2019,7078083
89480404,G,營運狀況,營業成本,,仟元,2019,6837939
89480404,G,營運狀況,營業費用,,仟元,2019,129546
89480404,G,營運狀況,淨利,,仟元,2019,84301
37759808,G,營運狀況,營業收入,,仟元,2019,3520879
37759808,G,營運狀況,營業成本,,仟元,2019,2164020
37759808,G,營運狀況,營業費用,,仟元,2019,603708
37759808,G,營運狀況,淨利,,仟元,2019,547716
12467902,G,營運狀況,營業收入,,仟元,2019,4260496
12467902,G,營運狀況,營業成本,,仟元,2019,3682633
12467902,G,營運狀況,營業費用,,仟元,2019,381721
12467902,G,營運狀況,淨利,,仟元,2019,116324
84478111,G,營運狀況,營業收入,,仟元,2019,52159
84478111,G,營運狀況,營業成本,,仟元,2019,15924
84478111,G,營運狀況,營業費用,,仟元,2019,34080
84478111,G,營運狀況,淨利,,仟元,2019,4227
89955491,G,營運狀況,營業收入,,仟元,2019,286608
89955491,G,營運狀況,營業成本,,仟元,2019,157413
89955491,G,營運狀況,營業費用,,仟元,2019,135456
89955491,G,營運狀況,淨利,,仟元,2019,-5590
07305506,G,營運狀況,營業收入,,仟元,2019,18343979
07305506,G,營運狀況,營業成本,,仟元,2019,11918057
07305506,G,營運狀況,營業費用,,仟元,2019,4754834
07305506,G,營運狀況,淨利,,仟元,2019,1013307
89397503,G,營運狀況,營業收入,,仟元,2019,2906615
89397503,G,營運狀況,營業成本,,仟元,2019,1696299
89397503,G,營運狀況,營業費用,,仟元,2019,790558
89397503,G,營運狀況,淨利,,仟元,2019,345503
11347802,G,營運狀況,營業收入,,仟元,2018,19436763
11347802,G,營運狀況,營業成本,,仟元,2018,13398214
11347802,G,營運狀況,營業費用,,仟元,2018,5525400
11347802,G,營運狀況,淨利,,仟元,2018,869091
07067309,G,營運狀況,營業收入,,仟元,2018,6081031
07067309,G,營運狀況,營業成本,,仟元,2018,4111026
07067309,G,營運狀況,營業費用,,仟元,2018,993409
07067309,G,營運狀況,淨利,,仟元,2018,704325
73008303,G,營運狀況,營業收入,,仟元,2018,72442933
73008303,G,營運狀況,營業成本,,仟元,2018,62354838
73008303,G,營運狀況,營業費用,,仟元,2018,7815474
73008303,G,營運狀況,淨利,,仟元,2018,2413606
35012903,G,營運狀況,營業收入,,仟元,2018,594238
35012903,G,營運狀況,營業成本,,仟元,2018,540347
35012903,G,營運狀況,營業費用,,仟元,2018,65665
35012903,G,營運狀況,淨利,,仟元,2018,-89579
36514783,G,營運狀況,營業收入,,仟元,2018,21235086
36514783,G,營運狀況,營業成本,,仟元,2018,18377736
36514783,G,營運狀況,營業費用,,仟元,2018,1579305
36514783,G,營運狀況,淨利,,仟元,2018,995060
73251209,G,營運狀況,營業收入,,仟元,2018,431445520
73251209,G,營運狀況,營業成本,,仟元,2018,286160653
73251209,G,營運狀況,營業費用,,仟元,2018,118298458
73251209,G,營運狀況,淨利,,仟元,2018,26945173
65534366,G,營運狀況,營業收入,,仟元,2018,4321819
65534366,G,營運狀況,營業成本,,仟元,2018,2941256
65534366,G,營運狀況,營業費用,,仟元,2018,1313529
65534366,G,營運狀況,淨利,,仟元,2018,62687
59661701,G,營運狀況,營業收入,,仟元,2018,7901670
59661701,G,營運狀況,營業成本,,仟元,2018,6468636
59661701,G,營運狀況,營業費用,,仟元,2018,1341737
59661701,G,營運狀況,淨利,,仟元,2018,464682
56192402,G,營運狀況,營業收入,,仟元,2018,11709984
56192402,G,營運狀況,營業成本,,仟元,2018,10902412
56192402,G,營運狀況,營業費用,,仟元,2018,872769
56192402,G,營運狀況,淨利,,仟元,2018,-95623
03543210,G,營運狀況,營業收入,,仟元,2018,2747263
03543210,G,營運狀況,營業成本,,仟元,2018,2409947
03543210,G,營運狀況,營業費用,,仟元,2018,226980
03543210,G,營運狀況,淨利,,仟元,2018,112715
22102298,G,營運狀況,營業收入,,仟元,2018,11243509
22102298,G,營運狀況,營業成本,,仟元,2018,10332888
22102298,G,營運狀況,營業費用,,仟元,2018,608864
22102298,G,營運狀況,淨利,,仟元,2018,300502
22102473,G,營運狀況,營業收入,,仟元,2018,27340587
22102473,G,營運狀況,營業成本,,仟元,2018,19086242
22102473,G,營運狀況,營業費用,,仟元,2018,5104509
22102473,G,營運狀況,淨利,,仟元,2018,2968307
11996904,G,營運狀況,營業收入,,仟元,2018,5097818
11996904,G,營運狀況,營業成本,,仟元,2018,4265761
11996904,G,營運狀況,營業費用,,仟元,2018,531884
11996904,G,營運狀況,淨利,,仟元,2018,2473440
07569627,G,營運狀況,營業收入,,仟元,2018,8116880
07569627,G,營運狀況,營業成本,,仟元,2018,6338806
07569627,G,營運狀況,營業費用,,仟元,2018,1157723
07569627,G,營運狀況,淨利,,仟元,2018,541701
20927014,G,營運狀況,營業收入,,仟元,2018,16948746
20927014,G,營運狀況,營業成本,,仟元,2018,15091718
20927014,G,營運狀況,營業費用,,仟元,2018,745148
20927014,G,營運狀況,淨利,,仟元,2018,926310
18559415,G,營運狀況,營業收入,,仟元,2018,2193118
18559415,G,營運狀況,營業成本,,仟元,2018,936979
18559415,G,營運狀況,營業費用,,仟元,2018,1091727
18559415,G,營運狀況,淨利,,仟元,2018,174699
20651901,G,營運狀況,營業收入,,仟元,2018,8901634
20651901,G,營運狀況,營業成本,,仟元,2018,6783973
20651901,G,營運狀況,營業費用,,仟元,2018,1893990
20651901,G,營運狀況,淨利,,仟元,2018,696309
85617982,G,營運狀況,營業收入,,仟元,2018,57652
85617982,G,營運狀況,營業成本,,仟元,2018,30891
85617982,G,營運狀況,營業費用,,仟元,2018,21100
85617982,G,營運狀況,淨利,,仟元,2018,105973
34106066,G,營運狀況,營業收入,,仟元,2018,1972592
34106066,G,營運狀況,營業成本,,仟元,2018,1445695
34106066,G,營運狀況,營業費用,,仟元,2018,520226
34106066,G,營運狀況,淨利,,仟元,2018,13267
03794905,G,營運狀況,營業收入,,仟元,2018,29811351
03794905,G,營運狀況,營業成本,,仟元,2018,22996544
03794905,G,營運狀況,營業費用,,仟元,2018,5123054
03794905,G,營運狀況,淨利,,仟元,2018,7163351
89480404,G,營運狀況,營業收入,,仟元,2018,6684118
89480404,G,營運狀況,營業成本,,仟元,2018,6472878
89480404,G,營運狀況,營業費用,,仟元,2018,121776
89480404,G,營運狀況,淨利,,仟元,2018,68233
37759808,G,營運狀況,營業收入,,仟元,2018,3221239
37759808,G,營運狀況,營業成本,,仟元,2018,2077143
37759808,G,營運狀況,營業費用,,仟元,2018,539712
37759808,G,營運狀況,淨利,,仟元,2018,441735
12467902,G,營運狀況,營業收入,,仟元,2018,3739129
12467902,G,營運狀況,營業成本,,仟元,2018,3069405
12467902,G,營運狀況,營業費用,,仟元,2018,366311
12467902,G,營運狀況,淨利,,仟元,2018,192867
07305506,G,營運狀況,營業收入,,仟元,2018,18287354
07305506,G,營運狀況,營業成本,,仟元,2018,12209502
07305506,G,營運狀況,營業費用,,仟元,2018,4407582
07305506,G,營運狀況,淨利,,仟元,2018,1061813
89397503,G,營運狀況,營業收入,,仟元,2018,3001462
89397503,G,營運狀況,營業成本,,仟元,2018,1800389
89397503,G,營運狀況,營業費用,,仟元,2018,782571
89397503,G,營運狀況,淨利,,仟元,2018,452741
11347802,G,營運狀況,營業收入,,仟元,2017,17749330
11347802,G,營運狀況,營業成本,,仟元,2017,12195918
11347802,G,營運狀況,營業費用,,仟元,2017,5219948
11347802,G,營運狀況,淨利,,仟元,2017,893425
07067309,G,營運狀況,營業收入,,仟元,2017,6195171
07067309,G,營運狀況,營業成本,,仟元,2017,4174915
07067309,G,營運狀況,營業費用,,仟元,2017,967461
07067309,G,營運狀況,淨利,,仟元,2017,746401
73008303,G,營運狀況,營業收入,,仟元,2017,75931014
73008303,G,營運狀況,營業成本,,仟元,2017,65698281
73008303,G,營運狀況,營業費用,,仟元,2017,7219586
73008303,G,營運狀況,淨利,,仟元,2017,2652612
35012903,G,營運狀況,營業收入,,仟元,2017,649522
35012903,G,營運狀況,營業成本,,仟元,2017,581030
35012903,G,營運狀況,營業費用,,仟元,2017,69570
35012903,G,營運狀況,淨利,,仟元,2017,1985
36514783,G,營運狀況,營業收入,,仟元,2017,19865000
36514783,G,營運狀況,營業成本,,仟元,2017,16537014
36514783,G,營運狀況,營業費用,,仟元,2017,1581741
36514783,G,營運狀況,淨利,,仟元,2017,1477381
73251209,G,營運狀況,營業收入,,仟元,2017,399860953
73251209,G,營運狀況,營業成本,,仟元,2017,267120282
73251209,G,營運狀況,營業費用,,仟元,2017,110383596
73251209,G,營運狀況,淨利,,仟元,2017,59965087
65534366,G,營運狀況,營業收入,,仟元,2017,4146490
65534366,G,營運狀況,營業成本,,仟元,2017,2841819
65534366,G,營運狀況,營業費用,,仟元,2017,1309742
65534366,G,營運狀況,淨利,,仟元,2017,145153
59661701,G,營運狀況,營業收入,,仟元,2017,7681801
59661701,G,營運狀況,營業成本,,仟元,2017,6350437
59661701,G,營運狀況,營業費用,,仟元,2017,1368037
59661701,G,營運狀況,淨利,,仟元,2017,317272
56192402,G,營運狀況,營業收入,,仟元,2017,10822788
56192402,G,營運狀況,營業成本,,仟元,2017,9926328
56192402,G,營運狀況,營業費用,,仟元,2017,885493
56192402,G,營運狀況,淨利,,仟元,2017,54983
03543210,G,營運狀況,營業收入,,仟元,2017,2366605
03543210,G,營運狀況,營業成本,,仟元,2017,2091721
03543210,G,營運狀況,營業費用,,仟元,2017,200568
03543210,G,營運狀況,淨利,,仟元,2017,84163
22102298,G,營運狀況,營業收入,,仟元,2017,10757313
22102298,G,營運狀況,營業成本,,仟元,2017,9721443
22102298,G,營運狀況,營業費用,,仟元,2017,594659
22102298,G,營運狀況,淨利,,仟元,2017,320546
22102473,G,營運狀況,營業收入,,仟元,2017,26477924
22102473,G,營運狀況,營業成本,,仟元,2017,19077969
22102473,G,營運狀況,營業費用,,仟元,2017,4605077
22102473,G,營運狀況,淨利,,仟元,2017,2209909
11996904,G,營運狀況,營業收入,,仟元,2017,4845301
11996904,G,營運狀況,營業成本,,仟元,2017,3820209
11996904,G,營運狀況,營業費用,,仟元,2017,543069
11996904,G,營運狀況,淨利,,仟元,2017,2959218
07569627,G,營運狀況,營業收入,,仟元,2017,7031023
07569627,G,營運狀況,營業成本,,仟元,2017,5585534
07569627,G,營運狀況,營業費用,,仟元,2017,1009921
07569627,G,營運狀況,淨利,,仟元,2017,407091
20927014,G,營運狀況,營業收入,,仟元,2017,16884341
20927014,G,營運狀況,營業成本,,仟元,2017,15199125
20927014,G,營運狀況,營業費用,,仟元,2017,670600
20927014,G,營運狀況,淨利,,仟元,2017,831835
18559415,G,營運狀況,營業收入,,仟元,2017,2130351
18559415,G,營運狀況,營業成本,,仟元,2017,917971
18559415,G,營運狀況,營業費用,,仟元,2017,1019252
18559415,G,營運狀況,淨利,,仟元,2017,175372
20651901,G,營運狀況,營業收入,,仟元,2017,9090115
20651901,G,營運狀況,營業成本,,仟元,2017,6755080
20651901,G,營運狀況,營業費用,,仟元,2017,2164981
20651901,G,營運狀況,淨利,,仟元,2017,543356
85617982,G,營運狀況,營業收入,,仟元,2017,76878
85617982,G,營運狀況,營業成本,,仟元,2017,72080
85617982,G,營運狀況,營業費用,,仟元,2017,25164
85617982,G,營運狀況,淨利,,仟元,2017,306864
34106066,G,營運狀況,營業收入,,仟元,2017,1878973
34106066,G,營運狀況,營業成本,,仟元,2017,1376229
34106066,G,營運狀況,營業費用,,仟元,2017,502642
34106066,G,營運狀況,淨利,,仟元,2017,5067
03794905,G,營運狀況,營業收入,,仟元,2017,31749691
03794905,G,營運狀況,營業成本,,仟元,2017,24096334
03794905,G,營運狀況,營業費用,,仟元,2017,5073339
03794905,G,營運狀況,淨利,,仟元,2017,5537732
89480404,G,營運狀況,營業收入,,仟元,2017,6505352
89480404,G,營運狀況,營業成本,,仟元,2017,6313463
89480404,G,營運狀況,營業費用,,仟元,2017,111474
89480404,G,營運狀況,淨利,,仟元,2017,62972
37759808,G,營運狀況,營業收入,,仟元,2017,2917183
37759808,G,營運狀況,營業成本,,仟元,2017,2044393
37759808,G,營運狀況,營業費用,,仟元,2017,423185
37759808,G,營運狀況,淨利,,仟元,2017,287162
12467902,G,營運狀況,營業收入,,仟元,2017,3074778
12467902,G,營運狀況,營業成本,,仟元,2017,2538608
12467902,G,營運狀況,營業費用,,仟元,2017,323685
12467902,G,營運狀況,淨利,,仟元,2017,113277
84478111,G,營運狀況,營業收入,,仟元,2017,34292
84478111,G,營運狀況,營業成本,,仟元,2017,45168
84478111,G,營運狀況,營業費用,,仟元,2017,77479
84478111,G,營運狀況,淨利,,仟元,2017,-92120
07305506,G,營運狀況,營業收入,,仟元,2017,17172886
07305506,G,營運狀況,營業成本,,仟元,2017,11558740
07305506,G,營運狀況,營業費用,,仟元,2017,4203426
07305506,G,營運狀況,淨利,,仟元,2017,995050
89397503,G,營運狀況,營業收入,,仟元,2017,2757075
89397503,G,營運狀況,營業成本,,仟元,2017,1618218
89397503,G,營運狀況,營業費用,,仟元,2017,720769
89397503,G,營運狀況,淨利,,仟元,2017,353694
11347802,G,營運狀況,營業收入,,仟元,2016,17074511
11347802,G,營運狀況,營業成本,,仟元,2016,12488557
11347802,G,營運狀況,營業費用,,仟元,2016,5973176
11347802,G,營運狀況,淨利,,仟元,2016,-1084302
07067309,G,營運狀況,營業收入,,仟元,2016,6346767
07067309,G,營運狀況,營業成本,,仟元,2016,4615049
07067309,G,營運狀況,營業費用,,仟元,2016,981637
07067309,G,營運狀況,淨利,,仟元,2016,630234
73008303,G,營運狀況,營業收入,,仟元,2016,75795660
73008303,G,營運狀況,營業成本,,仟元,2016,65867986
73008303,G,營運狀況,營業費用,,仟元,2016,7183972
73008303,G,營運狀況,淨利,,仟元,2016,2561262
35012903,G,營運狀況,營業收入,,仟元,2016,671770
35012903,G,營運狀況,營業成本,,仟元,2016,588272
35012903,G,營運狀況,營業費用,,仟元,2016,72383
35012903,G,營運狀況,淨利,,仟元,2016,15165
36514783,G,營運狀況,營業收入,,仟元,2016,18172909
36514783,G,營運狀況,營業成本,,仟元,2016,15352493
36514783,G,營運狀況,營業費用,,仟元,2016,1304089
36514783,G,營運狀況,淨利,,仟元,2016,1289405
73251209,G,營運狀況,營業收入,,仟元,2016,413364315
73251209,G,營運狀況,營業成本,,仟元,2016,275714218
73251209,G,營運狀況,營業費用,,仟元,2016,116559031
73251209,G,營運狀況,淨利,,仟元,2016,23675436
65534366,G,營運狀況,營業收入,,仟元,2016,4114545
65534366,G,營運狀況,營業成本,,仟元,2016,2813592
65534366,G,營運狀況,營業費用,,仟元,2016,1332561
65534366,G,營運狀況,淨利,,仟元,2016,115377
59661701,G,營運狀況,營業收入,,仟元,2016,8110827
59661701,G,營運狀況,營業成本,,仟元,2016,6683995
59661701,G,營運狀況,營業費用,,仟元,2016,1276107
59661701,G,營運狀況,淨利,,仟元,2016,121608
56192402,G,營運狀況,營業收入,,仟元,2016,10965542
56192402,G,營運狀況,營業成本,,仟元,2016,9984700
56192402,G,營運狀況,營業費用,,仟元,2016,905419
56192402,G,營運狀況,淨利,,仟元,2016,57610
03543210,G,營運狀況,營業收入,,仟元,2016,2863712
03543210,G,營運狀況,營業成本,,仟元,2016,2467663
03543210,G,營運狀況,營業費用,,仟元,2016,239441
03543210,G,營運狀況,淨利,,仟元,2016,188259
22102298,G,營運狀況,營業收入,,仟元,2016,10919454
22102298,G,營運狀況,營業成本,,仟元,2016,9733934
22102298,G,營運狀況,營業費用,,仟元,2016,606754
22102298,G,營運狀況,淨利,,仟元,2016,486777
22102473,G,營運狀況,營業收入,,仟元,2016,27073564
22102473,G,營運狀況,營業成本,,仟元,2016,19068515
22102473,G,營運狀況,營業費用,,仟元,2016,4993497
22102473,G,營運狀況,淨利,,仟元,2016,2637756
11996904,G,營運狀況,營業收入,,仟元,2016,5223429
11996904,G,營運狀況,營業成本,,仟元,2016,4031401
11996904,G,營運狀況,營業費用,,仟元,2016,556208
11996904,G,營運狀況,淨利,,仟元,2016,2141358
07569627,G,營運狀況,營業收入,,仟元,2016,6717558
07569627,G,營運狀況,營業成本,,仟元,2016,5280303
07569627,G,營運狀況,營業費用,,仟元,2016,951118
07569627,G,營運狀況,淨利,,仟元,2016,472861
20927014,G,營運狀況,營業收入,,仟元,2016,17384090
20927014,G,營運狀況,營業成本,,仟元,2016,15640159
20927014,G,營運狀況,營業費用,,仟元,2016,643598
20927014,G,營運狀況,淨利,,仟元,2016,902771
18559415,G,營運狀況,營業收入,,仟元,2016,2134778
18559415,G,營運狀況,營業成本,,仟元,2016,929196
18559415,G,營運狀況,營業費用,,仟元,2016,1019675
18559415,G,營運狀況,淨利,,仟元,2016,169860
20651901,G,營運狀況,營業收入,,仟元,2016,8762410
20651901,G,營運狀況,營業成本,,仟元,2016,6442732
20651901,G,營運狀況,營業費用,,仟元,2016,2169711
20651901,G,營運狀況,淨利,,仟元,2016,1106089
85617982,G,營運狀況,營業收入,,仟元,2016,117867
85617982,G,營運狀況,營業成本,,仟元,2016,75143
85617982,G,營運狀況,營業費用,,仟元,2016,77170
85617982,G,營運狀況,淨利,,仟元,2016,224063
03794905,G,營運狀況,營業收入,,仟元,2016,32974720
03794905,G,營運狀況,營業成本,,仟元,2016,24170534
03794905,G,營運狀況,營業費用,,仟元,2016,5091362
03794905,G,營運狀況,淨利,,仟元,2016,5780656
37759808,G,營運狀況,營業收入,,仟元,2016,2679294
37759808,G,營運狀況,營業成本,,仟元,2016,1893934
37759808,G,營運狀況,營業費用,,仟元,2016,402293
37759808,G,營運狀況,淨利,,仟元,2016,227905
12467902,G,營運狀況,營業收入,,仟元,2016,2752756
12467902,G,營運狀況,營業成本,,仟元,2016,2254872
12467902,G,營運狀況,營業費用,,仟元,2016,324989
12467902,G,營運狀況,淨利,,仟元,2016,288835
84478111,G,營運狀況,營業收入,,仟元,2016,36680
84478111,G,營運狀況,營業成本,,仟元,2016,36178
84478111,G,營運狀況,營業費用,,仟元,2016,60170
84478111,G,營運狀況,淨利,,仟元,2016,-56663
07305506,G,營運狀況,營業收入,,仟元,2016,16299714
07305506,G,營運狀況,營業成本,,仟元,2016,10160025
07305506,G,營運狀況,營業費用,,仟元,2016,4116325
07305506,G,營運狀況,淨利,,仟元,2016,1170309
89397503,G,營運狀況,營業收入,,仟元,2016,2755185
89397503,G,營運狀況,營業成本,,仟元,2016,1606345
89397503,G,營運狀況,營業費用,,仟元,2016,739017
89397503,G,營運狀況,淨利,,仟元,2016,351967
73251209,X,相關金融商品,元大臺灣ESG永續ETF基金,,,2019,T
73251209,X,相關金融商品,國泰ESG永續高股息,,,2019,T
73251209,X,相關金融商品,富邦臺灣公司治理100基金,,,2019,T
73251209,X,相關金融商品,元大臺灣ESG永續ETF基金,,,2018,T
73251209,X,相關金融商品,國泰ESG永續高股息,,,2018,T
73251209,X,相關金融商品,富邦臺灣公司治理100基金,,,2018,T
11996904,X,相關金融商品,富邦臺灣公司治理100基金,,,2019,T
11996904,X,相關金融商品,富邦臺灣公司治理100基金,,,2018,T
73251209,X,相關金融商品,元大臺灣ESG永續ETF基金,,,2020,T
73251209,X,相關金融商品,國泰ESG永續高股息,,,2020,T
73251209,X,相關金融商品,富邦臺灣公司治理100基金,,,2020,T
11996904,X,相關金融商品,富邦臺灣公司治理100基金,,,2020,T
