統編,分類,子分類,項目,來自公司報告,單位,年份,數值
33144175,E,溫室氣體排放,範疇一直接排放,,公噸CO2e,2022,13259.869699999996
33144175,E,溫室氣體排放,範疇二間接排放,,公噸CO2e,2022,39478.2283
33144175,E,溫室氣體排放,直接＋間接排放,,公噸CO2e,2022,52738.098
12860948,E,溫室氣體排放,溫室氣體減量目標說明,,,2021,NA
12860948,E,溫室氣體排放,溫室氣體減量承諾,,,2021,未填報
12667444,E,溫室氣體排放,溫室氣體減量目標說明,,,2021,NA
12667444,E,溫室氣體排放,溫室氣體減量承諾,,,2021,未填報
86140894,E,溫室氣體排放,溫室氣體減量目標說明,,,2021,"項  目109年總量 109年每m2均量110年總量 110年每m2均量每m2均量較前一年增(減)溫室氣體   295,553     66.60      300,959      66.95               0.35(CO2當量) 用水量(度)   4,505      1.02   3,954       0.88         (0.14)廢棄物(Kg)  10,020      2.26   7,900       1.76         (0.50)因溫室氣體排放量與出租面積具有正相關，故以出租面積平均排放量逐年遞減為永續發展的目標之一。本公司 110年度溫室氣體排放總量較109年增加，而出租面積之全年平均溫室氣體排放量、用水量及廢棄物產生量，分別微增與下降，預計115年每平方公尺平均溫室氣體排放量、用水量及廢棄物產生量均將較目前分別減少10%。"
86140894,E,溫室氣體排放,溫室氣體減量承諾,,,2021,有減碳目標
16126477,E,溫室氣體排放,溫室氣體減量目標說明,,,2021,NA
16126477,E,溫室氣體排放,溫室氣體減量承諾,,,2021,未填報
07648290,E,溫室氣體排放,溫室氣體減量目標說明,,,2021,年度排放總量與建案數量及使用人數相關，將以平均排放量逐年遞減為目標。
07648290,E,溫室氣體排放,溫室氣體減量承諾,,,2021,無目標
22099391,E,溫室氣體排放,溫室氣體減量目標說明,,,2021,評估規劃中。
22099391,E,溫室氣體排放,溫室氣體減量承諾,,,2021,無目標
04738240,E,溫室氣體排放,溫室氣體減量目標說明,,,2021,NA
04738240,E,溫室氣體排放,溫室氣體減量承諾,,,2021,未填報
89961389,E,溫室氣體排放,溫室氣體減量目標說明,,,2021,NA
89961389,E,溫室氣體排放,溫室氣體減量承諾,,,2021,未填報
05147030,E,溫室氣體排放,溫室氣體減量目標說明,,,2021,NA
05147030,E,溫室氣體排放,溫室氣體減量承諾,,,2021,未填報
86233176,E,溫室氣體排放,溫室氣體減量目標說明,,,2021,NA
86233176,E,溫室氣體排放,溫室氣體減量承諾,,,2021,未填報
22417810,E,溫室氣體排放,溫室氣體減量目標說明,,,2021,NA
22417810,E,溫室氣體排放,溫室氣體減量承諾,,,2021,未填報
22132814,E,溫室氣體排放,溫室氣體減量目標說明,,,2021,一.短期目標：1.選用環保標章或節能產品降低能源耗用。2.逐年汰換耗能設備EX:冷氣改為變頻式冷氣。3.專案現場實行節能減碳與環境保護，每年降低碳排1%以上並逐年檢討目標。二.中長期目標：1.持續改善資源利用回收率。2.使用再生能源及環保再生材質。3.將與環境共生的概念落實並持續擴散。
22132814,E,溫室氣體排放,溫室氣體減量承諾,,,2021,有減碳目標
86690644,E,溫室氣體排放,溫室氣體減量目標說明,,,2021,NA
86690644,E,溫室氣體排放,溫室氣體減量承諾,,,2021,未填報
22817225,E,溫室氣體排放,溫室氣體減量目標說明,,,2021,NA
22817225,E,溫室氣體排放,溫室氣體減量承諾,,,2021,未填報
47254476,E,溫室氣體排放,溫室氣體減量目標說明,,,2021,NA
47254476,E,溫室氣體排放,溫室氣體減量承諾,,,2021,未填報
66410981,E,溫室氣體排放,溫室氣體減量目標說明,,,2021,NA
66410981,E,溫室氣體排放,溫室氣體減量承諾,,,2021,未填報
66629349,E,溫室氣體排放,溫室氣體減量目標說明,,,2021,目前公司正培訓專責人員及建置相關資訊。
66629349,E,溫室氣體排放,溫室氣體減量承諾,,,2021,無目標
58250510,E,溫室氣體排放,溫室氣體減量目標說明,,,2021,NA
58250510,E,溫室氣體排放,溫室氣體減量承諾,,,2021,未填報
28994275,E,溫室氣體排放,溫室氣體減量目標說明,,,2021,NA
28994275,E,溫室氣體排放,溫室氣體減量承諾,,,2021,未填報
89596101,E,溫室氣體排放,溫室氣體減量目標說明,,,2021,NA
89596101,E,溫室氣體排放,溫室氣體減量承諾,,,2021,未填報
16318881,E,溫室氣體排放,溫室氣體減量目標說明,,,2021,NA
16318881,E,溫室氣體排放,溫室氣體減量承諾,,,2021,未填報
07611076,E,溫室氣體排放,溫室氣體減量目標說明,,,2021,NA
07611076,E,溫室氣體排放,溫室氣體減量承諾,,,2021,未填報
97447647,E,溫室氣體排放,溫室氣體減量目標說明,,,2021,NA
97447647,E,溫室氣體排放,溫室氣體減量承諾,,,2021,未填報
97477509,E,溫室氣體排放,溫室氣體減量目標說明,,,2021,NA
97477509,E,溫室氣體排放,溫室氣體減量承諾,,,2021,未填報
12371385,E,溫室氣體排放,溫室氣體減量目標說明,,,2021,目前尚未執行無法制定明確目標。
12371385,E,溫室氣體排放,溫室氣體減量承諾,,,2021,無目標
07510318,E,溫室氣體排放,溫室氣體減量目標說明,,,2021,NA
07510318,E,溫室氣體排放,溫室氣體減量承諾,,,2021,未填報
04615057,E,溫室氣體排放,溫室氣體減量目標說明,,,2021,NA
04615057,E,溫室氣體排放,溫室氣體減量承諾,,,2021,未填報
12179563,E,溫室氣體排放,溫室氣體減量目標說明,,,2021,NA
12179563,E,溫室氣體排放,溫室氣體減量承諾,,,2021,未填報
24060203,E,溫室氣體排放,溫室氣體減量目標說明,,,2021,NA
24060203,E,溫室氣體排放,溫室氣體減量承諾,,,2021,未填報
11603817,E,溫室氣體排放,溫室氣體減量目標說明,,,2021,NA
11603817,E,溫室氣體排放,溫室氣體減量承諾,,,2021,未填報
11099009,E,溫室氣體排放,溫室氣體減量目標說明,,,2021,NA
11099009,E,溫室氣體排放,溫室氣體減量承諾,,,2021,未填報
04921056,E,溫室氣體排放,溫室氣體減量目標說明,,,2021,NA
04921056,E,溫室氣體排放,溫室氣體減量承諾,,,2021,未填報
72058206,E,溫室氣體排放,溫室氣體減量目標說明,,,2021,NA
72058206,E,溫室氣體排放,溫室氣體減量承諾,,,2021,未填報
75094900,E,溫室氣體排放,溫室氣體減量目標說明,,,2021,NA
75094900,E,溫室氣體排放,溫室氣體減量承諾,,,2021,未填報
11762504,E,溫室氣體排放,溫室氣體減量目標說明,,,2021,NA
11762504,E,溫室氣體排放,溫室氣體減量承諾,,,2021,未填報
06667446,E,溫室氣體排放,溫室氣體減量目標說明,,,2021,NA
06667446,E,溫室氣體排放,溫室氣體減量承諾,,,2021,未填報
22221180,E,溫室氣體排放,溫室氣體減量目標說明,,,2021,NA
22221180,E,溫室氣體排放,溫室氣體減量承諾,,,2021,未填報
23113054,E,溫室氣體排放,溫室氣體減量目標說明,,,2021,NA
23113054,E,溫室氣體排放,溫室氣體減量承諾,,,2021,未填報
22190686,E,溫室氣體排放,溫室氣體減量目標說明,,,2021,NA
22190686,E,溫室氣體排放,溫室氣體減量承諾,,,2021,未填報
34342717,E,溫室氣體排放,溫室氣體減量目標說明,,,2021,NA
34342717,E,溫室氣體排放,溫室氣體減量承諾,,,2021,未填報
12373243,E,溫室氣體排放,溫室氣體減量目標說明,,,2021,NA
12373243,E,溫室氣體排放,溫室氣體減量承諾,,,2021,未填報
66394146,E,溫室氣體排放,溫室氣體減量目標說明,,,2021,NA
66394146,E,溫室氣體排放,溫室氣體減量承諾,,,2021,未填報
16264908,E,溫室氣體排放,溫室氣體減量目標說明,,,2021,NA
16264908,E,溫室氣體排放,溫室氣體減量承諾,,,2021,未填報
84141187,E,溫室氣體排放,溫室氣體減量目標說明,,,2021,NA
84141187,E,溫室氣體排放,溫室氣體減量承諾,,,2021,未填報
85898033,E,溫室氣體排放,溫室氣體減量目標說明,,,2021,NA
85898033,E,溫室氣體排放,溫室氣體減量承諾,,,2021,未填報
22764965,E,溫室氣體排放,溫室氣體減量目標說明,,,2021,NA
22764965,E,溫室氣體排放,溫室氣體減量承諾,,,2021,未填報
23988653,E,溫室氣體排放,溫室氣體減量目標說明,,,2021,NA
23988653,E,溫室氣體排放,溫室氣體減量承諾,,,2021,未填報
77211448,E,溫室氣體排放,溫室氣體減量目標說明,,,2021,NA
77211448,E,溫室氣體排放,溫室氣體減量承諾,,,2021,未填報
04477420,E,溫室氣體排放,溫室氣體減量目標說明,,,2021,NA
04477420,E,溫室氣體排放,溫室氣體減量承諾,,,2021,未填報
11059409,E,溫室氣體排放,溫室氣體減量目標說明,,,2021,本公司溫室氣體排放減量之中長期目標，預計於2030年溫室氣體排放密集度較2020年減量5%。
11059409,E,溫室氣體排放,溫室氣體減量承諾,,,2021,有減碳目標
46298200,E,溫室氣體排放,溫室氣體減量目標說明,,,2021,每三年減少5%溫室氣體排放量。2018年至2020年均已達成目標。
46298200,E,溫室氣體排放,溫室氣體減量承諾,,,2021,有減碳目標
03028404,E,溫室氣體排放,溫室氣體減量目標說明,,,2021,公司目前針對電與水之減量來降低間接排放之溫室氣體數量，希望達成自108年起，每年減量2%為目標，以五年後達成減量10%為中期目標。為考量營造業特性，工程於前中後期機具用油及水電等用量差異，對溫室氣體排放量差異極大，故遠程目標預計每年以不小於3%為減量目標。
03028404,E,溫室氣體排放,溫室氣體減量承諾,,,2021,有減碳目標
23641822,E,溫室氣體排放,溫室氣體減量目標說明,,,2021,溫室氣體排放量減量目標為每年減量1%。
23641822,E,溫室氣體排放,溫室氣體減量承諾,,,2021,有減碳目標
03561011,E,溫室氣體排放,溫室氣體減量目標說明,,,2021,本公司建案銷售及業務量增加，且與各客戶及各大銀行文件往來更為頻繁，新增比以往更多銷售案場，但公司仍持續推動電子化作業，減少紙張浪費，響應節能減碳政策邁向低碳綠色企業目標。
03561011,E,溫室氣體排放,溫室氣體減量承諾,,,2021,無目標
07617901,E,溫室氣體排放,溫室氣體減量目標說明,,,2021,本公司尚未統計溫室氣體排放量如用電量及用紙量盤查等，公司未來將規劃朝低碳綠色企業目標。
07617901,E,溫室氣體排放,溫室氣體減量承諾,,,2021,無目標
34149369,E,溫室氣體排放,溫室氣體減量目標說明,,,2021,本公司持續推動「節能減碳」等節能方案，111年辦公區域溫室氣體排放量，目標為維持在80公噸以下。
34149369,E,溫室氣體排放,溫室氣體減量承諾,,,2021,無目標
03374306,E,溫室氣體排放,溫室氣體減量目標說明,,,2021,為持續達成國際減量趨勢，本公司積極推動各項能源減量措施，如辦公室綠色行動，目標可以逐年降低溫室氣體排放量。110年範疇一、範疇二、範疇三溫室氣體總排放量為508.027噸CO2e，較109年總排放量低，達成減量目標。針對各建案，則嚴謹統計建築廢棄物與生活垃圾產出數量，並採減少廢棄物與揚塵的處理措施，以達減低溫室氣體排放目標。
03374306,E,溫室氣體排放,溫室氣體減量承諾,,,2021,無目標
30900892,E,溫室氣體排放,溫室氣體減量目標說明,,,2021,2022年將完成2021年溫室氣體盤查並進行查證，2023年起依查證後數據提出具體改善方案。
30900892,E,溫室氣體排放,溫室氣體減量承諾,,,2021,無目標
22344508,E,溫室氣體排放,溫室氣體減量目標說明,,,2021,評估規劃中
22344508,E,溫室氣體排放,溫室氣體減量承諾,,,2021,無目標
81271967,E,溫室氣體排放,溫室氣體減量目標說明,,,2021,無
81271967,E,溫室氣體排放,溫室氣體減量承諾,,,2021,無目標
22659295,E,溫室氣體排放,溫室氣體減量目標說明,,,2021,評估規劃中。
22659295,E,溫室氣體排放,溫室氣體減量承諾,,,2021,無目標
12251662,E,溫室氣體排放,溫室氣體減量目標說明,,,2021,評估規劃中
12251662,E,溫室氣體排放,溫室氣體減量承諾,,,2021,無目標
22491640,E,溫室氣體排放,溫室氣體減量目標說明,,,2021,1.尚未訂定減量目標。2.內部節能措施：午休時間關燈、值日生下班時巡視公共區域用電，關閉電視、音響、電燈及冷氣。冷氣設定26~27    度、電梯梯廳照明為感應式。
22491640,E,溫室氣體排放,溫室氣體減量承諾,,,2021,無目標
12305479,E,溫室氣體排放,溫室氣體減量目標說明,,,2021,年度排放總量與建案數量及使用人數相關，將以平均排放量逐年遞減為目標。
12305479,E,溫室氣體排放,溫室氣體減量承諾,,,2021,無目標
86379024,E,溫室氣體排放,溫室氣體減量目標說明,,,2021,尚未啟動
86379024,E,溫室氣體排放,溫室氣體減量承諾,,,2021,無目標
43876760,E,溫室氣體排放,溫室氣體減量目標說明,,,2021,待今年(2022)資料蒐集完成，透過各項數據資料檢視，以科學減碳方式審視並制度出減碳目標。
43876760,E,溫室氣體排放,溫室氣體減量承諾,,,2021,無目標
31896684,E,溫室氣體排放,溫室氣體減量目標說明,,,2021,評估規劃中
31896684,E,溫室氣體排放,溫室氣體減量承諾,,,2021,無目標
20730758,E,溫室氣體排放,溫室氣體減量目標說明,,,2021,將依溫室氣體排放量盤查結果進行評估。
20730758,E,溫室氣體排放,溫室氣體減量承諾,,,2021,無目標
28993629,E,溫室氣體排放,溫室氣體減量目標說明,,,2021,本集團溫室氣體排放量集中於範疇二的電力排放，主要源於污水處理過程，故採每噸污水處理用電量為量化管理指標，2021年度每噸污水處理實際用電量為 0.28 度，排放量為 0.14 kgCO2e， 較設定目標改善7%。
28993629,E,溫室氣體排放,溫室氣體減量承諾,,,2021,無目標
04673318,E,溫室氣體排放,溫室氣體減量目標說明,,,2021,短期：本公司將於2022年完成總部自有樓層照明自動時間控制設備導入，減少照明耗電 ;以及導入玻璃帷幕裝設節能膜，降低建築耗能，減少碳排。建置分類回收區硬體設備，使營運廢棄物有效分類處理。長期：逐年檢討垃圾分類及回收情形，推動員工廢棄物減量方案。
04673318,E,溫室氣體排放,溫室氣體減量承諾,,,2021,無目標
04633597,E,溫室氣體排放,溫室氣體減量目標說明,,,2021,尚未完成評估。
04633597,E,溫室氣體排放,溫室氣體減量承諾,,,2021,無目標
33428716,E,溫室氣體排放,溫室氣體減量目標說明,,,2021,"1.110年公司用電盤查：　109年度全年度用電量72,165.20度碳排放量36,732.09kgCO2e。  110年度全年度用電量65,112.43度碳排放量32,686.44kgCO2e。整年度的用電度數較去年減少7,052.77度，碳排放量減少約4,045.65kgCO2e，主要係2021年全球遭逢疫情，又於年中有實行居家分流辦公，減少疫情傳播風險，相對辦公室全年度用電度數較去年減少。未來本司將持續推動節能減碳，有效調控碳排量，未來繼續邁向低碳綠色企業目標。2.110年公司用紙量盤查：  109年公司用紙量為394,824張。  110年公司用紙量為386,245張。110年公司用紙量較109年減少，主要亦因疫情之緣故，公司於年中實行居家分流辦公，多數文件改電子化傳輸與交流，電子化作業為未來趨勢，公司未來亦繼續朝低碳綠色企業目標前進，為地球永續盡一份心力。"
33428716,E,溫室氣體排放,溫室氣體減量承諾,,,2021,無目標
84466749,E,溫室氣體排放,溫室氣體減量目標說明,,,2021,評估規劃中
84466749,E,溫室氣體排放,溫室氣體減量承諾,,,2021,無目標
33144175,E,溫室氣體排放,溫室氣體減量目標說明,,,2021,公司目前針對電能之減量來降間接排放之溫室氣體數量，持續配合經濟部103年8月1日公告「能源用戶訂定節約能源目標及執行計畫規定」，達成104~113年期間之「平均年節電率」皆應達1%以上，即以節約用電量1%為目標。
33144175,E,溫室氣體排放,溫室氣體減量承諾,,,2021,僅有節電承諾
18997007,E,溫室氣體排放,溫室氣體減量目標說明,,,2021,第1階段：辦公室自2018年起未來5年，用電每年至少減量3%，目標達20%第2階段：於2022年完成2021年組織型溫室氣體盤查後，再評估及訂定減量目標及碳中和時程
18997007,E,溫室氣體排放,溫室氣體減量承諾,,,2021,僅有節電承諾
23358846,E,溫室氣體排放,溫室氣體減量目標說明,,,2021,本公司於109年起，以用電量每年降低0.5%為目標，未來將定期追蹤達成情形。
23358846,E,溫室氣體排放,溫室氣體減量承諾,,,2021,僅有節電承諾
12371385,E,空氣污染物申報-一般空氣污染物,氮氧化物,,,2009,5.1290000000000004
12371385,E,空氣污染物申報-一般空氣污染物,硫氧化物,,,2009,6.805999999999999
12371385,E,空氣污染物申報-一般空氣污染物,粒狀污染物,,,2009,8.192
33144175,E,空氣污染物申報-一般空氣污染物,氮氧化物,,,2009,10.256
33144175,E,空氣污染物申報-一般空氣污染物,硫氧化物,,,2009,17.438
33144175,E,空氣污染物申報-一般空氣污染物,粒狀污染物,,,2009,4.4799999999999995
33144175,E,空氣污染物申報-一般空氣污染物,揮發性有機化合物,,,2009,4.998
73654033,E,空氣污染物申報-一般空氣污染物,氮氧化物,,,2009,4.782
73654033,E,空氣污染物申報-一般空氣污染物,硫氧化物,,,2009,7.901
73654033,E,空氣污染物申報-一般空氣污染物,粒狀污染物,,,2009,1.869
73654033,E,空氣污染物申報-一般空氣污染物,揮發性有機化合物,,,2009,142.315
86233176,E,空氣污染物申報-一般空氣污染物,揮發性有機化合物,,,2009,0.41600000000000004
12179563,E,空氣污染物申報-一般空氣污染物,氮氧化物,,,2010,0.9219999999999999
12179563,E,空氣污染物申報-一般空氣污染物,硫氧化物,,,2010,0.041999999999999996
12179563,E,空氣污染物申報-一般空氣污染物,粒狀污染物,,,2010,0.221
12371385,E,空氣污染物申報-一般空氣污染物,氮氧化物,,,2010,7.3069999999999995
12371385,E,空氣污染物申報-一般空氣污染物,硫氧化物,,,2010,9.425
12371385,E,空氣污染物申報-一般空氣污染物,粒狀污染物,,,2010,16.798
12371385,E,空氣污染物申報-一般空氣污染物,揮發性有機化合物,,,2010,0.004
33144175,E,空氣污染物申報-一般空氣污染物,氮氧化物,,,2010,11.392999999999999
33144175,E,空氣污染物申報-一般空氣污染物,硫氧化物,,,2010,19.353
33144175,E,空氣污染物申報-一般空氣污染物,粒狀污染物,,,2010,4.651
33144175,E,空氣污染物申報-一般空氣污染物,揮發性有機化合物,,,2010,6.718000000000001
73654033,E,空氣污染物申報-一般空氣污染物,氮氧化物,,,2010,3.243
73654033,E,空氣污染物申報-一般空氣污染物,硫氧化物,,,2010,5.1530000000000005
73654033,E,空氣污染物申報-一般空氣污染物,粒狀污染物,,,2010,1.35
73654033,E,空氣污染物申報-一般空氣污染物,揮發性有機化合物,,,2010,112.864
86233176,E,空氣污染物申報-一般空氣污染物,揮發性有機化合物,,,2010,0.46599999999999997
12179563,E,空氣污染物申報-一般空氣污染物,氮氧化物,,,2011,2.315
12371385,E,空氣污染物申報-一般空氣污染物,氮氧化物,,,2011,8.350999999999999
12371385,E,空氣污染物申報-一般空氣污染物,硫氧化物,,,2011,12.175999999999998
12371385,E,空氣污染物申報-一般空氣污染物,粒狀污染物,,,2011,15.464
12371385,E,空氣污染物申報-一般空氣污染物,揮發性有機化合物,,,2011,0.001
33144175,E,空氣污染物申報-一般空氣污染物,氮氧化物,,,2011,11.097999999999999
33144175,E,空氣污染物申報-一般空氣污染物,硫氧化物,,,2011,18.955000000000002
33144175,E,空氣污染物申報-一般空氣污染物,粒狀污染物,,,2011,4.471
33144175,E,空氣污染物申報-一般空氣污染物,揮發性有機化合物,,,2011,5.593
66394146,E,空氣污染物申報-一般空氣污染物,氮氧化物,,,2011,2.9030000000000005
66394146,E,空氣污染物申報-一般空氣污染物,硫氧化物,,,2011,2.717
66394146,E,空氣污染物申報-一般空氣污染物,揮發性有機化合物,,,2011,0.392
73654033,E,空氣污染物申報-一般空氣污染物,氮氧化物,,,2011,2.262
73654033,E,空氣污染物申報-一般空氣污染物,硫氧化物,,,2011,3.657
73654033,E,空氣污染物申報-一般空氣污染物,粒狀污染物,,,2011,1.4140000000000001
73654033,E,空氣污染物申報-一般空氣污染物,揮發性有機化合物,,,2011,110.548
86233176,E,空氣污染物申報-一般空氣污染物,揮發性有機化合物,,,2011,0.236
12179563,E,空氣污染物申報-一般空氣污染物,氮氧化物,,,2012,1.28
12179563,E,空氣污染物申報-一般空氣污染物,硫氧化物,,,2012,0.275
12371385,E,空氣污染物申報-一般空氣污染物,氮氧化物,,,2012,9.565999999999999
12371385,E,空氣污染物申報-一般空氣污染物,硫氧化物,,,2012,14.199
12371385,E,空氣污染物申報-一般空氣污染物,粒狀污染物,,,2012,12.841
24060203,E,空氣污染物申報-一般空氣污染物,粒狀污染物,,,2012,25.986
33144175,E,空氣污染物申報-一般空氣污染物,氮氧化物,,,2012,6.341
33144175,E,空氣污染物申報-一般空氣污染物,硫氧化物,,,2012,18.224
33144175,E,空氣污染物申報-一般空氣污染物,粒狀污染物,,,2012,4.803
33144175,E,空氣污染物申報-一般空氣污染物,揮發性有機化合物,,,2012,5.095
66394146,E,空氣污染物申報-一般空氣污染物,氮氧化物,,,2012,4.62
66394146,E,空氣污染物申報-一般空氣污染物,硫氧化物,,,2012,6.662
73654033,E,空氣污染物申報-一般空氣污染物,氮氧化物,,,2012,1.42
73654033,E,空氣污染物申報-一般空氣污染物,硫氧化物,,,2012,2.8260000000000005
73654033,E,空氣污染物申報-一般空氣污染物,粒狀污染物,,,2012,1.3370000000000002
73654033,E,空氣污染物申報-一般空氣污染物,揮發性有機化合物,,,2012,103.49199999999999
86233176,E,空氣污染物申報-一般空氣污染物,揮發性有機化合物,,,2012,0.132
12179563,E,空氣污染物申報-一般空氣污染物,氮氧化物,,,2013,2.473
12371385,E,空氣污染物申報-一般空氣污染物,氮氧化物,,,2013,8.527000000000001
12371385,E,空氣污染物申報-一般空氣污染物,硫氧化物,,,2013,12.897
12371385,E,空氣污染物申報-一般空氣污染物,粒狀污染物,,,2013,8.775
24060203,E,空氣污染物申報-一般空氣污染物,粒狀污染物,,,2013,56.388
33144175,E,空氣污染物申報-一般空氣污染物,硫氧化物,,,2013,10.437
33144175,E,空氣污染物申報-一般空氣污染物,粒狀污染物,,,2013,2.023
33144175,E,空氣污染物申報-一般空氣污染物,揮發性有機化合物,,,2013,5.548
66394146,E,空氣污染物申報-一般空氣污染物,氮氧化物,,,2013,3.114
66394146,E,空氣污染物申報-一般空氣污染物,硫氧化物,,,2013,4.49
73654033,E,空氣污染物申報-一般空氣污染物,硫氧化物,,,2013,1.8370000000000002
73654033,E,空氣污染物申報-一般空氣污染物,粒狀污染物,,,2013,0.591
73654033,E,空氣污染物申報-一般空氣污染物,揮發性有機化合物,,,2013,69.143
86233176,E,空氣污染物申報-一般空氣污染物,揮發性有機化合物,,,2013,0.082
12179563,E,空氣污染物申報-一般空氣污染物,氮氧化物,,,2014,2.31
12371385,E,空氣污染物申報-一般空氣污染物,氮氧化物,,,2014,9.195
12371385,E,空氣污染物申報-一般空氣污染物,硫氧化物,,,2014,13.651
12371385,E,空氣污染物申報-一般空氣污染物,粒狀污染物,,,2014,7.4990000000000006
33144175,E,空氣污染物申報-一般空氣污染物,氮氧化物,,,2014,0.51
33144175,E,空氣污染物申報-一般空氣污染物,硫氧化物,,,2014,0.602
33144175,E,空氣污染物申報-一般空氣污染物,粒狀污染物,,,2014,0.32799999999999996
33144175,E,空氣污染物申報-一般空氣污染物,揮發性有機化合物,,,2014,1.324
66394146,E,空氣污染物申報-一般空氣污染物,氮氧化物,,,2014,0.612
66394146,E,空氣污染物申報-一般空氣污染物,硫氧化物,,,2014,0.884
86233176,E,空氣污染物申報-一般空氣污染物,揮發性有機化合物,,,2014,0.075
12179563,E,空氣污染物申報-一般空氣污染物,氮氧化物,,,2015,2.1290000000000004
12371385,E,空氣污染物申報-一般空氣污染物,氮氧化物,,,2015,8.044
12371385,E,空氣污染物申報-一般空氣污染物,硫氧化物,,,2015,4.8549999999999995
12371385,E,空氣污染物申報-一般空氣污染物,粒狀污染物,,,2015,17.394000000000002
33144175,E,空氣污染物申報-一般空氣污染物,氮氧化物,,,2015,0.7190000000000001
33144175,E,空氣污染物申報-一般空氣污染物,硫氧化物,,,2015,1.16
33144175,E,空氣污染物申報-一般空氣污染物,粒狀污染物,,,2015,0.222
66394146,E,空氣污染物申報-一般空氣污染物,氮氧化物,,,2015,0.49500000000000005
66394146,E,空氣污染物申報-一般空氣污染物,硫氧化物,,,2015,0.7109999999999999
86233176,E,空氣污染物申報-一般空氣污染物,揮發性有機化合物,,,2015,0.020999999999999998
12179563,E,空氣污染物申報-一般空氣污染物,氮氧化物,,,2016,0.294
12371385,E,空氣污染物申報-一般空氣污染物,氮氧化物,,,2016,6.259
12371385,E,空氣污染物申報-一般空氣污染物,硫氧化物,,,2016,0.496
12371385,E,空氣污染物申報-一般空氣污染物,粒狀污染物,,,2016,14.514999999999999
33144175,E,空氣污染物申報-一般空氣污染物,氮氧化物,,,2016,0.724
33144175,E,空氣污染物申報-一般空氣污染物,硫氧化物,,,2016,1.0630000000000002
33144175,E,空氣污染物申報-一般空氣污染物,粒狀污染物,,,2016,0.153
66394146,E,空氣污染物申報-一般空氣污染物,氮氧化物,,,2016,0.198
66394146,E,空氣污染物申報-一般空氣污染物,硫氧化物,,,2016,0.284
12371385,E,空氣污染物申報-一般空氣污染物,氮氧化物,,,2017,3.088
12371385,E,空氣污染物申報-一般空氣污染物,硫氧化物,,,2017,0.159
12371385,E,空氣污染物申報-一般空氣污染物,粒狀污染物,,,2017,10.946
33144175,E,空氣污染物申報-一般空氣污染物,氮氧化物,,,2017,11.797
33144175,E,空氣污染物申報-一般空氣污染物,硫氧化物,,,2017,18.197999999999997
33144175,E,空氣污染物申報-一般空氣污染物,粒狀污染物,,,2017,3.151
66394146,E,空氣污染物申報-一般空氣污染物,氮氧化物,,,2017,0.29700000000000004
66394146,E,空氣污染物申報-一般空氣污染物,硫氧化物,,,2017,0.42599999999999993
12371385,E,空氣污染物申報-一般空氣污染物,氮氧化物,,,2018,3.179
12371385,E,空氣污染物申報-一般空氣污染物,硫氧化物,,,2018,0.089
12371385,E,空氣污染物申報-一般空氣污染物,粒狀污染物,,,2018,7.846
24060203,E,空氣污染物申報-一般空氣污染物,粒狀污染物,,,2018,24.104
33144175,E,空氣污染物申報-一般空氣污染物,氮氧化物,,,2018,5.098
33144175,E,空氣污染物申報-一般空氣污染物,硫氧化物,,,2018,6.141
33144175,E,空氣污染物申報-一般空氣污染物,粒狀污染物,,,2018,1.197
66394146,E,空氣污染物申報-一般空氣污染物,氮氧化物,,,2018,0.099
66394146,E,空氣污染物申報-一般空氣污染物,硫氧化物,,,2018,0.142
66394146,E,空氣污染物申報-一般空氣污染物,粒狀污染物,,,2018,2.475
66410981,E,空氣污染物申報-一般空氣污染物,粒狀污染物,,,2018,2.574
89321602,E,空氣污染物申報-一般空氣污染物,粒狀污染物,,,2018,0.11
12371385,E,空氣污染物申報-一般空氣污染物,氮氧化物,,,2019,3.103
12371385,E,空氣污染物申報-一般空氣污染物,硫氧化物,,,2019,0.036000000000000004
12371385,E,空氣污染物申報-一般空氣污染物,粒狀污染物,,,2019,6.880999999999999
24060203,E,空氣污染物申報-一般空氣污染物,粒狀污染物,,,2019,43.56999999999999
33144175,E,空氣污染物申報-一般空氣污染物,氮氧化物,,,2019,6.323
33144175,E,空氣污染物申報-一般空氣污染物,硫氧化物,,,2019,1.45
33144175,E,空氣污染物申報-一般空氣污染物,粒狀污染物,,,2019,0.277
66394146,E,空氣污染物申報-一般空氣污染物,氮氧化物,,,2019,0.198
66394146,E,空氣污染物申報-一般空氣污染物,硫氧化物,,,2019,0.284
66394146,E,空氣污染物申報-一般空氣污染物,粒狀污染物,,,2019,3.543
66410981,E,空氣污染物申報-一般空氣污染物,粒狀污染物,,,2019,4.319
89321602,E,空氣污染物申報-一般空氣污染物,粒狀污染物,,,2019,0.23199999999999998
12371385,E,空氣污染物申報-一般空氣污染物,氮氧化物,,,2020,2.9699999999999998
12371385,E,空氣污染物申報-一般空氣污染物,粒狀污染物,,,2020,6.445
24060203,E,空氣污染物申報-一般空氣污染物,粒狀污染物,,,2020,42.86400000000002
33144175,E,空氣污染物申報-一般空氣污染物,氮氧化物,,,2020,5.115
33144175,E,空氣污染物申報-一般空氣污染物,粒狀污染物,,,2020,0.15400000000000003
66394146,E,空氣污染物申報-一般空氣污染物,氮氧化物,,,2020,0.198
66394146,E,空氣污染物申報-一般空氣污染物,硫氧化物,,,2020,0.284
66394146,E,空氣污染物申報-一般空氣污染物,粒狀污染物,,,2020,3.567
66410981,E,空氣污染物申報-一般空氣污染物,粒狀污染物,,,2020,4.358
89321602,E,空氣污染物申報-一般空氣污染物,粒狀污染物,,,2020,0.24
11367406,E,空氣污染物申報-一般空氣污染物,粒狀污染物,,,2021,4.812
12371385,E,空氣污染物申報-一般空氣污染物,氮氧化物,,,2021,3.2510000000000003
12371385,E,空氣污染物申報-一般空氣污染物,硫氧化物,,,2021,0.061
12371385,E,空氣污染物申報-一般空氣污染物,粒狀污染物,,,2021,3.758
24060203,E,空氣污染物申報-一般空氣污染物,粒狀污染物,,,2021,45.771
33144175,E,空氣污染物申報-一般空氣污染物,氮氧化物,,,2021,6.101
33144175,E,空氣污染物申報-一般空氣污染物,粒狀污染物,,,2021,0.183
66394146,E,空氣污染物申報-一般空氣污染物,氮氧化物,,,2021,0.29700000000000004
66394146,E,空氣污染物申報-一般空氣污染物,硫氧化物,,,2021,0.42599999999999993
66394146,E,空氣污染物申報-一般空氣污染物,粒狀污染物,,,2021,3.516
66410981,E,空氣污染物申報-一般空氣污染物,粒狀污染物,,,2021,3.803
89321602,E,空氣污染物申報-一般空氣污染物,粒狀污染物,,,2021,0.173
11367406,E,空氣污染物申報-一般空氣污染物,粒狀污染物,,,2022,9.971
12371385,E,空氣污染物申報-一般空氣污染物,氮氧化物,,,2022,3.713
12371385,E,空氣污染物申報-一般空氣污染物,硫氧化物,,,2022,0.149
12371385,E,空氣污染物申報-一般空氣污染物,粒狀污染物,,,2022,3.443
24060203,E,空氣污染物申報-一般空氣污染物,粒狀污染物,,,2022,48.51100000000001
33144175,E,空氣污染物申報-一般空氣污染物,氮氧化物,,,2022,6.5440000000000005
33144175,E,空氣污染物申報-一般空氣污染物,粒狀污染物,,,2022,0.196
66394146,E,空氣污染物申報-一般空氣污染物,氮氧化物,,,2022,0.29700000000000004
66394146,E,空氣污染物申報-一般空氣污染物,硫氧化物,,,2022,0.42599999999999993
66394146,E,空氣污染物申報-一般空氣污染物,粒狀污染物,,,2022,3.1750000000000003
66410981,E,空氣污染物申報-一般空氣污染物,粒狀污染物,,,2022,5.564
75094900,E,空氣污染物申報-一般空氣污染物,粒狀污染物,,,2022,0.554
89321602,E,空氣污染物申報-一般空氣污染物,粒狀污染物,,,2022,0.152
11367406,E,空氣污染物申報-一般空氣污染物,粒狀污染物,,,2023,4.807
12371385,E,空氣污染物申報-一般空氣污染物,氮氧化物,,,2023,1.996
12371385,E,空氣污染物申報-一般空氣污染物,硫氧化物,,,2023,0.078
12371385,E,空氣污染物申報-一般空氣污染物,粒狀污染物,,,2023,1.451
24060203,E,空氣污染物申報-一般空氣污染物,粒狀污染物,,,2023,21.422
33144175,E,空氣污染物申報-一般空氣污染物,氮氧化物,,,2023,3.369
33144175,E,空氣污染物申報-一般空氣污染物,粒狀污染物,,,2023,0.101
66394146,E,空氣污染物申報-一般空氣污染物,氮氧化物,,,2023,0.198
66394146,E,空氣污染物申報-一般空氣污染物,硫氧化物,,,2023,0.284
66394146,E,空氣污染物申報-一般空氣污染物,粒狀污染物,,,2023,1.463
66410981,E,空氣污染物申報-一般空氣污染物,粒狀污染物,,,2023,3.0439999999999996
75094900,E,空氣污染物申報-一般空氣污染物,粒狀污染物,,,2023,0.22599999999999998
89321602,E,空氣污染物申報-一般空氣污染物,粒狀污染物,,,2023,0.076
11099009,E,環境違規,違反環境法規金額,,元,2010,1500
11099009,E,環境違規,違反環境法規次數,,次,2010,1
11367406,E,環境違規,違反環境法規金額,,元,2010,70800
11367406,E,環境違規,違反環境法規次數,,次,2010,15
11762504,E,環境違規,違反環境法規金額,,元,2010,115000
11762504,E,環境違規,違反環境法規次數,,次,2010,5
12305479,E,環境違規,違反環境法規金額,,元,2010,145000
12305479,E,環境違規,違反環境法規次數,,次,2010,11
18997007,E,環境違規,違反環境法規金額,,元,2010,402400
18997007,E,環境違規,違反環境法規次數,,次,2010,4
22132814,E,環境違規,違反環境法規金額,,元,2010,138400
22132814,E,環境違規,違反環境法規次數,,次,2010,10
22298292,E,環境違規,違反環境法規金額,,元,2010,6000
22298292,E,環境違規,違反環境法規次數,,次,2010,1
22417810,E,環境違規,違反環境法規金額,,元,2010,3000
22417810,E,環境違規,違反環境法規次數,,次,2010,2
22764965,E,環境違規,違反環境法規金額,,元,2010,6000
22764965,E,環境違規,違反環境法規次數,,次,2010,1
24060203,E,環境違規,違反環境法規金額,,元,2010,411600
24060203,E,環境違規,違反環境法規次數,,次,2010,15
33428716,E,環境違規,違反環境法規金額,,元,2010,30000
33428716,E,環境違規,違反環境法規次數,,次,2010,1
34149369,E,環境違規,違反環境法規金額,,元,2010,12000
34149369,E,環境違規,違反環境法規次數,,次,2010,2
34342717,E,環境違規,違反環境法規金額,,元,2010,1228800
34342717,E,環境違規,違反環境法規次數,,次,2010,14
43876760,E,環境違規,違反環境法規金額,,元,2010,433000
43876760,E,環境違規,違反環境法規次數,,次,2010,10
46298200,E,環境違規,違反環境法規金額,,元,2010,23700
46298200,E,環境違規,違反環境法規次數,,次,2010,6
47254476,E,環境違規,違反環境法規金額,,元,2010,139600
47254476,E,環境違規,違反環境法規次數,,次,2010,10
66410981,E,環境違規,違反環境法規金額,,元,2010,7200
66410981,E,環境違規,違反環境法規次數,,次,2010,3
75094900,E,環境違規,違反環境法規金額,,元,2010,60600
75094900,E,環境違規,違反環境法規次數,,次,2010,14
84548046,E,環境違規,違反環境法規金額,,元,2010,1200
84548046,E,環境違規,違反環境法規次數,,次,2010,1
85898033,E,環境違規,違反環境法規金額,,元,2010,6000
85898033,E,環境違規,違反環境法規次數,,次,2010,1
86233176,E,環境違規,違反環境法規金額,,元,2010,60000
86233176,E,環境違規,違反環境法規次數,,次,2010,1
86379024,E,環境違規,違反環境法規金額,,元,2010,100000
86379024,E,環境違規,違反環境法規次數,,次,2010,1
97447647,E,環境違規,違反環境法規金額,,元,2010,6000
97447647,E,環境違規,違反環境法規次數,,次,2010,1
03028404,E,環境違規,違反環境法規金額,,元,2010,25200
03028404,E,環境違規,違反環境法規次數,,次,2010,7
05117325,E,環境違規,違反環境法規金額,,元,2010,243200
05117325,E,環境違規,違反環境法規次數,,次,2010,12
04673318,E,環境違規,違反環境法規金額,,元,2010,90000
04673318,E,環境違規,違反環境法規次數,,次,2010,75
04615057,E,環境違規,違反環境法規金額,,元,2010,10800
04615057,E,環境違規,違反環境法規次數,,次,2010,9
11099009,E,環境違規,違反環境法規金額,,元,2011,1200
11099009,E,環境違規,違反環境法規次數,,次,2011,1
11367406,E,環境違規,違反環境法規金額,,元,2011,272600
11367406,E,環境違規,違反環境法規次數,,次,2011,15
11603817,E,環境違規,違反環境法規金額,,元,2011,300000
11603817,E,環境違規,違反環境法規次數,,次,2011,1
11762504,E,環境違規,違反環境法規金額,,元,2011,514400
11762504,E,環境違規,違反環境法規次數,,次,2011,6
12305479,E,環境違規,違反環境法規金額,,元,2011,10000
12305479,E,環境違規,違反環境法規次數,,次,2011,1
18997007,E,環境違規,違反環境法規金額,,元,2011,91600
18997007,E,環境違規,違反環境法規次數,,次,2011,8
22132814,E,環境違規,違反環境法規金額,,元,2011,953700
22132814,E,環境違規,違反環境法規次數,,次,2011,14
22221180,E,環境違規,違反環境法規金額,,元,2011,2400
22221180,E,環境違規,違反環境法規次數,,次,2011,1
22298292,E,環境違規,違反環境法規金額,,元,2011,60000
22298292,E,環境違規,違反環境法規次數,,次,2011,2
23358846,E,環境違規,違反環境法規金額,,元,2011,170000
23358846,E,環境違規,違反環境法規次數,,次,2011,1
24060203,E,環境違規,違反環境法規金額,,元,2011,654000
24060203,E,環境違規,違反環境法規次數,,次,2011,16
30900892,E,環境違規,違反環境法規金額,,元,2011,300000
30900892,E,環境違規,違反環境法規次數,,次,2011,1
33144175,E,環境違規,違反環境法規金額,,元,2011,5000
33144175,E,環境違規,違反環境法規次數,,次,2011,1
33428716,E,環境違規,違反環境法規金額,,元,2011,60000
33428716,E,環境違規,違反環境法規次數,,次,2011,1
34149369,E,環境違規,違反環境法規金額,,元,2011,21000
34149369,E,環境違規,違反環境法規次數,,次,2011,3
34342717,E,環境違規,違反環境法規金額,,元,2011,109000
34342717,E,環境違規,違反環境法規次數,,次,2011,3
43876760,E,環境違規,違反環境法規金額,,元,2011,396200
43876760,E,環境違規,違反環境法規次數,,次,2011,9
46298200,E,環境違規,違反環境法規金額,,元,2011,12000
46298200,E,環境違規,違反環境法規次數,,次,2011,7
47254476,E,環境違規,違反環境法規金額,,元,2011,114400
47254476,E,環境違規,違反環境法規次數,,次,2011,5
66410981,E,環境違規,違反環境法規金額,,元,2011,10200
66410981,E,環境違規,違反環境法規次數,,次,2011,3
73654033,E,環境違規,違反環境法規金額,,元,2011,6000
73654033,E,環境違規,違反環境法規次數,,次,2011,1
75094900,E,環境違規,違反環境法規金額,,元,2011,133900
75094900,E,環境違規,違反環境法規次數,,次,2011,14
84548046,E,環境違規,違反環境法規金額,,元,2011,37200
84548046,E,環境違規,違反環境法規次數,,次,2011,6
85898033,E,環境違規,違反環境法規金額,,元,2011,4500
85898033,E,環境違規,違反環境法規次數,,次,2011,1
89321602,E,環境違規,違反環境法規金額,,元,2011,12000
89321602,E,環境違規,違反環境法規次數,,次,2011,1
03028404,E,環境違規,違反環境法規金額,,元,2011,1200
03028404,E,環境違規,違反環境法規次數,,次,2011,1
05117325,E,環境違規,違反環境法規金額,,元,2011,198500
05117325,E,環境違規,違反環境法規次數,,次,2011,8
04673318,E,環境違規,違反環境法規金額,,元,2011,1400000
04673318,E,環境違規,違反環境法規次數,,次,2011,6
06667446,E,環境違規,違反環境法規金額,,元,2011,300000
06667446,E,環境違規,違反環境法規次數,,次,2011,1
11099009,E,環境違規,違反環境法規金額,,元,2012,57000
11099009,E,環境違規,違反環境法規次數,,次,2012,4
11367406,E,環境違規,違反環境法規金額,,元,2012,70700
11367406,E,環境違規,違反環境法規次數,,次,2012,7
11603817,E,環境違規,違反環境法規金額,,元,2012,300000
11603817,E,環境違規,違反環境法規次數,,次,2012,1
11762504,E,環境違規,違反環境法規金額,,元,2012,410200
11762504,E,環境違規,違反環境法規次數,,次,2012,8
12305479,E,環境違規,違反環境法規金額,,元,2012,100000
12305479,E,環境違規,違反環境法規次數,,次,2012,1
12371385,E,環境違規,違反環境法規金額,,元,2012,24000
12371385,E,環境違規,違反環境法規次數,,次,2012,1
18997007,E,環境違規,違反環境法規金額,,元,2012,305200
18997007,E,環境違規,違反環境法規次數,,次,2012,18
22132814,E,環境違規,違反環境法規金額,,元,2012,75000
22132814,E,環境違規,違反環境法規次數,,次,2012,14
22298292,E,環境違規,違反環境法規金額,,元,2012,5400
22298292,E,環境違規,違反環境法規次數,,次,2012,3
23358846,E,環境違規,違反環境法規金額,,元,2012,190000
23358846,E,環境違規,違反環境法規次數,,次,2012,1
24060203,E,環境違規,違反環境法規金額,,元,2012,109000
24060203,E,環境違規,違反環境法規次數,,次,2012,3
34149369,E,環境違規,違反環境法規金額,,元,2012,19600
34149369,E,環境違規,違反環境法規次數,,次,2012,5
34342717,E,環境違規,違反環境法規金額,,元,2012,325500
34342717,E,環境違規,違反環境法規次數,,次,2012,10
43876760,E,環境違規,違反環境法規金額,,元,2012,30600
43876760,E,環境違規,違反環境法規次數,,次,2012,10
46298200,E,環境違規,違反環境法規金額,,元,2012,81900
46298200,E,環境違規,違反環境法規次數,,次,2012,16
47254476,E,環境違規,違反環境法規金額,,元,2012,1200
47254476,E,環境違規,違反環境法規次數,,次,2012,1
58250510,E,環境違規,違反環境法規金額,,元,2012,19200
58250510,E,環境違規,違反環境法規次數,,次,2012,16
66394146,E,環境違規,違反環境法規金額,,元,2012,185700
66394146,E,環境違規,違反環境法規次數,,次,2012,10
66410981,E,環境違規,違反環境法規金額,,元,2012,4200
66410981,E,環境違規,違反環境法規次數,,次,2012,2
72058206,E,環境違規,違反環境法規金額,,元,2012,101200
72058206,E,環境違規,違反環境法規次數,,次,2012,2
75094900,E,環境違規,違反環境法規金額,,元,2012,746400
75094900,E,環境違規,違反環境法規次數,,次,2012,23
84548046,E,環境違規,違反環境法規金額,,元,2012,117000
84548046,E,環境違規,違反環境法規次數,,次,2012,8
85898033,E,環境違規,違反環境法規金額,,元,2012,78000
85898033,E,環境違規,違反環境法規次數,,次,2012,4
89321602,E,環境違規,違反環境法規金額,,元,2012,6000
89321602,E,環境違規,違反環境法規次數,,次,2012,1
97447647,E,環境違規,違反環境法規金額,,元,2012,22000
97447647,E,環境違規,違反環境法規次數,,次,2012,2
03028404,E,環境違規,違反環境法規金額,,元,2012,1200
03028404,E,環境違規,違反環境法規次數,,次,2012,1
05117325,E,環境違規,違反環境法規金額,,元,2012,121000
05117325,E,環境違規,違反環境法規次數,,次,2012,6
04673318,E,環境違規,違反環境法規金額,,元,2012,1428000
04673318,E,環境違規,違反環境法規次數,,次,2012,6
04477420,E,環境違規,違反環境法規金額,,元,2012,300000
04477420,E,環境違規,違反環境法規次數,,次,2012,1
06667446,E,環境違規,違反環境法規金額,,元,2012,1500
06667446,E,環境違規,違反環境法規次數,,次,2012,1
11099009,E,環境違規,違反環境法規金額,,元,2013,133200
11099009,E,環境違規,違反環境法規次數,,次,2013,6
11367406,E,環境違規,違反環境法規金額,,元,2013,112200
11367406,E,環境違規,違反環境法規次數,,次,2013,3
11762504,E,環境違規,違反環境法規金額,,元,2013,42000
11762504,E,環境違規,違反環境法規次數,,次,2013,8
12251662,E,環境違規,違反環境法規金額,,元,2013,150000
12251662,E,環境違規,違反環境法規次數,,次,2013,1
12305479,E,環境違規,違反環境法規金額,,元,2013,600000
12305479,E,環境違規,違反環境法規次數,,次,2013,2
12371385,E,環境違規,違反環境法規金額,,元,2013,6000
12371385,E,環境違規,違反環境法規次數,,次,2013,1
16318881,E,環境違規,違反環境法規金額,,元,2013,3000
16318881,E,環境違規,違反環境法規次數,,次,2013,1
18997007,E,環境違規,違反環境法規金額,,元,2013,549000
18997007,E,環境違規,違反環境法規次數,,次,2013,34
20730758,E,環境違規,違反環境法規金額,,元,2013,4500
20730758,E,環境違規,違反環境法規次數,,次,2013,1
22099391,E,環境違規,違反環境法規金額,,元,2013,100000
22099391,E,環境違規,違反環境法規次數,,次,2013,1
22132814,E,環境違規,違反環境法規金額,,元,2013,21000
22132814,E,環境違規,違反環境法規次數,,次,2013,4
22221180,E,環境違規,違反環境法規金額,,元,2013,384000
22221180,E,環境違規,違反環境法規次數,,次,2013,71
22298292,E,環境違規,違反環境法規金額,,元,2013,4200
22298292,E,環境違規,違反環境法規次數,,次,2013,2
24060203,E,環境違規,違反環境法規金額,,元,2013,211200
24060203,E,環境違規,違反環境法規次數,,次,2013,15
33144175,E,環境違規,違反環境法規金額,,元,2013,200000
33144175,E,環境違規,違反環境法規次數,,次,2013,2
34149369,E,環境違規,違反環境法規金額,,元,2013,6000
34149369,E,環境違規,違反環境法規次數,,次,2013,1
34342717,E,環境違規,違反環境法規金額,,元,2013,22800
34342717,E,環境違規,違反環境法規次數,,次,2013,9
43876760,E,環境違規,違反環境法規金額,,元,2013,419500
43876760,E,環境違規,違反環境法規次數,,次,2013,13
46298200,E,環境違規,違反環境法規金額,,元,2013,42000
46298200,E,環境違規,違反環境法規次數,,次,2013,11
47254476,E,環境違規,違反環境法規金額,,元,2013,6000
47254476,E,環境違規,違反環境法規次數,,次,2013,1
58250510,E,環境違規,違反環境法規金額,,元,2013,200000
58250510,E,環境違規,違反環境法規次數,,次,2013,2
66394146,E,環境違規,違反環境法規金額,,元,2013,954000
66394146,E,環境違規,違反環境法規次數,,次,2013,46
66410981,E,環境違規,違反環境法規金額,,元,2013,4200
66410981,E,環境違規,違反環境法規次數,,次,2013,2
73654033,E,環境違規,違反環境法規金額,,元,2013,76000
73654033,E,環境違規,違反環境法規次數,,次,2013,2
75094900,E,環境違規,違反環境法規金額,,元,2013,1058700
75094900,E,環境違規,違反環境法規次數,,次,2013,24
84466749,E,環境違規,違反環境法規金額,,元,2013,3000
84466749,E,環境違規,違反環境法規次數,,次,2013,1
84548046,E,環境違規,違反環境法規金額,,元,2013,61200
84548046,E,環境違規,違反環境法規次數,,次,2013,6
86379024,E,環境違規,違反環境法規金額,,元,2013,300000
86379024,E,環境違規,違反環境法規次數,,次,2013,1
97447647,E,環境違規,違反環境法規金額,,元,2013,100000
97447647,E,環境違規,違反環境法規次數,,次,2013,1
97477509,E,環境違規,違反環境法規金額,,元,2013,10000
97477509,E,環境違規,違反環境法規次數,,次,2013,1
03028404,E,環境違規,違反環境法規金額,,元,2013,101200
03028404,E,環境違規,違反環境法規次數,,次,2013,2
05117325,E,環境違規,違反環境法規金額,,元,2013,26400
05117325,E,環境違規,違反環境法規次數,,次,2013,6
04673318,E,環境違規,違反環境法規金額,,元,2013,412400
04673318,E,環境違規,違反環境法規次數,,次,2013,4
04615057,E,環境違規,違反環境法規金額,,元,2013,110000
04615057,E,環境違規,違反環境法規次數,,次,2013,2
11099009,E,環境違規,違反環境法規金額,,元,2014,3000
11099009,E,環境違規,違反環境法規次數,,次,2014,1
11367406,E,環境違規,違反環境法規金額,,元,2014,205700
11367406,E,環境違規,違反環境法規次數,,次,2014,4
11762504,E,環境違規,違反環境法規金額,,元,2014,203000
11762504,E,環境違規,違反環境法規次數,,次,2014,3
16264908,E,環境違規,違反環境法規金額,,元,2014,100000
16264908,E,環境違規,違反環境法規次數,,次,2014,1
18997007,E,環境違規,違反環境法規金額,,元,2014,558600
18997007,E,環境違規,違反環境法規次數,,次,2014,37
22132814,E,環境違規,違反環境法規金額,,元,2014,251000
22132814,E,環境違規,違反環境法規次數,,次,2014,12
22221180,E,環境違規,違反環境法規金額,,元,2014,67200
22221180,E,環境違規,違反環境法規次數,,次,2014,56
22659295,E,環境違規,違反環境法規金額,,元,2014,200000
22659295,E,環境違規,違反環境法規次數,,次,2014,2
24060203,E,環境違規,違反環境法規金額,,元,2014,119600
24060203,E,環境違規,違反環境法規次數,,次,2014,6
34149369,E,環境違規,違反環境法規金額,,元,2014,1200
34149369,E,環境違規,違反環境法規次數,,次,2014,1
34342717,E,環境違規,違反環境法規金額,,元,2014,100000
34342717,E,環境違規,違反環境法規次數,,次,2014,1
43876760,E,環境違規,違反環境法規金額,,元,2014,214400
43876760,E,環境違規,違反環境法規次數,,次,2014,6
46298200,E,環境違規,違反環境法規金額,,元,2014,11400
46298200,E,環境違規,違反環境法規次數,,次,2014,4
47254476,E,環境違規,違反環境法規金額,,元,2014,2400
47254476,E,環境違規,違反環境法規次數,,次,2014,2
66394146,E,環境違規,違反環境法規金額,,元,2014,205600
66394146,E,環境違規,違反環境法規次數,,次,2014,15
66410981,E,環境違規,違反環境法規金額,,元,2014,100000
66410981,E,環境違規,違反環境法規次數,,次,2014,1
72058206,E,環境違規,違反環境法規金額,,元,2014,10000
72058206,E,環境違規,違反環境法規次數,,次,2014,1
75094900,E,環境違規,違反環境法規金額,,元,2014,239000
75094900,E,環境違規,違反環境法規次數,,次,2014,6
84548046,E,環境違規,違反環境法規金額,,元,2014,1200
84548046,E,環境違規,違反環境法規次數,,次,2014,1
85898033,E,環境違規,違反環境法規金額,,元,2014,26800
85898033,E,環境違規,違反環境法規次數,,次,2014,4
86379024,E,環境違規,違反環境法規金額,,元,2014,1000000
86379024,E,環境違規,違反環境法規次數,,次,2014,1
89321602,E,環境違規,違反環境法規金額,,元,2014,10000
89321602,E,環境違規,違反環境法規次數,,次,2014,1
97477509,E,環境違規,違反環境法規金額,,元,2014,1200
97477509,E,環境違規,違反環境法規次數,,次,2014,1
03374306,E,環境違規,違反環境法規金額,,元,2014,1200
03374306,E,環境違規,違反環境法規次數,,次,2014,1
05117325,E,環境違規,違反環境法規金額,,元,2014,138900
05117325,E,環境違規,違反環境法規次數,,次,2014,5
04673318,E,環境違規,違反環境法規金額,,元,2014,301200
04673318,E,環境違規,違反環境法規次數,,次,2014,5
06667446,E,環境違規,違反環境法規金額,,元,2014,300000
06667446,E,環境違規,違反環境法規次數,,次,2014,1
11099009,E,環境違規,違反環境法規金額,,元,2015,6000
11099009,E,環境違規,違反環境法規次數,,次,2015,1
11367406,E,環境違規,違反環境法規金額,,元,2015,329700
11367406,E,環境違規,違反環境法規次數,,次,2015,7
11603817,E,環境違規,違反環境法規金額,,元,2015,10000
11603817,E,環境違規,違反環境法規次數,,次,2015,1
11762504,E,環境違規,違反環境法規金額,,元,2015,58200
11762504,E,環境違規,違反環境法規次數,,次,2015,4
12305479,E,環境違規,違反環境法規金額,,元,2015,100000
12305479,E,環境違規,違反環境法規次數,,次,2015,1
12371385,E,環境違規,違反環境法規金額,,元,2015,100000
12371385,E,環境違規,違反環境法規次數,,次,2015,1
18997007,E,環境違規,違反環境法規金額,,元,2015,514800
18997007,E,環境違規,違反環境法規次數,,次,2015,74
20730758,E,環境違規,違反環境法規金額,,元,2015,213200
20730758,E,環境違規,違反環境法規次數,,次,2015,5
22221180,E,環境違規,違反環境法規金額,,元,2015,28800
22221180,E,環境違規,違反環境法規次數,,次,2015,24
22298292,E,環境違規,違反環境法規金額,,元,2015,108400
22298292,E,環境違規,違反環境法規次數,,次,2015,7
22417810,E,環境違規,違反環境法規金額,,元,2015,11500
22417810,E,環境違規,違反環境法規次數,,次,2015,2
23358846,E,環境違規,違反環境法規金額,,元,2015,10000
23358846,E,環境違規,違反環境法規次數,,次,2015,1
24060203,E,環境違規,違反環境法規金額,,元,2015,102200
24060203,E,環境違規,違反環境法規次數,,次,2015,9
30900892,E,環境違規,違反環境法規金額,,元,2015,600000
30900892,E,環境違規,違反環境法規次數,,次,2015,2
33144175,E,環境違規,違反環境法規金額,,元,2015,106000
33144175,E,環境違規,違反環境法規次數,,次,2015,2
33428716,E,環境違規,違反環境法規金額,,元,2015,10000
33428716,E,環境違規,違反環境法規次數,,次,2015,1
34149369,E,環境違規,違反環境法規金額,,元,2015,6000
34149369,E,環境違規,違反環境法規次數,,次,2015,1
34342717,E,環境違規,違反環境法規金額,,元,2015,163000
34342717,E,環境違規,違反環境法規次數,,次,2015,3
43876760,E,環境違規,違反環境法規金額,,元,2015,334500
43876760,E,環境違規,違反環境法規次數,,次,2015,34
46298200,E,環境違規,違反環境法規金額,,元,2015,4200
46298200,E,環境違規,違反環境法規次數,,次,2015,2
47254476,E,環境違規,違反環境法規金額,,元,2015,18000
47254476,E,環境違規,違反環境法規次數,,次,2015,3
66394146,E,環境違規,違反環境法規金額,,元,2015,316000
66394146,E,環境違規,違反環境法規次數,,次,2015,16
66410981,E,環境違規,違反環境法規金額,,元,2015,5400
66410981,E,環境違規,違反環境法規次數,,次,2015,3
72058206,E,環境違規,違反環境法規金額,,元,2015,60000
72058206,E,環境違規,違反環境法規次數,,次,2015,1
73654033,E,環境違規,違反環境法規金額,,元,2015,3600
73654033,E,環境違規,違反環境法規次數,,次,2015,1
75094900,E,環境違規,違反環境法規金額,,元,2015,607200
75094900,E,環境違規,違反環境法規次數,,次,2015,27
84466749,E,環境違規,違反環境法規金額,,元,2015,4500
84466749,E,環境違規,違反環境法規次數,,次,2015,2
84548046,E,環境違規,違反環境法規金額,,元,2015,44400
84548046,E,環境違規,違反環境法規次數,,次,2015,18
85898033,E,環境違規,違反環境法規金額,,元,2015,300000
85898033,E,環境違規,違反環境法規次數,,次,2015,2
86379024,E,環境違規,違反環境法規金額,,元,2015,400000
86379024,E,環境違規,違反環境法規次數,,次,2015,2
03374306,E,環境違規,違反環境法規金額,,元,2015,663500
03374306,E,環境違規,違反環境法規次數,,次,2015,7
05117325,E,環境違規,違反環境法規金額,,元,2015,13500
05117325,E,環境違規,違反環境法規次數,,次,2015,4
04633597,E,環境違規,違反環境法規金額,,元,2015,100000
04633597,E,環境違規,違反環境法規次數,,次,2015,1
04673318,E,環境違規,違反環境法規金額,,元,2015,1301200
04673318,E,環境違規,違反環境法規次數,,次,2015,7
06667446,E,環境違規,違反環境法規金額,,元,2015,6700
06667446,E,環境違規,違反環境法規次數,,次,2015,4
07611076,E,環境違規,違反環境法規金額,,元,2015,100000
07611076,E,環境違規,違反環境法規次數,,次,2015,1
11099009,E,環境違規,違反環境法規金額,,元,2016,18800
11099009,E,環境違規,違反環境法規次數,,次,2016,5
11367406,E,環境違規,違反環境法規金額,,元,2016,796900
11367406,E,環境違規,違反環境法規次數,,次,2016,42
11603817,E,環境違規,違反環境法規金額,,元,2016,390000
11603817,E,環境違規,違反環境法規次數,,次,2016,1
11762504,E,環境違規,違反環境法規金額,,元,2016,272000
11762504,E,環境違規,違反環境法規次數,,次,2016,17
12371385,E,環境違規,違反環境法規金額,,元,2016,112000
12371385,E,環境違規,違反環境法規次數,,次,2016,2
18997007,E,環境違規,違反環境法規金額,,元,2016,39300
18997007,E,環境違規,違反環境法規次數,,次,2016,15
20730758,E,環境違規,違反環境法規金額,,元,2016,630000
20730758,E,環境違規,違反環境法規次數,,次,2016,3
22099391,E,環境違規,違反環境法規金額,,元,2016,6000
22099391,E,環境違規,違反環境法規次數,,次,2016,1
22132814,E,環境違規,違反環境法規金額,,元,2016,1200
22132814,E,環境違規,違反環境法規次數,,次,2016,1
22221180,E,環境違規,違反環境法規金額,,元,2016,29800
22221180,E,環境違規,違反環境法規次數,,次,2016,15
22298292,E,環境違規,違反環境法規金額,,元,2016,38400
22298292,E,環境違規,違反環境法規次數,,次,2016,3
22417810,E,環境違規,違反環境法規金額,,元,2016,51000
22417810,E,環境違規,違反環境法規次數,,次,2016,3
23358846,E,環境違規,違反環境法規金額,,元,2016,100000
23358846,E,環境違規,違反環境法規次數,,次,2016,1
24060203,E,環境違規,違反環境法規金額,,元,2016,405400
24060203,E,環境違規,違反環境法規次數,,次,2016,10
34149369,E,環境違規,違反環境法規金額,,元,2016,779200
34149369,E,環境違規,違反環境法規次數,,次,2016,11
34342717,E,環境違規,違反環境法規金額,,元,2016,111600
34342717,E,環境違規,違反環境法規次數,,次,2016,7
43876760,E,環境違規,違反環境法規金額,,元,2016,261600
43876760,E,環境違規,違反環境法規次數,,次,2016,37
46298200,E,環境違規,違反環境法規金額,,元,2016,283200
46298200,E,環境違規,違反環境法規次數,,次,2016,18
66394146,E,環境違規,違反環境法規金額,,元,2016,524200
66394146,E,環境違規,違反環境法規次數,,次,2016,20
66410981,E,環境違規,違反環境法規金額,,元,2016,6000
66410981,E,環境違規,違反環境法規次數,,次,2016,1
73654033,E,環境違規,違反環境法規金額,,元,2016,6000
73654033,E,環境違規,違反環境法規次數,,次,2016,1
75094900,E,環境違規,違反環境法規金額,,元,2016,293800
75094900,E,環境違規,違反環境法規次數,,次,2016,41
84466749,E,環境違規,違反環境法規金額,,元,2016,26700
84466749,E,環境違規,違反環境法規次數,,次,2016,5
84548046,E,環境違規,違反環境法規金額,,元,2016,155400
84548046,E,環境違規,違反環境法規次數,,次,2016,10
85898033,E,環境違規,違反環境法規金額,,元,2016,17100
85898033,E,環境違規,違反環境法規次數,,次,2016,5
89321602,E,環境違規,違反環境法規金額,,元,2016,16000
89321602,E,環境違規,違反環境法規次數,,次,2016,2
97447647,E,環境違規,違反環境法規金額,,元,2016,4500
97447647,E,環境違規,違反環境法規次數,,次,2016,1
03028404,E,環境違規,違反環境法規金額,,元,2016,300000
03028404,E,環境違規,違反環境法規次數,,次,2016,2
03374306,E,環境違規,違反環境法規金額,,元,2016,7500
03374306,E,環境違規,違反環境法規次數,,次,2016,2
05117325,E,環境違規,違反環境法規金額,,元,2016,19200
05117325,E,環境違規,違反環境法規次數,,次,2016,9
04633597,E,環境違規,違反環境法規金額,,元,2016,25500
04633597,E,環境違規,違反環境法規次數,,次,2016,1
07510318,E,環境違規,違反環境法規金額,,元,2016,32500
07510318,E,環境違規,違反環境法規次數,,次,2016,2
04673318,E,環境違規,違反環境法規金額,,元,2016,304200
04673318,E,環境違規,違反環境法規次數,,次,2016,3
06667446,E,環境違規,違反環境法規金額,,元,2016,2200
06667446,E,環境違規,違反環境法規次數,,次,2016,1
04615057,E,環境違規,違反環境法規金額,,元,2016,1200
04615057,E,環境違規,違反環境法規次數,,次,2016,1
11099009,E,環境違規,違反環境法規金額,,元,2017,3600
11099009,E,環境違規,違反環境法規次數,,次,2017,3
11367406,E,環境違規,違反環境法規金額,,元,2017,524800
11367406,E,環境違規,違反環境法規次數,,次,2017,33
11603817,E,環境違規,違反環境法規金額,,元,2017,103600
11603817,E,環境違規,違反環境法規次數,,次,2017,4
11762504,E,環境違規,違反環境法規金額,,元,2017,199200
11762504,E,環境違規,違反環境法規次數,,次,2017,22
12305479,E,環境違規,違反環境法規金額,,元,2017,206000
12305479,E,環境違規,違反環境法規次數,,次,2017,3
12371385,E,環境違規,違反環境法規金額,,元,2017,60000
12371385,E,環境違規,違反環境法規次數,,次,2017,1
18997007,E,環境違規,違反環境法規金額,,元,2017,16200
18997007,E,環境違規,違反環境法規次數,,次,2017,6
20730758,E,環境違規,違反環境法規金額,,元,2017,400000
20730758,E,環境違規,違反環境法規次數,,次,2017,1
22132814,E,環境違規,違反環境法規金額,,元,2017,117400
22132814,E,環境違規,違反環境法規次數,,次,2017,7
22221180,E,環境違規,違反環境法規金額,,元,2017,1200
22221180,E,環境違規,違反環境法規次數,,次,2017,1
22298292,E,環境違規,違反環境法規金額,,元,2017,208800
22298292,E,環境違規,違反環境法規次數,,次,2017,18
22344508,E,環境違規,違反環境法規金額,,元,2017,37500
22344508,E,環境違規,違反環境法規次數,,次,2017,1
24060203,E,環境違規,違反環境法規金額,,元,2017,319900
24060203,E,環境違規,違反環境法規次數,,次,2017,11
30900892,E,環境違規,違反環境法規金額,,元,2017,35000
30900892,E,環境違規,違反環境法規次數,,次,2017,1
33144175,E,環境違規,違反環境法規金額,,元,2017,94000
33144175,E,環境違規,違反環境法規次數,,次,2017,2
34149369,E,環境違規,違反環境法規金額,,元,2017,10500
34149369,E,環境違規,違反環境法規次數,,次,2017,1
34342717,E,環境違規,違反環境法規金額,,元,2017,40800
34342717,E,環境違規,違反環境法規次數,,次,2017,7
43876760,E,環境違規,違反環境法規金額,,元,2017,153600
43876760,E,環境違規,違反環境法規次數,,次,2017,18
46298200,E,環境違規,違反環境法規金額,,元,2017,415800
46298200,E,環境違規,違反環境法規次數,,次,2017,19
47254476,E,環境違規,違反環境法規金額,,元,2017,30000
47254476,E,環境違規,違反環境法規次數,,次,2017,4
66394146,E,環境違規,違反環境法規金額,,元,2017,311800
66394146,E,環境違規,違反環境法規次數,,次,2017,15
66410981,E,環境違規,違反環境法規金額,,元,2017,4200
66410981,E,環境違規,違反環境法規次數,,次,2017,2
72058206,E,環境違規,違反環境法規金額,,元,2017,22500
72058206,E,環境違規,違反環境法規次數,,次,2017,1
75094900,E,環境違規,違反環境法規金額,,元,2017,165600
75094900,E,環境違規,違反環境法規次數,,次,2017,28
84548046,E,環境違規,違反環境法規金額,,元,2017,6000
84548046,E,環境違規,違反環境法規次數,,次,2017,2
85898033,E,環境違規,違反環境法規金額,,元,2017,1500
85898033,E,環境違規,違反環境法規次數,,次,2017,1
03374306,E,環境違規,違反環境法規金額,,元,2017,100000
03374306,E,環境違規,違反環境法規次數,,次,2017,1
05117325,E,環境違規,違反環境法規金額,,元,2017,15300
05117325,E,環境違規,違反環境法規次數,,次,2017,7
04633597,E,環境違規,違反環境法規金額,,元,2017,10000
04633597,E,環境違規,違反環境法規次數,,次,2017,1
04673318,E,環境違規,違反環境法規金額,,元,2017,860000
04673318,E,環境違規,違反環境法規次數,,次,2017,5
06667446,E,環境違規,違反環境法規金額,,元,2017,3000
06667446,E,環境違規,違反環境法規次數,,次,2017,2
11367406,E,環境違規,違反環境法規金額,,元,2018,571200
11367406,E,環境違規,違反環境法規次數,,次,2018,38
11603817,E,環境違規,違反環境法規金額,,元,2018,23600
11603817,E,環境違規,違反環境法規次數,,次,2018,9
11762504,E,環境違規,違反環境法規金額,,元,2018,19800
11762504,E,環境違規,違反環境法規次數,,次,2018,9
12305479,E,環境違規,違反環境法規金額,,元,2018,30800
12305479,E,環境違規,違反環境法規次數,,次,2018,5
12371385,E,環境違規,違反環境法規金額,,元,2018,100000
12371385,E,環境違規,違反環境法規次數,,次,2018,1
18997007,E,環境違規,違反環境法規金額,,元,2018,336200
18997007,E,環境違規,違反環境法規次數,,次,2018,16
20730758,E,環境違規,違反環境法規金額,,元,2018,1500
20730758,E,環境違規,違反環境法規次數,,次,2018,1
22132814,E,環境違規,違反環境法規金額,,元,2018,45000
22132814,E,環境違規,違反環境法規次數,,次,2018,6
22221180,E,環境違規,違反環境法規金額,,元,2018,303000
22221180,E,環境違規,違反環境法規次數,,次,2018,2
22298292,E,環境違規,違反環境法規金額,,元,2018,9000
22298292,E,環境違規,違反環境法規次數,,次,2018,2
22417810,E,環境違規,違反環境法規金額,,元,2018,6000
22417810,E,環境違規,違反環境法規次數,,次,2018,1
22659295,E,環境違規,違反環境法規金額,,元,2018,102000
22659295,E,環境違規,違反環境法規次數,,次,2018,2
23988653,E,環境違規,違反環境法規金額,,元,2018,6000
23988653,E,環境違規,違反環境法規次數,,次,2018,1
24060203,E,環境違規,違反環境法規金額,,元,2018,2207800
24060203,E,環境違規,違反環境法規次數,,次,2018,10
30900892,E,環境違規,違反環境法規金額,,元,2018,310000
30900892,E,環境違規,違反環境法規次數,,次,2018,3
33144175,E,環境違規,違反環境法規金額,,元,2018,100000
33144175,E,環境違規,違反環境法規次數,,次,2018,1
34342717,E,環境違規,違反環境法規金額,,元,2018,19200
34342717,E,環境違規,違反環境法規次數,,次,2018,8
43876760,E,環境違規,違反環境法規金額,,元,2018,72000
43876760,E,環境違規,違反環境法規次數,,次,2018,18
46298200,E,環境違規,違反環境法規金額,,元,2018,14400
46298200,E,環境違規,違反環境法規次數,,次,2018,5
47254476,E,環境違規,違反環境法規金額,,元,2018,31200
47254476,E,環境違規,違反環境法規次數,,次,2018,2
66394146,E,環境違規,違反環境法規金額,,元,2018,223200
66394146,E,環境違規,違反環境法規次數,,次,2018,13
75094900,E,環境違規,違反環境法規金額,,元,2018,458800
75094900,E,環境違規,違反環境法規次數,,次,2018,35
84466749,E,環境違規,違反環境法規金額,,元,2018,1200
84466749,E,環境違規,違反環境法規次數,,次,2018,1
84548046,E,環境違規,違反環境法規金額,,元,2018,37200
84548046,E,環境違規,違反環境法規次數,,次,2018,7
85898033,E,環境違規,違反環境法規金額,,元,2018,12000
85898033,E,環境違規,違反環境法規次數,,次,2018,2
86233176,E,環境違規,違反環境法規金額,,元,2018,6000
86233176,E,環境違規,違反環境法規次數,,次,2018,1
03374306,E,環境違規,違反環境法規金額,,元,2018,1070000
03374306,E,環境違規,違反環境法規次數,,次,2018,2
05117325,E,環境違規,違反環境法規金額,,元,2018,26400
05117325,E,環境違規,違反環境法規次數,,次,2018,12
07510318,E,環境違規,違反環境法規金額,,元,2018,106000
07510318,E,環境違規,違反環境法規次數,,次,2018,5
04673318,E,環境違規,違反環境法規金額,,元,2018,16300
04673318,E,環境違規,違反環境法規次數,,次,2018,4
04477420,E,環境違規,違反環境法規金額,,元,2018,28000
04477420,E,環境違規,違反環境法規次數,,次,2018,1
04615057,E,環境違規,違反環境法規金額,,元,2018,29500
04615057,E,環境違規,違反環境法規次數,,次,2018,2
11367406,E,環境違規,違反環境法規金額,,元,2019,203400
11367406,E,環境違規,違反環境法規次數,,次,2019,15
11603817,E,環境違規,違反環境法規金額,,元,2019,17000
11603817,E,環境違規,違反環境法規次數,,次,2019,1
11762504,E,環境違規,違反環境法規金額,,元,2019,123700
11762504,E,環境違規,違反環境法規次數,,次,2019,9
12305479,E,環境違規,違反環境法規金額,,元,2019,521200
12305479,E,環境違規,違反環境法規次數,,次,2019,5
16264908,E,環境違規,違反環境法規金額,,元,2019,10000
16264908,E,環境違規,違反環境法規次數,,次,2019,1
16318881,E,環境違規,違反環境法規金額,,元,2019,21000
16318881,E,環境違規,違反環境法規次數,,次,2019,7
18997007,E,環境違規,違反環境法規金額,,元,2019,39000
18997007,E,環境違規,違反環境法規次數,,次,2019,8
20730758,E,環境違規,違反環境法規金額,,元,2019,7200
20730758,E,環境違規,違反環境法規次數,,次,2019,3
22099391,E,環境違規,違反環境法規金額,,元,2019,10000
22099391,E,環境違規,違反環境法規次數,,次,2019,1
22132814,E,環境違規,違反環境法規金額,,元,2019,193200
22132814,E,環境違規,違反環境法規次數,,次,2019,10
22190686,E,環境違規,違反環境法規金額,,元,2019,12600
22190686,E,環境違規,違反環境法規次數,,次,2019,3
22221180,E,環境違規,違反環境法規金額,,元,2019,112600
22221180,E,環境違規,違反環境法規次數,,次,2019,6
22298292,E,環境違規,違反環境法規金額,,元,2019,19200
22298292,E,環境違規,違反環境法規次數,,次,2019,10
22344508,E,環境違規,違反環境法規金額,,元,2019,24000
22344508,E,環境違規,違反環境法規次數,,次,2019,1
22659295,E,環境違規,違反環境法規金額,,元,2019,100000
22659295,E,環境違規,違反環境法規次數,,次,2019,1
23988653,E,環境違規,違反環境法規金額,,元,2019,75000
23988653,E,環境違規,違反環境法規次數,,次,2019,2
24060203,E,環境違規,違反環境法規金額,,元,2019,115600
24060203,E,環境違規,違反環境法規次數,,次,2019,6
30900892,E,環境違規,違反環境法規金額,,元,2019,400000
30900892,E,環境違規,違反環境法規次數,,次,2019,4
34149369,E,環境違規,違反環境法規金額,,元,2019,45000
34149369,E,環境違規,違反環境法規次數,,次,2019,1
34342717,E,環境違規,違反環境法規金額,,元,2019,118600
34342717,E,環境違規,違反環境法規次數,,次,2019,9
43876760,E,環境違規,違反環境法規金額,,元,2019,154800
43876760,E,環境違規,違反環境法規次數,,次,2019,22
46298200,E,環境違規,違反環境法規金額,,元,2019,58200
46298200,E,環境違規,違反環境法規次數,,次,2019,9
47254476,E,環境違規,違反環境法規金額,,元,2019,9000
47254476,E,環境違規,違反環境法規次數,,次,2019,3
66394146,E,環境違規,違反環境法規金額,,元,2019,211800
66394146,E,環境違規,違反環境法規次數,,次,2019,31
66410981,E,環境違規,違反環境法規金額,,元,2019,12000
66410981,E,環境違規,違反環境法規次數,,次,2019,2
66629349,E,環境違規,違反環境法規金額,,元,2019,20000
66629349,E,環境違規,違反環境法規次數,,次,2019,2
75094900,E,環境違規,違反環境法規金額,,元,2019,212800
75094900,E,環境違規,違反環境法規次數,,次,2019,21
84548046,E,環境違規,違反環境法規金額,,元,2019,34800
84548046,E,環境違規,違反環境法規次數,,次,2019,5
85898033,E,環境違規,違反環境法規金額,,元,2019,3000
85898033,E,環境違規,違反環境法規次數,,次,2019,1
97447647,E,環境違規,違反環境法規金額,,元,2019,26000
97447647,E,環境違規,違反環境法規次數,,次,2019,3
03028404,E,環境違規,違反環境法規金額,,元,2019,30000
03028404,E,環境違規,違反環境法規次數,,次,2019,5
05117325,E,環境違規,違反環境法規金額,,元,2019,220000
05117325,E,環境違規,違反環境法規次數,,次,2019,21
07510318,E,環境違規,違反環境法規金額,,元,2019,3000
07510318,E,環境違規,違反環境法規次數,,次,2019,1
04673318,E,環境違規,違反環境法規金額,,元,2019,716200
04673318,E,環境違規,違反環境法規次數,,次,2019,5
06667446,E,環境違規,違反環境法規金額,,元,2019,19500
06667446,E,環境違規,違反環境法規次數,,次,2019,1
04615057,E,環境違規,違反環境法規金額,,元,2019,120000
04615057,E,環境違規,違反環境法規次數,,次,2019,3
11099009,E,環境違規,違反環境法規金額,,元,2020,138000
11099009,E,環境違規,違反環境法規次數,,次,2020,2
11367406,E,環境違規,違反環境法規金額,,元,2020,10800
11367406,E,環境違規,違反環境法規次數,,次,2020,3
11762504,E,環境違規,違反環境法規金額,,元,2020,46200
11762504,E,環境違規,違反環境法規次數,,次,2020,12
12305479,E,環境違規,違反環境法規金額,,元,2020,314400
12305479,E,環境違規,違反環境法規次數,,次,2020,11
16264908,E,環境違規,違反環境法規金額,,元,2020,110000
16264908,E,環境違規,違反環境法規次數,,次,2020,2
16318881,E,環境違規,違反環境法規金額,,元,2020,31200
16318881,E,環境違規,違反環境法規次數,,次,2020,14
18997007,E,環境違規,違反環境法規金額,,元,2020,162600
18997007,E,環境違規,違反環境法規次數,,次,2020,7
22132814,E,環境違規,違反環境法規金額,,元,2020,19800
22132814,E,環境違規,違反環境法規次數,,次,2020,5
22221180,E,環境違規,違反環境法規金額,,元,2020,16800
22221180,E,環境違規,違反環境法規次數,,次,2020,5
22298292,E,環境違規,違反環境法規金額,,元,2020,1200
22298292,E,環境違規,違反環境法規次數,,次,2020,1
22417810,E,環境違規,違反環境法規金額,,元,2020,19500
22417810,E,環境違規,違反環境法規次數,,次,2020,1
23358846,E,環境違規,違反環境法規金額,,元,2020,116200
23358846,E,環境違規,違反環境法規次數,,次,2020,3
23988653,E,環境違規,違反環境法規金額,,元,2020,70000
23988653,E,環境違規,違反環境法規次數,,次,2020,2
24060203,E,環境違規,違反環境法規金額,,元,2020,423500
24060203,E,環境違規,違反環境法規次數,,次,2020,11
30900892,E,環境違規,違反環境法規金額,,元,2020,110000
30900892,E,環境違規,違反環境法規次數,,次,2020,2
34149369,E,環境違規,違反環境法規金額,,元,2020,21000
34149369,E,環境違規,違反環境法規次數,,次,2020,1
34342717,E,環境違規,違反環境法規金額,,元,2020,261800
34342717,E,環境違規,違反環境法規次數,,次,2020,12
43876760,E,環境違規,違反環境法規金額,,元,2020,384600
43876760,E,環境違規,違反環境法規次數,,次,2020,25
46298200,E,環境違規,違反環境法規金額,,元,2020,132900
46298200,E,環境違規,違反環境法規次數,,次,2020,11
47254476,E,環境違規,違反環境法規金額,,元,2020,109600
47254476,E,環境違規,違反環境法規次數,,次,2020,5
66394146,E,環境違規,違反環境法規金額,,元,2020,190200
66394146,E,環境違規,違反環境法規次數,,次,2020,24
66410981,E,環境違規,違反環境法規金額,,元,2020,8400
66410981,E,環境違規,違反環境法規次數,,次,2020,2
75094900,E,環境違規,違反環境法規金額,,元,2020,63000
75094900,E,環境違規,違反環境法規次數,,次,2020,8
81271967,E,環境違規,違反環境法規金額,,元,2020,158200
81271967,E,環境違規,違反環境法規次數,,次,2020,4
84548046,E,環境違規,違反環境法規金額,,元,2020,14400
84548046,E,環境違規,違反環境法規次數,,次,2020,6
85898033,E,環境違規,違反環境法規金額,,元,2020,20000
85898033,E,環境違規,違反環境法規次數,,次,2020,5
86233176,E,環境違規,違反環境法規金額,,元,2020,44000
86233176,E,環境違規,違反環境法規次數,,次,2020,2
86379024,E,環境違規,違反環境法規金額,,元,2020,1200
86379024,E,環境違規,違反環境法規次數,,次,2020,1
03028404,E,環境違規,違反環境法規金額,,元,2020,30000
03028404,E,環境違規,違反環境法規次數,,次,2020,4
03374306,E,環境違規,違反環境法規金額,,元,2020,6000
03374306,E,環境違規,違反環境法規次數,,次,2020,1
05117325,E,環境違規,違反環境法規金額,,元,2020,136600
05117325,E,環境違規,違反環境法規次數,,次,2020,10
04633597,E,環境違規,違反環境法規金額,,元,2020,300000
04633597,E,環境違規,違反環境法規次數,,次,2020,1
04673318,E,環境違規,違反環境法規金額,,元,2020,112000
04673318,E,環境違規,違反環境法規次數,,次,2020,3
07611076,E,環境違規,違反環境法規金額,,元,2020,100000
07611076,E,環境違規,違反環境法規次數,,次,2020,1
11367406,E,環境違規,違反環境法規金額,,元,2021,165000
11367406,E,環境違規,違反環境法規次數,,次,2021,4
11762504,E,環境違規,違反環境法規金額,,元,2021,121200
11762504,E,環境違規,違反環境法規次數,,次,2021,10
12305479,E,環境違規,違反環境法規金額,,元,2021,81900
12305479,E,環境違規,違反環境法規次數,,次,2021,11
12371385,E,環境違規,違反環境法規金額,,元,2021,81000
12371385,E,環境違規,違反環境法規次數,,次,2021,1
16318881,E,環境違規,違反環境法規金額,,元,2021,7200
16318881,E,環境違規,違反環境法規次數,,次,2021,5
18997007,E,環境違規,違反環境法規金額,,元,2021,135900
18997007,E,環境違規,違反環境法規次數,,次,2021,12
20730758,E,環境違規,違反環境法規金額,,元,2021,6000
20730758,E,環境違規,違反環境法規次數,,次,2021,1
22132814,E,環境違規,違反環境法規金額,,元,2021,34800
22132814,E,環境違規,違反環境法規次數,,次,2021,9
22417810,E,環境違規,違反環境法規金額,,元,2021,60000
22417810,E,環境違規,違反環境法規次數,,次,2021,1
24060203,E,環境違規,違反環境法規金額,,元,2021,118400
24060203,E,環境違規,違反環境法規次數,,次,2021,4
30900892,E,環境違規,違反環境法規金額,,元,2021,1200
30900892,E,環境違規,違反環境法規次數,,次,2021,1
33144175,E,環境違規,違反環境法規金額,,元,2021,12000
33144175,E,環境違規,違反環境法規次數,,次,2021,1
34342717,E,環境違規,違反環境法規金額,,元,2021,29400
34342717,E,環境違規,違反環境法規次數,,次,2021,10
43876760,E,環境違規,違反環境法規金額,,元,2021,105600
43876760,E,環境違規,違反環境法規次數,,次,2021,7
46298200,E,環境違規,違反環境法規金額,,元,2021,251400
46298200,E,環境違規,違反環境法規次數,,次,2021,10
47254476,E,環境違規,違反環境法規金額,,元,2021,6000
47254476,E,環境違規,違反環境法規次數,,次,2021,2
66394146,E,環境違規,違反環境法規金額,,元,2021,274800
66394146,E,環境違規,違反環境法規次數,,次,2021,15
66629349,E,環境違規,違反環境法規金額,,元,2021,159000
66629349,E,環境違規,違反環境法規次數,,次,2021,3
75094900,E,環境違規,違反環境法規金額,,元,2021,798400
75094900,E,環境違規,違反環境法規次數,,次,2021,8
81271967,E,環境違規,違反環境法規金額,,元,2021,2131700
81271967,E,環境違規,違反環境法規次數,,次,2021,3
85898033,E,環境違規,違反環境法規金額,,元,2021,2400
85898033,E,環境違規,違反環境法規次數,,次,2021,1
86379024,E,環境違規,違反環境法規金額,,元,2021,3600
86379024,E,環境違規,違反環境法規次數,,次,2021,3
89321602,E,環境違規,違反環境法規金額,,元,2021,24000
89321602,E,環境違規,違反環境法規次數,,次,2021,1
89961389,E,環境違規,違反環境法規金額,,元,2021,42000
89961389,E,環境違規,違反環境法規次數,,次,2021,1
97447647,E,環境違規,違反環境法規金額,,元,2021,26000
97447647,E,環境違規,違反環境法規次數,,次,2021,2
05117325,E,環境違規,違反環境法規金額,,元,2021,206800
05117325,E,環境違規,違反環境法規次數,,次,2021,23
04633597,E,環境違規,違反環境法規金額,,元,2021,100000
04633597,E,環境違規,違反環境法規次數,,次,2021,1
04673318,E,環境違規,違反環境法規金額,,元,2021,153000
04673318,E,環境違規,違反環境法規次數,,次,2021,2
07510318,E,環境違規,違反環境法規金額,,元,2021,6000
07510318,E,環境違規,違反環境法規次數,,次,2021,1
04615057,E,環境違規,違反環境法規金額,,元,2021,230500
04615057,E,環境違規,違反環境法規次數,,次,2021,2
11367406,E,環境違規,違反環境法規金額,,元,2022,145200
11367406,E,環境違規,違反環境法規次數,,次,2022,11
11762504,E,環境違規,違反環境法規金額,,元,2022,18000
11762504,E,環境違規,違反環境法規次數,,次,2022,7
12305479,E,環境違規,違反環境法規金額,,元,2022,154800
12305479,E,環境違規,違反環境法規次數,,次,2022,3
16318881,E,環境違規,違反環境法規金額,,元,2022,200000
16318881,E,環境違規,違反環境法規次數,,次,2022,2
18997007,E,環境違規,違反環境法規金額,,元,2022,75900
18997007,E,環境違規,違反環境法規次數,,次,2022,8
20730758,E,環境違規,違反環境法規金額,,元,2022,112000
20730758,E,環境違規,違反環境法規次數,,次,2022,2
22132814,E,環境違規,違反環境法規金額,,元,2022,70200
22132814,E,環境違規,違反環境法規次數,,次,2022,15
22298292,E,環境違規,違反環境法規金額,,元,2022,2400
22298292,E,環境違規,違反環境法規次數,,次,2022,1
23988653,E,環境違規,違反環境法規金額,,元,2022,6000
23988653,E,環境違規,違反環境法規次數,,次,2022,1
24060203,E,環境違規,違反環境法規金額,,元,2022,606750
24060203,E,環境違規,違反環境法規次數,,次,2022,10
34342717,E,環境違規,違反環境法規金額,,元,2022,72000
34342717,E,環境違規,違反環境法規次數,,次,2022,3
43876760,E,環境違規,違反環境法規金額,,元,2022,140400
43876760,E,環境違規,違反環境法規次數,,次,2022,20
46298200,E,環境違規,違反環境法規金額,,元,2022,13800
46298200,E,環境違規,違反環境法規次數,,次,2022,5
47254476,E,環境違規,違反環境法規金額,,元,2022,9600
47254476,E,環境違規,違反環境法規次數,,次,2022,3
66394146,E,環境違規,違反環境法規金額,,元,2022,671800
66394146,E,環境違規,違反環境法規次數,,次,2022,26
66410981,E,環境違規,違反環境法規金額,,元,2022,6000
66410981,E,環境違規,違反環境法規次數,,次,2022,1
75094900,E,環境違規,違反環境法規金額,,元,2022,597350
75094900,E,環境違規,違反環境法規次數,,次,2022,16
84548046,E,環境違規,違反環境法規金額,,元,2022,213000
84548046,E,環境違規,違反環境法規次數,,次,2022,4
86233176,E,環境違規,違反環境法規金額,,元,2022,120000
86233176,E,環境違規,違反環境法規次數,,次,2022,1
86379024,E,環境違規,違反環境法規金額,,元,2022,2400
86379024,E,環境違規,違反環境法規次數,,次,2022,1
97447647,E,環境違規,違反環境法規金額,,元,2022,15000
97447647,E,環境違規,違反環境法規次數,,次,2022,1
05117325,E,環境違規,違反環境法規金額,,元,2022,112600
05117325,E,環境違規,違反環境法規次數,,次,2022,4
04633597,E,環境違規,違反環境法規金額,,元,2022,120000
04633597,E,環境違規,違反環境法規次數,,次,2022,1
04673318,E,環境違規,違反環境法規金額,,元,2022,331000
04673318,E,環境違規,違反環境法規次數,,次,2022,3
04615057,E,環境違規,違反環境法規金額,,元,2022,136000
04615057,E,環境違規,違反環境法規次數,,次,2022,2
11367406,E,環境違規,違反環境法規金額,,元,2023,355800
11367406,E,環境違規,違反環境法規次數,,次,2023,22
11762504,E,環境違規,違反環境法規金額,,元,2023,60500
11762504,E,環境違規,違反環境法規次數,,次,2023,17
12305479,E,環境違規,違反環境法規金額,,元,2023,225000
12305479,E,環境違規,違反環境法規次數,,次,2023,1
12371385,E,環境違規,違反環境法規金額,,元,2023,24000
12371385,E,環境違規,違反環境法規次數,,次,2023,1
16318881,E,環境違規,違反環境法規金額,,元,2023,2400
16318881,E,環境違規,違反環境法規次數,,次,2023,1
18997007,E,環境違規,違反環境法規金額,,元,2023,78000
18997007,E,環境違規,違反環境法規次數,,次,2023,11
20730758,E,環境違規,違反環境法規金額,,元,2023,100000
20730758,E,環境違規,違反環境法規次數,,次,2023,1
22132814,E,環境違規,違反環境法規金額,,元,2023,98400
22132814,E,環境違規,違反環境法規次數,,次,2023,23
22190686,E,環境違規,違反環境法規金額,,元,2023,1200
22190686,E,環境違規,違反環境法規次數,,次,2023,1
22221180,E,環境違規,違反環境法規金額,,元,2023,12000
22221180,E,環境違規,違反環境法規次數,,次,2023,4
23358846,E,環境違規,違反環境法規金額,,元,2023,100000
23358846,E,環境違規,違反環境法規次數,,次,2023,1
24060203,E,環境違規,違反環境法規金額,,元,2023,502200
24060203,E,環境違規,違反環境法規次數,,次,2023,10
30900892,E,環境違規,違反環境法規金額,,元,2023,1200
30900892,E,環境違規,違反環境法規次數,,次,2023,1
33144175,E,環境違規,違反環境法規金額,,元,2023,6000
33144175,E,環境違規,違反環境法規次數,,次,2023,1
43876760,E,環境違規,違反環境法規金額,,元,2023,504600
43876760,E,環境違規,違反環境法規次數,,次,2023,19
46298200,E,環境違規,違反環境法規金額,,元,2023,157000
46298200,E,環境違規,違反環境法規次數,,次,2023,7
47254476,E,環境違規,違反環境法規金額,,元,2023,12000
47254476,E,環境違規,違反環境法規次數,,次,2023,2
66394146,E,環境違規,違反環境法規金額,,元,2023,3736200
66394146,E,環境違規,違反環境法規次數,,次,2023,59
66410981,E,環境違規,違反環境法規金額,,元,2023,2400
66410981,E,環境違規,違反環境法規次數,,次,2023,1
75094900,E,環境違規,違反環境法規金額,,元,2023,138500
75094900,E,環境違規,違反環境法規次數,,次,2023,13
84466749,E,環境違規,違反環境法規金額,,元,2023,10800
84466749,E,環境違規,違反環境法規次數,,次,2023,6
84548046,E,環境違規,違反環境法規金額,,元,2023,24600
84548046,E,環境違規,違反環境法規次數,,次,2023,8
85898033,E,環境違規,違反環境法規金額,,元,2023,15000
85898033,E,環境違規,違反環境法規次數,,次,2023,5
97447647,E,環境違規,違反環境法規金額,,元,2023,4800
97447647,E,環境違規,違反環境法規次數,,次,2023,1
05117325,E,環境違規,違反環境法規金額,,元,2023,2400
05117325,E,環境違規,違反環境法規次數,,次,2023,1
04615057,E,環境違規,違反環境法規金額,,元,2023,52000
04615057,E,環境違規,違反環境法規次數,,次,2023,1
07611076,E,環境違規,違反環境法規金額,,元,2023,7200
07611076,E,環境違規,違反環境法規次數,,次,2023,3
11367406,E,環境違規,違反環境法規金額,,元,2024,12000
11367406,E,環境違規,違反環境法規次數,,次,2024,2
22132814,E,環境違規,違反環境法規金額,,元,2024,9000
22132814,E,環境違規,違反環境法規次數,,次,2024,2
22298292,E,環境違規,違反環境法規金額,,元,2024,6000
22298292,E,環境違規,違反環境法規次數,,次,2024,1
24060203,E,環境違規,違反環境法規金額,,元,2024,200000
24060203,E,環境違規,違反環境法規次數,,次,2024,1
43876760,E,環境違規,違反環境法規金額,,元,2024,30000
43876760,E,環境違規,違反環境法規次數,,次,2024,1
46298200,E,環境違規,違反環境法規金額,,元,2024,36000
46298200,E,環境違規,違反環境法規次數,,次,2024,1
66394146,E,環境違規,違反環境法規金額,,元,2024,66000
66394146,E,環境違規,違反環境法規次數,,次,2024,12
75094900,E,環境違規,違反環境法規金額,,元,2024,75000
75094900,E,環境違規,違反環境法規次數,,次,2024,2
84548046,E,環境違規,違反環境法規金額,,元,2024,9000
84548046,E,環境違規,違反環境法規次數,,次,2024,2
73654033,S,員工薪資,平均薪資,,仟元,2020,736
73654033,S,員工薪資,薪資中位數,,仟元,2020,592
07510318,S,員工薪資,平均薪資,,仟元,2020,731
07510318,S,員工薪資,薪資中位數,,仟元,2020,729
03561011,S,員工薪資,平均薪資,,仟元,2020,543
03561011,S,員工薪資,薪資中位數,,仟元,2020,471
04615057,S,員工薪資,平均薪資,,仟元,2020,748
04615057,S,員工薪資,薪資中位數,,仟元,2020,726
07617901,S,員工薪資,平均薪資,,仟元,2020,494
07617901,S,員工薪資,薪資中位數,,仟元,2020,511
33144175,S,員工薪資,平均薪資,,仟元,2020,518
33144175,S,員工薪資,薪資中位數,,仟元,2020,487
12179563,S,員工薪資,平均薪資,,仟元,2020,794
12179563,S,員工薪資,薪資中位數,,仟元,2020,657
34149369,S,員工薪資,平均薪資,,仟元,2020,766
34149369,S,員工薪資,薪資中位數,,仟元,2020,709
03374306,S,員工薪資,平均薪資,,仟元,2020,1037
03374306,S,員工薪資,薪資中位數,,仟元,2020,956
24060203,S,員工薪資,平均薪資,,仟元,2020,878
24060203,S,員工薪資,薪資中位數,,仟元,2020,863
11603817,S,員工薪資,平均薪資,,仟元,2020,1373
11603817,S,員工薪資,薪資中位數,,仟元,2020,1271
11099009,S,員工薪資,平均薪資,,仟元,2020,817
11099009,S,員工薪資,薪資中位數,,仟元,2020,770
04921056,S,員工薪資,平均薪資,,仟元,2020,759
04921056,S,員工薪資,薪資中位數,,仟元,2020,695
72058206,S,員工薪資,平均薪資,,仟元,2020,744
72058206,S,員工薪資,薪資中位數,,仟元,2020,697
75094900,S,員工薪資,平均薪資,,仟元,2020,715
75094900,S,員工薪資,薪資中位數,,仟元,2020,644
11762504,S,員工薪資,平均薪資,,仟元,2020,652
11762504,S,員工薪資,薪資中位數,,仟元,2020,585
30900892,S,員工薪資,平均薪資,,仟元,2020,1585
30900892,S,員工薪資,薪資中位數,,仟元,2020,1391
06667446,S,員工薪資,平均薪資,,仟元,2020,1021
06667446,S,員工薪資,薪資中位數,,仟元,2020,964
22344508,S,員工薪資,平均薪資,,仟元,2020,820
22344508,S,員工薪資,薪資中位數,,仟元,2020,807
81271967,S,員工薪資,平均薪資,,仟元,2020,627
81271967,S,員工薪資,薪資中位數,,仟元,2020,689
11059409,S,員工薪資,平均薪資,,仟元,2020,978
11059409,S,員工薪資,薪資中位數,,仟元,2020,867
22221180,S,員工薪資,平均薪資,,仟元,2020,685
22221180,S,員工薪資,薪資中位數,,仟元,2020,652
18997007,S,員工薪資,平均薪資,,仟元,2020,1136
18997007,S,員工薪資,薪資中位數,,仟元,2020,1043
23113054,S,員工薪資,平均薪資,,仟元,2020,1187
23113054,S,員工薪資,薪資中位數,,仟元,2020,1171
22659295,S,員工薪資,平均薪資,,仟元,2020,828
22659295,S,員工薪資,薪資中位數,,仟元,2020,783
12251662,S,員工薪資,平均薪資,,仟元,2020,1029
12251662,S,員工薪資,薪資中位數,,仟元,2020,1320
22491640,S,員工薪資,平均薪資,,仟元,2020,823
22491640,S,員工薪資,薪資中位數,,仟元,2020,675
22190686,S,員工薪資,平均薪資,,仟元,2020,2598
22190686,S,員工薪資,薪資中位數,,仟元,2020,1369
12305479,S,員工薪資,平均薪資,,仟元,2020,991
12305479,S,員工薪資,薪資中位數,,仟元,2020,727
34342717,S,員工薪資,平均薪資,,仟元,2020,586
34342717,S,員工薪資,薪資中位數,,仟元,2020,502
86379024,S,員工薪資,平均薪資,,仟元,2020,929
86379024,S,員工薪資,薪資中位數,,仟元,2020,720
43876760,S,員工薪資,平均薪資,,仟元,2020,910
43876760,S,員工薪資,薪資中位數,,仟元,2020,841
12373243,S,員工薪資,平均薪資,,仟元,2020,897
12373243,S,員工薪資,薪資中位數,,仟元,2020,817
23358846,S,員工薪資,平均薪資,,仟元,2020,1704
23358846,S,員工薪資,薪資中位數,,仟元,2020,1549
12860948,S,員工薪資,平均薪資,,仟元,2020,710
12860948,S,員工薪資,薪資中位數,,仟元,2020,715
66394146,S,員工薪資,平均薪資,,仟元,2020,966
66394146,S,員工薪資,薪資中位數,,仟元,2020,777
03701104,S,員工薪資,平均薪資,,仟元,2020,881
03701104,S,員工薪資,薪資中位數,,仟元,2020,851
20730758,S,員工薪資,平均薪資,,仟元,2020,672
20730758,S,員工薪資,薪資中位數,,仟元,2020,620
16264908,S,員工薪資,平均薪資,,仟元,2020,1234
16264908,S,員工薪資,薪資中位數,,仟元,2020,627
12667444,S,員工薪資,平均薪資,,仟元,2020,895
12667444,S,員工薪資,薪資中位數,,仟元,2020,821
84141187,S,員工薪資,平均薪資,,仟元,2020,1147
84141187,S,員工薪資,薪資中位數,,仟元,2020,1139
86140894,S,員工薪資,平均薪資,,仟元,2020,771
86140894,S,員工薪資,薪資中位數,,仟元,2020,701
28993629,S,員工薪資,平均薪資,,仟元,2020,776
28993629,S,員工薪資,薪資中位數,,仟元,2020,731
16126477,S,員工薪資,平均薪資,,仟元,2020,588
16126477,S,員工薪資,薪資中位數,,仟元,2020,591
07648290,S,員工薪資,平均薪資,,仟元,2020,996
07648290,S,員工薪資,薪資中位數,,仟元,2020,954
22099391,S,員工薪資,平均薪資,,仟元,2020,847
22099391,S,員工薪資,薪資中位數,,仟元,2020,727
04738240,S,員工薪資,平均薪資,,仟元,2020,813
04738240,S,員工薪資,薪資中位數,,仟元,2020,737
89961389,S,員工薪資,平均薪資,,仟元,2020,1114
89961389,S,員工薪資,薪資中位數,,仟元,2020,797
05147030,S,員工薪資,平均薪資,,仟元,2020,979
05147030,S,員工薪資,薪資中位數,,仟元,2020,865
86233176,S,員工薪資,平均薪資,,仟元,2020,1270
86233176,S,員工薪資,薪資中位數,,仟元,2020,1025
22417810,S,員工薪資,平均薪資,,仟元,2020,1180
22417810,S,員工薪資,薪資中位數,,仟元,2020,1110
22132814,S,員工薪資,平均薪資,,仟元,2020,835
22132814,S,員工薪資,薪資中位數,,仟元,2020,647
86690644,S,員工薪資,平均薪資,,仟元,2020,796
86690644,S,員工薪資,薪資中位數,,仟元,2020,802
22817225,S,員工薪資,平均薪資,,仟元,2020,885
22817225,S,員工薪資,薪資中位數,,仟元,2020,851
46298200,S,員工薪資,平均薪資,,仟元,2020,930
46298200,S,員工薪資,薪資中位數,,仟元,2020,774
47254476,S,員工薪資,平均薪資,,仟元,2020,751
47254476,S,員工薪資,薪資中位數,,仟元,2020,640
85898033,S,員工薪資,平均薪資,,仟元,2020,872
85898033,S,員工薪資,薪資中位數,,仟元,2020,816
66410981,S,員工薪資,平均薪資,,仟元,2020,1105
66410981,S,員工薪資,薪資中位數,,仟元,2020,1039
03028404,S,員工薪資,平均薪資,,仟元,2020,577
03028404,S,員工薪資,薪資中位數,,仟元,2020,465
04673318,S,員工薪資,平均薪資,,仟元,2020,1401
04673318,S,員工薪資,薪資中位數,,仟元,2020,749
66629349,S,員工薪資,平均薪資,,仟元,2020,516
66629349,S,員工薪資,薪資中位數,,仟元,2020,561
22764965,S,員工薪資,平均薪資,,仟元,2020,858
22764965,S,員工薪資,薪資中位數,,仟元,2020,829
58250510,S,員工薪資,平均薪資,,仟元,2020,610
58250510,S,員工薪資,薪資中位數,,仟元,2020,560
23641822,S,員工薪資,平均薪資,,仟元,2020,647
23641822,S,員工薪資,薪資中位數,,仟元,2020,543
23988653,S,員工薪資,平均薪資,,仟元,2020,783
23988653,S,員工薪資,薪資中位數,,仟元,2020,739
04633597,S,員工薪資,平均薪資,,仟元,2020,916
04633597,S,員工薪資,薪資中位數,,仟元,2020,860
89596101,S,員工薪資,平均薪資,,仟元,2020,676
89596101,S,員工薪資,薪資中位數,,仟元,2020,634
04477420,S,員工薪資,平均薪資,,仟元,2020,864
04477420,S,員工薪資,薪資中位數,,仟元,2020,756
16318881,S,員工薪資,平均薪資,,仟元,2020,1387
16318881,S,員工薪資,薪資中位數,,仟元,2020,1205
07611076,S,員工薪資,平均薪資,,仟元,2020,1179
07611076,S,員工薪資,薪資中位數,,仟元,2020,1071
97447647,S,員工薪資,平均薪資,,仟元,2020,1029
97447647,S,員工薪資,薪資中位數,,仟元,2020,716
97477509,S,員工薪資,平均薪資,,仟元,2020,603
97477509,S,員工薪資,薪資中位數,,仟元,2020,610
12371385,S,員工薪資,平均薪資,,仟元,2020,664
12371385,S,員工薪資,薪資中位數,,仟元,2020,623
33428716,S,員工薪資,平均薪資,,仟元,2020,687
33428716,S,員工薪資,薪資中位數,,仟元,2020,601
84466749,S,員工薪資,平均薪資,,仟元,2020,840
84466749,S,員工薪資,薪資中位數,,仟元,2020,781
73654033,S,員工薪資,平均薪資,,仟元,2019,696
73654033,S,員工薪資,薪資中位數,,仟元,2019,503
07510318,S,員工薪資,平均薪資,,仟元,2019,829
07510318,S,員工薪資,薪資中位數,,仟元,2019,785
03561011,S,員工薪資,平均薪資,,仟元,2019,417
03561011,S,員工薪資,薪資中位數,,仟元,2019,417
04615057,S,員工薪資,平均薪資,,仟元,2019,766
04615057,S,員工薪資,薪資中位數,,仟元,2019,687
07617901,S,員工薪資,平均薪資,,仟元,2019,480
07617901,S,員工薪資,薪資中位數,,仟元,2019,493
33144175,S,員工薪資,平均薪資,,仟元,2019,476
33144175,S,員工薪資,薪資中位數,,仟元,2019,427
12179563,S,員工薪資,平均薪資,,仟元,2019,744
12179563,S,員工薪資,薪資中位數,,仟元,2019,601
34149369,S,員工薪資,平均薪資,,仟元,2019,800
34149369,S,員工薪資,薪資中位數,,仟元,2019,653
03374306,S,員工薪資,平均薪資,,仟元,2019,1025
03374306,S,員工薪資,薪資中位數,,仟元,2019,968
24060203,S,員工薪資,平均薪資,,仟元,2019,770
24060203,S,員工薪資,薪資中位數,,仟元,2019,685
11603817,S,員工薪資,平均薪資,,仟元,2019,925
11603817,S,員工薪資,薪資中位數,,仟元,2019,851
11099009,S,員工薪資,平均薪資,,仟元,2019,706
11099009,S,員工薪資,薪資中位數,,仟元,2019,670
04921056,S,員工薪資,平均薪資,,仟元,2019,806
04921056,S,員工薪資,薪資中位數,,仟元,2019,761
72058206,S,員工薪資,平均薪資,,仟元,2019,744
72058206,S,員工薪資,薪資中位數,,仟元,2019,677
75094900,S,員工薪資,平均薪資,,仟元,2019,709
75094900,S,員工薪資,薪資中位數,,仟元,2019,641
11762504,S,員工薪資,平均薪資,,仟元,2019,666
11762504,S,員工薪資,薪資中位數,,仟元,2019,614
30900892,S,員工薪資,平均薪資,,仟元,2019,964
30900892,S,員工薪資,薪資中位數,,仟元,2019,884
06667446,S,員工薪資,平均薪資,,仟元,2019,949
06667446,S,員工薪資,薪資中位數,,仟元,2019,852
22344508,S,員工薪資,平均薪資,,仟元,2019,791
22344508,S,員工薪資,薪資中位數,,仟元,2019,808
81271967,S,員工薪資,平均薪資,,仟元,2019,654
81271967,S,員工薪資,薪資中位數,,仟元,2019,653
11059409,S,員工薪資,平均薪資,,仟元,2019,1015
11059409,S,員工薪資,薪資中位數,,仟元,2019,977
22221180,S,員工薪資,平均薪資,,仟元,2019,751
22221180,S,員工薪資,薪資中位數,,仟元,2019,692
18997007,S,員工薪資,平均薪資,,仟元,2019,1032
18997007,S,員工薪資,薪資中位數,,仟元,2019,963
23113054,S,員工薪資,平均薪資,,仟元,2019,1335
23113054,S,員工薪資,薪資中位數,,仟元,2019,1139
22659295,S,員工薪資,平均薪資,,仟元,2019,760
22659295,S,員工薪資,薪資中位數,,仟元,2019,629
12251662,S,員工薪資,平均薪資,,仟元,2019,1076
12251662,S,員工薪資,薪資中位數,,仟元,2019,1159
22491640,S,員工薪資,平均薪資,,仟元,2019,851
22491640,S,員工薪資,薪資中位數,,仟元,2019,650
22190686,S,員工薪資,平均薪資,,仟元,2019,1668
22190686,S,員工薪資,薪資中位數,,仟元,2019,941
12305479,S,員工薪資,平均薪資,,仟元,2019,997
12305479,S,員工薪資,薪資中位數,,仟元,2019,753
34342717,S,員工薪資,平均薪資,,仟元,2019,555
34342717,S,員工薪資,薪資中位數,,仟元,2019,452
86379024,S,員工薪資,平均薪資,,仟元,2019,807
86379024,S,員工薪資,薪資中位數,,仟元,2019,707
43876760,S,員工薪資,平均薪資,,仟元,2019,732
43876760,S,員工薪資,薪資中位數,,仟元,2019,650
12373243,S,員工薪資,平均薪資,,仟元,2019,891
12373243,S,員工薪資,薪資中位數,,仟元,2019,826
23358846,S,員工薪資,平均薪資,,仟元,2019,1851
23358846,S,員工薪資,薪資中位數,,仟元,2019,1767
12860948,S,員工薪資,平均薪資,,仟元,2019,703
12860948,S,員工薪資,薪資中位數,,仟元,2019,710
66394146,S,員工薪資,平均薪資,,仟元,2019,922
66394146,S,員工薪資,薪資中位數,,仟元,2019,700
03701104,S,員工薪資,平均薪資,,仟元,2019,1258
03701104,S,員工薪資,薪資中位數,,仟元,2019,1032
20730758,S,員工薪資,平均薪資,,仟元,2019,608
20730758,S,員工薪資,薪資中位數,,仟元,2019,561
16264908,S,員工薪資,平均薪資,,仟元,2019,1110
16264908,S,員工薪資,薪資中位數,,仟元,2019,776
12667444,S,員工薪資,平均薪資,,仟元,2019,949
12667444,S,員工薪資,薪資中位數,,仟元,2019,989
84141187,S,員工薪資,平均薪資,,仟元,2019,1102
84141187,S,員工薪資,薪資中位數,,仟元,2019,1066
86140894,S,員工薪資,平均薪資,,仟元,2019,768
86140894,S,員工薪資,薪資中位數,,仟元,2019,722
28993629,S,員工薪資,平均薪資,,仟元,2019,768
28993629,S,員工薪資,薪資中位數,,仟元,2019,712
16126477,S,員工薪資,平均薪資,,仟元,2019,577
16126477,S,員工薪資,薪資中位數,,仟元,2019,565
07648290,S,員工薪資,平均薪資,,仟元,2019,1004
07648290,S,員工薪資,薪資中位數,,仟元,2019,1012
22099391,S,員工薪資,平均薪資,,仟元,2019,736
22099391,S,員工薪資,薪資中位數,,仟元,2019,624
04738240,S,員工薪資,平均薪資,,仟元,2019,793
04738240,S,員工薪資,薪資中位數,,仟元,2019,763
89961389,S,員工薪資,平均薪資,,仟元,2019,835
89961389,S,員工薪資,薪資中位數,,仟元,2019,724
05147030,S,員工薪資,平均薪資,,仟元,2019,970
05147030,S,員工薪資,薪資中位數,,仟元,2019,869
86233176,S,員工薪資,平均薪資,,仟元,2019,1010
86233176,S,員工薪資,薪資中位數,,仟元,2019,776
22417810,S,員工薪資,平均薪資,,仟元,2019,1013
22417810,S,員工薪資,薪資中位數,,仟元,2019,919
22132814,S,員工薪資,平均薪資,,仟元,2019,839
22132814,S,員工薪資,薪資中位數,,仟元,2019,626
86690644,S,員工薪資,平均薪資,,仟元,2019,921
86690644,S,員工薪資,薪資中位數,,仟元,2019,845
22817225,S,員工薪資,平均薪資,,仟元,2019,891
22817225,S,員工薪資,薪資中位數,,仟元,2019,812
46298200,S,員工薪資,平均薪資,,仟元,2019,930
46298200,S,員工薪資,薪資中位數,,仟元,2019,822
47254476,S,員工薪資,平均薪資,,仟元,2019,834
47254476,S,員工薪資,薪資中位數,,仟元,2019,752
85898033,S,員工薪資,平均薪資,,仟元,2019,907
85898033,S,員工薪資,薪資中位數,,仟元,2019,836
66410981,S,員工薪資,平均薪資,,仟元,2019,763
66410981,S,員工薪資,薪資中位數,,仟元,2019,687
03028404,S,員工薪資,平均薪資,,仟元,2019,586
03028404,S,員工薪資,薪資中位數,,仟元,2019,468
04673318,S,員工薪資,平均薪資,,仟元,2019,1379
04673318,S,員工薪資,薪資中位數,,仟元,2019,842
66629349,S,員工薪資,平均薪資,,仟元,2019,506
66629349,S,員工薪資,薪資中位數,,仟元,2019,480
22764965,S,員工薪資,平均薪資,,仟元,2019,1123
22764965,S,員工薪資,薪資中位數,,仟元,2019,964
58250510,S,員工薪資,平均薪資,,仟元,2019,589
58250510,S,員工薪資,薪資中位數,,仟元,2019,550
23641822,S,員工薪資,平均薪資,,仟元,2019,629
23641822,S,員工薪資,薪資中位數,,仟元,2019,533
23988653,S,員工薪資,平均薪資,,仟元,2019,747
23988653,S,員工薪資,薪資中位數,,仟元,2019,704
04633597,S,員工薪資,平均薪資,,仟元,2019,776
04633597,S,員工薪資,薪資中位數,,仟元,2019,742
89596101,S,員工薪資,平均薪資,,仟元,2019,539
89596101,S,員工薪資,薪資中位數,,仟元,2019,546
04477420,S,員工薪資,平均薪資,,仟元,2019,840
04477420,S,員工薪資,薪資中位數,,仟元,2019,694
16318881,S,員工薪資,平均薪資,,仟元,2019,2483
16318881,S,員工薪資,薪資中位數,,仟元,2019,1944
07611076,S,員工薪資,平均薪資,,仟元,2019,1079
07611076,S,員工薪資,薪資中位數,,仟元,2019,909
97447647,S,員工薪資,平均薪資,,仟元,2019,817
97447647,S,員工薪資,薪資中位數,,仟元,2019,462
97477509,S,員工薪資,平均薪資,,仟元,2019,623
97477509,S,員工薪資,薪資中位數,,仟元,2019,586
12371385,S,員工薪資,平均薪資,,仟元,2019,707
12371385,S,員工薪資,薪資中位數,,仟元,2019,665
33428716,S,員工薪資,平均薪資,,仟元,2019,582
33428716,S,員工薪資,薪資中位數,,仟元,2019,529
84466749,S,員工薪資,平均薪資,,仟元,2019,630
84466749,S,員工薪資,薪資中位數,,仟元,2019,595
73654033,S,員工薪資,平均薪資,,仟元,2018,710
07510318,S,員工薪資,平均薪資,,仟元,2018,813
03561011,S,員工薪資,平均薪資,,仟元,2018,420
04615057,S,員工薪資,平均薪資,,仟元,2018,644
07617901,S,員工薪資,平均薪資,,仟元,2018,448
33144175,S,員工薪資,平均薪資,,仟元,2018,436
12179563,S,員工薪資,平均薪資,,仟元,2018,793
34149369,S,員工薪資,平均薪資,,仟元,2018,1030
03374306,S,員工薪資,平均薪資,,仟元,2018,1144
24060203,S,員工薪資,平均薪資,,仟元,2018,747
11603817,S,員工薪資,平均薪資,,仟元,2018,836
11099009,S,員工薪資,平均薪資,,仟元,2018,800
04921056,S,員工薪資,平均薪資,,仟元,2018,1216
72058206,S,員工薪資,平均薪資,,仟元,2018,751
75094900,S,員工薪資,平均薪資,,仟元,2018,664
11762504,S,員工薪資,平均薪資,,仟元,2018,651
30900892,S,員工薪資,平均薪資,,仟元,2018,983
06667446,S,員工薪資,平均薪資,,仟元,2018,836
22344508,S,員工薪資,平均薪資,,仟元,2018,803
81271967,S,員工薪資,平均薪資,,仟元,2018,573
11059409,S,員工薪資,平均薪資,,仟元,2018,942
22221180,S,員工薪資,平均薪資,,仟元,2018,712
18997007,S,員工薪資,平均薪資,,仟元,2018,1025
23113054,S,員工薪資,平均薪資,,仟元,2018,1124
22659295,S,員工薪資,平均薪資,,仟元,2018,769
12251662,S,員工薪資,平均薪資,,仟元,2018,1068
22491640,S,員工薪資,平均薪資,,仟元,2018,841
22190686,S,員工薪資,平均薪資,,仟元,2018,1195
12305479,S,員工薪資,平均薪資,,仟元,2018,1045
34342717,S,員工薪資,平均薪資,,仟元,2018,553
86379024,S,員工薪資,平均薪資,,仟元,2018,899
43876760,S,員工薪資,平均薪資,,仟元,2018,750
12373243,S,員工薪資,平均薪資,,仟元,2018,891
23358846,S,員工薪資,平均薪資,,仟元,2018,929
12860948,S,員工薪資,平均薪資,,仟元,2018,684
66394146,S,員工薪資,平均薪資,,仟元,2018,862
03701104,S,員工薪資,平均薪資,,仟元,2018,1138
20730758,S,員工薪資,平均薪資,,仟元,2018,638
16264908,S,員工薪資,平均薪資,,仟元,2018,877
12667444,S,員工薪資,平均薪資,,仟元,2018,850
84141187,S,員工薪資,平均薪資,,仟元,2018,1023
86140894,S,員工薪資,平均薪資,,仟元,2018,729
28993629,S,員工薪資,平均薪資,,仟元,2018,813
16126477,S,員工薪資,平均薪資,,仟元,2018,654
07648290,S,員工薪資,平均薪資,,仟元,2018,774
22099391,S,員工薪資,平均薪資,,仟元,2018,739
04738240,S,員工薪資,平均薪資,,仟元,2018,721
89961389,S,員工薪資,平均薪資,,仟元,2018,1109
05147030,S,員工薪資,平均薪資,,仟元,2018,1033
86233176,S,員工薪資,平均薪資,,仟元,2018,1023
22417810,S,員工薪資,平均薪資,,仟元,2018,1068
22132814,S,員工薪資,平均薪資,,仟元,2018,894
86690644,S,員工薪資,平均薪資,,仟元,2018,1132
22817225,S,員工薪資,平均薪資,,仟元,2018,805
46298200,S,員工薪資,平均薪資,,仟元,2018,945
47254476,S,員工薪資,平均薪資,,仟元,2018,755
85898033,S,員工薪資,平均薪資,,仟元,2018,810
66410981,S,員工薪資,平均薪資,,仟元,2018,527
03028404,S,員工薪資,平均薪資,,仟元,2018,542
04673318,S,員工薪資,平均薪資,,仟元,2018,1163
66629349,S,員工薪資,平均薪資,,仟元,2018,598
22764965,S,員工薪資,平均薪資,,仟元,2018,1457
58250510,S,員工薪資,平均薪資,,仟元,2018,601
23641822,S,員工薪資,平均薪資,,仟元,2018,682
23988653,S,員工薪資,平均薪資,,仟元,2018,761
04633597,S,員工薪資,平均薪資,,仟元,2018,911
89596101,S,員工薪資,平均薪資,,仟元,2018,529
04477420,S,員工薪資,平均薪資,,仟元,2018,747
16318881,S,員工薪資,平均薪資,,仟元,2018,727
07611076,S,員工薪資,平均薪資,,仟元,2018,1402
97447647,S,員工薪資,平均薪資,,仟元,2018,941
97477509,S,員工薪資,平均薪資,,仟元,2018,579
12371385,S,員工薪資,平均薪資,,仟元,2018,705
33428716,S,員工薪資,平均薪資,,仟元,2018,693
84466749,S,員工薪資,平均薪資,,仟元,2018,668
22298292,G,資本額,資本額,,元,2020,253788000
22298292,G,資本額,資本額,,元,2019,253788000
04921056,G,資本額,資本額,,元,2020,2245505300
04921056,G,資本額,資本額,,元,2019,2245505300
20730758,G,資本額,資本額,,元,2020,2287135540
20730758,G,資本額,資本額,,元,2019,2287135540
04615057,G,資本額,資本額,,元,2020,3662113580
04615057,G,資本額,資本額,,元,2019,3662113580
47254476,G,資本額,資本額,,元,2020,413586000
47254476,G,資本額,資本額,,元,2019,413586000
86233176,G,資本額,資本額,,元,2020,655018130
86233176,G,資本額,資本額,,元,2019,655018130
07611076,G,資本額,資本額,,元,2020,1020000000
07611076,G,資本額,資本額,,元,2019,1020000000
16264908,G,資本額,資本額,,元,2020,2107907080
16264908,G,資本額,資本額,,元,2019,2107907080
81271967,G,資本額,資本額,,元,2020,3299974090
81271967,G,資本額,資本額,,元,2019,3299974090
86140894,G,資本額,資本額,,元,2020,831306700
86140894,G,資本額,資本額,,元,2019,831306700
22132814,G,資本額,資本額,,元,2020,1134400000
22132814,G,資本額,資本額,,元,2019,1134400000
23641822,G,資本額,資本額,,元,2020,9775892450
23641822,G,資本額,資本額,,元,2019,9775892450
97447647,G,資本額,資本額,,元,2020,1540162760
97447647,G,資本額,資本額,,元,2019,1540162760
66629349,G,資本額,資本額,,元,2020,1550014640
66629349,G,資本額,資本額,,元,2019,1550014640
22491640,G,資本額,資本額,,元,2020,6398681410
22491640,G,資本額,資本額,,元,2019,6398681410
04738240,G,資本額,資本額,,元,2020,1559250000
04738240,G,資本額,資本額,,元,2019,1559250000
22764965,G,資本額,資本額,,元,2020,2645912660
22764965,G,資本額,資本額,,元,2019,2645912660
22099391,G,資本額,資本額,,元,2020,1181457780
22099391,G,資本額,資本額,,元,2019,1181457780
89596101,G,資本額,資本額,,元,2020,866547100
89596101,G,資本額,資本額,,元,2019,866547100
86690644,G,資本額,資本額,,元,2020,7439927120
86690644,G,資本額,資本額,,元,2019,7439927120
58250510,G,資本額,資本額,,元,2020,1240528490
58250510,G,資本額,資本額,,元,2019,1240528490
84271110,G,資本額,資本額,,元,2020,1000062030
84271110,G,資本額,資本額,,元,2019,1000062030
66394146,G,資本額,資本額,,元,2020,1849500000
66394146,G,資本額,資本額,,元,2019,1849500000
89321602,G,資本額,資本額,,元,2020,299043550
89321602,G,資本額,資本額,,元,2019,299043550
04477420,G,資本額,資本額,,元,2020,3879106160
04477420,G,資本額,資本額,,元,2019,3879106160
28994275,G,資本額,資本額,,元,2020,6470000
28994275,G,資本額,資本額,,元,2019,6470000
80665204,G,資本額,資本額,,元,2020,328034410
80665204,G,資本額,資本額,,元,2019,328034410
07648290,G,資本額,資本額,,元,2020,600156120
07648290,G,資本額,資本額,,元,2019,600156120
12305479,G,資本額,資本額,,元,2020,13901375020
12305479,G,資本額,資本額,,元,2019,13901375020
34149369,G,資本額,資本額,,元,2020,3921966370
34149369,G,資本額,資本額,,元,2019,3921966370
22817225,G,資本額,資本額,,元,2020,2079091640
22817225,G,資本額,資本額,,元,2019,2079091640
12251662,G,資本額,資本額,,元,2020,4384487640
12251662,G,資本額,資本額,,元,2019,4384487640
03701104,G,資本額,資本額,,元,2020,7609436000
03701104,G,資本額,資本額,,元,2019,7609436000
04633597,G,資本額,資本額,,元,2020,2903259600
04633597,G,資本額,資本額,,元,2019,2903259600
86379024,G,資本額,資本額,,元,2020,3277348000
86379024,G,資本額,資本額,,元,2019,3277348000
34342717,G,資本額,資本額,,元,2020,2374837880
34342717,G,資本額,資本額,,元,2019,2374837880
23358846,G,資本額,資本額,,元,2020,2332077000
23358846,G,資本額,資本額,,元,2019,2332077000
11099009,G,資本額,資本額,,元,2020,3870000000
11099009,G,資本額,資本額,,元,2019,3870000000
97477509,G,資本額,資本額,,元,2020,1163552910
97477509,G,資本額,資本額,,元,2019,1163552910
22344508,G,資本額,資本額,,元,2020,2703060000
22344508,G,資本額,資本額,,元,2019,2703060000
11603817,G,資本額,資本額,,元,2020,3800000000
11603817,G,資本額,資本額,,元,2019,3800000000
04673318,G,資本額,資本額,,元,2020,8354332410
04673318,G,資本額,資本額,,元,2019,8354332410
22659295,G,資本額,資本額,,元,2020,3005577950
22659295,G,資本額,資本額,,元,2019,3005577950
33144175,G,資本額,資本額,,元,2020,937200000
33144175,G,資本額,資本額,,元,2019,937200000
12179563,G,資本額,資本額,,元,2020,1002654000
12179563,G,資本額,資本額,,元,2019,1002654000
24060203,G,資本額,資本額,,元,2020,11800000000
24060203,G,資本額,資本額,,元,2019,11800000000
84548046,G,資本額,資本額,,元,2020,249592500
84548046,G,資本額,資本額,,元,2019,249592500
11059409,G,資本額,資本額,,元,2020,7207524660
11059409,G,資本額,資本額,,元,2019,7207524660
86386622,G,資本額,資本額,,元,2020,3509054930
86386622,G,資本額,資本額,,元,2019,3509054930
66410981,G,資本額,資本額,,元,2020,603152450
66410981,G,資本額,資本額,,元,2019,603152450
05147030,G,資本額,資本額,,元,2020,2263790900
05147030,G,資本額,資本額,,元,2019,2263790900
12373243,G,資本額,資本額,,元,2020,9000946490
12373243,G,資本額,資本額,,元,2019,9000946490
12371385,G,資本額,資本額,,元,2020,360543680
12371385,G,資本額,資本額,,元,2019,360543680
05117325,G,資本額,資本額,,元,2020,1489776860
05117325,G,資本額,資本額,,元,2019,1489776860
36538005,G,資本額,資本額,,元,2020,3775654430
36538005,G,資本額,資本額,,元,2019,3775654430
30900892,G,資本額,資本額,,元,2020,5541701000
30900892,G,資本額,資本額,,元,2019,5541701000
43876760,G,資本額,資本額,,元,2020,1060356600
43876760,G,資本額,資本額,,元,2019,1060356600
22190686,G,資本額,資本額,,元,2020,1612600000
22190686,G,資本額,資本額,,元,2019,1612600000
03028404,G,資本額,資本額,,元,2020,4922801550
03028404,G,資本額,資本額,,元,2019,4922801550
11367406,G,資本額,資本額,,元,2020,1144417230
11367406,G,資本額,資本額,,元,2019,1144417230
23988653,G,資本額,資本額,,元,2020,2852449440
23988653,G,資本額,資本額,,元,2019,2852449440
46298200,G,資本額,資本額,,元,2020,2574401150
46298200,G,資本額,資本額,,元,2019,2574401150
18997007,G,資本額,資本額,,元,2020,3384924580
18997007,G,資本額,資本額,,元,2019,3384924580
23113054,G,資本額,資本額,,元,2020,3328086520
23113054,G,資本額,資本額,,元,2019,3328086520
07617901,G,資本額,資本額,,元,2020,1006149800
07617901,G,資本額,資本額,,元,2019,1006149800
28993629,G,資本額,資本額,,元,2020,8232159800
28993629,G,資本額,資本額,,元,2019,8232159800
84141187,G,資本額,資本額,,元,2020,3523143090
84141187,G,資本額,資本額,,元,2019,3523143090
03374306,G,資本額,資本額,,元,2020,11595610590
03374306,G,資本額,資本額,,元,2019,11595610590
12860948,G,資本額,資本額,,元,2020,1000000000
12860948,G,資本額,資本額,,元,2019,1000000000
11762504,G,資本額,資本額,,元,2020,2262784570
11762504,G,資本額,資本額,,元,2019,2262784570
84466749,G,資本額,資本額,,元,2020,3265541500
84466749,G,資本額,資本額,,元,2019,3265541500
89961389,G,資本額,資本額,,元,2020,3469591880
89961389,G,資本額,資本額,,元,2019,3469591880
75094900,G,資本額,資本額,,元,2020,15308998220
75094900,G,資本額,資本額,,元,2019,15308998220
22221180,G,資本額,資本額,,元,2020,4742279700
22221180,G,資本額,資本額,,元,2019,4742279700
16318881,G,資本額,資本額,,元,2020,1365361290
16318881,G,資本額,資本額,,元,2019,1365361290
73654033,G,資本額,資本額,,元,2020,2325456860
73654033,G,資本額,資本額,,元,2019,2325456860
72058206,G,資本額,資本額,,元,2020,16233261470
72058206,G,資本額,資本額,,元,2019,16233261470
85898033,G,資本額,資本額,,元,2020,2191971800
85898033,G,資本額,資本額,,元,2019,2191971800
33428716,G,資本額,資本額,,元,2020,833439810
33428716,G,資本額,資本額,,元,2019,833439810
06667446,G,資本額,資本額,,元,2020,3717590230
06667446,G,資本額,資本額,,元,2019,3717590230
16126477,G,資本額,資本額,,元,2020,2111381370
16126477,G,資本額,資本額,,元,2019,2111381370
22417810,G,資本額,資本額,,元,2020,2174281330
22417810,G,資本額,資本額,,元,2019,2174281330
03561011,G,資本額,資本額,,元,2020,712057590
03561011,G,資本額,資本額,,元,2019,712057590
07510318,G,資本額,資本額,,元,2020,957180320
07510318,G,資本額,資本額,,元,2019,957180320
12667444,G,資本額,資本額,,元,2020,1202951200
12667444,G,資本額,資本額,,元,2019,1202951200
73654033,G,營運狀況,營業收入,,仟元,2020,1236441
73654033,G,營運狀況,營業成本,,仟元,2020,977518
73654033,G,營運狀況,營業費用,,仟元,2020,290867
73654033,G,營運狀況,淨利,,仟元,2020,65067
07510318,G,營運狀況,營業收入,,仟元,2020,1631881
07510318,G,營運狀況,營業成本,,仟元,2020,1137804
07510318,G,營運狀況,營業費用,,仟元,2020,221171
07510318,G,營運狀況,淨利,,仟元,2020,179648
03561011,G,營運狀況,營業收入,,仟元,2020,98432
03561011,G,營運狀況,營業成本,,仟元,2020,34938
03561011,G,營運狀況,營業費用,,仟元,2020,17491
03561011,G,營運狀況,淨利,,仟元,2020,45919
04615057,G,營運狀況,營業收入,,仟元,2020,2231333
04615057,G,營運狀況,營業成本,,仟元,2020,1897356
04615057,G,營運狀況,營業費用,,仟元,2020,224242
04615057,G,營運狀況,淨利,,仟元,2020,76808
07617901,G,營運狀況,營業收入,,仟元,2020,219411
07617901,G,營運狀況,營業成本,,仟元,2020,174701
07617901,G,營運狀況,營業費用,,仟元,2020,34080
07617901,G,營運狀況,淨利,,仟元,2020,15301
33144175,G,營運狀況,營業收入,,仟元,2020,716457
33144175,G,營運狀況,營業成本,,仟元,2020,589930
33144175,G,營運狀況,營業費用,,仟元,2020,83260
33144175,G,營運狀況,淨利,,仟元,2020,68064
12179563,G,營運狀況,營業收入,,仟元,2020,219762
12179563,G,營運狀況,營業成本,,仟元,2020,198988
12179563,G,營運狀況,營業費用,,仟元,2020,73962
12179563,G,營運狀況,淨利,,仟元,2020,-61775
34149369,G,營運狀況,營業收入,,仟元,2020,7656236
34149369,G,營運狀況,營業成本,,仟元,2020,6639308
34149369,G,營運狀況,營業費用,,仟元,2020,612474
34149369,G,營運狀況,淨利,,仟元,2020,117248
89321602,G,營運狀況,營業收入,,仟元,2020,198996
89321602,G,營運狀況,營業成本,,仟元,2020,200451
89321602,G,營運狀況,營業費用,,仟元,2020,24227
89321602,G,營運狀況,淨利,,仟元,2020,-26425
03374306,G,營運狀況,營業收入,,仟元,2020,13973611
03374306,G,營運狀況,營業成本,,仟元,2020,10814849
03374306,G,營運狀況,營業費用,,仟元,2020,1607433
03374306,G,營運狀況,淨利,,仟元,2020,1516787
24060203,G,營運狀況,營業收入,,仟元,2020,18877800
24060203,G,營運狀況,營業成本,,仟元,2020,15744353
24060203,G,營運狀況,營業費用,,仟元,2020,809890
24060203,G,營運狀況,淨利,,仟元,2020,2550807
11603817,G,營運狀況,營業收入,,仟元,2020,14277915
11603817,G,營運狀況,營業成本,,仟元,2020,8752481
11603817,G,營運狀況,營業費用,,仟元,2020,521605
11603817,G,營運狀況,淨利,,仟元,2020,4943067
11099009,G,營運狀況,營業收入,,仟元,2020,2949552
11099009,G,營運狀況,營業成本,,仟元,2020,2042997
11099009,G,營運狀況,營業費用,,仟元,2020,931983
11099009,G,營運狀況,淨利,,仟元,2020,34394
04921056,G,營運狀況,營業收入,,仟元,2020,1338077
04921056,G,營運狀況,營業成本,,仟元,2020,784710
04921056,G,營運狀況,營業費用,,仟元,2020,219132
04921056,G,營運狀況,淨利,,仟元,2020,231789
72058206,G,營運狀況,營業收入,,仟元,2020,11963426
72058206,G,營運狀況,營業成本,,仟元,2020,9746402
72058206,G,營運狀況,營業費用,,仟元,2020,2045316
72058206,G,營運狀況,淨利,,仟元,2020,729513
75094900,G,營運狀況,營業收入,,仟元,2020,13470962
75094900,G,營運狀況,營業成本,,仟元,2020,12524915
75094900,G,營運狀況,營業費用,,仟元,2020,571000
75094900,G,營運狀況,淨利,,仟元,2020,598847
11762504,G,營運狀況,營業收入,,仟元,2020,6303705
11762504,G,營運狀況,營業成本,,仟元,2020,6977042
11762504,G,營運狀況,營業費用,,仟元,2020,157336
11762504,G,營運狀況,淨利,,仟元,2020,-704543
30900892,G,營運狀況,營業收入,,仟元,2020,27345405
30900892,G,營運狀況,營業成本,,仟元,2020,20234794
30900892,G,營運狀況,營業費用,,仟元,2020,1941779
30900892,G,營運狀況,淨利,,仟元,2020,3905137
06667446,G,營運狀況,營業收入,,仟元,2020,8667849
06667446,G,營運狀況,營業成本,,仟元,2020,5684124
06667446,G,營運狀況,營業費用,,仟元,2020,809024
06667446,G,營運狀況,淨利,,仟元,2020,1684892
22344508,G,營運狀況,營業收入,,仟元,2020,3471930
22344508,G,營運狀況,營業成本,,仟元,2020,2394548
22344508,G,營運狀況,營業費用,,仟元,2020,669349
22344508,G,營運狀況,淨利,,仟元,2020,373736
81271967,G,營運狀況,營業收入,,仟元,2020,1174984
81271967,G,營運狀況,營業成本,,仟元,2020,1009005
81271967,G,營運狀況,營業費用,,仟元,2020,372774
81271967,G,營運狀況,淨利,,仟元,2020,-210459
11059409,G,營運狀況,營業收入,,仟元,2020,87377
11059409,G,營運狀況,營業成本,,仟元,2020,61950
11059409,G,營運狀況,營業費用,,仟元,2020,89370
11059409,G,營運狀況,淨利,,仟元,2020,-95668
22221180,G,營運狀況,營業收入,,仟元,2020,2771905
22221180,G,營運狀況,營業成本,,仟元,2020,1545821
22221180,G,營運狀況,營業費用,,仟元,2020,496205
22221180,G,營運狀況,淨利,,仟元,2020,610066
18997007,G,營運狀況,營業收入,,仟元,2020,15108083
18997007,G,營運狀況,營業成本,,仟元,2020,13312591
18997007,G,營運狀況,營業費用,,仟元,2020,515590
18997007,G,營運狀況,淨利,,仟元,2020,1121231
23113054,G,營運狀況,營業收入,,仟元,2020,3977450
23113054,G,營運狀況,營業成本,,仟元,2020,2999146
23113054,G,營運狀況,營業費用,,仟元,2020,163909
23113054,G,營運狀況,淨利,,仟元,2020,612668
22659295,G,營運狀況,營業收入,,仟元,2020,1476336
22659295,G,營運狀況,營業成本,,仟元,2020,1131948
22659295,G,營運狀況,營業費用,,仟元,2020,133047
22659295,G,營運狀況,淨利,,仟元,2020,176390
12251662,G,營運狀況,營業收入,,仟元,2020,506739
12251662,G,營運狀況,營業成本,,仟元,2020,345600
12251662,G,營運狀況,營業費用,,仟元,2020,187005
12251662,G,營運狀況,淨利,,仟元,2020,-125610
22491640,G,營運狀況,營業收入,,仟元,2020,4616492
22491640,G,營運狀況,營業成本,,仟元,2020,3108675
22491640,G,營運狀況,營業費用,,仟元,2020,456698
22491640,G,營運狀況,淨利,,仟元,2020,822140
22190686,G,營運狀況,營業收入,,仟元,2020,4778150
22190686,G,營運狀況,營業成本,,仟元,2020,2733485
22190686,G,營運狀況,營業費用,,仟元,2020,740642
22190686,G,營運狀況,淨利,,仟元,2020,906148
12305479,G,營運狀況,營業收入,,仟元,2020,24463018
12305479,G,營運狀況,營業成本,,仟元,2020,17611739
12305479,G,營運狀況,營業費用,,仟元,2020,2714922
12305479,G,營運狀況,淨利,,仟元,2020,2823254
34342717,G,營運狀況,營業收入,,仟元,2020,6406216
34342717,G,營運狀況,營業成本,,仟元,2020,6230164
34342717,G,營運狀況,營業費用,,仟元,2020,96268
34342717,G,營運狀況,淨利,,仟元,2020,51668
86379024,G,營運狀況,營業收入,,仟元,2020,6456420
86379024,G,營運狀況,營業成本,,仟元,2020,3586608
86379024,G,營運狀況,營業費用,,仟元,2020,796024
86379024,G,營運狀況,淨利,,仟元,2020,1746646
43876760,G,營運狀況,營業收入,,仟元,2020,14130629
43876760,G,營運狀況,營業成本,,仟元,2020,13072318
43876760,G,營運狀況,營業費用,,仟元,2020,288539
43876760,G,營運狀況,淨利,,仟元,2020,626444
12373243,G,營運狀況,營業收入,,仟元,2020,6772332
12373243,G,營運狀況,營業成本,,仟元,2020,4063448
12373243,G,營運狀況,營業費用,,仟元,2020,2256384
12373243,G,營運狀況,淨利,,仟元,2020,667285
23358846,G,營運狀況,營業收入,,仟元,2020,11338494
23358846,G,營運狀況,營業成本,,仟元,2020,7537081
23358846,G,營運狀況,營業費用,,仟元,2020,689134
23358846,G,營運狀況,淨利,,仟元,2020,2772769
36538005,G,營運狀況,營業收入,,仟元,2020,8028399
36538005,G,營運狀況,營業成本,,仟元,2020,7364926
36538005,G,營運狀況,營業費用,,仟元,2020,186582
36538005,G,營運狀況,淨利,,仟元,2020,1713717
11367406,G,營運狀況,營業收入,,仟元,2020,6577222
11367406,G,營運狀況,營業成本,,仟元,2020,6272601
11367406,G,營運狀況,營業費用,,仟元,2020,159918
11367406,G,營運狀況,淨利,,仟元,2020,141463
86386622,G,營運狀況,營業收入,,仟元,2020,859706
86386622,G,營運狀況,營業成本,,仟元,2020,660262
86386622,G,營運狀況,營業費用,,仟元,2020,71937
86386622,G,營運狀況,淨利,,仟元,2020,63199
22298292,G,營運狀況,營業收入,,仟元,2020,1103681
22298292,G,營運狀況,營業成本,,仟元,2020,959523
22298292,G,營運狀況,營業費用,,仟元,2020,90597
22298292,G,營運狀況,淨利,,仟元,2020,45392
05117325,G,營運狀況,營業收入,,仟元,2020,7918630
05117325,G,營運狀況,營業成本,,仟元,2020,7583118
05117325,G,營運狀況,營業費用,,仟元,2020,110664
05117325,G,營運狀況,淨利,,仟元,2020,202829
66394146,G,營運狀況,營業收入,,仟元,2020,14468066
66394146,G,營運狀況,營業成本,,仟元,2020,12508172
66394146,G,營運狀況,營業費用,,仟元,2020,803987
66394146,G,營運狀況,淨利,,仟元,2020,1089458
84271110,G,營運狀況,營業收入,,仟元,2020,705983
84271110,G,營運狀況,營業成本,,仟元,2020,494227
84271110,G,營運狀況,營業費用,,仟元,2020,72468
84271110,G,營運狀況,淨利,,仟元,2020,134909
03701104,G,營運狀況,營業收入,,仟元,2020,334804
03701104,G,營運狀況,營業成本,,仟元,2020,129058
03701104,G,營運狀況,營業費用,,仟元,2020,757329
03701104,G,營運狀況,淨利,,仟元,2020,-1829001
31896684,G,營運狀況,營業收入,,仟元,2020,13419916
31896684,G,營運狀況,營業成本,,仟元,2020,7897413
31896684,G,營運狀況,營業費用,,仟元,2020,763392
31896684,G,營運狀況,淨利,,仟元,2020,1177355
20730758,G,營運狀況,營業收入,,仟元,2020,5217591
20730758,G,營運狀況,營業成本,,仟元,2020,4732188
20730758,G,營運狀況,營業費用,,仟元,2020,199077
20730758,G,營運狀況,淨利,,仟元,2020,322455
16264908,G,營運狀況,營業收入,,仟元,2020,4684643
16264908,G,營運狀況,營業成本,,仟元,2020,3157914
16264908,G,營運狀況,營業費用,,仟元,2020,249981
16264908,G,營運狀況,淨利,,仟元,2020,1024587
84141187,G,營運狀況,營業收入,,仟元,2020,3216269
84141187,G,營運狀況,營業成本,,仟元,2020,2710375
84141187,G,營運狀況,營業費用,,仟元,2020,345695
84141187,G,營運狀況,淨利,,仟元,2020,143161
28993629,G,營運狀況,營業收入,,仟元,2020,21688649
28993629,G,營運狀況,營業成本,,仟元,2020,18396746
28993629,G,營運狀況,營業費用,,仟元,2020,1530218
28993629,G,營運狀況,淨利,,仟元,2020,1632937
46298200,G,營運狀況,營業收入,,仟元,2020,6762818
46298200,G,營運狀況,營業成本,,仟元,2020,6250304
46298200,G,營運狀況,營業費用,,仟元,2020,290643
46298200,G,營運狀況,淨利,,仟元,2020,374744
85898033,G,營運狀況,營業收入,,仟元,2020,3409980
85898033,G,營運狀況,營業成本,,仟元,2020,2707819
85898033,G,營運狀況,營業費用,,仟元,2020,186754
85898033,G,營運狀況,淨利,,仟元,2020,453059
03028404,G,營運狀況,營業收入,,仟元,2020,7159730
03028404,G,營運狀況,營業成本,,仟元,2020,5268115
03028404,G,營運狀況,營業費用,,仟元,2020,742547
03028404,G,營運狀況,淨利,,仟元,2020,1007121
04673318,G,營運狀況,營業收入,,仟元,2020,26845946
04673318,G,營運狀況,營業成本,,仟元,2020,19670060
04673318,G,營運狀況,營業費用,,仟元,2020,2112748
04673318,G,營運狀況,淨利,,仟元,2020,3838255
22764965,G,營運狀況,營業收入,,仟元,2020,1000376
22764965,G,營運狀況,營業成本,,仟元,2020,768822
22764965,G,營運狀況,營業費用,,仟元,2020,214347
22764965,G,營運狀況,淨利,,仟元,2020,44132
23641822,G,營運狀況,營業收入,,仟元,2020,5915557
23641822,G,營運狀況,營業成本,,仟元,2020,4255476
23641822,G,營運狀況,營業費用,,仟元,2020,1254390
23641822,G,營運狀況,淨利,,仟元,2020,107806
23988653,G,營運狀況,營業收入,,仟元,2020,3834898
23988653,G,營運狀況,營業成本,,仟元,2020,3234290
23988653,G,營運狀況,營業費用,,仟元,2020,287190
23988653,G,營運狀況,淨利,,仟元,2020,242758
04633597,G,營運狀況,營業收入,,仟元,2020,9197553
04633597,G,營運狀況,營業成本,,仟元,2020,6224270
04633597,G,營運狀況,營業費用,,仟元,2020,471550
04633597,G,營運狀況,淨利,,仟元,2020,2619876
80665204,G,營運狀況,營業收入,,仟元,2020,104601
80665204,G,營運狀況,營業成本,,仟元,2020,85469
80665204,G,營運狀況,營業費用,,仟元,2020,26855
80665204,G,營運狀況,淨利,,仟元,2020,-8372
77211448,G,營運狀況,營業收入,,仟元,2020,5373642
77211448,G,營運狀況,營業成本,,仟元,2020,4176922
77211448,G,營運狀況,營業費用,,仟元,2020,309848
77211448,G,營運狀況,淨利,,仟元,2020,731809
84548046,G,營運狀況,營業收入,,仟元,2020,999767
84548046,G,營運狀況,營業成本,,仟元,2020,880340
84548046,G,營運狀況,營業費用,,仟元,2020,65947
84548046,G,營運狀況,淨利,,仟元,2020,42167
04477420,G,營運狀況,營業收入,,仟元,2020,2103343
04477420,G,營運狀況,營業成本,,仟元,2020,1523562
04477420,G,營運狀況,營業費用,,仟元,2020,412133
04477420,G,營運狀況,淨利,,仟元,2020,149496
33428716,G,營運狀況,營業收入,,仟元,2020,167828
33428716,G,營運狀況,營業成本,,仟元,2020,126075
33428716,G,營運狀況,營業費用,,仟元,2020,92164
33428716,G,營運狀況,淨利,,仟元,2020,-88994
84466749,G,營運狀況,營業收入,,仟元,2020,1491772
84466749,G,營運狀況,營業成本,,仟元,2020,1055716
84466749,G,營運狀況,營業費用,,仟元,2020,226481
84466749,G,營運狀況,淨利,,仟元,2020,182975
73654033,G,營運狀況,營業收入,,仟元,2019,722740
73654033,G,營運狀況,營業成本,,仟元,2019,599304
73654033,G,營運狀況,營業費用,,仟元,2019,238422
73654033,G,營運狀況,淨利,,仟元,2019,-74851
07510318,G,營運狀況,營業收入,,仟元,2019,2074771
07510318,G,營運狀況,營業成本,,仟元,2019,1493898
07510318,G,營運狀況,營業費用,,仟元,2019,222474
07510318,G,營運狀況,淨利,,仟元,2019,234652
03561011,G,營運狀況,營業收入,,仟元,2019,11
03561011,G,營運狀況,營業成本,,仟元,2019,47
03561011,G,營運狀況,營業費用,,仟元,2019,8180
03561011,G,營運狀況,淨利,,仟元,2019,-10519
04615057,G,營運狀況,營業收入,,仟元,2019,695811
04615057,G,營運狀況,營業成本,,仟元,2019,609985
04615057,G,營運狀況,營業費用,,仟元,2019,127705
04615057,G,營運狀況,淨利,,仟元,2019,100443
07617901,G,營運狀況,營業收入,,仟元,2019,44760
07617901,G,營運狀況,營業成本,,仟元,2019,84920
07617901,G,營運狀況,營業費用,,仟元,2019,32619
07617901,G,營運狀況,淨利,,仟元,2019,-45416
33144175,G,營運狀況,營業收入,,仟元,2019,1067517
33144175,G,營運狀況,營業成本,,仟元,2019,905208
33144175,G,營運狀況,營業費用,,仟元,2019,84130
33144175,G,營運狀況,淨利,,仟元,2019,25663
12179563,G,營運狀況,營業收入,,仟元,2019,127168
12179563,G,營運狀況,營業成本,,仟元,2019,106682
12179563,G,營運狀況,營業費用,,仟元,2019,80865
12179563,G,營運狀況,淨利,,仟元,2019,-72992
34149369,G,營運狀況,營業收入,,仟元,2019,4198656
34149369,G,營運狀況,營業成本,,仟元,2019,3681528
34149369,G,營運狀況,營業費用,,仟元,2019,594457
34149369,G,營運狀況,淨利,,仟元,2019,655920
89321602,G,營運狀況,營業收入,,仟元,2019,101943
89321602,G,營運狀況,營業成本,,仟元,2019,132039
89321602,G,營運狀況,營業費用,,仟元,2019,26079
89321602,G,營運狀況,淨利,,仟元,2019,-59244
03374306,G,營運狀況,營業收入,,仟元,2019,11623928
03374306,G,營運狀況,營業成本,,仟元,2019,8461339
03374306,G,營運狀況,營業費用,,仟元,2019,1663302
03374306,G,營運狀況,淨利,,仟元,2019,1400358
24060203,G,營運狀況,營業收入,,仟元,2019,19005069
24060203,G,營運狀況,營業成本,,仟元,2019,17714598
24060203,G,營運狀況,營業費用,,仟元,2019,926240
24060203,G,營運狀況,淨利,,仟元,2019,1185961
11603817,G,營運狀況,營業收入,,仟元,2019,1923024
11603817,G,營運狀況,營業成本,,仟元,2019,1458300
11603817,G,營運狀況,營業費用,,仟元,2019,338226
11603817,G,營運狀況,淨利,,仟元,2019,56888
11099009,G,營運狀況,營業收入,,仟元,2019,834419
11099009,G,營運狀況,營業成本,,仟元,2019,467152
11099009,G,營運狀況,營業費用,,仟元,2019,427776
11099009,G,營運狀況,淨利,,仟元,2019,-49132
04921056,G,營運狀況,營業收入,,仟元,2019,1730553
04921056,G,營運狀況,營業成本,,仟元,2019,968068
04921056,G,營運狀況,營業費用,,仟元,2019,277375
04921056,G,營運狀況,淨利,,仟元,2019,441340
72058206,G,營運狀況,營業收入,,仟元,2019,12199437
72058206,G,營運狀況,營業成本,,仟元,2019,9136983
72058206,G,營運狀況,營業費用,,仟元,2019,2272358
72058206,G,營運狀況,淨利,,仟元,2019,938750
75094900,G,營運狀況,營業收入,,仟元,2019,12590753
75094900,G,營運狀況,營業成本,,仟元,2019,11381823
75094900,G,營運狀況,營業費用,,仟元,2019,696664
75094900,G,營運狀況,淨利,,仟元,2019,307844
11762504,G,營運狀況,營業收入,,仟元,2019,7319137
11762504,G,營運狀況,營業成本,,仟元,2019,7197602
11762504,G,營運狀況,營業費用,,仟元,2019,162681
11762504,G,營運狀況,淨利,,仟元,2019,32906
30900892,G,營運狀況,營業收入,,仟元,2019,15326899
30900892,G,營運狀況,營業成本,,仟元,2019,11298605
30900892,G,營運狀況,營業費用,,仟元,2019,1829565
30900892,G,營運狀況,淨利,,仟元,2019,1546223
06667446,G,營運狀況,營業收入,,仟元,2019,5990199
06667446,G,營運狀況,營業成本,,仟元,2019,3398823
06667446,G,營運狀況,營業費用,,仟元,2019,646444
06667446,G,營運狀況,淨利,,仟元,2019,1656570
22344508,G,營運狀況,營業收入,,仟元,2019,6418024
22344508,G,營運狀況,營業成本,,仟元,2019,4842100
22344508,G,營運狀況,營業費用,,仟元,2019,693141
22344508,G,營運狀況,淨利,,仟元,2019,725142
81271967,G,營運狀況,營業收入,,仟元,2019,1361
81271967,G,營運狀況,營業成本,,仟元,2019,344
81271967,G,營運狀況,營業費用,,仟元,2019,146135
81271967,G,營運狀況,淨利,,仟元,2019,-94242
11059409,G,營運狀況,營業收入,,仟元,2019,10170
11059409,G,營運狀況,營業成本,,仟元,2019,1905
11059409,G,營運狀況,營業費用,,仟元,2019,76216
11059409,G,營運狀況,淨利,,仟元,2019,-75294
22221180,G,營運狀況,營業收入,,仟元,2019,5911680
22221180,G,營運狀況,營業成本,,仟元,2019,3739805
22221180,G,營運狀況,營業費用,,仟元,2019,651654
22221180,G,營運狀況,淨利,,仟元,2019,1337841
18997007,G,營運狀況,營業收入,,仟元,2019,10760977
18997007,G,營運狀況,營業成本,,仟元,2019,9543895
18997007,G,營運狀況,營業費用,,仟元,2019,442121
18997007,G,營運狀況,淨利,,仟元,2019,624457
23113054,G,營運狀況,營業收入,,仟元,2019,2885896
23113054,G,營運狀況,營業成本,,仟元,2019,2125747
23113054,G,營運狀況,營業費用,,仟元,2019,194083
23113054,G,營運狀況,淨利,,仟元,2019,606414
22659295,G,營運狀況,營業收入,,仟元,2019,788704
22659295,G,營運狀況,營業成本,,仟元,2019,727673
22659295,G,營運狀況,營業費用,,仟元,2019,158444
22659295,G,營運狀況,淨利,,仟元,2019,-264298
12251662,G,營運狀況,營業收入,,仟元,2019,173826
12251662,G,營運狀況,營業成本,,仟元,2019,78203
12251662,G,營運狀況,營業費用,,仟元,2019,198379
12251662,G,營運狀況,淨利,,仟元,2019,-291088
22491640,G,營運狀況,營業收入,,仟元,2019,7431114
22491640,G,營運狀況,營業成本,,仟元,2019,5294559
22491640,G,營運狀況,營業費用,,仟元,2019,484848
22491640,G,營運狀況,淨利,,仟元,2019,1488505
22190686,G,營運狀況,營業收入,,仟元,2019,2221028
22190686,G,營運狀況,營業成本,,仟元,2019,1422781
22190686,G,營運狀況,營業費用,,仟元,2019,374630
22190686,G,營運狀況,淨利,,仟元,2019,202389
12305479,G,營運狀況,營業收入,,仟元,2019,23798201
12305479,G,營運狀況,營業成本,,仟元,2019,17148864
12305479,G,營運狀況,營業費用,,仟元,2019,3143345
12305479,G,營運狀況,淨利,,仟元,2019,3489017
34342717,G,營運狀況,營業收入,,仟元,2019,5620826
34342717,G,營運狀況,營業成本,,仟元,2019,5410366
34342717,G,營運狀況,營業費用,,仟元,2019,173656
34342717,G,營運狀況,淨利,,仟元,2019,20327
86379024,G,營運狀況,營業收入,,仟元,2019,3192577
86379024,G,營運狀況,營業成本,,仟元,2019,2152477
86379024,G,營運狀況,營業費用,,仟元,2019,661962
86379024,G,營運狀況,淨利,,仟元,2019,14338
43876760,G,營運狀況,營業收入,,仟元,2019,11462442
43876760,G,營運狀況,營業成本,,仟元,2019,10744281
43876760,G,營運狀況,營業費用,,仟元,2019,247780
43876760,G,營運狀況,淨利,,仟元,2019,402356
12373243,G,營運狀況,營業收入,,仟元,2019,6325345
12373243,G,營運狀況,營業成本,,仟元,2019,3536227
12373243,G,營運狀況,營業費用,,仟元,2019,2177771
12373243,G,營運狀況,淨利,,仟元,2019,466337
23358846,G,營運狀況,營業收入,,仟元,2019,19819800
23358846,G,營運狀況,營業成本,,仟元,2019,15046383
23358846,G,營運狀況,營業費用,,仟元,2019,1007336
23358846,G,營運狀況,淨利,,仟元,2019,3142138
36538005,G,營運狀況,營業收入,,仟元,2019,7490758
36538005,G,營運狀況,營業成本,,仟元,2019,6827810
36538005,G,營運狀況,營業費用,,仟元,2019,186779
36538005,G,營運狀況,淨利,,仟元,2019,731830
11367406,G,營運狀況,營業收入,,仟元,2019,5722049
11367406,G,營運狀況,營業成本,,仟元,2019,5702957
11367406,G,營運狀況,營業費用,,仟元,2019,133868
11367406,G,營運狀況,淨利,,仟元,2019,-122459
86386622,G,營運狀況,營業收入,,仟元,2019,1002223
86386622,G,營運狀況,營業成本,,仟元,2019,632758
86386622,G,營運狀況,營業費用,,仟元,2019,90975
86386622,G,營運狀況,淨利,,仟元,2019,197572
22298292,G,營運狀況,營業收入,,仟元,2019,925309
22298292,G,營運狀況,營業成本,,仟元,2019,817248
22298292,G,營運狀況,營業費用,,仟元,2019,94988
22298292,G,營運狀況,淨利,,仟元,2019,21467
05117325,G,營運狀況,營業收入,,仟元,2019,7342319
05117325,G,營運狀況,營業成本,,仟元,2019,7033038
05117325,G,營運狀況,營業費用,,仟元,2019,115725
05117325,G,營運狀況,淨利,,仟元,2019,170429
66394146,G,營運狀況,營業收入,,仟元,2019,11637322
66394146,G,營運狀況,營業成本,,仟元,2019,10204636
66394146,G,營運狀況,營業費用,,仟元,2019,714530
66394146,G,營運狀況,淨利,,仟元,2019,733133
84271110,G,營運狀況,營業收入,,仟元,2019,1114421
84271110,G,營運狀況,營業成本,,仟元,2019,761389
84271110,G,營運狀況,營業費用,,仟元,2019,100015
84271110,G,營運狀況,淨利,,仟元,2019,256884
03701104,G,營運狀況,營業收入,,仟元,2019,393930
03701104,G,營運狀況,營業成本,,仟元,2019,186712
03701104,G,營運狀況,營業費用,,仟元,2019,929176
03701104,G,營運狀況,淨利,,仟元,2019,297880
31896684,G,營運狀況,營業收入,,仟元,2019,5737206
31896684,G,營運狀況,營業成本,,仟元,2019,2885466
31896684,G,營運狀況,營業費用,,仟元,2019,772084
31896684,G,營運狀況,淨利,,仟元,2019,8213641
20730758,G,營運狀況,營業收入,,仟元,2019,5623832
20730758,G,營運狀況,營業成本,,仟元,2019,5233282
20730758,G,營運狀況,營業費用,,仟元,2019,150984
20730758,G,營運狀況,淨利,,仟元,2019,177286
16264908,G,營運狀況,營業收入,,仟元,2019,3742423
16264908,G,營運狀況,營業成本,,仟元,2019,3004836
16264908,G,營運狀況,營業費用,,仟元,2019,249344
16264908,G,營運狀況,淨利,,仟元,2019,471367
84141187,G,營運狀況,營業收入,,仟元,2019,1969081
84141187,G,營運狀況,營業成本,,仟元,2019,1443550
84141187,G,營運狀況,營業費用,,仟元,2019,297171
84141187,G,營運狀況,淨利,,仟元,2019,238158
28993629,G,營運狀況,營業收入,,仟元,2019,22665087
28993629,G,營運狀況,營業成本,,仟元,2019,19932532
28993629,G,營運狀況,營業費用,,仟元,2019,1407612
28993629,G,營運狀況,淨利,,仟元,2019,152060
46298200,G,營運狀況,營業收入,,仟元,2019,6331757
46298200,G,營運狀況,營業成本,,仟元,2019,5781552
46298200,G,營運狀況,營業費用,,仟元,2019,377048
46298200,G,營運狀況,淨利,,仟元,2019,179564
85898033,G,營運狀況,營業收入,,仟元,2019,4394621
85898033,G,營運狀況,營業成本,,仟元,2019,3594936
85898033,G,營運狀況,營業費用,,仟元,2019,263686
85898033,G,營運狀況,淨利,,仟元,2019,489267
03028404,G,營運狀況,營業收入,,仟元,2019,4282904
03028404,G,營運狀況,營業成本,,仟元,2019,4110115
03028404,G,營運狀況,營業費用,,仟元,2019,165845
03028404,G,營運狀況,淨利,,仟元,2019,-20759
04673318,G,營運狀況,營業收入,,仟元,2019,20672958
04673318,G,營運狀況,營業成本,,仟元,2019,14739339
04673318,G,營運狀況,營業費用,,仟元,2019,1748292
04673318,G,營運狀況,淨利,,仟元,2019,3139332
22764965,G,營運狀況,營業收入,,仟元,2019,2588275
22764965,G,營運狀況,營業成本,,仟元,2019,1829105
22764965,G,營運狀況,營業費用,,仟元,2019,330665
22764965,G,營運狀況,淨利,,仟元,2019,392438
23641822,G,營運狀況,營業收入,,仟元,2019,7803579
23641822,G,營運狀況,營業成本,,仟元,2019,4862801
23641822,G,營運狀況,營業費用,,仟元,2019,1390353
23641822,G,營運狀況,淨利,,仟元,2019,703369
23988653,G,營運狀況,營業收入,,仟元,2019,1631542
23988653,G,營運狀況,營業成本,,仟元,2019,1152499
23988653,G,營運狀況,營業費用,,仟元,2019,308782
23988653,G,營運狀況,淨利,,仟元,2019,94338
04633597,G,營運狀況,營業收入,,仟元,2019,9617999
04633597,G,營運狀況,營業成本,,仟元,2019,5909860
04633597,G,營運狀況,營業費用,,仟元,2019,543753
04633597,G,營運狀況,淨利,,仟元,2019,3172103
80665204,G,營運狀況,營業收入,,仟元,2019,91663
80665204,G,營運狀況,營業成本,,仟元,2019,78473
80665204,G,營運狀況,營業費用,,仟元,2019,26017
80665204,G,營運狀況,淨利,,仟元,2019,-10496
77211448,G,營運狀況,營業收入,,仟元,2019,6122936
77211448,G,營運狀況,營業成本,,仟元,2019,5218643
77211448,G,營運狀況,營業費用,,仟元,2019,249098
77211448,G,營運狀況,淨利,,仟元,2019,463081
84548046,G,營運狀況,營業收入,,仟元,2019,571588
84548046,G,營運狀況,營業成本,,仟元,2019,482834
84548046,G,營運狀況,營業費用,,仟元,2019,57471
84548046,G,營運狀況,淨利,,仟元,2019,27404
04477420,G,營運狀況,營業收入,,仟元,2019,6627484
04477420,G,營運狀況,營業成本,,仟元,2019,4854416
04477420,G,營運狀況,營業費用,,仟元,2019,646326
04477420,G,營運狀況,淨利,,仟元,2019,908733
33428716,G,營運狀況,營業收入,,仟元,2019,16875
33428716,G,營運狀況,營業成本,,仟元,2019,13417
33428716,G,營運狀況,營業費用,,仟元,2019,75402
33428716,G,營運狀況,淨利,,仟元,2019,-81580
84466749,G,營運狀況,營業收入,,仟元,2019,5079135
84466749,G,營運狀況,營業成本,,仟元,2019,3066429
84466749,G,營運狀況,營業費用,,仟元,2019,423796
84466749,G,營運狀況,淨利,,仟元,2019,1588304
73654033,G,營運狀況,營業收入,,仟元,2018,1522292
73654033,G,營運狀況,營業成本,,仟元,2018,1075800
73654033,G,營運狀況,營業費用,,仟元,2018,330619
73654033,G,營運狀況,淨利,,仟元,2018,231677
07510318,G,營運狀況,營業收入,,仟元,2018,2621467
07510318,G,營運狀況,營業成本,,仟元,2018,1912536
07510318,G,營運狀況,營業費用,,仟元,2018,249186
07510318,G,營運狀況,淨利,,仟元,2018,357376
04615057,G,營運狀況,營業收入,,仟元,2018,944582
04615057,G,營運狀況,營業成本,,仟元,2018,669007
04615057,G,營運狀況,營業費用,,仟元,2018,143861
04615057,G,營運狀況,淨利,,仟元,2018,120791
33144175,G,營運狀況,營業收入,,仟元,2018,474359
33144175,G,營運狀況,營業成本,,仟元,2018,370214
33144175,G,營運狀況,營業費用,,仟元,2018,67761
33144175,G,營運狀況,淨利,,仟元,2018,12352
12179563,G,營運狀況,營業收入,,仟元,2018,79876
12179563,G,營運狀況,營業成本,,仟元,2018,67208
12179563,G,營運狀況,營業費用,,仟元,2018,100801
12179563,G,營運狀況,淨利,,仟元,2018,-93524
34149369,G,營運狀況,營業收入,,仟元,2018,13845007
34149369,G,營運狀況,營業成本,,仟元,2018,10336928
34149369,G,營運狀況,營業費用,,仟元,2018,866424
34149369,G,營運狀況,淨利,,仟元,2018,2186147
03374306,G,營運狀況,營業收入,,仟元,2018,14294770
03374306,G,營運狀況,營業成本,,仟元,2018,10576571
03374306,G,營運狀況,營業費用,,仟元,2018,1489966
03374306,G,營運狀況,淨利,,仟元,2018,4241797
24060203,G,營運狀況,營業收入,,仟元,2018,18644806
24060203,G,營運狀況,營業成本,,仟元,2018,17236929
24060203,G,營運狀況,營業費用,,仟元,2018,957895
24060203,G,營運狀況,淨利,,仟元,2018,591187
11603817,G,營運狀況,營業收入,,仟元,2018,752654
11603817,G,營運狀況,營業成本,,仟元,2018,521191
11603817,G,營運狀況,營業費用,,仟元,2018,270814
11603817,G,營運狀況,淨利,,仟元,2018,-50989
11099009,G,營運狀況,營業收入,,仟元,2018,1626127
11099009,G,營運狀況,營業成本,,仟元,2018,867909
11099009,G,營運狀況,營業費用,,仟元,2018,539594
11099009,G,營運狀況,淨利,,仟元,2018,237489
04921056,G,營運狀況,營業收入,,仟元,2018,3950639
04921056,G,營運狀況,營業成本,,仟元,2018,2419515
04921056,G,營運狀況,營業費用,,仟元,2018,388271
04921056,G,營運狀況,淨利,,仟元,2018,986870
72058206,G,營運狀況,營業收入,,仟元,2018,11855207
72058206,G,營運狀況,營業成本,,仟元,2018,8492700
72058206,G,營運狀況,營業費用,,仟元,2018,2303674
72058206,G,營運狀況,淨利,,仟元,2018,1243877
75094900,G,營運狀況,營業收入,,仟元,2018,11062421
75094900,G,營運狀況,營業成本,,仟元,2018,10008122
75094900,G,營運狀況,營業費用,,仟元,2018,701762
75094900,G,營運狀況,淨利,,仟元,2018,356435
11762504,G,營運狀況,營業收入,,仟元,2018,7471526
11762504,G,營運狀況,營業成本,,仟元,2018,7369276
11762504,G,營運狀況,營業費用,,仟元,2018,157739
11762504,G,營運狀況,淨利,,仟元,2018,66810
30900892,G,營運狀況,營業收入,,仟元,2018,14435680
30900892,G,營運狀況,營業成本,,仟元,2018,10436554
30900892,G,營運狀況,營業費用,,仟元,2018,2089225
30900892,G,營運狀況,淨利,,仟元,2018,673313
06667446,G,營運狀況,營業收入,,仟元,2018,3297861
06667446,G,營運狀況,營業成本,,仟元,2018,2118414
06667446,G,營運狀況,營業費用,,仟元,2018,516544
06667446,G,營運狀況,淨利,,仟元,2018,497247
22344508,G,營運狀況,營業收入,,仟元,2018,4541733
22344508,G,營運狀況,營業成本,,仟元,2018,3243819
22344508,G,營運狀況,營業費用,,仟元,2018,719001
22344508,G,營運狀況,淨利,,仟元,2018,400188
11059409,G,營運狀況,營業收入,,仟元,2018,1212121
11059409,G,營運狀況,營業成本,,仟元,2018,1014068
11059409,G,營運狀況,營業費用,,仟元,2018,129875
11059409,G,營運狀況,淨利,,仟元,2018,20066
22221180,G,營運狀況,營業收入,,仟元,2018,7995306
22221180,G,營運狀況,營業成本,,仟元,2018,4451214
22221180,G,營運狀況,營業費用,,仟元,2018,512617
22221180,G,營運狀況,淨利,,仟元,2018,3004988
18997007,G,營運狀況,營業收入,,仟元,2018,14484777
18997007,G,營運狀況,營業成本,,仟元,2018,13291181
18997007,G,營運狀況,營業費用,,仟元,2018,515934
18997007,G,營運狀況,淨利,,仟元,2018,547873
23113054,G,營運狀況,營業收入,,仟元,2018,3918005
23113054,G,營運狀況,營業成本,,仟元,2018,3267116
23113054,G,營運狀況,營業費用,,仟元,2018,218264
23113054,G,營運狀況,淨利,,仟元,2018,444704
22659295,G,營運狀況,營業收入,,仟元,2018,1900407
22659295,G,營運狀況,營業成本,,仟元,2018,1714389
22659295,G,營運狀況,營業費用,,仟元,2018,103626
22659295,G,營運狀況,淨利,,仟元,2018,28444
12251662,G,營運狀況,營業收入,,仟元,2018,148334
12251662,G,營運狀況,營業成本,,仟元,2018,45129
12251662,G,營運狀況,營業費用,,仟元,2018,118141
12251662,G,營運狀況,淨利,,仟元,2018,50554
22190686,G,營運狀況,營業收入,,仟元,2018,1860434
22190686,G,營運狀況,營業成本,,仟元,2018,1184124
22190686,G,營運狀況,營業費用,,仟元,2018,347547
22190686,G,營運狀況,淨利,,仟元,2018,184853
12305479,G,營運狀況,營業收入,,仟元,2018,44204971
12305479,G,營運狀況,營業成本,,仟元,2018,31032093
12305479,G,營運狀況,營業費用,,仟元,2018,3669516
12305479,G,營運狀況,淨利,,仟元,2018,8738331
34342717,G,營運狀況,營業收入,,仟元,2018,4457132
34342717,G,營運狀況,營業成本,,仟元,2018,4825454
34342717,G,營運狀況,營業費用,,仟元,2018,148126
34342717,G,營運狀況,淨利,,仟元,2018,-522550
86379024,G,營運狀況,營業收入,,仟元,2018,3060891
86379024,G,營運狀況,營業成本,,仟元,2018,1868953
86379024,G,營運狀況,營業費用,,仟元,2018,638061
86379024,G,營運狀況,淨利,,仟元,2018,847389
43876760,G,營運狀況,營業收入,,仟元,2018,11429192
43876760,G,營運狀況,營業成本,,仟元,2018,10700319
43876760,G,營運狀況,營業費用,,仟元,2018,226054
43876760,G,營運狀況,淨利,,仟元,2018,407513
12373243,G,營運狀況,營業收入,,仟元,2018,31947334
12373243,G,營運狀況,營業成本,,仟元,2018,24715128
12373243,G,營運狀況,營業費用,,仟元,2018,2944326
12373243,G,營運狀況,淨利,,仟元,2018,3446029
23358846,G,營運狀況,營業收入,,仟元,2018,4638016
23358846,G,營運狀況,營業成本,,仟元,2018,3276583
23358846,G,營運狀況,營業費用,,仟元,2018,604344
23358846,G,營運狀況,淨利,,仟元,2018,869639
36538005,G,營運狀況,營業收入,,仟元,2018,7217985
36538005,G,營運狀況,營業成本,,仟元,2018,6494731
36538005,G,營運狀況,營業費用,,仟元,2018,186798
36538005,G,營運狀況,淨利,,仟元,2018,835159
86386622,G,營運狀況,營業收入,,仟元,2018,1050641
86386622,G,營運狀況,營業成本,,仟元,2018,684701
86386622,G,營運狀況,營業費用,,仟元,2018,95235
86386622,G,營運狀況,淨利,,仟元,2018,218953
66394146,G,營運狀況,營業收入,,仟元,2018,8646070
66394146,G,營運狀況,營業成本,,仟元,2018,7335800
66394146,G,營運狀況,營業費用,,仟元,2018,677804
66394146,G,營運狀況,淨利,,仟元,2018,731562
84271110,G,營運狀況,營業收入,,仟元,2018,1315255
84271110,G,營運狀況,營業成本,,仟元,2018,771546
84271110,G,營運狀況,營業費用,,仟元,2018,160441
84271110,G,營運狀況,淨利,,仟元,2018,379960
03701104,G,營運狀況,營業收入,,仟元,2018,365755
03701104,G,營運狀況,營業成本,,仟元,2018,198509
03701104,G,營運狀況,營業費用,,仟元,2018,828453
03701104,G,營運狀況,淨利,,仟元,2018,401916
31896684,G,營運狀況,營業收入,,仟元,2018,6928722
31896684,G,營運狀況,營業成本,,仟元,2018,2930051
31896684,G,營運狀況,營業費用,,仟元,2018,389640
31896684,G,營運狀況,淨利,,仟元,2018,1633159
20730758,G,營運狀況,營業收入,,仟元,2018,1070737
20730758,G,營運狀況,營業成本,,仟元,2018,1136162
20730758,G,營運狀況,營業費用,,仟元,2018,138944
20730758,G,營運狀況,淨利,,仟元,2018,-135144
16264908,G,營運狀況,營業收入,,仟元,2018,2661309
16264908,G,營運狀況,營業成本,,仟元,2018,2006309
16264908,G,營運狀況,營業費用,,仟元,2018,277377
16264908,G,營運狀況,淨利,,仟元,2018,333505
84141187,G,營運狀況,營業收入,,仟元,2018,2725277
84141187,G,營運狀況,營業成本,,仟元,2018,2286007
84141187,G,營運狀況,營業費用,,仟元,2018,315939
84141187,G,營運狀況,淨利,,仟元,2018,62218
28993629,G,營運狀況,營業收入,,仟元,2018,25154111
28993629,G,營運狀況,營業成本,,仟元,2018,21429966
28993629,G,營運狀況,營業費用,,仟元,2018,1373991
28993629,G,營運狀況,淨利,,仟元,2018,2018281
46298200,G,營運狀況,營業收入,,仟元,2018,6824128
46298200,G,營運狀況,營業成本,,仟元,2018,6082369
46298200,G,營運狀況,營業費用,,仟元,2018,381479
46298200,G,營運狀況,淨利,,仟元,2018,207708
85898033,G,營運狀況,營業收入,,仟元,2018,2577520
85898033,G,營運狀況,營業成本,,仟元,2018,1929159
85898033,G,營運狀況,營業費用,,仟元,2018,187475
85898033,G,營運狀況,淨利,,仟元,2018,443086
03028404,G,營運狀況,營業收入,,仟元,2018,3844011
03028404,G,營運狀況,營業成本,,仟元,2018,3812023
03028404,G,營運狀況,營業費用,,仟元,2018,165807
03028404,G,營運狀況,淨利,,仟元,2018,-70071
04673318,G,營運狀況,營業收入,,仟元,2018,24241619
04673318,G,營運狀況,營業成本,,仟元,2018,19199218
04673318,G,營運狀況,營業費用,,仟元,2018,1858892
04673318,G,營運狀況,淨利,,仟元,2018,2004173
22764965,G,營運狀況,營業收入,,仟元,2018,4187845
22764965,G,營運狀況,營業成本,,仟元,2018,2852042
22764965,G,營運狀況,營業費用,,仟元,2018,320391
22764965,G,營運狀況,淨利,,仟元,2018,927817
23641822,G,營運狀況,營業收入,,仟元,2018,7313145
23641822,G,營運狀況,營業成本,,仟元,2018,5021698
23641822,G,營運狀況,營業費用,,仟元,2018,1605891
23641822,G,營運狀況,淨利,,仟元,2018,-29667
23988653,G,營運狀況,營業收入,,仟元,2018,2265460
23988653,G,營運狀況,營業成本,,仟元,2018,1575957
23988653,G,營運狀況,營業費用,,仟元,2018,327490
23988653,G,營運狀況,淨利,,仟元,2018,234147
04633597,G,營運狀況,營業收入,,仟元,2018,12106364
04633597,G,營運狀況,營業成本,,仟元,2018,7467257
04633597,G,營運狀況,營業費用,,仟元,2018,427339
04633597,G,營運狀況,淨利,,仟元,2018,4164410
77211448,G,營運狀況,營業收入,,仟元,2018,4967893
77211448,G,營運狀況,營業成本,,仟元,2018,4137358
77211448,G,營運狀況,營業費用,,仟元,2018,191304
77211448,G,營運狀況,淨利,,仟元,2018,446315
84548046,G,營運狀況,營業收入,,仟元,2018,794091
84548046,G,營運狀況,營業成本,,仟元,2018,679654
84548046,G,營運狀況,營業費用,,仟元,2018,64444
84548046,G,營運狀況,淨利,,仟元,2018,48978
04477420,G,營運狀況,營業收入,,仟元,2018,1457868
04477420,G,營運狀況,營業成本,,仟元,2018,937011
04477420,G,營運狀況,營業費用,,仟元,2018,388359
04477420,G,營運狀況,淨利,,仟元,2018,45492
84466749,G,營運狀況,營業收入,,仟元,2018,1571713
84466749,G,營運狀況,營業成本,,仟元,2018,996542
84466749,G,營運狀況,營業費用,,仟元,2018,195113
84466749,G,營運狀況,淨利,,仟元,2018,346652
73654033,G,營運狀況,營業收入,,仟元,2017,2159740
73654033,G,營運狀況,營業成本,,仟元,2017,1525764
73654033,G,營運狀況,營業費用,,仟元,2017,272984
73654033,G,營運狀況,淨利,,仟元,2017,326064
04615057,G,營運狀況,營業收入,,仟元,2017,2931135
04615057,G,營運狀況,營業成本,,仟元,2017,2154100
04615057,G,營運狀況,營業費用,,仟元,2017,265366
04615057,G,營運狀況,淨利,,仟元,2017,561223
07617901,G,營運狀況,營業收入,,仟元,2017,64138
07617901,G,營運狀況,營業成本,,仟元,2017,66700
07617901,G,營運狀況,營業費用,,仟元,2017,39250
07617901,G,營運狀況,淨利,,仟元,2017,-26862
33144175,G,營運狀況,營業收入,,仟元,2017,1008696
33144175,G,營運狀況,營業成本,,仟元,2017,856949
33144175,G,營運狀況,營業費用,,仟元,2017,89599
33144175,G,營運狀況,淨利,,仟元,2017,38456
34149369,G,營運狀況,營業收入,,仟元,2017,4378108
34149369,G,營運狀況,營業成本,,仟元,2017,3384251
34149369,G,營運狀況,營業費用,,仟元,2017,408731
34149369,G,營運狀況,淨利,,仟元,2017,575851
03374306,G,營運狀況,營業收入,,仟元,2017,12270182
03374306,G,營運狀況,營業成本,,仟元,2017,9683371
03374306,G,營運狀況,營業費用,,仟元,2017,1245036
03374306,G,營運狀況,淨利,,仟元,2017,1241625
24060203,G,營運狀況,營業收入,,仟元,2017,16413796
24060203,G,營運狀況,營業成本,,仟元,2017,15360749
24060203,G,營運狀況,營業費用,,仟元,2017,1049984
24060203,G,營運狀況,淨利,,仟元,2017,2868733
11603817,G,營運狀況,營業收入,,仟元,2017,2673125
11603817,G,營運狀況,營業成本,,仟元,2017,2124514
11603817,G,營運狀況,營業費用,,仟元,2017,394755
11603817,G,營運狀況,淨利,,仟元,2017,140281
11099009,G,營運狀況,營業收入,,仟元,2017,1563080
11099009,G,營運狀況,營業成本,,仟元,2017,799601
11099009,G,營運狀況,營業費用,,仟元,2017,757029
11099009,G,營運狀況,淨利,,仟元,2017,66563
04921056,G,營運狀況,營業收入,,仟元,2017,1136535
04921056,G,營運狀況,營業成本,,仟元,2017,847880
04921056,G,營運狀況,營業費用,,仟元,2017,174001
04921056,G,營運狀況,淨利,,仟元,2017,28928
72058206,G,營運狀況,營業收入,,仟元,2017,10988980
72058206,G,營運狀況,營業成本,,仟元,2017,7722731
72058206,G,營運狀況,營業費用,,仟元,2017,2188144
72058206,G,營運狀況,淨利,,仟元,2017,1264821
75094900,G,營運狀況,營業收入,,仟元,2017,9782245
75094900,G,營運狀況,營業成本,,仟元,2017,8635534
75094900,G,營運狀況,營業費用,,仟元,2017,760106
75094900,G,營運狀況,淨利,,仟元,2017,270357
11762504,G,營運狀況,營業收入,,仟元,2017,8570547
11762504,G,營運狀況,營業成本,,仟元,2017,9048460
11762504,G,營運狀況,營業費用,,仟元,2017,160915
11762504,G,營運狀況,淨利,,仟元,2017,-541084
30900892,G,營運狀況,營業收入,,仟元,2017,9932819
30900892,G,營運狀況,營業成本,,仟元,2017,7133904
30900892,G,營運狀況,營業費用,,仟元,2017,1956174
30900892,G,營運狀況,淨利,,仟元,2017,477050
06667446,G,營運狀況,營業收入,,仟元,2017,4184936
06667446,G,營運狀況,營業成本,,仟元,2017,2612311
06667446,G,營運狀況,營業費用,,仟元,2017,583555
06667446,G,營運狀況,淨利,,仟元,2017,774994
22344508,G,營運狀況,營業收入,,仟元,2017,178365
22344508,G,營運狀況,營業成本,,仟元,2017,52059
22344508,G,營運狀況,營業費用,,仟元,2017,186367
22344508,G,營運狀況,淨利,,仟元,2017,18603
11059409,G,營運狀況,營業收入,,仟元,2017,69225
11059409,G,營運狀況,營業成本,,仟元,2017,57823
11059409,G,營運狀況,營業費用,,仟元,2017,118567
11059409,G,營運狀況,淨利,,仟元,2017,-122409
22221180,G,營運狀況,營業收入,,仟元,2017,6508747
22221180,G,營運狀況,營業成本,,仟元,2017,3531713
22221180,G,營運狀況,營業費用,,仟元,2017,428589
22221180,G,營運狀況,淨利,,仟元,2017,2606326
18997007,G,營運狀況,營業收入,,仟元,2017,11112222
18997007,G,營運狀況,營業成本,,仟元,2017,10072928
18997007,G,營運狀況,營業費用,,仟元,2017,451739
18997007,G,營運狀況,淨利,,仟元,2017,474438
12251662,G,營運狀況,營業收入,,仟元,2017,304371
12251662,G,營運狀況,營業成本,,仟元,2017,161428
12251662,G,營運狀況,營業費用,,仟元,2017,107790
12251662,G,營運狀況,淨利,,仟元,2017,57754
22190686,G,營運狀況,營業收入,,仟元,2017,1006031
22190686,G,營運狀況,營業成本,,仟元,2017,574378
22190686,G,營運狀況,營業費用,,仟元,2017,268412
22190686,G,營運狀況,淨利,,仟元,2017,18170
12305479,G,營運狀況,營業收入,,仟元,2017,18670048
12305479,G,營運狀況,營業成本,,仟元,2017,13696981
12305479,G,營運狀況,營業費用,,仟元,2017,2341893
12305479,G,營運狀況,淨利,,仟元,2017,2442625
34342717,G,營運狀況,營業收入,,仟元,2017,4010127
34342717,G,營運狀況,營業成本,,仟元,2017,3844359
34342717,G,營運狀況,營業費用,,仟元,2017,140884
34342717,G,營運狀況,淨利,,仟元,2017,3568
86379024,G,營運狀況,營業收入,,仟元,2017,2994742
86379024,G,營運狀況,營業成本,,仟元,2017,2081113
86379024,G,營運狀況,營業費用,,仟元,2017,609613
86379024,G,營運狀況,淨利,,仟元,2017,228188
43876760,G,營運狀況,營業收入,,仟元,2017,8369078
43876760,G,營運狀況,營業成本,,仟元,2017,7811947
43876760,G,營運狀況,營業費用,,仟元,2017,245639
43876760,G,營運狀況,淨利,,仟元,2017,295327
12373243,G,營運狀況,營業收入,,仟元,2017,14212716
12373243,G,營運狀況,營業成本,,仟元,2017,10141526
12373243,G,營運狀況,營業費用,,仟元,2017,4199607
12373243,G,營運狀況,淨利,,仟元,2017,-709247
23358846,G,營運狀況,營業收入,,仟元,2017,10375842
23358846,G,營運狀況,營業成本,,仟元,2017,7184080
23358846,G,營運狀況,營業費用,,仟元,2017,910840
23358846,G,營運狀況,淨利,,仟元,2017,2202796
36538005,G,營運狀況,營業收入,,仟元,2017,5930052
36538005,G,營運狀況,營業成本,,仟元,2017,5268386
36538005,G,營運狀況,營業費用,,仟元,2017,186333
36538005,G,營運狀況,淨利,,仟元,2017,544642
86386622,G,營運狀況,營業收入,,仟元,2017,1310846
86386622,G,營運狀況,營業成本,,仟元,2017,868047
86386622,G,營運狀況,營業費用,,仟元,2017,79537
86386622,G,營運狀況,淨利,,仟元,2017,314874
66394146,G,營運狀況,營業收入,,仟元,2017,7555488
66394146,G,營運狀況,營業成本,,仟元,2017,6453367
66394146,G,營運狀況,營業費用,,仟元,2017,641690
66394146,G,營運狀況,淨利,,仟元,2017,430327
84271110,G,營運狀況,營業收入,,仟元,2017,355318
84271110,G,營運狀況,營業成本,,仟元,2017,257313
84271110,G,營運狀況,營業費用,,仟元,2017,103611
84271110,G,營運狀況,淨利,,仟元,2017,288332
03701104,G,營運狀況,營業收入,,仟元,2017,768479
03701104,G,營運狀況,營業成本,,仟元,2017,127335
03701104,G,營運狀況,營業費用,,仟元,2017,814972
03701104,G,營運狀況,淨利,,仟元,2017,469874
31896684,G,營運狀況,營業收入,,仟元,2017,5025549
31896684,G,營運狀況,營業成本,,仟元,2017,1825007
31896684,G,營運狀況,營業費用,,仟元,2017,467787
31896684,G,營運狀況,淨利,,仟元,2017,190064
20730758,G,營運狀況,營業收入,,仟元,2017,3901472
20730758,G,營運狀況,營業成本,,仟元,2017,3458417
20730758,G,營運狀況,營業費用,,仟元,2017,174625
20730758,G,營運狀況,淨利,,仟元,2017,208562
16264908,G,營運狀況,營業收入,,仟元,2017,3145082
16264908,G,營運狀況,營業成本,,仟元,2017,2108058
16264908,G,營運狀況,營業費用,,仟元,2017,185661
16264908,G,營運狀況,淨利,,仟元,2017,748011
84141187,G,營運狀況,營業收入,,仟元,2017,1461374
84141187,G,營運狀況,營業成本,,仟元,2017,1329332
84141187,G,營運狀況,營業費用,,仟元,2017,257560
84141187,G,營運狀況,淨利,,仟元,2017,-44865
28993629,G,營運狀況,營業收入,,仟元,2017,28384743
28993629,G,營運狀況,營業成本,,仟元,2017,26035530
28993629,G,營運狀況,營業費用,,仟元,2017,1181772
28993629,G,營運狀況,淨利,,仟元,2017,807568
46298200,G,營運狀況,營業收入,,仟元,2017,5733908
46298200,G,營運狀況,營業成本,,仟元,2017,5188280
46298200,G,營運狀況,營業費用,,仟元,2017,329301
46298200,G,營運狀況,淨利,,仟元,2017,172173
85898033,G,營運狀況,營業收入,,仟元,2017,1973718
85898033,G,營運狀況,營業成本,,仟元,2017,1650131
85898033,G,營運狀況,營業費用,,仟元,2017,145081
85898033,G,營運狀況,淨利,,仟元,2017,218503
03028404,G,營運狀況,營業收入,,仟元,2017,3758935
03028404,G,營運狀況,營業成本,,仟元,2017,4003387
03028404,G,營運狀況,營業費用,,仟元,2017,154750
03028404,G,營運狀況,淨利,,仟元,2017,-355334
04673318,G,營運狀況,營業收入,,仟元,2017,18633880
04673318,G,營運狀況,營業成本,,仟元,2017,14412631
04673318,G,營運狀況,營業費用,,仟元,2017,1724537
04673318,G,營運狀況,淨利,,仟元,2017,2009823
22764965,G,營運狀況,營業收入,,仟元,2017,1479962
22764965,G,營運狀況,營業成本,,仟元,2017,959622
22764965,G,營運狀況,營業費用,,仟元,2017,231523
22764965,G,營運狀況,淨利,,仟元,2017,279035
23641822,G,營運狀況,營業收入,,仟元,2017,4912171
23641822,G,營運狀況,營業成本,,仟元,2017,3105162
23641822,G,營運狀況,營業費用,,仟元,2017,1181597
23641822,G,營運狀況,淨利,,仟元,2017,493418
23988653,G,營運狀況,營業收入,,仟元,2017,4236339
23988653,G,營運狀況,營業成本,,仟元,2017,3367009
23988653,G,營運狀況,營業費用,,仟元,2017,362530
23988653,G,營運狀況,淨利,,仟元,2017,333652
04633597,G,營運狀況,營業收入,,仟元,2017,6972979
04633597,G,營運狀況,營業成本,,仟元,2017,4023658
04633597,G,營運狀況,營業費用,,仟元,2017,282597
04633597,G,營運狀況,淨利,,仟元,2017,3042111
77211448,G,營運狀況,營業收入,,仟元,2017,3056380
77211448,G,營運狀況,營業成本,,仟元,2017,2501072
77211448,G,營運狀況,營業費用,,仟元,2017,167437
77211448,G,營運狀況,淨利,,仟元,2017,268657
04477420,G,營運狀況,營業收入,,仟元,2017,5617170
04477420,G,營運狀況,營業成本,,仟元,2017,3782051
04477420,G,營運狀況,營業費用,,仟元,2017,594970
04477420,G,營運狀況,淨利,,仟元,2017,1135994
33428716,G,營運狀況,營業收入,,仟元,2017,989504
33428716,G,營運狀況,營業成本,,仟元,2017,755125
33428716,G,營運狀況,營業費用,,仟元,2017,131258
33428716,G,營運狀況,淨利,,仟元,2017,97528
84466749,G,營運狀況,營業收入,,仟元,2017,1652710
84466749,G,營運狀況,營業成本,,仟元,2017,1069274
84466749,G,營運狀況,營業費用,,仟元,2017,246696
84466749,G,營運狀況,淨利,,仟元,2017,396023
73654033,G,營運狀況,營業收入,,仟元,2016,682055
73654033,G,營運狀況,營業成本,,仟元,2016,553903
73654033,G,營運狀況,營業費用,,仟元,2016,247772
73654033,G,營運狀況,淨利,,仟元,2016,-101111
04615057,G,營運狀況,營業收入,,仟元,2016,5311889
04615057,G,營運狀況,營業成本,,仟元,2016,4289464
04615057,G,營運狀況,營業費用,,仟元,2016,235557
04615057,G,營運狀況,淨利,,仟元,2016,551285
07617901,G,營運狀況,營業收入,,仟元,2016,53147
07617901,G,營運狀況,營業成本,,仟元,2016,58380
07617901,G,營運狀況,營業費用,,仟元,2016,29129
07617901,G,營運狀況,淨利,,仟元,2016,-10674
33144175,G,營運狀況,營業收入,,仟元,2016,976107
33144175,G,營運狀況,營業成本,,仟元,2016,797695
33144175,G,營運狀況,營業費用,,仟元,2016,80789
33144175,G,營運狀況,淨利,,仟元,2016,47178
12179563,G,營運狀況,營業收入,,仟元,2016,31086
12179563,G,營運狀況,營業成本,,仟元,2016,47217
12179563,G,營運狀況,營業費用,,仟元,2016,114646
12179563,G,營運狀況,淨利,,仟元,2016,-111796
34149369,G,營運狀況,營業收入,,仟元,2016,5729654
34149369,G,營運狀況,營業成本,,仟元,2016,4147121
34149369,G,營運狀況,營業費用,,仟元,2016,487244
34149369,G,營運狀況,淨利,,仟元,2016,1035778
03374306,G,營運狀況,營業收入,,仟元,2016,18695526
03374306,G,營運狀況,營業成本,,仟元,2016,14185529
03374306,G,營運狀況,營業費用,,仟元,2016,1107767
03374306,G,營運狀況,淨利,,仟元,2016,2838245
24060203,G,營運狀況,營業收入,,仟元,2016,25999313
24060203,G,營運狀況,營業成本,,仟元,2016,27876521
24060203,G,營運狀況,營業費用,,仟元,2016,2817717
24060203,G,營運狀況,淨利,,仟元,2016,-9412074
11603817,G,營運狀況,營業收入,,仟元,2016,1458192
11603817,G,營運狀況,營業成本,,仟元,2016,1065171
11603817,G,營運狀況,營業費用,,仟元,2016,342071
11603817,G,營運狀況,淨利,,仟元,2016,6212
11099009,G,營運狀況,營業收入,,仟元,2016,2311461
11099009,G,營運狀況,營業成本,,仟元,2016,1108012
11099009,G,營運狀況,營業費用,,仟元,2016,997075
11099009,G,營運狀況,淨利,,仟元,2016,170253
04921056,G,營運狀況,營業收入,,仟元,2016,589909
04921056,G,營運狀況,營業成本,,仟元,2016,384951
04921056,G,營運狀況,營業費用,,仟元,2016,170481
04921056,G,營運狀況,淨利,,仟元,2016,-51298
72058206,G,營運狀況,營業收入,,仟元,2016,12060302
72058206,G,營運狀況,營業成本,,仟元,2016,8124458
72058206,G,營運狀況,營業費用,,仟元,2016,2422111
72058206,G,營運狀況,淨利,,仟元,2016,1599215
75094900,G,營運狀況,營業收入,,仟元,2016,9504094
75094900,G,營運狀況,營業成本,,仟元,2016,8471167
75094900,G,營運狀況,營業費用,,仟元,2016,791876
75094900,G,營運狀況,淨利,,仟元,2016,271887
11762504,G,營運狀況,營業收入,,仟元,2016,6338160
11762504,G,營運狀況,營業成本,,仟元,2016,6341278
11762504,G,營運狀況,營業費用,,仟元,2016,187953
11762504,G,營運狀況,淨利,,仟元,2016,19039
30900892,G,營運狀況,營業收入,,仟元,2016,11689095
30900892,G,營運狀況,營業成本,,仟元,2016,8563971
30900892,G,營運狀況,營業費用,,仟元,2016,1622971
30900892,G,營運狀況,淨利,,仟元,2016,812880
06667446,G,營運狀況,營業收入,,仟元,2016,2620841
06667446,G,營運狀況,營業成本,,仟元,2016,1444546
06667446,G,營運狀況,營業費用,,仟元,2016,412407
06667446,G,營運狀況,淨利,,仟元,2016,571534
22344508,G,營運狀況,營業收入,,仟元,2016,747110
22344508,G,營運狀況,營業成本,,仟元,2016,497514
22344508,G,營運狀況,營業費用,,仟元,2016,198524
22344508,G,營運狀況,淨利,,仟元,2016,48770
11059409,G,營運狀況,營業收入,,仟元,2016,2357723
11059409,G,營運狀況,營業成本,,仟元,2016,1621671
11059409,G,營運狀況,營業費用,,仟元,2016,215476
11059409,G,營運狀況,淨利,,仟元,2016,416176
22221180,G,營運狀況,營業收入,,仟元,2016,3232064
22221180,G,營運狀況,營業成本,,仟元,2016,1712348
22221180,G,營運狀況,營業費用,,仟元,2016,346249
22221180,G,營運狀況,淨利,,仟元,2016,862485
18997007,G,營運狀況,營業收入,,仟元,2016,12452420
18997007,G,營運狀況,營業成本,,仟元,2016,11834889
18997007,G,營運狀況,營業費用,,仟元,2016,366377
18997007,G,營運狀況,淨利,,仟元,2016,644082
12251662,G,營運狀況,營業收入,,仟元,2016,679829
12251662,G,營運狀況,營業成本,,仟元,2016,386063
12251662,G,營運狀況,營業費用,,仟元,2016,129062
12251662,G,營運狀況,淨利,,仟元,2016,-97360
22190686,G,營運狀況,營業收入,,仟元,2016,1158313
22190686,G,營運狀況,營業成本,,仟元,2016,459227
22190686,G,營運狀況,營業費用,,仟元,2016,259260
22190686,G,營運狀況,淨利,,仟元,2016,260463
12305479,G,營運狀況,營業收入,,仟元,2016,35057830
12305479,G,營運狀況,營業成本,,仟元,2016,23768287
12305479,G,營運狀況,營業費用,,仟元,2016,3556513
12305479,G,營運狀況,淨利,,仟元,2016,7268083
34342717,G,營運狀況,營業收入,,仟元,2016,4643975
34342717,G,營運狀況,營業成本,,仟元,2016,4485628
34342717,G,營運狀況,營業費用,,仟元,2016,135414
34342717,G,營運狀況,淨利,,仟元,2016,107385
86379024,G,營運狀況,營業收入,,仟元,2016,13354895
86379024,G,營運狀況,營業成本,,仟元,2016,9815505
86379024,G,營運狀況,營業費用,,仟元,2016,713264
86379024,G,營運狀況,淨利,,仟元,2016,1968315
43876760,G,營運狀況,營業收入,,仟元,2016,8313902
43876760,G,營運狀況,營業成本,,仟元,2016,7875529
43876760,G,營運狀況,營業費用,,仟元,2016,220326
43876760,G,營運狀況,淨利,,仟元,2016,204498
12373243,G,營運狀況,營業收入,,仟元,2016,3356781
12373243,G,營運狀況,營業成本,,仟元,2016,1562624
12373243,G,營運狀況,營業費用,,仟元,2016,2891351
12373243,G,營運狀況,淨利,,仟元,2016,-4949781
23358846,G,營運狀況,營業收入,,仟元,2016,11788987
23358846,G,營運狀況,營業成本,,仟元,2016,8166053
23358846,G,營運狀況,營業費用,,仟元,2016,821487
23358846,G,營運狀況,淨利,,仟元,2016,2432795
86386622,G,營運狀況,營業收入,,仟元,2016,801532
86386622,G,營運狀況,營業成本,,仟元,2016,442687
86386622,G,營運狀況,營業費用,,仟元,2016,76317
86386622,G,營運狀況,淨利,,仟元,2016,257940
66394146,G,營運狀況,營業收入,,仟元,2016,8859147
66394146,G,營運狀況,營業成本,,仟元,2016,7401181
66394146,G,營運狀況,營業費用,,仟元,2016,678597
66394146,G,營運狀況,淨利,,仟元,2016,723112
84271110,G,營運狀況,營業收入,,仟元,2016,931424
84271110,G,營運狀況,營業成本,,仟元,2016,659586
84271110,G,營運狀況,營業費用,,仟元,2016,135637
84271110,G,營運狀況,淨利,,仟元,2016,446066
03701104,G,營運狀況,營業收入,,仟元,2016,292831
03701104,G,營運狀況,營業成本,,仟元,2016,145135
03701104,G,營運狀況,營業費用,,仟元,2016,725707
03701104,G,營運狀況,淨利,,仟元,2016,247810
31896684,G,營運狀況,營業收入,,仟元,2016,7452690
31896684,G,營運狀況,營業成本,,仟元,2016,3256431
31896684,G,營運狀況,營業費用,,仟元,2016,581894
31896684,G,營運狀況,淨利,,仟元,2016,2439782
20730758,G,營運狀況,營業收入,,仟元,2016,2887603
20730758,G,營運狀況,營業成本,,仟元,2016,2721770
20730758,G,營運狀況,營業費用,,仟元,2016,120918
20730758,G,營運狀況,淨利,,仟元,2016,52800
16264908,G,營運狀況,營業收入,,仟元,2016,4579375
16264908,G,營運狀況,營業成本,,仟元,2016,3218702
16264908,G,營運狀況,營業費用,,仟元,2016,360308
16264908,G,營運狀況,淨利,,仟元,2016,998275
84141187,G,營運狀況,營業收入,,仟元,2016,1481603
84141187,G,營運狀況,營業成本,,仟元,2016,1251006
84141187,G,營運狀況,營業費用,,仟元,2016,245528
84141187,G,營運狀況,淨利,,仟元,2016,-49811
28993629,G,營運狀況,營業收入,,仟元,2016,24537398
28993629,G,營運狀況,營業成本,,仟元,2016,22943281
28993629,G,營運狀況,營業費用,,仟元,2016,1274390
28993629,G,營運狀況,淨利,,仟元,2016,496182
46298200,G,營運狀況,營業收入,,仟元,2016,5168161
46298200,G,營運狀況,營業成本,,仟元,2016,4744231
46298200,G,營運狀況,營業費用,,仟元,2016,388555
46298200,G,營運狀況,淨利,,仟元,2016,41617
85898033,G,營運狀況,營業收入,,仟元,2016,1834590
85898033,G,營運狀況,營業成本,,仟元,2016,1429916
85898033,G,營運狀況,營業費用,,仟元,2016,180300
85898033,G,營運狀況,淨利,,仟元,2016,237104
03028404,G,營運狀況,營業收入,,仟元,2016,4289591
03028404,G,營運狀況,營業成本,,仟元,2016,3990011
03028404,G,營運狀況,營業費用,,仟元,2016,178091
03028404,G,營運狀況,淨利,,仟元,2016,83931
04673318,G,營運狀況,營業收入,,仟元,2016,27716626
04673318,G,營運狀況,營業成本,,仟元,2016,19696755
04673318,G,營運狀況,營業費用,,仟元,2016,2324655
04673318,G,營運狀況,淨利,,仟元,2016,3505868
22764965,G,營運狀況,營業收入,,仟元,2016,993800
22764965,G,營運狀況,營業成本,,仟元,2016,729393
22764965,G,營運狀況,營業費用,,仟元,2016,197253
22764965,G,營運狀況,淨利,,仟元,2016,59562
23641822,G,營運狀況,營業收入,,仟元,2016,7446649
23641822,G,營運狀況,營業成本,,仟元,2016,5212454
23641822,G,營運狀況,營業費用,,仟元,2016,1278248
23641822,G,營運狀況,淨利,,仟元,2016,353958
23988653,G,營運狀況,營業收入,,仟元,2016,2023009
23988653,G,營運狀況,營業成本,,仟元,2016,1358972
23988653,G,營運狀況,營業費用,,仟元,2016,271827
23988653,G,營運狀況,淨利,,仟元,2016,269168
04633597,G,營運狀況,營業收入,,仟元,2016,5298462
04633597,G,營運狀況,營業成本,,仟元,2016,3802605
04633597,G,營運狀況,營業費用,,仟元,2016,231274
04633597,G,營運狀況,淨利,,仟元,2016,2779954
04477420,G,營運狀況,營業收入,,仟元,2016,2456238
04477420,G,營運狀況,營業成本,,仟元,2016,1732475
04477420,G,營運狀況,營業費用,,仟元,2016,335114
04477420,G,營運狀況,淨利,,仟元,2016,368519
33428716,G,營運狀況,營業收入,,仟元,2016,862630
33428716,G,營運狀況,營業成本,,仟元,2016,657304
33428716,G,營運狀況,營業費用,,仟元,2016,123140
33428716,G,營運狀況,淨利,,仟元,2016,48508
84466749,G,營運狀況,營業收入,,仟元,2016,2699560
84466749,G,營運狀況,營業成本,,仟元,2016,1942926
84466749,G,營運狀況,營業費用,,仟元,2016,258964
84466749,G,營運狀況,淨利,,仟元,2016,402432
