統編,分類,子分類,項目,來自公司報告,單位,年份,數值
97432341,E,溫室氣體排放,溫室氣體減量目標說明,,,2021,NA
97432341,E,溫室氣體排放,溫室氣體減量承諾,,,2021,未填報
72197621,E,溫室氣體排放,溫室氣體減量目標說明,,,2021,NA
72197621,E,溫室氣體排放,溫室氣體減量承諾,,,2021,未填報
97304042,E,溫室氣體排放,溫室氣體減量目標說明,,,2021,NA
97304042,E,溫室氣體排放,溫室氣體減量承諾,,,2021,未填報
70836411,E,溫室氣體排放,溫室氣體減量目標說明,,,2021,NA
70836411,E,溫室氣體排放,溫室氣體減量承諾,,,2021,未填報
16570131,E,溫室氣體排放,溫室氣體減量目標說明,,,2021,NA
16570131,E,溫室氣體排放,溫室氣體減量承諾,,,2021,未填報
84449952,E,溫室氣體排放,溫室氣體減量目標說明,,,2021,NA
84449952,E,溫室氣體排放,溫室氣體減量承諾,,,2021,未填報
70760897,E,溫室氣體排放,溫室氣體減量目標說明,,,2021,NA
70760897,E,溫室氣體排放,溫室氣體減量承諾,,,2021,未填報
16313696,E,溫室氣體排放,溫室氣體減量目標說明,,,2021,NA
16313696,E,溫室氣體排放,溫室氣體減量承諾,,,2021,未填報
56620559,E,溫室氣體排放,溫室氣體減量目標說明,,,2021,NA
56620559,E,溫室氣體排放,溫室氣體減量承諾,,,2021,未填報
86306206,E,溫室氣體排放,溫室氣體減量目標說明,,,2021,NA
86306206,E,溫室氣體排放,溫室氣體減量承諾,,,2021,未填報
89415241,E,溫室氣體排放,溫室氣體減量目標說明,,,2021,NA
89415241,E,溫室氣體排放,溫室氣體減量承諾,,,2021,未填報
23285106,E,溫室氣體排放,溫室氣體減量目標說明,,,2021,NA
23285106,E,溫室氣體排放,溫室氣體減量承諾,,,2021,未填報
12397982,E,溫室氣體排放,溫室氣體減量目標說明,,,2021,NA
12397982,E,溫室氣體排放,溫室氣體減量承諾,,,2021,未填報
85086859,E,溫室氣體排放,溫室氣體減量目標說明,,,2021,NA
85086859,E,溫室氣體排放,溫室氣體減量承諾,,,2021,未填報
70555349,E,溫室氣體排放,溫室氣體減量目標說明,,,2021,NA
70555349,E,溫室氣體排放,溫室氣體減量承諾,,,2021,未填報
22099982,E,溫室氣體排放,溫室氣體減量目標說明,,,2021,NA
22099982,E,溫室氣體排放,溫室氣體減量承諾,,,2021,未填報
84149006,E,溫室氣體排放,溫室氣體減量目標說明,,,2021,NA
84149006,E,溫室氣體排放,溫室氣體減量承諾,,,2021,未填報
16680539,E,溫室氣體排放,溫室氣體減量目標說明,,,2021,NA
16680539,E,溫室氣體排放,溫室氣體減量承諾,,,2021,未填報
28993894,E,溫室氣體排放,溫室氣體減量目標說明,,,2021,NA
28993894,E,溫室氣體排放,溫室氣體減量承諾,,,2021,未填報
28707338,E,溫室氣體排放,溫室氣體減量目標說明,,,2021,NA
28707338,E,溫室氣體排放,溫室氣體減量承諾,,,2021,未填報
26330076,E,溫室氣體排放,溫室氣體減量目標說明,,,2021,NA
26330076,E,溫室氣體排放,溫室氣體減量承諾,,,2021,未填報
24268870,E,溫室氣體排放,溫室氣體減量目標說明,,,2021,NA
24268870,E,溫室氣體排放,溫室氣體減量承諾,,,2021,未填報
12683520,E,溫室氣體排放,溫室氣體減量目標說明,,,2021,NA
12683520,E,溫室氣體排放,溫室氣體減量承諾,,,2021,未填報
05071926,E,溫室氣體排放,溫室氣體減量目標說明,,,2021,NA
05071926,E,溫室氣體排放,溫室氣體減量承諾,,,2021,未填報
13110677,E,溫室氣體排放,溫室氣體減量目標說明,,,2021,NA
13110677,E,溫室氣體排放,溫室氣體減量承諾,,,2021,未填報
86649006,E,溫室氣體排放,溫室氣體減量目標說明,,,2021,NA
86649006,E,溫室氣體排放,溫室氣體減量承諾,,,2021,未填報
54154754,E,溫室氣體排放,溫室氣體減量目標說明,,,2021,NA
54154754,E,溫室氣體排放,溫室氣體減量承諾,,,2021,未填報
96965874,E,溫室氣體排放,溫室氣體減量目標說明,,,2021,NA
96965874,E,溫室氣體排放,溫室氣體減量承諾,,,2021,未填報
29108260,E,溫室氣體排放,溫室氣體減量目標說明,,,2021,NA
29108260,E,溫室氣體排放,溫室氣體減量承諾,,,2021,未填報
80234971,E,溫室氣體排放,溫室氣體減量目標說明,,,2021,NA
80234971,E,溫室氣體排放,溫室氣體減量承諾,,,2021,未填報
35348007,E,溫室氣體排放,溫室氣體減量目標說明,,,2021,NA
35348007,E,溫室氣體排放,溫室氣體減量承諾,,,2021,未填報
80225425,E,溫室氣體排放,溫室氣體減量目標說明,,,2021,NA
80225425,E,溫室氣體排放,溫室氣體減量承諾,,,2021,未填報
23530966,E,溫室氣體排放,溫室氣體減量目標說明,,,2021,NA
23530966,E,溫室氣體排放,溫室氣體減量承諾,,,2021,未填報
12549828,E,溫室氣體排放,溫室氣體減量目標說明,,,2021,NA
12549828,E,溫室氣體排放,溫室氣體減量承諾,,,2021,未填報
12803476,E,溫室氣體排放,溫室氣體減量目標說明,,,2021,NA
12803476,E,溫室氣體排放,溫室氣體減量承諾,,,2021,未填報
28684877,E,溫室氣體排放,溫室氣體減量目標說明,,,2021,NA
28684877,E,溫室氣體排放,溫室氣體減量承諾,,,2021,未填報
54021973,E,溫室氣體排放,溫室氣體減量目標說明,,,2021,NA
54021973,E,溫室氣體排放,溫室氣體減量承諾,,,2021,未填報
23024594,E,溫室氣體排放,溫室氣體減量目標說明,,,2021,NA
23024594,E,溫室氣體排放,溫室氣體減量承諾,,,2021,未填報
54150856,E,溫室氣體排放,溫室氣體減量目標說明,,,2021,NA
54150856,E,溫室氣體排放,溫室氣體減量承諾,,,2021,未填報
80167706,E,溫室氣體排放,溫室氣體減量目標說明,,,2021,NA
80167706,E,溫室氣體排放,溫室氣體減量承諾,,,2021,未填報
12663974,E,溫室氣體排放,溫室氣體減量目標說明,,,2021,NA
12663974,E,溫室氣體排放,溫室氣體減量承諾,,,2021,未填報
53943057,E,溫室氣體排放,溫室氣體減量目標說明,,,2021,NA
53943057,E,溫室氣體排放,溫室氣體減量承諾,,,2021,未填報
29135647,E,溫室氣體排放,溫室氣體減量目標說明,,,2021,NA
29135647,E,溫室氣體排放,溫室氣體減量承諾,,,2021,未填報
54165507,E,溫室氣體排放,溫室氣體減量目標說明,,,2021,NA
54165507,E,溫室氣體排放,溫室氣體減量承諾,,,2021,未填報
54150737,E,溫室氣體排放,溫室氣體減量目標說明,,,2021,NA
54150737,E,溫室氣體排放,溫室氣體減量承諾,,,2021,未填報
28113167,E,溫室氣體排放,溫室氣體減量目標說明,,,2021,NA
28113167,E,溫室氣體排放,溫室氣體減量承諾,,,2021,未填報
80158777,E,溫室氣體排放,溫室氣體減量目標說明,,,2021,NA
80158777,E,溫室氣體排放,溫室氣體減量承諾,,,2021,未填報
24347235,E,溫室氣體排放,溫室氣體減量目標說明,,,2021,NA
24347235,E,溫室氣體排放,溫室氣體減量承諾,,,2021,未填報
60274720,E,溫室氣體排放,溫室氣體減量目標說明,,,2021,NA
60274720,E,溫室氣體排放,溫室氣體減量承諾,,,2021,未填報
27491562,E,溫室氣體排放,溫室氣體減量目標說明,,,2021,NA
27491562,E,溫室氣體排放,溫室氣體減量承諾,,,2021,未填報
25098389,E,溫室氣體排放,溫室氣體減量目標說明,,,2021,NA
25098389,E,溫室氣體排放,溫室氣體減量承諾,,,2021,未填報
22743619,E,溫室氣體排放,溫室氣體減量目標說明,,,2021,NA
22743619,E,溫室氣體排放,溫室氣體減量承諾,,,2021,未填報
53093421,E,溫室氣體排放,溫室氣體減量目標說明,,,2021,NA
53093421,E,溫室氣體排放,溫室氣體減量承諾,,,2021,未填報
80264691,E,溫室氣體排放,溫室氣體減量目標說明,,,2021,●短期目標：過去兩年度(109-110年)本公司二氧化碳排放總量分別為31.71、29.02公噸，人均量 1.02、0.91公噸，目標為每年減少5%以上的二氧化碳排放人均量。110年度二氧化碳排放人均量為0.91公噸，與前一年度相比，二氧化碳排放人均量減少10.8%。。●中期目標：實施溫室氣體盤查，建立減量基準年。●中期目標：邁向淨零碳排企業。
80264691,E,溫室氣體排放,溫室氣體減量承諾,,,2021,有淨零目標無減碳目標
03088802,E,溫室氣體排放,溫室氣體減量目標說明,,,2021,NA
03088802,E,溫室氣體排放,溫室氣體減量承諾,,,2021,未填報
16130182,E,溫室氣體排放,溫室氣體減量目標說明,,,2021,NA
16130182,E,溫室氣體排放,溫室氣體減量承諾,,,2021,未填報
42042734,E,溫室氣體排放,溫室氣體減量目標說明,,,2021,NA
42042734,E,溫室氣體排放,溫室氣體減量承諾,,,2021,未填報
52347361,E,溫室氣體排放,溫室氣體減量目標說明,,,2021,NA
52347361,E,溫室氣體排放,溫室氣體減量承諾,,,2021,未填報
69275313,E,溫室氣體排放,溫室氣體減量目標說明,,,2021,NA
69275313,E,溫室氣體排放,溫室氣體減量承諾,,,2021,未填報
04742997,E,溫室氣體排放,溫室氣體減量目標說明,,,2021,NA
04742997,E,溫室氣體排放,溫室氣體減量承諾,,,2021,未填報
16749811,E,溫室氣體排放,溫室氣體減量目標說明,,,2021,NA
16749811,E,溫室氣體排放,溫室氣體減量承諾,,,2021,未填報
13159100,E,溫室氣體排放,溫室氣體減量目標說明,,,2021,NA
13159100,E,溫室氣體排放,溫室氣體減量承諾,,,2021,未填報
11456110,E,溫室氣體排放,溫室氣體減量目標說明,,,2021,NA
11456110,E,溫室氣體排放,溫室氣體減量承諾,,,2021,未填報
12715847,E,溫室氣體排放,溫室氣體減量目標說明,,,2021,NA
12715847,E,溫室氣體排放,溫室氣體減量承諾,,,2021,未填報
53004906,E,溫室氣體排放,溫室氣體減量目標說明,,,2021,NA
53004906,E,溫室氣體排放,溫室氣體減量承諾,,,2021,未填報
38488868,E,溫室氣體排放,溫室氣體減量目標說明,,,2021,NA
38488868,E,溫室氣體排放,溫室氣體減量承諾,,,2021,未填報
33259508,E,溫室氣體排放,溫室氣體減量目標說明,,,2021,NA
33259508,E,溫室氣體排放,溫室氣體減量承諾,,,2021,未填報
42527358,E,溫室氣體排放,溫室氣體減量目標說明,,,2021,NA
42527358,E,溫室氣體排放,溫室氣體減量承諾,,,2021,未填報
27453928,E,溫室氣體排放,溫室氣體減量目標說明,,,2021,NA
27453928,E,溫室氣體排放,溫室氣體減量承諾,,,2021,未填報
24483414,E,溫室氣體排放,溫室氣體減量目標說明,,,2021,NA
24483414,E,溫室氣體排放,溫室氣體減量承諾,,,2021,未填報
80310225,E,溫室氣體排放,溫室氣體減量目標說明,,,2021,NA
80310225,E,溫室氣體排放,溫室氣體減量承諾,,,2021,未填報
11821341,E,溫室氣體排放,溫室氣體減量目標說明,,,2021,●短期目標：111年較110年節電1.2%、111年起導入ISO 14064-1溫室氣體盤查標準並通過驗證、111年擬訂積極的節電與減碳計畫。●中期目標：逐年提高減少碳排放之目標值●長期目標：以111年為基準年，114 年排碳量減少10%以上
11821341,E,溫室氣體排放,溫室氣體減量承諾,,,2021,有減碳目標
47154259,E,溫室氣體排放,溫室氣體減量目標說明,,,2021,目標每年均能達成較前一年溫室氣體排放量減少1~2%。
47154259,E,溫室氣體排放,溫室氣體減量承諾,,,2021,有減碳目標
20765714,E,溫室氣體排放,溫室氣體減量目標說明,,,2021,本公司為持續推動國際減量趨勢，透過每年環境考量面鑑別評估持續進行各種節電節能措施，監控溫室氣體排放量，同時致力於減少溫室氣體的產生，設定自111年至115年達成溫室氣體排放降低5%為目標，並於5年期滿後重新檢討，為下一階段減量目標預作準備。
20765714,E,溫室氣體排放,溫室氣體減量承諾,,,2021,有減碳目標
41181265,E,溫室氣體排放,溫室氣體減量目標說明,,,2021,NA
41181265,E,溫室氣體排放,溫室氣體減量承諾,,,2021,未填報
24797816,E,溫室氣體排放,溫室氣體減量目標說明,,,2021,NA
24797816,E,溫室氣體排放,溫室氣體減量承諾,,,2021,未填報
80527809,E,溫室氣體排放,溫室氣體減量目標說明,,,2021,本公司致力於減少溫室氣體的產生，設定自111年至115年達成溫室氣體排放降低1%為目標，並於5年期滿後重新檢討，為下一階段減量目標預作準備。
80527809,E,溫室氣體排放,溫室氣體減量承諾,,,2021,有減碳目標
42545659,E,溫室氣體排放,溫室氣體減量目標說明,,,2021,NA
42545659,E,溫室氣體排放,溫室氣體減量承諾,,,2021,未填報
28113005,E,溫室氣體排放,溫室氣體減量目標說明,,,2021,NA
28113005,E,溫室氣體排放,溫室氣體減量承諾,,,2021,未填報
29118865,E,溫室氣體排放,溫室氣體減量目標說明,,,2021,本公司係以最近一期110年為基準預定在111年邁向人均減量1%之目標。
29118865,E,溫室氣體排放,溫室氣體減量承諾,,,2021,有減碳目標
84659035,E,溫室氣體排放,溫室氣體減量目標說明,,,2021,110年較109年減少約4%之碳排放量，公司教育人員使用室內空調之溫度標準，以達節能減碳目的，期望每年可以降低1-2%之氣體排放量。
84659035,E,溫室氣體排放,溫室氣體減量承諾,,,2021,有減碳目標
53710986,E,溫室氣體排放,溫室氣體減量目標說明,,,2021,未來將優先購置符合節能標章或同等級高效率之水、電器具或設備產品，效率較低之老舊空調及耗水設備將逐步汰舊換新。密切掌握每期用水、用電之費用，發現異常增加時，即追蹤發生的原因，並即時檢討改善。未來亦將持續統計全公司每年度溫室氣體排放量，依照排放量變化情形制定減碳政策，以五年內總排放量減低1%為目標。
53710986,E,溫室氣體排放,溫室氣體減量承諾,,,2021,有減碳目標
16130471,E,溫室氣體排放,溫室氣體減量目標說明,,,2021,目標為主要溫室氣體排放來源之電力使用每年減少1%，致力達成低污染、低能耗之環境友善政策。公司目前針對電能之減量來降間接排放之溫室氣體數量。以2019年為基準，到2035年，從工廠到最終物流，溫室氣體排放總量減少30%。工廠可以依據自身實際情況調整資料基準年，但目標年份需保持同步。因此各工廠需著手進 行基礎資料收集並建立減排目標計畫。
16130471,E,溫室氣體排放,溫室氣體減量承諾,,,2021,有減碳目標
80563852,E,溫室氣體排放,溫室氣體減量目標說明,,,2021,A.節能減碳部分，本公司設定關於節能減碳未來量化管理目標，即依據本公司2020年之CO2排放量(公斤/坪)為基準，以排放總量(公斤)為目標(公斤/坪*使用坪數)，挑戰2025年前再降低總量5%之階段性目標。B.水資源管理部分，本公司為善盡社會責任及因應全球水資源短缺議題，以2020年為基準年，在2025 年前將挑戰整體用水量(噸)下降5%之階段性目標，期以具體行動，與全球企業共同面對氣候變遷的挑戰。C.廢棄物減量部分，將以2019年之廢棄物產量(公斤)為基準，挑戰2025年前下降5%之階段性減量目標。
80563852,E,溫室氣體排放,溫室氣體減量承諾,,,2021,有減碳目標
12292039,E,溫室氣體排放,溫室氣體減量目標說明,,,2021,大江生醫已響應國際知名科學碳目標減量倡議(SBTi)，公司承諾以2018年為基準年，2030年範疇一、二排放量絕對減量51%，範疇三的「購買商品與服務」減量15%。公司預計2040年達到淨零排放。
12292039,E,溫室氣體排放,溫室氣體減量承諾,,,2021,有減碳目標
22195654,E,溫室氣體排放,溫室氣體減量目標說明,,,2021,將規劃以2024年為基準年，進行碳盤查，再訂定每年的減量目標。
22195654,E,溫室氣體排放,溫室氣體減量承諾,,,2021,無目標
23161816,E,溫室氣體排放,溫室氣體減量目標說明,,,2021,無統計數據可茲研擬
23161816,E,溫室氣體排放,溫室氣體減量承諾,,,2021,無目標
23348952,E,溫室氣體排放,溫室氣體減量目標說明,,,2021,本公司業績持續成長中，將以人年均碳排放量逐年遞減為目標。
23348952,E,溫室氣體排放,溫室氣體減量承諾,,,2021,無目標
84926791,E,溫室氣體排放,溫室氣體減量目標說明,,,2021,本公司為持續推動國際減量趨勢，透過每年環境考量面鑑別評估持續進行各種節電節能措施，監控溫室氣體排放量，同時致力於減少溫室氣體的產生。設定110年溫室氣體排放密集度0.2132公噸CO2e/百萬營業額為基準年，逐年達成溫室氣體排放密集度降低目標。本公司致力於提升各項資源之利用效能，有效管理產出之各類廢棄物與資源回收物，並持續改善，以降低對環境之衝擊。
84926791,E,溫室氣體排放,溫室氣體減量承諾,,,2021,無目標
23751545,E,溫室氣體排放,溫室氣體減量目標說明,,,2021,"短程:2020~2026:每年平均減量800,000KG中程:2027~2031:每年平均減量900,000KG長程:2032年以後:每年平均見諒950,000KG"
23751545,E,溫室氣體排放,溫室氣體減量承諾,,,2021,有減碳目標
71122503,E,溫室氣體排放,溫室氣體減量目標說明,,,2021,生達公司設定的減量目標為每年減少1%的溫室氣體排放，並且積極宣導及持續推動。
71122503,E,溫室氣體排放,溫室氣體減量承諾,,,2021,有減碳目標
16130161,E,溫室氣體排放,溫室氣體減量目標說明,,,2021,為有效管控溫室氣體排放量，與電力使用有關的範疇二溫室氣體排放量透過節電及更換能源系統策略，以彌補與生產操作因素有關的範疇一溫室氣體排放量的增加，期透過完善的管理與控制溫室氣體的排放源，力求逐年降低二氧化碳的年排放量。配合國際藥廠Novartis對Supply Chain的環保策略目標，本公司以2018年為基準年(排放量為2.60萬公噸)，在兼顧公司生產目標下符合國際對節能減碳的需求，每年溫室氣體排放量減少以約1%～2%為目標，在公司「永續發展委員會」致力推動節能減碳的目標下，持續推動各項節能減碳措施。
16130161,E,溫室氣體排放,溫室氣體減量承諾,,,2021,有減碳目標
43199950,E,溫室氣體排放,溫室氣體減量目標說明,,,2021,尚未進行。
43199950,E,溫室氣體排放,溫室氣體減量承諾,,,2021,無目標
23123644,E,溫室氣體排放,溫室氣體減量目標說明,,,2021,待規劃。
23123644,E,溫室氣體排放,溫室氣體減量承諾,,,2021,無目標
18606304,E,溫室氣體排放,溫室氣體減量目標說明,,,2021,尚未進行。
18606304,E,溫室氣體排放,溫室氣體減量承諾,,,2021,無目標
89376900,E,溫室氣體排放,溫室氣體減量目標說明,,,2021,無資料
89376900,E,溫室氣體排放,溫室氣體減量承諾,,,2021,無目標
31982484,E,溫室氣體排放,溫室氣體減量目標說明,,,2021,本公司溫室氣體排放透過日常節約能源使用為方向，鼓勵員工從日常生活中做起，以減輕對環境的衝擊。
31982484,E,溫室氣體排放,溫室氣體減量承諾,,,2021,無目標
16930971,E,溫室氣體排放,溫室氣體減量目標說明,,,2021,本公司為因應國際溫室氣體減量之趨勢，將持續進行各種節電節能措施，預期在員工人數與營業額持續增加情形下，追求整體溫室氣體排放量維持不變，甚而減量，以使溫室氣體排放量與營業額比率逐年下降，達到溫室氣體排放率實質減低之目標。
16930971,E,溫室氣體排放,溫室氣體減量承諾,,,2021,無目標
80642673,E,溫室氣體排放,溫室氣體減量目標說明,,,2021,本公司除配合政府節能減碳政策，並依營運目標及計畫，推動節能相關措施，以降低溫室氣體排放量。
80642673,E,溫室氣體排放,溫室氣體減量承諾,,,2021,無目標
80064027,E,溫室氣體排放,溫室氣體減量目標說明,,,2021,待規劃
80064027,E,溫室氣體排放,溫室氣體減量承諾,,,2021,無目標
24316471,E,溫室氣體排放,溫室氣體減量目標說明,,,2021,規劃中尚未具體評估。
24316471,E,溫室氣體排放,溫室氣體減量承諾,,,2021,無目標
12905993,E,溫室氣體排放,溫室氣體減量目標說明,,,2021,N/A
12905993,E,溫室氣體排放,溫室氣體減量承諾,,,2021,無目標
12744147,E,溫室氣體排放,溫室氣體減量目標說明,,,2021,年度排放總量與產能及員工人數相關，將以排放量逐年遞減為目標。
12744147,E,溫室氣體排放,溫室氣體減量承諾,,,2021,無目標
16584326,E,溫室氣體排放,溫室氣體減量目標說明,,,2021,"本公司2021年與2020年相比較，總產值成長約10.2%，但總體耗能卻比前年度只成長1.39%依相對比例減少約8.81%，換算2021年排碳總量(110年碳排放係數0.509kg/kw)，總減少碳排放量約224,080kg，往後目標將訂定總耗能(當年度與前年度增減)比較總產值(當年度與前年度增減)試算碳排放量，希望能逐年減少總量為目標。"
16584326,E,溫室氣體排放,溫室氣體減量承諾,,,2021,無目標
09906168,E,溫室氣體排放,溫室氣體減量目標說明,,,2021,尚未盤查排放量，故暫無減量目標
09906168,E,溫室氣體排放,溫室氣體減量承諾,,,2021,無目標
70557655,E,溫室氣體排放,溫室氣體減量目標說明,,,2021,本公司將持續統計全公司每年度溫室氣體排放量及配合政府法規持續推動溫室氣體盤查，排放量減量目標尚未訂定。
70557655,E,溫室氣體排放,溫室氣體減量承諾,,,2021,無目標
53104031,E,溫室氣體排放,溫室氣體減量目標說明,,,2021,公司已統計過去兩年溫室氣體排放量、用水量及廢棄物總重量，目前透過定期檢視、節能成效追蹤及改善作業導入等持續提升產線能源效率，逐步推展廠內節能的措施與設備，並請廠內同仁齊心努力，要求節約用水用電之生活習慣養成，以減少能源浪費為首要目標。
53104031,E,溫室氣體排放,溫室氣體減量承諾,,,2021,無目標
25057697,E,溫室氣體排放,溫室氣體減量目標說明,,,2021,公司主要之溫室氣體排放來源為電力之使用，電力使用主要來自於辦公設備、照明、空調設備需求等，年度排放總量原則上與工作日數及員工人數成正相關，不易設定減量目標，將透過導入節能設備並鼓勵員工從日常生活中做起，減少非必要的能源使用。
25057697,E,溫室氣體排放,溫室氣體減量承諾,,,2021,無目標
80281973,E,溫室氣體排放,溫室氣體減量目標說明,,,2021,無統計溫室氣體排放量。
80281973,E,溫室氣體排放,溫室氣體減量承諾,,,2021,無目標
54008079,E,溫室氣體排放,溫室氣體減量目標說明,,,2021,規劃中。
54008079,E,溫室氣體排放,溫室氣體減量承諾,,,2021,無目標
12862410,E,溫室氣體排放,溫室氣體減量目標說明,,,2021,本公司目前尚未制定溫室氣體排放量減量目標，未來將視情況改善。
12862410,E,溫室氣體排放,溫室氣體減量承諾,,,2021,無目標
42404010,E,溫室氣體排放,溫室氣體減量目標說明,,,2021,本公司目前尚未針對溫室氣體排放量減量制定目標，未來將逐步改善。
42404010,E,溫室氣體排放,溫室氣體減量承諾,,,2021,無目標
04342697,E,溫室氣體排放,溫室氣體減量目標說明,,,2021,本公司主要之溫室氣體排放主要來源為電力使用，本公司將從日常生活中節能，減少非必要的浪費。
04342697,E,溫室氣體排放,溫室氣體減量承諾,,,2021,無目標
27473348,E,溫室氣體排放,溫室氣體減量目標說明,,,2021,總用電度數較前一年度下降1%
27473348,E,溫室氣體排放,溫室氣體減量承諾,,,2021,僅有節電承諾
47423851,E,溫室氣體排放,溫室氣體減量目標說明,,,2021,本公司將透過完善的管理與控制溫室氣體的排放源，以期未來逐年降低溫室氣體的排放量5%。
47423851,E,溫室氣體排放,溫室氣體減量承諾,,,2021,有減碳目標
25021158,E,溫室氣體排放,溫室氣體減量目標說明,,,2021,以民國一○八年為基準年，目標民國一一一年每單位產品排放量較基準年下降20%。
25021158,E,溫室氣體排放,溫室氣體減量承諾,,,2021,有減碳目標
11880517,E,溫室氣體排放,溫室氣體減量目標說明,,,2021,2022年導入ISO 14064溫室氣體盤查系統進行全面盤查，預計於2023年取得驗證後，訂定相關減量目標。
11880517,E,溫室氣體排放,溫室氣體減量承諾,,,2021,無目標
14089976,E,溫室氣體排放,溫室氣體減量目標說明,,,2021,規劃中尚未具體評估。
14089976,E,溫室氣體排放,溫室氣體減量承諾,,,2021,無目標
22854522,E,溫室氣體排放,溫室氣體減量目標說明,,,2021,在員工人數持續增加情形下，追求整體用量不等比例提升，設定目標為維持前一年相同用量，甚而減量。
22854522,E,溫室氣體排放,溫室氣體減量承諾,,,2021,無目標
23632773,E,溫室氣體排放,溫室氣體減量目標說明,,,2021,本公司依據上市櫃永續發路徑圖進行溫室氣體盤查的規劃與執行，並定期向董事會報告永續發展推動規劃與進度，未來將依據盤查結果與討論訂定減碳目標。
23632773,E,溫室氣體排放,溫室氣體減量承諾,,,2021,無目標
16766281,E,溫室氣體排放,溫室氣體減量目標說明,,,2021,規劃中尚未具體評估。
16766281,E,溫室氣體排放,溫室氣體減量承諾,,,2021,無目標
22662545,E,溫室氣體排放,溫室氣體減量目標說明,,,2021,"本公司依溫室氣體排放係數換算二氧化碳約當排放量，109年二氧化碳排放量約16,805噸，但110年因火災事故影響無法生產，故二氧化碳排放量大幅減少，僅約1,667噸。"
22662545,E,溫室氣體排放,溫室氣體減量承諾,,,2021,無目標
12974421,E,溫室氣體排放,溫室氣體減量目標說明,,,2021,本公司二氧化碳排放主要來自於廠辦設備電力使用，因此以節約用電、減少廢棄物及廢物再利用為目標，藉由製程、包裝改善等管理措施，落實減少製造廢棄物，讓碳排放量逐年遞減為努力方向，達到溫室氣體排放量減量的目標。
12974421,E,溫室氣體排放,溫室氣體減量承諾,,,2021,無目標
96922622,E,溫室氣體排放,溫室氣體減量目標說明,,,2021,本公司溫室氣體排放透過節能政策、節能計畫的制訂與節能設施、設備運轉，鼓勵員工從日常生活中做起，以減輕對環境的衝擊。
96922622,E,溫室氣體排放,溫室氣體減量承諾,,,2021,無目標
24792045,E,溫室氣體排放,溫室氣體減量目標說明,,,2021,尚無資料
24792045,E,溫室氣體排放,溫室氣體減量承諾,,,2021,無目標
82230260,E,溫室氣體排放,溫室氣體減量目標說明,,,2021,本公司主要之溫室氣體排放來源為電力使用，又因電力使用主要來自於辦公照明、空調設備、產品測試驗證需求等，且年度排放總量與產品數及員工人數成正相關，不易設定相關減量目標。將透過管理單位導入節能設施、設備並鼓勵員工從日常生活中做起，減少非必要的浪費。
82230260,E,溫室氣體排放,溫室氣體減量承諾,,,2021,無目標
03088704,E,溫室氣體排放,溫室氣體減量目標說明,,,2021,本公司採用低污染燃料，以天然氣鍋爐取代重油鍋爐，並持續推動節能減碳政策及各項節能計畫，訂定逐年用電量減少1%以上為能源目標。
03088704,E,溫室氣體排放,溫室氣體減量承諾,,,2021,僅有節電承諾
11880517,E,空氣污染物申報-一般空氣污染物,氮氧化物,,,2009,2.68
11880517,E,空氣污染物申報-一般空氣污染物,硫氧化物,,,2009,4.52
11880517,E,空氣污染物申報-一般空氣污染物,粒狀污染物,,,2009,0.08
14089976,E,空氣污染物申報-一般空氣污染物,氮氧化物,,,2009,0.162
14089976,E,空氣污染物申報-一般空氣污染物,硫氧化物,,,2009,0.008
14089976,E,空氣污染物申報-一般空氣污染物,揮發性有機化合物,,,2009,1.0419999999999998
16130161,E,空氣污染物申報-一般空氣污染物,氮氧化物,,,2009,2.94
16130161,E,空氣污染物申報-一般空氣污染物,硫氧化物,,,2009,4.239
16130161,E,空氣污染物申報-一般空氣污染物,粒狀污染物,,,2009,0.378
16130161,E,空氣污染物申報-一般空氣污染物,揮發性有機化合物,,,2009,9.274
16130471,E,空氣污染物申報-一般空氣污染物,氮氧化物,,,2009,2.445
16130471,E,空氣污染物申報-一般空氣污染物,硫氧化物,,,2009,3.5239999999999996
16130471,E,空氣污染物申報-一般空氣污染物,揮發性有機化合物,,,2009,0.23
22662545,E,空氣污染物申報-一般空氣污染物,氮氧化物,,,2009,7.032
22662545,E,空氣污染物申報-一般空氣污染物,硫氧化物,,,2009,7.704000000000001
22662545,E,空氣污染物申報-一般空氣污染物,粒狀污染物,,,2009,0.717
22662545,E,空氣污染物申報-一般空氣污染物,揮發性有機化合物,,,2009,30.809
23243578,E,空氣污染物申報-一般空氣污染物,揮發性有機化合物,,,2009,0.613
24626617,E,空氣污染物申報-一般空氣污染物,氮氧化物,,,2009,0.8160000000000001
24626617,E,空氣污染物申報-一般空氣污染物,硫氧化物,,,2009,1.176
28924399,E,空氣污染物申報-一般空氣污染物,氮氧化物,,,2009,0.33699999999999997
28924399,E,空氣污染物申報-一般空氣污染物,硫氧化物,,,2009,0.013000000000000001
33259508,E,空氣污染物申報-一般空氣污染物,氮氧化物,,,2009,0.10300000000000001
33259508,E,空氣污染物申報-一般空氣污染物,硫氧化物,,,2009,0.135
33259508,E,空氣污染物申報-一般空氣污染物,揮發性有機化合物,,,2009,0.16999999999999998
35348007,E,空氣污染物申報-一般空氣污染物,氮氧化物,,,2009,0.265
35348007,E,空氣污染物申報-一般空氣污染物,硫氧化物,,,2009,0.38
42042734,E,空氣污染物申報-一般空氣污染物,氮氧化物,,,2009,2.934
42042734,E,空氣污染物申報-一般空氣污染物,硫氧化物,,,2009,4.199
42042734,E,空氣污染物申報-一般空氣污染物,揮發性有機化合物,,,2009,0.007
43199950,E,空氣污染物申報-一般空氣污染物,揮發性有機化合物,,,2009,7.1
43211700,E,空氣污染物申報-一般空氣污染物,氮氧化物,,,2009,4.913
43211700,E,空氣污染物申報-一般空氣污染物,硫氧化物,,,2009,4.675
43211700,E,空氣污染物申報-一般空氣污染物,粒狀污染物,,,2009,1.089
43211700,E,空氣污染物申報-一般空氣污染物,揮發性有機化合物,,,2009,0.155
47154259,E,空氣污染物申報-一般空氣污染物,氮氧化物,,,2009,2.988
47154259,E,空氣污染物申報-一般空氣污染物,硫氧化物,,,2009,3.66
47154259,E,空氣污染物申報-一般空氣污染物,粒狀污染物,,,2009,0.142
52347361,E,空氣污染物申報-一般空氣污染物,粒狀污染物,,,2009,0.006
52347361,E,空氣污染物申報-一般空氣污染物,揮發性有機化合物,,,2009,10.337
56065601,E,空氣污染物申報-一般空氣污染物,氮氧化物,,,2009,2.41
56065601,E,空氣污染物申報-一般空氣污染物,硫氧化物,,,2009,3.132
56065601,E,空氣污染物申報-一般空氣污染物,粒狀污染物,,,2009,0.159
56065601,E,空氣污染物申報-一般空氣污染物,揮發性有機化合物,,,2009,0.21100000000000002
56620559,E,空氣污染物申報-一般空氣污染物,氮氧化物,,,2009,1.052
56620559,E,空氣污染物申報-一般空氣污染物,硫氧化物,,,2009,1.516
56620559,E,空氣污染物申報-一般空氣污染物,揮發性有機化合物,,,2009,27.247
69275313,E,空氣污染物申報-一般空氣污染物,氮氧化物,,,2009,2.499
69275313,E,空氣污染物申報-一般空氣污染物,硫氧化物,,,2009,4.988
69275313,E,空氣污染物申報-一般空氣污染物,粒狀污染物,,,2009,1.31
71122503,E,空氣污染物申報-一般空氣污染物,氮氧化物,,,2009,3.4930000000000003
71122503,E,空氣污染物申報-一般空氣污染物,硫氧化物,,,2009,5.036
71122503,E,空氣污染物申報-一般空氣污染物,揮發性有機化合物,,,2009,3.9989999999999997
72082135,E,空氣污染物申報-一般空氣污染物,氮氧化物,,,2009,0.21300000000000002
72082135,E,空氣污染物申報-一般空氣污染物,硫氧化物,,,2009,0.302
72197621,E,空氣污染物申報-一般空氣污染物,氮氧化物,,,2009,0.375
72197621,E,空氣污染物申報-一般空氣污染物,硫氧化物,,,2009,0.42
72197621,E,空氣污染物申報-一般空氣污染物,粒狀污染物,,,2009,0.079
72197621,E,空氣污染物申報-一般空氣污染物,揮發性有機化合物,,,2009,2.067
80310225,E,空氣污染物申報-一般空氣污染物,揮發性有機化合物,,,2009,0.576
80642673,E,空氣污染物申報-一般空氣污染物,揮發性有機化合物,,,2009,0.14700000000000002
81002274,E,空氣污染物申報-一般空氣污染物,氮氧化物,,,2009,0.396
81002274,E,空氣污染物申報-一般空氣污染物,硫氧化物,,,2009,0.5700000000000001
84149006,E,空氣污染物申報-一般空氣污染物,氮氧化物,,,2009,0.591
84149006,E,空氣污染物申報-一般空氣污染物,硫氧化物,,,2009,0.8519999999999999
86306206,E,空氣污染物申報-一般空氣污染物,氮氧化物,,,2009,0.106
86306206,E,空氣污染物申報-一般空氣污染物,硫氧化物,,,2009,0.152
86306206,E,空氣污染物申報-一般空氣污染物,揮發性有機化合物,,,2009,9.244
96922622,E,空氣污染物申報-一般空氣污染物,氮氧化物,,,2009,3.978
96922622,E,空氣污染物申報-一般空氣污染物,硫氧化物,,,2009,5.773
96922622,E,空氣污染物申報-一般空氣污染物,揮發性有機化合物,,,2009,1.46
03088704,E,空氣污染物申報-一般空氣污染物,氮氧化物,,,2009,14.609999999999998
03088704,E,空氣污染物申報-一般空氣污染物,硫氧化物,,,2009,19.208000000000002
03088704,E,空氣污染物申報-一般空氣污染物,粒狀污染物,,,2009,7.0440000000000005
03088704,E,空氣污染物申報-一般空氣污染物,揮發性有機化合物,,,2009,58.93700000000001
03088802,E,空氣污染物申報-一般空氣污染物,氮氧化物,,,2009,15.121999999999998
03088802,E,空氣污染物申報-一般空氣污染物,硫氧化物,,,2009,18.389999999999997
03088802,E,空氣污染物申報-一般空氣污染物,粒狀污染物,,,2009,1.4229999999999998
03088802,E,空氣污染物申報-一般空氣污染物,揮發性有機化合物,,,2009,5.551
11456110,E,空氣污染物申報-一般空氣污染物,氮氧化物,,,2010,0.056
11456110,E,空氣污染物申報-一般空氣污染物,硫氧化物,,,2010,0.208
11880517,E,空氣污染物申報-一般空氣污染物,氮氧化物,,,2010,4.984
11880517,E,空氣污染物申報-一般空氣污染物,硫氧化物,,,2010,8.366
12397982,E,空氣污染物申報-一般空氣污染物,氮氧化物,,,2010,0.19
12397982,E,空氣污染物申報-一般空氣污染物,硫氧化物,,,2010,0.005
12715847,E,空氣污染物申報-一般空氣污染物,氮氧化物,,,2010,0.252
12715847,E,空氣污染物申報-一般空氣污染物,揮發性有機化合物,,,2010,0.872
12971536,E,空氣污染物申報-一般空氣污染物,氮氧化物,,,2010,0.368
12971536,E,空氣污染物申報-一般空氣污染物,硫氧化物,,,2010,0.532
12971536,E,空氣污染物申報-一般空氣污染物,粒狀污染物,,,2010,4.806
12971536,E,空氣污染物申報-一般空氣污染物,揮發性有機化合物,,,2010,0.004
14089976,E,空氣污染物申報-一般空氣污染物,氮氧化物,,,2010,0.033
14089976,E,空氣污染物申報-一般空氣污染物,硫氧化物,,,2010,0.001
14089976,E,空氣污染物申報-一般空氣污染物,揮發性有機化合物,,,2010,0.001
16130161,E,空氣污染物申報-一般空氣污染物,氮氧化物,,,2010,4.909
16130161,E,空氣污染物申報-一般空氣污染物,硫氧化物,,,2010,7.079000000000001
16130161,E,空氣污染物申報-一般空氣污染物,粒狀污染物,,,2010,0.623
16130161,E,空氣污染物申報-一般空氣污染物,揮發性有機化合物,,,2010,15.004
16130471,E,空氣污染物申報-一般空氣污染物,氮氧化物,,,2010,3.423
16130471,E,空氣污染物申報-一般空氣污染物,硫氧化物,,,2010,4.9399999999999995
16130471,E,空氣污染物申報-一般空氣污染物,揮發性有機化合物,,,2010,0.309
16549813,E,空氣污染物申報-一般空氣污染物,氮氧化物,,,2010,0.133
16549813,E,空氣污染物申報-一般空氣污染物,硫氧化物,,,2010,0.007
16549813,E,空氣污染物申報-一般空氣污染物,揮發性有機化合物,,,2010,6.222
22662545,E,空氣污染物申報-一般空氣污染物,氮氧化物,,,2010,6.9830000000000005
22662545,E,空氣污染物申報-一般空氣污染物,硫氧化物,,,2010,7.112
22662545,E,空氣污染物申報-一般空氣污染物,粒狀污染物,,,2010,2.917
22662545,E,空氣污染物申報-一般空氣污染物,揮發性有機化合物,,,2010,24.78
23243578,E,空氣污染物申報-一般空氣污染物,揮發性有機化合物,,,2010,0.206
24626617,E,空氣污染物申報-一般空氣污染物,氮氧化物,,,2010,2.901
24626617,E,空氣污染物申報-一般空氣污染物,硫氧化物,,,2010,4.183
28924399,E,空氣污染物申報-一般空氣污染物,氮氧化物,,,2010,0.40199999999999997
28924399,E,空氣污染物申報-一般空氣污染物,硫氧化物,,,2010,0.003
33259508,E,空氣污染物申報-一般空氣污染物,氮氧化物,,,2010,1.066
33259508,E,空氣污染物申報-一般空氣污染物,硫氧化物,,,2010,0.053
33259508,E,空氣污染物申報-一般空氣污染物,揮發性有機化合物,,,2010,1.333
35348007,E,空氣污染物申報-一般空氣污染物,氮氧化物,,,2010,0.619
35348007,E,空氣污染物申報-一般空氣污染物,硫氧化物,,,2010,0.894
35348007,E,空氣污染物申報-一般空氣污染物,揮發性有機化合物,,,2010,7.9270000000000005
42042734,E,空氣污染物申報-一般空氣污染物,氮氧化物,,,2010,1.076
42042734,E,空氣污染物申報-一般空氣污染物,硫氧化物,,,2010,1.495
42042734,E,空氣污染物申報-一般空氣污染物,揮發性有機化合物,,,2010,0.003
43199950,E,空氣污染物申報-一般空氣污染物,揮發性有機化合物,,,2010,17.860000000000003
43211700,E,空氣污染物申報-一般空氣污染物,氮氧化物,,,2010,5.505
43211700,E,空氣污染物申報-一般空氣污染物,硫氧化物,,,2010,6.4559999999999995
43211700,E,空氣污染物申報-一般空氣污染物,粒狀污染物,,,2010,1.68
43211700,E,空氣污染物申報-一般空氣污染物,揮發性有機化合物,,,2010,0.241
47154259,E,空氣污染物申報-一般空氣污染物,氮氧化物,,,2010,14.062999999999999
47154259,E,空氣污染物申報-一般空氣污染物,硫氧化物,,,2010,17.270000000000003
47154259,E,空氣污染物申報-一般空氣污染物,粒狀污染物,,,2010,1.6029999999999998
52347361,E,空氣污染物申報-一般空氣污染物,氮氧化物,,,2010,0.67
52347361,E,空氣污染物申報-一般空氣污染物,硫氧化物,,,2010,0.05299999999999999
52347361,E,空氣污染物申報-一般空氣污染物,粒狀污染物,,,2010,0.002
52347361,E,空氣污染物申報-一般空氣污染物,揮發性有機化合物,,,2010,21.294999999999998
56065601,E,空氣污染物申報-一般空氣污染物,氮氧化物,,,2010,11.108999999999998
56065601,E,空氣污染物申報-一般空氣污染物,硫氧化物,,,2010,12.49
56065601,E,空氣污染物申報-一般空氣污染物,粒狀污染物,,,2010,2.4
56065601,E,空氣污染物申報-一般空氣污染物,揮發性有機化合物,,,2010,0.9799999999999999
56620559,E,空氣污染物申報-一般空氣污染物,氮氧化物,,,2010,1.602
56620559,E,空氣污染物申報-一般空氣污染物,硫氧化物,,,2010,2.308
56620559,E,空氣污染物申報-一般空氣污染物,粒狀污染物,,,2010,0.23
56620559,E,空氣污染物申報-一般空氣污染物,揮發性有機化合物,,,2010,44.71
69275313,E,空氣污染物申報-一般空氣污染物,氮氧化物,,,2010,0.863
69275313,E,空氣污染物申報-一般空氣污染物,硫氧化物,,,2010,1.219
69275313,E,空氣污染物申報-一般空氣污染物,粒狀污染物,,,2010,0.73
71122503,E,空氣污染物申報-一般空氣污染物,氮氧化物,,,2010,5.724
71122503,E,空氣污染物申報-一般空氣污染物,硫氧化物,,,2010,8.126999999999999
71122503,E,空氣污染物申報-一般空氣污染物,揮發性有機化合物,,,2010,3.69
72082135,E,空氣污染物申報-一般空氣污染物,氮氧化物,,,2010,0.28200000000000003
72082135,E,空氣污染物申報-一般空氣污染物,硫氧化物,,,2010,0.407
72197621,E,空氣污染物申報-一般空氣污染物,氮氧化物,,,2010,3.556
72197621,E,空氣污染物申報-一般空氣污染物,硫氧化物,,,2010,4.224
72197621,E,空氣污染物申報-一般空氣污染物,粒狀污染物,,,2010,1.318
72197621,E,空氣污染物申報-一般空氣污染物,揮發性有機化合物,,,2010,15.46
80310225,E,空氣污染物申報-一般空氣污染物,揮發性有機化合物,,,2010,0.40800000000000003
80642673,E,空氣污染物申報-一般空氣污染物,揮發性有機化合物,,,2010,0.45500000000000007
81002274,E,空氣污染物申報-一般空氣污染物,氮氧化物,,,2010,0.528
81002274,E,空氣污染物申報-一般空氣污染物,硫氧化物,,,2010,0.76
96922622,E,空氣污染物申報-一般空氣污染物,氮氧化物,,,2010,40.602999999999994
96922622,E,空氣污染物申報-一般空氣污染物,硫氧化物,,,2010,53.881
96922622,E,空氣污染物申報-一般空氣污染物,揮發性有機化合物,,,2010,57.449
03088802,E,空氣污染物申報-一般空氣污染物,氮氧化物,,,2010,3.3739999999999997
03088802,E,空氣污染物申報-一般空氣污染物,硫氧化物,,,2010,4.2379999999999995
03088802,E,空氣污染物申報-一般空氣污染物,粒狀污染物,,,2010,0.367
03088802,E,空氣污染物申報-一般空氣污染物,揮發性有機化合物,,,2010,3.722
03088704,E,空氣污染物申報-一般空氣污染物,氮氧化物,,,2010,17.511999999999997
03088704,E,空氣污染物申報-一般空氣污染物,硫氧化物,,,2010,21.063
03088704,E,空氣污染物申報-一般空氣污染物,粒狀污染物,,,2010,6.228
03088704,E,空氣污染物申報-一般空氣污染物,揮發性有機化合物,,,2010,11.137
11456110,E,空氣污染物申報-一般空氣污染物,氮氧化物,,,2011,0.022
11456110,E,空氣污染物申報-一般空氣污染物,硫氧化物,,,2011,0.001
11821341,E,空氣污染物申報-一般空氣污染物,氮氧化物,,,2011,0.792
11821341,E,空氣污染物申報-一般空氣污染物,硫氧化物,,,2011,1.14
11821341,E,空氣污染物申報-一般空氣污染物,揮發性有機化合物,,,2011,3.893
11880517,E,空氣污染物申報-一般空氣污染物,氮氧化物,,,2011,2.325
11880517,E,空氣污染物申報-一般空氣污染物,硫氧化物,,,2011,2.869
12292039,E,空氣污染物申報-一般空氣污染物,氮氧化物,,,2011,0.6859999999999999
12715847,E,空氣污染物申報-一般空氣污染物,氮氧化物,,,2011,0.055
12715847,E,空氣污染物申報-一般空氣污染物,揮發性有機化合物,,,2011,0.15000000000000002
12971536,E,空氣污染物申報-一般空氣污染物,氮氧化物,,,2011,0.375
12971536,E,空氣污染物申報-一般空氣污染物,硫氧化物,,,2011,0.54
12971536,E,空氣污染物申報-一般空氣污染物,粒狀污染物,,,2011,4.89
12971536,E,空氣污染物申報-一般空氣污染物,揮發性有機化合物,,,2011,0.003
12974421,E,空氣污染物申報-一般空氣污染物,揮發性有機化合物,,,2011,0.036
14089976,E,空氣污染物申報-一般空氣污染物,氮氧化物,,,2011,0.066
14089976,E,空氣污染物申報-一般空氣污染物,揮發性有機化合物,,,2011,1.361
16130161,E,空氣污染物申報-一般空氣污染物,氮氧化物,,,2011,15.008
16130161,E,空氣污染物申報-一般空氣污染物,硫氧化物,,,2011,21.64
16130161,E,空氣污染物申報-一般空氣污染物,粒狀污染物,,,2011,3.4619999999999997
16130161,E,空氣污染物申報-一般空氣污染物,揮發性有機化合物,,,2011,18.686
16130471,E,空氣污染物申報-一般空氣污染物,氮氧化物,,,2011,0.81
16130471,E,空氣污染物申報-一般空氣污染物,硫氧化物,,,2011,1.168
16130471,E,空氣污染物申報-一般空氣污染物,揮發性有機化合物,,,2011,0.041
16549813,E,空氣污染物申報-一般空氣污染物,氮氧化物,,,2011,0.165
16549813,E,空氣污染物申報-一般空氣污染物,硫氧化物,,,2011,0.009000000000000001
16549813,E,空氣污染物申報-一般空氣污染物,揮發性有機化合物,,,2011,7.305000000000001
22662545,E,空氣污染物申報-一般空氣污染物,氮氧化物,,,2011,11.873
22662545,E,空氣污染物申報-一般空氣污染物,硫氧化物,,,2011,16.128
22662545,E,空氣污染物申報-一般空氣污染物,粒狀污染物,,,2011,1.6500000000000001
22662545,E,空氣污染物申報-一般空氣污染物,揮發性有機化合物,,,2011,29.07
23243578,E,空氣污染物申報-一般空氣污染物,揮發性有機化合物,,,2011,1.188
24626617,E,空氣污染物申報-一般空氣污染物,氮氧化物,,,2011,0.338
24626617,E,空氣污染物申報-一般空氣污染物,硫氧化物,,,2011,0.487
28924399,E,空氣污染物申報-一般空氣污染物,氮氧化物,,,2011,0.038
33259508,E,空氣污染物申報-一般空氣污染物,氮氧化物,,,2011,6.158
33259508,E,空氣污染物申報-一般空氣污染物,硫氧化物,,,2011,0.289
33259508,E,空氣污染物申報-一般空氣污染物,揮發性有機化合物,,,2011,0.629
35348007,E,空氣污染物申報-一般空氣污染物,氮氧化物,,,2011,0.276
35348007,E,空氣污染物申報-一般空氣污染物,硫氧化物,,,2011,0.3999999999999999
35348007,E,空氣污染物申報-一般空氣污染物,揮發性有機化合物,,,2011,4.173
42042734,E,空氣污染物申報-一般空氣污染物,氮氧化物,,,2011,0.75
42042734,E,空氣污染物申報-一般空氣污染物,硫氧化物,,,2011,1.054
42042734,E,空氣污染物申報-一般空氣污染物,揮發性有機化合物,,,2011,0.002
43199950,E,空氣污染物申報-一般空氣污染物,揮發性有機化合物,,,2011,31.584999999999994
43211700,E,空氣污染物申報-一般空氣污染物,氮氧化物,,,2011,7.789
43211700,E,空氣污染物申報-一般空氣污染物,硫氧化物,,,2011,9.312
43211700,E,空氣污染物申報-一般空氣污染物,粒狀污染物,,,2011,1.95
43211700,E,空氣污染物申報-一般空氣污染物,揮發性有機化合物,,,2011,0.29500000000000004
47154259,E,空氣污染物申報-一般空氣污染物,氮氧化物,,,2011,10.796
47154259,E,空氣污染物申報-一般空氣污染物,硫氧化物,,,2011,13.23
47154259,E,空氣污染物申報-一般空氣污染物,粒狀污染物,,,2011,1.5160000000000002
52347361,E,空氣污染物申報-一般空氣污染物,氮氧化物,,,2011,0.403
52347361,E,空氣污染物申報-一般空氣污染物,硫氧化物,,,2011,0.030999999999999996
52347361,E,空氣污染物申報-一般空氣污染物,粒狀污染物,,,2011,2.0250000000000004
52347361,E,空氣污染物申報-一般空氣污染物,揮發性有機化合物,,,2011,13.713000000000001
56065601,E,空氣污染物申報-一般空氣污染物,氮氧化物,,,2011,9.509
56065601,E,空氣污染物申報-一般空氣污染物,硫氧化物,,,2011,11.027000000000001
56065601,E,空氣污染物申報-一般空氣污染物,粒狀污染物,,,2011,1.2810000000000001
56065601,E,空氣污染物申報-一般空氣污染物,揮發性有機化合物,,,2011,0.299
56620559,E,空氣污染物申報-一般空氣污染物,氮氧化物,,,2011,1.132
56620559,E,空氣污染物申報-一般空氣污染物,硫氧化物,,,2011,1.632
56620559,E,空氣污染物申報-一般空氣污染物,粒狀污染物,,,2011,0.16
56620559,E,空氣污染物申報-一般空氣污染物,揮發性有機化合物,,,2011,31.929
69275313,E,空氣污染物申報-一般空氣污染物,氮氧化物,,,2011,4.140000000000001
69275313,E,空氣污染物申報-一般空氣污染物,硫氧化物,,,2011,6.6899999999999995
69275313,E,空氣污染物申報-一般空氣污染物,粒狀污染物,,,2011,3
71122503,E,空氣污染物申報-一般空氣污染物,氮氧化物,,,2011,6.448999999999999
71122503,E,空氣污染物申報-一般空氣污染物,硫氧化物,,,2011,4.085
71122503,E,空氣污染物申報-一般空氣污染物,揮發性有機化合物,,,2011,1.665
72082135,E,空氣污染物申報-一般空氣污染物,氮氧化物,,,2011,0.236
72082135,E,空氣污染物申報-一般空氣污染物,硫氧化物,,,2011,0.344
72197621,E,空氣污染物申報-一般空氣污染物,氮氧化物,,,2011,4.082
72197621,E,空氣污染物申報-一般空氣污染物,硫氧化物,,,2011,5.297000000000001
72197621,E,空氣污染物申報-一般空氣污染物,粒狀污染物,,,2011,1.96
72197621,E,空氣污染物申報-一般空氣污染物,揮發性有機化合物,,,2011,22.804
80310225,E,空氣污染物申報-一般空氣污染物,揮發性有機化合物,,,2011,0.45699999999999996
80642673,E,空氣污染物申報-一般空氣污染物,揮發性有機化合物,,,2011,0.841
81002274,E,空氣污染物申報-一般空氣污染物,氮氧化物,,,2011,0.561
81002274,E,空氣污染物申報-一般空氣污染物,硫氧化物,,,2011,0.808
84149006,E,空氣污染物申報-一般空氣污染物,氮氧化物,,,2011,1.141
84149006,E,空氣污染物申報-一般空氣污染物,硫氧化物,,,2011,1.646
86306206,E,空氣污染物申報-一般空氣污染物,氮氧化物,,,2011,0.395
86306206,E,空氣污染物申報-一般空氣污染物,硫氧化物,,,2011,0.5700000000000001
86306206,E,空氣污染物申報-一般空氣污染物,粒狀污染物,,,2011,0.056999999999999995
86306206,E,空氣污染物申報-一般空氣污染物,揮發性有機化合物,,,2011,18.282999999999998
96922622,E,空氣污染物申報-一般空氣污染物,氮氧化物,,,2011,23.338
96922622,E,空氣污染物申報-一般空氣污染物,硫氧化物,,,2011,30.833
96922622,E,空氣污染物申報-一般空氣污染物,揮發性有機化合物,,,2011,89.737
03088704,E,空氣污染物申報-一般空氣污染物,氮氧化物,,,2011,16.161
03088704,E,空氣污染物申報-一般空氣污染物,硫氧化物,,,2011,17.232999999999997
03088704,E,空氣污染物申報-一般空氣污染物,粒狀污染物,,,2011,4.799
03088704,E,空氣污染物申報-一般空氣污染物,揮發性有機化合物,,,2011,14.623999999999999
03088802,E,空氣污染物申報-一般空氣污染物,氮氧化物,,,2011,19.154999999999998
03088802,E,空氣污染物申報-一般空氣污染物,硫氧化物,,,2011,30.737000000000002
03088802,E,空氣污染物申報-一般空氣污染物,粒狀污染物,,,2011,3.0380000000000003
03088802,E,空氣污染物申報-一般空氣污染物,揮發性有機化合物,,,2011,2.73
11456110,E,空氣污染物申報-一般空氣污染物,氮氧化物,,,2012,0.017
11821341,E,空氣污染物申報-一般空氣污染物,氮氧化物,,,2012,1.5179999999999998
11821341,E,空氣污染物申報-一般空氣污染物,硫氧化物,,,2012,2.1849999999999996
11821341,E,空氣污染物申報-一般空氣污染物,揮發性有機化合物,,,2012,4.455
11880517,E,空氣污染物申報-一般空氣污染物,氮氧化物,,,2012,5.772
11880517,E,空氣污染物申報-一般空氣污染物,硫氧化物,,,2012,7.665
11880517,E,空氣污染物申報-一般空氣污染物,粒狀污染物,,,2012,1.1720000000000002
12292039,E,空氣污染物申報-一般空氣污染物,氮氧化物,,,2012,0.732
12715847,E,空氣污染物申報-一般空氣污染物,氮氧化物,,,2012,0.052
12715847,E,空氣污染物申報-一般空氣污染物,揮發性有機化合物,,,2012,0.23399999999999999
12971536,E,空氣污染物申報-一般空氣污染物,氮氧化物,,,2012,0.368
12971536,E,空氣污染物申報-一般空氣污染物,硫氧化物,,,2012,0.532
12971536,E,空氣污染物申報-一般空氣污染物,揮發性有機化合物,,,2012,0.11
12974421,E,空氣污染物申報-一般空氣污染物,揮發性有機化合物,,,2012,2.445
14089976,E,空氣污染物申報-一般空氣污染物,氮氧化物,,,2012,0.10400000000000001
14089976,E,空氣污染物申報-一般空氣污染物,揮發性有機化合物,,,2012,1.824
16130161,E,空氣污染物申報-一般空氣污染物,氮氧化物,,,2012,1.889
16130161,E,空氣污染物申報-一般空氣污染物,硫氧化物,,,2012,2.724
16130161,E,空氣污染物申報-一般空氣污染物,粒狀污染物,,,2012,0.241
16130161,E,空氣污染物申報-一般空氣污染物,揮發性有機化合物,,,2012,3.917
16130471,E,空氣污染物申報-一般空氣污染物,氮氧化物,,,2012,1.7120000000000002
16130471,E,空氣污染物申報-一般空氣污染物,硫氧化物,,,2012,2.4699999999999998
16130471,E,空氣污染物申報-一般空氣污染物,揮發性有機化合物,,,2012,0.039
16549813,E,空氣污染物申報-一般空氣污染物,氮氧化物,,,2012,0.12000000000000001
16549813,E,空氣污染物申報-一般空氣污染物,硫氧化物,,,2012,0.006
16549813,E,空氣污染物申報-一般空氣污染物,揮發性有機化合物,,,2012,4.294
22195654,E,空氣污染物申報-一般空氣污染物,揮發性有機化合物,,,2012,21.75
22662545,E,空氣污染物申報-一般空氣污染物,氮氧化物,,,2012,17.721999999999998
22662545,E,空氣污染物申報-一般空氣污染物,硫氧化物,,,2012,21.470000000000002
22662545,E,空氣污染物申報-一般空氣污染物,粒狀污染物,,,2012,3.096
22662545,E,空氣污染物申報-一般空氣污染物,揮發性有機化合物,,,2012,37.46
23243578,E,空氣污染物申報-一般空氣污染物,揮發性有機化合物,,,2012,1.175
24626617,E,空氣污染物申報-一般空氣污染物,氮氧化物,,,2012,3.368
24626617,E,空氣污染物申報-一般空氣污染物,硫氧化物,,,2012,4.856
27473348,E,空氣污染物申報-一般空氣污染物,揮發性有機化合物,,,2012,4.666
28924399,E,空氣污染物申報-一般空氣污染物,氮氧化物,,,2012,0.038
33259508,E,空氣污染物申報-一般空氣污染物,氮氧化物,,,2012,3.1420000000000003
33259508,E,空氣污染物申報-一般空氣污染物,硫氧化物,,,2012,0.21400000000000002
33259508,E,空氣污染物申報-一般空氣污染物,揮發性有機化合物,,,2012,0.51
35348007,E,空氣污染物申報-一般空氣污染物,氮氧化物,,,2012,0.21
35348007,E,空氣污染物申報-一般空氣污染物,硫氧化物,,,2012,0.305
35348007,E,空氣污染物申報-一般空氣污染物,揮發性有機化合物,,,2012,3.3750000000000004
42042734,E,空氣污染物申報-一般空氣污染物,氮氧化物,,,2012,1.4140000000000001
42042734,E,空氣污染物申報-一般空氣污染物,硫氧化物,,,2012,1.9980000000000002
42042734,E,空氣污染物申報-一般空氣污染物,揮發性有機化合物,,,2012,0.004
43199950,E,空氣污染物申報-一般空氣污染物,揮發性有機化合物,,,2012,34.56600000000001
43211700,E,空氣污染物申報-一般空氣污染物,氮氧化物,,,2012,3.896
43211700,E,空氣污染物申報-一般空氣污染物,硫氧化物,,,2012,4.816
43211700,E,空氣污染物申報-一般空氣污染物,粒狀污染物,,,2012,0.708
43211700,E,空氣污染物申報-一般空氣污染物,揮發性有機化合物,,,2012,1.162
47154259,E,空氣污染物申報-一般空氣污染物,氮氧化物,,,2012,6.898
47154259,E,空氣污染物申報-一般空氣污染物,硫氧化物,,,2012,8.218
47154259,E,空氣污染物申報-一般空氣污染物,粒狀污染物,,,2012,0.807
52347361,E,空氣污染物申報-一般空氣污染物,氮氧化物,,,2012,0.13699999999999998
52347361,E,空氣污染物申報-一般空氣污染物,硫氧化物,,,2012,0.011000000000000001
52347361,E,空氣污染物申報-一般空氣污染物,粒狀污染物,,,2012,0.003
52347361,E,空氣污染物申報-一般空氣污染物,揮發性有機化合物,,,2012,13.008000000000001
56065601,E,空氣污染物申報-一般空氣污染物,氮氧化物,,,2012,9.468
56065601,E,空氣污染物申報-一般空氣污染物,硫氧化物,,,2012,10.575000000000001
56065601,E,空氣污染物申報-一般空氣污染物,粒狀污染物,,,2012,1.173
56065601,E,空氣污染物申報-一般空氣污染物,揮發性有機化合物,,,2012,1.365
56620559,E,空氣污染物申報-一般空氣污染物,氮氧化物,,,2012,4.551
56620559,E,空氣污染物申報-一般空氣污染物,硫氧化物,,,2012,6.561
56620559,E,空氣污染物申報-一般空氣污染物,粒狀污染物,,,2012,0.645
56620559,E,空氣污染物申報-一般空氣污染物,揮發性有機化合物,,,2012,109.815
69275313,E,空氣污染物申報-一般空氣污染物,氮氧化物,,,2012,9.229
69275313,E,空氣污染物申報-一般空氣污染物,硫氧化物,,,2012,14.381999999999998
69275313,E,空氣污染物申報-一般空氣污染物,粒狀污染物,,,2012,5.202
71122503,E,空氣污染物申報-一般空氣污染物,氮氧化物,,,2012,3.6479999999999997
71122503,E,空氣污染物申報-一般空氣污染物,硫氧化物,,,2012,4.275
71122503,E,空氣污染物申報-一般空氣污染物,揮發性有機化合物,,,2012,2.352
72082135,E,空氣污染物申報-一般空氣污染物,氮氧化物,,,2012,0.295
72082135,E,空氣污染物申報-一般空氣污染物,硫氧化物,,,2012,0.42999999999999994
72197621,E,空氣污染物申報-一般空氣污染物,氮氧化物,,,2012,1.3820000000000001
72197621,E,空氣污染物申報-一般空氣污染物,硫氧化物,,,2012,1.954
72197621,E,空氣污染物申報-一般空氣污染物,粒狀污染物,,,2012,1.236
72197621,E,空氣污染物申報-一般空氣污染物,揮發性有機化合物,,,2012,9.844999999999999
80310225,E,空氣污染物申報-一般空氣污染物,揮發性有機化合物,,,2012,0.45699999999999996
80642673,E,空氣污染物申報-一般空氣污染物,氮氧化物,,,2012,0.8939999999999999
80642673,E,空氣污染物申報-一般空氣污染物,揮發性有機化合物,,,2012,1.5600000000000003
81002274,E,空氣污染物申報-一般空氣污染物,氮氧化物,,,2012,1.155
81002274,E,空氣污染物申報-一般空氣污染物,硫氧化物,,,2012,1.664
84149006,E,空氣污染物申報-一般空氣污染物,氮氧化物,,,2012,1.095
84149006,E,空氣污染物申報-一般空氣污染物,硫氧化物,,,2012,1.576
86306206,E,空氣污染物申報-一般空氣污染物,氮氧化物,,,2012,0.237
86306206,E,空氣污染物申報-一般空氣污染物,硫氧化物,,,2012,0.342
86306206,E,空氣污染物申報-一般空氣污染物,粒狀污染物,,,2012,0.039
86306206,E,空氣污染物申報-一般空氣污染物,揮發性有機化合物,,,2012,9.863999999999999
96922622,E,空氣污染物申報-一般空氣污染物,氮氧化物,,,2012,24.716
96922622,E,空氣污染物申報-一般空氣污染物,硫氧化物,,,2012,34.17400000000001
96922622,E,空氣污染物申報-一般空氣污染物,粒狀污染物,,,2012,4.426
96922622,E,空氣污染物申報-一般空氣污染物,揮發性有機化合物,,,2012,61.342
03088802,E,空氣污染物申報-一般空氣污染物,氮氧化物,,,2012,14.163
03088802,E,空氣污染物申報-一般空氣污染物,硫氧化物,,,2012,20.905
03088802,E,空氣污染物申報-一般空氣污染物,粒狀污染物,,,2012,2.35
03088802,E,空氣污染物申報-一般空氣污染物,揮發性有機化合物,,,2012,6.284000000000001
03088704,E,空氣污染物申報-一般空氣污染物,氮氧化物,,,2012,11.707
03088704,E,空氣污染物申報-一般空氣污染物,硫氧化物,,,2012,12.808
03088704,E,空氣污染物申報-一般空氣污染物,粒狀污染物,,,2012,5.579000000000001
03088704,E,空氣污染物申報-一般空氣污染物,揮發性有機化合物,,,2012,15.571
11456110,E,空氣污染物申報-一般空氣污染物,氮氧化物,,,2013,0.08399999999999999
11821341,E,空氣污染物申報-一般空氣污染物,氮氧化物,,,2013,2.043
11821341,E,空氣污染物申報-一般空氣污染物,硫氧化物,,,2013,2.9449999999999994
11821341,E,空氣污染物申報-一般空氣污染物,揮發性有機化合物,,,2013,6.695
11880517,E,空氣污染物申報-一般空氣污染物,氮氧化物,,,2013,4.232
11880517,E,空氣污染物申報-一般空氣污染物,硫氧化物,,,2013,5.51
11880517,E,空氣污染物申報-一般空氣污染物,粒狀污染物,,,2013,0.52
12292039,E,空氣污染物申報-一般空氣污染物,氮氧化物,,,2013,0.78
12715847,E,空氣污染物申報-一般空氣污染物,氮氧化物,,,2013,0.07
12715847,E,空氣污染物申報-一般空氣污染物,揮發性有機化合物,,,2013,1.414
12971536,E,空氣污染物申報-一般空氣污染物,氮氧化物,,,2013,1.355
12971536,E,空氣污染物申報-一般空氣污染物,硫氧化物,,,2013,1.5259999999999998
12971536,E,空氣污染物申報-一般空氣污染物,粒狀污染物,,,2013,13.598999999999998
12971536,E,空氣污染物申報-一般空氣污染物,揮發性有機化合物,,,2013,2.65
12974421,E,空氣污染物申報-一般空氣污染物,揮發性有機化合物,,,2013,2.8249999999999997
14089976,E,空氣污染物申報-一般空氣污染物,氮氧化物,,,2013,0.024
14089976,E,空氣污染物申報-一般空氣污染物,揮發性有機化合物,,,2013,0.641
16130161,E,空氣污染物申報-一般空氣污染物,氮氧化物,,,2013,15.504
16130161,E,空氣污染物申報-一般空氣污染物,硫氧化物,,,2013,22.355
16130161,E,空氣污染物申報-一般空氣污染物,粒狀污染物,,,2013,1.9840000000000002
16130161,E,空氣污染物申報-一般空氣污染物,揮發性有機化合物,,,2013,17.334999999999997
16130471,E,空氣污染物申報-一般空氣污染物,氮氧化物,,,2013,1.185
16130471,E,空氣污染物申報-一般空氣污染物,硫氧化物,,,2013,1.71
16130471,E,空氣污染物申報-一般空氣污染物,揮發性有機化合物,,,2013,0.06699999999999999
16549813,E,空氣污染物申報-一般空氣污染物,氮氧化物,,,2013,0.105
16549813,E,空氣污染物申報-一般空氣污染物,硫氧化物,,,2013,0.001
16549813,E,空氣污染物申報-一般空氣污染物,揮發性有機化合物,,,2013,4.082
22195654,E,空氣污染物申報-一般空氣污染物,揮發性有機化合物,,,2013,174.52900000000002
22662545,E,空氣污染物申報-一般空氣污染物,氮氧化物,,,2013,22.531000000000002
22662545,E,空氣污染物申報-一般空氣污染物,硫氧化物,,,2013,28.331
22662545,E,空氣污染物申報-一般空氣污染物,粒狀污染物,,,2013,2.6790000000000003
22662545,E,空氣污染物申報-一般空氣污染物,揮發性有機化合物,,,2013,60.71
23243578,E,空氣污染物申報-一般空氣污染物,揮發性有機化合物,,,2013,1.302
24626617,E,空氣污染物申報-一般空氣污染物,氮氧化物,,,2013,1.972
24626617,E,空氣污染物申報-一般空氣污染物,硫氧化物,,,2013,2.844
27473348,E,空氣污染物申報-一般空氣污染物,揮發性有機化合物,,,2013,3.124
28924399,E,空氣污染物申報-一般空氣污染物,氮氧化物,,,2013,0.277
28924399,E,空氣污染物申報-一般空氣污染物,揮發性有機化合物,,,2013,1.2550000000000001
33259508,E,空氣污染物申報-一般空氣污染物,氮氧化物,,,2013,3.904
33259508,E,空氣污染物申報-一般空氣污染物,硫氧化物,,,2013,0.33799999999999997
33259508,E,空氣污染物申報-一般空氣污染物,揮發性有機化合物,,,2013,1.176
35348007,E,空氣污染物申報-一般空氣污染物,氮氧化物,,,2013,0.43400000000000005
35348007,E,空氣污染物申報-一般空氣污染物,硫氧化物,,,2013,0.6280000000000001
35348007,E,空氣污染物申報-一般空氣污染物,揮發性有機化合物,,,2013,2.778
42042734,E,空氣污染物申報-一般空氣污染物,氮氧化物,,,2013,0.579
42042734,E,空氣污染物申報-一般空氣污染物,硫氧化物,,,2013,0.816
42042734,E,空氣污染物申報-一般空氣污染物,揮發性有機化合物,,,2013,0.001
43199950,E,空氣污染物申報-一般空氣污染物,揮發性有機化合物,,,2013,34.80200000000001
47154259,E,空氣污染物申報-一般空氣污染物,氮氧化物,,,2013,2.957
47154259,E,空氣污染物申報-一般空氣污染物,硫氧化物,,,2013,3.485
47154259,E,空氣污染物申報-一般空氣污染物,粒狀污染物,,,2013,0.35
52347361,E,空氣污染物申報-一般空氣污染物,氮氧化物,,,2013,0.37
52347361,E,空氣污染物申報-一般空氣污染物,揮發性有機化合物,,,2013,10.431000000000001
56065601,E,空氣污染物申報-一般空氣污染物,氮氧化物,,,2013,7.732
56065601,E,空氣污染物申報-一般空氣污染物,硫氧化物,,,2013,7.905000000000001
56065601,E,空氣污染物申報-一般空氣污染物,粒狀污染物,,,2013,0.681
56065601,E,空氣污染物申報-一般空氣污染物,揮發性有機化合物,,,2013,10.744999999999997
56620559,E,空氣污染物申報-一般空氣污染物,氮氧化物,,,2013,0.94
56620559,E,空氣污染物申報-一般空氣污染物,硫氧化物,,,2013,1.356
56620559,E,空氣污染物申報-一般空氣污染物,粒狀污染物,,,2013,0.011
56620559,E,空氣污染物申報-一般空氣污染物,揮發性有機化合物,,,2013,21.194
69275313,E,空氣污染物申報-一般空氣污染物,氮氧化物,,,2013,7.2780000000000005
69275313,E,空氣污染物申報-一般空氣污染物,硫氧化物,,,2013,11.510000000000002
69275313,E,空氣污染物申報-一般空氣污染物,粒狀污染物,,,2013,3.4219999999999997
70557655,E,空氣污染物申報-一般空氣污染物,氮氧化物,,,2013,0.156
71122503,E,空氣污染物申報-一般空氣污染物,氮氧化物,,,2013,2.7720000000000002
71122503,E,空氣污染物申報-一般空氣污染物,硫氧化物,,,2013,3.6100000000000003
71122503,E,空氣污染物申報-一般空氣污染物,揮發性有機化合物,,,2013,2.378
72082135,E,空氣污染物申報-一般空氣污染物,氮氧化物,,,2013,0.632
72082135,E,空氣污染物申報-一般空氣污染物,硫氧化物,,,2013,0.91
72197621,E,空氣污染物申報-一般空氣污染物,氮氧化物,,,2013,2.5400000000000005
72197621,E,空氣污染物申報-一般空氣污染物,硫氧化物,,,2013,3.5889999999999995
72197621,E,空氣污染物申報-一般空氣污染物,粒狀污染物,,,2013,1.575
72197621,E,空氣污染物申報-一般空氣污染物,揮發性有機化合物,,,2013,12.9
80310225,E,空氣污染物申報-一般空氣污染物,揮發性有機化合物,,,2013,0.6930000000000001
80642673,E,空氣污染物申報-一般空氣污染物,氮氧化物,,,2013,0.6930000000000001
80642673,E,空氣污染物申報-一般空氣污染物,粒狀污染物,,,2013,0.016
80642673,E,空氣污染物申報-一般空氣污染物,揮發性有機化合物,,,2013,1.932
81002274,E,空氣污染物申報-一般空氣污染物,氮氧化物,,,2013,1.299
81002274,E,空氣污染物申報-一般空氣污染物,硫氧化物,,,2013,1.5699999999999998
84149006,E,空氣污染物申報-一般空氣污染物,氮氧化物,,,2013,1.188
84149006,E,空氣污染物申報-一般空氣污染物,硫氧化物,,,2013,1.713
85086859,E,空氣污染物申報-一般空氣污染物,揮發性有機化合物,,,2013,0.528
86306206,E,空氣污染物申報-一般空氣污染物,氮氧化物,,,2013,0.395
86306206,E,空氣污染物申報-一般空氣污染物,硫氧化物,,,2013,0.5700000000000001
86306206,E,空氣污染物申報-一般空氣污染物,揮發性有機化合物,,,2013,20.406
96922622,E,空氣污染物申報-一般空氣污染物,氮氧化物,,,2013,30.135999999999996
96922622,E,空氣污染物申報-一般空氣污染物,硫氧化物,,,2013,42.995999999999995
96922622,E,空氣污染物申報-一般空氣污染物,粒狀污染物,,,2013,5.92
96922622,E,空氣污染物申報-一般空氣污染物,揮發性有機化合物,,,2013,95.25199999999998
97454724,E,空氣污染物申報-一般空氣污染物,揮發性有機化合物,,,2013,0.033
03088704,E,空氣污染物申報-一般空氣污染物,氮氧化物,,,2013,9.458999999999998
03088704,E,空氣污染物申報-一般空氣污染物,硫氧化物,,,2013,10.364999999999998
03088704,E,空氣污染物申報-一般空氣污染物,粒狀污染物,,,2013,4.263
03088704,E,空氣污染物申報-一般空氣污染物,揮發性有機化合物,,,2013,13.943000000000001
03088802,E,空氣污染物申報-一般空氣污染物,氮氧化物,,,2013,10.446
03088802,E,空氣污染物申報-一般空氣污染物,硫氧化物,,,2013,14.869
03088802,E,空氣污染物申報-一般空氣污染物,粒狀污染物,,,2013,1.9
03088802,E,空氣污染物申報-一般空氣污染物,揮發性有機化合物,,,2013,5.441000000000001
11456110,E,空氣污染物申報-一般空氣污染物,氮氧化物,,,2014,0.127
11821341,E,空氣污染物申報-一般空氣污染物,氮氧化物,,,2014,2.2439999999999998
11821341,E,空氣污染物申報-一般空氣污染物,硫氧化物,,,2014,3.23
11821341,E,空氣污染物申報-一般空氣污染物,揮發性有機化合物,,,2014,0.033
11880517,E,空氣污染物申報-一般空氣污染物,氮氧化物,,,2014,3.5549999999999997
11880517,E,空氣污染物申報-一般空氣污染物,硫氧化物,,,2014,4.792
11880517,E,空氣污染物申報-一般空氣污染物,粒狀污染物,,,2014,0.43
11880517,E,空氣污染物申報-一般空氣污染物,揮發性有機化合物,,,2014,0.133
12292039,E,空氣污染物申報-一般空氣污染物,氮氧化物,,,2014,0.787
12681706,E,空氣污染物申報-一般空氣污染物,揮發性有機化合物,,,2014,0.041999999999999996
12715847,E,空氣污染物申報-一般空氣污染物,氮氧化物,,,2014,0.23199999999999998
12715847,E,空氣污染物申報-一般空氣污染物,揮發性有機化合物,,,2014,4.194000000000001
12971536,E,空氣污染物申報-一般空氣污染物,氮氧化物,,,2014,1.226
12971536,E,空氣污染物申報-一般空氣污染物,硫氧化物,,,2014,1.444
12971536,E,空氣污染物申報-一般空氣污染物,粒狀污染物,,,2014,12.908000000000001
12971536,E,空氣污染物申報-一般空氣污染物,揮發性有機化合物,,,2014,2.096
12974421,E,空氣污染物申報-一般空氣污染物,揮發性有機化合物,,,2014,1.096
14089976,E,空氣污染物申報-一般空氣污染物,氮氧化物,,,2014,0.134
14089976,E,空氣污染物申報-一般空氣污染物,揮發性有機化合物,,,2014,2.96
16130161,E,空氣污染物申報-一般空氣污染物,氮氧化物,,,2014,1.4249999999999998
16130161,E,空氣污染物申報-一般空氣污染物,粒狀污染物,,,2014,0.026999999999999996
16130161,E,空氣污染物申報-一般空氣污染物,揮發性有機化合物,,,2014,15.311000000000003
16130471,E,空氣污染物申報-一般空氣污染物,氮氧化物,,,2014,1.119
16130471,E,空氣污染物申報-一般空氣污染物,硫氧化物,,,2014,1.6150000000000002
16130471,E,空氣污染物申報-一般空氣污染物,揮發性有機化合物,,,2014,0.089
16549813,E,空氣污染物申報-一般空氣污染物,氮氧化物,,,2014,0.18
16549813,E,空氣污染物申報-一般空氣污染物,揮發性有機化合物,,,2014,8.301
22195654,E,空氣污染物申報-一般空氣污染物,揮發性有機化合物,,,2014,222.593
22662545,E,空氣污染物申報-一般空氣污染物,氮氧化物,,,2014,10.158999999999999
22662545,E,空氣污染物申報-一般空氣污染物,硫氧化物,,,2014,13.582
22662545,E,空氣污染物申報-一般空氣污染物,粒狀污染物,,,2014,1.311
22662545,E,空氣污染物申報-一般空氣污染物,揮發性有機化合物,,,2014,28.005000000000003
23243578,E,空氣污染物申報-一般空氣污染物,揮發性有機化合物,,,2014,0.486
24626617,E,空氣污染物申報-一般空氣污染物,氮氧化物,,,2014,2.636
24626617,E,空氣污染物申報-一般空氣污染物,硫氧化物,,,2014,3.8019999999999996
27473348,E,空氣污染物申報-一般空氣污染物,揮發性有機化合物,,,2014,16.973
28924399,E,空氣污染物申報-一般空氣污染物,氮氧化物,,,2014,0.14500000000000002
28924399,E,空氣污染物申報-一般空氣污染物,揮發性有機化合物,,,2014,0.367
33259508,E,空氣污染物申報-一般空氣污染物,氮氧化物,,,2014,2.9189999999999996
33259508,E,空氣污染物申報-一般空氣污染物,硫氧化物,,,2014,0.28300000000000003
33259508,E,空氣污染物申報-一般空氣污染物,揮發性有機化合物,,,2014,0.8960000000000001
35348007,E,空氣污染物申報-一般空氣污染物,氮氧化物,,,2014,0.5730000000000001
35348007,E,空氣污染物申報-一般空氣污染物,硫氧化物,,,2014,0.8260000000000001
35348007,E,空氣污染物申報-一般空氣污染物,揮發性有機化合物,,,2014,4.923
42042734,E,空氣污染物申報-一般空氣污染物,氮氧化物,,,2014,4.515
42042734,E,空氣污染物申報-一般空氣污染物,硫氧化物,,,2014,6.191
42042734,E,空氣污染物申報-一般空氣污染物,揮發性有機化合物,,,2014,0.008
43199950,E,空氣污染物申報-一般空氣污染物,揮發性有機化合物,,,2014,26.456
43211700,E,空氣污染物申報-一般空氣污染物,氮氧化物,,,2014,6.865
43211700,E,空氣污染物申報-一般空氣污染物,硫氧化物,,,2014,9.086
43211700,E,空氣污染物申報-一般空氣污染物,粒狀污染物,,,2014,1.395
43211700,E,空氣污染物申報-一般空氣污染物,揮發性有機化合物,,,2014,7.863
47154259,E,空氣污染物申報-一般空氣污染物,氮氧化物,,,2014,5.7989999999999995
47154259,E,空氣污染物申報-一般空氣污染物,硫氧化物,,,2014,7.0120000000000005
47154259,E,空氣污染物申報-一般空氣污染物,粒狀污染物,,,2014,0.72
52347361,E,空氣污染物申報-一般空氣污染物,氮氧化物,,,2014,0.30800000000000005
52347361,E,空氣污染物申報-一般空氣污染物,揮發性有機化合物,,,2014,1.8780000000000001
56065601,E,空氣污染物申報-一般空氣污染物,氮氧化物,,,2014,9.646
56065601,E,空氣污染物申報-一般空氣污染物,硫氧化物,,,2014,8.981
56065601,E,空氣污染物申報-一般空氣污染物,粒狀污染物,,,2014,1.45
56065601,E,空氣污染物申報-一般空氣污染物,揮發性有機化合物,,,2014,5.064
56620559,E,空氣污染物申報-一般空氣污染物,氮氧化物,,,2014,3.311
56620559,E,空氣污染物申報-一般空氣污染物,硫氧化物,,,2014,4.773000000000001
56620559,E,空氣污染物申報-一般空氣污染物,粒狀污染物,,,2014,0.485
56620559,E,空氣污染物申報-一般空氣污染物,揮發性有機化合物,,,2014,66.736
69275313,E,空氣污染物申報-一般空氣污染物,氮氧化物,,,2014,3.2729999999999997
69275313,E,空氣污染物申報-一般空氣污染物,硫氧化物,,,2014,5.056
69275313,E,空氣污染物申報-一般空氣污染物,粒狀污染物,,,2014,1.81
70557655,E,空氣污染物申報-一般空氣污染物,氮氧化物,,,2014,0.22599999999999998
70557655,E,空氣污染物申報-一般空氣污染物,揮發性有機化合物,,,2014,0.001
71122503,E,空氣污染物申報-一般空氣污染物,氮氧化物,,,2014,1.608
71122503,E,空氣污染物申報-一般空氣污染物,硫氧化物,,,2014,2.185
71122503,E,空氣污染物申報-一般空氣污染物,粒狀污染物,,,2014,20.104
71122503,E,空氣污染物申報-一般空氣污染物,揮發性有機化合物,,,2014,1.957
72082135,E,空氣污染物申報-一般空氣污染物,氮氧化物,,,2014,0.539
72082135,E,空氣污染物申報-一般空氣污染物,硫氧化物,,,2014,0.774
72197621,E,空氣污染物申報-一般空氣污染物,氮氧化物,,,2014,1.809
72197621,E,空氣污染物申報-一般空氣污染物,硫氧化物,,,2014,2.565
72197621,E,空氣污染物申報-一般空氣污染物,粒狀污染物,,,2014,0.421
72197621,E,空氣污染物申報-一般空氣污染物,揮發性有機化合物,,,2014,12.114
80281973,E,空氣污染物申報-一般空氣污染物,揮發性有機化合物,,,2014,0.652
80310225,E,空氣污染物申報-一般空氣污染物,揮發性有機化合物,,,2014,2.221
80642673,E,空氣污染物申報-一般空氣污染物,氮氧化物,,,2014,0.826
80642673,E,空氣污染物申報-一般空氣污染物,粒狀污染物,,,2014,0.026
80642673,E,空氣污染物申報-一般空氣污染物,揮發性有機化合物,,,2014,1.168
81002274,E,空氣污染物申報-一般空氣污染物,氮氧化物,,,2014,0.727
81002274,E,空氣污染物申報-一般空氣污染物,硫氧化物,,,2014,0.38
84149006,E,空氣污染物申報-一般空氣污染物,氮氧化物,,,2014,1.4629999999999999
84149006,E,空氣污染物申報-一般空氣污染物,硫氧化物,,,2014,2.11
86306206,E,空氣污染物申報-一般空氣污染物,氮氧化物,,,2014,0.158
86306206,E,空氣污染物申報-一般空氣污染物,硫氧化物,,,2014,0.228
86306206,E,空氣污染物申報-一般空氣污染物,揮發性有機化合物,,,2014,13.144
96922622,E,空氣污染物申報-一般空氣污染物,氮氧化物,,,2014,3.389
96922622,E,空氣污染物申報-一般空氣污染物,硫氧化物,,,2014,4.886
96922622,E,空氣污染物申報-一般空氣污染物,粒狀污染物,,,2014,0.454
96922622,E,空氣污染物申報-一般空氣污染物,揮發性有機化合物,,,2014,31.851
97454724,E,空氣污染物申報-一般空氣污染物,揮發性有機化合物,,,2014,0.006
03088704,E,空氣污染物申報-一般空氣污染物,氮氧化物,,,2014,9.609
03088704,E,空氣污染物申報-一般空氣污染物,硫氧化物,,,2014,11.059000000000001
03088704,E,空氣污染物申報-一般空氣污染物,粒狀污染物,,,2014,1.888
03088704,E,空氣污染物申報-一般空氣污染物,揮發性有機化合物,,,2014,14.942
03088802,E,空氣污染物申報-一般空氣污染物,氮氧化物,,,2014,14.638
03088802,E,空氣污染物申報-一般空氣污染物,硫氧化物,,,2014,22.352
03088802,E,空氣污染物申報-一般空氣污染物,粒狀污染物,,,2014,2.3499999999999996
03088802,E,空氣污染物申報-一般空氣污染物,揮發性有機化合物,,,2014,1.616
11456110,E,空氣污染物申報-一般空氣污染物,氮氧化物,,,2015,0.66
11821341,E,空氣污染物申報-一般空氣污染物,氮氧化物,,,2015,3.161
11821341,E,空氣污染物申報-一般空氣污染物,硫氧化物,,,2015,4.56
11821341,E,空氣污染物申報-一般空氣污染物,揮發性有機化合物,,,2015,0.225
11880517,E,空氣污染物申報-一般空氣污染物,氮氧化物,,,2015,11.068999999999999
11880517,E,空氣污染物申報-一般空氣污染物,硫氧化物,,,2015,15.363
11880517,E,空氣污染物申報-一般空氣污染物,粒狀污染物,,,2015,1.639
11880517,E,空氣污染物申報-一般空氣污染物,揮發性有機化合物,,,2015,1.177
12292039,E,空氣污染物申報-一般空氣污染物,氮氧化物,,,2015,0.752
12681706,E,空氣污染物申報-一般空氣污染物,揮發性有機化合物,,,2015,0.16699999999999998
12715847,E,空氣污染物申報-一般空氣污染物,氮氧化物,,,2015,0.168
12715847,E,空氣污染物申報-一般空氣污染物,揮發性有機化合物,,,2015,2.6950000000000003
12971536,E,空氣污染物申報-一般空氣污染物,氮氧化物,,,2015,0.969
12971536,E,空氣污染物申報-一般空氣污染物,硫氧化物,,,2015,1.109
12971536,E,空氣污染物申報-一般空氣污染物,粒狀污染物,,,2015,9.896
12971536,E,空氣污染物申報-一般空氣污染物,揮發性有機化合物,,,2015,3.668
12974421,E,空氣污染物申報-一般空氣污染物,揮發性有機化合物,,,2015,1.341
14089976,E,空氣污染物申報-一般空氣污染物,氮氧化物,,,2015,0.129
14089976,E,空氣污染物申報-一般空氣污染物,揮發性有機化合物,,,2015,3.005
16130161,E,空氣污染物申報-一般空氣污染物,氮氧化物,,,2015,1.384
16130161,E,空氣污染物申報-一般空氣污染物,粒狀污染物,,,2015,0.006
16130161,E,空氣污染物申報-一般空氣污染物,揮發性有機化合物,,,2015,3.642
16130471,E,空氣污染物申報-一般空氣污染物,氮氧化物,,,2015,1.7109999999999999
16130471,E,空氣污染物申報-一般空氣污染物,硫氧化物,,,2015,2.47
16130471,E,空氣污染物申報-一般空氣污染物,揮發性有機化合物,,,2015,0.218
16549813,E,空氣污染物申報-一般空氣污染物,氮氧化物,,,2015,0.159
16549813,E,空氣污染物申報-一般空氣污染物,揮發性有機化合物,,,2015,7.199999999999999
16749811,E,空氣污染物申報-一般空氣污染物,揮發性有機化合物,,,2015,0.009000000000000001
22195654,E,空氣污染物申報-一般空氣污染物,揮發性有機化合物,,,2015,105.04899999999999
22662545,E,空氣污染物申報-一般空氣污染物,氮氧化物,,,2015,24.014
22662545,E,空氣污染物申報-一般空氣污染物,硫氧化物,,,2015,38.177
22662545,E,空氣污染物申報-一般空氣污染物,粒狀污染物,,,2015,3.8569999999999998
22662545,E,空氣污染物申報-一般空氣污染物,揮發性有機化合物,,,2015,58.157999999999994
23243578,E,空氣污染物申報-一般空氣污染物,揮發性有機化合物,,,2015,0.138
24626617,E,空氣污染物申報-一般空氣污染物,氮氧化物,,,2015,3.543
24626617,E,空氣污染物申報-一般空氣污染物,硫氧化物,,,2015,5.11
27473348,E,空氣污染物申報-一般空氣污染物,氮氧化物,,,2015,0.001
27473348,E,空氣污染物申報-一般空氣污染物,揮發性有機化合物,,,2015,31.208000000000006
28924399,E,空氣污染物申報-一般空氣污染物,氮氧化物,,,2015,0.07600000000000001
28924399,E,空氣污染物申報-一般空氣污染物,揮發性有機化合物,,,2015,0.02
33259508,E,空氣污染物申報-一般空氣污染物,氮氧化物,,,2015,1.3840000000000001
33259508,E,空氣污染物申報-一般空氣污染物,揮發性有機化合物,,,2015,0.497
35348007,E,空氣污染物申報-一般空氣污染物,氮氧化物,,,2015,1.2859999999999998
35348007,E,空氣污染物申報-一般空氣污染物,硫氧化物,,,2015,1.8499999999999999
35348007,E,空氣污染物申報-一般空氣污染物,揮發性有機化合物,,,2015,7.786
42042734,E,空氣污染物申報-一般空氣污染物,氮氧化物,,,2015,1.272
42042734,E,空氣污染物申報-一般空氣污染物,硫氧化物,,,2015,1.72
42042734,E,空氣污染物申報-一般空氣污染物,揮發性有機化合物,,,2015,0.002
43199950,E,空氣污染物申報-一般空氣污染物,揮發性有機化合物,,,2015,10.350999999999999
43211700,E,空氣污染物申報-一般空氣污染物,氮氧化物,,,2015,4.901
43211700,E,空氣污染物申報-一般空氣污染物,硫氧化物,,,2015,6.763
43211700,E,空氣污染物申報-一般空氣污染物,粒狀污染物,,,2015,1.06
43211700,E,空氣污染物申報-一般空氣污染物,揮發性有機化合物,,,2015,7.98
47154259,E,空氣污染物申報-一般空氣污染物,氮氧化物,,,2015,7.782
47154259,E,空氣污染物申報-一般空氣污染物,硫氧化物,,,2015,9.535
47154259,E,空氣污染物申報-一般空氣污染物,粒狀污染物,,,2015,0.944
52347361,E,空氣污染物申報-一般空氣污染物,氮氧化物,,,2015,0.204
52347361,E,空氣污染物申報-一般空氣污染物,揮發性有機化合物,,,2015,0.898
54059626,E,空氣污染物申報-一般空氣污染物,氮氧化物,,,2015,0.015000000000000001
54059626,E,空氣污染物申報-一般空氣污染物,揮發性有機化合物,,,2015,0.088
56065601,E,空氣污染物申報-一般空氣污染物,氮氧化物,,,2015,5.412
56065601,E,空氣污染物申報-一般空氣污染物,硫氧化物,,,2015,7.2410000000000005
56065601,E,空氣污染物申報-一般空氣污染物,粒狀污染物,,,2015,1.2069999999999999
56065601,E,空氣污染物申報-一般空氣污染物,揮發性有機化合物,,,2015,7.119
56620559,E,空氣污染物申報-一般空氣污染物,氮氧化物,,,2015,1.145
56620559,E,空氣污染物申報-一般空氣污染物,硫氧化物,,,2015,1.651
56620559,E,空氣污染物申報-一般空氣污染物,粒狀污染物,,,2015,0.012
56620559,E,空氣污染物申報-一般空氣污染物,揮發性有機化合物,,,2015,22.171
69275313,E,空氣污染物申報-一般空氣污染物,氮氧化物,,,2015,16.968
69275313,E,空氣污染物申報-一般空氣污染物,硫氧化物,,,2015,26.605
69275313,E,空氣污染物申報-一般空氣污染物,粒狀污染物,,,2015,8.043999999999999
70555349,E,空氣污染物申報-一般空氣污染物,氮氧化物,,,2015,0.116
70555349,E,空氣污染物申報-一般空氣污染物,硫氧化物,,,2015,0.167
70557655,E,空氣污染物申報-一般空氣污染物,氮氧化物,,,2015,0.436
71122503,E,空氣污染物申報-一般空氣污染物,氮氧化物,,,2015,2.246
71122503,E,空氣污染物申報-一般空氣污染物,硫氧化物,,,2015,2.6980000000000004
71122503,E,空氣污染物申報-一般空氣污染物,粒狀污染物,,,2015,24.259
71122503,E,空氣污染物申報-一般空氣污染物,揮發性有機化合物,,,2015,3.669
72082135,E,空氣污染物申報-一般空氣污染物,氮氧化物,,,2015,0.28800000000000003
72082135,E,空氣污染物申報-一般空氣污染物,硫氧化物,,,2015,0.414
72197621,E,空氣污染物申報-一般空氣污染物,氮氧化物,,,2015,2.085
72197621,E,空氣污染物申報-一般空氣污染物,硫氧化物,,,2015,3.0029999999999997
72197621,E,空氣污染物申報-一般空氣污染物,粒狀污染物,,,2015,0.495
72197621,E,空氣污染物申報-一般空氣污染物,揮發性有機化合物,,,2015,17.605999999999998
80281973,E,空氣污染物申報-一般空氣污染物,揮發性有機化合物,,,2015,0.45299999999999996
80310225,E,空氣污染物申報-一般空氣污染物,揮發性有機化合物,,,2015,1.033
80642673,E,空氣污染物申報-一般空氣污染物,氮氧化物,,,2015,1.034
80642673,E,空氣污染物申報-一般空氣污染物,粒狀污染物,,,2015,0.022
80642673,E,空氣污染物申報-一般空氣污染物,揮發性有機化合物,,,2015,2.452
81002274,E,空氣污染物申報-一般空氣污染物,氮氧化物,,,2015,0.792
81002274,E,空氣污染物申報-一般空氣污染物,硫氧化物,,,2015,0.19
84149006,E,空氣污染物申報-一般空氣污染物,氮氧化物,,,2015,0.317
84149006,E,空氣污染物申報-一般空氣污染物,硫氧化物,,,2015,0.457
86306206,E,空氣污染物申報-一般空氣污染物,氮氧化物,,,2015,0.052
86306206,E,空氣污染物申報-一般空氣污染物,硫氧化物,,,2015,0.076
86306206,E,空氣污染物申報-一般空氣污染物,粒狀污染物,,,2015,0.002
86306206,E,空氣污染物申報-一般空氣污染物,揮發性有機化合物,,,2015,23.512
96922622,E,空氣污染物申報-一般空氣污染物,氮氧化物,,,2015,28.236
96922622,E,空氣污染物申報-一般空氣污染物,硫氧化物,,,2015,42.895
96922622,E,空氣污染物申報-一般空氣污染物,粒狀污染物,,,2015,4.1659999999999995
96922622,E,空氣污染物申報-一般空氣污染物,揮發性有機化合物,,,2015,264.03000000000003
97454724,E,空氣污染物申報-一般空氣污染物,揮發性有機化合物,,,2015,0.004
03088704,E,空氣污染物申報-一般空氣污染物,氮氧化物,,,2015,4.156
03088704,E,空氣污染物申報-一般空氣污染物,硫氧化物,,,2015,4.74
03088704,E,空氣污染物申報-一般空氣污染物,粒狀污染物,,,2015,0.766
03088704,E,空氣污染物申報-一般空氣污染物,揮發性有機化合物,,,2015,9.706
03088802,E,空氣污染物申報-一般空氣污染物,氮氧化物,,,2015,13.982
03088802,E,空氣污染物申報-一般空氣污染物,硫氧化物,,,2015,17.732
03088802,E,空氣污染物申報-一般空氣污染物,粒狀污染物,,,2015,2.38
03088802,E,空氣污染物申報-一般空氣污染物,揮發性有機化合物,,,2015,18.723
04742997,E,空氣污染物申報-一般空氣污染物,氮氧化物,,,2015,0.034
11456110,E,空氣污染物申報-一般空氣污染物,氮氧化物,,,2016,0.198
11821341,E,空氣污染物申報-一般空氣污染物,氮氧化物,,,2016,3.4630000000000005
11821341,E,空氣污染物申報-一般空氣污染物,硫氧化物,,,2016,4.997
11821341,E,空氣污染物申報-一般空氣污染物,揮發性有機化合物,,,2016,0.513
11880517,E,空氣污染物申報-一般空氣污染物,氮氧化物,,,2016,6.596
11880517,E,空氣污染物申報-一般空氣污染物,硫氧化物,,,2016,8.759
11880517,E,空氣污染物申報-一般空氣污染物,粒狀污染物,,,2016,1.0470000000000002
11880517,E,空氣污染物申報-一般空氣污染物,揮發性有機化合物,,,2016,0.315
12292039,E,空氣污染物申報-一般空氣污染物,氮氧化物,,,2016,0.632
12681706,E,空氣污染物申報-一般空氣污染物,揮發性有機化合物,,,2016,0.238
12715847,E,空氣污染物申報-一般空氣污染物,氮氧化物,,,2016,0.136
12715847,E,空氣污染物申報-一般空氣污染物,揮發性有機化合物,,,2016,2.7969999999999997
12971536,E,空氣污染物申報-一般空氣污染物,氮氧化物,,,2016,2.062
12971536,E,空氣污染物申報-一般空氣污染物,硫氧化物,,,2016,2.373
12971536,E,空氣污染物申報-一般空氣污染物,粒狀污染物,,,2016,18.114
12971536,E,空氣污染物申報-一般空氣污染物,揮發性有機化合物,,,2016,5.889
12974421,E,空氣污染物申報-一般空氣污染物,揮發性有機化合物,,,2016,1.4209999999999998
14089976,E,空氣污染物申報-一般空氣污染物,氮氧化物,,,2016,0.186
14089976,E,空氣污染物申報-一般空氣污染物,揮發性有機化合物,,,2016,4.178999999999999
16130161,E,空氣污染物申報-一般空氣污染物,氮氧化物,,,2016,0.236
16130161,E,空氣污染物申報-一般空氣污染物,粒狀污染物,,,2016,0.006
16130161,E,空氣污染物申報-一般空氣污染物,揮發性有機化合物,,,2016,0.963
16130471,E,空氣污染物申報-一般空氣污染物,氮氧化物,,,2016,1.056
16130471,E,空氣污染物申報-一般空氣污染物,硫氧化物,,,2016,1.52
16130471,E,空氣污染物申報-一般空氣污染物,揮發性有機化合物,,,2016,0.17099999999999999
16549813,E,空氣污染物申報-一般空氣污染物,氮氧化物,,,2016,0.058
16549813,E,空氣污染物申報-一般空氣污染物,揮發性有機化合物,,,2016,3.324
16749811,E,空氣污染物申報-一般空氣污染物,揮發性有機化合物,,,2016,0.007
22195654,E,空氣污染物申報-一般空氣污染物,揮發性有機化合物,,,2016,120.30900000000001
22662545,E,空氣污染物申報-一般空氣污染物,氮氧化物,,,2016,12.795
22662545,E,空氣污染物申報-一般空氣污染物,硫氧化物,,,2016,21.479
22662545,E,空氣污染物申報-一般空氣污染物,粒狀污染物,,,2016,3.4090000000000003
22662545,E,空氣污染物申報-一般空氣污染物,揮發性有機化合物,,,2016,63.113
23243578,E,空氣污染物申報-一般空氣污染物,揮發性有機化合物,,,2016,2.008
24626617,E,空氣污染物申報-一般空氣污染物,氮氧化物,,,2016,3.399
24626617,E,空氣污染物申報-一般空氣污染物,硫氧化物,,,2016,4.8999999999999995
24626617,E,空氣污染物申報-一般空氣污染物,揮發性有機化合物,,,2016,0.068
27473348,E,空氣污染物申報-一般空氣污染物,氮氧化物,,,2016,0.001
27473348,E,空氣污染物申報-一般空氣污染物,揮發性有機化合物,,,2016,16.361000000000004
27559859,E,空氣污染物申報-一般空氣污染物,揮發性有機化合物,,,2016,0.041
28684877,E,空氣污染物申報-一般空氣污染物,揮發性有機化合物,,,2016,0.014
28924399,E,空氣污染物申報-一般空氣污染物,氮氧化物,,,2016,0.128
28924399,E,空氣污染物申報-一般空氣污染物,揮發性有機化合物,,,2016,3.4170000000000003
33259508,E,空氣污染物申報-一般空氣污染物,氮氧化物,,,2016,0.26
33259508,E,空氣污染物申報-一般空氣污染物,揮發性有機化合物,,,2016,0.10999999999999999
35348007,E,空氣污染物申報-一般空氣污染物,氮氧化物,,,2016,0.889
35348007,E,空氣污染物申報-一般空氣污染物,硫氧化物,,,2016,1.282
35348007,E,空氣污染物申報-一般空氣污染物,揮發性有機化合物,,,2016,5.263999999999999
42042734,E,空氣污染物申報-一般空氣污染物,氮氧化物,,,2016,1.86
42042734,E,空氣污染物申報-一般空氣污染物,硫氧化物,,,2016,2.441
42042734,E,空氣污染物申報-一般空氣污染物,揮發性有機化合物,,,2016,0.003
43199950,E,空氣污染物申報-一般空氣污染物,揮發性有機化合物,,,2016,15.807
43211700,E,空氣污染物申報-一般空氣污染物,氮氧化物,,,2016,3.856
43211700,E,空氣污染物申報-一般空氣污染物,硫氧化物,,,2016,4.859
43211700,E,空氣污染物申報-一般空氣污染物,粒狀污染物,,,2016,0.753
43211700,E,空氣污染物申報-一般空氣污染物,揮發性有機化合物,,,2016,12.757
47154259,E,空氣污染物申報-一般空氣污染物,氮氧化物,,,2016,7.090000000000001
47154259,E,空氣污染物申報-一般空氣污染物,硫氧化物,,,2016,9.237
47154259,E,空氣污染物申報-一般空氣污染物,粒狀污染物,,,2016,1.021
47154259,E,空氣污染物申報-一般空氣污染物,揮發性有機化合物,,,2016,0.235
52347361,E,空氣污染物申報-一般空氣污染物,氮氧化物,,,2016,0.126
52347361,E,空氣污染物申報-一般空氣污染物,揮發性有機化合物,,,2016,0.46
54008079,E,空氣污染物申報-一般空氣污染物,揮發性有機化合物,,,2016,0.15
54059626,E,空氣污染物申報-一般空氣污染物,氮氧化物,,,2016,0.044000000000000004
54059626,E,空氣污染物申報-一般空氣污染物,揮發性有機化合物,,,2016,0.266
56065601,E,空氣污染物申報-一般空氣污染物,氮氧化物,,,2016,13.717
56065601,E,空氣污染物申報-一般空氣污染物,硫氧化物,,,2016,15.056000000000001
56065601,E,空氣污染物申報-一般空氣污染物,粒狀污染物,,,2016,1.7679999999999998
56065601,E,空氣污染物申報-一般空氣污染物,揮發性有機化合物,,,2016,37.50899999999999
56620559,E,空氣污染物申報-一般空氣污染物,氮氧化物,,,2016,6.874999999999999
56620559,E,空氣污染物申報-一般空氣污染物,硫氧化物,,,2016,9.914000000000001
56620559,E,空氣污染物申報-一般空氣污染物,揮發性有機化合物,,,2016,156.517
69275313,E,空氣污染物申報-一般空氣污染物,氮氧化物,,,2016,5.5
69275313,E,空氣污染物申報-一般空氣污染物,硫氧化物,,,2016,8.578
69275313,E,空氣污染物申報-一般空氣污染物,粒狀污染物,,,2016,2.02
70555349,E,空氣污染物申報-一般空氣污染物,氮氧化物,,,2016,0.629
70555349,E,空氣污染物申報-一般空氣污染物,硫氧化物,,,2016,0.9079999999999999
70557655,E,空氣污染物申報-一般空氣污染物,氮氧化物,,,2016,0.364
70557655,E,空氣污染物申報-一般空氣污染物,揮發性有機化合物,,,2016,0.858
71122503,E,空氣污染物申報-一般空氣污染物,氮氧化物,,,2016,1.7740000000000002
71122503,E,空氣污染物申報-一般空氣污染物,硫氧化物,,,2016,2.4699999999999998
71122503,E,空氣污染物申報-一般空氣污染物,粒狀污染物,,,2016,12.178
71122503,E,空氣污染物申報-一般空氣污染物,揮發性有機化合物,,,2016,8.552
72082135,E,空氣污染物申報-一般空氣污染物,氮氧化物,,,2016,0.339
72082135,E,空氣污染物申報-一般空氣污染物,硫氧化物,,,2016,0.486
72082135,E,空氣污染物申報-一般空氣污染物,揮發性有機化合物,,,2016,0.04
72197621,E,空氣污染物申報-一般空氣污染物,氮氧化物,,,2016,1.582
72197621,E,空氣污染物申報-一般空氣污染物,硫氧化物,,,2016,2.2079999999999997
72197621,E,空氣污染物申報-一般空氣污染物,粒狀污染物,,,2016,0.257
72197621,E,空氣污染物申報-一般空氣污染物,揮發性有機化合物,,,2016,18.783
80280616,E,空氣污染物申報-一般空氣污染物,揮發性有機化合物,,,2016,0.002
80281973,E,空氣污染物申報-一般空氣污染物,揮發性有機化合物,,,2016,0.002
80310225,E,空氣污染物申報-一般空氣污染物,揮發性有機化合物,,,2016,2.5330000000000004
80642673,E,空氣污染物申報-一般空氣污染物,氮氧化物,,,2016,0.5990000000000001
80642673,E,空氣污染物申報-一般空氣污染物,粒狀污染物,,,2016,0.012
80642673,E,空氣污染物申報-一般空氣污染物,揮發性有機化合物,,,2016,1.649
80689276,E,空氣污染物申報-一般空氣污染物,揮發性有機化合物,,,2016,0.045
81002274,E,空氣污染物申報-一般空氣污染物,氮氧化物,,,2016,0.146
84149006,E,空氣污染物申報-一般空氣污染物,氮氧化物,,,2016,1.113
84149006,E,空氣污染物申報-一般空氣污染物,硫氧化物,,,2016,1.6029999999999998
84149006,E,空氣污染物申報-一般空氣污染物,揮發性有機化合物,,,2016,0.048
86306206,E,空氣污染物申報-一般空氣污染物,氮氧化物,,,2016,0.026
86306206,E,空氣污染物申報-一般空氣污染物,硫氧化物,,,2016,0.038
86306206,E,空氣污染物申報-一般空氣污染物,粒狀污染物,,,2016,0.005
86306206,E,空氣污染物申報-一般空氣污染物,揮發性有機化合物,,,2016,21.154000000000003
96922622,E,空氣污染物申報-一般空氣污染物,氮氧化物,,,2016,35.659
96922622,E,空氣污染物申報-一般空氣污染物,硫氧化物,,,2016,49.713
96922622,E,空氣污染物申報-一般空氣污染物,粒狀污染物,,,2016,4.509
96922622,E,空氣污染物申報-一般空氣污染物,揮發性有機化合物,,,2016,60.84900000000001
97454724,E,空氣污染物申報-一般空氣污染物,揮發性有機化合物,,,2016,0.014000000000000002
03088802,E,空氣污染物申報-一般空氣污染物,氮氧化物,,,2016,15.277999999999997
03088802,E,空氣污染物申報-一般空氣污染物,硫氧化物,,,2016,12.424
03088802,E,空氣污染物申報-一般空氣污染物,粒狀污染物,,,2016,1.675
03088802,E,空氣污染物申報-一般空氣污染物,揮發性有機化合物,,,2016,33.407999999999994
03088704,E,空氣污染物申報-一般空氣污染物,氮氧化物,,,2016,0.84
03088704,E,空氣污染物申報-一般空氣污染物,硫氧化物,,,2016,0.28900000000000003
03088704,E,空氣污染物申報-一般空氣污染物,粒狀污染物,,,2016,0.075
03088704,E,空氣污染物申報-一般空氣污染物,揮發性有機化合物,,,2016,12.529
04742997,E,空氣污染物申報-一般空氣污染物,氮氧化物,,,2016,0.016
04742997,E,空氣污染物申報-一般空氣污染物,揮發性有機化合物,,,2016,0.031000000000000003
11456110,E,空氣污染物申報-一般空氣污染物,氮氧化物,,,2017,0.415
11821341,E,空氣污染物申報-一般空氣污染物,氮氧化物,,,2017,2.997
11821341,E,空氣污染物申報-一般空氣污染物,硫氧化物,,,2017,4.323
11821341,E,空氣污染物申報-一般空氣污染物,揮發性有機化合物,,,2017,0.43700000000000006
11821341,E,空氣污染物申報-有害空氣污染物,三氯甲烷,,,2017,0.006
11880517,E,空氣污染物申報-一般空氣污染物,氮氧化物,,,2017,5.777000000000001
11880517,E,空氣污染物申報-一般空氣污染物,硫氧化物,,,2017,7.609
11880517,E,空氣污染物申報-一般空氣污染物,粒狀污染物,,,2017,0.9610000000000001
11880517,E,空氣污染物申報-一般空氣污染物,揮發性有機化合物,,,2017,0.28900000000000003
11880517,E,空氣污染物申報-有害空氣污染物,三氯甲烷,,,2017,0.015
12292039,E,空氣污染物申報-一般空氣污染物,氮氧化物,,,2017,1.342
12681706,E,空氣污染物申報-一般空氣污染物,揮發性有機化合物,,,2017,0.145
12683520,E,空氣污染物申報-一般空氣污染物,揮發性有機化合物,,,2017,0.031
12683520,E,空氣污染物申報-有害空氣污染物,三氯甲烷,,,2017,0.007
12715847,E,空氣污染物申報-一般空氣污染物,氮氧化物,,,2017,0.104
12715847,E,空氣污染物申報-一般空氣污染物,揮發性有機化合物,,,2017,2.712
12715847,E,空氣污染物申報-有害空氣污染物,二氯甲烷,,,2017,1.436
12971536,E,空氣污染物申報-一般空氣污染物,氮氧化物,,,2017,1.626
12971536,E,空氣污染物申報-一般空氣污染物,硫氧化物,,,2017,2.046
12971536,E,空氣污染物申報-一般空氣污染物,粒狀污染物,,,2017,0.183
12971536,E,空氣污染物申報-一般空氣污染物,揮發性有機化合物,,,2017,7.2700000000000005
12971536,E,空氣污染物申報-有害空氣污染物,苯,,,2017,0.004
12971536,E,空氣污染物申報-有害空氣污染物,三氯甲烷,,,2017,0.436
12971536,E,空氣污染物申報-有害空氣污染物,乙苯,,,2017,0.004
12971536,E,空氣污染物申報-有害空氣污染物,二氯甲烷,,,2017,0.6100000000000001
12971536,E,空氣污染物申報-有害空氣污染物,甲苯,,,2017,0.09000000000000001
12971536,E,空氣污染物申報-有害空氣污染物,三氯乙烯,,,2017,0.004
12974421,E,空氣污染物申報-一般空氣污染物,揮發性有機化合物,,,2017,3.1679999999999997
14089976,E,空氣污染物申報-一般空氣污染物,氮氧化物,,,2017,0.111
14089976,E,空氣污染物申報-一般空氣污染物,揮發性有機化合物,,,2017,2.266
16130161,E,空氣污染物申報-一般空氣污染物,氮氧化物,,,2017,1.371
16130161,E,空氣污染物申報-一般空氣污染物,揮發性有機化合物,,,2017,4.359
16130161,E,空氣污染物申報-有害空氣污染物,二氯甲烷,,,2017,1.276
16130471,E,空氣污染物申報-一般空氣污染物,氮氧化物,,,2017,1.3820000000000001
16130471,E,空氣污染物申報-一般空氣污染物,硫氧化物,,,2017,1.9949999999999997
16130471,E,空氣污染物申報-一般空氣污染物,揮發性有機化合物,,,2017,0.328
16130471,E,空氣污染物申報-有害空氣污染物,二氯甲烷,,,2017,0.163
16549813,E,空氣污染物申報-一般空氣污染物,氮氧化物,,,2017,0.129
16549813,E,空氣污染物申報-一般空氣污染物,揮發性有機化合物,,,2017,6.388999999999999
16749811,E,空氣污染物申報-一般空氣污染物,揮發性有機化合物,,,2017,0.015
18606304,E,空氣污染物申報-一般空氣污染物,氮氧化物,,,2017,0.079
18606304,E,空氣污染物申報-一般空氣污染物,揮發性有機化合物,,,2017,9.554
22195654,E,空氣污染物申報-一般空氣污染物,揮發性有機化合物,,,2017,138.60999999999999
22662545,E,空氣污染物申報-一般空氣污染物,氮氧化物,,,2017,6.849
22662545,E,空氣污染物申報-一般空氣污染物,硫氧化物,,,2017,11.27
22662545,E,空氣污染物申報-一般空氣污染物,粒狀污染物,,,2017,1.461
22662545,E,空氣污染物申報-一般空氣污染物,揮發性有機化合物,,,2017,39.442
22662545,E,空氣污染物申報-有害空氣污染物,四氯化碳,,,2017,0.003
22662545,E,空氣污染物申報-有害空氣污染物,三氯甲烷,,,2017,0.004
22662545,E,空氣污染物申報-有害空氣污染物,二氯甲烷,,,2017,0.9480000000000001
22662545,E,空氣污染物申報-有害空氣污染物,甲苯,,,2017,12.402
22662545,E,空氣污染物申報-有害空氣污染物,三氯乙烯,,,2017,0.001
23243578,E,空氣污染物申報-一般空氣污染物,揮發性有機化合物,,,2017,2.158
23243578,E,空氣污染物申報-有害空氣污染物,甲苯,,,2017,0.086
23348952,E,空氣污染物申報-一般空氣污染物,氮氧化物,,,2017,0.07600000000000001
23348952,E,空氣污染物申報-一般空氣污染物,揮發性有機化合物,,,2017,0.356
23348952,E,空氣污染物申報-有害空氣污染物,二甲苯,,,2017,0.122
24626617,E,空氣污染物申報-一般空氣污染物,氮氧化物,,,2017,4.303
24626617,E,空氣污染物申報-一般空氣污染物,硫氧化物,,,2017,6.204
24626617,E,空氣污染物申報-一般空氣污染物,揮發性有機化合物,,,2017,0.1
24626617,E,空氣污染物申報-有害空氣污染物,二氯甲烷,,,2017,0.099
25021158,E,空氣污染物申報-一般空氣污染物,揮發性有機化合物,,,2017,0.027000000000000003
25021158,E,空氣污染物申報-有害空氣污染物,二氯甲烷,,,2017,0.027000000000000003
27473348,E,空氣污染物申報-一般空氣污染物,氮氧化物,,,2017,0.004
27473348,E,空氣污染物申報-一般空氣污染物,揮發性有機化合物,,,2017,10.099
27559859,E,空氣污染物申報-一般空氣污染物,揮發性有機化合物,,,2017,0.192
27559859,E,空氣污染物申報-有害空氣污染物,三氯甲烷,,,2017,0.006
27559859,E,空氣污染物申報-有害空氣污染物,二氯甲烷,,,2017,0.187
28684877,E,空氣污染物申報-一般空氣污染物,氮氧化物,,,2017,0.007
28684877,E,空氣污染物申報-一般空氣污染物,硫氧化物,,,2017,0.009000000000000001
28684877,E,空氣污染物申報-一般空氣污染物,揮發性有機化合物,,,2017,0.012
28684877,E,空氣污染物申報-有害空氣污染物,三氯甲烷,,,2017,0.012
28924399,E,空氣污染物申報-一般空氣污染物,氮氧化物,,,2017,0.11499999999999999
28924399,E,空氣污染物申報-一般空氣污染物,揮發性有機化合物,,,2017,2.6559999999999997
28924399,E,空氣污染物申報-有害空氣污染物,二氯甲烷,,,2017,0.09
28924399,E,空氣污染物申報-有害空氣污染物,甲苯,,,2017,0.002
33259508,E,空氣污染物申報-一般空氣污染物,氮氧化物,,,2017,0.27799999999999997
33259508,E,空氣污染物申報-一般空氣污染物,揮發性有機化合物,,,2017,0.193
33259508,E,空氣污染物申報-有害空氣污染物,二氯甲烷,,,2017,0.10300000000000001
35348007,E,空氣污染物申報-一般空氣污染物,氮氧化物,,,2017,0.692
35348007,E,空氣污染物申報-一般空氣污染物,硫氧化物,,,2017,0.996
35348007,E,空氣污染物申報-一般空氣污染物,揮發性有機化合物,,,2017,4.101
35348007,E,空氣污染物申報-有害空氣污染物,二氯甲烷,,,2017,2.707
42042734,E,空氣污染物申報-一般空氣污染物,氮氧化物,,,2017,1.658
42042734,E,空氣污染物申報-一般空氣污染物,硫氧化物,,,2017,2.027
42042734,E,空氣污染物申報-一般空氣污染物,揮發性有機化合物,,,2017,0.004
43199950,E,空氣污染物申報-一般空氣污染物,氮氧化物,,,2017,0.552
43199950,E,空氣污染物申報-一般空氣污染物,揮發性有機化合物,,,2017,15.482999999999997
43199950,E,空氣污染物申報-有害空氣污染物,三氯甲烷,,,2017,0.011000000000000001
43199950,E,空氣污染物申報-有害空氣污染物,二氯甲烷,,,2017,0.005
43211700,E,空氣污染物申報-一般空氣污染物,氮氧化物,,,2017,11.711
43211700,E,空氣污染物申報-一般空氣污染物,硫氧化物,,,2017,9.022
43211700,E,空氣污染物申報-一般空氣污染物,粒狀污染物,,,2017,1.472
43211700,E,空氣污染物申報-一般空氣污染物,揮發性有機化合物,,,2017,14.723
43211700,E,空氣污染物申報-有害空氣污染物,二氯甲烷,,,2017,0.528
47154259,E,空氣污染物申報-一般空氣污染物,氮氧化物,,,2017,4.973000000000001
47154259,E,空氣污染物申報-一般空氣污染物,硫氧化物,,,2017,7.23
47154259,E,空氣污染物申報-一般空氣污染物,粒狀污染物,,,2017,0.7290000000000001
47154259,E,空氣污染物申報-一般空氣污染物,揮發性有機化合物,,,2017,3.2439999999999998
47154259,E,空氣污染物申報-有害空氣污染物,三氯甲烷,,,2017,0.037000000000000005
47154259,E,空氣污染物申報-有害空氣污染物,二氯甲烷,,,2017,0.002
52347361,E,空氣污染物申報-一般空氣污染物,氮氧化物,,,2017,0.359
52347361,E,空氣污染物申報-一般空氣污染物,揮發性有機化合物,,,2017,2.441
52347361,E,空氣污染物申報-有害空氣污染物,乙苯,,,2017,0.001
52347361,E,空氣污染物申報-有害空氣污染物,甲苯,,,2017,0.9400000000000001
52347361,E,空氣污染物申報-有害空氣污染物,二甲苯,,,2017,0.004
53104031,E,空氣污染物申報-一般空氣污染物,氮氧化物,,,2017,0.21300000000000002
53104031,E,空氣污染物申報-一般空氣污染物,揮發性有機化合物,,,2017,1.0070000000000001
53943057,E,空氣污染物申報-一般空氣污染物,氮氧化物,,,2017,0.757
54008079,E,空氣污染物申報-一般空氣污染物,揮發性有機化合物,,,2017,0.149
54059626,E,空氣污染物申報-一般空氣污染物,揮發性有機化合物,,,2017,0.19
54150737,E,空氣污染物申報-一般空氣污染物,揮發性有機化合物,,,2017,0.133
56065601,E,空氣污染物申報-一般空氣污染物,氮氧化物,,,2017,15.297
56065601,E,空氣污染物申報-一般空氣污染物,硫氧化物,,,2017,14.062
56065601,E,空氣污染物申報-一般空氣污染物,粒狀污染物,,,2017,1.336
56065601,E,空氣污染物申報-一般空氣污染物,揮發性有機化合物,,,2017,40.873
56065601,E,空氣污染物申報-有害空氣污染物,三氯甲烷,,,2017,0.026
56065601,E,空氣污染物申報-有害空氣污染物,二氯甲烷,,,2017,27.929
56065601,E,空氣污染物申報-有害空氣污染物,甲苯,,,2017,1.3639999999999999
56620559,E,空氣污染物申報-一般空氣污染物,氮氧化物,,,2017,5.394
56620559,E,空氣污染物申報-一般空氣污染物,硫氧化物,,,2017,7.779
56620559,E,空氣污染物申報-一般空氣污染物,揮發性有機化合物,,,2017,99.862
56620559,E,空氣污染物申報-有害空氣污染物,二氯甲烷,,,2017,0.638
56620559,E,空氣污染物申報-有害空氣污染物,甲苯,,,2017,6.861
69275313,E,空氣污染物申報-一般空氣污染物,氮氧化物,,,2017,6.997
69275313,E,空氣污染物申報-一般空氣污染物,硫氧化物,,,2017,11.268
69275313,E,空氣污染物申報-一般空氣污染物,粒狀污染物,,,2017,1.4869999999999999
69275313,E,空氣污染物申報-一般空氣污染物,揮發性有機化合物,,,2017,0.619
69275313,E,空氣污染物申報-有害空氣污染物,三氯甲烷,,,2017,0.023
69275313,E,空氣污染物申報-有害空氣污染物,二氯甲烷,,,2017,0.007
70555349,E,空氣污染物申報-一般空氣污染物,氮氧化物,,,2017,0.6100000000000001
70555349,E,空氣污染物申報-一般空氣污染物,硫氧化物,,,2017,0.88
70555349,E,空氣污染物申報-一般空氣污染物,揮發性有機化合物,,,2017,0.001
70555349,E,空氣污染物申報-有害空氣污染物,二氯甲烷,,,2017,0.001
70557655,E,空氣污染物申報-一般空氣污染物,氮氧化物,,,2017,0.15200000000000002
70557655,E,空氣污染物申報-一般空氣污染物,揮發性有機化合物,,,2017,0.521
70557655,E,空氣污染物申報-有害空氣污染物,二氯甲烷,,,2017,0.156
70774029,E,空氣污染物申報-一般空氣污染物,揮發性有機化合物,,,2017,0.08600000000000001
70774029,E,空氣污染物申報-有害空氣污染物,二氯甲烷,,,2017,0.056
71122503,E,空氣污染物申報-一般空氣污染物,氮氧化物,,,2017,2.6
71122503,E,空氣污染物申報-一般空氣污染物,硫氧化物,,,2017,3.23
71122503,E,空氣污染物申報-一般空氣污染物,粒狀污染物,,,2017,0.581
71122503,E,空氣污染物申報-一般空氣污染物,揮發性有機化合物,,,2017,9.604000000000001
71122503,E,空氣污染物申報-有害空氣污染物,苯,,,2017,0.004
71122503,E,空氣污染物申報-有害空氣污染物,三氯甲烷,,,2017,0.087
71122503,E,空氣污染物申報-有害空氣污染物,二氯甲烷,,,2017,2.654
71122503,E,空氣污染物申報-有害空氣污染物,甲苯,,,2017,0.717
71122503,E,空氣污染物申報-有害空氣污染物,二甲苯,,,2017,0.114
72082135,E,空氣污染物申報-一般空氣污染物,氮氧化物,,,2017,0.35000000000000003
72082135,E,空氣污染物申報-一般空氣污染物,硫氧化物,,,2017,0.504
72082135,E,空氣污染物申報-一般空氣污染物,揮發性有機化合物,,,2017,0.109
72082135,E,空氣污染物申報-有害空氣污染物,三氯甲烷,,,2017,0.094
72082135,E,空氣污染物申報-有害空氣污染物,二氯甲烷,,,2017,0.015000000000000001
72197621,E,空氣污染物申報-一般空氣污染物,氮氧化物,,,2017,0.717
72197621,E,空氣污染物申報-一般空氣污染物,硫氧化物,,,2017,0.6380000000000001
72197621,E,空氣污染物申報-一般空氣污染物,粒狀污染物,,,2017,0.005
72197621,E,空氣污染物申報-一般空氣污染物,揮發性有機化合物,,,2017,29.769
72197621,E,空氣污染物申報-有害空氣污染物,苯,,,2017,0.006
72197621,E,空氣污染物申報-有害空氣污染物,三氯甲烷,,,2017,0.012
72197621,E,空氣污染物申報-有害空氣污染物,二氯甲烷,,,2017,14.995000000000001
72197621,E,空氣污染物申報-有害空氣污染物,甲苯,,,2017,1.1790000000000003
80280616,E,空氣污染物申報-一般空氣污染物,揮發性有機化合物,,,2017,0.003
80280616,E,空氣污染物申報-有害空氣污染物,三氯甲烷,,,2017,0.001
80280616,E,空氣污染物申報-有害空氣污染物,二氯甲烷,,,2017,0.001
80281973,E,空氣污染物申報-一般空氣污染物,揮發性有機化合物,,,2017,0.006
80310225,E,空氣污染物申報-一般空氣污染物,揮發性有機化合物,,,2017,1.468
80642673,E,空氣污染物申報-一般空氣污染物,氮氧化物,,,2017,1.808
80642673,E,空氣污染物申報-一般空氣污染物,粒狀污染物,,,2017,0.043
80642673,E,空氣污染物申報-一般空氣污染物,揮發性有機化合物,,,2017,6.078000000000001
80642673,E,空氣污染物申報-有害空氣污染物,三氯甲烷,,,2017,0.005
80642673,E,空氣污染物申報-有害空氣污染物,二氯甲烷,,,2017,1.636
80689276,E,空氣污染物申報-一般空氣污染物,揮發性有機化合物,,,2017,0.013000000000000001
81002274,E,空氣污染物申報-一般空氣污染物,氮氧化物,,,2017,0.504
84149006,E,空氣污染物申報-一般空氣污染物,氮氧化物,,,2017,0.922
84149006,E,空氣污染物申報-一般空氣污染物,硫氧化物,,,2017,1.3279999999999998
84149006,E,空氣污染物申報-一般空氣污染物,揮發性有機化合物,,,2017,0.027000000000000003
84149006,E,空氣污染物申報-有害空氣污染物,三氯甲烷,,,2017,0.011
84149006,E,空氣污染物申報-有害空氣污染物,二氯甲烷,,,2017,0.015000000000000003
86306206,E,空氣污染物申報-一般空氣污染物,氮氧化物,,,2017,0.052
86306206,E,空氣污染物申報-一般空氣污染物,硫氧化物,,,2017,0.076
86306206,E,空氣污染物申報-一般空氣污染物,粒狀污染物,,,2017,0.008
86306206,E,空氣污染物申報-一般空氣污染物,揮發性有機化合物,,,2017,18.689999999999998
96922622,E,空氣污染物申報-一般空氣污染物,氮氧化物,,,2017,13.395
96922622,E,空氣污染物申報-一般空氣污染物,硫氧化物,,,2017,15.965
96922622,E,空氣污染物申報-一般空氣污染物,粒狀污染物,,,2017,1.347
96922622,E,空氣污染物申報-一般空氣污染物,揮發性有機化合物,,,2017,25.143000000000004
96922622,E,空氣污染物申報-有害空氣污染物,三氯甲烷,,,2017,0.075
96922622,E,空氣污染物申報-有害空氣污染物,二氯甲烷,,,2017,12.421000000000001
96922622,E,空氣污染物申報-有害空氣污染物,甲苯,,,2017,1.657
96922622,E,空氣污染物申報-有害空氣污染物,二甲苯,,,2017,0.004
97454724,E,空氣污染物申報-一般空氣污染物,揮發性有機化合物,,,2017,0.213
03088802,E,空氣污染物申報-一般空氣污染物,氮氧化物,,,2017,9.258
03088802,E,空氣污染物申報-一般空氣污染物,硫氧化物,,,2017,9.936
03088802,E,空氣污染物申報-一般空氣污染物,粒狀污染物,,,2017,0.7809999999999999
03088802,E,空氣污染物申報-一般空氣污染物,揮發性有機化合物,,,2017,38.388000000000005
03088802,E,空氣污染物申報-有害空氣污染物,三氯甲烷,,,2017,0.035
03088802,E,空氣污染物申報-有害空氣污染物,二氯甲烷,,,2017,16.509
04742997,E,空氣污染物申報-一般空氣污染物,氮氧化物,,,2017,0.089
04742997,E,空氣污染物申報-一般空氣污染物,揮發性有機化合物,,,2017,0.007
04742997,E,空氣污染物申報-有害空氣污染物,二氯甲烷,,,2017,0.007
03088704,E,空氣污染物申報-一般空氣污染物,氮氧化物,,,2017,1.651
03088704,E,空氣污染物申報-一般空氣污染物,硫氧化物,,,2017,0.33299999999999996
03088704,E,空氣污染物申報-一般空氣污染物,粒狀污染物,,,2017,0.02
03088704,E,空氣污染物申報-一般空氣污染物,揮發性有機化合物,,,2017,8.462
03088704,E,空氣污染物申報-有害空氣污染物,二氯甲烷,,,2017,3.8369999999999997
03088704,E,空氣污染物申報-有害空氣污染物,甲苯,,,2017,0.849
11456110,E,空氣污染物申報-一般空氣污染物,氮氧化物,,,2018,0.629
11456110,E,空氣污染物申報-一般空氣污染物,粒狀污染物,,,2018,0.033
11821341,E,空氣污染物申報-一般空氣污染物,氮氧化物,,,2018,1.1429999999999998
11821341,E,空氣污染物申報-一般空氣污染物,硫氧化物,,,2018,0.285
11821341,E,空氣污染物申報-一般空氣污染物,粒狀污染物,,,2018,0.012
11821341,E,空氣污染物申報-一般空氣污染物,揮發性有機化合物,,,2018,1.2990000000000002
11821341,E,空氣污染物申報-有害空氣污染物,三氯甲烷,,,2018,0.035
11821341,E,空氣污染物申報-有害空氣污染物,二氯甲烷,,,2018,0.772
11880517,E,空氣污染物申報-一般空氣污染物,氮氧化物,,,2018,5.462
11880517,E,空氣污染物申報-一般空氣污染物,硫氧化物,,,2018,7.156
11880517,E,空氣污染物申報-一般空氣污染物,粒狀污染物,,,2018,0.808
11880517,E,空氣污染物申報-一般空氣污染物,揮發性有機化合物,,,2018,0.542
11880517,E,空氣污染物申報-有害空氣污染物,三氯甲烷,,,2018,0.074
11880517,E,空氣污染物申報-有害空氣污染物,二氯甲烷,,,2018,0.082
12292039,E,空氣污染物申報-一般空氣污染物,氮氧化物,,,2018,1.7439999999999998
12292039,E,空氣污染物申報-一般空氣污染物,粒狀污染物,,,2018,0.034
12681706,E,空氣污染物申報-一般空氣污染物,揮發性有機化合物,,,2018,0.098
12683520,E,空氣污染物申報-一般空氣污染物,揮發性有機化合物,,,2018,0.028
12683520,E,空氣污染物申報-有害空氣污染物,三氯甲烷,,,2018,0.003
12715847,E,空氣污染物申報-一般空氣污染物,氮氧化物,,,2018,0.13
12715847,E,空氣污染物申報-一般空氣污染物,粒狀污染物,,,2018,0.003
12715847,E,空氣污染物申報-一般空氣污染物,揮發性有機化合物,,,2018,3.7590000000000003
12715847,E,空氣污染物申報-有害空氣污染物,二氯甲烷,,,2018,1.993
12971536,E,空氣污染物申報-一般空氣污染物,氮氧化物,,,2018,2.01
12971536,E,空氣污染物申報-一般空氣污染物,硫氧化物,,,2018,2.611
12971536,E,空氣污染物申報-一般空氣污染物,粒狀污染物,,,2018,0.165
12971536,E,空氣污染物申報-一般空氣污染物,揮發性有機化合物,,,2018,4.9990000000000006
12971536,E,空氣污染物申報-有害空氣污染物,苯,,,2018,0.003
12971536,E,空氣污染物申報-有害空氣污染物,三氯甲烷,,,2018,0.347
12971536,E,空氣污染物申報-有害空氣污染物,乙苯,,,2018,0.003
12971536,E,空氣污染物申報-有害空氣污染物,二氯甲烷,,,2018,0.7010000000000001
12971536,E,空氣污染物申報-有害空氣污染物,甲苯,,,2018,0.025
12971536,E,空氣污染物申報-有害空氣污染物,三氯乙烯,,,2018,0.003
12974421,E,空氣污染物申報-一般空氣污染物,揮發性有機化合物,,,2018,4.994000000000001
13159100,E,空氣污染物申報-一般空氣污染物,氮氧化物,,,2018,0.038
13159100,E,空氣污染物申報-一般空氣污染物,粒狀污染物,,,2018,0.002
14089976,E,空氣污染物申報-一般空氣污染物,氮氧化物,,,2018,0.164
14089976,E,空氣污染物申報-一般空氣污染物,粒狀污染物,,,2018,0.036000000000000004
14089976,E,空氣污染物申報-一般空氣污染物,揮發性有機化合物,,,2018,3.089
16130161,E,空氣污染物申報-一般空氣污染物,氮氧化物,,,2018,2.278
16130161,E,空氣污染物申報-一般空氣污染物,粒狀污染物,,,2018,0.045
16130161,E,空氣污染物申報-一般空氣污染物,揮發性有機化合物,,,2018,8.271
16130161,E,空氣污染物申報-有害空氣污染物,二氯甲烷,,,2018,3.0400000000000005
16130471,E,空氣污染物申報-一般空氣污染物,氮氧化物,,,2018,1.5150000000000001
16130471,E,空氣污染物申報-一般空氣污染物,硫氧化物,,,2018,2.1849999999999996
16130471,E,空氣污染物申報-一般空氣污染物,粒狀污染物,,,2018,0.065
16130471,E,空氣污染物申報-一般空氣污染物,揮發性有機化合物,,,2018,0.21
16130471,E,空氣污染物申報-有害空氣污染物,二氯甲烷,,,2018,0.11299999999999999
16549813,E,空氣污染物申報-一般空氣污染物,氮氧化物,,,2018,0.298
16549813,E,空氣污染物申報-一般空氣污染物,粒狀污染物,,,2018,0.049
16549813,E,空氣污染物申報-一般空氣污染物,揮發性有機化合物,,,2018,12.622
16749811,E,空氣污染物申報-一般空氣污染物,揮發性有機化合物,,,2018,0.004
18606304,E,空氣污染物申報-一般空氣污染物,氮氧化物,,,2018,0.07200000000000001
18606304,E,空氣污染物申報-一般空氣污染物,粒狀污染物,,,2018,1.194
18606304,E,空氣污染物申報-一般空氣污染物,揮發性有機化合物,,,2018,11.345
22195654,E,空氣污染物申報-一般空氣污染物,揮發性有機化合物,,,2018,113.47600000000001
22662545,E,空氣污染物申報-一般空氣污染物,氮氧化物,,,2018,1.268
22662545,E,空氣污染物申報-一般空氣污染物,粒狀污染物,,,2018,0.034
22662545,E,空氣污染物申報-一般空氣污染物,揮發性有機化合物,,,2018,30.119999999999997
22662545,E,空氣污染物申報-有害空氣污染物,三氯甲烷,,,2018,0.001
22662545,E,空氣污染物申報-有害空氣污染物,二氯甲烷,,,2018,0.607
22662545,E,空氣污染物申報-有害空氣污染物,甲苯,,,2018,8.251
23243578,E,空氣污染物申報-一般空氣污染物,揮發性有機化合物,,,2018,1.12
23243578,E,空氣污染物申報-有害空氣污染物,甲苯,,,2018,0.076
23348952,E,空氣污染物申報-一般空氣污染物,氮氧化物,,,2018,0.034
23348952,E,空氣污染物申報-一般空氣污染物,粒狀污染物,,,2018,0.005
23348952,E,空氣污染物申報-一般空氣污染物,揮發性有機化合物,,,2018,0.912
23348952,E,空氣污染物申報-有害空氣污染物,二甲苯,,,2018,0.33599999999999997
24626617,E,空氣污染物申報-一般空氣污染物,氮氧化物,,,2018,7.037
24626617,E,空氣污染物申報-一般空氣污染物,硫氧化物,,,2018,10.143999999999998
24626617,E,空氣污染物申報-一般空氣污染物,粒狀污染物,,,2018,0.816
24626617,E,空氣污染物申報-一般空氣污染物,揮發性有機化合物,,,2018,5.156000000000001
24626617,E,空氣污染物申報-有害空氣污染物,三氯甲烷,,,2018,0.004
24626617,E,空氣污染物申報-有害空氣污染物,二氯甲烷,,,2018,0.492
25021158,E,空氣污染物申報-一般空氣污染物,揮發性有機化合物,,,2018,0.5780000000000001
25021158,E,空氣污染物申報-有害空氣污染物,二氯甲烷,,,2018,0.27199999999999996
27473348,E,空氣污染物申報-一般空氣污染物,氮氧化物,,,2018,0.004
27473348,E,空氣污染物申報-一般空氣污染物,揮發性有機化合物,,,2018,11.812999999999999
27559859,E,空氣污染物申報-一般空氣污染物,氮氧化物,,,2018,0.088
27559859,E,空氣污染物申報-一般空氣污染物,粒狀污染物,,,2018,0.003
27559859,E,空氣污染物申報-一般空氣污染物,揮發性有機化合物,,,2018,6.880000000000001
27559859,E,空氣污染物申報-有害空氣污染物,二氯甲烷,,,2018,2.349
27570215,E,空氣污染物申報-一般空氣污染物,揮發性有機化合物,,,2018,0.09
28684877,E,空氣污染物申報-一般空氣污染物,氮氧化物,,,2018,0.022
28684877,E,空氣污染物申報-一般空氣污染物,硫氧化物,,,2018,0.03
28684877,E,空氣污染物申報-一般空氣污染物,粒狀污染物,,,2018,0.002
28684877,E,空氣污染物申報-一般空氣污染物,揮發性有機化合物,,,2018,0.007
28684877,E,空氣污染物申報-有害空氣污染物,三氯甲烷,,,2018,0.003
28684877,E,空氣污染物申報-有害空氣污染物,二氯甲烷,,,2018,0.004
28924399,E,空氣污染物申報-一般空氣污染物,氮氧化物,,,2018,0.15300000000000002
28924399,E,空氣污染物申報-一般空氣污染物,粒狀污染物,,,2018,0.035
28924399,E,空氣污染物申報-一般空氣污染物,揮發性有機化合物,,,2018,2.454
28924399,E,空氣污染物申報-有害空氣污染物,苯,,,2018,0.006
28924399,E,空氣污染物申報-有害空氣污染物,二氯甲烷,,,2018,0.038000000000000006
28924399,E,空氣污染物申報-有害空氣污染物,甲苯,,,2018,0.004
33259508,E,空氣污染物申報-一般空氣污染物,氮氧化物,,,2018,0.048
33259508,E,空氣污染物申報-一般空氣污染物,粒狀污染物,,,2018,0.018
33259508,E,空氣污染物申報-一般空氣污染物,揮發性有機化合物,,,2018,0.458
33259508,E,空氣污染物申報-有害空氣污染物,二氯甲烷,,,2018,0.242
35348007,E,空氣污染物申報-一般空氣污染物,氮氧化物,,,2018,0.752
35348007,E,空氣污染物申報-一般空氣污染物,硫氧化物,,,2018,1.0819999999999999
35348007,E,空氣污染物申報-一般空氣污染物,粒狀污染物,,,2018,0.028
35348007,E,空氣污染物申報-一般空氣污染物,揮發性有機化合物,,,2018,3.7030000000000003
35348007,E,空氣污染物申報-有害空氣污染物,二氯甲烷,,,2018,2.7060000000000004
42042734,E,空氣污染物申報-一般空氣污染物,氮氧化物,,,2018,1.026
42042734,E,空氣污染物申報-一般空氣污染物,硫氧化物,,,2018,1.367
42042734,E,空氣污染物申報-一般空氣污染物,粒狀污染物,,,2018,0.074
42042734,E,空氣污染物申報-一般空氣污染物,揮發性有機化合物,,,2018,0.003
43199950,E,空氣污染物申報-一般空氣污染物,氮氧化物,,,2018,2.5170000000000003
43199950,E,空氣污染物申報-一般空氣污染物,粒狀污染物,,,2018,0.017
43199950,E,空氣污染物申報-一般空氣污染物,揮發性有機化合物,,,2018,16.393
43199950,E,空氣污染物申報-有害空氣污染物,三氯甲烷,,,2018,0.009000000000000001
43199950,E,空氣污染物申報-有害空氣污染物,二氯甲烷,,,2018,0.003
43211700,E,空氣污染物申報-一般空氣污染物,氮氧化物,,,2018,19.055
43211700,E,空氣污染物申報-一般空氣污染物,硫氧化物,,,2018,8.698
43211700,E,空氣污染物申報-一般空氣污染物,粒狀污染物,,,2018,2.037
43211700,E,空氣污染物申報-一般空氣污染物,揮發性有機化合物,,,2018,41.96000000000001
43211700,E,空氣污染物申報-有害空氣污染物,三氯甲烷,,,2018,0.035
43211700,E,空氣污染物申報-有害空氣污染物,二氯甲烷,,,2018,0.737
47154259,E,空氣污染物申報-一般空氣污染物,氮氧化物,,,2018,4.408
47154259,E,空氣污染物申報-一般空氣污染物,硫氧化物,,,2018,6.81
47154259,E,空氣污染物申報-一般空氣污染物,粒狀污染物,,,2018,0.5840000000000001
47154259,E,空氣污染物申報-一般空氣污染物,揮發性有機化合物,,,2018,2.558
47154259,E,空氣污染物申報-有害空氣污染物,三氯甲烷,,,2018,0.08800000000000001
47154259,E,空氣污染物申報-有害空氣污染物,三氯乙烯,,,2018,0.002
52347361,E,空氣污染物申報-一般空氣污染物,氮氧化物,,,2018,0.176
52347361,E,空氣污染物申報-一般空氣污染物,揮發性有機化合物,,,2018,1.504
52347361,E,空氣污染物申報-有害空氣污染物,甲苯,,,2018,0.912
53104031,E,空氣污染物申報-一般空氣污染物,氮氧化物,,,2018,0.654
53104031,E,空氣污染物申報-一般空氣污染物,粒狀污染物,,,2018,0.012
53104031,E,空氣污染物申報-一般空氣污染物,揮發性有機化合物,,,2018,0.9150000000000001
53943057,E,空氣污染物申報-一般空氣污染物,氮氧化物,,,2018,6.682999999999999
53943057,E,空氣污染物申報-一般空氣污染物,粒狀污染物,,,2018,0.008
54008079,E,空氣污染物申報-一般空氣污染物,揮發性有機化合物,,,2018,0.149
54059626,E,空氣污染物申報-一般空氣污染物,氮氧化物,,,2018,0.002
54059626,E,空氣污染物申報-一般空氣污染物,揮發性有機化合物,,,2018,0.111
54150737,E,空氣污染物申報-一般空氣污染物,揮發性有機化合物,,,2018,0.38
56065601,E,空氣污染物申報-一般空氣污染物,氮氧化物,,,2018,20.596999999999998
56065601,E,空氣污染物申報-一般空氣污染物,硫氧化物,,,2018,23.298
56065601,E,空氣污染物申報-一般空氣污染物,粒狀污染物,,,2018,2.3800000000000003
56065601,E,空氣污染物申報-一般空氣污染物,揮發性有機化合物,,,2018,159.186
56065601,E,空氣污染物申報-有害空氣污染物,三氯甲烷,,,2018,0.112
56065601,E,空氣污染物申報-有害空氣污染物,二氯甲烷,,,2018,58.260999999999996
56065601,E,空氣污染物申報-有害空氣污染物,甲苯,,,2018,0.043
56620559,E,空氣污染物申報-一般空氣污染物,氮氧化物,,,2018,3.843
56620559,E,空氣污染物申報-一般空氣污染物,硫氧化物,,,2018,5.541
56620559,E,空氣污染物申報-一般空氣污染物,粒狀污染物,,,2018,0.365
56620559,E,空氣污染物申報-一般空氣污染物,揮發性有機化合物,,,2018,74.689
56620559,E,空氣污染物申報-有害空氣污染物,二氯甲烷,,,2018,0.487
56620559,E,空氣污染物申報-有害空氣污染物,甲苯,,,2018,2.8310000000000004
69275313,E,空氣污染物申報-一般空氣污染物,氮氧化物,,,2018,3.506
69275313,E,空氣污染物申報-一般空氣污染物,硫氧化物,,,2018,2.259
69275313,E,空氣污染物申報-一般空氣污染物,粒狀污染物,,,2018,0.37500000000000006
69275313,E,空氣污染物申報-一般空氣污染物,揮發性有機化合物,,,2018,2.588
69275313,E,空氣污染物申報-有害空氣污染物,苯,,,2018,0.003
69275313,E,空氣污染物申報-有害空氣污染物,三氯甲烷,,,2018,0.128
69275313,E,空氣污染物申報-有害空氣污染物,二氯甲烷,,,2018,0.039
69275313,E,空氣污染物申報-有害空氣污染物,三氯乙烯,,,2018,0.001
70557655,E,空氣污染物申報-一般空氣污染物,氮氧化物,,,2018,0.176
70557655,E,空氣污染物申報-一般空氣污染物,粒狀污染物,,,2018,0.003
70557655,E,空氣污染物申報-一般空氣污染物,揮發性有機化合物,,,2018,0.5820000000000001
70557655,E,空氣污染物申報-有害空氣污染物,二氯甲烷,,,2018,0.412
70774029,E,空氣污染物申報-一般空氣污染物,揮發性有機化合物,,,2018,0.07400000000000001
70774029,E,空氣污染物申報-有害空氣污染物,二氯甲烷,,,2018,0.051000000000000004
71122503,E,空氣污染物申報-一般空氣污染物,氮氧化物,,,2018,2.4650000000000007
71122503,E,空氣污染物申報-一般空氣污染物,硫氧化物,,,2018,2.945
71122503,E,空氣污染物申報-一般空氣污染物,粒狀污染物,,,2018,0.76
71122503,E,空氣污染物申報-一般空氣污染物,揮發性有機化合物,,,2018,26.204
71122503,E,空氣污染物申報-有害空氣污染物,苯,,,2018,0.008
71122503,E,空氣污染物申報-有害空氣污染物,三氯甲烷,,,2018,0.126
71122503,E,空氣污染物申報-有害空氣污染物,二氯甲烷,,,2018,10.421
71122503,E,空氣污染物申報-有害空氣污染物,甲苯,,,2018,1.4609999999999999
71122503,E,空氣污染物申報-有害空氣污染物,二甲苯,,,2018,0.186
72082135,E,空氣污染物申報-一般空氣污染物,氮氧化物,,,2018,0.16299999999999998
72082135,E,空氣污染物申報-一般空氣污染物,硫氧化物,,,2018,0.23399999999999999
72082135,E,空氣污染物申報-一般空氣污染物,粒狀污染物,,,2018,0.011
72082135,E,空氣污染物申報-一般空氣污染物,揮發性有機化合物,,,2018,0.057
72082135,E,空氣污染物申報-有害空氣污染物,三氯甲烷,,,2018,0.051000000000000004
72082135,E,空氣污染物申報-有害空氣污染物,二氯甲烷,,,2018,0.006
72197621,E,空氣污染物申報-一般空氣污染物,氮氧化物,,,2018,0.754
72197621,E,空氣污染物申報-一般空氣污染物,硫氧化物,,,2018,0.262
72197621,E,空氣污染物申報-一般空氣污染物,粒狀污染物,,,2018,0.020999999999999998
72197621,E,空氣污染物申報-一般空氣污染物,揮發性有機化合物,,,2018,28.490000000000002
72197621,E,空氣污染物申報-有害空氣污染物,三氯甲烷,,,2018,0.007
72197621,E,空氣污染物申報-有害空氣污染物,二氯甲烷,,,2018,14.501000000000001
72197621,E,空氣污染物申報-有害空氣污染物,甲苯,,,2018,1.139
80280616,E,空氣污染物申報-一般空氣污染物,揮發性有機化合物,,,2018,0.004
80280616,E,空氣污染物申報-有害空氣污染物,二氯甲烷,,,2018,0.004
80281973,E,空氣污染物申報-一般空氣污染物,揮發性有機化合物,,,2018,0.005
80310225,E,空氣污染物申報-一般空氣污染物,揮發性有機化合物,,,2018,0.812
80642673,E,空氣污染物申報-一般空氣污染物,氮氧化物,,,2018,2.9040000000000004
80642673,E,空氣污染物申報-一般空氣污染物,粒狀污染物,,,2018,0.07
80642673,E,空氣污染物申報-一般空氣污染物,揮發性有機化合物,,,2018,18.096
80642673,E,空氣污染物申報-有害空氣污染物,苯,,,2018,0.002
80642673,E,空氣污染物申報-有害空氣污染物,三氯甲烷,,,2018,0.026000000000000002
80642673,E,空氣污染物申報-有害空氣污染物,二氯甲烷,,,2018,3.7009999999999996
81002274,E,空氣污染物申報-一般空氣污染物,氮氧化物,,,2018,0.605
81002274,E,空氣污染物申報-一般空氣污染物,粒狀污染物,,,2018,0.006
84149006,E,空氣污染物申報-一般空氣污染物,氮氧化物,,,2018,2.7410000000000005
84149006,E,空氣污染物申報-一般空氣污染物,硫氧化物,,,2018,3.9459999999999997
84149006,E,空氣污染物申報-一般空氣污染物,粒狀污染物,,,2018,0.36799999999999994
84149006,E,空氣污染物申報-一般空氣污染物,揮發性有機化合物,,,2018,7.067
84149006,E,空氣污染物申報-有害空氣污染物,三氯甲烷,,,2018,0.03200000000000001
84149006,E,空氣污染物申報-有害空氣污染物,二氯甲烷,,,2018,0.051
86306206,E,空氣污染物申報-一般空氣污染物,氮氧化物,,,2018,0.09699999999999999
86306206,E,空氣污染物申報-一般空氣污染物,硫氧化物,,,2018,0.14200000000000002
86306206,E,空氣污染物申報-一般空氣污染物,粒狀污染物,,,2018,0.014000000000000002
86306206,E,空氣污染物申報-一般空氣污染物,揮發性有機化合物,,,2018,42.041
96922622,E,空氣污染物申報-一般空氣污染物,氮氧化物,,,2018,13.227999999999998
96922622,E,空氣污染物申報-一般空氣污染物,硫氧化物,,,2018,12.72
96922622,E,空氣污染物申報-一般空氣污染物,粒狀污染物,,,2018,1.829
96922622,E,空氣污染物申報-一般空氣污染物,揮發性有機化合物,,,2018,25.802000000000003
96922622,E,空氣污染物申報-有害空氣污染物,三氯甲烷,,,2018,0.046
96922622,E,空氣污染物申報-有害空氣污染物,二氯甲烷,,,2018,10.989
96922622,E,空氣污染物申報-有害空氣污染物,甲苯,,,2018,2.108
97454724,E,空氣污染物申報-一般空氣污染物,揮發性有機化合物,,,2018,3.712
04742997,E,空氣污染物申報-一般空氣污染物,氮氧化物,,,2018,0.119
04742997,E,空氣污染物申報-一般空氣污染物,粒狀污染物,,,2018,0.032
04742997,E,空氣污染物申報-一般空氣污染物,揮發性有機化合物,,,2018,0.009000000000000001
04742997,E,空氣污染物申報-有害空氣污染物,二氯甲烷,,,2018,0.009000000000000001
03088704,E,空氣污染物申報-一般空氣污染物,氮氧化物,,,2018,0.591
03088704,E,空氣污染物申報-一般空氣污染物,粒狀污染物,,,2018,0.068
03088704,E,空氣污染物申報-一般空氣污染物,揮發性有機化合物,,,2018,10.643
03088704,E,空氣污染物申報-有害空氣污染物,二氯甲烷,,,2018,4.678
03088704,E,空氣污染物申報-有害空氣污染物,甲苯,,,2018,1.127
03088802,E,空氣污染物申報-一般空氣污染物,氮氧化物,,,2018,17.62
03088802,E,空氣污染物申報-一般空氣污染物,硫氧化物,,,2018,27.921999999999997
03088802,E,空氣污染物申報-一般空氣污染物,粒狀污染物,,,2018,1.29
03088802,E,空氣污染物申報-一般空氣污染物,揮發性有機化合物,,,2018,33.694
03088802,E,空氣污染物申報-有害空氣污染物,三氯甲烷,,,2018,0.011
03088802,E,空氣污染物申報-有害空氣污染物,二氯甲烷,,,2018,16.18
11456110,E,空氣污染物申報-一般空氣污染物,氮氧化物,,,2019,0.269
11456110,E,空氣污染物申報-一般空氣污染物,粒狀污染物,,,2019,0.023000000000000003
11456110,E,空氣污染物申報-一般空氣污染物,揮發性有機化合物,,,2019,13.344
11456110,E,空氣污染物申報-有害空氣污染物,二氯甲烷,,,2019,0.007
11821341,E,空氣污染物申報-一般空氣污染物,氮氧化物,,,2019,0.9819999999999999
11821341,E,空氣污染物申報-一般空氣污染物,粒狀污染物,,,2019,0.030000000000000002
11821341,E,空氣污染物申報-一般空氣污染物,揮發性有機化合物,,,2019,0.712
11821341,E,空氣污染物申報-有害空氣污染物,三氯甲烷,,,2019,0.002
11821341,E,空氣污染物申報-有害空氣污染物,二氯甲烷,,,2019,0.028000000000000004
11880517,E,空氣污染物申報-一般空氣污染物,氮氧化物,,,2019,3
11880517,E,空氣污染物申報-一般空氣污染物,硫氧化物,,,2019,4.147
11880517,E,空氣污染物申報-一般空氣污染物,粒狀污染物,,,2019,0.404
11880517,E,空氣污染物申報-一般空氣污染物,揮發性有機化合物,,,2019,0.21300000000000002
11880517,E,空氣污染物申報-有害空氣污染物,三氯甲烷,,,2019,0.001
12292039,E,空氣污染物申報-一般空氣污染物,氮氧化物,,,2019,4.268
12292039,E,空氣污染物申報-一般空氣污染物,粒狀污染物,,,2019,0.13
12681706,E,空氣污染物申報-一般空氣污染物,揮發性有機化合物,,,2019,0.12
12683520,E,空氣污染物申報-一般空氣污染物,揮發性有機化合物,,,2019,0.092
12683520,E,空氣污染物申報-有害空氣污染物,三氯甲烷,,,2019,0.013000000000000001
12715847,E,空氣污染物申報-一般空氣污染物,氮氧化物,,,2019,0.22100000000000003
12715847,E,空氣污染物申報-一般空氣污染物,粒狀污染物,,,2019,0.006
12715847,E,空氣污染物申報-一般空氣污染物,揮發性有機化合物,,,2019,4.841
12715847,E,空氣污染物申報-有害空氣污染物,三氯甲烷,,,2019,0.004
12715847,E,空氣污染物申報-有害空氣污染物,二氯甲烷,,,2019,2.564
12971536,E,空氣污染物申報-一般空氣污染物,氮氧化物,,,2019,3.856
12971536,E,空氣污染物申報-一般空氣污染物,硫氧化物,,,2019,4.352999999999999
12971536,E,空氣污染物申報-一般空氣污染物,粒狀污染物,,,2019,0.28900000000000003
12971536,E,空氣污染物申報-一般空氣污染物,揮發性有機化合物,,,2019,10.703
12971536,E,空氣污染物申報-有害空氣污染物,苯,,,2019,0.007
12971536,E,空氣污染物申報-有害空氣污染物,三氯甲烷,,,2019,0.554
12971536,E,空氣污染物申報-有害空氣污染物,乙苯,,,2019,0.007
12971536,E,空氣污染物申報-有害空氣污染物,二氯甲烷,,,2019,0.21900000000000003
12971536,E,空氣污染物申報-有害空氣污染物,甲苯,,,2019,0.061000000000000006
12971536,E,空氣污染物申報-有害空氣污染物,三氯乙烯,,,2019,0.007
12974421,E,空氣污染物申報-一般空氣污染物,揮發性有機化合物,,,2019,1.693
13159100,E,空氣污染物申報-一般空氣污染物,氮氧化物,,,2019,0.042
13159100,E,空氣污染物申報-一般空氣污染物,粒狀污染物,,,2019,0.002
14089976,E,空氣污染物申報-一般空氣污染物,氮氧化物,,,2019,0.111
14089976,E,空氣污染物申報-一般空氣污染物,粒狀污染物,,,2019,0.038
14089976,E,空氣污染物申報-一般空氣污染物,揮發性有機化合物,,,2019,2.209
16130161,E,空氣污染物申報-一般空氣污染物,氮氧化物,,,2019,1.9749999999999999
16130161,E,空氣污染物申報-一般空氣污染物,粒狀污染物,,,2019,0.063
16130161,E,空氣污染物申報-一般空氣污染物,揮發性有機化合物,,,2019,4.041
16130161,E,空氣污染物申報-有害空氣污染物,二氯甲烷,,,2019,1.024
16130471,E,空氣污染物申報-一般空氣污染物,氮氧化物,,,2019,0.135
16130471,E,空氣污染物申報-一般空氣污染物,硫氧化物,,,2019,0.095
16130471,E,空氣污染物申報-一般空氣污染物,粒狀污染物,,,2019,0.011
16130471,E,空氣污染物申報-一般空氣污染物,揮發性有機化合物,,,2019,0.14200000000000002
16130471,E,空氣污染物申報-有害空氣污染物,二氯甲烷,,,2019,0.076
16549813,E,空氣污染物申報-一般空氣污染物,氮氧化物,,,2019,0.11
16549813,E,空氣污染物申報-一般空氣污染物,粒狀污染物,,,2019,0.038
16549813,E,空氣污染物申報-一般空氣污染物,揮發性有機化合物,,,2019,7.109
16749811,E,空氣污染物申報-一般空氣污染物,揮發性有機化合物,,,2019,0.012
18606304,E,空氣污染物申報-一般空氣污染物,氮氧化物,,,2019,0.13899999999999998
18606304,E,空氣污染物申報-一般空氣污染物,粒狀污染物,,,2019,2.4640000000000004
18606304,E,空氣污染物申報-一般空氣污染物,揮發性有機化合物,,,2019,25.881
22099982,E,空氣污染物申報-一般空氣污染物,粒狀污染物,,,2019,0.023
22099982,E,空氣污染物申報-一般空氣污染物,揮發性有機化合物,,,2019,0.76
22195654,E,空氣污染物申報-一般空氣污染物,揮發性有機化合物,,,2019,111.531
22662545,E,空氣污染物申報-一般空氣污染物,氮氧化物,,,2019,5.813000000000001
22662545,E,空氣污染物申報-一般空氣污染物,粒狀污染物,,,2019,0.104
22662545,E,空氣污染物申報-一般空氣污染物,揮發性有機化合物,,,2019,120.31800000000001
22662545,E,空氣污染物申報-有害空氣污染物,三氯甲烷,,,2019,0.007
22662545,E,空氣污染物申報-有害空氣污染物,二氯甲烷,,,2019,2.9589999999999996
22662545,E,空氣污染物申報-有害空氣污染物,甲苯,,,2019,27.12
23243578,E,空氣污染物申報-一般空氣污染物,揮發性有機化合物,,,2019,0.474
23243578,E,空氣污染物申報-有害空氣污染物,甲苯,,,2019,0.012
23348952,E,空氣污染物申報-一般空氣污染物,氮氧化物,,,2019,0.024
23348952,E,空氣污染物申報-一般空氣污染物,粒狀污染物,,,2019,0.008
23348952,E,空氣污染物申報-一般空氣污染物,揮發性有機化合物,,,2019,0.094
23348952,E,空氣污染物申報-有害空氣污染物,二甲苯,,,2019,0.014
24626617,E,空氣污染物申報-一般空氣污染物,氮氧化物,,,2019,5.390999999999999
24626617,E,空氣污染物申報-一般空氣污染物,硫氧化物,,,2019,7.773
24626617,E,空氣污染物申報-一般空氣污染物,粒狀污染物,,,2019,0.626
24626617,E,空氣污染物申報-一般空氣污染物,揮發性有機化合物,,,2019,6.156000000000001
24626617,E,空氣污染物申報-有害空氣污染物,三氯甲烷,,,2019,0.021
24626617,E,空氣污染物申報-有害空氣污染物,二氯甲烷,,,2019,0.53
25021158,E,空氣污染物申報-一般空氣污染物,揮發性有機化合物,,,2019,1.0440000000000003
25021158,E,空氣污染物申報-有害空氣污染物,二氯甲烷,,,2019,0.145
27473348,E,空氣污染物申報-一般空氣污染物,氮氧化物,,,2019,0.003
27473348,E,空氣污染物申報-一般空氣污染物,揮發性有機化合物,,,2019,12.471
27559859,E,空氣污染物申報-一般空氣污染物,氮氧化物,,,2019,0.24
27559859,E,空氣污染物申報-一般空氣污染物,粒狀污染物,,,2019,0.007
27559859,E,空氣污染物申報-一般空氣污染物,揮發性有機化合物,,,2019,3.491
27559859,E,空氣污染物申報-有害空氣污染物,二氯甲烷,,,2019,0.003
28684877,E,空氣污染物申報-一般空氣污染物,氮氧化物,,,2019,0.016
28684877,E,空氣污染物申報-一般空氣污染物,硫氧化物,,,2019,0.001
28684877,E,空氣污染物申報-一般空氣污染物,揮發性有機化合物,,,2019,0.045
28684877,E,空氣污染物申報-有害空氣污染物,二氯甲烷,,,2019,0.042
28924399,E,空氣污染物申報-一般空氣污染物,氮氧化物,,,2019,0.06
28924399,E,空氣污染物申報-一般空氣污染物,粒狀污染物,,,2019,0.007
28924399,E,空氣污染物申報-一般空氣污染物,揮發性有機化合物,,,2019,0.384
28924399,E,空氣污染物申報-有害空氣污染物,二氯甲烷,,,2019,0.005
33259508,E,空氣污染物申報-一般空氣污染物,氮氧化物,,,2019,1.256
33259508,E,空氣污染物申報-一般空氣污染物,粒狀污染物,,,2019,0.048
33259508,E,空氣污染物申報-一般空氣污染物,揮發性有機化合物,,,2019,0.366
33259508,E,空氣污染物申報-有害空氣污染物,二氯甲烷,,,2019,0.192
35348007,E,空氣污染物申報-一般空氣污染物,氮氧化物,,,2019,0.95
35348007,E,空氣污染物申報-一般空氣污染物,硫氧化物,,,2019,1.311
35348007,E,空氣污染物申報-一般空氣污染物,粒狀污染物,,,2019,0.129
35348007,E,空氣污染物申報-一般空氣污染物,揮發性有機化合物,,,2019,5.405
35348007,E,空氣污染物申報-有害空氣污染物,二氯甲烷,,,2019,4.2989999999999995
42042734,E,空氣污染物申報-一般空氣污染物,氮氧化物,,,2019,1.6
42042734,E,空氣污染物申報-一般空氣污染物,硫氧化物,,,2019,2.283
42042734,E,空氣污染物申報-一般空氣污染物,粒狀污染物,,,2019,0.193
42042734,E,空氣污染物申報-一般空氣污染物,揮發性有機化合物,,,2019,0.003
43199950,E,空氣污染物申報-一般空氣污染物,氮氧化物,,,2019,0.598
43199950,E,空氣污染物申報-一般空氣污染物,粒狀污染物,,,2019,0.017
43199950,E,空氣污染物申報-一般空氣污染物,揮發性有機化合物,,,2019,14.545
43211700,E,空氣污染物申報-一般空氣污染物,氮氧化物,,,2019,14.934000000000001
43211700,E,空氣污染物申報-一般空氣污染物,硫氧化物,,,2019,5.8839999999999995
43211700,E,空氣污染物申報-一般空氣污染物,粒狀污染物,,,2019,1.56
43211700,E,空氣污染物申報-一般空氣污染物,揮發性有機化合物,,,2019,37.768
43211700,E,空氣污染物申報-有害空氣污染物,苯,,,2019,0.002
43211700,E,空氣污染物申報-有害空氣污染物,三氯甲烷,,,2019,0.041
43211700,E,空氣污染物申報-有害空氣污染物,二氯甲烷,,,2019,0.538
43211700,E,空氣污染物申報-有害空氣污染物,三氯乙烯,,,2019,0.001
47154259,E,空氣污染物申報-一般空氣污染物,氮氧化物,,,2019,3.8400000000000003
47154259,E,空氣污染物申報-一般空氣污染物,硫氧化物,,,2019,5.814
47154259,E,空氣污染物申報-一般空氣污染物,粒狀污染物,,,2019,0.396
47154259,E,空氣污染物申報-一般空氣污染物,揮發性有機化合物,,,2019,2.106
47154259,E,空氣污染物申報-有害空氣污染物,三氯甲烷,,,2019,0.119
52347361,E,空氣污染物申報-一般空氣污染物,氮氧化物,,,2019,0.955
52347361,E,空氣污染物申報-一般空氣污染物,粒狀污染物,,,2019,0.027
52347361,E,空氣污染物申報-一般空氣污染物,揮發性有機化合物,,,2019,6.492
52347361,E,空氣污染物申報-有害空氣污染物,乙苯,,,2019,0.001
52347361,E,空氣污染物申報-有害空氣污染物,甲苯,,,2019,2.064
52347361,E,空氣污染物申報-有害空氣污染物,二甲苯,,,2019,0.004
53104031,E,空氣污染物申報-一般空氣污染物,氮氧化物,,,2019,0.311
53104031,E,空氣污染物申報-一般空氣污染物,粒狀污染物,,,2019,0.007
53104031,E,空氣污染物申報-一般空氣污染物,揮發性有機化合物,,,2019,3.733
53943057,E,空氣污染物申報-一般空氣污染物,氮氧化物,,,2019,1.581
53943057,E,空氣污染物申報-一般空氣污染物,粒狀污染物,,,2019,0.048
53943057,E,空氣污染物申報-一般空氣污染物,揮發性有機化合物,,,2019,0.009000000000000001
53943057,E,空氣污染物申報-有害空氣污染物,二氯甲烷,,,2019,0.005
54008079,E,空氣污染物申報-一般空氣污染物,揮發性有機化合物,,,2019,0.222
54059626,E,空氣污染物申報-一般空氣污染物,氮氧化物,,,2019,0.005
54150737,E,空氣污染物申報-一般空氣污染物,揮發性有機化合物,,,2019,0.9760000000000001
56065601,E,空氣污染物申報-一般空氣污染物,氮氧化物,,,2019,11.174000000000003
56065601,E,空氣污染物申報-一般空氣污染物,硫氧化物,,,2019,10.429
56065601,E,空氣污染物申報-一般空氣污染物,粒狀污染物,,,2019,1.2959999999999996
56065601,E,空氣污染物申報-一般空氣污染物,揮發性有機化合物,,,2019,100.965
56065601,E,空氣污染物申報-有害空氣污染物,三氯甲烷,,,2019,0.145
56065601,E,空氣污染物申報-有害空氣污染物,二氯甲烷,,,2019,18.255
56065601,E,空氣污染物申報-有害空氣污染物,甲苯,,,2019,0.376
56620559,E,空氣污染物申報-一般空氣污染物,氮氧化物,,,2019,3.0749999999999997
56620559,E,空氣污染物申報-一般空氣污染物,硫氧化物,,,2019,1.077
56620559,E,空氣污染物申報-一般空氣污染物,粒狀污染物,,,2019,0.23400000000000004
56620559,E,空氣污染物申報-一般空氣污染物,揮發性有機化合物,,,2019,160.52100000000002
56620559,E,空氣污染物申報-有害空氣污染物,二氯甲烷,,,2019,0.798
56620559,E,空氣污染物申報-有害空氣污染物,甲苯,,,2019,9.033
69275313,E,空氣污染物申報-一般空氣污染物,氮氧化物,,,2019,5.031000000000001
69275313,E,空氣污染物申報-一般空氣污染物,粒狀污染物,,,2019,0.174
69275313,E,空氣污染物申報-一般空氣污染物,揮發性有機化合物,,,2019,4.725
69275313,E,空氣污染物申報-有害空氣污染物,三氯甲烷,,,2019,0.233
69275313,E,空氣污染物申報-有害空氣污染物,二氯甲烷,,,2019,0.03900000000000001
69764396,E,空氣污染物申報-一般空氣污染物,揮發性有機化合物,,,2019,0.098
70555349,E,空氣污染物申報-一般空氣污染物,氮氧化物,,,2019,0.488
70555349,E,空氣污染物申報-一般空氣污染物,硫氧化物,,,2019,0.7030000000000001
70555349,E,空氣污染物申報-一般空氣污染物,粒狀污染物,,,2019,0.069
70557655,E,空氣污染物申報-一般空氣污染物,氮氧化物,,,2019,0.123
70557655,E,空氣污染物申報-一般空氣污染物,粒狀污染物,,,2019,0.004
70557655,E,空氣污染物申報-一般空氣污染物,揮發性有機化合物,,,2019,0.514
70557655,E,空氣污染物申報-有害空氣污染物,二氯甲烷,,,2019,0.08299999999999999
70722557,E,空氣污染物申報-一般空氣污染物,揮發性有機化合物,,,2019,0.004
70774029,E,空氣污染物申報-一般空氣污染物,揮發性有機化合物,,,2019,0.16299999999999998
70774029,E,空氣污染物申報-有害空氣污染物,二氯甲烷,,,2019,0.115
71122503,E,空氣污染物申報-一般空氣污染物,氮氧化物,,,2019,1.171
71122503,E,空氣污染物申報-一般空氣污染物,粒狀污染物,,,2019,0.041
71122503,E,空氣污染物申報-一般空氣污染物,揮發性有機化合物,,,2019,13.103
71122503,E,空氣污染物申報-有害空氣污染物,苯,,,2019,0.002
71122503,E,空氣污染物申報-有害空氣污染物,三氯甲烷,,,2019,0.085
71122503,E,空氣污染物申報-有害空氣污染物,二氯甲烷,,,2019,3.908
71122503,E,空氣污染物申報-有害空氣污染物,甲苯,,,2019,1.103
71122503,E,空氣污染物申報-有害空氣污染物,二甲苯,,,2019,0.102
72082135,E,空氣污染物申報-一般空氣污染物,氮氧化物,,,2019,0.2
72082135,E,空氣污染物申報-一般空氣污染物,硫氧化物,,,2019,0.288
72082135,E,空氣污染物申報-一般空氣污染物,粒狀污染物,,,2019,0.028
72082135,E,空氣污染物申報-一般空氣污染物,揮發性有機化合物,,,2019,0.042
72082135,E,空氣污染物申報-有害空氣污染物,三氯甲烷,,,2019,0.036
72082135,E,空氣污染物申報-有害空氣污染物,二氯甲烷,,,2019,0.006
72197621,E,空氣污染物申報-一般空氣污染物,氮氧化物,,,2019,1.746
72197621,E,空氣污染物申報-一般空氣污染物,粒狀污染物,,,2019,0.003
72197621,E,空氣污染物申報-一般空氣污染物,揮發性有機化合物,,,2019,31.278
72197621,E,空氣污染物申報-有害空氣污染物,三氯甲烷,,,2019,0.009000000000000001
72197621,E,空氣污染物申報-有害空氣污染物,二氯甲烷,,,2019,13.29
72197621,E,空氣污染物申報-有害空氣污染物,甲苯,,,2019,0.276
80280616,E,空氣污染物申報-一般空氣污染物,揮發性有機化合物,,,2019,0.24000000000000002
80280616,E,空氣污染物申報-有害空氣污染物,三氯甲烷,,,2019,0.018
80280616,E,空氣污染物申報-有害空氣污染物,二氯甲烷,,,2019,0.174
80281973,E,空氣污染物申報-一般空氣污染物,揮發性有機化合物,,,2019,0.004
80310225,E,空氣污染物申報-一般空氣污染物,揮發性有機化合物,,,2019,1.9130000000000003
80642673,E,空氣污染物申報-一般空氣污染物,氮氧化物,,,2019,1.004
80642673,E,空氣污染物申報-一般空氣污染物,粒狀污染物,,,2019,0.028999999999999998
80642673,E,空氣污染物申報-一般空氣污染物,揮發性有機化合物,,,2019,3.6560000000000006
80642673,E,空氣污染物申報-有害空氣污染物,三氯甲烷,,,2019,0.043000000000000003
80642673,E,空氣污染物申報-有害空氣污染物,二氯甲烷,,,2019,0.869
80689276,E,空氣污染物申報-一般空氣污染物,揮發性有機化合物,,,2019,0.001
81002274,E,空氣污染物申報-一般空氣污染物,氮氧化物,,,2019,1.1740000000000002
81002274,E,空氣污染物申報-一般空氣污染物,粒狀污染物,,,2019,0.035
84149006,E,空氣污染物申報-一般空氣污染物,氮氧化物,,,2019,2.1199999999999997
84149006,E,空氣污染物申報-一般空氣污染物,硫氧化物,,,2019,3.058
84149006,E,空氣污染物申報-一般空氣污染物,粒狀污染物,,,2019,0.33899999999999997
84149006,E,空氣污染物申報-一般空氣污染物,揮發性有機化合物,,,2019,5.82
84149006,E,空氣污染物申報-有害空氣污染物,三氯甲烷,,,2019,0.029000000000000005
84149006,E,空氣污染物申報-有害空氣污染物,二氯甲烷,,,2019,0.04
86306206,E,空氣污染物申報-一般空氣污染物,氮氧化物,,,2019,0.07
86306206,E,空氣污染物申報-一般空氣污染物,硫氧化物,,,2019,0.1
86306206,E,空氣污染物申報-一般空氣污染物,粒狀污染物,,,2019,0.01
86306206,E,空氣污染物申報-一般空氣污染物,揮發性有機化合物,,,2019,14.704
96922622,E,空氣污染物申報-一般空氣污染物,氮氧化物,,,2019,10.945
96922622,E,空氣污染物申報-一般空氣污染物,硫氧化物,,,2019,1.371
96922622,E,空氣污染物申報-一般空氣污染物,粒狀污染物,,,2019,0.807
96922622,E,空氣污染物申報-一般空氣污染物,揮發性有機化合物,,,2019,26.628
96922622,E,空氣污染物申報-有害空氣污染物,三氯甲烷,,,2019,0.056
96922622,E,空氣污染物申報-有害空氣污染物,二氯甲烷,,,2019,10.541
96922622,E,空氣污染物申報-有害空氣污染物,甲苯,,,2019,3.057
96922622,E,空氣污染物申報-有害空氣污染物,二甲苯,,,2019,0.011000000000000001
97454724,E,空氣污染物申報-一般空氣污染物,揮發性有機化合物,,,2019,1.554
03088802,E,空氣污染物申報-一般空氣污染物,氮氧化物,,,2019,16.119
03088802,E,空氣污染物申報-一般空氣污染物,硫氧化物,,,2019,30.750000000000004
03088802,E,空氣污染物申報-一般空氣污染物,粒狀污染物,,,2019,1.209
03088802,E,空氣污染物申報-一般空氣污染物,揮發性有機化合物,,,2019,47.056
03088802,E,空氣污染物申報-有害空氣污染物,苯,,,2019,0.002
03088802,E,空氣污染物申報-有害空氣污染物,三氯甲烷,,,2019,0.012
03088802,E,空氣污染物申報-有害空氣污染物,二氯甲烷,,,2019,21.595
03088802,E,空氣污染物申報-有害空氣污染物,甲苯,,,2019,0.003
03088802,E,空氣污染物申報-有害空氣污染物,三氯乙烯,,,2019,0.001
03088704,E,空氣污染物申報-一般空氣污染物,氮氧化物,,,2019,1.222
03088704,E,空氣污染物申報-一般空氣污染物,粒狀污染物,,,2019,0.113
03088704,E,空氣污染物申報-一般空氣污染物,揮發性有機化合物,,,2019,14.313999999999998
03088704,E,空氣污染物申報-有害空氣污染物,二氯甲烷,,,2019,6.274
03088704,E,空氣污染物申報-有害空氣污染物,甲苯,,,2019,3.319
04742997,E,空氣污染物申報-一般空氣污染物,氮氧化物,,,2019,0.2
04742997,E,空氣污染物申報-一般空氣污染物,硫氧化物,,,2019,0.003
04742997,E,空氣污染物申報-一般空氣污染物,粒狀污染物,,,2019,0.057999999999999996
04742997,E,空氣污染物申報-一般空氣污染物,揮發性有機化合物,,,2019,0.007
04742997,E,空氣污染物申報-有害空氣污染物,二氯甲烷,,,2019,0.003
11456110,E,空氣污染物申報-一般空氣污染物,氮氧化物,,,2020,0.851
11456110,E,空氣污染物申報-一般空氣污染物,粒狀污染物,,,2020,0.061
11456110,E,空氣污染物申報-一般空氣污染物,揮發性有機化合物,,,2020,32.784
11456110,E,空氣污染物申報-有害空氣污染物,三氯甲烷,,,2020,0.014000000000000002
11456110,E,空氣污染物申報-有害空氣污染物,二氯甲烷,,,2020,0.016
11821341,E,空氣污染物申報-一般空氣污染物,氮氧化物,,,2020,0.396
11821341,E,空氣污染物申報-一般空氣污染物,粒狀污染物,,,2020,0.013000000000000001
11821341,E,空氣污染物申報-一般空氣污染物,揮發性有機化合物,,,2020,0.14
11821341,E,空氣污染物申報-有害空氣污染物,二氯甲烷,,,2020,0.019
11880517,E,空氣污染物申報-一般空氣污染物,氮氧化物,,,2020,1.5340000000000003
11880517,E,空氣污染物申報-一般空氣污染物,粒狀污染物,,,2020,0.08
11880517,E,空氣污染物申報-一般空氣污染物,揮發性有機化合物,,,2020,0.124
12292039,E,空氣污染物申報-一般空氣污染物,氮氧化物,,,2020,1.024
12292039,E,空氣污染物申報-一般空氣污染物,粒狀污染物,,,2020,0.031
12681706,E,空氣污染物申報-一般空氣污染物,揮發性有機化合物,,,2020,0.10300000000000001
12683520,E,空氣污染物申報-一般空氣污染物,揮發性有機化合物,,,2020,0.006
12715847,E,空氣污染物申報-一般空氣污染物,氮氧化物,,,2020,0.24599999999999994
12715847,E,空氣污染物申報-一般空氣污染物,粒狀污染物,,,2020,0.01
12971536,E,空氣污染物申報-一般空氣污染物,氮氧化物,,,2020,2.6710000000000007
12971536,E,空氣污染物申報-一般空氣污染物,硫氧化物,,,2020,2.0739999999999994
12971536,E,空氣污染物申報-一般空氣污染物,粒狀污染物,,,2020,0.18300000000000002
12971536,E,空氣污染物申報-一般空氣污染物,揮發性有機化合物,,,2020,3.642
12971536,E,空氣污染物申報-有害空氣污染物,苯,,,2020,0.001
12971536,E,空氣污染物申報-有害空氣污染物,三氯甲烷,,,2020,0.351
12971536,E,空氣污染物申報-有害空氣污染物,二氯甲烷,,,2020,0.192
12971536,E,空氣污染物申報-有害空氣污染物,甲苯,,,2020,0.013999999999999999
12971536,E,空氣污染物申報-有害空氣污染物,三氯乙烯,,,2020,0.001
12974421,E,空氣污染物申報-一般空氣污染物,揮發性有機化合物,,,2020,1.974
13159100,E,空氣污染物申報-一般空氣污染物,氮氧化物,,,2020,0.07
13159100,E,空氣污染物申報-一般空氣污染物,粒狀污染物,,,2020,0.001
16130161,E,空氣污染物申報-一般空氣污染物,氮氧化物,,,2020,1.9489999999999998
16130161,E,空氣污染物申報-一般空氣污染物,粒狀污染物,,,2020,0.06
16130161,E,空氣污染物申報-一般空氣污染物,揮發性有機化合物,,,2020,5.1370000000000005
16130161,E,空氣污染物申報-有害空氣污染物,二氯甲烷,,,2020,1.432
16130471,E,空氣污染物申報-一般空氣污染物,氮氧化物,,,2020,0.581
16130471,E,空氣污染物申報-一般空氣污染物,粒狀污染物,,,2020,0.016
16130471,E,空氣污染物申報-一般空氣污染物,揮發性有機化合物,,,2020,0.294
16130471,E,空氣污染物申報-有害空氣污染物,二氯甲烷,,,2020,0.157
16549813,E,空氣污染物申報-一般空氣污染物,氮氧化物,,,2020,0.15999999999999998
16549813,E,空氣污染物申報-一般空氣污染物,粒狀污染物,,,2020,0.056
16549813,E,空氣污染物申報-一般空氣污染物,揮發性有機化合物,,,2020,8.422
16749811,E,空氣污染物申報-一般空氣污染物,揮發性有機化合物,,,2020,0.02
18606304,E,空氣污染物申報-一般空氣污染物,氮氧化物,,,2020,0.013
18606304,E,空氣污染物申報-一般空氣污染物,粒狀污染物,,,2020,0.313
18606304,E,空氣污染物申報-一般空氣污染物,揮發性有機化合物,,,2020,1.846
20765714,E,空氣污染物申報-一般空氣污染物,氮氧化物,,,2020,0.003
20765714,E,空氣污染物申報-一般空氣污染物,揮發性有機化合物,,,2020,2.18
20765714,E,空氣污染物申報-有害空氣污染物,甲苯,,,2020,0.026
22099982,E,空氣污染物申報-一般空氣污染物,粒狀污染物,,,2020,0.016
22099982,E,空氣污染物申報-一般空氣污染物,揮發性有機化合物,,,2020,0.43300000000000005
22195654,E,空氣污染物申報-一般空氣污染物,揮發性有機化合物,,,2020,159.174
22662545,E,空氣污染物申報-一般空氣污染物,氮氧化物,,,2020,2.942
22662545,E,空氣污染物申報-一般空氣污染物,硫氧化物,,,2020,4.386
22662545,E,空氣污染物申報-一般空氣污染物,粒狀污染物,,,2020,0.43000000000000005
22662545,E,空氣污染物申報-一般空氣污染物,揮發性有機化合物,,,2020,42.11
22662545,E,空氣污染物申報-有害空氣污染物,三氯甲烷,,,2020,0.005
22662545,E,空氣污染物申報-有害空氣污染物,二氯甲烷,,,2020,2.047
22662545,E,空氣污染物申報-有害空氣污染物,甲苯,,,2020,8.219000000000001
23243578,E,空氣污染物申報-一般空氣污染物,揮發性有機化合物,,,2020,0.301
23348952,E,空氣污染物申報-一般空氣污染物,氮氧化物,,,2020,0.016
23348952,E,空氣污染物申報-一般空氣污染物,粒狀污染物,,,2020,0.006
23348952,E,空氣污染物申報-一般空氣污染物,揮發性有機化合物,,,2020,0.086
23348952,E,空氣污染物申報-有害空氣污染物,二甲苯,,,2020,0.008
24626617,E,空氣污染物申報-一般空氣污染物,氮氧化物,,,2020,3.877
24626617,E,空氣污染物申報-一般空氣污染物,硫氧化物,,,2020,5.489
24626617,E,空氣污染物申報-一般空氣污染物,粒狀污染物,,,2020,0.048
24626617,E,空氣污染物申報-一般空氣污染物,揮發性有機化合物,,,2020,4.936
24626617,E,空氣污染物申報-有害空氣污染物,三氯甲烷,,,2020,0.009000000000000001
24626617,E,空氣污染物申報-有害空氣污染物,二氯甲烷,,,2020,0.489
24626617,E,空氣污染物申報-有害空氣污染物,三氯乙烯,,,2020,0.001
25021158,E,空氣污染物申報-一般空氣污染物,揮發性有機化合物,,,2020,1.053
25021158,E,空氣污染物申報-有害空氣污染物,二氯甲烷,,,2020,0.049
27473348,E,空氣污染物申報-一般空氣污染物,氮氧化物,,,2020,0.006
27473348,E,空氣污染物申報-一般空氣污染物,揮發性有機化合物,,,2020,4.361000000000001
27559859,E,空氣污染物申報-一般空氣污染物,氮氧化物,,,2020,0.14300000000000002
27559859,E,空氣污染物申報-一般空氣污染物,粒狀污染物,,,2020,0.004
27559859,E,空氣污染物申報-一般空氣污染物,揮發性有機化合物,,,2020,1.542
27559859,E,空氣污染物申報-有害空氣污染物,二氯甲烷,,,2020,0.041
27570215,E,空氣污染物申報-一般空氣污染物,揮發性有機化合物,,,2020,0.19499999999999998
28684877,E,空氣污染物申報-一般空氣污染物,氮氧化物,,,2020,0.051
28684877,E,空氣污染物申報-一般空氣污染物,硫氧化物,,,2020,0.007
28684877,E,空氣污染物申報-一般空氣污染物,揮發性有機化合物,,,2020,0.10500000000000001
28684877,E,空氣污染物申報-有害空氣污染物,三氯甲烷,,,2020,0.006
28684877,E,空氣污染物申報-有害空氣污染物,二氯甲烷,,,2020,0.099
28924399,E,空氣污染物申報-一般空氣污染物,氮氧化物,,,2020,0.224
28924399,E,空氣污染物申報-一般空氣污染物,粒狀污染物,,,2020,0.056
28924399,E,空氣污染物申報-一般空氣污染物,揮發性有機化合物,,,2020,4.574999999999999
28924399,E,空氣污染物申報-有害空氣污染物,二氯甲烷,,,2020,0.016
28924399,E,空氣污染物申報-有害空氣污染物,甲苯,,,2020,0.001
29108260,E,空氣污染物申報-一般空氣污染物,氮氧化物,,,2020,0.005
29108260,E,空氣污染物申報-一般空氣污染物,粒狀污染物,,,2020,0.002
29108260,E,空氣污染物申報-一般空氣污染物,揮發性有機化合物,,,2020,0.035
29108260,E,空氣污染物申報-有害空氣污染物,二氯甲烷,,,2020,0.015
33259508,E,空氣污染物申報-一般空氣污染物,氮氧化物,,,2020,4.366
33259508,E,空氣污染物申報-一般空氣污染物,粒狀污染物,,,2020,0.14600000000000002
33259508,E,空氣污染物申報-一般空氣污染物,揮發性有機化合物,,,2020,2.2929999999999997
33259508,E,空氣污染物申報-有害空氣污染物,二氯甲烷,,,2020,1.1960000000000002
35348007,E,空氣污染物申報-一般空氣污染物,氮氧化物,,,2020,0.09
35348007,E,空氣污染物申報-一般空氣污染物,粒狀污染物,,,2020,0.002
35348007,E,空氣污染物申報-一般空氣污染物,揮發性有機化合物,,,2020,1.72
35348007,E,空氣污染物申報-有害空氣污染物,二氯甲烷,,,2020,1.433
42042734,E,空氣污染物申報-一般空氣污染物,氮氧化物,,,2020,3.103
42042734,E,空氣污染物申報-一般空氣污染物,硫氧化物,,,2020,1.026
42042734,E,空氣污染物申報-一般空氣污染物,粒狀污染物,,,2020,0.157
42042734,E,空氣污染物申報-一般空氣污染物,揮發性有機化合物,,,2020,0.006
43199950,E,空氣污染物申報-一般空氣污染物,氮氧化物,,,2020,0.305
43199950,E,空氣污染物申報-一般空氣污染物,粒狀污染物,,,2020,0.009000000000000001
43199950,E,空氣污染物申報-一般空氣污染物,揮發性有機化合物,,,2020,8.318
43199950,E,空氣污染物申報-有害空氣污染物,三氯甲烷,,,2020,0.002
43199950,E,空氣污染物申報-有害空氣污染物,二氯甲烷,,,2020,0.001
43211700,E,空氣污染物申報-一般空氣污染物,氮氧化物,,,2020,11.363999999999999
43211700,E,空氣污染物申報-一般空氣污染物,硫氧化物,,,2020,6.08
43211700,E,空氣污染物申報-一般空氣污染物,粒狀污染物,,,2020,1.054
43211700,E,空氣污染物申報-一般空氣污染物,揮發性有機化合物,,,2020,34.089000000000006
43211700,E,空氣污染物申報-有害空氣污染物,三氯甲烷,,,2020,0.041999999999999996
43211700,E,空氣污染物申報-有害空氣污染物,二氯甲烷,,,2020,0.28300000000000003
52347361,E,空氣污染物申報-一般空氣污染物,氮氧化物,,,2020,0.322
52347361,E,空氣污染物申報-一般空氣污染物,粒狀污染物,,,2020,0.011000000000000001
52347361,E,空氣污染物申報-一般空氣污染物,揮發性有機化合物,,,2020,2.633
52347361,E,空氣污染物申報-有害空氣污染物,甲苯,,,2020,0.9820000000000001
53104031,E,空氣污染物申報-一般空氣污染物,氮氧化物,,,2020,0.054
53104031,E,空氣污染物申報-一般空氣污染物,粒狀污染物,,,2020,0.002
53104031,E,空氣污染物申報-一般空氣污染物,揮發性有機化合物,,,2020,0.858
53943057,E,空氣污染物申報-一般空氣污染物,氮氧化物,,,2020,0.863
53943057,E,空氣污染物申報-一般空氣污染物,粒狀污染物,,,2020,0.026000000000000002
54008079,E,空氣污染物申報-一般空氣污染物,揮發性有機化合物,,,2020,0.074
54059626,E,空氣污染物申報-一般空氣污染物,揮發性有機化合物,,,2020,0.006
54150737,E,空氣污染物申報-一般空氣污染物,揮發性有機化合物,,,2020,1.031
56065601,E,空氣污染物申報-一般空氣污染物,氮氧化物,,,2020,2.258
56065601,E,空氣污染物申報-一般空氣污染物,粒狀污染物,,,2020,0.23400000000000004
56065601,E,空氣污染物申報-一般空氣污染物,揮發性有機化合物,,,2020,8.015999999999998
56065601,E,空氣污染物申報-有害空氣污染物,二氯甲烷,,,2020,0.217
56620559,E,空氣污染物申報-一般空氣污染物,氮氧化物,,,2020,1.479
56620559,E,空氣污染物申報-一般空氣污染物,粒狀污染物,,,2020,0.044
56620559,E,空氣污染物申報-一般空氣污染物,揮發性有機化合物,,,2020,91.104
56620559,E,空氣污染物申報-有害空氣污染物,二氯甲烷,,,2020,0.20700000000000002
56620559,E,空氣污染物申報-有害空氣污染物,甲苯,,,2020,0.955
69275313,E,空氣污染物申報-一般空氣污染物,氮氧化物,,,2020,1.173
69275313,E,空氣污染物申報-一般空氣污染物,粒狀污染物,,,2020,0.049
69275313,E,空氣污染物申報-一般空氣污染物,揮發性有機化合物,,,2020,1.6840000000000002
69275313,E,空氣污染物申報-有害空氣污染物,三氯甲烷,,,2020,0.031
69275313,E,空氣污染物申報-有害空氣污染物,二氯甲烷,,,2020,0.011
69764396,E,空氣污染物申報-一般空氣污染物,揮發性有機化合物,,,2020,0.381
70555349,E,空氣污染物申報-一般空氣污染物,氮氧化物,,,2020,0.522
70555349,E,空氣污染物申報-一般空氣污染物,硫氧化物,,,2020,0.752
70555349,E,空氣污染物申報-一般空氣污染物,粒狀污染物,,,2020,0.074
70557655,E,空氣污染物申報-一般空氣污染物,氮氧化物,,,2020,0.095
70557655,E,空氣污染物申報-一般空氣污染物,粒狀污染物,,,2020,0.003
70557655,E,空氣污染物申報-一般空氣污染物,揮發性有機化合物,,,2020,0.521
70557655,E,空氣污染物申報-有害空氣污染物,二氯甲烷,,,2020,0.115
70722557,E,空氣污染物申報-一般空氣污染物,揮發性有機化合物,,,2020,0.008
70774029,E,空氣污染物申報-一般空氣污染物,揮發性有機化合物,,,2020,0.148
70774029,E,空氣污染物申報-有害空氣污染物,二氯甲烷,,,2020,0.077
71122503,E,空氣污染物申報-一般空氣污染物,氮氧化物,,,2020,0.9349999999999999
71122503,E,空氣污染物申報-一般空氣污染物,粒狀污染物,,,2020,0.031
71122503,E,空氣污染物申報-一般空氣污染物,揮發性有機化合物,,,2020,17.502000000000002
71122503,E,空氣污染物申報-有害空氣污染物,苯,,,2020,0.007
71122503,E,空氣污染物申報-有害空氣污染物,三氯甲烷,,,2020,0.077
71122503,E,空氣污染物申報-有害空氣污染物,二氯甲烷,,,2020,5.986
71122503,E,空氣污染物申報-有害空氣污染物,甲苯,,,2020,1.714
71122503,E,空氣污染物申報-有害空氣污染物,二甲苯,,,2020,0.13499999999999998
72082135,E,空氣污染物申報-一般空氣污染物,氮氧化物,,,2020,0.216
72082135,E,空氣污染物申報-一般空氣污染物,硫氧化物,,,2020,0.017
72082135,E,空氣污染物申報-一般空氣污染物,粒狀污染物,,,2020,0.006
72082135,E,空氣污染物申報-一般空氣污染物,揮發性有機化合物,,,2020,0.048
72082135,E,空氣污染物申報-有害空氣污染物,三氯甲烷,,,2020,0.045
72082135,E,空氣污染物申報-有害空氣污染物,二氯甲烷,,,2020,0.004
72197621,E,空氣污染物申報-一般空氣污染物,氮氧化物,,,2020,2.128
72197621,E,空氣污染物申報-一般空氣污染物,硫氧化物,,,2020,0.151
72197621,E,空氣污染物申報-一般空氣污染物,粒狀污染物,,,2020,0.018
72197621,E,空氣污染物申報-一般空氣污染物,揮發性有機化合物,,,2020,66.191
72197621,E,空氣污染物申報-有害空氣污染物,三氯甲烷,,,2020,0.033
72197621,E,空氣污染物申報-有害空氣污染物,二氯甲烷,,,2020,15.092999999999998
72197621,E,空氣污染物申報-有害空氣污染物,甲苯,,,2020,9.817
80280616,E,空氣污染物申報-一般空氣污染物,揮發性有機化合物,,,2020,0.053
80280616,E,空氣污染物申報-有害空氣污染物,二氯甲烷,,,2020,0.001
80281973,E,空氣污染物申報-一般空氣污染物,氮氧化物,,,2020,0.001
80281973,E,空氣污染物申報-一般空氣污染物,揮發性有機化合物,,,2020,0.008
80310225,E,空氣污染物申報-一般空氣污染物,揮發性有機化合物,,,2020,1.111
80642673,E,空氣污染物申報-一般空氣污染物,氮氧化物,,,2020,1.7309999999999999
80642673,E,空氣污染物申報-一般空氣污染物,粒狀污染物,,,2020,0.053000000000000005
80642673,E,空氣污染物申報-一般空氣污染物,揮發性有機化合物,,,2020,8.870000000000001
80642673,E,空氣污染物申報-有害空氣污染物,三氯甲烷,,,2020,0.015000000000000003
80642673,E,空氣污染物申報-有害空氣污染物,二氯甲烷,,,2020,2.0309999999999997
80689276,E,空氣污染物申報-一般空氣污染物,揮發性有機化合物,,,2020,0.03900000000000001
81002274,E,空氣污染物申報-一般空氣污染物,氮氧化物,,,2020,0.468
81002274,E,空氣污染物申報-一般空氣污染物,粒狀污染物,,,2020,0.014
86306206,E,空氣污染物申報-一般空氣污染物,氮氧化物,,,2020,0.01
86306206,E,空氣污染物申報-一般空氣污染物,硫氧化物,,,2020,0.014
86306206,E,空氣污染物申報-一般空氣污染物,粒狀污染物,,,2020,0.007
86306206,E,空氣污染物申報-一般空氣污染物,揮發性有機化合物,,,2020,22.154
96922622,E,空氣污染物申報-一般空氣污染物,氮氧化物,,,2020,2.007
96922622,E,空氣污染物申報-一般空氣污染物,硫氧化物,,,2020,0.586
96922622,E,空氣污染物申報-一般空氣污染物,粒狀污染物,,,2020,0.157
96922622,E,空氣污染物申報-一般空氣污染物,揮發性有機化合物,,,2020,8.079999999999998
96922622,E,空氣污染物申報-有害空氣污染物,三氯甲烷,,,2020,0.022
96922622,E,空氣污染物申報-有害空氣污染物,二氯甲烷,,,2020,3.1779999999999995
96922622,E,空氣污染物申報-有害空氣污染物,甲苯,,,2020,0.5800000000000001
96922622,E,空氣污染物申報-有害空氣污染物,二甲苯,,,2020,0.05
97454724,E,空氣污染物申報-一般空氣污染物,揮發性有機化合物,,,2020,2.9439999999999995
04742997,E,空氣污染物申報-一般空氣污染物,氮氧化物,,,2020,0.07200000000000001
04742997,E,空氣污染物申報-一般空氣污染物,硫氧化物,,,2020,0.005
04742997,E,空氣污染物申報-一般空氣污染物,粒狀污染物,,,2020,0.002
04742997,E,空氣污染物申報-一般空氣污染物,揮發性有機化合物,,,2020,0.006
04742997,E,空氣污染物申報-有害空氣污染物,二氯甲烷,,,2020,0.006
03088802,E,空氣污染物申報-一般空氣污染物,氮氧化物,,,2020,35.96099999999999
03088802,E,空氣污染物申報-一般空氣污染物,硫氧化物,,,2020,32.398999999999994
03088802,E,空氣污染物申報-一般空氣污染物,粒狀污染物,,,2020,6.7219999999999995
03088802,E,空氣污染物申報-一般空氣污染物,揮發性有機化合物,,,2020,60.93499999999999
03088802,E,空氣污染物申報-有害空氣污染物,三氯甲烷,,,2020,0.027000000000000003
03088802,E,空氣污染物申報-有害空氣污染物,二氯甲烷,,,2020,26.819000000000003
03088704,E,空氣污染物申報-一般空氣污染物,氮氧化物,,,2020,0.581
03088704,E,空氣污染物申報-一般空氣污染物,粒狀污染物,,,2020,0.054
03088704,E,空氣污染物申報-一般空氣污染物,揮發性有機化合物,,,2020,4.44
03088704,E,空氣污染物申報-有害空氣污染物,二氯甲烷,,,2020,1.7
03088704,E,空氣污染物申報-有害空氣污染物,甲苯,,,2020,1.046
11456110,E,空氣污染物申報-一般空氣污染物,氮氧化物,,,2021,0.178
11456110,E,空氣污染物申報-一般空氣污染物,粒狀污染物,,,2021,0.013000000000000001
11456110,E,空氣污染物申報-一般空氣污染物,揮發性有機化合物,,,2021,2.7560000000000002
11456110,E,空氣污染物申報-有害空氣污染物,三氯甲烷,,,2021,0.001
11456110,E,空氣污染物申報-有害空氣污染物,二氯甲烷,,,2021,0.002
11821341,E,空氣污染物申報-一般空氣污染物,氮氧化物,,,2021,0.6020000000000001
11821341,E,空氣污染物申報-一般空氣污染物,粒狀污染物,,,2021,0.012
11821341,E,空氣污染物申報-一般空氣污染物,揮發性有機化合物,,,2021,0.9339999999999999
11821341,E,空氣污染物申報-有害空氣污染物,四氯化碳,,,2021,0.004
11821341,E,空氣污染物申報-有害空氣污染物,三氯甲烷,,,2021,0.033
11821341,E,空氣污染物申報-有害空氣污染物,二氯甲烷,,,2021,0.023
11821341,E,空氣污染物申報-有害空氣污染物,三氯乙烯,,,2021,0.002
11880517,E,空氣污染物申報-一般空氣污染物,氮氧化物,,,2021,1.985
11880517,E,空氣污染物申報-一般空氣污染物,粒狀污染物,,,2021,0.062
11880517,E,空氣污染物申報-一般空氣污染物,揮發性有機化合物,,,2021,0.16300000000000003
11880517,E,空氣污染物申報-有害空氣污染物,三氯甲烷,,,2021,0.006
12292039,E,空氣污染物申報-一般空氣污染物,氮氧化物,,,2021,3.085
12292039,E,空氣污染物申報-一般空氣污染物,粒狀污染物,,,2021,0.093
12292039,E,空氣污染物申報-一般空氣污染物,揮發性有機化合物,,,2021,3.9599999999999995
12681706,E,空氣污染物申報-一般空氣污染物,揮發性有機化合物,,,2021,0.122
12683520,E,空氣污染物申報-一般空氣污染物,揮發性有機化合物,,,2021,0.003
12715847,E,空氣污染物申報-一般空氣污染物,氮氧化物,,,2021,0.248
12715847,E,空氣污染物申報-一般空氣污染物,粒狀污染物,,,2021,0.008
12971536,E,空氣污染物申報-一般空氣污染物,氮氧化物,,,2021,2.1470000000000002
12971536,E,空氣污染物申報-一般空氣污染物,硫氧化物,,,2021,1.994
12971536,E,空氣污染物申報-一般空氣污染物,粒狀污染物,,,2021,0.14900000000000002
12971536,E,空氣污染物申報-一般空氣污染物,揮發性有機化合物,,,2021,4.167
12971536,E,空氣污染物申報-有害空氣污染物,三氯甲烷,,,2021,0.342
12971536,E,空氣污染物申報-有害空氣污染物,二氯甲烷,,,2021,0.202
12971536,E,空氣污染物申報-有害空氣污染物,甲苯,,,2021,0.024999999999999998
12974421,E,空氣污染物申報-一般空氣污染物,揮發性有機化合物,,,2021,0.976
13159100,E,空氣污染物申報-一般空氣污染物,氮氧化物,,,2021,0.014
14089976,E,空氣污染物申報-一般空氣污染物,氮氧化物,,,2021,0.11100000000000002
14089976,E,空氣污染物申報-一般空氣污染物,粒狀污染物,,,2021,0.038000000000000006
14089976,E,空氣污染物申報-一般空氣污染物,揮發性有機化合物,,,2021,2.292
16130161,E,空氣污染物申報-一般空氣污染物,氮氧化物,,,2021,1.642
16130161,E,空氣污染物申報-一般空氣污染物,粒狀污染物,,,2021,0.026000000000000002
16130161,E,空氣污染物申報-一般空氣污染物,揮發性有機化合物,,,2021,3.738
16130161,E,空氣污染物申報-有害空氣污染物,二氯甲烷,,,2021,1.135
16130471,E,空氣污染物申報-一般空氣污染物,氮氧化物,,,2021,0.5770000000000001
16130471,E,空氣污染物申報-一般空氣污染物,粒狀污染物,,,2021,0.018000000000000002
16130471,E,空氣污染物申報-一般空氣污染物,揮發性有機化合物,,,2021,0.12
16130471,E,空氣污染物申報-有害空氣污染物,二氯甲烷,,,2021,0.064
16549813,E,空氣污染物申報-一般空氣污染物,氮氧化物,,,2021,0.082
16549813,E,空氣污染物申報-一般空氣污染物,粒狀污染物,,,2021,0.028999999999999998
16549813,E,空氣污染物申報-一般空氣污染物,揮發性有機化合物,,,2021,3.87
16749811,E,空氣污染物申報-一般空氣污染物,揮發性有機化合物,,,2021,0.007
18606304,E,空氣污染物申報-一般空氣污染物,氮氧化物,,,2021,0.06
18606304,E,空氣污染物申報-一般空氣污染物,粒狀污染物,,,2021,1.635
18606304,E,空氣污染物申報-一般空氣污染物,揮發性有機化合物,,,2021,10.005
18606304,E,空氣污染物申報-有害空氣污染物,三氯甲烷,,,2021,0.016
18606304,E,空氣污染物申報-有害空氣污染物,二氯甲烷,,,2021,0.015
20765714,E,空氣污染物申報-一般空氣污染物,氮氧化物,,,2021,0.013000000000000001
20765714,E,空氣污染物申報-一般空氣污染物,揮發性有機化合物,,,2021,9.43
20765714,E,空氣污染物申報-有害空氣污染物,甲苯,,,2021,0.42
20765714,E,空氣污染物申報-有害空氣污染物,二甲苯,,,2021,0.013000000000000001
22099982,E,空氣污染物申報-一般空氣污染物,粒狀污染物,,,2021,0.005
22099982,E,空氣污染物申報-一般空氣污染物,揮發性有機化合物,,,2021,0.9460000000000001
22195654,E,空氣污染物申報-一般空氣污染物,揮發性有機化合物,,,2021,88.76700000000001
22662545,E,空氣污染物申報-一般空氣污染物,揮發性有機化合物,,,2021,0.085
22662545,E,空氣污染物申報-有害空氣污染物,二氯甲烷,,,2021,0.002
23243578,E,空氣污染物申報-一般空氣污染物,揮發性有機化合物,,,2021,0.15
23348952,E,空氣污染物申報-一般空氣污染物,氮氧化物,,,2021,0.072
23348952,E,空氣污染物申報-一般空氣污染物,粒狀污染物,,,2021,0.027
23348952,E,空氣污染物申報-一般空氣污染物,揮發性有機化合物,,,2021,0.168
23348952,E,空氣污染物申報-有害空氣污染物,二甲苯,,,2021,0.007
24626617,E,空氣污染物申報-一般空氣污染物,氮氧化物,,,2021,1.48
24626617,E,空氣污染物申報-一般空氣污染物,粒狀污染物,,,2021,0.024
24626617,E,空氣污染物申報-一般空氣污染物,揮發性有機化合物,,,2021,8.652999999999999
24626617,E,空氣污染物申報-有害空氣污染物,三氯甲烷,,,2021,0.016
24626617,E,空氣污染物申報-有害空氣污染物,二氯甲烷,,,2021,0.759
25021158,E,空氣污染物申報-一般空氣污染物,揮發性有機化合物,,,2021,2.2270000000000003
25021158,E,空氣污染物申報-有害空氣污染物,二氯甲烷,,,2021,0.231
27473348,E,空氣污染物申報-一般空氣污染物,氮氧化物,,,2021,0.002
27473348,E,空氣污染物申報-一般空氣污染物,揮發性有機化合物,,,2021,4.936
27559859,E,空氣污染物申報-一般空氣污染物,氮氧化物,,,2021,0.5670000000000001
27559859,E,空氣污染物申報-一般空氣污染物,粒狀污染物,,,2021,0.01
27559859,E,空氣污染物申報-一般空氣污染物,揮發性有機化合物,,,2021,4.543
27559859,E,空氣污染物申報-有害空氣污染物,二氯甲烷,,,2021,0.013000000000000001
27570215,E,空氣污染物申報-一般空氣污染物,揮發性有機化合物,,,2021,0.187
28684877,E,空氣污染物申報-一般空氣污染物,氮氧化物,,,2021,0.012
28684877,E,空氣污染物申報-一般空氣污染物,硫氧化物,,,2021,0.001
28924399,E,空氣污染物申報-一般空氣污染物,氮氧化物,,,2021,0.10999999999999999
28924399,E,空氣污染物申報-一般空氣污染物,粒狀污染物,,,2021,0.014
28924399,E,空氣污染物申報-一般空氣污染物,揮發性有機化合物,,,2021,1.041
28924399,E,空氣污染物申報-有害空氣污染物,二氯甲烷,,,2021,0.001
28924399,E,空氣污染物申報-有害空氣污染物,甲苯,,,2021,0.001
29108260,E,空氣污染物申報-一般空氣污染物,氮氧化物,,,2021,0.01
29108260,E,空氣污染物申報-一般空氣污染物,粒狀污染物,,,2021,0.004
29108260,E,空氣污染物申報-一般空氣污染物,揮發性有機化合物,,,2021,0.33
29108260,E,空氣污染物申報-有害空氣污染物,二氯甲烷,,,2021,0.166
33259508,E,空氣污染物申報-一般空氣污染物,氮氧化物,,,2021,0.344
33259508,E,空氣污染物申報-一般空氣污染物,粒狀污染物,,,2021,0.013
33259508,E,空氣污染物申報-一般空氣污染物,揮發性有機化合物,,,2021,0.31
33259508,E,空氣污染物申報-有害空氣污染物,二氯甲烷,,,2021,0.004
35348007,E,空氣污染物申報-一般空氣污染物,氮氧化物,,,2021,0.716
35348007,E,空氣污染物申報-一般空氣污染物,粒狀污染物,,,2021,0.002
35348007,E,空氣污染物申報-一般空氣污染物,揮發性有機化合物,,,2021,0.958
35348007,E,空氣污染物申報-有害空氣污染物,二氯甲烷,,,2021,0.636
42042734,E,空氣污染物申報-一般空氣污染物,氮氧化物,,,2021,1.6760000000000002
42042734,E,空氣污染物申報-一般空氣污染物,硫氧化物,,,2021,0.135
42042734,E,空氣污染物申報-一般空氣污染物,粒狀污染物,,,2021,0.055999999999999994
42042734,E,空氣污染物申報-一般空氣污染物,揮發性有機化合物,,,2021,0.005
43199950,E,空氣污染物申報-一般空氣污染物,氮氧化物,,,2021,1.524
43199950,E,空氣污染物申報-一般空氣污染物,粒狀污染物,,,2021,0.046
43199950,E,空氣污染物申報-一般空氣污染物,揮發性有機化合物,,,2021,40.872
43199950,E,空氣污染物申報-有害空氣污染物,三氯甲烷,,,2021,0.046
43199950,E,空氣污染物申報-有害空氣污染物,二氯甲烷,,,2021,0.012
43211700,E,空氣污染物申報-一般空氣污染物,氮氧化物,,,2021,5.559
43211700,E,空氣污染物申報-一般空氣污染物,硫氧化物,,,2021,3.4300000000000006
43211700,E,空氣污染物申報-一般空氣污染物,粒狀污染物,,,2021,0.491
43211700,E,空氣污染物申報-一般空氣污染物,揮發性有機化合物,,,2021,25.645
43211700,E,空氣污染物申報-有害空氣污染物,三氯甲烷,,,2021,0.019
43211700,E,空氣污染物申報-有害空氣污染物,二氯甲烷,,,2021,0.173
47154259,E,空氣污染物申報-一般空氣污染物,氮氧化物,,,2021,5.843999999999999
47154259,E,空氣污染物申報-一般空氣污染物,硫氧化物,,,2021,9.144
47154259,E,空氣污染物申報-一般空氣污染物,粒狀污染物,,,2021,0.54
47154259,E,空氣污染物申報-一般空氣污染物,揮發性有機化合物,,,2021,2.552
47154259,E,空氣污染物申報-有害空氣污染物,三氯甲烷,,,2021,0.07999999999999999
53104031,E,空氣污染物申報-一般空氣污染物,氮氧化物,,,2021,0.94
53104031,E,空氣污染物申報-一般空氣污染物,粒狀污染物,,,2021,0.069
53104031,E,空氣污染物申報-一般空氣污染物,揮發性有機化合物,,,2021,2.144
53835304,E,空氣污染物申報-一般空氣污染物,粒狀污染物,,,2021,0.003
53943057,E,空氣污染物申報-一般空氣污染物,氮氧化物,,,2021,0.493
53943057,E,空氣污染物申報-一般空氣污染物,粒狀污染物,,,2021,0.015
53943057,E,空氣污染物申報-一般空氣污染物,揮發性有機化合物,,,2021,0.006
53943057,E,空氣污染物申報-有害空氣污染物,三氯甲烷,,,2021,0.002
54008079,E,空氣污染物申報-一般空氣污染物,揮發性有機化合物,,,2021,0.11099999999999999
54059626,E,空氣污染物申報-一般空氣污染物,氮氧化物,,,2021,0.004
54059626,E,空氣污染物申報-一般空氣污染物,揮發性有機化合物,,,2021,0.039
54150737,E,空氣污染物申報-一般空氣污染物,揮發性有機化合物,,,2021,0.633
56065601,E,空氣污染物申報-一般空氣污染物,氮氧化物,,,2021,0.952
56065601,E,空氣污染物申報-一般空氣污染物,粒狀污染物,,,2021,0.112
56065601,E,空氣污染物申報-一般空氣污染物,揮發性有機化合物,,,2021,2.782
56065601,E,空氣污染物申報-有害空氣污染物,二氯甲烷,,,2021,0.054
56620559,E,空氣污染物申報-一般空氣污染物,氮氧化物,,,2021,1.937
56620559,E,空氣污染物申報-一般空氣污染物,粒狀污染物,,,2021,0.059000000000000004
56620559,E,空氣污染物申報-一般空氣污染物,揮發性有機化合物,,,2021,104.48700000000001
56620559,E,空氣污染物申報-有害空氣污染物,二氯甲烷,,,2021,0.21899999999999997
56620559,E,空氣污染物申報-有害空氣污染物,甲苯,,,2021,1.4700000000000002
69275313,E,空氣污染物申報-一般空氣污染物,氮氧化物,,,2021,1.6310000000000002
69275313,E,空氣污染物申報-一般空氣污染物,粒狀污染物,,,2021,0.049
69275313,E,空氣污染物申報-一般空氣污染物,揮發性有機化合物,,,2021,1.833
69275313,E,空氣污染物申報-有害空氣污染物,三氯甲烷,,,2021,0.08499999999999999
69275313,E,空氣污染物申報-有害空氣污染物,二氯甲烷,,,2021,0.009000000000000001
69275313,E,空氣污染物申報-有害空氣污染物,三氯乙烯,,,2021,0.002
69764396,E,空氣污染物申報-一般空氣污染物,揮發性有機化合物,,,2021,0.986
70555349,E,空氣污染物申報-一般空氣污染物,氮氧化物,,,2021,0.316
70555349,E,空氣污染物申報-一般空氣污染物,硫氧化物,,,2021,0.23800000000000002
70555349,E,空氣污染物申報-一般空氣污染物,粒狀污染物,,,2021,0.046
70557655,E,空氣污染物申報-一般空氣污染物,氮氧化物,,,2021,0.092
70557655,E,空氣污染物申報-一般空氣污染物,粒狀污染物,,,2021,0.003
70557655,E,空氣污染物申報-一般空氣污染物,揮發性有機化合物,,,2021,0.254
70557655,E,空氣污染物申報-有害空氣污染物,二氯甲烷,,,2021,0.074
70722557,E,空氣污染物申報-一般空氣污染物,揮發性有機化合物,,,2021,0.008
70774029,E,空氣污染物申報-一般空氣污染物,揮發性有機化合物,,,2021,0.087
70774029,E,空氣污染物申報-有害空氣污染物,二氯甲烷,,,2021,0.037
71122503,E,空氣污染物申報-一般空氣污染物,氮氧化物,,,2021,0.7989999999999999
71122503,E,空氣污染物申報-一般空氣污染物,粒狀污染物,,,2021,0.027999999999999997
71122503,E,空氣污染物申報-一般空氣污染物,揮發性有機化合物,,,2021,9.684
71122503,E,空氣污染物申報-有害空氣污染物,苯,,,2021,0.002
71122503,E,空氣污染物申報-有害空氣污染物,三氯甲烷,,,2021,0.063
71122503,E,空氣污染物申報-有害空氣污染物,二氯甲烷,,,2021,2.718
71122503,E,空氣污染物申報-有害空氣污染物,甲苯,,,2021,0.9219999999999999
71122503,E,空氣污染物申報-有害空氣污染物,二甲苯,,,2021,0.14400000000000002
72082135,E,空氣污染物申報-一般空氣污染物,氮氧化物,,,2021,0.306
72082135,E,空氣污染物申報-一般空氣污染物,硫氧化物,,,2021,0.024
72082135,E,空氣污染物申報-一般空氣污染物,粒狀污染物,,,2021,0.008
72082135,E,空氣污染物申報-一般空氣污染物,揮發性有機化合物,,,2021,0.068
72082135,E,空氣污染物申報-有害空氣污染物,三氯甲烷,,,2021,0.056
72082135,E,空氣污染物申報-有害空氣污染物,二氯甲烷,,,2021,0.012
72197621,E,空氣污染物申報-一般空氣污染物,氮氧化物,,,2021,0.454
72197621,E,空氣污染物申報-一般空氣污染物,硫氧化物,,,2021,0.03
72197621,E,空氣污染物申報-一般空氣污染物,粒狀污染物,,,2021,0.004
72197621,E,空氣污染物申報-一般空氣污染物,揮發性有機化合物,,,2021,9.978
72197621,E,空氣污染物申報-有害空氣污染物,三氯甲烷,,,2021,0.006
72197621,E,空氣污染物申報-有害空氣污染物,二氯甲烷,,,2021,5.076
72197621,E,空氣污染物申報-有害空氣污染物,甲苯,,,2021,0.008
80280616,E,空氣污染物申報-一般空氣污染物,揮發性有機化合物,,,2021,0.064
80280616,E,空氣污染物申報-有害空氣污染物,三氯甲烷,,,2021,0.001
80280616,E,空氣污染物申報-有害空氣污染物,二氯甲烷,,,2021,0.023
80281973,E,空氣污染物申報-一般空氣污染物,揮發性有機化合物,,,2021,0.003
80310225,E,空氣污染物申報-一般空氣污染物,揮發性有機化合物,,,2021,1.116
80642673,E,空氣污染物申報-一般空氣污染物,氮氧化物,,,2021,1.812
80642673,E,空氣污染物申報-一般空氣污染物,粒狀污染物,,,2021,0.05200000000000001
80642673,E,空氣污染物申報-一般空氣污染物,揮發性有機化合物,,,2021,8.899000000000001
80642673,E,空氣污染物申報-有害空氣污染物,三氯甲烷,,,2021,0.002
80642673,E,空氣污染物申報-有害空氣污染物,二氯甲烷,,,2021,1.735
80689276,E,空氣污染物申報-一般空氣污染物,揮發性有機化合物,,,2021,0.007
81002274,E,空氣污染物申報-一般空氣污染物,氮氧化物,,,2021,0.314
81002274,E,空氣污染物申報-一般空氣污染物,粒狀污染物,,,2021,0.009000000000000001
84149006,E,空氣污染物申報-一般空氣污染物,氮氧化物,,,2021,0.6669999999999999
84149006,E,空氣污染物申報-一般空氣污染物,粒狀污染物,,,2021,0.05
84149006,E,空氣污染物申報-一般空氣污染物,揮發性有機化合物,,,2021,3.982
84149006,E,空氣污染物申報-有害空氣污染物,三氯甲烷,,,2021,0.01
84149006,E,空氣污染物申報-有害空氣污染物,二氯甲烷,,,2021,0.008
86306206,E,空氣污染物申報-一般空氣污染物,粒狀污染物,,,2021,0.006
86306206,E,空氣污染物申報-一般空氣污染物,揮發性有機化合物,,,2021,17.165
96922622,E,空氣污染物申報-一般空氣污染物,氮氧化物,,,2021,9.671
96922622,E,空氣污染物申報-一般空氣污染物,硫氧化物,,,2021,2.685
96922622,E,空氣污染物申報-一般空氣污染物,粒狀污染物,,,2021,0.786
96922622,E,空氣污染物申報-一般空氣污染物,揮發性有機化合物,,,2021,54.626000000000005
96922622,E,空氣污染物申報-有害空氣污染物,三氯甲烷,,,2021,0.10699999999999998
96922622,E,空氣污染物申報-有害空氣污染物,二氯甲烷,,,2021,4.874
96922622,E,空氣污染物申報-有害空氣污染物,甲苯,,,2021,0.892
96922622,E,空氣污染物申報-有害空氣污染物,二甲苯,,,2021,0.004
97454724,E,空氣污染物申報-一般空氣污染物,揮發性有機化合物,,,2021,2.719
04742997,E,空氣污染物申報-一般空氣污染物,氮氧化物,,,2021,0.29400000000000004
04742997,E,空氣污染物申報-一般空氣污染物,硫氧化物,,,2021,0.021000000000000005
04742997,E,空氣污染物申報-一般空氣污染物,粒狀污染物,,,2021,0.008
04742997,E,空氣污染物申報-一般空氣污染物,揮發性有機化合物,,,2021,0.128
04742997,E,空氣污染物申報-有害空氣污染物,三氯甲烷,,,2021,0.008
04742997,E,空氣污染物申報-有害空氣污染物,二氯甲烷,,,2021,0.019000000000000003
04742997,E,空氣污染物申報-有害空氣污染物,甲苯,,,2021,0.008
03088704,E,空氣污染物申報-一般空氣污染物,氮氧化物,,,2021,0.878
03088704,E,空氣污染物申報-一般空氣污染物,粒狀污染物,,,2021,0.088
03088704,E,空氣污染物申報-一般空氣污染物,揮發性有機化合物,,,2021,15.73
03088704,E,空氣污染物申報-有害空氣污染物,二氯甲烷,,,2021,7.325
03088704,E,空氣污染物申報-有害空氣污染物,甲苯,,,2021,1.3940000000000001
03088802,E,空氣污染物申報-一般空氣污染物,氮氧化物,,,2021,14.100999999999997
03088802,E,空氣污染物申報-一般空氣污染物,硫氧化物,,,2021,19.282999999999998
03088802,E,空氣污染物申報-一般空氣污染物,粒狀污染物,,,2021,1.4780000000000002
03088802,E,空氣污染物申報-一般空氣污染物,揮發性有機化合物,,,2021,45.44100000000001
03088802,E,空氣污染物申報-有害空氣污染物,三氯甲烷,,,2021,0.185
03088802,E,空氣污染物申報-有害空氣污染物,二氯甲烷,,,2021,22.414
11880517,E,環境違規,違反環境法規金額,,元,2010,450000
11880517,E,環境違規,違反環境法規次數,,次,2010,2
14089976,E,環境違規,違反環境法規金額,,元,2010,180000
14089976,E,環境違規,違反環境法規次數,,次,2010,1
16130161,E,環境違規,違反環境法規金額,,元,2010,60000
16130161,E,環境違規,違反環境法規次數,,次,2010,1
16130182,E,環境違規,違反環境法規金額,,元,2010,10000
16130182,E,環境違規,違反環境法規次數,,次,2010,1
16549813,E,環境違規,違反環境法規金額,,元,2010,60000
16549813,E,環境違規,違反環境法規次數,,次,2010,1
16749811,E,環境違規,違反環境法規金額,,元,2010,60000
16749811,E,環境違規,違反環境法規次數,,次,2010,1
22662545,E,環境違規,違反環境法規金額,,元,2010,340000
22662545,E,環境違規,違反環境法規次數,,次,2010,4
33259508,E,環境違規,違反環境法規金額,,元,2010,1500000
33259508,E,環境違規,違反環境法規次數,,次,2010,1
42042734,E,環境違規,違反環境法規金額,,元,2010,80000
42042734,E,環境違規,違反環境法規次數,,次,2010,1
72082135,E,環境違規,違反環境法規金額,,元,2010,300000
72082135,E,環境違規,違反環境法規次數,,次,2010,1
72197621,E,環境違規,違反環境法規金額,,元,2010,6000
72197621,E,環境違規,違反環境法規次數,,次,2010,1
80280616,E,環境違規,違反環境法規金額,,元,2010,120000
80280616,E,環境違規,違反環境法規次數,,次,2010,1
80642673,E,環境違規,違反環境法規金額,,元,2010,60000
80642673,E,環境違規,違反環境法規次數,,次,2010,1
81002274,E,環境違規,違反環境法規金額,,元,2010,90000
81002274,E,環境違規,違反環境法規次數,,次,2010,1
04742997,E,環境違規,違反環境法規金額,,元,2010,12000
04742997,E,環境違規,違反環境法規次數,,次,2010,2
11880517,E,環境違規,違反環境法規金額,,元,2011,230000
11880517,E,環境違規,違反環境法規次數,,次,2011,2
16549813,E,環境違規,違反環境法規金額,,元,2011,100000
16549813,E,環境違規,違反環境法規次數,,次,2011,1
22099982,E,環境違規,違反環境法規金額,,元,2011,1500
22099982,E,環境違規,違反環境法規次數,,次,2011,1
22662545,E,環境違規,違反環境法規金額,,元,2011,60000
22662545,E,環境違規,違反環境法規次數,,次,2011,1
43211700,E,環境違規,違反環境法規金額,,元,2011,6000
43211700,E,環境違規,違反環境法規次數,,次,2011,1
56065601,E,環境違規,違反環境法規金額,,元,2011,120000
56065601,E,環境違規,違反環境法規次數,,次,2011,2
56620559,E,環境違規,違反環境法規金額,,元,2011,120000
56620559,E,環境違規,違反環境法規次數,,次,2011,1
70557655,E,環境違規,違反環境法規金額,,元,2011,60000
70557655,E,環境違規,違反環境法規次數,,次,2011,1
71122503,E,環境違規,違反環境法規金額,,元,2011,100000
71122503,E,環境違規,違反環境法規次數,,次,2011,1
80167706,E,環境違規,違反環境法規金額,,元,2011,30000
80167706,E,環境違規,違反環境法規次數,,次,2011,1
80642673,E,環境違規,違反環境法規金額,,元,2011,6000
80642673,E,環境違規,違反環境法規次數,,次,2011,1
96922622,E,環境違規,違反環境法規金額,,元,2011,100000
96922622,E,環境違規,違反環境法規次數,,次,2011,1
04742997,E,環境違規,違反環境法規金額,,元,2011,60000
04742997,E,環境違規,違反環境法規次數,,次,2011,1
11821341,E,環境違規,違反環境法規金額,,元,2012,10000
11821341,E,環境違規,違反環境法規次數,,次,2012,1
11880517,E,環境違規,違反環境法規金額,,元,2012,240000
11880517,E,環境違規,違反環境法規次數,,次,2012,2
12905993,E,環境違規,違反環境法規金額,,元,2012,112000
12905993,E,環境違規,違反環境法規次數,,次,2012,2
16130161,E,環境違規,違反環境法規金額,,元,2012,60000
16130161,E,環境違規,違反環境法規次數,,次,2012,1
16130471,E,環境違規,違反環境法規金額,,元,2012,10000
16130471,E,環境違規,違反環境法規次數,,次,2012,1
20765714,E,環境違規,違反環境法規金額,,元,2012,12000
20765714,E,環境違規,違反環境法規次數,,次,2012,2
22662545,E,環境違規,違反環境法規金額,,元,2012,60000
22662545,E,環境違規,違反環境法規次數,,次,2012,1
27453928,E,環境違規,違反環境法規金額,,元,2012,100000
27453928,E,環境違規,違反環境法規次數,,次,2012,1
28924399,E,環境違規,違反環境法規金額,,元,2012,72000
28924399,E,環境違規,違反環境法規次數,,次,2012,3
43199950,E,環境違規,違反環境法規金額,,元,2012,6000
43199950,E,環境違規,違反環境法規次數,,次,2012,1
43211700,E,環境違規,違反環境法規金額,,元,2012,320000
43211700,E,環境違規,違反環境法規次數,,次,2012,3
56620559,E,環境違規,違反環境法規金額,,元,2012,60000
56620559,E,環境違規,違反環境法規次數,,次,2012,1
70774029,E,環境違規,違反環境法規金額,,元,2012,66000
70774029,E,環境違規,違反環境法規次數,,次,2012,2
71122503,E,環境違規,違反環境法規金額,,元,2012,10000
71122503,E,環境違規,違反環境法規次數,,次,2012,1
72082135,E,環境違規,違反環境法規金額,,元,2012,60000
72082135,E,環境違規,違反環境法規次數,,次,2012,1
72197621,E,環境違規,違反環境法規金額,,元,2012,186000
72197621,E,環境違規,違反環境法規次數,,次,2012,2
80642673,E,環境違規,違反環境法規金額,,元,2012,6000
80642673,E,環境違規,違反環境法規次數,,次,2012,1
96922622,E,環境違規,違反環境法規金額,,元,2012,5250000
96922622,E,環境違規,違反環境法規次數,,次,2012,9
97454724,E,環境違規,違反環境法規金額,,元,2012,12000
97454724,E,環境違規,違反環境法規次數,,次,2012,2
04742997,E,環境違規,違反環境法規金額,,元,2012,120000
04742997,E,環境違規,違反環境法規次數,,次,2012,2
11880517,E,環境違規,違反環境法規金額,,元,2013,122000
11880517,E,環境違規,違反環境法規次數,,次,2013,3
12974421,E,環境違規,違反環境法規金額,,元,2013,60000
12974421,E,環境違規,違反環境法規次數,,次,2013,1
22662545,E,環境違規,違反環境法規金額,,元,2013,750000
22662545,E,環境違規,違反環境法規次數,,次,2013,2
43211700,E,環境違規,違反環境法規金額,,元,2013,60000
43211700,E,環境違規,違反環境法規次數,,次,2013,1
47154259,E,環境違規,違反環境法規金額,,元,2013,180000
47154259,E,環境違規,違反環境法規次數,,次,2013,2
47299918,E,環境違規,違反環境法規金額,,元,2013,60000
47299918,E,環境違規,違反環境法規次數,,次,2013,1
72197621,E,環境違規,違反環境法規金額,,元,2013,60000
72197621,E,環境違規,違反環境法規次數,,次,2013,1
80642673,E,環境違規,違反環境法規金額,,元,2013,60000
80642673,E,環境違規,違反環境法規次數,,次,2013,1
86723722,E,環境違規,違反環境法規金額,,元,2013,120000
86723722,E,環境違規,違反環境法規次數,,次,2013,2
89415241,E,環境違規,違反環境法規金額,,元,2013,60000
89415241,E,環境違規,違反環境法規次數,,次,2013,1
96922622,E,環境違規,違反環境法規金額,,元,2013,580000
96922622,E,環境違規,違反環境法規次數,,次,2013,5
04742997,E,環境違規,違反環境法規金額,,元,2013,90000
04742997,E,環境違規,違反環境法規次數,,次,2013,1
03088802,E,環境違規,違反環境法規金額,,元,2013,126000
03088802,E,環境違規,違反環境法規次數,,次,2013,2
03088704,E,環境違規,違反環境法規金額,,元,2013,150000
03088704,E,環境違規,違反環境法規次數,,次,2013,1
11880517,E,環境違規,違反環境法規金額,,元,2014,530000
11880517,E,環境違規,違反環境法規次數,,次,2014,1
12971536,E,環境違規,違反環境法規金額,,元,2014,100000
12971536,E,環境違規,違反環境法規次數,,次,2014,1
16130161,E,環境違規,違反環境法規金額,,元,2014,60000
16130161,E,環境違規,違反環境法規次數,,次,2014,1
22099982,E,環境違規,違反環境法規金額,,元,2014,100000
22099982,E,環境違規,違反環境法規次數,,次,2014,1
22662545,E,環境違規,違反環境法規金額,,元,2014,100000
22662545,E,環境違規,違反環境法規次數,,次,2014,1
43211700,E,環境違規,違反環境法規金額,,元,2014,16000
43211700,E,環境違規,違反環境法規次數,,次,2014,2
56620559,E,環境違規,違反環境法規金額,,元,2014,100000
56620559,E,環境違規,違反環境法規次數,,次,2014,1
71122503,E,環境違規,違反環境法規金額,,元,2014,410000
71122503,E,環境違規,違反環境法規次數,,次,2014,3
80225425,E,環境違規,違反環境法規金額,,元,2014,60000
80225425,E,環境違規,違反環境法規次數,,次,2014,1
80310225,E,環境違規,違反環境法規金額,,元,2014,110000
80310225,E,環境違規,違反環境法規次數,,次,2014,1
80527809,E,環境違規,違反環境法規金額,,元,2014,60000
80527809,E,環境違規,違反環境法規次數,,次,2014,1
80642673,E,環境違規,違反環境法規金額,,元,2014,200000
80642673,E,環境違規,違反環境法規次數,,次,2014,2
81002274,E,環境違規,違反環境法規金額,,元,2014,160000
81002274,E,環境違規,違反環境法規次數,,次,2014,2
86723722,E,環境違規,違反環境法規金額,,元,2014,6000
86723722,E,環境違規,違反環境法規次數,,次,2014,1
96922622,E,環境違規,違反環境法規金額,,元,2014,470000
96922622,E,環境違規,違反環境法規次數,,次,2014,3
03088802,E,環境違規,違反環境法規金額,,元,2014,72000
03088802,E,環境違規,違反環境法規次數,,次,2014,3
03088704,E,環境違規,違反環境法規金額,,元,2014,66000
03088704,E,環境違規,違反環境法規次數,,次,2014,2
11880517,E,環境違規,違反環境法規金額,,元,2015,200000
11880517,E,環境違規,違反環境法規次數,,次,2015,1
12681706,E,環境違規,違反環境法規金額,,元,2015,60000
12681706,E,環境違規,違反環境法規次數,,次,2015,1
12905993,E,環境違規,違反環境法規金額,,元,2015,12000
12905993,E,環境違規,違反環境法規次數,,次,2015,1
16930971,E,環境違規,違反環境法規金額,,元,2015,120000
16930971,E,環境違規,違反環境法規次數,,次,2015,1
18606304,E,環境違規,違反環境法規金額,,元,2015,80000
18606304,E,環境違規,違反環境法規次數,,次,2015,3
20765714,E,環境違規,違反環境法規金額,,元,2015,200000
20765714,E,環境違規,違反環境法規次數,,次,2015,1
27219254,E,環境違規,違反環境法規金額,,元,2015,120000
27219254,E,環境違規,違反環境法規次數,,次,2015,2
43199950,E,環境違規,違反環境法規金額,,元,2015,70000
43199950,E,環境違規,違反環境法規次數,,次,2015,2
43211700,E,環境違規,違反環境法規金額,,元,2015,100000
43211700,E,環境違規,違反環境法規次數,,次,2015,1
52347361,E,環境違規,違反環境法規金額,,元,2015,140000
52347361,E,環境違規,違反環境法規次數,,次,2015,2
53764125,E,環境違規,違反環境法規金額,,元,2015,10000
53764125,E,環境違規,違反環境法規次數,,次,2015,1
56620559,E,環境違規,違反環境法規金額,,元,2015,100000
56620559,E,環境違規,違反環境法規次數,,次,2015,1
69275313,E,環境違規,違反環境法規金額,,元,2015,100000
69275313,E,環境違規,違反環境法規次數,,次,2015,1
72082135,E,環境違規,違反環境法規金額,,元,2015,60000
72082135,E,環境違規,違反環境法規次數,,次,2015,1
80527809,E,環境違規,違反環境法規金額,,元,2015,100000
80527809,E,環境違規,違反環境法規次數,,次,2015,1
81002274,E,環境違規,違反環境法規金額,,元,2015,10000
81002274,E,環境違規,違反環境法規次數,,次,2015,1
84149006,E,環境違規,違反環境法規金額,,元,2015,16000
84149006,E,環境違規,違反環境法規次數,,次,2015,2
96922622,E,環境違規,違反環境法規金額,,元,2015,270000
96922622,E,環境違規,違反環境法規次數,,次,2015,3
03088704,E,環境違規,違反環境法規金額,,元,2015,60000
03088704,E,環境違規,違反環境法規次數,,次,2015,1
12905993,E,環境違規,違反環境法規金額,,元,2016,88000
12905993,E,環境違規,違反環境法規次數,,次,2016,2
16130161,E,環境違規,違反環境法規金額,,元,2016,1000000
16130161,E,環境違規,違反環境法規次數,,次,2016,10
16749811,E,環境違規,違反環境法規金額,,元,2016,12000
16749811,E,環境違規,違反環境法規次數,,次,2016,2
18606304,E,環境違規,違反環境法規金額,,元,2016,18000
18606304,E,環境違規,違反環境法規次數,,次,2016,3
22099982,E,環境違規,違反環境法規金額,,元,2016,19500
22099982,E,環境違規,違反環境法規次數,,次,2016,1
33259508,E,環境違規,違反環境法規金額,,元,2016,99000
33259508,E,環境違規,違反環境法規次數,,次,2016,1
43211700,E,環境違規,違反環境法規金額,,元,2016,420000
43211700,E,環境違規,違反環境法規次數,,次,2016,2
56065601,E,環境違規,違反環境法規金額,,元,2016,16000
56065601,E,環境違規,違反環境法規次數,,次,2016,2
56620559,E,環境違規,違反環境法規金額,,元,2016,100000
56620559,E,環境違規,違反環境法規次數,,次,2016,1
70557655,E,環境違規,違反環境法規金額,,元,2016,100000
70557655,E,環境違規,違反環境法規次數,,次,2016,1
72082135,E,環境違規,違反環境法規金額,,元,2016,297000
72082135,E,環境違規,違反環境法規次數,,次,2016,1
72197621,E,環境違規,違反環境法規金額,,元,2016,286000
72197621,E,環境違規,違反環境法規次數,,次,2016,5
80642673,E,環境違規,違反環境法規金額,,元,2016,100000
80642673,E,環境違規,違反環境法規次數,,次,2016,1
80666442,E,環境違規,違反環境法規金額,,元,2016,28000
80666442,E,環境違規,違反環境法規次數,,次,2016,1
81002274,E,環境違規,違反環境法規金額,,元,2016,21000
81002274,E,環境違規,違反環境法規次數,,次,2016,1
96922622,E,環境違規,違反環境法規金額,,元,2016,750000
96922622,E,環境違規,違反環境法規次數,,次,2016,2
12681706,E,環境違規,違反環境法規金額,,元,2017,60000
12681706,E,環境違規,違反環境法規次數,,次,2017,1
12905993,E,環境違規,違反環境法規金額,,元,2017,300000
12905993,E,環境違規,違反環境法規次數,,次,2017,3
16130161,E,環境違規,違反環境法規金額,,元,2017,120000
16130161,E,環境違規,違反環境法規次數,,次,2017,2
18606304,E,環境違規,違反環境法規金額,,元,2017,381000
18606304,E,環境違規,違反環境法規次數,,次,2017,6
20765714,E,環境違規,違反環境法規金額,,元,2017,60000
20765714,E,環境違規,違反環境法規次數,,次,2017,1
22195654,E,環境違規,違反環境法規金額,,元,2017,18000
22195654,E,環境違規,違反環境法規次數,,次,2017,2
28708250,E,環境違規,違反環境法規金額,,元,2017,1200
28708250,E,環境違規,違反環境法規次數,,次,2017,1
43199950,E,環境違規,違反環境法規金額,,元,2017,12000
43199950,E,環境違規,違反環境法規次數,,次,2017,2
43211700,E,環境違規,違反環境法規金額,,元,2017,4653000
43211700,E,環境違規,違反環境法規次數,,次,2017,2
47154259,E,環境違規,違反環境法規金額,,元,2017,106000
47154259,E,環境違規,違反環境法規次數,,次,2017,2
52347361,E,環境違規,違反環境法規金額,,元,2017,75000
52347361,E,環境違規,違反環境法規次數,,次,2017,1
56065601,E,環境違規,違反環境法規金額,,元,2017,117500
56065601,E,環境違規,違反環境法規次數,,次,2017,2
69275313,E,環境違規,違反環境法規金額,,元,2017,160000
69275313,E,環境違規,違反環境法規次數,,次,2017,2
72082135,E,環境違規,違反環境法規金額,,元,2017,165000
72082135,E,環境違規,違反環境法規次數,,次,2017,1
80642673,E,環境違規,違反環境法規金額,,元,2017,100000
80642673,E,環境違規,違反環境法規次數,,次,2017,1
81002274,E,環境違規,違反環境法規金額,,元,2017,1500
81002274,E,環境違規,違反環境法規次數,,次,2017,1
84149006,E,環境違規,違反環境法規金額,,元,2017,5097000
84149006,E,環境違規,違反環境法規次數,,次,2017,3
86723722,E,環境違規,違反環境法規金額,,元,2017,60000
86723722,E,環境違規,違反環境法規次數,,次,2017,1
96922622,E,環境違規,違反環境法規金額,,元,2017,200000
96922622,E,環境違規,違反環境法規次數,,次,2017,1
03088704,E,環境違規,違反環境法規金額,,元,2017,76000
03088704,E,環境違規,違反環境法規次數,,次,2017,3
03088802,E,環境違規,違反環境法規金額,,元,2017,210000
03088802,E,環境違規,違反環境法規次數,,次,2017,3
11821341,E,環境違規,違反環境法規金額,,元,2018,12000
11821341,E,環境違規,違反環境法規次數,,次,2018,2
11880517,E,環境違規,違反環境法規金額,,元,2018,66000
11880517,E,環境違規,違反環境法規次數,,次,2018,1
12292039,E,環境違規,違反環境法規金額,,元,2018,60000
12292039,E,環境違規,違反環境法規次數,,次,2018,1
12685908,E,環境違規,違反環境法規金額,,元,2018,60000
12685908,E,環境違規,違反環境法規次數,,次,2018,1
12905993,E,環境違規,違反環境法規金額,,元,2018,20000
12905993,E,環境違規,違反環境法規次數,,次,2018,1
12974421,E,環境違規,違反環境法規金額,,元,2018,60000
12974421,E,環境違規,違反環境法規次數,,次,2018,1
16307131,E,環境違規,違反環境法規金額,,元,2018,10000
16307131,E,環境違規,違反環境法規次數,,次,2018,1
16680539,E,環境違規,違反環境法規金額,,元,2018,60000
16680539,E,環境違規,違反環境法規次數,,次,2018,1
16766281,E,環境違規,違反環境法規金額,,元,2018,60000
16766281,E,環境違規,違反環境法規次數,,次,2018,1
18606304,E,環境違規,違反環境法規金額,,元,2018,18000
18606304,E,環境違規,違反環境法規次數,,次,2018,3
22195654,E,環境違規,違反環境法規金額,,元,2018,6000
22195654,E,環境違規,違反環境法規次數,,次,2018,1
22662545,E,環境違規,違反環境法規金額,,元,2018,10000
22662545,E,環境違規,違反環境法規次數,,次,2018,1
25021158,E,環境違規,違反環境法規金額,,元,2018,60000
25021158,E,環境違規,違反環境法規次數,,次,2018,1
27348877,E,環境違規,違反環境法規金額,,元,2018,60000
27348877,E,環境違規,違反環境法規次數,,次,2018,1
43199950,E,環境違規,違反環境法規金額,,元,2018,126000
43199950,E,環境違規,違反環境法規次數,,次,2018,2
43211700,E,環境違規,違反環境法規金額,,元,2018,100000
43211700,E,環境違規,違反環境法規次數,,次,2018,1
69275313,E,環境違規,違反環境法規金額,,元,2018,100000
69275313,E,環境違規,違反環境法規次數,,次,2018,1
70527203,E,環境違規,違反環境法規金額,,元,2018,60000
70527203,E,環境違規,違反環境法規次數,,次,2018,1
70774029,E,環境違規,違反環境法規金額,,元,2018,60000
70774029,E,環境違規,違反環境法規次數,,次,2018,1
72197621,E,環境違規,違反環境法規金額,,元,2018,100000
72197621,E,環境違規,違反環境法規次數,,次,2018,1
80310225,E,環境違規,違反環境法規金額,,元,2018,60000
80310225,E,環境違規,違反環境法規次數,,次,2018,1
86723722,E,環境違規,違反環境法規金額,,元,2018,60000
86723722,E,環境違規,違反環境法規次數,,次,2018,1
96922622,E,環境違規,違反環境法規金額,,元,2018,310000
96922622,E,環境違規,違反環境法規次數,,次,2018,4
97432341,E,環境違規,違反環境法規金額,,元,2018,6000
97432341,E,環境違規,違反環境法規次數,,次,2018,1
04742997,E,環境違規,違反環境法規金額,,元,2018,612000
04742997,E,環境違規,違反環境法規次數,,次,2018,1
03088704,E,環境違規,違反環境法規金額,,元,2018,60000
03088704,E,環境違規,違反環境法規次數,,次,2018,1
03088802,E,環境違規,違反環境法規金額,,元,2018,160000
03088802,E,環境違規,違反環境法規次數,,次,2018,2
12905993,E,環境違規,違反環境法規金額,,元,2019,78000
12905993,E,環境違規,違反環境法規次數,,次,2019,2
12971536,E,環境違規,違反環境法規金額,,元,2019,100000
12971536,E,環境違規,違反環境法規次數,,次,2019,1
14089976,E,環境違規,違反環境法規金額,,元,2019,100000
14089976,E,環境違規,違反環境法規次數,,次,2019,1
16130471,E,環境違規,違反環境法規金額,,元,2019,82000
16130471,E,環境違規,違反環境法規次數,,次,2019,4
22195654,E,環境違規,違反環境法規金額,,元,2019,210000
22195654,E,環境違規,違反環境法規次數,,次,2019,5
22662545,E,環境違規,違反環境法規金額,,元,2019,6000
22662545,E,環境違規,違反環境法規次數,,次,2019,1
23285106,E,環境違規,違反環境法規金額,,元,2019,10000
23285106,E,環境違規,違反環境法規次數,,次,2019,1
28708250,E,環境違規,違反環境法規金額,,元,2019,1200
28708250,E,環境違規,違反環境法規次數,,次,2019,1
35348007,E,環境違規,違反環境法規金額,,元,2019,60000
35348007,E,環境違規,違反環境法規次數,,次,2019,1
43211700,E,環境違規,違反環境法規金額,,元,2019,2112000
43211700,E,環境違規,違反環境法規次數,,次,2019,1
47299918,E,環境違規,違反環境法規金額,,元,2019,60000
47299918,E,環境違規,違反環境法規次數,,次,2019,1
56620559,E,環境違規,違反環境法規金額,,元,2019,10000
56620559,E,環境違規,違反環境法規次數,,次,2019,1
71122503,E,環境違規,違反環境法規金額,,元,2019,22000
71122503,E,環境違規,違反環境法規次數,,次,2019,3
72197621,E,環境違規,違反環境法規金額,,元,2019,406000
72197621,E,環境違規,違反環境法規次數,,次,2019,5
80310225,E,環境違規,違反環境法規金額,,元,2019,10000
80310225,E,環境違規,違反環境法規次數,,次,2019,1
80689276,E,環境違規,違反環境法規金額,,元,2019,60000
80689276,E,環境違規,違反環境法規次數,,次,2019,1
86649006,E,環境違規,違反環境法規金額,,元,2019,1200
86649006,E,環境違規,違反環境法規次數,,次,2019,1
96922622,E,環境違規,違反環境法規金額,,元,2019,250500
96922622,E,環境違規,違反環境法規次數,,次,2019,4
03088802,E,環境違規,違反環境法規金額,,元,2019,120000
03088802,E,環境違規,違反環境法規次數,,次,2019,1
11880517,E,環境違規,違反環境法規金額,,元,2020,6000
11880517,E,環境違規,違反環境法規次數,,次,2020,1
12292039,E,環境違規,違反環境法規金額,,元,2020,6000
12292039,E,環境違規,違反環境法規次數,,次,2020,1
12715847,E,環境違規,違反環境法規金額,,元,2020,6000
12715847,E,環境違規,違反環境法規次數,,次,2020,1
13159100,E,環境違規,違反環境法規金額,,元,2020,60000
13159100,E,環境違規,違反環境法規次數,,次,2020,1
14089976,E,環境違規,違反環境法規金額,,元,2020,36000
14089976,E,環境違規,違反環境法規次數,,次,2020,4
16130471,E,環境違規,違反環境法規金額,,元,2020,160000
16130471,E,環境違規,違反環境法規次數,,次,2020,2
16584326,E,環境違規,違反環境法規金額,,元,2020,60000
16584326,E,環境違規,違反環境法規次數,,次,2020,1
16766281,E,環境違規,違反環境法規金額,,元,2020,6000
16766281,E,環境違規,違反環境法規次數,,次,2020,1
22662545,E,環境違規,違反環境法規金額,,元,2020,258000
22662545,E,環境違規,違反環境法規次數,,次,2020,2
23161816,E,環境違規,違反環境法規金額,,元,2020,12000
23161816,E,環境違規,違反環境法規次數,,次,2020,1
42042734,E,環境違規,違反環境法規金額,,元,2020,15600
42042734,E,環境違規,違反環境法規次數,,次,2020,2
56620559,E,環境違規,違反環境法規金額,,元,2020,440000
56620559,E,環境違規,違反環境法規次數,,次,2020,4
70527203,E,環境違規,違反環境法規金額,,元,2020,12000
70527203,E,環境違規,違反環境法規次數,,次,2020,2
71122503,E,環境違規,違反環境法規金額,,元,2020,235000
71122503,E,環境違規,違反環境法規次數,,次,2020,2
72082135,E,環境違規,違反環境法規金額,,元,2020,66000
72082135,E,環境違規,違反環境法規次數,,次,2020,2
72197621,E,環境違規,違反環境法規金額,,元,2020,1005000
72197621,E,環境違規,違反環境法規次數,,次,2020,3
80310225,E,環境違規,違反環境法規金額,,元,2020,126000
80310225,E,環境違規,違反環境法規次數,,次,2020,1
96922622,E,環境違規,違反環境法規金額,,元,2020,3770000
96922622,E,環境違規,違反環境法規次數,,次,2020,8
03088704,E,環境違規,違反環境法規金額,,元,2020,300000
03088704,E,環境違規,違反環境法規次數,,次,2020,3
03088802,E,環境違規,違反環境法規金額,,元,2020,180000
03088802,E,環境違規,違反環境法規次數,,次,2020,3
11821341,E,環境違規,違反環境法規金額,,元,2021,60000
11821341,E,環境違規,違反環境法規次數,,次,2021,1
16130161,E,環境違規,違反環境法規金額,,元,2021,450000
16130161,E,環境違規,違反環境法規次數,,次,2021,3
16749811,E,環境違規,違反環境法規金額,,元,2021,60000
16749811,E,環境違規,違反環境法規次數,,次,2021,1
22195654,E,環境違規,違反環境法規金額,,元,2021,18000
22195654,E,環境違規,違反環境法規次數,,次,2021,1
22662545,E,環境違規,違反環境法規金額,,元,2021,500000
22662545,E,環境違規,違反環境法規次數,,次,2021,1
70354764,E,環境違規,違反環境法規金額,,元,2021,60000
70354764,E,環境違規,違反環境法規次數,,次,2021,1
70527203,E,環境違規,違反環境法規金額,,元,2021,105000
70527203,E,環境違規,違反環境法規次數,,次,2021,1
71122503,E,環境違規,違反環境法規金額,,元,2021,198000
71122503,E,環境違規,違反環境法規次數,,次,2021,1
96922622,E,環境違規,違反環境法規金額,,元,2021,60000
96922622,E,環境違規,違反環境法規次數,,次,2021,1
03088802,E,環境違規,違反環境法規金額,,元,2021,9000
03088802,E,環境違規,違反環境法規次數,,次,2021,1
22195654,S,員工薪資,平均薪資,,仟元,2020,585
22195654,S,員工薪資,薪資中位數,,仟元,2020,549
97432341,S,員工薪資,平均薪資,,仟元,2020,608
97432341,S,員工薪資,薪資中位數,,仟元,2020,490
23751545,S,員工薪資,平均薪資,,仟元,2020,712
23751545,S,員工薪資,薪資中位數,,仟元,2020,664
03088802,S,員工薪資,平均薪資,,仟元,2020,722
03088802,S,員工薪資,薪資中位數,,仟元,2020,604
11880517,S,員工薪資,平均薪資,,仟元,2020,826
11880517,S,員工薪資,薪資中位數,,仟元,2020,776
71122503,S,員工薪資,平均薪資,,仟元,2020,784
71122503,S,員工薪資,薪資中位數,,仟元,2020,685
14089976,S,員工薪資,平均薪資,,仟元,2020,623
14089976,S,員工薪資,薪資中位數,,仟元,2020,540
16130182,S,員工薪資,平均薪資,,仟元,2020,559
16130182,S,員工薪資,薪資中位數,,仟元,2020,487
42042734,S,員工薪資,平均薪資,,仟元,2020,547
42042734,S,員工薪資,薪資中位數,,仟元,2020,490
52347361,S,員工薪資,平均薪資,,仟元,2020,651
52347361,S,員工薪資,薪資中位數,,仟元,2020,547
69275313,S,員工薪資,平均薪資,,仟元,2020,513
69275313,S,員工薪資,薪資中位數,,仟元,2020,455
04742997,S,員工薪資,平均薪資,,仟元,2020,750
04742997,S,員工薪資,薪資中位數,,仟元,2020,598
03088704,S,員工薪資,平均薪資,,仟元,2020,963
03088704,S,員工薪資,薪資中位數,,仟元,2020,859
72197621,S,員工薪資,平均薪資,,仟元,2020,831
72197621,S,員工薪資,薪資中位數,,仟元,2020,756
97304042,S,員工薪資,平均薪資,,仟元,2020,755
97304042,S,員工薪資,薪資中位數,,仟元,2020,661
16749811,S,員工薪資,平均薪資,,仟元,2020,629
16749811,S,員工薪資,薪資中位數,,仟元,2020,591
70836411,S,員工薪資,平均薪資,,仟元,2020,748
70836411,S,員工薪資,薪資中位數,,仟元,2020,633
13159100,S,員工薪資,平均薪資,,仟元,2020,710
13159100,S,員工薪資,薪資中位數,,仟元,2020,642
23161816,S,員工薪資,平均薪資,,仟元,2020,938
23161816,S,員工薪資,薪資中位數,,仟元,2020,824
16130161,S,員工薪資,平均薪資,,仟元,2020,845
16130161,S,員工薪資,薪資中位數,,仟元,2020,762
11456110,S,員工薪資,平均薪資,,仟元,2020,996
11456110,S,員工薪資,薪資中位數,,仟元,2020,668
16570131,S,員工薪資,平均薪資,,仟元,2020,689
16570131,S,員工薪資,薪資中位數,,仟元,2020,686
84449952,S,員工薪資,平均薪資,,仟元,2020,604
84449952,S,員工薪資,薪資中位數,,仟元,2020,515
23348952,S,員工薪資,平均薪資,,仟元,2020,843
23348952,S,員工薪資,薪資中位數,,仟元,2020,729
12715847,S,員工薪資,平均薪資,,仟元,2020,568
12715847,S,員工薪資,薪資中位數,,仟元,2020,535
70760897,S,員工薪資,平均薪資,,仟元,2020,910
70760897,S,員工薪資,薪資中位數,,仟元,2020,789
16313696,S,員工薪資,平均薪資,,仟元,2020,592
16313696,S,員工薪資,薪資中位數,,仟元,2020,520
84926791,S,員工薪資,平均薪資,,仟元,2020,885
84926791,S,員工薪資,薪資中位數,,仟元,2020,716
53004906,S,員工薪資,平均薪資,,仟元,2020,817
53004906,S,員工薪資,薪資中位數,,仟元,2020,713
56620559,S,員工薪資,平均薪資,,仟元,2020,642
56620559,S,員工薪資,薪資中位數,,仟元,2020,568
22854522,S,員工薪資,平均薪資,,仟元,2020,859
22854522,S,員工薪資,薪資中位數,,仟元,2020,741
11821341,S,員工薪資,平均薪資,,仟元,2020,1126
11821341,S,員工薪資,薪資中位數,,仟元,2020,936
23632773,S,員工薪資,平均薪資,,仟元,2020,721
23632773,S,員工薪資,薪資中位數,,仟元,2020,610
86306206,S,員工薪資,平均薪資,,仟元,2020,566
86306206,S,員工薪資,薪資中位數,,仟元,2020,501
16766281,S,員工薪資,平均薪資,,仟元,2020,704
16766281,S,員工薪資,薪資中位數,,仟元,2020,597
89415241,S,員工薪資,平均薪資,,仟元,2020,493
89415241,S,員工薪資,薪資中位數,,仟元,2020,470
47154259,S,員工薪資,平均薪資,,仟元,2020,523
47154259,S,員工薪資,薪資中位數,,仟元,2020,489
43199950,S,員工薪資,平均薪資,,仟元,2020,1001
43199950,S,員工薪資,薪資中位數,,仟元,2020,755
23285106,S,員工薪資,平均薪資,,仟元,2020,774
23285106,S,員工薪資,薪資中位數,,仟元,2020,714
22662545,S,員工薪資,平均薪資,,仟元,2020,891
22662545,S,員工薪資,薪資中位數,,仟元,2020,828
12397982,S,員工薪資,平均薪資,,仟元,2020,1031
12397982,S,員工薪資,薪資中位數,,仟元,2020,907
23123644,S,員工薪資,平均薪資,,仟元,2020,782
23123644,S,員工薪資,薪資中位數,,仟元,2020,679
18606304,S,員工薪資,平均薪資,,仟元,2020,776
18606304,S,員工薪資,薪資中位數,,仟元,2020,671
20765714,S,員工薪資,平均薪資,,仟元,2020,503
20765714,S,員工薪資,薪資中位數,,仟元,2020,432
85086859,S,員工薪資,平均薪資,,仟元,2020,519
85086859,S,員工薪資,薪資中位數,,仟元,2020,470
70555349,S,員工薪資,平均薪資,,仟元,2020,856
70555349,S,員工薪資,薪資中位數,,仟元,2020,699
22099982,S,員工薪資,平均薪資,,仟元,2020,638
22099982,S,員工薪資,薪資中位數,,仟元,2020,559
84149006,S,員工薪資,平均薪資,,仟元,2020,771
84149006,S,員工薪資,薪資中位數,,仟元,2020,681
16680539,S,員工薪資,平均薪資,,仟元,2020,494
16680539,S,員工薪資,薪資中位數,,仟元,2020,459
12974421,S,員工薪資,平均薪資,,仟元,2020,609
12974421,S,員工薪資,薪資中位數,,仟元,2020,546
80527809,S,員工薪資,平均薪資,,仟元,2020,889
80527809,S,員工薪資,薪資中位數,,仟元,2020,719
33259508,S,員工薪資,平均薪資,,仟元,2020,713
33259508,S,員工薪資,薪資中位數,,仟元,2020,637
28707338,S,員工薪資,平均薪資,,仟元,2020,921
28707338,S,員工薪資,薪資中位數,,仟元,2020,743
89376900,S,員工薪資,平均薪資,,仟元,2020,713
89376900,S,員工薪資,薪資中位數,,仟元,2020,630
27453928,S,員工薪資,平均薪資,,仟元,2020,708
27453928,S,員工薪資,薪資中位數,,仟元,2020,615
24268870,S,員工薪資,平均薪資,,仟元,2020,751
24268870,S,員工薪資,薪資中位數,,仟元,2020,615
16930971,S,員工薪資,平均薪資,,仟元,2020,514
16930971,S,員工薪資,薪資中位數,,仟元,2020,454
80264691,S,員工薪資,平均薪資,,仟元,2020,2348
80264691,S,員工薪資,薪資中位數,,仟元,2020,2564
27473348,S,員工薪資,平均薪資,,仟元,2020,606
27473348,S,員工薪資,薪資中位數,,仟元,2020,495
24483414,S,員工薪資,平均薪資,,仟元,2020,994
24483414,S,員工薪資,薪資中位數,,仟元,2020,810
80642673,S,員工薪資,平均薪資,,仟元,2020,611
80642673,S,員工薪資,薪資中位數,,仟元,2020,564
12683520,S,員工薪資,平均薪資,,仟元,2020,674
12683520,S,員工薪資,薪資中位數,,仟元,2020,649
05071926,S,員工薪資,平均薪資,,仟元,2020,685
05071926,S,員工薪資,薪資中位數,,仟元,2020,645
13110677,S,員工薪資,平均薪資,,仟元,2020,1032
13110677,S,員工薪資,薪資中位數,,仟元,2020,904
86649006,S,員工薪資,平均薪資,,仟元,2020,530
86649006,S,員工薪資,薪資中位數,,仟元,2020,483
80064027,S,員工薪資,平均薪資,,仟元,2020,691
80064027,S,員工薪資,薪資中位數,,仟元,2020,588
24316471,S,員工薪資,平均薪資,,仟元,2020,843
24316471,S,員工薪資,薪資中位數,,仟元,2020,661
29118865,S,員工薪資,平均薪資,,仟元,2020,731
29118865,S,員工薪資,薪資中位數,,仟元,2020,657
54154754,S,員工薪資,平均薪資,,仟元,2020,919
54154754,S,員工薪資,薪資中位數,,仟元,2020,823
12905993,S,員工薪資,平均薪資,,仟元,2020,822
12905993,S,員工薪資,薪資中位數,,仟元,2020,729
12744147,S,員工薪資,平均薪資,,仟元,2020,670
12744147,S,員工薪資,薪資中位數,,仟元,2020,582
96965874,S,員工薪資,平均薪資,,仟元,2020,805
96965874,S,員工薪資,薪資中位數,,仟元,2020,489
16584326,S,員工薪資,平均薪資,,仟元,2020,605
16584326,S,員工薪資,薪資中位數,,仟元,2020,495
80310225,S,員工薪資,平均薪資,,仟元,2020,534
80310225,S,員工薪資,薪資中位數,,仟元,2020,464
29108260,S,員工薪資,平均薪資,,仟元,2020,868
29108260,S,員工薪資,薪資中位數,,仟元,2020,638
80234971,S,員工薪資,平均薪資,,仟元,2020,457
80234971,S,員工薪資,薪資中位數,,仟元,2020,433
96922622,S,員工薪資,平均薪資,,仟元,2020,802
96922622,S,員工薪資,薪資中位數,,仟元,2020,741
35348007,S,員工薪資,平均薪資,,仟元,2020,581
35348007,S,員工薪資,薪資中位數,,仟元,2020,514
80225425,S,員工薪資,平均薪資,,仟元,2020,427
80225425,S,員工薪資,薪資中位數,,仟元,2020,424
23530966,S,員工薪資,平均薪資,,仟元,2020,698
23530966,S,員工薪資,薪資中位數,,仟元,2020,597
84659035,S,員工薪資,平均薪資,,仟元,2020,422
84659035,S,員工薪資,薪資中位數,,仟元,2020,384
12549828,S,員工薪資,平均薪資,,仟元,2020,553
12549828,S,員工薪資,薪資中位數,,仟元,2020,446
70557655,S,員工薪資,平均薪資,,仟元,2020,1085
70557655,S,員工薪資,薪資中位數,,仟元,2020,853
53104031,S,員工薪資,平均薪資,,仟元,2020,717
53104031,S,員工薪資,薪資中位數,,仟元,2020,549
12803476,S,員工薪資,平均薪資,,仟元,2020,500
12803476,S,員工薪資,薪資中位數,,仟元,2020,443
28684877,S,員工薪資,平均薪資,,仟元,2020,636
28684877,S,員工薪資,薪資中位數,,仟元,2020,462
25021158,S,員工薪資,平均薪資,,仟元,2020,686
25021158,S,員工薪資,薪資中位數,,仟元,2020,595
54021973,S,員工薪資,平均薪資,,仟元,2020,1087
54021973,S,員工薪資,薪資中位數,,仟元,2020,1002
23024594,S,員工薪資,平均薪資,,仟元,2020,990
23024594,S,員工薪資,薪資中位數,,仟元,2020,796
54150856,S,員工薪資,平均薪資,,仟元,2020,1002
54150856,S,員工薪資,薪資中位數,,仟元,2020,920
80167706,S,員工薪資,平均薪資,,仟元,2020,674
80167706,S,員工薪資,薪資中位數,,仟元,2020,635
25057697,S,員工薪資,平均薪資,,仟元,2020,726
25057697,S,員工薪資,薪資中位數,,仟元,2020,591
12663974,S,員工薪資,平均薪資,,仟元,2020,1178
12663974,S,員工薪資,薪資中位數,,仟元,2020,1100
53943057,S,員工薪資,平均薪資,,仟元,2020,904
53943057,S,員工薪資,薪資中位數,,仟元,2020,770
29135647,S,員工薪資,平均薪資,,仟元,2020,938
29135647,S,員工薪資,薪資中位數,,仟元,2020,866
80281973,S,員工薪資,平均薪資,,仟元,2020,660
80281973,S,員工薪資,薪資中位數,,仟元,2020,548
54165507,S,員工薪資,平均薪資,,仟元,2020,1097
54165507,S,員工薪資,薪資中位數,,仟元,2020,1044
54150737,S,員工薪資,平均薪資,,仟元,2020,883
54150737,S,員工薪資,薪資中位數,,仟元,2020,758
28113167,S,員工薪資,平均薪資,,仟元,2020,570
28113167,S,員工薪資,薪資中位數,,仟元,2020,434
53710986,S,員工薪資,平均薪資,,仟元,2020,600
53710986,S,員工薪資,薪資中位數,,仟元,2020,557
54008079,S,員工薪資,平均薪資,,仟元,2020,729
54008079,S,員工薪資,薪資中位數,,仟元,2020,669
80158777,S,員工薪資,平均薪資,,仟元,2020,729
80158777,S,員工薪資,薪資中位數,,仟元,2020,610
12862410,S,員工薪資,平均薪資,,仟元,2020,737
12862410,S,員工薪資,薪資中位數,,仟元,2020,629
24347235,S,員工薪資,平均薪資,,仟元,2020,679
24347235,S,員工薪資,薪資中位數,,仟元,2020,604
60274720,S,員工薪資,平均薪資,,仟元,2020,647
60274720,S,員工薪資,薪資中位數,,仟元,2020,512
04342697,S,員工薪資,平均薪資,,仟元,2020,779
04342697,S,員工薪資,薪資中位數,,仟元,2020,624
27491562,S,員工薪資,平均薪資,,仟元,2020,807
27491562,S,員工薪資,薪資中位數,,仟元,2020,706
25098389,S,員工薪資,平均薪資,,仟元,2020,591
25098389,S,員工薪資,薪資中位數,,仟元,2020,484
16130471,S,員工薪資,平均薪資,,仟元,2020,604
16130471,S,員工薪資,薪資中位數,,仟元,2020,524
80563852,S,員工薪資,平均薪資,,仟元,2020,766
80563852,S,員工薪資,薪資中位數,,仟元,2020,664
22743619,S,員工薪資,平均薪資,,仟元,2020,664
22743619,S,員工薪資,薪資中位數,,仟元,2020,602
53093421,S,員工薪資,平均薪資,,仟元,2020,1117
53093421,S,員工薪資,薪資中位數,,仟元,2020,948
12292039,S,員工薪資,平均薪資,,仟元,2020,1028
12292039,S,員工薪資,薪資中位數,,仟元,2020,923
22195654,S,員工薪資,平均薪資,,仟元,2019,626
22195654,S,員工薪資,薪資中位數,,仟元,2019,596
97432341,S,員工薪資,平均薪資,,仟元,2019,561
97432341,S,員工薪資,薪資中位數,,仟元,2019,441
23751545,S,員工薪資,平均薪資,,仟元,2019,541
23751545,S,員工薪資,薪資中位數,,仟元,2019,473
03088802,S,員工薪資,平均薪資,,仟元,2019,666
03088802,S,員工薪資,薪資中位數,,仟元,2019,567
11880517,S,員工薪資,平均薪資,,仟元,2019,905
11880517,S,員工薪資,薪資中位數,,仟元,2019,832
71122503,S,員工薪資,平均薪資,,仟元,2019,732
71122503,S,員工薪資,薪資中位數,,仟元,2019,636
14089976,S,員工薪資,平均薪資,,仟元,2019,604
14089976,S,員工薪資,薪資中位數,,仟元,2019,527
16130182,S,員工薪資,平均薪資,,仟元,2019,541
16130182,S,員工薪資,薪資中位數,,仟元,2019,472
42042734,S,員工薪資,平均薪資,,仟元,2019,514
42042734,S,員工薪資,薪資中位數,,仟元,2019,474
52347361,S,員工薪資,平均薪資,,仟元,2019,693
52347361,S,員工薪資,薪資中位數,,仟元,2019,569
69275313,S,員工薪資,平均薪資,,仟元,2019,515
69275313,S,員工薪資,薪資中位數,,仟元,2019,459
04742997,S,員工薪資,平均薪資,,仟元,2019,760
04742997,S,員工薪資,薪資中位數,,仟元,2019,595
03088704,S,員工薪資,平均薪資,,仟元,2019,774
03088704,S,員工薪資,薪資中位數,,仟元,2019,696
72197621,S,員工薪資,平均薪資,,仟元,2019,823
72197621,S,員工薪資,薪資中位數,,仟元,2019,726
97304042,S,員工薪資,平均薪資,,仟元,2019,741
97304042,S,員工薪資,薪資中位數,,仟元,2019,629
16749811,S,員工薪資,平均薪資,,仟元,2019,623
16749811,S,員工薪資,薪資中位數,,仟元,2019,620
70836411,S,員工薪資,平均薪資,,仟元,2019,663
70836411,S,員工薪資,薪資中位數,,仟元,2019,570
13159100,S,員工薪資,平均薪資,,仟元,2019,672
13159100,S,員工薪資,薪資中位數,,仟元,2019,572
23161816,S,員工薪資,平均薪資,,仟元,2019,905
23161816,S,員工薪資,薪資中位數,,仟元,2019,810
16130161,S,員工薪資,平均薪資,,仟元,2019,818
16130161,S,員工薪資,薪資中位數,,仟元,2019,724
11456110,S,員工薪資,平均薪資,,仟元,2019,912
11456110,S,員工薪資,薪資中位數,,仟元,2019,619
16570131,S,員工薪資,平均薪資,,仟元,2019,617
16570131,S,員工薪資,薪資中位數,,仟元,2019,654
84449952,S,員工薪資,平均薪資,,仟元,2019,705
84449952,S,員工薪資,薪資中位數,,仟元,2019,572
23348952,S,員工薪資,平均薪資,,仟元,2019,791
23348952,S,員工薪資,薪資中位數,,仟元,2019,698
12715847,S,員工薪資,平均薪資,,仟元,2019,571
12715847,S,員工薪資,薪資中位數,,仟元,2019,554
70760897,S,員工薪資,平均薪資,,仟元,2019,849
70760897,S,員工薪資,薪資中位數,,仟元,2019,691
16313696,S,員工薪資,平均薪資,,仟元,2019,548
16313696,S,員工薪資,薪資中位數,,仟元,2019,516
84926791,S,員工薪資,平均薪資,,仟元,2019,760
84926791,S,員工薪資,薪資中位數,,仟元,2019,645
53004906,S,員工薪資,平均薪資,,仟元,2019,846
53004906,S,員工薪資,薪資中位數,,仟元,2019,727
56620559,S,員工薪資,平均薪資,,仟元,2019,620
56620559,S,員工薪資,薪資中位數,,仟元,2019,543
22854522,S,員工薪資,平均薪資,,仟元,2019,863
22854522,S,員工薪資,薪資中位數,,仟元,2019,747
11821341,S,員工薪資,平均薪資,,仟元,2019,1166
11821341,S,員工薪資,薪資中位數,,仟元,2019,976
23632773,S,員工薪資,平均薪資,,仟元,2019,688
23632773,S,員工薪資,薪資中位數,,仟元,2019,608
86306206,S,員工薪資,平均薪資,,仟元,2019,529
86306206,S,員工薪資,薪資中位數,,仟元,2019,449
16766281,S,員工薪資,平均薪資,,仟元,2019,685
16766281,S,員工薪資,薪資中位數,,仟元,2019,557
89415241,S,員工薪資,平均薪資,,仟元,2019,514
89415241,S,員工薪資,薪資中位數,,仟元,2019,459
47154259,S,員工薪資,平均薪資,,仟元,2019,527
47154259,S,員工薪資,薪資中位數,,仟元,2019,495
43199950,S,員工薪資,平均薪資,,仟元,2019,913
43199950,S,員工薪資,薪資中位數,,仟元,2019,721
23285106,S,員工薪資,平均薪資,,仟元,2019,788
23285106,S,員工薪資,薪資中位數,,仟元,2019,570
22662545,S,員工薪資,平均薪資,,仟元,2019,956
22662545,S,員工薪資,薪資中位數,,仟元,2019,878
12397982,S,員工薪資,平均薪資,,仟元,2019,1059
12397982,S,員工薪資,薪資中位數,,仟元,2019,944
23123644,S,員工薪資,平均薪資,,仟元,2019,704
23123644,S,員工薪資,薪資中位數,,仟元,2019,596
18606304,S,員工薪資,平均薪資,,仟元,2019,811
18606304,S,員工薪資,薪資中位數,,仟元,2019,682
20765714,S,員工薪資,平均薪資,,仟元,2019,500
20765714,S,員工薪資,薪資中位數,,仟元,2019,421
85086859,S,員工薪資,平均薪資,,仟元,2019,512
85086859,S,員工薪資,薪資中位數,,仟元,2019,461
70555349,S,員工薪資,平均薪資,,仟元,2019,870
70555349,S,員工薪資,薪資中位數,,仟元,2019,728
22099982,S,員工薪資,平均薪資,,仟元,2019,631
22099982,S,員工薪資,薪資中位數,,仟元,2019,563
84149006,S,員工薪資,平均薪資,,仟元,2019,770
84149006,S,員工薪資,薪資中位數,,仟元,2019,669
16680539,S,員工薪資,平均薪資,,仟元,2019,512
16680539,S,員工薪資,薪資中位數,,仟元,2019,463
12974421,S,員工薪資,平均薪資,,仟元,2019,590
12974421,S,員工薪資,薪資中位數,,仟元,2019,544
80527809,S,員工薪資,平均薪資,,仟元,2019,888
80527809,S,員工薪資,薪資中位數,,仟元,2019,690
33259508,S,員工薪資,平均薪資,,仟元,2019,605
33259508,S,員工薪資,薪資中位數,,仟元,2019,535
28707338,S,員工薪資,平均薪資,,仟元,2019,909
28707338,S,員工薪資,薪資中位數,,仟元,2019,783
89376900,S,員工薪資,平均薪資,,仟元,2019,745
89376900,S,員工薪資,薪資中位數,,仟元,2019,683
27453928,S,員工薪資,平均薪資,,仟元,2019,722
27453928,S,員工薪資,薪資中位數,,仟元,2019,620
24268870,S,員工薪資,平均薪資,,仟元,2019,777
24268870,S,員工薪資,薪資中位數,,仟元,2019,647
16930971,S,員工薪資,平均薪資,,仟元,2019,530
16930971,S,員工薪資,薪資中位數,,仟元,2019,481
80264691,S,員工薪資,平均薪資,,仟元,2019,2073
80264691,S,員工薪資,薪資中位數,,仟元,2019,1956
27473348,S,員工薪資,平均薪資,,仟元,2019,642
27473348,S,員工薪資,薪資中位數,,仟元,2019,492
24483414,S,員工薪資,平均薪資,,仟元,2019,987
24483414,S,員工薪資,薪資中位數,,仟元,2019,871
80642673,S,員工薪資,平均薪資,,仟元,2019,523
80642673,S,員工薪資,薪資中位數,,仟元,2019,500
12683520,S,員工薪資,平均薪資,,仟元,2019,687
12683520,S,員工薪資,薪資中位數,,仟元,2019,637
05071926,S,員工薪資,平均薪資,,仟元,2019,665
05071926,S,員工薪資,薪資中位數,,仟元,2019,580
13110677,S,員工薪資,平均薪資,,仟元,2019,1006
13110677,S,員工薪資,薪資中位數,,仟元,2019,885
86649006,S,員工薪資,平均薪資,,仟元,2019,524
86649006,S,員工薪資,薪資中位數,,仟元,2019,485
80064027,S,員工薪資,平均薪資,,仟元,2019,654
80064027,S,員工薪資,薪資中位數,,仟元,2019,558
24316471,S,員工薪資,平均薪資,,仟元,2019,783
24316471,S,員工薪資,薪資中位數,,仟元,2019,675
29118865,S,員工薪資,平均薪資,,仟元,2019,733
29118865,S,員工薪資,薪資中位數,,仟元,2019,665
54154754,S,員工薪資,平均薪資,,仟元,2019,985
54154754,S,員工薪資,薪資中位數,,仟元,2019,976
12905993,S,員工薪資,平均薪資,,仟元,2019,797
12905993,S,員工薪資,薪資中位數,,仟元,2019,714
12744147,S,員工薪資,平均薪資,,仟元,2019,594
12744147,S,員工薪資,薪資中位數,,仟元,2019,541
96965874,S,員工薪資,平均薪資,,仟元,2019,873
96965874,S,員工薪資,薪資中位數,,仟元,2019,610
16584326,S,員工薪資,平均薪資,,仟元,2019,564
16584326,S,員工薪資,薪資中位數,,仟元,2019,414
80310225,S,員工薪資,平均薪資,,仟元,2019,555
80310225,S,員工薪資,薪資中位數,,仟元,2019,485
29108260,S,員工薪資,平均薪資,,仟元,2019,745
29108260,S,員工薪資,薪資中位數,,仟元,2019,611
80234971,S,員工薪資,平均薪資,,仟元,2019,463
80234971,S,員工薪資,薪資中位數,,仟元,2019,430
96922622,S,員工薪資,平均薪資,,仟元,2019,730
96922622,S,員工薪資,薪資中位數,,仟元,2019,665
35348007,S,員工薪資,平均薪資,,仟元,2019,569
35348007,S,員工薪資,薪資中位數,,仟元,2019,491
80225425,S,員工薪資,平均薪資,,仟元,2019,429
80225425,S,員工薪資,薪資中位數,,仟元,2019,414
23530966,S,員工薪資,平均薪資,,仟元,2019,733
23530966,S,員工薪資,薪資中位數,,仟元,2019,618
84659035,S,員工薪資,平均薪資,,仟元,2019,473
84659035,S,員工薪資,薪資中位數,,仟元,2019,509
12549828,S,員工薪資,平均薪資,,仟元,2019,516
12549828,S,員工薪資,薪資中位數,,仟元,2019,443
70557655,S,員工薪資,平均薪資,,仟元,2019,1046
70557655,S,員工薪資,薪資中位數,,仟元,2019,857
53104031,S,員工薪資,平均薪資,,仟元,2019,876
53104031,S,員工薪資,薪資中位數,,仟元,2019,647
12803476,S,員工薪資,平均薪資,,仟元,2019,466
12803476,S,員工薪資,薪資中位數,,仟元,2019,433
28684877,S,員工薪資,平均薪資,,仟元,2019,570
28684877,S,員工薪資,薪資中位數,,仟元,2019,454
25021158,S,員工薪資,平均薪資,,仟元,2019,635
25021158,S,員工薪資,薪資中位數,,仟元,2019,559
54021973,S,員工薪資,平均薪資,,仟元,2019,1102
54021973,S,員工薪資,薪資中位數,,仟元,2019,987
23024594,S,員工薪資,平均薪資,,仟元,2019,923
23024594,S,員工薪資,薪資中位數,,仟元,2019,730
54150856,S,員工薪資,平均薪資,,仟元,2019,997
54150856,S,員工薪資,薪資中位數,,仟元,2019,870
80167706,S,員工薪資,平均薪資,,仟元,2019,673
80167706,S,員工薪資,薪資中位數,,仟元,2019,565
25057697,S,員工薪資,平均薪資,,仟元,2019,812
25057697,S,員工薪資,薪資中位數,,仟元,2019,562
12663974,S,員工薪資,平均薪資,,仟元,2019,1110
12663974,S,員工薪資,薪資中位數,,仟元,2019,1031
53943057,S,員工薪資,平均薪資,,仟元,2019,882
53943057,S,員工薪資,薪資中位數,,仟元,2019,773
29135647,S,員工薪資,平均薪資,,仟元,2019,1020
29135647,S,員工薪資,薪資中位數,,仟元,2019,949
80281973,S,員工薪資,平均薪資,,仟元,2019,723
80281973,S,員工薪資,薪資中位數,,仟元,2019,562
54165507,S,員工薪資,平均薪資,,仟元,2019,1125
54165507,S,員工薪資,薪資中位數,,仟元,2019,1056
54150737,S,員工薪資,平均薪資,,仟元,2019,839
54150737,S,員工薪資,薪資中位數,,仟元,2019,710
28113167,S,員工薪資,平均薪資,,仟元,2019,593
28113167,S,員工薪資,薪資中位數,,仟元,2019,408
53710986,S,員工薪資,平均薪資,,仟元,2019,611
53710986,S,員工薪資,薪資中位數,,仟元,2019,561
54008079,S,員工薪資,平均薪資,,仟元,2019,783
54008079,S,員工薪資,薪資中位數,,仟元,2019,713
12862410,S,員工薪資,平均薪資,,仟元,2019,730
12862410,S,員工薪資,薪資中位數,,仟元,2019,619
16130471,S,員工薪資,平均薪資,,仟元,2019,606
16130471,S,員工薪資,薪資中位數,,仟元,2019,520
80563852,S,員工薪資,平均薪資,,仟元,2019,723
80563852,S,員工薪資,薪資中位數,,仟元,2019,625
22743619,S,員工薪資,平均薪資,,仟元,2019,625
22743619,S,員工薪資,薪資中位數,,仟元,2019,563
53093421,S,員工薪資,平均薪資,,仟元,2019,1274
53093421,S,員工薪資,薪資中位數,,仟元,2019,1151
12292039,S,員工薪資,平均薪資,,仟元,2019,977
12292039,S,員工薪資,薪資中位數,,仟元,2019,864
22195654,S,員工薪資,平均薪資,,仟元,2018,637
97432341,S,員工薪資,平均薪資,,仟元,2018,568
23751545,S,員工薪資,平均薪資,,仟元,2018,472
03088802,S,員工薪資,平均薪資,,仟元,2018,653
11880517,S,員工薪資,平均薪資,,仟元,2018,748
71122503,S,員工薪資,平均薪資,,仟元,2018,704
14089976,S,員工薪資,平均薪資,,仟元,2018,591
16130182,S,員工薪資,平均薪資,,仟元,2018,534
42042734,S,員工薪資,平均薪資,,仟元,2018,508
52347361,S,員工薪資,平均薪資,,仟元,2018,677
69275313,S,員工薪資,平均薪資,,仟元,2018,541
04742997,S,員工薪資,平均薪資,,仟元,2018,692
03088704,S,員工薪資,平均薪資,,仟元,2018,772
72197621,S,員工薪資,平均薪資,,仟元,2018,814
97304042,S,員工薪資,平均薪資,,仟元,2018,703
16749811,S,員工薪資,平均薪資,,仟元,2018,591
70836411,S,員工薪資,平均薪資,,仟元,2018,705
13159100,S,員工薪資,平均薪資,,仟元,2018,706
23161816,S,員工薪資,平均薪資,,仟元,2018,921
16130161,S,員工薪資,平均薪資,,仟元,2018,841
16570131,S,員工薪資,平均薪資,,仟元,2018,604
84449952,S,員工薪資,平均薪資,,仟元,2018,632
23348952,S,員工薪資,平均薪資,,仟元,2018,761
12715847,S,員工薪資,平均薪資,,仟元,2018,558
70760897,S,員工薪資,平均薪資,,仟元,2018,858
16313696,S,員工薪資,平均薪資,,仟元,2018,555
84926791,S,員工薪資,平均薪資,,仟元,2018,692
53004906,S,員工薪資,平均薪資,,仟元,2018,835
56620559,S,員工薪資,平均薪資,,仟元,2018,533
22854522,S,員工薪資,平均薪資,,仟元,2018,835
11821341,S,員工薪資,平均薪資,,仟元,2018,1113
23632773,S,員工薪資,平均薪資,,仟元,2018,702
86306206,S,員工薪資,平均薪資,,仟元,2018,496
16766281,S,員工薪資,平均薪資,,仟元,2018,711
89415241,S,員工薪資,平均薪資,,仟元,2018,499
47154259,S,員工薪資,平均薪資,,仟元,2018,472
43199950,S,員工薪資,平均薪資,,仟元,2018,1001
23285106,S,員工薪資,平均薪資,,仟元,2018,821
22662545,S,員工薪資,平均薪資,,仟元,2018,905
12397982,S,員工薪資,平均薪資,,仟元,2018,1043
23123644,S,員工薪資,平均薪資,,仟元,2018,674
18606304,S,員工薪資,平均薪資,,仟元,2018,833
20765714,S,員工薪資,平均薪資,,仟元,2018,472
85086859,S,員工薪資,平均薪資,,仟元,2018,631
70555349,S,員工薪資,平均薪資,,仟元,2018,841
22099982,S,員工薪資,平均薪資,,仟元,2018,647
84149006,S,員工薪資,平均薪資,,仟元,2018,761
16680539,S,員工薪資,平均薪資,,仟元,2018,540
12974421,S,員工薪資,平均薪資,,仟元,2018,610
80527809,S,員工薪資,平均薪資,,仟元,2018,841
33259508,S,員工薪資,平均薪資,,仟元,2018,614
28707338,S,員工薪資,平均薪資,,仟元,2018,922
89376900,S,員工薪資,平均薪資,,仟元,2018,707
27453928,S,員工薪資,平均薪資,,仟元,2018,683
24268870,S,員工薪資,平均薪資,,仟元,2018,698
16930971,S,員工薪資,平均薪資,,仟元,2018,521
80264691,S,員工薪資,平均薪資,,仟元,2018,2026
27473348,S,員工薪資,平均薪資,,仟元,2018,575
24483414,S,員工薪資,平均薪資,,仟元,2018,929
80642673,S,員工薪資,平均薪資,,仟元,2018,517
12683520,S,員工薪資,平均薪資,,仟元,2018,713
05071926,S,員工薪資,平均薪資,,仟元,2018,681
13110677,S,員工薪資,平均薪資,,仟元,2018,988
86649006,S,員工薪資,平均薪資,,仟元,2018,522
80064027,S,員工薪資,平均薪資,,仟元,2018,653
24316471,S,員工薪資,平均薪資,,仟元,2018,758
29118865,S,員工薪資,平均薪資,,仟元,2018,662
54154754,S,員工薪資,平均薪資,,仟元,2018,1003
12905993,S,員工薪資,平均薪資,,仟元,2018,769
12744147,S,員工薪資,平均薪資,,仟元,2018,510
96965874,S,員工薪資,平均薪資,,仟元,2018,711
16584326,S,員工薪資,平均薪資,,仟元,2018,651
80310225,S,員工薪資,平均薪資,,仟元,2018,510
29108260,S,員工薪資,平均薪資,,仟元,2018,762
80234971,S,員工薪資,平均薪資,,仟元,2018,552
96922622,S,員工薪資,平均薪資,,仟元,2018,767
35348007,S,員工薪資,平均薪資,,仟元,2018,516
80225425,S,員工薪資,平均薪資,,仟元,2018,425
23530966,S,員工薪資,平均薪資,,仟元,2018,636
84659035,S,員工薪資,平均薪資,,仟元,2018,740
12549828,S,員工薪資,平均薪資,,仟元,2018,502
70557655,S,員工薪資,平均薪資,,仟元,2018,853
53104031,S,員工薪資,平均薪資,,仟元,2018,854
12803476,S,員工薪資,平均薪資,,仟元,2018,454
28684877,S,員工薪資,平均薪資,,仟元,2018,610
54021973,S,員工薪資,平均薪資,,仟元,2018,995
23024594,S,員工薪資,平均薪資,,仟元,2018,1035
54150856,S,員工薪資,平均薪資,,仟元,2018,1050
80167706,S,員工薪資,平均薪資,,仟元,2018,616
12663974,S,員工薪資,平均薪資,,仟元,2018,1164
53943057,S,員工薪資,平均薪資,,仟元,2018,897
29135647,S,員工薪資,平均薪資,,仟元,2018,962
80281973,S,員工薪資,平均薪資,,仟元,2018,725
54165507,S,員工薪資,平均薪資,,仟元,2018,1143
28113167,S,員工薪資,平均薪資,,仟元,2018,584
53710986,S,員工薪資,平均薪資,,仟元,2018,616
12862410,S,員工薪資,平均薪資,,仟元,2018,710
16130471,S,員工薪資,平均薪資,,仟元,2018,603
80563852,S,員工薪資,平均薪資,,仟元,2018,659
22743619,S,員工薪資,平均薪資,,仟元,2018,654
53093421,S,員工薪資,平均薪資,,仟元,2018,1151
12292039,S,員工薪資,平均薪資,,仟元,2018,1038
42042734,G,資本額,資本額,,元,2020,1677220220
42042734,G,資本額,資本額,,元,2019,1677220220
29118865,G,資本額,資本額,,元,2020,1150770000
29118865,G,資本額,資本額,,元,2019,1150770000
27219254,G,資本額,資本額,,元,2020,268852620
27219254,G,資本額,資本額,,元,2019,268852620
23243578,G,資本額,資本額,,元,2020,412200000
23243578,G,資本額,資本額,,元,2019,412200000
70527203,G,資本額,資本額,,元,2020,800000000
70527203,G,資本額,資本額,,元,2019,800000000
23161816,G,資本額,資本額,,元,2020,400232370
23161816,G,資本額,資本額,,元,2019,400232370
96965874,G,資本額,資本額,,元,2020,367687580
96965874,G,資本額,資本額,,元,2019,367687580
35348007,G,資本額,資本額,,元,2020,300187500
35348007,G,資本額,資本額,,元,2019,300187500
80527809,G,資本額,資本額,,元,2020,300000000
80527809,G,資本額,資本額,,元,2019,300000000
05071926,G,資本額,資本額,,元,2020,445743550
05071926,G,資本額,資本額,,元,2019,445743550
22854522,G,資本額,資本額,,元,2020,1217805600
22854522,G,資本額,資本額,,元,2019,1217805600
28089461,G,資本額,資本額,,元,2020,117960000
28089461,G,資本額,資本額,,元,2019,117960000
28853599,G,資本額,資本額,,元,2020,710020680
28853599,G,資本額,資本額,,元,2019,710020680
97304042,G,資本額,資本額,,元,2020,474076050
97304042,G,資本額,資本額,,元,2019,474076050
89376900,G,資本額,資本額,,元,2020,617590890
89376900,G,資本額,資本額,,元,2019,617590890
29045104,G,資本額,資本額,,元,2020,200000000
29045104,G,資本額,資本額,,元,2019,200000000
16584326,G,資本額,資本額,,元,2020,928235630
16584326,G,資本額,資本額,,元,2019,928235630
12685908,G,資本額,資本額,,元,2020,627764060
12685908,G,資本額,資本額,,元,2019,627764060
23632773,G,資本額,資本額,,元,2020,1009115570
23632773,G,資本額,資本額,,元,2019,1009115570
29135647,G,資本額,資本額,,元,2020,302613000
29135647,G,資本額,資本額,,元,2019,302613000
54021973,G,資本額,資本額,,元,2020,897436200
54021973,G,資本額,資本額,,元,2019,897436200
27352652,G,資本額,資本額,,元,2020,220000000
27352652,G,資本額,資本額,,元,2019,220000000
81002274,G,資本額,資本額,,元,2020,858830090
81002274,G,資本額,資本額,,元,2019,858830090
25029519,G,資本額,資本額,,元,2020,333333340
25029519,G,資本額,資本額,,元,2019,333333340
03088704,G,資本額,資本額,,元,2020,775600000
03088704,G,資本額,資本額,,元,2019,775600000
12873063,G,資本額,資本額,,元,2020,134710400
12873063,G,資本額,資本額,,元,2019,134710400
54150737,G,資本額,資本額,,元,2020,3004476300
54150737,G,資本額,資本額,,元,2019,3004476300
23348952,G,資本額,資本額,,元,2020,324528000
23348952,G,資本額,資本額,,元,2019,324528000
22195654,G,資本額,資本額,,元,2020,504165000
22195654,G,資本額,資本額,,元,2019,504165000
27348877,G,資本額,資本額,,元,2020,310000000
27348877,G,資本額,資本額,,元,2019,310000000
54156063,G,資本額,資本額,,元,2020,234654510
54156063,G,資本額,資本額,,元,2019,234654510
16307131,G,資本額,資本額,,元,2020,475922880
16307131,G,資本額,資本額,,元,2019,475922880
12683520,G,資本額,資本額,,元,2020,974818100
12683520,G,資本額,資本額,,元,2019,974818100
27545820,G,資本額,資本額,,元,2020,721403700
27545820,G,資本額,資本額,,元,2019,721403700
23530966,G,資本額,資本額,,元,2020,600599000
23530966,G,資本額,資本額,,元,2019,600599000
24782320,G,資本額,資本額,,元,2020,539700000
24782320,G,資本額,資本額,,元,2019,539700000
54179072,G,資本額,資本額,,元,2020,1208794920
54179072,G,資本額,資本額,,元,2019,1208794920
69442662,G,資本額,資本額,,元,2020,120000000
69442662,G,資本額,資本額,,元,2019,120000000
12953452,G,資本額,資本額,,元,2020,578916730
12953452,G,資本額,資本額,,元,2019,578916730
85086859,G,資本額,資本額,,元,2020,457600000
85086859,G,資本額,資本額,,元,2019,457600000
80280616,G,資本額,資本額,,元,2020,1422270000
80280616,G,資本額,資本額,,元,2019,1422270000
27453928,G,資本額,資本額,,元,2020,949336510
27453928,G,資本額,資本額,,元,2019,949336510
16570131,G,資本額,資本額,,元,2020,1633796780
16570131,G,資本額,資本額,,元,2019,1633796780
28113005,G,資本額,資本額,,元,2020,300061550
28113005,G,資本額,資本額,,元,2019,300061550
16130182,G,資本額,資本額,,元,2020,999861920
16130182,G,資本額,資本額,,元,2019,999861920
22099982,G,資本額,資本額,,元,2020,881181440
22099982,G,資本額,資本額,,元,2019,881181440
70354764,G,資本額,資本額,,元,2020,425500000
70354764,G,資本額,資本額,,元,2019,425500000
28031449,G,資本額,資本額,,元,2020,301809250
28031449,G,資本額,資本額,,元,2019,301809250
47299918,G,資本額,資本額,,元,2020,598243700
47299918,G,資本額,資本額,,元,2019,598243700
12878686,G,資本額,資本額,,元,2020,265280000
12878686,G,資本額,資本額,,元,2019,265280000
42770331,G,資本額,資本額,,元,2020,142300000
42770331,G,資本額,資本額,,元,2019,142300000
86723722,G,資本額,資本額,,元,2020,1472176720
86723722,G,資本額,資本額,,元,2019,1472176720
80064027,G,資本額,資本額,,元,2020,200000000
80064027,G,資本額,資本額,,元,2019,200000000
70507157,G,資本額,資本額,,元,2020,426270340
70507157,G,資本額,資本額,,元,2019,426270340
84149006,G,資本額,資本額,,元,2020,1100038510
84149006,G,資本額,資本額,,元,2019,1100038510
43199950,G,資本額,資本額,,元,2020,3131342040
43199950,G,資本額,資本額,,元,2019,3131342040
24626617,G,資本額,資本額,,元,2020,1053548330
24626617,G,資本額,資本額,,元,2019,1053548330
47154259,G,資本額,資本額,,元,2020,569829850
47154259,G,資本額,資本額,,元,2019,569829850
97432341,G,資本額,資本額,,元,2020,352275330
97432341,G,資本額,資本額,,元,2019,352275330
80689276,G,資本額,資本額,,元,2020,828993160
80689276,G,資本額,資本額,,元,2019,828993160
24613916,G,資本額,資本額,,元,2020,305155000
24613916,G,資本額,資本額,,元,2019,305155000
53943057,G,資本額,資本額,,元,2020,2128865000
53943057,G,資本額,資本額,,元,2019,2128865000
54008079,G,資本額,資本額,,元,2020,330000000
54008079,G,資本額,資本額,,元,2019,330000000
53394159,G,資本額,資本額,,元,2020,751220000
53394159,G,資本額,資本額,,元,2019,751220000
25098389,G,資本額,資本額,,元,2020,291090000
25098389,G,資本額,資本額,,元,2019,291090000
28113167,G,資本額,資本額,,元,2020,339699000
28113167,G,資本額,資本額,,元,2019,339699000
25181598,G,資本額,資本額,,元,2020,429385000
25181598,G,資本額,資本額,,元,2019,429385000
12905993,G,資本額,資本額,,元,2020,1533337000
12905993,G,資本額,資本額,,元,2019,1533337000
53065641,G,資本額,資本額,,元,2020,344889300
53065641,G,資本額,資本額,,元,2019,344889300
24765568,G,資本額,資本額,,元,2020,553959030
24765568,G,資本額,資本額,,元,2019,553959030
12803476,G,資本額,資本額,,元,2020,707110590
12803476,G,資本額,資本額,,元,2019,707110590
97454724,G,資本額,資本額,,元,2020,802745000
97454724,G,資本額,資本額,,元,2019,802745000
84449952,G,資本額,資本額,,元,2020,466355100
84449952,G,資本額,資本額,,元,2019,466355100
11880517,G,資本額,資本額,,元,2020,1481373730
11880517,G,資本額,資本額,,元,2019,1481373730
25057697,G,資本額,資本額,,元,2020,242760000
25057697,G,資本額,資本額,,元,2019,242760000
80563852,G,資本額,資本額,,元,2020,1143258680
80563852,G,資本額,資本額,,元,2019,1143258680
43211700,G,資本額,資本額,,元,2020,2100000000
43211700,G,資本額,資本額,,元,2019,2100000000
24851135,G,資本額,資本額,,元,2020,292090000
24851135,G,資本額,資本額,,元,2019,292090000
96922622,G,資本額,資本額,,元,2020,1202559630
96922622,G,資本額,資本額,,元,2019,1202559630
22662545,G,資本額,資本額,,元,2020,953823720
22662545,G,資本額,資本額,,元,2019,953823720
27559859,G,資本額,資本額,,元,2020,1385250000
27559859,G,資本額,資本額,,元,2019,1385250000
27491562,G,資本額,資本額,,元,2020,215743680
27491562,G,資本額,資本額,,元,2019,215743680
16693062,G,資本額,資本額,,元,2020,537266660
16693062,G,資本額,資本額,,元,2019,537266660
25021158,G,資本額,資本額,,元,2020,700000000
25021158,G,資本額,資本額,,元,2019,700000000
86649006,G,資本額,資本額,,元,2020,352323640
86649006,G,資本額,資本額,,元,2019,352323640
16749811,G,資本額,資本額,,元,2020,769992350
16749811,G,資本額,資本額,,元,2019,769992350
27312189,G,資本額,資本額,,元,2020,232569840
27312189,G,資本額,資本額,,元,2019,232569840
16680539,G,資本額,資本額,,元,2020,190000000
16680539,G,資本額,資本額,,元,2019,190000000
80310225,G,資本額,資本額,,元,2020,622887940
80310225,G,資本額,資本額,,元,2019,622887940
27473348,G,資本額,資本額,,元,2020,482901430
27473348,G,資本額,資本額,,元,2019,482901430
80722654,G,資本額,資本額,,元,2020,320007680
80722654,G,資本額,資本額,,元,2019,320007680
56620559,G,資本額,資本額,,元,2020,423734000
56620559,G,資本額,資本額,,元,2019,423734000
56065601,G,資本額,資本額,,元,2020,833771700
56065601,G,資本額,資本額,,元,2019,833771700
53004906,G,資本額,資本額,,元,2020,2664229830
53004906,G,資本額,資本額,,元,2019,2664229830
80234971,G,資本額,資本額,,元,2020,459580760
80234971,G,資本額,資本額,,元,2019,459580760
52347361,G,資本額,資本額,,元,2020,3036166170
52347361,G,資本額,資本額,,元,2019,3036166170
54823306,G,資本額,資本額,,元,2020,189304702
54823306,G,資本額,資本額,,元,2019,189304702
60274720,G,資本額,資本額,,元,2020,618180000
60274720,G,資本額,資本額,,元,2019,618180000
54059626,G,資本額,資本額,,元,2020,244133000
54059626,G,資本額,資本額,,元,2019,244133000
33259508,G,資本額,資本額,,元,2020,4295077500
33259508,G,資本額,資本額,,元,2019,4295077500
50824681,G,資本額,資本額,,元,2020,900000000
50824681,G,資本額,資本額,,元,2019,900000000
53835304,G,資本額,資本額,,元,2020,240500000
53835304,G,資本額,資本額,,元,2019,240500000
52310651,G,資本額,資本額,,元,2020,570000000
52310651,G,資本額,資本額,,元,2019,570000000
70680851,G,資本額,資本額,,元,2020,355010000
70680851,G,資本額,資本額,,元,2019,355010000
80167706,G,資本額,資本額,,元,2020,450476250
80167706,G,資本額,資本額,,元,2019,450476250
80207616,G,資本額,資本額,,元,2020,481635000
80207616,G,資本額,資本額,,元,2019,481635000
23751545,G,資本額,資本額,,元,2020,1340222540
23751545,G,資本額,資本額,,元,2019,1340222540
80264691,G,資本額,資本額,,元,2020,1466668400
80264691,G,資本額,資本額,,元,2019,1466668400
86306206,G,資本額,資本額,,元,2020,692983360
86306206,G,資本額,資本額,,元,2019,692983360
53710986,G,資本額,資本額,,元,2020,212616000
53710986,G,資本額,資本額,,元,2019,212616000
24291669,G,資本額,資本額,,元,2020,457378830
24291669,G,資本額,資本額,,元,2019,457378830
86704393,G,資本額,資本額,,元,2020,154000000
86704393,G,資本額,資本額,,元,2019,154000000
03088802,G,資本額,資本額,,元,2020,2980810000
03088802,G,資本額,資本額,,元,2019,2980810000
11456110,G,資本額,資本額,,元,2020,2627963120
11456110,G,資本額,資本額,,元,2019,2627963120
86700973,G,資本額,資本額,,元,2020,214500000
86700973,G,資本額,資本額,,元,2019,214500000
43814765,G,資本額,資本額,,元,2020,691317500
43814765,G,資本額,資本額,,元,2019,691317500
22743619,G,資本額,資本額,,元,2020,320000000
22743619,G,資本額,資本額,,元,2019,320000000
23285106,G,資本額,資本額,,元,2020,445660000
23285106,G,資本額,資本額,,元,2019,445660000
53357669,G,資本額,資本額,,元,2020,214585200
53357669,G,資本額,資本額,,元,2019,214585200
12292039,G,資本額,資本額,,元,2020,1182448300
12292039,G,資本額,資本額,,元,2019,1182448300
23123644,G,資本額,資本額,,元,2020,843227700
23123644,G,資本額,資本額,,元,2019,843227700
25147136,G,資本額,資本額,,元,2020,674343950
25147136,G,資本額,資本額,,元,2019,674343950
16592888,G,資本額,資本額,,元,2020,320970000
16592888,G,資本額,資本額,,元,2019,320970000
54346233,G,資本額,資本額,,元,2020,692540000
54346233,G,資本額,資本額,,元,2019,692540000
53104031,G,資本額,資本額,,元,2020,1162790000
53104031,G,資本額,資本額,,元,2019,1162790000
70836411,G,資本額,資本額,,元,2020,496269240
70836411,G,資本額,資本額,,元,2019,496269240
24268870,G,資本額,資本額,,元,2020,242470160
24268870,G,資本額,資本額,,元,2019,242470160
54154754,G,資本額,資本額,,元,2020,805400000
54154754,G,資本額,資本額,,元,2019,805400000
28684877,G,資本額,資本額,,元,2020,684782800
28684877,G,資本額,資本額,,元,2019,684782800
27953682,G,資本額,資本額,,元,2020,433000000
27953682,G,資本額,資本額,,元,2019,433000000
28708250,G,資本額,資本額,,元,2020,331345940
28708250,G,資本額,資本額,,元,2019,331345940
24722581,G,資本額,資本額,,元,2020,291900000
24722581,G,資本額,資本額,,元,2019,291900000
53350764,G,資本額,資本額,,元,2020,602613210
53350764,G,資本額,資本額,,元,2019,602613210
50753953,G,資本額,資本額,,元,2020,375697000
50753953,G,資本額,資本額,,元,2019,375697000
24483414,G,資本額,資本額,,元,2020,1610536050
24483414,G,資本額,資本額,,元,2019,1610536050
24489199,G,資本額,資本額,,元,2020,1036495100
24489199,G,資本額,資本額,,元,2019,1036495100
12681706,G,資本額,資本額,,元,2020,1227384000
12681706,G,資本額,資本額,,元,2019,1227384000
28403068,G,資本額,資本額,,元,2020,492920000
28403068,G,資本額,資本額,,元,2019,492920000
53927676,G,資本額,資本額,,元,2020,523869100
53927676,G,資本額,資本額,,元,2019,523869100
12974421,G,資本額,資本額,,元,2020,605535940
12974421,G,資本額,資本額,,元,2019,605535940
27964549,G,資本額,資本額,,元,2020,867190000
27964549,G,資本額,資本額,,元,2019,867190000
53726093,G,資本額,資本額,,元,2020,586620000
53726093,G,資本額,資本額,,元,2019,586620000
28707338,G,資本額,資本額,,元,2020,2523110000
28707338,G,資本額,資本額,,元,2019,2523110000
54165507,G,資本額,資本額,,元,2020,1168976270
54165507,G,資本額,資本額,,元,2019,1168976270
53529570,G,資本額,資本額,,元,2020,900559080
53529570,G,資本額,資本額,,元,2019,900559080
11821341,G,資本額,資本額,,元,2020,2486499590
11821341,G,資本額,資本額,,元,2019,2486499590
53226196,G,資本額,資本額,,元,2020,339356370
53226196,G,資本額,資本額,,元,2019,339356370
84926791,G,資本額,資本額,,元,2020,761230000
84926791,G,資本額,資本額,,元,2019,761230000
54365575,G,資本額,資本額,,元,2020,278168000
54365575,G,資本額,資本額,,元,2019,278168000
12663974,G,資本額,資本額,,元,2020,1629728250
12663974,G,資本額,資本額,,元,2019,1629728250
42404010,G,資本額,資本額,,元,2020,1030760260
42404010,G,資本額,資本額,,元,2019,1030760260
18606304,G,資本額,資本額,,元,2020,5050487470
18606304,G,資本額,資本額,,元,2019,5050487470
16313696,G,資本額,資本額,,元,2020,327726310
16313696,G,資本額,資本額,,元,2019,327726310
80158777,G,資本額,資本額,,元,2020,233042480
80158777,G,資本額,資本額,,元,2019,233042480
23625631,G,資本額,資本額,,元,2020,250000000
23625631,G,資本額,資本額,,元,2019,250000000
70557655,G,資本額,資本額,,元,2020,2769035910
70557655,G,資本額,資本額,,元,2019,2769035910
70760897,G,資本額,資本額,,元,2020,1393625050
70760897,G,資本額,資本額,,元,2019,1393625050
70555349,G,資本額,資本額,,元,2020,4663295150
70555349,G,資本額,資本額,,元,2019,4663295150
23024594,G,資本額,資本額,,元,2020,466670000
23024594,G,資本額,資本額,,元,2019,466670000
04742997,G,資本額,資本額,,元,2020,857390130
04742997,G,資本額,資本額,,元,2019,857390130
54179426,G,資本額,資本額,,元,2020,225749850
54179426,G,資本額,資本額,,元,2019,225749850
13110677,G,資本額,資本額,,元,2020,1992793740
13110677,G,資本額,資本額,,元,2019,1992793740
53093421,G,資本額,資本額,,元,2020,383981400
53093421,G,資本額,資本額,,元,2019,383981400
70516563,G,資本額,資本額,,元,2020,489239020
70516563,G,資本額,資本額,,元,2019,489239020
54170142,G,資本額,資本額,,元,2020,1839185000
54170142,G,資本額,資本額,,元,2019,1839185000
54727599,G,資本額,資本額,,元,2020,690087500
54727599,G,資本額,資本額,,元,2019,690087500
12862410,G,資本額,資本額,,元,2020,256124000
12862410,G,資本額,資本額,,元,2019,256124000
54150856,G,資本額,資本額,,元,2020,665531590
54150856,G,資本額,資本額,,元,2019,665531590
04342697,G,資本額,資本額,,元,2020,241890000
04342697,G,資本額,資本額,,元,2019,241890000
24731239,G,資本額,資本額,,元,2020,563720110
24731239,G,資本額,資本額,,元,2019,563720110
24771301,G,資本額,資本額,,元,2020,213896250
24771301,G,資本額,資本額,,元,2019,213896250
12397982,G,資本額,資本額,,元,2020,867471000
12397982,G,資本額,資本額,,元,2019,867471000
70774029,G,資本額,資本額,,元,2020,900000000
70774029,G,資本額,資本額,,元,2019,900000000
54318905,G,資本額,資本額,,元,2020,368743710
54318905,G,資本額,資本額,,元,2019,368743710
80281973,G,資本額,資本額,,元,2020,17087920
80281973,G,資本額,資本額,,元,2019,17087920
12971536,G,資本額,資本額,,元,2020,953513400
12971536,G,資本額,資本額,,元,2019,953513400
29108260,G,資本額,資本額,,元,2020,3853174550
29108260,G,資本額,資本額,,元,2019,3853174550
54665910,G,資本額,資本額,,元,2020,600000000
54665910,G,資本額,資本額,,元,2019,600000000
14089976,G,資本額,資本額,,元,2020,1329152000
14089976,G,資本額,資本額,,元,2019,1329152000
24316471,G,資本額,資本額,,元,2020,532214000
24316471,G,資本額,資本額,,元,2019,532214000
16766281,G,資本額,資本額,,元,2020,1986188790
16766281,G,資本額,資本額,,元,2019,1986188790
53273211,G,資本額,資本額,,元,2020,988321000
53273211,G,資本額,資本額,,元,2019,988321000
84659035,G,資本額,資本額,,元,2020,375000000
84659035,G,資本額,資本額,,元,2019,375000000
12676817,G,資本額,資本額,,元,2020,492900000
12676817,G,資本額,資本額,,元,2019,492900000
24347235,G,資本額,資本額,,元,2020,208000000
24347235,G,資本額,資本額,,元,2019,208000000
27570215,G,資本額,資本額,,元,2020,1370000000
27570215,G,資本額,資本額,,元,2019,1370000000
64451000,G,資本額,資本額,,元,2020,749358760
64451000,G,資本額,資本額,,元,2019,749358760
12715847,G,資本額,資本額,,元,2020,863713640
12715847,G,資本額,資本額,,元,2019,863713640
16130161,G,資本額,資本額,,元,2020,7907392220
16130161,G,資本額,資本額,,元,2019,7907392220
80225425,G,資本額,資本額,,元,2020,556600000
80225425,G,資本額,資本額,,元,2019,556600000
69275313,G,資本額,資本額,,元,2020,1009884720
69275313,G,資本額,資本額,,元,2019,1009884720
70722557,G,資本額,資本額,,元,2020,340402720
70722557,G,資本額,資本額,,元,2019,340402720
24546157,G,資本額,資本額,,元,2020,1221300000
24546157,G,資本額,資本額,,元,2019,1221300000
29184891,G,資本額,資本額,,元,2020,470500000
29184891,G,資本額,資本額,,元,2019,470500000
24405425,G,資本額,資本額,,元,2020,190000000
24405425,G,資本額,資本額,,元,2019,190000000
12744147,G,資本額,資本額,,元,2020,544630000
12744147,G,資本額,資本額,,元,2019,544630000
24251218,G,資本額,資本額,,元,2020,182604780
24251218,G,資本額,資本額,,元,2019,182604780
69764396,G,資本額,資本額,,元,2020,349845000
69764396,G,資本額,資本額,,元,2019,349845000
71122503,G,資本額,資本額,,元,2020,1786960890
71122503,G,資本額,資本額,,元,2019,1786960890
16130471,G,資本額,資本額,,元,2020,271008510
16130471,G,資本額,資本額,,元,2019,271008510
72197621,G,資本額,資本額,,元,2020,400595500
72197621,G,資本額,資本額,,元,2019,400595500
72082135,G,資本額,資本額,,元,2020,184170000
72082135,G,資本額,資本額,,元,2019,184170000
12549828,G,資本額,資本額,,元,2020,222000000
12549828,G,資本額,資本額,,元,2019,222000000
53764125,G,資本額,資本額,,元,2020,487387000
53764125,G,資本額,資本額,,元,2019,487387000
16930971,G,資本額,資本額,,元,2020,526597360
16930971,G,資本額,資本額,,元,2019,526597360
80642673,G,資本額,資本額,,元,2020,3168026070
80642673,G,資本額,資本額,,元,2019,3168026070
80666442,G,資本額,資本額,,元,2020,261850000
80666442,G,資本額,資本額,,元,2019,261850000
20765714,G,資本額,資本額,,元,2020,726000000
20765714,G,資本額,資本額,,元,2019,726000000
28924399,G,資本額,資本額,,元,2020,1870028310
28924399,G,資本額,資本額,,元,2019,1870028310
16549813,G,資本額,資本額,,元,2020,600000000
16549813,G,資本額,資本額,,元,2019,600000000
16115725,G,資本額,資本額,,元,2020,300424400
16115725,G,資本額,資本額,,元,2019,300424400
89415241,G,資本額,資本額,,元,2020,889366810
89415241,G,資本額,資本額,,元,2019,889366810
13159100,G,資本額,資本額,,元,2020,661904250
13159100,G,資本額,資本額,,元,2019,661904250
42814751,G,資本額,資本額,,元,2020,250000000
42814751,G,資本額,資本額,,元,2019,250000000
54562029,G,資本額,資本額,,元,2020,354331980
54562029,G,資本額,資本額,,元,2019,354331980
28708250,G,營運狀況,營業收入,,仟元,2020,314477
28708250,G,營運狀況,營業成本,,仟元,2020,106018
28708250,G,營運狀況,營業費用,,仟元,2020,82580
28708250,G,營運狀況,淨利,,仟元,2020,125698
23751545,G,營運狀況,營業收入,,仟元,2020,13123756
23751545,G,營運狀況,營業成本,,仟元,2020,7639437
23751545,G,營運狀況,營業費用,,仟元,2020,3644573
23751545,G,營運狀況,淨利,,仟元,2020,1318056
03088802,G,營運狀況,營業收入,,仟元,2020,8181056
03088802,G,營運狀況,營業成本,,仟元,2020,5212253
03088802,G,營運狀況,營業費用,,仟元,2020,2547571
03088802,G,營運狀況,淨利,,仟元,2020,559500
11880517,G,營運狀況,營業收入,,仟元,2020,9168195
11880517,G,營運狀況,營業成本,,仟元,2020,1631457
11880517,G,營運狀況,營業費用,,仟元,2020,5232009
11880517,G,營運狀況,淨利,,仟元,2020,1895095
56065601,G,營運狀況,營業收入,,仟元,2020,5182380
56065601,G,營運狀況,營業成本,,仟元,2020,2803690
56065601,G,營運狀況,營業費用,,仟元,2020,1487361
56065601,G,營運狀況,淨利,,仟元,2020,744904
71122503,G,營運狀況,營業收入,,仟元,2020,4305400
71122503,G,營運狀況,營業成本,,仟元,2020,2385562
71122503,G,營運狀況,營業費用,,仟元,2020,1213251
71122503,G,營運狀況,淨利,,仟元,2020,625560
14089976,G,營運狀況,營業收入,,仟元,2020,1065325
14089976,G,營運狀況,營業成本,,仟元,2020,389054
14089976,G,營運狀況,營業費用,,仟元,2020,505692
14089976,G,營運狀況,淨利,,仟元,2020,171002
16130182,G,營運狀況,營業收入,,仟元,2020,2005337
16130182,G,營運狀況,營業成本,,仟元,2020,1553113
16130182,G,營運狀況,營業費用,,仟元,2020,348896
16130182,G,營運狀況,淨利,,仟元,2020,94629
42042734,G,營運狀況,營業收入,,仟元,2020,2388452
42042734,G,營運狀況,營業成本,,仟元,2020,1512919
42042734,G,營運狀況,營業費用,,仟元,2020,997730
42042734,G,營運狀況,淨利,,仟元,2020,-172559
52347361,G,營運狀況,營業收入,,仟元,2020,28366756
52347361,G,營運狀況,營業成本,,仟元,2020,14969269
52347361,G,營運狀況,營業費用,,仟元,2020,12467398
52347361,G,營運狀況,淨利,,仟元,2020,747354
04742997,G,營運狀況,營業收入,,仟元,2020,1568637
04742997,G,營運狀況,營業成本,,仟元,2020,754605
04742997,G,營運狀況,營業費用,,仟元,2020,690623
04742997,G,營運狀況,淨利,,仟元,2020,27901
03088704,G,營運狀況,營業收入,,仟元,2020,1543589
03088704,G,營運狀況,營業成本,,仟元,2020,856836
03088704,G,營運狀況,營業費用,,仟元,2020,417833
03088704,G,營運狀況,淨利,,仟元,2020,532063
43211700,G,營運狀況,營業收入,,仟元,2020,4682196
43211700,G,營運狀況,營業成本,,仟元,2020,3136540
43211700,G,營運狀況,營業費用,,仟元,2020,1058906
43211700,G,營運狀況,淨利,,仟元,2020,405254
12971536,G,營運狀況,營業收入,,仟元,2020,618066
12971536,G,營運狀況,營業成本,,仟元,2020,376912
12971536,G,營運狀況,營業費用,,仟元,2020,138587
12971536,G,營運狀況,淨利,,仟元,2020,79472
16749811,G,營運狀況,營業收入,,仟元,2020,457691
16749811,G,營運狀況,營業成本,,仟元,2020,243171
16749811,G,營運狀況,營業費用,,仟元,2020,153415
16749811,G,營運狀況,淨利,,仟元,2020,63311
13159100,G,營運狀況,營業收入,,仟元,2020,466881
13159100,G,營運狀況,營業成本,,仟元,2020,123604
13159100,G,營運狀況,營業費用,,仟元,2020,196640
13159100,G,營運狀況,淨利,,仟元,2020,128005
16130161,G,營運狀況,營業收入,,仟元,2020,3082928
16130161,G,營運狀況,營業成本,,仟元,2020,1765469
16130161,G,營運狀況,營業費用,,仟元,2020,941736
16130161,G,營運狀況,淨利,,仟元,2020,282067
11456110,G,營運狀況,營業收入,,仟元,2020,10728583
11456110,G,營運狀況,營業成本,,仟元,2020,6131960
11456110,G,營運狀況,營業費用,,仟元,2020,2983960
11456110,G,營運狀況,淨利,,仟元,2020,1029651
12715847,G,營運狀況,營業收入,,仟元,2020,325191
12715847,G,營運狀況,營業成本,,仟元,2020,109801
12715847,G,營運狀況,營業費用,,仟元,2020,144376
12715847,G,營運狀況,淨利,,仟元,2020,60215
97454724,G,營運狀況,營業收入,,仟元,2020,249839
97454724,G,營運狀況,營業成本,,仟元,2020,168088
97454724,G,營運狀況,營業費用,,仟元,2020,157301
97454724,G,營運狀況,淨利,,仟元,2020,-75280
53004906,G,營運狀況,營業收入,,仟元,2020,8084664
53004906,G,營運狀況,營業成本,,仟元,2020,4402545
53004906,G,營運狀況,營業費用,,仟元,2020,2721013
53004906,G,營運狀況,淨利,,仟元,2020,781134
22854522,G,營運狀況,營業收入,,仟元,2020,6675494
22854522,G,營運狀況,營業成本,,仟元,2020,5368920
22854522,G,營運狀況,營業費用,,仟元,2020,777428
22854522,G,營運狀況,淨利,,仟元,2020,669086
23632773,G,營運狀況,營業收入,,仟元,2020,2004025
23632773,G,營運狀況,營業成本,,仟元,2020,1156394
23632773,G,營運狀況,營業費用,,仟元,2020,748695
23632773,G,營運狀況,淨利,,仟元,2020,105377
16766281,G,營運狀況,營業收入,,仟元,2020,91810
16766281,G,營運狀況,營業成本,,仟元,2020,46307
16766281,G,營運狀況,營業費用,,仟元,2020,215940
16766281,G,營運狀況,淨利,,仟元,2020,-118655
16549813,G,營運狀況,營業收入,,仟元,2020,910647
16549813,G,營運狀況,營業成本,,仟元,2020,744420
16549813,G,營運狀況,營業費用,,仟元,2020,103764
16549813,G,營運狀況,淨利,,仟元,2020,52577
47299918,G,營運狀況,營業收入,,仟元,2020,475867
47299918,G,營運狀況,營業成本,,仟元,2020,224812
47299918,G,營運狀況,營業費用,,仟元,2020,207689
47299918,G,營運狀況,淨利,,仟元,2020,62087
16592888,G,營運狀況,營業收入,,仟元,2020,10200
16592888,G,營運狀況,營業成本,,仟元,2020,2128
16592888,G,營運狀況,營業費用,,仟元,2020,13383
16592888,G,營運狀況,淨利,,仟元,2020,-6394
22662545,G,營運狀況,營業收入,,仟元,2020,2689222
22662545,G,營運狀況,營業成本,,仟元,2020,1414894
22662545,G,營運狀況,營業費用,,仟元,2020,222750
22662545,G,營運狀況,淨利,,仟元,2020,360124
80280616,G,營運狀況,營業收入,,仟元,2020,88825
80280616,G,營運狀況,營業成本,,仟元,2020,64168
80280616,G,營運狀況,營業費用,,仟元,2020,372592
80280616,G,營運狀況,淨利,,仟元,2020,-391375
12974421,G,營運狀況,營業收入,,仟元,2020,456449
12974421,G,營運狀況,營業成本,,仟元,2020,242948
12974421,G,營運狀況,營業費用,,仟元,2020,155833
12974421,G,營運狀況,淨利,,仟元,2020,36526
43172002,G,營運狀況,營業收入,,仟元,2020,1128737
43172002,G,營運狀況,營業成本,,仟元,2020,856618
43172002,G,營運狀況,營業費用,,仟元,2020,308747
43172002,G,營運狀況,淨利,,仟元,2020,-66487
38488868,G,營運狀況,營業收入,,仟元,2020,4055996
38488868,G,營運狀況,營業成本,,仟元,2020,604571
38488868,G,營運狀況,營業費用,,仟元,2020,2331159
38488868,G,營運狀況,淨利,,仟元,2020,959636
33259508,G,營運狀況,營業收入,,仟元,2020,1869147
33259508,G,營運狀況,營業成本,,仟元,2020,1246085
33259508,G,營運狀況,營業費用,,仟元,2020,648876
33259508,G,營運狀況,淨利,,仟元,2020,1197264
42527358,G,營運狀況,營業收入,,仟元,2020,1642783
42527358,G,營運狀況,營業成本,,仟元,2020,1270636
42527358,G,營運狀況,營業費用,,仟元,2020,269436
42527358,G,營運狀況,淨利,,仟元,2020,98168
86723722,G,營運狀況,營業收入,,仟元,2020,1113656
86723722,G,營運狀況,營業成本,,仟元,2020,1194196
86723722,G,營運狀況,營業費用,,仟元,2020,399994
86723722,G,營運狀況,淨利,,仟元,2020,-529605
70527203,G,營運狀況,營業收入,,仟元,2020,2217043
70527203,G,營運狀況,營業成本,,仟元,2020,1789647
70527203,G,營運狀況,營業費用,,仟元,2020,346481
70527203,G,營運狀況,淨利,,仟元,2020,5510
27453928,G,營運狀況,營業收入,,仟元,2020,1484413
27453928,G,營運狀況,營業成本,,仟元,2020,1158458
27453928,G,營運狀況,營業費用,,仟元,2020,207925
27453928,G,營運狀況,淨利,,仟元,2020,121303
24483414,G,營運狀況,營業收入,,仟元,2020,2554911
24483414,G,營運狀況,營業成本,,仟元,2020,1724201
24483414,G,營運狀況,營業費用,,仟元,2020,317604
24483414,G,營運狀況,淨利,,仟元,2020,362912
28924399,G,營運狀況,營業收入,,仟元,2020,412012
28924399,G,營運狀況,營業成本,,仟元,2020,336861
28924399,G,營運狀況,營業費用,,仟元,2020,241905
28924399,G,營運狀況,淨利,,仟元,2020,-171376
16307131,G,營運狀況,營業收入,,仟元,2020,737078
16307131,G,營運狀況,營業成本,,仟元,2020,368154
16307131,G,營運狀況,營業費用,,仟元,2020,331872
16307131,G,營運狀況,淨利,,仟元,2020,25542
27545820,G,營運狀況,營業收入,,仟元,2020,24544
27545820,G,營運狀況,營業成本,,仟元,2020,22628
27545820,G,營運狀況,營業費用,,仟元,2020,62844
27545820,G,營運狀況,淨利,,仟元,2020,-71691
27964549,G,營運狀況,營業收入,,仟元,2020,136881
27964549,G,營運狀況,營業成本,,仟元,2020,78733
27964549,G,營運狀況,營業費用,,仟元,2020,88472
27964549,G,營運狀況,淨利,,仟元,2020,-43898
70354764,G,營運狀況,營業收入,,仟元,2020,648947
70354764,G,營運狀況,營業成本,,仟元,2020,584004
70354764,G,營運狀況,營業費用,,仟元,2020,132862
70354764,G,營運狀況,淨利,,仟元,2020,-76259
70774029,G,營運狀況,營業收入,,仟元,2020,235574
70774029,G,營運狀況,營業成本,,仟元,2020,108027
70774029,G,營運狀況,營業費用,,仟元,2020,218487
70774029,G,營運狀況,淨利,,仟元,2020,-86391
80666442,G,營運狀況,營業收入,,仟元,2020,178376
80666442,G,營運狀況,營業成本,,仟元,2020,93209
80666442,G,營運狀況,營業費用,,仟元,2020,90748
80666442,G,營運狀況,淨利,,仟元,2020,1764
47423851,G,營運狀況,營業收入,,仟元,2020,2731429
47423851,G,營運狀況,營業成本,,仟元,2020,658883
47423851,G,營運狀況,營業費用,,仟元,2020,1675631
47423851,G,營運狀況,淨利,,仟元,2020,257725
28853599,G,營運狀況,營業收入,,仟元,2020,287203
28853599,G,營運狀況,營業成本,,仟元,2020,39049
28853599,G,營運狀況,營業費用,,仟元,2020,575252
28853599,G,營運狀況,淨利,,仟元,2020,-356904
12681706,G,營運狀況,營業收入,,仟元,2020,221596
12681706,G,營運狀況,營業成本,,仟元,2020,123121
12681706,G,營運狀況,營業費用,,仟元,2020,227270
12681706,G,營運狀況,淨利,,仟元,2020,-128756
12953452,G,營運狀況,營業收入,,仟元,2020,443176
12953452,G,營運狀況,營業成本,,仟元,2020,288163
12953452,G,營運狀況,營業費用,,仟元,2020,148417
12953452,G,營運狀況,淨利,,仟元,2020,-1451
28031449,G,營運狀況,營業收入,,仟元,2020,175962
28031449,G,營運狀況,營業成本,,仟元,2020,113714
28031449,G,營運狀況,營業費用,,仟元,2020,62978
28031449,G,營運狀況,淨利,,仟元,2020,603
12685908,G,營運狀況,營業收入,,仟元,2020,194392
12685908,G,營運狀況,營業成本,,仟元,2020,79249
12685908,G,營運狀況,營業費用,,仟元,2020,185252
12685908,G,營運狀況,淨利,,仟元,2020,-54458
12676817,G,營運狀況,營業收入,,仟元,2020,306919
12676817,G,營運狀況,營業成本,,仟元,2020,123484
12676817,G,營運狀況,營業費用,,仟元,2020,125514
12676817,G,營運狀況,淨利,,仟元,2020,65316
80310225,G,營運狀況,營業收入,,仟元,2020,1668586
80310225,G,營運狀況,營業成本,,仟元,2020,919461
80310225,G,營運狀況,營業費用,,仟元,2020,728004
80310225,G,營運狀況,淨利,,仟元,2020,63520
96922622,G,營運狀況,營業收入,,仟元,2020,3075457
96922622,G,營運狀況,營業成本,,仟元,2020,2130287
96922622,G,營運狀況,營業費用,,仟元,2020,917157
96922622,G,營運狀況,淨利,,仟元,2020,329178
41181265,G,營運狀況,營業收入,,仟元,2020,152753
41181265,G,營運狀況,營業成本,,仟元,2020,152901
41181265,G,營運狀況,營業費用,,仟元,2020,64206
41181265,G,營運狀況,淨利,,仟元,2020,-62874
29184891,G,營運狀況,營業費用,,仟元,2020,33740
29184891,G,營運狀況,淨利,,仟元,2020,-34747
24405425,G,營運狀況,營業收入,,仟元,2020,15536
24405425,G,營運狀況,營業成本,,仟元,2020,15598
24405425,G,營運狀況,營業費用,,仟元,2020,40818
24405425,G,營運狀況,淨利,,仟元,2020,-41619
25021158,G,營運狀況,營業收入,,仟元,2020,3978413
25021158,G,營運狀況,營業成本,,仟元,2020,1973888
25021158,G,營運狀況,營業費用,,仟元,2020,1148837
25021158,G,營運狀況,淨利,,仟元,2020,715359
53835304,G,營運狀況,營業收入,,仟元,2020,178957
53835304,G,營運狀況,營業成本,,仟元,2020,130071
53835304,G,營運狀況,營業費用,,仟元,2020,67495
53835304,G,營運狀況,淨利,,仟元,2020,45878
25029519,G,營運狀況,營業收入,,仟元,2020,809704
25029519,G,營運狀況,營業成本,,仟元,2020,745298
25029519,G,營運狀況,營業費用,,仟元,2020,36342
25029519,G,營運狀況,淨利,,仟元,2020,19773
53350764,G,營運狀況,營業收入,,仟元,2020,1811757
53350764,G,營運狀況,營業成本,,仟元,2020,886250
53350764,G,營運狀況,營業費用,,仟元,2020,657772
53350764,G,營運狀況,淨利,,仟元,2020,284681
24797816,G,營運狀況,營業收入,,仟元,2020,300
24797816,G,營運狀況,營業成本,,仟元,2020,157
24797816,G,營運狀況,營業費用,,仟元,2020,2099720
24797816,G,營運狀況,淨利,,仟元,2020,-2104236
23243578,G,營運狀況,營業收入,,仟元,2020,807759
23243578,G,營運狀況,營業成本,,仟元,2020,555032
23243578,G,營運狀況,營業費用,,仟元,2020,123020
23243578,G,營運狀況,淨利,,仟元,2020,100694
53394159,G,營運狀況,營業收入,,仟元,2020,0
53394159,G,營運狀況,營業成本,,仟元,2020,0
53394159,G,營運狀況,營業費用,,仟元,2020,40378
53394159,G,營運狀況,淨利,,仟元,2020,-42457
24792045,G,營運狀況,營業收入,,仟元,2020,9410
24792045,G,營運狀況,營業成本,,仟元,2020,6979
24792045,G,營運狀況,營業費用,,仟元,2020,680489
24792045,G,營運狀況,淨利,,仟元,2020,-660224
24626617,G,營運狀況,營業收入,,仟元,2020,477564
24626617,G,營運狀況,營業成本,,仟元,2020,343248
24626617,G,營運狀況,營業費用,,仟元,2020,288134
24626617,G,營運狀況,淨利,,仟元,2020,-91630
54665910,G,營運狀況,營業收入,,仟元,2020,22876
54665910,G,營運狀況,營業成本,,仟元,2020,14657
54665910,G,營運狀況,營業費用,,仟元,2020,90941
54665910,G,營運狀況,淨利,,仟元,2020,-74453
53226196,G,營運狀況,營業收入,,仟元,2020,178975
53226196,G,營運狀況,營業成本,,仟元,2020,80945
53226196,G,營運狀況,營業費用,,仟元,2020,94317
53226196,G,營運狀況,淨利,,仟元,2020,69519
24489199,G,營運狀況,營業收入,,仟元,2020,101347
24489199,G,營運狀況,營業成本,,仟元,2020,59666
24489199,G,營運狀況,營業費用,,仟元,2020,189990
24489199,G,營運狀況,淨利,,仟元,2020,-141069
54179072,G,營運狀況,營業費用,,仟元,2020,211870
54179072,G,營運狀況,淨利,,仟元,2020,-219291
53529570,G,營運狀況,營業收入,,仟元,2020,3359
53529570,G,營運狀況,營業成本,,仟元,2020,1759
53529570,G,營運狀況,營業費用,,仟元,2020,164622
53529570,G,營運狀況,淨利,,仟元,2020,-162314
54170142,G,營運狀況,營業收入,,仟元,2020,138
54170142,G,營運狀況,營業成本,,仟元,2020,71
54170142,G,營運狀況,營業費用,,仟元,2020,309623
54170142,G,營運狀況,淨利,,仟元,2020,-296839
42545659,G,營運狀況,營業收入,,仟元,2020,299015
42545659,G,營運狀況,營業成本,,仟元,2020,105491
42545659,G,營運狀況,營業費用,,仟元,2020,327038
42545659,G,營運狀況,淨利,,仟元,2020,-103496
25147136,G,營運狀況,營業收入,,仟元,2020,1246
25147136,G,營運狀況,營業成本,,仟元,2020,1043
25147136,G,營運狀況,營業費用,,仟元,2020,98761
25147136,G,營運狀況,淨利,,仟元,2020,-101858
42486336,G,營運狀況,營業收入,,仟元,2020,833
42486336,G,營運狀況,營業成本,,仟元,2020,47
42486336,G,營運狀況,營業費用,,仟元,2020,118152
42486336,G,營運狀況,淨利,,仟元,2020,-99317
24546157,G,營運狀況,營業收入,,仟元,2020,28859
24546157,G,營運狀況,營業成本,,仟元,2020,1422
24546157,G,營運狀況,營業費用,,仟元,2020,344915
24546157,G,營運狀況,淨利,,仟元,2020,-282104
70680851,G,營運狀況,營業收入,,仟元,2020,138635
70680851,G,營運狀況,營業成本,,仟元,2020,69319
70680851,G,營運狀況,營業費用,,仟元,2020,89930
70680851,G,營運狀況,淨利,,仟元,2020,-55351
25181598,G,營運狀況,營業收入,,仟元,2020,11215
25181598,G,營運狀況,營業成本,,仟元,2020,8586
25181598,G,營運狀況,營業費用,,仟元,2020,91647
25181598,G,營運狀況,淨利,,仟元,2020,-85632
54727599,G,營運狀況,營業收入,,仟元,2020,462
54727599,G,營運狀況,營業成本,,仟元,2020,138
54727599,G,營運狀況,營業費用,,仟元,2020,84430
54727599,G,營運狀況,淨利,,仟元,2020,-82011
86700973,G,營運狀況,營業收入,,仟元,2020,545917
86700973,G,營運狀況,營業成本,,仟元,2020,326404
86700973,G,營運狀況,營業費用,,仟元,2020,90464
86700973,G,營運狀況,淨利,,仟元,2020,96058
27348877,G,營運狀況,營業收入,,仟元,2020,302896
27348877,G,營運狀況,營業成本,,仟元,2020,223592
27348877,G,營運狀況,營業費用,,仟元,2020,113879
27348877,G,營運狀況,淨利,,仟元,2020,-26150
27570215,G,營運狀況,營業費用,,仟元,2020,114244
27570215,G,營運狀況,淨利,,仟元,2020,-113770
53726093,G,營運狀況,營業收入,,仟元,2020,7081
53726093,G,營運狀況,營業成本,,仟元,2020,2256
53726093,G,營運狀況,營業費用,,仟元,2020,138411
53726093,G,營運狀況,淨利,,仟元,2020,-129479
81002274,G,營運狀況,營業收入,,仟元,2020,732668
81002274,G,營運狀況,營業成本,,仟元,2020,485567
81002274,G,營運狀況,營業費用,,仟元,2020,256461
81002274,G,營運狀況,淨利,,仟元,2020,-37751
70507157,G,營運狀況,營業收入,,仟元,2020,599151
70507157,G,營運狀況,營業成本,,仟元,2020,493503
70507157,G,營運狀況,營業費用,,仟元,2020,122367
70507157,G,營運狀況,淨利,,仟元,2020,-63008
24291669,G,營運狀況,營業收入,,仟元,2020,1507157
24291669,G,營運狀況,營業成本,,仟元,2020,1056155
24291669,G,營運狀況,營業費用,,仟元,2020,301668
24291669,G,營運狀況,淨利,,仟元,2020,118033
82230260,G,營運狀況,營業收入,,仟元,2020,844885
82230260,G,營運狀況,營業成本,,仟元,2020,327060
82230260,G,營運狀況,營業費用,,仟元,2020,458607
82230260,G,營運狀況,淨利,,仟元,2020,103916
27559859,G,營運狀況,營業收入,,仟元,2020,419941
27559859,G,營運狀況,營業成本,,仟元,2020,195872
27559859,G,營運狀況,營業費用,,仟元,2020,298410
27559859,G,營運狀況,淨利,,仟元,2020,-101760
80207616,G,營運狀況,營業收入,,仟元,2020,866110
80207616,G,營運狀況,營業成本,,仟元,2020,509816
80207616,G,營運狀況,營業費用,,仟元,2020,299311
80207616,G,營運狀況,淨利,,仟元,2020,38607
43814765,G,營運狀況,營業費用,,仟元,2020,196994
43814765,G,營運狀況,淨利,,仟元,2020,-151844
80689276,G,營運狀況,營業收入,,仟元,2020,206585
80689276,G,營運狀況,營業成本,,仟元,2020,89089
80689276,G,營運狀況,營業費用,,仟元,2020,191891
80689276,G,營運狀況,淨利,,仟元,2020,-74558
28403068,G,營運狀況,營業費用,,仟元,2020,75793
28403068,G,營運狀況,淨利,,仟元,2020,-70162
80722654,G,營運狀況,營業收入,,仟元,2020,319362
80722654,G,營運狀況,營業成本,,仟元,2020,180680
80722654,G,營運狀況,營業費用,,仟元,2020,94071
80722654,G,營運狀況,淨利,,仟元,2020,32322
53927676,G,營運狀況,營業收入,,仟元,2020,15924
53927676,G,營運狀況,營業成本,,仟元,2020,11420
53927676,G,營運狀況,營業費用,,仟元,2020,84532
53927676,G,營運狀況,淨利,,仟元,2020,-76614
86704393,G,營運狀況,營業收入,,仟元,2020,178906
86704393,G,營運狀況,營業成本,,仟元,2020,92982
86704393,G,營運狀況,營業費用,,仟元,2020,57341
86704393,G,營運狀況,淨利,,仟元,2020,25393
54562029,G,營運狀況,營業收入,,仟元,2020,18033
54562029,G,營運狀況,營業成本,,仟元,2020,9458
54562029,G,營運狀況,營業費用,,仟元,2020,64541
54562029,G,營運狀況,淨利,,仟元,2020,-50018
12873063,G,營運狀況,營業收入,,仟元,2020,369974
12873063,G,營運狀況,營業成本,,仟元,2020,82695
12873063,G,營運狀況,營業費用,,仟元,2020,254310
12873063,G,營運狀況,淨利,,仟元,2020,30389
53065641,G,營運狀況,營業費用,,仟元,2020,34721
53065641,G,營運狀況,淨利,,仟元,2020,-43097
54365575,G,營運狀況,營業收入,,仟元,2020,1040
54365575,G,營運狀況,營業成本,,仟元,2020,435
54365575,G,營運狀況,營業費用,,仟元,2020,70536
54365575,G,營運狀況,淨利,,仟元,2020,-71850
16693062,G,營運狀況,營業收入,,仟元,2020,1526389
16693062,G,營運狀況,營業成本,,仟元,2020,976201
16693062,G,營運狀況,營業費用,,仟元,2020,388471
16693062,G,營運狀況,淨利,,仟元,2020,128072
52310651,G,營運狀況,營業收入,,仟元,2020,600
52310651,G,營運狀況,營業費用,,仟元,2020,171365
52310651,G,營運狀況,淨利,,仟元,2020,-142797
50753953,G,營運狀況,營業收入,,仟元,2020,3982
50753953,G,營運狀況,營業成本,,仟元,2020,1644
50753953,G,營運狀況,營業費用,,仟元,2020,113692
50753953,G,營運狀況,淨利,,仟元,2020,-109209
12878686,G,營運狀況,營業收入,,仟元,2020,65495
12878686,G,營運狀況,營業成本,,仟元,2020,43135
12878686,G,營運狀況,營業費用,,仟元,2020,101309
12878686,G,營運狀況,淨利,,仟元,2020,-79164
28113005,G,營運狀況,營業收入,,仟元,2020,402473
28113005,G,營運狀況,營業成本,,仟元,2020,183195
28113005,G,營運狀況,營業費用,,仟元,2020,154452
28113005,G,營運狀況,淨利,,仟元,2020,54124
27312189,G,營運狀況,營業收入,,仟元,2020,1719079
27312189,G,營運狀況,營業成本,,仟元,2020,761017
27312189,G,營運狀況,營業費用,,仟元,2020,160404
27312189,G,營運狀況,淨利,,仟元,2020,618187
24782320,G,營運狀況,營業收入,,仟元,2020,13261
24782320,G,營運狀況,營業成本,,仟元,2020,8290
24782320,G,營運狀況,營業費用,,仟元,2020,55299
24782320,G,營運狀況,淨利,,仟元,2020,-47918
24613916,G,營運狀況,營業費用,,仟元,2020,65103
24613916,G,營運狀況,淨利,,仟元,2020,-64834
54318905,G,營運狀況,營業收入,,仟元,2020,181410
54318905,G,營運狀況,營業成本,,仟元,2020,62962
54318905,G,營運狀況,營業費用,,仟元,2020,123761
54318905,G,營運狀況,淨利,,仟元,2020,-10542
24771301,G,營運狀況,營業收入,,仟元,2020,306389
24771301,G,營運狀況,營業成本,,仟元,2020,177963
24771301,G,營運狀況,營業費用,,仟元,2020,113439
24771301,G,營運狀況,淨利,,仟元,2020,11049
72082135,G,營運狀況,營業收入,,仟元,2020,505120
72082135,G,營運狀況,營業成本,,仟元,2020,301300
72082135,G,營運狀況,營業費用,,仟元,2020,120103
72082135,G,營運狀況,淨利,,仟元,2020,99685
24851135,G,營運狀況,營業收入,,仟元,2020,5494
24851135,G,營運狀況,營業成本,,仟元,2020,1420
24851135,G,營運狀況,營業費用,,仟元,2020,78537
24851135,G,營運狀況,淨利,,仟元,2020,-85205
24722581,G,營運狀況,營業收入,,仟元,2020,48
24722581,G,營運狀況,營業成本,,仟元,2020,1
24722581,G,營運狀況,營業費用,,仟元,2020,57914
24722581,G,營運狀況,淨利,,仟元,2020,-53159
24765568,G,營運狀況,營業收入,,仟元,2020,7429
24765568,G,營運狀況,營業費用,,仟元,2020,156758
24765568,G,營運狀況,淨利,,仟元,2020,-148863
54179426,G,營運狀況,營業收入,,仟元,2020,0
54179426,G,營運狀況,營業成本,,仟元,2020,0
54179426,G,營運狀況,營業費用,,仟元,2020,29886
54179426,G,營運狀況,淨利,,仟元,2020,-31265
24251218,G,營運狀況,營業收入,,仟元,2020,271691
24251218,G,營運狀況,營業成本,,仟元,2020,137842
24251218,G,營運狀況,營業費用,,仟元,2020,50474
24251218,G,營運狀況,淨利,,仟元,2020,70699
27219254,G,營運狀況,營業收入,,仟元,2020,156295
27219254,G,營運狀況,營業成本,,仟元,2020,88436
27219254,G,營運狀況,營業費用,,仟元,2020,68081
27219254,G,營運狀況,淨利,,仟元,2020,-1413
29045104,G,營運狀況,營業收入,,仟元,2020,475061
29045104,G,營運狀況,營業成本,,仟元,2020,117734
29045104,G,營運狀況,營業費用,,仟元,2020,299745
29045104,G,營運狀況,淨利,,仟元,2020,36108
27953682,G,營運狀況,營業收入,,仟元,2020,101351
27953682,G,營運狀況,營業成本,,仟元,2020,57060
27953682,G,營運狀況,營業費用,,仟元,2020,58161
27953682,G,營運狀況,淨利,,仟元,2020,-11206
28708250,G,營運狀況,營業收入,,仟元,2019,172188
28708250,G,營運狀況,營業成本,,仟元,2019,63505
28708250,G,營運狀況,營業費用,,仟元,2019,66589
28708250,G,營運狀況,淨利,,仟元,2019,38236
23751545,G,營運狀況,營業收入,,仟元,2019,5850528
23751545,G,營運狀況,營業成本,,仟元,2019,4134129
23751545,G,營運狀況,營業費用,,仟元,2019,1377363
23751545,G,營運狀況,淨利,,仟元,2019,220095
03088802,G,營運狀況,營業收入,,仟元,2019,7969700
03088802,G,營運狀況,營業成本,,仟元,2019,4993267
03088802,G,營運狀況,營業費用,,仟元,2019,2601793
03088802,G,營運狀況,淨利,,仟元,2019,384822
11880517,G,營運狀況,營業收入,,仟元,2019,9239070
11880517,G,營運狀況,營業成本,,仟元,2019,1673182
11880517,G,營運狀況,營業費用,,仟元,2019,5230887
11880517,G,營運狀況,淨利,,仟元,2019,1938566
56065601,G,營運狀況,營業收入,,仟元,2019,5509794
56065601,G,營運狀況,營業成本,,仟元,2019,2942349
56065601,G,營運狀況,營業費用,,仟元,2019,1611516
56065601,G,營運狀況,淨利,,仟元,2019,819162
71122503,G,營運狀況,營業收入,,仟元,2019,3937129
71122503,G,營運狀況,營業成本,,仟元,2019,2227998
71122503,G,營運狀況,營業費用,,仟元,2019,1193287
71122503,G,營運狀況,淨利,,仟元,2019,470433
14089976,G,營運狀況,營業收入,,仟元,2019,1100863
14089976,G,營運狀況,營業成本,,仟元,2019,430983
14089976,G,營運狀況,營業費用,,仟元,2019,516259
14089976,G,營運狀況,淨利,,仟元,2019,100605
16130182,G,營運狀況,營業收入,,仟元,2019,2198862
16130182,G,營運狀況,營業成本,,仟元,2019,1608285
16130182,G,營運狀況,營業費用,,仟元,2019,387301
16130182,G,營運狀況,淨利,,仟元,2019,112978
42042734,G,營運狀況,營業收入,,仟元,2019,2394589
42042734,G,營運狀況,營業成本,,仟元,2019,1453744
42042734,G,營運狀況,營業費用,,仟元,2019,1087815
42042734,G,營運狀況,淨利,,仟元,2019,-147922
52347361,G,營運狀況,營業收入,,仟元,2019,25372561
52347361,G,營運狀況,營業成本,,仟元,2019,12825694
52347361,G,營運狀況,營業費用,,仟元,2019,10937734
52347361,G,營運狀況,淨利,,仟元,2019,1294021
04742997,G,營運狀況,營業收入,,仟元,2019,1573944
04742997,G,營運狀況,營業成本,,仟元,2019,709637
04742997,G,營運狀況,營業費用,,仟元,2019,620843
04742997,G,營運狀況,淨利,,仟元,2019,161329
03088704,G,營運狀況,營業收入,,仟元,2019,1156642
03088704,G,營運狀況,營業成本,,仟元,2019,688013
03088704,G,營運狀況,營業費用,,仟元,2019,347521
03088704,G,營運狀況,淨利,,仟元,2019,117124
43211700,G,營運狀況,營業收入,,仟元,2019,4657781
43211700,G,營運狀況,營業成本,,仟元,2019,3080149
43211700,G,營運狀況,營業費用,,仟元,2019,1115385
43211700,G,營運狀況,淨利,,仟元,2019,395724
12971536,G,營運狀況,營業收入,,仟元,2019,639395
12971536,G,營運狀況,營業成本,,仟元,2019,365017
12971536,G,營運狀況,營業費用,,仟元,2019,137872
12971536,G,營運狀況,淨利,,仟元,2019,106900
16749811,G,營運狀況,營業收入,,仟元,2019,452199
16749811,G,營運狀況,營業成本,,仟元,2019,234927
16749811,G,營運狀況,營業費用,,仟元,2019,151651
16749811,G,營運狀況,淨利,,仟元,2019,60111
13159100,G,營運狀況,營業收入,,仟元,2019,437873
13159100,G,營運狀況,營業成本,,仟元,2019,132416
13159100,G,營運狀況,營業費用,,仟元,2019,171270
13159100,G,營運狀況,淨利,,仟元,2019,120703
16130161,G,營運狀況,營業收入,,仟元,2019,2892783
16130161,G,營運狀況,營業成本,,仟元,2019,1716378
16130161,G,營運狀況,營業費用,,仟元,2019,909551
16130161,G,營運狀況,淨利,,仟元,2019,216656
11456110,G,營運狀況,營業收入,,仟元,2019,9174740
11456110,G,營運狀況,營業成本,,仟元,2019,4926869
11456110,G,營運狀況,營業費用,,仟元,2019,3134718
11456110,G,營運狀況,淨利,,仟元,2019,678283
12715847,G,營運狀況,營業收入,,仟元,2019,346244
12715847,G,營運狀況,營業成本,,仟元,2019,116543
12715847,G,營運狀況,營業費用,,仟元,2019,152078
12715847,G,營運狀況,淨利,,仟元,2019,57235
97454724,G,營運狀況,營業收入,,仟元,2019,265388
97454724,G,營運狀況,營業成本,,仟元,2019,149791
97454724,G,營運狀況,營業費用,,仟元,2019,158056
97454724,G,營運狀況,淨利,,仟元,2019,-52248
53004906,G,營運狀況,營業收入,,仟元,2019,8191531
53004906,G,營運狀況,營業成本,,仟元,2019,4383759
53004906,G,營運狀況,營業費用,,仟元,2019,2915868
53004906,G,營運狀況,淨利,,仟元,2019,754011
22854522,G,營運狀況,營業收入,,仟元,2019,6457362
22854522,G,營運狀況,營業成本,,仟元,2019,5218965
22854522,G,營運狀況,營業費用,,仟元,2019,772016
22854522,G,營運狀況,淨利,,仟元,2019,622274
23632773,G,營運狀況,營業收入,,仟元,2019,2036232
23632773,G,營運狀況,營業成本,,仟元,2019,1182415
23632773,G,營運狀況,營業費用,,仟元,2019,725054
23632773,G,營運狀況,淨利,,仟元,2019,88804
16766281,G,營運狀況,營業收入,,仟元,2019,95485
16766281,G,營運狀況,營業成本,,仟元,2019,31906
16766281,G,營運狀況,營業費用,,仟元,2019,268831
16766281,G,營運狀況,淨利,,仟元,2019,-204766
16549813,G,營運狀況,營業收入,,仟元,2019,841882
16549813,G,營運狀況,營業成本,,仟元,2019,702452
16549813,G,營運狀況,營業費用,,仟元,2019,109842
16549813,G,營運狀況,淨利,,仟元,2019,13719
47299918,G,營運狀況,營業收入,,仟元,2019,239651
47299918,G,營運狀況,營業成本,,仟元,2019,112813
47299918,G,營運狀況,營業費用,,仟元,2019,161373
47299918,G,營運狀況,淨利,,仟元,2019,-39046
16592888,G,營運狀況,營業收入,,仟元,2019,26355
16592888,G,營運狀況,營業成本,,仟元,2019,3806
16592888,G,營運狀況,營業費用,,仟元,2019,15137
16592888,G,營運狀況,淨利,,仟元,2019,5441
22662545,G,營運狀況,營業收入,,仟元,2019,2355747
22662545,G,營運狀況,營業成本,,仟元,2019,1419977
22662545,G,營運狀況,營業費用,,仟元,2019,238649
22662545,G,營運狀況,淨利,,仟元,2019,571101
80280616,G,營運狀況,營業收入,,仟元,2019,83293
80280616,G,營運狀況,營業成本,,仟元,2019,38426
80280616,G,營運狀況,營業費用,,仟元,2019,315325
80280616,G,營運狀況,淨利,,仟元,2019,-285124
12974421,G,營運狀況,營業收入,,仟元,2019,414158
12974421,G,營運狀況,營業成本,,仟元,2019,228808
12974421,G,營運狀況,營業費用,,仟元,2019,182706
12974421,G,營運狀況,淨利,,仟元,2019,3263
43172002,G,營運狀況,營業收入,,仟元,2019,1013923
43172002,G,營運狀況,營業成本,,仟元,2019,728257
43172002,G,營運狀況,營業費用,,仟元,2019,340970
43172002,G,營運狀況,淨利,,仟元,2019,-63138
38488868,G,營運狀況,營業收入,,仟元,2019,5138879
38488868,G,營運狀況,營業成本,,仟元,2019,818411
38488868,G,營運狀況,營業費用,,仟元,2019,2531394
38488868,G,營運狀況,淨利,,仟元,2019,1432163
33259508,G,營運狀況,營業收入,,仟元,2019,1299689
33259508,G,營運狀況,營業成本,,仟元,2019,1132100
33259508,G,營運狀況,營業費用,,仟元,2019,466568
33259508,G,營運狀況,淨利,,仟元,2019,-314592
42527358,G,營運狀況,營業收入,,仟元,2019,1767699
42527358,G,營運狀況,營業成本,,仟元,2019,1374387
42527358,G,營運狀況,營業費用,,仟元,2019,320081
42527358,G,營運狀況,淨利,,仟元,2019,38678
86723722,G,營運狀況,營業收入,,仟元,2019,1236274
86723722,G,營運狀況,營業成本,,仟元,2019,1012664
86723722,G,營運狀況,營業費用,,仟元,2019,379476
86723722,G,營運狀況,淨利,,仟元,2019,-180733
70527203,G,營運狀況,營業收入,,仟元,2019,1234030
70527203,G,營運狀況,營業成本,,仟元,2019,1016185
70527203,G,營運狀況,營業費用,,仟元,2019,310384
70527203,G,營運狀況,淨利,,仟元,2019,-122382
27453928,G,營運狀況,營業收入,,仟元,2019,1241252
27453928,G,營運狀況,營業成本,,仟元,2019,945127
27453928,G,營運狀況,營業費用,,仟元,2019,187074
27453928,G,營運狀況,淨利,,仟元,2019,112683
24483414,G,營運狀況,營業收入,,仟元,2019,2950052
24483414,G,營運狀況,營業成本,,仟元,2019,2144050
24483414,G,營運狀況,營業費用,,仟元,2019,276431
24483414,G,營運狀況,淨利,,仟元,2019,390431
28924399,G,營運狀況,營業收入,,仟元,2019,353539
28924399,G,營運狀況,營業成本,,仟元,2019,339851
28924399,G,營運狀況,營業費用,,仟元,2019,219055
28924399,G,營運狀況,淨利,,仟元,2019,-201027
16307131,G,營運狀況,營業收入,,仟元,2019,568631
16307131,G,營運狀況,營業成本,,仟元,2019,295331
16307131,G,營運狀況,營業費用,,仟元,2019,259609
16307131,G,營運狀況,淨利,,仟元,2019,6513
27545820,G,營運狀況,營業收入,,仟元,2019,26541
27545820,G,營運狀況,營業成本,,仟元,2019,23716
27545820,G,營運狀況,營業費用,,仟元,2019,85551
27545820,G,營運狀況,淨利,,仟元,2019,-99936
27964549,G,營運狀況,營業收入,,仟元,2019,84891
27964549,G,營運狀況,營業成本,,仟元,2019,50824
27964549,G,營運狀況,營業費用,,仟元,2019,109015
27964549,G,營運狀況,淨利,,仟元,2019,-87893
70354764,G,營運狀況,營業收入,,仟元,2019,775718
70354764,G,營運狀況,營業成本,,仟元,2019,629573
70354764,G,營運狀況,營業費用,,仟元,2019,111649
70354764,G,營運狀況,淨利,,仟元,2019,10972
70774029,G,營運狀況,營業收入,,仟元,2019,205802
70774029,G,營運狀況,營業成本,,仟元,2019,94239
70774029,G,營運狀況,營業費用,,仟元,2019,266260
70774029,G,營運狀況,淨利,,仟元,2019,-174667
80666442,G,營運狀況,營業收入,,仟元,2019,260252
80666442,G,營運狀況,營業成本,,仟元,2019,125994
80666442,G,營運狀況,營業費用,,仟元,2019,103437
80666442,G,營運狀況,淨利,,仟元,2019,20942
47423851,G,營運狀況,營業收入,,仟元,2019,3252265
47423851,G,營運狀況,營業成本,,仟元,2019,760502
47423851,G,營運狀況,營業費用,,仟元,2019,1799723
47423851,G,營運狀況,淨利,,仟元,2019,470466
28853599,G,營運狀況,營業收入,,仟元,2019,34577
28853599,G,營運狀況,營業成本,,仟元,2019,28599
28853599,G,營運狀況,營業費用,,仟元,2019,453164
28853599,G,營運狀況,淨利,,仟元,2019,-545676
12681706,G,營運狀況,營業收入,,仟元,2019,204155
12681706,G,營運狀況,營業成本,,仟元,2019,101158
12681706,G,營運狀況,營業費用,,仟元,2019,290311
12681706,G,營運狀況,淨利,,仟元,2019,-190601
12953452,G,營運狀況,營業收入,,仟元,2019,427652
12953452,G,營運狀況,營業成本,,仟元,2019,273317
12953452,G,營運狀況,營業費用,,仟元,2019,145844
12953452,G,營運狀況,淨利,,仟元,2019,75211
28031449,G,營運狀況,營業收入,,仟元,2019,151990
28031449,G,營運狀況,營業成本,,仟元,2019,114554
28031449,G,營運狀況,營業費用,,仟元,2019,67760
28031449,G,營運狀況,淨利,,仟元,2019,-31755
12685908,G,營運狀況,營業收入,,仟元,2019,160950
12685908,G,營運狀況,營業成本,,仟元,2019,67916
12685908,G,營運狀況,營業費用,,仟元,2019,150448
12685908,G,營運狀況,淨利,,仟元,2019,-59899
12676817,G,營運狀況,營業收入,,仟元,2019,307465
12676817,G,營運狀況,營業成本,,仟元,2019,134711
12676817,G,營運狀況,營業費用,,仟元,2019,139872
12676817,G,營運狀況,淨利,,仟元,2019,39697
80310225,G,營運狀況,營業收入,,仟元,2019,2172923
80310225,G,營運狀況,營業成本,,仟元,2019,1224505
80310225,G,營運狀況,營業費用,,仟元,2019,792147
80310225,G,營運狀況,淨利,,仟元,2019,106711
96922622,G,營運狀況,營業收入,,仟元,2019,2759591
96922622,G,營運狀況,營業成本,,仟元,2019,1934327
96922622,G,營運狀況,營業費用,,仟元,2019,800826
96922622,G,營運狀況,淨利,,仟元,2019,-41062
41181265,G,營運狀況,營業收入,,仟元,2019,425251
41181265,G,營運狀況,營業成本,,仟元,2019,413289
41181265,G,營運狀況,營業費用,,仟元,2019,55558
41181265,G,營運狀況,淨利,,仟元,2019,-27547
54395965,G,營運狀況,營業收入,,仟元,2019,5087793
54395965,G,營運狀況,營業成本,,仟元,2019,3009513
54395965,G,營運狀況,營業費用,,仟元,2019,742029
54395965,G,營運狀況,淨利,,仟元,2019,904277
29184891,G,營運狀況,營業收入,,仟元,2019,0
29184891,G,營運狀況,營業成本,,仟元,2019,0
29184891,G,營運狀況,營業費用,,仟元,2019,38939
29184891,G,營運狀況,淨利,,仟元,2019,-37651
24405425,G,營運狀況,營業收入,,仟元,2019,15059
24405425,G,營運狀況,營業成本,,仟元,2019,17546
24405425,G,營運狀況,營業費用,,仟元,2019,48148
24405425,G,營運狀況,淨利,,仟元,2019,-51816
25021158,G,營運狀況,營業收入,,仟元,2019,3355133
25021158,G,營運狀況,營業成本,,仟元,2019,1862103
25021158,G,營運狀況,營業費用,,仟元,2019,900916
25021158,G,營運狀況,淨利,,仟元,2019,475492
53835304,G,營運狀況,營業收入,,仟元,2019,266574
53835304,G,營運狀況,營業成本,,仟元,2019,169701
53835304,G,營運狀況,營業費用,,仟元,2019,72920
53835304,G,營運狀況,淨利,,仟元,2019,37990
25029519,G,營運狀況,營業收入,,仟元,2019,763766
25029519,G,營運狀況,營業成本,,仟元,2019,687628
25029519,G,營運狀況,營業費用,,仟元,2019,33311
25029519,G,營運狀況,淨利,,仟元,2019,31379
53350764,G,營運狀況,營業收入,,仟元,2019,1930451
53350764,G,營運狀況,營業成本,,仟元,2019,953258
53350764,G,營運狀況,營業費用,,仟元,2019,814086
53350764,G,營運狀況,淨利,,仟元,2019,99327
24797816,G,營運狀況,營業收入,,仟元,2019,0
24797816,G,營運狀況,營業成本,,仟元,2019,0
24797816,G,營運狀況,營業費用,,仟元,2019,2328156
24797816,G,營運狀況,淨利,,仟元,2019,-2274226
23243578,G,營運狀況,營業收入,,仟元,2019,675711
23243578,G,營運狀況,營業成本,,仟元,2019,523064
23243578,G,營運狀況,營業費用,,仟元,2019,103182
23243578,G,營運狀況,淨利,,仟元,2019,36443
53394159,G,營運狀況,營業收入,,仟元,2019,61720
53394159,G,營運狀況,營業成本,,仟元,2019,20285
53394159,G,營運狀況,營業費用,,仟元,2019,48123
53394159,G,營運狀況,淨利,,仟元,2019,-5083
24792045,G,營運狀況,營業費用,,仟元,2019,795220
24792045,G,營運狀況,淨利,,仟元,2019,-829758
24626617,G,營運狀況,營業收入,,仟元,2019,479559
24626617,G,營運狀況,營業成本,,仟元,2019,371820
24626617,G,營運狀況,營業費用,,仟元,2019,345914
24626617,G,營運狀況,淨利,,仟元,2019,-255406
54665910,G,營運狀況,營業收入,,仟元,2019,1944
54665910,G,營運狀況,營業成本,,仟元,2019,1175
54665910,G,營運狀況,營業費用,,仟元,2019,72635
54665910,G,營運狀況,淨利,,仟元,2019,-56645
53226196,G,營運狀況,營業收入,,仟元,2019,75134
53226196,G,營運狀況,營業成本,,仟元,2019,136403
53226196,G,營運狀況,營業費用,,仟元,2019,143773
53226196,G,營運狀況,淨利,,仟元,2019,-289739
24489199,G,營運狀況,營業收入,,仟元,2019,71179
24489199,G,營運狀況,營業成本,,仟元,2019,51294
24489199,G,營運狀況,營業費用,,仟元,2019,196283
24489199,G,營運狀況,淨利,,仟元,2019,-184989
54179072,G,營運狀況,營業費用,,仟元,2019,223652
54179072,G,營運狀況,淨利,,仟元,2019,-223475
53529570,G,營運狀況,營業收入,,仟元,2019,3156
53529570,G,營運狀況,營業成本,,仟元,2019,1653
53529570,G,營運狀況,營業費用,,仟元,2019,224749
53529570,G,營運狀況,淨利,,仟元,2019,-220828
54170142,G,營運狀況,營業收入,,仟元,2019,297
54170142,G,營運狀況,營業成本,,仟元,2019,119
54170142,G,營運狀況,營業費用,,仟元,2019,369341
54170142,G,營運狀況,淨利,,仟元,2019,-358372
42545659,G,營運狀況,營業收入,,仟元,2019,104694
42545659,G,營運狀況,營業成本,,仟元,2019,51725
42545659,G,營運狀況,營業費用,,仟元,2019,328042
42545659,G,營運狀況,淨利,,仟元,2019,-280073
25147136,G,營運狀況,營業收入,,仟元,2019,9664
25147136,G,營運狀況,營業成本,,仟元,2019,7307
25147136,G,營運狀況,營業費用,,仟元,2019,116297
25147136,G,營運狀況,淨利,,仟元,2019,-111524
42486336,G,營運狀況,營業收入,,仟元,2019,248
42486336,G,營運狀況,營業成本,,仟元,2019,14
42486336,G,營運狀況,營業費用,,仟元,2019,129057
42486336,G,營運狀況,淨利,,仟元,2019,-115319
24546157,G,營運狀況,營業收入,,仟元,2019,84070
24546157,G,營運狀況,營業成本,,仟元,2019,15356
24546157,G,營運狀況,營業費用,,仟元,2019,273654
24546157,G,營運狀況,淨利,,仟元,2019,-177739
70680851,G,營運狀況,營業收入,,仟元,2019,154276
70680851,G,營運狀況,營業成本,,仟元,2019,80526
70680851,G,營運狀況,營業費用,,仟元,2019,101552
70680851,G,營運狀況,淨利,,仟元,2019,-25045
25181598,G,營運狀況,營業收入,,仟元,2019,13860
25181598,G,營運狀況,營業成本,,仟元,2019,9384
25181598,G,營運狀況,營業費用,,仟元,2019,121133
25181598,G,營運狀況,淨利,,仟元,2019,-115334
54727599,G,營運狀況,營業費用,,仟元,2019,76842
54727599,G,營運狀況,淨利,,仟元,2019,-76225
86700973,G,營運狀況,營業收入,,仟元,2019,505276
86700973,G,營運狀況,營業成本,,仟元,2019,277566
86700973,G,營運狀況,營業費用,,仟元,2019,100963
86700973,G,營運狀況,淨利,,仟元,2019,99794
27348877,G,營運狀況,營業收入,,仟元,2019,270560
27348877,G,營運狀況,營業成本,,仟元,2019,218924
27348877,G,營運狀況,營業費用,,仟元,2019,91992
27348877,G,營運狀況,淨利,,仟元,2019,-31873
27570215,G,營運狀況,營業費用,,仟元,2019,113989
27570215,G,營運狀況,淨利,,仟元,2019,-107255
53726093,G,營運狀況,營業收入,,仟元,2019,6251
53726093,G,營運狀況,營業成本,,仟元,2019,2382
53726093,G,營運狀況,營業費用,,仟元,2019,157107
53726093,G,營運狀況,淨利,,仟元,2019,-149773
81002274,G,營運狀況,營業收入,,仟元,2019,770037
81002274,G,營運狀況,營業成本,,仟元,2019,569709
81002274,G,營運狀況,營業費用,,仟元,2019,350655
81002274,G,營運狀況,淨利,,仟元,2019,-176147
70507157,G,營運狀況,營業收入,,仟元,2019,559952
70507157,G,營運狀況,營業成本,,仟元,2019,401775
70507157,G,營運狀況,營業費用,,仟元,2019,98732
70507157,G,營運狀況,淨利,,仟元,2019,9865
24291669,G,營運狀況,營業收入,,仟元,2019,1964615
24291669,G,營運狀況,營業成本,,仟元,2019,1269258
24291669,G,營運狀況,營業費用,,仟元,2019,316813
24291669,G,營運狀況,淨利,,仟元,2019,286220
82230260,G,營運狀況,營業收入,,仟元,2019,1445695
82230260,G,營運狀況,營業成本,,仟元,2019,465906
82230260,G,營運狀況,營業費用,,仟元,2019,452553
82230260,G,營運狀況,淨利,,仟元,2019,497740
27559859,G,營運狀況,營業收入,,仟元,2019,234480
27559859,G,營運狀況,營業成本,,仟元,2019,139228
27559859,G,營運狀況,營業費用,,仟元,2019,309292
27559859,G,營運狀況,淨利,,仟元,2019,-226295
80207616,G,營運狀況,營業收入,,仟元,2019,877931
80207616,G,營運狀況,營業成本,,仟元,2019,558657
80207616,G,營運狀況,營業費用,,仟元,2019,274032
80207616,G,營運狀況,淨利,,仟元,2019,21778
43814765,G,營運狀況,營業費用,,仟元,2019,238221
43814765,G,營運狀況,淨利,,仟元,2019,-235256
80689276,G,營運狀況,營業收入,,仟元,2019,176675
80689276,G,營運狀況,營業成本,,仟元,2019,55892
80689276,G,營運狀況,營業費用,,仟元,2019,204011
80689276,G,營運狀況,淨利,,仟元,2019,-77842
28403068,G,營運狀況,營業費用,,仟元,2019,98844
28403068,G,營運狀況,淨利,,仟元,2019,-91615
80722654,G,營運狀況,營業收入,,仟元,2019,406531
80722654,G,營運狀況,營業成本,,仟元,2019,189046
80722654,G,營運狀況,營業費用,,仟元,2019,105156
80722654,G,營運狀況,淨利,,仟元,2019,89161
53927676,G,營運狀況,營業收入,,仟元,2019,30032
53927676,G,營運狀況,營業成本,,仟元,2019,21003
53927676,G,營運狀況,營業費用,,仟元,2019,118066
53927676,G,營運狀況,淨利,,仟元,2019,-104654
86704393,G,營運狀況,營業收入,,仟元,2019,174328
86704393,G,營運狀況,營業成本,,仟元,2019,102080
86704393,G,營運狀況,營業費用,,仟元,2019,52150
86704393,G,營運狀況,淨利,,仟元,2019,17358
54562029,G,營運狀況,營業收入,,仟元,2019,7320
54562029,G,營運狀況,營業成本,,仟元,2019,2509
54562029,G,營運狀況,營業費用,,仟元,2019,71535
54562029,G,營運狀況,淨利,,仟元,2019,-61187
12873063,G,營運狀況,營業收入,,仟元,2019,431000
12873063,G,營運狀況,營業成本,,仟元,2019,105133
12873063,G,營運狀況,營業費用,,仟元,2019,253463
12873063,G,營運狀況,淨利,,仟元,2019,56562
53065641,G,營運狀況,營業費用,,仟元,2019,33036
53065641,G,營運狀況,淨利,,仟元,2019,-34218
54365575,G,營運狀況,營業收入,,仟元,2019,394
54365575,G,營運狀況,營業成本,,仟元,2019,123
54365575,G,營運狀況,營業費用,,仟元,2019,70606
54365575,G,營運狀況,淨利,,仟元,2019,-63378
52310651,G,營運狀況,營業收入,,仟元,2019,0
52310651,G,營運狀況,營業費用,,仟元,2019,61389
52310651,G,營運狀況,淨利,,仟元,2019,-67970
50753953,G,營運狀況,營業收入,,仟元,2019,15737
50753953,G,營運狀況,營業成本,,仟元,2019,3254
50753953,G,營運狀況,營業費用,,仟元,2019,113551
50753953,G,營運狀況,淨利,,仟元,2019,-100939
27312189,G,營運狀況,營業收入,,仟元,2019,113960
27312189,G,營運狀況,營業成本,,仟元,2019,89303
27312189,G,營運狀況,營業費用,,仟元,2019,70219
27312189,G,營運狀況,淨利,,仟元,2019,-36600
24782320,G,營運狀況,營業收入,,仟元,2019,18177
24782320,G,營運狀況,營業成本,,仟元,2019,10253
24782320,G,營運狀況,營業費用,,仟元,2019,44229
24782320,G,營運狀況,淨利,,仟元,2019,-36316
54318905,G,營運狀況,營業收入,,仟元,2019,152889
54318905,G,營運狀況,營業成本,,仟元,2019,52730
54318905,G,營運狀況,營業費用,,仟元,2019,102795
54318905,G,營運狀況,淨利,,仟元,2019,-6989
24771301,G,營運狀況,營業收入,,仟元,2019,268352
24771301,G,營運狀況,營業成本,,仟元,2019,133585
24771301,G,營運狀況,營業費用,,仟元,2019,78466
24771301,G,營運狀況,淨利,,仟元,2019,44183
72082135,G,營運狀況,營業收入,,仟元,2019,364895
72082135,G,營運狀況,營業成本,,仟元,2019,261470
72082135,G,營運狀況,營業費用,,仟元,2019,111679
72082135,G,營運狀況,淨利,,仟元,2019,-9358
54179426,G,營運狀況,營業收入,,仟元,2019,88
54179426,G,營運狀況,營業成本,,仟元,2019,87
54179426,G,營運狀況,營業費用,,仟元,2019,30458
54179426,G,營運狀況,淨利,,仟元,2019,-29875
24251218,G,營運狀況,營業收入,,仟元,2019,140644
24251218,G,營運狀況,營業成本,,仟元,2019,79622
24251218,G,營運狀況,營業費用,,仟元,2019,58458
24251218,G,營運狀況,淨利,,仟元,2019,3858
27219254,G,營運狀況,營業收入,,仟元,2019,181932
27219254,G,營運狀況,營業成本,,仟元,2019,100657
27219254,G,營運狀況,營業費用,,仟元,2019,74426
27219254,G,營運狀況,淨利,,仟元,2019,13722
27953682,G,營運狀況,營業收入,,仟元,2019,65277
27953682,G,營運狀況,營業成本,,仟元,2019,43198
27953682,G,營運狀況,營業費用,,仟元,2019,52726
27953682,G,營運狀況,淨利,,仟元,2019,-35107
23751545,G,營運狀況,營業收入,,仟元,2018,5557150
23751545,G,營運狀況,營業成本,,仟元,2018,4029751
23751545,G,營運狀況,營業費用,,仟元,2018,1539755
23751545,G,營運狀況,淨利,,仟元,2018,127456
03088802,G,營運狀況,營業收入,,仟元,2018,7580236
03088802,G,營運狀況,營業成本,,仟元,2018,4715066
03088802,G,營運狀況,營業費用,,仟元,2018,2528728
03088802,G,營運狀況,淨利,,仟元,2018,366947
11880517,G,營運狀況,營業收入,,仟元,2018,9183321
11880517,G,營運狀況,營業成本,,仟元,2018,1854057
11880517,G,營運狀況,營業費用,,仟元,2018,4979427
11880517,G,營運狀況,淨利,,仟元,2018,1890072
56065601,G,營運狀況,營業收入,,仟元,2018,5253053
56065601,G,營運狀況,營業成本,,仟元,2018,2723187
56065601,G,營運狀況,營業費用,,仟元,2018,1548074
56065601,G,營運狀況,淨利,,仟元,2018,844070
71122503,G,營運狀況,營業收入,,仟元,2018,3573093
71122503,G,營運狀況,營業成本,,仟元,2018,2028483
71122503,G,營運狀況,營業費用,,仟元,2018,1156352
71122503,G,營運狀況,淨利,,仟元,2018,427936
14089976,G,營運狀況,營業收入,,仟元,2018,1123398
14089976,G,營運狀況,營業成本,,仟元,2018,479032
14089976,G,營運狀況,營業費用,,仟元,2018,507044
14089976,G,營運狀況,淨利,,仟元,2018,75765
16130182,G,營運狀況,營業收入,,仟元,2018,2043614
16130182,G,營運狀況,營業成本,,仟元,2018,1483512
16130182,G,營運狀況,營業費用,,仟元,2018,332750
16130182,G,營運狀況,淨利,,仟元,2018,93658
42042734,G,營運狀況,營業收入,,仟元,2018,2215837
42042734,G,營運狀況,營業成本,,仟元,2018,1390455
42042734,G,營運狀況,營業費用,,仟元,2018,944678
42042734,G,營運狀況,淨利,,仟元,2018,-123005
52347361,G,營運狀況,營業收入,,仟元,2018,21757064
52347361,G,營運狀況,營業成本,,仟元,2018,11719868
52347361,G,營運狀況,營業費用,,仟元,2018,9985551
52347361,G,營運狀況,淨利,,仟元,2018,390322
04742997,G,營運狀況,營業收入,,仟元,2018,1408741
04742997,G,營運狀況,營業成本,,仟元,2018,605358
04742997,G,營運狀況,營業費用,,仟元,2018,580637
04742997,G,營運狀況,淨利,,仟元,2018,159171
03088704,G,營運狀況,營業收入,,仟元,2018,1019452
03088704,G,營運狀況,營業成本,,仟元,2018,667942
03088704,G,營運狀況,營業費用,,仟元,2018,320534
03088704,G,營運狀況,淨利,,仟元,2018,234288
43211700,G,營運狀況,營業收入,,仟元,2018,4462499
43211700,G,營運狀況,營業成本,,仟元,2018,2912901
43211700,G,營運狀況,營業費用,,仟元,2018,1088806
43211700,G,營運狀況,淨利,,仟元,2018,403304
16749811,G,營運狀況,營業收入,,仟元,2018,427680
16749811,G,營運狀況,營業成本,,仟元,2018,245112
16749811,G,營運狀況,營業費用,,仟元,2018,136380
16749811,G,營運狀況,淨利,,仟元,2018,57055
13159100,G,營運狀況,營業收入,,仟元,2018,329581
13159100,G,營運狀況,營業成本,,仟元,2018,112660
13159100,G,營運狀況,營業費用,,仟元,2018,136261
13159100,G,營運狀況,淨利,,仟元,2018,86869
16130161,G,營運狀況,營業收入,,仟元,2018,3524263
16130161,G,營運狀況,營業成本,,仟元,2018,1981749
16130161,G,營運狀況,營業費用,,仟元,2018,984102
16130161,G,營運狀況,淨利,,仟元,2018,442978
11456110,G,營運狀況,營業收入,,仟元,2018,6428894
11456110,G,營運狀況,營業成本,,仟元,2018,3289414
11456110,G,營運狀況,營業費用,,仟元,2018,2690792
11456110,G,營運狀況,淨利,,仟元,2018,124088
12715847,G,營運狀況,營業收入,,仟元,2018,406532
12715847,G,營運狀況,營業成本,,仟元,2018,128985
12715847,G,營運狀況,營業費用,,仟元,2018,155342
12715847,G,營運狀況,淨利,,仟元,2018,157626
97454724,G,營運狀況,營業收入,,仟元,2018,324182
97454724,G,營運狀況,營業成本,,仟元,2018,175408
97454724,G,營運狀況,營業費用,,仟元,2018,158711
97454724,G,營運狀況,淨利,,仟元,2018,-23283
53004906,G,營運狀況,營業收入,,仟元,2018,7513686
53004906,G,營運狀況,營業成本,,仟元,2018,4078723
53004906,G,營運狀況,營業費用,,仟元,2018,2632801
53004906,G,營運狀況,淨利,,仟元,2018,685252
22854522,G,營運狀況,營業收入,,仟元,2018,6345031
22854522,G,營運狀況,營業成本,,仟元,2018,5145925
22854522,G,營運狀況,營業費用,,仟元,2018,761046
22854522,G,營運狀況,淨利,,仟元,2018,548423
23632773,G,營運狀況,營業收入,,仟元,2018,2105748
23632773,G,營運狀況,營業成本,,仟元,2018,1228877
23632773,G,營運狀況,營業費用,,仟元,2018,740028
23632773,G,營運狀況,淨利,,仟元,2018,109317
16766281,G,營運狀況,營業收入,,仟元,2018,107483
16766281,G,營運狀況,營業成本,,仟元,2018,52416
16766281,G,營運狀況,營業費用,,仟元,2018,285276
16766281,G,營運狀況,淨利,,仟元,2018,-208772
16549813,G,營運狀況,營業收入,,仟元,2018,802054
16549813,G,營運狀況,營業成本,,仟元,2018,689259
16549813,G,營運狀況,營業費用,,仟元,2018,95531
16549813,G,營運狀況,淨利,,仟元,2018,4704
47299918,G,營運狀況,營業收入,,仟元,2018,243811
47299918,G,營運狀況,營業成本,,仟元,2018,126763
47299918,G,營運狀況,營業費用,,仟元,2018,180060
47299918,G,營運狀況,淨利,,仟元,2018,-69225
22662545,G,營運狀況,營業收入,,仟元,2018,1939913
22662545,G,營運狀況,營業成本,,仟元,2018,1190970
22662545,G,營運狀況,營業費用,,仟元,2018,233377
22662545,G,營運狀況,淨利,,仟元,2018,447237
80280616,G,營運狀況,營業收入,,仟元,2018,91282
80280616,G,營運狀況,營業成本,,仟元,2018,39969
80280616,G,營運狀況,營業費用,,仟元,2018,385879
80280616,G,營運狀況,淨利,,仟元,2018,-343770
12974421,G,營運狀況,營業收入,,仟元,2018,426023
12974421,G,營運狀況,營業成本,,仟元,2018,240643
12974421,G,營運狀況,營業費用,,仟元,2018,169398
12974421,G,營運狀況,淨利,,仟元,2018,46118
43172002,G,營運狀況,營業收入,,仟元,2018,1334598
43172002,G,營運狀況,營業成本,,仟元,2018,918539
43172002,G,營運狀況,營業費用,,仟元,2018,356825
43172002,G,營運狀況,淨利,,仟元,2018,58856
38488868,G,營運狀況,營業收入,,仟元,2018,4578513
38488868,G,營運狀況,營業成本,,仟元,2018,799759
38488868,G,營運狀況,營業費用,,仟元,2018,2216086
38488868,G,營運狀況,淨利,,仟元,2018,1218880
33259508,G,營運狀況,營業收入,,仟元,2018,822366
33259508,G,營運狀況,營業成本,,仟元,2018,1116673
33259508,G,營運狀況,營業費用,,仟元,2018,422180
33259508,G,營運狀況,淨利,,仟元,2018,-665914
42527358,G,營運狀況,營業收入,,仟元,2018,2687581
42527358,G,營運狀況,營業成本,,仟元,2018,1912987
42527358,G,營運狀況,營業費用,,仟元,2018,417825
42527358,G,營運狀況,淨利,,仟元,2018,348687
86723722,G,營運狀況,營業收入,,仟元,2018,807464
86723722,G,營運狀況,營業成本,,仟元,2018,695686
86723722,G,營運狀況,營業費用,,仟元,2018,312791
86723722,G,營運狀況,淨利,,仟元,2018,-265760
70527203,G,營運狀況,營業收入,,仟元,2018,1140391
70527203,G,營運狀況,營業成本,,仟元,2018,907352
70527203,G,營運狀況,營業費用,,仟元,2018,344007
70527203,G,營運狀況,淨利,,仟元,2018,-115086
27453928,G,營運狀況,營業收入,,仟元,2018,1120346
27453928,G,營運狀況,營業成本,,仟元,2018,818237
27453928,G,營運狀況,營業費用,,仟元,2018,172643
27453928,G,營運狀況,淨利,,仟元,2018,160511
24483414,G,營運狀況,營業收入,,仟元,2018,2507466
24483414,G,營運狀況,營業成本,,仟元,2018,1776680
24483414,G,營運狀況,營業費用,,仟元,2018,270805
24483414,G,營運狀況,淨利,,仟元,2018,317829
28924399,G,營運狀況,營業收入,,仟元,2018,269539
28924399,G,營運狀況,營業成本,,仟元,2018,263882
28924399,G,營運狀況,營業費用,,仟元,2018,254713
28924399,G,營運狀況,淨利,,仟元,2018,-160101
16307131,G,營運狀況,營業收入,,仟元,2018,540230
16307131,G,營運狀況,營業成本,,仟元,2018,279800
16307131,G,營運狀況,營業費用,,仟元,2018,228713
16307131,G,營運狀況,淨利,,仟元,2018,24805
27545820,G,營運狀況,營業收入,,仟元,2018,206330
27545820,G,營運狀況,營業成本,,仟元,2018,47327
27545820,G,營運狀況,營業費用,,仟元,2018,227001
27545820,G,營運狀況,淨利,,仟元,2018,-29910
27964549,G,營運狀況,營業收入,,仟元,2018,56490
27964549,G,營運狀況,營業成本,,仟元,2018,28671
27964549,G,營運狀況,營業費用,,仟元,2018,108068
27964549,G,營運狀況,淨利,,仟元,2018,-86348
70774029,G,營運狀況,營業收入,,仟元,2018,168351
70774029,G,營運狀況,營業成本,,仟元,2018,75425
70774029,G,營運狀況,營業費用,,仟元,2018,247700
70774029,G,營運狀況,淨利,,仟元,2018,-133196
47423851,G,營運狀況,營業收入,,仟元,2018,3108496
47423851,G,營運狀況,營業成本,,仟元,2018,721270
47423851,G,營運狀況,營業費用,,仟元,2018,1686535
47423851,G,營運狀況,淨利,,仟元,2018,527525
28853599,G,營運狀況,營業收入,,仟元,2018,35882
28853599,G,營運狀況,營業成本,,仟元,2018,30697
28853599,G,營運狀況,營業費用,,仟元,2018,447038
28853599,G,營運狀況,淨利,,仟元,2018,-431942
12681706,G,營運狀況,營業收入,,仟元,2018,172844
12681706,G,營運狀況,營業成本,,仟元,2018,72966
12681706,G,營運狀況,營業費用,,仟元,2018,270495
12681706,G,營運狀況,淨利,,仟元,2018,-174510
12953452,G,營運狀況,營業收入,,仟元,2018,438689
12953452,G,營運狀況,營業成本,,仟元,2018,289323
12953452,G,營運狀況,營業費用,,仟元,2018,214041
12953452,G,營運狀況,淨利,,仟元,2018,-68185
28031449,G,營運狀況,營業收入,,仟元,2018,142542
28031449,G,營運狀況,營業成本,,仟元,2018,104241
28031449,G,營運狀況,營業費用,,仟元,2018,73055
28031449,G,營運狀況,淨利,,仟元,2018,-31888
80310225,G,營運狀況,營業收入,,仟元,2018,2007222
80310225,G,營運狀況,營業成本,,仟元,2018,1090223
80310225,G,營運狀況,營業費用,,仟元,2018,676448
80310225,G,營運狀況,淨利,,仟元,2018,127892
96922622,G,營運狀況,營業收入,,仟元,2018,2687731
96922622,G,營運狀況,營業成本,,仟元,2018,1773614
96922622,G,營運狀況,營業費用,,仟元,2018,853633
96922622,G,營運狀況,淨利,,仟元,2018,124657
54395965,G,營運狀況,營業收入,,仟元,2018,5177164
54395965,G,營運狀況,營業成本,,仟元,2018,3075677
54395965,G,營運狀況,營業費用,,仟元,2018,721479
54395965,G,營運狀況,淨利,,仟元,2018,1099974
25021158,G,營運狀況,營業收入,,仟元,2018,3132671
25021158,G,營運狀況,營業成本,,仟元,2018,1527316
25021158,G,營運狀況,營業費用,,仟元,2018,814288
25021158,G,營運狀況,淨利,,仟元,2018,541156
25029519,G,營運狀況,營業收入,,仟元,2018,702986
25029519,G,營運狀況,營業成本,,仟元,2018,646209
25029519,G,營運狀況,營業費用,,仟元,2018,35760
25029519,G,營運狀況,淨利,,仟元,2018,15293
53350764,G,營運狀況,營業收入,,仟元,2018,1865801
53350764,G,營運狀況,營業成本,,仟元,2018,879894
53350764,G,營運狀況,營業費用,,仟元,2018,801026
53350764,G,營運狀況,淨利,,仟元,2018,123180
23243578,G,營運狀況,營業收入,,仟元,2018,572813
23243578,G,營運狀況,營業成本,,仟元,2018,433406
23243578,G,營運狀況,營業費用,,仟元,2018,93722
23243578,G,營運狀況,淨利,,仟元,2018,37363
24626617,G,營運狀況,營業收入,,仟元,2018,423863
24626617,G,營運狀況,營業成本,,仟元,2018,339487
24626617,G,營運狀況,營業費用,,仟元,2018,340126
24626617,G,營運狀況,淨利,,仟元,2018,-249538
53226196,G,營運狀況,營業收入,,仟元,2018,336361
53226196,G,營運狀況,營業成本,,仟元,2018,159827
53226196,G,營運狀況,營業費用,,仟元,2018,176097
53226196,G,營運狀況,淨利,,仟元,2018,-2885
42545659,G,營運狀況,營業收入,,仟元,2018,36904
42545659,G,營運狀況,營業成本,,仟元,2018,20172
42545659,G,營運狀況,營業費用,,仟元,2018,284611
42545659,G,營運狀況,淨利,,仟元,2018,-268305
42486336,G,營運狀況,營業收入,,仟元,2018,62
42486336,G,營運狀況,營業成本,,仟元,2018,4
42486336,G,營運狀況,營業費用,,仟元,2018,123908
42486336,G,營運狀況,淨利,,仟元,2018,-114028
86700973,G,營運狀況,營業收入,,仟元,2018,430885
86700973,G,營運狀況,營業成本,,仟元,2018,242288
86700973,G,營運狀況,營業費用,,仟元,2018,86776
86700973,G,營運狀況,淨利,,仟元,2018,78203
27348877,G,營運狀況,營業收入,,仟元,2018,231782
27348877,G,營運狀況,營業成本,,仟元,2018,186834
27348877,G,營運狀況,營業費用,,仟元,2018,82990
27348877,G,營運狀況,淨利,,仟元,2018,-30720
27570215,G,營運狀況,營業收入,,仟元,2018,0
27570215,G,營運狀況,營業費用,,仟元,2018,223585
27570215,G,營運狀況,淨利,,仟元,2018,-194312
81002274,G,營運狀況,營業收入,,仟元,2018,877825
81002274,G,營運狀況,營業成本,,仟元,2018,704098
81002274,G,營運狀況,營業費用,,仟元,2018,409495
81002274,G,營運狀況,淨利,,仟元,2018,-306134
70507157,G,營運狀況,營業收入,,仟元,2018,671039
70507157,G,營運狀況,營業成本,,仟元,2018,461231
70507157,G,營運狀況,營業費用,,仟元,2018,106938
70507157,G,營運狀況,淨利,,仟元,2018,78436
24291669,G,營運狀況,營業收入,,仟元,2018,1729477
24291669,G,營運狀況,營業成本,,仟元,2018,1071512
24291669,G,營運狀況,營業費用,,仟元,2018,309134
24291669,G,營運狀況,淨利,,仟元,2018,271018
82230260,G,營運狀況,營業收入,,仟元,2018,1358184
82230260,G,營運狀況,營業成本,,仟元,2018,447660
82230260,G,營運狀況,營業費用,,仟元,2018,338358
82230260,G,營運狀況,淨利,,仟元,2018,431247
80207616,G,營運狀況,營業收入,,仟元,2018,849949
80207616,G,營運狀況,營業成本,,仟元,2018,512434
80207616,G,營運狀況,營業費用,,仟元,2018,285188
80207616,G,營運狀況,淨利,,仟元,2018,29565
80689276,G,營運狀況,營業收入,,仟元,2018,128117
80689276,G,營運狀況,營業成本,,仟元,2018,16310
80689276,G,營運狀況,營業費用,,仟元,2018,230185
80689276,G,營運狀況,淨利,,仟元,2018,-117835
80722654,G,營運狀況,營業收入,,仟元,2018,398819
80722654,G,營運狀況,營業成本,,仟元,2018,181593
80722654,G,營運狀況,營業費用,,仟元,2018,112566
80722654,G,營運狀況,淨利,,仟元,2018,85892
12873063,G,營運狀況,營業收入,,仟元,2018,400188
12873063,G,營運狀況,營業成本,,仟元,2018,86558
12873063,G,營運狀況,營業費用,,仟元,2018,250891
12873063,G,營運狀況,淨利,,仟元,2018,50105
54318905,G,營運狀況,營業收入,,仟元,2018,132425
54318905,G,營運狀況,營業成本,,仟元,2018,54333
54318905,G,營運狀況,營業費用,,仟元,2018,83145
54318905,G,營運狀況,淨利,,仟元,2018,-14692
24251218,G,營運狀況,營業收入,,仟元,2018,145979
24251218,G,營運狀況,營業成本,,仟元,2018,69400
24251218,G,營運狀況,營業費用,,仟元,2018,50262
24251218,G,營運狀況,淨利,,仟元,2018,22965
23751545,G,營運狀況,營業收入,,仟元,2017,4457716
23751545,G,營運狀況,營業成本,,仟元,2017,3187027
23751545,G,營運狀況,營業費用,,仟元,2017,1294916
23751545,G,營運狀況,淨利,,仟元,2017,-165903
03088802,G,營運狀況,營業收入,,仟元,2017,6244807
03088802,G,營運狀況,營業成本,,仟元,2017,4322210
03088802,G,營運狀況,營業費用,,仟元,2017,1645296
03088802,G,營運狀況,淨利,,仟元,2017,306494
11880517,G,營運狀況,營業收入,,仟元,2017,9388128
11880517,G,營運狀況,營業成本,,仟元,2017,1523444
11880517,G,營運狀況,營業費用,,仟元,2017,5610389
11880517,G,營運狀況,淨利,,仟元,2017,1934732
56065601,G,營運狀況,營業收入,,仟元,2017,4842491
56065601,G,營運狀況,營業成本,,仟元,2017,2560197
56065601,G,營運狀況,營業費用,,仟元,2017,1463435
56065601,G,營運狀況,淨利,,仟元,2017,833493
71122503,G,營運狀況,營業收入,,仟元,2017,3848684
71122503,G,營運狀況,營業成本,,仟元,2017,2099686
71122503,G,營運狀況,營業費用,,仟元,2017,1207523
71122503,G,營運狀況,淨利,,仟元,2017,433339
14089976,G,營運狀況,營業收入,,仟元,2017,1575078
14089976,G,營運狀況,營業成本,,仟元,2017,897988
14089976,G,營運狀況,營業費用,,仟元,2017,518122
14089976,G,營運狀況,淨利,,仟元,2017,85937
16130182,G,營運狀況,營業收入,,仟元,2017,1795300
16130182,G,營運狀況,營業成本,,仟元,2017,1363786
16130182,G,營運狀況,營業費用,,仟元,2017,270515
16130182,G,營運狀況,淨利,,仟元,2017,82397
42042734,G,營運狀況,營業收入,,仟元,2017,2134163
42042734,G,營運狀況,營業成本,,仟元,2017,1323904
42042734,G,營運狀況,營業費用,,仟元,2017,873286
42042734,G,營運狀況,淨利,,仟元,2017,-90166
52347361,G,營運狀況,營業收入,,仟元,2017,19494431
52347361,G,營運狀況,營業成本,,仟元,2017,10289954
52347361,G,營運狀況,營業費用,,仟元,2017,9067785
52347361,G,營運狀況,淨利,,仟元,2017,130602
04742997,G,營運狀況,營業收入,,仟元,2017,1212478
04742997,G,營運狀況,營業成本,,仟元,2017,518099
04742997,G,營運狀況,營業費用,,仟元,2017,549656
04742997,G,營運狀況,淨利,,仟元,2017,90539
03088704,G,營運狀況,營業收入,,仟元,2017,1168248
03088704,G,營運狀況,營業成本,,仟元,2017,760382
03088704,G,營運狀況,營業費用,,仟元,2017,329731
03088704,G,營運狀況,淨利,,仟元,2017,85891
43211700,G,營運狀況,營業收入,,仟元,2017,4329730
43211700,G,營運狀況,營業成本,,仟元,2017,2754098
43211700,G,營運狀況,營業費用,,仟元,2017,1029055
43211700,G,營運狀況,淨利,,仟元,2017,427712
12971536,G,營運狀況,營業收入,,仟元,2017,681730
12971536,G,營運狀況,營業成本,,仟元,2017,449305
12971536,G,營運狀況,營業費用,,仟元,2017,142574
12971536,G,營運狀況,淨利,,仟元,2017,71034
16749811,G,營運狀況,營業收入,,仟元,2017,427561
16749811,G,營運狀況,營業成本,,仟元,2017,267276
16749811,G,營運狀況,營業費用,,仟元,2017,139237
16749811,G,營運狀況,淨利,,仟元,2017,15787
13159100,G,營運狀況,營業收入,,仟元,2017,258418
13159100,G,營運狀況,營業成本,,仟元,2017,105587
13159100,G,營運狀況,營業費用,,仟元,2017,121684
13159100,G,營運狀況,淨利,,仟元,2017,17139
16130161,G,營運狀況,營業收入,,仟元,2017,3516481
16130161,G,營運狀況,營業成本,,仟元,2017,1966324
16130161,G,營運狀況,營業費用,,仟元,2017,991195
16130161,G,營運狀況,淨利,,仟元,2017,422367
11456110,G,營運狀況,營業收入,,仟元,2017,6423760
11456110,G,營運狀況,營業成本,,仟元,2017,3344086
11456110,G,營運狀況,營業費用,,仟元,2017,2531738
11456110,G,營運狀況,淨利,,仟元,2017,65101
12715847,G,營運狀況,營業收入,,仟元,2017,552941
12715847,G,營運狀況,營業成本,,仟元,2017,231270
12715847,G,營運狀況,營業費用,,仟元,2017,294992
12715847,G,營運狀況,淨利,,仟元,2017,44983
97454724,G,營運狀況,營業收入,,仟元,2017,135655
97454724,G,營運狀況,營業成本,,仟元,2017,109839
97454724,G,營運狀況,營業費用,,仟元,2017,144623
97454724,G,營運狀況,淨利,,仟元,2017,-123291
53004906,G,營運狀況,營業收入,,仟元,2017,6622635
53004906,G,營運狀況,營業成本,,仟元,2017,3915371
53004906,G,營運狀況,營業費用,,仟元,2017,2184477
53004906,G,營運狀況,淨利,,仟元,2017,467573
22854522,G,營運狀況,營業收入,,仟元,2017,6095337
22854522,G,營運狀況,營業成本,,仟元,2017,4888446
22854522,G,營運狀況,營業費用,,仟元,2017,753736
22854522,G,營運狀況,淨利,,仟元,2017,471008
23632773,G,營運狀況,營業收入,,仟元,2017,2089277
23632773,G,營運狀況,營業成本,,仟元,2017,1182754
23632773,G,營運狀況,營業費用,,仟元,2017,754946
23632773,G,營運狀況,淨利,,仟元,2017,117683
16766281,G,營運狀況,營業收入,,仟元,2017,53996
16766281,G,營運狀況,營業成本,,仟元,2017,29783
16766281,G,營運狀況,營業費用,,仟元,2017,245565
16766281,G,營運狀況,淨利,,仟元,2017,-243916
16549813,G,營運狀況,營業收入,,仟元,2017,691193
16549813,G,營運狀況,營業成本,,仟元,2017,604637
16549813,G,營運狀況,營業費用,,仟元,2017,75834
16549813,G,營運狀況,淨利,,仟元,2017,-51517
47299918,G,營運狀況,營業收入,,仟元,2017,187887
47299918,G,營運狀況,營業成本,,仟元,2017,105266
47299918,G,營運狀況,營業費用,,仟元,2017,173044
47299918,G,營運狀況,淨利,,仟元,2017,-81339
80280616,G,營運狀況,營業收入,,仟元,2017,104002
80280616,G,營運狀況,營業成本,,仟元,2017,46622
80280616,G,營運狀況,營業費用,,仟元,2017,370103
80280616,G,營運狀況,淨利,,仟元,2017,-326894
12974421,G,營運狀況,營業收入,,仟元,2017,475073
12974421,G,營運狀況,營業成本,,仟元,2017,246205
12974421,G,營運狀況,營業費用,,仟元,2017,165704
12974421,G,營運狀況,淨利,,仟元,2017,58966
43172002,G,營運狀況,營業收入,,仟元,2017,1327455
43172002,G,營運狀況,營業成本,,仟元,2017,891055
43172002,G,營運狀況,營業費用,,仟元,2017,298695
43172002,G,營運狀況,淨利,,仟元,2017,40044
38488868,G,營運狀況,營業收入,,仟元,2017,3290702
38488868,G,營運狀況,營業成本,,仟元,2017,624076
38488868,G,營運狀況,營業費用,,仟元,2017,1863315
38488868,G,營運狀況,淨利,,仟元,2017,582962
33259508,G,營運狀況,營業收入,,仟元,2017,562743
33259508,G,營運狀況,營業成本,,仟元,2017,823983
33259508,G,營運狀況,營業費用,,仟元,2017,443981
33259508,G,營運狀況,淨利,,仟元,2017,-776971
42527358,G,營運狀況,營業收入,,仟元,2017,2263652
42527358,G,營運狀況,營業成本,,仟元,2017,1512131
42527358,G,營運狀況,營業費用,,仟元,2017,344800
42527358,G,營運狀況,淨利,,仟元,2017,396423
86723722,G,營運狀況,營業收入,,仟元,2017,820541
86723722,G,營運狀況,營業成本,,仟元,2017,788064
86723722,G,營運狀況,營業費用,,仟元,2017,258103
86723722,G,營運狀況,淨利,,仟元,2017,-234646
70527203,G,營運狀況,營業收入,,仟元,2017,1056105
70527203,G,營運狀況,營業成本,,仟元,2017,808347
70527203,G,營運狀況,營業費用,,仟元,2017,306994
70527203,G,營運狀況,淨利,,仟元,2017,-103693
27453928,G,營運狀況,營業收入,,仟元,2017,1233076
27453928,G,營運狀況,營業成本,,仟元,2017,945023
27453928,G,營運狀況,營業費用,,仟元,2017,150737
27453928,G,營運狀況,淨利,,仟元,2017,126809
24483414,G,營運狀況,營業收入,,仟元,2017,2117116
24483414,G,營運狀況,營業成本,,仟元,2017,1428463
24483414,G,營運狀況,營業費用,,仟元,2017,335778
24483414,G,營運狀況,淨利,,仟元,2017,-89286
16307131,G,營運狀況,營業收入,,仟元,2017,540522
16307131,G,營運狀況,營業成本,,仟元,2017,302360
16307131,G,營運狀況,營業費用,,仟元,2017,208727
16307131,G,營運狀況,淨利,,仟元,2017,18929
27545820,G,營運狀況,營業收入,,仟元,2017,144438
27545820,G,營運狀況,營業成本,,仟元,2017,29881
27545820,G,營運狀況,營業費用,,仟元,2017,168858
27545820,G,營運狀況,淨利,,仟元,2017,-63266
47423851,G,營運狀況,營業收入,,仟元,2017,2313520
47423851,G,營運狀況,營業成本,,仟元,2017,668517
47423851,G,營運狀況,營業費用,,仟元,2017,1426537
47423851,G,營運狀況,淨利,,仟元,2017,182402
28853599,G,營運狀況,營業收入,,仟元,2017,56209
28853599,G,營運狀況,營業成本,,仟元,2017,51136
28853599,G,營運狀況,營業費用,,仟元,2017,387600
28853599,G,營運狀況,淨利,,仟元,2017,-400192
12681706,G,營運狀況,營業收入,,仟元,2017,138644
12681706,G,營運狀況,營業成本,,仟元,2017,63093
12681706,G,營運狀況,營業費用,,仟元,2017,261272
12681706,G,營運狀況,淨利,,仟元,2017,-181216
12953452,G,營運狀況,營業收入,,仟元,2017,439529
12953452,G,營運狀況,營業成本,,仟元,2017,299955
12953452,G,營運狀況,營業費用,,仟元,2017,180412
12953452,G,營運狀況,淨利,,仟元,2017,-39587
28031449,G,營運狀況,營業收入,,仟元,2017,157614
28031449,G,營運狀況,營業成本,,仟元,2017,118289
28031449,G,營運狀況,營業費用,,仟元,2017,63283
28031449,G,營運狀況,淨利,,仟元,2017,-30656
80310225,G,營運狀況,營業收入,,仟元,2017,1820267
80310225,G,營運狀況,營業成本,,仟元,2017,1024494
80310225,G,營運狀況,營業費用,,仟元,2017,547356
80310225,G,營運狀況,淨利,,仟元,2017,149608
96922622,G,營運狀況,營業收入,,仟元,2017,2539353
96922622,G,營運狀況,營業成本,,仟元,2017,1533531
96922622,G,營運狀況,營業費用,,仟元,2017,627625
96922622,G,營運狀況,淨利,,仟元,2017,235205
41181265,G,營運狀況,營業收入,,仟元,2017,106562
41181265,G,營運狀況,營業成本,,仟元,2017,215163
41181265,G,營運狀況,營業費用,,仟元,2017,39191
41181265,G,營運狀況,淨利,,仟元,2017,-158815
54395965,G,營運狀況,營業收入,,仟元,2017,4304619
54395965,G,營運狀況,營業成本,,仟元,2017,2605356
54395965,G,營運狀況,營業費用,,仟元,2017,632034
54395965,G,營運狀況,淨利,,仟元,2017,936622
24405425,G,營運狀況,營業收入,,仟元,2017,10374
24405425,G,營運狀況,營業成本,,仟元,2017,14885
24405425,G,營運狀況,營業費用,,仟元,2017,26322
24405425,G,營運狀況,淨利,,仟元,2017,-6160
25021158,G,營運狀況,營業收入,,仟元,2017,2182174
25021158,G,營運狀況,營業成本,,仟元,2017,1132581
25021158,G,營運狀況,營業費用,,仟元,2017,692829
25021158,G,營運狀況,淨利,,仟元,2017,302908
25029519,G,營運狀況,營業收入,,仟元,2017,646928
25029519,G,營運狀況,營業成本,,仟元,2017,602788
25029519,G,營運狀況,營業費用,,仟元,2017,32075
25029519,G,營運狀況,淨利,,仟元,2017,638
53350764,G,營運狀況,營業收入,,仟元,2017,1408613
53350764,G,營運狀況,營業成本,,仟元,2017,674489
53350764,G,營運狀況,營業費用,,仟元,2017,492176
53350764,G,營運狀況,淨利,,仟元,2017,192906
23243578,G,營運狀況,營業收入,,仟元,2017,533793
23243578,G,營運狀況,營業成本,,仟元,2017,417603
23243578,G,營運狀況,營業費用,,仟元,2017,87158
23243578,G,營運狀況,淨利,,仟元,2017,21305
24792045,G,營運狀況,營業費用,,仟元,2017,843737
24792045,G,營運狀況,淨利,,仟元,2017,-898453
24626617,G,營運狀況,營業收入,,仟元,2017,332837
24626617,G,營運狀況,營業成本,,仟元,2017,285639
24626617,G,營運狀況,營業費用,,仟元,2017,227095
24626617,G,營運狀況,淨利,,仟元,2017,-167548
53226196,G,營運狀況,營業收入,,仟元,2017,241148
53226196,G,營運狀況,營業成本,,仟元,2017,100821
53226196,G,營運狀況,營業費用,,仟元,2017,135667
53226196,G,營運狀況,淨利,,仟元,2017,4023
42486336,G,營運狀況,營業收入,,仟元,2017,1053
42486336,G,營運狀況,營業費用,,仟元,2017,139109
42486336,G,營運狀況,淨利,,仟元,2017,-125676
24546157,G,營運狀況,營業收入,,仟元,2017,538009
24546157,G,營運狀況,營業成本,,仟元,2017,16410
24546157,G,營運狀況,營業費用,,仟元,2017,232241
24546157,G,營運狀況,淨利,,仟元,2017,293198
86700973,G,營運狀況,營業收入,,仟元,2017,422564
86700973,G,營運狀況,營業成本,,仟元,2017,291022
86700973,G,營運狀況,營業費用,,仟元,2017,79293
86700973,G,營運狀況,淨利,,仟元,2017,40238
81002274,G,營運狀況,營業收入,,仟元,2017,866418
81002274,G,營運狀況,營業成本,,仟元,2017,555226
81002274,G,營運狀況,營業費用,,仟元,2017,410819
81002274,G,營運狀況,淨利,,仟元,2017,-29410
70507157,G,營運狀況,營業收入,,仟元,2017,323526
70507157,G,營運狀況,營業成本,,仟元,2017,216445
70507157,G,營運狀況,營業費用,,仟元,2017,76482
70507157,G,營運狀況,淨利,,仟元,2017,498
24291669,G,營運狀況,營業收入,,仟元,2017,1107216
24291669,G,營運狀況,營業成本,,仟元,2017,583675
24291669,G,營運狀況,營業費用,,仟元,2017,218042
24291669,G,營運狀況,淨利,,仟元,2017,232855
82230260,G,營運狀況,營業收入,,仟元,2017,868559
82230260,G,營運狀況,營業成本,,仟元,2017,344279
82230260,G,營運狀況,營業費用,,仟元,2017,209107
82230260,G,營運狀況,淨利,,仟元,2017,240015
80207616,G,營運狀況,營業收入,,仟元,2017,704763
80207616,G,營運狀況,營業成本,,仟元,2017,451803
80207616,G,營運狀況,營業費用,,仟元,2017,275037
80207616,G,營運狀況,淨利,,仟元,2017,-39432
23751545,G,營運狀況,營業收入,,仟元,2016,4724842
23751545,G,營運狀況,營業成本,,仟元,2016,3324905
23751545,G,營運狀況,營業費用,,仟元,2016,990191
23751545,G,營運狀況,淨利,,仟元,2016,301435
03088802,G,營運狀況,營業收入,,仟元,2016,5781413
03088802,G,營運狀況,營業成本,,仟元,2016,4092405
03088802,G,營運狀況,營業費用,,仟元,2016,1402573
03088802,G,營運狀況,淨利,,仟元,2016,315894
11880517,G,營運狀況,營業收入,,仟元,2016,9185021
11880517,G,營運狀況,營業成本,,仟元,2016,1265989
11880517,G,營運狀況,營業費用,,仟元,2016,5685010
11880517,G,營運狀況,淨利,,仟元,2016,1886920
56065601,G,營運狀況,營業收入,,仟元,2016,4619178
56065601,G,營運狀況,營業成本,,仟元,2016,2446972
56065601,G,營運狀況,營業費用,,仟元,2016,1388624
56065601,G,營運狀況,淨利,,仟元,2016,901379
71122503,G,營運狀況,營業收入,,仟元,2016,3673801
71122503,G,營運狀況,營業成本,,仟元,2016,2097542
71122503,G,營運狀況,營業費用,,仟元,2016,1158123
71122503,G,營運狀況,淨利,,仟元,2016,371808
14089976,G,營運狀況,營業收入,,仟元,2016,1443068
14089976,G,營運狀況,營業成本,,仟元,2016,822892
14089976,G,營運狀況,營業費用,,仟元,2016,492662
14089976,G,營運狀況,淨利,,仟元,2016,90733
16130182,G,營運狀況,營業收入,,仟元,2016,1763284
16130182,G,營運狀況,營業成本,,仟元,2016,1286441
16130182,G,營運狀況,營業費用,,仟元,2016,230954
16130182,G,營運狀況,淨利,,仟元,2016,2956
42042734,G,營運狀況,營業收入,,仟元,2016,2133511
42042734,G,營運狀況,營業成本,,仟元,2016,1343598
42042734,G,營運狀況,營業費用,,仟元,2016,932071
42042734,G,營運狀況,淨利,,仟元,2016,-64173
52347361,G,營運狀況,營業收入,,仟元,2016,20164515
52347361,G,營運狀況,營業成本,,仟元,2016,10828889
52347361,G,營運狀況,營業費用,,仟元,2016,8719018
52347361,G,營運狀況,淨利,,仟元,2016,716419
04742997,G,營運狀況,營業收入,,仟元,2016,1049246
04742997,G,營運狀況,營業成本,,仟元,2016,460765
04742997,G,營運狀況,營業費用,,仟元,2016,462035
04742997,G,營運狀況,淨利,,仟元,2016,89720
03088704,G,營運狀況,營業收入,,仟元,2016,1198670
03088704,G,營運狀況,營業成本,,仟元,2016,784208
03088704,G,營運狀況,營業費用,,仟元,2016,316332
03088704,G,營運狀況,淨利,,仟元,2016,60183
43211700,G,營運狀況,營業收入,,仟元,2016,4285031
43211700,G,營運狀況,營業成本,,仟元,2016,2718039
43211700,G,營運狀況,營業費用,,仟元,2016,1073379
43211700,G,營運狀況,淨利,,仟元,2016,424104
16749811,G,營運狀況,營業收入,,仟元,2016,336388
16749811,G,營運狀況,營業成本,,仟元,2016,201471
16749811,G,營運狀況,營業費用,,仟元,2016,146229
16749811,G,營運狀況,淨利,,仟元,2016,-12247
13159100,G,營運狀況,營業收入,,仟元,2016,228304
13159100,G,營運狀況,營業成本,,仟元,2016,101149
13159100,G,營運狀況,營業費用,,仟元,2016,99344
13159100,G,營運狀況,淨利,,仟元,2016,-26263
16130161,G,營運狀況,營業收入,,仟元,2016,4030921
16130161,G,營運狀況,營業成本,,仟元,2016,2224960
16130161,G,營運狀況,營業費用,,仟元,2016,937685
16130161,G,營運狀況,淨利,,仟元,2016,658693
11456110,G,營運狀況,營業收入,,仟元,2016,5902566
11456110,G,營運狀況,營業成本,,仟元,2016,2574537
11456110,G,營運狀況,營業費用,,仟元,2016,3083646
11456110,G,營運狀況,淨利,,仟元,2016,-92545
12715847,G,營運狀況,營業收入,,仟元,2016,540780
12715847,G,營運狀況,營業成本,,仟元,2016,230696
12715847,G,營運狀況,營業費用,,仟元,2016,328192
12715847,G,營運狀況,淨利,,仟元,2016,-235938
97454724,G,營運狀況,營業收入,,仟元,2016,110540
97454724,G,營運狀況,營業成本,,仟元,2016,112813
97454724,G,營運狀況,營業費用,,仟元,2016,136631
97454724,G,營運狀況,淨利,,仟元,2016,-165957
53004906,G,營運狀況,營業收入,,仟元,2016,6190862
53004906,G,營運狀況,營業成本,,仟元,2016,3609663
53004906,G,營運狀況,營業費用,,仟元,2016,2053557
53004906,G,營運狀況,淨利,,仟元,2016,609121
22854522,G,營運狀況,營業收入,,仟元,2016,6205758
22854522,G,營運狀況,營業成本,,仟元,2016,5008037
22854522,G,營運狀況,營業費用,,仟元,2016,817224
22854522,G,營運狀況,淨利,,仟元,2016,477302
23632773,G,營運狀況,營業收入,,仟元,2016,1990275
23632773,G,營運狀況,營業成本,,仟元,2016,1112094
23632773,G,營運狀況,營業費用,,仟元,2016,718882
23632773,G,營運狀況,淨利,,仟元,2016,122687
16766281,G,營運狀況,營業收入,,仟元,2016,25021
16766281,G,營運狀況,營業成本,,仟元,2016,12531
16766281,G,營運狀況,營業費用,,仟元,2016,251720
16766281,G,營運狀況,淨利,,仟元,2016,-229090
16549813,G,營運狀況,營業收入,,仟元,2016,671619
16549813,G,營運狀況,營業成本,,仟元,2016,537831
16549813,G,營運狀況,營業費用,,仟元,2016,77927
16549813,G,營運狀況,淨利,,仟元,2016,43809
47299918,G,營運狀況,營業收入,,仟元,2016,184547
47299918,G,營運狀況,營業成本,,仟元,2016,129790
47299918,G,營運狀況,營業費用,,仟元,2016,146049
47299918,G,營運狀況,淨利,,仟元,2016,-86217
80280616,G,營運狀況,營業收入,,仟元,2016,139290
80280616,G,營運狀況,營業成本,,仟元,2016,53740
80280616,G,營運狀況,營業費用,,仟元,2016,311889
80280616,G,營運狀況,淨利,,仟元,2016,-243563
12974421,G,營運狀況,營業收入,,仟元,2016,439826
12974421,G,營運狀況,營業成本,,仟元,2016,233170
12974421,G,營運狀況,營業費用,,仟元,2016,158136
12974421,G,營運狀況,淨利,,仟元,2016,53539
43172002,G,營運狀況,營業收入,,仟元,2016,1178923
43172002,G,營運狀況,營業成本,,仟元,2016,815531
43172002,G,營運狀況,營業費用,,仟元,2016,267355
43172002,G,營運狀況,淨利,,仟元,2016,17969
38488868,G,營運狀況,營業收入,,仟元,2016,3360584
38488868,G,營運狀況,營業成本,,仟元,2016,662280
38488868,G,營運狀況,營業費用,,仟元,2016,1694657
38488868,G,營運狀況,淨利,,仟元,2016,730790
33259508,G,營運狀況,營業收入,,仟元,2016,606725
33259508,G,營運狀況,營業成本,,仟元,2016,795369
33259508,G,營運狀況,營業費用,,仟元,2016,403227
33259508,G,營運狀況,淨利,,仟元,2016,-627563
42527358,G,營運狀況,營業收入,,仟元,2016,2065543
42527358,G,營運狀況,營業成本,,仟元,2016,1410123
42527358,G,營運狀況,營業費用,,仟元,2016,330822
42527358,G,營運狀況,淨利,,仟元,2016,292264
86723722,G,營運狀況,營業收入,,仟元,2016,568106
86723722,G,營運狀況,營業成本,,仟元,2016,551818
86723722,G,營運狀況,營業費用,,仟元,2016,264436
86723722,G,營運狀況,淨利,,仟元,2016,-268548
70527203,G,營運狀況,營業收入,,仟元,2016,1030999
70527203,G,營運狀況,營業成本,,仟元,2016,755080
70527203,G,營運狀況,營業費用,,仟元,2016,333005
70527203,G,營運狀況,淨利,,仟元,2016,-129672
27453928,G,營運狀況,營業收入,,仟元,2016,1040462
27453928,G,營運狀況,營業成本,,仟元,2016,829889
27453928,G,營運狀況,營業費用,,仟元,2016,108502
27453928,G,營運狀況,淨利,,仟元,2016,85201
24483414,G,營運狀況,營業收入,,仟元,2016,2205206
24483414,G,營運狀況,營業成本,,仟元,2016,1585595
24483414,G,營運狀況,營業費用,,仟元,2016,311456
24483414,G,營運狀況,淨利,,仟元,2016,160604
27545820,G,營運狀況,營業收入,,仟元,2016,34922
27545820,G,營運狀況,營業成本,,仟元,2016,18489
27545820,G,營運狀況,營業費用,,仟元,2016,85292
27545820,G,營運狀況,淨利,,仟元,2016,-79745
47423851,G,營運狀況,營業收入,,仟元,2016,1834929
47423851,G,營運狀況,營業成本,,仟元,2016,579799
47423851,G,營運狀況,營業費用,,仟元,2016,926610
47423851,G,營運狀況,淨利,,仟元,2016,272230
28853599,G,營運狀況,營業收入,,仟元,2016,3798
28853599,G,營運狀況,營業成本,,仟元,2016,49200
28853599,G,營運狀況,營業費用,,仟元,2016,387933
28853599,G,營運狀況,淨利,,仟元,2016,-491231
12953452,G,營運狀況,營業收入,,仟元,2016,375767
12953452,G,營運狀況,營業成本,,仟元,2016,266060
12953452,G,營運狀況,營業費用,,仟元,2016,158009
12953452,G,營運狀況,淨利,,仟元,2016,-46154
80310225,G,營運狀況,營業收入,,仟元,2016,1740309
80310225,G,營運狀況,營業成本,,仟元,2016,969822
80310225,G,營運狀況,營業費用,,仟元,2016,512085
80310225,G,營運狀況,淨利,,仟元,2016,178790
96922622,G,營運狀況,營業收入,,仟元,2016,3189380
96922622,G,營運狀況,營業成本,,仟元,2016,1931940
96922622,G,營運狀況,營業費用,,仟元,2016,594018
96922622,G,營運狀況,淨利,,仟元,2016,483441
41181265,G,營運狀況,營業收入,,仟元,2016,210702
41181265,G,營運狀況,營業成本,,仟元,2016,460530
41181265,G,營運狀況,營業費用,,仟元,2016,61987
41181265,G,營運狀況,淨利,,仟元,2016,-271369
54395965,G,營運狀況,營業收入,,仟元,2016,4334466
54395965,G,營運狀況,營業成本,,仟元,2016,2593346
54395965,G,營運狀況,營業費用,,仟元,2016,634587
54395965,G,營運狀況,淨利,,仟元,2016,905225
25021158,G,營運狀況,營業收入,,仟元,2016,1659336
25021158,G,營運狀況,營業成本,,仟元,2016,819169
25021158,G,營運狀況,營業費用,,仟元,2016,603304
25021158,G,營運狀況,淨利,,仟元,2016,186891
25029519,G,營運狀況,營業收入,,仟元,2016,606523
25029519,G,營運狀況,營業成本,,仟元,2016,544813
25029519,G,營運狀況,營業費用,,仟元,2016,39554
25029519,G,營運狀況,淨利,,仟元,2016,10917
53350764,G,營運狀況,營業收入,,仟元,2016,1002960
53350764,G,營運狀況,營業成本,,仟元,2016,527969
53350764,G,營運狀況,營業費用,,仟元,2016,247001
53350764,G,營運狀況,淨利,,仟元,2016,193651
23243578,G,營運狀況,營業收入,,仟元,2016,468101
23243578,G,營運狀況,營業成本,,仟元,2016,373349
23243578,G,營運狀況,營業費用,,仟元,2016,87154
23243578,G,營運狀況,淨利,,仟元,2016,217
53226196,G,營運狀況,營業收入,,仟元,2016,96260
53226196,G,營運狀況,營業成本,,仟元,2016,34787
53226196,G,營運狀況,營業費用,,仟元,2016,113290
53226196,G,營運狀況,淨利,,仟元,2016,-44062
54179072,G,營運狀況,營業費用,,仟元,2016,162130
54179072,G,營運狀況,淨利,,仟元,2016,-162689
82230260,G,營運狀況,營業收入,,仟元,2016,434653
82230260,G,營運狀況,營業成本,,仟元,2016,209709
82230260,G,營運狀況,營業費用,,仟元,2016,120438
82230260,G,營運狀況,淨利,,仟元,2016,84665
03088704,X,相關金融商品,富邦臺灣公司治理100基金,,,2020,T
03088704,X,相關金融商品,富邦臺灣公司治理100基金,,,2019,T
03088704,X,相關金融商品,富邦臺灣公司治理100基金,,,2018,T
22662545,X,相關金融商品,富邦臺灣公司治理100基金,,,2020,T
24483414,X,相關金融商品,富邦臺灣公司治理100基金,,,2020,T
22662545,X,相關金融商品,富邦臺灣公司治理100基金,,,2019,T
22662545,X,相關金融商品,富邦臺灣公司治理100基金,,,2018,T
24483414,X,相關金融商品,富邦臺灣公司治理100基金,,,2019,T
24483414,X,相關金融商品,富邦臺灣公司治理100基金,,,2018,T
