統編,分類,子分類,項目,來自公司報告,單位,年份,數值
16197211,E,溫室氣體排放,範疇一直接排放,,公噸CO2e,2013,11.2199999999998
16197211,E,溫室氣體排放,範疇二間接排放,,公噸CO2e,2013,3044.71
16197211,E,溫室氣體排放,直接＋間接排放,,公噸CO2e,2013,3055.93
23528103,E,溫室氣體排放,範疇一直接排放,,公噸CO2e,2013,533.1599999999999
23528103,E,溫室氣體排放,範疇二間接排放,,公噸CO2e,2013,12757.26
23528103,E,溫室氣體排放,直接＋間接排放,,公噸CO2e,2013,13290.42
16197211,E,溫室氣體排放,範疇一直接排放,,公噸CO2e,2014,13.389999999999873
16197211,E,溫室氣體排放,範疇二間接排放,,公噸CO2e,2014,3197.06
16197211,E,溫室氣體排放,直接＋間接排放,,公噸CO2e,2014,3210.45
16834268,E,溫室氣體排放,範疇一直接排放,,公噸CO2e,2014,88114.22
16834268,E,溫室氣體排放,範疇二間接排放,,公噸CO2e,2014,108020.18
16834268,E,溫室氣體排放,直接＋間接排放,,公噸CO2e,2014,196134.4
23528103,E,溫室氣體排放,範疇一直接排放,,公噸CO2e,2014,539.9599999999991
23528103,E,溫室氣體排放,範疇二間接排放,,公噸CO2e,2014,11991.54
23528103,E,溫室氣體排放,直接＋間接排放,,公噸CO2e,2014,12531.5
16197211,E,溫室氣體排放,範疇一直接排放,,公噸CO2e,2015,12.539999999999964
16197211,E,溫室氣體排放,範疇二間接排放,,公噸CO2e,2015,3140.76
16197211,E,溫室氣體排放,直接＋間接排放,,公噸CO2e,2015,3153.3
16834268,E,溫室氣體排放,範疇一直接排放,,公噸CO2e,2015,92847.98000000001
16834268,E,溫室氣體排放,範疇二間接排放,,公噸CO2e,2015,113538.70999999999
16834268,E,溫室氣體排放,直接＋間接排放,,公噸CO2e,2015,206386.69
23528103,E,溫室氣體排放,範疇一直接排放,,公噸CO2e,2015,535.0699999999997
23528103,E,溫室氣體排放,範疇二間接排放,,公噸CO2e,2015,12109.79
23528103,E,溫室氣體排放,直接＋間接排放,,公噸CO2e,2015,12644.86
16834268,E,溫室氣體排放,範疇一直接排放,,公噸CO2e,2016,95769.26000000001
16834268,E,溫室氣體排放,範疇二間接排放,,公噸CO2e,2016,113087.48999999999
16834268,E,溫室氣體排放,直接＋間接排放,,公噸CO2e,2016,208856.75
23528103,E,溫室氣體排放,範疇一直接排放,,公噸CO2e,2016,784.1599999999999
23528103,E,溫室氣體排放,範疇二間接排放,,公噸CO2e,2016,12472.34
23528103,E,溫室氣體排放,直接＋間接排放,,公噸CO2e,2016,13256.5
16834268,E,溫室氣體排放,範疇一直接排放,,公噸CO2e,2017,92576.15
16834268,E,溫室氣體排放,範疇二間接排放,,公噸CO2e,2017,115200.82
16834268,E,溫室氣體排放,直接＋間接排放,,公噸CO2e,2017,207776.97
22099343,E,溫室氣體排放,範疇一直接排放,,公噸CO2e,2017,727.25
22099343,E,溫室氣體排放,範疇二間接排放,,公噸CO2e,2017,3167.38
22099343,E,溫室氣體排放,直接＋間接排放,,公噸CO2e,2017,3894.63
23528103,E,溫室氣體排放,範疇一直接排放,,公噸CO2e,2017,795.210000000001
23528103,E,溫室氣體排放,範疇二間接排放,,公噸CO2e,2017,13014.57
23528103,E,溫室氣體排放,直接＋間接排放,,公噸CO2e,2017,13809.78
16834268,E,溫室氣體排放,範疇一直接排放,,公噸CO2e,2018,99248.29
16834268,E,溫室氣體排放,範疇二間接排放,,公噸CO2e,2018,117039.49
16834268,E,溫室氣體排放,直接＋間接排放,,公噸CO2e,2018,216287.78
22099343,E,溫室氣體排放,範疇一直接排放,,公噸CO2e,2018,931.9699999999998
22099343,E,溫室氣體排放,範疇二間接排放,,公噸CO2e,2018,3076.48
22099343,E,溫室氣體排放,直接＋間接排放,,公噸CO2e,2018,4008.45
23528103,E,溫室氣體排放,範疇一直接排放,,公噸CO2e,2018,809.1400000000012
23528103,E,溫室氣體排放,範疇二間接排放,,公噸CO2e,2018,12057.31
23528103,E,溫室氣體排放,直接＋間接排放,,公噸CO2e,2018,12866.45
16834268,E,溫室氣體排放,範疇一直接排放,,公噸CO2e,2019,95811.73999999999
16834268,E,溫室氣體排放,範疇二間接排放,,公噸CO2e,2019,107574.6
16834268,E,溫室氣體排放,直接＋間接排放,,公噸CO2e,2019,203386.34
22099343,E,溫室氣體排放,範疇一直接排放,,公噸CO2e,2019,401.52
22099343,E,溫室氣體排放,範疇二間接排放,,公噸CO2e,2019,3825.64
22099343,E,溫室氣體排放,直接＋間接排放,,公噸CO2e,2019,4227.16
23528103,E,溫室氣體排放,範疇一直接排放,,公噸CO2e,2019,537.7600000000002
23528103,E,溫室氣體排放,範疇二間接排放,,公噸CO2e,2019,10623.24
23528103,E,溫室氣體排放,直接＋間接排放,,公噸CO2e,2019,11161
16834268,E,溫室氣體排放,範疇一直接排放,,公噸CO2e,2020,68000.26
16834268,E,溫室氣體排放,範疇二間接排放,,公噸CO2e,2020,89433.39
16834268,E,溫室氣體排放,直接＋間接排放,,公噸CO2e,2020,157433.65
22099343,E,溫室氣體排放,範疇一直接排放,,公噸CO2e,2020,205.9900000000007
22099343,E,溫室氣體排放,範疇二間接排放,,公噸CO2e,2020,4211.78
22099343,E,溫室氣體排放,直接＋間接排放,,公噸CO2e,2020,4417.77
23528103,E,溫室氣體排放,範疇一直接排放,,公噸CO2e,2020,560.460000000001
23528103,E,溫室氣體排放,範疇二間接排放,,公噸CO2e,2020,11099.82
23528103,E,溫室氣體排放,直接＋間接排放,,公噸CO2e,2020,11660.28
16834268,E,溫室氣體排放,範疇一直接排放,,公噸CO2e,2021,74690.98
16834268,E,溫室氣體排放,範疇二間接排放,,公噸CO2e,2021,100773.63
16834268,E,溫室氣體排放,直接＋間接排放,,公噸CO2e,2021,175464.61
22099343,E,溫室氣體排放,範疇一直接排放,,公噸CO2e,2021,412.1299999999992
22099343,E,溫室氣體排放,範疇二間接排放,,公噸CO2e,2021,4103.35
22099343,E,溫室氣體排放,直接＋間接排放,,公噸CO2e,2021,4515.48
23528103,E,溫室氣體排放,範疇一直接排放,,公噸CO2e,2021,256.6900000000005
23528103,E,溫室氣體排放,範疇二間接排放,,公噸CO2e,2021,9637
23528103,E,溫室氣體排放,直接＋間接排放,,公噸CO2e,2021,9893.69
05637971,E,溫室氣體排放,溫室氣體減量目標說明,,,2021,NA
05637971,E,溫室氣體排放,溫室氣體減量承諾,,,2021,未填報
34230543,E,溫室氣體排放,溫室氣體減量目標說明,,,2021,NA
34230543,E,溫室氣體排放,溫室氣體減量承諾,,,2021,未填報
23588039,E,溫室氣體排放,溫室氣體減量目標說明,,,2021,NA
23588039,E,溫室氣體排放,溫室氣體減量承諾,,,2021,未填報
52878846,E,溫室氣體排放,溫室氣體減量目標說明,,,2021,NA
52878846,E,溫室氣體排放,溫室氣體減量承諾,,,2021,未填報
20970807,E,溫室氣體排放,溫室氣體減量目標說明,,,2021,NA
20970807,E,溫室氣體排放,溫室氣體減量承諾,,,2021,未填報
83639504,E,溫室氣體排放,溫室氣體減量目標說明,,,2021,NA
83639504,E,溫室氣體排放,溫室氣體減量承諾,,,2021,未填報
84433564,E,溫室氣體排放,溫室氣體減量目標說明,,,2021,NA
84433564,E,溫室氣體排放,溫室氣體減量承諾,,,2021,未填報
04877657,E,溫室氣體排放,溫室氣體減量目標說明,,,2021,NA
04877657,E,溫室氣體排放,溫室氣體減量承諾,,,2021,未填報
52358985,E,溫室氣體排放,溫室氣體減量目標說明,,,2021,NA
52358985,E,溫室氣體排放,溫室氣體減量承諾,,,2021,未填報
52753108,E,溫室氣體排放,溫室氣體減量目標說明,,,2021,NA
52753108,E,溫室氣體排放,溫室氣體減量承諾,,,2021,未填報
22771229,E,溫室氣體排放,溫室氣體減量目標說明,,,2021,NA
22771229,E,溫室氣體排放,溫室氣體減量承諾,,,2021,未填報
20950226,E,溫室氣體排放,溫室氣體減量目標說明,,,2021,NA
20950226,E,溫室氣體排放,溫室氣體減量承諾,,,2021,未填報
84239055,E,溫室氣體排放,溫室氣體減量目標說明,,,2021,NA
84239055,E,溫室氣體排放,溫室氣體減量承諾,,,2021,未填報
84274833,E,溫室氣體排放,溫室氣體減量目標說明,,,2021,NA
84274833,E,溫室氣體排放,溫室氣體減量承諾,,,2021,未填報
23542766,E,溫室氣體排放,溫室氣體減量目標說明,,,2021,NA
23542766,E,溫室氣體排放,溫室氣體減量承諾,,,2021,未填報
69577160,E,溫室氣體排放,溫室氣體減量目標說明,,,2021,NA
69577160,E,溫室氣體排放,溫室氣體減量承諾,,,2021,未填報
21204867,E,溫室氣體排放,溫室氣體減量目標說明,,,2021,NA
21204867,E,溫室氣體排放,溫室氣體減量承諾,,,2021,未填報
38019280,E,溫室氣體排放,溫室氣體減量目標說明,,,2021,NA
38019280,E,溫室氣體排放,溫室氣體減量承諾,,,2021,未填報
84116878,E,溫室氣體排放,溫室氣體減量目標說明,,,2021,NA
84116878,E,溫室氣體排放,溫室氣體減量承諾,,,2021,未填報
23983947,E,溫室氣體排放,溫室氣體減量目標說明,,,2021,NA
23983947,E,溫室氣體排放,溫室氣體減量承諾,,,2021,未填報
89858152,E,溫室氣體排放,溫室氣體減量目標說明,,,2021,NA
89858152,E,溫室氣體排放,溫室氣體減量承諾,,,2021,未填報
80272361,E,溫室氣體排放,溫室氣體減量目標說明,,,2021,NA
80272361,E,溫室氣體排放,溫室氣體減量承諾,,,2021,未填報
22244141,E,溫室氣體排放,溫室氣體減量目標說明,,,2021,NA
22244141,E,溫室氣體排放,溫室氣體減量承諾,,,2021,未填報
22488639,E,溫室氣體排放,溫室氣體減量目標說明,,,2021,NA
22488639,E,溫室氣體排放,溫室氣體減量承諾,,,2021,未填報
80617029,E,溫室氣體排放,溫室氣體減量目標說明,,,2021,NA
80617029,E,溫室氣體排放,溫室氣體減量承諾,,,2021,未填報
23414349,E,溫室氣體排放,溫室氣體減量目標說明,,,2021,NA
23414349,E,溫室氣體排放,溫室氣體減量承諾,,,2021,未填報
70776899,E,溫室氣體排放,溫室氣體減量目標說明,,,2021,NA
70776899,E,溫室氣體排放,溫室氣體減量承諾,,,2021,未填報
26595630,E,溫室氣體排放,溫室氣體減量目標說明,,,2021,NA
26595630,E,溫室氣體排放,溫室氣體減量承諾,,,2021,未填報
26320984,E,溫室氣體排放,溫室氣體減量目標說明,,,2021,NA
26320984,E,溫室氣體排放,溫室氣體減量承諾,,,2021,未填報
97173920,E,溫室氣體排放,溫室氣體減量目標說明,,,2021,NA
97173920,E,溫室氣體排放,溫室氣體減量承諾,,,2021,未填報
13012009,E,溫室氣體排放,溫室氣體減量目標說明,,,2021,NA
13012009,E,溫室氣體排放,溫室氣體減量承諾,,,2021,未填報
23225071,E,溫室氣體排放,溫室氣體減量目標說明,,,2021,NA
23225071,E,溫室氣體排放,溫室氣體減量承諾,,,2021,未填報
22304288,E,溫室氣體排放,溫室氣體減量目標說明,,,2021,NA
22304288,E,溫室氣體排放,溫室氣體減量承諾,,,2021,未填報
04865462,E,溫室氣體排放,溫室氣體減量目標說明,,,2021,NA
04865462,E,溫室氣體排放,溫室氣體減量承諾,,,2021,未填報
23750095,E,溫室氣體排放,溫室氣體減量目標說明,,,2021,NA
23750095,E,溫室氣體排放,溫室氣體減量承諾,,,2021,未填報
86701804,E,溫室氣體排放,溫室氣體減量目標說明,,,2021,NA
86701804,E,溫室氣體排放,溫室氣體減量承諾,,,2021,未填報
16347324,E,溫室氣體排放,溫室氣體減量目標說明,,,2021,NA
16347324,E,溫室氣體排放,溫室氣體減量承諾,,,2021,未填報
24284436,E,溫室氣體排放,溫室氣體減量目標說明,,,2021,NA
24284436,E,溫室氣體排放,溫室氣體減量承諾,,,2021,未填報
28064644,E,溫室氣體排放,溫室氣體減量目標說明,,,2021,NA
28064644,E,溫室氣體排放,溫室氣體減量承諾,,,2021,未填報
87546197,E,溫室氣體排放,溫室氣體減量目標說明,,,2021,NA
87546197,E,溫室氣體排放,溫室氣體減量承諾,,,2021,未填報
23632274,E,溫室氣體排放,溫室氣體減量目標說明,,,2021,NA
23632274,E,溫室氣體排放,溫室氣體減量承諾,,,2021,未填報
70801378,E,溫室氣體排放,溫室氣體減量目標說明,,,2021,NA
70801378,E,溫室氣體排放,溫室氣體減量承諾,,,2021,未填報
16596646,E,溫室氣體排放,溫室氣體減量目標說明,,,2021,NA
16596646,E,溫室氣體排放,溫室氣體減量承諾,,,2021,未填報
22589593,E,溫室氣體排放,溫室氣體減量目標說明,,,2021,NA
22589593,E,溫室氣體排放,溫室氣體減量承諾,,,2021,未填報
16860440,E,溫室氣體排放,溫室氣體減量目標說明,,,2021,NA
16860440,E,溫室氣體排放,溫室氣體減量承諾,,,2021,未填報
84573516,E,溫室氣體排放,溫室氣體減量目標說明,,,2021,NA
84573516,E,溫室氣體排放,溫室氣體減量承諾,,,2021,未填報
84167600,E,溫室氣體排放,溫室氣體減量目標說明,,,2021,NA
84167600,E,溫室氣體排放,溫室氣體減量承諾,,,2021,未填報
86825235,E,溫室氣體排放,溫室氣體減量目標說明,,,2021,NA
86825235,E,溫室氣體排放,溫室氣體減量承諾,,,2021,未填報
86105242,E,溫室氣體排放,溫室氣體減量目標說明,,,2021,NA
86105242,E,溫室氣體排放,溫室氣體減量承諾,,,2021,未填報
39607700,E,溫室氣體排放,溫室氣體減量目標說明,,,2021,NA
39607700,E,溫室氣體排放,溫室氣體減量承諾,,,2021,未填報
86534980,E,溫室氣體排放,溫室氣體減量目標說明,,,2021,NA
86534980,E,溫室氣體排放,溫室氣體減量承諾,,,2021,未填報
70684527,E,溫室氣體排放,溫室氣體減量目標說明,,,2021,NA
70684527,E,溫室氣體排放,溫室氣體減量承諾,,,2021,未填報
97334073,E,溫室氣體排放,溫室氣體減量目標說明,,,2021,NA
97334073,E,溫室氣體排放,溫室氣體減量承諾,,,2021,未填報
86009297,E,溫室氣體排放,溫室氣體減量目標說明,,,2021,NA
86009297,E,溫室氣體排放,溫室氣體減量承諾,,,2021,未填報
86978512,E,溫室氣體排放,溫室氣體減量目標說明,,,2021,NA
86978512,E,溫室氣體排放,溫室氣體減量承諾,,,2021,未填報
84752200,E,溫室氣體排放,溫室氣體減量目標說明,,,2021,NA
84752200,E,溫室氣體排放,溫室氣體減量承諾,,,2021,未填報
84232790,E,溫室氣體排放,溫室氣體減量目標說明,,,2021,NA
84232790,E,溫室氣體排放,溫室氣體減量承諾,,,2021,未填報
84846066,E,溫室氣體排放,溫室氣體減量目標說明,,,2021,NA
84846066,E,溫室氣體排放,溫室氣體減量承諾,,,2021,未填報
86746561,E,溫室氣體排放,溫室氣體減量目標說明,,,2021,NA
86746561,E,溫室氣體排放,溫室氣體減量承諾,,,2021,未填報
22625795,E,溫室氣體排放,溫室氣體減量目標說明,,,2021,NA
22625795,E,溫室氣體排放,溫室氣體減量承諾,,,2021,未填報
22306125,E,溫室氣體排放,溫室氣體減量目標說明,,,2021,NA
22306125,E,溫室氣體排放,溫室氣體減量承諾,,,2021,未填報
13073151,E,溫室氣體排放,溫室氣體減量目標說明,,,2021,NA
13073151,E,溫室氣體排放,溫室氣體減量承諾,,,2021,未填報
15979384,E,溫室氣體排放,溫室氣體減量目標說明,,,2021,NA
15979384,E,溫室氣體排放,溫室氣體減量承諾,,,2021,未填報
16870474,E,溫室氣體排放,溫室氣體減量目標說明,,,2021,NA
16870474,E,溫室氣體排放,溫室氣體減量承諾,,,2021,未填報
27642463,E,溫室氣體排放,溫室氣體減量目標說明,,,2021,NA
27642463,E,溫室氣體排放,溫室氣體減量承諾,,,2021,未填報
70730016,E,溫室氣體排放,溫室氣體減量目標說明,,,2021,NA
70730016,E,溫室氣體排放,溫室氣體減量承諾,,,2021,未填報
80494173,E,溫室氣體排放,溫室氣體減量目標說明,,,2021,NA
80494173,E,溫室氣體排放,溫室氣體減量承諾,,,2021,未填報
86667046,E,溫室氣體排放,溫室氣體減量目標說明,,,2021,NA
86667046,E,溫室氣體排放,溫室氣體減量承諾,,,2021,未填報
84808400,E,溫室氣體排放,溫室氣體減量目標說明,,,2021,NA
84808400,E,溫室氣體排放,溫室氣體減量承諾,,,2021,未填報
44043132,E,溫室氣體排放,溫室氣體減量目標說明,,,2021,NA
44043132,E,溫室氣體排放,溫室氣體減量承諾,,,2021,未填報
76409479,E,溫室氣體排放,溫室氣體減量目標說明,,,2021,NA
76409479,E,溫室氣體排放,溫室氣體減量承諾,,,2021,未填報
86691377,E,溫室氣體排放,溫室氣體減量目標說明,,,2021,NA
86691377,E,溫室氣體排放,溫室氣體減量承諾,,,2021,未填報
23063420,E,溫室氣體排放,溫室氣體減量目標說明,,,2021,NA
23063420,E,溫室氣體排放,溫室氣體減量承諾,,,2021,未填報
89396770,E,溫室氣體排放,溫室氣體減量目標說明,,,2021,NA
89396770,E,溫室氣體排放,溫室氣體減量承諾,,,2021,未填報
43900488,E,溫室氣體排放,溫室氣體減量目標說明,,,2021,NA
43900488,E,溫室氣體排放,溫室氣體減量承諾,,,2021,未填報
97326828,E,溫室氣體排放,溫室氣體減量目標說明,,,2021,NA
97326828,E,溫室氣體排放,溫室氣體減量承諾,,,2021,未填報
43880075,E,溫室氣體排放,溫室氣體減量目標說明,,,2021,NA
43880075,E,溫室氣體排放,溫室氣體減量承諾,,,2021,未填報
84900878,E,溫室氣體排放,溫室氣體減量目標說明,,,2021,NA
84900878,E,溫室氣體排放,溫室氣體減量承諾,,,2021,未填報
86412635,E,溫室氣體排放,溫室氣體減量目標說明,,,2021,NA
86412635,E,溫室氣體排放,溫室氣體減量承諾,,,2021,未填報
22522622,E,溫室氣體排放,溫室氣體減量目標說明,,,2021,NA
22522622,E,溫室氣體排放,溫室氣體減量承諾,,,2021,未填報
84607396,E,溫室氣體排放,溫室氣體減量目標說明,,,2021,NA
84607396,E,溫室氣體排放,溫室氣體減量承諾,,,2021,未填報
04329168,E,溫室氣體排放,溫室氣體減量目標說明,,,2021,NA
04329168,E,溫室氣體排放,溫室氣體減量承諾,,,2021,未填報
43408984,E,溫室氣體排放,溫室氣體減量目標說明,,,2021,NA
43408984,E,溫室氣體排放,溫室氣體減量承諾,,,2021,未填報
22837088,E,溫室氣體排放,溫室氣體減量目標說明,,,2021,NA
22837088,E,溫室氣體排放,溫室氣體減量承諾,,,2021,未填報
16101031,E,溫室氣體排放,溫室氣體減量目標說明,,,2021,NA
16101031,E,溫室氣體排放,溫室氣體減量承諾,,,2021,未填報
22059031,E,溫室氣體排放,溫室氣體減量目標說明,,,2021,NA
22059031,E,溫室氣體排放,溫室氣體減量承諾,,,2021,未填報
45911735,E,溫室氣體排放,溫室氣體減量目標說明,,,2021,NA
45911735,E,溫室氣體排放,溫室氣體減量承諾,,,2021,未填報
84497335,E,溫室氣體排放,溫室氣體減量目標說明,,,2021,NA
84497335,E,溫室氣體排放,溫室氣體減量承諾,,,2021,未填報
23576977,E,溫室氣體排放,溫室氣體減量目標說明,,,2021,NA
23576977,E,溫室氣體排放,溫室氣體減量承諾,,,2021,未填報
22264722,E,溫室氣體排放,溫室氣體減量目標說明,,,2021,NA
22264722,E,溫室氣體排放,溫室氣體減量承諾,,,2021,未填報
20759430,E,溫室氣體排放,溫室氣體減量目標說明,,,2021,NA
20759430,E,溫室氣體排放,溫室氣體減量承諾,,,2021,未填報
16599215,E,溫室氣體排放,溫室氣體減量目標說明,,,2021,NA
16599215,E,溫室氣體排放,溫室氣體減量承諾,,,2021,未填報
11298247,E,溫室氣體排放,溫室氣體減量目標說明,,,2021,NA
11298247,E,溫室氣體排放,溫室氣體減量承諾,,,2021,未填報
22774892,E,溫室氣體排放,溫室氣體減量目標說明,,,2021,NA
22774892,E,溫室氣體排放,溫室氣體減量承諾,,,2021,未填報
12688172,E,溫室氣體排放,溫室氣體減量目標說明,,,2021,NA
12688172,E,溫室氣體排放,溫室氣體減量承諾,,,2021,未填報
84819223,E,溫室氣體排放,溫室氣體減量目標說明,,,2021,NA
84819223,E,溫室氣體排放,溫室氣體減量承諾,,,2021,未填報
04393941,E,溫室氣體排放,溫室氣體減量目標說明,,,2021,NA
04393941,E,溫室氣體排放,溫室氣體減量承諾,,,2021,未填報
34051920,E,溫室氣體排放,溫室氣體減量目標說明,,,2021,●訂定科學基礎減碳目標(SBT)台達於2017年率先訂定科學基礎減碳目標，提出以2014年為基準年，2025年碳密集度下降56.6%的目標，並通過科學基礎目標倡議組織（SBTi）符合性審查，成為台灣第一家且為全世界第87家通過審核的企業。2021年台達碳密集度（Carbon Intensity，簡稱CI）於主要廠區為 13.8（公噸二氧化碳當量／百萬美金產值，市場別），相較2014基準年下降71.8%，相較於前一年下降36.7%，提前達成科學減碳目標（SBT），並呼應全球升溫控制在1.5℃，絕對排放量相較2014基準年下降61%，自主實現1.5℃減排的成果。●承諾全球RE100再生電力百分之百2021年台達加入全球再生電力倡議組識 RE100，承諾全球所有據點，將於2030年達成100% 使用再生電力及碳中和的總目標，為台灣高科技製造業中，首家承諾於2030年達到 RE100 目標的企業。2021年台達全球營運據點使用再生電力比例達到55%，台達營運據點遍布全球5大洲，持續以自主節能、並運用太陽能自發自用與自行投資再生電力電廠等能力為主，同時評估當地綠電市場的交易成熟度，搭配購電協議（Power Purchase Agreement，簡稱PPA）或再生能源憑證（Renewable Energy Certificates，簡稱RECs），持續提高再生電力比例。透過加入RE100 進一步帶動供應鏈發展綠能，提供客戶核心節能減碳技術經驗，為整體產業實現百分百使用再生電力及碳中和。
34051920,E,溫室氣體排放,溫室氣體減量承諾,,,2021,有淨零目標有減碳目標
16207745,E,溫室氣體排放,溫室氣體減量目標說明,,,2021,NA
16207745,E,溫室氣體排放,溫室氣體減量承諾,,,2021,未填報
03550210,E,溫室氣體排放,溫室氣體減量目標說明,,,2021,NA
03550210,E,溫室氣體排放,溫室氣體減量承諾,,,2021,未填報
23310983,E,溫室氣體排放,溫室氣體減量目標說明,,,2021,NA
23310983,E,溫室氣體排放,溫室氣體減量承諾,,,2021,未填報
28006928,E,溫室氣體排放,溫室氣體減量目標說明,,,2021,短期目標: 以2019年為基準年，2025年類別1、2較基準年減少25% GHG排放量(CO2e)。中期目標: 2030年再生能源使用佔用電量60%。長期目標: 2040年達成類別1、2碳中和目標。
28006928,E,溫室氣體排放,溫室氣體減量承諾,,,2021,有淨零目標有減碳目標
84415355,E,溫室氣體排放,溫室氣體減量目標說明,,,2021,NA
84415355,E,溫室氣體排放,溫室氣體減量承諾,,,2021,未填報
22636630,E,溫室氣體排放,溫室氣體減量目標說明,,,2021,過巨目前積極盤查各廠之溫室氣體基礎資料，除每年配合法規政策要求，短期目標預計為每年減量1~5%溫室氣體排放量。另規劃於2024提出集團完整之中長期減碳路徑規劃，進而達成2050淨零排量之最終目標。此外，亦積極尋找再生能源之潔淨能源，並逐年提高再生能源使用比例。
22636630,E,溫室氣體排放,溫室氣體減量承諾,,,2021,有淨零目標無減碳目標
84492351,E,溫室氣體排放,溫室氣體減量目標說明,,,2021,NA
84492351,E,溫室氣體排放,溫室氣體減量承諾,,,2021,未填報
86436593,E,溫室氣體排放,溫室氣體減量目標說明,,,2021,NA
86436593,E,溫室氣體排放,溫室氣體減量承諾,,,2021,未填報
23725553,E,溫室氣體排放,溫室氣體減量目標說明,,,2021,NA
23725553,E,溫室氣體排放,溫室氣體減量承諾,,,2021,未填報
89495531,E,溫室氣體排放,溫室氣體減量目標說明,,,2021,NA
89495531,E,溫室氣體排放,溫室氣體減量承諾,,,2021,未填報
70540563,E,溫室氣體排放,溫室氣體減量目標說明,,,2021,NA
70540563,E,溫室氣體排放,溫室氣體減量承諾,,,2021,未填報
16431363,E,溫室氣體排放,溫室氣體減量目標說明,,,2021,NA
16431363,E,溫室氣體排放,溫室氣體減量承諾,,,2021,未填報
16447610,E,溫室氣體排放,溫室氣體減量目標說明,,,2021,NA
16447610,E,溫室氣體排放,溫室氣體減量承諾,,,2021,未填報
96865657,E,溫室氣體排放,溫室氣體減量目標說明,,,2021,依政府邁向碳中和的策略與產業發展及溫管法明訂，將2005年溫室氣體排放量視為基準，推動2025年將碳排較基準年減少50%，最終2050年達到淨零排放之標的。
96865657,E,溫室氣體排放,溫室氣體減量承諾,,,2021,有淨零目標有減碳目標
16834268,E,溫室氣體排放,溫室氣體減量目標說明,,,2021,"企業本身藉由溫室氣體排放量之盤查結果，了解企業本身溫室氣體情形，並訂出更多更有策略性的相關節能方案來達到溫室氣體放管理與每年溫室氣體排放減量目標，盡可能將溫室氣體排放降到最低。依據109年度溫室氣體總排放量為158,680.731公噸CO2e/年之結果，得知本公司溫室氣體排放量主要供現為電力使用及製程燃料使用，其所產生溫室氣體分別為:90,680.4714公噸CO2e/年，占總排放量為57%，與58823.3519公噸CO2e/年，占總排放量為37%，故目前公司將從能源管理、製程改善減少溫室氣體排放，進而強化產業競爭力，預計減量目標約2%。"
16834268,E,溫室氣體排放,溫室氣體減量承諾,,,2021,有減碳目標
20799897,E,溫室氣體排放,溫室氣體減量目標說明,,,2021,期望能達成每年較上一年溫室氣體排放量減少1~10%，為達成此目標，持續推動WORKFLOW降低紙張使用、倡導省水節電之美德、空調定溫等各項節能減碳措施，逐步邁向低碳綠色企業。
20799897,E,溫室氣體排放,溫室氣體減量承諾,,,2021,有減碳目標
31109687,E,溫室氣體排放,溫室氣體減量目標說明,,,2021,期望能達成每年較上一年溫室氣體排放量減少0.5~1.5%為目標
31109687,E,溫室氣體排放,溫室氣體減量承諾,,,2021,有減碳目標
22575850,E,溫室氣體排放,溫室氣體減量目標說明,,,2021,本公司每年執行溫室氣體盤查，因產能持續提升範疇二之排放量續增，但仍預定排放量減量目標為單位產出CO2排放量降低1%。
22575850,E,溫室氣體排放,溫室氣體減量承諾,,,2021,有減碳目標
86362776,E,溫室氣體排放,溫室氣體減量目標說明,,,2021,本公司以節能為減碳方法(購買綠色標章產品減少公務車使用及進行空調溫度控制)，持續積極推動各項節能計畫，以2016年為基準年，預定節能目標2022年溫室氣體排放量與2016年比較下降25%。
86362776,E,溫室氣體排放,溫室氣體減量承諾,,,2021,有減碳目標
97330127,E,溫室氣體排放,溫室氣體減量目標說明,,,2021,本年度較上一年溫室氣體排放量減少約1%，期望每年能達成溫室氣體排放量較上一年度減少1%。
97330127,E,溫室氣體排放,溫室氣體減量承諾,,,2021,有減碳目標
16691156,E,溫室氣體排放,溫室氣體減量目標說明,,,2021,以109年為基準年，預計112年達成減碳5%之目標。
16691156,E,溫室氣體排放,溫室氣體減量承諾,,,2021,有減碳目標
80640083,E,溫室氣體排放,溫室氣體減量目標說明,,,2021,期望逐年減少溫室氣體排放量2%目標。
80640083,E,溫室氣體排放,溫室氣體減量承諾,,,2021,有減碳目標
20768310,E,溫室氣體排放,溫室氣體減量目標說明,,,2021,以2021年為基準年，於5年內達成溫室氣體排放密度至少降低2%。
20768310,E,溫室氣體排放,溫室氣體減量承諾,,,2021,有減碳目標
47122187,E,溫室氣體排放,溫室氣體減量目標說明,,,2021,"以前一年為基準,減量1%為目標"
47122187,E,溫室氣體排放,溫室氣體減量承諾,,,2021,有減碳目標
22944019,E,溫室氣體排放,溫室氣體減量目標說明,,,2021,年度排放總量與辦公室樓層面積及使用人數相關，將以人均排放量逐年遞減為目標。企業溫室氣體排放量減量目標以每年減量 0.3%~1%為目標。
22944019,E,溫室氣體排放,溫室氣體減量承諾,,,2021,有減碳目標
04226091,E,溫室氣體排放,溫室氣體減量目標說明,,,2021,1. 持續依ISO 14064-1標準進行溫室氣體盤查及驗證，並定期於公司內部ISO14001環境管理審查會議中檢討，調整短中長期減量目標，執行減量計畫，持續改善。2. 對溫室氣體排放量減量目標:每年單位產量溫室氣體排放值下降0.5%。
04226091,E,溫室氣體排放,溫室氣體減量承諾,,,2021,有減碳目標
22133530,E,溫室氣體排放,溫室氣體減量目標說明,,,2021,本公司以每年至少降低3%的二氧化碳排放量，為企業溫室氣體排放量減量目標。
22133530,E,溫室氣體排放,溫室氣體減量承諾,,,2021,有減碳目標
35966577,E,溫室氣體排放,溫室氣體減量目標說明,,,2021,由於排放源主要來自空調與辦公照明需求的電力，本公司溫室氣體排放減量分為空調及辦公室照明兩部分執行。在空調方面，本公司已於天花板裝設循環風扇，藉由增加空氣的循環達到降低室溫的效果，以降低冷氣壓縮機的負載，節約電力。在辦公室照明方面，本公司已逐步將傳統燈管(泡)更換為LED燈管(泡)，以降低電力的需求。此外，本公司也積極宣導配合政府各項環保政策，以減少不必要的浪費。本公司期望每年以減少1%以上溫室氣體排放量，以達到逐年降低溫室氣體排放量的目標。
35966577,E,溫室氣體排放,溫室氣體減量承諾,,,2021,有減碳目標
22274989,E,溫室氣體排放,溫室氣體減量目標說明,,,2021,111年度總溫室氣體總排放目標削減量205.258 (公噸CO2-e/年) ，目標削減比率：1.52%。
22274989,E,溫室氣體排放,溫室氣體減量承諾,,,2021,有減碳目標
70670235,E,溫室氣體排放,溫室氣體減量目標說明,,,2021,目標每年溫室氣體排放量較上一年減少1%。
70670235,E,溫室氣體排放,溫室氣體減量承諾,,,2021,有減碳目標
05052033,E,溫室氣體排放,溫室氣體減量目標說明,,,2021,三年減少3%碳排，每年進行溫室氣體盤查。
05052033,E,溫室氣體排放,溫室氣體減量承諾,,,2021,有減碳目標
86757291,E,溫室氣體排放,溫室氣體減量目標說明,,,2021,展望未來期許每年業績更精進下，機器效率提升，碳排放持續下修1%，114年可達到2%以上。
86757291,E,溫室氣體排放,溫室氣體減量承諾,,,2021,有減碳目標
86124395,E,溫室氣體排放,溫室氣體減量目標說明,,,2021,1. 2021年溫室氣體排放量減量目標，減碳率1.2%2. 2030年較2017年(基準年)減少27%碳排放量
86124395,E,溫室氣體排放,溫室氣體減量承諾,,,2021,有減碳目標
89347602,E,溫室氣體排放,溫室氣體減量目標說明,,,2021,本公司目前積極規劃執行溫室氣體排放量盤查及外部驗證，未來將依據每年溫室氣體排放量變化情形，制定減量目標。
89347602,E,溫室氣體排放,溫室氣體減量承諾,,,2021,無目標
34145259,E,溫室氣體排放,溫室氣體減量目標說明,,,2021,不適用
34145259,E,溫室氣體排放,溫室氣體減量承諾,,,2021,無目標
16674213,E,溫室氣體排放,溫室氣體減量目標說明,,,2021,本公司溫室氣體盤查作業尚在規劃階段。
16674213,E,溫室氣體排放,溫室氣體減量承諾,,,2021,無目標
86834614,E,溫室氣體排放,溫室氣體減量目標說明,,,2021,本公司目前積極規劃執行溫室氣體排放量盤查及外部驗證，未來將依據每年溫室氣體排放量變化情形，制定減量目標。
86834614,E,溫室氣體排放,溫室氣體減量承諾,,,2021,無目標
80611545,E,溫室氣體排放,溫室氣體減量目標說明,,,2021,不適用
80611545,E,溫室氣體排放,溫室氣體減量承諾,,,2021,無目標
22071540,E,溫室氣體排放,溫室氣體減量目標說明,,,2021,本公司業績持續成長中，將以人年均碳排放量逐年遞減為目標。
22071540,E,溫室氣體排放,溫室氣體減量承諾,,,2021,無目標
76026851,E,溫室氣體排放,溫室氣體減量目標說明,,,2021,本公司關於節能減碳未來量化管理目標：預計每年能達成減碳排放3%。
76026851,E,溫室氣體排放,溫室氣體減量承諾,,,2021,有減碳目標
20954200,E,溫室氣體排放,溫室氣體減量目標說明,,,2021,本公司2021年度已加入SBTi國際倡議並制定節能減碳未來十年量化管理目標： (1)範疇1&2：承諾於2030年範疇1&2每百萬營收排放強度相較基準年2020年減少56.8%。 (2)範疇 3：承諾2030年範疇 3中每百萬營收產品使用階段排放強度較基準年2020年減少 44.2%排放量。
20954200,E,溫室氣體排放,溫室氣體減量承諾,,,2021,有減碳目標
30435973,E,溫室氣體排放,溫室氣體減量目標說明,,,2021,▓溫室氣體減碳: 飛宏科技落實整合碳管理，每年遵循國際標準進行溫室氣體盤查追蹤碳排放量，自行盤查  結果除作為訂定內部溫室氣體減量策略及碳資產管理之基礎外，同時檢視氣候變遷的風險 與機會，建立減碳行動計畫與目標，並規劃納入長期經營策略中。▓為達成上述目標與善盡企業社會責任:-飛宏科技2010 年以100% 營運控制權的方式設定組織邊界，盤查範圍為東莞兩個廠區首  度進行盤查，且通過勞氏檢驗(LRQA) 根據ISO 14064-1 標準進行第三方查證。-東莞飛宏2016 年起盤查範圍擴大至東莞全部廠區( 加入達宏廠區)，並將該年設為東莞  飛宏之基準年。-台灣飛宏自2017 年起進行溫室氣體盤查，故設定同年為基準年。2021年飛宏科技導入  ISO 14064-1:2018，全面推動七種溫室氣體排放量盤查與查證，率先針對類別一、二之 溫室氣體設定減量目標、尋求減量機會，並提出改善計劃，逐步提升溫室氣體減量績效， 並規劃進行全集團溫室氣體盤查第三方查證。-針對溫室氣體排放減量，我們預計於2022 年完成SBTi 目標設定，短期以每年減碳 2.5%；中長期達到低於平均溫升攝氏1.5 度C 要求每年減排4.2% 為目標。同時期望以 設置太陽能發電系統、汰換老舊空調冰機及打造綠建築廠辦等積極作為，有助於環保與抑 制地球升溫的實際行動。
30435973,E,溫室氣體排放,溫室氣體減量承諾,,,2021,有減碳目標
19004316,E,溫室氣體排放,溫室氣體減量目標說明,,,2021,於2020年CDP報告中訂定強度目標(單耗) : 2030年較2020基準年減少排放10% (單位:公噸CO2e/佰萬片)並定期進行數據檢討進行目標調整。
19004316,E,溫室氣體排放,溫室氣體減量承諾,,,2021,有減碳目標
27393491,E,溫室氣體排放,溫室氣體減量目標說明,,,2021,本公司主要的碳排放源為電能，為減少碳排放量，訂立溫室氣體管理程序。新採購之空調設備均考慮其能耗值與變頻功能，用電設備如燈具等陸續更換有節能標章，並逐漸更換老舊耗能設備。更新節能燈具數量110年相較於109年提升涵蓋率4%，更換使用節能環保空調機數110年相較於109年提升涵蓋率5%。
27393491,E,溫室氣體排放,溫室氣體減量承諾,,,2021,無目標
23535435,E,溫室氣體排放,溫室氣體減量目標說明,,,2021,排放強度12↓(公噸CO2e /百萬營收)
23535435,E,溫室氣體排放,溫室氣體減量承諾,,,2021,有減碳目標
86379707,E,溫室氣體排放,溫室氣體減量目標說明,,,2021,健鼎平鎮廠目標為導入連一鍋爐使用燃料以天然氣取代對環境負荷衝擊較高的柴油，預計可減少1%的溫室氣體排放，2021年度約減少539.05公噸CO2e排放（1.61%）已達目標。
86379707,E,溫室氣體排放,溫室氣體減量承諾,,,2021,有減碳目標
86318408,E,溫室氣體排放,溫室氣體減量目標說明,,,2021,1.年度減排2%，每年度持續加乘減排。2.大氣污染因子總排放量削減20%以上目標。3.年度固體廢物總排放量削減5%以上目標。
86318408,E,溫室氣體排放,溫室氣體減量承諾,,,2021,有減碳目標
51608205,E,溫室氣體排放,溫室氣體減量目標說明,,,2021,1.水資源：較去年同期減少1%用水。2.電力資源：較去年同期減少1%用電3.減少碳排放：推行低碳行為，日常生活減碳，年碳排放減少2000kgCO2。
51608205,E,溫室氣體排放,溫室氣體減量承諾,,,2021,無目標
35424073,E,溫室氣體排放,溫室氣體減量目標說明,,,2021,修正2021年為基準年(疫情修正)，期望能達成每年較上一年每百萬營業額，減少溫室氣體排放量1%，至2025年時達成減少5~10%，前五年平均不得小於1%。
35424073,E,溫室氣體排放,溫室氣體減量承諾,,,2021,有減碳目標
97257738,E,溫室氣體排放,溫室氣體減量目標說明,,,2021,2023年單位營收碳排放減少2% / 2025年單位營收碳排放減少3% (以2021年為基準年)
97257738,E,溫室氣體排放,溫室氣體減量承諾,,,2021,有減碳目標
36011776,E,溫室氣體排放,溫室氣體減量目標說明,,,2021,規劃未來逐年減少5%溫室氣體減量為管理目標
36011776,E,溫室氣體排放,溫室氣體減量承諾,,,2021,有減碳目標
54384828,E,溫室氣體排放,溫室氣體減量目標說明,,,2021,擬以2019年度為基準年，計畫於未來五年內就每百萬營業收入所產生之溫室氣體排放量減少5％ (排放量係溫室氣體範疇一及範疇二清單中之溫室氣體排放量)
54384828,E,溫室氣體排放,溫室氣體減量承諾,,,2021,有減碳目標
26392564,E,溫室氣體排放,溫室氣體減量目標說明,,,2021,企業溫室氣體排放減量目標為：至114年對比102年之百萬元營收範疇一與範疇二碳排放量（t/MNTD）減少40%以上。其中，110年的年度減量較102年之百萬元營收碳排放量下降37%（由於基準年不含先豐園區，故110年之百萬營收範疇一與範疇二碳排量也不含先豐園區）。未來我們將持續引進節能減碳技術，加強碳排放的管理，發展再生能源項目，擴大太陽能項目範圍，購買綠電，降低碳排放。
26392564,E,溫室氣體排放,溫室氣體減量承諾,,,2021,有減碳目標
86332422,E,溫室氣體排放,溫室氣體減量目標說明,,,2021,NA
86332422,E,溫室氣體排放,溫室氣體減量承諾,,,2021,無目標
22773079,E,溫室氣體排放,溫室氣體減量目標說明,,,2021,配合法令政策要求目標減量
22773079,E,溫室氣體排放,溫室氣體減量承諾,,,2021,無目標
33701355,E,溫室氣體排放,溫室氣體減量目標說明,,,2021,CO2排放量與營收年度成長比：≦1。
33701355,E,溫室氣體排放,溫室氣體減量承諾,,,2021,無目標
97178087,E,溫室氣體排放,溫室氣體減量目標說明,,,2021,規劃中
97178087,E,溫室氣體排放,溫室氣體減量承諾,,,2021,無目標
22006020,E,溫室氣體排放,溫室氣體減量目標說明,,,2021,推動節能減碳之理念，如中午休息時間熄燈、冷氣機維持26度恆溫、推動辦公室無紙化。
22006020,E,溫室氣體排放,溫室氣體減量承諾,,,2021,無目標
23641338,E,溫室氣體排放,溫室氣體減量目標說明,,,2021,本公司於110年度完成108及109年度之溫室氣體盤查，並以108年為基準年，未來將依據盤查結果及公司發展策略妥適擬定減量目標，以期配合政府達成相關減碳目標。
23641338,E,溫室氣體排放,溫室氣體減量承諾,,,2021,無目標
22100469,E,溫室氣體排放,溫室氣體減量目標說明,,,2021,無
22100469,E,溫室氣體排放,溫室氣體減量承諾,,,2021,無目標
36084833,E,溫室氣體排放,溫室氣體減量目標說明,,,2021,以2016年為基準年，（直接＋間接排放源）比2025年減少10%。
36084833,E,溫室氣體排放,溫室氣體減量承諾,,,2021,有減碳目標
86980046,E,溫室氣體排放,溫室氣體減量目標說明,,,2021,每5年CO2e 減量5 %(含)，做為減碳首要目標。
86980046,E,溫室氣體排放,溫室氣體減量承諾,,,2021,有減碳目標
22306130,E,溫室氣體排放,溫室氣體減量目標說明,,,2021,鈞寶電子最近一年係以以2019年為基準年，採四年為一計畫期間，計劃在2023年達成每單位營收減碳1%之目標。
22306130,E,溫室氣體排放,溫室氣體減量承諾,,,2021,有減碳目標
22906009,E,溫室氣體排放,溫室氣體減量目標說明,,,2021,本公司每年統計溫室氣體排放量，並將訊息揭露於公司網站，並制定《節能降耗控制作業程序》，以節約能源、保護環境為目的。
22906009,E,溫室氣體排放,溫室氣體減量承諾,,,2021,無目標
81069921,E,溫室氣體排放,溫室氣體減量目標說明,,,2021,因應本公司產值逐年的放大，將會持續投資各項環保支出與節能措施，繼續朝溫室氣體每年每百萬營收之強度值減量1％以上之目標前進。
81069921,E,溫室氣體排放,溫室氣體減量承諾,,,2021,有減碳目標
12341051,E,溫室氣體排放,溫室氣體減量目標說明,,,2021,1.「能源永續2030」：2030年較2014年基準年排放量降低35%。2.SBT目標：公司已於2021年7月簽署SBT(科學基礎減量目標Science Based Target)承諾書，並將於2022年提出SBT目標。公司以SBT為主軸訂定短、中、長期減碳目標，持續關注氣候變遷。3.提供客戶與利害關係人「節能、儲能、創能」之完整解決方案，持續朝『提供潔淨高效能源的解決方案，成為永續正循環的能量』的企業願景邁進。
12341051,E,溫室氣體排放,溫室氣體減量承諾,,,2021,有減碳目標
16198345,E,溫室氣體排放,溫室氣體減量目標說明,,,2021,"1.以2021年為基準年,短期及長期溫室氣體減排目標   (1)短期目標:至2025年於範疇一較基準年減少 5%,範疇二較基準年減少 1%      (2)長期目標:至2050年於範疇一較基準年減少10%,範疇二較基準年減少50%2. 綠電建置再生能源發電容量3.5MW3. 空污防制設備天然氣使用量較2016年下降10%4. 綠地認養費用10萬/年5. 依ISO50001能源管理系統之改善方案及目標推動詳細內容請參考本公司2021年永續報告書。"
16198345,E,溫室氣體排放,溫室氣體減量承諾,,,2021,有減碳目標
16096804,E,溫室氣體排放,溫室氣體減量目標說明,,,2021,基準年為2020年，起始為2021年，目標年為2030年，預計10年減量25％。
16096804,E,溫室氣體排放,溫室氣體減量承諾,,,2021,有減碳目標
45082694,E,溫室氣體排放,溫室氣體減量目標說明,,,2021,年度排放總量與員工人數正相關，透過行政管理，使空調設備運轉更有效率，減少用水及用電量。
45082694,E,溫室氣體排放,溫室氣體減量承諾,,,2021,無目標
45190379,E,溫室氣體排放,溫室氣體減量目標說明,,,2021,尚未訂定
45190379,E,溫室氣體排放,溫室氣體減量承諾,,,2021,無目標
07699023,E,溫室氣體排放,溫室氣體減量目標說明,,,2021,節能減碳，推動綠色政策。
07699023,E,溫室氣體排放,溫室氣體減量承諾,,,2021,無目標
23555277,E,溫室氣體排放,溫室氣體減量目標說明,,,2021,目前四樓廠區擴建工程進行中，將以四樓完工後的用電作為基準年，設定減碳目標。
23555277,E,溫室氣體排放,溫室氣體減量承諾,,,2021,無目標
45011782,E,溫室氣體排放,溫室氣體減量目標說明,,,2021,a.用電量/產值：較前一年度降低1% b.用電量/營收：較前一年度降低5% c.全集團導入ISO 14064-1溫室氣體內部盤查，掌握現況
45011782,E,溫室氣體排放,溫室氣體減量承諾,,,2021,僅有節電承諾
22948084,E,溫室氣體排放,溫室氣體減量目標說明,,,2021,"透過提升能源使用效率政策，預估節電200,000kWh，預估減碳100噸。"
22948084,E,溫室氣體排放,溫室氣體減量承諾,,,2021,僅有節電承諾
16130084,E,溫室氣體排放,溫室氣體減量目標說明,,,2021,公司目前針對單位產品使用電能之減量以及持續推動年節電率1%來降低間接排放之溫室氣體數量。
16130084,E,溫室氣體排放,溫室氣體減量承諾,,,2021,僅有節電承諾
31604336,E,溫室氣體排放,溫室氣體減量目標說明,,,2021,每年節電率1%
31604336,E,溫室氣體排放,溫室氣體減量承諾,,,2021,僅有節電承諾
23866949,E,溫室氣體排放,溫室氣體減量目標說明,,,2021,已2021年為能源基準年預計2030年要降低8%的能源使用量為目標。
23866949,E,溫室氣體排放,溫室氣體減量承諾,,,2021,僅有節電承諾
22324051,E,溫室氣體排放,溫室氣體減量目標說明,,,2021,本公司將視取得ISO 14001-1認證後之實際情況，並以該年度作為排放量之基線，期望每年將主要溫室氣體排放來源之電力使用項目，以年減率0.5%為目標，致力達成低污染、低能耗之環境友善企業。
22324051,E,溫室氣體排放,溫室氣體減量承諾,,,2021,僅有節電承諾
03546618,E,溫室氣體排放,溫室氣體減量目標說明,,,2021,1.因集團常有併購、轉讓、分割及擴充之變動，所以無法擬定具體目標，僅能要求各個重點廠區每年需達成減量2.要求各子公司逐批依時程規劃揭露溫室氣體排放量
03546618,E,溫室氣體排放,溫室氣體減量承諾,,,2021,無目標
43816068,E,溫室氣體排放,溫室氣體減量目標說明,,,2021,"1.短期目標將以建立溫室氣體減量、節水、節電量管理的指標，及管理氣候變遷導致水電供應不穩及地震、火災、化學品洩漏等潛在風險為主。2.中期目標則以建立降低碳排總量的量化績效指標、取得符合客戶期待的各項永續供應鏈認證，及各項再生能源投資機會的可行性與財務評估。3.長期則以導入(Task Force on Climate-Related Financial Disclosure, TCFD)制度，發佈 TCFD 報告書為目標，從「氣候風險揭露」逐步走向「氣候相關財務揭露」，建立量化績效指標的目標管理與揭露機制。"
43816068,E,溫室氣體排放,溫室氣體減量承諾,,,2021,無目標
86521351,E,溫室氣體排放,溫室氣體減量目標說明,,,2021,1. 持續依ISO 14064-1:2018標準進行溫室氣體盤查並查證。2. 溫室氣體排放密集度較2021年降低2%。
86521351,E,溫室氣體排放,溫室氣體減量承諾,,,2021,無目標
22223510,E,溫室氣體排放,溫室氣體減量目標說明,,,2021,2030年公司達成不升溫1.5 度Ｃ要求。
22223510,E,溫室氣體排放,溫室氣體減量承諾,,,2021,無目標
44913118,E,溫室氣體排放,溫室氣體減量目標說明,,,2021,尚未訂定。
44913118,E,溫室氣體排放,溫室氣體減量承諾,,,2021,無目標
75914885,E,溫室氣體排放,溫室氣體減量目標說明,,,2021,"全球氣候因溫室效應影響已產生重大的變化，水旱災、風災以及暴風雪等天災頻傳，且其強度與影響範圍亦逐漸擴增，對企業的永續營運造成潛在風險。加高電子每年進行溫室氣體減量，以降低能源使用量及增進能源效率，進而減少溫室氣體排放量,並遵行國際規範「格拉斯哥氣候協定」及政府能源局能源政策「每年降低1%的電能使用量」等規定，持續節能方案的進行。"
75914885,E,溫室氣體排放,溫室氣體減量承諾,,,2021,僅有節電承諾
81448796,E,溫室氣體排放,溫室氣體減量目標說明,,,2021,目前仍持續針對企業溫室氣體盤查之範疇進行數據確認與第三方認證，待確認後將進行制定減量目標及改善行動計畫。
81448796,E,溫室氣體排放,溫室氣體減量承諾,,,2021,無目標
01887370,E,溫室氣體排放,溫室氣體減量目標說明,,,2021,公司內部將持續宣導節能重要性與規範，鼓勵同仁從日常生活建立節能減碳習慣落實各項節能措施於日常之營運管理。
01887370,E,溫室氣體排放,溫室氣體減量承諾,,,2021,無目標
07618057,E,溫室氣體排放,溫室氣體減量目標說明,,,2021,本公司目前暫無相關減量目標。
07618057,E,溫室氣體排放,溫室氣體減量承諾,,,2021,無目標
04403568,E,溫室氣體排放,溫室氣體減量目標說明,,,2021,尚在盤查中
04403568,E,溫室氣體排放,溫室氣體減量承諾,,,2021,無目標
23534301,E,溫室氣體排放,溫室氣體減量目標說明,,,2021,設置回收水設備達到節水成效。
23534301,E,溫室氣體排放,溫室氣體減量承諾,,,2021,無目標
30929883,E,溫室氣體排放,溫室氣體減量目標說明,,,2021,無資料
30929883,E,溫室氣體排放,溫室氣體減量承諾,,,2021,無目標
59276051,E,溫室氣體排放,溫室氣體減量目標說明,,,2021,預定於115年度完成目標訂定。
59276051,E,溫室氣體排放,溫室氣體減量承諾,,,2021,無目標
20891326,E,溫室氣體排放,溫室氣體減量目標說明,,,2021,"110年度回收溶劑量為 120,774噸，較109年度增加 7.81%,減少溶劑(原物料)採購及污染排放，將作為持續性環保計劃目標，間接降低設備耗電及溫室氣體排放。 110年度廠務端所進行製程改善，如切割烘箱加閘門，關閉抽風計劃、製氮機空壓氣體導入計劃及冰機加變頻器計劃等，推估節省631,066kw電力。另水資源部份持續透過純水回收再利用方式110年度計回收30,248噸，間接降低設備耗電、浪費及溫室氣體排放。本公司先前擬訂之溫室氣體排放量減量目標設定，「2024年百萬顆產品年排放強度較基準年(2019年)減少10%」；2021年實際達成狀況為1.21公噸CO2e/百萬顆產品年排放強度，較2019年減少28.4%。"
20891326,E,溫室氣體排放,溫室氣體減量承諾,,,2021,無目標
22570840,E,溫室氣體排放,溫室氣體減量目標說明,,,2021,1.本公司目前雖尚未執行溫室氣體排放量盤查，但希望透過淘汰老舊耗電較大機器及使用節能產品來達到減少溫室氣體排放情形。2.持續推廣辦公流程電子E化，降低紙張使用量。
22570840,E,溫室氣體排放,溫室氣體減量承諾,,,2021,無目標
12702977,E,溫室氣體排放,溫室氣體減量目標說明,,,2021,本公司將持續推動與落實各項節能減碳之措施與宣導，以期符合應盡之企業社會責任。
12702977,E,溫室氣體排放,溫室氣體減量承諾,,,2021,無目標
22749711,E,溫室氣體排放,溫室氣體減量目標說明,,,2021,盡力落實節能環保，預算並無特定金額。
22749711,E,溫室氣體排放,溫室氣體減量承諾,,,2021,無目標
22928881,E,溫室氣體排放,溫室氣體減量目標說明,,,2021,尚未訂定
22928881,E,溫室氣體排放,溫室氣體減量承諾,,,2021,無目標
22415854,E,溫室氣體排放,溫室氣體減量目標說明,,,2021,待第三方查證完成後依盤查資料訂定減量規劃。
22415854,E,溫室氣體排放,溫室氣體減量承諾,,,2021,無目標
12738623,E,溫室氣體排放,溫室氣體減量目標說明,,,2021,"銘鈺精密台灣廠自108年底推動提升能源使用效率，導入天然氣以取代鍋爐燃料油，以相同熱值但產生較低的二氧化碳排放量為基礎，此後每年檢視溫室氣體排放量，以108年7,901 CO2公噸/年作為基準年，在相同基準的情況下，109-110年共減排碳1,155.7 CO2公噸/年，未來每年以持續減碳為目標。"
12738623,E,溫室氣體排放,溫室氣體減量承諾,,,2021,無目標
22115625,E,溫室氣體排放,溫室氣體減量目標說明,,,2021,經分析組織型溫室氣體排放量盤查-範疇二.間接溫室氣體排放量之資料，外購電力之使用即達本公司溫室氣體總排放量之75%，故藉由各項自主管理的節能減碳措施，即可達成溫室氣體排放量減量之成效。
22115625,E,溫室氣體排放,溫室氣體減量承諾,,,2021,無目標
97179403,E,溫室氣體排放,溫室氣體減量目標說明,,,2021,本公司評估分析氣候變遷風險與機會後，逐步建立預期未來可能面臨之風險與挑戰策略，並研究碳議題管理的機制，後續將逐步設定溫室氣體減量目標與計畫。
97179403,E,溫室氣體排放,溫室氣體減量承諾,,,2021,無目標
16433242,E,溫室氣體排放,溫室氣體減量目標說明,,,2021,本公司每年依據溫室氣體盤查結果，調整節能減碳策略及計畫，溫室氣體排放透過節能政策、節能計畫的制訂與節能設施、設備，鼓勵員工從日常生活中做起，並落實環境管理系統，以減輕對環境的衝擊。
16433242,E,溫室氣體排放,溫室氣體減量承諾,,,2021,無目標
72952251,E,溫室氣體排放,溫室氣體減量目標說明,,,2021,本公司溫室氣體排放透過節能政策、節能計畫的制訂與節能設施、設備運轉
72952251,E,溫室氣體排放,溫室氣體減量承諾,,,2021,無目標
53431627,E,溫室氣體排放,溫室氣體減量目標說明,,,2021,年度排放總量與員工人數相關，透過行政管理，使空調設備及照明運轉更有效率，減少用水及用電量。使用LED平板燈達到節能效果。本公司二氧化碳排放量來自電力及水，因此電力與水的節約為節能減碳之優先目標持續減少溫室氣體總排放量。
53431627,E,溫室氣體排放,溫室氣體減量承諾,,,2021,無目標
04401392,E,溫室氣體排放,溫室氣體減量目標說明,,,2021,為推動產業節能減碳，訂定能源密集度每年下降1%目標，但實際上華通自2010年起每年下降已超過原有目標1%，並持續每年配合政府落實溫室氣體減量的決心，參與經濟部工業局「產業溫室氣體自願減量推動計畫」，以循序漸進方式，經由政府協助產業藉由自願減量計畫之提報與執行，逐漸累積我國產業執行溫室氣體減量之經驗與能力，為未來可執行之總量管制與排放交易預做因應準備。
04401392,E,溫室氣體排放,溫室氣體減量承諾,,,2021,僅有節電承諾
35568331,E,溫室氣體排放,溫室氣體減量目標說明,,,2021,配合政府能源局年度能源減量1%的要求，本公司持續導入節能管理方案，照明汰換使用LED燈具；而廠務設備導入變頻、時控節能措施持續運作。
35568331,E,溫室氣體排放,溫室氣體減量承諾,,,2021,僅有節電承諾
12738623,E,空氣污染物申報-一般空氣污染物,氮氧化物,,,2009,3.7090000000000005
12738623,E,空氣污染物申報-一般空氣污染物,硫氧化物,,,2009,5.349
12738623,E,空氣污染物申報-一般空氣污染物,揮發性有機化合物,,,2009,0.48
16096804,E,空氣污染物申報-一般空氣污染物,粒狀污染物,,,2009,0.024
16096804,E,空氣污染物申報-一般空氣污染物,揮發性有機化合物,,,2009,18.064
16101031,E,空氣污染物申報-一般空氣污染物,揮發性有機化合物,,,2009,3.1060000000000003
16130084,E,空氣污染物申報-一般空氣污染物,揮發性有機化合物,,,2009,5.825
16197211,E,空氣污染物申報-一般空氣污染物,揮發性有機化合物,,,2009,3.7459999999999996
16198345,E,空氣污染物申報-一般空氣污染物,氮氧化物,,,2009,4.13
16198345,E,空氣污染物申報-一般空氣污染物,硫氧化物,,,2009,0.066
16198345,E,空氣污染物申報-一般空氣污染物,揮發性有機化合物,,,2009,55.594
16347324,E,空氣污染物申報-一般空氣污染物,揮發性有機化合物,,,2009,7.427
16431363,E,空氣污染物申報-一般空氣污染物,氮氧化物,,,2009,9.881
16431363,E,空氣污染物申報-一般空氣污染物,硫氧化物,,,2009,13.299999999999999
16431363,E,空氣污染物申報-一般空氣污染物,粒狀污染物,,,2009,1.073
16431363,E,空氣污染物申報-一般空氣污染物,揮發性有機化合物,,,2009,19.5
16447610,E,空氣污染物申報-一般空氣污染物,氮氧化物,,,2009,3.9690000000000003
16447610,E,空氣污染物申報-一般空氣污染物,硫氧化物,,,2009,5.723000000000001
16599215,E,空氣污染物申報-一般空氣污染物,粒狀污染物,,,2009,0.07200000000000001
16599215,E,空氣污染物申報-一般空氣污染物,揮發性有機化合物,,,2009,18.965
16674213,E,空氣污染物申報-一般空氣污染物,揮發性有機化合物,,,2009,0.653
16742182,E,空氣污染物申報-一般空氣污染物,氮氧化物,,,2009,15.194000000000003
16742182,E,空氣污染物申報-一般空氣污染物,硫氧化物,,,2009,19.514
16742182,E,空氣污染物申報-一般空氣污染物,粒狀污染物,,,2009,17.717
16742182,E,空氣污染物申報-一般空氣污染物,揮發性有機化合物,,,2009,319.245
16834268,E,空氣污染物申報-一般空氣污染物,氮氧化物,,,2009,68.594
16834268,E,空氣污染物申報-一般空氣污染物,硫氧化物,,,2009,51.893
16834268,E,空氣污染物申報-一般空氣污染物,粒狀污染物,,,2009,17.246
19004316,E,空氣污染物申報-一般空氣污染物,粒狀污染物,,,2009,11.845000000000002
19004316,E,空氣污染物申報-一般空氣污染物,揮發性有機化合物,,,2009,896.5949999999998
20759430,E,空氣污染物申報-一般空氣污染物,揮發性有機化合物,,,2009,0.143
20891326,E,空氣污染物申報-一般空氣污染物,粒狀污染物,,,2009,0.453
20891326,E,空氣污染物申報-一般空氣污染物,揮發性有機化合物,,,2009,14.781999999999998
21204867,E,空氣污染物申報-一般空氣污染物,揮發性有機化合物,,,2009,5.026
22100469,E,空氣污染物申報-一般空氣污染物,揮發性有機化合物,,,2009,5.63
22274989,E,空氣污染物申報-一般空氣污染物,氮氧化物,,,2009,0.527
22274989,E,空氣污染物申報-一般空氣污染物,硫氧化物,,,2009,0.76
22306125,E,空氣污染物申報-一般空氣污染物,揮發性有機化合物,,,2009,0.02
22306130,E,空氣污染物申報-一般空氣污染物,氮氧化物,,,2009,0.001
22306130,E,空氣污染物申報-一般空氣污染物,粒狀污染物,,,2009,1.5510000000000002
22306130,E,空氣污染物申報-一般空氣污染物,揮發性有機化合物,,,2009,1.796
22415854,E,空氣污染物申報-一般空氣污染物,氮氧化物,,,2009,0.5
22415854,E,空氣污染物申報-一般空氣污染物,硫氧化物,,,2009,0.7220000000000001
22415854,E,空氣污染物申報-一般空氣污染物,揮發性有機化合物,,,2009,2.195
22570840,E,空氣污染物申報-一般空氣污染物,揮發性有機化合物,,,2009,4.547000000000001
22636630,E,空氣污染物申報-一般空氣污染物,揮發性有機化合物,,,2009,233.74399999999997
22771229,E,空氣污染物申報-一般空氣污染物,揮發性有機化合物,,,2009,7.4
22773079,E,空氣污染物申報-一般空氣污染物,氮氧化物,,,2009,0.539
22773079,E,空氣污染物申報-一般空氣污染物,硫氧化物,,,2009,0.021
22773079,E,空氣污染物申報-一般空氣污染物,揮發性有機化合物,,,2009,3.91
22944019,E,空氣污染物申報-一般空氣污染物,揮發性有機化合物,,,2009,0.47500000000000003
22993144,E,空氣污染物申報-一般空氣污染物,氮氧化物,,,2009,0.311
22993144,E,空氣污染物申報-一般空氣污染物,硫氧化物,,,2009,0.012000000000000004
22993144,E,空氣污染物申報-一般空氣污染物,粒狀污染物,,,2009,5.8149999999999995
22993144,E,空氣污染物申報-一般空氣污染物,揮發性有機化合物,,,2009,28.609999999999996
23063420,E,空氣污染物申報-一般空氣污染物,粒狀污染物,,,2009,0.006
23063420,E,空氣污染物申報-一般空氣污染物,揮發性有機化合物,,,2009,2.859
23225071,E,空氣污染物申報-一般空氣污染物,氮氧化物,,,2009,0.9720000000000002
23225071,E,空氣污染物申報-一般空氣污染物,硫氧化物,,,2009,0.037
23225071,E,空氣污染物申報-一般空氣污染物,揮發性有機化合物,,,2009,23.119999999999997
23528103,E,空氣污染物申報-一般空氣污染物,氮氧化物,,,2009,0.198
23528103,E,空氣污染物申報-一般空氣污染物,硫氧化物,,,2009,0.081
23528103,E,空氣污染物申報-一般空氣污染物,揮發性有機化合物,,,2009,48.619
23535435,E,空氣污染物申報-一般空氣污染物,氮氧化物,,,2009,3.2749999999999995
23535435,E,空氣污染物申報-一般空氣污染物,硫氧化物,,,2009,0.136
23535435,E,空氣污染物申報-一般空氣污染物,粒狀污染物,,,2009,0.007
23535435,E,空氣污染物申報-一般空氣污染物,揮發性有機化合物,,,2009,48.755
23588039,E,空氣污染物申報-一般空氣污染物,揮發性有機化合物,,,2009,7.802
23641338,E,空氣污染物申報-一般空氣污染物,揮發性有機化合物,,,2009,3.3529999999999998
23750095,E,空氣污染物申報-一般空氣污染物,揮發性有機化合物,,,2009,0.325
23810592,E,空氣污染物申報-一般空氣污染物,揮發性有機化合物,,,2009,3.2279999999999998
23983947,E,空氣污染物申報-一般空氣污染物,氮氧化物,,,2009,0.007
23983947,E,空氣污染物申報-一般空氣污染物,硫氧化物,,,2009,0.01
23983947,E,空氣污染物申報-一般空氣污染物,揮發性有機化合物,,,2009,0.601
30955404,E,空氣污染物申報-一般空氣污染物,氮氧化物,,,2009,0.095
30955404,E,空氣污染物申報-一般空氣污染物,硫氧化物,,,2009,0.004
30955404,E,空氣污染物申報-一般空氣污染物,揮發性有機化合物,,,2009,6.891
34051920,E,空氣污染物申報-一般空氣污染物,揮發性有機化合物,,,2009,8.563
36084833,E,空氣污染物申報-一般空氣污染物,揮發性有機化合物,,,2009,8.794
43816068,E,空氣污染物申報-一般空氣污染物,氮氧化物,,,2009,0.071
43816068,E,空氣污染物申報-一般空氣污染物,硫氧化物,,,2009,0.003
43816068,E,空氣污染物申報-一般空氣污染物,粒狀污染物,,,2009,3.9290000000000003
43816068,E,空氣污染物申報-一般空氣污染物,揮發性有機化合物,,,2009,110.636
43880075,E,空氣污染物申報-一般空氣污染物,氮氧化物,,,2009,0.072
43880075,E,空氣污染物申報-一般空氣污染物,硫氧化物,,,2009,0.002
43880075,E,空氣污染物申報-一般空氣污染物,揮發性有機化合物,,,2009,0.87
44043132,E,空氣污染物申報-一般空氣污染物,粒狀污染物,,,2009,0.11399999999999999
44043132,E,空氣污染物申報-一般空氣污染物,揮發性有機化合物,,,2009,1.646
45082694,E,空氣污染物申報-一般空氣污染物,揮發性有機化合物,,,2009,8.491000000000001
45190379,E,空氣污染物申報-一般空氣污染物,揮發性有機化合物,,,2009,2.455
52358985,E,空氣污染物申報-一般空氣污染物,揮發性有機化合物,,,2009,1.8000000000000003
52753108,E,空氣污染物申報-一般空氣污染物,揮發性有機化合物,,,2009,2.752
52878846,E,空氣污染物申報-一般空氣污染物,揮發性有機化合物,,,2009,0.46799999999999997
59276051,E,空氣污染物申報-一般空氣污染物,揮發性有機化合物,,,2009,2.4749999999999996
70684527,E,空氣污染物申報-一般空氣污染物,揮發性有機化合物,,,2009,0.9430000000000001
70776899,E,空氣污染物申報-一般空氣污染物,氮氧化物,,,2009,1.911
70776899,E,空氣污染物申報-一般空氣污染物,硫氧化物,,,2009,2.755
70776899,E,空氣污染物申報-一般空氣污染物,粒狀污染物,,,2009,0.31
70776899,E,空氣污染物申報-一般空氣污染物,揮發性有機化合物,,,2009,1.375
70801378,E,空氣污染物申報-一般空氣污染物,粒狀污染物,,,2009,0.21000000000000002
70801378,E,空氣污染物申報-一般空氣污染物,揮發性有機化合物,,,2009,16.999000000000002
76026851,E,空氣污染物申報-一般空氣污染物,氮氧化物,,,2009,1.231
76026851,E,空氣污染物申報-一般空氣污染物,硫氧化物,,,2009,1.638
76026851,E,空氣污染物申報-一般空氣污染物,粒狀污染物,,,2009,0.512
76026851,E,空氣污染物申報-一般空氣污染物,揮發性有機化合物,,,2009,1.797
76409479,E,空氣污染物申報-一般空氣污染物,揮發性有機化合物,,,2009,0.07400000000000001
83639504,E,空氣污染物申報-一般空氣污染物,揮發性有機化合物,,,2009,1.99
84167600,E,空氣污染物申報-一般空氣污染物,氮氧化物,,,2009,0.184
84167600,E,空氣污染物申報-一般空氣污染物,硫氧化物,,,2009,0.266
84415355,E,空氣污染物申報-一般空氣污染物,揮發性有機化合物,,,2009,4.135
84433564,E,空氣污染物申報-一般空氣污染物,揮發性有機化合物,,,2009,0.636
84607396,E,空氣污染物申報-一般空氣污染物,氮氧化物,,,2009,0.055
84607396,E,空氣污染物申報-一般空氣污染物,硫氧化物,,,2009,0.08
84808400,E,空氣污染物申報-一般空氣污染物,揮發性有機化合物,,,2009,1.8530000000000002
86124395,E,空氣污染物申報-一般空氣污染物,氮氧化物,,,2009,0.946
86124395,E,空氣污染物申報-一般空氣污染物,粒狀污染物,,,2009,6.89
86124395,E,空氣污染物申報-一般空氣污染物,揮發性有機化合物,,,2009,0.172
86332422,E,空氣污染物申報-一般空氣污染物,氮氧化物,,,2009,5.606999999999999
86332422,E,空氣污染物申報-一般空氣污染物,硫氧化物,,,2009,7.295999999999999
86332422,E,空氣污染物申報-一般空氣污染物,粒狀污染物,,,2009,1.5139999999999998
86332422,E,空氣污染物申報-一般空氣污染物,揮發性有機化合物,,,2009,134.138
86362776,E,空氣污染物申報-一般空氣污染物,揮發性有機化合物,,,2009,0.016
86379707,E,空氣污染物申報-一般空氣污染物,揮發性有機化合物,,,2009,4.74
86412635,E,空氣污染物申報-一般空氣污染物,氮氧化物,,,2009,0.525
86412635,E,空氣污染物申報-一般空氣污染物,揮發性有機化合物,,,2009,0.294
86521351,E,空氣污染物申報-一般空氣污染物,氮氧化物,,,2009,30.865000000000002
86521351,E,空氣污染物申報-一般空氣污染物,硫氧化物,,,2009,38.900999999999996
86521351,E,空氣污染物申報-一般空氣污染物,粒狀污染物,,,2009,12.600999999999999
86521351,E,空氣污染物申報-一般空氣污染物,揮發性有機化合物,,,2009,159.00799999999998
86667046,E,空氣污染物申報-一般空氣污染物,揮發性有機化合物,,,2009,4.41
86691377,E,空氣污染物申報-一般空氣污染物,氮氧化物,,,2009,7.268
86691377,E,空氣污染物申報-一般空氣污染物,硫氧化物,,,2009,4.804
86691377,E,空氣污染物申報-一般空氣污染物,粒狀污染物,,,2009,0.536
86691377,E,空氣污染物申報-一般空氣污染物,揮發性有機化合物,,,2009,1.848
86978512,E,空氣污染物申報-一般空氣污染物,氮氧化物,,,2009,0.24999999999999994
86978512,E,空氣污染物申報-一般空氣污染物,硫氧化物,,,2009,0.018
86978512,E,空氣污染物申報-一般空氣污染物,粒狀污染物,,,2009,4.701
86978512,E,空氣污染物申報-一般空氣污染物,揮發性有機化合物,,,2009,60.25699999999999
86980046,E,空氣污染物申報-一般空氣污染物,粒狀污染物,,,2009,0.22999999999999998
86980046,E,空氣污染物申報-一般空氣污染物,揮發性有機化合物,,,2009,5.619
89396770,E,空氣污染物申報-一般空氣污染物,揮發性有機化合物,,,2009,5.035
89495531,E,空氣污染物申報-一般空氣污染物,揮發性有機化合物,,,2009,1.68
96865657,E,空氣污染物申報-一般空氣污染物,氮氧化物,,,2009,1.36
96865657,E,空氣污染物申報-一般空氣污染物,硫氧化物,,,2009,1.384
96865657,E,空氣污染物申報-一般空氣污染物,粒狀污染物,,,2009,1.211
96865657,E,空氣污染物申報-一般空氣污染物,揮發性有機化合物,,,2009,9.751
97178087,E,空氣污染物申報-一般空氣污染物,氮氧化物,,,2009,11.447000000000001
97178087,E,空氣污染物申報-一般空氣污染物,硫氧化物,,,2009,20.493
97178087,E,空氣污染物申報-一般空氣污染物,粒狀污染物,,,2009,0.8789999999999999
97178087,E,空氣污染物申報-一般空氣污染物,揮發性有機化合物,,,2009,9.245999999999999
97179403,E,空氣污染物申報-一般空氣污染物,氮氧化物,,,2009,4.742
97179403,E,空氣污染物申報-一般空氣污染物,硫氧化物,,,2009,6.78
97179403,E,空氣污染物申報-一般空氣污染物,粒狀污染物,,,2009,2.798
97179403,E,空氣污染物申報-一般空氣污染物,揮發性有機化合物,,,2009,109.646
97330127,E,空氣污染物申報-一般空氣污染物,粒狀污染物,,,2009,0.022
97330127,E,空氣污染物申報-一般空氣污染物,揮發性有機化合物,,,2009,21.655
05637971,E,空氣污染物申報-一般空氣污染物,粒狀污染物,,,2009,5.12
05637971,E,空氣污染物申報-一般空氣污染物,揮發性有機化合物,,,2009,12.52
04401392,E,空氣污染物申報-一般空氣污染物,氮氧化物,,,2009,5.142999999999999
04401392,E,空氣污染物申報-一般空氣污染物,硫氧化物,,,2009,1.8589999999999998
04401392,E,空氣污染物申報-一般空氣污染物,粒狀污染物,,,2009,11.070000000000002
04401392,E,空氣污染物申報-一般空氣污染物,揮發性有機化合物,,,2009,27.118
04226091,E,空氣污染物申報-一般空氣污染物,氮氧化物,,,2009,39.228
04226091,E,空氣污染物申報-一般空氣污染物,硫氧化物,,,2009,53.409000000000006
04226091,E,空氣污染物申報-一般空氣污染物,粒狀污染物,,,2009,9.36
04226091,E,空氣污染物申報-一般空氣污染物,揮發性有機化合物,,,2009,4.041
12738623,E,空氣污染物申報-一般空氣污染物,氮氧化物,,,2010,10.079999999999998
12738623,E,空氣污染物申報-一般空氣污染物,硫氧化物,,,2010,14.536
12738623,E,空氣污染物申報-一般空氣污染物,揮發性有機化合物,,,2010,1.366
16096804,E,空氣污染物申報-一般空氣污染物,粒狀污染物,,,2010,0.057
16096804,E,空氣污染物申報-一般空氣污染物,揮發性有機化合物,,,2010,35.555
16101031,E,空氣污染物申報-一般空氣污染物,揮發性有機化合物,,,2010,0.24
16130084,E,空氣污染物申報-一般空氣污染物,揮發性有機化合物,,,2010,8.996
16197211,E,空氣污染物申報-一般空氣污染物,揮發性有機化合物,,,2010,6.473000000000001
16198345,E,空氣污染物申報-一般空氣污染物,氮氧化物,,,2010,5.4559999999999995
16198345,E,空氣污染物申報-一般空氣污染物,硫氧化物,,,2010,0.123
16198345,E,空氣污染物申報-一般空氣污染物,粒狀污染物,,,2010,0.05
16198345,E,空氣污染物申報-一般空氣污染物,揮發性有機化合物,,,2010,66.83699999999999
16347324,E,空氣污染物申報-一般空氣污染物,揮發性有機化合物,,,2010,11.48
16431363,E,空氣污染物申報-一般空氣污染物,氮氧化物,,,2010,3.6020000000000003
16431363,E,空氣污染物申報-一般空氣污染物,硫氧化物,,,2010,4.053
16431363,E,空氣污染物申報-一般空氣污染物,粒狀污染物,,,2010,0.5880000000000001
16431363,E,空氣污染物申報-一般空氣污染物,揮發性有機化合物,,,2010,26.541000000000004
16447610,E,空氣污染物申報-一般空氣污染物,氮氧化物,,,2010,3.118
16447610,E,空氣污染物申報-一般空氣污染物,硫氧化物,,,2010,4.4959999999999996
16599215,E,空氣污染物申報-一般空氣污染物,粒狀污染物,,,2010,0.096
16599215,E,空氣污染物申報-一般空氣污染物,揮發性有機化合物,,,2010,20.663
16674213,E,空氣污染物申報-一般空氣污染物,揮發性有機化合物,,,2010,1.292
16742182,E,空氣污染物申報-一般空氣污染物,氮氧化物,,,2010,10.411000000000001
16742182,E,空氣污染物申報-一般空氣污染物,硫氧化物,,,2010,14.226999999999999
16742182,E,空氣污染物申報-一般空氣污染物,粒狀污染物,,,2010,10.656
16742182,E,空氣污染物申報-一般空氣污染物,揮發性有機化合物,,,2010,144.274
16834268,E,空氣污染物申報-一般空氣污染物,氮氧化物,,,2010,107.511
16834268,E,空氣污染物申報-一般空氣污染物,硫氧化物,,,2010,97.294
16834268,E,空氣污染物申報-一般空氣污染物,粒狀污染物,,,2010,14.586
16834268,E,空氣污染物申報-一般空氣污染物,揮發性有機化合物,,,2010,80.99499999999999
19004316,E,空氣污染物申報-一般空氣污染物,粒狀污染物,,,2010,6.571
19004316,E,空氣污染物申報-一般空氣污染物,揮發性有機化合物,,,2010,328.012
20759430,E,空氣污染物申報-一般空氣污染物,揮發性有機化合物,,,2010,10.896
20891326,E,空氣污染物申報-一般空氣污染物,粒狀污染物,,,2010,0.19199999999999998
20891326,E,空氣污染物申報-一般空氣污染物,揮發性有機化合物,,,2010,22.399
21204867,E,空氣污染物申報-一般空氣污染物,揮發性有機化合物,,,2010,10.778
22100469,E,空氣污染物申報-一般空氣污染物,揮發性有機化合物,,,2010,9.245999999999999
22274989,E,空氣污染物申報-一般空氣污染物,氮氧化物,,,2010,0.792
22274989,E,空氣污染物申報-一般空氣污染物,硫氧化物,,,2010,1.1400000000000001
22274989,E,空氣污染物申報-一般空氣污染物,揮發性有機化合物,,,2010,0.97
22306125,E,空氣污染物申報-一般空氣污染物,揮發性有機化合物,,,2010,0.096
22306130,E,空氣污染物申報-一般空氣污染物,粒狀污染物,,,2010,0.44
22415854,E,空氣污染物申報-一般空氣污染物,氮氧化物,,,2010,0.368
22415854,E,空氣污染物申報-一般空氣污染物,硫氧化物,,,2010,0.532
22415854,E,空氣污染物申報-一般空氣污染物,揮發性有機化合物,,,2010,0.6200000000000001
22570840,E,空氣污染物申報-一般空氣污染物,揮發性有機化合物,,,2010,2.794
22636630,E,空氣污染物申報-一般空氣污染物,揮發性有機化合物,,,2010,366.91700000000003
22771229,E,空氣污染物申報-一般空氣污染物,揮發性有機化合物,,,2010,5.5120000000000005
22773079,E,空氣污染物申報-一般空氣污染物,氮氧化物,,,2010,0.372
22773079,E,空氣污染物申報-一般空氣污染物,硫氧化物,,,2010,0.013999999999999999
22773079,E,空氣污染物申報-一般空氣污染物,揮發性有機化合物,,,2010,3.268
22944019,E,空氣污染物申報-一般空氣污染物,揮發性有機化合物,,,2010,0.724
22993144,E,空氣污染物申報-一般空氣污染物,氮氧化物,,,2010,0.313
22993144,E,空氣污染物申報-一般空氣污染物,硫氧化物,,,2010,0.01
22993144,E,空氣污染物申報-一般空氣污染物,粒狀污染物,,,2010,2.66
22993144,E,空氣污染物申報-一般空氣污染物,揮發性有機化合物,,,2010,23.138
23063420,E,空氣污染物申報-一般空氣污染物,粒狀污染物,,,2010,0.966
23063420,E,空氣污染物申報-一般空氣污染物,揮發性有機化合物,,,2010,2.142
23225071,E,空氣污染物申報-一般空氣污染物,氮氧化物,,,2010,2.2750000000000004
23225071,E,空氣污染物申報-一般空氣污染物,硫氧化物,,,2010,1.64
23225071,E,空氣污染物申報-一般空氣污染物,揮發性有機化合物,,,2010,34.468
23528103,E,空氣污染物申報-一般空氣污染物,氮氧化物,,,2010,0.37299999999999994
23528103,E,空氣污染物申報-一般空氣污染物,硫氧化物,,,2010,0.152
23528103,E,空氣污染物申報-一般空氣污染物,粒狀污染物,,,2010,0.009000000000000001
23528103,E,空氣污染物申報-一般空氣污染物,揮發性有機化合物,,,2010,41.022000000000006
23535435,E,空氣污染物申報-一般空氣污染物,氮氧化物,,,2010,8.674999999999999
23535435,E,空氣污染物申報-一般空氣污染物,硫氧化物,,,2010,5.206
23535435,E,空氣污染物申報-一般空氣污染物,粒狀污染物,,,2010,0.684
23535435,E,空氣污染物申報-一般空氣污染物,揮發性有機化合物,,,2010,29.68399999999999
23588039,E,空氣污染物申報-一般空氣污染物,揮發性有機化合物,,,2010,14.184
23641338,E,空氣污染物申報-一般空氣污染物,氮氧化物,,,2010,0.36
23641338,E,空氣污染物申報-一般空氣污染物,硫氧化物,,,2010,0.026999999999999996
23641338,E,空氣污染物申報-一般空氣污染物,揮發性有機化合物,,,2010,39.072
23750095,E,空氣污染物申報-一般空氣污染物,揮發性有機化合物,,,2010,1.616
23810592,E,空氣污染物申報-一般空氣污染物,揮發性有機化合物,,,2010,1.548
23983947,E,空氣污染物申報-一般空氣污染物,揮發性有機化合物,,,2010,1.637
30955404,E,空氣污染物申報-一般空氣污染物,氮氧化物,,,2010,4.18
30955404,E,空氣污染物申報-一般空氣污染物,硫氧化物,,,2010,6.04
30955404,E,空氣污染物申報-一般空氣污染物,揮發性有機化合物,,,2010,9.306
34051920,E,空氣污染物申報-一般空氣污染物,揮發性有機化合物,,,2010,8.114999999999998
35424073,E,空氣污染物申報-一般空氣污染物,氮氧化物,,,2010,0.004
35424073,E,空氣污染物申報-一般空氣污染物,揮發性有機化合物,,,2010,1.614
36084833,E,空氣污染物申報-一般空氣污染物,揮發性有機化合物,,,2010,9.278
43816068,E,空氣污染物申報-一般空氣污染物,氮氧化物,,,2010,0.66
43816068,E,空氣污染物申報-一般空氣污染物,硫氧化物,,,2010,0.024999999999999998
43816068,E,空氣污染物申報-一般空氣污染物,粒狀污染物,,,2010,8.026
43816068,E,空氣污染物申報-一般空氣污染物,揮發性有機化合物,,,2010,95.183
43880075,E,空氣污染物申報-一般空氣污染物,氮氧化物,,,2010,0.1
43880075,E,空氣污染物申報-一般空氣污染物,硫氧化物,,,2010,0.003
43880075,E,空氣污染物申報-一般空氣污染物,揮發性有機化合物,,,2010,2.645
44043132,E,空氣污染物申報-一般空氣污染物,粒狀污染物,,,2010,0.076
44043132,E,空氣污染物申報-一般空氣污染物,揮發性有機化合物,,,2010,1.323
45082694,E,空氣污染物申報-一般空氣污染物,揮發性有機化合物,,,2010,0.493
45190379,E,空氣污染物申報-一般空氣污染物,揮發性有機化合物,,,2010,1.776
52358985,E,空氣污染物申報-一般空氣污染物,揮發性有機化合物,,,2010,0.662
52753108,E,空氣污染物申報-一般空氣污染物,揮發性有機化合物,,,2010,11.081
52878846,E,空氣污染物申報-一般空氣污染物,揮發性有機化合物,,,2010,1.2269999999999999
59276051,E,空氣污染物申報-一般空氣污染物,揮發性有機化合物,,,2010,0.124
70684527,E,空氣污染物申報-一般空氣污染物,揮發性有機化合物,,,2010,0.558
70776899,E,空氣污染物申報-一般空氣污染物,氮氧化物,,,2010,4.843
70776899,E,空氣污染物申報-一般空氣污染物,硫氧化物,,,2010,6.9830000000000005
70776899,E,空氣污染物申報-一般空氣污染物,粒狀污染物,,,2010,0.687
70776899,E,空氣污染物申報-一般空氣污染物,揮發性有機化合物,,,2010,2.254
70801378,E,空氣污染物申報-一般空氣污染物,氮氧化物,,,2010,0.189
70801378,E,空氣污染物申報-一般空氣污染物,硫氧化物,,,2010,0.007
70801378,E,空氣污染物申報-一般空氣污染物,粒狀污染物,,,2010,0.252
70801378,E,空氣污染物申報-一般空氣污染物,揮發性有機化合物,,,2010,20.308999999999997
76026851,E,空氣污染物申報-一般空氣污染物,氮氧化物,,,2010,5.787000000000001
76026851,E,空氣污染物申報-一般空氣污染物,硫氧化物,,,2010,8.205
76026851,E,空氣污染物申報-一般空氣污染物,粒狀污染物,,,2010,11.962
76026851,E,空氣污染物申報-一般空氣污染物,揮發性有機化合物,,,2010,18.703000000000003
83639504,E,空氣污染物申報-一般空氣污染物,揮發性有機化合物,,,2010,2.86
84167600,E,空氣污染物申報-一般空氣污染物,氮氧化物,,,2010,0.528
84167600,E,空氣污染物申報-一般空氣污染物,硫氧化物,,,2010,0.76
84415355,E,空氣污染物申報-一般空氣污染物,揮發性有機化合物,,,2010,15.063000000000002
84607396,E,空氣污染物申報-一般空氣污染物,氮氧化物,,,2010,0.504
84607396,E,空氣污染物申報-一般空氣污染物,硫氧化物,,,2010,0.726
86124395,E,空氣污染物申報-一般空氣污染物,氮氧化物,,,2010,6.213
86124395,E,空氣污染物申報-一般空氣污染物,粒狀污染物,,,2010,24.115
86124395,E,空氣污染物申報-一般空氣污染物,揮發性有機化合物,,,2010,0.257
86332422,E,空氣污染物申報-一般空氣污染物,氮氧化物,,,2010,2.562
86332422,E,空氣污染物申報-一般空氣污染物,硫氧化物,,,2010,3.107
86332422,E,空氣污染物申報-一般空氣污染物,粒狀污染物,,,2010,2.149
86332422,E,空氣污染物申報-一般空氣污染物,揮發性有機化合物,,,2010,68.69
86362776,E,空氣污染物申報-一般空氣污染物,揮發性有機化合物,,,2010,0.028
86379707,E,空氣污染物申報-一般空氣污染物,揮發性有機化合物,,,2010,14.561
86412635,E,空氣污染物申報-一般空氣污染物,氮氧化物,,,2010,0.308
86412635,E,空氣污染物申報-一般空氣污染物,揮發性有機化合物,,,2010,0.202
86521351,E,空氣污染物申報-一般空氣污染物,氮氧化物,,,2010,40.464999999999996
86521351,E,空氣污染物申報-一般空氣污染物,硫氧化物,,,2010,41.078
86521351,E,空氣污染物申報-一般空氣污染物,粒狀污染物,,,2010,16.124
86521351,E,空氣污染物申報-一般空氣污染物,揮發性有機化合物,,,2010,277.11699999999996
86667046,E,空氣污染物申報-一般空氣污染物,揮發性有機化合物,,,2010,40.79
86691377,E,空氣污染物申報-一般空氣污染物,氮氧化物,,,2010,3.864
86691377,E,空氣污染物申報-一般空氣污染物,硫氧化物,,,2010,2.693
86691377,E,空氣污染物申報-一般空氣污染物,粒狀污染物,,,2010,0.367
86691377,E,空氣污染物申報-一般空氣污染物,揮發性有機化合物,,,2010,1.17
86978512,E,空氣污染物申報-一般空氣污染物,氮氧化物,,,2010,0.188
86978512,E,空氣污染物申報-一般空氣污染物,硫氧化物,,,2010,0.016
86978512,E,空氣污染物申報-一般空氣污染物,粒狀污染物,,,2010,3.608
86978512,E,空氣污染物申報-一般空氣污染物,揮發性有機化合物,,,2010,39.668
86980046,E,空氣污染物申報-一般空氣污染物,粒狀污染物,,,2010,0.37
86980046,E,空氣污染物申報-一般空氣污染物,揮發性有機化合物,,,2010,15.475999999999999
89379218,E,空氣污染物申報-一般空氣污染物,揮發性有機化合物,,,2010,2.211
89396770,E,空氣污染物申報-一般空氣污染物,揮發性有機化合物,,,2010,11.141
89495531,E,空氣污染物申報-一般空氣污染物,揮發性有機化合物,,,2010,2.032
96865657,E,空氣污染物申報-一般空氣污染物,氮氧化物,,,2010,2.338
96865657,E,空氣污染物申報-一般空氣污染物,硫氧化物,,,2010,1.9340000000000002
96865657,E,空氣污染物申報-一般空氣污染物,粒狀污染物,,,2010,2.776
96865657,E,空氣污染物申報-一般空氣污染物,揮發性有機化合物,,,2010,23.094
97178087,E,空氣污染物申報-一般空氣污染物,氮氧化物,,,2010,11.577999999999998
97178087,E,空氣污染物申報-一般空氣污染物,硫氧化物,,,2010,19.374
97178087,E,空氣污染物申報-一般空氣污染物,粒狀污染物,,,2010,0.7949999999999999
97178087,E,空氣污染物申報-一般空氣污染物,揮發性有機化合物,,,2010,7.825999999999999
97179403,E,空氣污染物申報-一般空氣污染物,氮氧化物,,,2010,6.0089999999999995
97179403,E,空氣污染物申報-一般空氣污染物,硫氧化物,,,2010,10.143
97179403,E,空氣污染物申報-一般空氣污染物,粒狀污染物,,,2010,6.8870000000000005
97179403,E,空氣污染物申報-一般空氣污染物,揮發性有機化合物,,,2010,326.919
97330127,E,空氣污染物申報-一般空氣污染物,氮氧化物,,,2010,0.45600000000000007
97330127,E,空氣污染物申報-一般空氣污染物,粒狀污染物,,,2010,0.009000000000000001
97330127,E,空氣污染物申報-一般空氣污染物,揮發性有機化合物,,,2010,29.852
04401392,E,空氣污染物申報-一般空氣污染物,氮氧化物,,,2010,8.661
04401392,E,空氣污染物申報-一般空氣污染物,硫氧化物,,,2010,8.196
04401392,E,空氣污染物申報-一般空氣污染物,粒狀污染物,,,2010,2.3680000000000003
04401392,E,空氣污染物申報-一般空氣污染物,揮發性有機化合物,,,2010,33.227000000000004
04226091,E,空氣污染物申報-一般空氣污染物,氮氧化物,,,2010,98.61800000000002
04226091,E,空氣污染物申報-一般空氣污染物,硫氧化物,,,2010,137.79
04226091,E,空氣污染物申報-一般空氣污染物,粒狀污染物,,,2010,24.515
04226091,E,空氣污染物申報-一般空氣污染物,揮發性有機化合物,,,2010,14.343
05637971,E,空氣污染物申報-一般空氣污染物,粒狀污染物,,,2010,4.524
05637971,E,空氣污染物申報-一般空氣污染物,揮發性有機化合物,,,2010,13.787999999999998
12738623,E,空氣污染物申報-一般空氣污染物,氮氧化物,,,2011,4.098
12738623,E,空氣污染物申報-一般空氣污染物,硫氧化物,,,2011,5.908
12738623,E,空氣污染物申報-一般空氣污染物,揮發性有機化合物,,,2011,0.44
16096804,E,空氣污染物申報-一般空氣污染物,粒狀污染物,,,2011,0.05600000000000001
16096804,E,空氣污染物申報-一般空氣污染物,揮發性有機化合物,,,2011,33.236999999999995
16101031,E,空氣污染物申報-一般空氣污染物,氮氧化物,,,2011,0.204
16101031,E,空氣污染物申報-一般空氣污染物,硫氧化物,,,2011,0.017000000000000005
16101031,E,空氣污染物申報-一般空氣污染物,揮發性有機化合物,,,2011,0.8859999999999999
16130084,E,空氣污染物申報-一般空氣污染物,揮發性有機化合物,,,2011,6.06
16197211,E,空氣污染物申報-一般空氣污染物,揮發性有機化合物,,,2011,3.323
16198345,E,空氣污染物申報-一般空氣污染物,氮氧化物,,,2011,2.73
16198345,E,空氣污染物申報-一般空氣污染物,硫氧化物,,,2011,0.052000000000000005
16198345,E,空氣污染物申報-一般空氣污染物,粒狀污染物,,,2011,0.335
16198345,E,空氣污染物申報-一般空氣污染物,揮發性有機化合物,,,2011,15.795
16347324,E,空氣污染物申報-一般空氣污染物,揮發性有機化合物,,,2011,13.819999999999999
16431363,E,空氣污染物申報-一般空氣污染物,氮氧化物,,,2011,5.210999999999999
16431363,E,空氣污染物申報-一般空氣污染物,硫氧化物,,,2011,5.65
16431363,E,空氣污染物申報-一般空氣污染物,揮發性有機化合物,,,2011,28.393
16447610,E,空氣污染物申報-一般空氣污染物,氮氧化物,,,2011,3.4129999999999994
16447610,E,空氣污染物申報-一般空氣污染物,硫氧化物,,,2011,4.92
16447610,E,空氣污染物申報-一般空氣污染物,揮發性有機化合物,,,2011,1.642
16599215,E,空氣污染物申報-一般空氣污染物,粒狀污染物,,,2011,0.144
16599215,E,空氣污染物申報-一般空氣污染物,揮發性有機化合物,,,2011,30.646
16674213,E,空氣污染物申報-一般空氣污染物,揮發性有機化合物,,,2011,5.329000000000001
16742182,E,空氣污染物申報-一般空氣污染物,氮氧化物,,,2011,7.6129999999999995
16742182,E,空氣污染物申報-一般空氣污染物,硫氧化物,,,2011,10.436000000000002
16742182,E,空氣污染物申報-一般空氣污染物,粒狀污染物,,,2011,3.253
16742182,E,空氣污染物申報-一般空氣污染物,揮發性有機化合物,,,2011,81.73899999999999
16834268,E,空氣污染物申報-一般空氣污染物,氮氧化物,,,2011,14.742
16834268,E,空氣污染物申報-一般空氣污染物,粒狀污染物,,,2011,0.8150000000000001
19004316,E,空氣污染物申報-一般空氣污染物,粒狀污染物,,,2011,17.679000000000002
19004316,E,空氣污染物申報-一般空氣污染物,揮發性有機化合物,,,2011,532.0569999999999
20759430,E,空氣污染物申報-一般空氣污染物,揮發性有機化合物,,,2011,18.124
20891326,E,空氣污染物申報-一般空氣污染物,粒狀污染物,,,2011,0.21899999999999997
20891326,E,空氣污染物申報-一般空氣污染物,揮發性有機化合物,,,2011,37.932
21204867,E,空氣污染物申報-一般空氣污染物,揮發性有機化合物,,,2011,26.775999999999996
22100469,E,空氣污染物申報-一般空氣污染物,揮發性有機化合物,,,2011,1.633
22274989,E,空氣污染物申報-一般空氣污染物,氮氧化物,,,2011,1.186
22274989,E,空氣污染物申報-一般空氣污染物,硫氧化物,,,2011,1.71
22274989,E,空氣污染物申報-一般空氣污染物,揮發性有機化合物,,,2011,0.9420000000000001
22306125,E,空氣污染物申報-一般空氣污染物,揮發性有機化合物,,,2011,0.5880000000000001
22306130,E,空氣污染物申報-一般空氣污染物,氮氧化物,,,2011,0.002
22306130,E,空氣污染物申報-一般空氣污染物,粒狀污染物,,,2011,0.72
22306130,E,空氣污染物申報-一般空氣污染物,揮發性有機化合物,,,2011,0.002
22570840,E,空氣污染物申報-一般空氣污染物,揮發性有機化合物,,,2011,5.98
22636630,E,空氣污染物申報-一般空氣污染物,揮發性有機化合物,,,2011,52.61999999999999
22771229,E,空氣污染物申報-一般空氣污染物,揮發性有機化合物,,,2011,1.6789999999999998
22773079,E,空氣污染物申報-一般空氣污染物,氮氧化物,,,2011,0.357
22773079,E,空氣污染物申報-一般空氣污染物,硫氧化物,,,2011,0.013000000000000001
22773079,E,空氣污染物申報-一般空氣污染物,揮發性有機化合物,,,2011,3.2
22944019,E,空氣污染物申報-一般空氣污染物,揮發性有機化合物,,,2011,0.322
22993144,E,空氣污染物申報-一般空氣污染物,氮氧化物,,,2011,1.1610000000000003
22993144,E,空氣污染物申報-一般空氣污染物,硫氧化物,,,2011,1.2790000000000001
22993144,E,空氣污染物申報-一般空氣污染物,粒狀污染物,,,2011,2.888
22993144,E,空氣污染物申報-一般空氣污染物,揮發性有機化合物,,,2011,12.296999999999999
23063420,E,空氣污染物申報-一般空氣污染物,粒狀污染物,,,2011,0.45399999999999996
23063420,E,空氣污染物申報-一般空氣污染物,揮發性有機化合物,,,2011,1.048
23225071,E,空氣污染物申報-一般空氣污染物,氮氧化物,,,2011,0.9249999999999999
23225071,E,空氣污染物申報-一般空氣污染物,硫氧化物,,,2011,0.027000000000000003
23225071,E,空氣污染物申報-一般空氣污染物,揮發性有機化合物,,,2011,17.632
23528103,E,空氣污染物申報-一般空氣污染物,氮氧化物,,,2011,0.193
23528103,E,空氣污染物申報-一般空氣污染物,硫氧化物,,,2011,0.077
23528103,E,空氣污染物申報-一般空氣污染物,粒狀污染物,,,2011,0.007
23528103,E,空氣污染物申報-一般空氣污染物,揮發性有機化合物,,,2011,23.096999999999998
23535435,E,空氣污染物申報-一般空氣污染物,氮氧化物,,,2011,16.813000000000002
23535435,E,空氣污染物申報-一般空氣污染物,硫氧化物,,,2011,12.850000000000003
23535435,E,空氣污染物申報-一般空氣污染物,粒狀污染物,,,2011,3.3200000000000003
23535435,E,空氣污染物申報-一般空氣污染物,揮發性有機化合物,,,2011,44.91
23588039,E,空氣污染物申報-一般空氣污染物,揮發性有機化合物,,,2011,54.977000000000004
23641338,E,空氣污染物申報-一般空氣污染物,氮氧化物,,,2011,0.142
23641338,E,空氣污染物申報-一般空氣污染物,硫氧化物,,,2011,0.011
23641338,E,空氣污染物申報-一般空氣污染物,揮發性有機化合物,,,2011,50.074000000000005
23750095,E,空氣污染物申報-一般空氣污染物,揮發性有機化合物,,,2011,1.941
23810592,E,空氣污染物申報-一般空氣污染物,揮發性有機化合物,,,2011,3.914
23983947,E,空氣污染物申報-一般空氣污染物,揮發性有機化合物,,,2011,2.638
30955404,E,空氣污染物申報-一般空氣污染物,氮氧化物,,,2011,1.086
30955404,E,空氣污染物申報-一般空氣污染物,硫氧化物,,,2011,0.042
30955404,E,空氣污染物申報-一般空氣污染物,揮發性有機化合物,,,2011,9.120000000000001
34051920,E,空氣污染物申報-一般空氣污染物,揮發性有機化合物,,,2011,19.102000000000004
35424073,E,空氣污染物申報-一般空氣污染物,氮氧化物,,,2011,0.01
35424073,E,空氣污染物申報-一般空氣污染物,硫氧化物,,,2011,0.001
35424073,E,空氣污染物申報-一般空氣污染物,揮發性有機化合物,,,2011,7.277
36084833,E,空氣污染物申報-一般空氣污染物,揮發性有機化合物,,,2011,3.788
43816068,E,空氣污染物申報-一般空氣污染物,氮氧化物,,,2011,0.9359999999999999
43816068,E,空氣污染物申報-一般空氣污染物,硫氧化物,,,2011,0.032
43816068,E,空氣污染物申報-一般空氣污染物,粒狀污染物,,,2011,7.682
43816068,E,空氣污染物申報-一般空氣污染物,揮發性有機化合物,,,2011,122.521
43880075,E,空氣污染物申報-一般空氣污染物,氮氧化物,,,2011,0.216
43880075,E,空氣污染物申報-一般空氣污染物,硫氧化物,,,2011,0.004
43880075,E,空氣污染物申報-一般空氣污染物,揮發性有機化合物,,,2011,2.474
44043132,E,空氣污染物申報-一般空氣污染物,粒狀污染物,,,2011,0.228
44043132,E,空氣污染物申報-一般空氣污染物,揮發性有機化合物,,,2011,3.3549999999999995
45082694,E,空氣污染物申報-一般空氣污染物,揮發性有機化合物,,,2011,0.006
45190379,E,空氣污染物申報-一般空氣污染物,揮發性有機化合物,,,2011,1.8279999999999998
52358985,E,空氣污染物申報-一般空氣污染物,揮發性有機化合物,,,2011,0.964
52753108,E,空氣污染物申報-一般空氣污染物,揮發性有機化合物,,,2011,2.572
52878846,E,空氣污染物申報-一般空氣污染物,揮發性有機化合物,,,2011,1.04
59276051,E,空氣污染物申報-一般空氣污染物,揮發性有機化合物,,,2011,0.48
70684527,E,空氣污染物申報-一般空氣污染物,揮發性有機化合物,,,2011,0.51
70776899,E,空氣污染物申報-一般空氣污染物,氮氧化物,,,2011,9.389
70776899,E,空氣污染物申報-一般空氣污染物,硫氧化物,,,2011,13.538
70776899,E,空氣污染物申報-一般空氣污染物,揮發性有機化合物,,,2011,0.91
70801378,E,空氣污染物申報-一般空氣污染物,氮氧化物,,,2011,0.5820000000000001
70801378,E,空氣污染物申報-一般空氣污染物,硫氧化物,,,2011,0.015
70801378,E,空氣污染物申報-一般空氣污染物,粒狀污染物,,,2011,0.246
70801378,E,空氣污染物申報-一般空氣污染物,揮發性有機化合物,,,2011,6.612
76026851,E,空氣污染物申報-一般空氣污染物,氮氧化物,,,2011,11.456
76026851,E,空氣污染物申報-一般空氣污染物,硫氧化物,,,2011,19.194000000000003
76026851,E,空氣污染物申報-一般空氣污染物,粒狀污染物,,,2011,20.529
76026851,E,空氣污染物申報-一般空氣污染物,揮發性有機化合物,,,2011,49.102
83639504,E,空氣污染物申報-一般空氣污染物,揮發性有機化合物,,,2011,4.1979999999999995
84167600,E,空氣污染物申報-一般空氣污染物,氮氧化物,,,2011,0.521
84167600,E,空氣污染物申報-一般空氣污染物,硫氧化物,,,2011,0.75
84415355,E,空氣污染物申報-一般空氣污染物,揮發性有機化合物,,,2011,3.806
84433564,E,空氣污染物申報-一般空氣污染物,揮發性有機化合物,,,2011,0.6679999999999999
84607396,E,空氣污染物申報-一般空氣污染物,氮氧化物,,,2011,0.8660000000000001
84607396,E,空氣污染物申報-一般空氣污染物,硫氧化物,,,2011,1.2489999999999999
84808400,E,空氣污染物申報-一般空氣污染物,揮發性有機化合物,,,2011,1.699
86124395,E,空氣污染物申報-一般空氣污染物,氮氧化物,,,2011,4.494
86124395,E,空氣污染物申報-一般空氣污染物,粒狀污染物,,,2011,17.235
86124395,E,空氣污染物申報-一般空氣污染物,揮發性有機化合物,,,2011,0.17400000000000002
86332422,E,空氣污染物申報-一般空氣污染物,氮氧化物,,,2011,2.921
86332422,E,空氣污染物申報-一般空氣污染物,硫氧化物,,,2011,3.7249999999999996
86332422,E,空氣污染物申報-一般空氣污染物,粒狀污染物,,,2011,1.8079999999999998
86332422,E,空氣污染物申報-一般空氣污染物,揮發性有機化合物,,,2011,23.348
86362776,E,空氣污染物申報-一般空氣污染物,揮發性有機化合物,,,2011,0.093
86379707,E,空氣污染物申報-一般空氣污染物,揮發性有機化合物,,,2011,13.752
86412635,E,空氣污染物申報-一般空氣污染物,氮氧化物,,,2011,0.37999999999999995
86412635,E,空氣污染物申報-一般空氣污染物,揮發性有機化合物,,,2011,0.313
86521351,E,空氣污染物申報-一般空氣污染物,氮氧化物,,,2011,49.449
86521351,E,空氣污染物申報-一般空氣污染物,硫氧化物,,,2011,56.277
86521351,E,空氣污染物申報-一般空氣污染物,粒狀污染物,,,2011,26.045
86521351,E,空氣污染物申報-一般空氣污染物,揮發性有機化合物,,,2011,475.262
86667046,E,空氣污染物申報-一般空氣污染物,揮發性有機化合物,,,2011,22.47
86691377,E,空氣污染物申報-一般空氣污染物,氮氧化物,,,2011,4.839
86691377,E,空氣污染物申報-一般空氣污染物,硫氧化物,,,2011,3.516
86691377,E,空氣污染物申報-一般空氣污染物,粒狀污染物,,,2011,0.425
86691377,E,空氣污染物申報-一般空氣污染物,揮發性有機化合物,,,2011,1.473
86978512,E,空氣污染物申報-一般空氣污染物,氮氧化物,,,2011,0.17400000000000002
86978512,E,空氣污染物申報-一般空氣污染物,硫氧化物,,,2011,0.013999999999999999
86978512,E,空氣污染物申報-一般空氣污染物,粒狀污染物,,,2011,4.76
86978512,E,空氣污染物申報-一般空氣污染物,揮發性有機化合物,,,2011,43.592
86980046,E,空氣污染物申報-一般空氣污染物,揮發性有機化合物,,,2011,11.034
89379218,E,空氣污染物申報-一般空氣污染物,揮發性有機化合物,,,2011,1.774
89396770,E,空氣污染物申報-一般空氣污染物,揮發性有機化合物,,,2011,4.751
89495531,E,空氣污染物申報-一般空氣污染物,粒狀污染物,,,2011,0.216
89495531,E,空氣污染物申報-一般空氣污染物,揮發性有機化合物,,,2011,1.409
96865657,E,空氣污染物申報-一般空氣污染物,氮氧化物,,,2011,4.829
96865657,E,空氣污染物申報-一般空氣污染物,硫氧化物,,,2011,4.975
96865657,E,空氣污染物申報-一般空氣污染物,粒狀污染物,,,2011,4.225
96865657,E,空氣污染物申報-一般空氣污染物,揮發性有機化合物,,,2011,70.186
97178087,E,空氣污染物申報-一般空氣污染物,氮氧化物,,,2011,16.776000000000003
97178087,E,空氣污染物申報-一般空氣污染物,硫氧化物,,,2011,25.912999999999997
97178087,E,空氣污染物申報-一般空氣污染物,粒狀污染物,,,2011,1.554
97178087,E,空氣污染物申報-一般空氣污染物,揮發性有機化合物,,,2011,9.789000000000001
97179403,E,空氣污染物申報-一般空氣污染物,氮氧化物,,,2011,2.933
97179403,E,空氣污染物申報-一般空氣污染物,硫氧化物,,,2011,3.907
97179403,E,空氣污染物申報-一般空氣污染物,粒狀污染物,,,2011,1.375
97179403,E,空氣污染物申報-一般空氣污染物,揮發性有機化合物,,,2011,45.674
97330127,E,空氣污染物申報-一般空氣污染物,氮氧化物,,,2011,0.327
97330127,E,空氣污染物申報-一般空氣污染物,粒狀污染物,,,2011,0.006
97330127,E,空氣污染物申報-一般空氣污染物,揮發性有機化合物,,,2011,29.719
04401392,E,空氣污染物申報-一般空氣污染物,氮氧化物,,,2011,7.526999999999999
04401392,E,空氣污染物申報-一般空氣污染物,硫氧化物,,,2011,9.084
04401392,E,空氣污染物申報-一般空氣污染物,粒狀污染物,,,2011,0.018
04401392,E,空氣污染物申報-一般空氣污染物,揮發性有機化合物,,,2011,29.829
05637971,E,空氣污染物申報-一般空氣污染物,粒狀污染物,,,2011,5.260000000000001
05637971,E,空氣污染物申報-一般空氣污染物,揮發性有機化合物,,,2011,16.93
04226091,E,空氣污染物申報-一般空氣污染物,氮氧化物,,,2011,35.349000000000004
04226091,E,空氣污染物申報-一般空氣污染物,硫氧化物,,,2011,47.969
04226091,E,空氣污染物申報-一般空氣污染物,粒狀污染物,,,2011,8.972
04226091,E,空氣污染物申報-一般空氣污染物,揮發性有機化合物,,,2011,5.064
12738623,E,空氣污染物申報-一般空氣污染物,氮氧化物,,,2012,6.734
12738623,E,空氣污染物申報-一般空氣污染物,硫氧化物,,,2012,9.71
12738623,E,空氣污染物申報-一般空氣污染物,揮發性有機化合物,,,2012,1.112
16096804,E,空氣污染物申報-一般空氣污染物,粒狀污染物,,,2012,0.37000000000000005
16096804,E,空氣污染物申報-一般空氣污染物,揮發性有機化合物,,,2012,32.275
16101031,E,空氣污染物申報-一般空氣污染物,氮氧化物,,,2012,0.16799999999999998
16101031,E,空氣污染物申報-一般空氣污染物,揮發性有機化合物,,,2012,0.21200000000000002
16130084,E,空氣污染物申報-一般空氣污染物,揮發性有機化合物,,,2012,6.091
16197211,E,空氣污染物申報-一般空氣污染物,揮發性有機化合物,,,2012,3.351
16198345,E,空氣污染物申報-一般空氣污染物,氮氧化物,,,2012,7.203000000000001
16198345,E,空氣污染物申報-一般空氣污染物,硫氧化物,,,2012,0.147
16198345,E,空氣污染物申報-一般空氣污染物,粒狀污染物,,,2012,0.31099999999999994
16198345,E,空氣污染物申報-一般空氣污染物,揮發性有機化合物,,,2012,96.988
16347324,E,空氣污染物申報-一般空氣污染物,揮發性有機化合物,,,2012,11.309000000000001
16431363,E,空氣污染物申報-一般空氣污染物,氮氧化物,,,2012,1.745
16431363,E,空氣污染物申報-一般空氣污染物,硫氧化物,,,2012,1.861
16431363,E,空氣污染物申報-一般空氣污染物,揮發性有機化合物,,,2012,8.452
16447610,E,空氣污染物申報-一般空氣污染物,氮氧化物,,,2012,3.9139999999999997
16447610,E,空氣污染物申報-一般空氣污染物,硫氧化物,,,2012,5.642
16447610,E,空氣污染物申報-一般空氣污染物,揮發性有機化合物,,,2012,1.729
16599215,E,空氣污染物申報-一般空氣污染物,粒狀污染物,,,2012,0.10600000000000001
16599215,E,空氣污染物申報-一般空氣污染物,揮發性有機化合物,,,2012,66.108
16674213,E,空氣污染物申報-一般空氣污染物,揮發性有機化合物,,,2012,4.702
16742182,E,空氣污染物申報-一般空氣污染物,氮氧化物,,,2012,16.143
16742182,E,空氣污染物申報-一般空氣污染物,硫氧化物,,,2012,21.223000000000003
16742182,E,空氣污染物申報-一般空氣污染物,粒狀污染物,,,2012,0.033
16742182,E,空氣污染物申報-一般空氣污染物,揮發性有機化合物,,,2012,143.363
16834268,E,空氣污染物申報-一般空氣污染物,氮氧化物,,,2012,70.92599999999999
16834268,E,空氣污染物申報-一般空氣污染物,硫氧化物,,,2012,30.999
16834268,E,空氣污染物申報-一般空氣污染物,粒狀污染物,,,2012,23.398
16834268,E,空氣污染物申報-一般空氣污染物,揮發性有機化合物,,,2012,21.104000000000003
19004316,E,空氣污染物申報-一般空氣污染物,粒狀污染物,,,2012,2.549
19004316,E,空氣污染物申報-一般空氣污染物,揮發性有機化合物,,,2012,256.486
20759430,E,空氣污染物申報-一般空氣污染物,揮發性有機化合物,,,2012,7.54
20891326,E,空氣污染物申報-一般空氣污染物,粒狀污染物,,,2012,0.476
20891326,E,空氣污染物申報-一般空氣污染物,揮發性有機化合物,,,2012,57.306
21204867,E,空氣污染物申報-一般空氣污染物,揮發性有機化合物,,,2012,12.97
22100469,E,空氣污染物申報-一般空氣污染物,揮發性有機化合物,,,2012,4.356
22274989,E,空氣污染物申報-一般空氣污染物,氮氧化物,,,2012,2.634
22274989,E,空氣污染物申報-一般空氣污染物,硫氧化物,,,2012,3.8
22274989,E,空氣污染物申報-一般空氣污染物,揮發性有機化合物,,,2012,2.072
22306125,E,空氣污染物申報-一般空氣污染物,揮發性有機化合物,,,2012,0.782
22306130,E,空氣污染物申報-一般空氣污染物,氮氧化物,,,2012,0.003
22306130,E,空氣污染物申報-一般空氣污染物,粒狀污染物,,,2012,1.4
22306130,E,空氣污染物申報-一般空氣污染物,揮發性有機化合物,,,2012,7.159
22415854,E,空氣污染物申報-一般空氣污染物,揮發性有機化合物,,,2012,2.03
22570840,E,空氣污染物申報-一般空氣污染物,揮發性有機化合物,,,2012,2.8869999999999996
22636630,E,空氣污染物申報-一般空氣污染物,揮發性有機化合物,,,2012,315.65500000000003
22771229,E,空氣污染物申報-一般空氣污染物,揮發性有機化合物,,,2012,1.9289999999999998
22773079,E,空氣污染物申報-一般空氣污染物,氮氧化物,,,2012,0.282
22773079,E,空氣污染物申報-一般空氣污染物,硫氧化物,,,2012,0.003
22773079,E,空氣污染物申報-一般空氣污染物,粒狀污染物,,,2012,0.059
22773079,E,空氣污染物申報-一般空氣污染物,揮發性有機化合物,,,2012,2.2279999999999998
22944019,E,空氣污染物申報-一般空氣污染物,揮發性有機化合物,,,2012,0.624
22993144,E,空氣污染物申報-一般空氣污染物,氮氧化物,,,2012,1.004
22993144,E,空氣污染物申報-一般空氣污染物,硫氧化物,,,2012,0.744
22993144,E,空氣污染物申報-一般空氣污染物,粒狀污染物,,,2012,0.126
22993144,E,空氣污染物申報-一般空氣污染物,揮發性有機化合物,,,2012,14.247
23063420,E,空氣污染物申報-一般空氣污染物,粒狀污染物,,,2012,0.43
23063420,E,空氣污染物申報-一般空氣污染物,揮發性有機化合物,,,2012,2.14
23225071,E,空氣污染物申報-一般空氣污染物,氮氧化物,,,2012,0.8600000000000001
23225071,E,空氣污染物申報-一般空氣污染物,硫氧化物,,,2012,0.004
23225071,E,空氣污染物申報-一般空氣污染物,揮發性有機化合物,,,2012,18.57
23528103,E,空氣污染物申報-一般空氣污染物,氮氧化物,,,2012,0.183
23528103,E,空氣污染物申報-一般空氣污染物,硫氧化物,,,2012,0.075
23528103,E,空氣污染物申報-一般空氣污染物,粒狀污染物,,,2012,0.05999999999999999
23528103,E,空氣污染物申報-一般空氣污染物,揮發性有機化合物,,,2012,37.50099999999999
23535435,E,空氣污染物申報-一般空氣污染物,氮氧化物,,,2012,18.524000000000004
23535435,E,空氣污染物申報-一般空氣污染物,硫氧化物,,,2012,18.021
23535435,E,空氣污染物申報-一般空氣污染物,粒狀污染物,,,2012,5.421000000000001
23535435,E,空氣污染物申報-一般空氣污染物,揮發性有機化合物,,,2012,63.149
23588039,E,空氣污染物申報-一般空氣污染物,粒狀污染物,,,2012,0.005
23588039,E,空氣污染物申報-一般空氣污染物,揮發性有機化合物,,,2012,30.988
23641338,E,空氣污染物申報-一般空氣污染物,氮氧化物,,,2012,0.62
23641338,E,空氣污染物申報-一般空氣污染物,硫氧化物,,,2012,0.05
23641338,E,空氣污染物申報-一般空氣污染物,粒狀污染物,,,2012,11.747
23641338,E,空氣污染物申報-一般空氣污染物,揮發性有機化合物,,,2012,88.33800000000001
23750095,E,空氣污染物申報-一般空氣污染物,揮發性有機化合物,,,2012,0.654
23810592,E,空氣污染物申報-一般空氣污染物,揮發性有機化合物,,,2012,1.7999999999999998
23983947,E,空氣污染物申報-一般空氣污染物,揮發性有機化合物,,,2012,1.1070000000000002
30955404,E,空氣污染物申報-一般空氣污染物,氮氧化物,,,2012,1.642
30955404,E,空氣污染物申報-一般空氣污染物,硫氧化物,,,2012,0.013000000000000001
30955404,E,空氣污染物申報-一般空氣污染物,粒狀污染物,,,2012,0.255
30955404,E,空氣污染物申報-一般空氣污染物,揮發性有機化合物,,,2012,4.197
34051920,E,空氣污染物申報-一般空氣污染物,揮發性有機化合物,,,2012,24.602000000000004
35424073,E,空氣污染物申報-一般空氣污染物,氮氧化物,,,2012,0.028
35424073,E,空氣污染物申報-一般空氣污染物,硫氧化物,,,2012,0.002
35424073,E,空氣污染物申報-一般空氣污染物,揮發性有機化合物,,,2012,10.813
36084833,E,空氣污染物申報-一般空氣污染物,揮發性有機化合物,,,2012,8.610999999999999
43816068,E,空氣污染物申報-一般空氣污染物,氮氧化物,,,2012,0.526
43816068,E,空氣污染物申報-一般空氣污染物,硫氧化物,,,2012,0.006
43816068,E,空氣污染物申報-一般空氣污染物,粒狀污染物,,,2012,5.167
43816068,E,空氣污染物申報-一般空氣污染物,揮發性有機化合物,,,2012,77.977
43880075,E,空氣污染物申報-一般空氣污染物,揮發性有機化合物,,,2012,1.165
44043132,E,空氣污染物申報-一般空氣污染物,粒狀污染物,,,2012,0.19
44043132,E,空氣污染物申報-一般空氣污染物,揮發性有機化合物,,,2012,0.549
45011782,E,空氣污染物申報-一般空氣污染物,揮發性有機化合物,,,2012,0.006
52358985,E,空氣污染物申報-一般空氣污染物,揮發性有機化合物,,,2012,1.712
52753108,E,空氣污染物申報-一般空氣污染物,揮發性有機化合物,,,2012,2.701
53125710,E,空氣污染物申報-一般空氣污染物,揮發性有機化合物,,,2012,0.002
59276051,E,空氣污染物申報-一般空氣污染物,揮發性有機化合物,,,2012,0.5619999999999999
70540563,E,空氣污染物申報-一般空氣污染物,揮發性有機化合物,,,2012,0.53
70684527,E,空氣污染物申報-一般空氣污染物,揮發性有機化合物,,,2012,0.184
70776899,E,空氣污染物申報-一般空氣污染物,氮氧化物,,,2012,11.706
70776899,E,空氣污染物申報-一般空氣污染物,硫氧化物,,,2012,16.778
70776899,E,空氣污染物申報-一般空氣污染物,粒狀污染物,,,2012,0.983
70776899,E,空氣污染物申報-一般空氣污染物,揮發性有機化合物,,,2012,1.256
70801378,E,空氣污染物申報-一般空氣污染物,氮氧化物,,,2012,0.7330000000000001
70801378,E,空氣污染物申報-一般空氣污染物,硫氧化物,,,2012,0.006
70801378,E,空氣污染物申報-一般空氣污染物,粒狀污染物,,,2012,0.33
70801378,E,空氣污染物申報-一般空氣污染物,揮發性有機化合物,,,2012,5.9510000000000005
76026851,E,空氣污染物申報-一般空氣污染物,氮氧化物,,,2012,13.389999999999999
76026851,E,空氣污染物申報-一般空氣污染物,硫氧化物,,,2012,20.1
76026851,E,空氣污染物申報-一般空氣污染物,粒狀污染物,,,2012,14.733999999999998
76026851,E,空氣污染物申報-一般空氣污染物,揮發性有機化合物,,,2012,55.92
83360971,E,空氣污染物申報-一般空氣污染物,揮發性有機化合物,,,2012,1.556
83639504,E,空氣污染物申報-一般空氣污染物,揮發性有機化合物,,,2012,2.9509999999999996
84167600,E,空氣污染物申報-一般空氣污染物,氮氧化物,,,2012,0.264
84167600,E,空氣污染物申報-一般空氣污染物,硫氧化物,,,2012,0.38
84415355,E,空氣污染物申報-一般空氣污染物,揮發性有機化合物,,,2012,2.594
84433564,E,空氣污染物申報-一般空氣污染物,揮發性有機化合物,,,2012,0.094
84607396,E,空氣污染物申報-一般空氣污染物,氮氧化物,,,2012,1.195
84607396,E,空氣污染物申報-一般空氣污染物,硫氧化物,,,2012,1.723
84808400,E,空氣污染物申報-一般空氣污染物,粒狀污染物,,,2012,0.026000000000000002
84808400,E,空氣污染物申報-一般空氣污染物,揮發性有機化合物,,,2012,2.2960000000000003
86332422,E,空氣污染物申報-一般空氣污染物,氮氧化物,,,2012,5.95
86332422,E,空氣污染物申報-一般空氣污染物,硫氧化物,,,2012,8.032
86332422,E,空氣污染物申報-一般空氣污染物,粒狀污染物,,,2012,1.65
86332422,E,空氣污染物申報-一般空氣污染物,揮發性有機化合物,,,2012,117.992
86362776,E,空氣污染物申報-一般空氣污染物,揮發性有機化合物,,,2012,0.076
86379707,E,空氣污染物申報-一般空氣污染物,揮發性有機化合物,,,2012,8.822
86412635,E,空氣污染物申報-一般空氣污染物,氮氧化物,,,2012,0.68
86412635,E,空氣污染物申報-一般空氣污染物,揮發性有機化合物,,,2012,0.13
86521351,E,空氣污染物申報-一般空氣污染物,氮氧化物,,,2012,17.987000000000002
86521351,E,空氣污染物申報-一般空氣污染物,硫氧化物,,,2012,24.268
86521351,E,空氣污染物申報-一般空氣污染物,粒狀污染物,,,2012,10.227
86521351,E,空氣污染物申報-一般空氣污染物,揮發性有機化合物,,,2012,202.46499999999997
86667046,E,空氣污染物申報-一般空氣污染物,揮發性有機化合物,,,2012,21.101
86691377,E,空氣污染物申報-一般空氣污染物,氮氧化物,,,2012,16.284
86691377,E,空氣污染物申報-一般空氣污染物,硫氧化物,,,2012,13.715
86691377,E,空氣污染物申報-一般空氣污染物,粒狀污染物,,,2012,1.7520000000000002
86691377,E,空氣污染物申報-一般空氣污染物,揮發性有機化合物,,,2012,7.503
86978512,E,空氣污染物申報-一般空氣污染物,氮氧化物,,,2012,0.182
86978512,E,空氣污染物申報-一般空氣污染物,硫氧化物,,,2012,0.014
86978512,E,空氣污染物申報-一般空氣污染物,粒狀污染物,,,2012,3.331
86978512,E,空氣污染物申報-一般空氣污染物,揮發性有機化合物,,,2012,37.806999999999995
86980046,E,空氣污染物申報-一般空氣污染物,揮發性有機化合物,,,2012,13.626000000000001
89379218,E,空氣污染物申報-一般空氣污染物,揮發性有機化合物,,,2012,8.062
89396770,E,空氣污染物申報-一般空氣污染物,揮發性有機化合物,,,2012,9.66
89495531,E,空氣污染物申報-一般空氣污染物,粒狀污染物,,,2012,0.567
89495531,E,空氣污染物申報-一般空氣污染物,揮發性有機化合物,,,2012,5.423000000000001
96865657,E,空氣污染物申報-一般空氣污染物,氮氧化物,,,2012,1.252
96865657,E,空氣污染物申報-一般空氣污染物,硫氧化物,,,2012,1.273
96865657,E,空氣污染物申報-一般空氣污染物,粒狀污染物,,,2012,0.886
96865657,E,空氣污染物申報-一般空氣污染物,揮發性有機化合物,,,2012,13.193
97178087,E,空氣污染物申報-一般空氣污染物,氮氧化物,,,2012,17.549
97178087,E,空氣污染物申報-一般空氣污染物,硫氧化物,,,2012,12.643
97178087,E,空氣污染物申報-一般空氣污染物,粒狀污染物,,,2012,0.994
97178087,E,空氣污染物申報-一般空氣污染物,揮發性有機化合物,,,2012,5.119
97179403,E,空氣污染物申報-一般空氣污染物,氮氧化物,,,2012,8.175
97179403,E,空氣污染物申報-一般空氣污染物,硫氧化物,,,2012,9.618
97179403,E,空氣污染物申報-一般空氣污染物,粒狀污染物,,,2012,5.07
97179403,E,空氣污染物申報-一般空氣污染物,揮發性有機化合物,,,2012,160.716
97330127,E,空氣污染物申報-一般空氣污染物,氮氧化物,,,2012,0.47000000000000003
97330127,E,空氣污染物申報-一般空氣污染物,粒狀污染物,,,2012,0.015
97330127,E,空氣污染物申報-一般空氣污染物,揮發性有機化合物,,,2012,67.156
04401392,E,空氣污染物申報-一般空氣污染物,氮氧化物,,,2012,11.014
04401392,E,空氣污染物申報-一般空氣污染物,硫氧化物,,,2012,13.828
04401392,E,空氣污染物申報-一般空氣污染物,粒狀污染物,,,2012,7.147
04401392,E,空氣污染物申報-一般空氣污染物,揮發性有機化合物,,,2012,63.376999999999995
05637971,E,空氣污染物申報-一般空氣污染物,粒狀污染物,,,2012,3.53
05637971,E,空氣污染物申報-一般空氣污染物,揮發性有機化合物,,,2012,24.070999999999998
04226091,E,空氣污染物申報-一般空氣污染物,氮氧化物,,,2012,7.209
04226091,E,空氣污染物申報-一般空氣污染物,硫氧化物,,,2012,11.113
04226091,E,空氣污染物申報-一般空氣污染物,粒狀污染物,,,2012,1.361
04226091,E,空氣污染物申報-一般空氣污染物,揮發性有機化合物,,,2012,1.907
12738623,E,空氣污染物申報-一般空氣污染物,氮氧化物,,,2013,10.706999999999999
12738623,E,空氣污染物申報-一般空氣污染物,硫氧化物,,,2013,15.436000000000002
12738623,E,空氣污染物申報-一般空氣污染物,揮發性有機化合物,,,2013,3.4380000000000006
16096804,E,空氣污染物申報-一般空氣污染物,粒狀污染物,,,2013,0.508
16096804,E,空氣污染物申報-一般空氣污染物,揮發性有機化合物,,,2013,10.541
16101031,E,空氣污染物申報-一般空氣污染物,氮氧化物,,,2013,0.214
16101031,E,空氣污染物申報-一般空氣污染物,硫氧化物,,,2013,0.001
16101031,E,空氣污染物申報-一般空氣污染物,揮發性有機化合物,,,2013,0.45100000000000007
16130084,E,空氣污染物申報-一般空氣污染物,揮發性有機化合物,,,2013,5.563000000000001
16197211,E,空氣污染物申報-一般空氣污染物,揮發性有機化合物,,,2013,4.091
16198345,E,空氣污染物申報-一般空氣污染物,氮氧化物,,,2013,8.81
16198345,E,空氣污染物申報-一般空氣污染物,硫氧化物,,,2013,0.003
16198345,E,空氣污染物申報-一般空氣污染物,粒狀污染物,,,2013,0.044000000000000004
16198345,E,空氣污染物申報-一般空氣污染物,揮發性有機化合物,,,2013,145.05400000000003
16347324,E,空氣污染物申報-一般空氣污染物,揮發性有機化合物,,,2013,16.487000000000002
16431363,E,空氣污染物申報-一般空氣污染物,氮氧化物,,,2013,1.53
16431363,E,空氣污染物申報-一般空氣污染物,硫氧化物,,,2013,0.076
16431363,E,空氣污染物申報-一般空氣污染物,揮發性有機化合物,,,2013,1.687
16447610,E,空氣污染物申報-一般空氣污染物,氮氧化物,,,2013,3.6220000000000003
16447610,E,空氣污染物申報-一般空氣污染物,硫氧化物,,,2013,5.222
16447610,E,空氣污染物申報-一般空氣污染物,揮發性有機化合物,,,2013,0.5589999999999999
16599215,E,空氣污染物申報-一般空氣污染物,粒狀污染物,,,2013,0.06499999999999999
16599215,E,空氣污染物申報-一般空氣污染物,揮發性有機化合物,,,2013,45.631
16674213,E,空氣污染物申報-一般空氣污染物,揮發性有機化合物,,,2013,2.227
16742182,E,空氣污染物申報-一般空氣污染物,氮氧化物,,,2013,9.169
16742182,E,空氣污染物申報-一般空氣污染物,硫氧化物,,,2013,12.178
16742182,E,空氣污染物申報-一般空氣污染物,粒狀污染物,,,2013,0.030999999999999996
16742182,E,空氣污染物申報-一般空氣污染物,揮發性有機化合物,,,2013,101.78299999999999
16834268,E,空氣污染物申報-一般空氣污染物,氮氧化物,,,2013,38.753
16834268,E,空氣污染物申報-一般空氣污染物,硫氧化物,,,2013,9.698
16834268,E,空氣污染物申報-一般空氣污染物,粒狀污染物,,,2013,7.937999999999999
16834268,E,空氣污染物申報-一般空氣污染物,揮發性有機化合物,,,2013,5.404
19004316,E,空氣污染物申報-一般空氣污染物,粒狀污染物,,,2013,3.9429999999999996
19004316,E,空氣污染物申報-一般空氣污染物,揮發性有機化合物,,,2013,341.261
20759430,E,空氣污染物申報-一般空氣污染物,揮發性有機化合物,,,2013,7.1209999999999996
20891326,E,空氣污染物申報-一般空氣污染物,氮氧化物,,,2013,0.78
20891326,E,空氣污染物申報-一般空氣污染物,粒狀污染物,,,2013,0.591
20891326,E,空氣污染物申報-一般空氣污染物,揮發性有機化合物,,,2013,191.843
21204867,E,空氣污染物申報-一般空氣污染物,揮發性有機化合物,,,2013,26.52
22100469,E,空氣污染物申報-一般空氣污染物,揮發性有機化合物,,,2013,15.489
22274989,E,空氣污染物申報-一般空氣污染物,氮氧化物,,,2013,4.2170000000000005
22274989,E,空氣污染物申報-一般空氣污染物,硫氧化物,,,2013,6.08
22274989,E,空氣污染物申報-一般空氣污染物,粒狀污染物,,,2013,0.191
22306125,E,空氣污染物申報-一般空氣污染物,揮發性有機化合物,,,2013,1.2500000000000002
22306130,E,空氣污染物申報-一般空氣污染物,氮氧化物,,,2013,0.041
22306130,E,空氣污染物申報-一般空氣污染物,硫氧化物,,,2013,0.045
22306130,E,空氣污染物申報-一般空氣污染物,粒狀污染物,,,2013,2.286
22306130,E,空氣污染物申報-一般空氣污染物,揮發性有機化合物,,,2013,23.224
22415854,E,空氣污染物申報-一般空氣污染物,揮發性有機化合物,,,2013,3.04
22570840,E,空氣污染物申報-一般空氣污染物,揮發性有機化合物,,,2013,1.6680000000000001
22636630,E,空氣污染物申報-一般空氣污染物,揮發性有機化合物,,,2013,225.882
22771229,E,空氣污染物申報-一般空氣污染物,揮發性有機化合物,,,2013,1.262
22773079,E,空氣污染物申報-一般空氣污染物,氮氧化物,,,2013,0.557
22773079,E,空氣污染物申報-一般空氣污染物,硫氧化物,,,2013,0.005
22773079,E,空氣污染物申報-一般空氣污染物,粒狀污染物,,,2013,0.095
22773079,E,空氣污染物申報-一般空氣污染物,揮發性有機化合物,,,2013,3.6000000000000005
22944019,E,空氣污染物申報-一般空氣污染物,揮發性有機化合物,,,2013,1.3639999999999999
22993144,E,空氣污染物申報-一般空氣污染物,氮氧化物,,,2013,0.8210000000000002
22993144,E,空氣污染物申報-一般空氣污染物,硫氧化物,,,2013,0.655
22993144,E,空氣污染物申報-一般空氣污染物,粒狀污染物,,,2013,0.092
22993144,E,空氣污染物申報-一般空氣污染物,揮發性有機化合物,,,2013,9.513
23063420,E,空氣污染物申報-一般空氣污染物,粒狀污染物,,,2013,0.706
23063420,E,空氣污染物申報-一般空氣污染物,揮發性有機化合物,,,2013,3.4419999999999997
23225071,E,空氣污染物申報-一般空氣污染物,氮氧化物,,,2013,0.835
23225071,E,空氣污染物申報-一般空氣污染物,硫氧化物,,,2013,0.007
23225071,E,空氣污染物申報-一般空氣污染物,揮發性有機化合物,,,2013,18.839
23528103,E,空氣污染物申報-一般空氣污染物,氮氧化物,,,2013,0.048
23528103,E,空氣污染物申報-一般空氣污染物,硫氧化物,,,2013,0.019
23528103,E,空氣污染物申報-一般空氣污染物,粒狀污染物,,,2013,0.051000000000000004
23528103,E,空氣污染物申報-一般空氣污染物,揮發性有機化合物,,,2013,27.57
23534301,E,空氣污染物申報-一般空氣污染物,揮發性有機化合物,,,2013,23
23535435,E,空氣污染物申報-一般空氣污染物,氮氧化物,,,2013,20.310000000000006
23535435,E,空氣污染物申報-一般空氣污染物,硫氧化物,,,2013,17.595000000000002
23535435,E,空氣污染物申報-一般空氣污染物,粒狀污染物,,,2013,3.9830000000000014
23535435,E,空氣污染物申報-一般空氣污染物,揮發性有機化合物,,,2013,38.86100000000001
23588039,E,空氣污染物申報-一般空氣污染物,粒狀污染物,,,2013,0.002
23588039,E,空氣污染物申報-一般空氣污染物,揮發性有機化合物,,,2013,2.945
23641338,E,空氣污染物申報-一般空氣污染物,氮氧化物,,,2013,0.8520000000000001
23641338,E,空氣污染物申報-一般空氣污染物,硫氧化物,,,2013,0.05
23641338,E,空氣污染物申報-一般空氣污染物,粒狀污染物,,,2013,12.534
23641338,E,空氣污染物申報-一般空氣污染物,揮發性有機化合物,,,2013,87.762
23750095,E,空氣污染物申報-一般空氣污染物,揮發性有機化合物,,,2013,0.644
23810592,E,空氣污染物申報-一般空氣污染物,揮發性有機化合物,,,2013,0.852
23983947,E,空氣污染物申報-一般空氣污染物,揮發性有機化合物,,,2013,1.1689999999999998
30955404,E,空氣污染物申報-一般空氣污染物,氮氧化物,,,2013,2.002
30955404,E,空氣污染物申報-一般空氣污染物,硫氧化物,,,2013,0.016
30955404,E,空氣污染物申報-一般空氣污染物,粒狀污染物,,,2013,0.593
30955404,E,空氣污染物申報-一般空氣污染物,揮發性有機化合物,,,2013,6.5009999999999994
34051920,E,空氣污染物申報-一般空氣污染物,揮發性有機化合物,,,2013,10.115999999999998
35424073,E,空氣污染物申報-一般空氣污染物,氮氧化物,,,2013,0.05
35424073,E,空氣污染物申報-一般空氣污染物,硫氧化物,,,2013,0.005
35424073,E,空氣污染物申報-一般空氣污染物,揮發性有機化合物,,,2013,13.774000000000001
36084833,E,空氣污染物申報-一般空氣污染物,揮發性有機化合物,,,2013,6.66
43816068,E,空氣污染物申報-一般空氣污染物,氮氧化物,,,2013,0.9889999999999999
43816068,E,空氣污染物申報-一般空氣污染物,硫氧化物,,,2013,0.009000000000000001
43816068,E,空氣污染物申報-一般空氣污染物,粒狀污染物,,,2013,0.586
43816068,E,空氣污染物申報-一般空氣污染物,揮發性有機化合物,,,2013,118.86100000000002
43880075,E,空氣污染物申報-一般空氣污染物,揮發性有機化合物,,,2013,0.114
45011782,E,空氣污染物申報-一般空氣污染物,揮發性有機化合物,,,2013,0.013000000000000001
45190379,E,空氣污染物申報-一般空氣污染物,揮發性有機化合物,,,2013,1.0110000000000001
52358985,E,空氣污染物申報-一般空氣污染物,揮發性有機化合物,,,2013,2.697
52753108,E,空氣污染物申報-一般空氣污染物,揮發性有機化合物,,,2013,8.3
52878846,E,空氣污染物申報-一般空氣污染物,揮發性有機化合物,,,2013,0.519
53125710,E,空氣污染物申報-一般空氣污染物,揮發性有機化合物,,,2013,0.026000000000000002
59276051,E,空氣污染物申報-一般空氣污染物,揮發性有機化合物,,,2013,0.573
70540563,E,空氣污染物申報-一般空氣污染物,揮發性有機化合物,,,2013,2.638
70684527,E,空氣污染物申報-一般空氣污染物,粒狀污染物,,,2013,0.034
70684527,E,空氣污染物申報-一般空氣污染物,揮發性有機化合物,,,2013,0.956
70776899,E,空氣污染物申報-一般空氣污染物,氮氧化物,,,2013,18.959999999999997
70776899,E,空氣污染物申報-一般空氣污染物,硫氧化物,,,2013,26.305999999999997
70776899,E,空氣污染物申報-一般空氣污染物,粒狀污染物,,,2013,8.717
70776899,E,空氣污染物申報-一般空氣污染物,揮發性有機化合物,,,2013,1.6920000000000002
70801378,E,空氣污染物申報-一般空氣污染物,氮氧化物,,,2013,0.9950000000000001
70801378,E,空氣污染物申報-一般空氣污染物,硫氧化物,,,2013,0.006
70801378,E,空氣污染物申報-一般空氣污染物,粒狀污染物,,,2013,0.49300000000000005
70801378,E,空氣污染物申報-一般空氣污染物,揮發性有機化合物,,,2013,9.366
76026851,E,空氣污染物申報-一般空氣污染物,氮氧化物,,,2013,5.544
76026851,E,空氣污染物申報-一般空氣污染物,硫氧化物,,,2013,9.040000000000001
76026851,E,空氣污染物申報-一般空氣污染物,粒狀污染物,,,2013,6.188
76026851,E,空氣污染物申報-一般空氣污染物,揮發性有機化合物,,,2013,33.78
83360971,E,空氣污染物申報-一般空氣污染物,揮發性有機化合物,,,2013,9.148
83639504,E,空氣污染物申報-一般空氣污染物,揮發性有機化合物,,,2013,1.6
84167600,E,空氣污染物申報-一般空氣污染物,氮氧化物,,,2013,0.396
84167600,E,空氣污染物申報-一般空氣污染物,硫氧化物,,,2013,0.57
84433564,E,空氣污染物申報-一般空氣污染物,揮發性有機化合物,,,2013,0.714
84607396,E,空氣污染物申報-一般空氣污染物,氮氧化物,,,2013,0.5469999999999999
84607396,E,空氣污染物申報-一般空氣污染物,硫氧化物,,,2013,0.789
84808400,E,空氣污染物申報-一般空氣污染物,粒狀污染物,,,2013,0.018
84808400,E,空氣污染物申報-一般空氣污染物,揮發性有機化合物,,,2013,7.905
86124395,E,空氣污染物申報-一般空氣污染物,氮氧化物,,,2013,3.6159999999999997
86124395,E,空氣污染物申報-一般空氣污染物,粒狀污染物,,,2013,25.676000000000002
86332422,E,空氣污染物申報-一般空氣污染物,氮氧化物,,,2013,3.3949999999999996
86332422,E,空氣污染物申報-一般空氣污染物,硫氧化物,,,2013,5.048
86332422,E,空氣污染物申報-一般空氣污染物,粒狀污染物,,,2013,0.7250000000000001
86332422,E,空氣污染物申報-一般空氣污染物,揮發性有機化合物,,,2013,29.252
86362776,E,空氣污染物申報-一般空氣污染物,揮發性有機化合物,,,2013,0.086
86379707,E,空氣污染物申報-一般空氣污染物,揮發性有機化合物,,,2013,8.011999999999999
86412635,E,空氣污染物申報-一般空氣污染物,氮氧化物,,,2013,1.093
86412635,E,空氣污染物申報-一般空氣污染物,硫氧化物,,,2013,0.026000000000000002
86412635,E,空氣污染物申報-一般空氣污染物,揮發性有機化合物,,,2013,0.6619999999999999
86521351,E,空氣污染物申報-一般空氣污染物,氮氧化物,,,2013,29.753999999999998
86521351,E,空氣污染物申報-一般空氣污染物,硫氧化物,,,2013,39.507
86521351,E,空氣污染物申報-一般空氣污染物,粒狀污染物,,,2013,10.908
86521351,E,空氣污染物申報-一般空氣污染物,揮發性有機化合物,,,2013,478.47200000000004
86667046,E,空氣污染物申報-一般空氣污染物,揮發性有機化合物,,,2013,36.931
86691377,E,空氣污染物申報-一般空氣污染物,氮氧化物,,,2013,8.055
86691377,E,空氣污染物申報-一般空氣污染物,硫氧化物,,,2013,6.319000000000001
86691377,E,空氣污染物申報-一般空氣污染物,粒狀污染物,,,2013,0.883
86691377,E,空氣污染物申報-一般空氣污染物,揮發性有機化合物,,,2013,3.5359999999999996
86978512,E,空氣污染物申報-一般空氣污染物,氮氧化物,,,2013,0.047
86978512,E,空氣污染物申報-一般空氣污染物,硫氧化物,,,2013,0.004
86978512,E,空氣污染物申報-一般空氣污染物,揮發性有機化合物,,,2013,7.921
86980046,E,空氣污染物申報-一般空氣污染物,揮發性有機化合物,,,2013,2.87
89379218,E,空氣污染物申報-一般空氣污染物,揮發性有機化合物,,,2013,4.079
89396770,E,空氣污染物申報-一般空氣污染物,揮發性有機化合物,,,2013,10.185
89495531,E,空氣污染物申報-一般空氣污染物,粒狀污染物,,,2013,0.21699999999999997
89495531,E,空氣污染物申報-一般空氣污染物,揮發性有機化合物,,,2013,3.4779999999999998
96865657,E,空氣污染物申報-一般空氣污染物,氮氧化物,,,2013,5.44
96865657,E,空氣污染物申報-一般空氣污染物,硫氧化物,,,2013,4.845
96865657,E,空氣污染物申報-一般空氣污染物,粒狀污染物,,,2013,4.085
96865657,E,空氣污染物申報-一般空氣污染物,揮發性有機化合物,,,2013,47.059
97179403,E,空氣污染物申報-一般空氣污染物,氮氧化物,,,2013,6.1739999999999995
97179403,E,空氣污染物申報-一般空氣污染物,硫氧化物,,,2013,7.885999999999999
97179403,E,空氣污染物申報-一般空氣污染物,粒狀污染物,,,2013,0.548
97179403,E,空氣污染物申報-一般空氣污染物,揮發性有機化合物,,,2013,77.813
97330127,E,空氣污染物申報-一般空氣污染物,氮氧化物,,,2013,0.242
97330127,E,空氣污染物申報-一般空氣污染物,粒狀污染物,,,2013,0.012
97330127,E,空氣污染物申報-一般空氣污染物,揮發性有機化合物,,,2013,38.424
05637971,E,空氣污染物申報-一般空氣污染物,粒狀污染物,,,2013,0.608
05637971,E,空氣污染物申報-一般空氣污染物,揮發性有機化合物,,,2013,20.345
04401392,E,空氣污染物申報-一般空氣污染物,氮氧化物,,,2013,2.876
04401392,E,空氣污染物申報-一般空氣污染物,硫氧化物,,,2013,3.526
04401392,E,空氣污染物申報-一般空氣污染物,粒狀污染物,,,2013,0.7179999999999999
04401392,E,空氣污染物申報-一般空氣污染物,揮發性有機化合物,,,2013,23.624
04226091,E,空氣污染物申報-一般空氣污染物,氮氧化物,,,2013,68.10499999999999
04226091,E,空氣污染物申報-一般空氣污染物,硫氧化物,,,2013,114.169
04226091,E,空氣污染物申報-一般空氣污染物,粒狀污染物,,,2013,11.527999999999999
04226091,E,空氣污染物申報-一般空氣污染物,揮發性有機化合物,,,2013,13.809
12738623,E,空氣污染物申報-一般空氣污染物,氮氧化物,,,2014,8.327
12738623,E,空氣污染物申報-一般空氣污染物,硫氧化物,,,2014,12.008
12738623,E,空氣污染物申報-一般空氣污染物,揮發性有機化合物,,,2014,4.065
16096804,E,空氣污染物申報-一般空氣污染物,粒狀污染物,,,2014,0.271
16096804,E,空氣污染物申報-一般空氣污染物,揮發性有機化合物,,,2014,9.104000000000001
16101031,E,空氣污染物申報-一般空氣污染物,氮氧化物,,,2014,0.307
16101031,E,空氣污染物申報-一般空氣污染物,硫氧化物,,,2014,0.001
16101031,E,空氣污染物申報-一般空氣污染物,揮發性有機化合物,,,2014,0.518
16130084,E,空氣污染物申報-一般空氣污染物,揮發性有機化合物,,,2014,6.375999999999999
16197211,E,空氣污染物申報-一般空氣污染物,揮發性有機化合物,,,2014,4.312
16198345,E,空氣污染物申報-一般空氣污染物,氮氧化物,,,2014,7.996999999999999
16198345,E,空氣污染物申報-一般空氣污染物,粒狀污染物,,,2014,0.421
16198345,E,空氣污染物申報-一般空氣污染物,揮發性有機化合物,,,2014,142.98299999999998
16347324,E,空氣污染物申報-一般空氣污染物,揮發性有機化合物,,,2014,8.748000000000001
16431363,E,空氣污染物申報-一般空氣污染物,氮氧化物,,,2014,2.748
16431363,E,空氣污染物申報-一般空氣污染物,硫氧化物,,,2014,0.22499999999999998
16431363,E,空氣污染物申報-一般空氣污染物,揮發性有機化合物,,,2014,4.989
16447610,E,空氣污染物申報-一般空氣污染物,氮氧化物,,,2014,3.995
16447610,E,空氣污染物申報-一般空氣污染物,硫氧化物,,,2014,5.761000000000001
16447610,E,空氣污染物申報-一般空氣污染物,揮發性有機化合物,,,2014,1.222
16599215,E,空氣污染物申報-一般空氣污染物,粒狀污染物,,,2014,0.037
16599215,E,空氣污染物申報-一般空氣污染物,揮發性有機化合物,,,2014,39.497
16674213,E,空氣污染物申報-一般空氣污染物,揮發性有機化合物,,,2014,2.579
16742182,E,空氣污染物申報-一般空氣污染物,氮氧化物,,,2014,5.321
16742182,E,空氣污染物申報-一般空氣污染物,硫氧化物,,,2014,7.016
16742182,E,空氣污染物申報-一般空氣污染物,粒狀污染物,,,2014,0.020999999999999998
16742182,E,空氣污染物申報-一般空氣污染物,揮發性有機化合物,,,2014,36.364999999999995
16834268,E,空氣污染物申報-一般空氣污染物,氮氧化物,,,2014,94.965
16834268,E,空氣污染物申報-一般空氣污染物,硫氧化物,,,2014,44.257
16834268,E,空氣污染物申報-一般空氣污染物,粒狀污染物,,,2014,16.299
16834268,E,空氣污染物申報-一般空氣污染物,揮發性有機化合物,,,2014,36.908
19004316,E,空氣污染物申報-一般空氣污染物,粒狀污染物,,,2014,8.860000000000001
19004316,E,空氣污染物申報-一般空氣污染物,揮發性有機化合物,,,2014,764.384
20891326,E,空氣污染物申報-一般空氣污染物,氮氧化物,,,2014,0.45899999999999996
20891326,E,空氣污染物申報-一般空氣污染物,硫氧化物,,,2014,0.169
20891326,E,空氣污染物申報-一般空氣污染物,粒狀污染物,,,2014,0.18099999999999997
20891326,E,空氣污染物申報-一般空氣污染物,揮發性有機化合物,,,2014,39.846000000000004
21204867,E,空氣污染物申報-一般空氣污染物,揮發性有機化合物,,,2014,20.621
22100469,E,空氣污染物申報-一般空氣污染物,揮發性有機化合物,,,2014,16.694
22274989,E,空氣污染物申報-一般空氣污染物,氮氧化物,,,2014,2.504
22274989,E,空氣污染物申報-一般空氣污染物,硫氧化物,,,2014,3.61
22274989,E,空氣污染物申報-一般空氣污染物,粒狀污染物,,,2014,0.11499999999999999
22306125,E,空氣污染物申報-一般空氣污染物,揮發性有機化合物,,,2014,0.854
22306130,E,空氣污染物申報-一般空氣污染物,氮氧化物,,,2014,0.038
22306130,E,空氣污染物申報-一般空氣污染物,硫氧化物,,,2014,0.046
22306130,E,空氣污染物申報-一般空氣污染物,粒狀污染物,,,2014,0.84
22306130,E,空氣污染物申報-一般空氣污染物,揮發性有機化合物,,,2014,7.74
22415854,E,空氣污染物申報-一般空氣污染物,揮發性有機化合物,,,2014,0.923
22570840,E,空氣污染物申報-一般空氣污染物,揮發性有機化合物,,,2014,3.583
22636630,E,空氣污染物申報-一般空氣污染物,揮發性有機化合物,,,2014,214.99800000000002
22771229,E,空氣污染物申報-一般空氣污染物,揮發性有機化合物,,,2014,0.362
22773079,E,空氣污染物申報-一般空氣污染物,氮氧化物,,,2014,0.695
22773079,E,空氣污染物申報-一般空氣污染物,硫氧化物,,,2014,0.006
22773079,E,空氣污染物申報-一般空氣污染物,粒狀污染物,,,2014,0.262
22773079,E,空氣污染物申報-一般空氣污染物,揮發性有機化合物,,,2014,6.702999999999999
22944019,E,空氣污染物申報-一般空氣污染物,揮發性有機化合物,,,2014,0.45799999999999996
22993144,E,空氣污染物申報-一般空氣污染物,氮氧化物,,,2014,0.528
22993144,E,空氣污染物申報-一般空氣污染物,硫氧化物,,,2014,0.76
22993144,E,空氣污染物申報-一般空氣污染物,粒狀污染物,,,2014,0.084
22993144,E,空氣污染物申報-一般空氣污染物,揮發性有機化合物,,,2014,2.917
23063420,E,空氣污染物申報-一般空氣污染物,粒狀污染物,,,2014,0.374
23063420,E,空氣污染物申報-一般空氣污染物,揮發性有機化合物,,,2014,1.945
23225071,E,空氣污染物申報-一般空氣污染物,氮氧化物,,,2014,1.274
23225071,E,空氣污染物申報-一般空氣污染物,硫氧化物,,,2014,0.012000000000000004
23225071,E,空氣污染物申報-一般空氣污染物,揮發性有機化合物,,,2014,22.725
23528103,E,空氣污染物申報-一般空氣污染物,氮氧化物,,,2014,0.118
23528103,E,空氣污染物申報-一般空氣污染物,硫氧化物,,,2014,0.056999999999999995
23528103,E,空氣污染物申報-一般空氣污染物,粒狀污染物,,,2014,0.028999999999999998
23528103,E,空氣污染物申報-一般空氣污染物,揮發性有機化合物,,,2014,21.086
23534301,E,空氣污染物申報-一般空氣污染物,揮發性有機化合物,,,2014,43.185
23535435,E,空氣污染物申報-一般空氣污染物,氮氧化物,,,2014,15.447999999999999
23535435,E,空氣污染物申報-一般空氣污染物,硫氧化物,,,2014,4.912
23535435,E,空氣污染物申報-一般空氣污染物,粒狀污染物,,,2014,3.7279999999999993
23535435,E,空氣污染物申報-一般空氣污染物,揮發性有機化合物,,,2014,34.659000000000006
23588039,E,空氣污染物申報-一般空氣污染物,粒狀污染物,,,2014,0.001
23588039,E,空氣污染物申報-一般空氣污染物,揮發性有機化合物,,,2014,0.6060000000000001
23641338,E,空氣污染物申報-一般空氣污染物,氮氧化物,,,2014,0.402
23641338,E,空氣污染物申報-一般空氣污染物,硫氧化物,,,2014,0.032
23641338,E,空氣污染物申報-一般空氣污染物,粒狀污染物,,,2014,5.962
23641338,E,空氣污染物申報-一般空氣污染物,揮發性有機化合物,,,2014,113.90199999999999
23750095,E,空氣污染物申報-一般空氣污染物,揮發性有機化合物,,,2014,0.604
23810592,E,空氣污染物申報-一般空氣污染物,揮發性有機化合物,,,2014,2.6670000000000003
23983947,E,空氣污染物申報-一般空氣污染物,揮發性有機化合物,,,2014,1.206
30955404,E,空氣污染物申報-一般空氣污染物,氮氧化物,,,2014,1.662
30955404,E,空氣污染物申報-一般空氣污染物,硫氧化物,,,2014,0.013999999999999999
30955404,E,空氣污染物申報-一般空氣污染物,粒狀污染物,,,2014,0.812
30955404,E,空氣污染物申報-一般空氣污染物,揮發性有機化合物,,,2014,8.765
34051920,E,空氣污染物申報-一般空氣污染物,揮發性有機化合物,,,2014,13.521
35424073,E,空氣污染物申報-一般空氣污染物,氮氧化物,,,2014,0.046
35424073,E,空氣污染物申報-一般空氣污染物,硫氧化物,,,2014,0.004
35424073,E,空氣污染物申報-一般空氣污染物,粒狀污染物,,,2014,0.33
35424073,E,空氣污染物申報-一般空氣污染物,揮發性有機化合物,,,2014,36.277
36084833,E,空氣污染物申報-一般空氣污染物,揮發性有機化合物,,,2014,5.321
43816068,E,空氣污染物申報-一般空氣污染物,氮氧化物,,,2014,1.2639999999999998
43816068,E,空氣污染物申報-一般空氣污染物,硫氧化物,,,2014,0.013000000000000005
43816068,E,空氣污染物申報-一般空氣污染物,粒狀污染物,,,2014,0.113
43816068,E,空氣污染物申報-一般空氣污染物,揮發性有機化合物,,,2014,106.86800000000001
45011782,E,空氣污染物申報-一般空氣污染物,揮發性有機化合物,,,2014,0.01
45190379,E,空氣污染物申報-一般空氣污染物,揮發性有機化合物,,,2014,3.308
52358985,E,空氣污染物申報-一般空氣污染物,揮發性有機化合物,,,2014,40.902
52753108,E,空氣污染物申報-一般空氣污染物,揮發性有機化合物,,,2014,1.2760000000000002
52878846,E,空氣污染物申報-一般空氣污染物,揮發性有機化合物,,,2014,2.053
53125710,E,空氣污染物申報-一般空氣污染物,揮發性有機化合物,,,2014,0.112
59276051,E,空氣污染物申報-一般空氣污染物,揮發性有機化合物,,,2014,0.42300000000000004
70540563,E,空氣污染物申報-一般空氣污染物,揮發性有機化合物,,,2014,4.362
70684527,E,空氣污染物申報-一般空氣污染物,粒狀污染物,,,2014,0.137
70684527,E,空氣污染物申報-一般空氣污染物,揮發性有機化合物,,,2014,0.663
70776899,E,空氣污染物申報-一般空氣污染物,氮氧化物,,,2014,15.843
70776899,E,空氣污染物申報-一般空氣污染物,硫氧化物,,,2014,22.374000000000002
70776899,E,空氣污染物申報-一般空氣污染物,粒狀污染物,,,2014,2.48
70776899,E,空氣污染物申報-一般空氣污染物,揮發性有機化合物,,,2014,2.025
70801378,E,空氣污染物申報-一般空氣污染物,氮氧化物,,,2014,0.9600000000000001
70801378,E,空氣污染物申報-一般空氣污染物,硫氧化物,,,2014,0.006
70801378,E,空氣污染物申報-一般空氣污染物,粒狀污染物,,,2014,0.030000000000000002
70801378,E,空氣污染物申報-一般空氣污染物,揮發性有機化合物,,,2014,11.162000000000003
76026851,E,空氣污染物申報-一般空氣污染物,氮氧化物,,,2014,9.064
76026851,E,空氣污染物申報-一般空氣污染物,硫氧化物,,,2014,13.059000000000001
76026851,E,空氣污染物申報-一般空氣污染物,粒狀污染物,,,2014,7.469
76026851,E,空氣污染物申報-一般空氣污染物,揮發性有機化合物,,,2014,47.163999999999994
83360971,E,空氣污染物申報-一般空氣污染物,揮發性有機化合物,,,2014,11.683
83639504,E,空氣污染物申報-一般空氣污染物,揮發性有機化合物,,,2014,3.4050000000000002
84167600,E,空氣污染物申報-一般空氣污染物,氮氧化物,,,2014,0.264
84167600,E,空氣污染物申報-一般空氣污染物,硫氧化物,,,2014,0.38
84433564,E,空氣污染物申報-一般空氣污染物,揮發性有機化合物,,,2014,0.49
84607396,E,空氣污染物申報-一般空氣污染物,氮氧化物,,,2014,1.7730000000000001
84607396,E,空氣污染物申報-一般空氣污染物,硫氧化物,,,2014,2.556
84808400,E,空氣污染物申報-一般空氣污染物,揮發性有機化合物,,,2014,7.25
86124395,E,空氣污染物申報-一般空氣污染物,氮氧化物,,,2014,3.377
86124395,E,空氣污染物申報-一般空氣污染物,粒狀污染物,,,2014,68.522
86332422,E,空氣污染物申報-一般空氣污染物,氮氧化物,,,2014,5.890999999999999
86332422,E,空氣污染物申報-一般空氣污染物,硫氧化物,,,2014,8.674
86332422,E,空氣污染物申報-一般空氣污染物,粒狀污染物,,,2014,0.32
86332422,E,空氣污染物申報-一般空氣污染物,揮發性有機化合物,,,2014,32.703
86362776,E,空氣污染物申報-一般空氣污染物,揮發性有機化合物,,,2014,0.033
86379707,E,空氣污染物申報-一般空氣污染物,氮氧化物,,,2014,0.7909999999999999
86379707,E,空氣污染物申報-一般空氣污染物,硫氧化物,,,2014,1.1400000000000001
86379707,E,空氣污染物申報-一般空氣污染物,揮發性有機化合物,,,2014,2.989
86412635,E,空氣污染物申報-一般空氣污染物,氮氧化物,,,2014,0.6169999999999999
86412635,E,空氣污染物申報-一般空氣污染物,揮發性有機化合物,,,2014,0.29700000000000004
86521351,E,空氣污染物申報-一般空氣污染物,氮氧化物,,,2014,20.075000000000003
86521351,E,空氣污染物申報-一般空氣污染物,硫氧化物,,,2014,25.537000000000003
86521351,E,空氣污染物申報-一般空氣污染物,粒狀污染物,,,2014,26.002999999999997
86521351,E,空氣污染物申報-一般空氣污染物,揮發性有機化合物,,,2014,574.085
86667046,E,空氣污染物申報-一般空氣污染物,揮發性有機化合物,,,2014,14.852
86691377,E,空氣污染物申報-一般空氣污染物,氮氧化物,,,2014,14.004000000000001
86691377,E,空氣污染物申報-一般空氣污染物,硫氧化物,,,2014,10.93
86691377,E,空氣污染物申報-一般空氣污染物,粒狀污染物,,,2014,1.77
86691377,E,空氣污染物申報-一般空氣污染物,揮發性有機化合物,,,2014,6.116
86978512,E,空氣污染物申報-一般空氣污染物,氮氧化物,,,2014,0.146
86978512,E,空氣污染物申報-一般空氣污染物,硫氧化物,,,2014,0.012
86978512,E,空氣污染物申報-一般空氣污染物,揮發性有機化合物,,,2014,43.848
86980046,E,空氣污染物申報-一般空氣污染物,揮發性有機化合物,,,2014,29.404
89379218,E,空氣污染物申報-一般空氣污染物,揮發性有機化合物,,,2014,4.805
89396770,E,空氣污染物申報-一般空氣污染物,粒狀污染物,,,2014,0.008
89396770,E,空氣污染物申報-一般空氣污染物,揮發性有機化合物,,,2014,5.4030000000000005
89495531,E,空氣污染物申報-一般空氣污染物,粒狀污染物,,,2014,0.236
89495531,E,空氣污染物申報-一般空氣污染物,揮發性有機化合物,,,2014,3.6500000000000004
96865657,E,空氣污染物申報-一般空氣污染物,氮氧化物,,,2014,3.1550000000000002
96865657,E,空氣污染物申報-一般空氣污染物,硫氧化物,,,2014,2.747
96865657,E,空氣污染物申報-一般空氣污染物,粒狀污染物,,,2014,3.876
96865657,E,空氣污染物申報-一般空氣污染物,揮發性有機化合物,,,2014,30.339
97178087,E,空氣污染物申報-一般空氣污染物,氮氧化物,,,2014,27.310000000000002
97178087,E,空氣污染物申報-一般空氣污染物,硫氧化物,,,2014,6.2
97178087,E,空氣污染物申報-一般空氣污染物,揮發性有機化合物,,,2014,11.808
97179403,E,空氣污染物申報-一般空氣污染物,氮氧化物,,,2014,17.819
97179403,E,空氣污染物申報-一般空氣污染物,硫氧化物,,,2014,15.581999999999997
97179403,E,空氣污染物申報-一般空氣污染物,粒狀污染物,,,2014,0.4019999999999999
97179403,E,空氣污染物申報-一般空氣污染物,揮發性有機化合物,,,2014,276.84000000000003
97330127,E,空氣污染物申報-一般空氣污染物,氮氧化物,,,2014,0.281
97330127,E,空氣污染物申報-一般空氣污染物,粒狀污染物,,,2014,0.009000000000000001
97330127,E,空氣污染物申報-一般空氣污染物,揮發性有機化合物,,,2014,50.53
04401392,E,空氣污染物申報-一般空氣污染物,氮氧化物,,,2014,4.151
04401392,E,空氣污染物申報-一般空氣污染物,硫氧化物,,,2014,3.621
04401392,E,空氣污染物申報-一般空氣污染物,粒狀污染物,,,2014,0.4640000000000001
04401392,E,空氣污染物申報-一般空氣污染物,揮發性有機化合物,,,2014,45.994
04226091,E,空氣污染物申報-一般空氣污染物,氮氧化物,,,2014,41.93
04226091,E,空氣污染物申報-一般空氣污染物,硫氧化物,,,2014,61.136
04226091,E,空氣污染物申報-一般空氣污染物,粒狀污染物,,,2014,6.69
04226091,E,空氣污染物申報-一般空氣污染物,揮發性有機化合物,,,2014,11.15
05637971,E,空氣污染物申報-一般空氣污染物,粒狀污染物,,,2014,0.38
05637971,E,空氣污染物申報-一般空氣污染物,揮發性有機化合物,,,2014,13.97
12738623,E,空氣污染物申報-一般空氣污染物,氮氧化物,,,2015,3.742
12738623,E,空氣污染物申報-一般空氣污染物,硫氧化物,,,2015,5.396
12738623,E,空氣污染物申報-一般空氣污染物,揮發性有機化合物,,,2015,1.414
16096804,E,空氣污染物申報-一般空氣污染物,粒狀污染物,,,2015,0.309
16096804,E,空氣污染物申報-一般空氣污染物,揮發性有機化合物,,,2015,12.44
16101031,E,空氣污染物申報-一般空氣污染物,氮氧化物,,,2015,0.075
16101031,E,空氣污染物申報-一般空氣污染物,揮發性有機化合物,,,2015,0.113
16130084,E,空氣污染物申報-一般空氣污染物,揮發性有機化合物,,,2015,5.3629999999999995
16197211,E,空氣污染物申報-一般空氣污染物,揮發性有機化合物,,,2015,1.7289999999999999
16198345,E,空氣污染物申報-一般空氣污染物,氮氧化物,,,2015,1.7100000000000002
16198345,E,空氣污染物申報-一般空氣污染物,粒狀污染物,,,2015,0.12599999999999997
16198345,E,空氣污染物申報-一般空氣污染物,揮發性有機化合物,,,2015,40.853
16347324,E,空氣污染物申報-一般空氣污染物,揮發性有機化合物,,,2015,6.027
16431363,E,空氣污染物申報-一般空氣污染物,氮氧化物,,,2015,3.4000000000000004
16431363,E,空氣污染物申報-一般空氣污染物,硫氧化物,,,2015,2.373
16431363,E,空氣污染物申報-一般空氣污染物,粒狀污染物,,,2015,0.209
16431363,E,空氣污染物申報-一般空氣污染物,揮發性有機化合物,,,2015,20.076999999999998
16447610,E,空氣污染物申報-一般空氣污染物,氮氧化物,,,2015,8.515
16447610,E,空氣污染物申報-一般空氣污染物,硫氧化物,,,2015,12.274
16447610,E,空氣污染物申報-一般空氣污染物,揮發性有機化合物,,,2015,2.18
16599215,E,空氣污染物申報-一般空氣污染物,粒狀污染物,,,2015,0.30500000000000005
16599215,E,空氣污染物申報-一般空氣污染物,揮發性有機化合物,,,2015,33.447
16674213,E,空氣污染物申報-一般空氣污染物,揮發性有機化合物,,,2015,7.351
16742182,E,空氣污染物申報-一般空氣污染物,氮氧化物,,,2015,8.228000000000002
16742182,E,空氣污染物申報-一般空氣污染物,硫氧化物,,,2015,11.366
16742182,E,空氣污染物申報-一般空氣污染物,粒狀污染物,,,2015,0.08199999999999999
16742182,E,空氣污染物申報-一般空氣污染物,揮發性有機化合物,,,2015,45.382
16834268,E,空氣污染物申報-一般空氣污染物,氮氧化物,,,2015,144.812
16834268,E,空氣污染物申報-一般空氣污染物,硫氧化物,,,2015,57.00900000000001
16834268,E,空氣污染物申報-一般空氣污染物,粒狀污染物,,,2015,20.915999999999997
16834268,E,空氣污染物申報-一般空氣污染物,揮發性有機化合物,,,2015,46.004
19004316,E,空氣污染物申報-一般空氣污染物,粒狀污染物,,,2015,3.2949999999999995
19004316,E,空氣污染物申報-一般空氣污染物,揮發性有機化合物,,,2015,418.437
20891326,E,空氣污染物申報-一般空氣污染物,氮氧化物,,,2015,1.753
20891326,E,空氣污染物申報-一般空氣污染物,硫氧化物,,,2015,1.182
20891326,E,空氣污染物申報-一般空氣污染物,粒狀污染物,,,2015,0.539
20891326,E,空氣污染物申報-一般空氣污染物,揮發性有機化合物,,,2015,135.78
21204867,E,空氣污染物申報-一般空氣污染物,揮發性有機化合物,,,2015,30.134
22100469,E,空氣污染物申報-一般空氣污染物,揮發性有機化合物,,,2015,19.072
22274989,E,空氣污染物申報-一般空氣污染物,氮氧化物,,,2015,1.6660000000000001
22274989,E,空氣污染物申報-一般空氣污染物,硫氧化物,,,2015,1.6150000000000002
22274989,E,空氣污染物申報-一般空氣污染物,粒狀污染物,,,2015,0.09000000000000001
22306125,E,空氣污染物申報-一般空氣污染物,揮發性有機化合物,,,2015,0.45399999999999996
22306130,E,空氣污染物申報-一般空氣污染物,氮氧化物,,,2015,0.05399999999999999
22306130,E,空氣污染物申報-一般空氣污染物,硫氧化物,,,2015,0.065
22306130,E,空氣污染物申報-一般空氣污染物,粒狀污染物,,,2015,0.873
22306130,E,空氣污染物申報-一般空氣污染物,揮發性有機化合物,,,2015,7.763
22415854,E,空氣污染物申報-一般空氣污染物,揮發性有機化合物,,,2015,0.8360000000000001
22570840,E,空氣污染物申報-一般空氣污染物,粒狀污染物,,,2015,0.8
22570840,E,空氣污染物申報-一般空氣污染物,揮發性有機化合物,,,2015,1.766
22636630,E,空氣污染物申報-一般空氣污染物,揮發性有機化合物,,,2015,247.685
22771229,E,空氣污染物申報-一般空氣污染物,揮發性有機化合物,,,2015,0.537
22773079,E,空氣污染物申報-一般空氣污染物,氮氧化物,,,2015,0.836
22773079,E,空氣污染物申報-一般空氣污染物,硫氧化物,,,2015,0.007
22773079,E,空氣污染物申報-一般空氣污染物,粒狀污染物,,,2015,0.26
22773079,E,空氣污染物申報-一般空氣污染物,揮發性有機化合物,,,2015,7.298
22944019,E,空氣污染物申報-一般空氣污染物,揮發性有機化合物,,,2015,0.40800000000000003
22993144,E,空氣污染物申報-一般空氣污染物,氮氧化物,,,2015,1.805
22993144,E,空氣污染物申報-一般空氣污染物,硫氧化物,,,2015,2.6020000000000003
22993144,E,空氣污染物申報-一般空氣污染物,揮發性有機化合物,,,2015,6.951
23063420,E,空氣污染物申報-一般空氣污染物,粒狀污染物,,,2015,0.604
23063420,E,空氣污染物申報-一般空氣污染物,揮發性有機化合物,,,2015,3.344
23225071,E,空氣污染物申報-一般空氣污染物,氮氧化物,,,2015,0.5539999999999999
23225071,E,空氣污染物申報-一般空氣污染物,硫氧化物,,,2015,0.005
23225071,E,空氣污染物申報-一般空氣污染物,粒狀污染物,,,2015,0.41300000000000003
23225071,E,空氣污染物申報-一般空氣污染物,揮發性有機化合物,,,2015,10.903
23528103,E,空氣污染物申報-一般空氣污染物,氮氧化物,,,2015,0.101
23528103,E,空氣污染物申報-一般空氣污染物,硫氧化物,,,2015,0.048
23528103,E,空氣污染物申報-一般空氣污染物,粒狀污染物,,,2015,0.061000000000000006
23528103,E,空氣污染物申報-一般空氣污染物,揮發性有機化合物,,,2015,13.708000000000002
23534301,E,空氣污染物申報-一般空氣污染物,揮發性有機化合物,,,2015,38.30800000000001
23535435,E,空氣污染物申報-一般空氣污染物,氮氧化物,,,2015,13.689999999999996
23535435,E,空氣污染物申報-一般空氣污染物,硫氧化物,,,2015,5.0009999999999994
23535435,E,空氣污染物申報-一般空氣污染物,粒狀污染物,,,2015,2.3339999999999996
23535435,E,空氣污染物申報-一般空氣污染物,揮發性有機化合物,,,2015,45.97100000000002
23588039,E,空氣污染物申報-一般空氣污染物,揮發性有機化合物,,,2015,0.281
23641338,E,空氣污染物申報-一般空氣污染物,氮氧化物,,,2015,0.6360000000000001
23641338,E,空氣污染物申報-一般空氣污染物,硫氧化物,,,2015,0.051
23641338,E,空氣污染物申報-一般空氣污染物,粒狀污染物,,,2015,11.093
23641338,E,空氣污染物申報-一般空氣污染物,揮發性有機化合物,,,2015,138.399
23750095,E,空氣污染物申報-一般空氣污染物,揮發性有機化合物,,,2015,3.453
23810592,E,空氣污染物申報-一般空氣污染物,揮發性有機化合物,,,2015,0.337
23983947,E,空氣污染物申報-一般空氣污染物,揮發性有機化合物,,,2015,0.945
30955404,E,空氣污染物申報-一般空氣污染物,氮氧化物,,,2015,0.998
30955404,E,空氣污染物申報-一般空氣污染物,硫氧化物,,,2015,0.008
30955404,E,空氣污染物申報-一般空氣污染物,粒狀污染物,,,2015,0.4
30955404,E,空氣污染物申報-一般空氣污染物,揮發性有機化合物,,,2015,4.301
34051920,E,空氣污染物申報-一般空氣污染物,揮發性有機化合物,,,2015,8.656
35424073,E,空氣污染物申報-一般空氣污染物,揮發性有機化合物,,,2015,16.728
36084833,E,空氣污染物申報-一般空氣污染物,氮氧化物,,,2015,0.065
36084833,E,空氣污染物申報-一般空氣污染物,揮發性有機化合物,,,2015,2.011
43816068,E,空氣污染物申報-一般空氣污染物,氮氧化物,,,2015,0.6329999999999999
43816068,E,空氣污染物申報-一般空氣污染物,硫氧化物,,,2015,0.007
43816068,E,空氣污染物申報-一般空氣污染物,粒狀污染物,,,2015,0.259
43816068,E,空氣污染物申報-一般空氣污染物,揮發性有機化合物,,,2015,70.09
45011782,E,空氣污染物申報-一般空氣污染物,揮發性有機化合物,,,2015,0.003
45190379,E,空氣污染物申報-一般空氣污染物,揮發性有機化合物,,,2015,2.8830000000000005
52358985,E,空氣污染物申報-一般空氣污染物,揮發性有機化合物,,,2015,1.942
52753108,E,空氣污染物申報-一般空氣污染物,揮發性有機化合物,,,2015,2.5180000000000002
52878846,E,空氣污染物申報-一般空氣污染物,揮發性有機化合物,,,2015,0.573
53125710,E,空氣污染物申報-一般空氣污染物,揮發性有機化合物,,,2015,0.121
59276051,E,空氣污染物申報-一般空氣污染物,揮發性有機化合物,,,2015,0.26499999999999996
70540563,E,空氣污染物申報-一般空氣污染物,揮發性有機化合物,,,2015,2.221
70684527,E,空氣污染物申報-一般空氣污染物,粒狀污染物,,,2015,0.032
70684527,E,空氣污染物申報-一般空氣污染物,揮發性有機化合物,,,2015,2.844
70776899,E,空氣污染物申報-一般空氣污染物,氮氧化物,,,2015,13.471
70776899,E,空氣污染物申報-一般空氣污染物,硫氧化物,,,2015,18.921999999999997
70776899,E,空氣污染物申報-一般空氣污染物,粒狀污染物,,,2015,0.83
70776899,E,空氣污染物申報-一般空氣污染物,揮發性有機化合物,,,2015,1.9629999999999999
70801378,E,空氣污染物申報-一般空氣污染物,氮氧化物,,,2015,0.6819999999999999
70801378,E,空氣污染物申報-一般空氣污染物,硫氧化物,,,2015,0.004
70801378,E,空氣污染物申報-一般空氣污染物,粒狀污染物,,,2015,0.02
70801378,E,空氣污染物申報-一般空氣污染物,揮發性有機化合物,,,2015,8.642000000000001
76026851,E,空氣污染物申報-一般空氣污染物,氮氧化物,,,2015,4.372
76026851,E,空氣污染物申報-一般空氣污染物,硫氧化物,,,2015,3.5700000000000003
76026851,E,空氣污染物申報-一般空氣污染物,粒狀污染物,,,2015,2.044
76026851,E,空氣污染物申報-一般空氣污染物,揮發性有機化合物,,,2015,38.981
83360971,E,空氣污染物申報-一般空氣污染物,揮發性有機化合物,,,2015,2.565
83639504,E,空氣污染物申報-一般空氣污染物,揮發性有機化合物,,,2015,6.305000000000001
84433564,E,空氣污染物申報-一般空氣污染物,揮發性有機化合物,,,2015,0.968
84808400,E,空氣污染物申報-一般空氣污染物,揮發性有機化合物,,,2015,5.916
86124395,E,空氣污染物申報-一般空氣污染物,氮氧化物,,,2015,1.62
86124395,E,空氣污染物申報-一般空氣污染物,粒狀污染物,,,2015,33.39
86332422,E,空氣污染物申報-一般空氣污染物,氮氧化物,,,2015,7.197000000000001
86332422,E,空氣污染物申報-一般空氣污染物,硫氧化物,,,2015,9.585
86332422,E,空氣污染物申報-一般空氣污染物,粒狀污染物,,,2015,0.68
86332422,E,空氣污染物申報-一般空氣污染物,揮發性有機化合物,,,2015,63.81899999999999
86362776,E,空氣污染物申報-一般空氣污染物,揮發性有機化合物,,,2015,0.114
86379707,E,空氣污染物申報-一般空氣污染物,氮氧化物,,,2015,3.545
86379707,E,空氣污染物申報-一般空氣污染物,硫氧化物,,,2015,5.083
86379707,E,空氣污染物申報-一般空氣污染物,粒狀污染物,,,2015,0.16
86379707,E,空氣污染物申報-一般空氣污染物,揮發性有機化合物,,,2015,16.083
86412635,E,空氣污染物申報-一般空氣污染物,氮氧化物,,,2015,0.863
86412635,E,空氣污染物申報-一般空氣污染物,揮發性有機化合物,,,2015,0.36200000000000004
86521351,E,空氣污染物申報-一般空氣污染物,氮氧化物,,,2015,10.597000000000001
86521351,E,空氣污染物申報-一般空氣污染物,硫氧化物,,,2015,12.974
86521351,E,空氣污染物申報-一般空氣污染物,粒狀污染物,,,2015,4.442
86521351,E,空氣污染物申報-一般空氣污染物,揮發性有機化合物,,,2015,229.93400000000003
86667046,E,空氣污染物申報-一般空氣污染物,揮發性有機化合物,,,2015,5.054
86691377,E,空氣污染物申報-一般空氣污染物,氮氧化物,,,2015,3.192
86691377,E,空氣污染物申報-一般空氣污染物,硫氧化物,,,2015,2.496
86691377,E,空氣污染物申報-一般空氣污染物,粒狀污染物,,,2015,0.376
86691377,E,空氣污染物申報-一般空氣污染物,揮發性有機化合物,,,2015,1.341
86978512,E,空氣污染物申報-一般空氣污染物,氮氧化物,,,2015,0.199
86978512,E,空氣污染物申報-一般空氣污染物,硫氧化物,,,2015,0.014
86978512,E,空氣污染物申報-一般空氣污染物,粒狀污染物,,,2015,2.092
86978512,E,空氣污染物申報-一般空氣污染物,揮發性有機化合物,,,2015,48.837999999999994
86980046,E,空氣污染物申報-一般空氣污染物,揮發性有機化合物,,,2015,5.6240000000000006
89379218,E,空氣污染物申報-一般空氣污染物,揮發性有機化合物,,,2015,8.34
89396770,E,空氣污染物申報-一般空氣污染物,粒狀污染物,,,2015,0.004
89396770,E,空氣污染物申報-一般空氣污染物,揮發性有機化合物,,,2015,1.825
89495531,E,空氣污染物申報-一般空氣污染物,氮氧化物,,,2015,0.7110000000000001
89495531,E,空氣污染物申報-一般空氣污染物,硫氧化物,,,2015,0.005
89495531,E,空氣污染物申報-一般空氣污染物,粒狀污染物,,,2015,0.187
89495531,E,空氣污染物申報-一般空氣污染物,揮發性有機化合物,,,2015,2.688
96865657,E,空氣污染物申報-一般空氣污染物,氮氧化物,,,2015,4.15
96865657,E,空氣污染物申報-一般空氣污染物,硫氧化物,,,2015,3.662
96865657,E,空氣污染物申報-一般空氣污染物,粒狀污染物,,,2015,3.6510000000000002
96865657,E,空氣污染物申報-一般空氣污染物,揮發性有機化合物,,,2015,37.126999999999995
97173920,E,空氣污染物申報-一般空氣污染物,揮發性有機化合物,,,2015,0.075
97178087,E,空氣污染物申報-一般空氣污染物,氮氧化物,,,2015,17.490000000000002
97178087,E,空氣污染物申報-一般空氣污染物,硫氧化物,,,2015,4.93
97178087,E,空氣污染物申報-一般空氣污染物,粒狀污染物,,,2015,0.018
97178087,E,空氣污染物申報-一般空氣污染物,揮發性有機化合物,,,2015,5.26
97179403,E,空氣污染物申報-一般空氣污染物,氮氧化物,,,2015,17.686
97179403,E,空氣污染物申報-一般空氣污染物,硫氧化物,,,2015,20.171000000000003
97179403,E,空氣污染物申報-一般空氣污染物,粒狀污染物,,,2015,0.24100000000000002
97179403,E,空氣污染物申報-一般空氣污染物,揮發性有機化合物,,,2015,54.757999999999996
97330127,E,空氣污染物申報-一般空氣污染物,氮氧化物,,,2015,0.495
97330127,E,空氣污染物申報-一般空氣污染物,粒狀污染物,,,2015,0.012
97330127,E,空氣污染物申報-一般空氣污染物,揮發性有機化合物,,,2015,70.3
05637971,E,空氣污染物申報-一般空氣污染物,粒狀污染物,,,2015,0.118
05637971,E,空氣污染物申報-一般空氣污染物,揮發性有機化合物,,,2015,6.577999999999999
04226091,E,空氣污染物申報-一般空氣污染物,氮氧化物,,,2015,7.872999999999999
04226091,E,空氣污染物申報-一般空氣污染物,硫氧化物,,,2015,4.6049999999999995
04226091,E,空氣污染物申報-一般空氣污染物,粒狀污染物,,,2015,0.499
04226091,E,空氣污染物申報-一般空氣污染物,揮發性有機化合物,,,2015,8.019
04401392,E,空氣污染物申報-一般空氣污染物,氮氧化物,,,2015,4.497999999999999
04401392,E,空氣污染物申報-一般空氣污染物,硫氧化物,,,2015,3.233999999999999
04401392,E,空氣污染物申報-一般空氣污染物,粒狀污染物,,,2015,0.43100000000000005
04401392,E,空氣污染物申報-一般空氣污染物,揮發性有機化合物,,,2015,104.20800000000001
12738623,E,空氣污染物申報-一般空氣污染物,氮氧化物,,,2016,4.7669999999999995
12738623,E,空氣污染物申報-一般空氣污染物,硫氧化物,,,2016,6.875
12738623,E,空氣污染物申報-一般空氣污染物,揮發性有機化合物,,,2016,4.858
16096804,E,空氣污染物申報-一般空氣污染物,粒狀污染物,,,2016,0.46599999999999997
16096804,E,空氣污染物申報-一般空氣污染物,揮發性有機化合物,,,2016,28.827999999999996
16101031,E,空氣污染物申報-一般空氣污染物,揮發性有機化合物,,,2016,0.002
16130084,E,空氣污染物申報-一般空氣污染物,揮發性有機化合物,,,2016,10.07
16197211,E,空氣污染物申報-一般空氣污染物,揮發性有機化合物,,,2016,3.3480000000000003
16198345,E,空氣污染物申報-一般空氣污染物,氮氧化物,,,2016,9.974
16198345,E,空氣污染物申報-一般空氣污染物,粒狀污染物,,,2016,0.8370000000000001
16198345,E,空氣污染物申報-一般空氣污染物,揮發性有機化合物,,,2016,187.24099999999996
16347324,E,空氣污染物申報-一般空氣污染物,揮發性有機化合物,,,2016,11.794999999999998
16431363,E,空氣污染物申報-一般空氣污染物,氮氧化物,,,2016,6.477
16431363,E,空氣污染物申報-一般空氣污染物,硫氧化物,,,2016,3.0050000000000003
16431363,E,空氣污染物申報-一般空氣污染物,粒狀污染物,,,2016,0.348
16431363,E,空氣污染物申報-一般空氣污染物,揮發性有機化合物,,,2016,53.550000000000004
16447610,E,空氣污染物申報-一般空氣污染物,氮氧化物,,,2016,4.327
16447610,E,空氣污染物申報-一般空氣污染物,硫氧化物,,,2016,6.2379999999999995
16447610,E,空氣污染物申報-一般空氣污染物,揮發性有機化合物,,,2016,0.496
16599215,E,空氣污染物申報-一般空氣污染物,粒狀污染物,,,2016,0.37
16599215,E,空氣污染物申報-一般空氣污染物,揮發性有機化合物,,,2016,33.074
16674213,E,空氣污染物申報-一般空氣污染物,揮發性有機化合物,,,2016,1.421
16742182,E,空氣污染物申報-一般空氣污染物,氮氧化物,,,2016,14.434000000000001
16742182,E,空氣污染物申報-一般空氣污染物,硫氧化物,,,2016,20.191999999999997
16742182,E,空氣污染物申報-一般空氣污染物,粒狀污染物,,,2016,0.123
16742182,E,空氣污染物申報-一般空氣污染物,揮發性有機化合物,,,2016,90.266
16834268,E,空氣污染物申報-一般空氣污染物,氮氧化物,,,2016,78.56200000000001
16834268,E,空氣污染物申報-一般空氣污染物,硫氧化物,,,2016,32.382
16834268,E,空氣污染物申報-一般空氣污染物,粒狀污染物,,,2016,7.498000000000001
16834268,E,空氣污染物申報-一般空氣污染物,揮發性有機化合物,,,2016,20.689999999999998
19004316,E,空氣污染物申報-一般空氣污染物,粒狀污染物,,,2016,3.540999999999999
19004316,E,空氣污染物申報-一般空氣污染物,揮發性有機化合物,,,2016,615.068
20759430,E,空氣污染物申報-一般空氣污染物,揮發性有機化合物,,,2016,3.293
20891326,E,空氣污染物申報-一般空氣污染物,氮氧化物,,,2016,0.854
20891326,E,空氣污染物申報-一般空氣污染物,硫氧化物,,,2016,0.576
20891326,E,空氣污染物申報-一般空氣污染物,粒狀污染物,,,2016,0.624
20891326,E,空氣污染物申報-一般空氣污染物,揮發性有機化合物,,,2016,53.14
21204867,E,空氣污染物申報-一般空氣污染物,揮發性有機化合物,,,2016,27.332
22099343,E,空氣污染物申報-一般空氣污染物,揮發性有機化合物,,,2016,0.292
22100469,E,空氣污染物申報-一般空氣污染物,揮發性有機化合物,,,2016,3.307
22274989,E,空氣污染物申報-一般空氣污染物,氮氧化物,,,2016,0.41000000000000003
22274989,E,空氣污染物申報-一般空氣污染物,硫氧化物,,,2016,0.228
22306125,E,空氣污染物申報-一般空氣污染物,揮發性有機化合物,,,2016,1.8670000000000002
22306130,E,空氣污染物申報-一般空氣污染物,氮氧化物,,,2016,0.078
22306130,E,空氣污染物申報-一般空氣污染物,硫氧化物,,,2016,0.094
22306130,E,空氣污染物申報-一般空氣污染物,粒狀污染物,,,2016,1.1480000000000001
22306130,E,空氣污染物申報-一般空氣污染物,揮發性有機化合物,,,2016,11.572
22415854,E,空氣污染物申報-一般空氣污染物,揮發性有機化合物,,,2016,8.546
22570840,E,空氣污染物申報-一般空氣污染物,揮發性有機化合物,,,2016,0.875
22636630,E,空氣污染物申報-一般空氣污染物,揮發性有機化合物,,,2016,245.282
22771229,E,空氣污染物申報-一般空氣污染物,揮發性有機化合物,,,2016,0.329
22773079,E,空氣污染物申報-一般空氣污染物,氮氧化物,,,2016,0.394
22773079,E,空氣污染物申報-一般空氣污染物,硫氧化物,,,2016,0.003
22773079,E,空氣污染物申報-一般空氣污染物,粒狀污染物,,,2016,0.095
22773079,E,空氣污染物申報-一般空氣污染物,揮發性有機化合物,,,2016,3.218
22944019,E,空氣污染物申報-一般空氣污染物,揮發性有機化合物,,,2016,2.7729999999999997
22948084,E,空氣污染物申報-一般空氣污染物,揮發性有機化合物,,,2016,0.63
22993144,E,空氣污染物申報-一般空氣污染物,氮氧化物,,,2016,1.977
22993144,E,空氣污染物申報-一般空氣污染物,硫氧化物,,,2016,2.848
22993144,E,空氣污染物申報-一般空氣污染物,粒狀污染物,,,2016,1.592
22993144,E,空氣污染物申報-一般空氣污染物,揮發性有機化合物,,,2016,4.6080000000000005
23063420,E,空氣污染物申報-一般空氣污染物,粒狀污染物,,,2016,0.251
23063420,E,空氣污染物申報-一般空氣污染物,揮發性有機化合物,,,2016,1.026
23225071,E,空氣污染物申報-一般空氣污染物,氮氧化物,,,2016,0.52
23225071,E,空氣污染物申報-一般空氣污染物,硫氧化物,,,2016,0.005
23225071,E,空氣污染物申報-一般空氣污染物,粒狀污染物,,,2016,0.322
23225071,E,空氣污染物申報-一般空氣污染物,揮發性有機化合物,,,2016,8.121
23528103,E,空氣污染物申報-一般空氣污染物,氮氧化物,,,2016,0.1
23528103,E,空氣污染物申報-一般空氣污染物,硫氧化物,,,2016,0.118
23528103,E,空氣污染物申報-一般空氣污染物,粒狀污染物,,,2016,0.325
23528103,E,空氣污染物申報-一般空氣污染物,揮發性有機化合物,,,2016,9.138
23534301,E,空氣污染物申報-一般空氣污染物,揮發性有機化合物,,,2016,61.053
23535435,E,空氣污染物申報-一般空氣污染物,氮氧化物,,,2016,11.806000000000001
23535435,E,空氣污染物申報-一般空氣污染物,硫氧化物,,,2016,6.452999999999999
23535435,E,空氣污染物申報-一般空氣污染物,粒狀污染物,,,2016,2.815
23535435,E,空氣污染物申報-一般空氣污染物,揮發性有機化合物,,,2016,44.384
23588039,E,空氣污染物申報-一般空氣污染物,揮發性有機化合物,,,2016,0.874
23641338,E,空氣污染物申報-一般空氣污染物,氮氧化物,,,2016,0.376
23641338,E,空氣污染物申報-一般空氣污染物,硫氧化物,,,2016,0.03
23641338,E,空氣污染物申報-一般空氣污染物,粒狀污染物,,,2016,3.932
23641338,E,空氣污染物申報-一般空氣污染物,揮發性有機化合物,,,2016,128.68900000000002
23750095,E,空氣污染物申報-一般空氣污染物,粒狀污染物,,,2016,0.088
23750095,E,空氣污染物申報-一般空氣污染物,揮發性有機化合物,,,2016,4.431
23810592,E,空氣污染物申報-一般空氣污染物,揮發性有機化合物,,,2016,2.459
23983947,E,空氣污染物申報-一般空氣污染物,揮發性有機化合物,,,2016,0.368
30955404,E,空氣污染物申報-一般空氣污染物,氮氧化物,,,2016,3.759000000000001
30955404,E,空氣污染物申報-一般空氣污染物,硫氧化物,,,2016,0.026999999999999996
30955404,E,空氣污染物申報-一般空氣污染物,粒狀污染物,,,2016,1.2320000000000002
30955404,E,空氣污染物申報-一般空氣污染物,揮發性有機化合物,,,2016,15.699999999999998
34051920,E,空氣污染物申報-一般空氣污染物,氮氧化物,,,2016,0.44800000000000006
34051920,E,空氣污染物申報-一般空氣污染物,揮發性有機化合物,,,2016,20.443
35424073,E,空氣污染物申報-一般空氣污染物,氮氧化物,,,2016,0.4580000000000001
35424073,E,空氣污染物申報-一般空氣污染物,硫氧化物,,,2016,0.034999999999999996
35424073,E,空氣污染物申報-一般空氣污染物,粒狀污染物,,,2016,0.394
35424073,E,空氣污染物申報-一般空氣污染物,揮發性有機化合物,,,2016,93.57000000000001
36011776,E,空氣污染物申報-一般空氣污染物,揮發性有機化合物,,,2016,0.041
36084833,E,空氣污染物申報-一般空氣污染物,氮氧化物,,,2016,0.139
36084833,E,空氣污染物申報-一般空氣污染物,硫氧化物,,,2016,0.001
36084833,E,空氣污染物申報-一般空氣污染物,粒狀污染物,,,2016,0.021
36084833,E,空氣污染物申報-一般空氣污染物,揮發性有機化合物,,,2016,2.444
43816068,E,空氣污染物申報-一般空氣污染物,氮氧化物,,,2016,1.5110000000000001
43816068,E,空氣污染物申報-一般空氣污染物,硫氧化物,,,2016,0.009000000000000001
43816068,E,空氣污染物申報-一般空氣污染物,粒狀污染物,,,2016,0.339
43816068,E,空氣污染物申報-一般空氣污染物,揮發性有機化合物,,,2016,130.912
45011782,E,空氣污染物申報-一般空氣污染物,揮發性有機化合物,,,2016,0.8350000000000001
45190379,E,空氣污染物申報-一般空氣污染物,揮發性有機化合物,,,2016,1.3099999999999998
52753108,E,空氣污染物申報-一般空氣污染物,揮發性有機化合物,,,2016,4.588
52878846,E,空氣污染物申報-一般空氣污染物,揮發性有機化合物,,,2016,4.719
53125710,E,空氣污染物申報-一般空氣污染物,揮發性有機化合物,,,2016,0.256
59276051,E,空氣污染物申報-一般空氣污染物,揮發性有機化合物,,,2016,2.499
70540563,E,空氣污染物申報-一般空氣污染物,揮發性有機化合物,,,2016,0.741
70684527,E,空氣污染物申報-一般空氣污染物,揮發性有機化合物,,,2016,12.155
70776899,E,空氣污染物申報-一般空氣污染物,氮氧化物,,,2016,17.522
70776899,E,空氣污染物申報-一般空氣污染物,硫氧化物,,,2016,19.538
70776899,E,空氣污染物申報-一般空氣污染物,粒狀污染物,,,2016,0.929
70776899,E,空氣污染物申報-一般空氣污染物,揮發性有機化合物,,,2016,3.943
70801378,E,空氣污染物申報-一般空氣污染物,氮氧化物,,,2016,0.779
70801378,E,空氣污染物申報-一般空氣污染物,硫氧化物,,,2016,0.005
70801378,E,空氣污染物申報-一般空氣污染物,粒狀污染物,,,2016,0.015
70801378,E,空氣污染物申報-一般空氣污染物,揮發性有機化合物,,,2016,9.145
76026851,E,空氣污染物申報-一般空氣污染物,氮氧化物,,,2016,4.441
76026851,E,空氣污染物申報-一般空氣污染物,硫氧化物,,,2016,2.972
76026851,E,空氣污染物申報-一般空氣污染物,粒狀污染物,,,2016,3.06
76026851,E,空氣污染物申報-一般空氣污染物,揮發性有機化合物,,,2016,35.563
83360971,E,空氣污染物申報-一般空氣污染物,揮發性有機化合物,,,2016,12.793000000000001
83639504,E,空氣污染物申報-一般空氣污染物,揮發性有機化合物,,,2016,6.261
84433564,E,空氣污染物申報-一般空氣污染物,揮發性有機化合物,,,2016,0.397
84808400,E,空氣污染物申報-一般空氣污染物,粒狀污染物,,,2016,0.036
84808400,E,空氣污染物申報-一般空氣污染物,揮發性有機化合物,,,2016,2.3680000000000003
84819223,E,空氣污染物申報-一般空氣污染物,揮發性有機化合物,,,2016,0.977
86124395,E,空氣污染物申報-一般空氣污染物,氮氧化物,,,2016,1.249
86124395,E,空氣污染物申報-一般空氣污染物,粒狀污染物,,,2016,14.680999999999997
86124395,E,空氣污染物申報-一般空氣污染物,揮發性有機化合物,,,2016,6.409
86332422,E,空氣污染物申報-一般空氣污染物,氮氧化物,,,2016,3.96
86332422,E,空氣污染物申報-一般空氣污染物,硫氧化物,,,2016,6.156
86332422,E,空氣污染物申報-一般空氣污染物,粒狀污染物,,,2016,0.648
86332422,E,空氣污染物申報-一般空氣污染物,揮發性有機化合物,,,2016,5.481
86362776,E,空氣污染物申報-一般空氣污染物,揮發性有機化合物,,,2016,0.083
86379707,E,空氣污染物申報-一般空氣污染物,氮氧化物,,,2016,2.639
86379707,E,空氣污染物申報-一般空氣污染物,硫氧化物,,,2016,3.735
86379707,E,空氣污染物申報-一般空氣污染物,揮發性有機化合物,,,2016,6.439000000000001
86412635,E,空氣污染物申報-一般空氣污染物,氮氧化物,,,2016,0.852
86412635,E,空氣污染物申報-一般空氣污染物,揮發性有機化合物,,,2016,123.771
86521351,E,空氣污染物申報-一般空氣污染物,氮氧化物,,,2016,7.941
86521351,E,空氣污染物申報-一般空氣污染物,硫氧化物,,,2016,7.679
86521351,E,空氣污染物申報-一般空氣污染物,粒狀污染物,,,2016,5.81
86521351,E,空氣污染物申報-一般空氣污染物,揮發性有機化合物,,,2016,203.264
86667046,E,空氣污染物申報-一般空氣污染物,揮發性有機化合物,,,2016,0.929
86691377,E,空氣污染物申報-一般空氣污染物,氮氧化物,,,2016,14.809000000000001
86691377,E,空氣污染物申報-一般空氣污染物,硫氧化物,,,2016,10.392
86691377,E,空氣污染物申報-一般空氣污染物,粒狀污染物,,,2016,1.703
86691377,E,空氣污染物申報-一般空氣污染物,揮發性有機化合物,,,2016,29.419
86978512,E,空氣污染物申報-一般空氣污染物,氮氧化物,,,2016,0.332
86978512,E,空氣污染物申報-一般空氣污染物,硫氧化物,,,2016,0.027
86978512,E,空氣污染物申報-一般空氣污染物,粒狀污染物,,,2016,3.772
86978512,E,空氣污染物申報-一般空氣污染物,揮發性有機化合物,,,2016,61.312999999999995
86980046,E,空氣污染物申報-一般空氣污染物,揮發性有機化合物,,,2016,7.042
89379218,E,空氣污染物申報-一般空氣污染物,粒狀污染物,,,2016,0.308
89379218,E,空氣污染物申報-一般空氣污染物,揮發性有機化合物,,,2016,2.276
89396770,E,空氣污染物申報-一般空氣污染物,粒狀污染物,,,2016,0.024
89396770,E,空氣污染物申報-一般空氣污染物,揮發性有機化合物,,,2016,8.455
89495531,E,空氣污染物申報-一般空氣污染物,氮氧化物,,,2016,0.571
89495531,E,空氣污染物申報-一般空氣污染物,硫氧化物,,,2016,0.004
89495531,E,空氣污染物申報-一般空氣污染物,粒狀污染物,,,2016,0.208
89495531,E,空氣污染物申報-一般空氣污染物,揮發性有機化合物,,,2016,2.394
96865657,E,空氣污染物申報-一般空氣污染物,氮氧化物,,,2016,3.107
96865657,E,空氣污染物申報-一般空氣污染物,硫氧化物,,,2016,2.158
96865657,E,空氣污染物申報-一般空氣污染物,粒狀污染物,,,2016,2.698
96865657,E,空氣污染物申報-一般空氣污染物,揮發性有機化合物,,,2016,25.073
97173920,E,空氣污染物申報-一般空氣污染物,揮發性有機化合物,,,2016,1.065
97178087,E,空氣污染物申報-一般空氣污染物,氮氧化物,,,2016,6.023
97178087,E,空氣污染物申報-一般空氣污染物,硫氧化物,,,2016,1.041
97178087,E,空氣污染物申報-一般空氣污染物,粒狀污染物,,,2016,0.012
97178087,E,空氣污染物申報-一般空氣污染物,揮發性有機化合物,,,2016,4.103
97179403,E,空氣污染物申報-一般空氣污染物,氮氧化物,,,2016,13.344999999999999
97179403,E,空氣污染物申報-一般空氣污染物,硫氧化物,,,2016,31.554000000000002
97179403,E,空氣污染物申報-一般空氣污染物,粒狀污染物,,,2016,0.02
97179403,E,空氣污染物申報-一般空氣污染物,揮發性有機化合物,,,2016,74.639
97330127,E,空氣污染物申報-一般空氣污染物,氮氧化物,,,2016,0.137
97330127,E,空氣污染物申報-一般空氣污染物,粒狀污染物,,,2016,0.004
97330127,E,空氣污染物申報-一般空氣污染物,揮發性有機化合物,,,2016,18.859
04226091,E,空氣污染物申報-一般空氣污染物,氮氧化物,,,2016,5.888999999999999
04226091,E,空氣污染物申報-一般空氣污染物,硫氧化物,,,2016,1.8250000000000002
04226091,E,空氣污染物申報-一般空氣污染物,粒狀污染物,,,2016,0.28600000000000003
04226091,E,空氣污染物申報-一般空氣污染物,揮發性有機化合物,,,2016,5.0600000000000005
04401392,E,空氣污染物申報-一般空氣污染物,氮氧化物,,,2016,1.9710000000000003
04401392,E,空氣污染物申報-一般空氣污染物,硫氧化物,,,2016,0.722
04401392,E,空氣污染物申報-一般空氣污染物,粒狀污染物,,,2016,0.196
04401392,E,空氣污染物申報-一般空氣污染物,揮發性有機化合物,,,2016,124.45700000000002
05637971,E,空氣污染物申報-一般空氣污染物,氮氧化物,,,2016,1.4300000000000002
05637971,E,空氣污染物申報-一般空氣污染物,粒狀污染物,,,2016,0.77
05637971,E,空氣污染物申報-一般空氣污染物,揮發性有機化合物,,,2016,26.212
12738623,E,空氣污染物申報-一般空氣污染物,氮氧化物,,,2017,5.363
12738623,E,空氣污染物申報-一般空氣污染物,硫氧化物,,,2017,7.734
12738623,E,空氣污染物申報-一般空氣污染物,揮發性有機化合物,,,2017,3.38
16096804,E,空氣污染物申報-一般空氣污染物,粒狀污染物,,,2017,0.8290000000000001
16096804,E,空氣污染物申報-一般空氣污染物,揮發性有機化合物,,,2017,36.583000000000006
16096804,E,空氣污染物申報-有害空氣污染物,甲苯,,,2017,0.032
16096804,E,空氣污染物申報-有害空氣污染物,二甲苯,,,2017,0.182
16101031,E,空氣污染物申報-一般空氣污染物,揮發性有機化合物,,,2017,0.014
16130084,E,空氣污染物申報-一般空氣污染物,揮發性有機化合物,,,2017,7.381
16130084,E,空氣污染物申報-有害空氣污染物,二甲苯,,,2017,0.28800000000000003
16197211,E,空氣污染物申報-一般空氣污染物,揮發性有機化合物,,,2017,2.044
16197211,E,空氣污染物申報-有害空氣污染物,乙苯,,,2017,0.062
16197211,E,空氣污染物申報-有害空氣污染物,二甲苯,,,2017,0.367
16198345,E,空氣污染物申報-一般空氣污染物,氮氧化物,,,2017,6.112
16198345,E,空氣污染物申報-一般空氣污染物,粒狀污染物,,,2017,0.509
16198345,E,空氣污染物申報-一般空氣污染物,揮發性有機化合物,,,2017,133.046
16347324,E,空氣污染物申報-一般空氣污染物,揮發性有機化合物,,,2017,17.991999999999997
16431363,E,空氣污染物申報-一般空氣污染物,氮氧化物,,,2017,3.857
16431363,E,空氣污染物申報-一般空氣污染物,硫氧化物,,,2017,2.469
16431363,E,空氣污染物申報-一般空氣污染物,粒狀污染物,,,2017,0.232
16431363,E,空氣污染物申報-一般空氣污染物,揮發性有機化合物,,,2017,34.400999999999996
16433242,E,空氣污染物申報-一般空氣污染物,揮發性有機化合物,,,2017,0.159
16433242,E,空氣污染物申報-有害空氣污染物,二甲苯,,,2017,0.06
16447610,E,空氣污染物申報-一般空氣污染物,氮氧化物,,,2017,2.649
16447610,E,空氣污染物申報-一般空氣污染物,硫氧化物,,,2017,3.332
16447610,E,空氣污染物申報-一般空氣污染物,揮發性有機化合物,,,2017,0.47
16599215,E,空氣污染物申報-一般空氣污染物,粒狀污染物,,,2017,0.36
16599215,E,空氣污染物申報-一般空氣污染物,揮發性有機化合物,,,2017,25.998000000000005
16599215,E,空氣污染物申報-有害空氣污染物,甲苯,,,2017,3.1049999999999995
16674213,E,空氣污染物申報-一般空氣污染物,揮發性有機化合物,,,2017,3.391
16742182,E,空氣污染物申報-一般空氣污染物,氮氧化物,,,2017,5.590000000000001
16742182,E,空氣污染物申報-一般空氣污染物,硫氧化物,,,2017,7.5249999999999995
16742182,E,空氣污染物申報-一般空氣污染物,粒狀污染物,,,2017,0.45299999999999996
16742182,E,空氣污染物申報-一般空氣污染物,揮發性有機化合物,,,2017,31.222999999999995
16834268,E,空氣污染物申報-一般空氣污染物,氮氧化物,,,2017,155.244
16834268,E,空氣污染物申報-一般空氣污染物,硫氧化物,,,2017,50.765
16834268,E,空氣污染物申報-一般空氣污染物,粒狀污染物,,,2017,13.269
16834268,E,空氣污染物申報-一般空氣污染物,揮發性有機化合物,,,2017,41.327999999999996
19004316,E,空氣污染物申報-一般空氣污染物,粒狀污染物,,,2017,4.7010000000000005
19004316,E,空氣污染物申報-一般空氣污染物,揮發性有機化合物,,,2017,685.149
19004316,E,空氣污染物申報-有害空氣污染物,乙苯,,,2017,0.133
19004316,E,空氣污染物申報-有害空氣污染物,甲苯,,,2017,234.28999999999996
19004316,E,空氣污染物申報-有害空氣污染物,二甲苯,,,2017,1.7180000000000002
20759430,E,空氣污染物申報-一般空氣污染物,揮發性有機化合物,,,2017,11.003
20891326,E,空氣污染物申報-一般空氣污染物,氮氧化物,,,2017,1.276
20891326,E,空氣污染物申報-一般空氣污染物,硫氧化物,,,2017,0.861
20891326,E,空氣污染物申報-一般空氣污染物,粒狀污染物,,,2017,2.013
20891326,E,空氣污染物申報-一般空氣污染物,揮發性有機化合物,,,2017,41.905
20891326,E,空氣污染物申報-有害空氣污染物,甲苯,,,2017,20.596000000000004
20891326,E,空氣污染物申報-有害空氣污染物,二甲苯,,,2017,0.6709999999999999
21204867,E,空氣污染物申報-一般空氣污染物,揮發性有機化合物,,,2017,25.884999999999998
22059031,E,空氣污染物申報-一般空氣污染物,揮發性有機化合物,,,2017,0.612
22099343,E,空氣污染物申報-一般空氣污染物,揮發性有機化合物,,,2017,0.952
22100469,E,空氣污染物申報-一般空氣污染物,揮發性有機化合物,,,2017,9.802
22274989,E,空氣污染物申報-一般空氣污染物,氮氧化物,,,2017,0.755
22274989,E,空氣污染物申報-一般空氣污染物,硫氧化物,,,2017,0.361
22306125,E,空氣污染物申報-一般空氣污染物,揮發性有機化合物,,,2017,1.377
22306130,E,空氣污染物申報-一般空氣污染物,氮氧化物,,,2017,0.071
22306130,E,空氣污染物申報-一般空氣污染物,硫氧化物,,,2017,0.084
22306130,E,空氣污染物申報-一般空氣污染物,粒狀污染物,,,2017,1.085
22306130,E,空氣污染物申報-一般空氣污染物,揮發性有機化合物,,,2017,16.411
22306130,E,空氣污染物申報-有害空氣污染物,甲苯,,,2017,11.59
22415854,E,空氣污染物申報-一般空氣污染物,揮發性有機化合物,,,2017,8.605
22570840,E,空氣污染物申報-一般空氣污染物,揮發性有機化合物,,,2017,2.214
22636630,E,空氣污染物申報-一般空氣污染物,揮發性有機化合物,,,2017,197.126
22636630,E,空氣污染物申報-有害空氣污染物,甲苯,,,2017,60.635
22771229,E,空氣污染物申報-一般空氣污染物,揮發性有機化合物,,,2017,1.951
22773079,E,空氣污染物申報-一般空氣污染物,氮氧化物,,,2017,0.44299999999999995
22773079,E,空氣污染物申報-一般空氣污染物,硫氧化物,,,2017,0.004
22773079,E,空氣污染物申報-一般空氣污染物,粒狀污染物,,,2017,0.098
22773079,E,空氣污染物申報-一般空氣污染物,揮發性有機化合物,,,2017,4.119
22944019,E,空氣污染物申報-一般空氣污染物,揮發性有機化合物,,,2017,1.4400000000000002
22944019,E,空氣污染物申報-有害空氣污染物,甲苯,,,2017,0.357
22948084,E,空氣污染物申報-一般空氣污染物,揮發性有機化合物,,,2017,0.53
22948084,E,空氣污染物申報-有害空氣污染物,二氯甲烷,,,2017,0.53
22993144,E,空氣污染物申報-一般空氣污染物,氮氧化物,,,2017,1.549
22993144,E,空氣污染物申報-一般空氣污染物,硫氧化物,,,2017,2.233
22993144,E,空氣污染物申報-一般空氣污染物,揮發性有機化合物,,,2017,5.497999999999999
23063420,E,空氣污染物申報-一般空氣污染物,粒狀污染物,,,2017,0.485
23063420,E,空氣污染物申報-一般空氣污染物,揮發性有機化合物,,,2017,2.158
23225071,E,空氣污染物申報-一般空氣污染物,氮氧化物,,,2017,0.5509999999999999
23225071,E,空氣污染物申報-一般空氣污染物,硫氧化物,,,2017,0.004
23225071,E,空氣污染物申報-一般空氣污染物,粒狀污染物,,,2017,0.505
23225071,E,空氣污染物申報-一般空氣污染物,揮發性有機化合物,,,2017,9.11
23528103,E,空氣污染物申報-一般空氣污染物,氮氧化物,,,2017,0.461
23528103,E,空氣污染物申報-一般空氣污染物,硫氧化物,,,2017,0.183
23528103,E,空氣污染物申報-一般空氣污染物,粒狀污染物,,,2017,0.29600000000000004
23528103,E,空氣污染物申報-一般空氣污染物,揮發性有機化合物,,,2017,9.844000000000001
23528103,E,空氣污染物申報-有害空氣污染物,乙苯,,,2017,0.194
23528103,E,空氣污染物申報-有害空氣污染物,甲苯,,,2017,0.479
23528103,E,空氣污染物申報-有害空氣污染物,二甲苯,,,2017,1.2360000000000002
23534301,E,空氣污染物申報-一般空氣污染物,揮發性有機化合物,,,2017,83.573
23534301,E,空氣污染物申報-有害空氣污染物,甲苯,,,2017,1.6760000000000002
23534301,E,空氣污染物申報-有害空氣污染物,二甲苯,,,2017,1.524
23535435,E,空氣污染物申報-一般空氣污染物,氮氧化物,,,2017,10.727999999999998
23535435,E,空氣污染物申報-一般空氣污染物,硫氧化物,,,2017,4.6370000000000005
23535435,E,空氣污染物申報-一般空氣污染物,粒狀污染物,,,2017,3.2119999999999997
23535435,E,空氣污染物申報-一般空氣污染物,揮發性有機化合物,,,2017,33.968
23535435,E,空氣污染物申報-有害空氣污染物,苯,,,2017,0.002
23535435,E,空氣污染物申報-有害空氣污染物,三氯甲烷,,,2017,0.02
23535435,E,空氣污染物申報-有害空氣污染物,苯乙烯,,,2017,0.03
23535435,E,空氣污染物申報-有害空氣污染物,二氯甲烷,,,2017,0.017
23535435,E,空氣污染物申報-有害空氣污染物,甲苯,,,2017,0.045
23535435,E,空氣污染物申報-有害空氣污染物,三氯乙烯,,,2017,0.002
23588039,E,空氣污染物申報-一般空氣污染物,揮發性有機化合物,,,2017,0.795
23641338,E,空氣污染物申報-一般空氣污染物,氮氧化物,,,2017,0.838
23641338,E,空氣污染物申報-一般空氣污染物,硫氧化物,,,2017,0.066
23641338,E,空氣污染物申報-一般空氣污染物,粒狀污染物,,,2017,5.757
23641338,E,空氣污染物申報-一般空氣污染物,揮發性有機化合物,,,2017,143.53799999999998
23641338,E,空氣污染物申報-有害空氣污染物,甲苯,,,2017,84.436
23750095,E,空氣污染物申報-一般空氣污染物,粒狀污染物,,,2017,0.546
23750095,E,空氣污染物申報-一般空氣污染物,揮發性有機化合物,,,2017,5.536999999999999
23810592,E,空氣污染物申報-一般空氣污染物,揮發性有機化合物,,,2017,0.856
23983947,E,空氣污染物申報-一般空氣污染物,揮發性有機化合物,,,2017,0.161
30955404,E,空氣污染物申報-一般空氣污染物,氮氧化物,,,2017,1.685
30955404,E,空氣污染物申報-一般空氣污染物,硫氧化物,,,2017,0.012
30955404,E,空氣污染物申報-一般空氣污染物,粒狀污染物,,,2017,0.629
30955404,E,空氣污染物申報-一般空氣污染物,揮發性有機化合物,,,2017,11.670000000000002
34051920,E,空氣污染物申報-一般空氣污染物,氮氧化物,,,2017,0.607
34051920,E,空氣污染物申報-一般空氣污染物,揮發性有機化合物,,,2017,15.812
34051920,E,空氣污染物申報-有害空氣污染物,二甲苯,,,2017,0.041999999999999996
35424073,E,空氣污染物申報-一般空氣污染物,氮氧化物,,,2017,0.3909999999999999
35424073,E,空氣污染物申報-一般空氣污染物,硫氧化物,,,2017,0.013000000000000001
35424073,E,空氣污染物申報-一般空氣污染物,粒狀污染物,,,2017,0.063
35424073,E,空氣污染物申報-一般空氣污染物,揮發性有機化合物,,,2017,70.52100000000002
36011776,E,空氣污染物申報-一般空氣污染物,揮發性有機化合物,,,2017,0.17500000000000002
36084833,E,空氣污染物申報-一般空氣污染物,氮氧化物,,,2017,0.23800000000000002
36084833,E,空氣污染物申報-一般空氣污染物,粒狀污染物,,,2017,0.087
36084833,E,空氣污染物申報-一般空氣污染物,揮發性有機化合物,,,2017,4.378
36268804,E,空氣污染物申報-一般空氣污染物,氮氧化物,,,2017,0.044
36268804,E,空氣污染物申報-一般空氣污染物,揮發性有機化合物,,,2017,1.092
43816068,E,空氣污染物申報-一般空氣污染物,氮氧化物,,,2017,1.5980000000000003
43816068,E,空氣污染物申報-一般空氣污染物,硫氧化物,,,2017,0.008
43816068,E,空氣污染物申報-一般空氣污染物,粒狀污染物,,,2017,0.46799999999999997
43816068,E,空氣污染物申報-一般空氣污染物,揮發性有機化合物,,,2017,107.38300000000002
45011782,E,空氣污染物申報-一般空氣污染物,揮發性有機化合物,,,2017,1.961
45190379,E,空氣污染物申報-一般空氣污染物,揮發性有機化合物,,,2017,1.306
52753108,E,空氣污染物申報-一般空氣污染物,揮發性有機化合物,,,2017,5.587000000000001
52753108,E,空氣污染物申報-有害空氣污染物,二甲苯,,,2017,0.008
52878846,E,空氣污染物申報-一般空氣污染物,揮發性有機化合物,,,2017,3.78
53125710,E,空氣污染物申報-一般空氣污染物,揮發性有機化合物,,,2017,1.333
59276051,E,空氣污染物申報-一般空氣污染物,揮發性有機化合物,,,2017,2.61
70540563,E,空氣污染物申報-一般空氣污染物,揮發性有機化合物,,,2017,0.9079999999999999
70684527,E,空氣污染物申報-一般空氣污染物,揮發性有機化合物,,,2017,11.029
70776899,E,空氣污染物申報-一般空氣污染物,氮氧化物,,,2017,18.627000000000002
70776899,E,空氣污染物申報-一般空氣污染物,硫氧化物,,,2017,21.925000000000004
70776899,E,空氣污染物申報-一般空氣污染物,粒狀污染物,,,2017,0.606
70776899,E,空氣污染物申報-一般空氣污染物,揮發性有機化合物,,,2017,6.172999999999999
70776899,E,空氣污染物申報-有害空氣污染物,甲苯,,,2017,0.261
70776899,E,空氣污染物申報-有害空氣污染物,二甲苯,,,2017,0.042
70801378,E,空氣污染物申報-一般空氣污染物,氮氧化物,,,2017,0.59
70801378,E,空氣污染物申報-一般空氣污染物,硫氧化物,,,2017,0.004
70801378,E,空氣污染物申報-一般空氣污染物,粒狀污染物,,,2017,0.009
70801378,E,空氣污染物申報-一般空氣污染物,揮發性有機化合物,,,2017,6.2669999999999995
76026851,E,空氣污染物申報-一般空氣污染物,氮氧化物,,,2017,4.536
76026851,E,空氣污染物申報-一般空氣污染物,硫氧化物,,,2017,3.142
76026851,E,空氣污染物申報-一般空氣污染物,粒狀污染物,,,2017,1.9929999999999999
76026851,E,空氣污染物申報-一般空氣污染物,揮發性有機化合物,,,2017,33.585
76026851,E,空氣污染物申報-有害空氣污染物,二氯甲烷,,,2017,0.194
76026851,E,空氣污染物申報-有害空氣污染物,甲苯,,,2017,0.939
76026851,E,空氣污染物申報-有害空氣污染物,二甲苯,,,2017,1.633
83360971,E,空氣污染物申報-一般空氣污染物,揮發性有機化合物,,,2017,8.966
83639504,E,空氣污染物申報-一般空氣污染物,揮發性有機化合物,,,2017,5.67
83639504,E,空氣污染物申報-有害空氣污染物,甲苯,,,2017,1.145
84433564,E,空氣污染物申報-一般空氣污染物,揮發性有機化合物,,,2017,0.515
84808400,E,空氣污染物申報-一般空氣污染物,粒狀污染物,,,2017,0.072
84808400,E,空氣污染物申報-一般空氣污染物,揮發性有機化合物,,,2017,2.131
84819223,E,空氣污染物申報-一般空氣污染物,揮發性有機化合物,,,2017,1.9789999999999999
84819223,E,空氣污染物申報-有害空氣污染物,甲苯,,,2017,0.34400000000000003
86124395,E,空氣污染物申報-一般空氣污染物,氮氧化物,,,2017,1.01
86124395,E,空氣污染物申報-一般空氣污染物,粒狀污染物,,,2017,12.893
86124395,E,空氣污染物申報-一般空氣污染物,揮發性有機化合物,,,2017,11.252
86332422,E,空氣污染物申報-一般空氣污染物,氮氧化物,,,2017,2.685
86332422,E,空氣污染物申報-一般空氣污染物,硫氧化物,,,2017,4.278
86332422,E,空氣污染物申報-一般空氣污染物,粒狀污染物,,,2017,1.058
86332422,E,空氣污染物申報-一般空氣污染物,揮發性有機化合物,,,2017,2.925
86362776,E,空氣污染物申報-一般空氣污染物,揮發性有機化合物,,,2017,0.20900000000000002
86379707,E,空氣污染物申報-一般空氣污染物,氮氧化物,,,2017,2.4010000000000002
86379707,E,空氣污染物申報-一般空氣污染物,硫氧化物,,,2017,3.42
86379707,E,空氣污染物申報-一般空氣污染物,粒狀污染物,,,2017,0.05399999999999999
86379707,E,空氣污染物申報-一般空氣污染物,揮發性有機化合物,,,2017,8.235999999999999
86412635,E,空氣污染物申報-一般空氣污染物,氮氧化物,,,2017,0.44199999999999995
86412635,E,空氣污染物申報-一般空氣污染物,硫氧化物,,,2017,0.023
86412635,E,空氣污染物申報-一般空氣污染物,揮發性有機化合物,,,2017,127.252
86412635,E,空氣污染物申報-有害空氣污染物,甲苯,,,2017,79.354
86412635,E,空氣污染物申報-有害空氣污染物,二甲苯,,,2017,1.3699999999999999
86436593,E,空氣污染物申報-一般空氣污染物,揮發性有機化合物,,,2017,0.256
86521351,E,空氣污染物申報-一般空氣污染物,氮氧化物,,,2017,47.44
86521351,E,空氣污染物申報-一般空氣污染物,硫氧化物,,,2017,8.18
86521351,E,空氣污染物申報-一般空氣污染物,粒狀污染物,,,2017,3.586
86521351,E,空氣污染物申報-一般空氣污染物,揮發性有機化合物,,,2017,762.7230000000001
86521351,E,空氣污染物申報-有害空氣污染物,甲苯,,,2017,11.463
86667046,E,空氣污染物申報-一般空氣污染物,揮發性有機化合物,,,2017,2.233
86691377,E,空氣污染物申報-一般空氣污染物,氮氧化物,,,2017,13.101999999999999
86691377,E,空氣污染物申報-一般空氣污染物,硫氧化物,,,2017,9.713000000000001
86691377,E,空氣污染物申報-一般空氣污染物,粒狀污染物,,,2017,1.4689999999999999
86691377,E,空氣污染物申報-一般空氣污染物,揮發性有機化合物,,,2017,30.338
86978512,E,空氣污染物申報-一般空氣污染物,氮氧化物,,,2017,0.262
86978512,E,空氣污染物申報-一般空氣污染物,硫氧化物,,,2017,0.020000000000000004
86978512,E,空氣污染物申報-一般空氣污染物,粒狀污染物,,,2017,2.1260000000000003
86978512,E,空氣污染物申報-一般空氣污染物,揮發性有機化合物,,,2017,5.2
86978512,E,空氣污染物申報-有害空氣污染物,苯乙烯,,,2017,0.129
86978512,E,空氣污染物申報-有害空氣污染物,甲苯,,,2017,0.022000000000000002
86978512,E,空氣污染物申報-有害空氣污染物,二甲苯,,,2017,0.008
86980046,E,空氣污染物申報-一般空氣污染物,揮發性有機化合物,,,2017,13.963999999999999
86980046,E,空氣污染物申報-有害空氣污染物,甲苯,,,2017,3.276
89379218,E,空氣污染物申報-一般空氣污染物,粒狀污染物,,,2017,0.17900000000000002
89379218,E,空氣污染物申報-一般空氣污染物,揮發性有機化合物,,,2017,4.2780000000000005
89379218,E,空氣污染物申報-有害空氣污染物,甲苯,,,2017,1.742
89379218,E,空氣污染物申報-有害空氣污染物,二甲苯,,,2017,0.008
89396770,E,空氣污染物申報-一般空氣污染物,氮氧化物,,,2017,0.196
89396770,E,空氣污染物申報-一般空氣污染物,粒狀污染物,,,2017,0.04
89396770,E,空氣污染物申報-一般空氣污染物,揮發性有機化合物,,,2017,8.488
89495531,E,空氣污染物申報-一般空氣污染物,氮氧化物,,,2017,0.84
89495531,E,空氣污染物申報-一般空氣污染物,硫氧化物,,,2017,0.007
89495531,E,空氣污染物申報-一般空氣污染物,粒狀污染物,,,2017,0.324
89495531,E,空氣污染物申報-一般空氣污染物,揮發性有機化合物,,,2017,3.363
96865657,E,空氣污染物申報-一般空氣污染物,氮氧化物,,,2017,4.223999999999999
96865657,E,空氣污染物申報-一般空氣污染物,硫氧化物,,,2017,3.499
96865657,E,空氣污染物申報-一般空氣污染物,粒狀污染物,,,2017,7.2509999999999994
96865657,E,空氣污染物申報-一般空氣污染物,揮發性有機化合物,,,2017,62.498
96865657,E,空氣污染物申報-有害空氣污染物,三氯甲烷,,,2017,0.001
96865657,E,空氣污染物申報-有害空氣污染物,甲苯,,,2017,0.007
97173920,E,空氣污染物申報-一般空氣污染物,揮發性有機化合物,,,2017,1.41
97178087,E,空氣污染物申報-一般空氣污染物,氮氧化物,,,2017,6.771
97178087,E,空氣污染物申報-一般空氣污染物,硫氧化物,,,2017,1.4130000000000003
97178087,E,空氣污染物申報-一般空氣污染物,揮發性有機化合物,,,2017,26.618000000000002
97179403,E,空氣污染物申報-一般空氣污染物,氮氧化物,,,2017,8.215
97179403,E,空氣污染物申報-一般空氣污染物,硫氧化物,,,2017,56.081999999999994
97179403,E,空氣污染物申報-一般空氣污染物,粒狀污染物,,,2017,0.054
97179403,E,空氣污染物申報-一般空氣污染物,揮發性有機化合物,,,2017,163.259
97179403,E,空氣污染物申報-有害空氣污染物,乙苯,,,2017,0.019000000000000003
97179403,E,空氣污染物申報-有害空氣污染物,甲苯,,,2017,0.21400000000000002
97330127,E,空氣污染物申報-一般空氣污染物,氮氧化物,,,2017,1.442
97330127,E,空氣污染物申報-一般空氣污染物,粒狀污染物,,,2017,0.017
97330127,E,空氣污染物申報-一般空氣污染物,揮發性有機化合物,,,2017,70.178
97330127,E,空氣污染物申報-有害空氣污染物,甲苯,,,2017,1.413
04226091,E,空氣污染物申報-一般空氣污染物,氮氧化物,,,2017,16.21
04226091,E,空氣污染物申報-一般空氣污染物,硫氧化物,,,2017,7.885
04226091,E,空氣污染物申報-一般空氣污染物,粒狀污染物,,,2017,0.32999999999999996
04226091,E,空氣污染物申報-一般空氣污染物,揮發性有機化合物,,,2017,26.43
04401392,E,空氣污染物申報-一般空氣污染物,氮氧化物,,,2017,2.605
04401392,E,空氣污染物申報-一般空氣污染物,硫氧化物,,,2017,2.11
04401392,E,空氣污染物申報-一般空氣污染物,粒狀污染物,,,2017,0.909
04401392,E,空氣污染物申報-一般空氣污染物,揮發性有機化合物,,,2017,155.80499999999998
05637971,E,空氣污染物申報-一般空氣污染物,氮氧化物,,,2017,1.217
05637971,E,空氣污染物申報-一般空氣污染物,硫氧化物,,,2017,0.009000000000000001
05637971,E,空氣污染物申報-一般空氣污染物,粒狀污染物,,,2017,0.588
05637971,E,空氣污染物申報-一般空氣污染物,揮發性有機化合物,,,2017,25.649
12738623,E,空氣污染物申報-一般空氣污染物,氮氧化物,,,2018,5.575
12738623,E,空氣污染物申報-一般空氣污染物,硫氧化物,,,2018,8.039
12738623,E,空氣污染物申報-一般空氣污染物,粒狀污染物,,,2018,0.238
12738623,E,空氣污染物申報-一般空氣污染物,揮發性有機化合物,,,2018,2.443
16096804,E,空氣污染物申報-一般空氣污染物,粒狀污染物,,,2018,0.241
16096804,E,空氣污染物申報-一般空氣污染物,揮發性有機化合物,,,2018,70.571
16096804,E,空氣污染物申報-有害空氣污染物,甲苯,,,2018,0.016
16096804,E,空氣污染物申報-有害空氣污染物,二甲苯,,,2018,0.317
16101031,E,空氣污染物申報-一般空氣污染物,揮發性有機化合物,,,2018,0.027
16130084,E,空氣污染物申報-一般空氣污染物,揮發性有機化合物,,,2018,9.543
16130084,E,空氣污染物申報-有害空氣污染物,二甲苯,,,2018,0.541
16197211,E,空氣污染物申報-一般空氣污染物,揮發性有機化合物,,,2018,7.547999999999999
16197211,E,空氣污染物申報-有害空氣污染物,乙苯,,,2018,0.17700000000000002
16197211,E,空氣污染物申報-有害空氣污染物,二甲苯,,,2018,1.059
16198345,E,空氣污染物申報-一般空氣污染物,氮氧化物,,,2018,6.939
16198345,E,空氣污染物申報-一般空氣污染物,粒狀污染物,,,2018,0.54
16198345,E,空氣污染物申報-一般空氣污染物,揮發性有機化合物,,,2018,149.27099999999996
16198345,E,空氣污染物申報-有害空氣污染物,甲苯,,,2018,0.03
16198345,E,空氣污染物申報-有害空氣污染物,二甲苯,,,2018,0.012
16347324,E,空氣污染物申報-一般空氣污染物,揮發性有機化合物,,,2018,16.044
16431363,E,空氣污染物申報-一般空氣污染物,氮氧化物,,,2018,3.6049999999999995
16431363,E,空氣污染物申報-一般空氣污染物,硫氧化物,,,2018,1.963
16431363,E,空氣污染物申報-一般空氣污染物,粒狀污染物,,,2018,0.238
16431363,E,空氣污染物申報-一般空氣污染物,揮發性有機化合物,,,2018,23.85
16433242,E,空氣污染物申報-一般空氣污染物,揮發性有機化合物,,,2018,1.008
16433242,E,空氣污染物申報-有害空氣污染物,二甲苯,,,2018,0.288
16447610,E,空氣污染物申報-一般空氣污染物,氮氧化物,,,2018,1.5250000000000001
16447610,E,空氣污染物申報-一般空氣污染物,粒狀污染物,,,2018,0.015000000000000001
16447610,E,空氣污染物申報-一般空氣污染物,揮發性有機化合物,,,2018,0.29700000000000004
16447610,E,空氣污染物申報-有害空氣污染物,苯乙烯,,,2018,0.10500000000000001
16599215,E,空氣污染物申報-一般空氣污染物,粒狀污染物,,,2018,0.6960000000000001
16599215,E,空氣污染物申報-一般空氣污染物,揮發性有機化合物,,,2018,40.781000000000006
16599215,E,空氣污染物申報-有害空氣污染物,甲苯,,,2018,4.436
16674213,E,空氣污染物申報-一般空氣污染物,粒狀污染物,,,2018,0.7929999999999999
16674213,E,空氣污染物申報-一般空氣污染物,揮發性有機化合物,,,2018,4.33
16742182,E,空氣污染物申報-一般空氣污染物,氮氧化物,,,2018,4.904999999999999
16742182,E,空氣污染物申報-一般空氣污染物,硫氧化物,,,2018,6.41
16742182,E,空氣污染物申報-一般空氣污染物,粒狀污染物,,,2018,1.178
16742182,E,空氣污染物申報-一般空氣污染物,揮發性有機化合物,,,2018,42.54499999999999
16834268,E,空氣污染物申報-一般空氣污染物,氮氧化物,,,2018,94.161
16834268,E,空氣污染物申報-一般空氣污染物,硫氧化物,,,2018,14.975
16834268,E,空氣污染物申報-一般空氣污染物,粒狀污染物,,,2018,8.016
16834268,E,空氣污染物申報-一般空氣污染物,揮發性有機化合物,,,2018,18.883
19004316,E,空氣污染物申報-一般空氣污染物,氮氧化物,,,2018,1.392
19004316,E,空氣污染物申報-一般空氣污染物,粒狀污染物,,,2018,7.214000000000001
19004316,E,空氣污染物申報-一般空氣污染物,揮發性有機化合物,,,2018,585.847
19004316,E,空氣污染物申報-有害空氣污染物,乙苯,,,2018,0.05800000000000001
19004316,E,空氣污染物申報-有害空氣污染物,甲苯,,,2018,206.24100000000004
19004316,E,空氣污染物申報-有害空氣污染物,二甲苯,,,2018,1.755
20759430,E,空氣污染物申報-一般空氣污染物,揮發性有機化合物,,,2018,7.332000000000001
20891326,E,空氣污染物申報-一般空氣污染物,氮氧化物,,,2018,0.827
20891326,E,空氣污染物申報-一般空氣污染物,硫氧化物,,,2018,0.557
20891326,E,空氣污染物申報-一般空氣污染物,粒狀污染物,,,2018,0.9390000000000001
20891326,E,空氣污染物申報-一般空氣污染物,揮發性有機化合物,,,2018,44.208
20891326,E,空氣污染物申報-有害空氣污染物,甲苯,,,2018,19.534
20891326,E,空氣污染物申報-有害空氣污染物,二甲苯,,,2018,1.5959999999999999
21204867,E,空氣污染物申報-一般空氣污染物,揮發性有機化合物,,,2018,21.033
22059031,E,空氣污染物申報-一般空氣污染物,揮發性有機化合物,,,2018,0.66
22059031,E,空氣污染物申報-有害空氣污染物,苯,,,2018,0.037000000000000005
22099343,E,空氣污染物申報-一般空氣污染物,揮發性有機化合物,,,2018,2.912
22100469,E,空氣污染物申報-一般空氣污染物,揮發性有機化合物,,,2018,4.4479999999999995
22274989,E,空氣污染物申報-一般空氣污染物,氮氧化物,,,2018,0.289
22274989,E,空氣污染物申報-一般空氣污染物,粒狀污染物,,,2018,0.043
22306125,E,空氣污染物申報-一般空氣污染物,揮發性有機化合物,,,2018,0.471
22306130,E,空氣污染物申報-一般空氣污染物,氮氧化物,,,2018,0.037
22306130,E,空氣污染物申報-一般空氣污染物,硫氧化物,,,2018,0.044
22306130,E,空氣污染物申報-一般空氣污染物,粒狀污染物,,,2018,0.325
22306130,E,空氣污染物申報-一般空氣污染物,揮發性有機化合物,,,2018,8.497
22306130,E,空氣污染物申報-有害空氣污染物,甲苯,,,2018,5.464
22415854,E,空氣污染物申報-一般空氣污染物,揮發性有機化合物,,,2018,14.030000000000001
22570840,E,空氣污染物申報-一般空氣污染物,粒狀污染物,,,2018,0.15400000000000003
22570840,E,空氣污染物申報-一般空氣污染物,揮發性有機化合物,,,2018,3.0420000000000007
22636630,E,空氣污染物申報-一般空氣污染物,揮發性有機化合物,,,2018,150.193
22636630,E,空氣污染物申報-有害空氣污染物,甲苯,,,2018,42.048
22771229,E,空氣污染物申報-一般空氣污染物,揮發性有機化合物,,,2018,0.442
22773079,E,空氣污染物申報-一般空氣污染物,氮氧化物,,,2018,0.978
22773079,E,空氣污染物申報-一般空氣污染物,硫氧化物,,,2018,0.008
22773079,E,空氣污染物申報-一般空氣污染物,粒狀污染物,,,2018,0.8390000000000001
22773079,E,空氣污染物申報-一般空氣污染物,揮發性有機化合物,,,2018,8.27
22944019,E,空氣污染物申報-一般空氣污染物,揮發性有機化合物,,,2018,1.512
22993144,E,空氣污染物申報-一般空氣污染物,氮氧化物,,,2018,1.634
22993144,E,空氣污染物申報-一般空氣污染物,硫氧化物,,,2018,2.357
22993144,E,空氣污染物申報-一般空氣污染物,粒狀污染物,,,2018,0.773
22993144,E,空氣污染物申報-一般空氣污染物,揮發性有機化合物,,,2018,6.134999999999999
23063420,E,空氣污染物申報-一般空氣污染物,粒狀污染物,,,2018,0.297
23063420,E,空氣污染物申報-一般空氣污染物,揮發性有機化合物,,,2018,2.928
23225071,E,空氣污染物申報-一般空氣污染物,氮氧化物,,,2018,0.721
23225071,E,空氣污染物申報-一般空氣污染物,硫氧化物,,,2018,0.005
23225071,E,空氣污染物申報-一般空氣污染物,粒狀污染物,,,2018,1.13
23225071,E,空氣污染物申報-一般空氣污染物,揮發性有機化合物,,,2018,8.264000000000001
23528103,E,空氣污染物申報-一般空氣污染物,氮氧化物,,,2018,2.765
23528103,E,空氣污染物申報-一般空氣污染物,硫氧化物,,,2018,1.8510000000000002
23528103,E,空氣污染物申報-一般空氣污染物,粒狀污染物,,,2018,0.49999999999999994
23528103,E,空氣污染物申報-一般空氣污染物,揮發性有機化合物,,,2018,13.909999999999998
23528103,E,空氣污染物申報-有害空氣污染物,乙苯,,,2018,0.193
23528103,E,空氣污染物申報-有害空氣污染物,甲苯,,,2018,0.43700000000000006
23528103,E,空氣污染物申報-有害空氣污染物,二甲苯,,,2018,2.7689999999999997
23534301,E,空氣污染物申報-一般空氣污染物,粒狀污染物,,,2018,0.061
23534301,E,空氣污染物申報-一般空氣污染物,揮發性有機化合物,,,2018,49.596
23534301,E,空氣污染物申報-有害空氣污染物,二甲苯,,,2018,2.37
23534301,E,空氣污染物申報-有害空氣污染物,重金屬,,,2018,0.001
23535435,E,空氣污染物申報-一般空氣污染物,氮氧化物,,,2018,17.625000000000004
23535435,E,空氣污染物申報-一般空氣污染物,硫氧化物,,,2018,3.4010000000000002
23535435,E,空氣污染物申報-一般空氣污染物,粒狀污染物,,,2018,7.761999999999999
23535435,E,空氣污染物申報-一般空氣污染物,揮發性有機化合物,,,2018,50.038000000000004
23535435,E,空氣污染物申報-有害空氣污染物,苯,,,2018,0.002
23535435,E,空氣污染物申報-有害空氣污染物,三氯甲烷,,,2018,0.02
23535435,E,空氣污染物申報-有害空氣污染物,苯乙烯,,,2018,0.05
23535435,E,空氣污染物申報-有害空氣污染物,二氯甲烷,,,2018,0.016
23535435,E,空氣污染物申報-有害空氣污染物,甲苯,,,2018,0.05800000000000001
23535435,E,空氣污染物申報-有害空氣污染物,三氯乙烯,,,2018,0.002
23588039,E,空氣污染物申報-一般空氣污染物,粒狀污染物,,,2018,0.002
23588039,E,空氣污染物申報-一般空氣污染物,揮發性有機化合物,,,2018,0.256
23641338,E,空氣污染物申報-一般空氣污染物,氮氧化物,,,2018,0.732
23641338,E,空氣污染物申報-一般空氣污染物,硫氧化物,,,2018,0.059
23641338,E,空氣污染物申報-一般空氣污染物,粒狀污染物,,,2018,11.605
23641338,E,空氣污染物申報-一般空氣污染物,揮發性有機化合物,,,2018,291.66
23641338,E,空氣污染物申報-有害空氣污染物,甲苯,,,2018,169.295
23641338,E,空氣污染物申報-有害空氣污染物,二甲苯,,,2018,1.124
23750095,E,空氣污染物申報-一般空氣污染物,粒狀污染物,,,2018,2.759
23750095,E,空氣污染物申報-一般空氣污染物,揮發性有機化合物,,,2018,10.794
23810592,E,空氣污染物申報-一般空氣污染物,氮氧化物,,,2018,0.105
23810592,E,空氣污染物申報-一般空氣污染物,硫氧化物,,,2018,0.001
23810592,E,空氣污染物申報-一般空氣污染物,粒狀污染物,,,2018,0.04
23810592,E,空氣污染物申報-一般空氣污染物,揮發性有機化合物,,,2018,0.9410000000000001
23983947,E,空氣污染物申報-一般空氣污染物,粒狀污染物,,,2018,0.01
23983947,E,空氣污染物申報-一般空氣污染物,揮發性有機化合物,,,2018,1.4570000000000003
27449349,E,空氣污染物申報-一般空氣污染物,粒狀污染物,,,2018,0.003
27449349,E,空氣污染物申報-一般空氣污染物,揮發性有機化合物,,,2018,0.009000000000000001
30955404,E,空氣污染物申報-一般空氣污染物,氮氧化物,,,2018,1.807
30955404,E,空氣污染物申報-一般空氣污染物,硫氧化物,,,2018,0.013000000000000001
30955404,E,空氣污染物申報-一般空氣污染物,粒狀污染物,,,2018,0.7240000000000001
30955404,E,空氣污染物申報-一般空氣污染物,揮發性有機化合物,,,2018,13.633
34051920,E,空氣污染物申報-一般空氣污染物,氮氧化物,,,2018,0.8950000000000001
34051920,E,空氣污染物申報-一般空氣污染物,粒狀污染物,,,2018,0.015
34051920,E,空氣污染物申報-一般空氣污染物,揮發性有機化合物,,,2018,55.89
34051920,E,空氣污染物申報-有害空氣污染物,二甲苯,,,2018,0.028999999999999998
35424073,E,空氣污染物申報-一般空氣污染物,氮氧化物,,,2018,8.734
35424073,E,空氣污染物申報-一般空氣污染物,硫氧化物,,,2018,0.611
35424073,E,空氣污染物申報-一般空氣污染物,粒狀污染物,,,2018,0.007
35424073,E,空氣污染物申報-一般空氣污染物,揮發性有機化合物,,,2018,84.78399999999999
36011776,E,空氣污染物申報-一般空氣污染物,揮發性有機化合物,,,2018,0.154
36084833,E,空氣污染物申報-一般空氣污染物,氮氧化物,,,2018,0.101
36084833,E,空氣污染物申報-一般空氣污染物,粒狀污染物,,,2018,0.367
36084833,E,空氣污染物申報-一般空氣污染物,揮發性有機化合物,,,2018,2.029
36268804,E,空氣污染物申報-一般空氣污染物,氮氧化物,,,2018,0.094
36268804,E,空氣污染物申報-一般空氣污染物,揮發性有機化合物,,,2018,2.43
43816068,E,空氣污染物申報-一般空氣污染物,氮氧化物,,,2018,1.05
43816068,E,空氣污染物申報-一般空氣污染物,硫氧化物,,,2018,0.002
43816068,E,空氣污染物申報-一般空氣污染物,粒狀污染物,,,2018,3.6359999999999992
43816068,E,空氣污染物申報-一般空氣污染物,揮發性有機化合物,,,2018,72.25600000000001
45011782,E,空氣污染物申報-一般空氣污染物,揮發性有機化合物,,,2018,1.535
45190379,E,空氣污染物申報-一般空氣污染物,粒狀污染物,,,2018,0.996
45190379,E,空氣污染物申報-一般空氣污染物,揮發性有機化合物,,,2018,1.8359999999999999
52753108,E,空氣污染物申報-一般空氣污染物,揮發性有機化合物,,,2018,7.535
52753108,E,空氣污染物申報-有害空氣污染物,二甲苯,,,2018,0.016
52878846,E,空氣污染物申報-一般空氣污染物,揮發性有機化合物,,,2018,2.802
53125710,E,空氣污染物申報-一般空氣污染物,粒狀污染物,,,2018,0.199
53125710,E,空氣污染物申報-一般空氣污染物,揮發性有機化合物,,,2018,0.208
59276051,E,空氣污染物申報-一般空氣污染物,粒狀污染物,,,2018,0.002
59276051,E,空氣污染物申報-一般空氣污染物,揮發性有機化合物,,,2018,6.313000000000001
70540563,E,空氣污染物申報-一般空氣污染物,揮發性有機化合物,,,2018,2.168
70670235,E,空氣污染物申報-一般空氣污染物,揮發性有機化合物,,,2018,0.020999999999999998
70684527,E,空氣污染物申報-一般空氣污染物,揮發性有機化合物,,,2018,4.179
70776899,E,空氣污染物申報-一般空氣污染物,氮氧化物,,,2018,10.496000000000002
70776899,E,空氣污染物申報-一般空氣污染物,硫氧化物,,,2018,4.837
70776899,E,空氣污染物申報-一般空氣污染物,粒狀污染物,,,2018,0.4069999999999999
70776899,E,空氣污染物申報-一般空氣污染物,揮發性有機化合物,,,2018,7.191000000000001
70776899,E,空氣污染物申報-有害空氣污染物,甲苯,,,2018,0.31900000000000006
70776899,E,空氣污染物申報-有害空氣污染物,二甲苯,,,2018,0.032
70801378,E,空氣污染物申報-一般空氣污染物,氮氧化物,,,2018,0.44599999999999995
70801378,E,空氣污染物申報-一般空氣污染物,硫氧化物,,,2018,0.003
70801378,E,空氣污染物申報-一般空氣污染物,粒狀污染物,,,2018,0.20400000000000001
70801378,E,空氣污染物申報-一般空氣污染物,揮發性有機化合物,,,2018,5.2940000000000005
76026851,E,空氣污染物申報-一般空氣污染物,氮氧化物,,,2018,1.109
76026851,E,空氣污染物申報-一般空氣污染物,硫氧化物,,,2018,0.577
76026851,E,空氣污染物申報-一般空氣污染物,粒狀污染物,,,2018,0.6859999999999999
76026851,E,空氣污染物申報-一般空氣污染物,揮發性有機化合物,,,2018,14.85
76026851,E,空氣污染物申報-有害空氣污染物,二氯甲烷,,,2018,0.043
76026851,E,空氣污染物申報-有害空氣污染物,甲苯,,,2018,0.5349999999999999
76026851,E,空氣污染物申報-有害空氣污染物,二甲苯,,,2018,0.905
83360971,E,空氣污染物申報-一般空氣污染物,粒狀污染物,,,2018,0.015
83360971,E,空氣污染物申報-一般空氣污染物,揮發性有機化合物,,,2018,7.696
83639504,E,空氣污染物申報-一般空氣污染物,揮發性有機化合物,,,2018,6.013999999999999
83639504,E,空氣污染物申報-有害空氣污染物,甲苯,,,2018,1.4460000000000002
84433564,E,空氣污染物申報-一般空氣污染物,粒狀污染物,,,2018,0.008
84433564,E,空氣污染物申報-一般空氣污染物,揮發性有機化合物,,,2018,0.413
84808400,E,空氣污染物申報-一般空氣污染物,粒狀污染物,,,2018,0.087
84808400,E,空氣污染物申報-一般空氣污染物,揮發性有機化合物,,,2018,1.383
84819223,E,空氣污染物申報-一般空氣污染物,揮發性有機化合物,,,2018,2.6100000000000003
84819223,E,空氣污染物申報-有害空氣污染物,甲苯,,,2018,0.38
86124395,E,空氣污染物申報-一般空氣污染物,氮氧化物,,,2018,0.7689999999999999
86124395,E,空氣污染物申報-一般空氣污染物,粒狀污染物,,,2018,18.843000000000004
86124395,E,空氣污染物申報-一般空氣污染物,揮發性有機化合物,,,2018,33.463
86332422,E,空氣污染物申報-一般空氣污染物,氮氧化物,,,2018,4.752000000000001
86332422,E,空氣污染物申報-一般空氣污染物,硫氧化物,,,2018,7.912
86332422,E,空氣污染物申報-一般空氣污染物,粒狀污染物,,,2018,2.2760000000000002
86332422,E,空氣污染物申報-一般空氣污染物,揮發性有機化合物,,,2018,19.92
86362776,E,空氣污染物申報-一般空氣污染物,揮發性有機化合物,,,2018,0.03
86379707,E,空氣污染物申報-一般空氣污染物,氮氧化物,,,2018,1.319
86379707,E,空氣污染物申報-一般空氣污染物,硫氧化物,,,2018,1.542
86379707,E,空氣污染物申報-一般空氣污染物,粒狀污染物,,,2018,0.262
86379707,E,空氣污染物申報-一般空氣污染物,揮發性有機化合物,,,2018,6.486
86412635,E,空氣污染物申報-一般空氣污染物,氮氧化物,,,2018,0.796
86412635,E,空氣污染物申報-一般空氣污染物,硫氧化物,,,2018,0.21499999999999997
86412635,E,空氣污染物申報-一般空氣污染物,粒狀污染物,,,2018,0.016
86412635,E,空氣污染物申報-一般空氣污染物,揮發性有機化合物,,,2018,84.089
86412635,E,空氣污染物申報-有害空氣污染物,甲苯,,,2018,54.67399999999999
86412635,E,空氣污染物申報-有害空氣污染物,二甲苯,,,2018,0.863
86436593,E,空氣污染物申報-一般空氣污染物,揮發性有機化合物,,,2018,0.22300000000000003
86521351,E,空氣污染物申報-一般空氣污染物,氮氧化物,,,2018,98.526
86521351,E,空氣污染物申報-一般空氣污染物,硫氧化物,,,2018,18.088000000000005
86521351,E,空氣污染物申報-一般空氣污染物,粒狀污染物,,,2018,2.3140000000000005
86521351,E,空氣污染物申報-一般空氣污染物,揮發性有機化合物,,,2018,1183.5639999999999
86521351,E,空氣污染物申報-有害空氣污染物,甲苯,,,2018,11.579
86667046,E,空氣污染物申報-一般空氣污染物,粒狀污染物,,,2018,1.546
86667046,E,空氣污染物申報-一般空氣污染物,揮發性有機化合物,,,2018,1.677
86691377,E,空氣污染物申報-一般空氣污染物,氮氧化物,,,2018,6.438000000000001
86691377,E,空氣污染物申報-一般空氣污染物,硫氧化物,,,2018,4.785
86691377,E,空氣污染物申報-一般空氣污染物,粒狀污染物,,,2018,0.604
86691377,E,空氣污染物申報-一般空氣污染物,揮發性有機化合物,,,2018,12.468
86978512,E,空氣污染物申報-一般空氣污染物,氮氧化物,,,2018,0.5630000000000001
86978512,E,空氣污染物申報-一般空氣污染物,硫氧化物,,,2018,0.04399999999999999
86978512,E,空氣污染物申報-一般空氣污染物,粒狀污染物,,,2018,0.09999999999999999
86978512,E,空氣污染物申報-一般空氣污染物,揮發性有機化合物,,,2018,6.101999999999999
86978512,E,空氣污染物申報-有害空氣污染物,苯乙烯,,,2018,0.07800000000000001
86980046,E,空氣污染物申報-一般空氣污染物,粒狀污染物,,,2018,0.057999999999999996
86980046,E,空氣污染物申報-一般空氣污染物,揮發性有機化合物,,,2018,20.160999999999998
86980046,E,空氣污染物申報-有害空氣污染物,甲苯,,,2018,4.065
89379218,E,空氣污染物申報-一般空氣污染物,粒狀污染物,,,2018,0.323
89379218,E,空氣污染物申報-一般空氣污染物,揮發性有機化合物,,,2018,3.987
89379218,E,空氣污染物申報-有害空氣污染物,甲苯,,,2018,1.3179999999999998
89379218,E,空氣污染物申報-有害空氣污染物,二甲苯,,,2018,0.021000000000000005
89396770,E,空氣污染物申報-一般空氣污染物,氮氧化物,,,2018,0.246
89396770,E,空氣污染物申報-一般空氣污染物,粒狀污染物,,,2018,0.05
89396770,E,空氣污染物申報-一般空氣污染物,揮發性有機化合物,,,2018,11.684999999999999
89495531,E,空氣污染物申報-一般空氣污染物,氮氧化物,,,2018,1.021
89495531,E,空氣污染物申報-一般空氣污染物,硫氧化物,,,2018,0.007
89495531,E,空氣污染物申報-一般空氣污染物,粒狀污染物,,,2018,0.452
89495531,E,空氣污染物申報-一般空氣污染物,揮發性有機化合物,,,2018,4.092
96865657,E,空氣污染物申報-一般空氣污染物,氮氧化物,,,2018,1.1600000000000001
96865657,E,空氣污染物申報-一般空氣污染物,硫氧化物,,,2018,0.708
96865657,E,空氣污染物申報-一般空氣污染物,粒狀污染物,,,2018,5.703
96865657,E,空氣污染物申報-一般空氣污染物,揮發性有機化合物,,,2018,71.605
96865657,E,空氣污染物申報-有害空氣污染物,甲苯,,,2018,0.01
97173920,E,空氣污染物申報-一般空氣污染物,粒狀污染物,,,2018,4.4239999999999995
97173920,E,空氣污染物申報-一般空氣污染物,揮發性有機化合物,,,2018,0.675
97173920,E,空氣污染物申報-有害空氣污染物,重金屬,,,2018,0.009000000000000001
97178087,E,空氣污染物申報-一般空氣污染物,氮氧化物,,,2018,6.099
97178087,E,空氣污染物申報-一般空氣污染物,硫氧化物,,,2018,1.259
97178087,E,空氣污染物申報-一般空氣污染物,粒狀污染物,,,2018,0.16
97178087,E,空氣污染物申報-一般空氣污染物,揮發性有機化合物,,,2018,31.221000000000004
97179403,E,空氣污染物申報-一般空氣污染物,氮氧化物,,,2018,15.258
97179403,E,空氣污染物申報-一般空氣污染物,硫氧化物,,,2018,83.506
97179403,E,空氣污染物申報-一般空氣污染物,粒狀污染物,,,2018,0.659
97179403,E,空氣污染物申報-一般空氣污染物,揮發性有機化合物,,,2018,20.744999999999997
97179403,E,空氣污染物申報-有害空氣污染物,甲苯,,,2018,0.018999999999999996
97330127,E,空氣污染物申報-一般空氣污染物,氮氧化物,,,2018,1.108
97330127,E,空氣污染物申報-一般空氣污染物,粒狀污染物,,,2018,0.029000000000000005
97330127,E,空氣污染物申報-一般空氣污染物,揮發性有機化合物,,,2018,53.711
97330127,E,空氣污染物申報-有害空氣污染物,甲苯,,,2018,1.234
04401392,E,空氣污染物申報-一般空氣污染物,氮氧化物,,,2018,1.375
04401392,E,空氣污染物申報-一般空氣污染物,硫氧化物,,,2018,0.9129999999999999
04401392,E,空氣污染物申報-一般空氣污染物,粒狀污染物,,,2018,0.6360000000000001
04401392,E,空氣污染物申報-一般空氣污染物,揮發性有機化合物,,,2018,104.843
05637971,E,空氣污染物申報-一般空氣污染物,氮氧化物,,,2018,2.051
05637971,E,空氣污染物申報-一般空氣污染物,硫氧化物,,,2018,0.016999999999999998
05637971,E,空氣污染物申報-一般空氣污染物,粒狀污染物,,,2018,1.4009999999999998
05637971,E,空氣污染物申報-一般空氣污染物,揮發性有機化合物,,,2018,29.915999999999997
04226091,E,空氣污染物申報-一般空氣污染物,氮氧化物,,,2018,16.366
04226091,E,空氣污染物申報-一般空氣污染物,硫氧化物,,,2018,4.138999999999999
04226091,E,空氣污染物申報-一般空氣污染物,粒狀污染物,,,2018,1.238
04226091,E,空氣污染物申報-一般空氣污染物,揮發性有機化合物,,,2018,8.628
04226091,E,空氣污染物申報-有害空氣污染物,甲苯,,,2018,0.031
12738623,E,空氣污染物申報-一般空氣污染物,氮氧化物,,,2019,2.5789999999999997
12738623,E,空氣污染物申報-一般空氣污染物,硫氧化物,,,2019,2.8499999999999996
12738623,E,空氣污染物申報-一般空氣污染物,粒狀污染物,,,2019,0.43
12738623,E,空氣污染物申報-一般空氣污染物,揮發性有機化合物,,,2019,2.077
16096804,E,空氣污染物申報-一般空氣污染物,粒狀污染物,,,2019,0.007
16096804,E,空氣污染物申報-一般空氣污染物,揮發性有機化合物,,,2019,85.992
16096804,E,空氣污染物申報-有害空氣污染物,甲苯,,,2019,0.019000000000000003
16096804,E,空氣污染物申報-有害空氣污染物,二甲苯,,,2019,0.358
16101031,E,空氣污染物申報-一般空氣污染物,揮發性有機化合物,,,2019,0.045
16130084,E,空氣污染物申報-一般空氣污染物,揮發性有機化合物,,,2019,8.174999999999999
16130084,E,空氣污染物申報-有害空氣污染物,二甲苯,,,2019,0.32700000000000007
16197211,E,空氣污染物申報-一般空氣污染物,氮氧化物,,,2019,0.372
16197211,E,空氣污染物申報-一般空氣污染物,硫氧化物,,,2019,0.025
16197211,E,空氣污染物申報-一般空氣污染物,粒狀污染物,,,2019,0.005
16197211,E,空氣污染物申報-一般空氣污染物,揮發性有機化合物,,,2019,3.1700000000000004
16197211,E,空氣污染物申報-有害空氣污染物,乙苯,,,2019,0.071
16197211,E,空氣污染物申報-有害空氣污染物,二甲苯,,,2019,0.516
16198345,E,空氣污染物申報-一般空氣污染物,氮氧化物,,,2019,4.1499999999999995
16198345,E,空氣污染物申報-一般空氣污染物,粒狀污染物,,,2019,0.242
16198345,E,空氣污染物申報-一般空氣污染物,揮發性有機化合物,,,2019,81.022
16198345,E,空氣污染物申報-有害空氣污染物,甲苯,,,2019,1.399
16347324,E,空氣污染物申報-一般空氣污染物,粒狀污染物,,,2019,0.001
16347324,E,空氣污染物申報-一般空氣污染物,揮發性有機化合物,,,2019,23.706999999999994
16431363,E,空氣污染物申報-一般空氣污染物,氮氧化物,,,2019,2.37
16431363,E,空氣污染物申報-一般空氣污染物,硫氧化物,,,2019,1.508
16431363,E,空氣污染物申報-一般空氣污染物,粒狀污染物,,,2019,0.132
16431363,E,空氣污染物申報-一般空氣污染物,揮發性有機化合物,,,2019,13.774000000000001
16433242,E,空氣污染物申報-一般空氣污染物,揮發性有機化合物,,,2019,0.556
16433242,E,空氣污染物申報-有害空氣污染物,二甲苯,,,2019,0.14400000000000002
16447610,E,空氣污染物申報-一般空氣污染物,氮氧化物,,,2019,0.7010000000000001
16447610,E,空氣污染物申報-一般空氣污染物,粒狀污染物,,,2019,0.020999999999999998
16447610,E,空氣污染物申報-一般空氣污染物,揮發性有機化合物,,,2019,0.69
16447610,E,空氣污染物申報-有害空氣污染物,苯乙烯,,,2019,0.63
16599215,E,空氣污染物申報-一般空氣污染物,粒狀污染物,,,2019,0.315
16599215,E,空氣污染物申報-一般空氣污染物,揮發性有機化合物,,,2019,29.863000000000003
16599215,E,空氣污染物申報-有害空氣污染物,甲苯,,,2019,2.742
16674213,E,空氣污染物申報-一般空氣污染物,粒狀污染物,,,2019,0.189
16674213,E,空氣污染物申報-一般空氣污染物,揮發性有機化合物,,,2019,2.553
16742182,E,空氣污染物申報-一般空氣污染物,氮氧化物,,,2019,3.4529999999999994
16742182,E,空氣污染物申報-一般空氣污染物,硫氧化物,,,2019,4.329000000000001
16742182,E,空氣污染物申報-一般空氣污染物,粒狀污染物,,,2019,0.499
16742182,E,空氣污染物申報-一般空氣污染物,揮發性有機化合物,,,2019,35.69099999999999
16834268,E,空氣污染物申報-一般空氣污染物,氮氧化物,,,2019,53.427
16834268,E,空氣污染物申報-一般空氣污染物,硫氧化物,,,2019,11.180000000000001
16834268,E,空氣污染物申報-一般空氣污染物,粒狀污染物,,,2019,5.678
16834268,E,空氣污染物申報-一般空氣污染物,揮發性有機化合物,,,2019,7.335000000000001
19004316,E,空氣污染物申報-一般空氣污染物,氮氧化物,,,2019,1.044
19004316,E,空氣污染物申報-一般空氣污染物,粒狀污染物,,,2019,2.865
19004316,E,空氣污染物申報-一般空氣污染物,揮發性有機化合物,,,2019,152.01699999999997
19004316,E,空氣污染物申報-有害空氣污染物,乙苯,,,2019,0.051000000000000004
19004316,E,空氣污染物申報-有害空氣污染物,甲苯,,,2019,42.669
19004316,E,空氣污染物申報-有害空氣污染物,二甲苯,,,2019,0.11800000000000001
20759430,E,空氣污染物申報-一般空氣污染物,粒狀污染物,,,2019,0.015
20759430,E,空氣污染物申報-一般空氣污染物,揮發性有機化合物,,,2019,17.82
20891326,E,空氣污染物申報-一般空氣污染物,氮氧化物,,,2019,0.766
20891326,E,空氣污染物申報-一般空氣污染物,硫氧化物,,,2019,0.517
20891326,E,空氣污染物申報-一般空氣污染物,粒狀污染物,,,2019,0.08100000000000002
20891326,E,空氣污染物申報-一般空氣污染物,揮發性有機化合物,,,2019,25.186
20891326,E,空氣污染物申報-有害空氣污染物,甲苯,,,2019,11.956
20891326,E,空氣污染物申報-有害空氣污染物,二甲苯,,,2019,0.75
21204867,E,空氣污染物申報-一般空氣污染物,揮發性有機化合物,,,2019,22.447000000000003
22006020,E,空氣污染物申報-一般空氣污染物,揮發性有機化合物,,,2019,0.051000000000000004
22059031,E,空氣污染物申報-一般空氣污染物,揮發性有機化合物,,,2019,0.37300000000000005
22099343,E,空氣污染物申報-一般空氣污染物,揮發性有機化合物,,,2019,0.854
22100469,E,空氣污染物申報-一般空氣污染物,揮發性有機化合物,,,2019,4.242
22274989,E,空氣污染物申報-一般空氣污染物,氮氧化物,,,2019,1.3499999999999999
22274989,E,空氣污染物申報-一般空氣污染物,粒狀污染物,,,2019,0.37999999999999995
22306125,E,空氣污染物申報-一般空氣污染物,揮發性有機化合物,,,2019,1.89
22306130,E,空氣污染物申報-一般空氣污染物,氮氧化物,,,2019,0.05399999999999999
22306130,E,空氣污染物申報-一般空氣污染物,硫氧化物,,,2019,0.063
22306130,E,空氣污染物申報-一般空氣污染物,粒狀污染物,,,2019,0.138
22306130,E,空氣污染物申報-一般空氣污染物,揮發性有機化合物,,,2019,10.422
22306130,E,空氣污染物申報-有害空氣污染物,甲苯,,,2019,6.414
22415854,E,空氣污染物申報-一般空氣污染物,揮發性有機化合物,,,2019,16.085
22570840,E,空氣污染物申報-一般空氣污染物,粒狀污染物,,,2019,0.4179999999999999
22570840,E,空氣污染物申報-一般空氣污染物,揮發性有機化合物,,,2019,1.881
22636630,E,空氣污染物申報-一般空氣污染物,氮氧化物,,,2019,0.376
22636630,E,空氣污染物申報-一般空氣污染物,粒狀污染物,,,2019,0.186
22636630,E,空氣污染物申報-一般空氣污染物,揮發性有機化合物,,,2019,166.153
22636630,E,空氣污染物申報-有害空氣污染物,甲苯,,,2019,53.27599999999998
22771229,E,空氣污染物申報-一般空氣污染物,揮發性有機化合物,,,2019,4.133
22773079,E,空氣污染物申報-一般空氣污染物,氮氧化物,,,2019,0.396
22773079,E,空氣污染物申報-一般空氣污染物,硫氧化物,,,2019,0.003
22773079,E,空氣污染物申報-一般空氣污染物,粒狀污染物,,,2019,0.4
22773079,E,空氣污染物申報-一般空氣污染物,揮發性有機化合物,,,2019,2.9
22944019,E,空氣污染物申報-一般空氣污染物,揮發性有機化合物,,,2019,1.428
22993144,E,空氣污染物申報-一般空氣污染物,氮氧化物,,,2019,0.349
22993144,E,空氣污染物申報-一般空氣污染物,硫氧化物,,,2019,0.503
22993144,E,空氣污染物申報-一般空氣污染物,粒狀污染物,,,2019,0.314
22993144,E,空氣污染物申報-一般空氣污染物,揮發性有機化合物,,,2019,0.705
23063420,E,空氣污染物申報-一般空氣污染物,粒狀污染物,,,2019,0.093
23063420,E,空氣污染物申報-一般空氣污染物,揮發性有機化合物,,,2019,3.369
23225071,E,空氣污染物申報-一般空氣污染物,氮氧化物,,,2019,0.367
23225071,E,空氣污染物申報-一般空氣污染物,硫氧化物,,,2019,0.002
23225071,E,空氣污染物申報-一般空氣污染物,粒狀污染物,,,2019,0.595
23225071,E,空氣污染物申報-一般空氣污染物,揮發性有機化合物,,,2019,3.184
23528103,E,空氣污染物申報-一般空氣污染物,氮氧化物,,,2019,4.742
23528103,E,空氣污染物申報-一般空氣污染物,硫氧化物,,,2019,1.004
23528103,E,空氣污染物申報-一般空氣污染物,粒狀污染物,,,2019,0.37899999999999995
23528103,E,空氣污染物申報-一般空氣污染物,揮發性有機化合物,,,2019,9.757000000000001
23528103,E,空氣污染物申報-有害空氣污染物,乙苯,,,2019,0.125
23528103,E,空氣污染物申報-有害空氣污染物,甲苯,,,2019,0.312
23528103,E,空氣污染物申報-有害空氣污染物,二甲苯,,,2019,3.581
23534301,E,空氣污染物申報-一般空氣污染物,粒狀污染物,,,2019,0.11699999999999999
23534301,E,空氣污染物申報-一般空氣污染物,揮發性有機化合物,,,2019,187.56899999999996
23534301,E,空氣污染物申報-有害空氣污染物,二甲苯,,,2019,16.27
23535435,E,空氣污染物申報-一般空氣污染物,氮氧化物,,,2019,10.547999999999998
23535435,E,空氣污染物申報-一般空氣污染物,粒狀污染物,,,2019,10.228000000000002
23535435,E,空氣污染物申報-一般空氣污染物,揮發性有機化合物,,,2019,99.70400000000001
23535435,E,空氣污染物申報-有害空氣污染物,苯,,,2019,0.004
23535435,E,空氣污染物申報-有害空氣污染物,三氯甲烷,,,2019,0.02
23535435,E,空氣污染物申報-有害空氣污染物,苯乙烯,,,2019,0.02
23535435,E,空氣污染物申報-有害空氣污染物,二氯甲烷,,,2019,0.02
23535435,E,空氣污染物申報-有害空氣污染物,甲苯,,,2019,0.028000000000000004
23535435,E,空氣污染物申報-有害空氣污染物,三氯乙烯,,,2019,0.004
23588039,E,空氣污染物申報-一般空氣污染物,粒狀污染物,,,2019,0.007
23588039,E,空氣污染物申報-一般空氣污染物,揮發性有機化合物,,,2019,0.6859999999999999
23641338,E,空氣污染物申報-一般空氣污染物,氮氧化物,,,2019,1.7400000000000002
23641338,E,空氣污染物申報-一般空氣污染物,硫氧化物,,,2019,0.136
23641338,E,空氣污染物申報-一般空氣污染物,粒狀污染物,,,2019,30.801
23641338,E,空氣污染物申報-一般空氣污染物,揮發性有機化合物,,,2019,193.077
23641338,E,空氣污染物申報-有害空氣污染物,甲苯,,,2019,104.68700000000001
23750095,E,空氣污染物申報-一般空氣污染物,粒狀污染物,,,2019,1.702
23750095,E,空氣污染物申報-一般空氣污染物,揮發性有機化合物,,,2019,5.486000000000001
23810592,E,空氣污染物申報-一般空氣污染物,氮氧化物,,,2019,0.204
23810592,E,空氣污染物申報-一般空氣污染物,硫氧化物,,,2019,0.002
23810592,E,空氣污染物申報-一般空氣污染物,粒狀污染物,,,2019,0.078
23810592,E,空氣污染物申報-一般空氣污染物,揮發性有機化合物,,,2019,0.462
23983947,E,空氣污染物申報-一般空氣污染物,粒狀污染物,,,2019,0.052
23983947,E,空氣污染物申報-一般空氣污染物,揮發性有機化合物,,,2019,6.178000000000001
27449349,E,空氣污染物申報-一般空氣污染物,粒狀污染物,,,2019,0.004
27449349,E,空氣污染物申報-一般空氣污染物,揮發性有機化合物,,,2019,0.013999999999999999
30955404,E,空氣污染物申報-一般空氣污染物,氮氧化物,,,2019,1.932
30955404,E,空氣污染物申報-一般空氣污染物,硫氧化物,,,2019,0.016
30955404,E,空氣污染物申報-一般空氣污染物,粒狀污染物,,,2019,0.913
30955404,E,空氣污染物申報-一般空氣污染物,揮發性有機化合物,,,2019,9.728
34051920,E,空氣污染物申報-一般空氣污染物,氮氧化物,,,2019,0.608
34051920,E,空氣污染物申報-一般空氣污染物,粒狀污染物,,,2019,0.018000000000000002
34051920,E,空氣污染物申報-一般空氣污染物,揮發性有機化合物,,,2019,56.212
34051920,E,空氣污染物申報-有害空氣污染物,二甲苯,,,2019,0.049999999999999996
35424073,E,空氣污染物申報-一般空氣污染物,氮氧化物,,,2019,0.30600000000000005
35424073,E,空氣污染物申報-一般空氣污染物,硫氧化物,,,2019,0.013999999999999999
35424073,E,空氣污染物申報-一般空氣污染物,粒狀污染物,,,2019,0.016
35424073,E,空氣污染物申報-一般空氣污染物,揮發性有機化合物,,,2019,52.56199999999999
36011776,E,空氣污染物申報-一般空氣污染物,揮發性有機化合物,,,2019,0.26299999999999996
36084833,E,空氣污染物申報-一般空氣污染物,氮氧化物,,,2019,0.367
36084833,E,空氣污染物申報-一般空氣污染物,粒狀污染物,,,2019,1.968
36084833,E,空氣污染物申報-一般空氣污染物,揮發性有機化合物,,,2019,6.747000000000001
36268804,E,空氣污染物申報-一般空氣污染物,氮氧化物,,,2019,0.062
36268804,E,空氣污染物申報-一般空氣污染物,粒狀污染物,,,2019,0.002
36268804,E,空氣污染物申報-一般空氣污染物,揮發性有機化合物,,,2019,1.334
43816068,E,空氣污染物申報-一般空氣污染物,氮氧化物,,,2019,1.293
43816068,E,空氣污染物申報-一般空氣污染物,硫氧化物,,,2019,0.003
43816068,E,空氣污染物申報-一般空氣污染物,粒狀污染物,,,2019,3.4299999999999997
43816068,E,空氣污染物申報-一般空氣污染物,揮發性有機化合物,,,2019,77.27400000000003
45011782,E,空氣污染物申報-一般空氣污染物,揮發性有機化合物,,,2019,1.0670000000000002
45190379,E,空氣污染物申報-一般空氣污染物,粒狀污染物,,,2019,1.232
45190379,E,空氣污染物申報-一般空氣污染物,揮發性有機化合物,,,2019,1.43
52753108,E,空氣污染物申報-一般空氣污染物,揮發性有機化合物,,,2019,5.1850000000000005
52753108,E,空氣污染物申報-有害空氣污染物,二甲苯,,,2019,0.006
52878846,E,空氣污染物申報-一般空氣污染物,揮發性有機化合物,,,2019,3.745
52878846,E,空氣污染物申報-有害空氣污染物,二甲苯,,,2019,0.02
53125710,E,空氣污染物申報-一般空氣污染物,粒狀污染物,,,2019,2.292
53125710,E,空氣污染物申報-一般空氣污染物,揮發性有機化合物,,,2019,1.6500000000000001
59276051,E,空氣污染物申報-一般空氣污染物,粒狀污染物,,,2019,0.01
59276051,E,空氣污染物申報-一般空氣污染物,揮發性有機化合物,,,2019,3.376
70540563,E,空氣污染物申報-一般空氣污染物,揮發性有機化合物,,,2019,1.719
70670235,E,空氣污染物申報-一般空氣污染物,揮發性有機化合物,,,2019,0.018000000000000002
70684527,E,空氣污染物申報-一般空氣污染物,揮發性有機化合物,,,2019,0.064
70776899,E,空氣污染物申報-一般空氣污染物,氮氧化物,,,2019,7.312999999999999
70776899,E,空氣污染物申報-一般空氣污染物,粒狀污染物,,,2019,0.28900000000000003
70776899,E,空氣污染物申報-一般空氣污染物,揮發性有機化合物,,,2019,15.134
70776899,E,空氣污染物申報-有害空氣污染物,甲苯,,,2019,2.7359999999999998
70801378,E,空氣污染物申報-一般空氣污染物,氮氧化物,,,2019,0.449
70801378,E,空氣污染物申報-一般空氣污染物,硫氧化物,,,2019,0.003
70801378,E,空氣污染物申報-一般空氣污染物,粒狀污染物,,,2019,0.20600000000000002
70801378,E,空氣污染物申報-一般空氣污染物,揮發性有機化合物,,,2019,3.707
76026851,E,空氣污染物申報-一般空氣污染物,氮氧化物,,,2019,1.946
76026851,E,空氣污染物申報-一般空氣污染物,粒狀污染物,,,2019,1.211
76026851,E,空氣污染物申報-一般空氣污染物,揮發性有機化合物,,,2019,32.848
76026851,E,空氣污染物申報-有害空氣污染物,苯乙烯,,,2019,0.328
76026851,E,空氣污染物申報-有害空氣污染物,甲苯,,,2019,1.562
76026851,E,空氣污染物申報-有害空氣污染物,二甲苯,,,2019,1.921
83360971,E,空氣污染物申報-一般空氣污染物,揮發性有機化合物,,,2019,12.245
83639504,E,空氣污染物申報-一般空氣污染物,揮發性有機化合物,,,2019,6.629
83639504,E,空氣污染物申報-有害空氣污染物,甲苯,,,2019,1.2670000000000001
84433564,E,空氣污染物申報-一般空氣污染物,粒狀污染物,,,2019,0.008
84433564,E,空氣污染物申報-一般空氣污染物,揮發性有機化合物,,,2019,0.379
84808400,E,空氣污染物申報-一般空氣污染物,粒狀污染物,,,2019,0.444
84808400,E,空氣污染物申報-一般空氣污染物,揮發性有機化合物,,,2019,29.493999999999996
84819223,E,空氣污染物申報-一般空氣污染物,揮發性有機化合物,,,2019,4.278
84819223,E,空氣污染物申報-有害空氣污染物,甲苯,,,2019,0.808
86124395,E,空氣污染物申報-一般空氣污染物,氮氧化物,,,2019,0.294
86124395,E,空氣污染物申報-一般空氣污染物,粒狀污染物,,,2019,0.061
86124395,E,空氣污染物申報-一般空氣污染物,揮發性有機化合物,,,2019,11.697
86332422,E,空氣污染物申報-一般空氣污染物,氮氧化物,,,2019,1.629
86332422,E,空氣污染物申報-一般空氣污染物,硫氧化物,,,2019,2.469
86332422,E,空氣污染物申報-一般空氣污染物,粒狀污染物,,,2019,0.259
86332422,E,空氣污染物申報-一般空氣污染物,揮發性有機化合物,,,2019,6.333
86362776,E,空氣污染物申報-一般空氣污染物,揮發性有機化合物,,,2019,0.14400000000000002
86379707,E,空氣污染物申報-一般空氣污染物,氮氧化物,,,2019,0.872
86379707,E,空氣污染物申報-一般空氣污染物,硫氧化物,,,2019,0.007
86379707,E,空氣污染物申報-一般空氣污染物,粒狀污染物,,,2019,1.1560000000000001
86379707,E,空氣污染物申報-一般空氣污染物,揮發性有機化合物,,,2019,7.838
86412635,E,空氣污染物申報-一般空氣污染物,氮氧化物,,,2019,0.256
86412635,E,空氣污染物申報-一般空氣污染物,硫氧化物,,,2019,0.087
86412635,E,空氣污染物申報-一般空氣污染物,粒狀污染物,,,2019,0.008
86412635,E,空氣污染物申報-一般空氣污染物,揮發性有機化合物,,,2019,20.364
86412635,E,空氣污染物申報-有害空氣污染物,甲苯,,,2019,11.757
86412635,E,空氣污染物申報-有害空氣污染物,二甲苯,,,2019,0.203
86436593,E,空氣污染物申報-一般空氣污染物,揮發性有機化合物,,,2019,1.061
86521351,E,空氣污染物申報-一般空氣污染物,氮氧化物,,,2019,23.313
86521351,E,空氣污染物申報-一般空氣污染物,硫氧化物,,,2019,53.53099999999999
86521351,E,空氣污染物申報-一般空氣污染物,粒狀污染物,,,2019,4.122999999999999
86521351,E,空氣污染物申報-一般空氣污染物,揮發性有機化合物,,,2019,1417.5919999999999
86521351,E,空氣污染物申報-有害空氣污染物,甲苯,,,2019,10.693000000000001
86667046,E,空氣污染物申報-一般空氣污染物,粒狀污染物,,,2019,6.317
86667046,E,空氣污染物申報-一般空氣污染物,揮發性有機化合物,,,2019,4.734
86691377,E,空氣污染物申報-一般空氣污染物,氮氧化物,,,2019,13.309
86691377,E,空氣污染物申報-一般空氣污染物,硫氧化物,,,2019,11.925999999999998
86691377,E,空氣污染物申報-一般空氣污染物,粒狀污染物,,,2019,1.281
86691377,E,空氣污染物申報-一般空氣污染物,揮發性有機化合物,,,2019,20.619
86978512,E,空氣污染物申報-一般空氣污染物,氮氧化物,,,2019,0.274
86978512,E,空氣污染物申報-一般空氣污染物,硫氧化物,,,2019,0.022000000000000002
86978512,E,空氣污染物申報-一般空氣污染物,粒狀污染物,,,2019,0.114
86978512,E,空氣污染物申報-一般空氣污染物,揮發性有機化合物,,,2019,2.71
86978512,E,空氣污染物申報-有害空氣污染物,苯乙烯,,,2019,0.048
86980046,E,空氣污染物申報-一般空氣污染物,粒狀污染物,,,2019,0.241
86980046,E,空氣污染物申報-一般空氣污染物,揮發性有機化合物,,,2019,46.519
86980046,E,空氣污染物申報-有害空氣污染物,甲苯,,,2019,9.036000000000001
89379218,E,空氣污染物申報-一般空氣污染物,粒狀污染物,,,2019,0.004
89379218,E,空氣污染物申報-一般空氣污染物,揮發性有機化合物,,,2019,2.714
89379218,E,空氣污染物申報-有害空氣污染物,甲苯,,,2019,0.9520000000000001
89379218,E,空氣污染物申報-有害空氣污染物,二甲苯,,,2019,0.009000000000000001
89396770,E,空氣污染物申報-一般空氣污染物,氮氧化物,,,2019,0.066
89396770,E,空氣污染物申報-一般空氣污染物,粒狀污染物,,,2019,0.003
89396770,E,空氣污染物申報-一般空氣污染物,揮發性有機化合物,,,2019,5.1419999999999995
89495531,E,空氣污染物申報-一般空氣污染物,氮氧化物,,,2019,0.383
89495531,E,空氣污染物申報-一般空氣污染物,硫氧化物,,,2019,0.003
89495531,E,空氣污染物申報-一般空氣污染物,粒狀污染物,,,2019,0.159
89495531,E,空氣污染物申報-一般空氣污染物,揮發性有機化合物,,,2019,1.387
96865657,E,空氣污染物申報-一般空氣污染物,氮氧化物,,,2019,18.282
96865657,E,空氣污染物申報-一般空氣污染物,硫氧化物,,,2019,21.796999999999997
96865657,E,空氣污染物申報-一般空氣污染物,粒狀污染物,,,2019,1.9460000000000002
96865657,E,空氣污染物申報-一般空氣污染物,揮發性有機化合物,,,2019,78.011
96865657,E,空氣污染物申報-有害空氣污染物,甲苯,,,2019,0.01
97173920,E,空氣污染物申報-一般空氣污染物,粒狀污染物,,,2019,6.672000000000001
97173920,E,空氣污染物申報-一般空氣污染物,揮發性有機化合物,,,2019,0.5429999999999999
97173920,E,空氣污染物申報-有害空氣污染物,重金屬,,,2019,0.014000000000000002
97178087,E,空氣污染物申報-一般空氣污染物,氮氧化物,,,2019,3.1199999999999997
97178087,E,空氣污染物申報-一般空氣污染物,硫氧化物,,,2019,0.521
97178087,E,空氣污染物申報-一般空氣污染物,粒狀污染物,,,2019,0.158
97178087,E,空氣污染物申報-一般空氣污染物,揮發性有機化合物,,,2019,23.230999999999998
97179403,E,空氣污染物申報-一般空氣污染物,氮氧化物,,,2019,13.881
97179403,E,空氣污染物申報-一般空氣污染物,硫氧化物,,,2019,47.709
97179403,E,空氣污染物申報-一般空氣污染物,粒狀污染物,,,2019,1.6789999999999998
97179403,E,空氣污染物申報-一般空氣污染物,揮發性有機化合物,,,2019,19.191
97179403,E,空氣污染物申報-有害空氣污染物,甲苯,,,2019,0.024
97330127,E,空氣污染物申報-一般空氣污染物,氮氧化物,,,2019,0.367
97330127,E,空氣污染物申報-一般空氣污染物,粒狀污染物,,,2019,0.008
97330127,E,空氣污染物申報-一般空氣污染物,揮發性有機化合物,,,2019,30.506999999999998
97330127,E,空氣污染物申報-有害空氣污染物,甲苯,,,2019,0.196
05637971,E,空氣污染物申報-一般空氣污染物,氮氧化物,,,2019,0.383
05637971,E,空氣污染物申報-一般空氣污染物,硫氧化物,,,2019,0.003
05637971,E,空氣污染物申報-一般空氣污染物,粒狀污染物,,,2019,2.21
05637971,E,空氣污染物申報-一般空氣污染物,揮發性有機化合物,,,2019,16.203
04401392,E,空氣污染物申報-一般空氣污染物,氮氧化物,,,2019,2.576
04401392,E,空氣污染物申報-一般空氣污染物,硫氧化物,,,2019,1.6709999999999998
04401392,E,空氣污染物申報-一般空氣污染物,粒狀污染物,,,2019,1.8869999999999998
04401392,E,空氣污染物申報-一般空氣污染物,揮發性有機化合物,,,2019,48.05900000000002
04226091,E,空氣污染物申報-一般空氣污染物,氮氧化物,,,2019,36.396
04226091,E,空氣污染物申報-一般空氣污染物,粒狀污染物,,,2019,8.112
04226091,E,空氣污染物申報-一般空氣污染物,揮發性有機化合物,,,2019,25.976000000000003
04226091,E,空氣污染物申報-有害空氣污染物,甲苯,,,2019,0.14
12738623,E,空氣污染物申報-一般空氣污染物,氮氧化物,,,2020,0.432
12738623,E,空氣污染物申報-一般空氣污染物,粒狀污染物,,,2020,0.048
12738623,E,空氣污染物申報-一般空氣污染物,揮發性有機化合物,,,2020,2.648
13012009,E,空氣污染物申報-一般空氣污染物,氮氧化物,,,2020,0.042
13012009,E,空氣污染物申報-一般空氣污染物,硫氧化物,,,2020,0.051000000000000004
13012009,E,空氣污染物申報-一般空氣污染物,粒狀污染物,,,2020,0.366
16096804,E,空氣污染物申報-一般空氣污染物,粒狀污染物,,,2020,0.003
16096804,E,空氣污染物申報-一般空氣污染物,揮發性有機化合物,,,2020,41.497
16096804,E,空氣污染物申報-有害空氣污染物,甲苯,,,2020,0.005
16096804,E,空氣污染物申報-有害空氣污染物,二甲苯,,,2020,0.198
16101031,E,空氣污染物申報-一般空氣污染物,揮發性有機化合物,,,2020,0.045
16130084,E,空氣污染物申報-一般空氣污染物,揮發性有機化合物,,,2020,10.024
16130084,E,空氣污染物申報-有害空氣污染物,二甲苯,,,2020,0.5189999999999999
16197211,E,空氣污染物申報-一般空氣污染物,揮發性有機化合物,,,2020,1.513
16197211,E,空氣污染物申報-有害空氣污染物,乙苯,,,2020,0.026000000000000002
16197211,E,空氣污染物申報-有害空氣污染物,二甲苯,,,2020,0.31000000000000005
16198345,E,空氣污染物申報-一般空氣污染物,氮氧化物,,,2020,6.882999999999999
16198345,E,空氣污染物申報-一般空氣污染物,粒狀污染物,,,2020,0.38200000000000006
16198345,E,空氣污染物申報-一般空氣污染物,揮發性有機化合物,,,2020,108.736
16198345,E,空氣污染物申報-有害空氣污染物,甲苯,,,2020,2.1870000000000003
16347324,E,空氣污染物申報-一般空氣污染物,氮氧化物,,,2020,0.118
16347324,E,空氣污染物申報-一般空氣污染物,粒狀污染物,,,2020,0.006
16347324,E,空氣污染物申報-一般空氣污染物,揮發性有機化合物,,,2020,18.476
16431363,E,空氣污染物申報-一般空氣污染物,氮氧化物,,,2020,2.955
16431363,E,空氣污染物申報-一般空氣污染物,硫氧化物,,,2020,1.96
16431363,E,空氣污染物申報-一般空氣污染物,粒狀污染物,,,2020,0.167
16431363,E,空氣污染物申報-一般空氣污染物,揮發性有機化合物,,,2020,17.752000000000002
16433242,E,空氣污染物申報-一般空氣污染物,揮發性有機化合物,,,2020,3.594
16433242,E,空氣污染物申報-有害空氣污染物,二甲苯,,,2020,0.11
16447610,E,空氣污染物申報-一般空氣污染物,氮氧化物,,,2020,1.9020000000000001
16447610,E,空氣污染物申報-一般空氣污染物,粒狀污染物,,,2020,0.058
16447610,E,空氣污染物申報-一般空氣污染物,揮發性有機化合物,,,2020,0.096
16447610,E,空氣污染物申報-有害空氣污染物,苯乙烯,,,2020,0.09
16599215,E,空氣污染物申報-一般空氣污染物,粒狀污染物,,,2020,0.21900000000000003
16599215,E,空氣污染物申報-一般空氣污染物,揮發性有機化合物,,,2020,21.497999999999998
16599215,E,空氣污染物申報-有害空氣污染物,甲苯,,,2020,3.252
16674213,E,空氣污染物申報-一般空氣污染物,粒狀污染物,,,2020,0.014
16674213,E,空氣污染物申報-一般空氣污染物,揮發性有機化合物,,,2020,2.8810000000000002
16742182,E,空氣污染物申報-一般空氣污染物,氮氧化物,,,2020,0.41600000000000004
16742182,E,空氣污染物申報-一般空氣污染物,硫氧化物,,,2020,0.181
16742182,E,空氣污染物申報-一般空氣污染物,粒狀污染物,,,2020,0.027000000000000003
16742182,E,空氣污染物申報-一般空氣污染物,揮發性有機化合物,,,2020,9.506
16834268,E,空氣污染物申報-一般空氣污染物,氮氧化物,,,2020,66.091
16834268,E,空氣污染物申報-一般空氣污染物,硫氧化物,,,2020,19.063000000000002
16834268,E,空氣污染物申報-一般空氣污染物,粒狀污染物,,,2020,13.340000000000002
16834268,E,空氣污染物申報-一般空氣污染物,揮發性有機化合物,,,2020,6.825000000000002
19004316,E,空氣污染物申報-一般空氣污染物,氮氧化物,,,2020,0.696
19004316,E,空氣污染物申報-一般空氣污染物,粒狀污染物,,,2020,2.716
19004316,E,空氣污染物申報-一般空氣污染物,揮發性有機化合物,,,2020,183.98
19004316,E,空氣污染物申報-有害空氣污染物,乙苯,,,2020,0.14200000000000002
19004316,E,空氣污染物申報-有害空氣污染物,甲苯,,,2020,69.91
19004316,E,空氣污染物申報-有害空氣污染物,二甲苯,,,2020,0.838
20759430,E,空氣污染物申報-一般空氣污染物,粒狀污染物,,,2020,0.04
20759430,E,空氣污染物申報-一般空氣污染物,揮發性有機化合物,,,2020,16.214
20891326,E,空氣污染物申報-一般空氣污染物,氮氧化物,,,2020,0.902
20891326,E,空氣污染物申報-一般空氣污染物,硫氧化物,,,2020,0.512
20891326,E,空氣污染物申報-一般空氣污染物,粒狀污染物,,,2020,0.089
20891326,E,空氣污染物申報-一般空氣污染物,揮發性有機化合物,,,2020,54.259
20891326,E,空氣污染物申報-有害空氣污染物,甲苯,,,2020,27.857
20891326,E,空氣污染物申報-有害空氣污染物,二甲苯,,,2020,0.75
21204867,E,空氣污染物申報-一般空氣污染物,揮發性有機化合物,,,2020,37.091
22006020,E,空氣污染物申報-一般空氣污染物,揮發性有機化合物,,,2020,0.019
22059031,E,空氣污染物申報-一般空氣污染物,揮發性有機化合物,,,2020,0.21200000000000002
22059031,E,空氣污染物申報-有害空氣污染物,苯,,,2020,0.021
22099343,E,空氣污染物申報-一般空氣污染物,揮發性有機化合物,,,2020,0.882
22100469,E,空氣污染物申報-一般空氣污染物,揮發性有機化合物,,,2020,2.894
22223510,E,空氣污染物申報-一般空氣污染物,粒狀污染物,,,2020,0.003
22223510,E,空氣污染物申報-一般空氣污染物,揮發性有機化合物,,,2020,0.05
22274989,E,空氣污染物申報-一般空氣污染物,氮氧化物,,,2020,0.43300000000000005
22274989,E,空氣污染物申報-一般空氣污染物,粒狀污染物,,,2020,0.097
22306125,E,空氣污染物申報-一般空氣污染物,揮發性有機化合物,,,2020,0.454
22306130,E,空氣污染物申報-一般空氣污染物,氮氧化物,,,2020,0.036
22306130,E,空氣污染物申報-一般空氣污染物,硫氧化物,,,2020,0.044
22306130,E,空氣污染物申報-一般空氣污染物,粒狀污染物,,,2020,0.095
22306130,E,空氣污染物申報-一般空氣污染物,揮發性有機化合物,,,2020,7.2010000000000005
22306130,E,空氣污染物申報-有害空氣污染物,甲苯,,,2020,4.352
22415854,E,空氣污染物申報-一般空氣污染物,揮發性有機化合物,,,2020,31.034000000000002
22570840,E,空氣污染物申報-一般空氣污染物,粒狀污染物,,,2020,0.38
22570840,E,空氣污染物申報-一般空氣污染物,揮發性有機化合物,,,2020,2.221
22636630,E,空氣污染物申報-一般空氣污染物,氮氧化物,,,2020,1.1349999999999998
22636630,E,空氣污染物申報-一般空氣污染物,粒狀污染物,,,2020,0.157
22636630,E,空氣污染物申報-一般空氣污染物,揮發性有機化合物,,,2020,295.394
22636630,E,空氣污染物申報-有害空氣污染物,甲苯,,,2020,52.769
22771229,E,空氣污染物申報-一般空氣污染物,揮發性有機化合物,,,2020,2.634
22773079,E,空氣污染物申報-一般空氣污染物,氮氧化物,,,2020,0.395
22773079,E,空氣污染物申報-一般空氣污染物,粒狀污染物,,,2020,0.47800000000000004
22773079,E,空氣污染物申報-一般空氣污染物,揮發性有機化合物,,,2020,10.108999999999998
22944019,E,空氣污染物申報-一般空氣污染物,揮發性有機化合物,,,2020,0.8700000000000001
23063420,E,空氣污染物申報-一般空氣污染物,粒狀污染物,,,2020,0.073
23063420,E,空氣污染物申報-一般空氣污染物,揮發性有機化合物,,,2020,2.229
23225071,E,空氣污染物申報-一般空氣污染物,氮氧化物,,,2020,0.472
23225071,E,空氣污染物申報-一般空氣污染物,硫氧化物,,,2020,0.003
23225071,E,空氣污染物申報-一般空氣污染物,粒狀污染物,,,2020,0.9790000000000001
23225071,E,空氣污染物申報-一般空氣污染物,揮發性有機化合物,,,2020,4.251
23528103,E,空氣污染物申報-一般空氣污染物,氮氧化物,,,2020,5.890000000000001
23528103,E,空氣污染物申報-一般空氣污染物,硫氧化物,,,2020,1.499
23528103,E,空氣污染物申報-一般空氣污染物,粒狀污染物,,,2020,0.4469999999999999
23528103,E,空氣污染物申報-一般空氣污染物,揮發性有機化合物,,,2020,12.548
23528103,E,空氣污染物申報-有害空氣污染物,乙苯,,,2020,0.156
23528103,E,空氣污染物申報-有害空氣污染物,甲苯,,,2020,0.34299999999999997
23528103,E,空氣污染物申報-有害空氣污染物,二甲苯,,,2020,3.686
23534301,E,空氣污染物申報-一般空氣污染物,粒狀污染物,,,2020,0.059
23534301,E,空氣污染物申報-一般空氣污染物,揮發性有機化合物,,,2020,63.021
23534301,E,空氣污染物申報-有害空氣污染物,二甲苯,,,2020,7.058
23535435,E,空氣污染物申報-一般空氣污染物,氮氧化物,,,2020,15.184000000000003
23535435,E,空氣污染物申報-一般空氣污染物,粒狀污染物,,,2020,1.125
23535435,E,空氣污染物申報-一般空氣污染物,揮發性有機化合物,,,2020,522.0590000000001
23535435,E,空氣污染物申報-有害空氣污染物,苯乙烯,,,2020,0.015
23535435,E,空氣污染物申報-有害空氣污染物,甲苯,,,2020,0.015
23588039,E,空氣污染物申報-一般空氣污染物,粒狀污染物,,,2020,0.002
23588039,E,空氣污染物申報-一般空氣污染物,揮發性有機化合物,,,2020,0.818
23641338,E,空氣污染物申報-一般空氣污染物,氮氧化物,,,2020,1.251
23641338,E,空氣污染物申報-一般空氣污染物,硫氧化物,,,2020,0.098
23641338,E,空氣污染物申報-一般空氣污染物,粒狀污染物,,,2020,10.788
23641338,E,空氣污染物申報-一般空氣污染物,揮發性有機化合物,,,2020,67.672
23641338,E,空氣污染物申報-有害空氣污染物,甲苯,,,2020,36.146
23750095,E,空氣污染物申報-一般空氣污染物,粒狀污染物,,,2020,0.851
23750095,E,空氣污染物申報-一般空氣污染物,揮發性有機化合物,,,2020,2.2350000000000003
23810592,E,空氣污染物申報-一般空氣污染物,氮氧化物,,,2020,0.24
23810592,E,空氣污染物申報-一般空氣污染物,硫氧化物,,,2020,0.003
23810592,E,空氣污染物申報-一般空氣污染物,粒狀污染物,,,2020,0.11099999999999999
23810592,E,空氣污染物申報-一般空氣污染物,揮發性有機化合物,,,2020,0.681
23810592,E,空氣污染物申報-有害空氣污染物,重金屬,,,2020,0.001
23983947,E,空氣污染物申報-一般空氣污染物,粒狀污染物,,,2020,0.012
23983947,E,空氣污染物申報-一般空氣污染物,揮發性有機化合物,,,2020,2.301
27449349,E,空氣污染物申報-一般空氣污染物,粒狀污染物,,,2020,0.007
27449349,E,空氣污染物申報-一般空氣污染物,揮發性有機化合物,,,2020,0.026
30955404,E,空氣污染物申報-一般空氣污染物,氮氧化物,,,2020,2.6220000000000003
30955404,E,空氣污染物申報-一般空氣污染物,硫氧化物,,,2020,0.022
30955404,E,空氣污染物申報-一般空氣污染物,粒狀污染物,,,2020,1.113
30955404,E,空氣污染物申報-一般空氣污染物,揮發性有機化合物,,,2020,12.797
34051920,E,空氣污染物申報-一般空氣污染物,氮氧化物,,,2020,0.20800000000000002
34051920,E,空氣污染物申報-一般空氣污染物,粒狀污染物,,,2020,0.006
34051920,E,空氣污染物申報-一般空氣污染物,揮發性有機化合物,,,2020,29.461999999999996
35424073,E,空氣污染物申報-一般空氣污染物,氮氧化物,,,2020,0.5740000000000001
35424073,E,空氣污染物申報-一般空氣污染物,硫氧化物,,,2020,0.022
35424073,E,空氣污染物申報-一般空氣污染物,粒狀污染物,,,2020,0.019
35424073,E,空氣污染物申報-一般空氣污染物,揮發性有機化合物,,,2020,96.667
36011776,E,空氣污染物申報-一般空氣污染物,揮發性有機化合物,,,2020,0.119
36011776,E,空氣污染物申報-有害空氣污染物,甲苯,,,2020,0.006
36084833,E,空氣污染物申報-一般空氣污染物,氮氧化物,,,2020,0.21400000000000002
36084833,E,空氣污染物申報-一般空氣污染物,粒狀污染物,,,2020,1.602
36084833,E,空氣污染物申報-一般空氣污染物,揮發性有機化合物,,,2020,3.6540000000000004
36268804,E,空氣污染物申報-一般空氣污染物,氮氧化物,,,2020,0.211
36268804,E,空氣污染物申報-一般空氣污染物,粒狀污染物,,,2020,0.003
36268804,E,空氣污染物申報-一般空氣污染物,揮發性有機化合物,,,2020,4.407
43816068,E,空氣污染物申報-一般空氣污染物,氮氧化物,,,2020,0.674
43816068,E,空氣污染物申報-一般空氣污染物,粒狀污染物,,,2020,2.5879999999999996
43816068,E,空氣污染物申報-一般空氣污染物,揮發性有機化合物,,,2020,37.475
45011782,E,空氣污染物申報-一般空氣污染物,揮發性有機化合物,,,2020,1.195
45190379,E,空氣污染物申報-一般空氣污染物,氮氧化物,,,2020,0.156
45190379,E,空氣污染物申報-一般空氣污染物,粒狀污染物,,,2020,0.725
45190379,E,空氣污染物申報-一般空氣污染物,揮發性有機化合物,,,2020,0.615
52753108,E,空氣污染物申報-一般空氣污染物,揮發性有機化合物,,,2020,4.213
52753108,E,空氣污染物申報-有害空氣污染物,乙苯,,,2020,0.002
52753108,E,空氣污染物申報-有害空氣污染物,二甲苯,,,2020,0.009000000000000001
52878846,E,空氣污染物申報-一般空氣污染物,揮發性有機化合物,,,2020,1.91
53125710,E,空氣污染物申報-一般空氣污染物,粒狀污染物,,,2020,0.06
53125710,E,空氣污染物申報-一般空氣污染物,揮發性有機化合物,,,2020,1.6119999999999999
59276051,E,空氣污染物申報-一般空氣污染物,粒狀污染物,,,2020,0.002
59276051,E,空氣污染物申報-一般空氣污染物,揮發性有機化合物,,,2020,6.346
70540563,E,空氣污染物申報-一般空氣污染物,揮發性有機化合物,,,2020,1.6830000000000003
70670235,E,空氣污染物申報-一般空氣污染物,揮發性有機化合物,,,2020,2.15
70776899,E,空氣污染物申報-一般空氣污染物,氮氧化物,,,2020,6.952
70776899,E,空氣污染物申報-一般空氣污染物,粒狀污染物,,,2020,0.227
70776899,E,空氣污染物申報-一般空氣污染物,揮發性有機化合物,,,2020,204.066
70776899,E,空氣污染物申報-有害空氣污染物,甲苯,,,2020,0.31
70801378,E,空氣污染物申報-一般空氣污染物,氮氧化物,,,2020,0.331
70801378,E,空氣污染物申報-一般空氣污染物,硫氧化物,,,2020,0.002
70801378,E,空氣污染物申報-一般空氣污染物,粒狀污染物,,,2020,0.148
70801378,E,空氣污染物申報-一般空氣污染物,揮發性有機化合物,,,2020,4.019
76026851,E,空氣污染物申報-一般空氣污染物,氮氧化物,,,2020,1.1179999999999999
76026851,E,空氣污染物申報-一般空氣污染物,粒狀污染物,,,2020,0.293
76026851,E,空氣污染物申報-一般空氣污染物,揮發性有機化合物,,,2020,8.688
76026851,E,空氣污染物申報-有害空氣污染物,苯乙烯,,,2020,0.197
76026851,E,空氣污染物申報-有害空氣污染物,甲苯,,,2020,0.402
76026851,E,空氣污染物申報-有害空氣污染物,二甲苯,,,2020,0.34
83360971,E,空氣污染物申報-一般空氣污染物,揮發性有機化合物,,,2020,16.003
83360971,E,空氣污染物申報-有害空氣污染物,二甲苯,,,2020,0.003
83639504,E,空氣污染物申報-一般空氣污染物,揮發性有機化合物,,,2020,1.073
83639504,E,空氣污染物申報-有害空氣污染物,甲苯,,,2020,0.158
84433564,E,空氣污染物申報-一般空氣污染物,粒狀污染物,,,2020,0.035
84433564,E,空氣污染物申報-一般空氣污染物,揮發性有機化合物,,,2020,0.61
84808400,E,空氣污染物申報-一般空氣污染物,粒狀污染物,,,2020,0.16699999999999998
84808400,E,空氣污染物申報-一般空氣污染物,揮發性有機化合物,,,2020,11.914
84819223,E,空氣污染物申報-一般空氣污染物,揮發性有機化合物,,,2020,2.754
84819223,E,空氣污染物申報-有害空氣污染物,甲苯,,,2020,0.47200000000000003
86124395,E,空氣污染物申報-一般空氣污染物,氮氧化物,,,2020,0.464
86124395,E,空氣污染物申報-一般空氣污染物,粒狀污染物,,,2020,0.092
86124395,E,空氣污染物申報-一般空氣污染物,揮發性有機化合物,,,2020,18.130000000000003
86332422,E,空氣污染物申報-一般空氣污染物,氮氧化物,,,2020,0.9050000000000001
86332422,E,空氣污染物申報-一般空氣污染物,粒狀污染物,,,2020,0.028
86362776,E,空氣污染物申報-一般空氣污染物,揮發性有機化合物,,,2020,0.07100000000000001
86379707,E,空氣污染物申報-一般空氣污染物,揮發性有機化合物,,,2020,0.482
86412635,E,空氣污染物申報-一般空氣污染物,氮氧化物,,,2020,0.261
86412635,E,空氣污染物申報-一般空氣污染物,硫氧化物,,,2020,0.069
86412635,E,空氣污染物申報-一般空氣污染物,粒狀污染物,,,2020,0.008
86412635,E,空氣污染物申報-一般空氣污染物,揮發性有機化合物,,,2020,42.447
86412635,E,空氣污染物申報-有害空氣污染物,甲苯,,,2020,23.825000000000003
86412635,E,空氣污染物申報-有害空氣污染物,二甲苯,,,2020,0.29900000000000004
86436593,E,空氣污染物申報-一般空氣污染物,揮發性有機化合物,,,2020,0.398
86521351,E,空氣污染物申報-一般空氣污染物,氮氧化物,,,2020,15.309999999999999
86521351,E,空氣污染物申報-一般空氣污染物,硫氧化物,,,2020,22.031000000000002
86521351,E,空氣污染物申報-一般空氣污染物,粒狀污染物,,,2020,1.9709999999999999
86521351,E,空氣污染物申報-一般空氣污染物,揮發性有機化合物,,,2020,527.017
86521351,E,空氣污染物申報-有害空氣污染物,甲苯,,,2020,4.695
86667046,E,空氣污染物申報-一般空氣污染物,粒狀污染物,,,2020,1.246
86667046,E,空氣污染物申報-一般空氣污染物,揮發性有機化合物,,,2020,1.101
86691377,E,空氣污染物申報-一般空氣污染物,氮氧化物,,,2020,7.525
86691377,E,空氣污染物申報-一般空氣污染物,硫氧化物,,,2020,5.99
86691377,E,空氣污染物申報-一般空氣污染物,粒狀污染物,,,2020,0.685
86691377,E,空氣污染物申報-一般空氣污染物,揮發性有機化合物,,,2020,11.282
86978512,E,空氣污染物申報-一般空氣污染物,氮氧化物,,,2020,0.166
86978512,E,空氣污染物申報-一般空氣污染物,硫氧化物,,,2020,0.013000000000000001
86978512,E,空氣污染物申報-一般空氣污染物,粒狀污染物,,,2020,0.07200000000000001
86978512,E,空氣污染物申報-一般空氣污染物,揮發性有機化合物,,,2020,2.0229999999999997
86978512,E,空氣污染物申報-有害空氣污染物,苯乙烯,,,2020,0.032
86980046,E,空氣污染物申報-一般空氣污染物,粒狀污染物,,,2020,0.16899999999999998
86980046,E,空氣污染物申報-一般空氣污染物,揮發性有機化合物,,,2020,42.229000000000006
86980046,E,空氣污染物申報-有害空氣污染物,甲苯,,,2020,6.547
89379218,E,空氣污染物申報-一般空氣污染物,粒狀污染物,,,2020,0.005
89379218,E,空氣污染物申報-一般空氣污染物,揮發性有機化合物,,,2020,4.507
89379218,E,空氣污染物申報-有害空氣污染物,甲苯,,,2020,1.73
89379218,E,空氣污染物申報-有害空氣污染物,二甲苯,,,2020,0.012000000000000004
89396770,E,空氣污染物申報-一般空氣污染物,氮氧化物,,,2020,0.057999999999999996
89396770,E,空氣污染物申報-一般空氣污染物,粒狀污染物,,,2020,0.001
89396770,E,空氣污染物申報-一般空氣污染物,揮發性有機化合物,,,2020,4.249
89495531,E,空氣污染物申報-一般空氣污染物,氮氧化物,,,2020,1.0150000000000001
89495531,E,空氣污染物申報-一般空氣污染物,硫氧化物,,,2020,0.007
89495531,E,空氣污染物申報-一般空氣污染物,粒狀污染物,,,2020,0.419
89495531,E,空氣污染物申報-一般空氣污染物,揮發性有機化合物,,,2020,3.429
96865657,E,空氣污染物申報-一般空氣污染物,氮氧化物,,,2020,17.354
96865657,E,空氣污染物申報-一般空氣污染物,硫氧化物,,,2020,19.624000000000002
96865657,E,空氣污染物申報-一般空氣污染物,粒狀污染物,,,2020,2.4359999999999995
96865657,E,空氣污染物申報-一般空氣污染物,揮發性有機化合物,,,2020,88.18
96865657,E,空氣污染物申報-有害空氣污染物,甲苯,,,2020,0.006
96865657,E,空氣污染物申報-有害空氣污染物,戴奧辛,,,2020,0.002
97173920,E,空氣污染物申報-一般空氣污染物,粒狀污染物,,,2020,7.376
97173920,E,空氣污染物申報-一般空氣污染物,揮發性有機化合物,,,2020,1.545
97173920,E,空氣污染物申報-有害空氣污染物,重金屬,,,2020,0.004
97179403,E,空氣污染物申報-一般空氣污染物,氮氧化物,,,2020,10.725
97179403,E,空氣污染物申報-一般空氣污染物,硫氧化物,,,2020,46.759
97179403,E,空氣污染物申報-一般空氣污染物,粒狀污染物,,,2020,1.8929999999999998
97179403,E,空氣污染物申報-一般空氣污染物,揮發性有機化合物,,,2020,10.969
97179403,E,空氣污染物申報-有害空氣污染物,甲苯,,,2020,0.01
97330127,E,空氣污染物申報-一般空氣污染物,氮氧化物,,,2020,0.122
97330127,E,空氣污染物申報-一般空氣污染物,粒狀污染物,,,2020,0.002
97330127,E,空氣污染物申報-一般空氣污染物,揮發性有機化合物,,,2020,23.441000000000003
97330127,E,空氣污染物申報-有害空氣污染物,甲苯,,,2020,0.202
04401392,E,空氣污染物申報-一般空氣污染物,氮氧化物,,,2020,1.187
04401392,E,空氣污染物申報-一般空氣污染物,硫氧化物,,,2020,0.244
04401392,E,空氣污染物申報-一般空氣污染物,粒狀污染物,,,2020,1.064
04401392,E,空氣污染物申報-一般空氣污染物,揮發性有機化合物,,,2020,35.439
05637971,E,空氣污染物申報-一般空氣污染物,氮氧化物,,,2020,2.398
05637971,E,空氣污染物申報-一般空氣污染物,硫氧化物,,,2020,0.019000000000000003
05637971,E,空氣污染物申報-一般空氣污染物,粒狀污染物,,,2020,3.2800000000000002
05637971,E,空氣污染物申報-一般空氣污染物,揮發性有機化合物,,,2020,39.364
04226091,E,空氣污染物申報-一般空氣污染物,氮氧化物,,,2020,5.122
04226091,E,空氣污染物申報-一般空氣污染物,粒狀污染物,,,2020,1.404
04226091,E,空氣污染物申報-一般空氣污染物,揮發性有機化合物,,,2020,10.534
04226091,E,空氣污染物申報-有害空氣污染物,甲苯,,,2020,0.052
12738623,E,空氣污染物申報-一般空氣污染物,氮氧化物,,,2021,1.439
12738623,E,空氣污染物申報-一般空氣污染物,粒狀污染物,,,2021,0.047
12738623,E,空氣污染物申報-一般空氣污染物,揮發性有機化合物,,,2021,13.736999999999998
13012009,E,空氣污染物申報-一般空氣污染物,揮發性有機化合物,,,2021,0.5
16096804,E,空氣污染物申報-一般空氣污染物,粒狀污染物,,,2021,0.047
16096804,E,空氣污染物申報-一般空氣污染物,揮發性有機化合物,,,2021,42.357
16096804,E,空氣污染物申報-有害空氣污染物,甲苯,,,2021,0.005
16096804,E,空氣污染物申報-有害空氣污染物,二甲苯,,,2021,0.139
16101031,E,空氣污染物申報-一般空氣污染物,揮發性有機化合物,,,2021,0.015
16130084,E,空氣污染物申報-一般空氣污染物,揮發性有機化合物,,,2021,11.831000000000001
16130084,E,空氣污染物申報-有害空氣污染物,二甲苯,,,2021,0.917
16197211,E,空氣污染物申報-一般空氣污染物,揮發性有機化合物,,,2021,1.618
16197211,E,空氣污染物申報-有害空氣污染物,乙苯,,,2021,0.044
16197211,E,空氣污染物申報-有害空氣污染物,二甲苯,,,2021,0.534
16198345,E,空氣污染物申報-一般空氣污染物,氮氧化物,,,2021,3.2729999999999997
16198345,E,空氣污染物申報-一般空氣污染物,粒狀污染物,,,2021,0.188
16198345,E,空氣污染物申報-一般空氣污染物,揮發性有機化合物,,,2021,63.229000000000006
16198345,E,空氣污染物申報-有害空氣污染物,甲苯,,,2021,4.622
16198345,E,空氣污染物申報-有害空氣污染物,二甲苯,,,2021,0.005
16347324,E,空氣污染物申報-一般空氣污染物,氮氧化物,,,2021,0.11
16347324,E,空氣污染物申報-一般空氣污染物,粒狀污染物,,,2021,0.004
16347324,E,空氣污染物申報-一般空氣污染物,揮發性有機化合物,,,2021,13.588999999999999
16431363,E,空氣污染物申報-一般空氣污染物,氮氧化物,,,2021,0.868
16431363,E,空氣污染物申報-一般空氣污染物,硫氧化物,,,2021,0.552
16431363,E,空氣污染物申報-一般空氣污染物,粒狀污染物,,,2021,0.048
16431363,E,空氣污染物申報-一般空氣污染物,揮發性有機化合物,,,2021,4.758
16433242,E,空氣污染物申報-一般空氣污染物,揮發性有機化合物,,,2021,5.7170000000000005
16433242,E,空氣污染物申報-有害空氣污染物,二甲苯,,,2021,0.9119999999999999
16447610,E,空氣污染物申報-一般空氣污染物,氮氧化物,,,2021,0.617
16447610,E,空氣污染物申報-一般空氣污染物,粒狀污染物,,,2021,0.019
16599215,E,空氣污染物申報-一般空氣污染物,粒狀污染物,,,2021,0.558
16599215,E,空氣污染物申報-一般空氣污染物,揮發性有機化合物,,,2021,86.136
16599215,E,空氣污染物申報-有害空氣污染物,甲苯,,,2021,13.106999999999996
16674213,E,空氣污染物申報-一般空氣污染物,粒狀污染物,,,2021,0.004
16674213,E,空氣污染物申報-一般空氣污染物,揮發性有機化合物,,,2021,1.37
16742182,E,空氣污染物申報-一般空氣污染物,氮氧化物,,,2021,1.0410000000000001
16742182,E,空氣污染物申報-一般空氣污染物,硫氧化物,,,2021,0.237
16742182,E,空氣污染物申報-一般空氣污染物,粒狀污染物,,,2021,0.054
16742182,E,空氣污染物申報-一般空氣污染物,揮發性有機化合物,,,2021,24.298
16834268,E,空氣污染物申報-一般空氣污染物,氮氧化物,,,2021,137.245
16834268,E,空氣污染物申報-一般空氣污染物,硫氧化物,,,2021,63.10300000000001
16834268,E,空氣污染物申報-一般空氣污染物,粒狀污染物,,,2021,10.998999999999999
16834268,E,空氣污染物申報-一般空氣污染物,揮發性有機化合物,,,2021,25.419000000000004
19004316,E,空氣污染物申報-一般空氣污染物,氮氧化物,,,2021,1.044
19004316,E,空氣污染物申報-一般空氣污染物,粒狀污染物,,,2021,0.931
19004316,E,空氣污染物申報-一般空氣污染物,揮發性有機化合物,,,2021,394.18399999999997
19004316,E,空氣污染物申報-有害空氣污染物,乙苯,,,2021,0.139
19004316,E,空氣污染物申報-有害空氣污染物,甲苯,,,2021,125.076
19004316,E,空氣污染物申報-有害空氣污染物,二甲苯,,,2021,1.042
20759430,E,空氣污染物申報-一般空氣污染物,粒狀污染物,,,2021,0.053
20759430,E,空氣污染物申報-一般空氣污染物,揮發性有機化合物,,,2021,15.535
20891326,E,空氣污染物申報-一般空氣污染物,氮氧化物,,,2021,1.6350000000000002
20891326,E,空氣污染物申報-一般空氣污染物,硫氧化物,,,2021,0.791
20891326,E,空氣污染物申報-一般空氣污染物,粒狀污染物,,,2021,0.16
20891326,E,空氣污染物申報-一般空氣污染物,揮發性有機化合物,,,2021,141.21499999999997
20891326,E,空氣污染物申報-有害空氣污染物,甲苯,,,2021,72.967
20891326,E,空氣污染物申報-有害空氣污染物,二甲苯,,,2021,1.3279999999999998
21204867,E,空氣污染物申報-一般空氣污染物,揮發性有機化合物,,,2021,37.699
22006020,E,空氣污染物申報-一般空氣污染物,揮發性有機化合物,,,2021,0.024
22059031,E,空氣污染物申報-一般空氣污染物,揮發性有機化合物,,,2021,0.794
22099343,E,空氣污染物申報-一般空氣污染物,揮發性有機化合物,,,2021,1.4740000000000002
22100469,E,空氣污染物申報-一般空氣污染物,揮發性有機化合物,,,2021,0.796
22223510,E,空氣污染物申報-一般空氣污染物,揮發性有機化合物,,,2021,0.05
22274989,E,空氣污染物申報-一般空氣污染物,氮氧化物,,,2021,0.33599999999999997
22274989,E,空氣污染物申報-一般空氣污染物,粒狀污染物,,,2021,0.10200000000000001
22304288,E,空氣污染物申報-一般空氣污染物,揮發性有機化合物,,,2021,1.302
22306125,E,空氣污染物申報-一般空氣污染物,揮發性有機化合物,,,2021,0.368
22306130,E,空氣污染物申報-一般空氣污染物,氮氧化物,,,2021,0.12400000000000001
22306130,E,空氣污染物申報-一般空氣污染物,硫氧化物,,,2021,0.14999999999999997
22306130,E,空氣污染物申報-一般空氣污染物,粒狀污染物,,,2021,0.356
22306130,E,空氣污染物申報-一般空氣污染物,揮發性有機化合物,,,2021,35.903
22306130,E,空氣污染物申報-有害空氣污染物,甲苯,,,2021,24.026
22415854,E,空氣污染物申報-一般空氣污染物,粒狀污染物,,,2021,0.022000000000000006
22415854,E,空氣污染物申報-一般空氣污染物,揮發性有機化合物,,,2021,9.693999999999999
22570840,E,空氣污染物申報-一般空氣污染物,粒狀污染物,,,2021,0.049
22570840,E,空氣污染物申報-一般空氣污染物,揮發性有機化合物,,,2021,1.423
22636630,E,空氣污染物申報-一般空氣污染物,氮氧化物,,,2021,2.786
22636630,E,空氣污染物申報-一般空氣污染物,粒狀污染物,,,2021,0.209
22636630,E,空氣污染物申報-一般空氣污染物,揮發性有機化合物,,,2021,108.208
22636630,E,空氣污染物申報-有害空氣污染物,甲苯,,,2021,20.309
22771229,E,空氣污染物申報-一般空氣污染物,揮發性有機化合物,,,2021,1.59
22773079,E,空氣污染物申報-一般空氣污染物,氮氧化物,,,2021,0.14600000000000002
22773079,E,空氣污染物申報-一般空氣污染物,粒狀污染物,,,2021,0.082
22773079,E,空氣污染物申報-一般空氣污染物,揮發性有機化合物,,,2021,4.348
22944019,E,空氣污染物申報-一般空氣污染物,揮發性有機化合物,,,2021,0.134
23063420,E,空氣污染物申報-一般空氣污染物,氮氧化物,,,2021,0.063
23063420,E,空氣污染物申報-一般空氣污染物,粒狀污染物,,,2021,0.042
23063420,E,空氣污染物申報-一般空氣污染物,揮發性有機化合物,,,2021,2.024
23225071,E,空氣污染物申報-一般空氣污染物,氮氧化物,,,2021,0.48
23225071,E,空氣污染物申報-一般空氣污染物,粒狀污染物,,,2021,1.862
23225071,E,空氣污染物申報-一般空氣污染物,揮發性有機化合物,,,2021,10.457999999999998
23528103,E,空氣污染物申報-一般空氣污染物,氮氧化物,,,2021,3.3350000000000004
23528103,E,空氣污染物申報-一般空氣污染物,硫氧化物,,,2021,0.5940000000000001
23528103,E,空氣污染物申報-一般空氣污染物,粒狀污染物,,,2021,0.27999999999999997
23528103,E,空氣污染物申報-一般空氣污染物,揮發性有機化合物,,,2021,9.446000000000002
23528103,E,空氣污染物申報-有害空氣污染物,乙苯,,,2021,0.102
23528103,E,空氣污染物申報-有害空氣污染物,甲苯,,,2021,0.268
23528103,E,空氣污染物申報-有害空氣污染物,二甲苯,,,2021,2.5540000000000003
23534301,E,空氣污染物申報-一般空氣污染物,粒狀污染物,,,2021,0.09799999999999999
23534301,E,空氣污染物申報-一般空氣污染物,揮發性有機化合物,,,2021,126.017
23534301,E,空氣污染物申報-有害空氣污染物,二甲苯,,,2021,13.007999999999997
23535435,E,空氣污染物申報-一般空氣污染物,氮氧化物,,,2021,9.887999999999998
23535435,E,空氣污染物申報-一般空氣污染物,硫氧化物,,,2021,1.322
23535435,E,空氣污染物申報-一般空氣污染物,粒狀污染物,,,2021,1.0370000000000001
23535435,E,空氣污染物申報-一般空氣污染物,揮發性有機化合物,,,2021,214.11599999999999
23588039,E,空氣污染物申報-一般空氣污染物,粒狀污染物,,,2021,0.012
23588039,E,空氣污染物申報-一般空氣污染物,揮發性有機化合物,,,2021,2.734
23641338,E,空氣污染物申報-一般空氣污染物,氮氧化物,,,2021,1.051
23641338,E,空氣污染物申報-一般空氣污染物,硫氧化物,,,2021,0.083
23641338,E,空氣污染物申報-一般空氣污染物,粒狀污染物,,,2021,6.918000000000001
23641338,E,空氣污染物申報-一般空氣污染物,揮發性有機化合物,,,2021,254.169
23641338,E,空氣污染物申報-有害空氣污染物,甲苯,,,2021,134.39600000000002
23641338,E,空氣污染物申報-有害空氣污染物,二甲苯,,,2021,1.38
23750095,E,空氣污染物申報-一般空氣污染物,粒狀污染物,,,2021,4.21
23750095,E,空氣污染物申報-一般空氣污染物,揮發性有機化合物,,,2021,7.925999999999999
23983947,E,空氣污染物申報-一般空氣污染物,粒狀污染物,,,2021,0.012
27449349,E,空氣污染物申報-一般空氣污染物,粒狀污染物,,,2021,0.006
27449349,E,空氣污染物申報-一般空氣污染物,揮發性有機化合物,,,2021,0.044
30955404,E,空氣污染物申報-一般空氣污染物,氮氧化物,,,2021,3.0090000000000003
30955404,E,空氣污染物申報-一般空氣污染物,硫氧化物,,,2021,0.024
30955404,E,空氣污染物申報-一般空氣污染物,粒狀污染物,,,2021,1.005
30955404,E,空氣污染物申報-一般空氣污染物,揮發性有機化合物,,,2021,10.438
34051920,E,空氣污染物申報-一般空氣污染物,氮氧化物,,,2021,0.379
34051920,E,空氣污染物申報-一般空氣污染物,粒狀污染物,,,2021,0.011
34051920,E,空氣污染物申報-一般空氣污染物,揮發性有機化合物,,,2021,47.94799999999999
34051920,E,空氣污染物申報-有害空氣污染物,二甲苯,,,2021,0.006
35424073,E,空氣污染物申報-一般空氣污染物,氮氧化物,,,2021,0.183
35424073,E,空氣污染物申報-一般空氣污染物,硫氧化物,,,2021,0.013000000000000001
35424073,E,空氣污染物申報-一般空氣污染物,粒狀污染物,,,2021,0.002
35424073,E,空氣污染物申報-一般空氣污染物,揮發性有機化合物,,,2021,40.773999999999994
36011776,E,空氣污染物申報-一般空氣污染物,揮發性有機化合物,,,2021,0.10800000000000001
36011776,E,空氣污染物申報-有害空氣污染物,甲苯,,,2021,0.004
36084833,E,空氣污染物申報-一般空氣污染物,氮氧化物,,,2021,0.20800000000000002
36084833,E,空氣污染物申報-一般空氣污染物,粒狀污染物,,,2021,1.8159999999999998
36084833,E,空氣污染物申報-一般空氣污染物,揮發性有機化合物,,,2021,5.058000000000002
36268804,E,空氣污染物申報-一般空氣污染物,氮氧化物,,,2021,0.06
36268804,E,空氣污染物申報-一般空氣污染物,粒狀污染物,,,2021,0.001
36268804,E,空氣污染物申報-一般空氣污染物,揮發性有機化合物,,,2021,0.023
43816068,E,空氣污染物申報-一般空氣污染物,氮氧化物,,,2021,2.6060000000000003
43816068,E,空氣污染物申報-一般空氣污染物,粒狀污染物,,,2021,3.1359999999999997
43816068,E,空氣污染物申報-一般空氣污染物,揮發性有機化合物,,,2021,57.009
45011782,E,空氣污染物申報-一般空氣污染物,揮發性有機化合物,,,2021,3.09
45190379,E,空氣污染物申報-一般空氣污染物,氮氧化物,,,2021,0.096
45190379,E,空氣污染物申報-一般空氣污染物,粒狀污染物,,,2021,0.5760000000000001
45190379,E,空氣污染物申報-一般空氣污染物,揮發性有機化合物,,,2021,0.449
52753108,E,空氣污染物申報-一般空氣污染物,揮發性有機化合物,,,2021,4.622
52753108,E,空氣污染物申報-有害空氣污染物,乙苯,,,2021,0.002
52753108,E,空氣污染物申報-有害空氣污染物,二甲苯,,,2021,0.005
52878846,E,空氣污染物申報-一般空氣污染物,揮發性有機化合物,,,2021,1.7149999999999999
53125710,E,空氣污染物申報-一般空氣污染物,粒狀污染物,,,2021,0.11199999999999999
53125710,E,空氣污染物申報-一般空氣污染物,揮發性有機化合物,,,2021,1.602
59276051,E,空氣污染物申報-一般空氣污染物,粒狀污染物,,,2021,0.002
59276051,E,空氣污染物申報-一般空氣污染物,揮發性有機化合物,,,2021,5.071000000000001
70540563,E,空氣污染物申報-一般空氣污染物,揮發性有機化合物,,,2021,2.035
70670235,E,空氣污染物申報-一般空氣污染物,揮發性有機化合物,,,2021,2.141
70776899,E,空氣污染物申報-一般空氣污染物,氮氧化物,,,2021,11.063
70776899,E,空氣污染物申報-一般空氣污染物,粒狀污染物,,,2021,0.403
70776899,E,空氣污染物申報-一般空氣污染物,揮發性有機化合物,,,2021,19.950000000000003
70776899,E,空氣污染物申報-有害空氣污染物,甲苯,,,2021,1.268
70801378,E,空氣污染物申報-一般空氣污染物,氮氧化物,,,2021,0.633
70801378,E,空氣污染物申報-一般空氣污染物,硫氧化物,,,2021,0.004
70801378,E,空氣污染物申報-一般空氣污染物,粒狀污染物,,,2021,0.27899999999999997
70801378,E,空氣污染物申報-一般空氣污染物,揮發性有機化合物,,,2021,5.699
76026851,E,空氣污染物申報-一般空氣污染物,氮氧化物,,,2021,0.894
76026851,E,空氣污染物申報-一般空氣污染物,粒狀污染物,,,2021,0.913
76026851,E,空氣污染物申報-一般空氣污染物,揮發性有機化合物,,,2021,20.956
76026851,E,空氣污染物申報-有害空氣污染物,苯乙烯,,,2021,0.5640000000000001
76026851,E,空氣污染物申報-有害空氣污染物,甲苯,,,2021,1.067
76026851,E,空氣污染物申報-有害空氣污染物,二甲苯,,,2021,0.8200000000000001
83360971,E,空氣污染物申報-一般空氣污染物,揮發性有機化合物,,,2021,20.231
83360971,E,空氣污染物申報-有害空氣污染物,二甲苯,,,2021,0.003
83639504,E,空氣污染物申報-一般空氣污染物,粒狀污染物,,,2021,0.003
83639504,E,空氣污染物申報-一般空氣污染物,揮發性有機化合物,,,2021,0.71
83639504,E,空氣污染物申報-有害空氣污染物,甲苯,,,2021,0.115
84433564,E,空氣污染物申報-一般空氣污染物,粒狀污染物,,,2021,0.036
84433564,E,空氣污染物申報-一般空氣污染物,揮發性有機化合物,,,2021,0.717
84808400,E,空氣污染物申報-一般空氣污染物,粒狀污染物,,,2021,0.36
84808400,E,空氣污染物申報-一般空氣污染物,揮發性有機化合物,,,2021,36.05200000000001
84819223,E,空氣污染物申報-一般空氣污染物,揮發性有機化合物,,,2021,1.756
84819223,E,空氣污染物申報-有害空氣污染物,甲苯,,,2021,0.21200000000000002
86124395,E,空氣污染物申報-一般空氣污染物,氮氧化物,,,2021,0.6249999999999999
86124395,E,空氣污染物申報-一般空氣污染物,粒狀污染物,,,2021,0.12400000000000001
86124395,E,空氣污染物申報-一般空氣污染物,揮發性有機化合物,,,2021,29.785999999999998
86332422,E,空氣污染物申報-一般空氣污染物,氮氧化物,,,2021,0.19
86332422,E,空氣污染物申報-一般空氣污染物,粒狀污染物,,,2021,0.006
86362776,E,空氣污染物申報-一般空氣污染物,揮發性有機化合物,,,2021,0.009
86379707,E,空氣污染物申報-一般空氣污染物,氮氧化物,,,2021,0.313
86379707,E,空氣污染物申報-一般空氣污染物,硫氧化物,,,2021,0.003
86379707,E,空氣污染物申報-一般空氣污染物,粒狀污染物,,,2021,1.1480000000000001
86379707,E,空氣污染物申報-一般空氣污染物,揮發性有機化合物,,,2021,5.384999999999999
86412635,E,空氣污染物申報-一般空氣污染物,氮氧化物,,,2021,0.37600000000000006
86412635,E,空氣污染物申報-一般空氣污染物,硫氧化物,,,2021,0.096
86412635,E,空氣污染物申報-一般空氣污染物,粒狀污染物,,,2021,0.020999999999999998
86412635,E,空氣污染物申報-一般空氣污染物,揮發性有機化合物,,,2021,118.10099999999998
86412635,E,空氣污染物申報-有害空氣污染物,甲苯,,,2021,69.98599999999999
86412635,E,空氣污染物申報-有害空氣污染物,二甲苯,,,2021,0.871
86436593,E,空氣污染物申報-一般空氣污染物,揮發性有機化合物,,,2021,8.361
86521351,E,空氣污染物申報-一般空氣污染物,氮氧化物,,,2021,37.44199999999999
86521351,E,空氣污染物申報-一般空氣污染物,硫氧化物,,,2021,49.551
86521351,E,空氣污染物申報-一般空氣污染物,粒狀污染物,,,2021,4.909
86521351,E,空氣污染物申報-一般空氣污染物,揮發性有機化合物,,,2021,1142.2499999999998
86521351,E,空氣污染物申報-有害空氣污染物,甲苯,,,2021,16.39
86667046,E,空氣污染物申報-一般空氣污染物,粒狀污染物,,,2021,1.5
86667046,E,空氣污染物申報-一般空氣污染物,揮發性有機化合物,,,2021,1.166
86691377,E,空氣污染物申報-一般空氣污染物,氮氧化物,,,2021,8.197
86691377,E,空氣污染物申報-一般空氣污染物,硫氧化物,,,2021,7.16
86691377,E,空氣污染物申報-一般空氣污染物,粒狀污染物,,,2021,0.6970000000000001
86691377,E,空氣污染物申報-一般空氣污染物,揮發性有機化合物,,,2021,10.471
86978512,E,空氣污染物申報-一般空氣污染物,氮氧化物,,,2021,0.41600000000000004
86978512,E,空氣污染物申報-一般空氣污染物,硫氧化物,,,2021,0.034
86978512,E,空氣污染物申報-一般空氣污染物,粒狀污染物,,,2021,0.172
86978512,E,空氣污染物申報-一般空氣污染物,揮發性有機化合物,,,2021,4.35
86978512,E,空氣污染物申報-有害空氣污染物,苯乙烯,,,2021,0.106
86980046,E,空氣污染物申報-一般空氣污染物,粒狀污染物,,,2021,0.119
86980046,E,空氣污染物申報-一般空氣污染物,揮發性有機化合物,,,2021,18.393
86980046,E,空氣污染物申報-有害空氣污染物,甲苯,,,2021,1.883
89379218,E,空氣污染物申報-一般空氣污染物,粒狀污染物,,,2021,0.003
89379218,E,空氣污染物申報-一般空氣污染物,揮發性有機化合物,,,2021,2.537
89379218,E,空氣污染物申報-有害空氣污染物,甲苯,,,2021,0.808
89379218,E,空氣污染物申報-有害空氣污染物,二甲苯,,,2021,0.03
89396770,E,空氣污染物申報-一般空氣污染物,氮氧化物,,,2021,0.024
89396770,E,空氣污染物申報-一般空氣污染物,粒狀污染物,,,2021,0.001
89396770,E,空氣污染物申報-一般空氣污染物,揮發性有機化合物,,,2021,1.872
89495531,E,空氣污染物申報-一般空氣污染物,氮氧化物,,,2021,0.868
89495531,E,空氣污染物申報-一般空氣污染物,硫氧化物,,,2021,0.008
89495531,E,空氣污染物申報-一般空氣污染物,粒狀污染物,,,2021,0.35300000000000004
89495531,E,空氣污染物申報-一般空氣污染物,揮發性有機化合物,,,2021,3.239
96865657,E,空氣污染物申報-一般空氣污染物,氮氧化物,,,2021,10.756
96865657,E,空氣污染物申報-一般空氣污染物,硫氧化物,,,2021,9.858
96865657,E,空氣污染物申報-一般空氣污染物,粒狀污染物,,,2021,1.706
96865657,E,空氣污染物申報-一般空氣污染物,揮發性有機化合物,,,2021,74.144
96865657,E,空氣污染物申報-有害空氣污染物,甲苯,,,2021,0.004
97173920,E,空氣污染物申報-一般空氣污染物,粒狀污染物,,,2021,5.236000000000001
97173920,E,空氣污染物申報-一般空氣污染物,揮發性有機化合物,,,2021,2.422
97173920,E,空氣污染物申報-有害空氣污染物,重金屬,,,2021,0.004
97179403,E,空氣污染物申報-一般空氣污染物,氮氧化物,,,2021,6.034
97179403,E,空氣污染物申報-一般空氣污染物,硫氧化物,,,2021,10.208
97179403,E,空氣污染物申報-一般空氣污染物,粒狀污染物,,,2021,1.372
97179403,E,空氣污染物申報-一般空氣污染物,揮發性有機化合物,,,2021,22.22
97179403,E,空氣污染物申報-有害空氣污染物,甲苯,,,2021,1.4620000000000002
97330127,E,空氣污染物申報-一般空氣污染物,氮氧化物,,,2021,0.14
97330127,E,空氣污染物申報-一般空氣污染物,粒狀污染物,,,2021,0.005
97330127,E,空氣污染物申報-一般空氣污染物,揮發性有機化合物,,,2021,26.330999999999996
97330127,E,空氣污染物申報-有害空氣污染物,甲苯,,,2021,0.16
05637971,E,空氣污染物申報-一般空氣污染物,氮氧化物,,,2021,1.185
05637971,E,空氣污染物申報-一般空氣污染物,硫氧化物,,,2021,0.008
05637971,E,空氣污染物申報-一般空氣污染物,粒狀污染物,,,2021,1.505
05637971,E,空氣污染物申報-一般空氣污染物,揮發性有機化合物,,,2021,13.613999999999999
04401392,E,空氣污染物申報-一般空氣污染物,氮氧化物,,,2021,1.3419999999999999
04401392,E,空氣污染物申報-一般空氣污染物,硫氧化物,,,2021,0.008
04401392,E,空氣污染物申報-一般空氣污染物,粒狀污染物,,,2021,1.428
04401392,E,空氣污染物申報-一般空氣污染物,揮發性有機化合物,,,2021,36.869
04226091,E,空氣污染物申報-一般空氣污染物,氮氧化物,,,2021,5.522
04226091,E,空氣污染物申報-一般空氣污染物,硫氧化物,,,2021,5.019
04226091,E,空氣污染物申報-一般空氣污染物,粒狀污染物,,,2021,0.054
04226091,E,空氣污染物申報-一般空氣污染物,揮發性有機化合物,,,2021,16.953
16130084,E,環境違規,違反環境法規金額,,元,2010,330000
16130084,E,環境違規,違反環境法規次數,,次,2010,2
16197211,E,環境違規,違反環境法規金額,,元,2010,80000
16197211,E,環境違規,違反環境法規次數,,次,2010,1
16834268,E,環境違規,違反環境法規金額,,元,2010,656000
16834268,E,環境違規,違反環境法規次數,,次,2010,3
19004316,E,環境違規,違反環境法規金額,,元,2010,66000
19004316,E,環境違規,違反環境法規次數,,次,2010,2
20891326,E,環境違規,違反環境法規金額,,元,2010,220000
20891326,E,環境違規,違反環境法規次數,,次,2010,3
22570840,E,環境違規,違反環境法規金額,,元,2010,10000
22570840,E,環境違規,違反環境法規次數,,次,2010,1
22636630,E,環境違規,違反環境法規金額,,元,2010,330000
22636630,E,環境違規,違反環境法規次數,,次,2010,6
22906009,E,環境違規,違反環境法規金額,,元,2010,1200
22906009,E,環境違規,違反環境法規次數,,次,2010,1
22993144,E,環境違規,違反環境法規金額,,元,2010,420000
22993144,E,環境違規,違反環境法規次數,,次,2010,3
23225071,E,環境違規,違反環境法規金額,,元,2010,256000
23225071,E,環境違規,違反環境法規次數,,次,2010,2
23528103,E,環境違規,違反環境法規金額,,元,2010,10000
23528103,E,環境違規,違反環境法規次數,,次,2010,1
23535435,E,環境違規,違反環境法規金額,,元,2010,1030000
23535435,E,環境違規,違反環境法規次數,,次,2010,5
23542766,E,環境違規,違反環境法規金額,,元,2010,1200
23542766,E,環境違規,違反環境法規次數,,次,2010,1
23641338,E,環境違規,違反環境法規金額,,元,2010,6000
23641338,E,環境違規,違反環境法規次數,,次,2010,1
23983947,E,環境違規,違反環境法規金額,,元,2010,120000
23983947,E,環境違規,違反環境法規次數,,次,2010,2
30955404,E,環境違規,違反環境法規金額,,元,2010,170000
30955404,E,環境違規,違反環境法規次數,,次,2010,1
43816068,E,環境違規,違反環境法規金額,,元,2010,140000
43816068,E,環境違規,違反環境法規次數,,次,2010,1
45011782,E,環境違規,違反環境法規金額,,元,2010,60000
45011782,E,環境違規,違反環境法規次數,,次,2010,1
45082694,E,環境違規,違反環境法規金額,,元,2010,10000
45082694,E,環境違規,違反環境法規次數,,次,2010,1
45190379,E,環境違規,違反環境法規金額,,元,2010,100000
45190379,E,環境違規,違反環境法規次數,,次,2010,1
70684527,E,環境違規,違反環境法規金額,,元,2010,140000
70684527,E,環境違規,違反環境法規次數,,次,2010,1
70776899,E,環境違規,違反環境法規金額,,元,2010,6000
70776899,E,環境違規,違反環境法規次數,,次,2010,1
83360971,E,環境違規,違反環境法規金額,,元,2010,280000
83360971,E,環境違規,違反環境法規次數,,次,2010,3
84607396,E,環境違規,違反環境法規金額,,元,2010,180000
84607396,E,環境違規,違反環境法規次數,,次,2010,1
86379707,E,環境違規,違反環境法規金額,,元,2010,371200
86379707,E,環境違規,違反環境法規次數,,次,2010,3
86691377,E,環境違規,違反環境法規金額,,元,2010,10000
86691377,E,環境違規,違反環境法規次數,,次,2010,1
89495531,E,環境違規,違反環境法規金額,,元,2010,10000
89495531,E,環境違規,違反環境法規次數,,次,2010,1
97179403,E,環境違規,違反環境法規金額,,元,2010,60000
97179403,E,環境違規,違反環境法規次數,,次,2010,1
97330127,E,環境違規,違反環境法規金額,,元,2010,60000
97330127,E,環境違規,違反環境法規次數,,次,2010,1
04401392,E,環境違規,違反環境法規金額,,元,2010,246000
04401392,E,環境違規,違反環境法規次數,,次,2010,3
05637971,E,環境違規,違反環境法規金額,,元,2010,140000
05637971,E,環境違規,違反環境法規次數,,次,2010,1
16197211,E,環境違規,違反環境法規金額,,元,2011,336000
16197211,E,環境違規,違反環境法規次數,,次,2011,4
16431363,E,環境違規,違反環境法規金額,,元,2011,10000
16431363,E,環境違規,違反環境法規次數,,次,2011,1
16674213,E,環境違規,違反環境法規金額,,元,2011,100000
16674213,E,環境違規,違反環境法規次數,,次,2011,1
20891326,E,環境違規,違反環境法規金額,,元,2011,110000
20891326,E,環境違規,違反環境法規次數,,次,2011,1
21204867,E,環境違規,違反環境法規金額,,元,2011,60000
21204867,E,環境違規,違反環境法規次數,,次,2011,1
22636630,E,環境違規,違反環境法規金額,,元,2011,120000
22636630,E,環境違規,違反環境法規次數,,次,2011,2
22993144,E,環境違規,違反環境法規金額,,元,2011,170000
22993144,E,環境違規,違反環境法規次數,,次,2011,1
23535435,E,環境違規,違反環境法規金額,,元,2011,830000
23535435,E,環境違規,違反環境法規次數,,次,2011,6
23542766,E,環境違規,違反環境法規金額,,元,2011,6000
23542766,E,環境違規,違反環境法規次數,,次,2011,1
23750095,E,環境違規,違反環境法規金額,,元,2011,230000
23750095,E,環境違規,違反環境法規次數,,次,2011,1
23810592,E,環境違規,違反環境法規金額,,元,2011,230000
23810592,E,環境違規,違反環境法規次數,,次,2011,1
35424073,E,環境違規,違反環境法規金額,,元,2011,6000
35424073,E,環境違規,違反環境法規次數,,次,2011,1
36084833,E,環境違規,違反環境法規金額,,元,2011,120000
36084833,E,環境違規,違反環境法規次數,,次,2011,2
43816068,E,環境違規,違反環境法規金額,,元,2011,60000
43816068,E,環境違規,違反環境法規次數,,次,2011,1
45082694,E,環境違規,違反環境法規金額,,元,2011,210000
45082694,E,環境違規,違反環境法規次數,,次,2011,2
70776899,E,環境違規,違反環境法規金額,,元,2011,100000
70776899,E,環境違規,違反環境法規次數,,次,2011,1
76026851,E,環境違規,違反環境法規金額,,元,2011,160000
76026851,E,環境違規,違反環境法規次數,,次,2011,3
84433564,E,環境違規,違反環境法規金額,,元,2011,60000
84433564,E,環境違規,違反環境法規次數,,次,2011,1
84607396,E,環境違規,違反環境法規金額,,元,2011,100000
84607396,E,環境違規,違反環境法規次數,,次,2011,1
86332422,E,環境違規,違反環境法規金額,,元,2011,120000
86332422,E,環境違規,違反環境法規次數,,次,2011,2
86379707,E,環境違規,違反環境法規金額,,元,2011,120000
86379707,E,環境違規,違反環境法規次數,,次,2011,2
86412635,E,環境違規,違反環境法規金額,,元,2011,150000
86412635,E,環境違規,違反環境法規次數,,次,2011,1
86521351,E,環境違規,違反環境法規金額,,元,2011,100000
86521351,E,環境違規,違反環境法規次數,,次,2011,1
97179403,E,環境違規,違反環境法規金額,,元,2011,110000
97179403,E,環境違規,違反環境法規次數,,次,2011,1
97330127,E,環境違規,違反環境法規金額,,元,2011,200000
97330127,E,環境違規,違反環境法規次數,,次,2011,1
05637971,E,環境違規,違反環境法規金額,,元,2011,12000
05637971,E,環境違規,違反環境法規次數,,次,2011,2
04401392,E,環境違規,違反環境法規金額,,元,2011,386000
04401392,E,環境違規,違反環境法規次數,,次,2011,8
16431363,E,環境違規,違反環境法規金額,,元,2012,100000
16431363,E,環境違規,違反環境法規次數,,次,2012,1
16599215,E,環境違規,違反環境法規金額,,元,2012,60000
16599215,E,環境違規,違反環境法規次數,,次,2012,1
16742182,E,環境違規,違反環境法規金額,,元,2012,330000
16742182,E,環境違規,違反環境法規次數,,次,2012,1
16834268,E,環境違規,違反環境法規金額,,元,2012,100000
16834268,E,環境違規,違反環境法規次數,,次,2012,1
19004316,E,環境違規,違反環境法規金額,,元,2012,400000
19004316,E,環境違規,違反環境法規次數,,次,2012,3
20891326,E,環境違規,違反環境法規金額,,元,2012,200000
20891326,E,環境違規,違反環境法規次數,,次,2012,1
21204867,E,環境違規,違反環境法規金額,,元,2012,110000
21204867,E,環境違規,違反環境法規次數,,次,2012,2
22274989,E,環境違規,違反環境法規金額,,元,2012,80000
22274989,E,環境違規,違反環境法規次數,,次,2012,1
22415854,E,環境違規,違反環境法規金額,,元,2012,10000
22415854,E,環境違規,違反環境法規次數,,次,2012,1
22570840,E,環境違規,違反環境法規金額,,元,2012,10000
22570840,E,環境違規,違反環境法規次數,,次,2012,1
22773079,E,環境違規,違反環境法規金額,,元,2012,230000
22773079,E,環境違規,違反環境法規次數,,次,2012,1
22993144,E,環境違規,違反環境法規金額,,元,2012,80000
22993144,E,環境違規,違反環境法規次數,,次,2012,3
23225071,E,環境違規,違反環境法規金額,,元,2012,6000
23225071,E,環境違規,違反環境法規次數,,次,2012,1
23535435,E,環境違規,違反環境法規金額,,元,2012,61200
23535435,E,環境違規,違反環境法規次數,,次,2012,2
23542766,E,環境違規,違反環境法規金額,,元,2012,112000
23542766,E,環境違規,違反環境法規次數,,次,2012,3
23632274,E,環境違規,違反環境法規金額,,元,2012,12000
23632274,E,環境違規,違反環境法規次數,,次,2012,2
23641338,E,環境違規,違反環境法規金額,,元,2012,76000
23641338,E,環境違規,違反環境法規次數,,次,2012,2
23983947,E,環境違規,違反環境法規金額,,元,2012,100000
23983947,E,環境違規,違反環境法規次數,,次,2012,1
30955404,E,環境違規,違反環境法規金額,,元,2012,370000
30955404,E,環境違規,違反環境法規次數,,次,2012,5
70540563,E,環境違規,違反環境法規金額,,元,2012,10000
70540563,E,環境違規,違反環境法規次數,,次,2012,1
70776899,E,環境違規,違反環境法規金額,,元,2012,60000
70776899,E,環境違規,違反環境法規次數,,次,2012,1
84167600,E,環境違規,違反環境法規金額,,元,2012,6000
84167600,E,環境違規,違反環境法規次數,,次,2012,1
86332422,E,環境違規,違反環境法規金額,,元,2012,79200
86332422,E,環境違規,違反環境法規次數,,次,2012,1
86521351,E,環境違規,違反環境法規金額,,元,2012,100000
86521351,E,環境違規,違反環境法規次數,,次,2012,1
86978512,E,環境違規,違反環境法規金額,,元,2012,262000
86978512,E,環境違規,違反環境法規次數,,次,2012,7
86980046,E,環境違規,違反環境法規金額,,元,2012,170000
86980046,E,環境違規,違反環境法規次數,,次,2012,1
97179403,E,環境違規,違反環境法規金額,,元,2012,100000
97179403,E,環境違規,違反環境法規次數,,次,2012,1
97330127,E,環境違規,違反環境法規金額,,元,2012,60000
97330127,E,環境違規,違反環境法規次數,,次,2012,1
04401392,E,環境違規,違反環境法規金額,,元,2012,10000
04401392,E,環境違規,違反環境法規次數,,次,2012,1
16130084,E,環境違規,違反環境法規金額,,元,2013,132000
16130084,E,環境違規,違反環境法規次數,,次,2013,3
16197211,E,環境違規,違反環境法規金額,,元,2013,80000
16197211,E,環境違規,違反環境法規次數,,次,2013,1
16347324,E,環境違規,違反環境法規金額,,元,2013,12000
16347324,E,環境違規,違反環境法規次數,,次,2013,2
16834268,E,環境違規,違反環境法規金額,,元,2013,300000
16834268,E,環境違規,違反環境法規次數,,次,2013,2
22415854,E,環境違規,違反環境法規金額,,元,2013,415000
22415854,E,環境違規,違反環境法規次數,,次,2013,1
22522622,E,環境違規,違反環境法規金額,,元,2013,6000
22522622,E,環境違規,違反環境法規次數,,次,2013,1
22570840,E,環境違規,違反環境法規金額,,元,2013,200000
22570840,E,環境違規,違反環境法規次數,,次,2013,1
22636630,E,環境違規,違反環境法規金額,,元,2013,100000
22636630,E,環境違規,違反環境法規次數,,次,2013,1
22773079,E,環境違規,違反環境法規金額,,元,2013,206000
22773079,E,環境違規,違反環境法規次數,,次,2013,2
23225071,E,環境違規,違反環境法規金額,,元,2013,200000
23225071,E,環境違規,違反環境法規次數,,次,2013,1
23534301,E,環境違規,違反環境法規金額,,元,2013,110000
23534301,E,環境違規,違反環境法規次數,,次,2013,1
23535435,E,環境違規,違反環境法規金額,,元,2013,250000
23535435,E,環境違規,違反環境法規次數,,次,2013,5
23810592,E,環境違規,違反環境法規金額,,元,2013,60000
23810592,E,環境違規,違反環境法規次數,,次,2013,1
30955404,E,環境違規,違反環境法規金額,,元,2013,620000
30955404,E,環境違規,違反環境法規次數,,次,2013,4
36084833,E,環境違規,違反環境法規金額,,元,2013,180000
36084833,E,環境違規,違反環境法規次數,,次,2013,3
36268804,E,環境違規,違反環境法規金額,,元,2013,6000
36268804,E,環境違規,違反環境法規次數,,次,2013,1
43816068,E,環境違規,違反環境法規金額,,元,2013,100000
43816068,E,環境違規,違反環境法規次數,,次,2013,1
45190379,E,環境違規,違反環境法規金額,,元,2013,10000
45190379,E,環境違規,違反環境法規次數,,次,2013,1
59276051,E,環境違規,違反環境法規金額,,元,2013,60000
59276051,E,環境違規,違反環境法規次數,,次,2013,1
70801378,E,環境違規,違反環境法規金額,,元,2013,100000
70801378,E,環境違規,違反環境法規次數,,次,2013,1
86362776,E,環境違規,違反環境法規金額,,元,2013,60000
86362776,E,環境違規,違反環境法規次數,,次,2013,1
86379707,E,環境違規,違反環境法規金額,,元,2013,500000
86379707,E,環境違規,違反環境法規次數,,次,2013,3
86412635,E,環境違規,違反環境法規金額,,元,2013,10000
86412635,E,環境違規,違反環境法規次數,,次,2013,1
86521351,E,環境違規,違反環境法規金額,,元,2013,160000
86521351,E,環境違規,違反環境法規次數,,次,2013,2
86667046,E,環境違規,違反環境法規金額,,元,2013,100000
86667046,E,環境違規,違反環境法規次數,,次,2013,1
86691377,E,環境違規,違反環境法規金額,,元,2013,70000
86691377,E,環境違規,違反環境法規次數,,次,2013,1
86978512,E,環境違規,違反環境法規金額,,元,2013,10000
86978512,E,環境違規,違反環境法規次數,,次,2013,1
97178087,E,環境違規,違反環境法規金額,,元,2013,30000
97178087,E,環境違規,違反環境法規次數,,次,2013,2
97179403,E,環境違規,違反環境法規金額,,元,2013,660000
97179403,E,環境違規,違反環境法規次數,,次,2013,4
05637971,E,環境違規,違反環境法規金額,,元,2013,6000
05637971,E,環境違規,違反環境法規次數,,次,2013,1
04401392,E,環境違規,違反環境法規金額,,元,2013,1591000
04401392,E,環境違規,違反環境法規次數,,次,2013,16
16347324,E,環境違規,違反環境法規金額,,元,2014,110000
16347324,E,環境違規,違反環境法規次數,,次,2014,2
16431363,E,環境違規,違反環境法規金額,,元,2014,120000
16431363,E,環境違規,違反環境法規次數,,次,2014,2
16433242,E,環境違規,違反環境法規金額,,元,2014,6000
16433242,E,環境違規,違反環境法規次數,,次,2014,1
16447610,E,環境違規,違反環境法規金額,,元,2014,256000
16447610,E,環境違規,違反環境法規次數,,次,2014,2
16834268,E,環境違規,違反環境法規金額,,元,2014,164000
16834268,E,環境違規,違反環境法規次數,,次,2014,10
19004316,E,環境違規,違反環境法規金額,,元,2014,10000
19004316,E,環境違規,違反環境法規次數,,次,2014,1
22099343,E,環境違規,違反環境法規金額,,元,2014,60000
22099343,E,環境違規,違反環境法規次數,,次,2014,1
22274989,E,環境違規,違反環境法規金額,,元,2014,80000
22274989,E,環境違規,違反環境法規次數,,次,2014,1
22306130,E,環境違規,違反環境法規金額,,元,2014,1200
22306130,E,環境違規,違反環境法規次數,,次,2014,1
22636630,E,環境違規,違反環境法規金額,,元,2014,416000
22636630,E,環境違規,違反環境法規次數,,次,2014,5
23063420,E,環境違規,違反環境法規金額,,元,2014,140000
23063420,E,環境違規,違反環境法規次數,,次,2014,1
23225071,E,環境違規,違反環境法規金額,,元,2014,170000
23225071,E,環境違規,違反環境法規次數,,次,2014,1
23535435,E,環境違規,違反環境法規金額,,元,2014,140000
23535435,E,環境違規,違反環境法規次數,,次,2014,1
23750095,E,環境違規,違反環境法規金額,,元,2014,760000
23750095,E,環境違規,違反環境法規次數,,次,2014,2
30955404,E,環境違規,違反環境法規金額,,元,2014,200000
30955404,E,環境違規,違反環境法規次數,,次,2014,7
34051920,E,環境違規,違反環境法規金額,,元,2014,100000
34051920,E,環境違規,違反環境法規次數,,次,2014,1
70801378,E,環境違規,違反環境法規金額,,元,2014,300000
70801378,E,環境違規,違反環境法規次數,,次,2014,2
84433564,E,環境違規,違反環境法規金額,,元,2014,10000
84433564,E,環境違規,違反環境法規次數,,次,2014,1
84607396,E,環境違規,違反環境法規金額,,元,2014,20000
84607396,E,環境違規,違反環境法規次數,,次,2014,2
84819223,E,環境違規,違反環境法規金額,,元,2014,390000
84819223,E,環境違規,違反環境法規次數,,次,2014,1
86332422,E,環境違規,違反環境法規金額,,元,2014,60000
86332422,E,環境違規,違反環境法規次數,,次,2014,1
86521351,E,環境違規,違反環境法規金額,,元,2014,516000
86521351,E,環境違規,違反環境法規次數,,次,2014,5
89396770,E,環境違規,違反環境法規金額,,元,2014,60000
89396770,E,環境違規,違反環境法規次數,,次,2014,1
89495531,E,環境違規,違反環境法規金額,,元,2014,222000
89495531,E,環境違規,違反環境法規次數,,次,2014,4
96865657,E,環境違規,違反環境法規金額,,元,2014,206000
96865657,E,環境違規,違反環境法規次數,,次,2014,3
97178087,E,環境違規,違反環境法規金額,,元,2014,460000
97178087,E,環境違規,違反環境法規次數,,次,2014,2
97179403,E,環境違規,違反環境法規金額,,元,2014,300000
97179403,E,環境違規,違反環境法規次數,,次,2014,1
05637971,E,環境違規,違反環境法規金額,,元,2014,200000
05637971,E,環境違規,違反環境法規次數,,次,2014,2
04401392,E,環境違規,違反環境法規金額,,元,2014,920000
04401392,E,環境違規,違反環境法規次數,,次,2014,5
04226091,E,環境違規,違反環境法規金額,,元,2014,200000
04226091,E,環境違規,違反環境法規次數,,次,2014,2
16198345,E,環境違規,違反環境法規金額,,元,2015,60000
16198345,E,環境違規,違反環境法規次數,,次,2015,1
16447610,E,環境違規,違反環境法規金額,,元,2015,6000
16447610,E,環境違規,違反環境法規次數,,次,2015,1
16599215,E,環境違規,違反環境法規金額,,元,2015,110000
16599215,E,環境違規,違反環境法規次數,,次,2015,2
16834268,E,環境違規,違反環境法規金額,,元,2015,506000
16834268,E,環境違規,違反環境法規次數,,次,2015,4
19004316,E,環境違規,違反環境法規金額,,元,2015,300000
19004316,E,環境違規,違反環境法規次數,,次,2015,3
20891326,E,環境違規,違反環境法規金額,,元,2015,160000
20891326,E,環境違規,違反環境法規次數,,次,2015,2
22636630,E,環境違規,違反環境法規金額,,元,2015,66000
22636630,E,環境違規,違反環境法規次數,,次,2015,2
22993144,E,環境違規,違反環境法規金額,,元,2015,70000
22993144,E,環境違規,違反環境法規次數,,次,2015,2
23063420,E,環境違規,違反環境法規金額,,元,2015,148000
23063420,E,環境違規,違反環境法規次數,,次,2015,4
23225071,E,環境違規,違反環境法規金額,,元,2015,60000
23225071,E,環境違規,違反環境法規次數,,次,2015,1
23535435,E,環境違規,違反環境法規金額,,元,2015,450000
23535435,E,環境違規,違反環境法規次數,,次,2015,9
23588039,E,環境違規,違反環境法規金額,,元,2015,100000
23588039,E,環境違規,違反環境法規次數,,次,2015,1
23641338,E,環境違規,違反環境法規金額,,元,2015,100000
23641338,E,環境違規,違反環境法規次數,,次,2015,1
23810592,E,環境違規,違反環境法規金額,,元,2015,60000
23810592,E,環境違規,違反環境法規次數,,次,2015,1
30955404,E,環境違規,違反環境法規金額,,元,2015,265000
30955404,E,環境違規,違反環境法規次數,,次,2015,2
43816068,E,環境違規,違反環境法規金額,,元,2015,106000
43816068,E,環境違規,違反環境法規次數,,次,2015,4
52358985,E,環境違規,違反環境法規金額,,元,2015,100000
52358985,E,環境違規,違反環境法規次數,,次,2015,1
76026851,E,環境違規,違反環境法規金額,,元,2015,10000
76026851,E,環境違規,違反環境法規次數,,次,2015,1
84433564,E,環境違規,違反環境法規金額,,元,2015,246000
84433564,E,環境違規,違反環境法規次數,,次,2015,4
84819223,E,環境違規,違反環境法規金額,,元,2015,120000
84819223,E,環境違規,違反環境法規次數,,次,2015,2
86332422,E,環境違規,違反環境法規金額,,元,2015,160000
86332422,E,環境違規,違反環境法規次數,,次,2015,2
86521351,E,環境違規,違反環境法規金額,,元,2015,230000
86521351,E,環境違規,違反環境法規次數,,次,2015,1
97178087,E,環境違規,違反環境法規金額,,元,2015,110000
97178087,E,環境違規,違反環境法規次數,,次,2015,1
97330127,E,環境違規,違反環境法規金額,,元,2015,60000
97330127,E,環境違規,違反環境法規次數,,次,2015,1
04401392,E,環境違規,違反環境法規金額,,元,2015,300000
04401392,E,環境違規,違反環境法規次數,,次,2015,3
05637971,E,環境違規,違反環境法規金額,,元,2015,18000
05637971,E,環境違規,違反環境法規次數,,次,2015,3
16447610,E,環境違規,違反環境法規金額,,元,2016,120000
16447610,E,環境違規,違反環境法規次數,,次,2016,2
16834268,E,環境違規,違反環境法規金額,,元,2016,285000
16834268,E,環境違規,違反環境法規次數,,次,2016,4
19004316,E,環境違規,違反環境法規金額,,元,2016,60000
19004316,E,環境違規,違反環境法規次數,,次,2016,1
22415854,E,環境違規,違反環境法規金額,,元,2016,2494000
22415854,E,環境違規,違反環境法規次數,,次,2016,10
22771229,E,環境違規,違反環境法規金額,,元,2016,70000
22771229,E,環境違規,違反環境法規次數,,次,2016,2
22773079,E,環境違規,違反環境法規金額,,元,2016,100000
22773079,E,環境違規,違反環境法規次數,,次,2016,1
22944019,E,環境違規,違反環境法規金額,,元,2016,100000
22944019,E,環境違規,違反環境法規次數,,次,2016,1
23225071,E,環境違規,違反環境法規金額,,元,2016,10000
23225071,E,環境違規,違反環境法規次數,,次,2016,1
23534301,E,環境違規,違反環境法規金額,,元,2016,205200
23534301,E,環境違規,違反環境法規次數,,次,2016,3
23535435,E,環境違規,違反環境法規金額,,元,2016,372000
23535435,E,環境違規,違反環境法規次數,,次,2016,5
23983947,E,環境違規,違反環境法規金額,,元,2016,53500
23983947,E,環境違規,違反環境法規次數,,次,2016,5
30955404,E,環境違規,違反環境法規金額,,元,2016,100000
30955404,E,環境違規,違反環境法規次數,,次,2016,1
36011776,E,環境違規,違反環境法規金額,,元,2016,18000
36011776,E,環境違規,違反環境法規次數,,次,2016,3
36084833,E,環境違規,違反環境法規金額,,元,2016,80000
36084833,E,環境違規,違反環境法規次數,,次,2016,3
43816068,E,環境違規,違反環境法規金額,,元,2016,12000
43816068,E,環境違規,違反環境法規次數,,次,2016,2
53125710,E,環境違規,違反環境法規金額,,元,2016,100000
53125710,E,環境違規,違反環境法規次數,,次,2016,1
70684527,E,環境違規,違反環境法規金額,,元,2016,1365000
70684527,E,環境違規,違反環境法規次數,,次,2016,4
70776899,E,環境違規,違反環境法規金額,,元,2016,20000
70776899,E,環境違規,違反環境法規次數,,次,2016,1
70801378,E,環境違規,違反環境法規金額,,元,2016,84000
70801378,E,環境違規,違反環境法規次數,,次,2016,2
83639504,E,環境違規,違反環境法規金額,,元,2016,1500
83639504,E,環境違規,違反環境法規次數,,次,2016,1
84167600,E,環境違規,違反環境法規金額,,元,2016,65000
84167600,E,環境違規,違反環境法規次數,,次,2016,1
84808400,E,環境違規,違反環境法規金額,,元,2016,100000
84808400,E,環境違規,違反環境法規次數,,次,2016,1
86332422,E,環境違規,違反環境法規金額,,元,2016,12000
86332422,E,環境違規,違反環境法規次數,,次,2016,1
86379707,E,環境違規,違反環境法規金額,,元,2016,138000
86379707,E,環境違規,違反環境法規次數,,次,2016,5
86412635,E,環境違規,違反環境法規金額,,元,2016,300000
86412635,E,環境違規,違反環境法規次數,,次,2016,2
86436593,E,環境違規,違反環境法規金額,,元,2016,60000
86436593,E,環境違規,違反環境法規次數,,次,2016,1
86521351,E,環境違規,違反環境法規金額,,元,2016,102000
86521351,E,環境違規,違反環境法規次數,,次,2016,2
89495531,E,環境違規,違反環境法規金額,,元,2016,22000
89495531,E,環境違規,違反環境法規次數,,次,2016,1
96865657,E,環境違規,違反環境法規金額,,元,2016,100000
96865657,E,環境違規,違反環境法規次數,,次,2016,1
97179403,E,環境違規,違反環境法規金額,,元,2016,466000
97179403,E,環境違規,違反環境法規次數,,次,2016,4
97330127,E,環境違規,違反環境法規金額,,元,2016,160000
97330127,E,環境違規,違反環境法規次數,,次,2016,2
04401392,E,環境違規,違反環境法規金額,,元,2016,316000
04401392,E,環境違規,違反環境法規次數,,次,2016,5
04226091,E,環境違規,違反環境法規金額,,元,2016,105000
04226091,E,環境違規,違反環境法規次數,,次,2016,1
05637971,E,環境違規,違反環境法規金額,,元,2016,100000
05637971,E,環境違規,違反環境法規次數,,次,2016,1
16130084,E,環境違規,違反環境法規金額,,元,2017,306000
16130084,E,環境違規,違反環境法規次數,,次,2017,6
16431363,E,環境違規,違反環境法規金額,,元,2017,60000
16431363,E,環境違規,違反環境法規次數,,次,2017,1
16447610,E,環境違規,違反環境法規金額,,元,2017,100000
16447610,E,環境違規,違反環境法規次數,,次,2017,1
16599215,E,環境違規,違反環境法規金額,,元,2017,100000
16599215,E,環境違規,違反環境法規次數,,次,2017,1
16742182,E,環境違規,違反環境法規金額,,元,2017,200000
16742182,E,環境違規,違反環境法規次數,,次,2017,2
16834268,E,環境違規,違反環境法規金額,,元,2017,361200
16834268,E,環境違規,違反環境法規次數,,次,2017,4
19004316,E,環境違規,違反環境法規金額,,元,2017,200000
19004316,E,環境違規,違反環境法規次數,,次,2017,2
22274989,E,環境違規,違反環境法規金額,,元,2017,60000
22274989,E,環境違規,違反環境法規次數,,次,2017,1
22570840,E,環境違規,違反環境法規金額,,元,2017,100000
22570840,E,環境違規,違反環境法規次數,,次,2017,1
22636630,E,環境違規,違反環境法規金額,,元,2017,60000
22636630,E,環境違規,違反環境法規次數,,次,2017,1
22773079,E,環境違規,違反環境法規金額,,元,2017,6000
22773079,E,環境違規,違反環境法規次數,,次,2017,1
23225071,E,環境違規,違反環境法規金額,,元,2017,162000
23225071,E,環境違規,違反環境法規次數,,次,2017,1
23528103,E,環境違規,違反環境法規金額,,元,2017,100000
23528103,E,環境違規,違反環境法規次數,,次,2017,1
23534301,E,環境違規,違反環境法規金額,,元,2017,10000
23534301,E,環境違規,違反環境法規次數,,次,2017,1
23535435,E,環境違規,違反環境法規金額,,元,2017,363000
23535435,E,環境違規,違反環境法規次數,,次,2017,6
23641338,E,環境違規,違反環境法規金額,,元,2017,100000
23641338,E,環境違規,違反環境法規次數,,次,2017,1
23750095,E,環境違規,違反環境法規金額,,元,2017,732000
23750095,E,環境違規,違反環境法規次數,,次,2017,4
23983947,E,環境違規,違反環境法規金額,,元,2017,629000
23983947,E,環境違規,違反環境法規次數,,次,2017,13
35424073,E,環境違規,違反環境法規金額,,元,2017,72000
35424073,E,環境違規,違反環境法規次數,,次,2017,1
36084833,E,環境違規,違反環境法規金額,,元,2017,252000
36084833,E,環境違規,違反環境法規次數,,次,2017,4
36268804,E,環境違規,違反環境法規金額,,元,2017,6000
36268804,E,環境違規,違反環境法規次數,,次,2017,1
43816068,E,環境違規,違反環境法規金額,,元,2017,216000
43816068,E,環境違規,違反環境法規次數,,次,2017,4
70540563,E,環境違規,違反環境法規金額,,元,2017,166000
70540563,E,環境違規,違反環境法規次數,,次,2017,3
70684527,E,環境違規,違反環境法規金額,,元,2017,205000
70684527,E,環境違規,違反環境法規次數,,次,2017,2
70776899,E,環境違規,違反環境法規金額,,元,2017,168000
70776899,E,環境違規,違反環境法規次數,,次,2017,1
70801378,E,環境違規,違反環境法規金額,,元,2017,100000
70801378,E,環境違規,違反環境法規次數,,次,2017,1
76026851,E,環境違規,違反環境法規金額,,元,2017,20400
76026851,E,環境違規,違反環境法規次數,,次,2017,4
84433564,E,環境違規,違反環境法規金額,,元,2017,100000
84433564,E,環境違規,違反環境法規次數,,次,2017,1
84808400,E,環境違規,違反環境法規金額,,元,2017,27000
84808400,E,環境違規,違反環境法規次數,,次,2017,1
86332422,E,環境違規,違反環境法規金額,,元,2017,100000
86332422,E,環境違規,違反環境法規次數,,次,2017,1
86379707,E,環境違規,違反環境法規金額,,元,2017,12000
86379707,E,環境違規,違反環境法規次數,,次,2017,2
86412635,E,環境違規,違反環境法規金額,,元,2017,142000
86412635,E,環境違規,違反環境法規次數,,次,2017,5
86521351,E,環境違規,違反環境法規金額,,元,2017,100000
86521351,E,環境違規,違反環境法規次數,,次,2017,1
86980046,E,環境違規,違反環境法規金額,,元,2017,60000
86980046,E,環境違規,違反環境法規次數,,次,2017,1
97179403,E,環境違規,違反環境法規金額,,元,2017,257500
97179403,E,環境違規,違反環境法規次數,,次,2017,5
04401392,E,環境違規,違反環境法規金額,,元,2017,470000
04401392,E,環境違規,違反環境法規次數,,次,2017,3
05637971,E,環境違規,違反環境法規金額,,元,2017,521000
05637971,E,環境違規,違反環境法規次數,,次,2017,6
04226091,E,環境違規,違反環境法規金額,,元,2017,160000
04226091,E,環境違規,違反環境法規次數,,次,2017,2
16197211,E,環境違規,違反環境法規金額,,元,2018,412000
16197211,E,環境違規,違反環境法規次數,,次,2018,5
16447610,E,環境違規,違反環境法規金額,,元,2018,120000
16447610,E,環境違規,違反環境法規次數,,次,2018,2
16599215,E,環境違規,違反環境法規金額,,元,2018,60000
16599215,E,環境違規,違反環境法規次數,,次,2018,1
16742182,E,環境違規,違反環境法規金額,,元,2018,100000
16742182,E,環境違規,違反環境法規次數,,次,2018,1
16834268,E,環境違規,違反環境法規金額,,元,2018,100000
16834268,E,環境違規,違反環境法規次數,,次,2018,1
22059031,E,環境違規,違反環境法規金額,,元,2018,60000
22059031,E,環境違規,違反環境法規次數,,次,2018,1
22244141,E,環境違規,違反環境法規金額,,元,2018,6000
22244141,E,環境違規,違反環境法規次數,,次,2018,1
22274989,E,環境違規,違反環境法規金額,,元,2018,6000
22274989,E,環境違規,違反環境法規次數,,次,2018,1
22415854,E,環境違規,違反環境法規金額,,元,2018,60000
22415854,E,環境違規,違反環境法規次數,,次,2018,1
22636630,E,環境違規,違反環境法規金額,,元,2018,200000
22636630,E,環境違規,違反環境法規次數,,次,2018,2
22773079,E,環境違規,違反環境法規金額,,元,2018,100000
22773079,E,環境違規,違反環境法規次數,,次,2018,1
22993144,E,環境違規,違反環境法規金額,,元,2018,168000
22993144,E,環境違規,違反環境法規次數,,次,2018,1
23063420,E,環境違規,違反環境法規金額,,元,2018,280000
23063420,E,環境違規,違反環境法規次數,,次,2018,3
23535435,E,環境違規,違反環境法規金額,,元,2018,395000
23535435,E,環境違規,違反環境法規次數,,次,2018,4
23588039,E,環境違規,違反環境法規金額,,元,2018,106000
23588039,E,環境違規,違反環境法規次數,,次,2018,2
23641338,E,環境違規,違反環境法規金額,,元,2018,200000
23641338,E,環境違規,違反環境法規次數,,次,2018,1
23810592,E,環境違規,違反環境法規金額,,元,2018,100000
23810592,E,環境違規,違反環境法規次數,,次,2018,1
23983947,E,環境違規,違反環境法規金額,,元,2018,100000
23983947,E,環境違規,違反環境法規次數,,次,2018,1
30955404,E,環境違規,違反環境法規金額,,元,2018,9981000
30955404,E,環境違規,違反環境法規次數,,次,2018,3
36268804,E,環境違規,違反環境法規金額,,元,2018,12000
36268804,E,環境違規,違反環境法規次數,,次,2018,2
43816068,E,環境違規,違反環境法規金額,,元,2018,11609000
43816068,E,環境違規,違反環境法規次數,,次,2018,13
47122187,E,環境違規,違反環境法規金額,,元,2018,6000
47122187,E,環境違規,違反環境法規次數,,次,2018,1
53125710,E,環境違規,違反環境法規金額,,元,2018,492000
53125710,E,環境違規,違反環境法規次數,,次,2018,2
70540563,E,環境違規,違反環境法規金額,,元,2018,120000
70540563,E,環境違規,違反環境法規次數,,次,2018,2
70776899,E,環境違規,違反環境法規金額,,元,2018,206000
70776899,E,環境違規,違反環境法規次數,,次,2018,3
84607396,E,環境違規,違反環境法規金額,,元,2018,15000
84607396,E,環境違規,違反環境法規次數,,次,2018,1
86436593,E,環境違規,違反環境法規金額,,元,2018,60000
86436593,E,環境違規,違反環境法規次數,,次,2018,1
86521351,E,環境違規,違反環境法規金額,,元,2018,60000
86521351,E,環境違規,違反環境法規次數,,次,2018,1
89379218,E,環境違規,違反環境法規金額,,元,2018,105000
89379218,E,環境違規,違反環境法規次數,,次,2018,1
89396770,E,環境違規,違反環境法規金額,,元,2018,18000
89396770,E,環境違規,違反環境法規次數,,次,2018,1
89495531,E,環境違規,違反環境法規金額,,元,2018,100000
89495531,E,環境違規,違反環境法規次數,,次,2018,1
96865657,E,環境違規,違反環境法規金額,,元,2018,474000
96865657,E,環境違規,違反環境法規次數,,次,2018,11
97179403,E,環境違規,違反環境法規金額,,元,2018,666000
97179403,E,環境違規,違反環境法規次數,,次,2018,3
05637971,E,環境違規,違反環境法規金額,,元,2018,7069000
05637971,E,環境違規,違反環境法規次數,,次,2018,8
04226091,E,環境違規,違反環境法規金額,,元,2018,84000
04226091,E,環境違規,違反環境法規次數,,次,2018,5
16101031,E,環境違規,違反環境法規金額,,元,2019,120000
16101031,E,環境違規,違反環境法規次數,,次,2019,2
16207745,E,環境違規,違反環境法規金額,,元,2019,10000
16207745,E,環境違規,違反環境法規次數,,次,2019,1
16347324,E,環境違規,違反環境法規金額,,元,2019,60000
16347324,E,環境違規,違反環境法規次數,,次,2019,1
16599215,E,環境違規,違反環境法規金額,,元,2019,6000
16599215,E,環境違規,違反環境法規次數,,次,2019,1
16674213,E,環境違規,違反環境法規金額,,元,2019,12000
16674213,E,環境違規,違反環境法規次數,,次,2019,1
16742182,E,環境違規,違反環境法規金額,,元,2019,360000
16742182,E,環境違規,違反環境法規次數,,次,2019,3
19004316,E,環境違規,違反環境法規金額,,元,2019,100000
19004316,E,環境違規,違反環境法規次數,,次,2019,1
20954200,E,環境違規,違反環境法規金額,,元,2019,200000
20954200,E,環境違規,違反環境法規次數,,次,2019,2
22244141,E,環境違規,違反環境法規金額,,元,2019,3000
22244141,E,環境違規,違反環境法規次數,,次,2019,1
22306130,E,環境違規,違反環境法規金額,,元,2019,1200
22306130,E,環境違規,違反環境法規次數,,次,2019,1
22570840,E,環境違規,違反環境法規金額,,元,2019,100000
22570840,E,環境違規,違反環境法規次數,,次,2019,1
22636630,E,環境違規,違反環境法規金額,,元,2019,100000
22636630,E,環境違規,違反環境法規次數,,次,2019,1
23063420,E,環境違規,違反環境法規金額,,元,2019,200000
23063420,E,環境違規,違反環境法規次數,,次,2019,1
23225071,E,環境違規,違反環境法規金額,,元,2019,120000
23225071,E,環境違規,違反環境法規次數,,次,2019,1
23534301,E,環境違規,違反環境法規金額,,元,2019,6000
23534301,E,環境違規,違反環境法規次數,,次,2019,1
23535435,E,環境違規,違反環境法規金額,,元,2019,84000
23535435,E,環境違規,違反環境法規次數,,次,2019,4
23542766,E,環境違規,違反環境法規金額,,元,2019,66000
23542766,E,環境違規,違反環境法規次數,,次,2019,2
23576977,E,環境違規,違反環境法規金額,,元,2019,6000
23576977,E,環境違規,違反環境法規次數,,次,2019,1
23588039,E,環境違規,違反環境法規金額,,元,2019,18000
23588039,E,環境違規,違反環境法規次數,,次,2019,3
23641338,E,環境違規,違反環境法規金額,,元,2019,160000
23641338,E,環境違規,違反環境法規次數,,次,2019,2
23750095,E,環境違規,違反環境法規金額,,元,2019,22000
23750095,E,環境違規,違反環境法規次數,,次,2019,3
23983947,E,環境違規,違反環境法規金額,,元,2019,192000
23983947,E,環境違規,違反環境法規次數,,次,2019,5
30955404,E,環境違規,違反環境法規金額,,元,2019,100000
30955404,E,環境違規,違反環境法規次數,,次,2019,1
36084833,E,環境違規,違反環境法規金額,,元,2019,81000
36084833,E,環境違規,違反環境法規次數,,次,2019,1
43816068,E,環境違規,違反環境法規金額,,元,2019,6000
43816068,E,環境違規,違反環境法規次數,,次,2019,1
52753108,E,環境違規,違反環境法規金額,,元,2019,11000
52753108,E,環境違規,違反環境法規次數,,次,2019,1
69577160,E,環境違規,違反環境法規金額,,元,2019,6000
69577160,E,環境違規,違反環境法規次數,,次,2019,1
70776899,E,環境違規,違反環境法規金額,,元,2019,130000
70776899,E,環境違規,違反環境法規次數,,次,2019,5
70801378,E,環境違規,違反環境法規金額,,元,2019,100000
70801378,E,環境違規,違反環境法規次數,,次,2019,1
76026851,E,環境違規,違反環境法規金額,,元,2019,12000
76026851,E,環境違規,違反環境法規次數,,次,2019,2
83360971,E,環境違規,違反環境法規金額,,元,2019,150000
83360971,E,環境違規,違反環境法規次數,,次,2019,1
84607396,E,環境違規,違反環境法規金額,,元,2019,960000
84607396,E,環境違規,違反環境法規次數,,次,2019,1
86379707,E,環境違規,違反環境法規金額,,元,2019,60000
86379707,E,環境違規,違反環境法規次數,,次,2019,1
86412635,E,環境違規,違反環境法規金額,,元,2019,100000
86412635,E,環境違規,違反環境法規次數,,次,2019,1
86521351,E,環境違規,違反環境法規金額,,元,2019,352000
86521351,E,環境違規,違反環境法規次數,,次,2019,5
86834614,E,環境違規,違反環境法規金額,,元,2019,100000
86834614,E,環境違規,違反環境法規次數,,次,2019,1
86980046,E,環境違規,違反環境法規金額,,元,2019,12000
86980046,E,環境違規,違反環境法規次數,,次,2019,2
89396770,E,環境違規,違反環境法規金額,,元,2019,60000
89396770,E,環境違規,違反環境法規次數,,次,2019,1
96865657,E,環境違規,違反環境法規金額,,元,2019,406000
96865657,E,環境違規,違反環境法規次數,,次,2019,4
97179403,E,環境違規,違反環境法規金額,,元,2019,531000
97179403,E,環境違規,違反環境法規次數,,次,2019,5
04226091,E,環境違規,違反環境法規金額,,元,2019,100000
04226091,E,環境違規,違反環境法規次數,,次,2019,1
05637971,E,環境違規,違反環境法規金額,,元,2019,1074000
05637971,E,環境違規,違反環境法規次數,,次,2019,3
04401392,E,環境違規,違反環境法規金額,,元,2019,100000
04401392,E,環境違規,違反環境法規次數,,次,2019,1
16130084,E,環境違規,違反環境法規金額,,元,2020,36000
16130084,E,環境違規,違反環境法規次數,,次,2020,4
16347324,E,環境違規,違反環境法規金額,,元,2020,2345180
16347324,E,環境違規,違反環境法規次數,,次,2020,3
16599215,E,環境違規,違反環境法規金額,,元,2020,100000
16599215,E,環境違規,違反環境法規次數,,次,2020,1
16834268,E,環境違規,違反環境法規金額,,元,2020,200000
16834268,E,環境違規,違反環境法規次數,,次,2020,1
19004316,E,環境違規,違反環境法規金額,,元,2020,6000
19004316,E,環境違規,違反環境法規次數,,次,2020,1
20759430,E,環境違規,違反環境法規金額,,元,2020,176700
20759430,E,環境違規,違反環境法規次數,,次,2020,2
22264722,E,環境違規,違反環境法規金額,,元,2020,2400
22264722,E,環境違規,違反環境法規次數,,次,2020,1
22415854,E,環境違規,違反環境法規金額,,元,2020,60000
22415854,E,環境違規,違反環境法規次數,,次,2020,1
22636630,E,環境違規,違反環境法規金額,,元,2020,90000
22636630,E,環境違規,違反環境法規次數,,次,2020,1
22773079,E,環境違規,違反環境法規金額,,元,2020,100000
22773079,E,環境違規,違反環境法規次數,,次,2020,1
23225071,E,環境違規,違反環境法規金額,,元,2020,60000
23225071,E,環境違規,違反環境法規次數,,次,2020,1
23534301,E,環境違規,違反環境法規金額,,元,2020,100000
23534301,E,環境違規,違反環境法規次數,,次,2020,1
23535435,E,環境違規,違反環境法規金額,,元,2020,377000
23535435,E,環境違規,違反環境法規次數,,次,2020,3
23641338,E,環境違規,違反環境法規金額,,元,2020,100000
23641338,E,環境違規,違反環境法規次數,,次,2020,1
23750095,E,環境違規,違反環境法規金額,,元,2020,297000
23750095,E,環境違規,違反環境法規次數,,次,2020,2
30955404,E,環境違規,違反環境法規金額,,元,2020,6588000
30955404,E,環境違規,違反環境法規次數,,次,2020,1
36084833,E,環境違規,違反環境法規金額,,元,2020,2206000
36084833,E,環境違規,違反環境法規次數,,次,2020,3
36268804,E,環境違規,違反環境法規金額,,元,2020,22000
36268804,E,環境違規,違反環境法規次數,,次,2020,2
43816068,E,環境違規,違反環境法規金額,,元,2020,154500
43816068,E,環境違規,違反環境法規次數,,次,2020,2
70776899,E,環境違規,違反環境法規金額,,元,2020,18000
70776899,E,環境違規,違反環境法規次數,,次,2020,2
70801378,E,環境違規,違反環境法規金額,,元,2020,6000
70801378,E,環境違規,違反環境法規次數,,次,2020,1
75914885,E,環境違規,違反環境法規金額,,元,2020,60000
75914885,E,環境違規,違反環境法規次數,,次,2020,1
83639504,E,環境違規,違反環境法規金額,,元,2020,106500
83639504,E,環境違規,違反環境法規次數,,次,2020,3
84433564,E,環境違規,違反環境法規金額,,元,2020,84000
84433564,E,環境違規,違反環境法規次數,,次,2020,5
84607396,E,環境違規,違反環境法規金額,,元,2020,36000
84607396,E,環境違規,違反環境法規次數,,次,2020,1
84808400,E,環境違規,違反環境法規金額,,元,2020,34000
84808400,E,環境違規,違反環境法規次數,,次,2020,5
86332422,E,環境違規,違反環境法規金額,,元,2020,6000
86332422,E,環境違規,違反環境法規次數,,次,2020,1
86436593,E,環境違規,違反環境法規金額,,元,2020,81000
86436593,E,環境違規,違反環境法規次數,,次,2020,1
89495531,E,環境違規,違反環境法規金額,,元,2020,12000
89495531,E,環境違規,違反環境法規次數,,次,2020,2
96865657,E,環境違規,違反環境法規金額,,元,2020,12000
96865657,E,環境違規,違反環境法規次數,,次,2020,2
04226091,E,環境違規,違反環境法規金額,,元,2020,490000
04226091,E,環境違規,違反環境法規次數,,次,2020,3
04401392,E,環境違規,違反環境法規金額,,元,2020,184000
04401392,E,環境違規,違反環境法規次數,,次,2020,2
16101031,E,環境違規,違反環境法規金額,,元,2021,60000
16101031,E,環境違規,違反環境法規次數,,次,2021,1
22415854,E,環境違規,違反環境法規金額,,元,2021,6000
22415854,E,環境違規,違反環境法規次數,,次,2021,1
22636630,E,環境違規,違反環境法規金額,,元,2021,84000
22636630,E,環境違規,違反環境法規次數,,次,2021,1
22773079,E,環境違規,違反環境法規金額,,元,2021,44000
22773079,E,環境違規,違反環境法規次數,,次,2021,1
23528103,E,環境違規,違反環境法規金額,,元,2021,60000
23528103,E,環境違規,違反環境法規次數,,次,2021,1
23534301,E,環境違規,違反環境法規金額,,元,2021,6000
23534301,E,環境違規,違反環境法規次數,,次,2021,1
23535435,E,環境違規,違反環境法規金額,,元,2021,120000
23535435,E,環境違規,違反環境法規次數,,次,2021,2
23542766,E,環境違規,違反環境法規金額,,元,2021,30000
23542766,E,環境違規,違反環境法規次數,,次,2021,1
23641338,E,環境違規,違反環境法規金額,,元,2021,100000
23641338,E,環境違規,違反環境法規次數,,次,2021,1
28064644,E,環境違規,違反環境法規金額,,元,2021,24000
28064644,E,環境違規,違反環境法規次數,,次,2021,1
36268804,E,環境違規,違反環境法規金額,,元,2021,21850
36268804,E,環境違規,違反環境法規次數,,次,2021,2
53125710,E,環境違規,違反環境法規金額,,元,2021,492000
53125710,E,環境違規,違反環境法規次數,,次,2021,7
76026851,E,環境違規,違反環境法規金額,,元,2021,6000
76026851,E,環境違規,違反環境法規次數,,次,2021,1
04226091,E,環境違規,違反環境法規金額,,元,2021,206000
04226091,E,環境違規,違反環境法規次數,,次,2021,3
04401392,E,環境違規,違反環境法規金額,,元,2021,6000
04401392,E,環境違規,違反環境法規次數,,次,2021,1
22589593,S,員工薪資,平均薪資,,仟元,2020,814
22589593,S,員工薪資,薪資中位數,,仟元,2020,778
07699023,S,員工薪資,平均薪資,,仟元,2020,758
07699023,S,員工薪資,薪資中位數,,仟元,2020,756
35966577,S,員工薪資,平均薪資,,仟元,2020,955
35966577,S,員工薪資,薪資中位數,,仟元,2020,797
16860440,S,員工薪資,平均薪資,,仟元,2020,647
16860440,S,員工薪資,薪資中位數,,仟元,2020,548
16834268,S,員工薪資,平均薪資,,仟元,2020,553
16834268,S,員工薪資,薪資中位數,,仟元,2020,485
22274989,S,員工薪資,平均薪資,,仟元,2020,606
22274989,S,員工薪資,薪資中位數,,仟元,2020,509
34051920,S,員工薪資,平均薪資,,仟元,2020,1433
34051920,S,員工薪資,薪資中位數,,仟元,2020,1215
04401392,S,員工薪資,平均薪資,,仟元,2020,806
04401392,S,員工薪資,薪資中位數,,仟元,2020,702
76026851,S,員工薪資,平均薪資,,仟元,2020,509
76026851,S,員工薪資,薪資中位數,,仟元,2020,475
22636630,S,員工薪資,平均薪資,,仟元,2020,712
22636630,S,員工薪資,薪資中位數,,仟元,2020,554
03546618,S,員工薪資,平均薪資,,仟元,2020,1333
03546618,S,員工薪資,薪資中位數,,仟元,2020,1229
43816068,S,員工薪資,平均薪資,,仟元,2020,598
43816068,S,員工薪資,薪資中位數,,仟元,2020,533
05637971,S,員工薪資,平均薪資,,仟元,2020,560
05637971,S,員工薪資,薪資中位數,,仟元,2020,513
30955404,S,員工薪資,平均薪資,,仟元,2020,683
30955404,S,員工薪資,薪資中位數,,仟元,2020,574
34230543,S,員工薪資,平均薪資,,仟元,2020,711
34230543,S,員工薪資,薪資中位數,,仟元,2020,698
86521351,S,員工薪資,平均薪資,,仟元,2020,826
86521351,S,員工薪資,薪資中位數,,仟元,2020,687
20954200,S,員工薪資,平均薪資,,仟元,2020,1750
20954200,S,員工薪資,薪資中位數,,仟元,2020,1516
22223510,S,員工薪資,平均薪資,,仟元,2020,1199
22223510,S,員工薪資,薪資中位數,,仟元,2020,1041
23588039,S,員工薪資,平均薪資,,仟元,2020,669
23588039,S,員工薪資,薪資中位數,,仟元,2020,562
52878846,S,員工薪資,平均薪資,,仟元,2020,520
52878846,S,員工薪資,薪資中位數,,仟元,2020,467
44913118,S,員工薪資,平均薪資,,仟元,2020,1001
44913118,S,員工薪資,薪資中位數,,仟元,2020,900
20970807,S,員工薪資,平均薪資,,仟元,2020,584
20970807,S,員工薪資,薪資中位數,,仟元,2020,492
81448796,S,員工薪資,平均薪資,,仟元,2020,978
81448796,S,員工薪資,薪資中位數,,仟元,2020,810
83639504,S,員工薪資,平均薪資,,仟元,2020,777
83639504,S,員工薪資,薪資中位數,,仟元,2020,630
35568331,S,員工薪資,平均薪資,,仟元,2020,849
35568331,S,員工薪資,薪資中位數,,仟元,2020,711
01887370,S,員工薪資,平均薪資,,仟元,2020,832
01887370,S,員工薪資,薪資中位數,,仟元,2020,758
30435973,S,員工薪資,平均薪資,,仟元,2020,855
30435973,S,員工薪資,薪資中位數,,仟元,2020,744
84433564,S,員工薪資,平均薪資,,仟元,2020,524
84433564,S,員工薪資,薪資中位數,,仟元,2020,486
04877657,S,員工薪資,平均薪資,,仟元,2020,1022
04877657,S,員工薪資,薪資中位數,,仟元,2020,874
07618057,S,員工薪資,平均薪資,,仟元,2020,983
07618057,S,員工薪資,薪資中位數,,仟元,2020,846
52358985,S,員工薪資,平均薪資,,仟元,2020,956
52358985,S,員工薪資,薪資中位數,,仟元,2020,763
04403568,S,員工薪資,平均薪資,,仟元,2020,668
04403568,S,員工薪資,薪資中位數,,仟元,2020,587
23534301,S,員工薪資,平均薪資,,仟元,2020,661
23534301,S,員工薪資,薪資中位數,,仟元,2020,505
52753108,S,員工薪資,平均薪資,,仟元,2020,489
52753108,S,員工薪資,薪資中位數,,仟元,2020,430
22771229,S,員工薪資,平均薪資,,仟元,2020,534
22771229,S,員工薪資,薪資中位數,,仟元,2020,493
19004316,S,員工薪資,平均薪資,,仟元,2020,764
19004316,S,員工薪資,薪資中位數,,仟元,2020,583
30929883,S,員工薪資,平均薪資,,仟元,2020,987
30929883,S,員工薪資,薪資中位數,,仟元,2020,820
59276051,S,員工薪資,平均薪資,,仟元,2020,564
59276051,S,員工薪資,薪資中位數,,仟元,2020,533
20950226,S,員工薪資,平均薪資,,仟元,2020,684
20950226,S,員工薪資,薪資中位數,,仟元,2020,537
84239055,S,員工薪資,平均薪資,,仟元,2020,908
84239055,S,員工薪資,薪資中位數,,仟元,2020,735
84274833,S,員工薪資,平均薪資,,仟元,2020,680
84274833,S,員工薪資,薪資中位數,,仟元,2020,550
23542766,S,員工薪資,平均薪資,,仟元,2020,695
23542766,S,員工薪資,薪資中位數,,仟元,2020,504
20891326,S,員工薪資,平均薪資,,仟元,2020,837
20891326,S,員工薪資,薪資中位數,,仟元,2020,626
69577160,S,員工薪資,平均薪資,,仟元,2020,1100
69577160,S,員工薪資,薪資中位數,,仟元,2020,991
23535435,S,員工薪資,平均薪資,,仟元,2020,753
23535435,S,員工薪資,薪資中位數,,仟元,2020,646
21204867,S,員工薪資,平均薪資,,仟元,2020,821
21204867,S,員工薪資,薪資中位數,,仟元,2020,669
86379707,S,員工薪資,平均薪資,,仟元,2020,664
86379707,S,員工薪資,薪資中位數,,仟元,2020,435
38019280,S,員工薪資,平均薪資,,仟元,2020,828
38019280,S,員工薪資,薪資中位數,,仟元,2020,740
84573516,S,員工薪資,平均薪資,,仟元,2020,1065
84573516,S,員工薪資,薪資中位數,,仟元,2020,848
84167600,S,員工薪資,平均薪資,,仟元,2020,599
84167600,S,員工薪資,薪資中位數,,仟元,2020,531
84116878,S,員工薪資,平均薪資,,仟元,2020,786
84116878,S,員工薪資,薪資中位數,,仟元,2020,671
86318408,S,員工薪資,平均薪資,,仟元,2020,1147
86318408,S,員工薪資,薪資中位數,,仟元,2020,954
20799897,S,員工薪資,平均薪資,,仟元,2020,1053
20799897,S,員工薪資,薪資中位數,,仟元,2020,847
86825235,S,員工薪資,平均薪資,,仟元,2020,633
86825235,S,員工薪資,薪資中位數,,仟元,2020,549
86105242,S,員工薪資,平均薪資,,仟元,2020,490
86105242,S,員工薪資,薪資中位數,,仟元,2020,420
39607700,S,員工薪資,平均薪資,,仟元,2020,622
39607700,S,員工薪資,薪資中位數,,仟元,2020,562
31109687,S,員工薪資,平均薪資,,仟元,2020,926
31109687,S,員工薪資,薪資中位數,,仟元,2020,851
86534980,S,員工薪資,平均薪資,,仟元,2020,576
86534980,S,員工薪資,薪資中位數,,仟元,2020,550
22575850,S,員工薪資,平均薪資,,仟元,2020,1076
22575850,S,員工薪資,薪資中位數,,仟元,2020,959
22570840,S,員工薪資,平均薪資,,仟元,2020,453
22570840,S,員工薪資,薪資中位數,,仟元,2020,401
45011782,S,員工薪資,平均薪資,,仟元,2020,639
45011782,S,員工薪資,薪資中位數,,仟元,2020,526
70684527,S,員工薪資,平均薪資,,仟元,2020,1108
70684527,S,員工薪資,薪資中位數,,仟元,2020,1124
97334073,S,員工薪資,平均薪資,,仟元,2020,792
97334073,S,員工薪資,薪資中位數,,仟元,2020,545
89347602,S,員工薪資,平均薪資,,仟元,2020,671
89347602,S,員工薪資,薪資中位數,,仟元,2020,550
86362776,S,員工薪資,平均薪資,,仟元,2020,941
86362776,S,員工薪資,薪資中位數,,仟元,2020,772
12702977,S,員工薪資,平均薪資,,仟元,2020,714
12702977,S,員工薪資,薪資中位數,,仟元,2020,657
22749711,S,員工薪資,平均薪資,,仟元,2020,560
22749711,S,員工薪資,薪資中位數,,仟元,2020,478
22948084,S,員工薪資,平均薪資,,仟元,2020,542
22948084,S,員工薪資,薪資中位數,,仟元,2020,458
23983947,S,員工薪資,平均薪資,,仟元,2020,502
23983947,S,員工薪資,薪資中位數,,仟元,2020,445
34145259,S,員工薪資,平均薪資,,仟元,2020,892
34145259,S,員工薪資,薪資中位數,,仟元,2020,775
86009297,S,員工薪資,平均薪資,,仟元,2020,628
86009297,S,員工薪資,薪資中位數,,仟元,2020,531
89858152,S,員工薪資,平均薪資,,仟元,2020,811
89858152,S,員工薪資,薪資中位數,,仟元,2020,736
97330127,S,員工薪資,平均薪資,,仟元,2020,522
97330127,S,員工薪資,薪資中位數,,仟元,2020,462
86978512,S,員工薪資,平均薪資,,仟元,2020,746
86978512,S,員工薪資,薪資中位數,,仟元,2020,647
35424073,S,員工薪資,平均薪資,,仟元,2020,633
35424073,S,員工薪資,薪資中位數,,仟元,2020,535
84752200,S,員工薪資,平均薪資,,仟元,2020,1243
84752200,S,員工薪資,薪資中位數,,仟元,2020,1201
16674213,S,員工薪資,平均薪資,,仟元,2020,468
16674213,S,員工薪資,薪資中位數,,仟元,2020,420
22928881,S,員工薪資,平均薪資,,仟元,2020,753
22928881,S,員工薪資,薪資中位數,,仟元,2020,622
84232790,S,員工薪資,平均薪資,,仟元,2020,796
84232790,S,員工薪資,薪資中位數,,仟元,2020,589
86834614,S,員工薪資,平均薪資,,仟元,2020,886
86834614,S,員工薪資,薪資中位數,,仟元,2020,762
84846066,S,員工薪資,平均薪資,,仟元,2020,758
84846066,S,員工薪資,薪資中位數,,仟元,2020,766
80272361,S,員工薪資,平均薪資,,仟元,2020,559
80272361,S,員工薪資,薪資中位數,,仟元,2020,445
80611545,S,員工薪資,平均薪資,,仟元,2020,949
80611545,S,員工薪資,薪資中位數,,仟元,2020,824
86746561,S,員工薪資,平均薪資,,仟元,2020,801
86746561,S,員工薪資,薪資中位數,,仟元,2020,766
22071540,S,員工薪資,平均薪資,,仟元,2020,607
22071540,S,員工薪資,薪資中位數,,仟元,2020,507
16691156,S,員工薪資,平均薪資,,仟元,2020,1329
16691156,S,員工薪資,薪資中位數,,仟元,2020,1106
22244141,S,員工薪資,平均薪資,,仟元,2020,1219
22244141,S,員工薪資,薪資中位數,,仟元,2020,1007
22625795,S,員工薪資,平均薪資,,仟元,2020,919
22625795,S,員工薪資,薪資中位數,,仟元,2020,866
27393491,S,員工薪資,平均薪資,,仟元,2020,589
27393491,S,員工薪資,薪資中位數,,仟元,2020,440
22488639,S,員工薪資,平均薪資,,仟元,2020,779
22488639,S,員工薪資,薪資中位數,,仟元,2020,737
80617029,S,員工薪資,平均薪資,,仟元,2020,648
80617029,S,員工薪資,薪資中位數,,仟元,2020,579
22306125,S,員工薪資,平均薪資,,仟元,2020,478
22306125,S,員工薪資,薪資中位數,,仟元,2020,419
97257738,S,員工薪資,平均薪資,,仟元,2020,797
97257738,S,員工薪資,薪資中位數,,仟元,2020,653
23414349,S,員工薪資,平均薪資,,仟元,2020,621
23414349,S,員工薪資,薪資中位數,,仟元,2020,511
13073151,S,員工薪資,平均薪資,,仟元,2020,676
13073151,S,員工薪資,薪資中位數,,仟元,2020,608
16130084,S,員工薪資,平均薪資,,仟元,2020,614
16130084,S,員工薪資,薪資中位數,,仟元,2020,530
15979384,S,員工薪資,平均薪資,,仟元,2020,476
15979384,S,員工薪資,薪資中位數,,仟元,2020,531
70776899,S,員工薪資,平均薪資,,仟元,2020,796
70776899,S,員工薪資,薪資中位數,,仟元,2020,716
16870474,S,員工薪資,平均薪資,,仟元,2020,1025
16870474,S,員工薪資,薪資中位數,,仟元,2020,907
22415854,S,員工薪資,平均薪資,,仟元,2020,701
22415854,S,員工薪資,薪資中位數,,仟元,2020,572
36011776,S,員工薪資,平均薪資,,仟元,2020,663
36011776,S,員工薪資,薪資中位數,,仟元,2020,645
27642463,S,員工薪資,平均薪資,,仟元,2020,803
27642463,S,員工薪資,薪資中位數,,仟元,2020,691
51608205,S,員工薪資,平均薪資,,仟元,2020,834
51608205,S,員工薪資,薪資中位數,,仟元,2020,736
70730016,S,員工薪資,平均薪資,,仟元,2020,601
70730016,S,員工薪資,薪資中位數,,仟元,2020,566
12738623,S,員工薪資,平均薪資,,仟元,2020,582
12738623,S,員工薪資,薪資中位數,,仟元,2020,495
28006928,S,員工薪資,平均薪資,,仟元,2020,1457
28006928,S,員工薪資,薪資中位數,,仟元,2020,1277
80494173,S,員工薪資,平均薪資,,仟元,2020,1106
80494173,S,員工薪資,薪資中位數,,仟元,2020,1166
80640083,S,員工薪資,平均薪資,,仟元,2020,1597
80640083,S,員工薪資,薪資中位數,,仟元,2020,1452
97173920,S,員工薪資,平均薪資,,仟元,2020,956
97173920,S,員工薪資,薪資中位數,,仟元,2020,908
13012009,S,員工薪資,平均薪資,,仟元,2020,773
13012009,S,員工薪資,薪資中位數,,仟元,2020,554
84808400,S,員工薪資,平均薪資,,仟元,2020,540
84808400,S,員工薪資,薪資中位數,,仟元,2020,476
20768310,S,員工薪資,平均薪資,,仟元,2020,681
20768310,S,員工薪資,薪資中位數,,仟元,2020,526
44043132,S,員工薪資,平均薪資,,仟元,2020,844
44043132,S,員工薪資,薪資中位數,,仟元,2020,528
76409479,S,員工薪資,平均薪資,,仟元,2020,599
76409479,S,員工薪資,薪資中位數,,仟元,2020,510
86691377,S,員工薪資,平均薪資,,仟元,2020,554
86691377,S,員工薪資,薪資中位數,,仟元,2020,500
23063420,S,員工薪資,平均薪資,,仟元,2020,470
23063420,S,員工薪資,薪資中位數,,仟元,2020,436
86332422,S,員工薪資,平均薪資,,仟元,2020,528
86332422,S,員工薪資,薪資中位數,,仟元,2020,445
22773079,S,員工薪資,平均薪資,,仟元,2020,697
22773079,S,員工薪資,薪資中位數,,仟元,2020,602
23866949,S,員工薪資,平均薪資,,仟元,2020,630
23866949,S,員工薪資,薪資中位數,,仟元,2020,559
33701355,S,員工薪資,平均薪資,,仟元,2020,713
33701355,S,員工薪資,薪資中位數,,仟元,2020,594
89396770,S,員工薪資,平均薪資,,仟元,2020,400
89396770,S,員工薪資,薪資中位數,,仟元,2020,378
23225071,S,員工薪資,平均薪資,,仟元,2020,729
23225071,S,員工薪資,薪資中位數,,仟元,2020,606
97178087,S,員工薪資,平均薪資,,仟元,2020,494
97178087,S,員工薪資,薪資中位數,,仟元,2020,437
43900488,S,員工薪資,平均薪資,,仟元,2020,535
43900488,S,員工薪資,薪資中位數,,仟元,2020,481
97326828,S,員工薪資,平均薪資,,仟元,2020,561
97326828,S,員工薪資,薪資中位數,,仟元,2020,513
36084833,S,員工薪資,平均薪資,,仟元,2020,553
36084833,S,員工薪資,薪資中位數,,仟元,2020,537
43880075,S,員工薪資,平均薪資,,仟元,2020,747
43880075,S,員工薪資,薪資中位數,,仟元,2020,621
22304288,S,員工薪資,平均薪資,,仟元,2020,800
22304288,S,員工薪資,薪資中位數,,仟元,2020,649
84900878,S,員工薪資,平均薪資,,仟元,2020,1395
84900878,S,員工薪資,薪資中位數,,仟元,2020,1225
47122187,S,員工薪資,平均薪資,,仟元,2020,841
47122187,S,員工薪資,薪資中位數,,仟元,2020,750
86412635,S,員工薪資,平均薪資,,仟元,2020,507
86412635,S,員工薪資,薪資中位數,,仟元,2020,484
04865462,S,員工薪資,平均薪資,,仟元,2020,633
04865462,S,員工薪資,薪資中位數,,仟元,2020,540
22522622,S,員工薪資,平均薪資,,仟元,2020,651
22522622,S,員工薪資,薪資中位數,,仟元,2020,571
23750095,S,員工薪資,平均薪資,,仟元,2020,525
23750095,S,員工薪資,薪資中位數,,仟元,2020,464
86980046,S,員工薪資,平均薪資,,仟元,2020,573
86980046,S,員工薪資,薪資中位數,,仟元,2020,479
22306130,S,員工薪資,平均薪資,,仟元,2020,482
22306130,S,員工薪資,薪資中位數,,仟元,2020,437
22944019,S,員工薪資,平均薪資,,仟元,2020,1242
22944019,S,員工薪資,薪資中位數,,仟元,2020,1020
22006020,S,員工薪資,平均薪資,,仟元,2020,1010
22006020,S,員工薪資,薪資中位數,,仟元,2020,857
23641338,S,員工薪資,平均薪資,,仟元,2020,793
23641338,S,員工薪資,薪資中位數,,仟元,2020,651
22100469,S,員工薪資,平均薪資,,仟元,2020,466
22100469,S,員工薪資,薪資中位數,,仟元,2020,415
84607396,S,員工薪資,平均薪資,,仟元,2020,638
84607396,S,員工薪資,薪資中位數,,仟元,2020,633
22906009,S,員工薪資,平均薪資,,仟元,2020,455
22906009,S,員工薪資,薪資中位數,,仟元,2020,424
81069921,S,員工薪資,平均薪資,,仟元,2020,1938
81069921,S,員工薪資,薪資中位數,,仟元,2020,1617
45082694,S,員工薪資,平均薪資,,仟元,2020,575
45082694,S,員工薪資,薪資中位數,,仟元,2020,554
86701804,S,員工薪資,平均薪資,,仟元,2020,881
86701804,S,員工薪資,薪資中位數,,仟元,2020,728
04329168,S,員工薪資,平均薪資,,仟元,2020,978
04329168,S,員工薪資,薪資中位數,,仟元,2020,849
43408984,S,員工薪資,平均薪資,,仟元,2020,539
43408984,S,員工薪資,薪資中位數,,仟元,2020,471
22115625,S,員工薪資,平均薪資,,仟元,2020,688
22115625,S,員工薪資,薪資中位數,,仟元,2020,535
22837088,S,員工薪資,平均薪資,,仟元,2020,601
22837088,S,員工薪資,薪資中位數,,仟元,2020,567
16101031,S,員工薪資,平均薪資,,仟元,2020,855
16101031,S,員工薪資,薪資中位數,,仟元,2020,763
45190379,S,員工薪資,平均薪資,,仟元,2020,606
45190379,S,員工薪資,薪資中位數,,仟元,2020,561
97179403,S,員工薪資,平均薪資,,仟元,2020,851
97179403,S,員工薪資,薪資中位數,,仟元,2020,643
22059031,S,員工薪資,平均薪資,,仟元,2020,680
22059031,S,員工薪資,薪資中位數,,仟元,2020,529
45911735,S,員工薪資,平均薪資,,仟元,2020,712
45911735,S,員工薪資,薪資中位數,,仟元,2020,634
16433242,S,員工薪資,平均薪資,,仟元,2020,885
16433242,S,員工薪資,薪資中位數,,仟元,2020,793
22993144,S,員工薪資,平均薪資,,仟元,2020,1065
22993144,S,員工薪資,薪資中位數,,仟元,2020,934
84497335,S,員工薪資,平均薪資,,仟元,2020,653
84497335,S,員工薪資,薪資中位數,,仟元,2020,584
23576977,S,員工薪資,平均薪資,,仟元,2020,563
23576977,S,員工薪資,薪資中位數,,仟元,2020,515
16347324,S,員工薪資,平均薪資,,仟元,2020,638
16347324,S,員工薪資,薪資中位數,,仟元,2020,568
04226091,S,員工薪資,平均薪資,,仟元,2020,803
04226091,S,員工薪資,薪資中位數,,仟元,2020,675
22264722,S,員工薪資,平均薪資,,仟元,2020,543
22264722,S,員工薪資,薪資中位數,,仟元,2020,413
20759430,S,員工薪資,平均薪資,,仟元,2020,693
20759430,S,員工薪資,薪資中位數,,仟元,2020,626
12341051,S,員工薪資,平均薪資,,仟元,2020,983
12341051,S,員工薪資,薪資中位數,,仟元,2020,777
16599215,S,員工薪資,平均薪資,,仟元,2020,536
16599215,S,員工薪資,薪資中位數,,仟元,2020,521
11298247,S,員工薪資,平均薪資,,仟元,2020,1013
11298247,S,員工薪資,薪資中位數,,仟元,2020,777
22133530,S,員工薪資,平均薪資,,仟元,2020,924
22133530,S,員工薪資,薪資中位數,,仟元,2020,757
24284436,S,員工薪資,平均薪資,,仟元,2020,1488
24284436,S,員工薪資,薪資中位數,,仟元,2020,1297
22774892,S,員工薪資,平均薪資,,仟元,2020,497
22774892,S,員工薪資,薪資中位數,,仟元,2020,477
12688172,S,員工薪資,平均薪資,,仟元,2020,746
12688172,S,員工薪資,薪資中位數,,仟元,2020,658
28064644,S,員工薪資,平均薪資,,仟元,2020,977
28064644,S,員工薪資,薪資中位數,,仟元,2020,800
84819223,S,員工薪資,平均薪資,,仟元,2020,678
84819223,S,員工薪資,薪資中位數,,仟元,2020,564
70670235,S,員工薪資,平均薪資,,仟元,2020,571
70670235,S,員工薪資,薪資中位數,,仟元,2020,461
23555277,S,員工薪資,平均薪資,,仟元,2020,872
23555277,S,員工薪資,薪資中位數,,仟元,2020,837
53431627,S,員工薪資,平均薪資,,仟元,2020,1003
53431627,S,員工薪資,薪資中位數,,仟元,2020,894
04393941,S,員工薪資,平均薪資,,仟元,2020,799
04393941,S,員工薪資,薪資中位數,,仟元,2020,722
16207745,S,員工薪資,平均薪資,,仟元,2020,601
16207745,S,員工薪資,薪資中位數,,仟元,2020,439
16198345,S,員工薪資,平均薪資,,仟元,2020,791
16198345,S,員工薪資,薪資中位數,,仟元,2020,713
03550210,S,員工薪資,平均薪資,,仟元,2020,668
03550210,S,員工薪資,薪資中位數,,仟元,2020,525
23310983,S,員工薪資,平均薪資,,仟元,2020,670
23310983,S,員工薪資,薪資中位數,,仟元,2020,583
16096804,S,員工薪資,平均薪資,,仟元,2020,1021
16096804,S,員工薪資,薪資中位數,,仟元,2020,990
84415355,S,員工薪資,平均薪資,,仟元,2020,539
84415355,S,員工薪資,薪資中位數,,仟元,2020,518
96865657,S,員工薪資,平均薪資,,仟元,2020,563
96865657,S,員工薪資,薪資中位數,,仟元,2020,519
84492351,S,員工薪資,平均薪資,,仟元,2020,476
84492351,S,員工薪資,薪資中位數,,仟元,2020,475
86436593,S,員工薪資,平均薪資,,仟元,2020,780
86436593,S,員工薪資,薪資中位數,,仟元,2020,695
23725553,S,員工薪資,平均薪資,,仟元,2020,722
23725553,S,員工薪資,薪資中位數,,仟元,2020,651
23632274,S,員工薪資,平均薪資,,仟元,2020,831
23632274,S,員工薪資,薪資中位數,,仟元,2020,720
86757291,S,員工薪資,平均薪資,,仟元,2020,640
86757291,S,員工薪資,薪資中位數,,仟元,2020,567
86124395,S,員工薪資,平均薪資,,仟元,2020,821
86124395,S,員工薪資,薪資中位數,,仟元,2020,749
22324051,S,員工薪資,平均薪資,,仟元,2020,636
22324051,S,員工薪資,薪資中位數,,仟元,2020,564
89495531,S,員工薪資,平均薪資,,仟元,2020,661
89495531,S,員工薪資,薪資中位數,,仟元,2020,569
75914885,S,員工薪資,平均薪資,,仟元,2020,565
75914885,S,員工薪資,薪資中位數,,仟元,2020,477
70801378,S,員工薪資,平均薪資,,仟元,2020,1565
70801378,S,員工薪資,薪資中位數,,仟元,2020,1290
16596646,S,員工薪資,平均薪資,,仟元,2020,1308
16596646,S,員工薪資,薪資中位數,,仟元,2020,1104
70540563,S,員工薪資,平均薪資,,仟元,2020,556
70540563,S,員工薪資,薪資中位數,,仟元,2020,474
16431363,S,員工薪資,平均薪資,,仟元,2020,485
16431363,S,員工薪資,薪資中位數,,仟元,2020,458
16447610,S,員工薪資,平均薪資,,仟元,2020,732
16447610,S,員工薪資,薪資中位數,,仟元,2020,705
22589593,S,員工薪資,平均薪資,,仟元,2019,1318
22589593,S,員工薪資,薪資中位數,,仟元,2019,1045
07699023,S,員工薪資,平均薪資,,仟元,2019,728
07699023,S,員工薪資,薪資中位數,,仟元,2019,666
35966577,S,員工薪資,平均薪資,,仟元,2019,984
35966577,S,員工薪資,薪資中位數,,仟元,2019,852
16860440,S,員工薪資,平均薪資,,仟元,2019,690
16860440,S,員工薪資,薪資中位數,,仟元,2019,603
16834268,S,員工薪資,平均薪資,,仟元,2019,623
16834268,S,員工薪資,薪資中位數,,仟元,2019,553
22274989,S,員工薪資,平均薪資,,仟元,2019,624
22274989,S,員工薪資,薪資中位數,,仟元,2019,500
34051920,S,員工薪資,平均薪資,,仟元,2019,1397
34051920,S,員工薪資,薪資中位數,,仟元,2019,1153
04401392,S,員工薪資,平均薪資,,仟元,2019,683
04401392,S,員工薪資,薪資中位數,,仟元,2019,608
76026851,S,員工薪資,平均薪資,,仟元,2019,507
76026851,S,員工薪資,薪資中位數,,仟元,2019,471
22636630,S,員工薪資,平均薪資,,仟元,2019,618
22636630,S,員工薪資,薪資中位數,,仟元,2019,502
03546618,S,員工薪資,平均薪資,,仟元,2019,1388
03546618,S,員工薪資,薪資中位數,,仟元,2019,1420
43816068,S,員工薪資,平均薪資,,仟元,2019,621
43816068,S,員工薪資,薪資中位數,,仟元,2019,560
05637971,S,員工薪資,平均薪資,,仟元,2019,665
05637971,S,員工薪資,薪資中位數,,仟元,2019,585
30955404,S,員工薪資,平均薪資,,仟元,2019,554
30955404,S,員工薪資,薪資中位數,,仟元,2019,493
34230543,S,員工薪資,平均薪資,,仟元,2019,687
34230543,S,員工薪資,薪資中位數,,仟元,2019,678
86521351,S,員工薪資,平均薪資,,仟元,2019,783
86521351,S,員工薪資,薪資中位數,,仟元,2019,684
20954200,S,員工薪資,平均薪資,,仟元,2019,1741
20954200,S,員工薪資,薪資中位數,,仟元,2019,1485
22223510,S,員工薪資,平均薪資,,仟元,2019,1019
22223510,S,員工薪資,薪資中位數,,仟元,2019,915
23588039,S,員工薪資,平均薪資,,仟元,2019,671
23588039,S,員工薪資,薪資中位數,,仟元,2019,584
52878846,S,員工薪資,平均薪資,,仟元,2019,515
52878846,S,員工薪資,薪資中位數,,仟元,2019,441
44913118,S,員工薪資,平均薪資,,仟元,2019,970
44913118,S,員工薪資,薪資中位數,,仟元,2019,847
20970807,S,員工薪資,平均薪資,,仟元,2019,584
20970807,S,員工薪資,薪資中位數,,仟元,2019,452
81448796,S,員工薪資,平均薪資,,仟元,2019,918
81448796,S,員工薪資,薪資中位數,,仟元,2019,767
83639504,S,員工薪資,平均薪資,,仟元,2019,684
83639504,S,員工薪資,薪資中位數,,仟元,2019,557
35568331,S,員工薪資,平均薪資,,仟元,2019,798
35568331,S,員工薪資,薪資中位數,,仟元,2019,712
01887370,S,員工薪資,平均薪資,,仟元,2019,748
01887370,S,員工薪資,薪資中位數,,仟元,2019,690
30435973,S,員工薪資,平均薪資,,仟元,2019,853
30435973,S,員工薪資,薪資中位數,,仟元,2019,737
84433564,S,員工薪資,平均薪資,,仟元,2019,512
84433564,S,員工薪資,薪資中位數,,仟元,2019,461
04877657,S,員工薪資,平均薪資,,仟元,2019,850
04877657,S,員工薪資,薪資中位數,,仟元,2019,777
07618057,S,員工薪資,平均薪資,,仟元,2019,960
07618057,S,員工薪資,薪資中位數,,仟元,2019,840
52358985,S,員工薪資,平均薪資,,仟元,2019,828
52358985,S,員工薪資,薪資中位數,,仟元,2019,740
04403568,S,員工薪資,平均薪資,,仟元,2019,680
04403568,S,員工薪資,薪資中位數,,仟元,2019,579
23534301,S,員工薪資,平均薪資,,仟元,2019,594
23534301,S,員工薪資,薪資中位數,,仟元,2019,458
52753108,S,員工薪資,平均薪資,,仟元,2019,465
52753108,S,員工薪資,薪資中位數,,仟元,2019,386
22771229,S,員工薪資,平均薪資,,仟元,2019,509
22771229,S,員工薪資,薪資中位數,,仟元,2019,466
19004316,S,員工薪資,平均薪資,,仟元,2019,676
19004316,S,員工薪資,薪資中位數,,仟元,2019,483
30929883,S,員工薪資,平均薪資,,仟元,2019,828
30929883,S,員工薪資,薪資中位數,,仟元,2019,731
59276051,S,員工薪資,平均薪資,,仟元,2019,598
59276051,S,員工薪資,薪資中位數,,仟元,2019,561
20950226,S,員工薪資,平均薪資,,仟元,2019,808
20950226,S,員工薪資,薪資中位數,,仟元,2019,546
84239055,S,員工薪資,平均薪資,,仟元,2019,801
84239055,S,員工薪資,薪資中位數,,仟元,2019,650
84274833,S,員工薪資,平均薪資,,仟元,2019,687
84274833,S,員工薪資,薪資中位數,,仟元,2019,531
23542766,S,員工薪資,平均薪資,,仟元,2019,708
23542766,S,員工薪資,薪資中位數,,仟元,2019,566
20891326,S,員工薪資,平均薪資,,仟元,2019,793
20891326,S,員工薪資,薪資中位數,,仟元,2019,604
69577160,S,員工薪資,平均薪資,,仟元,2019,948
69577160,S,員工薪資,薪資中位數,,仟元,2019,869
23535435,S,員工薪資,平均薪資,,仟元,2019,727
23535435,S,員工薪資,薪資中位數,,仟元,2019,614
21204867,S,員工薪資,平均薪資,,仟元,2019,674
21204867,S,員工薪資,薪資中位數,,仟元,2019,569
86379707,S,員工薪資,平均薪資,,仟元,2019,702
86379707,S,員工薪資,薪資中位數,,仟元,2019,432
38019280,S,員工薪資,平均薪資,,仟元,2019,838
38019280,S,員工薪資,薪資中位數,,仟元,2019,678
84573516,S,員工薪資,平均薪資,,仟元,2019,964
84573516,S,員工薪資,薪資中位數,,仟元,2019,799
84167600,S,員工薪資,平均薪資,,仟元,2019,625
84167600,S,員工薪資,薪資中位數,,仟元,2019,529
84116878,S,員工薪資,平均薪資,,仟元,2019,763
84116878,S,員工薪資,薪資中位數,,仟元,2019,650
86318408,S,員工薪資,平均薪資,,仟元,2019,1111
86318408,S,員工薪資,薪資中位數,,仟元,2019,962
20799897,S,員工薪資,平均薪資,,仟元,2019,1069
20799897,S,員工薪資,薪資中位數,,仟元,2019,838
86825235,S,員工薪資,平均薪資,,仟元,2019,634
86825235,S,員工薪資,薪資中位數,,仟元,2019,675
86105242,S,員工薪資,平均薪資,,仟元,2019,584
86105242,S,員工薪資,薪資中位數,,仟元,2019,371
39607700,S,員工薪資,平均薪資,,仟元,2019,883
39607700,S,員工薪資,薪資中位數,,仟元,2019,673
31109687,S,員工薪資,平均薪資,,仟元,2019,910
31109687,S,員工薪資,薪資中位數,,仟元,2019,844
86534980,S,員工薪資,平均薪資,,仟元,2019,595
86534980,S,員工薪資,薪資中位數,,仟元,2019,534
22575850,S,員工薪資,平均薪資,,仟元,2019,983
22575850,S,員工薪資,薪資中位數,,仟元,2019,891
22570840,S,員工薪資,平均薪資,,仟元,2019,476
22570840,S,員工薪資,薪資中位數,,仟元,2019,416
45011782,S,員工薪資,平均薪資,,仟元,2019,584
45011782,S,員工薪資,薪資中位數,,仟元,2019,504
70684527,S,員工薪資,平均薪資,,仟元,2019,917
70684527,S,員工薪資,薪資中位數,,仟元,2019,991
97334073,S,員工薪資,平均薪資,,仟元,2019,761
97334073,S,員工薪資,薪資中位數,,仟元,2019,417
89347602,S,員工薪資,平均薪資,,仟元,2019,788
89347602,S,員工薪資,薪資中位數,,仟元,2019,720
86362776,S,員工薪資,平均薪資,,仟元,2019,903
86362776,S,員工薪資,薪資中位數,,仟元,2019,786
12702977,S,員工薪資,平均薪資,,仟元,2019,717
12702977,S,員工薪資,薪資中位數,,仟元,2019,674
22749711,S,員工薪資,平均薪資,,仟元,2019,619
22749711,S,員工薪資,薪資中位數,,仟元,2019,510
22948084,S,員工薪資,平均薪資,,仟元,2019,546
22948084,S,員工薪資,薪資中位數,,仟元,2019,450
23983947,S,員工薪資,平均薪資,,仟元,2019,450
23983947,S,員工薪資,薪資中位數,,仟元,2019,380
34145259,S,員工薪資,平均薪資,,仟元,2019,828
34145259,S,員工薪資,薪資中位數,,仟元,2019,772
86009297,S,員工薪資,平均薪資,,仟元,2019,551
86009297,S,員工薪資,薪資中位數,,仟元,2019,443
89858152,S,員工薪資,平均薪資,,仟元,2019,951
89858152,S,員工薪資,薪資中位數,,仟元,2019,885
97330127,S,員工薪資,平均薪資,,仟元,2019,624
97330127,S,員工薪資,薪資中位數,,仟元,2019,521
35424073,S,員工薪資,平均薪資,,仟元,2019,581
35424073,S,員工薪資,薪資中位數,,仟元,2019,469
84752200,S,員工薪資,平均薪資,,仟元,2019,1223
84752200,S,員工薪資,薪資中位數,,仟元,2019,1113
16674213,S,員工薪資,平均薪資,,仟元,2019,440
16674213,S,員工薪資,薪資中位數,,仟元,2019,389
22928881,S,員工薪資,平均薪資,,仟元,2019,721
22928881,S,員工薪資,薪資中位數,,仟元,2019,648
84232790,S,員工薪資,平均薪資,,仟元,2019,593
84232790,S,員工薪資,薪資中位數,,仟元,2019,631
86834614,S,員工薪資,平均薪資,,仟元,2019,831
86834614,S,員工薪資,薪資中位數,,仟元,2019,702
84846066,S,員工薪資,平均薪資,,仟元,2019,780
84846066,S,員工薪資,薪資中位數,,仟元,2019,772
80272361,S,員工薪資,平均薪資,,仟元,2019,528
80272361,S,員工薪資,薪資中位數,,仟元,2019,410
80611545,S,員工薪資,平均薪資,,仟元,2019,645
80611545,S,員工薪資,薪資中位數,,仟元,2019,635
86746561,S,員工薪資,平均薪資,,仟元,2019,638
86746561,S,員工薪資,薪資中位數,,仟元,2019,616
22071540,S,員工薪資,平均薪資,,仟元,2019,578
22071540,S,員工薪資,薪資中位數,,仟元,2019,443
16691156,S,員工薪資,平均薪資,,仟元,2019,1223
16691156,S,員工薪資,薪資中位數,,仟元,2019,1028
22244141,S,員工薪資,平均薪資,,仟元,2019,1184
22244141,S,員工薪資,薪資中位數,,仟元,2019,1002
22625795,S,員工薪資,平均薪資,,仟元,2019,874
22625795,S,員工薪資,薪資中位數,,仟元,2019,802
27393491,S,員工薪資,平均薪資,,仟元,2019,620
27393491,S,員工薪資,薪資中位數,,仟元,2019,453
22488639,S,員工薪資,平均薪資,,仟元,2019,885
22488639,S,員工薪資,薪資中位數,,仟元,2019,822
80617029,S,員工薪資,平均薪資,,仟元,2019,664
80617029,S,員工薪資,薪資中位數,,仟元,2019,743
22306125,S,員工薪資,平均薪資,,仟元,2019,464
22306125,S,員工薪資,薪資中位數,,仟元,2019,393
97257738,S,員工薪資,平均薪資,,仟元,2019,783
97257738,S,員工薪資,薪資中位數,,仟元,2019,640
23414349,S,員工薪資,平均薪資,,仟元,2019,632
23414349,S,員工薪資,薪資中位數,,仟元,2019,552
13073151,S,員工薪資,平均薪資,,仟元,2019,660
13073151,S,員工薪資,薪資中位數,,仟元,2019,608
16130084,S,員工薪資,平均薪資,,仟元,2019,582
16130084,S,員工薪資,薪資中位數,,仟元,2019,479
15979384,S,員工薪資,平均薪資,,仟元,2019,545
15979384,S,員工薪資,薪資中位數,,仟元,2019,533
70776899,S,員工薪資,平均薪資,,仟元,2019,635
70776899,S,員工薪資,薪資中位數,,仟元,2019,603
16870474,S,員工薪資,平均薪資,,仟元,2019,945
16870474,S,員工薪資,薪資中位數,,仟元,2019,740
22415854,S,員工薪資,平均薪資,,仟元,2019,694
22415854,S,員工薪資,薪資中位數,,仟元,2019,582
36011776,S,員工薪資,平均薪資,,仟元,2019,635
36011776,S,員工薪資,薪資中位數,,仟元,2019,616
27642463,S,員工薪資,平均薪資,,仟元,2019,893
27642463,S,員工薪資,薪資中位數,,仟元,2019,750
51608205,S,員工薪資,平均薪資,,仟元,2019,839
51608205,S,員工薪資,薪資中位數,,仟元,2019,728
70730016,S,員工薪資,平均薪資,,仟元,2019,598
70730016,S,員工薪資,薪資中位數,,仟元,2019,537
12738623,S,員工薪資,平均薪資,,仟元,2019,477
12738623,S,員工薪資,薪資中位數,,仟元,2019,380
28006928,S,員工薪資,平均薪資,,仟元,2019,1662
28006928,S,員工薪資,薪資中位數,,仟元,2019,1404
80494173,S,員工薪資,平均薪資,,仟元,2019,1240
80494173,S,員工薪資,薪資中位數,,仟元,2019,937
80640083,S,員工薪資,平均薪資,,仟元,2019,1513
80640083,S,員工薪資,薪資中位數,,仟元,2019,1353
97173920,S,員工薪資,平均薪資,,仟元,2019,931
97173920,S,員工薪資,薪資中位數,,仟元,2019,848
13012009,S,員工薪資,平均薪資,,仟元,2019,728
13012009,S,員工薪資,薪資中位數,,仟元,2019,557
84808400,S,員工薪資,平均薪資,,仟元,2019,512
84808400,S,員工薪資,薪資中位數,,仟元,2019,458
20768310,S,員工薪資,平均薪資,,仟元,2019,616
20768310,S,員工薪資,薪資中位數,,仟元,2019,484
44043132,S,員工薪資,平均薪資,,仟元,2019,719
44043132,S,員工薪資,薪資中位數,,仟元,2019,530
76409479,S,員工薪資,平均薪資,,仟元,2019,622
76409479,S,員工薪資,薪資中位數,,仟元,2019,579
86691377,S,員工薪資,平均薪資,,仟元,2019,530
86691377,S,員工薪資,薪資中位數,,仟元,2019,462
23063420,S,員工薪資,平均薪資,,仟元,2019,498
23063420,S,員工薪資,薪資中位數,,仟元,2019,468
86332422,S,員工薪資,平均薪資,,仟元,2019,540
86332422,S,員工薪資,薪資中位數,,仟元,2019,551
22773079,S,員工薪資,平均薪資,,仟元,2019,659
22773079,S,員工薪資,薪資中位數,,仟元,2019,577
23866949,S,員工薪資,平均薪資,,仟元,2019,566
23866949,S,員工薪資,薪資中位數,,仟元,2019,470
33701355,S,員工薪資,平均薪資,,仟元,2019,727
33701355,S,員工薪資,薪資中位數,,仟元,2019,610
89396770,S,員工薪資,平均薪資,,仟元,2019,420
89396770,S,員工薪資,薪資中位數,,仟元,2019,391
23225071,S,員工薪資,平均薪資,,仟元,2019,662
23225071,S,員工薪資,薪資中位數,,仟元,2019,593
97178087,S,員工薪資,平均薪資,,仟元,2019,509
97178087,S,員工薪資,薪資中位數,,仟元,2019,448
43900488,S,員工薪資,平均薪資,,仟元,2019,541
43900488,S,員工薪資,薪資中位數,,仟元,2019,530
97326828,S,員工薪資,平均薪資,,仟元,2019,530
97326828,S,員工薪資,薪資中位數,,仟元,2019,501
36084833,S,員工薪資,平均薪資,,仟元,2019,518
36084833,S,員工薪資,薪資中位數,,仟元,2019,471
43880075,S,員工薪資,平均薪資,,仟元,2019,710
43880075,S,員工薪資,薪資中位數,,仟元,2019,573
22304288,S,員工薪資,平均薪資,,仟元,2019,897
22304288,S,員工薪資,薪資中位數,,仟元,2019,699
84900878,S,員工薪資,平均薪資,,仟元,2019,1176
84900878,S,員工薪資,薪資中位數,,仟元,2019,974
47122187,S,員工薪資,平均薪資,,仟元,2019,718
47122187,S,員工薪資,薪資中位數,,仟元,2019,761
86412635,S,員工薪資,平均薪資,,仟元,2019,469
86412635,S,員工薪資,薪資中位數,,仟元,2019,419
04865462,S,員工薪資,平均薪資,,仟元,2019,691
04865462,S,員工薪資,薪資中位數,,仟元,2019,609
22522622,S,員工薪資,平均薪資,,仟元,2019,636
22522622,S,員工薪資,薪資中位數,,仟元,2019,557
23750095,S,員工薪資,平均薪資,,仟元,2019,524
23750095,S,員工薪資,薪資中位數,,仟元,2019,454
86980046,S,員工薪資,平均薪資,,仟元,2019,546
86980046,S,員工薪資,薪資中位數,,仟元,2019,449
22306130,S,員工薪資,平均薪資,,仟元,2019,477
22306130,S,員工薪資,薪資中位數,,仟元,2019,420
22944019,S,員工薪資,平均薪資,,仟元,2019,1081
22944019,S,員工薪資,薪資中位數,,仟元,2019,1040
22006020,S,員工薪資,平均薪資,,仟元,2019,828
22006020,S,員工薪資,薪資中位數,,仟元,2019,710
23641338,S,員工薪資,平均薪資,,仟元,2019,700
23641338,S,員工薪資,薪資中位數,,仟元,2019,605
22100469,S,員工薪資,平均薪資,,仟元,2019,444
22100469,S,員工薪資,薪資中位數,,仟元,2019,389
84607396,S,員工薪資,平均薪資,,仟元,2019,627
84607396,S,員工薪資,薪資中位數,,仟元,2019,604
22906009,S,員工薪資,平均薪資,,仟元,2019,510
22906009,S,員工薪資,薪資中位數,,仟元,2019,478
81069921,S,員工薪資,平均薪資,,仟元,2019,1579
81069921,S,員工薪資,薪資中位數,,仟元,2019,1190
45082694,S,員工薪資,平均薪資,,仟元,2019,573
45082694,S,員工薪資,薪資中位數,,仟元,2019,554
86701804,S,員工薪資,平均薪資,,仟元,2019,879
86701804,S,員工薪資,薪資中位數,,仟元,2019,660
04329168,S,員工薪資,平均薪資,,仟元,2019,829
04329168,S,員工薪資,薪資中位數,,仟元,2019,738
43408984,S,員工薪資,平均薪資,,仟元,2019,569
43408984,S,員工薪資,薪資中位數,,仟元,2019,469
22115625,S,員工薪資,平均薪資,,仟元,2019,709
22115625,S,員工薪資,薪資中位數,,仟元,2019,563
22837088,S,員工薪資,平均薪資,,仟元,2019,548
22837088,S,員工薪資,薪資中位數,,仟元,2019,517
16101031,S,員工薪資,平均薪資,,仟元,2019,836
16101031,S,員工薪資,薪資中位數,,仟元,2019,755
45190379,S,員工薪資,平均薪資,,仟元,2019,623
45190379,S,員工薪資,薪資中位數,,仟元,2019,571
97179403,S,員工薪資,平均薪資,,仟元,2019,801
97179403,S,員工薪資,薪資中位數,,仟元,2019,659
22059031,S,員工薪資,平均薪資,,仟元,2019,676
22059031,S,員工薪資,薪資中位數,,仟元,2019,562
45911735,S,員工薪資,平均薪資,,仟元,2019,642
45911735,S,員工薪資,薪資中位數,,仟元,2019,586
16433242,S,員工薪資,平均薪資,,仟元,2019,788
16433242,S,員工薪資,薪資中位數,,仟元,2019,709
22993144,S,員工薪資,平均薪資,,仟元,2019,584
22993144,S,員工薪資,薪資中位數,,仟元,2019,480
84497335,S,員工薪資,平均薪資,,仟元,2019,617
84497335,S,員工薪資,薪資中位數,,仟元,2019,636
23576977,S,員工薪資,平均薪資,,仟元,2019,589
23576977,S,員工薪資,薪資中位數,,仟元,2019,537
16347324,S,員工薪資,平均薪資,,仟元,2019,631
16347324,S,員工薪資,薪資中位數,,仟元,2019,545
04226091,S,員工薪資,平均薪資,,仟元,2019,787
04226091,S,員工薪資,薪資中位數,,仟元,2019,650
22264722,S,員工薪資,平均薪資,,仟元,2019,512
22264722,S,員工薪資,薪資中位數,,仟元,2019,417
20759430,S,員工薪資,平均薪資,,仟元,2019,661
20759430,S,員工薪資,薪資中位數,,仟元,2019,604
12341051,S,員工薪資,平均薪資,,仟元,2019,958
12341051,S,員工薪資,薪資中位數,,仟元,2019,789
16599215,S,員工薪資,平均薪資,,仟元,2019,502
16599215,S,員工薪資,薪資中位數,,仟元,2019,466
11298247,S,員工薪資,平均薪資,,仟元,2019,971
11298247,S,員工薪資,薪資中位數,,仟元,2019,720
22133530,S,員工薪資,平均薪資,,仟元,2019,1123
22133530,S,員工薪資,薪資中位數,,仟元,2019,781
24284436,S,員工薪資,平均薪資,,仟元,2019,1415
24284436,S,員工薪資,薪資中位數,,仟元,2019,1182
22774892,S,員工薪資,平均薪資,,仟元,2019,538
22774892,S,員工薪資,薪資中位數,,仟元,2019,495
12688172,S,員工薪資,平均薪資,,仟元,2019,717
12688172,S,員工薪資,薪資中位數,,仟元,2019,642
28064644,S,員工薪資,平均薪資,,仟元,2019,879
28064644,S,員工薪資,薪資中位數,,仟元,2019,698
84819223,S,員工薪資,平均薪資,,仟元,2019,609
84819223,S,員工薪資,薪資中位數,,仟元,2019,537
70670235,S,員工薪資,平均薪資,,仟元,2019,550
70670235,S,員工薪資,薪資中位數,,仟元,2019,439
23555277,S,員工薪資,平均薪資,,仟元,2019,853
23555277,S,員工薪資,薪資中位數,,仟元,2019,807
53431627,S,員工薪資,平均薪資,,仟元,2019,1009
53431627,S,員工薪資,薪資中位數,,仟元,2019,872
16207745,S,員工薪資,平均薪資,,仟元,2019,617
16207745,S,員工薪資,薪資中位數,,仟元,2019,428
16198345,S,員工薪資,平均薪資,,仟元,2019,760
16198345,S,員工薪資,薪資中位數,,仟元,2019,677
03550210,S,員工薪資,平均薪資,,仟元,2019,618
03550210,S,員工薪資,薪資中位數,,仟元,2019,468
23310983,S,員工薪資,平均薪資,,仟元,2019,648
23310983,S,員工薪資,薪資中位數,,仟元,2019,511
16096804,S,員工薪資,平均薪資,,仟元,2019,865
16096804,S,員工薪資,薪資中位數,,仟元,2019,830
84415355,S,員工薪資,平均薪資,,仟元,2019,550
84415355,S,員工薪資,薪資中位數,,仟元,2019,438
96865657,S,員工薪資,平均薪資,,仟元,2019,556
96865657,S,員工薪資,薪資中位數,,仟元,2019,511
84492351,S,員工薪資,平均薪資,,仟元,2019,860
84492351,S,員工薪資,薪資中位數,,仟元,2019,704
86436593,S,員工薪資,平均薪資,,仟元,2019,718
86436593,S,員工薪資,薪資中位數,,仟元,2019,592
23725553,S,員工薪資,平均薪資,,仟元,2019,663
23725553,S,員工薪資,薪資中位數,,仟元,2019,622
23632274,S,員工薪資,平均薪資,,仟元,2019,807
23632274,S,員工薪資,薪資中位數,,仟元,2019,727
86757291,S,員工薪資,平均薪資,,仟元,2019,637
86757291,S,員工薪資,薪資中位數,,仟元,2019,542
86124395,S,員工薪資,平均薪資,,仟元,2019,733
86124395,S,員工薪資,薪資中位數,,仟元,2019,667
22324051,S,員工薪資,平均薪資,,仟元,2019,633
22324051,S,員工薪資,薪資中位數,,仟元,2019,563
89495531,S,員工薪資,平均薪資,,仟元,2019,592
89495531,S,員工薪資,薪資中位數,,仟元,2019,517
75914885,S,員工薪資,平均薪資,,仟元,2019,526
75914885,S,員工薪資,薪資中位數,,仟元,2019,434
70801378,S,員工薪資,平均薪資,,仟元,2019,1423
70801378,S,員工薪資,薪資中位數,,仟元,2019,1018
16596646,S,員工薪資,平均薪資,,仟元,2019,1615
16596646,S,員工薪資,薪資中位數,,仟元,2019,1373
70540563,S,員工薪資,平均薪資,,仟元,2019,524
70540563,S,員工薪資,薪資中位數,,仟元,2019,454
16431363,S,員工薪資,平均薪資,,仟元,2019,534
16431363,S,員工薪資,薪資中位數,,仟元,2019,514
16447610,S,員工薪資,平均薪資,,仟元,2019,701
16447610,S,員工薪資,薪資中位數,,仟元,2019,682
22589593,S,員工薪資,平均薪資,,仟元,2018,1071
07699023,S,員工薪資,平均薪資,,仟元,2018,723
35966577,S,員工薪資,平均薪資,,仟元,2018,1055
16860440,S,員工薪資,平均薪資,,仟元,2018,797
16834268,S,員工薪資,平均薪資,,仟元,2018,621
22274989,S,員工薪資,平均薪資,,仟元,2018,627
34051920,S,員工薪資,平均薪資,,仟元,2018,1485
04401392,S,員工薪資,平均薪資,,仟元,2018,635
76026851,S,員工薪資,平均薪資,,仟元,2018,507
22636630,S,員工薪資,平均薪資,,仟元,2018,860
03546618,S,員工薪資,平均薪資,,仟元,2018,1494
43816068,S,員工薪資,平均薪資,,仟元,2018,614
05637971,S,員工薪資,平均薪資,,仟元,2018,554
30955404,S,員工薪資,平均薪資,,仟元,2018,609
34230543,S,員工薪資,平均薪資,,仟元,2018,693
86521351,S,員工薪資,平均薪資,,仟元,2018,767
20954200,S,員工薪資,平均薪資,,仟元,2018,1488
22223510,S,員工薪資,平均薪資,,仟元,2018,1019
23588039,S,員工薪資,平均薪資,,仟元,2018,638
52878846,S,員工薪資,平均薪資,,仟元,2018,454
44913118,S,員工薪資,平均薪資,,仟元,2018,986
20970807,S,員工薪資,平均薪資,,仟元,2018,583
81448796,S,員工薪資,平均薪資,,仟元,2018,860
83639504,S,員工薪資,平均薪資,,仟元,2018,668
35568331,S,員工薪資,平均薪資,,仟元,2018,799
01887370,S,員工薪資,平均薪資,,仟元,2018,809
30435973,S,員工薪資,平均薪資,,仟元,2018,845
84433564,S,員工薪資,平均薪資,,仟元,2018,501
04877657,S,員工薪資,平均薪資,,仟元,2018,754
07618057,S,員工薪資,平均薪資,,仟元,2018,1078
52358985,S,員工薪資,平均薪資,,仟元,2018,870
04403568,S,員工薪資,平均薪資,,仟元,2018,644
23534301,S,員工薪資,平均薪資,,仟元,2018,789
52753108,S,員工薪資,平均薪資,,仟元,2018,493
22771229,S,員工薪資,平均薪資,,仟元,2018,520
19004316,S,員工薪資,平均薪資,,仟元,2018,944
30929883,S,員工薪資,平均薪資,,仟元,2018,819
59276051,S,員工薪資,平均薪資,,仟元,2018,591
20950226,S,員工薪資,平均薪資,,仟元,2018,709
84239055,S,員工薪資,平均薪資,,仟元,2018,793
84274833,S,員工薪資,平均薪資,,仟元,2018,647
23542766,S,員工薪資,平均薪資,,仟元,2018,681
20891326,S,員工薪資,平均薪資,,仟元,2018,865
69577160,S,員工薪資,平均薪資,,仟元,2018,1068
23535435,S,員工薪資,平均薪資,,仟元,2018,689
21204867,S,員工薪資,平均薪資,,仟元,2018,644
86379707,S,員工薪資,平均薪資,,仟元,2018,731
38019280,S,員工薪資,平均薪資,,仟元,2018,768
84573516,S,員工薪資,平均薪資,,仟元,2018,975
84167600,S,員工薪資,平均薪資,,仟元,2018,609
84116878,S,員工薪資,平均薪資,,仟元,2018,875
86318408,S,員工薪資,平均薪資,,仟元,2018,1083
20799897,S,員工薪資,平均薪資,,仟元,2018,1060
86825235,S,員工薪資,平均薪資,,仟元,2018,562
86105242,S,員工薪資,平均薪資,,仟元,2018,376
39607700,S,員工薪資,平均薪資,,仟元,2018,648
31109687,S,員工薪資,平均薪資,,仟元,2018,879
86534980,S,員工薪資,平均薪資,,仟元,2018,613
22575850,S,員工薪資,平均薪資,,仟元,2018,939
22570840,S,員工薪資,平均薪資,,仟元,2018,474
45011782,S,員工薪資,平均薪資,,仟元,2018,698
70684527,S,員工薪資,平均薪資,,仟元,2018,742
97334073,S,員工薪資,平均薪資,,仟元,2018,751
89347602,S,員工薪資,平均薪資,,仟元,2018,879
86362776,S,員工薪資,平均薪資,,仟元,2018,887
12702977,S,員工薪資,平均薪資,,仟元,2018,706
22749711,S,員工薪資,平均薪資,,仟元,2018,622
22948084,S,員工薪資,平均薪資,,仟元,2018,492
23983947,S,員工薪資,平均薪資,,仟元,2018,487
34145259,S,員工薪資,平均薪資,,仟元,2018,905
86009297,S,員工薪資,平均薪資,,仟元,2018,532
89858152,S,員工薪資,平均薪資,,仟元,2018,834
97330127,S,員工薪資,平均薪資,,仟元,2018,626
35424073,S,員工薪資,平均薪資,,仟元,2018,536
84752200,S,員工薪資,平均薪資,,仟元,2018,1391
16674213,S,員工薪資,平均薪資,,仟元,2018,479
22928881,S,員工薪資,平均薪資,,仟元,2018,819
84232790,S,員工薪資,平均薪資,,仟元,2018,633
86834614,S,員工薪資,平均薪資,,仟元,2018,765
84846066,S,員工薪資,平均薪資,,仟元,2018,747
80272361,S,員工薪資,平均薪資,,仟元,2018,631
80611545,S,員工薪資,平均薪資,,仟元,2018,915
86746561,S,員工薪資,平均薪資,,仟元,2018,566
22071540,S,員工薪資,平均薪資,,仟元,2018,647
16691156,S,員工薪資,平均薪資,,仟元,2018,1155
22244141,S,員工薪資,平均薪資,,仟元,2018,1168
22625795,S,員工薪資,平均薪資,,仟元,2018,848
27393491,S,員工薪資,平均薪資,,仟元,2018,606
22488639,S,員工薪資,平均薪資,,仟元,2018,936
80617029,S,員工薪資,平均薪資,,仟元,2018,720
97257738,S,員工薪資,平均薪資,,仟元,2018,755
23414349,S,員工薪資,平均薪資,,仟元,2018,633
13073151,S,員工薪資,平均薪資,,仟元,2018,650
16130084,S,員工薪資,平均薪資,,仟元,2018,629
15979384,S,員工薪資,平均薪資,,仟元,2018,426
70776899,S,員工薪資,平均薪資,,仟元,2018,793
16870474,S,員工薪資,平均薪資,,仟元,2018,911
22415854,S,員工薪資,平均薪資,,仟元,2018,676
36011776,S,員工薪資,平均薪資,,仟元,2018,667
27642463,S,員工薪資,平均薪資,,仟元,2018,1005
51608205,S,員工薪資,平均薪資,,仟元,2018,626
70730016,S,員工薪資,平均薪資,,仟元,2018,582
12738623,S,員工薪資,平均薪資,,仟元,2018,520
28006928,S,員工薪資,平均薪資,,仟元,2018,1428
80494173,S,員工薪資,平均薪資,,仟元,2018,1147
80640083,S,員工薪資,平均薪資,,仟元,2018,1376
97173920,S,員工薪資,平均薪資,,仟元,2018,1001
13012009,S,員工薪資,平均薪資,,仟元,2018,825
84808400,S,員工薪資,平均薪資,,仟元,2018,509
20768310,S,員工薪資,平均薪資,,仟元,2018,593
44043132,S,員工薪資,平均薪資,,仟元,2018,653
76409479,S,員工薪資,平均薪資,,仟元,2018,598
86691377,S,員工薪資,平均薪資,,仟元,2018,525
23063420,S,員工薪資,平均薪資,,仟元,2018,478
86332422,S,員工薪資,平均薪資,,仟元,2018,508
22773079,S,員工薪資,平均薪資,,仟元,2018,668
23866949,S,員工薪資,平均薪資,,仟元,2018,490
33701355,S,員工薪資,平均薪資,,仟元,2018,717
89396770,S,員工薪資,平均薪資,,仟元,2018,432
23225071,S,員工薪資,平均薪資,,仟元,2018,622
97178087,S,員工薪資,平均薪資,,仟元,2018,582
43900488,S,員工薪資,平均薪資,,仟元,2018,613
97326828,S,員工薪資,平均薪資,,仟元,2018,557
36084833,S,員工薪資,平均薪資,,仟元,2018,506
43880075,S,員工薪資,平均薪資,,仟元,2018,919
22304288,S,員工薪資,平均薪資,,仟元,2018,824
84900878,S,員工薪資,平均薪資,,仟元,2018,787
47122187,S,員工薪資,平均薪資,,仟元,2018,697
86412635,S,員工薪資,平均薪資,,仟元,2018,478
04865462,S,員工薪資,平均薪資,,仟元,2018,642
22522622,S,員工薪資,平均薪資,,仟元,2018,656
23750095,S,員工薪資,平均薪資,,仟元,2018,518
86980046,S,員工薪資,平均薪資,,仟元,2018,622
22306130,S,員工薪資,平均薪資,,仟元,2018,508
22944019,S,員工薪資,平均薪資,,仟元,2018,1142
22006020,S,員工薪資,平均薪資,,仟元,2018,1161
23641338,S,員工薪資,平均薪資,,仟元,2018,703
22100469,S,員工薪資,平均薪資,,仟元,2018,483
84607396,S,員工薪資,平均薪資,,仟元,2018,647
22906009,S,員工薪資,平均薪資,,仟元,2018,507
81069921,S,員工薪資,平均薪資,,仟元,2018,1143
45082694,S,員工薪資,平均薪資,,仟元,2018,574
86701804,S,員工薪資,平均薪資,,仟元,2018,870
04329168,S,員工薪資,平均薪資,,仟元,2018,688
43408984,S,員工薪資,平均薪資,,仟元,2018,562
22115625,S,員工薪資,平均薪資,,仟元,2018,765
22837088,S,員工薪資,平均薪資,,仟元,2018,659
16101031,S,員工薪資,平均薪資,,仟元,2018,827
45190379,S,員工薪資,平均薪資,,仟元,2018,600
97179403,S,員工薪資,平均薪資,,仟元,2018,695
22059031,S,員工薪資,平均薪資,,仟元,2018,683
45911735,S,員工薪資,平均薪資,,仟元,2018,653
16433242,S,員工薪資,平均薪資,,仟元,2018,783
22993144,S,員工薪資,平均薪資,,仟元,2018,535
84497335,S,員工薪資,平均薪資,,仟元,2018,632
23576977,S,員工薪資,平均薪資,,仟元,2018,616
16347324,S,員工薪資,平均薪資,,仟元,2018,630
04226091,S,員工薪資,平均薪資,,仟元,2018,783
22264722,S,員工薪資,平均薪資,,仟元,2018,532
20759430,S,員工薪資,平均薪資,,仟元,2018,659
12341051,S,員工薪資,平均薪資,,仟元,2018,869
16599215,S,員工薪資,平均薪資,,仟元,2018,664
11298247,S,員工薪資,平均薪資,,仟元,2018,894
22133530,S,員工薪資,平均薪資,,仟元,2018,1085
24284436,S,員工薪資,平均薪資,,仟元,2018,1322
22774892,S,員工薪資,平均薪資,,仟元,2018,504
12688172,S,員工薪資,平均薪資,,仟元,2018,793
28064644,S,員工薪資,平均薪資,,仟元,2018,984
84819223,S,員工薪資,平均薪資,,仟元,2018,494
23555277,S,員工薪資,平均薪資,,仟元,2018,882
16207745,S,員工薪資,平均薪資,,仟元,2018,611
16198345,S,員工薪資,平均薪資,,仟元,2018,802
03550210,S,員工薪資,平均薪資,,仟元,2018,648
23310983,S,員工薪資,平均薪資,,仟元,2018,1376
16096804,S,員工薪資,平均薪資,,仟元,2018,842
84415355,S,員工薪資,平均薪資,,仟元,2018,604
96865657,S,員工薪資,平均薪資,,仟元,2018,561
84492351,S,員工薪資,平均薪資,,仟元,2018,723
86436593,S,員工薪資,平均薪資,,仟元,2018,827
23725553,S,員工薪資,平均薪資,,仟元,2018,638
23632274,S,員工薪資,平均薪資,,仟元,2018,800
86757291,S,員工薪資,平均薪資,,仟元,2018,679
86124395,S,員工薪資,平均薪資,,仟元,2018,776
22324051,S,員工薪資,平均薪資,,仟元,2018,533
89495531,S,員工薪資,平均薪資,,仟元,2018,599
75914885,S,員工薪資,平均薪資,,仟元,2018,518
70801378,S,員工薪資,平均薪資,,仟元,2018,1442
16596646,S,員工薪資,平均薪資,,仟元,2018,1395
70540563,S,員工薪資,平均薪資,,仟元,2018,567
16431363,S,員工薪資,平均薪資,,仟元,2018,599
16447610,S,員工薪資,平均薪資,,仟元,2018,678
89396770,G,資本額,資本額,,元,2020,710714900
89396770,G,資本額,資本額,,元,2019,710714900
22244141,G,資本額,資本額,,元,2020,1059779000
22244141,G,資本額,資本額,,元,2019,1059779000
16197211,G,資本額,資本額,,元,2020,410000000
16197211,G,資本額,資本額,,元,2019,410000000
59276051,G,資本額,資本額,,元,2020,1556548900
59276051,G,資本額,資本額,,元,2019,1556548900
12642444,G,資本額,資本額,,元,2020,539500000
12642444,G,資本額,資本額,,元,2019,539500000
03550210,G,資本額,資本額,,元,2020,1294625490
03550210,G,資本額,資本額,,元,2019,1294625490
12688172,G,資本額,資本額,,元,2020,305928350
12688172,G,資本額,資本額,,元,2019,305928350
22071540,G,資本額,資本額,,元,2020,688467780
22071540,G,資本額,資本額,,元,2019,688467780
20954200,G,資本額,資本額,,元,2020,7452927490
20954200,G,資本額,資本額,,元,2019,7452927490
24284436,G,資本額,資本額,,元,2020,3921471840
24284436,G,資本額,資本額,,元,2019,3921471840
22928881,G,資本額,資本額,,元,2020,665860000
22928881,G,資本額,資本額,,元,2019,665860000
80640083,G,資本額,資本額,,元,2020,266840000
80640083,G,資本額,資本額,,元,2019,266840000
16691156,G,資本額,資本額,,元,2020,582223790
16691156,G,資本額,資本額,,元,2019,582223790
53431627,G,資本額,資本額,,元,2020,570000000
53431627,G,資本額,資本額,,元,2019,570000000
86701804,G,資本額,資本額,,元,2020,1220858820
86701804,G,資本額,資本額,,元,2019,1220858820
22488639,G,資本額,資本額,,元,2020,850000000
22488639,G,資本額,資本額,,元,2019,850000000
12702977,G,資本額,資本額,,元,2020,1121164000
12702977,G,資本額,資本額,,元,2019,1121164000
35966577,G,資本額,資本額,,元,2020,1237241710
35966577,G,資本額,資本額,,元,2019,1237241710
16576851,G,資本額,資本額,,元,2020,471909060
16576851,G,資本額,資本額,,元,2019,471909060
70670235,G,資本額,資本額,,元,2020,373996620
70670235,G,資本額,資本額,,元,2019,373996620
22522622,G,資本額,資本額,,元,2020,725798980
22522622,G,資本額,資本額,,元,2019,725798980
07699023,G,資本額,資本額,,元,2020,1504145360
07699023,G,資本額,資本額,,元,2019,1504145360
22223510,G,資本額,資本額,,元,2020,5123269400
22223510,G,資本額,資本額,,元,2019,5123269400
22944019,G,資本額,資本額,,元,2020,805346090
22944019,G,資本額,資本額,,元,2019,805346090
86534980,G,資本額,資本額,,元,2020,437703410
86534980,G,資本額,資本額,,元,2019,437703410
05637971,G,資本額,資本額,,元,2020,6194071750
05637971,G,資本額,資本額,,元,2019,6194071750
22906009,G,資本額,資本額,,元,2020,1498675310
22906009,G,資本額,資本額,,元,2019,1498675310
86362776,G,資本額,資本額,,元,2020,1320159190
86362776,G,資本額,資本額,,元,2019,1320159190
84116878,G,資本額,資本額,,元,2020,1786571500
84116878,G,資本額,資本額,,元,2019,1786571500
03546618,G,資本額,資本額,,元,2020,5183462820
03546618,G,資本額,資本額,,元,2019,5183462820
23065258,G,資本額,資本額,,元,2020,280000000
23065258,G,資本額,資本額,,元,2019,280000000
05052033,G,資本額,資本額,,元,2020,239085130
05052033,G,資本額,資本額,,元,2019,239085130
22636630,G,資本額,資本額,,元,2020,4959188570
22636630,G,資本額,資本額,,元,2019,4959188570
38019280,G,資本額,資本額,,元,2020,1715193510
38019280,G,資本額,資本額,,元,2019,1715193510
51608205,G,資本額,資本額,,元,2020,2120359720
51608205,G,資本額,資本額,,元,2019,2120359720
20950226,G,資本額,資本額,,元,2020,1127192000
20950226,G,資本額,資本額,,元,2019,1127192000
11491382,G,資本額,資本額,,元,2020,700000000
11491382,G,資本額,資本額,,元,2019,700000000
20970807,G,資本額,資本額,,元,2020,1526486880
20970807,G,資本額,資本額,,元,2019,1526486880
23528103,G,資本額,資本額,,元,2020,14499711390
23528103,G,資本額,資本額,,元,2019,14499711390
34417836,G,資本額,資本額,,元,2020,601722970
34417836,G,資本額,資本額,,元,2019,601722970
27393491,G,資本額,資本額,,元,2020,601213980
27393491,G,資本額,資本額,,元,2019,601213980
23810592,G,資本額,資本額,,元,2020,550000000
23810592,G,資本額,資本額,,元,2019,550000000
36011776,G,資本額,資本額,,元,2020,626712290
36011776,G,資本額,資本額,,元,2019,626712290
33701355,G,資本額,資本額,,元,2020,587781300
33701355,G,資本額,資本額,,元,2019,587781300
22570840,G,資本額,資本額,,元,2020,322630000
22570840,G,資本額,資本額,,元,2019,322630000
22589593,G,資本額,資本額,,元,2020,627532300
22589593,G,資本額,資本額,,元,2019,627532300
12871564,G,資本額,資本額,,元,2020,604538960
12871564,G,資本額,資本額,,元,2019,604538960
22059031,G,資本額,資本額,,元,2020,660476850
22059031,G,資本額,資本額,,元,2019,660476850
07618057,G,資本額,資本額,,元,2020,1521896590
07618057,G,資本額,資本額,,元,2019,1521896590
35424073,G,資本額,資本額,,元,2020,1924853460
35424073,G,資本額,資本額,,元,2019,1924853460
36084833,G,資本額,資本額,,元,2020,1598993000
36084833,G,資本額,資本額,,元,2019,1598993000
86980046,G,資本額,資本額,,元,2020,5561776940
86980046,G,資本額,資本額,,元,2019,5561776940
70540563,G,資本額,資本額,,元,2020,683337650
70540563,G,資本額,資本額,,元,2019,683337650
20759430,G,資本額,資本額,,元,2020,996547070
20759430,G,資本額,資本額,,元,2019,996547070
22115625,G,資本額,資本額,,元,2020,720401950
22115625,G,資本額,資本額,,元,2019,720401950
13012009,G,資本額,資本額,,元,2020,744172000
13012009,G,資本額,資本額,,元,2019,744172000
22324051,G,資本額,資本額,,元,2020,306276560
22324051,G,資本額,資本額,,元,2019,306276560
86731791,G,資本額,資本額,,元,2020,205516240
86731791,G,資本額,資本額,,元,2019,205516240
84415355,G,資本額,資本額,,元,2020,518542830
84415355,G,資本額,資本額,,元,2019,518542830
34230543,G,資本額,資本額,,元,2020,1358441680
34230543,G,資本額,資本額,,元,2019,1358441680
12979018,G,資本額,資本額,,元,2020,350000000
12979018,G,資本額,資本額,,元,2019,350000000
34145259,G,資本額,資本額,,元,2020,1046858330
34145259,G,資本額,資本額,,元,2019,1046858330
23610975,G,資本額,資本額,,元,2020,666639480
23610975,G,資本額,資本額,,元,2019,666639480
24489613,G,資本額,資本額,,元,2020,1203000000
24489613,G,資本額,資本額,,元,2019,1203000000
97430202,G,資本額,資本額,,元,2020,332041090
97430202,G,資本額,資本額,,元,2019,332041090
23632274,G,資本額,資本額,,元,2020,789534130
23632274,G,資本額,資本額,,元,2019,789534130
31109687,G,資本額,資本額,,元,2020,589166210
31109687,G,資本額,資本額,,元,2019,589166210
84846066,G,資本額,資本額,,元,2020,355316000
84846066,G,資本額,資本額,,元,2019,355316000
04865462,G,資本額,資本額,,元,2020,1170062940
04865462,G,資本額,資本額,,元,2019,1170062940
04877657,G,資本額,資本額,,元,2020,1424845960
04877657,G,資本額,資本額,,元,2019,1424845960
97334073,G,資本額,資本額,,元,2020,226600600
97334073,G,資本額,資本額,,元,2019,226600600
16433242,G,資本額,資本額,,元,2020,800018380
16433242,G,資本額,資本額,,元,2019,800018380
23576977,G,資本額,資本額,,元,2020,1023598470
23576977,G,資本額,資本額,,元,2019,1023598470
22575850,G,資本額,資本額,,元,2020,901042030
22575850,G,資本額,資本額,,元,2019,901042030
86436593,G,資本額,資本額,,元,2020,455116140
86436593,G,資本額,資本額,,元,2019,455116140
22099343,G,資本額,資本額,,元,2020,456000000
22099343,G,資本額,資本額,,元,2019,456000000
97179403,G,資本額,資本額,,元,2020,3829572180
97179403,G,資本額,資本額,,元,2019,3829572180
70776899,G,資本額,資本額,,元,2020,1232576130
70776899,G,資本額,資本額,,元,2019,1232576130
47122187,G,資本額,資本額,,元,2020,1227625870
47122187,G,資本額,資本額,,元,2019,1227625870
16130084,G,資本額,資本額,,元,2020,1173408420
16130084,G,資本額,資本額,,元,2019,1173408420
80494173,G,資本額,資本額,,元,2020,982008680
80494173,G,資本額,資本額,,元,2019,982008680
04226091,G,資本額,資本額,,元,2020,2689386990
04226091,G,資本額,資本額,,元,2019,2689386990
01887370,G,資本額,資本額,,元,2020,1391172000
01887370,G,資本額,資本額,,元,2019,1391172000
23414349,G,資本額,資本額,,元,2020,1216622390
23414349,G,資本額,資本額,,元,2019,1216622390
45190379,G,資本額,資本額,,元,2020,350480000
45190379,G,資本額,資本額,,元,2019,350480000
86332422,G,資本額,資本額,,元,2020,2850943880
86332422,G,資本額,資本額,,元,2019,2850943880
22774892,G,資本額,資本額,,元,2020,345220000
22774892,G,資本額,資本額,,元,2019,345220000
97257738,G,資本額,資本額,,元,2020,1343958840
97257738,G,資本額,資本額,,元,2019,1343958840
30955404,G,資本額,資本額,,元,2020,5464878410
30955404,G,資本額,資本額,,元,2019,5464878410
22948084,G,資本額,資本額,,元,2020,502604670
22948084,G,資本額,資本額,,元,2019,502604670
16431363,G,資本額,資本額,,元,2020,1000000000
16431363,G,資本額,資本額,,元,2019,1000000000
86412635,G,資本額,資本額,,元,2020,1080797510
86412635,G,資本額,資本額,,元,2019,1080797510
22306130,G,資本額,資本額,,元,2020,869203920
22306130,G,資本額,資本額,,元,2019,869203920
70684527,G,資本額,資本額,,元,2020,697126000
70684527,G,資本額,資本額,,元,2019,697126000
70801378,G,資本額,資本額,,元,2020,2750139380
70801378,G,資本額,資本額,,元,2019,2750139380
27449349,G,資本額,資本額,,元,2020,400000000
27449349,G,資本額,資本額,,元,2019,400000000
86379707,G,資本額,資本額,,元,2020,5256058000
86379707,G,資本額,資本額,,元,2019,5256058000
45911735,G,資本額,資本額,,元,2020,1319723880
45911735,G,資本額,資本額,,元,2019,1319723880
04403568,G,資本額,資本額,,元,2020,1878322980
04403568,G,資本額,資本額,,元,2019,1878322980
45082694,G,資本額,資本額,,元,2020,1115000000
45082694,G,資本額,資本額,,元,2019,1115000000
36268804,G,資本額,資本額,,元,2020,584940000
36268804,G,資本額,資本額,,元,2019,584940000
97326828,G,資本額,資本額,,元,2020,1899133460
97326828,G,資本額,資本額,,元,2019,1899133460
23063420,G,資本額,資本額,,元,2020,1661227920
23063420,G,資本額,資本額,,元,2019,1661227920
22773079,G,資本額,資本額,,元,2020,929757520
22773079,G,資本額,資本額,,元,2019,929757520
22006020,G,資本額,資本額,,元,2020,526694880
22006020,G,資本額,資本額,,元,2019,526694880
84239055,G,資本額,資本額,,元,2020,1872619500
84239055,G,資本額,資本額,,元,2019,1872619500
43408984,G,資本額,資本額,,元,2020,231020800
43408984,G,資本額,資本額,,元,2019,231020800
23725553,G,資本額,資本額,,元,2020,642085000
23725553,G,資本額,資本額,,元,2019,642085000
86834614,G,資本額,資本額,,元,2020,697365570
86834614,G,資本額,資本額,,元,2019,697365570
80611545,G,資本額,資本額,,元,2020,799729450
80611545,G,資本額,資本額,,元,2019,799729450
97178087,G,資本額,資本額,,元,2020,1271270170
97178087,G,資本額,資本額,,元,2019,1271270170
23555277,G,資本額,資本額,,元,2020,550000000
23555277,G,資本額,資本額,,元,2019,550000000
45011782,G,資本額,資本額,,元,2020,929208960
45011782,G,資本額,資本額,,元,2019,929208960
04393941,G,資本額,資本額,,元,2020,210001250
04393941,G,資本額,資本額,,元,2019,210001250
86691377,G,資本額,資本額,,元,2020,1948939640
86691377,G,資本額,資本額,,元,2019,1948939640
86978512,G,資本額,資本額,,元,2020,1031304000
86978512,G,資本額,資本額,,元,2019,1031304000
23641338,G,資本額,資本額,,元,2020,1720000000
23641338,G,資本額,資本額,,元,2019,1720000000
89379218,G,資本額,資本額,,元,2020,228395470
89379218,G,資本額,資本額,,元,2019,228395470
43816068,G,資本額,資本額,,元,2020,3974954000
43816068,G,資本額,資本額,,元,2019,3974954000
27642463,G,資本額,資本額,,元,2020,696758070
27642463,G,資本額,資本額,,元,2019,696758070
53125710,G,資本額,資本額,,元,2020,263422500
53125710,G,資本額,資本額,,元,2019,263422500
16860440,G,資本額,資本額,,元,2020,471481340
16860440,G,資本額,資本額,,元,2019,471481340
22993144,G,資本額,資本額,,元,2020,2775183610
22993144,G,資本額,資本額,,元,2019,2775183610
16742182,G,資本額,資本額,,元,2020,1175486240
16742182,G,資本額,資本額,,元,2019,1175486240
89347602,G,資本額,資本額,,元,2020,995489260
89347602,G,資本額,資本額,,元,2019,995489260
23534301,G,資本額,資本額,,元,2020,1447376390
23534301,G,資本額,資本額,,元,2019,1447376390
04401392,G,資本額,資本額,,元,2020,11918205890
04401392,G,資本額,資本額,,元,2019,11918205890
86825235,G,資本額,資本額,,元,2020,436976000
86825235,G,資本額,資本額,,元,2019,436976000
84573516,G,資本額,資本額,,元,2020,2273910000
84573516,G,資本額,資本額,,元,2019,2273910000
12738623,G,資本額,資本額,,元,2020,770000000
12738623,G,資本額,資本額,,元,2019,770000000
23225071,G,資本額,資本額,,元,2020,5284413520
23225071,G,資本額,資本額,,元,2019,5284413520
86521351,G,資本額,資本額,,元,2020,3329182990
86521351,G,資本額,資本額,,元,2019,3329182990
89495531,G,資本額,資本額,,元,2020,514850000
89495531,G,資本額,資本額,,元,2019,514850000
23866949,G,資本額,資本額,,元,2020,1702019000
23866949,G,資本額,資本額,,元,2019,1702019000
22133530,G,資本額,資本額,,元,2020,469007000
22133530,G,資本額,資本額,,元,2019,469007000
16674213,G,資本額,資本額,,元,2020,675050590
16674213,G,資本額,資本額,,元,2019,675050590
43900488,G,資本額,資本額,,元,2020,915861000
43900488,G,資本額,資本額,,元,2019,915861000
22304288,G,資本額,資本額,,元,2020,1876621540
22304288,G,資本額,資本額,,元,2019,1876621540
84808400,G,資本額,資本額,,元,2020,392229060
84808400,G,資本額,資本額,,元,2019,392229060
23535435,G,資本額,資本額,,元,2020,14752603330
23535435,G,資本額,資本額,,元,2019,14752603330
34051920,G,資本額,資本額,,元,2020,25975433290
34051920,G,資本額,資本額,,元,2019,25975433290
70730016,G,資本額,資本額,,元,2020,322854000
70730016,G,資本額,資本額,,元,2019,322854000
30435973,G,資本額,資本額,,元,2020,3376884160
30435973,G,資本額,資本額,,元,2019,3376884160
22415854,G,資本額,資本額,,元,2020,1222024020
22415854,G,資本額,資本額,,元,2019,1222024020
22749711,G,資本額,資本額,,元,2020,999496000
22749711,G,資本額,資本額,,元,2019,999496000
23588039,G,資本額,資本額,,元,2020,3075365330
23588039,G,資本額,資本額,,元,2019,3075365330
15979384,G,資本額,資本額,,元,2020,818209090
15979384,G,資本額,資本額,,元,2019,818209090
84819223,G,資本額,資本額,,元,2020,372690000
84819223,G,資本額,資本額,,元,2019,372690000
28031594,G,資本額,資本額,,元,2020,293122140
28031594,G,資本額,資本額,,元,2019,293122140
52878846,G,資本額,資本額,,元,2020,1273592000
52878846,G,資本額,資本額,,元,2019,1273592000
86757291,G,資本額,資本額,,元,2020,776094040
86757291,G,資本額,資本額,,元,2019,776094040
52753108,G,資本額,資本額,,元,2020,1106188070
52753108,G,資本額,資本額,,元,2019,1106188070
22306125,G,資本額,資本額,,元,2020,391461500
22306125,G,資本額,資本額,,元,2019,391461500
13073151,G,資本額,資本額,,元,2020,306793870
13073151,G,資本額,資本額,,元,2019,306793870
86667046,G,資本額,資本額,,元,2020,335792530
86667046,G,資本額,資本額,,元,2019,335792530
23983947,G,資本額,資本額,,元,2020,1561448250
23983947,G,資本額,資本額,,元,2019,1561448250
52358985,G,資本額,資本額,,元,2020,1621595790
52358985,G,資本額,資本額,,元,2019,1621595790
22771229,G,資本額,資本額,,元,2020,1594210220
22771229,G,資本額,資本額,,元,2019,1594210220
22100469,G,資本額,資本額,,元,2020,500000000
22100469,G,資本額,資本額,,元,2019,500000000
16207745,G,資本額,資本額,,元,2020,598141900
16207745,G,資本額,資本額,,元,2019,598141900
44913118,G,資本額,資本額,,元,2020,800000000
44913118,G,資本額,資本額,,元,2019,800000000
22625795,G,資本額,資本額,,元,2020,535647420
22625795,G,資本額,資本額,,元,2019,535647420
11298247,G,資本額,資本額,,元,2020,1477661970
11298247,G,資本額,資本額,,元,2019,1477661970
86105242,G,資本額,資本額,,元,2020,871947610
86105242,G,資本額,資本額,,元,2019,871947610
86746561,G,資本額,資本額,,元,2020,840000000
86746561,G,資本額,資本額,,元,2019,840000000
84274833,G,資本額,資本額,,元,2020,930000000
84274833,G,資本額,資本額,,元,2019,930000000
30929883,G,資本額,資本額,,元,2020,1144373000
30929883,G,資本額,資本額,,元,2019,1144373000
19004316,G,資本額,資本額,,元,2020,4858042990
19004316,G,資本額,資本額,,元,2019,4858042990
81069921,G,資本額,資本額,,元,2020,4743030000
81069921,G,資本額,資本額,,元,2019,4743030000
04329168,G,資本額,資本額,,元,2020,771809000
04329168,G,資本額,資本額,,元,2019,771809000
89858152,G,資本額,資本額,,元,2020,698359850
89858152,G,資本額,資本額,,元,2019,698359850
16447610,G,資本額,資本額,,元,2020,2525880000
16447610,G,資本額,資本額,,元,2019,2525880000
20768310,G,資本額,資本額,,元,2020,1555489640
20768310,G,資本額,資本額,,元,2019,1555489640
80272361,G,資本額,資本額,,元,2020,1182579270
80272361,G,資本額,資本額,,元,2019,1182579270
84497335,G,資本額,資本額,,元,2020,161112060
84497335,G,資本額,資本額,,元,2019,161112060
86318408,G,資本額,資本額,,元,2020,923181120
86318408,G,資本額,資本額,,元,2019,923181120
43880075,G,資本額,資本額,,元,2020,439119370
43880075,G,資本額,資本額,,元,2019,439119370
20891326,G,資本額,資本額,,元,2020,1579907790
20891326,G,資本額,資本額,,元,2019,1579907790
35568331,G,資本額,資本額,,元,2020,1109270000
35568331,G,資本額,資本額,,元,2019,1109270000
16596646,G,資本額,資本額,,元,2020,1490550000
16596646,G,資本額,資本額,,元,2019,1490550000
84167600,G,資本額,資本額,,元,2020,651133140
84167600,G,資本額,資本額,,元,2019,651133140
23310983,G,資本額,資本額,,元,2020,799071700
23310983,G,資本額,資本額,,元,2019,799071700
86124395,G,資本額,資本額,,元,2020,1814767430
86124395,G,資本額,資本額,,元,2019,1814767430
16870474,G,資本額,資本額,,元,2020,392973710
16870474,G,資本額,資本額,,元,2019,392973710
28006928,G,資本額,資本額,,元,2020,4552633240
28006928,G,資本額,資本額,,元,2019,4552633240
21204867,G,資本額,資本額,,元,2020,3097570400
21204867,G,資本額,資本額,,元,2019,3097570400
84900878,G,資本額,資本額,,元,2020,1824799000
84900878,G,資本額,資本額,,元,2019,1824799000
39607700,G,資本額,資本額,,元,2020,1171648700
39607700,G,資本額,資本額,,元,2019,1171648700
44043132,G,資本額,資本額,,元,2020,349731950
44043132,G,資本額,資本額,,元,2019,349731950
84752200,G,資本額,資本額,,元,2020,740610000
84752200,G,資本額,資本額,,元,2019,740610000
84492351,G,資本額,資本額,,元,2020,224083210
84492351,G,資本額,資本額,,元,2019,224083210
23750095,G,資本額,資本額,,元,2020,1160230050
23750095,G,資本額,資本額,,元,2019,1160230050
86009297,G,資本額,資本額,,元,2020,481042000
86009297,G,資本額,資本額,,元,2019,481042000
12341051,G,資本額,資本額,,元,2020,5166212950
12341051,G,資本額,資本額,,元,2019,5166212950
97173920,G,資本額,資本額,,元,2020,1530850000
97173920,G,資本額,資本額,,元,2019,1530850000
16096804,G,資本額,資本額,,元,2020,6461654000
16096804,G,資本額,資本額,,元,2019,6461654000
20799897,G,資本額,資本額,,元,2020,590800000
20799897,G,資本額,資本額,,元,2019,590800000
54384828,G,資本額,資本額,,元,2020,1000000
54384828,G,資本額,資本額,,元,2019,1000000
96865657,G,資本額,資本額,,元,2020,845744660
96865657,G,資本額,資本額,,元,2019,845744660
97330127,G,資本額,資本額,,元,2020,701124260
97330127,G,資本額,資本額,,元,2019,701124260
69577160,G,資本額,資本額,,元,2020,1132856260
69577160,G,資本額,資本額,,元,2019,1132856260
16101031,G,資本額,資本額,,元,2020,1182016790
16101031,G,資本額,資本額,,元,2019,1182016790
16599215,G,資本額,資本額,,元,2020,1401803410
16599215,G,資本額,資本額,,元,2019,1401803410
28064644,G,資本額,資本額,,元,2020,889535140
28064644,G,資本額,資本額,,元,2019,889535140
23542766,G,資本額,資本額,,元,2020,2333769650
23542766,G,資本額,資本額,,元,2019,2333769650
84607396,G,資本額,資本額,,元,2020,1430048200
84607396,G,資本額,資本額,,元,2019,1430048200
16834268,G,資本額,資本額,,元,2020,4284776700
16834268,G,資本額,資本額,,元,2019,4284776700
83639504,G,資本額,資本額,,元,2020,1281127260
83639504,G,資本額,資本額,,元,2019,1281127260
22264722,G,資本額,資本額,,元,2020,697869250
22264722,G,資本額,資本額,,元,2019,697869250
81448796,G,資本額,資本額,,元,2020,2509297000
81448796,G,資本額,資本額,,元,2019,2509297000
22837088,G,資本額,資本額,,元,2020,838735890
22837088,G,資本額,資本額,,元,2019,838735890
83360971,G,資本額,資本額,,元,2020,798270820
83360971,G,資本額,資本額,,元,2019,798270820
16198345,G,資本額,資本額,,元,2020,2091196920
16198345,G,資本額,資本額,,元,2019,2091196920
75914885,G,資本額,資本額,,元,2020,1070412000
75914885,G,資本額,資本額,,元,2019,1070412000
76409479,G,資本額,資本額,,元,2020,1727107240
76409479,G,資本額,資本額,,元,2019,1727107240
16347324,G,資本額,資本額,,元,2020,3513308790
16347324,G,資本額,資本額,,元,2019,3513308790
80617029,G,資本額,資本額,,元,2020,930424160
80617029,G,資本額,資本額,,元,2019,930424160
84232790,G,資本額,資本額,,元,2020,321603350
84232790,G,資本額,資本額,,元,2019,321603350
76026851,G,資本額,資本額,,元,2020,1827405360
76026851,G,資本額,資本額,,元,2019,1827405360
22274989,G,資本額,資本額,,元,2020,952970720
22274989,G,資本額,資本額,,元,2019,952970720
84433564,G,資本額,資本額,,元,2020,1692000000
84433564,G,資本額,資本額,,元,2019,1692000000
07699023,G,營運狀況,營業收入,,仟元,2020,1085366
07699023,G,營運狀況,營業成本,,仟元,2020,976899
07699023,G,營運狀況,營業費用,,仟元,2020,213631
07699023,G,營運狀況,淨利,,仟元,2020,396093
35966577,G,營運狀況,營業收入,,仟元,2020,9663341
35966577,G,營運狀況,營業成本,,仟元,2020,7122648
35966577,G,營運狀況,營業費用,,仟元,2020,1009001
35966577,G,營運狀況,淨利,,仟元,2020,974682
12642444,G,營運狀況,營業收入,,仟元,2020,128174
12642444,G,營運狀況,營業成本,,仟元,2020,196502
12642444,G,營運狀況,營業費用,,仟元,2020,61556
12642444,G,營運狀況,淨利,,仟元,2020,-147290
22274989,G,營運狀況,營業收入,,仟元,2020,4801405
22274989,G,營運狀況,營業成本,,仟元,2020,2286593
22274989,G,營運狀況,營業費用,,仟元,2020,553203
22274989,G,營運狀況,淨利,,仟元,2020,1164589
34051920,G,營運狀況,營業收入,,仟元,2020,282605493
34051920,G,營運狀況,營業成本,,仟元,2020,195393115
34051920,G,營運狀況,營業費用,,仟元,2020,55786574
34051920,G,營運狀況,淨利,,仟元,2020,27384339
04401392,G,營運狀況,營業收入,,仟元,2020,60516929
04401392,G,營運狀況,營業成本,,仟元,2020,49513908
04401392,G,營運狀況,營業費用,,仟元,2020,4365272
04401392,G,營運狀況,淨利,,仟元,2020,4664701
76026851,G,營運狀況,營業收入,,仟元,2020,4784973
76026851,G,營運狀況,營業成本,,仟元,2020,4594437
76026851,G,營運狀況,營業費用,,仟元,2020,395789
76026851,G,營運狀況,淨利,,仟元,2020,414059
22636630,G,營運狀況,營業收入,,仟元,2020,67672108
22636630,G,營運狀況,營業成本,,仟元,2020,41015041
22636630,G,營運狀況,營業費用,,仟元,2020,9175150
22636630,G,營運狀況,淨利,,仟元,2020,13003182
03546618,G,營運狀況,營業收入,,仟元,2020,20547713
03546618,G,營運狀況,營業成本,,仟元,2020,18403018
03546618,G,營運狀況,營業費用,,仟元,2020,1219897
03546618,G,營運狀況,淨利,,仟元,2020,790495
43816068,G,營運狀況,營業收入,,仟元,2020,15313285
43816068,G,營運狀況,營業成本,,仟元,2020,14443453
43816068,G,營運狀況,營業費用,,仟元,2020,993603
43816068,G,營運狀況,淨利,,仟元,2020,45702
05637971,G,營運狀況,營業收入,,仟元,2020,14386972
05637971,G,營運狀況,營業成本,,仟元,2020,14390500
05637971,G,營運狀況,營業費用,,仟元,2020,2306610
05637971,G,營運狀況,淨利,,仟元,2020,-1435460
30955404,G,營運狀況,營業收入,,仟元,2020,23398323
30955404,G,營運狀況,營業成本,,仟元,2020,18107743
30955404,G,營運狀況,營業費用,,仟元,2020,2172286
30955404,G,營運狀況,淨利,,仟元,2020,2066612
34230543,G,營運狀況,營業收入,,仟元,2020,4466552
34230543,G,營運狀況,營業成本,,仟元,2020,3310374
34230543,G,營運狀況,營業費用,,仟元,2020,603781
34230543,G,營運狀況,淨利,,仟元,2020,581393
86521351,G,營運狀況,營業收入,,仟元,2020,27200786
86521351,G,營運狀況,營業成本,,仟元,2020,20160757
86521351,G,營運狀況,營業費用,,仟元,2020,2356578
86521351,G,營運狀況,淨利,,仟元,2020,3694270
20954200,G,營運狀況,營業收入,,仟元,2020,95082227
20954200,G,營運狀況,營業成本,,仟元,2020,77306598
20954200,G,營運狀況,營業費用,,仟元,2020,10112929
20954200,G,營運狀況,淨利,,仟元,2020,6567771
22223510,G,營運狀況,營業收入,,仟元,2020,89552100
22223510,G,營運狀況,營業成本,,仟元,2020,79778673
22223510,G,營運狀況,營業費用,,仟元,2020,7379006
22223510,G,營運狀況,淨利,,仟元,2020,1884368
23588039,G,營運狀況,營業收入,,仟元,2020,5502842
23588039,G,營運狀況,營業成本,,仟元,2020,4758407
23588039,G,營運狀況,營業費用,,仟元,2020,548748
23588039,G,營運狀況,淨利,,仟元,2020,120190
52878846,G,營運狀況,營業收入,,仟元,2020,3801959
52878846,G,營運狀況,營業成本,,仟元,2020,3222699
52878846,G,營運狀況,營業費用,,仟元,2020,563249
52878846,G,營運狀況,淨利,,仟元,2020,-13831
44913118,G,營運狀況,營業收入,,仟元,2020,1964549
44913118,G,營運狀況,營業成本,,仟元,2020,1482002
44913118,G,營運狀況,營業費用,,仟元,2020,264243
44913118,G,營運狀況,淨利,,仟元,2020,87210
20970807,G,營運狀況,營業收入,,仟元,2020,2475359
20970807,G,營運狀況,營業成本,,仟元,2020,1553532
20970807,G,營運狀況,營業費用,,仟元,2020,409714
20970807,G,營運狀況,淨利,,仟元,2020,444452
81448796,G,營運狀況,營業收入,,仟元,2020,12781281
81448796,G,營運狀況,營業成本,,仟元,2020,9783239
81448796,G,營運狀況,營業費用,,仟元,2020,1883831
81448796,G,營運狀況,淨利,,仟元,2020,851650
83639504,G,營運狀況,營業收入,,仟元,2020,5920258
83639504,G,營運狀況,營業成本,,仟元,2020,3205653
83639504,G,營運狀況,營業費用,,仟元,2020,871463
83639504,G,營運狀況,淨利,,仟元,2020,1380603
35568331,G,營運狀況,營業收入,,仟元,2020,2298426
35568331,G,營運狀況,營業成本,,仟元,2020,2007667
35568331,G,營運狀況,營業費用,,仟元,2020,256422
35568331,G,營運狀況,淨利,,仟元,2020,46775
01887370,G,營運狀況,營業收入,,仟元,2020,2990077
01887370,G,營運狀況,營業成本,,仟元,2020,2721215
01887370,G,營運狀況,營業費用,,仟元,2020,142197
01887370,G,營運狀況,淨利,,仟元,2020,219766
30435973,G,營運狀況,營業收入,,仟元,2020,9243618
30435973,G,營運狀況,營業成本,,仟元,2020,8066422
30435973,G,營運狀況,營業費用,,仟元,2020,1549827
30435973,G,營運狀況,淨利,,仟元,2020,-154613
84433564,G,營運狀況,營業收入,,仟元,2020,3454386
84433564,G,營運狀況,營業成本,,仟元,2020,3078080
84433564,G,營運狀況,營業費用,,仟元,2020,342628
84433564,G,營運狀況,淨利,,仟元,2020,-42496
04877657,G,營運狀況,營業收入,,仟元,2020,4526914
04877657,G,營運狀況,營業成本,,仟元,2020,4054903
04877657,G,營運狀況,營業費用,,仟元,2020,359745
04877657,G,營運狀況,淨利,,仟元,2020,123760
07618057,G,營運狀況,營業收入,,仟元,2020,4085806
07618057,G,營運狀況,營業成本,,仟元,2020,2538492
07618057,G,營運狀況,營業費用,,仟元,2020,1016806
07618057,G,營運狀況,淨利,,仟元,2020,475245
52358985,G,營運狀況,營業收入,,仟元,2020,7822322
52358985,G,營運狀況,營業成本,,仟元,2020,5578148
52358985,G,營運狀況,營業費用,,仟元,2020,952917
52358985,G,營運狀況,淨利,,仟元,2020,976185
04403568,G,營運狀況,營業收入,,仟元,2020,4779614
04403568,G,營運狀況,營業成本,,仟元,2020,3434436
04403568,G,營運狀況,營業費用,,仟元,2020,809389
04403568,G,營運狀況,淨利,,仟元,2020,356967
23534301,G,營運狀況,營業收入,,仟元,2020,5394839
23534301,G,營運狀況,營業成本,,仟元,2020,4097284
23534301,G,營運狀況,營業費用,,仟元,2020,530819
23534301,G,營運狀況,淨利,,仟元,2020,670135
52753108,G,營運狀況,營業收入,,仟元,2020,1780115
52753108,G,營運狀況,營業成本,,仟元,2020,1404398
52753108,G,營運狀況,營業費用,,仟元,2020,352712
52753108,G,營運狀況,淨利,,仟元,2020,84148
22771229,G,營運狀況,營業收入,,仟元,2020,2590872
22771229,G,營運狀況,營業成本,,仟元,2020,2058530
22771229,G,營運狀況,營業費用,,仟元,2020,330714
22771229,G,營運狀況,淨利,,仟元,2020,161803
19004316,G,營運狀況,營業收入,,仟元,2020,35599249
19004316,G,營運狀況,營業成本,,仟元,2020,24356194
19004316,G,營運狀況,營業費用,,仟元,2020,3329516
19004316,G,營運狀況,淨利,,仟元,2020,7217645
30929883,G,營運狀況,營業收入,,仟元,2020,2600664
30929883,G,營運狀況,營業成本,,仟元,2020,1912717
30929883,G,營運狀況,營業費用,,仟元,2020,290423
30929883,G,營運狀況,淨利,,仟元,2020,308769
59276051,G,營運狀況,營業收入,,仟元,2020,3382931
59276051,G,營運狀況,營業成本,,仟元,2020,2308808
59276051,G,營運狀況,營業費用,,仟元,2020,478308
59276051,G,營運狀況,淨利,,仟元,2020,366958
20950226,G,營運狀況,營業收入,,仟元,2020,1320863
20950226,G,營運狀況,營業成本,,仟元,2020,1205266
20950226,G,營運狀況,營業費用,,仟元,2020,211013
20950226,G,營運狀況,淨利,,仟元,2020,-90140
84239055,G,營運狀況,營業收入,,仟元,2020,14796460
84239055,G,營運狀況,營業成本,,仟元,2020,12730131
84239055,G,營運狀況,營業費用,,仟元,2020,1601211
84239055,G,營運狀況,淨利,,仟元,2020,692075
84274833,G,營運狀況,營業收入,,仟元,2020,2717038
84274833,G,營運狀況,營業成本,,仟元,2020,2144607
84274833,G,營運狀況,營業費用,,仟元,2020,401862
84274833,G,營運狀況,淨利,,仟元,2020,95988
23542766,G,營運狀況,營業收入,,仟元,2020,21797542
23542766,G,營運狀況,營業成本,,仟元,2020,16211545
23542766,G,營運狀況,營業費用,,仟元,2020,2936820
23542766,G,營運狀況,淨利,,仟元,2020,2183500
20891326,G,營運狀況,營業收入,,仟元,2020,14830428
20891326,G,營運狀況,營業成本,,仟元,2020,11748577
20891326,G,營運狀況,營業費用,,仟元,2020,1571994
20891326,G,營運狀況,淨利,,仟元,2020,1229790
69577160,G,營運狀況,營業收入,,仟元,2020,9233174
69577160,G,營運狀況,營業成本,,仟元,2020,7535545
69577160,G,營運狀況,營業費用,,仟元,2020,1092557
69577160,G,營運狀況,淨利,,仟元,2020,559643
23535435,G,營運狀況,營業收入,,仟元,2020,87892821
23535435,G,營運狀況,營業成本,,仟元,2020,75064455
23535435,G,營運狀況,營業費用,,仟元,2020,8859473
23535435,G,營運狀況,淨利,,仟元,2020,5317528
21204867,G,營運狀況,營業收入,,仟元,2020,11048392
21204867,G,營運狀況,營業成本,,仟元,2020,7715586
21204867,G,營運狀況,營業費用,,仟元,2020,1715146
21204867,G,營運狀況,淨利,,仟元,2020,1429287
86379707,G,營運狀況,營業收入,,仟元,2020,55547908
86379707,G,營運狀況,營業成本,,仟元,2020,44397486
86379707,G,營運狀況,營業費用,,仟元,2020,4576080
86379707,G,營運狀況,淨利,,仟元,2020,6125394
38019280,G,營運狀況,營業收入,,仟元,2020,4163616
38019280,G,營運狀況,營業成本,,仟元,2020,3675082
38019280,G,營運狀況,營業費用,,仟元,2020,633439
38019280,G,營運狀況,淨利,,仟元,2020,-121984
84116878,G,營運狀況,營業收入,,仟元,2020,9241488
84116878,G,營運狀況,營業成本,,仟元,2020,7640926
84116878,G,營運狀況,營業費用,,仟元,2020,713932
84116878,G,營運狀況,淨利,,仟元,2020,627543
86318408,G,營運狀況,營業收入,,仟元,2020,2651387
86318408,G,營運狀況,營業成本,,仟元,2020,2010962
86318408,G,營運狀況,營業費用,,仟元,2020,405632
86318408,G,營運狀況,淨利,,仟元,2020,127301
89379218,G,營運狀況,營業收入,,仟元,2020,631728
89379218,G,營運狀況,營業成本,,仟元,2020,610019
89379218,G,營運狀況,營業費用,,仟元,2020,88587
89379218,G,營運狀況,淨利,,仟元,2020,-80387
22570840,G,營運狀況,營業收入,,仟元,2020,390868
22570840,G,營運狀況,營業成本,,仟元,2020,382813
22570840,G,營運狀況,營業費用,,仟元,2020,180491
22570840,G,營運狀況,淨利,,仟元,2020,-230284
12702977,G,營運狀況,營業收入,,仟元,2020,2511738
12702977,G,營運狀況,營業成本,,仟元,2020,2107509
12702977,G,營運狀況,營業費用,,仟元,2020,363600
12702977,G,營運狀況,淨利,,仟元,2020,22475
22749711,G,營運狀況,營業收入,,仟元,2020,329881
22749711,G,營運狀況,營業成本,,仟元,2020,311268
22749711,G,營運狀況,營業費用,,仟元,2020,79246
22749711,G,營運狀況,淨利,,仟元,2020,-87435
23983947,G,營運狀況,營業收入,,仟元,2020,1858643
23983947,G,營運狀況,營業成本,,仟元,2020,1792548
23983947,G,營運狀況,營業費用,,仟元,2020,287514
23983947,G,營運狀況,淨利,,仟元,2020,-272816
89858152,G,營運狀況,營業收入,,仟元,2020,5257058
89858152,G,營運狀況,營業成本,,仟元,2020,4193976
89858152,G,營運狀況,營業費用,,仟元,2020,696550
89858152,G,營運狀況,淨利,,仟元,2020,225236
35424073,G,營運狀況,營業收入,,仟元,2020,15232783
35424073,G,營運狀況,營業成本,,仟元,2020,11577906
35424073,G,營運狀況,營業費用,,仟元,2020,957812
35424073,G,營運狀況,淨利,,仟元,2020,1672971
22928881,G,營運狀況,營業收入,,仟元,2020,31533
22928881,G,營運狀況,營業成本,,仟元,2020,22141
22928881,G,營運狀況,營業費用,,仟元,2020,31927
22928881,G,營運狀況,淨利,,仟元,2020,32558
80272361,G,營運狀況,營業收入,,仟元,2020,4660963
80272361,G,營運狀況,營業成本,,仟元,2020,3531257
80272361,G,營運狀況,營業費用,,仟元,2020,587005
80272361,G,營運狀況,淨利,,仟元,2020,424076
22244141,G,營運狀況,營業收入,,仟元,2020,17291332
22244141,G,營運狀況,營業成本,,仟元,2020,10361137
22244141,G,營運狀況,營業費用,,仟元,2020,3222543
22244141,G,營運狀況,淨利,,仟元,2020,2835589
22488639,G,營運狀況,營業收入,,仟元,2020,3597629
22488639,G,營運狀況,營業成本,,仟元,2020,2882840
22488639,G,營運狀況,營業費用,,仟元,2020,592556
22488639,G,營運狀況,淨利,,仟元,2020,81408
16742182,G,營運狀況,營業收入,,仟元,2020,544493
16742182,G,營運狀況,營業成本,,仟元,2020,485398
16742182,G,營運狀況,營業費用,,仟元,2020,96301
16742182,G,營運狀況,淨利,,仟元,2020,-42684
80617029,G,營運狀況,營業收入,,仟元,2020,689786
80617029,G,營運狀況,營業成本,,仟元,2020,555143
80617029,G,營運狀況,營業費用,,仟元,2020,101338
80617029,G,營運狀況,淨利,,仟元,2020,74849
97257738,G,營運狀況,營業收入,,仟元,2020,8062865
97257738,G,營運狀況,營業成本,,仟元,2020,6226899
97257738,G,營運狀況,營業費用,,仟元,2020,1487428
97257738,G,營運狀況,淨利,,仟元,2020,259946
23414349,G,營運狀況,營業收入,,仟元,2020,3322590
23414349,G,營運狀況,營業成本,,仟元,2020,3311774
23414349,G,營運狀況,營業費用,,仟元,2020,469832
23414349,G,營運狀況,淨利,,仟元,2020,-424474
70776899,G,營運狀況,營業收入,,仟元,2020,2013861
70776899,G,營運狀況,營業成本,,仟元,2020,1256246
70776899,G,營運狀況,營業費用,,仟元,2020,340310
70776899,G,營運狀況,淨利,,仟元,2020,349105
22415854,G,營運狀況,營業收入,,仟元,2020,6845497
22415854,G,營運狀況,營業成本,,仟元,2020,4848036
22415854,G,營運狀況,營業費用,,仟元,2020,879934
22415854,G,營運狀況,淨利,,仟元,2020,847376
36011776,G,營運狀況,營業收入,,仟元,2020,4808261
36011776,G,營運狀況,營業成本,,仟元,2020,3268381
36011776,G,營運狀況,營業費用,,仟元,2020,470828
36011776,G,營運狀況,淨利,,仟元,2020,721362
12738623,G,營運狀況,營業收入,,仟元,2020,1921700
12738623,G,營運狀況,營業成本,,仟元,2020,1486273
12738623,G,營運狀況,營業費用,,仟元,2020,321361
12738623,G,營運狀況,淨利,,仟元,2020,29987
26595630,G,營運狀況,營業收入,,仟元,2020,5471250
26595630,G,營運狀況,營業成本,,仟元,2020,4190903
26595630,G,營運狀況,營業費用,,仟元,2020,595086
26595630,G,營運狀況,淨利,,仟元,2020,454923
28006928,G,營運狀況,營業收入,,仟元,2020,68240939
28006928,G,營運狀況,營業成本,,仟元,2020,60129865
28006928,G,營運狀況,營業費用,,仟元,2020,5811277
28006928,G,營運狀況,淨利,,仟元,2020,1944267
54384828,G,營運狀況,營業收入,,仟元,2020,11832513
54384828,G,營運狀況,營業成本,,仟元,2020,9325012
54384828,G,營運狀況,營業費用,,仟元,2020,1313390
54384828,G,營運狀況,淨利,,仟元,2020,1203755
26320984,G,營運狀況,營業收入,,仟元,2020,4304546
26320984,G,營運狀況,營業成本,,仟元,2020,3233168
26320984,G,營運狀況,營業費用,,仟元,2020,1109910
26320984,G,營運狀況,淨利,,仟元,2020,-185647
26392564,G,營運狀況,營業收入,,仟元,2020,131278537
26392564,G,營運狀況,營業成本,,仟元,2020,104694389
26392564,G,營運狀況,營業費用,,仟元,2020,12443932
26392564,G,營運狀況,淨利,,仟元,2020,11508290
97430202,G,營運狀況,營業收入,,仟元,2020,287379
97430202,G,營運狀況,營業成本,,仟元,2020,215133
97430202,G,營運狀況,營業費用,,仟元,2020,205695
97430202,G,營運狀況,淨利,,仟元,2020,-94291
97173920,G,營運狀況,營業收入,,仟元,2020,2796303
97173920,G,營運狀況,營業成本,,仟元,2020,2612402
97173920,G,營運狀況,營業費用,,仟元,2020,115520
97173920,G,營運狀況,淨利,,仟元,2020,34323
13012009,G,營運狀況,營業收入,,仟元,2020,2940744
13012009,G,營運狀況,營業成本,,仟元,2020,1959814
13012009,G,營運狀況,營業費用,,仟元,2020,325677
13012009,G,營運狀況,淨利,,仟元,2020,420879
86667046,G,營運狀況,營業收入,,仟元,2020,510845
86667046,G,營運狀況,營業成本,,仟元,2020,379130
86667046,G,營運狀況,營業費用,,仟元,2020,95984
86667046,G,營運狀況,淨利,,仟元,2020,29343
86731791,G,營運狀況,營業收入,,仟元,2020,646232
86731791,G,營運狀況,營業成本,,仟元,2020,491345
86731791,G,營運狀況,營業費用,,仟元,2020,126305
86731791,G,營運狀況,淨利,,仟元,2020,19555
16576851,G,營運狀況,營業收入,,仟元,2020,771407
16576851,G,營運狀況,營業成本,,仟元,2020,548839
16576851,G,營運狀況,營業費用,,仟元,2020,200092
16576851,G,營運狀況,淨利,,仟元,2020,3315
23225071,G,營運狀況,營業收入,,仟元,2020,45704270
23225071,G,營運狀況,營業成本,,仟元,2020,36110210
23225071,G,營運狀況,營業費用,,仟元,2020,4230478
23225071,G,營運狀況,淨利,,仟元,2020,4095395
36084833,G,營運狀況,營業收入,,仟元,2020,8308167
36084833,G,營運狀況,營業成本,,仟元,2020,7321298
36084833,G,營運狀況,營業費用,,仟元,2020,753771
36084833,G,營運狀況,淨利,,仟元,2020,-83160
22304288,G,營運狀況,營業收入,,仟元,2020,6174144
22304288,G,營運狀況,營業成本,,仟元,2020,4839553
22304288,G,營運狀況,營業費用,,仟元,2020,487118
22304288,G,營運狀況,淨利,,仟元,2020,481262
04865462,G,營運狀況,營業收入,,仟元,2020,947499
04865462,G,營運狀況,營業成本,,仟元,2020,799891
04865462,G,營運狀況,營業費用,,仟元,2020,197591
04865462,G,營運狀況,淨利,,仟元,2020,1919
23750095,G,營運狀況,營業收入,,仟元,2020,3267428
23750095,G,營運狀況,營業成本,,仟元,2020,2601885
23750095,G,營運狀況,營業費用,,仟元,2020,348958
23750095,G,營運狀況,淨利,,仟元,2020,345825
86980046,G,營運狀況,營業收入,,仟元,2020,16037113
86980046,G,營運狀況,營業成本,,仟元,2020,14171347
86980046,G,營運狀況,營業費用,,仟元,2020,1454285
86980046,G,營運狀況,淨利,,仟元,2020,657018
22306130,G,營運狀況,營業收入,,仟元,2020,606740
22306130,G,營運狀況,營業成本,,仟元,2020,452749
22306130,G,營運狀況,營業費用,,仟元,2020,111497
22306130,G,營運狀況,淨利,,仟元,2020,34073
81069921,G,營運狀況,營業收入,,仟元,2020,22816306
81069921,G,營運狀況,營業成本,,仟元,2020,18410176
81069921,G,營運狀況,營業費用,,仟元,2020,2048451
81069921,G,營運狀況,淨利,,仟元,2020,1665915
86701804,G,營運狀況,營業收入,,仟元,2020,3582522
86701804,G,營運狀況,營業成本,,仟元,2020,2632170
86701804,G,營運狀況,營業費用,,仟元,2020,570058
86701804,G,營運狀況,淨利,,仟元,2020,270395
22115625,G,營運狀況,營業收入,,仟元,2020,1334922
22115625,G,營運狀況,營業成本,,仟元,2020,876517
22115625,G,營運狀況,營業費用,,仟元,2020,285269
22115625,G,營運狀況,淨利,,仟元,2020,142062
97179403,G,營運狀況,營業收入,,仟元,2020,25421687
97179403,G,營運狀況,營業成本,,仟元,2020,20471073
97179403,G,營運狀況,營業費用,,仟元,2020,1732408
97179403,G,營運狀況,淨利,,仟元,2020,2665565
16433242,G,營運狀況,營業收入,,仟元,2020,1767267
16433242,G,營運狀況,營業成本,,仟元,2020,887730
16433242,G,營運狀況,營業費用,,仟元,2020,455612
16433242,G,營運狀況,淨利,,仟元,2020,400635
22993144,G,營運狀況,營業收入,,仟元,2020,12624101
22993144,G,營運狀況,營業成本,,仟元,2020,10910451
22993144,G,營運狀況,營業費用,,仟元,2020,1164875
22993144,G,營運狀況,淨利,,仟元,2020,679065
16347324,G,營運狀況,營業收入,,仟元,2020,29897996
16347324,G,營運狀況,營業成本,,仟元,2020,23763897
16347324,G,營運狀況,營業費用,,仟元,2020,2694780
16347324,G,營運狀況,淨利,,仟元,2020,2934043
23610975,G,營運狀況,營業收入,,仟元,2020,2067989
23610975,G,營運狀況,營業成本,,仟元,2020,1606267
23610975,G,營運狀況,營業費用,,仟元,2020,432943
23610975,G,營運狀況,淨利,,仟元,2020,23868
12341051,G,營運狀況,營業收入,,仟元,2020,20983757
12341051,G,營運狀況,營業成本,,仟元,2020,17452034
12341051,G,營運狀況,營業費用,,仟元,2020,3140513
12341051,G,營運狀況,淨利,,仟元,2020,1397900
23810592,G,營運狀況,營業收入,,仟元,2020,2540460
23810592,G,營運狀況,營業成本,,仟元,2020,2477169
23810592,G,營運狀況,營業費用,,仟元,2020,307642
23810592,G,營運狀況,淨利,,仟元,2020,-458255
24284436,G,營運狀況,營業收入,,仟元,2020,34863027
24284436,G,營運狀況,營業成本,,仟元,2020,28443674
24284436,G,營運狀況,營業費用,,仟元,2020,3593434
24284436,G,營運狀況,淨利,,仟元,2020,2127220
28064644,G,營運狀況,營業收入,,仟元,2020,2384625
28064644,G,營運狀況,營業成本,,仟元,2020,1701353
28064644,G,營運狀況,營業費用,,仟元,2020,296374
28064644,G,營運狀況,淨利,,仟元,2020,261615
24489613,G,營運狀況,營業收入,,仟元,2020,506604
24489613,G,營運狀況,營業成本,,仟元,2020,400511
24489613,G,營運狀況,營業費用,,仟元,2020,81260
24489613,G,營運狀況,淨利,,仟元,2020,53290
36268804,G,營運狀況,營業收入,,仟元,2020,1456264
36268804,G,營運狀況,營業成本,,仟元,2020,1239844
36268804,G,營運狀況,營業費用,,仟元,2020,211523
36268804,G,營運狀況,淨利,,仟元,2020,-10874
53125710,G,營運狀況,營業收入,,仟元,2020,433216
53125710,G,營運狀況,營業成本,,仟元,2020,407822
53125710,G,營運狀況,營業費用,,仟元,2020,54753
53125710,G,營運狀況,淨利,,仟元,2020,-31538
72952251,G,營運狀況,營業收入,,仟元,2020,4830183
72952251,G,營運狀況,營業成本,,仟元,2020,3406860
72952251,G,營運狀況,營業費用,,仟元,2020,891317
72952251,G,營運狀況,淨利,,仟元,2020,373253
53431627,G,營運狀況,營業收入,,仟元,2020,2404160
53431627,G,營運狀況,營業成本,,仟元,2020,1673555
53431627,G,營運狀況,營業費用,,仟元,2020,327802
53431627,G,營運狀況,淨利,,仟元,2020,279530
28031594,G,營運狀況,營業收入,,仟元,2020,3307735
28031594,G,營運狀況,營業成本,,仟元,2020,2542283
28031594,G,營運狀況,營業費用,,仟元,2020,357800
28031594,G,營運狀況,淨利,,仟元,2020,294712
05052033,G,營運狀況,營業收入,,仟元,2020,1464275
05052033,G,營運狀況,營業成本,,仟元,2020,1037476
05052033,G,營運狀況,營業費用,,仟元,2020,303318
05052033,G,營運狀況,淨利,,仟元,2020,92077
87546197,G,營運狀況,營業收入,,仟元,2020,6306568
87546197,G,營運狀況,營業成本,,仟元,2020,4289805
87546197,G,營運狀況,營業費用,,仟元,2020,790340
87546197,G,營運狀況,淨利,,仟元,2020,906913
12871564,G,營運狀況,營業收入,,仟元,2020,2223219
12871564,G,營運狀況,營業成本,,仟元,2020,1641223
12871564,G,營運狀況,營業費用,,仟元,2020,292651
12871564,G,營運狀況,淨利,,仟元,2020,210385
23065258,G,營運狀況,營業收入,,仟元,2020,437654
23065258,G,營運狀況,營業成本,,仟元,2020,298409
23065258,G,營運狀況,營業費用,,仟元,2020,108156
23065258,G,營運狀況,淨利,,仟元,2020,26938
12979018,G,營運狀況,營業收入,,仟元,2020,1213404
12979018,G,營運狀況,營業成本,,仟元,2020,784684
12979018,G,營運狀況,營業費用,,仟元,2020,211739
12979018,G,營運狀況,淨利,,仟元,2020,177188
83360971,G,營運狀況,營業收入,,仟元,2020,887305
83360971,G,營運狀況,營業成本,,仟元,2020,715686
83360971,G,營運狀況,營業費用,,仟元,2020,139444
83360971,G,營運狀況,淨利,,仟元,2020,40814
34417836,G,營運狀況,營業收入,,仟元,2020,2481021
34417836,G,營運狀況,營業成本,,仟元,2020,1942848
34417836,G,營運狀況,營業費用,,仟元,2020,282032
34417836,G,營運狀況,淨利,,仟元,2020,163543
27449349,G,營運狀況,營業收入,,仟元,2020,85651
27449349,G,營運狀況,營業成本,,仟元,2020,67691
27449349,G,營運狀況,營業費用,,仟元,2020,33557
27449349,G,營運狀況,淨利,,仟元,2020,-17900
16198345,G,營運狀況,營業收入,,仟元,2020,8766318
16198345,G,營運狀況,營業成本,,仟元,2020,6687745
16198345,G,營運狀況,營業費用,,仟元,2020,1035688
16198345,G,營運狀況,淨利,,仟元,2020,784353
16096804,G,營運狀況,營業收入,,仟元,2020,38512743
16096804,G,營運狀況,營業成本,,仟元,2020,32760832
16096804,G,營運狀況,營業費用,,仟元,2020,1644370
16096804,G,營運狀況,淨利,,仟元,2020,3665917
23632274,G,營運狀況,營業收入,,仟元,2020,3134712
23632274,G,營運狀況,營業成本,,仟元,2020,2104188
23632274,G,營運狀況,營業費用,,仟元,2020,644936
23632274,G,營運狀況,淨利,,仟元,2020,214340
11491382,G,營運狀況,營業收入,,仟元,2020,2593267
11491382,G,營運狀況,營業成本,,仟元,2020,2187668
11491382,G,營運狀況,營業費用,,仟元,2020,253953
11491382,G,營運狀況,淨利,,仟元,2020,185380
70801378,G,營運狀況,營業收入,,仟元,2020,22847267
70801378,G,營運狀況,營業成本,,仟元,2020,19501266
70801378,G,營運狀況,營業費用,,仟元,2020,1688874
70801378,G,營運狀況,淨利,,仟元,2020,1911734
16596646,G,營運狀況,營業收入,,仟元,2020,3399884
16596646,G,營運狀況,營業成本,,仟元,2020,2936375
16596646,G,營運狀況,營業費用,,仟元,2020,301394
16596646,G,營運狀況,淨利,,仟元,2020,190268
07699023,G,營運狀況,營業收入,,仟元,2019,930189
07699023,G,營運狀況,營業成本,,仟元,2019,988993
07699023,G,營運狀況,營業費用,,仟元,2019,257593
07699023,G,營運狀況,淨利,,仟元,2019,-356539
35966577,G,營運狀況,營業收入,,仟元,2019,8582344
35966577,G,營運狀況,營業成本,,仟元,2019,6317305
35966577,G,營運狀況,營業費用,,仟元,2019,987044
35966577,G,營運狀況,淨利,,仟元,2019,942595
12642444,G,營運狀況,營業收入,,仟元,2019,178542
12642444,G,營運狀況,營業成本,,仟元,2019,200371
12642444,G,營運狀況,營業費用,,仟元,2019,71345
12642444,G,營運狀況,淨利,,仟元,2019,-112318
22274989,G,營運狀況,營業收入,,仟元,2019,4868807
22274989,G,營運狀況,營業成本,,仟元,2019,2251850
22274989,G,營運狀況,營業費用,,仟元,2019,601806
22274989,G,營運狀況,淨利,,仟元,2019,1558250
34051920,G,營運狀況,營業收入,,仟元,2019,268131397
34051920,G,營運狀況,營業成本,,仟元,2019,193635252
34051920,G,營運狀況,營業費用,,仟元,2019,55087355
34051920,G,營運狀況,淨利,,仟元,2019,23927756
04401392,G,營運狀況,營業收入,,仟元,2019,56174889
04401392,G,營運狀況,營業成本,,仟元,2019,46176617
04401392,G,營運狀況,營業費用,,仟元,2019,3854381
04401392,G,營運狀況,淨利,,仟元,2019,3822418
76026851,G,營運狀況,營業收入,,仟元,2019,5094456
76026851,G,營運狀況,營業成本,,仟元,2019,4752666
76026851,G,營運狀況,營業費用,,仟元,2019,432995
76026851,G,營運狀況,淨利,,仟元,2019,550432
22636630,G,營運狀況,營業收入,,仟元,2019,41306656
22636630,G,營運狀況,營業成本,,仟元,2019,26526111
22636630,G,營運狀況,營業費用,,仟元,2019,6749222
22636630,G,營運狀況,淨利,,仟元,2019,7052115
03546618,G,營運狀況,營業收入,,仟元,2019,25600708
03546618,G,營運狀況,營業成本,,仟元,2019,23241509
03546618,G,營運狀況,營業費用,,仟元,2019,1164791
03546618,G,營運狀況,淨利,,仟元,2019,1153137
43816068,G,營運狀況,營業收入,,仟元,2019,17848498
43816068,G,營運狀況,營業成本,,仟元,2019,16453990
43816068,G,營運狀況,營業費用,,仟元,2019,1096366
43816068,G,營運狀況,淨利,,仟元,2019,659972
05637971,G,營運狀況,營業收入,,仟元,2019,22418326
05637971,G,營運狀況,營業成本,,仟元,2019,17367356
05637971,G,營運狀況,營業費用,,仟元,2019,2621741
05637971,G,營運狀況,淨利,,仟元,2019,1731087
30955404,G,營運狀況,營業收入,,仟元,2019,18990719
30955404,G,營運狀況,營業成本,,仟元,2019,16500104
30955404,G,營運狀況,營業費用,,仟元,2019,1745030
30955404,G,營運狀況,淨利,,仟元,2019,129726
34230543,G,營運狀況,營業收入,,仟元,2019,4547218
34230543,G,營運狀況,營業成本,,仟元,2019,3405810
34230543,G,營運狀況,營業費用,,仟元,2019,701131
34230543,G,營運狀況,淨利,,仟元,2019,574011
86521351,G,營運狀況,營業收入,,仟元,2019,24865522
86521351,G,營運狀況,營業成本,,仟元,2019,18765219
86521351,G,營運狀況,營業費用,,仟元,2019,2020753
86521351,G,營運狀況,淨利,,仟元,2019,3245301
20954200,G,營運狀況,營業收入,,仟元,2019,92552325
20954200,G,營運狀況,營業成本,,仟元,2019,76270837
20954200,G,營運狀況,營業費用,,仟元,2019,10012023
20954200,G,營運狀況,淨利,,仟元,2019,6802752
22223510,G,營運狀況,營業收入,,仟元,2019,97820336
22223510,G,營運狀況,營業成本,,仟元,2019,87602570
22223510,G,營運狀況,營業費用,,仟元,2019,7936076
22223510,G,營運狀況,淨利,,仟元,2019,1787336
23588039,G,營運狀況,營業收入,,仟元,2019,6148946
23588039,G,營運狀況,營業成本,,仟元,2019,5420210
23588039,G,營運狀況,營業費用,,仟元,2019,447941
23588039,G,營運狀況,淨利,,仟元,2019,226792
52878846,G,營運狀況,營業收入,,仟元,2019,3636647
52878846,G,營運狀況,營業成本,,仟元,2019,3138416
52878846,G,營運狀況,營業費用,,仟元,2019,611856
52878846,G,營運狀況,淨利,,仟元,2019,-191387
44913118,G,營運狀況,營業收入,,仟元,2019,2189264
44913118,G,營運狀況,營業成本,,仟元,2019,1665776
44913118,G,營運狀況,營業費用,,仟元,2019,321563
44913118,G,營運狀況,淨利,,仟元,2019,82425
20970807,G,營運狀況,營業收入,,仟元,2019,2669131
20970807,G,營運狀況,營業成本,,仟元,2019,1658885
20970807,G,營運狀況,營業費用,,仟元,2019,466951
20970807,G,營運狀況,淨利,,仟元,2019,487940
81448796,G,營運狀況,營業收入,,仟元,2019,11659915
81448796,G,營運狀況,營業成本,,仟元,2019,9081302
81448796,G,營運狀況,營業費用,,仟元,2019,1791361
81448796,G,營運狀況,淨利,,仟元,2019,680801
83639504,G,營運狀況,營業收入,,仟元,2019,5814232
83639504,G,營運狀況,營業成本,,仟元,2019,3473903
83639504,G,營運狀況,營業費用,,仟元,2019,891428
83639504,G,營運狀況,淨利,,仟元,2019,1115265
35568331,G,營運狀況,營業收入,,仟元,2019,2967216
35568331,G,營運狀況,營業成本,,仟元,2019,2656543
35568331,G,營運狀況,營業費用,,仟元,2019,333790
35568331,G,營運狀況,淨利,,仟元,2019,8872
01887370,G,營運狀況,營業收入,,仟元,2019,2766521
01887370,G,營運狀況,營業成本,,仟元,2019,2595793
01887370,G,營運狀況,營業費用,,仟元,2019,160118
01887370,G,營運狀況,淨利,,仟元,2019,-36875
30435973,G,營運狀況,營業收入,,仟元,2019,10694604
30435973,G,營運狀況,營業成本,,仟元,2019,9168956
30435973,G,營運狀況,營業費用,,仟元,2019,1604098
30435973,G,營運狀況,淨利,,仟元,2019,-38157
84433564,G,營運狀況,營業收入,,仟元,2019,3443022
84433564,G,營運狀況,營業成本,,仟元,2019,3138699
84433564,G,營運狀況,營業費用,,仟元,2019,356687
84433564,G,營運狀況,淨利,,仟元,2019,-191576
04877657,G,營運狀況,營業收入,,仟元,2019,4709422
04877657,G,營運狀況,營業成本,,仟元,2019,4191806
04877657,G,營運狀況,營業費用,,仟元,2019,358048
04877657,G,營運狀況,淨利,,仟元,2019,132724
07618057,G,營運狀況,營業收入,,仟元,2019,4438288
07618057,G,營運狀況,營業成本,,仟元,2019,3169988
07618057,G,營運狀況,營業費用,,仟元,2019,954186
07618057,G,營運狀況,淨利,,仟元,2019,338413
52358985,G,營運狀況,營業收入,,仟元,2019,7038472
52358985,G,營運狀況,營業成本,,仟元,2019,5281331
52358985,G,營運狀況,營業費用,,仟元,2019,900479
52358985,G,營運狀況,淨利,,仟元,2019,589421
04403568,G,營運狀況,營業收入,,仟元,2019,4994778
04403568,G,營運狀況,營業成本,,仟元,2019,3682957
04403568,G,營運狀況,營業費用,,仟元,2019,870145
04403568,G,營運狀況,淨利,,仟元,2019,380009
23534301,G,營運狀況,營業收入,,仟元,2019,4509466
23534301,G,營運狀況,營業成本,,仟元,2019,3417211
23534301,G,營運狀況,營業費用,,仟元,2019,540752
23534301,G,營運狀況,淨利,,仟元,2019,392897
52753108,G,營運狀況,營業收入,,仟元,2019,1788578
52753108,G,營運狀況,營業成本,,仟元,2019,1427606
52753108,G,營運狀況,營業費用,,仟元,2019,342716
52753108,G,營運狀況,淨利,,仟元,2019,160185
22771229,G,營運狀況,營業收入,,仟元,2019,2298489
22771229,G,營運狀況,營業成本,,仟元,2019,1836757
22771229,G,營運狀況,營業費用,,仟元,2019,324701
22771229,G,營運狀況,淨利,,仟元,2019,121346
19004316,G,營運狀況,營業收入,,仟元,2019,30134180
19004316,G,營運狀況,營業成本,,仟元,2019,19780063
19004316,G,營運狀況,營業費用,,仟元,2019,2660408
19004316,G,營運狀況,淨利,,仟元,2019,7081196
30929883,G,營運狀況,營業收入,,仟元,2019,2482446
30929883,G,營運狀況,營業成本,,仟元,2019,1828890
30929883,G,營運狀況,營業費用,,仟元,2019,298612
30929883,G,營運狀況,淨利,,仟元,2019,228519
59276051,G,營運狀況,營業收入,,仟元,2019,3502493
59276051,G,營運狀況,營業成本,,仟元,2019,2393320
59276051,G,營運狀況,營業費用,,仟元,2019,531094
59276051,G,營運狀況,淨利,,仟元,2019,428887
20950226,G,營運狀況,營業收入,,仟元,2019,1349993
20950226,G,營運狀況,營業成本,,仟元,2019,1223493
20950226,G,營運狀況,營業費用,,仟元,2019,230965
20950226,G,營運狀況,淨利,,仟元,2019,-87984
84239055,G,營運狀況,營業收入,,仟元,2019,14259326
84239055,G,營運狀況,營業成本,,仟元,2019,12734941
84239055,G,營運狀況,營業費用,,仟元,2019,1556532
84239055,G,營運狀況,淨利,,仟元,2019,144124
84274833,G,營運狀況,營業收入,,仟元,2019,2510517
84274833,G,營運狀況,營業成本,,仟元,2019,1934607
84274833,G,營運狀況,營業費用,,仟元,2019,394369
84274833,G,營運狀況,淨利,,仟元,2019,136420
23542766,G,營運狀況,營業收入,,仟元,2019,17886170
23542766,G,營運狀況,營業成本,,仟元,2019,13296502
23542766,G,營運狀況,營業費用,,仟元,2019,2696910
23542766,G,營運狀況,淨利,,仟元,2019,1677851
20891326,G,營運狀況,營業收入,,仟元,2019,14601179
20891326,G,營運狀況,營業成本,,仟元,2019,11550634
20891326,G,營運狀況,營業費用,,仟元,2019,2188107
20891326,G,營運狀況,淨利,,仟元,2019,661728
69577160,G,營運狀況,營業收入,,仟元,2019,7689600
69577160,G,營運狀況,營業成本,,仟元,2019,6463410
69577160,G,營運狀況,營業費用,,仟元,2019,909370
69577160,G,營運狀況,淨利,,仟元,2019,357457
23535435,G,營運狀況,營業收入,,仟元,2019,82535553
23535435,G,營運狀況,營業成本,,仟元,2019,71221975
23535435,G,營運狀況,營業費用,,仟元,2019,7811480
23535435,G,營運狀況,淨利,,仟元,2019,3275961
21204867,G,營運狀況,營業收入,,仟元,2019,8430970
21204867,G,營運狀況,營業成本,,仟元,2019,6423879
21204867,G,營運狀況,營業費用,,仟元,2019,1374953
21204867,G,營運狀況,淨利,,仟元,2019,671782
86379707,G,營運狀況,營業收入,,仟元,2019,54450944
86379707,G,營運狀況,營業成本,,仟元,2019,43184960
86379707,G,營運狀況,營業費用,,仟元,2019,4392803
86379707,G,營運狀況,淨利,,仟元,2019,6037320
38019280,G,營運狀況,營業收入,,仟元,2019,4522339
38019280,G,營運狀況,營業成本,,仟元,2019,3911297
38019280,G,營運狀況,營業費用,,仟元,2019,676589
38019280,G,營運狀況,淨利,,仟元,2019,-15624
84116878,G,營運狀況,營業收入,,仟元,2019,8820029
84116878,G,營運狀況,營業成本,,仟元,2019,7364175
84116878,G,營運狀況,營業費用,,仟元,2019,665828
84116878,G,營運狀況,淨利,,仟元,2019,615754
86318408,G,營運狀況,營業收入,,仟元,2019,3102961
86318408,G,營運狀況,營業成本,,仟元,2019,2330312
86318408,G,營運狀況,營業費用,,仟元,2019,393825
86318408,G,營運狀況,淨利,,仟元,2019,300124
89379218,G,營運狀況,營業收入,,仟元,2019,488578
89379218,G,營運狀況,營業成本,,仟元,2019,608164
89379218,G,營運狀況,營業費用,,仟元,2019,88737
89379218,G,營運狀況,淨利,,仟元,2019,-224632
22570840,G,營運狀況,營業收入,,仟元,2019,563837
22570840,G,營運狀況,營業成本,,仟元,2019,501692
22570840,G,營運狀況,營業費用,,仟元,2019,197804
22570840,G,營運狀況,淨利,,仟元,2019,-161643
12702977,G,營運狀況,營業收入,,仟元,2019,2813327
12702977,G,營運狀況,營業成本,,仟元,2019,2310313
12702977,G,營運狀況,營業費用,,仟元,2019,417771
12702977,G,營運狀況,淨利,,仟元,2019,26037
22749711,G,營運狀況,營業收入,,仟元,2019,603756
22749711,G,營運狀況,營業成本,,仟元,2019,585093
22749711,G,營運狀況,營業費用,,仟元,2019,116605
22749711,G,營運狀況,淨利,,仟元,2019,-93953
23983947,G,營運狀況,營業收入,,仟元,2019,2279609
23983947,G,營運狀況,營業成本,,仟元,2019,2285712
23983947,G,營運狀況,營業費用,,仟元,2019,340877
23983947,G,營運狀況,淨利,,仟元,2019,-393298
89858152,G,營運狀況,營業收入,,仟元,2019,4669367
89858152,G,營運狀況,營業成本,,仟元,2019,3571602
89858152,G,營運狀況,營業費用,,仟元,2019,655152
89858152,G,營運狀況,淨利,,仟元,2019,292582
35424073,G,營運狀況,營業收入,,仟元,2019,11818610
35424073,G,營運狀況,營業成本,,仟元,2019,9029644
35424073,G,營運狀況,營業費用,,仟元,2019,860940
35424073,G,營運狀況,淨利,,仟元,2019,1297956
22928881,G,營運狀況,營業收入,,仟元,2019,53254
22928881,G,營運狀況,營業成本,,仟元,2019,34904
22928881,G,營運狀況,營業費用,,仟元,2019,38109
22928881,G,營運狀況,淨利,,仟元,2019,45350
80272361,G,營運狀況,營業收入,,仟元,2019,4861898
80272361,G,營運狀況,營業成本,,仟元,2019,3618480
80272361,G,營運狀況,營業費用,,仟元,2019,629532
80272361,G,營運狀況,淨利,,仟元,2019,531634
22244141,G,營運狀況,營業收入,,仟元,2019,15088872
22244141,G,營運狀況,營業成本,,仟元,2019,9620962
22244141,G,營運狀況,營業費用,,仟元,2019,2717286
22244141,G,營運狀況,淨利,,仟元,2019,2144468
22488639,G,營運狀況,營業收入,,仟元,2019,3529149
22488639,G,營運狀況,營業成本,,仟元,2019,2871027
22488639,G,營運狀況,營業費用,,仟元,2019,564747
22488639,G,營運狀況,淨利,,仟元,2019,51106
16742182,G,營運狀況,營業收入,,仟元,2019,569670
16742182,G,營運狀況,營業成本,,仟元,2019,518124
16742182,G,營運狀況,營業費用,,仟元,2019,93335
16742182,G,營運狀況,淨利,,仟元,2019,-45195
80617029,G,營運狀況,營業收入,,仟元,2019,516522
80617029,G,營運狀況,營業成本,,仟元,2019,548972
80617029,G,營運狀況,營業費用,,仟元,2019,108485
80617029,G,營運狀況,淨利,,仟元,2019,-176940
97257738,G,營運狀況,營業收入,,仟元,2019,7311836
97257738,G,營運狀況,營業成本,,仟元,2019,5639431
97257738,G,營運狀況,營業費用,,仟元,2019,1403917
97257738,G,營運狀況,淨利,,仟元,2019,302717
23414349,G,營運狀況,營業收入,,仟元,2019,4313919
23414349,G,營運狀況,營業成本,,仟元,2019,4368005
23414349,G,營運狀況,營業費用,,仟元,2019,710770
23414349,G,營運狀況,淨利,,仟元,2019,-591401
70776899,G,營運狀況,營業收入,,仟元,2019,1760484
70776899,G,營運狀況,營業成本,,仟元,2019,1310523
70776899,G,營運狀況,營業費用,,仟元,2019,299531
70776899,G,營運狀況,淨利,,仟元,2019,92168
22415854,G,營運狀況,營業收入,,仟元,2019,5488520
22415854,G,營運狀況,營業成本,,仟元,2019,3825403
22415854,G,營運狀況,營業費用,,仟元,2019,700654
22415854,G,營運狀況,淨利,,仟元,2019,780539
36011776,G,營運狀況,營業收入,,仟元,2019,3957144
36011776,G,營運狀況,營業成本,,仟元,2019,3078431
36011776,G,營運狀況,營業費用,,仟元,2019,499710
36011776,G,營運狀況,淨利,,仟元,2019,337622
12738623,G,營運狀況,營業收入,,仟元,2019,1797291
12738623,G,營運狀況,營業成本,,仟元,2019,1399042
12738623,G,營運狀況,營業費用,,仟元,2019,350469
12738623,G,營運狀況,淨利,,仟元,2019,14160
26595630,G,營運狀況,營業收入,,仟元,2019,5042657
26595630,G,營運狀況,營業成本,,仟元,2019,4011648
26595630,G,營運狀況,營業費用,,仟元,2019,637126
26595630,G,營運狀況,淨利,,仟元,2019,262339
28006928,G,營運狀況,營業收入,,仟元,2019,80649608
28006928,G,營運狀況,營業成本,,仟元,2019,71218592
28006928,G,營運狀況,營業費用,,仟元,2019,6668389
28006928,G,營運狀況,淨利,,仟元,2019,2262919
54384828,G,營運狀況,營業收入,,仟元,2019,10387249
54384828,G,營運狀況,營業成本,,仟元,2019,8417242
54384828,G,營運狀況,營業費用,,仟元,2019,1129218
54384828,G,營運狀況,淨利,,仟元,2019,830650
26320984,G,營運狀況,營業收入,,仟元,2019,5124518
26320984,G,營運狀況,營業成本,,仟元,2019,3472594
26320984,G,營運狀況,營業費用,,仟元,2019,1102393
26320984,G,營運狀況,淨利,,仟元,2019,391668
26392564,G,營運狀況,營業收入,,仟元,2019,120067508
26392564,G,營運狀況,營業成本,,仟元,2019,92845499
26392564,G,營運狀況,營業費用,,仟元,2019,12421201
26392564,G,營運狀況,淨利,,仟元,2019,12401617
97430202,G,營運狀況,營業收入,,仟元,2019,486644
97430202,G,營運狀況,營業成本,,仟元,2019,317923
97430202,G,營運狀況,營業費用,,仟元,2019,274789
97430202,G,營運狀況,淨利,,仟元,2019,-63906
97173920,G,營運狀況,營業收入,,仟元,2019,2984117
97173920,G,營運狀況,營業成本,,仟元,2019,2805701
97173920,G,營運狀況,營業費用,,仟元,2019,125771
97173920,G,營運狀況,淨利,,仟元,2019,34113
13012009,G,營運狀況,營業收入,,仟元,2019,2247357
13012009,G,營運狀況,營業成本,,仟元,2019,1613988
13012009,G,營運狀況,營業費用,,仟元,2019,325587
13012009,G,營運狀況,淨利,,仟元,2019,207093
86667046,G,營運狀況,營業收入,,仟元,2019,428903
86667046,G,營運狀況,營業成本,,仟元,2019,352134
86667046,G,營運狀況,營業費用,,仟元,2019,94589
86667046,G,營運狀況,淨利,,仟元,2019,-22066
86731791,G,營運狀況,營業收入,,仟元,2019,580856
86731791,G,營運狀況,營業成本,,仟元,2019,423096
86731791,G,營運狀況,營業費用,,仟元,2019,129946
86731791,G,營運狀況,淨利,,仟元,2019,25683
16576851,G,營運狀況,營業收入,,仟元,2019,721620
16576851,G,營運狀況,營業成本,,仟元,2019,495668
16576851,G,營運狀況,營業費用,,仟元,2019,203573
16576851,G,營運狀況,淨利,,仟元,2019,5332
23225071,G,營運狀況,營業收入,,仟元,2019,43142275
23225071,G,營運狀況,營業成本,,仟元,2019,35429235
23225071,G,營運狀況,營業費用,,仟元,2019,4176256
23225071,G,營運狀況,淨利,,仟元,2019,3231997
36084833,G,營運狀況,營業收入,,仟元,2019,7917468
36084833,G,營運狀況,營業成本,,仟元,2019,6783394
36084833,G,營運狀況,營業費用,,仟元,2019,761789
36084833,G,營運狀況,淨利,,仟元,2019,354752
22304288,G,營運狀況,營業收入,,仟元,2019,6540704
22304288,G,營運狀況,營業成本,,仟元,2019,5307349
22304288,G,營運狀況,營業費用,,仟元,2019,542649
22304288,G,營運狀況,淨利,,仟元,2019,573536
04865462,G,營運狀況,營業收入,,仟元,2019,1145115
04865462,G,營運狀況,營業成本,,仟元,2019,925076
04865462,G,營運狀況,營業費用,,仟元,2019,223446
04865462,G,營運狀況,淨利,,仟元,2019,22143
23750095,G,營運狀況,營業收入,,仟元,2019,3046243
23750095,G,營運狀況,營業成本,,仟元,2019,2520908
23750095,G,營運狀況,營業費用,,仟元,2019,306553
23750095,G,營運狀況,淨利,,仟元,2019,545557
86980046,G,營運狀況,營業收入,,仟元,2019,17028640
86980046,G,營運狀況,營業成本,,仟元,2019,14444200
86980046,G,營運狀況,營業費用,,仟元,2019,1843614
86980046,G,營運狀況,淨利,,仟元,2019,411057
22306130,G,營運狀況,營業收入,,仟元,2019,649900
22306130,G,營運狀況,營業成本,,仟元,2019,486587
22306130,G,營運狀況,營業費用,,仟元,2019,115229
22306130,G,營運狀況,淨利,,仟元,2019,80341
81069921,G,營運狀況,營業收入,,仟元,2019,21845651
81069921,G,營運狀況,營業成本,,仟元,2019,18757254
81069921,G,營運狀況,營業費用,,仟元,2019,2035071
81069921,G,營運狀況,淨利,,仟元,2019,854404
86701804,G,營運狀況,營業收入,,仟元,2019,3609423
86701804,G,營運狀況,營業成本,,仟元,2019,2773961
86701804,G,營運狀況,營業費用,,仟元,2019,617504
86701804,G,營運狀況,淨利,,仟元,2019,262517
22115625,G,營運狀況,營業收入,,仟元,2019,1176905
22115625,G,營運狀況,營業成本,,仟元,2019,831026
22115625,G,營運狀況,營業費用,,仟元,2019,258916
22115625,G,營運狀況,淨利,,仟元,2019,112323
97179403,G,營運狀況,營業收入,,仟元,2019,23791315
97179403,G,營運狀況,營業成本,,仟元,2019,19011743
97179403,G,營運狀況,營業費用,,仟元,2019,1676043
97179403,G,營運狀況,淨利,,仟元,2019,2463300
16433242,G,營運狀況,營業收入,,仟元,2019,1655491
16433242,G,營運狀況,營業成本,,仟元,2019,840145
16433242,G,營運狀況,營業費用,,仟元,2019,408886
16433242,G,營運狀況,淨利,,仟元,2019,368067
22993144,G,營運狀況,營業收入,,仟元,2019,13717231
22993144,G,營運狀況,營業成本,,仟元,2019,11958171
22993144,G,營運狀況,營業費用,,仟元,2019,1233303
22993144,G,營運狀況,淨利,,仟元,2019,155306
16347324,G,營運狀況,營業收入,,仟元,2019,26033230
16347324,G,營運狀況,營業成本,,仟元,2019,20088225
16347324,G,營運狀況,營業費用,,仟元,2019,2147892
16347324,G,營運狀況,淨利,,仟元,2019,3153203
23610975,G,營運狀況,營業收入,,仟元,2019,2414790
23610975,G,營運狀況,營業成本,,仟元,2019,1936587
23610975,G,營運狀況,營業費用,,仟元,2019,528033
23610975,G,營運狀況,淨利,,仟元,2019,-27599
12341051,G,營運狀況,營業收入,,仟元,2019,20583559
12341051,G,營運狀況,營業成本,,仟元,2019,17617915
12341051,G,營運狀況,營業費用,,仟元,2019,2878432
12341051,G,營運狀況,淨利,,仟元,2019,1643040
23810592,G,營運狀況,營業收入,,仟元,2019,4463330
23810592,G,營運狀況,營業成本,,仟元,2019,3550572
23810592,G,營運狀況,營業費用,,仟元,2019,419360
23810592,G,營運狀況,淨利,,仟元,2019,306020
24284436,G,營運狀況,營業收入,,仟元,2019,34415370
24284436,G,營運狀況,營業成本,,仟元,2019,28780982
24284436,G,營運狀況,營業費用,,仟元,2019,3434219
24284436,G,營運狀況,淨利,,仟元,2019,1717890
28064644,G,營運狀況,營業收入,,仟元,2019,2002841
28064644,G,營運狀況,營業成本,,仟元,2019,1540718
28064644,G,營運狀況,營業費用,,仟元,2019,254072
28064644,G,營運狀況,淨利,,仟元,2019,139071
24489613,G,營運狀況,營業收入,,仟元,2019,568344
24489613,G,營運狀況,營業成本,,仟元,2019,504813
24489613,G,營運狀況,營業費用,,仟元,2019,166513
24489613,G,營運狀況,淨利,,仟元,2019,-87144
36268804,G,營運狀況,營業收入,,仟元,2019,1726886
36268804,G,營運狀況,營業成本,,仟元,2019,1471112
36268804,G,營運狀況,營業費用,,仟元,2019,252847
36268804,G,營運狀況,淨利,,仟元,2019,40410
53125710,G,營運狀況,營業收入,,仟元,2019,406577
53125710,G,營運狀況,營業成本,,仟元,2019,339546
53125710,G,營運狀況,營業費用,,仟元,2019,52078
53125710,G,營運狀況,淨利,,仟元,2019,10370
72952251,G,營運狀況,營業收入,,仟元,2019,5453285
72952251,G,營運狀況,營業成本,,仟元,2019,3919081
72952251,G,營運狀況,營業費用,,仟元,2019,912365
72952251,G,營運狀況,淨利,,仟元,2019,471742
53431627,G,營運狀況,營業收入,,仟元,2019,2245138
53431627,G,營運狀況,營業成本,,仟元,2019,1704549
53431627,G,營運狀況,營業費用,,仟元,2019,281786
53431627,G,營運狀況,淨利,,仟元,2019,156114
28031594,G,營運狀況,營業收入,,仟元,2019,2204810
28031594,G,營運狀況,營業成本,,仟元,2019,1771373
28031594,G,營運狀況,營業費用,,仟元,2019,318660
28031594,G,營運狀況,淨利,,仟元,2019,90736
05052033,G,營運狀況,營業收入,,仟元,2019,1295917
05052033,G,營運狀況,營業成本,,仟元,2019,918893
05052033,G,營運狀況,營業費用,,仟元,2019,277835
05052033,G,營運狀況,淨利,,仟元,2019,76157
87546197,G,營運狀況,營業收入,,仟元,2019,4859351
87546197,G,營運狀況,營業成本,,仟元,2019,3548355
87546197,G,營運狀況,營業費用,,仟元,2019,589051
87546197,G,營運狀況,淨利,,仟元,2019,607487
12871564,G,營運狀況,營業收入,,仟元,2019,865259
12871564,G,營運狀況,營業成本,,仟元,2019,691469
12871564,G,營運狀況,營業費用,,仟元,2019,156876
12871564,G,營運狀況,淨利,,仟元,2019,21713
23065258,G,營運狀況,營業收入,,仟元,2019,545072
23065258,G,營運狀況,營業成本,,仟元,2019,391256
23065258,G,營運狀況,營業費用,,仟元,2019,124789
23065258,G,營運狀況,淨利,,仟元,2019,36786
27449349,G,營運狀況,營業收入,,仟元,2019,100347
27449349,G,營運狀況,營業成本,,仟元,2019,85851
27449349,G,營運狀況,營業費用,,仟元,2019,37622
27449349,G,營運狀況,淨利,,仟元,2019,-18824
16198345,G,營運狀況,營業收入,,仟元,2019,7583654
16198345,G,營運狀況,營業成本,,仟元,2019,5844516
16198345,G,營運狀況,營業費用,,仟元,2019,998351
16198345,G,營運狀況,淨利,,仟元,2019,618282
16096804,G,營運狀況,營業收入,,仟元,2019,31093989
16096804,G,營運狀況,營業成本,,仟元,2019,29467189
16096804,G,營運狀況,營業費用,,仟元,2019,1555485
16096804,G,營運狀況,淨利,,仟元,2019,308203
23632274,G,營運狀況,營業收入,,仟元,2019,3133851
23632274,G,營運狀況,營業成本,,仟元,2019,2229221
23632274,G,營運狀況,營業費用,,仟元,2019,620565
23632274,G,營運狀況,淨利,,仟元,2019,175590
11491382,G,營運狀況,營業收入,,仟元,2019,2916212
11491382,G,營運狀況,營業成本,,仟元,2019,2512818
11491382,G,營運狀況,營業費用,,仟元,2019,287249
11491382,G,營運狀況,淨利,,仟元,2019,219488
70801378,G,營運狀況,營業收入,,仟元,2019,21701863
70801378,G,營運狀況,營業成本,,仟元,2019,18485758
70801378,G,營運狀況,營業費用,,仟元,2019,1802175
70801378,G,營運狀況,淨利,,仟元,2019,1039799
16596646,G,營運狀況,營業收入,,仟元,2019,4169494
16596646,G,營運狀況,營業成本,,仟元,2019,3563507
16596646,G,營運狀況,營業費用,,仟元,2019,337231
16596646,G,營運狀況,淨利,,仟元,2019,183626
07699023,G,營運狀況,營業收入,,仟元,2018,1282302
07699023,G,營運狀況,營業成本,,仟元,2018,1366653
07699023,G,營運狀況,營業費用,,仟元,2018,248094
07699023,G,營運狀況,淨利,,仟元,2018,-324466
35966577,G,營運狀況,營業收入,,仟元,2018,8808885
35966577,G,營運狀況,營業成本,,仟元,2018,6774744
35966577,G,營運狀況,營業費用,,仟元,2018,886920
35966577,G,營運狀況,淨利,,仟元,2018,889961
12642444,G,營運狀況,營業收入,,仟元,2018,236930
12642444,G,營運狀況,營業成本,,仟元,2018,289329
12642444,G,營運狀況,營業費用,,仟元,2018,55327
12642444,G,營運狀況,淨利,,仟元,2018,-123794
22274989,G,營運狀況,營業收入,,仟元,2018,4435607
22274989,G,營運狀況,營業成本,,仟元,2018,2108995
22274989,G,營運狀況,營業費用,,仟元,2018,588416
22274989,G,營運狀況,淨利,,仟元,2018,1775964
34051920,G,營運狀況,營業收入,,仟元,2018,237017809
34051920,G,營運狀況,營業成本,,仟元,2018,173463422
34051920,G,營運狀況,營業費用,,仟元,2018,45387664
34051920,G,營運狀況,淨利,,仟元,2018,18648584
04401392,G,營運狀況,營業收入,,仟元,2018,50828101
04401392,G,營運狀況,營業成本,,仟元,2018,43602667
04401392,G,營運狀況,營業費用,,仟元,2018,2604374
04401392,G,營運狀況,淨利,,仟元,2018,2399731
76026851,G,營運狀況,營業收入,,仟元,2018,5523819
76026851,G,營運狀況,營業成本,,仟元,2018,5115407
76026851,G,營運狀況,營業費用,,仟元,2018,490543
76026851,G,營運狀況,淨利,,仟元,2018,300563
22636630,G,營運狀況,營業收入,,仟元,2018,77155611
22636630,G,營運狀況,營業成本,,仟元,2018,28310343
22636630,G,營運狀況,營業費用,,仟元,2018,11937300
22636630,G,營運狀況,淨利,,仟元,2018,33840152
03546618,G,營運狀況,營業收入,,仟元,2018,27160517
03546618,G,營運狀況,營業成本,,仟元,2018,24808493
03546618,G,營運狀況,營業費用,,仟元,2018,1140449
03546618,G,營運狀況,淨利,,仟元,2018,1348685
43816068,G,營運狀況,營業收入,,仟元,2018,20173888
43816068,G,營運狀況,營業成本,,仟元,2018,18098029
43816068,G,營運狀況,營業費用,,仟元,2018,1180806
43816068,G,營運狀況,淨利,,仟元,2018,162225
05637971,G,營運狀況,營業收入,,仟元,2018,19539609
05637971,G,營運狀況,營業成本,,仟元,2018,16831845
05637971,G,營運狀況,營業費用,,仟元,2018,1896191
05637971,G,營運狀況,淨利,,仟元,2018,639123
30955404,G,營運狀況,營業收入,,仟元,2018,20596419
30955404,G,營運狀況,營業成本,,仟元,2018,17596269
30955404,G,營運狀況,營業費用,,仟元,2018,2049255
30955404,G,營運狀況,淨利,,仟元,2018,228870
34230543,G,營運狀況,營業收入,,仟元,2018,2972450
34230543,G,營運狀況,營業成本,,仟元,2018,2403834
34230543,G,營運狀況,營業費用,,仟元,2018,799873
34230543,G,營運狀況,淨利,,仟元,2018,2856013
86521351,G,營運狀況,營業收入,,仟元,2018,22890928
86521351,G,營運狀況,營業成本,,仟元,2018,18314678
86521351,G,營運狀況,營業費用,,仟元,2018,1820917
86521351,G,營運狀況,淨利,,仟元,2018,1754433
20954200,G,營運狀況,營業收入,,仟元,2018,87260406
20954200,G,營運狀況,營業成本,,仟元,2018,74643642
20954200,G,營運狀況,營業費用,,仟元,2018,7967228
20954200,G,營運狀況,淨利,,仟元,2018,3978909
22223510,G,營運狀況,營業收入,,仟元,2018,87910961
22223510,G,營運狀況,營業成本,,仟元,2018,80250155
22223510,G,營運狀況,營業費用,,仟元,2018,7534282
22223510,G,營運狀況,淨利,,仟元,2018,544185
23588039,G,營運狀況,營業收入,,仟元,2018,7231688
23588039,G,營運狀況,營業成本,,仟元,2018,6721113
23588039,G,營運狀況,營業費用,,仟元,2018,427957
23588039,G,營運狀況,淨利,,仟元,2018,145110
52878846,G,營運狀況,營業收入,,仟元,2018,3832372
52878846,G,營運狀況,營業成本,,仟元,2018,3221206
52878846,G,營運狀況,營業費用,,仟元,2018,598837
52878846,G,營運狀況,淨利,,仟元,2018,4468
44913118,G,營運狀況,營業收入,,仟元,2018,2197370
44913118,G,營運狀況,營業成本,,仟元,2018,1630177
44913118,G,營運狀況,營業費用,,仟元,2018,312426
44913118,G,營運狀況,淨利,,仟元,2018,125738
20970807,G,營運狀況,營業收入,,仟元,2018,2820470
20970807,G,營運狀況,營業成本,,仟元,2018,1780188
20970807,G,營運狀況,營業費用,,仟元,2018,494787
20970807,G,營運狀況,淨利,,仟元,2018,500570
81448796,G,營運狀況,營業收入,,仟元,2018,11965298
81448796,G,營運狀況,營業成本,,仟元,2018,9563763
81448796,G,營運狀況,營業費用,,仟元,2018,1799986
81448796,G,營運狀況,淨利,,仟元,2018,607683
83639504,G,營運狀況,營業收入,,仟元,2018,6019949
83639504,G,營運狀況,營業成本,,仟元,2018,3778789
83639504,G,營運狀況,營業費用,,仟元,2018,856125
83639504,G,營運狀況,淨利,,仟元,2018,988628
35568331,G,營運狀況,營業收入,,仟元,2018,2428431
35568331,G,營運狀況,營業成本,,仟元,2018,2299570
35568331,G,營運狀況,營業費用,,仟元,2018,381735
35568331,G,營運狀況,淨利,,仟元,2018,-189823
01887370,G,營運狀況,營業收入,,仟元,2018,3385891
01887370,G,營運狀況,營業成本,,仟元,2018,3196790
01887370,G,營運狀況,營業費用,,仟元,2018,176683
01887370,G,營運狀況,淨利,,仟元,2018,-57959
30435973,G,營運狀況,營業收入,,仟元,2018,12138723
30435973,G,營運狀況,營業成本,,仟元,2018,10875533
30435973,G,營運狀況,營業費用,,仟元,2018,1623891
30435973,G,營運狀況,淨利,,仟元,2018,-246614
84433564,G,營運狀況,營業收入,,仟元,2018,3950854
84433564,G,營運狀況,營業成本,,仟元,2018,3672842
84433564,G,營運狀況,營業費用,,仟元,2018,377967
84433564,G,營運狀況,淨利,,仟元,2018,-89247
04877657,G,營運狀況,營業收入,,仟元,2018,4481851
04877657,G,營運狀況,營業成本,,仟元,2018,4116284
04877657,G,營運狀況,營業費用,,仟元,2018,409818
04877657,G,營運狀況,淨利,,仟元,2018,11266
07618057,G,營運狀況,營業收入,,仟元,2018,5699786
07618057,G,營運狀況,營業成本,,仟元,2018,3902079
07618057,G,營運狀況,營業費用,,仟元,2018,1118510
07618057,G,營運狀況,淨利,,仟元,2018,597641
52358985,G,營運狀況,營業收入,,仟元,2018,8048055
52358985,G,營運狀況,營業成本,,仟元,2018,5891006
52358985,G,營運狀況,營業費用,,仟元,2018,1003577
52358985,G,營運狀況,淨利,,仟元,2018,904149
04403568,G,營運狀況,營業收入,,仟元,2018,5126570
04403568,G,營運狀況,營業成本,,仟元,2018,3753401
04403568,G,營運狀況,營業費用,,仟元,2018,863873
04403568,G,營運狀況,淨利,,仟元,2018,354849
23534301,G,營運狀況,營業收入,,仟元,2018,6020511
23534301,G,營運狀況,營業成本,,仟元,2018,3698357
23534301,G,營運狀況,營業費用,,仟元,2018,734241
23534301,G,營運狀況,淨利,,仟元,2018,1368843
52753108,G,營運狀況,營業收入,,仟元,2018,2037314
52753108,G,營運狀況,營業成本,,仟元,2018,1581320
52753108,G,營運狀況,營業費用,,仟元,2018,370551
52753108,G,營運狀況,淨利,,仟元,2018,160667
22771229,G,營運狀況,營業收入,,仟元,2018,2691882
22771229,G,營運狀況,營業成本,,仟元,2018,2114678
22771229,G,營運狀況,營業費用,,仟元,2018,359715
22771229,G,營運狀況,淨利,,仟元,2018,259983
19004316,G,營運狀況,營業收入,,仟元,2018,47755334
19004316,G,營運狀況,營業成本,,仟元,2018,18909295
19004316,G,營運狀況,營業費用,,仟元,2018,3644762
19004316,G,營運狀況,淨利,,仟元,2018,20529452
59276051,G,營運狀況,營業收入,,仟元,2018,3534677
59276051,G,營運狀況,營業成本,,仟元,2018,2359241
59276051,G,營運狀況,營業費用,,仟元,2018,519678
59276051,G,營運狀況,淨利,,仟元,2018,485416
20950226,G,營運狀況,營業收入,,仟元,2018,1493314
20950226,G,營運狀況,營業成本,,仟元,2018,1325974
20950226,G,營運狀況,營業費用,,仟元,2018,231374
20950226,G,營運狀況,淨利,,仟元,2018,-33314
84239055,G,營運狀況,營業收入,,仟元,2018,14522062
84239055,G,營運狀況,營業成本,,仟元,2018,13065665
84239055,G,營運狀況,營業費用,,仟元,2018,1702144
84239055,G,營運狀況,淨利,,仟元,2018,91671
84274833,G,營運狀況,營業收入,,仟元,2018,2373890
84274833,G,營運狀況,營業成本,,仟元,2018,1817052
84274833,G,營運狀況,營業費用,,仟元,2018,395306
84274833,G,營運狀況,淨利,,仟元,2018,124640
23542766,G,營運狀況,營業收入,,仟元,2018,15645253
23542766,G,營運狀況,營業成本,,仟元,2018,11725308
23542766,G,營運狀況,營業費用,,仟元,2018,2288256
23542766,G,營運狀況,淨利,,仟元,2018,1371529
20891326,G,營運狀況,營業收入,,仟元,2018,16350840
20891326,G,營運狀況,營業成本,,仟元,2018,10605078
20891326,G,營運狀況,營業費用,,仟元,2018,2143642
20891326,G,營運狀況,淨利,,仟元,2018,2679905
69577160,G,營運狀況,營業收入,,仟元,2018,7432967
69577160,G,營運狀況,營業成本,,仟元,2018,6459055
69577160,G,營運狀況,營業費用,,仟元,2018,896708
69577160,G,營運狀況,淨利,,仟元,2018,460811
23535435,G,營運狀況,營業收入,,仟元,2018,75732780
23535435,G,營運狀況,營業成本,,仟元,2018,67349463
23535435,G,營運狀況,營業費用,,仟元,2018,7001726
23535435,G,營運狀況,淨利,,仟元,2018,1829633
21204867,G,營運狀況,營業收入,,仟元,2018,8156268
21204867,G,營運狀況,營業成本,,仟元,2018,6328642
21204867,G,營運狀況,營業費用,,仟元,2018,1294325
21204867,G,營運狀況,淨利,,仟元,2018,644249
86379707,G,營運狀況,營業收入,,仟元,2018,52105683
86379707,G,營運狀況,營業成本,,仟元,2018,42341188
86379707,G,營運狀況,營業費用,,仟元,2018,4342610
86379707,G,營運狀況,淨利,,仟元,2018,4938525
38019280,G,營運狀況,營業收入,,仟元,2018,4867659
38019280,G,營運狀況,營業成本,,仟元,2018,4270484
38019280,G,營運狀況,營業費用,,仟元,2018,777729
38019280,G,營運狀況,淨利,,仟元,2018,-158422
84116878,G,營運狀況,營業收入,,仟元,2018,10679189
84116878,G,營運狀況,營業成本,,仟元,2018,7705698
84116878,G,營運狀況,營業費用,,仟元,2018,1121207
84116878,G,營運狀況,淨利,,仟元,2018,1574915
86318408,G,營運狀況,營業收入,,仟元,2018,3118343
86318408,G,營運狀況,營業成本,,仟元,2018,2303222
86318408,G,營運狀況,營業費用,,仟元,2018,354351
86318408,G,營運狀況,淨利,,仟元,2018,393629
89379218,G,營運狀況,營業收入,,仟元,2018,815484
89379218,G,營運狀況,營業成本,,仟元,2018,757542
89379218,G,營運狀況,營業費用,,仟元,2018,108324
89379218,G,營運狀況,淨利,,仟元,2018,-44105
22570840,G,營運狀況,營業收入,,仟元,2018,459443
22570840,G,營運狀況,營業成本,,仟元,2018,415496
22570840,G,營運狀況,營業費用,,仟元,2018,127538
22570840,G,營運狀況,淨利,,仟元,2018,-74022
12702977,G,營運狀況,營業收入,,仟元,2018,3140740
12702977,G,營運狀況,營業成本,,仟元,2018,2665721
12702977,G,營運狀況,營業費用,,仟元,2018,412672
12702977,G,營運狀況,淨利,,仟元,2018,99160
22749711,G,營運狀況,營業收入,,仟元,2018,751682
22749711,G,營運狀況,營業成本,,仟元,2018,747343
22749711,G,營運狀況,營業費用,,仟元,2018,172325
22749711,G,營運狀況,淨利,,仟元,2018,-156247
23983947,G,營運狀況,營業收入,,仟元,2018,2413285
23983947,G,營運狀況,營業成本,,仟元,2018,2390227
23983947,G,營運狀況,營業費用,,仟元,2018,405154
23983947,G,營運狀況,淨利,,仟元,2018,-338170
89858152,G,營運狀況,營業收入,,仟元,2018,3459839
89858152,G,營運狀況,營業成本,,仟元,2018,2756342
89858152,G,營運狀況,營業費用,,仟元,2018,564848
89858152,G,營運狀況,淨利,,仟元,2018,136896
35424073,G,營運狀況,營業收入,,仟元,2018,9644924
35424073,G,營運狀況,營業成本,,仟元,2018,7319722
35424073,G,營運狀況,營業費用,,仟元,2018,817832
35424073,G,營運狀況,淨利,,仟元,2018,1191456
22928881,G,營運狀況,營業收入,,仟元,2018,114022
22928881,G,營運狀況,營業成本,,仟元,2018,68687
22928881,G,營運狀況,營業費用,,仟元,2018,82257
22928881,G,營運狀況,淨利,,仟元,2018,279623
80272361,G,營運狀況,營業收入,,仟元,2018,5522112
80272361,G,營運狀況,營業成本,,仟元,2018,4003224
80272361,G,營運狀況,營業費用,,仟元,2018,751575
80272361,G,營運狀況,淨利,,仟元,2018,709301
22244141,G,營運狀況,營業收入,,仟元,2018,13311518
22244141,G,營運狀況,營業成本,,仟元,2018,8962649
22244141,G,營運狀況,營業費用,,仟元,2018,2366429
22244141,G,營運狀況,淨利,,仟元,2018,1708299
22488639,G,營運狀況,營業收入,,仟元,2018,4096096
22488639,G,營運狀況,營業成本,,仟元,2018,3332348
22488639,G,營運狀況,營業費用,,仟元,2018,575028
22488639,G,營運狀況,淨利,,仟元,2018,122610
16742182,G,營運狀況,營業收入,,仟元,2018,658435
16742182,G,營運狀況,營業成本,,仟元,2018,583206
16742182,G,營運狀況,營業費用,,仟元,2018,113977
16742182,G,營運狀況,淨利,,仟元,2018,-8175
80617029,G,營運狀況,營業收入,,仟元,2018,820205
80617029,G,營運狀況,營業成本,,仟元,2018,744046
80617029,G,營運狀況,營業費用,,仟元,2018,140640
80617029,G,營運狀況,淨利,,仟元,2018,-146504
97257738,G,營運狀況,營業收入,,仟元,2018,6710893
97257738,G,營運狀況,營業成本,,仟元,2018,5337999
97257738,G,營運狀況,營業費用,,仟元,2018,1237562
97257738,G,營運狀況,淨利,,仟元,2018,222354
23414349,G,營運狀況,營業收入,,仟元,2018,5499980
23414349,G,營運狀況,營業成本,,仟元,2018,5516027
23414349,G,營運狀況,營業費用,,仟元,2018,680075
23414349,G,營運狀況,淨利,,仟元,2018,-890542
70776899,G,營運狀況,營業收入,,仟元,2018,2268611
70776899,G,營運狀況,營業成本,,仟元,2018,1460082
70776899,G,營運狀況,營業費用,,仟元,2018,332985
70776899,G,營運狀況,淨利,,仟元,2018,378821
22415854,G,營運狀況,營業收入,,仟元,2018,4681900
22415854,G,營運狀況,營業成本,,仟元,2018,3536476
22415854,G,營運狀況,營業費用,,仟元,2018,637962
22415854,G,營運狀況,淨利,,仟元,2018,493679
36011776,G,營運狀況,營業收入,,仟元,2018,4218842
36011776,G,營運狀況,營業成本,,仟元,2018,3421025
36011776,G,營運狀況,營業費用,,仟元,2018,479562
36011776,G,營運狀況,淨利,,仟元,2018,241752
12738623,G,營運狀況,營業收入,,仟元,2018,2073532
12738623,G,營運狀況,營業成本,,仟元,2018,1713429
12738623,G,營運狀況,營業費用,,仟元,2018,413436
12738623,G,營運狀況,淨利,,仟元,2018,-56767
26595630,G,營運狀況,營業收入,,仟元,2018,6043090
26595630,G,營運狀況,營業成本,,仟元,2018,4757020
26595630,G,營運狀況,營業費用,,仟元,2018,680111
26595630,G,營運狀況,淨利,,仟元,2018,405403
28006928,G,營運狀況,營業收入,,仟元,2018,64811408
28006928,G,營運狀況,營業成本,,仟元,2018,57021985
28006928,G,營運狀況,營業費用,,仟元,2018,5846909
28006928,G,營運狀況,淨利,,仟元,2018,1913975
54384828,G,營運狀況,營業收入,,仟元,2018,11175098
54384828,G,營運狀況,營業成本,,仟元,2018,9354427
54384828,G,營運狀況,營業費用,,仟元,2018,986132
54384828,G,營運狀況,淨利,,仟元,2018,833058
26320984,G,營運狀況,營業收入,,仟元,2018,5757902
26320984,G,營運狀況,營業成本,,仟元,2018,3388653
26320984,G,營運狀況,營業費用,,仟元,2018,879062
26320984,G,營運狀況,淨利,,仟元,2018,976545
26392564,G,營運狀況,營業收入,,仟元,2018,117912881
26392564,G,營運狀況,營業成本,,仟元,2018,91851933
26392564,G,營運狀況,營業費用,,仟元,2018,11215330
26392564,G,營運狀況,淨利,,仟元,2018,11536495
97430202,G,營運狀況,營業收入,,仟元,2018,494901
97430202,G,營運狀況,營業成本,,仟元,2018,322830
97430202,G,營運狀況,營業費用,,仟元,2018,274088
97430202,G,營運狀況,淨利,,仟元,2018,-54677
97173920,G,營運狀況,營業收入,,仟元,2018,3209423
97173920,G,營運狀況,營業成本,,仟元,2018,2751788
97173920,G,營運狀況,營業費用,,仟元,2018,142492
97173920,G,營運狀況,淨利,,仟元,2018,276552
13012009,G,營運狀況,營業收入,,仟元,2018,2438666
13012009,G,營運狀況,營業成本,,仟元,2018,1578808
13012009,G,營運狀況,營業費用,,仟元,2018,320249
13012009,G,營運狀況,淨利,,仟元,2018,470172
86731791,G,營運狀況,營業收入,,仟元,2018,578312
86731791,G,營運狀況,營業成本,,仟元,2018,417146
86731791,G,營運狀況,營業費用,,仟元,2018,130425
86731791,G,營運狀況,淨利,,仟元,2018,43978
16576851,G,營運狀況,營業收入,,仟元,2018,760768
16576851,G,營運狀況,營業成本,,仟元,2018,607554
16576851,G,營運狀況,營業費用,,仟元,2018,217100
16576851,G,營運狀況,淨利,,仟元,2018,-72460
23225071,G,營運狀況,營業收入,,仟元,2018,43768976
23225071,G,營運狀況,營業成本,,仟元,2018,37247527
23225071,G,營運狀況,營業費用,,仟元,2018,4200364
23225071,G,營運狀況,淨利,,仟元,2018,1743976
36084833,G,營運狀況,營業收入,,仟元,2018,8933156
36084833,G,營運狀況,營業成本,,仟元,2018,7563369
36084833,G,營運狀況,營業費用,,仟元,2018,836941
36084833,G,營運狀況,淨利,,仟元,2018,555628
22304288,G,營運狀況,營業收入,,仟元,2018,7041035
22304288,G,營運狀況,營業成本,,仟元,2018,5840094
22304288,G,營運狀況,營業費用,,仟元,2018,584801
22304288,G,營運狀況,淨利,,仟元,2018,526433
04865462,G,營運狀況,營業收入,,仟元,2018,1078406
04865462,G,營運狀況,營業成本,,仟元,2018,863316
04865462,G,營運狀況,營業費用,,仟元,2018,216494
04865462,G,營運狀況,淨利,,仟元,2018,14315
23750095,G,營運狀況,營業收入,,仟元,2018,3998712
23750095,G,營運狀況,營業成本,,仟元,2018,3492418
23750095,G,營運狀況,營業費用,,仟元,2018,407018
23750095,G,營運狀況,淨利,,仟元,2018,-88029
86980046,G,營運狀況,營業收入,,仟元,2018,15520376
86980046,G,營運狀況,營業成本,,仟元,2018,12832369
86980046,G,營運狀況,營業費用,,仟元,2018,1916899
86980046,G,營運狀況,淨利,,仟元,2018,800887
22306130,G,營運狀況,營業收入,,仟元,2018,722186
22306130,G,營運狀況,營業成本,,仟元,2018,521695
22306130,G,營運狀況,營業費用,,仟元,2018,125348
22306130,G,營運狀況,淨利,,仟元,2018,127497
81069921,G,營運狀況,營業收入,,仟元,2018,22297733
81069921,G,營運狀況,營業成本,,仟元,2018,19585847
81069921,G,營運狀況,營業費用,,仟元,2018,2083704
81069921,G,營運狀況,淨利,,仟元,2018,396463
86701804,G,營運狀況,營業收入,,仟元,2018,3486163
86701804,G,營運狀況,營業成本,,仟元,2018,2843175
86701804,G,營運狀況,營業費用,,仟元,2018,503791
86701804,G,營運狀況,淨利,,仟元,2018,277604
22115625,G,營運狀況,營業收入,,仟元,2018,1508724
22115625,G,營運狀況,營業成本,,仟元,2018,1057255
22115625,G,營運狀況,營業費用,,仟元,2018,289377
22115625,G,營運狀況,淨利,,仟元,2018,141120
97179403,G,營運狀況,營業收入,,仟元,2018,22401722
97179403,G,營運狀況,營業成本,,仟元,2018,19146160
97179403,G,營運狀況,營業費用,,仟元,2018,1471172
97179403,G,營運狀況,淨利,,仟元,2018,1774557
16433242,G,營運狀況,營業收入,,仟元,2018,1668641
16433242,G,營運狀況,營業成本,,仟元,2018,876037
16433242,G,營運狀況,營業費用,,仟元,2018,391646
16433242,G,營運狀況,淨利,,仟元,2018,350035
22993144,G,營運狀況,營業收入,,仟元,2018,13058285
22993144,G,營運狀況,營業成本,,仟元,2018,11902072
22993144,G,營運狀況,營業費用,,仟元,2018,1160808
22993144,G,營運狀況,淨利,,仟元,2018,-240885
16347324,G,營運狀況,營業收入,,仟元,2018,26770491
16347324,G,營運狀況,營業成本,,仟元,2018,21650208
16347324,G,營運狀況,營業費用,,仟元,2018,1967309
16347324,G,營運狀況,淨利,,仟元,2018,2644712
23610975,G,營運狀況,營業收入,,仟元,2018,2601807
23610975,G,營運狀況,營業成本,,仟元,2018,2117800
23610975,G,營運狀況,營業費用,,仟元,2018,558177
23610975,G,營運狀況,淨利,,仟元,2018,-59861
12341051,G,營運狀況,營業收入,,仟元,2018,18732663
12341051,G,營運狀況,營業成本,,仟元,2018,16276642
12341051,G,營運狀況,營業費用,,仟元,2018,2432030
12341051,G,營運狀況,淨利,,仟元,2018,1048665
23810592,G,營運狀況,營業收入,,仟元,2018,4171357
23810592,G,營運狀況,營業成本,,仟元,2018,3273790
23810592,G,營運狀況,營業費用,,仟元,2018,415928
23810592,G,營運狀況,淨利,,仟元,2018,284756
24284436,G,營運狀況,營業收入,,仟元,2018,31292361
24284436,G,營運狀況,營業成本,,仟元,2018,26908680
24284436,G,營運狀況,營業費用,,仟元,2018,2961338
24284436,G,營運狀況,淨利,,仟元,2018,1023400
28064644,G,營運狀況,營業收入,,仟元,2018,2042820
28064644,G,營運狀況,營業成本,,仟元,2018,1525524
28064644,G,營運狀況,營業費用,,仟元,2018,253326
28064644,G,營運狀況,淨利,,仟元,2018,182343
24489613,G,營運狀況,營業收入,,仟元,2018,434841
24489613,G,營運狀況,營業成本,,仟元,2018,363287
24489613,G,營運狀況,營業費用,,仟元,2018,159466
24489613,G,營運狀況,淨利,,仟元,2018,-87336
36268804,G,營運狀況,營業收入,,仟元,2018,1907449
36268804,G,營運狀況,營業成本,,仟元,2018,1590017
36268804,G,營運狀況,營業費用,,仟元,2018,248104
36268804,G,營運狀況,淨利,,仟元,2018,45024
72952251,G,營運狀況,營業收入,,仟元,2018,5413656
72952251,G,營運狀況,營業成本,,仟元,2018,4067705
72952251,G,營運狀況,營業費用,,仟元,2018,858511
72952251,G,營運狀況,淨利,,仟元,2018,405264
53431627,G,營運狀況,營業收入,,仟元,2018,2122938
53431627,G,營運狀況,營業成本,,仟元,2018,1623133
53431627,G,營運狀況,營業費用,,仟元,2018,208418
53431627,G,營運狀況,淨利,,仟元,2018,250336
28031594,G,營運狀況,營業收入,,仟元,2018,1942783
28031594,G,營運狀況,營業成本,,仟元,2018,1585332
28031594,G,營運狀況,營業費用,,仟元,2018,291878
28031594,G,營運狀況,淨利,,仟元,2018,62224
05052033,G,營運狀況,營業收入,,仟元,2018,1331521
05052033,G,營運狀況,營業成本,,仟元,2018,949452
05052033,G,營運狀況,營業費用,,仟元,2018,275556
05052033,G,營運狀況,淨利,,仟元,2018,72025
12871564,G,營運狀況,營業收入,,仟元,2018,691615
12871564,G,營運狀況,營業成本,,仟元,2018,510907
12871564,G,營運狀況,營業費用,,仟元,2018,165988
12871564,G,營運狀況,淨利,,仟元,2018,19223
16198345,G,營運狀況,營業收入,,仟元,2018,9643051
16198345,G,營運狀況,營業成本,,仟元,2018,7650007
16198345,G,營運狀況,營業費用,,仟元,2018,1024079
16198345,G,營運狀況,淨利,,仟元,2018,679474
16096804,G,營運狀況,營業收入,,仟元,2018,28832551
16096804,G,營運狀況,營業成本,,仟元,2018,28483107
16096804,G,營運狀況,營業費用,,仟元,2018,1535223
16096804,G,營運狀況,淨利,,仟元,2018,-584333
23632274,G,營運狀況,營業收入,,仟元,2018,3110632
23632274,G,營運狀況,營業成本,,仟元,2018,2256619
23632274,G,營運狀況,營業費用,,仟元,2018,583821
23632274,G,營運狀況,淨利,,仟元,2018,203947
11491382,G,營運狀況,營業收入,,仟元,2018,2376419
11491382,G,營運狀況,營業成本,,仟元,2018,2094857
11491382,G,營運狀況,營業費用,,仟元,2018,250576
11491382,G,營運狀況,淨利,,仟元,2018,395291
70801378,G,營運狀況,營業收入,,仟元,2018,23057652
70801378,G,營運狀況,營業成本,,仟元,2018,19630375
70801378,G,營運狀況,營業費用,,仟元,2018,1877337
70801378,G,營運狀況,淨利,,仟元,2018,1209090
16596646,G,營運狀況,營業收入,,仟元,2018,4576761
16596646,G,營運狀況,營業成本,,仟元,2018,4023893
16596646,G,營運狀況,營業費用,,仟元,2018,326433
16596646,G,營運狀況,淨利,,仟元,2018,205800
07699023,G,營運狀況,營業收入,,仟元,2017,1270463
07699023,G,營運狀況,營業成本,,仟元,2017,1343555
07699023,G,營運狀況,營業費用,,仟元,2017,275849
07699023,G,營運狀況,淨利,,仟元,2017,-470289
35966577,G,營運狀況,營業收入,,仟元,2017,8870758
35966577,G,營運狀況,營業成本,,仟元,2017,6817212
35966577,G,營運狀況,營業費用,,仟元,2017,830176
35966577,G,營運狀況,淨利,,仟元,2017,869440
12642444,G,營運狀況,營業收入,,仟元,2017,246373
12642444,G,營運狀況,營業成本,,仟元,2017,202088
12642444,G,營運狀況,營業費用,,仟元,2017,47725
12642444,G,營運狀況,淨利,,仟元,2017,-20747
22274989,G,營運狀況,營業收入,,仟元,2017,4110572
22274989,G,營運狀況,營業成本,,仟元,2017,1918265
22274989,G,營運狀況,營業費用,,仟元,2017,527230
22274989,G,營運狀況,淨利,,仟元,2017,908700
34051920,G,營運狀況,營業收入,,仟元,2017,223577514
34051920,G,營運狀況,營業成本,,仟元,2017,162809240
34051920,G,營運狀況,營業費用,,仟元,2017,40994486
34051920,G,營運狀況,淨利,,仟元,2017,18756952
04401392,G,營運狀況,營業收入,,仟元,2017,53964193
04401392,G,營運狀況,營業成本,,仟元,2017,45873484
04401392,G,營運狀況,營業費用,,仟元,2017,2308528
04401392,G,營運狀況,淨利,,仟元,2017,3577044
76026851,G,營運狀況,營業收入,,仟元,2017,5376754
76026851,G,營運狀況,營業成本,,仟元,2017,4994223
76026851,G,營運狀況,營業費用,,仟元,2017,421279
76026851,G,營運狀況,淨利,,仟元,2017,-8350
22636630,G,營運狀況,營業收入,,仟元,2017,32258599
22636630,G,營運狀況,營業成本,,仟元,2017,21760490
22636630,G,營運狀況,營業費用,,仟元,2017,2904790
22636630,G,營運狀況,淨利,,仟元,2017,6681014
03546618,G,營運狀況,營業收入,,仟元,2017,26238360
03546618,G,營運狀況,營業成本,,仟元,2017,24052450
03546618,G,營運狀況,營業費用,,仟元,2017,1135396
03546618,G,營運狀況,淨利,,仟元,2017,851631
43816068,G,營運狀況,營業收入,,仟元,2017,23645611
43816068,G,營運狀況,營業成本,,仟元,2017,20355047
43816068,G,營運狀況,營業費用,,仟元,2017,1255422
43816068,G,營運狀況,淨利,,仟元,2017,1496209
05637971,G,營運狀況,營業收入,,仟元,2017,18131323
05637971,G,營運狀況,營業成本,,仟元,2017,15252066
05637971,G,營運狀況,營業費用,,仟元,2017,1780667
05637971,G,營運狀況,淨利,,仟元,2017,651647
30955404,G,營運狀況,營業收入,,仟元,2017,19166120
30955404,G,營運狀況,營業成本,,仟元,2017,17283295
30955404,G,營運狀況,營業費用,,仟元,2017,1824183
30955404,G,營運狀況,淨利,,仟元,2017,-269103
34230543,G,營運狀況,營業收入,,仟元,2017,2925473
34230543,G,營運狀況,營業成本,,仟元,2017,2383409
34230543,G,營運狀況,營業費用,,仟元,2017,374723
34230543,G,營運狀況,淨利,,仟元,2017,368021
86521351,G,營運狀況,營業收入,,仟元,2017,23609983
86521351,G,營運狀況,營業成本,,仟元,2017,17782005
86521351,G,營運狀況,營業費用,,仟元,2017,1821420
86521351,G,營運狀況,淨利,,仟元,2017,2795176
20954200,G,營運狀況,營業收入,,仟元,2017,78155686
20954200,G,營運狀況,營業成本,,仟元,2017,64701349
20954200,G,營運狀況,營業費用,,仟元,2017,8885007
20954200,G,營運狀況,淨利,,仟元,2017,4872216
22223510,G,營運狀況,營業收入,,仟元,2017,93624086
22223510,G,營運狀況,營業成本,,仟元,2017,84135451
22223510,G,營運狀況,營業費用,,仟元,2017,8687670
22223510,G,營運狀況,淨利,,仟元,2017,405402
23588039,G,營運狀況,營業收入,,仟元,2017,7180059
23588039,G,營運狀況,營業成本,,仟元,2017,7053299
23588039,G,營運狀況,營業費用,,仟元,2017,453423
23588039,G,營運狀況,淨利,,仟元,2017,-298473
52878846,G,營運狀況,營業收入,,仟元,2017,3593045
52878846,G,營運狀況,營業成本,,仟元,2017,3042814
52878846,G,營運狀況,營業費用,,仟元,2017,565808
52878846,G,營運狀況,淨利,,仟元,2017,-127581
44913118,G,營運狀況,營業收入,,仟元,2017,2262444
44913118,G,營運狀況,營業成本,,仟元,2017,1629890
44913118,G,營運狀況,營業費用,,仟元,2017,336517
44913118,G,營運狀況,淨利,,仟元,2017,152148
20970807,G,營運狀況,營業收入,,仟元,2017,2928087
20970807,G,營運狀況,營業成本,,仟元,2017,1823419
20970807,G,營運狀況,營業費用,,仟元,2017,502879
20970807,G,營運狀況,淨利,,仟元,2017,461580
81448796,G,營運狀況,營業收入,,仟元,2017,10946728
81448796,G,營運狀況,營業成本,,仟元,2017,8492264
81448796,G,營運狀況,營業費用,,仟元,2017,1698560
81448796,G,營運狀況,淨利,,仟元,2017,663416
83639504,G,營運狀況,營業收入,,仟元,2017,5826763
83639504,G,營運狀況,營業成本,,仟元,2017,3774415
83639504,G,營運狀況,營業費用,,仟元,2017,813350
83639504,G,營運狀況,淨利,,仟元,2017,1080491
35568331,G,營運狀況,營業收入,,仟元,2017,2303239
35568331,G,營運狀況,營業成本,,仟元,2017,2063869
35568331,G,營運狀況,營業費用,,仟元,2017,284462
35568331,G,營運狀況,淨利,,仟元,2017,-38262
01887370,G,營運狀況,營業收入,,仟元,2017,3101784
01887370,G,營運狀況,營業成本,,仟元,2017,2821770
01887370,G,營運狀況,營業費用,,仟元,2017,165451
01887370,G,營運狀況,淨利,,仟元,2017,117323
30435973,G,營運狀況,營業收入,,仟元,2017,11283520
30435973,G,營運狀況,營業成本,,仟元,2017,9969733
30435973,G,營運狀況,營業費用,,仟元,2017,1519746
30435973,G,營運狀況,淨利,,仟元,2017,6638
84433564,G,營運狀況,營業收入,,仟元,2017,3862576
84433564,G,營運狀況,營業成本,,仟元,2017,3436653
84433564,G,營運狀況,營業費用,,仟元,2017,379367
84433564,G,營運狀況,淨利,,仟元,2017,-860
04877657,G,營運狀況,營業收入,,仟元,2017,4424274
04877657,G,營運狀況,營業成本,,仟元,2017,3953334
04877657,G,營運狀況,營業費用,,仟元,2017,399887
04877657,G,營運狀況,淨利,,仟元,2017,30442
07618057,G,營運狀況,營業收入,,仟元,2017,5002589
07618057,G,營運狀況,營業成本,,仟元,2017,3344501
07618057,G,營運狀況,營業費用,,仟元,2017,1091265
07618057,G,營運狀況,淨利,,仟元,2017,427183
52358985,G,營運狀況,營業收入,,仟元,2017,7180439
52358985,G,營運狀況,營業成本,,仟元,2017,5424992
52358985,G,營運狀況,營業費用,,仟元,2017,861271
52358985,G,營運狀況,淨利,,仟元,2017,771854
04403568,G,營運狀況,營業收入,,仟元,2017,5143189
04403568,G,營運狀況,營業成本,,仟元,2017,3641688
04403568,G,營運狀況,營業費用,,仟元,2017,776131
04403568,G,營運狀況,淨利,,仟元,2017,446674
23534301,G,營運狀況,營業收入,,仟元,2017,4078185
23534301,G,營運狀況,營業成本,,仟元,2017,3361007
23534301,G,營運狀況,營業費用,,仟元,2017,441812
23534301,G,營運狀況,淨利,,仟元,2017,194765
52753108,G,營運狀況,營業收入,,仟元,2017,1792782
52753108,G,營運狀況,營業成本,,仟元,2017,1259624
52753108,G,營運狀況,營業費用,,仟元,2017,311903
52753108,G,營運狀況,淨利,,仟元,2017,163099
22771229,G,營運狀況,營業收入,,仟元,2017,3258695
22771229,G,營運狀況,營業成本,,仟元,2017,2714188
22771229,G,營運狀況,營業費用,,仟元,2017,341724
22771229,G,營運狀況,淨利,,仟元,2017,171685
19004316,G,營運狀況,營業收入,,仟元,2017,21645214
19004316,G,營運狀況,營業成本,,仟元,2017,16023229
19004316,G,營運狀況,營業費用,,仟元,2017,2329168
19004316,G,營運狀況,淨利,,仟元,2017,2805026
59276051,G,營運狀況,營業收入,,仟元,2017,3310475
59276051,G,營運狀況,營業成本,,仟元,2017,2113748
59276051,G,營運狀況,營業費用,,仟元,2017,500125
59276051,G,營運狀況,淨利,,仟元,2017,504656
20950226,G,營運狀況,營業收入,,仟元,2017,1095182
20950226,G,營運狀況,營業成本,,仟元,2017,932261
20950226,G,營運狀況,營業費用,,仟元,2017,252624
20950226,G,營運狀況,淨利,,仟元,2017,-102046
84239055,G,營運狀況,營業收入,,仟元,2017,14416022
84239055,G,營運狀況,營業成本,,仟元,2017,12904958
84239055,G,營運狀況,營業費用,,仟元,2017,1714720
84239055,G,營運狀況,淨利,,仟元,2017,320713
84274833,G,營運狀況,營業收入,,仟元,2017,2093548
84274833,G,營運狀況,營業成本,,仟元,2017,1583336
84274833,G,營運狀況,營業費用,,仟元,2017,344458
84274833,G,營運狀況,淨利,,仟元,2017,108879
23542766,G,營運狀況,營業收入,,仟元,2017,13061439
23542766,G,營運狀況,營業成本,,仟元,2017,9781088
23542766,G,營運狀況,營業費用,,仟元,2017,1887205
23542766,G,營運狀況,淨利,,仟元,2017,1224088
20891326,G,營運狀況,營業收入,,仟元,2017,13108837
20891326,G,營運狀況,營業成本,,仟元,2017,10687871
20891326,G,營運狀況,營業費用,,仟元,2017,1536783
20891326,G,營運狀況,淨利,,仟元,2017,737438
69577160,G,營運狀況,營業收入,,仟元,2017,7161469
69577160,G,營運狀況,營業成本,,仟元,2017,5921068
69577160,G,營運狀況,營業費用,,仟元,2017,847640
69577160,G,營運狀況,淨利,,仟元,2017,298107
23535435,G,營運狀況,營業收入,,仟元,2017,64992758
23535435,G,營運狀況,營業成本,,仟元,2017,59206149
23535435,G,營運狀況,營業費用,,仟元,2017,5896076
23535435,G,營運狀況,淨利,,仟元,2017,692422
21204867,G,營運狀況,營業收入,,仟元,2017,8781552
21204867,G,營運狀況,營業成本,,仟元,2017,6595475
21204867,G,營運狀況,營業費用,,仟元,2017,1384021
21204867,G,營運狀況,淨利,,仟元,2017,951017
86379707,G,營運狀況,營業收入,,仟元,2017,45818601
86379707,G,營運狀況,營業成本,,仟元,2017,37463660
86379707,G,營運狀況,營業費用,,仟元,2017,3623674
86379707,G,營運狀況,淨利,,仟元,2017,4365599
38019280,G,營運狀況,營業收入,,仟元,2017,5087513
38019280,G,營運狀況,營業成本,,仟元,2017,4448108
38019280,G,營運狀況,營業費用,,仟元,2017,728976
38019280,G,營運狀況,淨利,,仟元,2017,-36546
84116878,G,營運狀況,營業收入,,仟元,2017,8250452
84116878,G,營運狀況,營業成本,,仟元,2017,6830478
84116878,G,營運狀況,營業費用,,仟元,2017,751368
84116878,G,營運狀況,淨利,,仟元,2017,593528
86318408,G,營運狀況,營業收入,,仟元,2017,2608217
86318408,G,營運狀況,營業成本,,仟元,2017,1874115
86318408,G,營運狀況,營業費用,,仟元,2017,268893
86318408,G,營運狀況,淨利,,仟元,2017,334043
89379218,G,營運狀況,營業收入,,仟元,2017,940384
89379218,G,營運狀況,營業成本,,仟元,2017,828922
89379218,G,營運狀況,營業費用,,仟元,2017,86558
89379218,G,營運狀況,淨利,,仟元,2017,61059
22570840,G,營運狀況,營業收入,,仟元,2017,469230
22570840,G,營運狀況,營業成本,,仟元,2017,402095
22570840,G,營運狀況,營業費用,,仟元,2017,97239
22570840,G,營運狀況,淨利,,仟元,2017,-17883
12702977,G,營運狀況,營業收入,,仟元,2017,2858629
12702977,G,營運狀況,營業成本,,仟元,2017,2390190
12702977,G,營運狀況,營業費用,,仟元,2017,415547
12702977,G,營運狀況,淨利,,仟元,2017,2365
22749711,G,營運狀況,營業收入,,仟元,2017,945816
22749711,G,營運狀況,營業成本,,仟元,2017,830885
22749711,G,營運狀況,營業費用,,仟元,2017,176023
22749711,G,營運狀況,淨利,,仟元,2017,-56100
23983947,G,營運狀況,營業收入,,仟元,2017,2793333
23983947,G,營運狀況,營業成本,,仟元,2017,2605991
23983947,G,營運狀況,營業費用,,仟元,2017,364295
23983947,G,營運狀況,淨利,,仟元,2017,-250037
89858152,G,營運狀況,營業收入,,仟元,2017,3063486
89858152,G,營運狀況,營業成本,,仟元,2017,2360843
89858152,G,營運狀況,營業費用,,仟元,2017,570789
89858152,G,營運狀況,淨利,,仟元,2017,35195
35424073,G,營運狀況,營業收入,,仟元,2017,8656049
35424073,G,營運狀況,營業成本,,仟元,2017,6435819
35424073,G,營運狀況,營業費用,,仟元,2017,910252
35424073,G,營運狀況,淨利,,仟元,2017,732605
22928881,G,營運狀況,營業收入,,仟元,2017,209052
22928881,G,營運狀況,營業成本,,仟元,2017,130995
22928881,G,營運狀況,營業費用,,仟元,2017,139814
22928881,G,營運狀況,淨利,,仟元,2017,-22336
80272361,G,營運狀況,營業收入,,仟元,2017,4986954
80272361,G,營運狀況,營業成本,,仟元,2017,3474270
80272361,G,營運狀況,營業費用,,仟元,2017,709763
80272361,G,營運狀況,淨利,,仟元,2017,528888
22244141,G,營運狀況,營業收入,,仟元,2017,10482763
22244141,G,營運狀況,營業成本,,仟元,2017,7092248
22244141,G,營運狀況,營業費用,,仟元,2017,2170932
22244141,G,營運狀況,淨利,,仟元,2017,982732
22488639,G,營運狀況,營業收入,,仟元,2017,3788167
22488639,G,營運狀況,營業成本,,仟元,2017,3042597
22488639,G,營運狀況,營業費用,,仟元,2017,523969
22488639,G,營運狀況,淨利,,仟元,2017,130122
16742182,G,營運狀況,營業收入,,仟元,2017,741943
16742182,G,營運狀況,營業成本,,仟元,2017,663849
16742182,G,營運狀況,營業費用,,仟元,2017,130670
16742182,G,營運狀況,淨利,,仟元,2017,-43155
80617029,G,營運狀況,營業收入,,仟元,2017,849972
80617029,G,營運狀況,營業成本,,仟元,2017,720927
80617029,G,營運狀況,營業費用,,仟元,2017,117939
80617029,G,營運狀況,淨利,,仟元,2017,2087
97257738,G,營運狀況,營業收入,,仟元,2017,5665958
97257738,G,營運狀況,營業成本,,仟元,2017,4572737
97257738,G,營運狀況,營業費用,,仟元,2017,1065828
97257738,G,營運狀況,淨利,,仟元,2017,62639
23414349,G,營運狀況,營業收入,,仟元,2017,6024092
23414349,G,營運狀況,營業成本,,仟元,2017,5675461
23414349,G,營運狀況,營業費用,,仟元,2017,815283
23414349,G,營運狀況,淨利,,仟元,2017,-432005
70776899,G,營運狀況,營業收入,,仟元,2017,1933131
70776899,G,營運狀況,營業成本,,仟元,2017,1298080
70776899,G,營運狀況,營業費用,,仟元,2017,266816
70776899,G,營運狀況,淨利,,仟元,2017,275037
22415854,G,營運狀況,營業收入,,仟元,2017,3662463
22415854,G,營運狀況,營業成本,,仟元,2017,2711283
22415854,G,營運狀況,營業費用,,仟元,2017,563698
22415854,G,營運狀況,淨利,,仟元,2017,232959
36011776,G,營運狀況,營業收入,,仟元,2017,4019508
36011776,G,營運狀況,營業成本,,仟元,2017,3025468
36011776,G,營運狀況,營業費用,,仟元,2017,397124
36011776,G,營運狀況,淨利,,仟元,2017,435894
12738623,G,營運狀況,營業收入,,仟元,2017,2469384
12738623,G,營運狀況,營業成本,,仟元,2017,1968624
12738623,G,營運狀況,營業費用,,仟元,2017,389767
12738623,G,營運狀況,淨利,,仟元,2017,16513
26595630,G,營運狀況,營業收入,,仟元,2017,4255549
26595630,G,營運狀況,營業成本,,仟元,2017,3382778
26595630,G,營運狀況,營業費用,,仟元,2017,532223
26595630,G,營運狀況,淨利,,仟元,2017,314516
28006928,G,營運狀況,營業收入,,仟元,2017,60741692
28006928,G,營運狀況,營業成本,,仟元,2017,53261685
28006928,G,營運狀況,營業費用,,仟元,2017,5280102
28006928,G,營運狀況,淨利,,仟元,2017,2168981
54384828,G,營運狀況,營業收入,,仟元,2017,10395323
54384828,G,營運狀況,營業成本,,仟元,2017,9310847
54384828,G,營運狀況,營業費用,,仟元,2017,993592
54384828,G,營運狀況,淨利,,仟元,2017,78444
26320984,G,營運狀況,營業收入,,仟元,2017,5274434
26320984,G,營運狀況,營業成本,,仟元,2017,2998524
26320984,G,營運狀況,營業費用,,仟元,2017,778852
26320984,G,營運狀況,淨利,,仟元,2017,1096100
26392564,G,營運狀況,營業收入,,仟元,2017,109237731
26392564,G,營運狀況,營業成本,,仟元,2017,91404296
26392564,G,營運狀況,營業費用,,仟元,2017,9176299
26392564,G,營運狀況,淨利,,仟元,2017,6771783
97430202,G,營運狀況,營業收入,,仟元,2017,714395
97430202,G,營運狀況,營業成本,,仟元,2017,540787
97430202,G,營運狀況,營業費用,,仟元,2017,202828
97430202,G,營運狀況,淨利,,仟元,2017,-33073
97173920,G,營運狀況,營業收入,,仟元,2017,3774721
97173920,G,營運狀況,營業成本,,仟元,2017,2893928
97173920,G,營運狀況,營業費用,,仟元,2017,125580
97173920,G,營運狀況,淨利,,仟元,2017,599230
13012009,G,營運狀況,營業收入,,仟元,2017,2515960
13012009,G,營運狀況,營業成本,,仟元,2017,1598917
13012009,G,營運狀況,營業費用,,仟元,2017,315612
13012009,G,營運狀況,淨利,,仟元,2017,384032
86731791,G,營運狀況,營業收入,,仟元,2017,557810
86731791,G,營運狀況,營業成本,,仟元,2017,400412
86731791,G,營運狀況,營業費用,,仟元,2017,122985
86731791,G,營運狀況,淨利,,仟元,2017,20094
16576851,G,營運狀況,營業收入,,仟元,2017,778989
16576851,G,營運狀況,營業成本,,仟元,2017,630845
16576851,G,營運狀況,營業費用,,仟元,2017,238357
16576851,G,營運狀況,淨利,,仟元,2017,-142980
23225071,G,營運狀況,營業收入,,仟元,2017,39629458
23225071,G,營運狀況,營業成本,,仟元,2017,34294744
23225071,G,營運狀況,營業費用,,仟元,2017,3713376
23225071,G,營運狀況,淨利,,仟元,2017,1087966
36084833,G,營運狀況,營業收入,,仟元,2017,8734278
36084833,G,營運狀況,營業成本,,仟元,2017,7483731
36084833,G,營運狀況,營業費用,,仟元,2017,833120
36084833,G,營運狀況,淨利,,仟元,2017,272970
22304288,G,營運狀況,營業收入,,仟元,2017,7052868
22304288,G,營運狀況,營業成本,,仟元,2017,5705049
22304288,G,營運狀況,營業費用,,仟元,2017,576072
22304288,G,營運狀況,淨利,,仟元,2017,454762
04865462,G,營運狀況,營業收入,,仟元,2017,1164082
04865462,G,營運狀況,營業成本,,仟元,2017,837091
04865462,G,營運狀況,營業費用,,仟元,2017,268881
04865462,G,營運狀況,淨利,,仟元,2017,24472
23750095,G,營運狀況,營業收入,,仟元,2017,3853356
23750095,G,營運狀況,營業成本,,仟元,2017,3280896
23750095,G,營運狀況,營業費用,,仟元,2017,329025
23750095,G,營運狀況,淨利,,仟元,2017,211830
86980046,G,營運狀況,營業收入,,仟元,2017,12932865
86980046,G,營運狀況,營業成本,,仟元,2017,11298057
86980046,G,營運狀況,營業費用,,仟元,2017,1506379
86980046,G,營運狀況,淨利,,仟元,2017,22600
22306130,G,營運狀況,營業收入,,仟元,2017,698467
22306130,G,營運狀況,營業成本,,仟元,2017,506966
22306130,G,營運狀況,營業費用,,仟元,2017,112647
22306130,G,營運狀況,淨利,,仟元,2017,42957
81069921,G,營運狀況,營業收入,,仟元,2017,20642738
81069921,G,營運狀況,營業成本,,仟元,2017,18094923
81069921,G,營運狀況,營業費用,,仟元,2017,1834636
81069921,G,營運狀況,淨利,,仟元,2017,423232
86701804,G,營運狀況,營業收入,,仟元,2017,4135171
86701804,G,營運狀況,營業成本,,仟元,2017,3400462
86701804,G,營運狀況,營業費用,,仟元,2017,429281
86701804,G,營運狀況,淨利,,仟元,2017,281977
22115625,G,營運狀況,營業收入,,仟元,2017,1755808
22115625,G,營運狀況,營業成本,,仟元,2017,1219487
22115625,G,營運狀況,營業費用,,仟元,2017,350817
22115625,G,營運狀況,淨利,,仟元,2017,134768
97179403,G,營運狀況,營業收入,,仟元,2017,21214333
97179403,G,營運狀況,營業成本,,仟元,2017,18114656
97179403,G,營運狀況,營業費用,,仟元,2017,1347236
97179403,G,營運狀況,淨利,,仟元,2017,1244702
16433242,G,營運狀況,營業收入,,仟元,2017,1530374
16433242,G,營運狀況,營業成本,,仟元,2017,789674
16433242,G,營運狀況,營業費用,,仟元,2017,351370
16433242,G,營運狀況,淨利,,仟元,2017,324892
22993144,G,營運狀況,營業收入,,仟元,2017,11646443
22993144,G,營運狀況,營業成本,,仟元,2017,10406598
22993144,G,營運狀況,營業費用,,仟元,2017,1198273
22993144,G,營運狀況,淨利,,仟元,2017,9094
16347324,G,營運狀況,營業收入,,仟元,2017,25846403
16347324,G,營運狀況,營業成本,,仟元,2017,20184575
16347324,G,營運狀況,營業費用,,仟元,2017,1700962
16347324,G,營運狀況,淨利,,仟元,2017,3056836
23610975,G,營運狀況,營業收入,,仟元,2017,2863070
23610975,G,營運狀況,營業成本,,仟元,2017,2227323
23610975,G,營運狀況,營業費用,,仟元,2017,598064
23610975,G,營運狀況,淨利,,仟元,2017,6259
12341051,G,營運狀況,營業收入,,仟元,2017,17801690
12341051,G,營運狀況,營業成本,,仟元,2017,14933712
12341051,G,營運狀況,營業費用,,仟元,2017,2456019
12341051,G,營運狀況,淨利,,仟元,2017,357807
23810592,G,營運狀況,營業收入,,仟元,2017,3223906
23810592,G,營運狀況,營業成本,,仟元,2017,2819731
23810592,G,營運狀況,營業費用,,仟元,2017,301382
23810592,G,營運狀況,淨利,,仟元,2017,9738
24284436,G,營運狀況,營業收入,,仟元,2017,27874928
24284436,G,營運狀況,營業成本,,仟元,2017,23084538
24284436,G,營運狀況,營業費用,,仟元,2017,3156749
24284436,G,營運狀況,淨利,,仟元,2017,1562238
28064644,G,營運狀況,營業收入,,仟元,2017,1941720
28064644,G,營運狀況,營業成本,,仟元,2017,1403874
28064644,G,營運狀況,營業費用,,仟元,2017,219733
28064644,G,營運狀況,淨利,,仟元,2017,189100
24489613,G,營運狀況,營業收入,,仟元,2017,419264
24489613,G,營運狀況,營業成本,,仟元,2017,336843
24489613,G,營運狀況,營業費用,,仟元,2017,63783
24489613,G,營運狀況,淨利,,仟元,2017,20626
36268804,G,營運狀況,營業收入,,仟元,2017,2199011
36268804,G,營運狀況,營業成本,,仟元,2017,1775589
36268804,G,營運狀況,營業費用,,仟元,2017,246058
36268804,G,營運狀況,淨利,,仟元,2017,104809
72952251,G,營運狀況,營業收入,,仟元,2017,4962230
72952251,G,營運狀況,營業成本,,仟元,2017,3711603
72952251,G,營運狀況,營業費用,,仟元,2017,736897
72952251,G,營運狀況,淨利,,仟元,2017,298320
53431627,G,營運狀況,營業收入,,仟元,2017,997067
53431627,G,營運狀況,營業成本,,仟元,2017,772719
53431627,G,營運狀況,營業費用,,仟元,2017,156913
53431627,G,營運狀況,淨利,,仟元,2017,68947
05052033,G,營運狀況,營業收入,,仟元,2017,1142080
05052033,G,營運狀況,營業成本,,仟元,2017,836147
05052033,G,營運狀況,營業費用,,仟元,2017,240826
05052033,G,營運狀況,淨利,,仟元,2017,49441
16198345,G,營運狀況,營業收入,,仟元,2017,11192892
16198345,G,營運狀況,營業成本,,仟元,2017,9058315
16198345,G,營運狀況,營業費用,,仟元,2017,1145592
16198345,G,營運狀況,淨利,,仟元,2017,746545
16096804,G,營運狀況,營業收入,,仟元,2017,26623012
16096804,G,營運狀況,營業成本,,仟元,2017,26930047
16096804,G,營運狀況,營業費用,,仟元,2017,1500253
16096804,G,營運狀況,淨利,,仟元,2017,-1958113
23632274,G,營運狀況,營業收入,,仟元,2017,2713382
23632274,G,營運狀況,營業成本,,仟元,2017,1891748
23632274,G,營運狀況,營業費用,,仟元,2017,508052
23632274,G,營運狀況,淨利,,仟元,2017,166985
11491382,G,營運狀況,營業收入,,仟元,2017,2096622
11491382,G,營運狀況,營業成本,,仟元,2017,1725847
11491382,G,營運狀況,營業費用,,仟元,2017,264642
11491382,G,營運狀況,淨利,,仟元,2017,275074
70801378,G,營運狀況,營業收入,,仟元,2017,22510119
70801378,G,營運狀況,營業成本,,仟元,2017,19566251
70801378,G,營運狀況,營業費用,,仟元,2017,1819263
70801378,G,營運狀況,淨利,,仟元,2017,815971
16596646,G,營運狀況,營業收入,,仟元,2017,3957862
16596646,G,營運狀況,營業成本,,仟元,2017,3405903
16596646,G,營運狀況,營業費用,,仟元,2017,338839
16596646,G,營運狀況,淨利,,仟元,2017,210019
07699023,G,營運狀況,營業收入,,仟元,2016,1187138
07699023,G,營運狀況,營業成本,,仟元,2016,1245438
07699023,G,營運狀況,營業費用,,仟元,2016,296898
07699023,G,營運狀況,淨利,,仟元,2016,-385059
35966577,G,營運狀況,營業收入,,仟元,2016,9138485
35966577,G,營運狀況,營業成本,,仟元,2016,6965705
35966577,G,營運狀況,營業費用,,仟元,2016,984809
35966577,G,營運狀況,淨利,,仟元,2016,909263
12642444,G,營運狀況,營業收入,,仟元,2016,177323
12642444,G,營運狀況,營業成本,,仟元,2016,184419
12642444,G,營運狀況,營業費用,,仟元,2016,47124
12642444,G,營運狀況,淨利,,仟元,2016,-72910
22274989,G,營運狀況,營業收入,,仟元,2016,4466110
22274989,G,營運狀況,營業成本,,仟元,2016,1915250
22274989,G,營運狀況,營業費用,,仟元,2016,526113
22274989,G,營運狀況,淨利,,仟元,2016,1571791
34051920,G,營運狀況,營業收入,,仟元,2016,214355571
34051920,G,營運狀況,營業成本,,仟元,2016,154861840
34051920,G,營運狀況,營業費用,,仟元,2016,38668060
34051920,G,營運狀況,淨利,,仟元,2016,19259982
04401392,G,營運狀況,營業收入,,仟元,2016,45515199
04401392,G,營運狀況,營業成本,,仟元,2016,39740055
04401392,G,營運狀況,營業費用,,仟元,2016,2177999
04401392,G,營運狀況,淨利,,仟元,2016,1625400
76026851,G,營運狀況,營業收入,,仟元,2016,4900284
76026851,G,營運狀況,營業成本,,仟元,2016,4426178
76026851,G,營運狀況,營業費用,,仟元,2016,416428
76026851,G,營運狀況,淨利,,仟元,2016,47055
22636630,G,營運狀況,營業收入,,仟元,2016,29616351
22636630,G,營運狀況,營業成本,,仟元,2016,22357997
22636630,G,營運狀況,營業費用,,仟元,2016,3223980
22636630,G,營運狀況,淨利,,仟元,2016,4005700
03546618,G,營運狀況,營業收入,,仟元,2016,18412296
03546618,G,營運狀況,營業成本,,仟元,2016,16954264
03546618,G,營運狀況,營業費用,,仟元,2016,1334147
03546618,G,營運狀況,淨利,,仟元,2016,1267382
43816068,G,營運狀況,營業收入,,仟元,2016,23939699
43816068,G,營運狀況,營業成本,,仟元,2016,19555849
43816068,G,營運狀況,營業費用,,仟元,2016,1364727
43816068,G,營運狀況,淨利,,仟元,2016,2456514
05637971,G,營運狀況,營業收入,,仟元,2016,12649827
05637971,G,營運狀況,營業成本,,仟元,2016,11862776
05637971,G,營運狀況,營業費用,,仟元,2016,1535669
05637971,G,營運狀況,淨利,,仟元,2016,-715680
30955404,G,營運狀況,營業收入,,仟元,2016,19196196
30955404,G,營運狀況,營業成本,,仟元,2016,16572395
30955404,G,營運狀況,營業費用,,仟元,2016,1877752
30955404,G,營運狀況,淨利,,仟元,2016,143789
34230543,G,營運狀況,營業收入,,仟元,2016,2560659
34230543,G,營運狀況,營業成本,,仟元,2016,2164683
34230543,G,營運狀況,營業費用,,仟元,2016,372757
34230543,G,營運狀況,淨利,,仟元,2016,-145150
86521351,G,營運狀況,營業收入,,仟元,2016,22069584
86521351,G,營運狀況,營業成本,,仟元,2016,16304045
86521351,G,營運狀況,營業費用,,仟元,2016,1826845
86521351,G,營運狀況,淨利,,仟元,2016,2774009
20954200,G,營運狀況,營業收入,,仟元,2016,77018060
20954200,G,營運狀況,營業成本,,仟元,2016,63500611
20954200,G,營運狀況,營業費用,,仟元,2016,8489372
20954200,G,營運狀況,淨利,,仟元,2016,4309071
22223510,G,營運狀況,營業收入,,仟元,2016,90499529
22223510,G,營運狀況,營業成本,,仟元,2016,81278756
22223510,G,營運狀況,營業費用,,仟元,2016,8905961
22223510,G,營運狀況,淨利,,仟元,2016,768081
23588039,G,營運狀況,營業收入,,仟元,2016,6073832
23588039,G,營運狀況,營業成本,,仟元,2016,5733594
23588039,G,營運狀況,營業費用,,仟元,2016,390554
23588039,G,營運狀況,淨利,,仟元,2016,30172
52878846,G,營運狀況,營業收入,,仟元,2016,4051783
52878846,G,營運狀況,營業成本,,仟元,2016,3395378
52878846,G,營運狀況,營業費用,,仟元,2016,614094
52878846,G,營運狀況,淨利,,仟元,2016,21034
44913118,G,營運狀況,營業收入,,仟元,2016,2347899
44913118,G,營運狀況,營業成本,,仟元,2016,1620513
44913118,G,營運狀況,營業費用,,仟元,2016,354560
44913118,G,營運狀況,淨利,,仟元,2016,205252
20970807,G,營運狀況,營業收入,,仟元,2016,3150739
20970807,G,營運狀況,營業成本,,仟元,2016,1907073
20970807,G,營運狀況,營業費用,,仟元,2016,571812
20970807,G,營運狀況,淨利,,仟元,2016,568063
81448796,G,營運狀況,營業收入,,仟元,2016,10690822
81448796,G,營運狀況,營業成本,,仟元,2016,8292400
81448796,G,營運狀況,營業費用,,仟元,2016,1702988
81448796,G,營運狀況,淨利,,仟元,2016,578812
83639504,G,營運狀況,營業收入,,仟元,2016,5408161
83639504,G,營運狀況,營業成本,,仟元,2016,3729422
83639504,G,營運狀況,營業費用,,仟元,2016,684444
83639504,G,營運狀況,淨利,,仟元,2016,892315
35568331,G,營運狀況,營業收入,,仟元,2016,3036281
35568331,G,營運狀況,營業成本,,仟元,2016,2638608
35568331,G,營運狀況,營業費用,,仟元,2016,364823
35568331,G,營運狀況,淨利,,仟元,2016,97088
01887370,G,營運狀況,營業收入,,仟元,2016,2314656
01887370,G,營運狀況,營業成本,,仟元,2016,2084617
01887370,G,營運狀況,營業費用,,仟元,2016,164836
01887370,G,營運狀況,淨利,,仟元,2016,9193
30435973,G,營運狀況,營業收入,,仟元,2016,11352243
30435973,G,營運狀況,營業成本,,仟元,2016,9984005
30435973,G,營運狀況,營業費用,,仟元,2016,1676761
30435973,G,營運狀況,淨利,,仟元,2016,-301327
84433564,G,營運狀況,營業收入,,仟元,2016,3639715
84433564,G,營運狀況,營業成本,,仟元,2016,3148965
84433564,G,營運狀況,營業費用,,仟元,2016,396845
84433564,G,營運狀況,淨利,,仟元,2016,45078
04877657,G,營運狀況,營業收入,,仟元,2016,4217075
04877657,G,營運狀況,營業成本,,仟元,2016,3667268
04877657,G,營運狀況,營業費用,,仟元,2016,352544
04877657,G,營運狀況,淨利,,仟元,2016,150172
07618057,G,營運狀況,營業收入,,仟元,2016,3884793
07618057,G,營運狀況,營業成本,,仟元,2016,2722482
07618057,G,營運狀況,營業費用,,仟元,2016,950572
07618057,G,營運狀況,淨利,,仟元,2016,200209
52358985,G,營運狀況,營業收入,,仟元,2016,6074910
52358985,G,營運狀況,營業成本,,仟元,2016,4574060
52358985,G,營運狀況,營業費用,,仟元,2016,787541
52358985,G,營運狀況,淨利,,仟元,2016,537131
04403568,G,營運狀況,營業收入,,仟元,2016,4904608
04403568,G,營運狀況,營業成本,,仟元,2016,3436459
04403568,G,營運狀況,營業費用,,仟元,2016,777293
04403568,G,營運狀況,淨利,,仟元,2016,565760
23534301,G,營運狀況,營業收入,,仟元,2016,3810714
23534301,G,營運狀況,營業成本,,仟元,2016,3075089
23534301,G,營運狀況,營業費用,,仟元,2016,460362
23534301,G,營運狀況,淨利,,仟元,2016,235261
52753108,G,營運狀況,營業收入,,仟元,2016,1629747
52753108,G,營運狀況,營業成本,,仟元,2016,1150080
52753108,G,營運狀況,營業費用,,仟元,2016,297923
52753108,G,營運狀況,淨利,,仟元,2016,182230
22771229,G,營運狀況,營業收入,,仟元,2016,2977585
22771229,G,營運狀況,營業成本,,仟元,2016,2372595
22771229,G,營運狀況,營業費用,,仟元,2016,336741
22771229,G,營運狀況,淨利,,仟元,2016,241034
19004316,G,營運狀況,營業收入,,仟元,2016,18490529
19004316,G,營運狀況,營業成本,,仟元,2016,14121329
19004316,G,營運狀況,營業費用,,仟元,2016,2070141
19004316,G,營運狀況,淨利,,仟元,2016,2296495
59276051,G,營運狀況,營業收入,,仟元,2016,2987269
59276051,G,營運狀況,營業成本,,仟元,2016,1920699
59276051,G,營運狀況,營業費用,,仟元,2016,500035
59276051,G,營運狀況,淨利,,仟元,2016,392283
20950226,G,營運狀況,營業收入,,仟元,2016,1740588
20950226,G,營運狀況,營業成本,,仟元,2016,1517832
20950226,G,營運狀況,營業費用,,仟元,2016,231403
20950226,G,營運狀況,淨利,,仟元,2016,2945
84239055,G,營運狀況,營業收入,,仟元,2016,15327925
84239055,G,營運狀況,營業成本,,仟元,2016,13527758
84239055,G,營運狀況,營業費用,,仟元,2016,1696950
84239055,G,營運狀況,淨利,,仟元,2016,326216
84274833,G,營運狀況,營業收入,,仟元,2016,1907095
84274833,G,營運狀況,營業成本,,仟元,2016,1452887
84274833,G,營運狀況,營業費用,,仟元,2016,331363
84274833,G,營運狀況,淨利,,仟元,2016,105571
23542766,G,營運狀況,營業收入,,仟元,2016,12925843
23542766,G,營運狀況,營業成本,,仟元,2016,9716741
23542766,G,營運狀況,營業費用,,仟元,2016,1790898
23542766,G,營運狀況,淨利,,仟元,2016,1161735
20891326,G,營運狀況,營業收入,,仟元,2016,13166572
20891326,G,營運狀況,營業成本,,仟元,2016,11261662
20891326,G,營運狀況,營業費用,,仟元,2016,1463452
20891326,G,營運狀況,淨利,,仟元,2016,338121
69577160,G,營運狀況,營業收入,,仟元,2016,5932545
69577160,G,營運狀況,營業成本,,仟元,2016,4739563
69577160,G,營運狀況,營業費用,,仟元,2016,670288
69577160,G,營運狀況,淨利,,仟元,2016,452383
23535435,G,營運狀況,營業收入,,仟元,2016,62638282
23535435,G,營運狀況,營業成本,,仟元,2016,56731443
23535435,G,營運狀況,營業費用,,仟元,2016,5628860
23535435,G,營運狀況,淨利,,仟元,2016,255161
21204867,G,營運狀況,營業收入,,仟元,2016,9637101
21204867,G,營運狀況,營業成本,,仟元,2016,7083032
21204867,G,營運狀況,營業費用,,仟元,2016,1439675
21204867,G,營運狀況,淨利,,仟元,2016,1013692
86379707,G,營運狀況,營業收入,,仟元,2016,43512927
86379707,G,營運狀況,營業成本,,仟元,2016,35695394
86379707,G,營運狀況,營業費用,,仟元,2016,3678534
86379707,G,營運狀況,淨利,,仟元,2016,3573040
38019280,G,營運狀況,營業收入,,仟元,2016,5229267
38019280,G,營運狀況,營業成本,,仟元,2016,4429361
38019280,G,營運狀況,營業費用,,仟元,2016,737829
38019280,G,營運狀況,淨利,,仟元,2016,99134
84116878,G,營運狀況,營業收入,,仟元,2016,8446804
84116878,G,營運狀況,營業成本,,仟元,2016,7212302
84116878,G,營運狀況,營業費用,,仟元,2016,760992
84116878,G,營運狀況,淨利,,仟元,2016,388724
86318408,G,營運狀況,營業收入,,仟元,2016,2768771
86318408,G,營運狀況,營業成本,,仟元,2016,1979450
86318408,G,營運狀況,營業費用,,仟元,2016,415332
86318408,G,營運狀況,淨利,,仟元,2016,286952
89379218,G,營運狀況,營業收入,,仟元,2016,990456
89379218,G,營運狀況,營業成本,,仟元,2016,869903
89379218,G,營運狀況,營業費用,,仟元,2016,95986
89379218,G,營運狀況,淨利,,仟元,2016,5697
22570840,G,營運狀況,營業收入,,仟元,2016,503129
22570840,G,營運狀況,營業成本,,仟元,2016,426350
22570840,G,營運狀況,營業費用,,仟元,2016,157702
22570840,G,營運狀況,淨利,,仟元,2016,-248783
12702977,G,營運狀況,營業收入,,仟元,2016,2893975
12702977,G,營運狀況,營業成本,,仟元,2016,2344512
12702977,G,營運狀況,營業費用,,仟元,2016,445636
12702977,G,營運狀況,淨利,,仟元,2016,129903
22749711,G,營運狀況,營業收入,,仟元,2016,1130786
22749711,G,營運狀況,營業成本,,仟元,2016,953578
22749711,G,營運狀況,營業費用,,仟元,2016,222852
22749711,G,營運狀況,淨利,,仟元,2016,-19917
23983947,G,營運狀況,營業收入,,仟元,2016,2511082
23983947,G,營運狀況,營業成本,,仟元,2016,2358948
23983947,G,營運狀況,營業費用,,仟元,2016,386494
23983947,G,營運狀況,淨利,,仟元,2016,-235900
89858152,G,營運狀況,營業收入,,仟元,2016,2877668
89858152,G,營運狀況,營業成本,,仟元,2016,2177583
89858152,G,營運狀況,營業費用,,仟元,2016,515420
89858152,G,營運狀況,淨利,,仟元,2016,187153
35424073,G,營運狀況,營業收入,,仟元,2016,8105073
35424073,G,營運狀況,營業成本,,仟元,2016,5889448
35424073,G,營運狀況,營業費用,,仟元,2016,741257
35424073,G,營運狀況,淨利,,仟元,2016,1095777
22928881,G,營運狀況,營業收入,,仟元,2016,407746
22928881,G,營運狀況,營業成本,,仟元,2016,277434
22928881,G,營運狀況,營業費用,,仟元,2016,180554
22928881,G,營運狀況,淨利,,仟元,2016,7217
80272361,G,營運狀況,營業收入,,仟元,2016,4921244
80272361,G,營運狀況,營業成本,,仟元,2016,3342366
80272361,G,營運狀況,營業費用,,仟元,2016,740533
80272361,G,營運狀況,淨利,,仟元,2016,702623
22244141,G,營運狀況,營業收入,,仟元,2016,8862577
22244141,G,營運狀況,營業成本,,仟元,2016,6045120
22244141,G,營運狀況,營業費用,,仟元,2016,2089697
22244141,G,營運狀況,淨利,,仟元,2016,647001
22488639,G,營運狀況,營業收入,,仟元,2016,3443399
22488639,G,營運狀況,營業成本,,仟元,2016,2690772
22488639,G,營運狀況,營業費用,,仟元,2016,538465
22488639,G,營運狀況,淨利,,仟元,2016,111001
16742182,G,營運狀況,營業收入,,仟元,2016,937680
16742182,G,營運狀況,營業成本,,仟元,2016,794797
16742182,G,營運狀況,營業費用,,仟元,2016,192179
16742182,G,營運狀況,淨利,,仟元,2016,-23909
80617029,G,營運狀況,營業收入,,仟元,2016,689429
80617029,G,營運狀況,營業成本,,仟元,2016,629740
80617029,G,營運狀況,營業費用,,仟元,2016,137885
80617029,G,營運狀況,淨利,,仟元,2016,-162665
97257738,G,營運狀況,營業收入,,仟元,2016,5184340
97257738,G,營運狀況,營業成本,,仟元,2016,3964726
97257738,G,營運狀況,營業費用,,仟元,2016,1067219
97257738,G,營運狀況,淨利,,仟元,2016,205412
23414349,G,營運狀況,營業收入,,仟元,2016,6144911
23414349,G,營運狀況,營業成本,,仟元,2016,5681146
23414349,G,營運狀況,營業費用,,仟元,2016,777843
23414349,G,營運狀況,淨利,,仟元,2016,-341274
70776899,G,營運狀況,營業收入,,仟元,2016,1730097
70776899,G,營運狀況,營業成本,,仟元,2016,1220828
70776899,G,營運狀況,營業費用,,仟元,2016,224871
70776899,G,營運狀況,淨利,,仟元,2016,204222
22415854,G,營運狀況,營業收入,,仟元,2016,3386686
22415854,G,營運狀況,營業成本,,仟元,2016,2568714
22415854,G,營運狀況,營業費用,,仟元,2016,560429
22415854,G,營運狀況,淨利,,仟元,2016,243953
36011776,G,營運狀況,營業收入,,仟元,2016,4136945
36011776,G,營運狀況,營業成本,,仟元,2016,3059644
36011776,G,營運狀況,營業費用,,仟元,2016,459404
36011776,G,營運狀況,淨利,,仟元,2016,602076
12738623,G,營運狀況,營業收入,,仟元,2016,2632106
12738623,G,營運狀況,營業成本,,仟元,2016,1934130
12738623,G,營運狀況,營業費用,,仟元,2016,424574
12738623,G,營運狀況,淨利,,仟元,2016,227629
26595630,G,營運狀況,營業收入,,仟元,2016,3197375
26595630,G,營運狀況,營業成本,,仟元,2016,2448552
26595630,G,營運狀況,營業費用,,仟元,2016,428875
26595630,G,營運狀況,淨利,,仟元,2016,100013
28006928,G,營運狀況,營業收入,,仟元,2016,64329462
28006928,G,營運狀況,營業成本,,仟元,2016,57062275
28006928,G,營運狀況,營業費用,,仟元,2016,4893716
28006928,G,營運狀況,淨利,,仟元,2016,2048662
54384828,G,營運狀況,營業收入,,仟元,2016,8585106
54384828,G,營運狀況,營業成本,,仟元,2016,7302568
54384828,G,營運狀況,營業費用,,仟元,2016,839097
54384828,G,營運狀況,淨利,,仟元,2016,274532
26320984,G,營運狀況,營業收入,,仟元,2016,2492724
26320984,G,營運狀況,營業成本,,仟元,2016,1896378
26320984,G,營運狀況,營業費用,,仟元,2016,373206
26320984,G,營運狀況,淨利,,仟元,2016,121649
26392564,G,營運狀況,營業收入,,仟元,2016,82392633
26392564,G,營運狀況,營業成本,,仟元,2016,69851109
26392564,G,營運狀況,營業費用,,仟元,2016,7924820
26392564,G,營運狀況,淨利,,仟元,2016,3456186
97430202,G,營運狀況,營業收入,,仟元,2016,723375
97430202,G,營運狀況,營業成本,,仟元,2016,477767
97430202,G,營運狀況,營業費用,,仟元,2016,191033
97430202,G,營運狀況,淨利,,仟元,2016,54889
13012009,G,營運狀況,營業收入,,仟元,2016,2456940
13012009,G,營運狀況,營業成本,,仟元,2016,1575728
13012009,G,營運狀況,營業費用,,仟元,2016,302571
13012009,G,營運狀況,淨利,,仟元,2016,451299
86731791,G,營運狀況,營業收入,,仟元,2016,566172
86731791,G,營運狀況,營業成本,,仟元,2016,385086
86731791,G,營運狀況,營業費用,,仟元,2016,134184
86731791,G,營運狀況,淨利,,仟元,2016,44696
16576851,G,營運狀況,營業收入,,仟元,2016,810313
16576851,G,營運狀況,營業成本,,仟元,2016,619477
16576851,G,營運狀況,營業費用,,仟元,2016,212018
16576851,G,營運狀況,淨利,,仟元,2016,-41196
23225071,G,營運狀況,營業收入,,仟元,2016,39414528
23225071,G,營運狀況,營業成本,,仟元,2016,34279807
23225071,G,營運狀況,營業費用,,仟元,2016,3839312
23225071,G,營運狀況,淨利,,仟元,2016,1256572
36084833,G,營運狀況,營業收入,,仟元,2016,8583787
36084833,G,營運狀況,營業成本,,仟元,2016,7141811
36084833,G,營運狀況,營業費用,,仟元,2016,824685
36084833,G,營運狀況,淨利,,仟元,2016,505006
22304288,G,營運狀況,營業收入,,仟元,2016,6974574
22304288,G,營運狀況,營業成本,,仟元,2016,5296236
22304288,G,營運狀況,營業費用,,仟元,2016,663308
22304288,G,營運狀況,淨利,,仟元,2016,731976
04865462,G,營運狀況,營業收入,,仟元,2016,1103853
04865462,G,營運狀況,營業成本,,仟元,2016,850558
04865462,G,營運狀況,營業費用,,仟元,2016,240127
04865462,G,營運狀況,淨利,,仟元,2016,11560
23750095,G,營運狀況,營業收入,,仟元,2016,3161080
23750095,G,營運狀況,營業成本,,仟元,2016,2830916
23750095,G,營運狀況,營業費用,,仟元,2016,370146
23750095,G,營運狀況,淨利,,仟元,2016,-143873
86980046,G,營運狀況,營業收入,,仟元,2016,13945080
86980046,G,營運狀況,營業成本,,仟元,2016,12232149
86980046,G,營運狀況,營業費用,,仟元,2016,1775832
86980046,G,營運狀況,淨利,,仟元,2016,74102
22306130,G,營運狀況,營業收入,,仟元,2016,642745
22306130,G,營運狀況,營業成本,,仟元,2016,469781
22306130,G,營運狀況,營業費用,,仟元,2016,111375
22306130,G,營運狀況,淨利,,仟元,2016,82557
81069921,G,營運狀況,營業收入,,仟元,2016,22486726
81069921,G,營運狀況,營業成本,,仟元,2016,19940134
81069921,G,營運狀況,營業費用,,仟元,2016,1967701
81069921,G,營運狀況,淨利,,仟元,2016,554590
86701804,G,營運狀況,營業收入,,仟元,2016,4950966
86701804,G,營運狀況,營業成本,,仟元,2016,3963936
86701804,G,營運狀況,營業費用,,仟元,2016,604105
86701804,G,營運狀況,淨利,,仟元,2016,412145
22115625,G,營運狀況,營業收入,,仟元,2016,2034970
22115625,G,營運狀況,營業成本,,仟元,2016,1388366
22115625,G,營運狀況,營業費用,,仟元,2016,451944
22115625,G,營運狀況,淨利,,仟元,2016,240368
97179403,G,營運狀況,營業收入,,仟元,2016,19681638
97179403,G,營運狀況,營業成本,,仟元,2016,16815080
97179403,G,營運狀況,營業費用,,仟元,2016,1278341
97179403,G,營運狀況,淨利,,仟元,2016,951958
16433242,G,營運狀況,營業收入,,仟元,2016,1655761
16433242,G,營運狀況,營業成本,,仟元,2016,837287
16433242,G,營運狀況,營業費用,,仟元,2016,366965
16433242,G,營運狀況,淨利,,仟元,2016,396192
22993144,G,營運狀況,營業收入,,仟元,2016,11791838
22993144,G,營運狀況,營業成本,,仟元,2016,10567277
22993144,G,營運狀況,營業費用,,仟元,2016,1222899
22993144,G,營運狀況,淨利,,仟元,2016,12828
16347324,G,營運狀況,營業收入,,仟元,2016,19096283
16347324,G,營運狀況,營業成本,,仟元,2016,14556901
16347324,G,營運狀況,營業費用,,仟元,2016,1487031
16347324,G,營運狀況,淨利,,仟元,2016,2275180
23610975,G,營運狀況,營業收入,,仟元,2016,3342566
23610975,G,營運狀況,營業成本,,仟元,2016,2606606
23610975,G,營運狀況,營業費用,,仟元,2016,671963
23610975,G,營運狀況,淨利,,仟元,2016,93733
12341051,G,營運狀況,營業收入,,仟元,2016,19749532
12341051,G,營運狀況,營業成本,,仟元,2016,16572436
12341051,G,營運狀況,營業費用,,仟元,2016,2542285
12341051,G,營運狀況,淨利,,仟元,2016,549735
23810592,G,營運狀況,營業收入,,仟元,2016,3155848
23810592,G,營運狀況,營業成本,,仟元,2016,2655893
23810592,G,營運狀況,營業費用,,仟元,2016,313322
23810592,G,營運狀況,淨利,,仟元,2016,52482
24284436,G,營運狀況,營業收入,,仟元,2016,27419463
24284436,G,營運狀況,營業成本,,仟元,2016,22841190
24284436,G,營運狀況,營業費用,,仟元,2016,3140462
24284436,G,營運狀況,淨利,,仟元,2016,1337031
28064644,G,營運狀況,營業收入,,仟元,2016,1653022
28064644,G,營運狀況,營業成本,,仟元,2016,1163316
28064644,G,營運狀況,營業費用,,仟元,2016,224995
28064644,G,營運狀況,淨利,,仟元,2016,204810
36268804,G,營運狀況,營業收入,,仟元,2016,1996085
36268804,G,營運狀況,營業成本,,仟元,2016,1489088
36268804,G,營運狀況,營業費用,,仟元,2016,225745
36268804,G,營運狀況,淨利,,仟元,2016,225082
72952251,G,營運狀況,營業收入,,仟元,2016,4545650
72952251,G,營運狀況,營業成本,,仟元,2016,3726118
72952251,G,營運狀況,營業費用,,仟元,2016,706081
72952251,G,營運狀況,淨利,,仟元,2016,417965
16198345,G,營運狀況,營業收入,,仟元,2016,10283979
16198345,G,營運狀況,營業成本,,仟元,2016,8388233
16198345,G,營運狀況,營業費用,,仟元,2016,941065
16198345,G,營運狀況,淨利,,仟元,2016,546610
16096804,G,營運狀況,營業收入,,仟元,2016,29170570
16096804,G,營運狀況,營業成本,,仟元,2016,29768636
16096804,G,營運狀況,營業費用,,仟元,2016,1746266
16096804,G,營運狀況,淨利,,仟元,2016,-693872
23632274,G,營運狀況,營業收入,,仟元,2016,2589451
23632274,G,營運狀況,營業成本,,仟元,2016,1758813
23632274,G,營運狀況,營業費用,,仟元,2016,473706
23632274,G,營運狀況,淨利,,仟元,2016,244507
11491382,G,營運狀況,營業收入,,仟元,2016,2273416
11491382,G,營運狀況,營業成本,,仟元,2016,1913179
11491382,G,營運狀況,營業費用,,仟元,2016,411616
11491382,G,營運狀況,淨利,,仟元,2016,847179
70801378,G,營運狀況,營業收入,,仟元,2016,21798292
70801378,G,營運狀況,營業成本,,仟元,2016,18752377
70801378,G,營運狀況,營業費用,,仟元,2016,1948575
70801378,G,營運狀況,淨利,,仟元,2016,967007
16596646,G,營運狀況,營業收入,,仟元,2016,4309299
16596646,G,營運狀況,營業成本,,仟元,2016,3645096
16596646,G,營運狀況,營業費用,,仟元,2016,366406
16596646,G,營運狀況,淨利,,仟元,2016,257536
34051920,X,相關金融商品,元大臺灣ESG永續ETF基金,,,2019,T
34051920,X,相關金融商品,永豐台灣ESG永續優質ETF基金,,,2019,T
34051920,X,相關金融商品,富邦臺灣公司治理100基金,,,2019,T
34051920,X,相關金融商品,元大臺灣ESG永續ETF基金,,,2018,T
34051920,X,相關金融商品,永豐台灣ESG永續優質ETF基金,,,2018,T
34051920,X,相關金融商品,富邦臺灣公司治理100基金,,,2018,T
22636630,X,相關金融商品,永豐台灣ESG永續優質ETF基金,,,2020,T
22636630,X,相關金融商品,國泰ESG永續高股息,,,2020,T
22636630,X,相關金融商品,永豐台灣ESG永續優質ETF基金,,,2019,T
22636630,X,相關金融商品,國泰ESG永續高股息,,,2019,T
22636630,X,相關金融商品,永豐台灣ESG永續優質ETF基金,,,2018,T
22636630,X,相關金融商品,國泰ESG永續高股息,,,2018,T
34051920,X,相關金融商品,元大臺灣ESG永續ETF基金,,,2020,T
34051920,X,相關金融商品,永豐台灣ESG永續優質ETF基金,,,2020,T
34051920,X,相關金融商品,富邦臺灣公司治理100基金,,,2020,T
20954200,X,相關金融商品,元大臺灣ESG永續ETF基金,,,2020,T
20954200,X,相關金融商品,元大臺灣ESG永續ETF基金,,,2019,T
20954200,X,相關金融商品,元大臺灣ESG永續ETF基金,,,2018,T
19004316,X,相關金融商品,元大臺灣ESG永續ETF基金,,,2020,T
19004316,X,相關金融商品,永豐台灣ESG永續優質ETF基金,,,2020,T
19004316,X,相關金融商品,元大臺灣ESG永續ETF基金,,,2019,T
19004316,X,相關金融商品,永豐台灣ESG永續優質ETF基金,,,2019,T
19004316,X,相關金融商品,元大臺灣ESG永續ETF基金,,,2018,T
19004316,X,相關金融商品,永豐台灣ESG永續優質ETF基金,,,2018,T
28006928,X,相關金融商品,富邦臺灣公司治理100基金,,,2020,T
23535435,X,相關金融商品,元大臺灣ESG永續ETF基金,,,2020,T
23535435,X,相關金融商品,元大臺灣ESG永續ETF基金,,,2019,T
23535435,X,相關金融商品,元大臺灣ESG永續ETF基金,,,2018,T
22415854,X,相關金融商品,中國信託臺灣ESG永續關鍵半導體ETF基金,,,2020,T
22415854,X,相關金融商品,中國信託臺灣ESG永續關鍵半導體ETF基金,,,2019,T
22415854,X,相關金融商品,中國信託臺灣ESG永續關鍵半導體ETF基金,,,2018,T
24284436,X,相關金融商品,富邦臺灣公司治理100基金,,,2020,T
28006928,X,相關金融商品,富邦臺灣公司治理100基金,,,2019,T
28006928,X,相關金融商品,富邦臺灣公司治理100基金,,,2018,T
26392564,X,相關金融商品,元大臺灣ESG永續ETF基金,,,2019,T
26392564,X,相關金融商品,富邦臺灣公司治理100基金,,,2019,T
26392564,X,相關金融商品,元大臺灣ESG永續ETF基金,,,2018,T
26392564,X,相關金融商品,富邦臺灣公司治理100基金,,,2018,T
24284436,X,相關金融商品,富邦臺灣公司治理100基金,,,2019,T
24284436,X,相關金融商品,富邦臺灣公司治理100基金,,,2018,T
26392564,X,相關金融商品,元大臺灣ESG永續ETF基金,,,2020,T
26392564,X,相關金融商品,富邦臺灣公司治理100基金,,,2020,T
