統編,分類,子分類,項目,來自公司報告,單位,年份,數值
70750217,E,溫室氣體排放,範疇一直接排放,,公噸CO2e,2011,154.51000000000204
70750217,E,溫室氣體排放,範疇二間接排放,,公噸CO2e,2011,63362.52
70750217,E,溫室氣體排放,直接＋間接排放,,公噸CO2e,2011,63517.03
12800225,E,溫室氣體排放,範疇一直接排放,,公噸CO2e,2013,533811.95
12800225,E,溫室氣體排放,範疇二間接排放,,公噸CO2e,2013,2347224.4499999997
12800225,E,溫室氣體排放,直接＋間接排放,,公噸CO2e,2013,2881036.3999999994
16432742,E,溫室氣體排放,範疇一直接排放,,公噸CO2e,2013,18.9800000000032
16432742,E,溫室氣體排放,範疇二間接排放,,公噸CO2e,2013,20624.76
16432742,E,溫室氣體排放,直接＋間接排放,,公噸CO2e,2013,20643.74
16450500,E,溫室氣體排放,範疇一直接排放,,公噸CO2e,2013,111085.13
16450500,E,溫室氣體排放,範疇二間接排放,,公噸CO2e,2013,195430.86
16450500,E,溫室氣體排放,直接＋間接排放,,公噸CO2e,2013,306515.99
70766576,E,溫室氣體排放,範疇一直接排放,,公噸CO2e,2013,12.069999999999709
70766576,E,溫室氣體排放,範疇二間接排放,,公噸CO2e,2013,7671.96
70766576,E,溫室氣體排放,直接＋間接排放,,公噸CO2e,2013,7684.03
84149738,E,溫室氣體排放,範疇一直接排放,,公噸CO2e,2013,311199.89000000013
84149738,E,溫室氣體排放,範疇二間接排放,,公噸CO2e,2013,2098838.07
84149738,E,溫室氣體排放,直接＋間接排放,,公噸CO2e,2013,2410037.96
12800225,E,溫室氣體排放,範疇一直接排放,,公噸CO2e,2014,491359.7700000001
12800225,E,溫室氣體排放,範疇二間接排放,,公噸CO2e,2014,2385078.46
12800225,E,溫室氣體排放,直接＋間接排放,,公噸CO2e,2014,2876438.23
16432742,E,溫室氣體排放,範疇一直接排放,,公噸CO2e,2014,164.39999999999964
16432742,E,溫室氣體排放,範疇二間接排放,,公噸CO2e,2014,12062.81
16432742,E,溫室氣體排放,直接＋間接排放,,公噸CO2e,2014,12227.21
16450500,E,溫室氣體排放,範疇一直接排放,,公噸CO2e,2014,109107.93000000002
16450500,E,溫室氣體排放,範疇二間接排放,,公噸CO2e,2014,247515.74
16450500,E,溫室氣體排放,直接＋間接排放,,公噸CO2e,2014,356623.67000000004
84149738,E,溫室氣體排放,範疇一直接排放,,公噸CO2e,2014,302293.78
84149738,E,溫室氣體排放,範疇二間接排放,,公噸CO2e,2014,2162833.3100000005
84149738,E,溫室氣體排放,直接＋間接排放,,公噸CO2e,2014,2465127.090000001
12800225,E,溫室氣體排放,範疇一直接排放,,公噸CO2e,2015,444640.20000000007
12800225,E,溫室氣體排放,範疇二間接排放,,公噸CO2e,2015,2400789.02
12800225,E,溫室氣體排放,直接＋間接排放,,公噸CO2e,2015,2845429.22
16432742,E,溫室氣體排放,範疇一直接排放,,公噸CO2e,2015,37037.990000000005
16432742,E,溫室氣體排放,範疇二間接排放,,公噸CO2e,2015,29133.67
16432742,E,溫室氣體排放,直接＋間接排放,,公噸CO2e,2015,66171.66
16450500,E,溫室氣體排放,範疇一直接排放,,公噸CO2e,2015,88666.76000000001
16450500,E,溫室氣體排放,範疇二間接排放,,公噸CO2e,2015,250991.35
16450500,E,溫室氣體排放,直接＋間接排放,,公噸CO2e,2015,339658.11
84149738,E,溫室氣體排放,範疇一直接排放,,公噸CO2e,2015,283570.4600000001
84149738,E,溫室氣體排放,範疇二間接排放,,公噸CO2e,2015,2186790.64
84149738,E,溫室氣體排放,直接＋間接排放,,公噸CO2e,2015,2470361.1
12800225,E,溫室氣體排放,範疇一直接排放,,公噸CO2e,2016,440828.85
12800225,E,溫室氣體排放,範疇二間接排放,,公噸CO2e,2016,2453698.2199999997
12800225,E,溫室氣體排放,直接＋間接排放,,公噸CO2e,2016,2894527.07
12800225,E,溫室氣體排放,碳密集度,,公噸CO2e/億元,2016,1008.2323868891837
16432742,E,溫室氣體排放,範疇一直接排放,,公噸CO2e,2016,185612.5
16432742,E,溫室氣體排放,範疇二間接排放,,公噸CO2e,2016,92644.11
16432742,E,溫室氣體排放,直接＋間接排放,,公噸CO2e,2016,278256.61
16432742,E,溫室氣體排放,碳密集度,,公噸CO2e/億元,2016,2381.598100381483
16450500,E,溫室氣體排放,範疇一直接排放,,公噸CO2e,2016,88360.9
16450500,E,溫室氣體排放,範疇二間接排放,,公噸CO2e,2016,255821.61
16450500,E,溫室氣體排放,直接＋間接排放,,公噸CO2e,2016,344182.51
16450500,E,溫室氣體排放,碳密集度,,公噸CO2e/億元,2016,1438.574050725896
84149738,E,溫室氣體排放,範疇一直接排放,,公噸CO2e,2016,233420.53999999986
84149738,E,溫室氣體排放,範疇二間接排放,,公噸CO2e,2016,2304797.82
84149738,E,溫室氣體排放,直接＋間接排放,,公噸CO2e,2016,2538218.36
84149738,E,溫室氣體排放,碳密集度,,公噸CO2e/億元,2016,771.2862120389815
12800225,E,溫室氣體排放,範疇一直接排放,,公噸CO2e,2017,97288.80999999998
12800225,E,溫室氣體排放,範疇二間接排放,,公噸CO2e,2017,575147.6799999999
12800225,E,溫室氣體排放,直接＋間接排放,,公噸CO2e,2017,672436.4899999999
12800225,E,溫室氣體排放,碳密集度,,公噸CO2e/億元,2017,204.27970339042247
16432742,E,溫室氣體排放,範疇一直接排放,,公噸CO2e,2017,238907.46999999997
16432742,E,溫室氣體排放,範疇二間接排放,,公噸CO2e,2017,99711.77
16432742,E,溫室氣體排放,直接＋間接排放,,公噸CO2e,2017,338619.24
16432742,E,溫室氣體排放,碳密集度,,公噸CO2e/億元,2017,2717.166719439509
16450500,E,溫室氣體排放,範疇一直接排放,,公噸CO2e,2017,107087.96000000002
16450500,E,溫室氣體排放,範疇二間接排放,,公噸CO2e,2017,326585.88
16450500,E,溫室氣體排放,直接＋間接排放,,公噸CO2e,2017,433673.84
16450500,E,溫室氣體排放,碳密集度,,公噸CO2e/億元,2017,1826.4211525551646
84149738,E,溫室氣體排放,範疇一直接排放,,公噸CO2e,2017,236830.7800000001
84149738,E,溫室氣體排放,範疇二間接排放,,公噸CO2e,2017,2158987.27
84149738,E,溫室氣體排放,直接＋間接排放,,公噸CO2e,2017,2395818.0500000003
84149738,E,溫室氣體排放,碳密集度,,公噸CO2e/億元,2017,702.5277027842388
12800225,E,溫室氣體排放,範疇一直接排放,,公噸CO2e,2018,365058.64
12800225,E,溫室氣體排放,範疇二間接排放,,公噸CO2e,2018,2768831.6700000004
12800225,E,溫室氣體排放,直接＋間接排放,,公噸CO2e,2018,3133890.3100000005
12800225,E,溫室氣體排放,碳密集度,,公噸CO2e/億元,2018,1121.7459695865557
16432742,E,溫室氣體排放,範疇一直接排放,,公噸CO2e,2018,161913.91999999998
16432742,E,溫室氣體排放,範疇二間接排放,,公噸CO2e,2018,89664.61
16432742,E,溫室氣體排放,直接＋間接排放,,公噸CO2e,2018,251578.52999999997
16432742,E,溫室氣體排放,碳密集度,,公噸CO2e/億元,2018,2544.319332449555
16450500,E,溫室氣體排放,範疇一直接排放,,公噸CO2e,2018,95022.69000000002
16450500,E,溫室氣體排放,範疇二間接排放,,公噸CO2e,2018,264355.87
16450500,E,溫室氣體排放,直接＋間接排放,,公噸CO2e,2018,359378.56
16450500,E,溫室氣體排放,碳密集度,,公噸CO2e/億元,2018,2130.7457082537467
70750217,E,溫室氣體排放,範疇一直接排放,,公噸CO2e,2018,33449.02999999999
70750217,E,溫室氣體排放,範疇二間接排放,,公噸CO2e,2018,41972.26
70750217,E,溫室氣體排放,直接＋間接排放,,公噸CO2e,2018,75421.29
70750217,E,溫室氣體排放,碳密集度,,公噸CO2e/億元,2018,2652.7108045996415
84149738,E,溫室氣體排放,範疇一直接排放,,公噸CO2e,2018,268883.23000000004
84149738,E,溫室氣體排放,範疇二間接排放,,公噸CO2e,2018,2444486.3299999996
84149738,E,溫室氣體排放,直接＋間接排放,,公噸CO2e,2018,2713369.5599999996
84149738,E,溫室氣體排放,碳密集度,,公噸CO2e/億元,2018,882.0111330271336
12800225,E,溫室氣體排放,範疇一直接排放,,公噸CO2e,2019,347630.76
12800225,E,溫室氣體排放,範疇二間接排放,,公噸CO2e,2019,2653081.38
12800225,E,溫室氣體排放,直接＋間接排放,,公噸CO2e,2019,3000712.1399999997
12800225,E,溫室氣體排放,碳密集度,,公噸CO2e/億元,2019,1190.8948454503782
16432742,E,溫室氣體排放,範疇一直接排放,,公噸CO2e,2019,111620.00000000001
16432742,E,溫室氣體排放,範疇二間接排放,,公噸CO2e,2019,84221.17
16432742,E,溫室氣體排放,直接＋間接排放,,公噸CO2e,2019,195841.17
16432742,E,溫室氣體排放,碳密集度,,公噸CO2e/億元,2019,2221.686177584768
16450500,E,溫室氣體排放,範疇一直接排放,,公噸CO2e,2019,109550.51000000001
16450500,E,溫室氣體排放,範疇二間接排放,,公噸CO2e,2019,257135.43
16450500,E,溫室氣體排放,直接＋間接排放,,公噸CO2e,2019,366685.94
16450500,E,溫室氣體排放,碳密集度,,公噸CO2e/億元,2019,2244.505769280444
70750217,E,溫室氣體排放,範疇一直接排放,,公噸CO2e,2019,51953.369999999995
70750217,E,溫室氣體排放,範疇二間接排放,,公噸CO2e,2019,43592.39
70750217,E,溫室氣體排放,直接＋間接排放,,公噸CO2e,2019,95545.76
70750217,E,溫室氣體排放,碳密集度,,公噸CO2e/億元,2019,2169.612899358193
84149738,E,溫室氣體排放,範疇一直接排放,,公噸CO2e,2019,59977.63000000011
84149738,E,溫室氣體排放,範疇二間接排放,,公噸CO2e,2019,2289612.57
84149738,E,溫室氣體排放,直接＋間接排放,,公噸CO2e,2019,2349590.1999999997
84149738,E,溫室氣體排放,碳密集度,,公噸CO2e/億元,2019,874.1305079166619
12800225,E,溫室氣體排放,範疇一直接排放,,公噸CO2e,2020,318336.2
12800225,E,溫室氣體排放,範疇二間接排放,,公噸CO2e,2020,2618835.46
12800225,E,溫室氣體排放,直接＋間接排放,,公噸CO2e,2020,2937171.66
12800225,E,溫室氣體排放,碳密集度,,公噸CO2e/億元,2020,1088.1998529211758
16432742,E,溫室氣體排放,範疇一直接排放,,公噸CO2e,2020,101040.16000000002
16432742,E,溫室氣體排放,範疇二間接排放,,公噸CO2e,2020,81078.48
16432742,E,溫室氣體排放,直接＋間接排放,,公噸CO2e,2020,182118.64
16432742,E,溫室氣體排放,碳密集度,,公噸CO2e/億元,2020,2543.8964397895083
16450500,E,溫室氣體排放,範疇一直接排放,,公噸CO2e,2020,114784.62
16450500,E,溫室氣體排放,範疇二間接排放,,公噸CO2e,2020,261642.44
16450500,E,溫室氣體排放,直接＋間接排放,,公噸CO2e,2020,376427.06
16450500,E,溫室氣體排放,碳密集度,,公噸CO2e/億元,2020,1925.1325581464332
70750217,E,溫室氣體排放,範疇一直接排放,,公噸CO2e,2020,36258.04
70750217,E,溫室氣體排放,範疇二間接排放,,公噸CO2e,2020,41705.51
70750217,E,溫室氣體排放,直接＋間接排放,,公噸CO2e,2020,77963.55
70750217,E,溫室氣體排放,碳密集度,,公噸CO2e/億元,2020,2526.036005066098
84149738,E,溫室氣體排放,範疇一直接排放,,公噸CO2e,2020,57348.66000000006
84149738,E,溫室氣體排放,範疇二間接排放,,公噸CO2e,2020,2205452.83
84149738,E,溫室氣體排放,直接＋間接排放,,公噸CO2e,2020,2262801.49
84149738,E,溫室氣體排放,碳密集度,,公噸CO2e/億元,2020,835.1195985290287
12205020,E,空氣污染物申報-一般空氣污染物,揮發性有機化合物,,,2009,463.42199999999997
12206203,E,空氣污染物申報-一般空氣污染物,揮發性有機化合物,,,2009,2.312
12800225,E,空氣污染物申報-一般空氣污染物,氮氧化物,,,2009,8.498
12800225,E,空氣污染物申報-一般空氣污染物,硫氧化物,,,2009,4.820999999999999
12800225,E,空氣污染物申報-一般空氣污染物,粒狀污染物,,,2009,3.5700000000000007
12800225,E,空氣污染物申報-一般空氣污染物,揮發性有機化合物,,,2009,759.3540000000002
12979925,E,空氣污染物申報-一般空氣污染物,揮發性有機化合物,,,2009,11.509
16432742,E,空氣污染物申報-一般空氣污染物,氮氧化物,,,2009,1.876
16432742,E,空氣污染物申報-一般空氣污染物,硫氧化物,,,2009,0.73
16432742,E,空氣污染物申報-一般空氣污染物,粒狀污染物,,,2009,0.062
16432742,E,空氣污染物申報-一般空氣污染物,揮發性有機化合物,,,2009,4.448
16439169,E,空氣污染物申報-一般空氣污染物,氮氧化物,,,2009,12.326
16439169,E,空氣污染物申報-一般空氣污染物,硫氧化物,,,2009,7.779999999999999
16439169,E,空氣污染物申報-一般空氣污染物,粒狀污染物,,,2009,4.78
16439169,E,空氣污染物申報-一般空氣污染物,揮發性有機化合物,,,2009,204.262
16450500,E,空氣污染物申報-一般空氣污染物,氮氧化物,,,2009,0.612
16450500,E,空氣污染物申報-一般空氣污染物,粒狀污染物,,,2009,0.318
16450500,E,空氣污染物申報-一般空氣污染物,揮發性有機化合物,,,2009,41.496
16549778,E,空氣污染物申報-一般空氣污染物,揮發性有機化合物,,,2009,1.009
16743865,E,空氣污染物申報-一般空氣污染物,揮發性有機化合物,,,2009,0.5800000000000001
22101208,E,空氣污染物申報-一般空氣污染物,揮發性有機化合物,,,2009,9.663
22434156,E,空氣污染物申報-一般空氣污染物,揮發性有機化合物,,,2009,2.11
22480876,E,空氣污染物申報-一般空氣污染物,揮發性有機化合物,,,2009,1.2089999999999999
23218873,E,空氣污染物申報-一般空氣污染物,揮發性有機化合物,,,2009,321.35699999999997
23504361,E,空氣污染物申報-一般空氣污染物,粒狀污染物,,,2009,1.302
23504361,E,空氣污染物申報-一般空氣污染物,揮發性有機化合物,,,2009,2.097
23572557,E,空氣污染物申報-一般空氣污染物,揮發性有機化合物,,,2009,0.012
27763753,E,空氣污染物申報-一般空氣污染物,揮發性有機化合物,,,2009,16.641000000000002
27790294,E,空氣污染物申報-一般空氣污染物,氮氧化物,,,2009,1.188
27790294,E,空氣污染物申報-一般空氣污染物,硫氧化物,,,2009,1.283
27790294,E,空氣污染物申報-一般空氣污染物,粒狀污染物,,,2009,0.071
27790294,E,空氣污染物申報-一般空氣污染物,揮發性有機化合物,,,2009,1.168
28334226,E,空氣污染物申報-一般空氣污染物,揮發性有機化合物,,,2009,0.014
28621753,E,空氣污染物申報-一般空氣污染物,揮發性有機化合物,,,2009,1.988
34348590,E,空氣污染物申報-一般空氣污染物,揮發性有機化合物,,,2009,0.21999999999999997
34516147,E,空氣污染物申報-一般空氣污染物,氮氧化物,,,2009,0.416
34516147,E,空氣污染物申報-一般空氣污染物,硫氧化物,,,2009,0.124
34516147,E,空氣污染物申報-一般空氣污染物,揮發性有機化合物,,,2009,87.91199999999999
35866232,E,空氣污染物申報-一般空氣污染物,揮發性有機化合物,,,2009,4.5329999999999995
47255947,E,空氣污染物申報-一般空氣污染物,氮氧化物,,,2009,4.102
47255947,E,空氣污染物申報-一般空氣污染物,硫氧化物,,,2009,3.0020000000000002
47255947,E,空氣污染物申報-一般空氣污染物,揮發性有機化合物,,,2009,8.472
55921894,E,空氣污染物申報-一般空氣污染物,揮發性有機化合物,,,2009,6.6850000000000005
70526133,E,空氣污染物申報-一般空氣污染物,氮氧化物,,,2009,1.504
70526133,E,空氣污染物申報-一般空氣污染物,硫氧化物,,,2009,2.164
70634323,E,空氣污染物申報-一般空氣污染物,揮發性有機化合物,,,2009,2.2039999999999997
70766576,E,空氣污染物申報-一般空氣污染物,揮發性有機化合物,,,2009,0.013999999999999999
70848492,E,空氣污染物申報-一般空氣污染物,揮發性有機化合物,,,2009,2.315
80260061,E,空氣污染物申報-一般空氣污染物,揮發性有機化合物,,,2009,0.333
84149738,E,空氣污染物申報-一般空氣污染物,氮氧化物,,,2009,28.964000000000002
84149738,E,空氣污染物申報-一般空氣污染物,硫氧化物,,,2009,4.8309999999999995
84149738,E,空氣污染物申報-一般空氣污染物,粒狀污染物,,,2009,1.217999999999999
84149738,E,空氣污染物申報-一般空氣污染物,揮發性有機化合物,,,2009,899.0970000000002
84785413,E,空氣污染物申報-一般空氣污染物,揮發性有機化合物,,,2009,17.667
89261652,E,空氣污染物申報-一般空氣污染物,揮發性有機化合物,,,2009,53.56199999999998
89380545,E,空氣污染物申報-一般空氣污染物,揮發性有機化合物,,,2009,4.109
97178376,E,空氣污染物申報-一般空氣污染物,揮發性有機化合物,,,2009,7.859
12205020,E,空氣污染物申報-一般空氣污染物,揮發性有機化合物,,,2010,559.4339999999999
12206203,E,空氣污染物申報-一般空氣污染物,揮發性有機化合物,,,2010,3.534
12800225,E,空氣污染物申報-一般空氣污染物,氮氧化物,,,2010,9.901000000000002
12800225,E,空氣污染物申報-一般空氣污染物,硫氧化物,,,2010,5.097999999999999
12800225,E,空氣污染物申報-一般空氣污染物,粒狀污染物,,,2010,2.399
12800225,E,空氣污染物申報-一般空氣污染物,揮發性有機化合物,,,2010,1071.7599999999998
16432742,E,空氣污染物申報-一般空氣污染物,氮氧化物,,,2010,8.003
16432742,E,空氣污染物申報-一般空氣污染物,硫氧化物,,,2010,3.14
16432742,E,空氣污染物申報-一般空氣污染物,粒狀污染物,,,2010,0.319
16432742,E,空氣污染物申報-一般空氣污染物,揮發性有機化合物,,,2010,26.238
16439169,E,空氣污染物申報-一般空氣污染物,氮氧化物,,,2010,3.925
16439169,E,空氣污染物申報-一般空氣污染物,硫氧化物,,,2010,1.673
16439169,E,空氣污染物申報-一般空氣污染物,粒狀污染物,,,2010,1.218
16439169,E,空氣污染物申報-一般空氣污染物,揮發性有機化合物,,,2010,554.688
16450500,E,空氣污染物申報-一般空氣污染物,氮氧化物,,,2010,1.4040000000000001
16450500,E,空氣污染物申報-一般空氣污染物,粒狀污染物,,,2010,0.272
16450500,E,空氣污染物申報-一般空氣污染物,揮發性有機化合物,,,2010,153.012
16549778,E,空氣污染物申報-一般空氣污染物,氮氧化物,,,2010,16.807
16549778,E,空氣污染物申報-一般空氣污染物,硫氧化物,,,2010,2.243
16549778,E,空氣污染物申報-一般空氣污染物,粒狀污染物,,,2010,1.543
16549778,E,空氣污染物申報-一般空氣污染物,揮發性有機化合物,,,2010,14.729000000000001
16743865,E,空氣污染物申報-一般空氣污染物,揮發性有機化合物,,,2010,1.4989999999999999
22101208,E,空氣污染物申報-一般空氣污染物,揮發性有機化合物,,,2010,2.9800000000000004
22434156,E,空氣污染物申報-一般空氣污染物,揮發性有機化合物,,,2010,8.735
22480876,E,空氣污染物申報-一般空氣污染物,揮發性有機化合物,,,2010,1.923
23218873,E,空氣污染物申報-一般空氣污染物,揮發性有機化合物,,,2010,306.90299999999996
23504361,E,空氣污染物申報-一般空氣污染物,粒狀污染物,,,2010,4.369999999999999
23504361,E,空氣污染物申報-一般空氣污染物,揮發性有機化合物,,,2010,10.961
23572557,E,空氣污染物申報-一般空氣污染物,揮發性有機化合物,,,2010,0.05500000000000001
27763753,E,空氣污染物申報-一般空氣污染物,揮發性有機化合物,,,2010,30.211
27790294,E,空氣污染物申報-一般空氣污染物,氮氧化物,,,2010,2.993
27790294,E,空氣污染物申報-一般空氣污染物,硫氧化物,,,2010,2.387
27790294,E,空氣污染物申報-一般空氣污染物,粒狀污染物,,,2010,0.22199999999999998
27790294,E,空氣污染物申報-一般空氣污染物,揮發性有機化合物,,,2010,2.166
28334226,E,空氣污染物申報-一般空氣污染物,揮發性有機化合物,,,2010,0.909
28621753,E,空氣污染物申報-一般空氣污染物,揮發性有機化合物,,,2010,0.045000000000000005
28675574,E,空氣污染物申報-一般空氣污染物,揮發性有機化合物,,,2010,11.597999999999999
34348590,E,空氣污染物申報-一般空氣污染物,揮發性有機化合物,,,2010,0.688
34516147,E,空氣污染物申報-一般空氣污染物,氮氧化物,,,2010,1.036
34516147,E,空氣污染物申報-一般空氣污染物,硫氧化物,,,2010,0.31000000000000005
34516147,E,空氣污染物申報-一般空氣污染物,揮發性有機化合物,,,2010,73.66499999999999
35866232,E,空氣污染物申報-一般空氣污染物,揮發性有機化合物,,,2010,7.9350000000000005
47255947,E,空氣污染物申報-一般空氣污染物,氮氧化物,,,2010,0.724
47255947,E,空氣污染物申報-一般空氣污染物,硫氧化物,,,2010,0.53
47255947,E,空氣污染物申報-一般空氣污染物,揮發性有機化合物,,,2010,11.193999999999999
55921894,E,空氣污染物申報-一般空氣污染物,揮發性有機化合物,,,2010,20.381
56654500,E,空氣污染物申報-一般空氣污染物,揮發性有機化合物,,,2010,47.848
70526133,E,空氣污染物申報-一般空氣污染物,氮氧化物,,,2010,0.927
70526133,E,空氣污染物申報-一般空氣污染物,硫氧化物,,,2010,1.341
70634323,E,空氣污染物申報-一般空氣污染物,揮發性有機化合物,,,2010,2.258
70720798,E,空氣污染物申報-一般空氣污染物,揮發性有機化合物,,,2010,1.413
70750217,E,空氣污染物申報-一般空氣污染物,揮發性有機化合物,,,2010,75.402
70766576,E,空氣污染物申報-一般空氣污染物,揮發性有機化合物,,,2010,99.922
70848492,E,空氣污染物申報-一般空氣污染物,揮發性有機化合物,,,2010,5.866
70849491,E,空氣污染物申報-一般空氣污染物,揮發性有機化合物,,,2010,0.066
80260061,E,空氣污染物申報-一般空氣污染物,揮發性有機化合物,,,2010,1.568
84149738,E,空氣污染物申報-一般空氣污染物,氮氧化物,,,2010,27.14499999999999
84149738,E,空氣污染物申報-一般空氣污染物,硫氧化物,,,2010,5.3919999999999995
84149738,E,空氣污染物申報-一般空氣污染物,粒狀污染物,,,2010,3.104
84149738,E,空氣污染物申報-一般空氣污染物,揮發性有機化合物,,,2010,759.871
84785413,E,空氣污染物申報-一般空氣污染物,揮發性有機化合物,,,2010,46.733999999999995
89261652,E,空氣污染物申報-一般空氣污染物,揮發性有機化合物,,,2010,28.069
89380545,E,空氣污染物申報-一般空氣污染物,揮發性有機化合物,,,2010,6.952999999999999
97178376,E,空氣污染物申報-一般空氣污染物,揮發性有機化合物,,,2010,37.045
12205020,E,空氣污染物申報-一般空氣污染物,揮發性有機化合物,,,2011,641.196
12206203,E,空氣污染物申報-一般空氣污染物,揮發性有機化合物,,,2011,0.406
12737912,E,空氣污染物申報-一般空氣污染物,揮發性有機化合物,,,2011,0.005
12800225,E,空氣污染物申報-一般空氣污染物,氮氧化物,,,2011,15.334999999999999
12800225,E,空氣污染物申報-一般空氣污染物,硫氧化物,,,2011,6.646
12800225,E,空氣污染物申報-一般空氣污染物,粒狀污染物,,,2011,6.273000000000001
12800225,E,空氣污染物申報-一般空氣污染物,揮發性有機化合物,,,2011,1394.326
12979925,E,空氣污染物申報-一般空氣污染物,揮發性有機化合物,,,2011,6.152000000000001
16432742,E,空氣污染物申報-一般空氣污染物,氮氧化物,,,2011,4.429
16432742,E,空氣污染物申報-一般空氣污染物,硫氧化物,,,2011,1.6109999999999998
16432742,E,空氣污染物申報-一般空氣污染物,粒狀污染物,,,2011,0.369
16432742,E,空氣污染物申報-一般空氣污染物,揮發性有機化合物,,,2011,50.483
16439169,E,空氣污染物申報-一般空氣污染物,氮氧化物,,,2011,5.1819999999999995
16439169,E,空氣污染物申報-一般空氣污染物,硫氧化物,,,2011,3.309
16439169,E,空氣污染物申報-一般空氣污染物,粒狀污染物,,,2011,0.581
16439169,E,空氣污染物申報-一般空氣污染物,揮發性有機化合物,,,2011,58.388999999999996
16450500,E,空氣污染物申報-一般空氣污染物,氮氧化物,,,2011,2.7939999999999996
16450500,E,空氣污染物申報-一般空氣污染物,硫氧化物,,,2011,0.364
16450500,E,空氣污染物申報-一般空氣污染物,粒狀污染物,,,2011,0.318
16450500,E,空氣污染物申報-一般空氣污染物,揮發性有機化合物,,,2011,196.526
16549778,E,空氣污染物申報-一般空氣污染物,氮氧化物,,,2011,20.292
16549778,E,空氣污染物申報-一般空氣污染物,硫氧化物,,,2011,3.8099999999999996
16549778,E,空氣污染物申報-一般空氣污染物,粒狀污染物,,,2011,1.75
16549778,E,空氣污染物申報-一般空氣污染物,揮發性有機化合物,,,2011,36.267
16743865,E,空氣污染物申報-一般空氣污染物,揮發性有機化合物,,,2011,1.5920000000000003
22101208,E,空氣污染物申報-一般空氣污染物,揮發性有機化合物,,,2011,0.513
22434156,E,空氣污染物申報-一般空氣污染物,揮發性有機化合物,,,2011,7.695
22480876,E,空氣污染物申報-一般空氣污染物,揮發性有機化合物,,,2011,1.9680000000000002
23218873,E,空氣污染物申報-一般空氣污染物,揮發性有機化合物,,,2011,182.431
23504361,E,空氣污染物申報-一般空氣污染物,粒狀污染物,,,2011,10.361999999999998
23504361,E,空氣污染物申報-一般空氣污染物,揮發性有機化合物,,,2011,13.508
23572557,E,空氣污染物申報-一般空氣污染物,揮發性有機化合物,,,2011,0.126
27763753,E,空氣污染物申報-一般空氣污染物,揮發性有機化合物,,,2011,104.32500000000002
27790294,E,空氣污染物申報-一般空氣污染物,氮氧化物,,,2011,21.784
27790294,E,空氣污染物申報-一般空氣污染物,硫氧化物,,,2011,10.136
27790294,E,空氣污染物申報-一般空氣污染物,粒狀污染物,,,2011,0.222
27790294,E,空氣污染物申報-一般空氣污染物,揮發性有機化合物,,,2011,10.822000000000001
28230046,E,空氣污染物申報-一般空氣污染物,氮氧化物,,,2011,1.4960000000000002
28230046,E,空氣污染物申報-一般空氣污染物,揮發性有機化合物,,,2011,139.993
28334226,E,空氣污染物申報-一般空氣污染物,揮發性有機化合物,,,2011,0.997
28357108,E,空氣污染物申報-一般空氣污染物,揮發性有機化合物,,,2011,0.007
28621753,E,空氣污染物申報-一般空氣污染物,揮發性有機化合物,,,2011,0.032
28675574,E,空氣污染物申報-一般空氣污染物,揮發性有機化合物,,,2011,6.340999999999999
34348590,E,空氣污染物申報-一般空氣污染物,揮發性有機化合物,,,2011,0.8959999999999999
34516147,E,空氣污染物申報-一般空氣污染物,氮氧化物,,,2011,0.414
34516147,E,空氣污染物申報-一般空氣污染物,硫氧化物,,,2011,0.124
34516147,E,空氣污染物申報-一般空氣污染物,揮發性有機化合物,,,2011,19.621000000000002
35866232,E,空氣污染物申報-一般空氣污染物,揮發性有機化合物,,,2011,5.506
47255947,E,空氣污染物申報-一般空氣污染物,氮氧化物,,,2011,2.3680000000000003
47255947,E,空氣污染物申報-一般空氣污染物,硫氧化物,,,2011,1.732
47255947,E,空氣污染物申報-一般空氣污染物,揮發性有機化合物,,,2011,13.433
55921894,E,空氣污染物申報-一般空氣污染物,揮發性有機化合物,,,2011,32.122
56654500,E,空氣污染物申報-一般空氣污染物,揮發性有機化合物,,,2011,51.967
70526133,E,空氣污染物申報-一般空氣污染物,氮氧化物,,,2011,0.504
70526133,E,空氣污染物申報-一般空氣污染物,硫氧化物,,,2011,0.73
70634323,E,空氣污染物申報-一般空氣污染物,揮發性有機化合物,,,2011,7.371
70720798,E,空氣污染物申報-一般空氣污染物,氮氧化物,,,2011,0.008
70720798,E,空氣污染物申報-一般空氣污染物,揮發性有機化合物,,,2011,1.742
70750217,E,空氣污染物申報-一般空氣污染物,氮氧化物,,,2011,0.14700000000000002
70750217,E,空氣污染物申報-一般空氣污染物,揮發性有機化合物,,,2011,36.589
70766576,E,空氣污染物申報-一般空氣污染物,揮發性有機化合物,,,2011,13.424
70848492,E,空氣污染物申報-一般空氣污染物,粒狀污染物,,,2011,0.056
70848492,E,空氣污染物申報-一般空氣污染物,揮發性有機化合物,,,2011,47.58
70849491,E,空氣污染物申報-一般空氣污染物,揮發性有機化合物,,,2011,0.638
80260061,E,空氣污染物申報-一般空氣污染物,揮發性有機化合物,,,2011,1.3430000000000002
84149738,E,空氣污染物申報-一般空氣污染物,氮氧化物,,,2011,17.112
84149738,E,空氣污染物申報-一般空氣污染物,硫氧化物,,,2011,3.797
84149738,E,空氣污染物申報-一般空氣污染物,粒狀污染物,,,2011,14.264
84149738,E,空氣污染物申報-一般空氣污染物,揮發性有機化合物,,,2011,560.44
84785413,E,空氣污染物申報-一般空氣污染物,揮發性有機化合物,,,2011,64.893
89261652,E,空氣污染物申報-一般空氣污染物,揮發性有機化合物,,,2011,31.224000000000004
89380545,E,空氣污染物申報-一般空氣污染物,揮發性有機化合物,,,2011,7.359
97178376,E,空氣污染物申報-一般空氣污染物,揮發性有機化合物,,,2011,55.27
12205020,E,空氣污染物申報-一般空氣污染物,揮發性有機化合物,,,2012,348.034
12737912,E,空氣污染物申報-一般空氣污染物,揮發性有機化合物,,,2012,0.015
12800225,E,空氣污染物申報-一般空氣污染物,氮氧化物,,,2012,21.395000000000014
12800225,E,空氣污染物申報-一般空氣污染物,硫氧化物,,,2012,8.617
12800225,E,空氣污染物申報-一般空氣污染物,粒狀污染物,,,2012,14.162
12800225,E,空氣污染物申報-一般空氣污染物,揮發性有機化合物,,,2012,2734.765
12979925,E,空氣污染物申報-一般空氣污染物,揮發性有機化合物,,,2012,20.206999999999997
16432742,E,空氣污染物申報-一般空氣污染物,氮氧化物,,,2012,2.3040000000000003
16432742,E,空氣污染物申報-一般空氣污染物,硫氧化物,,,2012,0.81
16432742,E,空氣污染物申報-一般空氣污染物,粒狀污染物,,,2012,0.247
16432742,E,空氣污染物申報-一般空氣污染物,揮發性有機化合物,,,2012,37.761
16439169,E,空氣污染物申報-一般空氣污染物,氮氧化物,,,2012,5.042
16439169,E,空氣污染物申報-一般空氣污染物,硫氧化物,,,2012,3.169
16439169,E,空氣污染物申報-一般空氣污染物,粒狀污染物,,,2012,0.025
16439169,E,空氣污染物申報-一般空氣污染物,揮發性有機化合物,,,2012,8.272
16450500,E,空氣污染物申報-一般空氣污染物,氮氧化物,,,2012,1.4929999999999999
16450500,E,空氣污染物申報-一般空氣污染物,粒狀污染物,,,2012,0.194
16450500,E,空氣污染物申報-一般空氣污染物,揮發性有機化合物,,,2012,98.391
16549778,E,空氣污染物申報-一般空氣污染物,氮氧化物,,,2012,22.112000000000002
16549778,E,空氣污染物申報-一般空氣污染物,硫氧化物,,,2012,6.378
16549778,E,空氣污染物申報-一般空氣污染物,粒狀污染物,,,2012,0.46599999999999997
16549778,E,空氣污染物申報-一般空氣污染物,揮發性有機化合物,,,2012,38.843
16743865,E,空氣污染物申報-一般空氣污染物,揮發性有機化合物,,,2012,1.9180000000000001
22101208,E,空氣污染物申報-一般空氣污染物,揮發性有機化合物,,,2012,3.17
22434156,E,空氣污染物申報-一般空氣污染物,揮發性有機化合物,,,2012,5.321000000000001
22480876,E,空氣污染物申報-一般空氣污染物,揮發性有機化合物,,,2012,3.582
23218873,E,空氣污染物申報-一般空氣污染物,粒狀污染物,,,2012,0.045
23218873,E,空氣污染物申報-一般空氣污染物,揮發性有機化合物,,,2012,217.83999999999997
23504361,E,空氣污染物申報-一般空氣污染物,粒狀污染物,,,2012,1.341
23504361,E,空氣污染物申報-一般空氣污染物,揮發性有機化合物,,,2012,1.9259999999999997
23572557,E,空氣污染物申報-一般空氣污染物,揮發性有機化合物,,,2012,0.09100000000000001
27390847,E,空氣污染物申報-一般空氣污染物,揮發性有機化合物,,,2012,0.022
27763753,E,空氣污染物申報-一般空氣污染物,氮氧化物,,,2012,0.325
27763753,E,空氣污染物申報-一般空氣污染物,揮發性有機化合物,,,2012,243.532
27790294,E,空氣污染物申報-一般空氣污染物,氮氧化物,,,2012,7.714
27790294,E,空氣污染物申報-一般空氣污染物,硫氧化物,,,2012,4.042
27790294,E,空氣污染物申報-一般空氣污染物,粒狀污染物,,,2012,0.46199999999999997
27790294,E,空氣污染物申報-一般空氣污染物,揮發性有機化合物,,,2012,5.0760000000000005
28230046,E,空氣污染物申報-一般空氣污染物,氮氧化物,,,2012,0.668
28230046,E,空氣污染物申報-一般空氣污染物,揮發性有機化合物,,,2012,87.149
28334226,E,空氣污染物申報-一般空氣污染物,揮發性有機化合物,,,2012,1.123
28357108,E,空氣污染物申報-一般空氣污染物,氮氧化物,,,2012,1.401
28357108,E,空氣污染物申報-一般空氣污染物,硫氧化物,,,2012,0.954
28357108,E,空氣污染物申報-一般空氣污染物,揮發性有機化合物,,,2012,0.003
28621753,E,空氣污染物申報-一般空氣污染物,揮發性有機化合物,,,2012,0.051
28675574,E,空氣污染物申報-一般空氣污染物,揮發性有機化合物,,,2012,9.222
28997300,E,空氣污染物申報-一般空氣污染物,揮發性有機化合物,,,2012,23.622
34348590,E,空氣污染物申報-一般空氣污染物,揮發性有機化合物,,,2012,0.266
34516147,E,空氣污染物申報-一般空氣污染物,氮氧化物,,,2012,1.693
34516147,E,空氣污染物申報-一般空氣污染物,硫氧化物,,,2012,0.581
34516147,E,空氣污染物申報-一般空氣污染物,揮發性有機化合物,,,2012,17.514
35866232,E,空氣污染物申報-一般空氣污染物,揮發性有機化合物,,,2012,4.297
47255947,E,空氣污染物申報-一般空氣污染物,氮氧化物,,,2012,8.188
47255947,E,空氣污染物申報-一般空氣污染物,硫氧化物,,,2012,2.5729999999999995
47255947,E,空氣污染物申報-一般空氣污染物,揮發性有機化合物,,,2012,15.237
55921894,E,空氣污染物申報-一般空氣污染物,揮發性有機化合物,,,2012,55.147
56654500,E,空氣污染物申報-一般空氣污染物,揮發性有機化合物,,,2012,25.976
70526133,E,空氣污染物申報-一般空氣污染物,氮氧化物,,,2012,0.36200000000000004
70526133,E,空氣污染物申報-一般空氣污染物,硫氧化物,,,2012,0.52
70634323,E,空氣污染物申報-一般空氣污染物,揮發性有機化合物,,,2012,6.0760000000000005
70720798,E,空氣污染物申報-一般空氣污染物,氮氧化物,,,2012,0.009000000000000001
70720798,E,空氣污染物申報-一般空氣污染物,揮發性有機化合物,,,2012,1.483
70750217,E,空氣污染物申報-一般空氣污染物,氮氧化物,,,2012,0.030000000000000002
70750217,E,空氣污染物申報-一般空氣污染物,揮發性有機化合物,,,2012,30.23
70766576,E,空氣污染物申報-一般空氣污染物,揮發性有機化合物,,,2012,6.6899999999999995
70848492,E,空氣污染物申報-一般空氣污染物,粒狀污染物,,,2012,0.10799999999999998
70848492,E,空氣污染物申報-一般空氣污染物,揮發性有機化合物,,,2012,28.386
70849491,E,空氣污染物申報-一般空氣污染物,揮發性有機化合物,,,2012,0.681
80260061,E,空氣污染物申報-一般空氣污染物,揮發性有機化合物,,,2012,5.736
84149738,E,空氣污染物申報-一般空氣污染物,氮氧化物,,,2012,18.374999999999996
84149738,E,空氣污染物申報-一般空氣污染物,硫氧化物,,,2012,3.806999999999999
84149738,E,空氣污染物申報-一般空氣污染物,粒狀污染物,,,2012,1.9319999999999995
84149738,E,空氣污染物申報-一般空氣污染物,揮發性有機化合物,,,2012,671.463
84785413,E,空氣污染物申報-一般空氣污染物,揮發性有機化合物,,,2012,24.554000000000002
89261652,E,空氣污染物申報-一般空氣污染物,揮發性有機化合物,,,2012,15.716999999999999
89380545,E,空氣污染物申報-一般空氣污染物,揮發性有機化合物,,,2012,9.065000000000001
97049373,E,空氣污染物申報-一般空氣污染物,揮發性有機化合物,,,2012,4
97178376,E,空氣污染物申報-一般空氣污染物,揮發性有機化合物,,,2012,26.479
12205020,E,空氣污染物申報-一般空氣污染物,揮發性有機化合物,,,2013,530.258
12737912,E,空氣污染物申報-一般空氣污染物,揮發性有機化合物,,,2013,0.024
12800225,E,空氣污染物申報-一般空氣污染物,氮氧化物,,,2013,16.831
12800225,E,空氣污染物申報-一般空氣污染物,硫氧化物,,,2013,8.645
12800225,E,空氣污染物申報-一般空氣污染物,粒狀污染物,,,2013,10.477
12800225,E,空氣污染物申報-一般空氣污染物,揮發性有機化合物,,,2013,2465.4529999999995
12907747,E,空氣污染物申報-一般空氣污染物,揮發性有機化合物,,,2013,0.54
12979925,E,空氣污染物申報-一般空氣污染物,揮發性有機化合物,,,2013,5.112
16432742,E,空氣污染物申報-一般空氣污染物,氮氧化物,,,2013,4.1530000000000005
16432742,E,空氣污染物申報-一般空氣污染物,硫氧化物,,,2013,1.4700000000000002
16432742,E,空氣污染物申報-一般空氣污染物,粒狀污染物,,,2013,0.382
16432742,E,空氣污染物申報-一般空氣污染物,揮發性有機化合物,,,2013,31.051
16439169,E,空氣污染物申報-一般空氣污染物,氮氧化物,,,2013,19.279
16439169,E,空氣污染物申報-一般空氣污染物,硫氧化物,,,2013,9.886
16439169,E,空氣污染物申報-一般空氣污染物,粒狀污染物,,,2013,0.20700000000000002
16439169,E,空氣污染物申報-一般空氣污染物,揮發性有機化合物,,,2013,35.422000000000004
16450500,E,空氣污染物申報-一般空氣污染物,氮氧化物,,,2013,2.1
16450500,E,空氣污染物申報-一般空氣污染物,粒狀污染物,,,2013,0.488
16450500,E,空氣污染物申報-一般空氣污染物,揮發性有機化合物,,,2013,152.258
16549778,E,空氣污染物申報-一般空氣污染物,氮氧化物,,,2013,24.037
16549778,E,空氣污染物申報-一般空氣污染物,硫氧化物,,,2013,7.102
16549778,E,空氣污染物申報-一般空氣污染物,粒狀污染物,,,2013,1.162
16549778,E,空氣污染物申報-一般空氣污染物,揮發性有機化合物,,,2013,26.534
16743865,E,空氣污染物申報-一般空氣污染物,揮發性有機化合物,,,2013,0.49
22101208,E,空氣污染物申報-一般空氣污染物,揮發性有機化合物,,,2013,1.487
22434156,E,空氣污染物申報-一般空氣污染物,揮發性有機化合物,,,2013,9.411999999999997
22480876,E,空氣污染物申報-一般空氣污染物,揮發性有機化合物,,,2013,4.694000000000001
23218873,E,空氣污染物申報-一般空氣污染物,氮氧化物,,,2013,0.15700000000000003
23218873,E,空氣污染物申報-一般空氣污染物,粒狀污染物,,,2013,0.11499999999999998
23218873,E,空氣污染物申報-一般空氣污染物,揮發性有機化合物,,,2013,272.886
23504361,E,空氣污染物申報-一般空氣污染物,氮氧化物,,,2013,0.44200000000000006
23504361,E,空氣污染物申報-一般空氣污染物,硫氧化物,,,2013,0.097
23504361,E,空氣污染物申報-一般空氣污染物,粒狀污染物,,,2013,2.118
23504361,E,空氣污染物申報-一般空氣污染物,揮發性有機化合物,,,2013,2.8619999999999997
23572557,E,空氣污染物申報-一般空氣污染物,揮發性有機化合物,,,2013,0.082
27390847,E,空氣污染物申報-一般空氣污染物,揮發性有機化合物,,,2013,0.07300000000000001
27763753,E,空氣污染物申報-一般空氣污染物,氮氧化物,,,2013,0.1
27763753,E,空氣污染物申報-一般空氣污染物,揮發性有機化合物,,,2013,203.03499999999997
27790294,E,空氣污染物申報-一般空氣污染物,氮氧化物,,,2013,33.849
27790294,E,空氣污染物申報-一般空氣污染物,硫氧化物,,,2013,20.256
27790294,E,空氣污染物申報-一般空氣污染物,粒狀污染物,,,2013,2.49
27790294,E,空氣污染物申報-一般空氣污染物,揮發性有機化合物,,,2013,24.402
28230046,E,空氣污染物申報-一般空氣污染物,氮氧化物,,,2013,1.251
28230046,E,空氣污染物申報-一般空氣污染物,揮發性有機化合物,,,2013,181.188
28334226,E,空氣污染物申報-一般空氣污染物,揮發性有機化合物,,,2013,5.449
28357108,E,空氣污染物申報-一般空氣污染物,氮氧化物,,,2013,1.068
28357108,E,空氣污染物申報-一般空氣污染物,硫氧化物,,,2013,0.729
28357108,E,空氣污染物申報-一般空氣污染物,揮發性有機化合物,,,2013,0.473
28621753,E,空氣污染物申報-一般空氣污染物,揮發性有機化合物,,,2013,0.056
28675574,E,空氣污染物申報-一般空氣污染物,揮發性有機化合物,,,2013,1.842
28997300,E,空氣污染物申報-一般空氣污染物,揮發性有機化合物,,,2013,12.826
34348590,E,空氣污染物申報-一般空氣污染物,揮發性有機化合物,,,2013,0.31399999999999995
34516147,E,空氣污染物申報-一般空氣污染物,氮氧化物,,,2013,0.359
34516147,E,空氣污染物申報-一般空氣污染物,硫氧化物,,,2013,0.092
34516147,E,空氣污染物申報-一般空氣污染物,揮發性有機化合物,,,2013,15.969999999999999
35866232,E,空氣污染物申報-一般空氣污染物,揮發性有機化合物,,,2013,7.622999999999998
47255947,E,空氣污染物申報-一般空氣污染物,氮氧化物,,,2013,6.33
47255947,E,空氣污染物申報-一般空氣污染物,硫氧化物,,,2013,1.254
47255947,E,空氣污染物申報-一般空氣污染物,揮發性有機化合物,,,2013,13.706999999999999
55921894,E,空氣污染物申報-一般空氣污染物,揮發性有機化合物,,,2013,29.151
56654500,E,空氣污染物申報-一般空氣污染物,揮發性有機化合物,,,2013,38.338
70526133,E,空氣污染物申報-一般空氣污染物,氮氧化物,,,2013,0.235
70526133,E,空氣污染物申報-一般空氣污染物,硫氧化物,,,2013,0.341
70634323,E,空氣污染物申報-一般空氣污染物,揮發性有機化合物,,,2013,12.699
70720798,E,空氣污染物申報-一般空氣污染物,氮氧化物,,,2013,0.014000000000000004
70720798,E,空氣污染物申報-一般空氣污染物,揮發性有機化合物,,,2013,1.9640000000000002
70750217,E,空氣污染物申報-一般空氣污染物,氮氧化物,,,2013,0.268
70750217,E,空氣污染物申報-一般空氣污染物,硫氧化物,,,2013,0.018000000000000002
70750217,E,空氣污染物申報-一般空氣污染物,揮發性有機化合物,,,2013,139.239
70766576,E,空氣污染物申報-一般空氣污染物,揮發性有機化合物,,,2013,17.6
70848492,E,空氣污染物申報-一般空氣污染物,粒狀污染物,,,2013,0.222
70848492,E,空氣污染物申報-一般空氣污染物,揮發性有機化合物,,,2013,76.424
70849491,E,空氣污染物申報-一般空氣污染物,揮發性有機化合物,,,2013,0.147
80260061,E,空氣污染物申報-一般空氣污染物,揮發性有機化合物,,,2013,4.123
84149738,E,空氣污染物申報-一般空氣污染物,氮氧化物,,,2013,17.721
84149738,E,空氣污染物申報-一般空氣污染物,硫氧化物,,,2013,3.7969999999999993
84149738,E,空氣污染物申報-一般空氣污染物,粒狀污染物,,,2013,4.283
84149738,E,空氣污染物申報-一般空氣污染物,揮發性有機化合物,,,2013,915.7120000000003
84785413,E,空氣污染物申報-一般空氣污染物,揮發性有機化合物,,,2013,36.718999999999994
89261652,E,空氣污染物申報-一般空氣污染物,揮發性有機化合物,,,2013,9.314
89380545,E,空氣污染物申報-一般空氣污染物,揮發性有機化合物,,,2013,1.211
97049373,E,空氣污染物申報-一般空氣污染物,揮發性有機化合物,,,2013,1.6269999999999998
97178376,E,空氣污染物申報-一般空氣污染物,揮發性有機化合物,,,2013,108.779
12205020,E,空氣污染物申報-一般空氣污染物,揮發性有機化合物,,,2014,479.12800000000004
12737912,E,空氣污染物申報-一般空氣污染物,揮發性有機化合物,,,2014,0.013999999999999999
12800225,E,空氣污染物申報-一般空氣污染物,氮氧化物,,,2014,22.334999999999994
12800225,E,空氣污染物申報-一般空氣污染物,硫氧化物,,,2014,14.807000000000004
12800225,E,空氣污染物申報-一般空氣污染物,粒狀污染物,,,2014,13.237000000000002
12800225,E,空氣污染物申報-一般空氣污染物,揮發性有機化合物,,,2014,2922.0329999999994
12907747,E,空氣污染物申報-一般空氣污染物,揮發性有機化合物,,,2014,2.226
12979925,E,空氣污染物申報-一般空氣污染物,揮發性有機化合物,,,2014,21.258000000000003
16432742,E,空氣污染物申報-一般空氣污染物,氮氧化物,,,2014,2.119
16432742,E,空氣污染物申報-一般空氣污染物,硫氧化物,,,2014,0.78
16432742,E,空氣污染物申報-一般空氣污染物,粒狀污染物,,,2014,0.175
16432742,E,空氣污染物申報-一般空氣污染物,揮發性有機化合物,,,2014,28.856000000000005
16439169,E,空氣污染物申報-一般空氣污染物,氮氧化物,,,2014,15.344
16439169,E,空氣污染物申報-一般空氣污染物,硫氧化物,,,2014,20.536
16439169,E,空氣污染物申報-一般空氣污染物,粒狀污染物,,,2014,0.144
16439169,E,空氣污染物申報-一般空氣污染物,揮發性有機化合物,,,2014,43.936
16450500,E,空氣污染物申報-一般空氣污染物,氮氧化物,,,2014,4.601
16450500,E,空氣污染物申報-一般空氣污染物,硫氧化物,,,2014,0.9369999999999999
16450500,E,空氣污染物申報-一般空氣污染物,粒狀污染物,,,2014,0.8819999999999999
16450500,E,空氣污染物申報-一般空氣污染物,揮發性有機化合物,,,2014,370.98
16549778,E,空氣污染物申報-一般空氣污染物,氮氧化物,,,2014,11.284
16549778,E,空氣污染物申報-一般空氣污染物,硫氧化物,,,2014,9.154
16549778,E,空氣污染物申報-一般空氣污染物,粒狀污染物,,,2014,0.7520000000000001
16549778,E,空氣污染物申報-一般空氣污染物,揮發性有機化合物,,,2014,62.951
16743865,E,空氣污染物申報-一般空氣污染物,揮發性有機化合物,,,2014,1.3379999999999999
22101208,E,空氣污染物申報-一般空氣污染物,揮發性有機化合物,,,2014,2.6340000000000003
22434156,E,空氣污染物申報-一般空氣污染物,揮發性有機化合物,,,2014,9.342
22480876,E,空氣污染物申報-一般空氣污染物,揮發性有機化合物,,,2014,3.2439999999999998
23218873,E,空氣污染物申報-一般空氣污染物,氮氧化物,,,2014,0.049
23218873,E,空氣污染物申報-一般空氣污染物,粒狀污染物,,,2014,0.044000000000000004
23218873,E,空氣污染物申報-一般空氣污染物,揮發性有機化合物,,,2014,155.38399999999996
23504361,E,空氣污染物申報-一般空氣污染物,氮氧化物,,,2014,0.8150000000000001
23504361,E,空氣污染物申報-一般空氣污染物,硫氧化物,,,2014,0.18000000000000002
23504361,E,空氣污染物申報-一般空氣污染物,粒狀污染物,,,2014,1.019
23504361,E,空氣污染物申報-一般空氣污染物,揮發性有機化合物,,,2014,1.5499999999999998
23572557,E,空氣污染物申報-一般空氣污染物,揮發性有機化合物,,,2014,0.045
27340208,E,空氣污染物申報-一般空氣污染物,揮發性有機化合物,,,2014,1.672
27390847,E,空氣污染物申報-一般空氣污染物,揮發性有機化合物,,,2014,0.076
27763753,E,空氣污染物申報-一般空氣污染物,揮發性有機化合物,,,2014,158.54800000000006
27790294,E,空氣污染物申報-一般空氣污染物,氮氧化物,,,2014,16.108
27790294,E,空氣污染物申報-一般空氣污染物,硫氧化物,,,2014,11.027
27790294,E,空氣污染物申報-一般空氣污染物,粒狀污染物,,,2014,1.5310000000000001
27790294,E,空氣污染物申報-一般空氣污染物,揮發性有機化合物,,,2014,11.023
28230046,E,空氣污染物申報-一般空氣污染物,氮氧化物,,,2014,1.283
28230046,E,空氣污染物申報-一般空氣污染物,揮發性有機化合物,,,2014,124.68299999999998
28334226,E,空氣污染物申報-一般空氣污染物,揮發性有機化合物,,,2014,2.473
28357108,E,空氣污染物申報-一般空氣污染物,氮氧化物,,,2014,2.048
28357108,E,空氣污染物申報-一般空氣污染物,硫氧化物,,,2014,1.392
28357108,E,空氣污染物申報-一般空氣污染物,揮發性有機化合物,,,2014,0.268
28621753,E,空氣污染物申報-一般空氣污染物,揮發性有機化合物,,,2014,0.043
28675574,E,空氣污染物申報-一般空氣污染物,揮發性有機化合物,,,2014,9.304
28997300,E,空氣污染物申報-一般空氣污染物,揮發性有機化合物,,,2014,57.221000000000004
34348590,E,空氣污染物申報-一般空氣污染物,揮發性有機化合物,,,2014,0.248
34516147,E,空氣污染物申報-一般空氣污染物,氮氧化物,,,2014,0.231
34516147,E,空氣污染物申報-一般空氣污染物,硫氧化物,,,2014,0.056
34516147,E,空氣污染物申報-一般空氣污染物,揮發性有機化合物,,,2014,11.07
35866232,E,空氣污染物申報-一般空氣污染物,揮發性有機化合物,,,2014,5.630999999999999
47255947,E,空氣污染物申報-一般空氣污染物,氮氧化物,,,2014,9.198000000000002
47255947,E,空氣污染物申報-一般空氣污染物,硫氧化物,,,2014,2.298
47255947,E,空氣污染物申報-一般空氣污染物,揮發性有機化合物,,,2014,24.843000000000007
55921894,E,空氣污染物申報-一般空氣污染物,揮發性有機化合物,,,2014,55.479
56654500,E,空氣污染物申報-一般空氣污染物,揮發性有機化合物,,,2014,31.772
70526133,E,空氣污染物申報-一般空氣污染物,氮氧化物,,,2014,0.392
70526133,E,空氣污染物申報-一般空氣污染物,硫氧化物,,,2014,0.5660000000000001
70634323,E,空氣污染物申報-一般空氣污染物,揮發性有機化合物,,,2014,4.587
70720798,E,空氣污染物申報-一般空氣污染物,氮氧化物,,,2014,0.001
70720798,E,空氣污染物申報-一般空氣污染物,揮發性有機化合物,,,2014,0.254
70750217,E,空氣污染物申報-一般空氣污染物,氮氧化物,,,2014,1.984
70750217,E,空氣污染物申報-一般空氣污染物,硫氧化物,,,2014,0.5680000000000001
70750217,E,空氣污染物申報-一般空氣污染物,揮發性有機化合物,,,2014,208.27599999999998
70766576,E,空氣污染物申報-一般空氣污染物,揮發性有機化合物,,,2014,11.434999999999999
70848492,E,空氣污染物申報-一般空氣污染物,揮發性有機化合物,,,2014,63.11700000000001
70849491,E,空氣污染物申報-一般空氣污染物,氮氧化物,,,2014,0.009000000000000001
70849491,E,空氣污染物申報-一般空氣污染物,揮發性有機化合物,,,2014,0.43000000000000005
80260061,E,空氣污染物申報-一般空氣污染物,揮發性有機化合物,,,2014,0.07999999999999999
84149738,E,空氣污染物申報-一般空氣污染物,氮氧化物,,,2014,41.840999999999994
84149738,E,空氣污染物申報-一般空氣污染物,硫氧化物,,,2014,19.223999999999997
84149738,E,空氣污染物申報-一般空氣污染物,粒狀污染物,,,2014,23.80699999999999
84149738,E,空氣污染物申報-一般空氣污染物,揮發性有機化合物,,,2014,1320.2930000000001
84785413,E,空氣污染物申報-一般空氣污染物,揮發性有機化合物,,,2014,41.056999999999995
89261652,E,空氣污染物申報-一般空氣污染物,揮發性有機化合物,,,2014,25.433
89380545,E,空氣污染物申報-一般空氣污染物,揮發性有機化合物,,,2014,12.094999999999999
97049373,E,空氣污染物申報-一般空氣污染物,揮發性有機化合物,,,2014,1.852
97178376,E,空氣污染物申報-一般空氣污染物,揮發性有機化合物,,,2014,65.14500000000001
12205020,E,空氣污染物申報-一般空氣污染物,揮發性有機化合物,,,2015,583.0150000000001
12737912,E,空氣污染物申報-一般空氣污染物,揮發性有機化合物,,,2015,0.019000000000000003
12800225,E,空氣污染物申報-一般空氣污染物,氮氧化物,,,2015,25.258999999999997
12800225,E,空氣污染物申報-一般空氣污染物,硫氧化物,,,2015,46.699999999999996
12800225,E,空氣污染物申報-一般空氣污染物,粒狀污染物,,,2015,9.027
12800225,E,空氣污染物申報-一般空氣污染物,揮發性有機化合物,,,2015,2707.9629999999993
12907747,E,空氣污染物申報-一般空氣污染物,揮發性有機化合物,,,2015,4.62
12979925,E,空氣污染物申報-一般空氣污染物,揮發性有機化合物,,,2015,16.376
16432742,E,空氣污染物申報-一般空氣污染物,氮氧化物,,,2015,3.2799999999999994
16432742,E,空氣污染物申報-一般空氣污染物,硫氧化物,,,2015,1.121
16432742,E,空氣污染物申報-一般空氣污染物,粒狀污染物,,,2015,0.381
16432742,E,空氣污染物申報-一般空氣污染物,揮發性有機化合物,,,2015,66.113
16439169,E,空氣污染物申報-一般空氣污染物,氮氧化物,,,2015,11.187999999999999
16439169,E,空氣污染物申報-一般空氣污染物,硫氧化物,,,2015,19.463
16439169,E,空氣污染物申報-一般空氣污染物,粒狀污染物,,,2015,0.084
16439169,E,空氣污染物申報-一般空氣污染物,揮發性有機化合物,,,2015,13.511
16450500,E,空氣污染物申報-一般空氣污染物,氮氧化物,,,2015,2.061
16450500,E,空氣污染物申報-一般空氣污染物,硫氧化物,,,2015,0.728
16450500,E,空氣污染物申報-一般空氣污染物,粒狀污染物,,,2015,0.254
16450500,E,空氣污染物申報-一般空氣污染物,揮發性有機化合物,,,2015,179.52
16549778,E,空氣污染物申報-一般空氣污染物,氮氧化物,,,2015,10.269
16549778,E,空氣污染物申報-一般空氣污染物,硫氧化物,,,2015,3.7580000000000005
16549778,E,空氣污染物申報-一般空氣污染物,粒狀污染物,,,2015,0.37
16549778,E,空氣污染物申報-一般空氣污染物,揮發性有機化合物,,,2015,28.134999999999998
16743865,E,空氣污染物申報-一般空氣污染物,揮發性有機化合物,,,2015,4.245
22101208,E,空氣污染物申報-一般空氣污染物,揮發性有機化合物,,,2015,1.5070000000000001
22434156,E,空氣污染物申報-一般空氣污染物,氮氧化物,,,2015,2.6
22434156,E,空氣污染物申報-一般空氣污染物,硫氧化物,,,2015,1.314
22434156,E,空氣污染物申報-一般空氣污染物,粒狀污染物,,,2015,0.44099999999999995
22434156,E,空氣污染物申報-一般空氣污染物,揮發性有機化合物,,,2015,5.522
22480876,E,空氣污染物申報-一般空氣污染物,揮發性有機化合物,,,2015,4.8389999999999995
23218873,E,空氣污染物申報-一般空氣污染物,氮氧化物,,,2015,0.06899999999999999
23218873,E,空氣污染物申報-一般空氣污染物,粒狀污染物,,,2015,0.031000000000000003
23218873,E,空氣污染物申報-一般空氣污染物,揮發性有機化合物,,,2015,144.568
23504361,E,空氣污染物申報-一般空氣污染物,氮氧化物,,,2015,0.613
23504361,E,空氣污染物申報-一般空氣污染物,硫氧化物,,,2015,0.157
23504361,E,空氣污染物申報-一般空氣污染物,粒狀污染物,,,2015,0.49
23504361,E,空氣污染物申報-一般空氣污染物,揮發性有機化合物,,,2015,3.3589999999999995
23572557,E,空氣污染物申報-一般空氣污染物,揮發性有機化合物,,,2015,0.087
27340208,E,空氣污染物申報-一般空氣污染物,揮發性有機化合物,,,2015,1.1620000000000001
27390847,E,空氣污染物申報-一般空氣污染物,揮發性有機化合物,,,2015,0.043000000000000003
27763753,E,空氣污染物申報-一般空氣污染物,氮氧化物,,,2015,0.001
27763753,E,空氣污染物申報-一般空氣污染物,揮發性有機化合物,,,2015,270.94000000000005
27790294,E,空氣污染物申報-一般空氣污染物,氮氧化物,,,2015,26.261
27790294,E,空氣污染物申報-一般空氣污染物,硫氧化物,,,2015,17.272
27790294,E,空氣污染物申報-一般空氣污染物,粒狀污染物,,,2015,2.636
27790294,E,空氣污染物申報-一般空氣污染物,揮發性有機化合物,,,2015,17.412
28230046,E,空氣污染物申報-一般空氣污染物,氮氧化物,,,2015,0.528
28230046,E,空氣污染物申報-一般空氣污染物,揮發性有機化合物,,,2015,48.979
28334226,E,空氣污染物申報-一般空氣污染物,揮發性有機化合物,,,2015,16.052
28357108,E,空氣污染物申報-一般空氣污染物,氮氧化物,,,2015,1.203
28357108,E,空氣污染物申報-一般空氣污染物,硫氧化物,,,2015,0.8160000000000001
28357108,E,空氣污染物申報-一般空氣污染物,揮發性有機化合物,,,2015,0.17000000000000004
28621753,E,空氣污染物申報-一般空氣污染物,揮發性有機化合物,,,2015,0.045
28675574,E,空氣污染物申報-一般空氣污染物,揮發性有機化合物,,,2015,5.742
28997300,E,空氣污染物申報-一般空氣污染物,揮發性有機化合物,,,2015,61.811
34348590,E,空氣污染物申報-一般空氣污染物,揮發性有機化合物,,,2015,0.14300000000000002
34516147,E,空氣污染物申報-一般空氣污染物,氮氧化物,,,2015,1.016
34516147,E,空氣污染物申報-一般空氣污染物,硫氧化物,,,2015,0.39499999999999996
34516147,E,空氣污染物申報-一般空氣污染物,揮發性有機化合物,,,2015,61.85999999999999
35866232,E,空氣污染物申報-一般空氣污染物,揮發性有機化合物,,,2015,6.135999999999999
47255947,E,空氣污染物申報-一般空氣污染物,氮氧化物,,,2015,6.593999999999999
47255947,E,空氣污染物申報-一般空氣污染物,硫氧化物,,,2015,2.9779999999999998
47255947,E,空氣污染物申報-一般空氣污染物,揮發性有機化合物,,,2015,20.552000000000003
55921894,E,空氣污染物申報-一般空氣污染物,揮發性有機化合物,,,2015,42.437999999999995
56654500,E,空氣污染物申報-一般空氣污染物,揮發性有機化合物,,,2015,69.078
70526133,E,空氣污染物申報-一般空氣污染物,氮氧化物,,,2015,0.485
70526133,E,空氣污染物申報-一般空氣污染物,硫氧化物,,,2015,0.6990000000000001
70634323,E,空氣污染物申報-一般空氣污染物,揮發性有機化合物,,,2015,6.534
70720798,E,空氣污染物申報-一般空氣污染物,氮氧化物,,,2015,0.002
70720798,E,空氣污染物申報-一般空氣污染物,揮發性有機化合物,,,2015,0.35000000000000003
70750217,E,空氣污染物申報-一般空氣污染物,氮氧化物,,,2015,0.881
70750217,E,空氣污染物申報-一般空氣污染物,硫氧化物,,,2015,0.23099999999999998
70750217,E,空氣污染物申報-一般空氣污染物,揮發性有機化合物,,,2015,62.775999999999996
70766576,E,空氣污染物申報-一般空氣污染物,揮發性有機化合物,,,2015,3.678
70848492,E,空氣污染物申報-一般空氣污染物,揮發性有機化合物,,,2015,31.569
70849491,E,空氣污染物申報-一般空氣污染物,氮氧化物,,,2015,0.035
70849491,E,空氣污染物申報-一般空氣污染物,揮發性有機化合物,,,2015,1.8689999999999998
80260061,E,空氣污染物申報-一般空氣污染物,揮發性有機化合物,,,2015,0.11299999999999999
84149738,E,空氣污染物申報-一般空氣污染物,氮氧化物,,,2015,71.244
84149738,E,空氣污染物申報-一般空氣污染物,硫氧化物,,,2015,30.987999999999992
84149738,E,空氣污染物申報-一般空氣污染物,粒狀污染物,,,2015,7.327999999999999
84149738,E,空氣污染物申報-一般空氣污染物,揮發性有機化合物,,,2015,911.819
84785413,E,空氣污染物申報-一般空氣污染物,揮發性有機化合物,,,2015,11.593
97049373,E,空氣污染物申報-一般空氣污染物,揮發性有機化合物,,,2015,1.612
97178376,E,空氣污染物申報-一般空氣污染物,揮發性有機化合物,,,2015,2.661
12205020,E,空氣污染物申報-一般空氣污染物,揮發性有機化合物,,,2016,512.308
12737912,E,空氣污染物申報-一般空氣污染物,揮發性有機化合物,,,2016,0.014
12800225,E,空氣污染物申報-一般空氣污染物,氮氧化物,,,2016,17.854000000000003
12800225,E,空氣污染物申報-一般空氣污染物,硫氧化物,,,2016,48.132999999999996
12800225,E,空氣污染物申報-一般空氣污染物,粒狀污染物,,,2016,7.348999999999999
12800225,E,空氣污染物申報-一般空氣污染物,揮發性有機化合物,,,2016,1952.2359999999996
12907747,E,空氣污染物申報-一般空氣污染物,揮發性有機化合物,,,2016,2.59
12979925,E,空氣污染物申報-一般空氣污染物,粒狀污染物,,,2016,0.29400000000000004
12979925,E,空氣污染物申報-一般空氣污染物,揮發性有機化合物,,,2016,13.785000000000002
16432742,E,空氣污染物申報-一般空氣污染物,氮氧化物,,,2016,24.389999999999997
16432742,E,空氣污染物申報-一般空氣污染物,硫氧化物,,,2016,16.729
16432742,E,空氣污染物申報-一般空氣污染物,粒狀污染物,,,2016,6.827
16432742,E,空氣污染物申報-一般空氣污染物,揮發性有機化合物,,,2016,58.312
16439169,E,空氣污染物申報-一般空氣污染物,氮氧化物,,,2016,7.627000000000001
16439169,E,空氣污染物申報-一般空氣污染物,硫氧化物,,,2016,10.256
16439169,E,空氣污染物申報-一般空氣污染物,粒狀污染物,,,2016,0.08600000000000001
16439169,E,空氣污染物申報-一般空氣污染物,揮發性有機化合物,,,2016,15.504000000000001
16450500,E,空氣污染物申報-一般空氣污染物,氮氧化物,,,2016,3.398
16450500,E,空氣污染物申報-一般空氣污染物,硫氧化物,,,2016,1.826
16450500,E,空氣污染物申報-一般空氣污染物,粒狀污染物,,,2016,0.502
16450500,E,空氣污染物申報-一般空氣污染物,揮發性有機化合物,,,2016,314.947
16549778,E,空氣污染物申報-一般空氣污染物,氮氧化物,,,2016,15.4
16549778,E,空氣污染物申報-一般空氣污染物,硫氧化物,,,2016,8.446
16549778,E,空氣污染物申報-一般空氣污染物,粒狀污染物,,,2016,1.733
16549778,E,空氣污染物申報-一般空氣污染物,揮發性有機化合物,,,2016,78.77699999999999
16743865,E,空氣污染物申報-一般空氣污染物,揮發性有機化合物,,,2016,3.182
22101208,E,空氣污染物申報-一般空氣污染物,揮發性有機化合物,,,2016,3.887
22434156,E,空氣污染物申報-一般空氣污染物,氮氧化物,,,2016,2.464
22434156,E,空氣污染物申報-一般空氣污染物,硫氧化物,,,2016,1.233
22434156,E,空氣污染物申報-一般空氣污染物,粒狀污染物,,,2016,0.511
22434156,E,空氣污染物申報-一般空氣污染物,揮發性有機化合物,,,2016,3.3989999999999996
22480876,E,空氣污染物申報-一般空氣污染物,揮發性有機化合物,,,2016,5.805000000000001
23218873,E,空氣污染物申報-一般空氣污染物,氮氧化物,,,2016,0.011
23218873,E,空氣污染物申報-一般空氣污染物,粒狀污染物,,,2016,0.004
23218873,E,空氣污染物申報-一般空氣污染物,揮發性有機化合物,,,2016,93.31400000000001
23504361,E,空氣污染物申報-一般空氣污染物,氮氧化物,,,2016,0.089
23504361,E,空氣污染物申報-一般空氣污染物,硫氧化物,,,2016,0.034
23504361,E,空氣污染物申報-一般空氣污染物,揮發性有機化合物,,,2016,1.2109999999999999
23572557,E,空氣污染物申報-一般空氣污染物,揮發性有機化合物,,,2016,0.046
27340208,E,空氣污染物申報-一般空氣污染物,揮發性有機化合物,,,2016,1.1440000000000001
27390847,E,空氣污染物申報-一般空氣污染物,揮發性有機化合物,,,2016,0.016
27763753,E,空氣污染物申報-一般空氣污染物,氮氧化物,,,2016,0.007
27763753,E,空氣污染物申報-一般空氣污染物,揮發性有機化合物,,,2016,205.01199999999994
27790294,E,空氣污染物申報-一般空氣污染物,氮氧化物,,,2016,3.9
27790294,E,空氣污染物申報-一般空氣污染物,硫氧化物,,,2016,2.531
27790294,E,空氣污染物申報-一般空氣污染物,粒狀污染物,,,2016,0.444
27790294,E,空氣污染物申報-一般空氣污染物,揮發性有機化合物,,,2016,1.988
28230046,E,空氣污染物申報-一般空氣污染物,氮氧化物,,,2016,1.698
28230046,E,空氣污染物申報-一般空氣污染物,揮發性有機化合物,,,2016,84.447
28334226,E,空氣污染物申報-一般空氣污染物,揮發性有機化合物,,,2016,8.98
28357108,E,空氣污染物申報-一般空氣污染物,氮氧化物,,,2016,2.4619999999999997
28357108,E,空氣污染物申報-一般空氣污染物,硫氧化物,,,2016,1.67
28357108,E,空氣污染物申報-一般空氣污染物,粒狀污染物,,,2016,0.016
28357108,E,空氣污染物申報-一般空氣污染物,揮發性有機化合物,,,2016,0.302
28621753,E,空氣污染物申報-一般空氣污染物,揮發性有機化合物,,,2016,0.081
28675574,E,空氣污染物申報-一般空氣污染物,揮發性有機化合物,,,2016,3.9819999999999998
34348590,E,空氣污染物申報-一般空氣污染物,揮發性有機化合物,,,2016,0.048
34516147,E,空氣污染物申報-一般空氣污染物,氮氧化物,,,2016,0.43000000000000005
34516147,E,空氣污染物申報-一般空氣污染物,硫氧化物,,,2016,0.167
34516147,E,空氣污染物申報-一般空氣污染物,揮發性有機化合物,,,2016,39.204
35866232,E,空氣污染物申報-一般空氣污染物,揮發性有機化合物,,,2016,6.968999999999999
47255947,E,空氣污染物申報-一般空氣污染物,氮氧化物,,,2016,7.367000000000001
47255947,E,空氣污染物申報-一般空氣污染物,硫氧化物,,,2016,2.367
47255947,E,空氣污染物申報-一般空氣污染物,揮發性有機化合物,,,2016,16.308
55921894,E,空氣污染物申報-一般空氣污染物,揮發性有機化合物,,,2016,19.282999999999998
56654500,E,空氣污染物申報-一般空氣污染物,揮發性有機化合物,,,2016,21.935000000000002
70526133,E,空氣污染物申報-一般空氣污染物,氮氧化物,,,2016,0.835
70526133,E,空氣污染物申報-一般空氣污染物,硫氧化物,,,2016,1.163
70634323,E,空氣污染物申報-一般空氣污染物,揮發性有機化合物,,,2016,7.6770000000000005
70750217,E,空氣污染物申報-一般空氣污染物,氮氧化物,,,2016,1.9580000000000002
70750217,E,空氣污染物申報-一般空氣污染物,硫氧化物,,,2016,2.8080000000000003
70750217,E,空氣污染物申報-一般空氣污染物,揮發性有機化合物,,,2016,179.08700000000002
70766576,E,空氣污染物申報-一般空氣污染物,揮發性有機化合物,,,2016,5.239
70848492,E,空氣污染物申報-一般空氣污染物,揮發性有機化合物,,,2016,49.664
70849491,E,空氣污染物申報-一般空氣污染物,氮氧化物,,,2016,0.011
70849491,E,空氣污染物申報-一般空氣污染物,揮發性有機化合物,,,2016,0.398
84149738,E,空氣污染物申報-一般空氣污染物,氮氧化物,,,2016,104.16699999999999
84149738,E,空氣污染物申報-一般空氣污染物,硫氧化物,,,2016,48.116
84149738,E,空氣污染物申報-一般空氣污染物,粒狀污染物,,,2016,90.843
84149738,E,空氣污染物申報-一般空氣污染物,揮發性有機化合物,,,2016,2328.789
84785413,E,空氣污染物申報-一般空氣污染物,揮發性有機化合物,,,2016,57.90299999999999
89261652,E,空氣污染物申報-一般空氣污染物,揮發性有機化合物,,,2016,35.843
97049373,E,空氣污染物申報-一般空氣污染物,揮發性有機化合物,,,2016,2.4530000000000003
97178376,E,空氣污染物申報-一般空氣污染物,粒狀污染物,,,2016,0.067
97178376,E,空氣污染物申報-一般空氣污染物,揮發性有機化合物,,,2016,2.803
12205020,E,空氣污染物申報-一般空氣污染物,揮發性有機化合物,,,2017,438.08500000000004
12205020,E,空氣污染物申報-有害空氣污染物,二氯甲烷,,,2017,1.69
12737912,E,空氣污染物申報-一般空氣污染物,揮發性有機化合物,,,2017,0.02
12800061,E,空氣污染物申報-一般空氣污染物,揮發性有機化合物,,,2017,0.302
12800225,E,空氣污染物申報-一般空氣污染物,氮氧化物,,,2017,24.080000000000005
12800225,E,空氣污染物申報-一般空氣污染物,硫氧化物,,,2017,41.274
12800225,E,空氣污染物申報-一般空氣污染物,粒狀污染物,,,2017,14.064000000000002
12800225,E,空氣污染物申報-一般空氣污染物,揮發性有機化合物,,,2017,2598.77
12800225,E,空氣污染物申報-有害空氣污染物,二氯甲烷,,,2017,0.005
12846708,E,空氣污染物申報-一般空氣污染物,揮發性有機化合物,,,2017,0.016
12907747,E,空氣污染物申報-一般空氣污染物,揮發性有機化合物,,,2017,1.5099999999999998
12979925,E,空氣污染物申報-一般空氣污染物,粒狀污染物,,,2017,0.164
12979925,E,空氣污染物申報-一般空氣污染物,揮發性有機化合物,,,2017,7.456
16432742,E,空氣污染物申報-一般空氣污染物,氮氧化物,,,2017,10.223
16432742,E,空氣污染物申報-一般空氣污染物,硫氧化物,,,2017,3.402
16432742,E,空氣污染物申報-一般空氣污染物,粒狀污染物,,,2017,0.8729999999999999
16432742,E,空氣污染物申報-一般空氣污染物,揮發性有機化合物,,,2017,59.66300000000001
16439169,E,空氣污染物申報-一般空氣污染物,氮氧化物,,,2017,7.975000000000001
16439169,E,空氣污染物申報-一般空氣污染物,硫氧化物,,,2017,8.205
16439169,E,空氣污染物申報-一般空氣污染物,粒狀污染物,,,2017,0.087
16439169,E,空氣污染物申報-一般空氣污染物,揮發性有機化合物,,,2017,23.747
16439169,E,空氣污染物申報-有害空氣污染物,甲苯,,,2017,1.4099999999999997
16450500,E,空氣污染物申報-一般空氣污染物,氮氧化物,,,2017,2.6119999999999997
16450500,E,空氣污染物申報-一般空氣污染物,硫氧化物,,,2017,1.423
16450500,E,空氣污染物申報-一般空氣污染物,粒狀污染物,,,2017,0.645
16450500,E,空氣污染物申報-一般空氣污染物,揮發性有機化合物,,,2017,291.318
16549778,E,空氣污染物申報-一般空氣污染物,氮氧化物,,,2017,6.715
16549778,E,空氣污染物申報-一般空氣污染物,硫氧化物,,,2017,9.099
16549778,E,空氣污染物申報-一般空氣污染物,粒狀污染物,,,2017,1.682
16549778,E,空氣污染物申報-一般空氣污染物,揮發性有機化合物,,,2017,54.15000000000001
16549778,E,空氣污染物申報-有害空氣污染物,三氯甲烷,,,2017,0.238
16549778,E,空氣污染物申報-有害空氣污染物,甲苯,,,2017,0.067
16743865,E,空氣污染物申報-一般空氣污染物,揮發性有機化合物,,,2017,4.926000000000001
22101208,E,空氣污染物申報-一般空氣污染物,揮發性有機化合物,,,2017,6.2780000000000005
22101208,E,空氣污染物申報-有害空氣污染物,二甲苯,,,2017,0.011
22434156,E,空氣污染物申報-一般空氣污染物,氮氧化物,,,2017,3.1599999999999997
22434156,E,空氣污染物申報-一般空氣污染物,硫氧化物,,,2017,1.443
22434156,E,空氣污染物申報-一般空氣污染物,粒狀污染物,,,2017,0.10799999999999998
22434156,E,空氣污染物申報-一般空氣污染物,揮發性有機化合物,,,2017,4.268
22434156,E,空氣污染物申報-有害空氣污染物,乙苯,,,2017,0.032
22434156,E,空氣污染物申報-有害空氣污染物,二甲苯,,,2017,0.027
22480876,E,空氣污染物申報-一般空氣污染物,揮發性有機化合物,,,2017,10.213000000000003
23218873,E,空氣污染物申報-一般空氣污染物,揮發性有機化合物,,,2017,82.32000000000001
23218873,E,空氣污染物申報-有害空氣污染物,甲苯,,,2017,0.005
23504361,E,空氣污染物申報-一般空氣污染物,氮氧化物,,,2017,0.979
23504361,E,空氣污染物申報-一般空氣污染物,硫氧化物,,,2017,0.30600000000000005
23504361,E,空氣污染物申報-一般空氣污染物,揮發性有機化合物,,,2017,1.088
23572557,E,空氣污染物申報-一般空氣污染物,揮發性有機化合物,,,2017,0.019
27340208,E,空氣污染物申報-一般空氣污染物,揮發性有機化合物,,,2017,0.525
27390847,E,空氣污染物申報-一般空氣污染物,揮發性有機化合物,,,2017,0.061
27390847,E,空氣污染物申報-有害空氣污染物,甲苯,,,2017,0.027000000000000003
27763753,E,空氣污染物申報-一般空氣污染物,氮氧化物,,,2017,0.002
27763753,E,空氣污染物申報-一般空氣污染物,揮發性有機化合物,,,2017,90.12899999999999
27763753,E,空氣污染物申報-有害空氣污染物,二甲苯,,,2017,0.057999999999999996
27790294,E,空氣污染物申報-一般空氣污染物,氮氧化物,,,2017,17.204
27790294,E,空氣污染物申報-一般空氣污染物,硫氧化物,,,2017,10.333
27790294,E,空氣污染物申報-一般空氣污染物,粒狀污染物,,,2017,1.379
27790294,E,空氣污染物申報-一般空氣污染物,揮發性有機化合物,,,2017,7.776
27790294,E,空氣污染物申報-有害空氣污染物,二氯甲烷,,,2017,0.009000000000000001
27790294,E,空氣污染物申報-有害空氣污染物,甲苯,,,2017,0.003
28230046,E,空氣污染物申報-一般空氣污染物,氮氧化物,,,2017,2.197
28230046,E,空氣污染物申報-一般空氣污染物,揮發性有機化合物,,,2017,167.767
28230046,E,空氣污染物申報-有害空氣污染物,二氯甲烷,,,2017,139.037
28334226,E,空氣污染物申報-一般空氣污染物,揮發性有機化合物,,,2017,6.577
28357108,E,空氣污染物申報-一般空氣污染物,氮氧化物,,,2017,1.654
28357108,E,空氣污染物申報-一般空氣污染物,硫氧化物,,,2017,0.9730000000000001
28357108,E,空氣污染物申報-一般空氣污染物,粒狀污染物,,,2017,0.016
28357108,E,空氣污染物申報-一般空氣污染物,揮發性有機化合物,,,2017,0.605
28357108,E,空氣污染物申報-有害空氣污染物,苯乙烯,,,2017,0.003
28357108,E,空氣污染物申報-有害空氣污染物,甲苯,,,2017,0.001
28621753,E,空氣污染物申報-一般空氣污染物,揮發性有機化合物,,,2017,0.036
28675574,E,空氣污染物申報-一般空氣污染物,揮發性有機化合物,,,2017,6.638
28997300,E,空氣污染物申報-一般空氣污染物,揮發性有機化合物,,,2017,59.265
34348590,E,空氣污染物申報-一般空氣污染物,揮發性有機化合物,,,2017,0.14400000000000002
34516147,E,空氣污染物申報-一般空氣污染物,氮氧化物,,,2017,1.131
34516147,E,空氣污染物申報-一般空氣污染物,硫氧化物,,,2017,0.471
34516147,E,空氣污染物申報-一般空氣污染物,揮發性有機化合物,,,2017,41.938
34516147,E,空氣污染物申報-有害空氣污染物,甲苯,,,2017,0.40700000000000003
35866232,E,空氣污染物申報-一般空氣污染物,揮發性有機化合物,,,2017,4.375
42821900,E,空氣污染物申報-一般空氣污染物,揮發性有機化合物,,,2017,86.41799999999999
47255947,E,空氣污染物申報-一般空氣污染物,氮氧化物,,,2017,7.586
47255947,E,空氣污染物申報-一般空氣污染物,硫氧化物,,,2017,2.242
47255947,E,空氣污染物申報-一般空氣污染物,揮發性有機化合物,,,2017,14.927
47255947,E,空氣污染物申報-有害空氣污染物,乙苯,,,2017,0.04699999999999999
47255947,E,空氣污染物申報-有害空氣污染物,二甲苯,,,2017,0.15300000000000002
55921894,E,空氣污染物申報-一般空氣污染物,揮發性有機化合物,,,2017,40.464
55921894,E,空氣污染物申報-有害空氣污染物,苯,,,2017,0.013000000000000001
56654500,E,空氣污染物申報-一般空氣污染物,揮發性有機化合物,,,2017,68.39699999999999
56654500,E,空氣污染物申報-有害空氣污染物,甲苯,,,2017,9.381
70526133,E,空氣污染物申報-一般空氣污染物,氮氧化物,,,2017,0.11800000000000001
70634323,E,空氣污染物申報-一般空氣污染物,揮發性有機化合物,,,2017,10
70750217,E,空氣污染物申報-一般空氣污染物,氮氧化物,,,2017,2.867
70750217,E,空氣污染物申報-一般空氣污染物,硫氧化物,,,2017,4.56
70750217,E,空氣污染物申報-一般空氣污染物,揮發性有機化合物,,,2017,124.34900000000002
70766576,E,空氣污染物申報-一般空氣污染物,揮發性有機化合物,,,2017,5.8919999999999995
70766576,E,空氣污染物申報-有害空氣污染物,二氯甲烷,,,2017,1.5619999999999998
70766576,E,空氣污染物申報-有害空氣污染物,甲苯,,,2017,0.07
70848492,E,空氣污染物申報-一般空氣污染物,揮發性有機化合物,,,2017,27.290999999999997
70848492,E,空氣污染物申報-有害空氣污染物,甲苯,,,2017,5.504999999999999
70848492,E,空氣污染物申報-有害空氣污染物,二甲苯,,,2017,0.09900000000000002
70849491,E,空氣污染物申報-一般空氣污染物,氮氧化物,,,2017,0.04
70849491,E,空氣污染物申報-一般空氣污染物,揮發性有機化合物,,,2017,6.007
84149738,E,空氣污染物申報-一般空氣污染物,氮氧化物,,,2017,88.06099999999999
84149738,E,空氣污染物申報-一般空氣污染物,硫氧化物,,,2017,45.727
84149738,E,空氣污染物申報-一般空氣污染物,粒狀污染物,,,2017,27.004000000000005
84149738,E,空氣污染物申報-一般空氣污染物,揮發性有機化合物,,,2017,1903.337
84785413,E,空氣污染物申報-一般空氣污染物,揮發性有機化合物,,,2017,30.56
89261652,E,空氣污染物申報-一般空氣污染物,揮發性有機化合物,,,2017,13.772
89358419,E,空氣污染物申報-一般空氣污染物,揮發性有機化合物,,,2017,3.3230000000000004
97049373,E,空氣污染物申報-一般空氣污染物,揮發性有機化合物,,,2017,6.880000000000001
97049373,E,空氣污染物申報-有害空氣污染物,二甲苯,,,2017,0.034
97178376,E,空氣污染物申報-一般空氣污染物,粒狀污染物,,,2017,0.164
97178376,E,空氣污染物申報-一般空氣污染物,揮發性有機化合物,,,2017,4.091
12205020,E,空氣污染物申報-一般空氣污染物,揮發性有機化合物,,,2018,696.332
12205020,E,空氣污染物申報-有害空氣污染物,三氯甲烷,,,2018,0.002
12205020,E,空氣污染物申報-有害空氣污染物,二氯甲烷,,,2018,1.831
12737912,E,空氣污染物申報-一般空氣污染物,揮發性有機化合物,,,2018,0.049
12800061,E,空氣污染物申報-一般空氣污染物,揮發性有機化合物,,,2018,1.311
12800225,E,空氣污染物申報-一般空氣污染物,氮氧化物,,,2018,26.91999999999999
12800225,E,空氣污染物申報-一般空氣污染物,硫氧化物,,,2018,49.922
12800225,E,空氣污染物申報-一般空氣污染物,粒狀污染物,,,2018,11.923
12800225,E,空氣污染物申報-一般空氣污染物,揮發性有機化合物,,,2018,762.7040000000001
12846708,E,空氣污染物申報-一般空氣污染物,揮發性有機化合物,,,2018,0.164
12846708,E,空氣污染物申報-有害空氣污染物,三氯甲烷,,,2018,0.002
12846708,E,空氣污染物申報-有害空氣污染物,二氯甲烷,,,2018,0.053000000000000005
12846708,E,空氣污染物申報-有害空氣污染物,甲苯,,,2018,0.009000000000000001
12846708,E,空氣污染物申報-有害空氣污染物,二甲苯,,,2018,0.001
12907747,E,空氣污染物申報-一般空氣污染物,揮發性有機化合物,,,2018,0.77
12979925,E,空氣污染物申報-一般空氣污染物,揮發性有機化合物,,,2018,1.7409999999999999
16432742,E,空氣污染物申報-一般空氣污染物,氮氧化物,,,2018,13.810000000000002
16432742,E,空氣污染物申報-一般空氣污染物,硫氧化物,,,2018,5.912000000000001
16432742,E,空氣污染物申報-一般空氣污染物,粒狀污染物,,,2018,1.2309999999999999
16432742,E,空氣污染物申報-一般空氣污染物,揮發性有機化合物,,,2018,48.675
16439169,E,空氣污染物申報-一般空氣污染物,氮氧化物,,,2018,7.6690000000000005
16439169,E,空氣污染物申報-一般空氣污染物,硫氧化物,,,2018,6.532
16439169,E,空氣污染物申報-一般空氣污染物,粒狀污染物,,,2018,0.316
16439169,E,空氣污染物申報-一般空氣污染物,揮發性有機化合物,,,2018,22.85
16439169,E,空氣污染物申報-有害空氣污染物,甲苯,,,2018,0.43599999999999994
16450500,E,空氣污染物申報-一般空氣污染物,氮氧化物,,,2018,1.065
16450500,E,空氣污染物申報-一般空氣污染物,硫氧化物,,,2018,0.305
16450500,E,空氣污染物申報-一般空氣污染物,粒狀污染物,,,2018,0.16
16450500,E,空氣污染物申報-一般空氣污染物,揮發性有機化合物,,,2018,41.912000000000006
16549778,E,空氣污染物申報-一般空氣污染物,氮氧化物,,,2018,3.546
16549778,E,空氣污染物申報-一般空氣污染物,硫氧化物,,,2018,6.943
16549778,E,空氣污染物申報-一般空氣污染物,粒狀污染物,,,2018,1.4980000000000002
16549778,E,空氣污染物申報-一般空氣污染物,揮發性有機化合物,,,2018,46.503
16549778,E,空氣污染物申報-有害空氣污染物,甲苯,,,2018,0.116
16743865,E,空氣污染物申報-一般空氣污染物,揮發性有機化合物,,,2018,3.6319999999999992
22101208,E,空氣污染物申報-一般空氣污染物,揮發性有機化合物,,,2018,7.278
22164527,E,空氣污染物申報-一般空氣污染物,氮氧化物,,,2018,0.408
22164527,E,空氣污染物申報-一般空氣污染物,硫氧化物,,,2018,0.005
22164527,E,空氣污染物申報-一般空氣污染物,粒狀污染物,,,2018,0.14300000000000002
22164527,E,空氣污染物申報-一般空氣污染物,揮發性有機化合物,,,2018,6.846
22434156,E,空氣污染物申報-一般空氣污染物,氮氧化物,,,2018,5.171
22434156,E,空氣污染物申報-一般空氣污染物,硫氧化物,,,2018,2.307
22434156,E,空氣污染物申報-一般空氣污染物,粒狀污染物,,,2018,0.42400000000000004
22434156,E,空氣污染物申報-一般空氣污染物,揮發性有機化合物,,,2018,8.252000000000002
22434156,E,空氣污染物申報-有害空氣污染物,乙苯,,,2018,0.07699999999999999
22434156,E,空氣污染物申報-有害空氣污染物,二甲苯,,,2018,0.067
22480876,E,空氣污染物申報-一般空氣污染物,揮發性有機化合物,,,2018,72.82000000000001
23218873,E,空氣污染物申報-一般空氣污染物,揮發性有機化合物,,,2018,58.175999999999995
23218873,E,空氣污染物申報-有害空氣污染物,甲苯,,,2018,0.001
23504361,E,空氣污染物申報-一般空氣污染物,氮氧化物,,,2018,1.06
23504361,E,空氣污染物申報-一般空氣污染物,硫氧化物,,,2018,0.41900000000000004
23504361,E,空氣污染物申報-一般空氣污染物,粒狀污染物,,,2018,0.181
23504361,E,空氣污染物申報-一般空氣污染物,揮發性有機化合物,,,2018,2.653
23572557,E,空氣污染物申報-一般空氣污染物,揮發性有機化合物,,,2018,0.02
27340208,E,空氣污染物申報-一般空氣污染物,揮發性有機化合物,,,2018,0.784
27390847,E,空氣污染物申報-一般空氣污染物,揮發性有機化合物,,,2018,0.037
27390847,E,空氣污染物申報-有害空氣污染物,甲苯,,,2018,0.019
27763753,E,空氣污染物申報-一般空氣污染物,氮氧化物,,,2018,0.009
27763753,E,空氣污染物申報-一般空氣污染物,粒狀污染物,,,2018,0.028999999999999998
27763753,E,空氣污染物申報-一般空氣污染物,揮發性有機化合物,,,2018,57.19
27763753,E,空氣污染物申報-有害空氣污染物,二甲苯,,,2018,0.022000000000000002
27790294,E,空氣污染物申報-一般空氣污染物,氮氧化物,,,2018,20.719
27790294,E,空氣污染物申報-一般空氣污染物,硫氧化物,,,2018,13.371999999999998
27790294,E,空氣污染物申報-一般空氣污染物,粒狀污染物,,,2018,1.4700000000000002
27790294,E,空氣污染物申報-一般空氣污染物,揮發性有機化合物,,,2018,11.422999999999998
28230046,E,空氣污染物申報-一般空氣污染物,氮氧化物,,,2018,7.7379999999999995
28230046,E,空氣污染物申報-一般空氣污染物,粒狀污染物,,,2018,0.34199999999999997
28230046,E,空氣污染物申報-一般空氣污染物,揮發性有機化合物,,,2018,625.891
28230046,E,空氣污染物申報-有害空氣污染物,二氯甲烷,,,2018,607.56
28334226,E,空氣污染物申報-一般空氣污染物,粒狀污染物,,,2018,0.05
28334226,E,空氣污染物申報-一般空氣污染物,揮發性有機化合物,,,2018,8.625
28357108,E,空氣污染物申報-一般空氣污染物,氮氧化物,,,2018,1.9969999999999999
28357108,E,空氣污染物申報-一般空氣污染物,硫氧化物,,,2018,0.7250000000000001
28357108,E,空氣污染物申報-一般空氣污染物,粒狀污染物,,,2018,0.11500000000000002
28357108,E,空氣污染物申報-一般空氣污染物,揮發性有機化合物,,,2018,2.6029999999999998
28357108,E,空氣污染物申報-有害空氣污染物,三氯甲烷,,,2018,0.08700000000000001
28357108,E,空氣污染物申報-有害空氣污染物,苯乙烯,,,2018,0.009000000000000001
28357108,E,空氣污染物申報-有害空氣污染物,二氯甲烷,,,2018,0.026
28357108,E,空氣污染物申報-有害空氣污染物,甲苯,,,2018,0.015000000000000003
28621753,E,空氣污染物申報-一般空氣污染物,揮發性有機化合物,,,2018,0.027999999999999997
28675574,E,空氣污染物申報-一般空氣污染物,揮發性有機化合物,,,2018,2.184
28997300,E,空氣污染物申報-一般空氣污染物,揮發性有機化合物,,,2018,31.874000000000002
34348590,E,空氣污染物申報-一般空氣污染物,揮發性有機化合物,,,2018,0.096
34516147,E,空氣污染物申報-一般空氣污染物,氮氧化物,,,2018,2.154
34516147,E,空氣污染物申報-一般空氣污染物,硫氧化物,,,2018,0.8910000000000002
34516147,E,空氣污染物申報-一般空氣污染物,粒狀污染物,,,2018,0.17099999999999999
34516147,E,空氣污染物申報-一般空氣污染物,揮發性有機化合物,,,2018,66.445
34516147,E,空氣污染物申報-有害空氣污染物,甲苯,,,2018,0.20999999999999996
35866232,E,空氣污染物申報-一般空氣污染物,揮發性有機化合物,,,2018,3.752
42821900,E,空氣污染物申報-一般空氣污染物,粒狀污染物,,,2018,0.018
42821900,E,空氣污染物申報-一般空氣污染物,揮發性有機化合物,,,2018,126.39699999999998
47255947,E,空氣污染物申報-一般空氣污染物,氮氧化物,,,2018,8.097000000000001
47255947,E,空氣污染物申報-一般空氣污染物,硫氧化物,,,2018,2.777
47255947,E,空氣污染物申報-一般空氣污染物,粒狀污染物,,,2018,0.385
47255947,E,空氣污染物申報-一般空氣污染物,揮發性有機化合物,,,2018,20.439000000000004
47255947,E,空氣污染物申報-有害空氣污染物,乙苯,,,2018,0.044
47255947,E,空氣污染物申報-有害空氣污染物,甲苯,,,2018,0.031000000000000003
47255947,E,空氣污染物申報-有害空氣污染物,二甲苯,,,2018,0.26
55921894,E,空氣污染物申報-一般空氣污染物,揮發性有機化合物,,,2018,27.163000000000004
55921894,E,空氣污染物申報-有害空氣污染物,苯,,,2018,0.006
56654500,E,空氣污染物申報-一般空氣污染物,揮發性有機化合物,,,2018,70.84800000000001
56654500,E,空氣污染物申報-有害空氣污染物,甲苯,,,2018,13.364
70526133,E,空氣污染物申報-一般空氣污染物,氮氧化物,,,2018,0.51
70526133,E,空氣污染物申報-一般空氣污染物,粒狀污染物,,,2018,0.012
70634323,E,空氣污染物申報-一般空氣污染物,揮發性有機化合物,,,2018,9.608
70750217,E,空氣污染物申報-一般空氣污染物,氮氧化物,,,2018,1.5310000000000001
70750217,E,空氣污染物申報-一般空氣污染物,硫氧化物,,,2018,2.269
70750217,E,空氣污染物申報-一般空氣污染物,粒狀污染物,,,2018,0.07200000000000001
70750217,E,空氣污染物申報-一般空氣污染物,揮發性有機化合物,,,2018,88.104
70766576,E,空氣污染物申報-一般空氣污染物,揮發性有機化合物,,,2018,4.607
70766576,E,空氣污染物申報-有害空氣污染物,二氯甲烷,,,2018,0.9549999999999998
70766576,E,空氣污染物申報-有害空氣污染物,甲苯,,,2018,0.084
70848492,E,空氣污染物申報-一般空氣污染物,揮發性有機化合物,,,2018,18.847999999999995
70848492,E,空氣污染物申報-有害空氣污染物,甲苯,,,2018,2.538
70848492,E,空氣污染物申報-有害空氣污染物,二甲苯,,,2018,0.04999999999999999
70849491,E,空氣污染物申報-一般空氣污染物,氮氧化物,,,2018,0.038
70849491,E,空氣污染物申報-一般空氣污染物,揮發性有機化合物,,,2018,13.153
70849491,E,空氣污染物申報-有害空氣污染物,乙苯,,,2018,0.10200000000000001
70849491,E,空氣污染物申報-有害空氣污染物,二甲苯,,,2018,0.10200000000000001
84149738,E,空氣污染物申報-一般空氣污染物,氮氧化物,,,2018,129.39399999999998
84149738,E,空氣污染物申報-一般空氣污染物,硫氧化物,,,2018,77.56400000000002
84149738,E,空氣污染物申報-一般空氣污染物,粒狀污染物,,,2018,23.827
84149738,E,空氣污染物申報-一般空氣污染物,揮發性有機化合物,,,2018,757.5609999999999
84785413,E,空氣污染物申報-一般空氣污染物,揮發性有機化合物,,,2018,27.485
89261652,E,空氣污染物申報-一般空氣污染物,揮發性有機化合物,,,2018,19.719
89358419,E,空氣污染物申報-一般空氣污染物,揮發性有機化合物,,,2018,4.917
97049373,E,空氣污染物申報-一般空氣污染物,揮發性有機化合物,,,2018,3.088
97049373,E,空氣污染物申報-有害空氣污染物,二甲苯,,,2018,0.011
97178376,E,空氣污染物申報-一般空氣污染物,粒狀污染物,,,2018,0.002
97178376,E,空氣污染物申報-一般空氣污染物,揮發性有機化合物,,,2018,0.126
12205020,E,空氣污染物申報-一般空氣污染物,揮發性有機化合物,,,2019,775.3859999999996
12205020,E,空氣污染物申報-有害空氣污染物,二氯甲烷,,,2019,1.8089999999999995
12737912,E,空氣污染物申報-一般空氣污染物,揮發性有機化合物,,,2019,0.041
12800061,E,空氣污染物申報-一般空氣污染物,揮發性有機化合物,,,2019,1.1280000000000001
12800225,E,空氣污染物申報-一般空氣污染物,氮氧化物,,,2019,31.804000000000002
12800225,E,空氣污染物申報-一般空氣污染物,硫氧化物,,,2019,35.305
12800225,E,空氣污染物申報-一般空氣污染物,粒狀污染物,,,2019,11.187000000000001
12800225,E,空氣污染物申報-一般空氣污染物,揮發性有機化合物,,,2019,806.7019999999999
12800225,E,空氣污染物申報-有害空氣污染物,二氯甲烷,,,2019,0.003
12846708,E,空氣污染物申報-一般空氣污染物,揮發性有機化合物,,,2019,6.504
12846708,E,空氣污染物申報-有害空氣污染物,三氯甲烷,,,2019,0.088
12846708,E,空氣污染物申報-有害空氣污染物,二氯甲烷,,,2019,2.096
12846708,E,空氣污染物申報-有害空氣污染物,甲苯,,,2019,0.176
12907747,E,空氣污染物申報-一般空氣污染物,揮發性有機化合物,,,2019,0.36
12979925,E,空氣污染物申報-一般空氣污染物,揮發性有機化合物,,,2019,9.592
16432742,E,空氣污染物申報-一般空氣污染物,氮氧化物,,,2019,3.8810000000000002
16432742,E,空氣污染物申報-一般空氣污染物,硫氧化物,,,2019,1.252
16432742,E,空氣污染物申報-一般空氣污染物,粒狀污染物,,,2019,0.24900000000000003
16432742,E,空氣污染物申報-一般空氣污染物,揮發性有機化合物,,,2019,34.329
16439169,E,空氣污染物申報-一般空氣污染物,氮氧化物,,,2019,4.867000000000001
16439169,E,空氣污染物申報-一般空氣污染物,硫氧化物,,,2019,1.7990000000000002
16439169,E,空氣污染物申報-一般空氣污染物,粒狀污染物,,,2019,0.252
16439169,E,空氣污染物申報-一般空氣污染物,揮發性有機化合物,,,2019,25.032
16439169,E,空氣污染物申報-有害空氣污染物,苯,,,2019,0.001
16439169,E,空氣污染物申報-有害空氣污染物,四氯化碳,,,2019,0.001
16439169,E,空氣污染物申報-有害空氣污染物,三氯甲烷,,,2019,0.001
16439169,E,空氣污染物申報-有害空氣污染物,苯乙烯,,,2019,0.001
16439169,E,空氣污染物申報-有害空氣污染物,二氯甲烷,,,2019,0.001
16439169,E,空氣污染物申報-有害空氣污染物,甲苯,,,2019,0.187
16450500,E,空氣污染物申報-一般空氣污染物,氮氧化物,,,2019,2.727
16450500,E,空氣污染物申報-一般空氣污染物,硫氧化物,,,2019,0.313
16450500,E,空氣污染物申報-一般空氣污染物,粒狀污染物,,,2019,0.081
16450500,E,空氣污染物申報-一般空氣污染物,揮發性有機化合物,,,2019,37.084
16549778,E,空氣污染物申報-一般空氣污染物,氮氧化物,,,2019,15.572
16549778,E,空氣污染物申報-一般空氣污染物,硫氧化物,,,2019,14.480999999999998
16549778,E,空氣污染物申報-一般空氣污染物,粒狀污染物,,,2019,3.21
16549778,E,空氣污染物申報-一般空氣污染物,揮發性有機化合物,,,2019,78.37900000000002
16549778,E,空氣污染物申報-有害空氣污染物,甲苯,,,2019,0.149
16743865,E,空氣污染物申報-一般空氣污染物,揮發性有機化合物,,,2019,0.6910000000000001
22101208,E,空氣污染物申報-一般空氣污染物,揮發性有機化合物,,,2019,1.056
22164527,E,空氣污染物申報-一般空氣污染物,氮氧化物,,,2019,0.504
22164527,E,空氣污染物申報-一般空氣污染物,硫氧化物,,,2019,0.006
22164527,E,空氣污染物申報-一般空氣污染物,粒狀污染物,,,2019,0.175
22164527,E,空氣污染物申報-一般空氣污染物,揮發性有機化合物,,,2019,7.975
22434156,E,空氣污染物申報-一般空氣污染物,氮氧化物,,,2019,4.068
22434156,E,空氣污染物申報-一般空氣污染物,硫氧化物,,,2019,1.7919999999999998
22434156,E,空氣污染物申報-一般空氣污染物,粒狀污染物,,,2019,0.29400000000000004
22434156,E,空氣污染物申報-一般空氣污染物,揮發性有機化合物,,,2019,6.061
22434156,E,空氣污染物申報-有害空氣污染物,乙苯,,,2019,0.042
22434156,E,空氣污染物申報-有害空氣污染物,二甲苯,,,2019,0.037
22480876,E,空氣污染物申報-一般空氣污染物,揮發性有機化合物,,,2019,101.73300000000003
23218873,E,空氣污染物申報-一般空氣污染物,揮發性有機化合物,,,2019,24.169
23504361,E,空氣污染物申報-一般空氣污染物,氮氧化物,,,2019,1.065
23504361,E,空氣污染物申報-一般空氣污染物,硫氧化物,,,2019,0.518
23504361,E,空氣污染物申報-一般空氣污染物,粒狀污染物,,,2019,0.58
23504361,E,空氣污染物申報-一般空氣污染物,揮發性有機化合物,,,2019,21.731
23572557,E,空氣污染物申報-一般空氣污染物,揮發性有機化合物,,,2019,0.15300000000000002
27340208,E,空氣污染物申報-一般空氣污染物,揮發性有機化合物,,,2019,0.5539999999999999
27763753,E,空氣污染物申報-一般空氣污染物,氮氧化物,,,2019,59.733000000000004
27763753,E,空氣污染物申報-一般空氣污染物,粒狀污染物,,,2019,0.022000000000000002
27763753,E,空氣污染物申報-一般空氣污染物,揮發性有機化合物,,,2019,70.00499999999998
27763753,E,空氣污染物申報-有害空氣污染物,二甲苯,,,2019,0.034
27790294,E,空氣污染物申報-一般空氣污染物,氮氧化物,,,2019,23.599
27790294,E,空氣污染物申報-一般空氣污染物,硫氧化物,,,2019,15.836000000000002
27790294,E,空氣污染物申報-一般空氣污染物,粒狀污染物,,,2019,1.537
27790294,E,空氣污染物申報-一般空氣污染物,揮發性有機化合物,,,2019,10.89
28230046,E,空氣污染物申報-一般空氣污染物,氮氧化物,,,2019,8.309000000000001
28230046,E,空氣污染物申報-一般空氣污染物,粒狀污染物,,,2019,0.506
28230046,E,空氣污染物申報-一般空氣污染物,揮發性有機化合物,,,2019,446.038
28230046,E,空氣污染物申報-有害空氣污染物,二氯甲烷,,,2019,391.202
28334226,E,空氣污染物申報-一般空氣污染物,粒狀污染物,,,2019,0.263
28334226,E,空氣污染物申報-一般空氣污染物,揮發性有機化合物,,,2019,3.364
28334226,E,空氣污染物申報-有害空氣污染物,重金屬,,,2019,0.002
28357108,E,空氣污染物申報-一般空氣污染物,氮氧化物,,,2019,0.772
28357108,E,空氣污染物申報-一般空氣污染物,硫氧化物,,,2019,0.664
28357108,E,空氣污染物申報-一般空氣污染物,粒狀污染物,,,2019,0.064
28357108,E,空氣污染物申報-一般空氣污染物,揮發性有機化合物,,,2019,0.7020000000000001
28357108,E,空氣污染物申報-有害空氣污染物,苯,,,2019,0.002
28357108,E,空氣污染物申報-有害空氣污染物,三氯甲烷,,,2019,0.01
28357108,E,空氣污染物申報-有害空氣污染物,苯乙烯,,,2019,0.002
28357108,E,空氣污染物申報-有害空氣污染物,二氯甲烷,,,2019,0.008
28357108,E,空氣污染物申報-有害空氣污染物,甲苯,,,2019,0.004
28357108,E,空氣污染物申報-有害空氣污染物,三氯乙烯,,,2019,0.002
28621753,E,空氣污染物申報-一般空氣污染物,揮發性有機化合物,,,2019,0.02
28997300,E,空氣污染物申報-一般空氣污染物,粒狀污染物,,,2019,0.011000000000000003
28997300,E,空氣污染物申報-一般空氣污染物,揮發性有機化合物,,,2019,69.131
34348590,E,空氣污染物申報-一般空氣污染物,揮發性有機化合物,,,2019,0.42999999999999994
34516147,E,空氣污染物申報-一般空氣污染物,氮氧化物,,,2019,1.322
34516147,E,空氣污染物申報-一般空氣污染物,硫氧化物,,,2019,0.507
34516147,E,空氣污染物申報-一般空氣污染物,粒狀污染物,,,2019,0.20199999999999999
34516147,E,空氣污染物申報-一般空氣污染物,揮發性有機化合物,,,2019,40.249
34516147,E,空氣污染物申報-有害空氣污染物,甲苯,,,2019,0.031000000000000003
35866232,E,空氣污染物申報-一般空氣污染物,粒狀污染物,,,2019,0.768
35866232,E,空氣污染物申報-一般空氣污染物,揮發性有機化合物,,,2019,0.739
42821900,E,空氣污染物申報-一般空氣污染物,粒狀污染物,,,2019,0.074
42821900,E,空氣污染物申報-一般空氣污染物,揮發性有機化合物,,,2019,165.517
47255947,E,空氣污染物申報-一般空氣污染物,氮氧化物,,,2019,8.11
47255947,E,空氣污染物申報-一般空氣污染物,硫氧化物,,,2019,3.9130000000000003
47255947,E,空氣污染物申報-一般空氣污染物,粒狀污染物,,,2019,0.6359999999999999
47255947,E,空氣污染物申報-一般空氣污染物,揮發性有機化合物,,,2019,23.920999999999996
47255947,E,空氣污染物申報-有害空氣污染物,乙苯,,,2019,0.037
47255947,E,空氣污染物申報-有害空氣污染物,甲苯,,,2019,0.058
47255947,E,空氣污染物申報-有害空氣污染物,二甲苯,,,2019,0.49300000000000005
55921894,E,空氣污染物申報-一般空氣污染物,揮發性有機化合物,,,2019,26.185000000000002
55921894,E,空氣污染物申報-有害空氣污染物,苯,,,2019,0.002
56654500,E,空氣污染物申報-一般空氣污染物,揮發性有機化合物,,,2019,58.388
56654500,E,空氣污染物申報-有害空氣污染物,甲苯,,,2019,17.558999999999997
70526133,E,空氣污染物申報-一般空氣污染物,氮氧化物,,,2019,0.038
70526133,E,空氣污染物申報-一般空氣污染物,粒狀污染物,,,2019,0.001
70634323,E,空氣污染物申報-一般空氣污染物,揮發性有機化合物,,,2019,9.992
70750217,E,空氣污染物申報-一般空氣污染物,氮氧化物,,,2019,1.6869999999999998
70750217,E,空氣污染物申報-一般空氣污染物,硫氧化物,,,2019,1.669
70750217,E,空氣污染物申報-一般空氣污染物,粒狀污染物,,,2019,0.13
70750217,E,空氣污染物申報-一般空氣污染物,揮發性有機化合物,,,2019,174.132
70766576,E,空氣污染物申報-一般空氣污染物,揮發性有機化合物,,,2019,1.521
70766576,E,空氣污染物申報-有害空氣污染物,二氯甲烷,,,2019,0.28099999999999997
70766576,E,空氣污染物申報-有害空氣污染物,甲苯,,,2019,0.013000000000000001
70848492,E,空氣污染物申報-一般空氣污染物,揮發性有機化合物,,,2019,12.831999999999999
70848492,E,空氣污染物申報-有害空氣污染物,甲苯,,,2019,1.088
70848492,E,空氣污染物申報-有害空氣污染物,二甲苯,,,2019,0.018
70849491,E,空氣污染物申報-一般空氣污染物,氮氧化物,,,2019,0.006
70849491,E,空氣污染物申報-一般空氣污染物,揮發性有機化合物,,,2019,1.154
70849491,E,空氣污染物申報-有害空氣污染物,乙苯,,,2019,0.01
70849491,E,空氣污染物申報-有害空氣污染物,二甲苯,,,2019,0.01
84149738,E,空氣污染物申報-一般空氣污染物,氮氧化物,,,2019,98.48800000000003
84149738,E,空氣污染物申報-一般空氣污染物,硫氧化物,,,2019,52.949000000000005
84149738,E,空氣污染物申報-一般空氣污染物,粒狀污染物,,,2019,12.385000000000002
84149738,E,空氣污染物申報-一般空氣污染物,揮發性有機化合物,,,2019,487.009
84785413,E,空氣污染物申報-一般空氣污染物,揮發性有機化合物,,,2019,13.686
89261652,E,空氣污染物申報-一般空氣污染物,揮發性有機化合物,,,2019,21.198999999999998
89358419,E,空氣污染物申報-一般空氣污染物,揮發性有機化合物,,,2019,18.105
97049373,E,空氣污染物申報-一般空氣污染物,揮發性有機化合物,,,2019,2.9699999999999998
97049373,E,空氣污染物申報-有害空氣污染物,二甲苯,,,2019,0.005
97178376,E,空氣污染物申報-一般空氣污染物,揮發性有機化合物,,,2019,0.254
12205020,E,空氣污染物申報-一般空氣污染物,揮發性有機化合物,,,2020,142.859
12205020,E,空氣污染物申報-有害空氣污染物,二氯甲烷,,,2020,0.22599999999999998
12205020,E,空氣污染物申報-有害空氣污染物,甲苯,,,2020,0.014
12737912,E,空氣污染物申報-一般空氣污染物,揮發性有機化合物,,,2020,14.530999999999999
12800061,E,空氣污染物申報-一般空氣污染物,揮發性有機化合物,,,2020,0.73
12800225,E,空氣污染物申報-一般空氣污染物,氮氧化物,,,2020,42.482000000000006
12800225,E,空氣污染物申報-一般空氣污染物,硫氧化物,,,2020,61.49799999999999
12800225,E,空氣污染物申報-一般空氣污染物,粒狀污染物,,,2020,9.359
12800225,E,空氣污染物申報-一般空氣污染物,揮發性有機化合物,,,2020,867.8050000000005
12846708,E,空氣污染物申報-一般空氣污染物,揮發性有機化合物,,,2020,6.605
12846708,E,空氣污染物申報-有害空氣污染物,苯,,,2020,0.004
12846708,E,空氣污染物申報-有害空氣污染物,三氯甲烷,,,2020,0.111
12846708,E,空氣污染物申報-有害空氣污染物,二氯甲烷,,,2020,1.921
12846708,E,空氣污染物申報-有害空氣污染物,甲苯,,,2020,0.159
12846708,E,空氣污染物申報-有害空氣污染物,二甲苯,,,2020,0.005
12907747,E,空氣污染物申報-一般空氣污染物,揮發性有機化合物,,,2020,0.55
12979925,E,空氣污染物申報-一般空氣污染物,揮發性有機化合物,,,2020,1.382
16432742,E,空氣污染物申報-一般空氣污染物,氮氧化物,,,2020,17.771
16432742,E,空氣污染物申報-一般空氣污染物,硫氧化物,,,2020,6.231
16432742,E,空氣污染物申報-一般空氣污染物,粒狀污染物,,,2020,1.122
16432742,E,空氣污染物申報-一般空氣污染物,揮發性有機化合物,,,2020,28.061000000000003
16439169,E,空氣污染物申報-一般空氣污染物,氮氧化物,,,2020,1.577
16439169,E,空氣污染物申報-一般空氣污染物,硫氧化物,,,2020,0.861
16439169,E,空氣污染物申報-一般空氣污染物,粒狀污染物,,,2020,0.096
16439169,E,空氣污染物申報-一般空氣污染物,揮發性有機化合物,,,2020,2.278
16439169,E,空氣污染物申報-有害空氣污染物,甲苯,,,2020,0.027
16450500,E,空氣污染物申報-一般空氣污染物,氮氧化物,,,2020,10.217
16450500,E,空氣污染物申報-一般空氣污染物,硫氧化物,,,2020,1.254
16450500,E,空氣污染物申報-一般空氣污染物,粒狀污染物,,,2020,0.262
16450500,E,空氣污染物申報-一般空氣污染物,揮發性有機化合物,,,2020,109.78500000000001
16549778,E,空氣污染物申報-一般空氣污染物,氮氧化物,,,2020,7.573999999999999
16549778,E,空氣污染物申報-一般空氣污染物,硫氧化物,,,2020,6.021999999999999
16549778,E,空氣污染物申報-一般空氣污染物,粒狀污染物,,,2020,1.398
16549778,E,空氣污染物申報-一般空氣污染物,揮發性有機化合物,,,2020,33.786
16549778,E,空氣污染物申報-有害空氣污染物,三氯甲烷,,,2020,0.01
16549778,E,空氣污染物申報-有害空氣污染物,甲苯,,,2020,0.087
16743865,E,空氣污染物申報-一般空氣污染物,揮發性有機化合物,,,2020,1.265
22101208,E,空氣污染物申報-一般空氣污染物,揮發性有機化合物,,,2020,1.7469999999999999
22164527,E,空氣污染物申報-一般空氣污染物,氮氧化物,,,2020,0.134
22164527,E,空氣污染物申報-一般空氣污染物,粒狀污染物,,,2020,0.047
22164527,E,空氣污染物申報-一般空氣污染物,揮發性有機化合物,,,2020,4.15
22434156,E,空氣污染物申報-一般空氣污染物,氮氧化物,,,2020,3.808
22434156,E,空氣污染物申報-一般空氣污染物,硫氧化物,,,2020,1.6769999999999998
22434156,E,空氣污染物申報-一般空氣污染物,粒狀污染物,,,2020,0.313
22434156,E,空氣污染物申報-一般空氣污染物,揮發性有機化合物,,,2020,3.59
22434156,E,空氣污染物申報-有害空氣污染物,乙苯,,,2020,0.056
22434156,E,空氣污染物申報-有害空氣污染物,二甲苯,,,2020,0.049
22480876,E,空氣污染物申報-一般空氣污染物,揮發性有機化合物,,,2020,79.69899999999997
23218873,E,空氣污染物申報-一般空氣污染物,揮發性有機化合物,,,2020,9.769000000000004
23504361,E,空氣污染物申報-一般空氣污染物,氮氧化物,,,2020,1.28
23504361,E,空氣污染物申報-一般空氣污染物,硫氧化物,,,2020,0.786
23504361,E,空氣污染物申報-一般空氣污染物,粒狀污染物,,,2020,0.42200000000000004
23504361,E,空氣污染物申報-一般空氣污染物,揮發性有機化合物,,,2020,13.626999999999999
23572557,E,空氣污染物申報-一般空氣污染物,揮發性有機化合物,,,2020,0.257
23722471,E,空氣污染物申報-一般空氣污染物,揮發性有機化合物,,,2020,2.163
27340208,E,空氣污染物申報-一般空氣污染物,揮發性有機化合物,,,2020,0.184
27390847,E,空氣污染物申報-一般空氣污染物,粒狀污染物,,,2020,0.003
27390847,E,空氣污染物申報-一般空氣污染物,揮發性有機化合物,,,2020,0.036000000000000004
27390847,E,空氣污染物申報-有害空氣污染物,甲苯,,,2020,0.02
27763753,E,空氣污染物申報-一般空氣污染物,氮氧化物,,,2020,28.864
27763753,E,空氣污染物申報-一般空氣污染物,揮發性有機化合物,,,2020,29.157999999999998
27763753,E,空氣污染物申報-有害空氣污染物,二甲苯,,,2020,0.04
27790294,E,空氣污染物申報-一般空氣污染物,氮氧化物,,,2020,27.729000000000003
27790294,E,空氣污染物申報-一般空氣污染物,硫氧化物,,,2020,17.290999999999997
27790294,E,空氣污染物申報-一般空氣污染物,粒狀污染物,,,2020,1.74
27790294,E,空氣污染物申報-一般空氣污染物,揮發性有機化合物,,,2020,10.384
28230046,E,空氣污染物申報-一般空氣污染物,氮氧化物,,,2020,7.231999999999999
28230046,E,空氣污染物申報-一般空氣污染物,粒狀污染物,,,2020,0.472
28230046,E,空氣污染物申報-一般空氣污染物,揮發性有機化合物,,,2020,318.363
28230046,E,空氣污染物申報-有害空氣污染物,二氯甲烷,,,2020,263.995
28334226,E,空氣污染物申報-一般空氣污染物,粒狀污染物,,,2020,0.762
28334226,E,空氣污染物申報-一般空氣污染物,揮發性有機化合物,,,2020,9.799
28334226,E,空氣污染物申報-有害空氣污染物,重金屬,,,2020,0.005
28357108,E,空氣污染物申報-一般空氣污染物,氮氧化物,,,2020,1.5510000000000002
28357108,E,空氣污染物申報-一般空氣污染物,硫氧化物,,,2020,1.2260000000000002
28357108,E,空氣污染物申報-一般空氣污染物,粒狀污染物,,,2020,0.13
28357108,E,空氣污染物申報-一般空氣污染物,揮發性有機化合物,,,2020,2.266
28357108,E,空氣污染物申報-有害空氣污染物,苯,,,2020,0.006
28357108,E,空氣污染物申報-有害空氣污染物,三氯甲烷,,,2020,0.07100000000000001
28357108,E,空氣污染物申報-有害空氣污染物,苯乙烯,,,2020,0.006
28357108,E,空氣污染物申報-有害空氣污染物,乙苯,,,2020,0.002
28357108,E,空氣污染物申報-有害空氣污染物,二氯甲烷,,,2020,0.032
28357108,E,空氣污染物申報-有害空氣污染物,甲苯,,,2020,0.019
28357108,E,空氣污染物申報-有害空氣污染物,三氯乙烯,,,2020,0.006
28621753,E,空氣污染物申報-一般空氣污染物,揮發性有機化合物,,,2020,0.04
28997300,E,空氣污染物申報-一般空氣污染物,氮氧化物,,,2020,0.017
28997300,E,空氣污染物申報-一般空氣污染物,粒狀污染物,,,2020,0.006
28997300,E,空氣污染物申報-一般空氣污染物,揮發性有機化合物,,,2020,38.015
34348590,E,空氣污染物申報-一般空氣污染物,揮發性有機化合物,,,2020,0.15
34516147,E,空氣污染物申報-一般空氣污染物,氮氧化物,,,2020,2.085
34516147,E,空氣污染物申報-一般空氣污染物,硫氧化物,,,2020,0.8780000000000001
34516147,E,空氣污染物申報-一般空氣污染物,粒狀污染物,,,2020,0.21599999999999997
34516147,E,空氣污染物申報-一般空氣污染物,揮發性有機化合物,,,2020,28.191999999999997
34516147,E,空氣污染物申報-有害空氣污染物,甲苯,,,2020,0.017
35866232,E,空氣污染物申報-一般空氣污染物,氮氧化物,,,2020,0.014
35866232,E,空氣污染物申報-一般空氣污染物,粒狀污染物,,,2020,0.024
35866232,E,空氣污染物申報-一般空氣污染物,揮發性有機化合物,,,2020,4.907
42821900,E,空氣污染物申報-一般空氣污染物,粒狀污染物,,,2020,0.093
42821900,E,空氣污染物申報-一般空氣污染物,揮發性有機化合物,,,2020,204.81699999999998
47255947,E,空氣污染物申報-一般空氣污染物,氮氧化物,,,2020,4.267
47255947,E,空氣污染物申報-一般空氣污染物,硫氧化物,,,2020,1.056
47255947,E,空氣污染物申報-一般空氣污染物,粒狀污染物,,,2020,0.336
47255947,E,空氣污染物申報-一般空氣污染物,揮發性有機化合物,,,2020,11.678
47255947,E,空氣污染物申報-有害空氣污染物,乙苯,,,2020,0.032
47255947,E,空氣污染物申報-有害空氣污染物,甲苯,,,2020,0.138
47255947,E,空氣污染物申報-有害空氣污染物,二甲苯,,,2020,0.21
47255947,E,空氣污染物申報-有害空氣污染物,重金屬,,,2020,0.004
55921894,E,空氣污染物申報-一般空氣污染物,揮發性有機化合物,,,2020,59.891000000000005
55921894,E,空氣污染物申報-有害空氣污染物,苯,,,2020,0.004
56654500,E,空氣污染物申報-一般空氣污染物,揮發性有機化合物,,,2020,64.765
56654500,E,空氣污染物申報-有害空氣污染物,甲苯,,,2020,12.773
70526133,E,空氣污染物申報-一般空氣污染物,氮氧化物,,,2020,1.334
70526133,E,空氣污染物申報-一般空氣污染物,粒狀污染物,,,2020,0.043
70634323,E,空氣污染物申報-一般空氣污染物,揮發性有機化合物,,,2020,5.648000000000001
70750217,E,空氣污染物申報-一般空氣污染物,氮氧化物,,,2020,1.5479999999999998
70750217,E,空氣污染物申報-一般空氣污染物,硫氧化物,,,2020,0.51
70750217,E,空氣污染物申報-一般空氣污染物,粒狀污染物,,,2020,0.11499999999999999
70750217,E,空氣污染物申報-一般空氣污染物,揮發性有機化合物,,,2020,149.365
70766576,E,空氣污染物申報-一般空氣污染物,揮發性有機化合物,,,2020,1.012
70766576,E,空氣污染物申報-有害空氣污染物,二氯甲烷,,,2020,0.212
70766576,E,空氣污染物申報-有害空氣污染物,甲苯,,,2020,0.009000000000000001
70848492,E,空氣污染物申報-一般空氣污染物,揮發性有機化合物,,,2020,21.604999999999997
70849491,E,空氣污染物申報-一般空氣污染物,氮氧化物,,,2020,0.006
70849491,E,空氣污染物申報-一般空氣污染物,揮發性有機化合物,,,2020,1.73
70849491,E,空氣污染物申報-有害空氣污染物,乙苯,,,2020,0.024
70849491,E,空氣污染物申報-有害空氣污染物,二甲苯,,,2020,0.024
84149738,E,空氣污染物申報-一般空氣污染物,氮氧化物,,,2020,66.521
84149738,E,空氣污染物申報-一般空氣污染物,硫氧化物,,,2020,32.25000000000001
84149738,E,空氣污染物申報-一般空氣污染物,粒狀污染物,,,2020,8.696
84149738,E,空氣污染物申報-一般空氣污染物,揮發性有機化合物,,,2020,352.42
84785413,E,空氣污染物申報-一般空氣污染物,揮發性有機化合物,,,2020,11.221
89261652,E,空氣污染物申報-一般空氣污染物,揮發性有機化合物,,,2020,8.193
89358419,E,空氣污染物申報-一般空氣污染物,揮發性有機化合物,,,2020,8.012999999999998
97049373,E,空氣污染物申報-一般空氣污染物,揮發性有機化合物,,,2020,2.990999999999999
97049373,E,空氣污染物申報-有害空氣污染物,二甲苯,,,2020,0.297
97178376,E,空氣污染物申報-一般空氣污染物,揮發性有機化合物,,,2020,0.9540000000000001
12205020,E,空氣污染物申報-一般空氣污染物,揮發性有機化合物,,,2021,184.16400000000002
12205020,E,空氣污染物申報-有害空氣污染物,二氯甲烷,,,2021,0.25
12737912,E,空氣污染物申報-一般空氣污染物,揮發性有機化合物,,,2021,3.1269999999999993
12800061,E,空氣污染物申報-一般空氣污染物,氮氧化物,,,2021,0.006
12800061,E,空氣污染物申報-一般空氣污染物,揮發性有機化合物,,,2021,9.312
12800225,E,空氣污染物申報-一般空氣污染物,氮氧化物,,,2021,17.015
12800225,E,空氣污染物申報-一般空氣污染物,硫氧化物,,,2021,28.700000000000003
12800225,E,空氣污染物申報-一般空氣污染物,粒狀污染物,,,2021,3.0869999999999997
12800225,E,空氣污染物申報-一般空氣污染物,揮發性有機化合物,,,2021,370.9389999999999
12800225,E,空氣污染物申報-有害空氣污染物,甲苯,,,2021,0.023
12800225,E,空氣污染物申報-有害空氣污染物,二甲苯,,,2021,0.14700000000000002
12846708,E,空氣污染物申報-一般空氣污染物,揮發性有機化合物,,,2021,3.4619999999999997
12846708,E,空氣污染物申報-有害空氣污染物,三氯甲烷,,,2021,0.07400000000000001
12846708,E,空氣污染物申報-有害空氣污染物,二氯甲烷,,,2021,1.17
12846708,E,空氣污染物申報-有害空氣污染物,甲苯,,,2021,0.076
12846708,E,空氣污染物申報-有害空氣污染物,二甲苯,,,2021,0.002
12979925,E,空氣污染物申報-一般空氣污染物,揮發性有機化合物,,,2021,4.065
16432742,E,空氣污染物申報-一般空氣污染物,氮氧化物,,,2021,23.492
16432742,E,空氣污染物申報-一般空氣污染物,硫氧化物,,,2021,7.981999999999999
16432742,E,空氣污染物申報-一般空氣污染物,粒狀污染物,,,2021,1.4100000000000001
16432742,E,空氣污染物申報-一般空氣污染物,揮發性有機化合物,,,2021,55.62700000000001
16439169,E,空氣污染物申報-一般空氣污染物,氮氧化物,,,2021,10.594999999999999
16439169,E,空氣污染物申報-一般空氣污染物,硫氧化物,,,2021,4.305
16439169,E,空氣污染物申報-一般空氣污染物,粒狀污染物,,,2021,0.12200000000000001
16439169,E,空氣污染物申報-一般空氣污染物,揮發性有機化合物,,,2021,17.228999999999996
16439169,E,空氣污染物申報-有害空氣污染物,甲苯,,,2021,0.01
16450500,E,空氣污染物申報-一般空氣污染物,氮氧化物,,,2021,18.362999999999996
16450500,E,空氣污染物申報-一般空氣污染物,硫氧化物,,,2021,2.446
16450500,E,空氣污染物申報-一般空氣污染物,粒狀污染物,,,2021,0.487
16450500,E,空氣污染物申報-一般空氣污染物,揮發性有機化合物,,,2021,180.39299999999997
16549778,E,空氣污染物申報-一般空氣污染物,氮氧化物,,,2021,13.980999999999998
16549778,E,空氣污染物申報-一般空氣污染物,硫氧化物,,,2021,15.906000000000002
16549778,E,空氣污染物申報-一般空氣污染物,粒狀污染物,,,2021,1.7220000000000004
16549778,E,空氣污染物申報-一般空氣污染物,揮發性有機化合物,,,2021,36.304
16549778,E,空氣污染物申報-有害空氣污染物,二氯甲烷,,,2021,0.007
16549778,E,空氣污染物申報-有害空氣污染物,甲苯,,,2021,0.149
16743865,E,空氣污染物申報-一般空氣污染物,揮發性有機化合物,,,2021,0.695
22101208,E,空氣污染物申報-一般空氣污染物,揮發性有機化合物,,,2021,1.214
22101208,E,空氣污染物申報-有害空氣污染物,二甲苯,,,2021,0.012
22164527,E,空氣污染物申報-一般空氣污染物,氮氧化物,,,2021,0.1
22164527,E,空氣污染物申報-一般空氣污染物,粒狀污染物,,,2021,0.038000000000000006
22164527,E,空氣污染物申報-一般空氣污染物,揮發性有機化合物,,,2021,2.02
22434156,E,空氣污染物申報-一般空氣污染物,氮氧化物,,,2021,2.165
22434156,E,空氣污染物申報-一般空氣污染物,硫氧化物,,,2021,0.979
22434156,E,空氣污染物申報-一般空氣污染物,粒狀污染物,,,2021,0.179
22434156,E,空氣污染物申報-一般空氣污染物,揮發性有機化合物,,,2021,1.754
22434156,E,空氣污染物申報-有害空氣污染物,乙苯,,,2021,0.014
22434156,E,空氣污染物申報-有害空氣污染物,二甲苯,,,2021,0.012
22480876,E,空氣污染物申報-一般空氣污染物,揮發性有機化合物,,,2021,40.946
23218873,E,空氣污染物申報-一般空氣污染物,揮發性有機化合物,,,2021,14.004
23218873,E,空氣污染物申報-有害空氣污染物,甲苯,,,2021,0.009000000000000001
23504361,E,空氣污染物申報-一般空氣污染物,氮氧化物,,,2021,1.1340000000000001
23504361,E,空氣污染物申報-一般空氣污染物,硫氧化物,,,2021,0.43099999999999994
23504361,E,空氣污染物申報-一般空氣污染物,粒狀污染物,,,2021,0.44399999999999995
23504361,E,空氣污染物申報-一般空氣污染物,揮發性有機化合物,,,2021,4.986
23572557,E,空氣污染物申報-一般空氣污染物,揮發性有機化合物,,,2021,0.125
23722471,E,空氣污染物申報-一般空氣污染物,揮發性有機化合物,,,2021,1.1219999999999999
27340208,E,空氣污染物申報-一般空氣污染物,揮發性有機化合物,,,2021,0.1
27390847,E,空氣污染物申報-一般空氣污染物,粒狀污染物,,,2021,0.002
27390847,E,空氣污染物申報-一般空氣污染物,揮發性有機化合物,,,2021,0.025
27390847,E,空氣污染物申報-有害空氣污染物,甲苯,,,2021,0.012
27763753,E,空氣污染物申報-一般空氣污染物,氮氧化物,,,2021,1.112
27763753,E,空氣污染物申報-一般空氣污染物,揮發性有機化合物,,,2021,29.281999999999996
27763753,E,空氣污染物申報-有害空氣污染物,二甲苯,,,2021,0.026
27790294,E,空氣污染物申報-一般空氣污染物,氮氧化物,,,2021,5.694
27790294,E,空氣污染物申報-一般空氣污染物,硫氧化物,,,2021,5.1
27790294,E,空氣污染物申報-一般空氣污染物,粒狀污染物,,,2021,0.518
27790294,E,空氣污染物申報-一般空氣污染物,揮發性有機化合物,,,2021,2.634
28230046,E,空氣污染物申報-一般空氣污染物,氮氧化物,,,2021,3.694
28230046,E,空氣污染物申報-一般空氣污染物,粒狀污染物,,,2021,0.278
28230046,E,空氣污染物申報-一般空氣污染物,揮發性有機化合物,,,2021,285.287
28230046,E,空氣污染物申報-有害空氣污染物,二氯甲烷,,,2021,252.02700000000002
28334226,E,空氣污染物申報-一般空氣污染物,氮氧化物,,,2021,0.461
28334226,E,空氣污染物申報-一般空氣污染物,硫氧化物,,,2021,0.066
28334226,E,空氣污染物申報-一般空氣污染物,粒狀污染物,,,2021,0.526
28334226,E,空氣污染物申報-一般空氣污染物,揮發性有機化合物,,,2021,7.529
28334226,E,空氣污染物申報-有害空氣污染物,重金屬,,,2021,0.003
28357108,E,空氣污染物申報-一般空氣污染物,氮氧化物,,,2021,1.229
28357108,E,空氣污染物申報-一般空氣污染物,硫氧化物,,,2021,0.637
28357108,E,空氣污染物申報-一般空氣污染物,粒狀污染物,,,2021,0.10300000000000001
28357108,E,空氣污染物申報-一般空氣污染物,揮發性有機化合物,,,2021,0.5640000000000001
28357108,E,空氣污染物申報-有害空氣污染物,苯,,,2021,0.001
28357108,E,空氣污染物申報-有害空氣污染物,三氯甲烷,,,2021,0.005
28357108,E,空氣污染物申報-有害空氣污染物,苯乙烯,,,2021,0.002
28357108,E,空氣污染物申報-有害空氣污染物,二氯甲烷,,,2021,0.005
28357108,E,空氣污染物申報-有害空氣污染物,甲苯,,,2021,0.003
28357108,E,空氣污染物申報-有害空氣污染物,三氯乙烯,,,2021,0.001
28621753,E,空氣污染物申報-一般空氣污染物,揮發性有機化合物,,,2021,0.118
28997300,E,空氣污染物申報-一般空氣污染物,氮氧化物,,,2021,1.0110000000000001
28997300,E,空氣污染物申報-一般空氣污染物,粒狀污染物,,,2021,0.09400000000000001
28997300,E,空氣污染物申報-一般空氣污染物,揮發性有機化合物,,,2021,60.708999999999996
34348590,E,空氣污染物申報-一般空氣污染物,揮發性有機化合物,,,2021,0.096
34516147,E,空氣污染物申報-一般空氣污染物,氮氧化物,,,2021,0.572
34516147,E,空氣污染物申報-一般空氣污染物,硫氧化物,,,2021,0.22899999999999998
34516147,E,空氣污染物申報-一般空氣污染物,粒狀污染物,,,2021,0.074
34516147,E,空氣污染物申報-一般空氣污染物,揮發性有機化合物,,,2021,15.26
34516147,E,空氣污染物申報-有害空氣污染物,甲苯,,,2021,0.012
35866232,E,空氣污染物申報-一般空氣污染物,粒狀污染物,,,2021,0.027
35866232,E,空氣污染物申報-一般空氣污染物,揮發性有機化合物,,,2021,5.6080000000000005
42821900,E,空氣污染物申報-一般空氣污染物,粒狀污染物,,,2021,0.06799999999999999
42821900,E,空氣污染物申報-一般空氣污染物,揮發性有機化合物,,,2021,149.45
47255947,E,空氣污染物申報-一般空氣污染物,氮氧化物,,,2021,3.671
47255947,E,空氣污染物申報-一般空氣污染物,硫氧化物,,,2021,1.117
47255947,E,空氣污染物申報-一般空氣污染物,粒狀污染物,,,2021,1.262
47255947,E,空氣污染物申報-一般空氣污染物,揮發性有機化合物,,,2021,11.049
47255947,E,空氣污染物申報-有害空氣污染物,乙苯,,,2021,0.016
47255947,E,空氣污染物申報-有害空氣污染物,甲苯,,,2021,0.086
47255947,E,空氣污染物申報-有害空氣污染物,二甲苯,,,2021,0.18900000000000006
47255947,E,空氣污染物申報-有害空氣污染物,重金屬,,,2021,0.003
55921894,E,空氣污染物申報-一般空氣污染物,揮發性有機化合物,,,2021,21.732
56654500,E,空氣污染物申報-一般空氣污染物,揮發性有機化合物,,,2021,38.08500000000001
56654500,E,空氣污染物申報-有害空氣污染物,甲苯,,,2021,5.3469999999999995
70526133,E,空氣污染物申報-一般空氣污染物,氮氧化物,,,2021,0.33599999999999997
70526133,E,空氣污染物申報-一般空氣污染物,粒狀污染物,,,2021,0.011
70634323,E,空氣污染物申報-一般空氣污染物,氮氧化物,,,2021,0.07200000000000001
70634323,E,空氣污染物申報-一般空氣污染物,粒狀污染物,,,2021,0.009000000000000001
70634323,E,空氣污染物申報-一般空氣污染物,揮發性有機化合物,,,2021,8.109
70750217,E,空氣污染物申報-一般空氣污染物,氮氧化物,,,2021,0.769
70750217,E,空氣污染物申報-一般空氣污染物,硫氧化物,,,2021,0.29000000000000004
70750217,E,空氣污染物申報-一般空氣污染物,粒狀污染物,,,2021,0.053
70750217,E,空氣污染物申報-一般空氣污染物,揮發性有機化合物,,,2021,76.503
70766576,E,空氣污染物申報-一般空氣污染物,揮發性有機化合物,,,2021,1.917
70766576,E,空氣污染物申報-有害空氣污染物,二氯甲烷,,,2021,0.42799999999999994
70766576,E,空氣污染物申報-有害空氣污染物,甲苯,,,2021,0.063
70848492,E,空氣污染物申報-一般空氣污染物,揮發性有機化合物,,,2021,6.065
70849491,E,空氣污染物申報-一般空氣污染物,氮氧化物,,,2021,0.034999999999999996
70849491,E,空氣污染物申報-一般空氣污染物,揮發性有機化合物,,,2021,8.885
70849491,E,空氣污染物申報-有害空氣污染物,乙苯,,,2021,0.16299999999999998
70849491,E,空氣污染物申報-有害空氣污染物,二甲苯,,,2021,0.16299999999999998
84149738,E,空氣污染物申報-一般空氣污染物,氮氧化物,,,2021,88.116
84149738,E,空氣污染物申報-一般空氣污染物,硫氧化物,,,2021,48.119
84149738,E,空氣污染物申報-一般空氣污染物,粒狀污染物,,,2021,11.002000000000002
84149738,E,空氣污染物申報-一般空氣污染物,揮發性有機化合物,,,2021,608.0810000000001
84785413,E,空氣污染物申報-一般空氣污染物,揮發性有機化合物,,,2021,14.959
89261652,E,空氣污染物申報-一般空氣污染物,揮發性有機化合物,,,2021,6.367
89358419,E,空氣污染物申報-一般空氣污染物,揮發性有機化合物,,,2021,8.100999999999999
97049373,E,空氣污染物申報-一般空氣污染物,揮發性有機化合物,,,2021,1.147
97049373,E,空氣污染物申報-有害空氣污染物,二甲苯,,,2021,0.169
97178376,E,空氣污染物申報-一般空氣污染物,揮發性有機化合物,,,2021,1.187
12205020,E,環境違規,違反環境法規金額,,元,2010,320000
12205020,E,環境違規,違反環境法規次數,,次,2010,4
12206203,E,環境違規,違反環境法規金額,,元,2010,24000
12206203,E,環境違規,違反環境法規次數,,次,2010,3
12800225,E,環境違規,違反環境法規金額,,元,2010,100000
12800225,E,環境違規,違反環境法規次數,,次,2010,1
16432742,E,環境違規,違反環境法規金額,,元,2010,70000
16432742,E,環境違規,違反環境法規次數,,次,2010,1
16439169,E,環境違規,違反環境法規金額,,元,2010,792000
16439169,E,環境違規,違反環境法規次數,,次,2010,9
22434156,E,環境違規,違反環境法規金額,,元,2010,180000
22434156,E,環境違規,違反環境法規次數,,次,2010,3
23504361,E,環境違規,違反環境法規金額,,元,2010,10000
23504361,E,環境違規,違反環境法規次數,,次,2010,1
27763753,E,環境違規,違反環境法規金額,,元,2010,6000
27763753,E,環境違規,違反環境法規次數,,次,2010,1
28230046,E,環境違規,違反環境法規金額,,元,2010,100000
28230046,E,環境違規,違反環境法規次數,,次,2010,1
28334226,E,環境違規,違反環境法規金額,,元,2010,6000
28334226,E,環境違規,違反環境法規次數,,次,2010,1
35866232,E,環境違規,違反環境法規金額,,元,2010,1200
35866232,E,環境違規,違反環境法規次數,,次,2010,1
47255947,E,環境違規,違反環境法規金額,,元,2010,100000
47255947,E,環境違規,違反環境法規次數,,次,2010,1
70720798,E,環境違規,違反環境法規金額,,元,2010,260000
70720798,E,環境違規,違反環境法規次數,,次,2010,1
70849491,E,環境違規,違反環境法規金額,,元,2010,60000
70849491,E,環境違規,違反環境法規次數,,次,2010,1
80260061,E,環境違規,違反環境法規金額,,元,2010,1200
80260061,E,環境違規,違反環境法規次數,,次,2010,1
84149738,E,環境違規,違反環境法規金額,,元,2010,140000
84149738,E,環境違規,違反環境法規次數,,次,2010,1
89358419,E,環境違規,違反環境法規金額,,元,2010,90000
89358419,E,環境違規,違反環境法規次數,,次,2010,1
97307625,E,環境違規,違反環境法規金額,,元,2010,100000
97307625,E,環境違規,違反環境法規次數,,次,2010,1
12205020,E,環境違規,違反環境法規金額,,元,2011,200000
12205020,E,環境違規,違反環境法規次數,,次,2011,2
12206203,E,環境違規,違反環境法規金額,,元,2011,100000
12206203,E,環境違規,違反環境法規次數,,次,2011,1
16743865,E,環境違規,違反環境法規金額,,元,2011,72000
16743865,E,環境違規,違反環境法規次數,,次,2011,3
22434156,E,環境違規,違反環境法規金額,,元,2011,140000
22434156,E,環境違規,違反環境法規次數,,次,2011,1
23218873,E,環境違規,違反環境法規金額,,元,2011,260000
23218873,E,環境違規,違反環境法規次數,,次,2011,3
27763753,E,環境違規,違反環境法規金額,,元,2011,60000
27763753,E,環境違規,違反環境法規次數,,次,2011,1
28230046,E,環境違規,違反環境法規金額,,元,2011,100000
28230046,E,環境違規,違反環境法規次數,,次,2011,1
28675574,E,環境違規,違反環境法規金額,,元,2011,6000
28675574,E,環境違規,違反環境法規次數,,次,2011,1
55921894,E,環境違規,違反環境法規金額,,元,2011,270000
55921894,E,環境違規,違反環境法規次數,,次,2011,5
56654500,E,環境違規,違反環境法規金額,,元,2011,60000
56654500,E,環境違規,違反環境法規次數,,次,2011,1
56690647,E,環境違規,違反環境法規金額,,元,2011,100000
56690647,E,環境違規,違反環境法規次數,,次,2011,1
70720798,E,環境違規,違反環境法規金額,,元,2011,80000
70720798,E,環境違規,違反環境法規次數,,次,2011,1
70750217,E,環境違規,違反環境法規金額,,元,2011,300000
70750217,E,環境違規,違反環境法規次數,,次,2011,3
70848492,E,環境違規,違反環境法規金額,,元,2011,430000
70848492,E,環境違規,違反環境法規次數,,次,2011,7
80260061,E,環境違規,違反環境法規金額,,元,2011,166000
80260061,E,環境違規,違反環境法規次數,,次,2011,3
84149738,E,環境違規,違反環境法規金額,,元,2011,210000
84149738,E,環境違規,違反環境法規次數,,次,2011,3
89358419,E,環境違規,違反環境法規金額,,元,2011,60000
89358419,E,環境違規,違反環境法規次數,,次,2011,1
97178376,E,環境違規,違反環境法規金額,,元,2011,18000
97178376,E,環境違規,違反環境法規次數,,次,2011,3
12205020,E,環境違規,違反環境法規金額,,元,2012,300000
12205020,E,環境違規,違反環境法規次數,,次,2012,3
16549778,E,環境違規,違反環境法規金額,,元,2012,60000
16549778,E,環境違規,違反環境法規次數,,次,2012,1
16743865,E,環境違規,違反環境法規金額,,元,2012,60000
16743865,E,環境違規,違反環境法規次數,,次,2012,1
22434156,E,環境違規,違反環境法規金額,,元,2012,206000
22434156,E,環境違規,違反環境法規次數,,次,2012,2
23504361,E,環境違規,違反環境法規金額,,元,2012,300000
23504361,E,環境違規,違反環境法規次數,,次,2012,3
27340208,E,環境違規,違反環境法規金額,,元,2012,6000
27340208,E,環境違規,違反環境法規次數,,次,2012,1
27763753,E,環境違規,違反環境法規金額,,元,2012,3417936
27763753,E,環境違規,違反環境法規次數,,次,2012,1
27877550,E,環境違規,違反環境法規金額,,元,2012,6000
27877550,E,環境違規,違反環境法規次數,,次,2012,1
34516147,E,環境違規,違反環境法規金額,,元,2012,6000
34516147,E,環境違規,違反環境法規次數,,次,2012,1
55921894,E,環境違規,違反環境法規金額,,元,2012,60000
55921894,E,環境違規,違反環境法規次數,,次,2012,1
56654500,E,環境違規,違反環境法規金額,,元,2012,263000
56654500,E,環境違規,違反環境法規次數,,次,2012,3
70766576,E,環境違規,違反環境法規金額,,元,2012,60000
70766576,E,環境違規,違反環境法規次數,,次,2012,1
70848492,E,環境違規,違反環境法規金額,,元,2012,100000
70848492,E,環境違規,違反環境法規次數,,次,2012,2
80260061,E,環境違規,違反環境法規金額,,元,2012,100000
80260061,E,環境違規,違反環境法規次數,,次,2012,1
84149738,E,環境違規,違反環境法規金額,,元,2012,116000
84149738,E,環境違規,違反環境法規次數,,次,2012,3
89358419,E,環境違規,違反環境法規金額,,元,2012,120000
89358419,E,環境違規,違反環境法規次數,,次,2012,2
97049373,E,環境違規,違反環境法規金額,,元,2012,130000
97049373,E,環境違規,違反環境法規次數,,次,2012,1
97178376,E,環境違規,違反環境法規金額,,元,2012,30000
97178376,E,環境違規,違反環境法規次數,,次,2012,3
12205020,E,環境違規,違反環境法規金額,,元,2013,606000
12205020,E,環境違規,違反環境法規次數,,次,2013,5
12737912,E,環境違規,違反環境法規金額,,元,2013,6000
12737912,E,環境違規,違反環境法規次數,,次,2013,1
12800225,E,環境違規,違反環境法規金額,,元,2013,12000
12800225,E,環境違規,違反環境法規次數,,次,2013,2
12907747,E,環境違規,違反環境法規金額,,元,2013,6000
12907747,E,環境違規,違反環境法規次數,,次,2013,1
22434156,E,環境違規,違反環境法規金額,,元,2013,210000
22434156,E,環境違規,違反環境法規次數,,次,2013,3
23218873,E,環境違規,違反環境法規金額,,元,2013,100000
23218873,E,環境違規,違反環境法規次數,,次,2013,1
27340208,E,環境違規,違反環境法規金額,,元,2013,356000
27340208,E,環境違規,違反環境法規次數,,次,2013,3
28230046,E,環境違規,違反環境法規金額,,元,2013,60000
28230046,E,環境違規,違反環境法規次數,,次,2013,1
34516147,E,環境違規,違反環境法規金額,,元,2013,66000
34516147,E,環境違規,違反環境法規次數,,次,2013,2
35866232,E,環境違規,違反環境法規金額,,元,2013,160000
35866232,E,環境違規,違反環境法規次數,,次,2013,2
55921894,E,環境違規,違反環境法規金額,,元,2013,60000
55921894,E,環境違規,違反環境法規次數,,次,2013,1
56654500,E,環境違規,違反環境法規金額,,元,2013,110000
56654500,E,環境違規,違反環境法規次數,,次,2013,1
70634323,E,環境違規,違反環境法規金額,,元,2013,12000
70634323,E,環境違規,違反環境法規次數,,次,2013,2
70766576,E,環境違規,違反環境法規金額,,元,2013,6000
70766576,E,環境違規,違反環境法規次數,,次,2013,1
70848492,E,環境違規,違反環境法規金額,,元,2013,80000
70848492,E,環境違規,違反環境法規次數,,次,2013,1
97178376,E,環境違規,違反環境法規金額,,元,2013,420000
97178376,E,環境違規,違反環境法規次數,,次,2013,2
12205020,E,環境違規,違反環境法規金額,,元,2014,550000
12205020,E,環境違規,違反環境法規次數,,次,2014,4
12800225,E,環境違規,違反環境法規金額,,元,2014,260000
12800225,E,環境違規,違反環境法規次數,,次,2014,3
16549778,E,環境違規,違反環境法規金額,,元,2014,66000
16549778,E,環境違規,違反環境法規次數,,次,2014,2
22434156,E,環境違規,違反環境法規金額,,元,2014,382000
22434156,E,環境違規,違反環境法規次數,,次,2014,4
27763753,E,環境違規,違反環境法規金額,,元,2014,116000
27763753,E,環境違規,違反環境法規次數,,次,2014,3
28230046,E,環境違規,違反環境法規金額,,元,2014,100000
28230046,E,環境違規,違反環境法規次數,,次,2014,1
28334226,E,環境違規,違反環境法規金額,,元,2014,120000
28334226,E,環境違規,違反環境法規次數,,次,2014,2
28357108,E,環境違規,違反環境法規金額,,元,2014,100000
28357108,E,環境違規,違反環境法規次數,,次,2014,1
35866232,E,環境違規,違反環境法規金額,,元,2014,120000
35866232,E,環境違規,違反環境法規次數,,次,2014,2
84149738,E,環境違規,違反環境法規金額,,元,2014,120000
84149738,E,環境違規,違反環境法規次數,,次,2014,3
84929896,E,環境違規,違反環境法規金額,,元,2014,18000
84929896,E,環境違規,違反環境法規次數,,次,2014,3
89358419,E,環境違規,違反環境法規金額,,元,2014,60000
89358419,E,環境違規,違反環境法規次數,,次,2014,1
97049373,E,環境違規,違反環境法規金額,,元,2014,20000
97049373,E,環境違規,違反環境法規次數,,次,2014,2
97178376,E,環境違規,違反環境法規金額,,元,2014,523600
97178376,E,環境違規,違反環境法規次數,,次,2014,9
12800225,E,環境違規,違反環境法規金額,,元,2015,60000
12800225,E,環境違規,違反環境法規次數,,次,2015,1
16439169,E,環境違規,違反環境法規金額,,元,2015,200000
16439169,E,環境違規,違反環境法規次數,,次,2015,2
16549778,E,環境違規,違反環境法規金額,,元,2015,12000
16549778,E,環境違規,違反環境法規次數,,次,2015,1
22434156,E,環境違規,違反環境法規金額,,元,2015,210000
22434156,E,環境違規,違反環境法規次數,,次,2015,2
22480876,E,環境違規,違反環境法規金額,,元,2015,100000
22480876,E,環境違規,違反環境法規次數,,次,2015,1
23218873,E,環境違規,違反環境法規金額,,元,2015,180000
23218873,E,環境違規,違反環境法規次數,,次,2015,2
27763753,E,環境違規,違反環境法規金額,,元,2015,200000
27763753,E,環境違規,違反環境法規次數,,次,2015,2
34516147,E,環境違規,違反環境法規金額,,元,2015,10000
34516147,E,環境違規,違反環境法規次數,,次,2015,1
70848492,E,環境違規,違反環境法規金額,,元,2015,60000
70848492,E,環境違規,違反環境法規次數,,次,2015,1
97049373,E,環境違規,違反環境法規金額,,元,2015,206500
97049373,E,環境違規,違反環境法規次數,,次,2015,3
12205020,E,環境違規,違反環境法規金額,,元,2016,394000
12205020,E,環境違規,違反環境法規次數,,次,2016,2
12800225,E,環境違規,違反環境法規金額,,元,2016,142500
12800225,E,環境違規,違反環境法規次數,,次,2016,2
12846708,E,環境違規,違反環境法規金額,,元,2016,220000
12846708,E,環境違規,違反環境法規次數,,次,2016,3
12979925,E,環境違規,違反環境法規金額,,元,2016,100000
12979925,E,環境違規,違反環境法規次數,,次,2016,1
16432742,E,環境違規,違反環境法規金額,,元,2016,920000
16432742,E,環境違規,違反環境法規次數,,次,2016,5
16439169,E,環境違規,違反環境法規金額,,元,2016,618000
16439169,E,環境違規,違反環境法規次數,,次,2016,3
16549778,E,環境違規,違反環境法規金額,,元,2016,300000
16549778,E,環境違規,違反環境法規次數,,次,2016,2
16743865,E,環境違規,違反環境法規金額,,元,2016,52000
16743865,E,環境違規,違反環境法規次數,,次,2016,3
22434156,E,環境違規,違反環境法規金額,,元,2016,189000
22434156,E,環境違規,違反環境法規次數,,次,2016,1
23218873,E,環境違規,違反環境法規金額,,元,2016,120000
23218873,E,環境違規,違反環境法規次數,,次,2016,2
28334226,E,環境違規,違反環境法規金額,,元,2016,100000
28334226,E,環境違規,違反環境法規次數,,次,2016,1
28621753,E,環境違規,違反環境法規金額,,元,2016,84000
28621753,E,環境違規,違反環境法規次數,,次,2016,1
42821900,E,環境違規,違反環境法規金額,,元,2016,170000
42821900,E,環境違規,違反環境法規次數,,次,2016,3
70848492,E,環境違規,違反環境法規金額,,元,2016,410000
70848492,E,環境違規,違反環境法規次數,,次,2016,5
70849491,E,環境違規,違反環境法規金額,,元,2016,60000
70849491,E,環境違規,違反環境法規次數,,次,2016,1
84149738,E,環境違規,違反環境法規金額,,元,2016,100000
84149738,E,環境違規,違反環境法規次數,,次,2016,1
84785413,E,環境違規,違反環境法規金額,,元,2016,100000
84785413,E,環境違規,違反環境法規次數,,次,2016,1
97049373,E,環境違規,違反環境法規金額,,元,2016,93000
97049373,E,環境違規,違反環境法規次數,,次,2016,3
12205020,E,環境違規,違反環境法規金額,,元,2017,126000
12205020,E,環境違規,違反環境法規次數,,次,2017,1
12800225,E,環境違規,違反環境法規金額,,元,2017,150000
12800225,E,環境違規,違反環境法規次數,,次,2017,1
16439169,E,環境違規,違反環境法規金額,,元,2017,600000
16439169,E,環境違規,違反環境法規次數,,次,2017,5
22434156,E,環境違規,違反環境法規金額,,元,2017,432000
22434156,E,環境違規,違反環境法規次數,,次,2017,1
23218873,E,環境違規,違反環境法規金額,,元,2017,78000
23218873,E,環境違規,違反環境法規次數,,次,2017,4
27340208,E,環境違規,違反環境法規金額,,元,2017,100000
27340208,E,環境違規,違反環境法規次數,,次,2017,1
28580346,E,環境違規,違反環境法規金額,,元,2017,60000
28580346,E,環境違規,違反環境法規次數,,次,2017,1
28997300,E,環境違規,違反環境法規金額,,元,2017,60000
28997300,E,環境違規,違反環境法規次數,,次,2017,1
35866232,E,環境違規,違反環境法規金額,,元,2017,60000
35866232,E,環境違規,違反環境法規次數,,次,2017,1
42821900,E,環境違規,違反環境法規金額,,元,2017,100000
42821900,E,環境違規,違反環境法規次數,,次,2017,1
70750217,E,環境違規,違反環境法規金額,,元,2017,100000
70750217,E,環境違規,違反環境法規次數,,次,2017,1
70848492,E,環境違規,違反環境法規金額,,元,2017,112000
70848492,E,環境違規,違反環境法規次數,,次,2017,3
84149738,E,環境違規,違反環境法規金額,,元,2017,6000
84149738,E,環境違規,違反環境法規次數,,次,2017,1
97049373,E,環境違規,違反環境法規金額,,元,2017,258000
97049373,E,環境違規,違反環境法規次數,,次,2017,2
97178376,E,環境違規,違反環境法規金額,,元,2017,12000
97178376,E,環境違規,違反環境法規次數,,次,2017,2
12205020,E,環境違規,違反環境法規金額,,元,2018,921200
12205020,E,環境違規,違反環境法規次數,,次,2018,18
12206203,E,環境違規,違反環境法規金額,,元,2018,18000
12206203,E,環境違規,違反環境法規次數,,次,2018,1
12800225,E,環境違規,違反環境法規金額,,元,2018,60000
12800225,E,環境違規,違反環境法規次數,,次,2018,1
12846708,E,環境違規,違反環境法規金額,,元,2018,100000
12846708,E,環境違規,違反環境法規次數,,次,2018,1
16432742,E,環境違規,違反環境法規金額,,元,2018,240000
16432742,E,環境違規,違反環境法規次數,,次,2018,4
16549778,E,環境違規,違反環境法規金額,,元,2018,120000
16549778,E,環境違規,違反環境法規次數,,次,2018,2
22434156,E,環境違規,違反環境法規金額,,元,2018,369000
22434156,E,環境違規,違反環境法規次數,,次,2018,3
23504361,E,環境違規,違反環境法規金額,,元,2018,5712000
23504361,E,環境違規,違反環境法規次數,,次,2018,2
28230046,E,環境違規,違反環境法規金額,,元,2018,120000
28230046,E,環境違規,違反環境法規次數,,次,2018,2
70848492,E,環境違規,違反環境法規金額,,元,2018,100000
70848492,E,環境違規,違反環境法規次數,,次,2018,1
84149738,E,環境違規,違反環境法規金額,,元,2018,12000
84149738,E,環境違規,違反環境法規次數,,次,2018,2
89358419,E,環境違規,違反環境法規金額,,元,2018,66000
89358419,E,環境違規,違反環境法規次數,,次,2018,2
97049373,E,環境違規,違反環境法規金額,,元,2018,6000
97049373,E,環境違規,違反環境法規次數,,次,2018,1
12205020,E,環境違規,違反環境法規金額,,元,2019,289000
12205020,E,環境違規,違反環境法規次數,,次,2019,2
12846708,E,環境違規,違反環境法規金額,,元,2019,70000
12846708,E,環境違規,違反環境法規次數,,次,2019,2
16177616,E,環境違規,違反環境法規金額,,元,2019,6000
16177616,E,環境違規,違反環境法規次數,,次,2019,1
16432742,E,環境違規,違反環境法規金額,,元,2019,216000
16432742,E,環境違規,違反環境法規次數,,次,2019,1
16439169,E,環境違規,違反環境法規金額,,元,2019,352200
16439169,E,環境違規,違反環境法規次數,,次,2019,3
16450500,E,環境違規,違反環境法規金額,,元,2019,12000
16450500,E,環境違規,違反環境法規次數,,次,2019,1
16549778,E,環境違規,違反環境法規金額,,元,2019,60000
16549778,E,環境違規,違反環境法規次數,,次,2019,1
22434156,E,環境違規,違反環境法規金額,,元,2019,525000
22434156,E,環境違規,違反環境法規次數,,次,2019,3
22480876,E,環境違規,違反環境法規金額,,元,2019,20000
22480876,E,環境違規,違反環境法規次數,,次,2019,2
27340208,E,環境違規,違反環境法規金額,,元,2019,6000
27340208,E,環境違規,違反環境法規次數,,次,2019,1
27763753,E,環境違規,違反環境法規金額,,元,2019,300000
27763753,E,環境違規,違反環境法規次數,,次,2019,3
28334226,E,環境違規,違反環境法規金額,,元,2019,10000
28334226,E,環境違規,違反環境法規次數,,次,2019,1
84149738,E,環境違規,違反環境法規金額,,元,2019,100000
84149738,E,環境違規,違反環境法規次數,,次,2019,1
97049373,E,環境違規,違反環境法規金額,,元,2019,120000
97049373,E,環境違規,違反環境法規次數,,次,2019,1
12205020,E,環境違規,違反環境法規金額,,元,2020,8686400
12205020,E,環境違規,違反環境法規次數,,次,2020,5
12206203,E,環境違規,違反環境法規金額,,元,2020,150000
12206203,E,環境違規,違反環境法規次數,,次,2020,1
12800225,E,環境違規,違反環境法規金額,,元,2020,24000
12800225,E,環境違規,違反環境法規次數,,次,2020,2
16432742,E,環境違規,違反環境法規金額,,元,2020,287400
16432742,E,環境違規,違反環境法規次數,,次,2020,2
16439169,E,環境違規,違反環境法規金額,,元,2020,3610000
16439169,E,環境違規,違反環境法規次數,,次,2020,4
16450500,E,環境違規,違反環境法規金額,,元,2020,100000
16450500,E,環境違規,違反環境法規次數,,次,2020,1
16549778,E,環境違規,違反環境法規金額,,元,2020,69000
16549778,E,環境違規,違反環境法規次數,,次,2020,2
22434156,E,環境違規,違反環境法規金額,,元,2020,135000
22434156,E,環境違規,違反環境法規次數,,次,2020,1
23504361,E,環境違規,違反環境法規金額,,元,2020,449700
23504361,E,環境違規,違反環境法規次數,,次,2020,2
27340208,E,環境違規,違反環境法規金額,,元,2020,1200
27340208,E,環境違規,違反環境法規次數,,次,2020,1
28357108,E,環境違規,違反環境法規金額,,元,2020,100000
28357108,E,環境違規,違反環境法規次數,,次,2020,1
34516147,E,環境違規,違反環境法規金額,,元,2020,247500
34516147,E,環境違規,違反環境法規次數,,次,2020,4
35866232,E,環境違規,違反環境法規金額,,元,2020,120500
35866232,E,環境違規,違反環境法規次數,,次,2020,2
55921894,E,環境違規,違反環境法規金額,,元,2020,52500
55921894,E,環境違規,違反環境法規次數,,次,2020,1
56654500,E,環境違規,違反環境法規金額,,元,2020,120000
56654500,E,環境違規,違反環境法規次數,,次,2020,1
70634323,E,環境違規,違反環境法規金額,,元,2020,410000
70634323,E,環境違規,違反環境法規次數,,次,2020,3
80260061,E,環境違規,違反環境法規金額,,元,2020,160000
80260061,E,環境違規,違反環境法規次數,,次,2020,2
84149738,E,環境違規,違反環境法規金額,,元,2020,60000
84149738,E,環境違規,違反環境法規次數,,次,2020,1
89358419,E,環境違規,違反環境法規金額,,元,2020,1200
89358419,E,環境違規,違反環境法規次數,,次,2020,1
97049373,E,環境違規,違反環境法規金額,,元,2020,12000
97049373,E,環境違規,違反環境法規次數,,次,2020,1
97178376,E,環境違規,違反環境法規金額,,元,2020,6000
97178376,E,環境違規,違反環境法規次數,,次,2020,1
12737912,E,環境違規,違反環境法規金額,,元,2021,60000
12737912,E,環境違規,違反環境法規次數,,次,2021,1
12800225,E,環境違規,違反環境法規金額,,元,2021,300000
12800225,E,環境違規,違反環境法規次數,,次,2021,4
16432742,E,環境違規,違反環境法規金額,,元,2021,72000
16432742,E,環境違規,違反環境法規次數,,次,2021,2
16439169,E,環境違規,違反環境法規金額,,元,2021,333000
16439169,E,環境違規,違反環境法規次數,,次,2021,2
22434156,E,環境違規,違反環境法規金額,,元,2021,189000
22434156,E,環境違規,違反環境法規次數,,次,2021,1
28621753,E,環境違規,違反環境法規金額,,元,2021,30000
28621753,E,環境違規,違反環境法規次數,,次,2021,1
34516147,E,環境違規,違反環境法規金額,,元,2021,6000
34516147,E,環境違規,違反環境法規次數,,次,2021,1
35866232,E,環境違規,違反環境法規金額,,元,2021,10000
35866232,E,環境違規,違反環境法規次數,,次,2021,1
42821900,E,環境違規,違反環境法規金額,,元,2021,6000
42821900,E,環境違規,違反環境法規次數,,次,2021,1
70634323,E,環境違規,違反環境法規金額,,元,2021,60000
70634323,E,環境違規,違反環境法規次數,,次,2021,1
12205020,S,員工薪資,平均薪資,,仟元,2020,641
12205020,S,員工薪資,薪資中位數,,仟元,2020,550
47255947,S,員工薪資,平均薪資,,仟元,2020,756
47255947,S,員工薪資,薪資中位數,,仟元,2020,648
23218873,S,員工薪資,平均薪資,,仟元,2020,611
23218873,S,員工薪資,薪資中位數,,仟元,2020,499
11394902,S,員工薪資,平均薪資,,仟元,2020,1045
11394902,S,員工薪資,薪資中位數,,仟元,2020,1027
34516147,S,員工薪資,平均薪資,,仟元,2020,760
34516147,S,員工薪資,薪資中位數,,仟元,2020,596
97178376,S,員工薪資,平均薪資,,仟元,2020,636
97178376,S,員工薪資,薪資中位數,,仟元,2020,588
84149738,S,員工薪資,平均薪資,,仟元,2020,972
84149738,S,員工薪資,薪資中位數,,仟元,2020,783
22434156,S,員工薪資,平均薪資,,仟元,2020,581
22434156,S,員工薪資,薪資中位數,,仟元,2020,524
12206203,S,員工薪資,平均薪資,,仟元,2020,468
12206203,S,員工薪資,薪資中位數,,仟元,2020,358
12364770,S,員工薪資,平均薪資,,仟元,2020,531
12364770,S,員工薪資,薪資中位數,,仟元,2020,445
34348590,S,員工薪資,平均薪資,,仟元,2020,542
34348590,S,員工薪資,薪資中位數,,仟元,2020,370
35866232,S,員工薪資,平均薪資,,仟元,2020,605
35866232,S,員工薪資,薪資中位數,,仟元,2020,543
84929896,S,員工薪資,平均薪資,,仟元,2020,1283
84929896,S,員工薪資,薪資中位數,,仟元,2020,1128
89380545,S,員工薪資,平均薪資,,仟元,2020,585
89380545,S,員工薪資,薪資中位數,,仟元,2020,545
22480876,S,員工薪資,平均薪資,,仟元,2020,1259
22480876,S,員工薪資,薪資中位數,,仟元,2020,779
55921894,S,員工薪資,平均薪資,,仟元,2020,753
55921894,S,員工薪資,薪資中位數,,仟元,2020,647
44955117,S,員工薪資,平均薪資,,仟元,2020,712
44955117,S,員工薪資,薪資中位數,,仟元,2020,673
34452164,S,員工薪資,平均薪資,,仟元,2020,773
34452164,S,員工薪資,薪資中位數,,仟元,2020,698
89261652,S,員工薪資,平均薪資,,仟元,2020,577
89261652,S,員工薪資,薪資中位數,,仟元,2020,492
70750217,S,員工薪資,平均薪資,,仟元,2020,852
70750217,S,員工薪資,薪資中位數,,仟元,2020,724
84785413,S,員工薪資,平均薪資,,仟元,2020,611
84785413,S,員工薪資,薪資中位數,,仟元,2020,575
16439169,S,員工薪資,平均薪資,,仟元,2020,524
16439169,S,員工薪資,薪資中位數,,仟元,2020,485
97307625,S,員工薪資,平均薪資,,仟元,2020,1242
97307625,S,員工薪資,薪資中位數,,仟元,2020,1199
97049373,S,員工薪資,平均薪資,,仟元,2020,615
97049373,S,員工薪資,薪資中位數,,仟元,2020,556
16302558,S,員工薪資,平均薪資,,仟元,2020,934
16302558,S,員工薪資,薪資中位數,,仟元,2020,793
12979925,S,員工薪資,平均薪資,,仟元,2020,497
12979925,S,員工薪資,薪資中位數,,仟元,2020,403
23572557,S,員工薪資,平均薪資,,仟元,2020,974
23572557,S,員工薪資,薪資中位數,,仟元,2020,809
70634323,S,員工薪資,平均薪資,,仟元,2020,648
70634323,S,員工薪資,薪資中位數,,仟元,2020,570
70703897,S,員工薪資,平均薪資,,仟元,2020,823
70703897,S,員工薪資,薪資中位數,,仟元,2020,695
12800225,S,員工薪資,平均薪資,,仟元,2020,893
12800225,S,員工薪資,薪資中位數,,仟元,2020,675
12800061,S,員工薪資,平均薪資,,仟元,2020,731
12800061,S,員工薪資,薪資中位數,,仟元,2020,581
70720798,S,員工薪資,平均薪資,,仟元,2020,765
70720798,S,員工薪資,薪資中位數,,仟元,2020,691
70526133,S,員工薪資,平均薪資,,仟元,2020,622
70526133,S,員工薪資,薪資中位數,,仟元,2020,517
16522758,S,員工薪資,平均薪資,,仟元,2020,938
16522758,S,員工薪資,薪資中位數,,仟元,2020,819
27763753,S,員工薪資,平均薪資,,仟元,2020,668
27763753,S,員工薪資,薪資中位數,,仟元,2020,552
12907747,S,員工薪資,平均薪資,,仟元,2020,580
12907747,S,員工薪資,薪資中位數,,仟元,2020,443
80260061,S,員工薪資,平均薪資,,仟元,2020,722
80260061,S,員工薪資,薪資中位數,,仟元,2020,630
28675574,S,員工薪資,平均薪資,,仟元,2020,849
28675574,S,員工薪資,薪資中位數,,仟元,2020,773
22164527,S,員工薪資,平均薪資,,仟元,2020,686
22164527,S,員工薪資,薪資中位數,,仟元,2020,519
28334226,S,員工薪資,平均薪資,,仟元,2020,566
28334226,S,員工薪資,薪資中位數,,仟元,2020,500
27790294,S,員工薪資,平均薪資,,仟元,2020,679
27790294,S,員工薪資,薪資中位數,,仟元,2020,637
70848492,S,員工薪資,平均薪資,,仟元,2020,541
70848492,S,員工薪資,薪資中位數,,仟元,2020,501
28357108,S,員工薪資,平均薪資,,仟元,2020,1417
28357108,S,員工薪資,薪資中位數,,仟元,2020,1185
89639615,S,員工薪資,平均薪資,,仟元,2020,679
89639615,S,員工薪資,薪資中位數,,仟元,2020,582
16450500,S,員工薪資,平均薪資,,仟元,2020,941
16450500,S,員工薪資,薪資中位數,,仟元,2020,804
23504361,S,員工薪資,平均薪資,,仟元,2020,807
23504361,S,員工薪資,薪資中位數,,仟元,2020,619
34168978,S,員工薪資,平均薪資,,仟元,2020,639
34168978,S,員工薪資,薪資中位數,,仟元,2020,585
89358419,S,員工薪資,平均薪資,,仟元,2020,697
89358419,S,員工薪資,薪資中位數,,仟元,2020,623
22101208,S,員工薪資,平均薪資,,仟元,2020,1064
22101208,S,員工薪資,薪資中位數,,仟元,2020,826
56654500,S,員工薪資,平均薪資,,仟元,2020,490
56654500,S,員工薪資,薪資中位數,,仟元,2020,448
16253228,S,員工薪資,平均薪資,,仟元,2020,935
16253228,S,員工薪資,薪資中位數,,仟元,2020,969
22601800,S,員工薪資,平均薪資,,仟元,2020,728
22601800,S,員工薪資,薪資中位數,,仟元,2020,612
23722471,S,員工薪資,平均薪資,,仟元,2020,628
23722471,S,員工薪資,薪資中位數,,仟元,2020,513
16743865,S,員工薪資,平均薪資,,仟元,2020,498
16743865,S,員工薪資,薪資中位數,,仟元,2020,440
27340208,S,員工薪資,平均薪資,,仟元,2020,578
27340208,S,員工薪資,薪資中位數,,仟元,2020,548
28997300,S,員工薪資,平均薪資,,仟元,2020,572
28997300,S,員工薪資,薪資中位數,,仟元,2020,485
28580346,S,員工薪資,平均薪資,,仟元,2020,494
28580346,S,員工薪資,薪資中位數,,仟元,2020,472
54258218,S,員工薪資,平均薪資,,仟元,2020,710
54258218,S,員工薪資,薪資中位數,,仟元,2020,648
70697332,S,員工薪資,平均薪資,,仟元,2020,833
70697332,S,員工薪資,薪資中位數,,仟元,2020,664
70766576,S,員工薪資,平均薪資,,仟元,2020,719
70766576,S,員工薪資,薪資中位數,,仟元,2020,626
16432742,S,員工薪資,平均薪資,,仟元,2020,734
16432742,S,員工薪資,薪資中位數,,仟元,2020,656
16549778,S,員工薪資,平均薪資,,仟元,2020,930
16549778,S,員工薪資,薪資中位數,,仟元,2020,728
12205020,S,員工薪資,平均薪資,,仟元,2019,528
12205020,S,員工薪資,薪資中位數,,仟元,2019,485
47255947,S,員工薪資,平均薪資,,仟元,2019,699
47255947,S,員工薪資,薪資中位數,,仟元,2019,592
23218873,S,員工薪資,平均薪資,,仟元,2019,593
23218873,S,員工薪資,薪資中位數,,仟元,2019,500
11394902,S,員工薪資,平均薪資,,仟元,2019,1042
11394902,S,員工薪資,薪資中位數,,仟元,2019,990
34516147,S,員工薪資,平均薪資,,仟元,2019,725
34516147,S,員工薪資,薪資中位數,,仟元,2019,572
97178376,S,員工薪資,平均薪資,,仟元,2019,704
97178376,S,員工薪資,薪資中位數,,仟元,2019,632
84149738,S,員工薪資,平均薪資,,仟元,2019,913
84149738,S,員工薪資,薪資中位數,,仟元,2019,730
22434156,S,員工薪資,平均薪資,,仟元,2019,490
22434156,S,員工薪資,薪資中位數,,仟元,2019,428
12206203,S,員工薪資,平均薪資,,仟元,2019,443
12206203,S,員工薪資,薪資中位數,,仟元,2019,366
12364770,S,員工薪資,平均薪資,,仟元,2019,555
12364770,S,員工薪資,薪資中位數,,仟元,2019,544
34348590,S,員工薪資,平均薪資,,仟元,2019,610
34348590,S,員工薪資,薪資中位數,,仟元,2019,442
35866232,S,員工薪資,平均薪資,,仟元,2019,582
35866232,S,員工薪資,薪資中位數,,仟元,2019,521
84929896,S,員工薪資,平均薪資,,仟元,2019,1048
84929896,S,員工薪資,薪資中位數,,仟元,2019,926
89380545,S,員工薪資,平均薪資,,仟元,2019,564
89380545,S,員工薪資,薪資中位數,,仟元,2019,521
22480876,S,員工薪資,平均薪資,,仟元,2019,1392
22480876,S,員工薪資,薪資中位數,,仟元,2019,752
55921894,S,員工薪資,平均薪資,,仟元,2019,769
55921894,S,員工薪資,薪資中位數,,仟元,2019,656
44955117,S,員工薪資,平均薪資,,仟元,2019,621
44955117,S,員工薪資,薪資中位數,,仟元,2019,606
34452164,S,員工薪資,平均薪資,,仟元,2019,797
34452164,S,員工薪資,薪資中位數,,仟元,2019,694
89261652,S,員工薪資,平均薪資,,仟元,2019,564
89261652,S,員工薪資,薪資中位數,,仟元,2019,481
70750217,S,員工薪資,平均薪資,,仟元,2019,809
70750217,S,員工薪資,薪資中位數,,仟元,2019,600
84785413,S,員工薪資,平均薪資,,仟元,2019,617
84785413,S,員工薪資,薪資中位數,,仟元,2019,560
16439169,S,員工薪資,平均薪資,,仟元,2019,516
16439169,S,員工薪資,薪資中位數,,仟元,2019,478
97307625,S,員工薪資,平均薪資,,仟元,2019,1350
97307625,S,員工薪資,薪資中位數,,仟元,2019,1243
97049373,S,員工薪資,平均薪資,,仟元,2019,525
97049373,S,員工薪資,薪資中位數,,仟元,2019,454
16302558,S,員工薪資,平均薪資,,仟元,2019,882
16302558,S,員工薪資,薪資中位數,,仟元,2019,806
12979925,S,員工薪資,平均薪資,,仟元,2019,523
12979925,S,員工薪資,薪資中位數,,仟元,2019,412
23572557,S,員工薪資,平均薪資,,仟元,2019,907
23572557,S,員工薪資,薪資中位數,,仟元,2019,751
70634323,S,員工薪資,平均薪資,,仟元,2019,619
70634323,S,員工薪資,薪資中位數,,仟元,2019,528
70703897,S,員工薪資,平均薪資,,仟元,2019,871
70703897,S,員工薪資,薪資中位數,,仟元,2019,757
12800225,S,員工薪資,平均薪資,,仟元,2019,739
12800225,S,員工薪資,薪資中位數,,仟元,2019,626
12800061,S,員工薪資,平均薪資,,仟元,2019,748
12800061,S,員工薪資,薪資中位數,,仟元,2019,596
70720798,S,員工薪資,平均薪資,,仟元,2019,880
70720798,S,員工薪資,薪資中位數,,仟元,2019,797
16522758,S,員工薪資,平均薪資,,仟元,2019,1148
16522758,S,員工薪資,薪資中位數,,仟元,2019,912
27763753,S,員工薪資,平均薪資,,仟元,2019,688
27763753,S,員工薪資,薪資中位數,,仟元,2019,525
12907747,S,員工薪資,平均薪資,,仟元,2019,589
12907747,S,員工薪資,薪資中位數,,仟元,2019,451
80260061,S,員工薪資,平均薪資,,仟元,2019,703
80260061,S,員工薪資,薪資中位數,,仟元,2019,604
28675574,S,員工薪資,平均薪資,,仟元,2019,862
28675574,S,員工薪資,薪資中位數,,仟元,2019,793
22164527,S,員工薪資,平均薪資,,仟元,2019,698
22164527,S,員工薪資,薪資中位數,,仟元,2019,512
28334226,S,員工薪資,平均薪資,,仟元,2019,560
28334226,S,員工薪資,薪資中位數,,仟元,2019,486
27790294,S,員工薪資,平均薪資,,仟元,2019,663
27790294,S,員工薪資,薪資中位數,,仟元,2019,637
70848492,S,員工薪資,平均薪資,,仟元,2019,500
70848492,S,員工薪資,薪資中位數,,仟元,2019,459
28357108,S,員工薪資,平均薪資,,仟元,2019,1468
28357108,S,員工薪資,薪資中位數,,仟元,2019,1200
89639615,S,員工薪資,平均薪資,,仟元,2019,654
89639615,S,員工薪資,薪資中位數,,仟元,2019,539
16450500,S,員工薪資,平均薪資,,仟元,2019,732
16450500,S,員工薪資,薪資中位數,,仟元,2019,609
23504361,S,員工薪資,平均薪資,,仟元,2019,748
23504361,S,員工薪資,薪資中位數,,仟元,2019,629
34168978,S,員工薪資,平均薪資,,仟元,2019,600
34168978,S,員工薪資,薪資中位數,,仟元,2019,565
89358419,S,員工薪資,平均薪資,,仟元,2019,659
89358419,S,員工薪資,薪資中位數,,仟元,2019,587
22101208,S,員工薪資,平均薪資,,仟元,2019,1069
22101208,S,員工薪資,薪資中位數,,仟元,2019,797
56654500,S,員工薪資,平均薪資,,仟元,2019,473
56654500,S,員工薪資,薪資中位數,,仟元,2019,425
16253228,S,員工薪資,平均薪資,,仟元,2019,1165
16253228,S,員工薪資,薪資中位數,,仟元,2019,642
22601800,S,員工薪資,平均薪資,,仟元,2019,781
22601800,S,員工薪資,薪資中位數,,仟元,2019,745
23722471,S,員工薪資,平均薪資,,仟元,2019,591
23722471,S,員工薪資,薪資中位數,,仟元,2019,490
16743865,S,員工薪資,平均薪資,,仟元,2019,513
16743865,S,員工薪資,薪資中位數,,仟元,2019,446
27340208,S,員工薪資,平均薪資,,仟元,2019,551
27340208,S,員工薪資,薪資中位數,,仟元,2019,512
28997300,S,員工薪資,平均薪資,,仟元,2019,507
28997300,S,員工薪資,薪資中位數,,仟元,2019,424
28580346,S,員工薪資,平均薪資,,仟元,2019,463
28580346,S,員工薪資,薪資中位數,,仟元,2019,438
54258218,S,員工薪資,平均薪資,,仟元,2019,671
54258218,S,員工薪資,薪資中位數,,仟元,2019,597
70697332,S,員工薪資,平均薪資,,仟元,2019,838
70697332,S,員工薪資,薪資中位數,,仟元,2019,700
70766576,S,員工薪資,平均薪資,,仟元,2019,643
70766576,S,員工薪資,薪資中位數,,仟元,2019,550
16432742,S,員工薪資,平均薪資,,仟元,2019,731
16432742,S,員工薪資,薪資中位數,,仟元,2019,656
16549778,S,員工薪資,平均薪資,,仟元,2019,925
16549778,S,員工薪資,薪資中位數,,仟元,2019,725
12205020,S,員工薪資,平均薪資,,仟元,2018,558
47255947,S,員工薪資,平均薪資,,仟元,2018,696
23218873,S,員工薪資,平均薪資,,仟元,2018,577
11394902,S,員工薪資,平均薪資,,仟元,2018,955
34516147,S,員工薪資,平均薪資,,仟元,2018,699
97178376,S,員工薪資,平均薪資,,仟元,2018,534
84149738,S,員工薪資,平均薪資,,仟元,2018,979
22434156,S,員工薪資,平均薪資,,仟元,2018,550
12206203,S,員工薪資,平均薪資,,仟元,2018,398
12364770,S,員工薪資,平均薪資,,仟元,2018,516
34348590,S,員工薪資,平均薪資,,仟元,2018,615
35866232,S,員工薪資,平均薪資,,仟元,2018,585
84929896,S,員工薪資,平均薪資,,仟元,2018,1080
89380545,S,員工薪資,平均薪資,,仟元,2018,445
22480876,S,員工薪資,平均薪資,,仟元,2018,1305
55921894,S,員工薪資,平均薪資,,仟元,2018,806
44955117,S,員工薪資,平均薪資,,仟元,2018,680
34452164,S,員工薪資,平均薪資,,仟元,2018,717
89261652,S,員工薪資,平均薪資,,仟元,2018,524
70750217,S,員工薪資,平均薪資,,仟元,2018,668
84785413,S,員工薪資,平均薪資,,仟元,2018,575
16439169,S,員工薪資,平均薪資,,仟元,2018,516
97307625,S,員工薪資,平均薪資,,仟元,2018,1233
97049373,S,員工薪資,平均薪資,,仟元,2018,542
16302558,S,員工薪資,平均薪資,,仟元,2018,856
12979925,S,員工薪資,平均薪資,,仟元,2018,506
23572557,S,員工薪資,平均薪資,,仟元,2018,756
70634323,S,員工薪資,平均薪資,,仟元,2018,601
70703897,S,員工薪資,平均薪資,,仟元,2018,981
12800225,S,員工薪資,平均薪資,,仟元,2018,764
12800061,S,員工薪資,平均薪資,,仟元,2018,792
70720798,S,員工薪資,平均薪資,,仟元,2018,815
16522758,S,員工薪資,平均薪資,,仟元,2018,1524
27763753,S,員工薪資,平均薪資,,仟元,2018,682
12907747,S,員工薪資,平均薪資,,仟元,2018,589
80260061,S,員工薪資,平均薪資,,仟元,2018,673
28675574,S,員工薪資,平均薪資,,仟元,2018,636
22164527,S,員工薪資,平均薪資,,仟元,2018,678
28334226,S,員工薪資,平均薪資,,仟元,2018,531
27790294,S,員工薪資,平均薪資,,仟元,2018,664
70848492,S,員工薪資,平均薪資,,仟元,2018,476
28357108,S,員工薪資,平均薪資,,仟元,2018,1520
89639615,S,員工薪資,平均薪資,,仟元,2018,642
16450500,S,員工薪資,平均薪資,,仟元,2018,729
23504361,S,員工薪資,平均薪資,,仟元,2018,1001
34168978,S,員工薪資,平均薪資,,仟元,2018,660
89358419,S,員工薪資,平均薪資,,仟元,2018,712
22101208,S,員工薪資,平均薪資,,仟元,2018,808
56654500,S,員工薪資,平均薪資,,仟元,2018,453
16253228,S,員工薪資,平均薪資,,仟元,2018,603
22601800,S,員工薪資,平均薪資,,仟元,2018,747
23722471,S,員工薪資,平均薪資,,仟元,2018,546
16743865,S,員工薪資,平均薪資,,仟元,2018,546
27340208,S,員工薪資,平均薪資,,仟元,2018,522
28997300,S,員工薪資,平均薪資,,仟元,2018,482
28580346,S,員工薪資,平均薪資,,仟元,2018,466
54258218,S,員工薪資,平均薪資,,仟元,2018,694
70766576,S,員工薪資,平均薪資,,仟元,2018,679
16432742,S,員工薪資,平均薪資,,仟元,2018,645
16549778,S,員工薪資,平均薪資,,仟元,2018,950
12907747,G,資本額,資本額,,元,2020,1282072780
12907747,G,資本額,資本額,,元,2019,1282072780
34348590,G,資本額,資本額,,元,2020,1614716170
34348590,G,資本額,資本額,,元,2019,1614716170
22601800,G,資本額,資本額,,元,2020,1160762890
22601800,G,資本額,資本額,,元,2019,1160762890
70703897,G,資本額,資本額,,元,2020,865678930
70703897,G,資本額,資本額,,元,2019,865678930
84929896,G,資本額,資本額,,元,2020,7600000000
84929896,G,資本額,資本額,,元,2019,7600000000
27797183,G,資本額,資本額,,元,2020,231886470
27797183,G,資本額,資本額,,元,2019,231886470
89380545,G,資本額,資本額,,元,2020,820080000
89380545,G,資本額,資本額,,元,2019,820080000
34168978,G,資本額,資本額,,元,2020,1000002390
34168978,G,資本額,資本額,,元,2019,1000002390
28997300,G,資本額,資本額,,元,2020,4716914660
28997300,G,資本額,資本額,,元,2019,4716914660
16834289,G,資本額,資本額,,元,2020,190920000
16834289,G,資本額,資本額,,元,2019,190920000
11394902,G,資本額,資本額,,元,2020,2877213120
11394902,G,資本額,資本額,,元,2019,2877213120
84626464,G,資本額,資本額,,元,2020,325194380
84626464,G,資本額,資本額,,元,2019,325194380
35866232,G,資本額,資本額,,元,2020,2219585790
35866232,G,資本額,資本額,,元,2019,2219585790
34452164,G,資本額,資本額,,元,2020,1966742000
34452164,G,資本額,資本額,,元,2019,1966742000
34516147,G,資本額,資本額,,元,2020,4433930860
34516147,G,資本額,資本額,,元,2019,4433930860
16274722,G,資本額,資本額,,元,2020,693996490
16274722,G,資本額,資本額,,元,2019,693996490
89639615,G,資本額,資本額,,元,2020,534010000
89639615,G,資本額,資本額,,元,2019,534010000
83202930,G,資本額,資本額,,元,2020,6852514600
83202930,G,資本額,資本額,,元,2019,6852514600
97307625,G,資本額,資本額,,元,2020,2792011250
97307625,G,資本額,資本額,,元,2019,2792011250
47255947,G,資本額,資本額,,元,2020,4386228460
47255947,G,資本額,資本額,,元,2019,4386228460
27763753,G,資本額,資本額,,元,2020,16279002650
27763753,G,資本額,資本額,,元,2019,16279002650
84149738,G,資本額,資本額,,元,2020,96242451150
84149738,G,資本額,資本額,,元,2019,96242451150
16522758,G,資本額,資本額,,元,2020,447282340
16522758,G,資本額,資本額,,元,2019,447282340
12800061,G,資本額,資本額,,元,2020,1140597000
12800061,G,資本額,資本額,,元,2019,1140597000
12846708,G,資本額,資本額,,元,2020,251612780
12846708,G,資本額,資本額,,元,2019,251612780
89358419,G,資本額,資本額,,元,2020,2072018010
89358419,G,資本額,資本額,,元,2019,2072018010
23504361,G,資本額,資本額,,元,2020,6655551140
23504361,G,資本額,資本額,,元,2019,6655551140
12737912,G,資本額,資本額,,元,2020,929344000
12737912,G,資本額,資本額,,元,2019,929344000
97178376,G,資本額,資本額,,元,2020,2859056890
97178376,G,資本額,資本額,,元,2019,2859056890
24804181,G,資本額,資本額,,元,2020,800709000
24804181,G,資本額,資本額,,元,2019,800709000
70766576,G,資本額,資本額,,元,2020,680090120
70766576,G,資本額,資本額,,元,2019,680090120
23218873,G,資本額,資本額,,元,2020,6936796630
23218873,G,資本額,資本額,,元,2019,6936796630
70526133,G,資本額,資本額,,元,2020,900281500
70526133,G,資本額,資本額,,元,2019,900281500
16743865,G,資本額,資本額,,元,2020,1047781360
16743865,G,資本額,資本額,,元,2019,1047781360
70634323,G,資本額,資本額,,元,2020,1445480000
70634323,G,資本額,資本額,,元,2019,1445480000
43941967,G,資本額,資本額,,元,2020,461900000
43941967,G,資本額,資本額,,元,2019,461900000
16177616,G,資本額,資本額,,元,2020,340236000
16177616,G,資本額,資本額,,元,2019,340236000
89716605,G,資本額,資本額,,元,2020,266852820
89716605,G,資本額,資本額,,元,2019,266852820
70720798,G,資本額,資本額,,元,2020,790523560
70720798,G,資本額,資本額,,元,2019,790523560
12767387,G,資本額,資本額,,元,2020,234000000
12767387,G,資本額,資本額,,元,2019,234000000
53058971,G,資本額,資本額,,元,2020,294295040
53058971,G,資本額,資本額,,元,2019,294295040
16858612,G,資本額,資本額,,元,2020,578870000
16858612,G,資本額,資本額,,元,2019,578870000
27340208,G,資本額,資本額,,元,2020,658000000
27340208,G,資本額,資本額,,元,2019,658000000
28675574,G,資本額,資本額,,元,2020,2250000000
28675574,G,資本額,資本額,,元,2019,2250000000
12206203,G,資本額,資本額,,元,2020,397482000
12206203,G,資本額,資本額,,元,2019,397482000
44955117,G,資本額,資本額,,元,2020,2771574960
44955117,G,資本額,資本額,,元,2019,2771574960
27473918,G,資本額,資本額,,元,2020,680620000
27473918,G,資本額,資本額,,元,2019,680620000
84995500,G,資本額,資本額,,元,2020,319550000
84995500,G,資本額,資本額,,元,2019,319550000
16439169,G,資本額,資本額,,元,2020,1700000000
16439169,G,資本額,資本額,,元,2019,1700000000
42821900,G,資本額,資本額,,元,2020,790000000
42821900,G,資本額,資本額,,元,2019,790000000
28621753,G,資本額,資本額,,元,2020,281735280
28621753,G,資本額,資本額,,元,2019,281735280
23722471,G,資本額,資本額,,元,2020,2923983530
23722471,G,資本額,資本額,,元,2019,2923983530
27877550,G,資本額,資本額,,元,2020,679440800
27877550,G,資本額,資本額,,元,2019,679440800
22164527,G,資本額,資本額,,元,2020,1423676130
22164527,G,資本額,資本額,,元,2019,1423676130
80260061,G,資本額,資本額,,元,2020,1513276000
80260061,G,資本額,資本額,,元,2019,1513276000
16549778,G,資本額,資本額,,元,2020,3206745000
16549778,G,資本額,資本額,,元,2019,3206745000
84785413,G,資本額,資本額,,元,2020,1459844500
84785413,G,資本額,資本額,,元,2019,1459844500
12364770,G,資本額,資本額,,元,2020,601956410
12364770,G,資本額,資本額,,元,2019,601956410
54258218,G,資本額,資本額,,元,2020,782919760
54258218,G,資本額,資本額,,元,2019,782919760
22480876,G,資本額,資本額,,元,2020,1341401970
22480876,G,資本額,資本額,,元,2019,1341401970
56690647,G,資本額,資本額,,元,2020,788400000
56690647,G,資本額,資本額,,元,2019,788400000
23572557,G,資本額,資本額,,元,2020,1121958630
23572557,G,資本額,資本額,,元,2019,1121958630
56654500,G,資本額,資本額,,元,2020,1741469310
56654500,G,資本額,資本額,,元,2019,1741469310
27390847,G,資本額,資本額,,元,2020,255000000
27390847,G,資本額,資本額,,元,2019,255000000
55921894,G,資本額,資本額,,元,2020,2810839010
55921894,G,資本額,資本額,,元,2019,2810839010
70848492,G,資本額,資本額,,元,2020,1387410000
70848492,G,資本額,資本額,,元,2019,1387410000
80579685,G,資本額,資本額,,元,2020,336215770
80579685,G,資本額,資本額,,元,2019,336215770
70697332,G,資本額,資本額,,元,2020,721779350
70697332,G,資本額,資本額,,元,2019,721779350
28357108,G,資本額,資本額,,元,2020,1027159110
28357108,G,資本額,資本額,,元,2019,1027159110
12205020,G,資本額,資本額,,元,2020,11588812000
12205020,G,資本額,資本額,,元,2019,11588812000
16450500,G,資本額,資本額,,元,2020,33011908510
16450500,G,資本額,資本額,,元,2019,33011908510
24758118,G,資本額,資本額,,元,2020,376430000
24758118,G,資本額,資本額,,元,2019,376430000
80493934,G,資本額,資本額,,元,2020,492034890
80493934,G,資本額,資本額,,元,2019,492034890
80503736,G,資本額,資本額,,元,2020,354816850
80503736,G,資本額,資本額,,元,2019,354816850
16302558,G,資本額,資本額,,元,2020,898473030
16302558,G,資本額,資本額,,元,2019,898473030
16253228,G,資本額,資本額,,元,2020,437236550
16253228,G,資本額,資本額,,元,2019,437236550
27790294,G,資本額,資本額,,元,2020,6755335000
27790294,G,資本額,資本額,,元,2019,6755335000
12979925,G,資本額,資本額,,元,2020,700000000
12979925,G,資本額,資本額,,元,2019,700000000
70750217,G,資本額,資本額,,元,2020,8069485290
70750217,G,資本額,資本額,,元,2019,8069485290
28580346,G,資本額,資本額,,元,2020,1145376080
28580346,G,資本額,資本額,,元,2019,1145376080
28334226,G,資本額,資本額,,元,2020,1004082000
28334226,G,資本額,資本額,,元,2019,1004082000
16452612,G,資本額,資本額,,元,2020,608344000
16452612,G,資本額,資本額,,元,2019,608344000
28230046,G,資本額,資本額,,元,2020,4636020000
28230046,G,資本額,資本額,,元,2019,4636020000
12800225,G,資本額,資本額,,元,2020,105596200510
12800225,G,資本額,資本額,,元,2019,105596200510
22434156,G,資本額,資本額,,元,2020,3006222520
22434156,G,資本額,資本額,,元,2019,3006222520
97049373,G,資本額,資本額,,元,2020,2063936040
97049373,G,資本額,資本額,,元,2019,2063936040
16432742,G,資本額,資本額,,元,2020,4415448510
16432742,G,資本額,資本額,,元,2019,4415448510
70849491,G,資本額,資本額,,元,2020,263516000
70849491,G,資本額,資本額,,元,2019,263516000
89261652,G,資本額,資本額,,元,2020,1624076030
89261652,G,資本額,資本額,,元,2019,1624076030
22101208,G,資本額,資本額,,元,2020,4650272630
22101208,G,資本額,資本額,,元,2019,4650272630
12205020,G,營運狀況,營業收入,,仟元,2020,9401027
12205020,G,營運狀況,營業成本,,仟元,2020,7397634
12205020,G,營運狀況,營業費用,,仟元,2020,2234737
12205020,G,營運狀況,淨利,,仟元,2020,124827
47255947,G,營運狀況,營業收入,,仟元,2020,5590046
47255947,G,營運狀況,營業成本,,仟元,2020,3946488
47255947,G,營運狀況,營業費用,,仟元,2020,954411
47255947,G,營運狀況,淨利,,仟元,2020,575129
23218873,G,營運狀況,營業收入,,仟元,2020,6578209
23218873,G,營運狀況,營業成本,,仟元,2020,5700940
23218873,G,營運狀況,營業費用,,仟元,2020,1359177
23218873,G,營運狀況,淨利,,仟元,2020,-801727
11394902,G,營運狀況,營業收入,,仟元,2020,3442017
11394902,G,營運狀況,營業成本,,仟元,2020,2855114
11394902,G,營運狀況,營業費用,,仟元,2020,1203201
11394902,G,營運狀況,淨利,,仟元,2020,-444902
34516147,G,營運狀況,營業收入,,仟元,2020,21637035
34516147,G,營運狀況,營業成本,,仟元,2020,16218266
34516147,G,營運狀況,營業費用,,仟元,2020,4065267
34516147,G,營運狀況,淨利,,仟元,2020,1249680
97178376,G,營運狀況,營業收入,,仟元,2020,9554735
97178376,G,營運狀況,營業成本,,仟元,2020,8323634
97178376,G,營運狀況,營業費用,,仟元,2020,1034653
97178376,G,營運狀況,淨利,,仟元,2020,-560980
84149738,G,營運狀況,營業收入,,仟元,2020,270955381
84149738,G,營運狀況,營業成本,,仟元,2020,248190042
84149738,G,營運狀況,營業費用,,仟元,2020,20682297
84149738,G,營運狀況,淨利,,仟元,2020,2907427
22434156,G,營運狀況,營業收入,,仟元,2020,2428616
22434156,G,營運狀況,營業成本,,仟元,2020,2067874
22434156,G,營運狀況,營業費用,,仟元,2020,366852
22434156,G,營運狀況,淨利,,仟元,2020,307901
12206203,G,營運狀況,營業收入,,仟元,2020,900394
12206203,G,營運狀況,營業成本,,仟元,2020,823287
12206203,G,營運狀況,營業費用,,仟元,2020,136935
12206203,G,營運狀況,淨利,,仟元,2020,-69543
12364770,G,營運狀況,營業收入,,仟元,2020,379424
12364770,G,營運狀況,營業成本,,仟元,2020,304194
12364770,G,營運狀況,營業費用,,仟元,2020,69853
12364770,G,營運狀況,淨利,,仟元,2020,22168
34348590,G,營運狀況,營業收入,,仟元,2020,1245165
34348590,G,營運狀況,營業成本,,仟元,2020,1098339
34348590,G,營運狀況,營業費用,,仟元,2020,233654
34348590,G,營運狀況,淨利,,仟元,2020,6368
35866232,G,營運狀況,營業收入,,仟元,2020,4197470
35866232,G,營運狀況,營業成本,,仟元,2020,3676594
35866232,G,營運狀況,營業費用,,仟元,2020,567927
35866232,G,營運狀況,淨利,,仟元,2020,-156591
84929896,G,營運狀況,營業收入,,仟元,2020,16747887
84929896,G,營運狀況,營業成本,,仟元,2020,15410170
84929896,G,營運狀況,營業費用,,仟元,2020,1894689
84929896,G,營運狀況,淨利,,仟元,2020,569570
89380545,G,營運狀況,營業收入,,仟元,2020,400282
89380545,G,營運狀況,營業成本,,仟元,2020,160327
89380545,G,營運狀況,營業費用,,仟元,2020,91790
89380545,G,營運狀況,淨利,,仟元,2020,214761
22480876,G,營運狀況,營業收入,,仟元,2020,55944489
22480876,G,營運狀況,營業成本,,仟元,2020,18476853
22480876,G,營運狀況,營業費用,,仟元,2020,5440116
22480876,G,營運狀況,淨利,,仟元,2020,24534131
55921894,G,營運狀況,營業收入,,仟元,2020,15760061
55921894,G,營運狀況,營業成本,,仟元,2020,12826953
55921894,G,營運狀況,營業費用,,仟元,2020,2039186
55921894,G,營運狀況,淨利,,仟元,2020,608006
44955117,G,營運狀況,營業收入,,仟元,2020,1280877
44955117,G,營運狀況,營業成本,,仟元,2020,980541
44955117,G,營運狀況,營業費用,,仟元,2020,256275
44955117,G,營運狀況,淨利,,仟元,2020,43498
34452164,G,營運狀況,營業收入,,仟元,2020,1375687
34452164,G,營運狀況,營業成本,,仟元,2020,998201
34452164,G,營運狀況,營業費用,,仟元,2020,269746
34452164,G,營運狀況,淨利,,仟元,2020,133115
89261652,G,營運狀況,營業收入,,仟元,2020,3737299
89261652,G,營運狀況,營業成本,,仟元,2020,2951432
89261652,G,營運狀況,營業費用,,仟元,2020,455979
89261652,G,營運狀況,淨利,,仟元,2020,232996
70750217,G,營運狀況,營業收入,,仟元,2020,3086399
70750217,G,營運狀況,營業成本,,仟元,2020,2375024
70750217,G,營運狀況,營業費用,,仟元,2020,292533
70750217,G,營運狀況,淨利,,仟元,2020,359746
84785413,G,營運狀況,營業收入,,仟元,2020,964940
84785413,G,營運狀況,營業成本,,仟元,2020,584198
84785413,G,營運狀況,營業費用,,仟元,2020,197888
84785413,G,營運狀況,淨利,,仟元,2020,140564
16439169,G,營運狀況,營業收入,,仟元,2020,2417836
16439169,G,營運狀況,營業成本,,仟元,2020,1972214
16439169,G,營運狀況,營業費用,,仟元,2020,327179
16439169,G,營運狀況,淨利,,仟元,2020,16464
97307625,G,營運狀況,營業收入,,仟元,2020,6102675
97307625,G,營運狀況,營業成本,,仟元,2020,4580745
97307625,G,營運狀況,營業費用,,仟元,2020,1436461
97307625,G,營運狀況,淨利,,仟元,2020,161508
97049373,G,營運狀況,營業收入,,仟元,2020,2448536
97049373,G,營運狀況,營業成本,,仟元,2020,2457634
97049373,G,營運狀況,營業費用,,仟元,2020,427528
97049373,G,營運狀況,淨利,,仟元,2020,-293123
16274722,G,營運狀況,營業收入,,仟元,2020,2836726
16274722,G,營運狀況,營業成本,,仟元,2020,2311040
16274722,G,營運狀況,營業費用,,仟元,2020,262979
16274722,G,營運狀況,淨利,,仟元,2020,179070
16302558,G,營運狀況,營業收入,,仟元,2020,1157285
16302558,G,營運狀況,營業成本,,仟元,2020,625417
16302558,G,營運狀況,營業費用,,仟元,2020,489247
16302558,G,營運狀況,淨利,,仟元,2020,161277
12979925,G,營運狀況,營業收入,,仟元,2020,551501
12979925,G,營運狀況,營業成本,,仟元,2020,666347
12979925,G,營運狀況,營業費用,,仟元,2020,123414
12979925,G,營運狀況,淨利,,仟元,2020,-284890
23572557,G,營運狀況,營業收入,,仟元,2020,15900157
23572557,G,營運狀況,營業成本,,仟元,2020,8990105
23572557,G,營運狀況,營業費用,,仟元,2020,2351834
23572557,G,營運狀況,淨利,,仟元,2020,3041011
70634323,G,營運狀況,營業收入,,仟元,2020,5478884
70634323,G,營運狀況,營業成本,,仟元,2020,5097190
70634323,G,營運狀況,營業費用,,仟元,2020,488357
70634323,G,營運狀況,淨利,,仟元,2020,-110627
70703897,G,營運狀況,營業收入,,仟元,2020,5544433
70703897,G,營運狀況,營業成本,,仟元,2020,3676304
70703897,G,營運狀況,營業費用,,仟元,2020,1603350
70703897,G,營運狀況,淨利,,仟元,2020,221507
12800225,G,營運狀況,營業收入,,仟元,2020,269911051
12800225,G,營運狀況,營業成本,,仟元,2020,246077953
12800225,G,營運狀況,營業費用,,仟元,2020,22021301
12800225,G,營運狀況,淨利,,仟元,2020,1639824
84995500,G,營運狀況,營業收入,,仟元,2020,351676
84995500,G,營運狀況,營業成本,,仟元,2020,219804
84995500,G,營運狀況,營業費用,,仟元,2020,60140
84995500,G,營運狀況,淨利,,仟元,2020,57717
12800061,G,營運狀況,營業收入,,仟元,2020,3905582
12800061,G,營運狀況,營業成本,,仟元,2020,3194202
12800061,G,營運狀況,營業費用,,仟元,2020,946949
12800061,G,營運狀況,淨利,,仟元,2020,-236216
70720798,G,營運狀況,營業收入,,仟元,2020,1141503
70720798,G,營運狀況,營業成本,,仟元,2020,906324
70720798,G,營運狀況,營業費用,,仟元,2020,270940
70720798,G,營運狀況,淨利,,仟元,2020,-101773
70526133,G,營運狀況,營業收入,,仟元,2020,3120452
70526133,G,營運狀況,營業成本,,仟元,2020,2683494
70526133,G,營運狀況,營業費用,,仟元,2020,400878
70526133,G,營運狀況,淨利,,仟元,2020,-386391
16522758,G,營運狀況,營業收入,,仟元,2020,2397855
16522758,G,營運狀況,營業成本,,仟元,2020,878190
16522758,G,營運狀況,營業費用,,仟元,2020,650569
16522758,G,營運狀況,淨利,,仟元,2020,654515
27763753,G,營運狀況,營業收入,,仟元,2020,12511034
27763753,G,營運狀況,營業成本,,仟元,2020,13443714
27763753,G,營運狀況,營業費用,,仟元,2020,1759674
27763753,G,營運狀況,淨利,,仟元,2020,-6162307
12907747,G,營運狀況,營業收入,,仟元,2020,1901238
12907747,G,營運狀況,營業成本,,仟元,2020,1535866
12907747,G,營運狀況,營業費用,,仟元,2020,361528
12907747,G,營運狀況,淨利,,仟元,2020,32823
89716605,G,營運狀況,營業收入,,仟元,2020,566709
89716605,G,營運狀況,營業成本,,仟元,2020,448913
89716605,G,營運狀況,營業費用,,仟元,2020,78625
89716605,G,營運狀況,淨利,,仟元,2020,37554
80260061,G,營運狀況,營業收入,,仟元,2020,926478
80260061,G,營運狀況,營業成本,,仟元,2020,741745
80260061,G,營運狀況,營業費用,,仟元,2020,195087
80260061,G,營運狀況,淨利,,仟元,2020,201508
28621753,G,營運狀況,營業收入,,仟元,2020,790109
28621753,G,營運狀況,營業成本,,仟元,2020,629616
28621753,G,營運狀況,營業費用,,仟元,2020,114917
28621753,G,營運狀況,淨利,,仟元,2020,26892
16177616,G,營運狀況,營業收入,,仟元,2020,2858636
16177616,G,營運狀況,營業成本,,仟元,2020,2625858
16177616,G,營運狀況,營業費用,,仟元,2020,158075
16177616,G,營運狀況,淨利,,仟元,2020,118897
80493934,G,營運狀況,營業收入,,仟元,2020,1384976
80493934,G,營運狀況,營業成本,,仟元,2020,1083563
80493934,G,營運狀況,營業費用,,仟元,2020,178191
80493934,G,營運狀況,淨利,,仟元,2020,92180
31805657,G,營運狀況,營業收入,,仟元,2020,114583199
31805657,G,營運狀況,營業成本,,仟元,2020,109717613
31805657,G,營運狀況,營業費用,,仟元,2020,3915897
31805657,G,營運狀況,淨利,,仟元,2020,1034373
12767387,G,營運狀況,營業收入,,仟元,2020,197406
12767387,G,營運狀況,營業成本,,仟元,2020,152488
12767387,G,營運狀況,營業費用,,仟元,2020,37950
12767387,G,營運狀況,淨利,,仟元,2020,417
12737912,G,營運狀況,營業收入,,仟元,2020,582595
12737912,G,營運狀況,營業成本,,仟元,2020,417860
12737912,G,營運狀況,營業費用,,仟元,2020,133479
12737912,G,營運狀況,淨利,,仟元,2020,5125
56690647,G,營運狀況,營業收入,,仟元,2020,2395727
56690647,G,營運狀況,營業成本,,仟元,2020,1529049
56690647,G,營運狀況,營業費用,,仟元,2020,642932
56690647,G,營運狀況,淨利,,仟元,2020,141230
16452612,G,營運狀況,營業收入,,仟元,2020,2611173
16452612,G,營運狀況,營業成本,,仟元,2020,2117392
16452612,G,營運狀況,營業費用,,仟元,2020,192715
16452612,G,營運狀況,淨利,,仟元,2020,319100
28675574,G,營運狀況,營業收入,,仟元,2020,2193597
28675574,G,營運狀況,營業成本,,仟元,2020,1968113
28675574,G,營運狀況,營業費用,,仟元,2020,230632
28675574,G,營運狀況,淨利,,仟元,2020,-5340
26797925,G,營運狀況,營業收入,,仟元,2020,11205768
26797925,G,營運狀況,營業成本,,仟元,2020,8832825
26797925,G,營運狀況,營業費用,,仟元,2020,797486
26797925,G,營運狀況,淨利,,仟元,2020,1355051
22164527,G,營運狀況,營業收入,,仟元,2020,7263201
22164527,G,營運狀況,營業成本,,仟元,2020,5553079
22164527,G,營運狀況,營業費用,,仟元,2020,807641
22164527,G,營運狀況,淨利,,仟元,2020,676365
28334226,G,營運狀況,營業收入,,仟元,2020,1302811
28334226,G,營運狀況,營業成本,,仟元,2020,1109629
28334226,G,營運狀況,營業費用,,仟元,2020,178925
28334226,G,營運狀況,淨利,,仟元,2020,16164
27790294,G,營運狀況,營業收入,,仟元,2020,9456875
27790294,G,營運狀況,營業成本,,仟元,2020,9149122
27790294,G,營運狀況,營業費用,,仟元,2020,577401
27790294,G,營運狀況,淨利,,仟元,2020,-91471
70848492,G,營運狀況,營業收入,,仟元,2020,1371127
70848492,G,營運狀況,營業成本,,仟元,2020,1316067
70848492,G,營運狀況,營業費用,,仟元,2020,124406
70848492,G,營運狀況,淨利,,仟元,2020,-56832
28357108,G,營運狀況,營業收入,,仟元,2020,4296103
28357108,G,營運狀況,營業成本,,仟元,2020,2757332
28357108,G,營運狀況,營業費用,,仟元,2020,805385
28357108,G,營運狀況,淨利,,仟元,2020,631304
80503736,G,營運狀況,營業收入,,仟元,2020,425693
80503736,G,營運狀況,營業成本,,仟元,2020,282163
80503736,G,營運狀況,營業費用,,仟元,2020,239996
80503736,G,營運狀況,淨利,,仟元,2020,-94265
01895435,G,營運狀況,營業收入,,仟元,2020,9889935
01895435,G,營運狀況,營業成本,,仟元,2020,8166970
01895435,G,營運狀況,營業費用,,仟元,2020,1048944
01895435,G,營運狀況,淨利,,仟元,2020,460937
27877550,G,營運狀況,營業收入,,仟元,2020,922384
27877550,G,營運狀況,營業成本,,仟元,2020,487163
27877550,G,營運狀況,營業費用,,仟元,2020,201590
27877550,G,營運狀況,淨利,,仟元,2020,206985
16834289,G,營運狀況,營業收入,,仟元,2020,353254
16834289,G,營運狀況,營業成本,,仟元,2020,310207
16834289,G,營運狀況,營業費用,,仟元,2020,49953
16834289,G,營運狀況,淨利,,仟元,2020,1063
27390847,G,營運狀況,營業收入,,仟元,2020,349859
27390847,G,營運狀況,營業成本,,仟元,2020,242435
27390847,G,營運狀況,營業費用,,仟元,2020,41619
27390847,G,營運狀況,淨利,,仟元,2020,42514
27473918,G,營運狀況,營業收入,,仟元,2020,676111
27473918,G,營運狀況,營業成本,,仟元,2020,590287
27473918,G,營運狀況,營業費用,,仟元,2020,127862
27473918,G,營運狀況,淨利,,仟元,2020,-51610
89639615,G,營運狀況,營業收入,,仟元,2020,310453
89639615,G,營運狀況,營業成本,,仟元,2020,250937
89639615,G,營運狀況,營業費用,,仟元,2020,142487
89639615,G,營運狀況,淨利,,仟元,2020,-48080
16450500,G,營運狀況,營業收入,,仟元,2020,19553306
16450500,G,營運狀況,營業成本,,仟元,2020,14713779
16450500,G,營運狀況,營業費用,,仟元,2020,2130575
16450500,G,營運狀況,淨利,,仟元,2020,3835096
23504361,G,營運狀況,營業收入,,仟元,2020,14290244
23504361,G,營運狀況,營業成本,,仟元,2020,14634159
23504361,G,營運狀況,營業費用,,仟元,2020,1234746
23504361,G,營運狀況,淨利,,仟元,2020,-1240799
34168978,G,營運狀況,營業收入,,仟元,2020,760612
34168978,G,營運狀況,營業成本,,仟元,2020,569253
34168978,G,營運狀況,營業費用,,仟元,2020,249479
34168978,G,營運狀況,淨利,,仟元,2020,-16680
89358419,G,營運狀況,營業收入,,仟元,2020,2507351
89358419,G,營運狀況,營業成本,,仟元,2020,1974626
89358419,G,營運狀況,營業費用,,仟元,2020,308823
89358419,G,營運狀況,淨利,,仟元,2020,143646
22101208,G,營運狀況,營業收入,,仟元,2020,56093201
22101208,G,營運狀況,營業成本,,仟元,2020,45420091
22101208,G,營運狀況,營業費用,,仟元,2020,2802771
22101208,G,營運狀況,淨利,,仟元,2020,5227665
56654500,G,營運狀況,營業收入,,仟元,2020,2979162
56654500,G,營運狀況,營業成本,,仟元,2020,2857760
56654500,G,營運狀況,營業費用,,仟元,2020,364044
56654500,G,營運狀況,淨利,,仟元,2020,-216792
16253228,G,營運狀況,營業收入,,仟元,2020,23202
16253228,G,營運狀況,營業成本,,仟元,2020,18640
16253228,G,營運狀況,營業費用,,仟元,2020,11104
16253228,G,營運狀況,淨利,,仟元,2020,-6760
22601800,G,營運狀況,營業收入,,仟元,2020,809208
22601800,G,營運狀況,營業成本,,仟元,2020,544116
22601800,G,營運狀況,營業費用,,仟元,2020,277274
22601800,G,營運狀況,淨利,,仟元,2020,-52067
23722471,G,營運狀況,營業收入,,仟元,2020,41405758
23722471,G,營運狀況,營業成本,,仟元,2020,36396409
23722471,G,營運狀況,營業費用,,仟元,2020,2509284
23722471,G,營運狀況,淨利,,仟元,2020,2188249
16743865,G,營運狀況,營業收入,,仟元,2020,77932
16743865,G,營運狀況,營業成本,,仟元,2020,175081
16743865,G,營運狀況,營業費用,,仟元,2020,38907
16743865,G,營運狀況,淨利,,仟元,2020,-73234
27340208,G,營運狀況,營業收入,,仟元,2020,441734
27340208,G,營運狀況,營業成本,,仟元,2020,394273
27340208,G,營運狀況,營業費用,,仟元,2020,129617
27340208,G,營運狀況,淨利,,仟元,2020,87165
41181265,G,營運狀況,營業收入,,仟元,2020,152753
41181265,G,營運狀況,營業成本,,仟元,2020,152901
41181265,G,營運狀況,營業費用,,仟元,2020,64206
41181265,G,營運狀況,淨利,,仟元,2020,-62874
28230046,G,營運狀況,營業收入,,仟元,2020,1588837
28230046,G,營運狀況,營業成本,,仟元,2020,1461514
28230046,G,營運狀況,營業費用,,仟元,2020,82795
28230046,G,營運狀況,淨利,,仟元,2020,17833
28997300,G,營運狀況,營業收入,,仟元,2020,4623829
28997300,G,營運狀況,營業成本,,仟元,2020,4134896
28997300,G,營運狀況,營業費用,,仟元,2020,398544
28997300,G,營運狀況,淨利,,仟元,2020,-284866
41420316,G,營運狀況,營業收入,,仟元,2020,127104736
41420316,G,營運狀況,營業成本,,仟元,2020,116143614
41420316,G,營運狀況,營業費用,,仟元,2020,8422821
41420316,G,營運狀況,淨利,,仟元,2020,3730920
28580346,G,營運狀況,營業收入,,仟元,2020,2085142
28580346,G,營運狀況,營業成本,,仟元,2020,1636461
28580346,G,營運狀況,營業費用,,仟元,2020,118691
28580346,G,營運狀況,淨利,,仟元,2020,263449
80579685,G,營運狀況,營業收入,,仟元,2020,789767
80579685,G,營運狀況,營業成本,,仟元,2020,542285
80579685,G,營運狀況,營業費用,,仟元,2020,104189
80579685,G,營運狀況,淨利,,仟元,2020,112575
27797183,G,營運狀況,營業收入,,仟元,2020,79128
27797183,G,營運狀況,營業成本,,仟元,2020,67325
27797183,G,營運狀況,營業費用,,仟元,2020,37357
27797183,G,營運狀況,淨利,,仟元,2020,-29386
54258218,G,營運狀況,營業收入,,仟元,2020,1689699
54258218,G,營運狀況,營業成本,,仟元,2020,1058063
54258218,G,營運狀況,營業費用,,仟元,2020,422960
54258218,G,營運狀況,淨利,,仟元,2020,123054
70849491,G,營運狀況,營業收入,,仟元,2020,179328
70849491,G,營運狀況,營業成本,,仟元,2020,176200
70849491,G,營運狀況,營業費用,,仟元,2020,42732
70849491,G,營運狀況,淨利,,仟元,2020,-50114
24804181,G,營運狀況,營業收入,,仟元,2020,621985
24804181,G,營運狀況,營業成本,,仟元,2020,623286
24804181,G,營運狀況,營業費用,,仟元,2020,161158
24804181,G,營運狀況,淨利,,仟元,2020,-182491
24758118,G,營運狀況,營業收入,,仟元,2020,1472980
24758118,G,營運狀況,營業成本,,仟元,2020,1085797
24758118,G,營運狀況,營業費用,,仟元,2020,174504
24758118,G,營運狀況,淨利,,仟元,2020,165661
70697332,G,營運狀況,營業收入,,仟元,2020,3159682
70697332,G,營運狀況,營業成本,,仟元,2020,2085787
70697332,G,營運狀況,營業費用,,仟元,2020,634713
70697332,G,營運狀況,淨利,,仟元,2020,342846
43941967,G,營運狀況,營業收入,,仟元,2020,37054
43941967,G,營運狀況,營業成本,,仟元,2020,14581
43941967,G,營運狀況,營業費用,,仟元,2020,145826
43941967,G,營運狀況,淨利,,仟元,2020,-125069
12846708,G,營運狀況,營業收入,,仟元,2020,84179
12846708,G,營運狀況,營業成本,,仟元,2020,29594
12846708,G,營運狀況,營業費用,,仟元,2020,53066
12846708,G,營運狀況,淨利,,仟元,2020,5918
42821900,G,營運狀況,營業收入,,仟元,2020,2939858
42821900,G,營運狀況,營業成本,,仟元,2020,2392575
42821900,G,營運狀況,營業費用,,仟元,2020,274410
42821900,G,營運狀況,淨利,,仟元,2020,207979
16858612,G,營運狀況,營業收入,,仟元,2020,19398
16858612,G,營運狀況,營業成本,,仟元,2020,72027
16858612,G,營運狀況,營業費用,,仟元,2020,31825
16858612,G,營運狀況,淨利,,仟元,2020,-83690
53058971,G,營運狀況,營業收入,,仟元,2020,460042
53058971,G,營運狀況,營業成本,,仟元,2020,178508
53058971,G,營運狀況,營業費用,,仟元,2020,160840
53058971,G,營運狀況,淨利,,仟元,2020,107337
70766576,G,營運狀況,營業收入,,仟元,2020,1638051
70766576,G,營運狀況,營業成本,,仟元,2020,1217433
70766576,G,營運狀況,營業費用,,仟元,2020,229169
70766576,G,營運狀況,淨利,,仟元,2020,207781
16432742,G,營運狀況,營業收入,,仟元,2020,7159043
16432742,G,營運狀況,營業成本,,仟元,2020,7013220
16432742,G,營運狀況,營業費用,,仟元,2020,921298
16432742,G,營運狀況,淨利,,仟元,2020,-1090187
16549778,G,營運狀況,營業收入,,仟元,2020,15049948
16549778,G,營運狀況,營業成本,,仟元,2020,12776414
16549778,G,營運狀況,營業費用,,仟元,2020,1726161
16549778,G,營運狀況,淨利,,仟元,2020,395973
84626464,G,營運狀況,營業收入,,仟元,2020,48804
84626464,G,營運狀況,營業成本,,仟元,2020,42164
84626464,G,營運狀況,營業費用,,仟元,2020,55238
84626464,G,營運狀況,淨利,,仟元,2020,-18398
12205020,G,營運狀況,營業收入,,仟元,2019,7045247
12205020,G,營運狀況,營業成本,,仟元,2019,5926766
12205020,G,營運狀況,營業費用,,仟元,2019,1212085
12205020,G,營運狀況,淨利,,仟元,2019,167586
47255947,G,營運狀況,營業收入,,仟元,2019,5418004
47255947,G,營運狀況,營業成本,,仟元,2019,3779675
47255947,G,營運狀況,營業費用,,仟元,2019,898172
47255947,G,營運狀況,淨利,,仟元,2019,604635
23218873,G,營運狀況,營業收入,,仟元,2019,7779123
23218873,G,營運狀況,營業成本,,仟元,2019,7240537
23218873,G,營運狀況,營業費用,,仟元,2019,1514609
23218873,G,營運狀況,淨利,,仟元,2019,-2571482
11394902,G,營運狀況,營業收入,,仟元,2019,6591161
11394902,G,營運狀況,營業成本,,仟元,2019,5712768
11394902,G,營運狀況,營業費用,,仟元,2019,1303377
11394902,G,營運狀況,淨利,,仟元,2019,-379262
34516147,G,營運狀況,營業收入,,仟元,2019,20966541
34516147,G,營運狀況,營業成本,,仟元,2019,15838093
34516147,G,營運狀況,營業費用,,仟元,2019,4293255
34516147,G,營運狀況,淨利,,仟元,2019,851329
97178376,G,營運狀況,營業收入,,仟元,2019,8468615
97178376,G,營運狀況,營業成本,,仟元,2019,7483601
97178376,G,營運狀況,營業費用,,仟元,2019,1039650
97178376,G,營運狀況,淨利,,仟元,2019,30685
84149738,G,營運狀況,營業收入,,仟元,2019,268791694
84149738,G,營運狀況,營業成本,,仟元,2019,268335751
84149738,G,營運狀況,營業費用,,仟元,2019,20923891
84149738,G,營運狀況,淨利,,仟元,2019,-21599416
22434156,G,營運狀況,營業收入,,仟元,2019,2519855
22434156,G,營運狀況,營業成本,,仟元,2019,2134783
22434156,G,營運狀況,營業費用,,仟元,2019,388539
22434156,G,營運狀況,淨利,,仟元,2019,209390
12206203,G,營運狀況,營業收入,,仟元,2019,972295
12206203,G,營運狀況,營業成本,,仟元,2019,905397
12206203,G,營運狀況,營業費用,,仟元,2019,111695
12206203,G,營運狀況,淨利,,仟元,2019,-131519
12364770,G,營運狀況,營業收入,,仟元,2019,431354
12364770,G,營運狀況,營業成本,,仟元,2019,323339
12364770,G,營運狀況,營業費用,,仟元,2019,70891
12364770,G,營運狀況,淨利,,仟元,2019,-55872
34348590,G,營運狀況,營業收入,,仟元,2019,2294655
34348590,G,營運狀況,營業成本,,仟元,2019,2113907
34348590,G,營運狀況,營業費用,,仟元,2019,269865
34348590,G,營運狀況,淨利,,仟元,2019,27532
35866232,G,營運狀況,營業收入,,仟元,2019,3665270
35866232,G,營運狀況,營業成本,,仟元,2019,3333008
35866232,G,營運狀況,營業費用,,仟元,2019,542201
35866232,G,營運狀況,淨利,,仟元,2019,-185540
84929896,G,營運狀況,營業收入,,仟元,2019,15220325
84929896,G,營運狀況,營業成本,,仟元,2019,13116178
84929896,G,營運狀況,營業費用,,仟元,2019,2212969
84929896,G,營運狀況,淨利,,仟元,2019,16737
89380545,G,營運狀況,營業收入,,仟元,2019,322760
89380545,G,營運狀況,營業成本,,仟元,2019,367052
89380545,G,營運狀況,營業費用,,仟元,2019,117614
89380545,G,營運狀況,淨利,,仟元,2019,1075804
22480876,G,營運狀況,營業收入,,仟元,2019,60745008
22480876,G,營運狀況,營業成本,,仟元,2019,18823588
22480876,G,營運狀況,營業費用,,仟元,2019,5441283
22480876,G,營運狀況,淨利,,仟元,2019,28263082
55921894,G,營運狀況,營業收入,,仟元,2019,18117631
55921894,G,營運狀況,營業成本,,仟元,2019,14548065
55921894,G,營運狀況,營業費用,,仟元,2019,2188155
55921894,G,營運狀況,淨利,,仟元,2019,1348324
44955117,G,營運狀況,營業收入,,仟元,2019,1350219
44955117,G,營運狀況,營業成本,,仟元,2019,1025694
44955117,G,營運狀況,營業費用,,仟元,2019,315430
44955117,G,營運狀況,淨利,,仟元,2019,48570
34452164,G,營運狀況,營業收入,,仟元,2019,1763659
34452164,G,營運狀況,營業成本,,仟元,2019,1339117
34452164,G,營運狀況,營業費用,,仟元,2019,284811
34452164,G,營運狀況,淨利,,仟元,2019,233879
89261652,G,營運狀況,營業收入,,仟元,2019,4107559
89261652,G,營運狀況,營業成本,,仟元,2019,3306539
89261652,G,營運狀況,營業費用,,仟元,2019,487364
89261652,G,營運狀況,淨利,,仟元,2019,257047
70750217,G,營運狀況,營業收入,,仟元,2019,4403816
70750217,G,營運狀況,營業成本,,仟元,2019,2741916
70750217,G,營運狀況,營業費用,,仟元,2019,400960
70750217,G,營運狀況,淨利,,仟元,2019,984518
84785413,G,營運狀況,營業收入,,仟元,2019,1020063
84785413,G,營運狀況,營業成本,,仟元,2019,596249
84785413,G,營運狀況,營業費用,,仟元,2019,220775
84785413,G,營運狀況,淨利,,仟元,2019,121074
16439169,G,營運狀況,營業收入,,仟元,2019,2514724
16439169,G,營運狀況,營業成本,,仟元,2019,2025816
16439169,G,營運狀況,營業費用,,仟元,2019,343222
16439169,G,營運狀況,淨利,,仟元,2019,-169313
97307625,G,營運狀況,營業收入,,仟元,2019,6189352
97307625,G,營運狀況,營業成本,,仟元,2019,5174937
97307625,G,營運狀況,營業費用,,仟元,2019,1171085
97307625,G,營運狀況,淨利,,仟元,2019,-3853
97049373,G,營運狀況,營業收入,,仟元,2019,2866074
97049373,G,營運狀況,營業成本,,仟元,2019,2883233
97049373,G,營運狀況,營業費用,,仟元,2019,196757
97049373,G,營運狀況,淨利,,仟元,2019,-60369
16274722,G,營運狀況,營業收入,,仟元,2019,2711425
16274722,G,營運狀況,營業成本,,仟元,2019,2179666
16274722,G,營運狀況,營業費用,,仟元,2019,274602
16274722,G,營運狀況,淨利,,仟元,2019,208749
16302558,G,營運狀況,營業收入,,仟元,2019,1381125
16302558,G,營運狀況,營業成本,,仟元,2019,832182
16302558,G,營運狀況,營業費用,,仟元,2019,502239
16302558,G,營運狀況,淨利,,仟元,2019,22812
12979925,G,營運狀況,營業收入,,仟元,2019,744469
12979925,G,營運狀況,營業成本,,仟元,2019,834615
12979925,G,營運狀況,營業費用,,仟元,2019,144802
12979925,G,營運狀況,淨利,,仟元,2019,-231123
23572557,G,營運狀況,營業收入,,仟元,2019,12045811
23572557,G,營運狀況,營業成本,,仟元,2019,6390884
23572557,G,營運狀況,營業費用,,仟元,2019,2278211
23572557,G,營運狀況,淨利,,仟元,2019,2523239
70634323,G,營運狀況,營業收入,,仟元,2019,4037141
70634323,G,營運狀況,營業成本,,仟元,2019,3681050
70634323,G,營運狀況,營業費用,,仟元,2019,527152
70634323,G,營運狀況,淨利,,仟元,2019,-207225
70703897,G,營運狀況,營業收入,,仟元,2019,6573617
70703897,G,營運狀況,營業成本,,仟元,2019,4534169
70703897,G,營運狀況,營業費用,,仟元,2019,1735908
70703897,G,營運狀況,淨利,,仟元,2019,241874
12800225,G,營運狀況,營業收入,,仟元,2019,251971209
12800225,G,營運狀況,營業成本,,仟元,2019,248957129
12800225,G,營運狀況,營業費用,,仟元,2019,22947976
12800225,G,營運狀況,淨利,,仟元,2019,-17440272
84995500,G,營運狀況,營業收入,,仟元,2019,269963
84995500,G,營運狀況,營業成本,,仟元,2019,189467
84995500,G,營運狀況,營業費用,,仟元,2019,47180
84995500,G,營運狀況,淨利,,仟元,2019,38784
12800061,G,營運狀況,營業收入,,仟元,2019,4819901
12800061,G,營運狀況,營業成本,,仟元,2019,3790730
12800061,G,營運狀況,營業費用,,仟元,2019,1037523
12800061,G,營運狀況,淨利,,仟元,2019,5360
70720798,G,營運狀況,營業收入,,仟元,2019,1765856
70720798,G,營運狀況,營業成本,,仟元,2019,1246531
70720798,G,營運狀況,營業費用,,仟元,2019,383139
70720798,G,營運狀況,淨利,,仟元,2019,116473
70526133,G,營運狀況,營業收入,,仟元,2019,2967577
70526133,G,營運狀況,營業成本,,仟元,2019,2462384
70526133,G,營運狀況,營業費用,,仟元,2019,421312
70526133,G,營運狀況,淨利,,仟元,2019,96005
16522758,G,營運狀況,營業收入,,仟元,2019,2543441
16522758,G,營運狀況,營業成本,,仟元,2019,904519
16522758,G,營運狀況,營業費用,,仟元,2019,568425
16522758,G,營運狀況,淨利,,仟元,2019,866869
27763753,G,營運狀況,營業收入,,仟元,2019,18139112
27763753,G,營運狀況,營業成本,,仟元,2019,19121643
27763753,G,營運狀況,營業費用,,仟元,2019,2470935
27763753,G,營運狀況,淨利,,仟元,2019,-5769189
12907747,G,營運狀況,營業收入,,仟元,2019,2259604
12907747,G,營運狀況,營業成本,,仟元,2019,1863247
12907747,G,營運狀況,營業費用,,仟元,2019,453657
12907747,G,營運狀況,淨利,,仟元,2019,-277723
89716605,G,營運狀況,營業收入,,仟元,2019,551864
89716605,G,營運狀況,營業成本,,仟元,2019,439328
89716605,G,營運狀況,營業費用,,仟元,2019,79145
89716605,G,營運狀況,淨利,,仟元,2019,29049
80260061,G,營運狀況,營業收入,,仟元,2019,913081
80260061,G,營運狀況,營業成本,,仟元,2019,770994
80260061,G,營運狀況,營業費用,,仟元,2019,206234
80260061,G,營運狀況,淨利,,仟元,2019,135925
28621753,G,營運狀況,營業收入,,仟元,2019,700116
28621753,G,營運狀況,營業成本,,仟元,2019,566215
28621753,G,營運狀況,營業費用,,仟元,2019,117935
28621753,G,營運狀況,淨利,,仟元,2019,15628
16177616,G,營運狀況,營業收入,,仟元,2019,3995046
16177616,G,營運狀況,營業成本,,仟元,2019,3587871
16177616,G,營運狀況,營業費用,,仟元,2019,191241
16177616,G,營運狀況,淨利,,仟元,2019,178351
80493934,G,營運狀況,營業收入,,仟元,2019,1616373
80493934,G,營運狀況,營業成本,,仟元,2019,1281041
80493934,G,營運狀況,營業費用,,仟元,2019,221510
80493934,G,營運狀況,淨利,,仟元,2019,80710
31805657,G,營運狀況,營業收入,,仟元,2019,136606695
31805657,G,營運狀況,營業成本,,仟元,2019,131866816
31805657,G,營運狀況,營業費用,,仟元,2019,4615752
31805657,G,營運狀況,淨利,,仟元,2019,302739
12767387,G,營運狀況,營業收入,,仟元,2019,199223
12767387,G,營運狀況,營業成本,,仟元,2019,159236
12767387,G,營運狀況,營業費用,,仟元,2019,36724
12767387,G,營運狀況,淨利,,仟元,2019,141
12737912,G,營運狀況,營業收入,,仟元,2019,703882
12737912,G,營運狀況,營業成本,,仟元,2019,391716
12737912,G,營運狀況,營業費用,,仟元,2019,161909
12737912,G,營運狀況,淨利,,仟元,2019,176323
56690647,G,營運狀況,營業收入,,仟元,2019,3104455
56690647,G,營運狀況,營業成本,,仟元,2019,2381783
56690647,G,營運狀況,營業費用,,仟元,2019,651043
56690647,G,營運狀況,淨利,,仟元,2019,82075
16452612,G,營運狀況,營業收入,,仟元,2019,1202369
16452612,G,營運狀況,營業成本,,仟元,2019,958765
16452612,G,營運狀況,營業費用,,仟元,2019,144786
16452612,G,營運狀況,淨利,,仟元,2019,72818
28675574,G,營運狀況,營業收入,,仟元,2019,2328813
28675574,G,營運狀況,營業成本,,仟元,2019,2448428
28675574,G,營運狀況,營業費用,,仟元,2019,209949
28675574,G,營運狀況,淨利,,仟元,2019,-484003
26797925,G,營運狀況,營業收入,,仟元,2019,5286248
26797925,G,營運狀況,營業成本,,仟元,2019,4368503
26797925,G,營運狀況,營業費用,,仟元,2019,586849
26797925,G,營運狀況,淨利,,仟元,2019,344564
22164527,G,營運狀況,營業收入,,仟元,2019,7622723
22164527,G,營運狀況,營業成本,,仟元,2019,5883747
22164527,G,營運狀況,營業費用,,仟元,2019,826124
22164527,G,營運狀況,淨利,,仟元,2019,648384
28334226,G,營運狀況,營業收入,,仟元,2019,1191440
28334226,G,營運狀況,營業成本,,仟元,2019,1072021
28334226,G,營運狀況,營業費用,,仟元,2019,243716
28334226,G,營運狀況,淨利,,仟元,2019,-126879
27790294,G,營運狀況,營業收入,,仟元,2019,14896250
27790294,G,營運狀況,營業成本,,仟元,2019,14326772
27790294,G,營運狀況,營業費用,,仟元,2019,1019644
27790294,G,營運狀況,淨利,,仟元,2019,-760446
70848492,G,營運狀況,營業收入,,仟元,2019,1241395
70848492,G,營運狀況,營業成本,,仟元,2019,1199780
70848492,G,營運狀況,營業費用,,仟元,2019,160796
70848492,G,營運狀況,淨利,,仟元,2019,-92998
28357108,G,營運狀況,營業收入,,仟元,2019,4530841
28357108,G,營運狀況,營業成本,,仟元,2019,2957915
28357108,G,營運狀況,營業費用,,仟元,2019,820488
28357108,G,營運狀況,淨利,,仟元,2019,650421
80503736,G,營運狀況,營業收入,,仟元,2019,537923
80503736,G,營運狀況,營業成本,,仟元,2019,308754
80503736,G,營運狀況,營業費用,,仟元,2019,281906
80503736,G,營運狀況,淨利,,仟元,2019,-57554
01895435,G,營運狀況,營業收入,,仟元,2019,10102252
01895435,G,營運狀況,營業成本,,仟元,2019,8440721
01895435,G,營運狀況,營業費用,,仟元,2019,1008069
01895435,G,營運狀況,淨利,,仟元,2019,499593
27877550,G,營運狀況,營業收入,,仟元,2019,746097
27877550,G,營運狀況,營業成本,,仟元,2019,428532
27877550,G,營運狀況,營業費用,,仟元,2019,182965
27877550,G,營運狀況,淨利,,仟元,2019,127216
16834289,G,營運狀況,營業收入,,仟元,2019,410894
16834289,G,營運狀況,營業成本,,仟元,2019,320342
16834289,G,營運狀況,營業費用,,仟元,2019,49572
16834289,G,營運狀況,淨利,,仟元,2019,34555
27390847,G,營運狀況,營業收入,,仟元,2019,390300
27390847,G,營運狀況,營業成本,,仟元,2019,283016
27390847,G,營運狀況,營業費用,,仟元,2019,44356
27390847,G,營運狀況,淨利,,仟元,2019,50894
27473918,G,營運狀況,營業收入,,仟元,2019,607650
27473918,G,營運狀況,營業成本,,仟元,2019,522749
27473918,G,營運狀況,營業費用,,仟元,2019,133106
27473918,G,營運狀況,淨利,,仟元,2019,-55888
89639615,G,營運狀況,營業收入,,仟元,2019,285642
89639615,G,營運狀況,營業成本,,仟元,2019,237545
89639615,G,營運狀況,營業費用,,仟元,2019,177420
89639615,G,營運狀況,淨利,,仟元,2019,-101270
16450500,G,營運狀況,營業收入,,仟元,2019,16337046
16450500,G,營運狀況,營業成本,,仟元,2019,14467715
16450500,G,營運狀況,營業費用,,仟元,2019,1735725
16450500,G,營運狀況,淨利,,仟元,2019,781079
23504361,G,營運狀況,營業收入,,仟元,2019,15851885
23504361,G,營運狀況,營業成本,,仟元,2019,15071649
23504361,G,營運狀況,營業費用,,仟元,2019,1197663
23504361,G,營運狀況,淨利,,仟元,2019,-190141
34168978,G,營運狀況,營業收入,,仟元,2019,909011
34168978,G,營運狀況,營業成本,,仟元,2019,674251
34168978,G,營運狀況,營業費用,,仟元,2019,307201
34168978,G,營運狀況,淨利,,仟元,2019,-59524
89358419,G,營運狀況,營業收入,,仟元,2019,2163869
89358419,G,營運狀況,營業成本,,仟元,2019,1759938
89358419,G,營運狀況,營業費用,,仟元,2019,358511
89358419,G,營運狀況,淨利,,仟元,2019,14621
22101208,G,營運狀況,營業收入,,仟元,2019,56120587
22101208,G,營運狀況,營業成本,,仟元,2019,45959383
22101208,G,營運狀況,營業費用,,仟元,2019,3069344
22101208,G,營運狀況,淨利,,仟元,2019,5869843
56654500,G,營運狀況,營業收入,,仟元,2019,3391609
56654500,G,營運狀況,營業成本,,仟元,2019,3194166
56654500,G,營運狀況,營業費用,,仟元,2019,404756
56654500,G,營運狀況,淨利,,仟元,2019,-110169
16253228,G,營運狀況,營業收入,,仟元,2019,12330
16253228,G,營運狀況,營業成本,,仟元,2019,10218
16253228,G,營運狀況,營業費用,,仟元,2019,15534
16253228,G,營運狀況,淨利,,仟元,2019,-8722
22601800,G,營運狀況,營業收入,,仟元,2019,1023540
22601800,G,營運狀況,營業成本,,仟元,2019,711448
22601800,G,營運狀況,營業費用,,仟元,2019,333177
22601800,G,營運狀況,淨利,,仟元,2019,144794
23722471,G,營運狀況,營業收入,,仟元,2019,37906373
23722471,G,營運狀況,營業成本,,仟元,2019,33176648
23722471,G,營運狀況,營業費用,,仟元,2019,2138804
23722471,G,營運狀況,淨利,,仟元,2019,2029578
16743865,G,營運狀況,營業收入,,仟元,2019,114295
16743865,G,營運狀況,營業成本,,仟元,2019,240746
16743865,G,營運狀況,營業費用,,仟元,2019,42774
16743865,G,營運狀況,淨利,,仟元,2019,-122674
27340208,G,營運狀況,營業收入,,仟元,2019,597237
27340208,G,營運狀況,營業成本,,仟元,2019,484961
27340208,G,營運狀況,營業費用,,仟元,2019,115061
27340208,G,營運狀況,淨利,,仟元,2019,403
41181265,G,營運狀況,營業收入,,仟元,2019,425251
41181265,G,營運狀況,營業成本,,仟元,2019,413289
41181265,G,營運狀況,營業費用,,仟元,2019,55558
41181265,G,營運狀況,淨利,,仟元,2019,-27547
28230046,G,營運狀況,營業收入,,仟元,2019,1545548
28230046,G,營運狀況,營業成本,,仟元,2019,1389628
28230046,G,營運狀況,營業費用,,仟元,2019,77228
28230046,G,營運狀況,淨利,,仟元,2019,42587
28997300,G,營運狀況,營業收入,,仟元,2019,4440874
28997300,G,營運狀況,營業成本,,仟元,2019,4221641
28997300,G,營運狀況,營業費用,,仟元,2019,315661
28997300,G,營運狀況,淨利,,仟元,2019,-200415
41420316,G,營運狀況,營業收入,,仟元,2019,119723967
41420316,G,營運狀況,營業成本,,仟元,2019,109112920
41420316,G,營運狀況,營業費用,,仟元,2019,7903952
41420316,G,營運狀況,淨利,,仟元,2019,3385400
28580346,G,營運狀況,營業收入,,仟元,2019,1565568
28580346,G,營運狀況,營業成本,,仟元,2019,1203556
28580346,G,營運狀況,營業費用,,仟元,2019,90784
28580346,G,營運狀況,淨利,,仟元,2019,208704
80579685,G,營運狀況,營業收入,,仟元,2019,391178
80579685,G,營運狀況,營業成本,,仟元,2019,304243
80579685,G,營運狀況,營業費用,,仟元,2019,59767
80579685,G,營運狀況,淨利,,仟元,2019,22842
27797183,G,營運狀況,營業收入,,仟元,2019,91302
27797183,G,營運狀況,營業成本,,仟元,2019,78730
27797183,G,營運狀況,營業費用,,仟元,2019,54015
27797183,G,營運狀況,淨利,,仟元,2019,-40921
54258218,G,營運狀況,營業收入,,仟元,2019,1392749
54258218,G,營運狀況,營業成本,,仟元,2019,854857
54258218,G,營運狀況,營業費用,,仟元,2019,374787
54258218,G,營運狀況,淨利,,仟元,2019,120162
70849491,G,營運狀況,營業收入,,仟元,2019,150749
70849491,G,營運狀況,營業成本,,仟元,2019,164627
70849491,G,營運狀況,營業費用,,仟元,2019,60795
70849491,G,營運狀況,淨利,,仟元,2019,-92140
24804181,G,營運狀況,營業收入,,仟元,2019,552067
24804181,G,營運狀況,營業成本,,仟元,2019,657572
24804181,G,營運狀況,營業費用,,仟元,2019,144789
24804181,G,營運狀況,淨利,,仟元,2019,-291763
24758118,G,營運狀況,營業收入,,仟元,2019,1765265
24758118,G,營運狀況,營業成本,,仟元,2019,1458399
24758118,G,營運狀況,營業費用,,仟元,2019,157224
24758118,G,營運狀況,淨利,,仟元,2019,111821
70697332,G,營運狀況,營業收入,,仟元,2019,3717808
70697332,G,營運狀況,營業成本,,仟元,2019,2599523
70697332,G,營運狀況,營業費用,,仟元,2019,698442
70697332,G,營運狀況,淨利,,仟元,2019,316341
43941967,G,營運狀況,營業收入,,仟元,2019,36203
43941967,G,營運狀況,營業成本,,仟元,2019,9906
43941967,G,營運狀況,營業費用,,仟元,2019,153448
43941967,G,營運狀況,淨利,,仟元,2019,-142372
12846708,G,營運狀況,營業收入,,仟元,2019,86714
12846708,G,營運狀況,營業成本,,仟元,2019,37037
12846708,G,營運狀況,營業費用,,仟元,2019,61784
12846708,G,營運狀況,淨利,,仟元,2019,-9770
42821900,G,營運狀況,營業收入,,仟元,2019,2859045
42821900,G,營運狀況,營業成本,,仟元,2019,2428572
42821900,G,營運狀況,營業費用,,仟元,2019,236986
42821900,G,營運狀況,淨利,,仟元,2019,156903
16858612,G,營運狀況,營業收入,,仟元,2019,8213
16858612,G,營運狀況,營業成本,,仟元,2019,53426
16858612,G,營運狀況,營業費用,,仟元,2019,19099
16858612,G,營運狀況,淨利,,仟元,2019,-65087
53058971,G,營運狀況,營業收入,,仟元,2019,431631
53058971,G,營運狀況,營業成本,,仟元,2019,171398
53058971,G,營運狀況,營業費用,,仟元,2019,127825
53058971,G,營運狀況,淨利,,仟元,2019,124564
70766576,G,營運狀況,營業收入,,仟元,2019,1672591
70766576,G,營運狀況,營業成本,,仟元,2019,1404448
70766576,G,營運狀況,營業費用,,仟元,2019,257650
70766576,G,營運狀況,淨利,,仟元,2019,53235
16432742,G,營運狀況,營業收入,,仟元,2019,8814979
16432742,G,營運狀況,營業成本,,仟元,2019,8048523
16432742,G,營運狀況,營業費用,,仟元,2019,1116495
16432742,G,營運狀況,淨利,,仟元,2019,-200902
16549778,G,營運狀況,營業收入,,仟元,2019,13942969
16549778,G,營運狀況,營業成本,,仟元,2019,11800941
16549778,G,營運狀況,營業費用,,仟元,2019,1788171
16549778,G,營運狀況,淨利,,仟元,2019,256740
84626464,G,營運狀況,營業收入,,仟元,2019,65741
84626464,G,營運狀況,營業成本,,仟元,2019,79696
84626464,G,營運狀況,營業費用,,仟元,2019,56510
84626464,G,營運狀況,淨利,,仟元,2019,-54020
12205020,G,營運狀況,營業收入,,仟元,2018,8707381
12205020,G,營運狀況,營業成本,,仟元,2018,8084703
12205020,G,營運狀況,營業費用,,仟元,2018,1240590
12205020,G,營運狀況,淨利,,仟元,2018,423399
47255947,G,營運狀況,營業收入,,仟元,2018,5364610
47255947,G,營運狀況,營業成本,,仟元,2018,3742738
47255947,G,營運狀況,營業費用,,仟元,2018,883865
47255947,G,營運狀況,淨利,,仟元,2018,653141
23218873,G,營運狀況,營業收入,,仟元,2018,9358661
23218873,G,營運狀況,營業成本,,仟元,2018,8811059
23218873,G,營運狀況,營業費用,,仟元,2018,1579361
23218873,G,營運狀況,淨利,,仟元,2018,-1234502
11394902,G,營運狀況,營業收入,,仟元,2018,7635028
11394902,G,營運狀況,營業成本,,仟元,2018,6988737
11394902,G,營運狀況,營業費用,,仟元,2018,1386152
11394902,G,營運狀況,淨利,,仟元,2018,-425525
34516147,G,營運狀況,營業收入,,仟元,2018,24089291
34516147,G,營運狀況,營業成本,,仟元,2018,18434713
34516147,G,營運狀況,營業費用,,仟元,2018,4765510
34516147,G,營運狀況,淨利,,仟元,2018,863079
97178376,G,營運狀況,營業收入,,仟元,2018,9378711
97178376,G,營運狀況,營業成本,,仟元,2018,9520529
97178376,G,營運狀況,營業費用,,仟元,2018,1020462
97178376,G,營運狀況,淨利,,仟元,2018,-2162825
84149738,G,營運狀況,營業收入,,仟元,2018,307634389
84149738,G,營運狀況,營業成本,,仟元,2018,279494885
84149738,G,營運狀況,營業費用,,仟元,2018,21471639
84149738,G,營運狀況,淨利,,仟元,2018,7959895
22434156,G,營運狀況,營業收入,,仟元,2018,3028131
22434156,G,營運狀況,營業成本,,仟元,2018,2413645
22434156,G,營運狀況,營業費用,,仟元,2018,448469
22434156,G,營運狀況,淨利,,仟元,2018,488151
12206203,G,營運狀況,營業收入,,仟元,2018,905136
12206203,G,營運狀況,營業成本,,仟元,2018,798709
12206203,G,營運狀況,營業費用,,仟元,2018,105910
12206203,G,營運狀況,淨利,,仟元,2018,-11810
12364770,G,營運狀況,營業收入,,仟元,2018,444165
12364770,G,營運狀況,營業成本,,仟元,2018,311305
12364770,G,營運狀況,營業費用,,仟元,2018,62916
12364770,G,營運狀況,淨利,,仟元,2018,53406
34348590,G,營運狀況,營業收入,,仟元,2018,2626834
34348590,G,營運狀況,營業成本,,仟元,2018,2416191
34348590,G,營運狀況,營業費用,,仟元,2018,280871
34348590,G,營運狀況,淨利,,仟元,2018,3502
35866232,G,營運狀況,營業收入,,仟元,2018,3988485
35866232,G,營運狀況,營業成本,,仟元,2018,3651011
35866232,G,營運狀況,營業費用,,仟元,2018,530648
35866232,G,營運狀況,淨利,,仟元,2018,-115374
84929896,G,營運狀況,營業收入,,仟元,2018,15077957
84929896,G,營運狀況,營業成本,,仟元,2018,13380665
84929896,G,營運狀況,營業費用,,仟元,2018,1763410
84929896,G,營運狀況,淨利,,仟元,2018,182152
89380545,G,營運狀況,營業收入,,仟元,2018,355194
89380545,G,營運狀況,營業成本,,仟元,2018,271173
89380545,G,營運狀況,營業費用,,仟元,2018,108801
89380545,G,營運狀況,淨利,,仟元,2018,-41441
22480876,G,營運狀況,營業收入,,仟元,2018,49952158
22480876,G,營運狀況,營業成本,,仟元,2018,15594576
22480876,G,營運狀況,營業費用,,仟元,2018,4739535
22480876,G,營運狀況,淨利,,仟元,2018,24369534
55921894,G,營運狀況,營業收入,,仟元,2018,19082734
55921894,G,營運狀況,營業成本,,仟元,2018,15283835
55921894,G,營運狀況,營業費用,,仟元,2018,2202883
55921894,G,營運狀況,淨利,,仟元,2018,1492503
44955117,G,營運狀況,營業收入,,仟元,2018,1574763
44955117,G,營運狀況,營業成本,,仟元,2018,1230456
44955117,G,營運狀況,營業費用,,仟元,2018,322065
44955117,G,營運狀況,淨利,,仟元,2018,150323
34452164,G,營運狀況,營業收入,,仟元,2018,1650740
34452164,G,營運狀況,營業成本,,仟元,2018,1303626
34452164,G,營運狀況,營業費用,,仟元,2018,322843
34452164,G,營運狀況,淨利,,仟元,2018,86910
89261652,G,營運狀況,營業收入,,仟元,2018,2818735
89261652,G,營運狀況,營業成本,,仟元,2018,2339384
89261652,G,營運狀況,營業費用,,仟元,2018,420461
89261652,G,營運狀況,淨利,,仟元,2018,112163
70750217,G,營運狀況,營業收入,,仟元,2018,2843178
70750217,G,營運狀況,營業成本,,仟元,2018,2363500
70750217,G,營運狀況,營業費用,,仟元,2018,308438
70750217,G,營運狀況,淨利,,仟元,2018,177650
84785413,G,營運狀況,營業收入,,仟元,2018,790567
84785413,G,營運狀況,營業成本,,仟元,2018,566891
84785413,G,營運狀況,營業費用,,仟元,2018,182770
84785413,G,營運狀況,淨利,,仟元,2018,62893
16439169,G,營運狀況,營業收入,,仟元,2018,2453837
16439169,G,營運狀況,營業成本,,仟元,2018,1973916
16439169,G,營運狀況,營業費用,,仟元,2018,324847
16439169,G,營運狀況,淨利,,仟元,2018,-104133
97307625,G,營運狀況,營業收入,,仟元,2018,11193569
97307625,G,營運狀況,營業成本,,仟元,2018,9875021
97307625,G,營運狀況,營業費用,,仟元,2018,1227291
97307625,G,營運狀況,淨利,,仟元,2018,173150
97049373,G,營運狀況,營業收入,,仟元,2018,4170703
97049373,G,營運狀況,營業成本,,仟元,2018,4086603
97049373,G,營運狀況,營業費用,,仟元,2018,267815
97049373,G,營運狀況,淨利,,仟元,2018,-124499
16274722,G,營運狀況,營業收入,,仟元,2018,2945763
16274722,G,營運狀況,營業成本,,仟元,2018,2464792
16274722,G,營運狀況,營業費用,,仟元,2018,296681
16274722,G,營運狀況,淨利,,仟元,2018,110009
16302558,G,營運狀況,營業收入,,仟元,2018,1480385
16302558,G,營運狀況,營業成本,,仟元,2018,986673
16302558,G,營運狀況,營業費用,,仟元,2018,607852
16302558,G,營運狀況,淨利,,仟元,2018,56407
12979925,G,營運狀況,營業收入,,仟元,2018,901674
12979925,G,營運狀況,營業成本,,仟元,2018,1058807
12979925,G,營運狀況,營業費用,,仟元,2018,186327
12979925,G,營運狀況,淨利,,仟元,2018,-342604
23572557,G,營運狀況,營業收入,,仟元,2018,7914252
23572557,G,營運狀況,營業成本,,仟元,2018,4847836
23572557,G,營運狀況,營業費用,,仟元,2018,1826482
23572557,G,營運狀況,淨利,,仟元,2018,903088
70634323,G,營運狀況,營業收入,,仟元,2018,4643051
70634323,G,營運狀況,營業成本,,仟元,2018,4363853
70634323,G,營運狀況,營業費用,,仟元,2018,674425
70634323,G,營運狀況,淨利,,仟元,2018,-386785
70703897,G,營運狀況,營業收入,,仟元,2018,5235966
70703897,G,營運狀況,營業成本,,仟元,2018,3435662
70703897,G,營運狀況,營業費用,,仟元,2018,1520728
70703897,G,營運狀況,淨利,,仟元,2018,266167
12800225,G,營運狀況,營業收入,,仟元,2018,279376115
12800225,G,營運狀況,營業成本,,仟元,2018,252562557
12800225,G,營運狀況,營業費用,,仟元,2018,21978262
12800225,G,營運狀況,淨利,,仟元,2018,2222762
84995500,G,營運狀況,營業收入,,仟元,2018,327246
84995500,G,營運狀況,營業成本,,仟元,2018,266028
84995500,G,營運狀況,營業費用,,仟元,2018,37616
84995500,G,營運狀況,淨利,,仟元,2018,45702
12800061,G,營運狀況,營業收入,,仟元,2018,6262245
12800061,G,營運狀況,營業成本,,仟元,2018,5007427
12800061,G,營運狀況,營業費用,,仟元,2018,1088188
12800061,G,營運狀況,淨利,,仟元,2018,180159
70720798,G,營運狀況,營業收入,,仟元,2018,1537750
70720798,G,營運狀況,營業成本,,仟元,2018,1151082
70720798,G,營運狀況,營業費用,,仟元,2018,320625
70720798,G,營運狀況,淨利,,仟元,2018,84206
70526133,G,營運狀況,營業收入,,仟元,2018,3549177
70526133,G,營運狀況,營業成本,,仟元,2018,3111935
70526133,G,營運狀況,營業費用,,仟元,2018,420602
70526133,G,營運狀況,淨利,,仟元,2018,64020
16522758,G,營運狀況,營業收入,,仟元,2018,3111876
16522758,G,營運狀況,營業成本,,仟元,2018,945194
16522758,G,營運狀況,營業費用,,仟元,2018,582530
16522758,G,營運狀況,淨利,,仟元,2018,1307717
27763753,G,營運狀況,營業收入,,仟元,2018,12983920
27763753,G,營運狀況,營業成本,,仟元,2018,13722481
27763753,G,營運狀況,營業費用,,仟元,2018,1718847
27763753,G,營運狀況,淨利,,仟元,2018,-463609
12907747,G,營運狀況,營業收入,,仟元,2018,2614351
12907747,G,營運狀況,營業成本,,仟元,2018,2167693
12907747,G,營運狀況,營業費用,,仟元,2018,425426
12907747,G,營運狀況,淨利,,仟元,2018,44302
89716605,G,營運狀況,營業收入,,仟元,2018,485236
89716605,G,營運狀況,營業成本,,仟元,2018,380622
89716605,G,營運狀況,營業費用,,仟元,2018,71236
89716605,G,營運狀況,淨利,,仟元,2018,31821
80260061,G,營運狀況,營業收入,,仟元,2018,738793
80260061,G,營運狀況,營業成本,,仟元,2018,637673
80260061,G,營運狀況,營業費用,,仟元,2018,210578
80260061,G,營運狀況,淨利,,仟元,2018,123068
16177616,G,營運狀況,營業收入,,仟元,2018,4256414
16177616,G,營運狀況,營業成本,,仟元,2018,3806367
16177616,G,營運狀況,營業費用,,仟元,2018,220845
16177616,G,營運狀況,淨利,,仟元,2018,199066
31805657,G,營運狀況,營業收入,,仟元,2018,113481508
31805657,G,營運狀況,營業成本,,仟元,2018,109268955
31805657,G,營運狀況,營業費用,,仟元,2018,4411565
31805657,G,營運狀況,淨利,,仟元,2018,364734
56690647,G,營運狀況,營業收入,,仟元,2018,2859073
56690647,G,營運狀況,營業成本,,仟元,2018,2104299
56690647,G,營運狀況,營業費用,,仟元,2018,661392
56690647,G,營運狀況,淨利,,仟元,2018,199052
16452612,G,營運狀況,營業收入,,仟元,2018,1179257
16452612,G,營運狀況,營業成本,,仟元,2018,1002117
16452612,G,營運狀況,營業費用,,仟元,2018,227460
16452612,G,營運狀況,淨利,,仟元,2018,54888
28675574,G,營運狀況,營業收入,,仟元,2018,2727097
28675574,G,營運狀況,營業成本,,仟元,2018,3528921
28675574,G,營運狀況,營業費用,,仟元,2018,322447
28675574,G,營運狀況,淨利,,仟元,2018,-1844186
26797925,G,營運狀況,營業收入,,仟元,2018,5424061
26797925,G,營運狀況,營業成本,,仟元,2018,4686917
26797925,G,營運狀況,營業費用,,仟元,2018,595341
26797925,G,營運狀況,淨利,,仟元,2018,169018
22164527,G,營運狀況,營業收入,,仟元,2018,7142528
22164527,G,營運狀況,營業成本,,仟元,2018,5564526
22164527,G,營運狀況,營業費用,,仟元,2018,799577
22164527,G,營運狀況,淨利,,仟元,2018,638647
28334226,G,營運狀況,營業收入,,仟元,2018,1176536
28334226,G,營運狀況,營業成本,,仟元,2018,1024806
28334226,G,營運狀況,營業費用,,仟元,2018,239600
28334226,G,營運狀況,淨利,,仟元,2018,-77016
27790294,G,營運狀況,營業收入,,仟元,2018,12767162
27790294,G,營運狀況,營業成本,,仟元,2018,12205208
27790294,G,營運狀況,營業費用,,仟元,2018,1168822
27790294,G,營運狀況,淨利,,仟元,2018,-1048146
70848492,G,營運狀況,營業收入,,仟元,2018,1690826
70848492,G,營運狀況,營業成本,,仟元,2018,1499384
70848492,G,營運狀況,營業費用,,仟元,2018,179720
70848492,G,營運狀況,淨利,,仟元,2018,50414
28357108,G,營運狀況,營業收入,,仟元,2018,4412725
28357108,G,營運狀況,營業成本,,仟元,2018,2924526
28357108,G,營運狀況,營業費用,,仟元,2018,745558
28357108,G,營運狀況,淨利,,仟元,2018,655535
01895435,G,營運狀況,營業收入,,仟元,2018,10299435
01895435,G,營運狀況,營業成本,,仟元,2018,8852461
01895435,G,營運狀況,營業費用,,仟元,2018,1021005
01895435,G,營運狀況,淨利,,仟元,2018,374727
27877550,G,營運狀況,營業收入,,仟元,2018,786289
27877550,G,營運狀況,營業成本,,仟元,2018,476601
27877550,G,營運狀況,營業費用,,仟元,2018,202426
27877550,G,營運狀況,淨利,,仟元,2018,87391
27390847,G,營運狀況,營業收入,,仟元,2018,460678
27390847,G,營運狀況,營業成本,,仟元,2018,306694
27390847,G,營運狀況,營業費用,,仟元,2018,48115
27390847,G,營運狀況,淨利,,仟元,2018,96098
27473918,G,營運狀況,營業收入,,仟元,2018,626584
27473918,G,營運狀況,營業成本,,仟元,2018,535474
27473918,G,營運狀況,營業費用,,仟元,2018,133739
27473918,G,營運狀況,淨利,,仟元,2018,-40088
89639615,G,營運狀況,營業收入,,仟元,2018,424431
89639615,G,營運狀況,營業成本,,仟元,2018,428736
89639615,G,營運狀況,營業費用,,仟元,2018,216309
89639615,G,營運狀況,淨利,,仟元,2018,-183960
16450500,G,營運狀況,營業收入,,仟元,2018,16866328
16450500,G,營運狀況,營業成本,,仟元,2018,14049752
16450500,G,營運狀況,營業費用,,仟元,2018,1903751
16450500,G,營運狀況,淨利,,仟元,2018,1021164
23504361,G,營運狀況,營業收入,,仟元,2018,21362170
23504361,G,營運狀況,營業成本,,仟元,2018,20116356
23504361,G,營運狀況,營業費用,,仟元,2018,1668576
23504361,G,營運狀況,淨利,,仟元,2018,321898
34168978,G,營運狀況,營業收入,,仟元,2018,1140217
34168978,G,營運狀況,營業成本,,仟元,2018,809299
34168978,G,營運狀況,營業費用,,仟元,2018,328375
34168978,G,營運狀況,淨利,,仟元,2018,21484
89358419,G,營運狀況,營業收入,,仟元,2018,2923669
89358419,G,營運狀況,營業成本,,仟元,2018,2356586
89358419,G,營運狀況,營業費用,,仟元,2018,516053
89358419,G,營運狀況,淨利,,仟元,2018,233685
22101208,G,營運狀況,營業收入,,仟元,2018,53952289
22101208,G,營運狀況,營業成本,,仟元,2018,45613666
22101208,G,營運狀況,營業費用,,仟元,2018,3438758
22101208,G,營運狀況,淨利,,仟元,2018,5037526
56654500,G,營運狀況,營業收入,,仟元,2018,3518289
56654500,G,營運狀況,營業成本,,仟元,2018,3341628
56654500,G,營運狀況,營業費用,,仟元,2018,401566
56654500,G,營運狀況,淨利,,仟元,2018,-22782
22601800,G,營運狀況,營業收入,,仟元,2018,1440373
22601800,G,營運狀況,營業成本,,仟元,2018,1079964
22601800,G,營運狀況,營業費用,,仟元,2018,292784
22601800,G,營運狀況,淨利,,仟元,2018,30308
23722471,G,營運狀況,營業收入,,仟元,2018,30634088
23722471,G,營運狀況,營業成本,,仟元,2018,27256290
23722471,G,營運狀況,營業費用,,仟元,2018,1821039
23722471,G,營運狀況,淨利,,仟元,2018,755675
16743865,G,營運狀況,營業收入,,仟元,2018,184560
16743865,G,營運狀況,營業成本,,仟元,2018,353498
16743865,G,營運狀況,營業費用,,仟元,2018,45650
16743865,G,營運狀況,淨利,,仟元,2018,70732
28230046,G,營運狀況,營業收入,,仟元,2018,1230918
28230046,G,營運狀況,營業成本,,仟元,2018,1384009
28230046,G,營運狀況,營業費用,,仟元,2018,70259
28230046,G,營運狀況,淨利,,仟元,2018,-275527
28997300,G,營運狀況,營業收入,,仟元,2018,3830638
28997300,G,營運狀況,營業成本,,仟元,2018,4488126
28997300,G,營運狀況,營業費用,,仟元,2018,343628
28997300,G,營運狀況,淨利,,仟元,2018,-1123309
41420316,G,營運狀況,營業收入,,仟元,2018,128443831
41420316,G,營運狀況,營業成本,,仟元,2018,117419689
41420316,G,營運狀況,營業費用,,仟元,2018,7011464
41420316,G,營運狀況,淨利,,仟元,2018,3980158
28580346,G,營運狀況,營業收入,,仟元,2018,1795198
28580346,G,營運狀況,營業成本,,仟元,2018,1395088
28580346,G,營運狀況,營業費用,,仟元,2018,88944
28580346,G,營運狀況,淨利,,仟元,2018,225953
80579685,G,營運狀況,營業收入,,仟元,2018,363887
80579685,G,營運狀況,營業成本,,仟元,2018,285512
80579685,G,營運狀況,營業費用,,仟元,2018,56292
80579685,G,營運狀況,淨利,,仟元,2018,22311
27797183,G,營運狀況,營業收入,,仟元,2018,280118
27797183,G,營運狀況,營業成本,,仟元,2018,196155
27797183,G,營運狀況,營業費用,,仟元,2018,57273
27797183,G,營運狀況,淨利,,仟元,2018,28560
54258218,G,營運狀況,營業收入,,仟元,2018,1195833
54258218,G,營運狀況,營業成本,,仟元,2018,712578
54258218,G,營運狀況,營業費用,,仟元,2018,285270
54258218,G,營運狀況,淨利,,仟元,2018,140079
24804181,G,營運狀況,營業收入,,仟元,2018,269955
24804181,G,營運狀況,營業成本,,仟元,2018,380305
24804181,G,營運狀況,營業費用,,仟元,2018,111781
24804181,G,營運狀況,淨利,,仟元,2018,-323010
24758118,G,營運狀況,營業收入,,仟元,2018,1239709
24758118,G,營運狀況,營業成本,,仟元,2018,1008065
24758118,G,營運狀況,營業費用,,仟元,2018,123890
24758118,G,營運狀況,淨利,,仟元,2018,86729
70697332,G,營運狀況,營業收入,,仟元,2018,3147612
70697332,G,營運狀況,營業成本,,仟元,2018,2149748
70697332,G,營運狀況,營業費用,,仟元,2018,752897
70697332,G,營運狀況,淨利,,仟元,2018,296517
12846708,G,營運狀況,營業收入,,仟元,2018,100800
12846708,G,營運狀況,營業成本,,仟元,2018,43927
12846708,G,營運狀況,營業費用,,仟元,2018,67261
12846708,G,營運狀況,淨利,,仟元,2018,3899
70766576,G,營運狀況,營業收入,,仟元,2018,2519944
70766576,G,營運狀況,營業成本,,仟元,2018,1999441
70766576,G,營運狀況,營業費用,,仟元,2018,239640
70766576,G,營運狀況,淨利,,仟元,2018,340445
16432742,G,營運狀況,營業收入,,仟元,2018,9887852
16432742,G,營運狀況,營業成本,,仟元,2018,8738883
16432742,G,營運狀況,營業費用,,仟元,2018,1147910
16432742,G,營運狀況,淨利,,仟元,2018,-132578
16549778,G,營運狀況,營業收入,,仟元,2018,12764171
16549778,G,營運狀況,營業成本,,仟元,2018,10913994
16549778,G,營運狀況,營業費用,,仟元,2018,1410548
16549778,G,營運狀況,淨利,,仟元,2018,325374
84626464,G,營運狀況,營業收入,,仟元,2018,133192
84626464,G,營運狀況,營業成本,,仟元,2018,140370
84626464,G,營運狀況,營業費用,,仟元,2018,74574
84626464,G,營運狀況,淨利,,仟元,2018,-10122
12205020,G,營運狀況,營業收入,,仟元,2017,9155743
12205020,G,營運狀況,營業成本,,仟元,2017,9103183
12205020,G,營運狀況,營業費用,,仟元,2017,1381389
12205020,G,營運狀況,淨利,,仟元,2017,-1127310
47255947,G,營運狀況,營業收入,,仟元,2017,5589853
47255947,G,營運狀況,營業成本,,仟元,2017,3935755
47255947,G,營運狀況,營業費用,,仟元,2017,870523
47255947,G,營運狀況,淨利,,仟元,2017,672313
23218873,G,營運狀況,營業收入,,仟元,2017,9797109
23218873,G,營運狀況,營業成本,,仟元,2017,9484981
23218873,G,營運狀況,營業費用,,仟元,2017,1688636
23218873,G,營運狀況,淨利,,仟元,2017,-2298145
11394902,G,營運狀況,營業收入,,仟元,2017,11201600
11394902,G,營運狀況,營業成本,,仟元,2017,9785428
11394902,G,營運狀況,營業費用,,仟元,2017,1351319
11394902,G,營運狀況,淨利,,仟元,2017,206398
34516147,G,營運狀況,營業收入,,仟元,2017,27310581
34516147,G,營運狀況,營業成本,,仟元,2017,20964169
34516147,G,營運狀況,營業費用,,仟元,2017,4653949
34516147,G,營運狀況,淨利,,仟元,2017,1245991
97178376,G,營運狀況,營業收入,,仟元,2017,12609313
97178376,G,營運狀況,營業成本,,仟元,2017,12265728
97178376,G,營運狀況,營業費用,,仟元,2017,2611132
97178376,G,營運狀況,淨利,,仟元,2017,-2753724
84149738,G,營運狀況,營業收入,,仟元,2017,341028267
84149738,G,營運狀況,營業成本,,仟元,2017,279986522
84149738,G,營運狀況,營業費用,,仟元,2017,21902621
84149738,G,營運狀況,淨利,,仟元,2017,30258488
22434156,G,營運狀況,營業收入,,仟元,2017,3124520
22434156,G,營運狀況,營業成本,,仟元,2017,2392120
22434156,G,營運狀況,營業費用,,仟元,2017,406513
22434156,G,營運狀況,淨利,,仟元,2017,143038
12206203,G,營運狀況,營業收入,,仟元,2017,1059565
12206203,G,營運狀況,營業成本,,仟元,2017,929594
12206203,G,營運狀況,營業費用,,仟元,2017,116378
12206203,G,營運狀況,淨利,,仟元,2017,-77754
12364770,G,營運狀況,營業收入,,仟元,2017,516047
12364770,G,營運狀況,營業成本,,仟元,2017,326991
12364770,G,營運狀況,營業費用,,仟元,2017,142324
12364770,G,營運狀況,淨利,,仟元,2017,-18320
34348590,G,營運狀況,營業收入,,仟元,2017,2163439
34348590,G,營運狀況,營業成本,,仟元,2017,1957011
34348590,G,營運狀況,營業費用,,仟元,2017,278800
34348590,G,營運狀況,淨利,,仟元,2017,256
35866232,G,營運狀況,營業收入,,仟元,2017,4134851
35866232,G,營運狀況,營業成本,,仟元,2017,3777847
35866232,G,營運狀況,營業費用,,仟元,2017,484254
35866232,G,營運狀況,淨利,,仟元,2017,-161239
84929896,G,營運狀況,營業收入,,仟元,2017,16861702
84929896,G,營運狀況,營業成本,,仟元,2017,15589788
84929896,G,營運狀況,營業費用,,仟元,2017,2065750
84929896,G,營運狀況,淨利,,仟元,2017,-848296
89380545,G,營運狀況,營業收入,,仟元,2017,389694
89380545,G,營運狀況,營業成本,,仟元,2017,296371
89380545,G,營運狀況,營業費用,,仟元,2017,104432
89380545,G,營運狀況,淨利,,仟元,2017,32410
22480876,G,營運狀況,營業收入,,仟元,2017,53127510
22480876,G,營運狀況,營業成本,,仟元,2017,16279606
22480876,G,營運狀況,營業費用,,仟元,2017,4762628
22480876,G,營運狀況,淨利,,仟元,2017,25975623
55921894,G,營運狀況,營業收入,,仟元,2017,18686869
55921894,G,營運狀況,營業成本,,仟元,2017,15260603
55921894,G,營運狀況,營業費用,,仟元,2017,2182659
55921894,G,營運狀況,淨利,,仟元,2017,932532
44955117,G,營運狀況,營業收入,,仟元,2017,2598511
44955117,G,營運狀況,營業成本,,仟元,2017,2124269
44955117,G,營運狀況,營業費用,,仟元,2017,680432
44955117,G,營運狀況,淨利,,仟元,2017,32901
34452164,G,營運狀況,營業收入,,仟元,2017,1972727
34452164,G,營運狀況,營業成本,,仟元,2017,1502698
34452164,G,營運狀況,營業費用,,仟元,2017,344936
34452164,G,營運狀況,淨利,,仟元,2017,184551
89261652,G,營運狀況,營業收入,,仟元,2017,3005136
89261652,G,營運狀況,營業成本,,仟元,2017,2494474
89261652,G,營運狀況,營業費用,,仟元,2017,407240
89261652,G,營運狀況,淨利,,仟元,2017,55571
70750217,G,營運狀況,營業收入,,仟元,2017,2717922
70750217,G,營運狀況,營業成本,,仟元,2017,2359147
70750217,G,營運狀況,營業費用,,仟元,2017,277755
70750217,G,營運狀況,淨利,,仟元,2017,141295
84785413,G,營運狀況,營業收入,,仟元,2017,815563
84785413,G,營運狀況,營業成本,,仟元,2017,572954
84785413,G,營運狀況,營業費用,,仟元,2017,226452
84785413,G,營運狀況,淨利,,仟元,2017,128804
16439169,G,營運狀況,營業收入,,仟元,2017,2332805
16439169,G,營運狀況,營業成本,,仟元,2017,1753276
16439169,G,營運狀況,營業費用,,仟元,2017,306968
16439169,G,營運狀況,淨利,,仟元,2017,-213439
97307625,G,營運狀況,營業收入,,仟元,2017,10552773
97307625,G,營運狀況,營業成本,,仟元,2017,9117731
97307625,G,營運狀況,營業費用,,仟元,2017,1275596
97307625,G,營運狀況,淨利,,仟元,2017,49587
97049373,G,營運狀況,營業收入,,仟元,2017,3625233
97049373,G,營運狀況,營業成本,,仟元,2017,3777742
97049373,G,營運狀況,營業費用,,仟元,2017,352144
97049373,G,營運狀況,淨利,,仟元,2017,19578
16274722,G,營運狀況,營業收入,,仟元,2017,2801323
16274722,G,營運狀況,營業成本,,仟元,2017,2396457
16274722,G,營運狀況,營業費用,,仟元,2017,270166
16274722,G,營運狀況,淨利,,仟元,2017,76795
16302558,G,營運狀況,營業收入,,仟元,2017,1587579
16302558,G,營運狀況,營業成本,,仟元,2017,1023994
16302558,G,營運狀況,營業費用,,仟元,2017,658931
16302558,G,營運狀況,淨利,,仟元,2017,-198275
12979925,G,營運狀況,營業收入,,仟元,2017,1225371
12979925,G,營運狀況,營業成本,,仟元,2017,1615953
12979925,G,營運狀況,營業費用,,仟元,2017,318474
12979925,G,營運狀況,淨利,,仟元,2017,-622695
23572557,G,營運狀況,營業收入,,仟元,2017,8007808
23572557,G,營運狀況,營業成本,,仟元,2017,4736801
23572557,G,營運狀況,營業費用,,仟元,2017,1731748
23572557,G,營運狀況,淨利,,仟元,2017,1033447
70634323,G,營運狀況,營業收入,,仟元,2017,5978055
70634323,G,營運狀況,營業成本,,仟元,2017,5207979
70634323,G,營運狀況,營業費用,,仟元,2017,638037
70634323,G,營運狀況,淨利,,仟元,2017,98008
70703897,G,營運狀況,營業收入,,仟元,2017,5876591
70703897,G,營運狀況,營業成本,,仟元,2017,3826627
70703897,G,營運狀況,營業費用,,仟元,2017,1540436
70703897,G,營運狀況,淨利,,仟元,2017,348701
12800225,G,營運狀況,營業收入,,仟元,2017,329174401
12800225,G,營運狀況,營業成本,,仟元,2017,260435724
12800225,G,營運狀況,營業費用,,仟元,2017,21716468
12800225,G,營運狀況,淨利,,仟元,2017,37028609
84995500,G,營運狀況,營業收入,,仟元,2017,713864
84995500,G,營運狀況,營業成本,,仟元,2017,538320
84995500,G,營運狀況,營業費用,,仟元,2017,61869
84995500,G,營運狀況,淨利,,仟元,2017,63564
12800061,G,營運狀況,營業收入,,仟元,2017,4455012
12800061,G,營運狀況,營業成本,,仟元,2017,3642246
12800061,G,營運狀況,營業費用,,仟元,2017,948535
12800061,G,營運狀況,淨利,,仟元,2017,-148191
70720798,G,營運狀況,營業收入,,仟元,2017,1038039
70720798,G,營運狀況,營業成本,,仟元,2017,807047
70720798,G,營運狀況,營業費用,,仟元,2017,282217
70720798,G,營運狀況,淨利,,仟元,2017,-128790
70526133,G,營運狀況,營業收入,,仟元,2017,3494060
70526133,G,營運狀況,營業成本,,仟元,2017,3075532
70526133,G,營運狀況,營業費用,,仟元,2017,397043
70526133,G,營運狀況,淨利,,仟元,2017,9569
16522758,G,營運狀況,營業收入,,仟元,2017,1420888
16522758,G,營運狀況,營業成本,,仟元,2017,511285
16522758,G,營運狀況,營業費用,,仟元,2017,343345
16522758,G,營運狀況,淨利,,仟元,2017,461424
27763753,G,營運狀況,營業收入,,仟元,2017,10247887
27763753,G,營運狀況,營業成本,,仟元,2017,12204604
27763753,G,營運狀況,營業費用,,仟元,2017,1751181
27763753,G,營運狀況,淨利,,仟元,2017,-4159989
12907747,G,營運狀況,營業收入,,仟元,2017,2586061
12907747,G,營運狀況,營業成本,,仟元,2017,2252731
12907747,G,營運狀況,營業費用,,仟元,2017,404493
12907747,G,營運狀況,淨利,,仟元,2017,-201837
89716605,G,營運狀況,營業收入,,仟元,2017,458204
89716605,G,營運狀況,營業成本,,仟元,2017,381028
89716605,G,營運狀況,營業費用,,仟元,2017,79240
89716605,G,營運狀況,淨利,,仟元,2017,-8858
80260061,G,營運狀況,營業收入,,仟元,2017,894210
80260061,G,營運狀況,營業成本,,仟元,2017,772639
80260061,G,營運狀況,營業費用,,仟元,2017,194587
80260061,G,營運狀況,淨利,,仟元,2017,6587
16177616,G,營運狀況,營業收入,,仟元,2017,4385941
16177616,G,營運狀況,營業成本,,仟元,2017,3887823
16177616,G,營運狀況,營業費用,,仟元,2017,185828
16177616,G,營運狀況,淨利,,仟元,2017,230058
31805657,G,營運狀況,營業收入,,仟元,2017,107208482
31805657,G,營運狀況,營業成本,,仟元,2017,99673935
31805657,G,營運狀況,營業費用,,仟元,2017,4923578
31805657,G,營運狀況,淨利,,仟元,2017,2386036
12737912,G,營運狀況,營業收入,,仟元,2017,119750
12737912,G,營運狀況,營業成本,,仟元,2017,99909
12737912,G,營運狀況,營業費用,,仟元,2017,105091
12737912,G,營運狀況,淨利,,仟元,2017,-89306
56690647,G,營運狀況,營業收入,,仟元,2017,2358346
56690647,G,營運狀況,營業成本,,仟元,2017,1603834
56690647,G,營運狀況,營業費用,,仟元,2017,559944
56690647,G,營運狀況,淨利,,仟元,2017,42220
16452612,G,營運狀況,營業收入,,仟元,2017,960167
16452612,G,營運狀況,營業成本,,仟元,2017,780175
16452612,G,營運狀況,營業費用,,仟元,2017,154279
16452612,G,營運狀況,淨利,,仟元,2017,722
28675574,G,營運狀況,營業收入,,仟元,2017,5966344
28675574,G,營運狀況,營業成本,,仟元,2017,6142222
28675574,G,營運狀況,營業費用,,仟元,2017,284171
28675574,G,營運狀況,淨利,,仟元,2017,-951849
26797925,G,營運狀況,營業收入,,仟元,2017,5872403
26797925,G,營運狀況,營業成本,,仟元,2017,4886149
26797925,G,營運狀況,營業費用,,仟元,2017,687619
26797925,G,營運狀況,淨利,,仟元,2017,271483
22164527,G,營運狀況,營業收入,,仟元,2017,6278194
22164527,G,營運狀況,營業成本,,仟元,2017,5080562
22164527,G,營運狀況,營業費用,,仟元,2017,794512
22164527,G,營運狀況,淨利,,仟元,2017,246458
28334226,G,營運狀況,營業收入,,仟元,2017,1234748
28334226,G,營運狀況,營業成本,,仟元,2017,906813
28334226,G,營運狀況,營業費用,,仟元,2017,235303
28334226,G,營運狀況,淨利,,仟元,2017,62717
27790294,G,營運狀況,營業收入,,仟元,2017,11440772
27790294,G,營運狀況,營業成本,,仟元,2017,12189884
27790294,G,營運狀況,營業費用,,仟元,2017,922011
27790294,G,營運狀況,淨利,,仟元,2017,-1550026
28357108,G,營運狀況,營業收入,,仟元,2017,3917428
28357108,G,營運狀況,營業成本,,仟元,2017,2762254
28357108,G,營運狀況,營業費用,,仟元,2017,614311
28357108,G,營運狀況,淨利,,仟元,2017,472983
01895435,G,營運狀況,營業收入,,仟元,2017,10877652
01895435,G,營運狀況,營業成本,,仟元,2017,9204396
01895435,G,營運狀況,營業費用,,仟元,2017,1102801
01895435,G,營運狀況,淨利,,仟元,2017,432100
27877550,G,營運狀況,營業收入,,仟元,2017,838784
27877550,G,營運狀況,營業成本,,仟元,2017,514261
27877550,G,營運狀況,營業費用,,仟元,2017,213928
27877550,G,營運狀況,淨利,,仟元,2017,93652
27390847,G,營運狀況,營業收入,,仟元,2017,539858
27390847,G,營運狀況,營業成本,,仟元,2017,364743
27390847,G,營運狀況,營業費用,,仟元,2017,54172
27390847,G,營運狀況,淨利,,仟元,2017,93941
27473918,G,營運狀況,營業收入,,仟元,2017,722138
27473918,G,營運狀況,營業成本,,仟元,2017,630931
27473918,G,營運狀況,營業費用,,仟元,2017,133624
27473918,G,營運狀況,淨利,,仟元,2017,-49321
89639615,G,營運狀況,營業收入,,仟元,2017,568024
89639615,G,營運狀況,營業成本,,仟元,2017,411631
89639615,G,營運狀況,營業費用,,仟元,2017,263572
89639615,G,營運狀況,淨利,,仟元,2017,-103656
16450500,G,營運狀況,營業收入,,仟元,2017,23744460
16450500,G,營運狀況,營業成本,,仟元,2017,15097747
16450500,G,營運狀況,營業費用,,仟元,2017,2426981
16450500,G,營運狀況,淨利,,仟元,2017,6708703
23504361,G,營運狀況,營業收入,,仟元,2017,27927875
23504361,G,營運狀況,營業成本,,仟元,2017,25977277
23504361,G,營運狀況,營業費用,,仟元,2017,1568667
23504361,G,營運狀況,淨利,,仟元,2017,385277
34168978,G,營運狀況,營業收入,,仟元,2017,1239886
34168978,G,營運狀況,營業成本,,仟元,2017,862030
34168978,G,營運狀況,營業費用,,仟元,2017,327685
34168978,G,營運狀況,淨利,,仟元,2017,37384
89358419,G,營運狀況,營業收入,,仟元,2017,3013603
89358419,G,營運狀況,營業成本,,仟元,2017,2350531
89358419,G,營運狀況,營業費用,,仟元,2017,369884
89358419,G,營運狀況,淨利,,仟元,2017,234494
22101208,G,營運狀況,營業收入,,仟元,2017,54400498
22101208,G,營運狀況,營業成本,,仟元,2017,46533404
22101208,G,營運狀況,營業費用,,仟元,2017,3102358
22101208,G,營運狀況,淨利,,仟元,2017,3054944
56654500,G,營運狀況,營業收入,,仟元,2017,3655354
56654500,G,營運狀況,營業成本,,仟元,2017,3442936
56654500,G,營運狀況,營業費用,,仟元,2017,439774
56654500,G,營運狀況,淨利,,仟元,2017,-141098
22601800,G,營運狀況,營業收入,,仟元,2017,1077537
22601800,G,營運狀況,營業成本,,仟元,2017,759329
22601800,G,營運狀況,營業費用,,仟元,2017,291338
22601800,G,營運狀況,淨利,,仟元,2017,18447
23722471,G,營運狀況,營業收入,,仟元,2017,26330034
23722471,G,營運狀況,營業成本,,仟元,2017,24217141
23722471,G,營運狀況,營業費用,,仟元,2017,1670504
23722471,G,營運狀況,淨利,,仟元,2017,758114
16743865,G,營運狀況,營業收入,,仟元,2017,226696
16743865,G,營運狀況,營業成本,,仟元,2017,416542
16743865,G,營運狀況,營業費用,,仟元,2017,65262
16743865,G,營運狀況,淨利,,仟元,2017,-135802
41181265,G,營運狀況,營業收入,,仟元,2017,106562
41181265,G,營運狀況,營業成本,,仟元,2017,215163
41181265,G,營運狀況,營業費用,,仟元,2017,39191
41181265,G,營運狀況,淨利,,仟元,2017,-158815
28230046,G,營運狀況,營業收入,,仟元,2017,721161
28230046,G,營運狀況,營業成本,,仟元,2017,1093281
28230046,G,營運狀況,營業費用,,仟元,2017,77872
28230046,G,營運狀況,淨利,,仟元,2017,-511541
28997300,G,營運狀況,營業收入,,仟元,2017,6635957
28997300,G,營運狀況,營業成本,,仟元,2017,6818314
28997300,G,營運狀況,營業費用,,仟元,2017,424116
28997300,G,營運狀況,淨利,,仟元,2017,-940541
41420316,G,營運狀況,營業收入,,仟元,2017,130816160
41420316,G,營運狀況,營業成本,,仟元,2017,115738181
41420316,G,營運狀況,營業費用,,仟元,2017,5779370
41420316,G,營運狀況,淨利,,仟元,2017,6954330
28580346,G,營運狀況,營業收入,,仟元,2017,1272930
28580346,G,營運狀況,營業成本,,仟元,2017,1046648
28580346,G,營運狀況,營業費用,,仟元,2017,75392
28580346,G,營運狀況,淨利,,仟元,2017,74797
80579685,G,營運狀況,營業收入,,仟元,2017,258598
80579685,G,營運狀況,營業成本,,仟元,2017,219217
80579685,G,營運狀況,營業費用,,仟元,2017,63378
80579685,G,營運狀況,淨利,,仟元,2017,-34155
27797183,G,營運狀況,營業收入,,仟元,2017,271314
27797183,G,營運狀況,營業成本,,仟元,2017,171742
27797183,G,營運狀況,營業費用,,仟元,2017,57299
27797183,G,營運狀況,淨利,,仟元,2017,35831
54258218,G,營運狀況,營業收入,,仟元,2017,1004137
54258218,G,營運狀況,營業成本,,仟元,2017,469902
54258218,G,營運狀況,營業費用,,仟元,2017,170115
54258218,G,營運狀況,淨利,,仟元,2017,242791
24804181,G,營運狀況,營業收入,,仟元,2017,458628
24804181,G,營運狀況,營業成本,,仟元,2017,398413
24804181,G,營運狀況,營業費用,,仟元,2017,59609
24804181,G,營運狀況,淨利,,仟元,2017,-10193
24758118,G,營運狀況,營業收入,,仟元,2017,498620
24758118,G,營運狀況,營業成本,,仟元,2017,416084
24758118,G,營運狀況,營業費用,,仟元,2017,72549
24758118,G,營運狀況,淨利,,仟元,2017,3039
70697332,G,營運狀況,營業收入,,仟元,2017,3388569
70697332,G,營運狀況,營業成本,,仟元,2017,2095306
70697332,G,營運狀況,營業費用,,仟元,2017,814382
70697332,G,營運狀況,淨利,,仟元,2017,327406
70766576,G,營運狀況,營業收入,,仟元,2017,2262373
70766576,G,營運狀況,營業成本,,仟元,2017,1694009
70766576,G,營運狀況,營業費用,,仟元,2017,248172
70766576,G,營運狀況,淨利,,仟元,2017,378420
16432742,G,營運狀況,營業收入,,仟元,2017,12462218
16432742,G,營運狀況,營業成本,,仟元,2017,10351660
16432742,G,營運狀況,營業費用,,仟元,2017,1155051
16432742,G,營運狀況,淨利,,仟元,2017,605789
16549778,G,營運狀況,營業收入,,仟元,2017,11132587
16549778,G,營運狀況,營業成本,,仟元,2017,9386687
16549778,G,營運狀況,營業費用,,仟元,2017,1449910
16549778,G,營運狀況,淨利,,仟元,2017,525127
84626464,G,營運狀況,營業收入,,仟元,2017,236658
84626464,G,營運狀況,營業成本,,仟元,2017,214967
84626464,G,營運狀況,營業費用,,仟元,2017,92888
84626464,G,營運狀況,淨利,,仟元,2017,-73623
12205020,G,營運狀況,營業收入,,仟元,2016,10962317
12205020,G,營運狀況,營業成本,,仟元,2016,10708647
12205020,G,營運狀況,營業費用,,仟元,2016,1981837
12205020,G,營運狀況,淨利,,仟元,2016,-2203609
47255947,G,營運狀況,營業收入,,仟元,2016,5488496
47255947,G,營運狀況,營業成本,,仟元,2016,3893949
47255947,G,營運狀況,營業費用,,仟元,2016,912831
47255947,G,營運狀況,淨利,,仟元,2016,854758
23218873,G,營運狀況,營業收入,,仟元,2016,10483997
23218873,G,營運狀況,營業成本,,仟元,2016,9998901
23218873,G,營運狀況,營業費用,,仟元,2016,1647566
23218873,G,營運狀況,淨利,,仟元,2016,-2622213
11394902,G,營運狀況,營業收入,,仟元,2016,11005824
11394902,G,營運狀況,營業成本,,仟元,2016,9436673
11394902,G,營運狀況,營業費用,,仟元,2016,1484005
11394902,G,營運狀況,淨利,,仟元,2016,435921
34516147,G,營運狀況,營業收入,,仟元,2016,29347250
34516147,G,營運狀況,營業成本,,仟元,2016,22167392
34516147,G,營運狀況,營業費用,,仟元,2016,5043838
34516147,G,營運狀況,淨利,,仟元,2016,1839518
97178376,G,營運狀況,營業收入,,仟元,2016,17461057
97178376,G,營運狀況,營業成本,,仟元,2016,15178192
97178376,G,營運狀況,營業費用,,仟元,2016,1024560
97178376,G,營運狀況,淨利,,仟元,2016,749273
84149738,G,營運狀況,營業收入,,仟元,2016,329089036
84149738,G,營運狀況,營業成本,,仟元,2016,294598017
84149738,G,營運狀況,營業費用,,仟元,2016,22152563
84149738,G,營運狀況,淨利,,仟元,2016,6606711
22434156,G,營運狀況,營業收入,,仟元,2016,3123899
22434156,G,營運狀況,營業成本,,仟元,2016,2410183
22434156,G,營運狀況,營業費用,,仟元,2016,370225
22434156,G,營運狀況,淨利,,仟元,2016,238220
12206203,G,營運狀況,營業收入,,仟元,2016,1030579
12206203,G,營運狀況,營業成本,,仟元,2016,915818
12206203,G,營運狀況,營業費用,,仟元,2016,100001
12206203,G,營運狀況,淨利,,仟元,2016,12878
12364770,G,營運狀況,營業收入,,仟元,2016,447951
12364770,G,營運狀況,營業成本,,仟元,2016,302657
12364770,G,營運狀況,營業費用,,仟元,2016,90302
12364770,G,營運狀況,淨利,,仟元,2016,36015
34348590,G,營運狀況,營業收入,,仟元,2016,2046312
34348590,G,營運狀況,營業成本,,仟元,2016,1764945
34348590,G,營運狀況,營業費用,,仟元,2016,276129
34348590,G,營運狀況,淨利,,仟元,2016,10072
35866232,G,營運狀況,營業收入,,仟元,2016,4857627
35866232,G,營運狀況,營業成本,,仟元,2016,4385087
35866232,G,營運狀況,營業費用,,仟元,2016,532958
35866232,G,營運狀況,淨利,,仟元,2016,-110772
84929896,G,營運狀況,營業收入,,仟元,2016,26017680
84929896,G,營運狀況,營業成本,,仟元,2016,23409305
84929896,G,營運狀況,營業費用,,仟元,2016,2982489
84929896,G,營運狀況,淨利,,仟元,2016,1666845
89380545,G,營運狀況,營業收入,,仟元,2016,343496
89380545,G,營運狀況,營業成本,,仟元,2016,272544
89380545,G,營運狀況,營業費用,,仟元,2016,127306
89380545,G,營運狀況,淨利,,仟元,2016,-42391
22480876,G,營運狀況,營業收入,,仟元,2016,48351791
22480876,G,營運狀況,營業成本,,仟元,2016,15903015
22480876,G,營運狀況,營業費用,,仟元,2016,4507293
22480876,G,營運狀況,淨利,,仟元,2016,22733025
55921894,G,營運狀況,營業收入,,仟元,2016,17937980
55921894,G,營運狀況,營業成本,,仟元,2016,14674785
55921894,G,營運狀況,營業費用,,仟元,2016,2210237
55921894,G,營運狀況,淨利,,仟元,2016,938938
44955117,G,營運狀況,營業收入,,仟元,2016,3434252
44955117,G,營運狀況,營業成本,,仟元,2016,2946734
44955117,G,營運狀況,營業費用,,仟元,2016,1009463
44955117,G,營運狀況,淨利,,仟元,2016,766125
34452164,G,營運狀況,營業收入,,仟元,2016,2168224
34452164,G,營運狀況,營業成本,,仟元,2016,1745764
34452164,G,營運狀況,營業費用,,仟元,2016,332977
34452164,G,營運狀況,淨利,,仟元,2016,152628
89261652,G,營運狀況,營業收入,,仟元,2016,3178919
89261652,G,營運狀況,營業成本,,仟元,2016,2551193
89261652,G,營運狀況,營業費用,,仟元,2016,444425
89261652,G,營運狀況,淨利,,仟元,2016,187846
70750217,G,營運狀況,營業收入,,仟元,2016,2732534
70750217,G,營運狀況,營業成本,,仟元,2016,2879564
70750217,G,營運狀況,營業費用,,仟元,2016,193910
70750217,G,營運狀況,淨利,,仟元,2016,-494952
84785413,G,營運狀況,營業收入,,仟元,2016,948476
84785413,G,營運狀況,營業成本,,仟元,2016,603948
84785413,G,營運狀況,營業費用,,仟元,2016,220182
84785413,G,營運狀況,淨利,,仟元,2016,87375
16439169,G,營運狀況,營業收入,,仟元,2016,2660104
16439169,G,營運狀況,營業成本,,仟元,2016,2230052
16439169,G,營運狀況,營業費用,,仟元,2016,328813
16439169,G,營運狀況,淨利,,仟元,2016,-274274
97307625,G,營運狀況,營業收入,,仟元,2016,11577046
97307625,G,營運狀況,營業成本,,仟元,2016,10021302
97307625,G,營運狀況,營業費用,,仟元,2016,1509985
97307625,G,營運狀況,淨利,,仟元,2016,100108
97049373,G,營運狀況,營業收入,,仟元,2016,2561784
97049373,G,營運狀況,營業成本,,仟元,2016,3634017
97049373,G,營運狀況,營業費用,,仟元,2016,480131
97049373,G,營運狀況,淨利,,仟元,2016,-466314
16274722,G,營運狀況,營業收入,,仟元,2016,2294760
16274722,G,營運狀況,營業成本,,仟元,2016,1938501
16274722,G,營運狀況,營業費用,,仟元,2016,229477
16274722,G,營運狀況,淨利,,仟元,2016,45504
16302558,G,營運狀況,營業收入,,仟元,2016,1905464
16302558,G,營運狀況,營業成本,,仟元,2016,1043813
16302558,G,營運狀況,營業費用,,仟元,2016,643065
16302558,G,營運狀況,淨利,,仟元,2016,125276
12979925,G,營運狀況,營業收入,,仟元,2016,1296606
12979925,G,營運狀況,營業成本,,仟元,2016,2454764
12979925,G,營運狀況,營業費用,,仟元,2016,353446
12979925,G,營運狀況,淨利,,仟元,2016,-2172004
23572557,G,營運狀況,營業收入,,仟元,2016,7030362
23572557,G,營運狀況,營業成本,,仟元,2016,5283395
23572557,G,營運狀況,營業費用,,仟元,2016,1588783
23572557,G,營運狀況,淨利,,仟元,2016,-170585
70634323,G,營運狀況,營業收入,,仟元,2016,6171727
70634323,G,營運狀況,營業成本,,仟元,2016,5407817
70634323,G,營運狀況,營業費用,,仟元,2016,660998
70634323,G,營運狀況,淨利,,仟元,2016,58947
70703897,G,營運狀況,營業收入,,仟元,2016,4800228
70703897,G,營運狀況,營業成本,,仟元,2016,2768997
70703897,G,營運狀況,營業費用,,仟元,2016,1454030
70703897,G,營運狀況,淨利,,仟元,2016,514574
12800225,G,營運狀況,營業收入,,仟元,2016,287089277
12800225,G,營運狀況,營業成本,,仟元,2016,261000786
12800225,G,營運狀況,營業費用,,仟元,2016,19675242
12800225,G,營運狀況,淨利,,仟元,2016,1870687
84995500,G,營運狀況,營業收入,,仟元,2016,320646
84995500,G,營運狀況,營業成本,,仟元,2016,243152
84995500,G,營運狀況,營業費用,,仟元,2016,36936
84995500,G,營運狀況,淨利,,仟元,2016,28299
12800061,G,營運狀況,營業收入,,仟元,2016,4115786
12800061,G,營運狀況,營業成本,,仟元,2016,3245154
12800061,G,營運狀況,營業費用,,仟元,2016,1056277
12800061,G,營運狀況,淨利,,仟元,2016,-202293
70720798,G,營運狀況,營業收入,,仟元,2016,1407121
70720798,G,營運狀況,營業成本,,仟元,2016,1086876
70720798,G,營運狀況,營業費用,,仟元,2016,249027
70720798,G,營運狀況,淨利,,仟元,2016,8217
70526133,G,營運狀況,營業收入,,仟元,2016,4637262
70526133,G,營運狀況,營業成本,,仟元,2016,4043033
70526133,G,營運狀況,營業費用,,仟元,2016,489634
70526133,G,營運狀況,淨利,,仟元,2016,82530
16522758,G,營運狀況,營業收入,,仟元,2016,809631
16522758,G,營運狀況,營業成本,,仟元,2016,310362
16522758,G,營運狀況,營業費用,,仟元,2016,253085
16522758,G,營運狀況,淨利,,仟元,2016,200747
27763753,G,營運狀況,營業收入,,仟元,2016,16537125
27763753,G,營運狀況,營業成本,,仟元,2016,18451928
27763753,G,營運狀況,營業費用,,仟元,2016,2065022
27763753,G,營運狀況,淨利,,仟元,2016,-6408874
12907747,G,營運狀況,營業收入,,仟元,2016,3333970
12907747,G,營運狀況,營業成本,,仟元,2016,2901086
12907747,G,營運狀況,營業費用,,仟元,2016,427805
12907747,G,營運狀況,淨利,,仟元,2016,-84928
89716605,G,營運狀況,營業收入,,仟元,2016,572247
89716605,G,營運狀況,營業成本,,仟元,2016,506211
89716605,G,營運狀況,營業費用,,仟元,2016,71786
89716605,G,營運狀況,淨利,,仟元,2016,12725
80260061,G,營運狀況,營業收入,,仟元,2016,1456381
80260061,G,營運狀況,營業成本,,仟元,2016,1343456
80260061,G,營運狀況,營業費用,,仟元,2016,261092
80260061,G,營運狀況,淨利,,仟元,2016,-146713
16177616,G,營運狀況,營業收入,,仟元,2016,3901256
16177616,G,營運狀況,營業成本,,仟元,2016,3431587
16177616,G,營運狀況,營業費用,,仟元,2016,199417
16177616,G,營運狀況,淨利,,仟元,2016,218277
31805657,G,營運狀況,營業收入,,仟元,2016,89216284
31805657,G,營運狀況,營業成本,,仟元,2016,85950004
31805657,G,營運狀況,營業費用,,仟元,2016,5137939
31805657,G,營運狀況,淨利,,仟元,2016,-1503967
12737912,G,營運狀況,營業收入,,仟元,2016,78412
12737912,G,營運狀況,營業成本,,仟元,2016,88037
12737912,G,營運狀況,營業費用,,仟元,2016,96120
12737912,G,營運狀況,淨利,,仟元,2016,-107635
56690647,G,營運狀況,營業收入,,仟元,2016,1719086
56690647,G,營運狀況,營業成本,,仟元,2016,1167297
56690647,G,營運狀況,營業費用,,仟元,2016,534296
56690647,G,營運狀況,淨利,,仟元,2016,-26529
28675574,G,營運狀況,營業收入,,仟元,2016,7343091
28675574,G,營運狀況,營業成本,,仟元,2016,7217293
28675574,G,營運狀況,營業費用,,仟元,2016,420449
28675574,G,營運狀況,淨利,,仟元,2016,-293953
26797925,G,營運狀況,營業收入,,仟元,2016,6065058
26797925,G,營運狀況,營業成本,,仟元,2016,4443213
26797925,G,營運狀況,營業費用,,仟元,2016,768851
26797925,G,營運狀況,淨利,,仟元,2016,790056
22164527,G,營運狀況,營業收入,,仟元,2016,6151742
22164527,G,營運狀況,營業成本,,仟元,2016,4984959
22164527,G,營運狀況,營業費用,,仟元,2016,807379
22164527,G,營運狀況,淨利,,仟元,2016,315618
28334226,G,營運狀況,營業收入,,仟元,2016,1252713
28334226,G,營運狀況,營業成本,,仟元,2016,993480
28334226,G,營運狀況,營業費用,,仟元,2016,208197
28334226,G,營運狀況,淨利,,仟元,2016,7129
27790294,G,營運狀況,營業收入,,仟元,2016,10374172
27790294,G,營運狀況,營業成本,,仟元,2016,11170927
27790294,G,營運狀況,營業費用,,仟元,2016,775613
27790294,G,營運狀況,淨利,,仟元,2016,-1483862
28357108,G,營運狀況,營業收入,,仟元,2016,3620275
28357108,G,營運狀況,營業成本,,仟元,2016,2668493
28357108,G,營運狀況,營業費用,,仟元,2016,555654
28357108,G,營運狀況,淨利,,仟元,2016,353176
01895435,G,營運狀況,營業收入,,仟元,2016,10862433
01895435,G,營運狀況,營業成本,,仟元,2016,9433902
01895435,G,營運狀況,營業費用,,仟元,2016,1043510
01895435,G,營運狀況,淨利,,仟元,2016,358500
27877550,G,營運狀況,營業收入,,仟元,2016,863821
27877550,G,營運狀況,營業成本,,仟元,2016,554267
27877550,G,營運狀況,營業費用,,仟元,2016,224876
27877550,G,營運狀況,淨利,,仟元,2016,29889
27390847,G,營運狀況,營業收入,,仟元,2016,404880
27390847,G,營運狀況,營業成本,,仟元,2016,291837
27390847,G,營運狀況,營業費用,,仟元,2016,49141
27390847,G,營運狀況,淨利,,仟元,2016,51932
27473918,G,營運狀況,營業收入,,仟元,2016,931619
27473918,G,營運狀況,營業成本,,仟元,2016,748528
27473918,G,營運狀況,營業費用,,仟元,2016,139510
27473918,G,營運狀況,淨利,,仟元,2016,25794
89639615,G,營運狀況,營業收入,,仟元,2016,1141343
89639615,G,營運狀況,營業成本,,仟元,2016,770717
89639615,G,營運狀況,營業費用,,仟元,2016,357753
89639615,G,營運狀況,淨利,,仟元,2016,16364
16450500,G,營運狀況,營業收入,,仟元,2016,23925255
16450500,G,營運狀況,營業成本,,仟元,2016,16939732
16450500,G,營運狀況,營業費用,,仟元,2016,2330772
16450500,G,營運狀況,淨利,,仟元,2016,4047364
23504361,G,營運狀況,營業收入,,仟元,2016,32890796
23504361,G,營運狀況,營業成本,,仟元,2016,30791492
23504361,G,營運狀況,營業費用,,仟元,2016,1699352
23504361,G,營運狀況,淨利,,仟元,2016,244163
34168978,G,營運狀況,營業收入,,仟元,2016,1464505
34168978,G,營運狀況,營業成本,,仟元,2016,1047128
34168978,G,營運狀況,營業費用,,仟元,2016,341012
34168978,G,營運狀況,淨利,,仟元,2016,129500
89358419,G,營運狀況,營業收入,,仟元,2016,2836405
89358419,G,營運狀況,營業成本,,仟元,2016,2490599
89358419,G,營運狀況,營業費用,,仟元,2016,478709
89358419,G,營運狀況,淨利,,仟元,2016,-172500
22101208,G,營運狀況,營業收入,,仟元,2016,46236615
22101208,G,營運狀況,營業成本,,仟元,2016,40343185
22101208,G,營運狀況,營業費用,,仟元,2016,3109910
22101208,G,營運狀況,淨利,,仟元,2016,3168246
56654500,G,營運狀況,營業收入,,仟元,2016,4003731
56654500,G,營運狀況,營業成本,,仟元,2016,3621503
56654500,G,營運狀況,營業費用,,仟元,2016,498291
56654500,G,營運狀況,淨利,,仟元,2016,-42002
22601800,G,營運狀況,營業收入,,仟元,2016,976967
22601800,G,營運狀況,營業成本,,仟元,2016,682723
22601800,G,營運狀況,營業費用,,仟元,2016,294665
22601800,G,營運狀況,淨利,,仟元,2016,45893
23722471,G,營運狀況,營業收入,,仟元,2016,30046297
23722471,G,營運狀況,營業成本,,仟元,2016,27354890
23722471,G,營運狀況,營業費用,,仟元,2016,1553568
23722471,G,營運狀況,淨利,,仟元,2016,541205
16743865,G,營運狀況,營業收入,,仟元,2016,172409
16743865,G,營運狀況,營業成本,,仟元,2016,318423
16743865,G,營運狀況,營業費用,,仟元,2016,61738
16743865,G,營運狀況,淨利,,仟元,2016,-158619
41181265,G,營運狀況,營業收入,,仟元,2016,210702
41181265,G,營運狀況,營業成本,,仟元,2016,460530
41181265,G,營運狀況,營業費用,,仟元,2016,61987
41181265,G,營運狀況,淨利,,仟元,2016,-271369
28230046,G,營運狀況,營業收入,,仟元,2016,873034
28230046,G,營運狀況,營業成本,,仟元,2016,1160450
28230046,G,營運狀況,營業費用,,仟元,2016,202124
28230046,G,營運狀況,淨利,,仟元,2016,-358201
28997300,G,營運狀況,營業收入,,仟元,2016,7754501
28997300,G,營運狀況,營業成本,,仟元,2016,7283481
28997300,G,營運狀況,營業費用,,仟元,2016,346087
28997300,G,營運狀況,淨利,,仟元,2016,17748
41420316,G,營運狀況,營業收入,,仟元,2016,79361173
41420316,G,營運狀況,營業成本,,仟元,2016,70351479
41420316,G,營運狀況,營業費用,,仟元,2016,5101766
41420316,G,營運狀況,淨利,,仟元,2016,2897420
28580346,G,營運狀況,營業收入,,仟元,2016,897574
28580346,G,營運狀況,營業成本,,仟元,2016,754614
28580346,G,營運狀況,營業費用,,仟元,2016,154024
28580346,G,營運狀況,淨利,,仟元,2016,-56757
80579685,G,營運狀況,營業收入,,仟元,2016,235226
80579685,G,營運狀況,營業成本,,仟元,2016,203813
80579685,G,營運狀況,營業費用,,仟元,2016,61300
80579685,G,營運狀況,淨利,,仟元,2016,-36424
27797183,G,營運狀況,營業收入,,仟元,2016,219888
27797183,G,營運狀況,營業成本,,仟元,2016,135433
27797183,G,營運狀況,營業費用,,仟元,2016,56487
27797183,G,營運狀況,淨利,,仟元,2016,22778
54258218,G,營運狀況,營業收入,,仟元,2016,506163
54258218,G,營運狀況,營業成本,,仟元,2016,239259
54258218,G,營運狀況,營業費用,,仟元,2016,134475
54258218,G,營運狀況,淨利,,仟元,2016,102014
16432742,G,營運狀況,營業收入,,仟元,2016,11683609
16432742,G,營運狀況,營業成本,,仟元,2016,9951502
16432742,G,營運狀況,營業費用,,仟元,2016,1147798
16432742,G,營運狀況,淨利,,仟元,2016,632263
16549778,G,營運狀況,營業收入,,仟元,2016,12753953
16549778,G,營運狀況,營業成本,,仟元,2016,11475087
16549778,G,營運狀況,營業費用,,仟元,2016,1452031
16549778,G,營運狀況,淨利,,仟元,2016,-420221
84626464,G,營運狀況,營業收入,,仟元,2016,424036
84626464,G,營運狀況,營業成本,,仟元,2016,330213
84626464,G,營運狀況,營業費用,,仟元,2016,101505
84626464,G,營運狀況,淨利,,仟元,2016,9235
84149738,X,相關金融商品,永豐台灣ESG永續優質ETF基金,,,2020,T
84149738,X,相關金融商品,永豐台灣ESG永續優質ETF基金,,,2019,T
84149738,X,相關金融商品,永豐台灣ESG永續優質ETF基金,,,2018,T
84149738,X,相關金融商品,國泰ESG永續高股息,,,2020,T
89261652,X,相關金融商品,富邦臺灣公司治理100基金,,,2020,T
89261652,X,相關金融商品,富邦臺灣公司治理100基金,,,2019,T
89261652,X,相關金融商品,富邦臺灣公司治理100基金,,,2018,T
22101208,X,相關金融商品,富邦臺灣公司治理100基金,,,2020,T
22101208,X,相關金融商品,富邦臺灣公司治理100基金,,,2019,T
22101208,X,相關金融商品,富邦臺灣公司治理100基金,,,2018,T
