統編,分類,子分類,項目,來自公司報告,單位,年份,數值
58650902,E,溫室氣體排放,範疇一直接排放,,公噸CO2e,2013,6996980.43
58650902,E,溫室氣體排放,範疇二間接排放,,公噸CO2e,2013,2529246.51
58650902,E,溫室氣體排放,直接＋間接排放,,公噸CO2e,2013,9526226.94
75708007,E,溫室氣體排放,範疇一直接排放,,公噸CO2e,2013,2765280.26
75708007,E,溫室氣體排放,範疇二間接排放,,公噸CO2e,2013,12771.12
75708007,E,溫室氣體排放,直接＋間接排放,,公噸CO2e,2013,2778051.38
86522210,E,溫室氣體排放,範疇一直接排放,,公噸CO2e,2013,30039637.150000002
86522210,E,溫室氣體排放,範疇二間接排放,,公噸CO2e,2013,403896.44
86522210,E,溫室氣體排放,直接＋間接排放,,公噸CO2e,2013,30443533.590000004
14040691,E,溫室氣體排放,範疇一直接排放,,公噸CO2e,2014,171806.61000000002
14040691,E,溫室氣體排放,範疇二間接排放,,公噸CO2e,2014,40732.850000000006
14040691,E,溫室氣體排放,直接＋間接排放,,公噸CO2e,2014,212539.46000000002
19084015,E,溫室氣體排放,範疇一直接排放,,公噸CO2e,2014,136444.45
19084015,E,溫室氣體排放,範疇二間接排放,,公噸CO2e,2014,69938.46
19084015,E,溫室氣體排放,直接＋間接排放,,公噸CO2e,2014,206382.91000000003
20844865,E,溫室氣體排放,範疇一直接排放,,公噸CO2e,2014,187251.45
20844865,E,溫室氣體排放,範疇二間接排放,,公噸CO2e,2014,62703.27
20844865,E,溫室氣體排放,直接＋間接排放,,公噸CO2e,2014,249954.72
22318678,E,溫室氣體排放,範疇一直接排放,,公噸CO2e,2014,133442.9
22318678,E,溫室氣體排放,範疇二間接排放,,公噸CO2e,2014,70437.43
22318678,E,溫室氣體排放,直接＋間接排放,,公噸CO2e,2014,203880.33
57104700,E,溫室氣體排放,範疇一直接排放,,公噸CO2e,2014,19497.269999999997
57104700,E,溫室氣體排放,範疇二間接排放,,公噸CO2e,2014,6391.17
57104700,E,溫室氣體排放,直接＋間接排放,,公噸CO2e,2014,25888.439999999995
58650902,E,溫室氣體排放,範疇一直接排放,,公噸CO2e,2014,6734401.59
58650902,E,溫室氣體排放,範疇二間接排放,,公噸CO2e,2014,3392723.6499999994
58650902,E,溫室氣體排放,直接＋間接排放,,公噸CO2e,2014,10127125.239999998
75370905,E,溫室氣體排放,範疇一直接排放,,公噸CO2e,2014,2847849.62
75370905,E,溫室氣體排放,範疇二間接排放,,公噸CO2e,2014,3083116.31
75370905,E,溫室氣體排放,直接＋間接排放,,公噸CO2e,2014,5930965.93
75708007,E,溫室氣體排放,範疇一直接排放,,公噸CO2e,2014,4151482.8799999994
75708007,E,溫室氣體排放,範疇二間接排放,,公噸CO2e,2014,3981428.18
75708007,E,溫室氣體排放,直接＋間接排放,,公噸CO2e,2014,8132911.06
83387850,E,溫室氣體排放,範疇一直接排放,,公噸CO2e,2014,29340.3
83387850,E,溫室氣體排放,範疇二間接排放,,公噸CO2e,2014,26399.7
83387850,E,溫室氣體排放,直接＋間接排放,,公噸CO2e,2014,55740
86120031,E,溫室氣體排放,範疇一直接排放,,公噸CO2e,2014,290118.48
86120031,E,溫室氣體排放,範疇二間接排放,,公噸CO2e,2014,208906.96
86120031,E,溫室氣體排放,直接＋間接排放,,公噸CO2e,2014,499025.43999999994
86522210,E,溫室氣體排放,範疇一直接排放,,公噸CO2e,2014,29766865.479999997
86522210,E,溫室氣體排放,範疇二間接排放,,公噸CO2e,2014,327453.27
86522210,E,溫室氣體排放,直接＋間接排放,,公噸CO2e,2014,30094318.749999996
14040691,E,溫室氣體排放,範疇一直接排放,,公噸CO2e,2015,176756.72
14040691,E,溫室氣體排放,範疇二間接排放,,公噸CO2e,2015,35015.09
14040691,E,溫室氣體排放,直接＋間接排放,,公噸CO2e,2015,211771.81
19084015,E,溫室氣體排放,範疇一直接排放,,公噸CO2e,2015,121123.26000000001
19084015,E,溫室氣體排放,範疇二間接排放,,公噸CO2e,2015,90792.53
19084015,E,溫室氣體排放,直接＋間接排放,,公噸CO2e,2015,211915.79
20844865,E,溫室氣體排放,範疇一直接排放,,公噸CO2e,2015,215804.25999999998
20844865,E,溫室氣體排放,範疇二間接排放,,公噸CO2e,2015,61436.53
20844865,E,溫室氣體排放,直接＋間接排放,,公噸CO2e,2015,277240.79
22318678,E,溫室氣體排放,範疇一直接排放,,公噸CO2e,2015,149159.36000000002
22318678,E,溫室氣體排放,範疇二間接排放,,公噸CO2e,2015,73148.4
22318678,E,溫室氣體排放,直接＋間接排放,,公噸CO2e,2015,222307.76
57104700,E,溫室氣體排放,範疇一直接排放,,公噸CO2e,2015,22409.3
57104700,E,溫室氣體排放,範疇二間接排放,,公噸CO2e,2015,6682.86
57104700,E,溫室氣體排放,直接＋間接排放,,公噸CO2e,2015,29092.16
58650902,E,溫室氣體排放,範疇一直接排放,,公噸CO2e,2015,6877544.92
58650902,E,溫室氣體排放,範疇二間接排放,,公噸CO2e,2015,3573080.17
58650902,E,溫室氣體排放,直接＋間接排放,,公噸CO2e,2015,10450625.09
75370905,E,溫室氣體排放,範疇一直接排放,,公噸CO2e,2015,2967584.0700000003
75370905,E,溫室氣體排放,範疇二間接排放,,公噸CO2e,2015,3244142.8899999997
75370905,E,溫室氣體排放,直接＋間接排放,,公噸CO2e,2015,6211726.96
75708007,E,溫室氣體排放,範疇一直接排放,,公噸CO2e,2015,4083960.2800000003
75708007,E,溫室氣體排放,範疇二間接排放,,公噸CO2e,2015,4082046.46
75708007,E,溫室氣體排放,直接＋間接排放,,公噸CO2e,2015,8166006.74
83387850,E,溫室氣體排放,範疇一直接排放,,公噸CO2e,2015,20550.529999999995
83387850,E,溫室氣體排放,範疇二間接排放,,公噸CO2e,2015,26960.31
83387850,E,溫室氣體排放,直接＋間接排放,,公噸CO2e,2015,47510.84
86120031,E,溫室氣體排放,範疇一直接排放,,公噸CO2e,2015,217265.4
86120031,E,溫室氣體排放,範疇二間接排放,,公噸CO2e,2015,167231.04
86120031,E,溫室氣體排放,直接＋間接排放,,公噸CO2e,2015,384496.44
86522210,E,溫室氣體排放,範疇一直接排放,,公噸CO2e,2015,29225268.759999998
86522210,E,溫室氣體排放,範疇二間接排放,,公噸CO2e,2015,302025.76
86522210,E,溫室氣體排放,直接＋間接排放,,公噸CO2e,2015,29527294.52
14040691,E,溫室氣體排放,範疇一直接排放,,公噸CO2e,2016,173636.6
14040691,E,溫室氣體排放,範疇二間接排放,,公噸CO2e,2016,32605.99
14040691,E,溫室氣體排放,直接＋間接排放,,公噸CO2e,2016,206242.59
19084015,E,溫室氣體排放,範疇一直接排放,,公噸CO2e,2016,106640.65
19084015,E,溫室氣體排放,範疇二間接排放,,公噸CO2e,2016,197571.92
19084015,E,溫室氣體排放,直接＋間接排放,,公噸CO2e,2016,304212.57
20844865,E,溫室氣體排放,範疇一直接排放,,公噸CO2e,2016,361425.66
20844865,E,溫室氣體排放,範疇二間接排放,,公噸CO2e,2016,42971.89
20844865,E,溫室氣體排放,直接＋間接排放,,公噸CO2e,2016,404397.55
20844865,E,溫室氣體排放,碳密集度,,公噸CO2e/億元,2016,2873.4739373482253
22318678,E,溫室氣體排放,範疇一直接排放,,公噸CO2e,2016,158818.72999999998
22318678,E,溫室氣體排放,範疇二間接排放,,公噸CO2e,2016,92901.29
22318678,E,溫室氣體排放,直接＋間接排放,,公噸CO2e,2016,251720.01999999996
57104700,E,溫室氣體排放,範疇一直接排放,,公噸CO2e,2016,21127.81
57104700,E,溫室氣體排放,範疇二間接排放,,公噸CO2e,2016,6913.94
57104700,E,溫室氣體排放,直接＋間接排放,,公噸CO2e,2016,28041.75
58650902,E,溫室氣體排放,範疇一直接排放,,公噸CO2e,2016,6935200.430000002
58650902,E,溫室氣體排放,範疇二間接排放,,公噸CO2e,2016,3342485.1199999996
58650902,E,溫室氣體排放,直接＋間接排放,,公噸CO2e,2016,10277685.55
58650902,E,溫室氣體排放,碳密集度,,公噸CO2e/億元,2016,3219.7796274425564
75370905,E,溫室氣體排放,範疇一直接排放,,公噸CO2e,2016,2665776.53
75370905,E,溫室氣體排放,範疇二間接排放,,公噸CO2e,2016,3326635.58
75370905,E,溫室氣體排放,直接＋間接排放,,公噸CO2e,2016,5992412.109999999
75370905,E,溫室氣體排放,碳密集度,,公噸CO2e/億元,2016,2176.72841700165
75708007,E,溫室氣體排放,範疇一直接排放,,公噸CO2e,2016,3835753.4100000006
75708007,E,溫室氣體排放,範疇二間接排放,,公噸CO2e,2016,4085937.1999999997
75708007,E,溫室氣體排放,直接＋間接排放,,公噸CO2e,2016,7921690.61
75708007,E,溫室氣體排放,碳密集度,,公噸CO2e/億元,2016,4396.708812263259
83387850,E,溫室氣體排放,範疇一直接排放,,公噸CO2e,2016,27904.23
83387850,E,溫室氣體排放,範疇二間接排放,,公噸CO2e,2016,28079.74
83387850,E,溫室氣體排放,直接＋間接排放,,公噸CO2e,2016,55983.97
83387850,E,溫室氣體排放,碳密集度,,公噸CO2e/億元,2016,506.8387140463584
86120031,E,溫室氣體排放,範疇一直接排放,,公噸CO2e,2016,167041.33999999997
86120031,E,溫室氣體排放,範疇二間接排放,,公噸CO2e,2016,141162.51
86120031,E,溫室氣體排放,直接＋間接排放,,公噸CO2e,2016,308203.85
86522210,E,溫室氣體排放,範疇一直接排放,,公噸CO2e,2016,27910777.65
86522210,E,溫室氣體排放,範疇二間接排放,,公噸CO2e,2016,380376.32
86522210,E,溫室氣體排放,直接＋間接排放,,公噸CO2e,2016,28291153.97
86522210,E,溫室氣體排放,碳密集度,,公噸CO2e/億元,2016,5179.998677423958
14040691,E,溫室氣體排放,範疇一直接排放,,公噸CO2e,2017,170123.71
14040691,E,溫室氣體排放,範疇二間接排放,,公噸CO2e,2017,33952.97
14040691,E,溫室氣體排放,直接＋間接排放,,公噸CO2e,2017,204076.68
19084015,E,溫室氣體排放,範疇一直接排放,,公噸CO2e,2017,113719.75
19084015,E,溫室氣體排放,範疇二間接排放,,公噸CO2e,2017,96993.37
19084015,E,溫室氣體排放,直接＋間接排放,,公噸CO2e,2017,210713.12
20844865,E,溫室氣體排放,範疇一直接排放,,公噸CO2e,2017,355119.91
20844865,E,溫室氣體排放,範疇二間接排放,,公噸CO2e,2017,35784.52
20844865,E,溫室氣體排放,直接＋間接排放,,公噸CO2e,2017,390904.43
20844865,E,溫室氣體排放,碳密集度,,公噸CO2e/億元,2017,2650.051122560865
22318678,E,溫室氣體排放,範疇一直接排放,,公噸CO2e,2017,167535.78999999998
22318678,E,溫室氣體排放,範疇二間接排放,,公噸CO2e,2017,108268.88
22318678,E,溫室氣體排放,直接＋間接排放,,公噸CO2e,2017,275804.67
58650902,E,溫室氣體排放,範疇一直接排放,,公噸CO2e,2017,5397056.24
58650902,E,溫室氣體排放,範疇二間接排放,,公噸CO2e,2017,3412033.54
58650902,E,溫室氣體排放,直接＋間接排放,,公噸CO2e,2017,8809089.780000001
58650902,E,溫室氣體排放,碳密集度,,公噸CO2e/億元,2017,2457.7461153268914
75370905,E,溫室氣體排放,範疇一直接排放,,公噸CO2e,2017,2823672.5600000005
75370905,E,溫室氣體排放,範疇二間接排放,,公噸CO2e,2017,3454851.1799999997
75370905,E,溫室氣體排放,直接＋間接排放,,公噸CO2e,2017,6278523.74
75370905,E,溫室氣體排放,碳密集度,,公噸CO2e/億元,2017,2050.8671602587824
75708007,E,溫室氣體排放,範疇一直接排放,,公噸CO2e,2017,3817458.44
75708007,E,溫室氣體排放,範疇二間接排放,,公噸CO2e,2017,4390878.9
75708007,E,溫室氣體排放,直接＋間接排放,,公噸CO2e,2017,8208337.34
75708007,E,溫室氣體排放,碳密集度,,公噸CO2e/億元,2017,3970.9482215776416
83387850,E,溫室氣體排放,範疇一直接排放,,公噸CO2e,2017,31010.399999999998
83387850,E,溫室氣體排放,範疇二間接排放,,公噸CO2e,2017,28368.41
83387850,E,溫室氣體排放,直接＋間接排放,,公噸CO2e,2017,59378.81
83387850,E,溫室氣體排放,碳密集度,,公噸CO2e/億元,2017,602.5030047116517
86120031,E,溫室氣體排放,範疇一直接排放,,公噸CO2e,2017,195384.30000000002
86120031,E,溫室氣體排放,範疇二間接排放,,公噸CO2e,2017,141031.21
86120031,E,溫室氣體排放,直接＋間接排放,,公噸CO2e,2017,336415.51
86522210,E,溫室氣體排放,範疇一直接排放,,公噸CO2e,2017,26952534.95
86522210,E,溫室氣體排放,範疇二間接排放,,公噸CO2e,2017,300027.2
86522210,E,溫室氣體排放,直接＋間接排放,,公噸CO2e,2017,27252562.15
86522210,E,溫室氣體排放,碳密集度,,公噸CO2e/億元,2017,4366.642771118812
11686106,E,溫室氣體排放,範疇一直接排放,,公噸CO2e,2018,53552.28999999999
11686106,E,溫室氣體排放,範疇二間接排放,,公噸CO2e,2018,100439.89
11686106,E,溫室氣體排放,直接＋間接排放,,公噸CO2e,2018,153992.18
11686106,E,溫室氣體排放,碳密集度,,公噸CO2e/億元,2018,1013.5985094342839
14040691,E,溫室氣體排放,範疇一直接排放,,公噸CO2e,2018,175136.83
14040691,E,溫室氣體排放,範疇二間接排放,,公噸CO2e,2018,33716.94
14040691,E,溫室氣體排放,直接＋間接排放,,公噸CO2e,2018,208853.77
19084015,E,溫室氣體排放,範疇一直接排放,,公噸CO2e,2018,113005.01999999999
19084015,E,溫室氣體排放,範疇二間接排放,,公噸CO2e,2018,91993.03
19084015,E,溫室氣體排放,直接＋間接排放,,公噸CO2e,2018,204998.05
20844865,E,溫室氣體排放,範疇一直接排放,,公噸CO2e,2018,377513.6
20844865,E,溫室氣體排放,範疇二間接排放,,公噸CO2e,2018,35402.71
20844865,E,溫室氣體排放,直接＋間接排放,,公噸CO2e,2018,412916.31
20844865,E,溫室氣體排放,碳密集度,,公噸CO2e/億元,2018,2684.298236182131
22318678,E,溫室氣體排放,範疇一直接排放,,公噸CO2e,2018,87816.63
22318678,E,溫室氣體排放,範疇二間接排放,,公噸CO2e,2018,43129.51
22318678,E,溫室氣體排放,直接＋間接排放,,公噸CO2e,2018,130946.14000000001
42818882,E,溫室氣體排放,範疇一直接排放,,公噸CO2e,2018,186018.71000000002
42818882,E,溫室氣體排放,範疇二間接排放,,公噸CO2e,2018,31187.86
42818882,E,溫室氣體排放,直接＋間接排放,,公噸CO2e,2018,217206.57
58650902,E,溫室氣體排放,範疇一直接排放,,公噸CO2e,2018,5587881.1
58650902,E,溫室氣體排放,範疇二間接排放,,公噸CO2e,2018,3433868.99
58650902,E,溫室氣體排放,直接＋間接排放,,公噸CO2e,2018,9021750.09
58650902,E,溫室氣體排放,碳密集度,,公噸CO2e/億元,2018,2211.9735419354247
75370905,E,溫室氣體排放,範疇一直接排放,,公噸CO2e,2018,2632104.27
75370905,E,溫室氣體排放,範疇二間接排放,,公噸CO2e,2018,3500515.67
75370905,E,溫室氣體排放,直接＋間接排放,,公噸CO2e,2018,6132619.9399999995
75370905,E,溫室氣體排放,碳密集度,,公噸CO2e/億元,2018,1841.287220296452
75708007,E,溫室氣體排放,範疇一直接排放,,公噸CO2e,2018,3773864.2499999995
75708007,E,溫室氣體排放,範疇二間接排放,,公噸CO2e,2018,4356521.41
75708007,E,溫室氣體排放,直接＋間接排放,,公噸CO2e,2018,8130385.66
75708007,E,溫室氣體排放,碳密集度,,公噸CO2e/億元,2018,3529.2723475697644
83387850,E,溫室氣體排放,範疇一直接排放,,公噸CO2e,2018,25507.790000000005
83387850,E,溫室氣體排放,範疇二間接排放,,公噸CO2e,2018,27418.37
83387850,E,溫室氣體排放,直接＋間接排放,,公噸CO2e,2018,52926.16
83387850,E,溫室氣體排放,碳密集度,,公噸CO2e/億元,2018,557.5717479293656
86120031,E,溫室氣體排放,範疇一直接排放,,公噸CO2e,2018,227088.76
86120031,E,溫室氣體排放,範疇二間接排放,,公噸CO2e,2018,146518.56
86120031,E,溫室氣體排放,直接＋間接排放,,公噸CO2e,2018,373607.32
86522210,E,溫室氣體排放,範疇一直接排放,,公噸CO2e,2018,28070607.330000002
86522210,E,溫室氣體排放,範疇二間接排放,,公噸CO2e,2018,360140.9
86522210,E,溫室氣體排放,直接＋間接排放,,公噸CO2e,2018,28430748.23
86522210,E,溫室氣體排放,碳密集度,,公噸CO2e/億元,2018,3704.0896560594815
11686106,E,溫室氣體排放,範疇一直接排放,,公噸CO2e,2019,50660.19
11686106,E,溫室氣體排放,範疇二間接排放,,公噸CO2e,2019,90007.44
11686106,E,溫室氣體排放,直接＋間接排放,,公噸CO2e,2019,140667.63
11686106,E,溫室氣體排放,碳密集度,,公噸CO2e/億元,2019,930.4734699466293
14040691,E,溫室氣體排放,範疇一直接排放,,公噸CO2e,2019,158327.91
14040691,E,溫室氣體排放,範疇二間接排放,,公噸CO2e,2019,30831.97
14040691,E,溫室氣體排放,直接＋間接排放,,公噸CO2e,2019,189159.88
19084015,E,溫室氣體排放,範疇一直接排放,,公噸CO2e,2019,113706.20999999999
19084015,E,溫室氣體排放,範疇二間接排放,,公噸CO2e,2019,86378.28
19084015,E,溫室氣體排放,直接＋間接排放,,公噸CO2e,2019,200084.49
20844865,E,溫室氣體排放,範疇一直接排放,,公噸CO2e,2019,351473.99
20844865,E,溫室氣體排放,範疇二間接排放,,公噸CO2e,2019,33377.47
20844865,E,溫室氣體排放,直接＋間接排放,,公噸CO2e,2019,384851.45999999996
20844865,E,溫室氣體排放,碳密集度,,公噸CO2e/億元,2019,3149.5147588803334
22318678,E,溫室氣體排放,範疇一直接排放,,公噸CO2e,2019,304307.79
22318678,E,溫室氣體排放,範疇二間接排放,,公噸CO2e,2019,127836.37
22318678,E,溫室氣體排放,直接＋間接排放,,公噸CO2e,2019,432144.16
42818882,E,溫室氣體排放,範疇一直接排放,,公噸CO2e,2019,202106.61
42818882,E,溫室氣體排放,範疇二間接排放,,公噸CO2e,2019,14401.75
42818882,E,溫室氣體排放,直接＋間接排放,,公噸CO2e,2019,216508.36
58650902,E,溫室氣體排放,範疇一直接排放,,公噸CO2e,2019,5177112.02
58650902,E,溫室氣體排放,範疇二間接排放,,公噸CO2e,2019,3148439.27
58650902,E,溫室氣體排放,直接＋間接排放,,公噸CO2e,2019,8325551.289999999
58650902,E,溫室氣體排放,碳密集度,,公噸CO2e/億元,2019,2638.851352151242
75370905,E,溫室氣體排放,範疇一直接排放,,公噸CO2e,2019,2649087.02
75370905,E,溫室氣體排放,範疇二間接排放,,公噸CO2e,2019,3225456.9099999997
75370905,E,溫室氣體排放,直接＋間接排放,,公噸CO2e,2019,5874543.93
75370905,E,溫室氣體排放,碳密集度,,公噸CO2e/億元,2019,2051.862089954128
75708007,E,溫室氣體排放,範疇一直接排放,,公噸CO2e,2019,3710835.23
75708007,E,溫室氣體排放,範疇二間接排放,,公噸CO2e,2019,4213455.17
75708007,E,溫室氣體排放,直接＋間接排放,,公噸CO2e,2019,7924290.4
75708007,E,溫室氣體排放,碳密集度,,公噸CO2e/億元,2019,3812.530595591487
83387850,E,溫室氣體排放,範疇一直接排放,,公噸CO2e,2019,17017.02
83387850,E,溫室氣體排放,範疇二間接排放,,公噸CO2e,2019,26912.76
83387850,E,溫室氣體排放,直接＋間接排放,,公噸CO2e,2019,43929.78
83387850,E,溫室氣體排放,碳密集度,,公噸CO2e/億元,2019,427.6898276195938
86120031,E,溫室氣體排放,範疇一直接排放,,公噸CO2e,2019,182176.93999999997
86120031,E,溫室氣體排放,範疇二間接排放,,公噸CO2e,2019,137622.78
86120031,E,溫室氣體排放,直接＋間接排放,,公噸CO2e,2019,319799.72
86522210,E,溫室氣體排放,範疇一直接排放,,公噸CO2e,2019,27256819.57
86522210,E,溫室氣體排放,範疇二間接排放,,公噸CO2e,2019,264419.80000000005
86522210,E,溫室氣體排放,直接＋間接排放,,公噸CO2e,2019,27521239.37
86522210,E,溫室氣體排放,碳密集度,,公噸CO2e/億元,2019,4260.103356505482
11686106,E,溫室氣體排放,範疇一直接排放,,公噸CO2e,2020,44563.84
11686106,E,溫室氣體排放,範疇二間接排放,,公噸CO2e,2020,85974.53
11686106,E,溫室氣體排放,直接＋間接排放,,公噸CO2e,2020,130538.37
11686106,E,溫室氣體排放,碳密集度,,公噸CO2e/億元,2020,950.5349392579182
14040691,E,溫室氣體排放,範疇一直接排放,,公噸CO2e,2020,136159.15
14040691,E,溫室氣體排放,範疇二間接排放,,公噸CO2e,2020,32627.6
14040691,E,溫室氣體排放,直接＋間接排放,,公噸CO2e,2020,168786.75
19084015,E,溫室氣體排放,範疇一直接排放,,公噸CO2e,2020,104548.44
19084015,E,溫室氣體排放,範疇二間接排放,,公噸CO2e,2020,68158.18
19084015,E,溫室氣體排放,直接＋間接排放,,公噸CO2e,2020,172706.62
20844865,E,溫室氣體排放,範疇一直接排放,,公噸CO2e,2020,332196.55000000005
20844865,E,溫室氣體排放,範疇二間接排放,,公噸CO2e,2020,32486.23
20844865,E,溫室氣體排放,直接＋間接排放,,公噸CO2e,2020,364682.78
20844865,E,溫室氣體排放,碳密集度,,公噸CO2e/億元,2020,4494.917619072564
22318678,E,溫室氣體排放,範疇一直接排放,,公噸CO2e,2020,265166.20999999996
22318678,E,溫室氣體排放,範疇二間接排放,,公噸CO2e,2020,133956.09
22318678,E,溫室氣體排放,直接＋間接排放,,公噸CO2e,2020,399122.29999999993
42818882,E,溫室氣體排放,範疇一直接排放,,公噸CO2e,2020,245245.37
42818882,E,溫室氣體排放,範疇二間接排放,,公噸CO2e,2020,11484.86
42818882,E,溫室氣體排放,直接＋間接排放,,公噸CO2e,2020,256730.22999999998
58650902,E,溫室氣體排放,範疇一直接排放,,公噸CO2e,2020,5205586.98
58650902,E,溫室氣體排放,範疇二間接排放,,公噸CO2e,2020,3121771.3200000003
58650902,E,溫室氣體排放,直接＋間接排放,,公噸CO2e,2020,8327358.300000001
58650902,E,溫室氣體排放,碳密集度,,公噸CO2e/億元,2020,3287.616895275506
75370905,E,溫室氣體排放,範疇一直接排放,,公噸CO2e,2020,2575505.77
75370905,E,溫室氣體排放,範疇二間接排放,,公噸CO2e,2020,3253136.7199999997
75370905,E,溫室氣體排放,直接＋間接排放,,公噸CO2e,2020,5828642.49
75370905,E,溫室氣體排放,碳密集度,,公噸CO2e/億元,2020,2132.2704722099243
75708007,E,溫室氣體排放,範疇一直接排放,,公噸CO2e,2020,3901637.4200000004
75708007,E,溫室氣體排放,範疇二間接排放,,公噸CO2e,2020,4032192.62
75708007,E,溫室氣體排放,直接＋間接排放,,公噸CO2e,2020,7933830.040000001
75708007,E,溫室氣體排放,碳密集度,,公噸CO2e/億元,2020,4269.783463684981
86120031,E,溫室氣體排放,範疇一直接排放,,公噸CO2e,2020,163753.61
86120031,E,溫室氣體排放,範疇二間接排放,,公噸CO2e,2020,111388.44
86120031,E,溫室氣體排放,直接＋間接排放,,公噸CO2e,2020,275142.05
86522210,E,溫室氣體排放,範疇一直接排放,,公噸CO2e,2020,25329734.15
86522210,E,溫室氣體排放,範疇二間接排放,,公噸CO2e,2020,304027.12
86522210,E,溫室氣體排放,直接＋間接排放,,公噸CO2e,2020,25633761.27
86522210,E,溫室氣體排放,碳密集度,,公噸CO2e/億元,2020,6172.619048593716
11686106,E,溫室氣體排放,範疇一直接排放,,公噸CO2e,2021,48304.259999999995
11686106,E,溫室氣體排放,範疇二間接排放,,公噸CO2e,2021,90796.64
11686106,E,溫室氣體排放,直接＋間接排放,,公噸CO2e,2021,139100.9
14040691,E,溫室氣體排放,範疇一直接排放,,公噸CO2e,2021,168789.61000000002
14040691,E,溫室氣體排放,範疇二間接排放,,公噸CO2e,2021,25767.31
14040691,E,溫室氣體排放,直接＋間接排放,,公噸CO2e,2021,194556.92
19084015,E,溫室氣體排放,範疇一直接排放,,公噸CO2e,2021,120403.93
19084015,E,溫室氣體排放,範疇二間接排放,,公噸CO2e,2021,78746.65
19084015,E,溫室氣體排放,直接＋間接排放,,公噸CO2e,2021,199150.58
20844865,E,溫室氣體排放,範疇一直接排放,,公噸CO2e,2021,331800.81
20844865,E,溫室氣體排放,範疇二間接排放,,公噸CO2e,2021,33901.95
20844865,E,溫室氣體排放,直接＋間接排放,,公噸CO2e,2021,365702.76
22318678,E,溫室氣體排放,範疇一直接排放,,公噸CO2e,2021,266118.83999999997
22318678,E,溫室氣體排放,範疇二間接排放,,公噸CO2e,2021,115573.13
22318678,E,溫室氣體排放,直接＋間接排放,,公噸CO2e,2021,381691.97
42818882,E,溫室氣體排放,範疇一直接排放,,公噸CO2e,2021,277885.7
42818882,E,溫室氣體排放,範疇二間接排放,,公噸CO2e,2021,7902.23
42818882,E,溫室氣體排放,直接＋間接排放,,公噸CO2e,2021,285787.93
58650902,E,溫室氣體排放,範疇一直接排放,,公噸CO2e,2021,5355545.61
58650902,E,溫室氣體排放,範疇二間接排放,,公噸CO2e,2021,3125026.6999999997
58650902,E,溫室氣體排放,直接＋間接排放,,公噸CO2e,2021,8480572.31
75370905,E,溫室氣體排放,範疇一直接排放,,公噸CO2e,2021,2476595.14
75370905,E,溫室氣體排放,範疇二間接排放,,公噸CO2e,2021,3566857.6499999994
75370905,E,溫室氣體排放,直接＋間接排放,,公噸CO2e,2021,6043452.789999999
75708007,E,溫室氣體排放,範疇一直接排放,,公噸CO2e,2021,3839116.4900000007
75708007,E,溫室氣體排放,範疇二間接排放,,公噸CO2e,2021,4072697.51
75708007,E,溫室氣體排放,直接＋間接排放,,公噸CO2e,2021,7911814
86120031,E,溫室氣體排放,範疇一直接排放,,公噸CO2e,2021,173800
86120031,E,溫室氣體排放,範疇二間接排放,,公噸CO2e,2021,98488.56
86120031,E,溫室氣體排放,直接＋間接排放,,公噸CO2e,2021,272288.56
86522210,E,溫室氣體排放,範疇一直接排放,,公噸CO2e,2021,26482721
86522210,E,溫室氣體排放,範疇二間接排放,,公噸CO2e,2021,198093.96
86522210,E,溫室氣體排放,直接＋間接排放,,公噸CO2e,2021,26680814.96
75708007,E,溫室氣體排放,範疇一直接排放,true,公噸CO2e,2020,暫無資料
75708007,E,溫室氣體排放,範疇二間接排放,true,公噸CO2e,2020,暫無資料
75708007,E,溫室氣體排放,範疇三其他排放,true,公噸CO2e,2020,暫無資料
75708007,E,溫室氣體排放,範疇一直接排放,true,公噸CO2e,2019,3659904
75708007,E,溫室氣體排放,範疇二間接排放,true,公噸CO2e,2019,4981555
75708007,E,溫室氣體排放,範疇三其他排放,true,公噸CO2e,2019,1140274
75708007,E,溫室氣體排放,碳密集度,true,公噸CO2e/億元,2019,4157.574390263311
75708007,E,溫室氣體排放,直接＋間接排放,true,公噸CO2e,2019,8641459
75708007,E,溫室氣體排放,範疇一直接排放,true,公噸CO2e,2018,3836493
75708007,E,溫室氣體排放,範疇二間接排放,true,公噸CO2e,2018,5008477
75708007,E,溫室氣體排放,範疇三其他排放,true,公噸CO2e,2018,1140274
75708007,E,溫室氣體排放,碳密集度,true,公噸CO2e/億元,2018,3839.4621536420623
75708007,E,溫室氣體排放,直接＋間接排放,true,公噸CO2e,2018,8844970
75708007,E,溫室氣體排放,範疇一直接排放,true,公噸CO2e,2017,4060474
75708007,E,溫室氣體排放,範疇二間接排放,true,公噸CO2e,2017,5183854
75708007,E,溫室氣體排放,範疇三其他排放,true,公噸CO2e,2017,7149
75708007,E,溫室氣體排放,碳密集度,true,公噸CO2e/億元,2017,4472.129532541897
75708007,E,溫室氣體排放,直接＋間接排放,true,公噸CO2e,2017,9244328
75370905,E,溫室氣體排放,範疇一直接排放,true,公噸CO2e,2020,2446487
75370905,E,溫室氣體排放,範疇二間接排放,true,公噸CO2e,2020,3332272
75370905,E,溫室氣體排放,範疇三其他排放,true,公噸CO2e,2020,暫無資料
75370905,E,溫室氣體排放,碳密集度,true,公噸CO2e/億元,2020,2114.0217817197686
75370905,E,溫室氣體排放,直接＋間接排放,true,公噸CO2e,2020,5778759
75370905,E,溫室氣體排放,範疇一直接排放,true,公噸CO2e,2019,2661454
75370905,E,溫室氣體排放,範疇二間接排放,true,公噸CO2e,2019,3283571
75370905,E,溫室氣體排放,範疇三其他排放,true,公噸CO2e,2019,暫無資料
75370905,E,溫室氣體排放,碳密集度,true,公噸CO2e/億元,2019,2076.4797347135577
75370905,E,溫室氣體排放,直接＋間接排放,true,公噸CO2e,2019,5945025
75370905,E,溫室氣體排放,範疇一直接排放,true,公噸CO2e,2018,2645521
75370905,E,溫室氣體排放,範疇二間接排放,true,公噸CO2e,2018,3581805
75370905,E,溫室氣體排放,範疇三其他排放,true,公噸CO2e,2018,暫無資料
75370905,E,溫室氣體排放,碳密集度,true,公噸CO2e/億元,2018,1869.7222219219775
75370905,E,溫室氣體排放,直接＋間接排放,true,公噸CO2e,2018,6227326
75370905,E,溫室氣體排放,範疇一直接排放,true,公噸CO2e,2017,2853677
75370905,E,溫室氣體排放,範疇二間接排放,true,公噸CO2e,2017,3403343
75370905,E,溫室氣體排放,範疇三其他排放,true,公噸CO2e,2017,暫無資料
75370905,E,溫室氣體排放,碳密集度,true,公噸CO2e/億元,2017,2043.8430068088599
75370905,E,溫室氣體排放,直接＋間接排放,true,公噸CO2e,2017,6257020
11917107,E,溫室氣體排放,範疇一直接排放,true,公噸CO2e,2020,19480
11917107,E,溫室氣體排放,範疇二間接排放,true,公噸CO2e,2020,126950
11917107,E,溫室氣體排放,範疇三其他排放,true,公噸CO2e,2020,無揭露
11917107,E,溫室氣體排放,碳密集度,true,公噸CO2e/億元,2020,291.6858303573298
11917107,E,溫室氣體排放,直接＋間接排放,true,公噸CO2e,2020,146430
11917107,E,溫室氣體排放,範疇一直接排放,true,公噸CO2e,2019,26590
11917107,E,溫室氣體排放,範疇二間接排放,true,公噸CO2e,2019,133280
11917107,E,溫室氣體排放,範疇三其他排放,true,公噸CO2e,2019,無揭露
11917107,E,溫室氣體排放,碳密集度,true,公噸CO2e/億元,2019,287.2428337117331
11917107,E,溫室氣體排放,直接＋間接排放,true,公噸CO2e,2019,159870
11917107,E,溫室氣體排放,範疇一直接排放,true,公噸CO2e,2018,19890
11917107,E,溫室氣體排放,範疇二間接排放,true,公噸CO2e,2018,130620
11917107,E,溫室氣體排放,範疇三其他排放,true,公噸CO2e,2018,無揭露
11917107,E,溫室氣體排放,碳密集度,true,公噸CO2e/億元,2018,247.17324443482894
11917107,E,溫室氣體排放,直接＋間接排放,true,公噸CO2e,2018,150510
11917107,E,溫室氣體排放,範疇一直接排放,true,公噸CO2e,2017,18890
11917107,E,溫室氣體排放,範疇二間接排放,true,公噸CO2e,2017,143040
11917107,E,溫室氣體排放,範疇三其他排放,true,公噸CO2e,2017,無揭露
11917107,E,溫室氣體排放,碳密集度,true,公噸CO2e/億元,2017,278.5463907032764
11917107,E,溫室氣體排放,直接＋間接排放,true,公噸CO2e,2017,161930
11686106,E,溫室氣體排放,範疇一直接排放,true,公噸CO2e,2020,151200
11686106,E,溫室氣體排放,範疇二間接排放,true,公噸CO2e,2020,212290
11686106,E,溫室氣體排放,範疇三其他排放,true,公噸CO2e,2020,無揭露
11686106,E,溫室氣體排放,碳密集度,true,公噸CO2e/億元,2020,2646.807563713724
11686106,E,溫室氣體排放,直接＋間接排放,true,公噸CO2e,2020,363490
11686106,E,溫室氣體排放,範疇一直接排放,true,公噸CO2e,2019,157090
11686106,E,溫室氣體排放,範疇二間接排放,true,公噸CO2e,2019,227340
11686106,E,溫室氣體排放,範疇三其他排放,true,公噸CO2e,2019,無揭露
11686106,E,溫室氣體排放,碳密集度,true,公噸CO2e/億元,2019,2542.887201921172
11686106,E,溫室氣體排放,直接＋間接排放,true,公噸CO2e,2019,384430
11686106,E,溫室氣體排放,範疇一直接排放,true,公噸CO2e,2018,164170
11686106,E,溫室氣體排放,範疇二間接排放,true,公噸CO2e,2018,236220
11686106,E,溫室氣體排放,範疇三其他排放,true,公噸CO2e,2018,無揭露
11686106,E,溫室氣體排放,碳密集度,true,公噸CO2e/億元,2018,2635.4241312279164
11686106,E,溫室氣體排放,直接＋間接排放,true,公噸CO2e,2018,400390
11686106,E,溫室氣體排放,範疇一直接排放,true,公噸CO2e,2017,163220
11686106,E,溫室氣體排放,範疇二間接排放,true,公噸CO2e,2017,233480
11686106,E,溫室氣體排放,範疇三其他排放,true,公噸CO2e,2017,無揭露
11686106,E,溫室氣體排放,碳密集度,true,公噸CO2e/億元,2017,2698.319879257838
11686106,E,溫室氣體排放,直接＋間接排放,true,公噸CO2e,2017,396700
83387850,E,溫室氣體排放,範疇一直接排放,true,公噸CO2e,2020,NA
83387850,E,溫室氣體排放,範疇二間接排放,true,公噸CO2e,2020,NA
83387850,E,溫室氣體排放,範疇三其他排放,true,公噸CO2e,2020,NA
83387850,E,溫室氣體排放,範疇一直接排放,true,公噸CO2e,2019,NA
83387850,E,溫室氣體排放,範疇二間接排放,true,公噸CO2e,2019,NA
83387850,E,溫室氣體排放,範疇三其他排放,true,公噸CO2e,2019,NA
83387850,E,溫室氣體排放,範疇一直接排放,true,公噸CO2e,2018,NA
83387850,E,溫室氣體排放,範疇二間接排放,true,公噸CO2e,2018,NA
83387850,E,溫室氣體排放,範疇三其他排放,true,公噸CO2e,2018,NA
83387850,E,溫室氣體排放,範疇一直接排放,true,公噸CO2e,2017,NA
83387850,E,溫室氣體排放,範疇二間接排放,true,公噸CO2e,2017,NA
83387850,E,溫室氣體排放,範疇三其他排放,true,公噸CO2e,2017,NA
20747385,E,溫室氣體排放,範疇一直接排放,true,公噸CO2e,2020,6451
20747385,E,溫室氣體排放,範疇二間接排放,true,公噸CO2e,2020,99964
20747385,E,溫室氣體排放,範疇三其他排放,true,公噸CO2e,2020,無揭露
20747385,E,溫室氣體排放,碳密集度,true,公噸CO2e/億元,2020,1865.7691197721558
20747385,E,溫室氣體排放,直接＋間接排放,true,公噸CO2e,2020,106415
20747385,E,溫室氣體排放,範疇一直接排放,true,公噸CO2e,2019,4615
20747385,E,溫室氣體排放,範疇二間接排放,true,公噸CO2e,2019,109983
20747385,E,溫室氣體排放,範疇三其他排放,true,公噸CO2e,2019,無揭露
20747385,E,溫室氣體排放,碳密集度,true,公噸CO2e/億元,2019,1687.459147241037
20747385,E,溫室氣體排放,直接＋間接排放,true,公噸CO2e,2019,114598
20747385,E,溫室氣體排放,範疇一直接排放,true,公噸CO2e,2018,4608
20747385,E,溫室氣體排放,範疇二間接排放,true,公噸CO2e,2018,106853
20747385,E,溫室氣體排放,範疇三其他排放,true,公噸CO2e,2018,無揭露
20747385,E,溫室氣體排放,碳密集度,true,公噸CO2e/億元,2018,1748.3710930625145
20747385,E,溫室氣體排放,直接＋間接排放,true,公噸CO2e,2018,111461
20747385,E,溫室氣體排放,範疇一直接排放,true,公噸CO2e,2017,4635
20747385,E,溫室氣體排放,範疇二間接排放,true,公噸CO2e,2017,106228
20747385,E,溫室氣體排放,範疇三其他排放,true,公噸CO2e,2017,無揭露
20747385,E,溫室氣體排放,碳密集度,true,公噸CO2e/億元,2017,1731.0261728259354
20747385,E,溫室氣體排放,直接＋間接排放,true,公噸CO2e,2017,110863
11893409,E,溫室氣體排放,範疇一直接排放,true,公噸CO2e,2020,16394
11893409,E,溫室氣體排放,範疇二間接排放,true,公噸CO2e,2020,76248
11893409,E,溫室氣體排放,範疇三其他排放,true,公噸CO2e,2020,無揭露
11893409,E,溫室氣體排放,碳密集度,true,公噸CO2e/億元,2020,597.7527588204213
11893409,E,溫室氣體排放,直接＋間接排放,true,公噸CO2e,2020,92642
11893409,E,溫室氣體排放,範疇一直接排放,true,公噸CO2e,2019,13623
11893409,E,溫室氣體排放,範疇二間接排放,true,公噸CO2e,2019,75199
11893409,E,溫室氣體排放,範疇三其他排放,true,公噸CO2e,2019,無揭露
11893409,E,溫室氣體排放,碳密集度,true,公噸CO2e/億元,2019,502.6085031612356
11893409,E,溫室氣體排放,直接＋間接排放,true,公噸CO2e,2019,88822
11893409,E,溫室氣體排放,範疇一直接排放,true,公噸CO2e,2018,13562
11893409,E,溫室氣體排放,範疇二間接排放,true,公噸CO2e,2018,76671
11893409,E,溫室氣體排放,範疇三其他排放,true,公噸CO2e,2018,無揭露
11893409,E,溫室氣體排放,碳密集度,true,公噸CO2e/億元,2018,416.13281717300856
11893409,E,溫室氣體排放,直接＋間接排放,true,公噸CO2e,2018,90233
11893409,E,溫室氣體排放,範疇一直接排放,true,公噸CO2e,2017,15811
11893409,E,溫室氣體排放,範疇二間接排放,true,公噸CO2e,2017,77554
11893409,E,溫室氣體排放,範疇三其他排放,true,公噸CO2e,2017,無揭露
11893409,E,溫室氣體排放,碳密集度,true,公噸CO2e/億元,2017,471.03981718014626
11893409,E,溫室氣體排放,直接＋間接排放,true,公噸CO2e,2017,93365
20844865,E,溫室氣體排放,範疇一直接排放,true,公噸CO2e,2020,332196.552
20844865,E,溫室氣體排放,範疇二間接排放,true,公噸CO2e,2020,32939.222
20844865,E,溫室氣體排放,範疇三其他排放,true,公噸CO2e,2020,無揭露
20844865,E,溫室氣體排放,碳密集度,true,公噸CO2e/億元,2020,4500.501021480361
20844865,E,溫室氣體排放,直接＋間接排放,true,公噸CO2e,2020,365135.77400000003
20844865,E,溫室氣體排放,範疇一直接排放,true,公噸CO2e,2019,351473.993
20844865,E,溫室氣體排放,範疇二間接排放,true,公噸CO2e,2019,34951.262
20844865,E,溫室氣體排放,範疇三其他排放,true,公噸CO2e,2019,無揭露
20844865,E,溫室氣體排放,碳密集度,true,公噸CO2e/億元,2019,3162.394249008686
20844865,E,溫室氣體排放,直接＋間接排放,true,公噸CO2e,2019,386425.255
20844865,E,溫室氣體排放,範疇一直接排放,true,公噸CO2e,2018,377513.596
20844865,E,溫室氣體排放,範疇二間接排放,true,公噸CO2e,2018,36797.566
20844865,E,溫室氣體排放,範疇三其他排放,true,公噸CO2e,2018,無揭露
20844865,E,溫室氣體排放,碳密集度,true,公噸CO2e/億元,2018,2693.365930222444
20844865,E,溫室氣體排放,直接＋間接排放,true,公噸CO2e,2018,414311.162
20844865,E,溫室氣體排放,範疇一直接排放,true,公噸CO2e,2017,353803.732
20844865,E,溫室氣體排放,範疇二間接排放,true,公噸CO2e,2017,34169.698
20844865,E,溫室氣體排放,範疇三其他排放,true,公噸CO2e,2017,無揭露
20844865,E,溫室氣體排放,碳密集度,true,公噸CO2e/億元,2017,2630.1810488443157
20844865,E,溫室氣體排放,直接＋間接排放,true,公噸CO2e,2017,387973.43
04212250,E,溫室氣體排放,範疇一直接排放,true,公噸CO2e,2020,558189
04212250,E,溫室氣體排放,範疇二間接排放,true,公噸CO2e,2020,3694
04212250,E,溫室氣體排放,範疇三其他排放,true,公噸CO2e,2020,無揭露
04212250,E,溫室氣體排放,碳密集度,true,公噸CO2e/億元,2020,3389.782347549896
04212250,E,溫室氣體排放,直接＋間接排放,true,公噸CO2e,2020,561883
04212250,E,溫室氣體排放,範疇一直接排放,true,公噸CO2e,2019,585524
04212250,E,溫室氣體排放,範疇二間接排放,true,公噸CO2e,2019,1515
04212250,E,溫室氣體排放,範疇三其他排放,true,公噸CO2e,2019,無揭露
04212250,E,溫室氣體排放,碳密集度,true,公噸CO2e/億元,2019,2868.0497956125078
04212250,E,溫室氣體排放,直接＋間接排放,true,公噸CO2e,2019,587039
04212250,E,溫室氣體排放,範疇一直接排放,true,公噸CO2e,2018,625919
04212250,E,溫室氣體排放,範疇二間接排放,true,公噸CO2e,2018,4438
04212250,E,溫室氣體排放,範疇三其他排放,true,公噸CO2e,2018,無揭露
04212250,E,溫室氣體排放,碳密集度,true,公噸CO2e/億元,2018,2547.8092398175054
04212250,E,溫室氣體排放,直接＋間接排放,true,公噸CO2e,2018,630357
04212250,E,溫室氣體排放,範疇一直接排放,true,公噸CO2e,2017,637046.054
04212250,E,溫室氣體排放,範疇二間接排放,true,公噸CO2e,2017,0
04212250,E,溫室氣體排放,範疇三其他排放,true,公噸CO2e,2017,無揭露
04212250,E,溫室氣體排放,碳密集度,true,公噸CO2e/億元,2017,2728.1358778962667
04212250,E,溫室氣體排放,直接＋間接排放,true,公噸CO2e,2017,637046.054
04748660,E,溫室氣體排放,範疇一直接排放,true,公噸CO2e,2020,80996.868
04748660,E,溫室氣體排放,範疇二間接排放,true,公噸CO2e,2020,16518.475
04748660,E,溫室氣體排放,範疇三其他排放,true,公噸CO2e,2020,無揭露
04748660,E,溫室氣體排放,碳密集度,true,公噸CO2e/億元,2020,188.01096207154632
04748660,E,溫室氣體排放,直接＋間接排放,true,公噸CO2e,2020,97515.343
04748660,E,溫室氣體排放,範疇一直接排放,true,公噸CO2e,2019,73927.978
04748660,E,溫室氣體排放,範疇二間接排放,true,公噸CO2e,2019,16769.353
04748660,E,溫室氣體排放,範疇三其他排放,true,公噸CO2e,2019,無揭露
04748660,E,溫室氣體排放,碳密集度,true,公噸CO2e/億元,2019,144.61837659038255
04748660,E,溫室氣體排放,直接＋間接排放,true,公噸CO2e,2019,90697.331
04748660,E,溫室氣體排放,範疇一直接排放,true,公噸CO2e,2018,67520.99
04748660,E,溫室氣體排放,範疇二間接排放,true,公噸CO2e,2018,17363.655
04748660,E,溫室氣體排放,範疇三其他排放,true,公噸CO2e,2018,無揭露
04748660,E,溫室氣體排放,碳密集度,true,公噸CO2e/億元,2018,138.56795019688533
04748660,E,溫室氣體排放,直接＋間接排放,true,公噸CO2e,2018,84884.645
04748660,E,溫室氣體排放,範疇一直接排放,true,公噸CO2e,2017,72214.355
04748660,E,溫室氣體排放,範疇二間接排放,true,公噸CO2e,2017,17268.464
04748660,E,溫室氣體排放,範疇三其他排放,true,公噸CO2e,2017,無揭露
04748660,E,溫室氣體排放,碳密集度,true,公噸CO2e/億元,2017,176.84307894496305
04748660,E,溫室氣體排放,直接＋間接排放,true,公噸CO2e,2017,89482.81899999999
03084741,E,溫室氣體排放,範疇一直接排放,true,公噸CO2e,2020,1155015.06
03084741,E,溫室氣體排放,範疇二間接排放,true,公噸CO2e,2020,182267
03084741,E,溫室氣體排放,範疇三其他排放,true,公噸CO2e,2020,無揭露
03084741,E,溫室氣體排放,碳密集度,true,公噸CO2e/億元,2020,7605.499988284199
03084741,E,溫室氣體排放,直接＋間接排放,true,公噸CO2e,2020,1337282.06
03084741,E,溫室氣體排放,範疇一直接排放,true,公噸CO2e,2019,1772465.74
03084741,E,溫室氣體排放,範疇二間接排放,true,公噸CO2e,2019,142954.39
03084741,E,溫室氣體排放,範疇三其他排放,true,公噸CO2e,2019,無揭露
03084741,E,溫室氣體排放,碳密集度,true,公噸CO2e/億元,2019,6465.750918829787
03084741,E,溫室氣體排放,直接＋間接排放,true,公噸CO2e,2019,1915420.13
03084741,E,溫室氣體排放,範疇一直接排放,true,公噸CO2e,2018,1947142.4
03084741,E,溫室氣體排放,範疇二間接排放,true,公噸CO2e,2018,169324.75
03084741,E,溫室氣體排放,範疇三其他排放,true,公噸CO2e,2018,無揭露
03084741,E,溫室氣體排放,碳密集度,true,公噸CO2e/億元,2018,5496.87166918235
03084741,E,溫室氣體排放,直接＋間接排放,true,公噸CO2e,2018,2116467.15
03084741,E,溫室氣體排放,範疇一直接排放,true,公噸CO2e,2017,1974799.83
03084741,E,溫室氣體排放,範疇二間接排放,true,公噸CO2e,2017,199834
03084741,E,溫室氣體排放,範疇三其他排放,true,公噸CO2e,2017,無揭露
03084741,E,溫室氣體排放,碳密集度,true,公噸CO2e/億元,2017,6523.385490207725
03084741,E,溫室氣體排放,直接＋間接排放,true,公噸CO2e,2017,2174633.83
51059101,E,溫室氣體排放,範疇一直接排放,true,公噸CO2e,2020,NA
51059101,E,溫室氣體排放,範疇二間接排放,true,公噸CO2e,2020,NA
51059101,E,溫室氣體排放,範疇三其他排放,true,公噸CO2e,2020,NA
51059101,E,溫室氣體排放,範疇一直接排放,true,公噸CO2e,2019,NA
51059101,E,溫室氣體排放,範疇二間接排放,true,公噸CO2e,2019,NA
51059101,E,溫室氣體排放,範疇三其他排放,true,公噸CO2e,2019,NA
51059101,E,溫室氣體排放,範疇一直接排放,true,公噸CO2e,2018,NA
51059101,E,溫室氣體排放,範疇二間接排放,true,公噸CO2e,2018,NA
51059101,E,溫室氣體排放,範疇三其他排放,true,公噸CO2e,2018,NA
51059101,E,溫室氣體排放,範疇一直接排放,true,公噸CO2e,2017,NA
51059101,E,溫室氣體排放,範疇二間接排放,true,公噸CO2e,2017,NA
51059101,E,溫室氣體排放,範疇三其他排放,true,公噸CO2e,2017,NA
15024509,E,溫室氣體排放,範疇一直接排放,true,公噸CO2e,2020,NA
15024509,E,溫室氣體排放,範疇二間接排放,true,公噸CO2e,2020,NA
15024509,E,溫室氣體排放,範疇三其他排放,true,公噸CO2e,2020,NA
15024509,E,溫室氣體排放,範疇一直接排放,true,公噸CO2e,2019,NA
15024509,E,溫室氣體排放,範疇二間接排放,true,公噸CO2e,2019,NA
15024509,E,溫室氣體排放,範疇三其他排放,true,公噸CO2e,2019,NA
15024509,E,溫室氣體排放,範疇一直接排放,true,公噸CO2e,2018,NA
15024509,E,溫室氣體排放,範疇二間接排放,true,公噸CO2e,2018,NA
15024509,E,溫室氣體排放,範疇三其他排放,true,公噸CO2e,2018,NA
15024509,E,溫室氣體排放,範疇一直接排放,true,公噸CO2e,2017,NA
15024509,E,溫室氣體排放,範疇二間接排放,true,公噸CO2e,2017,NA
15024509,E,溫室氣體排放,範疇三其他排放,true,公噸CO2e,2017,NA
68192103,E,溫室氣體排放,範疇一直接排放,true,公噸CO2e,2020,209.7
68192103,E,溫室氣體排放,範疇二間接排放,true,公噸CO2e,2020,13701.91
68192103,E,溫室氣體排放,範疇三其他排放,true,公噸CO2e,2020,無揭露
68192103,E,溫室氣體排放,碳密集度,true,公噸CO2e/億元,2020,408.3804291285096
68192103,E,溫室氣體排放,直接＋間接排放,true,公噸CO2e,2020,13911.61
68192103,E,溫室氣體排放,範疇一直接排放,true,公噸CO2e,2019,175.09
68192103,E,溫室氣體排放,範疇二間接排放,true,公噸CO2e,2019,14167.2
68192103,E,溫室氣體排放,範疇三其他排放,true,公噸CO2e,2019,無揭露
68192103,E,溫室氣體排放,碳密集度,true,公噸CO2e/億元,2019,394.0476435784473
68192103,E,溫室氣體排放,直接＋間接排放,true,公噸CO2e,2019,14342.29
68192103,E,溫室氣體排放,範疇一直接排放,true,公噸CO2e,2018,183.71
68192103,E,溫室氣體排放,範疇二間接排放,true,公噸CO2e,2018,14482.21
68192103,E,溫室氣體排放,範疇三其他排放,true,公噸CO2e,2018,無揭露
68192103,E,溫室氣體排放,碳密集度,true,公噸CO2e/億元,2018,390.134382422629
68192103,E,溫室氣體排放,直接＋間接排放,true,公噸CO2e,2018,14665.919999999998
07147916,E,溫室氣體排放,範疇一直接排放,true,公噸CO2e,2020,NA
07147916,E,溫室氣體排放,範疇二間接排放,true,公噸CO2e,2020,NA
07147916,E,溫室氣體排放,範疇三其他排放,true,公噸CO2e,2020,NA
07147916,E,溫室氣體排放,範疇一直接排放,true,公噸CO2e,2019,NA
07147916,E,溫室氣體排放,範疇二間接排放,true,公噸CO2e,2019,NA
07147916,E,溫室氣體排放,範疇三其他排放,true,公噸CO2e,2019,NA
07147916,E,溫室氣體排放,範疇一直接排放,true,公噸CO2e,2018,NA
07147916,E,溫室氣體排放,範疇二間接排放,true,公噸CO2e,2018,NA
07147916,E,溫室氣體排放,範疇三其他排放,true,公噸CO2e,2018,NA
07147916,E,溫室氣體排放,範疇一直接排放,true,公噸CO2e,2017,NA
07147916,E,溫室氣體排放,範疇二間接排放,true,公噸CO2e,2017,NA
07147916,E,溫室氣體排放,範疇三其他排放,true,公噸CO2e,2017,NA
11455800,E,溫室氣體排放,範疇一直接排放,true,公噸CO2e,2020,NA
11455800,E,溫室氣體排放,範疇二間接排放,true,公噸CO2e,2020,NA
11455800,E,溫室氣體排放,範疇三其他排放,true,公噸CO2e,2020,NA
11455800,E,溫室氣體排放,範疇一直接排放,true,公噸CO2e,2019,NA
11455800,E,溫室氣體排放,範疇二間接排放,true,公噸CO2e,2019,NA
11455800,E,溫室氣體排放,範疇三其他排放,true,公噸CO2e,2019,NA
11455800,E,溫室氣體排放,範疇一直接排放,true,公噸CO2e,2018,NA
11455800,E,溫室氣體排放,範疇二間接排放,true,公噸CO2e,2018,NA
11455800,E,溫室氣體排放,範疇三其他排放,true,公噸CO2e,2018,NA
11455800,E,溫室氣體排放,範疇一直接排放,true,公噸CO2e,2017,NA
11455800,E,溫室氣體排放,範疇二間接排放,true,公噸CO2e,2017,NA
11455800,E,溫室氣體排放,範疇三其他排放,true,公噸CO2e,2017,NA
58650902,E,溫室氣體排放,範疇一直接排放,true,公噸CO2e,2020,5178431
58650902,E,溫室氣體排放,範疇二間接排放,true,公噸CO2e,2020,3179245
58650902,E,溫室氣體排放,範疇三其他排放,true,公噸CO2e,2020,21838422
58650902,E,溫室氣體排放,碳密集度,true,公噸CO2e/億元,2020,3299.5862352696663
58650902,E,溫室氣體排放,直接＋間接排放,true,公噸CO2e,2020,8357676
58650902,E,溫室氣體排放,範疇一直接排放,true,公噸CO2e,2019,5589208
58650902,E,溫室氣體排放,範疇二間接排放,true,公噸CO2e,2019,3468131
58650902,E,溫室氣體排放,範疇三其他排放,true,公噸CO2e,2019,無揭露
58650902,E,溫室氣體排放,碳密集度,true,公噸CO2e/億元,2019,2870.7974324475254
58650902,E,溫室氣體排放,直接＋間接排放,true,公噸CO2e,2019,9057339
58650902,E,溫室氣體排放,範疇一直接排放,true,公噸CO2e,2018,5437261
58650902,E,溫室氣體排放,範疇二間接排放,true,公噸CO2e,2018,3573357
58650902,E,溫室氣體排放,範疇三其他排放,true,公噸CO2e,2018,6160
58650902,E,溫室氣體排放,碳密集度,true,公噸CO2e/億元,2018,2209.2441503760488
58650902,E,溫室氣體排放,直接＋間接排放,true,公噸CO2e,2018,9010618
58650902,E,溫室氣體排放,範疇一直接排放,true,公噸CO2e,2017,7178185
58650902,E,溫室氣體排放,範疇二間接排放,true,公噸CO2e,2017,3458378
58650902,E,溫室氣體排放,範疇三其他排放,true,公噸CO2e,2017,無揭露
58650902,E,溫室氣體排放,碳密集度,true,公噸CO2e/億元,2017,2967.6132320767133
58650902,E,溫室氣體排放,直接＋間接排放,true,公噸CO2e,2017,10636563
03707901,E,溫室氣體排放,範疇一直接排放,true,公噸CO2e,2020,5864000
03707901,E,溫室氣體排放,範疇二間接排放,true,公噸CO2e,2020,1284000
03707901,E,溫室氣體排放,範疇三其他排放,true,公噸CO2e,2020,無揭露
03707901,E,溫室氣體排放,碳密集度,true,公噸CO2e/億元,2020,990.4379465387508
03707901,E,溫室氣體排放,直接＋間接排放,true,公噸CO2e,2020,7148000
03707901,E,溫室氣體排放,範疇一直接排放,true,公噸CO2e,2019,6935000
03707901,E,溫室氣體排放,範疇二間接排放,true,公噸CO2e,2019,1214000
03707901,E,溫室氣體排放,範疇三其他排放,true,公噸CO2e,2019,無揭露
03707901,E,溫室氣體排放,碳密集度,true,公噸CO2e/億元,2019,803.5633016195984
03707901,E,溫室氣體排放,直接＋間接排放,true,公噸CO2e,2019,8149000
03707901,E,溫室氣體排放,範疇一直接排放,true,公噸CO2e,2018,7233000
03707901,E,溫室氣體排放,範疇二間接排放,true,公噸CO2e,2018,1140000
03707901,E,溫室氣體排放,範疇三其他排放,true,公噸CO2e,2018,無揭露
03707901,E,溫室氣體排放,碳密集度,true,公噸CO2e/億元,2018,809.3176120969122
03707901,E,溫室氣體排放,直接＋間接排放,true,公噸CO2e,2018,8373000
03707901,E,溫室氣體排放,範疇一直接排放,true,公噸CO2e,2017,6560000
03707901,E,溫室氣體排放,範疇二間接排放,true,公噸CO2e,2017,1130000
03707901,E,溫室氣體排放,範疇三其他排放,true,公噸CO2e,2017,無揭露
03707901,E,溫室氣體排放,碳密集度,true,公噸CO2e/億元,2017,857.6442952985029
03707901,E,溫室氣體排放,直接＋間接排放,true,公噸CO2e,2017,7690000
26068617,E,溫室氣體排放,範疇一直接排放,true,公噸CO2e,2020,NA
26068617,E,溫室氣體排放,範疇二間接排放,true,公噸CO2e,2020,NA
26068617,E,溫室氣體排放,範疇三其他排放,true,公噸CO2e,2020,NA
26068617,E,溫室氣體排放,範疇一直接排放,true,公噸CO2e,2019,NA
26068617,E,溫室氣體排放,範疇二間接排放,true,公噸CO2e,2019,NA
26068617,E,溫室氣體排放,範疇三其他排放,true,公噸CO2e,2019,NA
26068617,E,溫室氣體排放,範疇一直接排放,true,公噸CO2e,2018,NA
26068617,E,溫室氣體排放,範疇二間接排放,true,公噸CO2e,2018,NA
26068617,E,溫室氣體排放,範疇三其他排放,true,公噸CO2e,2018,NA
26068617,E,溫室氣體排放,範疇一直接排放,true,公噸CO2e,2017,NA
26068617,E,溫室氣體排放,範疇二間接排放,true,公噸CO2e,2017,NA
26068617,E,溫室氣體排放,範疇三其他排放,true,公噸CO2e,2017,NA
37722768,E,溫室氣體排放,範疇一直接排放,true,公噸CO2e,2020,NA
37722768,E,溫室氣體排放,範疇二間接排放,true,公噸CO2e,2020,NA
37722768,E,溫室氣體排放,範疇三其他排放,true,公噸CO2e,2020,NA
37722768,E,溫室氣體排放,範疇一直接排放,true,公噸CO2e,2019,NA
37722768,E,溫室氣體排放,範疇二間接排放,true,公噸CO2e,2019,NA
37722768,E,溫室氣體排放,範疇三其他排放,true,公噸CO2e,2019,NA
37722768,E,溫室氣體排放,範疇一直接排放,true,公噸CO2e,2018,NA
37722768,E,溫室氣體排放,範疇二間接排放,true,公噸CO2e,2018,NA
37722768,E,溫室氣體排放,範疇三其他排放,true,公噸CO2e,2018,NA
37722768,E,溫室氣體排放,範疇一直接排放,true,公噸CO2e,2017,NA
37722768,E,溫室氣體排放,範疇二間接排放,true,公噸CO2e,2017,NA
37722768,E,溫室氣體排放,範疇三其他排放,true,公噸CO2e,2017,NA
82716171,E,溫室氣體排放,範疇一直接排放,true,公噸CO2e,2020,NA
82716171,E,溫室氣體排放,範疇二間接排放,true,公噸CO2e,2020,NA
82716171,E,溫室氣體排放,範疇三其他排放,true,公噸CO2e,2020,NA
82716171,E,溫室氣體排放,範疇一直接排放,true,公噸CO2e,2019,NA
82716171,E,溫室氣體排放,範疇二間接排放,true,公噸CO2e,2019,NA
82716171,E,溫室氣體排放,範疇三其他排放,true,公噸CO2e,2019,NA
82716171,E,溫室氣體排放,範疇一直接排放,true,公噸CO2e,2018,NA
82716171,E,溫室氣體排放,範疇二間接排放,true,公噸CO2e,2018,NA
82716171,E,溫室氣體排放,範疇三其他排放,true,公噸CO2e,2018,NA
82716171,E,溫室氣體排放,範疇一直接排放,true,公噸CO2e,2017,NA
82716171,E,溫室氣體排放,範疇二間接排放,true,公噸CO2e,2017,NA
82716171,E,溫室氣體排放,範疇三其他排放,true,公噸CO2e,2017,NA
89323361,E,溫室氣體排放,範疇一直接排放,true,公噸CO2e,2020,NA
89323361,E,溫室氣體排放,範疇二間接排放,true,公噸CO2e,2020,NA
89323361,E,溫室氣體排放,範疇三其他排放,true,公噸CO2e,2020,NA
89323361,E,溫室氣體排放,範疇一直接排放,true,公噸CO2e,2019,NA
89323361,E,溫室氣體排放,範疇二間接排放,true,公噸CO2e,2019,NA
89323361,E,溫室氣體排放,範疇三其他排放,true,公噸CO2e,2019,NA
89323361,E,溫室氣體排放,範疇一直接排放,true,公噸CO2e,2018,NA
89323361,E,溫室氣體排放,範疇二間接排放,true,公噸CO2e,2018,NA
89323361,E,溫室氣體排放,範疇三其他排放,true,公噸CO2e,2018,NA
89323361,E,溫室氣體排放,範疇一直接排放,true,公噸CO2e,2017,NA
89323361,E,溫室氣體排放,範疇二間接排放,true,公噸CO2e,2017,NA
89323361,E,溫室氣體排放,範疇三其他排放,true,公噸CO2e,2017,NA
35894259,E,溫室氣體排放,範疇一直接排放,true,公噸CO2e,2020,44170.563
35894259,E,溫室氣體排放,範疇二間接排放,true,公噸CO2e,2020,58089.827
35894259,E,溫室氣體排放,範疇三其他排放,true,公噸CO2e,2020,無揭露
35894259,E,溫室氣體排放,碳密集度,true,公噸CO2e/億元,2020,733.1168689648567
35894259,E,溫室氣體排放,直接＋間接排放,true,公噸CO2e,2020,102260.39
35894259,E,溫室氣體排放,範疇一直接排放,true,公噸CO2e,2019,29146.947
35894259,E,溫室氣體排放,範疇二間接排放,true,公噸CO2e,2019,69323.643
35894259,E,溫室氣體排放,範疇三其他排放,true,公噸CO2e,2019,無揭露
35894259,E,溫室氣體排放,碳密集度,true,公噸CO2e/億元,2019,608.6907688304967
35894259,E,溫室氣體排放,直接＋間接排放,true,公噸CO2e,2019,98470.59
35894259,E,溫室氣體排放,範疇一直接排放,true,公噸CO2e,2018,43488.063
35894259,E,溫室氣體排放,範疇二間接排放,true,公噸CO2e,2018,60833.222
35894259,E,溫室氣體排放,範疇三其他排放,true,公噸CO2e,2018,無揭露
35894259,E,溫室氣體排放,碳密集度,true,公噸CO2e/億元,2018,526.5967719692437
35894259,E,溫室氣體排放,直接＋間接排放,true,公噸CO2e,2018,104321.285
35894259,E,溫室氣體排放,範疇一直接排放,true,公噸CO2e,2017,7977.1
35894259,E,溫室氣體排放,範疇二間接排放,true,公噸CO2e,2017,36888.65
35894259,E,溫室氣體排放,範疇三其他排放,true,公噸CO2e,2017,無揭露
35894259,E,溫室氣體排放,碳密集度,true,公噸CO2e/億元,2017,236.4066100427896
35894259,E,溫室氣體排放,直接＋間接排放,true,公噸CO2e,2017,44865.75
11846954,E,溫室氣體排放,範疇一直接排放,true,公噸CO2e,2020,NA
11846954,E,溫室氣體排放,範疇二間接排放,true,公噸CO2e,2020,NA
11846954,E,溫室氣體排放,範疇三其他排放,true,公噸CO2e,2020,NA
11846954,E,溫室氣體排放,範疇一直接排放,true,公噸CO2e,2019,NA
11846954,E,溫室氣體排放,範疇二間接排放,true,公噸CO2e,2019,NA
11846954,E,溫室氣體排放,範疇三其他排放,true,公噸CO2e,2019,NA
11846954,E,溫室氣體排放,範疇一直接排放,true,公噸CO2e,2018,NA
11846954,E,溫室氣體排放,範疇二間接排放,true,公噸CO2e,2018,NA
11846954,E,溫室氣體排放,範疇三其他排放,true,公噸CO2e,2018,NA
11846954,E,溫室氣體排放,範疇一直接排放,true,公噸CO2e,2017,NA
11846954,E,溫室氣體排放,範疇二間接排放,true,公噸CO2e,2017,NA
11846954,E,溫室氣體排放,範疇三其他排放,true,公噸CO2e,2017,NA
86522210,E,溫室氣體排放,範疇一直接排放,true,公噸CO2e,2020,暫無資料
86522210,E,溫室氣體排放,範疇二間接排放,true,公噸CO2e,2020,暫無資料
86522210,E,溫室氣體排放,範疇三其他排放,true,公噸CO2e,2020,暫無資料
86522210,E,溫室氣體排放,範疇一直接排放,true,公噸CO2e,2019,27256866
86522210,E,溫室氣體排放,範疇二間接排放,true,公噸CO2e,2019,136173
86522210,E,溫室氣體排放,範疇三其他排放,true,公噸CO2e,2019,29333461
86522210,E,溫室氣體排放,碳密集度,true,公噸CO2e/億元,2019,4240.258798664181
86522210,E,溫室氣體排放,直接＋間接排放,true,公噸CO2e,2019,27393039
86522210,E,溫室氣體排放,範疇一直接排放,true,公噸CO2e,2018,28070653
86522210,E,溫室氣體排放,範疇二間接排放,true,公噸CO2e,2018,108520
86522210,E,溫室氣體排放,範疇三其他排放,true,公噸CO2e,2018,NA
86522210,E,溫室氣體排放,碳密集度,true,公噸CO2e/億元,2018,3671.313269042678
86522210,E,溫室氣體排放,直接＋間接排放,true,公噸CO2e,2018,28179173
86522210,E,溫室氣體排放,範疇一直接排放,true,公噸CO2e,2017,26952581
86522210,E,溫室氣體排放,範疇二間接排放,true,公噸CO2e,2017,162266
86522210,E,溫室氣體排放,範疇三其他排放,true,公噸CO2e,2017,NA
86522210,E,溫室氣體排放,碳密集度,true,公噸CO2e/億元,2017,4344.576850824376
86522210,E,溫室氣體排放,直接＋間接排放,true,公噸CO2e,2017,27114847
86120031,E,溫室氣體排放,範疇一直接排放,true,公噸CO2e,2018,無揭露
86120031,E,溫室氣體排放,範疇二間接排放,true,公噸CO2e,2018,無揭露
86120031,E,溫室氣體排放,範疇三其他排放,true,公噸CO2e,2018,無揭露
86120031,E,溫室氣體排放,範疇一直接排放,true,公噸CO2e,2019,無揭露
86120031,E,溫室氣體排放,範疇二間接排放,true,公噸CO2e,2019,無揭露
86120031,E,溫室氣體排放,範疇三其他排放,true,公噸CO2e,2019,無揭露
75708007,E,能源使用狀況,總用電量,true,度,2020,1568610721.3
75708007,E,能源使用狀況,再生能源設置量,true,,2020,未標明
75708007,E,能源使用狀況,再生能源發電量,true,度,2020,1528000
75708007,E,能源使用狀況,能源密集度,true,度/億元,2020,844185.9839444845
75708007,E,能源使用狀況,總用電量,true,度,2019,1594391841.9
75708007,E,能源使用狀況,再生能源設置量,true,,2019,未標明
75708007,E,能源使用狀況,再生能源發電量,true,度,2019,1518000
75708007,E,能源使用狀況,能源密集度,true,度/億元,2019,767092.997829208
75708007,E,能源使用狀況,總用電量,true,度,2018,1609656949.6
75708007,E,能源使用狀況,再生能源設置量,true,,2018,NA
75708007,E,能源使用狀況,再生能源發電量,true,,2018,NA
75708007,E,能源使用狀況,能源密集度,true,度/億元,2018,698726.7269799816
75708007,E,能源使用狀況,總用電量,true,度,2017,1765268991
75708007,E,能源使用狀況,再生能源設置量,true,,2017,NA
75708007,E,能源使用狀況,再生能源發電量,true,,2017,NA
75708007,E,能源使用狀況,能源密集度,true,度/億元,2017,853984.3661466291
75370905,E,能源使用狀況,總用電量,true,度,2020,2090464000
75370905,E,能源使用狀況,再生能源設置量,true,,2020,NA
75370905,E,能源使用狀況,再生能源發電量,true,,2020,NA
75370905,E,能源使用狀況,能源密集度,true,度/億元,2020,764746.622916968
75370905,E,能源使用狀況,總用電量,true,,2019,無揭露
75370905,E,能源使用狀況,再生能源設置量,true,,2019,NA
75370905,E,能源使用狀況,再生能源發電量,true,,2019,NA
75370905,E,能源使用狀況,總用電量,true,,2018,無揭露
75370905,E,能源使用狀況,再生能源設置量,true,,2018,NA
75370905,E,能源使用狀況,再生能源發電量,true,,2018,NA
75370905,E,能源使用狀況,總用電量,true,,2017,無揭露
75370905,E,能源使用狀況,再生能源設置量,true,,2017,NA
75370905,E,能源使用狀況,再生能源發電量,true,,2017,NA
11917107,E,能源使用狀況,總用電量,true,度,2020,252734431.138
11917107,E,能源使用狀況,再生能源設置量,true,,2020,NA
11917107,E,能源使用狀況,再生能源發電量,true,,2020,NA
11917107,E,能源使用狀況,能源密集度,true,度/億元,2020,503442.2755335308
11917107,E,能源使用狀況,總用電量,true,度,2019,252292781.955
11917107,E,能源使用狀況,再生能源設置量,true,,2019,NA
11917107,E,能源使用狀況,再生能源發電量,true,,2019,NA
11917107,E,能源使用狀況,能源密集度,true,度/億元,2019,453301.3924674461
11917107,E,能源使用狀況,總用電量,true,度,2018,247814074.074
11917107,E,能源使用狀況,再生能源設置量,true,,2018,NA
11917107,E,能源使用狀況,再生能源發電量,true,,2018,NA
11917107,E,能源使用狀況,能源密集度,true,度/億元,2018,406969.6944089005
11917107,E,能源使用狀況,總用電量,true,度,2017,263982733.813
11917107,E,能源使用狀況,再生能源設置量,true,,2017,NA
11917107,E,能源使用狀況,再生能源發電量,true,,2017,NA
11917107,E,能源使用狀況,能源密集度,true,度/億元,2017,454093.97709871497
11686106,E,能源使用狀況,總用電量,true,度,2020,279821818.364
11686106,E,能源使用狀況,再生能源設置量,true,,2020,NA
11686106,E,能源使用狀況,再生能源發電量,true,,2020,NA
11686106,E,能源使用狀況,能源密集度,true,度/億元,2020,2037565.0095957608
11686106,E,能源使用狀況,總用電量,true,度,2019,307327497.626
11686106,E,能源使用狀況,再生能源設置量,true,,2019,NA
11686106,E,能源使用狀況,再生能源發電量,true,,2019,NA
11686106,E,能源使用狀況,能源密集度,true,度/億元,2019,2032877.664364422
11686106,E,能源使用狀況,總用電量,true,度,2018,309605034.409
11686106,E,能源使用狀況,再生能源設置量,true,,2018,NA
11686106,E,能源使用狀況,再生能源發電量,true,,2018,NA
11686106,E,能源使用狀況,能源密集度,true,度/億元,2018,2037864.529161887
11686106,E,能源使用狀況,總用電量,true,度,2017,302813803.523
11686106,E,能源使用狀況,再生能源設置量,true,,2017,NA
11686106,E,能源使用狀況,再生能源發電量,true,,2017,NA
11686106,E,能源使用狀況,能源密集度,true,度/億元,2017,2059713.9041083637
83387850,E,能源使用狀況,總用電量,true,,2020,NA
83387850,E,能源使用狀況,再生能源設置量,true,,2020,NA
83387850,E,能源使用狀況,再生能源發電量,true,,2020,NA
83387850,E,能源使用狀況,總用電量,true,,2019,NA
83387850,E,能源使用狀況,再生能源設置量,true,,2019,NA
83387850,E,能源使用狀況,再生能源發電量,true,,2019,NA
83387850,E,能源使用狀況,總用電量,true,,2018,NA
83387850,E,能源使用狀況,再生能源設置量,true,,2018,NA
83387850,E,能源使用狀況,再生能源發電量,true,,2018,NA
83387850,E,能源使用狀況,總用電量,true,,2017,NA
83387850,E,能源使用狀況,再生能源設置量,true,,2017,NA
83387850,E,能源使用狀況,再生能源發電量,true,,2017,NA
20747385,E,能源使用狀況,總用電量,true,度,2020,190194733.422
20747385,E,能源使用狀況,再生能源設置量,true,瓩,2020,496
20747385,E,能源使用狀況,再生能源發電量,true,度,2020,585600
20747385,E,能源使用狀況,能源密集度,true,度/億元,2020,3334675.1901711673
20747385,E,能源使用狀況,總用電量,true,度,2019,199580651.074
20747385,E,能源使用狀況,再生能源設置量,true,瓩,2019,496
20747385,E,能源使用狀況,再生能源發電量,true,度,2019,540624
20747385,E,能源使用狀況,能源密集度,true,度/億元,2019,2938831.3519183844
20747385,E,能源使用狀況,總用電量,true,度,2018,187559500.336
20747385,E,能源使用狀況,再生能源設置量,true,瓩,2018,496.08
20747385,E,能源使用狀況,再生能源發電量,true,度,2018,580192
20747385,E,能源使用狀況,能源密集度,true,度/億元,2018,2942047.968497603
20747385,E,能源使用狀況,總用電量,true,度,2017,193844179.937
20747385,E,能源使用狀況,再生能源設置量,true,瓩,2017,496.08
20747385,E,能源使用狀況,再生能源發電量,true,度,2017,629744
20747385,E,能源使用狀況,能源密集度,true,度/億元,2017,3026702.7675683238
11893409,E,能源使用狀況,總用電量,true,度,2020,112093881.394
11893409,E,能源使用狀況,再生能源設置量,true,,2020,NA
11893409,E,能源使用狀況,再生能源發電量,true,,2020,NA
11893409,E,能源使用狀況,能源密集度,true,度/億元,2020,723261.877443844
11893409,E,能源使用狀況,總用電量,true,度,2019,107160591.199
11893409,E,能源使用狀況,再生能源設置量,true,,2019,NA
11893409,E,能源使用狀況,再生能源發電量,true,,2019,NA
11893409,E,能源使用狀況,能源密集度,true,度/億元,2019,606379.3242710417
11893409,E,能源使用狀況,總用電量,true,度,2018,106827611.488
11893409,E,能源使用狀況,再生能源設置量,true,,2018,NA
11893409,E,能源使用狀況,再生能源發電量,true,,2018,NA
11893409,E,能源使用狀況,能源密集度,true,度/億元,2018,492663.1600452727
11893409,E,能源使用狀況,總用電量,true,度,2017,107276953.583
11893409,E,能源使用狀況,再生能源設置量,true,,2017,NA
11893409,E,能源使用狀況,再生能源發電量,true,,2017,NA
11893409,E,能源使用狀況,能源密集度,true,度/億元,2017,541227.61852278
20844865,E,能源使用狀況,總用電量,true,度,2020,57963463.878
20844865,E,能源使用狀況,再生能源設置量,true,,2020,NA
20844865,E,能源使用狀況,再生能源發電量,true,,2020,NA
20844865,E,能源使用狀況,能源密集度,true,度/億元,2020,714431.855125428
20844865,E,能源使用狀況,總用電量,true,度,2019,58542776.368
20844865,E,能源使用狀況,再生能源設置量,true,,2019,NA
20844865,E,能源使用狀況,再生能源發電量,true,,2019,NA
20844865,E,能源使用狀況,能源密集度,true,度/億元,2019,479097.41123717395
20844865,E,能源使用狀況,總用電量,true,度,2018,60247665.809
20844865,E,能源使用狀況,再生能源設置量,true,,2018,NA
20844865,E,能源使用狀況,再生能源發電量,true,,2018,NA
20844865,E,能源使用狀況,能源密集度,true,度/億元,2018,391659.7604613612
20844865,E,能源使用狀況,總用電量,true,度,2017,59066823.668
20844865,E,能源使用狀況,再生能源設置量,true,,2017,NA
20844865,E,能源使用狀況,再生能源發電量,true,,2017,NA
20844865,E,能源使用狀況,能源密集度,true,度/億元,2017,400430.6177023578
04212250,E,能源使用狀況,總用電量,true,度,2020,162670.8
04212250,E,能源使用狀況,再生能源設置量,true,,2020,NA
04212250,E,能源使用狀況,再生能源發電量,true,,2020,NA
04212250,E,能源使用狀況,能源密集度,true,度/億元,2020,981.3762051918629
04212250,E,能源使用狀況,總用電量,true,度,2019,2841600
04212250,E,能源使用狀況,再生能源設置量,true,,2019,NA
04212250,E,能源使用狀況,再生能源發電量,true,,2019,NA
04212250,E,能源使用狀況,能源密集度,true,度/億元,2019,13882.979323711885
04212250,E,能源使用狀況,總用電量,true,度,2018,170941400
04212250,E,能源使用狀況,再生能源設置量,true,,2018,NA
04212250,E,能源使用狀況,再生能源發電量,true,,2018,NA
04212250,E,能源使用狀況,能源密集度,true,度/億元,2018,690919.7143639877
04212250,E,能源使用狀況,總用電量,true,度,2017,171737.16
04212250,E,能源使用狀況,再生能源設置量,true,,2017,NA
04212250,E,能源使用狀況,再生能源發電量,true,,2017,NA
04212250,E,能源使用狀況,能源密集度,true,度/億元,2017,735.4606544097857
04748660,E,能源使用狀況,總用電量,true,度,2020,32452800
04748660,E,能源使用狀況,再生能源設置量,true,,2020,NA
04748660,E,能源使用狀況,再生能源發電量,true,,2020,NA
04748660,E,能源使用狀況,能源密集度,true,度/億元,2020,62569.45791510448
04748660,E,能源使用狀況,總用電量,true,度,2019,31462200
04748660,E,能源使用狀況,再生能源設置量,true,,2019,NA
04748660,E,能源使用狀況,再生能源發電量,true,,2019,NA
04748660,E,能源使用狀況,能源密集度,true,度/億元,2019,50166.992102137316
04748660,E,能源使用狀況,總用電量,true,度,2018,31380506
04748660,E,能源使用狀況,再生能源設置量,true,,2018,NA
04748660,E,能源使用狀況,再生能源發電量,true,,2018,NA
04748660,E,能源使用狀況,能源密集度,true,度/億元,2018,51226.37189047632
04748660,E,能源使用狀況,總用電量,true,度,2017,32642898
04748660,E,能源使用狀況,再生能源設置量,true,,2017,NA
04748660,E,能源使用狀況,再生能源發電量,true,,2017,NA
04748660,E,能源使用狀況,能源密集度,true,度/億元,2017,64511.49676013646
03084741,E,能源使用狀況,總用電量,true,度,2020,151798470.833
03084741,E,能源使用狀況,再生能源設置量,true,,2020,無揭露
03084741,E,能源使用狀況,再生能源發電量,true,度,2020,291552
03084741,E,能源使用狀況,能源密集度,true,度/億元,2020,863320.6880393961
03084741,E,能源使用狀況,總用電量,true,度,2019,206981474.722
03084741,E,能源使用狀況,再生能源設置量,true,,2019,無揭露
03084741,E,能源使用狀況,再生能源發電量,true,度,2019,187680
03084741,E,能源使用狀況,能源密集度,true,度/億元,2019,698693.0122554972
03084741,E,能源使用狀況,總用電量,true,度,2018,208285591.667
03084741,E,能源使用狀況,再生能源設置量,true,,2018,NA
03084741,E,能源使用狀況,再生能源發電量,true,,2018,NA
03084741,E,能源使用狀況,能源密集度,true,度/億元,2018,540957.6840978683
03084741,E,能源使用狀況,總用電量,true,度,2017,228598708
03084741,E,能源使用狀況,再生能源設置量,true,,2017,NA
03084741,E,能源使用狀況,再生能源發電量,true,,2017,NA
03084741,E,能源使用狀況,能源密集度,true,度/億元,2017,685741.8818171483
51059101,E,能源使用狀況,總用電量,true,,2020,NA
51059101,E,能源使用狀況,再生能源設置量,true,,2020,NA
51059101,E,能源使用狀況,再生能源發電量,true,,2020,NA
51059101,E,能源使用狀況,總用電量,true,,2019,NA
51059101,E,能源使用狀況,再生能源設置量,true,,2019,NA
51059101,E,能源使用狀況,再生能源發電量,true,,2019,NA
51059101,E,能源使用狀況,總用電量,true,,2018,NA
51059101,E,能源使用狀況,再生能源設置量,true,,2018,NA
51059101,E,能源使用狀況,再生能源發電量,true,,2018,NA
51059101,E,能源使用狀況,總用電量,true,,2017,NA
51059101,E,能源使用狀況,再生能源設置量,true,,2017,NA
51059101,E,能源使用狀況,再生能源發電量,true,,2017,NA
15024509,E,能源使用狀況,總用電量,true,,2020,NA
15024509,E,能源使用狀況,再生能源設置量,true,,2020,NA
15024509,E,能源使用狀況,再生能源發電量,true,,2020,NA
15024509,E,能源使用狀況,總用電量,true,,2019,NA
15024509,E,能源使用狀況,再生能源設置量,true,,2019,NA
15024509,E,能源使用狀況,再生能源發電量,true,,2019,NA
15024509,E,能源使用狀況,總用電量,true,,2018,NA
15024509,E,能源使用狀況,再生能源設置量,true,,2018,NA
15024509,E,能源使用狀況,再生能源發電量,true,,2018,NA
15024509,E,能源使用狀況,總用電量,true,,2017,NA
15024509,E,能源使用狀況,再生能源設置量,true,,2017,NA
15024509,E,能源使用狀況,再生能源發電量,true,,2017,NA
68192103,E,能源使用狀況,總用電量,true,,2020,無揭露
68192103,E,能源使用狀況,再生能源設置量,true,,2020,NA
68192103,E,能源使用狀況,再生能源發電量,true,,2020,NA
68192103,E,能源使用狀況,總用電量,true,,2019,無揭露
68192103,E,能源使用狀況,再生能源設置量,true,,2019,NA
68192103,E,能源使用狀況,再生能源發電量,true,,2019,NA
68192103,E,能源使用狀況,總用電量,true,,2018,無揭露
68192103,E,能源使用狀況,再生能源設置量,true,,2018,NA
68192103,E,能源使用狀況,再生能源發電量,true,,2018,NA
07147916,E,能源使用狀況,總用電量,true,,2020,NA
07147916,E,能源使用狀況,再生能源設置量,true,,2020,NA
07147916,E,能源使用狀況,再生能源發電量,true,,2020,NA
07147916,E,能源使用狀況,總用電量,true,,2019,NA
07147916,E,能源使用狀況,再生能源設置量,true,,2019,NA
07147916,E,能源使用狀況,再生能源發電量,true,,2019,NA
07147916,E,能源使用狀況,總用電量,true,,2018,NA
07147916,E,能源使用狀況,再生能源設置量,true,,2018,NA
07147916,E,能源使用狀況,再生能源發電量,true,,2018,NA
07147916,E,能源使用狀況,總用電量,true,,2017,NA
07147916,E,能源使用狀況,再生能源設置量,true,,2017,NA
07147916,E,能源使用狀況,再生能源發電量,true,,2017,NA
11455800,E,能源使用狀況,總用電量,true,,2020,NA
11455800,E,能源使用狀況,再生能源設置量,true,,2020,NA
11455800,E,能源使用狀況,再生能源發電量,true,,2020,NA
11455800,E,能源使用狀況,總用電量,true,,2019,NA
11455800,E,能源使用狀況,再生能源設置量,true,,2019,NA
11455800,E,能源使用狀況,再生能源發電量,true,,2019,NA
11455800,E,能源使用狀況,總用電量,true,,2018,NA
11455800,E,能源使用狀況,再生能源設置量,true,,2018,NA
11455800,E,能源使用狀況,再生能源發電量,true,,2018,NA
11455800,E,能源使用狀況,總用電量,true,,2017,NA
11455800,E,能源使用狀況,再生能源設置量,true,,2017,NA
11455800,E,能源使用狀況,再生能源發電量,true,,2017,NA
58650902,E,能源使用狀況,總用電量,true,度,2020,1716306000
58650902,E,能源使用狀況,再生能源設置量,true,,2020,NA
58650902,E,能源使用狀況,再生能源發電量,true,,2020,NA
58650902,E,能源使用狀況,能源密集度,true,度/億元,2020,677592.6289928851
58650902,E,能源使用狀況,總用電量,true,度,2019,1965402000
58650902,E,能源使用狀況,再生能源設置量,true,,2019,NA
58650902,E,能源使用狀況,再生能源發電量,true,,2019,NA
58650902,E,能源使用狀況,能源密集度,true,度/億元,2019,622950.1860675891
58650902,E,能源使用狀況,總用電量,true,度,2018,1895195000
58650902,E,能源使用狀況,再生能源設置量,true,,2018,NA
58650902,E,能源使用狀況,再生能源發電量,true,,2018,NA
58650902,E,能源使用狀況,能源密集度,true,度/億元,2018,464668.29107303586
58650902,E,能源使用狀況,總用電量,true,度,2017,1778504000
58650902,E,能源使用狀況,再生能源設置量,true,,2017,NA
58650902,E,能源使用狀況,再生能源發電量,true,,2017,NA
58650902,E,能源使用狀況,能源密集度,true,度/億元,2017,496204.64840958145
03707901,E,能源使用狀況,總用電量,true,度,2020,1666287123.489
03707901,E,能源使用狀況,再生能源設置量,true,瓩,2020,10900
03707901,E,能源使用狀況,再生能源發電量,true,度,2020,9215000
03707901,E,能源使用狀況,能源密集度,true,度/億元,2020,230883.32357756112
03707901,E,能源使用狀況,總用電量,true,度,2019,1666287123.489
03707901,E,能源使用狀況,再生能源設置量,true,瓩,2019,8000
03707901,E,能源使用狀況,再生能源發電量,true,度,2019,10068000
03707901,E,能源使用狀況,能源密集度,true,度/億元,2019,164310.61263922497
03707901,E,能源使用狀況,總用電量,true,度,2018,1555201315.256
03707901,E,能源使用狀況,再生能源設置量,true,,2018,無揭露
03707901,E,能源使用狀況,再生能源發電量,true,度,2018,4782000
03707901,E,能源使用狀況,能源密集度,true,度/億元,2018,150322.6818097412
03707901,E,能源使用狀況,總用電量,true,度,2017,1555201315.256
03707901,E,能源使用狀況,再生能源設置量,true,,2017,NA
03707901,E,能源使用狀況,再生能源發電量,true,,2017,NA
03707901,E,能源使用狀況,能源密集度,true,度/億元,2017,173447.2738712662
26068617,E,能源使用狀況,總用電量,true,,2020,NA
26068617,E,能源使用狀況,再生能源設置量,true,,2020,NA
26068617,E,能源使用狀況,再生能源發電量,true,,2020,NA
26068617,E,能源使用狀況,總用電量,true,,2019,NA
26068617,E,能源使用狀況,再生能源設置量,true,,2019,NA
26068617,E,能源使用狀況,再生能源發電量,true,,2019,NA
26068617,E,能源使用狀況,總用電量,true,,2018,NA
26068617,E,能源使用狀況,再生能源設置量,true,,2018,NA
26068617,E,能源使用狀況,再生能源發電量,true,,2018,NA
26068617,E,能源使用狀況,總用電量,true,,2017,NA
26068617,E,能源使用狀況,再生能源設置量,true,,2017,NA
26068617,E,能源使用狀況,再生能源發電量,true,,2017,NA
37722768,E,能源使用狀況,總用電量,true,,2020,NA
37722768,E,能源使用狀況,再生能源設置量,true,,2020,NA
37722768,E,能源使用狀況,再生能源發電量,true,,2020,NA
37722768,E,能源使用狀況,總用電量,true,,2019,NA
37722768,E,能源使用狀況,再生能源設置量,true,,2019,NA
37722768,E,能源使用狀況,再生能源發電量,true,,2019,NA
37722768,E,能源使用狀況,總用電量,true,,2018,NA
37722768,E,能源使用狀況,再生能源設置量,true,,2018,NA
37722768,E,能源使用狀況,再生能源發電量,true,,2018,NA
37722768,E,能源使用狀況,總用電量,true,,2017,NA
37722768,E,能源使用狀況,再生能源設置量,true,,2017,NA
37722768,E,能源使用狀況,再生能源發電量,true,,2017,NA
82716171,E,能源使用狀況,總用電量,true,,2020,NA
82716171,E,能源使用狀況,再生能源設置量,true,,2020,NA
82716171,E,能源使用狀況,再生能源發電量,true,,2020,NA
82716171,E,能源使用狀況,總用電量,true,,2019,NA
82716171,E,能源使用狀況,再生能源設置量,true,,2019,NA
82716171,E,能源使用狀況,再生能源發電量,true,,2019,NA
82716171,E,能源使用狀況,總用電量,true,,2018,NA
82716171,E,能源使用狀況,再生能源設置量,true,,2018,NA
82716171,E,能源使用狀況,再生能源發電量,true,,2018,NA
82716171,E,能源使用狀況,總用電量,true,,2017,NA
82716171,E,能源使用狀況,再生能源設置量,true,,2017,NA
82716171,E,能源使用狀況,再生能源發電量,true,,2017,NA
89323361,E,能源使用狀況,總用電量,true,,2020,NA
89323361,E,能源使用狀況,再生能源設置量,true,,2020,NA
89323361,E,能源使用狀況,再生能源發電量,true,,2020,NA
89323361,E,能源使用狀況,總用電量,true,,2019,NA
89323361,E,能源使用狀況,再生能源設置量,true,,2019,NA
89323361,E,能源使用狀況,再生能源發電量,true,,2019,NA
89323361,E,能源使用狀況,總用電量,true,,2018,NA
89323361,E,能源使用狀況,再生能源設置量,true,,2018,NA
89323361,E,能源使用狀況,再生能源發電量,true,,2018,NA
89323361,E,能源使用狀況,總用電量,true,,2017,NA
89323361,E,能源使用狀況,再生能源設置量,true,,2017,NA
89323361,E,能源使用狀況,再生能源發電量,true,,2017,NA
35894259,E,能源使用狀況,總用電量,true,度,2020,114667542
35894259,E,能源使用狀況,再生能源設置量,true,,2020,NA
35894259,E,能源使用狀況,再生能源發電量,true,,2020,NA
35894259,E,能源使用狀況,能源密集度,true,度/億元,2020,822065.2137444048
35894259,E,能源使用狀況,總用電量,true,度,2019,105263223
35894259,E,能源使用狀況,再生能源設置量,true,,2019,NA
35894259,E,能源使用狀況,再生能源發電量,true,,2019,NA
35894259,E,能源使用狀況,能源密集度,true,度/億元,2019,650679.0721721686
35894259,E,能源使用狀況,總用電量,true,度,2018,110503488
35894259,E,能源使用狀況,再生能源設置量,true,,2018,NA
35894259,E,能源使用狀況,再生能源發電量,true,,2018,NA
35894259,E,能源使用狀況,能源密集度,true,度/億元,2018,557803.5208456458
35894259,E,能源使用狀況,總用電量,true,度,2017,52368624
35894259,E,能源使用狀況,再生能源設置量,true,,2017,NA
35894259,E,能源使用狀況,再生能源發電量,true,,2017,NA
35894259,E,能源使用狀況,能源密集度,true,度/億元,2017,275940.75374746823
11846954,E,能源使用狀況,總用電量,true,,2020,NA
11846954,E,能源使用狀況,再生能源設置量,true,,2020,NA
11846954,E,能源使用狀況,再生能源發電量,true,,2020,NA
11846954,E,能源使用狀況,總用電量,true,,2019,NA
11846954,E,能源使用狀況,再生能源設置量,true,,2019,NA
11846954,E,能源使用狀況,再生能源發電量,true,,2019,NA
11846954,E,能源使用狀況,總用電量,true,,2018,NA
11846954,E,能源使用狀況,再生能源設置量,true,,2018,NA
11846954,E,能源使用狀況,再生能源發電量,true,,2018,NA
11846954,E,能源使用狀況,總用電量,true,,2017,NA
11846954,E,能源使用狀況,再生能源設置量,true,,2017,NA
11846954,E,能源使用狀況,再生能源發電量,true,,2017,NA
86522210,E,能源使用狀況,總用電量,true,度,2020,2415000000
86522210,E,能源使用狀況,再生能源設置量,true,,2020,NA
86522210,E,能源使用狀況,再生能源發電量,true,,2020,NA
86522210,E,能源使用狀況,能源密集度,true,度/億元,2020,581532.8794451952
86522210,E,能源使用狀況,總用電量,true,度,2019,2673000000
86522210,E,能源使用狀況,再生能源設置量,true,,2019,NA
86522210,E,能源使用狀況,再生能源發電量,true,,2019,NA
86522210,E,能源使用狀況,能源密集度,true,度/億元,2019,413762.48063711944
86522210,E,能源使用狀況,總用電量,true,度,2018,2621000000
86522210,E,能源使用狀況,再生能源設置量,true,,2018,NA
86522210,E,能源使用狀況,再生能源發電量,true,,2018,NA
86522210,E,能源使用狀況,能源密集度,true,度/億元,2018,341476.02834763314
86522210,E,能源使用狀況,總用電量,true,度,2017,2600000000
86522210,E,能源使用狀況,再生能源設置量,true,,2017,NA
86522210,E,能源使用狀況,再生能源發電量,true,,2017,NA
86522210,E,能源使用狀況,能源密集度,true,度/億元,2017,416594.63585184084
86120031,E,能源使用狀況,總用電量,true,NA,2018,NA
86120031,E,能源使用狀況,再生能源設置量,true,NA,2018,NA
86120031,E,能源使用狀況,再生能源發電量,true,NA,2018,NA
86120031,E,能源使用狀況,總用電量,true,NA,2019,NA
86120031,E,能源使用狀況,再生能源設置量,true,NA,2019,NA
86120031,E,能源使用狀況,再生能源發電量,true,NA,2019,NA
72104709,E,溫室氣體排放,溫室氣體減量目標說明,,,2021,公司將依照政府規定上市櫃公司溫室氣體盤查及查證時程，配合政府的減碳計畫，逐步推動公司相關溫室氣體盤查及減碳規劃以達永續發展之目標。
72104709,E,溫室氣體排放,溫室氣體減量承諾,,,2021,無目標
12413104,E,溫室氣體排放,溫室氣體減量目標說明,,,2021,期望能達成每年較上一年度溫室氣體排放量減少1%~2%。
12413104,E,溫室氣體排放,溫室氣體減量承諾,,,2021,有減碳目標
22281617,E,溫室氣體排放,溫室氣體減量目標說明,,,2021,尚在規劃中
22281617,E,溫室氣體排放,溫室氣體減量承諾,,,2021,無目標
73644351,E,溫室氣體排放,溫室氣體減量目標說明,,,2021,NA
73644351,E,溫室氣體排放,溫室氣體減量承諾,,,2021,未填報
20844865,E,溫室氣體排放,溫室氣體減量目標說明,,,2021,NA
20844865,E,溫室氣體排放,溫室氣體減量承諾,,,2021,未填報
04212250,E,溫室氣體排放,溫室氣體減量目標說明,,,2021,NA
04212250,E,溫室氣體排放,溫室氣體減量承諾,,,2021,未填報
07147916,E,溫室氣體排放,溫室氣體減量目標說明,,,2021,NA
07147916,E,溫室氣體排放,溫室氣體減量承諾,,,2021,未填報
11455800,E,溫室氣體排放,溫室氣體減量目標說明,,,2021,NA
11455800,E,溫室氣體排放,溫室氣體減量承諾,,,2021,未填報
75708007,E,溫室氣體排放,溫室氣體減量目標說明,,,2021,本公司已訂定溫室氣體排放減量絕對目標：短期減量目標：2025年較基準年(2020年)減量20%中期減量目標：2030年較基準年(2020年)減量40%長期減量目標：2050年達到碳中和
75708007,E,溫室氣體排放,溫室氣體減量承諾,,,2021,有淨零目標有減碳目標
75370905,E,溫室氣體排放,溫室氣體減量目標說明,,,2021,以96年為基準年(695萬噸CO2e)，114年減量20%(556 萬噸CO2e)、119年減量35%(452萬噸CO2e)，139年達到碳中和。
75370905,E,溫室氣體排放,溫室氣體減量承諾,,,2021,有淨零目標有減碳目標
03084741,E,溫室氣體排放,溫室氣體減量目標說明,,,2021,"1.2005年(基準年)：全年總碳排量2,450,918公噸CO2e。2.2025年(短期目標達成年)：全年總碳排量較基準年減20%。3.2030年(中期目標達成年)：全年總碳排量較基準年減50%。4.2050年(長期目標達成年)：全年總碳排量較基準年減100%。"
03084741,E,溫室氣體排放,溫室氣體減量承諾,,,2021,有淨零目標有減碳目標
58650902,E,溫室氣體排放,溫室氣體減量目標說明,,,2021,台化公司已訂定溫室氣體排放減量絕對目標：1.短期減量目標：2025年較基準年(2020年)減量10%。2.中期減量目標：2030年較基準年(2020年)減量25%。3.長期減量目標：2050年達到碳中和。
58650902,E,溫室氣體排放,溫室氣體減量承諾,,,2021,有淨零目標有減碳目標
86522210,E,溫室氣體排放,溫室氣體減量目標說明,,,2021,2050年朝碳中和目標邁進，本公司排碳量以2007年最高峰為基準年，短期(2025年)及中期(2030年)目標為較基準年(2007年)減碳20%、35%，長期則以2050年達到碳中和為目標。
86522210,E,溫室氣體排放,溫室氣體減量承諾,,,2021,有淨零目標有減碳目標
11686106,E,溫室氣體排放,溫室氣體減量目標說明,,,2021,1.2020年~2025年節能率目標6年7.2%2.2030年減碳目標為較2017年(基準年)減少27%碳排放量
11686106,E,溫室氣體排放,溫室氣體減量承諾,,,2021,有減碳目標
83387850,E,溫室氣體排放,溫室氣體減量目標說明,,,2021,以2018年為基準年於2025年須達成下降26.9%為管理目標
83387850,E,溫室氣體排放,溫室氣體減量承諾,,,2021,有減碳目標
20747385,E,溫室氣體排放,溫室氣體減量目標說明,,,2021,1. 2021年溫室氣體排放量減量目標，減碳率1.2%2. 2030年較2017年(基準年)減少27%碳排放量
20747385,E,溫室氣體排放,溫室氣體減量承諾,,,2021,有減碳目標
51059101,E,溫室氣體排放,溫室氣體減量目標說明,,,2021,本公司透過行政管理，加強宣導，以每年至少降低1%的碳排量為減量目標。
51059101,E,溫室氣體排放,溫室氣體減量承諾,,,2021,有減碳目標
15024509,E,溫室氣體排放,溫室氣體減量目標說明,,,2021,目標擬依2021之排碳量為標的減 1%
15024509,E,溫室氣體排放,溫室氣體減量承諾,,,2021,有減碳目標
68192103,E,溫室氣體排放,溫室氣體減量目標說明,,,2021,"短期目標：第一期 2020年相較2005年碳減量2%          第二期 2025年相較2005年碳減量10%長期目標：2050年相較2005年碳減量50%截至2021年度止，減碳成效已下降25.85%，已達成短期目標第二期指標，目前朝長期目標邁進。    ◎每年溫室氣體排放量減量目標設定為下降碳排量1%(組織營運邊界未變動情況下)。    a.2021年減碳活動：      目前溫室氣體碳排放總量以範疇二間接排放源為主要來源(即外購電力)，故公司積極      推動節能減碳活動(節電)，成立節電專案小組，每月進行追蹤改善對策。       2021年度更換設備實績：      設備汰舊換新(低耗能設備)：      125號塗裝廠 更換冰水機及二次水洗機管路改善，新台幣30萬元。      88號製瓶廠S24冰水機更換，新台幣163萬元。      88號儲運組 更換兩台柴油堆高機，改為租賃電動堆高機，新台幣36萬元/年。      2021年度管理方案：      各部門制定製程節電管理控制辦法。      1.推動機械自動化，減少人力。      2.縮短產品週期，下降機械運轉時間。      3.計算產品碳足跡，針對高碳排產品進行優先減碳。      4.輔以循環風扇，設定冷氣最低溫度。    b.2021年減碳實績永裕塑膠逐年減碳一覽表永裕塑膠溫室氣體盤查逐年趨勢比較年度/範疇       範疇一 範疇二 範疇三總 計/噸   相較前一年減量比率2010年244.14   18268.08   018512.22      基礎年2011年196.30   18275.53   018471.83       -0.22%2012年225.21   17075.70   017300.91       -6.34%2013年220.51   16300.69   016521.20       -4.51%2014年229.56   14202.08   014431.64      -12.65%2015年163.45   14014.12   014177.57       -1.76%2016年160.90   14606.13   014767.03        4.16%2017年167.68   14190.23   014357.91       -2.77%2018年183.71   14482.21   014665.92        2.15%2019年175.09   14167.20   014342.29       -2.21%2020年209.70   13701.91   013911.61       -3.00%2021年227.45   13498.83   013726.28       -1.33%補充說明1：於2015年7月起,因增建勝利廠廠房之故（組織營運邊界變動），新增空壓機等之公共設施以及增購生產設備，全公司基礎耗電率提高。故雖2015-2017年度積極更換節能設備，於節電方面也頗有成效；但同時生產及營業額整體提昇，反應在節電成效上相對不彰顯。但若相較於基礎年（2010年），耗電量已下降25.85％，成績斐然。     c.其他減碳實績        1.積極評估並測試綠色材料(PCR、BioPE)，2021年TWYY共計減碳471.82(t-CO2e)。      2.88號太陽能光電減碳12.724噸。       3.於CDP(碳揭露平台)揭露減碳成效,評核達”B-”級(管理) 。        4.縮短產品週期，減少耗電。      5.相較前一年，一般生活垃圾年減量3,588kg。      6.相較前一年，用水量年減少6,570度(噸)。"
68192103,E,溫室氣體排放,溫室氣體減量承諾,,,2021,有減碳目標
82716171,E,溫室氣體排放,溫室氣體減量目標說明,,,2021,溫室氣體排放減量目標預計於2025年溫室氣體排放減少6%。
82716171,E,溫室氣體排放,溫室氣體減量承諾,,,2021,有減碳目標
11917107,E,溫室氣體排放,溫室氣體減量目標說明,,,2021,"2021年度節電計劃目標值1,879,863度，減少碳排943.69公噸CO2e。"
11917107,E,溫室氣體排放,溫室氣體減量承諾,,,2021,無目標
04748660,E,溫室氣體排放,溫室氣體減量目標說明,,,2021,本企業將於分析排放量來源後，訂定溫室氣體排放量減量目標。
04748660,E,溫室氣體排放,溫室氣體減量承諾,,,2021,無目標
26068617,E,溫室氣體排放,溫室氣體減量目標說明,,,2021,研議中。
26068617,E,溫室氣體排放,溫室氣體減量承諾,,,2021,無目標
37722768,E,溫室氣體排放,溫室氣體減量目標說明,,,2021,本公司為因應全球的減碳趨勢，並善盡企業社會責任，將致力於下列事項：1. 確實掌控溫室氣體排放狀況。2. 提出溫室氣體減量方案。3. 力行溫室氣體減量工作。4. 積極增加綠色能源的使用比例。
37722768,E,溫室氣體排放,溫室氣體減量承諾,,,2021,無目標
11893409,E,溫室氣體排放,溫室氣體減量目標說明,,,2021,降低能源與溫室氣體排放對環境之衝擊，並符合國家法令減量要求及符合集團節能減碳的目標，台達化公司以單位產品能源消耗減少3%為目標推動相關規劃措施。
11893409,E,溫室氣體排放,溫室氣體減量承諾,,,2021,僅有節電承諾
35894259,E,溫室氣體排放,溫室氣體減量目標說明,,,2021,民國110年5月19日成立節能減碳小組， 目標從110年起5年內減少30%的能源耗用，期許透過每位同仁的一份力量，每一個小動作，都是改善環境的推手。
35894259,E,溫室氣體排放,溫室氣體減量承諾,,,2021,僅有節電承諾
75708007,E,水資源,總取水量,true,噸,2020,38157130
75708007,E,水資源,回收水量,true,,2020,無揭露
75708007,E,水資源,耗用水量,true,噸,2020,23828910
75708007,E,水資源,排放水量,true,噸,2020,14328220
75708007,E,水資源,總取水量,true,噸,2019,36969830
75708007,E,水資源,回收水量,true,,2019,無揭露
75708007,E,水資源,耗用水量,true,噸,2019,22563530
75708007,E,水資源,排放水量,true,噸,2019,14406300
75708007,E,水資源,總取水量,true,噸,2018,37867080
75708007,E,水資源,回收水量,true,,2018,無揭露
75708007,E,水資源,耗用水量,true,,2018,無揭露
75708007,E,水資源,排放水量,true,噸,2018,13644100
75708007,E,水資源,總取水量,true,噸,2017,30849435
75708007,E,水資源,回收水量,true,,2017,無揭露
75708007,E,水資源,耗用水量,true,,2017,無揭露
75708007,E,水資源,排放水量,true,噸,2017,13654681
75370905,E,水資源,總取水量,true,噸,2020,26322000
75370905,E,水資源,回收水量,true,,2020,無揭露
75370905,E,水資源,耗用水量,true,,2020,無揭露
75370905,E,水資源,排放水量,true,噸,2020,6667500
75370905,E,水資源,總取水量,true,噸,2019,26194000
75370905,E,水資源,回收水量,true,,2019,無揭露
75370905,E,水資源,耗用水量,true,,2019,無揭露
75370905,E,水資源,排放水量,true,噸,2019,6765800
75370905,E,水資源,總取水量,true,噸,2018,26118000
75370905,E,水資源,回收水量,true,,2018,無揭露
75370905,E,水資源,耗用水量,true,,2018,無揭露
75370905,E,水資源,排放水量,true,噸,2018,6870541
75370905,E,水資源,總取水量,true,噸,2017,22376000
75370905,E,水資源,回收水量,true,,2017,無揭露
75370905,E,水資源,耗用水量,true,,2017,無揭露
75370905,E,水資源,排放水量,true,噸,2017,7136200
11917107,E,水資源,總取水量,true,噸,2020,1029036
11917107,E,水資源,回收水量,true,噸,2020,113920
11917107,E,水資源,耗用水量,true,噸,2020,744178
11917107,E,水資源,排放水量,true,噸,2020,284858
11917107,E,水資源,總取水量,true,噸,2019,1034216
11917107,E,水資源,回收水量,true,噸,2019,94832
11917107,E,水資源,耗用水量,true,噸,2019,734847
11917107,E,水資源,排放水量,true,噸,2019,299369
11917107,E,水資源,總取水量,true,噸,2018,1006952
11917107,E,水資源,回收水量,true,噸,2018,94016
11917107,E,水資源,耗用水量,true,噸,2018,752628
11917107,E,水資源,排放水量,true,噸,2018,254324
11917107,E,水資源,總取水量,true,噸,2017,982234
11917107,E,水資源,回收水量,true,噸,2017,75240
11917107,E,水資源,耗用水量,true,噸,2017,747723
11917107,E,水資源,排放水量,true,噸,2017,234511
11686106,E,水資源,總取水量,true,噸,2020,2806700
11686106,E,水資源,回收水量,true,噸,2020,600600
11686106,E,水資源,耗用水量,true,噸,2020,1540400
11686106,E,水資源,排放水量,true,噸,2020,933900
11686106,E,水資源,總取水量,true,噸,2019,2860100
11686106,E,水資源,回收水量,true,噸,2019,487904
11686106,E,水資源,耗用水量,true,噸,2019,1659100
11686106,E,水資源,排放水量,true,噸,2019,917000
11686106,E,水資源,總取水量,true,噸,2018,2781000
11686106,E,水資源,回收水量,true,噸,2018,426936
11686106,E,水資源,耗用水量,true,噸,2018,1562000
11686106,E,水資源,排放水量,true,噸,2018,1219000
11686106,E,水資源,總取水量,true,噸,2017,3005000
11686106,E,水資源,回收水量,true,噸,2017,136334
11686106,E,水資源,耗用水量,true,噸,2017,1392000
11686106,E,水資源,排放水量,true,噸,2017,1613000
83387850,E,水資源,總取水量,true,,2020,NA
83387850,E,水資源,回收水量,true,,2020,NA
83387850,E,水資源,耗用水量,true,,2020,NA
83387850,E,水資源,排放水量,true,,2020,NA
83387850,E,水資源,總取水量,true,,2019,NA
83387850,E,水資源,回收水量,true,,2019,NA
83387850,E,水資源,耗用水量,true,,2019,NA
83387850,E,水資源,排放水量,true,,2019,NA
83387850,E,水資源,總取水量,true,,2018,NA
83387850,E,水資源,回收水量,true,,2018,NA
83387850,E,水資源,耗用水量,true,,2018,NA
83387850,E,水資源,排放水量,true,,2018,NA
83387850,E,水資源,總取水量,true,,2017,NA
83387850,E,水資源,回收水量,true,,2017,NA
83387850,E,水資源,耗用水量,true,,2017,NA
83387850,E,水資源,排放水量,true,,2017,NA
20747385,E,水資源,總取水量,true,噸,2020,554964
20747385,E,水資源,回收水量,true,,2020,無揭露，僅提供2020 年用水回收率 (R1) 為 99.1%
20747385,E,水資源,耗用水量,true,噸,2020,332907
20747385,E,水資源,排放水量,true,噸,2020,222057
20747385,E,水資源,總取水量,true,噸,2019,525131
20747385,E,水資源,回收水量,true,,2019,無揭露，僅提供2019 年用水回收率 (R1) 為 99.2%
20747385,E,水資源,耗用水量,true,噸,2019,314967
20747385,E,水資源,排放水量,true,噸,2019,210164
20747385,E,水資源,總取水量,true,噸,2018,522316
20747385,E,水資源,回收水量,true,,2018,無揭露，僅提供2018 年用水回收率 (R1) 為 99.2%
20747385,E,水資源,耗用水量,true,噸,2018,311125
20747385,E,水資源,排放水量,true,噸,2018,211191
20747385,E,水資源,總取水量,true,噸,2017,552178
20747385,E,水資源,回收水量,true,噸,2017,64004491
20747385,E,水資源,耗用水量,true,噸,2017,335278
20747385,E,水資源,排放水量,true,噸,2017,216900
11893409,E,水資源,總取水量,true,噸,2020,1109750
11893409,E,水資源,回收水量,true,噸,2020,472860
11893409,E,水資源,耗用水量,true,噸,2020,514777
11893409,E,水資源,排放水量,true,,2020,僅提供圖表未有實際數據
11893409,E,水資源,總取水量,true,噸,2019,1034759
11893409,E,水資源,回收水量,true,噸,2019,377390
11893409,E,水資源,耗用水量,true,噸,2019,390025
11893409,E,水資源,排放水量,true,,2019,僅提供圖表未有實際數據
11893409,E,水資源,總取水量,true,噸,2018,1066745
11893409,E,水資源,回收水量,true,噸,2018,444498
11893409,E,水資源,耗用水量,true,噸,2018,393516
11893409,E,水資源,排放水量,true,,2018,僅提供圖表未有實際數據
11893409,E,水資源,總取水量,true,噸,2017,1064299
11893409,E,水資源,回收水量,true,噸,2017,332098
11893409,E,水資源,耗用水量,true,噸,2017,391707
11893409,E,水資源,排放水量,true,,2017,僅提供圖表未有實際數據
20844865,E,水資源,總取水量,true,噸,2020,1483090
20844865,E,水資源,回收水量,true,,2020,無揭露，僅提供製程用水回收率
20844865,E,水資源,耗用水量,true,噸,2020,1330470
20844865,E,水資源,排放水量,true,噸,2020,152620
20844865,E,水資源,總取水量,true,噸,2019,1539810
20844865,E,水資源,回收水量,true,,2019,無揭露，僅提供製程用水回收率
20844865,E,水資源,耗用水量,true,噸,2019,1346750
20844865,E,水資源,排放水量,true,噸,2019,193060
20844865,E,水資源,總取水量,true,噸,2018,1640150
20844865,E,水資源,回收水量,true,,2018,無揭露，僅提供製程用水回收率
20844865,E,水資源,耗用水量,true,噸,2018,1417260
20844865,E,水資源,排放水量,true,噸,2018,222890
20844865,E,水資源,總取水量,true,噸,2017,1612660
20844865,E,水資源,回收水量,true,,2017,無揭露，僅提供製程用水回收率
20844865,E,水資源,耗用水量,true,噸,2017,1373840
20844865,E,水資源,排放水量,true,噸,2017,238820
04212250,E,水資源,總取水量,true,噸,2020,1076474
04212250,E,水資源,回收水量,true,噸,2020,1633375
04212250,E,水資源,耗用水量,true,噸,2020,87173
04212250,E,水資源,排放水量,true,噸,2020,989301
04212250,E,水資源,總取水量,true,噸,2019,2642459
04212250,E,水資源,回收水量,true,噸,2019,1701630
04212250,E,水資源,耗用水量,true,噸,2019,1616528
04212250,E,水資源,排放水量,true,噸,2019,1025931
04212250,E,水資源,總取水量,true,噸,2018,2612806
04212250,E,水資源,回收水量,true,噸,2018,1691775
04212250,E,水資源,耗用水量,true,噸,2018,1510854
04212250,E,水資源,排放水量,true,噸,2018,1101952
04212250,E,水資源,總取水量,true,噸,2017,2736664
04212250,E,水資源,回收水量,true,,2017,無揭露
04212250,E,水資源,耗用水量,true,,2017,無揭露
04212250,E,水資源,排放水量,true,噸,2017,1141648
04748660,E,水資源,總取水量,true,噸,2020,289570
04748660,E,水資源,回收水量,true,,2020,無揭露，僅提供製程用水回收率
04748660,E,水資源,總取水量,true,噸,2019,294410
04748660,E,水資源,回收水量,true,,2019,無揭露，僅提供製程用水回收率
04748660,E,水資源,總取水量,true,噸,2018,301690
04748660,E,水資源,回收水量,true,,2018,無揭露，僅提供製程用水回收率
04748660,E,水資源,總取水量,true,噸,2017,295718
04748660,E,水資源,回收水量,true,,2017,無揭露，僅提供製程用水回收率
03084741,E,水資源,總取水量,true,噸,2020,7337000
03084741,E,水資源,回收水量,true,,2020,無揭露
03084741,E,水資源,耗用水量,true,噸,2020,4902000
03084741,E,水資源,排放水量,true,噸,2020,2437000
03084741,E,水資源,總取水量,true,噸,2019,11640000
03084741,E,水資源,回收水量,true,,2019,無揭露
03084741,E,水資源,耗用水量,true,噸,2019,7497000
03084741,E,水資源,排放水量,true,噸,2019,4144000
03084741,E,水資源,總取水量,true,噸,2018,11908000
03084741,E,水資源,回收水量,true,,2018,無揭露
03084741,E,水資源,耗用水量,true,噸,2018,7931000
03084741,E,水資源,排放水量,true,噸,2018,3976000
03084741,E,水資源,總取水量,true,噸,2017,9911000
03084741,E,水資源,回收水量,true,,2017,無揭露
03084741,E,水資源,耗用水量,true,噸,2017,5901000
03084741,E,水資源,排放水量,true,噸,2017,4010000
51059101,E,水資源,總取水量,true,,2020,NA
51059101,E,水資源,回收水量,true,,2020,NA
51059101,E,水資源,耗用水量,true,,2020,NA
51059101,E,水資源,排放水量,true,,2020,NA
51059101,E,水資源,總取水量,true,,2019,NA
51059101,E,水資源,回收水量,true,,2019,NA
51059101,E,水資源,耗用水量,true,,2019,NA
51059101,E,水資源,排放水量,true,,2019,NA
51059101,E,水資源,總取水量,true,,2018,NA
51059101,E,水資源,回收水量,true,,2018,NA
51059101,E,水資源,耗用水量,true,,2018,NA
51059101,E,水資源,排放水量,true,,2018,NA
51059101,E,水資源,總取水量,true,,2017,NA
51059101,E,水資源,回收水量,true,,2017,NA
51059101,E,水資源,耗用水量,true,,2017,NA
51059101,E,水資源,排放水量,true,,2017,NA
15024509,E,水資源,總取水量,true,,2020,NA
15024509,E,水資源,回收水量,true,,2020,NA
15024509,E,水資源,耗用水量,true,,2020,NA
15024509,E,水資源,排放水量,true,,2020,NA
15024509,E,水資源,總取水量,true,,2019,NA
15024509,E,水資源,回收水量,true,,2019,NA
15024509,E,水資源,耗用水量,true,,2019,NA
15024509,E,水資源,排放水量,true,,2019,NA
15024509,E,水資源,總取水量,true,,2018,NA
15024509,E,水資源,回收水量,true,,2018,NA
15024509,E,水資源,耗用水量,true,,2018,NA
15024509,E,水資源,排放水量,true,,2018,NA
15024509,E,水資源,總取水量,true,,2017,NA
15024509,E,水資源,回收水量,true,,2017,NA
15024509,E,水資源,耗用水量,true,,2017,NA
15024509,E,水資源,排放水量,true,,2017,NA
68192103,E,水資源,總取水量,true,噸,2020,81705
68192103,E,水資源,回收水量,true,,2020,無揭露
68192103,E,水資源,耗用水量,true,,2020,無揭露
68192103,E,水資源,排放水量,true,,2020,無揭露
68192103,E,水資源,總取水量,true,噸,2019,83790
68192103,E,水資源,回收水量,true,,2019,無揭露
68192103,E,水資源,耗用水量,true,,2019,無揭露
68192103,E,水資源,排放水量,true,,2019,無揭露
68192103,E,水資源,總取水量,true,噸,2018,81252
68192103,E,水資源,回收水量,true,,2018,無揭露
68192103,E,水資源,耗用水量,true,,2018,無揭露
68192103,E,水資源,排放水量,true,,2018,無揭露
07147916,E,水資源,總取水量,true,,2020,NA
07147916,E,水資源,回收水量,true,,2020,NA
07147916,E,水資源,耗用水量,true,,2020,NA
07147916,E,水資源,排放水量,true,,2020,NA
07147916,E,水資源,總取水量,true,,2019,NA
07147916,E,水資源,回收水量,true,,2019,NA
07147916,E,水資源,耗用水量,true,,2019,NA
07147916,E,水資源,排放水量,true,,2019,NA
07147916,E,水資源,總取水量,true,,2018,NA
07147916,E,水資源,回收水量,true,,2018,NA
07147916,E,水資源,耗用水量,true,,2018,NA
07147916,E,水資源,排放水量,true,,2018,NA
07147916,E,水資源,總取水量,true,,2017,NA
07147916,E,水資源,回收水量,true,,2017,NA
07147916,E,水資源,耗用水量,true,,2017,NA
07147916,E,水資源,排放水量,true,,2017,NA
11455800,E,水資源,總取水量,true,,2020,NA
11455800,E,水資源,回收水量,true,,2020,NA
11455800,E,水資源,耗用水量,true,,2020,NA
11455800,E,水資源,排放水量,true,,2020,NA
11455800,E,水資源,總取水量,true,,2019,NA
11455800,E,水資源,回收水量,true,,2019,NA
11455800,E,水資源,耗用水量,true,,2019,NA
11455800,E,水資源,排放水量,true,,2019,NA
11455800,E,水資源,總取水量,true,,2018,NA
11455800,E,水資源,回收水量,true,,2018,NA
11455800,E,水資源,耗用水量,true,,2018,NA
11455800,E,水資源,排放水量,true,,2018,NA
11455800,E,水資源,總取水量,true,,2017,NA
11455800,E,水資源,回收水量,true,,2017,NA
11455800,E,水資源,耗用水量,true,,2017,NA
11455800,E,水資源,排放水量,true,,2017,NA
58650902,E,水資源,總取水量,true,噸,2020,34885200
58650902,E,水資源,回收水量,true,噸,2020,344925
58650902,E,水資源,耗用水量,true,噸,2020,20345700
58650902,E,水資源,排放水量,true,噸,2020,15266646.95
58650902,E,水資源,總取水量,true,噸,2019,41478100
58650902,E,水資源,回收水量,true,,2019,無揭露
58650902,E,水資源,耗用水量,true,噸,2019,23389600
58650902,E,水資源,排放水量,true,噸,2019,18088500
58650902,E,水資源,總取水量,true,噸,2018,43976100
58650902,E,水資源,回收水量,true,噸,2018,139619070
58650902,E,水資源,耗用水量,true,噸,2018,17875800
58650902,E,水資源,排放水量,true,噸,2018,17875800
58650902,E,水資源,總取水量,true,噸,2017,36641255
58650902,E,水資源,回收水量,true,噸,2017,1423916100
58650902,E,水資源,耗用水量,true,噸,2017,19576959
58650902,E,水資源,排放水量,true,噸,2017,19576959
03707901,E,水資源,總取水量,true,m3,2020,30878935
03707901,E,水資源,回收水量,true,噸,2020,1597280065
03707901,E,水資源,耗用水量,true,,2020,無揭露
03707901,E,水資源,排放水量,true,,2020,無揭露
03707901,E,水資源,總取水量,true,m3,2019,32832890
03707901,E,水資源,回收水量,true,噸,2019,1601748736
03707901,E,水資源,耗用水量,true,,2019,無揭露
03707901,E,水資源,排放水量,true,噸,2019,9587241
03707901,E,水資源,總取水量,true,m3,2018,32814878
03707901,E,水資源,回收水量,true,噸,2018,1655126617
03707901,E,水資源,耗用水量,true,,2018,無揭露
03707901,E,水資源,排放水量,true,噸,2018,9700607
03707901,E,水資源,總取水量,true,m3,2017,33572134
03707901,E,水資源,回收水量,true,噸,2017,1684355545
03707901,E,水資源,耗用水量,true,,2017,無揭露
03707901,E,水資源,排放水量,true,噸,2017,9006596
26068617,E,水資源,總取水量,true,,2020,NA
26068617,E,水資源,回收水量,true,,2020,NA
26068617,E,水資源,耗用水量,true,,2020,NA
26068617,E,水資源,排放水量,true,,2020,NA
26068617,E,水資源,總取水量,true,,2019,NA
26068617,E,水資源,回收水量,true,,2019,NA
26068617,E,水資源,耗用水量,true,,2019,NA
26068617,E,水資源,排放水量,true,,2019,NA
26068617,E,水資源,總取水量,true,,2018,NA
26068617,E,水資源,回收水量,true,,2018,NA
26068617,E,水資源,耗用水量,true,,2018,NA
26068617,E,水資源,排放水量,true,,2018,NA
26068617,E,水資源,總取水量,true,,2017,NA
26068617,E,水資源,回收水量,true,,2017,NA
26068617,E,水資源,耗用水量,true,,2017,NA
26068617,E,水資源,排放水量,true,,2017,NA
37722768,E,水資源,總取水量,true,,2020,NA
37722768,E,水資源,回收水量,true,,2020,NA
37722768,E,水資源,耗用水量,true,,2020,NA
37722768,E,水資源,排放水量,true,,2020,NA
37722768,E,水資源,總取水量,true,,2019,NA
37722768,E,水資源,回收水量,true,,2019,NA
37722768,E,水資源,耗用水量,true,,2019,NA
37722768,E,水資源,排放水量,true,,2019,NA
37722768,E,水資源,總取水量,true,,2018,NA
37722768,E,水資源,回收水量,true,,2018,NA
37722768,E,水資源,耗用水量,true,,2018,NA
37722768,E,水資源,排放水量,true,,2018,NA
37722768,E,水資源,總取水量,true,,2017,NA
37722768,E,水資源,回收水量,true,,2017,NA
37722768,E,水資源,耗用水量,true,,2017,NA
37722768,E,水資源,排放水量,true,,2017,NA
82716171,E,水資源,總取水量,true,,2020,NA
82716171,E,水資源,回收水量,true,,2020,NA
82716171,E,水資源,耗用水量,true,,2020,NA
82716171,E,水資源,排放水量,true,,2020,NA
82716171,E,水資源,總取水量,true,,2019,NA
82716171,E,水資源,回收水量,true,,2019,NA
82716171,E,水資源,耗用水量,true,,2019,NA
82716171,E,水資源,排放水量,true,,2019,NA
82716171,E,水資源,總取水量,true,,2018,NA
82716171,E,水資源,回收水量,true,,2018,NA
82716171,E,水資源,耗用水量,true,,2018,NA
82716171,E,水資源,排放水量,true,,2018,NA
82716171,E,水資源,總取水量,true,,2017,NA
82716171,E,水資源,回收水量,true,,2017,NA
82716171,E,水資源,耗用水量,true,,2017,NA
82716171,E,水資源,排放水量,true,,2017,NA
89323361,E,水資源,總取水量,true,,2020,NA
89323361,E,水資源,回收水量,true,,2020,NA
89323361,E,水資源,耗用水量,true,,2020,NA
89323361,E,水資源,排放水量,true,,2020,NA
89323361,E,水資源,總取水量,true,,2019,NA
89323361,E,水資源,回收水量,true,,2019,NA
89323361,E,水資源,耗用水量,true,,2019,NA
89323361,E,水資源,排放水量,true,,2019,NA
89323361,E,水資源,總取水量,true,,2018,NA
89323361,E,水資源,回收水量,true,,2018,NA
89323361,E,水資源,耗用水量,true,,2018,NA
89323361,E,水資源,排放水量,true,,2018,NA
89323361,E,水資源,總取水量,true,,2017,NA
89323361,E,水資源,回收水量,true,,2017,NA
89323361,E,水資源,耗用水量,true,,2017,NA
89323361,E,水資源,排放水量,true,,2017,NA
35894259,E,水資源,總取水量,true,噸,2020,806027
35894259,E,水資源,回收水量,true,,2020,無揭露
35894259,E,水資源,耗用水量,true,,2020,無揭露
35894259,E,水資源,排放水量,true,,2020,無揭露
35894259,E,水資源,總取水量,true,噸,2019,792073
35894259,E,水資源,回收水量,true,,2019,無揭露
35894259,E,水資源,耗用水量,true,,2019,無揭露
35894259,E,水資源,排放水量,true,,2019,無揭露
35894259,E,水資源,總取水量,true,噸,2018,821001
35894259,E,水資源,回收水量,true,,2018,無揭露
35894259,E,水資源,耗用水量,true,,2018,無揭露
35894259,E,水資源,排放水量,true,,2018,無揭露
35894259,E,水資源,總取水量,true,噸,2017,714492
35894259,E,水資源,回收水量,true,,2017,無揭露
35894259,E,水資源,耗用水量,true,,2017,無揭露
35894259,E,水資源,排放水量,true,,2017,無揭露
11846954,E,水資源,總取水量,true,,2020,NA
11846954,E,水資源,回收水量,true,,2020,NA
11846954,E,水資源,耗用水量,true,,2020,NA
11846954,E,水資源,排放水量,true,,2020,NA
11846954,E,水資源,總取水量,true,,2019,NA
11846954,E,水資源,回收水量,true,,2019,NA
11846954,E,水資源,耗用水量,true,,2019,NA
11846954,E,水資源,排放水量,true,,2019,NA
11846954,E,水資源,總取水量,true,,2018,NA
11846954,E,水資源,回收水量,true,,2018,NA
11846954,E,水資源,耗用水量,true,,2018,NA
11846954,E,水資源,排放水量,true,,2018,NA
11846954,E,水資源,總取水量,true,,2017,NA
11846954,E,水資源,回收水量,true,,2017,NA
11846954,E,水資源,耗用水量,true,,2017,NA
11846954,E,水資源,排放水量,true,,2017,NA
86522210,E,水資源,總取水量,true,噸,2020,1893990268
86522210,E,水資源,回收水量,true,,2020,無揭露
86522210,E,水資源,耗用水量,true,噸,2020,1893990269
86522210,E,水資源,排放水量,true,噸,2020,16792190
86522210,E,水資源,總取水量,true,噸,2019,2163965634
86522210,E,水資源,回收水量,true,,2019,無揭露
86522210,E,水資源,耗用水量,true,噸,2019,2163965634
86522210,E,水資源,排放水量,true,噸,2019,16704955
86522210,E,水資源,總取水量,true,噸,2018,1847703673
86522210,E,水資源,回收水量,true,,2018,無揭露
86522210,E,水資源,耗用水量,true,噸,2018,1847703673
86522210,E,水資源,排放水量,true,噸,2018,15527100
86522210,E,水資源,總取水量,true,噸,2017,1763861058
86522210,E,水資源,回收水量,true,,2017,無揭露
86522210,E,水資源,耗用水量,true,噸,2017,1763861058
86522210,E,水資源,排放水量,true,噸,2017,16496540
86120031,E,水資源,總取水量,true,,2018,無揭露
86120031,E,水資源,回收水量,true,,2018,無揭露
86120031,E,水資源,耗用水量,true,,2018,無揭露
86120031,E,水資源,排放水量,true,,2018,無揭露
86120031,E,水資源,總取水量,true,,2019,無揭露
86120031,E,水資源,回收水量,true,,2019,無揭露
86120031,E,水資源,耗用水量,true,,2019,無揭露
86120031,E,水資源,排放水量,true,,2019,無揭露
75708007,E,廢棄物管理,一般事業廢棄物,true,噸,2020,24554
75708007,E,廢棄物管理,有害事業廢棄物,true,噸,2020,3325
75708007,E,廢棄物管理,資源化再利用,true,噸,2020,185453
75708007,E,廢棄物管理,一般事業廢棄物,true,噸,2019,31766
75708007,E,廢棄物管理,有害事業廢棄物,true,噸,2019,2040
75708007,E,廢棄物管理,資源化再利用,true,噸,2019,29539
75708007,E,廢棄物管理,一般事業廢棄物,true,噸,2018,38598
75708007,E,廢棄物管理,有害事業廢棄物,true,噸,2018,1919
75708007,E,廢棄物管理,資源化再利用,true,噸,2018,197414
75708007,E,廢棄物管理,一般事業廢棄物,true,噸,2017,37559
75708007,E,廢棄物管理,有害事業廢棄物,true,噸,2017,1713
75708007,E,廢棄物管理,資源化再利用,true,噸,2017,237812
75370905,E,廢棄物管理,一般事業廢棄物,true,噸,2020,129171.3
75370905,E,廢棄物管理,有害事業廢棄物,true,噸,2020,21057.7
75370905,E,廢棄物管理,資源化再利用,true,噸,2020,127660.4
75370905,E,廢棄物管理,一般事業廢棄物,true,噸,2019,111565.1
75370905,E,廢棄物管理,有害事業廢棄物,true,噸,2019,4357.8
75370905,E,廢棄物管理,資源化再利用,true,噸,2019,94764.8
75370905,E,廢棄物管理,一般事業廢棄物,true,噸,2018,113901.5
75370905,E,廢棄物管理,有害事業廢棄物,true,噸,2018,4806.2
75370905,E,廢棄物管理,資源化再利用,true,噸,2018,95935.5
75370905,E,廢棄物管理,一般事業廢棄物,true,噸,2017,130649.3
75370905,E,廢棄物管理,有害事業廢棄物,true,噸,2017,7365.1
75370905,E,廢棄物管理,資源化再利用,true,噸,2017,102194.8
11917107,E,廢棄物管理,一般事業廢棄物,true,噸,2020,372.36
11917107,E,廢棄物管理,有害事業廢棄物,true,噸,2020,16.72
11917107,E,廢棄物管理,資源化再利用,true,噸,2020,84.924
11917107,E,廢棄物管理,一般事業廢棄物,true,噸,2019,486.39
11917107,E,廢棄物管理,有害事業廢棄物,true,噸,2019,19.39
11917107,E,廢棄物管理,資源化再利用,true,噸,2019,230.42
11917107,E,廢棄物管理,一般事業廢棄物,true,噸,2018,316
11917107,E,廢棄物管理,有害事業廢棄物,true,噸,2018,0.99
11917107,E,廢棄物管理,資源化再利用,true,噸,2018,58.58
11917107,E,廢棄物管理,一般事業廢棄物,true,噸,2017,178.57
11917107,E,廢棄物管理,有害事業廢棄物,true,噸,2017,0.74
11917107,E,廢棄物管理,資源化再利用,true,噸,2017,118.07
11686106,E,廢棄物管理,一般事業廢棄物,true,噸,2020,549.1
11686106,E,廢棄物管理,有害事業廢棄物,true,噸,2020,10.45
11686106,E,廢棄物管理,資源化再利用,true,噸,2020,2687.7
11686106,E,廢棄物管理,一般事業廢棄物,true,噸,2019,860.6
11686106,E,廢棄物管理,有害事業廢棄物,true,噸,2019,36.95
11686106,E,廢棄物管理,資源化再利用,true,噸,2019,2891
11686106,E,廢棄物管理,一般事業廢棄物,true,噸,2018,705.7
11686106,E,廢棄物管理,有害事業廢棄物,true,噸,2018,14.61
11686106,E,廢棄物管理,資源化再利用,true,噸,2018,2475.6
11686106,E,廢棄物管理,一般事業廢棄物,true,噸,2017,796
11686106,E,廢棄物管理,有害事業廢棄物,true,噸,2017,27.96
11686106,E,廢棄物管理,資源化再利用,true,噸,2017,2382.8
83387850,E,廢棄物管理,一般事業廢棄物,true,,2020,NA
83387850,E,廢棄物管理,有害事業廢棄物,true,,2020,NA
83387850,E,廢棄物管理,資源化再利用,true,,2020,NA
83387850,E,廢棄物管理,一般事業廢棄物,true,,2019,NA
83387850,E,廢棄物管理,有害事業廢棄物,true,,2019,NA
83387850,E,廢棄物管理,資源化再利用,true,,2019,NA
83387850,E,廢棄物管理,一般事業廢棄物,true,,2018,NA
83387850,E,廢棄物管理,有害事業廢棄物,true,,2018,NA
83387850,E,廢棄物管理,資源化再利用,true,,2018,NA
83387850,E,廢棄物管理,一般事業廢棄物,true,,2017,NA
83387850,E,廢棄物管理,有害事業廢棄物,true,,2017,NA
83387850,E,廢棄物管理,資源化再利用,true,,2017,NA
20747385,E,廢棄物管理,一般事業廢棄物,true,噸,2020,200.83
20747385,E,廢棄物管理,有害事業廢棄物,true,噸,2020,3.54
20747385,E,廢棄物管理,資源化再利用,true,噸,2020,無揭露
20747385,E,廢棄物管理,一般事業廢棄物,true,噸,2019,157.98
20747385,E,廢棄物管理,有害事業廢棄物,true,噸,2019,0
20747385,E,廢棄物管理,資源化再利用,true,噸,2019,無揭露
20747385,E,廢棄物管理,一般事業廢棄物,true,噸,2018,152.68
20747385,E,廢棄物管理,有害事業廢棄物,true,噸,2018,0
20747385,E,廢棄物管理,資源化再利用,true,噸,2018,無揭露
20747385,E,廢棄物管理,一般事業廢棄物,true,噸,2017,108.36
20747385,E,廢棄物管理,有害事業廢棄物,true,噸,2017,0
20747385,E,廢棄物管理,資源化再利用,true,噸,2017,無揭露
11893409,E,廢棄物管理,一般事業廢棄物,true,噸,2020,3671
11893409,E,廢棄物管理,有害事業廢棄物,true,噸,2020,0
11893409,E,廢棄物管理,資源化再利用,true,,2020,僅提供回收率
11893409,E,廢棄物管理,一般事業廢棄物,true,噸,2019,3624
11893409,E,廢棄物管理,有害事業廢棄物,true,噸,2019,0
11893409,E,廢棄物管理,資源化再利用,true,,2019,僅提供回收率
11893409,E,廢棄物管理,一般事業廢棄物,true,噸,2018,3404
11893409,E,廢棄物管理,有害事業廢棄物,true,噸,2018,0
11893409,E,廢棄物管理,資源化再利用,true,,2018,僅提供回收率
11893409,E,廢棄物管理,一般事業廢棄物,true,噸,2017,3959.072
11893409,E,廢棄物管理,有害事業廢棄物,true,噸,2017,0
11893409,E,廢棄物管理,資源化再利用,true,,2017,無揭露
20844865,E,廢棄物管理,一般事業廢棄物,true,,2020,無揭露
20844865,E,廢棄物管理,有害事業廢棄物,true,,2020,無揭露
20844865,E,廢棄物管理,資源化再利用,true,噸,2020,13188.13
20844865,E,廢棄物管理,一般事業廢棄物,true,,2019,無揭露
20844865,E,廢棄物管理,有害事業廢棄物,true,,2019,無揭露
20844865,E,廢棄物管理,資源化再利用,true,噸,2019,12344.7
20844865,E,廢棄物管理,一般事業廢棄物,true,,2018,無揭露
20844865,E,廢棄物管理,有害事業廢棄物,true,,2018,無揭露
20844865,E,廢棄物管理,資源化再利用,true,噸,2018,14281.03
20844865,E,廢棄物管理,一般事業廢棄物,true,,2017,無揭露
20844865,E,廢棄物管理,有害事業廢棄物,true,,2017,無揭露
20844865,E,廢棄物管理,資源化再利用,true,噸,2017,10835.87
04212250,E,廢棄物管理,一般事業廢棄物,true,噸,2020,1512.86
04212250,E,廢棄物管理,有害事業廢棄物,true,噸,2020,0
04212250,E,廢棄物管理,資源化再利用,true,噸,2020,28349.1
04212250,E,廢棄物管理,一般事業廢棄物,true,噸,2019,1437.25
04212250,E,廢棄物管理,有害事業廢棄物,true,噸,2019,6.42
04212250,E,廢棄物管理,資源化再利用,true,噸,2019,27186
04212250,E,廢棄物管理,一般事業廢棄物,true,噸,2018,1845
04212250,E,廢棄物管理,有害事業廢棄物,true,噸,2018,0
04212250,E,廢棄物管理,資源化再利用,true,噸,2018,28138
04212250,E,廢棄物管理,一般事業廢棄物,true,噸,2017,3472.065
04212250,E,廢棄物管理,有害事業廢棄物,true,噸,2017,17.05
04212250,E,廢棄物管理,資源化再利用,true,噸,2017,27184.89
04748660,E,廢棄物管理,一般事業廢棄物,true,噸,2020,5231.44
04748660,E,廢棄物管理,有害事業廢棄物,true,噸,2020,538.44
04748660,E,廢棄物管理,資源化再利用,true,噸,2020,46.61
04748660,E,廢棄物管理,一般事業廢棄物,true,噸,2019,15947.5
04748660,E,廢棄物管理,有害事業廢棄物,true,噸,2019,1047.48
04748660,E,廢棄物管理,資源化再利用,true,噸,2019,0
04748660,E,廢棄物管理,一般事業廢棄物,true,,2018,無完整揭露
04748660,E,廢棄物管理,有害事業廢棄物,true,,2018,無完整揭露
04748660,E,廢棄物管理,資源化再利用,true,,2018,無完整揭露
04748660,E,廢棄物管理,一般事業廢棄物,true,,2017,無完整揭露
04748660,E,廢棄物管理,有害事業廢棄物,true,,2017,無完整揭露
04748660,E,廢棄物管理,資源化再利用,true,,2017,無完整揭露
03084741,E,廢棄物管理,一般事業廢棄物,true,噸,2020,32045.9
03084741,E,廢棄物管理,有害事業廢棄物,true,噸,2020,36845.13
03084741,E,廢棄物管理,資源化再利用,true,噸,2020,26393.29
03084741,E,廢棄物管理,一般事業廢棄物,true,噸,2019,58433.73
03084741,E,廢棄物管理,有害事業廢棄物,true,噸,2019,39057.93
03084741,E,廢棄物管理,資源化再利用,true,噸,2019,52583.58
03084741,E,廢棄物管理,一般事業廢棄物,true,噸,2018,64667.13
03084741,E,廢棄物管理,有害事業廢棄物,true,噸,2018,37809.53
03084741,E,廢棄物管理,資源化再利用,true,噸,2018,59469.68
03084741,E,廢棄物管理,一般事業廢棄物,true,噸,2017,65360.98
03084741,E,廢棄物管理,有害事業廢棄物,true,噸,2017,37875.61
03084741,E,廢棄物管理,資源化再利用,true,噸,2017,60483.17
51059101,E,廢棄物管理,一般事業廢棄物,true,,2020,NA
51059101,E,廢棄物管理,有害事業廢棄物,true,,2020,NA
51059101,E,廢棄物管理,資源化再利用,true,,2020,NA
51059101,E,廢棄物管理,一般事業廢棄物,true,,2019,NA
51059101,E,廢棄物管理,有害事業廢棄物,true,,2019,NA
51059101,E,廢棄物管理,資源化再利用,true,,2019,NA
51059101,E,廢棄物管理,一般事業廢棄物,true,,2018,NA
51059101,E,廢棄物管理,有害事業廢棄物,true,,2018,NA
51059101,E,廢棄物管理,資源化再利用,true,,2018,NA
51059101,E,廢棄物管理,一般事業廢棄物,true,,2017,NA
51059101,E,廢棄物管理,有害事業廢棄物,true,,2017,NA
51059101,E,廢棄物管理,資源化再利用,true,,2017,NA
15024509,E,廢棄物管理,一般事業廢棄物,true,,2020,NA
15024509,E,廢棄物管理,有害事業廢棄物,true,,2020,NA
15024509,E,廢棄物管理,資源化再利用,true,,2020,NA
15024509,E,廢棄物管理,一般事業廢棄物,true,,2019,NA
15024509,E,廢棄物管理,有害事業廢棄物,true,,2019,NA
15024509,E,廢棄物管理,資源化再利用,true,,2019,NA
15024509,E,廢棄物管理,一般事業廢棄物,true,,2018,NA
15024509,E,廢棄物管理,有害事業廢棄物,true,,2018,NA
15024509,E,廢棄物管理,資源化再利用,true,,2018,NA
15024509,E,廢棄物管理,一般事業廢棄物,true,,2017,NA
15024509,E,廢棄物管理,有害事業廢棄物,true,,2017,NA
15024509,E,廢棄物管理,資源化再利用,true,,2017,NA
68192103,E,廢棄物管理,一般事業廢棄物,true,噸,2020,462.402
68192103,E,廢棄物管理,有害事業廢棄物,true,,2020,無揭露
68192103,E,廢棄物管理,資源化再利用,true,,2020,無揭露
68192103,E,廢棄物管理,一般事業廢棄物,true,噸,2019,471.459
68192103,E,廢棄物管理,有害事業廢棄物,true,,2019,無揭露
68192103,E,廢棄物管理,資源化再利用,true,,2019,無揭露
68192103,E,廢棄物管理,一般事業廢棄物,true,噸,2018,310.103
68192103,E,廢棄物管理,有害事業廢棄物,true,,2018,無揭露
68192103,E,廢棄物管理,資源化再利用,true,,2018,無揭露
07147916,E,廢棄物管理,一般事業廢棄物,true,,2020,NA
07147916,E,廢棄物管理,有害事業廢棄物,true,,2020,NA
07147916,E,廢棄物管理,資源化再利用,true,,2020,NA
07147916,E,廢棄物管理,一般事業廢棄物,true,,2019,NA
07147916,E,廢棄物管理,有害事業廢棄物,true,,2019,NA
07147916,E,廢棄物管理,資源化再利用,true,,2019,NA
07147916,E,廢棄物管理,一般事業廢棄物,true,,2018,NA
07147916,E,廢棄物管理,有害事業廢棄物,true,,2018,NA
07147916,E,廢棄物管理,資源化再利用,true,,2018,NA
07147916,E,廢棄物管理,一般事業廢棄物,true,,2017,NA
07147916,E,廢棄物管理,有害事業廢棄物,true,,2017,NA
07147916,E,廢棄物管理,資源化再利用,true,,2017,NA
11455800,E,廢棄物管理,一般事業廢棄物,true,,2020,NA
11455800,E,廢棄物管理,有害事業廢棄物,true,,2020,NA
11455800,E,廢棄物管理,資源化再利用,true,,2020,NA
11455800,E,廢棄物管理,一般事業廢棄物,true,,2019,NA
11455800,E,廢棄物管理,有害事業廢棄物,true,,2019,NA
11455800,E,廢棄物管理,資源化再利用,true,,2019,NA
11455800,E,廢棄物管理,一般事業廢棄物,true,,2018,NA
11455800,E,廢棄物管理,有害事業廢棄物,true,,2018,NA
11455800,E,廢棄物管理,資源化再利用,true,,2018,NA
11455800,E,廢棄物管理,一般事業廢棄物,true,,2017,NA
11455800,E,廢棄物管理,有害事業廢棄物,true,,2017,NA
11455800,E,廢棄物管理,資源化再利用,true,,2017,NA
58650902,E,廢棄物管理,一般事業廢棄物,true,噸,2020,28084
58650902,E,廢棄物管理,有害事業廢棄物,true,噸,2020,7
58650902,E,廢棄物管理,資源化再利用,true,噸,2020,201892
58650902,E,廢棄物管理,一般事業廢棄物,true,噸,2019,29094
58650902,E,廢棄物管理,有害事業廢棄物,true,噸,2019,9
58650902,E,廢棄物管理,資源化再利用,true,噸,2019,197939
58650902,E,廢棄物管理,一般事業廢棄物,true,噸,2018,32057
58650902,E,廢棄物管理,有害事業廢棄物,true,噸,2018,9
58650902,E,廢棄物管理,資源化再利用,true,噸,2018,241310
58650902,E,廢棄物管理,一般事業廢棄物,true,噸,2017,36724
58650902,E,廢棄物管理,有害事業廢棄物,true,噸,2017,11
58650902,E,廢棄物管理,資源化再利用,true,噸,2017,215368
03707901,E,廢棄物管理,一般事業廢棄物,true,噸,2020,105376.49
03707901,E,廢棄物管理,有害事業廢棄物,true,噸,2020,2193.46
03707901,E,廢棄物管理,資源化再利用,true,,2020,無揭露
03707901,E,廢棄物管理,一般事業廢棄物,true,噸,2019,109229.63
03707901,E,廢棄物管理,有害事業廢棄物,true,噸,2019,2510.563
03707901,E,廢棄物管理,資源化再利用,true,,2019,無揭露
03707901,E,廢棄物管理,一般事業廢棄物,true,噸,2018,89313.421
03707901,E,廢棄物管理,有害事業廢棄物,true,噸,2018,2097.588
03707901,E,廢棄物管理,資源化再利用,true,,2018,無揭露
03707901,E,廢棄物管理,一般事業廢棄物,true,噸,2017,84373.82
03707901,E,廢棄物管理,有害事業廢棄物,true,噸,2017,1539.54
03707901,E,廢棄物管理,資源化再利用,true,,2017,無揭露
26068617,E,廢棄物管理,一般事業廢棄物,true,,2020,NA
26068617,E,廢棄物管理,有害事業廢棄物,true,,2020,NA
26068617,E,廢棄物管理,資源化再利用,true,,2020,NA
26068617,E,廢棄物管理,一般事業廢棄物,true,,2019,NA
26068617,E,廢棄物管理,有害事業廢棄物,true,,2019,NA
26068617,E,廢棄物管理,資源化再利用,true,,2019,NA
26068617,E,廢棄物管理,一般事業廢棄物,true,,2018,NA
26068617,E,廢棄物管理,有害事業廢棄物,true,,2018,NA
26068617,E,廢棄物管理,資源化再利用,true,,2018,NA
26068617,E,廢棄物管理,一般事業廢棄物,true,,2017,NA
26068617,E,廢棄物管理,有害事業廢棄物,true,,2017,NA
26068617,E,廢棄物管理,資源化再利用,true,,2017,NA
37722768,E,廢棄物管理,一般事業廢棄物,true,,2020,NA
37722768,E,廢棄物管理,有害事業廢棄物,true,,2020,NA
37722768,E,廢棄物管理,資源化再利用,true,,2020,NA
37722768,E,廢棄物管理,一般事業廢棄物,true,,2019,NA
37722768,E,廢棄物管理,有害事業廢棄物,true,,2019,NA
37722768,E,廢棄物管理,資源化再利用,true,,2019,NA
37722768,E,廢棄物管理,一般事業廢棄物,true,,2018,NA
37722768,E,廢棄物管理,有害事業廢棄物,true,,2018,NA
37722768,E,廢棄物管理,資源化再利用,true,,2018,NA
37722768,E,廢棄物管理,一般事業廢棄物,true,,2017,NA
37722768,E,廢棄物管理,有害事業廢棄物,true,,2017,NA
37722768,E,廢棄物管理,資源化再利用,true,,2017,NA
82716171,E,廢棄物管理,一般事業廢棄物,true,,2020,NA
82716171,E,廢棄物管理,有害事業廢棄物,true,,2020,NA
82716171,E,廢棄物管理,資源化再利用,true,,2020,NA
82716171,E,廢棄物管理,一般事業廢棄物,true,,2019,NA
82716171,E,廢棄物管理,有害事業廢棄物,true,,2019,NA
82716171,E,廢棄物管理,資源化再利用,true,,2019,NA
82716171,E,廢棄物管理,一般事業廢棄物,true,,2018,NA
82716171,E,廢棄物管理,有害事業廢棄物,true,,2018,NA
82716171,E,廢棄物管理,資源化再利用,true,,2018,NA
82716171,E,廢棄物管理,一般事業廢棄物,true,,2017,NA
82716171,E,廢棄物管理,有害事業廢棄物,true,,2017,NA
82716171,E,廢棄物管理,資源化再利用,true,,2017,NA
89323361,E,廢棄物管理,一般事業廢棄物,true,,2020,NA
89323361,E,廢棄物管理,有害事業廢棄物,true,,2020,NA
89323361,E,廢棄物管理,資源化再利用,true,,2020,NA
89323361,E,廢棄物管理,一般事業廢棄物,true,,2019,NA
89323361,E,廢棄物管理,有害事業廢棄物,true,,2019,NA
89323361,E,廢棄物管理,資源化再利用,true,,2019,NA
89323361,E,廢棄物管理,一般事業廢棄物,true,,2018,NA
89323361,E,廢棄物管理,有害事業廢棄物,true,,2018,NA
89323361,E,廢棄物管理,資源化再利用,true,,2018,NA
89323361,E,廢棄物管理,一般事業廢棄物,true,,2017,NA
89323361,E,廢棄物管理,有害事業廢棄物,true,,2017,NA
89323361,E,廢棄物管理,資源化再利用,true,,2017,NA
35894259,E,廢棄物管理,一般事業廢棄物,true,,2020,無揭露
35894259,E,廢棄物管理,有害事業廢棄物,true,,2020,無揭露
35894259,E,廢棄物管理,資源化再利用,true,噸,2020,11113.34
35894259,E,廢棄物管理,一般事業廢棄物,true,,2019,無揭露
35894259,E,廢棄物管理,有害事業廢棄物,true,,2019,無揭露
35894259,E,廢棄物管理,資源化再利用,true,噸,2019,802.39
35894259,E,廢棄物管理,一般事業廢棄物,true,,2018,無揭露
35894259,E,廢棄物管理,有害事業廢棄物,true,,2018,無揭露
35894259,E,廢棄物管理,資源化再利用,true,噸,2018,1291.09
35894259,E,廢棄物管理,一般事業廢棄物,true,,2017,無揭露
35894259,E,廢棄物管理,有害事業廢棄物,true,,2017,無揭露
35894259,E,廢棄物管理,資源化再利用,true,噸,2017,1482.185
11846954,E,廢棄物管理,一般事業廢棄物,true,,2020,NA
11846954,E,廢棄物管理,有害事業廢棄物,true,,2020,NA
11846954,E,廢棄物管理,資源化再利用,true,,2020,NA
11846954,E,廢棄物管理,一般事業廢棄物,true,,2019,NA
11846954,E,廢棄物管理,有害事業廢棄物,true,,2019,NA
11846954,E,廢棄物管理,資源化再利用,true,,2019,NA
11846954,E,廢棄物管理,一般事業廢棄物,true,,2018,NA
11846954,E,廢棄物管理,有害事業廢棄物,true,,2018,NA
11846954,E,廢棄物管理,資源化再利用,true,,2018,NA
11846954,E,廢棄物管理,一般事業廢棄物,true,,2017,NA
11846954,E,廢棄物管理,有害事業廢棄物,true,,2017,NA
11846954,E,廢棄物管理,資源化再利用,true,,2017,NA
86522210,E,廢棄物管理,一般事業廢棄物,true,噸,2020,1129260
86522210,E,廢棄物管理,有害事業廢棄物,true,噸,2020,403
86522210,E,廢棄物管理,資源化再利用,true,噸,2020,1067993
86522210,E,廢棄物管理,一般事業廢棄物,true,噸,2019,1294358
86522210,E,廢棄物管理,有害事業廢棄物,true,噸,2019,902
86522210,E,廢棄物管理,資源化再利用,true,噸,2019,1232681
86522210,E,廢棄物管理,一般事業廢棄物,true,噸,2018,1190158
86522210,E,廢棄物管理,有害事業廢棄物,true,噸,2018,280
86522210,E,廢棄物管理,資源化再利用,true,噸,2018,1129736
86522210,E,廢棄物管理,一般事業廢棄物,true,噸,2017,1118554
86522210,E,廢棄物管理,有害事業廢棄物,true,噸,2017,416
86522210,E,廢棄物管理,資源化再利用,true,噸,2017,1065418
86120031,E,廢棄物管理,一般事業廢棄物,true,無揭露,2018,無揭露
86120031,E,廢棄物管理,有害事業廢棄物,true,無揭露,2018,無揭露
86120031,E,廢棄物管理,資源化再利用,true,無揭露,2018,無揭露
86120031,E,廢棄物管理,一般事業廢棄物,true,無揭露,2019,無揭露
86120031,E,廢棄物管理,有害事業廢棄物,true,無揭露,2019,無揭露
86120031,E,廢棄物管理,資源化再利用,true,無揭露,2019,無揭露
11686106,E,空氣污染物申報-一般空氣污染物,氮氧化物,,,2009,70.249
11686106,E,空氣污染物申報-一般空氣污染物,硫氧化物,,,2009,67.05499999999999
11686106,E,空氣污染物申報-一般空氣污染物,粒狀污染物,,,2009,83.857
11686106,E,空氣污染物申報-一般空氣污染物,揮發性有機化合物,,,2009,50.402
11893409,E,空氣污染物申報-一般空氣污染物,氮氧化物,,,2009,17.982
11893409,E,空氣污染物申報-一般空氣污染物,硫氧化物,,,2009,18.031999999999996
11893409,E,空氣污染物申報-一般空氣污染物,粒狀污染物,,,2009,11.078000000000001
11893409,E,空氣污染物申報-一般空氣污染物,揮發性有機化合物,,,2009,21.981
11917107,E,空氣污染物申報-一般空氣污染物,氮氧化物,,,2009,26.302
11917107,E,空氣污染物申報-一般空氣污染物,硫氧化物,,,2009,34.759
11917107,E,空氣污染物申報-一般空氣污染物,粒狀污染物,,,2009,2.88
11917107,E,空氣污染物申報-一般空氣污染物,揮發性有機化合物,,,2009,7.542
12413104,E,空氣污染物申報-一般空氣污染物,氮氧化物,,,2009,0.033
12413104,E,空氣污染物申報-一般空氣污染物,硫氧化物,,,2009,0.047
12413104,E,空氣污染物申報-一般空氣污染物,粒狀污染物,,,2009,0.005
12413104,E,空氣污染物申報-一般空氣污染物,揮發性有機化合物,,,2009,11.489
14040691,E,空氣污染物申報-一般空氣污染物,氮氧化物,,,2009,185.04800000000003
14040691,E,空氣污染物申報-一般空氣污染物,硫氧化物,,,2009,253.31400000000002
14040691,E,空氣污染物申報-一般空氣污染物,粒狀污染物,,,2009,68.539
14040691,E,空氣污染物申報-一般空氣污染物,揮發性有機化合物,,,2009,79.107
15024509,E,空氣污染物申報-一般空氣污染物,氮氧化物,,,2009,37.742000000000004
15024509,E,空氣污染物申報-一般空氣污染物,硫氧化物,,,2009,50.82599999999999
15024509,E,空氣污染物申報-一般空氣污染物,粒狀污染物,,,2009,30.023000000000003
15024509,E,空氣污染物申報-一般空氣污染物,揮發性有機化合物,,,2009,98.15400000000001
19084015,E,空氣污染物申報-一般空氣污染物,氮氧化物,,,2009,103.34700000000001
19084015,E,空氣污染物申報-一般空氣污染物,硫氧化物,,,2009,72.003
19084015,E,空氣污染物申報-一般空氣污染物,粒狀污染物,,,2009,21.021
19084015,E,空氣污染物申報-一般空氣污染物,揮發性有機化合物,,,2009,8.969000000000001
20747385,E,空氣污染物申報-一般空氣污染物,氮氧化物,,,2009,2.604
20747385,E,空氣污染物申報-一般空氣污染物,硫氧化物,,,2009,2.484
20747385,E,空氣污染物申報-一般空氣污染物,粒狀污染物,,,2009,2.5060000000000002
20747385,E,空氣污染物申報-一般空氣污染物,揮發性有機化合物,,,2009,0.798
20844865,E,空氣污染物申報-一般空氣污染物,氮氧化物,,,2009,336.058
20844865,E,空氣污染物申報-一般空氣污染物,硫氧化物,,,2009,376.09900000000005
20844865,E,空氣污染物申報-一般空氣污染物,粒狀污染物,,,2009,29.569000000000003
20844865,E,空氣污染物申報-一般空氣污染物,揮發性有機化合物,,,2009,14.43
22281617,E,空氣污染物申報-一般空氣污染物,氮氧化物,,,2009,8.292000000000002
22281617,E,空氣污染物申報-一般空氣污染物,硫氧化物,,,2009,12.062
22281617,E,空氣污染物申報-一般空氣污染物,揮發性有機化合物,,,2009,4.991
22318678,E,空氣污染物申報-一般空氣污染物,氮氧化物,,,2009,367.85900000000004
22318678,E,空氣污染物申報-一般空氣污染物,硫氧化物,,,2009,588.136
22318678,E,空氣污染物申報-一般空氣污染物,粒狀污染物,,,2009,92.154
22318678,E,空氣污染物申報-一般空氣污染物,揮發性有機化合物,,,2009,341.168
35894259,E,空氣污染物申報-一般空氣污染物,氮氧化物,,,2009,13.299999999999999
35894259,E,空氣污染物申報-一般空氣污染物,硫氧化物,,,2009,18.401
35894259,E,空氣污染物申報-一般空氣污染物,粒狀污染物,,,2009,6.223
35894259,E,空氣污染物申報-一般空氣污染物,揮發性有機化合物,,,2009,19.423000000000002
42818882,E,空氣污染物申報-一般空氣污染物,氮氧化物,,,2009,375.735
42818882,E,空氣污染物申報-一般空氣污染物,硫氧化物,,,2009,466.807
42818882,E,空氣污染物申報-一般空氣污染物,粒狀污染物,,,2009,11.943999999999999
42818882,E,空氣污染物申報-一般空氣污染物,揮發性有機化合物,,,2009,3.546
51059101,E,空氣污染物申報-一般空氣污染物,氮氧化物,,,2009,4.329000000000001
51059101,E,空氣污染物申報-一般空氣污染物,硫氧化物,,,2009,5.933
51059101,E,空氣污染物申報-一般空氣污染物,粒狀污染物,,,2009,0.562
51059101,E,空氣污染物申報-一般空氣污染物,揮發性有機化合物,,,2009,338.49899999999997
57104700,E,空氣污染物申報-一般空氣污染物,氮氧化物,,,2009,30.163
57104700,E,空氣污染物申報-一般空氣污染物,硫氧化物,,,2009,34.282000000000004
57104700,E,空氣污染物申報-一般空氣污染物,粒狀污染物,,,2009,5.606
57104700,E,空氣污染物申報-一般空氣污染物,揮發性有機化合物,,,2009,1.9759999999999998
58650902,E,空氣污染物申報-一般空氣污染物,氮氧化物,,,2009,2112.781
58650902,E,空氣污染物申報-一般空氣污染物,硫氧化物,,,2009,656.848
58650902,E,空氣污染物申報-一般空氣污染物,粒狀污染物,,,2009,152.478
58650902,E,空氣污染物申報-一般空氣污染物,揮發性有機化合物,,,2009,262.997
68192103,E,空氣污染物申報-一般空氣污染物,揮發性有機化合物,,,2009,12.098
72104709,E,空氣污染物申報-一般空氣污染物,氮氧化物,,,2009,11.832
72104709,E,空氣污染物申報-一般空氣污染物,硫氧化物,,,2009,16.339
72104709,E,空氣污染物申報-一般空氣污染物,粒狀污染物,,,2009,5.346
72104709,E,空氣污染物申報-一般空氣污染物,揮發性有機化合物,,,2009,72.80199999999999
75370905,E,空氣污染物申報-一般空氣污染物,氮氧化物,,,2009,3318.922
75370905,E,空氣污染物申報-一般空氣污染物,硫氧化物,,,2009,2454.723
75370905,E,空氣污染物申報-一般空氣污染物,粒狀污染物,,,2009,429.985
75370905,E,空氣污染物申報-一般空氣污染物,揮發性有機化合物,,,2009,2189.632
75708007,E,空氣污染物申報-一般空氣污染物,氮氧化物,,,2009,2502.1829999999986
75708007,E,空氣污染物申報-一般空氣污染物,硫氧化物,,,2009,1194.6129999999998
75708007,E,空氣污染物申報-一般空氣污染物,粒狀污染物,,,2009,346.939
75708007,E,空氣污染物申報-一般空氣污染物,揮發性有機化合物,,,2009,261.87700000000007
83387850,E,空氣污染物申報-一般空氣污染物,氮氧化物,,,2009,71.40599999999999
83387850,E,空氣污染物申報-一般空氣污染物,硫氧化物,,,2009,106.47899999999998
83387850,E,空氣污染物申報-一般空氣污染物,揮發性有機化合物,,,2009,53.386
86120031,E,空氣污染物申報-一般空氣污染物,氮氧化物,,,2009,370.958
86120031,E,空氣污染物申報-一般空氣污染物,硫氧化物,,,2009,546.778
86120031,E,空氣污染物申報-一般空氣污染物,粒狀污染物,,,2009,40.367
86120031,E,空氣污染物申報-一般空氣污染物,揮發性有機化合物,,,2009,406.58900000000006
86522210,E,空氣污染物申報-一般空氣污染物,氮氧化物,,,2009,8791.982
86522210,E,空氣污染物申報-一般空氣污染物,硫氧化物,,,2009,3399.041
86522210,E,空氣污染物申報-一般空氣污染物,粒狀污染物,,,2009,837.526
86522210,E,空氣污染物申報-一般空氣污染物,揮發性有機化合物,,,2009,1187.876
89323361,E,空氣污染物申報-一般空氣污染物,揮發性有機化合物,,,2009,1.6
03707901,E,空氣污染物申報-一般空氣污染物,氮氧化物,,,2009,6486.603999999999
03707901,E,空氣污染物申報-一般空氣污染物,硫氧化物,,,2009,11891.776
03707901,E,空氣污染物申報-一般空氣污染物,粒狀污染物,,,2009,565.0810000000001
03707901,E,空氣污染物申報-一般空氣污染物,揮發性有機化合物,,,2009,4864.302000000001
04212250,E,空氣污染物申報-一般空氣污染物,氮氧化物,,,2009,355.892
04212250,E,空氣污染物申報-一般空氣污染物,硫氧化物,,,2009,457.75300000000004
04212250,E,空氣污染物申報-一般空氣污染物,粒狀污染物,,,2009,19.2
04212250,E,空氣污染物申報-一般空氣污染物,揮發性有機化合物,,,2009,41.433
03084741,E,空氣污染物申報-一般空氣污染物,氮氧化物,,,2009,871.982
03084741,E,空氣污染物申報-一般空氣污染物,硫氧化物,,,2009,229.59199999999998
03084741,E,空氣污染物申報-一般空氣污染物,粒狀污染物,,,2009,104.28199999999998
03084741,E,空氣污染物申報-一般空氣污染物,揮發性有機化合物,,,2009,558.528
04748660,E,空氣污染物申報-一般空氣污染物,氮氧化物,,,2009,34.821000000000005
04748660,E,空氣污染物申報-一般空氣污染物,硫氧化物,,,2009,28.961000000000002
04748660,E,空氣污染物申報-一般空氣污染物,粒狀污染物,,,2009,10.894
04748660,E,空氣污染物申報-一般空氣污染物,揮發性有機化合物,,,2009,14.794999999999998
07147916,E,空氣污染物申報-一般空氣污染物,氮氧化物,,,2009,14.975999999999999
07147916,E,空氣污染物申報-一般空氣污染物,硫氧化物,,,2009,18.331000000000003
07147916,E,空氣污染物申報-一般空氣污染物,粒狀污染物,,,2009,3.136
07147916,E,空氣污染物申報-一般空氣污染物,揮發性有機化合物,,,2009,57.31599999999999
11686106,E,空氣污染物申報-一般空氣污染物,氮氧化物,,,2010,36.51500000000001
11686106,E,空氣污染物申報-一般空氣污染物,硫氧化物,,,2010,44.214999999999996
11686106,E,空氣污染物申報-一般空氣污染物,粒狀污染物,,,2010,87.18299999999999
11686106,E,空氣污染物申報-一般空氣污染物,揮發性有機化合物,,,2010,67.725
11893409,E,空氣污染物申報-一般空氣污染物,氮氧化物,,,2010,19.436999999999998
11893409,E,空氣污染物申報-一般空氣污染物,硫氧化物,,,2010,17.891000000000002
11893409,E,空氣污染物申報-一般空氣污染物,粒狀污染物,,,2010,17.457
11893409,E,空氣污染物申報-一般空氣污染物,揮發性有機化合物,,,2010,29.306
11917107,E,空氣污染物申報-一般空氣污染物,氮氧化物,,,2010,21.336
11917107,E,空氣污染物申報-一般空氣污染物,硫氧化物,,,2010,29.58
11917107,E,空氣污染物申報-一般空氣污染物,粒狀污染物,,,2010,2.338
11917107,E,空氣污染物申報-一般空氣污染物,揮發性有機化合物,,,2010,16.677
12413104,E,空氣污染物申報-一般空氣污染物,氮氧化物,,,2010,0.08
12413104,E,空氣污染物申報-一般空氣污染物,硫氧化物,,,2010,0.112
12413104,E,空氣污染物申報-一般空氣污染物,粒狀污染物,,,2010,0.012
12413104,E,空氣污染物申報-一般空氣污染物,揮發性有機化合物,,,2010,4.655
14040691,E,空氣污染物申報-一般空氣污染物,氮氧化物,,,2010,268.686
14040691,E,空氣污染物申報-一般空氣污染物,硫氧化物,,,2010,378.79100000000005
14040691,E,空氣污染物申報-一般空氣污染物,粒狀污染物,,,2010,84.941
14040691,E,空氣污染物申報-一般空氣污染物,揮發性有機化合物,,,2010,122.93299999999999
15024509,E,空氣污染物申報-一般空氣污染物,氮氧化物,,,2010,35.374
15024509,E,空氣污染物申報-一般空氣污染物,硫氧化物,,,2010,37.667
15024509,E,空氣污染物申報-一般空氣污染物,粒狀污染物,,,2010,23.657
15024509,E,空氣污染物申報-一般空氣污染物,揮發性有機化合物,,,2010,48.834
19084015,E,空氣污染物申報-一般空氣污染物,氮氧化物,,,2010,82.41
19084015,E,空氣污染物申報-一般空氣污染物,硫氧化物,,,2010,47.614
19084015,E,空氣污染物申報-一般空氣污染物,粒狀污染物,,,2010,7.753
19084015,E,空氣污染物申報-一般空氣污染物,揮發性有機化合物,,,2010,14.927
20747385,E,空氣污染物申報-一般空氣污染物,氮氧化物,,,2010,3.641
20747385,E,空氣污染物申報-一般空氣污染物,硫氧化物,,,2010,2.531
20747385,E,空氣污染物申報-一般空氣污染物,粒狀污染物,,,2010,2.077
20747385,E,空氣污染物申報-一般空氣污染物,揮發性有機化合物,,,2010,30.266
20844865,E,空氣污染物申報-一般空氣污染物,氮氧化物,,,2010,343.963
20844865,E,空氣污染物申報-一般空氣污染物,硫氧化物,,,2010,460.123
20844865,E,空氣污染物申報-一般空氣污染物,粒狀污染物,,,2010,30.41
20844865,E,空氣污染物申報-一般空氣污染物,揮發性有機化合物,,,2010,49.544
22281617,E,空氣污染物申報-一般空氣污染物,氮氧化物,,,2010,8.489
22281617,E,空氣污染物申報-一般空氣污染物,硫氧化物,,,2010,12.42
22281617,E,空氣污染物申報-一般空氣污染物,揮發性有機化合物,,,2010,5.408
22318678,E,空氣污染物申報-一般空氣污染物,氮氧化物,,,2010,387.748
22318678,E,空氣污染物申報-一般空氣污染物,硫氧化物,,,2010,623.4300000000001
22318678,E,空氣污染物申報-一般空氣污染物,粒狀污染物,,,2010,51.855999999999995
22318678,E,空氣污染物申報-一般空氣污染物,揮發性有機化合物,,,2010,123.08600000000001
35894259,E,空氣污染物申報-一般空氣污染物,氮氧化物,,,2010,17.97
35894259,E,空氣污染物申報-一般空氣污染物,硫氧化物,,,2010,17.714
35894259,E,空氣污染物申報-一般空氣污染物,粒狀污染物,,,2010,4.001
35894259,E,空氣污染物申報-一般空氣污染物,揮發性有機化合物,,,2010,50.123
42818882,E,空氣污染物申報-一般空氣污染物,氮氧化物,,,2010,446.58799999999997
42818882,E,空氣污染物申報-一般空氣污染物,硫氧化物,,,2010,452.279
42818882,E,空氣污染物申報-一般空氣污染物,粒狀污染物,,,2010,14.48
42818882,E,空氣污染物申報-一般空氣污染物,揮發性有機化合物,,,2010,5.0520000000000005
51059101,E,空氣污染物申報-一般空氣污染物,氮氧化物,,,2010,5.281000000000001
51059101,E,空氣污染物申報-一般空氣污染物,硫氧化物,,,2010,7.228
51059101,E,空氣污染物申報-一般空氣污染物,粒狀污染物,,,2010,0.79
51059101,E,空氣污染物申報-一般空氣污染物,揮發性有機化合物,,,2010,357.76200000000006
57104700,E,空氣污染物申報-一般空氣污染物,氮氧化物,,,2010,38.917
57104700,E,空氣污染物申報-一般空氣污染物,硫氧化物,,,2010,39.417000000000016
57104700,E,空氣污染物申報-一般空氣污染物,粒狀污染物,,,2010,3.963
57104700,E,空氣污染物申報-一般空氣污染物,揮發性有機化合物,,,2010,2.6870000000000003
58650902,E,空氣污染物申報-一般空氣污染物,氮氧化物,,,2010,3803.818999999999
58650902,E,空氣污染物申報-一般空氣污染物,硫氧化物,,,2010,910.4950000000001
58650902,E,空氣污染物申報-一般空氣污染物,粒狀污染物,,,2010,227.458
58650902,E,空氣污染物申報-一般空氣污染物,揮發性有機化合物,,,2010,823.6670000000001
68192103,E,空氣污染物申報-一般空氣污染物,揮發性有機化合物,,,2010,19.397000000000006
72104709,E,空氣污染物申報-一般空氣污染物,氮氧化物,,,2010,12.511
72104709,E,空氣污染物申報-一般空氣污染物,硫氧化物,,,2010,17.062
72104709,E,空氣污染物申報-一般空氣污染物,粒狀污染物,,,2010,5.086
72104709,E,空氣污染物申報-一般空氣污染物,揮發性有機化合物,,,2010,81.472
75370905,E,空氣污染物申報-一般空氣污染物,氮氧化物,,,2010,3706.3290000000006
75370905,E,空氣污染物申報-一般空氣污染物,硫氧化物,,,2010,3185.2690000000002
75370905,E,空氣污染物申報-一般空氣污染物,粒狀污染物,,,2010,378.7889999999998
75370905,E,空氣污染物申報-一般空氣污染物,揮發性有機化合物,,,2010,3078.565999999999
75708007,E,空氣污染物申報-一般空氣污染物,氮氧化物,,,2010,2833.5180000000005
75708007,E,空氣污染物申報-一般空氣污染物,硫氧化物,,,2010,1515.288
75708007,E,空氣污染物申報-一般空氣污染物,粒狀污染物,,,2010,423.2509999999998
75708007,E,空氣污染物申報-一般空氣污染物,揮發性有機化合物,,,2010,538.178
83387850,E,空氣污染物申報-一般空氣污染物,氮氧化物,,,2010,75.18599999999999
83387850,E,空氣污染物申報-一般空氣污染物,硫氧化物,,,2010,102.732
83387850,E,空氣污染物申報-一般空氣污染物,粒狀污染物,,,2010,29.657000000000004
83387850,E,空氣污染物申報-一般空氣污染物,揮發性有機化合物,,,2010,341.371
86120031,E,空氣污染物申報-一般空氣污染物,氮氧化物,,,2010,301.08
86120031,E,空氣污染物申報-一般空氣污染物,硫氧化物,,,2010,413.1
86120031,E,空氣污染物申報-一般空氣污染物,粒狀污染物,,,2010,15.902000000000001
86120031,E,空氣污染物申報-一般空氣污染物,揮發性有機化合物,,,2010,440.469
86522210,E,空氣污染物申報-一般空氣污染物,氮氧化物,,,2010,8632.696
86522210,E,空氣污染物申報-一般空氣污染物,硫氧化物,,,2010,3248.676
86522210,E,空氣污染物申報-一般空氣污染物,粒狀污染物,,,2010,847.7220000000001
86522210,E,空氣污染物申報-一般空氣污染物,揮發性有機化合物,,,2010,1907.5089999999998
89323361,E,空氣污染物申報-一般空氣污染物,揮發性有機化合物,,,2010,1.501
03707901,E,空氣污染物申報-一般空氣污染物,氮氧化物,,,2010,5810.9969999999985
03707901,E,空氣污染物申報-一般空氣污染物,硫氧化物,,,2010,7248.786000000001
03707901,E,空氣污染物申報-一般空氣污染物,粒狀污染物,,,2010,543.882
03707901,E,空氣污染物申報-一般空氣污染物,揮發性有機化合物,,,2010,6693.144000000002
04212250,E,空氣污染物申報-一般空氣污染物,氮氧化物,,,2010,322.44899999999996
04212250,E,空氣污染物申報-一般空氣污染物,硫氧化物,,,2010,262.939
04212250,E,空氣污染物申報-一般空氣污染物,粒狀污染物,,,2010,51.717999999999996
04212250,E,空氣污染物申報-一般空氣污染物,揮發性有機化合物,,,2010,57.26899999999999
03084741,E,空氣污染物申報-一般空氣污染物,氮氧化物,,,2010,987.0269999999999
03084741,E,空氣污染物申報-一般空氣污染物,硫氧化物,,,2010,254.93799999999996
03084741,E,空氣污染物申報-一般空氣污染物,粒狀污染物,,,2010,112.577
03084741,E,空氣污染物申報-一般空氣污染物,揮發性有機化合物,,,2010,468.38100000000003
04748660,E,空氣污染物申報-一般空氣污染物,氮氧化物,,,2010,28.525000000000006
04748660,E,空氣污染物申報-一般空氣污染物,硫氧化物,,,2010,53.558
04748660,E,空氣污染物申報-一般空氣污染物,粒狀污染物,,,2010,7.993
04748660,E,空氣污染物申報-一般空氣污染物,揮發性有機化合物,,,2010,24.895999999999997
07147916,E,空氣污染物申報-一般空氣污染物,氮氧化物,,,2010,11.628
07147916,E,空氣污染物申報-一般空氣污染物,硫氧化物,,,2010,15.057
07147916,E,空氣污染物申報-一般空氣污染物,粒狀污染物,,,2010,3.3680000000000003
07147916,E,空氣污染物申報-一般空氣污染物,揮發性有機化合物,,,2010,102.934
11686106,E,空氣污染物申報-一般空氣污染物,氮氧化物,,,2011,42.337
11686106,E,空氣污染物申報-一般空氣污染物,硫氧化物,,,2011,51.312
11686106,E,空氣污染物申報-一般空氣污染物,粒狀污染物,,,2011,95.44200000000001
11686106,E,空氣污染物申報-一般空氣污染物,揮發性有機化合物,,,2011,67.47800000000001
11893409,E,空氣污染物申報-一般空氣污染物,氮氧化物,,,2011,20.652
11893409,E,空氣污染物申報-一般空氣污染物,硫氧化物,,,2011,19.029999999999998
11893409,E,空氣污染物申報-一般空氣污染物,粒狀污染物,,,2011,10.123999999999999
11893409,E,空氣污染物申報-一般空氣污染物,揮發性有機化合物,,,2011,28.64
11917107,E,空氣污染物申報-一般空氣污染物,氮氧化物,,,2011,24.453000000000003
11917107,E,空氣污染物申報-一般空氣污染物,硫氧化物,,,2011,37.004
11917107,E,空氣污染物申報-一般空氣污染物,粒狀污染物,,,2011,1.662
11917107,E,空氣污染物申報-一般空氣污染物,揮發性有機化合物,,,2011,44.379
12413104,E,空氣污染物申報-一般空氣污染物,氮氧化物,,,2011,0.02
12413104,E,空氣污染物申報-一般空氣污染物,硫氧化物,,,2011,0.028
12413104,E,空氣污染物申報-一般空氣污染物,粒狀污染物,,,2011,0.003
12413104,E,空氣污染物申報-一般空氣污染物,揮發性有機化合物,,,2011,4.651
14040691,E,空氣污染物申報-一般空氣污染物,氮氧化物,,,2011,259.779
14040691,E,空氣污染物申報-一般空氣污染物,硫氧化物,,,2011,255.08999999999997
14040691,E,空氣污染物申報-一般空氣污染物,粒狀污染物,,,2011,86.139
14040691,E,空氣污染物申報-一般空氣污染物,揮發性有機化合物,,,2011,130.73000000000002
15024509,E,空氣污染物申報-一般空氣污染物,氮氧化物,,,2011,32.327
15024509,E,空氣污染物申報-一般空氣污染物,硫氧化物,,,2011,33.905
15024509,E,空氣污染物申報-一般空氣污染物,粒狀污染物,,,2011,26.253
15024509,E,空氣污染物申報-一般空氣污染物,揮發性有機化合物,,,2011,38.84
19084015,E,空氣污染物申報-一般空氣污染物,氮氧化物,,,2011,95.582
19084015,E,空氣污染物申報-一般空氣污染物,硫氧化物,,,2011,67.771
19084015,E,空氣污染物申報-一般空氣污染物,粒狀污染物,,,2011,12.883000000000001
19084015,E,空氣污染物申報-一般空氣污染物,揮發性有機化合物,,,2011,15.1
20747385,E,空氣污染物申報-一般空氣污染物,氮氧化物,,,2011,2.5970000000000004
20747385,E,空氣污染物申報-一般空氣污染物,硫氧化物,,,2011,1.0870000000000002
20747385,E,空氣污染物申報-一般空氣污染物,粒狀污染物,,,2011,1.6620000000000001
20747385,E,空氣污染物申報-一般空氣污染物,揮發性有機化合物,,,2011,22.451
20844865,E,空氣污染物申報-一般空氣污染物,氮氧化物,,,2011,277.938
20844865,E,空氣污染物申報-一般空氣污染物,硫氧化物,,,2011,333.80199999999996
20844865,E,空氣污染物申報-一般空氣污染物,粒狀污染物,,,2011,24.227
20844865,E,空氣污染物申報-一般空氣污染物,揮發性有機化合物,,,2011,38.002
22281617,E,空氣污染物申報-一般空氣污染物,氮氧化物,,,2011,8.563999999999998
22281617,E,空氣污染物申報-一般空氣污染物,硫氧化物,,,2011,12.588000000000001
22281617,E,空氣污染物申報-一般空氣污染物,揮發性有機化合物,,,2011,5.045999999999999
22318678,E,空氣污染物申報-一般空氣污染物,氮氧化物,,,2011,394.634
22318678,E,空氣污染物申報-一般空氣污染物,硫氧化物,,,2011,636.172
22318678,E,空氣污染物申報-一般空氣污染物,粒狀污染物,,,2011,48.571
22318678,E,空氣污染物申報-一般空氣污染物,揮發性有機化合物,,,2011,166.56
35894259,E,空氣污染物申報-一般空氣污染物,氮氧化物,,,2011,16.812
35894259,E,空氣污染物申報-一般空氣污染物,硫氧化物,,,2011,19.696
35894259,E,空氣污染物申報-一般空氣污染物,粒狀污染物,,,2011,2.047
35894259,E,空氣污染物申報-一般空氣污染物,揮發性有機化合物,,,2011,34.215
42818882,E,空氣污染物申報-一般空氣污染物,氮氧化物,,,2011,500.038
42818882,E,空氣污染物申報-一般空氣污染物,硫氧化物,,,2011,625.53
42818882,E,空氣污染物申報-一般空氣污染物,粒狀污染物,,,2011,13.749999999999998
42818882,E,空氣污染物申報-一般空氣污染物,揮發性有機化合物,,,2011,5.475
51059101,E,空氣污染物申報-一般空氣污染物,氮氧化物,,,2011,4.041
51059101,E,空氣污染物申報-一般空氣污染物,硫氧化物,,,2011,5.716
51059101,E,空氣污染物申報-一般空氣污染物,粒狀污染物,,,2011,0.7809999999999999
51059101,E,空氣污染物申報-一般空氣污染物,揮發性有機化合物,,,2011,222.21399999999997
57104700,E,空氣污染物申報-一般空氣污染物,氮氧化物,,,2011,36.504999999999995
57104700,E,空氣污染物申報-一般空氣污染物,硫氧化物,,,2011,31.147
57104700,E,空氣污染物申報-一般空氣污染物,粒狀污染物,,,2011,3.468
57104700,E,空氣污染物申報-一般空氣污染物,揮發性有機化合物,,,2011,2.59
58650902,E,空氣污染物申報-一般空氣污染物,氮氧化物,,,2011,3080.939
58650902,E,空氣污染物申報-一般空氣污染物,硫氧化物,,,2011,863.8460000000001
58650902,E,空氣污染物申報-一般空氣污染物,粒狀污染物,,,2011,187.993
58650902,E,空氣污染物申報-一般空氣污染物,揮發性有機化合物,,,2011,803.38
68192103,E,空氣污染物申報-一般空氣污染物,揮發性有機化合物,,,2011,21.889
72104709,E,空氣污染物申報-一般空氣污染物,氮氧化物,,,2011,8.824000000000002
72104709,E,空氣污染物申報-一般空氣污染物,硫氧化物,,,2011,12.053000000000003
72104709,E,空氣污染物申報-一般空氣污染物,粒狀污染物,,,2011,4.0409999999999995
72104709,E,空氣污染物申報-一般空氣污染物,揮發性有機化合物,,,2011,52.326
75370905,E,空氣污染物申報-一般空氣污染物,氮氧化物,,,2011,3169.5779999999995
75370905,E,空氣污染物申報-一般空氣污染物,硫氧化物,,,2011,1284.152
75370905,E,空氣污染物申報-一般空氣污染物,粒狀污染物,,,2011,343.09700000000004
75370905,E,空氣污染物申報-一般空氣污染物,揮發性有機化合物,,,2011,2491.1579999999994
75708007,E,空氣污染物申報-一般空氣污染物,氮氧化物,,,2011,2842.9030000000002
75708007,E,空氣污染物申報-一般空氣污染物,硫氧化物,,,2011,1481.1099999999997
75708007,E,空氣污染物申報-一般空氣污染物,粒狀污染物,,,2011,400.75000000000017
75708007,E,空氣污染物申報-一般空氣污染物,揮發性有機化合物,,,2011,487.557
83387850,E,空氣污染物申報-一般空氣污染物,氮氧化物,,,2011,37.698
83387850,E,空氣污染物申報-一般空氣污染物,硫氧化物,,,2011,61.619
83387850,E,空氣污染物申報-一般空氣污染物,粒狀污染物,,,2011,16.974
83387850,E,空氣污染物申報-一般空氣污染物,揮發性有機化合物,,,2011,382.93
86120031,E,空氣污染物申報-一般空氣污染物,氮氧化物,,,2011,280.389
86120031,E,空氣污染物申報-一般空氣污染物,硫氧化物,,,2011,382.694
86120031,E,空氣污染物申報-一般空氣污染物,粒狀污染物,,,2011,22.589
86120031,E,空氣污染物申報-一般空氣污染物,揮發性有機化合物,,,2011,456.406
86522210,E,空氣污染物申報-一般空氣污染物,氮氧化物,,,2011,8169.162
86522210,E,空氣污染物申報-一般空氣污染物,硫氧化物,,,2011,3093.999
86522210,E,空氣污染物申報-一般空氣污染物,粒狀污染物,,,2011,667.5559999999999
86522210,E,空氣污染物申報-一般空氣污染物,揮發性有機化合物,,,2011,1892.6979999999999
89323361,E,空氣污染物申報-一般空氣污染物,揮發性有機化合物,,,2011,1.263
03707901,E,空氣污染物申報-一般空氣污染物,氮氧化物,,,2011,5363.448000000001
03707901,E,空氣污染物申報-一般空氣污染物,硫氧化物,,,2011,5217.191999999998
03707901,E,空氣污染物申報-一般空氣污染物,粒狀污染物,,,2011,757.5249999999997
03707901,E,空氣污染物申報-一般空氣污染物,揮發性有機化合物,,,2011,6862.577999999999
04212250,E,空氣污染物申報-一般空氣污染物,氮氧化物,,,2011,247.48600000000002
04212250,E,空氣污染物申報-一般空氣污染物,硫氧化物,,,2011,201.988
04212250,E,空氣污染物申報-一般空氣污染物,粒狀污染物,,,2011,19.448
04212250,E,空氣污染物申報-一般空氣污染物,揮發性有機化合物,,,2011,79.04299999999999
03084741,E,空氣污染物申報-一般空氣污染物,氮氧化物,,,2011,1047.675
03084741,E,空氣污染物申報-一般空氣污染物,硫氧化物,,,2011,314.29999999999995
03084741,E,空氣污染物申報-一般空氣污染物,粒狀污染物,,,2011,46.26599999999999
03084741,E,空氣污染物申報-一般空氣污染物,揮發性有機化合物,,,2011,506.29
04748660,E,空氣污染物申報-一般空氣污染物,氮氧化物,,,2011,23.976
04748660,E,空氣污染物申報-一般空氣污染物,硫氧化物,,,2011,30.836
04748660,E,空氣污染物申報-一般空氣污染物,粒狀污染物,,,2011,4.28
04748660,E,空氣污染物申報-一般空氣污染物,揮發性有機化合物,,,2011,23.735
07147916,E,空氣污染物申報-一般空氣污染物,氮氧化物,,,2011,9.621
07147916,E,空氣污染物申報-一般空氣污染物,硫氧化物,,,2011,14.290000000000001
07147916,E,空氣污染物申報-一般空氣污染物,粒狀污染物,,,2011,2.527
07147916,E,空氣污染物申報-一般空氣污染物,揮發性有機化合物,,,2011,60.00299999999999
11686106,E,空氣污染物申報-一般空氣污染物,氮氧化物,,,2012,29.104
11686106,E,空氣污染物申報-一般空氣污染物,硫氧化物,,,2012,44.394000000000005
11686106,E,空氣污染物申報-一般空氣污染物,粒狀污染物,,,2012,61.545
11686106,E,空氣污染物申報-一般空氣污染物,揮發性有機化合物,,,2012,66.42599999999999
11893409,E,空氣污染物申報-一般空氣污染物,氮氧化物,,,2012,14.724
11893409,E,空氣污染物申報-一般空氣污染物,硫氧化物,,,2012,18.558999999999997
11893409,E,空氣污染物申報-一般空氣污染物,粒狀污染物,,,2012,9.613000000000001
11893409,E,空氣污染物申報-一般空氣污染物,揮發性有機化合物,,,2012,30.032000000000004
11917107,E,空氣污染物申報-一般空氣污染物,氮氧化物,,,2012,12.221
11917107,E,空氣污染物申報-一般空氣污染物,硫氧化物,,,2012,36.393
11917107,E,空氣污染物申報-一般空氣污染物,粒狀污染物,,,2012,3.404
11917107,E,空氣污染物申報-一般空氣污染物,揮發性有機化合物,,,2012,47.739
12413104,E,空氣污染物申報-一般空氣污染物,揮發性有機化合物,,,2012,4.547000000000001
14040691,E,空氣污染物申報-一般空氣污染物,氮氧化物,,,2012,130.79999999999998
14040691,E,空氣污染物申報-一般空氣污染物,硫氧化物,,,2012,168.989
14040691,E,空氣污染物申報-一般空氣污染物,粒狀污染物,,,2012,63.74900000000001
14040691,E,空氣污染物申報-一般空氣污染物,揮發性有機化合物,,,2012,103.136
15024509,E,空氣污染物申報-一般空氣污染物,氮氧化物,,,2012,31.773
15024509,E,空氣污染物申報-一般空氣污染物,硫氧化物,,,2012,35.38
15024509,E,空氣污染物申報-一般空氣污染物,粒狀污染物,,,2012,24.177000000000003
15024509,E,空氣污染物申報-一般空氣污染物,揮發性有機化合物,,,2012,30.212000000000003
19084015,E,空氣污染物申報-一般空氣污染物,氮氧化物,,,2012,61.429
19084015,E,空氣污染物申報-一般空氣污染物,硫氧化物,,,2012,94.245
19084015,E,空氣污染物申報-一般空氣污染物,粒狀污染物,,,2012,8.959
19084015,E,空氣污染物申報-一般空氣污染物,揮發性有機化合物,,,2012,15.213000000000001
20747385,E,空氣污染物申報-一般空氣污染物,氮氧化物,,,2012,0.986
20747385,E,空氣污染物申報-一般空氣污染物,硫氧化物,,,2012,0.687
20747385,E,空氣污染物申報-一般空氣污染物,粒狀污染物,,,2012,1.046
20747385,E,空氣污染物申報-一般空氣污染物,揮發性有機化合物,,,2012,15.378
20844865,E,空氣污染物申報-一般空氣污染物,氮氧化物,,,2012,100.732
20844865,E,空氣污染物申報-一般空氣污染物,硫氧化物,,,2012,117.06299999999999
20844865,E,空氣污染物申報-一般空氣污染物,粒狀污染物,,,2012,8.925999999999998
20844865,E,空氣污染物申報-一般空氣污染物,揮發性有機化合物,,,2012,33.696
22281617,E,空氣污染物申報-一般空氣污染物,氮氧化物,,,2012,7.005
22281617,E,空氣污染物申報-一般空氣污染物,硫氧化物,,,2012,13.584999999999999
22281617,E,空氣污染物申報-一般空氣污染物,揮發性有機化合物,,,2012,5.268
22318678,E,空氣污染物申報-一般空氣污染物,氮氧化物,,,2012,165.63799999999998
22318678,E,空氣污染物申報-一般空氣污染物,硫氧化物,,,2012,329.89599999999996
22318678,E,空氣污染物申報-一般空氣污染物,粒狀污染物,,,2012,28.548000000000002
22318678,E,空氣污染物申報-一般空氣污染物,揮發性有機化合物,,,2012,208.578
35894259,E,空氣污染物申報-一般空氣污染物,氮氧化物,,,2012,9.689
35894259,E,空氣污染物申報-一般空氣污染物,硫氧化物,,,2012,9.338999999999999
35894259,E,空氣污染物申報-一般空氣污染物,粒狀污染物,,,2012,1.182
35894259,E,空氣污染物申報-一般空氣污染物,揮發性有機化合物,,,2012,35.226
42818882,E,空氣污染物申報-一般空氣污染物,氮氧化物,,,2012,306.59000000000003
42818882,E,空氣污染物申報-一般空氣污染物,硫氧化物,,,2012,120.53900000000002
42818882,E,空氣污染物申報-一般空氣污染物,粒狀污染物,,,2012,21.021
42818882,E,空氣污染物申報-一般空氣污染物,揮發性有機化合物,,,2012,5.273
51059101,E,空氣污染物申報-一般空氣污染物,氮氧化物,,,2012,2.736
51059101,E,空氣污染物申報-一般空氣污染物,硫氧化物,,,2012,5.123
51059101,E,空氣污染物申報-一般空氣污染物,粒狀污染物,,,2012,0.491
51059101,E,空氣污染物申報-一般空氣污染物,揮發性有機化合物,,,2012,257.039
57104700,E,空氣污染物申報-一般空氣污染物,氮氧化物,,,2012,27.164
57104700,E,空氣污染物申報-一般空氣污染物,硫氧化物,,,2012,30.349
57104700,E,空氣污染物申報-一般空氣污染物,粒狀污染物,,,2012,8.4
57104700,E,空氣污染物申報-一般空氣污染物,揮發性有機化合物,,,2012,2.296
58650902,E,空氣污染物申報-一般空氣污染物,氮氧化物,,,2012,1847.5420000000001
58650902,E,空氣污染物申報-一般空氣污染物,硫氧化物,,,2012,688.896
58650902,E,空氣污染物申報-一般空氣污染物,粒狀污染物,,,2012,185.017
58650902,E,空氣污染物申報-一般空氣污染物,揮發性有機化合物,,,2012,815.162
68192103,E,空氣污染物申報-一般空氣污染物,揮發性有機化合物,,,2012,18.529
72104709,E,空氣污染物申報-一般空氣污染物,氮氧化物,,,2012,3.306
72104709,E,空氣污染物申報-一般空氣污染物,硫氧化物,,,2012,8.181000000000001
72104709,E,空氣污染物申報-一般空氣污染物,粒狀污染物,,,2012,2.5119999999999996
72104709,E,空氣污染物申報-一般空氣污染物,揮發性有機化合物,,,2012,33.765
75370905,E,空氣污染物申報-一般空氣污染物,氮氧化物,,,2012,2915.6850000000004
75370905,E,空氣污染物申報-一般空氣污染物,硫氧化物,,,2012,750.18
75370905,E,空氣污染物申報-一般空氣污染物,粒狀污染物,,,2012,308.13100000000003
75370905,E,空氣污染物申報-一般空氣污染物,揮發性有機化合物,,,2012,2521.583
75708007,E,空氣污染物申報-一般空氣污染物,氮氧化物,,,2012,1938.145
75708007,E,空氣污染物申報-一般空氣污染物,硫氧化物,,,2012,1264.2809999999997
75708007,E,空氣污染物申報-一般空氣污染物,粒狀污染物,,,2012,392.28
75708007,E,空氣污染物申報-一般空氣污染物,揮發性有機化合物,,,2012,487.40400000000005
83387850,E,空氣污染物申報-一般空氣污染物,氮氧化物,,,2012,17.234
83387850,E,空氣污染物申報-一般空氣污染物,硫氧化物,,,2012,76.716
83387850,E,空氣污染物申報-一般空氣污染物,粒狀污染物,,,2012,14.334
83387850,E,空氣污染物申報-一般空氣污染物,揮發性有機化合物,,,2012,356.769
86120031,E,空氣污染物申報-一般空氣污染物,氮氧化物,,,2012,126.466
86120031,E,空氣污染物申報-一般空氣污染物,硫氧化物,,,2012,364.311
86120031,E,空氣污染物申報-一般空氣污染物,粒狀污染物,,,2012,16.813000000000002
86120031,E,空氣污染物申報-一般空氣污染物,揮發性有機化合物,,,2012,620.551
86522210,E,空氣污染物申報-一般空氣污染物,氮氧化物,,,2012,6444.957
86522210,E,空氣污染物申報-一般空氣污染物,硫氧化物,,,2012,10713.823999999995
86522210,E,空氣污染物申報-一般空氣污染物,粒狀污染物,,,2012,712.5589999999999
86522210,E,空氣污染物申報-一般空氣污染物,揮發性有機化合物,,,2012,1829.89
89323361,E,空氣污染物申報-一般空氣污染物,揮發性有機化合物,,,2012,1.311
03707901,E,空氣污染物申報-一般空氣污染物,氮氧化物,,,2012,5325.944
03707901,E,空氣污染物申報-一般空氣污染物,硫氧化物,,,2012,4508.464
03707901,E,空氣污染物申報-一般空氣污染物,粒狀污染物,,,2012,622.618
03707901,E,空氣污染物申報-一般空氣污染物,揮發性有機化合物,,,2012,6154.772
04212250,E,空氣污染物申報-一般空氣污染物,氮氧化物,,,2012,135.409
04212250,E,空氣污染物申報-一般空氣污染物,硫氧化物,,,2012,188.697
04212250,E,空氣污染物申報-一般空氣污染物,粒狀污染物,,,2012,22.912
04212250,E,空氣污染物申報-一般空氣污染物,揮發性有機化合物,,,2012,110.25399999999999
03084741,E,空氣污染物申報-一般空氣污染物,氮氧化物,,,2012,635.559
03084741,E,空氣污染物申報-一般空氣污染物,硫氧化物,,,2012,188.374
03084741,E,空氣污染物申報-一般空氣污染物,粒狀污染物,,,2012,63.98599999999999
03084741,E,空氣污染物申報-一般空氣污染物,揮發性有機化合物,,,2012,441.5210000000001
04748660,E,空氣污染物申報-一般空氣污染物,氮氧化物,,,2012,9.299
04748660,E,空氣污染物申報-一般空氣污染物,硫氧化物,,,2012,17.07
04748660,E,空氣污染物申報-一般空氣污染物,粒狀污染物,,,2012,4.766
04748660,E,空氣污染物申報-一般空氣污染物,揮發性有機化合物,,,2012,26.807999999999996
07147916,E,空氣污染物申報-一般空氣污染物,氮氧化物,,,2012,8.963999999999999
07147916,E,空氣污染物申報-一般空氣污染物,硫氧化物,,,2012,12.410000000000002
07147916,E,空氣污染物申報-一般空氣污染物,粒狀污染物,,,2012,1.951
07147916,E,空氣污染物申報-一般空氣污染物,揮發性有機化合物,,,2012,42.465999999999994
11686106,E,空氣污染物申報-一般空氣污染物,氮氧化物,,,2013,6.814
11686106,E,空氣污染物申報-一般空氣污染物,硫氧化物,,,2013,38.556000000000004
11686106,E,空氣污染物申報-一般空氣污染物,粒狀污染物,,,2013,29.648999999999997
11686106,E,空氣污染物申報-一般空氣污染物,揮發性有機化合物,,,2013,64.87
11893409,E,空氣污染物申報-一般空氣污染物,氮氧化物,,,2013,10.174
11893409,E,空氣污染物申報-一般空氣污染物,硫氧化物,,,2013,20.731
11893409,E,空氣污染物申報-一般空氣污染物,粒狀污染物,,,2013,12.541
11893409,E,空氣污染物申報-一般空氣污染物,揮發性有機化合物,,,2013,29.746999999999996
11917107,E,空氣污染物申報-一般空氣污染物,硫氧化物,,,2013,37.407
11917107,E,空氣污染物申報-一般空氣污染物,粒狀污染物,,,2013,3.42
11917107,E,空氣污染物申報-一般空氣污染物,揮發性有機化合物,,,2013,50.147000000000006
12413104,E,空氣污染物申報-一般空氣污染物,揮發性有機化合物,,,2013,5.3709999999999996
14040691,E,空氣污染物申報-一般空氣污染物,硫氧化物,,,2013,16.732
14040691,E,空氣污染物申報-一般空氣污染物,粒狀污染物,,,2013,11.582999999999998
14040691,E,空氣污染物申報-一般空氣污染物,揮發性有機化合物,,,2013,34.482
15024509,E,空氣污染物申報-一般空氣污染物,氮氧化物,,,2013,28.657999999999998
15024509,E,空氣污染物申報-一般空氣污染物,硫氧化物,,,2013,34.097
15024509,E,空氣污染物申報-一般空氣污染物,粒狀污染物,,,2013,25.179000000000002
15024509,E,空氣污染物申報-一般空氣污染物,揮發性有機化合物,,,2013,34.946
19084015,E,空氣污染物申報-一般空氣污染物,硫氧化物,,,2013,88.506
19084015,E,空氣污染物申報-一般空氣污染物,粒狀污染物,,,2013,8.525
19084015,E,空氣污染物申報-一般空氣污染物,揮發性有機化合物,,,2013,33.327
20747385,E,空氣污染物申報-一般空氣污染物,硫氧化物,,,2013,0.764
20747385,E,空氣污染物申報-一般空氣污染物,粒狀污染物,,,2013,0.976
20747385,E,空氣污染物申報-一般空氣污染物,揮發性有機化合物,,,2013,16.953
20844865,E,空氣污染物申報-一般空氣污染物,硫氧化物,,,2013,225.876
20844865,E,空氣污染物申報-一般空氣污染物,粒狀污染物,,,2013,14.187
20844865,E,空氣污染物申報-一般空氣污染物,揮發性有機化合物,,,2013,26.668999999999997
22281617,E,空氣污染物申報-一般空氣污染物,硫氧化物,,,2013,13.074
22281617,E,空氣污染物申報-一般空氣污染物,揮發性有機化合物,,,2013,4.901999999999999
22318678,E,空氣污染物申報-一般空氣污染物,氮氧化物,,,2013,110.91900000000001
22318678,E,空氣污染物申報-一般空氣污染物,硫氧化物,,,2013,152.38
22318678,E,空氣污染物申報-一般空氣污染物,粒狀污染物,,,2013,16.029
22318678,E,空氣污染物申報-一般空氣污染物,揮發性有機化合物,,,2013,146.916
35894259,E,空氣污染物申報-一般空氣污染物,硫氧化物,,,2013,2.7889999999999997
35894259,E,空氣污染物申報-一般空氣污染物,粒狀污染物,,,2013,2.42
35894259,E,空氣污染物申報-一般空氣污染物,揮發性有機化合物,,,2013,33.447
42818882,E,空氣污染物申報-一般空氣污染物,氮氧化物,,,2013,338.846
42818882,E,空氣污染物申報-一般空氣污染物,硫氧化物,,,2013,161.89100000000002
42818882,E,空氣污染物申報-一般空氣污染物,粒狀污染物,,,2013,21.328
42818882,E,空氣污染物申報-一般空氣污染物,揮發性有機化合物,,,2013,4.938000000000001
51059101,E,空氣污染物申報-一般空氣污染物,氮氧化物,,,2013,0.132
51059101,E,空氣污染物申報-一般空氣污染物,硫氧化物,,,2013,4.898
51059101,E,空氣污染物申報-一般空氣污染物,粒狀污染物,,,2013,0.494
51059101,E,空氣污染物申報-一般空氣污染物,揮發性有機化合物,,,2013,443.184
57104700,E,空氣污染物申報-一般空氣污染物,氮氧化物,,,2013,1.051
57104700,E,空氣污染物申報-一般空氣污染物,硫氧化物,,,2013,34.248000000000005
57104700,E,空氣污染物申報-一般空氣污染物,粒狀污染物,,,2013,7.8229999999999995
57104700,E,空氣污染物申報-一般空氣污染物,揮發性有機化合物,,,2013,1.726
58650902,E,空氣污染物申報-一般空氣污染物,氮氧化物,,,2013,559.914
58650902,E,空氣污染物申報-一般空氣污染物,硫氧化物,,,2013,777.524
58650902,E,空氣污染物申報-一般空氣污染物,粒狀污染物,,,2013,178.62099999999998
58650902,E,空氣污染物申報-一般空氣污染物,揮發性有機化合物,,,2013,833.796
68192103,E,空氣污染物申報-一般空氣污染物,揮發性有機化合物,,,2013,19.041999999999994
72104709,E,空氣污染物申報-一般空氣污染物,硫氧化物,,,2013,6.031000000000001
72104709,E,空氣污染物申報-一般空氣污染物,粒狀污染物,,,2013,2.247
72104709,E,空氣污染物申報-一般空氣污染物,揮發性有機化合物,,,2013,25.538000000000004
75370905,E,空氣污染物申報-一般空氣污染物,氮氧化物,,,2013,2057.9260000000004
75370905,E,空氣污染物申報-一般空氣污染物,硫氧化物,,,2013,725.86
75370905,E,空氣污染物申報-一般空氣污染物,粒狀污染物,,,2013,295.81199999999995
75370905,E,空氣污染物申報-一般空氣污染物,揮發性有機化合物,,,2013,2352.8589999999995
75708007,E,空氣污染物申報-一般空氣污染物,氮氧化物,,,2013,147.033
75708007,E,空氣污染物申報-一般空氣污染物,硫氧化物,,,2013,1435.3179999999998
75708007,E,空氣污染物申報-一般空氣污染物,粒狀污染物,,,2013,443.951
75708007,E,空氣污染物申報-一般空氣污染物,揮發性有機化合物,,,2013,499.7440000000001
83387850,E,空氣污染物申報-一般空氣污染物,硫氧化物,,,2013,122.018
83387850,E,空氣污染物申報-一般空氣污染物,粒狀污染物,,,2013,25.642
83387850,E,空氣污染物申報-一般空氣污染物,揮發性有機化合物,,,2013,259.133
86120031,E,空氣污染物申報-一般空氣污染物,硫氧化物,,,2013,498.063
86120031,E,空氣污染物申報-一般空氣污染物,粒狀污染物,,,2013,21.189
86120031,E,空氣污染物申報-一般空氣污染物,揮發性有機化合物,,,2013,475.022
86522210,E,空氣污染物申報-一般空氣污染物,硫氧化物,,,2013,12759.152
86522210,E,空氣污染物申報-一般空氣污染物,粒狀污染物,,,2013,785.2930000000001
86522210,E,空氣污染物申報-一般空氣污染物,揮發性有機化合物,,,2013,1881.311
89323361,E,空氣污染物申報-一般空氣污染物,揮發性有機化合物,,,2013,1.4640000000000002
03707901,E,空氣污染物申報-一般空氣污染物,氮氧化物,,,2013,5534.2480000000005
03707901,E,空氣污染物申報-一般空氣污染物,硫氧化物,,,2013,3638.7470000000008
03707901,E,空氣污染物申報-一般空氣污染物,粒狀污染物,,,2013,474.33799999999997
03707901,E,空氣污染物申報-一般空氣污染物,揮發性有機化合物,,,2013,5756.233
04212250,E,空氣污染物申報-一般空氣污染物,硫氧化物,,,2013,167.01700000000002
04212250,E,空氣污染物申報-一般空氣污染物,粒狀污染物,,,2013,20.579
04212250,E,空氣污染物申報-一般空氣污染物,揮發性有機化合物,,,2013,108.67799999999998
03084741,E,空氣污染物申報-一般空氣污染物,氮氧化物,,,2013,300.52399999999994
03084741,E,空氣污染物申報-一般空氣污染物,硫氧化物,,,2013,158.483
03084741,E,空氣污染物申報-一般空氣污染物,粒狀污染物,,,2013,30.541
03084741,E,空氣污染物申報-一般空氣污染物,揮發性有機化合物,,,2013,329.491
04748660,E,空氣污染物申報-一般空氣污染物,硫氧化物,,,2013,12.558000000000002
04748660,E,空氣污染物申報-一般空氣污染物,粒狀污染物,,,2013,6.735
04748660,E,空氣污染物申報-一般空氣污染物,揮發性有機化合物,,,2013,29.331999999999997
07147916,E,空氣污染物申報-一般空氣污染物,氮氧化物,,,2013,10.126999999999999
07147916,E,空氣污染物申報-一般空氣污染物,硫氧化物,,,2013,14.348
07147916,E,空氣污染物申報-一般空氣污染物,粒狀污染物,,,2013,1.9260000000000002
07147916,E,空氣污染物申報-一般空氣污染物,揮發性有機化合物,,,2013,143.785
11455800,E,空氣污染物申報-一般空氣污染物,氮氧化物,,,2014,0.29100000000000004
11455800,E,空氣污染物申報-一般空氣污染物,硫氧化物,,,2014,0.40800000000000003
11455800,E,空氣污染物申報-一般空氣污染物,揮發性有機化合物,,,2014,19.929000000000002
11686106,E,空氣污染物申報-一般空氣污染物,氮氧化物,,,2014,36.129999999999995
11686106,E,空氣污染物申報-一般空氣污染物,硫氧化物,,,2014,41.22
11686106,E,空氣污染物申報-一般空氣污染物,粒狀污染物,,,2014,26.994999999999997
11686106,E,空氣污染物申報-一般空氣污染物,揮發性有機化合物,,,2014,62.60499999999999
11893409,E,空氣污染物申報-一般空氣污染物,氮氧化物,,,2014,25.977000000000004
11893409,E,空氣污染物申報-一般空氣污染物,硫氧化物,,,2014,22.000999999999998
11893409,E,空氣污染物申報-一般空氣污染物,粒狀污染物,,,2014,16.65
11893409,E,空氣污染物申報-一般空氣污染物,揮發性有機化合物,,,2014,38.721999999999994
11917107,E,空氣污染物申報-一般空氣污染物,氮氧化物,,,2014,28.816
11917107,E,空氣污染物申報-一般空氣污染物,硫氧化物,,,2014,39.303
11917107,E,空氣污染物申報-一般空氣污染物,粒狀污染物,,,2014,3.637
11917107,E,空氣污染物申報-一般空氣污染物,揮發性有機化合物,,,2014,66.506
12413104,E,空氣污染物申報-一般空氣污染物,揮發性有機化合物,,,2014,5.164999999999999
14040691,E,空氣污染物申報-一般空氣污染物,氮氧化物,,,2014,24.927
14040691,E,空氣污染物申報-一般空氣污染物,硫氧化物,,,2014,0.011
14040691,E,空氣污染物申報-一般空氣污染物,粒狀污染物,,,2014,0.836
14040691,E,空氣污染物申報-一般空氣污染物,揮發性有機化合物,,,2014,24.816
15024509,E,空氣污染物申報-一般空氣污染物,氮氧化物,,,2014,31.121000000000002
15024509,E,空氣污染物申報-一般空氣污染物,硫氧化物,,,2014,37.489
15024509,E,空氣污染物申報-一般空氣污染物,粒狀污染物,,,2014,23.476000000000003
15024509,E,空氣污染物申報-一般空氣污染物,揮發性有機化合物,,,2014,37.388999999999996
19084015,E,空氣污染物申報-一般空氣污染物,氮氧化物,,,2014,97.863
19084015,E,空氣污染物申報-一般空氣污染物,硫氧化物,,,2014,76.84
19084015,E,空氣污染物申報-一般空氣污染物,粒狀污染物,,,2014,7.569000000000001
19084015,E,空氣污染物申報-一般空氣污染物,揮發性有機化合物,,,2014,30.973999999999997
20747385,E,空氣污染物申報-一般空氣污染物,氮氧化物,,,2014,5.236000000000001
20747385,E,空氣污染物申報-一般空氣污染物,硫氧化物,,,2014,0.798
20747385,E,空氣污染物申報-一般空氣污染物,粒狀污染物,,,2014,3.03
20747385,E,空氣污染物申報-一般空氣污染物,揮發性有機化合物,,,2014,34.817
20844865,E,空氣污染物申報-一般空氣污染物,氮氧化物,,,2014,219.97500000000002
20844865,E,空氣污染物申報-一般空氣污染物,硫氧化物,,,2014,235.106
20844865,E,空氣污染物申報-一般空氣污染物,粒狀污染物,,,2014,26.003
20844865,E,空氣污染物申報-一般空氣污染物,揮發性有機化合物,,,2014,5.474
22281617,E,空氣污染物申報-一般空氣污染物,氮氧化物,,,2014,7.741999999999999
22281617,E,空氣污染物申報-一般空氣污染物,硫氧化物,,,2014,10.372
22281617,E,空氣污染物申報-一般空氣污染物,揮發性有機化合物,,,2014,5.49
22318678,E,空氣污染物申報-一般空氣污染物,氮氧化物,,,2014,85.23799999999999
22318678,E,空氣污染物申報-一般空氣污染物,硫氧化物,,,2014,109.389
22318678,E,空氣污染物申報-一般空氣污染物,粒狀污染物,,,2014,0.428
22318678,E,空氣污染物申報-一般空氣污染物,揮發性有機化合物,,,2014,155.80100000000002
35894259,E,空氣污染物申報-一般空氣污染物,氮氧化物,,,2014,15.511
35894259,E,空氣污染物申報-一般空氣污染物,硫氧化物,,,2014,2.63
35894259,E,空氣污染物申報-一般空氣污染物,粒狀污染物,,,2014,1.833
35894259,E,空氣污染物申報-一般空氣污染物,揮發性有機化合物,,,2014,47.27000000000001
42818882,E,空氣污染物申報-一般空氣污染物,氮氧化物,,,2014,391.712
42818882,E,空氣污染物申報-一般空氣污染物,硫氧化物,,,2014,165.19400000000002
42818882,E,空氣污染物申報-一般空氣污染物,粒狀污染物,,,2014,20.372
42818882,E,空氣污染物申報-一般空氣污染物,揮發性有機化合物,,,2014,5.112
51059101,E,空氣污染物申報-一般空氣污染物,氮氧化物,,,2014,3.949
51059101,E,空氣污染物申報-一般空氣污染物,硫氧化物,,,2014,5.531
51059101,E,空氣污染物申報-一般空氣污染物,粒狀污染物,,,2014,0.42899999999999994
51059101,E,空氣污染物申報-一般空氣污染物,揮發性有機化合物,,,2014,403.42900000000003
57104700,E,空氣污染物申報-一般空氣污染物,氮氧化物,,,2014,27.038
57104700,E,空氣污染物申報-一般空氣污染物,硫氧化物,,,2014,31.209
57104700,E,空氣污染物申報-一般空氣污染物,粒狀污染物,,,2014,7.1899999999999995
57104700,E,空氣污染物申報-一般空氣污染物,揮發性有機化合物,,,2014,1.1249999999999998
58650902,E,空氣污染物申報-一般空氣污染物,氮氧化物,,,2014,2700.5
58650902,E,空氣污染物申報-一般空氣污染物,硫氧化物,,,2014,809.5210000000002
58650902,E,空氣污染物申報-一般空氣污染物,粒狀污染物,,,2014,167.869
58650902,E,空氣污染物申報-一般空氣污染物,揮發性有機化合物,,,2014,783.1150000000001
68192103,E,空氣污染物申報-一般空氣污染物,揮發性有機化合物,,,2014,13.763
72104709,E,空氣污染物申報-一般空氣污染物,氮氧化物,,,2014,4.462000000000001
72104709,E,空氣污染物申報-一般空氣污染物,硫氧化物,,,2014,6.388000000000001
72104709,E,空氣污染物申報-一般空氣污染物,粒狀污染物,,,2014,2.1950000000000003
72104709,E,空氣污染物申報-一般空氣污染物,揮發性有機化合物,,,2014,23.947999999999997
73644351,E,空氣污染物申報-一般空氣污染物,揮發性有機化合物,,,2014,2.725
75370905,E,空氣污染物申報-一般空氣污染物,氮氧化物,,,2014,2586.91
75370905,E,空氣污染物申報-一般空氣污染物,硫氧化物,,,2014,640.6970000000002
75370905,E,空氣污染物申報-一般空氣污染物,粒狀污染物,,,2014,280.77600000000007
75370905,E,空氣污染物申報-一般空氣污染物,揮發性有機化合物,,,2014,2698.300999999999
75708007,E,空氣污染物申報-一般空氣污染物,氮氧化物,,,2014,2916.436
75708007,E,空氣污染物申報-一般空氣污染物,硫氧化物,,,2014,1160.379
75708007,E,空氣污染物申報-一般空氣污染物,粒狀污染物,,,2014,482.92199999999997
75708007,E,空氣污染物申報-一般空氣污染物,揮發性有機化合物,,,2014,523.5280000000004
83387850,E,空氣污染物申報-一般空氣污染物,氮氧化物,,,2014,54.446
83387850,E,空氣污染物申報-一般空氣污染物,硫氧化物,,,2014,54.53999999999999
83387850,E,空氣污染物申報-一般空氣污染物,粒狀污染物,,,2014,32.612
83387850,E,空氣污染物申報-一般空氣污染物,揮發性有機化合物,,,2014,416.146
86120031,E,空氣污染物申報-一般空氣污染物,氮氧化物,,,2014,298.162
86120031,E,空氣污染物申報-一般空氣污染物,硫氧化物,,,2014,451.71799999999996
86120031,E,空氣污染物申報-一般空氣污染物,粒狀污染物,,,2014,43.05200000000001
86120031,E,空氣污染物申報-一般空氣污染物,揮發性有機化合物,,,2014,479.222
86522210,E,空氣污染物申報-一般空氣污染物,氮氧化物,,,2014,9233.824999999999
86522210,E,空氣污染物申報-一般空氣污染物,硫氧化物,,,2014,3631.6009999999997
86522210,E,空氣污染物申報-一般空氣污染物,粒狀污染物,,,2014,756.4150000000001
86522210,E,空氣污染物申報-一般空氣污染物,揮發性有機化合物,,,2014,1606.678
89323361,E,空氣污染物申報-一般空氣污染物,揮發性有機化合物,,,2014,0.636
03084741,E,空氣污染物申報-一般空氣污染物,氮氧化物,,,2014,907.9920000000001
03084741,E,空氣污染物申報-一般空氣污染物,硫氧化物,,,2014,169.327
03084741,E,空氣污染物申報-一般空氣污染物,粒狀污染物,,,2014,22.509000000000004
03084741,E,空氣污染物申報-一般空氣污染物,揮發性有機化合物,,,2014,557.0429999999999
03707901,E,空氣污染物申報-一般空氣污染物,氮氧化物,,,2014,5718.249999999999
03707901,E,空氣污染物申報-一般空氣污染物,硫氧化物,,,2014,2533.4350000000004
03707901,E,空氣污染物申報-一般空氣污染物,粒狀污染物,,,2014,277.968
03707901,E,空氣污染物申報-一般空氣污染物,揮發性有機化合物,,,2014,5685.6280000000015
04212250,E,空氣污染物申報-一般空氣污染物,氮氧化物,,,2014,186.91
04212250,E,空氣污染物申報-一般空氣污染物,硫氧化物,,,2014,157.671
04212250,E,空氣污染物申報-一般空氣污染物,粒狀污染物,,,2014,13.866
04212250,E,空氣污染物申報-一般空氣污染物,揮發性有機化合物,,,2014,90.96400000000001
04748660,E,空氣污染物申報-一般空氣污染物,氮氧化物,,,2014,21.858
04748660,E,空氣污染物申報-一般空氣污染物,硫氧化物,,,2014,16.926000000000002
04748660,E,空氣污染物申報-一般空氣污染物,粒狀污染物,,,2014,5.431
04748660,E,空氣污染物申報-一般空氣污染物,揮發性有機化合物,,,2014,29.669
07147916,E,空氣污染物申報-一般空氣污染物,氮氧化物,,,2014,11.366000000000001
07147916,E,空氣污染物申報-一般空氣污染物,硫氧化物,,,2014,15.75
07147916,E,空氣污染物申報-一般空氣污染物,粒狀污染物,,,2014,2.238
07147916,E,空氣污染物申報-一般空氣污染物,揮發性有機化合物,,,2014,349.233
11455800,E,空氣污染物申報-一般空氣污染物,氮氧化物,,,2015,0.327
11455800,E,空氣污染物申報-一般空氣污染物,硫氧化物,,,2015,0.44799999999999995
11455800,E,空氣污染物申報-一般空氣污染物,揮發性有機化合物,,,2015,35.234
11686106,E,空氣污染物申報-一般空氣污染物,氮氧化物,,,2015,25.445999999999998
11686106,E,空氣污染物申報-一般空氣污染物,硫氧化物,,,2015,28.701
11686106,E,空氣污染物申報-一般空氣污染物,粒狀污染物,,,2015,26.959
11686106,E,空氣污染物申報-一般空氣污染物,揮發性有機化合物,,,2015,91.614
11893409,E,空氣污染物申報-一般空氣污染物,氮氧化物,,,2015,29.718999999999998
11893409,E,空氣污染物申報-一般空氣污染物,硫氧化物,,,2015,24.821
11893409,E,空氣污染物申報-一般空氣污染物,粒狀污染物,,,2015,15.245999999999999
11893409,E,空氣污染物申報-一般空氣污染物,揮發性有機化合物,,,2015,42.166999999999994
11917107,E,空氣污染物申報-一般空氣污染物,氮氧化物,,,2015,33.913
11917107,E,空氣污染物申報-一般空氣污染物,硫氧化物,,,2015,38.815999999999995
11917107,E,空氣污染物申報-一般空氣污染物,粒狀污染物,,,2015,3.854
11917107,E,空氣污染物申報-一般空氣污染物,揮發性有機化合物,,,2015,55.29
12413104,E,空氣污染物申報-一般空氣污染物,揮發性有機化合物,,,2015,5.734
14040691,E,空氣污染物申報-一般空氣污染物,氮氧化物,,,2015,19.994
14040691,E,空氣污染物申報-一般空氣污染物,硫氧化物,,,2015,0.007
14040691,E,空氣污染物申報-一般空氣污染物,粒狀污染物,,,2015,0.355
14040691,E,空氣污染物申報-一般空氣污染物,揮發性有機化合物,,,2015,26.147
15024509,E,空氣污染物申報-一般空氣污染物,氮氧化物,,,2015,16.971
15024509,E,空氣污染物申報-一般空氣污染物,硫氧化物,,,2015,20.267000000000003
15024509,E,空氣污染物申報-一般空氣污染物,粒狀污染物,,,2015,17.387999999999998
15024509,E,空氣污染物申報-一般空氣污染物,揮發性有機化合物,,,2015,47.29399999999999
19084015,E,空氣污染物申報-一般空氣污染物,氮氧化物,,,2015,46.156
19084015,E,空氣污染物申報-一般空氣污染物,硫氧化物,,,2015,11.911000000000001
19084015,E,空氣污染物申報-一般空氣污染物,粒狀污染物,,,2015,3.744
19084015,E,空氣污染物申報-一般空氣污染物,揮發性有機化合物,,,2015,25.133
20747385,E,空氣污染物申報-一般空氣污染物,氮氧化物,,,2015,8.5
20747385,E,空氣污染物申報-一般空氣污染物,硫氧化物,,,2015,0.8799999999999999
20747385,E,空氣污染物申報-一般空氣污染物,粒狀污染物,,,2015,3.9829999999999997
20747385,E,空氣污染物申報-一般空氣污染物,揮發性有機化合物,,,2015,41.863
20844865,E,空氣污染物申報-一般空氣污染物,氮氧化物,,,2015,127.189
20844865,E,空氣污染物申報-一般空氣污染物,硫氧化物,,,2015,32.845
20844865,E,空氣污染物申報-一般空氣污染物,粒狀污染物,,,2015,7.3950000000000005
20844865,E,空氣污染物申報-一般空氣污染物,揮發性有機化合物,,,2015,5.686
22281617,E,空氣污染物申報-一般空氣污染物,氮氧化物,,,2015,3.0200000000000005
22281617,E,空氣污染物申報-一般空氣污染物,揮發性有機化合物,,,2015,5.087
22318678,E,空氣污染物申報-一般空氣污染物,氮氧化物,,,2015,115.58099999999999
22318678,E,空氣污染物申報-一般空氣污染物,硫氧化物,,,2015,107.50800000000001
22318678,E,空氣污染物申報-一般空氣污染物,粒狀污染物,,,2015,3.125
22318678,E,空氣污染物申報-一般空氣污染物,揮發性有機化合物,,,2015,165.30599999999998
35894259,E,空氣污染物申報-一般空氣污染物,氮氧化物,,,2015,13.568000000000001
35894259,E,空氣污染物申報-一般空氣污染物,硫氧化物,,,2015,2.383
35894259,E,空氣污染物申報-一般空氣污染物,粒狀污染物,,,2015,4.641
35894259,E,空氣污染物申報-一般空氣污染物,揮發性有機化合物,,,2015,50.75000000000001
42818882,E,空氣污染物申報-一般空氣污染物,氮氧化物,,,2015,331.15
42818882,E,空氣污染物申報-一般空氣污染物,硫氧化物,,,2015,178.434
42818882,E,空氣污染物申報-一般空氣污染物,粒狀污染物,,,2015,29.924
42818882,E,空氣污染物申報-一般空氣污染物,揮發性有機化合物,,,2015,4.659
51059101,E,空氣污染物申報-一般空氣污染物,氮氧化物,,,2015,3.8649999999999998
51059101,E,空氣污染物申報-一般空氣污染物,硫氧化物,,,2015,5.506
51059101,E,空氣污染物申報-一般空氣污染物,粒狀污染物,,,2015,0.34400000000000003
51059101,E,空氣污染物申報-一般空氣污染物,揮發性有機化合物,,,2015,453.496
57104700,E,空氣污染物申報-一般空氣污染物,氮氧化物,,,2015,29.383
57104700,E,空氣污染物申報-一般空氣污染物,硫氧化物,,,2015,30.514
57104700,E,空氣污染物申報-一般空氣污染物,粒狀污染物,,,2015,4.7829999999999995
57104700,E,空氣污染物申報-一般空氣污染物,揮發性有機化合物,,,2015,2.293
58650902,E,空氣污染物申報-一般空氣污染物,氮氧化物,,,2015,2268.4319999999993
58650902,E,空氣污染物申報-一般空氣污染物,硫氧化物,,,2015,610.161
58650902,E,空氣污染物申報-一般空氣污染物,粒狀污染物,,,2015,180.605
58650902,E,空氣污染物申報-一般空氣污染物,揮發性有機化合物,,,2015,690.3520000000001
68192103,E,空氣污染物申報-一般空氣污染物,揮發性有機化合物,,,2015,16.065
72104709,E,空氣污染物申報-一般空氣污染物,氮氧化物,,,2015,4.307
72104709,E,空氣污染物申報-一般空氣污染物,硫氧化物,,,2015,6.226
72104709,E,空氣污染物申報-一般空氣污染物,粒狀污染物,,,2015,1.904
72104709,E,空氣污染物申報-一般空氣污染物,揮發性有機化合物,,,2015,28.605
73644351,E,空氣污染物申報-一般空氣污染物,揮發性有機化合物,,,2015,3.942
75370905,E,空氣污染物申報-一般空氣污染物,氮氧化物,,,2015,2576.916
75370905,E,空氣污染物申報-一般空氣污染物,硫氧化物,,,2015,663.6399999999999
75370905,E,空氣污染物申報-一般空氣污染物,粒狀污染物,,,2015,287.8589999999999
75370905,E,空氣污染物申報-一般空氣污染物,揮發性有機化合物,,,2015,2614.583
75708007,E,空氣污染物申報-一般空氣污染物,氮氧化物,,,2015,1932.307
75708007,E,空氣污染物申報-一般空氣污染物,硫氧化物,,,2015,967.867
75708007,E,空氣污染物申報-一般空氣污染物,粒狀污染物,,,2015,462.793
75708007,E,空氣污染物申報-一般空氣污染物,揮發性有機化合物,,,2015,457.67999999999995
83387850,E,空氣污染物申報-一般空氣污染物,氮氧化物,,,2015,59.227000000000004
83387850,E,空氣污染物申報-一般空氣污染物,硫氧化物,,,2015,45.19500000000001
83387850,E,空氣污染物申報-一般空氣污染物,粒狀污染物,,,2015,11.742
83387850,E,空氣污染物申報-一般空氣污染物,揮發性有機化合物,,,2015,534.835
86120031,E,空氣污染物申報-一般空氣污染物,氮氧化物,,,2015,219.888
86120031,E,空氣污染物申報-一般空氣污染物,硫氧化物,,,2015,338.88500000000005
86120031,E,空氣污染物申報-一般空氣污染物,粒狀污染物,,,2015,23.379
86120031,E,空氣污染物申報-一般空氣污染物,揮發性有機化合物,,,2015,312.721
86522210,E,空氣污染物申報-一般空氣污染物,氮氧化物,,,2015,9012.305
86522210,E,空氣污染物申報-一般空氣污染物,硫氧化物,,,2015,3939.558
86522210,E,空氣污染物申報-一般空氣污染物,粒狀污染物,,,2015,682.2620000000001
86522210,E,空氣污染物申報-一般空氣污染物,揮發性有機化合物,,,2015,1254.091
89323361,E,空氣污染物申報-一般空氣污染物,揮發性有機化合物,,,2015,0.518
03084741,E,空氣污染物申報-一般空氣污染物,氮氧化物,,,2015,992.856
03084741,E,空氣污染物申報-一般空氣污染物,硫氧化物,,,2015,198.88400000000001
03084741,E,空氣污染物申報-一般空氣污染物,粒狀污染物,,,2015,28.442999999999998
03084741,E,空氣污染物申報-一般空氣污染物,揮發性有機化合物,,,2015,1488.332
03707901,E,空氣污染物申報-一般空氣污染物,氮氧化物,,,2015,4648.436999999999
03707901,E,空氣污染物申報-一般空氣污染物,硫氧化物,,,2015,2502.4249999999997
03707901,E,空氣污染物申報-一般空氣污染物,粒狀污染物,,,2015,214.654
03707901,E,空氣污染物申報-一般空氣污染物,揮發性有機化合物,,,2015,5030.445
04212250,E,空氣污染物申報-一般空氣污染物,氮氧化物,,,2015,190.63
04212250,E,空氣污染物申報-一般空氣污染物,硫氧化物,,,2015,166.328
04212250,E,空氣污染物申報-一般空氣污染物,粒狀污染物,,,2015,4.478
04212250,E,空氣污染物申報-一般空氣污染物,揮發性有機化合物,,,2015,62.42100000000001
04748660,E,空氣污染物申報-一般空氣污染物,氮氧化物,,,2015,14.054000000000002
04748660,E,空氣污染物申報-一般空氣污染物,硫氧化物,,,2015,9.029
04748660,E,空氣污染物申報-一般空氣污染物,粒狀污染物,,,2015,5.007
04748660,E,空氣污染物申報-一般空氣污染物,揮發性有機化合物,,,2015,26.418999999999997
07147916,E,空氣污染物申報-一般空氣污染物,氮氧化物,,,2015,10.342999999999998
07147916,E,空氣污染物申報-一般空氣污染物,硫氧化物,,,2015,12.829
07147916,E,空氣污染物申報-一般空氣污染物,粒狀污染物,,,2015,2.3339999999999996
07147916,E,空氣污染物申報-一般空氣污染物,揮發性有機化合物,,,2015,307.52
11455800,E,空氣污染物申報-一般空氣污染物,氮氧化物,,,2016,0.25
11455800,E,空氣污染物申報-一般空氣污染物,硫氧化物,,,2016,0.34
11455800,E,空氣污染物申報-一般空氣污染物,揮發性有機化合物,,,2016,34.186
11686106,E,空氣污染物申報-一般空氣污染物,氮氧化物,,,2016,22.608999999999998
11686106,E,空氣污染物申報-一般空氣污染物,硫氧化物,,,2016,25.945999999999998
11686106,E,空氣污染物申報-一般空氣污染物,粒狀污染物,,,2016,30.622
11686106,E,空氣污染物申報-一般空氣污染物,揮發性有機化合物,,,2016,89.16600000000001
11893409,E,空氣污染物申報-一般空氣污染物,氮氧化物,,,2016,30.121000000000006
11893409,E,空氣污染物申報-一般空氣污染物,硫氧化物,,,2016,24.788
11893409,E,空氣污染物申報-一般空氣污染物,粒狀污染物,,,2016,17.235000000000003
11893409,E,空氣污染物申報-一般空氣污染物,揮發性有機化合物,,,2016,38.026
11917107,E,空氣污染物申報-一般空氣污染物,氮氧化物,,,2016,29.549
11917107,E,空氣污染物申報-一般空氣污染物,硫氧化物,,,2016,32.552
11917107,E,空氣污染物申報-一般空氣污染物,粒狀污染物,,,2016,4.459
11917107,E,空氣污染物申報-一般空氣污染物,揮發性有機化合物,,,2016,97.388
12413104,E,空氣污染物申報-一般空氣污染物,揮發性有機化合物,,,2016,5.538
14040691,E,空氣污染物申報-一般空氣污染物,氮氧化物,,,2016,26.136
14040691,E,空氣污染物申報-一般空氣污染物,硫氧化物,,,2016,0.019000000000000003
14040691,E,空氣污染物申報-一般空氣污染物,粒狀污染物,,,2016,0.244
14040691,E,空氣污染物申報-一般空氣污染物,揮發性有機化合物,,,2016,32.268
15024509,E,空氣污染物申報-一般空氣污染物,氮氧化物,,,2016,0.528
15024509,E,空氣污染物申報-一般空氣污染物,硫氧化物,,,2016,0.7889999999999999
15024509,E,空氣污染物申報-一般空氣污染物,粒狀污染物,,,2016,17.836
15024509,E,空氣污染物申報-一般空氣污染物,揮發性有機化合物,,,2016,45.99
19084015,E,空氣污染物申報-一般空氣污染物,氮氧化物,,,2016,56.523
19084015,E,空氣污染物申報-一般空氣污染物,硫氧化物,,,2016,10.327
19084015,E,空氣污染物申報-一般空氣污染物,粒狀污染物,,,2016,10.248
19084015,E,空氣污染物申報-一般空氣污染物,揮發性有機化合物,,,2016,28.039
20747385,E,空氣污染物申報-一般空氣污染物,氮氧化物,,,2016,6.984
20747385,E,空氣污染物申報-一般空氣污染物,硫氧化物,,,2016,0.9179999999999999
20747385,E,空氣污染物申報-一般空氣污染物,粒狀污染物,,,2016,3.947
20747385,E,空氣污染物申報-一般空氣污染物,揮發性有機化合物,,,2016,38.93
20844865,E,空氣污染物申報-一般空氣污染物,氮氧化物,,,2016,110.024
20844865,E,空氣污染物申報-一般空氣污染物,硫氧化物,,,2016,36.147999999999996
20844865,E,空氣污染物申報-一般空氣污染物,粒狀污染物,,,2016,16.185000000000002
20844865,E,空氣污染物申報-一般空氣污染物,揮發性有機化合物,,,2016,5.477
22281617,E,空氣污染物申報-一般空氣污染物,氮氧化物,,,2016,2.8400000000000003
22281617,E,空氣污染物申報-一般空氣污染物,揮發性有機化合物,,,2016,5.108
22318678,E,空氣污染物申報-一般空氣污染物,氮氧化物,,,2016,79.06299999999999
22318678,E,空氣污染物申報-一般空氣污染物,硫氧化物,,,2016,122.58500000000001
22318678,E,空氣污染物申報-一般空氣污染物,粒狀污染物,,,2016,1.966
22318678,E,空氣污染物申報-一般空氣污染物,揮發性有機化合物,,,2016,57.496
35894259,E,空氣污染物申報-一般空氣污染物,氮氧化物,,,2016,13.674000000000001
35894259,E,空氣污染物申報-一般空氣污染物,硫氧化物,,,2016,0.066
35894259,E,空氣污染物申報-一般空氣污染物,粒狀污染物,,,2016,2.969
35894259,E,空氣污染物申報-一般空氣污染物,揮發性有機化合物,,,2016,51.62200000000001
42818882,E,空氣污染物申報-一般空氣污染物,氮氧化物,,,2016,268.18800000000005
42818882,E,空氣污染物申報-一般空氣污染物,硫氧化物,,,2016,147.815
42818882,E,空氣污染物申報-一般空氣污染物,粒狀污染物,,,2016,14.579
42818882,E,空氣污染物申報-一般空氣污染物,揮發性有機化合物,,,2016,4.779
51059101,E,空氣污染物申報-一般空氣污染物,氮氧化物,,,2016,3.5540000000000003
51059101,E,空氣污染物申報-一般空氣污染物,硫氧化物,,,2016,5.0649999999999995
51059101,E,空氣污染物申報-一般空氣污染物,粒狀污染物,,,2016,0.399
51059101,E,空氣污染物申報-一般空氣污染物,揮發性有機化合物,,,2016,427.625
57104700,E,空氣污染物申報-一般空氣污染物,氮氧化物,,,2016,23.744999999999997
57104700,E,空氣污染物申報-一般空氣污染物,硫氧化物,,,2016,28.943999999999996
57104700,E,空氣污染物申報-一般空氣污染物,粒狀污染物,,,2016,1.744
57104700,E,空氣污染物申報-一般空氣污染物,揮發性有機化合物,,,2016,1.738
58650902,E,空氣污染物申報-一般空氣污染物,氮氧化物,,,2016,2782.159
58650902,E,空氣污染物申報-一般空氣污染物,硫氧化物,,,2016,663.1359999999999
58650902,E,空氣污染物申報-一般空氣污染物,粒狀污染物,,,2016,172.38899999999998
58650902,E,空氣污染物申報-一般空氣污染物,揮發性有機化合物,,,2016,626.9059999999998
68192103,E,空氣污染物申報-一般空氣污染物,揮發性有機化合物,,,2016,24.506999999999998
72104709,E,空氣污染物申報-一般空氣污染物,氮氧化物,,,2016,3.8260000000000005
72104709,E,空氣污染物申報-一般空氣污染物,硫氧化物,,,2016,5.563000000000001
72104709,E,空氣污染物申報-一般空氣污染物,粒狀污染物,,,2016,1.5410000000000001
72104709,E,空氣污染物申報-一般空氣污染物,揮發性有機化合物,,,2016,19.913999999999998
73644351,E,空氣污染物申報-一般空氣污染物,揮發性有機化合物,,,2016,3.749
75370905,E,空氣污染物申報-一般空氣污染物,氮氧化物,,,2016,2188.6730000000007
75370905,E,空氣污染物申報-一般空氣污染物,硫氧化物,,,2016,625.7900000000001
75370905,E,空氣污染物申報-一般空氣污染物,粒狀污染物,,,2016,221.142
75370905,E,空氣污染物申報-一般空氣污染物,揮發性有機化合物,,,2016,2627.576
75708007,E,空氣污染物申報-一般空氣污染物,氮氧化物,,,2016,1785.5910000000001
75708007,E,空氣污染物申報-一般空氣污染物,硫氧化物,,,2016,1037.335
75708007,E,空氣污染物申報-一般空氣污染物,粒狀污染物,,,2016,343.89
75708007,E,空氣污染物申報-一般空氣污染物,揮發性有機化合物,,,2016,479.534
83387850,E,空氣污染物申報-一般空氣污染物,氮氧化物,,,2016,55.182
83387850,E,空氣污染物申報-一般空氣污染物,硫氧化物,,,2016,51.939
83387850,E,空氣污染物申報-一般空氣污染物,粒狀污染物,,,2016,10.847999999999999
83387850,E,空氣污染物申報-一般空氣污染物,揮發性有機化合物,,,2016,765.742
86120031,E,空氣污染物申報-一般空氣污染物,氮氧化物,,,2016,156.441
86120031,E,空氣污染物申報-一般空氣污染物,硫氧化物,,,2016,202.64000000000001
86120031,E,空氣污染物申報-一般空氣污染物,粒狀污染物,,,2016,36.125
86120031,E,空氣污染物申報-一般空氣污染物,揮發性有機化合物,,,2016,38.303000000000004
86522210,E,空氣污染物申報-一般空氣污染物,氮氧化物,,,2016,8378.103
86522210,E,空氣污染物申報-一般空氣污染物,硫氧化物,,,2016,2903.686
86522210,E,空氣污染物申報-一般空氣污染物,粒狀污染物,,,2016,688.745
86522210,E,空氣污染物申報-一般空氣污染物,揮發性有機化合物,,,2016,1223.636
89323361,E,空氣污染物申報-一般空氣污染物,揮發性有機化合物,,,2016,0.913
03084741,E,空氣污染物申報-一般空氣污染物,氮氧化物,,,2016,1049.707
03084741,E,空氣污染物申報-一般空氣污染物,硫氧化物,,,2016,164.13200000000003
03084741,E,空氣污染物申報-一般空氣污染物,粒狀污染物,,,2016,13.885000000000003
03084741,E,空氣污染物申報-一般空氣污染物,揮發性有機化合物,,,2016,1669.876
03707901,E,空氣污染物申報-一般空氣污染物,氮氧化物,,,2016,3601.012000000001
03707901,E,空氣污染物申報-一般空氣污染物,硫氧化物,,,2016,1443.3970000000004
03707901,E,空氣污染物申報-一般空氣污染物,粒狀污染物,,,2016,242.12400000000002
03707901,E,空氣污染物申報-一般空氣污染物,揮發性有機化合物,,,2016,5632.915999999999
04212250,E,空氣污染物申報-一般空氣污染物,氮氧化物,,,2016,231.39000000000001
04212250,E,空氣污染物申報-一般空氣污染物,硫氧化物,,,2016,165.788
04212250,E,空氣污染物申報-一般空氣污染物,粒狀污染物,,,2016,21.319000000000003
04212250,E,空氣污染物申報-一般空氣污染物,揮發性有機化合物,,,2016,52.498
07147916,E,空氣污染物申報-一般空氣污染物,氮氧化物,,,2016,8.131
07147916,E,空氣污染物申報-一般空氣污染物,硫氧化物,,,2016,8.427999999999999
07147916,E,空氣污染物申報-一般空氣污染物,粒狀污染物,,,2016,2.0440000000000005
07147916,E,空氣污染物申報-一般空氣污染物,揮發性有機化合物,,,2016,270.127
04748660,E,空氣污染物申報-一般空氣污染物,氮氧化物,,,2016,10.497
04748660,E,空氣污染物申報-一般空氣污染物,硫氧化物,,,2016,6.904
04748660,E,空氣污染物申報-一般空氣污染物,粒狀污染物,,,2016,3.758
04748660,E,空氣污染物申報-一般空氣污染物,揮發性有機化合物,,,2016,19.195
11455800,E,空氣污染物申報-一般空氣污染物,氮氧化物,,,2017,0.309
11455800,E,空氣污染物申報-一般空氣污染物,硫氧化物,,,2017,0.42799999999999994
11455800,E,空氣污染物申報-一般空氣污染物,揮發性有機化合物,,,2017,31.503999999999994
11686106,E,空氣污染物申報-一般空氣污染物,氮氧化物,,,2017,51.816
11686106,E,空氣污染物申報-一般空氣污染物,硫氧化物,,,2017,50.905
11686106,E,空氣污染物申報-一般空氣污染物,粒狀污染物,,,2017,51.306
11686106,E,空氣污染物申報-一般空氣污染物,揮發性有機化合物,,,2017,69.05799999999999
11686106,E,空氣污染物申報-有害空氣污染物,三氯甲烷,,,2017,0.22599999999999998
11686106,E,空氣污染物申報-有害空氣污染物,二氯甲烷,,,2017,0.201
11686106,E,空氣污染物申報-有害空氣污染物,甲苯,,,2017,20.1
11686106,E,空氣污染物申報-有害空氣污染物,三氯乙烯,,,2017,0.028999999999999998
11893409,E,空氣污染物申報-一般空氣污染物,氮氧化物,,,2017,25.057000000000002
11893409,E,空氣污染物申報-一般空氣污染物,硫氧化物,,,2017,18.368
11893409,E,空氣污染物申報-一般空氣污染物,粒狀污染物,,,2017,17.18
11893409,E,空氣污染物申報-一般空氣污染物,揮發性有機化合物,,,2017,44.323
11893409,E,空氣污染物申報-有害空氣污染物,苯,,,2017,0.017
11893409,E,空氣污染物申報-有害空氣污染物,三氯甲烷,,,2017,0.116
11893409,E,空氣污染物申報-有害空氣污染物,苯乙烯,,,2017,10.146
11893409,E,空氣污染物申報-有害空氣污染物,乙苯,,,2017,0.11599999999999999
11893409,E,空氣污染物申報-有害空氣污染物,二氯甲烷,,,2017,0.095
11893409,E,空氣污染物申報-有害空氣污染物,甲苯,,,2017,0.48100000000000004
11893409,E,空氣污染物申報-有害空氣污染物,三氯乙烯,,,2017,0.011000000000000001
11893409,E,空氣污染物申報-有害空氣污染物,二甲苯,,,2017,0.871
11917107,E,空氣污染物申報-一般空氣污染物,氮氧化物,,,2017,18.182
11917107,E,空氣污染物申報-一般空氣污染物,硫氧化物,,,2017,1.3319999999999999
11917107,E,空氣污染物申報-一般空氣污染物,粒狀污染物,,,2017,0.348
11917107,E,空氣污染物申報-一般空氣污染物,揮發性有機化合物,,,2017,98.88499999999999
11917107,E,空氣污染物申報-有害空氣污染物,三氯甲烷,,,2017,0.007
11917107,E,空氣污染物申報-有害空氣污染物,乙苯,,,2017,0.212
11917107,E,空氣污染物申報-有害空氣污染物,二氯甲烷,,,2017,0.004
11917107,E,空氣污染物申報-有害空氣污染物,甲苯,,,2017,0.04100000000000001
11917107,E,空氣污染物申報-有害空氣污染物,二甲苯,,,2017,29.227
12413104,E,空氣污染物申報-一般空氣污染物,揮發性有機化合物,,,2017,5.852
12413104,E,空氣污染物申報-有害空氣污染物,二氯甲烷,,,2017,0.004
14040691,E,空氣污染物申報-一般空氣污染物,氮氧化物,,,2017,29.260999999999996
14040691,E,空氣污染物申報-一般空氣污染物,硫氧化物,,,2017,0.046
14040691,E,空氣污染物申報-一般空氣污染物,粒狀污染物,,,2017,1.284
14040691,E,空氣污染物申報-一般空氣污染物,揮發性有機化合物,,,2017,35.716
14040691,E,空氣污染物申報-有害空氣污染物,苯,,,2017,0.04
14040691,E,空氣污染物申報-有害空氣污染物,三氯甲烷,,,2017,0.309
14040691,E,空氣污染物申報-有害空氣污染物,乙苯,,,2017,0.025
14040691,E,空氣污染物申報-有害空氣污染物,二氯甲烷,,,2017,0.266
14040691,E,空氣污染物申報-有害空氣污染物,甲苯,,,2017,0.145
14040691,E,空氣污染物申報-有害空氣污染物,三氯乙烯,,,2017,0.033999999999999996
14040691,E,空氣污染物申報-有害空氣污染物,二甲苯,,,2017,1.596
15024509,E,空氣污染物申報-一般空氣污染物,氮氧化物,,,2017,2.636
15024509,E,空氣污染物申報-一般空氣污染物,硫氧化物,,,2017,3.33
15024509,E,空氣污染物申報-一般空氣污染物,粒狀污染物,,,2017,15.501999999999999
15024509,E,空氣污染物申報-一般空氣污染物,揮發性有機化合物,,,2017,50.928999999999995
15024509,E,空氣污染物申報-有害空氣污染物,甲苯,,,2017,0.18000000000000002
15024509,E,空氣污染物申報-有害空氣污染物,三氯乙烯,,,2017,0.03
15024509,E,空氣污染物申報-有害空氣污染物,二甲苯,,,2017,0.166
19084015,E,空氣污染物申報-一般空氣污染物,氮氧化物,,,2017,62.646
19084015,E,空氣污染物申報-一般空氣污染物,硫氧化物,,,2017,9.437000000000001
19084015,E,空氣污染物申報-一般空氣污染物,粒狀污染物,,,2017,10.091000000000001
19084015,E,空氣污染物申報-一般空氣污染物,揮發性有機化合物,,,2017,28.568
19084015,E,空氣污染物申報-有害空氣污染物,苯,,,2017,0.027999999999999997
19084015,E,空氣污染物申報-有害空氣污染物,三氯甲烷,,,2017,0.246
19084015,E,空氣污染物申報-有害空氣污染物,乙苯,,,2017,0.019
19084015,E,空氣污染物申報-有害空氣污染物,二氯甲烷,,,2017,0.20900000000000002
19084015,E,空氣污染物申報-有害空氣污染物,甲苯,,,2017,0.11099999999999999
19084015,E,空氣污染物申報-有害空氣污染物,三氯乙烯,,,2017,0.027000000000000003
19084015,E,空氣污染物申報-有害空氣污染物,二甲苯,,,2017,0.377
20747385,E,空氣污染物申報-一般空氣污染物,氮氧化物,,,2017,6.4190000000000005
20747385,E,空氣污染物申報-一般空氣污染物,硫氧化物,,,2017,0.994
20747385,E,空氣污染物申報-一般空氣污染物,粒狀污染物,,,2017,4.061
20747385,E,空氣污染物申報-一般空氣污染物,揮發性有機化合物,,,2017,37.132000000000005
20747385,E,空氣污染物申報-有害空氣污染物,苯,,,2017,0.817
20747385,E,空氣污染物申報-有害空氣污染物,三氯甲烷,,,2017,0.44799999999999995
20747385,E,空氣污染物申報-有害空氣污染物,乙苯,,,2017,0.38499999999999995
20747385,E,空氣污染物申報-有害空氣污染物,二氯甲烷,,,2017,0.01
20747385,E,空氣污染物申報-有害空氣污染物,甲苯,,,2017,1.8530000000000002
20747385,E,空氣污染物申報-有害空氣污染物,二甲苯,,,2017,8.006
20844865,E,空氣污染物申報-一般空氣污染物,氮氧化物,,,2017,115.565
20844865,E,空氣污染物申報-一般空氣污染物,硫氧化物,,,2017,47.337
20844865,E,空氣污染物申報-一般空氣污染物,粒狀污染物,,,2017,8.343
20844865,E,空氣污染物申報-一般空氣污染物,揮發性有機化合物,,,2017,6.3839999999999995
20844865,E,空氣污染物申報-有害空氣污染物,苯,,,2017,1.354
20844865,E,空氣污染物申報-有害空氣污染物,三氯甲烷,,,2017,0.068
20844865,E,空氣污染物申報-有害空氣污染物,苯乙烯,,,2017,1.246
20844865,E,空氣污染物申報-有害空氣污染物,乙苯,,,2017,0.6389999999999999
20844865,E,空氣污染物申報-有害空氣污染物,甲苯,,,2017,0.339
20844865,E,空氣污染物申報-有害空氣污染物,二甲苯,,,2017,0.278
22281617,E,空氣污染物申報-一般空氣污染物,氮氧化物,,,2017,2.512
22281617,E,空氣污染物申報-一般空氣污染物,粒狀污染物,,,2017,0.019
22281617,E,空氣污染物申報-一般空氣污染物,揮發性有機化合物,,,2017,4.606
22318678,E,空氣污染物申報-一般空氣污染物,氮氧化物,,,2017,90.854
22318678,E,空氣污染物申報-一般空氣污染物,硫氧化物,,,2017,58.507000000000005
22318678,E,空氣污染物申報-一般空氣污染物,粒狀污染物,,,2017,2.457
22318678,E,空氣污染物申報-一般空氣污染物,揮發性有機化合物,,,2017,79.366
22318678,E,空氣污染物申報-有害空氣污染物,苯,,,2017,0.048
22318678,E,空氣污染物申報-有害空氣污染物,三氯甲烷,,,2017,2.99
22318678,E,空氣污染物申報-有害空氣污染物,乙苯,,,2017,0.011
22318678,E,空氣污染物申報-有害空氣污染物,二氯甲烷,,,2017,0.9639999999999999
22318678,E,空氣污染物申報-有害空氣污染物,甲苯,,,2017,0.518
22318678,E,空氣污染物申報-有害空氣污染物,三氯乙烯,,,2017,0.127
22318678,E,空氣污染物申報-有害空氣污染物,二甲苯,,,2017,16.361
35894259,E,空氣污染物申報-一般空氣污染物,氮氧化物,,,2017,12.561
35894259,E,空氣污染物申報-一般空氣污染物,粒狀污染物,,,2017,2.8529999999999998
35894259,E,空氣污染物申報-一般空氣污染物,揮發性有機化合物,,,2017,66.569
35894259,E,空氣污染物申報-有害空氣污染物,甲苯,,,2017,11.032
42818882,E,空氣污染物申報-一般空氣污染物,氮氧化物,,,2017,208.533
42818882,E,空氣污染物申報-一般空氣污染物,硫氧化物,,,2017,107.33099999999999
42818882,E,空氣污染物申報-一般空氣污染物,粒狀污染物,,,2017,9.834
42818882,E,空氣污染物申報-一般空氣污染物,揮發性有機化合物,,,2017,4.323
42818882,E,空氣污染物申報-有害空氣污染物,苯,,,2017,0.008
42818882,E,空氣污染物申報-有害空氣污染物,三氯甲烷,,,2017,0.07
42818882,E,空氣污染物申報-有害空氣污染物,乙苯,,,2017,0.004
42818882,E,空氣污染物申報-有害空氣污染物,二氯甲烷,,,2017,0.062
42818882,E,空氣污染物申報-有害空氣污染物,甲苯,,,2017,0.035
42818882,E,空氣污染物申報-有害空氣污染物,三氯乙烯,,,2017,0.008
51059101,E,空氣污染物申報-一般空氣污染物,氮氧化物,,,2017,1.9489999999999998
51059101,E,空氣污染物申報-一般空氣污染物,硫氧化物,,,2017,2.758
51059101,E,空氣污染物申報-一般空氣污染物,粒狀污染物,,,2017,0.185
51059101,E,空氣污染物申報-一般空氣污染物,揮發性有機化合物,,,2017,222.90699999999998
51059101,E,空氣污染物申報-有害空氣污染物,甲苯,,,2017,102.292
51059101,E,空氣污染物申報-有害空氣污染物,二甲苯,,,2017,0.303
57104700,E,空氣污染物申報-一般空氣污染物,氮氧化物,,,2017,23.18
57104700,E,空氣污染物申報-一般空氣污染物,硫氧化物,,,2017,23.659
57104700,E,空氣污染物申報-一般空氣污染物,粒狀污染物,,,2017,1.146
57104700,E,空氣污染物申報-一般空氣污染物,揮發性有機化合物,,,2017,1.8370000000000002
57104700,E,空氣污染物申報-有害空氣污染物,苯乙烯,,,2017,0.7170000000000001
58650902,E,空氣污染物申報-一般空氣污染物,氮氧化物,,,2017,1499.3819999999998
58650902,E,空氣污染物申報-一般空氣污染物,硫氧化物,,,2017,475.3979999999999
58650902,E,空氣污染物申報-一般空氣污染物,粒狀污染物,,,2017,118.172
58650902,E,空氣污染物申報-一般空氣污染物,揮發性有機化合物,,,2017,596.321
58650902,E,空氣污染物申報-有害空氣污染物,苯,,,2017,29.822000000000003
58650902,E,空氣污染物申報-有害空氣污染物,四氯化碳,,,2017,0.003
58650902,E,空氣污染物申報-有害空氣污染物,三氯甲烷,,,2017,2.538
58650902,E,空氣污染物申報-有害空氣污染物,苯乙烯,,,2017,20.405000000000005
58650902,E,空氣污染物申報-有害空氣污染物,乙苯,,,2017,6.480999999999999
58650902,E,空氣污染物申報-有害空氣污染物,二氯甲烷,,,2017,10.889999999999999
58650902,E,空氣污染物申報-有害空氣污染物,甲苯,,,2017,11.891000000000002
58650902,E,空氣污染物申報-有害空氣污染物,三氯乙烯,,,2017,0.29800000000000004
58650902,E,空氣污染物申報-有害空氣污染物,二甲苯,,,2017,30.308999999999997
68192103,E,空氣污染物申報-一般空氣污染物,揮發性有機化合物,,,2017,19.506
68192103,E,空氣污染物申報-有害空氣污染物,甲苯,,,2017,3.691
68192103,E,空氣污染物申報-有害空氣污染物,二甲苯,,,2017,2.9509999999999996
72104709,E,空氣污染物申報-一般空氣污染物,氮氧化物,,,2017,4.192
72104709,E,空氣污染物申報-一般空氣污染物,硫氧化物,,,2017,5.775
72104709,E,空氣污染物申報-一般空氣污染物,粒狀污染物,,,2017,0.7410000000000001
72104709,E,空氣污染物申報-一般空氣污染物,揮發性有機化合物,,,2017,23.833000000000002
72104709,E,空氣污染物申報-有害空氣污染物,甲苯,,,2017,2.0109999999999997
73644351,E,空氣污染物申報-一般空氣污染物,揮發性有機化合物,,,2017,5.398000000000001
75370905,E,空氣污染物申報-一般空氣污染物,氮氧化物,,,2017,1549.29
75370905,E,空氣污染物申報-一般空氣污染物,硫氧化物,,,2017,677.5569999999999
75370905,E,空氣污染物申報-一般空氣污染物,粒狀污染物,,,2017,202.10500000000002
75370905,E,空氣污染物申報-一般空氣污染物,揮發性有機化合物,,,2017,2624.769
75370905,E,空氣污染物申報-有害空氣污染物,苯,,,2017,0.922
75370905,E,空氣污染物申報-有害空氣污染物,三氯甲烷,,,2017,0.6430000000000001
75370905,E,空氣污染物申報-有害空氣污染物,苯乙烯,,,2017,8.219
75370905,E,空氣污染物申報-有害空氣污染物,乙苯,,,2017,3.8979999999999997
75370905,E,空氣污染物申報-有害空氣污染物,二氯甲烷,,,2017,8.088000000000001
75370905,E,空氣污染物申報-有害空氣污染物,甲苯,,,2017,111.79600000000002
75370905,E,空氣污染物申報-有害空氣污染物,三氯乙烯,,,2017,0.12700000000000003
75370905,E,空氣污染物申報-有害空氣污染物,二甲苯,,,2017,58.876999999999995
75708007,E,空氣污染物申報-一般空氣污染物,氮氧化物,,,2017,1830.593
75708007,E,空氣污染物申報-一般空氣污染物,硫氧化物,,,2017,947.62
75708007,E,空氣污染物申報-一般空氣污染物,粒狀污染物,,,2017,364.24499999999995
75708007,E,空氣污染物申報-一般空氣污染物,揮發性有機化合物,,,2017,468.989
75708007,E,空氣污染物申報-有害空氣污染物,苯,,,2017,0.41
75708007,E,空氣污染物申報-有害空氣污染物,三氯甲烷,,,2017,2.477
75708007,E,空氣污染物申報-有害空氣污染物,苯乙烯,,,2017,13.870999999999999
75708007,E,空氣污染物申報-有害空氣污染物,乙苯,,,2017,0.32400000000000007
75708007,E,空氣污染物申報-有害空氣污染物,二氯甲烷,,,2017,0.6849999999999999
75708007,E,空氣污染物申報-有害空氣污染物,甲苯,,,2017,8.495000000000001
75708007,E,空氣污染物申報-有害空氣污染物,三氯乙烯,,,2017,0.08200000000000002
75708007,E,空氣污染物申報-有害空氣污染物,二甲苯,,,2017,20.62
83387850,E,空氣污染物申報-一般空氣污染物,氮氧化物,,,2017,40.179
83387850,E,空氣污染物申報-一般空氣污染物,硫氧化物,,,2017,32.963
83387850,E,空氣污染物申報-一般空氣污染物,粒狀污染物,,,2017,4.416
83387850,E,空氣污染物申報-一般空氣污染物,揮發性有機化合物,,,2017,422.14599999999996
83387850,E,空氣污染物申報-有害空氣污染物,苯,,,2017,0.008
83387850,E,空氣污染物申報-有害空氣污染物,三氯甲烷,,,2017,0.07100000000000001
83387850,E,空氣污染物申報-有害空氣污染物,苯乙烯,,,2017,0.018
83387850,E,空氣污染物申報-有害空氣污染物,乙苯,,,2017,0.005
83387850,E,空氣污染物申報-有害空氣污染物,二氯甲烷,,,2017,0.062
83387850,E,空氣污染物申報-有害空氣污染物,甲苯,,,2017,83.429
83387850,E,空氣污染物申報-有害空氣污染物,三氯乙烯,,,2017,0.008
83387850,E,空氣污染物申報-有害空氣污染物,二甲苯,,,2017,7.927
86120031,E,空氣污染物申報-一般空氣污染物,氮氧化物,,,2017,262.394
86120031,E,空氣污染物申報-一般空氣污染物,硫氧化物,,,2017,356.609
86120031,E,空氣污染物申報-一般空氣污染物,粒狀污染物,,,2017,39.213
86120031,E,空氣污染物申報-一般空氣污染物,揮發性有機化合物,,,2017,42.857
86120031,E,空氣污染物申報-有害空氣污染物,苯,,,2017,7.0889999999999995
86120031,E,空氣污染物申報-有害空氣污染物,三氯甲烷,,,2017,0.267
86120031,E,空氣污染物申報-有害空氣污染物,乙苯,,,2017,0.125
86120031,E,空氣污染物申報-有害空氣污染物,二氯甲烷,,,2017,0.237
86120031,E,空氣污染物申報-有害空氣污染物,甲苯,,,2017,0.128
86120031,E,空氣污染物申報-有害空氣污染物,三氯乙烯,,,2017,0.023
86522210,E,空氣污染物申報-一般空氣污染物,氮氧化物,,,2017,8061.529000000001
86522210,E,空氣污染物申報-一般空氣污染物,硫氧化物,,,2017,3149.684
86522210,E,空氣污染物申報-一般空氣污染物,粒狀污染物,,,2017,611.7829999999999
86522210,E,空氣污染物申報-一般空氣污染物,揮發性有機化合物,,,2017,1287.5539999999999
86522210,E,空氣污染物申報-有害空氣污染物,苯,,,2017,1.476
86522210,E,空氣污染物申報-有害空氣污染物,三氯甲烷,,,2017,1.8499999999999999
86522210,E,空氣污染物申報-有害空氣污染物,乙苯,,,2017,2.0860000000000003
86522210,E,空氣污染物申報-有害空氣污染物,二氯甲烷,,,2017,1.6449999999999998
86522210,E,空氣污染物申報-有害空氣污染物,甲苯,,,2017,20.516000000000002
86522210,E,空氣污染物申報-有害空氣污染物,三氯乙烯,,,2017,0.217
86522210,E,空氣污染物申報-有害空氣污染物,二甲苯,,,2017,69.60100000000001
89323361,E,空氣污染物申報-一般空氣污染物,揮發性有機化合物,,,2017,2.328
89323361,E,空氣污染物申報-有害空氣污染物,甲苯,,,2017,0.115
03707901,E,空氣污染物申報-一般空氣污染物,氮氧化物,,,2017,3570.7579999999994
03707901,E,空氣污染物申報-一般空氣污染物,硫氧化物,,,2017,1064.444
03707901,E,空氣污染物申報-一般空氣污染物,粒狀污染物,,,2017,266.0160000000001
03707901,E,空氣污染物申報-一般空氣污染物,揮發性有機化合物,,,2017,4942.203
03707901,E,空氣污染物申報-有害空氣污染物,苯,,,2017,49.251000000000005
03707901,E,空氣污染物申報-有害空氣污染物,四氯化碳,,,2017,0.004
03707901,E,空氣污染物申報-有害空氣污染物,三氯甲烷,,,2017,22.494
03707901,E,空氣污染物申報-有害空氣污染物,苯乙烯,,,2017,7.191000000000001
03707901,E,空氣污染物申報-有害空氣污染物,乙苯,,,2017,38.79200000000001
03707901,E,空氣污染物申報-有害空氣污染物,二氯甲烷,,,2017,17.192
03707901,E,空氣污染物申報-有害空氣污染物,甲苯,,,2017,194.54400000000004
03707901,E,空氣污染物申報-有害空氣污染物,三氯乙烯,,,2017,3.247
03707901,E,空氣污染物申報-有害空氣污染物,二甲苯,,,2017,318.41299999999995
03084741,E,空氣污染物申報-一般空氣污染物,氮氧化物,,,2017,976.6659999999999
03084741,E,空氣污染物申報-一般空氣污染物,硫氧化物,,,2017,150.77200000000002
03084741,E,空氣污染物申報-一般空氣污染物,粒狀污染物,,,2017,30.399
03084741,E,空氣污染物申報-一般空氣污染物,揮發性有機化合物,,,2017,2431.9120000000003
03084741,E,空氣污染物申報-有害空氣污染物,苯,,,2017,96.79900000000002
03084741,E,空氣污染物申報-有害空氣污染物,三氯甲烷,,,2017,2.2030000000000003
03084741,E,空氣污染物申報-有害空氣污染物,乙苯,,,2017,0.134
03084741,E,空氣污染物申報-有害空氣污染物,二氯甲烷,,,2017,0.5680000000000001
03084741,E,空氣污染物申報-有害空氣污染物,甲苯,,,2017,251.908
03084741,E,空氣污染物申報-有害空氣污染物,三氯乙烯,,,2017,0.075
03084741,E,空氣污染物申報-有害空氣污染物,二甲苯,,,2017,2.437
04212250,E,空氣污染物申報-一般空氣污染物,氮氧化物,,,2017,192.55499999999998
04212250,E,空氣污染物申報-一般空氣污染物,硫氧化物,,,2017,134.681
04212250,E,空氣污染物申報-一般空氣污染物,粒狀污染物,,,2017,21.473
04212250,E,空氣污染物申報-一般空氣污染物,揮發性有機化合物,,,2017,39.914
04212250,E,空氣污染物申報-有害空氣污染物,苯,,,2017,8.95
04212250,E,空氣污染物申報-有害空氣污染物,三氯甲烷,,,2017,0.22899999999999998
04212250,E,空氣污染物申報-有害空氣污染物,苯乙烯,,,2017,6.117
04212250,E,空氣污染物申報-有害空氣污染物,乙苯,,,2017,2.811
04212250,E,空氣污染物申報-有害空氣污染物,二氯甲烷,,,2017,0.173
04212250,E,空氣污染物申報-有害空氣污染物,甲苯,,,2017,1.641
04212250,E,空氣污染物申報-有害空氣污染物,三氯乙烯,,,2017,0.023
04212250,E,空氣污染物申報-有害空氣污染物,二甲苯,,,2017,0.016
04748660,E,空氣污染物申報-一般空氣污染物,氮氧化物,,,2017,10.831000000000001
04748660,E,空氣污染物申報-一般空氣污染物,硫氧化物,,,2017,8.486
04748660,E,空氣污染物申報-一般空氣污染物,粒狀污染物,,,2017,6.1690000000000005
04748660,E,空氣污染物申報-一般空氣污染物,揮發性有機化合物,,,2017,14.448
04748660,E,空氣污染物申報-有害空氣污染物,苯,,,2017,0.079
04748660,E,空氣污染物申報-有害空氣污染物,三氯甲烷,,,2017,0.033
04748660,E,空氣污染物申報-有害空氣污染物,苯乙烯,,,2017,0.012
04748660,E,空氣污染物申報-有害空氣污染物,乙苯,,,2017,0.012
04748660,E,空氣污染物申報-有害空氣污染物,二氯甲烷,,,2017,0.009000000000000001
04748660,E,空氣污染物申報-有害空氣污染物,甲苯,,,2017,0.04
04748660,E,空氣污染物申報-有害空氣污染物,二甲苯,,,2017,1.025
07147916,E,空氣污染物申報-一般空氣污染物,氮氧化物,,,2017,6.839
07147916,E,空氣污染物申報-一般空氣污染物,硫氧化物,,,2017,6.8260000000000005
07147916,E,空氣污染物申報-一般空氣污染物,粒狀污染物,,,2017,1.4140000000000001
07147916,E,空氣污染物申報-一般空氣污染物,揮發性有機化合物,,,2017,290.06500000000005
07147916,E,空氣污染物申報-有害空氣污染物,甲苯,,,2017,280.188
11455800,E,空氣污染物申報-一般空氣污染物,氮氧化物,,,2018,0.29700000000000004
11455800,E,空氣污染物申報-一般空氣污染物,硫氧化物,,,2018,0.40800000000000003
11455800,E,空氣污染物申報-一般空氣污染物,粒狀污染物,,,2018,0.019999999999999997
11455800,E,空氣污染物申報-一般空氣污染物,揮發性有機化合物,,,2018,28.439
11686106,E,空氣污染物申報-一般空氣污染物,氮氧化物,,,2018,55.35
11686106,E,空氣污染物申報-一般空氣污染物,硫氧化物,,,2018,47.06
11686106,E,空氣污染物申報-一般空氣污染物,粒狀污染物,,,2018,39.58
11686106,E,空氣污染物申報-一般空氣污染物,揮發性有機化合物,,,2018,69.285
11686106,E,空氣污染物申報-有害空氣污染物,三氯甲烷,,,2018,0.168
11686106,E,空氣污染物申報-有害空氣污染物,二氯甲烷,,,2018,0.15
11686106,E,空氣污染物申報-有害空氣污染物,甲苯,,,2018,14.57
11686106,E,空氣污染物申報-有害空氣污染物,三氯乙烯,,,2018,0.044000000000000004
11686106,E,空氣污染物申報-有害空氣污染物,戴奧辛,,,2018,0.002
11686106,E,空氣污染物申報-有害空氣污染物,重金屬,,,2018,0.011
11846954,E,空氣污染物申報-一般空氣污染物,揮發性有機化合物,,,2018,0.052
11846954,E,空氣污染物申報-有害空氣污染物,甲苯,,,2018,0.002
11893409,E,空氣污染物申報-一般空氣污染物,氮氧化物,,,2018,21.586
11893409,E,空氣污染物申報-一般空氣污染物,硫氧化物,,,2018,7.060000000000001
11893409,E,空氣污染物申報-一般空氣污染物,粒狀污染物,,,2018,10.509
11893409,E,空氣污染物申報-一般空氣污染物,揮發性有機化合物,,,2018,41.809
11893409,E,空氣污染物申報-有害空氣污染物,苯,,,2018,0.018000000000000002
11893409,E,空氣污染物申報-有害空氣污染物,三氯甲烷,,,2018,0.187
11893409,E,空氣污染物申報-有害空氣污染物,苯乙烯,,,2018,10.125
11893409,E,空氣污染物申報-有害空氣污染物,乙苯,,,2018,0.093
11893409,E,空氣污染物申報-有害空氣污染物,二氯甲烷,,,2018,0.11299999999999999
11893409,E,空氣污染物申報-有害空氣污染物,甲苯,,,2018,0.394
11893409,E,空氣污染物申報-有害空氣污染物,三氯乙烯,,,2018,0.012
11893409,E,空氣污染物申報-有害空氣污染物,二甲苯,,,2018,0.514
11917107,E,空氣污染物申報-一般空氣污染物,氮氧化物,,,2018,21.691
11917107,E,空氣污染物申報-一般空氣污染物,硫氧化物,,,2018,0.092
11917107,E,空氣污染物申報-一般空氣污染物,粒狀污染物,,,2018,0.204
11917107,E,空氣污染物申報-一般空氣污染物,揮發性有機化合物,,,2018,75.515
11917107,E,空氣污染物申報-有害空氣污染物,三氯甲烷,,,2018,0.008
11917107,E,空氣污染物申報-有害空氣污染物,乙苯,,,2018,0.112
11917107,E,空氣污染物申報-有害空氣污染物,二氯甲烷,,,2018,0.005
11917107,E,空氣污染物申報-有害空氣污染物,甲苯,,,2018,0.010000000000000002
11917107,E,空氣污染物申報-有害空氣污染物,二甲苯,,,2018,28.014
12413104,E,空氣污染物申報-一般空氣污染物,揮發性有機化合物,,,2018,5.795
12413104,E,空氣污染物申報-有害空氣污染物,二氯甲烷,,,2018,0.004
14040691,E,空氣污染物申報-一般空氣污染物,氮氧化物,,,2018,31.819
14040691,E,空氣污染物申報-一般空氣污染物,硫氧化物,,,2018,0.027000000000000003
14040691,E,空氣污染物申報-一般空氣污染物,粒狀污染物,,,2018,0.278
14040691,E,空氣污染物申報-一般空氣污染物,揮發性有機化合物,,,2018,36.001000000000005
14040691,E,空氣污染物申報-有害空氣污染物,苯,,,2018,0.035
14040691,E,空氣污染物申報-有害空氣污染物,三氯甲烷,,,2018,0.33
14040691,E,空氣污染物申報-有害空氣污染物,乙苯,,,2018,0.023
14040691,E,空氣污染物申報-有害空氣污染物,二氯甲烷,,,2018,0.253
14040691,E,空氣污染物申報-有害空氣污染物,甲苯,,,2018,0.137
14040691,E,空氣污染物申報-有害空氣污染物,三氯乙烯,,,2018,0.033
14040691,E,空氣污染物申報-有害空氣污染物,二甲苯,,,2018,1.6039999999999999
15024509,E,空氣污染物申報-一般空氣污染物,氮氧化物,,,2018,3.653
15024509,E,空氣污染物申報-一般空氣污染物,硫氧化物,,,2018,4.491
15024509,E,空氣污染物申報-一般空氣污染物,粒狀污染物,,,2018,9.463999999999999
15024509,E,空氣污染物申報-一般空氣污染物,揮發性有機化合物,,,2018,52.036
15024509,E,空氣污染物申報-有害空氣污染物,三氯甲烷,,,2018,0.173
15024509,E,空氣污染物申報-有害空氣污染物,甲苯,,,2018,0.10599999999999998
15024509,E,空氣污染物申報-有害空氣污染物,三氯乙烯,,,2018,0.012
15024509,E,空氣污染物申報-有害空氣污染物,二甲苯,,,2018,0.171
19084015,E,空氣污染物申報-一般空氣污染物,氮氧化物,,,2018,59.685
19084015,E,空氣污染物申報-一般空氣污染物,硫氧化物,,,2018,9.88
19084015,E,空氣污染物申報-一般空氣污染物,粒狀污染物,,,2018,9.514
19084015,E,空氣污染物申報-一般空氣污染物,揮發性有機化合物,,,2018,28.661
19084015,E,空氣污染物申報-有害空氣污染物,苯,,,2018,0.025
19084015,E,空氣污染物申報-有害空氣污染物,三氯甲烷,,,2018,0.33799999999999997
19084015,E,空氣污染物申報-有害空氣污染物,乙苯,,,2018,0.017
19084015,E,空氣污染物申報-有害空氣污染物,二氯甲烷,,,2018,0.191
19084015,E,空氣污染物申報-有害空氣污染物,甲苯,,,2018,0.10200000000000001
19084015,E,空氣污染物申報-有害空氣污染物,三氯乙烯,,,2018,0.025
19084015,E,空氣污染物申報-有害空氣污染物,二甲苯,,,2018,0.671
19084015,E,空氣污染物申報-有害空氣污染物,戴奧辛,,,2018,0.019
20747385,E,空氣污染物申報-一般空氣污染物,氮氧化物,,,2018,5.768000000000001
20747385,E,空氣污染物申報-一般空氣污染物,硫氧化物,,,2018,1.0070000000000001
20747385,E,空氣污染物申報-一般空氣污染物,粒狀污染物,,,2018,2.556
20747385,E,空氣污染物申報-一般空氣污染物,揮發性有機化合物,,,2018,36.86
20747385,E,空氣污染物申報-有害空氣污染物,苯,,,2018,0.669
20747385,E,空氣污染物申報-有害空氣污染物,三氯甲烷,,,2018,1.072
20747385,E,空氣污染物申報-有害空氣污染物,乙苯,,,2018,0.316
20747385,E,空氣污染物申報-有害空氣污染物,二氯甲烷,,,2018,0.009000000000000001
20747385,E,空氣污染物申報-有害空氣污染物,甲苯,,,2018,1.5190000000000001
20747385,E,空氣污染物申報-有害空氣污染物,二甲苯,,,2018,10.538
20844865,E,空氣污染物申報-一般空氣污染物,氮氧化物,,,2018,105.97699999999999
20844865,E,空氣污染物申報-一般空氣污染物,硫氧化物,,,2018,42.964
20844865,E,空氣污染物申報-一般空氣污染物,粒狀污染物,,,2018,8.144
20844865,E,空氣污染物申報-一般空氣污染物,揮發性有機化合物,,,2018,8.431999999999999
20844865,E,空氣污染物申報-有害空氣污染物,苯,,,2018,2.205
20844865,E,空氣污染物申報-有害空氣污染物,三氯甲烷,,,2018,0.07300000000000001
20844865,E,空氣污染物申報-有害空氣污染物,苯乙烯,,,2018,1.295
20844865,E,空氣污染物申報-有害空氣污染物,乙苯,,,2018,0.9630000000000001
20844865,E,空氣污染物申報-有害空氣污染物,甲苯,,,2018,0.42000000000000004
20844865,E,空氣污染物申報-有害空氣污染物,二甲苯,,,2018,0.295
20844865,E,空氣污染物申報-有害空氣污染物,戴奧辛,,,2018,0.009000000000000001
20844865,E,空氣污染物申報-有害空氣污染物,重金屬,,,2018,0.024
22281617,E,空氣污染物申報-一般空氣污染物,氮氧化物,,,2018,2.245
22281617,E,空氣污染物申報-一般空氣污染物,粒狀污染物,,,2018,0.044
22281617,E,空氣污染物申報-一般空氣污染物,揮發性有機化合物,,,2018,4.622000000000001
22318678,E,空氣污染物申報-一般空氣污染物,氮氧化物,,,2018,131.40200000000002
22318678,E,空氣污染物申報-一般空氣污染物,硫氧化物,,,2018,28.358
22318678,E,空氣污染物申報-一般空氣污染物,粒狀污染物,,,2018,8.772000000000002
22318678,E,空氣污染物申報-一般空氣污染物,揮發性有機化合物,,,2018,61.02499999999999
22318678,E,空氣污染物申報-有害空氣污染物,苯,,,2018,0.188
22318678,E,空氣污染物申報-有害空氣污染物,三氯甲烷,,,2018,3.455
22318678,E,空氣污染物申報-有害空氣污染物,乙苯,,,2018,0.127
22318678,E,空氣污染物申報-有害空氣污染物,二氯甲烷,,,2018,1.7429999999999997
22318678,E,空氣污染物申報-有害空氣污染物,甲苯,,,2018,0.9299999999999999
22318678,E,空氣污染物申報-有害空氣污染物,三氯乙烯,,,2018,0.228
22318678,E,空氣污染物申報-有害空氣污染物,二甲苯,,,2018,18.194
35894259,E,空氣污染物申報-一般空氣污染物,氮氧化物,,,2018,10.035
35894259,E,空氣污染物申報-一般空氣污染物,粒狀污染物,,,2018,2.318
35894259,E,空氣污染物申報-一般空氣污染物,揮發性有機化合物,,,2018,71.003
35894259,E,空氣污染物申報-有害空氣污染物,甲苯,,,2018,29.006
42818882,E,空氣污染物申報-一般空氣污染物,氮氧化物,,,2018,237.921
42818882,E,空氣污染物申報-一般空氣污染物,硫氧化物,,,2018,79.83500000000001
42818882,E,空氣污染物申報-一般空氣污染物,粒狀污染物,,,2018,14.604
42818882,E,空氣污染物申報-一般空氣污染物,揮發性有機化合物,,,2018,4.661
42818882,E,空氣污染物申報-有害空氣污染物,苯,,,2018,0.01
42818882,E,空氣污染物申報-有害空氣污染物,三氯甲烷,,,2018,0.093
42818882,E,空氣污染物申報-有害空氣污染物,乙苯,,,2018,0.008
42818882,E,空氣污染物申報-有害空氣污染物,二氯甲烷,,,2018,0.08199999999999999
42818882,E,空氣污染物申報-有害空氣污染物,甲苯,,,2018,0.045
42818882,E,空氣污染物申報-有害空氣污染物,三氯乙烯,,,2018,0.01
51059101,E,空氣污染物申報-一般空氣污染物,氮氧化物,,,2018,0.017
51059101,E,空氣污染物申報-一般空氣污染物,粒狀污染物,,,2018,0.001
51059101,E,空氣污染物申報-一般空氣污染物,揮發性有機化合物,,,2018,2.709
57104700,E,空氣污染物申報-一般空氣污染物,氮氧化物,,,2018,20.186999999999998
57104700,E,空氣污染物申報-一般空氣污染物,硫氧化物,,,2018,14.377
57104700,E,空氣污染物申報-一般空氣污染物,粒狀污染物,,,2018,0.913
57104700,E,空氣污染物申報-一般空氣污染物,揮發性有機化合物,,,2018,2.541
57104700,E,空氣污染物申報-有害空氣污染物,苯乙烯,,,2018,1.032
57104700,E,空氣污染物申報-有害空氣污染物,戴奧辛,,,2018,0.008
57104700,E,空氣污染物申報-有害空氣污染物,重金屬,,,2018,0.002
58650902,E,空氣污染物申報-一般空氣污染物,氮氧化物,,,2018,1396.5990000000002
58650902,E,空氣污染物申報-一般空氣污染物,硫氧化物,,,2018,533.592
58650902,E,空氣污染物申報-一般空氣污染物,粒狀污染物,,,2018,110.286
58650902,E,空氣污染物申報-一般空氣污染物,揮發性有機化合物,,,2018,617.16
58650902,E,空氣污染物申報-有害空氣污染物,苯,,,2018,29.507999999999996
58650902,E,空氣污染物申報-有害空氣污染物,四氯化碳,,,2018,0.004
58650902,E,空氣污染物申報-有害空氣污染物,三氯甲烷,,,2018,2.6020000000000003
58650902,E,空氣污染物申報-有害空氣污染物,苯乙烯,,,2018,20.459
58650902,E,空氣污染物申報-有害空氣污染物,乙苯,,,2018,6.433000000000001
58650902,E,空氣污染物申報-有害空氣污染物,二氯甲烷,,,2018,10.957000000000003
58650902,E,空氣污染物申報-有害空氣污染物,甲苯,,,2018,14.185
58650902,E,空氣污染物申報-有害空氣污染物,三氯乙烯,,,2018,0.30100000000000005
58650902,E,空氣污染物申報-有害空氣污染物,二甲苯,,,2018,35.87
58650902,E,空氣污染物申報-有害空氣污染物,戴奧辛,,,2018,0.21200000000000002
58650902,E,空氣污染物申報-有害空氣污染物,重金屬,,,2018,0.044000000000000004
68192103,E,空氣污染物申報-一般空氣污染物,粒狀污染物,,,2018,0.014
68192103,E,空氣污染物申報-一般空氣污染物,揮發性有機化合物,,,2018,22.831999999999997
68192103,E,空氣污染物申報-有害空氣污染物,甲苯,,,2018,4.034
68192103,E,空氣污染物申報-有害空氣污染物,二甲苯,,,2018,3.558
72104709,E,空氣污染物申報-一般空氣污染物,氮氧化物,,,2018,1.879
72104709,E,空氣污染物申報-一般空氣污染物,硫氧化物,,,2018,0.5710000000000001
72104709,E,空氣污染物申報-一般空氣污染物,粒狀污染物,,,2018,0.05399999999999999
72104709,E,空氣污染物申報-一般空氣污染物,揮發性有機化合物,,,2018,143.56199999999998
72104709,E,空氣污染物申報-有害空氣污染物,甲苯,,,2018,3.6670000000000003
73644351,E,空氣污染物申報-一般空氣污染物,揮發性有機化合物,,,2018,6.195
75370905,E,空氣污染物申報-一般空氣污染物,氮氧化物,,,2018,1408.1069999999995
75370905,E,空氣污染物申報-一般空氣污染物,硫氧化物,,,2018,557.8760000000001
75370905,E,空氣污染物申報-一般空氣污染物,粒狀污染物,,,2018,149.913
75370905,E,空氣污染物申報-一般空氣污染物,揮發性有機化合物,,,2018,2643.689999999999
75370905,E,空氣污染物申報-有害空氣污染物,苯,,,2018,0.9590000000000001
75370905,E,空氣污染物申報-有害空氣污染物,三氯甲烷,,,2018,1.055
75370905,E,空氣污染物申報-有害空氣污染物,苯乙烯,,,2018,7.603000000000001
75370905,E,空氣污染物申報-有害空氣污染物,乙苯,,,2018,3.606
75370905,E,空氣污染物申報-有害空氣污染物,二氯甲烷,,,2018,7.5840000000000005
75370905,E,空氣污染物申報-有害空氣污染物,甲苯,,,2018,122.255
75370905,E,空氣污染物申報-有害空氣污染物,三氯乙烯,,,2018,0.11000000000000003
75370905,E,空氣污染物申報-有害空氣污染物,二甲苯,,,2018,55.53
75370905,E,空氣污染物申報-有害空氣污染物,戴奧辛,,,2018,0.004
75370905,E,空氣污染物申報-有害空氣污染物,重金屬,,,2018,0.07800000000000001
75708007,E,空氣污染物申報-一般空氣污染物,氮氧化物,,,2018,1845.7299999999998
75708007,E,空氣污染物申報-一般空氣污染物,硫氧化物,,,2018,981.2069999999998
75708007,E,空氣污染物申報-一般空氣污染物,粒狀污染物,,,2018,404.5540000000001
75708007,E,空氣污染物申報-一般空氣污染物,揮發性有機化合物,,,2018,457.1790000000001
75708007,E,空氣污染物申報-有害空氣污染物,苯,,,2018,0.41300000000000003
75708007,E,空氣污染物申報-有害空氣污染物,三氯甲烷,,,2018,2.0009999999999994
75708007,E,空氣污染物申報-有害空氣污染物,苯乙烯,,,2018,12.974
75708007,E,空氣污染物申報-有害空氣污染物,乙苯,,,2018,0.148
75708007,E,空氣污染物申報-有害空氣污染物,二氯甲烷,,,2018,1.054
75708007,E,空氣污染物申報-有害空氣污染物,甲苯,,,2018,8.902
75708007,E,空氣污染物申報-有害空氣污染物,三氯乙烯,,,2018,0.09000000000000001
75708007,E,空氣污染物申報-有害空氣污染物,二甲苯,,,2018,21.991
75708007,E,空氣污染物申報-有害空氣污染物,戴奧辛,,,2018,0.08500000000000002
75708007,E,空氣污染物申報-有害空氣污染物,重金屬,,,2018,0.057
83387850,E,空氣污染物申報-一般空氣污染物,氮氧化物,,,2018,19.358
83387850,E,空氣污染物申報-一般空氣污染物,硫氧化物,,,2018,0.018
83387850,E,空氣污染物申報-一般空氣污染物,粒狀污染物,,,2018,0.389
83387850,E,空氣污染物申報-一般空氣污染物,揮發性有機化合物,,,2018,244.908
83387850,E,空氣污染物申報-有害空氣污染物,苯,,,2018,0.008
83387850,E,空氣污染物申報-有害空氣污染物,三氯甲烷,,,2018,0.075
83387850,E,空氣污染物申報-有害空氣污染物,苯乙烯,,,2018,0.079
83387850,E,空氣污染物申報-有害空氣污染物,乙苯,,,2018,0.004
83387850,E,空氣污染物申報-有害空氣污染物,二氯甲烷,,,2018,0.055999999999999994
83387850,E,空氣污染物申報-有害空氣污染物,甲苯,,,2018,53.638000000000005
83387850,E,空氣污染物申報-有害空氣污染物,三氯乙烯,,,2018,0.008
83387850,E,空氣污染物申報-有害空氣污染物,二甲苯,,,2018,6.646
86120031,E,空氣污染物申報-一般空氣污染物,氮氧化物,,,2018,272.788
86120031,E,空氣污染物申報-一般空氣污染物,硫氧化物,,,2018,357.16600000000005
86120031,E,空氣污染物申報-一般空氣污染物,粒狀污染物,,,2018,34.542
86120031,E,空氣污染物申報-一般空氣污染物,揮發性有機化合物,,,2018,63.525000000000006
86120031,E,空氣污染物申報-有害空氣污染物,苯,,,2018,9.094
86120031,E,空氣污染物申報-有害空氣污染物,三氯甲烷,,,2018,0.253
86120031,E,空氣污染物申報-有害空氣污染物,乙苯,,,2018,0.162
86120031,E,空氣污染物申報-有害空氣污染物,二氯甲烷,,,2018,0.202
86120031,E,空氣污染物申報-有害空氣污染物,甲苯,,,2018,0.10800000000000001
86120031,E,空氣污染物申報-有害空氣污染物,三氯乙烯,,,2018,0.027000000000000003
86120031,E,空氣污染物申報-有害空氣污染物,戴奧辛,,,2018,0.006
86120031,E,空氣污染物申報-有害空氣污染物,重金屬,,,2018,0.012
86522210,E,空氣污染物申報-一般空氣污染物,氮氧化物,,,2018,8500.354
86522210,E,空氣污染物申報-一般空氣污染物,硫氧化物,,,2018,3342.9379999999996
86522210,E,空氣污染物申報-一般空氣污染物,粒狀污染物,,,2018,683.0010000000001
86522210,E,空氣污染物申報-一般空氣污染物,揮發性有機化合物,,,2018,1337.058
86522210,E,空氣污染物申報-有害空氣污染物,苯,,,2018,2.0940000000000003
86522210,E,空氣污染物申報-有害空氣污染物,三氯甲烷,,,2018,7.135000000000001
86522210,E,空氣污染物申報-有害空氣污染物,乙苯,,,2018,2.383
86522210,E,空氣污染物申報-有害空氣污染物,二氯甲烷,,,2018,6.343
86522210,E,空氣污染物申報-有害空氣污染物,甲苯,,,2018,27.456999999999994
86522210,E,空氣污染物申報-有害空氣污染物,三氯乙烯,,,2018,0.8360000000000001
86522210,E,空氣污染物申報-有害空氣污染物,二甲苯,,,2018,82.79899999999999
86522210,E,空氣污染物申報-有害空氣污染物,戴奧辛,,,2018,0.008
86522210,E,空氣污染物申報-有害空氣污染物,重金屬,,,2018,0.124
89323361,E,空氣污染物申報-一般空氣污染物,揮發性有機化合物,,,2018,2.477
89323361,E,空氣污染物申報-有害空氣污染物,甲苯,,,2018,0.016
03707901,E,空氣污染物申報-一般空氣污染物,氮氧化物,,,2018,3547.9660000000003
03707901,E,空氣污染物申報-一般空氣污染物,硫氧化物,,,2018,1061.4969999999998
03707901,E,空氣污染物申報-一般空氣污染物,粒狀污染物,,,2018,218.48700000000005
03707901,E,空氣污染物申報-一般空氣污染物,揮發性有機化合物,,,2018,4177.916999999999
03707901,E,空氣污染物申報-有害空氣污染物,苯,,,2018,47.985
03707901,E,空氣污染物申報-有害空氣污染物,四氯化碳,,,2018,0.006
03707901,E,空氣污染物申報-有害空氣污染物,三氯甲烷,,,2018,13.535000000000002
03707901,E,空氣污染物申報-有害空氣污染物,苯乙烯,,,2018,5.507
03707901,E,空氣污染物申報-有害空氣污染物,四氯乙烯,,,2018,0.089
03707901,E,空氣污染物申報-有害空氣污染物,乙苯,,,2018,30.154000000000003
03707901,E,空氣污染物申報-有害空氣污染物,二氯甲烷,,,2018,11.156
03707901,E,空氣污染物申報-有害空氣污染物,甲苯,,,2018,159.551
03707901,E,空氣污染物申報-有害空氣污染物,三氯乙烯,,,2018,1.4759999999999998
03707901,E,空氣污染物申報-有害空氣污染物,二甲苯,,,2018,208.665
03707901,E,空氣污染物申報-有害空氣污染物,戴奧辛,,,2018,0.016
03707901,E,空氣污染物申報-有害空氣污染物,重金屬,,,2018,0.018000000000000002
03084741,E,空氣污染物申報-一般空氣污染物,氮氧化物,,,2018,632.4920000000001
03084741,E,空氣污染物申報-一般空氣污染物,硫氧化物,,,2018,168.156
03084741,E,空氣污染物申報-一般空氣污染物,粒狀污染物,,,2018,59.99300000000001
03084741,E,空氣污染物申報-一般空氣污染物,揮發性有機化合物,,,2018,1334.97
03084741,E,空氣污染物申報-有害空氣污染物,苯,,,2018,11.13
03084741,E,空氣污染物申報-有害空氣污染物,三氯甲烷,,,2018,6.088
03084741,E,空氣污染物申報-有害空氣污染物,乙苯,,,2018,0.334
03084741,E,空氣污染物申報-有害空氣污染物,二氯甲烷,,,2018,0.733
03084741,E,空氣污染物申報-有害空氣污染物,甲苯,,,2018,26.047
03084741,E,空氣污染物申報-有害空氣污染物,三氯乙烯,,,2018,0.09599999999999999
03084741,E,空氣污染物申報-有害空氣污染物,二甲苯,,,2018,4.089
03084741,E,空氣污染物申報-有害空氣污染物,戴奧辛,,,2018,0.305
03084741,E,空氣污染物申報-有害空氣污染物,重金屬,,,2018,0.05
04212250,E,空氣污染物申報-一般空氣污染物,氮氧化物,,,2018,199.567
04212250,E,空氣污染物申報-一般空氣污染物,硫氧化物,,,2018,137.35299999999998
04212250,E,空氣污染物申報-一般空氣污染物,粒狀污染物,,,2018,21.696
04212250,E,空氣污染物申報-一般空氣污染物,揮發性有機化合物,,,2018,36.998
04212250,E,空氣污染物申報-有害空氣污染物,苯,,,2018,11.832
04212250,E,空氣污染物申報-有害空氣污染物,三氯甲烷,,,2018,0.276
04212250,E,空氣污染物申報-有害空氣污染物,苯乙烯,,,2018,5.737
04212250,E,空氣污染物申報-有害空氣污染物,乙苯,,,2018,2.0900000000000003
04212250,E,空氣污染物申報-有害空氣污染物,二氯甲烷,,,2018,0.222
04212250,E,空氣污染物申報-有害空氣污染物,甲苯,,,2018,0.749
04212250,E,空氣污染物申報-有害空氣污染物,三氯乙烯,,,2018,0.03
04212250,E,空氣污染物申報-有害空氣污染物,二甲苯,,,2018,0.02
04212250,E,空氣污染物申報-有害空氣污染物,戴奧辛,,,2018,0.009000000000000001
04212250,E,空氣污染物申報-有害空氣污染物,重金屬,,,2018,0.438
07147916,E,空氣污染物申報-一般空氣污染物,氮氧化物,,,2018,7.117
07147916,E,空氣污染物申報-一般空氣污染物,硫氧化物,,,2018,9.223999999999998
07147916,E,空氣污染物申報-一般空氣污染物,粒狀污染物,,,2018,1.336
07147916,E,空氣污染物申報-一般空氣污染物,揮發性有機化合物,,,2018,245.923
07147916,E,空氣污染物申報-有害空氣污染物,苯,,,2018,0.014
07147916,E,空氣污染物申報-有害空氣污染物,甲苯,,,2018,225.034
04748660,E,空氣污染物申報-一般空氣污染物,氮氧化物,,,2018,8.736
04748660,E,空氣污染物申報-一般空氣污染物,硫氧化物,,,2018,13.078
04748660,E,空氣污染物申報-一般空氣污染物,粒狀污染物,,,2018,2.883
04748660,E,空氣污染物申報-一般空氣污染物,揮發性有機化合物,,,2018,15.036
04748660,E,空氣污染物申報-有害空氣污染物,苯,,,2018,0.069
04748660,E,空氣污染物申報-有害空氣污染物,三氯甲烷,,,2018,0.137
04748660,E,空氣污染物申報-有害空氣污染物,苯乙烯,,,2018,0.003
04748660,E,空氣污染物申報-有害空氣污染物,乙苯,,,2018,0.012
04748660,E,空氣污染物申報-有害空氣污染物,二氯甲烷,,,2018,0.012
04748660,E,空氣污染物申報-有害空氣污染物,甲苯,,,2018,0.038
04748660,E,空氣污染物申報-有害空氣污染物,三氯乙烯,,,2018,0.001
04748660,E,空氣污染物申報-有害空氣污染物,二甲苯,,,2018,0.821
11455800,E,空氣污染物申報-一般空氣污染物,氮氧化物,,,2019,0.196
11455800,E,空氣污染物申報-一般空氣污染物,硫氧化物,,,2019,0.22899999999999998
11455800,E,空氣污染物申報-一般空氣污染物,粒狀污染物,,,2019,0.024
11455800,E,空氣污染物申報-一般空氣污染物,揮發性有機化合物,,,2019,25.109
11686106,E,空氣污染物申報-一般空氣污染物,氮氧化物,,,2019,45.826
11686106,E,空氣污染物申報-一般空氣污染物,硫氧化物,,,2019,51.032
11686106,E,空氣污染物申報-一般空氣污染物,粒狀污染物,,,2019,25.682
11686106,E,空氣污染物申報-一般空氣污染物,揮發性有機化合物,,,2019,83.16899999999998
11686106,E,空氣污染物申報-有害空氣污染物,三氯甲烷,,,2019,0.267
11686106,E,空氣污染物申報-有害空氣污染物,二氯甲烷,,,2019,0.213
11686106,E,空氣污染物申報-有害空氣污染物,甲苯,,,2019,14.435000000000002
11686106,E,空氣污染物申報-有害空氣污染物,三氯乙烯,,,2019,0.06899999999999999
11686106,E,空氣污染物申報-有害空氣污染物,戴奧辛,,,2019,0.003
11686106,E,空氣污染物申報-有害空氣污染物,重金屬,,,2019,0.025
11846954,E,空氣污染物申報-一般空氣污染物,揮發性有機化合物,,,2019,0.107
11846954,E,空氣污染物申報-有害空氣污染物,甲苯,,,2019,0.004
11893409,E,空氣污染物申報-一般空氣污染物,氮氧化物,,,2019,22.259
11893409,E,空氣污染物申報-一般空氣污染物,硫氧化物,,,2019,3.8249999999999993
11893409,E,空氣污染物申報-一般空氣污染物,粒狀污染物,,,2019,4.139
11893409,E,空氣污染物申報-一般空氣污染物,揮發性有機化合物,,,2019,37.821999999999996
11893409,E,空氣污染物申報-有害空氣污染物,苯,,,2019,0.011
11893409,E,空氣污染物申報-有害空氣污染物,三氯甲烷,,,2019,0.067
11893409,E,空氣污染物申報-有害空氣污染物,苯乙烯,,,2019,9.410999999999998
11893409,E,空氣污染物申報-有害空氣污染物,乙苯,,,2019,0.06699999999999999
11893409,E,空氣污染物申報-有害空氣污染物,二氯甲烷,,,2019,0.035
11893409,E,空氣污染物申報-有害空氣污染物,甲苯,,,2019,0.269
11893409,E,空氣污染物申報-有害空氣污染物,三氯乙烯,,,2019,0.004
11893409,E,空氣污染物申報-有害空氣污染物,二甲苯,,,2019,0.319
11917107,E,空氣污染物申報-一般空氣污染物,氮氧化物,,,2019,27.319000000000003
11917107,E,空氣污染物申報-一般空氣污染物,粒狀污染物,,,2019,1.255
11917107,E,空氣污染物申報-一般空氣污染物,揮發性有機化合物,,,2019,76.10900000000001
11917107,E,空氣污染物申報-有害空氣污染物,三氯甲烷,,,2019,0.066
11917107,E,空氣污染物申報-有害空氣污染物,苯乙烯,,,2019,1.395
11917107,E,空氣污染物申報-有害空氣污染物,乙苯,,,2019,0.07900000000000001
11917107,E,空氣污染物申報-有害空氣污染物,二氯甲烷,,,2019,0.012
11917107,E,空氣污染物申報-有害空氣污染物,甲苯,,,2019,0.009000000000000001
11917107,E,空氣污染物申報-有害空氣污染物,二甲苯,,,2019,29.47
12413104,E,空氣污染物申報-一般空氣污染物,揮發性有機化合物,,,2019,5.874
12413104,E,空氣污染物申報-有害空氣污染物,二氯甲烷,,,2019,0.006
14040691,E,空氣污染物申報-一般空氣污染物,氮氧化物,,,2019,16.482
14040691,E,空氣污染物申報-一般空氣污染物,硫氧化物,,,2019,0.03
14040691,E,空氣污染物申報-一般空氣污染物,粒狀污染物,,,2019,0.239
14040691,E,空氣污染物申報-一般空氣污染物,揮發性有機化合物,,,2019,25.726
14040691,E,空氣污染物申報-有害空氣污染物,苯,,,2019,0.012
14040691,E,空氣污染物申報-有害空氣污染物,三氯甲烷,,,2019,0.079
14040691,E,空氣污染物申報-有害空氣污染物,乙苯,,,2019,0.007
14040691,E,空氣污染物申報-有害空氣污染物,二氯甲烷,,,2019,0.069
14040691,E,空氣污染物申報-有害空氣污染物,甲苯,,,2019,0.039
14040691,E,空氣污染物申報-有害空氣污染物,三氯乙烯,,,2019,0.01
14040691,E,空氣污染物申報-有害空氣污染物,二甲苯,,,2019,1.351
15024509,E,空氣污染物申報-一般空氣污染物,氮氧化物,,,2019,8.517
15024509,E,空氣污染物申報-一般空氣污染物,硫氧化物,,,2019,8.508
15024509,E,空氣污染物申報-一般空氣污染物,粒狀污染物,,,2019,1.379
15024509,E,空氣污染物申報-一般空氣污染物,揮發性有機化合物,,,2019,66.001
15024509,E,空氣污染物申報-有害空氣污染物,三氯甲烷,,,2019,0.156
15024509,E,空氣污染物申報-有害空氣污染物,甲苯,,,2019,0.9300000000000002
15024509,E,空氣污染物申報-有害空氣污染物,三氯乙烯,,,2019,0.012
15024509,E,空氣污染物申報-有害空氣污染物,二甲苯,,,2019,0.185
19084015,E,空氣污染物申報-一般空氣污染物,氮氧化物,,,2019,46.861
19084015,E,空氣污染物申報-一般空氣污染物,硫氧化物,,,2019,7.739
19084015,E,空氣污染物申報-一般空氣污染物,粒狀污染物,,,2019,6.101
19084015,E,空氣污染物申報-一般空氣污染物,揮發性有機化合物,,,2019,20.124
19084015,E,空氣污染物申報-有害空氣污染物,苯,,,2019,0.024
19084015,E,空氣污染物申報-有害空氣污染物,三氯甲烷,,,2019,0.21200000000000002
19084015,E,空氣污染物申報-有害空氣污染物,乙苯,,,2019,0.016
19084015,E,空氣污染物申報-有害空氣污染物,二氯甲烷,,,2019,0.182
19084015,E,空氣污染物申報-有害空氣污染物,甲苯,,,2019,0.097
19084015,E,空氣污染物申報-有害空氣污染物,三氯乙烯,,,2019,0.024
19084015,E,空氣污染物申報-有害空氣污染物,二甲苯,,,2019,0.43700000000000006
19084015,E,空氣污染物申報-有害空氣污染物,戴奧辛,,,2019,0.032
20747385,E,空氣污染物申報-一般空氣污染物,氮氧化物,,,2019,5.519
20747385,E,空氣污染物申報-一般空氣污染物,硫氧化物,,,2019,0.837
20747385,E,空氣污染物申報-一般空氣污染物,粒狀污染物,,,2019,1.605
20747385,E,空氣污染物申報-一般空氣污染物,揮發性有機化合物,,,2019,37.714999999999996
20747385,E,空氣污染物申報-有害空氣污染物,苯,,,2019,0.6260000000000001
20747385,E,空氣污染物申報-有害空氣污染物,三氯甲烷,,,2019,0.087
20747385,E,空氣污染物申報-有害空氣污染物,乙苯,,,2019,0.29500000000000004
20747385,E,空氣污染物申報-有害空氣污染物,二氯甲烷,,,2019,0.009000000000000001
20747385,E,空氣污染物申報-有害空氣污染物,甲苯,,,2019,1.419
20747385,E,空氣污染物申報-有害空氣污染物,二甲苯,,,2019,15.166
20844865,E,空氣污染物申報-一般空氣污染物,氮氧化物,,,2019,97.491
20844865,E,空氣污染物申報-一般空氣污染物,硫氧化物,,,2019,16.5
20844865,E,空氣污染物申報-一般空氣污染物,粒狀污染物,,,2019,9.254
20844865,E,空氣污染物申報-一般空氣污染物,揮發性有機化合物,,,2019,7.158999999999999
20844865,E,空氣污染物申報-有害空氣污染物,苯,,,2019,1.6520000000000001
20844865,E,空氣污染物申報-有害空氣污染物,三氯甲烷,,,2019,0.021
20844865,E,空氣污染物申報-有害空氣污染物,苯乙烯,,,2019,1.2329999999999999
20844865,E,空氣污染物申報-有害空氣污染物,乙苯,,,2019,0.7380000000000001
20844865,E,空氣污染物申報-有害空氣污染物,甲苯,,,2019,0.326
20844865,E,空氣污染物申報-有害空氣污染物,二甲苯,,,2019,0.802
20844865,E,空氣污染物申報-有害空氣污染物,戴奧辛,,,2019,0.009000000000000001
20844865,E,空氣污染物申報-有害空氣污染物,重金屬,,,2019,0.046
22281617,E,空氣污染物申報-一般空氣污染物,氮氧化物,,,2019,2.1819999999999995
22281617,E,空氣污染物申報-一般空氣污染物,粒狀污染物,,,2019,0.092
22281617,E,空氣污染物申報-一般空氣污染物,揮發性有機化合物,,,2019,3.851
22318678,E,空氣污染物申報-一般空氣污染物,氮氧化物,,,2019,120.99199999999999
22318678,E,空氣污染物申報-一般空氣污染物,硫氧化物,,,2019,69.868
22318678,E,空氣污染物申報-一般空氣污染物,粒狀污染物,,,2019,12.312
22318678,E,空氣污染物申報-一般空氣污染物,揮發性有機化合物,,,2019,52.099000000000004
22318678,E,空氣污染物申報-有害空氣污染物,苯,,,2019,0.17199999999999996
22318678,E,空氣污染物申報-有害空氣污染物,三氯甲烷,,,2019,1.541
22318678,E,空氣污染物申報-有害空氣污染物,乙苯,,,2019,0.11699999999999999
22318678,E,空氣污染物申報-有害空氣污染物,二氯甲烷,,,2019,1.2999999999999998
22318678,E,空氣污染物申報-有害空氣污染物,甲苯,,,2019,0.6959999999999998
22318678,E,空氣污染物申報-有害空氣污染物,三氯乙烯,,,2019,0.16999999999999996
22318678,E,空氣污染物申報-有害空氣污染物,二甲苯,,,2019,7.783
35894259,E,空氣污染物申報-一般空氣污染物,氮氧化物,,,2019,9.167000000000002
35894259,E,空氣污染物申報-一般空氣污染物,粒狀污染物,,,2019,1.583
35894259,E,空氣污染物申報-一般空氣污染物,揮發性有機化合物,,,2019,54.944
35894259,E,空氣污染物申報-有害空氣污染物,甲苯,,,2019,15.181999999999999
42818882,E,空氣污染物申報-一般空氣污染物,氮氧化物,,,2019,261.918
42818882,E,空氣污染物申報-一般空氣污染物,硫氧化物,,,2019,89.131
42818882,E,空氣污染物申報-一般空氣污染物,粒狀污染物,,,2019,10.508000000000001
42818882,E,空氣污染物申報-一般空氣污染物,揮發性有機化合物,,,2019,4.470000000000001
42818882,E,空氣污染物申報-有害空氣污染物,苯,,,2019,0.007
42818882,E,空氣污染物申報-有害空氣污染物,三氯甲烷,,,2019,0.07
42818882,E,空氣污染物申報-有害空氣污染物,乙苯,,,2019,0.007
42818882,E,空氣污染物申報-有害空氣污染物,二氯甲烷,,,2019,0.063
42818882,E,空氣污染物申報-有害空氣污染物,甲苯,,,2019,0.034
42818882,E,空氣污染物申報-有害空氣污染物,三氯乙烯,,,2019,0.007
51059101,E,空氣污染物申報-一般空氣污染物,氮氧化物,,,2019,0.013999999999999999
51059101,E,空氣污染物申報-一般空氣污染物,粒狀污染物,,,2019,0.004
51059101,E,空氣污染物申報-一般空氣污染物,揮發性有機化合物,,,2019,2.874
57104700,E,空氣污染物申報-一般空氣污染物,氮氧化物,,,2019,20.402
57104700,E,空氣污染物申報-一般空氣污染物,硫氧化物,,,2019,10.155000000000001
57104700,E,空氣污染物申報-一般空氣污染物,粒狀污染物,,,2019,0.904
57104700,E,空氣污染物申報-一般空氣污染物,揮發性有機化合物,,,2019,1.49
57104700,E,空氣污染物申報-有害空氣污染物,苯乙烯,,,2019,0.6779999999999999
57104700,E,空氣污染物申報-有害空氣污染物,戴奧辛,,,2019,0.009000000000000001
57104700,E,空氣污染物申報-有害空氣污染物,重金屬,,,2019,0.003
58650902,E,空氣污染物申報-一般空氣污染物,氮氧化物,,,2019,1295.0500000000002
58650902,E,空氣污染物申報-一般空氣污染物,硫氧化物,,,2019,360.539
58650902,E,空氣污染物申報-一般空氣污染物,粒狀污染物,,,2019,88.33099999999999
58650902,E,空氣污染物申報-一般空氣污染物,揮發性有機化合物,,,2019,610.5989999999999
58650902,E,空氣污染物申報-有害空氣污染物,苯,,,2019,28.164
58650902,E,空氣污染物申報-有害空氣污染物,四氯化碳,,,2019,0.004
58650902,E,空氣污染物申報-有害空氣污染物,三氯甲烷,,,2019,2.496
58650902,E,空氣污染物申報-有害空氣污染物,苯乙烯,,,2019,23.772000000000002
58650902,E,空氣污染物申報-有害空氣污染物,乙苯,,,2019,6.189000000000001
58650902,E,空氣污染物申報-有害空氣污染物,二氯甲烷,,,2019,11.075
58650902,E,空氣污染物申報-有害空氣污染物,甲苯,,,2019,16.482999999999997
58650902,E,空氣污染物申報-有害空氣污染物,三氯乙烯,,,2019,0.286
58650902,E,空氣污染物申報-有害空氣污染物,二甲苯,,,2019,44.782000000000004
58650902,E,空氣污染物申報-有害空氣污染物,戴奧辛,,,2019,0.7090000000000001
58650902,E,空氣污染物申報-有害空氣污染物,重金屬,,,2019,0.08900000000000001
68192103,E,空氣污染物申報-一般空氣污染物,粒狀污染物,,,2019,0.024000000000000004
68192103,E,空氣污染物申報-一般空氣污染物,揮發性有機化合物,,,2019,31.053000000000004
68192103,E,空氣污染物申報-有害空氣污染物,甲苯,,,2019,5.317
68192103,E,空氣污染物申報-有害空氣污染物,二甲苯,,,2019,5.321999999999999
72104709,E,空氣污染物申報-一般空氣污染物,氮氧化物,,,2019,1.6389999999999998
72104709,E,空氣污染物申報-一般空氣污染物,粒狀污染物,,,2019,0.05000000000000001
72104709,E,空氣污染物申報-一般空氣污染物,揮發性有機化合物,,,2019,129.78699999999998
72104709,E,空氣污染物申報-有害空氣污染物,甲苯,,,2019,0.326
73644351,E,空氣污染物申報-一般空氣污染物,揮發性有機化合物,,,2019,7.4910000000000005
75370905,E,空氣污染物申報-一般空氣污染物,氮氧化物,,,2019,1304.9969999999998
75370905,E,空氣污染物申報-一般空氣污染物,硫氧化物,,,2019,574.3129999999999
75370905,E,空氣污染物申報-一般空氣污染物,粒狀污染物,,,2019,83.303
75370905,E,空氣污染物申報-一般空氣污染物,揮發性有機化合物,,,2019,1996.7909999999997
75370905,E,空氣污染物申報-有害空氣污染物,苯,,,2019,1.007
75370905,E,空氣污染物申報-有害空氣污染物,三氯甲烷,,,2019,4.387
75370905,E,空氣污染物申報-有害空氣污染物,苯乙烯,,,2019,5.8740000000000006
75370905,E,空氣污染物申報-有害空氣污染物,乙苯,,,2019,2.895
75370905,E,空氣污染物申報-有害空氣污染物,二氯甲烷,,,2019,6.8870000000000005
75370905,E,空氣污染物申報-有害空氣污染物,甲苯,,,2019,127.46500000000002
75370905,E,空氣污染物申報-有害空氣污染物,三氯乙烯,,,2019,0.08
75370905,E,空氣污染物申報-有害空氣污染物,二甲苯,,,2019,54.771
75370905,E,空氣污染物申報-有害空氣污染物,戴奧辛,,,2019,0.022000000000000006
75370905,E,空氣污染物申報-有害空氣污染物,重金屬,,,2019,0.16800000000000004
75708007,E,空氣污染物申報-一般空氣污染物,氮氧化物,,,2019,1730.9030000000002
75708007,E,空氣污染物申報-一般空氣污染物,硫氧化物,,,2019,1028.666
75708007,E,空氣污染物申報-一般空氣污染物,粒狀污染物,,,2019,395.1389999999999
75708007,E,空氣污染物申報-一般空氣污染物,揮發性有機化合物,,,2019,399.93300000000005
75708007,E,空氣污染物申報-有害空氣污染物,苯,,,2019,0.28600000000000003
75708007,E,空氣污染物申報-有害空氣污染物,三氯甲烷,,,2019,2.25
75708007,E,空氣污染物申報-有害空氣污染物,苯乙烯,,,2019,7.482
75708007,E,空氣污染物申報-有害空氣污染物,乙苯,,,2019,0.20800000000000002
75708007,E,空氣污染物申報-有害空氣污染物,二氯甲烷,,,2019,1.36
75708007,E,空氣污染物申報-有害空氣污染物,甲苯,,,2019,8.916
75708007,E,空氣污染物申報-有害空氣污染物,三氯乙烯,,,2019,0.057
75708007,E,空氣污染物申報-有害空氣污染物,二甲苯,,,2019,27.019000000000005
75708007,E,空氣污染物申報-有害空氣污染物,戴奧辛,,,2019,0.14500000000000002
75708007,E,空氣污染物申報-有害空氣污染物,重金屬,,,2019,0.21299999999999997
83387850,E,空氣污染物申報-一般空氣污染物,氮氧化物,,,2019,13.359000000000002
83387850,E,空氣污染物申報-一般空氣污染物,粒狀污染物,,,2019,0.416
83387850,E,空氣污染物申報-一般空氣污染物,揮發性有機化合物,,,2019,110.189
83387850,E,空氣污染物申報-有害空氣污染物,苯,,,2019,0.008
83387850,E,空氣污染物申報-有害空氣污染物,四氯化碳,,,2019,0.001
83387850,E,空氣污染物申報-有害空氣污染物,三氯甲烷,,,2019,0.059000000000000004
83387850,E,空氣污染物申報-有害空氣污染物,苯乙烯,,,2019,0.191
83387850,E,空氣污染物申報-有害空氣污染物,四氯乙烯,,,2019,0.001
83387850,E,空氣污染物申報-有害空氣污染物,乙苯,,,2019,0.005
83387850,E,空氣污染物申報-有害空氣污染物,二氯甲烷,,,2019,0.052
83387850,E,空氣污染物申報-有害空氣污染物,甲苯,,,2019,3.2169999999999996
83387850,E,空氣污染物申報-有害空氣污染物,三氯乙烯,,,2019,0.008
83387850,E,空氣污染物申報-有害空氣污染物,二甲苯,,,2019,5.163
86120031,E,空氣污染物申報-一般空氣污染物,氮氧化物,,,2019,120.316
86120031,E,空氣污染物申報-一般空氣污染物,硫氧化物,,,2019,43.039
86120031,E,空氣污染物申報-一般空氣污染物,粒狀污染物,,,2019,5.941999999999999
86120031,E,空氣污染物申報-一般空氣污染物,揮發性有機化合物,,,2019,147.948
86120031,E,空氣污染物申報-有害空氣污染物,苯,,,2019,6.614000000000001
86120031,E,空氣污染物申報-有害空氣污染物,三氯甲烷,,,2019,0.333
86120031,E,空氣污染物申報-有害空氣污染物,乙苯,,,2019,0.19099999999999998
86120031,E,空氣污染物申報-有害空氣污染物,二氯甲烷,,,2019,0.29000000000000004
86120031,E,空氣污染物申報-有害空氣污染物,甲苯,,,2019,0.24200000000000002
86120031,E,空氣污染物申報-有害空氣污染物,三氯乙烯,,,2019,0.034
86120031,E,空氣污染物申報-有害空氣污染物,戴奧辛,,,2019,0.004
86120031,E,空氣污染物申報-有害空氣污染物,重金屬,,,2019,0.008
86522210,E,空氣污染物申報-一般空氣污染物,氮氧化物,,,2019,8492.277
86522210,E,空氣污染物申報-一般空氣污染物,硫氧化物,,,2019,3156.986999999999
86522210,E,空氣污染物申報-一般空氣污染物,粒狀污染物,,,2019,674.4549999999999
86522210,E,空氣污染物申報-一般空氣污染物,揮發性有機化合物,,,2019,1348.1190000000001
86522210,E,空氣污染物申報-有害空氣污染物,苯,,,2019,1.698
86522210,E,空氣污染物申報-有害空氣污染物,三氯甲烷,,,2019,5.7139999999999995
86522210,E,空氣污染物申報-有害空氣污染物,乙苯,,,2019,2.301
86522210,E,空氣污染物申報-有害空氣污染物,二氯甲烷,,,2019,5.08
86522210,E,空氣污染物申報-有害空氣污染物,甲苯,,,2019,29.44
86522210,E,空氣污染物申報-有害空氣污染物,三氯乙烯,,,2019,0.6699999999999999
86522210,E,空氣污染物申報-有害空氣污染物,二甲苯,,,2019,102.24000000000001
86522210,E,空氣污染物申報-有害空氣污染物,戴奧辛,,,2019,0.009000000000000001
86522210,E,空氣污染物申報-有害空氣污染物,重金屬,,,2019,0.23000000000000004
89323361,E,空氣污染物申報-一般空氣污染物,揮發性有機化合物,,,2019,1.5330000000000001
03707901,E,空氣污染物申報-一般空氣污染物,氮氧化物,,,2019,3307.095999999998
03707901,E,空氣污染物申報-一般空氣污染物,硫氧化物,,,2019,1155.2359999999994
03707901,E,空氣污染物申報-一般空氣污染物,粒狀污染物,,,2019,227.008
03707901,E,空氣污染物申報-一般空氣污染物,揮發性有機化合物,,,2019,3956.412999999999
03707901,E,空氣污染物申報-有害空氣污染物,苯,,,2019,37.514
03707901,E,空氣污染物申報-有害空氣污染物,四氯化碳,,,2019,0.004
03707901,E,空氣污染物申報-有害空氣污染物,三氯甲烷,,,2019,31.076000000000004
03707901,E,空氣污染物申報-有害空氣污染物,苯乙烯,,,2019,4.167000000000001
03707901,E,空氣污染物申報-有害空氣污染物,四氯乙烯,,,2019,0.15
03707901,E,空氣污染物申報-有害空氣污染物,乙苯,,,2019,29.287000000000006
03707901,E,空氣污染物申報-有害空氣污染物,二氯甲烷,,,2019,13.022000000000004
03707901,E,空氣污染物申報-有害空氣污染物,甲苯,,,2019,158.44
03707901,E,空氣污染物申報-有害空氣污染物,三氯乙烯,,,2019,1.7169999999999999
03707901,E,空氣污染物申報-有害空氣污染物,二甲苯,,,2019,215.48000000000002
03707901,E,空氣污染物申報-有害空氣污染物,戴奧辛,,,2019,0.19800000000000004
03707901,E,空氣污染物申報-有害空氣污染物,重金屬,,,2019,0.24600000000000002
03084741,E,空氣污染物申報-一般空氣污染物,氮氧化物,,,2019,459.73799999999994
03084741,E,空氣污染物申報-一般空氣污染物,硫氧化物,,,2019,138.761
03084741,E,空氣污染物申報-一般空氣污染物,粒狀污染物,,,2019,48.974999999999994
03084741,E,空氣污染物申報-一般空氣污染物,揮發性有機化合物,,,2019,359.895
03084741,E,空氣污染物申報-有害空氣污染物,苯,,,2019,4.3759999999999994
03084741,E,空氣污染物申報-有害空氣污染物,三氯甲烷,,,2019,2.4949999999999997
03084741,E,空氣污染物申報-有害空氣污染物,乙苯,,,2019,0.11399999999999999
03084741,E,空氣污染物申報-有害空氣污染物,二氯甲烷,,,2019,0.834
03084741,E,空氣污染物申報-有害空氣污染物,甲苯,,,2019,9.738999999999999
03084741,E,空氣污染物申報-有害空氣污染物,三氯乙烯,,,2019,0.109
03084741,E,空氣污染物申報-有害空氣污染物,二甲苯,,,2019,2.7630000000000003
03084741,E,空氣污染物申報-有害空氣污染物,戴奧辛,,,2019,0.603
03084741,E,空氣污染物申報-有害空氣污染物,重金屬,,,2019,0.084
04212250,E,空氣污染物申報-一般空氣污染物,氮氧化物,,,2019,182.42200000000003
04212250,E,空氣污染物申報-一般空氣污染物,硫氧化物,,,2019,112.80799999999999
04212250,E,空氣污染物申報-一般空氣污染物,粒狀污染物,,,2019,30.471
04212250,E,空氣污染物申報-一般空氣污染物,揮發性有機化合物,,,2019,24.662
04212250,E,空氣污染物申報-有害空氣污染物,苯,,,2019,8.925
04212250,E,空氣污染物申報-有害空氣污染物,三氯甲烷,,,2019,0.238
04212250,E,空氣污染物申報-有害空氣污染物,苯乙烯,,,2019,5.116
04212250,E,空氣污染物申報-有害空氣污染物,乙苯,,,2019,1.104
04212250,E,空氣污染物申報-有害空氣污染物,二氯甲烷,,,2019,0.20900000000000002
04212250,E,空氣污染物申報-有害空氣污染物,甲苯,,,2019,0.507
04212250,E,空氣污染物申報-有害空氣污染物,三氯乙烯,,,2019,0.027000000000000003
04212250,E,空氣污染物申報-有害空氣污染物,二甲苯,,,2019,0.020999999999999998
04212250,E,空氣污染物申報-有害空氣污染物,戴奧辛,,,2019,0.17200000000000001
04212250,E,空氣污染物申報-有害空氣污染物,重金屬,,,2019,0.076
04748660,E,空氣污染物申報-一般空氣污染物,氮氧化物,,,2019,4.963
04748660,E,空氣污染物申報-一般空氣污染物,硫氧化物,,,2019,3.125
04748660,E,空氣污染物申報-一般空氣污染物,粒狀污染物,,,2019,1.619
04748660,E,空氣污染物申報-一般空氣污染物,揮發性有機化合物,,,2019,31.851
04748660,E,空氣污染物申報-有害空氣污染物,苯,,,2019,0.034
04748660,E,空氣污染物申報-有害空氣污染物,三氯甲烷,,,2019,0.20500000000000002
04748660,E,空氣污染物申報-有害空氣污染物,乙苯,,,2019,0.006
04748660,E,空氣污染物申報-有害空氣污染物,二氯甲烷,,,2019,0.004
04748660,E,空氣污染物申報-有害空氣污染物,甲苯,,,2019,0.023
04748660,E,空氣污染物申報-有害空氣污染物,二甲苯,,,2019,1.131
04748660,E,空氣污染物申報-有害空氣污染物,戴奧辛,,,2019,0.03
04748660,E,空氣污染物申報-有害空氣污染物,重金屬,,,2019,0.008
07147916,E,空氣污染物申報-一般空氣污染物,氮氧化物,,,2019,6.584
07147916,E,空氣污染物申報-一般空氣污染物,硫氧化物,,,2019,10.091000000000001
07147916,E,空氣污染物申報-一般空氣污染物,粒狀污染物,,,2019,1.219
07147916,E,空氣污染物申報-一般空氣污染物,揮發性有機化合物,,,2019,206.021
07147916,E,空氣污染物申報-有害空氣污染物,苯,,,2019,0.015000000000000003
07147916,E,空氣污染物申報-有害空氣污染物,甲苯,,,2019,156.518
11455800,E,空氣污染物申報-一般空氣污染物,氮氧化物,,,2020,0.025
11455800,E,空氣污染物申報-一般空氣污染物,硫氧化物,,,2020,0.001
11455800,E,空氣污染物申報-一般空氣污染物,揮發性有機化合物,,,2020,24.131
11686106,E,空氣污染物申報-一般空氣污染物,氮氧化物,,,2020,30.118000000000002
11686106,E,空氣污染物申報-一般空氣污染物,硫氧化物,,,2020,15.589
11686106,E,空氣污染物申報-一般空氣污染物,粒狀污染物,,,2020,30.982
11686106,E,空氣污染物申報-一般空氣污染物,揮發性有機化合物,,,2020,78.691
11686106,E,空氣污染物申報-有害空氣污染物,三氯甲烷,,,2020,0.181
11686106,E,空氣污染物申報-有害空氣污染物,二氯甲烷,,,2020,0.14
11686106,E,空氣污染物申報-有害空氣污染物,甲苯,,,2020,13.883000000000001
11686106,E,空氣污染物申報-有害空氣污染物,三氯乙烯,,,2020,0.066
11686106,E,空氣污染物申報-有害空氣污染物,二甲苯,,,2020,0.068
11686106,E,空氣污染物申報-有害空氣污染物,戴奧辛,,,2020,0.001
11686106,E,空氣污染物申報-有害空氣污染物,重金屬,,,2020,0.022
11846954,E,空氣污染物申報-一般空氣污染物,揮發性有機化合物,,,2020,0.09999999999999999
11846954,E,空氣污染物申報-有害空氣污染物,甲苯,,,2020,0.004
11893409,E,空氣污染物申報-一般空氣污染物,氮氧化物,,,2020,19.735
11893409,E,空氣污染物申報-一般空氣污染物,硫氧化物,,,2020,4.06
11893409,E,空氣污染物申報-一般空氣污染物,粒狀污染物,,,2020,3.992
11893409,E,空氣污染物申報-一般空氣污染物,揮發性有機化合物,,,2020,40.04
11893409,E,空氣污染物申報-有害空氣污染物,苯,,,2020,0.015
11893409,E,空氣污染物申報-有害空氣污染物,三氯甲烷,,,2020,0.11499999999999999
11893409,E,空氣污染物申報-有害空氣污染物,苯乙烯,,,2020,9.715000000000002
11893409,E,空氣污染物申報-有害空氣污染物,乙苯,,,2020,0.054
11893409,E,空氣污染物申報-有害空氣污染物,二氯甲烷,,,2020,0.062
11893409,E,空氣污染物申報-有害空氣污染物,甲苯,,,2020,0.176
11893409,E,空氣污染物申報-有害空氣污染物,三氯乙烯,,,2020,0.007
11893409,E,空氣污染物申報-有害空氣污染物,二甲苯,,,2020,0.21300000000000002
11917107,E,空氣污染物申報-一般空氣污染物,氮氧化物,,,2020,21.695
11917107,E,空氣污染物申報-一般空氣污染物,粒狀污染物,,,2020,1.67
11917107,E,空氣污染物申報-一般空氣污染物,揮發性有機化合物,,,2020,92.69
11917107,E,空氣污染物申報-有害空氣污染物,三氯甲烷,,,2020,0.017
11917107,E,空氣污染物申報-有害空氣污染物,苯乙烯,,,2020,0.671
11917107,E,空氣污染物申報-有害空氣污染物,乙苯,,,2020,0.19899999999999998
11917107,E,空氣污染物申報-有害空氣污染物,二氯甲烷,,,2020,0.012
11917107,E,空氣污染物申報-有害空氣污染物,甲苯,,,2020,0.007
11917107,E,空氣污染物申報-有害空氣污染物,二甲苯,,,2020,40.607
12413104,E,空氣污染物申報-一般空氣污染物,揮發性有機化合物,,,2020,6.704000000000001
12413104,E,空氣污染物申報-有害空氣污染物,二氯甲烷,,,2020,0.008
14040691,E,空氣污染物申報-一般空氣污染物,氮氧化物,,,2020,16.447
14040691,E,空氣污染物申報-一般空氣污染物,硫氧化物,,,2020,0.013
14040691,E,空氣污染物申報-一般空氣污染物,粒狀污染物,,,2020,1.351
14040691,E,空氣污染物申報-一般空氣污染物,揮發性有機化合物,,,2020,29.534000000000002
14040691,E,空氣污染物申報-有害空氣污染物,苯,,,2020,0.005
14040691,E,空氣污染物申報-有害空氣污染物,三氯甲烷,,,2020,0.026000000000000002
14040691,E,空氣污染物申報-有害空氣污染物,乙苯,,,2020,0.003
14040691,E,空氣污染物申報-有害空氣污染物,二氯甲烷,,,2020,0.023
14040691,E,空氣污染物申報-有害空氣污染物,甲苯,,,2020,0.013000000000000001
14040691,E,空氣污染物申報-有害空氣污染物,三氯乙烯,,,2020,0.004
14040691,E,空氣污染物申報-有害空氣污染物,二甲苯,,,2020,1.512
15024509,E,空氣污染物申報-一般空氣污染物,氮氧化物,,,2020,6.936999999999999
15024509,E,空氣污染物申報-一般空氣污染物,硫氧化物,,,2020,3.687
15024509,E,空氣污染物申報-一般空氣污染物,粒狀污染物,,,2020,1.0789999999999997
15024509,E,空氣污染物申報-一般空氣污染物,揮發性有機化合物,,,2020,65.812
15024509,E,空氣污染物申報-有害空氣污染物,三氯甲烷,,,2020,0.241
15024509,E,空氣污染物申報-有害空氣污染物,甲苯,,,2020,1.6510000000000002
15024509,E,空氣污染物申報-有害空氣污染物,三氯乙烯,,,2020,0.013999999999999999
15024509,E,空氣污染物申報-有害空氣污染物,二甲苯,,,2020,0.147
19084015,E,空氣污染物申報-一般空氣污染物,氮氧化物,,,2020,42.274
19084015,E,空氣污染物申報-一般空氣污染物,硫氧化物,,,2020,0.099
19084015,E,空氣污染物申報-一般空氣污染物,粒狀污染物,,,2020,12.439
19084015,E,空氣污染物申報-一般空氣污染物,揮發性有機化合物,,,2020,30.764999999999997
19084015,E,空氣污染物申報-有害空氣污染物,苯,,,2020,0.023
19084015,E,空氣污染物申報-有害空氣污染物,三氯甲烷,,,2020,0.659
19084015,E,空氣污染物申報-有害空氣污染物,乙苯,,,2020,0.016
19084015,E,空氣污染物申報-有害空氣污染物,二氯甲烷,,,2020,0.182
19084015,E,空氣污染物申報-有害空氣污染物,甲苯,,,2020,0.091
19084015,E,空氣污染物申報-有害空氣污染物,三氯乙烯,,,2020,0.023
19084015,E,空氣污染物申報-有害空氣污染物,二甲苯,,,2020,0.487
19084015,E,空氣污染物申報-有害空氣污染物,戴奧辛,,,2020,0.026
20747385,E,空氣污染物申報-一般空氣污染物,氮氧化物,,,2020,6.354000000000001
20747385,E,空氣污染物申報-一般空氣污染物,硫氧化物,,,2020,1.562
20747385,E,空氣污染物申報-一般空氣污染物,粒狀污染物,,,2020,1.331
20747385,E,空氣污染物申報-一般空氣污染物,揮發性有機化合物,,,2020,35.913000000000004
20747385,E,空氣污染物申報-有害空氣污染物,苯,,,2020,0.5680000000000001
20747385,E,空氣污染物申報-有害空氣污染物,三氯甲烷,,,2020,0.026
20747385,E,空氣污染物申報-有害空氣污染物,乙苯,,,2020,0.268
20747385,E,空氣污染物申報-有害空氣污染物,二氯甲烷,,,2020,0.009000000000000001
20747385,E,空氣污染物申報-有害空氣污染物,甲苯,,,2020,1.29
20747385,E,空氣污染物申報-有害空氣污染物,二甲苯,,,2020,15.148
20844865,E,空氣污染物申報-一般空氣污染物,氮氧化物,,,2020,89.632
20844865,E,空氣污染物申報-一般空氣污染物,硫氧化物,,,2020,20.055000000000003
20844865,E,空氣污染物申報-一般空氣污染物,粒狀污染物,,,2020,8.248000000000001
20844865,E,空氣污染物申報-一般空氣污染物,揮發性有機化合物,,,2020,7.287
20844865,E,空氣污染物申報-有害空氣污染物,苯,,,2020,1.6179999999999999
20844865,E,空氣污染物申報-有害空氣污染物,三氯甲烷,,,2020,0.063
20844865,E,空氣污染物申報-有害空氣污染物,苯乙烯,,,2020,1.209
20844865,E,空氣污染物申報-有害空氣污染物,乙苯,,,2020,0.724
20844865,E,空氣污染物申報-有害空氣污染物,甲苯,,,2020,0.319
20844865,E,空氣污染物申報-有害空氣污染物,二甲苯,,,2020,0.39399999999999996
20844865,E,空氣污染物申報-有害空氣污染物,戴奧辛,,,2020,0.012
20844865,E,空氣污染物申報-有害空氣污染物,重金屬,,,2020,0.046000000000000006
22281617,E,空氣污染物申報-一般空氣污染物,氮氧化物,,,2020,2.158
22281617,E,空氣污染物申報-一般空氣污染物,粒狀污染物,,,2020,0.128
22281617,E,空氣污染物申報-一般空氣污染物,揮發性有機化合物,,,2020,2.385
22318678,E,空氣污染物申報-一般空氣污染物,氮氧化物,,,2020,123.41299999999998
22318678,E,空氣污染物申報-一般空氣污染物,硫氧化物,,,2020,67.018
22318678,E,空氣污染物申報-一般空氣污染物,粒狀污染物,,,2020,12.100000000000001
22318678,E,空氣污染物申報-一般空氣污染物,揮發性有機化合物,,,2020,76.25200000000001
22318678,E,空氣污染物申報-有害空氣污染物,苯,,,2020,0.204
22318678,E,空氣污染物申報-有害空氣污染物,三氯甲烷,,,2020,1.7469999999999999
22318678,E,空氣污染物申報-有害空氣污染物,乙苯,,,2020,0.13799999999999998
22318678,E,空氣污染物申報-有害空氣污染物,二氯甲烷,,,2020,1.538
22318678,E,空氣污染物申報-有害空氣污染物,甲苯,,,2020,0.8249999999999998
22318678,E,空氣污染物申報-有害空氣污染物,三氯乙烯,,,2020,0.20099999999999998
22318678,E,空氣污染物申報-有害空氣污染物,二甲苯,,,2020,7.143
35894259,E,空氣污染物申報-一般空氣污染物,氮氧化物,,,2020,9.211
35894259,E,空氣污染物申報-一般空氣污染物,粒狀污染物,,,2020,0.819
35894259,E,空氣污染物申報-一般空氣污染物,揮發性有機化合物,,,2020,49.36599999999999
35894259,E,空氣污染物申報-有害空氣污染物,甲苯,,,2020,7.178
42818882,E,空氣污染物申報-一般空氣污染物,氮氧化物,,,2020,240.57799999999997
42818882,E,空氣污染物申報-一般空氣污染物,硫氧化物,,,2020,95.148
42818882,E,空氣污染物申報-一般空氣污染物,粒狀污染物,,,2020,15.233
42818882,E,空氣污染物申報-一般空氣污染物,揮發性有機化合物,,,2020,5.189
42818882,E,空氣污染物申報-有害空氣污染物,苯,,,2020,0.015
42818882,E,空氣污染物申報-有害空氣污染物,三氯甲烷,,,2020,0.128
42818882,E,空氣污染物申報-有害空氣污染物,乙苯,,,2020,0.01
42818882,E,空氣污染物申報-有害空氣污染物,二氯甲烷,,,2020,0.11399999999999999
42818882,E,空氣污染物申報-有害空氣污染物,甲苯,,,2020,0.062
42818882,E,空氣污染物申報-有害空氣污染物,三氯乙烯,,,2020,0.013999999999999999
51059101,E,空氣污染物申報-一般空氣污染物,氮氧化物,,,2020,0.015
51059101,E,空氣污染物申報-一般空氣污染物,粒狀污染物,,,2020,0.004
51059101,E,空氣污染物申報-一般空氣污染物,揮發性有機化合物,,,2020,2.886
57104700,E,空氣污染物申報-一般空氣污染物,氮氧化物,,,2020,16.084
57104700,E,空氣污染物申報-一般空氣污染物,硫氧化物,,,2020,3.439
57104700,E,空氣污染物申報-一般空氣污染物,粒狀污染物,,,2020,0.5529999999999999
57104700,E,空氣污染物申報-一般空氣污染物,揮發性有機化合物,,,2020,4.8389999999999995
57104700,E,空氣污染物申報-有害空氣污染物,苯乙烯,,,2020,1.987
57104700,E,空氣污染物申報-有害空氣污染物,戴奧辛,,,2020,0.01
57104700,E,空氣污染物申報-有害空氣污染物,重金屬,,,2020,0.002
58650902,E,空氣污染物申報-一般空氣污染物,氮氧化物,,,2020,1244.7350000000001
58650902,E,空氣污染物申報-一般空氣污染物,硫氧化物,,,2020,283.404
58650902,E,空氣污染物申報-一般空氣污染物,粒狀污染物,,,2020,104.049
58650902,E,空氣污染物申報-一般空氣污染物,揮發性有機化合物,,,2020,562.769
58650902,E,空氣污染物申報-有害空氣污染物,苯,,,2020,26.497999999999998
58650902,E,空氣污染物申報-有害空氣污染物,四氯化碳,,,2020,0.003
58650902,E,空氣污染物申報-有害空氣污染物,三氯甲烷,,,2020,2.688
58650902,E,空氣污染物申報-有害空氣污染物,苯乙烯,,,2020,19.700999999999997
58650902,E,空氣污染物申報-有害空氣污染物,乙苯,,,2020,6.584
58650902,E,空氣污染物申報-有害空氣污染物,二氯甲烷,,,2020,10.982000000000001
58650902,E,空氣污染物申報-有害空氣污染物,甲苯,,,2020,11.795000000000002
58650902,E,空氣污染物申報-有害空氣污染物,三氯乙烯,,,2020,0.288
58650902,E,空氣污染物申報-有害空氣污染物,二甲苯,,,2020,31.236000000000004
58650902,E,空氣污染物申報-有害空氣污染物,戴奧辛,,,2020,0.255
58650902,E,空氣污染物申報-有害空氣污染物,重金屬,,,2020,0.069
68192103,E,空氣污染物申報-一般空氣污染物,粒狀污染物,,,2020,0.024999999999999998
68192103,E,空氣污染物申報-一般空氣污染物,揮發性有機化合物,,,2020,36.912000000000006
68192103,E,空氣污染物申報-有害空氣污染物,甲苯,,,2020,6.8919999999999995
68192103,E,空氣污染物申報-有害空氣污染物,二甲苯,,,2020,6.398999999999999
72104709,E,空氣污染物申報-一般空氣污染物,氮氧化物,,,2020,1.1749999999999998
72104709,E,空氣污染物申報-一般空氣污染物,粒狀污染物,,,2020,0.035
72104709,E,空氣污染物申報-一般空氣污染物,揮發性有機化合物,,,2020,216.992
72104709,E,空氣污染物申報-有害空氣污染物,甲苯,,,2020,0.202
73644351,E,空氣污染物申報-一般空氣污染物,揮發性有機化合物,,,2020,3.054
75370905,E,空氣污染物申報-一般空氣污染物,氮氧化物,,,2020,1243.4140000000002
75370905,E,空氣污染物申報-一般空氣污染物,硫氧化物,,,2020,545.6839999999999
75370905,E,空氣污染物申報-一般空氣污染物,粒狀污染物,,,2020,72.06700000000002
75370905,E,空氣污染物申報-一般空氣污染物,揮發性有機化合物,,,2020,1945.9069999999997
75370905,E,空氣污染物申報-有害空氣污染物,苯,,,2020,0.9880000000000001
75370905,E,空氣污染物申報-有害空氣污染物,三氯甲烷,,,2020,1.0470000000000002
75370905,E,空氣污染物申報-有害空氣污染物,苯乙烯,,,2020,5.9270000000000005
75370905,E,空氣污染物申報-有害空氣污染物,乙苯,,,2020,1.7800000000000002
75370905,E,空氣污染物申報-有害空氣污染物,二氯甲烷,,,2020,6.460999999999999
75370905,E,空氣污染物申報-有害空氣污染物,甲苯,,,2020,111.57100000000001
75370905,E,空氣污染物申報-有害空氣污染物,三氯乙烯,,,2020,0.08600000000000001
75370905,E,空氣污染物申報-有害空氣污染物,二甲苯,,,2020,43.74699999999999
75370905,E,空氣污染物申報-有害空氣污染物,戴奧辛,,,2020,0.03300000000000001
75370905,E,空氣污染物申報-有害空氣污染物,重金屬,,,2020,0.17500000000000004
75708007,E,空氣污染物申報-一般空氣污染物,氮氧化物,,,2020,1834.142
75708007,E,空氣污染物申報-一般空氣污染物,硫氧化物,,,2020,989.6089999999998
75708007,E,空氣污染物申報-一般空氣污染物,粒狀污染物,,,2020,405.808
75708007,E,空氣污染物申報-一般空氣污染物,揮發性有機化合物,,,2020,392.40999999999985
75708007,E,空氣污染物申報-有害空氣污染物,苯,,,2020,0.179
75708007,E,空氣污染物申報-有害空氣污染物,三氯甲烷,,,2020,2.331
75708007,E,空氣污染物申報-有害空氣污染物,苯乙烯,,,2020,8.359
75708007,E,空氣污染物申報-有害空氣污染物,乙苯,,,2020,0.306
75708007,E,空氣污染物申報-有害空氣污染物,二氯甲烷,,,2020,0.617
75708007,E,空氣污染物申報-有害空氣污染物,甲苯,,,2020,11.187
75708007,E,空氣污染物申報-有害空氣污染物,三氯乙烯,,,2020,0.042
75708007,E,空氣污染物申報-有害空氣污染物,二甲苯,,,2020,24.243999999999996
75708007,E,空氣污染物申報-有害空氣污染物,戴奧辛,,,2020,0.156
75708007,E,空氣污染物申報-有害空氣污染物,重金屬,,,2020,0.254
83387850,E,空氣污染物申報-一般空氣污染物,氮氧化物,,,2020,5.493
83387850,E,空氣污染物申報-一般空氣污染物,粒狀污染物,,,2020,0.213
83387850,E,空氣污染物申報-一般空氣污染物,揮發性有機化合物,,,2020,58.55
83387850,E,空氣污染物申報-有害空氣污染物,苯,,,2020,0.005
83387850,E,空氣污染物申報-有害空氣污染物,三氯甲烷,,,2020,0.047
83387850,E,空氣污染物申報-有害空氣污染物,苯乙烯,,,2020,0.27699999999999997
83387850,E,空氣污染物申報-有害空氣污染物,乙苯,,,2020,0.004
83387850,E,空氣污染物申報-有害空氣污染物,二氯甲烷,,,2020,0.041999999999999996
83387850,E,空氣污染物申報-有害空氣污染物,甲苯,,,2020,1.605
83387850,E,空氣污染物申報-有害空氣污染物,三氯乙烯,,,2020,0.005
83387850,E,空氣污染物申報-有害空氣污染物,二甲苯,,,2020,3.02
86120031,E,空氣污染物申報-一般空氣污染物,氮氧化物,,,2020,93.596
86120031,E,空氣污染物申報-一般空氣污染物,硫氧化物,,,2020,35.884
86120031,E,空氣污染物申報-一般空氣污染物,粒狀污染物,,,2020,5.776
86120031,E,空氣污染物申報-一般空氣污染物,揮發性有機化合物,,,2020,34.644
86120031,E,空氣污染物申報-有害空氣污染物,苯,,,2020,3.185
86120031,E,空氣污染物申報-有害空氣污染物,三氯甲烷,,,2020,0.349
86120031,E,空氣污染物申報-有害空氣污染物,乙苯,,,2020,0.06999999999999999
86120031,E,空氣污染物申報-有害空氣污染物,二氯甲烷,,,2020,0.253
86120031,E,空氣污染物申報-有害空氣污染物,甲苯,,,2020,0.123
86120031,E,空氣污染物申報-有害空氣污染物,三氯乙烯,,,2020,0.031
86120031,E,空氣污染物申報-有害空氣污染物,戴奧辛,,,2020,0.004
86120031,E,空氣污染物申報-有害空氣污染物,重金屬,,,2020,0.008
86522210,E,空氣污染物申報-一般空氣污染物,氮氧化物,,,2020,7986.522999999999
86522210,E,空氣污染物申報-一般空氣污染物,硫氧化物,,,2020,2913.531
86522210,E,空氣污染物申報-一般空氣污染物,粒狀污染物,,,2020,568.6969999999999
86522210,E,空氣污染物申報-一般空氣污染物,揮發性有機化合物,,,2020,1431.2859999999998
86522210,E,空氣污染物申報-有害空氣污染物,苯,,,2020,1.5879999999999999
86522210,E,空氣污染物申報-有害空氣污染物,三氯甲烷,,,2020,4.215
86522210,E,空氣污染物申報-有害空氣污染物,乙苯,,,2020,2.153
86522210,E,空氣污染物申報-有害空氣污染物,二氯甲烷,,,2020,3.746
86522210,E,空氣污染物申報-有害空氣污染物,甲苯,,,2020,40.077999999999996
86522210,E,空氣污染物申報-有害空氣污染物,三氯乙烯,,,2020,0.494
86522210,E,空氣污染物申報-有害空氣污染物,二甲苯,,,2020,139.671
86522210,E,空氣污染物申報-有害空氣污染物,戴奧辛,,,2020,0.007
86522210,E,空氣污染物申報-有害空氣污染物,重金屬,,,2020,0.37100000000000005
89323361,E,空氣污染物申報-一般空氣污染物,揮發性有機化合物,,,2020,1.4899999999999998
03707901,E,空氣污染物申報-一般空氣污染物,氮氧化物,,,2020,2805.263000000001
03707901,E,空氣污染物申報-一般空氣污染物,硫氧化物,,,2020,647.6719999999996
03707901,E,空氣污染物申報-一般空氣污染物,粒狀污染物,,,2020,169.86200000000008
03707901,E,空氣污染物申報-一般空氣污染物,揮發性有機化合物,,,2020,3814.050000000001
03707901,E,空氣污染物申報-有害空氣污染物,苯,,,2020,37.23700000000001
03707901,E,空氣污染物申報-有害空氣污染物,四氯化碳,,,2020,0.005
03707901,E,空氣污染物申報-有害空氣污染物,三氯甲烷,,,2020,16.703
03707901,E,空氣污染物申報-有害空氣污染物,苯乙烯,,,2020,13.546
03707901,E,空氣污染物申報-有害空氣污染物,乙苯,,,2020,28.189
03707901,E,空氣污染物申報-有害空氣污染物,二氯甲烷,,,2020,11.275000000000002
03707901,E,空氣污染物申報-有害空氣污染物,甲苯,,,2020,136.36299999999997
03707901,E,空氣污染物申報-有害空氣污染物,三氯乙烯,,,2020,1.481
03707901,E,空氣污染物申報-有害空氣污染物,二甲苯,,,2020,259.78999999999996
03707901,E,空氣污染物申報-有害空氣污染物,戴奧辛,,,2020,0.268
03707901,E,空氣污染物申報-有害空氣污染物,重金屬,,,2020,0.042
07147916,E,空氣污染物申報-一般空氣污染物,氮氧化物,,,2020,4.528
07147916,E,空氣污染物申報-一般空氣污染物,硫氧化物,,,2020,4.589
07147916,E,空氣污染物申報-一般空氣污染物,粒狀污染物,,,2020,0.776
07147916,E,空氣污染物申報-一般空氣污染物,揮發性有機化合物,,,2020,155.89100000000002
07147916,E,空氣污染物申報-有害空氣污染物,苯,,,2020,0.008
07147916,E,空氣污染物申報-有害空氣污染物,甲苯,,,2020,97.56899999999999
03084741,E,空氣污染物申報-一般空氣污染物,氮氧化物,,,2020,296.719
03084741,E,空氣污染物申報-一般空氣污染物,硫氧化物,,,2020,55.559000000000005
03084741,E,空氣污染物申報-一般空氣污染物,粒狀污染物,,,2020,20.822999999999997
03084741,E,空氣污染物申報-一般空氣污染物,揮發性有機化合物,,,2020,207.71799999999996
03084741,E,空氣污染物申報-有害空氣污染物,苯,,,2020,3.1739999999999995
03084741,E,空氣污染物申報-有害空氣污染物,三氯甲烷,,,2020,0.878
03084741,E,空氣污染物申報-有害空氣污染物,乙苯,,,2020,0.097
03084741,E,空氣污染物申報-有害空氣污染物,二氯甲烷,,,2020,0.765
03084741,E,空氣污染物申報-有害空氣污染物,甲苯,,,2020,7.251
03084741,E,空氣污染物申報-有害空氣污染物,三氯乙烯,,,2020,0.10099999999999999
03084741,E,空氣污染物申報-有害空氣污染物,二甲苯,,,2020,3.3649999999999998
03084741,E,空氣污染物申報-有害空氣污染物,戴奧辛,,,2020,0.48700000000000004
03084741,E,空氣污染物申報-有害空氣污染物,重金屬,,,2020,0.037000000000000005
04212250,E,空氣污染物申報-一般空氣污染物,氮氧化物,,,2020,155.07
04212250,E,空氣污染物申報-一般空氣污染物,硫氧化物,,,2020,108.241
04212250,E,空氣污染物申報-一般空氣污染物,粒狀污染物,,,2020,25.297
04212250,E,空氣污染物申報-一般空氣污染物,揮發性有機化合物,,,2020,31.408
04212250,E,空氣污染物申報-有害空氣污染物,苯,,,2020,7.675000000000001
04212250,E,空氣污染物申報-有害空氣污染物,三氯甲烷,,,2020,0.22999999999999998
04212250,E,空氣污染物申報-有害空氣污染物,苯乙烯,,,2020,4.840999999999999
04212250,E,空氣污染物申報-有害空氣污染物,乙苯,,,2020,1.83
04212250,E,空氣污染物申報-有害空氣污染物,二氯甲烷,,,2020,0.2
04212250,E,空氣污染物申報-有害空氣污染物,甲苯,,,2020,0.458
04212250,E,空氣污染物申報-有害空氣污染物,三氯乙烯,,,2020,0.026000000000000002
04212250,E,空氣污染物申報-有害空氣污染物,二甲苯,,,2020,0.021
04212250,E,空氣污染物申報-有害空氣污染物,戴奧辛,,,2020,0.198
04212250,E,空氣污染物申報-有害空氣污染物,重金屬,,,2020,0.07100000000000001
04748660,E,空氣污染物申報-一般空氣污染物,氮氧化物,,,2020,8.589
04748660,E,空氣污染物申報-一般空氣污染物,硫氧化物,,,2020,3.1069999999999998
04748660,E,空氣污染物申報-一般空氣污染物,粒狀污染物,,,2020,1.0599999999999998
04748660,E,空氣污染物申報-一般空氣污染物,揮發性有機化合物,,,2020,21.53
04748660,E,空氣污染物申報-有害空氣污染物,苯,,,2020,0.07300000000000001
04748660,E,空氣污染物申報-有害空氣污染物,三氯甲烷,,,2020,0.028999999999999998
04748660,E,空氣污染物申報-有害空氣污染物,乙苯,,,2020,0.012
04748660,E,空氣污染物申報-有害空氣污染物,二氯甲烷,,,2020,0.049
04748660,E,空氣污染物申報-有害空氣污染物,甲苯,,,2020,0.04
04748660,E,空氣污染物申報-有害空氣污染物,二甲苯,,,2020,1.65
04748660,E,空氣污染物申報-有害空氣污染物,戴奧辛,,,2020,0.023
04748660,E,空氣污染物申報-有害空氣污染物,重金屬,,,2020,0.007
11455800,E,空氣污染物申報-一般空氣污染物,氮氧化物,,,2021,0.020999999999999998
11455800,E,空氣污染物申報-一般空氣污染物,硫氧化物,,,2021,0.001
11455800,E,空氣污染物申報-一般空氣污染物,揮發性有機化合物,,,2021,2.2739999999999996
11686106,E,空氣污染物申報-一般空氣污染物,氮氧化物,,,2021,33.816
11686106,E,空氣污染物申報-一般空氣污染物,硫氧化物,,,2021,5.390000000000001
11686106,E,空氣污染物申報-一般空氣污染物,粒狀污染物,,,2021,35.336
11686106,E,空氣污染物申報-一般空氣污染物,揮發性有機化合物,,,2021,169.849
11686106,E,空氣污染物申報-有害空氣污染物,三氯甲烷,,,2021,0.16
11686106,E,空氣污染物申報-有害空氣污染物,二氯甲烷,,,2021,0.141
11686106,E,空氣污染物申報-有害空氣污染物,甲苯,,,2021,10.18
11686106,E,空氣污染物申報-有害空氣污染物,三氯乙烯,,,2021,0.064
11686106,E,空氣污染物申報-有害空氣污染物,二甲苯,,,2021,0.015
11686106,E,空氣污染物申報-有害空氣污染物,戴奧辛,,,2021,0.003
11686106,E,空氣污染物申報-有害空氣污染物,重金屬,,,2021,0.022000000000000002
11846954,E,空氣污染物申報-一般空氣污染物,揮發性有機化合物,,,2021,0.132
11846954,E,空氣污染物申報-有害空氣污染物,甲苯,,,2021,0.004
11893409,E,空氣污染物申報-一般空氣污染物,氮氧化物,,,2021,17.04
11893409,E,空氣污染物申報-一般空氣污染物,硫氧化物,,,2021,3.252
11893409,E,空氣污染物申報-一般空氣污染物,粒狀污染物,,,2021,3.866
11893409,E,空氣污染物申報-一般空氣污染物,揮發性有機化合物,,,2021,39.835
11893409,E,空氣污染物申報-有害空氣污染物,苯,,,2021,0.013000000000000001
11893409,E,空氣污染物申報-有害空氣污染物,三氯甲烷,,,2021,0.09
11893409,E,空氣污染物申報-有害空氣污染物,苯乙烯,,,2021,9.736
11893409,E,空氣污染物申報-有害空氣污染物,乙苯,,,2021,0.012
11893409,E,空氣污染物申報-有害空氣污染物,二氯甲烷,,,2021,0.04700000000000001
11893409,E,空氣污染物申報-有害空氣污染物,甲苯,,,2021,0.124
11893409,E,空氣污染物申報-有害空氣污染物,三氯乙烯,,,2021,0.004
11893409,E,空氣污染物申報-有害空氣污染物,二甲苯,,,2021,0.166
11917107,E,空氣污染物申報-一般空氣污染物,氮氧化物,,,2021,20.836
11917107,E,空氣污染物申報-一般空氣污染物,粒狀污染物,,,2021,1.668
11917107,E,空氣污染物申報-一般空氣污染物,揮發性有機化合物,,,2021,67.999
11917107,E,空氣污染物申報-有害空氣污染物,三氯甲烷,,,2021,0.034999999999999996
11917107,E,空氣污染物申報-有害空氣污染物,苯乙烯,,,2021,0.514
11917107,E,空氣污染物申報-有害空氣污染物,乙苯,,,2021,0.047
11917107,E,空氣污染物申報-有害空氣污染物,二氯甲烷,,,2021,0.012
11917107,E,空氣污染物申報-有害空氣污染物,甲苯,,,2021,0.008
11917107,E,空氣污染物申報-有害空氣污染物,二甲苯,,,2021,29.545
12413104,E,空氣污染物申報-一般空氣污染物,揮發性有機化合物,,,2021,6.989
12413104,E,空氣污染物申報-有害空氣污染物,二氯甲烷,,,2021,0.009000000000000001
14040691,E,空氣污染物申報-一般空氣污染物,氮氧化物,,,2021,21.657
14040691,E,空氣污染物申報-一般空氣污染物,硫氧化物,,,2021,0.003
14040691,E,空氣污染物申報-一般空氣污染物,粒狀污染物,,,2021,0.21799999999999997
14040691,E,空氣污染物申報-一般空氣污染物,揮發性有機化合物,,,2021,25.256999999999998
14040691,E,空氣污染物申報-有害空氣污染物,苯,,,2021,0.004
14040691,E,空氣污染物申報-有害空氣污染物,三氯甲烷,,,2021,0.028
14040691,E,空氣污染物申報-有害空氣污染物,乙苯,,,2021,0.004
14040691,E,空氣污染物申報-有害空氣污染物,二氯甲烷,,,2021,0.023
14040691,E,空氣污染物申報-有害空氣污染物,甲苯,,,2021,0.012
14040691,E,空氣污染物申報-有害空氣污染物,三氯乙烯,,,2021,0.004
14040691,E,空氣污染物申報-有害空氣污染物,二甲苯,,,2021,1.3719999999999999
15024509,E,空氣污染物申報-一般空氣污染物,氮氧化物,,,2021,26.454
15024509,E,空氣污染物申報-一般空氣污染物,硫氧化物,,,2021,0.29600000000000004
15024509,E,空氣污染物申報-一般空氣污染物,粒狀污染物,,,2021,1.4809999999999999
15024509,E,空氣污染物申報-一般空氣污染物,揮發性有機化合物,,,2021,70.634
15024509,E,空氣污染物申報-有害空氣污染物,三氯甲烷,,,2021,0.17300000000000001
15024509,E,空氣污染物申報-有害空氣污染物,甲苯,,,2021,1.033
15024509,E,空氣污染物申報-有害空氣污染物,三氯乙烯,,,2021,0.016
15024509,E,空氣污染物申報-有害空氣污染物,二甲苯,,,2021,0.197
19084015,E,空氣污染物申報-一般空氣污染物,氮氧化物,,,2021,57.286
19084015,E,空氣污染物申報-一般空氣污染物,硫氧化物,,,2021,0.13
19084015,E,空氣污染物申報-一般空氣污染物,粒狀污染物,,,2021,6.907
19084015,E,空氣污染物申報-一般空氣污染物,揮發性有機化合物,,,2021,41.965
19084015,E,空氣污染物申報-有害空氣污染物,苯,,,2021,0.019
19084015,E,空氣污染物申報-有害空氣污染物,三氯甲烷,,,2021,0.243
19084015,E,空氣污染物申報-有害空氣污染物,乙苯,,,2021,0.012
19084015,E,空氣污染物申報-有害空氣污染物,二氯甲烷,,,2021,0.144
19084015,E,空氣污染物申報-有害空氣污染物,甲苯,,,2021,0.10300000000000001
19084015,E,空氣污染物申報-有害空氣污染物,三氯乙烯,,,2021,0.019
19084015,E,空氣污染物申報-有害空氣污染物,二甲苯,,,2021,0.987
19084015,E,空氣污染物申報-有害空氣污染物,戴奧辛,,,2021,0.02
20747385,E,空氣污染物申報-一般空氣污染物,氮氧化物,,,2021,7.803
20747385,E,空氣污染物申報-一般空氣污染物,硫氧化物,,,2021,1.438
20747385,E,空氣污染物申報-一般空氣污染物,粒狀污染物,,,2021,1.367
20747385,E,空氣污染物申報-一般空氣污染物,揮發性有機化合物,,,2021,31.846000000000004
20747385,E,空氣污染物申報-有害空氣污染物,苯,,,2021,0.51
20747385,E,空氣污染物申報-有害空氣污染物,三氯甲烷,,,2021,0.053000000000000005
20747385,E,空氣污染物申報-有害空氣污染物,乙苯,,,2021,0.24100000000000002
20747385,E,空氣污染物申報-有害空氣污染物,二氯甲烷,,,2021,0.008
20747385,E,空氣污染物申報-有害空氣污染物,甲苯,,,2021,1.157
20747385,E,空氣污染物申報-有害空氣污染物,二甲苯,,,2021,15.302
20844865,E,空氣污染物申報-一般空氣污染物,氮氧化物,,,2021,85.00399999999999
20844865,E,空氣污染物申報-一般空氣污染物,硫氧化物,,,2021,18.141
20844865,E,空氣污染物申報-一般空氣污染物,粒狀污染物,,,2021,3.9910000000000005
20844865,E,空氣污染物申報-一般空氣污染物,揮發性有機化合物,,,2021,6.276
20844865,E,空氣污染物申報-有害空氣污染物,苯,,,2021,1.5390000000000001
20844865,E,空氣污染物申報-有害空氣污染物,三氯甲烷,,,2021,0.019
20844865,E,空氣污染物申報-有害空氣污染物,苯乙烯,,,2021,1.213
20844865,E,空氣污染物申報-有害空氣污染物,乙苯,,,2021,0.749
20844865,E,空氣污染物申報-有害空氣污染物,甲苯,,,2021,0.312
20844865,E,空氣污染物申報-有害空氣污染物,二甲苯,,,2021,0.378
20844865,E,空氣污染物申報-有害空氣污染物,戴奧辛,,,2021,0.01
20844865,E,空氣污染物申報-有害空氣污染物,重金屬,,,2021,0.045000000000000005
22281617,E,空氣污染物申報-一般空氣污染物,氮氧化物,,,2021,2.148
22281617,E,空氣污染物申報-一般空氣污染物,粒狀污染物,,,2021,0.11500000000000002
22281617,E,空氣污染物申報-一般空氣污染物,揮發性有機化合物,,,2021,3.9930000000000003
22318678,E,空氣污染物申報-一般空氣污染物,氮氧化物,,,2021,118.01599999999999
22318678,E,空氣污染物申報-一般空氣污染物,硫氧化物,,,2021,65.041
22318678,E,空氣污染物申報-一般空氣污染物,粒狀污染物,,,2021,10.004999999999999
22318678,E,空氣污染物申報-一般空氣污染物,揮發性有機化合物,,,2021,112.322
22318678,E,空氣污染物申報-有害空氣污染物,苯,,,2021,0.22699999999999998
22318678,E,空氣污染物申報-有害空氣污染物,三氯甲烷,,,2021,1.935
22318678,E,空氣污染物申報-有害空氣污染物,乙苯,,,2021,0.092
22318678,E,空氣污染物申報-有害空氣污染物,二氯甲烷,,,2021,1.017
22318678,E,空氣污染物申報-有害空氣污染物,甲苯,,,2021,0.9189999999999999
22318678,E,空氣污染物申報-有害空氣污染物,三氯乙烯,,,2021,0.13399999999999998
22318678,E,空氣污染物申報-有害空氣污染物,二甲苯,,,2021,8.065000000000001
35894259,E,空氣污染物申報-一般空氣污染物,氮氧化物,,,2021,9.651
35894259,E,空氣污染物申報-一般空氣污染物,硫氧化物,,,2021,0.291
35894259,E,空氣污染物申報-一般空氣污染物,粒狀污染物,,,2021,0.866
35894259,E,空氣污染物申報-一般空氣污染物,揮發性有機化合物,,,2021,46.266000000000005
35894259,E,空氣污染物申報-有害空氣污染物,甲苯,,,2021,2.752
42818882,E,空氣污染物申報-一般空氣污染物,氮氧化物,,,2021,213.275
42818882,E,空氣污染物申報-一般空氣污染物,硫氧化物,,,2021,99.89699999999999
42818882,E,空氣污染物申報-一般空氣污染物,粒狀污染物,,,2021,16.756
42818882,E,空氣污染物申報-一般空氣污染物,揮發性有機化合物,,,2021,4.992
42818882,E,空氣污染物申報-有害空氣污染物,苯,,,2021,0.007
42818882,E,空氣污染物申報-有害空氣污染物,三氯甲烷,,,2021,0.05399999999999999
42818882,E,空氣污染物申報-有害空氣污染物,乙苯,,,2021,0.004
42818882,E,空氣污染物申報-有害空氣污染物,二氯甲烷,,,2021,0.047
42818882,E,空氣污染物申報-有害空氣污染物,甲苯,,,2021,0.025
42818882,E,空氣污染物申報-有害空氣污染物,三氯乙烯,,,2021,0.007
51059101,E,空氣污染物申報-一般空氣污染物,氮氧化物,,,2021,0.015
51059101,E,空氣污染物申報-一般空氣污染物,粒狀污染物,,,2021,0.004
51059101,E,空氣污染物申報-一般空氣污染物,揮發性有機化合物,,,2021,3.166
57104700,E,空氣污染物申報-一般空氣污染物,氮氧化物,,,2021,11.117999999999999
57104700,E,空氣污染物申報-一般空氣污染物,硫氧化物,,,2021,0.033
57104700,E,空氣污染物申報-一般空氣污染物,粒狀污染物,,,2021,0.301
57104700,E,空氣污染物申報-一般空氣污染物,揮發性有機化合物,,,2021,5.118
57104700,E,空氣污染物申報-有害空氣污染物,苯乙烯,,,2021,2.0969999999999995
57104700,E,空氣污染物申報-有害空氣污染物,戴奧辛,,,2021,0.007
57104700,E,空氣污染物申報-有害空氣污染物,重金屬,,,2021,0.001
58650902,E,空氣污染物申報-一般空氣污染物,氮氧化物,,,2021,1273.8519999999999
58650902,E,空氣污染物申報-一般空氣污染物,硫氧化物,,,2021,274.911
58650902,E,空氣污染物申報-一般空氣污染物,粒狀污染物,,,2021,77.612
58650902,E,空氣污染物申報-一般空氣污染物,揮發性有機化合物,,,2021,552.94
58650902,E,空氣污染物申報-有害空氣污染物,苯,,,2021,26.469
58650902,E,空氣污染物申報-有害空氣污染物,四氯化碳,,,2021,0.007
58650902,E,空氣污染物申報-有害空氣污染物,三氯甲烷,,,2021,2.5170000000000003
58650902,E,空氣污染物申報-有害空氣污染物,苯乙烯,,,2021,21.897
58650902,E,空氣污染物申報-有害空氣污染物,乙苯,,,2021,7.304
58650902,E,空氣污染物申報-有害空氣污染物,二氯甲烷,,,2021,11.006000000000004
58650902,E,空氣污染物申報-有害空氣污染物,甲苯,,,2021,9.345000000000002
58650902,E,空氣污染物申報-有害空氣污染物,三氯乙烯,,,2021,0.29100000000000004
58650902,E,空氣污染物申報-有害空氣污染物,二甲苯,,,2021,24.187
58650902,E,空氣污染物申報-有害空氣污染物,戴奧辛,,,2021,0.14400000000000002
58650902,E,空氣污染物申報-有害空氣污染物,重金屬,,,2021,0.084
68192103,E,空氣污染物申報-一般空氣污染物,粒狀污染物,,,2021,0.024
68192103,E,空氣污染物申報-一般空氣污染物,揮發性有機化合物,,,2021,43.599
68192103,E,空氣污染物申報-有害空氣污染物,乙苯,,,2021,0.002
68192103,E,空氣污染物申報-有害空氣污染物,甲苯,,,2021,8.625
68192103,E,空氣污染物申報-有害空氣污染物,二甲苯,,,2021,3.698
72104709,E,空氣污染物申報-一般空氣污染物,氮氧化物,,,2021,1.121
72104709,E,空氣污染物申報-一般空氣污染物,粒狀污染物,,,2021,0.035
72104709,E,空氣污染物申報-一般空氣污染物,揮發性有機化合物,,,2021,70.119
72104709,E,空氣污染物申報-有害空氣污染物,甲苯,,,2021,0.10600000000000001
73644351,E,空氣污染物申報-一般空氣污染物,揮發性有機化合物,,,2021,0.9470000000000001
75370905,E,空氣污染物申報-一般空氣污染物,氮氧化物,,,2021,1035.184
75370905,E,空氣污染物申報-一般空氣污染物,硫氧化物,,,2021,477.43199999999996
75370905,E,空氣污染物申報-一般空氣污染物,粒狀污染物,,,2021,59.72400000000001
75370905,E,空氣污染物申報-一般空氣污染物,揮發性有機化合物,,,2021,2124.7350000000006
75370905,E,空氣污染物申報-有害空氣污染物,苯,,,2021,0.875
75370905,E,空氣污染物申報-有害空氣污染物,三氯甲烷,,,2021,0.8079999999999999
75370905,E,空氣污染物申報-有害空氣污染物,苯乙烯,,,2021,5.869
75370905,E,空氣污染物申報-有害空氣污染物,乙苯,,,2021,6.099000000000001
75370905,E,空氣污染物申報-有害空氣污染物,二氯甲烷,,,2021,7.551000000000001
75370905,E,空氣污染物申報-有害空氣污染物,甲苯,,,2021,68.06800000000001
75370905,E,空氣污染物申報-有害空氣污染物,三氯乙烯,,,2021,0.05000000000000001
75370905,E,空氣污染物申報-有害空氣污染物,二甲苯,,,2021,34.274
75370905,E,空氣污染物申報-有害空氣污染物,戴奧辛,,,2021,0.021000000000000005
75370905,E,空氣污染物申報-有害空氣污染物,重金屬,,,2021,0.11900000000000002
75708007,E,空氣污染物申報-一般空氣污染物,氮氧化物,,,2021,1809.0589999999995
75708007,E,空氣污染物申報-一般空氣污染物,硫氧化物,,,2021,847.123
75708007,E,空氣污染物申報-一般空氣污染物,粒狀污染物,,,2021,384.79299999999995
75708007,E,空氣污染物申報-一般空氣污染物,揮發性有機化合物,,,2021,393.702
75708007,E,空氣污染物申報-有害空氣污染物,苯,,,2021,0.155
75708007,E,空氣污染物申報-有害空氣污染物,三氯甲烷,,,2021,3.9719999999999995
75708007,E,空氣污染物申報-有害空氣污染物,苯乙烯,,,2021,3.975
75708007,E,空氣污染物申報-有害空氣污染物,乙苯,,,2021,1.0910000000000002
75708007,E,空氣污染物申報-有害空氣污染物,二氯甲烷,,,2021,0.475
75708007,E,空氣污染物申報-有害空氣污染物,甲苯,,,2021,7.427999999999999
75708007,E,空氣污染物申報-有害空氣污染物,三氯乙烯,,,2021,0.052
75708007,E,空氣污染物申報-有害空氣污染物,二甲苯,,,2021,19.486
75708007,E,空氣污染物申報-有害空氣污染物,戴奧辛,,,2021,0.14500000000000002
75708007,E,空氣污染物申報-有害空氣污染物,重金屬,,,2021,0.258
83387850,E,空氣污染物申報-一般空氣污染物,氮氧化物,,,2021,5.444
83387850,E,空氣污染物申報-一般空氣污染物,粒狀污染物,,,2021,0.238
83387850,E,空氣污染物申報-一般空氣污染物,揮發性有機化合物,,,2021,67.542
83387850,E,空氣污染物申報-有害空氣污染物,苯,,,2021,0.004
83387850,E,空氣污染物申報-有害空氣污染物,三氯甲烷,,,2021,0.09099999999999998
83387850,E,空氣污染物申報-有害空氣污染物,苯乙烯,,,2021,0.311
83387850,E,空氣污染物申報-有害空氣污染物,乙苯,,,2021,0.004
83387850,E,空氣污染物申報-有害空氣污染物,二氯甲烷,,,2021,0.43300000000000005
83387850,E,空氣污染物申報-有害空氣污染物,甲苯,,,2021,1.391
83387850,E,空氣污染物申報-有害空氣污染物,三氯乙烯,,,2021,0.004
83387850,E,空氣污染物申報-有害空氣污染物,二甲苯,,,2021,1.824
86120031,E,空氣污染物申報-一般空氣污染物,氮氧化物,,,2021,124.435
86120031,E,空氣污染物申報-一般空氣污染物,硫氧化物,,,2021,51.861000000000004
86120031,E,空氣污染物申報-一般空氣污染物,粒狀污染物,,,2021,5.1530000000000005
86120031,E,空氣污染物申報-一般空氣污染物,揮發性有機化合物,,,2021,38.504000000000005
86120031,E,空氣污染物申報-有害空氣污染物,苯,,,2021,1.547
86120031,E,空氣污染物申報-有害空氣污染物,三氯甲烷,,,2021,0.45299999999999996
86120031,E,空氣污染物申報-有害空氣污染物,苯乙烯,,,2021,0.07100000000000001
86120031,E,空氣污染物申報-有害空氣污染物,乙苯,,,2021,0.045000000000000005
86120031,E,空氣污染物申報-有害空氣污染物,二氯甲烷,,,2021,0.237
86120031,E,空氣污染物申報-有害空氣污染物,甲苯,,,2021,0.128
86120031,E,空氣污染物申報-有害空氣污染物,三氯乙烯,,,2021,0.031
86120031,E,空氣污染物申報-有害空氣污染物,戴奧辛,,,2021,0.032
86120031,E,空氣污染物申報-有害空氣污染物,重金屬,,,2021,0.018000000000000002
86522210,E,空氣污染物申報-一般空氣污染物,氮氧化物,,,2021,8750.081
86522210,E,空氣污染物申報-一般空氣污染物,硫氧化物,,,2021,3040.1749999999997
86522210,E,空氣污染物申報-一般空氣污染物,粒狀污染物,,,2021,506.53900000000004
86522210,E,空氣污染物申報-一般空氣污染物,揮發性有機化合物,,,2021,1436.4920000000004
86522210,E,空氣污染物申報-有害空氣污染物,苯,,,2021,1.6200000000000003
86522210,E,空氣污染物申報-有害空氣污染物,三氯甲烷,,,2021,4.409
86522210,E,空氣污染物申報-有害空氣污染物,乙苯,,,2021,10.808000000000002
86522210,E,空氣污染物申報-有害空氣污染物,二氯甲烷,,,2021,3.9200000000000004
86522210,E,空氣污染物申報-有害空氣污染物,甲苯,,,2021,41.01300000000001
86522210,E,空氣污染物申報-有害空氣污染物,三氯乙烯,,,2021,0.516
86522210,E,空氣污染物申報-有害空氣污染物,二甲苯,,,2021,149.16900000000004
86522210,E,空氣污染物申報-有害空氣污染物,戴奧辛,,,2021,0.019000000000000006
86522210,E,空氣污染物申報-有害空氣污染物,重金屬,,,2021,0.5860000000000001
89323361,E,空氣污染物申報-一般空氣污染物,揮發性有機化合物,,,2021,2.0599999999999996
03707901,E,空氣污染物申報-一般空氣污染物,氮氧化物,,,2021,3026.013999999999
03707901,E,空氣污染物申報-一般空氣污染物,硫氧化物,,,2021,691.3299999999998
03707901,E,空氣污染物申報-一般空氣污染物,粒狀污染物,,,2021,210.37899999999993
03707901,E,空氣污染物申報-一般空氣污染物,揮發性有機化合物,,,2021,3512.7209999999986
03707901,E,空氣污染物申報-有害空氣污染物,苯,,,2021,34.42900000000001
03707901,E,空氣污染物申報-有害空氣污染物,四氯化碳,,,2021,0.053000000000000005
03707901,E,空氣污染物申報-有害空氣污染物,三氯甲烷,,,2021,17.105
03707901,E,空氣污染物申報-有害空氣污染物,苯乙烯,,,2021,12.608
03707901,E,空氣污染物申報-有害空氣污染物,四氯乙烯,,,2021,0.078
03707901,E,空氣污染物申報-有害空氣污染物,乙苯,,,2021,24.569000000000003
03707901,E,空氣污染物申報-有害空氣污染物,二氯甲烷,,,2021,12.890000000000002
03707901,E,空氣污染物申報-有害空氣污染物,甲苯,,,2021,115.051
03707901,E,空氣污染物申報-有害空氣污染物,三氯乙烯,,,2021,1.701
03707901,E,空氣污染物申報-有害空氣污染物,二甲苯,,,2021,238.387
03707901,E,空氣污染物申報-有害空氣污染物,戴奧辛,,,2021,0.6
03707901,E,空氣污染物申報-有害空氣污染物,重金屬,,,2021,0.055999999999999994
03084741,E,空氣污染物申報-一般空氣污染物,氮氧化物,,,2021,398.03
03084741,E,空氣污染物申報-一般空氣污染物,硫氧化物,,,2021,143.985
03084741,E,空氣污染物申報-一般空氣污染物,粒狀污染物,,,2021,30.615000000000002
03084741,E,空氣污染物申報-一般空氣污染物,揮發性有機化合物,,,2021,285.89300000000003
03084741,E,空氣污染物申報-有害空氣污染物,苯,,,2021,3.6949999999999994
03084741,E,空氣污染物申報-有害空氣污染物,三氯甲烷,,,2021,0.965
03084741,E,空氣污染物申報-有害空氣污染物,乙苯,,,2021,0.11400000000000002
03084741,E,空氣污染物申報-有害空氣污染物,二氯甲烷,,,2021,0.8069999999999999
03084741,E,空氣污染物申報-有害空氣污染物,甲苯,,,2021,8.412999999999998
03084741,E,空氣污染物申報-有害空氣污染物,三氯乙烯,,,2021,0.10400000000000001
03084741,E,空氣污染物申報-有害空氣污染物,二甲苯,,,2021,2.5869999999999997
03084741,E,空氣污染物申報-有害空氣污染物,戴奧辛,,,2021,0.015000000000000003
03084741,E,空氣污染物申報-有害空氣污染物,重金屬,,,2021,0.064
07147916,E,空氣污染物申報-一般空氣污染物,氮氧化物,,,2021,3.641
07147916,E,空氣污染物申報-一般空氣污染物,硫氧化物,,,2021,1.004
07147916,E,空氣污染物申報-一般空氣污染物,粒狀污染物,,,2021,0.5800000000000001
07147916,E,空氣污染物申報-一般空氣污染物,揮發性有機化合物,,,2021,202.289
07147916,E,空氣污染物申報-有害空氣污染物,苯,,,2021,0.016999999999999998
07147916,E,空氣污染物申報-有害空氣污染物,甲苯,,,2021,162.205
04748660,E,空氣污染物申報-一般空氣污染物,氮氧化物,,,2021,1.9300000000000002
04748660,E,空氣污染物申報-一般空氣污染物,硫氧化物,,,2021,1.002
04748660,E,空氣污染物申報-一般空氣污染物,粒狀污染物,,,2021,0.376
04748660,E,空氣污染物申報-一般空氣污染物,揮發性有機化合物,,,2021,13.881
04748660,E,空氣污染物申報-有害空氣污染物,苯,,,2021,0.013000000000000001
04748660,E,空氣污染物申報-有害空氣污染物,三氯甲烷,,,2021,0.109
04748660,E,空氣污染物申報-有害空氣污染物,乙苯,,,2021,0.002
04748660,E,空氣污染物申報-有害空氣污染物,二氯甲烷,,,2021,0.041
04748660,E,空氣污染物申報-有害空氣污染物,甲苯,,,2021,0.011
04748660,E,空氣污染物申報-有害空氣污染物,三氯乙烯,,,2021,0.001
04748660,E,空氣污染物申報-有害空氣污染物,二甲苯,,,2021,0.9770000000000001
04748660,E,空氣污染物申報-有害空氣污染物,戴奧辛,,,2021,0.011000000000000001
04748660,E,空氣污染物申報-有害空氣污染物,重金屬,,,2021,0.004
04212250,E,空氣污染物申報-一般空氣污染物,氮氧化物,,,2021,158.966
04212250,E,空氣污染物申報-一般空氣污染物,硫氧化物,,,2021,97.2
04212250,E,空氣污染物申報-一般空氣污染物,粒狀污染物,,,2021,6.525
04212250,E,空氣污染物申報-一般空氣污染物,揮發性有機化合物,,,2021,23.455000000000002
04212250,E,空氣污染物申報-有害空氣污染物,苯,,,2021,4.865
04212250,E,空氣污染物申報-有害空氣污染物,三氯甲烷,,,2021,0.339
04212250,E,空氣污染物申報-有害空氣污染物,苯乙烯,,,2021,4.928
04212250,E,空氣污染物申報-有害空氣污染物,乙苯,,,2021,1.842
04212250,E,空氣污染物申報-有害空氣污染物,二氯甲烷,,,2021,0.211
04212250,E,空氣污染物申報-有害空氣污染物,甲苯,,,2021,0.45699999999999996
04212250,E,空氣污染物申報-有害空氣污染物,三氯乙烯,,,2021,0.028
04212250,E,空氣污染物申報-有害空氣污染物,二甲苯,,,2021,0.020999999999999998
04212250,E,空氣污染物申報-有害空氣污染物,戴奧辛,,,2021,0.16799999999999998
04212250,E,空氣污染物申報-有害空氣污染物,重金屬,,,2021,0.069
11455800,E,空氣污染物申報-一般空氣污染物,氮氧化物,,,2022,0.022000000000000002
11455800,E,空氣污染物申報-一般空氣污染物,硫氧化物,,,2022,0.001
11455800,E,空氣污染物申報-一般空氣污染物,揮發性有機化合物,,,2022,1.7439999999999998
11686106,E,空氣污染物申報-一般空氣污染物,氮氧化物,,,2022,25.456
11686106,E,空氣污染物申報-一般空氣污染物,硫氧化物,,,2022,1.4500000000000002
11686106,E,空氣污染物申報-一般空氣污染物,粒狀污染物,,,2022,27.430999999999997
11686106,E,空氣污染物申報-一般空氣污染物,揮發性有機化合物,,,2022,404.477
11686106,E,空氣污染物申報-有害空氣污染物,三氯甲烷,,,2022,0.19
11686106,E,空氣污染物申報-有害空氣污染物,二氯甲烷,,,2022,0.15300000000000002
11686106,E,空氣污染物申報-有害空氣污染物,甲苯,,,2022,9.649999999999999
11686106,E,空氣污染物申報-有害空氣污染物,三氯乙烯,,,2022,0.048
11686106,E,空氣污染物申報-有害空氣污染物,二甲苯,,,2022,0.109
11686106,E,空氣污染物申報-有害空氣污染物,重金屬,,,2022,0.003
11846954,E,空氣污染物申報-一般空氣污染物,揮發性有機化合物,,,2022,0.097
11846954,E,空氣污染物申報-有害空氣污染物,甲苯,,,2022,0.005
11893409,E,空氣污染物申報-一般空氣污染物,氮氧化物,,,2022,16.275
11893409,E,空氣污染物申報-一般空氣污染物,硫氧化物,,,2022,3.109
11893409,E,空氣污染物申報-一般空氣污染物,粒狀污染物,,,2022,3.798
11893409,E,空氣污染物申報-一般空氣污染物,揮發性有機化合物,,,2022,34.428000000000004
11893409,E,空氣污染物申報-有害空氣污染物,苯,,,2022,0.01
11893409,E,空氣污染物申報-有害空氣污染物,三氯甲烷,,,2022,0.075
11893409,E,空氣污染物申報-有害空氣污染物,苯乙烯,,,2022,7.851000000000001
11893409,E,空氣污染物申報-有害空氣污染物,乙苯,,,2022,0.01
11893409,E,空氣污染物申報-有害空氣污染物,二氯甲烷,,,2022,0.042
11893409,E,空氣污染物申報-有害空氣污染物,甲苯,,,2022,0.065
11893409,E,空氣污染物申報-有害空氣污染物,三氯乙烯,,,2022,0.004
11893409,E,空氣污染物申報-有害空氣污染物,二甲苯,,,2022,0.08299999999999999
11917107,E,空氣污染物申報-一般空氣污染物,氮氧化物,,,2022,29.548000000000002
11917107,E,空氣污染物申報-一般空氣污染物,粒狀污染物,,,2022,1.363
11917107,E,空氣污染物申報-一般空氣污染物,揮發性有機化合物,,,2022,48.348
11917107,E,空氣污染物申報-有害空氣污染物,三氯甲烷,,,2022,0.075
11917107,E,空氣污染物申報-有害空氣污染物,苯乙烯,,,2022,0.393
11917107,E,空氣污染物申報-有害空氣污染物,乙苯,,,2022,0.121
11917107,E,空氣污染物申報-有害空氣污染物,二氯甲烷,,,2022,0.012
11917107,E,空氣污染物申報-有害空氣污染物,甲苯,,,2022,0.007
11917107,E,空氣污染物申報-有害空氣污染物,二甲苯,,,2022,19.409000000000002
12413104,E,空氣污染物申報-一般空氣污染物,揮發性有機化合物,,,2022,6.925000000000001
12413104,E,空氣污染物申報-有害空氣污染物,二氯甲烷,,,2022,0.003
14040691,E,空氣污染物申報-一般空氣污染物,氮氧化物,,,2022,21.516000000000002
14040691,E,空氣污染物申報-一般空氣污染物,硫氧化物,,,2022,0.312
14040691,E,空氣污染物申報-一般空氣污染物,粒狀污染物,,,2022,0.215
14040691,E,空氣污染物申報-一般空氣污染物,揮發性有機化合物,,,2022,28.267000000000003
14040691,E,空氣污染物申報-有害空氣污染物,苯,,,2022,0.022
14040691,E,空氣污染物申報-有害空氣污染物,三氯甲烷,,,2022,0.176
14040691,E,空氣污染物申報-有害空氣污染物,乙苯,,,2022,0.014000000000000002
14040691,E,空氣污染物申報-有害空氣污染物,二氯甲烷,,,2022,0.15400000000000003
14040691,E,空氣污染物申報-有害空氣污染物,甲苯,,,2022,0.08300000000000002
14040691,E,空氣污染物申報-有害空氣污染物,三氯乙烯,,,2022,0.021
14040691,E,空氣污染物申報-有害空氣污染物,二甲苯,,,2022,1.413
15024509,E,空氣污染物申報-一般空氣污染物,氮氧化物,,,2022,5.915
15024509,E,空氣污染物申報-一般空氣污染物,硫氧化物,,,2022,0.399
15024509,E,空氣污染物申報-一般空氣污染物,粒狀污染物,,,2022,3.4809999999999994
15024509,E,空氣污染物申報-一般空氣污染物,揮發性有機化合物,,,2022,71.42999999999998
15024509,E,空氣污染物申報-有害空氣污染物,三氯甲烷,,,2022,0.14300000000000002
15024509,E,空氣污染物申報-有害空氣污染物,二氯甲烷,,,2022,0.095
15024509,E,空氣污染物申報-有害空氣污染物,甲苯,,,2022,1.395
15024509,E,空氣污染物申報-有害空氣污染物,三氯乙烯,,,2022,0.013000000000000001
15024509,E,空氣污染物申報-有害空氣污染物,二甲苯,,,2022,0.257
19084015,E,空氣污染物申報-一般空氣污染物,氮氧化物,,,2022,58.589
19084015,E,空氣污染物申報-一般空氣污染物,硫氧化物,,,2022,0.128
19084015,E,空氣污染物申報-一般空氣污染物,粒狀污染物,,,2022,1.82
19084015,E,空氣污染物申報-一般空氣污染物,揮發性有機化合物,,,2022,33.873999999999995
19084015,E,空氣污染物申報-有害空氣污染物,苯,,,2022,0.021
19084015,E,空氣污染物申報-有害空氣污染物,三氯甲烷,,,2022,0.32
19084015,E,空氣污染物申報-有害空氣污染物,乙苯,,,2022,0.013000000000000001
19084015,E,空氣污染物申報-有害空氣污染物,二氯甲烷,,,2022,0.186
19084015,E,空氣污染物申報-有害空氣污染物,甲苯,,,2022,0.084
19084015,E,空氣污染物申報-有害空氣污染物,三氯乙烯,,,2022,0.021
19084015,E,空氣污染物申報-有害空氣污染物,二甲苯,,,2022,0.646
19084015,E,空氣污染物申報-有害空氣污染物,戴奧辛,,,2022,0.008
20747385,E,空氣污染物申報-一般空氣污染物,氮氧化物,,,2022,6.007
20747385,E,空氣污染物申報-一般空氣污染物,硫氧化物,,,2022,3.1750000000000003
20747385,E,空氣污染物申報-一般空氣污染物,粒狀污染物,,,2022,1.169
20747385,E,空氣污染物申報-一般空氣污染物,揮發性有機化合物,,,2022,32.291
20747385,E,空氣污染物申報-有害空氣污染物,苯,,,2022,0.499
20747385,E,空氣污染物申報-有害空氣污染物,三氯甲烷,,,2022,0.008
20747385,E,空氣污染物申報-有害空氣污染物,乙苯,,,2022,0.234
20747385,E,空氣污染物申報-有害空氣污染物,二氯甲烷,,,2022,0.008
20747385,E,空氣污染物申報-有害空氣污染物,甲苯,,,2022,1.133
20747385,E,空氣污染物申報-有害空氣污染物,二甲苯,,,2022,16.33
20844865,E,空氣污染物申報-一般空氣污染物,氮氧化物,,,2022,150.516
20844865,E,空氣污染物申報-一般空氣污染物,硫氧化物,,,2022,5.371
20844865,E,空氣污染物申報-一般空氣污染物,粒狀污染物,,,2022,4.125
20844865,E,空氣污染物申報-一般空氣污染物,揮發性有機化合物,,,2022,6.272
20844865,E,空氣污染物申報-有害空氣污染物,苯,,,2022,1.4260000000000002
20844865,E,空氣污染物申報-有害空氣污染物,三氯甲烷,,,2022,0.065
20844865,E,空氣污染物申報-有害空氣污染物,苯乙烯,,,2022,1.256
20844865,E,空氣污染物申報-有害空氣污染物,乙苯,,,2022,0.655
20844865,E,空氣污染物申報-有害空氣污染物,甲苯,,,2022,0.316
20844865,E,空氣污染物申報-有害空氣污染物,二甲苯,,,2022,0.188
20844865,E,空氣污染物申報-有害空氣污染物,戴奧辛,,,2022,0.002
20844865,E,空氣污染物申報-有害空氣污染物,重金屬,,,2022,0.005
22281617,E,空氣污染物申報-一般空氣污染物,氮氧化物,,,2022,1.9360000000000002
22281617,E,空氣污染物申報-一般空氣污染物,粒狀污染物,,,2022,0.09400000000000001
22281617,E,空氣污染物申報-一般空氣污染物,揮發性有機化合物,,,2022,2.9749999999999996
22318678,E,空氣污染物申報-一般空氣污染物,氮氧化物,,,2022,95.966
22318678,E,空氣污染物申報-一般空氣污染物,硫氧化物,,,2022,52.298
22318678,E,空氣污染物申報-一般空氣污染物,粒狀污染物,,,2022,10.103000000000002
22318678,E,空氣污染物申報-一般空氣污染物,揮發性有機化合物,,,2022,103.74300000000001
22318678,E,空氣污染物申報-有害空氣污染物,苯,,,2022,0.2
22318678,E,空氣污染物申報-有害空氣污染物,三氯甲烷,,,2022,2.944
22318678,E,空氣污染物申報-有害空氣污染物,二氯甲烷,,,2022,2.4
22318678,E,空氣污染物申報-有害空氣污染物,甲苯,,,2022,1.267
22318678,E,空氣污染物申報-有害空氣污染物,二甲苯,,,2022,7.582
35894259,E,空氣污染物申報-一般空氣污染物,氮氧化物,,,2022,7.117
35894259,E,空氣污染物申報-一般空氣污染物,粒狀污染物,,,2022,0.7060000000000001
35894259,E,空氣污染物申報-一般空氣污染物,揮發性有機化合物,,,2022,33.095
35894259,E,空氣污染物申報-有害空氣污染物,甲苯,,,2022,2.9239999999999995
42818882,E,空氣污染物申報-一般空氣污染物,氮氧化物,,,2022,213.69299999999998
42818882,E,空氣污染物申報-一般空氣污染物,硫氧化物,,,2022,85.018
42818882,E,空氣污染物申報-一般空氣污染物,粒狀污染物,,,2022,13.011000000000001
42818882,E,空氣污染物申報-一般空氣污染物,揮發性有機化合物,,,2022,4.603
42818882,E,空氣污染物申報-有害空氣污染物,苯,,,2022,0.006
42818882,E,空氣污染物申報-有害空氣污染物,三氯甲烷,,,2022,0.051000000000000004
42818882,E,空氣污染物申報-有害空氣污染物,乙苯,,,2022,0.004
42818882,E,空氣污染物申報-有害空氣污染物,二氯甲烷,,,2022,0.046
42818882,E,空氣污染物申報-有害空氣污染物,甲苯,,,2022,0.025
42818882,E,空氣污染物申報-有害空氣污染物,三氯乙烯,,,2022,0.006
51059101,E,空氣污染物申報-一般空氣污染物,氮氧化物,,,2022,0.016
51059101,E,空氣污染物申報-一般空氣污染物,粒狀污染物,,,2022,0.004
51059101,E,空氣污染物申報-一般空氣污染物,揮發性有機化合物,,,2022,2.7910000000000004
57104700,E,空氣污染物申報-一般空氣污染物,氮氧化物,,,2022,9.937999999999999
57104700,E,空氣污染物申報-一般空氣污染物,硫氧化物,,,2022,0.02
57104700,E,空氣污染物申報-一般空氣污染物,粒狀污染物,,,2022,0.266
57104700,E,空氣污染物申報-一般空氣污染物,揮發性有機化合物,,,2022,5.65
57104700,E,空氣污染物申報-有害空氣污染物,苯乙烯,,,2022,2.303
57104700,E,空氣污染物申報-有害空氣污染物,戴奧辛,,,2022,0.008
57104700,E,空氣污染物申報-有害空氣污染物,重金屬,,,2022,0.002
58650902,E,空氣污染物申報-一般空氣污染物,氮氧化物,,,2022,1373.932
58650902,E,空氣污染物申報-一般空氣污染物,硫氧化物,,,2022,215.93300000000002
58650902,E,空氣污染物申報-一般空氣污染物,粒狀污染物,,,2022,109.70900000000002
58650902,E,空氣污染物申報-一般空氣污染物,揮發性有機化合物,,,2022,560.3839999999999
58650902,E,空氣污染物申報-有害空氣污染物,苯,,,2022,25.31
58650902,E,空氣污染物申報-有害空氣污染物,四氯化碳,,,2022,0.006
58650902,E,空氣污染物申報-有害空氣污染物,三氯甲烷,,,2022,2.269
58650902,E,空氣污染物申報-有害空氣污染物,苯乙烯,,,2022,36.735
58650902,E,空氣污染物申報-有害空氣污染物,乙苯,,,2022,6.762
58650902,E,空氣污染物申報-有害空氣污染物,二氯甲烷,,,2022,10.087
58650902,E,空氣污染物申報-有害空氣污染物,甲苯,,,2022,11.975
58650902,E,空氣污染物申報-有害空氣污染物,三氯乙烯,,,2022,0.264
58650902,E,空氣污染物申報-有害空氣污染物,二甲苯,,,2022,26.746999999999993
58650902,E,空氣污染物申報-有害空氣污染物,戴奧辛,,,2022,0.019000000000000003
58650902,E,空氣污染物申報-有害空氣污染物,重金屬,,,2022,0.078
68192103,E,空氣污染物申報-一般空氣污染物,粒狀污染物,,,2022,0.013000000000000001
68192103,E,空氣污染物申報-一般空氣污染物,揮發性有機化合物,,,2022,20.201999999999998
68192103,E,空氣污染物申報-有害空氣污染物,乙苯,,,2022,0.003
68192103,E,空氣污染物申報-有害空氣污染物,甲苯,,,2022,3.09
68192103,E,空氣污染物申報-有害空氣污染物,二甲苯,,,2022,0.011000000000000001
72104709,E,空氣污染物申報-一般空氣污染物,氮氧化物,,,2022,0.9950000000000001
72104709,E,空氣污染物申報-一般空氣污染物,粒狀污染物,,,2022,0.030000000000000002
72104709,E,空氣污染物申報-一般空氣污染物,揮發性有機化合物,,,2022,129.303
72104709,E,空氣污染物申報-有害空氣污染物,甲苯,,,2022,0.066
73644351,E,空氣污染物申報-一般空氣污染物,揮發性有機化合物,,,2022,1.616
75370905,E,空氣污染物申報-一般空氣污染物,氮氧化物,,,2022,708.741
75370905,E,空氣污染物申報-一般空氣污染物,硫氧化物,,,2022,295.371
75370905,E,空氣污染物申報-一般空氣污染物,粒狀污染物,,,2022,48.272999999999996
75370905,E,空氣污染物申報-一般空氣污染物,揮發性有機化合物,,,2022,1584.249
75370905,E,空氣污染物申報-有害空氣污染物,苯,,,2022,0.9130000000000001
75370905,E,空氣污染物申報-有害空氣污染物,三氯甲烷,,,2022,1.096
75370905,E,空氣污染物申報-有害空氣污染物,苯乙烯,,,2022,5.089
75370905,E,空氣污染物申報-有害空氣污染物,乙苯,,,2022,2.243
75370905,E,空氣污染物申報-有害空氣污染物,二氯甲烷,,,2022,7.094000000000001
75370905,E,空氣污染物申報-有害空氣污染物,甲苯,,,2022,35.684999999999995
75370905,E,空氣污染物申報-有害空氣污染物,三氯乙烯,,,2022,0.079
75370905,E,空氣污染物申報-有害空氣污染物,二甲苯,,,2022,34.742999999999995
75370905,E,空氣污染物申報-有害空氣污染物,戴奧辛,,,2022,0.05200000000000001
75370905,E,空氣污染物申報-有害空氣污染物,重金屬,,,2022,0.137
75708007,E,空氣污染物申報-一般空氣污染物,氮氧化物,,,2022,1599.9370000000001
75708007,E,空氣污染物申報-一般空氣污染物,硫氧化物,,,2022,1912.896
75708007,E,空氣污染物申報-一般空氣污染物,粒狀污染物,,,2022,302.29600000000005
75708007,E,空氣污染物申報-一般空氣污染物,揮發性有機化合物,,,2022,382.77400000000017
75708007,E,空氣污染物申報-有害空氣污染物,苯,,,2022,0.15200000000000002
75708007,E,空氣污染物申報-有害空氣污染物,三氯甲烷,,,2022,5.944999999999999
75708007,E,空氣污染物申報-有害空氣污染物,苯乙烯,,,2022,3.344
75708007,E,空氣污染物申報-有害空氣污染物,乙苯,,,2022,2.762
75708007,E,空氣污染物申報-有害空氣污染物,二氯甲烷,,,2022,0.605
75708007,E,空氣污染物申報-有害空氣污染物,甲苯,,,2022,7.283
75708007,E,空氣污染物申報-有害空氣污染物,三氯乙烯,,,2022,0.057999999999999996
75708007,E,空氣污染物申報-有害空氣污染物,二甲苯,,,2022,24.057000000000002
75708007,E,空氣污染物申報-有害空氣污染物,戴奧辛,,,2022,0.12
75708007,E,空氣污染物申報-有害空氣污染物,重金屬,,,2022,0.23099999999999998
83387850,E,空氣污染物申報-一般空氣污染物,氮氧化物,,,2022,4.455
83387850,E,空氣污染物申報-一般空氣污染物,粒狀污染物,,,2022,0.19599999999999998
83387850,E,空氣污染物申報-一般空氣污染物,揮發性有機化合物,,,2022,61.412
83387850,E,空氣污染物申報-有害空氣污染物,苯,,,2022,0.007
83387850,E,空氣污染物申報-有害空氣污染物,三氯甲烷,,,2022,0.05199999999999999
83387850,E,空氣污染物申報-有害空氣污染物,苯乙烯,,,2022,0.33299999999999996
83387850,E,空氣污染物申報-有害空氣污染物,乙苯,,,2022,0.004
83387850,E,空氣污染物申報-有害空氣污染物,二氯甲烷,,,2022,5.247
83387850,E,空氣污染物申報-有害空氣污染物,甲苯,,,2022,1.334
83387850,E,空氣污染物申報-有害空氣污染物,三氯乙烯,,,2022,0.007
83387850,E,空氣污染物申報-有害空氣污染物,二甲苯,,,2022,1.793
86120031,E,空氣污染物申報-一般空氣污染物,氮氧化物,,,2022,95.15299999999999
86120031,E,空氣污染物申報-一般空氣污染物,硫氧化物,,,2022,33.352999999999994
86120031,E,空氣污染物申報-一般空氣污染物,粒狀污染物,,,2022,3.2289999999999996
86120031,E,空氣污染物申報-一般空氣污染物,揮發性有機化合物,,,2022,48.617999999999995
86120031,E,空氣污染物申報-有害空氣污染物,苯,,,2022,1.561
86120031,E,空氣污染物申報-有害空氣污染物,三氯甲烷,,,2022,0.267
86120031,E,空氣污染物申報-有害空氣污染物,乙苯,,,2022,0.045
86120031,E,空氣污染物申報-有害空氣污染物,二氯甲烷,,,2022,0.235
86120031,E,空氣污染物申報-有害空氣污染物,甲苯,,,2022,2.3810000000000002
86120031,E,空氣污染物申報-有害空氣污染物,三氯乙烯,,,2022,0.032
86120031,E,空氣污染物申報-有害空氣污染物,二甲苯,,,2022,7.433
86120031,E,空氣污染物申報-有害空氣污染物,戴奧辛,,,2022,0.015000000000000001
86120031,E,空氣污染物申報-有害空氣污染物,重金屬,,,2022,0.01
86522210,E,空氣污染物申報-一般空氣污染物,氮氧化物,,,2022,7820.983
86522210,E,空氣污染物申報-一般空氣污染物,硫氧化物,,,2022,2942.406
86522210,E,空氣污染物申報-一般空氣污染物,粒狀污染物,,,2022,577.2009999999999
86522210,E,空氣污染物申報-一般空氣污染物,揮發性有機化合物,,,2022,2331.470999999999
86522210,E,空氣污染物申報-有害空氣污染物,苯,,,2022,1.274
86522210,E,空氣污染物申報-有害空氣污染物,三氯甲烷,,,2022,2.04
86522210,E,空氣污染物申報-有害空氣污染物,乙苯,,,2022,26.584999999999994
86522210,E,空氣污染物申報-有害空氣污染物,二氯甲烷,,,2022,1.813
86522210,E,空氣污染物申報-有害空氣污染物,甲苯,,,2022,35.209999999999994
86522210,E,空氣污染物申報-有害空氣污染物,三氯乙烯,,,2022,0.23800000000000002
86522210,E,空氣污染物申報-有害空氣污染物,二甲苯,,,2022,120.87799999999999
86522210,E,空氣污染物申報-有害空氣污染物,戴奧辛,,,2022,0.14700000000000002
86522210,E,空氣污染物申報-有害空氣污染物,重金屬,,,2022,1.009
89323361,E,空氣污染物申報-一般空氣污染物,揮發性有機化合物,,,2022,2.09
03707901,E,空氣污染物申報-一般空氣污染物,氮氧化物,,,2022,3000.7559999999994
03707901,E,空氣污染物申報-一般空氣污染物,硫氧化物,,,2022,1018.0459999999998
03707901,E,空氣污染物申報-一般空氣污染物,粒狀污染物,,,2022,208.76700000000005
03707901,E,空氣污染物申報-一般空氣污染物,揮發性有機化合物,,,2022,3349.3310000000015
03707901,E,空氣污染物申報-有害空氣污染物,苯,,,2022,21.537999999999997
03707901,E,空氣污染物申報-有害空氣污染物,四氯化碳,,,2022,0.23199999999999998
03707901,E,空氣污染物申報-有害空氣污染物,三氯甲烷,,,2022,16.595000000000002
03707901,E,空氣污染物申報-有害空氣污染物,苯乙烯,,,2022,17.319
03707901,E,空氣污染物申報-有害空氣污染物,四氯乙烯,,,2022,0.248
03707901,E,空氣污染物申報-有害空氣污染物,乙苯,,,2022,27.969000000000005
03707901,E,空氣污染物申報-有害空氣污染物,二氯甲烷,,,2022,13.674999999999999
03707901,E,空氣污染物申報-有害空氣污染物,甲苯,,,2022,126.054
03707901,E,空氣污染物申報-有害空氣污染物,三氯乙烯,,,2022,1.9429999999999996
03707901,E,空氣污染物申報-有害空氣污染物,二甲苯,,,2022,242.117
03707901,E,空氣污染物申報-有害空氣污染物,戴奧辛,,,2022,0.084
03707901,E,空氣污染物申報-有害空氣污染物,重金屬,,,2022,0.025
03084741,E,空氣污染物申報-一般空氣污染物,氮氧化物,,,2022,155.273
03084741,E,空氣污染物申報-一般空氣污染物,硫氧化物,,,2022,18.102
03084741,E,空氣污染物申報-一般空氣污染物,粒狀污染物,,,2022,14.036
03084741,E,空氣污染物申報-一般空氣污染物,揮發性有機化合物,,,2022,159.248
03084741,E,空氣污染物申報-有害空氣污染物,苯,,,2022,2.7509999999999994
03084741,E,空氣污染物申報-有害空氣污染物,三氯甲烷,,,2022,0.7949999999999999
03084741,E,空氣污染物申報-有害空氣污染物,乙苯,,,2022,0.085
03084741,E,空氣污染物申報-有害空氣污染物,二氯甲烷,,,2022,0.6930000000000001
03084741,E,空氣污染物申報-有害空氣污染物,甲苯,,,2022,5.869999999999999
03084741,E,空氣污染物申報-有害空氣污染物,三氯乙烯,,,2022,0.086
03084741,E,空氣污染物申報-有害空氣污染物,二甲苯,,,2022,1.2
03084741,E,空氣污染物申報-有害空氣污染物,戴奧辛,,,2022,0.009000000000000001
03084741,E,空氣污染物申報-有害空氣污染物,重金屬,,,2022,0.006
04212250,E,空氣污染物申報-一般空氣污染物,氮氧化物,,,2022,128
04212250,E,空氣污染物申報-一般空氣污染物,硫氧化物,,,2022,31.467
04212250,E,空氣污染物申報-一般空氣污染物,粒狀污染物,,,2022,7.869000000000001
04212250,E,空氣污染物申報-一般空氣污染物,揮發性有機化合物,,,2022,21.78
04212250,E,空氣污染物申報-有害空氣污染物,苯,,,2022,3.6180000000000003
04212250,E,空氣污染物申報-有害空氣污染物,三氯甲烷,,,2022,0.252
04212250,E,空氣污染物申報-有害空氣污染物,苯乙烯,,,2022,4.773
04212250,E,空氣污染物申報-有害空氣污染物,乙苯,,,2022,1.7200000000000002
04212250,E,空氣污染物申報-有害空氣污染物,二氯甲烷,,,2022,0.195
04212250,E,空氣污染物申報-有害空氣污染物,甲苯,,,2022,0.368
04212250,E,空氣污染物申報-有害空氣污染物,三氯乙烯,,,2022,0.026000000000000002
04212250,E,空氣污染物申報-有害空氣污染物,二甲苯,,,2022,0.019000000000000003
04212250,E,空氣污染物申報-有害空氣污染物,戴奧辛,,,2022,0.04
04212250,E,空氣污染物申報-有害空氣污染物,重金屬,,,2022,0.035
04748660,E,空氣污染物申報-一般空氣污染物,氮氧化物,,,2022,5.3999999999999995
04748660,E,空氣污染物申報-一般空氣污染物,硫氧化物,,,2022,2.294
04748660,E,空氣污染物申報-一般空氣污染物,粒狀污染物,,,2022,0.378
04748660,E,空氣污染物申報-一般空氣污染物,揮發性有機化合物,,,2022,20.893
04748660,E,空氣污染物申報-有害空氣污染物,苯,,,2022,0.015
04748660,E,空氣污染物申報-有害空氣污染物,三氯甲烷,,,2022,0.303
04748660,E,空氣污染物申報-有害空氣污染物,乙苯,,,2022,0.004
04748660,E,空氣污染物申報-有害空氣污染物,二氯甲烷,,,2022,0.036000000000000004
04748660,E,空氣污染物申報-有害空氣污染物,甲苯,,,2022,0.019999999999999997
04748660,E,空氣污染物申報-有害空氣污染物,三氯乙烯,,,2022,0.004
04748660,E,空氣污染物申報-有害空氣污染物,二甲苯,,,2022,1.533
04748660,E,空氣污染物申報-有害空氣污染物,重金屬,,,2022,0.002
07147916,E,空氣污染物申報-一般空氣污染物,氮氧化物,,,2022,2.739
07147916,E,空氣污染物申報-一般空氣污染物,硫氧化物,,,2022,0.654
07147916,E,空氣污染物申報-一般空氣污染物,粒狀污染物,,,2022,0.21999999999999997
07147916,E,空氣污染物申報-一般空氣污染物,揮發性有機化合物,,,2022,214.313
07147916,E,空氣污染物申報-有害空氣污染物,甲苯,,,2022,129.87
11455800,E,空氣污染物申報-一般空氣污染物,氮氧化物,,,2023,0.005
11455800,E,空氣污染物申報-一般空氣污染物,揮發性有機化合物,,,2023,0.6509999999999999
11686106,E,空氣污染物申報-一般空氣污染物,氮氧化物,,,2023,14.768
11686106,E,空氣污染物申報-一般空氣污染物,硫氧化物,,,2023,0.36
11686106,E,空氣污染物申報-一般空氣污染物,粒狀污染物,,,2023,12.773
11686106,E,空氣污染物申報-一般空氣污染物,揮發性有機化合物,,,2023,139.78300000000002
11686106,E,空氣污染物申報-有害空氣污染物,苯,,,2023,0.004
11686106,E,空氣污染物申報-有害空氣污染物,三氯甲烷,,,2023,1.487
11686106,E,空氣污染物申報-有害空氣污染物,乙苯,,,2023,0.003
11686106,E,空氣污染物申報-有害空氣污染物,二氯甲烷,,,2023,0.067
11686106,E,空氣污染物申報-有害空氣污染物,甲苯,,,2023,3.1420000000000003
11686106,E,空氣污染物申報-有害空氣污染物,三氯乙烯,,,2023,0.024
11686106,E,空氣污染物申報-有害空氣污染物,二甲苯,,,2023,4.28
11846954,E,空氣污染物申報-一般空氣污染物,揮發性有機化合物,,,2023,0.041
11846954,E,空氣污染物申報-有害空氣污染物,甲苯,,,2023,0.002
11893409,E,空氣污染物申報-一般空氣污染物,氮氧化物,,,2023,8.459000000000001
11893409,E,空氣污染物申報-一般空氣污染物,硫氧化物,,,2023,1.4969999999999999
11893409,E,空氣污染物申報-一般空氣污染物,粒狀污染物,,,2023,1.876
11893409,E,空氣污染物申報-一般空氣污染物,揮發性有機化合物,,,2023,16.146
11893409,E,空氣污染物申報-有害空氣污染物,苯,,,2023,0.004
11893409,E,空氣污染物申報-有害空氣污染物,三氯甲烷,,,2023,0.045
11893409,E,空氣污染物申報-有害空氣污染物,苯乙烯,,,2023,3.6739999999999995
11893409,E,空氣污染物申報-有害空氣污染物,乙苯,,,2023,0.004
11893409,E,空氣污染物申報-有害空氣污染物,二氯甲烷,,,2023,0.02
11893409,E,空氣污染物申報-有害空氣污染物,甲苯,,,2023,0.02
11893409,E,空氣污染物申報-有害空氣污染物,三氯乙烯,,,2023,0.002
11893409,E,空氣污染物申報-有害空氣污染物,二甲苯,,,2023,0.022
11917107,E,空氣污染物申報-一般空氣污染物,氮氧化物,,,2023,8.397
11917107,E,空氣污染物申報-一般空氣污染物,粒狀污染物,,,2023,0.563
11917107,E,空氣污染物申報-一般空氣污染物,揮發性有機化合物,,,2023,27.437
11917107,E,空氣污染物申報-有害空氣污染物,三氯甲烷,,,2023,0.044
11917107,E,空氣污染物申報-有害空氣污染物,苯乙烯,,,2023,0.35
11917107,E,空氣污染物申報-有害空氣污染物,乙苯,,,2023,0.022
11917107,E,空氣污染物申報-有害空氣污染物,二氯甲烷,,,2023,0.006
11917107,E,空氣污染物申報-有害空氣污染物,甲苯,,,2023,0.004
11917107,E,空氣污染物申報-有害空氣污染物,二甲苯,,,2023,12.391
12413104,E,空氣污染物申報-一般空氣污染物,揮發性有機化合物,,,2023,3.243
12413104,E,空氣污染物申報-有害空氣污染物,二氯甲烷,,,2023,0.001
14040691,E,空氣污染物申報-一般空氣污染物,氮氧化物,,,2023,10.862
14040691,E,空氣污染物申報-一般空氣污染物,硫氧化物,,,2023,0.29000000000000004
14040691,E,空氣污染物申報-一般空氣污染物,粒狀污染物,,,2023,0.10500000000000001
14040691,E,空氣污染物申報-一般空氣污染物,揮發性有機化合物,,,2023,18.371000000000002
14040691,E,空氣污染物申報-有害空氣污染物,苯,,,2023,0.017
14040691,E,空氣污染物申報-有害空氣污染物,三氯甲烷,,,2023,0.134
14040691,E,空氣污染物申報-有害空氣污染物,乙苯,,,2023,0.011
14040691,E,空氣污染物申報-有害空氣污染物,二氯甲烷,,,2023,0.119
14040691,E,空氣污染物申報-有害空氣污染物,甲苯,,,2023,0.064
14040691,E,空氣污染物申報-有害空氣污染物,三氯乙烯,,,2023,0.015
14040691,E,空氣污染物申報-有害空氣污染物,二甲苯,,,2023,0.812
15024509,E,空氣污染物申報-一般空氣污染物,氮氧化物,,,2023,2.7510000000000003
15024509,E,空氣污染物申報-一般空氣污染物,硫氧化物,,,2023,0.136
15024509,E,空氣污染物申報-一般空氣污染物,粒狀污染物,,,2023,1.6640000000000001
15024509,E,空氣污染物申報-一般空氣污染物,揮發性有機化合物,,,2023,27.108999999999995
15024509,E,空氣污染物申報-有害空氣污染物,三氯甲烷,,,2023,0.07300000000000001
15024509,E,空氣污染物申報-有害空氣污染物,甲苯,,,2023,0.859
15024509,E,空氣污染物申報-有害空氣污染物,三氯乙烯,,,2023,0.006
15024509,E,空氣污染物申報-有害空氣污染物,二甲苯,,,2023,0.074
19084015,E,空氣污染物申報-一般空氣污染物,氮氧化物,,,2023,29.435000000000002
19084015,E,空氣污染物申報-一般空氣污染物,硫氧化物,,,2023,0.063
19084015,E,空氣污染物申報-一般空氣污染物,粒狀污染物,,,2023,0.8280000000000001
19084015,E,空氣污染物申報-一般空氣污染物,揮發性有機化合物,,,2023,17.396
19084015,E,空氣污染物申報-有害空氣污染物,苯,,,2023,0.01
19084015,E,空氣污染物申報-有害空氣污染物,三氯甲烷,,,2023,0.14
19084015,E,空氣污染物申報-有害空氣污染物,乙苯,,,2023,0.007
19084015,E,空氣污染物申報-有害空氣污染物,二氯甲烷,,,2023,0.086
19084015,E,空氣污染物申報-有害空氣污染物,甲苯,,,2023,0.042
19084015,E,空氣污染物申報-有害空氣污染物,三氯乙烯,,,2023,0.01
19084015,E,空氣污染物申報-有害空氣污染物,二甲苯,,,2023,0.458
19084015,E,空氣污染物申報-有害空氣污染物,戴奧辛,,,2023,0.004
20747385,E,空氣污染物申報-一般空氣污染物,氮氧化物,,,2023,2.588
20747385,E,空氣污染物申報-一般空氣污染物,硫氧化物,,,2023,1.9380000000000002
20747385,E,空氣污染物申報-一般空氣污染物,粒狀污染物,,,2023,0.46
20747385,E,空氣污染物申報-一般空氣污染物,揮發性有機化合物,,,2023,17.322
20747385,E,空氣污染物申報-有害空氣污染物,苯,,,2023,0.249
20747385,E,空氣污染物申報-有害空氣污染物,三氯甲烷,,,2023,0.004
20747385,E,空氣污染物申報-有害空氣污染物,乙苯,,,2023,0.118
20747385,E,空氣污染物申報-有害空氣污染物,二氯甲烷,,,2023,0.004
20747385,E,空氣污染物申報-有害空氣污染物,甲苯,,,2023,0.5640000000000001
20747385,E,空氣污染物申報-有害空氣污染物,二甲苯,,,2023,9.369
20844865,E,空氣污染物申報-一般空氣污染物,氮氧化物,,,2023,60.39
20844865,E,空氣污染物申報-一般空氣污染物,硫氧化物,,,2023,0.706
20844865,E,空氣污染物申報-一般空氣污染物,粒狀污染物,,,2023,1.6
20844865,E,空氣污染物申報-一般空氣污染物,揮發性有機化合物,,,2023,4.125
20844865,E,空氣污染物申報-有害空氣污染物,苯,,,2023,0.884
20844865,E,空氣污染物申報-有害空氣污染物,三氯甲烷,,,2023,0.086
20844865,E,空氣污染物申報-有害空氣污染物,苯乙烯,,,2023,0.5609999999999999
20844865,E,空氣污染物申報-有害空氣污染物,乙苯,,,2023,0.605
20844865,E,空氣污染物申報-有害空氣污染物,甲苯,,,2023,0.176
20844865,E,空氣污染物申報-有害空氣污染物,二甲苯,,,2023,0.13
22281617,E,空氣污染物申報-一般空氣污染物,氮氧化物,,,2023,0.952
22281617,E,空氣污染物申報-一般空氣污染物,粒狀污染物,,,2023,0.049
22281617,E,空氣污染物申報-一般空氣污染物,揮發性有機化合物,,,2023,1.558
22318678,E,空氣污染物申報-一般空氣污染物,氮氧化物,,,2023,51.335
22318678,E,空氣污染物申報-一般空氣污染物,硫氧化物,,,2023,39.956
22318678,E,空氣污染物申報-一般空氣污染物,粒狀污染物,,,2023,4.647
22318678,E,空氣污染物申報-一般空氣污染物,揮發性有機化合物,,,2023,39.577999999999996
22318678,E,空氣污染物申報-有害空氣污染物,苯,,,2023,0.094
22318678,E,空氣污染物申報-有害空氣污染物,三氯甲烷,,,2023,0.875
22318678,E,空氣污染物申報-有害空氣污染物,甲苯,,,2023,0.378
22318678,E,空氣污染物申報-有害空氣污染物,二甲苯,,,2023,3.061
35894259,E,空氣污染物申報-一般空氣污染物,氮氧化物,,,2023,3.0119999999999996
35894259,E,空氣污染物申報-一般空氣污染物,粒狀污染物,,,2023,0.314
35894259,E,空氣污染物申報-一般空氣污染物,揮發性有機化合物,,,2023,13.258
35894259,E,空氣污染物申報-有害空氣污染物,甲苯,,,2023,1.032
42818882,E,空氣污染物申報-一般空氣污染物,氮氧化物,,,2023,36.325
42818882,E,空氣污染物申報-一般空氣污染物,硫氧化物,,,2023,31.728
42818882,E,空氣污染物申報-一般空氣污染物,粒狀污染物,,,2023,4.948
42818882,E,空氣污染物申報-一般空氣污染物,揮發性有機化合物,,,2023,1.827
42818882,E,空氣污染物申報-有害空氣污染物,苯,,,2023,0.003
42818882,E,空氣污染物申報-有害空氣污染物,三氯甲烷,,,2023,0.028
42818882,E,空氣污染物申報-有害空氣污染物,乙苯,,,2023,0.002
42818882,E,空氣污染物申報-有害空氣污染物,二氯甲烷,,,2023,0.025
42818882,E,空氣污染物申報-有害空氣污染物,甲苯,,,2023,0.014
42818882,E,空氣污染物申報-有害空氣污染物,三氯乙烯,,,2023,0.003
51059101,E,空氣污染物申報-一般空氣污染物,氮氧化物,,,2023,0.008
51059101,E,空氣污染物申報-一般空氣污染物,粒狀污染物,,,2023,0.001
51059101,E,空氣污染物申報-一般空氣污染物,揮發性有機化合物,,,2023,1.161
57104700,E,空氣污染物申報-一般空氣污染物,氮氧化物,,,2023,5.067
57104700,E,空氣污染物申報-一般空氣污染物,硫氧化物,,,2023,0.005
57104700,E,空氣污染物申報-一般空氣污染物,粒狀污染物,,,2023,0.6559999999999999
57104700,E,空氣污染物申報-一般空氣污染物,揮發性有機化合物,,,2023,2.896
57104700,E,空氣污染物申報-有害空氣污染物,苯乙烯,,,2023,1.1989999999999998
57104700,E,空氣污染物申報-有害空氣污染物,戴奧辛,,,2023,0.003
58650902,E,空氣污染物申報-一般空氣污染物,氮氧化物,,,2023,580.5350000000001
58650902,E,空氣污染物申報-一般空氣污染物,硫氧化物,,,2023,87.276
58650902,E,空氣污染物申報-一般空氣污染物,粒狀污染物,,,2023,51.522000000000006
58650902,E,空氣污染物申報-一般空氣污染物,揮發性有機化合物,,,2023,227.75999999999996
58650902,E,空氣污染物申報-有害空氣污染物,苯,,,2023,10.695000000000002
58650902,E,空氣污染物申報-有害空氣污染物,四氯化碳,,,2023,0.004
58650902,E,空氣污染物申報-有害空氣污染物,三氯甲烷,,,2023,0.545
58650902,E,空氣污染物申報-有害空氣污染物,苯乙烯,,,2023,5.3870000000000005
58650902,E,空氣污染物申報-有害空氣污染物,乙苯,,,2023,2.5820000000000003
58650902,E,空氣污染物申報-有害空氣污染物,二氯甲烷,,,2023,4.536
58650902,E,空氣污染物申報-有害空氣污染物,甲苯,,,2023,4.847
58650902,E,空氣污染物申報-有害空氣污染物,三氯乙烯,,,2023,0.061
58650902,E,空氣污染物申報-有害空氣污染物,二甲苯,,,2023,15.358
58650902,E,空氣污染物申報-有害空氣污染物,戴奧辛,,,2023,0.006
58650902,E,空氣污染物申報-有害空氣污染物,重金屬,,,2023,0.034
68192103,E,空氣污染物申報-一般空氣污染物,粒狀污染物,,,2023,0.004
68192103,E,空氣污染物申報-一般空氣污染物,揮發性有機化合物,,,2023,11.975999999999999
68192103,E,空氣污染物申報-有害空氣污染物,乙苯,,,2023,0.002
68192103,E,空氣污染物申報-有害空氣污染物,甲苯,,,2023,1.838
68192103,E,空氣污染物申報-有害空氣污染物,二甲苯,,,2023,0.007
72104709,E,空氣污染物申報-一般空氣污染物,氮氧化物,,,2023,0.274
72104709,E,空氣污染物申報-一般空氣污染物,粒狀污染物,,,2023,0.009000000000000001
72104709,E,空氣污染物申報-一般空氣污染物,揮發性有機化合物,,,2023,15.695999999999998
73644351,E,空氣污染物申報-一般空氣污染物,揮發性有機化合物,,,2023,0.7290000000000001
75370905,E,空氣污染物申報-一般空氣污染物,氮氧化物,,,2023,371.05699999999996
75370905,E,空氣污染物申報-一般空氣污染物,硫氧化物,,,2023,143.387
75370905,E,空氣污染物申報-一般空氣污染物,粒狀污染物,,,2023,21.122
75370905,E,空氣污染物申報-一般空氣污染物,揮發性有機化合物,,,2023,653.819
75370905,E,空氣污染物申報-有害空氣污染物,苯,,,2023,0.381
75370905,E,空氣污染物申報-有害空氣污染物,三氯甲烷,,,2023,0.349
75370905,E,空氣污染物申報-有害空氣污染物,苯乙烯,,,2023,1.948
75370905,E,空氣污染物申報-有害空氣污染物,乙苯,,,2023,0.47100000000000003
75370905,E,空氣污染物申報-有害空氣污染物,二氯甲烷,,,2023,4.015
75370905,E,空氣污染物申報-有害空氣污染物,甲苯,,,2023,11.506000000000002
75370905,E,空氣污染物申報-有害空氣污染物,三氯乙烯,,,2023,0.036000000000000004
75370905,E,空氣污染物申報-有害空氣污染物,二甲苯,,,2023,15.972
75370905,E,空氣污染物申報-有害空氣污染物,戴奧辛,,,2023,0.019000000000000003
75370905,E,空氣污染物申報-有害空氣污染物,重金屬,,,2023,0.041999999999999996
75708007,E,空氣污染物申報-一般空氣污染物,氮氧化物,,,2023,561.18
75708007,E,空氣污染物申報-一般空氣污染物,硫氧化物,,,2023,248.95800000000006
75708007,E,空氣污染物申報-一般空氣污染物,粒狀污染物,,,2023,157.745
75708007,E,空氣污染物申報-一般空氣污染物,揮發性有機化合物,,,2023,196.06899999999996
75708007,E,空氣污染物申報-有害空氣污染物,苯,,,2023,0.126
75708007,E,空氣污染物申報-有害空氣污染物,三氯甲烷,,,2023,1.468
75708007,E,空氣污染物申報-有害空氣污染物,苯乙烯,,,2023,2.0149999999999997
75708007,E,空氣污染物申報-有害空氣污染物,乙苯,,,2023,1.8719999999999994
75708007,E,空氣污染物申報-有害空氣污染物,二氯甲烷,,,2023,0.3
75708007,E,空氣污染物申報-有害空氣污染物,甲苯,,,2023,5.04
75708007,E,空氣污染物申報-有害空氣污染物,三氯乙烯,,,2023,0.031
75708007,E,空氣污染物申報-有害空氣污染物,二甲苯,,,2023,19.557000000000002
75708007,E,空氣污染物申報-有害空氣污染物,戴奧辛,,,2023,0.05700000000000001
75708007,E,空氣污染物申報-有害空氣污染物,重金屬,,,2023,0.11000000000000001
83387850,E,空氣污染物申報-一般空氣污染物,氮氧化物,,,2023,1.681
83387850,E,空氣污染物申報-一般空氣污染物,粒狀污染物,,,2023,0.07200000000000001
83387850,E,空氣污染物申報-一般空氣污染物,揮發性有機化合物,,,2023,20.034999999999997
83387850,E,空氣污染物申報-有害空氣污染物,苯,,,2023,0.002
83387850,E,空氣污染物申報-有害空氣污染物,三氯甲烷,,,2023,0.02
83387850,E,空氣污染物申報-有害空氣污染物,苯乙烯,,,2023,0.16799999999999998
83387850,E,空氣污染物申報-有害空氣污染物,乙苯,,,2023,0.002
83387850,E,空氣污染物申報-有害空氣污染物,二氯甲烷,,,2023,1.232
83387850,E,空氣污染物申報-有害空氣污染物,甲苯,,,2023,0.861
83387850,E,空氣污染物申報-有害空氣污染物,三氯乙烯,,,2023,0.002
83387850,E,空氣污染物申報-有害空氣污染物,二甲苯,,,2023,0.849
86120031,E,空氣污染物申報-一般空氣污染物,氮氧化物,,,2023,36.342999999999996
86120031,E,空氣污染物申報-一般空氣污染物,硫氧化物,,,2023,9.225999999999999
86120031,E,空氣污染物申報-一般空氣污染物,粒狀污染物,,,2023,1.4609999999999999
86120031,E,空氣污染物申報-一般空氣污染物,揮發性有機化合物,,,2023,9.432
86120031,E,空氣污染物申報-有害空氣污染物,苯,,,2023,0.843
86120031,E,空氣污染物申報-有害空氣污染物,三氯甲烷,,,2023,0.083
86120031,E,空氣污染物申報-有害空氣污染物,乙苯,,,2023,0.019
86120031,E,空氣污染物申報-有害空氣污染物,二氯甲烷,,,2023,0.074
86120031,E,空氣污染物申報-有害空氣污染物,甲苯,,,2023,0.039
86120031,E,空氣污染物申報-有害空氣污染物,三氯乙烯,,,2023,0.01
86120031,E,空氣污染物申報-有害空氣污染物,戴奧辛,,,2023,0.008
86120031,E,空氣污染物申報-有害空氣污染物,重金屬,,,2023,0.004
86522210,E,空氣污染物申報-一般空氣污染物,氮氧化物,,,2023,3335.327
86522210,E,空氣污染物申報-一般空氣污染物,硫氧化物,,,2023,1505.666
86522210,E,空氣污染物申報-一般空氣污染物,粒狀污染物,,,2023,349.4429999999999
86522210,E,空氣污染物申報-一般空氣污染物,揮發性有機化合物,,,2023,933.1449999999999
86522210,E,空氣污染物申報-有害空氣污染物,苯,,,2023,0.6920000000000001
86522210,E,空氣污染物申報-有害空氣污染物,三氯甲烷,,,2023,1.405
86522210,E,空氣污染物申報-有害空氣污染物,乙苯,,,2023,5.749
86522210,E,空氣污染物申報-有害空氣污染物,二氯甲烷,,,2023,1.242
86522210,E,空氣污染物申報-有害空氣污染物,甲苯,,,2023,18.365999999999996
86522210,E,空氣污染物申報-有害空氣污染物,三氯乙烯,,,2023,0.164
86522210,E,空氣污染物申報-有害空氣污染物,二甲苯,,,2023,60.49900000000001
86522210,E,空氣污染物申報-有害空氣污染物,戴奧辛,,,2023,0.111
86522210,E,空氣污染物申報-有害空氣污染物,重金屬,,,2023,0.673
89323361,E,空氣污染物申報-一般空氣污染物,揮發性有機化合物,,,2023,1.33
03707901,E,空氣污染物申報-一般空氣污染物,氮氧化物,,,2023,1422.9390000000003
03707901,E,空氣污染物申報-一般空氣污染物,硫氧化物,,,2023,207.22400000000002
03707901,E,空氣污染物申報-一般空氣污染物,粒狀污染物,,,2023,114.39800000000001
03707901,E,空氣污染物申報-一般空氣污染物,揮發性有機化合物,,,2023,1714.7280000000003
03707901,E,空氣污染物申報-有害空氣污染物,苯,,,2023,19.590000000000003
03707901,E,空氣污染物申報-有害空氣污染物,四氯化碳,,,2023,0.126
03707901,E,空氣污染物申報-有害空氣污染物,三氯甲烷,,,2023,8.812
03707901,E,空氣污染物申報-有害空氣污染物,苯乙烯,,,2023,8.02
03707901,E,空氣污染物申報-有害空氣污染物,四氯乙烯,,,2023,0.102
03707901,E,空氣污染物申報-有害空氣污染物,乙苯,,,2023,16.453
03707901,E,空氣污染物申報-有害空氣污染物,二氯甲烷,,,2023,7.186999999999999
03707901,E,空氣污染物申報-有害空氣污染物,甲苯,,,2023,79.38799999999999
03707901,E,空氣污染物申報-有害空氣污染物,三氯乙烯,,,2023,0.981
03707901,E,空氣污染物申報-有害空氣污染物,二甲苯,,,2023,131.73899999999998
03707901,E,空氣污染物申報-有害空氣污染物,戴奧辛,,,2023,0.008
03707901,E,空氣污染物申報-有害空氣污染物,重金屬,,,2023,0.005
03084741,E,空氣污染物申報-一般空氣污染物,氮氧化物,,,2023,82.073
03084741,E,空氣污染物申報-一般空氣污染物,硫氧化物,,,2023,3.974
03084741,E,空氣污染物申報-一般空氣污染物,粒狀污染物,,,2023,5.29
03084741,E,空氣污染物申報-一般空氣污染物,揮發性有機化合物,,,2023,71.857
03084741,E,空氣污染物申報-有害空氣污染物,苯,,,2023,1.3199999999999998
03084741,E,空氣污染物申報-有害空氣污染物,三氯甲烷,,,2023,0.47200000000000003
03084741,E,空氣污染物申報-有害空氣污染物,乙苯,,,2023,0.046
03084741,E,空氣污染物申報-有害空氣污染物,二氯甲烷,,,2023,0.44599999999999995
03084741,E,空氣污染物申報-有害空氣污染物,甲苯,,,2023,2.834
03084741,E,空氣污染物申報-有害空氣污染物,三氯乙烯,,,2023,0.055
03084741,E,空氣污染物申報-有害空氣污染物,二甲苯,,,2023,1.335
03084741,E,空氣污染物申報-有害空氣污染物,戴奧辛,,,2023,0.001
03084741,E,空氣污染物申報-有害空氣污染物,重金屬,,,2023,0.001
04748660,E,空氣污染物申報-一般空氣污染物,氮氧化物,,,2023,3.097
04748660,E,空氣污染物申報-一般空氣污染物,硫氧化物,,,2023,1.557
04748660,E,空氣污染物申報-一般空氣污染物,粒狀污染物,,,2023,0.326
04748660,E,空氣污染物申報-一般空氣污染物,揮發性有機化合物,,,2023,4.188
04748660,E,空氣污染物申報-有害空氣污染物,苯,,,2023,0.007
04748660,E,空氣污染物申報-有害空氣污染物,三氯甲烷,,,2023,0.027999999999999997
04748660,E,空氣污染物申報-有害空氣污染物,乙苯,,,2023,0.002
04748660,E,空氣污染物申報-有害空氣污染物,二氯甲烷,,,2023,0.009000000000000001
04748660,E,空氣污染物申報-有害空氣污染物,甲苯,,,2023,0.005
04748660,E,空氣污染物申報-有害空氣污染物,二甲苯,,,2023,1.332
04212250,E,空氣污染物申報-一般空氣污染物,氮氧化物,,,2023,64.985
04212250,E,空氣污染物申報-一般空氣污染物,硫氧化物,,,2023,11.439
04212250,E,空氣污染物申報-一般空氣污染物,粒狀污染物,,,2023,5.211
04212250,E,空氣污染物申報-一般空氣污染物,揮發性有機化合物,,,2023,11.68
04212250,E,空氣污染物申報-有害空氣污染物,苯,,,2023,1.367
04212250,E,空氣污染物申報-有害空氣污染物,三氯甲烷,,,2023,0.10200000000000001
04212250,E,空氣污染物申報-有害空氣污染物,苯乙烯,,,2023,2.2729999999999997
04212250,E,空氣污染物申報-有害空氣污染物,乙苯,,,2023,0.9159999999999999
04212250,E,空氣污染物申報-有害空氣污染物,二氯甲烷,,,2023,0.091
04212250,E,空氣污染物申報-有害空氣污染物,甲苯,,,2023,0.195
04212250,E,空氣污染物申報-有害空氣污染物,三氯乙烯,,,2023,0.012
04212250,E,空氣污染物申報-有害空氣污染物,二甲苯,,,2023,0.01
04212250,E,空氣污染物申報-有害空氣污染物,戴奧辛,,,2023,0.004
04212250,E,空氣污染物申報-有害空氣污染物,重金屬,,,2023,0.012
07147916,E,空氣污染物申報-一般空氣污染物,氮氧化物,,,2023,1.544
07147916,E,空氣污染物申報-一般空氣污染物,硫氧化物,,,2023,0.29
07147916,E,空氣污染物申報-一般空氣污染物,粒狀污染物,,,2023,0.137
07147916,E,空氣污染物申報-一般空氣污染物,揮發性有機化合物,,,2023,82.74900000000001
07147916,E,空氣污染物申報-有害空氣污染物,甲苯,,,2023,65.14699999999999
11686106,E,環境違規,違反環境法規金額,,元,2010,10000
11686106,E,環境違規,違反環境法規次數,,次,2010,1
11917107,E,環境違規,違反環境法規金額,,元,2010,200000
11917107,E,環境違規,違反環境法規次數,,次,2010,1
14040691,E,環境違規,違反環境法規金額,,元,2010,100000
14040691,E,環境違規,違反環境法規次數,,次,2010,1
19084015,E,環境違規,違反環境法規金額,,元,2010,160000
19084015,E,環境違規,違反環境法規次數,,次,2010,2
20844865,E,環境違規,違反環境法規金額,,元,2010,100000
20844865,E,環境違規,違反環境法規次數,,次,2010,1
51059101,E,環境違規,違反環境法規金額,,元,2010,3000
51059101,E,環境違規,違反環境法規次數,,次,2010,1
58650902,E,環境違規,違反環境法規金額,,元,2010,700000
58650902,E,環境違規,違反環境法規次數,,次,2010,5
72104709,E,環境違規,違反環境法規金額,,元,2010,100000
72104709,E,環境違規,違反環境法規次數,,次,2010,1
75370905,E,環境違規,違反環境法規金額,,元,2010,1303000
75370905,E,環境違規,違反環境法規次數,,次,2010,4
75708007,E,環境違規,違反環境法規金額,,元,2010,1726000
75708007,E,環境違規,違反環境法規次數,,次,2010,13
86120031,E,環境違規,違反環境法規金額,,元,2010,460000
86120031,E,環境違規,違反環境法規次數,,次,2010,3
86522210,E,環境違規,違反環境法規金額,,元,2010,9600000
86522210,E,環境違規,違反環境法規次數,,次,2010,16
03084741,E,環境違規,違反環境法規金額,,元,2010,206000
03084741,E,環境違規,違反環境法規次數,,次,2010,2
07147916,E,環境違規,違反環境法規金額,,元,2010,60000
07147916,E,環境違規,違反環境法規次數,,次,2010,1
03707901,E,環境違規,違反環境法規金額,,元,2010,1479000
03707901,E,環境違規,違反環境法規次數,,次,2010,19
04748660,E,環境違規,違反環境法規金額,,元,2010,100000
04748660,E,環境違規,違反環境法規次數,,次,2010,1
04212250,E,環境違規,違反環境法規金額,,元,2010,166000
04212250,E,環境違規,違反環境法規次數,,次,2010,3
15024509,E,環境違規,違反環境法規金額,,元,2011,10000
15024509,E,環境違規,違反環境法規次數,,次,2011,1
19084015,E,環境違規,違反環境法規金額,,元,2011,250000
19084015,E,環境違規,違反環境法規次數,,次,2011,2
20747385,E,環境違規,違反環境法規金額,,元,2011,200000
20747385,E,環境違規,違反環境法規次數,,次,2011,2
35894259,E,環境違規,違反環境法規金額,,元,2011,200000
35894259,E,環境違規,違反環境法規次數,,次,2011,2
58650902,E,環境違規,違反環境法規金額,,元,2011,3223000
58650902,E,環境違規,違反環境法規次數,,次,2011,16
72104709,E,環境違規,違反環境法規金額,,元,2011,100000
72104709,E,環境違規,違反環境法規次數,,次,2011,1
75370905,E,環境違規,違反環境法規金額,,元,2011,3438000
75370905,E,環境違規,違反環境法規次數,,次,2011,14
75708007,E,環境違規,違反環境法規金額,,元,2011,4230000
75708007,E,環境違規,違反環境法規次數,,次,2011,9
83387850,E,環境違規,違反環境法規金額,,元,2011,160000
83387850,E,環境違規,違反環境法規次數,,次,2011,2
86120031,E,環境違規,違反環境法規金額,,元,2011,256000
86120031,E,環境違規,違反環境法規次數,,次,2011,8
86522210,E,環境違規,違反環境法規金額,,元,2011,5089200
86522210,E,環境違規,違反環境法規次數,,次,2011,26
03084741,E,環境違規,違反環境法規金額,,元,2011,2143200
03084741,E,環境違規,違反環境法規次數,,次,2011,10
04748660,E,環境違規,違反環境法規金額,,元,2011,460000
04748660,E,環境違規,違反環境法規次數,,次,2011,5
03707901,E,環境違規,違反環境法規金額,,元,2011,6969200
03707901,E,環境違規,違反環境法規次數,,次,2011,42
04212250,E,環境違規,違反環境法規金額,,元,2011,100000
04212250,E,環境違規,違反環境法規次數,,次,2011,1
11893409,E,環境違規,違反環境法規金額,,元,2012,102000
11893409,E,環境違規,違反環境法規次數,,次,2012,3
11917107,E,環境違規,違反環境法規金額,,元,2012,106000
11917107,E,環境違規,違反環境法規次數,,次,2012,2
19084015,E,環境違規,違反環境法規金額,,元,2012,400000
19084015,E,環境違規,違反環境法規次數,,次,2012,3
20747385,E,環境違規,違反環境法規金額,,元,2012,100000
20747385,E,環境違規,違反環境法規次數,,次,2012,1
22318678,E,環境違規,違反環境法規金額,,元,2012,270000
22318678,E,環境違規,違反環境法規次數,,次,2012,3
58650902,E,環境違規,違反環境法規金額,,元,2012,2995000
58650902,E,環境違規,違反環境法規次數,,次,2012,16
75370905,E,環境違規,違反環境法規金額,,元,2012,3620000
75370905,E,環境違規,違反環境法規次數,,次,2012,15
75708007,E,環境違規,違反環境法規金額,,元,2012,1250000
75708007,E,環境違規,違反環境法規次數,,次,2012,11
83387850,E,環境違規,違反環境法規金額,,元,2012,324000
83387850,E,環境違規,違反環境法規次數,,次,2012,4
86120031,E,環境違規,違反環境法規金額,,元,2012,310000
86120031,E,環境違規,違反環境法規次數,,次,2012,3
86522210,E,環境違規,違反環境法規金額,,元,2012,5934000
86522210,E,環境違規,違反環境法規次數,,次,2012,34
03084741,E,環境違規,違反環境法規金額,,元,2012,1000000
03084741,E,環境違規,違反環境法規次數,,次,2012,6
03707901,E,環境違規,違反環境法規金額,,元,2012,15232400
03707901,E,環境違規,違反環境法規次數,,次,2012,59
04212250,E,環境違規,違反環境法規金額,,元,2012,12000
04212250,E,環境違規,違反環境法規次數,,次,2012,2
11455800,E,環境違規,違反環境法規金額,,元,2013,6000
11455800,E,環境違規,違反環境法規次數,,次,2013,1
11893409,E,環境違規,違反環境法規金額,,元,2013,222000
11893409,E,環境違規,違反環境法規次數,,次,2013,4
11917107,E,環境違規,違反環境法規金額,,元,2013,400000
11917107,E,環境違規,違反環境法規次數,,次,2013,3
14040691,E,環境違規,違反環境法規金額,,元,2013,400000
14040691,E,環境違規,違反環境法規次數,,次,2013,2
15024509,E,環境違規,違反環境法規金額,,元,2013,80000
15024509,E,環境違規,違反環境法規次數,,次,2013,1
19084015,E,環境違規,違反環境法規金額,,元,2013,160000
19084015,E,環境違規,違反環境法規次數,,次,2013,2
20844865,E,環境違規,違反環境法規金額,,元,2013,260000
20844865,E,環境違規,違反環境法規次數,,次,2013,3
22281617,E,環境違規,違反環境法規金額,,元,2013,60000
22281617,E,環境違規,違反環境法規次數,,次,2013,1
22318678,E,環境違規,違反環境法規金額,,元,2013,200000
22318678,E,環境違規,違反環境法規次數,,次,2013,1
51059101,E,環境違規,違反環境法規金額,,元,2013,100000
51059101,E,環境違規,違反環境法規次數,,次,2013,1
58650902,E,環境違規,違反環境法規金額,,元,2013,968000
58650902,E,環境違規,違反環境法規次數,,次,2013,9
68192103,E,環境違規,違反環境法規金額,,元,2013,5000
68192103,E,環境違規,違反環境法規次數,,次,2013,1
72104709,E,環境違規,違反環境法規金額,,元,2013,126000
72104709,E,環境違規,違反環境法規次數,,次,2013,2
75370905,E,環境違規,違反環境法規金額,,元,2013,400000
75370905,E,環境違規,違反環境法規次數,,次,2013,4
75708007,E,環境違規,違反環境法規金額,,元,2013,510000
75708007,E,環境違規,違反環境法規次數,,次,2013,6
83387850,E,環境違規,違反環境法規金額,,元,2013,400000
83387850,E,環境違規,違反環境法規次數,,次,2013,3
86120031,E,環境違規,違反環境法規金額,,元,2013,1760000
86120031,E,環境違規,違反環境法規次數,,次,2013,6
86522210,E,環境違規,違反環境法規金額,,元,2013,3826000
86522210,E,環境違規,違反環境法規次數,,次,2013,67
03707901,E,環境違規,違反環境法規金額,,元,2013,26905095
03707901,E,環境違規,違反環境法規次數,,次,2013,64
03084741,E,環境違規,違反環境法規金額,,元,2013,506000
03084741,E,環境違規,違反環境法規次數,,次,2013,5
04748660,E,環境違規,違反環境法規金額,,元,2013,106000
04748660,E,環境違規,違反環境法規次數,,次,2013,2
04212250,E,環境違規,違反環境法規金額,,元,2013,518000
04212250,E,環境違規,違反環境法規次數,,次,2013,7
11893409,E,環境違規,違反環境法規金額,,元,2014,383000
11893409,E,環境違規,違反環境法規次數,,次,2014,6
11917107,E,環境違規,違反環境法規金額,,元,2014,300000
11917107,E,環境違規,違反環境法規次數,,次,2014,3
14040691,E,環境違規,違反環境法規金額,,元,2014,106000
14040691,E,環境違規,違反環境法規次數,,次,2014,2
15024509,E,環境違規,違反環境法規金額,,元,2014,300000
15024509,E,環境違規,違反環境法規次數,,次,2014,3
19084015,E,環境違規,違反環境法規金額,,元,2014,210000
19084015,E,環境違規,違反環境法規次數,,次,2014,3
20747385,E,環境違規,違反環境法規金額,,元,2014,510000
20747385,E,環境違規,違反環境法規次數,,次,2014,6
20844865,E,環境違規,違反環境法規金額,,元,2014,200000
20844865,E,環境違規,違反環境法規次數,,次,2014,2
22281617,E,環境違規,違反環境法規金額,,元,2014,146000
22281617,E,環境違規,違反環境法規次數,,次,2014,4
22318678,E,環境違規,違反環境法規金額,,元,2014,100000
22318678,E,環境違規,違反環境法規次數,,次,2014,1
57104700,E,環境違規,違反環境法規金額,,元,2014,100000
57104700,E,環境違規,違反環境法規次數,,次,2014,1
58650902,E,環境違規,違反環境法規金額,,元,2014,1315000
58650902,E,環境違規,違反環境法規次數,,次,2014,9
72104709,E,環境違規,違反環境法規金額,,元,2014,106000
72104709,E,環境違規,違反環境法規次數,,次,2014,2
75370905,E,環境違規,違反環境法規金額,,元,2014,1100000
75370905,E,環境違規,違反環境法規次數,,次,2014,5
75708007,E,環境違規,違反環境法規金額,,元,2014,780000
75708007,E,環境違規,違反環境法規次數,,次,2014,7
83387850,E,環境違規,違反環境法規金額,,元,2014,1010000
83387850,E,環境違規,違反環境法規次數,,次,2014,10
86120031,E,環境違規,違反環境法規金額,,元,2014,1312000
86120031,E,環境違規,違反環境法規次數,,次,2014,10
86522210,E,環境違規,違反環境法規金額,,元,2014,1930000
86522210,E,環境違規,違反環境法規次數,,次,2014,210
03084741,E,環境違規,違反環境法規金額,,元,2014,1301200
03084741,E,環境違規,違反環境法規次數,,次,2014,8
07147916,E,環境違規,違反環境法規金額,,元,2014,380000
07147916,E,環境違規,違反環境法規次數,,次,2014,4
03707901,E,環境違規,違反環境法規金額,,元,2014,15998755
03707901,E,環境違規,違反環境法規次數,,次,2014,85
04748660,E,環境違規,違反環境法規金額,,元,2014,12000
04748660,E,環境違規,違反環境法規次數,,次,2014,2
04212250,E,環境違規,違反環境法規金額,,元,2014,620000
04212250,E,環境違規,違反環境法規次數,,次,2014,8
11686106,E,環境違規,違反環境法規金額,,元,2015,80000
11686106,E,環境違規,違反環境法規次數,,次,2015,2
11893409,E,環境違規,違反環境法規金額,,元,2015,180000
11893409,E,環境違規,違反環境法規次數,,次,2015,2
11917107,E,環境違規,違反環境法規金額,,元,2015,300000
11917107,E,環境違規,違反環境法規次數,,次,2015,2
15024509,E,環境違規,違反環境法規金額,,元,2015,600000
15024509,E,環境違規,違反環境法規次數,,次,2015,2
19084015,E,環境違規,違反環境法規金額,,元,2015,100000
19084015,E,環境違規,違反環境法規次數,,次,2015,1
20747385,E,環境違規,違反環境法規金額,,元,2015,300000
20747385,E,環境違規,違反環境法規次數,,次,2015,3
20844865,E,環境違規,違反環境法規金額,,元,2015,120000
20844865,E,環境違規,違反環境法規次數,,次,2015,3
22318678,E,環境違規,違反環境法規金額,,元,2015,201200
22318678,E,環境違規,違反環境法規次數,,次,2015,3
35894259,E,環境違規,違反環境法規金額,,元,2015,18000
35894259,E,環境違規,違反環境法規次數,,次,2015,1
57104700,E,環境違規,違反環境法規金額,,元,2015,300000
57104700,E,環境違規,違反環境法規次數,,次,2015,2
58650902,E,環境違規,違反環境法規金額,,元,2015,1005000
58650902,E,環境違規,違反環境法規次數,,次,2015,10
75370905,E,環境違規,違反環境法規金額,,元,2015,800000
75370905,E,環境違規,違反環境法規次數,,次,2015,8
75708007,E,環境違規,違反環境法規金額,,元,2015,1302000
75708007,E,環境違規,違反環境法規次數,,次,2015,9
83387850,E,環境違規,違反環境法規金額,,元,2015,800000
83387850,E,環境違規,違反環境法規次數,,次,2015,7
86120031,E,環境違規,違反環境法規金額,,元,2015,400000
86120031,E,環境違規,違反環境法規次數,,次,2015,3
86522210,E,環境違規,違反環境法規金額,,元,2015,2696000
86522210,E,環境違規,違反環境法規次數,,次,2015,371
03084741,E,環境違規,違反環境法規金額,,元,2015,476000
03084741,E,環境違規,違反環境法規次數,,次,2015,12
03707901,E,環境違規,違反環境法規金額,,元,2015,10977443
03707901,E,環境違規,違反環境法規次數,,次,2015,59
04748660,E,環境違規,違反環境法規金額,,元,2015,100000
04748660,E,環境違規,違反環境法規次數,,次,2015,1
04212250,E,環境違規,違反環境法規金額,,元,2015,1100000
04212250,E,環境違規,違反環境法規次數,,次,2015,8
11893409,E,環境違規,違反環境法規金額,,元,2016,300000
11893409,E,環境違規,違反環境法規次數,,次,2016,3
11917107,E,環境違規,違反環境法規金額,,元,2016,605000
11917107,E,環境違規,違反環境法規次數,,次,2016,4
19084015,E,環境違規,違反環境法規金額,,元,2016,100000
19084015,E,環境違規,違反環境法規次數,,次,2016,1
20747385,E,環境違規,違反環境法規金額,,元,2016,100000
20747385,E,環境違規,違反環境法規次數,,次,2016,1
20844865,E,環境違規,違反環境法規金額,,元,2016,100000
20844865,E,環境違規,違反環境法規次數,,次,2016,1
58650902,E,環境違規,違反環境法規金額,,元,2016,460000
58650902,E,環境違規,違反環境法規次數,,次,2016,5
68192103,E,環境違規,違反環境法規金額,,元,2016,5000
68192103,E,環境違規,違反環境法規次數,,次,2016,1
75370905,E,環境違規,違反環境法規金額,,元,2016,300000
75370905,E,環境違規,違反環境法規次數,,次,2016,3
75708007,E,環境違規,違反環境法規金額,,元,2016,201500
75708007,E,環境違規,違反環境法規次數,,次,2016,3
83387850,E,環境違規,違反環境法規金額,,元,2016,800000
83387850,E,環境違規,違反環境法規次數,,次,2016,4
86120031,E,環境違規,違反環境法規金額,,元,2016,406000
86120031,E,環境違規,違反環境法規次數,,次,2016,4
86522210,E,環境違規,違反環境法規金額,,元,2016,2642000
86522210,E,環境違規,違反環境法規次數,,次,2016,362
03084741,E,環境違規,違反環境法規金額,,元,2016,618000
03084741,E,環境違規,違反環境法規次數,,次,2016,6
04748660,E,環境違規,違反環境法規金額,,元,2016,300000
04748660,E,環境違規,違反環境法規次數,,次,2016,3
03707901,E,環境違規,違反環境法規金額,,元,2016,8957200
03707901,E,環境違規,違反環境法規次數,,次,2016,61
04212250,E,環境違規,違反環境法規金額,,元,2016,850000
04212250,E,環境違規,違反環境法規次數,,次,2016,7
11686106,E,環境違規,違反環境法規金額,,元,2017,330000
11686106,E,環境違規,違反環境法規次數,,次,2017,4
11893409,E,環境違規,違反環境法規金額,,元,2017,412000
11893409,E,環境違規,違反環境法規次數,,次,2017,5
11917107,E,環境違規,違反環境法規金額,,元,2017,460000
11917107,E,環境違規,違反環境法規次數,,次,2017,4
14040691,E,環境違規,違反環境法規金額,,元,2017,1400000
14040691,E,環境違規,違反環境法規次數,,次,2017,3
15024509,E,環境違規,違反環境法規金額,,元,2017,576000
15024509,E,環境違規,違反環境法規次數,,次,2017,5
19084015,E,環境違規,違反環境法規金額,,元,2017,3500000
19084015,E,環境違規,違反環境法規次數,,次,2017,5
20747385,E,環境違規,違反環境法規金額,,元,2017,800000
20747385,E,環境違規,違反環境法規次數,,次,2017,3
20844865,E,環境違規,違反環境法規金額,,元,2017,200000
20844865,E,環境違規,違反環境法規次數,,次,2017,2
22281617,E,環境違規,違反環境法規金額,,元,2017,60000
22281617,E,環境違規,違反環境法規次數,,次,2017,1
51059101,E,環境違規,違反環境法規金額,,元,2017,1206000
51059101,E,環境違規,違反環境法規次數,,次,2017,4
57104700,E,環境違規,違反環境法規金額,,元,2017,100000
57104700,E,環境違規,違反環境法規次數,,次,2017,1
58650902,E,環境違規,違反環境法規金額,,元,2017,690000
58650902,E,環境違規,違反環境法規次數,,次,2017,7
75370905,E,環境違規,違反環境法規金額,,元,2017,500000
75370905,E,環境違規,違反環境法規次數,,次,2017,4
75708007,E,環境違規,違反環境法規金額,,元,2017,910000
75708007,E,環境違規,違反環境法規次數,,次,2017,9
83387850,E,環境違規,違反環境法規金額,,元,2017,100000
83387850,E,環境違規,違反環境法規次數,,次,2017,1
86120031,E,環境違規,違反環境法規金額,,元,2017,700000
86120031,E,環境違規,違反環境法規次數,,次,2017,5
86522210,E,環境違規,違反環境法規金額,,元,2017,6674000
86522210,E,環境違規,違反環境法規次數,,次,2017,35
07147916,E,環境違規,違反環境法規金額,,元,2017,110000
07147916,E,環境違規,違反環境法規次數,,次,2017,2
03707901,E,環境違規,違反環境法規金額,,元,2017,8266500
03707901,E,環境違規,違反環境法規次數,,次,2017,59
03084741,E,環境違規,違反環境法規金額,,元,2017,3508000
03084741,E,環境違規,違反環境法規次數,,次,2017,16
04748660,E,環境違規,違反環境法規金額,,元,2017,270000
04748660,E,環境違規,違反環境法規次數,,次,2017,4
04212250,E,環境違規,違反環境法規金額,,元,2017,500000
04212250,E,環境違規,違反環境法規次數,,次,2017,4
11686106,E,環境違規,違反環境法規金額,,元,2018,100000
11686106,E,環境違規,違反環境法規次數,,次,2018,1
11893409,E,環境違規,違反環境法規金額,,元,2018,311500
11893409,E,環境違規,違反環境法規次數,,次,2018,5
11917107,E,環境違規,違反環境法規金額,,元,2018,400000
11917107,E,環境違規,違反環境法規次數,,次,2018,3
15024509,E,環境違規,違反環境法規金額,,元,2018,726500
15024509,E,環境違規,違反環境法規次數,,次,2018,7
19084015,E,環境違規,違反環境法規金額,,元,2018,415000
19084015,E,環境違規,違反環境法規次數,,次,2018,4
20844865,E,環境違規,違反環境法規金額,,元,2018,916000
20844865,E,環境違規,違反環境法規次數,,次,2018,7
22318678,E,環境違規,違反環境法規金額,,元,2018,298000
22318678,E,環境違規,違反環境法規次數,,次,2018,3
42818882,E,環境違規,違反環境法規金額,,元,2018,200000
42818882,E,環境違規,違反環境法規次數,,次,2018,1
57104700,E,環境違規,違反環境法規金額,,元,2018,565000
57104700,E,環境違規,違反環境法規次數,,次,2018,3
58650902,E,環境違規,違反環境法規金額,,元,2018,1744000
58650902,E,環境違規,違反環境法規次數,,次,2018,12
75370905,E,環境違規,違反環境法規金額,,元,2018,611000
75370905,E,環境違規,違反環境法規次數,,次,2018,7
75708007,E,環境違規,違反環境法規金額,,元,2018,3018000
75708007,E,環境違規,違反環境法規次數,,次,2018,10
83387850,E,環境違規,違反環境法規金額,,元,2018,360000
83387850,E,環境違規,違反環境法規次數,,次,2018,4
86120031,E,環境違規,違反環境法規金額,,元,2018,1200000
86120031,E,環境違規,違反環境法規次數,,次,2018,10
86522210,E,環境違規,違反環境法規金額,,元,2018,16206000
86522210,E,環境違規,違反環境法規次數,,次,2018,18
03707901,E,環境違規,違反環境法規金額,,元,2018,14453250
03707901,E,環境違規,違反環境法規次數,,次,2018,56
03084741,E,環境違規,違反環境法規金額,,元,2018,6791283
03084741,E,環境違規,違反環境法規次數,,次,2018,5
04748660,E,環境違規,違反環境法規金額,,元,2018,600000
04748660,E,環境違規,違反環境法規次數,,次,2018,6
04212250,E,環境違規,違反環境法規金額,,元,2018,1406000
04212250,E,環境違規,違反環境法規次數,,次,2018,12
11686106,E,環境違規,違反環境法規金額,,元,2019,20000
11686106,E,環境違規,違反環境法規次數,,次,2019,1
11893409,E,環境違規,違反環境法規金額,,元,2019,800000
11893409,E,環境違規,違反環境法規次數,,次,2019,6
11917107,E,環境違規,違反環境法規金額,,元,2019,716200
11917107,E,環境違規,違反環境法規次數,,次,2019,8
14040691,E,環境違規,違反環境法規金額,,元,2019,306000
14040691,E,環境違規,違反環境法規次數,,次,2019,4
15024509,E,環境違規,違反環境法規金額,,元,2019,500000
15024509,E,環境違規,違反環境法規次數,,次,2019,4
19084015,E,環境違規,違反環境法規金額,,元,2019,512000
19084015,E,環境違規,違反環境法規次數,,次,2019,5
20747385,E,環境違規,違反環境法規金額,,元,2019,206000
20747385,E,環境違規,違反環境法規次數,,次,2019,3
20844865,E,環境違規,違反環境法規金額,,元,2019,706000
20844865,E,環境違規,違反環境法規次數,,次,2019,6
22318678,E,環境違規,違反環境法規金額,,元,2019,56000
22318678,E,環境違規,違反環境法規次數,,次,2019,3
35894259,E,環境違規,違反環境法規金額,,元,2019,106000
35894259,E,環境違規,違反環境法規次數,,次,2019,2
42818882,E,環境違規,違反環境法規金額,,元,2019,372000
42818882,E,環境違規,違反環境法規次數,,次,2019,6
58650902,E,環境違規,違反環境法規金額,,元,2019,5668000
58650902,E,環境違規,違反環境法規次數,,次,2019,4
75370905,E,環境違規,違反環境法規金額,,元,2019,200000
75370905,E,環境違規,違反環境法規次數,,次,2019,2
75708007,E,環境違規,違反環境法規金額,,元,2019,1600000
75708007,E,環境違規,違反環境法規次數,,次,2019,11
83387850,E,環境違規,違反環境法規金額,,元,2019,706000
83387850,E,環境違規,違反環境法規次數,,次,2019,6
86120031,E,環境違規,違反環境法規金額,,元,2019,3137000
86120031,E,環境違規,違反環境法規次數,,次,2019,28
86522210,E,環境違規,違反環境法規金額,,元,2019,12300000
86522210,E,環境違規,違反環境法規次數,,次,2019,6
03084741,E,環境違規,違反環境法規金額,,元,2019,3039000
03084741,E,環境違規,違反環境法規次數,,次,2019,18
03707901,E,環境違規,違反環境法規金額,,元,2019,10396200
03707901,E,環境違規,違反環境法規次數,,次,2019,79
04748660,E,環境違規,違反環境法規金額,,元,2019,860000
04748660,E,環境違規,違反環境法規次數,,次,2019,13
04212250,E,環境違規,違反環境法規金額,,元,2019,1378000
04212250,E,環境違規,違反環境法規次數,,次,2019,13
11686106,E,環境違規,違反環境法規金額,,元,2020,66000
11686106,E,環境違規,違反環境法規次數,,次,2020,1
11893409,E,環境違規,違反環境法規金額,,元,2020,930000
11893409,E,環境違規,違反環境法規次數,,次,2020,2
11917107,E,環境違規,違反環境法規金額,,元,2020,950000
11917107,E,環境違規,違反環境法規次數,,次,2020,5
15024509,E,環境違規,違反環境法規金額,,元,2020,236500
15024509,E,環境違規,違反環境法規次數,,次,2020,2
19084015,E,環境違規,違反環境法規金額,,元,2020,850000
19084015,E,環境違規,違反環境法規次數,,次,2020,4
20747385,E,環境違規,違反環境法規金額,,元,2020,1380000
20747385,E,環境違規,違反環境法規次數,,次,2020,3
20844865,E,環境違規,違反環境法規金額,,元,2020,100000
20844865,E,環境違規,違反環境法規次數,,次,2020,1
22318678,E,環境違規,違反環境法規金額,,元,2020,732500
22318678,E,環境違規,違反環境法規次數,,次,2020,7
35894259,E,環境違規,違反環境法規金額,,元,2020,300000
35894259,E,環境違規,違反環境法規次數,,次,2020,3
58650902,E,環境違規,違反環境法規金額,,元,2020,100000
58650902,E,環境違規,違反環境法規次數,,次,2020,1
68192103,E,環境違規,違反環境法規金額,,元,2020,100000
68192103,E,環境違規,違反環境法規次數,,次,2020,1
75370905,E,環境違規,違反環境法規金額,,元,2020,206000
75370905,E,環境違規,違反環境法規次數,,次,2020,3
75708007,E,環境違規,違反環境法規金額,,元,2020,2200000
75708007,E,環境違規,違反環境法規次數,,次,2020,8
86120031,E,環境違規,違反環境法規金額,,元,2020,1066000
86120031,E,環境違規,違反環境法規次數,,次,2020,4
86522210,E,環境違規,違反環境法規金額,,元,2020,14300000
86522210,E,環境違規,違反環境法規次數,,次,2020,7
04748660,E,環境違規,違反環境法規金額,,元,2020,310000
04748660,E,環境違規,違反環境法規次數,,次,2020,7
03707901,E,環境違規,違反環境法規金額,,元,2020,14123500
03707901,E,環境違規,違反環境法規次數,,次,2020,36
03084741,E,環境違規,違反環境法規金額,,元,2020,439060
03084741,E,環境違規,違反環境法規次數,,次,2020,6
04212250,E,環境違規,違反環境法規金額,,元,2020,775000
04212250,E,環境違規,違反環境法規次數,,次,2020,2
11893409,E,環境違規,違反環境法規金額,,元,2021,436000
11893409,E,環境違規,違反環境法規次數,,次,2021,3
11917107,E,環境違規,違反環境法規金額,,元,2021,18000
11917107,E,環境違規,違反環境法規次數,,次,2021,1
14040691,E,環境違規,違反環境法規金額,,元,2021,60000
14040691,E,環境違規,違反環境法規次數,,次,2021,1
15024509,E,環境違規,違反環境法規金額,,元,2021,240000
15024509,E,環境違規,違反環境法規次數,,次,2021,1
19084015,E,環境違規,違反環境法規金額,,元,2021,1225000
19084015,E,環境違規,違反環境法規次數,,次,2021,2
20747385,E,環境違規,違反環境法規金額,,元,2021,2430000
20747385,E,環境違規,違反環境法規次數,,次,2021,3
20844865,E,環境違規,違反環境法規金額,,元,2021,780000
20844865,E,環境違規,違反環境法規次數,,次,2021,4
22318678,E,環境違規,違反環境法規金額,,元,2021,855000
22318678,E,環境違規,違反環境法規次數,,次,2021,2
35894259,E,環境違規,違反環境法規金額,,元,2021,283000
35894259,E,環境違規,違反環境法規次數,,次,2021,2
42818882,E,環境違規,違反環境法規金額,,元,2021,400000
42818882,E,環境違規,違反環境法規次數,,次,2021,6
58650902,E,環境違規,違反環境法規金額,,元,2021,100000
58650902,E,環境違規,違反環境法規次數,,次,2021,1
72104709,E,環境違規,違反環境法規金額,,元,2021,100000
72104709,E,環境違規,違反環境法規次數,,次,2021,1
75370905,E,環境違規,違反環境法規金額,,元,2021,670000
75370905,E,環境違規,違反環境法規次數,,次,2021,5
75708007,E,環境違規,違反環境法規金額,,元,2021,841000
75708007,E,環境違規,違反環境法規次數,,次,2021,5
83387850,E,環境違規,違反環境法規金額,,元,2021,210000
83387850,E,環境違規,違反環境法規次數,,次,2021,3
86120031,E,環境違規,違反環境法規金額,,元,2021,2100000
86120031,E,環境違規,違反環境法規次數,,次,2021,12
86522210,E,環境違規,違反環境法規金額,,元,2021,155237590
86522210,E,環境違規,違反環境法規次數,,次,2021,11
04748660,E,環境違規,違反環境法規金額,,元,2021,7450150
04748660,E,環境違規,違反環境法規次數,,次,2021,11
03707901,E,環境違規,違反環境法規金額,,元,2021,8088000
03707901,E,環境違規,違反環境法規次數,,次,2021,17
03084741,E,環境違規,違反環境法規金額,,元,2021,918000
03084741,E,環境違規,違反環境法規次數,,次,2021,5
04212250,E,環境違規,違反環境法規金額,,元,2021,207000
04212250,E,環境違規,違反環境法規次數,,次,2021,2
11686106,E,環境違規,違反環境法規金額,,元,2022,130000
11686106,E,環境違規,違反環境法規次數,,次,2022,2
11846954,E,環境違規,違反環境法規金額,,元,2022,100000
11846954,E,環境違規,違反環境法規次數,,次,2022,1
11893409,E,環境違規,違反環境法規金額,,元,2022,126000
11893409,E,環境違規,違反環境法規次數,,次,2022,2
11917107,E,環境違規,違反環境法規金額,,元,2022,600000
11917107,E,環境違規,違反環境法規次數,,次,2022,3
15024509,E,環境違規,違反環境法規金額,,元,2022,260000
15024509,E,環境違規,違反環境法規次數,,次,2022,3
19084015,E,環境違規,違反環境法規金額,,元,2022,574000
19084015,E,環境違規,違反環境法規次數,,次,2022,5
20747385,E,環境違規,違反環境法規金額,,元,2022,425000
20747385,E,環境違規,違反環境法規次數,,次,2022,2
20844865,E,環境違規,違反環境法規金額,,元,2022,150000
20844865,E,環境違規,違反環境法規次數,,次,2022,1
42818882,E,環境違規,違反環境法規金額,,元,2022,880000
42818882,E,環境違規,違反環境法規次數,,次,2022,7
58650902,E,環境違規,違反環境法規金額,,元,2022,300000
58650902,E,環境違規,違反環境法規次數,,次,2022,3
75370905,E,環境違規,違反環境法規金額,,元,2022,560000
75370905,E,環境違規,違反環境法規次數,,次,2022,2
83387850,E,環境違規,違反環境法規金額,,元,2022,410000
83387850,E,環境違規,違反環境法規次數,,次,2022,4
86120031,E,環境違規,違反環境法規金額,,元,2022,532000
86120031,E,環境違規,違反環境法規次數,,次,2022,7
86522210,E,環境違規,違反環境法規金額,,元,2022,12975000
86522210,E,環境違規,違反環境法規次數,,次,2022,6
04748660,E,環境違規,違反環境法規金額,,元,2022,670000
04748660,E,環境違規,違反環境法規次數,,次,2022,4
03707901,E,環境違規,違反環境法規金額,,元,2022,18487000
03707901,E,環境違規,違反環境法規次數,,次,2022,40
03084741,E,環境違規,違反環境法規金額,,元,2022,703500
03084741,E,環境違規,違反環境法規次數,,次,2022,3
04212250,E,環境違規,違反環境法規金額,,元,2022,2055000
04212250,E,環境違規,違反環境法規次數,,次,2022,7
11893409,E,環境違規,違反環境法規金額,,元,2023,505000
11893409,E,環境違規,違反環境法規次數,,次,2023,3
11917107,E,環境違規,違反環境法規金額,,元,2023,1050000
11917107,E,環境違規,違反環境法規次數,,次,2023,6
15024509,E,環境違規,違反環境法規金額,,元,2023,225000
15024509,E,環境違規,違反環境法規次數,,次,2023,1
19084015,E,環境違規,違反環境法規金額,,元,2023,326200
19084015,E,環境違規,違反環境法規次數,,次,2023,3
20747385,E,環境違規,違反環境法規金額,,元,2023,150000
20747385,E,環境違規,違反環境法規次數,,次,2023,1
20844865,E,環境違規,違反環境法規金額,,元,2023,100000
20844865,E,環境違規,違反環境法規次數,,次,2023,1
22318678,E,環境違規,違反環境法規金額,,元,2023,225000
22318678,E,環境違規,違反環境法規次數,,次,2023,1
35894259,E,環境違規,違反環境法規金額,,元,2023,280000
35894259,E,環境違規,違反環境法規次數,,次,2023,2
51059101,E,環境違規,違反環境法規金額,,元,2023,6000
51059101,E,環境違規,違反環境法規次數,,次,2023,1
68192103,E,環境違規,違反環境法規金額,,元,2023,2688100
68192103,E,環境違規,違反環境法規次數,,次,2023,2
75370905,E,環境違規,違反環境法規金額,,元,2023,460000
75370905,E,環境違規,違反環境法規次數,,次,2023,3
75708007,E,環境違規,違反環境法規金額,,元,2023,1206000
75708007,E,環境違規,違反環境法規次數,,次,2023,5
83387850,E,環境違規,違反環境法規金額,,元,2023,1600000
83387850,E,環境違規,違反環境法規次數,,次,2023,1
86120031,E,環境違規,違反環境法規金額,,元,2023,150000
86120031,E,環境違規,違反環境法規次數,,次,2023,1
86522210,E,環境違規,違反環境法規金額,,元,2023,9403000
86522210,E,環境違規,違反環境法規次數,,次,2023,6
03707901,E,環境違規,違反環境法規金額,,元,2023,21936000
03707901,E,環境違規,違反環境法規次數,,次,2023,56
03084741,E,環境違規,違反環境法規金額,,元,2023,1450000
03084741,E,環境違規,違反環境法規次數,,次,2023,8
04748660,E,環境違規,違反環境法規金額,,元,2023,225000
04748660,E,環境違規,違反環境法規次數,,次,2023,1
04212250,E,環境違規,違反環境法規金額,,元,2023,1250000
04212250,E,環境違規,違反環境法規次數,,次,2023,4
11455800,E,環境違規,違反環境法規金額,,元,2024,5000
11455800,E,環境違規,違反環境法規次數,,次,2024,1
11917107,E,環境違規,違反環境法規金額,,元,2024,12000
11917107,E,環境違規,違反環境法規次數,,次,2024,2
58650902,E,環境違規,違反環境法規金額,,元,2024,30000
58650902,E,環境違規,違反環境法規次數,,次,2024,1
75370905,E,環境違規,違反環境法規金額,,元,2024,300000
75370905,E,環境違規,違反環境法規次數,,次,2024,1
86522210,E,環境違規,違反環境法規金額,,元,2024,3000000
86522210,E,環境違規,違反環境法規次數,,次,2024,1
03707901,E,環境違規,違反環境法規金額,,元,2024,2769500
03707901,E,環境違規,違反環境法規次數,,次,2024,5
04212250,E,環境違規,違反環境法規金額,,元,2024,60000
04212250,E,環境違規,違反環境法規次數,,次,2024,1
75708007,S,員工組成,正式員工,true,人,2020,6311
75708007,S,員工組成,性別比,true,人,2020,9.76962457337884
75708007,S,員工組成,新進率,true,人,2020,0.036889637226389105
75708007,S,員工組成,離職率,true,人,2020,0.03168529006581969
75708007,S,員工組成,是否聘用移工,true,人,2020,無聘用外籍移工
75708007,S,員工組成,是否聘用身障人士,true,人,2020,83
75708007,S,員工組成,是否聘用原住民,true,人,2020,無揭露
75708007,S,員工組成,正式員工,true,人,2019,6240
75708007,S,員工組成,性別比,true,人,2019,9.666666666666666
75708007,S,員工組成,新進率,true,人,2019,0.040977269212927166
75708007,S,員工組成,離職率,true,人,2019,0.029379928869645893
75708007,S,員工組成,是否聘用移工,true,人,2019,無聘用外籍移工
75708007,S,員工組成,是否聘用身障人士,true,人,2019,88
75708007,S,員工組成,是否聘用原住民,true,人,2019,無揭露
75708007,S,員工組成,正式員工,true,人,2018,6132
75708007,S,員工組成,性別比,true,人,2018,9.989247311827956
75708007,S,員工組成,新進率,true,人,2018,0.02492506704527528
75708007,S,員工組成,離職率,true,人,2018,0.02445180627859284
75708007,S,員工組成,是否聘用移工,true,人,2018,無聘用外籍移工
75708007,S,員工組成,是否聘用身障人士,true,人,2018,84
75708007,S,員工組成,是否聘用原住民,true,人,2018,無揭露
75708007,S,員工組成,正式員工,true,人,2017,6136
75708007,S,員工組成,性別比,true,人,2017,10.035971223021583
75708007,S,員工組成,新進率,true,人,2017,0.03710691823899371
75708007,S,員工組成,離職率,true,人,2017,0.03333333333333333
75708007,S,員工組成,是否聘用移工,true,人,2017,無聘用外籍移工
75708007,S,員工組成,是否聘用身障人士,true,人,2017,無揭露
75708007,S,員工組成,是否聘用原住民,true,人,2017,無揭露
75370905,S,員工組成,正式員工,true,人,2020,17573
75370905,S,員工組成,性別比,true,人,2020,4.005126744517232
75370905,S,員工組成,新進率,true,人,2020,0.05188778738662729
75370905,S,員工組成,離職率,true,人,2020,0.047247416156928915
75370905,S,員工組成,是否聘用移工,true,人,2020,未標明聘用人數
75370905,S,員工組成,是否聘用身障人士,true,人,2020,183
75370905,S,員工組成,是否聘用原住民,true,人,2020,無揭露
75370905,S,員工組成,正式員工,true,人,2019,17707
75370905,S,員工組成,性別比,true,人,2019,4.028969042885544
75370905,S,員工組成,新進率,true,人,2019,0.03585845347313237
75370905,S,員工組成,離職率,true,人,2019,0.03837483617300131
75370905,S,員工組成,是否聘用移工,true,人,2019,未標明聘用人數
75370905,S,員工組成,是否聘用身障人士,true,人,2019,189
75370905,S,員工組成,是否聘用原住民,true,人,2019,無揭露
75370905,S,員工組成,正式員工,true,人,2018,17766
75370905,S,員工組成,性別比,true,人,2018,4.028587602604019
75370905,S,員工組成,新進率,true,人,2018,0.05020416710292116
75370905,S,員工組成,離職率,true,人,2018,0.03303319024185949
75370905,S,員工組成,是否聘用移工,true,人,2018,未標明聘用人數
75370905,S,員工組成,是否聘用身障人士,true,人,2018,196
75370905,S,員工組成,是否聘用原住民,true,人,2018,無揭露
75370905,S,員工組成,正式員工,true,人,2017,11714
75370905,S,員工組成,性別比,true,人,2017,5.401092896174863
75370905,S,員工組成,新進率,true,人,2017,0.04970295372772153
75370905,S,員工組成,離職率,true,人,2017,0.008116475608735671
75370905,S,員工組成,是否聘用移工,true,人,2017,未標明聘用人數
75370905,S,員工組成,是否聘用身障人士,true,人,2017,161
75370905,S,員工組成,是否聘用原住民,true,人,2017,無揭露
11917107,S,員工組成,正式員工,true,人,2020,468
11917107,S,員工組成,性別比,true,人,2020,11.31578947368421
11917107,S,員工組成,新進率,true,人,2020,0.0641025641025641
11917107,S,員工組成,離職率,true,人,2020,0.07905982905982906
11917107,S,員工組成,是否聘用移工,true,人,2020,無聘用外籍移工
11917107,S,員工組成,是否聘用身障人士,true,人,2020,1
11917107,S,員工組成,是否聘用原住民,true,人,2020,無揭露
11917107,S,員工組成,正式員工,true,人,2019,474
11917107,S,員工組成,性別比,true,人,2019,11.153846153846153
11917107,S,員工組成,新進率,true,人,2019,0.08438818565400844
11917107,S,員工組成,離職率,true,人,2019,0.10548523206751055
11917107,S,員工組成,是否聘用移工,true,人,2019,無聘用外籍移工
11917107,S,員工組成,是否聘用身障人士,true,人,2019,2
11917107,S,員工組成,是否聘用原住民,true,人,2019,無揭露
11917107,S,員工組成,正式員工,true,人,2018,483
11917107,S,員工組成,性別比,true,人,2018,11.710526315789474
11917107,S,員工組成,新進率,true,人,2018,0.08074534161490683
11917107,S,員工組成,離職率,true,人,2018,0.13043478260869565
11917107,S,員工組成,是否聘用移工,true,人,2018,無聘用外籍移工
11917107,S,員工組成,是否聘用身障人士,true,人,2018,3
11917107,S,員工組成,是否聘用原住民,true,人,2018,無揭露
11917107,S,員工組成,正式員工,true,人,2017,508
11917107,S,員工組成,性別比,true,人,2017,10.545454545454545
11917107,S,員工組成,新進率,true,人,2017,0.17519685039370078
11917107,S,員工組成,離職率,true,人,2017,0.08661417322834646
11917107,S,員工組成,是否聘用移工,true,人,2017,無聘用外籍移工
11917107,S,員工組成,是否聘用身障人士,true,人,2017,3
11917107,S,員工組成,是否聘用原住民,true,人,2017,無揭露
11686106,S,員工組成,正式員工,true,人,2020,893
11686106,S,員工組成,性別比,true,人,2020,8.922222222222222
11686106,S,員工組成,新進率,true,人,2020,0.04456521739130435
11686106,S,員工組成,離職率,true,人,2020,0.02717391304347826
11686106,S,員工組成,是否聘用移工,true,人,2020,21
11686106,S,員工組成,是否聘用身障人士,true,人,2020,21
11686106,S,員工組成,是否聘用原住民,true,人,2020,無揭露
11686106,S,員工組成,正式員工,true,人,2019,929
11686106,S,員工組成,性別比,true,人,2019,9
11686106,S,員工組成,新進率,true,人,2019,0.09044193216855087
11686106,S,員工組成,離職率,true,人,2019,0.08221993833504625
11686106,S,員工組成,是否聘用移工,true,人,2019,36
11686106,S,員工組成,是否聘用身障人士,true,人,2019,25
11686106,S,員工組成,是否聘用原住民,true,人,2019,無揭露
11686106,S,員工組成,正式員工,true,人,2018,921
11686106,S,員工組成,性別比,true,人,2018,9.5
11686106,S,員工組成,新進率,true,人,2018,0.09937888198757763
11686106,S,員工組成,離職率,true,人,2018,0.062111801242236024
11686106,S,員工組成,是否聘用移工,true,人,2018,37
11686106,S,員工組成,是否聘用身障人士,true,人,2018,27
11686106,S,員工組成,是否聘用原住民,true,人,2018,無揭露
11686106,S,員工組成,正式員工,true,人,2017,889
11686106,S,員工組成,性別比,true,人,2017,9.16304347826087
11686106,S,員工組成,新進率,true,人,2017,0.05668449197860963
11686106,S,員工組成,離職率,true,人,2017,0.057754010695187166
11686106,S,員工組成,是否聘用移工,true,人,2017,34
11686106,S,員工組成,是否聘用身障人士,true,人,2017,28
11686106,S,員工組成,是否聘用原住民,true,人,2017,無揭露
83387850,S,員工組成,正式員工,true,人,2020,NA
83387850,S,員工組成,是否聘用移工,true,人,2020,NA
83387850,S,員工組成,是否聘用身障人士,true,人,2020,NA
83387850,S,員工組成,是否聘用原住民,true,人,2020,NA
83387850,S,員工組成,正式員工,true,人,2019,NA
83387850,S,員工組成,是否聘用移工,true,人,2019,NA
83387850,S,員工組成,是否聘用身障人士,true,人,2019,NA
83387850,S,員工組成,是否聘用原住民,true,人,2019,NA
83387850,S,員工組成,正式員工,true,人,2018,NA
83387850,S,員工組成,是否聘用移工,true,人,2018,NA
83387850,S,員工組成,是否聘用身障人士,true,人,2018,NA
83387850,S,員工組成,是否聘用原住民,true,人,2018,NA
83387850,S,員工組成,正式員工,true,人,2017,NA
83387850,S,員工組成,是否聘用移工,true,人,2017,NA
83387850,S,員工組成,是否聘用身障人士,true,人,2017,NA
83387850,S,員工組成,是否聘用原住民,true,人,2017,NA
20747385,S,員工組成,正式員工,true,人,2020,230
20747385,S,員工組成,性別比,true,人,2020,13.375
20747385,S,員工組成,新進率,true,人,2020,0.02608695652173913
20747385,S,員工組成,離職率,true,人,2020,0.06086956521739131
20747385,S,員工組成,是否聘用移工,true,人,2020,無聘用外籍移工
20747385,S,員工組成,是否聘用身障人士,true,人,2020,無揭露
20747385,S,員工組成,是否聘用原住民,true,人,2020,無揭露
20747385,S,員工組成,正式員工,true,人,2019,238
20747385,S,員工組成,性別比,true,人,2019,11.526315789473685
20747385,S,員工組成,新進率,true,人,2019,0.04201680672268908
20747385,S,員工組成,離職率,true,人,2019,0.03361344537815126
20747385,S,員工組成,是否聘用移工,true,人,2019,無聘用外籍移工
20747385,S,員工組成,是否聘用身障人士,true,人,2019,無揭露
20747385,S,員工組成,是否聘用原住民,true,人,2019,無揭露
20747385,S,員工組成,正式員工,true,人,2018,236
20747385,S,員工組成,性別比,true,人,2018,11.421052631578947
20747385,S,員工組成,新進率,true,人,2018,0.05508474576271186
20747385,S,員工組成,離職率,true,人,2018,0.05084745762711865
20747385,S,員工組成,是否聘用移工,true,人,2018,無聘用外籍移工
20747385,S,員工組成,是否聘用身障人士,true,人,2018,無揭露
20747385,S,員工組成,是否聘用原住民,true,人,2018,無揭露
20747385,S,員工組成,正式員工,true,人,2017,235
20747385,S,員工組成,性別比,true,人,2017,10.75
20747385,S,員工組成,新進率,true,人,2017,0.0425531914893617
20747385,S,員工組成,離職率,true,人,2017,0.03404255319148936
20747385,S,員工組成,是否聘用移工,true,人,2017,無聘用外籍移工
20747385,S,員工組成,是否聘用身障人士,true,人,2017,無揭露
20747385,S,員工組成,是否聘用原住民,true,人,2017,無揭露
11893409,S,員工組成,正式員工,true,人,2020,507
11893409,S,員工組成,性別比,true,人,2020,5.837837837837838
11893409,S,員工組成,新進率,true,人,2020,0.058712121212121215
11893409,S,員工組成,離職率,true,人,2020,0.08712121212121213
11893409,S,員工組成,是否聘用移工,true,人,2020,18
11893409,S,員工組成,是否聘用身障人士,true,人,2020,無揭露
11893409,S,員工組成,是否聘用原住民,true,人,2020,無揭露
11893409,S,員工組成,正式員工,true,人,2019,522
11893409,S,員工組成,性別比,true,人,2019,5.6075949367088604
11893409,S,員工組成,新進率,true,人,2019,0.04945054945054945
11893409,S,員工組成,離職率,true,人,2019,0.19047619047619047
11893409,S,員工組成,是否聘用移工,true,人,2019,20
11893409,S,員工組成,是否聘用身障人士,true,人,2019,無揭露
11893409,S,員工組成,是否聘用原住民,true,人,2019,無揭露
11893409,S,員工組成,正式員工,true,人,2018,608
11893409,S,員工組成,性別比,true,人,2018,5.204081632653061
11893409,S,員工組成,新進率,true,人,2018,0.0593900481540931
11893409,S,員工組成,離職率,true,人,2018,0.07704654895666131
11893409,S,員工組成,是否聘用移工,true,人,2018,18
11893409,S,員工組成,是否聘用身障人士,true,人,2018,無揭露
11893409,S,員工組成,是否聘用原住民,true,人,2018,無揭露
11893409,S,員工組成,正式員工,true,人,2017,623
11893409,S,員工組成,性別比,true,人,2017,5.264705882352941
11893409,S,員工組成,新進率,true,人,2017,0.06572769953051644
11893409,S,員工組成,離職率,true,人,2017,0.07355242566510173
11893409,S,員工組成,是否聘用移工,true,人,2017,16
11893409,S,員工組成,是否聘用身障人士,true,人,2017,無揭露
11893409,S,員工組成,是否聘用原住民,true,人,2017,無揭露
20844865,S,員工組成,正式員工,true,人,2020,188
20844865,S,員工組成,性別比,true,人,2020,6.833333333333333
20844865,S,員工組成,新進率,true,人,2020,0.05851063829787234
20844865,S,員工組成,離職率,true,人,2020,0.0851063829787234
20844865,S,員工組成,是否聘用移工,true,人,2020,無聘用外籍移工
20844865,S,員工組成,是否聘用身障人士,true,人,2020,無揭露
20844865,S,員工組成,是否聘用原住民,true,人,2020,無揭露
20844865,S,員工組成,正式員工,true,人,2019,193
20844865,S,員工組成,性別比,true,人,2019,5.892857142857143
20844865,S,員工組成,新進率,true,人,2019,0.06217616580310881
20844865,S,員工組成,離職率,true,人,2019,0.07253886010362694
20844865,S,員工組成,是否聘用移工,true,人,2019,無聘用外籍移工
20844865,S,員工組成,是否聘用身障人士,true,人,2019,無揭露
20844865,S,員工組成,是否聘用原住民,true,人,2019,無揭露
20844865,S,員工組成,正式員工,true,人,2018,196
20844865,S,員工組成,性別比,true,人,2018,5.758620689655173
20844865,S,員工組成,新進率,true,人,2018,0.04081632653061224
20844865,S,員工組成,離職率,true,人,2018,0.10714285714285714
20844865,S,員工組成,是否聘用移工,true,人,2018,無聘用外籍移工
20844865,S,員工組成,是否聘用身障人士,true,人,2018,無揭露
20844865,S,員工組成,是否聘用原住民,true,人,2018,無揭露
20844865,S,員工組成,正式員工,true,人,2017,209
20844865,S,員工組成,性別比,true,人,2017,6.206896551724138
20844865,S,員工組成,新進率,true,人,2017,0.15311004784688995
20844865,S,員工組成,離職率,true,人,2017,0.0861244019138756
20844865,S,員工組成,是否聘用移工,true,人,2017,無揭露
20844865,S,員工組成,是否聘用身障人士,true,人,2017,無揭露
20844865,S,員工組成,是否聘用原住民,true,人,2017,無揭露
04212250,S,員工組成,正式員工,true,人,2020,376
04212250,S,員工組成,性別比,true,人,2020,11.129032258064516
04212250,S,員工組成,是否聘用移工,true,人,2020,無揭露
04212250,S,員工組成,是否聘用身障人士,true,人,2020,3
04212250,S,員工組成,是否聘用原住民,true,人,2020,無揭露
04212250,S,員工組成,正式員工,true,人,2019,378
04212250,S,員工組成,性別比,true,人,2019,11.193548387096774
04212250,S,員工組成,是否聘用移工,true,人,2019,無揭露
04212250,S,員工組成,是否聘用身障人士,true,人,2019,3
04212250,S,員工組成,是否聘用原住民,true,人,2019,無揭露
04212250,S,員工組成,正式員工,true,人,2018,379
04212250,S,員工組成,性別比,true,人,2018,11.225806451612904
04212250,S,員工組成,是否聘用移工,true,人,2018,無揭露
04212250,S,員工組成,是否聘用身障人士,true,人,2018,3
04212250,S,員工組成,是否聘用原住民,true,人,2018,無揭露
04212250,S,員工組成,正式員工,true,人,2017,378
04212250,S,員工組成,性別比,true,人,2017,11.193548387096774
04212250,S,員工組成,新進率,true,人,2017,0.09259259259259259
04212250,S,員工組成,離職率,true,人,2017,0.06878306878306878
04212250,S,員工組成,是否聘用移工,true,人,2017,無揭露
04212250,S,員工組成,是否聘用身障人士,true,人,2017,4
04212250,S,員工組成,是否聘用原住民,true,人,2017,無揭露
04748660,S,員工組成,正式員工,true,人,2020,221
04748660,S,員工組成,性別比,true,人,2020,3.3333333333333335
04748660,S,員工組成,新進率,true,人,2020,0.12669683257918551
04748660,S,員工組成,離職率,true,人,2020,0.1493212669683258
04748660,S,員工組成,是否聘用移工,true,人,2020,5
04748660,S,員工組成,是否聘用身障人士,true,人,2020,2
04748660,S,員工組成,是否聘用原住民,true,人,2020,無揭露
04748660,S,員工組成,正式員工,true,人,2019,226
04748660,S,員工組成,性別比,true,人,2019,3.109090909090909
04748660,S,員工組成,新進率,true,人,2019,0.12831858407079647
04748660,S,員工組成,離職率,true,人,2019,0.10176991150442478
04748660,S,員工組成,是否聘用移工,true,人,2019,3
04748660,S,員工組成,是否聘用身障人士,true,人,2019,3
04748660,S,員工組成,是否聘用原住民,true,人,2019,無揭露
04748660,S,員工組成,正式員工,true,人,2018,220
04748660,S,員工組成,性別比,true,人,2018,3.3137254901960786
04748660,S,員工組成,新進率,true,人,2018,0.17272727272727273
04748660,S,員工組成,離職率,true,人,2018,0.11818181818181818
04748660,S,員工組成,是否聘用移工,true,人,2018,3
04748660,S,員工組成,是否聘用身障人士,true,人,2018,3
04748660,S,員工組成,是否聘用原住民,true,人,2018,無揭露
04748660,S,員工組成,正式員工,true,人,2017,208
04748660,S,員工組成,性別比,true,人,2017,3
04748660,S,員工組成,新進率,true,人,2017,0.0625
04748660,S,員工組成,離職率,true,人,2017,0.07211538461538461
04748660,S,員工組成,是否聘用移工,true,人,2017,3
04748660,S,員工組成,是否聘用身障人士,true,人,2017,4
04748660,S,員工組成,是否聘用原住民,true,人,2017,無揭露
03084741,S,員工組成,正式員工,true,人,2020,無揭露
03084741,S,員工組成,性別比,true,人,2020,5.081447963800905
03084741,S,員工組成,新進率,true,人,2020,0.13220088626292467
03084741,S,員工組成,離職率,true,人,2020,0.15140324963072377
03084741,S,員工組成,是否聘用移工,true,人,2020,未標明聘用人數
03084741,S,員工組成,是否聘用身障人士,true,人,2020,未標明聘用人數
03084741,S,員工組成,是否聘用原住民,true,人,2020,未標明聘用人數
03084741,S,員工組成,正式員工,true,人,2019,無揭露
03084741,S,員工組成,性別比,true,人,2019,5.1880733944954125
03084741,S,員工組成,新進率,true,人,2019,0.41363973313565605
03084741,S,員工組成,離職率,true,人,2019,0.30689399555226093
03084741,S,員工組成,是否聘用移工,true,人,2019,無揭露
03084741,S,員工組成,是否聘用身障人士,true,人,2019,無揭露
03084741,S,員工組成,是否聘用原住民,true,人,2019,無揭露
03084741,S,員工組成,正式員工,true,人,2018,無揭露
03084741,S,員工組成,性別比,true,人,2018,5.71578947368421
03084741,S,員工組成,新進率,true,人,2018,0.14106583072100312
03084741,S,員工組成,離職率,true,人,2018,0.1238244514106583
03084741,S,員工組成,是否聘用移工,true,人,2018,無揭露
03084741,S,員工組成,是否聘用身障人士,true,人,2018,無揭露
03084741,S,員工組成,是否聘用原住民,true,人,2018,無揭露
03084741,S,員工組成,正式員工,true,人,2017,1225
03084741,S,員工組成,性別比,true,人,2017,6.00561797752809
03084741,S,員工組成,新進率,true,人,2017,0.18364073777064957
03084741,S,員工組成,離職率,true,人,2017,0.16599839615076184
03084741,S,員工組成,是否聘用移工,true,人,2017,無揭露
03084741,S,員工組成,是否聘用身障人士,true,人,2017,無揭露
03084741,S,員工組成,是否聘用原住民,true,人,2017,無揭露
51059101,S,員工組成,正式員工,true,人,2020,NA
51059101,S,員工組成,是否聘用移工,true,人,2020,NA
51059101,S,員工組成,是否聘用身障人士,true,人,2020,NA
51059101,S,員工組成,是否聘用原住民,true,人,2020,NA
51059101,S,員工組成,正式員工,true,人,2019,NA
51059101,S,員工組成,是否聘用移工,true,人,2019,NA
51059101,S,員工組成,是否聘用身障人士,true,人,2019,NA
51059101,S,員工組成,是否聘用原住民,true,人,2019,NA
51059101,S,員工組成,正式員工,true,人,2018,NA
51059101,S,員工組成,是否聘用移工,true,人,2018,NA
51059101,S,員工組成,是否聘用身障人士,true,人,2018,NA
51059101,S,員工組成,是否聘用原住民,true,人,2018,NA
51059101,S,員工組成,正式員工,true,人,2017,NA
51059101,S,員工組成,是否聘用移工,true,人,2017,NA
51059101,S,員工組成,是否聘用身障人士,true,人,2017,NA
51059101,S,員工組成,是否聘用原住民,true,人,2017,NA
15024509,S,員工組成,正式員工,true,人,2020,NA
15024509,S,員工組成,是否聘用移工,true,人,2020,NA
15024509,S,員工組成,是否聘用身障人士,true,人,2020,NA
15024509,S,員工組成,是否聘用原住民,true,人,2020,NA
15024509,S,員工組成,正式員工,true,人,2019,NA
15024509,S,員工組成,是否聘用移工,true,人,2019,NA
15024509,S,員工組成,是否聘用身障人士,true,人,2019,NA
15024509,S,員工組成,是否聘用原住民,true,人,2019,NA
15024509,S,員工組成,正式員工,true,人,2018,NA
15024509,S,員工組成,是否聘用移工,true,人,2018,NA
15024509,S,員工組成,是否聘用身障人士,true,人,2018,NA
15024509,S,員工組成,是否聘用原住民,true,人,2018,NA
15024509,S,員工組成,正式員工,true,人,2017,NA
15024509,S,員工組成,是否聘用移工,true,人,2017,NA
15024509,S,員工組成,是否聘用身障人士,true,人,2017,NA
15024509,S,員工組成,是否聘用原住民,true,人,2017,NA
68192103,S,員工組成,正式員工,true,人,2020,無揭露
68192103,S,員工組成,性別比,true,人,2020,2.3421052631578947
68192103,S,員工組成,新進率,true,人,2020,0.16010498687664043
68192103,S,員工組成,離職率,true,人,2020,0.1968503937007874
68192103,S,員工組成,是否聘用移工,true,人,2020,228
68192103,S,員工組成,是否聘用身障人士,true,人,2020,無揭露
68192103,S,員工組成,是否聘用原住民,true,人,2020,無揭露
68192103,S,員工組成,正式員工,true,人,2019,無揭露
68192103,S,員工組成,性別比,true,人,2019,2.2958333333333334
68192103,S,員工組成,新進率,true,人,2019,0.30214917825537296
68192103,S,員工組成,離職率,true,人,2019,0.2743362831858407
68192103,S,員工組成,是否聘用移工,true,人,2019,226
68192103,S,員工組成,是否聘用身障人士,true,人,2019,無揭露
68192103,S,員工組成,是否聘用原住民,true,人,2019,無揭露
68192103,S,員工組成,正式員工,true,人,2018,無揭露
68192103,S,員工組成,性別比,true,人,2018,2.393805309734513
68192103,S,員工組成,新進率,true,人,2018,0.318122555410691
68192103,S,員工組成,離職率,true,人,2018,0.27509778357235987
68192103,S,員工組成,是否聘用移工,true,人,2018,226
68192103,S,員工組成,是否聘用身障人士,true,人,2018,無揭露
68192103,S,員工組成,是否聘用原住民,true,人,2018,無揭露
07147916,S,員工組成,正式員工,true,人,2020,NA
07147916,S,員工組成,是否聘用移工,true,人,2020,NA
07147916,S,員工組成,是否聘用身障人士,true,人,2020,NA
07147916,S,員工組成,是否聘用原住民,true,人,2020,NA
07147916,S,員工組成,正式員工,true,人,2019,NA
07147916,S,員工組成,是否聘用移工,true,人,2019,NA
07147916,S,員工組成,是否聘用身障人士,true,人,2019,NA
07147916,S,員工組成,是否聘用原住民,true,人,2019,NA
07147916,S,員工組成,正式員工,true,人,2018,NA
07147916,S,員工組成,是否聘用移工,true,人,2018,NA
07147916,S,員工組成,是否聘用身障人士,true,人,2018,NA
07147916,S,員工組成,是否聘用原住民,true,人,2018,NA
07147916,S,員工組成,正式員工,true,人,2017,NA
07147916,S,員工組成,是否聘用移工,true,人,2017,NA
07147916,S,員工組成,是否聘用身障人士,true,人,2017,NA
07147916,S,員工組成,是否聘用原住民,true,人,2017,NA
11455800,S,員工組成,正式員工,true,人,2020,NA
11455800,S,員工組成,是否聘用移工,true,人,2020,NA
11455800,S,員工組成,是否聘用身障人士,true,人,2020,NA
11455800,S,員工組成,是否聘用原住民,true,人,2020,NA
11455800,S,員工組成,正式員工,true,人,2019,NA
11455800,S,員工組成,是否聘用移工,true,人,2019,NA
11455800,S,員工組成,是否聘用身障人士,true,人,2019,NA
11455800,S,員工組成,是否聘用原住民,true,人,2019,NA
11455800,S,員工組成,正式員工,true,人,2018,NA
11455800,S,員工組成,是否聘用移工,true,人,2018,NA
11455800,S,員工組成,是否聘用身障人士,true,人,2018,NA
11455800,S,員工組成,是否聘用原住民,true,人,2018,NA
11455800,S,員工組成,正式員工,true,人,2017,NA
11455800,S,員工組成,是否聘用移工,true,人,2017,NA
11455800,S,員工組成,是否聘用身障人士,true,人,2017,NA
11455800,S,員工組成,是否聘用原住民,true,人,2017,NA
58650902,S,員工組成,正式員工,true,人,2020,4951
58650902,S,員工組成,性別比,true,人,2020,7.747349823321555
58650902,S,員工組成,新進率,true,人,2020,0.009262832883056734
58650902,S,員工組成,離職率,true,人,2020,0.07255885758394442
58650902,S,員工組成,是否聘用移工,true,人,2020,未標明聘用人數
58650902,S,員工組成,是否聘用身障人士,true,人,2020,無揭露
58650902,S,員工組成,是否聘用原住民,true,人,2020,無揭露
58650902,S,員工組成,正式員工,true,人,2019,5274
58650902,S,員工組成,性別比,true,人,2019,7.938983050847457
58650902,S,員工組成,新進率,true,人,2019,0.03442622950819672
58650902,S,員工組成,離職率,true,人,2019,0.05191256830601093
58650902,S,員工組成,是否聘用移工,true,人,2019,未標明聘用人數
58650902,S,員工組成,是否聘用身障人士,true,人,2019,無揭露
58650902,S,員工組成,是否聘用原住民,true,人,2019,無揭露
58650902,S,員工組成,正式員工,true,人,2018,5361
58650902,S,員工組成,性別比,true,人,2018,7.235023041474655
58650902,S,員工組成,新進率,true,人,2018,0.056327985739750445
58650902,S,員工組成,離職率,true,人,2018,0.031194295900178252
58650902,S,員工組成,是否聘用移工,true,人,2018,未標明聘用人數
58650902,S,員工組成,是否聘用身障人士,true,人,2018,無揭露
58650902,S,員工組成,是否聘用原住民,true,人,2018,無揭露
58650902,S,員工組成,正式員工,true,人,2017,5216
58650902,S,員工組成,性別比,true,人,2017,6.024547803617571
58650902,S,員工組成,新進率,true,人,2017,0.040080897223754366
58650902,S,員工組成,離職率,true,人,2017,0.04026475455046884
58650902,S,員工組成,是否聘用移工,true,人,2017,未標明聘用人數
58650902,S,員工組成,是否聘用身障人士,true,人,2017,無揭露
58650902,S,員工組成,是否聘用原住民,true,人,2017,無揭露
03707901,S,員工組成,正式員工,true,人,2020,16057
03707901,S,員工組成,性別比,true,人,2020,5.7636899747262005
03707901,S,員工組成,新進率,true,人,2020,0.07529616076412578
03707901,S,員工組成,離職率,true,人,2020,0.06518637970601004
03707901,S,員工組成,是否聘用移工,true,人,2020,無揭露
03707901,S,員工組成,是否聘用身障人士,true,人,2020,849
03707901,S,員工組成,是否聘用原住民,true,人,2020,63
03707901,S,員工組成,正式員工,true,人,2019,15765
03707901,S,員工組成,性別比,true,人,2019,6.0132860938883965
03707901,S,員工組成,新進率,true,人,2019,0.06889366001515534
03707901,S,員工組成,離職率,true,人,2019,0.062200050517807526
03707901,S,員工組成,是否聘用移工,true,人,2019,無揭露
03707901,S,員工組成,是否聘用身障人士,true,人,2019,814
03707901,S,員工組成,是否聘用原住民,true,人,2019,46
03707901,S,員工組成,正式員工,true,人,2018,15633
03707901,S,員工組成,性別比,true,人,2018,6.27710843373494
03707901,S,員工組成,新進率,true,人,2018,0.10334946510443199
03707901,S,員工組成,離職率,true,人,2018,0.04877738155883851
03707901,S,員工組成,是否聘用移工,true,人,2018,無揭露
03707901,S,員工組成,是否聘用身障人士,true,人,2018,796
03707901,S,員工組成,是否聘用原住民,true,人,2018,無揭露
03707901,S,員工組成,正式員工,true,人,2017,無揭露
03707901,S,員工組成,性別比,true,人,2017,6.659596482152095
03707901,S,員工組成,新進率,true,人,2017,0.06591922193705255
03707901,S,員工組成,離職率,true,人,2017,0.06375793597190328
03707901,S,員工組成,是否聘用移工,true,人,2017,無揭露
03707901,S,員工組成,是否聘用身障人士,true,人,2017,757
03707901,S,員工組成,是否聘用原住民,true,人,2017,206
26068617,S,員工組成,正式員工,true,人,2020,NA
26068617,S,員工組成,是否聘用移工,true,人,2020,NA
26068617,S,員工組成,是否聘用身障人士,true,人,2020,NA
26068617,S,員工組成,是否聘用原住民,true,人,2020,NA
26068617,S,員工組成,正式員工,true,人,2019,NA
26068617,S,員工組成,是否聘用移工,true,人,2019,NA
26068617,S,員工組成,是否聘用身障人士,true,人,2019,NA
26068617,S,員工組成,是否聘用原住民,true,人,2019,NA
26068617,S,員工組成,正式員工,true,人,2018,NA
26068617,S,員工組成,是否聘用移工,true,人,2018,NA
26068617,S,員工組成,是否聘用身障人士,true,人,2018,NA
26068617,S,員工組成,是否聘用原住民,true,人,2018,NA
26068617,S,員工組成,正式員工,true,人,2017,NA
26068617,S,員工組成,是否聘用移工,true,人,2017,NA
26068617,S,員工組成,是否聘用身障人士,true,人,2017,NA
26068617,S,員工組成,是否聘用原住民,true,人,2017,NA
37722768,S,員工組成,正式員工,true,人,2020,NA
37722768,S,員工組成,是否聘用移工,true,人,2020,NA
37722768,S,員工組成,是否聘用身障人士,true,人,2020,NA
37722768,S,員工組成,是否聘用原住民,true,人,2020,NA
37722768,S,員工組成,正式員工,true,人,2019,NA
37722768,S,員工組成,是否聘用移工,true,人,2019,NA
37722768,S,員工組成,是否聘用身障人士,true,人,2019,NA
37722768,S,員工組成,是否聘用原住民,true,人,2019,NA
37722768,S,員工組成,正式員工,true,人,2018,NA
37722768,S,員工組成,是否聘用移工,true,人,2018,NA
37722768,S,員工組成,是否聘用身障人士,true,人,2018,NA
37722768,S,員工組成,是否聘用原住民,true,人,2018,NA
37722768,S,員工組成,正式員工,true,人,2017,NA
37722768,S,員工組成,是否聘用移工,true,人,2017,NA
37722768,S,員工組成,是否聘用身障人士,true,人,2017,NA
37722768,S,員工組成,是否聘用原住民,true,人,2017,NA
82716171,S,員工組成,正式員工,true,人,2020,NA
82716171,S,員工組成,是否聘用移工,true,人,2020,NA
82716171,S,員工組成,是否聘用身障人士,true,人,2020,NA
82716171,S,員工組成,是否聘用原住民,true,人,2020,NA
82716171,S,員工組成,正式員工,true,人,2019,NA
82716171,S,員工組成,是否聘用移工,true,人,2019,NA
82716171,S,員工組成,是否聘用身障人士,true,人,2019,NA
82716171,S,員工組成,是否聘用原住民,true,人,2019,NA
82716171,S,員工組成,正式員工,true,人,2018,NA
82716171,S,員工組成,是否聘用移工,true,人,2018,NA
82716171,S,員工組成,是否聘用身障人士,true,人,2018,NA
82716171,S,員工組成,是否聘用原住民,true,人,2018,NA
82716171,S,員工組成,正式員工,true,人,2017,NA
82716171,S,員工組成,是否聘用移工,true,人,2017,NA
82716171,S,員工組成,是否聘用身障人士,true,人,2017,NA
82716171,S,員工組成,是否聘用原住民,true,人,2017,NA
89323361,S,員工組成,正式員工,true,人,2020,NA
89323361,S,員工組成,是否聘用移工,true,人,2020,NA
89323361,S,員工組成,是否聘用身障人士,true,人,2020,NA
89323361,S,員工組成,是否聘用原住民,true,人,2020,NA
89323361,S,員工組成,正式員工,true,人,2019,NA
89323361,S,員工組成,是否聘用移工,true,人,2019,NA
89323361,S,員工組成,是否聘用身障人士,true,人,2019,NA
89323361,S,員工組成,是否聘用原住民,true,人,2019,NA
89323361,S,員工組成,正式員工,true,人,2018,NA
89323361,S,員工組成,是否聘用移工,true,人,2018,NA
89323361,S,員工組成,是否聘用身障人士,true,人,2018,NA
89323361,S,員工組成,是否聘用原住民,true,人,2018,NA
89323361,S,員工組成,正式員工,true,人,2017,NA
89323361,S,員工組成,是否聘用移工,true,人,2017,NA
89323361,S,員工組成,是否聘用身障人士,true,人,2017,NA
89323361,S,員工組成,是否聘用原住民,true,人,2017,NA
35894259,S,員工組成,正式員工,true,人,2020,1280
35894259,S,員工組成,性別比,true,人,2020,2.6867816091954024
35894259,S,員工組成,是否聘用移工,true,人,2020,282
35894259,S,員工組成,是否聘用身障人士,true,人,2020,10
35894259,S,員工組成,是否聘用原住民,true,人,2020,無揭露
35894259,S,員工組成,正式員工,true,人,2019,1307
35894259,S,員工組成,性別比,true,人,2019,2.496
35894259,S,員工組成,是否聘用移工,true,人,2019,257
35894259,S,員工組成,是否聘用身障人士,true,人,2019,10
35894259,S,員工組成,是否聘用原住民,true,人,2019,無揭露
35894259,S,員工組成,正式員工,true,人,2018,1025
35894259,S,員工組成,性別比,true,人,2018,2.5235457063711912
35894259,S,員工組成,是否聘用移工,true,人,2018,246
35894259,S,員工組成,是否聘用身障人士,true,人,2018,9
35894259,S,員工組成,是否聘用原住民,true,人,2018,無揭露
35894259,S,員工組成,正式員工,true,人,2017,1103
35894259,S,員工組成,性別比,true,人,2017,2.3934010152284264
35894259,S,員工組成,是否聘用移工,true,人,2017,231
35894259,S,員工組成,是否聘用身障人士,true,人,2017,9
35894259,S,員工組成,是否聘用原住民,true,人,2017,無揭露
11846954,S,員工組成,正式員工,true,人,2020,NA
11846954,S,員工組成,是否聘用移工,true,人,2020,NA
11846954,S,員工組成,是否聘用身障人士,true,人,2020,NA
11846954,S,員工組成,是否聘用原住民,true,人,2020,NA
11846954,S,員工組成,正式員工,true,人,2019,NA
11846954,S,員工組成,是否聘用移工,true,人,2019,NA
11846954,S,員工組成,是否聘用身障人士,true,人,2019,NA
11846954,S,員工組成,是否聘用原住民,true,人,2019,NA
11846954,S,員工組成,正式員工,true,人,2018,NA
11846954,S,員工組成,是否聘用移工,true,人,2018,NA
11846954,S,員工組成,是否聘用身障人士,true,人,2018,NA
11846954,S,員工組成,是否聘用原住民,true,人,2018,NA
11846954,S,員工組成,正式員工,true,人,2017,NA
11846954,S,員工組成,是否聘用移工,true,人,2017,NA
11846954,S,員工組成,是否聘用身障人士,true,人,2017,NA
11846954,S,員工組成,是否聘用原住民,true,人,2017,NA
86522210,S,員工組成,正式員工,true,人,2020,5146
86522210,S,員工組成,性別比,true,人,2020,11.023364485981308
86522210,S,員工組成,新進率,true,人,2020,0.019515856633514732
86522210,S,員工組成,離職率,true,人,2020,0.01970350910114468
86522210,S,員工組成,是否聘用移工,true,人,2020,無聘用外籍移工
86522210,S,員工組成,是否聘用身障人士,true,人,2020,未標明聘用人數
86522210,S,員工組成,是否聘用原住民,true,人,2020,無揭露
86522210,S,員工組成,正式員工,true,人,2019,5156
86522210,S,員工組成,性別比,true,人,2019,10.990697674418605
86522210,S,員工組成,新進率,true,人,2019,0.041401273885350316
86522210,S,員工組成,離職率,true,人,2019,0.01742225552641439
86522210,S,員工組成,是否聘用移工,true,人,2019,無聘用外籍移工
86522210,S,員工組成,是否聘用身障人士,true,人,2019,未標明聘用人數
86522210,S,員工組成,是否聘用原住民,true,人,2019,無揭露
86522210,S,員工組成,正式員工,true,人,2018,5111
86522210,S,員工組成,性別比,true,人,2018,11.140142517814727
86522210,S,員工組成,是否聘用移工,true,人,2018,無聘用外籍移工
86522210,S,員工組成,是否聘用身障人士,true,人,2018,未標明聘用人數
86522210,S,員工組成,是否聘用原住民,true,人,2018,無揭露
86522210,S,員工組成,正式員工,true,人,2017,5002
86522210,S,員工組成,性別比,true,人,2017,11.958549222797927
86522210,S,員工組成,是否聘用移工,true,人,2017,無聘用外籍移工
86522210,S,員工組成,是否聘用身障人士,true,人,2017,未標明聘用人數
86522210,S,員工組成,是否聘用原住民,true,人,2017,無揭露
86120031,S,員工組成,正式員工,true,人,2018,NA
86120031,S,員工組成,是否聘用移工,true,人,2018,NA
86120031,S,員工組成,是否聘用身障人士,true,人,2018,無揭露
86120031,S,員工組成,是否聘用原住民,true,人,2018,NA
86120031,S,員工組成,正式員工,true,人,2019,NA
86120031,S,員工組成,是否聘用移工,true,人,2019,NA
86120031,S,員工組成,是否聘用身障人士,true,人,2019,無揭露
86120031,S,員工組成,是否聘用原住民,true,人,2019,NA
75708007,S,員工薪資,平均薪資,,仟元,2020,1306
75708007,S,員工薪資,薪資中位數,,仟元,2020,1186
75370905,S,員工薪資,平均薪資,,仟元,2020,1197
75370905,S,員工薪資,薪資中位數,,仟元,2020,1132
11917107,S,員工薪資,平均薪資,,仟元,2020,1201
11917107,S,員工薪資,薪資中位數,,仟元,2020,1090
11686106,S,員工薪資,平均薪資,,仟元,2020,995
11686106,S,員工薪資,薪資中位數,,仟元,2020,965
83387850,S,員工薪資,平均薪資,,仟元,2020,588
83387850,S,員工薪資,薪資中位數,,仟元,2020,551
20747385,S,員工薪資,平均薪資,,仟元,2020,1286
20747385,S,員工薪資,薪資中位數,,仟元,2020,1197
11893409,S,員工薪資,平均薪資,,仟元,2020,1225
11893409,S,員工薪資,薪資中位數,,仟元,2020,1142
20844865,S,員工薪資,平均薪資,,仟元,2020,1090
20844865,S,員工薪資,薪資中位數,,仟元,2020,1040
04212250,S,員工薪資,平均薪資,,仟元,2020,1269
04212250,S,員工薪資,薪資中位數,,仟元,2020,1209
04748660,S,員工薪資,平均薪資,,仟元,2020,1200
04748660,S,員工薪資,薪資中位數,,仟元,2020,1123
03084741,S,員工薪資,平均薪資,,仟元,2020,777
03084741,S,員工薪資,薪資中位數,,仟元,2020,715
51059101,S,員工薪資,平均薪資,,仟元,2020,568
51059101,S,員工薪資,薪資中位數,,仟元,2020,508
15024509,S,員工薪資,平均薪資,,仟元,2020,735
15024509,S,員工薪資,薪資中位數,,仟元,2020,689
68192103,S,員工薪資,平均薪資,,仟元,2020,569
68192103,S,員工薪資,薪資中位數,,仟元,2020,477
07147916,S,員工薪資,平均薪資,,仟元,2020,541
07147916,S,員工薪資,薪資中位數,,仟元,2020,457
11455800,S,員工薪資,平均薪資,,仟元,2020,990
11455800,S,員工薪資,薪資中位數,,仟元,2020,734
58650902,S,員工薪資,平均薪資,,仟元,2020,1320
58650902,S,員工薪資,薪資中位數,,仟元,2020,1189
72104709,S,員工薪資,平均薪資,,仟元,2020,433
72104709,S,員工薪資,薪資中位數,,仟元,2020,387
12413104,S,員工薪資,平均薪資,,仟元,2020,488
12413104,S,員工薪資,薪資中位數,,仟元,2020,463
22281617,S,員工薪資,平均薪資,,仟元,2020,671
22281617,S,員工薪資,薪資中位數,,仟元,2020,572
35894259,S,員工薪資,平均薪資,,仟元,2020,560
35894259,S,員工薪資,薪資中位數,,仟元,2020,499
86522210,S,員工薪資,平均薪資,,仟元,2020,1307
86522210,S,員工薪資,薪資中位數,,仟元,2020,1205
73644351,S,員工薪資,平均薪資,,仟元,2020,348
73644351,S,員工薪資,薪資中位數,,仟元,2020,315
75708007,S,員工薪資,平均薪資,,仟元,2019,1397
75708007,S,員工薪資,薪資中位數,,仟元,2019,1272
75370905,S,員工薪資,平均薪資,,仟元,2019,1231
75370905,S,員工薪資,薪資中位數,,仟元,2019,1219
11917107,S,員工薪資,平均薪資,,仟元,2019,1125
11917107,S,員工薪資,薪資中位數,,仟元,2019,1022
11686106,S,員工薪資,平均薪資,,仟元,2019,957
11686106,S,員工薪資,薪資中位數,,仟元,2019,925
83387850,S,員工薪資,平均薪資,,仟元,2019,592
83387850,S,員工薪資,薪資中位數,,仟元,2019,546
20747385,S,員工薪資,平均薪資,,仟元,2019,1282
20747385,S,員工薪資,薪資中位數,,仟元,2019,1212
11893409,S,員工薪資,平均薪資,,仟元,2019,1043
11893409,S,員工薪資,薪資中位數,,仟元,2019,995
20844865,S,員工薪資,平均薪資,,仟元,2019,1302
20844865,S,員工薪資,薪資中位數,,仟元,2019,1322
04212250,S,員工薪資,平均薪資,,仟元,2019,1191
04212250,S,員工薪資,薪資中位數,,仟元,2019,1145
04748660,S,員工薪資,平均薪資,,仟元,2019,1005
04748660,S,員工薪資,薪資中位數,,仟元,2019,952
03084741,S,員工薪資,平均薪資,,仟元,2019,904
03084741,S,員工薪資,薪資中位數,,仟元,2019,814
51059101,S,員工薪資,平均薪資,,仟元,2019,556
51059101,S,員工薪資,薪資中位數,,仟元,2019,491
15024509,S,員工薪資,平均薪資,,仟元,2019,701
15024509,S,員工薪資,薪資中位數,,仟元,2019,658
68192103,S,員工薪資,平均薪資,,仟元,2019,564
68192103,S,員工薪資,薪資中位數,,仟元,2019,450
07147916,S,員工薪資,平均薪資,,仟元,2019,537
07147916,S,員工薪資,薪資中位數,,仟元,2019,457
11455800,S,員工薪資,平均薪資,,仟元,2019,479
11455800,S,員工薪資,薪資中位數,,仟元,2019,442
58650902,S,員工薪資,平均薪資,,仟元,2019,1367
58650902,S,員工薪資,薪資中位數,,仟元,2019,1259
72104709,S,員工薪資,平均薪資,,仟元,2019,434
72104709,S,員工薪資,薪資中位數,,仟元,2019,432
12413104,S,員工薪資,平均薪資,,仟元,2019,487
12413104,S,員工薪資,薪資中位數,,仟元,2019,405
22281617,S,員工薪資,平均薪資,,仟元,2019,641
22281617,S,員工薪資,薪資中位數,,仟元,2019,574
35894259,S,員工薪資,平均薪資,,仟元,2019,511
35894259,S,員工薪資,薪資中位數,,仟元,2019,466
86522210,S,員工薪資,平均薪資,,仟元,2019,1393
86522210,S,員工薪資,薪資中位數,,仟元,2019,1291
73644351,S,員工薪資,平均薪資,,仟元,2019,452
73644351,S,員工薪資,薪資中位數,,仟元,2019,421
75708007,S,員工薪資,平均薪資,,仟元,2018,1406
75370905,S,員工薪資,平均薪資,,仟元,2018,1343
11917107,S,員工薪資,平均薪資,,仟元,2018,1020
11686106,S,員工薪資,平均薪資,,仟元,2018,1033
83387850,S,員工薪資,平均薪資,,仟元,2018,571
20747385,S,員工薪資,平均薪資,,仟元,2018,1033
11893409,S,員工薪資,平均薪資,,仟元,2018,1015
20844865,S,員工薪資,平均薪資,,仟元,2018,1640
04212250,S,員工薪資,平均薪資,,仟元,2018,1457
04748660,S,員工薪資,平均薪資,,仟元,2018,1087
03084741,S,員工薪資,平均薪資,,仟元,2018,1067
51059101,S,員工薪資,平均薪資,,仟元,2018,561
15024509,S,員工薪資,平均薪資,,仟元,2018,686
68192103,S,員工薪資,平均薪資,,仟元,2018,558
07147916,S,員工薪資,平均薪資,,仟元,2018,532
11455800,S,員工薪資,平均薪資,,仟元,2018,502
58650902,S,員工薪資,平均薪資,,仟元,2018,1385
72104709,S,員工薪資,平均薪資,,仟元,2018,415
12413104,S,員工薪資,平均薪資,,仟元,2018,479
22281617,S,員工薪資,平均薪資,,仟元,2018,616
35894259,S,員工薪資,平均薪資,,仟元,2018,515
86522210,S,員工薪資,平均薪資,,仟元,2018,1415
73644351,S,員工薪資,平均薪資,,仟元,2018,416
75708007,S,職業健康,職災事故,true,,2020,未揭露件數，僅揭露失能率
75708007,S,職業健康,工安意外,true,,2020,揭露重大職災
75708007,S,職業健康,職災事故,true,,2019,未揭露件數，僅揭露失能率
75708007,S,職業健康,工安意外,true,,2019,無
75708007,S,職業健康,職災事故,true,,2018,未揭露件數，僅揭露失能率
75708007,S,職業健康,工安意外,true,,2018,無
75708007,S,職業健康,職災事故,true,,2017,未揭露件數，僅揭露失能率
75708007,S,職業健康,工安意外,true,,2017,無
75370905,S,職業健康,職災事故,true,,2020,10
75370905,S,職業健康,工安意外,true,,2020,無
75370905,S,職業健康,職災事故,true,,2019,16
75370905,S,職業健康,工安意外,true,,2019,無
75370905,S,職業健康,職災事故,true,,2018,12
75370905,S,職業健康,工安意外,true,,2018,無
75370905,S,職業健康,職災事故,true,,2017,8
75370905,S,職業健康,工安意外,true,,2017,無
11917107,S,職業健康,職災事故,true,,2020,2
11917107,S,職業健康,工安意外,true,,2020,無
11917107,S,職業健康,職災事故,true,,2019,5
11917107,S,職業健康,工安意外,true,,2019,2件，並無揭露工安內容
11917107,S,職業健康,職災事故,true,,2018,無
11917107,S,職業健康,工安意外,true,,2018,無
11917107,S,職業健康,職災事故,true,,2017,1
11917107,S,職業健康,工安意外,true,,2017,無
11686106,S,職業健康,職災事故,true,,2020,4
11686106,S,職業健康,工安意外,true,,2020,2020年4月22日本公司林園廠在檢修管線期間法蘭墊片破裂，管線內二氯乙烷噴濺於檢修人員，因未穿戴適當防護具，人員直接吸入二氯乙烷氣體，造成一名員工殉職，七名員工受傷。
11686106,S,職業健康,職災事故,true,,2019,1
11686106,S,職業健康,工安意外,true,,2019,無
11686106,S,職業健康,職災事故,true,,2018,2
11686106,S,職業健康,工安意外,true,,2018,無
11686106,S,職業健康,職災事故,true,,2017,2
11686106,S,職業健康,工安意外,true,,2017,無
83387850,S,職業健康,職災事故,true,,2020,NA
83387850,S,職業健康,工安意外,true,,2020,NA
83387850,S,職業健康,職災事故,true,,2019,NA
83387850,S,職業健康,工安意外,true,,2019,NA
83387850,S,職業健康,職災事故,true,,2018,NA
83387850,S,職業健康,工安意外,true,,2018,NA
83387850,S,職業健康,職災事故,true,,2017,NA
83387850,S,職業健康,工安意外,true,,2017,NA
20747385,S,職業健康,職災事故,true,,2020,2
20747385,S,職業健康,工安意外,true,,2020,無
20747385,S,職業健康,職災事故,true,,2019,1
20747385,S,職業健康,工安意外,true,,2019,無
20747385,S,職業健康,職災事故,true,,2018,0
20747385,S,職業健康,工安意外,true,,2018,無
20747385,S,職業健康,職災事故,true,,2017,0
20747385,S,職業健康,工安意外,true,,2017,無
11893409,S,職業健康,職災事故,true,,2020,0
11893409,S,職業健康,工安意外,true,,2020,無
11893409,S,職業健康,職災事故,true,,2019,0
11893409,S,職業健康,工安意外,true,,2019,無
11893409,S,職業健康,職災事故,true,,2018,3
11893409,S,職業健康,工安意外,true,,2018,2018.5.20新評估凝集不加乳化抗氧化劑之高膠粉試驗，試驗完畢後剩餘1.5公斤儲放置於室內陰暗處。但因天氣炎熱，於淩晨發生自燃悶燒現象，經值班領班發現立即灌水處理撲滅。
11893409,S,職業健康,職災事故,true,,2017,3
11893409,S,職業健康,工安意外,true,,2017,廢氣焚化爐（RTO）氣爆。
20844865,S,職業健康,職災事故,true,,2020,0
20844865,S,職業健康,工安意外,true,,2020,無
20844865,S,職業健康,職災事故,true,,2019,0
20844865,S,職業健康,工安意外,true,,2019,無
20844865,S,職業健康,職災事故,true,,2018,0
20844865,S,職業健康,工安意外,true,,2018,無
20844865,S,職業健康,職災事故,true,,2017,1
20844865,S,職業健康,工安意外,true,,2017,無
04212250,S,職業健康,職災事故,true,,2020,1
04212250,S,職業健康,工安意外,true,,2020,無揭露
04212250,S,職業健康,職災事故,true,,2019,2
04212250,S,職業健康,工安意外,true,,2019,無揭露
04212250,S,職業健康,職災事故,true,,2018,1
04212250,S,職業健康,工安意外,true,,2018,無揭露
04212250,S,職業健康,職災事故,true,,2017,1
04212250,S,職業健康,工安意外,true,,2017,無揭露
04748660,S,職業健康,職災事故,true,,2020,1
04748660,S,職業健康,工安意外,true,,2020,無
04748660,S,職業健康,職災事故,true,,2019,5
04748660,S,職業健康,工安意外,true,,2019,無
04748660,S,職業健康,職災事故,true,,2018,0
04748660,S,職業健康,工安意外,true,,2018,無
04748660,S,職業健康,職災事故,true,,2017,1
04748660,S,職業健康,工安意外,true,,2017,無
03084741,S,職業健康,職災事故,true,,2020,2
03084741,S,職業健康,工安意外,true,,2020,揭露大社廠重大工安事件
03084741,S,職業健康,職災事故,true,,2019,1
03084741,S,職業健康,工安意外,true,,2019,揭露頭份廠重大工安事件
03084741,S,職業健康,職災事故,true,,2018,無揭露
03084741,S,職業健康,工安意外,true,,2018,無揭露
03084741,S,職業健康,職災事故,true,,2017,無揭露
03084741,S,職業健康,工安意外,true,,2017,無揭露
51059101,S,職業健康,職災事故,true,,2020,NA
51059101,S,職業健康,工安意外,true,,2020,NA
51059101,S,職業健康,職災事故,true,,2019,NA
51059101,S,職業健康,工安意外,true,,2019,NA
51059101,S,職業健康,職災事故,true,,2018,NA
51059101,S,職業健康,工安意外,true,,2018,NA
51059101,S,職業健康,職災事故,true,,2017,NA
51059101,S,職業健康,工安意外,true,,2017,NA
15024509,S,職業健康,職災事故,true,,2020,NA
15024509,S,職業健康,工安意外,true,,2020,NA
15024509,S,職業健康,職災事故,true,,2019,NA
15024509,S,職業健康,工安意外,true,,2019,NA
15024509,S,職業健康,職災事故,true,,2018,NA
15024509,S,職業健康,工安意外,true,,2018,NA
15024509,S,職業健康,職災事故,true,,2017,NA
15024509,S,職業健康,工安意外,true,,2017,NA
68192103,S,職業健康,職災事故,true,,2020,13
68192103,S,職業健康,工安意外,true,,2020,無揭露
68192103,S,職業健康,職災事故,true,,2019,19
68192103,S,職業健康,工安意外,true,,2019,無揭露
68192103,S,職業健康,職災事故,true,,2018,18
68192103,S,職業健康,工安意外,true,,2018,無揭露
07147916,S,職業健康,職災事故,true,,2020,NA
07147916,S,職業健康,工安意外,true,,2020,NA
07147916,S,職業健康,職災事故,true,,2019,NA
07147916,S,職業健康,工安意外,true,,2019,NA
07147916,S,職業健康,職災事故,true,,2018,NA
07147916,S,職業健康,工安意外,true,,2018,NA
07147916,S,職業健康,職災事故,true,,2017,NA
07147916,S,職業健康,工安意外,true,,2017,NA
11455800,S,職業健康,職災事故,true,,2020,NA
11455800,S,職業健康,工安意外,true,,2020,NA
11455800,S,職業健康,職災事故,true,,2019,NA
11455800,S,職業健康,工安意外,true,,2019,NA
11455800,S,職業健康,職災事故,true,,2018,NA
11455800,S,職業健康,工安意外,true,,2018,NA
11455800,S,職業健康,職災事故,true,,2017,NA
11455800,S,職業健康,工安意外,true,,2017,NA
58650902,S,職業健康,職災事故,true,,2020,9
58650902,S,職業健康,工安意外,true,,2020,揭露火災事件
58650902,S,職業健康,職災事故,true,,2019,4
58650902,S,職業健康,工安意外,true,,2019,揭露火災事件
58650902,S,職業健康,職災事故,true,,2018,11
58650902,S,職業健康,工安意外,true,,2018,無火災
58650902,S,職業健康,職災事故,true,,2017,8
58650902,S,職業健康,工安意外,true,,2017,火災3件
03707901,S,職業健康,職災事故,true,,2020,4
03707901,S,職業健康,工安意外,true,,2020,無揭露
03707901,S,職業健康,職災事故,true,,2019,3
03707901,S,職業健康,工安意外,true,,2019,無揭露
03707901,S,職業健康,職災事故,true,,2018,無揭露
03707901,S,職業健康,工安意外,true,,2018,無揭露
03707901,S,職業健康,職災事故,true,,2017,無揭露
03707901,S,職業健康,工安意外,true,,2017,無揭露
26068617,S,職業健康,職災事故,true,,2020,NA
26068617,S,職業健康,工安意外,true,,2020,NA
26068617,S,職業健康,職災事故,true,,2019,NA
26068617,S,職業健康,工安意外,true,,2019,NA
26068617,S,職業健康,職災事故,true,,2018,NA
26068617,S,職業健康,工安意外,true,,2018,NA
26068617,S,職業健康,職災事故,true,,2017,NA
26068617,S,職業健康,工安意外,true,,2017,NA
37722768,S,職業健康,職災事故,true,,2020,NA
37722768,S,職業健康,工安意外,true,,2020,NA
37722768,S,職業健康,職災事故,true,,2019,NA
37722768,S,職業健康,工安意外,true,,2019,NA
37722768,S,職業健康,職災事故,true,,2018,NA
37722768,S,職業健康,工安意外,true,,2018,NA
37722768,S,職業健康,職災事故,true,,2017,NA
37722768,S,職業健康,工安意外,true,,2017,NA
82716171,S,職業健康,職災事故,true,,2020,NA
82716171,S,職業健康,工安意外,true,,2020,NA
82716171,S,職業健康,職災事故,true,,2019,NA
82716171,S,職業健康,工安意外,true,,2019,NA
82716171,S,職業健康,職災事故,true,,2018,NA
82716171,S,職業健康,工安意外,true,,2018,NA
82716171,S,職業健康,職災事故,true,,2017,NA
82716171,S,職業健康,工安意外,true,,2017,NA
89323361,S,職業健康,職災事故,true,,2020,NA
89323361,S,職業健康,工安意外,true,,2020,NA
89323361,S,職業健康,職災事故,true,,2019,NA
89323361,S,職業健康,工安意外,true,,2019,NA
89323361,S,職業健康,職災事故,true,,2018,NA
89323361,S,職業健康,工安意外,true,,2018,NA
89323361,S,職業健康,職災事故,true,,2017,NA
89323361,S,職業健康,工安意外,true,,2017,NA
35894259,S,職業健康,職災事故,true,,2020,29
35894259,S,職業健康,工安意外,true,,2020,無揭露
35894259,S,職業健康,職災事故,true,,2019,60
35894259,S,職業健康,工安意外,true,,2019,無揭露
35894259,S,職業健康,職災事故,true,,2018,34
35894259,S,職業健康,工安意外,true,,2018,無揭露
35894259,S,職業健康,職災事故,true,,2017,17
35894259,S,職業健康,工安意外,true,,2017,無揭露
11846954,S,職業健康,職災事故,true,,2020,NA
11846954,S,職業健康,工安意外,true,,2020,NA
11846954,S,職業健康,職災事故,true,,2019,NA
11846954,S,職業健康,工安意外,true,,2019,NA
11846954,S,職業健康,職災事故,true,,2018,NA
11846954,S,職業健康,工安意外,true,,2018,NA
11846954,S,職業健康,職災事故,true,,2017,NA
11846954,S,職業健康,工安意外,true,,2017,NA
86522210,S,職業健康,職災事故,true,,2020,2
86522210,S,職業健康,工安意外,true,,2020,揭露火災爆炸
86522210,S,職業健康,職災事故,true,,2019,6
86522210,S,職業健康,工安意外,true,,2019,揭露火災爆炸
86522210,S,職業健康,職災事故,true,,2018,2
86522210,S,職業健康,工安意外,true,,2018,NA
86522210,S,職業健康,職災事故,true,,2017,2
86522210,S,職業健康,工安意外,true,,2017,NA
86120031,S,職業健康,職災事故,true,,2018,NA
86120031,S,職業健康,工安意外,true,,2018,NA
86120031,S,職業健康,職災事故,true,,2019,NA
86120031,S,職業健康,工安意外,true,,2019,NA
89323361,G,資本額,資本額,,元,2020,306055800
89323361,G,資本額,資本額,,元,2019,306055800
58650902,G,資本額,資本額,,元,2020,58611862910
58650902,G,資本額,資本額,,元,2019,58611862910
11846954,G,資本額,資本額,,元,2020,275150000
11846954,G,資本額,資本額,,元,2019,275150000
22318678,G,資本額,資本額,,元,2020,22660929670
22318678,G,資本額,資本額,,元,2019,22660929670
57104700,G,資本額,資本額,,元,2020,623000000
57104700,G,資本額,資本額,,元,2019,623000000
51059101,G,資本額,資本額,,元,2020,1386000000
51059101,G,資本額,資本額,,元,2019,1386000000
11455800,G,資本額,資本額,,元,2020,852811980
11455800,G,資本額,資本額,,元,2019,852811980
07147916,G,資本額,資本額,,元,2020,751218000
07147916,G,資本額,資本額,,元,2019,751218000
86120031,G,資本額,資本額,,元,2020,1319599250
86120031,G,資本額,資本額,,元,2019,1319599250
20844865,G,資本額,資本額,,元,2020,5278697640
20844865,G,資本額,資本額,,元,2019,5278697640
12413104,G,資本額,資本額,,元,2020,360380650
12413104,G,資本額,資本額,,元,2019,360380650
35894259,G,資本額,資本額,,元,2020,6380540180
35894259,G,資本額,資本額,,元,2019,6380540180
14040691,G,資本額,資本額,,元,2020,6883970000
14040691,G,資本額,資本額,,元,2019,6883970000
11686106,G,資本額,資本額,,元,2020,5810504940
11686106,G,資本額,資本額,,元,2019,5810504940
11893409,G,資本額,資本額,,元,2020,3786541410
11893409,G,資本額,資本額,,元,2019,3786541410
04748660,G,資本額,資本額,,元,2020,13323476070
04748660,G,資本額,資本額,,元,2019,13323476070
15024509,G,資本額,資本額,,元,2020,2272282000
15024509,G,資本額,資本額,,元,2019,2272282000
68192103,G,資本額,資本額,,元,2020,912745540
68192103,G,資本額,資本額,,元,2019,912745540
72104709,G,資本額,資本額,,元,2020,700000000
72104709,G,資本額,資本額,,元,2019,700000000
73644351,G,資本額,資本額,,元,2020,1477160000
73644351,G,資本額,資本額,,元,2019,1477160000
22281617,G,資本額,資本額,,元,2020,550140000
22281617,G,資本額,資本額,,元,2019,550140000
86522210,G,資本額,資本額,,元,2020,95259596520
86522210,G,資本額,資本額,,元,2019,95259596520
83387850,G,資本額,資本額,,元,2020,3978181260
83387850,G,資本額,資本額,,元,2019,3978181260
11917107,G,資本額,資本額,,元,2020,11887635000
11917107,G,資本額,資本額,,元,2019,11887635000
75708007,G,資本額,資本額,,元,2020,63657407810
75708007,G,資本額,資本額,,元,2019,63657407810
75370905,G,資本額,資本額,,元,2020,79308215890
75370905,G,資本額,資本額,,元,2019,79308215890
03084741,G,資本額,資本額,,元,2020,37848501300
03084741,G,資本額,資本額,,元,2019,37848501300
04212250,G,資本額,資本額,,元,2020,9266203000
04212250,G,資本額,資本額,,元,2019,9266203000
42818882,G,資本額,資本額,,元,2020,879309900
42818882,G,資本額,資本額,,元,2019,879309900
19084015,G,資本額,資本額,,元,2020,2754097610
19084015,G,資本額,資本額,,元,2019,2754097610
20747385,G,資本額,資本額,,元,2020,5937439190
20747385,G,資本額,資本額,,元,2019,5937439190
03707901,G,資本額,資本額,,元,2020,130100000000
03707901,G,資本額,資本額,,元,2019,130100000000
75708007,G,是否產製CSR報告,是否編撰報告書,true,,2020,有
75708007,G,是否產製CSR報告,是否編撰報告書,true,,2019,有
75708007,G,是否產製CSR報告,是否編撰報告書,true,,2018,有
75708007,G,是否產製CSR報告,是否編撰報告書,true,,2017,有
75370905,G,是否產製CSR報告,是否編撰報告書,true,,2020,有
75370905,G,是否產製CSR報告,是否編撰報告書,true,,2019,有
75370905,G,是否產製CSR報告,是否編撰報告書,true,,2018,有
75370905,G,是否產製CSR報告,是否編撰報告書,true,,2017,有
11917107,G,是否產製CSR報告,是否編撰報告書,true,,2020,有
11917107,G,是否產製CSR報告,是否編撰報告書,true,,2019,有
11917107,G,是否產製CSR報告,是否編撰報告書,true,,2018,有
11917107,G,是否產製CSR報告,是否編撰報告書,true,,2017,有
11686106,G,是否產製CSR報告,是否編撰報告書,true,,2020,有
11686106,G,是否產製CSR報告,是否編撰報告書,true,,2019,有
11686106,G,是否產製CSR報告,是否編撰報告書,true,,2018,有
11686106,G,是否產製CSR報告,是否編撰報告書,true,,2017,有
83387850,G,是否產製CSR報告,是否編撰報告書,true,,2020,無須編撰
83387850,G,是否產製CSR報告,是否編撰報告書,true,,2019,無須編撰
83387850,G,是否產製CSR報告,是否編撰報告書,true,,2018,無須編撰
83387850,G,是否產製CSR報告,是否編撰報告書,true,,2017,無須編撰
20747385,G,是否產製CSR報告,是否編撰報告書,true,,2020,有
20747385,G,是否產製CSR報告,是否編撰報告書,true,,2019,有
20747385,G,是否產製CSR報告,是否編撰報告書,true,,2018,有
20747385,G,是否產製CSR報告,是否編撰報告書,true,,2017,有
11893409,G,是否產製CSR報告,是否編撰報告書,true,,2020,有
11893409,G,是否產製CSR報告,是否編撰報告書,true,,2019,有
11893409,G,是否產製CSR報告,是否編撰報告書,true,,2018,有
11893409,G,是否產製CSR報告,是否編撰報告書,true,,2017,有
20844865,G,是否產製CSR報告,是否編撰報告書,true,,2020,有
20844865,G,是否產製CSR報告,是否編撰報告書,true,,2019,有
20844865,G,是否產製CSR報告,是否編撰報告書,true,,2018,有
20844865,G,是否產製CSR報告,是否編撰報告書,true,,2017,有
04212250,G,是否產製CSR報告,是否編撰報告書,true,,2020,有
04212250,G,是否產製CSR報告,是否編撰報告書,true,,2019,有
04212250,G,是否產製CSR報告,是否編撰報告書,true,,2018,有
04212250,G,是否產製CSR報告,是否編撰報告書,true,,2017,有
04748660,G,是否產製CSR報告,是否編撰報告書,true,,2020,有
04748660,G,是否產製CSR報告,是否編撰報告書,true,,2019,有
04748660,G,是否產製CSR報告,是否編撰報告書,true,,2018,有
04748660,G,是否產製CSR報告,是否編撰報告書,true,,2017,有
03084741,G,是否產製CSR報告,是否編撰報告書,true,,2020,有
03084741,G,是否產製CSR報告,是否編撰報告書,true,,2019,有
03084741,G,是否產製CSR報告,是否編撰報告書,true,,2018,有
03084741,G,是否產製CSR報告,是否編撰報告書,true,,2017,有
51059101,G,是否產製CSR報告,是否編撰報告書,true,,2020,無須編撰
51059101,G,是否產製CSR報告,是否編撰報告書,true,,2019,無須編撰
51059101,G,是否產製CSR報告,是否編撰報告書,true,,2018,無須編撰
51059101,G,是否產製CSR報告,是否編撰報告書,true,,2017,無須編撰
15024509,G,是否產製CSR報告,是否編撰報告書,true,,2020,無須編撰
15024509,G,是否產製CSR報告,是否編撰報告書,true,,2019,無須編撰
15024509,G,是否產製CSR報告,是否編撰報告書,true,,2018,無須編撰
15024509,G,是否產製CSR報告,是否編撰報告書,true,,2017,無須編撰
68192103,G,是否產製CSR報告,是否編撰報告書,true,,2020,有
68192103,G,是否產製CSR報告,是否編撰報告書,true,,2019,有
68192103,G,是否產製CSR報告,是否編撰報告書,true,,2018,有
68192103,G,是否產製CSR報告,是否編撰報告書,true,,2017,無須編撰
07147916,G,是否產製CSR報告,是否編撰報告書,true,,2020,無須編撰
07147916,G,是否產製CSR報告,是否編撰報告書,true,,2019,無須編撰
07147916,G,是否產製CSR報告,是否編撰報告書,true,,2018,無須編撰
07147916,G,是否產製CSR報告,是否編撰報告書,true,,2017,無須編撰
11455800,G,是否產製CSR報告,是否編撰報告書,true,,2020,無須編撰
11455800,G,是否產製CSR報告,是否編撰報告書,true,,2019,無須編撰
11455800,G,是否產製CSR報告,是否編撰報告書,true,,2018,無須編撰
11455800,G,是否產製CSR報告,是否編撰報告書,true,,2017,無須編撰
58650902,G,是否產製CSR報告,是否編撰報告書,true,,2020,有
58650902,G,是否產製CSR報告,是否編撰報告書,true,,2019,有
58650902,G,是否產製CSR報告,是否編撰報告書,true,,2018,有
58650902,G,是否產製CSR報告,是否編撰報告書,true,,2017,有
03707901,G,是否產製CSR報告,是否編撰報告書,true,,2020,有
03707901,G,是否產製CSR報告,是否編撰報告書,true,,2019,有
03707901,G,是否產製CSR報告,是否編撰報告書,true,,2018,有
03707901,G,是否產製CSR報告,是否編撰報告書,true,,2017,有
26068617,G,是否產製CSR報告,是否編撰報告書,true,,2020,無須編撰
26068617,G,是否產製CSR報告,是否編撰報告書,true,,2019,無須編撰
26068617,G,是否產製CSR報告,是否編撰報告書,true,,2018,無須編撰
26068617,G,是否產製CSR報告,是否編撰報告書,true,,2017,無須編撰
37722768,G,是否產製CSR報告,是否編撰報告書,true,,2020,無須編撰
37722768,G,是否產製CSR報告,是否編撰報告書,true,,2019,無須編撰
37722768,G,是否產製CSR報告,是否編撰報告書,true,,2018,無須編撰
37722768,G,是否產製CSR報告,是否編撰報告書,true,,2017,無須編撰
82716171,G,是否產製CSR報告,是否編撰報告書,true,,2020,無須編撰
82716171,G,是否產製CSR報告,是否編撰報告書,true,,2019,無須編撰
82716171,G,是否產製CSR報告,是否編撰報告書,true,,2018,無須編撰
82716171,G,是否產製CSR報告,是否編撰報告書,true,,2017,無須編撰
89323361,G,是否產製CSR報告,是否編撰報告書,true,,2020,無須編撰
89323361,G,是否產製CSR報告,是否編撰報告書,true,,2019,無須編撰
89323361,G,是否產製CSR報告,是否編撰報告書,true,,2018,無須編撰
89323361,G,是否產製CSR報告,是否編撰報告書,true,,2017,無須編撰
35894259,G,是否產製CSR報告,是否編撰報告書,true,,2020,有
35894259,G,是否產製CSR報告,是否編撰報告書,true,,2019,有
35894259,G,是否產製CSR報告,是否編撰報告書,true,,2018,有
35894259,G,是否產製CSR報告,是否編撰報告書,true,,2017,有
11846954,G,是否產製CSR報告,是否編撰報告書,true,,2020,無須編撰
11846954,G,是否產製CSR報告,是否編撰報告書,true,,2019,無須編撰
11846954,G,是否產製CSR報告,是否編撰報告書,true,,2018,無須編撰
11846954,G,是否產製CSR報告,是否編撰報告書,true,,2017,無須編撰
86522210,G,是否產製CSR報告,是否編撰報告書,true,,2020,有
86522210,G,是否產製CSR報告,是否編撰報告書,true,,2019,有
86522210,G,是否產製CSR報告,是否編撰報告書,true,,2018,有
86522210,G,是否產製CSR報告,是否編撰報告書,true,,2017,有
86120031,G,是否產製CSR報告,是否編撰報告書,true,,2018,有
86120031,G,是否產製CSR報告,是否編撰報告書,true,,2019,有
75708007,G,營運狀況,營業收入,,仟元,2020,185813405
75708007,G,營運狀況,營業成本,,仟元,2020,156759121
75708007,G,營運狀況,營業費用,,仟元,2020,11955069
75708007,G,營運狀況,淨利,,仟元,2020,20036199
75370905,G,營運狀況,營業收入,,仟元,2020,273353806
75370905,G,營運狀況,營業成本,,仟元,2020,233757221
75370905,G,營運狀況,營業費用,,仟元,2020,18375808
75370905,G,營運狀況,淨利,,仟元,2020,26888091
11917107,G,營運狀況,營業收入,,仟元,2020,50201273
11917107,G,營運狀況,營業成本,,仟元,2020,39721391
11917107,G,營運狀況,營業費用,,仟元,2020,3583866
11917107,G,營運狀況,淨利,,仟元,2020,5682637
11686106,G,營運狀況,營業收入,,仟元,2020,13733148
11686106,G,營運狀況,營業成本,,仟元,2020,10373858
11686106,G,營運狀況,營業費用,,仟元,2020,1205738
11686106,G,營運狀況,淨利,,仟元,2020,1791710
83387850,G,營運狀況,營業收入,,仟元,2020,8441756
83387850,G,營運狀況,營業成本,,仟元,2020,6578085
83387850,G,營運狀況,營業費用,,仟元,2020,1365320
83387850,G,營運狀況,淨利,,仟元,2020,218012
20747385,G,營運狀況,營業收入,,仟元,2020,5703546
20747385,G,營運狀況,營業成本,,仟元,2020,4574394
20747385,G,營運狀況,營業費用,,仟元,2020,206849
20747385,G,營運狀況,淨利,,仟元,2020,1103587
11893409,G,營運狀況,營業收入,,仟元,2020,15498381
11893409,G,營運狀況,營業成本,,仟元,2020,12375109
11893409,G,營運狀況,營業費用,,仟元,2020,701809
11893409,G,營運狀況,淨利,,仟元,2020,1919818
20844865,G,營運狀況,營業收入,,仟元,2020,8113225
20844865,G,營運狀況,營業成本,,仟元,2020,7808122
20844865,G,營運狀況,營業費用,,仟元,2020,214775
20844865,G,營運狀況,淨利,,仟元,2020,289723
04212250,G,營運狀況,營業收入,,仟元,2020,16575784
04212250,G,營運狀況,營業成本,,仟元,2020,13468788
04212250,G,營運狀況,營業費用,,仟元,2020,1350118
04212250,G,營運狀況,淨利,,仟元,2020,4320555
04748660,G,營運狀況,營業收入,,仟元,2020,51866839
04748660,G,營運狀況,營業成本,,仟元,2020,47232128
04748660,G,營運狀況,營業費用,,仟元,2020,2361501
04748660,G,營運狀況,淨利,,仟元,2020,2134320
03084741,G,營運狀況,營業收入,,仟元,2020,17583092
03084741,G,營運狀況,營業成本,,仟元,2020,17544864
03084741,G,營運狀況,營業費用,,仟元,2020,1851106
03084741,G,營運狀況,淨利,,仟元,2020,674660
51059101,G,營運狀況,營業收入,,仟元,2020,2233540
51059101,G,營運狀況,營業成本,,仟元,2020,1851340
51059101,G,營運狀況,營業費用,,仟元,2020,344167
51059101,G,營運狀況,淨利,,仟元,2020,5430211
15024509,G,營運狀況,營業收入,,仟元,2020,4980018
15024509,G,營運狀況,營業成本,,仟元,2020,4379893
15024509,G,營運狀況,營業費用,,仟元,2020,367431
15024509,G,營運狀況,淨利,,仟元,2020,715152
68192103,G,營運狀況,營業收入,,仟元,2020,3406532
68192103,G,營運狀況,營業成本,,仟元,2020,2545751
68192103,G,營運狀況,營業費用,,仟元,2020,398898
68192103,G,營運狀況,淨利,,仟元,2020,353094
07147916,G,營運狀況,營業收入,,仟元,2020,1055758
07147916,G,營運狀況,營業成本,,仟元,2020,872444
07147916,G,營運狀況,營業費用,,仟元,2020,167215
07147916,G,營運狀況,淨利,,仟元,2020,16364
11455800,G,營運狀況,營業收入,,仟元,2020,4056858
11455800,G,營運狀況,營業成本,,仟元,2020,1350793
11455800,G,營運狀況,營業費用,,仟元,2020,181338
11455800,G,營運狀況,淨利,,仟元,2020,2014576
58650902,G,營運狀況,營業收入,,仟元,2020,253294668
58650902,G,營運狀況,營業成本,,仟元,2020,223762600
58650902,G,營運狀況,營業費用,,仟元,2020,14208448
58650902,G,營運狀況,淨利,,仟元,2020,21553709
03707901,G,營運狀況,營業收入,,仟元,2020,721700943
03707901,G,營運狀況,營業成本,,仟元,2020,712267229
03707901,G,營運狀況,營業費用,,仟元,2020,20153836
03707901,G,營運狀況,淨利,,仟元,2020,-7341553
26068617,G,營運狀況,營業收入,,仟元,2020,1008157
26068617,G,營運狀況,營業成本,,仟元,2020,1486319
26068617,G,營運狀況,營業費用,,仟元,2020,871088
26068617,G,營運狀況,淨利,,仟元,2020,-1312802
37722768,G,營運狀況,營業收入,,仟元,2020,656406
37722768,G,營運狀況,營業成本,,仟元,2020,916105
37722768,G,營運狀況,營業費用,,仟元,2020,141212
37722768,G,營運狀況,淨利,,仟元,2020,-389742
82716171,G,營運狀況,營業收入,,仟元,2020,2664416
82716171,G,營運狀況,營業成本,,仟元,2020,2036482
82716171,G,營運狀況,營業費用,,仟元,2020,234370
82716171,G,營運狀況,淨利,,仟元,2020,310881
89323361,G,營運狀況,營業收入,,仟元,2020,228205
89323361,G,營運狀況,營業成本,,仟元,2020,177818
89323361,G,營運狀況,營業費用,,仟元,2020,40403
89323361,G,營運狀況,淨利,,仟元,2020,8513
35894259,G,營運狀況,營業收入,,仟元,2020,13948716
35894259,G,營運狀況,營業成本,,仟元,2020,11649517
35894259,G,營運狀況,營業費用,,仟元,2020,1586899
35894259,G,營運狀況,淨利,,仟元,2020,778905
11846954,G,營運狀況,營業收入,,仟元,2020,1456473
11846954,G,營運狀況,營業成本,,仟元,2020,1139499
11846954,G,營運狀況,營業費用,,仟元,2020,260311
11846954,G,營運狀況,淨利,,仟元,2020,39914
86522210,G,營運狀況,營業收入,,仟元,2020,415281764
86522210,G,營運狀況,營業成本,,仟元,2020,402313818
86522210,G,營運狀況,營業費用,,仟元,2020,10199178
86522210,G,營運狀況,淨利,,仟元,2020,7372455
75708007,G,營運狀況,營業收入,,仟元,2019,207848572
75708007,G,營運狀況,營業成本,,仟元,2019,175734622
75708007,G,營運狀況,營業費用,,仟元,2019,11917584
75708007,G,營運狀況,淨利,,仟元,2019,37324162
75370905,G,營運狀況,營業收入,,仟元,2019,286303059
75370905,G,營運狀況,營業成本,,仟元,2019,258172796
75370905,G,營運狀況,營業費用,,仟元,2019,18251842
75370905,G,營運狀況,淨利,,仟元,2019,23209523
11917107,G,營運狀況,營業收入,,仟元,2019,55656741
11917107,G,營運狀況,營業成本,,仟元,2019,48924372
11917107,G,營運狀況,營業費用,,仟元,2019,3800636
11917107,G,營運狀況,淨利,,仟元,2019,2545401
11686106,G,營運狀況,營業收入,,仟元,2019,15117855
11686106,G,營運狀況,營業成本,,仟元,2019,13148375
11686106,G,營運狀況,營業費用,,仟元,2019,1195581
11686106,G,營運狀況,淨利,,仟元,2019,697990
83387850,G,營運狀況,營業收入,,仟元,2019,10271411
83387850,G,營運狀況,營業成本,,仟元,2019,7904038
83387850,G,營運狀況,營業費用,,仟元,2019,1716283
83387850,G,營運狀況,淨利,,仟元,2019,430420
20747385,G,營運狀況,營業收入,,仟元,2019,6791157
20747385,G,營運狀況,營業成本,,仟元,2019,5755709
20747385,G,營運狀況,營業費用,,仟元,2019,237041
20747385,G,營運狀況,淨利,,仟元,2019,821021
11893409,G,營運狀況,營業收入,,仟元,2019,17672204
11893409,G,營運狀況,營業成本,,仟元,2019,16426138
11893409,G,營運狀況,營業費用,,仟元,2019,731401
11893409,G,營運狀況,淨利,,仟元,2019,397977
20844865,G,營運狀況,營業收入,,仟元,2019,12219389
20844865,G,營運狀況,營業成本,,仟元,2019,10827452
20844865,G,營運狀況,營業費用,,仟元,2019,321257
20844865,G,營運狀況,淨利,,仟元,2019,881756
04212250,G,營運狀況,營業收入,,仟元,2019,20468229
04212250,G,營運狀況,營業成本,,仟元,2019,17829140
04212250,G,營運狀況,營業費用,,仟元,2019,1268878
04212250,G,營運狀況,淨利,,仟元,2019,2176211
04748660,G,營運狀況,營業收入,,仟元,2019,62714942
04748660,G,營運狀況,營業成本,,仟元,2019,60653888
04748660,G,營運狀況,營業費用,,仟元,2019,2415242
04748660,G,營運狀況,淨利,,仟元,2019,-140376
03084741,G,營運狀況,營業收入,,仟元,2019,29624094
03084741,G,營運狀況,營業成本,,仟元,2019,27996514
03084741,G,營運狀況,營業費用,,仟元,2019,2036600
03084741,G,營運狀況,淨利,,仟元,2019,1733635
51059101,G,營運狀況,營業收入,,仟元,2019,2440599
51059101,G,營運狀況,營業成本,,仟元,2019,2034682
51059101,G,營運狀況,營業費用,,仟元,2019,364219
51059101,G,營運狀況,淨利,,仟元,2019,698140
15024509,G,營運狀況,營業收入,,仟元,2019,4656690
15024509,G,營運狀況,營業成本,,仟元,2019,4446989
15024509,G,營運狀況,營業費用,,仟元,2019,322560
15024509,G,營運狀況,淨利,,仟元,2019,117087
68192103,G,營運狀況,營業收入,,仟元,2019,3639735
68192103,G,營運狀況,營業成本,,仟元,2019,2770336
68192103,G,營運狀況,營業費用,,仟元,2019,418385
68192103,G,營運狀況,淨利,,仟元,2019,353283
07147916,G,營運狀況,營業收入,,仟元,2019,1136341
07147916,G,營運狀況,營業成本,,仟元,2019,951114
07147916,G,營運狀況,營業費用,,仟元,2019,175395
07147916,G,營運狀況,淨利,,仟元,2019,3194
11455800,G,營運狀況,營業收入,,仟元,2019,772775
11455800,G,營運狀況,營業成本,,仟元,2019,689096
11455800,G,營運狀況,營業費用,,仟元,2019,50105
11455800,G,營運狀況,淨利,,仟元,2019,34691
58650902,G,營運狀況,營業收入,,仟元,2019,315499063
58650902,G,營運狀況,營業成本,,仟元,2019,283442024
58650902,G,營運狀況,營業費用,,仟元,2019,15567083
58650902,G,營運狀況,淨利,,仟元,2019,34448357
03707901,G,營運狀況,營業收入,,仟元,2019,1014108034
03707901,G,營運狀況,營業成本,,仟元,2019,956348204
03707901,G,營運狀況,營業費用,,仟元,2019,21546875
03707901,G,營運狀況,淨利,,仟元,2019,32442819
26068617,G,營運狀況,營業收入,,仟元,2019,1258400
26068617,G,營運狀況,營業成本,,仟元,2019,1527022
26068617,G,營運狀況,營業費用,,仟元,2019,394339
26068617,G,營運狀況,淨利,,仟元,2019,-642026
37722768,G,營運狀況,營業收入,,仟元,2019,1157023
37722768,G,營運狀況,營業成本,,仟元,2019,1370878
37722768,G,營運狀況,營業費用,,仟元,2019,156140
37722768,G,營運狀況,淨利,,仟元,2019,-438324
82716171,G,營運狀況,營業收入,,仟元,2019,3021131
82716171,G,營運狀況,營業成本,,仟元,2019,2394825
82716171,G,營運狀況,營業費用,,仟元,2019,266299
82716171,G,營運狀況,淨利,,仟元,2019,281172
89323361,G,營運狀況,營業收入,,仟元,2019,370319
89323361,G,營運狀況,營業成本,,仟元,2019,265254
89323361,G,營運狀況,營業費用,,仟元,2019,58180
89323361,G,營運狀況,淨利,,仟元,2019,37935
35894259,G,營運狀況,營業收入,,仟元,2019,16177441
35894259,G,營運狀況,營業成本,,仟元,2019,14293020
35894259,G,營運狀況,營業費用,,仟元,2019,1676461
35894259,G,營運狀況,淨利,,仟元,2019,-564376
11846954,G,營運狀況,營業收入,,仟元,2019,1520201
11846954,G,營運狀況,營業成本,,仟元,2019,1238802
11846954,G,營運狀況,營業費用,,仟元,2019,228040
11846954,G,營運狀況,淨利,,仟元,2019,24343
86522210,G,營運狀況,營業收入,,仟元,2019,646022809
86522210,G,營運狀況,營業成本,,仟元,2019,598303798
86522210,G,營運狀況,營業費用,,仟元,2019,10933355
86522210,G,營運狀況,淨利,,仟元,2019,36748173
75708007,G,營運狀況,營業收入,,仟元,2018,230370027
75708007,G,營運狀況,營業成本,,仟元,2018,193061959
75708007,G,營運狀況,營業費用,,仟元,2018,11966756
75708007,G,營運狀況,淨利,,仟元,2018,49549540
75370905,G,營運狀況,營業收入,,仟元,2018,333061560
75370905,G,營運狀況,營業成本,,仟元,2018,284054265
75370905,G,營運狀況,營業費用,,仟元,2018,19642812
75370905,G,營運狀況,淨利,,仟元,2018,52658851
11917107,G,營運狀況,營業收入,,仟元,2018,60892513
11917107,G,營運狀況,營業成本,,仟元,2018,55097773
11917107,G,營運狀況,營業費用,,仟元,2018,3861941
11917107,G,營運狀況,淨利,,仟元,2018,1875816
11686106,G,營運狀況,營業收入,,仟元,2018,15192621
11686106,G,營運狀況,營業成本,,仟元,2018,12490058
11686106,G,營運狀況,營業費用,,仟元,2018,1129640
11686106,G,營運狀況,淨利,,仟元,2018,1356120
83387850,G,營運狀況,營業收入,,仟元,2018,9492260
83387850,G,營運狀況,營業成本,,仟元,2018,7564352
83387850,G,營運狀況,營業費用,,仟元,2018,1547231
83387850,G,營運狀況,淨利,,仟元,2018,302933
20747385,G,營運狀況,營業收入,,仟元,2018,6375134
20747385,G,營運狀況,營業成本,,仟元,2018,6090668
20747385,G,營運狀況,營業費用,,仟元,2018,212484
20747385,G,營運狀況,淨利,,仟元,2018,286826
11893409,G,營運狀況,營業收入,,仟元,2018,21683702
11893409,G,營運狀況,營業成本,,仟元,2018,20639959
11893409,G,營運狀況,營業費用,,仟元,2018,766125
11893409,G,營運狀況,淨利,,仟元,2018,207973
20844865,G,營運狀況,營業收入,,仟元,2018,15382654
20844865,G,營運狀況,營業成本,,仟元,2018,13405660
20844865,G,營運狀況,營業費用,,仟元,2018,441995
20844865,G,營運狀況,淨利,,仟元,2018,1186794
04212250,G,營運狀況,營業收入,,仟元,2018,24741138
04212250,G,營運狀況,營業成本,,仟元,2018,20685790
04212250,G,營運狀況,營業費用,,仟元,2018,1316510
04212250,G,營運狀況,淨利,,仟元,2018,3150741
04748660,G,營運狀況,營業收入,,仟元,2018,61258498
04748660,G,營運狀況,營業成本,,仟元,2018,58153633
04748660,G,營運狀況,營業費用,,仟元,2018,2026579
04748660,G,營運狀況,淨利,,仟元,2018,753610
03084741,G,營運狀況,營業收入,,仟元,2018,38503121
03084741,G,營運狀況,營業成本,,仟元,2018,33326959
03084741,G,營運狀況,營業費用,,仟元,2018,2101077
03084741,G,營運狀況,淨利,,仟元,2018,4280995
51059101,G,營運狀況,營業收入,,仟元,2018,2543342
51059101,G,營運狀況,營業成本,,仟元,2018,2161263
51059101,G,營運狀況,營業費用,,仟元,2018,390973
51059101,G,營運狀況,淨利,,仟元,2018,229871
15024509,G,營運狀況,營業收入,,仟元,2018,4777348
15024509,G,營運狀況,營業成本,,仟元,2018,4590598
15024509,G,營運狀況,營業費用,,仟元,2018,342080
15024509,G,營運狀況,淨利,,仟元,2018,-71794
68192103,G,營運狀況,營業收入,,仟元,2018,3759197
68192103,G,營運狀況,營業成本,,仟元,2018,2864593
68192103,G,營運狀況,營業費用,,仟元,2018,421573
68192103,G,營運狀況,淨利,,仟元,2018,361844
07147916,G,營運狀況,營業收入,,仟元,2018,1137469
07147916,G,營運狀況,營業成本,,仟元,2018,959230
07147916,G,營運狀況,營業費用,,仟元,2018,176667
07147916,G,營運狀況,淨利,,仟元,2018,1195
11455800,G,營運狀況,營業收入,,仟元,2018,914449
11455800,G,營運狀況,營業成本,,仟元,2018,812852
11455800,G,營運狀況,營業費用,,仟元,2018,52782
11455800,G,營運狀況,淨利,,仟元,2018,59922
58650902,G,營運狀況,營業收入,,仟元,2018,407859765
58650902,G,營運狀況,營業成本,,仟元,2018,354287425
58650902,G,營運狀況,營業費用,,仟元,2018,15222276
58650902,G,營運狀況,淨利,,仟元,2018,55441018
03707901,G,營運狀況,營業收入,,仟元,2018,1034575286
03707901,G,營運狀況,營業成本,,仟元,2018,968517142
03707901,G,營運狀況,營業費用,,仟元,2018,20340803
03707901,G,營運狀況,淨利,,仟元,2018,34293237
26068617,G,營運狀況,營業收入,,仟元,2018,1464797
26068617,G,營運狀況,營業成本,,仟元,2018,2241085
26068617,G,營運狀況,營業費用,,仟元,2018,1044074
26068617,G,營運狀況,淨利,,仟元,2018,-1888426
37722768,G,營運狀況,營業收入,,仟元,2018,2071989
37722768,G,營運狀況,營業成本,,仟元,2018,1722629
37722768,G,營運狀況,營業費用,,仟元,2018,222202
37722768,G,營運狀況,淨利,,仟元,2018,134699
82716171,G,營運狀況,營業收入,,仟元,2018,2902091
82716171,G,營運狀況,營業成本,,仟元,2018,2401269
82716171,G,營運狀況,營業費用,,仟元,2018,282813
82716171,G,營運狀況,淨利,,仟元,2018,150847
35894259,G,營運狀況,營業收入,,仟元,2018,19810468
35894259,G,營運狀況,營業成本,,仟元,2018,17524456
35894259,G,營運狀況,營業費用,,仟元,2018,1706509
35894259,G,營運狀況,淨利,,仟元,2018,526652
11846954,G,營運狀況,營業收入,,仟元,2018,1726693
11846954,G,營運狀況,營業成本,,仟元,2018,1420896
11846954,G,營運狀況,營業費用,,仟元,2018,232786
11846954,G,營運狀況,淨利,,仟元,2018,38931
86522210,G,營運狀況,營業收入,,仟元,2018,767550218
86522210,G,營運狀況,營業成本,,仟元,2018,689934663
86522210,G,營運狀況,營業費用,,仟元,2018,11146231
86522210,G,營運狀況,淨利,,仟元,2018,60070831
75708007,G,營運狀況,營業收入,,仟元,2017,206709755
75708007,G,營運狀況,營業成本,,仟元,2017,173240579
75708007,G,營運狀況,營業費用,,仟元,2017,11530980
75708007,G,營運狀況,淨利,,仟元,2017,49382853
75370905,G,營運狀況,營業收入,,仟元,2017,306139952
75370905,G,營運狀況,營業成本,,仟元,2017,256205610
75370905,G,營運狀況,營業費用,,仟元,2017,20117506
75370905,G,營運狀況,淨利,,仟元,2017,53974776
11917107,G,營運狀況,營業收入,,仟元,2017,58133943
11917107,G,營運狀況,營業成本,,仟元,2017,51007011
11917107,G,營運狀況,營業費用,,仟元,2017,3749265
11917107,G,營運狀況,淨利,,仟元,2017,2709853
11686106,G,營運狀況,營業收入,,仟元,2017,14701741
11686106,G,營運狀況,營業成本,,仟元,2017,11924810
11686106,G,營運狀況,營業費用,,仟元,2017,1126143
11686106,G,營運狀況,淨利,,仟元,2017,1339274
83387850,G,營運狀況,營業收入,,仟元,2017,9855355
83387850,G,營運狀況,營業成本,,仟元,2017,6951630
83387850,G,營運狀況,營業費用,,仟元,2017,1664746
83387850,G,營運狀況,淨利,,仟元,2017,901060
20747385,G,營運狀況,營業收入,,仟元,2017,6404467
20747385,G,營運狀況,營業成本,,仟元,2017,5707391
20747385,G,營運狀況,營業費用,,仟元,2017,226186
20747385,G,營運狀況,淨利,,仟元,2017,565354
11893409,G,營運狀況,營業收入,,仟元,2017,19821042
11893409,G,營運狀況,營業成本,,仟元,2017,18387338
11893409,G,營運狀況,營業費用,,仟元,2017,757758
11893409,G,營運狀況,淨利,,仟元,2017,502079
20844865,G,營運狀況,營業收入,,仟元,2017,14750826
20844865,G,營運狀況,營業成本,,仟元,2017,13061610
20844865,G,營運狀況,營業費用,,仟元,2017,406553
20844865,G,營運狀況,淨利,,仟元,2017,984593
04212250,G,營運狀況,營業收入,,仟元,2017,23350965
04212250,G,營運狀況,營業成本,,仟元,2017,19556980
04212250,G,營運狀況,營業費用,,仟元,2017,1310168
04212250,G,營運狀況,淨利,,仟元,2017,3447650
04748660,G,營運狀況,營業收入,,仟元,2017,50600125
04748660,G,營運狀況,營業成本,,仟元,2017,46739774
04748660,G,營運狀況,營業費用,,仟元,2017,1865439
04748660,G,營運狀況,淨利,,仟元,2017,2342413
03084741,G,營運狀況,營業收入,,仟元,2017,33335970
03084741,G,營運狀況,營業成本,,仟元,2017,27964951
03084741,G,營運狀況,營業費用,,仟元,2017,1787545
03084741,G,營運狀況,淨利,,仟元,2017,6087322
51059101,G,營運狀況,營業收入,,仟元,2017,2654707
51059101,G,營運狀況,營業成本,,仟元,2017,2211050
51059101,G,營運狀況,營業費用,,仟元,2017,401973
51059101,G,營運狀況,淨利,,仟元,2017,168251
15024509,G,營運狀況,營業收入,,仟元,2017,4467046
15024509,G,營運狀況,營業成本,,仟元,2017,4215125
15024509,G,營運狀況,營業費用,,仟元,2017,334370
15024509,G,營運狀況,淨利,,仟元,2017,-81431
68192103,G,營運狀況,營業收入,,仟元,2017,3241637
68192103,G,營運狀況,營業成本,,仟元,2017,2475325
68192103,G,營運狀況,營業費用,,仟元,2017,361429
68192103,G,營運狀況,淨利,,仟元,2017,313835
07147916,G,營運狀況,營業收入,,仟元,2017,1227153
07147916,G,營運狀況,營業成本,,仟元,2017,1040344
07147916,G,營運狀況,營業費用,,仟元,2017,203519
07147916,G,營運狀況,淨利,,仟元,2017,60286
11455800,G,營運狀況,營業收入,,仟元,2017,865210
11455800,G,營運狀況,營業成本,,仟元,2017,747063
11455800,G,營運狀況,營業費用,,仟元,2017,52697
11455800,G,營運狀況,淨利,,仟元,2017,39677
58650902,G,營運狀況,營業收入,,仟元,2017,358421471
58650902,G,營運狀況,營業成本,,仟元,2017,305225269
58650902,G,營運狀況,營業費用,,仟元,2017,14282138
58650902,G,營運狀況,淨利,,仟元,2017,60035946
03707901,G,營運狀況,營業收入,,仟元,2017,896642121
03707901,G,營運狀況,營業成本,,仟元,2017,826422169
03707901,G,營運狀況,營業費用,,仟元,2017,19508901
03707901,G,營運狀況,淨利,,仟元,2017,40311563
26068617,G,營運狀況,營業收入,,仟元,2017,4588271
26068617,G,營運狀況,營業成本,,仟元,2017,3896906
26068617,G,營運狀況,營業費用,,仟元,2017,476404
26068617,G,營運狀況,淨利,,仟元,2017,182353
37722768,G,營運狀況,營業收入,,仟元,2017,3406504
37722768,G,營運狀況,營業成本,,仟元,2017,2235052
37722768,G,營運狀況,營業費用,,仟元,2017,195516
37722768,G,營運狀況,淨利,,仟元,2017,835167
82716171,G,營運狀況,營業收入,,仟元,2017,2762409
82716171,G,營運狀況,營業成本,,仟元,2017,2164393
82716171,G,營運狀況,營業費用,,仟元,2017,249918
82716171,G,營運狀況,淨利,,仟元,2017,255368
35894259,G,營運狀況,營業收入,,仟元,2017,18978213
35894259,G,營運狀況,營業成本,,仟元,2017,16430344
35894259,G,營運狀況,營業費用,,仟元,2017,1723873
35894259,G,營運狀況,淨利,,仟元,2017,623783
11846954,G,營運狀況,營業收入,,仟元,2017,1396016
11846954,G,營運狀況,營業成本,,仟元,2017,1100326
11846954,G,營運狀況,營業費用,,仟元,2017,219005
11846954,G,營運狀況,淨利,,仟元,2017,51745
86522210,G,營運狀況,營業收入,,仟元,2017,624107892
86522210,G,營運狀況,營業成本,,仟元,2017,521485633
86522210,G,營運狀況,營業費用,,仟元,2017,10964886
86522210,G,營運狀況,淨利,,仟元,2017,80175421
75708007,G,營運狀況,營業收入,,仟元,2016,180173192
75708007,G,營運狀況,營業成本,,仟元,2016,155873996
75708007,G,營運狀況,營業費用,,仟元,2016,11281983
75708007,G,營運狀況,淨利,,仟元,2016,39392543
75370905,G,營運狀況,營業收入,,仟元,2016,275294431
75370905,G,營運狀況,營業成本,,仟元,2016,243802971
75370905,G,營運狀況,營業費用,,仟元,2016,18116179
75370905,G,營運狀況,淨利,,仟元,2016,48713023
11917107,G,營運狀況,營業收入,,仟元,2016,53101997
11917107,G,營運狀況,營業成本,,仟元,2016,46220862
11917107,G,營運狀況,營業費用,,仟元,2016,3719651
11917107,G,營運狀況,淨利,,仟元,2016,2379478
11686106,G,營運狀況,營業收入,,仟元,2016,14157389
11686106,G,營運狀況,營業成本,,仟元,2016,11217020
11686106,G,營運狀況,營業費用,,仟元,2016,1065899
11686106,G,營運狀況,淨利,,仟元,2016,1543084
83387850,G,營運狀況,營業收入,,仟元,2016,11045717
83387850,G,營運狀況,營業成本,,仟元,2016,7788166
83387850,G,營運狀況,營業費用,,仟元,2016,1686417
83387850,G,營運狀況,淨利,,仟元,2016,1243979
20747385,G,營運狀況,營業收入,,仟元,2016,5893335
20747385,G,營運狀況,營業成本,,仟元,2016,5113476
20747385,G,營運狀況,營業費用,,仟元,2016,212190
20747385,G,營運狀況,淨利,,仟元,2016,670939
11893409,G,營運狀況,營業收入,,仟元,2016,16419055
11893409,G,營運狀況,營業成本,,仟元,2016,15473799
11893409,G,營運狀況,營業費用,,仟元,2016,713825
11893409,G,營運狀況,淨利,,仟元,2016,120877
20844865,G,營運狀況,營業收入,,仟元,2016,14073472
20844865,G,營運狀況,營業成本,,仟元,2016,11858780
20844865,G,營運狀況,營業費用,,仟元,2016,414908
20844865,G,營運狀況,淨利,,仟元,2016,1328927
04212250,G,營運狀況,營業收入,,仟元,2016,19918739
04212250,G,營運狀況,營業成本,,仟元,2016,16494620
04212250,G,營運狀況,營業費用,,仟元,2016,1256866
04212250,G,營運狀況,淨利,,仟元,2016,2578738
04748660,G,營運狀況,營業收入,,仟元,2016,42392012
04748660,G,營運狀況,營業成本,,仟元,2016,39399026
04748660,G,營運狀況,營業費用,,仟元,2016,1729566
04748660,G,營運狀況,淨利,,仟元,2016,1088813
03084741,G,營運狀況,營業收入,,仟元,2016,25376683
03084741,G,營運狀況,營業成本,,仟元,2016,25466664
03084741,G,營運狀況,營業費用,,仟元,2016,1305217
03084741,G,營運狀況,淨利,,仟元,2016,-1878145
51059101,G,營運狀況,營業收入,,仟元,2016,2887924
51059101,G,營運狀況,營業成本,,仟元,2016,2316912
51059101,G,營運狀況,營業費用,,仟元,2016,456867
51059101,G,營運狀況,淨利,,仟元,2016,303181
15024509,G,營運狀況,營業收入,,仟元,2016,4362800
15024509,G,營運狀況,營業成本,,仟元,2016,3988241
15024509,G,營運狀況,營業費用,,仟元,2016,350770
15024509,G,營運狀況,淨利,,仟元,2016,-14626
68192103,G,營運狀況,營業收入,,仟元,2016,3132610
68192103,G,營運狀況,營業成本,,仟元,2016,2303713
68192103,G,營運狀況,營業費用,,仟元,2016,389898
68192103,G,營運狀況,淨利,,仟元,2016,343158
07147916,G,營運狀況,營業收入,,仟元,2016,1236115
07147916,G,營運狀況,營業成本,,仟元,2016,961002
07147916,G,營運狀況,營業費用,,仟元,2016,202156
07147916,G,營運狀況,淨利,,仟元,2016,64946
11455800,G,營運狀況,營業收入,,仟元,2016,990428
11455800,G,營運狀況,營業成本,,仟元,2016,788244
11455800,G,營運狀況,營業費用,,仟元,2016,67382
11455800,G,營運狀況,淨利,,仟元,2016,111470
58650902,G,營運狀況,營業收入,,仟元,2016,319204627
58650902,G,營運狀況,營業成本,,仟元,2016,271653073
58650902,G,營運狀況,營業費用,,仟元,2016,14115902
58650902,G,營運狀況,淨利,,仟元,2016,48766728
03707901,G,營運狀況,營業收入,,仟元,2016,764629993
03707901,G,營運狀況,營業成本,,仟元,2016,704900715
03707901,G,營運狀況,營業費用,,仟元,2016,20313187
03707901,G,營運狀況,淨利,,仟元,2016,29367204
26068617,G,營運狀況,營業收入,,仟元,2016,5779198
26068617,G,營運狀況,營業成本,,仟元,2016,4550827
26068617,G,營運狀況,營業費用,,仟元,2016,525337
26068617,G,營運狀況,淨利,,仟元,2016,406407
37722768,G,營運狀況,營業收入,,仟元,2016,3302412
37722768,G,營運狀況,營業成本,,仟元,2016,2174718
37722768,G,營運狀況,營業費用,,仟元,2016,125824
37722768,G,營運狀況,淨利,,仟元,2016,882091
35894259,G,營運狀況,營業收入,,仟元,2016,18769079
35894259,G,營運狀況,營業成本,,仟元,2016,16433825
35894259,G,營運狀況,營業費用,,仟元,2016,1794383
35894259,G,營運狀況,淨利,,仟元,2016,-217389
11846954,G,營運狀況,營業收入,,仟元,2016,1210867
11846954,G,營運狀況,營業成本,,仟元,2016,943628
11846954,G,營運狀況,營業費用,,仟元,2016,204203
11846954,G,營運狀況,淨利,,仟元,2016,41065
86522210,G,營運狀況,營業收入,,仟元,2016,546161413
86522210,G,營運狀況,營業成本,,仟元,2016,449702499
86522210,G,營運狀況,營業費用,,仟元,2016,10249581
86522210,G,營運狀況,淨利,,仟元,2016,75768469
75708007,G,稅務透明度,營利事業所得稅稅額,true,元,2020,2505000000
75708007,G,稅務透明度,政府補助、補貼金額,true,元,2020,無揭露
75708007,G,稅務透明度,研發投入費用,true,元,2020,2300000000
75708007,G,稅務透明度,營利事業所得稅稅額,true,元,2019,3705000000
75708007,G,稅務透明度,政府補助、補貼金額,true,元,2019,無揭露
75708007,G,稅務透明度,研發投入費用,true,元,2019,2200000000
75708007,G,稅務透明度,營利事業所得稅稅額,true,元,2018,5499000000
75708007,G,稅務透明度,政府補助、補貼金額,true,元,2018,無揭露
75708007,G,稅務透明度,研發投入費用,true,元,2018,2200000000
75708007,G,稅務透明度,營利事業所得稅稅額,true,元,2017,3462000000
75708007,G,稅務透明度,政府補助、補貼金額,true,元,2017,無揭露
75708007,G,稅務透明度,研發投入費用,true,元,2017,1645000000
75370905,G,稅務透明度,營利事業所得稅稅額,true,元,2020,無揭露
75370905,G,稅務透明度,政府補助、補貼金額,true,元,2020,無揭露
75370905,G,稅務透明度,研發投入費用,true,元,2020,1000000000
75370905,G,稅務透明度,營利事業所得稅稅額,true,元,2019,無揭露
75370905,G,稅務透明度,政府補助、補貼金額,true,元,2019,無揭露
75370905,G,稅務透明度,研發投入費用,true,元,2019,1000000000
75370905,G,稅務透明度,營利事業所得稅稅額,true,元,2018,無揭露
75370905,G,稅務透明度,政府補助、補貼金額,true,元,2018,無揭露
75370905,G,稅務透明度,研發投入費用,true,元,2018,1000000000
75370905,G,稅務透明度,營利事業所得稅稅額,true,元,2017,無揭露
75370905,G,稅務透明度,政府補助、補貼金額,true,元,2017,無揭露
75370905,G,稅務透明度,研發投入費用,true,元,2017,1099997000
11917107,G,稅務透明度,營利事業所得稅稅額,true,元,2020,133648000
11917107,G,稅務透明度,政府補助、補貼金額,true,元,2020,無揭露
11917107,G,稅務透明度,研發投入費用,true,元,2020,116819025
11917107,G,稅務透明度,營利事業所得稅稅額,true,元,2019,21282000
11917107,G,稅務透明度,政府補助、補貼金額,true,元,2019,19387000
11917107,G,稅務透明度,研發投入費用,true,元,2019,177916049
11917107,G,稅務透明度,營利事業所得稅稅額,true,元,2018,76534000
11917107,G,稅務透明度,政府補助、補貼金額,true,元,2018,45604000
11917107,G,稅務透明度,研發投入費用,true,元,2018,178610890
11917107,G,稅務透明度,營利事業所得稅稅額,true,元,2017,29134000
11917107,G,稅務透明度,政府補助、補貼金額,true,元,2017,28530000
11917107,G,稅務透明度,研發投入費用,true,元,2017,151419480
11686106,G,稅務透明度,營利事業所得稅稅額,true,元,2020,374000000
11686106,G,稅務透明度,政府補助、補貼金額,true,元,2020,746000
11686106,G,稅務透明度,研發投入費用,true,元,2020,68776000
11686106,G,稅務透明度,營利事業所得稅稅額,true,元,2019,160000000
11686106,G,稅務透明度,政府補助、補貼金額,true,元,2019,279000
11686106,G,稅務透明度,研發投入費用,true,元,2019,59967000
11686106,G,稅務透明度,營利事業所得稅稅額,true,元,2018,306000000
11686106,G,稅務透明度,政府補助、補貼金額,true,元,2018,4190000
11686106,G,稅務透明度,研發投入費用,true,元,2018,53288000
11686106,G,稅務透明度,營利事業所得稅稅額,true,元,2017,275000000
11686106,G,稅務透明度,政府補助、補貼金額,true,元,2017,無揭露
11686106,G,稅務透明度,研發投入費用,true,元,2017,48417000
83387850,G,稅務透明度,營利事業所得稅稅額,true,元,2020,NA
83387850,G,稅務透明度,政府補助、補貼金額,true,元,2020,NA
83387850,G,稅務透明度,研發投入費用,true,元,2020,NA
83387850,G,稅務透明度,營利事業所得稅稅額,true,元,2019,NA
83387850,G,稅務透明度,政府補助、補貼金額,true,元,2019,NA
83387850,G,稅務透明度,研發投入費用,true,元,2019,NA
83387850,G,稅務透明度,營利事業所得稅稅額,true,元,2018,NA
83387850,G,稅務透明度,政府補助、補貼金額,true,元,2018,NA
83387850,G,稅務透明度,研發投入費用,true,元,2018,NA
83387850,G,稅務透明度,營利事業所得稅稅額,true,元,2017,NA
83387850,G,稅務透明度,政府補助、補貼金額,true,元,2017,NA
83387850,G,稅務透明度,研發投入費用,true,元,2017,NA
20747385,G,稅務透明度,營利事業所得稅稅額,true,元,2020,無揭露
20747385,G,稅務透明度,政府補助、補貼金額,true,元,2020,0
20747385,G,稅務透明度,研發投入費用,true,元,2020,46098000
20747385,G,稅務透明度,營利事業所得稅稅額,true,元,2019,無揭露
20747385,G,稅務透明度,政府補助、補貼金額,true,元,2019,0
20747385,G,稅務透明度,研發投入費用,true,元,2019,48866000
20747385,G,稅務透明度,營利事業所得稅稅額,true,元,2018,無揭露
20747385,G,稅務透明度,政府補助、補貼金額,true,元,2018,0
20747385,G,稅務透明度,研發投入費用,true,元,2018,38876000
20747385,G,稅務透明度,營利事業所得稅稅額,true,元,2017,90000000
20747385,G,稅務透明度,政府補助、補貼金額,true,元,2017,0
20747385,G,稅務透明度,研發投入費用,true,元,2017,41431000
11893409,G,稅務透明度,營利事業所得稅稅額,true,元,2020,340000000
11893409,G,稅務透明度,政府補助、補貼金額,true,元,2020,無揭露
11893409,G,稅務透明度,研發投入費用,true,元,2020,20520000
11893409,G,稅務透明度,營利事業所得稅稅額,true,元,2019,無揭露
11893409,G,稅務透明度,政府補助、補貼金額,true,元,2019,無揭露
11893409,G,稅務透明度,研發投入費用,true,元,2019,25050000
11893409,G,稅務透明度,營利事業所得稅稅額,true,元,2018,無揭露
11893409,G,稅務透明度,政府補助、補貼金額,true,元,2018,無揭露
11893409,G,稅務透明度,研發投入費用,true,元,2018,23080000
11893409,G,稅務透明度,營利事業所得稅稅額,true,元,2017,無揭露
11893409,G,稅務透明度,政府補助、補貼金額,true,元,2017,無揭露
11893409,G,稅務透明度,研發投入費用,true,元,2017,21290000
20844865,G,稅務透明度,營利事業所得稅稅額,true,元,2020,無揭露
20844865,G,稅務透明度,政府補助、補貼金額,true,元,2020,32684573
20844865,G,稅務透明度,研發投入費用,true,元,2020,無揭露
20844865,G,稅務透明度,營利事業所得稅稅額,true,元,2019,無揭露
20844865,G,稅務透明度,政府補助、補貼金額,true,元,2019,無揭露
20844865,G,稅務透明度,研發投入費用,true,元,2019,無揭露
20844865,G,稅務透明度,營利事業所得稅稅額,true,元,2018,無揭露
20844865,G,稅務透明度,政府補助、補貼金額,true,元,2018,無揭露
20844865,G,稅務透明度,研發投入費用,true,元,2018,無揭露
20844865,G,稅務透明度,營利事業所得稅稅額,true,元,2017,無揭露
20844865,G,稅務透明度,政府補助、補貼金額,true,元,2017,無揭露
20844865,G,稅務透明度,研發投入費用,true,元,2017,無揭露
04212250,G,稅務透明度,營利事業所得稅稅額,true,元,2020,無揭露
04212250,G,稅務透明度,政府補助、補貼金額,true,元,2020,無揭露
04212250,G,稅務透明度,研發投入費用,true,元,2020,21140000
04212250,G,稅務透明度,營利事業所得稅稅額,true,元,2019,無揭露
04212250,G,稅務透明度,政府補助、補貼金額,true,元,2019,無揭露
04212250,G,稅務透明度,研發投入費用,true,元,2019,24357000
04212250,G,稅務透明度,營利事業所得稅稅額,true,元,2018,無揭露
04212250,G,稅務透明度,政府補助、補貼金額,true,元,2018,無揭露
04212250,G,稅務透明度,研發投入費用,true,元,2018,30297000
04212250,G,稅務透明度,營利事業所得稅稅額,true,元,2017,無揭露
04212250,G,稅務透明度,政府補助、補貼金額,true,元,2017,無揭露
04212250,G,稅務透明度,研發投入費用,true,元,2017,33450000
04748660,G,稅務透明度,營利事業所得稅稅額,true,元,2020,無揭露
04748660,G,稅務透明度,政府補助、補貼金額,true,元,2020,無揭露
04748660,G,稅務透明度,研發投入費用,true,元,2020,無揭露
04748660,G,稅務透明度,營利事業所得稅稅額,true,元,2019,無揭露
04748660,G,稅務透明度,政府補助、補貼金額,true,元,2019,無揭露
04748660,G,稅務透明度,研發投入費用,true,元,2019,無揭露
04748660,G,稅務透明度,營利事業所得稅稅額,true,元,2018,無揭露
04748660,G,稅務透明度,政府補助、補貼金額,true,元,2018,10000000
04748660,G,稅務透明度,研發投入費用,true,元,2018,無揭露
04748660,G,稅務透明度,營利事業所得稅稅額,true,元,2017,無揭露
04748660,G,稅務透明度,政府補助、補貼金額,true,元,2017,10000000
04748660,G,稅務透明度,研發投入費用,true,元,2017,無揭露
03084741,G,稅務透明度,營利事業所得稅稅額,true,元,2020,38574000
03084741,G,稅務透明度,政府補助、補貼金額,true,元,2020,63577000
03084741,G,稅務透明度,研發投入費用,true,元,2020,21001000
03084741,G,稅務透明度,營利事業所得稅稅額,true,元,2019,395955000
03084741,G,稅務透明度,政府補助、補貼金額,true,元,2019,126211820
03084741,G,稅務透明度,研發投入費用,true,元,2019,無揭露
03084741,G,稅務透明度,營利事業所得稅稅額,true,元,2018,253419000
03084741,G,稅務透明度,政府補助、補貼金額,true,元,2018,17946928
03084741,G,稅務透明度,研發投入費用,true,元,2018,無揭露
03084741,G,稅務透明度,營利事業所得稅稅額,true,元,2017,210399000
03084741,G,稅務透明度,政府補助、補貼金額,true,元,2017,無揭露
03084741,G,稅務透明度,研發投入費用,true,元,2017,無揭露
51059101,G,稅務透明度,營利事業所得稅稅額,true,元,2020,NA
51059101,G,稅務透明度,政府補助、補貼金額,true,元,2020,NA
51059101,G,稅務透明度,研發投入費用,true,元,2020,NA
51059101,G,稅務透明度,營利事業所得稅稅額,true,元,2019,NA
51059101,G,稅務透明度,政府補助、補貼金額,true,元,2019,NA
51059101,G,稅務透明度,研發投入費用,true,元,2019,NA
51059101,G,稅務透明度,營利事業所得稅稅額,true,元,2018,NA
51059101,G,稅務透明度,政府補助、補貼金額,true,元,2018,NA
51059101,G,稅務透明度,研發投入費用,true,元,2018,NA
51059101,G,稅務透明度,營利事業所得稅稅額,true,元,2017,NA
51059101,G,稅務透明度,政府補助、補貼金額,true,元,2017,NA
51059101,G,稅務透明度,研發投入費用,true,元,2017,NA
15024509,G,稅務透明度,營利事業所得稅稅額,true,元,2020,NA
15024509,G,稅務透明度,政府補助、補貼金額,true,元,2020,NA
15024509,G,稅務透明度,研發投入費用,true,元,2020,NA
15024509,G,稅務透明度,營利事業所得稅稅額,true,元,2019,NA
15024509,G,稅務透明度,政府補助、補貼金額,true,元,2019,NA
15024509,G,稅務透明度,研發投入費用,true,元,2019,NA
15024509,G,稅務透明度,營利事業所得稅稅額,true,元,2018,NA
15024509,G,稅務透明度,政府補助、補貼金額,true,元,2018,NA
15024509,G,稅務透明度,研發投入費用,true,元,2018,NA
15024509,G,稅務透明度,營利事業所得稅稅額,true,元,2017,NA
15024509,G,稅務透明度,政府補助、補貼金額,true,元,2017,NA
15024509,G,稅務透明度,研發投入費用,true,元,2017,NA
68192103,G,稅務透明度,營利事業所得稅稅額,true,元,2020,44254000
68192103,G,稅務透明度,政府補助、補貼金額,true,元,2020,無揭露
68192103,G,稅務透明度,研發投入費用,true,元,2020,無揭露
68192103,G,稅務透明度,營利事業所得稅稅額,true,元,2019,66503000
68192103,G,稅務透明度,政府補助、補貼金額,true,元,2019,無揭露
68192103,G,稅務透明度,研發投入費用,true,元,2019,無揭露
68192103,G,稅務透明度,營利事業所得稅稅額,true,元,2018,40019000
68192103,G,稅務透明度,政府補助、補貼金額,true,元,2018,無揭露
68192103,G,稅務透明度,研發投入費用,true,元,2018,無揭露
07147916,G,稅務透明度,營利事業所得稅稅額,true,元,2020,NA
07147916,G,稅務透明度,政府補助、補貼金額,true,元,2020,NA
07147916,G,稅務透明度,研發投入費用,true,元,2020,NA
07147916,G,稅務透明度,營利事業所得稅稅額,true,元,2019,NA
07147916,G,稅務透明度,政府補助、補貼金額,true,元,2019,NA
07147916,G,稅務透明度,研發投入費用,true,元,2019,NA
07147916,G,稅務透明度,營利事業所得稅稅額,true,元,2018,NA
07147916,G,稅務透明度,政府補助、補貼金額,true,元,2018,NA
07147916,G,稅務透明度,研發投入費用,true,元,2018,NA
07147916,G,稅務透明度,營利事業所得稅稅額,true,元,2017,NA
07147916,G,稅務透明度,政府補助、補貼金額,true,元,2017,NA
07147916,G,稅務透明度,研發投入費用,true,元,2017,NA
11455800,G,稅務透明度,營利事業所得稅稅額,true,元,2020,NA
11455800,G,稅務透明度,政府補助、補貼金額,true,元,2020,NA
11455800,G,稅務透明度,研發投入費用,true,元,2020,NA
11455800,G,稅務透明度,營利事業所得稅稅額,true,元,2019,NA
11455800,G,稅務透明度,政府補助、補貼金額,true,元,2019,NA
11455800,G,稅務透明度,研發投入費用,true,元,2019,NA
11455800,G,稅務透明度,營利事業所得稅稅額,true,元,2018,NA
11455800,G,稅務透明度,政府補助、補貼金額,true,元,2018,NA
11455800,G,稅務透明度,研發投入費用,true,元,2018,NA
11455800,G,稅務透明度,營利事業所得稅稅額,true,元,2017,NA
11455800,G,稅務透明度,政府補助、補貼金額,true,元,2017,NA
11455800,G,稅務透明度,研發投入費用,true,元,2017,NA
58650902,G,稅務透明度,營利事業所得稅稅額,true,元,2020,無揭露
58650902,G,稅務透明度,政府補助、補貼金額,true,元,2020,未取得政府單位提供之相關補助款項
58650902,G,稅務透明度,研發投入費用,true,元,2020,無揭露
58650902,G,稅務透明度,營利事業所得稅稅額,true,元,2019,無揭露
58650902,G,稅務透明度,政府補助、補貼金額,true,元,2019,未取得政府單位提供之相關補助款項
58650902,G,稅務透明度,研發投入費用,true,元,2019,無揭露
58650902,G,稅務透明度,營利事業所得稅稅額,true,元,2018,無揭露
58650902,G,稅務透明度,政府補助、補貼金額,true,元,2018,未取得政府單位提供之相關補助款項
58650902,G,稅務透明度,研發投入費用,true,元,2018,無揭露
58650902,G,稅務透明度,營利事業所得稅稅額,true,元,2017,無揭露
58650902,G,稅務透明度,政府補助、補貼金額,true,元,2017,未取得政府單位提供之相關補助款項
58650902,G,稅務透明度,研發投入費用,true,元,2017,無揭露
03707901,G,稅務透明度,營利事業所得稅稅額,true,元,2020,未區分繳納別
03707901,G,稅務透明度,政府補助、補貼金額,true,元,2020,無揭露
03707901,G,稅務透明度,研發投入費用,true,元,2020,無揭露
03707901,G,稅務透明度,營利事業所得稅稅額,true,元,2019,未區分繳納別
03707901,G,稅務透明度,政府補助、補貼金額,true,元,2019,無揭露
03707901,G,稅務透明度,研發投入費用,true,元,2019,無揭露
03707901,G,稅務透明度,營利事業所得稅稅額,true,元,2018,未區分繳納別
03707901,G,稅務透明度,政府補助、補貼金額,true,元,2018,無揭露
03707901,G,稅務透明度,研發投入費用,true,元,2018,無揭露
03707901,G,稅務透明度,營利事業所得稅稅額,true,元,2017,未區分繳納別
03707901,G,稅務透明度,政府補助、補貼金額,true,元,2017,無揭露
03707901,G,稅務透明度,研發投入費用,true,元,2017,無揭露
26068617,G,稅務透明度,營利事業所得稅稅額,true,元,2020,NA
26068617,G,稅務透明度,政府補助、補貼金額,true,元,2020,NA
26068617,G,稅務透明度,研發投入費用,true,元,2020,NA
26068617,G,稅務透明度,營利事業所得稅稅額,true,元,2019,NA
26068617,G,稅務透明度,政府補助、補貼金額,true,元,2019,NA
26068617,G,稅務透明度,研發投入費用,true,元,2019,NA
26068617,G,稅務透明度,營利事業所得稅稅額,true,元,2018,NA
26068617,G,稅務透明度,政府補助、補貼金額,true,元,2018,NA
26068617,G,稅務透明度,研發投入費用,true,元,2018,NA
26068617,G,稅務透明度,營利事業所得稅稅額,true,元,2017,NA
26068617,G,稅務透明度,政府補助、補貼金額,true,元,2017,NA
26068617,G,稅務透明度,研發投入費用,true,元,2017,NA
37722768,G,稅務透明度,營利事業所得稅稅額,true,元,2020,NA
37722768,G,稅務透明度,政府補助、補貼金額,true,元,2020,NA
37722768,G,稅務透明度,研發投入費用,true,元,2020,NA
37722768,G,稅務透明度,營利事業所得稅稅額,true,元,2019,NA
37722768,G,稅務透明度,政府補助、補貼金額,true,元,2019,NA
37722768,G,稅務透明度,研發投入費用,true,元,2019,NA
37722768,G,稅務透明度,營利事業所得稅稅額,true,元,2018,NA
37722768,G,稅務透明度,政府補助、補貼金額,true,元,2018,NA
37722768,G,稅務透明度,研發投入費用,true,元,2018,NA
37722768,G,稅務透明度,營利事業所得稅稅額,true,元,2017,NA
37722768,G,稅務透明度,政府補助、補貼金額,true,元,2017,NA
37722768,G,稅務透明度,研發投入費用,true,元,2017,NA
82716171,G,稅務透明度,營利事業所得稅稅額,true,元,2020,NA
82716171,G,稅務透明度,政府補助、補貼金額,true,元,2020,NA
82716171,G,稅務透明度,研發投入費用,true,元,2020,NA
82716171,G,稅務透明度,營利事業所得稅稅額,true,元,2019,NA
82716171,G,稅務透明度,政府補助、補貼金額,true,元,2019,NA
82716171,G,稅務透明度,研發投入費用,true,元,2019,NA
82716171,G,稅務透明度,營利事業所得稅稅額,true,元,2018,NA
82716171,G,稅務透明度,政府補助、補貼金額,true,元,2018,NA
82716171,G,稅務透明度,研發投入費用,true,元,2018,NA
82716171,G,稅務透明度,營利事業所得稅稅額,true,元,2017,NA
82716171,G,稅務透明度,政府補助、補貼金額,true,元,2017,NA
82716171,G,稅務透明度,研發投入費用,true,元,2017,NA
89323361,G,稅務透明度,營利事業所得稅稅額,true,元,2020,NA
89323361,G,稅務透明度,政府補助、補貼金額,true,元,2020,NA
89323361,G,稅務透明度,研發投入費用,true,元,2020,NA
89323361,G,稅務透明度,營利事業所得稅稅額,true,元,2019,NA
89323361,G,稅務透明度,政府補助、補貼金額,true,元,2019,NA
89323361,G,稅務透明度,研發投入費用,true,元,2019,NA
89323361,G,稅務透明度,營利事業所得稅稅額,true,元,2018,NA
89323361,G,稅務透明度,政府補助、補貼金額,true,元,2018,NA
89323361,G,稅務透明度,研發投入費用,true,元,2018,NA
89323361,G,稅務透明度,營利事業所得稅稅額,true,元,2017,NA
89323361,G,稅務透明度,政府補助、補貼金額,true,元,2017,NA
89323361,G,稅務透明度,研發投入費用,true,元,2017,NA
35894259,G,稅務透明度,營利事業所得稅稅額,true,元,2020,無揭露
35894259,G,稅務透明度,政府補助、補貼金額,true,元,2020,無揭露
35894259,G,稅務透明度,研發投入費用,true,元,2020,無揭露
35894259,G,稅務透明度,營利事業所得稅稅額,true,元,2019,無揭露
35894259,G,稅務透明度,政府補助、補貼金額,true,元,2019,無揭露
35894259,G,稅務透明度,研發投入費用,true,元,2019,無揭露
35894259,G,稅務透明度,營利事業所得稅稅額,true,元,2018,無揭露
35894259,G,稅務透明度,政府補助、補貼金額,true,元,2018,無揭露
35894259,G,稅務透明度,研發投入費用,true,元,2018,無揭露
35894259,G,稅務透明度,營利事業所得稅稅額,true,元,2017,無揭露
35894259,G,稅務透明度,政府補助、補貼金額,true,元,2017,無揭露
35894259,G,稅務透明度,研發投入費用,true,元,2017,無揭露
11846954,G,稅務透明度,營利事業所得稅稅額,true,元,2020,NA
11846954,G,稅務透明度,政府補助、補貼金額,true,元,2020,NA
11846954,G,稅務透明度,研發投入費用,true,元,2020,NA
11846954,G,稅務透明度,營利事業所得稅稅額,true,元,2019,NA
11846954,G,稅務透明度,政府補助、補貼金額,true,元,2019,NA
11846954,G,稅務透明度,研發投入費用,true,元,2019,NA
11846954,G,稅務透明度,營利事業所得稅稅額,true,元,2018,NA
11846954,G,稅務透明度,政府補助、補貼金額,true,元,2018,NA
11846954,G,稅務透明度,研發投入費用,true,元,2018,NA
11846954,G,稅務透明度,營利事業所得稅稅額,true,元,2017,NA
11846954,G,稅務透明度,政府補助、補貼金額,true,元,2017,NA
11846954,G,稅務透明度,研發投入費用,true,元,2017,NA
86522210,G,稅務透明度,營利事業所得稅稅額,true,元,2020,1292594000
86522210,G,稅務透明度,政府補助、補貼金額,true,元,2020,無揭露
86522210,G,稅務透明度,研發投入費用,true,元,2020,536140000
86522210,G,稅務透明度,營利事業所得稅稅額,true,元,2019,8150178000
86522210,G,稅務透明度,政府補助、補貼金額,true,元,2019,無揭露
86522210,G,稅務透明度,研發投入費用,true,元,2019,483118000
86522210,G,稅務透明度,營利事業所得稅稅額,true,元,2018,14476282000
86522210,G,稅務透明度,政府補助、補貼金額,true,元,2018,無揭露
86522210,G,稅務透明度,研發投入費用,true,元,2018,603134000
86522210,G,稅務透明度,營利事業所得稅稅額,true,元,2017,15919124000
86522210,G,稅務透明度,政府補助、補貼金額,true,元,2017,無揭露
86522210,G,稅務透明度,研發投入費用,true,元,2017,550887000
86120031,G,稅務透明度,營利事業所得稅稅額,true,元,2018,NA
86120031,G,稅務透明度,政府補助、補貼金額,true,元,2018,NA
86120031,G,稅務透明度,研發投入費用,true,元,2018,NA
86120031,G,稅務透明度,營利事業所得稅稅額,true,元,2019,NA
86120031,G,稅務透明度,政府補助、補貼金額,true,元,2019,NA
86120031,G,稅務透明度,研發投入費用,true,元,2019,NA
75708007,G,ISO認證,ISO 9001,true,,2020,有
75708007,G,ISO認證,ISO 14001,true,,2020,有
75708007,G,ISO認證,ISO 45001,true,,2020,有
75708007,G,ISO認證,ISO 50001,true,,2020,NA
75708007,G,ISO認證,ISO 9001,true,,2019,有
75708007,G,ISO認證,ISO 14001,true,,2019,有
75708007,G,ISO認證,ISO 45001,true,,2019,NA
75708007,G,ISO認證,ISO 50001,true,,2019,NA
75708007,G,ISO認證,ISO 9001,true,,2018,有
75708007,G,ISO認證,ISO 14001,true,,2018,有
75708007,G,ISO認證,ISO 45001,true,,2018,NA
75708007,G,ISO認證,ISO 50001,true,,2018,NA
75708007,G,ISO認證,ISO 9001,true,,2017,有
75708007,G,ISO認證,ISO 14001,true,,2017,有
75708007,G,ISO認證,ISO 45001,true,,2017,NA
75708007,G,ISO認證,ISO 50001,true,,2017,NA
75370905,G,ISO認證,ISO 9001,true,,2020,有
75370905,G,ISO認證,ISO 14001,true,,2020,有
75370905,G,ISO認證,ISO 45001,true,,2020,有
75370905,G,ISO認證,ISO 50001,true,,2020,有
75370905,G,ISO認證,ISO 9001,true,,2019,NA
75370905,G,ISO認證,ISO 14001,true,,2019,有
75370905,G,ISO認證,ISO 45001,true,,2019,NA
75370905,G,ISO認證,ISO 50001,true,,2019,有
75370905,G,ISO認證,ISO 9001,true,,2018,NA
75370905,G,ISO認證,ISO 14001,true,,2018,有
75370905,G,ISO認證,ISO 45001,true,,2018,NA
75370905,G,ISO認證,ISO 50001,true,,2018,有
75370905,G,ISO認證,ISO 9001,true,,2017,有
75370905,G,ISO認證,ISO 14001,true,,2017,有
75370905,G,ISO認證,ISO 45001,true,,2017,NA
75370905,G,ISO認證,ISO 50001,true,,2017,NA
11917107,G,ISO認證,ISO 9001,true,,2020,有
11917107,G,ISO認證,ISO 14001,true,,2020,有
11917107,G,ISO認證,ISO 45001,true,,2020,有
11917107,G,ISO認證,ISO 50001,true,,2020,有
11917107,G,ISO認證,ISO 9001,true,,2019,有
11917107,G,ISO認證,ISO 14001,true,,2019,有
11917107,G,ISO認證,ISO 45001,true,,2019,有
11917107,G,ISO認證,ISO 50001,true,,2019,NA
11917107,G,ISO認證,ISO 9001,true,,2018,有
11917107,G,ISO認證,ISO 14001,true,,2018,有
11917107,G,ISO認證,ISO 45001,true,,2018,NA
11917107,G,ISO認證,ISO 50001,true,,2018,NA
11917107,G,ISO認證,ISO 9001,true,,2017,有
11917107,G,ISO認證,ISO 14001,true,,2017,有
11917107,G,ISO認證,ISO 45001,true,,2017,NA
11917107,G,ISO認證,ISO 50001,true,,2017,NA
11686106,G,ISO認證,ISO 9001,true,,2020,有
11686106,G,ISO認證,ISO 14001,true,,2020,有
11686106,G,ISO認證,ISO 45001,true,,2020,有
11686106,G,ISO認證,ISO 50001,true,,2020,有
11686106,G,ISO認證,ISO 9001,true,,2019,有
11686106,G,ISO認證,ISO 14001,true,,2019,有
11686106,G,ISO認證,ISO 45001,true,,2019,NA
11686106,G,ISO認證,ISO 50001,true,,2019,有
11686106,G,ISO認證,ISO 9001,true,,2018,有
11686106,G,ISO認證,ISO 14001,true,,2018,有
11686106,G,ISO認證,ISO 45001,true,,2018,NA
11686106,G,ISO認證,ISO 50001,true,,2018,NA
11686106,G,ISO認證,ISO 9001,true,,2017,有
11686106,G,ISO認證,ISO 14001,true,,2017,有
11686106,G,ISO認證,ISO 45001,true,,2017,NA
11686106,G,ISO認證,ISO 50001,true,,2017,NA
83387850,G,ISO認證,ISO 9001,true,,2020,NA
83387850,G,ISO認證,ISO 14001,true,,2020,NA
83387850,G,ISO認證,ISO 45001,true,,2020,NA
83387850,G,ISO認證,ISO 50001,true,,2020,NA
83387850,G,ISO認證,ISO 9001,true,,2019,NA
83387850,G,ISO認證,ISO 14001,true,,2019,NA
83387850,G,ISO認證,ISO 45001,true,,2019,NA
83387850,G,ISO認證,ISO 50001,true,,2019,NA
83387850,G,ISO認證,ISO 9001,true,,2018,NA
83387850,G,ISO認證,ISO 14001,true,,2018,NA
83387850,G,ISO認證,ISO 45001,true,,2018,NA
83387850,G,ISO認證,ISO 50001,true,,2018,NA
83387850,G,ISO認證,ISO 9001,true,,2017,NA
83387850,G,ISO認證,ISO 14001,true,,2017,NA
83387850,G,ISO認證,ISO 45001,true,,2017,NA
83387850,G,ISO認證,ISO 50001,true,,2017,NA
20747385,G,ISO認證,ISO 9001,true,,2020,有
20747385,G,ISO認證,ISO 14001,true,,2020,有
20747385,G,ISO認證,ISO 45001,true,,2020,有
20747385,G,ISO認證,ISO 50001,true,,2020,有
20747385,G,ISO認證,ISO 9001,true,,2019,有
20747385,G,ISO認證,ISO 14001,true,,2019,有
20747385,G,ISO認證,ISO 45001,true,,2019,有
20747385,G,ISO認證,ISO 50001,true,,2019,有
20747385,G,ISO認證,ISO 9001,true,,2018,有
20747385,G,ISO認證,ISO 14001,true,,2018,有
20747385,G,ISO認證,ISO 45001,true,,2018,NA
20747385,G,ISO認證,ISO 50001,true,,2018,NA
20747385,G,ISO認證,ISO 9001,true,,2017,有
20747385,G,ISO認證,ISO 14001,true,,2017,有
20747385,G,ISO認證,ISO 45001,true,,2017,NA
20747385,G,ISO認證,ISO 50001,true,,2017,NA
11893409,G,ISO認證,ISO 9001,true,,2020,有
11893409,G,ISO認證,ISO 14001,true,,2020,有
11893409,G,ISO認證,ISO 45001,true,,2020,有
11893409,G,ISO認證,ISO 50001,true,,2020,NA
11893409,G,ISO認證,ISO 9001,true,,2019,有
11893409,G,ISO認證,ISO 14001,true,,2019,有
11893409,G,ISO認證,ISO 45001,true,,2019,NA
11893409,G,ISO認證,ISO 50001,true,,2019,NA
11893409,G,ISO認證,ISO 9001,true,,2018,有
11893409,G,ISO認證,ISO 14001,true,,2018,有
11893409,G,ISO認證,ISO 45001,true,,2018,NA
11893409,G,ISO認證,ISO 50001,true,,2018,NA
11893409,G,ISO認證,ISO 9001,true,,2017,有
11893409,G,ISO認證,ISO 14001,true,,2017,有
11893409,G,ISO認證,ISO 45001,true,,2017,有
11893409,G,ISO認證,ISO 50001,true,,2017,NA
20844865,G,ISO認證,ISO 9001,true,,2020,有
20844865,G,ISO認證,ISO 14001,true,,2020,有
20844865,G,ISO認證,ISO 45001,true,,2020,有
20844865,G,ISO認證,ISO 50001,true,,2020,NA
20844865,G,ISO認證,ISO 9001,true,,2019,有
20844865,G,ISO認證,ISO 14001,true,,2019,有
20844865,G,ISO認證,ISO 45001,true,,2019,NA
20844865,G,ISO認證,ISO 50001,true,,2019,NA
20844865,G,ISO認證,ISO 9001,true,,2018,有
20844865,G,ISO認證,ISO 14001,true,,2018,有
20844865,G,ISO認證,ISO 45001,true,,2018,NA
20844865,G,ISO認證,ISO 50001,true,,2018,NA
20844865,G,ISO認證,ISO 9001,true,,2017,有
20844865,G,ISO認證,ISO 14001,true,,2017,有
20844865,G,ISO認證,ISO 45001,true,,2017,NA
20844865,G,ISO認證,ISO 50001,true,,2017,NA
04212250,G,ISO認證,ISO 9001,true,,2020,有
04212250,G,ISO認證,ISO 14001,true,,2020,有
04212250,G,ISO認證,ISO 45001,true,,2020,有
04212250,G,ISO認證,ISO 50001,true,,2020,NA
04212250,G,ISO認證,ISO 9001,true,,2019,有
04212250,G,ISO認證,ISO 14001,true,,2019,有
04212250,G,ISO認證,ISO 45001,true,,2019,有
04212250,G,ISO認證,ISO 50001,true,,2019,NA
04212250,G,ISO認證,ISO 9001,true,,2018,有
04212250,G,ISO認證,ISO 14001,true,,2018,有
04212250,G,ISO認證,ISO 45001,true,,2018,有
04212250,G,ISO認證,ISO 50001,true,,2018,NA
04212250,G,ISO認證,ISO 9001,true,,2017,有
04212250,G,ISO認證,ISO 14001,true,,2017,有
04212250,G,ISO認證,ISO 45001,true,,2017,NA
04212250,G,ISO認證,ISO 50001,true,,2017,NA
04748660,G,ISO認證,ISO 9001,true,,2020,有
04748660,G,ISO認證,ISO 14001,true,,2020,有
04748660,G,ISO認證,ISO 45001,true,,2020,有
04748660,G,ISO認證,ISO 50001,true,,2020,有
04748660,G,ISO認證,ISO 9001,true,,2019,有
04748660,G,ISO認證,ISO 14001,true,,2019,有
04748660,G,ISO認證,ISO 45001,true,,2019,有
04748660,G,ISO認證,ISO 50001,true,,2019,有
04748660,G,ISO認證,ISO 9001,true,,2018,有
04748660,G,ISO認證,ISO 14001,true,,2018,有
04748660,G,ISO認證,ISO 45001,true,,2018,有
04748660,G,ISO認證,ISO 50001,true,,2018,有
04748660,G,ISO認證,ISO 9001,true,,2017,有
04748660,G,ISO認證,ISO 14001,true,,2017,有
04748660,G,ISO認證,ISO 45001,true,,2017,NA
04748660,G,ISO認證,ISO 50001,true,,2017,有
03084741,G,ISO認證,ISO 9001,true,,2020,有
03084741,G,ISO認證,ISO 14001,true,,2020,有
03084741,G,ISO認證,ISO 45001,true,,2020,有
03084741,G,ISO認證,ISO 50001,true,,2020,有
03084741,G,ISO認證,ISO 9001,true,,2019,有
03084741,G,ISO認證,ISO 14001,true,,2019,有
03084741,G,ISO認證,ISO 45001,true,,2019,有
03084741,G,ISO認證,ISO 50001,true,,2019,有
03084741,G,ISO認證,ISO 9001,true,,2018,有
03084741,G,ISO認證,ISO 14001,true,,2018,有
03084741,G,ISO認證,ISO 45001,true,,2018,有
03084741,G,ISO認證,ISO 50001,true,,2018,有
03084741,G,ISO認證,ISO 9001,true,,2017,NA
03084741,G,ISO認證,ISO 14001,true,,2017,NA
03084741,G,ISO認證,ISO 45001,true,,2017,NA
03084741,G,ISO認證,ISO 50001,true,,2017,有
51059101,G,ISO認證,ISO 9001,true,,2020,NA
51059101,G,ISO認證,ISO 14001,true,,2020,NA
51059101,G,ISO認證,ISO 45001,true,,2020,NA
51059101,G,ISO認證,ISO 50001,true,,2020,NA
51059101,G,ISO認證,ISO 9001,true,,2019,NA
51059101,G,ISO認證,ISO 14001,true,,2019,NA
51059101,G,ISO認證,ISO 45001,true,,2019,NA
51059101,G,ISO認證,ISO 50001,true,,2019,NA
51059101,G,ISO認證,ISO 9001,true,,2018,NA
51059101,G,ISO認證,ISO 14001,true,,2018,NA
51059101,G,ISO認證,ISO 45001,true,,2018,NA
51059101,G,ISO認證,ISO 50001,true,,2018,NA
51059101,G,ISO認證,ISO 9001,true,,2017,NA
51059101,G,ISO認證,ISO 14001,true,,2017,NA
51059101,G,ISO認證,ISO 45001,true,,2017,NA
51059101,G,ISO認證,ISO 50001,true,,2017,NA
15024509,G,ISO認證,ISO 9001,true,,2020,NA
15024509,G,ISO認證,ISO 14001,true,,2020,NA
15024509,G,ISO認證,ISO 45001,true,,2020,NA
15024509,G,ISO認證,ISO 50001,true,,2020,NA
15024509,G,ISO認證,ISO 9001,true,,2019,NA
15024509,G,ISO認證,ISO 14001,true,,2019,NA
15024509,G,ISO認證,ISO 45001,true,,2019,NA
15024509,G,ISO認證,ISO 50001,true,,2019,NA
15024509,G,ISO認證,ISO 9001,true,,2018,NA
15024509,G,ISO認證,ISO 14001,true,,2018,NA
15024509,G,ISO認證,ISO 45001,true,,2018,NA
15024509,G,ISO認證,ISO 50001,true,,2018,NA
15024509,G,ISO認證,ISO 9001,true,,2017,NA
15024509,G,ISO認證,ISO 14001,true,,2017,NA
15024509,G,ISO認證,ISO 45001,true,,2017,NA
15024509,G,ISO認證,ISO 50001,true,,2017,NA
68192103,G,ISO認證,ISO 9001,true,,2020,有
68192103,G,ISO認證,ISO 14001,true,,2020,有
68192103,G,ISO認證,ISO 45001,true,,2020,有
68192103,G,ISO認證,ISO 50001,true,,2020,NA
68192103,G,ISO認證,ISO 9001,true,,2019,有
68192103,G,ISO認證,ISO 14001,true,,2019,有
68192103,G,ISO認證,ISO 45001,true,,2019,有
68192103,G,ISO認證,ISO 50001,true,,2019,NA
68192103,G,ISO認證,ISO 9001,true,,2018,有
68192103,G,ISO認證,ISO 14001,true,,2018,有
68192103,G,ISO認證,ISO 45001,true,,2018,有
68192103,G,ISO認證,ISO 50001,true,,2018,NA
07147916,G,ISO認證,ISO 9001,true,,2020,NA
07147916,G,ISO認證,ISO 14001,true,,2020,NA
07147916,G,ISO認證,ISO 45001,true,,2020,NA
07147916,G,ISO認證,ISO 50001,true,,2020,NA
07147916,G,ISO認證,ISO 9001,true,,2019,NA
07147916,G,ISO認證,ISO 14001,true,,2019,NA
07147916,G,ISO認證,ISO 45001,true,,2019,NA
07147916,G,ISO認證,ISO 50001,true,,2019,NA
07147916,G,ISO認證,ISO 9001,true,,2018,NA
07147916,G,ISO認證,ISO 14001,true,,2018,NA
07147916,G,ISO認證,ISO 45001,true,,2018,NA
07147916,G,ISO認證,ISO 50001,true,,2018,NA
07147916,G,ISO認證,ISO 9001,true,,2017,NA
07147916,G,ISO認證,ISO 14001,true,,2017,NA
07147916,G,ISO認證,ISO 45001,true,,2017,NA
07147916,G,ISO認證,ISO 50001,true,,2017,NA
11455800,G,ISO認證,ISO 9001,true,,2020,NA
11455800,G,ISO認證,ISO 14001,true,,2020,NA
11455800,G,ISO認證,ISO 45001,true,,2020,NA
11455800,G,ISO認證,ISO 50001,true,,2020,NA
11455800,G,ISO認證,ISO 9001,true,,2019,NA
11455800,G,ISO認證,ISO 14001,true,,2019,NA
11455800,G,ISO認證,ISO 45001,true,,2019,NA
11455800,G,ISO認證,ISO 50001,true,,2019,NA
11455800,G,ISO認證,ISO 9001,true,,2018,NA
11455800,G,ISO認證,ISO 14001,true,,2018,NA
11455800,G,ISO認證,ISO 45001,true,,2018,NA
11455800,G,ISO認證,ISO 50001,true,,2018,NA
11455800,G,ISO認證,ISO 9001,true,,2017,NA
11455800,G,ISO認證,ISO 14001,true,,2017,NA
11455800,G,ISO認證,ISO 45001,true,,2017,NA
11455800,G,ISO認證,ISO 50001,true,,2017,NA
58650902,G,ISO認證,ISO 9001,true,,2020,有
58650902,G,ISO認證,ISO 14001,true,,2020,有
58650902,G,ISO認證,ISO 45001,true,,2020,有
58650902,G,ISO認證,ISO 50001,true,,2020,NA
58650902,G,ISO認證,ISO 9001,true,,2019,NA
58650902,G,ISO認證,ISO 14001,true,,2019,有
58650902,G,ISO認證,ISO 45001,true,,2019,NA
58650902,G,ISO認證,ISO 50001,true,,2019,NA
58650902,G,ISO認證,ISO 9001,true,,2018,NA
58650902,G,ISO認證,ISO 14001,true,,2018,有
58650902,G,ISO認證,ISO 45001,true,,2018,NA
58650902,G,ISO認證,ISO 50001,true,,2018,NA
58650902,G,ISO認證,ISO 9001,true,,2017,NA
58650902,G,ISO認證,ISO 14001,true,,2017,有
58650902,G,ISO認證,ISO 45001,true,,2017,NA
58650902,G,ISO認證,ISO 50001,true,,2017,NA
03707901,G,ISO認證,ISO 9001,true,,2020,NA
03707901,G,ISO認證,ISO 14001,true,,2020,有
03707901,G,ISO認證,ISO 45001,true,,2020,有
03707901,G,ISO認證,ISO 50001,true,,2020,NA
03707901,G,ISO認證,ISO 9001,true,,2019,有
03707901,G,ISO認證,ISO 14001,true,,2019,有
03707901,G,ISO認證,ISO 45001,true,,2019,NA
03707901,G,ISO認證,ISO 50001,true,,2019,NA
03707901,G,ISO認證,ISO 9001,true,,2018,NA
03707901,G,ISO認證,ISO 14001,true,,2018,有
03707901,G,ISO認證,ISO 45001,true,,2018,NA
03707901,G,ISO認證,ISO 50001,true,,2018,NA
03707901,G,ISO認證,ISO 9001,true,,2017,NA
03707901,G,ISO認證,ISO 14001,true,,2017,有
03707901,G,ISO認證,ISO 45001,true,,2017,NA
03707901,G,ISO認證,ISO 50001,true,,2017,NA
26068617,G,ISO認證,ISO 9001,true,,2020,NA
26068617,G,ISO認證,ISO 14001,true,,2020,NA
26068617,G,ISO認證,ISO 45001,true,,2020,NA
26068617,G,ISO認證,ISO 50001,true,,2020,NA
26068617,G,ISO認證,ISO 9001,true,,2019,NA
26068617,G,ISO認證,ISO 14001,true,,2019,NA
26068617,G,ISO認證,ISO 45001,true,,2019,NA
26068617,G,ISO認證,ISO 50001,true,,2019,NA
26068617,G,ISO認證,ISO 9001,true,,2018,NA
26068617,G,ISO認證,ISO 14001,true,,2018,NA
26068617,G,ISO認證,ISO 45001,true,,2018,NA
26068617,G,ISO認證,ISO 50001,true,,2018,NA
26068617,G,ISO認證,ISO 9001,true,,2017,NA
26068617,G,ISO認證,ISO 14001,true,,2017,NA
26068617,G,ISO認證,ISO 45001,true,,2017,NA
26068617,G,ISO認證,ISO 50001,true,,2017,NA
37722768,G,ISO認證,ISO 9001,true,,2020,NA
37722768,G,ISO認證,ISO 14001,true,,2020,NA
37722768,G,ISO認證,ISO 45001,true,,2020,NA
37722768,G,ISO認證,ISO 50001,true,,2020,NA
37722768,G,ISO認證,ISO 9001,true,,2019,NA
37722768,G,ISO認證,ISO 14001,true,,2019,NA
37722768,G,ISO認證,ISO 45001,true,,2019,NA
37722768,G,ISO認證,ISO 50001,true,,2019,NA
37722768,G,ISO認證,ISO 9001,true,,2018,NA
37722768,G,ISO認證,ISO 14001,true,,2018,NA
37722768,G,ISO認證,ISO 45001,true,,2018,NA
37722768,G,ISO認證,ISO 50001,true,,2018,NA
37722768,G,ISO認證,ISO 9001,true,,2017,NA
37722768,G,ISO認證,ISO 14001,true,,2017,NA
37722768,G,ISO認證,ISO 45001,true,,2017,NA
37722768,G,ISO認證,ISO 50001,true,,2017,NA
82716171,G,ISO認證,ISO 9001,true,,2020,NA
82716171,G,ISO認證,ISO 14001,true,,2020,NA
82716171,G,ISO認證,ISO 45001,true,,2020,NA
82716171,G,ISO認證,ISO 50001,true,,2020,NA
82716171,G,ISO認證,ISO 9001,true,,2019,NA
82716171,G,ISO認證,ISO 14001,true,,2019,NA
82716171,G,ISO認證,ISO 45001,true,,2019,NA
82716171,G,ISO認證,ISO 50001,true,,2019,NA
82716171,G,ISO認證,ISO 9001,true,,2018,NA
82716171,G,ISO認證,ISO 14001,true,,2018,NA
82716171,G,ISO認證,ISO 45001,true,,2018,NA
82716171,G,ISO認證,ISO 50001,true,,2018,NA
82716171,G,ISO認證,ISO 9001,true,,2017,NA
82716171,G,ISO認證,ISO 14001,true,,2017,NA
82716171,G,ISO認證,ISO 45001,true,,2017,NA
82716171,G,ISO認證,ISO 50001,true,,2017,NA
89323361,G,ISO認證,ISO 9001,true,,2020,NA
89323361,G,ISO認證,ISO 14001,true,,2020,NA
89323361,G,ISO認證,ISO 45001,true,,2020,NA
89323361,G,ISO認證,ISO 50001,true,,2020,NA
89323361,G,ISO認證,ISO 9001,true,,2019,NA
89323361,G,ISO認證,ISO 14001,true,,2019,NA
89323361,G,ISO認證,ISO 45001,true,,2019,NA
89323361,G,ISO認證,ISO 50001,true,,2019,NA
89323361,G,ISO認證,ISO 9001,true,,2018,NA
89323361,G,ISO認證,ISO 14001,true,,2018,NA
89323361,G,ISO認證,ISO 45001,true,,2018,NA
89323361,G,ISO認證,ISO 50001,true,,2018,NA
89323361,G,ISO認證,ISO 9001,true,,2017,NA
89323361,G,ISO認證,ISO 14001,true,,2017,NA
89323361,G,ISO認證,ISO 45001,true,,2017,NA
89323361,G,ISO認證,ISO 50001,true,,2017,NA
35894259,G,ISO認證,ISO 9001,true,,2020,NA
35894259,G,ISO認證,ISO 14001,true,,2020,有
35894259,G,ISO認證,ISO 45001,true,,2020,NA
35894259,G,ISO認證,ISO 50001,true,,2020,NA
35894259,G,ISO認證,ISO 9001,true,,2019,NA
35894259,G,ISO認證,ISO 14001,true,,2019,有
35894259,G,ISO認證,ISO 45001,true,,2019,NA
35894259,G,ISO認證,ISO 50001,true,,2019,NA
35894259,G,ISO認證,ISO 9001,true,,2018,NA
35894259,G,ISO認證,ISO 14001,true,,2018,有
35894259,G,ISO認證,ISO 45001,true,,2018,NA
35894259,G,ISO認證,ISO 50001,true,,2018,NA
35894259,G,ISO認證,ISO 9001,true,,2017,NA
35894259,G,ISO認證,ISO 14001,true,,2017,有
35894259,G,ISO認證,ISO 45001,true,,2017,NA
35894259,G,ISO認證,ISO 50001,true,,2017,NA
11846954,G,ISO認證,ISO 9001,true,,2020,NA
11846954,G,ISO認證,ISO 14001,true,,2020,NA
11846954,G,ISO認證,ISO 45001,true,,2020,NA
11846954,G,ISO認證,ISO 50001,true,,2020,NA
11846954,G,ISO認證,ISO 9001,true,,2019,NA
11846954,G,ISO認證,ISO 14001,true,,2019,NA
11846954,G,ISO認證,ISO 45001,true,,2019,NA
11846954,G,ISO認證,ISO 50001,true,,2019,NA
11846954,G,ISO認證,ISO 9001,true,,2018,NA
11846954,G,ISO認證,ISO 14001,true,,2018,NA
11846954,G,ISO認證,ISO 45001,true,,2018,NA
11846954,G,ISO認證,ISO 50001,true,,2018,NA
11846954,G,ISO認證,ISO 9001,true,,2017,NA
11846954,G,ISO認證,ISO 14001,true,,2017,NA
11846954,G,ISO認證,ISO 45001,true,,2017,NA
11846954,G,ISO認證,ISO 50001,true,,2017,NA
86522210,G,ISO認證,ISO 9001,true,,2020,有
86522210,G,ISO認證,ISO 14001,true,,2020,NA
86522210,G,ISO認證,ISO 45001,true,,2020,有
86522210,G,ISO認證,ISO 50001,true,,2020,NA
86522210,G,ISO認證,ISO 9001,true,,2019,有
86522210,G,ISO認證,ISO 14001,true,,2019,NA
86522210,G,ISO認證,ISO 45001,true,,2019,有
86522210,G,ISO認證,ISO 50001,true,,2019,NA
86522210,G,ISO認證,ISO 9001,true,,2018,有
86522210,G,ISO認證,ISO 14001,true,,2018,NA
86522210,G,ISO認證,ISO 45001,true,,2018,有
86522210,G,ISO認證,ISO 50001,true,,2018,NA
86522210,G,ISO認證,ISO 9001,true,,2017,有
86522210,G,ISO認證,ISO 14001,true,,2017,NA
86522210,G,ISO認證,ISO 45001,true,,2017,NA
86522210,G,ISO認證,ISO 50001,true,,2017,NA
86120031,G,ISO認證,ISO 9001,true,,2018,NA
86120031,G,ISO認證,ISO 14001,true,,2018,NA
86120031,G,ISO認證,ISO 45001,true,,2018,NA
86120031,G,ISO認證,ISO 50001,true,,2018,NA
86120031,G,ISO認證,ISO 9001,true,,2019,NA
86120031,G,ISO認證,ISO 14001,true,,2019,NA
86120031,G,ISO認證,ISO 45001,true,,2019,NA
86120031,G,ISO認證,ISO 50001,true,,2019,NA
75708007,X,相關金融商品,永豐台灣ESG永續優質ETF基金,,,2019,T
75708007,X,相關金融商品,富邦臺灣公司治理100基金,,,2019,T
75708007,X,相關金融商品,永豐台灣ESG永續優質ETF基金,,,2018,T
75708007,X,相關金融商品,富邦臺灣公司治理100基金,,,2018,T
75370905,X,相關金融商品,元大臺灣ESG永續ETF基金,,,2019,T
75370905,X,相關金融商品,永豐台灣ESG永續優質ETF基金,,,2019,T
75370905,X,相關金融商品,國泰ESG永續高股息,,,2019,T
75370905,X,相關金融商品,富邦臺灣公司治理100基金,,,2019,T
75370905,X,相關金融商品,元大臺灣ESG永續ETF基金,,,2018,T
75370905,X,相關金融商品,永豐台灣ESG永續優質ETF基金,,,2018,T
75370905,X,相關金融商品,國泰ESG永續高股息,,,2018,T
75370905,X,相關金融商品,富邦臺灣公司治理100基金,,,2018,T
20747385,X,相關金融商品,富邦臺灣公司治理100基金,,,2019,T
20747385,X,相關金融商品,富邦臺灣公司治理100基金,,,2018,T
58650902,X,相關金融商品,元大臺灣ESG永續ETF基金,,,2019,T
58650902,X,相關金融商品,永豐台灣ESG永續優質ETF基金,,,2019,T
58650902,X,相關金融商品,富邦臺灣公司治理100基金,,,2019,T
58650902,X,相關金融商品,元大臺灣ESG永續ETF基金,,,2018,T
58650902,X,相關金融商品,永豐台灣ESG永續優質ETF基金,,,2018,T
58650902,X,相關金融商品,富邦臺灣公司治理100基金,,,2018,T
58650902,X,相關金融商品,元大臺灣ESG永續ETF基金,,,2020,T
58650902,X,相關金融商品,永豐台灣ESG永續優質ETF基金,,,2020,T
58650902,X,相關金融商品,富邦臺灣公司治理100基金,,,2020,T
75708007,X,相關金融商品,永豐台灣ESG永續優質ETF基金,,,2020,T
75708007,X,相關金融商品,富邦臺灣公司治理100基金,,,2020,T
86522210,X,相關金融商品,元大臺灣ESG永續ETF基金,,,2020,T
86522210,X,相關金融商品,永豐台灣ESG永續優質ETF基金,,,2020,T
86522210,X,相關金融商品,富邦臺灣公司治理100基金,,,2020,T
20747385,X,相關金融商品,富邦臺灣公司治理100基金,,,2020,T
75370905,X,相關金融商品,元大臺灣ESG永續ETF基金,,,2020,T
75370905,X,相關金融商品,永豐台灣ESG永續優質ETF基金,,,2020,T
75370905,X,相關金融商品,國泰ESG永續高股息,,,2020,T
75370905,X,相關金融商品,富邦臺灣公司治理100基金,,,2020,T
86522210,X,相關金融商品,元大臺灣ESG永續ETF基金,,,2019,T
86522210,X,相關金融商品,永豐台灣ESG永續優質ETF基金,,,2019,T
86522210,X,相關金融商品,富邦臺灣公司治理100基金,,,2019,T
86522210,X,相關金融商品,元大臺灣ESG永續ETF基金,,,2018,T
86522210,X,相關金融商品,永豐台灣ESG永續優質ETF基金,,,2018,T
86522210,X,相關金融商品,富邦臺灣公司治理100基金,,,2018,T
