統編,分類,子分類,項目,來自公司報告,單位,年份,數值
33029464,E,溫室氣體排放,溫室氣體減量目標說明,,,2021,NA
33029464,E,溫室氣體排放,溫室氣體減量承諾,,,2021,未填報
03213392,E,溫室氣體排放,溫室氣體減量目標說明,,,2021,NA
03213392,E,溫室氣體排放,溫室氣體減量承諾,,,2021,未填報
11099726,E,溫室氣體排放,溫室氣體減量目標說明,,,2021,NA
11099726,E,溫室氣體排放,溫室氣體減量承諾,,,2021,未填報
20982120,E,溫室氣體排放,溫室氣體減量目標說明,,,2021,NA
20982120,E,溫室氣體排放,溫室氣體減量承諾,,,2021,未填報
11551634,E,溫室氣體排放,溫室氣體減量目標說明,,,2021,NA
11551634,E,溫室氣體排放,溫室氣體減量承諾,,,2021,未填報
34211074,E,溫室氣體排放,溫室氣體減量目標說明,,,2021,NA
34211074,E,溫室氣體排放,溫室氣體減量承諾,,,2021,未填報
22224692,E,溫室氣體排放,溫室氣體減量目標說明,,,2021,NA
22224692,E,溫室氣體排放,溫室氣體減量承諾,,,2021,未填報
29538509,E,溫室氣體排放,溫室氣體減量目標說明,,,2021,NA
29538509,E,溫室氣體排放,溫室氣體減量承諾,,,2021,未填報
84252401,E,溫室氣體排放,溫室氣體減量目標說明,,,2021,NA
84252401,E,溫室氣體排放,溫室氣體減量承諾,,,2021,未填報
52646207,E,溫室氣體排放,溫室氣體減量目標說明,,,2021,NA
52646207,E,溫室氣體排放,溫室氣體減量承諾,,,2021,未填報
52903090,E,溫室氣體排放,溫室氣體減量目標說明,,,2021,NA
52903090,E,溫室氣體排放,溫室氣體減量承諾,,,2021,未填報
55754185,E,溫室氣體排放,溫室氣體減量目標說明,,,2021,NA
55754185,E,溫室氣體排放,溫室氣體減量承諾,,,2021,未填報
52353530,E,溫室氣體排放,溫室氣體減量目標說明,,,2021,NA
52353530,E,溫室氣體排放,溫室氣體減量承諾,,,2021,未填報
41048746,E,溫室氣體排放,溫室氣體減量目標說明,,,2021,NA
41048746,E,溫室氣體排放,溫室氣體減量承諾,,,2021,未填報
23503047,E,溫室氣體排放,溫室氣體減量目標說明,,,2021,NA
23503047,E,溫室氣體排放,溫室氣體減量承諾,,,2021,未填報
23603284,E,溫室氣體排放,溫室氣體減量目標說明,,,2021,NA
23603284,E,溫室氣體排放,溫室氣體減量承諾,,,2021,未填報
29168533,E,溫室氣體排放,溫室氣體減量目標說明,,,2021,NA
29168533,E,溫室氣體排放,溫室氣體減量承諾,,,2021,未填報
22301178,E,溫室氣體排放,溫室氣體減量目標說明,,,2021,NA
22301178,E,溫室氣體排放,溫室氣體減量承諾,,,2021,未填報
50721361,E,溫室氣體排放,溫室氣體減量目標說明,,,2021,NA
50721361,E,溫室氣體排放,溫室氣體減量承諾,,,2021,未填報
28919500,E,溫室氣體排放,溫室氣體減量目標說明,,,2021,NA
28919500,E,溫室氣體排放,溫室氣體減量承諾,,,2021,未填報
23019109,E,溫室氣體排放,溫室氣體減量目標說明,,,2021,NA
23019109,E,溫室氣體排放,溫室氣體減量承諾,,,2021,未填報
24262159,E,溫室氣體排放,溫室氣體減量目標說明,,,2021,NA
24262159,E,溫室氣體排放,溫室氣體減量承諾,,,2021,未填報
85282254,E,溫室氣體排放,溫室氣體減量目標說明,,,2021,NA
85282254,E,溫室氣體排放,溫室氣體減量承諾,,,2021,未填報
23830154,E,溫室氣體排放,溫室氣體減量目標說明,,,2021,NA
23830154,E,溫室氣體排放,溫室氣體減量承諾,,,2021,未填報
70647919,E,溫室氣體排放,溫室氣體減量目標說明,,,2021,NA
70647919,E,溫室氣體排放,溫室氣體減量承諾,,,2021,未填報
12486062,E,溫室氣體排放,溫室氣體減量目標說明,,,2021,NA
12486062,E,溫室氣體排放,溫室氣體減量承諾,,,2021,未填報
11332202,E,溫室氣體排放,溫室氣體減量目標說明,,,2021,節能減排目標：宣示「十年減排 20%」 2025 較 2015 年累積降低 20%，每年降低 2%由於全球暖化，溫室效應已對全人類產生衝擊，東元以「節能、減排、智能、自動」的願景領 先「國家溫室氣體減量目標」，從原料供應鏈、高效率產品設計及生產製程進一步檢視、監控， 期能由內而外，由上而下，達到整體產品生命週期及供應鏈綠化之目標。針對管理方式及目標， 東元宣示「十年減排 50%」，基準年設定為 2020，目標在 2030 年時降低 50%的碳排放，追循各國宣示淨零排放同時；遵照政府宣布之淨零排放路徑及策略來維持國際級競爭力。「十年減排 50%」的使命下，將計劃成果擴大實施至海外廠區，使全集團同步未減碳排放而努力，並全面實施「永續KPI」，將永續管理深植於東元企業文化。參考網址:https://www.teco.com.tw/csr/default.aspx?gid=4
11332202,E,溫室氣體排放,溫室氣體減量承諾,,,2021,有淨零目標有減碳目標
03474311,E,溫室氣體排放,溫室氣體減量目標說明,,,2021,未來將推動節能減碳專案，期使111年溫室氣體排放密集度可低減0.01公噸CO2e/噸，請詳勤美110年度永續報告書「TCFD氣候相關財務揭露」專欄。
03474311,E,溫室氣體排放,溫室氣體減量承諾,,,2021,有減碳目標
23556563,E,溫室氣體排放,溫室氣體減量目標說明,,,2021,本公司訂立每年減量1%為目標，將透過完善的管理與監控和能源有效運用及全員的節能宣導與推動，持續努力減少溫室氣體的排放量。
23556563,E,溫室氣體排放,溫室氣體減量承諾,,,2021,有減碳目標
23248433,E,溫室氣體排放,溫室氣體減量目標說明,,,2021,本公司主要的能源消耗以電力及液化天然氣為主，在節能方面，透過持續的監控系統及生產單位自主管理，使生產單位的電力消耗日益降低，達到能源的有效利用，以年整體用電密集度(總用電量/百萬台幣營收)下降5%及年整體排碳密集度(總排碳量/百萬台幣營收)下降5%為目標。
23248433,E,溫室氣體排放,溫室氣體減量承諾,,,2021,有減碳目標
03089008,E,溫室氣體排放,溫室氣體減量目標說明,,,2021,本公司溫室氣體盤查基準年訂為2020年，制定每年節能應達1%以上與溫室氣體排放量目標以5年後達減碳3%以上。
03089008,E,溫室氣體排放,溫室氣體減量承諾,,,2021,有減碳目標
16755427,E,溫室氣體排放,溫室氣體減量目標說明,,,2021,每年較上一年溫室氣體排放密度(溫室氣體排放量/營收)減少1%。
16755427,E,溫室氣體排放,溫室氣體減量承諾,,,2021,有減碳目標
88120872,E,溫室氣體排放,溫室氣體減量目標說明,,,2021,期望下年度能達成較上一年溫室氣體排放量減少1%。
88120872,E,溫室氣體排放,溫室氣體減量承諾,,,2021,有減碳目標
11039306,E,溫室氣體排放,溫室氣體減量目標說明,,,2021,每年節能改善措施共計節能100Mwh。
11039306,E,溫室氣體排放,溫室氣體減量承諾,,,2021,無目標
68193807,E,溫室氣體排放,溫室氣體減量目標說明,,,2021,擬訂中
68193807,E,溫室氣體排放,溫室氣體減量承諾,,,2021,無目標
55759180,E,溫室氣體排放,溫室氣體減量目標說明,,,2021,資料尚在驗證
55759180,E,溫室氣體排放,溫室氣體減量承諾,,,2021,無目標
59008318,E,溫室氣體排放,溫室氣體減量目標說明,,,2021,評估推動進行
59008318,E,溫室氣體排放,溫室氣體減量承諾,,,2021,無目標
33284077,E,溫室氣體排放,溫室氣體減量目標說明,,,2021,待溫室氣體盤查後訂定減量目標
33284077,E,溫室氣體排放,溫室氣體減量承諾,,,2021,無目標
44947686,E,溫室氣體排放,溫室氣體減量目標說明,,,2021,目前尚未規劃。
44947686,E,溫室氣體排放,溫室氣體減量承諾,,,2021,無目標
43938484,E,溫室氣體排放,溫室氣體減量目標說明,,,2021,無
43938484,E,溫室氣體排放,溫室氣體減量承諾,,,2021,無目標
97413843,E,溫室氣體排放,溫室氣體減量目標說明,,,2021,1. 溫室氣體排放量密度較前一年減少16%2. 2022年導入溫室氣體盤點及能源管理系統
97413843,E,溫室氣體排放,溫室氣體減量承諾,,,2021,無目標
04431804,E,溫室氣體排放,溫室氣體減量目標說明,,,2021,年度溫室氣體排放總量與銷售訂單相關，將依照政府政策，調整節能減碳與能源管理目標。
04431804,E,溫室氣體排放,溫室氣體減量承諾,,,2021,無目標
35319185,E,溫室氣體排放,溫室氣體減量目標說明,,,2021,正在評估中。
35319185,E,溫室氣體排放,溫室氣體減量承諾,,,2021,無目標
53666460,E,溫室氣體排放,溫室氣體減量目標說明,,,2021,三個生產工廠寧亞、廣亞及台亞已設定中長期節能目標為2025年每增加萬元銷售產值產生的能耗需較2021年減少15%、10%及8%。
53666460,E,溫室氣體排放,溫室氣體減量承諾,,,2021,僅有節電承諾
11026506,E,溫室氣體排放,溫室氣體減量目標說明,,,2021,人為排放之溫室氣體造成全球暖化，大幅提高極端氣候發生的頻率，亦對公司的營運產生不小的風險，大同為了善盡企業社會責任以及降低營運成本及風險，繼第1期節能目標於107年到期後，再於108年訂定第2期節能目標，仍以生產廠區劃分，採用單位產品能源密集度為指標，設定以107年的能源密集度作為基準，於112年達到再降低6%的目標。
11026506,E,溫室氣體排放,溫室氣體減量承諾,,,2021,僅有節電承諾
38582821,E,溫室氣體排放,溫室氣體減量目標說明,,,2021,本集團每年6月及12月為環保宣傳月，向員工宣導各項節能減碳政策。設定每年節電2%為具體目標對各生產基地進行管理，參考ISO 14064-1規範每年進行溫室氣體盤查，追蹤減排成效並公開揭露於公司網站。
38582821,E,溫室氣體排放,溫室氣體減量承諾,,,2021,僅有節電承諾
12461082,E,溫室氣體排放,溫室氣體減量目標說明,,,2021,NA
12461082,E,溫室氣體排放,溫室氣體減量承諾,,,2021,未填報
86985605,E,溫室氣體排放,溫室氣體減量目標說明,,,2021,NA
86985605,E,溫室氣體排放,溫室氣體減量承諾,,,2021,未填報
53650116,E,溫室氣體排放,溫室氣體減量目標說明,,,2021,NA
53650116,E,溫室氣體排放,溫室氣體減量承諾,,,2021,未填報
22546808,E,溫室氣體排放,溫室氣體減量目標說明,,,2021,NA
22546808,E,溫室氣體排放,溫室氣體減量承諾,,,2021,未填報
66402912,E,溫室氣體排放,溫室氣體減量目標說明,,,2021,NA
66402912,E,溫室氣體排放,溫室氣體減量承諾,,,2021,未填報
89855649,E,溫室氣體排放,溫室氣體減量目標說明,,,2021,NA
89855649,E,溫室氣體排放,溫室氣體減量承諾,,,2021,未填報
86406401,E,溫室氣體排放,溫室氣體減量目標說明,,,2021,NA
86406401,E,溫室氣體排放,溫室氣體減量承諾,,,2021,未填報
75940820,E,溫室氣體排放,溫室氣體減量目標說明,,,2021,NA
75940820,E,溫室氣體排放,溫室氣體減量承諾,,,2021,未填報
22193115,E,溫室氣體排放,溫室氣體減量目標說明,,,2021,NA
22193115,E,溫室氣體排放,溫室氣體減量承諾,,,2021,未填報
12499995,E,溫室氣體排放,溫室氣體減量目標說明,,,2021,NA
12499995,E,溫室氣體排放,溫室氣體減量承諾,,,2021,未填報
52811070,E,溫室氣體排放,溫室氣體減量目標說明,,,2021,NA
52811070,E,溫室氣體排放,溫室氣體減量承諾,,,2021,未填報
55857746,E,溫室氣體排放,溫室氣體減量目標說明,,,2021,NA
55857746,E,溫室氣體排放,溫室氣體減量承諾,,,2021,未填報
55848584,E,溫室氣體排放,溫室氣體減量目標說明,,,2021,NA
55848584,E,溫室氣體排放,溫室氣體減量承諾,,,2021,未填報
22522361,E,溫室氣體排放,溫室氣體減量目標說明,,,2021,NA
22522361,E,溫室氣體排放,溫室氣體減量承諾,,,2021,未填報
22551554,E,溫室氣體排放,溫室氣體減量目標說明,,,2021,NA
22551554,E,溫室氣體排放,溫室氣體減量承諾,,,2021,未填報
36243760,E,溫室氣體排放,溫室氣體減量目標說明,,,2021,NA
36243760,E,溫室氣體排放,溫室氣體減量承諾,,,2021,未填報
36096704,E,溫室氣體排放,溫室氣體減量目標說明,,,2021,NA
36096704,E,溫室氣體排放,溫室氣體減量承諾,,,2021,未填報
84189908,E,溫室氣體排放,溫室氣體減量目標說明,,,2021,NA
84189908,E,溫室氣體排放,溫室氣體減量承諾,,,2021,未填報
60256758,E,溫室氣體排放,溫室氣體減量目標說明,,,2021,NA
60256758,E,溫室氣體排放,溫室氣體減量承諾,,,2021,未填報
84271478,E,溫室氣體排放,溫室氣體減量目標說明,,,2021,NA
84271478,E,溫室氣體排放,溫室氣體減量承諾,,,2021,未填報
23209895,E,溫室氣體排放,溫室氣體減量目標說明,,,2021,NA
23209895,E,溫室氣體排放,溫室氣體減量承諾,,,2021,未填報
59362767,E,溫室氣體排放,溫室氣體減量目標說明,,,2021,NA
59362767,E,溫室氣體排放,溫室氣體減量承諾,,,2021,未填報
54705928,E,溫室氣體排放,溫室氣體減量目標說明,,,2021,NA
54705928,E,溫室氣體排放,溫室氣體減量承諾,,,2021,未填報
15877936,E,溫室氣體排放,溫室氣體減量目標說明,,,2021,NA
15877936,E,溫室氣體排放,溫室氣體減量承諾,,,2021,未填報
22994919,E,溫室氣體排放,溫室氣體減量目標說明,,,2021,NA
22994919,E,溫室氣體排放,溫室氣體減量承諾,,,2021,未填報
44549792,E,溫室氣體排放,溫室氣體減量目標說明,,,2021,NA
44549792,E,溫室氣體排放,溫室氣體減量承諾,,,2021,未填報
16264415,E,溫室氣體排放,溫室氣體減量目標說明,,,2021,NA
16264415,E,溫室氣體排放,溫室氣體減量承諾,,,2021,未填報
22794503,E,溫室氣體排放,溫室氣體減量目標說明,,,2021,設定110年為基準年，起始年為111年，短期目標年為113年，3年共計碳排放強度較基準年減少8%，119年碳排放強度較基準年減少20%，139年碳排放強度較基準年減少50%。
22794503,E,溫室氣體排放,溫室氣體減量承諾,,,2021,有減碳目標
86195222,E,溫室氣體排放,溫室氣體減量目標說明,,,2021,持續每年較前一年節能滅碳1%以上為目標，以減少碳排放量，降低地球溫室效應。公司將會持續推動更多節能減碳政策，對全體員工宣導，逐步邁向永續發展、低碳綠色企業目標。
86195222,E,溫室氣體排放,溫室氣體減量承諾,,,2021,有減碳目標
16359284,E,溫室氣體排放,溫室氣體減量目標說明,,,2021,本公司針對環境、氣候之因應措施亦包括持續推展節能減碳項目，以達減少二氧化碳排放之目的，以每年減少碳排量1%為目標，落實資源回收，愛惜資源。
16359284,E,溫室氣體排放,溫室氣體減量承諾,,,2021,有減碳目標
16748101,E,溫室氣體排放,溫室氣體減量目標說明,,,2021,2030年與2015年(基準年)相比，達單位產品溫室氣體排放當量減量50％之目標
16748101,E,溫室氣體排放,溫室氣體減量承諾,,,2021,有減碳目標
36253534,E,溫室氣體排放,溫室氣體減量目標說明,,,2021,目前尚處溫室氣體排放內部自行盤查階段，預計於完成查證後，據以訂定目標。
36253534,E,溫室氣體排放,溫室氣體減量承諾,,,2021,無目標
86070187,E,溫室氣體排放,溫室氣體減量目標說明,,,2021,公司尚無相關規範
86070187,E,溫室氣體排放,溫室氣體減量承諾,,,2021,無目標
22479934,E,溫室氣體排放,溫室氣體減量目標說明,,,2021,先核算出溫室氣體量，逐步進行減量
22479934,E,溫室氣體排放,溫室氣體減量承諾,,,2021,無目標
05087498,E,溫室氣體排放,溫室氣體減量目標說明,,,2021,本公司已開始籌備並藉由外部顧問協助盤查營運總部及工廠之排放量，未來將針對電與水之減量來降低間接排放之溫室氣體數量，具體減量目標將於盤查完成後，並經董事會通過後訂定。
05087498,E,溫室氣體排放,溫室氣體減量承諾,,,2021,無目標
55878947,E,溫室氣體排放,溫室氣體減量目標說明,,,2021,無統計數據可茲研擬
55878947,E,溫室氣體排放,溫室氣體減量承諾,,,2021,無目標
59260902,E,溫室氣體排放,溫室氣體減量目標說明,,,2021,尚在計畫中。
59260902,E,溫室氣體排放,溫室氣體減量承諾,,,2021,無目標
52604255,E,溫室氣體排放,溫室氣體減量目標說明,,,2021,盤查後訂定目標
52604255,E,溫室氣體排放,溫室氣體減量承諾,,,2021,無目標
22212598,E,溫室氣體排放,溫室氣體減量目標說明,,,2021,因尚未進行盤查及了解廠內排碳量，先核算溫室氣體量，逐步減量，待完成盤查後再設定減量目標。
22212598,E,溫室氣體排放,溫室氣體減量承諾,,,2021,無目標
05114306,E,溫室氣體排放,溫室氣體減量目標說明,,,2021,本公司已開始籌備並藉由外部顧問協助盤查營運總部及施工所之排放量，未來將針對電與水之減量來降低間接排放之溫室氣體數量，具體減量目標將於盤查完成後，並經董事會通過後訂定。
05114306,E,溫室氣體排放,溫室氣體減量承諾,,,2021,無目標
86122164,E,溫室氣體排放,溫室氣體減量目標說明,,,2021,間接(範疇二)溫室氣體排放量減量目標尚待訂定。
86122164,E,溫室氣體排放,溫室氣體減量承諾,,,2021,無目標
83599094,E,溫室氣體排放,溫室氣體減量目標說明,,,2021,無資料。
83599094,E,溫室氣體排放,溫室氣體減量承諾,,,2021,無目標
22101002,E,溫室氣體排放,溫室氣體減量目標說明,,,2021,公司目前針對電能之減量來降間接排放之溫室氣體數量。
22101002,E,溫室氣體排放,溫室氣體減量承諾,,,2021,無目標
73707377,E,溫室氣體排放,溫室氣體減量目標說明,,,2021,本公司已擬定碳盤查時程，待完成盤查後再行設定減量目標。
73707377,E,溫室氣體排放,溫室氣體減量承諾,,,2021,無目標
80621419,E,溫室氣體排放,溫室氣體減量目標說明,,,2021,本公司二氧化碳排放量99%以上來自電力及水，因此電力與水的節約為節能減碳之優先目標，預計111年節省用電及水量與110年比較以節省1%為目標，減少溫室氣體排放量。
80621419,E,溫室氣體排放,溫室氣體減量承諾,,,2021,僅有節電承諾
04416894,E,溫室氣體排放,溫室氣體減量目標說明,,,2021,"公司產品產製過程不涉及範疇一.直接碳排放，在範疇二.間接排放量則以2019年使用電度(1,893,397度)為基準年，啟動第二次五年期節電計劃，以基準年電度為準降幅2%為節電目標。"
04416894,E,溫室氣體排放,溫室氣體減量承諾,,,2021,僅有節電承諾
80132123,E,溫室氣體排放,溫室氣體減量目標說明,,,2021,溫室氣體排放主要以來自電力及水，所以電力與水的節約為節能減碳之優先目標，預計111年節省用電及水量與110年比較以節省1%為目標，減少溫室氣體總排放量。
80132123,E,溫室氣體排放,溫室氣體減量承諾,,,2021,僅有節電承諾
11026506,E,空氣污染物申報-一般空氣污染物,氮氧化物,,,2009,7.880000000000001
11026506,E,空氣污染物申報-一般空氣污染物,硫氧化物,,,2009,4.858
11026506,E,空氣污染物申報-一般空氣污染物,粒狀污染物,,,2009,8.765999999999998
11026506,E,空氣污染物申報-一般空氣污染物,揮發性有機化合物,,,2009,147.52700000000004
11039306,E,空氣污染物申報-一般空氣污染物,粒狀污染物,,,2009,0.248
11039306,E,空氣污染物申報-一般空氣污染物,揮發性有機化合物,,,2009,10.785
11332202,E,空氣污染物申報-一般空氣污染物,氮氧化物,,,2009,2.2630000000000003
11332202,E,空氣污染物申報-一般空氣污染物,硫氧化物,,,2009,1.7970000000000002
11332202,E,空氣污染物申報-一般空氣污染物,粒狀污染物,,,2009,20.976
11332202,E,空氣污染物申報-一般空氣污染物,揮發性有機化合物,,,2009,70.828
11824327,E,空氣污染物申報-一般空氣污染物,氮氧化物,,,2009,0.23900000000000002
11824327,E,空氣污染物申報-一般空氣污染物,硫氧化物,,,2009,0.342
16748101,E,空氣污染物申報-一般空氣污染物,揮發性有機化合物,,,2009,40.977999999999994
20982120,E,空氣污染物申報-一般空氣污染物,氮氧化物,,,2009,1.219
20982120,E,空氣污染物申報-一般空氣污染物,硫氧化物,,,2009,0.8400000000000001
20982120,E,空氣污染物申報-一般空氣污染物,揮發性有機化合物,,,2009,0.20400000000000001
22212598,E,空氣污染物申報-一般空氣污染物,氮氧化物,,,2009,0.028
22212598,E,空氣污染物申報-一般空氣污染物,硫氧化物,,,2009,0.043
22212598,E,空氣污染物申報-一般空氣污染物,粒狀污染物,,,2009,0.006
22212598,E,空氣污染物申報-一般空氣污染物,揮發性有機化合物,,,2009,1.426
22522361,E,空氣污染物申報-一般空氣污染物,氮氧化物,,,2009,0.008
22522361,E,空氣污染物申報-一般空氣污染物,揮發性有機化合物,,,2009,17.124000000000002
22546808,E,空氣污染物申報-一般空氣污染物,揮發性有機化合物,,,2009,0.374
22794503,E,空氣污染物申報-一般空氣污染物,氮氧化物,,,2009,0.792
22794503,E,空氣污染物申報-一般空氣污染物,硫氧化物,,,2009,1.14
22794503,E,空氣污染物申報-一般空氣污染物,揮發性有機化合物,,,2009,3.8480000000000003
23209895,E,空氣污染物申報-一般空氣污染物,氮氧化物,,,2009,0.265
23209895,E,空氣污染物申報-一般空氣污染物,硫氧化物,,,2009,0.38
23209895,E,空氣污染物申報-一般空氣污染物,粒狀污染物,,,2009,0.072
23209895,E,空氣污染物申報-一般空氣污染物,揮發性有機化合物,,,2009,5.475
23248433,E,空氣污染物申報-一般空氣污染物,氮氧化物,,,2009,3.88
23248433,E,空氣污染物申報-一般空氣污染物,硫氧化物,,,2009,5.3
23248433,E,空氣污染物申報-一般空氣污染物,粒狀污染物,,,2009,0.517
23248433,E,空氣污染物申報-一般空氣污染物,揮發性有機化合物,,,2009,5.1899999999999995
23503047,E,空氣污染物申報-一般空氣污染物,氮氧化物,,,2009,0.339
23503047,E,空氣污染物申報-一般空氣污染物,硫氧化物,,,2009,0.32099999999999995
23503047,E,空氣污染物申報-一般空氣污染物,粒狀污染物,,,2009,6.1850000000000005
23503047,E,空氣污染物申報-一般空氣污染物,揮發性有機化合物,,,2009,3.2710000000000004
23603284,E,空氣污染物申報-一般空氣污染物,氮氧化物,,,2009,0.132
23603284,E,空氣污染物申報-一般空氣污染物,硫氧化物,,,2009,0.19
33029464,E,空氣污染物申報-一般空氣污染物,揮發性有機化合物,,,2009,5.966
33284077,E,空氣污染物申報-一般空氣污染物,氮氧化物,,,2009,0.4650000000000001
33284077,E,空氣污染物申報-一般空氣污染物,硫氧化物,,,2009,0.039
33284077,E,空氣污染物申報-一般空氣污染物,粒狀污染物,,,2009,1.435
33284077,E,空氣污染物申報-一般空氣污染物,揮發性有機化合物,,,2009,6.393
34211074,E,空氣污染物申報-一般空氣污染物,揮發性有機化合物,,,2009,1.8599999999999999
35309102,E,空氣污染物申報-一般空氣污染物,揮發性有機化合物,,,2009,2.105
35319185,E,空氣污染物申報-一般空氣污染物,氮氧化物,,,2009,0.004
35945095,E,空氣污染物申報-一般空氣污染物,揮發性有機化合物,,,2009,0.056
36096704,E,空氣污染物申報-一般空氣污染物,揮發性有機化合物,,,2009,0.235
52353530,E,空氣污染物申報-一般空氣污染物,揮發性有機化合物,,,2009,7.671
52604255,E,空氣污染物申報-一般空氣污染物,氮氧化物,,,2009,1.099
52903090,E,空氣污染物申報-一般空氣污染物,揮發性有機化合物,,,2009,4.223000000000001
55759180,E,空氣污染物申報-一般空氣污染物,揮發性有機化合物,,,2009,0.169
55857746,E,空氣污染物申報-一般空氣污染物,揮發性有機化合物,,,2009,1.6
55878947,E,空氣污染物申報-一般空氣污染物,氮氧化物,,,2009,6.800999999999999
55878947,E,空氣污染物申報-一般空氣污染物,硫氧化物,,,2009,3.104
55878947,E,空氣污染物申報-一般空氣污染物,粒狀污染物,,,2009,0.7629999999999999
55878947,E,空氣污染物申報-一般空氣污染物,揮發性有機化合物,,,2009,6.586
55942764,E,空氣污染物申報-一般空氣污染物,揮發性有機化合物,,,2009,0.20400000000000001
59008318,E,空氣污染物申報-一般空氣污染物,氮氧化物,,,2009,0.311
59008318,E,空氣污染物申報-一般空氣污染物,硫氧化物,,,2009,0.213
59008318,E,空氣污染物申報-一般空氣污染物,粒狀污染物,,,2009,0.024
59008318,E,空氣污染物申報-一般空氣污染物,揮發性有機化合物,,,2009,0.096
59260902,E,空氣污染物申報-一般空氣污染物,揮發性有機化合物,,,2009,3.322
60256758,E,空氣污染物申報-一般空氣污染物,氮氧化物,,,2009,0.171
60256758,E,空氣污染物申報-一般空氣污染物,硫氧化物,,,2009,0.099
60256758,E,空氣污染物申報-一般空氣污染物,粒狀污染物,,,2009,1.44
60256758,E,空氣污染物申報-一般空氣污染物,揮發性有機化合物,,,2009,0.238
66402912,E,空氣污染物申報-一般空氣污染物,氮氧化物,,,2009,0.063
66402912,E,空氣污染物申報-一般空氣污染物,硫氧化物,,,2009,0.097
66402912,E,空氣污染物申報-一般空氣污染物,粒狀污染物,,,2009,2.7430000000000003
66402912,E,空氣污染物申報-一般空氣污染物,揮發性有機化合物,,,2009,0.621
68193807,E,空氣污染物申報-一般空氣污染物,氮氧化物,,,2009,0.967
68193807,E,空氣污染物申報-一般空氣污染物,硫氧化物,,,2009,1.3170000000000002
68193807,E,空氣污染物申報-一般空氣污染物,粒狀污染物,,,2009,3.8369999999999997
73707377,E,空氣污染物申報-一般空氣污染物,粒狀污染物,,,2009,0.004
73707377,E,空氣污染物申報-一般空氣污染物,揮發性有機化合物,,,2009,0.609
75940820,E,空氣污染物申報-一般空氣污染物,揮發性有機化合物,,,2009,0.97
84980915,E,空氣污染物申報-一般空氣污染物,氮氧化物,,,2009,1.434
84980915,E,空氣污染物申報-一般空氣污染物,揮發性有機化合物,,,2009,2.2
86122164,E,空氣污染物申報-一般空氣污染物,揮發性有機化合物,,,2009,0.161
03089008,E,空氣污染物申報-一般空氣污染物,氮氧化物,,,2009,3.3720000000000003
03089008,E,空氣污染物申報-一般空氣污染物,硫氧化物,,,2009,0.203
03089008,E,空氣污染物申報-一般空氣污染物,粒狀污染物,,,2009,45.705999999999996
03089008,E,空氣污染物申報-一般空氣污染物,揮發性有機化合物,,,2009,20.375
03213392,E,空氣污染物申報-一般空氣污染物,氮氧化物,,,2009,0.181
03213392,E,空氣污染物申報-一般空氣污染物,硫氧化物,,,2009,0.05500000000000001
03213392,E,空氣污染物申報-一般空氣污染物,揮發性有機化合物,,,2009,2.129
03474311,E,空氣污染物申報-一般空氣污染物,氮氧化物,,,2009,2.121
03474311,E,空氣污染物申報-一般空氣污染物,硫氧化物,,,2009,1.067
03474311,E,空氣污染物申報-一般空氣污染物,粒狀污染物,,,2009,9.556
03474311,E,空氣污染物申報-一般空氣污染物,揮發性有機化合物,,,2009,9.397
11026506,E,空氣污染物申報-一般空氣污染物,氮氧化物,,,2010,6.112000000000001
11026506,E,空氣污染物申報-一般空氣污染物,硫氧化物,,,2010,5.413000000000001
11026506,E,空氣污染物申報-一般空氣污染物,粒狀污染物,,,2010,8.821
11026506,E,空氣污染物申報-一般空氣污染物,揮發性有機化合物,,,2010,129.093
11039306,E,空氣污染物申報-一般空氣污染物,粒狀污染物,,,2010,0.091
11039306,E,空氣污染物申報-一般空氣污染物,揮發性有機化合物,,,2010,29.804000000000002
11332202,E,空氣污染物申報-一般空氣污染物,氮氧化物,,,2010,1.276
11332202,E,空氣污染物申報-一般空氣污染物,硫氧化物,,,2010,1.569
11332202,E,空氣污染物申報-一般空氣污染物,粒狀污染物,,,2010,19.1
11332202,E,空氣污染物申報-一般空氣污染物,揮發性有機化合物,,,2010,102.729
11824327,E,空氣污染物申報-一般空氣污染物,氮氧化物,,,2010,0.317
11824327,E,空氣污染物申報-一般空氣污染物,硫氧化物,,,2010,0.456
16748101,E,空氣污染物申報-一般空氣污染物,揮發性有機化合物,,,2010,10.629999999999999
20982120,E,空氣污染物申報-一般空氣污染物,氮氧化物,,,2010,0.42300000000000004
20982120,E,空氣污染物申報-一般空氣污染物,硫氧化物,,,2010,0.29900000000000004
20982120,E,空氣污染物申報-一般空氣污染物,揮發性有機化合物,,,2010,1
22212598,E,空氣污染物申報-一般空氣污染物,氮氧化物,,,2010,0.037000000000000005
22212598,E,空氣污染物申報-一般空氣污染物,硫氧化物,,,2010,0.024
22212598,E,空氣污染物申報-一般空氣污染物,粒狀污染物,,,2010,1.0859999999999999
22212598,E,空氣污染物申報-一般空氣污染物,揮發性有機化合物,,,2010,2.98
22522361,E,空氣污染物申報-一般空氣污染物,氮氧化物,,,2010,0.012
22522361,E,空氣污染物申報-一般空氣污染物,揮發性有機化合物,,,2010,29.518
22546808,E,空氣污染物申報-一般空氣污染物,揮發性有機化合物,,,2010,3.296
22794503,E,空氣污染物申報-一般空氣污染物,氮氧化物,,,2010,0.617
22794503,E,空氣污染物申報-一般空氣污染物,硫氧化物,,,2010,0.8579999999999999
22794503,E,空氣污染物申報-一般空氣污染物,揮發性有機化合物,,,2010,0.323
23209895,E,空氣污染物申報-一般空氣污染物,氮氧化物,,,2010,0.158
23209895,E,空氣污染物申報-一般空氣污染物,硫氧化物,,,2010,0.115
23209895,E,空氣污染物申報-一般空氣污染物,粒狀污染物,,,2010,0.018
23209895,E,空氣污染物申報-一般空氣污染物,揮發性有機化合物,,,2010,1.352
23248433,E,空氣污染物申報-一般空氣污染物,氮氧化物,,,2010,0.997
23248433,E,空氣污染物申報-一般空氣污染物,硫氧化物,,,2010,0.9769999999999999
23248433,E,空氣污染物申報-一般空氣污染物,粒狀污染物,,,2010,1.121
23248433,E,空氣污染物申報-一般空氣污染物,揮發性有機化合物,,,2010,8.942
23503047,E,空氣污染物申報-一般空氣污染物,氮氧化物,,,2010,0.757
23503047,E,空氣污染物申報-一般空氣污染物,硫氧化物,,,2010,0.498
23503047,E,空氣污染物申報-一般空氣污染物,粒狀污染物,,,2010,27.056000000000004
23503047,E,空氣污染物申報-一般空氣污染物,揮發性有機化合物,,,2010,10.676
23603284,E,空氣污染物申報-一般空氣污染物,氮氧化物,,,2010,2.154
23603284,E,空氣污染物申報-一般空氣污染物,硫氧化物,,,2010,3.222
23603284,E,空氣污染物申報-一般空氣污染物,揮發性有機化合物,,,2010,0.11
33029464,E,空氣污染物申報-一般空氣污染物,氮氧化物,,,2010,0.341
33029464,E,空氣污染物申報-一般空氣污染物,硫氧化物,,,2010,0.027
33029464,E,空氣污染物申報-一般空氣污染物,揮發性有機化合物,,,2010,4.808
33284077,E,空氣污染物申報-一般空氣污染物,氮氧化物,,,2010,0.186
33284077,E,空氣污染物申報-一般空氣污染物,硫氧化物,,,2010,0.009000000000000001
33284077,E,空氣污染物申報-一般空氣污染物,粒狀污染物,,,2010,3.588
33284077,E,空氣污染物申報-一般空氣污染物,揮發性有機化合物,,,2010,3.447
34211074,E,空氣污染物申報-一般空氣污染物,揮發性有機化合物,,,2010,1.0510000000000002
35309102,E,空氣污染物申報-一般空氣污染物,揮發性有機化合物,,,2010,7.837999999999999
35945095,E,空氣污染物申報-一般空氣污染物,揮發性有機化合物,,,2010,0.27
36096704,E,空氣污染物申報-一般空氣污染物,揮發性有機化合物,,,2010,3.01
52353530,E,空氣污染物申報-一般空氣污染物,揮發性有機化合物,,,2010,7.886000000000001
52604255,E,空氣污染物申報-一般空氣污染物,氮氧化物,,,2010,1.045
52903090,E,空氣污染物申報-一般空氣污染物,揮發性有機化合物,,,2010,1.091
55759180,E,空氣污染物申報-一般空氣污染物,揮發性有機化合物,,,2010,0.618
55857746,E,空氣污染物申報-一般空氣污染物,揮發性有機化合物,,,2010,10.4
55878947,E,空氣污染物申報-一般空氣污染物,氮氧化物,,,2010,0.657
55878947,E,空氣污染物申報-一般空氣污染物,硫氧化物,,,2010,0.402
55878947,E,空氣污染物申報-一般空氣污染物,粒狀污染物,,,2010,0.054
55878947,E,空氣污染物申報-一般空氣污染物,揮發性有機化合物,,,2010,9.878
55942764,E,空氣污染物申報-一般空氣污染物,揮發性有機化合物,,,2010,0.188
58303609,E,空氣污染物申報-一般空氣污染物,揮發性有機化合物,,,2010,4.128
59008318,E,空氣污染物申報-一般空氣污染物,氮氧化物,,,2010,0.992
59008318,E,空氣污染物申報-一般空氣污染物,硫氧化物,,,2010,0.236
59008318,E,空氣污染物申報-一般空氣污染物,粒狀污染物,,,2010,0.019
59008318,E,空氣污染物申報-一般空氣污染物,揮發性有機化合物,,,2010,0.073
59260902,E,空氣污染物申報-一般空氣污染物,氮氧化物,,,2010,0.059
60256758,E,空氣污染物申報-一般空氣污染物,氮氧化物,,,2010,1.17
60256758,E,空氣污染物申報-一般空氣污染物,硫氧化物,,,2010,0.645
60256758,E,空氣污染物申報-一般空氣污染物,粒狀污染物,,,2010,8.288
60256758,E,空氣污染物申報-一般空氣污染物,揮發性有機化合物,,,2010,1.5900000000000003
66402912,E,空氣污染物申報-一般空氣污染物,氮氧化物,,,2010,0.32599999999999996
66402912,E,空氣污染物申報-一般空氣污染物,硫氧化物,,,2010,0.51
66402912,E,空氣污染物申報-一般空氣污染物,粒狀污染物,,,2010,14.620000000000001
66402912,E,空氣污染物申報-一般空氣污染物,揮發性有機化合物,,,2010,3.1279999999999997
68193807,E,空氣污染物申報-一般空氣污染物,氮氧化物,,,2010,1.458
68193807,E,空氣污染物申報-一般空氣污染物,硫氧化物,,,2010,1.7440000000000002
68193807,E,空氣污染物申報-一般空氣污染物,粒狀污染物,,,2010,9.634
70647919,E,空氣污染物申報-一般空氣污染物,氮氧化物,,,2010,0.075
70647919,E,空氣污染物申報-一般空氣污染物,揮發性有機化合物,,,2010,0.071
73707377,E,空氣污染物申報-一般空氣污染物,氮氧化物,,,2010,0.004
73707377,E,空氣污染物申報-一般空氣污染物,粒狀污染物,,,2010,0.007
73707377,E,空氣污染物申報-一般空氣污染物,揮發性有機化合物,,,2010,0.028
75940820,E,空氣污染物申報-一般空氣污染物,揮發性有機化合物,,,2010,4.32
84189908,E,空氣污染物申報-一般空氣污染物,氮氧化物,,,2010,0.039
84189908,E,空氣污染物申報-一般空氣污染物,硫氧化物,,,2010,0.014
84189908,E,空氣污染物申報-一般空氣污染物,粒狀污染物,,,2010,0.094
84189908,E,空氣污染物申報-一般空氣污染物,揮發性有機化合物,,,2010,0.006
84980915,E,空氣污染物申報-一般空氣污染物,氮氧化物,,,2010,2.464
84980915,E,空氣污染物申報-一般空氣污染物,揮發性有機化合物,,,2010,2.42
86122164,E,空氣污染物申報-一般空氣污染物,揮發性有機化合物,,,2010,1.078
03213392,E,空氣污染物申報-一般空氣污染物,氮氧化物,,,2010,0.053000000000000005
03213392,E,空氣污染物申報-一般空氣污染物,硫氧化物,,,2010,0.013000000000000001
03213392,E,空氣污染物申報-一般空氣污染物,揮發性有機化合物,,,2010,0.14700000000000002
03089008,E,空氣污染物申報-一般空氣污染物,氮氧化物,,,2010,1.254
03089008,E,空氣污染物申報-一般空氣污染物,硫氧化物,,,2010,0.048
03089008,E,空氣污染物申報-一般空氣污染物,粒狀污染物,,,2010,14.24
03089008,E,空氣污染物申報-一般空氣污染物,揮發性有機化合物,,,2010,20.871000000000002
03474311,E,空氣污染物申報-一般空氣污染物,氮氧化物,,,2010,2.7720000000000002
03474311,E,空氣污染物申報-一般空氣污染物,硫氧化物,,,2010,1.311
03474311,E,空氣污染物申報-一般空氣污染物,粒狀污染物,,,2010,27.306
03474311,E,空氣污染物申報-一般空氣污染物,揮發性有機化合物,,,2010,15.834
04938839,E,空氣污染物申報-一般空氣污染物,揮發性有機化合物,,,2010,0.82
04416894,E,空氣污染物申報-一般空氣污染物,揮發性有機化合物,,,2010,0.235
11026506,E,空氣污染物申報-一般空氣污染物,氮氧化物,,,2011,3.32
11026506,E,空氣污染物申報-一般空氣污染物,硫氧化物,,,2011,2.132
11026506,E,空氣污染物申報-一般空氣污染物,粒狀污染物,,,2011,5.426
11026506,E,空氣污染物申報-一般空氣污染物,揮發性有機化合物,,,2011,74.408
11039306,E,空氣污染物申報-一般空氣污染物,粒狀污染物,,,2011,0.08499999999999999
11039306,E,空氣污染物申報-一般空氣污染物,揮發性有機化合物,,,2011,33.198
11332202,E,空氣污染物申報-一般空氣污染物,氮氧化物,,,2011,1.867
11332202,E,空氣污染物申報-一般空氣污染物,硫氧化物,,,2011,2.64
11332202,E,空氣污染物申報-一般空氣污染物,粒狀污染物,,,2011,28.302
11332202,E,空氣污染物申報-一般空氣污染物,揮發性有機化合物,,,2011,165.51700000000002
11824327,E,空氣污染物申報-一般空氣污染物,氮氧化物,,,2011,0.198
11824327,E,空氣污染物申報-一般空氣污染物,硫氧化物,,,2011,0.28500000000000003
11824327,E,空氣污染物申報-一般空氣污染物,揮發性有機化合物,,,2011,4.32
16748101,E,空氣污染物申報-一般空氣污染物,揮發性有機化合物,,,2011,73.622
20982120,E,空氣污染物申報-一般空氣污染物,氮氧化物,,,2011,0.883
20982120,E,空氣污染物申報-一般空氣污染物,硫氧化物,,,2011,0.588
20982120,E,空氣污染物申報-一般空氣污染物,揮發性有機化合物,,,2011,0.7220000000000001
22212598,E,空氣污染物申報-一般空氣污染物,氮氧化物,,,2011,0.04
22212598,E,空氣污染物申報-一般空氣污染物,硫氧化物,,,2011,0.026999999999999996
22212598,E,空氣污染物申報-一般空氣污染物,粒狀污染物,,,2011,1.096
22212598,E,空氣污染物申報-一般空氣污染物,揮發性有機化合物,,,2011,4.502999999999999
22522361,E,空氣污染物申報-一般空氣污染物,氮氧化物,,,2011,0.024999999999999998
22522361,E,空氣污染物申報-一般空氣污染物,硫氧化物,,,2011,0.002
22522361,E,空氣污染物申報-一般空氣污染物,揮發性有機化合物,,,2011,14.936
22546808,E,空氣污染物申報-一般空氣污染物,揮發性有機化合物,,,2011,0.764
22794503,E,空氣污染物申報-一般空氣污染物,氮氧化物,,,2011,0.812
22794503,E,空氣污染物申報-一般空氣污染物,硫氧化物,,,2011,1.1409999999999998
22794503,E,空氣污染物申報-一般空氣污染物,揮發性有機化合物,,,2011,0.441
23209895,E,空氣污染物申報-一般空氣污染物,氮氧化物,,,2011,0.378
23209895,E,空氣污染物申報-一般空氣污染物,硫氧化物,,,2011,0.304
23209895,E,空氣污染物申報-一般空氣污染物,粒狀污染物,,,2011,0.032
23209895,E,空氣污染物申報-一般空氣污染物,揮發性有機化合物,,,2011,3.516
23248433,E,空氣污染物申報-一般空氣污染物,氮氧化物,,,2011,0.336
23248433,E,空氣污染物申報-一般空氣污染物,硫氧化物,,,2011,0.368
23248433,E,空氣污染物申報-一般空氣污染物,粒狀污染物,,,2011,0.556
23248433,E,空氣污染物申報-一般空氣污染物,揮發性有機化合物,,,2011,4.652
23503047,E,空氣污染物申報-一般空氣污染物,氮氧化物,,,2011,1.311
23503047,E,空氣污染物申報-一般空氣污染物,硫氧化物,,,2011,0.005
23503047,E,空氣污染物申報-一般空氣污染物,粒狀污染物,,,2011,2.133
23503047,E,空氣污染物申報-一般空氣污染物,揮發性有機化合物,,,2011,5.351000000000001
23603284,E,空氣污染物申報-一般空氣污染物,氮氧化物,,,2011,1.311
23603284,E,空氣污染物申報-一般空氣污染物,硫氧化物,,,2011,1.5459999999999998
23603284,E,空氣污染物申報-一般空氣污染物,揮發性有機化合物,,,2011,1.77
33029464,E,空氣污染物申報-一般空氣污染物,氮氧化物,,,2011,1.0439999999999998
33029464,E,空氣污染物申報-一般空氣污染物,硫氧化物,,,2011,0.082
33029464,E,空氣污染物申報-一般空氣污染物,粒狀污染物,,,2011,0.045
33029464,E,空氣污染物申報-一般空氣污染物,揮發性有機化合物,,,2011,8.309000000000001
33284077,E,空氣污染物申報-一般空氣污染物,氮氧化物,,,2011,0.368
33284077,E,空氣污染物申報-一般空氣污染物,硫氧化物,,,2011,0.028
33284077,E,空氣污染物申報-一般空氣污染物,揮發性有機化合物,,,2011,7.253
34211074,E,空氣污染物申報-一般空氣污染物,揮發性有機化合物,,,2011,0.626
35309102,E,空氣污染物申報-一般空氣污染物,揮發性有機化合物,,,2011,2.694
35945095,E,空氣污染物申報-一般空氣污染物,揮發性有機化合物,,,2011,1.8639999999999999
36096704,E,空氣污染物申報-一般空氣污染物,揮發性有機化合物,,,2011,1.438
52353530,E,空氣污染物申報-一般空氣污染物,揮發性有機化合物,,,2011,9.663
52604255,E,空氣污染物申報-一般空氣污染物,氮氧化物,,,2011,0.5680000000000001
52903090,E,空氣污染物申報-一般空氣污染物,揮發性有機化合物,,,2011,2.9379999999999997
55759180,E,空氣污染物申報-一般空氣污染物,揮發性有機化合物,,,2011,0.41500000000000004
55857746,E,空氣污染物申報-一般空氣污染物,揮發性有機化合物,,,2011,22.4
55878947,E,空氣污染物申報-一般空氣污染物,氮氧化物,,,2011,7.54
55878947,E,空氣污染物申報-一般空氣污染物,硫氧化物,,,2011,2.839
55878947,E,空氣污染物申報-一般空氣污染物,粒狀污染物,,,2011,0.018
55878947,E,空氣污染物申報-一般空氣污染物,揮發性有機化合物,,,2011,14.166
55942764,E,空氣污染物申報-一般空氣污染物,揮發性有機化合物,,,2011,0.484
58303609,E,空氣污染物申報-一般空氣污染物,揮發性有機化合物,,,2011,1.352
59008318,E,空氣污染物申報-一般空氣污染物,氮氧化物,,,2011,2.65
59008318,E,空氣污染物申報-一般空氣污染物,硫氧化物,,,2011,0.61
59008318,E,空氣污染物申報-一般空氣污染物,粒狀污染物,,,2011,0.006
59008318,E,空氣污染物申報-一般空氣污染物,揮發性有機化合物,,,2011,0.019
59260902,E,空氣污染物申報-一般空氣污染物,氮氧化物,,,2011,0.112
60256758,E,空氣污染物申報-一般空氣污染物,氮氧化物,,,2011,1.5710000000000002
60256758,E,空氣污染物申報-一般空氣污染物,硫氧化物,,,2011,0.858
60256758,E,空氣污染物申報-一般空氣污染物,粒狀污染物,,,2011,36.72
60256758,E,空氣污染物申報-一般空氣污染物,揮發性有機化合物,,,2011,2.078
66402912,E,空氣污染物申報-一般空氣污染物,氮氧化物,,,2011,0.585
66402912,E,空氣污染物申報-一般空氣污染物,硫氧化物,,,2011,1.359
66402912,E,空氣污染物申報-一般空氣污染物,粒狀污染物,,,2011,27.237
66402912,E,空氣污染物申報-一般空氣污染物,揮發性有機化合物,,,2011,6.025
68193807,E,空氣污染物申報-一般空氣污染物,氮氧化物,,,2011,2.069
68193807,E,空氣污染物申報-一般空氣污染物,硫氧化物,,,2011,1.8960000000000001
68193807,E,空氣污染物申報-一般空氣污染物,粒狀污染物,,,2011,12.523000000000001
70647919,E,空氣污染物申報-一般空氣污染物,氮氧化物,,,2011,0.746
70647919,E,空氣污染物申報-一般空氣污染物,揮發性有機化合物,,,2011,0.44400000000000006
73707377,E,空氣污染物申報-一般空氣污染物,揮發性有機化合物,,,2011,0.064
75940820,E,空氣污染物申報-一般空氣污染物,揮發性有機化合物,,,2011,6.064
84189908,E,空氣污染物申報-一般空氣污染物,氮氧化物,,,2011,0.28400000000000003
84189908,E,空氣污染物申報-一般空氣污染物,硫氧化物,,,2011,0.076
84189908,E,空氣污染物申報-一般空氣污染物,粒狀污染物,,,2011,0.501
84189908,E,空氣污染物申報-一般空氣污染物,揮發性有機化合物,,,2011,0.03
84980915,E,空氣污染物申報-一般空氣污染物,氮氧化物,,,2011,7.282
84980915,E,空氣污染物申報-一般空氣污染物,揮發性有機化合物,,,2011,6.904999999999999
86122164,E,空氣污染物申報-一般空氣污染物,揮發性有機化合物,,,2011,1.478
03213392,E,空氣污染物申報-一般空氣污染物,氮氧化物,,,2011,0.17300000000000001
03213392,E,空氣污染物申報-一般空氣污染物,硫氧化物,,,2011,0.057
03213392,E,空氣污染物申報-一般空氣污染物,揮發性有機化合物,,,2011,0.716
04416894,E,空氣污染物申報-一般空氣污染物,揮發性有機化合物,,,2011,1.285
03089008,E,空氣污染物申報-一般空氣污染物,氮氧化物,,,2011,4.574
03089008,E,空氣污染物申報-一般空氣污染物,硫氧化物,,,2011,0.186
03089008,E,空氣污染物申報-一般空氣污染物,粒狀污染物,,,2011,49.652
03089008,E,空氣污染物申報-一般空氣污染物,揮發性有機化合物,,,2011,105.51600000000002
04938839,E,空氣污染物申報-一般空氣污染物,揮發性有機化合物,,,2011,0.805
03474311,E,空氣污染物申報-一般空氣污染物,氮氧化物,,,2011,1.6620000000000001
03474311,E,空氣污染物申報-一般空氣污染物,硫氧化物,,,2011,1.145
03474311,E,空氣污染物申報-一般空氣污染物,粒狀污染物,,,2011,9.706999999999999
03474311,E,空氣污染物申報-一般空氣污染物,揮發性有機化合物,,,2011,11.603
11026506,E,空氣污染物申報-一般空氣污染物,氮氧化物,,,2012,6.658000000000001
11026506,E,空氣污染物申報-一般空氣污染物,硫氧化物,,,2012,2.582
11026506,E,空氣污染物申報-一般空氣污染物,粒狀污染物,,,2012,9.114
11026506,E,空氣污染物申報-一般空氣污染物,揮發性有機化合物,,,2012,129.35399999999998
11039306,E,空氣污染物申報-一般空氣污染物,粒狀污染物,,,2012,0.11000000000000001
11039306,E,空氣污染物申報-一般空氣污染物,揮發性有機化合物,,,2012,48.632
11332202,E,空氣污染物申報-一般空氣污染物,氮氧化物,,,2012,0.8499999999999999
11332202,E,空氣污染物申報-一般空氣污染物,硫氧化物,,,2012,1.5710000000000002
11332202,E,空氣污染物申報-一般空氣污染物,粒狀污染物,,,2012,12.036999999999999
11332202,E,空氣污染物申報-一般空氣污染物,揮發性有機化合物,,,2012,91.78699999999999
11824327,E,空氣污染物申報-一般空氣污染物,氮氧化物,,,2012,0.13
11824327,E,空氣污染物申報-一般空氣污染物,硫氧化物,,,2012,0.01
11824327,E,空氣污染物申報-一般空氣污染物,揮發性有機化合物,,,2012,8.161999999999999
16748101,E,空氣污染物申報-一般空氣污染物,揮發性有機化合物,,,2012,20.48
20982120,E,空氣污染物申報-一般空氣污染物,氮氧化物,,,2012,0.183
20982120,E,空氣污染物申報-一般空氣污染物,硫氧化物,,,2012,0.094
20982120,E,空氣污染物申報-一般空氣污染物,揮發性有機化合物,,,2012,1.498
22212598,E,空氣污染物申報-一般空氣污染物,氮氧化物,,,2012,0.039
22212598,E,空氣污染物申報-一般空氣污染物,硫氧化物,,,2012,0.03
22212598,E,空氣污染物申報-一般空氣污染物,粒狀污染物,,,2012,2.066
22212598,E,空氣污染物申報-一般空氣污染物,揮發性有機化合物,,,2012,7.906
22522361,E,空氣污染物申報-一般空氣污染物,氮氧化物,,,2012,0.014
22522361,E,空氣污染物申報-一般空氣污染物,揮發性有機化合物,,,2012,12.273999999999997
22546808,E,空氣污染物申報-一般空氣污染物,氮氧化物,,,2012,1.73
22546808,E,空氣污染物申報-一般空氣污染物,揮發性有機化合物,,,2012,1.054
22794503,E,空氣污染物申報-一般空氣污染物,氮氧化物,,,2012,0.615
22794503,E,空氣污染物申報-一般空氣污染物,硫氧化物,,,2012,0.857
22794503,E,空氣污染物申報-一般空氣污染物,揮發性有機化合物,,,2012,0.324
23019109,E,空氣污染物申報-一般空氣污染物,氮氧化物,,,2012,0.015
23019109,E,空氣污染物申報-一般空氣污染物,揮發性有機化合物,,,2012,1.495
23209895,E,空氣污染物申報-一般空氣污染物,氮氧化物,,,2012,0.65
23209895,E,空氣污染物申報-一般空氣污染物,硫氧化物,,,2012,0.304
23209895,E,空氣污染物申報-一般空氣污染物,粒狀污染物,,,2012,0.012
23209895,E,空氣污染物申報-一般空氣污染物,揮發性有機化合物,,,2012,0.733
23248433,E,空氣污染物申報-一般空氣污染物,氮氧化物,,,2012,5.132000000000001
23248433,E,空氣污染物申報-一般空氣污染物,硫氧化物,,,2012,6.476999999999999
23248433,E,空氣污染物申報-一般空氣污染物,粒狀污染物,,,2012,2.015
23248433,E,空氣污染物申報-一般空氣污染物,揮發性有機化合物,,,2012,18.570999999999998
23503047,E,空氣污染物申報-一般空氣污染物,氮氧化物,,,2012,3.4560000000000004
23503047,E,空氣污染物申報-一般空氣污染物,硫氧化物,,,2012,0.074
23503047,E,空氣污染物申報-一般空氣污染物,粒狀污染物,,,2012,6.427
23503047,E,空氣污染物申報-一般空氣污染物,揮發性有機化合物,,,2012,18.748
23603284,E,空氣污染物申報-一般空氣污染物,氮氧化物,,,2012,0.461
23603284,E,空氣污染物申報-一般空氣污染物,硫氧化物,,,2012,0.6639999999999999
33029464,E,空氣污染物申報-一般空氣污染物,氮氧化物,,,2012,0.044000000000000004
33029464,E,空氣污染物申報-一般空氣污染物,硫氧化物,,,2012,0.003
33029464,E,空氣污染物申報-一般空氣污染物,粒狀污染物,,,2012,0.03
33029464,E,空氣污染物申報-一般空氣污染物,揮發性有機化合物,,,2012,1.601
33284077,E,空氣污染物申報-一般空氣污染物,氮氧化物,,,2012,0.34500000000000003
33284077,E,空氣污染物申報-一般空氣污染物,硫氧化物,,,2012,0.028
33284077,E,空氣污染物申報-一般空氣污染物,粒狀污染物,,,2012,0.044
33284077,E,空氣污染物申報-一般空氣污染物,揮發性有機化合物,,,2012,7.908
34211074,E,空氣污染物申報-一般空氣污染物,揮發性有機化合物,,,2012,0.231
35309102,E,空氣污染物申報-一般空氣污染物,揮發性有機化合物,,,2012,6.6979999999999995
35945095,E,空氣污染物申報-一般空氣污染物,揮發性有機化合物,,,2012,4.63
36096704,E,空氣污染物申報-一般空氣污染物,揮發性有機化合物,,,2012,1.56
52353530,E,空氣污染物申報-一般空氣污染物,揮發性有機化合物,,,2012,9.273
52604255,E,空氣污染物申報-一般空氣污染物,氮氧化物,,,2012,0.005
52757548,E,空氣污染物申報-一般空氣污染物,氮氧化物,,,2012,0.001
52903090,E,空氣污染物申報-一般空氣污染物,揮發性有機化合物,,,2012,2.0629999999999997
55759180,E,空氣污染物申報-一般空氣污染物,揮發性有機化合物,,,2012,0.11
55857746,E,空氣污染物申報-一般空氣污染物,揮發性有機化合物,,,2012,7.8
55878947,E,空氣污染物申報-一般空氣污染物,氮氧化物,,,2012,2.247
55878947,E,空氣污染物申報-一般空氣污染物,硫氧化物,,,2012,0.848
55878947,E,空氣污染物申報-一般空氣污染物,揮發性有機化合物,,,2012,3.041
55942764,E,空氣污染物申報-一般空氣污染物,氮氧化物,,,2012,0.07
55942764,E,空氣污染物申報-一般空氣污染物,硫氧化物,,,2012,0.1
55942764,E,空氣污染物申報-一般空氣污染物,揮發性有機化合物,,,2012,0.266
58303609,E,空氣污染物申報-一般空氣污染物,揮發性有機化合物,,,2012,2.7640000000000002
59008318,E,空氣污染物申報-一般空氣污染物,氮氧化物,,,2012,2.552
59008318,E,空氣污染物申報-一般空氣污染物,硫氧化物,,,2012,0.617
59008318,E,空氣污染物申報-一般空氣污染物,粒狀污染物,,,2012,0.012
59008318,E,空氣污染物申報-一般空氣污染物,揮發性有機化合物,,,2012,0.11599999999999999
59260902,E,空氣污染物申報-一般空氣污染物,氮氧化物,,,2012,0.015
60256758,E,空氣污染物申報-一般空氣污染物,氮氧化物,,,2012,1.219
60256758,E,空氣污染物申報-一般空氣污染物,硫氧化物,,,2012,0.496
60256758,E,空氣污染物申報-一般空氣污染物,粒狀污染物,,,2012,8.385
60256758,E,空氣污染物申報-一般空氣污染物,揮發性有機化合物,,,2012,1.529
66402912,E,空氣污染物申報-一般空氣污染物,氮氧化物,,,2012,1.8579999999999999
66402912,E,空氣污染物申報-一般空氣污染物,硫氧化物,,,2012,1.9689999999999999
66402912,E,空氣污染物申報-一般空氣污染物,粒狀污染物,,,2012,28.128999999999998
66402912,E,空氣污染物申報-一般空氣污染物,揮發性有機化合物,,,2012,6.864999999999998
68193807,E,空氣污染物申報-一般空氣污染物,氮氧化物,,,2012,1.098
68193807,E,空氣污染物申報-一般空氣污染物,硫氧化物,,,2012,0.819
68193807,E,空氣污染物申報-一般空氣污染物,粒狀污染物,,,2012,5.279999999999999
70647919,E,空氣污染物申報-一般空氣污染物,氮氧化物,,,2012,0.34299999999999997
70647919,E,空氣污染物申報-一般空氣污染物,揮發性有機化合物,,,2012,0.337
73707377,E,空氣污染物申報-一般空氣污染物,氮氧化物,,,2012,1.386
73707377,E,空氣污染物申報-一般空氣污染物,硫氧化物,,,2012,0.109
73707377,E,空氣污染物申報-一般空氣污染物,揮發性有機化合物,,,2012,0.424
75940820,E,空氣污染物申報-一般空氣污染物,揮發性有機化合物,,,2012,17.123000000000005
84189908,E,空氣污染物申報-一般空氣污染物,氮氧化物,,,2012,0.198
84189908,E,空氣污染物申報-一般空氣污染物,硫氧化物,,,2012,0.05399999999999999
84189908,E,空氣污染物申報-一般空氣污染物,粒狀污染物,,,2012,0.34500000000000003
84189908,E,空氣污染物申報-一般空氣污染物,揮發性有機化合物,,,2012,0.021
84980915,E,空氣污染物申報-一般空氣污染物,氮氧化物,,,2012,7.998
84980915,E,空氣污染物申報-一般空氣污染物,揮發性有機化合物,,,2012,7.04
86122164,E,空氣污染物申報-一般空氣污染物,氮氧化物,,,2012,0.092
86122164,E,空氣污染物申報-一般空氣污染物,硫氧化物,,,2012,0.033
86122164,E,空氣污染物申報-一般空氣污染物,揮發性有機化合物,,,2012,0.8520000000000001
03213392,E,空氣污染物申報-一般空氣污染物,氮氧化物,,,2012,0.18500000000000003
03213392,E,空氣污染物申報-一般空氣污染物,硫氧化物,,,2012,0.06700000000000002
03213392,E,空氣污染物申報-一般空氣污染物,粒狀污染物,,,2012,0.7330000000000001
03213392,E,空氣污染物申報-一般空氣污染物,揮發性有機化合物,,,2012,1.464
03089008,E,空氣污染物申報-一般空氣污染物,氮氧化物,,,2012,4.4
03089008,E,空氣污染物申報-一般空氣污染物,硫氧化物,,,2012,0.22499999999999998
03089008,E,空氣污染物申報-一般空氣污染物,粒狀污染物,,,2012,41.025000000000006
03089008,E,空氣污染物申報-一般空氣污染物,揮發性有機化合物,,,2012,86.88200000000002
04938839,E,空氣污染物申報-一般空氣污染物,揮發性有機化合物,,,2012,0.532
04416894,E,空氣污染物申報-一般空氣污染物,揮發性有機化合物,,,2012,0.945
03474311,E,空氣污染物申報-一般空氣污染物,氮氧化物,,,2012,4.465
03474311,E,空氣污染物申報-一般空氣污染物,硫氧化物,,,2012,2.116
03474311,E,空氣污染物申報-一般空氣污染物,粒狀污染物,,,2012,30.173
03474311,E,空氣污染物申報-一般空氣污染物,揮發性有機化合物,,,2012,11.485
11026506,E,空氣污染物申報-一般空氣污染物,氮氧化物,,,2013,3.6450000000000005
11026506,E,空氣污染物申報-一般空氣污染物,硫氧化物,,,2013,1.756
11026506,E,空氣污染物申報-一般空氣污染物,粒狀污染物,,,2013,2.553
11026506,E,空氣污染物申報-一般空氣污染物,揮發性有機化合物,,,2013,39.06099999999999
11039306,E,空氣污染物申報-一般空氣污染物,粒狀污染物,,,2013,0.14
11039306,E,空氣污染物申報-一般空氣污染物,揮發性有機化合物,,,2013,51.123000000000005
11332202,E,空氣污染物申報-一般空氣污染物,氮氧化物,,,2013,1.0670000000000002
11332202,E,空氣污染物申報-一般空氣污染物,硫氧化物,,,2013,1.877
11332202,E,空氣污染物申報-一般空氣污染物,粒狀污染物,,,2013,22.935000000000002
11332202,E,空氣污染物申報-一般空氣污染物,揮發性有機化合物,,,2013,125.359
11824327,E,空氣污染物申報-一般空氣污染物,氮氧化物,,,2013,0.072
11824327,E,空氣污染物申報-一般空氣污染物,硫氧化物,,,2013,0.006
11824327,E,空氣污染物申報-一般空氣污染物,揮發性有機化合物,,,2013,4.968
15877936,E,空氣污染物申報-一般空氣污染物,揮發性有機化合物,,,2013,0.156
16359284,E,空氣污染物申報-一般空氣污染物,揮發性有機化合物,,,2013,1.832
16748101,E,空氣污染物申報-一般空氣污染物,揮發性有機化合物,,,2013,8.138
20982120,E,空氣污染物申報-一般空氣污染物,氮氧化物,,,2013,1.106
20982120,E,空氣污染物申報-一般空氣污染物,硫氧化物,,,2013,0.645
20982120,E,空氣污染物申報-一般空氣污染物,揮發性有機化合物,,,2013,5.758
22212598,E,空氣污染物申報-一般空氣污染物,氮氧化物,,,2013,0.035
22212598,E,空氣污染物申報-一般空氣污染物,硫氧化物,,,2013,0.028
22212598,E,空氣污染物申報-一般空氣污染物,粒狀污染物,,,2013,0.905
22212598,E,空氣污染物申報-一般空氣污染物,揮發性有機化合物,,,2013,7.904
22522361,E,空氣污染物申報-一般空氣污染物,氮氧化物,,,2013,0.001
22522361,E,空氣污染物申報-一般空氣污染物,揮發性有機化合物,,,2013,6.442
22540430,E,空氣污染物申報-一般空氣污染物,揮發性有機化合物,,,2013,4.112
22546808,E,空氣污染物申報-一般空氣污染物,氮氧化物,,,2013,7.132
22546808,E,空氣污染物申報-一般空氣污染物,揮發性有機化合物,,,2013,6.864000000000001
22794503,E,空氣污染物申報-一般空氣污染物,氮氧化物,,,2013,1.5030000000000001
22794503,E,空氣污染物申報-一般空氣污染物,硫氧化物,,,2013,2.116
22794503,E,空氣污染物申報-一般空氣污染物,揮發性有機化合物,,,2013,0.446
23019109,E,空氣污染物申報-一般空氣污染物,氮氧化物,,,2013,0.005
23019109,E,空氣污染物申報-一般空氣污染物,粒狀污染物,,,2013,13.585
23019109,E,空氣污染物申報-一般空氣污染物,揮發性有機化合物,,,2013,4.382
23209895,E,空氣污染物申報-一般空氣污染物,氮氧化物,,,2013,0.499
23209895,E,空氣污染物申報-一般空氣污染物,硫氧化物,,,2013,0.308
23209895,E,空氣污染物申報-一般空氣污染物,揮發性有機化合物,,,2013,1.3459999999999999
23248433,E,空氣污染物申報-一般空氣污染物,氮氧化物,,,2013,0.931
23248433,E,空氣污染物申報-一般空氣污染物,硫氧化物,,,2013,1.178
23248433,E,空氣污染物申報-一般空氣污染物,粒狀污染物,,,2013,0.431
23248433,E,空氣污染物申報-一般空氣污染物,揮發性有機化合物,,,2013,4.699
23503047,E,空氣污染物申報-一般空氣污染物,氮氧化物,,,2013,2.1310000000000002
23503047,E,空氣污染物申報-一般空氣污染物,硫氧化物,,,2013,0.031
23503047,E,空氣污染物申報-一般空氣污染物,粒狀污染物,,,2013,11.297
23503047,E,空氣污染物申報-一般空氣污染物,揮發性有機化合物,,,2013,13.155999999999999
23603284,E,空氣污染物申報-一般空氣污染物,氮氧化物,,,2013,0.263
23603284,E,空氣污染物申報-一般空氣污染物,硫氧化物,,,2013,0.379
24262159,E,空氣污染物申報-一般空氣污染物,氮氧化物,,,2013,0.003
24262159,E,空氣污染物申報-一般空氣污染物,硫氧化物,,,2013,0.005
24262159,E,空氣污染物申報-一般空氣污染物,揮發性有機化合物,,,2013,0.03
33029464,E,空氣污染物申報-一般空氣污染物,氮氧化物,,,2013,0.064
33029464,E,空氣污染物申報-一般空氣污染物,硫氧化物,,,2013,0.005
33029464,E,空氣污染物申報-一般空氣污染物,粒狀污染物,,,2013,0.03
33029464,E,空氣污染物申報-一般空氣污染物,揮發性有機化合物,,,2013,8.283
33284077,E,空氣污染物申報-一般空氣污染物,氮氧化物,,,2013,0.405
33284077,E,空氣污染物申報-一般空氣污染物,硫氧化物,,,2013,0.031
33284077,E,空氣污染物申報-一般空氣污染物,粒狀污染物,,,2013,0.049
33284077,E,空氣污染物申報-一般空氣污染物,揮發性有機化合物,,,2013,9.99
35309102,E,空氣污染物申報-一般空氣污染物,揮發性有機化合物,,,2013,7.853999999999999
35945095,E,空氣污染物申報-一般空氣污染物,揮發性有機化合物,,,2013,1.9819999999999998
36096704,E,空氣污染物申報-一般空氣污染物,揮發性有機化合物,,,2013,2.826
52353530,E,空氣污染物申報-一般空氣污染物,揮發性有機化合物,,,2013,17.657
52604255,E,空氣污染物申報-一般空氣污染物,氮氧化物,,,2013,0.193
52604255,E,空氣污染物申報-一般空氣污染物,硫氧化物,,,2013,0.35100000000000003
52757548,E,空氣污染物申報-一般空氣污染物,氮氧化物,,,2013,0.004
52903090,E,空氣污染物申報-一般空氣污染物,揮發性有機化合物,,,2013,1.5299999999999998
55759180,E,空氣污染物申報-一般空氣污染物,揮發性有機化合物,,,2013,0.092
55857746,E,空氣污染物申報-一般空氣污染物,揮發性有機化合物,,,2013,16
55878947,E,空氣污染物申報-一般空氣污染物,氮氧化物,,,2013,4.768
55878947,E,空氣污染物申報-一般空氣污染物,硫氧化物,,,2013,1.7930000000000001
55878947,E,空氣污染物申報-一般空氣污染物,揮發性有機化合物,,,2013,5.1739999999999995
55942764,E,空氣污染物申報-一般空氣污染物,氮氧化物,,,2013,0.024
55942764,E,空氣污染物申報-一般空氣污染物,硫氧化物,,,2013,0.029
55942764,E,空氣污染物申報-一般空氣污染物,揮發性有機化合物,,,2013,0.06
58303609,E,空氣污染物申報-一般空氣污染物,揮發性有機化合物,,,2013,3.72
59008318,E,空氣污染物申報-一般空氣污染物,氮氧化物,,,2013,0.9820000000000001
59008318,E,空氣污染物申報-一般空氣污染物,硫氧化物,,,2013,0.28800000000000003
59008318,E,空氣污染物申報-一般空氣污染物,揮發性有機化合物,,,2013,0.21500000000000002
59260902,E,空氣污染物申報-一般空氣污染物,氮氧化物,,,2013,0.030000000000000002
60256758,E,空氣污染物申報-一般空氣污染物,氮氧化物,,,2013,1.055
60256758,E,空氣污染物申報-一般空氣污染物,硫氧化物,,,2013,2.676
60256758,E,空氣污染物申報-一般空氣污染物,粒狀污染物,,,2013,13.531
60256758,E,空氣污染物申報-一般空氣污染物,揮發性有機化合物,,,2013,2.5230000000000006
66402912,E,空氣污染物申報-一般空氣污染物,氮氧化物,,,2013,1.3579999999999999
66402912,E,空氣污染物申報-一般空氣污染物,硫氧化物,,,2013,0.9339999999999999
66402912,E,空氣污染物申報-一般空氣污染物,粒狀污染物,,,2013,37.416
66402912,E,空氣污染物申報-一般空氣污染物,揮發性有機化合物,,,2013,4.968
68193807,E,空氣污染物申報-一般空氣污染物,氮氧化物,,,2013,2.9060000000000006
68193807,E,空氣污染物申報-一般空氣污染物,硫氧化物,,,2013,1.774
68193807,E,空氣污染物申報-一般空氣污染物,粒狀污染物,,,2013,11.722
68193807,E,空氣污染物申報-一般空氣污染物,揮發性有機化合物,,,2013,0.009
70647919,E,空氣污染物申報-一般空氣污染物,氮氧化物,,,2013,0.109
70647919,E,空氣污染物申報-一般空氣污染物,揮發性有機化合物,,,2013,0.223
73707377,E,空氣污染物申報-一般空氣污染物,氮氧化物,,,2013,1.786
73707377,E,空氣污染物申報-一般空氣污染物,硫氧化物,,,2013,0.14
73707377,E,空氣污染物申報-一般空氣污染物,揮發性有機化合物,,,2013,0.862
75940820,E,空氣污染物申報-一般空氣污染物,揮發性有機化合物,,,2013,16.385
84189908,E,空氣污染物申報-一般空氣污染物,氮氧化物,,,2013,0.176
84189908,E,空氣污染物申報-一般空氣污染物,硫氧化物,,,2013,0.035
84189908,E,空氣污染物申報-一般空氣污染物,粒狀污染物,,,2013,0.508
84189908,E,空氣污染物申報-一般空氣污染物,揮發性有機化合物,,,2013,0.012
84980915,E,空氣污染物申報-一般空氣污染物,氮氧化物,,,2013,3.443
84980915,E,空氣污染物申報-一般空氣污染物,揮發性有機化合物,,,2013,6.895
86122164,E,空氣污染物申報-一般空氣污染物,氮氧化物,,,2013,0.276
86122164,E,空氣污染物申報-一般空氣污染物,硫氧化物,,,2013,0.097
86122164,E,空氣污染物申報-一般空氣污染物,揮發性有機化合物,,,2013,2.8339999999999996
03089008,E,空氣污染物申報-一般空氣污染物,氮氧化物,,,2013,3.2630000000000003
03089008,E,空氣污染物申報-一般空氣污染物,硫氧化物,,,2013,0.18
03089008,E,空氣污染物申報-一般空氣污染物,粒狀污染物,,,2013,35.597
03089008,E,空氣污染物申報-一般空氣污染物,揮發性有機化合物,,,2013,71.63099999999999
03213392,E,空氣污染物申報-一般空氣污染物,氮氧化物,,,2013,0.16
03213392,E,空氣污染物申報-一般空氣污染物,硫氧化物,,,2013,0.04200000000000001
03213392,E,空氣污染物申報-一般空氣污染物,粒狀污染物,,,2013,0.586
03213392,E,空氣污染物申報-一般空氣污染物,揮發性有機化合物,,,2013,0.908
03474311,E,空氣污染物申報-一般空氣污染物,氮氧化物,,,2013,0.45300000000000007
03474311,E,空氣污染物申報-一般空氣污染物,硫氧化物,,,2013,1.2469999999999999
03474311,E,空氣污染物申報-一般空氣污染物,粒狀污染物,,,2013,41.98
03474311,E,空氣污染物申報-一般空氣污染物,揮發性有機化合物,,,2013,15.386
04416894,E,空氣污染物申報-一般空氣污染物,揮發性有機化合物,,,2013,0.986
04938839,E,空氣污染物申報-一般空氣污染物,揮發性有機化合物,,,2013,0.972
11026506,E,空氣污染物申報-一般空氣污染物,氮氧化物,,,2014,6.926
11026506,E,空氣污染物申報-一般空氣污染物,硫氧化物,,,2014,2.147
11026506,E,空氣污染物申報-一般空氣污染物,粒狀污染物,,,2014,3.1339999999999995
11026506,E,空氣污染物申報-一般空氣污染物,揮發性有機化合物,,,2014,94.91299999999998
11039306,E,空氣污染物申報-一般空氣污染物,粒狀污染物,,,2014,0.05
11039306,E,空氣污染物申報-一般空氣污染物,揮發性有機化合物,,,2014,27.002000000000002
11332202,E,空氣污染物申報-一般空氣污染物,氮氧化物,,,2014,0.769
11332202,E,空氣污染物申報-一般空氣污染物,硫氧化物,,,2014,1.182
11332202,E,空氣污染物申報-一般空氣污染物,粒狀污染物,,,2014,10.933
11332202,E,空氣污染物申報-一般空氣污染物,揮發性有機化合物,,,2014,103.143
11824327,E,空氣污染物申報-一般空氣污染物,氮氧化物,,,2014,0.06
11824327,E,空氣污染物申報-一般空氣污染物,硫氧化物,,,2014,0.004
11824327,E,空氣污染物申報-一般空氣污染物,揮發性有機化合物,,,2014,4.61
15877936,E,空氣污染物申報-一般空氣污染物,揮發性有機化合物,,,2014,1.883
16748101,E,空氣污染物申報-一般空氣污染物,揮發性有機化合物,,,2014,8.556000000000001
20982120,E,空氣污染物申報-一般空氣污染物,氮氧化物,,,2014,1.252
20982120,E,空氣污染物申報-一般空氣污染物,硫氧化物,,,2014,0.684
20982120,E,空氣污染物申報-一般空氣污染物,揮發性有機化合物,,,2014,3.5080000000000005
22212598,E,空氣污染物申報-一般空氣污染物,氮氧化物,,,2014,0.013999999999999999
22212598,E,空氣污染物申報-一般空氣污染物,硫氧化物,,,2014,0.013999999999999999
22212598,E,空氣污染物申報-一般空氣污染物,粒狀污染物,,,2014,0.366
22212598,E,空氣污染物申報-一般空氣污染物,揮發性有機化合物,,,2014,3.339
22540430,E,空氣污染物申報-一般空氣污染物,揮發性有機化合物,,,2014,4.16
22546808,E,空氣污染物申報-一般空氣污染物,氮氧化物,,,2014,3.036
22546808,E,空氣污染物申報-一般空氣污染物,揮發性有機化合物,,,2014,3.136
22551554,E,空氣污染物申報-一般空氣污染物,揮發性有機化合物,,,2014,3.8289999999999997
22794503,E,空氣污染物申報-一般空氣污染物,氮氧化物,,,2014,0.846
22794503,E,空氣污染物申報-一般空氣污染物,硫氧化物,,,2014,1.182
22794503,E,空氣污染物申報-一般空氣污染物,揮發性有機化合物,,,2014,0.405
23019109,E,空氣污染物申報-一般空氣污染物,氮氧化物,,,2014,0.048
23019109,E,空氣污染物申報-一般空氣污染物,粒狀污染物,,,2014,41.975
23019109,E,空氣污染物申報-一般空氣污染物,揮發性有機化合物,,,2014,36.765
23209895,E,空氣污染物申報-一般空氣污染物,氮氧化物,,,2014,0.442
23209895,E,空氣污染物申報-一般空氣污染物,硫氧化物,,,2014,0.31
23209895,E,空氣污染物申報-一般空氣污染物,揮發性有機化合物,,,2014,1.826
23248433,E,空氣污染物申報-一般空氣污染物,氮氧化物,,,2014,1.027
23248433,E,空氣污染物申報-一般空氣污染物,硫氧化物,,,2014,1.311
23248433,E,空氣污染物申報-一般空氣污染物,粒狀污染物,,,2014,0.735
23248433,E,空氣污染物申報-一般空氣污染物,揮發性有機化合物,,,2014,7.458
23503047,E,空氣污染物申報-一般空氣污染物,氮氧化物,,,2014,4.7459999999999996
23503047,E,空氣污染物申報-一般空氣污染物,硫氧化物,,,2014,0.078
23503047,E,空氣污染物申報-一般空氣污染物,粒狀污染物,,,2014,8.690999999999999
23503047,E,空氣污染物申報-一般空氣污染物,揮發性有機化合物,,,2014,32.989999999999995
23603284,E,空氣污染物申報-一般空氣污染物,氮氧化物,,,2014,0.197
23603284,E,空氣污染物申報-一般空氣污染物,硫氧化物,,,2014,0.283
23603284,E,空氣污染物申報-一般空氣污染物,揮發性有機化合物,,,2014,0.242
33029464,E,空氣污染物申報-一般空氣污染物,氮氧化物,,,2014,0.138
33029464,E,空氣污染物申報-一般空氣污染物,硫氧化物,,,2014,0.011
33029464,E,空氣污染物申報-一般空氣污染物,粒狀污染物,,,2014,0.045
33029464,E,空氣污染物申報-一般空氣污染物,揮發性有機化合物,,,2014,5.346
33284077,E,空氣污染物申報-一般空氣污染物,氮氧化物,,,2014,0.13
33284077,E,空氣污染物申報-一般空氣污染物,硫氧化物,,,2014,0.01
33284077,E,空氣污染物申報-一般空氣污染物,粒狀污染物,,,2014,0.026
33284077,E,空氣污染物申報-一般空氣污染物,揮發性有機化合物,,,2014,13.261000000000001
35309102,E,空氣污染物申報-一般空氣污染物,揮發性有機化合物,,,2014,6.266
35945095,E,空氣污染物申報-一般空氣污染物,揮發性有機化合物,,,2014,1.795
36096704,E,空氣污染物申報-一般空氣污染物,揮發性有機化合物,,,2014,4.369
52353530,E,空氣污染物申報-一般空氣污染物,揮發性有機化合物,,,2014,3.037
52757548,E,空氣污染物申報-一般空氣污染物,氮氧化物,,,2014,0.499
52903090,E,空氣污染物申報-一般空氣污染物,揮發性有機化合物,,,2014,2.384
55759180,E,空氣污染物申報-一般空氣污染物,揮發性有機化合物,,,2014,0.865
55857746,E,空氣污染物申報-一般空氣污染物,揮發性有機化合物,,,2014,24
55878947,E,空氣污染物申報-一般空氣污染物,氮氧化物,,,2014,2.332
55878947,E,空氣污染物申報-一般空氣污染物,硫氧化物,,,2014,0.877
55878947,E,空氣污染物申報-一般空氣污染物,揮發性有機化合物,,,2014,3.576
55942764,E,空氣污染物申報-一般空氣污染物,氮氧化物,,,2014,0.06899999999999999
55942764,E,空氣污染物申報-一般空氣污染物,硫氧化物,,,2014,0.06899999999999999
55942764,E,空氣污染物申報-一般空氣污染物,揮發性有機化合物,,,2014,0.422
58303609,E,空氣污染物申報-一般空氣污染物,揮發性有機化合物,,,2014,3.7390000000000008
59008318,E,空氣污染物申報-一般空氣污染物,氮氧化物,,,2014,0.164
59008318,E,空氣污染物申報-一般空氣污染物,硫氧化物,,,2014,0.05
59008318,E,空氣污染物申報-一般空氣污染物,揮發性有機化合物,,,2014,0.051000000000000004
59260902,E,空氣污染物申報-一般空氣污染物,氮氧化物,,,2014,0.035
60256758,E,空氣污染物申報-一般空氣污染物,氮氧化物,,,2014,0.168
60256758,E,空氣污染物申報-一般空氣污染物,硫氧化物,,,2014,1.536
60256758,E,空氣污染物申報-一般空氣污染物,粒狀污染物,,,2014,5.486
60256758,E,空氣污染物申報-一般空氣污染物,揮發性有機化合物,,,2014,0.986
66402912,E,空氣污染物申報-一般空氣污染物,氮氧化物,,,2014,2.362
66402912,E,空氣污染物申報-一般空氣污染物,硫氧化物,,,2014,1.7770000000000001
66402912,E,空氣污染物申報-一般空氣污染物,粒狀污染物,,,2014,40.64
66402912,E,空氣污染物申報-一般空氣污染物,揮發性有機化合物,,,2014,7.263
68193807,E,空氣污染物申報-一般空氣污染物,氮氧化物,,,2014,2.072
68193807,E,空氣污染物申報-一般空氣污染物,硫氧化物,,,2014,0.644
68193807,E,空氣污染物申報-一般空氣污染物,粒狀污染物,,,2014,0.554
68193807,E,空氣污染物申報-一般空氣污染物,揮發性有機化合物,,,2014,0.064
70647919,E,空氣污染物申報-一般空氣污染物,氮氧化物,,,2014,0.273
70647919,E,空氣污染物申報-一般空氣污染物,揮發性有機化合物,,,2014,3.2699999999999996
75940820,E,空氣污染物申報-一般空氣污染物,揮發性有機化合物,,,2014,5.317
84189908,E,空氣污染物申報-一般空氣污染物,氮氧化物,,,2014,0.153
84189908,E,空氣污染物申報-一般空氣污染物,硫氧化物,,,2014,0.034
84189908,E,空氣污染物申報-一般空氣污染物,粒狀污染物,,,2014,0.513
84189908,E,空氣污染物申報-一般空氣污染物,揮發性有機化合物,,,2014,8.446
84980915,E,空氣污染物申報-一般空氣污染物,氮氧化物,,,2014,5.099
84980915,E,空氣污染物申報-一般空氣污染物,揮發性有機化合物,,,2014,37.997
86122164,E,空氣污染物申報-一般空氣污染物,氮氧化物,,,2014,0.4
86122164,E,空氣污染物申報-一般空氣污染物,硫氧化物,,,2014,0.142
86122164,E,空氣污染物申報-一般空氣污染物,揮發性有機化合物,,,2014,6.093999999999999
03474311,E,空氣污染物申報-一般空氣污染物,氮氧化物,,,2014,0.245
03474311,E,空氣污染物申報-一般空氣污染物,硫氧化物,,,2014,0.843
03474311,E,空氣污染物申報-一般空氣污染物,粒狀污染物,,,2014,18.56
03474311,E,空氣污染物申報-一般空氣污染物,揮發性有機化合物,,,2014,9.131
03089008,E,空氣污染物申報-一般空氣污染物,氮氧化物,,,2014,2.427
03089008,E,空氣污染物申報-一般空氣污染物,硫氧化物,,,2014,0.135
03089008,E,空氣污染物申報-一般空氣污染物,粒狀污染物,,,2014,25.950000000000003
03089008,E,空氣污染物申報-一般空氣污染物,揮發性有機化合物,,,2014,50.160000000000004
03213392,E,空氣污染物申報-一般空氣污染物,氮氧化物,,,2014,0.22300000000000003
03213392,E,空氣污染物申報-一般空氣污染物,硫氧化物,,,2014,0.10500000000000001
03213392,E,空氣污染物申報-一般空氣污染物,粒狀污染物,,,2014,0.679
03213392,E,空氣污染物申報-一般空氣污染物,揮發性有機化合物,,,2014,0.903
04416894,E,空氣污染物申報-一般空氣污染物,揮發性有機化合物,,,2014,0.483
04938839,E,空氣污染物申報-一般空氣污染物,揮發性有機化合物,,,2014,0.102
11026506,E,空氣污染物申報-一般空氣污染物,氮氧化物,,,2015,4.837
11026506,E,空氣污染物申報-一般空氣污染物,硫氧化物,,,2015,2.669
11026506,E,空氣污染物申報-一般空氣污染物,粒狀污染物,,,2015,3.086
11026506,E,空氣污染物申報-一般空氣污染物,揮發性有機化合物,,,2015,92.83
11039306,E,空氣污染物申報-一般空氣污染物,粒狀污染物,,,2015,0.178
11039306,E,空氣污染物申報-一般空氣污染物,揮發性有機化合物,,,2015,49.43600000000001
11332202,E,空氣污染物申報-一般空氣污染物,氮氧化物,,,2015,0.714
11332202,E,空氣污染物申報-一般空氣污染物,硫氧化物,,,2015,0.86
11332202,E,空氣污染物申報-一般空氣污染物,粒狀污染物,,,2015,7.194
11332202,E,空氣污染物申報-一般空氣污染物,揮發性有機化合物,,,2015,105.476
11824327,E,空氣污染物申報-一般空氣污染物,氮氧化物,,,2015,0.09
11824327,E,空氣污染物申報-一般空氣污染物,硫氧化物,,,2015,0.008
11824327,E,空氣污染物申報-一般空氣污染物,揮發性有機化合物,,,2015,34.819
15877936,E,空氣污染物申報-一般空氣污染物,揮發性有機化合物,,,2015,1.566
16748101,E,空氣污染物申報-一般空氣污染物,揮發性有機化合物,,,2015,35.813
20982120,E,空氣污染物申報-一般空氣污染物,氮氧化物,,,2015,0.29700000000000004
20982120,E,空氣污染物申報-一般空氣污染物,硫氧化物,,,2015,0.9239999999999999
20982120,E,空氣污染物申報-一般空氣污染物,揮發性有機化合物,,,2015,1.1420000000000001
22212598,E,空氣污染物申報-一般空氣污染物,氮氧化物,,,2015,0.044
22212598,E,空氣污染物申報-一般空氣污染物,硫氧化物,,,2015,0.043
22212598,E,空氣污染物申報-一般空氣污染物,粒狀污染物,,,2015,1.117
22212598,E,空氣污染物申報-一般空氣污染物,揮發性有機化合物,,,2015,8.921
22522361,E,空氣污染物申報-一般空氣污染物,氮氧化物,,,2015,0.001
22522361,E,空氣污染物申報-一般空氣污染物,揮發性有機化合物,,,2015,3.61
22540430,E,空氣污染物申報-一般空氣污染物,揮發性有機化合物,,,2015,3.059
22546808,E,空氣污染物申報-一般空氣污染物,氮氧化物,,,2015,0.104
22546808,E,空氣污染物申報-一般空氣污染物,揮發性有機化合物,,,2015,3.592
22551554,E,空氣污染物申報-一般空氣污染物,揮發性有機化合物,,,2015,4.221
23019109,E,空氣污染物申報-一般空氣污染物,氮氧化物,,,2015,0.048
23019109,E,空氣污染物申報-一般空氣污染物,粒狀污染物,,,2015,21.996000000000002
23019109,E,空氣污染物申報-一般空氣污染物,揮發性有機化合物,,,2015,90.82900000000001
23209895,E,空氣污染物申報-一般空氣污染物,氮氧化物,,,2015,0.351
23209895,E,空氣污染物申報-一般空氣污染物,硫氧化物,,,2015,0.22100000000000003
23209895,E,空氣污染物申報-一般空氣污染物,揮發性有機化合物,,,2015,6.1899999999999995
23248433,E,空氣污染物申報-一般空氣污染物,氮氧化物,,,2015,3.716
23248433,E,空氣污染物申報-一般空氣污染物,硫氧化物,,,2015,4.728
23248433,E,空氣污染物申報-一般空氣污染物,粒狀污染物,,,2015,2.3419999999999996
23248433,E,空氣污染物申報-一般空氣污染物,揮發性有機化合物,,,2015,17.318
23503047,E,空氣污染物申報-一般空氣污染物,氮氧化物,,,2015,9.044
23503047,E,空氣污染物申報-一般空氣污染物,硫氧化物,,,2015,4.555
23503047,E,空氣污染物申報-一般空氣污染物,粒狀污染物,,,2015,23.667999999999996
23503047,E,空氣污染物申報-一般空氣污染物,揮發性有機化合物,,,2015,40.794000000000004
23603284,E,空氣污染物申報-一般空氣污染物,氮氧化物,,,2015,0.661
23603284,E,空氣污染物申報-一般空氣污染物,硫氧化物,,,2015,0.954
23603284,E,空氣污染物申報-一般空氣污染物,揮發性有機化合物,,,2015,0.43500000000000005
24262159,E,空氣污染物申報-一般空氣污染物,氮氧化物,,,2015,0.007
24262159,E,空氣污染物申報-一般空氣污染物,硫氧化物,,,2015,0.009000000000000001
24262159,E,空氣污染物申報-一般空氣污染物,揮發性有機化合物,,,2015,0.066
33029464,E,空氣污染物申報-一般空氣污染物,氮氧化物,,,2015,0.01
33029464,E,空氣污染物申報-一般空氣污染物,粒狀污染物,,,2015,0.123
33029464,E,空氣污染物申報-一般空氣污染物,揮發性有機化合物,,,2015,6.879
33284077,E,空氣污染物申報-一般空氣污染物,氮氧化物,,,2015,0.23600000000000004
33284077,E,空氣污染物申報-一般空氣污染物,硫氧化物,,,2015,0.019
33284077,E,空氣污染物申報-一般空氣污染物,粒狀污染物,,,2015,0.05600000000000001
33284077,E,空氣污染物申報-一般空氣污染物,揮發性有機化合物,,,2015,16.365
35309102,E,空氣污染物申報-一般空氣污染物,揮發性有機化合物,,,2015,15.264000000000003
35945095,E,空氣污染物申報-一般空氣污染物,揮發性有機化合物,,,2015,13.216999999999999
36096704,E,空氣污染物申報-一般空氣污染物,揮發性有機化合物,,,2015,2.096
52353530,E,空氣污染物申報-一般空氣污染物,揮發性有機化合物,,,2015,11.746
52604255,E,空氣污染物申報-一般空氣污染物,氮氧化物,,,2015,0.812
52604255,E,空氣污染物申報-一般空氣污染物,硫氧化物,,,2015,0.004
52757548,E,空氣污染物申報-一般空氣污染物,氮氧化物,,,2015,1.4180000000000001
52903090,E,空氣污染物申報-一般空氣污染物,揮發性有機化合物,,,2015,0.8320000000000001
55759180,E,空氣污染物申報-一般空氣污染物,揮發性有機化合物,,,2015,0.5860000000000001
55857746,E,空氣污染物申報-一般空氣污染物,揮發性有機化合物,,,2015,28.4
55878947,E,空氣污染物申報-一般空氣污染物,氮氧化物,,,2015,2.9560000000000004
55878947,E,空氣污染物申報-一般空氣污染物,硫氧化物,,,2015,0.812
55878947,E,空氣污染物申報-一般空氣污染物,揮發性有機化合物,,,2015,7.779
55942764,E,空氣污染物申報-一般空氣污染物,氮氧化物,,,2015,0.016
55942764,E,空氣污染物申報-一般空氣污染物,硫氧化物,,,2015,0.012
55942764,E,空氣污染物申報-一般空氣污染物,揮發性有機化合物,,,2015,0.167
58303609,E,空氣污染物申報-一般空氣污染物,揮發性有機化合物,,,2015,4.559000000000001
59008318,E,空氣污染物申報-一般空氣污染物,氮氧化物,,,2015,0.123
59008318,E,空氣污染物申報-一般空氣污染物,硫氧化物,,,2015,0.057999999999999996
59008318,E,空氣污染物申報-一般空氣污染物,揮發性有機化合物,,,2015,0.026000000000000002
59260902,E,空氣污染物申報-一般空氣污染物,氮氧化物,,,2015,0.084
60256758,E,空氣污染物申報-一般空氣污染物,氮氧化物,,,2015,0.092
60256758,E,空氣污染物申報-一般空氣污染物,硫氧化物,,,2015,0.78
60256758,E,空氣污染物申報-一般空氣污染物,粒狀污染物,,,2015,2.595
60256758,E,空氣污染物申報-一般空氣污染物,揮發性有機化合物,,,2015,0.501
66402912,E,空氣污染物申報-一般空氣污染物,氮氧化物,,,2015,1.081
66402912,E,空氣污染物申報-一般空氣污染物,硫氧化物,,,2015,0.8959999999999999
66402912,E,空氣污染物申報-一般空氣污染物,粒狀污染物,,,2015,21.387
66402912,E,空氣污染物申報-一般空氣污染物,揮發性有機化合物,,,2015,3.846
68193807,E,空氣污染物申報-一般空氣污染物,氮氧化物,,,2015,0.578
68193807,E,空氣污染物申報-一般空氣污染物,硫氧化物,,,2015,0.098
68193807,E,空氣污染物申報-一般空氣污染物,揮發性有機化合物,,,2015,0.018
70647919,E,空氣污染物申報-一般空氣污染物,氮氧化物,,,2015,0.21200000000000002
70647919,E,空氣污染物申報-一般空氣污染物,揮發性有機化合物,,,2015,1.959
75940820,E,空氣污染物申報-一般空氣污染物,揮發性有機化合物,,,2015,7.382999999999999
84189908,E,空氣污染物申報-一般空氣污染物,氮氧化物,,,2015,0.187
84189908,E,空氣污染物申報-一般空氣污染物,硫氧化物,,,2015,0.043
84189908,E,空氣污染物申報-一般空氣污染物,粒狀污染物,,,2015,0.6699999999999999
84189908,E,空氣污染物申報-一般空氣污染物,揮發性有機化合物,,,2015,7.610000000000001
84980915,E,空氣污染物申報-一般空氣污染物,氮氧化物,,,2015,17.805999999999997
84980915,E,空氣污染物申報-一般空氣污染物,揮發性有機化合物,,,2015,111.628
86122164,E,空氣污染物申報-一般空氣污染物,氮氧化物,,,2015,0.129
86122164,E,空氣污染物申報-一般空氣污染物,硫氧化物,,,2015,0.045
86122164,E,空氣污染物申報-一般空氣污染物,揮發性有機化合物,,,2015,3.5330000000000004
03089008,E,空氣污染物申報-一般空氣污染物,氮氧化物,,,2015,1.536
03089008,E,空氣污染物申報-一般空氣污染物,硫氧化物,,,2015,0.044
03089008,E,空氣污染物申報-一般空氣污染物,粒狀污染物,,,2015,14.73
03089008,E,空氣污染物申報-一般空氣污染物,揮發性有機化合物,,,2015,35.254000000000005
03213392,E,空氣污染物申報-一般空氣污染物,氮氧化物,,,2015,0.3910000000000001
03213392,E,空氣污染物申報-一般空氣污染物,硫氧化物,,,2015,0.259
03213392,E,空氣污染物申報-一般空氣污染物,粒狀污染物,,,2015,0.983
03213392,E,空氣污染物申報-一般空氣污染物,揮發性有機化合物,,,2015,2.757
04416894,E,空氣污染物申報-一般空氣污染物,揮發性有機化合物,,,2015,0.948
03474311,E,空氣污染物申報-一般空氣污染物,氮氧化物,,,2015,0.5549999999999999
03474311,E,空氣污染物申報-一般空氣污染物,硫氧化物,,,2015,1.484
03474311,E,空氣污染物申報-一般空氣污染物,粒狀污染物,,,2015,49.832
03474311,E,空氣污染物申報-一般空氣污染物,揮發性有機化合物,,,2015,22.884
04938839,E,空氣污染物申報-一般空氣污染物,揮發性有機化合物,,,2015,0.478
11026506,E,空氣污染物申報-一般空氣污染物,氮氧化物,,,2016,3.6700000000000004
11026506,E,空氣污染物申報-一般空氣污染物,硫氧化物,,,2016,1.45
11026506,E,空氣污染物申報-一般空氣污染物,粒狀污染物,,,2016,3.9609999999999994
11026506,E,空氣污染物申報-一般空氣污染物,揮發性有機化合物,,,2016,84.43299999999999
11039306,E,空氣污染物申報-一般空氣污染物,氮氧化物,,,2016,0.054
11039306,E,空氣污染物申報-一般空氣污染物,粒狀污染物,,,2016,0.84
11039306,E,空氣污染物申報-一般空氣污染物,揮發性有機化合物,,,2016,39.66
11332202,E,空氣污染物申報-一般空氣污染物,氮氧化物,,,2016,2.494
11332202,E,空氣污染物申報-一般空氣污染物,硫氧化物,,,2016,2.137
11332202,E,空氣污染物申報-一般空氣污染物,粒狀污染物,,,2016,18.771000000000004
11332202,E,空氣污染物申報-一般空氣污染物,揮發性有機化合物,,,2016,320.377
11824327,E,空氣污染物申報-一般空氣污染物,氮氧化物,,,2016,0.15699999999999997
11824327,E,空氣污染物申報-一般空氣污染物,硫氧化物,,,2016,0.012
11824327,E,空氣污染物申報-一般空氣污染物,揮發性有機化合物,,,2016,46.644999999999996
15877936,E,空氣污染物申報-一般空氣污染物,揮發性有機化合物,,,2016,4.218999999999999
16748101,E,空氣污染物申報-一般空氣污染物,揮發性有機化合物,,,2016,133.384
20982120,E,空氣污染物申報-一般空氣污染物,氮氧化物,,,2016,1.313
20982120,E,空氣污染物申報-一般空氣污染物,硫氧化物,,,2016,1.028
20982120,E,空氣污染物申報-一般空氣污染物,揮發性有機化合物,,,2016,0.71
22212598,E,空氣污染物申報-一般空氣污染物,氮氧化物,,,2016,3.285
22212598,E,空氣污染物申報-一般空氣污染物,硫氧化物,,,2016,4.509
22212598,E,空氣污染物申報-一般空氣污染物,粒狀污染物,,,2016,1.9559999999999997
22212598,E,空氣污染物申報-一般空氣污染物,揮發性有機化合物,,,2016,18.465000000000003
22522361,E,空氣污染物申報-一般空氣污染物,氮氧化物,,,2016,0.002
22522361,E,空氣污染物申報-一般空氣污染物,揮發性有機化合物,,,2016,6.210000000000001
22540430,E,空氣污染物申報-一般空氣污染物,揮發性有機化合物,,,2016,0.48
22546808,E,空氣污染物申報-一般空氣污染物,氮氧化物,,,2016,0.114
22546808,E,空氣污染物申報-一般空氣污染物,揮發性有機化合物,,,2016,4.744
22551554,E,空氣污染物申報-一般空氣污染物,揮發性有機化合物,,,2016,0.624
22794503,E,空氣污染物申報-一般空氣污染物,氮氧化物,,,2016,1.348
22794503,E,空氣污染物申報-一般空氣污染物,硫氧化物,,,2016,1.812
22794503,E,空氣污染物申報-一般空氣污染物,揮發性有機化合物,,,2016,0.7
23019109,E,空氣污染物申報-一般空氣污染物,氮氧化物,,,2016,0.7309999999999999
23019109,E,空氣污染物申報-一般空氣污染物,硫氧化物,,,2016,0.113
23019109,E,空氣污染物申報-一般空氣污染物,粒狀污染物,,,2016,6.096
23019109,E,空氣污染物申報-一般空氣污染物,揮發性有機化合物,,,2016,119.935
23209895,E,空氣污染物申報-一般空氣污染物,氮氧化物,,,2016,0.176
23209895,E,空氣污染物申報-一般空氣污染物,硫氧化物,,,2016,0.057
23209895,E,空氣污染物申報-一般空氣污染物,揮發性有機化合物,,,2016,2.973
23248433,E,空氣污染物申報-一般空氣污染物,氮氧化物,,,2016,7.686999999999999
23248433,E,空氣污染物申報-一般空氣污染物,硫氧化物,,,2016,9.879
23248433,E,空氣污染物申報-一般空氣污染物,粒狀污染物,,,2016,2.764
23248433,E,空氣污染物申報-一般空氣污染物,揮發性有機化合物,,,2016,18.307000000000002
23503047,E,空氣污染物申報-一般空氣污染物,氮氧化物,,,2016,2.673000000000001
23503047,E,空氣污染物申報-一般空氣污染物,硫氧化物,,,2016,0.672
23503047,E,空氣污染物申報-一般空氣污染物,粒狀污染物,,,2016,5.215999999999999
23503047,E,空氣污染物申報-一般空氣污染物,揮發性有機化合物,,,2016,34.97299999999999
23603284,E,空氣污染物申報-一般空氣污染物,氮氧化物,,,2016,0.265
23603284,E,空氣污染物申報-一般空氣污染物,硫氧化物,,,2016,0.383
23603284,E,空氣污染物申報-一般空氣污染物,揮發性有機化合物,,,2016,0.286
24262159,E,空氣污染物申報-一般空氣污染物,氮氧化物,,,2016,0.003
24262159,E,空氣污染物申報-一般空氣污染物,硫氧化物,,,2016,0.003
24262159,E,空氣污染物申報-一般空氣污染物,揮發性有機化合物,,,2016,0.052
28919500,E,空氣污染物申報-一般空氣污染物,揮發性有機化合物,,,2016,13.018
33029464,E,空氣污染物申報-一般空氣污染物,氮氧化物,,,2016,0.012
33029464,E,空氣污染物申報-一般空氣污染物,硫氧化物,,,2016,0.001
33029464,E,空氣污染物申報-一般空氣污染物,粒狀污染物,,,2016,0.056
33029464,E,空氣污染物申報-一般空氣污染物,揮發性有機化合物,,,2016,6.631
33284077,E,空氣污染物申報-一般空氣污染物,氮氧化物,,,2016,0.39799999999999996
33284077,E,空氣污染物申報-一般空氣污染物,硫氧化物,,,2016,0.032
33284077,E,空氣污染物申報-一般空氣污染物,粒狀污染物,,,2016,0.19400000000000003
33284077,E,空氣污染物申報-一般空氣污染物,揮發性有機化合物,,,2016,35.29899999999999
35309102,E,空氣污染物申報-一般空氣污染物,揮發性有機化合物,,,2016,11.264999999999999
35945095,E,空氣污染物申報-一般空氣污染物,揮發性有機化合物,,,2016,5.493
36096704,E,空氣污染物申報-一般空氣污染物,揮發性有機化合物,,,2016,4.574
52353530,E,空氣污染物申報-一般空氣污染物,揮發性有機化合物,,,2016,13.491
52604255,E,空氣污染物申報-一般空氣污染物,氮氧化物,,,2016,1.155
52604255,E,空氣污染物申報-一般空氣污染物,硫氧化物,,,2016,0.003
52757548,E,空氣污染物申報-一般空氣污染物,氮氧化物,,,2016,3.009
52903090,E,空氣污染物申報-一般空氣污染物,揮發性有機化合物,,,2016,0.9870000000000001
55759180,E,空氣污染物申報-一般空氣污染物,揮發性有機化合物,,,2016,0.357
55848584,E,空氣污染物申報-一般空氣污染物,揮發性有機化合物,,,2016,5.289
55857746,E,空氣污染物申報-一般空氣污染物,揮發性有機化合物,,,2016,9.8
55878947,E,空氣污染物申報-一般空氣污染物,氮氧化物,,,2016,4.62
55878947,E,空氣污染物申報-一般空氣污染物,硫氧化物,,,2016,1.766
55878947,E,空氣污染物申報-一般空氣污染物,揮發性有機化合物,,,2016,7.644
55942764,E,空氣污染物申報-一般空氣污染物,氮氧化物,,,2016,0.045000000000000005
55942764,E,空氣污染物申報-一般空氣污染物,硫氧化物,,,2016,0.041
55942764,E,空氣污染物申報-一般空氣污染物,揮發性有機化合物,,,2016,0.244
58303609,E,空氣污染物申報-一般空氣污染物,揮發性有機化合物,,,2016,5.25
59008318,E,空氣污染物申報-一般空氣污染物,氮氧化物,,,2016,0.334
59008318,E,空氣污染物申報-一般空氣污染物,硫氧化物,,,2016,0.126
59008318,E,空氣污染物申報-一般空氣污染物,揮發性有機化合物,,,2016,0.02
59260902,E,空氣污染物申報-一般空氣污染物,氮氧化物,,,2016,0.044
60256758,E,空氣污染物申報-一般空氣污染物,氮氧化物,,,2016,0.182
60256758,E,空氣污染物申報-一般空氣污染物,硫氧化物,,,2016,1.7710000000000001
60256758,E,空氣污染物申報-一般空氣污染物,粒狀污染物,,,2016,10.739999999999998
60256758,E,空氣污染物申報-一般空氣污染物,揮發性有機化合物,,,2016,1.008
66402912,E,空氣污染物申報-一般空氣污染物,氮氧化物,,,2016,0.174
66402912,E,空氣污染物申報-一般空氣污染物,硫氧化物,,,2016,0.43200000000000005
66402912,E,空氣污染物申報-一般空氣污染物,粒狀污染物,,,2016,15.635
66402912,E,空氣污染物申報-一般空氣污染物,揮發性有機化合物,,,2016,3.8520000000000003
68193807,E,空氣污染物申報-一般空氣污染物,氮氧化物,,,2016,0.896
68193807,E,空氣污染物申報-一般空氣污染物,硫氧化物,,,2016,0.299
68193807,E,空氣污染物申報-一般空氣污染物,揮發性有機化合物,,,2016,0.006
70647919,E,空氣污染物申報-一般空氣污染物,氮氧化物,,,2016,0.23399999999999999
70647919,E,空氣污染物申報-一般空氣污染物,揮發性有機化合物,,,2016,2.575
75940820,E,空氣污染物申報-一般空氣污染物,揮發性有機化合物,,,2016,9.198
84189908,E,空氣污染物申報-一般空氣污染物,氮氧化物,,,2016,0.14400000000000002
84189908,E,空氣污染物申報-一般空氣污染物,硫氧化物,,,2016,0.032
84189908,E,空氣污染物申報-一般空氣污染物,粒狀污染物,,,2016,0.492
84189908,E,空氣污染物申報-一般空氣污染物,揮發性有機化合物,,,2016,5.711
84980915,E,空氣污染物申報-一般空氣污染物,氮氧化物,,,2016,7.527000000000001
84980915,E,空氣污染物申報-一般空氣污染物,揮發性有機化合物,,,2016,67.97999999999999
86122164,E,空氣污染物申報-一般空氣污染物,氮氧化物,,,2016,0.219
86122164,E,空氣污染物申報-一般空氣污染物,硫氧化物,,,2016,0.07100000000000001
86122164,E,空氣污染物申報-一般空氣污染物,揮發性有機化合物,,,2016,8.865
03213392,E,空氣污染物申報-一般空氣污染物,氮氧化物,,,2016,0.165
03213392,E,空氣污染物申報-一般空氣污染物,硫氧化物,,,2016,0.05
03213392,E,空氣污染物申報-一般空氣污染物,粒狀污染物,,,2016,0.513
03213392,E,空氣污染物申報-一般空氣污染物,揮發性有機化合物,,,2016,0.595
03089008,E,空氣污染物申報-一般空氣污染物,氮氧化物,,,2016,1.2
03089008,E,空氣污染物申報-一般空氣污染物,粒狀污染物,,,2016,13.054
03089008,E,空氣污染物申報-一般空氣污染物,揮發性有機化合物,,,2016,41.015
03474311,E,空氣污染物申報-一般空氣污染物,氮氧化物,,,2016,0.312
03474311,E,空氣污染物申報-一般空氣污染物,硫氧化物,,,2016,0.696
03474311,E,空氣污染物申報-一般空氣污染物,粒狀污染物,,,2016,25.357999999999997
03474311,E,空氣污染物申報-一般空氣污染物,揮發性有機化合物,,,2016,10.951
04416894,E,空氣污染物申報-一般空氣污染物,揮發性有機化合物,,,2016,0.364
04938839,E,空氣污染物申報-一般空氣污染物,揮發性有機化合物,,,2016,0.152
11026506,E,空氣污染物申報-一般空氣污染物,氮氧化物,,,2017,3.4040000000000004
11026506,E,空氣污染物申報-一般空氣污染物,硫氧化物,,,2017,1.4369999999999998
11026506,E,空氣污染物申報-一般空氣污染物,粒狀污染物,,,2017,4.4639999999999995
11026506,E,空氣污染物申報-一般空氣污染物,揮發性有機化合物,,,2017,57.001
11026506,E,空氣污染物申報-有害空氣污染物,苯,,,2017,0.132
11026506,E,空氣污染物申報-有害空氣污染物,乙苯,,,2017,0.015
11026506,E,空氣污染物申報-有害空氣污染物,甲苯,,,2017,3.639
11026506,E,空氣污染物申報-有害空氣污染物,二甲苯,,,2017,15.561000000000002
11039306,E,空氣污染物申報-一般空氣污染物,氮氧化物,,,2017,0.347
11039306,E,空氣污染物申報-一般空氣污染物,硫氧化物,,,2017,0.003
11039306,E,空氣污染物申報-一般空氣污染物,粒狀污染物,,,2017,0.8550000000000001
11039306,E,空氣污染物申報-一般空氣污染物,揮發性有機化合物,,,2017,51.672000000000004
11039306,E,空氣污染物申報-有害空氣污染物,甲苯,,,2017,17.607
11039306,E,空氣污染物申報-有害空氣污染物,二甲苯,,,2017,1.665
11332202,E,空氣污染物申報-一般空氣污染物,氮氧化物,,,2017,1.808
11332202,E,空氣污染物申報-一般空氣污染物,硫氧化物,,,2017,1.569
11332202,E,空氣污染物申報-一般空氣污染物,粒狀污染物,,,2017,14.045000000000002
11332202,E,空氣污染物申報-一般空氣污染物,揮發性有機化合物,,,2017,206.421
11332202,E,空氣污染物申報-有害空氣污染物,苯,,,2017,1.572
11332202,E,空氣污染物申報-有害空氣污染物,苯乙烯,,,2017,18.714
11332202,E,空氣污染物申報-有害空氣污染物,乙苯,,,2017,0.46799999999999997
11332202,E,空氣污染物申報-有害空氣污染物,甲苯,,,2017,43.278999999999996
11332202,E,空氣污染物申報-有害空氣污染物,二甲苯,,,2017,52.202
11824327,E,空氣污染物申報-一般空氣污染物,氮氧化物,,,2017,0.08900000000000001
11824327,E,空氣污染物申報-一般空氣污染物,硫氧化物,,,2017,0.007
11824327,E,空氣污染物申報-一般空氣污染物,揮發性有機化合物,,,2017,96.622
11824327,E,空氣污染物申報-有害空氣污染物,苯乙烯,,,2017,7.914
11824327,E,空氣污染物申報-有害空氣污染物,二氯甲烷,,,2017,3.524
15877936,E,空氣污染物申報-一般空氣污染物,揮發性有機化合物,,,2017,5.643999999999999
15877936,E,空氣污染物申報-有害空氣污染物,甲苯,,,2017,0.6950000000000001
15877936,E,空氣污染物申報-有害空氣污染物,二甲苯,,,2017,2.8099999999999996
16748101,E,空氣污染物申報-一般空氣污染物,揮發性有機化合物,,,2017,77.57300000000001
16748101,E,空氣污染物申報-有害空氣污染物,二甲苯,,,2017,0.224
20982120,E,空氣污染物申報-一般空氣污染物,氮氧化物,,,2017,0.281
20982120,E,空氣污染物申報-一般空氣污染物,硫氧化物,,,2017,1.072
20982120,E,空氣污染物申報-一般空氣污染物,揮發性有機化合物,,,2017,1.176
22212598,E,空氣污染物申報-一般空氣污染物,氮氧化物,,,2017,0.9870000000000001
22212598,E,空氣污染物申報-一般空氣污染物,硫氧化物,,,2017,1.353
22212598,E,空氣污染物申報-一般空氣污染物,粒狀污染物,,,2017,0.601
22212598,E,空氣污染物申報-一般空氣污染物,揮發性有機化合物,,,2017,9.493000000000002
22212598,E,空氣污染物申報-有害空氣污染物,乙苯,,,2017,0.083
22212598,E,空氣污染物申報-有害空氣污染物,甲苯,,,2017,1.174
22212598,E,空氣污染物申報-有害空氣污染物,二甲苯,,,2017,1.807
22522361,E,空氣污染物申報-一般空氣污染物,氮氧化物,,,2017,0.001
22522361,E,空氣污染物申報-一般空氣污染物,揮發性有機化合物,,,2017,7.228999999999999
22522361,E,空氣污染物申報-有害空氣污染物,二氯甲烷,,,2017,2.25
22522361,E,空氣污染物申報-有害空氣污染物,甲苯,,,2017,0.196
22522361,E,空氣污染物申報-有害空氣污染物,二甲苯,,,2017,0.046
22540430,E,空氣污染物申報-一般空氣污染物,揮發性有機化合物,,,2017,1.46
22546808,E,空氣污染物申報-一般空氣污染物,氮氧化物,,,2017,0.041
22546808,E,空氣污染物申報-一般空氣污染物,揮發性有機化合物,,,2017,3.124
22546808,E,空氣污染物申報-有害空氣污染物,二甲苯,,,2017,0.592
22551554,E,空氣污染物申報-一般空氣污染物,揮發性有機化合物,,,2017,1.268
22551554,E,空氣污染物申報-有害空氣污染物,甲苯,,,2017,0.24
22551554,E,空氣污染物申報-有害空氣污染物,二甲苯,,,2017,0.37
22794503,E,空氣污染物申報-一般空氣污染物,氮氧化物,,,2017,0.7739999999999999
22794503,E,空氣污染物申報-一般空氣污染物,硫氧化物,,,2017,1.049
22794503,E,空氣污染物申報-一般空氣污染物,揮發性有機化合物,,,2017,0.383
23019109,E,空氣污染物申報-一般空氣污染物,氮氧化物,,,2017,0.487
23019109,E,空氣污染物申報-一般空氣污染物,硫氧化物,,,2017,0.452
23019109,E,空氣污染物申報-一般空氣污染物,粒狀污染物,,,2017,6.096
23019109,E,空氣污染物申報-一般空氣污染物,揮發性有機化合物,,,2017,88.77
23019109,E,空氣污染物申報-有害空氣污染物,甲苯,,,2017,0.7889999999999999
23019109,E,空氣污染物申報-有害空氣污染物,二甲苯,,,2017,1.673
23209895,E,空氣污染物申報-一般空氣污染物,氮氧化物,,,2017,0.16699999999999998
23209895,E,空氣污染物申報-一般空氣污染物,揮發性有機化合物,,,2017,2.207
23248433,E,空氣污染物申報-一般空氣污染物,氮氧化物,,,2017,7.636000000000001
23248433,E,空氣污染物申報-一般空氣污染物,硫氧化物,,,2017,9.789
23248433,E,空氣污染物申報-一般空氣污染物,粒狀污染物,,,2017,3.178
23248433,E,空氣污染物申報-一般空氣污染物,揮發性有機化合物,,,2017,13.659000000000002
23248433,E,空氣污染物申報-有害空氣污染物,苯乙烯,,,2017,4.08
23503047,E,空氣污染物申報-一般空氣污染物,氮氧化物,,,2017,3.214
23503047,E,空氣污染物申報-一般空氣污染物,硫氧化物,,,2017,1.9680000000000002
23503047,E,空氣污染物申報-一般空氣污染物,粒狀污染物,,,2017,5.784000000000001
23503047,E,空氣污染物申報-一般空氣污染物,揮發性有機化合物,,,2017,54.626
23503047,E,空氣污染物申報-有害空氣污染物,甲苯,,,2017,0.021
23503047,E,空氣污染物申報-有害空氣污染物,二甲苯,,,2017,0.034
23603284,E,空氣污染物申報-一般空氣污染物,氮氧化物,,,2017,0.463
23603284,E,空氣污染物申報-一般空氣污染物,硫氧化物,,,2017,0.6689999999999999
23603284,E,空氣污染物申報-一般空氣污染物,揮發性有機化合物,,,2017,0.682
24262159,E,空氣污染物申報-一般空氣污染物,氮氧化物,,,2017,0.005
24262159,E,空氣污染物申報-一般空氣污染物,硫氧化物,,,2017,0.005
24262159,E,空氣污染物申報-一般空氣污染物,揮發性有機化合物,,,2017,0.106
28919500,E,空氣污染物申報-一般空氣污染物,揮發性有機化合物,,,2017,11.035
28919500,E,空氣污染物申報-有害空氣污染物,乙苯,,,2017,0.062
28919500,E,空氣污染物申報-有害空氣污染物,甲苯,,,2017,6.941000000000001
28919500,E,空氣污染物申報-有害空氣污染物,二甲苯,,,2017,0.47900000000000004
33029464,E,空氣污染物申報-一般空氣污染物,氮氧化物,,,2017,0.064
33029464,E,空氣污染物申報-一般空氣污染物,硫氧化物,,,2017,0.005
33029464,E,空氣污染物申報-一般空氣污染物,粒狀污染物,,,2017,0.112
33029464,E,空氣污染物申報-一般空氣污染物,揮發性有機化合物,,,2017,13.856
33029464,E,空氣污染物申報-有害空氣污染物,二甲苯,,,2017,3.7960000000000003
33284077,E,空氣污染物申報-一般空氣污染物,氮氧化物,,,2017,0.257
33284077,E,空氣污染物申報-一般空氣污染物,硫氧化物,,,2017,0.020999999999999998
33284077,E,空氣污染物申報-一般空氣污染物,粒狀污染物,,,2017,0.454
33284077,E,空氣污染物申報-一般空氣污染物,揮發性有機化合物,,,2017,31.341000000000005
33284077,E,空氣污染物申報-有害空氣污染物,甲苯,,,2017,4.294
33284077,E,空氣污染物申報-有害空氣污染物,二甲苯,,,2017,11.653
35309102,E,空氣污染物申報-一般空氣污染物,揮發性有機化合物,,,2017,9.378
35309102,E,空氣污染物申報-有害空氣污染物,乙苯,,,2017,0.12
35309102,E,空氣污染物申報-有害空氣污染物,甲苯,,,2017,1.38
35309102,E,空氣污染物申報-有害空氣污染物,二甲苯,,,2017,0.51
35945095,E,空氣污染物申報-一般空氣污染物,揮發性有機化合物,,,2017,8.741
35945095,E,空氣污染物申報-有害空氣污染物,甲苯,,,2017,7.182
36096704,E,空氣污染物申報-一般空氣污染物,揮發性有機化合物,,,2017,3.0479999999999996
36096704,E,空氣污染物申報-有害空氣污染物,苯乙烯,,,2017,0.102
36096704,E,空氣污染物申報-有害空氣污染物,乙苯,,,2017,0.28900000000000003
36096704,E,空氣污染物申報-有害空氣污染物,二甲苯,,,2017,1.162
44947686,E,空氣污染物申報-一般空氣污染物,揮發性有機化合物,,,2017,0.933
52353530,E,空氣污染物申報-一般空氣污染物,揮發性有機化合物,,,2017,11.562
52353530,E,空氣污染物申報-有害空氣污染物,苯乙烯,,,2017,0.344
52353530,E,空氣污染物申報-有害空氣污染物,乙苯,,,2017,0.22899999999999998
52353530,E,空氣污染物申報-有害空氣污染物,甲苯,,,2017,7.199
52353530,E,空氣污染物申報-有害空氣污染物,二甲苯,,,2017,0.923
52604255,E,空氣污染物申報-一般空氣污染物,氮氧化物,,,2017,2.002
52604255,E,空氣污染物申報-一般空氣污染物,硫氧化物,,,2017,0.007
52757548,E,空氣污染物申報-一般空氣污染物,氮氧化物,,,2017,1.9929999999999999
52903090,E,空氣污染物申報-一般空氣污染物,揮發性有機化合物,,,2017,0.961
52903090,E,空氣污染物申報-有害空氣污染物,甲苯,,,2017,0.31599999999999995
53666460,E,空氣污染物申報-一般空氣污染物,氮氧化物,,,2017,0.047
53666460,E,空氣污染物申報-一般空氣污染物,揮發性有機化合物,,,2017,2.47
55759180,E,空氣污染物申報-一般空氣污染物,揮發性有機化合物,,,2017,0.681
55848584,E,空氣污染物申報-一般空氣污染物,揮發性有機化合物,,,2017,4.06
55848584,E,空氣污染物申報-有害空氣污染物,乙苯,,,2017,0.056999999999999995
55848584,E,空氣污染物申報-有害空氣污染物,甲苯,,,2017,0.679
55848584,E,空氣污染物申報-有害空氣污染物,二甲苯,,,2017,1.3770000000000002
55857746,E,空氣污染物申報-一般空氣污染物,揮發性有機化合物,,,2017,14
55857746,E,空氣污染物申報-有害空氣污染物,甲苯,,,2017,1
55878947,E,空氣污染物申報-一般空氣污染物,氮氧化物,,,2017,4.827
55878947,E,空氣污染物申報-一般空氣污染物,硫氧化物,,,2017,3.088
55878947,E,空氣污染物申報-一般空氣污染物,揮發性有機化合物,,,2017,6.084999999999999
55878947,E,空氣污染物申報-有害空氣污染物,甲苯,,,2017,3.521
55878947,E,空氣污染物申報-有害空氣污染物,二甲苯,,,2017,0.039
55942764,E,空氣污染物申報-一般空氣污染物,氮氧化物,,,2017,0.046
55942764,E,空氣污染物申報-一般空氣污染物,硫氧化物,,,2017,0.011
55942764,E,空氣污染物申報-一般空氣污染物,揮發性有機化合物,,,2017,0.16899999999999998
58303609,E,空氣污染物申報-一般空氣污染物,揮發性有機化合物,,,2017,4.6129999999999995
58303609,E,空氣污染物申報-有害空氣污染物,乙苯,,,2017,0.11000000000000001
58303609,E,空氣污染物申報-有害空氣污染物,甲苯,,,2017,0.696
58303609,E,空氣污染物申報-有害空氣污染物,二甲苯,,,2017,0.469
59008318,E,空氣污染物申報-一般空氣污染物,氮氧化物,,,2017,0.449
59008318,E,空氣污染物申報-一般空氣污染物,硫氧化物,,,2017,0.22999999999999998
59008318,E,空氣污染物申報-一般空氣污染物,揮發性有機化合物,,,2017,0.017
59260902,E,空氣污染物申報-一般空氣污染物,氮氧化物,,,2017,0.07400000000000001
60256758,E,空氣污染物申報-一般空氣污染物,氮氧化物,,,2017,0.193
60256758,E,空氣污染物申報-一般空氣污染物,硫氧化物,,,2017,2.0100000000000002
60256758,E,空氣污染物申報-一般空氣污染物,粒狀污染物,,,2017,10.54
60256758,E,空氣污染物申報-一般空氣污染物,揮發性有機化合物,,,2017,1.192
60256758,E,空氣污染物申報-有害空氣污染物,苯,,,2017,0.413
60256758,E,空氣污染物申報-有害空氣污染物,甲苯,,,2017,0.168
60256758,E,空氣污染物申報-有害空氣污染物,二甲苯,,,2017,0.143
66402912,E,空氣污染物申報-一般空氣污染物,氮氧化物,,,2017,0.129
66402912,E,空氣污染物申報-一般空氣污染物,硫氧化物,,,2017,1.091
66402912,E,空氣污染物申報-一般空氣污染物,粒狀污染物,,,2017,15.756000000000002
66402912,E,空氣污染物申報-一般空氣污染物,揮發性有機化合物,,,2017,10.037
66402912,E,空氣污染物申報-有害空氣污染物,苯,,,2017,1.499
66402912,E,空氣污染物申報-有害空氣污染物,甲苯,,,2017,2.636
66402912,E,空氣污染物申報-有害空氣污染物,二甲苯,,,2017,0.832
68193807,E,空氣污染物申報-一般空氣污染物,氮氧化物,,,2017,1.271
68193807,E,空氣污染物申報-一般空氣污染物,硫氧化物,,,2017,0.32
68193807,E,空氣污染物申報-一般空氣污染物,揮發性有機化合物,,,2017,0.008
70647919,E,空氣污染物申報-一般空氣污染物,氮氧化物,,,2017,0.31100000000000005
70647919,E,空氣污染物申報-一般空氣污染物,揮發性有機化合物,,,2017,4.549
75940820,E,空氣污染物申報-一般空氣污染物,氮氧化物,,,2017,0.042
75940820,E,空氣污染物申報-一般空氣污染物,揮發性有機化合物,,,2017,12.089
84189908,E,空氣污染物申報-一般空氣污染物,氮氧化物,,,2017,0.187
84189908,E,空氣污染物申報-一般空氣污染物,硫氧化物,,,2017,0.04
84189908,E,空氣污染物申報-一般空氣污染物,粒狀污染物,,,2017,0.594
84189908,E,空氣污染物申報-一般空氣污染物,揮發性有機化合物,,,2017,7.218999999999999
84980915,E,空氣污染物申報-一般空氣污染物,氮氧化物,,,2017,8.934
84980915,E,空氣污染物申報-一般空氣污染物,揮發性有機化合物,,,2017,94.969
84980915,E,空氣污染物申報-有害空氣污染物,甲苯,,,2017,30.704999999999995
86122164,E,空氣污染物申報-一般空氣污染物,氮氧化物,,,2017,0.091
86122164,E,空氣污染物申報-一般空氣污染物,硫氧化物,,,2017,0.014
86122164,E,空氣污染物申報-一般空氣污染物,揮發性有機化合物,,,2017,12.536000000000001
86122164,E,空氣污染物申報-有害空氣污染物,苯乙烯,,,2017,0.155
86122164,E,空氣污染物申報-有害空氣污染物,甲苯,,,2017,7.532
86122164,E,空氣污染物申報-有害空氣污染物,二甲苯,,,2017,0.929
97413843,E,空氣污染物申報-一般空氣污染物,揮發性有機化合物,,,2017,0.264
03089008,E,空氣污染物申報-一般空氣污染物,氮氧化物,,,2017,3.186
03089008,E,空氣污染物申報-一般空氣污染物,粒狀污染物,,,2017,38.958
03089008,E,空氣污染物申報-一般空氣污染物,揮發性有機化合物,,,2017,66.827
03089008,E,空氣污染物申報-有害空氣污染物,甲苯,,,2017,6.136000000000001
03089008,E,空氣污染物申報-有害空氣污染物,二甲苯,,,2017,0.005
04416894,E,空氣污染物申報-一般空氣污染物,揮發性有機化合物,,,2017,0.354
04416894,E,空氣污染物申報-有害空氣污染物,甲苯,,,2017,0.047999999999999994
04416894,E,空氣污染物申報-有害空氣污染物,二甲苯,,,2017,0.16
04938839,E,空氣污染物申報-一般空氣污染物,揮發性有機化合物,,,2017,0.152
04938839,E,空氣污染物申報-有害空氣污染物,二甲苯,,,2017,0.071
03474311,E,空氣污染物申報-一般空氣污染物,氮氧化物,,,2017,0.46699999999999997
03474311,E,空氣污染物申報-一般空氣污染物,硫氧化物,,,2017,0.9610000000000001
03474311,E,空氣污染物申報-一般空氣污染物,粒狀污染物,,,2017,17.276000000000003
03474311,E,空氣污染物申報-一般空氣污染物,揮發性有機化合物,,,2017,15.614
03474311,E,空氣污染物申報-有害空氣污染物,苯乙烯,,,2017,0.006
03474311,E,空氣污染物申報-有害空氣污染物,甲苯,,,2017,1.786
03474311,E,空氣污染物申報-有害空氣污染物,二甲苯,,,2017,2.582
03213392,E,空氣污染物申報-一般空氣污染物,氮氧化物,,,2017,0.129
03213392,E,空氣污染物申報-一般空氣污染物,硫氧化物,,,2017,0.048
03213392,E,空氣污染物申報-一般空氣污染物,揮發性有機化合物,,,2017,0.976
03213392,E,空氣污染物申報-有害空氣污染物,二甲苯,,,2017,0.5660000000000001
11026506,E,空氣污染物申報-一般空氣污染物,氮氧化物,,,2018,3.4169999999999994
11026506,E,空氣污染物申報-一般空氣污染物,硫氧化物,,,2018,0.916
11026506,E,空氣污染物申報-一般空氣污染物,粒狀污染物,,,2018,1.8339999999999999
11026506,E,空氣污染物申報-一般空氣污染物,揮發性有機化合物,,,2018,40.88099999999999
11026506,E,空氣污染物申報-有害空氣污染物,苯,,,2018,0.10300000000000001
11026506,E,空氣污染物申報-有害空氣污染物,乙苯,,,2018,0.02
11026506,E,空氣污染物申報-有害空氣污染物,甲苯,,,2018,3.803
11026506,E,空氣污染物申報-有害空氣污染物,二甲苯,,,2018,13.886999999999999
11026506,E,空氣污染物申報-有害空氣污染物,戴奧辛,,,2018,0.004
11026506,E,空氣污染物申報-有害空氣污染物,重金屬,,,2018,0.049999999999999996
11039306,E,空氣污染物申報-一般空氣污染物,氮氧化物,,,2018,0.5119999999999999
11039306,E,空氣污染物申報-一般空氣污染物,硫氧化物,,,2018,0.005
11039306,E,空氣污染物申報-一般空氣污染物,粒狀污染物,,,2018,0.385
11039306,E,空氣污染物申報-一般空氣污染物,揮發性有機化合物,,,2018,71.211
11039306,E,空氣污染物申報-有害空氣污染物,甲苯,,,2018,1.069
11039306,E,空氣污染物申報-有害空氣污染物,二甲苯,,,2018,24.884
11824327,E,空氣污染物申報-一般空氣污染物,氮氧化物,,,2018,0.095
11824327,E,空氣污染物申報-一般空氣污染物,硫氧化物,,,2018,0.005
11824327,E,空氣污染物申報-一般空氣污染物,粒狀污染物,,,2018,0.005
11824327,E,空氣污染物申報-一般空氣污染物,揮發性有機化合物,,,2018,103.067
11824327,E,空氣污染物申報-有害空氣污染物,苯乙烯,,,2018,8.295
15877936,E,空氣污染物申報-一般空氣污染物,氮氧化物,,,2018,0.004
15877936,E,空氣污染物申報-一般空氣污染物,硫氧化物,,,2018,0.004
15877936,E,空氣污染物申報-一般空氣污染物,粒狀污染物,,,2018,0.006
15877936,E,空氣污染物申報-一般空氣污染物,揮發性有機化合物,,,2018,3.387
15877936,E,空氣污染物申報-有害空氣污染物,甲苯,,,2018,0.5389999999999999
15877936,E,空氣污染物申報-有害空氣污染物,二甲苯,,,2018,1.722
16359284,E,空氣污染物申報-一般空氣污染物,氮氧化物,,,2018,0.002
16359284,E,空氣污染物申報-一般空氣污染物,揮發性有機化合物,,,2018,2.3979999999999997
16359284,E,空氣污染物申報-有害空氣污染物,乙苯,,,2018,0.021
16359284,E,空氣污染物申報-有害空氣污染物,甲苯,,,2018,0.201
16359284,E,空氣污染物申報-有害空氣污染物,二甲苯,,,2018,0.118
16748101,E,空氣污染物申報-一般空氣污染物,揮發性有機化合物,,,2018,99.692
16748101,E,空氣污染物申報-有害空氣污染物,乙苯,,,2018,0.007
16748101,E,空氣污染物申報-有害空氣污染物,二甲苯,,,2018,0.5599999999999999
20982120,E,空氣污染物申報-一般空氣污染物,氮氧化物,,,2018,0.092
20982120,E,空氣污染物申報-一般空氣污染物,硫氧化物,,,2018,0.141
20982120,E,空氣污染物申報-一般空氣污染物,粒狀污染物,,,2018,0.018
20982120,E,空氣污染物申報-一般空氣污染物,揮發性有機化合物,,,2018,1.628
22212598,E,空氣污染物申報-一般空氣污染物,氮氧化物,,,2018,0.006
22212598,E,空氣污染物申報-一般空氣污染物,揮發性有機化合物,,,2018,15.198
22212598,E,空氣污染物申報-有害空氣污染物,乙苯,,,2018,0.128
22212598,E,空氣污染物申報-有害空氣污染物,甲苯,,,2018,1.8090000000000002
22212598,E,空氣污染物申報-有害空氣污染物,二甲苯,,,2018,2.773
22522361,E,空氣污染物申報-一般空氣污染物,揮發性有機化合物,,,2018,12.351
22522361,E,空氣污染物申報-有害空氣污染物,二氯甲烷,,,2018,3.75
22522361,E,空氣污染物申報-有害空氣污染物,甲苯,,,2018,0.39199999999999996
22522361,E,空氣污染物申報-有害空氣污染物,二甲苯,,,2018,0.106
22540430,E,空氣污染物申報-一般空氣污染物,揮發性有機化合物,,,2018,1.3
22546808,E,空氣污染物申報-一般空氣污染物,氮氧化物,,,2018,0.064
22546808,E,空氣污染物申報-一般空氣污染物,硫氧化物,,,2018,0.003
22546808,E,空氣污染物申報-一般空氣污染物,揮發性有機化合物,,,2018,6.287999999999999
22546808,E,空氣污染物申報-有害空氣污染物,二甲苯,,,2018,1.6869999999999998
22551554,E,空氣污染物申報-一般空氣污染物,揮發性有機化合物,,,2018,0.345
22551554,E,空氣污染物申報-有害空氣污染物,甲苯,,,2018,0.066
22551554,E,空氣污染物申報-有害空氣污染物,二甲苯,,,2018,0.11
22794503,E,空氣污染物申報-一般空氣污染物,氮氧化物,,,2018,0.498
22794503,E,空氣污染物申報-一般空氣污染物,硫氧化物,,,2018,0.572
22794503,E,空氣污染物申報-一般空氣污染物,粒狀污染物,,,2018,0.134
22794503,E,空氣污染物申報-一般空氣污染物,揮發性有機化合物,,,2018,0.38
22794503,E,空氣污染物申報-有害空氣污染物,重金屬,,,2018,0.014
23019109,E,空氣污染物申報-一般空氣污染物,氮氧化物,,,2018,0.46599999999999997
23019109,E,空氣污染物申報-一般空氣污染物,硫氧化物,,,2018,0.452
23019109,E,空氣污染物申報-一般空氣污染物,粒狀污染物,,,2018,3.0679999999999996
23019109,E,空氣污染物申報-一般空氣污染物,揮發性有機化合物,,,2018,163.302
23019109,E,空氣污染物申報-有害空氣污染物,甲苯,,,2018,0.9369999999999999
23019109,E,空氣污染物申報-有害空氣污染物,二甲苯,,,2018,2.18
23209895,E,空氣污染物申報-一般空氣污染物,氮氧化物,,,2018,0.137
23209895,E,空氣污染物申報-一般空氣污染物,粒狀污染物,,,2018,0.002
23209895,E,空氣污染物申報-一般空氣污染物,揮發性有機化合物,,,2018,2.053
23248433,E,空氣污染物申報-一般空氣污染物,氮氧化物,,,2018,7.594
23248433,E,空氣污染物申報-一般空氣污染物,硫氧化物,,,2018,9.432
23248433,E,空氣污染物申報-一般空氣污染物,粒狀污染物,,,2018,1.826
23248433,E,空氣污染物申報-一般空氣污染物,揮發性有機化合物,,,2018,15.353
23248433,E,空氣污染物申報-有害空氣污染物,苯乙烯,,,2018,4.6240000000000006
23503047,E,空氣污染物申報-一般空氣污染物,氮氧化物,,,2018,4.088
23503047,E,空氣污染物申報-一般空氣污染物,硫氧化物,,,2018,1.4419999999999997
23503047,E,空氣污染物申報-一般空氣污染物,粒狀污染物,,,2018,1.5550000000000002
23503047,E,空氣污染物申報-一般空氣污染物,揮發性有機化合物,,,2018,72.73200000000003
23503047,E,空氣污染物申報-有害空氣污染物,甲苯,,,2018,0.02
23503047,E,空氣污染物申報-有害空氣污染物,二甲苯,,,2018,0.033
23603284,E,空氣污染物申報-一般空氣污染物,氮氧化物,,,2018,0.8840000000000001
23603284,E,空氣污染物申報-一般空氣污染物,硫氧化物,,,2018,1.277
23603284,E,空氣污染物申報-一般空氣污染物,粒狀污染物,,,2018,0.091
23603284,E,空氣污染物申報-一般空氣污染物,揮發性有機化合物,,,2018,1.7710000000000001
24262159,E,空氣污染物申報-一般空氣污染物,氮氧化物,,,2018,0.033
24262159,E,空氣污染物申報-一般空氣污染物,硫氧化物,,,2018,0.04
24262159,E,空氣污染物申報-一般空氣污染物,粒狀污染物,,,2018,0.11599999999999999
24262159,E,空氣污染物申報-一般空氣污染物,揮發性有機化合物,,,2018,0.224
28919500,E,空氣污染物申報-一般空氣污染物,揮發性有機化合物,,,2018,16.387
28919500,E,空氣污染物申報-有害空氣污染物,乙苯,,,2018,0.083
28919500,E,空氣污染物申報-有害空氣污染物,甲苯,,,2018,11.801
28919500,E,空氣污染物申報-有害空氣污染物,二甲苯,,,2018,0.404
33029464,E,空氣污染物申報-一般空氣污染物,氮氧化物,,,2018,0.062
33029464,E,空氣污染物申報-一般空氣污染物,硫氧化物,,,2018,0.006
33029464,E,空氣污染物申報-一般空氣污染物,粒狀污染物,,,2018,0.006
33029464,E,空氣污染物申報-一般空氣污染物,揮發性有機化合物,,,2018,11.493
33029464,E,空氣污染物申報-有害空氣污染物,二甲苯,,,2018,3.083
33284077,E,空氣污染物申報-一般空氣污染物,氮氧化物,,,2018,0.219
33284077,E,空氣污染物申報-一般空氣污染物,硫氧化物,,,2018,0.017
33284077,E,空氣污染物申報-一般空氣污染物,粒狀污染物,,,2018,0.384
33284077,E,空氣污染物申報-一般空氣污染物,揮發性有機化合物,,,2018,31.267
33284077,E,空氣污染物申報-有害空氣污染物,甲苯,,,2018,4.112
33284077,E,空氣污染物申報-有害空氣污染物,二甲苯,,,2018,10.595
35309102,E,空氣污染物申報-一般空氣污染物,揮發性有機化合物,,,2018,7.372999999999999
35309102,E,空氣污染物申報-有害空氣污染物,苯乙烯,,,2018,0.001
35309102,E,空氣污染物申報-有害空氣污染物,乙苯,,,2018,0.10300000000000001
35309102,E,空氣污染物申報-有害空氣污染物,甲苯,,,2018,1.017
35309102,E,空氣污染物申報-有害空氣污染物,二甲苯,,,2018,0.441
35945095,E,空氣污染物申報-一般空氣污染物,揮發性有機化合物,,,2018,12.072000000000003
35945095,E,空氣污染物申報-有害空氣污染物,甲苯,,,2018,10.153
36096704,E,空氣污染物申報-一般空氣污染物,揮發性有機化合物,,,2018,2.9010000000000002
36096704,E,空氣污染物申報-有害空氣污染物,苯乙烯,,,2018,0.394
36096704,E,空氣污染物申報-有害空氣污染物,乙苯,,,2018,0.17700000000000002
36096704,E,空氣污染物申報-有害空氣污染物,二甲苯,,,2018,1.155
44947686,E,空氣污染物申報-一般空氣污染物,揮發性有機化合物,,,2018,1.0339999999999998
52353530,E,空氣污染物申報-一般空氣污染物,揮發性有機化合物,,,2018,3.386
52353530,E,空氣污染物申報-有害空氣污染物,苯乙烯,,,2018,0.075
52353530,E,空氣污染物申報-有害空氣污染物,乙苯,,,2018,0.08
52353530,E,空氣污染物申報-有害空氣污染物,甲苯,,,2018,1.968
52353530,E,空氣污染物申報-有害空氣污染物,二甲苯,,,2018,0.328
52604255,E,空氣污染物申報-一般空氣污染物,氮氧化物,,,2018,1.454
52604255,E,空氣污染物申報-一般空氣污染物,硫氧化物,,,2018,0.002
52604255,E,空氣污染物申報-一般空氣污染物,粒狀污染物,,,2018,0.08
52757548,E,空氣污染物申報-一般空氣污染物,氮氧化物,,,2018,0.6530000000000001
52757548,E,空氣污染物申報-一般空氣污染物,粒狀污染物,,,2018,0.020999999999999998
52903090,E,空氣污染物申報-一般空氣污染物,揮發性有機化合物,,,2018,1.019
52903090,E,空氣污染物申報-有害空氣污染物,甲苯,,,2018,0.419
53666460,E,空氣污染物申報-一般空氣污染物,氮氧化物,,,2018,0.05399999999999999
53666460,E,空氣污染物申報-一般空氣污染物,揮發性有機化合物,,,2018,2.381
55754185,E,空氣污染物申報-一般空氣污染物,揮發性有機化合物,,,2018,0.24
55759180,E,空氣污染物申報-一般空氣污染物,揮發性有機化合物,,,2018,0.34
55848584,E,空氣污染物申報-一般空氣污染物,揮發性有機化合物,,,2018,4.929
55848584,E,空氣污染物申報-有害空氣污染物,乙苯,,,2018,0.081
55848584,E,空氣污染物申報-有害空氣污染物,甲苯,,,2018,0.612
55848584,E,空氣污染物申報-有害空氣污染物,二甲苯,,,2018,1.815
55857746,E,空氣污染物申報-一般空氣污染物,揮發性有機化合物,,,2018,8.6
55857746,E,空氣污染物申報-有害空氣污染物,甲苯,,,2018,0.4
55878947,E,空氣污染物申報-一般空氣污染物,氮氧化物,,,2018,5.139
55878947,E,空氣污染物申報-一般空氣污染物,硫氧化物,,,2018,3.101
55878947,E,空氣污染物申報-一般空氣污染物,粒狀污染物,,,2018,0.178
55878947,E,空氣污染物申報-一般空氣污染物,揮發性有機化合物,,,2018,9.549999999999999
55878947,E,空氣污染物申報-有害空氣污染物,甲苯,,,2018,0.555
55878947,E,空氣污染物申報-有害空氣污染物,二甲苯,,,2018,0.264
55878947,E,空氣污染物申報-有害空氣污染物,戴奧辛,,,2018,0.002
55942764,E,空氣污染物申報-一般空氣污染物,氮氧化物,,,2018,0.003
55942764,E,空氣污染物申報-一般空氣污染物,揮發性有機化合物,,,2018,0.168
58303609,E,空氣污染物申報-一般空氣污染物,揮發性有機化合物,,,2018,5.813000000000001
58303609,E,空氣污染物申報-有害空氣污染物,乙苯,,,2018,0.14600000000000002
58303609,E,空氣污染物申報-有害空氣污染物,甲苯,,,2018,0.878
58303609,E,空氣污染物申報-有害空氣污染物,二甲苯,,,2018,0.558
59008318,E,空氣污染物申報-一般空氣污染物,氮氧化物,,,2018,0.642
59008318,E,空氣污染物申報-一般空氣污染物,硫氧化物,,,2018,0.253
59008318,E,空氣污染物申報-一般空氣污染物,粒狀污染物,,,2018,0.069
59008318,E,空氣污染物申報-一般空氣污染物,揮發性有機化合物,,,2018,0.009000000000000001
59260902,E,空氣污染物申報-一般空氣污染物,氮氧化物,,,2018,0.20800000000000002
60256758,E,空氣污染物申報-一般空氣污染物,氮氧化物,,,2018,0.10500000000000001
60256758,E,空氣污染物申報-一般空氣污染物,硫氧化物,,,2018,1.08
60256758,E,空氣污染物申報-一般空氣污染物,粒狀污染物,,,2018,4.548
60256758,E,空氣污染物申報-一般空氣污染物,揮發性有機化合物,,,2018,0.605
60256758,E,空氣污染物申報-有害空氣污染物,苯,,,2018,0.21000000000000002
60256758,E,空氣污染物申報-有害空氣污染物,甲苯,,,2018,0.086
60256758,E,空氣污染物申報-有害空氣污染物,二甲苯,,,2018,0.07300000000000001
66402912,E,空氣污染物申報-一般空氣污染物,氮氧化物,,,2018,0.074
66402912,E,空氣污染物申報-一般空氣污染物,硫氧化物,,,2018,0.492
66402912,E,空氣污染物申報-一般空氣污染物,粒狀污染物,,,2018,6.776
66402912,E,空氣污染物申報-一般空氣污染物,揮發性有機化合物,,,2018,7.167999999999999
66402912,E,空氣污染物申報-有害空氣污染物,苯,,,2018,0.808
66402912,E,空氣污染物申報-有害空氣污染物,甲苯,,,2018,1.58
66402912,E,空氣污染物申報-有害空氣污染物,二甲苯,,,2018,0.47
68193807,E,空氣污染物申報-一般空氣污染物,氮氧化物,,,2018,1.405
68193807,E,空氣污染物申報-一般空氣污染物,硫氧化物,,,2018,0.508
68193807,E,空氣污染物申報-一般空氣污染物,粒狀污染物,,,2018,0.064
68193807,E,空氣污染物申報-一般空氣污染物,揮發性有機化合物,,,2018,0.048
68193807,E,空氣污染物申報-有害空氣污染物,重金屬,,,2018,0.001
70647919,E,空氣污染物申報-一般空氣污染物,氮氧化物,,,2018,0.5299999999999999
70647919,E,空氣污染物申報-一般空氣污染物,粒狀污染物,,,2018,0.012
70647919,E,空氣污染物申報-一般空氣污染物,揮發性有機化合物,,,2018,9.808
75940820,E,空氣污染物申報-一般空氣污染物,氮氧化物,,,2018,0.043
75940820,E,空氣污染物申報-一般空氣污染物,揮發性有機化合物,,,2018,3.425
84189908,E,空氣污染物申報-一般空氣污染物,氮氧化物,,,2018,0.14100000000000001
84189908,E,空氣污染物申報-一般空氣污染物,硫氧化物,,,2018,0.030999999999999996
84189908,E,空氣污染物申報-一般空氣污染物,粒狀污染物,,,2018,0.14200000000000002
84189908,E,空氣污染物申報-一般空氣污染物,揮發性有機化合物,,,2018,14.969999999999999
84980915,E,空氣污染物申報-一般空氣污染物,氮氧化物,,,2018,5.056
84980915,E,空氣污染物申報-一般空氣污染物,粒狀污染物,,,2018,0.126
84980915,E,空氣污染物申報-一般空氣污染物,揮發性有機化合物,,,2018,56.83
84980915,E,空氣污染物申報-有害空氣污染物,乙苯,,,2018,1.364
84980915,E,空氣污染物申報-有害空氣污染物,甲苯,,,2018,12.549
84980915,E,空氣污染物申報-有害空氣污染物,二甲苯,,,2018,1.2149999999999999
86122164,E,空氣污染物申報-一般空氣污染物,氮氧化物,,,2018,0.069
86122164,E,空氣污染物申報-一般空氣污染物,硫氧化物,,,2018,0.006
86122164,E,空氣污染物申報-一般空氣污染物,揮發性有機化合物,,,2018,13.433999999999997
86122164,E,空氣污染物申報-有害空氣污染物,苯乙烯,,,2018,0.144
86122164,E,空氣污染物申報-有害空氣污染物,甲苯,,,2018,7.162
86122164,E,空氣污染物申報-有害空氣污染物,二甲苯,,,2018,1.223
97413843,E,空氣污染物申報-一般空氣污染物,揮發性有機化合物,,,2018,0.352
03213392,E,空氣污染物申報-一般空氣污染物,氮氧化物,,,2018,0.263
03213392,E,空氣污染物申報-一般空氣污染物,硫氧化物,,,2018,0.04400000000000001
03213392,E,空氣污染物申報-一般空氣污染物,粒狀污染物,,,2018,0.038
03213392,E,空氣污染物申報-一般空氣污染物,揮發性有機化合物,,,2018,1.751
03213392,E,空氣污染物申報-有害空氣污染物,二甲苯,,,2018,1.01
04416894,E,空氣污染物申報-一般空氣污染物,揮發性有機化合物,,,2018,0.27
04416894,E,空氣污染物申報-有害空氣污染物,二甲苯,,,2018,0.18
04938839,E,空氣污染物申報-一般空氣污染物,揮發性有機化合物,,,2018,0.587
04938839,E,空氣污染物申報-有害空氣污染物,二甲苯,,,2018,0.27
03089008,E,空氣污染物申報-一般空氣污染物,氮氧化物,,,2018,4.316
03089008,E,空氣污染物申報-一般空氣污染物,粒狀污染物,,,2018,12.678999999999998
03089008,E,空氣污染物申報-一般空氣污染物,揮發性有機化合物,,,2018,76.723
03089008,E,空氣污染物申報-有害空氣污染物,甲苯,,,2018,6.507999999999999
03089008,E,空氣污染物申報-有害空氣污染物,二甲苯,,,2018,0.031
03474311,E,空氣污染物申報-一般空氣污染物,氮氧化物,,,2018,0.973
03474311,E,空氣污染物申報-一般空氣污染物,硫氧化物,,,2018,2.1639999999999997
03474311,E,空氣污染物申報-一般空氣污染物,粒狀污染物,,,2018,28.613
03474311,E,空氣污染物申報-一般空氣污染物,揮發性有機化合物,,,2018,44.470000000000006
03474311,E,空氣污染物申報-有害空氣污染物,甲苯,,,2018,3.8659999999999997
03474311,E,空氣污染物申報-有害空氣污染物,二甲苯,,,2018,2.443
11026506,E,空氣污染物申報-一般空氣污染物,氮氧化物,,,2019,4.561
11026506,E,空氣污染物申報-一般空氣污染物,硫氧化物,,,2019,2.152
11026506,E,空氣污染物申報-一般空氣污染物,粒狀污染物,,,2019,1.212
11026506,E,空氣污染物申報-一般空氣污染物,揮發性有機化合物,,,2019,39.227999999999994
11026506,E,空氣污染物申報-有害空氣污染物,苯,,,2019,0.066
11026506,E,空氣污染物申報-有害空氣污染物,乙苯,,,2019,0.013999999999999999
11026506,E,空氣污染物申報-有害空氣污染物,甲苯,,,2019,2.448
11026506,E,空氣污染物申報-有害空氣污染物,二甲苯,,,2019,11.455000000000002
11026506,E,空氣污染物申報-有害空氣污染物,重金屬,,,2019,0.024
11039306,E,空氣污染物申報-一般空氣污染物,氮氧化物,,,2019,0.949
11039306,E,空氣污染物申報-一般空氣污染物,硫氧化物,,,2019,0.008
11039306,E,空氣污染物申報-一般空氣污染物,粒狀污染物,,,2019,0.36099999999999993
11039306,E,空氣污染物申報-一般空氣污染物,揮發性有機化合物,,,2019,115.00800000000001
11039306,E,空氣污染物申報-有害空氣污染物,甲苯,,,2019,1.7270000000000003
11039306,E,空氣污染物申報-有害空氣污染物,二甲苯,,,2019,40.848
11332202,E,空氣污染物申報-一般空氣污染物,氮氧化物,,,2019,2.5980000000000003
11332202,E,空氣污染物申報-一般空氣污染物,硫氧化物,,,2019,1.814
11332202,E,空氣污染物申報-一般空氣污染物,粒狀污染物,,,2019,14.972999999999999
11332202,E,空氣污染物申報-一般空氣污染物,揮發性有機化合物,,,2019,187.75099999999998
11332202,E,空氣污染物申報-有害空氣污染物,苯,,,2019,1.7610000000000001
11332202,E,空氣污染物申報-有害空氣污染物,苯乙烯,,,2019,56.063
11332202,E,空氣污染物申報-有害空氣污染物,乙苯,,,2019,0.786
11332202,E,空氣污染物申報-有害空氣污染物,甲苯,,,2019,23.701
11332202,E,空氣污染物申報-有害空氣污染物,二甲苯,,,2019,25.945
11824327,E,空氣污染物申報-一般空氣污染物,氮氧化物,,,2019,1.7279999999999998
11824327,E,空氣污染物申報-一般空氣污染物,硫氧化物,,,2019,0.919
11824327,E,空氣污染物申報-一般空氣污染物,粒狀污染物,,,2019,0.14600000000000002
11824327,E,空氣污染物申報-一般空氣污染物,揮發性有機化合物,,,2019,53.867999999999995
11824327,E,空氣污染物申報-有害空氣污染物,苯乙烯,,,2019,5.365
11824327,E,空氣污染物申報-有害空氣污染物,戴奧辛,,,2019,0.004
11824327,E,空氣污染物申報-有害空氣污染物,重金屬,,,2019,0.019000000000000003
15877936,E,空氣污染物申報-一般空氣污染物,氮氧化物,,,2019,0.028
15877936,E,空氣污染物申報-一般空氣污染物,硫氧化物,,,2019,0.037
15877936,E,空氣污染物申報-一般空氣污染物,粒狀污染物,,,2019,0.058
15877936,E,空氣污染物申報-一般空氣污染物,揮發性有機化合物,,,2019,9.983
15877936,E,空氣污染物申報-有害空氣污染物,甲苯,,,2019,1.555
15877936,E,空氣污染物申報-有害空氣污染物,二甲苯,,,2019,4.956
16359284,E,空氣污染物申報-一般空氣污染物,揮發性有機化合物,,,2019,1.21
16359284,E,空氣污染物申報-有害空氣污染物,二甲苯,,,2019,0.47900000000000004
16748101,E,空氣污染物申報-一般空氣污染物,揮發性有機化合物,,,2019,66.187
16748101,E,空氣污染物申報-有害空氣污染物,乙苯,,,2019,0.004
16748101,E,空氣污染物申報-有害空氣污染物,二甲苯,,,2019,0.458
20982120,E,空氣污染物申報-一般空氣污染物,氮氧化物,,,2019,0.42500000000000004
20982120,E,空氣污染物申報-一般空氣污染物,硫氧化物,,,2019,0.259
20982120,E,空氣污染物申報-一般空氣污染物,粒狀污染物,,,2019,0.09
20982120,E,空氣污染物申報-一般空氣污染物,揮發性有機化合物,,,2019,2.0029999999999997
22212598,E,空氣污染物申報-一般空氣污染物,氮氧化物,,,2019,0.17600000000000002
22212598,E,空氣污染物申報-一般空氣污染物,硫氧化物,,,2019,0.013000000000000001
22212598,E,空氣污染物申報-一般空氣污染物,粒狀污染物,,,2019,0.005
22212598,E,空氣污染物申報-一般空氣污染物,揮發性有機化合物,,,2019,9.995000000000001
22212598,E,空氣污染物申報-有害空氣污染物,乙苯,,,2019,0.086
22212598,E,空氣污染物申報-有害空氣污染物,甲苯,,,2019,2.732
22212598,E,空氣污染物申報-有害空氣污染物,二甲苯,,,2019,0.435
22522361,E,空氣污染物申報-一般空氣污染物,揮發性有機化合物,,,2019,3.428
22522361,E,空氣污染物申報-有害空氣污染物,二氯甲烷,,,2019,1
22522361,E,空氣污染物申報-有害空氣污染物,甲苯,,,2019,0.094
22540430,E,空氣污染物申報-一般空氣污染物,揮發性有機化合物,,,2019,2.64
22546808,E,空氣污染物申報-一般空氣污染物,氮氧化物,,,2019,0.169
22546808,E,空氣污染物申報-一般空氣污染物,硫氧化物,,,2019,0.008
22546808,E,空氣污染物申報-一般空氣污染物,粒狀污染物,,,2019,0.001
22546808,E,空氣污染物申報-一般空氣污染物,揮發性有機化合物,,,2019,4.966
22546808,E,空氣污染物申報-有害空氣污染物,二甲苯,,,2019,2.4
22551554,E,空氣污染物申報-一般空氣污染物,揮發性有機化合物,,,2019,1.2129999999999999
22551554,E,空氣污染物申報-有害空氣污染物,甲苯,,,2019,0.384
22551554,E,空氣污染物申報-有害空氣污染物,二甲苯,,,2019,0.09
22794503,E,空氣污染物申報-一般空氣污染物,氮氧化物,,,2019,0.068
22794503,E,空氣污染物申報-一般空氣污染物,粒狀污染物,,,2019,0.119
22794503,E,空氣污染物申報-一般空氣污染物,揮發性有機化合物,,,2019,0.087
22794503,E,空氣污染物申報-有害空氣污染物,重金屬,,,2019,0.012
23019109,E,空氣污染物申報-一般空氣污染物,氮氧化物,,,2019,1.041
23019109,E,空氣污染物申報-一般空氣污染物,硫氧化物,,,2019,1.101
23019109,E,空氣污染物申報-一般空氣污染物,粒狀污染物,,,2019,0.09
23019109,E,空氣污染物申報-一般空氣污染物,揮發性有機化合物,,,2019,145.582
23019109,E,空氣污染物申報-有害空氣污染物,甲苯,,,2019,0.42000000000000004
23019109,E,空氣污染物申報-有害空氣污染物,二甲苯,,,2019,1.416
23209895,E,空氣污染物申報-一般空氣污染物,氮氧化物,,,2019,0.277
23209895,E,空氣污染物申報-一般空氣污染物,粒狀污染物,,,2019,0.007
23209895,E,空氣污染物申報-一般空氣污染物,揮發性有機化合物,,,2019,6.3229999999999995
23248433,E,空氣污染物申報-一般空氣污染物,氮氧化物,,,2019,3.894
23248433,E,空氣污染物申報-一般空氣污染物,硫氧化物,,,2019,3.394
23248433,E,空氣污染物申報-一般空氣污染物,粒狀污染物,,,2019,0.9930000000000001
23248433,E,空氣污染物申報-一般空氣污染物,揮發性有機化合物,,,2019,38.572
23248433,E,空氣污染物申報-有害空氣污染物,苯乙烯,,,2019,4.6240000000000006
23248433,E,空氣污染物申報-有害空氣污染物,二甲苯,,,2019,4.853
23503047,E,空氣污染物申報-一般空氣污染物,氮氧化物,,,2019,3.618
23503047,E,空氣污染物申報-一般空氣污染物,硫氧化物,,,2019,2.3699999999999997
23503047,E,空氣污染物申報-一般空氣污染物,粒狀污染物,,,2019,0.22299999999999998
23503047,E,空氣污染物申報-一般空氣污染物,揮發性有機化合物,,,2019,36.93499999999999
23603284,E,空氣污染物申報-一般空氣污染物,揮發性有機化合物,,,2019,0.09
24262159,E,空氣污染物申報-一般空氣污染物,氮氧化物,,,2019,0.003
24262159,E,空氣污染物申報-一般空氣污染物,硫氧化物,,,2019,0.003
24262159,E,空氣污染物申報-一般空氣污染物,粒狀污染物,,,2019,0.018
24262159,E,空氣污染物申報-一般空氣污染物,揮發性有機化合物,,,2019,0.022
28919500,E,空氣污染物申報-一般空氣污染物,揮發性有機化合物,,,2019,10.777999999999999
28919500,E,空氣污染物申報-有害空氣污染物,苯,,,2019,0.008
28919500,E,空氣污染物申報-有害空氣污染物,乙苯,,,2019,0.032
28919500,E,空氣污染物申報-有害空氣污染物,甲苯,,,2019,8.166
28919500,E,空氣污染物申報-有害空氣污染物,二甲苯,,,2019,0.2
33029464,E,空氣污染物申報-一般空氣污染物,氮氧化物,,,2019,0.034
33029464,E,空氣污染物申報-一般空氣污染物,硫氧化物,,,2019,0.003
33029464,E,空氣污染物申報-一般空氣污染物,粒狀污染物,,,2019,0.003
33029464,E,空氣污染物申報-一般空氣污染物,揮發性有機化合物,,,2019,10.185
33029464,E,空氣污染物申報-有害空氣污染物,二甲苯,,,2019,2.7680000000000002
33284077,E,空氣污染物申報-一般空氣污染物,氮氧化物,,,2019,0.23700000000000002
33284077,E,空氣污染物申報-一般空氣污染物,硫氧化物,,,2019,0.017
33284077,E,空氣污染物申報-一般空氣污染物,粒狀污染物,,,2019,0.014
33284077,E,空氣污染物申報-一般空氣污染物,揮發性有機化合物,,,2019,30.552
33284077,E,空氣污染物申報-有害空氣污染物,甲苯,,,2019,4.203
33284077,E,空氣污染物申報-有害空氣污染物,二甲苯,,,2019,9.729999999999999
35309102,E,空氣污染物申報-一般空氣污染物,揮發性有機化合物,,,2019,1.788
35309102,E,空氣污染物申報-有害空氣污染物,乙苯,,,2019,0.043
35309102,E,空氣污染物申報-有害空氣污染物,甲苯,,,2019,0.52
35309102,E,空氣污染物申報-有害空氣污染物,二甲苯,,,2019,0.17
35945095,E,空氣污染物申報-一般空氣污染物,揮發性有機化合物,,,2019,7.234
35945095,E,空氣污染物申報-有害空氣污染物,甲苯,,,2019,5.534
36096704,E,空氣污染物申報-一般空氣污染物,揮發性有機化合物,,,2019,3.354
36096704,E,空氣污染物申報-有害空氣污染物,苯乙烯,,,2019,0.091
36096704,E,空氣污染物申報-有害空氣污染物,乙苯,,,2019,0.08700000000000001
36096704,E,空氣污染物申報-有害空氣污染物,二甲苯,,,2019,0.503
44947686,E,空氣污染物申報-一般空氣污染物,揮發性有機化合物,,,2019,0.109
52353530,E,空氣污染物申報-一般空氣污染物,揮發性有機化合物,,,2019,8.362
52353530,E,空氣污染物申報-有害空氣污染物,苯乙烯,,,2019,0.153
52353530,E,空氣污染物申報-有害空氣污染物,乙苯,,,2019,0.136
52353530,E,空氣污染物申報-有害空氣污染物,甲苯,,,2019,5.404
52353530,E,空氣污染物申報-有害空氣污染物,二甲苯,,,2019,0.562
52604255,E,空氣污染物申報-一般空氣污染物,氮氧化物,,,2019,1.5350000000000001
52604255,E,空氣污染物申報-一般空氣污染物,硫氧化物,,,2019,0.003
52604255,E,空氣污染物申報-一般空氣污染物,粒狀污染物,,,2019,0.02
52757548,E,空氣污染物申報-一般空氣污染物,氮氧化物,,,2019,1.236
52757548,E,空氣污染物申報-一般空氣污染物,粒狀污染物,,,2019,0.038
52903090,E,空氣污染物申報-一般空氣污染物,揮發性有機化合物,,,2019,0.506
52903090,E,空氣污染物申報-有害空氣污染物,甲苯,,,2019,0.214
53666460,E,空氣污染物申報-一般空氣污染物,氮氧化物,,,2019,0.017
53666460,E,空氣污染物申報-一般空氣污染物,揮發性有機化合物,,,2019,0.857
55754185,E,空氣污染物申報-一般空氣污染物,揮發性有機化合物,,,2019,0.524
55759180,E,空氣污染物申報-一般空氣污染物,揮發性有機化合物,,,2019,0.8039999999999999
55848584,E,空氣污染物申報-一般空氣污染物,揮發性有機化合物,,,2019,2.782
55848584,E,空氣污染物申報-有害空氣污染物,乙苯,,,2019,0.038
55848584,E,空氣污染物申報-有害空氣污染物,甲苯,,,2019,0.356
55848584,E,空氣污染物申報-有害空氣污染物,二甲苯,,,2019,1.101
55857746,E,空氣污染物申報-一般空氣污染物,揮發性有機化合物,,,2019,7.2
55857746,E,空氣污染物申報-有害空氣污染物,甲苯,,,2019,0.6000000000000001
58303609,E,空氣污染物申報-一般空氣污染物,氮氧化物,,,2019,0.156
58303609,E,空氣污染物申報-一般空氣污染物,粒狀污染物,,,2019,0.013
58303609,E,空氣污染物申報-一般空氣污染物,揮發性有機化合物,,,2019,3.659
58303609,E,空氣污染物申報-有害空氣污染物,乙苯,,,2019,0.16500000000000004
58303609,E,空氣污染物申報-有害空氣污染物,甲苯,,,2019,0.28700000000000003
58303609,E,空氣污染物申報-有害空氣污染物,二甲苯,,,2019,0.79
59008318,E,空氣污染物申報-一般空氣污染物,氮氧化物,,,2019,0.42200000000000004
59008318,E,空氣污染物申報-一般空氣污染物,硫氧化物,,,2019,0.175
59008318,E,空氣污染物申報-一般空氣污染物,粒狀污染物,,,2019,0.061
59008318,E,空氣污染物申報-一般空氣污染物,揮發性有機化合物,,,2019,0.022
59260902,E,空氣污染物申報-一般空氣污染物,氮氧化物,,,2019,0.085
59260902,E,空氣污染物申報-一般空氣污染物,粒狀污染物,,,2019,0.003
60256758,E,空氣污染物申報-一般空氣污染物,氮氧化物,,,2019,0.142
60256758,E,空氣污染物申報-一般空氣污染物,硫氧化物,,,2019,0.058
60256758,E,空氣污染物申報-一般空氣污染物,粒狀污染物,,,2019,0.937
60256758,E,空氣污染物申報-一般空氣污染物,揮發性有機化合物,,,2019,0.155
60256758,E,空氣污染物申報-有害空氣污染物,苯,,,2019,0.054
60256758,E,空氣污染物申報-有害空氣污染物,甲苯,,,2019,0.022
60256758,E,空氣污染物申報-有害空氣污染物,二甲苯,,,2019,0.019
66402912,E,空氣污染物申報-一般空氣污染物,氮氧化物,,,2019,0.076
66402912,E,空氣污染物申報-一般空氣污染物,硫氧化物,,,2019,0.28
66402912,E,空氣污染物申報-一般空氣污染物,粒狀污染物,,,2019,4.452
66402912,E,空氣污染物申報-一般空氣污染物,揮發性有機化合物,,,2019,6.567
66402912,E,空氣污染物申報-有害空氣污染物,苯,,,2019,0.576
66402912,E,空氣污染物申報-有害空氣污染物,甲苯,,,2019,1.31
66402912,E,空氣污染物申報-有害空氣污染物,二甲苯,,,2019,0.41500000000000004
66402912,E,空氣污染物申報-有害空氣污染物,戴奧辛,,,2019,0.002
68193807,E,空氣污染物申報-一般空氣污染物,氮氧化物,,,2019,1.836
68193807,E,空氣污染物申報-一般空氣污染物,硫氧化物,,,2019,0.6859999999999999
68193807,E,空氣污染物申報-一般空氣污染物,粒狀污染物,,,2019,0.20500000000000002
68193807,E,空氣污染物申報-一般空氣污染物,揮發性有機化合物,,,2019,0.084
70647919,E,空氣污染物申報-一般空氣污染物,氮氧化物,,,2019,0.175
70647919,E,空氣污染物申報-一般空氣污染物,粒狀污染物,,,2019,0.006
70647919,E,空氣污染物申報-一般空氣污染物,揮發性有機化合物,,,2019,2.879
75940820,E,空氣污染物申報-一般空氣污染物,氮氧化物,,,2019,0.065
75940820,E,空氣污染物申報-一般空氣污染物,粒狀污染物,,,2019,0.003
75940820,E,空氣污染物申報-一般空氣污染物,揮發性有機化合物,,,2019,4.357
84189908,E,空氣污染物申報-一般空氣污染物,氮氧化物,,,2019,0.10200000000000001
84189908,E,空氣污染物申報-一般空氣污染物,硫氧化物,,,2019,0.018000000000000002
84189908,E,空氣污染物申報-一般空氣污染物,粒狀污染物,,,2019,0.009000000000000001
84189908,E,空氣污染物申報-一般空氣污染物,揮發性有機化合物,,,2019,13.269
84980915,E,空氣污染物申報-一般空氣污染物,氮氧化物,,,2019,11.933
84980915,E,空氣污染物申報-一般空氣污染物,硫氧化物,,,2019,0.8540000000000001
84980915,E,空氣污染物申報-一般空氣污染物,粒狀污染物,,,2019,5.23
84980915,E,空氣污染物申報-一般空氣污染物,揮發性有機化合物,,,2019,33.87500000000001
84980915,E,空氣污染物申報-有害空氣污染物,乙苯,,,2019,0.118
84980915,E,空氣污染物申報-有害空氣污染物,甲苯,,,2019,9.516
84980915,E,空氣污染物申報-有害空氣污染物,二甲苯,,,2019,0.797
86070187,E,空氣污染物申報-一般空氣污染物,粒狀污染物,,,2019,0.018000000000000002
86070187,E,空氣污染物申報-有害空氣污染物,重金屬,,,2019,0.01
86122164,E,空氣污染物申報-一般空氣污染物,揮發性有機化合物,,,2019,8.387
86122164,E,空氣污染物申報-有害空氣污染物,苯乙烯,,,2019,0.04
86122164,E,空氣污染物申報-有害空氣污染物,甲苯,,,2019,3.7179999999999995
86122164,E,空氣污染物申報-有害空氣污染物,二甲苯,,,2019,1.012
97413843,E,空氣污染物申報-一般空氣污染物,揮發性有機化合物,,,2019,0.264
03089008,E,空氣污染物申報-一般空氣污染物,氮氧化物,,,2019,2.132
03089008,E,空氣污染物申報-一般空氣污染物,粒狀污染物,,,2019,2.5870000000000006
03089008,E,空氣污染物申報-一般空氣污染物,揮發性有機化合物,,,2019,108.87699999999998
03089008,E,空氣污染物申報-有害空氣污染物,甲苯,,,2019,7.5280000000000005
03089008,E,空氣污染物申報-有害空氣污染物,二甲苯,,,2019,0.008
03474311,E,空氣污染物申報-一般空氣污染物,氮氧化物,,,2019,0.302
03474311,E,空氣污染物申報-一般空氣污染物,硫氧化物,,,2019,1.034
03474311,E,空氣污染物申報-一般空氣污染物,粒狀污染物,,,2019,3.6550000000000002
03474311,E,空氣污染物申報-一般空氣污染物,揮發性有機化合物,,,2019,18.612000000000002
03474311,E,空氣污染物申報-有害空氣污染物,甲苯,,,2019,2.128
03474311,E,空氣污染物申報-有害空氣污染物,二甲苯,,,2019,0.7839999999999999
03474311,E,空氣污染物申報-有害空氣污染物,戴奧辛,,,2019,0.002
04938839,E,空氣污染物申報-一般空氣污染物,揮發性有機化合物,,,2019,0.3
04938839,E,空氣污染物申報-有害空氣污染物,二甲苯,,,2019,0.138
03213392,E,空氣污染物申報-一般空氣污染物,氮氧化物,,,2019,0.20500000000000002
03213392,E,空氣污染物申報-一般空氣污染物,硫氧化物,,,2019,0.019999999999999997
03213392,E,空氣污染物申報-一般空氣污染物,粒狀污染物,,,2019,0.073
03213392,E,空氣污染物申報-一般空氣污染物,揮發性有機化合物,,,2019,1.2309999999999999
03213392,E,空氣污染物申報-有害空氣污染物,二甲苯,,,2019,0.619
04416894,E,空氣污染物申報-一般空氣污染物,揮發性有機化合物,,,2019,0.15
04416894,E,空氣污染物申報-有害空氣污染物,二甲苯,,,2019,0.1
11026506,E,空氣污染物申報-一般空氣污染物,氮氧化物,,,2020,2.5599999999999996
11026506,E,空氣污染物申報-一般空氣污染物,硫氧化物,,,2020,1.749
11026506,E,空氣污染物申報-一般空氣污染物,粒狀污染物,,,2020,1.6219999999999999
11026506,E,空氣污染物申報-一般空氣污染物,揮發性有機化合物,,,2020,14.973000000000003
11026506,E,空氣污染物申報-有害空氣污染物,苯,,,2020,0.044
11026506,E,空氣污染物申報-有害空氣污染物,乙苯,,,2020,0.003
11026506,E,空氣污染物申報-有害空氣污染物,甲苯,,,2020,1.575
11026506,E,空氣污染物申報-有害空氣污染物,二甲苯,,,2020,6.214999999999999
11026506,E,空氣污染物申報-有害空氣污染物,重金屬,,,2020,0.016
11039306,E,空氣污染物申報-一般空氣污染物,氮氧化物,,,2020,0.569
11039306,E,空氣污染物申報-一般空氣污染物,硫氧化物,,,2020,0.005
11039306,E,空氣污染物申報-一般空氣污染物,粒狀污染物,,,2020,0.23099999999999998
11039306,E,空氣污染物申報-一般空氣污染物,揮發性有機化合物,,,2020,74.533
11039306,E,空氣污染物申報-有害空氣污染物,甲苯,,,2020,1.092
11039306,E,空氣污染物申報-有害空氣污染物,二甲苯,,,2020,26.602999999999998
11332202,E,空氣污染物申報-一般空氣污染物,氮氧化物,,,2020,1.3780000000000001
11332202,E,空氣污染物申報-一般空氣污染物,硫氧化物,,,2020,1.064
11332202,E,空氣污染物申報-一般空氣污染物,粒狀污染物,,,2020,8.175
11332202,E,空氣污染物申報-一般空氣污染物,揮發性有機化合物,,,2020,78.312
11332202,E,空氣污染物申報-有害空氣污染物,苯,,,2020,0.869
11332202,E,空氣污染物申報-有害空氣污染物,苯乙烯,,,2020,26.141000000000002
11332202,E,空氣污染物申報-有害空氣污染物,乙苯,,,2020,0.477
11332202,E,空氣污染物申報-有害空氣污染物,甲苯,,,2020,6.2090000000000005
11332202,E,空氣污染物申報-有害空氣污染物,二甲苯,,,2020,9.743
11824327,E,空氣污染物申報-一般空氣污染物,氮氧化物,,,2020,1.3920000000000001
11824327,E,空氣污染物申報-一般空氣污染物,硫氧化物,,,2020,0.476
11824327,E,空氣污染物申報-一般空氣污染物,粒狀污染物,,,2020,0.15700000000000003
11824327,E,空氣污染物申報-一般空氣污染物,揮發性有機化合物,,,2020,49.102999999999994
11824327,E,空氣污染物申報-有害空氣污染物,苯乙烯,,,2020,4.439
11824327,E,空氣污染物申報-有害空氣污染物,戴奧辛,,,2020,0.003
11824327,E,空氣污染物申報-有害空氣污染物,重金屬,,,2020,0.014000000000000002
15877936,E,空氣污染物申報-一般空氣污染物,氮氧化物,,,2020,0.016
15877936,E,空氣污染物申報-一般空氣污染物,硫氧化物,,,2020,0.018
15877936,E,空氣污染物申報-一般空氣污染物,粒狀污染物,,,2020,0.027
15877936,E,空氣污染物申報-一般空氣污染物,揮發性有機化合物,,,2020,6.969
15877936,E,空氣污染物申報-有害空氣污染物,甲苯,,,2020,1.0399999999999998
15877936,E,空氣污染物申報-有害空氣污染物,二甲苯,,,2020,3.3489999999999998
16359284,E,空氣污染物申報-一般空氣污染物,揮發性有機化合物,,,2020,0.923
16359284,E,空氣污染物申報-有害空氣污染物,二甲苯,,,2020,0.185
16748101,E,空氣污染物申報-一般空氣污染物,揮發性有機化合物,,,2020,18.602
16748101,E,空氣污染物申報-有害空氣污染物,乙苯,,,2020,0.002
16748101,E,空氣污染物申報-有害空氣污染物,二甲苯,,,2020,0.14200000000000002
20982120,E,空氣污染物申報-一般空氣污染物,氮氧化物,,,2020,0.479
20982120,E,空氣污染物申報-一般空氣污染物,硫氧化物,,,2020,0.009000000000000001
20982120,E,空氣污染物申報-一般空氣污染物,粒狀污染物,,,2020,0.05399999999999999
20982120,E,空氣污染物申報-一般空氣污染物,揮發性有機化合物,,,2020,1.666
20982120,E,空氣污染物申報-有害空氣污染物,甲苯,,,2020,0.002
20982120,E,空氣污染物申報-有害空氣污染物,二甲苯,,,2020,0.003
22212598,E,空氣污染物申報-一般空氣污染物,氮氧化物,,,2020,0.246
22212598,E,空氣污染物申報-一般空氣污染物,硫氧化物,,,2020,0.019
22212598,E,空氣污染物申報-一般空氣污染物,粒狀污染物,,,2020,0.007
22212598,E,空氣污染物申報-一般空氣污染物,揮發性有機化合物,,,2020,16.414
22212598,E,空氣污染物申報-有害空氣污染物,乙苯,,,2020,0.11200000000000002
22212598,E,空氣污染物申報-有害空氣污染物,甲苯,,,2020,4.698
22212598,E,空氣污染物申報-有害空氣污染物,二甲苯,,,2020,0.561
22522361,E,空氣污染物申報-一般空氣污染物,揮發性有機化合物,,,2020,6.037
22522361,E,空氣污染物申報-有害空氣污染物,二氯甲烷,,,2020,2
22522361,E,空氣污染物申報-有害空氣污染物,甲苯,,,2020,0.166
22522361,E,空氣污染物申報-有害空氣污染物,二甲苯,,,2020,0.020999999999999998
22540430,E,空氣污染物申報-一般空氣污染物,揮發性有機化合物,,,2020,2.25
22546808,E,空氣污染物申報-一般空氣污染物,氮氧化物,,,2020,0.17200000000000001
22546808,E,空氣污染物申報-一般空氣污染物,硫氧化物,,,2020,0.01
22546808,E,空氣污染物申報-一般空氣污染物,揮發性有機化合物,,,2020,6.6690000000000005
22546808,E,空氣污染物申報-有害空氣污染物,二甲苯,,,2020,1.1070000000000002
22551554,E,空氣污染物申報-一般空氣污染物,揮發性有機化合物,,,2020,2.344
22551554,E,空氣污染物申報-有害空氣污染物,甲苯,,,2020,0.525
22551554,E,空氣污染物申報-有害空氣污染物,二甲苯,,,2020,0.324
22794503,E,空氣污染物申報-一般空氣污染物,氮氧化物,,,2020,0.22000000000000003
22794503,E,空氣污染物申報-一般空氣污染物,粒狀污染物,,,2020,0.368
22794503,E,空氣污染物申報-一般空氣污染物,揮發性有機化合物,,,2020,0.352
22794503,E,空氣污染物申報-有害空氣污染物,重金屬,,,2020,0.026000000000000002
23019109,E,空氣污染物申報-一般空氣污染物,氮氧化物,,,2020,1.3530000000000002
23019109,E,空氣污染物申報-一般空氣污染物,硫氧化物,,,2020,1.463
23019109,E,空氣污染物申報-一般空氣污染物,粒狀污染物,,,2020,0.11500000000000002
23019109,E,空氣污染物申報-一般空氣污染物,揮發性有機化合物,,,2020,307.21000000000004
23019109,E,空氣污染物申報-有害空氣污染物,甲苯,,,2020,0.39899999999999997
23019109,E,空氣污染物申報-有害空氣污染物,二甲苯,,,2020,1.359
23209895,E,空氣污染物申報-一般空氣污染物,氮氧化物,,,2020,0.226
23209895,E,空氣污染物申報-一般空氣污染物,粒狀污染物,,,2020,0.006
23209895,E,空氣污染物申報-一般空氣污染物,揮發性有機化合物,,,2020,6.708
23248433,E,空氣污染物申報-一般空氣污染物,氮氧化物,,,2020,2.865
23248433,E,空氣污染物申報-一般空氣污染物,硫氧化物,,,2020,0.064
23248433,E,空氣污染物申報-一般空氣污染物,粒狀污染物,,,2020,0.05399999999999999
23248433,E,空氣污染物申報-一般空氣污染物,揮發性有機化合物,,,2020,92.04300000000002
23248433,E,空氣污染物申報-有害空氣污染物,苯乙烯,,,2020,13.607999999999999
23248433,E,空氣污染物申報-有害空氣污染物,二甲苯,,,2020,10.083
23503047,E,空氣污染物申報-一般空氣污染物,氮氧化物,,,2020,4.834
23503047,E,空氣污染物申報-一般空氣污染物,硫氧化物,,,2020,3.884
23503047,E,空氣污染物申報-一般空氣污染物,粒狀污染物,,,2020,2.13
23503047,E,空氣污染物申報-一般空氣污染物,揮發性有機化合物,,,2020,31.546999999999997
23503047,E,空氣污染物申報-有害空氣污染物,乙苯,,,2020,0.003
23503047,E,空氣污染物申報-有害空氣污染物,甲苯,,,2020,0.101
23503047,E,空氣污染物申報-有害空氣污染物,二甲苯,,,2020,0.08499999999999999
23603284,E,空氣污染物申報-一般空氣污染物,氮氧化物,,,2020,0.855
23603284,E,空氣污染物申報-一般空氣污染物,硫氧化物,,,2020,0.106
23603284,E,空氣污染物申報-一般空氣污染物,粒狀污染物,,,2020,0.030000000000000002
23603284,E,空氣污染物申報-一般空氣污染物,揮發性有機化合物,,,2020,1.358
24262159,E,空氣污染物申報-一般空氣污染物,氮氧化物,,,2020,0.04000000000000001
24262159,E,空氣污染物申報-一般空氣污染物,硫氧化物,,,2020,0.020999999999999998
24262159,E,空氣污染物申報-一般空氣污染物,粒狀污染物,,,2020,0.138
24262159,E,空氣污染物申報-一般空氣污染物,揮發性有機化合物,,,2020,0.15300000000000002
28919500,E,空氣污染物申報-一般空氣污染物,揮發性有機化合物,,,2020,8.326
28919500,E,空氣污染物申報-有害空氣污染物,乙苯,,,2020,0.027000000000000003
28919500,E,空氣污染物申報-有害空氣污染物,甲苯,,,2020,5.957
28919500,E,空氣污染物申報-有害空氣污染物,二甲苯,,,2020,0.132
29168533,E,空氣污染物申報-一般空氣污染物,揮發性有機化合物,,,2020,6.133000000000001
29168533,E,空氣污染物申報-有害空氣污染物,甲苯,,,2020,0.004
29168533,E,空氣污染物申報-有害空氣污染物,二甲苯,,,2020,0.004
33029464,E,空氣污染物申報-一般空氣污染物,氮氧化物,,,2020,0.082
33029464,E,空氣污染物申報-一般空氣污染物,硫氧化物,,,2020,0.006
33029464,E,空氣污染物申報-一般空氣污染物,粒狀污染物,,,2020,0.010000000000000002
33029464,E,空氣污染物申報-一般空氣污染物,揮發性有機化合物,,,2020,32.494
33029464,E,空氣污染物申報-有害空氣污染物,二甲苯,,,2020,8.714
33284077,E,空氣污染物申報-一般空氣污染物,氮氧化物,,,2020,0.209
33284077,E,空氣污染物申報-一般空氣污染物,硫氧化物,,,2020,0.018
33284077,E,空氣污染物申報-一般空氣污染物,粒狀污染物,,,2020,0.01
33284077,E,空氣污染物申報-一般空氣污染物,揮發性有機化合物,,,2020,16.239
33284077,E,空氣污染物申報-有害空氣污染物,甲苯,,,2020,1.365
33284077,E,空氣污染物申報-有害空氣污染物,二甲苯,,,2020,5.807
35309102,E,空氣污染物申報-一般空氣污染物,揮發性有機化合物,,,2020,3.396
35309102,E,空氣污染物申報-有害空氣污染物,苯,,,2020,0.004
35309102,E,空氣污染物申報-有害空氣污染物,苯乙烯,,,2020,0.09
35309102,E,空氣污染物申報-有害空氣污染物,乙苯,,,2020,0.09299999999999999
35309102,E,空氣污染物申報-有害空氣污染物,甲苯,,,2020,0.53
35309102,E,空氣污染物申報-有害空氣污染物,二甲苯,,,2020,0.38999999999999996
35945095,E,空氣污染物申報-一般空氣污染物,揮發性有機化合物,,,2020,17.462999999999997
35945095,E,空氣污染物申報-有害空氣污染物,甲苯,,,2020,12.387
36096704,E,空氣污染物申報-一般空氣污染物,揮發性有機化合物,,,2020,2.098
36096704,E,空氣污染物申報-有害空氣污染物,苯乙烯,,,2020,0.7989999999999999
36096704,E,空氣污染物申報-有害空氣污染物,乙苯,,,2020,0.097
36096704,E,空氣污染物申報-有害空氣污染物,二甲苯,,,2020,0.531
44947686,E,空氣污染物申報-一般空氣污染物,揮發性有機化合物,,,2020,0.062
52353530,E,空氣污染物申報-一般空氣污染物,揮發性有機化合物,,,2020,6.732000000000001
52353530,E,空氣污染物申報-有害空氣污染物,苯乙烯,,,2020,0.1
52353530,E,空氣污染物申報-有害空氣污染物,乙苯,,,2020,0.10900000000000001
52353530,E,空氣污染物申報-有害空氣污染物,甲苯,,,2020,4.661
52353530,E,空氣污染物申報-有害空氣污染物,二甲苯,,,2020,0.45
52604255,E,空氣污染物申報-一般空氣污染物,氮氧化物,,,2020,5.478
52604255,E,空氣污染物申報-一般空氣污染物,粒狀污染物,,,2020,0.013000000000000001
52757548,E,空氣污染物申報-一般空氣污染物,氮氧化物,,,2020,0.904
52757548,E,空氣污染物申報-一般空氣污染物,粒狀污染物,,,2020,0.031000000000000007
52903090,E,空氣污染物申報-一般空氣污染物,揮發性有機化合物,,,2020,0.42900000000000005
52903090,E,空氣污染物申報-有害空氣污染物,甲苯,,,2020,0.181
53666460,E,空氣污染物申報-一般空氣污染物,氮氧化物,,,2020,0.004
53666460,E,空氣污染物申報-一般空氣污染物,揮發性有機化合物,,,2020,0.23
55754185,E,空氣污染物申報-一般空氣污染物,揮發性有機化合物,,,2020,0.51
55759180,E,空氣污染物申報-一般空氣污染物,揮發性有機化合物,,,2020,0.853
55848584,E,空氣污染物申報-一般空氣污染物,揮發性有機化合物,,,2020,3.162
55848584,E,空氣污染物申報-有害空氣污染物,乙苯,,,2020,0.046
55848584,E,空氣污染物申報-有害空氣污染物,甲苯,,,2020,0.497
55848584,E,空氣污染物申報-有害空氣污染物,二甲苯,,,2020,1.305
55857746,E,空氣污染物申報-一般空氣污染物,揮發性有機化合物,,,2020,7.9510000000000005
55857746,E,空氣污染物申報-有害空氣污染物,甲苯,,,2020,0.9950000000000001
55878947,E,空氣污染物申報-一般空氣污染物,氮氧化物,,,2020,10.323
55878947,E,空氣污染物申報-一般空氣污染物,硫氧化物,,,2020,8.370000000000001
55878947,E,空氣污染物申報-一般空氣污染物,粒狀污染物,,,2020,0.572
55878947,E,空氣污染物申報-一般空氣污染物,揮發性有機化合物,,,2020,8.16
55878947,E,空氣污染物申報-有害空氣污染物,乙苯,,,2020,0.015
55878947,E,空氣污染物申報-有害空氣污染物,甲苯,,,2020,0.254
55878947,E,空氣污染物申報-有害空氣污染物,二甲苯,,,2020,0.622
58303609,E,空氣污染物申報-一般空氣污染物,氮氧化物,,,2020,4.272
58303609,E,空氣污染物申報-一般空氣污染物,硫氧化物,,,2020,0.994
58303609,E,空氣污染物申報-一般空氣污染物,粒狀污染物,,,2020,0.374
58303609,E,空氣污染物申報-一般空氣污染物,揮發性有機化合物,,,2020,10.062999999999999
58303609,E,空氣污染物申報-有害空氣污染物,乙苯,,,2020,0.772
58303609,E,空氣污染物申報-有害空氣污染物,甲苯,,,2020,0.305
58303609,E,空氣污染物申報-有害空氣污染物,二甲苯,,,2020,3.723
59008318,E,空氣污染物申報-一般空氣污染物,氮氧化物,,,2020,0.207
59008318,E,空氣污染物申報-一般空氣污染物,硫氧化物,,,2020,0.098
59008318,E,空氣污染物申報-一般空氣污染物,粒狀污染物,,,2020,0.037
59008318,E,空氣污染物申報-一般空氣污染物,揮發性有機化合物,,,2020,0.055999999999999994
59008318,E,空氣污染物申報-有害空氣污染物,重金屬,,,2020,0.001
59260902,E,空氣污染物申報-一般空氣污染物,氮氧化物,,,2020,0.061
59260902,E,空氣污染物申報-一般空氣污染物,粒狀污染物,,,2020,0.003
60256758,E,空氣污染物申報-一般空氣污染物,氮氧化物,,,2020,0.511
60256758,E,空氣污染物申報-一般空氣污染物,硫氧化物,,,2020,0.21
60256758,E,空氣污染物申報-一般空氣污染物,粒狀污染物,,,2020,3.3970000000000002
60256758,E,空氣污染物申報-一般空氣污染物,揮發性有機化合物,,,2020,0.5790000000000001
60256758,E,空氣污染物申報-有害空氣污染物,苯,,,2020,0.20199999999999999
60256758,E,空氣污染物申報-有害空氣污染物,甲苯,,,2020,0.081
60256758,E,空氣污染物申報-有害空氣污染物,二甲苯,,,2020,0.068
66402912,E,空氣污染物申報-一般空氣污染物,氮氧化物,,,2020,0.095
66402912,E,空氣污染物申報-一般空氣污染物,硫氧化物,,,2020,0.387
66402912,E,空氣污染物申報-一般空氣污染物,粒狀污染物,,,2020,7.269
66402912,E,空氣污染物申報-一般空氣污染物,揮發性有機化合物,,,2020,11.041
66402912,E,空氣污染物申報-有害空氣污染物,苯,,,2020,0.954
66402912,E,空氣污染物申報-有害空氣污染物,甲苯,,,2020,2.91
66402912,E,空氣污染物申報-有害空氣污染物,二甲苯,,,2020,0.7170000000000001
66402912,E,空氣污染物申報-有害空氣污染物,戴奧辛,,,2020,0.005
68193807,E,空氣污染物申報-一般空氣污染物,氮氧化物,,,2020,0.432
68193807,E,空氣污染物申報-一般空氣污染物,硫氧化物,,,2020,0.162
68193807,E,空氣污染物申報-一般空氣污染物,粒狀污染物,,,2020,0.043
68193807,E,空氣污染物申報-一般空氣污染物,揮發性有機化合物,,,2020,0.016
70647919,E,空氣污染物申報-一般空氣污染物,氮氧化物,,,2020,0.244
70647919,E,空氣污染物申報-一般空氣污染物,粒狀污染物,,,2020,0.007
70647919,E,空氣污染物申報-一般空氣污染物,揮發性有機化合物,,,2020,2.9330000000000003
75940820,E,空氣污染物申報-一般空氣污染物,氮氧化物,,,2020,0.292
75940820,E,空氣污染物申報-一般空氣污染物,粒狀污染物,,,2020,0.011000000000000003
75940820,E,空氣污染物申報-一般空氣污染物,揮發性有機化合物,,,2020,13.974
84189908,E,空氣污染物申報-一般空氣污染物,氮氧化物,,,2020,0.177
84189908,E,空氣污染物申報-一般空氣污染物,硫氧化物,,,2020,0.034
84189908,E,空氣污染物申報-一般空氣污染物,粒狀污染物,,,2020,0.016
84189908,E,空氣污染物申報-一般空氣污染物,揮發性有機化合物,,,2020,21.237000000000002
84980915,E,空氣污染物申報-一般空氣污染物,氮氧化物,,,2020,15.808
84980915,E,空氣污染物申報-一般空氣污染物,硫氧化物,,,2020,0.882
84980915,E,空氣污染物申報-一般空氣污染物,粒狀污染物,,,2020,9.554
84980915,E,空氣污染物申報-一般空氣污染物,揮發性有機化合物,,,2020,47.04399999999999
84980915,E,空氣污染物申報-有害空氣污染物,乙苯,,,2020,0.7030000000000001
84980915,E,空氣污染物申報-有害空氣污染物,甲苯,,,2020,0.31300000000000006
84980915,E,空氣污染物申報-有害空氣污染物,二甲苯,,,2020,1.5230000000000001
86070187,E,空氣污染物申報-一般空氣污染物,粒狀污染物,,,2020,0.007
86070187,E,空氣污染物申報-有害空氣污染物,重金屬,,,2020,0.004
86122164,E,空氣污染物申報-一般空氣污染物,揮發性有機化合物,,,2020,6.785
86122164,E,空氣污染物申報-有害空氣污染物,苯乙烯,,,2020,0.047999999999999994
86122164,E,空氣污染物申報-有害空氣污染物,甲苯,,,2020,3.52
86122164,E,空氣污染物申報-有害空氣污染物,二甲苯,,,2020,0.687
89338287,E,空氣污染物申報-一般空氣污染物,氮氧化物,,,2020,0.035
97413843,E,空氣污染物申報-一般空氣污染物,揮發性有機化合物,,,2020,2.8179999999999996
03089008,E,空氣污染物申報-一般空氣污染物,氮氧化物,,,2020,3.328
03089008,E,空氣污染物申報-一般空氣污染物,粒狀污染物,,,2020,0.42400000000000004
03089008,E,空氣污染物申報-一般空氣污染物,揮發性有機化合物,,,2020,45.217
03089008,E,空氣污染物申報-有害空氣污染物,甲苯,,,2020,13.862000000000002
03089008,E,空氣污染物申報-有害空氣污染物,二甲苯,,,2020,0.061
03213392,E,空氣污染物申報-一般空氣污染物,氮氧化物,,,2020,0.097
03213392,E,空氣污染物申報-一般空氣污染物,硫氧化物,,,2020,0.009000000000000001
03213392,E,空氣污染物申報-一般空氣污染物,粒狀污染物,,,2020,0.008
03213392,E,空氣污染物申報-一般空氣污染物,揮發性有機化合物,,,2020,0.623
03213392,E,空氣污染物申報-有害空氣污染物,甲苯,,,2020,0.367
03213392,E,空氣污染物申報-有害空氣污染物,二甲苯,,,2020,0.018000000000000002
04938839,E,空氣污染物申報-一般空氣污染物,揮發性有機化合物,,,2020,0.225
04938839,E,空氣污染物申報-有害空氣污染物,二甲苯,,,2020,0.07
04416894,E,空氣污染物申報-一般空氣污染物,揮發性有機化合物,,,2020,0.299
04416894,E,空氣污染物申報-有害空氣污染物,甲苯,,,2020,0.005
04416894,E,空氣污染物申報-有害空氣污染物,二甲苯,,,2020,0.184
03474311,E,空氣污染物申報-一般空氣污染物,氮氧化物,,,2020,0.072
03474311,E,空氣污染物申報-一般空氣污染物,硫氧化物,,,2020,0.828
03474311,E,空氣污染物申報-一般空氣污染物,粒狀污染物,,,2020,0.214
03474311,E,空氣污染物申報-一般空氣污染物,揮發性有機化合物,,,2020,4.401
03474311,E,空氣污染物申報-有害空氣污染物,甲苯,,,2020,0.479
03474311,E,空氣污染物申報-有害空氣污染物,二甲苯,,,2020,0.284
11026506,E,空氣污染物申報-一般空氣污染物,氮氧化物,,,2021,2.028
11026506,E,空氣污染物申報-一般空氣污染物,硫氧化物,,,2021,1.452
11026506,E,空氣污染物申報-一般空氣污染物,粒狀污染物,,,2021,0.618
11026506,E,空氣污染物申報-一般空氣污染物,揮發性有機化合物,,,2021,7.011
11026506,E,空氣污染物申報-有害空氣污染物,苯,,,2021,0.011
11026506,E,空氣污染物申報-有害空氣污染物,乙苯,,,2021,0.001
11026506,E,空氣污染物申報-有害空氣污染物,甲苯,,,2021,0.784
11026506,E,空氣污染物申報-有害空氣污染物,二甲苯,,,2021,13.415999999999997
11026506,E,空氣污染物申報-有害空氣污染物,重金屬,,,2021,0.004
11039306,E,空氣污染物申報-一般空氣污染物,氮氧化物,,,2021,0.847
11039306,E,空氣污染物申報-一般空氣污染物,硫氧化物,,,2021,0.007
11039306,E,空氣污染物申報-一般空氣污染物,粒狀污染物,,,2021,0.33199999999999996
11039306,E,空氣污染物申報-一般空氣污染物,揮發性有機化合物,,,2021,51.88399999999999
11039306,E,空氣污染物申報-有害空氣污染物,甲苯,,,2021,1.363
11039306,E,空氣污染物申報-有害空氣污染物,二甲苯,,,2021,18.105
11332202,E,空氣污染物申報-一般空氣污染物,氮氧化物,,,2021,0.48
11332202,E,空氣污染物申報-一般空氣污染物,硫氧化物,,,2021,0.412
11332202,E,空氣污染物申報-一般空氣污染物,粒狀污染物,,,2021,3.057
11332202,E,空氣污染物申報-一般空氣污染物,揮發性有機化合物,,,2021,30.296
11332202,E,空氣污染物申報-有害空氣污染物,苯,,,2021,0.338
11332202,E,空氣污染物申報-有害空氣污染物,苯乙烯,,,2021,10.242
11332202,E,空氣污染物申報-有害空氣污染物,乙苯,,,2021,0.107
11332202,E,空氣污染物申報-有害空氣污染物,甲苯,,,2021,2.552
11332202,E,空氣污染物申報-有害空氣污染物,二甲苯,,,2021,4.286
11824327,E,空氣污染物申報-一般空氣污染物,氮氧化物,,,2021,5.683
11824327,E,空氣污染物申報-一般空氣污染物,硫氧化物,,,2021,11.429
11824327,E,空氣污染物申報-一般空氣污染物,粒狀污染物,,,2021,0.259
11824327,E,空氣污染物申報-一般空氣污染物,揮發性有機化合物,,,2021,45.958
11824327,E,空氣污染物申報-有害空氣污染物,苯乙烯,,,2021,25.227
11824327,E,空氣污染物申報-有害空氣污染物,戴奧辛,,,2021,0.005
11824327,E,空氣污染物申報-有害空氣污染物,重金屬,,,2021,0.028
15877936,E,空氣污染物申報-一般空氣污染物,氮氧化物,,,2021,0.016
15877936,E,空氣污染物申報-一般空氣污染物,硫氧化物,,,2021,0.019999999999999997
15877936,E,空氣污染物申報-一般空氣污染物,粒狀污染物,,,2021,0.028999999999999998
15877936,E,空氣污染物申報-一般空氣污染物,揮發性有機化合物,,,2021,3.363
15877936,E,空氣污染物申報-有害空氣污染物,甲苯,,,2021,0.361
15877936,E,空氣污染物申報-有害空氣污染物,二甲苯,,,2021,0.375
16359284,E,空氣污染物申報-一般空氣污染物,揮發性有機化合物,,,2021,1.3319999999999999
16359284,E,空氣污染物申報-有害空氣污染物,二甲苯,,,2021,0.264
16748101,E,空氣污染物申報-一般空氣污染物,揮發性有機化合物,,,2021,44.918
16748101,E,空氣污染物申報-有害空氣污染物,乙苯,,,2021,0.015
16748101,E,空氣污染物申報-有害空氣污染物,二甲苯,,,2021,0.28500000000000003
20982120,E,空氣污染物申報-一般空氣污染物,揮發性有機化合物,,,2021,2.199
20982120,E,空氣污染物申報-有害空氣污染物,甲苯,,,2021,0.005
20982120,E,空氣污染物申報-有害空氣污染物,二甲苯,,,2021,0.008
22212598,E,空氣污染物申報-一般空氣污染物,氮氧化物,,,2021,0.028000000000000004
22212598,E,空氣污染物申報-一般空氣污染物,硫氧化物,,,2021,0.002
22212598,E,空氣污染物申報-一般空氣污染物,揮發性有機化合物,,,2021,5.142
22212598,E,空氣污染物申報-有害空氣污染物,乙苯,,,2021,0.04000000000000001
22212598,E,空氣污染物申報-有害空氣污染物,甲苯,,,2021,1.474
22212598,E,空氣污染物申報-有害空氣污染物,二甲苯,,,2021,0.20400000000000001
22522361,E,空氣污染物申報-一般空氣污染物,氮氧化物,,,2021,0.002
22522361,E,空氣污染物申報-一般空氣污染物,揮發性有機化合物,,,2021,7.462
22522361,E,空氣污染物申報-有害空氣污染物,二氯甲烷,,,2021,2.5
22522361,E,空氣污染物申報-有害空氣污染物,甲苯,,,2021,0.14
22522361,E,空氣污染物申報-有害空氣污染物,二甲苯,,,2021,0.006
22540430,E,空氣污染物申報-一般空氣污染物,揮發性有機化合物,,,2021,1.9749999999999996
22540430,E,空氣污染物申報-有害空氣污染物,甲苯,,,2021,0.008
22546808,E,空氣污染物申報-一般空氣污染物,氮氧化物,,,2021,0.044000000000000004
22546808,E,空氣污染物申報-一般空氣污染物,硫氧化物,,,2021,0.002
22546808,E,空氣污染物申報-一般空氣污染物,揮發性有機化合物,,,2021,4.390000000000001
22546808,E,空氣污染物申報-有害空氣污染物,二甲苯,,,2021,0.256
22551554,E,空氣污染物申報-一般空氣污染物,揮發性有機化合物,,,2021,0.378
22551554,E,空氣污染物申報-有害空氣污染物,甲苯,,,2021,0.078
22551554,E,空氣污染物申報-有害空氣污染物,二甲苯,,,2021,0.055
22794503,E,空氣污染物申報-一般空氣污染物,氮氧化物,,,2021,0.4590000000000001
22794503,E,空氣污染物申報-一般空氣污染物,粒狀污染物,,,2021,0.349
22794503,E,空氣污染物申報-一般空氣污染物,揮發性有機化合物,,,2021,8.783
22794503,E,空氣污染物申報-有害空氣污染物,甲苯,,,2021,0.909
22794503,E,空氣污染物申報-有害空氣污染物,重金屬,,,2021,0.019
23019109,E,空氣污染物申報-一般空氣污染物,氮氧化物,,,2021,1.265
23019109,E,空氣污染物申報-一般空氣污染物,硫氧化物,,,2021,1.4689999999999999
23019109,E,空氣污染物申報-一般空氣污染物,粒狀污染物,,,2021,0.10400000000000001
23019109,E,空氣污染物申報-一般空氣污染物,揮發性有機化合物,,,2021,230.10899999999998
23019109,E,空氣污染物申報-有害空氣污染物,甲苯,,,2021,0.096
23019109,E,空氣污染物申報-有害空氣污染物,二甲苯,,,2021,0.252
23209895,E,空氣污染物申報-一般空氣污染物,氮氧化物,,,2021,0.14900000000000002
23209895,E,空氣污染物申報-一般空氣污染物,粒狀污染物,,,2021,0.004
23209895,E,空氣污染物申報-一般空氣污染物,揮發性有機化合物,,,2021,1.745
23248433,E,空氣污染物申報-一般空氣污染物,氮氧化物,,,2021,1.08
23248433,E,空氣污染物申報-一般空氣污染物,硫氧化物,,,2021,0.015
23248433,E,空氣污染物申報-一般空氣污染物,粒狀污染物,,,2021,0.015
23248433,E,空氣污染物申報-一般空氣污染物,揮發性有機化合物,,,2021,46.241
23248433,E,空氣污染物申報-有害空氣污染物,苯乙烯,,,2021,7.973999999999999
23248433,E,空氣污染物申報-有害空氣污染物,二甲苯,,,2021,5.128
23503047,E,空氣污染物申報-一般空氣污染物,氮氧化物,,,2021,2.283
23503047,E,空氣污染物申報-一般空氣污染物,硫氧化物,,,2021,1.6330000000000002
23503047,E,空氣污染物申報-一般空氣污染物,粒狀污染物,,,2021,1.2560000000000002
23503047,E,空氣污染物申報-一般空氣污染物,揮發性有機化合物,,,2021,9.295
23503047,E,空氣污染物申報-有害空氣污染物,乙苯,,,2021,0.004
23503047,E,空氣污染物申報-有害空氣污染物,甲苯,,,2021,0.05
23503047,E,空氣污染物申報-有害空氣污染物,二甲苯,,,2021,0.044
23603284,E,空氣污染物申報-一般空氣污染物,氮氧化物,,,2021,2.456
23603284,E,空氣污染物申報-一般空氣污染物,硫氧化物,,,2021,0.30800000000000005
23603284,E,空氣污染物申報-一般空氣污染物,粒狀污染物,,,2021,0.08499999999999998
23603284,E,空氣污染物申報-一般空氣污染物,揮發性有機化合物,,,2021,3.298
24262159,E,空氣污染物申報-一般空氣污染物,氮氧化物,,,2021,0.026000000000000002
24262159,E,空氣污染物申報-一般空氣污染物,硫氧化物,,,2021,0.012
24262159,E,空氣污染物申報-一般空氣污染物,粒狀污染物,,,2021,0.16199999999999998
24262159,E,空氣污染物申報-一般空氣污染物,揮發性有機化合物,,,2021,0.17400000000000002
28919500,E,空氣污染物申報-一般空氣污染物,揮發性有機化合物,,,2021,6.311
28919500,E,空氣污染物申報-有害空氣污染物,乙苯,,,2021,0.018000000000000002
28919500,E,空氣污染物申報-有害空氣污染物,甲苯,,,2021,4.449
28919500,E,空氣污染物申報-有害空氣污染物,二甲苯,,,2021,0.09
29168533,E,空氣污染物申報-一般空氣污染物,揮發性有機化合物,,,2021,1.126
33029464,E,空氣污染物申報-一般空氣污染物,氮氧化物,,,2021,0.046
33029464,E,空氣污染物申報-一般空氣污染物,硫氧化物,,,2021,0.005
33029464,E,空氣污染物申報-一般空氣污染物,粒狀污染物,,,2021,0.001
33029464,E,空氣污染物申報-一般空氣污染物,揮發性有機化合物,,,2021,17.853
33029464,E,空氣污染物申報-有害空氣污染物,二甲苯,,,2021,4.904
33284077,E,空氣污染物申報-一般空氣污染物,氮氧化物,,,2021,0.068
33284077,E,空氣污染物申報-一般空氣污染物,硫氧化物,,,2021,0.005
33284077,E,空氣污染物申報-一般空氣污染物,粒狀污染物,,,2021,0.005
33284077,E,空氣污染物申報-一般空氣污染物,揮發性有機化合物,,,2021,10.960999999999999
33284077,E,空氣污染物申報-有害空氣污染物,甲苯,,,2021,1.397
33284077,E,空氣污染物申報-有害空氣污染物,二甲苯,,,2021,3.6759999999999997
35309102,E,空氣污染物申報-一般空氣污染物,揮發性有機化合物,,,2021,5.99
35309102,E,空氣污染物申報-有害空氣污染物,苯,,,2021,0.006
35309102,E,空氣污染物申報-有害空氣污染物,乙苯,,,2021,0.116
35309102,E,空氣污染物申報-有害空氣污染物,甲苯,,,2021,0.766
35309102,E,空氣污染物申報-有害空氣污染物,二甲苯,,,2021,0.48400000000000004
35945095,E,空氣污染物申報-一般空氣污染物,揮發性有機化合物,,,2021,10.994
35945095,E,空氣污染物申報-有害空氣污染物,甲苯,,,2021,8.388
36096704,E,空氣污染物申報-一般空氣污染物,揮發性有機化合物,,,2021,3.9859999999999998
36096704,E,空氣污染物申報-有害空氣污染物,苯乙烯,,,2021,0.4580000000000001
36096704,E,空氣污染物申報-有害空氣污染物,乙苯,,,2021,0.255
36096704,E,空氣污染物申報-有害空氣污染物,二甲苯,,,2021,1.321
52353530,E,空氣污染物申報-一般空氣污染物,揮發性有機化合物,,,2021,8.203000000000001
52353530,E,空氣污染物申報-有害空氣污染物,苯乙烯,,,2021,0.192
52353530,E,空氣污染物申報-有害空氣污染物,乙苯,,,2021,0.169
52353530,E,空氣污染物申報-有害空氣污染物,甲苯,,,2021,5.255
52353530,E,空氣污染物申報-有害空氣污染物,二甲苯,,,2021,0.704
52604255,E,空氣污染物申報-一般空氣污染物,氮氧化物,,,2021,13.399999999999999
52604255,E,空氣污染物申報-一般空氣污染物,硫氧化物,,,2021,0.006
52604255,E,空氣污染物申報-一般空氣污染物,粒狀污染物,,,2021,0.042
52757548,E,空氣污染物申報-一般空氣污染物,氮氧化物,,,2021,0.6200000000000001
52757548,E,空氣污染物申報-一般空氣污染物,粒狀污染物,,,2021,0.025
52903090,E,空氣污染物申報-一般空氣污染物,揮發性有機化合物,,,2021,0.101
52903090,E,空氣污染物申報-有害空氣污染物,甲苯,,,2021,0.043
53666460,E,空氣污染物申報-一般空氣污染物,氮氧化物,,,2021,0.007
53666460,E,空氣污染物申報-一般空氣污染物,揮發性有機化合物,,,2021,0.95
55754185,E,空氣污染物申報-一般空氣污染物,揮發性有機化合物,,,2021,0.262
55759180,E,空氣污染物申報-一般空氣污染物,揮發性有機化合物,,,2021,0.296
55848584,E,空氣污染物申報-一般空氣污染物,揮發性有機化合物,,,2021,5.039
55848584,E,空氣污染物申報-有害空氣污染物,乙苯,,,2021,0.062
55848584,E,空氣污染物申報-有害空氣污染物,甲苯,,,2021,0.805
55848584,E,空氣污染物申報-有害空氣污染物,二甲苯,,,2021,1.6600000000000001
55857746,E,空氣污染物申報-一般空氣污染物,揮發性有機化合物,,,2021,4.93
55857746,E,空氣污染物申報-有害空氣污染物,甲苯,,,2021,0.782
55878947,E,空氣污染物申報-一般空氣污染物,氮氧化物,,,2021,1.408
55878947,E,空氣污染物申報-一般空氣污染物,硫氧化物,,,2021,1.128
55878947,E,空氣污染物申報-一般空氣污染物,粒狀污染物,,,2021,0.072
55878947,E,空氣污染物申報-一般空氣污染物,揮發性有機化合物,,,2021,1.121
55878947,E,空氣污染物申報-有害空氣污染物,乙苯,,,2021,0.002
55878947,E,空氣污染物申報-有害空氣污染物,甲苯,,,2021,0.029
55878947,E,空氣污染物申報-有害空氣污染物,二甲苯,,,2021,0.125
58303609,E,空氣污染物申報-一般空氣污染物,氮氧化物,,,2021,3.325
58303609,E,空氣污染物申報-一般空氣污染物,硫氧化物,,,2021,1.416
58303609,E,空氣污染物申報-一般空氣污染物,粒狀污染物,,,2021,0.29900000000000004
58303609,E,空氣污染物申報-一般空氣污染物,揮發性有機化合物,,,2021,8.054
58303609,E,空氣污染物申報-有害空氣污染物,乙苯,,,2021,0.5860000000000001
58303609,E,空氣污染物申報-有害空氣污染物,甲苯,,,2021,0.41800000000000004
58303609,E,空氣污染物申報-有害空氣污染物,二甲苯,,,2021,2.7620000000000005
59008318,E,空氣污染物申報-一般空氣污染物,氮氧化物,,,2021,0.761
59008318,E,空氣污染物申報-一般空氣污染物,硫氧化物,,,2021,0.341
59008318,E,空氣污染物申報-一般空氣污染物,粒狀污染物,,,2021,0.131
59008318,E,空氣污染物申報-一般空氣污染物,揮發性有機化合物,,,2021,0.02
59008318,E,空氣污染物申報-有害空氣污染物,重金屬,,,2021,0.003
59260902,E,空氣污染物申報-一般空氣污染物,氮氧化物,,,2021,0.024
59260902,E,空氣污染物申報-一般空氣污染物,粒狀污染物,,,2021,0.001
60256758,E,空氣污染物申報-一般空氣污染物,氮氧化物,,,2021,0.73
60256758,E,空氣污染物申報-一般空氣污染物,硫氧化物,,,2021,0.272
60256758,E,空氣污染物申報-一般空氣污染物,粒狀污染物,,,2021,1.777
60256758,E,空氣污染物申報-一般空氣污染物,揮發性有機化合物,,,2021,0.9319999999999999
60256758,E,空氣污染物申報-有害空氣污染物,苯,,,2021,0.323
60256758,E,空氣污染物申報-有害空氣污染物,甲苯,,,2021,0.132
60256758,E,空氣污染物申報-有害空氣污染物,二甲苯,,,2021,0.11199999999999999
66402912,E,空氣污染物申報-一般空氣污染物,氮氧化物,,,2021,0.11599999999999999
66402912,E,空氣污染物申報-一般空氣污染物,硫氧化物,,,2021,0.498
66402912,E,空氣污染物申報-一般空氣污染物,粒狀污染物,,,2021,8.918
66402912,E,空氣污染物申報-一般空氣污染物,揮發性有機化合物,,,2021,14.245000000000001
66402912,E,空氣污染物申報-有害空氣污染物,苯,,,2021,1.231
66402912,E,空氣污染物申報-有害空氣污染物,甲苯,,,2021,2.943
66402912,E,空氣污染物申報-有害空氣污染物,二甲苯,,,2021,1.1800000000000002
66402912,E,空氣污染物申報-有害空氣污染物,戴奧辛,,,2021,0.004
68193807,E,空氣污染物申報-一般空氣污染物,氮氧化物,,,2021,0.254
68193807,E,空氣污染物申報-一般空氣污染物,硫氧化物,,,2021,0.139
68193807,E,空氣污染物申報-一般空氣污染物,粒狀污染物,,,2021,0.037
70647919,E,空氣污染物申報-一般空氣污染物,氮氧化物,,,2021,0.172
70647919,E,空氣污染物申報-一般空氣污染物,粒狀污染物,,,2021,0.006
70647919,E,空氣污染物申報-一般空氣污染物,揮發性有機化合物,,,2021,2.128
84189908,E,空氣污染物申報-一般空氣污染物,氮氧化物,,,2021,0.34099999999999997
84189908,E,空氣污染物申報-一般空氣污染物,硫氧化物,,,2021,0.064
84189908,E,空氣污染物申報-一般空氣污染物,粒狀污染物,,,2021,0.029
84189908,E,空氣污染物申報-一般空氣污染物,揮發性有機化合物,,,2021,30.221000000000004
84980915,E,空氣污染物申報-一般空氣污染物,氮氧化物,,,2021,4.747999999999999
84980915,E,空氣污染物申報-一般空氣污染物,粒狀污染物,,,2021,0.272
84980915,E,空氣污染物申報-一般空氣污染物,揮發性有機化合物,,,2021,14.705
84980915,E,空氣污染物申報-有害空氣污染物,乙苯,,,2021,0.034
84980915,E,空氣污染物申報-有害空氣污染物,甲苯,,,2021,0.07300000000000001
84980915,E,空氣污染物申報-有害空氣污染物,二甲苯,,,2021,0.047
86070187,E,空氣污染物申報-一般空氣污染物,粒狀污染物,,,2021,0.01
86070187,E,空氣污染物申報-有害空氣污染物,重金屬,,,2021,0.006
86122164,E,空氣污染物申報-一般空氣污染物,揮發性有機化合物,,,2021,3.932
86122164,E,空氣污染物申報-有害空氣污染物,苯乙烯,,,2021,0.012
86122164,E,空氣污染物申報-有害空氣污染物,甲苯,,,2021,2.4219999999999997
86122164,E,空氣污染物申報-有害空氣污染物,二甲苯,,,2021,0.309
89338287,E,空氣污染物申報-一般空氣污染物,氮氧化物,,,2021,0.046
89338287,E,空氣污染物申報-一般空氣污染物,粒狀污染物,,,2021,0.002
03089008,E,空氣污染物申報-一般空氣污染物,氮氧化物,,,2021,0.821
03089008,E,空氣污染物申報-一般空氣污染物,粒狀污染物,,,2021,1.454
03089008,E,空氣污染物申報-一般空氣污染物,揮發性有機化合物,,,2021,39.968
03089008,E,空氣污染物申報-有害空氣污染物,甲苯,,,2021,5.047
03089008,E,空氣污染物申報-有害空氣污染物,二甲苯,,,2021,0.001
04938839,E,空氣污染物申報-一般空氣污染物,揮發性有機化合物,,,2021,0.21900000000000003
04938839,E,空氣污染物申報-有害空氣污染物,二甲苯,,,2021,0.045
03213392,E,空氣污染物申報-一般空氣污染物,氮氧化物,,,2021,0.17900000000000002
03213392,E,空氣污染物申報-一般空氣污染物,硫氧化物,,,2021,0.026000000000000002
03213392,E,空氣污染物申報-一般空氣污染物,粒狀污染物,,,2021,0.044
03213392,E,空氣污染物申報-一般空氣污染物,揮發性有機化合物,,,2021,0.569
03213392,E,空氣污染物申報-有害空氣污染物,甲苯,,,2021,0.144
03213392,E,空氣污染物申報-有害空氣污染物,二甲苯,,,2021,0.17
04416894,E,空氣污染物申報-一般空氣污染物,揮發性有機化合物,,,2021,0.28
04416894,E,空氣污染物申報-有害空氣污染物,甲苯,,,2021,0.004
04416894,E,空氣污染物申報-有害空氣污染物,二甲苯,,,2021,0.276
03474311,E,空氣污染物申報-一般空氣污染物,氮氧化物,,,2021,0.333
03474311,E,空氣污染物申報-一般空氣污染物,硫氧化物,,,2021,1.233
03474311,E,空氣污染物申報-一般空氣污染物,粒狀污染物,,,2021,1.276
03474311,E,空氣污染物申報-一般空氣污染物,揮發性有機化合物,,,2021,25.467
03474311,E,空氣污染物申報-有害空氣污染物,甲苯,,,2021,3.4200000000000004
03474311,E,空氣污染物申報-有害空氣污染物,二甲苯,,,2021,2.0949999999999998
11026506,E,環境違規,違反環境法規金額,,元,2010,100000
11026506,E,環境違規,違反環境法規次數,,次,2010,1
11039306,E,環境違規,違反環境法規金額,,元,2010,60000
11039306,E,環境違規,違反環境法規次數,,次,2010,1
16748101,E,環境違規,違反環境法規金額,,元,2010,450000
16748101,E,環境違規,違反環境法規次數,,次,2010,3
20982120,E,環境違規,違反環境法規金額,,元,2010,1200
20982120,E,環境違規,違反環境法規次數,,次,2010,1
22224692,E,環境違規,違反環境法規金額,,元,2010,1200
22224692,E,環境違規,違反環境法規次數,,次,2010,1
23019109,E,環境違規,違反環境法規金額,,元,2010,6000
23019109,E,環境違規,違反環境法規次數,,次,2010,1
23209895,E,環境違規,違反環境法規金額,,元,2010,240000
23209895,E,環境違規,違反環境法規次數,,次,2010,1
44947686,E,環境違規,違反環境法規金額,,元,2010,60000
44947686,E,環境違規,違反環境法規次數,,次,2010,1
55878947,E,環境違規,違反環境法規金額,,元,2010,4800
55878947,E,環境違規,違反環境法規次數,,次,2010,2
03089008,E,環境違規,違反環境法規金額,,元,2010,210000
03089008,E,環境違規,違反環境法規次數,,次,2010,2
11026506,E,環境違規,違反環境法規金額,,元,2011,210500
11026506,E,環境違規,違反環境法規次數,,次,2011,3
11824327,E,環境違規,違反環境法規金額,,元,2011,100000
11824327,E,環境違規,違反環境法規次數,,次,2011,1
16439631,E,環境違規,違反環境法規金額,,元,2011,10000
16439631,E,環境違規,違反環境法規次數,,次,2011,1
16748101,E,環境違規,違反環境法規金額,,元,2011,110000
16748101,E,環境違規,違反環境法規次數,,次,2011,1
23248433,E,環境違規,違反環境法規金額,,元,2011,103000
23248433,E,環境違規,違反環境法規次數,,次,2011,2
33029464,E,環境違規,違反環境法規金額,,元,2011,1200
33029464,E,環境違規,違反環境法規次數,,次,2011,1
33284077,E,環境違規,違反環境法規金額,,元,2011,236000
33284077,E,環境違規,違反環境法規次數,,次,2011,2
52604255,E,環境違規,違反環境法規金額,,元,2011,100000
52604255,E,環境違規,違反環境法規次數,,次,2011,1
59260902,E,環境違規,違反環境法規金額,,元,2011,120000
59260902,E,環境違規,違反環境法規次數,,次,2011,1
60256758,E,環境違規,違反環境法規金額,,元,2011,200000
60256758,E,環境違規,違反環境法規次數,,次,2011,1
84980915,E,環境違規,違反環境法規金額,,元,2011,6000
84980915,E,環境違規,違反環境法規次數,,次,2011,1
03089008,E,環境違規,違反環境法規金額,,元,2011,110000
03089008,E,環境違規,違反環境法規次數,,次,2011,1
11026506,E,環境違規,違反環境法規金額,,元,2012,106000
11026506,E,環境違規,違反環境法規次數,,次,2012,2
11824327,E,環境違規,違反環境法規金額,,元,2012,10000
11824327,E,環境違規,違反環境法規次數,,次,2012,1
23209895,E,環境違規,違反環境法規金額,,元,2012,5000
23209895,E,環境違規,違反環境法規次數,,次,2012,1
24262159,E,環境違規,違反環境法規金額,,元,2012,6000
24262159,E,環境違規,違反環境法規次數,,次,2012,1
33029464,E,環境違規,違反環境法規金額,,元,2012,1200
33029464,E,環境違規,違反環境法規次數,,次,2012,1
44947686,E,環境違規,違反環境法規金額,,元,2012,60000
44947686,E,環境違規,違反環境法規次數,,次,2012,1
52604255,E,環境違規,違反環境法規金額,,元,2012,30000
52604255,E,環境違規,違反環境法規次數,,次,2012,1
55759180,E,環境違規,違反環境法規金額,,元,2012,60000
55759180,E,環境違規,違反環境法規次數,,次,2012,1
58303609,E,環境違規,違反環境法規金額,,元,2012,12000
58303609,E,環境違規,違反環境法規次數,,次,2012,2
60256758,E,環境違規,違反環境法規金額,,元,2012,100000
60256758,E,環境違規,違反環境法規次數,,次,2012,1
66402912,E,環境違規,違反環境法規金額,,元,2012,100000
66402912,E,環境違規,違反環境法規次數,,次,2012,1
86406401,E,環境違規,違反環境法規金額,,元,2012,30000
86406401,E,環境違規,違反環境法規次數,,次,2012,1
03089008,E,環境違規,違反環境法規金額,,元,2012,256000
03089008,E,環境違規,違反環境法規次數,,次,2012,4
04938839,E,環境違規,違反環境法規金額,,元,2012,200000
04938839,E,環境違規,違反環境法規次數,,次,2012,1
11026506,E,環境違規,違反環境法規金額,,元,2013,234000
11026506,E,環境違規,違反環境法規次數,,次,2013,3
11824327,E,環境違規,違反環境法規金額,,元,2013,110000
11824327,E,環境違規,違反環境法規次數,,次,2013,2
16748101,E,環境違規,違反環境法規金額,,元,2013,140000
16748101,E,環境違規,違反環境法規次數,,次,2013,1
22212598,E,環境違規,違反環境法規金額,,元,2013,150000
22212598,E,環境違規,違反環境法規次數,,次,2013,1
23019109,E,環境違規,違反環境法規金額,,元,2013,60000
23019109,E,環境違規,違反環境法規次數,,次,2013,1
35319185,E,環境違規,違反環境法規金額,,元,2013,15000
35319185,E,環境違規,違反環境法規次數,,次,2013,3
36096704,E,環境違規,違反環境法規金額,,元,2013,30000
36096704,E,環境違規,違反環境法規次數,,次,2013,1
55759180,E,環境違規,違反環境法規金額,,元,2013,100000
55759180,E,環境違規,違反環境法規次數,,次,2013,1
59362767,E,環境違規,違反環境法規金額,,元,2013,100000
59362767,E,環境違規,違反環境法規次數,,次,2013,1
75940820,E,環境違規,違反環境法規金額,,元,2013,200000
75940820,E,環境違規,違反環境法規次數,,次,2013,3
84252401,E,環境違規,違反環境法規金額,,元,2013,6000
84252401,E,環境違規,違反環境法規次數,,次,2013,1
84980915,E,環境違規,違反環境法規金額,,元,2013,60000
84980915,E,環境違規,違反環境法規次數,,次,2013,2
86070187,E,環境違規,違反環境法規金額,,元,2013,60000
86070187,E,環境違規,違反環境法規次數,,次,2013,1
86122164,E,環境違規,違反環境法規金額,,元,2013,100000
86122164,E,環境違規,違反環境法規次數,,次,2013,1
03089008,E,環境違規,違反環境法規金額,,元,2013,61200
03089008,E,環境違規,違反環境法規次數,,次,2013,2
11026506,E,環境違規,違反環境法規金額,,元,2014,706000
11026506,E,環境違規,違反環境法規次數,,次,2014,3
11039306,E,環境違規,違反環境法規金額,,元,2014,140000
11039306,E,環境違規,違反環境法規次數,,次,2014,2
11332202,E,環境違規,違反環境法規金額,,元,2014,300000
11332202,E,環境違規,違反環境法規次數,,次,2014,2
11824327,E,環境違規,違反環境法規金額,,元,2014,100000
11824327,E,環境違規,違反環境法規次數,,次,2014,2
20982120,E,環境違規,違反環境法規金額,,元,2014,200000
20982120,E,環境違規,違反環境法規次數,,次,2014,2
22212598,E,環境違規,違反環境法規金額,,元,2014,110000
22212598,E,環境違規,違反環境法規次數,,次,2014,2
22794503,E,環境違規,違反環境法規金額,,元,2014,6000
22794503,E,環境違規,違反環境法規次數,,次,2014,1
23019109,E,環境違規,違反環境法規金額,,元,2014,60000
23019109,E,環境違規,違反環境法規次數,,次,2014,1
23248433,E,環境違規,違反環境法規金額,,元,2014,92000
23248433,E,環境違規,違反環境法規次數,,次,2014,4
23503047,E,環境違規,違反環境法規金額,,元,2014,6000
23503047,E,環境違規,違反環境法規次數,,次,2014,1
29168533,E,環境違規,違反環境法規金額,,元,2014,100000
29168533,E,環境違規,違反環境法規次數,,次,2014,1
52757548,E,環境違規,違反環境法規金額,,元,2014,170000
52757548,E,環境違規,違反環境法規次數,,次,2014,1
68193807,E,環境違規,違反環境法規金額,,元,2014,70000
68193807,E,環境違規,違反環境法規次數,,次,2014,2
75940820,E,環境違規,違反環境法規金額,,元,2014,136000
75940820,E,環境違規,違反環境法規次數,,次,2014,4
84252401,E,環境違規,違反環境法規金額,,元,2014,30000
84252401,E,環境違規,違反環境法規次數,,次,2014,3
84980915,E,環境違規,違反環境法規金額,,元,2014,100000
84980915,E,環境違規,違反環境法規次數,,次,2014,1
86406401,E,環境違規,違反環境法規金額,,元,2014,60000
86406401,E,環境違規,違反環境法規次數,,次,2014,1
03089008,E,環境違規,違反環境法規金額,,元,2014,170000
03089008,E,環境違規,違反環境法規次數,,次,2014,2
11026506,E,環境違規,違反環境法規金額,,元,2015,200000
11026506,E,環境違規,違反環境法規次數,,次,2015,2
11039306,E,環境違規,違反環境法規金額,,元,2015,100000
11039306,E,環境違規,違反環境法規次數,,次,2015,1
11332202,E,環境違規,違反環境法規金額,,元,2015,372000
11332202,E,環境違規,違反環境法規次數,,次,2015,3
22212598,E,環境違規,違反環境法規金額,,元,2015,80000
22212598,E,環境違規,違反環境法規次數,,次,2015,1
22540430,E,環境違規,違反環境法規金額,,元,2015,10000
22540430,E,環境違規,違反環境法規次數,,次,2015,1
22794503,E,環境違規,違反環境法規金額,,元,2015,6000
22794503,E,環境違規,違反環境法規次數,,次,2015,1
23248433,E,環境違規,違反環境法規金額,,元,2015,212000
23248433,E,環境違規,違反環境法規次數,,次,2015,4
23503047,E,環境違規,違反環境法規金額,,元,2015,210000
23503047,E,環境違規,違反環境法規次數,,次,2015,3
29538509,E,環境違規,違反環境法規金額,,元,2015,100000
29538509,E,環境違規,違反環境法規次數,,次,2015,1
33029464,E,環境違規,違反環境法規金額,,元,2015,1200
33029464,E,環境違規,違反環境法規次數,,次,2015,1
34211074,E,環境違規,違反環境法規金額,,元,2015,6000
34211074,E,環境違規,違反環境法規次數,,次,2015,1
52604255,E,環境違規,違反環境法規金額,,元,2015,70000
52604255,E,環境違規,違反環境法規次數,,次,2015,2
52757548,E,環境違規,違反環境法規金額,,元,2015,290000
52757548,E,環境違規,違反環境法規次數,,次,2015,1
55848584,E,環境違規,違反環境法規金額,,元,2015,3000
55848584,E,環境違規,違反環境法規次數,,次,2015,1
59260902,E,環境違規,違反環境法規金額,,元,2015,70000
59260902,E,環境違規,違反環境法規次數,,次,2015,1
68193807,E,環境違規,違反環境法規金額,,元,2015,110000
68193807,E,環境違規,違反環境法規次數,,次,2015,1
75940820,E,環境違規,違反環境法規金額,,元,2015,170000
75940820,E,環境違規,違反環境法規次數,,次,2015,2
84980915,E,環境違規,違反環境法規金額,,元,2015,250000
84980915,E,環境違規,違反環境法規次數,,次,2015,2
86122164,E,環境違規,違反環境法規金額,,元,2015,60000
86122164,E,環境違規,違反環境法規次數,,次,2015,1
03089008,E,環境違規,違反環境法規金額,,元,2015,60000
03089008,E,環境違規,違反環境法規次數,,次,2015,1
04431804,E,環境違規,違反環境法規金額,,元,2015,10000
04431804,E,環境違規,違反環境法規次數,,次,2015,1
03213392,E,環境違規,違反環境法規金額,,元,2015,6000
03213392,E,環境違規,違反環境法規次數,,次,2015,1
11026506,E,環境違規,違反環境法規金額,,元,2016,26000
11026506,E,環境違規,違反環境法規次數,,次,2016,3
16748101,E,環境違規,違反環境法規金額,,元,2016,336000
16748101,E,環境違規,違反環境法規次數,,次,2016,2
22540430,E,環境違規,違反環境法規金額,,元,2016,29000
22540430,E,環境違規,違反環境法規次數,,次,2016,1
23209895,E,環境違規,違反環境法規金額,,元,2016,150000
23209895,E,環境違規,違反環境法規次數,,次,2016,1
23248433,E,環境違規,違反環境法規金額,,元,2016,185000
23248433,E,環境違規,違反環境法規次數,,次,2016,5
23503047,E,環境違規,違反環境法規金額,,元,2016,100000
23503047,E,環境違規,違反環境法規次數,,次,2016,1
35319185,E,環境違規,違反環境法規金額,,元,2016,60000
35319185,E,環境違規,違反環境法規次數,,次,2016,1
44947686,E,環境違規,違反環境法規金額,,元,2016,132000
44947686,E,環境違規,違反環境法規次數,,次,2016,4
53729177,E,環境違規,違反環境法規金額,,元,2016,1200
53729177,E,環境違規,違反環境法規次數,,次,2016,1
55942764,E,環境違規,違反環境法規金額,,元,2016,200000
55942764,E,環境違規,違反環境法規次數,,次,2016,1
84252401,E,環境違規,違反環境法規金額,,元,2016,100000
84252401,E,環境違規,違反環境法規次數,,次,2016,1
84980915,E,環境違規,違反環境法規金額,,元,2016,1225200
84980915,E,環境違規,違反環境法規次數,,次,2016,10
88120872,E,環境違規,違反環境法規金額,,元,2016,100000
88120872,E,環境違規,違反環境法規次數,,次,2016,1
11026506,E,環境違規,違反環境法規金額,,元,2017,30000
11026506,E,環境違規,違反環境法規次數,,次,2017,1
11039306,E,環境違規,違反環境法規金額,,元,2017,6000
11039306,E,環境違規,違反環境法規次數,,次,2017,1
16696080,E,環境違規,違反環境法規金額,,元,2017,12000
16696080,E,環境違規,違反環境法規次數,,次,2017,2
20982120,E,環境違規,違反環境法規金額,,元,2017,100000
20982120,E,環境違規,違反環境法規次數,,次,2017,1
22212598,E,環境違規,違反環境法規金額,,元,2017,848000
22212598,E,環境違規,違反環境法規次數,,次,2017,2
22794503,E,環境違規,違反環境法規金額,,元,2017,6000
22794503,E,環境違規,違反環境法規次數,,次,2017,1
23209895,E,環境違規,違反環境法規金額,,元,2017,26142000
23209895,E,環境違規,違反環境法規次數,,次,2017,4
23248433,E,環境違規,違反環境法規金額,,元,2017,400000
23248433,E,環境違規,違反環境法規次數,,次,2017,1
23503047,E,環境違規,違反環境法規金額,,元,2017,120000
23503047,E,環境違規,違反環境法規次數,,次,2017,2
23556563,E,環境違規,違反環境法規金額,,元,2017,6000
23556563,E,環境違規,違反環境法規次數,,次,2017,1
33029464,E,環境違規,違反環境法規金額,,元,2017,19200
33029464,E,環境違規,違反環境法規次數,,次,2017,16
59008318,E,環境違規,違反環境法規金額,,元,2017,6000
59008318,E,環境違規,違反環境法規次數,,次,2017,1
60256758,E,環境違規,違反環境法規金額,,元,2017,100000
60256758,E,環境違規,違反環境法規次數,,次,2017,1
68193807,E,環境違規,違反環境法規金額,,元,2017,10000
68193807,E,環境違規,違反環境法規次數,,次,2017,1
75940820,E,環境違規,違反環境法規金額,,元,2017,100000
75940820,E,環境違規,違反環境法規次數,,次,2017,1
84980915,E,環境違規,違反環境法規金額,,元,2017,320400
84980915,E,環境違規,違反環境法規次數,,次,2017,6
03089008,E,環境違規,違反環境法規金額,,元,2017,262000
03089008,E,環境違規,違反環境法規次數,,次,2017,7
03474311,E,環境違規,違反環境法規金額,,元,2017,100000
03474311,E,環境違規,違反環境法規次數,,次,2017,1
11026506,E,環境違規,違反環境法規金額,,元,2018,200000
11026506,E,環境違規,違反環境法規次數,,次,2018,2
16755427,E,環境違規,違反環境法規金額,,元,2018,100000
16755427,E,環境違規,違反環境法規次數,,次,2018,1
23248433,E,環境違規,違反環境法規金額,,元,2018,100000
23248433,E,環境違規,違反環境法規次數,,次,2018,1
23503047,E,環境違規,違反環境法規金額,,元,2018,106000
23503047,E,環境違規,違反環境法規次數,,次,2018,2
24262159,E,環境違規,違反環境法規金額,,元,2018,300000
24262159,E,環境違規,違反環境法規次數,,次,2018,2
33284077,E,環境違規,違反環境法規金額,,元,2018,1500
33284077,E,環境違規,違反環境法規次數,,次,2018,1
53729177,E,環境違規,違反環境法規金額,,元,2018,1200
53729177,E,環境違規,違反環境法規次數,,次,2018,1
55878947,E,環境違規,違反環境法規金額,,元,2018,600000
55878947,E,環境違規,違反環境法規次數,,次,2018,6
59008318,E,環境違規,違反環境法規金額,,元,2018,120000
59008318,E,環境違規,違反環境法規次數,,次,2018,2
66402912,E,環境違規,違反環境法規金額,,元,2018,100000
66402912,E,環境違規,違反環境法規次數,,次,2018,1
68193807,E,環境違規,違反環境法規金額,,元,2018,720000
68193807,E,環境違規,違反環境法規次數,,次,2018,9
75940820,E,環境違規,違反環境法規金額,,元,2018,208000
75940820,E,環境違規,違反環境法規次數,,次,2018,5
80132123,E,環境違規,違反環境法規金額,,元,2018,12000
80132123,E,環境違規,違反環境法規次數,,次,2018,2
84980915,E,環境違規,違反環境法規金額,,元,2018,66000
84980915,E,環境違規,違反環境法規次數,,次,2018,11
86070187,E,環境違規,違反環境法規金額,,元,2018,120000
86070187,E,環境違規,違反環境法規次數,,次,2018,2
88120872,E,環境違規,違反環境法規金額,,元,2018,340000
88120872,E,環境違規,違反環境法規次數,,次,2018,5
03089008,E,環境違規,違反環境法規金額,,元,2018,12000
03089008,E,環境違規,違反環境法規次數,,次,2018,1
03474311,E,環境違規,違反環境法規金額,,元,2018,200000
03474311,E,環境違規,違反環境法規次數,,次,2018,2
04431804,E,環境違規,違反環境法規金額,,元,2018,10000
04431804,E,環境違規,違反環境法規次數,,次,2018,1
11026506,E,環境違規,違反環境法規金額,,元,2019,100000
11026506,E,環境違規,違反環境法規次數,,次,2019,1
11824327,E,環境違規,違反環境法規金額,,元,2019,168000
11824327,E,環境違規,違反環境法規次數,,次,2019,2
16748101,E,環境違規,違反環境法規金額,,元,2019,654000
16748101,E,環境違規,違反環境法規次數,,次,2019,3
22212598,E,環境違規,違反環境法規金額,,元,2019,6000
22212598,E,環境違規,違反環境法規次數,,次,2019,1
23209895,E,環境違規,違反環境法規金額,,元,2019,10000
23209895,E,環境違規,違反環境法規次數,,次,2019,1
23248433,E,環境違規,違反環境法規金額,,元,2019,6000
23248433,E,環境違規,違反環境法規次數,,次,2019,1
23503047,E,環境違規,違反環境法規金額,,元,2019,26000
23503047,E,環境違規,違反環境法規次數,,次,2019,3
23603284,E,環境違規,違反環境法規金額,,元,2019,6000
23603284,E,環境違規,違反環境法規次數,,次,2019,1
24262159,E,環境違規,違反環境法規金額,,元,2019,91000
24262159,E,環境違規,違反環境法規次數,,次,2019,1
33284077,E,環境違規,違反環境法規金額,,元,2019,60000
33284077,E,環境違規,違反環境法規次數,,次,2019,1
53666460,E,環境違規,違反環境法規金額,,元,2019,6000
53666460,E,環境違規,違反環境法規次數,,次,2019,1
55942764,E,環境違規,違反環境法規金額,,元,2019,10000
55942764,E,環境違規,違反環境法規次數,,次,2019,1
64998780,E,環境違規,違反環境法規金額,,元,2019,200000
64998780,E,環境違規,違反環境法規次數,,次,2019,1
70647919,E,環境違規,違反環境法規金額,,元,2019,100000
70647919,E,環境違規,違反環境法規次數,,次,2019,1
75940820,E,環境違規,違反環境法規金額,,元,2019,6000
75940820,E,環境違規,違反環境法規次數,,次,2019,1
84980915,E,環境違規,違反環境法規金額,,元,2019,128000
84980915,E,環境違規,違反環境法規次數,,次,2019,2
86122164,E,環境違規,違反環境法規金額,,元,2019,118000
86122164,E,環境違規,違反環境法規次數,,次,2019,4
86406401,E,環境違規,違反環境法規金額,,元,2019,6000
86406401,E,環境違規,違反環境法規次數,,次,2019,1
03213392,E,環境違規,違反環境法規金額,,元,2019,100000
03213392,E,環境違規,違反環境法規次數,,次,2019,1
11026506,E,環境違規,違反環境法規金額,,元,2020,60000
11026506,E,環境違規,違反環境法規次數,,次,2020,1
16755427,E,環境違規,違反環境法規金額,,元,2020,100000
16755427,E,環境違規,違反環境法規次數,,次,2020,1
23503047,E,環境違規,違反環境法規金額,,元,2020,69000
23503047,E,環境違規,違反環境法規次數,,次,2020,2
24262159,E,環境違規,違反環境法規金額,,元,2020,3169200
24262159,E,環境違規,違反環境法規次數,,次,2020,4
29168533,E,環境違規,違反環境法規金額,,元,2020,6000
29168533,E,環境違規,違反環境法規次數,,次,2020,1
33029464,E,環境違規,違反環境法規金額,,元,2020,416200
33029464,E,環境違規,違反環境法規次數,,次,2020,3
52757548,E,環境違規,違反環境法規金額,,元,2020,295000
52757548,E,環境違規,違反環境法規次數,,次,2020,3
53729177,E,環境違規,違反環境法規金額,,元,2020,33600
53729177,E,環境違規,違反環境法規次數,,次,2020,6
75940820,E,環境違規,違反環境法規金額,,元,2020,100000
75940820,E,環境違規,違反環境法規次數,,次,2020,1
84980915,E,環境違規,違反環境法規金額,,元,2020,218000
84980915,E,環境違規,違反環境法規次數,,次,2020,4
86406401,E,環境違規,違反環境法規金額,,元,2020,65000
86406401,E,環境違規,違反環境法規次數,,次,2020,1
03213392,E,環境違規,違反環境法規金額,,元,2020,60000
03213392,E,環境違規,違反環境法規次數,,次,2020,2
23209895,E,環境違規,違反環境法規金額,,元,2021,63000
23209895,E,環境違規,違反環境法規次數,,次,2021,1
23248433,E,環境違規,違反環境法規金額,,元,2021,112000
23248433,E,環境違規,違反環境法規次數,,次,2021,3
24262159,E,環境違規,違反環境法規金額,,元,2021,30000
24262159,E,環境違規,違反環境法規次數,,次,2021,1
33029464,E,環境違規,違反環境法規金額,,元,2021,8400
33029464,E,環境違規,違反環境法規次數,,次,2021,2
52757548,E,環境違規,違反環境法規金額,,元,2021,200000
52757548,E,環境違規,違反環境法規次數,,次,2021,1
55942764,E,環境違規,違反環境法規金額,,元,2021,156000
55942764,E,環境違規,違反環境法規次數,,次,2021,1
59260902,E,環境違規,違反環境法規金額,,元,2021,18000
59260902,E,環境違規,違反環境法規次數,,次,2021,2
68193807,E,環境違規,違反環境法規金額,,元,2021,63000
68193807,E,環境違規,違反環境法規次數,,次,2021,1
75940820,E,環境違規,違反環境法規金額,,元,2021,60000
75940820,E,環境違規,違反環境法規次數,,次,2021,1
11039306,S,員工薪資,平均薪資,,仟元,2020,969
11039306,S,員工薪資,薪資中位數,,仟元,2020,818
11332202,S,員工薪資,平均薪資,,仟元,2020,815
11332202,S,員工薪資,薪資中位數,,仟元,2020,670
68193807,S,員工薪資,平均薪資,,仟元,2020,479
68193807,S,員工薪資,薪資中位數,,仟元,2020,426
33029464,S,員工薪資,平均薪資,,仟元,2020,747
33029464,S,員工薪資,薪資中位數,,仟元,2020,659
03213392,S,員工薪資,平均薪資,,仟元,2020,790
03213392,S,員工薪資,薪資中位數,,仟元,2020,688
55759180,S,員工薪資,平均薪資,,仟元,2020,606
55759180,S,員工薪資,薪資中位數,,仟元,2020,502
59008318,S,員工薪資,平均薪資,,仟元,2020,475
59008318,S,員工薪資,薪資中位數,,仟元,2020,440
33284077,S,員工薪資,平均薪資,,仟元,2020,863
33284077,S,員工薪資,薪資中位數,,仟元,2020,726
11099726,S,員工薪資,平均薪資,,仟元,2020,627
11099726,S,員工薪資,薪資中位數,,仟元,2020,482
20982120,S,員工薪資,平均薪資,,仟元,2020,635
20982120,S,員工薪資,薪資中位數,,仟元,2020,540
11551634,S,員工薪資,平均薪資,,仟元,2020,598
11551634,S,員工薪資,薪資中位數,,仟元,2020,529
34211074,S,員工薪資,平均薪資,,仟元,2020,520
34211074,S,員工薪資,薪資中位數,,仟元,2020,446
22224692,S,員工薪資,平均薪資,,仟元,2020,584
22224692,S,員工薪資,薪資中位數,,仟元,2020,522
29538509,S,員工薪資,平均薪資,,仟元,2020,644
29538509,S,員工薪資,薪資中位數,,仟元,2020,591
03474311,S,員工薪資,平均薪資,,仟元,2020,687
03474311,S,員工薪資,薪資中位數,,仟元,2020,591
84252401,S,員工薪資,平均薪資,,仟元,2020,940
84252401,S,員工薪資,薪資中位數,,仟元,2020,844
23556563,S,員工薪資,平均薪資,,仟元,2020,804
23556563,S,員工薪資,薪資中位數,,仟元,2020,652
44947686,S,員工薪資,平均薪資,,仟元,2020,486
44947686,S,員工薪資,薪資中位數,,仟元,2020,460
52646207,S,員工薪資,平均薪資,,仟元,2020,447
52646207,S,員工薪資,薪資中位數,,仟元,2020,401
52903090,S,員工薪資,平均薪資,,仟元,2020,481
52903090,S,員工薪資,薪資中位數,,仟元,2020,442
23248433,S,員工薪資,平均薪資,,仟元,2020,518
23248433,S,員工薪資,薪資中位數,,仟元,2020,479
55754185,S,員工薪資,平均薪資,,仟元,2020,860
55754185,S,員工薪資,薪資中位數,,仟元,2020,820
03089008,S,員工薪資,平均薪資,,仟元,2020,680
03089008,S,員工薪資,薪資中位數,,仟元,2020,626
36253534,S,員工薪資,平均薪資,,仟元,2020,519
36253534,S,員工薪資,薪資中位數,,仟元,2020,406
12461082,S,員工薪資,平均薪資,,仟元,2020,929
12461082,S,員工薪資,薪資中位數,,仟元,2020,908
52353530,S,員工薪資,平均薪資,,仟元,2020,585
52353530,S,員工薪資,薪資中位數,,仟元,2020,528
86985605,S,員工薪資,平均薪資,,仟元,2020,581
86985605,S,員工薪資,薪資中位數,,仟元,2020,518
16755427,S,員工薪資,平均薪資,,仟元,2020,655
16755427,S,員工薪資,薪資中位數,,仟元,2020,583
80621419,S,員工薪資,平均薪資,,仟元,2020,498
80621419,S,員工薪資,薪資中位數,,仟元,2020,472
23503047,S,員工薪資,平均薪資,,仟元,2020,754
23503047,S,員工薪資,薪資中位數,,仟元,2020,719
22546808,S,員工薪資,平均薪資,,仟元,2020,438
22546808,S,員工薪資,薪資中位數,,仟元,2020,459
66402912,S,員工薪資,平均薪資,,仟元,2020,445
66402912,S,員工薪資,薪資中位數,,仟元,2020,395
89855649,S,員工薪資,平均薪資,,仟元,2020,501
89855649,S,員工薪資,薪資中位數,,仟元,2020,471
86070187,S,員工薪資,平均薪資,,仟元,2020,419
86070187,S,員工薪資,薪資中位數,,仟元,2020,391
22479934,S,員工薪資,平均薪資,,仟元,2020,447
22479934,S,員工薪資,薪資中位數,,仟元,2020,396
11026506,S,員工薪資,平均薪資,,仟元,2020,676
11026506,S,員工薪資,薪資中位數,,仟元,2020,596
86406401,S,員工薪資,平均薪資,,仟元,2020,576
86406401,S,員工薪資,薪資中位數,,仟元,2020,449
43938484,S,員工薪資,平均薪資,,仟元,2020,723
43938484,S,員工薪資,薪資中位數,,仟元,2020,639
75940820,S,員工薪資,平均薪資,,仟元,2020,532
75940820,S,員工薪資,薪資中位數,,仟元,2020,465
22193115,S,員工薪資,平均薪資,,仟元,2020,481
22193115,S,員工薪資,薪資中位數,,仟元,2020,431
05087498,S,員工薪資,平均薪資,,仟元,2020,695
05087498,S,員工薪資,薪資中位數,,仟元,2020,647
12499995,S,員工薪資,平均薪資,,仟元,2020,586
12499995,S,員工薪資,薪資中位數,,仟元,2020,504
52811070,S,員工薪資,平均薪資,,仟元,2020,897
52811070,S,員工薪資,薪資中位數,,仟元,2020,709
55878947,S,員工薪資,平均薪資,,仟元,2020,533
55878947,S,員工薪資,薪資中位數,,仟元,2020,502
59260902,S,員工薪資,平均薪資,,仟元,2020,406
59260902,S,員工薪資,薪資中位數,,仟元,2020,369
04416894,S,員工薪資,平均薪資,,仟元,2020,832
04416894,S,員工薪資,薪資中位數,,仟元,2020,823
55857746,S,員工薪資,平均薪資,,仟元,2020,544
55857746,S,員工薪資,薪資中位數,,仟元,2020,511
55848584,S,員工薪資,平均薪資,,仟元,2020,522
55848584,S,員工薪資,薪資中位數,,仟元,2020,504
22522361,S,員工薪資,平均薪資,,仟元,2020,625
22522361,S,員工薪資,薪資中位數,,仟元,2020,561
88120872,S,員工薪資,平均薪資,,仟元,2020,585
88120872,S,員工薪資,薪資中位數,,仟元,2020,543
22551554,S,員工薪資,平均薪資,,仟元,2020,732
22551554,S,員工薪資,薪資中位數,,仟元,2020,671
52604255,S,員工薪資,平均薪資,,仟元,2020,540
52604255,S,員工薪資,薪資中位數,,仟元,2020,504
36243760,S,員工薪資,平均薪資,,仟元,2020,500
36243760,S,員工薪資,薪資中位數,,仟元,2020,500
23603284,S,員工薪資,平均薪資,,仟元,2020,764
23603284,S,員工薪資,薪資中位數,,仟元,2020,685
36096704,S,員工薪資,平均薪資,,仟元,2020,645
36096704,S,員工薪資,薪資中位數,,仟元,2020,587
84189908,S,員工薪資,平均薪資,,仟元,2020,511
84189908,S,員工薪資,薪資中位數,,仟元,2020,495
22794503,S,員工薪資,平均薪資,,仟元,2020,477
22794503,S,員工薪資,薪資中位數,,仟元,2020,446
60256758,S,員工薪資,平均薪資,,仟元,2020,485
60256758,S,員工薪資,薪資中位數,,仟元,2020,431
29168533,S,員工薪資,平均薪資,,仟元,2020,525
29168533,S,員工薪資,薪資中位數,,仟元,2020,469
22212598,S,員工薪資,平均薪資,,仟元,2020,453
22212598,S,員工薪資,薪資中位數,,仟元,2020,416
80132123,S,員工薪資,平均薪資,,仟元,2020,578
80132123,S,員工薪資,薪資中位數,,仟元,2020,503
84271478,S,員工薪資,平均薪資,,仟元,2020,811
84271478,S,員工薪資,薪資中位數,,仟元,2020,733
22301178,S,員工薪資,平均薪資,,仟元,2020,473
22301178,S,員工薪資,薪資中位數,,仟元,2020,408
59362767,S,員工薪資,平均薪資,,仟元,2020,507
59362767,S,員工薪資,薪資中位數,,仟元,2020,477
28919500,S,員工薪資,平均薪資,,仟元,2020,497
28919500,S,員工薪資,薪資中位數,,仟元,2020,473
86195222,S,員工薪資,平均薪資,,仟元,2020,732
86195222,S,員工薪資,薪資中位數,,仟元,2020,711
23019109,S,員工薪資,平均薪資,,仟元,2020,475
23019109,S,員工薪資,薪資中位數,,仟元,2020,476
24262159,S,員工薪資,平均薪資,,仟元,2020,668
24262159,S,員工薪資,薪資中位數,,仟元,2020,573
54705928,S,員工薪資,平均薪資,,仟元,2020,841
54705928,S,員工薪資,薪資中位數,,仟元,2020,848
23830154,S,員工薪資,平均薪資,,仟元,2020,426
23830154,S,員工薪資,薪資中位數,,仟元,2020,387
97413843,S,員工薪資,平均薪資,,仟元,2020,706
97413843,S,員工薪資,薪資中位數,,仟元,2020,647
15877936,S,員工薪資,平均薪資,,仟元,2020,853
15877936,S,員工薪資,薪資中位數,,仟元,2020,719
05114306,S,員工薪資,平均薪資,,仟元,2020,819
05114306,S,員工薪資,薪資中位數,,仟元,2020,811
22994919,S,員工薪資,平均薪資,,仟元,2020,727
22994919,S,員工薪資,薪資中位數,,仟元,2020,682
86122164,S,員工薪資,平均薪資,,仟元,2020,579
86122164,S,員工薪資,薪資中位數,,仟元,2020,503
44549792,S,員工薪資,平均薪資,,仟元,2020,557
44549792,S,員工薪資,薪資中位數,,仟元,2020,498
22101002,S,員工薪資,平均薪資,,仟元,2020,739
22101002,S,員工薪資,薪資中位數,,仟元,2020,665
16264415,S,員工薪資,平均薪資,,仟元,2020,999
16264415,S,員工薪資,薪資中位數,,仟元,2020,934
16359284,S,員工薪資,平均薪資,,仟元,2020,643
16359284,S,員工薪資,薪資中位數,,仟元,2020,482
04431804,S,員工薪資,平均薪資,,仟元,2020,461
04431804,S,員工薪資,薪資中位數,,仟元,2020,437
16748101,S,員工薪資,平均薪資,,仟元,2020,653
16748101,S,員工薪資,薪資中位數,,仟元,2020,537
12486062,S,員工薪資,平均薪資,,仟元,2020,820
12486062,S,員工薪資,薪資中位數,,仟元,2020,724
35319185,S,員工薪資,平均薪資,,仟元,2020,712
35319185,S,員工薪資,薪資中位數,,仟元,2020,671
73707377,S,員工薪資,平均薪資,,仟元,2020,570
73707377,S,員工薪資,薪資中位數,,仟元,2020,502
11039306,S,員工薪資,平均薪資,,仟元,2019,972
11039306,S,員工薪資,薪資中位數,,仟元,2019,802
11332202,S,員工薪資,平均薪資,,仟元,2019,834
11332202,S,員工薪資,薪資中位數,,仟元,2019,681
68193807,S,員工薪資,平均薪資,,仟元,2019,468
68193807,S,員工薪資,薪資中位數,,仟元,2019,425
33029464,S,員工薪資,平均薪資,,仟元,2019,699
33029464,S,員工薪資,薪資中位數,,仟元,2019,628
03213392,S,員工薪資,平均薪資,,仟元,2019,766
03213392,S,員工薪資,薪資中位數,,仟元,2019,670
55759180,S,員工薪資,平均薪資,,仟元,2019,536
55759180,S,員工薪資,薪資中位數,,仟元,2019,460
59008318,S,員工薪資,平均薪資,,仟元,2019,435
59008318,S,員工薪資,薪資中位數,,仟元,2019,393
33284077,S,員工薪資,平均薪資,,仟元,2019,780
33284077,S,員工薪資,薪資中位數,,仟元,2019,711
11099726,S,員工薪資,平均薪資,,仟元,2019,588
11099726,S,員工薪資,薪資中位數,,仟元,2019,454
20982120,S,員工薪資,平均薪資,,仟元,2019,586
20982120,S,員工薪資,薪資中位數,,仟元,2019,487
11551634,S,員工薪資,平均薪資,,仟元,2019,579
11551634,S,員工薪資,薪資中位數,,仟元,2019,503
34211074,S,員工薪資,平均薪資,,仟元,2019,498
34211074,S,員工薪資,薪資中位數,,仟元,2019,466
22224692,S,員工薪資,平均薪資,,仟元,2019,545
22224692,S,員工薪資,薪資中位數,,仟元,2019,486
29538509,S,員工薪資,平均薪資,,仟元,2019,611
29538509,S,員工薪資,薪資中位數,,仟元,2019,536
03474311,S,員工薪資,平均薪資,,仟元,2019,661
03474311,S,員工薪資,薪資中位數,,仟元,2019,522
84252401,S,員工薪資,平均薪資,,仟元,2019,876
84252401,S,員工薪資,薪資中位數,,仟元,2019,786
23556563,S,員工薪資,平均薪資,,仟元,2019,808
23556563,S,員工薪資,薪資中位數,,仟元,2019,674
44947686,S,員工薪資,平均薪資,,仟元,2019,489
44947686,S,員工薪資,薪資中位數,,仟元,2019,433
52646207,S,員工薪資,平均薪資,,仟元,2019,449
52646207,S,員工薪資,薪資中位數,,仟元,2019,406
52903090,S,員工薪資,平均薪資,,仟元,2019,542
52903090,S,員工薪資,薪資中位數,,仟元,2019,479
23248433,S,員工薪資,平均薪資,,仟元,2019,477
23248433,S,員工薪資,薪資中位數,,仟元,2019,420
55754185,S,員工薪資,平均薪資,,仟元,2019,813
55754185,S,員工薪資,薪資中位數,,仟元,2019,751
03089008,S,員工薪資,平均薪資,,仟元,2019,652
03089008,S,員工薪資,薪資中位數,,仟元,2019,600
36253534,S,員工薪資,平均薪資,,仟元,2019,518
36253534,S,員工薪資,薪資中位數,,仟元,2019,391
12461082,S,員工薪資,平均薪資,,仟元,2019,980
12461082,S,員工薪資,薪資中位數,,仟元,2019,933
52353530,S,員工薪資,平均薪資,,仟元,2019,601
52353530,S,員工薪資,薪資中位數,,仟元,2019,535
86985605,S,員工薪資,平均薪資,,仟元,2019,498
86985605,S,員工薪資,薪資中位數,,仟元,2019,431
16755427,S,員工薪資,平均薪資,,仟元,2019,524
16755427,S,員工薪資,薪資中位數,,仟元,2019,440
80621419,S,員工薪資,平均薪資,,仟元,2019,440
80621419,S,員工薪資,薪資中位數,,仟元,2019,419
23503047,S,員工薪資,平均薪資,,仟元,2019,665
23503047,S,員工薪資,薪資中位數,,仟元,2019,630
22546808,S,員工薪資,平均薪資,,仟元,2019,450
22546808,S,員工薪資,薪資中位數,,仟元,2019,407
66402912,S,員工薪資,平均薪資,,仟元,2019,423
66402912,S,員工薪資,薪資中位數,,仟元,2019,414
89855649,S,員工薪資,平均薪資,,仟元,2019,518
89855649,S,員工薪資,薪資中位數,,仟元,2019,487
86070187,S,員工薪資,平均薪資,,仟元,2019,372
86070187,S,員工薪資,薪資中位數,,仟元,2019,343
22479934,S,員工薪資,平均薪資,,仟元,2019,457
22479934,S,員工薪資,薪資中位數,,仟元,2019,409
11026506,S,員工薪資,平均薪資,,仟元,2019,646
11026506,S,員工薪資,薪資中位數,,仟元,2019,567
86406401,S,員工薪資,平均薪資,,仟元,2019,519
86406401,S,員工薪資,薪資中位數,,仟元,2019,427
43938484,S,員工薪資,平均薪資,,仟元,2019,641
43938484,S,員工薪資,薪資中位數,,仟元,2019,546
75940820,S,員工薪資,平均薪資,,仟元,2019,529
75940820,S,員工薪資,薪資中位數,,仟元,2019,472
22193115,S,員工薪資,平均薪資,,仟元,2019,405
22193115,S,員工薪資,薪資中位數,,仟元,2019,353
05087498,S,員工薪資,平均薪資,,仟元,2019,659
05087498,S,員工薪資,薪資中位數,,仟元,2019,612
12499995,S,員工薪資,平均薪資,,仟元,2019,562
12499995,S,員工薪資,薪資中位數,,仟元,2019,510
52811070,S,員工薪資,平均薪資,,仟元,2019,879
52811070,S,員工薪資,薪資中位數,,仟元,2019,923
55878947,S,員工薪資,平均薪資,,仟元,2019,520
55878947,S,員工薪資,薪資中位數,,仟元,2019,490
59260902,S,員工薪資,平均薪資,,仟元,2019,392
59260902,S,員工薪資,薪資中位數,,仟元,2019,355
04416894,S,員工薪資,平均薪資,,仟元,2019,819
04416894,S,員工薪資,薪資中位數,,仟元,2019,807
55857746,S,員工薪資,平均薪資,,仟元,2019,529
55857746,S,員工薪資,薪資中位數,,仟元,2019,503
55848584,S,員工薪資,平均薪資,,仟元,2019,512
55848584,S,員工薪資,薪資中位數,,仟元,2019,483
22522361,S,員工薪資,平均薪資,,仟元,2019,616
22522361,S,員工薪資,薪資中位數,,仟元,2019,578
88120872,S,員工薪資,平均薪資,,仟元,2019,618
88120872,S,員工薪資,薪資中位數,,仟元,2019,576
22551554,S,員工薪資,平均薪資,,仟元,2019,722
22551554,S,員工薪資,薪資中位數,,仟元,2019,676
52604255,S,員工薪資,平均薪資,,仟元,2019,613
52604255,S,員工薪資,薪資中位數,,仟元,2019,557
36243760,S,員工薪資,平均薪資,,仟元,2019,838
36243760,S,員工薪資,薪資中位數,,仟元,2019,426
23603284,S,員工薪資,平均薪資,,仟元,2019,852
23603284,S,員工薪資,薪資中位數,,仟元,2019,752
36096704,S,員工薪資,平均薪資,,仟元,2019,667
36096704,S,員工薪資,薪資中位數,,仟元,2019,604
84189908,S,員工薪資,平均薪資,,仟元,2019,478
84189908,S,員工薪資,薪資中位數,,仟元,2019,431
22794503,S,員工薪資,平均薪資,,仟元,2019,449
22794503,S,員工薪資,薪資中位數,,仟元,2019,419
60256758,S,員工薪資,平均薪資,,仟元,2019,503
60256758,S,員工薪資,薪資中位數,,仟元,2019,442
29168533,S,員工薪資,平均薪資,,仟元,2019,462
29168533,S,員工薪資,薪資中位數,,仟元,2019,403
22212598,S,員工薪資,平均薪資,,仟元,2019,425
22212598,S,員工薪資,薪資中位數,,仟元,2019,383
80132123,S,員工薪資,平均薪資,,仟元,2019,553
80132123,S,員工薪資,薪資中位數,,仟元,2019,492
84271478,S,員工薪資,平均薪資,,仟元,2019,729
84271478,S,員工薪資,薪資中位數,,仟元,2019,779
22301178,S,員工薪資,平均薪資,,仟元,2019,465
22301178,S,員工薪資,薪資中位數,,仟元,2019,405
59362767,S,員工薪資,平均薪資,,仟元,2019,490
59362767,S,員工薪資,薪資中位數,,仟元,2019,444
28919500,S,員工薪資,平均薪資,,仟元,2019,508
28919500,S,員工薪資,薪資中位數,,仟元,2019,570
86195222,S,員工薪資,平均薪資,,仟元,2019,802
86195222,S,員工薪資,薪資中位數,,仟元,2019,787
23019109,S,員工薪資,平均薪資,,仟元,2019,619
23019109,S,員工薪資,薪資中位數,,仟元,2019,492
24262159,S,員工薪資,平均薪資,,仟元,2019,682
24262159,S,員工薪資,薪資中位數,,仟元,2019,605
54705928,S,員工薪資,平均薪資,,仟元,2019,787
54705928,S,員工薪資,薪資中位數,,仟元,2019,751
23830154,S,員工薪資,平均薪資,,仟元,2019,548
23830154,S,員工薪資,薪資中位數,,仟元,2019,505
97413843,S,員工薪資,平均薪資,,仟元,2019,642
97413843,S,員工薪資,薪資中位數,,仟元,2019,611
15877936,S,員工薪資,平均薪資,,仟元,2019,829
15877936,S,員工薪資,薪資中位數,,仟元,2019,681
05114306,S,員工薪資,平均薪資,,仟元,2019,783
05114306,S,員工薪資,薪資中位數,,仟元,2019,654
22994919,S,員工薪資,平均薪資,,仟元,2019,770
22994919,S,員工薪資,薪資中位數,,仟元,2019,721
86122164,S,員工薪資,平均薪資,,仟元,2019,566
86122164,S,員工薪資,薪資中位數,,仟元,2019,522
44549792,S,員工薪資,平均薪資,,仟元,2019,612
44549792,S,員工薪資,薪資中位數,,仟元,2019,546
22101002,S,員工薪資,平均薪資,,仟元,2019,676
22101002,S,員工薪資,薪資中位數,,仟元,2019,625
16264415,S,員工薪資,平均薪資,,仟元,2019,950
16264415,S,員工薪資,薪資中位數,,仟元,2019,929
16359284,S,員工薪資,平均薪資,,仟元,2019,613
16359284,S,員工薪資,薪資中位數,,仟元,2019,476
04431804,S,員工薪資,平均薪資,,仟元,2019,533
04431804,S,員工薪資,薪資中位數,,仟元,2019,510
16748101,S,員工薪資,平均薪資,,仟元,2019,664
16748101,S,員工薪資,薪資中位數,,仟元,2019,540
12486062,S,員工薪資,平均薪資,,仟元,2019,741
12486062,S,員工薪資,薪資中位數,,仟元,2019,736
35319185,S,員工薪資,平均薪資,,仟元,2019,746
35319185,S,員工薪資,薪資中位數,,仟元,2019,705
73707377,S,員工薪資,平均薪資,,仟元,2019,572
73707377,S,員工薪資,薪資中位數,,仟元,2019,504
11039306,S,員工薪資,平均薪資,,仟元,2018,954
11332202,S,員工薪資,平均薪資,,仟元,2018,828
68193807,S,員工薪資,平均薪資,,仟元,2018,479
33029464,S,員工薪資,平均薪資,,仟元,2018,658
03213392,S,員工薪資,平均薪資,,仟元,2018,737
55759180,S,員工薪資,平均薪資,,仟元,2018,519
59008318,S,員工薪資,平均薪資,,仟元,2018,450
33284077,S,員工薪資,平均薪資,,仟元,2018,685
11099726,S,員工薪資,平均薪資,,仟元,2018,528
20982120,S,員工薪資,平均薪資,,仟元,2018,605
11551634,S,員工薪資,平均薪資,,仟元,2018,607
34211074,S,員工薪資,平均薪資,,仟元,2018,518
22224692,S,員工薪資,平均薪資,,仟元,2018,661
29538509,S,員工薪資,平均薪資,,仟元,2018,584
03474311,S,員工薪資,平均薪資,,仟元,2018,756
84252401,S,員工薪資,平均薪資,,仟元,2018,844
23556563,S,員工薪資,平均薪資,,仟元,2018,817
44947686,S,員工薪資,平均薪資,,仟元,2018,517
52646207,S,員工薪資,平均薪資,,仟元,2018,487
52903090,S,員工薪資,平均薪資,,仟元,2018,530
23248433,S,員工薪資,平均薪資,,仟元,2018,428
55754185,S,員工薪資,平均薪資,,仟元,2018,777
03089008,S,員工薪資,平均薪資,,仟元,2018,652
36253534,S,員工薪資,平均薪資,,仟元,2018,472
12461082,S,員工薪資,平均薪資,,仟元,2018,959
52353530,S,員工薪資,平均薪資,,仟元,2018,677
86985605,S,員工薪資,平均薪資,,仟元,2018,536
16755427,S,員工薪資,平均薪資,,仟元,2018,696
80621419,S,員工薪資,平均薪資,,仟元,2018,502
23503047,S,員工薪資,平均薪資,,仟元,2018,897
22546808,S,員工薪資,平均薪資,,仟元,2018,432
66402912,S,員工薪資,平均薪資,,仟元,2018,506
89855649,S,員工薪資,平均薪資,,仟元,2018,522
86070187,S,員工薪資,平均薪資,,仟元,2018,373
22479934,S,員工薪資,平均薪資,,仟元,2018,459
11026506,S,員工薪資,平均薪資,,仟元,2018,627
86406401,S,員工薪資,平均薪資,,仟元,2018,425
43938484,S,員工薪資,平均薪資,,仟元,2018,758
75940820,S,員工薪資,平均薪資,,仟元,2018,505
22193115,S,員工薪資,平均薪資,,仟元,2018,407
05087498,S,員工薪資,平均薪資,,仟元,2018,682
12499995,S,員工薪資,平均薪資,,仟元,2018,642
52811070,S,員工薪資,平均薪資,,仟元,2018,1043
55878947,S,員工薪資,平均薪資,,仟元,2018,539
59260902,S,員工薪資,平均薪資,,仟元,2018,380
04416894,S,員工薪資,平均薪資,,仟元,2018,821
55857746,S,員工薪資,平均薪資,,仟元,2018,598
55848584,S,員工薪資,平均薪資,,仟元,2018,578
22522361,S,員工薪資,平均薪資,,仟元,2018,631
88120872,S,員工薪資,平均薪資,,仟元,2018,674
22551554,S,員工薪資,平均薪資,,仟元,2018,780
52604255,S,員工薪資,平均薪資,,仟元,2018,619
36243760,S,員工薪資,平均薪資,,仟元,2018,469
23603284,S,員工薪資,平均薪資,,仟元,2018,864
36096704,S,員工薪資,平均薪資,,仟元,2018,661
84189908,S,員工薪資,平均薪資,,仟元,2018,491
22794503,S,員工薪資,平均薪資,,仟元,2018,451
60256758,S,員工薪資,平均薪資,,仟元,2018,673
29168533,S,員工薪資,平均薪資,,仟元,2018,567
22212598,S,員工薪資,平均薪資,,仟元,2018,465
80132123,S,員工薪資,平均薪資,,仟元,2018,558
84271478,S,員工薪資,平均薪資,,仟元,2018,723
22301178,S,員工薪資,平均薪資,,仟元,2018,469
59362767,S,員工薪資,平均薪資,,仟元,2018,534
28919500,S,員工薪資,平均薪資,,仟元,2018,538
86195222,S,員工薪資,平均薪資,,仟元,2018,970
24262159,S,員工薪資,平均薪資,,仟元,2018,711
54705928,S,員工薪資,平均薪資,,仟元,2018,731
05114306,S,員工薪資,平均薪資,,仟元,2018,764
22994919,S,員工薪資,平均薪資,,仟元,2018,778
86122164,S,員工薪資,平均薪資,,仟元,2018,487
44549792,S,員工薪資,平均薪資,,仟元,2018,729
22101002,S,員工薪資,平均薪資,,仟元,2018,653
16264415,S,員工薪資,平均薪資,,仟元,2018,883
16359284,S,員工薪資,平均薪資,,仟元,2018,591
04431804,S,員工薪資,平均薪資,,仟元,2018,519
16748101,S,員工薪資,平均薪資,,仟元,2018,667
12486062,S,員工薪資,平均薪資,,仟元,2018,837
35319185,S,員工薪資,平均薪資,,仟元,2018,741
73707377,S,員工薪資,平均薪資,,仟元,2018,583
23556563,G,資本額,資本額,,元,2020,820663940
23556563,G,資本額,資本額,,元,2019,820663940
66402912,G,資本額,資本額,,元,2020,451381770
66402912,G,資本額,資本額,,元,2019,451381770
22794503,G,資本額,資本額,,元,2020,756617400
22794503,G,資本額,資本額,,元,2019,756617400
86985605,G,資本額,資本額,,元,2020,858419540
86985605,G,資本額,資本額,,元,2019,858419540
23209895,G,資本額,資本額,,元,2020,441000000
23209895,G,資本額,資本額,,元,2019,441000000
89338287,G,資本額,資本額,,元,2020,326965800
89338287,G,資本額,資本額,,元,2019,326965800
59260902,G,資本額,資本額,,元,2020,392633260
59260902,G,資本額,資本額,,元,2019,392633260
59008318,G,資本額,資本額,,元,2020,2278250000
59008318,G,資本額,資本額,,元,2019,2278250000
58303609,G,資本額,資本額,,元,2020,1685554000
58303609,G,資本額,資本額,,元,2019,1685554000
59362767,G,資本額,資本額,,元,2020,585216190
59362767,G,資本額,資本額,,元,2019,585216190
55878947,G,資本額,資本額,,元,2020,581116860
55878947,G,資本額,資本額,,元,2019,581116860
60256758,G,資本額,資本額,,元,2020,504560000
60256758,G,資本額,資本額,,元,2019,504560000
35309102,G,資本額,資本額,,元,2020,976237830
35309102,G,資本額,資本額,,元,2019,976237830
12486062,G,資本額,資本額,,元,2020,1122254870
12486062,G,資本額,資本額,,元,2019,1122254870
33029464,G,資本額,資本額,,元,2020,4200000000
33029464,G,資本額,資本額,,元,2019,4200000000
54705928,G,資本額,資本額,,元,2020,302705000
54705928,G,資本額,資本額,,元,2019,302705000
35945095,G,資本額,資本額,,元,2020,441000000
35945095,G,資本額,資本額,,元,2019,441000000
12461082,G,資本額,資本額,,元,2020,485316340
12461082,G,資本額,資本額,,元,2019,485316340
36253534,G,資本額,資本額,,元,2020,515008000
36253534,G,資本額,資本額,,元,2019,515008000
97214507,G,資本額,資本額,,元,2020,170500000
97214507,G,資本額,資本額,,元,2019,170500000
15877936,G,資本額,資本額,,元,2020,391320000
15877936,G,資本額,資本額,,元,2019,391320000
80132123,G,資本額,資本額,,元,2020,444778690
80132123,G,資本額,資本額,,元,2019,444778690
16264415,G,資本額,資本額,,元,2020,351331930
16264415,G,資本額,資本額,,元,2019,351331930
12499995,G,資本額,資本額,,元,2020,264000000
12499995,G,資本額,資本額,,元,2019,264000000
29168533,G,資本額,資本額,,元,2020,941780000
29168533,G,資本額,資本額,,元,2019,941780000
54297090,G,資本額,資本額,,元,2020,273350000
54297090,G,資本額,資本額,,元,2019,273350000
24262159,G,資本額,資本額,,元,2020,716483040
24262159,G,資本額,資本額,,元,2019,716483040
22301178,G,資本額,資本額,,元,2020,669926170
22301178,G,資本額,資本額,,元,2019,669926170
03089008,G,資本額,資本額,,元,2020,1417780000
03089008,G,資本額,資本額,,元,2019,1417780000
22224692,G,資本額,資本額,,元,2020,965941710
22224692,G,資本額,資本額,,元,2019,965941710
44947686,G,資本額,資本額,,元,2020,264105510
44947686,G,資本額,資本額,,元,2019,264105510
35319185,G,資本額,資本額,,元,2020,893840800
35319185,G,資本額,資本額,,元,2019,893840800
22994919,G,資本額,資本額,,元,2020,436020000
22994919,G,資本額,資本額,,元,2019,436020000
16439631,G,資本額,資本額,,元,2020,172147710
16439631,G,資本額,資本額,,元,2019,172147710
33284077,G,資本額,資本額,,元,2020,2610585000
33284077,G,資本額,資本額,,元,2019,2610585000
43938484,G,資本額,資本額,,元,2020,801341160
43938484,G,資本額,資本額,,元,2019,801341160
27579308,G,資本額,資本額,,元,2020,1009228750
27579308,G,資本額,資本額,,元,2019,1009228750
44549792,G,資本額,資本額,,元,2020,724562460
44549792,G,資本額,資本額,,元,2019,724562460
86406401,G,資本額,資本額,,元,2020,765313420
86406401,G,資本額,資本額,,元,2019,765313420
35924015,G,資本額,資本額,,元,2020,296020000
35924015,G,資本額,資本額,,元,2019,296020000
11099726,G,資本額,資本額,,元,2020,600000000
11099726,G,資本額,資本額,,元,2019,600000000
16748101,G,資本額,資本額,,元,2020,914570000
16748101,G,資本額,資本額,,元,2019,914570000
22522361,G,資本額,資本額,,元,2020,640000000
22522361,G,資本額,資本額,,元,2019,640000000
23603284,G,資本額,資本額,,元,2020,5049151050
23603284,G,資本額,資本額,,元,2019,5049151050
36096704,G,資本額,資本額,,元,2020,1584341100
36096704,G,資本額,資本額,,元,2019,1584341100
22479934,G,資本額,資本額,,元,2020,358780000
22479934,G,資本額,資本額,,元,2019,358780000
42643271,G,資本額,資本額,,元,2020,900000000
42643271,G,資本額,資本額,,元,2019,900000000
52757548,G,資本額,資本額,,元,2020,310200000
52757548,G,資本額,資本額,,元,2019,310200000
23503047,G,資本額,資本額,,元,2020,3407922400
23503047,G,資本額,資本額,,元,2019,3407922400
97413843,G,資本額,資本額,,元,2020,1198018480
97413843,G,資本額,資本額,,元,2019,1198018480
83599094,G,資本額,資本額,,元,2020,537900000
83599094,G,資本額,資本額,,元,2019,537900000
23248433,G,資本額,資本額,,元,2020,788000000
23248433,G,資本額,資本額,,元,2019,788000000
86195222,G,資本額,資本額,,元,2020,549500000
86195222,G,資本額,資本額,,元,2019,549500000
55759180,G,資本額,資本額,,元,2020,1814735000
55759180,G,資本額,資本額,,元,2019,1814735000
55848584,G,資本額,資本額,,元,2020,768803000
55848584,G,資本額,資本額,,元,2019,768803000
55857746,G,資本額,資本額,,元,2020,1080106890
55857746,G,資本額,資本額,,元,2019,1080106890
55942764,G,資本額,資本額,,元,2020,600000000
55942764,G,資本額,資本額,,元,2019,600000000
55754185,G,資本額,資本額,,元,2020,650000000
55754185,G,資本額,資本額,,元,2019,650000000
52646207,G,資本額,資本額,,元,2020,700000000
52646207,G,資本額,資本額,,元,2019,700000000
23903228,G,資本額,資本額,,元,2020,204000000
23903228,G,資本額,資本額,,元,2019,204000000
97532545,G,資本額,資本額,,元,2020,391810000
97532545,G,資本額,資本額,,元,2019,391810000
52903090,G,資本額,資本額,,元,2020,854736000
52903090,G,資本額,資本額,,元,2019,854736000
52604255,G,資本額,資本額,,元,2020,765142680
52604255,G,資本額,資本額,,元,2019,765142680
20982120,G,資本額,資本額,,元,2020,1385706400
20982120,G,資本額,資本額,,元,2019,1385706400
52353530,G,資本額,資本額,,元,2020,1104003720
52353530,G,資本額,資本額,,元,2019,1104003720
70647919,G,資本額,資本額,,元,2020,729283000
70647919,G,資本額,資本額,,元,2019,729283000
52811070,G,資本額,資本額,,元,2020,795740000
52811070,G,資本額,資本額,,元,2019,795740000
53823551,G,資本額,資本額,,元,2020,587100000
53823551,G,資本額,資本額,,元,2019,587100000
28068917,G,資本額,資本額,,元,2020,405559100
28068917,G,資本額,資本額,,元,2019,405559100
11026506,G,資本額,資本額,,元,2020,23395366850
11026506,G,資本額,資本額,,元,2019,23395366850
36243760,G,資本額,資本額,,元,2020,494372760
36243760,G,資本額,資本額,,元,2019,494372760
04416894,G,資本額,資本額,,元,2020,1770120000
04416894,G,資本額,資本額,,元,2019,1770120000
05087498,G,資本額,資本額,,元,2020,380417480
05087498,G,資本額,資本額,,元,2019,380417480
05114306,G,資本額,資本額,,元,2020,707909610
05114306,G,資本額,資本額,,元,2019,707909610
53729177,G,資本額,資本額,,元,2020,2750000000
53729177,G,資本額,資本額,,元,2019,2750000000
84271478,G,資本額,資本額,,元,2020,378387830
84271478,G,資本額,資本額,,元,2019,378387830
11332202,G,資本額,資本額,,元,2020,21387966160
11332202,G,資本額,資本額,,元,2019,21387966160
03213392,G,資本額,資本額,,元,2020,2283266720
03213392,G,資本額,資本額,,元,2019,2283266720
11039306,G,資本額,資本額,,元,2020,5800000000
11039306,G,資本額,資本額,,元,2019,5800000000
11551634,G,資本額,資本額,,元,2020,1993310000
11551634,G,資本額,資本額,,元,2019,1993310000
03474311,G,資本額,資本額,,元,2020,3761221120
03474311,G,資本額,資本額,,元,2019,3761221120
11824327,G,資本額,資本額,,元,2020,425250000
11824327,G,資本額,資本額,,元,2019,425250000
53666460,G,資本額,資本額,,元,2020,8677000000
53666460,G,資本額,資本額,,元,2019,8677000000
29538509,G,資本額,資本額,,元,2020,1836080800
29538509,G,資本額,資本額,,元,2019,1836080800
68193807,G,資本額,資本額,,元,2020,1791617510
68193807,G,資本額,資本額,,元,2019,1791617510
34211074,G,資本額,資本額,,元,2020,1359679820
34211074,G,資本額,資本額,,元,2019,1359679820
28919500,G,資本額,資本額,,元,2020,875460000
28919500,G,資本額,資本額,,元,2019,875460000
16359284,G,資本額,資本額,,元,2020,750000000
16359284,G,資本額,資本額,,元,2019,750000000
86070187,G,資本額,資本額,,元,2020,399131940
86070187,G,資本額,資本額,,元,2019,399131940
80621419,G,資本額,資本額,,元,2020,754997640
80621419,G,資本額,資本額,,元,2019,754997640
16755427,G,資本額,資本額,,元,2020,811875490
16755427,G,資本額,資本額,,元,2019,811875490
04431804,G,資本額,資本額,,元,2020,685735000
04431804,G,資本額,資本額,,元,2019,685735000
73707377,G,資本額,資本額,,元,2020,749000000
73707377,G,資本額,資本額,,元,2019,749000000
69777435,G,資本額,資本額,,元,2020,247800000
69777435,G,資本額,資本額,,元,2019,247800000
22193115,G,資本額,資本額,,元,2020,644305730
22193115,G,資本額,資本額,,元,2019,644305730
86122164,G,資本額,資本額,,元,2020,1494387800
86122164,G,資本額,資本額,,元,2019,1494387800
22212598,G,資本額,資本額,,元,2020,569700000
22212598,G,資本額,資本額,,元,2019,569700000
84189908,G,資本額,資本額,,元,2020,867889480
84189908,G,資本額,資本額,,元,2019,867889480
84980915,G,資本額,資本額,,元,2020,1988374000
84980915,G,資本額,資本額,,元,2019,1988374000
23019109,G,資本額,資本額,,元,2020,1827883030
23019109,G,資本額,資本額,,元,2019,1827883030
64998780,G,資本額,資本額,,元,2020,368000000
64998780,G,資本額,資本額,,元,2019,368000000
23830154,G,資本額,資本額,,元,2020,358000000
23830154,G,資本額,資本額,,元,2019,358000000
75940820,G,資本額,資本額,,元,2020,450500000
75940820,G,資本額,資本額,,元,2019,450500000
84252401,G,資本額,資本額,,元,2020,1237425520
84252401,G,資本額,資本額,,元,2019,1237425520
70849653,G,資本額,資本額,,元,2020,200220000
70849653,G,資本額,資本額,,元,2019,200220000
22546808,G,資本額,資本額,,元,2020,365028700
22546808,G,資本額,資本額,,元,2019,365028700
04938839,G,資本額,資本額,,元,2020,302000000
04938839,G,資本額,資本額,,元,2019,302000000
85721346,G,資本額,資本額,,元,2020,602900000
85721346,G,資本額,資本額,,元,2019,602900000
22540430,G,資本額,資本額,,元,2020,339250450
22540430,G,資本額,資本額,,元,2019,339250450
22551554,G,資本額,資本額,,元,2020,761523700
22551554,G,資本額,資本額,,元,2019,761523700
89855649,G,資本額,資本額,,元,2020,357828000
89855649,G,資本額,資本額,,元,2019,357828000
22101002,G,資本額,資本額,,元,2020,1000475890
22101002,G,資本額,資本額,,元,2019,1000475890
88120872,G,資本額,資本額,,元,2020,2548264610
88120872,G,資本額,資本額,,元,2019,2548264610
16696080,G,資本額,資本額,,元,2020,135000000
16696080,G,資本額,資本額,,元,2019,135000000
11039306,G,營運狀況,營業收入,,仟元,2020,25684003
11039306,G,營運狀況,營業成本,,仟元,2020,20945818
11039306,G,營運狀況,營業費用,,仟元,2020,2784055
11039306,G,營運狀況,淨利,,仟元,2020,1596946
11332202,G,營運狀況,營業收入,,仟元,2020,45823430
11332202,G,營運狀況,營業成本,,仟元,2020,35066082
11332202,G,營運狀況,營業費用,,仟元,2020,7222036
11332202,G,營運狀況,淨利,,仟元,2020,3811648
68193807,G,營運狀況,營業收入,,仟元,2020,855851
68193807,G,營運狀況,營業成本,,仟元,2020,837273
68193807,G,營運狀況,營業費用,,仟元,2020,230985
68193807,G,營運狀況,淨利,,仟元,2020,-370361
33029464,G,營運狀況,營業收入,,仟元,2020,15390789
33029464,G,營運狀況,營業成本,,仟元,2020,12105150
33029464,G,營運狀況,營業費用,,仟元,2020,1564666
33029464,G,營運狀況,淨利,,仟元,2020,1551301
03213392,G,營運狀況,營業收入,,仟元,2020,5113892
03213392,G,營運狀況,營業成本,,仟元,2020,4209656
03213392,G,營運狀況,營業費用,,仟元,2020,555092
03213392,G,營運狀況,淨利,,仟元,2020,320145
55759180,G,營運狀況,營業收入,,仟元,2020,11374207
55759180,G,營運狀況,營業成本,,仟元,2020,9403085
55759180,G,營運狀況,營業費用,,仟元,2020,815056
55759180,G,營運狀況,淨利,,仟元,2020,822190
59008318,G,營運狀況,營業收入,,仟元,2020,3383919
59008318,G,營運狀況,營業成本,,仟元,2020,2863070
59008318,G,營運狀況,營業費用,,仟元,2020,384004
59008318,G,營運狀況,淨利,,仟元,2020,202305
33284077,G,營運狀況,營業收入,,仟元,2020,8471592
33284077,G,營運狀況,營業成本,,仟元,2020,7117542
33284077,G,營運狀況,營業費用,,仟元,2020,879957
33284077,G,營運狀況,淨利,,仟元,2020,457514
11099726,G,營運狀況,營業收入,,仟元,2020,1246649
11099726,G,營運狀況,營業成本,,仟元,2020,965375
11099726,G,營運狀況,營業費用,,仟元,2020,149010
11099726,G,營運狀況,淨利,,仟元,2020,178317
20982120,G,營運狀況,營業收入,,仟元,2020,3589313
20982120,G,營運狀況,營業成本,,仟元,2020,2680365
20982120,G,營運狀況,營業費用,,仟元,2020,357567
20982120,G,營運狀況,淨利,,仟元,2020,406950
11551634,G,營運狀況,營業收入,,仟元,2020,3210946
11551634,G,營運狀況,營業成本,,仟元,2020,2356460
11551634,G,營運狀況,營業費用,,仟元,2020,986227
11551634,G,營運狀況,淨利,,仟元,2020,-118019
34211074,G,營運狀況,營業收入,,仟元,2020,609148
34211074,G,營運狀況,營業成本,,仟元,2020,500377
34211074,G,營運狀況,營業費用,,仟元,2020,38756
34211074,G,營運狀況,淨利,,仟元,2020,62077
22224692,G,營運狀況,營業收入,,仟元,2020,3093583
22224692,G,營運狀況,營業成本,,仟元,2020,2612792
22224692,G,營運狀況,營業費用,,仟元,2020,444667
22224692,G,營運狀況,淨利,,仟元,2020,594202
29538509,G,營運狀況,營業收入,,仟元,2020,1609928
29538509,G,營運狀況,營業成本,,仟元,2020,1409043
29538509,G,營運狀況,營業費用,,仟元,2020,280881
29538509,G,營運狀況,淨利,,仟元,2020,-55089
03474311,G,營運狀況,營業收入,,仟元,2020,13125899
03474311,G,營運狀況,營業成本,,仟元,2020,9827107
03474311,G,營運狀況,營業費用,,仟元,2020,2008880
03474311,G,營運狀況,淨利,,仟元,2020,791441
84252401,G,營運狀況,營業收入,,仟元,2020,8836360
84252401,G,營運狀況,營業成本,,仟元,2020,8318011
84252401,G,營運狀況,營業費用,,仟元,2020,439240
84252401,G,營運狀況,淨利,,仟元,2020,197435
23556563,G,營運狀況,營業收入,,仟元,2020,7119214
23556563,G,營運狀況,營業成本,,仟元,2020,5464078
23556563,G,營運狀況,營業費用,,仟元,2020,455690
23556563,G,營運狀況,淨利,,仟元,2020,879196
44947686,G,營運狀況,營業收入,,仟元,2020,275762
44947686,G,營運狀況,營業成本,,仟元,2020,241401
44947686,G,營運狀況,營業費用,,仟元,2020,118412
44947686,G,營運狀況,淨利,,仟元,2020,-12302
52646207,G,營運狀況,營業收入,,仟元,2020,2293323
52646207,G,營運狀況,營業成本,,仟元,2020,2075948
52646207,G,營運狀況,營業費用,,仟元,2020,93993
52646207,G,營運狀況,淨利,,仟元,2020,-18592
52903090,G,營運狀況,營業收入,,仟元,2020,311106
52903090,G,營運狀況,營業成本,,仟元,2020,267769
52903090,G,營運狀況,營業費用,,仟元,2020,50791
52903090,G,營運狀況,淨利,,仟元,2020,-20657
23248433,G,營運狀況,營業收入,,仟元,2020,5271945
23248433,G,營運狀況,營業成本,,仟元,2020,4205170
23248433,G,營運狀況,營業費用,,仟元,2020,381368
23248433,G,營運狀況,淨利,,仟元,2020,456555
11824327,G,營運狀況,營業收入,,仟元,2020,8794242
11824327,G,營運狀況,營業成本,,仟元,2020,7607378
11824327,G,營運狀況,營業費用,,仟元,2020,873959
11824327,G,營運狀況,淨利,,仟元,2020,227239
58303609,G,營運狀況,營業收入,,仟元,2020,4310030
58303609,G,營運狀況,營業成本,,仟元,2020,3329392
58303609,G,營運狀況,營業費用,,仟元,2020,927233
58303609,G,營運狀況,淨利,,仟元,2020,178643
55754185,G,營運狀況,營業收入,,仟元,2020,6965819
55754185,G,營運狀況,營業成本,,仟元,2020,5005807
55754185,G,營運狀況,營業費用,,仟元,2020,770043
55754185,G,營運狀況,淨利,,仟元,2020,845641
03089008,G,營運狀況,營業收入,,仟元,2020,5156550
03089008,G,營運狀況,營業成本,,仟元,2020,3609958
03089008,G,營運狀況,營業費用,,仟元,2020,839619
03089008,G,營運狀況,淨利,,仟元,2020,539476
84980915,G,營運狀況,營業收入,,仟元,2020,5441855
84980915,G,營運狀況,營業成本,,仟元,2020,4449997
84980915,G,營運狀況,營業費用,,仟元,2020,610714
84980915,G,營運狀況,淨利,,仟元,2020,222276
52353530,G,營運狀況,營業收入,,仟元,2020,5205033
52353530,G,營運狀況,營業成本,,仟元,2020,4244029
52353530,G,營運狀況,營業費用,,仟元,2020,902514
52353530,G,營運狀況,淨利,,仟元,2020,685775
41048746,G,營運狀況,營業收入,,仟元,2020,8184273
41048746,G,營運狀況,營業成本,,仟元,2020,6394486
41048746,G,營運狀況,營業費用,,仟元,2020,1245087
41048746,G,營運狀況,淨利,,仟元,2020,516530
53666460,G,營運狀況,營業收入,,仟元,2020,19103001
53666460,G,營運狀況,營業成本,,仟元,2020,9649868
53666460,G,營運狀況,營業費用,,仟元,2020,3488936
53666460,G,營運狀況,淨利,,仟元,2020,4844203
04938839,G,營運狀況,營業收入,,仟元,2020,729669
04938839,G,營運狀況,營業成本,,仟元,2020,645617
04938839,G,營運狀況,營業費用,,仟元,2020,31989
04938839,G,營運狀況,淨利,,仟元,2020,40963
16755427,G,營運狀況,營業收入,,仟元,2020,1381885
16755427,G,營運狀況,營業成本,,仟元,2020,815950
16755427,G,營運狀況,營業費用,,仟元,2020,289566
16755427,G,營運狀況,淨利,,仟元,2020,203095
23503047,G,營運狀況,營業收入,,仟元,2020,21266659
23503047,G,營運狀況,營業成本,,仟元,2020,15476252
23503047,G,營運狀況,營業費用,,仟元,2020,4057933
23503047,G,營運狀況,淨利,,仟元,2020,1698779
64998780,G,營運狀況,營業收入,,仟元,2020,1019581
64998780,G,營運狀況,營業成本,,仟元,2020,897393
64998780,G,營運狀況,營業費用,,仟元,2020,109194
64998780,G,營運狀況,淨利,,仟元,2020,2133
27579308,G,營運狀況,營業收入,,仟元,2020,341327
27579308,G,營運狀況,營業成本,,仟元,2020,403059
27579308,G,營運狀況,營業費用,,仟元,2020,105035
27579308,G,營運狀況,淨利,,仟元,2020,-153977
16696080,G,營運狀況,營業收入,,仟元,2020,354201
16696080,G,營運狀況,營業成本,,仟元,2020,238974
16696080,G,營運狀況,營業費用,,仟元,2020,73188
16696080,G,營運狀況,淨利,,仟元,2020,30834
53823551,G,營運狀況,營業收入,,仟元,2020,205246
53823551,G,營運狀況,營業成本,,仟元,2020,182693
53823551,G,營運狀況,營業費用,,仟元,2020,189789
53823551,G,營運狀況,淨利,,仟元,2020,-148484
73676873,G,營運狀況,營業收入,,仟元,2020,694217
73676873,G,營運狀況,營業成本,,仟元,2020,557639
73676873,G,營運狀況,營業費用,,仟元,2020,164367
73676873,G,營運狀況,淨利,,仟元,2020,-5467
70849653,G,營運狀況,營業收入,,仟元,2020,1784624
70849653,G,營運狀況,營業成本,,仟元,2020,1531181
70849653,G,營運狀況,營業費用,,仟元,2020,130766
70849653,G,營運狀況,淨利,,仟元,2020,95628
11026506,G,營運狀況,營業收入,,仟元,2020,31641355
11026506,G,營運狀況,營業成本,,仟元,2020,25312819
11026506,G,營運狀況,營業費用,,仟元,2020,7640215
11026506,G,營運狀況,淨利,,仟元,2020,-4988030
43938484,G,營運狀況,營業收入,,仟元,2020,2427607
43938484,G,營運狀況,營業成本,,仟元,2020,1711540
43938484,G,營運狀況,營業費用,,仟元,2020,513245
43938484,G,營運狀況,淨利,,仟元,2020,415518
88120872,G,營運狀況,營業收入,,仟元,2020,7778541
88120872,G,營運狀況,營業成本,,仟元,2020,6670664
88120872,G,營運狀況,營業費用,,仟元,2020,1778005
88120872,G,營運狀況,淨利,,仟元,2020,-396709
23603284,G,營運狀況,營業收入,,仟元,2020,19319962
23603284,G,營運狀況,營業成本,,仟元,2020,17019887
23603284,G,營運狀況,營業費用,,仟元,2020,1480270
23603284,G,營運狀況,淨利,,仟元,2020,722644
53729177,G,營運狀況,營業收入,,仟元,2020,514776
53729177,G,營運狀況,營業成本,,仟元,2020,499476
53729177,G,營運狀況,營業費用,,仟元,2020,117965
53729177,G,營運狀況,淨利,,仟元,2020,-135626
29168533,G,營運狀況,營業收入,,仟元,2020,2740221
29168533,G,營運狀況,營業成本,,仟元,2020,2140694
29168533,G,營運狀況,營業費用,,仟元,2020,413832
29168533,G,營運狀況,淨利,,仟元,2020,91424
85721346,G,營運狀況,營業收入,,仟元,2020,1221097
85721346,G,營運狀況,營業成本,,仟元,2020,961488
85721346,G,營運狀況,營業費用,,仟元,2020,214768
85721346,G,營運狀況,淨利,,仟元,2020,56931
22540430,G,營運狀況,營業收入,,仟元,2020,799011
22540430,G,營運狀況,營業成本,,仟元,2020,751333
22540430,G,營運狀況,營業費用,,仟元,2020,162280
22540430,G,營運狀況,淨利,,仟元,2020,-99312
51016510,G,營運狀況,營業收入,,仟元,2020,4384823
51016510,G,營運狀況,營業成本,,仟元,2020,3479236
51016510,G,營運狀況,營業費用,,仟元,2020,508092
51016510,G,營運狀況,淨利,,仟元,2020,257784
52757548,G,營運狀況,營業收入,,仟元,2020,569301
52757548,G,營運狀況,營業成本,,仟元,2020,466175
52757548,G,營運狀況,營業費用,,仟元,2020,96047
52757548,G,營運狀況,淨利,,仟元,2020,5723
22301178,G,營運狀況,營業收入,,仟元,2020,1582138
22301178,G,營運狀況,營業成本,,仟元,2020,1039214
22301178,G,營運狀況,營業費用,,仟元,2020,378424
22301178,G,營運狀況,淨利,,仟元,2020,142372
23209895,G,營運狀況,營業收入,,仟元,2020,1396356
23209895,G,營運狀況,營業成本,,仟元,2020,1217126
23209895,G,營運狀況,營業費用,,仟元,2020,65396
23209895,G,營運狀況,淨利,,仟元,2020,89440
55942764,G,營運狀況,營業收入,,仟元,2020,1114862
55942764,G,營運狀況,營業成本,,仟元,2020,873900
55942764,G,營運狀況,營業費用,,仟元,2020,207911
55942764,G,營運狀況,淨利,,仟元,2020,36175
50721361,G,營運狀況,營業收入,,仟元,2020,1257464
50721361,G,營運狀況,營業成本,,仟元,2020,801718
50721361,G,營運狀況,營業費用,,仟元,2020,330240
50721361,G,營運狀況,淨利,,仟元,2020,76196
28919500,G,營運狀況,營業收入,,仟元,2020,658110
28919500,G,營運狀況,營業成本,,仟元,2020,506431
28919500,G,營運狀況,營業費用,,仟元,2020,286477
28919500,G,營運狀況,淨利,,仟元,2020,-152490
23019109,G,營運狀況,營業收入,,仟元,2020,2062150
23019109,G,營運狀況,營業成本,,仟元,2020,1500217
23019109,G,營運狀況,營業費用,,仟元,2020,162435
23019109,G,營運狀況,淨利,,仟元,2020,298017
35945095,G,營運狀況,營業收入,,仟元,2020,1318129
35945095,G,營運狀況,營業成本,,仟元,2020,921039
35945095,G,營運狀況,營業費用,,仟元,2020,120814
35945095,G,營運狀況,淨利,,仟元,2020,212729
24262159,G,營運狀況,營業收入,,仟元,2020,3515226
24262159,G,營運狀況,營業成本,,仟元,2020,2771931
24262159,G,營運狀況,營業費用,,仟元,2020,589486
24262159,G,營運狀況,淨利,,仟元,2020,99881
85282254,G,營運狀況,營業收入,,仟元,2020,2065404
85282254,G,營運狀況,營業成本,,仟元,2020,1399020
85282254,G,營運狀況,營業費用,,仟元,2020,319870
85282254,G,營運狀況,淨利,,仟元,2020,285393
23830154,G,營運狀況,營業收入,,仟元,2020,350169
23830154,G,營運狀況,營業成本,,仟元,2020,245186
23830154,G,營運狀況,營業費用,,仟元,2020,57502
23830154,G,營運狀況,淨利,,仟元,2020,32788
89338287,G,營運狀況,營業收入,,仟元,2020,512857
89338287,G,營運狀況,營業成本,,仟元,2020,339037
89338287,G,營運狀況,營業費用,,仟元,2020,170216
89338287,G,營運狀況,淨利,,仟元,2020,3319
97532545,G,營運狀況,營業收入,,仟元,2020,943295
97532545,G,營運狀況,營業成本,,仟元,2020,713957
97532545,G,營運狀況,營業費用,,仟元,2020,241787
97532545,G,營運狀況,淨利,,仟元,2020,29135
97413843,G,營運狀況,營業收入,,仟元,2020,2451961
97413843,G,營運狀況,營業成本,,仟元,2020,1612212
97413843,G,營運狀況,營業費用,,仟元,2020,651409
97413843,G,營運狀況,淨利,,仟元,2020,153555
23903228,G,營運狀況,營業收入,,仟元,2020,624335
23903228,G,營運狀況,營業成本,,仟元,2020,461911
23903228,G,營運狀況,營業費用,,仟元,2020,161611
23903228,G,營運狀況,淨利,,仟元,2020,3302
70647919,G,營運狀況,營業收入,,仟元,2020,2842043
70647919,G,營運狀況,營業成本,,仟元,2020,1504965
70647919,G,營運狀況,營業費用,,仟元,2020,483019
70647919,G,營運狀況,淨利,,仟元,2020,689184
38582821,G,營運狀況,營業收入,,仟元,2020,4658907
38582821,G,營運狀況,營業成本,,仟元,2020,3751757
38582821,G,營運狀況,營業費用,,仟元,2020,292613
38582821,G,營運狀況,淨利,,仟元,2020,553202
35309102,G,營運狀況,營業收入,,仟元,2020,708098
35309102,G,營運狀況,營業成本,,仟元,2020,442899
35309102,G,營運狀況,營業費用,,仟元,2020,185284
35309102,G,營運狀況,淨利,,仟元,2020,344849
97214507,G,營運狀況,營業收入,,仟元,2020,275699
97214507,G,營運狀況,營業成本,,仟元,2020,189472
97214507,G,營運狀況,營業費用,,仟元,2020,84274
97214507,G,營運狀況,淨利,,仟元,2020,4639
83599094,G,營運狀況,營業收入,,仟元,2020,354957
83599094,G,營運狀況,營業成本,,仟元,2020,274795
83599094,G,營運狀況,營業費用,,仟元,2020,37404
83599094,G,營運狀況,淨利,,仟元,2020,31236
04431804,G,營運狀況,營業收入,,仟元,2020,397072
04431804,G,營運狀況,營業成本,,仟元,2020,364438
04431804,G,營運狀況,營業費用,,仟元,2020,89631
04431804,G,營運狀況,淨利,,仟元,2020,-39467
12486062,G,營運狀況,營業收入,,仟元,2020,2754448
12486062,G,營運狀況,營業成本,,仟元,2020,2274067
12486062,G,營運狀況,營業費用,,仟元,2020,355192
12486062,G,營運狀況,淨利,,仟元,2020,87180
35319185,G,營運狀況,營業收入,,仟元,2020,2076359
35319185,G,營運狀況,營業成本,,仟元,2020,1547977
35319185,G,營運狀況,營業費用,,仟元,2020,358103
35319185,G,營運狀況,淨利,,仟元,2020,112524
11039306,G,營運狀況,營業收入,,仟元,2019,26038773
11039306,G,營運狀況,營業成本,,仟元,2019,21158960
11039306,G,營運狀況,營業費用,,仟元,2019,3017056
11039306,G,營運狀況,淨利,,仟元,2019,1738935
11332202,G,營運狀況,營業收入,,仟元,2019,47909358
11332202,G,營運狀況,營業成本,,仟元,2019,36428606
11332202,G,營運狀況,營業費用,,仟元,2019,7945204
11332202,G,營運狀況,淨利,,仟元,2019,3518780
68193807,G,營運狀況,營業收入,,仟元,2019,1176513
68193807,G,營運狀況,營業成本,,仟元,2019,1103551
68193807,G,營運狀況,營業費用,,仟元,2019,348518
68193807,G,營運狀況,淨利,,仟元,2019,-367129
33029464,G,營運狀況,營業收入,,仟元,2019,12377516
33029464,G,營運狀況,營業成本,,仟元,2019,10312001
33029464,G,營運狀況,營業費用,,仟元,2019,1410237
33029464,G,營運狀況,淨利,,仟元,2019,638788
03213392,G,營運狀況,營業收入,,仟元,2019,4819154
03213392,G,營運狀況,營業成本,,仟元,2019,3979225
03213392,G,營運狀況,營業費用,,仟元,2019,562985
03213392,G,營運狀況,淨利,,仟元,2019,297423
55759180,G,營運狀況,營業收入,,仟元,2019,7902085
55759180,G,營運狀況,營業成本,,仟元,2019,6329674
55759180,G,營運狀況,營業費用,,仟元,2019,878687
55759180,G,營運狀況,淨利,,仟元,2019,1272362
59008318,G,營運狀況,營業收入,,仟元,2019,2999007
59008318,G,營運狀況,營業成本,,仟元,2019,2669099
59008318,G,營運狀況,營業費用,,仟元,2019,413142
59008318,G,營運狀況,淨利,,仟元,2019,15965
33284077,G,營運狀況,營業收入,,仟元,2019,7176598
33284077,G,營運狀況,營業成本,,仟元,2019,6049898
33284077,G,營運狀況,營業費用,,仟元,2019,795645
33284077,G,營運狀況,淨利,,仟元,2019,415149
11099726,G,營運狀況,營業收入,,仟元,2019,1133401
11099726,G,營運狀況,營業成本,,仟元,2019,860171
11099726,G,營運狀況,營業費用,,仟元,2019,161655
11099726,G,營運狀況,淨利,,仟元,2019,80119
20982120,G,營運狀況,營業收入,,仟元,2019,3464083
20982120,G,營運狀況,營業成本,,仟元,2019,2478605
20982120,G,營運狀況,營業費用,,仟元,2019,408969
20982120,G,營運狀況,淨利,,仟元,2019,573554
11551634,G,營運狀況,營業收入,,仟元,2019,4160545
11551634,G,營運狀況,營業成本,,仟元,2019,3140516
11551634,G,營運狀況,營業費用,,仟元,2019,1308831
11551634,G,營運狀況,淨利,,仟元,2019,-273051
34211074,G,營運狀況,營業收入,,仟元,2019,793729
34211074,G,營運狀況,營業成本,,仟元,2019,715898
34211074,G,營運狀況,營業費用,,仟元,2019,36401
34211074,G,營運狀況,淨利,,仟元,2019,42697
22224692,G,營運狀況,營業收入,,仟元,2019,3417949
22224692,G,營運狀況,營業成本,,仟元,2019,2753784
22224692,G,營運狀況,營業費用,,仟元,2019,468057
22224692,G,營運狀況,淨利,,仟元,2019,107708
29538509,G,營運狀況,營業收入,,仟元,2019,2170104
29538509,G,營運狀況,營業成本,,仟元,2019,1818272
29538509,G,營運狀況,營業費用,,仟元,2019,333235
29538509,G,營運狀況,淨利,,仟元,2019,29719
03474311,G,營運狀況,營業收入,,仟元,2019,13770124
03474311,G,營運狀況,營業成本,,仟元,2019,10526020
03474311,G,營運狀況,營業費用,,仟元,2019,2220055
03474311,G,營運狀況,淨利,,仟元,2019,661684
84252401,G,營運狀況,營業收入,,仟元,2019,9315910
84252401,G,營運狀況,營業成本,,仟元,2019,8784938
84252401,G,營運狀況,營業費用,,仟元,2019,478245
84252401,G,營運狀況,淨利,,仟元,2019,126858
23556563,G,營運狀況,營業收入,,仟元,2019,7933589
23556563,G,營運狀況,營業成本,,仟元,2019,6078767
23556563,G,營運狀況,營業費用,,仟元,2019,541823
23556563,G,營運狀況,淨利,,仟元,2019,1007068
44947686,G,營運狀況,營業收入,,仟元,2019,362838
44947686,G,營運狀況,營業成本,,仟元,2019,316404
44947686,G,營運狀況,營業費用,,仟元,2019,146863
44947686,G,營運狀況,淨利,,仟元,2019,-147705
52646207,G,營運狀況,營業收入,,仟元,2019,2195824
52646207,G,營運狀況,營業成本,,仟元,2019,1956403
52646207,G,營運狀況,營業費用,,仟元,2019,104073
52646207,G,營運狀況,淨利,,仟元,2019,69893
52903090,G,營運狀況,營業收入,,仟元,2019,670596
52903090,G,營運狀況,營業成本,,仟元,2019,474733
52903090,G,營運狀況,營業費用,,仟元,2019,75361
52903090,G,營運狀況,淨利,,仟元,2019,115534
23248433,G,營運狀況,營業收入,,仟元,2019,4200061
23248433,G,營運狀況,營業成本,,仟元,2019,3429570
23248433,G,營運狀況,營業費用,,仟元,2019,354865
23248433,G,營運狀況,淨利,,仟元,2019,251476
11824327,G,營運狀況,營業收入,,仟元,2019,10240721
11824327,G,營運狀況,營業成本,,仟元,2019,8610224
11824327,G,營運狀況,營業費用,,仟元,2019,676883
11824327,G,營運狀況,淨利,,仟元,2019,674163
58303609,G,營運狀況,營業收入,,仟元,2019,5154548
58303609,G,營運狀況,營業成本,,仟元,2019,3751841
58303609,G,營運狀況,營業費用,,仟元,2019,1096358
58303609,G,營運狀況,淨利,,仟元,2019,276679
55754185,G,營運狀況,營業收入,,仟元,2019,5935948
55754185,G,營運狀況,營業成本,,仟元,2019,4446673
55754185,G,營運狀況,營業費用,,仟元,2019,638245
55754185,G,營運狀況,淨利,,仟元,2019,688006
03089008,G,營運狀況,營業收入,,仟元,2019,4868003
03089008,G,營運狀況,營業成本,,仟元,2019,3441560
03089008,G,營運狀況,營業費用,,仟元,2019,753256
03089008,G,營運狀況,淨利,,仟元,2019,539200
84980915,G,營運狀況,營業收入,,仟元,2019,5892066
84980915,G,營運狀況,營業成本,,仟元,2019,4549057
84980915,G,營運狀況,營業費用,,仟元,2019,587483
84980915,G,營運狀況,淨利,,仟元,2019,622680
52353530,G,營運狀況,營業收入,,仟元,2019,6124719
52353530,G,營運狀況,營業成本,,仟元,2019,4630693
52353530,G,營運狀況,營業費用,,仟元,2019,1028801
52353530,G,營運狀況,淨利,,仟元,2019,329559
41048746,G,營運狀況,營業收入,,仟元,2019,7899986
41048746,G,營運狀況,營業成本,,仟元,2019,6528633
41048746,G,營運狀況,營業費用,,仟元,2019,1158893
41048746,G,營運狀況,淨利,,仟元,2019,163526
53666460,G,營運狀況,營業收入,,仟元,2019,15896317
53666460,G,營運狀況,營業成本,,仟元,2019,8470602
53666460,G,營運狀況,營業費用,,仟元,2019,3397673
53666460,G,營運狀況,淨利,,仟元,2019,2726051
04938839,G,營運狀況,營業收入,,仟元,2019,1147167
04938839,G,營運狀況,營業成本,,仟元,2019,1062005
04938839,G,營運狀況,營業費用,,仟元,2019,30766
04938839,G,營運狀況,淨利,,仟元,2019,38772
16755427,G,營運狀況,營業收入,,仟元,2019,1300351
16755427,G,營運狀況,營業成本,,仟元,2019,718689
16755427,G,營運狀況,營業費用,,仟元,2019,340123
16755427,G,營運狀況,淨利,,仟元,2019,174644
23503047,G,營運狀況,營業收入,,仟元,2019,20209798
23503047,G,營運狀況,營業成本,,仟元,2019,13434783
23503047,G,營運狀況,營業費用,,仟元,2019,4374125
23503047,G,營運狀況,淨利,,仟元,2019,1640877
64998780,G,營運狀況,營業收入,,仟元,2019,1322186
64998780,G,營運狀況,營業成本,,仟元,2019,1111040
64998780,G,營運狀況,營業費用,,仟元,2019,157952
64998780,G,營運狀況,淨利,,仟元,2019,40144
27579308,G,營運狀況,營業收入,,仟元,2019,159840
27579308,G,營運狀況,營業成本,,仟元,2019,205229
27579308,G,營運狀況,營業費用,,仟元,2019,87556
27579308,G,營運狀況,淨利,,仟元,2019,-133996
16696080,G,營運狀況,營業收入,,仟元,2019,322651
16696080,G,營運狀況,營業成本,,仟元,2019,208227
16696080,G,營運狀況,營業費用,,仟元,2019,76130
16696080,G,營運狀況,淨利,,仟元,2019,31805
53823551,G,營運狀況,營業收入,,仟元,2019,339745
53823551,G,營運狀況,營業成本,,仟元,2019,279386
53823551,G,營運狀況,營業費用,,仟元,2019,23234
53823551,G,營運狀況,淨利,,仟元,2019,156
73676873,G,營運狀況,營業收入,,仟元,2019,632105
73676873,G,營運狀況,營業成本,,仟元,2019,453068
73676873,G,營運狀況,營業費用,,仟元,2019,179103
73676873,G,營運狀況,淨利,,仟元,2019,20397
70849653,G,營運狀況,營業收入,,仟元,2019,2132853
70849653,G,營運狀況,營業成本,,仟元,2019,1857327
70849653,G,營運狀況,營業費用,,仟元,2019,154258
70849653,G,營運狀況,淨利,,仟元,2019,108131
11026506,G,營運狀況,營業收入,,仟元,2019,35423015
11026506,G,營運狀況,營業成本,,仟元,2019,33066078
11026506,G,營運狀況,營業費用,,仟元,2019,8616318
11026506,G,營運狀況,淨利,,仟元,2019,-9155461
43938484,G,營運狀況,營業收入,,仟元,2019,1942637
43938484,G,營運狀況,營業成本,,仟元,2019,1390768
43938484,G,營運狀況,營業費用,,仟元,2019,342219
43938484,G,營運狀況,淨利,,仟元,2019,176434
88120872,G,營運狀況,營業收入,,仟元,2019,11000093
88120872,G,營運狀況,營業成本,,仟元,2019,8524115
88120872,G,營運狀況,營業費用,,仟元,2019,2205337
88120872,G,營運狀況,淨利,,仟元,2019,89620
23603284,G,營運狀況,營業收入,,仟元,2019,20132944
23603284,G,營運狀況,營業成本,,仟元,2019,17393058
23603284,G,營運狀況,營業費用,,仟元,2019,1873938
23603284,G,營運狀況,淨利,,仟元,2019,646849
53729177,G,營運狀況,營業收入,,仟元,2019,638293
53729177,G,營運狀況,營業成本,,仟元,2019,647522
53729177,G,營運狀況,營業費用,,仟元,2019,126231
53729177,G,營運狀況,淨利,,仟元,2019,-174773
29168533,G,營運狀況,營業收入,,仟元,2019,2107866
29168533,G,營運狀況,營業成本,,仟元,2019,1723859
29168533,G,營運狀況,營業費用,,仟元,2019,418339
29168533,G,營運狀況,淨利,,仟元,2019,-61507
85721346,G,營運狀況,營業收入,,仟元,2019,1579288
85721346,G,營運狀況,營業成本,,仟元,2019,1173663
85721346,G,營運狀況,營業費用,,仟元,2019,258816
85721346,G,營運狀況,淨利,,仟元,2019,129531
22540430,G,營運狀況,營業收入,,仟元,2019,1968935
22540430,G,營運狀況,營業成本,,仟元,2019,1447998
22540430,G,營運狀況,營業費用,,仟元,2019,190137
22540430,G,營運狀況,淨利,,仟元,2019,250232
51016510,G,營運狀況,營業收入,,仟元,2019,5426209
51016510,G,營運狀況,營業成本,,仟元,2019,4322491
51016510,G,營運狀況,營業費用,,仟元,2019,552919
51016510,G,營運狀況,淨利,,仟元,2019,373480
52757548,G,營運狀況,營業收入,,仟元,2019,610179
52757548,G,營運狀況,營業成本,,仟元,2019,557410
52757548,G,營運狀況,營業費用,,仟元,2019,80467
52757548,G,營運狀況,淨利,,仟元,2019,-25451
22301178,G,營運狀況,營業收入,,仟元,2019,1367070
22301178,G,營運狀況,營業成本,,仟元,2019,921250
22301178,G,營運狀況,營業費用,,仟元,2019,385608
22301178,G,營運狀況,淨利,,仟元,2019,54682
23209895,G,營運狀況,營業收入,,仟元,2019,1249924
23209895,G,營運狀況,營業成本,,仟元,2019,1163184
23209895,G,營運狀況,營業費用,,仟元,2019,60623
23209895,G,營運狀況,淨利,,仟元,2019,19355
55942764,G,營運狀況,營業收入,,仟元,2019,1103904
55942764,G,營運狀況,營業成本,,仟元,2019,847980
55942764,G,營運狀況,營業費用,,仟元,2019,260347
55942764,G,營運狀況,淨利,,仟元,2019,-11098
50721361,G,營運狀況,營業收入,,仟元,2019,1654088
50721361,G,營運狀況,營業成本,,仟元,2019,1017823
50721361,G,營運狀況,營業費用,,仟元,2019,331175
50721361,G,營運狀況,淨利,,仟元,2019,291393
28919500,G,營運狀況,營業收入,,仟元,2019,984653
28919500,G,營運狀況,營業成本,,仟元,2019,667267
28919500,G,營運狀況,營業費用,,仟元,2019,344250
28919500,G,營運狀況,淨利,,仟元,2019,-62038
23019109,G,營運狀況,營業收入,,仟元,2019,2691153
23019109,G,營運狀況,營業成本,,仟元,2019,1808354
23019109,G,營運狀況,營業費用,,仟元,2019,226965
23019109,G,營運狀況,淨利,,仟元,2019,489737
35945095,G,營運狀況,營業收入,,仟元,2019,1377170
35945095,G,營運狀況,營業成本,,仟元,2019,986253
35945095,G,營運狀況,營業費用,,仟元,2019,137030
35945095,G,營運狀況,淨利,,仟元,2019,190058
24262159,G,營運狀況,營業收入,,仟元,2019,3825970
24262159,G,營運狀況,營業成本,,仟元,2019,3000073
24262159,G,營運狀況,營業費用,,仟元,2019,620245
24262159,G,營運狀況,淨利,,仟元,2019,218426
85282254,G,營運狀況,營業收入,,仟元,2019,1585863
85282254,G,營運狀況,營業成本,,仟元,2019,1071789
85282254,G,營運狀況,營業費用,,仟元,2019,283988
85282254,G,營運狀況,淨利,,仟元,2019,220831
23830154,G,營運狀況,營業收入,,仟元,2019,814961
23830154,G,營運狀況,營業成本,,仟元,2019,425587
23830154,G,營運狀況,營業費用,,仟元,2019,103310
23830154,G,營運狀況,淨利,,仟元,2019,221524
89338287,G,營運狀況,營業收入,,仟元,2019,527913
89338287,G,營運狀況,營業成本,,仟元,2019,368389
89338287,G,營運狀況,營業費用,,仟元,2019,243503
89338287,G,營運狀況,淨利,,仟元,2019,-96631
97532545,G,營運狀況,營業收入,,仟元,2019,920238
97532545,G,營運狀況,營業成本,,仟元,2019,662012
97532545,G,營運狀況,營業費用,,仟元,2019,285689
97532545,G,營運狀況,淨利,,仟元,2019,41788
97413843,G,營運狀況,營業收入,,仟元,2019,2041358
97413843,G,營運狀況,營業成本,,仟元,2019,1391820
97413843,G,營運狀況,營業費用,,仟元,2019,630116
97413843,G,營運狀況,淨利,,仟元,2019,40049
23903228,G,營運狀況,營業收入,,仟元,2019,756257
23903228,G,營運狀況,營業成本,,仟元,2019,541657
23903228,G,營運狀況,營業費用,,仟元,2019,198331
23903228,G,營運狀況,淨利,,仟元,2019,12374
70647919,G,營運狀況,營業收入,,仟元,2019,2930932
70647919,G,營運狀況,營業成本,,仟元,2019,1452371
70647919,G,營運狀況,營業費用,,仟元,2019,509104
70647919,G,營運狀況,淨利,,仟元,2019,734868
38582821,G,營運狀況,營業收入,,仟元,2019,5235312
38582821,G,營運狀況,營業成本,,仟元,2019,4311324
38582821,G,營運狀況,營業費用,,仟元,2019,275581
38582821,G,營運狀況,淨利,,仟元,2019,625397
35309102,G,營運狀況,營業收入,,仟元,2019,732485
35309102,G,營運狀況,營業成本,,仟元,2019,474631
35309102,G,營運狀況,營業費用,,仟元,2019,173389
35309102,G,營運狀況,淨利,,仟元,2019,73994
97214507,G,營運狀況,營業收入,,仟元,2019,368234
97214507,G,營運狀況,營業成本,,仟元,2019,244705
97214507,G,營運狀況,營業費用,,仟元,2019,100507
97214507,G,營運狀況,淨利,,仟元,2019,15892
04431804,G,營運狀況,營業收入,,仟元,2019,771103
04431804,G,營運狀況,營業成本,,仟元,2019,612281
04431804,G,營運狀況,營業費用,,仟元,2019,113675
04431804,G,營運狀況,淨利,,仟元,2019,44593
12486062,G,營運狀況,營業收入,,仟元,2019,2915755
12486062,G,營運狀況,營業成本,,仟元,2019,2510268
12486062,G,營運狀況,營業費用,,仟元,2019,479073
12486062,G,營運狀況,淨利,,仟元,2019,-73817
35319185,G,營運狀況,營業收入,,仟元,2019,2083280
35319185,G,營運狀況,營業成本,,仟元,2019,1507824
35319185,G,營運狀況,營業費用,,仟元,2019,371421
35319185,G,營運狀況,淨利,,仟元,2019,158138
11039306,G,營運狀況,營業收入,,仟元,2018,24983824
11039306,G,營運狀況,營業成本,,仟元,2018,20378931
11039306,G,營運狀況,營業費用,,仟元,2018,2968949
11039306,G,營運狀況,淨利,,仟元,2018,1470540
11332202,G,營運狀況,營業收入,,仟元,2018,50104927
11332202,G,營運狀況,營業成本,,仟元,2018,38052253
11332202,G,營運狀況,營業費用,,仟元,2018,8532173
11332202,G,營運狀況,淨利,,仟元,2018,3475969
68193807,G,營運狀況,營業收入,,仟元,2018,1203123
68193807,G,營運狀況,營業成本,,仟元,2018,1137900
68193807,G,營運狀況,營業費用,,仟元,2018,272560
68193807,G,營運狀況,淨利,,仟元,2018,-134832
33029464,G,營運狀況,營業收入,,仟元,2018,12235997
33029464,G,營運狀況,營業成本,,仟元,2018,10294379
33029464,G,營運狀況,營業費用,,仟元,2018,1360542
33029464,G,營運狀況,淨利,,仟元,2018,562062
03213392,G,營運狀況,營業收入,,仟元,2018,4276436
03213392,G,營運狀況,營業成本,,仟元,2018,3609636
03213392,G,營運狀況,營業費用,,仟元,2018,496444
03213392,G,營運狀況,淨利,,仟元,2018,210462
55759180,G,營運狀況,營業收入,,仟元,2018,6185512
55759180,G,營運狀況,營業成本,,仟元,2018,4951438
55759180,G,營運狀況,營業費用,,仟元,2018,690490
55759180,G,營運狀況,淨利,,仟元,2018,398977
59008318,G,營運狀況,營業收入,,仟元,2018,2995946
59008318,G,營運狀況,營業成本,,仟元,2018,2722227
59008318,G,營運狀況,營業費用,,仟元,2018,425096
59008318,G,營運狀況,淨利,,仟元,2018,91840
33284077,G,營運狀況,營業收入,,仟元,2018,5996563
33284077,G,營運狀況,營業成本,,仟元,2018,5372315
33284077,G,營運狀況,營業費用,,仟元,2018,611101
33284077,G,營運狀況,淨利,,仟元,2018,53213
11099726,G,營運狀況,營業收入,,仟元,2018,1270718
11099726,G,營運狀況,營業成本,,仟元,2018,944172
11099726,G,營運狀況,營業費用,,仟元,2018,188845
11099726,G,營運狀況,淨利,,仟元,2018,136076
20982120,G,營運狀況,營業收入,,仟元,2018,3733320
20982120,G,營運狀況,營業成本,,仟元,2018,2615381
20982120,G,營運狀況,營業費用,,仟元,2018,392929
20982120,G,營運狀況,淨利,,仟元,2018,1031765
11551634,G,營運狀況,營業收入,,仟元,2018,4905234
11551634,G,營運狀況,營業成本,,仟元,2018,3612668
11551634,G,營運狀況,營業費用,,仟元,2018,1206938
11551634,G,營運狀況,淨利,,仟元,2018,40188
34211074,G,營運狀況,營業收入,,仟元,2018,412573
34211074,G,營運狀況,營業成本,,仟元,2018,336126
34211074,G,營運狀況,營業費用,,仟元,2018,37858
34211074,G,營運狀況,淨利,,仟元,2018,46943
22224692,G,營運狀況,營業收入,,仟元,2018,4872536
22224692,G,營運狀況,營業成本,,仟元,2018,3976272
22224692,G,營運狀況,營業費用,,仟元,2018,552647
22224692,G,營運狀況,淨利,,仟元,2018,333195
29538509,G,營運狀況,營業收入,,仟元,2018,2661044
29538509,G,營運狀況,營業成本,,仟元,2018,2109662
29538509,G,營運狀況,營業費用,,仟元,2018,367033
29538509,G,營運狀況,淨利,,仟元,2018,125417
03474311,G,營運狀況,營業收入,,仟元,2018,18085535
03474311,G,營運狀況,營業成本,,仟元,2018,13067317
03474311,G,營運狀況,營業費用,,仟元,2018,2564691
03474311,G,營運狀況,淨利,,仟元,2018,2381541
84252401,G,營運狀況,營業收入,,仟元,2018,10813583
84252401,G,營運狀況,營業成本,,仟元,2018,10306988
84252401,G,營運狀況,營業費用,,仟元,2018,454899
84252401,G,營運狀況,淨利,,仟元,2018,97864
23556563,G,營運狀況,營業收入,,仟元,2018,8489866
23556563,G,營運狀況,營業成本,,仟元,2018,6658797
23556563,G,營運狀況,營業費用,,仟元,2018,588278
23556563,G,營運狀況,淨利,,仟元,2018,982996
44947686,G,營運狀況,營業收入,,仟元,2018,423334
44947686,G,營運狀況,營業成本,,仟元,2018,364246
44947686,G,營運狀況,營業費用,,仟元,2018,153226
44947686,G,營運狀況,淨利,,仟元,2018,-99403
52646207,G,營運狀況,營業收入,,仟元,2018,2594402
52646207,G,營運狀況,營業成本,,仟元,2018,2343095
52646207,G,營運狀況,營業費用,,仟元,2018,134231
52646207,G,營運狀況,淨利,,仟元,2018,331315
23248433,G,營運狀況,營業收入,,仟元,2018,3590792
23248433,G,營運狀況,營業成本,,仟元,2018,3111514
23248433,G,營運狀況,營業費用,,仟元,2018,431585
23248433,G,營運狀況,淨利,,仟元,2018,78557
55754185,G,營運狀況,營業收入,,仟元,2018,6669964
55754185,G,營運狀況,營業成本,,仟元,2018,4981758
55754185,G,營運狀況,營業費用,,仟元,2018,646043
55754185,G,營運狀況,淨利,,仟元,2018,940861
03089008,G,營運狀況,營業收入,,仟元,2018,5133466
03089008,G,營運狀況,營業成本,,仟元,2018,3619982
03089008,G,營運狀況,營業費用,,仟元,2018,742627
03089008,G,營運狀況,淨利,,仟元,2018,699665
84980915,G,營運狀況,營業收入,,仟元,2018,6587329
84980915,G,營運狀況,營業成本,,仟元,2018,4559681
84980915,G,營運狀況,營業費用,,仟元,2018,905035
84980915,G,營運狀況,淨利,,仟元,2018,1198830
52353530,G,營運狀況,營業收入,,仟元,2018,8382446
52353530,G,營運狀況,營業成本,,仟元,2018,6405654
52353530,G,營運狀況,營業費用,,仟元,2018,1181807
52353530,G,營運狀況,淨利,,仟元,2018,766421
41048746,G,營運狀況,營業收入,,仟元,2018,6195855
41048746,G,營運狀況,營業成本,,仟元,2018,5364919
41048746,G,營運狀況,營業費用,,仟元,2018,1075948
41048746,G,營運狀況,淨利,,仟元,2018,-274073
53666460,G,營運狀況,營業收入,,仟元,2018,15600743
53666460,G,營運狀況,營業成本,,仟元,2018,8067659
53666460,G,營運狀況,營業費用,,仟元,2018,3373146
53666460,G,營運狀況,淨利,,仟元,2018,2839207
04938839,G,營運狀況,營業收入,,仟元,2018,888810
04938839,G,營運狀況,營業成本,,仟元,2018,794833
04938839,G,營運狀況,營業費用,,仟元,2018,31006
04938839,G,營運狀況,淨利,,仟元,2018,47205
16755427,G,營運狀況,營業收入,,仟元,2018,2078901
16755427,G,營運狀況,營業成本,,仟元,2018,1090575
16755427,G,營運狀況,營業費用,,仟元,2018,383432
16755427,G,營運狀況,淨利,,仟元,2018,471252
23503047,G,營運狀況,營業收入,,仟元,2018,29333129
23503047,G,營運狀況,營業成本,,仟元,2018,17703549
23503047,G,營運狀況,營業費用,,仟元,2018,5210385
23503047,G,營運狀況,淨利,,仟元,2018,4890423
53823551,G,營運狀況,營業收入,,仟元,2018,528050
53823551,G,營運狀況,營業成本,,仟元,2018,402195
53823551,G,營運狀況,營業費用,,仟元,2018,438754
53823551,G,營運狀況,淨利,,仟元,2018,-262293
73676873,G,營運狀況,營業收入,,仟元,2018,852999
73676873,G,營運狀況,營業成本,,仟元,2018,570565
73676873,G,營運狀況,營業費用,,仟元,2018,176599
73676873,G,營運狀況,淨利,,仟元,2018,106212
70849653,G,營運狀況,營業收入,,仟元,2018,1572522
70849653,G,營運狀況,營業成本,,仟元,2018,1395029
70849653,G,營運狀況,營業費用,,仟元,2018,128864
70849653,G,營運狀況,淨利,,仟元,2018,43272
11026506,G,營運狀況,營業收入,,仟元,2018,60622725
11026506,G,營運狀況,營業成本,,仟元,2018,63084519
11026506,G,營運狀況,營業費用,,仟元,2018,13062189
11026506,G,營運狀況,淨利,,仟元,2018,-33292908
43938484,G,營運狀況,營業收入,,仟元,2018,3986979
43938484,G,營運狀況,營業成本,,仟元,2018,2868244
43938484,G,營運狀況,營業費用,,仟元,2018,592417
43938484,G,營運狀況,淨利,,仟元,2018,447860
88120872,G,營運狀況,營業收入,,仟元,2018,11625277
88120872,G,營運狀況,營業成本,,仟元,2018,8909759
88120872,G,營運狀況,營業費用,,仟元,2018,2297955
88120872,G,營運狀況,淨利,,仟元,2018,397299
23603284,G,營運狀況,營業收入,,仟元,2018,22479295
23603284,G,營運狀況,營業成本,,仟元,2018,18923858
23603284,G,營運狀況,營業費用,,仟元,2018,1907103
23603284,G,營運狀況,淨利,,仟元,2018,1151729
85721346,G,營運狀況,營業收入,,仟元,2018,1675406
85721346,G,營運狀況,營業成本,,仟元,2018,1206467
85721346,G,營運狀況,營業費用,,仟元,2018,305193
85721346,G,營運狀況,淨利,,仟元,2018,126940
51016510,G,營運狀況,營業收入,,仟元,2018,7542981
51016510,G,營運狀況,營業成本,,仟元,2018,5761439
51016510,G,營運狀況,營業費用,,仟元,2018,540185
51016510,G,營運狀況,淨利,,仟元,2018,769605
22301178,G,營運狀況,營業收入,,仟元,2018,1704371
22301178,G,營運狀況,營業成本,,仟元,2018,1067761
22301178,G,營運狀況,營業費用,,仟元,2018,446252
22301178,G,營運狀況,淨利,,仟元,2018,170504
55942764,G,營運狀況,營業收入,,仟元,2018,1287387
55942764,G,營運狀況,營業成本,,仟元,2018,1006433
55942764,G,營運狀況,營業費用,,仟元,2018,232072
55942764,G,營運狀況,淨利,,仟元,2018,28494
50721361,G,營運狀況,營業收入,,仟元,2018,1816136
50721361,G,營運狀況,營業成本,,仟元,2018,1070558
50721361,G,營運狀況,營業費用,,仟元,2018,314092
50721361,G,營運狀況,淨利,,仟元,2018,313070
28919500,G,營運狀況,營業收入,,仟元,2018,1433323
28919500,G,營運狀況,營業成本,,仟元,2018,886562
28919500,G,營運狀況,營業費用,,仟元,2018,365241
28919500,G,營運狀況,淨利,,仟元,2018,149306
23019109,G,營運狀況,營業收入,,仟元,2018,2643402
23019109,G,營運狀況,營業成本,,仟元,2018,1793570
23019109,G,營運狀況,營業費用,,仟元,2018,205261
23019109,G,營運狀況,淨利,,仟元,2018,504968
35945095,G,營運狀況,營業收入,,仟元,2018,1258269
35945095,G,營運狀況,營業成本,,仟元,2018,906945
35945095,G,營運狀況,營業費用,,仟元,2018,129974
35945095,G,營運狀況,淨利,,仟元,2018,161727
24262159,G,營運狀況,營業收入,,仟元,2018,3426862
24262159,G,營運狀況,營業成本,,仟元,2018,2738951
24262159,G,營運狀況,營業費用,,仟元,2018,542795
24262159,G,營運狀況,淨利,,仟元,2018,218127
85282254,G,營運狀況,營業收入,,仟元,2018,1566645
85282254,G,營運狀況,營業成本,,仟元,2018,1044802
85282254,G,營運狀況,營業費用,,仟元,2018,307972
85282254,G,營運狀況,淨利,,仟元,2018,215343
89338287,G,營運狀況,營業收入,,仟元,2018,759675
89338287,G,營運狀況,營業成本,,仟元,2018,434511
89338287,G,營運狀況,營業費用,,仟元,2018,235189
89338287,G,營運狀況,淨利,,仟元,2018,65997
97532545,G,營運狀況,營業收入,,仟元,2018,1097750
97532545,G,營運狀況,營業成本,,仟元,2018,807126
97532545,G,營運狀況,營業費用,,仟元,2018,248399
97532545,G,營運狀況,淨利,,仟元,2018,70049
97413843,G,營運狀況,營業收入,,仟元,2018,2808949
97413843,G,營運狀況,營業成本,,仟元,2018,1746324
97413843,G,營運狀況,營業費用,,仟元,2018,785324
97413843,G,營運狀況,淨利,,仟元,2018,258199
23903228,G,營運狀況,營業收入,,仟元,2018,1105180
23903228,G,營運狀況,營業成本,,仟元,2018,835365
23903228,G,營運狀況,營業費用,,仟元,2018,152943
23903228,G,營運狀況,淨利,,仟元,2018,71216
38582821,G,營運狀況,營業收入,,仟元,2018,4614198
38582821,G,營運狀況,營業成本,,仟元,2018,3806544
38582821,G,營運狀況,營業費用,,仟元,2018,246772
38582821,G,營運狀況,淨利,,仟元,2018,549798
35309102,G,營運狀況,營業收入,,仟元,2018,1178013
35309102,G,營運狀況,營業成本,,仟元,2018,739168
35309102,G,營運狀況,營業費用,,仟元,2018,208422
35309102,G,營運狀況,淨利,,仟元,2018,135970
97214507,G,營運狀況,營業收入,,仟元,2018,393590
97214507,G,營運狀況,營業成本,,仟元,2018,258926
97214507,G,營運狀況,營業費用,,仟元,2018,92150
97214507,G,營運狀況,淨利,,仟元,2018,36140
16439631,G,營運狀況,營業收入,,仟元,2018,595761
16439631,G,營運狀況,營業成本,,仟元,2018,505547
16439631,G,營運狀況,營業費用,,仟元,2018,69911
16439631,G,營運狀況,淨利,,仟元,2018,26550
12486062,G,營運狀況,營業收入,,仟元,2018,3666125
12486062,G,營運狀況,營業成本,,仟元,2018,2988037
12486062,G,營運狀況,營業費用,,仟元,2018,481510
12486062,G,營運狀況,淨利,,仟元,2018,113771
35319185,G,營運狀況,營業收入,,仟元,2018,1931586
35319185,G,營運狀況,營業成本,,仟元,2018,1364641
35319185,G,營運狀況,營業費用,,仟元,2018,335843
35319185,G,營運狀況,淨利,,仟元,2018,229734
11039306,G,營運狀況,營業收入,,仟元,2017,22214287
11039306,G,營運狀況,營業成本,,仟元,2017,17956789
11039306,G,營運狀況,營業費用,,仟元,2017,2866227
11039306,G,營運狀況,淨利,,仟元,2017,1384424
11332202,G,營運狀況,營業收入,,仟元,2017,50942521
11332202,G,營運狀況,營業成本,,仟元,2017,38743733
11332202,G,營運狀況,營業費用,,仟元,2017,8700068
11332202,G,營運狀況,淨利,,仟元,2017,3544248
68193807,G,營運狀況,營業收入,,仟元,2017,1362959
68193807,G,營運狀況,營業成本,,仟元,2017,1142919
68193807,G,營運狀況,營業費用,,仟元,2017,242832
68193807,G,營運狀況,淨利,,仟元,2017,-12052
33029464,G,營運狀況,營業收入,,仟元,2017,11397456
33029464,G,營運狀況,營業成本,,仟元,2017,9572175
33029464,G,營運狀況,營業費用,,仟元,2017,1408209
33029464,G,營運狀況,淨利,,仟元,2017,514091
03213392,G,營運狀況,營業收入,,仟元,2017,3784294
03213392,G,營運狀況,營業成本,,仟元,2017,3228735
03213392,G,營運狀況,營業費用,,仟元,2017,438693
03213392,G,營運狀況,淨利,,仟元,2017,116984
55759180,G,營運狀況,營業收入,,仟元,2017,5315650
55759180,G,營運狀況,營業成本,,仟元,2017,4126782
55759180,G,營運狀況,營業費用,,仟元,2017,789953
55759180,G,營運狀況,淨利,,仟元,2017,270539
59008318,G,營運狀況,營業收入,,仟元,2017,2813640
59008318,G,營運狀況,營業成本,,仟元,2017,2422230
59008318,G,營運狀況,營業費用,,仟元,2017,397562
59008318,G,營運狀況,淨利,,仟元,2017,-49106
33284077,G,營運狀況,營業收入,,仟元,2017,5869690
33284077,G,營運狀況,營業成本,,仟元,2017,5131154
33284077,G,營運狀況,營業費用,,仟元,2017,581753
33284077,G,營運狀況,淨利,,仟元,2017,91285
11099726,G,營運狀況,營業收入,,仟元,2017,1339712
11099726,G,營運狀況,營業成本,,仟元,2017,973604
11099726,G,營運狀況,營業費用,,仟元,2017,151377
11099726,G,營運狀況,淨利,,仟元,2017,135664
11551634,G,營運狀況,營業收入,,仟元,2017,4465134
11551634,G,營運狀況,營業成本,,仟元,2017,3129136
11551634,G,營運狀況,營業費用,,仟元,2017,1223376
11551634,G,營運狀況,淨利,,仟元,2017,94935
34211074,G,營運狀況,營業收入,,仟元,2017,766185
34211074,G,營運狀況,營業成本,,仟元,2017,692890
34211074,G,營運狀況,營業費用,,仟元,2017,27464
34211074,G,營運狀況,淨利,,仟元,2017,60632
22224692,G,營運狀況,營業收入,,仟元,2017,4232259
22224692,G,營運狀況,營業成本,,仟元,2017,3371476
22224692,G,營運狀況,營業費用,,仟元,2017,553961
22224692,G,營運狀況,淨利,,仟元,2017,172620
29538509,G,營運狀況,營業收入,,仟元,2017,2253516
29538509,G,營運狀況,營業成本,,仟元,2017,1669311
29538509,G,營運狀況,營業費用,,仟元,2017,309132
29538509,G,營運狀況,淨利,,仟元,2017,156929
03474311,G,營運狀況,營業收入,,仟元,2017,14517909
03474311,G,營運狀況,營業成本,,仟元,2017,10694039
03474311,G,營運狀況,營業費用,,仟元,2017,2306038
03474311,G,營運狀況,淨利,,仟元,2017,1026878
84252401,G,營運狀況,營業收入,,仟元,2017,9971393
84252401,G,營運狀況,營業成本,,仟元,2017,9252180
84252401,G,營運狀況,營業費用,,仟元,2017,438573
84252401,G,營運狀況,淨利,,仟元,2017,186804
23556563,G,營運狀況,營業收入,,仟元,2017,7772831
23556563,G,營運狀況,營業成本,,仟元,2017,6017528
23556563,G,營運狀況,營業費用,,仟元,2017,494006
23556563,G,營運狀況,淨利,,仟元,2017,905931
44947686,G,營運狀況,營業收入,,仟元,2017,644117
44947686,G,營運狀況,營業成本,,仟元,2017,535357
44947686,G,營運狀況,營業費用,,仟元,2017,175901
44947686,G,營運狀況,淨利,,仟元,2017,-153783
52646207,G,營運狀況,營業收入,,仟元,2017,2800493
52646207,G,營運狀況,營業成本,,仟元,2017,2442322
52646207,G,營運狀況,營業費用,,仟元,2017,110740
52646207,G,營運狀況,淨利,,仟元,2017,76380
52903090,G,營運狀況,營業收入,,仟元,2017,577573
52903090,G,營運狀況,營業成本,,仟元,2017,418242
52903090,G,營運狀況,營業費用,,仟元,2017,76740
52903090,G,營運狀況,淨利,,仟元,2017,45781
23248433,G,營運狀況,營業收入,,仟元,2017,3653294
23248433,G,營運狀況,營業成本,,仟元,2017,3060603
23248433,G,營運狀況,營業費用,,仟元,2017,325665
23248433,G,營運狀況,淨利,,仟元,2017,134993
55754185,G,營運狀況,營業收入,,仟元,2017,5994144
55754185,G,營運狀況,營業成本,,仟元,2017,4479629
55754185,G,營運狀況,營業費用,,仟元,2017,628180
55754185,G,營運狀況,淨利,,仟元,2017,538289
84980915,G,營運狀況,營業收入,,仟元,2017,7391248
84980915,G,營運狀況,營業成本,,仟元,2017,4931232
84980915,G,營運狀況,營業費用,,仟元,2017,737946
84980915,G,營運狀況,淨利,,仟元,2017,1139437
52353530,G,營運狀況,營業收入,,仟元,2017,7578484
52353530,G,營運狀況,營業成本,,仟元,2017,5670347
52353530,G,營運狀況,營業費用,,仟元,2017,1141944
52353530,G,營運狀況,淨利,,仟元,2017,471175
41048746,G,營運狀況,營業收入,,仟元,2017,6404342
41048746,G,營運狀況,營業成本,,仟元,2017,4972143
41048746,G,營運狀況,營業費用,,仟元,2017,1136750
41048746,G,營運狀況,淨利,,仟元,2017,257924
53666460,G,營運狀況,營業收入,,仟元,2017,13717905
53666460,G,營運狀況,營業成本,,仟元,2017,6590733
53666460,G,營運狀況,營業費用,,仟元,2017,2986044
53666460,G,營運狀況,淨利,,仟元,2017,3299781
04938839,G,營運狀況,營業收入,,仟元,2017,508932
04938839,G,營運狀況,營業成本,,仟元,2017,512612
04938839,G,營運狀況,營業費用,,仟元,2017,25352
04938839,G,營運狀況,淨利,,仟元,2017,-36468
16755427,G,營運狀況,營業收入,,仟元,2017,1488259
16755427,G,營運狀況,營業成本,,仟元,2017,865292
16755427,G,營運狀況,營業費用,,仟元,2017,290450
16755427,G,營運狀況,淨利,,仟元,2017,237872
23503047,G,營運狀況,營業收入,,仟元,2017,21164764
23503047,G,營運狀況,營業成本,,仟元,2017,13582126
23503047,G,營運狀況,營業費用,,仟元,2017,4237537
23503047,G,營運狀況,淨利,,仟元,2017,2251520
27579308,G,營運狀況,營業收入,,仟元,2017,59166
27579308,G,營運狀況,營業成本,,仟元,2017,66335
27579308,G,營運狀況,營業費用,,仟元,2017,88987
27579308,G,營運狀況,淨利,,仟元,2017,-113364
16696080,G,營運狀況,營業收入,,仟元,2017,388382
16696080,G,營運狀況,營業成本,,仟元,2017,225790
16696080,G,營運狀況,營業費用,,仟元,2017,71381
16696080,G,營運狀況,淨利,,仟元,2017,62212
73676873,G,營運狀況,營業收入,,仟元,2017,329039
73676873,G,營運狀況,營業成本,,仟元,2017,231316
73676873,G,營運狀況,營業費用,,仟元,2017,68059
73676873,G,營運狀況,淨利,,仟元,2017,40405
11026506,G,營運狀況,營業收入,,仟元,2017,75553009
11026506,G,營運狀況,營業成本,,仟元,2017,63735312
11026506,G,營運狀況,營業費用,,仟元,2017,12895065
11026506,G,營運狀況,淨利,,仟元,2017,2119254
43938484,G,營運狀況,營業收入,,仟元,2017,3540952
43938484,G,營運狀況,營業成本,,仟元,2017,2549734
43938484,G,營運狀況,營業費用,,仟元,2017,504367
43938484,G,營運狀況,淨利,,仟元,2017,349039
88120872,G,營運狀況,營業收入,,仟元,2017,9762815
88120872,G,營運狀況,營業成本,,仟元,2017,7666519
88120872,G,營運狀況,營業費用,,仟元,2017,2146770
88120872,G,營運狀況,淨利,,仟元,2017,-232433
23603284,G,營運狀況,營業收入,,仟元,2017,19826889
23603284,G,營運狀況,營業成本,,仟元,2017,16829905
23603284,G,營運狀況,營業費用,,仟元,2017,1576232
23603284,G,營運狀況,淨利,,仟元,2017,1040841
85721346,G,營運狀況,營業收入,,仟元,2017,1488029
85721346,G,營運狀況,營業成本,,仟元,2017,1069471
85721346,G,營運狀況,營業費用,,仟元,2017,281976
85721346,G,營運狀況,淨利,,仟元,2017,116522
51016510,G,營運狀況,營業收入,,仟元,2017,8123832
51016510,G,營運狀況,營業成本,,仟元,2017,6213563
51016510,G,營運狀況,營業費用,,仟元,2017,524346
51016510,G,營運狀況,淨利,,仟元,2017,923883
22301178,G,營運狀況,營業收入,,仟元,2017,1473795
22301178,G,營運狀況,營業成本,,仟元,2017,899610
22301178,G,營運狀況,營業費用,,仟元,2017,382528
22301178,G,營運狀況,淨利,,仟元,2017,162141
55942764,G,營運狀況,營業收入,,仟元,2017,1547892
55942764,G,營運狀況,營業成本,,仟元,2017,1270448
55942764,G,營運狀況,營業費用,,仟元,2017,251134
55942764,G,營運狀況,淨利,,仟元,2017,12095
50721361,G,營運狀況,營業收入,,仟元,2017,1374470
50721361,G,營運狀況,營業成本,,仟元,2017,811867
50721361,G,營運狀況,營業費用,,仟元,2017,272008
50721361,G,營運狀況,淨利,,仟元,2017,203142
28919500,G,營運狀況,營業收入,,仟元,2017,1504683
28919500,G,營運狀況,營業成本,,仟元,2017,955254
28919500,G,營運狀況,營業費用,,仟元,2017,335656
28919500,G,營運狀況,淨利,,仟元,2017,142095
35945095,G,營運狀況,營業收入,,仟元,2017,1227689
35945095,G,營運狀況,營業成本,,仟元,2017,885387
35945095,G,營運狀況,營業費用,,仟元,2017,131965
35945095,G,營運狀況,淨利,,仟元,2017,167616
24262159,G,營運狀況,營業收入,,仟元,2017,3335202
24262159,G,營運狀況,營業成本,,仟元,2017,2571196
24262159,G,營運狀況,營業費用,,仟元,2017,476212
24262159,G,營運狀況,淨利,,仟元,2017,198340
85282254,G,營運狀況,營業收入,,仟元,2017,1193817
85282254,G,營運狀況,營業成本,,仟元,2017,767838
85282254,G,營運狀況,營業費用,,仟元,2017,228694
85282254,G,營運狀況,淨利,,仟元,2017,169767
89338287,G,營運狀況,營業收入,,仟元,2017,713335
89338287,G,營運狀況,營業成本,,仟元,2017,392293
89338287,G,營運狀況,營業費用,,仟元,2017,200597
89338287,G,營運狀況,淨利,,仟元,2017,93242
97532545,G,營運狀況,營業收入,,仟元,2017,1059910
97532545,G,營運狀況,營業成本,,仟元,2017,674339
97532545,G,營運狀況,營業費用,,仟元,2017,259174
97532545,G,營運狀況,淨利,,仟元,2017,116289
97413843,G,營運狀況,營業收入,,仟元,2017,2405789
97413843,G,營運狀況,營業成本,,仟元,2017,1563890
97413843,G,營運狀況,營業費用,,仟元,2017,682244
97413843,G,營運狀況,淨利,,仟元,2017,129645
38582821,G,營運狀況,營業收入,,仟元,2017,4062166
38582821,G,營運狀況,營業成本,,仟元,2017,3335304
38582821,G,營運狀況,營業費用,,仟元,2017,231799
38582821,G,營運狀況,淨利,,仟元,2017,459718
97214507,G,營運狀況,營業收入,,仟元,2017,330769
97214507,G,營運狀況,營業成本,,仟元,2017,209556
97214507,G,營運狀況,營業費用,,仟元,2017,91054
97214507,G,營運狀況,淨利,,仟元,2017,21396
16439631,G,營運狀況,營業收入,,仟元,2017,653039
16439631,G,營運狀況,營業成本,,仟元,2017,548231
16439631,G,營運狀況,營業費用,,仟元,2017,69288
16439631,G,營運狀況,淨利,,仟元,2017,27112
12486062,G,營運狀況,營業收入,,仟元,2017,3785435
12486062,G,營運狀況,營業成本,,仟元,2017,3089185
12486062,G,營運狀況,營業費用,,仟元,2017,498029
12486062,G,營運狀況,淨利,,仟元,2017,179095
35319185,G,營運狀況,營業收入,,仟元,2017,1779318
35319185,G,營運狀況,營業成本,,仟元,2017,1287279
35319185,G,營運狀況,營業費用,,仟元,2017,346880
35319185,G,營運狀況,淨利,,仟元,2017,56138
11039306,G,營運狀況,營業收入,,仟元,2016,21411090
11039306,G,營運狀況,營業成本,,仟元,2016,17152721
11039306,G,營運狀況,營業費用,,仟元,2016,2830261
11039306,G,營運狀況,淨利,,仟元,2016,1306185
11332202,G,營運狀況,營業收入,,仟元,2016,49923836
11332202,G,營運狀況,營業成本,,仟元,2016,36788304
11332202,G,營運狀況,營業費用,,仟元,2016,8944914
11332202,G,營運狀況,淨利,,仟元,2016,4036998
68193807,G,營運狀況,營業收入,,仟元,2016,1572057
68193807,G,營運狀況,營業成本,,仟元,2016,1272624
68193807,G,營運狀況,營業費用,,仟元,2016,253917
68193807,G,營運狀況,淨利,,仟元,2016,22302
33029464,G,營運狀況,營業收入,,仟元,2016,12716788
33029464,G,營運狀況,營業成本,,仟元,2016,10839743
33029464,G,營運狀況,營業費用,,仟元,2016,1436342
33029464,G,營運狀況,淨利,,仟元,2016,501844
03213392,G,營運狀況,營業收入,,仟元,2016,3905667
03213392,G,營運狀況,營業成本,,仟元,2016,3424560
03213392,G,營運狀況,營業費用,,仟元,2016,423524
03213392,G,營運狀況,淨利,,仟元,2016,97820
55759180,G,營運狀況,營業收入,,仟元,2016,3667131
55759180,G,營運狀況,營業成本,,仟元,2016,2772306
55759180,G,營運狀況,營業費用,,仟元,2016,783060
55759180,G,營運狀況,淨利,,仟元,2016,103178
59008318,G,營運狀況,營業收入,,仟元,2016,2851336
59008318,G,營運狀況,營業成本,,仟元,2016,2513058
59008318,G,營運狀況,營業費用,,仟元,2016,395713
59008318,G,營運狀況,淨利,,仟元,2016,10387
33284077,G,營運狀況,營業收入,,仟元,2016,5726260
33284077,G,營運狀況,營業成本,,仟元,2016,4709642
33284077,G,營運狀況,營業費用,,仟元,2016,703031
33284077,G,營運狀況,淨利,,仟元,2016,247747
11099726,G,營運狀況,營業收入,,仟元,2016,954821
11099726,G,營運狀況,營業成本,,仟元,2016,696124
11099726,G,營運狀況,營業費用,,仟元,2016,136445
11099726,G,營運狀況,淨利,,仟元,2016,89920
11551634,G,營運狀況,營業收入,,仟元,2016,3697479
11551634,G,營運狀況,營業成本,,仟元,2016,2462981
11551634,G,營運狀況,營業費用,,仟元,2016,1088010
11551634,G,營運狀況,淨利,,仟元,2016,97025
34211074,G,營運狀況,營業收入,,仟元,2016,249997
34211074,G,營運狀況,營業成本,,仟元,2016,228517
34211074,G,營運狀況,營業費用,,仟元,2016,27628
34211074,G,營運狀況,淨利,,仟元,2016,-50625
22224692,G,營運狀況,營業收入,,仟元,2016,3636760
22224692,G,營運狀況,營業成本,,仟元,2016,2881755
22224692,G,營運狀況,營業費用,,仟元,2016,490015
22224692,G,營運狀況,淨利,,仟元,2016,134977
29538509,G,營運狀況,營業收入,,仟元,2016,2377514
29538509,G,營運狀況,營業成本,,仟元,2016,1871423
29538509,G,營運狀況,營業費用,,仟元,2016,371880
29538509,G,營運狀況,淨利,,仟元,2016,109146
03474311,G,營運狀況,營業收入,,仟元,2016,15424342
03474311,G,營運狀況,營業成本,,仟元,2016,11254569
03474311,G,營運狀況,營業費用,,仟元,2016,2172436
03474311,G,營運狀況,淨利,,仟元,2016,1701591
84252401,G,營運狀況,營業收入,,仟元,2016,8474982
84252401,G,營運狀況,營業成本,,仟元,2016,7467017
84252401,G,營運狀況,營業費用,,仟元,2016,489849
84252401,G,營運狀況,淨利,,仟元,2016,248012
23556563,G,營運狀況,營業收入,,仟元,2016,7023882
23556563,G,營運狀況,營業成本,,仟元,2016,5292328
23556563,G,營運狀況,營業費用,,仟元,2016,502462
23556563,G,營運狀況,淨利,,仟元,2016,948246
44947686,G,營運狀況,營業收入,,仟元,2016,680926
44947686,G,營運狀況,營業成本,,仟元,2016,562017
44947686,G,營運狀況,營業費用,,仟元,2016,201329
44947686,G,營運狀況,淨利,,仟元,2016,-106558
52646207,G,營運狀況,營業收入,,仟元,2016,2971207
52646207,G,營運狀況,營業成本,,仟元,2016,2535707
52646207,G,營運狀況,營業費用,,仟元,2016,117352
52646207,G,營運狀況,淨利,,仟元,2016,193107
52903090,G,營運狀況,營業收入,,仟元,2016,524670
52903090,G,營運狀況,營業成本,,仟元,2016,378180
52903090,G,營運狀況,營業費用,,仟元,2016,67105
52903090,G,營運狀況,淨利,,仟元,2016,40355
23248433,G,營運狀況,營業收入,,仟元,2016,3528444
23248433,G,營運狀況,營業成本,,仟元,2016,2763354
23248433,G,營運狀況,營業費用,,仟元,2016,333936
23248433,G,營運狀況,淨利,,仟元,2016,344509
55754185,G,營運狀況,營業收入,,仟元,2016,6039336
55754185,G,營運狀況,營業成本,,仟元,2016,4366031
55754185,G,營運狀況,營業費用,,仟元,2016,615114
55754185,G,營運狀況,淨利,,仟元,2016,858672
84980915,G,營運狀況,營業收入,,仟元,2016,7703668
84980915,G,營運狀況,營業成本,,仟元,2016,4934175
84980915,G,營運狀況,營業費用,,仟元,2016,785287
84980915,G,營運狀況,淨利,,仟元,2016,1601843
52353530,G,營運狀況,營業收入,,仟元,2016,6484780
52353530,G,營運狀況,營業成本,,仟元,2016,4811583
52353530,G,營運狀況,營業費用,,仟元,2016,1073885
52353530,G,營運狀況,淨利,,仟元,2016,326031
41048746,G,營運狀況,營業收入,,仟元,2016,7373888
41048746,G,營運狀況,營業成本,,仟元,2016,4955142
41048746,G,營運狀況,營業費用,,仟元,2016,1274865
41048746,G,營運狀況,淨利,,仟元,2016,997419
53666460,G,營運狀況,營業收入,,仟元,2016,10621618
53666460,G,營運狀況,營業成本,,仟元,2016,5186346
53666460,G,營運狀況,營業費用,,仟元,2016,2715604
53666460,G,營運狀況,淨利,,仟元,2016,2028050
04938839,G,營運狀況,營業收入,,仟元,2016,507124
04938839,G,營運狀況,營業成本,,仟元,2016,470494
04938839,G,營運狀況,營業費用,,仟元,2016,28766
04938839,G,營運狀況,淨利,,仟元,2016,-1304
16755427,G,營運狀況,營業收入,,仟元,2016,982536
16755427,G,營運狀況,營業成本,,仟元,2016,627819
16755427,G,營運狀況,營業費用,,仟元,2016,230384
16755427,G,營運狀況,淨利,,仟元,2016,85534
23503047,G,營運狀況,營業收入,,仟元,2016,16118298
23503047,G,營運狀況,營業成本,,仟元,2016,10816253
23503047,G,營運狀況,營業費用,,仟元,2016,3851138
23503047,G,營運狀況,淨利,,仟元,2016,960777
16696080,G,營運狀況,營業收入,,仟元,2016,385097
16696080,G,營運狀況,營業成本,,仟元,2016,222417
16696080,G,營運狀況,營業費用,,仟元,2016,68982
16696080,G,營運狀況,淨利,,仟元,2016,70606
11026506,G,營運狀況,營業收入,,仟元,2016,77677625
11026506,G,營運狀況,營業成本,,仟元,2016,67091059
11026506,G,營運狀況,營業費用,,仟元,2016,13458215
11026506,G,營運狀況,淨利,,仟元,2016,-3539902
43938484,G,營運狀況,營業收入,,仟元,2016,2017228
43938484,G,營運狀況,營業成本,,仟元,2016,1432031
43938484,G,營運狀況,營業費用,,仟元,2016,350186
43938484,G,營運狀況,淨利,,仟元,2016,183634
88120872,G,營運狀況,營業收入,,仟元,2016,9768086
88120872,G,營運狀況,營業成本,,仟元,2016,7616854
88120872,G,營運狀況,營業費用,,仟元,2016,2018455
88120872,G,營運狀況,淨利,,仟元,2016,65860
23603284,G,營運狀況,營業收入,,仟元,2016,17674255
23603284,G,營運狀況,營業成本,,仟元,2016,14000046
23603284,G,營運狀況,營業費用,,仟元,2016,1690382
23603284,G,營運狀況,淨利,,仟元,2016,1394733
85721346,G,營運狀況,營業收入,,仟元,2016,1474691
85721346,G,營運狀況,營業成本,,仟元,2016,1048514
85721346,G,營運狀況,營業費用,,仟元,2016,298786
85721346,G,營運狀況,淨利,,仟元,2016,102367
22301178,G,營運狀況,營業收入,,仟元,2016,1226410
22301178,G,營運狀況,營業成本,,仟元,2016,707419
22301178,G,營運狀況,營業費用,,仟元,2016,331082
22301178,G,營運狀況,淨利,,仟元,2016,138766
55942764,G,營運狀況,營業收入,,仟元,2016,1647262
55942764,G,營運狀況,營業成本,,仟元,2016,1376462
55942764,G,營運狀況,營業費用,,仟元,2016,286790
55942764,G,營運狀況,淨利,,仟元,2016,-39083
50721361,G,營運狀況,營業收入,,仟元,2016,1176155
50721361,G,營運狀況,營業成本,,仟元,2016,706088
50721361,G,營運狀況,營業費用,,仟元,2016,238213
50721361,G,營運狀況,淨利,,仟元,2016,147964
28919500,G,營運狀況,營業收入,,仟元,2016,1391738
28919500,G,營運狀況,營業成本,,仟元,2016,827072
28919500,G,營運狀況,營業費用,,仟元,2016,331868
28919500,G,營運狀況,淨利,,仟元,2016,164020
35945095,G,營運狀況,營業收入,,仟元,2016,1298218
35945095,G,營運狀況,營業成本,,仟元,2016,923052
35945095,G,營運狀況,營業費用,,仟元,2016,134768
35945095,G,營運狀況,淨利,,仟元,2016,174228
24262159,G,營運狀況,營業收入,,仟元,2016,2675683
24262159,G,營運狀況,營業成本,,仟元,2016,2038462
24262159,G,營運狀況,營業費用,,仟元,2016,379116
24262159,G,營運狀況,淨利,,仟元,2016,130082
38582821,G,營運狀況,營業收入,,仟元,2016,4164779
38582821,G,營運狀況,營業成本,,仟元,2016,3416393
38582821,G,營運狀況,營業費用,,仟元,2016,235364
38582821,G,營運狀況,淨利,,仟元,2016,471793
16439631,G,營運狀況,營業收入,,仟元,2016,524373
16439631,G,營運狀況,營業成本,,仟元,2016,446126
16439631,G,營運狀況,營業費用,,仟元,2016,70989
16439631,G,營運狀況,淨利,,仟元,2016,2699
12486062,G,營運狀況,營業收入,,仟元,2016,3635315
12486062,G,營運狀況,營業成本,,仟元,2016,3047669
12486062,G,營運狀況,營業費用,,仟元,2016,480124
12486062,G,營運狀況,淨利,,仟元,2016,29398
35319185,G,營運狀況,營業收入,,仟元,2016,2707256
35319185,G,營運狀況,營業成本,,仟元,2016,1962912
35319185,G,營運狀況,營業費用,,仟元,2016,374145
35319185,G,營運狀況,淨利,,仟元,2016,311430
11332202,X,相關金融商品,元大臺灣ESG永續ETF基金,,,2019,T
11332202,X,相關金融商品,富邦臺灣公司治理100基金,,,2019,T
11332202,X,相關金融商品,元大臺灣ESG永續ETF基金,,,2018,T
11332202,X,相關金融商品,富邦臺灣公司治理100基金,,,2018,T
23503047,X,相關金融商品,元大臺灣ESG永續ETF基金,,,2020,T
23503047,X,相關金融商品,元大臺灣ESG永續ETF基金,,,2019,T
23503047,X,相關金融商品,元大臺灣ESG永續ETF基金,,,2018,T
11332202,X,相關金融商品,元大臺灣ESG永續ETF基金,,,2020,T
11332202,X,相關金融商品,富邦臺灣公司治理100基金,,,2020,T
38582821,X,相關金融商品,富邦臺灣公司治理100基金,,,2019,T
38582821,X,相關金融商品,富邦臺灣公司治理100基金,,,2018,T
38582821,X,相關金融商品,富邦臺灣公司治理100基金,,,2020,T
