統編,分類,子分類,項目,來自公司報告,單位,年份,數值
24004006,E,溫室氣體排放,範疇一直接排放,,公噸CO2e,2022,10726.329499999996
24004006,E,溫室氣體排放,範疇二間接排放,,公噸CO2e,2022,23019.5335
24004006,E,溫室氣體排放,直接＋間接排放,,公噸CO2e,2022,33745.863
52264848,E,溫室氣體排放,範疇一直接排放,,公噸CO2e,2022,1319.7119999999995
52264848,E,溫室氣體排放,範疇二間接排放,,公噸CO2e,2022,26356.572
52264848,E,溫室氣體排放,直接＋間接排放,,公噸CO2e,2022,27676.284
85330636,E,溫室氣體排放,溫室氣體減量目標說明,,,2021,NA
85330636,E,溫室氣體排放,溫室氣體減量承諾,,,2021,未填報
69408876,E,溫室氣體排放,溫室氣體減量目標說明,,,2021,NA
69408876,E,溫室氣體排放,溫室氣體減量承諾,,,2021,未填報
35129100,E,溫室氣體排放,溫室氣體減量目標說明,,,2021,NA
35129100,E,溫室氣體排放,溫室氣體減量承諾,,,2021,未填報
52264848,E,溫室氣體排放,溫室氣體減量目標說明,,,2021,NA
52264848,E,溫室氣體排放,溫室氣體減量承諾,,,2021,未填報
66654986,E,溫室氣體排放,溫室氣體減量目標說明,,,2021,NA
66654986,E,溫室氣體排放,溫室氣體減量承諾,,,2021,未填報
80032530,E,溫室氣體排放,溫室氣體減量目標說明,,,2021,NA
80032530,E,溫室氣體排放,溫室氣體減量承諾,,,2021,未填報
04359789,E,溫室氣體排放,溫室氣體減量目標說明,,,2021,NA
04359789,E,溫室氣體排放,溫室氣體減量承諾,,,2021,未填報
42299452,E,溫室氣體排放,溫室氣體減量目標說明,,,2021,NA
42299452,E,溫室氣體排放,溫室氣體減量承諾,,,2021,未填報
20838245,E,溫室氣體排放,溫室氣體減量目標說明,,,2021,NA
20838245,E,溫室氣體排放,溫室氣體減量承諾,,,2021,未填報
87027821,E,溫室氣體排放,溫室氣體減量目標說明,,,2021,NA
87027821,E,溫室氣體排放,溫室氣體減量承諾,,,2021,未填報
89396315,E,溫室氣體排放,溫室氣體減量目標說明,,,2021,NA
89396315,E,溫室氣體排放,溫室氣體減量承諾,,,2021,未填報
59347422,E,溫室氣體排放,溫室氣體減量目標說明,,,2021,NA
59347422,E,溫室氣體排放,溫室氣體減量承諾,,,2021,未填報
68326665,E,溫室氣體排放,溫室氣體減量目標說明,,,2021,短期目標為2022年減少1%(與前一年相比)
68326665,E,溫室氣體排放,溫室氣體減量承諾,,,2021,有減碳目標
22269487,E,溫室氣體排放,溫室氣體減量目標說明,,,2021,先核算出溫室氣體量，逐步進行減量，規劃以基準年2021年為基準，每年降低排放強度2%為目標。
22269487,E,溫室氣體排放,溫室氣體減量承諾,,,2021,有減碳目標
04827138,E,溫室氣體排放,溫室氣體減量目標說明,,,2021,車王電子將2016年度設定為基準年，以2016年為基準年，每仟元產值平均排放3.18公斤CO2e，預定2025年仟元產值平均排放量下降17%。
04827138,E,溫室氣體排放,溫室氣體減量承諾,,,2021,有減碳目標
03489200,E,溫室氣體排放,溫室氣體減量目標說明,,,2021,以每年度低減2%作為企業溫室氣體排放量減量目標。
03489200,E,溫室氣體排放,溫室氣體減量承諾,,,2021,有減碳目標
03251108,E,溫室氣體排放,溫室氣體減量目標說明,,,2021,自2019年起設定減量目標，以2019為基準年，設定3%為各年度之目標(2020減少3%、2021減少6%、依此類推)
03251108,E,溫室氣體排放,溫室氣體減量承諾,,,2021,有減碳目標
59334664,E,溫室氣體排放,溫室氣體減量目標說明,,,2021,目標於2025年碳排放量下降40%。
59334664,E,溫室氣體排放,溫室氣體減量承諾,,,2021,有減碳目標
16992625,E,溫室氣體排放,溫室氣體減量目標說明,,,2021,本公司在節能方面，透過持續的監控系統及生產單位自主管理，使生產單位的電力消耗日益降低，達到能源的有效利用，以年整體用電密集度下降5%及年整體排碳密集度下降5%為目標。
16992625,E,溫室氣體排放,溫室氣體減量承諾,,,2021,有減碳目標
22363342,E,溫室氣體排放,溫室氣體減量目標說明,,,2021,計畫企業溫室氣體排放量每年減量1%以上。
22363342,E,溫室氣體排放,溫室氣體減量承諾,,,2021,有減碳目標
42323896,E,溫室氣體排放,溫室氣體減量目標說明,,,2021,本公司訂定每年減量 1%為目標，並且積極宣導及持續推動。
42323896,E,溫室氣體排放,溫室氣體減量承諾,,,2021,有減碳目標
26594386,E,溫室氣體排放,溫室氣體減量目標說明,,,2021,首先核算溫室氣體量，依階段性目標自查證結果後為基準，每年降低排放強度並按季控管。
26594386,E,溫室氣體排放,溫室氣體減量承諾,,,2021,無目標
22078327,E,溫室氣體排放,溫室氣體減量目標說明,,,2021,評估規劃中。
22078327,E,溫室氣體排放,溫室氣體減量承諾,,,2021,無目標
22081250,E,溫室氣體排放,溫室氣體減量目標說明,,,2021,1.透過節能管理，使空調設備運轉更有效率，減少用水及用電量。2.公司二氧化碳排放量主要來自電力及水，因此電力與水的節約為節能減碳之優先目標。
22081250,E,溫室氣體排放,溫室氣體減量承諾,,,2021,無目標
24157564,E,溫室氣體排放,溫室氣體減量目標說明,,,2021,目前依「上市櫃公司永續發展路徑圖」之規範，在溫室氣體盤查評估後再予設定目標。
24157564,E,溫室氣體排放,溫室氣體減量承諾,,,2021,無目標
38773146,E,溫室氣體排放,溫室氣體減量目標說明,,,2021,評估規劃中
38773146,E,溫室氣體排放,溫室氣體減量承諾,,,2021,無目標
03098415,E,溫室氣體排放,溫室氣體減量目標說明,,,2021,1.能源資源管理：a.符合經濟部規定之指定契約容量電力用戶下，建置再生能源義務容量10%，並致力推動太陽能發電設備建置。b.導入廢熱能轉電能系統。每年可帶來438度的發電效益。2.水資源管理：以裝置省水器材設備、用水監測設備與管理、製程設備改善等面向推動節水。3.原物料管理：全面改用Ｒ-134a車用環保冷媒。4.廢棄物管理：a.針對可回收性包材進行回收，實現與基準年(2017)減量15%目標。b.降低廢溶劑處理量，於已設置之廠內溶劑回收設施下，2021年相較基準年(2017)大幅減量達68.8%。
03098415,E,溫室氣體排放,溫室氣體減量承諾,,,2021,無目標
24004006,E,溫室氣體排放,溫室氣體減量目標說明,,,2021,"為落實環安衛政策「提高設備使用效率、節約能資源、降低二氧化碳排放量」之承諾，持續提高生產效率、改善設備使用效率、公用設施節能管理、降低能源使用成本等面向，全面性的展開節能活動，110年共推動了21個改善主題，共節省電力1,361,550度/年，693,028 CO2e/年。"
24004006,E,溫室氣體排放,溫室氣體減量承諾,,,2021,無目標
23219346,E,溫室氣體排放,溫室氣體減量目標說明,,,2021,尚未盤查，暫無資料。
23219346,E,溫室氣體排放,溫室氣體減量承諾,,,2021,無目標
22702791,E,溫室氣體排放,溫室氣體減量目標說明,,,2021,推動生產廠年度溫室氣體排放量年降目標。
22702791,E,溫室氣體排放,溫室氣體減量承諾,,,2021,無目標
47423487,E,溫室氣體排放,溫室氣體減量目標說明,,,2021,評估規劃中
47423487,E,溫室氣體排放,溫室氣體減量承諾,,,2021,無目標
53418357,E,溫室氣體排放,溫室氣體減量目標說明,,,2021,以2021年為基準年，依每一年度核算之溫室氣體量，逐步進行減量，每年訂定減量目標。
53418357,E,溫室氣體排放,溫室氣體減量承諾,,,2021,無目標
55996613,E,溫室氣體排放,溫室氣體減量目標說明,,,2021,"持續倡導省水節電之美德/空調定溫等各項節能減碳措施,逐步邁向低碳綠色企業"
55996613,E,溫室氣體排放,溫室氣體減量承諾,,,2021,無目標
91165085,E,溫室氣體排放,溫室氣體減量目標說明,,,2021,"持續倡導省水節電之美德/空調定溫等各項節能減碳措施,逐步邁向低碳綠色企業"
91165085,E,溫室氣體排放,溫室氣體減量承諾,,,2021,無目標
20838245,E,空氣污染物申報-一般空氣污染物,氮氧化物,,,2009,0.015
20838245,E,空氣污染物申報-一般空氣污染物,揮發性有機化合物,,,2009,4.1899999999999995
22078327,E,空氣污染物申報-一般空氣污染物,揮發性有機化合物,,,2009,1.637
22081250,E,空氣污染物申報-一般空氣污染物,氮氧化物,,,2009,2.197
22081250,E,空氣污染物申報-一般空氣污染物,硫氧化物,,,2009,1.615
22081250,E,空氣污染物申報-一般空氣污染物,揮發性有機化合物,,,2009,27.218
22269487,E,空氣污染物申報-一般空氣污染物,粒狀污染物,,,2009,3.4139999999999997
22269487,E,空氣污染物申報-一般空氣污染物,揮發性有機化合物,,,2009,38.784
22663848,E,空氣污染物申報-一般空氣污染物,揮發性有機化合物,,,2009,18.093
22819125,E,空氣污染物申報-一般空氣污染物,氮氧化物,,,2009,0.023000000000000003
22819125,E,空氣污染物申報-一般空氣污染物,硫氧化物,,,2009,0.032
22819125,E,空氣污染物申報-一般空氣污染物,揮發性有機化合物,,,2009,3.0290000000000004
24004006,E,空氣污染物申報-一般空氣污染物,氮氧化物,,,2009,10.481
24004006,E,空氣污染物申報-一般空氣污染物,硫氧化物,,,2009,9.849
24004006,E,空氣污染物申報-一般空氣污染物,粒狀污染物,,,2009,6.222
24004006,E,空氣污染物申報-一般空氣污染物,揮發性有機化合物,,,2009,287.91099999999994
35129100,E,空氣污染物申報-一般空氣污染物,氮氧化物,,,2009,1.034
35129100,E,空氣污染物申報-一般空氣污染物,硫氧化物,,,2009,0.046000000000000006
35129100,E,空氣污染物申報-一般空氣污染物,粒狀污染物,,,2009,1.245
35129100,E,空氣污染物申報-一般空氣污染物,揮發性有機化合物,,,2009,25.604
52264848,E,空氣污染物申報-一般空氣污染物,揮發性有機化合物,,,2009,0.031
59347422,E,空氣污染物申報-一般空氣污染物,揮發性有機化合物,,,2009,8.297
66654986,E,空氣污染物申報-一般空氣污染物,揮發性有機化合物,,,2009,0.062
68326665,E,空氣污染物申報-一般空氣污染物,氮氧化物,,,2009,0.19799999999999998
68326665,E,空氣污染物申報-一般空氣污染物,硫氧化物,,,2009,0.064
68326665,E,空氣污染物申報-一般空氣污染物,粒狀污染物,,,2009,0.004
68326665,E,空氣污染物申報-一般空氣污染物,揮發性有機化合物,,,2009,127.72
69408876,E,空氣污染物申報-一般空氣污染物,粒狀污染物,,,2009,0.08
69408876,E,空氣污染物申報-一般空氣污染物,揮發性有機化合物,,,2009,31.883
83446817,E,空氣污染物申報-一般空氣污染物,氮氧化物,,,2009,0.011
83446817,E,空氣污染物申報-一般空氣污染物,硫氧化物,,,2009,0.017
83446817,E,空氣污染物申報-一般空氣污染物,揮發性有機化合物,,,2009,1.105
86120567,E,空氣污染物申報-一般空氣污染物,揮發性有機化合物,,,2009,2.042
04827138,E,空氣污染物申報-一般空氣污染物,揮發性有機化合物,,,2009,2.856
03489200,E,空氣污染物申報-一般空氣污染物,氮氧化物,,,2009,6.263
03489200,E,空氣污染物申報-一般空氣污染物,硫氧化物,,,2009,5.715999999999999
03489200,E,空氣污染物申報-一般空氣污染物,粒狀污染物,,,2009,0.858
03489200,E,空氣污染物申報-一般空氣污染物,揮發性有機化合物,,,2009,248.272
03098415,E,空氣污染物申報-一般空氣污染物,氮氧化物,,,2009,10.616000000000001
03098415,E,空氣污染物申報-一般空氣污染物,硫氧化物,,,2009,10.107
03098415,E,空氣污染物申報-一般空氣污染物,粒狀污染物,,,2009,1.825
03098415,E,空氣污染物申報-一般空氣污染物,揮發性有機化合物,,,2009,332.01200000000006
20838245,E,空氣污染物申報-一般空氣污染物,氮氧化物,,,2010,0.04
20838245,E,空氣污染物申報-一般空氣污染物,硫氧化物,,,2010,0.001
20838245,E,空氣污染物申報-一般空氣污染物,揮發性有機化合物,,,2010,3.609
22078327,E,空氣污染物申報-一般空氣污染物,揮發性有機化合物,,,2010,1.8130000000000002
22081250,E,空氣污染物申報-一般空氣污染物,氮氧化物,,,2010,3.428
22081250,E,空氣污染物申報-一般空氣污染物,硫氧化物,,,2010,4.099
22081250,E,空氣污染物申報-一般空氣污染物,揮發性有機化合物,,,2010,9.116
22269487,E,空氣污染物申報-一般空氣污染物,粒狀污染物,,,2010,3.8469999999999995
22269487,E,空氣污染物申報-一般空氣污染物,揮發性有機化合物,,,2010,40.673
22663848,E,空氣污染物申報-一般空氣污染物,揮發性有機化合物,,,2010,20.302999999999997
22819125,E,空氣污染物申報-一般空氣污染物,氮氧化物,,,2010,0.024
22819125,E,空氣污染物申報-一般空氣污染物,硫氧化物,,,2010,0.034999999999999996
22819125,E,空氣污染物申報-一般空氣污染物,揮發性有機化合物,,,2010,2.578
24004006,E,空氣污染物申報-一般空氣污染物,氮氧化物,,,2010,11.404
24004006,E,空氣污染物申報-一般空氣污染物,硫氧化物,,,2010,12.452000000000002
24004006,E,空氣污染物申報-一般空氣污染物,粒狀污染物,,,2010,4.151
24004006,E,空氣污染物申報-一般空氣污染物,揮發性有機化合物,,,2010,451.969
24157564,E,空氣污染物申報-一般空氣污染物,氮氧化物,,,2010,0.197
24157564,E,空氣污染物申報-一般空氣污染物,硫氧化物,,,2010,0.016
24157564,E,空氣污染物申報-一般空氣污染物,揮發性有機化合物,,,2010,2.521
35129100,E,空氣污染物申報-一般空氣污染物,氮氧化物,,,2010,1.198
35129100,E,空氣污染物申報-一般空氣污染物,硫氧化物,,,2010,0.059
35129100,E,空氣污染物申報-一般空氣污染物,粒狀污染物,,,2010,0.694
35129100,E,空氣污染物申報-一般空氣污染物,揮發性有機化合物,,,2010,36.098
52264848,E,空氣污染物申報-一般空氣污染物,揮發性有機化合物,,,2010,0.04
59334664,E,空氣污染物申報-一般空氣污染物,揮發性有機化合物,,,2010,0.068
59347422,E,空氣污染物申報-一般空氣污染物,揮發性有機化合物,,,2010,6.508
66654986,E,空氣污染物申報-一般空氣污染物,揮發性有機化合物,,,2010,0.066
68326665,E,空氣污染物申報-一般空氣污染物,氮氧化物,,,2010,0.755
68326665,E,空氣污染物申報-一般空氣污染物,硫氧化物,,,2010,0.092
68326665,E,空氣污染物申報-一般空氣污染物,粒狀污染物,,,2010,0.002
68326665,E,空氣污染物申報-一般空氣污染物,揮發性有機化合物,,,2010,122.78099999999999
69408876,E,空氣污染物申報-一般空氣污染物,氮氧化物,,,2010,0.313
69408876,E,空氣污染物申報-一般空氣污染物,粒狀污染物,,,2010,0.077
69408876,E,空氣污染物申報-一般空氣污染物,揮發性有機化合物,,,2010,26.794
83446817,E,空氣污染物申報-一般空氣污染物,氮氧化物,,,2010,0.009000000000000001
83446817,E,空氣污染物申報-一般空氣污染物,硫氧化物,,,2010,0.014
83446817,E,空氣污染物申報-一般空氣污染物,揮發性有機化合物,,,2010,4.164
86120567,E,空氣污染物申報-一般空氣污染物,揮發性有機化合物,,,2010,3.649
04827138,E,空氣污染物申報-一般空氣污染物,揮發性有機化合物,,,2010,3.7720000000000002
03489200,E,空氣污染物申報-一般空氣污染物,氮氧化物,,,2010,9.553
03489200,E,空氣污染物申報-一般空氣污染物,硫氧化物,,,2010,10.291
03489200,E,空氣污染物申報-一般空氣污染物,粒狀污染物,,,2010,1.82
03489200,E,空氣污染物申報-一般空氣污染物,揮發性有機化合物,,,2010,494.996
03098415,E,空氣污染物申報-一般空氣污染物,氮氧化物,,,2010,8.745000000000001
03098415,E,空氣污染物申報-一般空氣污染物,硫氧化物,,,2010,8.45
03098415,E,空氣污染物申報-一般空氣污染物,粒狀污染物,,,2010,1.52
03098415,E,空氣污染物申報-一般空氣污染物,揮發性有機化合物,,,2010,403.675
20838245,E,空氣污染物申報-一般空氣污染物,氮氧化物,,,2011,0.047
20838245,E,空氣污染物申報-一般空氣污染物,硫氧化物,,,2011,0.001
20838245,E,空氣污染物申報-一般空氣污染物,揮發性有機化合物,,,2011,3.535
22078327,E,空氣污染物申報-一般空氣污染物,揮發性有機化合物,,,2011,2.5040000000000004
22081250,E,空氣污染物申報-一般空氣污染物,氮氧化物,,,2011,6.503
22081250,E,空氣污染物申報-一般空氣污染物,硫氧化物,,,2011,7.3100000000000005
22081250,E,空氣污染物申報-一般空氣污染物,揮發性有機化合物,,,2011,8.915
22269487,E,空氣污染物申報-一般空氣污染物,粒狀污染物,,,2011,4.297
22269487,E,空氣污染物申報-一般空氣污染物,揮發性有機化合物,,,2011,46.995999999999995
22663848,E,空氣污染物申報-一般空氣污染物,揮發性有機化合物,,,2011,29.131999999999998
22819125,E,空氣污染物申報-一般空氣污染物,氮氧化物,,,2011,0.024
22819125,E,空氣污染物申報-一般空氣污染物,硫氧化物,,,2011,0.036
22819125,E,空氣污染物申報-一般空氣污染物,揮發性有機化合物,,,2011,3.036
24004006,E,空氣污染物申報-一般空氣污染物,氮氧化物,,,2011,12.871
24004006,E,空氣污染物申報-一般空氣污染物,硫氧化物,,,2011,12.451999999999998
24004006,E,空氣污染物申報-一般空氣污染物,粒狀污染物,,,2011,5.205
24004006,E,空氣污染物申報-一般空氣污染物,揮發性有機化合物,,,2011,490.477
24157564,E,空氣污染物申報-一般空氣污染物,氮氧化物,,,2011,0.178
24157564,E,空氣污染物申報-一般空氣污染物,硫氧化物,,,2011,0.015
24157564,E,空氣污染物申報-一般空氣污染物,揮發性有機化合物,,,2011,2.109
35129100,E,空氣污染物申報-一般空氣污染物,氮氧化物,,,2011,1.193
35129100,E,空氣污染物申報-一般空氣污染物,硫氧化物,,,2011,0.054
35129100,E,空氣污染物申報-一般空氣污染物,粒狀污染物,,,2011,0.40800000000000003
35129100,E,空氣污染物申報-一般空氣污染物,揮發性有機化合物,,,2011,27.525000000000002
52264848,E,空氣污染物申報-一般空氣污染物,揮發性有機化合物,,,2011,0.08700000000000001
59334664,E,空氣污染物申報-一般空氣污染物,揮發性有機化合物,,,2011,0.14
59347422,E,空氣污染物申報-一般空氣污染物,揮發性有機化合物,,,2011,5.362
66654986,E,空氣污染物申報-一般空氣污染物,揮發性有機化合物,,,2011,0.078
68326665,E,空氣污染物申報-一般空氣污染物,氮氧化物,,,2011,2.46
68326665,E,空氣污染物申報-一般空氣污染物,硫氧化物,,,2011,0.155
68326665,E,空氣污染物申報-一般空氣污染物,粒狀污染物,,,2011,0.001
68326665,E,空氣污染物申報-一般空氣污染物,揮發性有機化合物,,,2011,148.23999999999998
69408876,E,空氣污染物申報-一般空氣污染物,氮氧化物,,,2011,0.058
69408876,E,空氣污染物申報-一般空氣污染物,粒狀污染物,,,2011,0.067
69408876,E,空氣污染物申報-一般空氣污染物,揮發性有機化合物,,,2011,22.965
83446817,E,空氣污染物申報-一般空氣污染物,氮氧化物,,,2011,0.01
83446817,E,空氣污染物申報-一般空氣污染物,硫氧化物,,,2011,0.015
83446817,E,空氣污染物申報-一般空氣污染物,揮發性有機化合物,,,2011,4.135999999999999
85330636,E,空氣污染物申報-一般空氣污染物,氮氧化物,,,2011,0.359
85330636,E,空氣污染物申報-一般空氣污染物,揮發性有機化合物,,,2011,5.765
86120567,E,空氣污染物申報-一般空氣污染物,揮發性有機化合物,,,2011,4.611
04359789,E,空氣污染物申報-一般空氣污染物,揮發性有機化合物,,,2011,5.415
04827138,E,空氣污染物申報-一般空氣污染物,揮發性有機化合物,,,2011,3.4810000000000003
03489200,E,空氣污染物申報-一般空氣污染物,氮氧化物,,,2011,8.724
03489200,E,空氣污染物申報-一般空氣污染物,硫氧化物,,,2011,8.806
03489200,E,空氣污染物申報-一般空氣污染物,粒狀污染物,,,2011,1.1789999999999998
03489200,E,空氣污染物申報-一般空氣污染物,揮發性有機化合物,,,2011,519.3470000000001
03098415,E,空氣污染物申報-一般空氣污染物,氮氧化物,,,2011,9.293
03098415,E,空氣污染物申報-一般空氣污染物,硫氧化物,,,2011,8.724
03098415,E,空氣污染物申報-一般空氣污染物,粒狀污染物,,,2011,1.054
03098415,E,空氣污染物申報-一般空氣污染物,揮發性有機化合物,,,2011,443.643
20838245,E,空氣污染物申報-一般空氣污染物,氮氧化物,,,2012,0.059
20838245,E,空氣污染物申報-一般空氣污染物,硫氧化物,,,2012,0.001
20838245,E,空氣污染物申報-一般空氣污染物,揮發性有機化合物,,,2012,4.088
22078327,E,空氣污染物申報-一般空氣污染物,揮發性有機化合物,,,2012,3.9450000000000003
22081250,E,空氣污染物申報-一般空氣污染物,氮氧化物,,,2012,5.933999999999999
22081250,E,空氣污染物申報-一般空氣污染物,硫氧化物,,,2012,6.345000000000001
22081250,E,空氣污染物申報-一般空氣污染物,粒狀污染物,,,2012,1.864
22081250,E,空氣污染物申報-一般空氣污染物,揮發性有機化合物,,,2012,8.563
22269487,E,空氣污染物申報-一般空氣污染物,粒狀污染物,,,2012,4.366
22269487,E,空氣污染物申報-一般空氣污染物,揮發性有機化合物,,,2012,42.577
22663848,E,空氣污染物申報-一般空氣污染物,揮發性有機化合物,,,2012,23.128000000000004
22702791,E,空氣污染物申報-一般空氣污染物,揮發性有機化合物,,,2012,0.6
22819125,E,空氣污染物申報-一般空氣污染物,氮氧化物,,,2012,0.024
22819125,E,空氣污染物申報-一般空氣污染物,硫氧化物,,,2012,0.036
22819125,E,空氣污染物申報-一般空氣污染物,揮發性有機化合物,,,2012,3.153
24004006,E,空氣污染物申報-一般空氣污染物,氮氧化物,,,2012,13.568999999999999
24004006,E,空氣污染物申報-一般空氣污染物,硫氧化物,,,2012,12.136000000000001
24004006,E,空氣污染物申報-一般空氣污染物,粒狀污染物,,,2012,2.816
24004006,E,空氣污染物申報-一般空氣污染物,揮發性有機化合物,,,2012,509.28999999999996
24157564,E,空氣污染物申報-一般空氣污染物,氮氧化物,,,2012,0.134
24157564,E,空氣污染物申報-一般空氣污染物,硫氧化物,,,2012,0.016
24157564,E,空氣污染物申報-一般空氣污染物,揮發性有機化合物,,,2012,1.716
35129100,E,空氣污染物申報-一般空氣污染物,氮氧化物,,,2012,1.449
35129100,E,空氣污染物申報-一般空氣污染物,硫氧化物,,,2012,0.1
35129100,E,空氣污染物申報-一般空氣污染物,揮發性有機化合物,,,2012,35.317
52264848,E,空氣污染物申報-一般空氣污染物,揮發性有機化合物,,,2012,0.128
59334664,E,空氣污染物申報-一般空氣污染物,揮發性有機化合物,,,2012,0.04800000000000001
59347422,E,空氣污染物申報-一般空氣污染物,揮發性有機化合物,,,2012,5.477
66654986,E,空氣污染物申報-一般空氣污染物,揮發性有機化合物,,,2012,0.083
68326665,E,空氣污染物申報-一般空氣污染物,氮氧化物,,,2012,3.0389999999999997
68326665,E,空氣污染物申報-一般空氣污染物,硫氧化物,,,2012,1.2080000000000002
68326665,E,空氣污染物申報-一般空氣污染物,揮發性有機化合物,,,2012,155.86
69408876,E,空氣污染物申報-一般空氣污染物,氮氧化物,,,2012,0.028999999999999998
69408876,E,空氣污染物申報-一般空氣污染物,粒狀污染物,,,2012,0.047
69408876,E,空氣污染物申報-一般空氣污染物,揮發性有機化合物,,,2012,20.102
83446817,E,空氣污染物申報-一般空氣污染物,氮氧化物,,,2012,0.009000000000000001
83446817,E,空氣污染物申報-一般空氣污染物,硫氧化物,,,2012,0.013000000000000001
83446817,E,空氣污染物申報-一般空氣污染物,揮發性有機化合物,,,2012,3.8779999999999997
85330636,E,空氣污染物申報-一般空氣污染物,氮氧化物,,,2012,0.144
85330636,E,空氣污染物申報-一般空氣污染物,揮發性有機化合物,,,2012,4.696
86120567,E,空氣污染物申報-一般空氣污染物,揮發性有機化合物,,,2012,3.555
04359789,E,空氣污染物申報-一般空氣污染物,揮發性有機化合物,,,2012,29.057000000000002
04827138,E,空氣污染物申報-一般空氣污染物,揮發性有機化合物,,,2012,3.4330000000000003
03489200,E,空氣污染物申報-一般空氣污染物,氮氧化物,,,2012,3.971
03489200,E,空氣污染物申報-一般空氣污染物,硫氧化物,,,2012,5.503
03489200,E,空氣污染物申報-一般空氣污染物,粒狀污染物,,,2012,1.427
03489200,E,空氣污染物申報-一般空氣污染物,揮發性有機化合物,,,2012,433.887
03098415,E,空氣污染物申報-一般空氣污染物,氮氧化物,,,2012,8.078999999999999
03098415,E,空氣污染物申報-一般空氣污染物,硫氧化物,,,2012,5.888
03098415,E,空氣污染物申報-一般空氣污染物,粒狀污染物,,,2012,0.954
03098415,E,空氣污染物申報-一般空氣污染物,揮發性有機化合物,,,2012,326.78100000000006
20838245,E,空氣污染物申報-一般空氣污染物,氮氧化物,,,2013,0.08499999999999999
20838245,E,空氣污染物申報-一般空氣污染物,揮發性有機化合物,,,2013,4.986000000000001
22078327,E,空氣污染物申報-一般空氣污染物,揮發性有機化合物,,,2013,3.8609999999999998
22081250,E,空氣污染物申報-一般空氣污染物,氮氧化物,,,2013,4.492999999999999
22081250,E,空氣污染物申報-一般空氣污染物,硫氧化物,,,2013,4.715
22081250,E,空氣污染物申報-一般空氣污染物,粒狀污染物,,,2013,5.03
22081250,E,空氣污染物申報-一般空氣污染物,揮發性有機化合物,,,2013,7.816000000000001
22269487,E,空氣污染物申報-一般空氣污染物,粒狀污染物,,,2013,4.380000000000001
22269487,E,空氣污染物申報-一般空氣污染物,揮發性有機化合物,,,2013,42.134
22663848,E,空氣污染物申報-一般空氣污染物,揮發性有機化合物,,,2013,26.118000000000002
22702791,E,空氣污染物申報-一般空氣污染物,揮發性有機化合物,,,2013,2.3
22819125,E,空氣污染物申報-一般空氣污染物,氮氧化物,,,2013,0.024
22819125,E,空氣污染物申報-一般空氣污染物,硫氧化物,,,2013,0.036
22819125,E,空氣污染物申報-一般空氣污染物,揮發性有機化合物,,,2013,3.169
24004006,E,空氣污染物申報-一般空氣污染物,氮氧化物,,,2013,12.721
24004006,E,空氣污染物申報-一般空氣污染物,硫氧化物,,,2013,11.142
24004006,E,空氣污染物申報-一般空氣污染物,粒狀污染物,,,2013,3.88
24004006,E,空氣污染物申報-一般空氣污染物,揮發性有機化合物,,,2013,514.897
24157564,E,空氣污染物申報-一般空氣污染物,硫氧化物,,,2013,0.011
24157564,E,空氣污染物申報-一般空氣污染物,揮發性有機化合物,,,2013,2.8440000000000003
35129100,E,空氣污染物申報-一般空氣污染物,氮氧化物,,,2013,1.25
35129100,E,空氣污染物申報-一般空氣污染物,硫氧化物,,,2013,0.10300000000000001
35129100,E,空氣污染物申報-一般空氣污染物,粒狀污染物,,,2013,0.794
35129100,E,空氣污染物申報-一般空氣污染物,揮發性有機化合物,,,2013,24.406
52264848,E,空氣污染物申報-一般空氣污染物,氮氧化物,,,2013,0.272
52264848,E,空氣污染物申報-一般空氣污染物,硫氧化物,,,2013,0.021
52264848,E,空氣污染物申報-一般空氣污染物,揮發性有機化合物,,,2013,0.147
59334664,E,空氣污染物申報-一般空氣污染物,揮發性有機化合物,,,2013,0.023000000000000003
59347422,E,空氣污染物申報-一般空氣污染物,揮發性有機化合物,,,2013,7.786999999999999
66654986,E,空氣污染物申報-一般空氣污染物,揮發性有機化合物,,,2013,0.084
68326665,E,空氣污染物申報-一般空氣污染物,氮氧化物,,,2013,3.3060000000000005
68326665,E,空氣污染物申報-一般空氣污染物,硫氧化物,,,2013,1.813
68326665,E,空氣污染物申報-一般空氣污染物,揮發性有機化合物,,,2013,171.103
69408876,E,空氣污染物申報-一般空氣污染物,氮氧化物,,,2013,0.041999999999999996
69408876,E,空氣污染物申報-一般空氣污染物,粒狀污染物,,,2013,0.05499999999999999
69408876,E,空氣污染物申報-一般空氣污染物,揮發性有機化合物,,,2013,19.512999999999998
83446817,E,空氣污染物申報-一般空氣污染物,氮氧化物,,,2013,0.006
83446817,E,空氣污染物申報-一般空氣污染物,硫氧化物,,,2013,0.01
83446817,E,空氣污染物申報-一般空氣污染物,揮發性有機化合物,,,2013,3.337
85330636,E,空氣污染物申報-一般空氣污染物,揮發性有機化合物,,,2013,4.723
86120567,E,空氣污染物申報-一般空氣污染物,揮發性有機化合物,,,2013,3.43
04359789,E,空氣污染物申報-一般空氣污染物,揮發性有機化合物,,,2013,31.409
04827138,E,空氣污染物申報-一般空氣污染物,揮發性有機化合物,,,2013,3.401
03489200,E,空氣污染物申報-一般空氣污染物,氮氧化物,,,2013,1.774
03489200,E,空氣污染物申報-一般空氣污染物,硫氧化物,,,2013,6.033
03489200,E,空氣污染物申報-一般空氣污染物,粒狀污染物,,,2013,0.859
03489200,E,空氣污染物申報-一般空氣污染物,揮發性有機化合物,,,2013,483.243
03098415,E,空氣污染物申報-一般空氣污染物,氮氧化物,,,2013,6.496
03098415,E,空氣污染物申報-一般空氣污染物,硫氧化物,,,2013,5.458
03098415,E,空氣污染物申報-一般空氣污染物,粒狀污染物,,,2013,0.9869999999999999
03098415,E,空氣污染物申報-一般空氣污染物,揮發性有機化合物,,,2013,301.849
20838245,E,空氣污染物申報-一般空氣污染物,氮氧化物,,,2014,0.08099999999999999
20838245,E,空氣污染物申報-一般空氣污染物,揮發性有機化合物,,,2014,3.938
22078327,E,空氣污染物申報-一般空氣污染物,揮發性有機化合物,,,2014,5.987
22081250,E,空氣污染物申報-一般空氣污染物,氮氧化物,,,2014,4.748
22081250,E,空氣污染物申報-一般空氣污染物,硫氧化物,,,2014,5.43
22081250,E,空氣污染物申報-一般空氣污染物,粒狀污染物,,,2014,7.944
22081250,E,空氣污染物申報-一般空氣污染物,揮發性有機化合物,,,2014,7.984999999999999
22269487,E,空氣污染物申報-一般空氣污染物,粒狀污染物,,,2014,4.54
22269487,E,空氣污染物申報-一般空氣污染物,揮發性有機化合物,,,2014,45.168
22663848,E,空氣污染物申報-一般空氣污染物,揮發性有機化合物,,,2014,32.849000000000004
22702791,E,空氣污染物申報-一般空氣污染物,揮發性有機化合物,,,2014,2.6
22817885,E,空氣污染物申報-一般空氣污染物,氮氧化物,,,2014,0.6160000000000003
22817885,E,空氣污染物申報-一般空氣污染物,硫氧化物,,,2014,0.8860000000000005
22817885,E,空氣污染物申報-一般空氣污染物,揮發性有機化合物,,,2014,12.287
22819125,E,空氣污染物申報-一般空氣污染物,氮氧化物,,,2014,0.5960000000000002
22819125,E,空氣污染物申報-一般空氣污染物,硫氧化物,,,2014,0.8610000000000002
22819125,E,空氣污染物申報-一般空氣污染物,揮發性有機化合物,,,2014,22.402
24004006,E,空氣污染物申報-一般空氣污染物,氮氧化物,,,2014,13.626
24004006,E,空氣污染物申報-一般空氣污染物,硫氧化物,,,2014,11.011
24004006,E,空氣污染物申報-一般空氣污染物,粒狀污染物,,,2014,1.443
24004006,E,空氣污染物申報-一般空氣污染物,揮發性有機化合物,,,2014,548.143
24157564,E,空氣污染物申報-一般空氣污染物,氮氧化物,,,2014,0.172
24157564,E,空氣污染物申報-一般空氣污染物,硫氧化物,,,2014,0.012
24157564,E,空氣污染物申報-一般空氣污染物,揮發性有機化合物,,,2014,1.521
35129100,E,空氣污染物申報-一般空氣污染物,氮氧化物,,,2014,1.736
35129100,E,空氣污染物申報-一般空氣污染物,硫氧化物,,,2014,0.13299999999999998
35129100,E,空氣污染物申報-一般空氣污染物,粒狀污染物,,,2014,1.135
35129100,E,空氣污染物申報-一般空氣污染物,揮發性有機化合物,,,2014,27.526
52264848,E,空氣污染物申報-一般空氣污染物,氮氧化物,,,2014,0.262
52264848,E,空氣污染物申報-一般空氣污染物,硫氧化物,,,2014,0.021
52264848,E,空氣污染物申報-一般空氣污染物,揮發性有機化合物,,,2014,0.148
59334664,E,空氣污染物申報-一般空氣污染物,揮發性有機化合物,,,2014,0.275
59347422,E,空氣污染物申報-一般空氣污染物,揮發性有機化合物,,,2014,7.6259999999999994
66654986,E,空氣污染物申報-一般空氣污染物,揮發性有機化合物,,,2014,0.07
68326665,E,空氣污染物申報-一般空氣污染物,氮氧化物,,,2014,2.9
68326665,E,空氣污染物申報-一般空氣污染物,硫氧化物,,,2014,1.682
68326665,E,空氣污染物申報-一般空氣污染物,揮發性有機化合物,,,2014,172.86299999999997
69408876,E,空氣污染物申報-一般空氣污染物,氮氧化物,,,2014,0.047
69408876,E,空氣污染物申報-一般空氣污染物,粒狀污染物,,,2014,0.06999999999999999
69408876,E,空氣污染物申報-一般空氣污染物,揮發性有機化合物,,,2014,22.608
83446817,E,空氣污染物申報-一般空氣污染物,氮氧化物,,,2014,0.008
83446817,E,空氣污染物申報-一般空氣污染物,硫氧化物,,,2014,0.012
83446817,E,空氣污染物申報-一般空氣污染物,揮發性有機化合物,,,2014,2.8850000000000002
85330636,E,空氣污染物申報-一般空氣污染物,氮氧化物,,,2014,0.307
85330636,E,空氣污染物申報-一般空氣污染物,揮發性有機化合物,,,2014,4.024
86120567,E,空氣污染物申報-一般空氣污染物,揮發性有機化合物,,,2014,3.9120000000000004
04359789,E,空氣污染物申報-一般空氣污染物,揮發性有機化合物,,,2014,36.655
04827138,E,空氣污染物申報-一般空氣污染物,揮發性有機化合物,,,2014,3.353
03489200,E,空氣污染物申報-一般空氣污染物,氮氧化物,,,2014,9.781
03489200,E,空氣污染物申報-一般空氣污染物,硫氧化物,,,2014,7.7620000000000005
03489200,E,空氣污染物申報-一般空氣污染物,粒狀污染物,,,2014,0.9410000000000001
03489200,E,空氣污染物申報-一般空氣污染物,揮發性有機化合物,,,2014,571.2270000000001
03098415,E,空氣污染物申報-一般空氣污染物,氮氧化物,,,2014,6.086
03098415,E,空氣污染物申報-一般空氣污染物,硫氧化物,,,2014,4.711
03098415,E,空氣污染物申報-一般空氣污染物,粒狀污染物,,,2014,0.911
03098415,E,空氣污染物申報-一般空氣污染物,揮發性有機化合物,,,2014,292.28100000000006
20838245,E,空氣污染物申報-一般空氣污染物,氮氧化物,,,2015,0.07899999999999999
20838245,E,空氣污染物申報-一般空氣污染物,揮發性有機化合物,,,2015,5.537999999999999
22078327,E,空氣污染物申報-一般空氣污染物,揮發性有機化合物,,,2015,8.23
22081250,E,空氣污染物申報-一般空氣污染物,氮氧化物,,,2015,4.587000000000001
22081250,E,空氣污染物申報-一般空氣污染物,硫氧化物,,,2015,5.611000000000001
22081250,E,空氣污染物申報-一般空氣污染物,揮發性有機化合物,,,2015,7.715999999999999
22269487,E,空氣污染物申報-一般空氣污染物,粒狀污染物,,,2015,3.314
22269487,E,空氣污染物申報-一般空氣污染物,揮發性有機化合物,,,2015,46.604
22663848,E,空氣污染物申報-一般空氣污染物,揮發性有機化合物,,,2015,34.853
22702791,E,空氣污染物申報-一般空氣污染物,揮發性有機化合物,,,2015,5.963000000000001
22817885,E,空氣污染物申報-一般空氣污染物,氮氧化物,,,2015,0.6590000000000004
22817885,E,空氣污染物申報-一般空氣污染物,硫氧化物,,,2015,0.9470000000000005
22817885,E,空氣污染物申報-一般空氣污染物,揮發性有機化合物,,,2015,10.374000000000004
22819125,E,空氣污染物申報-一般空氣污染物,氮氧化物,,,2015,0.6080000000000002
22819125,E,空氣污染物申報-一般空氣污染物,硫氧化物,,,2015,0.876
22819125,E,空氣污染物申報-一般空氣污染物,揮發性有機化合物,,,2015,22.272000000000002
24004006,E,空氣污染物申報-一般空氣污染物,氮氧化物,,,2015,12.181999999999999
24004006,E,空氣污染物申報-一般空氣污染物,硫氧化物,,,2015,10.437
24004006,E,空氣污染物申報-一般空氣污染物,粒狀污染物,,,2015,1.079
24004006,E,空氣污染物申報-一般空氣污染物,揮發性有機化合物,,,2015,509.858
24157564,E,空氣污染物申報-一般空氣污染物,氮氧化物,,,2015,0.168
24157564,E,空氣污染物申報-一般空氣污染物,硫氧化物,,,2015,0.012
24157564,E,空氣污染物申報-一般空氣污染物,揮發性有機化合物,,,2015,0.7609999999999999
35129100,E,空氣污染物申報-一般空氣污染物,氮氧化物,,,2015,1.188
35129100,E,空氣污染物申報-一般空氣污染物,硫氧化物,,,2015,0.086
35129100,E,空氣污染物申報-一般空氣污染物,粒狀污染物,,,2015,1.7639999999999998
35129100,E,空氣污染物申報-一般空氣污染物,揮發性有機化合物,,,2015,32.317
52264848,E,空氣污染物申報-一般空氣污染物,氮氧化物,,,2015,0.075
52264848,E,空氣污染物申報-一般空氣污染物,硫氧化物,,,2015,0.005
52264848,E,空氣污染物申報-一般空氣污染物,揮發性有機化合物,,,2015,0.16
59334664,E,空氣污染物申報-一般空氣污染物,揮發性有機化合物,,,2015,0.1
59347422,E,空氣污染物申報-一般空氣污染物,揮發性有機化合物,,,2015,6.702
66654986,E,空氣污染物申報-一般空氣污染物,揮發性有機化合物,,,2015,0.049
68326665,E,空氣污染物申報-一般空氣污染物,氮氧化物,,,2015,2.796
68326665,E,空氣污染物申報-一般空氣污染物,硫氧化物,,,2015,1.139
68326665,E,空氣污染物申報-一般空氣污染物,粒狀污染物,,,2015,0.008
68326665,E,空氣污染物申報-一般空氣污染物,揮發性有機化合物,,,2015,354.751
69408876,E,空氣污染物申報-一般空氣污染物,氮氧化物,,,2015,0.041999999999999996
69408876,E,空氣污染物申報-一般空氣污染物,粒狀污染物,,,2015,0.052
69408876,E,空氣污染物申報-一般空氣污染物,揮發性有機化合物,,,2015,26.89
83446817,E,空氣污染物申報-一般空氣污染物,氮氧化物,,,2015,0.008
83446817,E,空氣污染物申報-一般空氣污染物,硫氧化物,,,2015,0.012
83446817,E,空氣污染物申報-一般空氣污染物,揮發性有機化合物,,,2015,3.044
85330636,E,空氣污染物申報-一般空氣污染物,氮氧化物,,,2015,0.289
85330636,E,空氣污染物申報-一般空氣污染物,揮發性有機化合物,,,2015,3.5479999999999996
86120567,E,空氣污染物申報-一般空氣污染物,揮發性有機化合物,,,2015,4.372
04359789,E,空氣污染物申報-一般空氣污染物,揮發性有機化合物,,,2015,40.235
04827138,E,空氣污染物申報-一般空氣污染物,揮發性有機化合物,,,2015,3.7049999999999996
03489200,E,空氣污染物申報-一般空氣污染物,氮氧化物,,,2015,11.825999999999999
03489200,E,空氣污染物申報-一般空氣污染物,硫氧化物,,,2015,9.729000000000001
03489200,E,空氣污染物申報-一般空氣污染物,粒狀污染物,,,2015,1.013
03489200,E,空氣污染物申報-一般空氣污染物,揮發性有機化合物,,,2015,616.611
03098415,E,空氣污染物申報-一般空氣污染物,氮氧化物,,,2015,3.6499999999999995
03098415,E,空氣污染物申報-一般空氣污染物,硫氧化物,,,2015,0.813
03098415,E,空氣污染物申報-一般空氣污染物,粒狀污染物,,,2015,0.523
03098415,E,空氣污染物申報-一般空氣污染物,揮發性有機化合物,,,2015,276.045
20838245,E,空氣污染物申報-一般空氣污染物,氮氧化物,,,2016,0.07600000000000001
20838245,E,空氣污染物申報-一般空氣污染物,揮發性有機化合物,,,2016,5.3180000000000005
22078327,E,空氣污染物申報-一般空氣污染物,揮發性有機化合物,,,2016,12.835
22081250,E,空氣污染物申報-一般空氣污染物,氮氧化物,,,2016,4.965
22081250,E,空氣污染物申報-一般空氣污染物,硫氧化物,,,2016,5.9959999999999996
22081250,E,空氣污染物申報-一般空氣污染物,揮發性有機化合物,,,2016,8.368
22269487,E,空氣污染物申報-一般空氣污染物,粒狀污染物,,,2016,2.014
22269487,E,空氣污染物申報-一般空氣污染物,揮發性有機化合物,,,2016,39.776
22663848,E,空氣污染物申報-一般空氣污染物,揮發性有機化合物,,,2016,33.781000000000006
22702791,E,空氣污染物申報-一般空氣污染物,揮發性有機化合物,,,2016,4.045
22817885,E,空氣污染物申報-一般空氣污染物,氮氧化物,,,2016,0.7340000000000003
22817885,E,空氣污染物申報-一般空氣污染物,硫氧化物,,,2016,1.0330000000000004
22817885,E,空氣污染物申報-一般空氣污染物,揮發性有機化合物,,,2016,12.217999999999998
22819125,E,空氣污染物申報-一般空氣污染物,氮氧化物,,,2016,0.6460000000000001
22819125,E,空氣污染物申報-一般空氣污染物,硫氧化物,,,2016,0.8850000000000003
22819125,E,空氣污染物申報-一般空氣污染物,揮發性有機化合物,,,2016,22.433999999999997
24004006,E,空氣污染物申報-一般空氣污染物,氮氧化物,,,2016,13.729000000000001
24004006,E,空氣污染物申報-一般空氣污染物,硫氧化物,,,2016,11.398
24004006,E,空氣污染物申報-一般空氣污染物,粒狀污染物,,,2016,1.226
24004006,E,空氣污染物申報-一般空氣污染物,揮發性有機化合物,,,2016,472.12399999999997
24157564,E,空氣污染物申報-一般空氣污染物,氮氧化物,,,2016,0.227
24157564,E,空氣污染物申報-一般空氣污染物,硫氧化物,,,2016,0.018
24157564,E,空氣污染物申報-一般空氣污染物,揮發性有機化合物,,,2016,0.6020000000000001
35129100,E,空氣污染物申報-一般空氣污染物,氮氧化物,,,2016,1.291
35129100,E,空氣污染物申報-一般空氣污染物,硫氧化物,,,2016,0.095
35129100,E,空氣污染物申報-一般空氣污染物,粒狀污染物,,,2016,1.3159999999999998
35129100,E,空氣污染物申報-一般空氣污染物,揮發性有機化合物,,,2016,26.378
52264848,E,空氣污染物申報-一般空氣污染物,氮氧化物,,,2016,0.5980000000000001
52264848,E,空氣污染物申報-一般空氣污染物,硫氧化物,,,2016,0.041
52264848,E,空氣污染物申報-一般空氣污染物,揮發性有機化合物,,,2016,3.0039999999999996
59334664,E,空氣污染物申報-一般空氣污染物,揮發性有機化合物,,,2016,0.042
59347422,E,空氣污染物申報-一般空氣污染物,揮發性有機化合物,,,2016,7.928000000000001
66654986,E,空氣污染物申報-一般空氣污染物,揮發性有機化合物,,,2016,0.042
68326665,E,空氣污染物申報-一般空氣污染物,氮氧化物,,,2016,3.1119999999999997
68326665,E,空氣污染物申報-一般空氣污染物,硫氧化物,,,2016,0.5640000000000001
68326665,E,空氣污染物申報-一般空氣污染物,粒狀污染物,,,2016,0.861
68326665,E,空氣污染物申報-一般空氣污染物,揮發性有機化合物,,,2016,1051.156
69408876,E,空氣污染物申報-一般空氣污染物,氮氧化物,,,2016,0.032
69408876,E,空氣污染物申報-一般空氣污染物,粒狀污染物,,,2016,0.026
69408876,E,空氣污染物申報-一般空氣污染物,揮發性有機化合物,,,2016,29.503000000000004
83446817,E,空氣污染物申報-一般空氣污染物,氮氧化物,,,2016,0.006
83446817,E,空氣污染物申報-一般空氣污染物,硫氧化物,,,2016,0.01
83446817,E,空氣污染物申報-一般空氣污染物,揮發性有機化合物,,,2016,2.6599999999999997
85330636,E,空氣污染物申報-一般空氣污染物,氮氧化物,,,2016,0.35400000000000004
85330636,E,空氣污染物申報-一般空氣污染物,揮發性有機化合物,,,2016,4.842
86120567,E,空氣污染物申報-一般空氣污染物,揮發性有機化合物,,,2016,3.987
04359789,E,空氣污染物申報-一般空氣污染物,揮發性有機化合物,,,2016,46.451
04827138,E,空氣污染物申報-一般空氣污染物,揮發性有機化合物,,,2016,3.9139999999999997
03489200,E,空氣污染物申報-一般空氣污染物,氮氧化物,,,2016,10.943000000000001
03489200,E,空氣污染物申報-一般空氣污染物,硫氧化物,,,2016,8.587
03489200,E,空氣污染物申報-一般空氣污染物,粒狀污染物,,,2016,4.61
03489200,E,空氣污染物申報-一般空氣污染物,揮發性有機化合物,,,2016,608.2180000000001
03098415,E,空氣污染物申報-一般空氣污染物,氮氧化物,,,2016,4.508
03098415,E,空氣污染物申報-一般空氣污染物,硫氧化物,,,2016,1.12
03098415,E,空氣污染物申報-一般空氣污染物,粒狀污染物,,,2016,0.7669999999999999
03098415,E,空氣污染物申報-一般空氣污染物,揮發性有機化合物,,,2016,276.642
20838245,E,空氣污染物申報-一般空氣污染物,氮氧化物,,,2017,0.064
20838245,E,空氣污染物申報-一般空氣污染物,揮發性有機化合物,,,2017,4.276999999999999
20838245,E,空氣污染物申報-有害空氣污染物,苯,,,2017,0.11299999999999999
20838245,E,空氣污染物申報-有害空氣污染物,苯乙烯,,,2017,0.23299999999999998
20838245,E,空氣污染物申報-有害空氣污染物,乙苯,,,2017,0.109
20838245,E,空氣污染物申報-有害空氣污染物,甲苯,,,2017,0.648
20838245,E,空氣污染物申報-有害空氣污染物,二甲苯,,,2017,0.36599999999999994
22078327,E,空氣污染物申報-一般空氣污染物,揮發性有機化合物,,,2017,15.795
22078327,E,空氣污染物申報-有害空氣污染物,甲苯,,,2017,1.226
22078327,E,空氣污染物申報-有害空氣污染物,二甲苯,,,2017,2.159
22081250,E,空氣污染物申報-一般空氣污染物,氮氧化物,,,2017,4.614000000000001
22081250,E,空氣污染物申報-一般空氣污染物,硫氧化物,,,2017,5.162
22081250,E,空氣污染物申報-一般空氣污染物,揮發性有機化合物,,,2017,8.842
22269487,E,空氣污染物申報-一般空氣污染物,粒狀污染物,,,2017,0.627
22269487,E,空氣污染物申報-一般空氣污染物,揮發性有機化合物,,,2017,46.169
22269487,E,空氣污染物申報-有害空氣污染物,甲苯,,,2017,13.284
22269487,E,空氣污染物申報-有害空氣污染物,二甲苯,,,2017,8.087
22663848,E,空氣污染物申報-一般空氣污染物,氮氧化物,,,2017,0.18900000000000006
22663848,E,空氣污染物申報-一般空氣污染物,揮發性有機化合物,,,2017,29.495000000000008
22663848,E,空氣污染物申報-有害空氣污染物,苯,,,2017,0.002
22663848,E,空氣污染物申報-有害空氣污染物,乙苯,,,2017,1.238
22663848,E,空氣污染物申報-有害空氣污染物,甲苯,,,2017,3.7520000000000002
22663848,E,空氣污染物申報-有害空氣污染物,二甲苯,,,2017,6.508
22702791,E,空氣污染物申報-一般空氣污染物,揮發性有機化合物,,,2017,3.564
22817885,E,空氣污染物申報-一般空氣污染物,氮氧化物,,,2017,0.9250000000000003
22817885,E,空氣污染物申報-一般空氣污染物,硫氧化物,,,2017,1.161
22817885,E,空氣污染物申報-一般空氣污染物,揮發性有機化合物,,,2017,13.340000000000003
22817885,E,空氣污染物申報-有害空氣污染物,甲苯,,,2017,0.05300000000000002
22817885,E,空氣污染物申報-有害空氣污染物,二甲苯,,,2017,3.3660000000000005
22819125,E,空氣污染物申報-一般空氣污染物,氮氧化物,,,2017,0.467
22819125,E,空氣污染物申報-一般空氣污染物,硫氧化物,,,2017,0.45999999999999996
22819125,E,空氣污染物申報-一般空氣污染物,揮發性有機化合物,,,2017,22.134999999999994
22819125,E,空氣污染物申報-有害空氣污染物,苯乙烯,,,2017,0.121
22819125,E,空氣污染物申報-有害空氣污染物,乙苯,,,2017,0.7420000000000001
22819125,E,空氣污染物申報-有害空氣污染物,甲苯,,,2017,5.458
22819125,E,空氣污染物申報-有害空氣污染物,二甲苯,,,2017,2.317
24004006,E,空氣污染物申報-一般空氣污染物,氮氧化物,,,2017,14.365000000000002
24004006,E,空氣污染物申報-一般空氣污染物,硫氧化物,,,2017,11.764000000000001
24004006,E,空氣污染物申報-一般空氣污染物,揮發性有機化合物,,,2017,461.91200000000003
24004006,E,空氣污染物申報-有害空氣污染物,苯乙烯,,,2017,0.003
24004006,E,空氣污染物申報-有害空氣污染物,乙苯,,,2017,2.314
24004006,E,空氣污染物申報-有害空氣污染物,甲苯,,,2017,13.765
24004006,E,空氣污染物申報-有害空氣污染物,二甲苯,,,2017,129.227
24157564,E,空氣污染物申報-一般空氣污染物,氮氧化物,,,2017,0.137
24157564,E,空氣污染物申報-一般空氣污染物,硫氧化物,,,2017,0.01
24157564,E,空氣污染物申報-一般空氣污染物,揮發性有機化合物,,,2017,0.385
35129100,E,空氣污染物申報-一般空氣污染物,氮氧化物,,,2017,1.309
35129100,E,空氣污染物申報-一般空氣污染物,硫氧化物,,,2017,0.096
35129100,E,空氣污染物申報-一般空氣污染物,粒狀污染物,,,2017,1.095
35129100,E,空氣污染物申報-一般空氣污染物,揮發性有機化合物,,,2017,28.317999999999998
35129100,E,空氣污染物申報-有害空氣污染物,二甲苯,,,2017,7.7989999999999995
52264848,E,空氣污染物申報-一般空氣污染物,氮氧化物,,,2017,0.9019999999999999
52264848,E,空氣污染物申報-一般空氣污染物,硫氧化物,,,2017,0.064
52264848,E,空氣污染物申報-一般空氣污染物,揮發性有機化合物,,,2017,1.126
59334664,E,空氣污染物申報-一般空氣污染物,揮發性有機化合物,,,2017,0.072
59347422,E,空氣污染物申報-一般空氣污染物,揮發性有機化合物,,,2017,7.165
66654986,E,空氣污染物申報-一般空氣污染物,揮發性有機化合物,,,2017,0.028
68326665,E,空氣污染物申報-一般空氣污染物,氮氧化物,,,2017,3.7620000000000005
68326665,E,空氣污染物申報-一般空氣污染物,硫氧化物,,,2017,0.427
68326665,E,空氣污染物申報-一般空氣污染物,粒狀污染物,,,2017,0.937
68326665,E,空氣污染物申報-一般空氣污染物,揮發性有機化合物,,,2017,924.795
68326665,E,空氣污染物申報-有害空氣污染物,三氯甲烷,,,2017,0.046
68326665,E,空氣污染物申報-有害空氣污染物,乙苯,,,2017,12.872
68326665,E,空氣污染物申報-有害空氣污染物,二氯甲烷,,,2017,1.04
68326665,E,空氣污染物申報-有害空氣污染物,甲苯,,,2017,313.82900000000006
68326665,E,空氣污染物申報-有害空氣污染物,二甲苯,,,2017,58.06999999999999
69408876,E,空氣污染物申報-一般空氣污染物,氮氧化物,,,2017,0.024000000000000004
69408876,E,空氣污染物申報-一般空氣污染物,揮發性有機化合物,,,2017,29.537
69408876,E,空氣污染物申報-有害空氣污染物,乙苯,,,2017,1.573
69408876,E,空氣污染物申報-有害空氣污染物,甲苯,,,2017,4.6819999999999995
69408876,E,空氣污染物申報-有害空氣污染物,二甲苯,,,2017,1.125
83446817,E,空氣污染物申報-一般空氣污染物,氮氧化物,,,2017,0.007
83446817,E,空氣污染物申報-一般空氣污染物,硫氧化物,,,2017,0.011
83446817,E,空氣污染物申報-一般空氣污染物,揮發性有機化合物,,,2017,2.694
83446817,E,空氣污染物申報-有害空氣污染物,乙苯,,,2017,0.21600000000000003
83446817,E,空氣污染物申報-有害空氣污染物,甲苯,,,2017,0.361
83446817,E,空氣污染物申報-有害空氣污染物,二甲苯,,,2017,0.487
85330636,E,空氣污染物申報-一般空氣污染物,氮氧化物,,,2017,0.29600000000000004
85330636,E,空氣污染物申報-一般空氣污染物,揮發性有機化合物,,,2017,5.000000000000001
86120567,E,空氣污染物申報-一般空氣污染物,揮發性有機化合物,,,2017,5.332
86120567,E,空氣污染物申報-有害空氣污染物,乙苯,,,2017,0.07500000000000001
86120567,E,空氣污染物申報-有害空氣污染物,甲苯,,,2017,0.341
86120567,E,空氣污染物申報-有害空氣污染物,二甲苯,,,2017,0.42700000000000005
89396315,E,空氣污染物申報-一般空氣污染物,揮發性有機化合物,,,2017,3.588
89396315,E,空氣污染物申報-有害空氣污染物,甲苯,,,2017,0.006
03098415,E,空氣污染物申報-一般空氣污染物,氮氧化物,,,2017,4.698
03098415,E,空氣污染物申報-一般空氣污染物,硫氧化物,,,2017,1.05
03098415,E,空氣污染物申報-一般空氣污染物,粒狀污染物,,,2017,0.7999999999999999
03098415,E,空氣污染物申報-一般空氣污染物,揮發性有機化合物,,,2017,301.664
03098415,E,空氣污染物申報-有害空氣污染物,乙苯,,,2017,11.667
03098415,E,空氣污染物申報-有害空氣污染物,甲苯,,,2017,59.944
03098415,E,空氣污染物申報-有害空氣污染物,二甲苯,,,2017,28.339
03489200,E,空氣污染物申報-一般空氣污染物,氮氧化物,,,2017,7.828
03489200,E,空氣污染物申報-一般空氣污染物,硫氧化物,,,2017,4.152
03489200,E,空氣污染物申報-一般空氣污染物,粒狀污染物,,,2017,4.509
03489200,E,空氣污染物申報-一般空氣污染物,揮發性有機化合物,,,2017,560.5440000000001
03489200,E,空氣污染物申報-有害空氣污染物,苯,,,2017,0.004
03489200,E,空氣污染物申報-有害空氣污染物,苯乙烯,,,2017,0.004
03489200,E,空氣污染物申報-有害空氣污染物,乙苯,,,2017,28.959
03489200,E,空氣污染物申報-有害空氣污染物,甲苯,,,2017,4.576
03489200,E,空氣污染物申報-有害空氣污染物,二甲苯,,,2017,146.215
04359789,E,空氣污染物申報-一般空氣污染物,揮發性有機化合物,,,2017,69.148
04827138,E,空氣污染物申報-一般空氣污染物,揮發性有機化合物,,,2017,4.338
20838245,E,空氣污染物申報-一般空氣污染物,氮氧化物,,,2018,0.051000000000000004
20838245,E,空氣污染物申報-一般空氣污染物,粒狀污染物,,,2018,0.008
20838245,E,空氣污染物申報-一般空氣污染物,揮發性有機化合物,,,2018,4.3260000000000005
20838245,E,空氣污染物申報-有害空氣污染物,苯乙烯,,,2018,0.20800000000000002
20838245,E,空氣污染物申報-有害空氣污染物,乙苯,,,2018,0.105
20838245,E,空氣污染物申報-有害空氣污染物,甲苯,,,2018,0.854
20838245,E,空氣污染物申報-有害空氣污染物,二甲苯,,,2018,0.345
22078327,E,空氣污染物申報-一般空氣污染物,粒狀污染物,,,2018,0.013000000000000001
22078327,E,空氣污染物申報-一般空氣污染物,揮發性有機化合物,,,2018,16.099
22078327,E,空氣污染物申報-有害空氣污染物,甲苯,,,2018,1.4579999999999997
22078327,E,空氣污染物申報-有害空氣污染物,二甲苯,,,2018,1.1
22081250,E,空氣污染物申報-一般空氣污染物,氮氧化物,,,2018,3.9960000000000004
22081250,E,空氣污染物申報-一般空氣污染物,硫氧化物,,,2018,3.8209999999999997
22081250,E,空氣污染物申報-一般空氣污染物,粒狀污染物,,,2018,0.15200000000000002
22081250,E,空氣污染物申報-一般空氣污染物,揮發性有機化合物,,,2018,8.222000000000001
22269487,E,空氣污染物申報-一般空氣污染物,粒狀污染物,,,2018,0.264
22269487,E,空氣污染物申報-一般空氣污染物,揮發性有機化合物,,,2018,45.506
22269487,E,空氣污染物申報-有害空氣污染物,甲苯,,,2018,4.916
22269487,E,空氣污染物申報-有害空氣污染物,二甲苯,,,2018,9.041
22663848,E,空氣污染物申報-一般空氣污染物,氮氧化物,,,2018,0.4530000000000002
22663848,E,空氣污染物申報-一般空氣污染物,粒狀污染物,,,2018,0.057
22663848,E,空氣污染物申報-一般空氣污染物,揮發性有機化合物,,,2018,15.636
22663848,E,空氣污染物申報-有害空氣污染物,乙苯,,,2018,0.9870000000000004
22663848,E,空氣污染物申報-有害空氣污染物,甲苯,,,2018,3.2749999999999986
22663848,E,空氣污染物申報-有害空氣污染物,二甲苯,,,2018,4.376999999999999
22702791,E,空氣污染物申報-一般空氣污染物,揮發性有機化合物,,,2018,4.540000000000001
22817885,E,空氣污染物申報-一般空氣污染物,氮氧化物,,,2018,0.6880000000000002
22817885,E,空氣污染物申報-一般空氣污染物,硫氧化物,,,2018,0.11099999999999999
22817885,E,空氣污染物申報-一般空氣污染物,粒狀污染物,,,2018,0.04100000000000001
22817885,E,空氣污染物申報-一般空氣污染物,揮發性有機化合物,,,2018,13.814
22817885,E,空氣污染物申報-有害空氣污染物,苯乙烯,,,2018,0.025
22817885,E,空氣污染物申報-有害空氣污染物,乙苯,,,2018,0.02
22817885,E,空氣污染物申報-有害空氣污染物,甲苯,,,2018,0.11900000000000005
22817885,E,空氣污染物申報-有害空氣污染物,二甲苯,,,2018,3.1279999999999997
22819125,E,空氣污染物申報-一般空氣污染物,氮氧化物,,,2018,0.3220000000000002
22819125,E,空氣污染物申報-一般空氣污染物,粒狀污染物,,,2018,0.003
22819125,E,空氣污染物申報-一般空氣污染物,揮發性有機化合物,,,2018,21.799000000000003
22819125,E,空氣污染物申報-有害空氣污染物,苯乙烯,,,2018,0.10800000000000003
22819125,E,空氣污染物申報-有害空氣污染物,乙苯,,,2018,0.7700000000000002
22819125,E,空氣污染物申報-有害空氣污染物,甲苯,,,2018,4.395
22819125,E,空氣污染物申報-有害空氣污染物,二甲苯,,,2018,2.41
24004006,E,空氣污染物申報-一般空氣污染物,氮氧化物,,,2018,14.995000000000001
24004006,E,空氣污染物申報-一般空氣污染物,硫氧化物,,,2018,13.442
24004006,E,空氣污染物申報-一般空氣污染物,粒狀污染物,,,2018,1.1549999999999998
24004006,E,空氣污染物申報-一般空氣污染物,揮發性有機化合物,,,2018,425.197
24004006,E,空氣污染物申報-有害空氣污染物,苯乙烯,,,2018,0.004
24004006,E,空氣污染物申報-有害空氣污染物,乙苯,,,2018,2.027
24004006,E,空氣污染物申報-有害空氣污染物,甲苯,,,2018,11.235
24004006,E,空氣污染物申報-有害空氣污染物,二甲苯,,,2018,113.399
24004006,E,空氣污染物申報-有害空氣污染物,重金屬,,,2018,0.007
24157564,E,空氣污染物申報-一般空氣污染物,氮氧化物,,,2018,0.036000000000000004
24157564,E,空氣污染物申報-一般空氣污染物,硫氧化物,,,2018,0.003
24157564,E,空氣污染物申報-一般空氣污染物,揮發性有機化合物,,,2018,0.06
35129100,E,空氣污染物申報-一般空氣污染物,氮氧化物,,,2018,1.153
35129100,E,空氣污染物申報-一般空氣污染物,硫氧化物,,,2018,0.084
35129100,E,空氣污染物申報-一般空氣污染物,粒狀污染物,,,2018,0.621
35129100,E,空氣污染物申報-一般空氣污染物,揮發性有機化合物,,,2018,28.285
35129100,E,空氣污染物申報-有害空氣污染物,二甲苯,,,2018,6.2010000000000005
52264848,E,空氣污染物申報-一般空氣污染物,氮氧化物,,,2018,0.499
52264848,E,空氣污染物申報-一般空氣污染物,硫氧化物,,,2018,0.035
52264848,E,空氣污染物申報-一般空氣污染物,粒狀污染物,,,2018,0.007
52264848,E,空氣污染物申報-一般空氣污染物,揮發性有機化合物,,,2018,0.9269999999999999
53418357,E,空氣污染物申報-一般空氣污染物,粒狀污染物,,,2018,0.009
53418357,E,空氣污染物申報-一般空氣污染物,揮發性有機化合物,,,2018,7.934
59334664,E,空氣污染物申報-一般空氣污染物,揮發性有機化合物,,,2018,0.05600000000000001
59347422,E,空氣污染物申報-一般空氣污染物,揮發性有機化合物,,,2018,12.703000000000001
66654986,E,空氣污染物申報-一般空氣污染物,粒狀污染物,,,2018,0.006
66654986,E,空氣污染物申報-一般空氣污染物,揮發性有機化合物,,,2018,0.034
68326665,E,空氣污染物申報-一般空氣污染物,氮氧化物,,,2018,3.095
68326665,E,空氣污染物申報-一般空氣污染物,硫氧化物,,,2018,0.577
68326665,E,空氣污染物申報-一般空氣污染物,粒狀污染物,,,2018,2.104999999999999
68326665,E,空氣污染物申報-一般空氣污染物,揮發性有機化合物,,,2018,892.1839999999999
68326665,E,空氣污染物申報-有害空氣污染物,苯,,,2018,0.078
68326665,E,空氣污染物申報-有害空氣污染物,乙苯,,,2018,10.187
68326665,E,空氣污染物申報-有害空氣污染物,二氯甲烷,,,2018,4.16
68326665,E,空氣污染物申報-有害空氣污染物,甲苯,,,2018,113.10700000000001
68326665,E,空氣污染物申報-有害空氣污染物,二甲苯,,,2018,55.970000000000006
68326665,E,空氣污染物申報-有害空氣污染物,重金屬,,,2018,0.13999999999999999
69408876,E,空氣污染物申報-一般空氣污染物,氮氧化物,,,2018,0.033999999999999996
69408876,E,空氣污染物申報-一般空氣污染物,揮發性有機化合物,,,2018,29.042
69408876,E,空氣污染物申報-有害空氣污染物,乙苯,,,2018,1.396
69408876,E,空氣污染物申報-有害空氣污染物,甲苯,,,2018,4.144
69408876,E,空氣污染物申報-有害空氣污染物,二甲苯,,,2018,1.169
83446817,E,空氣污染物申報-一般空氣污染物,氮氧化物,,,2018,0.006
83446817,E,空氣污染物申報-一般空氣污染物,硫氧化物,,,2018,0.01
83446817,E,空氣污染物申報-一般空氣污染物,揮發性有機化合物,,,2018,3.0959999999999996
83446817,E,空氣污染物申報-有害空氣污染物,乙苯,,,2018,0.263
83446817,E,空氣污染物申報-有害空氣污染物,甲苯,,,2018,0.34099999999999997
83446817,E,空氣污染物申報-有害空氣污染物,二甲苯,,,2018,0.5920000000000001
85330636,E,空氣污染物申報-一般空氣污染物,氮氧化物,,,2018,0.257
85330636,E,空氣污染物申報-一般空氣污染物,粒狀污染物,,,2018,0.004
85330636,E,空氣污染物申報-一般空氣污染物,揮發性有機化合物,,,2018,4.106999999999999
86120567,E,空氣污染物申報-一般空氣污染物,揮發性有機化合物,,,2018,3.6950000000000003
86120567,E,空氣污染物申報-有害空氣污染物,乙苯,,,2018,0.07
86120567,E,空氣污染物申報-有害空氣污染物,甲苯,,,2018,0.252
86120567,E,空氣污染物申報-有害空氣污染物,二甲苯,,,2018,0.31999999999999995
89396315,E,空氣污染物申報-一般空氣污染物,揮發性有機化合物,,,2018,9.145
89396315,E,空氣污染物申報-有害空氣污染物,甲苯,,,2018,0.020999999999999998
03489200,E,空氣污染物申報-一般空氣污染物,氮氧化物,,,2018,5.6930000000000005
03489200,E,空氣污染物申報-一般空氣污染物,硫氧化物,,,2018,3.2119999999999997
03489200,E,空氣污染物申報-一般空氣污染物,粒狀污染物,,,2018,2.8289999999999997
03489200,E,空氣污染物申報-一般空氣污染物,揮發性有機化合物,,,2018,484.355
03489200,E,空氣污染物申報-有害空氣污染物,苯,,,2018,0.004
03489200,E,空氣污染物申報-有害空氣污染物,苯乙烯,,,2018,0.002
03489200,E,空氣污染物申報-有害空氣污染物,乙苯,,,2018,26.339
03489200,E,空氣污染物申報-有害空氣污染物,甲苯,,,2018,3.8729999999999998
03489200,E,空氣污染物申報-有害空氣污染物,二甲苯,,,2018,133.349
04359789,E,空氣污染物申報-一般空氣污染物,粒狀污染物,,,2018,0.092
04359789,E,空氣污染物申報-一般空氣污染物,揮發性有機化合物,,,2018,66.64
03098415,E,空氣污染物申報-一般空氣污染物,氮氧化物,,,2018,4.2940000000000005
03098415,E,空氣污染物申報-一般空氣污染物,硫氧化物,,,2018,0.539
03098415,E,空氣污染物申報-一般空氣污染物,粒狀污染物,,,2018,1.675
03098415,E,空氣污染物申報-一般空氣污染物,揮發性有機化合物,,,2018,305.802
03098415,E,空氣污染物申報-有害空氣污染物,乙苯,,,2018,11.116
03098415,E,空氣污染物申報-有害空氣污染物,甲苯,,,2018,62.373
03098415,E,空氣污染物申報-有害空氣污染物,二甲苯,,,2018,26.601
04827138,E,空氣污染物申報-一般空氣污染物,揮發性有機化合物,,,2018,4.168
20838245,E,空氣污染物申報-一般空氣污染物,氮氧化物,,,2019,0.044
20838245,E,空氣污染物申報-一般空氣污染物,粒狀污染物,,,2019,0.015
20838245,E,空氣污染物申報-一般空氣污染物,揮發性有機化合物,,,2019,5.24
20838245,E,空氣污染物申報-有害空氣污染物,苯乙烯,,,2019,0.168
20838245,E,空氣污染物申報-有害空氣污染物,乙苯,,,2019,0.12599999999999997
20838245,E,空氣污染物申報-有害空氣污染物,甲苯,,,2019,0.848
20838245,E,空氣污染物申報-有害空氣污染物,二甲苯,,,2019,0.38299999999999995
22078327,E,空氣污染物申報-一般空氣污染物,粒狀污染物,,,2019,0.007
22078327,E,空氣污染物申報-一般空氣污染物,揮發性有機化合物,,,2019,16.848
22078327,E,空氣污染物申報-有害空氣污染物,甲苯,,,2019,1.2320000000000002
22078327,E,空氣污染物申報-有害空氣污染物,二甲苯,,,2019,0.749
22081250,E,空氣污染物申報-一般空氣污染物,氮氧化物,,,2019,3.458
22081250,E,空氣污染物申報-一般空氣污染物,硫氧化物,,,2019,2.805
22081250,E,空氣污染物申報-一般空氣污染物,粒狀污染物,,,2019,0.22699999999999998
22081250,E,空氣污染物申報-一般空氣污染物,揮發性有機化合物,,,2019,6.6690000000000005
22269487,E,空氣污染物申報-一般空氣污染物,揮發性有機化合物,,,2019,42.946
22269487,E,空氣污染物申報-有害空氣污染物,甲苯,,,2019,0.667
22269487,E,空氣污染物申報-有害空氣污染物,二甲苯,,,2019,8.875
22663848,E,空氣污染物申報-一般空氣污染物,氮氧化物,,,2019,0.37900000000000017
22663848,E,空氣污染物申報-一般空氣污染物,粒狀污染物,,,2019,0.12600000000000006
22663848,E,空氣污染物申報-一般空氣污染物,揮發性有機化合物,,,2019,16.847999999999995
22663848,E,空氣污染物申報-有害空氣污染物,苯,,,2019,0.012
22663848,E,空氣污染物申報-有害空氣污染物,乙苯,,,2019,0.8520000000000004
22663848,E,空氣污染物申報-有害空氣污染物,甲苯,,,2019,2.2609999999999997
22663848,E,空氣污染物申報-有害空氣污染物,二甲苯,,,2019,4.765
22702791,E,空氣污染物申報-一般空氣污染物,揮發性有機化合物,,,2019,5.423
22817885,E,空氣污染物申報-一般空氣污染物,氮氧化物,,,2019,0.3520000000000001
22817885,E,空氣污染物申報-一般空氣污染物,粒狀污染物,,,2019,0.040000000000000015
22817885,E,空氣污染物申報-一般空氣污染物,揮發性有機化合物,,,2019,11.741
22817885,E,空氣污染物申報-有害空氣污染物,甲苯,,,2019,0.426
22817885,E,空氣污染物申報-有害空氣污染物,二甲苯,,,2019,3.172999999999999
22819125,E,空氣污染物申報-一般空氣污染物,氮氧化物,,,2019,0.31200000000000006
22819125,E,空氣污染物申報-一般空氣污染物,粒狀污染物,,,2019,0.006
22819125,E,空氣污染物申報-一般空氣污染物,揮發性有機化合物,,,2019,24.343999999999998
22819125,E,空氣污染物申報-有害空氣污染物,苯乙烯,,,2019,0.11500000000000002
22819125,E,空氣污染物申報-有害空氣污染物,乙苯,,,2019,0.908
22819125,E,空氣污染物申報-有害空氣污染物,甲苯,,,2019,3.9080000000000004
22819125,E,空氣污染物申報-有害空氣污染物,二甲苯,,,2019,2.8330000000000006
24004006,E,空氣污染物申報-一般空氣污染物,氮氧化物,,,2019,14.303
24004006,E,空氣污染物申報-一般空氣污染物,硫氧化物,,,2019,14.663
24004006,E,空氣污染物申報-一般空氣污染物,粒狀污染物,,,2019,2.4299999999999997
24004006,E,空氣污染物申報-一般空氣污染物,揮發性有機化合物,,,2019,364.97499999999997
24004006,E,空氣污染物申報-有害空氣污染物,苯乙烯,,,2019,0.004
24004006,E,空氣污染物申報-有害空氣污染物,乙苯,,,2019,2.004
24004006,E,空氣污染物申報-有害空氣污染物,甲苯,,,2019,4.117999999999999
24004006,E,空氣污染物申報-有害空氣污染物,二甲苯,,,2019,104.263
24004006,E,空氣污染物申報-有害空氣污染物,戴奧辛,,,2019,0.001
24004006,E,空氣污染物申報-有害空氣污染物,重金屬,,,2019,0.016
24157564,E,空氣污染物申報-一般空氣污染物,氮氧化物,,,2019,0.001
35129100,E,空氣污染物申報-一般空氣污染物,氮氧化物,,,2019,1.094
35129100,E,空氣污染物申報-一般空氣污染物,硫氧化物,,,2019,0.08
35129100,E,空氣污染物申報-一般空氣污染物,粒狀污染物,,,2019,0.30000000000000004
35129100,E,空氣污染物申報-一般空氣污染物,揮發性有機化合物,,,2019,28.399
35129100,E,空氣污染物申報-有害空氣污染物,二甲苯,,,2019,6.319999999999999
52264848,E,空氣污染物申報-一般空氣污染物,粒狀污染物,,,2019,0.012
52264848,E,空氣污染物申報-一般空氣污染物,揮發性有機化合物,,,2019,0.89
53418357,E,空氣污染物申報-一般空氣污染物,粒狀污染物,,,2019,0.012
53418357,E,空氣污染物申報-一般空氣污染物,揮發性有機化合物,,,2019,37.081
59334664,E,空氣污染物申報-一般空氣污染物,揮發性有機化合物,,,2019,0.039
59347422,E,空氣污染物申報-一般空氣污染物,揮發性有機化合物,,,2019,12.589999999999998
66654986,E,空氣污染物申報-一般空氣污染物,揮發性有機化合物,,,2019,0.034999999999999996
68326665,E,空氣污染物申報-一般空氣污染物,氮氧化物,,,2019,2.5159999999999996
68326665,E,空氣污染物申報-一般空氣污染物,硫氧化物,,,2019,0.393
68326665,E,空氣污染物申報-一般空氣污染物,粒狀污染物,,,2019,0.10100000000000003
68326665,E,空氣污染物申報-一般空氣污染物,揮發性有機化合物,,,2019,793.5849999999999
68326665,E,空氣污染物申報-有害空氣污染物,苯,,,2019,0.065
68326665,E,空氣污染物申報-有害空氣污染物,乙苯,,,2019,11.121
68326665,E,空氣污染物申報-有害空氣污染物,二氯甲烷,,,2019,3.12
68326665,E,空氣污染物申報-有害空氣污染物,甲苯,,,2019,87.75299999999999
68326665,E,空氣污染物申報-有害空氣污染物,二甲苯,,,2019,46.221000000000004
69408876,E,空氣污染物申報-一般空氣污染物,氮氧化物,,,2019,0.035
69408876,E,空氣污染物申報-一般空氣污染物,揮發性有機化合物,,,2019,26.387
69408876,E,空氣污染物申報-有害空氣污染物,乙苯,,,2019,1.085
69408876,E,空氣污染物申報-有害空氣污染物,甲苯,,,2019,3.8150000000000004
69408876,E,空氣污染物申報-有害空氣污染物,二甲苯,,,2019,0.884
83446817,E,空氣污染物申報-一般空氣污染物,氮氧化物,,,2019,0.005
83446817,E,空氣污染物申報-一般空氣污染物,硫氧化物,,,2019,0.009000000000000001
83446817,E,空氣污染物申報-一般空氣污染物,揮發性有機化合物,,,2019,3.3789999999999996
83446817,E,空氣污染物申報-有害空氣污染物,乙苯,,,2019,0.312
83446817,E,空氣污染物申報-有害空氣污染物,甲苯,,,2019,0.343
83446817,E,空氣污染物申報-有害空氣污染物,二甲苯,,,2019,0.7220000000000001
85330636,E,空氣污染物申報-一般空氣污染物,氮氧化物,,,2019,0.383
85330636,E,空氣污染物申報-一般空氣污染物,粒狀污染物,,,2019,0.004
85330636,E,空氣污染物申報-一般空氣污染物,揮發性有機化合物,,,2019,1.6929999999999998
86120567,E,空氣污染物申報-一般空氣污染物,揮發性有機化合物,,,2019,3.306
86120567,E,空氣污染物申報-有害空氣污染物,乙苯,,,2019,0.061
86120567,E,空氣污染物申報-有害空氣污染物,甲苯,,,2019,0.235
86120567,E,空氣污染物申報-有害空氣污染物,二甲苯,,,2019,0.315
89396315,E,空氣污染物申報-一般空氣污染物,揮發性有機化合物,,,2019,9.856
89396315,E,空氣污染物申報-有害空氣污染物,甲苯,,,2019,0.043000000000000003
03489200,E,空氣污染物申報-一般空氣污染物,氮氧化物,,,2019,4.861
03489200,E,空氣污染物申報-一般空氣污染物,硫氧化物,,,2019,2.082
03489200,E,空氣污染物申報-一般空氣污染物,粒狀污染物,,,2019,0.247
03489200,E,空氣污染物申報-一般空氣污染物,揮發性有機化合物,,,2019,419.312
03489200,E,空氣污染物申報-有害空氣污染物,苯,,,2019,0.004
03489200,E,空氣污染物申報-有害空氣污染物,乙苯,,,2019,17.666
03489200,E,空氣污染物申報-有害空氣污染物,甲苯,,,2019,3.121
03489200,E,空氣污染物申報-有害空氣污染物,二甲苯,,,2019,96.012
03098415,E,空氣污染物申報-一般空氣污染物,氮氧化物,,,2019,4.264
03098415,E,空氣污染物申報-一般空氣污染物,硫氧化物,,,2019,0.513
03098415,E,空氣污染物申報-一般空氣污染物,粒狀污染物,,,2019,2.827
03098415,E,空氣污染物申報-一般空氣污染物,揮發性有機化合物,,,2019,279.28299999999996
03098415,E,空氣污染物申報-有害空氣污染物,乙苯,,,2019,11.189
03098415,E,空氣污染物申報-有害空氣污染物,甲苯,,,2019,52.159000000000006
03098415,E,空氣污染物申報-有害空氣污染物,二甲苯,,,2019,27.303
04827138,E,空氣污染物申報-一般空氣污染物,揮發性有機化合物,,,2019,3.911
04359789,E,空氣污染物申報-一般空氣污染物,粒狀污染物,,,2019,0.21800000000000003
04359789,E,空氣污染物申報-一般空氣污染物,揮發性有機化合物,,,2019,72.982
20838245,E,空氣污染物申報-一般空氣污染物,氮氧化物,,,2020,0.039
20838245,E,空氣污染物申報-一般空氣污染物,粒狀污染物,,,2020,0.015
20838245,E,空氣污染物申報-一般空氣污染物,揮發性有機化合物,,,2020,2.958
20838245,E,空氣污染物申報-有害空氣污染物,苯乙烯,,,2020,0.18300000000000002
20838245,E,空氣污染物申報-有害空氣污染物,乙苯,,,2020,0.11300000000000002
20838245,E,空氣污染物申報-有害空氣污染物,甲苯,,,2020,0.16
20838245,E,空氣污染物申報-有害空氣污染物,二甲苯,,,2020,0.335
22078327,E,空氣污染物申報-一般空氣污染物,揮發性有機化合物,,,2020,16.104
22078327,E,空氣污染物申報-有害空氣污染物,甲苯,,,2020,0.19999999999999998
22078327,E,空氣污染物申報-有害空氣污染物,二甲苯,,,2020,0.872
22081250,E,空氣污染物申報-一般空氣污染物,氮氧化物,,,2020,3.0349999999999997
22081250,E,空氣污染物申報-一般空氣污染物,硫氧化物,,,2020,1.623
22081250,E,空氣污染物申報-一般空氣污染物,粒狀污染物,,,2020,0.12200000000000001
22081250,E,空氣污染物申報-一般空氣污染物,揮發性有機化合物,,,2020,7.524
22269487,E,空氣污染物申報-一般空氣污染物,揮發性有機化合物,,,2020,43.015
22269487,E,空氣污染物申報-有害空氣污染物,甲苯,,,2020,0.249
22269487,E,空氣污染物申報-有害空氣污染物,二甲苯,,,2020,8.01
22663848,E,空氣污染物申報-一般空氣污染物,氮氧化物,,,2020,0.3890000000000001
22663848,E,空氣污染物申報-一般空氣污染物,粒狀污染物,,,2020,0.13000000000000006
22663848,E,空氣污染物申報-一般空氣污染物,揮發性有機化合物,,,2020,17.6
22663848,E,空氣污染物申報-有害空氣污染物,乙苯,,,2020,0.8870000000000005
22663848,E,空氣污染物申報-有害空氣污染物,甲苯,,,2020,2.601
22663848,E,空氣污染物申報-有害空氣污染物,二甲苯,,,2020,5.997000000000001
22702791,E,空氣污染物申報-一般空氣污染物,揮發性有機化合物,,,2020,7.143000000000001
22817885,E,空氣污染物申報-一般空氣污染物,氮氧化物,,,2020,0.37800000000000017
22817885,E,空氣污染物申報-一般空氣污染物,粒狀污染物,,,2020,0.02500000000000001
22817885,E,空氣污染物申報-一般空氣污染物,揮發性有機化合物,,,2020,12.106999999999998
22817885,E,空氣污染物申報-有害空氣污染物,甲苯,,,2020,0.05100000000000002
22817885,E,空氣污染物申報-有害空氣污染物,二甲苯,,,2020,2.553000000000001
22819125,E,空氣污染物申報-一般空氣污染物,氮氧化物,,,2020,0.3000000000000001
22819125,E,空氣污染物申報-一般空氣污染物,粒狀污染物,,,2020,0.006
22819125,E,空氣污染物申報-一般空氣污染物,揮發性有機化合物,,,2020,24.610000000000003
22819125,E,空氣污染物申報-有害空氣污染物,苯乙烯,,,2020,0.12100000000000001
22819125,E,空氣污染物申報-有害空氣污染物,乙苯,,,2020,0.9400000000000002
22819125,E,空氣污染物申報-有害空氣污染物,甲苯,,,2020,4.0120000000000005
22819125,E,空氣污染物申報-有害空氣污染物,二甲苯,,,2020,2.925
24004006,E,空氣污染物申報-一般空氣污染物,氮氧化物,,,2020,17.287
24004006,E,空氣污染物申報-一般空氣污染物,硫氧化物,,,2020,15.859
24004006,E,空氣污染物申報-一般空氣污染物,粒狀污染物,,,2020,3.026
24004006,E,空氣污染物申報-一般空氣污染物,揮發性有機化合物,,,2020,430.244
24004006,E,空氣污染物申報-有害空氣污染物,苯乙烯,,,2020,0.001
24004006,E,空氣污染物申報-有害空氣污染物,乙苯,,,2020,1.6640000000000001
24004006,E,空氣污染物申報-有害空氣污染物,甲苯,,,2020,4.802
24004006,E,空氣污染物申報-有害空氣污染物,二甲苯,,,2020,106.01700000000001
24004006,E,空氣污染物申報-有害空氣污染物,重金屬,,,2020,0.023
24157564,E,空氣污染物申報-一般空氣污染物,氮氧化物,,,2020,0.004
35129100,E,空氣污染物申報-一般空氣污染物,氮氧化物,,,2020,0.618
35129100,E,空氣污染物申報-一般空氣污染物,粒狀污染物,,,2020,0.239
35129100,E,空氣污染物申報-一般空氣污染物,揮發性有機化合物,,,2020,21.527
35129100,E,空氣污染物申報-有害空氣污染物,二甲苯,,,2020,0.9520000000000001
52264848,E,空氣污染物申報-一般空氣污染物,氮氧化物,,,2020,0.31000000000000005
52264848,E,空氣污染物申報-一般空氣污染物,硫氧化物,,,2020,0.024
52264848,E,空氣污染物申報-一般空氣污染物,粒狀污染物,,,2020,0.016
52264848,E,空氣污染物申報-一般空氣污染物,揮發性有機化合物,,,2020,0.9730000000000001
53418357,E,空氣污染物申報-一般空氣污染物,粒狀污染物,,,2020,0.004
53418357,E,空氣污染物申報-一般空氣污染物,揮發性有機化合物,,,2020,36.825
59334664,E,空氣污染物申報-一般空氣污染物,揮發性有機化合物,,,2020,0.056999999999999995
59347422,E,空氣污染物申報-一般空氣污染物,揮發性有機化合物,,,2020,9.975
66654986,E,空氣污染物申報-一般空氣污染物,揮發性有機化合物,,,2020,0.025
68326665,E,空氣污染物申報-一般空氣污染物,氮氧化物,,,2020,2.540999999999999
68326665,E,空氣污染物申報-一般空氣污染物,硫氧化物,,,2020,0.41700000000000004
68326665,E,空氣污染物申報-一般空氣污染物,粒狀污染物,,,2020,0.11700000000000002
68326665,E,空氣污染物申報-一般空氣污染物,揮發性有機化合物,,,2020,643.036
68326665,E,空氣污染物申報-有害空氣污染物,苯,,,2020,0.055999999999999994
68326665,E,空氣污染物申報-有害空氣污染物,乙苯,,,2020,8.865000000000002
68326665,E,空氣污染物申報-有害空氣污染物,二氯甲烷,,,2020,2.08
68326665,E,空氣污染物申報-有害空氣污染物,甲苯,,,2020,74.852
68326665,E,空氣污染物申報-有害空氣污染物,二甲苯,,,2020,37.647999999999996
69408876,E,空氣污染物申報-一般空氣污染物,氮氧化物,,,2020,0.033
69408876,E,空氣污染物申報-一般空氣污染物,粒狀污染物,,,2020,0.002
69408876,E,空氣污染物申報-一般空氣污染物,揮發性有機化合物,,,2020,24.101000000000003
69408876,E,空氣污染物申報-有害空氣污染物,乙苯,,,2020,1.106
69408876,E,空氣污染物申報-有害空氣污染物,甲苯,,,2020,3.448
69408876,E,空氣污染物申報-有害空氣污染物,二甲苯,,,2020,0.806
83446817,E,空氣污染物申報-一般空氣污染物,氮氧化物,,,2020,0.005
83446817,E,空氣污染物申報-一般空氣污染物,硫氧化物,,,2020,0.009000000000000001
83446817,E,空氣污染物申報-一般空氣污染物,揮發性有機化合物,,,2020,2.5629999999999997
83446817,E,空氣污染物申報-有害空氣污染物,乙苯,,,2020,0.188
83446817,E,空氣污染物申報-有害空氣污染物,甲苯,,,2020,0.30200000000000005
83446817,E,空氣污染物申報-有害空氣污染物,二甲苯,,,2020,0.4600000000000001
85330636,E,空氣污染物申報-一般空氣污染物,氮氧化物,,,2020,0.135
85330636,E,空氣污染物申報-一般空氣污染物,粒狀污染物,,,2020,0.004
85330636,E,空氣污染物申報-一般空氣污染物,揮發性有機化合物,,,2020,1.1400000000000001
86120567,E,空氣污染物申報-一般空氣污染物,揮發性有機化合物,,,2020,3.032
86120567,E,空氣污染物申報-有害空氣污染物,乙苯,,,2020,0.068
86120567,E,空氣污染物申報-有害空氣污染物,甲苯,,,2020,0.148
86120567,E,空氣污染物申報-有害空氣污染物,二甲苯,,,2020,0.324
89396315,E,空氣污染物申報-一般空氣污染物,揮發性有機化合物,,,2020,9.089
89396315,E,空氣污染物申報-有害空氣污染物,甲苯,,,2020,0.05
03489200,E,空氣污染物申報-一般空氣污染物,氮氧化物,,,2020,4.32
03489200,E,空氣污染物申報-一般空氣污染物,硫氧化物,,,2020,1.542
03489200,E,空氣污染物申報-一般空氣污染物,粒狀污染物,,,2020,0.225
03489200,E,空氣污染物申報-一般空氣污染物,揮發性有機化合物,,,2020,394.376
03489200,E,空氣污染物申報-有害空氣污染物,苯,,,2020,0.004
03489200,E,空氣污染物申報-有害空氣污染物,乙苯,,,2020,15.836
03489200,E,空氣污染物申報-有害空氣污染物,甲苯,,,2020,2.811
03489200,E,空氣污染物申報-有害空氣污染物,二甲苯,,,2020,86.27700000000002
03098415,E,空氣污染物申報-一般空氣污染物,氮氧化物,,,2020,3.8939999999999997
03098415,E,空氣污染物申報-一般空氣污染物,硫氧化物,,,2020,0.4600000000000001
03098415,E,空氣污染物申報-一般空氣污染物,粒狀污染物,,,2020,1.5179999999999998
03098415,E,空氣污染物申報-一般空氣污染物,揮發性有機化合物,,,2020,265.01699999999994
03098415,E,空氣污染物申報-有害空氣污染物,乙苯,,,2020,14.841999999999999
03098415,E,空氣污染物申報-有害空氣污染物,甲苯,,,2020,45.18599999999999
03098415,E,空氣污染物申報-有害空氣污染物,二甲苯,,,2020,31.434000000000005
04359789,E,空氣污染物申報-一般空氣污染物,粒狀污染物,,,2020,0.05
04359789,E,空氣污染物申報-一般空氣污染物,揮發性有機化合物,,,2020,46.784
04827138,E,空氣污染物申報-一般空氣污染物,揮發性有機化合物,,,2020,3.6479999999999997
20838245,E,空氣污染物申報-一般空氣污染物,氮氧化物,,,2021,0.051000000000000004
20838245,E,空氣污染物申報-一般空氣污染物,粒狀污染物,,,2021,0.017
20838245,E,空氣污染物申報-一般空氣污染物,揮發性有機化合物,,,2021,2.387
20838245,E,空氣污染物申報-有害空氣污染物,苯乙烯,,,2021,0.184
20838245,E,空氣污染物申報-有害空氣污染物,乙苯,,,2021,0.087
20838245,E,空氣污染物申報-有害空氣污染物,甲苯,,,2021,0.003
20838245,E,空氣污染物申報-有害空氣污染物,二甲苯,,,2021,0.251
22078327,E,空氣污染物申報-一般空氣污染物,揮發性有機化合物,,,2021,17.384
22078327,E,空氣污染物申報-有害空氣污染物,甲苯,,,2021,0.213
22078327,E,空氣污染物申報-有害空氣污染物,二甲苯,,,2021,0.918
22081250,E,空氣污染物申報-一般空氣污染物,氮氧化物,,,2021,2.945
22081250,E,空氣污染物申報-一般空氣污染物,硫氧化物,,,2021,1.233
22081250,E,空氣污染物申報-一般空氣污染物,粒狀污染物,,,2021,0.10900000000000001
22081250,E,空氣污染物申報-一般空氣污染物,揮發性有機化合物,,,2021,8.093
22269487,E,空氣污染物申報-一般空氣污染物,揮發性有機化合物,,,2021,43.509
22269487,E,空氣污染物申報-有害空氣污染物,甲苯,,,2021,0.579
22269487,E,空氣污染物申報-有害空氣污染物,二甲苯,,,2021,7.52
22663848,E,空氣污染物申報-一般空氣污染物,氮氧化物,,,2021,0.37600000000000017
22663848,E,空氣污染物申報-一般空氣污染物,粒狀污染物,,,2021,0.12200000000000004
22663848,E,空氣污染物申報-一般空氣污染物,揮發性有機化合物,,,2021,26.423000000000005
22663848,E,空氣污染物申報-有害空氣污染物,苯,,,2021,0.02
22663848,E,空氣污染物申報-有害空氣污染物,乙苯,,,2021,0.9540000000000005
22663848,E,空氣污染物申報-有害空氣污染物,甲苯,,,2021,2.7739999999999996
22663848,E,空氣污染物申報-有害空氣污染物,二甲苯,,,2021,3.3609999999999998
22702791,E,空氣污染物申報-一般空氣污染物,揮發性有機化合物,,,2021,18.220000000000002
22817885,E,空氣污染物申報-一般空氣污染物,氮氧化物,,,2021,0.35800000000000015
22817885,E,空氣污染物申報-一般空氣污染物,粒狀污染物,,,2021,0.024000000000000014
22817885,E,空氣污染物申報-一般空氣污染物,揮發性有機化合物,,,2021,17.196000000000005
22817885,E,空氣污染物申報-有害空氣污染物,甲苯,,,2021,1595.6130000000003
22817885,E,空氣污染物申報-有害空氣污染物,二甲苯,,,2021,89.94
22819125,E,空氣污染物申報-一般空氣污染物,氮氧化物,,,2021,0.2870000000000001
22819125,E,空氣污染物申報-一般空氣污染物,粒狀污染物,,,2021,0.005
22819125,E,空氣污染物申報-一般空氣污染物,揮發性有機化合物,,,2021,22.139999999999997
22819125,E,空氣污染物申報-有害空氣污染物,苯乙烯,,,2021,0.098
22819125,E,空氣污染物申報-有害空氣污染物,乙苯,,,2021,0.8410000000000002
22819125,E,空氣污染物申報-有害空氣污染物,甲苯,,,2021,3.789000000000001
22819125,E,空氣污染物申報-有害空氣污染物,二甲苯,,,2021,2.6270000000000002
24004006,E,空氣污染物申報-一般空氣污染物,氮氧化物,,,2021,16.397
24004006,E,空氣污染物申報-一般空氣污染物,硫氧化物,,,2021,14.365
24004006,E,空氣污染物申報-一般空氣污染物,粒狀污染物,,,2021,2.42
24004006,E,空氣污染物申報-一般空氣污染物,揮發性有機化合物,,,2021,406.567
24004006,E,空氣污染物申報-有害空氣污染物,苯乙烯,,,2021,0.004
24004006,E,空氣污染物申報-有害空氣污染物,乙苯,,,2021,1.912
24004006,E,空氣污染物申報-有害空氣污染物,甲苯,,,2021,5.9110000000000005
24004006,E,空氣污染物申報-有害空氣污染物,二甲苯,,,2021,101.559
24004006,E,空氣污染物申報-有害空氣污染物,重金屬,,,2021,0.018000000000000002
24157564,E,空氣污染物申報-一般空氣污染物,氮氧化物,,,2021,0.004
35129100,E,空氣污染物申報-一般空氣污染物,氮氧化物,,,2021,0.6950000000000001
35129100,E,空氣污染物申報-一般空氣污染物,粒狀污染物,,,2021,0.29000000000000004
35129100,E,空氣污染物申報-一般空氣污染物,揮發性有機化合物,,,2021,22.062000000000005
35129100,E,空氣污染物申報-有害空氣污染物,二甲苯,,,2021,4.0760000000000005
52264848,E,空氣污染物申報-一般空氣污染物,氮氧化物,,,2021,0.611
52264848,E,空氣污染物申報-一般空氣污染物,硫氧化物,,,2021,0.049
52264848,E,空氣污染物申報-一般空氣污染物,粒狀污染物,,,2021,0.224
52264848,E,空氣污染物申報-一般空氣污染物,揮發性有機化合物,,,2021,1.5
53418357,E,空氣污染物申報-一般空氣污染物,氮氧化物,,,2021,0.147
53418357,E,空氣污染物申報-一般空氣污染物,硫氧化物,,,2021,0.178
53418357,E,空氣污染物申報-一般空氣污染物,粒狀污染物,,,2021,0.005
53418357,E,空氣污染物申報-一般空氣污染物,揮發性有機化合物,,,2021,29.429000000000002
59334664,E,空氣污染物申報-一般空氣污染物,揮發性有機化合物,,,2021,0.11399999999999999
59347422,E,空氣污染物申報-一般空氣污染物,揮發性有機化合物,,,2021,10.139
66654986,E,空氣污染物申報-一般空氣污染物,揮發性有機化合物,,,2021,0.025
68326665,E,空氣污染物申報-一般空氣污染物,氮氧化物,,,2021,2.4689999999999994
68326665,E,空氣污染物申報-一般空氣污染物,硫氧化物,,,2021,0.41500000000000004
68326665,E,空氣污染物申報-一般空氣污染物,粒狀污染物,,,2021,0.11200000000000003
68326665,E,空氣污染物申報-一般空氣污染物,揮發性有機化合物,,,2021,654.9839999999999
68326665,E,空氣污染物申報-有害空氣污染物,苯,,,2021,0.012
68326665,E,空氣污染物申報-有害空氣污染物,乙苯,,,2021,12.415999999999999
68326665,E,空氣污染物申報-有害空氣污染物,二氯甲烷,,,2021,4.6850000000000005
68326665,E,空氣污染物申報-有害空氣污染物,甲苯,,,2021,64.53
68326665,E,空氣污染物申報-有害空氣污染物,二甲苯,,,2021,76.36200000000001
69408876,E,空氣污染物申報-一般空氣污染物,氮氧化物,,,2021,0.026000000000000002
69408876,E,空氣污染物申報-一般空氣污染物,粒狀污染物,,,2021,0.004
69408876,E,空氣污染物申報-一般空氣污染物,揮發性有機化合物,,,2021,22.061999999999998
69408876,E,空氣污染物申報-有害空氣污染物,乙苯,,,2021,0.774
69408876,E,空氣污染物申報-有害空氣污染物,甲苯,,,2021,3.376
69408876,E,空氣污染物申報-有害空氣污染物,二甲苯,,,2021,0.726
83446817,E,空氣污染物申報-一般空氣污染物,氮氧化物,,,2021,0.005
83446817,E,空氣污染物申報-一般空氣污染物,硫氧化物,,,2021,0.009000000000000001
83446817,E,空氣污染物申報-一般空氣污染物,揮發性有機化合物,,,2021,1.8070000000000004
83446817,E,空氣污染物申報-有害空氣污染物,乙苯,,,2021,0.14
83446817,E,空氣污染物申報-有害空氣污染物,甲苯,,,2021,0.12
83446817,E,空氣污染物申報-有害空氣污染物,二甲苯,,,2021,0.359
85330636,E,空氣污染物申報-一般空氣污染物,氮氧化物,,,2021,0.791
85330636,E,空氣污染物申報-一般空氣污染物,粒狀污染物,,,2021,0.056999999999999995
85330636,E,空氣污染物申報-一般空氣污染物,揮發性有機化合物,,,2021,1.66
86120567,E,空氣污染物申報-一般空氣污染物,揮發性有機化合物,,,2021,2.856
86120567,E,空氣污染物申報-有害空氣污染物,乙苯,,,2021,0.057999999999999996
86120567,E,空氣污染物申報-有害空氣污染物,甲苯,,,2021,0.192
86120567,E,空氣污染物申報-有害空氣污染物,二甲苯,,,2021,0.28
89396315,E,空氣污染物申報-一般空氣污染物,揮發性有機化合物,,,2021,11.126000000000001
89396315,E,空氣污染物申報-有害空氣污染物,甲苯,,,2021,0.07200000000000001
04827138,E,空氣污染物申報-一般空氣污染物,揮發性有機化合物,,,2021,3.944
04359789,E,空氣污染物申報-一般空氣污染物,粒狀污染物,,,2021,0.059
04359789,E,空氣污染物申報-一般空氣污染物,揮發性有機化合物,,,2021,53.105000000000004
03489200,E,空氣污染物申報-一般空氣污染物,氮氧化物,,,2021,2.983
03489200,E,空氣污染物申報-一般空氣污染物,硫氧化物,,,2021,0.742
03489200,E,空氣污染物申報-一般空氣污染物,粒狀污染物,,,2021,0.14400000000000002
03489200,E,空氣污染物申報-一般空氣污染物,揮發性有機化合物,,,2021,290.951
03489200,E,空氣污染物申報-有害空氣污染物,乙苯,,,2021,11.312999999999999
03489200,E,空氣污染物申報-有害空氣污染物,甲苯,,,2021,2.1719999999999997
03489200,E,空氣污染物申報-有害空氣污染物,二甲苯,,,2021,62.565
03098415,E,空氣污染物申報-一般空氣污染物,氮氧化物,,,2021,4.165
03098415,E,空氣污染物申報-一般空氣污染物,硫氧化物,,,2021,0.579
03098415,E,空氣污染物申報-一般空氣污染物,粒狀污染物,,,2021,1.9249999999999998
03098415,E,空氣污染物申報-一般空氣污染物,揮發性有機化合物,,,2021,264.499
03098415,E,空氣污染物申報-有害空氣污染物,乙苯,,,2021,15.503
03098415,E,空氣污染物申報-有害空氣污染物,甲苯,,,2021,42.07
03098415,E,空氣污染物申報-有害空氣污染物,二甲苯,,,2021,33.866
20838245,E,空氣污染物申報-一般空氣污染物,氮氧化物,,,2022,0.044
20838245,E,空氣污染物申報-一般空氣污染物,粒狀污染物,,,2022,0.016
20838245,E,空氣污染物申報-一般空氣污染物,揮發性有機化合物,,,2022,2.495
20838245,E,空氣污染物申報-有害空氣污染物,苯乙烯,,,2022,0.13
20838245,E,空氣污染物申報-有害空氣污染物,乙苯,,,2022,0.083
20838245,E,空氣污染物申報-有害空氣污染物,甲苯,,,2022,0.002
20838245,E,空氣污染物申報-有害空氣污染物,二甲苯,,,2022,0.245
22078327,E,空氣污染物申報-一般空氣污染物,揮發性有機化合物,,,2022,17.272
22078327,E,空氣污染物申報-有害空氣污染物,甲苯,,,2022,0.209
22078327,E,空氣污染物申報-有害空氣污染物,二甲苯,,,2022,0.977
22081250,E,空氣污染物申報-一般空氣污染物,氮氧化物,,,2022,3.032
22081250,E,空氣污染物申報-一般空氣污染物,硫氧化物,,,2022,0.371
22081250,E,空氣污染物申報-一般空氣污染物,粒狀污染物,,,2022,0.118
22081250,E,空氣污染物申報-一般空氣污染物,揮發性有機化合物,,,2022,8.597000000000001
22269487,E,空氣污染物申報-一般空氣污染物,揮發性有機化合物,,,2022,35.955
22269487,E,空氣污染物申報-有害空氣污染物,乙苯,,,2022,0.344
22269487,E,空氣污染物申報-有害空氣污染物,甲苯,,,2022,1.427
22269487,E,空氣污染物申報-有害空氣污染物,二甲苯,,,2022,6.0409999999999995
22663848,E,空氣污染物申報-一般空氣污染物,氮氧化物,,,2022,0.3480000000000001
22663848,E,空氣污染物申報-一般空氣污染物,粒狀污染物,,,2022,0.11600000000000003
22663848,E,空氣污染物申報-一般空氣污染物,揮發性有機化合物,,,2022,53.31499999999998
22663848,E,空氣污染物申報-有害空氣污染物,苯,,,2022,0.012
22663848,E,空氣污染物申報-有害空氣污染物,乙苯,,,2022,0.8970000000000004
22663848,E,空氣污染物申報-有害空氣污染物,甲苯,,,2022,5.678999999999999
22663848,E,空氣污染物申報-有害空氣污染物,二甲苯,,,2022,3.7399999999999993
22702791,E,空氣污染物申報-一般空氣污染物,揮發性有機化合物,,,2022,16.653
22817885,E,空氣污染物申報-一般空氣污染物,氮氧化物,,,2022,0.35200000000000015
22817885,E,空氣污染物申報-一般空氣污染物,粒狀污染物,,,2022,0.017
22817885,E,空氣污染物申報-一般空氣污染物,揮發性有機化合物,,,2022,12.176
22817885,E,空氣污染物申報-有害空氣污染物,甲苯,,,2022,0.16000000000000003
22817885,E,空氣污染物申報-有害空氣污染物,二甲苯,,,2022,3.0589999999999997
22819125,E,空氣污染物申報-一般空氣污染物,氮氧化物,,,2022,0.3000000000000001
22819125,E,空氣污染物申報-一般空氣污染物,粒狀污染物,,,2022,0.003
22819125,E,空氣污染物申報-一般空氣污染物,揮發性有機化合物,,,2022,23.753999999999998
22819125,E,空氣污染物申報-有害空氣污染物,苯乙烯,,,2022,0.31200000000000006
22819125,E,空氣污染物申報-有害空氣污染物,乙苯,,,2022,0.7130000000000002
22819125,E,空氣污染物申報-有害空氣污染物,甲苯,,,2022,1.2630000000000001
22819125,E,空氣污染物申報-有害空氣污染物,二甲苯,,,2022,1.992
24004006,E,空氣污染物申報-一般空氣污染物,氮氧化物,,,2022,15.852
24004006,E,空氣污染物申報-一般空氣污染物,硫氧化物,,,2022,15.47
24004006,E,空氣污染物申報-一般空氣污染物,粒狀污染物,,,2022,2.4779999999999998
24004006,E,空氣污染物申報-一般空氣污染物,揮發性有機化合物,,,2022,443.21000000000004
24004006,E,空氣污染物申報-有害空氣污染物,苯乙烯,,,2022,0.003
24004006,E,空氣污染物申報-有害空氣污染物,乙苯,,,2022,2.069
24004006,E,空氣污染物申報-有害空氣污染物,甲苯,,,2022,6.427
24004006,E,空氣污染物申報-有害空氣污染物,二甲苯,,,2022,104.077
24004006,E,空氣污染物申報-有害空氣污染物,重金屬,,,2022,0.02
24157564,E,空氣污染物申報-一般空氣污染物,氮氧化物,,,2022,0.004
35129100,E,空氣污染物申報-一般空氣污染物,氮氧化物,,,2022,0.611
35129100,E,空氣污染物申報-一般空氣污染物,粒狀污染物,,,2022,0.35400000000000004
35129100,E,空氣污染物申報-一般空氣污染物,揮發性有機化合物,,,2022,37.74
35129100,E,空氣污染物申報-有害空氣污染物,甲苯,,,2022,0.241
35129100,E,空氣污染物申報-有害空氣污染物,二甲苯,,,2022,4.162
52264848,E,空氣污染物申報-一般空氣污染物,氮氧化物,,,2022,1.116
52264848,E,空氣污染物申報-一般空氣污染物,硫氧化物,,,2022,0.08800000000000001
52264848,E,空氣污染物申報-一般空氣污染物,粒狀污染物,,,2022,0.5489999999999999
52264848,E,空氣污染物申報-一般空氣污染物,揮發性有機化合物,,,2022,2.615
53418357,E,空氣污染物申報-一般空氣污染物,氮氧化物,,,2022,0.048
53418357,E,空氣污染物申報-一般空氣污染物,硫氧化物,,,2022,0.056999999999999995
53418357,E,空氣污染物申報-一般空氣污染物,粒狀污染物,,,2022,0.005
53418357,E,空氣污染物申報-一般空氣污染物,揮發性有機化合物,,,2022,18.866999999999997
59334664,E,空氣污染物申報-一般空氣污染物,揮發性有機化合物,,,2022,0.07600000000000001
59347422,E,空氣污染物申報-一般空氣污染物,揮發性有機化合物,,,2022,6.427
66654986,E,空氣污染物申報-一般空氣污染物,揮發性有機化合物,,,2022,0.028999999999999998
68326665,E,空氣污染物申報-一般空氣污染物,氮氧化物,,,2022,2.5210000000000004
68326665,E,空氣污染物申報-一般空氣污染物,硫氧化物,,,2022,0.41300000000000003
68326665,E,空氣污染物申報-一般空氣污染物,粒狀污染物,,,2022,0.11300000000000002
68326665,E,空氣污染物申報-一般空氣污染物,揮發性有機化合物,,,2022,635.8729999999998
68326665,E,空氣污染物申報-有害空氣污染物,乙苯,,,2022,8.154
68326665,E,空氣污染物申報-有害空氣污染物,二氯甲烷,,,2022,1.828
68326665,E,空氣污染物申報-有害空氣污染物,甲苯,,,2022,60.964
68326665,E,空氣污染物申報-有害空氣污染物,二甲苯,,,2022,75.93900000000001
69408876,E,空氣污染物申報-一般空氣污染物,氮氧化物,,,2022,0.027
69408876,E,空氣污染物申報-一般空氣污染物,粒狀污染物,,,2022,0.004
69408876,E,空氣污染物申報-一般空氣污染物,揮發性有機化合物,,,2022,20.203
69408876,E,空氣污染物申報-有害空氣污染物,乙苯,,,2022,0.88
69408876,E,空氣污染物申報-有害空氣污染物,甲苯,,,2022,2.9640000000000004
69408876,E,空氣污染物申報-有害空氣污染物,二甲苯,,,2022,0.903
83446817,E,空氣污染物申報-一般空氣污染物,氮氧化物,,,2022,0.005
83446817,E,空氣污染物申報-一般空氣污染物,硫氧化物,,,2022,0.009000000000000001
83446817,E,空氣污染物申報-一般空氣污染物,揮發性有機化合物,,,2022,1.765
83446817,E,空氣污染物申報-有害空氣污染物,苯乙烯,,,2022,0.052
83446817,E,空氣污染物申報-有害空氣污染物,乙苯,,,2022,0.116
83446817,E,空氣污染物申報-有害空氣污染物,甲苯,,,2022,0.05200000000000001
83446817,E,空氣污染物申報-有害空氣污染物,二甲苯,,,2022,0.488
85330636,E,空氣污染物申報-一般空氣污染物,氮氧化物,,,2022,0.031
85330636,E,空氣污染物申報-一般空氣污染物,揮發性有機化合物,,,2022,0.678
86120567,E,空氣污染物申報-一般空氣污染物,揮發性有機化合物,,,2022,2.5869999999999997
86120567,E,空氣污染物申報-有害空氣污染物,乙苯,,,2022,0.057
86120567,E,空氣污染物申報-有害空氣污染物,甲苯,,,2022,0.18
86120567,E,空氣污染物申報-有害空氣污染物,二甲苯,,,2022,0.22599999999999998
89396315,E,空氣污染物申報-一般空氣污染物,揮發性有機化合物,,,2022,10.692
89396315,E,空氣污染物申報-有害空氣污染物,甲苯,,,2022,0.26699999999999996
04827138,E,空氣污染物申報-一般空氣污染物,揮發性有機化合物,,,2022,3.797
04359789,E,空氣污染物申報-一般空氣污染物,粒狀污染物,,,2022,0.123
04359789,E,空氣污染物申報-一般空氣污染物,揮發性有機化合物,,,2022,66.211
03489200,E,空氣污染物申報-一般空氣污染物,氮氧化物,,,2022,2.374
03489200,E,空氣污染物申報-一般空氣污染物,硫氧化物,,,2022,0.488
03489200,E,空氣污染物申報-一般空氣污染物,粒狀污染物,,,2022,0.111
03489200,E,空氣污染物申報-一般空氣污染物,揮發性有機化合物,,,2022,238.27599999999998
03489200,E,空氣污染物申報-有害空氣污染物,乙苯,,,2022,9.338000000000001
03489200,E,空氣污染物申報-有害空氣污染物,甲苯,,,2022,1.2530000000000001
03489200,E,空氣污染物申報-有害空氣污染物,二甲苯,,,2022,50.18300000000001
03098415,E,空氣污染物申報-一般空氣污染物,氮氧化物,,,2022,3.942
03098415,E,空氣污染物申報-一般空氣污染物,硫氧化物,,,2022,0.48100000000000004
03098415,E,空氣污染物申報-一般空氣污染物,粒狀污染物,,,2022,1.695
03098415,E,空氣污染物申報-一般空氣污染物,揮發性有機化合物,,,2022,225.596
03098415,E,空氣污染物申報-有害空氣污染物,乙苯,,,2022,11.600000000000001
03098415,E,空氣污染物申報-有害空氣污染物,甲苯,,,2022,33.815
03098415,E,空氣污染物申報-有害空氣污染物,二甲苯,,,2022,27.136000000000003
20838245,E,空氣污染物申報-一般空氣污染物,氮氧化物,,,2023,0.026000000000000002
20838245,E,空氣污染物申報-一般空氣污染物,粒狀污染物,,,2023,0.01
20838245,E,空氣污染物申報-一般空氣污染物,揮發性有機化合物,,,2023,1.0859999999999999
20838245,E,空氣污染物申報-有害空氣污染物,苯乙烯,,,2023,0.025
20838245,E,空氣污染物申報-有害空氣污染物,乙苯,,,2023,0.045
20838245,E,空氣污染物申報-有害空氣污染物,二甲苯,,,2023,0.11599999999999999
22078327,E,空氣污染物申報-一般空氣污染物,揮發性有機化合物,,,2023,8.68
22078327,E,空氣污染物申報-有害空氣污染物,甲苯,,,2023,0.11099999999999999
22078327,E,空氣污染物申報-有害空氣污染物,二甲苯,,,2023,0.479
22081250,E,空氣污染物申報-一般空氣污染物,氮氧化物,,,2023,1.421
22081250,E,空氣污染物申報-一般空氣污染物,硫氧化物,,,2023,0.178
22081250,E,空氣污染物申報-一般空氣污染物,粒狀污染物,,,2023,0.054
22081250,E,空氣污染物申報-一般空氣污染物,揮發性有機化合物,,,2023,3.935
22269487,E,空氣污染物申報-一般空氣污染物,揮發性有機化合物,,,2023,19.244
22269487,E,空氣污染物申報-有害空氣污染物,乙苯,,,2023,0.303
22269487,E,空氣污染物申報-有害空氣污染物,甲苯,,,2023,1.02
22269487,E,空氣污染物申報-有害空氣污染物,二甲苯,,,2023,3.439
22663848,E,空氣污染物申報-一般空氣污染物,氮氧化物,,,2023,0.182
22663848,E,空氣污染物申報-一般空氣污染物,粒狀污染物,,,2023,0.058
22663848,E,空氣污染物申報-一般空氣污染物,揮發性有機化合物,,,2023,17.436999999999998
22663848,E,空氣污染物申報-有害空氣污染物,苯,,,2023,0.002
22663848,E,空氣污染物申報-有害空氣污染物,乙苯,,,2023,0.313
22663848,E,空氣污染物申報-有害空氣污染物,甲苯,,,2023,1.308
22663848,E,空氣污染物申報-有害空氣污染物,二甲苯,,,2023,1.012
22702791,E,空氣污染物申報-一般空氣污染物,揮發性有機化合物,,,2023,2.8600000000000003
22817885,E,空氣污染物申報-一般空氣污染物,氮氧化物,,,2023,0.153
22817885,E,空氣污染物申報-一般空氣污染物,粒狀污染物,,,2023,0.009000000000000001
22817885,E,空氣污染物申報-一般空氣污染物,揮發性有機化合物,,,2023,5.235
22817885,E,空氣污染物申報-有害空氣污染物,甲苯,,,2023,0.09800000000000002
22817885,E,空氣污染物申報-有害空氣污染物,二甲苯,,,2023,1.299
22819125,E,空氣污染物申報-一般空氣污染物,氮氧化物,,,2023,0.14800000000000002
22819125,E,空氣污染物申報-一般空氣污染物,粒狀污染物,,,2023,0.001
22819125,E,空氣污染物申報-一般空氣污染物,揮發性有機化合物,,,2023,9.425
22819125,E,空氣污染物申報-有害空氣污染物,苯乙烯,,,2023,0.139
22819125,E,空氣污染物申報-有害空氣污染物,乙苯,,,2023,0.28200000000000003
22819125,E,空氣污染物申報-有害空氣污染物,甲苯,,,2023,0.020999999999999998
22819125,E,空氣污染物申報-有害空氣污染物,二甲苯,,,2023,0.753
24004006,E,空氣污染物申報-一般空氣污染物,氮氧化物,,,2023,8.942
24004006,E,空氣污染物申報-一般空氣污染物,硫氧化物,,,2023,9.209
24004006,E,空氣污染物申報-一般空氣污染物,粒狀污染物,,,2023,1.401
24004006,E,空氣污染物申報-一般空氣污染物,揮發性有機化合物,,,2023,216.49099999999999
24004006,E,空氣污染物申報-有害空氣污染物,苯乙烯,,,2023,0.001
24004006,E,空氣污染物申報-有害空氣污染物,乙苯,,,2023,1.2149999999999999
24004006,E,空氣污染物申報-有害空氣污染物,甲苯,,,2023,3.176
24004006,E,空氣污染物申報-有害空氣污染物,二甲苯,,,2023,49.328
24004006,E,空氣污染物申報-有害空氣污染物,重金屬,,,2023,0.019
24157564,E,空氣污染物申報-一般空氣污染物,氮氧化物,,,2023,0.002
35129100,E,空氣污染物申報-一般空氣污染物,氮氧化物,,,2023,0.351
35129100,E,空氣污染物申報-一般空氣污染物,粒狀污染物,,,2023,0.173
35129100,E,空氣污染物申報-一般空氣污染物,揮發性有機化合物,,,2023,17.043
35129100,E,空氣污染物申報-有害空氣污染物,甲苯,,,2023,0.11499999999999999
35129100,E,空氣污染物申報-有害空氣污染物,二甲苯,,,2023,2.223
52264848,E,空氣污染物申報-一般空氣污染物,氮氧化物,,,2023,0.601
52264848,E,空氣污染物申報-一般空氣污染物,硫氧化物,,,2023,0.045
52264848,E,空氣污染物申報-一般空氣污染物,粒狀污染物,,,2023,0.025
52264848,E,空氣污染物申報-一般空氣污染物,揮發性有機化合物,,,2023,1.085
53418357,E,空氣污染物申報-一般空氣污染物,氮氧化物,,,2023,0.023
53418357,E,空氣污染物申報-一般空氣污染物,硫氧化物,,,2023,0.027999999999999997
53418357,E,空氣污染物申報-一般空氣污染物,粒狀污染物,,,2023,0.002
53418357,E,空氣污染物申報-一般空氣污染物,揮發性有機化合物,,,2023,8.065999999999999
59334664,E,空氣污染物申報-一般空氣污染物,揮發性有機化合物,,,2023,0.020999999999999998
59347422,E,空氣污染物申報-一般空氣污染物,揮發性有機化合物,,,2023,3.059
66654986,E,空氣污染物申報-一般空氣污染物,揮發性有機化合物,,,2023,0.024
68326665,E,空氣污染物申報-一般空氣污染物,氮氧化物,,,2023,1.871
68326665,E,空氣污染物申報-一般空氣污染物,硫氧化物,,,2023,0.21000000000000002
68326665,E,空氣污染物申報-一般空氣污染物,粒狀污染物,,,2023,0.076
68326665,E,空氣污染物申報-一般空氣污染物,揮發性有機化合物,,,2023,313.28600000000006
68326665,E,空氣污染物申報-有害空氣污染物,乙苯,,,2023,3.919
68326665,E,空氣污染物申報-有害空氣污染物,甲苯,,,2023,30.699
68326665,E,空氣污染物申報-有害空氣污染物,二甲苯,,,2023,36.549
69408876,E,空氣污染物申報-一般空氣污染物,氮氧化物,,,2023,0.013000000000000001
69408876,E,空氣污染物申報-一般空氣污染物,粒狀污染物,,,2023,0.002
69408876,E,空氣污染物申報-一般空氣污染物,揮發性有機化合物,,,2023,9.921
69408876,E,空氣污染物申報-有害空氣污染物,乙苯,,,2023,0.45
69408876,E,空氣污染物申報-有害空氣污染物,甲苯,,,2023,1.4889999999999999
69408876,E,空氣污染物申報-有害空氣污染物,二甲苯,,,2023,0.508
83446817,E,空氣污染物申報-一般空氣污染物,氮氧化物,,,2023,0.002
83446817,E,空氣污染物申報-一般空氣污染物,硫氧化物,,,2023,0.004
83446817,E,空氣污染物申報-一般空氣污染物,揮發性有機化合物,,,2023,1.292
83446817,E,空氣污染物申報-有害空氣污染物,苯乙烯,,,2023,0.018
83446817,E,空氣污染物申報-有害空氣污染物,乙苯,,,2023,0.082
83446817,E,空氣污染物申報-有害空氣污染物,甲苯,,,2023,0.027
83446817,E,空氣污染物申報-有害空氣污染物,二甲苯,,,2023,0.346
85330636,E,空氣污染物申報-一般空氣污染物,氮氧化物,,,2023,0.085
85330636,E,空氣污染物申報-一般空氣污染物,粒狀污染物,,,2023,0.006
85330636,E,空氣污染物申報-一般空氣污染物,揮發性有機化合物,,,2023,0.18
86120567,E,空氣污染物申報-一般空氣污染物,揮發性有機化合物,,,2023,1.278
86120567,E,空氣污染物申報-有害空氣污染物,乙苯,,,2023,0.026
86120567,E,空氣污染物申報-有害空氣污染物,甲苯,,,2023,0.091
86120567,E,空氣污染物申報-有害空氣污染物,二甲苯,,,2023,0.1
89396315,E,空氣污染物申報-一般空氣污染物,揮發性有機化合物,,,2023,4.5489999999999995
89396315,E,空氣污染物申報-有害空氣污染物,甲苯,,,2023,0.073
03489200,E,空氣污染物申報-一般空氣污染物,氮氧化物,,,2023,1.2189999999999999
03489200,E,空氣污染物申報-一般空氣污染物,硫氧化物,,,2023,0.249
03489200,E,空氣污染物申報-一般空氣污染物,粒狀污染物,,,2023,0.058
03489200,E,空氣污染物申報-一般空氣污染物,揮發性有機化合物,,,2023,121.885
03489200,E,空氣污染物申報-有害空氣污染物,乙苯,,,2023,3.706
03489200,E,空氣污染物申報-有害空氣污染物,甲苯,,,2023,0.202
03489200,E,空氣污染物申報-有害空氣污染物,二甲苯,,,2023,16.212000000000003
04359789,E,空氣污染物申報-一般空氣污染物,粒狀污染物,,,2023,0.10300000000000001
04359789,E,空氣污染物申報-一般空氣污染物,揮發性有機化合物,,,2023,38.272
04827138,E,空氣污染物申報-一般空氣污染物,揮發性有機化合物,,,2023,1.6099999999999999
03098415,E,空氣污染物申報-一般空氣污染物,氮氧化物,,,2023,2.102
03098415,E,空氣污染物申報-一般空氣污染物,硫氧化物,,,2023,0.321
03098415,E,空氣污染物申報-一般空氣污染物,粒狀污染物,,,2023,0.764
03098415,E,空氣污染物申報-一般空氣污染物,揮發性有機化合物,,,2023,101.462
03098415,E,空氣污染物申報-有害空氣污染物,乙苯,,,2023,5.0920000000000005
03098415,E,空氣污染物申報-有害空氣污染物,甲苯,,,2023,15.153
03098415,E,空氣污染物申報-有害空氣污染物,二甲苯,,,2023,11.917
22078327,E,環境違規,違反環境法規金額,,元,2010,3000
22078327,E,環境違規,違反環境法規次數,,次,2010,1
22081250,E,環境違規,違反環境法規金額,,元,2010,250000
22081250,E,環境違規,違反環境法規次數,,次,2010,2
22817885,E,環境違規,違反環境法規金額,,元,2010,1200
22817885,E,環境違規,違反環境法規次數,,次,2010,1
24004006,E,環境違規,違反環境法規金額,,元,2010,170000
24004006,E,環境違規,違反環境法規次數,,次,2010,1
52264848,E,環境違規,違反環境法規金額,,元,2010,60000
52264848,E,環境違規,違反環境法規次數,,次,2010,1
59347422,E,環境違規,違反環境法規金額,,元,2010,140000
59347422,E,環境違規,違反環境法規次數,,次,2010,1
89396315,E,環境違規,違反環境法規金額,,元,2010,100000
89396315,E,環境違規,違反環境法規次數,,次,2010,1
03489200,E,環境違規,違反環境法規金額,,元,2010,1200
03489200,E,環境違規,違反環境法規次數,,次,2010,1
22078327,E,環境違規,違反環境法規金額,,元,2011,60000
22078327,E,環境違規,違反環境法規次數,,次,2011,1
22081250,E,環境違規,違反環境法規金額,,元,2011,10000
22081250,E,環境違規,違反環境法規次數,,次,2011,2
22817885,E,環境違規,違反環境法規金額,,元,2011,1200
22817885,E,環境違規,違反環境法規次數,,次,2011,1
24157564,E,環境違規,違反環境法規金額,,元,2011,6000
24157564,E,環境違規,違反環境法規次數,,次,2011,1
35129100,E,環境違規,違反環境法規金額,,元,2011,6000
35129100,E,環境違規,違反環境法規次數,,次,2011,1
52264848,E,環境違規,違反環境法規金額,,元,2011,100000
52264848,E,環境違規,違反環境法規次數,,次,2011,1
59334664,E,環境違規,違反環境法規金額,,元,2011,60000
59334664,E,環境違規,違反環境法規次數,,次,2011,1
68326665,E,環境違規,違反環境法規金額,,元,2011,80000
68326665,E,環境違規,違反環境法規次數,,次,2011,1
03489200,E,環境違規,違反環境法規金額,,元,2011,10000
03489200,E,環境違規,違反環境法規次數,,次,2011,1
22817885,E,環境違規,違反環境法規金額,,元,2012,1200
22817885,E,環境違規,違反環境法規次數,,次,2012,1
24004006,E,環境違規,違反環境法規金額,,元,2012,1200
24004006,E,環境違規,違反環境法規次數,,次,2012,1
35129100,E,環境違規,違反環境法規金額,,元,2012,10000
35129100,E,環境違規,違反環境法規次數,,次,2012,1
59347422,E,環境違規,違反環境法規金額,,元,2012,5000
59347422,E,環境違規,違反環境法規次數,,次,2012,1
69408876,E,環境違規,違反環境法規金額,,元,2012,120000
69408876,E,環境違規,違反環境法規次數,,次,2012,1
03251108,E,環境違規,違反環境法規金額,,元,2012,100000
03251108,E,環境違規,違反環境法規次數,,次,2012,1
03489200,E,環境違規,違反環境法規金額,,元,2012,110000
03489200,E,環境違規,違反環境法規次數,,次,2012,1
22817885,E,環境違規,違反環境法規金額,,元,2013,1200
22817885,E,環境違規,違反環境法規次數,,次,2013,1
52264848,E,環境違規,違反環境法規金額,,元,2013,430000
52264848,E,環境違規,違反環境法規次數,,次,2013,3
68326665,E,環境違規,違反環境法規金額,,元,2013,150000
68326665,E,環境違規,違反環境法規次數,,次,2013,2
85330636,E,環境違規,違反環境法規金額,,元,2013,80000
85330636,E,環境違規,違反環境法規次數,,次,2013,1
03098415,E,環境違規,違反環境法規金額,,元,2013,6000
03098415,E,環境違規,違反環境法規次數,,次,2013,1
03251108,E,環境違規,違反環境法規金額,,元,2013,120000
03251108,E,環境違規,違反環境法規次數,,次,2013,1
22078327,E,環境違規,違反環境法規金額,,元,2014,276000
22078327,E,環境違規,違反環境法規次數,,次,2014,6
22269487,E,環境違規,違反環境法規金額,,元,2014,100000
22269487,E,環境違規,違反環境法規次數,,次,2014,1
35129100,E,環境違規,違反環境法規金額,,元,2014,100000
35129100,E,環境違規,違反環境法規次數,,次,2014,1
68326665,E,環境違規,違反環境法規金額,,元,2014,100000
68326665,E,環境違規,違反環境法規次數,,次,2014,1
85330636,E,環境違規,違反環境法規金額,,元,2014,152000
85330636,E,環境違規,違反環境法規次數,,次,2014,6
03489200,E,環境違規,違反環境法規金額,,元,2014,106000
03489200,E,環境違規,違反環境法規次數,,次,2014,2
22078327,E,環境違規,違反環境法規金額,,元,2015,130000
22078327,E,環境違規,違反環境法規次數,,次,2015,1
22269487,E,環境違規,違反環境法規金額,,元,2015,232000
22269487,E,環境違規,違反環境法規次數,,次,2015,6
22817885,E,環境違規,違反環境法規金額,,元,2015,110000
22817885,E,環境違規,違反環境法規次數,,次,2015,2
52264848,E,環境違規,違反環境法規金額,,元,2015,90000
52264848,E,環境違規,違反環境法規次數,,次,2015,1
59347422,E,環境違規,違反環境法規金額,,元,2015,6000
59347422,E,環境違規,違反環境法規次數,,次,2015,1
68326665,E,環境違規,違反環境法規金額,,元,2015,266000
68326665,E,環境違規,違反環境法規次數,,次,2015,4
20838245,E,環境違規,違反環境法規金額,,元,2016,81000
20838245,E,環境違規,違反環境法規次數,,次,2016,2
23219346,E,環境違規,違反環境法規金額,,元,2016,6000
23219346,E,環境違規,違反環境法規次數,,次,2016,1
24004006,E,環境違規,違反環境法規金額,,元,2016,200000
24004006,E,環境違規,違反環境法規次數,,次,2016,2
52264848,E,環境違規,違反環境法規金額,,元,2016,60000
52264848,E,環境違規,違反環境法規次數,,次,2016,1
66654986,E,環境違規,違反環境法規金額,,元,2016,16000
66654986,E,環境違規,違反環境法規次數,,次,2016,2
68326665,E,環境違規,違反環境法規金額,,元,2016,170000
68326665,E,環境違規,違反環境法規次數,,次,2016,3
85330636,E,環境違規,違反環境法規金額,,元,2016,1500
85330636,E,環境違規,違反環境法規次數,,次,2016,1
85961513,E,環境違規,違反環境法規金額,,元,2016,60000
85961513,E,環境違規,違反環境法規次數,,次,2016,1
03489200,E,環境違規,違反環境法規金額,,元,2016,10000
03489200,E,環境違規,違反環境法規次數,,次,2016,1
20838245,E,環境違規,違反環境法規金額,,元,2017,116500
20838245,E,環境違規,違反環境法規次數,,次,2017,2
22081250,E,環境違規,違反環境法規金額,,元,2017,5000
22081250,E,環境違規,違反環境法規次數,,次,2017,1
22269487,E,環境違規,違反環境法規金額,,元,2017,10000
22269487,E,環境違規,違反環境法規次數,,次,2017,1
59347422,E,環境違規,違反環境法規金額,,元,2017,100000
59347422,E,環境違規,違反環境法規次數,,次,2017,1
68326665,E,環境違規,違反環境法規金額,,元,2017,63000
68326665,E,環境違規,違反環境法規次數,,次,2017,1
69408876,E,環境違規,違反環境法規金額,,元,2017,10000
69408876,E,環境違規,違反環境法規次數,,次,2017,1
85330636,E,環境違規,違反環境法規金額,,元,2017,75000
85330636,E,環境違規,違反環境法規次數,,次,2017,1
03098415,E,環境違規,違反環境法規金額,,元,2017,6000
03098415,E,環境違規,違反環境法規次數,,次,2017,1
03489200,E,環境違規,違反環境法規金額,,元,2017,180000
03489200,E,環境違規,違反環境法規次數,,次,2017,1
59347422,E,環境違規,違反環境法規金額,,元,2018,154000
59347422,E,環境違規,違反環境法規次數,,次,2018,8
66654986,E,環境違規,違反環境法規金額,,元,2018,18000
66654986,E,環境違規,違反環境法規次數,,次,2018,2
68326665,E,環境違規,違反環境法規金額,,元,2018,9000
68326665,E,環境違規,違反環境法規次數,,次,2018,2
85330636,E,環境違規,違反環境法規金額,,元,2018,256500
85330636,E,環境違規,違反環境法規次數,,次,2018,2
22817885,E,環境違規,違反環境法規金額,,元,2019,1200
22817885,E,環境違規,違反環境法規次數,,次,2019,1
52264848,E,環境違規,違反環境法規金額,,元,2019,6000
52264848,E,環境違規,違反環境法規次數,,次,2019,1
53418357,E,環境違規,違反環境法規金額,,元,2019,66000
53418357,E,環境違規,違反環境法規次數,,次,2019,1
68326665,E,環境違規,違反環境法規金額,,元,2019,426000
68326665,E,環境違規,違反環境法規次數,,次,2019,6
22078327,E,環境違規,違反環境法規金額,,元,2020,6000
22078327,E,環境違規,違反環境法規次數,,次,2020,1
24004006,E,環境違規,違反環境法規金額,,元,2020,100000
24004006,E,環境違規,違反環境法規次數,,次,2020,1
52264848,E,環境違規,違反環境法規金額,,元,2020,106000
52264848,E,環境違規,違反環境法規次數,,次,2020,2
53418357,E,環境違規,違反環境法規金額,,元,2020,258000
53418357,E,環境違規,違反環境法規次數,,次,2020,2
66654986,E,環境違規,違反環境法規金額,,元,2020,6000
66654986,E,環境違規,違反環境法規次數,,次,2020,1
68326665,E,環境違規,違反環境法規金額,,元,2020,6000
68326665,E,環境違規,違反環境法規次數,,次,2020,1
89396315,E,環境違規,違反環境法規金額,,元,2020,13200
89396315,E,環境違規,違反環境法規次數,,次,2020,2
04827138,E,環境違規,違反環境法規金額,,元,2020,105000
04827138,E,環境違規,違反環境法規次數,,次,2020,1
22269487,E,環境違規,違反環境法規金額,,元,2021,100000
22269487,E,環境違規,違反環境法規次數,,次,2021,1
22817885,E,環境違規,違反環境法規金額,,元,2021,30000
22817885,E,環境違規,違反環境法規次數,,次,2021,1
35129100,E,環境違規,違反環境法規金額,,元,2021,273000
35129100,E,環境違規,違反環境法規次數,,次,2021,1
53418357,E,環境違規,違反環境法規金額,,元,2021,151500
53418357,E,環境違規,違反環境法規次數,,次,2021,2
03489200,E,環境違規,違反環境法規金額,,元,2021,60000
03489200,E,環境違規,違反環境法規次數,,次,2021,1
04359789,E,環境違規,違反環境法規金額,,元,2021,424000
04359789,E,環境違規,違反環境法規次數,,次,2021,4
22078327,E,環境違規,違反環境法規金額,,元,2022,100000
22078327,E,環境違規,違反環境法規次數,,次,2022,1
22817885,E,環境違規,違反環境法規金額,,元,2022,1200
22817885,E,環境違規,違反環境法規次數,,次,2022,1
24004006,E,環境違規,違反環境法規金額,,元,2022,1000
24004006,E,環境違規,違反環境法規次數,,次,2022,1
52264848,E,環境違規,違反環境法規金額,,元,2022,100000
52264848,E,環境違規,違反環境法規次數,,次,2022,1
53418357,E,環境違規,違反環境法規金額,,元,2022,81000
53418357,E,環境違規,違反環境法規次數,,次,2022,1
59347422,E,環境違規,違反環境法規金額,,元,2022,10000
59347422,E,環境違規,違反環境法規次數,,次,2022,1
68326665,E,環境違規,違反環境法規金額,,元,2022,100000
68326665,E,環境違規,違反環境法規次數,,次,2022,1
22078327,E,環境違規,違反環境法規金額,,元,2023,9000
22078327,E,環境違規,違反環境法規次數,,次,2023,1
22081250,E,環境違規,違反環境法規金額,,元,2023,162000
22081250,E,環境違規,違反環境法規次數,,次,2023,2
24004006,E,環境違規,違反環境法規金額,,元,2023,100000
24004006,E,環境違規,違反環境法規次數,,次,2023,1
52264848,E,環境違規,違反環境法規金額,,元,2023,26000
52264848,E,環境違規,違反環境法規次數,,次,2023,2
53418357,E,環境違規,違反環境法規金額,,元,2023,306000
53418357,E,環境違規,違反環境法規次數,,次,2023,1
68326665,E,環境違規,違反環境法規金額,,元,2023,105000
68326665,E,環境違規,違反環境法規次數,,次,2023,1
89396315,E,環境違規,違反環境法規金額,,元,2023,60000
89396315,E,環境違規,違反環境法規次數,,次,2023,1
03489200,E,環境違規,違反環境法規金額,,元,2023,381000
03489200,E,環境違規,違反環境法規次數,,次,2023,2
22078327,E,環境違規,違反環境法規金額,,元,2024,10000
22078327,E,環境違規,違反環境法規次數,,次,2024,1
53418357,E,環境違規,違反環境法規金額,,元,2024,189000
53418357,E,環境違規,違反環境法規次數,,次,2024,1
68326665,S,員工薪資,平均薪資,,仟元,2020,568
68326665,S,員工薪資,薪資中位數,,仟元,2020,501
22078327,S,員工薪資,平均薪資,,仟元,2020,483
22078327,S,員工薪資,薪資中位數,,仟元,2020,415
85330636,S,員工薪資,平均薪資,,仟元,2020,534
85330636,S,員工薪資,薪資中位數,,仟元,2020,497
69408876,S,員工薪資,平均薪資,,仟元,2020,628
69408876,S,員工薪資,薪資中位數,,仟元,2020,583
22269487,S,員工薪資,平均薪資,,仟元,2020,514
22269487,S,員工薪資,薪資中位數,,仟元,2020,460
22081250,S,員工薪資,平均薪資,,仟元,2020,517
22081250,S,員工薪資,薪資中位數,,仟元,2020,456
35129100,S,員工薪資,平均薪資,,仟元,2020,563
35129100,S,員工薪資,薪資中位數,,仟元,2020,502
04827138,S,員工薪資,平均薪資,,仟元,2020,557
04827138,S,員工薪資,薪資中位數,,仟元,2020,460
52264848,S,員工薪資,平均薪資,,仟元,2020,579
52264848,S,員工薪資,薪資中位數,,仟元,2020,548
66654986,S,員工薪資,平均薪資,,仟元,2020,522
66654986,S,員工薪資,薪資中位數,,仟元,2020,483
24157564,S,員工薪資,平均薪資,,仟元,2020,469
24157564,S,員工薪資,薪資中位數,,仟元,2020,448
03489200,S,員工薪資,平均薪資,,仟元,2020,947
03489200,S,員工薪資,薪資中位數,,仟元,2020,905
03098415,S,員工薪資,平均薪資,,仟元,2020,1067
03098415,S,員工薪資,薪資中位數,,仟元,2020,984
24004006,S,員工薪資,平均薪資,,仟元,2020,937
24004006,S,員工薪資,薪資中位數,,仟元,2020,919
03251108,S,員工薪資,平均薪資,,仟元,2020,2336
03251108,S,員工薪資,薪資中位數,,仟元,2020,1871
80032530,S,員工薪資,平均薪資,,仟元,2020,1141
80032530,S,員工薪資,薪資中位數,,仟元,2020,1078
04359789,S,員工薪資,平均薪資,,仟元,2020,618
04359789,S,員工薪資,薪資中位數,,仟元,2020,541
23219346,S,員工薪資,平均薪資,,仟元,2020,560
23219346,S,員工薪資,薪資中位數,,仟元,2020,491
22702791,S,員工薪資,平均薪資,,仟元,2020,588
22702791,S,員工薪資,薪資中位數,,仟元,2020,473
53418357,S,員工薪資,平均薪資,,仟元,2020,575
53418357,S,員工薪資,薪資中位數,,仟元,2020,534
20838245,S,員工薪資,平均薪資,,仟元,2020,927
20838245,S,員工薪資,薪資中位數,,仟元,2020,734
59334664,S,員工薪資,平均薪資,,仟元,2020,579
59334664,S,員工薪資,薪資中位數,,仟元,2020,549
16992625,S,員工薪資,平均薪資,,仟元,2020,840
16992625,S,員工薪資,薪資中位數,,仟元,2020,711
22363342,S,員工薪資,平均薪資,,仟元,2020,1078
22363342,S,員工薪資,薪資中位數,,仟元,2020,909
89396315,S,員工薪資,平均薪資,,仟元,2020,731
89396315,S,員工薪資,薪資中位數,,仟元,2020,478
59347422,S,員工薪資,平均薪資,,仟元,2020,502
59347422,S,員工薪資,薪資中位數,,仟元,2020,459
68326665,S,員工薪資,平均薪資,,仟元,2019,614
68326665,S,員工薪資,薪資中位數,,仟元,2019,528
22078327,S,員工薪資,平均薪資,,仟元,2019,487
22078327,S,員工薪資,薪資中位數,,仟元,2019,403
85330636,S,員工薪資,平均薪資,,仟元,2019,542
85330636,S,員工薪資,薪資中位數,,仟元,2019,489
69408876,S,員工薪資,平均薪資,,仟元,2019,661
69408876,S,員工薪資,薪資中位數,,仟元,2019,598
22269487,S,員工薪資,平均薪資,,仟元,2019,555
22269487,S,員工薪資,薪資中位數,,仟元,2019,498
22081250,S,員工薪資,平均薪資,,仟元,2019,546
22081250,S,員工薪資,薪資中位數,,仟元,2019,406
35129100,S,員工薪資,平均薪資,,仟元,2019,601
35129100,S,員工薪資,薪資中位數,,仟元,2019,540
04827138,S,員工薪資,平均薪資,,仟元,2019,559
04827138,S,員工薪資,薪資中位數,,仟元,2019,465
52264848,S,員工薪資,平均薪資,,仟元,2019,591
52264848,S,員工薪資,薪資中位數,,仟元,2019,537
66654986,S,員工薪資,平均薪資,,仟元,2019,467
66654986,S,員工薪資,薪資中位數,,仟元,2019,427
24157564,S,員工薪資,平均薪資,,仟元,2019,462
24157564,S,員工薪資,薪資中位數,,仟元,2019,447
03489200,S,員工薪資,平均薪資,,仟元,2019,977
03489200,S,員工薪資,薪資中位數,,仟元,2019,941
03098415,S,員工薪資,平均薪資,,仟元,2019,1043
03098415,S,員工薪資,薪資中位數,,仟元,2019,968
24004006,S,員工薪資,平均薪資,,仟元,2019,761
24004006,S,員工薪資,薪資中位數,,仟元,2019,752
03251108,S,員工薪資,平均薪資,,仟元,2019,2110
03251108,S,員工薪資,薪資中位數,,仟元,2019,1743
80032530,S,員工薪資,平均薪資,,仟元,2019,1295
80032530,S,員工薪資,薪資中位數,,仟元,2019,1216
04359789,S,員工薪資,平均薪資,,仟元,2019,564
04359789,S,員工薪資,薪資中位數,,仟元,2019,479
23219346,S,員工薪資,平均薪資,,仟元,2019,579
23219346,S,員工薪資,薪資中位數,,仟元,2019,491
22702791,S,員工薪資,平均薪資,,仟元,2019,565
22702791,S,員工薪資,薪資中位數,,仟元,2019,703
59334664,S,員工薪資,平均薪資,,仟元,2019,553
59334664,S,員工薪資,薪資中位數,,仟元,2019,509
16992625,S,員工薪資,平均薪資,,仟元,2019,861
16992625,S,員工薪資,薪資中位數,,仟元,2019,729
22363342,S,員工薪資,平均薪資,,仟元,2019,841
22363342,S,員工薪資,薪資中位數,,仟元,2019,674
89396315,S,員工薪資,平均薪資,,仟元,2019,682
89396315,S,員工薪資,薪資中位數,,仟元,2019,423
59347422,S,員工薪資,平均薪資,,仟元,2019,513
59347422,S,員工薪資,薪資中位數,,仟元,2019,459
68326665,S,員工薪資,平均薪資,,仟元,2018,590
22078327,S,員工薪資,平均薪資,,仟元,2018,466
85330636,S,員工薪資,平均薪資,,仟元,2018,576
69408876,S,員工薪資,平均薪資,,仟元,2018,628
22269487,S,員工薪資,平均薪資,,仟元,2018,590
22081250,S,員工薪資,平均薪資,,仟元,2018,640
35129100,S,員工薪資,平均薪資,,仟元,2018,604
04827138,S,員工薪資,平均薪資,,仟元,2018,559
52264848,S,員工薪資,平均薪資,,仟元,2018,634
66654986,S,員工薪資,平均薪資,,仟元,2018,491
24157564,S,員工薪資,平均薪資,,仟元,2018,437
03489200,S,員工薪資,平均薪資,,仟元,2018,1005
03098415,S,員工薪資,平均薪資,,仟元,2018,1053
24004006,S,員工薪資,平均薪資,,仟元,2018,739
03251108,S,員工薪資,平均薪資,,仟元,2018,1993
80032530,S,員工薪資,平均薪資,,仟元,2018,1272
04359789,S,員工薪資,平均薪資,,仟元,2018,502
23219346,S,員工薪資,平均薪資,,仟元,2018,587
59334664,S,員工薪資,平均薪資,,仟元,2018,522
16992625,S,員工薪資,平均薪資,,仟元,2018,954
22363342,S,員工薪資,平均薪資,,仟元,2018,859
89396315,S,員工薪資,平均薪資,,仟元,2018,619
59347422,S,員工薪資,平均薪資,,仟元,2018,513
66654986,G,資本額,資本額,,元,2020,1030865590
66654986,G,資本額,資本額,,元,2019,1030865590
59334664,G,資本額,資本額,,元,2020,1500000000
59334664,G,資本額,資本額,,元,2019,1500000000
23219346,G,資本額,資本額,,元,2020,1219166650
23219346,G,資本額,資本額,,元,2019,1219166650
24157564,G,資本額,資本額,,元,2020,686244490
24157564,G,資本額,資本額,,元,2019,686244490
22078327,G,資本額,資本額,,元,2020,741388750
22078327,G,資本額,資本額,,元,2019,741388750
59347422,G,資本額,資本額,,元,2020,1658163000
59347422,G,資本額,資本額,,元,2019,1658163000
16992625,G,資本額,資本額,,元,2020,965315000
16992625,G,資本額,資本額,,元,2019,965315000
53418357,G,資本額,資本額,,元,2020,748123060
53418357,G,資本額,資本額,,元,2019,748123060
22363342,G,資本額,資本額,,元,2020,1152224980
22363342,G,資本額,資本額,,元,2019,1152224980
04359789,G,資本額,資本額,,元,2020,717050400
04359789,G,資本額,資本額,,元,2019,717050400
24004006,G,資本額,資本額,,元,2020,9000446040
24004006,G,資本額,資本額,,元,2019,9000446040
22817885,G,資本額,資本額,,元,2020,757678630
22817885,G,資本額,資本額,,元,2019,757678630
35129100,G,資本額,資本額,,元,2020,692454110
35129100,G,資本額,資本額,,元,2019,692454110
22081250,G,資本額,資本額,,元,2020,1653103970
22081250,G,資本額,資本額,,元,2019,1653103970
22819125,G,資本額,資本額,,元,2020,750000000
22819125,G,資本額,資本額,,元,2019,750000000
52264848,G,資本額,資本額,,元,2020,2795175130
52264848,G,資本額,資本額,,元,2019,2795175130
04827138,G,資本額,資本額,,元,2020,985474860
04827138,G,資本額,資本額,,元,2019,985474860
22702791,G,資本額,資本額,,元,2020,602880890
22702791,G,資本額,資本額,,元,2019,602880890
03251108,G,資本額,資本額,,元,2020,6000000000
03251108,G,資本額,資本額,,元,2019,6000000000
20838245,G,資本額,資本額,,元,2020,807087350
20838245,G,資本額,資本額,,元,2019,807087350
22663848,G,資本額,資本額,,元,2020,869918040
22663848,G,資本額,資本額,,元,2019,869918040
03098415,G,資本額,資本額,,元,2020,5536203420
03098415,G,資本額,資本額,,元,2019,5536203420
83446817,G,資本額,資本額,,元,2020,3221815820
83446817,G,資本額,資本額,,元,2019,3221815820
69408876,G,資本額,資本額,,元,2020,762300000
69408876,G,資本額,資本額,,元,2019,762300000
22269487,G,資本額,資本額,,元,2020,3428978810
22269487,G,資本額,資本額,,元,2019,3428978810
68326665,G,資本額,資本額,,元,2020,5914770680
68326665,G,資本額,資本額,,元,2019,5914770680
86120567,G,資本額,資本額,,元,2020,625439000
86120567,G,資本額,資本額,,元,2019,625439000
03489200,G,資本額,資本額,,元,2020,10000000000
03489200,G,資本額,資本額,,元,2019,10000000000
80032530,G,資本額,資本額,,元,2020,3000000000
80032530,G,資本額,資本額,,元,2019,3000000000
89396315,G,資本額,資本額,,元,2020,1826840700
89396315,G,資本額,資本額,,元,2019,1826840700
85330636,G,資本額,資本額,,元,2020,2533124940
85330636,G,資本額,資本額,,元,2019,2533124940
85961513,G,資本額,資本額,,元,2020,1108057500
85961513,G,資本額,資本額,,元,2019,1108057500
68326665,G,營運狀況,營業收入,,仟元,2020,17322986
68326665,G,營運狀況,營業成本,,仟元,2020,13880338
68326665,G,營運狀況,營業費用,,仟元,2020,2903020
68326665,G,營運狀況,淨利,,仟元,2020,742587
26594386,G,營運狀況,營業收入,,仟元,2020,6166478
26594386,G,營運狀況,營業成本,,仟元,2020,4772317
26594386,G,營運狀況,營業費用,,仟元,2020,1138123
26594386,G,營運狀況,淨利,,仟元,2020,287319
22078327,G,營運狀況,營業收入,,仟元,2020,2120901
22078327,G,營運狀況,營業成本,,仟元,2020,1483398
22078327,G,營運狀況,營業費用,,仟元,2020,287060
22078327,G,營運狀況,淨利,,仟元,2020,119613
85330636,G,營運狀況,營業收入,,仟元,2020,1188984
85330636,G,營運狀況,營業成本,,仟元,2020,1114063
85330636,G,營運狀況,營業費用,,仟元,2020,214593
85330636,G,營運狀況,淨利,,仟元,2020,-128179
69408876,G,營運狀況,營業收入,,仟元,2020,4797165
69408876,G,營運狀況,營業成本,,仟元,2020,4125419
69408876,G,營運狀況,營業費用,,仟元,2020,486800
69408876,G,營運狀況,淨利,,仟元,2020,159750
22269487,G,營運狀況,營業收入,,仟元,2020,14446208
22269487,G,營運狀況,營業成本,,仟元,2020,11588776
22269487,G,營運狀況,營業費用,,仟元,2020,2590956
22269487,G,營運狀況,淨利,,仟元,2020,286687
22081250,G,營運狀況,營業收入,,仟元,2020,1908786
22081250,G,營運狀況,營業成本,,仟元,2020,1617362
22081250,G,營運狀況,營業費用,,仟元,2020,235992
22081250,G,營運狀況,淨利,,仟元,2020,36537
35129100,G,營運狀況,營業收入,,仟元,2020,1052991
35129100,G,營運狀況,營業成本,,仟元,2020,960750
35129100,G,營運狀況,營業費用,,仟元,2020,85937
35129100,G,營運狀況,淨利,,仟元,2020,324045
04827138,G,營運狀況,營業收入,,仟元,2020,2866192
04827138,G,營運狀況,營業成本,,仟元,2020,2062214
04827138,G,營運狀況,營業費用,,仟元,2020,739976
04827138,G,營運狀況,淨利,,仟元,2020,-5000
52264848,G,營運狀況,營業收入,,仟元,2020,5211042
52264848,G,營運狀況,營業成本,,仟元,2020,4038224
52264848,G,營運狀況,營業費用,,仟元,2020,776207
52264848,G,營運狀況,淨利,,仟元,2020,285560
66654986,G,營運狀況,營業收入,,仟元,2020,1756718
66654986,G,營運狀況,營業成本,,仟元,2020,1590591
66654986,G,營運狀況,營業費用,,仟元,2020,186812
66654986,G,營運狀況,淨利,,仟元,2020,10300
24157564,G,營運狀況,營業收入,,仟元,2020,1725729
24157564,G,營運狀況,營業成本,,仟元,2020,1276679
24157564,G,營運狀況,營業費用,,仟元,2020,317637
24157564,G,營運狀況,淨利,,仟元,2020,173670
41134952,G,營運狀況,營業收入,,仟元,2020,4677501
41134952,G,營運狀況,營業成本,,仟元,2020,4036762
41134952,G,營運狀況,營業費用,,仟元,2020,1699594
41134952,G,營運狀況,淨利,,仟元,2020,-1550068
38773146,G,營運狀況,營業收入,,仟元,2020,2602257
38773146,G,營運狀況,營業成本,,仟元,2020,1975622
38773146,G,營運狀況,營業費用,,仟元,2020,298600
38773146,G,營運狀況,淨利,,仟元,2020,594759
03489200,G,營運狀況,營業收入,,仟元,2020,82597514
03489200,G,營運狀況,營業成本,,仟元,2020,63979927
03489200,G,營運狀況,營業費用,,仟元,2020,19848067
03489200,G,營運狀況,淨利,,仟元,2020,4839562
03098415,G,營運狀況,營業收入,,仟元,2020,30874600
03098415,G,營運狀況,營業成本,,仟元,2020,25968953
03098415,G,營運狀況,營業費用,,仟元,2020,3130409
03098415,G,營運狀況,淨利,,仟元,2020,3540548
24004006,G,營運狀況,營業收入,,仟元,2020,40774917
24004006,G,營運狀況,營業成本,,仟元,2020,32968062
24004006,G,營運狀況,營業費用,,仟元,2020,5847496
24004006,G,營運狀況,淨利,,仟元,2020,2051856
03251108,G,營運狀況,營業收入,,仟元,2020,231813269
03251108,G,營運狀況,營業費用,,仟元,2020,14328508
03251108,G,營運狀況,淨利,,仟元,2020,16535210
83446817,G,營運狀況,營業收入,,仟元,2020,35952577
83446817,G,營運狀況,營業成本,,仟元,2020,28984027
83446817,G,營運狀況,營業費用,,仟元,2020,5977950
83446817,G,營運狀況,淨利,,仟元,2020,1319987
85961513,G,營運狀況,營業收入,,仟元,2020,22055651
85961513,G,營運狀況,營業成本,,仟元,2020,19816747
85961513,G,營運狀況,營業費用,,仟元,2020,1917532
85961513,G,營運狀況,淨利,,仟元,2020,393915
86120567,G,營運狀況,營業收入,,仟元,2020,20224533
86120567,G,營運狀況,營業成本,,仟元,2020,17946233
86120567,G,營運狀況,營業費用,,仟元,2020,1605860
86120567,G,營運狀況,淨利,,仟元,2020,588960
22817885,G,營運狀況,營業收入,,仟元,2020,30051633
22817885,G,營運狀況,營業成本,,仟元,2020,27509744
22817885,G,營運狀況,營業費用,,仟元,2020,1899581
22817885,G,營運狀況,淨利,,仟元,2020,835463
22663848,G,營運狀況,營業收入,,仟元,2020,37631195
22663848,G,營運狀況,營業成本,,仟元,2020,34614230
22663848,G,營運狀況,營業費用,,仟元,2020,2233614
22663848,G,營運狀況,淨利,,仟元,2020,750954
22819125,G,營運狀況,營業收入,,仟元,2020,34669778
22819125,G,營運狀況,營業成本,,仟元,2020,31002083
22819125,G,營運狀況,營業費用,,仟元,2020,2773618
22819125,G,營運狀況,淨利,,仟元,2020,874358
80032530,G,營運狀況,營業收入,,仟元,2020,29660638
80032530,G,營運狀況,營業成本,,仟元,2020,25566106
80032530,G,營運狀況,營業費用,,仟元,2020,3795462
80032530,G,營運狀況,淨利,,仟元,2020,6540938
04359789,G,營運狀況,營業收入,,仟元,2020,3423476
04359789,G,營運狀況,營業成本,,仟元,2020,2678825
04359789,G,營運狀況,營業費用,,仟元,2020,606032
04359789,G,營運狀況,淨利,,仟元,2020,98938
23219346,G,營運狀況,營業收入,,仟元,2020,3340199
23219346,G,營運狀況,營業成本,,仟元,2020,2067788
23219346,G,營運狀況,營業費用,,仟元,2020,886043
23219346,G,營運狀況,淨利,,仟元,2020,250171
22702791,G,營運狀況,營業收入,,仟元,2020,2538399
22702791,G,營運狀況,營業成本,,仟元,2020,1715278
22702791,G,營運狀況,營業費用,,仟元,2020,418131
22702791,G,營運狀況,淨利,,仟元,2020,359289
42299452,G,營運狀況,營業收入,,仟元,2020,1181611
42299452,G,營運狀況,營業成本,,仟元,2020,888273
42299452,G,營運狀況,營業費用,,仟元,2020,238857
42299452,G,營運狀況,淨利,,仟元,2020,27288
47423487,G,營運狀況,營業收入,,仟元,2020,21644152
47423487,G,營運狀況,營業成本,,仟元,2020,18187450
47423487,G,營運狀況,營業費用,,仟元,2020,2187694
47423487,G,營運狀況,淨利,,仟元,2020,825466
53418357,G,營運狀況,營業收入,,仟元,2020,847271
53418357,G,營運狀況,營業成本,,仟元,2020,686300
53418357,G,營運狀況,營業費用,,仟元,2020,117537
53418357,G,營運狀況,淨利,,仟元,2020,6546
55996613,G,營運狀況,營業收入,,仟元,2020,757591
55996613,G,營運狀況,營業成本,,仟元,2020,903291
55996613,G,營運狀況,營業費用,,仟元,2020,214013
55996613,G,營運狀況,淨利,,仟元,2020,-284892
20838245,G,營運狀況,營業收入,,仟元,2020,39561996
20838245,G,營運狀況,營業成本,,仟元,2020,34862488
20838245,G,營運狀況,營業費用,,仟元,2020,3475705
20838245,G,營運狀況,淨利,,仟元,2020,1070976
91165085,G,營運狀況,營業收入,,仟元,2020,3623549
91165085,G,營運狀況,營業成本,,仟元,2020,2989370
91165085,G,營運狀況,營業費用,,仟元,2020,474421
91165085,G,營運狀況,淨利,,仟元,2020,107544
59334664,G,營運狀況,營業收入,,仟元,2020,1633351
59334664,G,營運狀況,營業成本,,仟元,2020,1254004
59334664,G,營運狀況,營業費用,,仟元,2020,467594
59334664,G,營運狀況,淨利,,仟元,2020,-81921
16992625,G,營運狀況,營業收入,,仟元,2020,4345852
16992625,G,營運狀況,營業成本,,仟元,2020,3635915
16992625,G,營運狀況,營業費用,,仟元,2020,704072
16992625,G,營運狀況,淨利,,仟元,2020,12315
22363342,G,營運狀況,營業收入,,仟元,2020,7160275
22363342,G,營運狀況,營業成本,,仟元,2020,5226682
22363342,G,營運狀況,營業費用,,仟元,2020,757208
22363342,G,營運狀況,淨利,,仟元,2020,771395
42323896,G,營運狀況,營業收入,,仟元,2020,1491678
42323896,G,營運狀況,營業成本,,仟元,2020,1021819
42323896,G,營運狀況,營業費用,,仟元,2020,270973
42323896,G,營運狀況,淨利,,仟元,2020,139131
87027821,G,營運狀況,營業收入,,仟元,2020,863749
87027821,G,營運狀況,營業成本,,仟元,2020,661949
87027821,G,營運狀況,營業費用,,仟元,2020,122961
87027821,G,營運狀況,淨利,,仟元,2020,68565
89396315,G,營運狀況,營業收入,,仟元,2020,3776717
89396315,G,營運狀況,營業成本,,仟元,2020,2994036
89396315,G,營運狀況,營業費用,,仟元,2020,594162
89396315,G,營運狀況,淨利,,仟元,2020,143588
59347422,G,營運狀況,營業收入,,仟元,2020,14260153
59347422,G,營運狀況,營業成本,,仟元,2020,10806384
59347422,G,營運狀況,營業費用,,仟元,2020,2509734
59347422,G,營運狀況,淨利,,仟元,2020,551800
68326665,G,營運狀況,營業收入,,仟元,2019,21613680
68326665,G,營運狀況,營業成本,,仟元,2019,16210902
68326665,G,營運狀況,營業費用,,仟元,2019,3238343
68326665,G,營運狀況,淨利,,仟元,2019,1855321
26594386,G,營運狀況,營業收入,,仟元,2019,7427876
26594386,G,營運狀況,營業成本,,仟元,2019,5520730
26594386,G,營運狀況,營業費用,,仟元,2019,1321811
26594386,G,營運狀況,淨利,,仟元,2019,391790
22078327,G,營運狀況,營業收入,,仟元,2019,2654787
22078327,G,營運狀況,營業成本,,仟元,2019,1849701
22078327,G,營運狀況,營業費用,,仟元,2019,328113
22078327,G,營運狀況,淨利,,仟元,2019,372828
85330636,G,營運狀況,營業收入,,仟元,2019,1939316
85330636,G,營運狀況,營業成本,,仟元,2019,1861646
85330636,G,營運狀況,營業費用,,仟元,2019,267192
85330636,G,營運狀況,淨利,,仟元,2019,-470851
69408876,G,營運狀況,營業收入,,仟元,2019,5390196
69408876,G,營運狀況,營業成本,,仟元,2019,4423289
69408876,G,營運狀況,營業費用,,仟元,2019,555892
69408876,G,營運狀況,淨利,,仟元,2019,360457
22269487,G,營運狀況,營業收入,,仟元,2019,17539920
22269487,G,營運狀況,營業成本,,仟元,2019,13377184
22269487,G,營運狀況,營業費用,,仟元,2019,3106929
22269487,G,營運狀況,淨利,,仟元,2019,711920
22081250,G,營運狀況,營業收入,,仟元,2019,2393718
22081250,G,營運狀況,營業成本,,仟元,2019,1903473
22081250,G,營運狀況,營業費用,,仟元,2019,274512
22081250,G,營運狀況,淨利,,仟元,2019,151322
35129100,G,營運狀況,營業收入,,仟元,2019,1242120
35129100,G,營運狀況,營業成本,,仟元,2019,1120914
35129100,G,營運狀況,營業費用,,仟元,2019,91825
35129100,G,營運狀況,淨利,,仟元,2019,289942
04827138,G,營運狀況,營業收入,,仟元,2019,2804809
04827138,G,營運狀況,營業成本,,仟元,2019,1866382
04827138,G,營運狀況,營業費用,,仟元,2019,773517
04827138,G,營運狀況,淨利,,仟元,2019,121216
52264848,G,營運狀況,營業收入,,仟元,2019,5968347
52264848,G,營運狀況,營業成本,,仟元,2019,4295987
52264848,G,營運狀況,營業費用,,仟元,2019,853831
52264848,G,營運狀況,淨利,,仟元,2019,653049
66654986,G,營運狀況,營業收入,,仟元,2019,2022841
66654986,G,營運狀況,營業成本,,仟元,2019,1781850
66654986,G,營運狀況,營業費用,,仟元,2019,213709
66654986,G,營運狀況,淨利,,仟元,2019,27829
24157564,G,營運狀況,營業收入,,仟元,2019,1516467
24157564,G,營運狀況,營業成本,,仟元,2019,1174424
24157564,G,營運狀況,營業費用,,仟元,2019,316764
24157564,G,營運狀況,淨利,,仟元,2019,2129
41134952,G,營運狀況,營業收入,,仟元,2019,4948253
41134952,G,營運狀況,營業成本,,仟元,2019,3566930
41134952,G,營運狀況,營業費用,,仟元,2019,1710128
41134952,G,營運狀況,淨利,,仟元,2019,-383794
38773146,G,營運狀況,營業收入,,仟元,2019,2716889
38773146,G,營運狀況,營業成本,,仟元,2019,2101831
38773146,G,營運狀況,營業費用,,仟元,2019,302423
38773146,G,營運狀況,淨利,,仟元,2019,241910
03489200,G,營運狀況,營業收入,,仟元,2019,85800574
03489200,G,營運狀況,營業成本,,仟元,2019,79927782
03489200,G,營運狀況,營業費用,,仟元,2019,36615856
03489200,G,營運狀況,淨利,,仟元,2019,-24533477
03098415,G,營運狀況,營業收入,,仟元,2019,32067972
03098415,G,營運狀況,營業成本,,仟元,2019,26817163
03098415,G,營運狀況,營業費用,,仟元,2019,3478484
03098415,G,營運狀況,淨利,,仟元,2019,-2308373
24004006,G,營運狀況,營業收入,,仟元,2019,33383428
24004006,G,營運狀況,營業成本,,仟元,2019,27560451
24004006,G,營運狀況,營業費用,,仟元,2019,5372057
24004006,G,營運狀況,淨利,,仟元,2019,2192460
03251108,G,營運狀況,營業收入,,仟元,2019,213745071
03251108,G,營運狀況,營業費用,,仟元,2019,14403465
03251108,G,營運狀況,淨利,,仟元,2019,13584899
83446817,G,營運狀況,營業收入,,仟元,2019,37206604
83446817,G,營運狀況,營業成本,,仟元,2019,30121362
83446817,G,營運狀況,營業費用,,仟元,2019,6511611
83446817,G,營運狀況,淨利,,仟元,2019,1232095
85961513,G,營運狀況,營業收入,,仟元,2019,20837917
85961513,G,營運狀況,營業成本,,仟元,2019,18677276
85961513,G,營運狀況,營業費用,,仟元,2019,1903760
85961513,G,營運狀況,淨利,,仟元,2019,333425
86120567,G,營運狀況,營業收入,,仟元,2019,18410252
86120567,G,營運狀況,營業成本,,仟元,2019,16218086
86120567,G,營運狀況,營業費用,,仟元,2019,1610168
86120567,G,營運狀況,淨利,,仟元,2019,512591
22817885,G,營運狀況,營業收入,,仟元,2019,28723314
22817885,G,營運狀況,營業成本,,仟元,2019,26392587
22817885,G,營運狀況,營業費用,,仟元,2019,1919684
22817885,G,營運狀況,淨利,,仟元,2019,547499
22663848,G,營運狀況,營業收入,,仟元,2019,35331475
22663848,G,營運狀況,營業成本,,仟元,2019,32441194
22663848,G,營運狀況,營業費用,,仟元,2019,2261692
22663848,G,營運狀況,淨利,,仟元,2019,646390
22819125,G,營運狀況,營業收入,,仟元,2019,32638543
22819125,G,營運狀況,營業成本,,仟元,2019,29128702
22819125,G,營運狀況,營業費用,,仟元,2019,2783870
22819125,G,營運狀況,淨利,,仟元,2019,759867
80032530,G,營運狀況,營業收入,,仟元,2019,32498607
80032530,G,營運狀況,營業成本,,仟元,2019,27650385
80032530,G,營運狀況,營業費用,,仟元,2019,3486224
80032530,G,營運狀況,淨利,,仟元,2019,7281897
04359789,G,營運狀況,營業收入,,仟元,2019,4575808
04359789,G,營運狀況,營業成本,,仟元,2019,3315837
04359789,G,營運狀況,營業費用,,仟元,2019,637803
04359789,G,營運狀況,淨利,,仟元,2019,656348
23219346,G,營運狀況,營業收入,,仟元,2019,4094666
23219346,G,營運狀況,營業成本,,仟元,2019,2022724
23219346,G,營運狀況,營業費用,,仟元,2019,894253
23219346,G,營運狀況,淨利,,仟元,2019,927970
22702791,G,營運狀況,營業收入,,仟元,2019,2353988
22702791,G,營運狀況,營業成本,,仟元,2019,1579419
22702791,G,營運狀況,營業費用,,仟元,2019,455245
22702791,G,營運狀況,淨利,,仟元,2019,293678
42299452,G,營運狀況,營業收入,,仟元,2019,1795565
42299452,G,營運狀況,營業成本,,仟元,2019,1357944
42299452,G,營運狀況,營業費用,,仟元,2019,324601
42299452,G,營運狀況,淨利,,仟元,2019,52296
47423487,G,營運狀況,營業收入,,仟元,2019,22239873
47423487,G,營運狀況,營業成本,,仟元,2019,18495670
47423487,G,營運狀況,營業費用,,仟元,2019,2310697
47423487,G,營運狀況,淨利,,仟元,2019,968020
53418357,G,營運狀況,營業收入,,仟元,2019,770150
53418357,G,營運狀況,營業成本,,仟元,2019,571017
53418357,G,營運狀況,營業費用,,仟元,2019,106491
53418357,G,營運狀況,淨利,,仟元,2019,73430
55996613,G,營運狀況,營業收入,,仟元,2019,1767065
55996613,G,營運狀況,營業成本,,仟元,2019,1629815
55996613,G,營運狀況,營業費用,,仟元,2019,246947
55996613,G,營運狀況,淨利,,仟元,2019,-131083
20838245,G,營運狀況,營業收入,,仟元,2019,33746375
20838245,G,營運狀況,營業成本,,仟元,2019,29767896
20838245,G,營運狀況,營業費用,,仟元,2019,3155475
20838245,G,營運狀況,淨利,,仟元,2019,731686
91165085,G,營運狀況,營業收入,,仟元,2019,3813406
91165085,G,營運狀況,營業成本,,仟元,2019,3186524
91165085,G,營運狀況,營業費用,,仟元,2019,462879
91165085,G,營運狀況,淨利,,仟元,2019,118624
59334664,G,營運狀況,營業收入,,仟元,2019,2201953
59334664,G,營運狀況,營業成本,,仟元,2019,1689995
59334664,G,營運狀況,營業費用,,仟元,2019,466759
59334664,G,營運狀況,淨利,,仟元,2019,629
16992625,G,營運狀況,營業收入,,仟元,2019,4132884
16992625,G,營運狀況,營業成本,,仟元,2019,3464133
16992625,G,營運狀況,營業費用,,仟元,2019,618914
16992625,G,營運狀況,淨利,,仟元,2019,13023
22363342,G,營運狀況,營業收入,,仟元,2019,5014098
22363342,G,營運狀況,營業成本,,仟元,2019,3633723
22363342,G,營運狀況,營業費用,,仟元,2019,482241
22363342,G,營運狀況,淨利,,仟元,2019,622427
42323896,G,營運狀況,營業收入,,仟元,2019,1627538
42323896,G,營運狀況,營業成本,,仟元,2019,1108295
42323896,G,營運狀況,營業費用,,仟元,2019,297660
42323896,G,營運狀況,淨利,,仟元,2019,193985
87027821,G,營運狀況,營業收入,,仟元,2019,1035899
87027821,G,營運狀況,營業成本,,仟元,2019,768598
87027821,G,營運狀況,營業費用,,仟元,2019,156293
87027821,G,營運狀況,淨利,,仟元,2019,93071
89396315,G,營運狀況,營業收入,,仟元,2019,4301775
89396315,G,營運狀況,營業成本,,仟元,2019,3460591
89396315,G,營運狀況,營業費用,,仟元,2019,585797
89396315,G,營運狀況,淨利,,仟元,2019,206267
59347422,G,營運狀況,營業收入,,仟元,2019,15589958
59347422,G,營運狀況,營業成本,,仟元,2019,11627088
59347422,G,營運狀況,營業費用,,仟元,2019,2744218
59347422,G,營運狀況,淨利,,仟元,2019,614051
68326665,G,營運狀況,營業收入,,仟元,2018,23006584
68326665,G,營運狀況,營業成本,,仟元,2018,17744695
68326665,G,營運狀況,營業費用,,仟元,2018,3412255
68326665,G,營運狀況,淨利,,仟元,2018,1931948
26594386,G,營運狀況,營業收入,,仟元,2018,8062421
26594386,G,營運狀況,營業成本,,仟元,2018,6087675
26594386,G,營運狀況,營業費用,,仟元,2018,1277161
26594386,G,營運狀況,淨利,,仟元,2018,493965
22078327,G,營運狀況,營業收入,,仟元,2018,2854734
22078327,G,營運狀況,營業成本,,仟元,2018,2107793
22078327,G,營運狀況,營業費用,,仟元,2018,360057
22078327,G,營運狀況,淨利,,仟元,2018,284560
85330636,G,營運狀況,營業收入,,仟元,2018,3088232
85330636,G,營運狀況,營業成本,,仟元,2018,2899940
85330636,G,營運狀況,營業費用,,仟元,2018,309886
85330636,G,營運狀況,淨利,,仟元,2018,-196664
69408876,G,營運狀況,營業收入,,仟元,2018,5703811
69408876,G,營運狀況,營業成本,,仟元,2018,4872472
69408876,G,營運狀況,營業費用,,仟元,2018,553968
69408876,G,營運狀況,淨利,,仟元,2018,319207
22269487,G,營運狀況,營業收入,,仟元,2018,16621903
22269487,G,營運狀況,營業成本,,仟元,2018,12939563
22269487,G,營運狀況,營業費用,,仟元,2018,3065345
22269487,G,營運狀況,淨利,,仟元,2018,606249
22081250,G,營運狀況,營業收入,,仟元,2018,2416225
22081250,G,營運狀況,營業成本,,仟元,2018,1909423
22081250,G,營運狀況,營業費用,,仟元,2018,272157
22081250,G,營運狀況,淨利,,仟元,2018,195088
35129100,G,營運狀況,營業收入,,仟元,2018,1337755
35129100,G,營運狀況,營業成本,,仟元,2018,1201828
35129100,G,營運狀況,營業費用,,仟元,2018,100360
35129100,G,營運狀況,淨利,,仟元,2018,453196
04827138,G,營運狀況,營業收入,,仟元,2018,2887948
04827138,G,營運狀況,營業成本,,仟元,2018,1944759
04827138,G,營運狀況,營業費用,,仟元,2018,719568
04827138,G,營運狀況,淨利,,仟元,2018,209461
52264848,G,營運狀況,營業收入,,仟元,2018,7153036
52264848,G,營運狀況,營業成本,,仟元,2018,4900119
52264848,G,營運狀況,營業費用,,仟元,2018,917016
52264848,G,營運狀況,淨利,,仟元,2018,1240411
66654986,G,營運狀況,營業收入,,仟元,2018,2500814
66654986,G,營運狀況,營業成本,,仟元,2018,2160623
66654986,G,營運狀況,營業費用,,仟元,2018,237181
66654986,G,營運狀況,淨利,,仟元,2018,94713
24157564,G,營運狀況,營業收入,,仟元,2018,1460985
24157564,G,營運狀況,營業成本,,仟元,2018,1134851
24157564,G,營運狀況,營業費用,,仟元,2018,279659
24157564,G,營運狀況,淨利,,仟元,2018,38684
41134952,G,營運狀況,營業收入,,仟元,2018,4227476
41134952,G,營運狀況,營業成本,,仟元,2018,3180932
41134952,G,營運狀況,營業費用,,仟元,2018,1524806
41134952,G,營運狀況,淨利,,仟元,2018,-351119
38773146,G,營運狀況,營業收入,,仟元,2018,2628778
38773146,G,營運狀況,營業成本,,仟元,2018,2067723
38773146,G,營運狀況,營業費用,,仟元,2018,291713
38773146,G,營運狀況,淨利,,仟元,2018,208463
03489200,G,營運狀況,營業收入,,仟元,2018,88115701
03489200,G,營運狀況,營業成本,,仟元,2018,69156046
03489200,G,營運狀況,營業費用,,仟元,2018,16946883
03489200,G,營運狀況,淨利,,仟元,2018,3847036
03098415,G,營運狀況,營業收入,,仟元,2018,34869514
03098415,G,營運狀況,營業成本,,仟元,2018,28676904
03098415,G,營運狀況,營業費用,,仟元,2018,4292516
03098415,G,營運狀況,淨利,,仟元,2018,3892042
24004006,G,營運狀況,營業收入,,仟元,2018,31350738
24004006,G,營運狀況,營業成本,,仟元,2018,26052450
24004006,G,營運狀況,營業費用,,仟元,2018,5397860
24004006,G,營運狀況,淨利,,仟元,2018,725006
03251108,G,營運狀況,營業收入,,仟元,2018,187027586
03251108,G,營運狀況,營業成本,,仟元,2018,171832312
03251108,G,營運狀況,營業費用,,仟元,2018,13232773
03251108,G,營運狀況,淨利,,仟元,2018,11599830
83446817,G,營運狀況,營業收入,,仟元,2018,37584387
83446817,G,營運狀況,營業成本,,仟元,2018,29821387
83446817,G,營運狀況,營業費用,,仟元,2018,6729236
83446817,G,營運狀況,淨利,,仟元,2018,1179458
85961513,G,營運狀況,營業收入,,仟元,2018,17420425
85961513,G,營運狀況,營業成本,,仟元,2018,15612723
85961513,G,營運狀況,營業費用,,仟元,2018,1738857
85961513,G,營運狀況,淨利,,仟元,2018,175120
22817885,G,營運狀況,營業收入,,仟元,2018,24092221
22817885,G,營運狀況,營業成本,,仟元,2018,22356340
22817885,G,營運狀況,營業費用,,仟元,2018,1674093
22817885,G,營運狀況,淨利,,仟元,2018,262959
22663848,G,營運狀況,營業收入,,仟元,2018,30336790
22663848,G,營運狀況,營業成本,,仟元,2018,27974896
22663848,G,營運狀況,營業費用,,仟元,2018,2069481
22663848,G,營運狀況,淨利,,仟元,2018,432918
80032530,G,營運狀況,營業收入,,仟元,2018,31257730
80032530,G,營運狀況,營業成本,,仟元,2018,25931003
80032530,G,營運狀況,營業費用,,仟元,2018,3989973
80032530,G,營運狀況,淨利,,仟元,2018,5890046
04359789,G,營運狀況,營業收入,,仟元,2018,4223941
04359789,G,營運狀況,營業成本,,仟元,2018,3061866
04359789,G,營運狀況,營業費用,,仟元,2018,634852
04359789,G,營運狀況,淨利,,仟元,2018,502097
23219346,G,營運狀況,營業收入,,仟元,2018,4023647
23219346,G,營運狀況,營業成本,,仟元,2018,2076464
23219346,G,營運狀況,營業費用,,仟元,2018,705516
23219346,G,營運狀況,淨利,,仟元,2018,1039562
22702791,G,營運狀況,營業收入,,仟元,2018,2549783
22702791,G,營運狀況,營業成本,,仟元,2018,1589446
22702791,G,營運狀況,營業費用,,仟元,2018,436539
22702791,G,營運狀況,淨利,,仟元,2018,412241
42299452,G,營運狀況,營業收入,,仟元,2018,2191727
42299452,G,營運狀況,營業成本,,仟元,2018,1582969
42299452,G,營運狀況,營業費用,,仟元,2018,389374
42299452,G,營運狀況,淨利,,仟元,2018,164086
47423487,G,營運狀況,營業收入,,仟元,2018,21855386
47423487,G,營運狀況,營業成本,,仟元,2018,17612510
47423487,G,營運狀況,營業費用,,仟元,2018,2290476
47423487,G,營運狀況,淨利,,仟元,2018,1451327
55996613,G,營運狀況,營業收入,,仟元,2018,2061361
55996613,G,營運狀況,營業成本,,仟元,2018,1808575
55996613,G,營運狀況,營業費用,,仟元,2018,230044
55996613,G,營運狀況,淨利,,仟元,2018,-34117
20838245,G,營運狀況,營業收入,,仟元,2018,32355808
20838245,G,營運狀況,營業成本,,仟元,2018,28608436
20838245,G,營運狀況,營業費用,,仟元,2018,2847328
20838245,G,營運狀況,淨利,,仟元,2018,758365
59334664,G,營運狀況,營業收入,,仟元,2018,1977930
59334664,G,營運狀況,營業成本,,仟元,2018,1667077
59334664,G,營運狀況,營業費用,,仟元,2018,578741
59334664,G,營運狀況,淨利,,仟元,2018,-232002
16992625,G,營運狀況,營業收入,,仟元,2018,4404913
16992625,G,營運狀況,營業成本,,仟元,2018,3615313
16992625,G,營運狀況,營業費用,,仟元,2018,554849
16992625,G,營運狀況,淨利,,仟元,2018,205941
22363342,G,營運狀況,營業收入,,仟元,2018,4424839
22363342,G,營運狀況,營業成本,,仟元,2018,3138569
22363342,G,營運狀況,營業費用,,仟元,2018,467206
22363342,G,營運狀況,淨利,,仟元,2018,499709
42323896,G,營運狀況,營業收入,,仟元,2018,1566620
42323896,G,營運狀況,營業成本,,仟元,2018,1095716
42323896,G,營運狀況,營業費用,,仟元,2018,274184
42323896,G,營運狀況,淨利,,仟元,2018,181185
87027821,G,營運狀況,營業收入,,仟元,2018,1097619
87027821,G,營運狀況,營業成本,,仟元,2018,785419
87027821,G,營運狀況,營業費用,,仟元,2018,145223
87027821,G,營運狀況,淨利,,仟元,2018,147918
89396315,G,營運狀況,營業收入,,仟元,2018,3387837
89396315,G,營運狀況,營業成本,,仟元,2018,2712825
89396315,G,營運狀況,營業費用,,仟元,2018,503832
89396315,G,營運狀況,淨利,,仟元,2018,148413
59347422,G,營運狀況,營業收入,,仟元,2018,16203425
59347422,G,營運狀況,營業成本,,仟元,2018,12082226
59347422,G,營運狀況,營業費用,,仟元,2018,2668075
59347422,G,營運狀況,淨利,,仟元,2018,939311
68326665,G,營運狀況,營業收入,,仟元,2017,24452883
68326665,G,營運狀況,營業成本,,仟元,2017,18527509
68326665,G,營運狀況,營業費用,,仟元,2017,3426237
68326665,G,營運狀況,淨利,,仟元,2017,2395481
26594386,G,營運狀況,營業收入,,仟元,2017,7967359
26594386,G,營運狀況,營業成本,,仟元,2017,5863032
26594386,G,營運狀況,營業費用,,仟元,2017,1183313
26594386,G,營運狀況,淨利,,仟元,2017,741761
22078327,G,營運狀況,營業收入,,仟元,2017,2837280
22078327,G,營運狀況,營業成本,,仟元,2017,1958725
22078327,G,營運狀況,營業費用,,仟元,2017,370499
22078327,G,營運狀況,淨利,,仟元,2017,263920
85330636,G,營運狀況,營業收入,,仟元,2017,2540320
85330636,G,營運狀況,營業成本,,仟元,2017,2515465
85330636,G,營運狀況,營業費用,,仟元,2017,430348
85330636,G,營運狀況,淨利,,仟元,2017,-561965
69408876,G,營運狀況,營業收入,,仟元,2017,6197390
69408876,G,營運狀況,營業成本,,仟元,2017,5126223
69408876,G,營運狀況,營業費用,,仟元,2017,577027
69408876,G,營運狀況,淨利,,仟元,2017,499364
22269487,G,營運狀況,營業收入,,仟元,2017,16063682
22269487,G,營運狀況,營業成本,,仟元,2017,12559054
22269487,G,營運狀況,營業費用,,仟元,2017,2973010
22269487,G,營運狀況,淨利,,仟元,2017,638823
22081250,G,營運狀況,營業收入,,仟元,2017,2638326
22081250,G,營運狀況,營業成本,,仟元,2017,2089199
22081250,G,營運狀況,營業費用,,仟元,2017,268642
22081250,G,營運狀況,淨利,,仟元,2017,164580
35129100,G,營運狀況,營業收入,,仟元,2017,1169100
35129100,G,營運狀況,營業成本,,仟元,2017,1064223
35129100,G,營運狀況,營業費用,,仟元,2017,96538
35129100,G,營運狀況,淨利,,仟元,2017,540584
04827138,G,營運狀況,營業收入,,仟元,2017,2488225
04827138,G,營運狀況,營業成本,,仟元,2017,1546689
04827138,G,營運狀況,營業費用,,仟元,2017,636124
04827138,G,營運狀況,淨利,,仟元,2017,113143
52264848,G,營運狀況,營業收入,,仟元,2017,6719132
52264848,G,營運狀況,營業成本,,仟元,2017,4449313
52264848,G,營運狀況,營業費用,,仟元,2017,844858
52264848,G,營運狀況,淨利,,仟元,2017,1204429
66654986,G,營運狀況,營業收入,,仟元,2017,3357903
66654986,G,營運狀況,營業成本,,仟元,2017,2860688
66654986,G,營運狀況,營業費用,,仟元,2017,259330
66654986,G,營運狀況,淨利,,仟元,2017,192198
24157564,G,營運狀況,營業收入,,仟元,2017,1353380
24157564,G,營運狀況,營業成本,,仟元,2017,1065108
24157564,G,營運狀況,營業費用,,仟元,2017,256277
24157564,G,營運狀況,淨利,,仟元,2017,15845
41134952,G,營運狀況,營業收入,,仟元,2017,5118868
41134952,G,營運狀況,營業成本,,仟元,2017,3311615
41134952,G,營運狀況,營業費用,,仟元,2017,1498975
41134952,G,營運狀況,淨利,,仟元,2017,272009
38773146,G,營運狀況,營業收入,,仟元,2017,2647010
38773146,G,營運狀況,營業成本,,仟元,2017,1966005
38773146,G,營運狀況,營業費用,,仟元,2017,285804
38773146,G,營運狀況,淨利,,仟元,2017,274152
03489200,G,營運狀況,營業收入,,仟元,2017,94111028
03489200,G,營運狀況,營業成本,,仟元,2017,74106017
03489200,G,營運狀況,營業費用,,仟元,2017,18104387
03489200,G,營運狀況,淨利,,仟元,2017,3078421
03098415,G,營運狀況,營業收入,,仟元,2017,38908093
03098415,G,營運狀況,營業成本,,仟元,2017,32396813
03098415,G,營運狀況,營業費用,,仟元,2017,4086653
03098415,G,營運狀況,淨利,,仟元,2017,4540190
24004006,G,營運狀況,營業收入,,仟元,2017,31678500
24004006,G,營運狀況,營業成本,,仟元,2017,26137880
24004006,G,營運狀況,營業費用,,仟元,2017,5155839
24004006,G,營運狀況,淨利,,仟元,2017,501871
03251108,G,營運狀況,營業收入,,仟元,2017,181253866
03251108,G,營運狀況,營業成本,,仟元,2017,166969824
03251108,G,營運狀況,營業費用,,仟元,2017,13345858
03251108,G,營運狀況,淨利,,仟元,2017,11564595
83446817,G,營運狀況,營業收入,,仟元,2017,41812971
83446817,G,營運狀況,營業成本,,仟元,2017,34226918
83446817,G,營運狀況,營業費用,,仟元,2017,6410641
83446817,G,營運狀況,淨利,,仟元,2017,1162129
85961513,G,營運狀況,營業收入,,仟元,2017,17472283
85961513,G,營運狀況,營業成本,,仟元,2017,15787431
85961513,G,營運狀況,營業費用,,仟元,2017,1599223
85961513,G,營運狀況,淨利,,仟元,2017,234946
22817885,G,營運狀況,營業收入,,仟元,2017,24551303
22817885,G,營運狀況,營業成本,,仟元,2017,22864420
22817885,G,營運狀況,營業費用,,仟元,2017,1629402
22817885,G,營運狀況,淨利,,仟元,2017,249647
22663848,G,營運狀況,營業收入,,仟元,2017,30731274
22663848,G,營運狀況,營業成本,,仟元,2017,28523341
22663848,G,營運狀況,營業費用,,仟元,2017,2030176
22663848,G,營運狀況,淨利,,仟元,2017,320026
80032530,G,營運狀況,營業收入,,仟元,2017,33221774
80032530,G,營運狀況,營業成本,,仟元,2017,27037319
80032530,G,營運狀況,營業費用,,仟元,2017,4108082
80032530,G,營運狀況,淨利,,仟元,2017,6642500
04359789,G,營運狀況,營業收入,,仟元,2017,4325937
04359789,G,營運狀況,營業成本,,仟元,2017,3061097
04359789,G,營運狀況,營業費用,,仟元,2017,614233
04359789,G,營運狀況,淨利,,仟元,2017,550160
23219346,G,營運狀況,營業收入,,仟元,2017,3520466
23219346,G,營運狀況,營業成本,,仟元,2017,1645848
23219346,G,營運狀況,營業費用,,仟元,2017,572666
23219346,G,營運狀況,淨利,,仟元,2017,960947
22702791,G,營運狀況,營業收入,,仟元,2017,2389410
22702791,G,營運狀況,營業成本,,仟元,2017,1432198
22702791,G,營運狀況,營業費用,,仟元,2017,371488
22702791,G,營運狀況,淨利,,仟元,2017,396144
42299452,G,營運狀況,營業收入,,仟元,2017,2073289
42299452,G,營運狀況,營業成本,,仟元,2017,1461181
42299452,G,營運狀況,營業費用,,仟元,2017,380229
42299452,G,營運狀況,淨利,,仟元,2017,159915
47423487,G,營運狀況,營業收入,,仟元,2017,18879842
47423487,G,營運狀況,營業成本,,仟元,2017,14945824
47423487,G,營運狀況,營業費用,,仟元,2017,1926258
47423487,G,營運狀況,淨利,,仟元,2017,1354171
55996613,G,營運狀況,營業收入,,仟元,2017,2159565
55996613,G,營運狀況,營業成本,,仟元,2017,1868920
55996613,G,營運狀況,營業費用,,仟元,2017,199558
55996613,G,營運狀況,淨利,,仟元,2017,43502
20838245,G,營運狀況,營業收入,,仟元,2017,33642501
20838245,G,營運狀況,營業成本,,仟元,2017,29681723
20838245,G,營運狀況,營業費用,,仟元,2017,2797915
20838245,G,營運狀況,淨利,,仟元,2017,934817
59334664,G,營運狀況,營業收入,,仟元,2017,2403448
59334664,G,營運狀況,營業成本,,仟元,2017,1980811
59334664,G,營運狀況,營業費用,,仟元,2017,524953
59334664,G,營運狀況,淨利,,仟元,2017,-91412
16992625,G,營運狀況,營業收入,,仟元,2017,4088040
16992625,G,營運狀況,營業成本,,仟元,2017,3298543
16992625,G,營運狀況,營業費用,,仟元,2017,488921
16992625,G,營運狀況,淨利,,仟元,2017,260173
22363342,G,營運狀況,營業收入,,仟元,2017,4048921
22363342,G,營運狀況,營業成本,,仟元,2017,2758163
22363342,G,營運狀況,營業費用,,仟元,2017,413800
22363342,G,營運狀況,淨利,,仟元,2017,599673
42323896,G,營運狀況,營業收入,,仟元,2017,1361401
42323896,G,營運狀況,營業成本,,仟元,2017,894573
42323896,G,營運狀況,營業費用,,仟元,2017,244343
42323896,G,營運狀況,淨利,,仟元,2017,188589
87027821,G,營運狀況,營業收入,,仟元,2017,813626
87027821,G,營運狀況,營業成本,,仟元,2017,546646
87027821,G,營運狀況,營業費用,,仟元,2017,122078
87027821,G,營運狀況,淨利,,仟元,2017,110713
89396315,G,營運狀況,營業收入,,仟元,2017,2635786
89396315,G,營運狀況,營業成本,,仟元,2017,2154102
89396315,G,營運狀況,營業費用,,仟元,2017,404737
89396315,G,營運狀況,淨利,,仟元,2017,70546
59347422,G,營運狀況,營業收入,,仟元,2017,16112554
59347422,G,營運狀況,營業成本,,仟元,2017,11891979
59347422,G,營運狀況,營業費用,,仟元,2017,2447898
59347422,G,營運狀況,淨利,,仟元,2017,999326
68326665,G,營運狀況,營業收入,,仟元,2016,24181282
68326665,G,營運狀況,營業成本,,仟元,2016,18077865
68326665,G,營運狀況,營業費用,,仟元,2016,3307034
68326665,G,營運狀況,淨利,,仟元,2016,2478464
26594386,G,營運狀況,營業收入,,仟元,2016,7608372
26594386,G,營運狀況,營業成本,,仟元,2016,5523206
26594386,G,營運狀況,營業費用,,仟元,2016,1179791
26594386,G,營運狀況,淨利,,仟元,2016,634011
22078327,G,營運狀況,營業收入,,仟元,2016,2475422
22078327,G,營運狀況,營業成本,,仟元,2016,1771288
22078327,G,營運狀況,營業費用,,仟元,2016,297831
22078327,G,營運狀況,淨利,,仟元,2016,304510
85330636,G,營運狀況,營業收入,,仟元,2016,4190527
85330636,G,營運狀況,營業成本,,仟元,2016,3636476
85330636,G,營運狀況,營業費用,,仟元,2016,506504
85330636,G,營運狀況,淨利,,仟元,2016,-113158
69408876,G,營運狀況,營業收入,,仟元,2016,5900257
69408876,G,營運狀況,營業成本,,仟元,2016,4881365
69408876,G,營運狀況,營業費用,,仟元,2016,561473
69408876,G,營運狀況,淨利,,仟元,2016,497308
22269487,G,營運狀況,營業收入,,仟元,2016,15959200
22269487,G,營運狀況,營業成本,,仟元,2016,12281786
22269487,G,營運狀況,營業費用,,仟元,2016,2627390
22269487,G,營運狀況,淨利,,仟元,2016,1048671
22081250,G,營運狀況,營業收入,,仟元,2016,2605278
22081250,G,營運狀況,營業成本,,仟元,2016,2015486
22081250,G,營運狀況,營業費用,,仟元,2016,274607
22081250,G,營運狀況,淨利,,仟元,2016,220892
35129100,G,營運狀況,營業收入,,仟元,2016,1194399
35129100,G,營運狀況,營業成本,,仟元,2016,1078790
35129100,G,營運狀況,營業費用,,仟元,2016,99292
35129100,G,營運狀況,淨利,,仟元,2016,529412
04827138,G,營運狀況,營業收入,,仟元,2016,2325444
04827138,G,營運狀況,營業成本,,仟元,2016,1455133
04827138,G,營運狀況,營業費用,,仟元,2016,643779
04827138,G,營運狀況,淨利,,仟元,2016,83905
52264848,G,營運狀況,營業收入,,仟元,2016,5781203
52264848,G,營運狀況,營業成本,,仟元,2016,3643492
52264848,G,營運狀況,營業費用,,仟元,2016,750233
52264848,G,營運狀況,淨利,,仟元,2016,1123018
66654986,G,營運狀況,營業收入,,仟元,2016,2790767
66654986,G,營運狀況,營業成本,,仟元,2016,2294695
66654986,G,營運狀況,營業費用,,仟元,2016,216053
66654986,G,營運狀況,淨利,,仟元,2016,194932
24157564,G,營運狀況,營業收入,,仟元,2016,1475362
24157564,G,營運狀況,營業成本,,仟元,2016,1119289
24157564,G,營運狀況,營業費用,,仟元,2016,282827
24157564,G,營運狀況,淨利,,仟元,2016,62970
41134952,G,營運狀況,營業收入,,仟元,2016,5526892
41134952,G,營運狀況,營業成本,,仟元,2016,3603597
41134952,G,營運狀況,營業費用,,仟元,2016,1280523
41134952,G,營運狀況,淨利,,仟元,2016,434863
38773146,G,營運狀況,營業收入,,仟元,2016,2606582
38773146,G,營運狀況,營業成本,,仟元,2016,1924404
38773146,G,營運狀況,營業費用,,仟元,2016,276135
38773146,G,營運狀況,淨利,,仟元,2016,318406
03489200,G,營運狀況,營業收入,,仟元,2016,112166685
03489200,G,營運狀況,營業成本,,仟元,2016,92966867
03489200,G,營運狀況,營業費用,,仟元,2016,16976080
03489200,G,營運狀況,淨利,,仟元,2016,1779223
03098415,G,營運狀況,營業收入,,仟元,2016,40733485
03098415,G,營運狀況,營業成本,,仟元,2016,33529684
03098415,G,營運狀況,營業費用,,仟元,2016,4596897
03098415,G,營運狀況,淨利,,仟元,2016,3597372
24004006,G,營運狀況,營業收入,,仟元,2016,35450536
24004006,G,營運狀況,營業成本,,仟元,2016,29928285
24004006,G,營運狀況,營業費用,,仟元,2016,5099480
24004006,G,營運狀況,淨利,,仟元,2016,-292689
03251108,G,營運狀況,營業收入,,仟元,2016,172531900
03251108,G,營運狀況,營業成本,,仟元,2016,149547920
03251108,G,營運狀況,營業費用,,仟元,2016,12801127
03251108,G,營運狀況,淨利,,仟元,2016,12058899
83446817,G,營運狀況,營業收入,,仟元,2016,40095006
83446817,G,營運狀況,營業成本,,仟元,2016,32654723
83446817,G,營運狀況,營業費用,,仟元,2016,6452633
83446817,G,營運狀況,淨利,,仟元,2016,1008608
85961513,G,營運狀況,營業收入,,仟元,2016,17948961
85961513,G,營運狀況,營業成本,,仟元,2016,16180823
85961513,G,營運狀況,營業費用,,仟元,2016,1491971
85961513,G,營運狀況,淨利,,仟元,2016,418872
22817885,G,營運狀況,營業收入,,仟元,2016,24976658
22817885,G,營運狀況,營業成本,,仟元,2016,23187028
22817885,G,營運狀況,營業費用,,仟元,2016,1533016
22817885,G,營運狀況,淨利,,仟元,2016,452959
22663848,G,營運狀況,營業收入,,仟元,2016,31060535
22663848,G,營運狀況,營業成本,,仟元,2016,28633381
22663848,G,營運狀況,營業費用,,仟元,2016,2039893
22663848,G,營運狀況,淨利,,仟元,2016,462858
80032530,G,營運狀況,營業收入,,仟元,2016,34860446
80032530,G,營運狀況,營業成本,,仟元,2016,29813797
80032530,G,營運狀況,營業費用,,仟元,2016,3859193
80032530,G,營運狀況,淨利,,仟元,2016,4630615
04359789,G,營運狀況,營業收入,,仟元,2016,4461014
04359789,G,營運狀況,營業成本,,仟元,2016,3037565
04359789,G,營運狀況,營業費用,,仟元,2016,543232
04359789,G,營運狀況,淨利,,仟元,2016,687691
23219346,G,營運狀況,營業收入,,仟元,2016,3416549
23219346,G,營運狀況,營業成本,,仟元,2016,1561638
23219346,G,營運狀況,營業費用,,仟元,2016,499848
23219346,G,營運狀況,淨利,,仟元,2016,1113913
22702791,G,營運狀況,營業收入,,仟元,2016,2137394
22702791,G,營運狀況,營業成本,,仟元,2016,1324655
22702791,G,營運狀況,營業費用,,仟元,2016,349040
22702791,G,營運狀況,淨利,,仟元,2016,341762
42299452,G,營運狀況,營業收入,,仟元,2016,2009440
42299452,G,營運狀況,營業成本,,仟元,2016,1425168
42299452,G,營運狀況,營業費用,,仟元,2016,327522
42299452,G,營運狀況,淨利,,仟元,2016,162835
47423487,G,營運狀況,營業收入,,仟元,2016,15582053
47423487,G,營運狀況,營業成本,,仟元,2016,12170911
47423487,G,營運狀況,營業費用,,仟元,2016,1559158
47423487,G,營運狀況,淨利,,仟元,2016,1406721
55996613,G,營運狀況,營業收入,,仟元,2016,2088502
55996613,G,營運狀況,營業成本,,仟元,2016,1717481
55996613,G,營運狀況,營業費用,,仟元,2016,213733
55996613,G,營運狀況,淨利,,仟元,2016,120639
20838245,G,營運狀況,營業收入,,仟元,2016,35242813
20838245,G,營運狀況,營業成本,,仟元,2016,31236183
20838245,G,營運狀況,營業費用,,仟元,2016,2557586
20838245,G,營運狀況,淨利,,仟元,2016,1135655
59334664,G,營運狀況,營業收入,,仟元,2016,2733137
59334664,G,營運狀況,營業成本,,仟元,2016,2139130
59334664,G,營運狀況,營業費用,,仟元,2016,566060
59334664,G,營運狀況,淨利,,仟元,2016,11417
16992625,G,營運狀況,營業收入,,仟元,2016,3585383
16992625,G,營運狀況,營業成本,,仟元,2016,2871556
16992625,G,營運狀況,營業費用,,仟元,2016,441342
16992625,G,營運狀況,淨利,,仟元,2016,209157
22363342,G,營運狀況,營業收入,,仟元,2016,3527332
22363342,G,營運狀況,營業成本,,仟元,2016,2491000
22363342,G,營運狀況,營業費用,,仟元,2016,319398
22363342,G,營運狀況,淨利,,仟元,2016,487746
42323896,G,營運狀況,營業收入,,仟元,2016,1424198
42323896,G,營運狀況,營業成本,,仟元,2016,888161
42323896,G,營運狀況,營業費用,,仟元,2016,260664
42323896,G,營運狀況,淨利,,仟元,2016,245583
89396315,G,營運狀況,營業收入,,仟元,2016,2471324
89396315,G,營運狀況,營業成本,,仟元,2016,1956589
89396315,G,營運狀況,營業費用,,仟元,2016,381082
89396315,G,營運狀況,淨利,,仟元,2016,103313
59347422,G,營運狀況,營業收入,,仟元,2016,15786767
59347422,G,營運狀況,營業成本,,仟元,2016,11451883
59347422,G,營運狀況,營業費用,,仟元,2016,2502209
59347422,G,營運狀況,淨利,,仟元,2016,1186898
03098415,X,相關金融商品,永豐台灣ESG永續優質ETF基金,,,2020,T
03098415,X,相關金融商品,永豐台灣ESG永續優質ETF基金,,,2019,T
03098415,X,相關金融商品,永豐台灣ESG永續優質ETF基金,,,2018,T
03251108,X,相關金融商品,富邦臺灣公司治理100基金,,,2019,T
03251108,X,相關金融商品,富邦臺灣公司治理100基金,,,2018,T
80032530,X,相關金融商品,元大臺灣ESG永續ETF基金,,,2019,T
80032530,X,相關金融商品,富邦臺灣公司治理100基金,,,2019,T
80032530,X,相關金融商品,元大臺灣ESG永續ETF基金,,,2018,T
80032530,X,相關金融商品,富邦臺灣公司治理100基金,,,2018,T
03251108,X,相關金融商品,富邦臺灣公司治理100基金,,,2020,T
80032530,X,相關金融商品,元大臺灣ESG永續ETF基金,,,2020,T
80032530,X,相關金融商品,富邦臺灣公司治理100基金,,,2020,T
