統編,分類,子分類,項目,來自公司報告,單位,年份,數值
47217677,E,溫室氣體排放,範疇一直接排放,,公噸CO2e,2005,93805.7
47217677,E,溫室氣體排放,範疇二間接排放,,公噸CO2e,2005,90524.51
47217677,E,溫室氣體排放,直接＋間接排放,,公噸CO2e,2005,184330.21
22101116,E,溫室氣體排放,範疇一直接排放,,公噸CO2e,2006,0
22101116,E,溫室氣體排放,範疇二間接排放,,公噸CO2e,2006,67531.27
22101116,E,溫室氣體排放,直接＋間接排放,,公噸CO2e,2006,67531.27
47217677,E,溫室氣體排放,範疇一直接排放,,公噸CO2e,2007,148085.23
47217677,E,溫室氣體排放,範疇二間接排放,,公噸CO2e,2007,283904.19
47217677,E,溫室氣體排放,直接＋間接排放,,公噸CO2e,2007,431989.42000000004
89406518,E,溫室氣體排放,範疇一直接排放,,公噸CO2e,2009,2463.709999999992
89406518,E,溫室氣體排放,範疇二間接排放,,公噸CO2e,2009,186060.47
89406518,E,溫室氣體排放,直接＋間接排放,,公噸CO2e,2009,188524.18
16130423,E,溫室氣體排放,範疇一直接排放,,公噸CO2e,2013,5116.530000000001
16130423,E,溫室氣體排放,範疇二間接排放,,公噸CO2e,2013,7955.15
16130423,E,溫室氣體排放,直接＋間接排放,,公噸CO2e,2013,13071.68
22099110,E,溫室氣體排放,範疇一直接排放,,公噸CO2e,2013,55539.65000000001
22099110,E,溫室氣體排放,範疇二間接排放,,公噸CO2e,2013,51528.92
22099110,E,溫室氣體排放,直接＋間接排放,,公噸CO2e,2013,107068.57
22099131,E,溫室氣體排放,範疇一直接排放,,公噸CO2e,2013,1112405.32
22099131,E,溫室氣體排放,範疇二間接排放,,公噸CO2e,2013,3158257.9399999995
22099131,E,溫室氣體排放,直接＋間接排放,,公噸CO2e,2013,4270663.26
22099174,E,溫室氣體排放,範疇一直接排放,,公噸CO2e,2013,23687.730000000003
22099174,E,溫室氣體排放,範疇二間接排放,,公噸CO2e,2013,14238.43
22099174,E,溫室氣體排放,直接＋間接排放,,公噸CO2e,2013,37926.16
22099218,E,溫室氣體排放,範疇一直接排放,,公噸CO2e,2013,34084.45000000001
22099218,E,溫室氣體排放,範疇二間接排放,,公噸CO2e,2013,163609.08
22099218,E,溫室氣體排放,直接＋間接排放,,公噸CO2e,2013,197693.53
22099548,E,溫室氣體排放,範疇一直接排放,,公噸CO2e,2013,199135.15
22099548,E,溫室氣體排放,範疇二間接排放,,公噸CO2e,2013,245216.5
22099548,E,溫室氣體排放,直接＋間接排放,,公噸CO2e,2013,444351.65
28112646,E,溫室氣體排放,範疇一直接排放,,公噸CO2e,2013,27916.929999999993
28112646,E,溫室氣體排放,範疇二間接排放,,公噸CO2e,2013,43252.61
28112646,E,溫室氣體排放,直接＋間接排放,,公噸CO2e,2013,71169.54
28112667,E,溫室氣體排放,範疇一直接排放,,公噸CO2e,2013,21040.930000000008
28112667,E,溫室氣體排放,範疇二間接排放,,公噸CO2e,2013,91752.51
28112667,E,溫室氣體排放,直接＋間接排放,,公噸CO2e,2013,112793.44
47217677,E,溫室氣體排放,範疇一直接排放,,公噸CO2e,2013,368758.58
47217677,E,溫室氣體排放,範疇二間接排放,,公噸CO2e,2013,916472.52
47217677,E,溫室氣體排放,直接＋間接排放,,公噸CO2e,2013,1285231.1
84149358,E,溫室氣體排放,範疇一直接排放,,公噸CO2e,2013,142678.1
84149358,E,溫室氣體排放,範疇二間接排放,,公噸CO2e,2013,249985.43
84149358,E,溫室氣體排放,直接＋間接排放,,公噸CO2e,2013,392663.53
89390656,E,溫室氣體排放,範疇一直接排放,,公噸CO2e,2013,35114.67999999999
89390656,E,溫室氣體排放,範疇二間接排放,,公噸CO2e,2013,205234.43
89390656,E,溫室氣體排放,直接＋間接排放,,公噸CO2e,2013,240349.11
16130423,E,溫室氣體排放,範疇一直接排放,,公噸CO2e,2014,5955.92
16130423,E,溫室氣體排放,範疇二間接排放,,公噸CO2e,2014,8668.5
16130423,E,溫室氣體排放,直接＋間接排放,,公噸CO2e,2014,14624.42
22099110,E,溫室氣體排放,範疇一直接排放,,公噸CO2e,2014,58311.759999999995
22099110,E,溫室氣體排放,範疇二間接排放,,公噸CO2e,2014,52293.22
22099110,E,溫室氣體排放,直接＋間接排放,,公噸CO2e,2014,110604.98
22099131,E,溫室氣體排放,範疇一直接排放,,公噸CO2e,2014,1274991.27
22099131,E,溫室氣體排放,範疇二間接排放,,公噸CO2e,2014,3902956.040000001
22099131,E,溫室氣體排放,直接＋間接排放,,公噸CO2e,2014,5177947.3100000005
22099174,E,溫室氣體排放,範疇一直接排放,,公噸CO2e,2014,27493.97
22099174,E,溫室氣體排放,範疇二間接排放,,公噸CO2e,2014,14644.78
22099174,E,溫室氣體排放,直接＋間接排放,,公噸CO2e,2014,42138.75
22099218,E,溫室氣體排放,範疇一直接排放,,公噸CO2e,2014,41374.24000000002
22099218,E,溫室氣體排放,範疇二間接排放,,公噸CO2e,2014,177709.08
22099218,E,溫室氣體排放,直接＋間接排放,,公噸CO2e,2014,219083.32
22099548,E,溫室氣體排放,範疇一直接排放,,公噸CO2e,2014,180882.87
22099548,E,溫室氣體排放,範疇二間接排放,,公噸CO2e,2014,243214.03
22099548,E,溫室氣體排放,直接＋間接排放,,公噸CO2e,2014,424096.9
28112646,E,溫室氣體排放,範疇一直接排放,,公噸CO2e,2014,26846.799999999996
28112646,E,溫室氣體排放,範疇二間接排放,,公噸CO2e,2014,42519.85
28112646,E,溫室氣體排放,直接＋間接排放,,公噸CO2e,2014,69366.65
28112667,E,溫室氣體排放,範疇一直接排放,,公噸CO2e,2014,21232.949999999997
28112667,E,溫室氣體排放,範疇二間接排放,,公噸CO2e,2014,90557.77
28112667,E,溫室氣體排放,直接＋間接排放,,公噸CO2e,2014,111790.72
47217677,E,溫室氣體排放,範疇一直接排放,,公噸CO2e,2014,407585.41
47217677,E,溫室氣體排放,範疇二間接排放,,公噸CO2e,2014,992639.46
47217677,E,溫室氣體排放,直接＋間接排放,,公噸CO2e,2014,1400224.8699999999
84149358,E,溫室氣體排放,範疇一直接排放,,公噸CO2e,2014,155543.05
84149358,E,溫室氣體排放,範疇二間接排放,,公噸CO2e,2014,251669.97999999998
84149358,E,溫室氣體排放,直接＋間接排放,,公噸CO2e,2014,407213.02999999997
89390656,E,溫室氣體排放,範疇一直接排放,,公噸CO2e,2014,33013.01000000001
89390656,E,溫室氣體排放,範疇二間接排放,,公噸CO2e,2014,208192.27
89390656,E,溫室氣體排放,直接＋間接排放,,公噸CO2e,2014,241205.28
16130423,E,溫室氣體排放,範疇一直接排放,,公噸CO2e,2015,8080.1
16130423,E,溫室氣體排放,範疇二間接排放,,公噸CO2e,2015,10258.51
16130423,E,溫室氣體排放,直接＋間接排放,,公噸CO2e,2015,18338.61
16138282,E,溫室氣體排放,範疇一直接排放,,公噸CO2e,2015,2002.4099999999999
16138282,E,溫室氣體排放,範疇二間接排放,,公噸CO2e,2015,25889.74
16138282,E,溫室氣體排放,直接＋間接排放,,公噸CO2e,2015,27892.15
16741846,E,溫室氣體排放,範疇一直接排放,,公噸CO2e,2015,151846.31
16741846,E,溫室氣體排放,範疇二間接排放,,公噸CO2e,2015,53036.7
16741846,E,溫室氣體排放,直接＋間接排放,,公噸CO2e,2015,204883.01
22099110,E,溫室氣體排放,範疇一直接排放,,公噸CO2e,2015,59247.950000000004
22099110,E,溫室氣體排放,範疇二間接排放,,公噸CO2e,2015,50836.27
22099110,E,溫室氣體排放,直接＋間接排放,,公噸CO2e,2015,110084.22
22099131,E,溫室氣體排放,範疇一直接排放,,公噸CO2e,2015,1396358.63
22099131,E,溫室氣體排放,範疇二間接排放,,公噸CO2e,2015,4138429.49
22099131,E,溫室氣體排放,直接＋間接排放,,公噸CO2e,2015,5534788.12
22099174,E,溫室氣體排放,範疇一直接排放,,公噸CO2e,2015,26892.879999999997
22099174,E,溫室氣體排放,範疇二間接排放,,公噸CO2e,2015,14957.71
22099174,E,溫室氣體排放,直接＋間接排放,,公噸CO2e,2015,41850.59
22099218,E,溫室氣體排放,範疇一直接排放,,公噸CO2e,2015,47575.79999999999
22099218,E,溫室氣體排放,範疇二間接排放,,公噸CO2e,2015,200860.95
22099218,E,溫室氣體排放,直接＋間接排放,,公噸CO2e,2015,248436.75
22099548,E,溫室氣體排放,範疇一直接排放,,公噸CO2e,2015,162584.33000000002
22099548,E,溫室氣體排放,範疇二間接排放,,公噸CO2e,2015,238724.41999999998
22099548,E,溫室氣體排放,直接＋間接排放,,公噸CO2e,2015,401308.75
28112646,E,溫室氣體排放,範疇一直接排放,,公噸CO2e,2015,27890.179999999993
28112646,E,溫室氣體排放,範疇二間接排放,,公噸CO2e,2015,41034.47
28112646,E,溫室氣體排放,直接＋間接排放,,公噸CO2e,2015,68924.65
28112667,E,溫室氣體排放,範疇一直接排放,,公噸CO2e,2015,19343.12000000001
28112667,E,溫室氣體排放,範疇二間接排放,,公噸CO2e,2015,91070.01
28112667,E,溫室氣體排放,直接＋間接排放,,公噸CO2e,2015,110413.13
47217677,E,溫室氣體排放,範疇一直接排放,,公噸CO2e,2015,454176.18999999994
47217677,E,溫室氣體排放,範疇二間接排放,,公噸CO2e,2015,972151.24
47217677,E,溫室氣體排放,直接＋間接排放,,公噸CO2e,2015,1426327.43
70752257,E,溫室氣體排放,範疇一直接排放,,公噸CO2e,2015,41636.91999999999
70752257,E,溫室氣體排放,範疇二間接排放,,公噸CO2e,2015,71280.54000000001
70752257,E,溫室氣體排放,直接＋間接排放,,公噸CO2e,2015,112917.45999999999
84149358,E,溫室氣體排放,範疇一直接排放,,公噸CO2e,2015,192570.86
84149358,E,溫室氣體排放,範疇二間接排放,,公噸CO2e,2015,435002.87000000005
84149358,E,溫室氣體排放,直接＋間接排放,,公噸CO2e,2015,627573.73
89390656,E,溫室氣體排放,範疇一直接排放,,公噸CO2e,2015,44372.17999999999
89390656,E,溫室氣體排放,範疇二間接排放,,公噸CO2e,2015,221559.14
89390656,E,溫室氣體排放,直接＋間接排放,,公噸CO2e,2015,265931.32
16130423,E,溫室氣體排放,範疇一直接排放,,公噸CO2e,2016,7366.809999999998
16130423,E,溫室氣體排放,範疇二間接排放,,公噸CO2e,2016,10278.79
16130423,E,溫室氣體排放,直接＋間接排放,,公噸CO2e,2016,17645.6
16138282,E,溫室氣體排放,範疇一直接排放,,公噸CO2e,2016,3644.41
16138282,E,溫室氣體排放,範疇二間接排放,,公噸CO2e,2016,28577.85
16138282,E,溫室氣體排放,直接＋間接排放,,公噸CO2e,2016,32222.26
16741846,E,溫室氣體排放,範疇一直接排放,,公噸CO2e,2016,134584.18
16741846,E,溫室氣體排放,範疇二間接排放,,公噸CO2e,2016,55122.52999999999
16741846,E,溫室氣體排放,直接＋間接排放,,公噸CO2e,2016,189706.71
22099110,E,溫室氣體排放,範疇一直接排放,,公噸CO2e,2016,114900.78
22099110,E,溫室氣體排放,範疇二間接排放,,公噸CO2e,2016,51060.68
22099110,E,溫室氣體排放,直接＋間接排放,,公噸CO2e,2016,165961.46
22099110,E,溫室氣體排放,碳密集度,,公噸CO2e/億元,2016,11432.151644821135
22099131,E,溫室氣體排放,範疇一直接排放,,公噸CO2e,2016,1621376.7699999998
22099131,E,溫室氣體排放,範疇二間接排放,,公噸CO2e,2016,4659910.45
22099131,E,溫室氣體排放,直接＋間接排放,,公噸CO2e,2016,6281287.22
22099131,E,溫室氣體排放,碳密集度,,公噸CO2e/億元,2016,662.6261359462425
22099174,E,溫室氣體排放,範疇一直接排放,,公噸CO2e,2016,46376.39
22099174,E,溫室氣體排放,範疇二間接排放,,公噸CO2e,2016,19870.76
22099174,E,溫室氣體排放,直接＋間接排放,,公噸CO2e,2016,66247.15
22099218,E,溫室氣體排放,範疇一直接排放,,公噸CO2e,2016,63672.640000000014
22099218,E,溫室氣體排放,範疇二間接排放,,公噸CO2e,2016,206301.69
22099218,E,溫室氣體排放,直接＋間接排放,,公噸CO2e,2016,269974.33
22099218,E,溫室氣體排放,碳密集度,,公噸CO2e/億元,2016,641.3955061791385
22099548,E,溫室氣體排放,範疇一直接排放,,公噸CO2e,2016,143499.19
22099548,E,溫室氣體排放,範疇二間接排放,,公噸CO2e,2016,233578.81
22099548,E,溫室氣體排放,直接＋間接排放,,公噸CO2e,2016,377078
22099548,E,溫室氣體排放,碳密集度,,公噸CO2e/億元,2016,1563.0193658662333
22404266,E,溫室氣體排放,範疇一直接排放,,公噸CO2e,2016,250.67000000000007
22404266,E,溫室氣體排放,範疇二間接排放,,公噸CO2e,2016,5367.71
22404266,E,溫室氣體排放,直接＋間接排放,,公噸CO2e,2016,5618.38
22404266,E,溫室氣體排放,碳密集度,,公噸CO2e/億元,2016,2464.6341463414633
28112646,E,溫室氣體排放,範疇一直接排放,,公噸CO2e,2016,34394.81
28112646,E,溫室氣體排放,範疇二間接排放,,公噸CO2e,2016,40830.34
28112646,E,溫室氣體排放,直接＋間接排放,,公噸CO2e,2016,75225.15
28112646,E,溫室氣體排放,碳密集度,,公噸CO2e/億元,2016,903.1404372475623
28112667,E,溫室氣體排放,範疇一直接排放,,公噸CO2e,2016,25404.42
28112667,E,溫室氣體排放,範疇二間接排放,,公噸CO2e,2016,93449.52
28112667,E,溫室氣體排放,直接＋間接排放,,公噸CO2e,2016,118853.94
47217677,E,溫室氣體排放,範疇一直接排放,,公噸CO2e,2016,492545.0500000001
47217677,E,溫室氣體排放,範疇二間接排放,,公噸CO2e,2016,1107956.52
47217677,E,溫室氣體排放,直接＋間接排放,,公噸CO2e,2016,1600501.57
47217677,E,溫室氣體排放,碳密集度,,公噸CO2e/億元,2016,1082.3698031118172
70752257,E,溫室氣體排放,範疇一直接排放,,公噸CO2e,2016,45142.82000000001
70752257,E,溫室氣體排放,範疇二間接排放,,公噸CO2e,2016,74801.89
70752257,E,溫室氣體排放,直接＋間接排放,,公噸CO2e,2016,119944.71
84149358,E,溫室氣體排放,範疇一直接排放,,公噸CO2e,2016,272047.18
84149358,E,溫室氣體排放,範疇二間接排放,,公噸CO2e,2016,449059.32
84149358,E,溫室氣體排放,直接＋間接排放,,公噸CO2e,2016,721106.5
89390656,E,溫室氣體排放,範疇一直接排放,,公噸CO2e,2016,51584.82999999999
89390656,E,溫室氣體排放,範疇二間接排放,,公噸CO2e,2016,238436.6
89390656,E,溫室氣體排放,直接＋間接排放,,公噸CO2e,2016,290021.43
89390656,E,溫室氣體排放,碳密集度,,公噸CO2e/億元,2016,696.6225789200049
16130423,E,溫室氣體排放,範疇一直接排放,,公噸CO2e,2017,9532.089999999998
16130423,E,溫室氣體排放,範疇二間接排放,,公噸CO2e,2017,10489.44
16130423,E,溫室氣體排放,直接＋間接排放,,公噸CO2e,2017,20021.53
16138282,E,溫室氣體排放,範疇一直接排放,,公噸CO2e,2017,3361.8499999999985
16138282,E,溫室氣體排放,範疇二間接排放,,公噸CO2e,2017,31240.28
16138282,E,溫室氣體排放,直接＋間接排放,,公噸CO2e,2017,34602.13
16741846,E,溫室氣體排放,範疇一直接排放,,公噸CO2e,2017,99965.07999999999
16741846,E,溫室氣體排放,範疇二間接排放,,公噸CO2e,2017,61259.35999999999
16741846,E,溫室氣體排放,直接＋間接排放,,公噸CO2e,2017,161224.43999999997
22099110,E,溫室氣體排放,範疇一直接排放,,公噸CO2e,2017,130564.21
22099110,E,溫室氣體排放,範疇二間接排放,,公噸CO2e,2017,54956.11
22099110,E,溫室氣體排放,直接＋間接排放,,公噸CO2e,2017,185520.32
22099110,E,溫室氣體排放,碳密集度,,公噸CO2e/億元,2017,11336.567516683705
22099131,E,溫室氣體排放,範疇一直接排放,,公噸CO2e,2017,1638050.52
22099131,E,溫室氣體排放,範疇二間接排放,,公噸CO2e,2017,5910749.44
22099131,E,溫室氣體排放,直接＋間接排放,,公噸CO2e,2017,7548799.960000001
22099131,E,溫室氣體排放,碳密集度,,公噸CO2e/億元,2017,772.2974339031359
22099174,E,溫室氣體排放,範疇一直接排放,,公噸CO2e,2017,50608.12000000001
22099174,E,溫室氣體排放,範疇二間接排放,,公噸CO2e,2017,20960.51
22099174,E,溫室氣體排放,直接＋間接排放,,公噸CO2e,2017,71568.63
22099218,E,溫室氣體排放,範疇一直接排放,,公噸CO2e,2017,62318.359999999986
22099218,E,溫室氣體排放,範疇二間接排放,,公噸CO2e,2017,250858.76
22099218,E,溫室氣體排放,直接＋間接排放,,公噸CO2e,2017,313177.12
22099218,E,溫室氣體排放,碳密集度,,公噸CO2e/億元,2017,658.0485979599172
22099548,E,溫室氣體排放,範疇一直接排放,,公噸CO2e,2017,179330.25
22099548,E,溫室氣體排放,範疇二間接排放,,公噸CO2e,2017,253151.68000000002
22099548,E,溫室氣體排放,直接＋間接排放,,公噸CO2e,2017,432481.93000000005
22099548,E,溫室氣體排放,碳密集度,,公噸CO2e/億元,2017,1264.6810899555974
22404266,E,溫室氣體排放,範疇一直接排放,,公噸CO2e,2017,484.40999999999985
22404266,E,溫室氣體排放,範疇二間接排放,,公噸CO2e,2017,6146.16
22404266,E,溫室氣體排放,直接＋間接排放,,公噸CO2e,2017,6630.57
22404266,E,溫室氣體排放,碳密集度,,公噸CO2e/億元,2017,2532.7529765883733
28112646,E,溫室氣體排放,範疇一直接排放,,公噸CO2e,2017,39126.78
28112646,E,溫室氣體排放,範疇二間接排放,,公噸CO2e,2017,41596.2
28112646,E,溫室氣體排放,直接＋間接排放,,公噸CO2e,2017,80722.98
28112646,E,溫室氣體排放,碳密集度,,公噸CO2e/億元,2017,874.0621665676633
28112667,E,溫室氣體排放,範疇一直接排放,,公噸CO2e,2017,27689.89
28112667,E,溫室氣體排放,範疇二間接排放,,公噸CO2e,2017,99510.03
28112667,E,溫室氣體排放,直接＋間接排放,,公噸CO2e,2017,127199.92
30901647,E,溫室氣體排放,範疇一直接排放,,公噸CO2e,2017,392.14999999999964
30901647,E,溫室氣體排放,範疇二間接排放,,公噸CO2e,2017,10304.18
30901647,E,溫室氣體排放,直接＋間接排放,,公噸CO2e,2017,10696.33
30901647,E,溫室氣體排放,碳密集度,,公噸CO2e/億元,2017,302.2304062776992
47217677,E,溫室氣體排放,範疇一直接排放,,公噸CO2e,2017,472546.10000000003
47217677,E,溫室氣體排放,範疇二間接排放,,公噸CO2e,2017,1203550.19
47217677,E,溫室氣體排放,直接＋間接排放,,公噸CO2e,2017,1676096.29
47217677,E,溫室氣體排放,碳密集度,,公噸CO2e/億元,2017,1122.7515094546925
70552666,E,溫室氣體排放,範疇一直接排放,,公噸CO2e,2017,3912.66
70552666,E,溫室氣體排放,範疇二間接排放,,公噸CO2e,2017,26856.53
70552666,E,溫室氣體排放,直接＋間接排放,,公噸CO2e,2017,30769.19
70752257,E,溫室氣體排放,範疇一直接排放,,公噸CO2e,2017,54515.749999999985
70752257,E,溫室氣體排放,範疇二間接排放,,公噸CO2e,2017,97602.68000000001
70752257,E,溫室氣體排放,直接＋間接排放,,公噸CO2e,2017,152118.43
84149358,E,溫室氣體排放,範疇一直接排放,,公噸CO2e,2017,273142.39999999997
84149358,E,溫室氣體排放,範疇二間接排放,,公噸CO2e,2017,444605.15
84149358,E,溫室氣體排放,直接＋間接排放,,公噸CO2e,2017,717747.55
89390656,E,溫室氣體排放,範疇一直接排放,,公噸CO2e,2017,61287.32000000001
89390656,E,溫室氣體排放,範疇二間接排放,,公噸CO2e,2017,329538.14
89390656,E,溫室氣體排放,直接＋間接排放,,公噸CO2e,2017,390825.46
89390656,E,溫室氣體排放,碳密集度,,公噸CO2e/億元,2017,711.6498523331709
16130423,E,溫室氣體排放,範疇一直接排放,,公噸CO2e,2018,6700.32
16130423,E,溫室氣體排放,範疇二間接排放,,公噸CO2e,2018,10611.18
16130423,E,溫室氣體排放,直接＋間接排放,,公噸CO2e,2018,17311.5
16138282,E,溫室氣體排放,範疇一直接排放,,公噸CO2e,2018,3384.730000000003
16138282,E,溫室氣體排放,範疇二間接排放,,公噸CO2e,2018,33782.82
16138282,E,溫室氣體排放,直接＋間接排放,,公噸CO2e,2018,37167.55
16741846,E,溫室氣體排放,範疇一直接排放,,公噸CO2e,2018,76920.83
16741846,E,溫室氣體排放,範疇二間接排放,,公噸CO2e,2018,57943.11
16741846,E,溫室氣體排放,直接＋間接排放,,公噸CO2e,2018,134863.94
22099110,E,溫室氣體排放,範疇一直接排放,,公噸CO2e,2018,155947.77000000002
22099110,E,溫室氣體排放,範疇二間接排放,,公噸CO2e,2018,52719.42
22099110,E,溫室氣體排放,直接＋間接排放,,公噸CO2e,2018,208667.19
22099110,E,溫室氣體排放,碳密集度,,公噸CO2e/億元,2018,11263.727093172201
22099131,E,溫室氣體排放,範疇一直接排放,,公噸CO2e,2018,1705766.3399999996
22099131,E,溫室氣體排放,範疇二間接排放,,公噸CO2e,2018,6016896.080000001
22099131,E,溫室氣體排放,直接＋間接排放,,公噸CO2e,2018,7722662.420000001
22099131,E,溫室氣體排放,碳密集度,,公噸CO2e/億元,2018,748.7019291566775
22099174,E,溫室氣體排放,範疇一直接排放,,公噸CO2e,2018,56944.8
22099174,E,溫室氣體排放,範疇二間接排放,,公噸CO2e,2018,21234.25
22099174,E,溫室氣體排放,直接＋間接排放,,公噸CO2e,2018,78179.05
22099218,E,溫室氣體排放,範疇一直接排放,,公噸CO2e,2018,64510.06
22099218,E,溫室氣體排放,範疇二間接排放,,公噸CO2e,2018,265596.03
22099218,E,溫室氣體排放,直接＋間接排放,,公噸CO2e,2018,330106.09
22099218,E,溫室氣體排放,碳密集度,,公噸CO2e/億元,2018,644.8603381541469
22099548,E,溫室氣體排放,範疇一直接排放,,公噸CO2e,2018,172668.49
22099548,E,溫室氣體排放,範疇二間接排放,,公噸CO2e,2018,246357.61000000002
22099548,E,溫室氣體排放,直接＋間接排放,,公噸CO2e,2018,419026.1
22099548,E,溫室氣體排放,碳密集度,,公噸CO2e/億元,2018,1133.94240559205
22404266,E,溫室氣體排放,範疇一直接排放,,公噸CO2e,2018,105.55999999999949
22404266,E,溫室氣體排放,範疇二間接排放,,公噸CO2e,2018,6405.63
22404266,E,溫室氣體排放,直接＋間接排放,,公噸CO2e,2018,6511.19
22404266,E,溫室氣體排放,碳密集度,,公噸CO2e/億元,2018,2136.9533467894125
28112646,E,溫室氣體排放,範疇一直接排放,,公噸CO2e,2018,35823.27
28112646,E,溫室氣體排放,範疇二間接排放,,公噸CO2e,2018,39440.93
28112646,E,溫室氣體排放,直接＋間接排放,,公噸CO2e,2018,75264.2
28112646,E,溫室氣體排放,碳密集度,,公噸CO2e/億元,2018,749.6269255427744
28112667,E,溫室氣體排放,範疇一直接排放,,公噸CO2e,2018,31671.09999999999
28112667,E,溫室氣體排放,範疇二間接排放,,公噸CO2e,2018,96574.55
28112667,E,溫室氣體排放,直接＋間接排放,,公噸CO2e,2018,128245.65
30901647,E,溫室氣體排放,範疇一直接排放,,公噸CO2e,2018,896.7700000000004
30901647,E,溫室氣體排放,範疇二間接排放,,公噸CO2e,2018,9660.52
30901647,E,溫室氣體排放,直接＋間接排放,,公噸CO2e,2018,10557.29
30901647,E,溫室氣體排放,碳密集度,,公噸CO2e/億元,2018,264.72423874125417
34286449,E,溫室氣體排放,範疇一直接排放,,公噸CO2e,2018,21.699999999999818
34286449,E,溫室氣體排放,範疇二間接排放,,公噸CO2e,2018,6559.58
34286449,E,溫室氣體排放,直接＋間接排放,,公噸CO2e,2018,6581.28
47217677,E,溫室氣體排放,範疇一直接排放,,公噸CO2e,2018,441417.37
47217677,E,溫室氣體排放,範疇二間接排放,,公噸CO2e,2018,1111896.75
47217677,E,溫室氣體排放,直接＋間接排放,,公噸CO2e,2018,1553314.12
47217677,E,溫室氣體排放,碳密集度,,公噸CO2e/億元,2018,1026.9670854057747
70552666,E,溫室氣體排放,範疇一直接排放,,公噸CO2e,2018,3353.9699999999975
70552666,E,溫室氣體排放,範疇二間接排放,,公噸CO2e,2018,26216.88
70552666,E,溫室氣體排放,直接＋間接排放,,公噸CO2e,2018,29570.85
70752257,E,溫室氣體排放,範疇一直接排放,,公噸CO2e,2018,64447.39000000001
70752257,E,溫室氣體排放,範疇二間接排放,,公噸CO2e,2018,100037.5
70752257,E,溫室氣體排放,直接＋間接排放,,公噸CO2e,2018,164484.89
80601119,E,溫室氣體排放,範疇一直接排放,,公噸CO2e,2018,12393.589999999997
80601119,E,溫室氣體排放,範疇二間接排放,,公噸CO2e,2018,22812.25
80601119,E,溫室氣體排放,直接＋間接排放,,公噸CO2e,2018,35205.84
84149358,E,溫室氣體排放,範疇一直接排放,,公噸CO2e,2018,331108.72
84149358,E,溫室氣體排放,範疇二間接排放,,公噸CO2e,2018,450995.54999999993
84149358,E,溫室氣體排放,直接＋間接排放,,公噸CO2e,2018,782104.2699999999
89390656,E,溫室氣體排放,範疇一直接排放,,公噸CO2e,2018,78311.53999999998
89390656,E,溫室氣體排放,範疇二間接排放,,公噸CO2e,2018,356351.01
89390656,E,溫室氣體排放,直接＋間接排放,,公噸CO2e,2018,434662.55
89390656,E,溫室氣體排放,碳密集度,,公噸CO2e/億元,2018,513.0468539126008
16130423,E,溫室氣體排放,範疇一直接排放,,公噸CO2e,2019,7912.0999999999985
16130423,E,溫室氣體排放,範疇二間接排放,,公噸CO2e,2019,10493.75
16130423,E,溫室氣體排放,直接＋間接排放,,公噸CO2e,2019,18405.85
16138282,E,溫室氣體排放,範疇一直接排放,,公噸CO2e,2019,3554.1299999999974
16138282,E,溫室氣體排放,範疇二間接排放,,公噸CO2e,2019,32971.8
16138282,E,溫室氣體排放,直接＋間接排放,,公噸CO2e,2019,36525.93
16741846,E,溫室氣體排放,範疇一直接排放,,公噸CO2e,2019,60978.89
16741846,E,溫室氣體排放,範疇二間接排放,,公噸CO2e,2019,50952.21
16741846,E,溫室氣體排放,直接＋間接排放,,公噸CO2e,2019,111931.1
22099110,E,溫室氣體排放,範疇一直接排放,,公噸CO2e,2019,126021.33
22099110,E,溫室氣體排放,範疇二間接排放,,公噸CO2e,2019,49570.33
22099110,E,溫室氣體排放,直接＋間接排放,,公噸CO2e,2019,175591.66
22099110,E,溫室氣體排放,碳密集度,,公噸CO2e/億元,2019,12933.776068578785
22099131,E,溫室氣體排放,範疇一直接排放,,公噸CO2e,2019,1657161.01
22099131,E,溫室氣體排放,範疇二間接排放,,公噸CO2e,2019,6038228.27
22099131,E,溫室氣體排放,直接＋間接排放,,公噸CO2e,2019,7695389.279999999
22099131,E,溫室氣體排放,碳密集度,,公噸CO2e/億元,2019,719.2050410016416
22099174,E,溫室氣體排放,範疇一直接排放,,公噸CO2e,2019,48095.92999999999
22099174,E,溫室氣體排放,範疇二間接排放,,公噸CO2e,2019,20202.88
22099174,E,溫室氣體排放,直接＋間接排放,,公噸CO2e,2019,68298.81
22099218,E,溫室氣體排放,範疇一直接排放,,公噸CO2e,2019,65748.83999999997
22099218,E,溫室氣體排放,範疇二間接排放,,公噸CO2e,2019,268947.46
22099218,E,溫室氣體排放,直接＋間接排放,,公噸CO2e,2019,334696.3
22099218,E,溫室氣體排放,碳密集度,,公噸CO2e/億元,2019,686.2547859470361
22099548,E,溫室氣體排放,範疇一直接排放,,公噸CO2e,2019,156694.45
22099548,E,溫室氣體排放,範疇二間接排放,,公噸CO2e,2019,237465.66999999998
22099548,E,溫室氣體排放,直接＋間接排放,,公噸CO2e,2019,394160.12
22099548,E,溫室氣體排放,碳密集度,,公噸CO2e/億元,2019,1126.3194479984818
22404266,E,溫室氣體排放,範疇一直接排放,,公噸CO2e,2019,125.59000000000015
22404266,E,溫室氣體排放,範疇二間接排放,,公噸CO2e,2019,4162.63
22404266,E,溫室氣體排放,直接＋間接排放,,公噸CO2e,2019,4288.22
22404266,E,溫室氣體排放,碳密集度,,公噸CO2e/億元,2019,2595.3192236229715
28112646,E,溫室氣體排放,範疇一直接排放,,公噸CO2e,2019,31124.380000000005
28112646,E,溫室氣體排放,範疇二間接排放,,公噸CO2e,2019,37122.59
28112646,E,溫室氣體排放,直接＋間接排放,,公噸CO2e,2019,68246.97
28112646,E,溫室氣體排放,碳密集度,,公噸CO2e/億元,2019,658.2926516134577
28112667,E,溫室氣體排放,範疇一直接排放,,公噸CO2e,2019,26843.92
28112667,E,溫室氣體排放,範疇二間接排放,,公噸CO2e,2019,89248.85
28112667,E,溫室氣體排放,直接＋間接排放,,公噸CO2e,2019,116092.77
28112667,E,溫室氣體排放,碳密集度,,公噸CO2e/億元,2019,323.4041248043262
30901647,E,溫室氣體排放,範疇一直接排放,,公噸CO2e,2019,263.60000000000036
30901647,E,溫室氣體排放,範疇二間接排放,,公噸CO2e,2019,9129.22
30901647,E,溫室氣體排放,直接＋間接排放,,公噸CO2e,2019,9392.82
30901647,E,溫室氣體排放,碳密集度,,公噸CO2e/億元,2019,237.8319880912079
34286449,E,溫室氣體排放,範疇一直接排放,,公噸CO2e,2019,35.19000000000051
34286449,E,溫室氣體排放,範疇二間接排放,,公噸CO2e,2019,8762.49
34286449,E,溫室氣體排放,直接＋間接排放,,公噸CO2e,2019,8797.68
47217677,E,溫室氣體排放,範疇一直接排放,,公噸CO2e,2019,415229.94000000006
47217677,E,溫室氣體排放,範疇二間接排放,,公噸CO2e,2019,1053385.25
47217677,E,溫室氣體排放,直接＋間接排放,,公噸CO2e,2019,1468615.19
47217677,E,溫室氣體排放,碳密集度,,公噸CO2e/億元,2019,990.9574415576141
70552666,E,溫室氣體排放,範疇一直接排放,,公噸CO2e,2019,2515.9400000000023
70552666,E,溫室氣體排放,範疇二間接排放,,公噸CO2e,2019,25179.62
70552666,E,溫室氣體排放,直接＋間接排放,,公噸CO2e,2019,27695.56
70752257,E,溫室氣體排放,範疇一直接排放,,公噸CO2e,2019,66342.34
70752257,E,溫室氣體排放,範疇二間接排放,,公噸CO2e,2019,102545.16
70752257,E,溫室氣體排放,直接＋間接排放,,公噸CO2e,2019,168887.5
80601119,E,溫室氣體排放,範疇一直接排放,,公噸CO2e,2019,12900.970000000001
80601119,E,溫室氣體排放,範疇二間接排放,,公噸CO2e,2019,23527.15
80601119,E,溫室氣體排放,直接＋間接排放,,公噸CO2e,2019,36428.12
80601119,E,溫室氣體排放,碳密集度,,公噸CO2e/億元,2019,1072.7644531769956
84149358,E,溫室氣體排放,範疇一直接排放,,公噸CO2e,2019,286831.89
84149358,E,溫室氣體排放,範疇二間接排放,,公噸CO2e,2019,428984.2
84149358,E,溫室氣體排放,直接＋間接排放,,公噸CO2e,2019,715816.0900000001
89390656,E,溫室氣體排放,範疇一直接排放,,公噸CO2e,2019,88700.63999999996
89390656,E,溫室氣體排放,範疇二間接排放,,公噸CO2e,2019,373007.84
89390656,E,溫室氣體排放,直接＋間接排放,,公噸CO2e,2019,461708.48
89390656,E,溫室氣體排放,碳密集度,,公噸CO2e/億元,2019,892.5791017992804
16130423,E,溫室氣體排放,範疇一直接排放,,公噸CO2e,2020,17839.010000000002
16130423,E,溫室氣體排放,範疇二間接排放,,公噸CO2e,2020,12420.48
16130423,E,溫室氣體排放,直接＋間接排放,,公噸CO2e,2020,30259.49
16138282,E,溫室氣體排放,範疇一直接排放,,公噸CO2e,2020,8142.689999999999
16138282,E,溫室氣體排放,範疇二間接排放,,公噸CO2e,2020,61187.770000000004
16138282,E,溫室氣體排放,直接＋間接排放,,公噸CO2e,2020,69330.46
16741846,E,溫室氣體排放,範疇一直接排放,,公噸CO2e,2020,76224.04999999999
16741846,E,溫室氣體排放,範疇二間接排放,,公噸CO2e,2020,82828.13
16741846,E,溫室氣體排放,直接＋間接排放,,公噸CO2e,2020,159052.18
22099110,E,溫室氣體排放,範疇一直接排放,,公噸CO2e,2020,173389.05
22099110,E,溫室氣體排放,範疇二間接排放,,公噸CO2e,2020,50232.81
22099110,E,溫室氣體排放,直接＋間接排放,,公噸CO2e,2020,223621.86
22099110,E,溫室氣體排放,碳密集度,,公噸CO2e/億元,2020,12116.14432189817
22099131,E,溫室氣體排放,範疇一直接排放,,公噸CO2e,2020,2149375.68
22099131,E,溫室氣體排放,範疇二間接排放,,公噸CO2e,2020,7226591.630000001
22099131,E,溫室氣體排放,直接＋間接排放,,公噸CO2e,2020,9375967.31
22099131,E,溫室氣體排放,碳密集度,,公噸CO2e/億元,2020,700.0883799699861
22099174,E,溫室氣體排放,範疇一直接排放,,公噸CO2e,2020,56990.490000000005
22099174,E,溫室氣體排放,範疇二間接排放,,公噸CO2e,2020,20381.56
22099174,E,溫室氣體排放,直接＋間接排放,,公噸CO2e,2020,77372.05
22099218,E,溫室氣體排放,範疇一直接排放,,公噸CO2e,2020,53271
22099218,E,溫室氣體排放,範疇二間接排放,,公噸CO2e,2020,274222.12
22099218,E,溫室氣體排放,直接＋間接排放,,公噸CO2e,2020,327493.12
22099218,E,溫室氣體排放,碳密集度,,公噸CO2e/億元,2020,539.6770053430464
22099548,E,溫室氣體排放,範疇一直接排放,,公噸CO2e,2020,174460.44
22099548,E,溫室氣體排放,範疇二間接排放,,公噸CO2e,2020,248580.7
22099548,E,溫室氣體排放,直接＋間接排放,,公噸CO2e,2020,423041.14
22099548,E,溫室氣體排放,碳密集度,,公噸CO2e/億元,2020,1062.8921467622365
28112646,E,溫室氣體排放,範疇一直接排放,,公噸CO2e,2020,36151.61
28112646,E,溫室氣體排放,範疇二間接排放,,公噸CO2e,2020,36819.33
28112646,E,溫室氣體排放,直接＋間接排放,,公噸CO2e,2020,72970.94
28112646,E,溫室氣體排放,碳密集度,,公噸CO2e/億元,2020,353.06145870709855
28112667,E,溫室氣體排放,範疇一直接排放,,公噸CO2e,2020,104587.64000000003
28112667,E,溫室氣體排放,範疇二間接排放,,公噸CO2e,2020,523981.07999999996
28112667,E,溫室氣體排放,直接＋間接排放,,公噸CO2e,2020,628568.72
28112667,E,溫室氣體排放,碳密集度,,公噸CO2e/億元,2020,1375.8870902162578
30901647,E,溫室氣體排放,範疇一直接排放,,公噸CO2e,2020,542.1800000000003
30901647,E,溫室氣體排放,範疇二間接排放,,公噸CO2e,2020,9239.81
30901647,E,溫室氣體排放,直接＋間接排放,,公噸CO2e,2020,9781.99
30901647,E,溫室氣體排放,碳密集度,,公噸CO2e/億元,2020,273.23971516224987
34286449,E,溫室氣體排放,範疇一直接排放,,公噸CO2e,2020,46.3799999999992
34286449,E,溫室氣體排放,範疇二間接排放,,公噸CO2e,2020,9436.45
34286449,E,溫室氣體排放,直接＋間接排放,,公噸CO2e,2020,9482.83
47217677,E,溫室氣體排放,範疇一直接排放,,公噸CO2e,2020,462402.57999999996
47217677,E,溫室氣體排放,範疇二間接排放,,公噸CO2e,2020,1057469.48
47217677,E,溫室氣體排放,直接＋間接排放,,公噸CO2e,2020,1519872.06
47217677,E,溫室氣體排放,碳密集度,,公噸CO2e/億元,2020,859.5544642417129
70552666,E,溫室氣體排放,範疇一直接排放,,公噸CO2e,2020,3912.66
70552666,E,溫室氣體排放,範疇二間接排放,,公噸CO2e,2020,25710.63
70552666,E,溫室氣體排放,直接＋間接排放,,公噸CO2e,2020,29623.29
70752257,E,溫室氣體排放,範疇一直接排放,,公噸CO2e,2020,76889.51000000001
70752257,E,溫室氣體排放,範疇二間接排放,,公噸CO2e,2020,114382.53
70752257,E,溫室氣體排放,直接＋間接排放,,公噸CO2e,2020,191272.04
80601119,E,溫室氣體排放,範疇一直接排放,,公噸CO2e,2020,8163.690000000002
80601119,E,溫室氣體排放,範疇二間接排放,,公噸CO2e,2020,29493.75
80601119,E,溫室氣體排放,直接＋間接排放,,公噸CO2e,2020,37657.44
80601119,E,溫室氣體排放,碳密集度,,公噸CO2e/億元,2020,542.1184567605227
84149358,E,溫室氣體排放,範疇一直接排放,,公噸CO2e,2020,236286.53000000003
84149358,E,溫室氣體排放,範疇二間接排放,,公噸CO2e,2020,431159.92000000004
84149358,E,溫室氣體排放,直接＋間接排放,,公噸CO2e,2020,667446.4500000001
89390656,E,溫室氣體排放,範疇一直接排放,,公噸CO2e,2020,90326.59999999998
89390656,E,溫室氣體排放,範疇二間接排放,,公噸CO2e,2020,374426.52
89390656,E,溫室氣體排放,直接＋間接排放,,公噸CO2e,2020,464753.12
89390656,E,溫室氣體排放,碳密集度,,公噸CO2e/億元,2020,761.8214969879608
47217677,E,溫室氣體排放,範疇一直接排放,true,公噸CO2e,2020,539321
47217677,E,溫室氣體排放,範疇二間接排放,true,公噸CO2e,2020,1287248
47217677,E,溫室氣體排放,範疇三其他排放,true,公噸CO2e,2020,2260902
47217677,E,溫室氣體排放,碳密集度,true,公噸CO2e/億元,2020,1033.0050663577047
47217677,E,溫室氣體排放,直接＋間接排放,true,公噸CO2e,2020,1826569
89004161,E,溫室氣體排放,範疇一直接排放,true,公噸CO2e,2020,1106.04
89004161,E,溫室氣體排放,範疇二間接排放,true,公噸CO2e,2020,79396.61
89004161,E,溫室氣體排放,範疇三其他排放,true,公噸CO2e,2020,NA
89004161,E,溫室氣體排放,碳密集度,true,公噸CO2e/億元,2020,581.1664659362114
89004161,E,溫室氣體排放,直接＋間接排放,true,公噸CO2e,2020,80502.65
22099131,E,溫室氣體排放,範疇一直接排放,true,公噸CO2e,2020,2150339
22099131,E,溫室氣體排放,範疇二間接排放,true,公噸CO2e,2020,7429951
22099131,E,溫室氣體排放,範疇三其他排放,true,公噸CO2e,2020,5511486
22099131,E,溫室氣體排放,碳密集度,true,公噸CO2e/億元,2020,715.3448261908092
22099131,E,溫室氣體排放,直接＋間接排放,true,公噸CO2e,2020,9580290
22099548,E,溫室氣體排放,範疇一直接排放,true,公噸CO2e,2020,175000
22099548,E,溫室氣體排放,範疇二間接排放,true,公噸CO2e,2020,268000
22099548,E,溫室氣體排放,範疇三其他排放,true,公噸CO2e,2020,NA
22099548,E,溫室氣體排放,碳密集度,true,公噸CO2e/億元,2020,1113.038843020494
22099548,E,溫室氣體排放,直接＋間接排放,true,公噸CO2e,2020,443000
22099218,E,溫室氣體排放,範疇一直接排放,true,公噸CO2e,2020,53271
22099218,E,溫室氣體排放,範疇二間接排放,true,公噸CO2e,2020,278046
22099218,E,溫室氣體排放,範疇三其他排放,true,公噸CO2e,2020,NA
22099218,E,溫室氣體排放,碳密集度,true,公噸CO2e/億元,2020,545.9783899559237
22099218,E,溫室氣體排放,直接＋間接排放,true,公噸CO2e,2020,331317
58506816,E,溫室氣體排放,範疇一直接排放,true,公噸CO2e,2020,1127.82
58506816,E,溫室氣體排放,範疇二間接排放,true,公噸CO2e,2020,28775.98
58506816,E,溫室氣體排放,範疇三其他排放,true,公噸CO2e,2020,NA
58506816,E,溫室氣體排放,碳密集度,true,公噸CO2e/億元,2020,353.865537059983
58506816,E,溫室氣體排放,直接＋間接排放,true,公噸CO2e,2020,29903.8
22099202,E,溫室氣體排放,範疇一直接排放,true,公噸CO2e,2020,無揭露
22099202,E,溫室氣體排放,範疇二間接排放,true,公噸CO2e,2020,無揭露
22099202,E,溫室氣體排放,範疇三其他排放,true,公噸CO2e,2020,NA
22671299,E,溫室氣體排放,範疇一直接排放,true,公噸CO2e,2020,26.68
22671299,E,溫室氣體排放,範疇二間接排放,true,公噸CO2e,2020,22771.03
22671299,E,溫室氣體排放,範疇三其他排放,true,公噸CO2e,2020,NA
22671299,E,溫室氣體排放,碳密集度,true,公噸CO2e/億元,2020,29.31824252402955
22671299,E,溫室氣體排放,直接＋間接排放,true,公噸CO2e,2020,22797.71
23821182,E,溫室氣體排放,範疇一直接排放,true,公噸CO2e,2020,3.67
23821182,E,溫室氣體排放,範疇二間接排放,true,公噸CO2e,2020,4056.33
23821182,E,溫室氣體排放,範疇三其他排放,true,公噸CO2e,2020,NA
23821182,E,溫室氣體排放,碳密集度,true,公噸CO2e/億元,2020,63.29765175066338
23821182,E,溫室氣體排放,直接＋間接排放,true,公噸CO2e,2020,4060
89390656,E,溫室氣體排放,範疇一直接排放,true,公噸CO2e,2020,90327
89390656,E,溫室氣體排放,範疇二間接排放,true,公噸CO2e,2020,379417
89390656,E,溫室氣體排放,範疇三其他排放,true,公噸CO2e,2020,NA
89390656,E,溫室氣體排放,碳密集度,true,公噸CO2e/億元,2020,770.0025279682095
89390656,E,溫室氣體排放,直接＋間接排放,true,公噸CO2e,2020,469744
05126366,E,溫室氣體排放,範疇一直接排放,true,公噸CO2e,2020,793.44
05126366,E,溫室氣體排放,範疇二間接排放,true,公噸CO2e,2020,96392.61
05126366,E,溫室氣體排放,範疇三其他排放,true,公噸CO2e,2020,23904.58
05126366,E,溫室氣體排放,碳密集度,true,公噸CO2e/億元,2020,661.0539528742357
05126366,E,溫室氣體排放,直接＋間接排放,true,公噸CO2e,2020,97186.05
22507241,E,溫室氣體排放,範疇一直接排放,true,公噸CO2e,2020,4544
22507241,E,溫室氣體排放,範疇二間接排放,true,公噸CO2e,2020,379769
22507241,E,溫室氣體排放,範疇三其他排放,true,公噸CO2e,2020,71387
22507241,E,溫室氣體排放,碳密集度,true,公噸CO2e/億元,2020,1327.079545834389
22507241,E,溫室氣體排放,直接＋間接排放,true,公噸CO2e,2020,384313
84149961,E,溫室氣體排放,範疇一直接排放,true,公噸CO2e,2020,4518
84149961,E,溫室氣體排放,範疇二間接排放,true,公噸CO2e,2020,52072
84149961,E,溫室氣體排放,範疇三其他排放,true,公噸CO2e,2020,NA
84149961,E,溫室氣體排放,碳密集度,true,公噸CO2e/億元,2020,17.566569849691874
84149961,E,溫室氣體排放,直接＋間接排放,true,公噸CO2e,2020,56590
84149224,E,溫室氣體排放,範疇一直接排放,true,公噸CO2e,2020,138.66
84149224,E,溫室氣體排放,範疇二間接排放,true,公噸CO2e,2020,2948.88
84149224,E,溫室氣體排放,範疇三其他排放,true,公噸CO2e,2020,11.75
84149224,E,溫室氣體排放,碳密集度,true,公噸CO2e/億元,2020,20.447704555523988
84149224,E,溫室氣體排放,直接＋間接排放,true,公噸CO2e,2020,3087.54
16130280,E,溫室氣體排放,範疇一直接排放,true,公噸CO2e,2020,210.44
16130280,E,溫室氣體排放,範疇二間接排放,true,公噸CO2e,2020,3298.04
16130280,E,溫室氣體排放,範疇三其他排放,true,公噸CO2e,2020,NA
16130280,E,溫室氣體排放,碳密集度,true,公噸CO2e/億元,2020,22.980599050025024
16130280,E,溫室氣體排放,直接＋間接排放,true,公噸CO2e,2020,3508.48
84149955,E,溫室氣體排放,範疇一直接排放,true,公噸CO2e,2020,484.68
84149955,E,溫室氣體排放,範疇二間接排放,true,公噸CO2e,2020,15487.56
84149955,E,溫室氣體排放,範疇三其他排放,true,公噸CO2e,2020,NA
84149955,E,溫室氣體排放,碳密集度,true,公噸CO2e/億元,2020,19.976406882226517
84149955,E,溫室氣體排放,直接＋間接排放,true,公噸CO2e,2020,15972.24
84149060,E,溫室氣體排放,範疇一直接排放,true,公噸CO2e,2020,60.44
84149060,E,溫室氣體排放,範疇二間接排放,true,公噸CO2e,2020,3480.3
84149060,E,溫室氣體排放,範疇三其他排放,true,公噸CO2e,2020,NA
84149060,E,溫室氣體排放,碳密集度,true,公噸CO2e/億元,2020,64.43206903636138
84149060,E,溫室氣體排放,直接＋間接排放,true,公噸CO2e,2020,3540.7400000000002
84149759,E,溫室氣體排放,範疇一直接排放,true,公噸CO2e,2020,9.7
84149759,E,溫室氣體排放,範疇二間接排放,true,公噸CO2e,2020,362
84149759,E,溫室氣體排放,範疇三其他排放,true,公噸CO2e,2020,296.3
84149759,E,溫室氣體排放,碳密集度,true,公噸CO2e/億元,2020,159.15766757157172
84149759,E,溫室氣體排放,直接＋間接排放,true,公噸CO2e,2020,371.7
70785139,E,溫室氣體排放,範疇一直接排放,true,公噸CO2e,2020,18534.66
70785139,E,溫室氣體排放,範疇二間接排放,true,公噸CO2e,2020,218319.06
70785139,E,溫室氣體排放,範疇三其他排放,true,公噸CO2e,2020,NA
70785139,E,溫室氣體排放,碳密集度,true,公噸CO2e/億元,2020,874.0481844106794
70785139,E,溫室氣體排放,直接＋間接排放,true,公噸CO2e,2020,236853.72
12858252,E,溫室氣體排放,範疇一直接排放,true,公噸CO2e,2020,113.13
12858252,E,溫室氣體排放,範疇二間接排放,true,公噸CO2e,2020,2675.35
12858252,E,溫室氣體排放,範疇三其他排放,true,公噸CO2e,2020,73160.58
12858252,E,溫室氣體排放,碳密集度,true,公噸CO2e/億元,2020,28.04731737580235
12858252,E,溫室氣體排放,直接＋間接排放,true,公噸CO2e,2020,2788.48
16299879,E,溫室氣體排放,範疇一直接排放,true,公噸CO2e,2020,無揭露
16299879,E,溫室氣體排放,範疇二間接排放,true,公噸CO2e,2020,無揭露
16299879,E,溫室氣體排放,範疇三其他排放,true,公噸CO2e,2020,NA
89406518,E,溫室氣體排放,範疇一直接排放,true,公噸CO2e,2020,6209.11
89406518,E,溫室氣體排放,範疇二間接排放,true,公噸CO2e,2020,229474.75
89406518,E,溫室氣體排放,範疇三其他排放,true,公噸CO2e,2020,NA
89406518,E,溫室氣體排放,碳密集度,true,公噸CO2e/億元,2020,1974.7787480486518
89406518,E,溫室氣體排放,直接＋間接排放,true,公噸CO2e,2020,235683.86
28069900,E,溫室氣體排放,範疇一直接排放,true,公噸CO2e,2020,無揭露
28069900,E,溫室氣體排放,範疇二間接排放,true,公噸CO2e,2020,無揭露
28069900,E,溫室氣體排放,範疇三其他排放,true,公噸CO2e,2020,NA
29187308,E,溫室氣體排放,範疇一直接排放,true,公噸CO2e,2020,93996
29187308,E,溫室氣體排放,範疇二間接排放,true,公噸CO2e,2020,1658606
29187308,E,溫室氣體排放,範疇三其他排放,true,公噸CO2e,2020,21179759
29187308,E,溫室氣體排放,碳密集度,true,公噸CO2e/億元,2020,367.4382028497666
29187308,E,溫室氣體排放,直接＋間接排放,true,公噸CO2e,2020,1752602
28112646,E,溫室氣體排放,範疇一直接排放,true,公噸CO2e,2020,36200
28112646,E,溫室氣體排放,範疇二間接排放,true,公噸CO2e,2020,36800
28112646,E,溫室氣體排放,範疇三其他排放,true,公噸CO2e,2020,NA
28112646,E,溫室氣體排放,碳密集度,true,公噸CO2e/億元,2020,353.202062158144
28112646,E,溫室氣體排放,直接＋間接排放,true,公噸CO2e,2020,73000
84149499,E,溫室氣體排放,範疇一直接排放,true,公噸CO2e,2020,無揭露
84149499,E,溫室氣體排放,範疇二間接排放,true,公噸CO2e,2020,735
84149499,E,溫室氣體排放,範疇三其他排放,true,公噸CO2e,2020,NA
84149499,E,溫室氣體排放,碳密集度,true,公噸CO2e/億元,2020,6.755700984402144
84149499,E,溫室氣體排放,直接＋間接排放,true,公噸CO2e,2020,735
12636560,E,溫室氣體排放,範疇一直接排放,true,公噸CO2e,2020,無揭露
12636560,E,溫室氣體排放,範疇二間接排放,true,公噸CO2e,2020,無揭露
12636560,E,溫室氣體排放,範疇三其他排放,true,公噸CO2e,2020,NA
97063584,E,溫室氣體排放,範疇一直接排放,true,公噸CO2e,2020,無揭露
97063584,E,溫室氣體排放,範疇二間接排放,true,公噸CO2e,2020,723
97063584,E,溫室氣體排放,範疇三其他排放,true,公噸CO2e,2020,NA
97063584,E,溫室氣體排放,碳密集度,true,公噸CO2e/億元,2020,13.462117823881238
97063584,E,溫室氣體排放,直接＋間接排放,true,公噸CO2e,2020,723
16130330,E,溫室氣體排放,範疇一直接排放,true,公噸CO2e,2020,無揭露
16130330,E,溫室氣體排放,範疇二間接排放,true,公噸CO2e,2020,無揭露
16130330,E,溫室氣體排放,範疇三其他排放,true,公噸CO2e,2020,NA
16082267,E,溫室氣體排放,範疇一直接排放,true,公噸CO2e,2020,34572.78
16082267,E,溫室氣體排放,範疇二間接排放,true,公噸CO2e,2020,380119.41
16082267,E,溫室氣體排放,範疇三其他排放,true,公噸CO2e,2020,18132.32
16082267,E,溫室氣體排放,碳密集度,true,公噸CO2e/億元,2020,544.3537111373256
16082267,E,溫室氣體排放,直接＋間接排放,true,公噸CO2e,2020,414692.18999999994
22101116,E,溫室氣體排放,範疇一直接排放,true,公噸CO2e,2020,279
22101116,E,溫室氣體排放,範疇二間接排放,true,公噸CO2e,2020,98380
22101116,E,溫室氣體排放,範疇三其他排放,true,公噸CO2e,2020,NA
22101116,E,溫室氣體排放,碳密集度,true,公噸CO2e/億元,2020,1653.8167413009464
22101116,E,溫室氣體排放,直接＋間接排放,true,公噸CO2e,2020,98659
16130042,E,溫室氣體排放,範疇一直接排放,true,公噸CO2e,2020,1989
16130042,E,溫室氣體排放,範疇二間接排放,true,公噸CO2e,2020,237416
16130042,E,溫室氣體排放,範疇三其他排放,true,公噸CO2e,2020,NA
16130042,E,溫室氣體排放,碳密集度,true,公噸CO2e/億元,2020,1040.376498915906
16130042,E,溫室氣體排放,直接＋間接排放,true,公噸CO2e,2020,239405
97444368,E,溫室氣體排放,範疇一直接排放,true,公噸CO2e,2020,9.05
97444368,E,溫室氣體排放,範疇二間接排放,true,公噸CO2e,2020,2092.49
97444368,E,溫室氣體排放,範疇三其他排放,true,公噸CO2e,2020,NA
97444368,E,溫室氣體排放,碳密集度,true,公噸CO2e/億元,2020,29.38303648852063
97444368,E,溫室氣體排放,直接＋間接排放,true,公噸CO2e,2020,2101.54
70752257,E,溫室氣體排放,範疇一直接排放,true,公噸CO2e,2020,76890
70752257,E,溫室氣體排放,範疇二間接排放,true,公噸CO2e,2020,114953
70752257,E,溫室氣體排放,範疇三其他排放,true,公噸CO2e,2020,NA
70752257,E,溫室氣體排放,直接＋間接排放,true,公噸CO2e,2020,191843
16633261,E,溫室氣體排放,範疇一直接排放,true,公噸CO2e,2020,1.64
16633261,E,溫室氣體排放,範疇二間接排放,true,公噸CO2e,2020,1293.56
16633261,E,溫室氣體排放,範疇三其他排放,true,公噸CO2e,2020,NA
16633261,E,溫室氣體排放,直接＋間接排放,true,公噸CO2e,2020,1295.2
70751779,E,溫室氣體排放,範疇一直接排放,true,公噸CO2e,2020,1917
70751779,E,溫室氣體排放,範疇二間接排放,true,公噸CO2e,2020,90555
70751779,E,溫室氣體排放,範疇三其他排放,true,公噸CO2e,2020,NA
70751779,E,溫室氣體排放,直接＋間接排放,true,公噸CO2e,2020,92472
16741846,E,溫室氣體排放,範疇一直接排放,true,公噸CO2e,2020,76224
16741846,E,溫室氣體排放,範疇二間接排放,true,公噸CO2e,2020,83983
16741846,E,溫室氣體排放,範疇三其他排放,true,公噸CO2e,2020,NA
16741846,E,溫室氣體排放,直接＋間接排放,true,公噸CO2e,2020,160207
70784292,E,溫室氣體排放,範疇一直接排放,true,公噸CO2e,2020,無揭露
70784292,E,溫室氣體排放,範疇二間接排放,true,公噸CO2e,2020,無揭露
70784292,E,溫室氣體排放,範疇三其他排放,true,公噸CO2e,2020,NA
89672698,E,溫室氣體排放,範疇一直接排放,true,公噸CO2e,2020,無揭露
89672698,E,溫室氣體排放,範疇二間接排放,true,公噸CO2e,2020,無揭露
89672698,E,溫室氣體排放,範疇三其他排放,true,公噸CO2e,2020,NA
16406379,E,溫室氣體排放,範疇一直接排放,true,公噸CO2e,2020,300.08
16406379,E,溫室氣體排放,範疇二間接排放,true,公噸CO2e,2020,4763.24
16406379,E,溫室氣體排放,範疇三其他排放,true,公噸CO2e,2020,NA
16406379,E,溫室氣體排放,直接＋間接排放,true,公噸CO2e,2020,5063.32
28422591,E,溫室氣體排放,範疇一直接排放,true,公噸CO2e,2020,無揭露
28422591,E,溫室氣體排放,範疇二間接排放,true,公噸CO2e,2020,無揭露
28422591,E,溫室氣體排放,範疇三其他排放,true,公噸CO2e,2020,NA
27490748,E,溫室氣體排放,範疇一直接排放,true,公噸CO2e,2020,無揭露
27490748,E,溫室氣體排放,範疇二間接排放,true,公噸CO2e,2020,無揭露
27490748,E,溫室氣體排放,範疇三其他排放,true,公噸CO2e,2020,NA
28935446,E,溫室氣體排放,範疇一直接排放,true,公噸CO2e,2020,無揭露
28935446,E,溫室氣體排放,範疇二間接排放,true,公噸CO2e,2020,無揭露
28935446,E,溫室氣體排放,範疇三其他排放,true,公噸CO2e,2020,NA
84149358,E,溫室氣體排放,範疇一直接排放,true,公噸CO2e,2020,236000
84149358,E,溫室氣體排放,範疇二間接排放,true,公噸CO2e,2020,344600
84149358,E,溫室氣體排放,範疇三其他排放,true,公噸CO2e,2020,NA
84149358,E,溫室氣體排放,直接＋間接排放,true,公噸CO2e,2020,580600
47238650,E,溫室氣體排放,範疇一直接排放,true,公噸CO2e,2020,65
47238650,E,溫室氣體排放,範疇二間接排放,true,公噸CO2e,2020,36839
47238650,E,溫室氣體排放,範疇三其他排放,true,公噸CO2e,2020,NA
47238650,E,溫室氣體排放,直接＋間接排放,true,公噸CO2e,2020,36904
16130009,E,溫室氣體排放,範疇一直接排放,true,公噸CO2e,2020,3750.16
16130009,E,溫室氣體排放,範疇二間接排放,true,公噸CO2e,2020,146785.57
16130009,E,溫室氣體排放,範疇三其他排放,true,公噸CO2e,2020,NA
16130009,E,溫室氣體排放,直接＋間接排放,true,公噸CO2e,2020,150535.73
16138282,E,溫室氣體排放,範疇一直接排放,true,公噸CO2e,2020,6505.89
16138282,E,溫室氣體排放,範疇二間接排放,true,公噸CO2e,2020,62034.91
16138282,E,溫室氣體排放,範疇三其他排放,true,公噸CO2e,2020,NA
16138282,E,溫室氣體排放,直接＋間接排放,true,公噸CO2e,2020,68540.8
28113286,E,溫室氣體排放,範疇一直接排放,true,公噸CO2e,2020,17379
28113286,E,溫室氣體排放,範疇二間接排放,true,公噸CO2e,2020,404445
28113286,E,溫室氣體排放,範疇三其他排放,true,公噸CO2e,2020,NA
28113286,E,溫室氣體排放,直接＋間接排放,true,公噸CO2e,2020,421824
27879121,E,溫室氣體排放,範疇一直接排放,true,公噸CO2e,2020,1584
27879121,E,溫室氣體排放,範疇二間接排放,true,公噸CO2e,2020,12952
27879121,E,溫室氣體排放,範疇三其他排放,true,公噸CO2e,2020,NA
27879121,E,溫室氣體排放,直接＋間接排放,true,公噸CO2e,2020,14536
70849957,E,溫室氣體排放,範疇一直接排放,true,公噸CO2e,2020,572.28
70849957,E,溫室氣體排放,範疇二間接排放,true,公噸CO2e,2020,11059.44
70849957,E,溫室氣體排放,範疇三其他排放,true,公噸CO2e,2020,NA
70849957,E,溫室氣體排放,直接＋間接排放,true,公噸CO2e,2020,11631.720000000001
12649951,E,溫室氣體排放,範疇一直接排放,true,公噸CO2e,2020,158.77
12649951,E,溫室氣體排放,範疇二間接排放,true,公噸CO2e,2020,9247.49
12649951,E,溫室氣體排放,範疇三其他排放,true,公噸CO2e,2020,NA
12649951,E,溫室氣體排放,直接＋間接排放,true,公噸CO2e,2020,9406.26
47217677,E,能源使用狀況,總用電量,true,度,2020,2581341000
47217677,E,能源使用狀況,再生能源設置量,true,,2020,無揭露
47217677,E,能源使用狀況,再生能源發電量,true,度,2020,2912000
47217677,E,能源使用狀況,能源密集度,true,度/億元,2020,1459861.8125003017
89004161,E,能源使用狀況,總用電量,true,度,2020,155985000
89004161,E,能源使用狀況,再生能源設置量,true,,2020,NA
89004161,E,能源使用狀況,再生能源發電量,true,,2020,NA
89004161,E,能源使用狀況,能源密集度,true,度/億元,2020,1126090.2739109823
22099131,E,能源使用狀況,總用電量,true,度,2020,16900000000
22099131,E,能源使用狀況,再生能源設置量,true,瓩,2020,5087.5
22099131,E,能源使用狀況,再生能源發電量,true,度,2020,4628288
22099131,E,能源使用狀況,能源密集度,true,度/億元,2020,1261895.7842220513
22099548,E,能源使用狀況,總用電量,true,度,2020,526756944.44
22099548,E,能源使用狀況,再生能源設置量,true,,2020,NA
22099548,E,能源使用狀況,再生能源發電量,true,,2020,NA
22099548,E,能源使用狀況,能源密集度,true,度/億元,2020,1323478.4198476484
22099218,E,能源使用狀況,總用電量,true,度,2020,546259166.67
22099218,E,能源使用狀況,再生能源設置量,true,,2020,NA
22099218,E,能源使用狀況,再生能源發電量,true,,2020,NA
22099218,E,能源使用狀況,能源密集度,true,度/億元,2020,900182.3037065745
58506816,E,能源使用狀況,總用電量,true,度,2020,56534348
58506816,E,能源使用狀況,再生能源設置量,true,,2020,NA
58506816,E,能源使用狀況,再生能源發電量,true,,2020,NA
58506816,E,能源使用狀況,能源密集度,true,度/億元,2020,668997.1648203899
22099202,E,能源使用狀況,總用電量,true,,2020,NA
22099202,E,能源使用狀況,再生能源設置量,true,,2020,NA
22099202,E,能源使用狀況,再生能源發電量,true,,2020,NA
22671299,E,能源使用狀況,總用電量,true,度,2020,44736800
22671299,E,能源使用狀況,再生能源設置量,true,,2020,NA
22671299,E,能源使用狀況,再生能源發電量,true,,2020,NA
22671299,E,能源使用狀況,能源密集度,true,度/億元,2020,57532.28513517389
23821182,E,能源使用狀況,總用電量,true,度,2020,7969000
23821182,E,能源使用狀況,再生能源設置量,true,,2020,NA
23821182,E,能源使用狀況,再生能源發電量,true,,2020,NA
23821182,E,能源使用狀況,能源密集度,true,度/億元,2020,124241.12975394986
89390656,E,能源使用狀況,總用電量,true,度,2020,198034.44
89390656,E,能源使用狀況,再生能源設置量,true,,2020,NA
89390656,E,能源使用狀況,再生能源發電量,true,,2020,NA
89390656,E,能源使用狀況,能源密集度,true,度/億元,2020,324.6172796773747
05126366,E,能源使用狀況,總用電量,true,度,2020,189922296
05126366,E,能源使用狀況,再生能源設置量,true,,2020,NA
05126366,E,能源使用狀況,再生能源發電量,true,,2020,NA
05126366,E,能源使用狀況,能源密集度,true,度/億元,2020,1291840.5934776715
22507241,E,能源使用狀況,總用電量,true,度,2020,696856000
22507241,E,能源使用狀況,再生能源設置量,true,,2020,NA
22507241,E,能源使用狀況,再生能源發電量,true,,2020,NA
22507241,E,能源使用狀況,能源密集度,true,度/億元,2020,2406328.5498850388
84149961,E,能源使用狀況,總用電量,true,度,2020,102302000
84149961,E,能源使用狀況,再生能源設置量,true,瓩,2020,146.4
84149961,E,能源使用狀況,再生能源發電量,true,度,2020,200000
84149961,E,能源使用狀況,能源密集度,true,度/億元,2020,31756.40976785966
84149224,E,能源使用狀況,總用電量,true,度,2020,5790064.72
84149224,E,能源使用狀況,再生能源設置量,true,,2020,NA
84149224,E,能源使用狀況,再生能源發電量,true,,2020,NA
84149224,E,能源使用狀況,能源密集度,true,度/億元,2020,38345.58669747524
16130280,E,能源使用狀況,總用電量,true,度,2020,6187700
16130280,E,能源使用狀況,再生能源設置量,true,,2020,NA
16130280,E,能源使用狀況,再生能源發電量,true,,2020,NA
16130280,E,能源使用狀況,能源密集度,true,度/億元,2020,40529.53208849412
84149955,E,能源使用狀況,總用電量,true,度,2020,30427427
84149955,E,能源使用狀況,再生能源設置量,true,,2020,NA
84149955,E,能源使用狀況,再生能源發電量,true,,2020,NA
84149955,E,能源使用狀況,能源密集度,true,度/億元,2020,38055.442576072295
84149060,E,能源使用狀況,總用電量,true,度,2020,6837524
84149060,E,能源使用狀況,再生能源設置量,true,,2020,NA
84149060,E,能源使用狀況,再生能源發電量,true,,2020,NA
84149060,E,能源使用狀況,能源密集度,true,度/億元,2020,124424.78645870012
84149759,E,能源使用狀況,總用電量,true,度,2020,711376
84149759,E,能源使用狀況,再生能源設置量,true,,2020,NA
84149759,E,能源使用狀況,再生能源發電量,true,,2020,NA
84149759,E,能源使用狀況,能源密集度,true,度/億元,2020,304603.02643635834
70785139,E,能源使用狀況,總用電量,true,度,2020,439984444.44
70785139,E,能源使用狀況,再生能源設置量,true,,2020,NA
70785139,E,能源使用狀況,再生能源發電量,true,,2020,NA
70785139,E,能源使用狀況,能源密集度,true,度/億元,2020,1623650.2632583666
12858252,E,能源使用狀況,總用電量,true,度,2020,28133732
12858252,E,能源使用狀況,再生能源設置量,true,,2020,NA
12858252,E,能源使用狀況,再生能源發電量,true,,2020,NA
12858252,E,能源使用狀況,能源密集度,true,度/億元,2020,282977.0019400414
16299879,E,能源使用狀況,總用電量,true,度,2020,6408300
16299879,E,能源使用狀況,再生能源設置量,true,,2020,NA
16299879,E,能源使用狀況,再生能源發電量,true,,2020,NA
16299879,E,能源使用狀況,能源密集度,true,度/億元,2020,47225.96899901772
89406518,E,能源使用狀況,總用電量,true,度,2020,269561000
89406518,E,能源使用狀況,再生能源設置量,true,,2020,NA
89406518,E,能源使用狀況,再生能源發電量,true,,2020,NA
89406518,E,能源使用狀況,能源密集度,true,度/億元,2020,2258632.959010187
28069900,E,能源使用狀況,總用電量,true,,2020,NA
28069900,E,能源使用狀況,再生能源設置量,true,,2020,NA
28069900,E,能源使用狀況,再生能源發電量,true,,2020,NA
29187308,E,能源使用狀況,總用電量,true,度,2020,3900915000
29187308,E,能源使用狀況,再生能源設置量,true,,2020,無揭露
29187308,E,能源使用狀況,再生能源發電量,true,度,2020,706105000
29187308,E,能源使用狀況,能源密集度,true,度/億元,2020,817838.3894744484
28112646,E,能源使用狀況,總用電量,true,度,2020,72300000
28112646,E,能源使用狀況,再生能源設置量,true,,2020,NA
28112646,E,能源使用狀況,再生能源發電量,true,,2020,NA
28112646,E,能源使用狀況,能源密集度,true,度/億元,2020,349815.19306895626
84149499,E,能源使用狀況,總用電量,true,度,2020,1444444.44
84149499,E,能源使用狀況,再生能源設置量,true,,2020,NA
84149499,E,能源使用狀況,再生能源發電量,true,,2020,NA
84149499,E,能源使用狀況,能源密集度,true,度/億元,2020,13276.50983023429
12636560,E,能源使用狀況,總用電量,true,,2020,NA
12636560,E,能源使用狀況,再生能源設置量,true,,2020,NA
12636560,E,能源使用狀況,再生能源發電量,true,,2020,NA
97063584,E,能源使用狀況,總用電量,true,度,2020,1377858
97063584,E,能源使用狀況,再生能源設置量,true,,2020,NA
97063584,E,能源使用狀況,再生能源發電量,true,,2020,NA
97063584,E,能源使用狀況,能源密集度,true,度/億元,2020,25655.445007714185
16130330,E,能源使用狀況,總用電量,true,度,2020,2648184
16130330,E,能源使用狀況,再生能源設置量,true,,2020,NA
16130330,E,能源使用狀況,再生能源發電量,true,,2020,NA
16130330,E,能源使用狀況,能源密集度,true,度/億元,2020,47166.54386050217
16082267,E,能源使用狀況,總用電量,true,度,2020,759166423
16082267,E,能源使用狀況,再生能源設置量,true,,2020,NA
16082267,E,能源使用狀況,再生能源發電量,true,,2020,NA
16082267,E,能源使用狀況,能源密集度,true,度/億元,2020,996534.465071307
22101116,E,能源使用狀況,總用電量,true,度,2020,192997600
22101116,E,能源使用狀況,再生能源設置量,true,,2020,NA
22101116,E,能源使用狀況,再生能源發電量,true,,2020,NA
22101116,E,能源使用狀況,能源密集度,true,度/億元,2020,3235210.7958818106
16130042,E,能源使用狀況,總用電量,true,度,2020,469082287.22
16130042,E,能源使用狀況,再生能源設置量,true,,2020,無揭露
16130042,E,能源使用狀況,再生能源發電量,true,度,2020,357800
16130042,E,能源使用狀況,能源密集度,true,度/億元,2020,2038479.5124638544
97444368,E,能源使用狀況,總用電量,true,度,2020,4112765
97444368,E,能源使用狀況,再生能源設置量,true,,2020,NA
97444368,E,能源使用狀況,再生能源發電量,true,,2020,NA
97444368,E,能源使用狀況,能源密集度,true,度/億元,2020,57503.31854911662
70752257,E,能源使用狀況,總用電量,true,度,2020,423.48
70752257,E,能源使用狀況,再生能源設置量,true,,2020,NA
70752257,E,能源使用狀況,再生能源發電量,true,,2020,NA
16633261,E,能源使用狀況,總用電量,true,度,2020,2140390.83
16633261,E,能源使用狀況,再生能源設置量,true,,2020,NA
16633261,E,能源使用狀況,再生能源發電量,true,,2020,NA
70751779,E,能源使用狀況,總用電量,true,度,2020,175739985
70751779,E,能源使用狀況,再生能源設置量,true,,2020,NA
70751779,E,能源使用狀況,再生能源發電量,true,,2020,NA
16741846,E,能源使用狀況,總用電量,true,度,2020,162583215
16741846,E,能源使用狀況,再生能源設置量,true,,2020,NA
16741846,E,能源使用狀況,再生能源發電量,true,,2020,NA
70784292,E,能源使用狀況,總用電量,true,,2020,NA
70784292,E,能源使用狀況,再生能源設置量,true,,2020,NA
70784292,E,能源使用狀況,再生能源發電量,true,,2020,NA
89672698,E,能源使用狀況,總用電量,true,,2020,NA
89672698,E,能源使用狀況,再生能源設置量,true,,2020,NA
89672698,E,能源使用狀況,再生能源發電量,true,,2020,NA
16406379,E,能源使用狀況,總用電量,true,,2020,NA
16406379,E,能源使用狀況,再生能源設置量,true,,2020,NA
16406379,E,能源使用狀況,再生能源發電量,true,,2020,NA
28422591,E,能源使用狀況,總用電量,true,,2020,NA
28422591,E,能源使用狀況,再生能源設置量,true,,2020,NA
28422591,E,能源使用狀況,再生能源發電量,true,,2020,NA
27490748,E,能源使用狀況,總用電量,true,,2020,NA
27490748,E,能源使用狀況,再生能源設置量,true,,2020,NA
27490748,E,能源使用狀況,再生能源發電量,true,,2020,NA
28935446,E,能源使用狀況,總用電量,true,度,2020,278040
28935446,E,能源使用狀況,再生能源設置量,true,,2020,NA
28935446,E,能源使用狀況,再生能源發電量,true,,2020,NA
84149358,E,能源使用狀況,總用電量,true,度,2020,855037203
84149358,E,能源使用狀況,再生能源設置量,true,瓩,2020,270
84149358,E,能源使用狀況,再生能源發電量,true,,2020,無揭露
47238650,E,能源使用狀況,總用電量,true,度,2020,72372000
47238650,E,能源使用狀況,再生能源設置量,true,,2020,無揭露
47238650,E,能源使用狀況,再生能源發電量,true,度,2020,6505
16130009,E,能源使用狀況,總用電量,true,度,2020,288693433.33
16130009,E,能源使用狀況,再生能源設置量,true,,2020,NA
16130009,E,能源使用狀況,再生能源發電量,true,,2020,NA
16138282,E,能源使用狀況,總用電量,true,度,2020,127864670.83
16138282,E,能源使用狀況,再生能源設置量,true,,2020,NA
16138282,E,能源使用狀況,再生能源發電量,true,,2020,NA
28113286,E,能源使用狀況,總用電量,true,度,2020,738790000
28113286,E,能源使用狀況,再生能源設置量,true,,2020,NA
28113286,E,能源使用狀況,再生能源發電量,true,,2020,NA
27879121,E,能源使用狀況,總用電量,true,度,2020,26146388.89
27879121,E,能源使用狀況,再生能源設置量,true,,2020,NA
27879121,E,能源使用狀況,再生能源發電量,true,,2020,NA
70849957,E,能源使用狀況,總用電量,true,,2020,NA
70849957,E,能源使用狀況,再生能源設置量,true,瓩,2020,98
70849957,E,能源使用狀況,再生能源發電量,true,,2020,無揭露
12649951,E,能源使用狀況,總用電量,true,度,2020,18168000
12649951,E,能源使用狀況,再生能源設置量,true,,2020,NA
12649951,E,能源使用狀況,再生能源發電量,true,,2020,NA
47217677,E,水資源,總取水量,true,噸,2020,16200000
47217677,E,水資源,回收水量,true,噸,2020,33000000
47217677,E,水資源,耗用水量,true,噸,2020,5286000
47217677,E,水資源,排放水量,true,噸,2020,10914000
89004161,E,水資源,總取水量,true,,2020,無揭露
89004161,E,水資源,回收水量,true,噸,2020,248200
89004161,E,水資源,耗用水量,true,噸,2020,1530449
89004161,E,水資源,排放水量,true,,2020,無揭露
22099131,E,水資源,總取水量,true,噸,2020,70600
22099131,E,水資源,回收水量,true,噸,2020,173000000
22099131,E,水資源,耗用水量,true,,2020,無揭露
22099131,E,水資源,排放水量,true,噸,2020,46690000
22099548,E,水資源,總取水量,true,噸,2020,2915000
22099548,E,水資源,回收水量,true,噸,2020,4049000
22099548,E,水資源,耗用水量,true,噸,2020,713000
22099548,E,水資源,排放水量,true,噸,2020,2202000
22099218,E,水資源,總取水量,true,噸,2020,3600000
22099218,E,水資源,回收水量,true,噸,2020,10210000
22099218,E,水資源,耗用水量,true,噸,2020,1216000
22099218,E,水資源,排放水量,true,,2020,無揭露
58506816,E,水資源,總取水量,true,噸,2020,1229600
58506816,E,水資源,回收水量,true,,2020,無揭露
58506816,E,水資源,耗用水量,true,,2020,無揭露
58506816,E,水資源,排放水量,true,,2020,無揭露
22099202,E,水資源,總取水量,true,,2020,無揭露
22099202,E,水資源,回收水量,true,,2020,無揭露
22099202,E,水資源,耗用水量,true,,2020,無揭露
22099202,E,水資源,排放水量,true,,2020,無揭露
22671299,E,水資源,總取水量,true,噸,2020,132850
22671299,E,水資源,回收水量,true,噸,2020,9550
22671299,E,水資源,耗用水量,true,噸,2020,34680
22671299,E,水資源,排放水量,true,噸,2020,97870
23821182,E,水資源,總取水量,true,噸,2020,32850
23821182,E,水資源,回收水量,true,,2020,無揭露
23821182,E,水資源,耗用水量,true,,2020,無揭露
23821182,E,水資源,排放水量,true,,2020,無揭露
89390656,E,水資源,總取水量,true,噸,2020,3368954
89390656,E,水資源,回收水量,true,,2020,無揭露
89390656,E,水資源,耗用水量,true,,2020,無揭露
89390656,E,水資源,排放水量,true,,2020,無揭露
05126366,E,水資源,總取水量,true,噸,2020,1048833
05126366,E,水資源,回收水量,true,噸,2020,513243
05126366,E,水資源,耗用水量,true,,2020,無揭露
05126366,E,水資源,排放水量,true,,2020,無揭露
22507241,E,水資源,總取水量,true,噸,2020,8412238
22507241,E,水資源,回收水量,true,噸,2020,1047939
22507241,E,水資源,耗用水量,true,噸,2020,1796342
22507241,E,水資源,排放水量,true,噸,2020,517001
84149961,E,水資源,總取水量,true,噸,2020,405328
84149961,E,水資源,回收水量,true,,2020,無揭露
84149961,E,水資源,耗用水量,true,,2020,無揭露
84149961,E,水資源,排放水量,true,噸,2020,173900
84149224,E,水資源,總取水量,true,噸,2020,23481
84149224,E,水資源,回收水量,true,,2020,無揭露
84149224,E,水資源,耗用水量,true,,2020,無揭露
84149224,E,水資源,排放水量,true,,2020,無揭露
16130280,E,水資源,總取水量,true,,2020,無揭露
16130280,E,水資源,回收水量,true,,2020,無揭露
16130280,E,水資源,耗用水量,true,噸,2020,19169
16130280,E,水資源,排放水量,true,,2020,無揭露
84149955,E,水資源,總取水量,true,,2020,無揭露
84149955,E,水資源,回收水量,true,,2020,無揭露
84149955,E,水資源,耗用水量,true,,2020,無揭露
84149955,E,水資源,排放水量,true,,2020,無揭露
84149060,E,水資源,總取水量,true,噸,2020,21453
84149060,E,水資源,回收水量,true,,2020,無揭露
84149060,E,水資源,耗用水量,true,,2020,無揭露
84149060,E,水資源,排放水量,true,,2020,無揭露
84149759,E,水資源,總取水量,true,噸,2020,3932
84149759,E,水資源,回收水量,true,,2020,無揭露
84149759,E,水資源,耗用水量,true,,2020,無揭露
84149759,E,水資源,排放水量,true,,2020,無揭露
70785139,E,水資源,總取水量,true,噸,2020,5771416
70785139,E,水資源,回收水量,true,噸,2020,300821
70785139,E,水資源,耗用水量,true,,2020,無揭露
70785139,E,水資源,排放水量,true,噸,2020,4949715
12858252,E,水資源,總取水量,true,噸,2020,243901
12858252,E,水資源,回收水量,true,,2020,無揭露
12858252,E,水資源,耗用水量,true,噸,2020,155127
12858252,E,水資源,排放水量,true,,2020,無揭露
16299879,E,水資源,總取水量,true,噸,2020,16684
16299879,E,水資源,回收水量,true,,2020,無揭露
16299879,E,水資源,耗用水量,true,,2020,無揭露
16299879,E,水資源,排放水量,true,,2020,無揭露
89406518,E,水資源,總取水量,true,,2020,無揭露
89406518,E,水資源,回收水量,true,,2020,無揭露
89406518,E,水資源,耗用水量,true,,2020,無揭露
89406518,E,水資源,排放水量,true,,2020,無揭露
28069900,E,水資源,總取水量,true,,2020,無揭露
28069900,E,水資源,回收水量,true,,2020,無揭露
28069900,E,水資源,耗用水量,true,,2020,無揭露
28069900,E,水資源,排放水量,true,,2020,無揭露
29187308,E,水資源,總取水量,true,噸,2020,24961039
29187308,E,水資源,回收水量,true,噸,2020,34437950
29187308,E,水資源,耗用水量,true,噸,2020,5507002
29187308,E,水資源,排放水量,true,噸,2020,19454037
28112646,E,水資源,總取水量,true,噸,2020,401000
28112646,E,水資源,回收水量,true,噸,2020,513000
28112646,E,水資源,耗用水量,true,,2020,無揭露
28112646,E,水資源,排放水量,true,,2020,無揭露
84149499,E,水資源,總取水量,true,噸,2020,6760
84149499,E,水資源,回收水量,true,,2020,無揭露
84149499,E,水資源,耗用水量,true,,2020,無揭露
84149499,E,水資源,排放水量,true,,2020,無揭露
12636560,E,水資源,總取水量,true,噸,2020,165851
12636560,E,水資源,回收水量,true,,2020,無揭露
12636560,E,水資源,耗用水量,true,,2020,無揭露
12636560,E,水資源,排放水量,true,噸,2020,111842
97063584,E,水資源,總取水量,true,噸,2020,2619
97063584,E,水資源,回收水量,true,,2020,無揭露
97063584,E,水資源,耗用水量,true,,2020,無揭露
97063584,E,水資源,排放水量,true,,2020,無揭露
16130330,E,水資源,總取水量,true,噸,2020,15482
16130330,E,水資源,回收水量,true,,2020,無揭露
16130330,E,水資源,耗用水量,true,,2020,無揭露
16130330,E,水資源,排放水量,true,,2020,無揭露
16082267,E,水資源,總取水量,true,噸,2020,2443975
16082267,E,水資源,回收水量,true,噸,2020,1403547
16082267,E,水資源,耗用水量,true,,2020,無揭露
16082267,E,水資源,排放水量,true,噸,2020,1882268
22101116,E,水資源,總取水量,true,噸,2020,2762000
22101116,E,水資源,回收水量,true,,2020,無揭露
22101116,E,水資源,耗用水量,true,,2020,無揭露
22101116,E,水資源,排放水量,true,,2020,無揭露
16130042,E,水資源,總取水量,true,噸,2020,1949253
16130042,E,水資源,回收水量,true,噸,2020,1029421
16130042,E,水資源,耗用水量,true,,2020,無揭露
16130042,E,水資源,排放水量,true,,2020,無揭露
97444368,E,水資源,總取水量,true,噸,2020,5800
97444368,E,水資源,回收水量,true,,2020,無揭露
97444368,E,水資源,耗用水量,true,,2020,無揭露
97444368,E,水資源,排放水量,true,,2020,無揭露
70752257,E,水資源,總取水量,true,噸,2020,1000430
70752257,E,水資源,回收水量,true,噸,2020,233813
70752257,E,水資源,耗用水量,true,噸,2020,255063
70752257,E,水資源,排放水量,true,噸,2020,745367
16633261,E,水資源,總取水量,true,噸,2020,942.28
16633261,E,水資源,回收水量,true,,2020,無揭露
16633261,E,水資源,耗用水量,true,,2020,無揭露
16633261,E,水資源,排放水量,true,,2020,無揭露
70751779,E,水資源,總取水量,true,噸,2020,296239
70751779,E,水資源,回收水量,true,噸,2020,24906
70751779,E,水資源,耗用水量,true,,2020,無揭露
70751779,E,水資源,排放水量,true,,2020,無揭露
16741846,E,水資源,總取水量,true,噸,2020,1375477
16741846,E,水資源,回收水量,true,噸,2020,1470929
16741846,E,水資源,耗用水量,true,,2020,無揭露
16741846,E,水資源,排放水量,true,噸,2020,1293407
70784292,E,水資源,總取水量,true,,2020,無揭露
70784292,E,水資源,回收水量,true,,2020,無揭露
70784292,E,水資源,耗用水量,true,,2020,無揭露
70784292,E,水資源,排放水量,true,,2020,無揭露
89672698,E,水資源,總取水量,true,,2020,無揭露
89672698,E,水資源,回收水量,true,,2020,無揭露
89672698,E,水資源,耗用水量,true,,2020,無揭露
89672698,E,水資源,排放水量,true,,2020,無揭露
16406379,E,水資源,總取水量,true,,2020,無揭露
16406379,E,水資源,回收水量,true,,2020,無揭露
16406379,E,水資源,耗用水量,true,,2020,無揭露
16406379,E,水資源,排放水量,true,,2020,無揭露
28422591,E,水資源,總取水量,true,,2020,無揭露
28422591,E,水資源,回收水量,true,,2020,無揭露
28422591,E,水資源,耗用水量,true,,2020,無揭露
28422591,E,水資源,排放水量,true,,2020,無揭露
27490748,E,水資源,總取水量,true,,2020,無揭露
27490748,E,水資源,回收水量,true,,2020,無揭露
27490748,E,水資源,耗用水量,true,噸,2020,3531
27490748,E,水資源,排放水量,true,,2020,無揭露
28935446,E,水資源,總取水量,true,,2020,無揭露
28935446,E,水資源,回收水量,true,,2020,無揭露
28935446,E,水資源,耗用水量,true,噸,2020,1111
28935446,E,水資源,排放水量,true,,2020,無揭露
84149358,E,水資源,總取水量,true,噸,2020,6560000
84149358,E,水資源,回收水量,true,噸,2020,9830000
84149358,E,水資源,耗用水量,true,,2020,無揭露
84149358,E,水資源,排放水量,true,噸,2020,4430000
47238650,E,水資源,總取水量,true,噸,2020,418900
47238650,E,水資源,回收水量,true,噸,2020,236500
47238650,E,水資源,耗用水量,true,噸,2020,116800
47238650,E,水資源,排放水量,true,噸,2020,302100
16130009,E,水資源,總取水量,true,噸,2020,1892341
16130009,E,水資源,回收水量,true,噸,2020,875572
16130009,E,水資源,耗用水量,true,,2020,無揭露
16130009,E,水資源,排放水量,true,噸,2020,1288098
16138282,E,水資源,總取水量,true,噸,2020,2264965
16138282,E,水資源,回收水量,true,噸,2020,1044074
16138282,E,水資源,耗用水量,true,,2020,無揭露
16138282,E,水資源,排放水量,true,,2020,無揭露
28113286,E,水資源,總取水量,true,噸,2020,19708000
28113286,E,水資源,回收水量,true,噸,2020,2448000
28113286,E,水資源,耗用水量,true,噸,2020,432400
28113286,E,水資源,排放水量,true,噸,2020,1981600
27879121,E,水資源,總取水量,true,噸,2020,218500
27879121,E,水資源,回收水量,true,噸,2020,72682
27879121,E,水資源,耗用水量,true,噸,2020,80900
27879121,E,水資源,排放水量,true,噸,2020,137600
70849957,E,水資源,總取水量,true,,2020,無揭露
70849957,E,水資源,回收水量,true,,2020,無揭露
70849957,E,水資源,耗用水量,true,,2020,無揭露
70849957,E,水資源,排放水量,true,噸,2020,295218000
12649951,E,水資源,總取水量,true,噸,2020,100603
12649951,E,水資源,回收水量,true,,2020,無揭露
12649951,E,水資源,耗用水量,true,,2020,無揭露
12649951,E,水資源,排放水量,true,噸,2020,79493
47217677,E,廢棄物管理,一般事業廢棄物,true,噸,2020,3458
47217677,E,廢棄物管理,有害事業廢棄物,true,噸,2020,2846
47217677,E,廢棄物管理,資源化再利用,true,噸,2020,39645
89004161,E,廢棄物管理,一般事業廢棄物,true,噸,2020,1623.34
89004161,E,廢棄物管理,有害事業廢棄物,true,噸,2020,58.52
89004161,E,廢棄物管理,資源化再利用,true,噸,2020,946.38
22099131,E,廢棄物管理,一般事業廢棄物,true,噸,2020,269640
22099131,E,廢棄物管理,有害事業廢棄物,true,噸,2020,280635
22099131,E,廢棄物管理,資源化再利用,true,噸,2020,155575
22099548,E,廢棄物管理,一般事業廢棄物,true,噸,2020,3732
22099548,E,廢棄物管理,有害事業廢棄物,true,噸,2020,7159
22099548,E,廢棄物管理,資源化再利用,true,噸,2020,10891
22099218,E,廢棄物管理,一般事業廢棄物,true,,2020,無揭露
22099218,E,廢棄物管理,有害事業廢棄物,true,,2020,無揭露
22099218,E,廢棄物管理,資源化再利用,true,,2020,無揭露
58506816,E,廢棄物管理,一般事業廢棄物,true,噸,2020,356.27
58506816,E,廢棄物管理,有害事業廢棄物,true,噸,2020,1060.08
58506816,E,廢棄物管理,資源化再利用,true,,2020,無揭露
22099202,E,廢棄物管理,一般事業廢棄物,true,,2020,無揭露
22099202,E,廢棄物管理,有害事業廢棄物,true,,2020,無揭露
22099202,E,廢棄物管理,資源化再利用,true,,2020,無揭露
22671299,E,廢棄物管理,一般事業廢棄物,true,噸,2020,26.57
22671299,E,廢棄物管理,有害事業廢棄物,true,噸,2020,0
22671299,E,廢棄物管理,資源化再利用,true,,2020,無揭露
23821182,E,廢棄物管理,一般事業廢棄物,true,噸,2020,8.99
23821182,E,廢棄物管理,有害事業廢棄物,true,噸,2020,0.2
23821182,E,廢棄物管理,資源化再利用,true,,2020,無揭露
89390656,E,廢棄物管理,一般事業廢棄物,true,噸,2020,6090
89390656,E,廢棄物管理,有害事業廢棄物,true,噸,2020,17323
89390656,E,廢棄物管理,資源化再利用,true,,2020,無揭露
05126366,E,廢棄物管理,一般事業廢棄物,true,噸,2020,2242.992
05126366,E,廢棄物管理,有害事業廢棄物,true,噸,2020,223.2591
05126366,E,廢棄物管理,資源化再利用,true,噸,2020,621.2235
22507241,E,廢棄物管理,一般事業廢棄物,true,噸,2020,2886
22507241,E,廢棄物管理,有害事業廢棄物,true,噸,2020,372
22507241,E,廢棄物管理,資源化再利用,true,噸,2020,2596
84149961,E,廢棄物管理,一般事業廢棄物,true,噸,2020,51.99
84149961,E,廢棄物管理,有害事業廢棄物,true,噸,2020,118.87
84149961,E,廢棄物管理,資源化再利用,true,,2020,無揭露
84149224,E,廢棄物管理,一般事業廢棄物,true,噸,2020,42.28
84149224,E,廢棄物管理,有害事業廢棄物,true,噸,2020,7.209
84149224,E,廢棄物管理,資源化再利用,true,噸,2020,7.984
16130280,E,廢棄物管理,一般事業廢棄物,true,,2020,無揭露
16130280,E,廢棄物管理,有害事業廢棄物,true,,2020,無揭露
16130280,E,廢棄物管理,資源化再利用,true,,2020,無揭露
84149955,E,廢棄物管理,一般事業廢棄物,true,,2020,無揭露
84149955,E,廢棄物管理,有害事業廢棄物,true,,2020,無揭露
84149955,E,廢棄物管理,資源化再利用,true,,2020,無揭露
84149060,E,廢棄物管理,一般事業廢棄物,true,噸,2020,16.49
84149060,E,廢棄物管理,有害事業廢棄物,true,噸,2020,0.77
84149060,E,廢棄物管理,資源化再利用,true,,2020,無揭露
84149759,E,廢棄物管理,一般事業廢棄物,true,,2020,無揭露
84149759,E,廢棄物管理,有害事業廢棄物,true,,2020,無揭露
84149759,E,廢棄物管理,資源化再利用,true,,2020,無揭露
70785139,E,廢棄物管理,一般事業廢棄物,true,噸,2020,10755.28
70785139,E,廢棄物管理,有害事業廢棄物,true,噸,2020,10624.57
70785139,E,廢棄物管理,資源化再利用,true,,2020,無揭露
12858252,E,廢棄物管理,一般事業廢棄物,true,噸,2020,1723.411
12858252,E,廢棄物管理,有害事業廢棄物,true,噸,2020,599.49
12858252,E,廢棄物管理,資源化再利用,true,,2020,無揭露
16299879,E,廢棄物管理,一般事業廢棄物,true,噸,2020,0
16299879,E,廢棄物管理,有害事業廢棄物,true,噸,2020,0
16299879,E,廢棄物管理,資源化再利用,true,,2020,無揭露
89406518,E,廢棄物管理,一般事業廢棄物,true,噸,2020,6252.17
89406518,E,廢棄物管理,有害事業廢棄物,true,噸,2020,1.49
89406518,E,廢棄物管理,資源化再利用,true,,2020,無揭露
28069900,E,廢棄物管理,一般事業廢棄物,true,,2020,無揭露
28069900,E,廢棄物管理,有害事業廢棄物,true,,2020,無揭露
28069900,E,廢棄物管理,資源化再利用,true,,2020,無揭露
29187308,E,廢棄物管理,一般事業廢棄物,true,噸,2020,45139
29187308,E,廢棄物管理,有害事業廢棄物,true,噸,2020,30675
29187308,E,廢棄物管理,資源化再利用,true,,2020,無揭露
28112646,E,廢棄物管理,一般事業廢棄物,true,噸,2020,490
28112646,E,廢棄物管理,有害事業廢棄物,true,噸,2020,320
28112646,E,廢棄物管理,資源化再利用,true,,2020,無揭露
84149499,E,廢棄物管理,一般事業廢棄物,true,,2020,無揭露
84149499,E,廢棄物管理,有害事業廢棄物,true,,2020,無揭露
84149499,E,廢棄物管理,資源化再利用,true,噸,2020,11.026
12636560,E,廢棄物管理,一般事業廢棄物,true,噸,2020,8.518
12636560,E,廢棄物管理,有害事業廢棄物,true,噸,2020,111.34
12636560,E,廢棄物管理,資源化再利用,true,噸,2020,43.076
97063584,E,廢棄物管理,一般事業廢棄物,true,,2020,無揭露
97063584,E,廢棄物管理,有害事業廢棄物,true,,2020,無揭露
97063584,E,廢棄物管理,資源化再利用,true,,2020,無揭露
16130330,E,廢棄物管理,一般事業廢棄物,true,噸,2020,13.274
16130330,E,廢棄物管理,有害事業廢棄物,true,噸,2020,0.855
16130330,E,廢棄物管理,資源化再利用,true,,2020,無揭露
16082267,E,廢棄物管理,一般事業廢棄物,true,噸,2020,3055.99
16082267,E,廢棄物管理,有害事業廢棄物,true,噸,2020,2024.64
16082267,E,廢棄物管理,資源化再利用,true,噸,2020,1023.06
22101116,E,廢棄物管理,一般事業廢棄物,true,噸,2020,66.8
22101116,E,廢棄物管理,有害事業廢棄物,true,噸,2020,0
22101116,E,廢棄物管理,資源化再利用,true,,2020,無揭露
16130042,E,廢棄物管理,一般事業廢棄物,true,噸,2020,2934.79
16130042,E,廢棄物管理,有害事業廢棄物,true,噸,2020,1075.84
16130042,E,廢棄物管理,資源化再利用,true,,2020,無揭露
97444368,E,廢棄物管理,一般事業廢棄物,true,噸,2020,6.521
97444368,E,廢棄物管理,有害事業廢棄物,true,噸,2020,37.1839
97444368,E,廢棄物管理,資源化再利用,true,噸,2020,25.4049
70752257,E,廢棄物管理,一般事業廢棄物,true,噸,2020,1926.29
70752257,E,廢棄物管理,有害事業廢棄物,true,噸,2020,4648.51
70752257,E,廢棄物管理,資源化再利用,true,,2020,無揭露
16633261,E,廢棄物管理,一般事業廢棄物,true,噸,2020,14.31
16633261,E,廢棄物管理,有害事業廢棄物,true,噸,2020,0.637
16633261,E,廢棄物管理,資源化再利用,true,噸,2020,13.747
70751779,E,廢棄物管理,一般事業廢棄物,true,噸,2020,466
70751779,E,廢棄物管理,有害事業廢棄物,true,噸,2020,4
70751779,E,廢棄物管理,資源化再利用,true,噸,2020,18
16741846,E,廢棄物管理,一般事業廢棄物,true,噸,2020,403.85
16741846,E,廢棄物管理,有害事業廢棄物,true,噸,2020,980.38
16741846,E,廢棄物管理,資源化再利用,true,,2020,無揭露
70784292,E,廢棄物管理,一般事業廢棄物,true,,2020,無揭露
70784292,E,廢棄物管理,有害事業廢棄物,true,,2020,無揭露
70784292,E,廢棄物管理,資源化再利用,true,,2020,無揭露
89672698,E,廢棄物管理,一般事業廢棄物,true,,2020,無揭露
89672698,E,廢棄物管理,有害事業廢棄物,true,,2020,無揭露
89672698,E,廢棄物管理,資源化再利用,true,,2020,無揭露
16406379,E,廢棄物管理,一般事業廢棄物,true,,2020,無揭露
16406379,E,廢棄物管理,有害事業廢棄物,true,,2020,無揭露
16406379,E,廢棄物管理,資源化再利用,true,,2020,無揭露
28422591,E,廢棄物管理,一般事業廢棄物,true,,2020,無揭露
28422591,E,廢棄物管理,有害事業廢棄物,true,,2020,無揭露
28422591,E,廢棄物管理,資源化再利用,true,,2020,無揭露
27490748,E,廢棄物管理,一般事業廢棄物,true,,2020,無揭露
27490748,E,廢棄物管理,有害事業廢棄物,true,,2020,無揭露
27490748,E,廢棄物管理,資源化再利用,true,,2020,無揭露
28935446,E,廢棄物管理,一般事業廢棄物,true,,2020,無揭露
28935446,E,廢棄物管理,有害事業廢棄物,true,,2020,無揭露
28935446,E,廢棄物管理,資源化再利用,true,,2020,無揭露
84149358,E,廢棄物管理,一般事業廢棄物,true,噸,2020,4046
84149358,E,廢棄物管理,有害事業廢棄物,true,噸,2020,4494
84149358,E,廢棄物管理,資源化再利用,true,噸,2020,7906
47238650,E,廢棄物管理,一般事業廢棄物,true,噸,2020,2657.43
47238650,E,廢棄物管理,有害事業廢棄物,true,噸,2020,6.48
47238650,E,廢棄物管理,資源化再利用,true,噸,2020,1.4
16130009,E,廢棄物管理,一般事業廢棄物,true,噸,2020,1279.9
16130009,E,廢棄物管理,有害事業廢棄物,true,噸,2020,1637.88
16130009,E,廢棄物管理,資源化再利用,true,噸,2020,1739.06
16138282,E,廢棄物管理,一般事業廢棄物,true,噸,2020,3290.294
16138282,E,廢棄物管理,有害事業廢棄物,true,噸,2020,41.52
16138282,E,廢棄物管理,資源化再利用,true,噸,2020,3031.67
28113286,E,廢棄物管理,一般事業廢棄物,true,噸,2020,6783.49
28113286,E,廢棄物管理,有害事業廢棄物,true,噸,2020,113.1841
28113286,E,廢棄物管理,資源化再利用,true,噸,2020,6374.93
27879121,E,廢棄物管理,一般事業廢棄物,true,噸,2020,327
27879121,E,廢棄物管理,有害事業廢棄物,true,噸,2020,337
27879121,E,廢棄物管理,資源化再利用,true,噸,2020,3.36
70849957,E,廢棄物管理,一般事業廢棄物,true,噸,2020,171
70849957,E,廢棄物管理,有害事業廢棄物,true,噸,2020,9
70849957,E,廢棄物管理,資源化再利用,true,噸,2020,376
12649951,E,廢棄物管理,一般事業廢棄物,true,噸,2020,234.4
12649951,E,廢棄物管理,有害事業廢棄物,true,噸,2020,0.95
12649951,E,廢棄物管理,資源化再利用,true,噸,2020,49
12494555,E,環境違規,違反環境法規金額,,元,2010,6000
12494555,E,環境違規,違反環境法規次數,,次,2010,1
12636560,E,環境違規,違反環境法規金額,,元,2010,11500
12636560,E,環境違規,違反環境法規次數,,次,2010,2
16082267,E,環境違規,違反環境法規金額,,元,2010,30000
16082267,E,環境違規,違反環境法規次數,,次,2010,3
16138282,E,環境違規,違反環境法規金額,,元,2010,10000
16138282,E,環境違規,違反環境法規次數,,次,2010,1
16741846,E,環境違規,違反環境法規金額,,元,2010,6000
16741846,E,環境違規,違反環境法規次數,,次,2010,1
22099131,E,環境違規,違反環境法規金額,,元,2010,220000
22099131,E,環境違規,違反環境法規次數,,次,2010,4
22101544,E,環境違規,違反環境法規金額,,元,2010,10000
22101544,E,環境違規,違反環境法規次數,,次,2010,1
34286449,E,環境違規,違反環境法規金額,,元,2010,150000
34286449,E,環境違規,違反環境法規次數,,次,2010,2
47238650,E,環境違規,違反環境法規金額,,元,2010,6000
47238650,E,環境違規,違反環境法規次數,,次,2010,1
70752257,E,環境違規,違反環境法規金額,,元,2010,100000
70752257,E,環境違規,違反環境法規次數,,次,2010,1
70785139,E,環境違規,違反環境法規金額,,元,2010,100000
70785139,E,環境違規,違反環境法規次數,,次,2010,1
89004161,E,環境違規,違反環境法規金額,,元,2010,120000
89004161,E,環境違規,違反環境法規次數,,次,2010,1
89647050,E,環境違規,違反環境法規金額,,元,2010,6000
89647050,E,環境違規,違反環境法規次數,,次,2010,1
04226986,E,環境違規,違反環境法規金額,,元,2010,18000
04226986,E,環境違規,違反環境法規次數,,次,2010,2
12494555,E,環境違規,違反環境法規金額,,元,2011,10000
12494555,E,環境違規,違反環境法規次數,,次,2011,1
16082267,E,環境違規,違反環境法規金額,,元,2011,196000
16082267,E,環境違規,違反環境法規次數,,次,2011,3
16138282,E,環境違規,違反環境法規金額,,元,2011,2226000
16138282,E,環境違規,違反環境法規次數,,次,2011,24
16741846,E,環境違規,違反環境法規金額,,元,2011,12000
16741846,E,環境違規,違反環境法規次數,,次,2011,2
22101544,E,環境違規,違反環境法規金額,,元,2011,60000
22101544,E,環境違規,違反環境法規次數,,次,2011,1
22145016,E,環境違規,違反環境法規金額,,元,2011,80000
22145016,E,環境違規,違反環境法規次數,,次,2011,1
22404266,E,環境違規,違反環境法規金額,,元,2011,80000
22404266,E,環境違規,違反環境法規次數,,次,2011,1
34286449,E,環境違規,違反環境法規金額,,元,2011,170000
34286449,E,環境違規,違反環境法規次數,,次,2011,3
38432767,E,環境違規,違反環境法規金額,,元,2011,12000
38432767,E,環境違規,違反環境法規次數,,次,2011,2
47238650,E,環境違規,違反環境法規金額,,元,2011,6000
47238650,E,環境違規,違反環境法規次數,,次,2011,1
54389725,E,環境違規,違反環境法規金額,,元,2011,100000
54389725,E,環境違規,違反環境法規次數,,次,2011,1
55625676,E,環境違規,違反環境法規金額,,元,2011,746000
55625676,E,環境違規,違反環境法規次數,,次,2011,8
70752257,E,環境違規,違反環境法規金額,,元,2011,60000
70752257,E,環境違規,違反環境法規次數,,次,2011,1
70785139,E,環境違規,違反環境法規金額,,元,2011,842000
70785139,E,環境違規,違反環境法規次數,,次,2011,9
84149884,E,環境違規,違反環境法規金額,,元,2011,106000
84149884,E,環境違規,違反環境法規次數,,次,2011,2
86244737,E,環境違規,違反環境法規金額,,元,2011,18000
86244737,E,環境違規,違反環境法規次數,,次,2011,3
86735240,E,環境違規,違反環境法規金額,,元,2011,6000
86735240,E,環境違規,違反環境法規次數,,次,2011,1
89004161,E,環境違規,違反環境法規金額,,元,2011,140000
89004161,E,環境違規,違反環境法規次數,,次,2011,1
04226986,E,環境違規,違反環境法規金額,,元,2011,330000
04226986,E,環境違規,違反環境法規次數,,次,2011,3
16130009,E,環境違規,違反環境法規金額,,元,2012,120000
16130009,E,環境違規,違反環境法規次數,,次,2012,2
16638110,E,環境違規,違反環境法規金額,,元,2012,230000
16638110,E,環境違規,違反環境法規次數,,次,2012,1
34286449,E,環境違規,違反環境法規金額,,元,2012,290000
34286449,E,環境違規,違反環境法規次數,,次,2012,3
84149884,E,環境違規,違反環境法規金額,,元,2012,166000
84149884,E,環境違規,違反環境法規次數,,次,2012,3
86244737,E,環境違規,違反環境法規金額,,元,2012,90000
86244737,E,環境違規,違反環境法規次數,,次,2012,1
89406518,E,環境違規,違反環境法規金額,,元,2012,6000
89406518,E,環境違規,違反環境法規次數,,次,2012,1
04226986,E,環境違規,違反環境法規金額,,元,2012,120000
04226986,E,環境違規,違反環境法規次數,,次,2012,2
16130009,E,環境違規,違反環境法規金額,,元,2013,130000
16130009,E,環境違規,違反環境法規次數,,次,2013,1
16138282,E,環境違規,違反環境法規金額,,元,2013,100000
16138282,E,環境違規,違反環境法規次數,,次,2013,1
22507241,E,環境違規,違反環境法規金額,,元,2013,100000
22507241,E,環境違規,違反環境法規次數,,次,2013,1
23826736,E,環境違規,違反環境法規金額,,元,2013,6000
23826736,E,環境違規,違反環境法規次數,,次,2013,1
28113286,E,環境違規,違反環境法規金額,,元,2013,6000
28113286,E,環境違規,違反環境法規次數,,次,2013,1
34286449,E,環境違規,違反環境法規金額,,元,2013,308000
34286449,E,環境違規,違反環境法規次數,,次,2013,5
58506816,E,環境違規,違反環境法規金額,,元,2013,5000
58506816,E,環境違規,違反環境法規次數,,次,2013,1
84703335,E,環境違規,違反環境法規金額,,元,2013,106000
84703335,E,環境違規,違反環境法規次數,,次,2013,2
89406518,E,環境違規,違反環境法規金額,,元,2013,16000
89406518,E,環境違規,違反環境法規次數,,次,2013,2
04226986,E,環境違規,違反環境法規金額,,元,2013,160000
04226986,E,環境違規,違反環境法規次數,,次,2013,1
07926511,E,環境違規,違反環境法規金額,,元,2013,100000
07926511,E,環境違規,違反環境法規次數,,次,2013,1
04982433,E,環境違規,違反環境法規金額,,元,2013,100000
04982433,E,環境違規,違反環境法規次數,,次,2013,1
16082267,E,環境違規,違反環境法規金額,,元,2014,6000
16082267,E,環境違規,違反環境法規次數,,次,2014,1
16130009,E,環境違規,違反環境法規金額,,元,2014,20000
16130009,E,環境違規,違反環境法規次數,,次,2014,2
16130042,E,環境違規,違反環境法規金額,,元,2014,120000
16130042,E,環境違規,違反環境法規次數,,次,2014,2
16138282,E,環境違規,違反環境法規金額,,元,2014,405000
16138282,E,環境違規,違反環境法規次數,,次,2014,4
22099174,E,環境違規,違反環境法規金額,,元,2014,100000
22099174,E,環境違規,違反環境法規次數,,次,2014,1
23218022,E,環境違規,違反環境法規金額,,元,2014,600000
23218022,E,環境違規,違反環境法規次數,,次,2014,1
28113286,E,環境違規,違反環境法規金額,,元,2014,10000
28113286,E,環境違規,違反環境法規次數,,次,2014,1
34286449,E,環境違規,違反環境法規金額,,元,2014,200000
34286449,E,環境違規,違反環境法規次數,,次,2014,2
70552666,E,環境違規,違反環境法規金額,,元,2014,350000
70552666,E,環境違規,違反環境法規次數,,次,2014,2
70785139,E,環境違規,違反環境法規金額,,元,2014,550000
70785139,E,環境違規,違反環境法規次數,,次,2014,3
84149884,E,環境違規,違反環境法規金額,,元,2014,120000
84149884,E,環境違規,違反環境法規次數,,次,2014,2
84703335,E,環境違規,違反環境法規金額,,元,2014,100000
84703335,E,環境違規,違反環境法規次數,,次,2014,1
85611896,E,環境違規,違反環境法規金額,,元,2014,12000
85611896,E,環境違規,違反環境法規次數,,次,2014,2
89406518,E,環境違規,違反環境法規金額,,元,2014,6000
89406518,E,環境違規,違反環境法規次數,,次,2014,1
05126366,E,環境違規,違反環境法規金額,,元,2014,26000
05126366,E,環境違規,違反環境法規次數,,次,2014,2
07926511,E,環境違規,違反環境法規金額,,元,2014,10000
07926511,E,環境違規,違反環境法規次數,,次,2014,1
12636560,E,環境違規,違反環境法規金額,,元,2015,60000
12636560,E,環境違規,違反環境法規次數,,次,2015,1
16130009,E,環境違規,違反環境法規金額,,元,2015,6000
16130009,E,環境違規,違反環境法規次數,,次,2015,1
16394917,E,環境違規,違反環境法規金額,,元,2015,10000
16394917,E,環境違規,違反環境法規次數,,次,2015,1
16406379,E,環境違規,違反環境法規金額,,元,2015,100000
16406379,E,環境違規,違反環境法規次數,,次,2015,1
16638110,E,環境違規,違反環境法規金額,,元,2015,20000
16638110,E,環境違規,違反環境法規次數,,次,2015,2
22099408,E,環境違規,違反環境法規金額,,元,2015,60000
22099408,E,環境違規,違反環境法規次數,,次,2015,1
22101544,E,環境違規,違反環境法規金額,,元,2015,100000
22101544,E,環境違規,違反環境法規次數,,次,2015,1
22145016,E,環境違規,違反環境法規金額,,元,2015,100000
22145016,E,環境違規,違反環境法規次數,,次,2015,1
22404266,E,環境違規,違反環境法規金額,,元,2015,66000
22404266,E,環境違規,違反環境法規次數,,次,2015,2
23218022,E,環境違規,違反環境法規金額,,元,2015,3000
23218022,E,環境違規,違反環境法規次數,,次,2015,1
23826736,E,環境違規,違反環境法規金額,,元,2015,6000
23826736,E,環境違規,違反環境法規次數,,次,2015,1
28113286,E,環境違規,違反環境法規金額,,元,2015,100000
28113286,E,環境違規,違反環境法規次數,,次,2015,1
34286449,E,環境違規,違反環境法規金額,,元,2015,110000
34286449,E,環境違規,違反環境法規次數,,次,2015,1
58506816,E,環境違規,違反環境法規金額,,元,2015,282000
58506816,E,環境違規,違反環境法規次數,,次,2015,6
70751779,E,環境違規,違反環境法規金額,,元,2015,12000
70751779,E,環境違規,違反環境法規次數,,次,2015,2
70752257,E,環境違規,違反環境法規金額,,元,2015,100000
70752257,E,環境違規,違反環境法規次數,,次,2015,1
70785139,E,環境違規,違反環境法規金額,,元,2015,310000
70785139,E,環境違規,違反環境法規次數,,次,2015,3
84149884,E,環境違規,違反環境法規金額,,元,2015,100000
84149884,E,環境違規,違反環境法規次數,,次,2015,1
84750054,E,環境違規,違反環境法規金額,,元,2015,6000
84750054,E,環境違規,違反環境法規次數,,次,2015,1
86244737,E,環境違規,違反環境法規金額,,元,2015,61200
86244737,E,環境違規,違反環境法規次數,,次,2015,2
89004161,E,環境違規,違反環境法規金額,,元,2015,20000
89004161,E,環境違規,違反環境法規次數,,次,2015,2
04226986,E,環境違規,違反環境法規金額,,元,2015,60000
04226986,E,環境違規,違反環境法規次數,,次,2015,1
07926511,E,環境違規,違反環境法規金額,,元,2015,30000
07926511,E,環境違規,違反環境法規次數,,次,2015,1
12636560,E,環境違規,違反環境法規金額,,元,2016,1500
12636560,E,環境違規,違反環境法規次數,,次,2016,1
16082267,E,環境違規,違反環境法規金額,,元,2016,10000
16082267,E,環境違規,違反環境法規次數,,次,2016,1
16130009,E,環境違規,違反環境法規金額,,元,2016,60000
16130009,E,環境違規,違反環境法規次數,,次,2016,1
16130042,E,環境違規,違反環境法規金額,,元,2016,4401000
16130042,E,環境違規,違反環境法規次數,,次,2016,2
16138282,E,環境違規,違反環境法規金額,,元,2016,2100000
16138282,E,環境違規,違反環境法規次數,,次,2016,1
16741846,E,環境違規,違反環境法規金額,,元,2016,230000
16741846,E,環境違規,違反環境法規次數,,次,2016,3
22099131,E,環境違規,違反環境法規金額,,元,2016,100000
22099131,E,環境違規,違反環境法規次數,,次,2016,1
22101544,E,環境違規,違反環境法規金額,,元,2016,229500
22101544,E,環境違規,違反環境法規次數,,次,2016,4
34286449,E,環境違規,違反環境法規金額,,元,2016,702000
34286449,E,環境違規,違反環境法規次數,,次,2016,1
47238650,E,環境違規,違反環境法規金額,,元,2016,200000
47238650,E,環境違規,違反環境法規次數,,次,2016,2
70751779,E,環境違規,違反環境法規金額,,元,2016,27500
70751779,E,環境違規,違反環境法規次數,,次,2016,2
70785139,E,環境違規,違反環境法規金額,,元,2016,111000
70785139,E,環境違規,違反環境法規次數,,次,2016,2
89004161,E,環境違規,違反環境法規金額,,元,2016,100000
89004161,E,環境違規,違反環境法規次數,,次,2016,1
89390656,E,環境違規,違反環境法規金額,,元,2016,150000
89390656,E,環境違規,違反環境法規次數,,次,2016,1
04226986,E,環境違規,違反環境法規金額,,元,2016,170000
04226986,E,環境違規,違反環境法規次數,,次,2016,1
12624467,E,環境違規,違反環境法規金額,,元,2017,60000
12624467,E,環境違規,違反環境法規次數,,次,2017,1
16130009,E,環境違規,違反環境法規金額,,元,2017,200000
16130009,E,環境違規,違反環境法規次數,,次,2017,1
16130042,E,環境違規,違反環境法規金額,,元,2017,66000
16130042,E,環境違規,違反環境法規次數,,次,2017,2
16394917,E,環境違規,違反環境法規金額,,元,2017,6000
16394917,E,環境違規,違反環境法規次數,,次,2017,1
16638110,E,環境違規,違反環境法規金額,,元,2017,28000
16638110,E,環境違規,違反環境法規次數,,次,2017,4
16741846,E,環境違規,違反環境法規金額,,元,2017,280000
16741846,E,環境違規,違反環境法規次數,,次,2017,3
22099131,E,環境違規,違反環境法規金額,,元,2017,6000
22099131,E,環境違規,違反環境法規次數,,次,2017,1
22099174,E,環境違規,違反環境法規金額,,元,2017,70000
22099174,E,環境違規,違反環境法規次數,,次,2017,1
23734841,E,環境違規,違反環境法規金額,,元,2017,18000
23734841,E,環境違規,違反環境法規次數,,次,2017,3
27879121,E,環境違規,違反環境法規金額,,元,2017,200000
27879121,E,環境違規,違反環境法規次數,,次,2017,2
70785139,E,環境違規,違反環境法規金額,,元,2017,12000
70785139,E,環境違規,違反環境法規次數,,次,2017,2
84149245,E,環境違規,違反環境法規金額,,元,2017,6000
84149245,E,環境違規,違反環境法規次數,,次,2017,1
84149358,E,環境違規,違反環境法規金額,,元,2017,72500
84149358,E,環境違規,違反環境法規次數,,次,2017,1
86244737,E,環境違規,違反環境法規金額,,元,2017,3612000
86244737,E,環境違規,違反環境法規次數,,次,2017,1
89406518,E,環境違規,違反環境法規金額,,元,2017,100000
89406518,E,環境違規,違反環境法規次數,,次,2017,1
89647050,E,環境違規,違反環境法規金額,,元,2017,240000
89647050,E,環境違規,違反環境法規次數,,次,2017,4
16082267,E,環境違規,違反環境法規金額,,元,2018,18000
16082267,E,環境違規,違反環境法規次數,,次,2018,3
16130009,E,環境違規,違反環境法規金額,,元,2018,218000
16130009,E,環境違規,違反環境法規次數,,次,2018,5
16130042,E,環境違規,違反環境法規金額,,元,2018,6000
16130042,E,環境違規,違反環境法規次數,,次,2018,1
16394917,E,環境違規,違反環境法規金額,,元,2018,100000
16394917,E,環境違規,違反環境法規次數,,次,2018,1
22099174,E,環境違規,違反環境法規金額,,元,2018,950000
22099174,E,環境違規,違反環境法規次數,,次,2018,10
22099408,E,環境違規,違反環境法規金額,,元,2018,10000
22099408,E,環境違規,違反環境法規次數,,次,2018,1
22099499,E,環境違規,違反環境法規金額,,元,2018,6000
22099499,E,環境違規,違反環境法規次數,,次,2018,1
22145016,E,環境違規,違反環境法規金額,,元,2018,18000
22145016,E,環境違規,違反環境法規次數,,次,2018,1
22404266,E,環境違規,違反環境法規金額,,元,2018,400000
22404266,E,環境違規,違反環境法規次數,,次,2018,3
28823511,E,環境違規,違反環境法規金額,,元,2018,116000
28823511,E,環境違規,違反環境法規次數,,次,2018,3
34286449,E,環境違規,違反環境法規金額,,元,2018,437500
34286449,E,環境違規,違反環境法規次數,,次,2018,6
47238650,E,環境違規,違反環境法規金額,,元,2018,296000
47238650,E,環境違規,違反環境法規次數,,次,2018,5
55625676,E,環境違規,違反環境法規金額,,元,2018,100000
55625676,E,環境違規,違反環境法規次數,,次,2018,1
70752257,E,環境違規,違反環境法規金額,,元,2018,160000
70752257,E,環境違規,違反環境法規次數,,次,2018,2
84149884,E,環境違規,違反環境法規金額,,元,2018,100000
84149884,E,環境違規,違反環境法規次數,,次,2018,1
84703335,E,環境違規,違反環境法規金額,,元,2018,434000
84703335,E,環境違規,違反環境法規次數,,次,2018,5
89647050,E,環境違規,違反環境法規金額,,元,2018,207000
89647050,E,環境違規,違反環境法規次數,,次,2018,2
04226986,E,環境違規,違反環境法規金額,,元,2018,60000
04226986,E,環境違規,違反環境法規次數,,次,2018,1
04982433,E,環境違規,違反環境法規金額,,元,2018,200000
04982433,E,環境違規,違反環境法規次數,,次,2018,2
07926511,E,環境違規,違反環境法規金額,,元,2018,12000
07926511,E,環境違規,違反環境法規次數,,次,2018,2
05126366,E,環境違規,違反環境法規金額,,元,2018,70000
05126366,E,環境違規,違反環境法規次數,,次,2018,1
12858252,E,環境違規,違反環境法規金額,,元,2019,6000
12858252,E,環境違規,違反環境法規次數,,次,2019,1
16082267,E,環境違規,違反環境法規金額,,元,2019,60000
16082267,E,環境違規,違反環境法規次數,,次,2019,1
16130009,E,環境違規,違反環境法規金額,,元,2019,220000
16130009,E,環境違規,違反環境法規次數,,次,2019,3
22099174,E,環境違規,違反環境法規金額,,元,2019,1970000
22099174,E,環境違規,違反環境法規次數,,次,2019,4
22099218,E,環境違規,違反環境法規金額,,元,2019,10000
22099218,E,環境違規,違反環境法規次數,,次,2019,1
22099408,E,環境違規,違反環境法規金額,,元,2019,310000
22099408,E,環境違規,違反環境法規次數,,次,2019,4
22099548,E,環境違規,違反環境法規金額,,元,2019,100000
22099548,E,環境違規,違反環境法規次數,,次,2019,1
22101544,E,環境違規,違反環境法規金額,,元,2019,10000
22101544,E,環境違規,違反環境法規次數,,次,2019,1
22145016,E,環境違規,違反環境法規金額,,元,2019,105000
22145016,E,環境違規,違反環境法規次數,,次,2019,1
22671299,E,環境違規,違反環境法規金額,,元,2019,6000
22671299,E,環境違規,違反環境法規次數,,次,2019,1
23218022,E,環境違規,違反環境法規金額,,元,2019,60000
23218022,E,環境違規,違反環境法規次數,,次,2019,2
28823511,E,環境違規,違反環境法規金額,,元,2019,15000
28823511,E,環境違規,違反環境法規次數,,次,2019,1
58506816,E,環境違規,違反環境法規金額,,元,2019,150000
58506816,E,環境違規,違反環境法規次數,,次,2019,1
70552666,E,環境違規,違反環境法規金額,,元,2019,10000
70552666,E,環境違規,違反環境法規次數,,次,2019,1
70785139,E,環境違規,違反環境法規金額,,元,2019,81000
70785139,E,環境違規,違反環境法規次數,,次,2019,1
84703335,E,環境違規,違反環境法規金額,,元,2019,100000
84703335,E,環境違規,違反環境法規次數,,次,2019,1
86244737,E,環境違規,違反環境法規金額,,元,2019,90000
86244737,E,環境違規,違反環境法規次數,,次,2019,1
89406518,E,環境違規,違反環境法規金額,,元,2019,6000
89406518,E,環境違規,違反環境法規次數,,次,2019,1
89672698,E,環境違規,違反環境法規金額,,元,2019,66000
89672698,E,環境違規,違反環境法規次數,,次,2019,2
07926511,E,環境違規,違反環境法規金額,,元,2019,30500
07926511,E,環境違規,違反環境法規次數,,次,2019,2
05126366,E,環境違規,違反環境法規金額,,元,2019,72500
05126366,E,環境違規,違反環境法規次數,,次,2019,2
16082267,E,環境違規,違反環境法規金額,,元,2020,286000
16082267,E,環境違規,違反環境法規次數,,次,2020,3
16130009,E,環境違規,違反環境法規金額,,元,2020,112000
16130009,E,環境違規,違反環境法規次數,,次,2020,3
16138282,E,環境違規,違反環境法規金額,,元,2020,100000
16138282,E,環境違規,違反環境法規次數,,次,2020,1
16638110,E,環境違規,違反環境法規金額,,元,2020,100000
16638110,E,環境違規,違反環境法規次數,,次,2020,1
22099110,E,環境違規,違反環境法規金額,,元,2020,100000
22099110,E,環境違規,違反環境法規次數,,次,2020,1
22099174,E,環境違規,違反環境法規金額,,元,2020,200000
22099174,E,環境違規,違反環境法規次數,,次,2020,2
22099408,E,環境違規,違反環境法規金額,,元,2020,200000
22099408,E,環境違規,違反環境法規次數,,次,2020,1
22099548,E,環境違規,違反環境法規金額,,元,2020,100000
22099548,E,環境違規,違反環境法規次數,,次,2020,1
22145016,E,環境違規,違反環境法規金額,,元,2020,12500
22145016,E,環境違規,違反環境法規次數,,次,2020,1
23218022,E,環境違規,違反環境法規金額,,元,2020,300000
23218022,E,環境違規,違反環境法規次數,,次,2020,4
23826736,E,環境違規,違反環境法規金額,,元,2020,100000
23826736,E,環境違規,違反環境法規次數,,次,2020,1
30901647,E,環境違規,違反環境法規金額,,元,2020,100000
30901647,E,環境違規,違反環境法規次數,,次,2020,1
34286449,E,環境違規,違反環境法規金額,,元,2020,135000
34286449,E,環境違規,違反環境法規次數,,次,2020,1
58506816,E,環境違規,違反環境法規金額,,元,2020,100000
58506816,E,環境違規,違反環境法規次數,,次,2020,1
70752257,E,環境違規,違反環境法規金額,,元,2020,84000
70752257,E,環境違規,違反環境法規次數,,次,2020,2
70785139,E,環境違規,違反環境法規金額,,元,2020,432000
70785139,E,環境違規,違反環境法規次數,,次,2020,6
84149884,E,環境違規,違反環境法規金額,,元,2020,100000
84149884,E,環境違規,違反環境法規次數,,次,2020,1
84703335,E,環境違規,違反環境法規金額,,元,2020,144000
84703335,E,環境違規,違反環境法規次數,,次,2020,2
85611896,E,環境違規,違反環境法規金額,,元,2020,100000
85611896,E,環境違規,違反環境法規次數,,次,2020,1
86244737,E,環境違規,違反環境法規金額,,元,2020,12000
86244737,E,環境違規,違反環境法規次數,,次,2020,2
89004161,E,環境違規,違反環境法規金額,,元,2020,312000
89004161,E,環境違規,違反環境法規次數,,次,2020,8
89406518,E,環境違規,違反環境法規金額,,元,2020,60000
89406518,E,環境違規,違反環境法規次數,,次,2020,1
05126366,E,環境違規,違反環境法規金額,,元,2020,120000
05126366,E,環境違規,違反環境法規次數,,次,2020,2
16130296,E,環境違規,違反環境法規金額,,元,2021,100000
16130296,E,環境違規,違反環境法規次數,,次,2021,1
16638110,E,環境違規,違反環境法規金額,,元,2021,100000
16638110,E,環境違規,違反環境法規次數,,次,2021,1
22099131,E,環境違規,違反環境法規金額,,元,2021,127000
22099131,E,環境違規,違反環境法規次數,,次,2021,2
22145016,E,環境違規,違反環境法規金額,,元,2021,150000
22145016,E,環境違規,違反環境法規次數,,次,2021,1
23218022,E,環境違規,違反環境法規金額,,元,2021,10000
23218022,E,環境違規,違反環境法規次數,,次,2021,1
28112646,E,環境違規,違反環境法規金額,,元,2021,150000
28112646,E,環境違規,違反環境法規次數,,次,2021,1
28398895,E,環境違規,違反環境法規金額,,元,2021,120000
28398895,E,環境違規,違反環境法規次數,,次,2021,2
70552666,E,環境違規,違反環境法規金額,,元,2021,100000
70552666,E,環境違規,違反環境法規次數,,次,2021,1
70751779,E,環境違規,違反環境法規金額,,元,2021,42000
70751779,E,環境違規,違反環境法規次數,,次,2021,6
70785139,E,環境違規,違反環境法規金額,,元,2021,423000
70785139,E,環境違規,違反環境法規次數,,次,2021,2
70849957,E,環境違規,違反環境法規金額,,元,2021,6000
70849957,E,環境違規,違反環境法規次數,,次,2021,1
76025826,E,環境違規,違反環境法規金額,,元,2021,6000
76025826,E,環境違規,違反環境法規次數,,次,2021,1
89406518,E,環境違規,違反環境法規金額,,元,2021,14000
89406518,E,環境違規,違反環境法規次數,,次,2021,1
47217677,S,員工組成,正式員工,true,人,2020,12403
47217677,S,員工組成,新進率,true,人,2020,0.08017917133258678
47217677,S,員工組成,離職率,true,人,2020,0.0748040313549832
47217677,S,員工組成,是否聘用移工,true,人,2020,991
47217677,S,員工組成,是否聘用身障人士,true,人,2020,無揭露
47217677,S,員工組成,是否聘用原住民,true,人,2020,62
89004161,S,員工組成,正式員工,true,人,2020,5467
89004161,S,員工組成,性別比,true,人,2020,0.54
89004161,S,員工組成,新進率,true,人,2020,0.030546917870861532
89004161,S,員工組成,離職率,true,人,2020,0.20193890616425828
89004161,S,員工組成,是否聘用移工,true,人,2020,1476
89004161,S,員工組成,是否聘用身障人士,true,人,2020,無揭露
89004161,S,員工組成,是否聘用原住民,true,人,2020,無揭露
22099131,S,員工組成,正式員工,true,人,2020,56825
22099131,S,員工組成,性別比,true,人,2020,1.6941494405461786
22099131,S,員工組成,新進率,true,人,2020,0.12883813411694323
22099131,S,員工組成,是否聘用移工,true,人,2020,281
22099131,S,員工組成,是否聘用身障人士,true,人,2020,無揭露
22099131,S,員工組成,是否聘用原住民,true,人,2020,無揭露
22099548,S,員工組成,正式員工,true,人,2020,3892
22099548,S,員工組成,性別比,true,人,2020,1.3921327596803934
22099548,S,員工組成,新進率,true,人,2020,0.11723446893787576
22099548,S,員工組成,離職率,true,人,2020,0.10420841683366733
22099548,S,員工組成,是否聘用移工,true,人,2020,358
22099548,S,員工組成,是否聘用身障人士,true,人,2020,無揭露
22099548,S,員工組成,是否聘用原住民,true,人,2020,無揭露
22099218,S,員工組成,正式員工,true,人,2020,21
22099218,S,員工組成,性別比,true,人,2020,2.1760176017601762
22099218,S,員工組成,新進率,true,人,2020,0.056052269601100414
22099218,S,員工組成,離職率,true,人,2020,0.08253094910591471
22099218,S,員工組成,是否聘用移工,true,人,2020,無揭露
22099218,S,員工組成,是否聘用身障人士,true,人,2020,無揭露
22099218,S,員工組成,是否聘用原住民,true,人,2020,無揭露
58506816,S,員工組成,正式員工,true,人,2020,1004
58506816,S,員工組成,性別比,true,人,2020,0.45930232558139533
58506816,S,員工組成,新進率,true,人,2020,0.09820089955022489
58506816,S,員工組成,離職率,true,人,2020,0.17091454272863568
58506816,S,員工組成,是否聘用移工,true,人,2020,327.76
58506816,S,員工組成,是否聘用身障人士,true,人,2020,無揭露
58506816,S,員工組成,是否聘用原住民,true,人,2020,無揭露
22099202,S,員工組成,正式員工,true,人,2020,無揭露
22099202,S,員工組成,是否聘用移工,true,人,2020,NA
22099202,S,員工組成,是否聘用身障人士,true,人,2020,無揭露
22099202,S,員工組成,是否聘用原住民,true,人,2020,無揭露
22671299,S,員工組成,正式員工,true,人,2020,4116
22671299,S,員工組成,性別比,true,人,2020,4.3803921568627455
22671299,S,員工組成,是否聘用移工,true,人,2020,24
22671299,S,員工組成,是否聘用身障人士,true,人,2020,無揭露
22671299,S,員工組成,是否聘用原住民,true,人,2020,無揭露
23821182,S,員工組成,正式員工,true,人,2020,323
23821182,S,員工組成,性別比,true,人,2020,2.23
23821182,S,員工組成,新進率,true,人,2020,0.1393939393939394
23821182,S,員工組成,離職率,true,人,2020,0.09393939393939393
23821182,S,員工組成,是否聘用移工,true,人,2020,NA
23821182,S,員工組成,是否聘用身障人士,true,人,2020,無揭露
23821182,S,員工組成,是否聘用原住民,true,人,2020,無揭露
89390656,S,員工組成,正式員工,true,人,2020,3542
89390656,S,員工組成,性別比,true,人,2020,2.597689075630252
89390656,S,員工組成,新進率,true,人,2020,0.10438180295841473
89390656,S,員工組成,離職率,true,人,2020,0.044655316773653364
89390656,S,員工組成,是否聘用移工,true,人,2020,126
89390656,S,員工組成,是否聘用身障人士,true,人,2020,無揭露
89390656,S,員工組成,是否聘用原住民,true,人,2020,無揭露
05126366,S,員工組成,正式員工,true,人,2020,3987
05126366,S,員工組成,性別比,true,人,2020,0.7334782608695652
05126366,S,員工組成,新進率,true,人,2020,0.22949586155003762
05126366,S,員工組成,離職率,true,人,2020,0.16829696513669426
05126366,S,員工組成,是否聘用移工,true,人,2020,972
05126366,S,員工組成,是否聘用身障人士,true,人,2020,無揭露
05126366,S,員工組成,是否聘用原住民,true,人,2020,無揭露
22507241,S,員工組成,正式員工,true,人,2020,無揭露
22507241,S,員工組成,性別比,true,人,2020,1.4370620295873346
22507241,S,員工組成,新進率,true,人,2020,0.3052278385106613
22507241,S,員工組成,離職率,true,人,2020,0.2195042753544756
22507241,S,員工組成,是否聘用移工,true,人,2020,2325
22507241,S,員工組成,是否聘用身障人士,true,人,2020,無揭露
22507241,S,員工組成,是否聘用原住民,true,人,2020,無揭露
84149961,S,員工組成,正式員工,true,人,2020,14755
84149961,S,員工組成,性別比,true,人,2020,4.440634218289086
84149961,S,員工組成,新進率,true,人,2020,0.11080488568744128
84149961,S,員工組成,離職率,true,人,2020,0.05775133103664266
84149961,S,員工組成,是否聘用移工,true,人,2020,NA
84149961,S,員工組成,是否聘用身障人士,true,人,2020,無揭露
84149961,S,員工組成,是否聘用原住民,true,人,2020,無揭露
84149224,S,員工組成,正式員工,true,人,2020,1133
84149224,S,員工組成,性別比,true,人,2020,1.40552016985138
84149224,S,員工組成,新進率,true,人,2020,0.22022279348757498
84149224,S,員工組成,離職率,true,人,2020,0.1953727506426735
84149224,S,員工組成,是否聘用移工,true,人,2020,無揭露
84149224,S,員工組成,是否聘用身障人士,true,人,2020,無揭露
84149224,S,員工組成,是否聘用原住民,true,人,2020,無揭露
16130280,S,員工組成,性別比,true,人,2020,2.3333333333333335
16130280,S,員工組成,是否聘用移工,true,人,2020,NA
16130280,S,員工組成,是否聘用身障人士,true,人,2020,無揭露
16130280,S,員工組成,是否聘用原住民,true,人,2020,無揭露
84149955,S,員工組成,正式員工,true,人,2020,2423
84149955,S,員工組成,性別比,true,人,2020,5.555555555555555
84149955,S,員工組成,新進率,true,人,2020,0.13793103448275862
84149955,S,員工組成,離職率,true,人,2020,0.05788177339901478
84149955,S,員工組成,是否聘用移工,true,人,2020,NA
84149955,S,員工組成,是否聘用身障人士,true,人,2020,無揭露
84149955,S,員工組成,是否聘用原住民,true,人,2020,無揭露
84149060,S,員工組成,正式員工,true,人,2020,596
84149060,S,員工組成,性別比,true,人,2020,2.7888198757763973
84149060,S,員工組成,新進率,true,人,2020,0.09180327868852459
84149060,S,員工組成,離職率,true,人,2020,0.17049180327868851
84149060,S,員工組成,是否聘用移工,true,人,2020,NA
84149060,S,員工組成,是否聘用身障人士,true,人,2020,無揭露
84149060,S,員工組成,是否聘用原住民,true,人,2020,無揭露
84149759,S,員工組成,正式員工,true,人,2020,無揭露
84149759,S,員工組成,性別比,true,人,2020,2.4761904761904763
84149759,S,員工組成,新進率,true,人,2020,0.0410958904109589
84149759,S,員工組成,離職率,true,人,2020,0.0547945205479452
84149759,S,員工組成,是否聘用移工,true,人,2020,NA
84149759,S,員工組成,是否聘用身障人士,true,人,2020,無揭露
84149759,S,員工組成,是否聘用原住民,true,人,2020,無揭露
70785139,S,員工組成,正式員工,true,人,2020,3873
70785139,S,員工組成,性別比,true,人,2020,1.8731454005934718
70785139,S,員工組成,新進率,true,人,2020,0.3163177020245717
70785139,S,員工組成,離職率,true,人,2020,0.19899636615331373
70785139,S,員工組成,是否聘用移工,true,人,2020,0.3
70785139,S,員工組成,是否聘用身障人士,true,人,2020,無揭露
70785139,S,員工組成,是否聘用原住民,true,人,2020,無揭露
12858252,S,員工組成,正式員工,true,人,2020,1834
12858252,S,員工組成,性別比,true,人,2020,3.5964912280701755
12858252,S,員工組成,新進率,true,人,2020,0.2812037493833251
12858252,S,員工組成,離職率,true,人,2020,0.028613714849531326
12858252,S,員工組成,是否聘用移工,true,人,2020,51
12858252,S,員工組成,是否聘用身障人士,true,人,2020,無揭露
12858252,S,員工組成,是否聘用原住民,true,人,2020,無揭露
16299879,S,員工組成,正式員工,true,人,2020,659
16299879,S,員工組成,性別比,true,人,2020,2.9226190476190474
16299879,S,員工組成,新進率,true,人,2020,0.1649016641452345
16299879,S,員工組成,離職率,true,人,2020,0.12405446293494705
16299879,S,員工組成,是否聘用移工,true,人,2020,8
16299879,S,員工組成,是否聘用身障人士,true,人,2020,無揭露
16299879,S,員工組成,是否聘用原住民,true,人,2020,無揭露
89406518,S,員工組成,正式員工,true,人,2020,1354
89406518,S,員工組成,性別比,true,人,2020,18.070422535211268
89406518,S,員工組成,新進率,true,人,2020,0.042097488921713444
89406518,S,員工組成,離職率,true,人,2020,0.01624815361890694
89406518,S,員工組成,是否聘用移工,true,人,2020,NA
89406518,S,員工組成,是否聘用身障人士,true,人,2020,無揭露
89406518,S,員工組成,是否聘用原住民,true,人,2020,無揭露
28069900,S,員工組成,正式員工,true,人,2020,385
28069900,S,員工組成,性別比,true,人,2020,4.661764705882353
28069900,S,員工組成,是否聘用移工,true,人,2020,NA
28069900,S,員工組成,是否聘用身障人士,true,人,2020,無揭露
28069900,S,員工組成,是否聘用原住民,true,人,2020,無揭露
29187308,S,員工組成,正式員工,true,人,2020,88008
29187308,S,員工組成,新進率,true,人,2020,0.3792868351279693
29187308,S,員工組成,是否聘用移工,true,人,2020,無揭露
29187308,S,員工組成,是否聘用身障人士,true,人,2020,無揭露
29187308,S,員工組成,是否聘用原住民,true,人,2020,無揭露
28112646,S,員工組成,正式員工,true,人,2020,1435
28112646,S,員工組成,性別比,true,人,2020,1.2634069400630914
28112646,S,員工組成,新進率,true,人,2020,0.12421929215822346
28112646,S,員工組成,離職率,true,人,2020,0.08813324080499653
28112646,S,員工組成,是否聘用移工,true,人,2020,NA
28112646,S,員工組成,是否聘用身障人士,true,人,2020,無揭露
28112646,S,員工組成,是否聘用原住民,true,人,2020,無揭露
84149499,S,員工組成,正式員工,true,人,2020,425
84149499,S,員工組成,新進率,true,人,2020,0.24299065420560748
84149499,S,員工組成,離職率,true,人,2020,0.19158878504672897
84149499,S,員工組成,是否聘用移工,true,人,2020,NA
84149499,S,員工組成,是否聘用身障人士,true,人,2020,無揭露
84149499,S,員工組成,是否聘用原住民,true,人,2020,無揭露
12636560,S,員工組成,正式員工,true,人,2020,無揭露
12636560,S,員工組成,性別比,true,人,2020,1.3828125
12636560,S,員工組成,新進率,true,人,2020,0.1377049180327869
12636560,S,員工組成,離職率,true,人,2020,0.1901639344262295
12636560,S,員工組成,是否聘用移工,true,人,2020,73
12636560,S,員工組成,是否聘用身障人士,true,人,2020,無揭露
12636560,S,員工組成,是否聘用原住民,true,人,2020,1
97063584,S,員工組成,正式員工,true,人,2020,無揭露
97063584,S,員工組成,新進率,true,人,2020,0.1032258064516129
97063584,S,員工組成,離職率,true,人,2020,0.15161290322580645
97063584,S,員工組成,是否聘用移工,true,人,2020,NA
97063584,S,員工組成,是否聘用身障人士,true,人,2020,無揭露
97063584,S,員工組成,是否聘用原住民,true,人,2020,無揭露
16130330,S,員工組成,正式員工,true,人,2020,無揭露
16130330,S,員工組成,新進率,true,人,2020,0.1881656804733728
16130330,S,員工組成,離職率,true,人,2020,0.24615384615384617
16130330,S,員工組成,是否聘用移工,true,人,2020,NA
16130330,S,員工組成,是否聘用身障人士,true,人,2020,無揭露
16130330,S,員工組成,是否聘用原住民,true,人,2020,無揭露
16082267,S,員工組成,正式員工,true,人,2020,無揭露
16082267,S,員工組成,新進率,true,人,2020,0.11123571504859553
16082267,S,員工組成,離職率,true,人,2020,0.11187653529851543
16082267,S,員工組成,是否聘用移工,true,人,2020,NA
16082267,S,員工組成,是否聘用身障人士,true,人,2020,無揭露
16082267,S,員工組成,是否聘用原住民,true,人,2020,無揭露
22101116,S,員工組成,正式員工,true,人,2020,無揭露
22101116,S,員工組成,性別比,true,人,2020,0.8602305475504323
22101116,S,員工組成,新進率,true,人,2020,0.09798605731990705
22101116,S,員工組成,離職率,true,人,2020,0.27188226181254843
22101116,S,員工組成,是否聘用移工,true,人,2020,NA
22101116,S,員工組成,是否聘用身障人士,true,人,2020,無揭露
22101116,S,員工組成,是否聘用原住民,true,人,2020,無揭露
16130042,S,員工組成,正式員工,true,人,2020,5495
16130042,S,員工組成,性別比,true,人,2020,0.8225483655770514
16130042,S,員工組成,新進率,true,人,2020,0.05967976710334789
16130042,S,員工組成,離職率,true,人,2020,0.0906113537117904
16130042,S,員工組成,是否聘用移工,true,人,2020,無揭露
16130042,S,員工組成,是否聘用身障人士,true,人,2020,無揭露
16130042,S,員工組成,是否聘用原住民,true,人,2020,無揭露
97444368,S,員工組成,正式員工,true,人,2020,無揭露
97444368,S,員工組成,性別比,true,人,2020,0.8912280701754386
97444368,S,員工組成,新進率,true,人,2020,0.21335807050092764
97444368,S,員工組成,離職率,true,人,2020,0.28385899814471244
97444368,S,員工組成,是否聘用移工,true,人,2020,NA
97444368,S,員工組成,是否聘用身障人士,true,人,2020,無揭露
97444368,S,員工組成,是否聘用原住民,true,人,2020,3
70752257,S,員工組成,正式員工,true,人,2020,3089
70752257,S,員工組成,性別比,true,人,2020,0.9488958990536278
70752257,S,員工組成,新進率,true,人,2020,0.13749204328453216
70752257,S,員工組成,離職率,true,人,2020,0.06874602164226608
70752257,S,員工組成,是否聘用移工,true,人,2020,405
70752257,S,員工組成,是否聘用身障人士,true,人,2020,無揭露
70752257,S,員工組成,是否聘用原住民,true,人,2020,63
16633261,S,員工組成,正式員工,true,人,2020,無揭露
16633261,S,員工組成,性別比,true,人,2020,3.034782608695652
16633261,S,員工組成,新進率,true,人,2020,0.09267241379310345
16633261,S,員工組成,離職率,true,人,2020,0.04956896551724138
16633261,S,員工組成,是否聘用移工,true,人,2020,NA
16633261,S,員工組成,是否聘用身障人士,true,人,2020,無揭露
16633261,S,員工組成,是否聘用原住民,true,人,2020,無揭露
70751779,S,員工組成,正式員工,true,人,2020,無揭露
70751779,S,員工組成,性別比,true,人,2020,1.1205787781350482
70751779,S,員工組成,是否聘用移工,true,人,2020,NA
70751779,S,員工組成,是否聘用身障人士,true,人,2020,無揭露
70751779,S,員工組成,是否聘用原住民,true,人,2020,無揭露
16741846,S,員工組成,正式員工,true,人,2020,1637
16741846,S,員工組成,性別比,true,人,2020,0.6683621566632757
16741846,S,員工組成,新進率,true,人,2020,0.21036585365853658
16741846,S,員工組成,離職率,true,人,2020,0.07378048780487804
16741846,S,員工組成,是否聘用移工,true,人,2020,NA
16741846,S,員工組成,是否聘用身障人士,true,人,2020,無揭露
16741846,S,員工組成,是否聘用原住民,true,人,2020,無揭露
70784292,S,員工組成,正式員工,true,人,2020,無揭露
70784292,S,員工組成,性別比,true,人,2020,2.130434782608696
70784292,S,員工組成,新進率,true,人,2020,0.125
70784292,S,員工組成,離職率,true,人,2020,0.04513888888888889
70784292,S,員工組成,是否聘用移工,true,人,2020,NA
70784292,S,員工組成,是否聘用身障人士,true,人,2020,無揭露
70784292,S,員工組成,是否聘用原住民,true,人,2020,無揭露
89672698,S,員工組成,正式員工,true,人,2020,無揭露
89672698,S,員工組成,是否聘用移工,true,人,2020,NA
89672698,S,員工組成,是否聘用身障人士,true,人,2020,無揭露
89672698,S,員工組成,是否聘用原住民,true,人,2020,無揭露
16406379,S,員工組成,正式員工,true,人,2020,無揭露
16406379,S,員工組成,是否聘用移工,true,人,2020,NA
16406379,S,員工組成,是否聘用身障人士,true,人,2020,無揭露
16406379,S,員工組成,是否聘用原住民,true,人,2020,無揭露
28422591,S,員工組成,正式員工,true,人,2020,NA
28422591,S,員工組成,是否聘用移工,true,人,2020,NA
28422591,S,員工組成,是否聘用身障人士,true,人,2020,無揭露
28422591,S,員工組成,是否聘用原住民,true,人,2020,NA
27490748,S,員工組成,正式員工,true,人,2020,89
27490748,S,員工組成,性別比,true,人,2020,3.45
27490748,S,員工組成,是否聘用移工,true,人,2020,NA
27490748,S,員工組成,是否聘用身障人士,true,人,2020,無揭露
27490748,S,員工組成,是否聘用原住民,true,人,2020,無揭露
28935446,S,員工組成,正式員工,true,人,2020,82
28935446,S,員工組成,性別比,true,人,2020,1.8275862068965518
28935446,S,員工組成,新進率,true,人,2020,0.18292682926829268
28935446,S,員工組成,是否聘用移工,true,人,2020,NA
28935446,S,員工組成,是否聘用身障人士,true,人,2020,無揭露
28935446,S,員工組成,是否聘用原住民,true,人,2020,無揭露
84149358,S,員工組成,正式員工,true,人,2020,5126
84149358,S,員工組成,性別比,true,人,2020,1.032391713747646
84149358,S,員工組成,新進率,true,人,2020,0.10338126700349787
84149358,S,員工組成,離職率,true,人,2020,0.05188495919160513
84149358,S,員工組成,是否聘用移工,true,人,2020,280
84149358,S,員工組成,是否聘用身障人士,true,人,2020,無揭露
84149358,S,員工組成,是否聘用原住民,true,人,2020,無揭露
47238650,S,員工組成,正式員工,true,人,2020,667
47238650,S,員工組成,性別比,true,人,2020,2.4739583333333335
47238650,S,員工組成,新進率,true,人,2020,0.03298350824587706
47238650,S,員工組成,離職率,true,人,2020,0.3343328335832084
47238650,S,員工組成,是否聘用移工,true,人,2020,NA
47238650,S,員工組成,是否聘用身障人士,true,人,2020,無揭露
47238650,S,員工組成,是否聘用原住民,true,人,2020,無揭露
16130009,S,員工組成,正式員工,true,人,2020,4464
16130009,S,員工組成,性別比,true,人,2020,1.5036455412226584
16130009,S,員工組成,新進率,true,人,2020,0.2035218421943786
16130009,S,員工組成,離職率,true,人,2020,0.10125296308838469
16130009,S,員工組成,是否聘用移工,true,人,2020,1473
16130009,S,員工組成,是否聘用身障人士,true,人,2020,無揭露
16130009,S,員工組成,是否聘用原住民,true,人,2020,無揭露
16138282,S,員工組成,正式員工,true,人,2020,1114
16138282,S,員工組成,性別比,true,人,2020,2.375757575757576
16138282,S,員工組成,新進率,true,人,2020,0.34470377019748655
16138282,S,員工組成,離職率,true,人,2020,0.3007181328545781
16138282,S,員工組成,是否聘用移工,true,人,2020,275
16138282,S,員工組成,是否聘用身障人士,true,人,2020,無揭露
16138282,S,員工組成,是否聘用原住民,true,人,2020,無揭露
28113286,S,員工組成,正式員工,true,人,2020,6926
28113286,S,員工組成,性別比,true,人,2020,3.32875
28113286,S,員工組成,新進率,true,人,2020,0.02512272596015016
28113286,S,員工組成,離職率,true,人,2020,0.02512272596015016
28113286,S,員工組成,是否聘用移工,true,人,2020,無揭露
28113286,S,員工組成,是否聘用身障人士,true,人,2020,無揭露
28113286,S,員工組成,是否聘用原住民,true,人,2020,無揭露
27879121,S,員工組成,正式員工,true,人,2020,1080
27879121,S,員工組成,性別比,true,人,2020,1.975206611570248
27879121,S,員工組成,新進率,true,人,2020,0.17222222222222222
27879121,S,員工組成,離職率,true,人,2020,0.10833333333333334
27879121,S,員工組成,是否聘用移工,true,人,2020,180
27879121,S,員工組成,是否聘用身障人士,true,人,2020,無揭露
27879121,S,員工組成,是否聘用原住民,true,人,2020,無揭露
70849957,S,員工組成,正式員工,true,人,2020,624
70849957,S,員工組成,性別比,true,人,2020,1.5573770491803278
70849957,S,員工組成,是否聘用移工,true,人,2020,83
70849957,S,員工組成,是否聘用身障人士,true,人,2020,無揭露
70849957,S,員工組成,是否聘用原住民,true,人,2020,無揭露
12649951,S,員工組成,正式員工,true,人,2020,1789
12649951,S,員工組成,性別比,true,人,2020,2.855603448275862
12649951,S,員工組成,新進率,true,人,2020,0.1876438986953185
12649951,S,員工組成,離職率,true,人,2020,0.057943207981580966
12649951,S,員工組成,是否聘用移工,true,人,2020,116
12649951,S,員工組成,是否聘用身障人士,true,人,2020,無揭露
12649951,S,員工組成,是否聘用原住民,true,人,2020,1
04982433,S,員工薪資,平均薪資,,仟元,2020,602
04982433,S,員工薪資,薪資中位數,,仟元,2020,523
47217677,S,員工薪資,平均薪資,,仟元,2020,1369
47217677,S,員工薪資,薪資中位數,,仟元,2020,1071
89004161,S,員工薪資,平均薪資,,仟元,2020,488
89004161,S,員工薪資,薪資中位數,,仟元,2020,424
22099131,S,員工薪資,平均薪資,,仟元,2020,2377
22099131,S,員工薪資,薪資中位數,,仟元,2020,1819
22099548,S,員工薪資,平均薪資,,仟元,2020,1424
22099548,S,員工薪資,薪資中位數,,仟元,2020,1093
22099408,S,員工薪資,平均薪資,,仟元,2020,980
22099408,S,員工薪資,薪資中位數,,仟元,2020,853
22099110,S,員工薪資,平均薪資,,仟元,2020,758
22099110,S,員工薪資,薪資中位數,,仟元,2020,671
22099218,S,員工薪資,平均薪資,,仟元,2020,1423
22099218,S,員工薪資,薪資中位數,,仟元,2020,1225
58506816,S,員工薪資,平均薪資,,仟元,2020,600
58506816,S,員工薪資,薪資中位數,,仟元,2020,549
22099202,S,員工薪資,平均薪資,,仟元,2020,1227
22099202,S,員工薪資,薪資中位數,,仟元,2020,1105
55625676,S,員工薪資,平均薪資,,仟元,2020,544
55625676,S,員工薪資,薪資中位數,,仟元,2020,483
22671299,S,員工薪資,平均薪資,,仟元,2020,2360
22671299,S,員工薪資,薪資中位數,,仟元,2020,1946
86870786,S,員工薪資,平均薪資,,仟元,2020,1492
86870786,S,員工薪資,薪資中位數,,仟元,2020,1325
23821182,S,員工薪資,平均薪資,,仟元,2020,1404
23821182,S,員工薪資,薪資中位數,,仟元,2020,1231
89390656,S,員工薪資,平均薪資,,仟元,2020,1412
89390656,S,員工薪資,薪資中位數,,仟元,2020,1166
22404266,S,員工薪資,平均薪資,,仟元,2020,685
22404266,S,員工薪資,薪資中位數,,仟元,2020,560
22099499,S,員工薪資,平均薪資,,仟元,2020,1194
22099499,S,員工薪資,薪資中位數,,仟元,2020,1101
05126366,S,員工薪資,平均薪資,,仟元,2020,814
05126366,S,員工薪資,薪資中位數,,仟元,2020,690
22507241,S,員工薪資,平均薪資,,仟元,2020,721
22507241,S,員工薪資,薪資中位數,,仟元,2020,602
23446187,S,員工薪資,平均薪資,,仟元,2020,725
23446187,S,員工薪資,薪資中位數,,仟元,2020,608
84149961,S,員工薪資,平均薪資,,仟元,2020,3089
84149961,S,員工薪資,薪資中位數,,仟元,2020,2641
84149224,S,員工薪資,平均薪資,,仟元,2020,1719
84149224,S,員工薪資,薪資中位數,,仟元,2020,1493
22145016,S,員工薪資,平均薪資,,仟元,2020,688
22145016,S,員工薪資,薪資中位數,,仟元,2020,556
16130280,S,員工薪資,平均薪資,,仟元,2020,2106
16130280,S,員工薪資,薪資中位數,,仟元,2020,1964
84149717,S,員工薪資,平均薪資,,仟元,2020,2146
84149717,S,員工薪資,薪資中位數,,仟元,2020,2026
16130388,S,員工薪資,平均薪資,,仟元,2020,795
16130388,S,員工薪資,薪資中位數,,仟元,2020,719
84149955,S,員工薪資,平均薪資,,仟元,2020,3175
84149955,S,員工薪資,薪資中位數,,仟元,2020,2732
84149060,S,員工薪資,平均薪資,,仟元,2020,1618
84149060,S,員工薪資,薪資中位數,,仟元,2020,1365
84149054,S,員工薪資,平均薪資,,仟元,2020,1710
84149054,S,員工薪資,薪資中位數,,仟元,2020,1476
86143822,S,員工薪資,平均薪資,,仟元,2020,973
86143822,S,員工薪資,薪資中位數,,仟元,2020,858
86298705,S,員工薪資,平均薪資,,仟元,2020,644
86298705,S,員工薪資,薪資中位數,,仟元,2020,485
84149759,S,員工薪資,平均薪資,,仟元,2020,1120
84149759,S,員工薪資,薪資中位數,,仟元,2020,1072
70752257,S,員工薪資,平均薪資,,仟元,2020,1116
70752257,S,員工薪資,薪資中位數,,仟元,2020,924
16945166,S,員工薪資,平均薪資,,仟元,2020,1027
16945166,S,員工薪資,薪資中位數,,仟元,2020,984
70392248,S,員工薪資,平均薪資,,仟元,2020,1128
70392248,S,員工薪資,薪資中位數,,仟元,2020,1081
84149435,S,員工薪資,平均薪資,,仟元,2020,1406
84149435,S,員工薪資,薪資中位數,,仟元,2020,1120
70785139,S,員工薪資,平均薪資,,仟元,2020,623
70785139,S,員工薪資,薪資中位數,,仟元,2020,528
16633261,S,員工薪資,平均薪資,,仟元,2020,2799
16633261,S,員工薪資,薪資中位數,,仟元,2020,2435
16200855,S,員工薪資,平均薪資,,仟元,2020,1412
16200855,S,員工薪資,薪資中位數,,仟元,2020,1193
16130417,S,員工薪資,平均薪資,,仟元,2020,1280
16130417,S,員工薪資,薪資中位數,,仟元,2020,1128
16766959,S,員工薪資,平均薪資,,仟元,2020,1122
16766959,S,員工薪資,薪資中位數,,仟元,2020,967
12861019,S,員工薪資,平均薪資,,仟元,2020,1361
12861019,S,員工薪資,薪資中位數,,仟元,2020,1082
70751779,S,員工薪資,平均薪資,,仟元,2020,935
70751779,S,員工薪資,薪資中位數,,仟元,2020,767
70552666,S,員工薪資,平均薪資,,仟元,2020,773
70552666,S,員工薪資,薪資中位數,,仟元,2020,660
86105539,S,員工薪資,平均薪資,,仟元,2020,508
86105539,S,員工薪資,薪資中位數,,仟元,2020,459
16752651,S,員工薪資,平均薪資,,仟元,2020,1117
16752651,S,員工薪資,薪資中位數,,仟元,2020,910
22101544,S,員工薪資,平均薪資,,仟元,2020,535
22101544,S,員工薪資,薪資中位數,,仟元,2020,469
16741846,S,員工薪資,平均薪資,,仟元,2020,903
16741846,S,員工薪資,薪資中位數,,仟元,2020,669
12858252,S,員工薪資,平均薪資,,仟元,2020,1204
12858252,S,員工薪資,薪資中位數,,仟元,2020,1016
16795912,S,員工薪資,平均薪資,,仟元,2020,1394
16795912,S,員工薪資,薪資中位數,,仟元,2020,1204
16299879,S,員工薪資,平均薪資,,仟元,2020,2036
16299879,S,員工薪資,薪資中位數,,仟元,2020,1705
12624467,S,員工薪資,平均薪資,,仟元,2020,644
12624467,S,員工薪資,薪資中位數,,仟元,2020,582
16948543,S,員工薪資,平均薪資,,仟元,2020,1266
16948543,S,員工薪資,薪資中位數,,仟元,2020,1392
70784292,S,員工薪資,平均薪資,,仟元,2020,2178
70784292,S,員工薪資,薪資中位數,,仟元,2020,1935
27298412,S,員工薪資,平均薪資,,仟元,2020,1329
27298412,S,員工薪資,薪資中位數,,仟元,2020,1189
89406518,S,員工薪資,平均薪資,,仟元,2020,1073
89406518,S,員工薪資,薪資中位數,,仟元,2020,1011
70734477,S,員工薪資,平均薪資,,仟元,2020,516
70734477,S,員工薪資,薪資中位數,,仟元,2020,477
28069900,S,員工薪資,平均薪資,,仟元,2020,2018
28069900,S,員工薪資,薪資中位數,,仟元,2020,1740
80551862,S,員工薪資,平均薪資,,仟元,2020,863
80551862,S,員工薪資,薪資中位數,,仟元,2020,740
80342958,S,員工薪資,平均薪資,,仟元,2020,1244
80342958,S,員工薪資,薪資中位數,,仟元,2020,994
12613567,S,員工薪資,平均薪資,,仟元,2020,608
12613567,S,員工薪資,薪資中位數,,仟元,2020,517
16889100,S,員工薪資,平均薪資,,仟元,2020,830
16889100,S,員工薪資,薪資中位數,,仟元,2020,694
30901647,S,員工薪資,平均薪資,,仟元,2020,821
30901647,S,員工薪資,薪資中位數,,仟元,2020,707
80254357,S,員工薪資,平均薪資,,仟元,2020,1465
80254357,S,員工薪資,薪資中位數,,仟元,2020,1381
89672698,S,員工薪資,平均薪資,,仟元,2020,609
89672698,S,員工薪資,薪資中位數,,仟元,2020,526
16406379,S,員工薪資,平均薪資,,仟元,2020,746
16406379,S,員工薪資,薪資中位數,,仟元,2020,615
28823511,S,員工薪資,平均薪資,,仟元,2020,758
28823511,S,員工薪資,薪資中位數,,仟元,2020,553
54389725,S,員工薪資,平均薪資,,仟元,2020,807
54389725,S,員工薪資,薪資中位數,,仟元,2020,723
29187308,S,員工薪資,平均薪資,,仟元,2020,800
29187308,S,員工薪資,薪資中位數,,仟元,2020,671
28112646,S,員工薪資,平均薪資,,仟元,2020,1273
28112646,S,員工薪資,薪資中位數,,仟元,2020,1098
70576858,S,員工薪資,平均薪資,,仟元,2020,1087
70576858,S,員工薪資,薪資中位數,,仟元,2020,1052
80741441,S,員工薪資,平均薪資,,仟元,2020,1716
80741441,S,員工薪資,薪資中位數,,仟元,2020,1671
84149499,S,員工薪資,平均薪資,,仟元,2020,1657
84149499,S,員工薪資,薪資中位數,,仟元,2020,1365
97418375,S,員工薪資,平均薪資,,仟元,2020,639
97418375,S,員工薪資,薪資中位數,,仟元,2020,560
80661880,S,員工薪資,平均薪資,,仟元,2020,1304
80661880,S,員工薪資,薪資中位數,,仟元,2020,1073
80161908,S,員工薪資,平均薪資,,仟元,2020,702
80161908,S,員工薪資,薪資中位數,,仟元,2020,527
07926511,S,員工薪資,平均薪資,,仟元,2020,528
07926511,S,員工薪資,薪資中位數,,仟元,2020,498
84703335,S,員工薪資,平均薪資,,仟元,2020,627
84703335,S,員工薪資,薪資中位數,,仟元,2020,614
43912787,S,員工薪資,平均薪資,,仟元,2020,645
43912787,S,員工薪資,薪資中位數,,仟元,2020,510
12494555,S,員工薪資,平均薪資,,仟元,2020,579
12494555,S,員工薪資,薪資中位數,,仟元,2020,526
85611896,S,員工薪資,平均薪資,,仟元,2020,705
85611896,S,員工薪資,薪資中位數,,仟元,2020,663
80688184,S,員工薪資,平均薪資,,仟元,2020,2636
80688184,S,員工薪資,薪資中位數,,仟元,2020,2076
27952369,S,員工薪資,平均薪資,,仟元,2020,1093
27952369,S,員工薪資,薪資中位數,,仟元,2020,983
27490748,S,員工薪資,平均薪資,,仟元,2020,2361
27490748,S,員工薪資,薪資中位數,,仟元,2020,1980
12636560,S,員工薪資,平均薪資,,仟元,2020,508
12636560,S,員工薪資,薪資中位數,,仟元,2020,475
28935446,S,員工薪資,平均薪資,,仟元,2020,1476
28935446,S,員工薪資,薪資中位數,,仟元,2020,1301
47255828,S,員工薪資,平均薪資,,仟元,2020,968
47255828,S,員工薪資,薪資中位數,,仟元,2020,981
22099815,S,員工薪資,平均薪資,,仟元,2020,853
22099815,S,員工薪資,薪資中位數,,仟元,2020,836
22099316,S,員工薪資,平均薪資,,仟元,2020,552
22099316,S,員工薪資,薪資中位數,,仟元,2020,486
84149358,S,員工薪資,平均薪資,,仟元,2020,1353
84149358,S,員工薪資,薪資中位數,,仟元,2020,995
22099694,S,員工薪資,平均薪資,,仟元,2020,1056
22099694,S,員工薪資,薪資中位數,,仟元,2020,959
34286449,S,員工薪資,平均薪資,,仟元,2020,677
34286449,S,員工薪資,薪資中位數,,仟元,2020,521
84149245,S,員工薪資,平均薪資,,仟元,2020,851
84149245,S,員工薪資,薪資中位數,,仟元,2020,947
97063584,S,員工薪資,平均薪資,,仟元,2020,1750
97063584,S,員工薪資,薪資中位數,,仟元,2020,1640
47238650,S,員工薪資,平均薪資,,仟元,2020,1128
47238650,S,員工薪資,薪資中位數,,仟元,2020,1163
22321575,S,員工薪資,平均薪資,,仟元,2020,1078
22321575,S,員工薪資,薪資中位數,,仟元,2020,1029
84149569,S,員工薪資,平均薪資,,仟元,2020,396
84149569,S,員工薪資,薪資中位數,,仟元,2020,408
97435451,S,員工薪資,平均薪資,,仟元,2020,1741
97435451,S,員工薪資,薪資中位數,,仟元,2020,1520
22050539,S,員工薪資,平均薪資,,仟元,2020,890
22050539,S,員工薪資,薪資中位數,,仟元,2020,770
16252902,S,員工薪資,平均薪資,,仟元,2020,1362
16252902,S,員工薪資,薪資中位數,,仟元,2020,1178
16130009,S,員工薪資,平均薪資,,仟元,2020,817
16130009,S,員工薪資,薪資中位數,,仟元,2020,717
16138282,S,員工薪資,平均薪資,,仟元,2020,717
16138282,S,員工薪資,薪資中位數,,仟元,2020,650
16759177,S,員工薪資,平均薪資,,仟元,2020,913
16759177,S,員工薪資,薪資中位數,,仟元,2020,779
16130330,S,員工薪資,平均薪資,,仟元,2020,1620
16130330,S,員工薪資,薪資中位數,,仟元,2020,1503
89647050,S,員工薪資,平均薪資,,仟元,2020,1154
89647050,S,員工薪資,薪資中位數,,仟元,2020,995
86491265,S,員工薪資,平均薪資,,仟元,2020,832
86491265,S,員工薪資,薪資中位數,,仟元,2020,834
16177572,S,員工薪資,平均薪資,,仟元,2020,1155
16177572,S,員工薪資,薪資中位數,,仟元,2020,1011
86315535,S,員工薪資,平均薪資,,仟元,2020,1214
86315535,S,員工薪資,薪資中位數,,仟元,2020,1107
16082267,S,員工薪資,平均薪資,,仟元,2020,803
16082267,S,員工薪資,薪資中位數,,仟元,2020,652
16505809,S,員工薪資,平均薪資,,仟元,2020,1212
16505809,S,員工薪資,薪資中位數,,仟元,2020,1191
38432767,S,員工薪資,平均薪資,,仟元,2020,648
38432767,S,員工薪資,薪資中位數,,仟元,2020,482
23218022,S,員工薪資,平均薪資,,仟元,2020,710
23218022,S,員工薪資,薪資中位數,,仟元,2020,568
86244737,S,員工薪資,平均薪資,,仟元,2020,762
86244737,S,員工薪資,薪資中位數,,仟元,2020,612
04226986,S,員工薪資,平均薪資,,仟元,2020,847
04226986,S,員工薪資,薪資中位數,,仟元,2020,620
22099174,S,員工薪資,平均薪資,,仟元,2020,500
22099174,S,員工薪資,薪資中位數,,仟元,2020,410
86541238,S,員工薪資,平均薪資,,仟元,2020,923
86541238,S,員工薪資,薪資中位數,,仟元,2020,918
28081989,S,員工薪資,平均薪資,,仟元,2020,2271
28081989,S,員工薪資,薪資中位數,,仟元,2020,794
28112723,S,員工薪資,平均薪資,,仟元,2020,1525
28112723,S,員工薪資,薪資中位數,,仟元,2020,1409
28751690,S,員工薪資,平均薪資,,仟元,2020,1268
28751690,S,員工薪資,薪資中位數,,仟元,2020,1167
28835517,S,員工薪資,平均薪資,,仟元,2020,1470
28835517,S,員工薪資,薪資中位數,,仟元,2020,1202
28927852,S,員工薪資,平均薪資,,仟元,2020,968
28927852,S,員工薪資,薪資中位數,,仟元,2020,771
28113286,S,員工薪資,平均薪資,,仟元,2020,1104
28113286,S,員工薪資,薪資中位數,,仟元,2020,1068
28509490,S,員工薪資,平均薪資,,仟元,2020,1316
28509490,S,員工薪資,薪資中位數,,仟元,2020,1177
27879121,S,員工薪資,平均薪資,,仟元,2020,1012
27879121,S,員工薪資,薪資中位數,,仟元,2020,917
13145774,S,員工薪資,平均薪資,,仟元,2020,932
13145774,S,員工薪資,薪資中位數,,仟元,2020,802
53503847,S,員工薪資,平均薪資,,仟元,2020,1589
53503847,S,員工薪資,薪資中位數,,仟元,2020,1254
16394917,S,員工薪資,平均薪資,,仟元,2020,630
16394917,S,員工薪資,薪資中位數,,仟元,2020,572
27638046,S,員工薪資,平均薪資,,仟元,2020,1539
27638046,S,員工薪資,薪資中位數,,仟元,2020,1391
70849957,S,員工薪資,平均薪資,,仟元,2020,568
70849957,S,員工薪資,薪資中位數,,仟元,2020,503
76025826,S,員工薪資,平均薪資,,仟元,2020,500
76025826,S,員工薪資,薪資中位數,,仟元,2020,447
28514260,S,員工薪資,平均薪資,,仟元,2020,1701
28514260,S,員工薪資,薪資中位數,,仟元,2020,1506
42627808,S,員工薪資,平均薪資,,仟元,2020,1261
42627808,S,員工薪資,薪資中位數,,仟元,2020,1154
53186146,S,員工薪資,平均薪資,,仟元,2020,899
53186146,S,員工薪資,薪資中位數,,仟元,2020,837
53621915,S,員工薪資,平均薪資,,仟元,2020,1940
53621915,S,員工薪資,薪資中位數,,仟元,2020,1663
13063718,S,員工薪資,平均薪資,,仟元,2020,988
13063718,S,員工薪資,薪資中位數,,仟元,2020,772
27979753,S,員工薪資,平均薪資,,仟元,2020,992
27979753,S,員工薪資,薪資中位數,,仟元,2020,928
28398895,S,員工薪資,平均薪資,,仟元,2020,920
28398895,S,員工薪資,薪資中位數,,仟元,2020,780
27619977,S,員工薪資,平均薪資,,仟元,2020,1690
27619977,S,員工薪資,薪資中位數,,仟元,2020,1457
25079572,S,員工薪資,平均薪資,,仟元,2020,2355
25079572,S,員工薪資,薪資中位數,,仟元,2020,2132
29125676,S,員工薪資,平均薪資,,仟元,2020,1757
29125676,S,員工薪資,薪資中位數,,仟元,2020,1501
70381684,S,員工薪資,平均薪資,,仟元,2020,754
70381684,S,員工薪資,薪資中位數,,仟元,2020,683
86735240,S,員工薪資,平均薪資,,仟元,2020,1954
86735240,S,員工薪資,薪資中位數,,仟元,2020,1831
86806602,S,員工薪資,平均薪資,,仟元,2020,879
86806602,S,員工薪資,薪資中位數,,仟元,2020,821
84149884,S,員工薪資,平均薪資,,仟元,2020,741
84149884,S,員工薪資,薪資中位數,,仟元,2020,714
16069953,S,員工薪資,平均薪資,,仟元,2020,1380
16069953,S,員工薪資,薪資中位數,,仟元,2020,1290
70455720,S,員工薪資,平均薪資,,仟元,2020,1158
70455720,S,員工薪資,薪資中位數,,仟元,2020,1037
84149723,S,員工薪資,平均薪資,,仟元,2020,1953
84149723,S,員工薪資,薪資中位數,,仟元,2020,1817
16130423,S,員工薪資,平均薪資,,仟元,2020,739
16130423,S,員工薪資,薪資中位數,,仟元,2020,668
84750054,S,員工薪資,平均薪資,,仟元,2020,490
84750054,S,員工薪資,薪資中位數,,仟元,2020,355
22101116,S,員工薪資,平均薪資,,仟元,2020,520
22101116,S,員工薪資,薪資中位數,,仟元,2020,455
23826736,S,員工薪資,平均薪資,,仟元,2020,530
23826736,S,員工薪資,薪資中位數,,仟元,2020,516
16130042,S,員工薪資,平均薪資,,仟元,2020,913
16130042,S,員工薪資,薪資中位數,,仟元,2020,845
16550923,S,員工薪資,平均薪資,,仟元,2020,1129
16550923,S,員工薪資,薪資中位數,,仟元,2020,948
97444368,S,員工薪資,平均薪資,,仟元,2020,869
97444368,S,員工薪資,薪資中位數,,仟元,2020,729
84783772,S,員工薪資,平均薪資,,仟元,2020,673
84783772,S,員工薪資,薪資中位數,,仟元,2020,537
12649951,S,員工薪資,平均薪資,,仟元,2020,2869
12649951,S,員工薪資,薪資中位數,,仟元,2020,2332
04982433,S,員工薪資,平均薪資,,仟元,2019,519
04982433,S,員工薪資,薪資中位數,,仟元,2019,382
47217677,S,員工薪資,平均薪資,,仟元,2019,1099
47217677,S,員工薪資,薪資中位數,,仟元,2019,971
89004161,S,員工薪資,平均薪資,,仟元,2019,522
89004161,S,員工薪資,薪資中位數,,仟元,2019,457
22099131,S,員工薪資,平均薪資,,仟元,2019,1981
22099131,S,員工薪資,薪資中位數,,仟元,2019,1596
22099548,S,員工薪資,平均薪資,,仟元,2019,1264
22099548,S,員工薪資,薪資中位數,,仟元,2019,985
22099408,S,員工薪資,平均薪資,,仟元,2019,922
22099408,S,員工薪資,薪資中位數,,仟元,2019,796
22099110,S,員工薪資,平均薪資,,仟元,2019,702
22099110,S,員工薪資,薪資中位數,,仟元,2019,617
22099218,S,員工薪資,平均薪資,,仟元,2019,1351
22099218,S,員工薪資,薪資中位數,,仟元,2019,1193
58506816,S,員工薪資,平均薪資,,仟元,2019,597
58506816,S,員工薪資,薪資中位數,,仟元,2019,517
22099202,S,員工薪資,平均薪資,,仟元,2019,1224
22099202,S,員工薪資,薪資中位數,,仟元,2019,1115
55625676,S,員工薪資,平均薪資,,仟元,2019,515
55625676,S,員工薪資,薪資中位數,,仟元,2019,445
22671299,S,員工薪資,平均薪資,,仟元,2019,2100
22671299,S,員工薪資,薪資中位數,,仟元,2019,1819
86870786,S,員工薪資,平均薪資,,仟元,2019,1452
86870786,S,員工薪資,薪資中位數,,仟元,2019,1297
23821182,S,員工薪資,平均薪資,,仟元,2019,1398
23821182,S,員工薪資,薪資中位數,,仟元,2019,1249
89390656,S,員工薪資,平均薪資,,仟元,2019,1400
89390656,S,員工薪資,薪資中位數,,仟元,2019,1163
22404266,S,員工薪資,平均薪資,,仟元,2019,556
22404266,S,員工薪資,薪資中位數,,仟元,2019,490
22099499,S,員工薪資,平均薪資,,仟元,2019,1182
22099499,S,員工薪資,薪資中位數,,仟元,2019,1111
05126366,S,員工薪資,平均薪資,,仟元,2019,735
05126366,S,員工薪資,薪資中位數,,仟元,2019,614
22507241,S,員工薪資,平均薪資,,仟元,2019,706
22507241,S,員工薪資,薪資中位數,,仟元,2019,593
23446187,S,員工薪資,平均薪資,,仟元,2019,717
23446187,S,員工薪資,薪資中位數,,仟元,2019,581
84149961,S,員工薪資,平均薪資,,仟元,2019,2647
84149961,S,員工薪資,薪資中位數,,仟元,2019,2339
84149224,S,員工薪資,平均薪資,,仟元,2019,1688
84149224,S,員工薪資,薪資中位數,,仟元,2019,1594
22145016,S,員工薪資,平均薪資,,仟元,2019,569
22145016,S,員工薪資,薪資中位數,,仟元,2019,473
16130280,S,員工薪資,平均薪資,,仟元,2019,1684
16130280,S,員工薪資,薪資中位數,,仟元,2019,1568
84149717,S,員工薪資,平均薪資,,仟元,2019,1807
84149717,S,員工薪資,薪資中位數,,仟元,2019,1712
16130388,S,員工薪資,平均薪資,,仟元,2019,753
16130388,S,員工薪資,薪資中位數,,仟元,2019,677
84149955,S,員工薪資,平均薪資,,仟元,2019,2713
84149955,S,員工薪資,薪資中位數,,仟元,2019,2398
84149060,S,員工薪資,平均薪資,,仟元,2019,1618
84149060,S,員工薪資,薪資中位數,,仟元,2019,1396
84149054,S,員工薪資,平均薪資,,仟元,2019,2416
84149054,S,員工薪資,薪資中位數,,仟元,2019,2054
86143822,S,員工薪資,平均薪資,,仟元,2019,853
86143822,S,員工薪資,薪資中位數,,仟元,2019,710
86298705,S,員工薪資,平均薪資,,仟元,2019,556
86298705,S,員工薪資,薪資中位數,,仟元,2019,540
84149759,S,員工薪資,平均薪資,,仟元,2019,1141
84149759,S,員工薪資,薪資中位數,,仟元,2019,1088
70752257,S,員工薪資,平均薪資,,仟元,2019,1073
70752257,S,員工薪資,薪資中位數,,仟元,2019,893
16945166,S,員工薪資,平均薪資,,仟元,2019,1038
16945166,S,員工薪資,薪資中位數,,仟元,2019,961
70392248,S,員工薪資,平均薪資,,仟元,2019,1052
70392248,S,員工薪資,薪資中位數,,仟元,2019,1023
84149435,S,員工薪資,平均薪資,,仟元,2019,1350
84149435,S,員工薪資,薪資中位數,,仟元,2019,1019
70785139,S,員工薪資,平均薪資,,仟元,2019,595
70785139,S,員工薪資,薪資中位數,,仟元,2019,521
16633261,S,員工薪資,平均薪資,,仟元,2019,2319
16633261,S,員工薪資,薪資中位數,,仟元,2019,2092
16200855,S,員工薪資,平均薪資,,仟元,2019,1344
16200855,S,員工薪資,薪資中位數,,仟元,2019,1144
16130417,S,員工薪資,平均薪資,,仟元,2019,1134
16130417,S,員工薪資,薪資中位數,,仟元,2019,855
16766959,S,員工薪資,平均薪資,,仟元,2019,1088
16766959,S,員工薪資,薪資中位數,,仟元,2019,952
12861019,S,員工薪資,平均薪資,,仟元,2019,1140
12861019,S,員工薪資,薪資中位數,,仟元,2019,961
70751779,S,員工薪資,平均薪資,,仟元,2019,811
70751779,S,員工薪資,薪資中位數,,仟元,2019,677
70552666,S,員工薪資,平均薪資,,仟元,2019,823
70552666,S,員工薪資,薪資中位數,,仟元,2019,680
86105539,S,員工薪資,平均薪資,,仟元,2019,592
86105539,S,員工薪資,薪資中位數,,仟元,2019,552
16752651,S,員工薪資,平均薪資,,仟元,2019,1100
16752651,S,員工薪資,薪資中位數,,仟元,2019,845
22101544,S,員工薪資,平均薪資,,仟元,2019,495
22101544,S,員工薪資,薪資中位數,,仟元,2019,434
16741846,S,員工薪資,平均薪資,,仟元,2019,718
16741846,S,員工薪資,薪資中位數,,仟元,2019,612
12858252,S,員工薪資,平均薪資,,仟元,2019,1090
12858252,S,員工薪資,薪資中位數,,仟元,2019,906
16795912,S,員工薪資,平均薪資,,仟元,2019,1193
16795912,S,員工薪資,薪資中位數,,仟元,2019,999
16299879,S,員工薪資,平均薪資,,仟元,2019,2125
16299879,S,員工薪資,薪資中位數,,仟元,2019,1756
12624467,S,員工薪資,平均薪資,,仟元,2019,593
12624467,S,員工薪資,薪資中位數,,仟元,2019,526
16948543,S,員工薪資,平均薪資,,仟元,2019,1521
16948543,S,員工薪資,薪資中位數,,仟元,2019,1375
70784292,S,員工薪資,平均薪資,,仟元,2019,1850
70784292,S,員工薪資,薪資中位數,,仟元,2019,1731
27298412,S,員工薪資,平均薪資,,仟元,2019,1421
27298412,S,員工薪資,薪資中位數,,仟元,2019,1179
89406518,S,員工薪資,平均薪資,,仟元,2019,1080
89406518,S,員工薪資,薪資中位數,,仟元,2019,1022
70734477,S,員工薪資,平均薪資,,仟元,2019,532
70734477,S,員工薪資,薪資中位數,,仟元,2019,457
28069900,S,員工薪資,平均薪資,,仟元,2019,1534
28069900,S,員工薪資,薪資中位數,,仟元,2019,1360
80551862,S,員工薪資,平均薪資,,仟元,2019,874
80551862,S,員工薪資,薪資中位數,,仟元,2019,729
80342958,S,員工薪資,平均薪資,,仟元,2019,1213
80342958,S,員工薪資,薪資中位數,,仟元,2019,967
12613567,S,員工薪資,平均薪資,,仟元,2019,569
12613567,S,員工薪資,薪資中位數,,仟元,2019,477
16889100,S,員工薪資,平均薪資,,仟元,2019,798
16889100,S,員工薪資,薪資中位數,,仟元,2019,706
30901647,S,員工薪資,平均薪資,,仟元,2019,777
30901647,S,員工薪資,薪資中位數,,仟元,2019,666
80254357,S,員工薪資,平均薪資,,仟元,2019,1313
80254357,S,員工薪資,薪資中位數,,仟元,2019,1214
89672698,S,員工薪資,平均薪資,,仟元,2019,593
89672698,S,員工薪資,薪資中位數,,仟元,2019,510
16406379,S,員工薪資,平均薪資,,仟元,2019,700
16406379,S,員工薪資,薪資中位數,,仟元,2019,430
28823511,S,員工薪資,平均薪資,,仟元,2019,902
28823511,S,員工薪資,薪資中位數,,仟元,2019,750
54389725,S,員工薪資,平均薪資,,仟元,2019,770
54389725,S,員工薪資,薪資中位數,,仟元,2019,689
29187308,S,員工薪資,平均薪資,,仟元,2019,760
29187308,S,員工薪資,薪資中位數,,仟元,2019,627
28112646,S,員工薪資,平均薪資,,仟元,2019,1244
28112646,S,員工薪資,薪資中位數,,仟元,2019,1097
80741441,S,員工薪資,平均薪資,,仟元,2019,1635
80741441,S,員工薪資,薪資中位數,,仟元,2019,1566
84149499,S,員工薪資,平均薪資,,仟元,2019,1528
84149499,S,員工薪資,薪資中位數,,仟元,2019,1175
97418375,S,員工薪資,平均薪資,,仟元,2019,562
97418375,S,員工薪資,薪資中位數,,仟元,2019,485
80661880,S,員工薪資,平均薪資,,仟元,2019,1261
80661880,S,員工薪資,薪資中位數,,仟元,2019,1097
80161908,S,員工薪資,平均薪資,,仟元,2019,736
80161908,S,員工薪資,薪資中位數,,仟元,2019,544
07926511,S,員工薪資,平均薪資,,仟元,2019,545
07926511,S,員工薪資,薪資中位數,,仟元,2019,482
84703335,S,員工薪資,平均薪資,,仟元,2019,603
84703335,S,員工薪資,薪資中位數,,仟元,2019,587
43912787,S,員工薪資,平均薪資,,仟元,2019,607
43912787,S,員工薪資,薪資中位數,,仟元,2019,523
12494555,S,員工薪資,平均薪資,,仟元,2019,597
12494555,S,員工薪資,薪資中位數,,仟元,2019,523
85611896,S,員工薪資,平均薪資,,仟元,2019,632
85611896,S,員工薪資,薪資中位數,,仟元,2019,575
80688184,S,員工薪資,平均薪資,,仟元,2019,1780
80688184,S,員工薪資,薪資中位數,,仟元,2019,1433
27952369,S,員工薪資,平均薪資,,仟元,2019,1096
27952369,S,員工薪資,薪資中位數,,仟元,2019,959
27490748,S,員工薪資,平均薪資,,仟元,2019,2338
27490748,S,員工薪資,薪資中位數,,仟元,2019,1262
12636560,S,員工薪資,平均薪資,,仟元,2019,515
12636560,S,員工薪資,薪資中位數,,仟元,2019,482
28935446,S,員工薪資,平均薪資,,仟元,2019,1630
28935446,S,員工薪資,薪資中位數,,仟元,2019,1513
47255828,S,員工薪資,平均薪資,,仟元,2019,947
47255828,S,員工薪資,薪資中位數,,仟元,2019,932
22099815,S,員工薪資,平均薪資,,仟元,2019,730
22099815,S,員工薪資,薪資中位數,,仟元,2019,709
22099316,S,員工薪資,平均薪資,,仟元,2019,508
22099316,S,員工薪資,薪資中位數,,仟元,2019,493
84149358,S,員工薪資,平均薪資,,仟元,2019,1219
84149358,S,員工薪資,薪資中位數,,仟元,2019,917
22099694,S,員工薪資,平均薪資,,仟元,2019,1050
22099694,S,員工薪資,薪資中位數,,仟元,2019,976
34286449,S,員工薪資,平均薪資,,仟元,2019,687
34286449,S,員工薪資,薪資中位數,,仟元,2019,531
84149245,S,員工薪資,平均薪資,,仟元,2019,1132
84149245,S,員工薪資,薪資中位數,,仟元,2019,864
97063584,S,員工薪資,平均薪資,,仟元,2019,1397
97063584,S,員工薪資,薪資中位數,,仟元,2019,1327
47238650,S,員工薪資,平均薪資,,仟元,2019,786
47238650,S,員工薪資,薪資中位數,,仟元,2019,768
22321575,S,員工薪資,平均薪資,,仟元,2019,1053
22321575,S,員工薪資,薪資中位數,,仟元,2019,1004
84149569,S,員工薪資,平均薪資,,仟元,2019,692
84149569,S,員工薪資,薪資中位數,,仟元,2019,668
97435451,S,員工薪資,平均薪資,,仟元,2019,1581
97435451,S,員工薪資,薪資中位數,,仟元,2019,1363
22050539,S,員工薪資,平均薪資,,仟元,2019,889
22050539,S,員工薪資,薪資中位數,,仟元,2019,772
16252902,S,員工薪資,平均薪資,,仟元,2019,1218
16252902,S,員工薪資,薪資中位數,,仟元,2019,1071
16130009,S,員工薪資,平均薪資,,仟元,2019,796
16130009,S,員工薪資,薪資中位數,,仟元,2019,688
16138282,S,員工薪資,平均薪資,,仟元,2019,724
16138282,S,員工薪資,薪資中位數,,仟元,2019,647
16759177,S,員工薪資,平均薪資,,仟元,2019,910
16759177,S,員工薪資,薪資中位數,,仟元,2019,805
16130330,S,員工薪資,平均薪資,,仟元,2019,1220
16130330,S,員工薪資,薪資中位數,,仟元,2019,1119
89647050,S,員工薪資,平均薪資,,仟元,2019,1003
89647050,S,員工薪資,薪資中位數,,仟元,2019,868
86491265,S,員工薪資,平均薪資,,仟元,2019,868
86491265,S,員工薪資,薪資中位數,,仟元,2019,804
16177572,S,員工薪資,平均薪資,,仟元,2019,1108
16177572,S,員工薪資,薪資中位數,,仟元,2019,970
86315535,S,員工薪資,平均薪資,,仟元,2019,1166
86315535,S,員工薪資,薪資中位數,,仟元,2019,1048
16082267,S,員工薪資,平均薪資,,仟元,2019,768
16082267,S,員工薪資,薪資中位數,,仟元,2019,625
16505809,S,員工薪資,平均薪資,,仟元,2019,1135
16505809,S,員工薪資,薪資中位數,,仟元,2019,1142
38432767,S,員工薪資,平均薪資,,仟元,2019,509
38432767,S,員工薪資,薪資中位數,,仟元,2019,433
23218022,S,員工薪資,平均薪資,,仟元,2019,707
23218022,S,員工薪資,薪資中位數,,仟元,2019,563
86244737,S,員工薪資,平均薪資,,仟元,2019,764
86244737,S,員工薪資,薪資中位數,,仟元,2019,651
04226986,S,員工薪資,平均薪資,,仟元,2019,727
04226986,S,員工薪資,薪資中位數,,仟元,2019,554
22099174,S,員工薪資,平均薪資,,仟元,2019,459
22099174,S,員工薪資,薪資中位數,,仟元,2019,393
86541238,S,員工薪資,平均薪資,,仟元,2019,1055
86541238,S,員工薪資,薪資中位數,,仟元,2019,946
28081989,S,員工薪資,平均薪資,,仟元,2019,2323
28081989,S,員工薪資,薪資中位數,,仟元,2019,805
28112723,S,員工薪資,平均薪資,,仟元,2019,1293
28112723,S,員工薪資,薪資中位數,,仟元,2019,1167
28751690,S,員工薪資,平均薪資,,仟元,2019,1109
28751690,S,員工薪資,薪資中位數,,仟元,2019,988
28835517,S,員工薪資,平均薪資,,仟元,2019,1601
28835517,S,員工薪資,薪資中位數,,仟元,2019,1284
28927852,S,員工薪資,平均薪資,,仟元,2019,876
28927852,S,員工薪資,薪資中位數,,仟元,2019,550
28113286,S,員工薪資,平均薪資,,仟元,2019,1489
28113286,S,員工薪資,薪資中位數,,仟元,2019,1460
28509490,S,員工薪資,平均薪資,,仟元,2019,1277
28509490,S,員工薪資,薪資中位數,,仟元,2019,1111
27879121,S,員工薪資,平均薪資,,仟元,2019,967
27879121,S,員工薪資,薪資中位數,,仟元,2019,887
53503847,S,員工薪資,平均薪資,,仟元,2019,1424
53503847,S,員工薪資,薪資中位數,,仟元,2019,1312
16394917,S,員工薪資,平均薪資,,仟元,2019,607
16394917,S,員工薪資,薪資中位數,,仟元,2019,558
27638046,S,員工薪資,平均薪資,,仟元,2019,1517
27638046,S,員工薪資,薪資中位數,,仟元,2019,1306
70849957,S,員工薪資,平均薪資,,仟元,2019,565
70849957,S,員工薪資,薪資中位數,,仟元,2019,484
76025826,S,員工薪資,平均薪資,,仟元,2019,527
76025826,S,員工薪資,薪資中位數,,仟元,2019,464
28514260,S,員工薪資,平均薪資,,仟元,2019,1640
28514260,S,員工薪資,薪資中位數,,仟元,2019,1468
42627808,S,員工薪資,平均薪資,,仟元,2019,1209
42627808,S,員工薪資,薪資中位數,,仟元,2019,1118
53186146,S,員工薪資,平均薪資,,仟元,2019,865
53186146,S,員工薪資,薪資中位數,,仟元,2019,676
53621915,S,員工薪資,平均薪資,,仟元,2019,1783
53621915,S,員工薪資,薪資中位數,,仟元,2019,1709
27979753,S,員工薪資,平均薪資,,仟元,2019,870
27979753,S,員工薪資,薪資中位數,,仟元,2019,811
28398895,S,員工薪資,平均薪資,,仟元,2019,836
28398895,S,員工薪資,薪資中位數,,仟元,2019,722
27619977,S,員工薪資,平均薪資,,仟元,2019,1371
27619977,S,員工薪資,薪資中位數,,仟元,2019,1120
86735240,S,員工薪資,平均薪資,,仟元,2019,1803
86735240,S,員工薪資,薪資中位數,,仟元,2019,1655
86806602,S,員工薪資,平均薪資,,仟元,2019,898
86806602,S,員工薪資,薪資中位數,,仟元,2019,803
84149884,S,員工薪資,平均薪資,,仟元,2019,766
84149884,S,員工薪資,薪資中位數,,仟元,2019,704
16069953,S,員工薪資,平均薪資,,仟元,2019,1607
16069953,S,員工薪資,薪資中位數,,仟元,2019,1475
70455720,S,員工薪資,平均薪資,,仟元,2019,1128
70455720,S,員工薪資,薪資中位數,,仟元,2019,1024
84149723,S,員工薪資,平均薪資,,仟元,2019,1662
84149723,S,員工薪資,薪資中位數,,仟元,2019,1568
16130423,S,員工薪資,平均薪資,,仟元,2019,722
16130423,S,員工薪資,薪資中位數,,仟元,2019,662
84750054,S,員工薪資,平均薪資,,仟元,2019,531
84750054,S,員工薪資,薪資中位數,,仟元,2019,379
22101116,S,員工薪資,平均薪資,,仟元,2019,485
22101116,S,員工薪資,薪資中位數,,仟元,2019,413
23826736,S,員工薪資,平均薪資,,仟元,2019,529
23826736,S,員工薪資,薪資中位數,,仟元,2019,498
16130042,S,員工薪資,平均薪資,,仟元,2019,856
16130042,S,員工薪資,薪資中位數,,仟元,2019,789
16550923,S,員工薪資,平均薪資,,仟元,2019,989
16550923,S,員工薪資,薪資中位數,,仟元,2019,830
97444368,S,員工薪資,平均薪資,,仟元,2019,909
97444368,S,員工薪資,薪資中位數,,仟元,2019,742
84783772,S,員工薪資,平均薪資,,仟元,2019,675
84783772,S,員工薪資,薪資中位數,,仟元,2019,534
12649951,S,員工薪資,平均薪資,,仟元,2019,2332
12649951,S,員工薪資,薪資中位數,,仟元,2019,1905
04982433,S,員工薪資,平均薪資,,仟元,2018,537
47217677,S,員工薪資,平均薪資,,仟元,2018,1208
89004161,S,員工薪資,平均薪資,,仟元,2018,467
22099131,S,員工薪資,平均薪資,,仟元,2018,2009
22099548,S,員工薪資,平均薪資,,仟元,2018,1448
22099408,S,員工薪資,平均薪資,,仟元,2018,772
22099110,S,員工薪資,平均薪資,,仟元,2018,797
22099218,S,員工薪資,平均薪資,,仟元,2018,1754
58506816,S,員工薪資,平均薪資,,仟元,2018,677
22099202,S,員工薪資,平均薪資,,仟元,2018,1202
55625676,S,員工薪資,平均薪資,,仟元,2018,513
22671299,S,員工薪資,平均薪資,,仟元,2018,1993
86870786,S,員工薪資,平均薪資,,仟元,2018,1378
23821182,S,員工薪資,平均薪資,,仟元,2018,1430
89390656,S,員工薪資,平均薪資,,仟元,2018,1793
22404266,S,員工薪資,平均薪資,,仟元,2018,500
22099499,S,員工薪資,平均薪資,,仟元,2018,1062
05126366,S,員工薪資,平均薪資,,仟元,2018,749
22507241,S,員工薪資,平均薪資,,仟元,2018,688
23446187,S,員工薪資,平均薪資,,仟元,2018,730
84149961,S,員工薪資,平均薪資,,仟元,2018,2705
84149224,S,員工薪資,平均薪資,,仟元,2018,1553
22145016,S,員工薪資,平均薪資,,仟元,2018,567
16130280,S,員工薪資,平均薪資,,仟元,2018,1838
84149717,S,員工薪資,平均薪資,,仟元,2018,1739
16130388,S,員工薪資,平均薪資,,仟元,2018,897
84149955,S,員工薪資,平均薪資,,仟元,2018,2542
84149060,S,員工薪資,平均薪資,,仟元,2018,1635
84149054,S,員工薪資,平均薪資,,仟元,2018,1641
86143822,S,員工薪資,平均薪資,,仟元,2018,820
86298705,S,員工薪資,平均薪資,,仟元,2018,613
84149759,S,員工薪資,平均薪資,,仟元,2018,1123
70752257,S,員工薪資,平均薪資,,仟元,2018,985
16945166,S,員工薪資,平均薪資,,仟元,2018,1023
70392248,S,員工薪資,平均薪資,,仟元,2018,1059
84149435,S,員工薪資,平均薪資,,仟元,2018,1257
70785139,S,員工薪資,平均薪資,,仟元,2018,577
16633261,S,員工薪資,平均薪資,,仟元,2018,2398
16200855,S,員工薪資,平均薪資,,仟元,2018,1214
16130417,S,員工薪資,平均薪資,,仟元,2018,1076
16766959,S,員工薪資,平均薪資,,仟元,2018,1084
12861019,S,員工薪資,平均薪資,,仟元,2018,1123
70751779,S,員工薪資,平均薪資,,仟元,2018,882
70552666,S,員工薪資,平均薪資,,仟元,2018,766
86105539,S,員工薪資,平均薪資,,仟元,2018,611
16752651,S,員工薪資,平均薪資,,仟元,2018,1020
22101544,S,員工薪資,平均薪資,,仟元,2018,429
16741846,S,員工薪資,平均薪資,,仟元,2018,686
12858252,S,員工薪資,平均薪資,,仟元,2018,1117
16795912,S,員工薪資,平均薪資,,仟元,2018,1169
16299879,S,員工薪資,平均薪資,,仟元,2018,2201
12624467,S,員工薪資,平均薪資,,仟元,2018,631
16948543,S,員工薪資,平均薪資,,仟元,2018,1625
70784292,S,員工薪資,平均薪資,,仟元,2018,2020
27298412,S,員工薪資,平均薪資,,仟元,2018,1694
89406518,S,員工薪資,平均薪資,,仟元,2018,1110
70734477,S,員工薪資,平均薪資,,仟元,2018,601
28069900,S,員工薪資,平均薪資,,仟元,2018,1622
80551862,S,員工薪資,平均薪資,,仟元,2018,883
80342958,S,員工薪資,平均薪資,,仟元,2018,1155
12613567,S,員工薪資,平均薪資,,仟元,2018,601
16889100,S,員工薪資,平均薪資,,仟元,2018,838
30901647,S,員工薪資,平均薪資,,仟元,2018,790
80254357,S,員工薪資,平均薪資,,仟元,2018,1336
89672698,S,員工薪資,平均薪資,,仟元,2018,578
16406379,S,員工薪資,平均薪資,,仟元,2018,697
28823511,S,員工薪資,平均薪資,,仟元,2018,704
54389725,S,員工薪資,平均薪資,,仟元,2018,849
29187308,S,員工薪資,平均薪資,,仟元,2018,745
28112646,S,員工薪資,平均薪資,,仟元,2018,1227
80741441,S,員工薪資,平均薪資,,仟元,2018,1758
84149499,S,員工薪資,平均薪資,,仟元,2018,1410
97418375,S,員工薪資,平均薪資,,仟元,2018,575
80661880,S,員工薪資,平均薪資,,仟元,2018,1264
80161908,S,員工薪資,平均薪資,,仟元,2018,697
07926511,S,員工薪資,平均薪資,,仟元,2018,629
84703335,S,員工薪資,平均薪資,,仟元,2018,685
43912787,S,員工薪資,平均薪資,,仟元,2018,645
12494555,S,員工薪資,平均薪資,,仟元,2018,650
85611896,S,員工薪資,平均薪資,,仟元,2018,714
80688184,S,員工薪資,平均薪資,,仟元,2018,1839
27952369,S,員工薪資,平均薪資,,仟元,2018,1120
27490748,S,員工薪資,平均薪資,,仟元,2018,2149
12636560,S,員工薪資,平均薪資,,仟元,2018,491
28935446,S,員工薪資,平均薪資,,仟元,2018,1858
47255828,S,員工薪資,平均薪資,,仟元,2018,965
22099815,S,員工薪資,平均薪資,,仟元,2018,862
22099316,S,員工薪資,平均薪資,,仟元,2018,519
84149358,S,員工薪資,平均薪資,,仟元,2018,1212
22099694,S,員工薪資,平均薪資,,仟元,2018,1044
34286449,S,員工薪資,平均薪資,,仟元,2018,681
84149245,S,員工薪資,平均薪資,,仟元,2018,948
97063584,S,員工薪資,平均薪資,,仟元,2018,1378
47238650,S,員工薪資,平均薪資,,仟元,2018,662
22321575,S,員工薪資,平均薪資,,仟元,2018,939
84149569,S,員工薪資,平均薪資,,仟元,2018,684
97435451,S,員工薪資,平均薪資,,仟元,2018,1609
22050539,S,員工薪資,平均薪資,,仟元,2018,857
16252902,S,員工薪資,平均薪資,,仟元,2018,1227
16130009,S,員工薪資,平均薪資,,仟元,2018,728
16138282,S,員工薪資,平均薪資,,仟元,2018,772
16759177,S,員工薪資,平均薪資,,仟元,2018,945
16130330,S,員工薪資,平均薪資,,仟元,2018,1448
89647050,S,員工薪資,平均薪資,,仟元,2018,947
86491265,S,員工薪資,平均薪資,,仟元,2018,838
16177572,S,員工薪資,平均薪資,,仟元,2018,1112
86315535,S,員工薪資,平均薪資,,仟元,2018,1103
16082267,S,員工薪資,平均薪資,,仟元,2018,749
16505809,S,員工薪資,平均薪資,,仟元,2018,1146
38432767,S,員工薪資,平均薪資,,仟元,2018,612
23218022,S,員工薪資,平均薪資,,仟元,2018,646
86244737,S,員工薪資,平均薪資,,仟元,2018,809
04226986,S,員工薪資,平均薪資,,仟元,2018,715
22099174,S,員工薪資,平均薪資,,仟元,2018,514
86541238,S,員工薪資,平均薪資,,仟元,2018,891
28081989,S,員工薪資,平均薪資,,仟元,2018,2409
28112723,S,員工薪資,平均薪資,,仟元,2018,1665
28751690,S,員工薪資,平均薪資,,仟元,2018,1075
28835517,S,員工薪資,平均薪資,,仟元,2018,1486
28927852,S,員工薪資,平均薪資,,仟元,2018,835
28113286,S,員工薪資,平均薪資,,仟元,2018,1409
28509490,S,員工薪資,平均薪資,,仟元,2018,1154
27879121,S,員工薪資,平均薪資,,仟元,2018,996
53503847,S,員工薪資,平均薪資,,仟元,2018,1591
16394917,S,員工薪資,平均薪資,,仟元,2018,601
27638046,S,員工薪資,平均薪資,,仟元,2018,1328
70849957,S,員工薪資,平均薪資,,仟元,2018,543
76025826,S,員工薪資,平均薪資,,仟元,2018,474
28514260,S,員工薪資,平均薪資,,仟元,2018,1665
42627808,S,員工薪資,平均薪資,,仟元,2018,1121
53186146,S,員工薪資,平均薪資,,仟元,2018,1024
86735240,S,員工薪資,平均薪資,,仟元,2018,1799
86806602,S,員工薪資,平均薪資,,仟元,2018,898
84149884,S,員工薪資,平均薪資,,仟元,2018,721
16069953,S,員工薪資,平均薪資,,仟元,2018,1387
70455720,S,員工薪資,平均薪資,,仟元,2018,1155
84149723,S,員工薪資,平均薪資,,仟元,2018,1597
16130423,S,員工薪資,平均薪資,,仟元,2018,615
84750054,S,員工薪資,平均薪資,,仟元,2018,438
22101116,S,員工薪資,平均薪資,,仟元,2018,523
23826736,S,員工薪資,平均薪資,,仟元,2018,535
16130042,S,員工薪資,平均薪資,,仟元,2018,773
16550923,S,員工薪資,平均薪資,,仟元,2018,1002
97444368,S,員工薪資,平均薪資,,仟元,2018,881
84783772,S,員工薪資,平均薪資,,仟元,2018,637
12649951,S,員工薪資,平均薪資,,仟元,2018,1880
47217677,S,職業健康,職災事故,true,,2020,9
47217677,S,職業健康,工安意外,true,,2020,無揭露
89004161,S,職業健康,職災事故,true,,2020,72
89004161,S,職業健康,工安意外,true,,2020,無揭露
22099131,S,職業健康,職災事故,true,,2020,43
22099131,S,職業健康,工安意外,true,,2020,無揭露
22099548,S,職業健康,職災事故,true,,2020,無揭露
22099548,S,職業健康,工安意外,true,,2020,無揭露
22099218,S,職業健康,職災事故,true,,2020,3
22099218,S,職業健康,工安意外,true,,2020,無揭露
58506816,S,職業健康,職災事故,true,,2020,1
58506816,S,職業健康,工安意外,true,,2020,無揭露
22099202,S,職業健康,職災事故,true,,2020,NA
22099202,S,職業健康,工安意外,true,,2020,無揭露
22671299,S,職業健康,職災事故,true,,2020,NA
22671299,S,職業健康,工安意外,true,,2020,無揭露
23821182,S,職業健康,職災事故,true,,2020,0
23821182,S,職業健康,工安意外,true,,2020,無揭露
89390656,S,職業健康,職災事故,true,,2020,1
89390656,S,職業健康,工安意外,true,,2020,無揭露
05126366,S,職業健康,職災事故,true,,2020,8
05126366,S,職業健康,工安意外,true,,2020,無揭露
22507241,S,職業健康,職災事故,true,,2020,18
22507241,S,職業健康,工安意外,true,,2020,無
84149961,S,職業健康,職災事故,true,,2020,NA
84149961,S,職業健康,工安意外,true,,2020,無揭露
84149224,S,職業健康,職災事故,true,,2020,0
84149224,S,職業健康,工安意外,true,,2020,無揭露
16130280,S,職業健康,職災事故,true,,2020,0
16130280,S,職業健康,工安意外,true,,2020,無揭露
84149955,S,職業健康,職災事故,true,,2020,22
84149955,S,職業健康,工安意外,true,,2020,無揭露
84149060,S,職業健康,職災事故,true,,2020,0
84149060,S,職業健康,工安意外,true,,2020,無揭露
84149759,S,職業健康,職災事故,true,,2020,0
84149759,S,職業健康,工安意外,true,,2020,無揭露
70785139,S,職業健康,職災事故,true,,2020,1
70785139,S,職業健康,工安意外,true,,2020,無揭露
12858252,S,職業健康,職災事故,true,,2020,36
12858252,S,職業健康,工安意外,true,,2020,無揭露
16299879,S,職業健康,職災事故,true,,2020,NA
16299879,S,職業健康,工安意外,true,,2020,無揭露
89406518,S,職業健康,職災事故,true,,2020,0
89406518,S,職業健康,工安意外,true,,2020,無揭露
28069900,S,職業健康,職災事故,true,,2020,NA
28069900,S,職業健康,工安意外,true,,2020,無揭露
29187308,S,職業健康,職災事故,true,,2020,110
29187308,S,職業健康,工安意外,true,,2020,矽品中科廠發生一件重大職災，為人員進行設備維修時遭捲夾導致意外身故之事件。主要因為設備安全機制遭隔離，後續針對硬體設備面及管理面同步進行檢視與改善。
28112646,S,職業健康,職災事故,true,,2020,2
28112646,S,職業健康,工安意外,true,,2020,無揭露
84149499,S,職業健康,職災事故,true,,2020,0
84149499,S,職業健康,工安意外,true,,2020,無揭露
12636560,S,職業健康,職災事故,true,,2020,2
12636560,S,職業健康,工安意外,true,,2020,無揭露
97063584,S,職業健康,職災事故,true,,2020,0
97063584,S,職業健康,工安意外,true,,2020,無揭露
16130330,S,職業健康,職災事故,true,,2020,4
16130330,S,職業健康,工安意外,true,,2020,無揭露
16082267,S,職業健康,職災事故,true,,2020,32
16082267,S,職業健康,工安意外,true,,2020,無揭露
22101116,S,職業健康,職災事故,true,,2020,3
22101116,S,職業健康,工安意外,true,,2020,無揭露
16130042,S,職業健康,職災事故,true,,2020,4
16130042,S,職業健康,工安意外,true,,2020,無揭露
97444368,S,職業健康,職災事故,true,,2020,2
97444368,S,職業健康,工安意外,true,,2020,無揭露
70752257,S,職業健康,職災事故,true,,2020,8
70752257,S,職業健康,工安意外,true,,2020,無揭露
16633261,S,職業健康,職災事故,true,,2020,0
16633261,S,職業健康,工安意外,true,,2020,無揭露
70751779,S,職業健康,職災事故,true,,2020,33
70751779,S,職業健康,工安意外,true,,2020,無揭露
16741846,S,職業健康,職災事故,true,,2020,14
16741846,S,職業健康,工安意外,true,,2020,無揭露
70784292,S,職業健康,職災事故,true,,2020,0
70784292,S,職業健康,工安意外,true,,2020,無揭露
89672698,S,職業健康,職災事故,true,,2020,NA
89672698,S,職業健康,工安意外,true,,2020,無揭露
16406379,S,職業健康,職災事故,true,,2020,1
16406379,S,職業健康,工安意外,true,,2020,無揭露
28422591,S,職業健康,職災事故,true,,2020,NA
28422591,S,職業健康,工安意外,true,,2020,無揭露
27490748,S,職業健康,職災事故,true,,2020,2
27490748,S,職業健康,工安意外,true,,2020,無揭露
28935446,S,職業健康,職災事故,true,,2020,0
28935446,S,職業健康,工安意外,true,,2020,無揭露
84149358,S,職業健康,職災事故,true,,2020,5
84149358,S,職業健康,工安意外,true,,2020,無揭露
47238650,S,職業健康,職災事故,true,,2020,8
47238650,S,職業健康,工安意外,true,,2020,無揭露
16130009,S,職業健康,職災事故,true,,2020,1
16130009,S,職業健康,工安意外,true,,2020,無揭露
16138282,S,職業健康,職災事故,true,,2020,3
16138282,S,職業健康,工安意外,true,,2020,無揭露
28113286,S,職業健康,職災事故,true,,2020,2
28113286,S,職業健康,工安意外,true,,2020,無揭露
27879121,S,職業健康,職災事故,true,,2020,14
27879121,S,職業健康,工安意外,true,,2020,無揭露
70849957,S,職業健康,職災事故,true,,2020,7
70849957,S,職業健康,工安意外,true,,2020,無揭露
12649951,S,職業健康,職災事故,true,,2020,9
12649951,S,職業健康,工安意外,true,,2020,無揭露
47217677,G,是否產製CSR報告,是否編撰報告書,true,,,有
89004161,G,是否產製CSR報告,是否編撰報告書,true,,,有
22099131,G,是否產製CSR報告,是否編撰報告書,true,,,有
22099548,G,是否產製CSR報告,是否編撰報告書,true,,,有
22099218,G,是否產製CSR報告,是否編撰報告書,true,,,有
58506816,G,是否產製CSR報告,是否編撰報告書,true,,,有
22099202,G,是否產製CSR報告,是否編撰報告書,true,,,有
22671299,G,是否產製CSR報告,是否編撰報告書,true,,,有
23821182,G,是否產製CSR報告,是否編撰報告書,true,,,有
89390656,G,是否產製CSR報告,是否編撰報告書,true,,,有
05126366,G,是否產製CSR報告,是否編撰報告書,true,,,有
22507241,G,是否產製CSR報告,是否編撰報告書,true,,,有
84149961,G,是否產製CSR報告,是否編撰報告書,true,,,有
84149224,G,是否產製CSR報告,是否編撰報告書,true,,,有
16130280,G,是否產製CSR報告,是否編撰報告書,true,,,有
84149955,G,是否產製CSR報告,是否編撰報告書,true,,,有
84149060,G,是否產製CSR報告,是否編撰報告書,true,,,有
84149759,G,是否產製CSR報告,是否編撰報告書,true,,,有
70785139,G,是否產製CSR報告,是否編撰報告書,true,,,有
12858252,G,是否產製CSR報告,是否編撰報告書,true,,,有
16299879,G,是否產製CSR報告,是否編撰報告書,true,,,有
89406518,G,是否產製CSR報告,是否編撰報告書,true,,,有
28069900,G,是否產製CSR報告,是否編撰報告書,true,,,有
29187308,G,是否產製CSR報告,是否編撰報告書,true,,,有
28112646,G,是否產製CSR報告,是否編撰報告書,true,,,有
84149499,G,是否產製CSR報告,是否編撰報告書,true,,,有
12636560,G,是否產製CSR報告,是否編撰報告書,true,,,有
97063584,G,是否產製CSR報告,是否編撰報告書,true,,,有
16130330,G,是否產製CSR報告,是否編撰報告書,true,,,有
16082267,G,是否產製CSR報告,是否編撰報告書,true,,,有
22101116,G,是否產製CSR報告,是否編撰報告書,true,,,有
16130042,G,是否產製CSR報告,是否編撰報告書,true,,,有
97444368,G,是否產製CSR報告,是否編撰報告書,true,,,有
70752257,G,是否產製CSR報告,是否編撰報告書,true,,,有
16633261,G,是否產製CSR報告,是否編撰報告書,true,,,有
70751779,G,是否產製CSR報告,是否編撰報告書,true,,,有
16741846,G,是否產製CSR報告,是否編撰報告書,true,,,有
70784292,G,是否產製CSR報告,是否編撰報告書,true,,,有
89672698,G,是否產製CSR報告,是否編撰報告書,true,,,有
16406379,G,是否產製CSR報告,是否編撰報告書,true,,,有
28422591,G,是否產製CSR報告,是否編撰報告書,true,,,有
27490748,G,是否產製CSR報告,是否編撰報告書,true,,,有
28935446,G,是否產製CSR報告,是否編撰報告書,true,,,有
84149358,G,是否產製CSR報告,是否編撰報告書,true,,,有
47238650,G,是否產製CSR報告,是否編撰報告書,true,,,有
16130009,G,是否產製CSR報告,是否編撰報告書,true,,,有
16138282,G,是否產製CSR報告,是否編撰報告書,true,,,有
28113286,G,是否產製CSR報告,是否編撰報告書,true,,,有
27879121,G,是否產製CSR報告,是否編撰報告書,true,,,有
70849957,G,是否產製CSR報告,是否編撰報告書,true,,,有
12649951,G,是否產製CSR報告,是否編撰報告書,true,,,有
04982433,G,是否產製CSR報告,是否編撰報告書,true,,,無須編撰
22099408,G,是否產製CSR報告,是否編撰報告書,true,,,無須編撰
22099110,G,是否產製CSR報告,是否編撰報告書,true,,,無須編撰
55625676,G,是否產製CSR報告,是否編撰報告書,true,,,無須編撰
86870786,G,是否產製CSR報告,是否編撰報告書,true,,,無須編撰
22404266,G,是否產製CSR報告,是否編撰報告書,true,,,無須編撰
22099499,G,是否產製CSR報告,是否編撰報告書,true,,,無須編撰
23446187,G,是否產製CSR報告,是否編撰報告書,true,,,無須編撰
22145016,G,是否產製CSR報告,是否編撰報告書,true,,,無須編撰
84149717,G,是否產製CSR報告,是否編撰報告書,true,,,無須編撰
16130388,G,是否產製CSR報告,是否編撰報告書,true,,,無須編撰
84149054,G,是否產製CSR報告,是否編撰報告書,true,,,無須編撰
86143822,G,是否產製CSR報告,是否編撰報告書,true,,,無須編撰
86298705,G,是否產製CSR報告,是否編撰報告書,true,,,無須編撰
16945166,G,是否產製CSR報告,是否編撰報告書,true,,,無須編撰
16561718,G,是否產製CSR報告,是否編撰報告書,true,,,無須編撰
70392248,G,是否產製CSR報告,是否編撰報告書,true,,,無須編撰
16372688,G,是否產製CSR報告,是否編撰報告書,true,,,無須編撰
84149435,G,是否產製CSR報告,是否編撰報告書,true,,,無須編撰
16200855,G,是否產製CSR報告,是否編撰報告書,true,,,無須編撰
16130417,G,是否產製CSR報告,是否編撰報告書,true,,,無須編撰
16766959,G,是否產製CSR報告,是否編撰報告書,true,,,無須編撰
12861019,G,是否產製CSR報告,是否編撰報告書,true,,,無須編撰
70552666,G,是否產製CSR報告,是否編撰報告書,true,,,無須編撰
86105539,G,是否產製CSR報告,是否編撰報告書,true,,,無須編撰
16752651,G,是否產製CSR報告,是否編撰報告書,true,,,無須編撰
22101544,G,是否產製CSR報告,是否編撰報告書,true,,,無須編撰
16795912,G,是否產製CSR報告,是否編撰報告書,true,,,無須編撰
12624467,G,是否產製CSR報告,是否編撰報告書,true,,,無須編撰
16948543,G,是否產製CSR報告,是否編撰報告書,true,,,無須編撰
27298412,G,是否產製CSR報告,是否編撰報告書,true,,,無須編撰
70734477,G,是否產製CSR報告,是否編撰報告書,true,,,無須編撰
80551862,G,是否產製CSR報告,是否編撰報告書,true,,,無須編撰
80342958,G,是否產製CSR報告,是否編撰報告書,true,,,無須編撰
12613567,G,是否產製CSR報告,是否編撰報告書,true,,,無須編撰
16889100,G,是否產製CSR報告,是否編撰報告書,true,,,無須編撰
30901647,G,是否產製CSR報告,是否編撰報告書,true,,,無須編撰
80254357,G,是否產製CSR報告,是否編撰報告書,true,,,無須編撰
80532726,G,是否產製CSR報告,是否編撰報告書,true,,,無須編撰
31659649,G,是否產製CSR報告,是否編撰報告書,true,,,無須編撰
28823511,G,是否產製CSR報告,是否編撰報告書,true,,,無須編撰
54389725,G,是否產製CSR報告,是否編撰報告書,true,,,無須編撰
28733011,G,是否產製CSR報告,是否編撰報告書,true,,,無須編撰
12901841,G,是否產製CSR報告,是否編撰報告書,true,,,無須編撰
70576858,G,是否產製CSR報告,是否編撰報告書,true,,,無須編撰
80333472,G,是否產製CSR報告,是否編撰報告書,true,,,無須編撰
80741441,G,是否產製CSR報告,是否編撰報告書,true,,,無須編撰
97418375,G,是否產製CSR報告,是否編撰報告書,true,,,無須編撰
80661880,G,是否產製CSR報告,是否編撰報告書,true,,,無須編撰
39954594,G,是否產製CSR報告,是否編撰報告書,true,,,無須編撰
80161908,G,是否產製CSR報告,是否編撰報告書,true,,,無須編撰
38612141,G,是否產製CSR報告,是否編撰報告書,true,,,無須編撰
07926511,G,是否產製CSR報告,是否編撰報告書,true,,,無須編撰
84703335,G,是否產製CSR報告,是否編撰報告書,true,,,無須編撰
43912787,G,是否產製CSR報告,是否編撰報告書,true,,,無須編撰
12494555,G,是否產製CSR報告,是否編撰報告書,true,,,無須編撰
85611896,G,是否產製CSR報告,是否編撰報告書,true,,,無須編撰
16130296,G,是否產製CSR報告,是否編撰報告書,true,,,無須編撰
28112364,G,是否產製CSR報告,是否編撰報告書,true,,,無須編撰
25104761,G,是否產製CSR報告,是否編撰報告書,true,,,無須編撰
80688184,G,是否產製CSR報告,是否編撰報告書,true,,,無須編撰
27952369,G,是否產製CSR報告,是否編撰報告書,true,,,無須編撰
16436867,G,是否產製CSR報告,是否編撰報告書,true,,,無須編撰
47255828,G,是否產製CSR報告,是否編撰報告書,true,,,無須編撰
22099815,G,是否產製CSR報告,是否編撰報告書,true,,,無須編撰
22099316,G,是否產製CSR報告,是否編撰報告書,true,,,無須編撰
22099694,G,是否產製CSR報告,是否編撰報告書,true,,,無須編撰
34286449,G,是否產製CSR報告,是否編撰報告書,true,,,無須編撰
84149245,G,是否產製CSR報告,是否編撰報告書,true,,,無須編撰
22321575,G,是否產製CSR報告,是否編撰報告書,true,,,無須編撰
84149569,G,是否產製CSR報告,是否編撰報告書,true,,,無須編撰
97435451,G,是否產製CSR報告,是否編撰報告書,true,,,無須編撰
22050539,G,是否產製CSR報告,是否編撰報告書,true,,,無須編撰
16252902,G,是否產製CSR報告,是否編撰報告書,true,,,無須編撰
16759177,G,是否產製CSR報告,是否編撰報告書,true,,,無須編撰
89647050,G,是否產製CSR報告,是否編撰報告書,true,,,無須編撰
86491265,G,是否產製CSR報告,是否編撰報告書,true,,,無須編撰
16177572,G,是否產製CSR報告,是否編撰報告書,true,,,無須編撰
86315535,G,是否產製CSR報告,是否編撰報告書,true,,,無須編撰
16505809,G,是否產製CSR報告,是否編撰報告書,true,,,無須編撰
38432767,G,是否產製CSR報告,是否編撰報告書,true,,,無須編撰
23218022,G,是否產製CSR報告,是否編撰報告書,true,,,無須編撰
86244737,G,是否產製CSR報告,是否編撰報告書,true,,,無須編撰
04226986,G,是否產製CSR報告,是否編撰報告書,true,,,無須編撰
22099174,G,是否產製CSR報告,是否編撰報告書,true,,,無須編撰
86541238,G,是否產製CSR報告,是否編撰報告書,true,,,無須編撰
28081989,G,是否產製CSR報告,是否編撰報告書,true,,,無須編撰
02906023,G,是否產製CSR報告,是否編撰報告書,true,,,無須編撰
12894399,G,是否產製CSR報告,是否編撰報告書,true,,,無須編撰
28112723,G,是否產製CSR報告,是否編撰報告書,true,,,無須編撰
38649225,G,是否產製CSR報告,是否編撰報告書,true,,,無須編撰
28751690,G,是否產製CSR報告,是否編撰報告書,true,,,無須編撰
28835517,G,是否產製CSR報告,是否編撰報告書,true,,,無須編撰
28927852,G,是否產製CSR報告,是否編撰報告書,true,,,無須編撰
28509490,G,是否產製CSR報告,是否編撰報告書,true,,,無須編撰
13145774,G,是否產製CSR報告,是否編撰報告書,true,,,無須編撰
49791260,G,是否產製CSR報告,是否編撰報告書,true,,,無須編撰
53503847,G,是否產製CSR報告,是否編撰報告書,true,,,無須編撰
16394917,G,是否產製CSR報告,是否編撰報告書,true,,,無須編撰
27638046,G,是否產製CSR報告,是否編撰報告書,true,,,無須編撰
80661122,G,是否產製CSR報告,是否編撰報告書,true,,,無須編撰
76025826,G,是否產製CSR報告,是否編撰報告書,true,,,無須編撰
28514260,G,是否產製CSR報告,是否編撰報告書,true,,,無須編撰
53016234,G,是否產製CSR報告,是否編撰報告書,true,,,無須編撰
42627808,G,是否產製CSR報告,是否編撰報告書,true,,,無須編撰
53186146,G,是否產製CSR報告,是否編撰報告書,true,,,無須編撰
53621915,G,是否產製CSR報告,是否編撰報告書,true,,,無須編撰
13063718,G,是否產製CSR報告,是否編撰報告書,true,,,無須編撰
27979753,G,是否產製CSR報告,是否編撰報告書,true,,,無須編撰
28398895,G,是否產製CSR報告,是否編撰報告書,true,,,無須編撰
53172585,G,是否產製CSR報告,是否編撰報告書,true,,,無須編撰
28870892,G,是否產製CSR報告,是否編撰報告書,true,,,無須編撰
28112890,G,是否產製CSR報告,是否編撰報告書,true,,,無須編撰
79959602,G,是否產製CSR報告,是否編撰報告書,true,,,無須編撰
12748729,G,是否產製CSR報告,是否編撰報告書,true,,,無須編撰
27619977,G,是否產製CSR報告,是否編撰報告書,true,,,無須編撰
27983551,G,是否產製CSR報告,是否編撰報告書,true,,,無須編撰
53502805,G,是否產製CSR報告,是否編撰報告書,true,,,無須編撰
25079572,G,是否產製CSR報告,是否編撰報告書,true,,,無須編撰
29125676,G,是否產製CSR報告,是否編撰報告書,true,,,無須編撰
28112667,G,是否產製CSR報告,是否編撰報告書,true,,,無須編撰
25089282,G,是否產製CSR報告,是否編撰報告書,true,,,無須編撰
12613876,G,是否產製CSR報告,是否編撰報告書,true,,,無須編撰
80601119,G,是否產製CSR報告,是否編撰報告書,true,,,無須編撰
53089904,G,是否產製CSR報告,是否編撰報告書,true,,,無須編撰
23734841,G,是否產製CSR報告,是否編撰報告書,true,,,無須編撰
54795527,G,是否產製CSR報告,是否編撰報告書,true,,,無須編撰
27729833,G,是否產製CSR報告,是否編撰報告書,true,,,無須編撰
28772230,G,是否產製CSR報告,是否編撰報告書,true,,,無須編撰
70381684,G,是否產製CSR報告,是否編撰報告書,true,,,無須編撰
86735240,G,是否產製CSR報告,是否編撰報告書,true,,,無須編撰
86806602,G,是否產製CSR報告,是否編撰報告書,true,,,無須編撰
84149884,G,是否產製CSR報告,是否編撰報告書,true,,,無須編撰
16069953,G,是否產製CSR報告,是否編撰報告書,true,,,無須編撰
70455720,G,是否產製CSR報告,是否編撰報告書,true,,,無須編撰
84149723,G,是否產製CSR報告,是否編撰報告書,true,,,無須編撰
16130423,G,是否產製CSR報告,是否編撰報告書,true,,,無須編撰
84750054,G,是否產製CSR報告,是否編撰報告書,true,,,無須編撰
23826736,G,是否產製CSR報告,是否編撰報告書,true,,,無須編撰
16638110,G,是否產製CSR報告,是否編撰報告書,true,,,無須編撰
86169913,G,是否產製CSR報告,是否編撰報告書,true,,,無須編撰
16550923,G,是否產製CSR報告,是否編撰報告書,true,,,無須編撰
84783772,G,是否產製CSR報告,是否編撰報告書,true,,,無須編撰
04982433,G,營運狀況,營業收入,,仟元,2020,759358
04982433,G,營運狀況,營業成本,,仟元,2020,464314
04982433,G,營運狀況,營業費用,,仟元,2020,153936
04982433,G,營運狀況,淨利,,仟元,2020,105636
47217677,G,營運狀況,營業收入,,仟元,2020,176820914
47217677,G,營運狀況,營業成本,,仟元,2020,137823813
47217677,G,營運狀況,營業費用,,仟元,2020,23243584
47217677,G,營運狀況,淨利,,仟元,2020,27180412
89004161,G,營運狀況,營業收入,,仟元,2020,13851909
89004161,G,營運狀況,營業成本,,仟元,2020,13154556
89004161,G,營運狀況,營業費用,,仟元,2020,884398
89004161,G,營運狀況,淨利,,仟元,2020,-266123
22099131,G,營運狀況,營業收入,,仟元,2020,1339254811
22099131,G,營運狀況,營業成本,,仟元,2020,628108309
22099131,G,營運狀況,營業費用,,仟元,2020,145056549
22099131,G,營運狀況,淨利,,仟元,2020,518158082
22099548,G,營運狀況,營業收入,,仟元,2020,39800947
22099548,G,營運狀況,營業成本,,仟元,2020,26391592
22099548,G,營運狀況,營業費用,,仟元,2020,7542878
22099548,G,營運狀況,淨利,,仟元,2020,5325612
22099408,G,營運狀況,營業收入,,仟元,2020,4666756
22099408,G,營運狀況,營業成本,,仟元,2020,3723670
22099408,G,營運狀況,營業費用,,仟元,2020,598933
22099408,G,營運狀況,淨利,,仟元,2020,486307
22099110,G,營運狀況,營業收入,,仟元,2020,1845652
22099110,G,營運狀況,營業成本,,仟元,2020,1427057
22099110,G,營運狀況,營業費用,,仟元,2020,200327
22099110,G,營運狀況,淨利,,仟元,2020,219533
22099218,G,營運狀況,營業收入,,仟元,2020,60683171
22099218,G,營運狀況,營業成本,,仟元,2020,43643035
22099218,G,營運狀況,營業費用,,仟元,2020,15412845
22099218,G,營運狀況,淨利,,仟元,2020,1519043
58506816,G,營運狀況,營業收入,,仟元,2020,8450611
58506816,G,營運狀況,營業成本,,仟元,2020,7118232
58506816,G,營運狀況,營業費用,,仟元,2020,730792
58506816,G,營運狀況,淨利,,仟元,2020,401381
22099202,G,營運狀況,營業收入,,仟元,2020,160171
22099202,G,營運狀況,營業成本,,仟元,2020,115036
22099202,G,營運狀況,營業費用,,仟元,2020,492509
22099202,G,營運狀況,淨利,,仟元,2020,-300090
55625676,G,營運狀況,營業收入,,仟元,2020,5457586
55625676,G,營運狀況,營業成本,,仟元,2020,5158502
55625676,G,營運狀況,營業費用,,仟元,2020,462614
55625676,G,營運狀況,淨利,,仟元,2020,-163140
22671299,G,營運狀況,營業收入,,仟元,2020,77759470
22671299,G,營運狀況,營業成本,,仟元,2020,44510731
22671299,G,營運狀況,營業費用,,仟元,2020,24609176
22671299,G,營運狀況,淨利,,仟元,2020,8793526
86870786,G,營運狀況,營業收入,,仟元,2020,6502715
86870786,G,營運狀況,營業成本,,仟元,2020,4447181
86870786,G,營運狀況,營業費用,,仟元,2020,2834454
86870786,G,營運狀況,淨利,,仟元,2020,4844834
23821182,G,營運狀況,營業收入,,仟元,2020,6414140
23821182,G,營運狀況,營業成本,,仟元,2020,3489044
23821182,G,營運狀況,營業費用,,仟元,2020,2408966
23821182,G,營運狀況,淨利,,仟元,2020,618827
89390656,G,營運狀況,營業收入,,仟元,2020,61005514
89390656,G,營運狀況,營業成本,,仟元,2020,45313936
89390656,G,營運狀況,營業費用,,仟元,2020,7257104
89390656,G,營運狀況,淨利,,仟元,2020,7686041
22404266,G,營運狀況,營業收入,,仟元,2020,133723
22404266,G,營運狀況,營業成本,,仟元,2020,122895
22404266,G,營運狀況,營業費用,,仟元,2020,79103
22404266,G,營運狀況,淨利,,仟元,2020,-6266
22099499,G,營運狀況,營業收入,,仟元,2020,2619977
22099499,G,營運狀況,營業成本,,仟元,2020,1953708
22099499,G,營運狀況,營業費用,,仟元,2020,539926
22099499,G,營運狀況,淨利,,仟元,2020,341504
05126366,G,營運狀況,營業收入,,仟元,2020,14701682
05126366,G,營運狀況,營業成本,,仟元,2020,10892042
05126366,G,營運狀況,營業費用,,仟元,2020,563547
05126366,G,營運狀況,淨利,,仟元,2020,2662311
22507241,G,營運狀況,營業收入,,仟元,2020,28959304
22507241,G,營運狀況,營業成本,,仟元,2020,21005316
22507241,G,營運狀況,營業費用,,仟元,2020,3303277
22507241,G,營運狀況,淨利,,仟元,2020,3637140
23446187,G,營運狀況,營業收入,,仟元,2020,11446696
23446187,G,營運狀況,營業成本,,仟元,2020,8976600
23446187,G,營運狀況,營業費用,,仟元,2020,1258160
23446187,G,營運狀況,淨利,,仟元,2020,1197735
84149961,G,營運狀況,營業收入,,仟元,2020,322145988
84149961,G,營運狀況,營業成本,,仟元,2020,180610472
84149961,G,營運狀況,營業費用,,仟元,2020,98316277
84149961,G,營運狀況,淨利,,仟元,2020,41438573
84149224,G,營運狀況,營業收入,,仟元,2020,15099690
84149224,G,營運狀況,營業成本,,仟元,2020,8045231
84149224,G,營運狀況,營業費用,,仟元,2020,2836997
84149224,G,營運狀況,淨利,,仟元,2020,3193038
22145016,G,營運狀況,營業收入,,仟元,2020,10485100
22145016,G,營運狀況,營業成本,,仟元,2020,8038328
22145016,G,營運狀況,營業費用,,仟元,2020,1454689
22145016,G,營運狀況,淨利,,仟元,2020,900541
16130280,G,營運狀況,營業收入,,仟元,2020,15267139
16130280,G,營運狀況,營業成本,,仟元,2020,12618097
16130280,G,營運狀況,營業費用,,仟元,2020,1494257
16130280,G,營運狀況,淨利,,仟元,2020,1084441
84149717,G,營運狀況,營業收入,,仟元,2020,4817829
84149717,G,營運狀況,營業成本,,仟元,2020,2359562
84149717,G,營運狀況,營業費用,,仟元,2020,1344564
84149717,G,營運狀況,淨利,,仟元,2020,935476
16130388,G,營運狀況,營業收入,,仟元,2020,4039180
16130388,G,營運狀況,營業成本,,仟元,2020,3795221
16130388,G,營運狀況,營業費用,,仟元,2020,232471
16130388,G,營運狀況,淨利,,仟元,2020,25693
84149955,G,營運狀況,營業收入,,仟元,2020,79955520
84149955,G,營運狀況,營業成本,,仟元,2020,51997813
84149955,G,營運狀況,營業費用,,仟元,2020,13180109
84149955,G,營運狀況,淨利,,仟元,2020,11817239
84149060,G,營運狀況,營業收入,,仟元,2020,5495307
84149060,G,營運狀況,營業成本,,仟元,2020,2895681
84149060,G,營運狀況,營業費用,,仟元,2020,2450514
84149060,G,營運狀況,淨利,,仟元,2020,255997
84149054,G,營運狀況,營業收入,,仟元,2020,2071615
84149054,G,營運狀況,營業成本,,仟元,2020,1413905
84149054,G,營運狀況,營業費用,,仟元,2020,1013062
84149054,G,營運狀況,淨利,,仟元,2020,-240957
86143822,G,營運狀況,營業收入,,仟元,2020,276879
86143822,G,營運狀況,營業成本,,仟元,2020,301991
86143822,G,營運狀況,營業費用,,仟元,2020,78096
86143822,G,營運狀況,淨利,,仟元,2020,-13613
84149759,G,營運狀況,營業收入,,仟元,2020,233542
84149759,G,營運狀況,營業成本,,仟元,2020,76765
84149759,G,營運狀況,營業費用,,仟元,2020,136544
84149759,G,營運狀況,淨利,,仟元,2020,33436
16372688,G,營運狀況,營業收入,,仟元,2020,317396
16372688,G,營運狀況,營業成本,,仟元,2020,182545
16372688,G,營運狀況,營業費用,,仟元,2020,98249
16372688,G,營運狀況,淨利,,仟元,2020,40220
70785139,G,營運狀況,營業收入,,仟元,2020,27098474
70785139,G,營運狀況,營業成本,,仟元,2020,21279420
70785139,G,營運狀況,營業費用,,仟元,2020,4478475
70785139,G,營運狀況,淨利,,仟元,2020,929443
16130417,G,營運狀況,營業收入,,仟元,2020,1071450
16130417,G,營運狀況,營業成本,,仟元,2020,564609
16130417,G,營運狀況,營業費用,,仟元,2020,233172
16130417,G,營運狀況,淨利,,仟元,2020,239751
12858252,G,營運狀況,營業收入,,仟元,2020,9942056
12858252,G,營運狀況,營業成本,,仟元,2020,7393954
12858252,G,營運狀況,營業費用,,仟元,2020,912867
12858252,G,營運狀況,淨利,,仟元,2020,1242002
16299879,G,營運狀況,營業收入,,仟元,2020,13569441
16299879,G,營運狀況,營業成本,,仟元,2020,9498564
16299879,G,營運狀況,營業費用,,仟元,2020,3106944
16299879,G,營運狀況,淨利,,仟元,2020,850007
12624467,G,營運狀況,營業收入,,仟元,2020,6208576
12624467,G,營運狀況,營業成本,,仟元,2020,4782103
12624467,G,營運狀況,營業費用,,仟元,2020,538281
12624467,G,營運狀況,淨利,,仟元,2020,571224
27298412,G,營運狀況,營業收入,,仟元,2020,3328695
27298412,G,營運狀況,營業成本,,仟元,2020,2656485
27298412,G,營運狀況,營業費用,,仟元,2020,350633
27298412,G,營運狀況,淨利,,仟元,2020,281438
89406518,G,營運狀況,營業收入,,仟元,2020,11934697
89406518,G,營運狀況,營業成本,,仟元,2020,9520690
89406518,G,營運狀況,營業費用,,仟元,2020,576363
89406518,G,營運狀況,淨利,,仟元,2020,1307911
70734477,G,營運狀況,營業收入,,仟元,2020,532536
70734477,G,營運狀況,營業成本,,仟元,2020,490316
70734477,G,營運狀況,營業費用,,仟元,2020,151428
70734477,G,營運狀況,淨利,,仟元,2020,-128547
28069900,G,營運狀況,營業收入,,仟元,2020,13800348
28069900,G,營運狀況,營業成本,,仟元,2020,10371572
28069900,G,營運狀況,營業費用,,仟元,2020,2398039
28069900,G,營運狀況,淨利,,仟元,2020,983458
30901647,G,營運狀況,營業收入,,仟元,2020,3580003
30901647,G,營運狀況,營業成本,,仟元,2020,2124090
30901647,G,營運狀況,營業費用,,仟元,2020,990974
30901647,G,營運狀況,淨利,,仟元,2020,305463
80254357,G,營運狀況,營業收入,,仟元,2020,1446599
80254357,G,營運狀況,營業成本,,仟元,2020,980496
80254357,G,營運狀況,營業費用,,仟元,2020,387855
80254357,G,營運狀況,淨利,,仟元,2020,60508
80532726,G,營運狀況,營業收入,,仟元,2020,14425152
80532726,G,營運狀況,營業成本,,仟元,2020,10678556
80532726,G,營運狀況,營業費用,,仟元,2020,2643783
80532726,G,營運狀況,淨利,,仟元,2020,856617
31659649,G,營運狀況,營業收入,,仟元,2020,7078919
31659649,G,營運狀況,營業成本,,仟元,2020,4771652
31659649,G,營運狀況,營業費用,,仟元,2020,1320124
31659649,G,營運狀況,淨利,,仟元,2020,834917
28823511,G,營運狀況,營業收入,,仟元,2020,104515
28823511,G,營運狀況,營業成本,,仟元,2020,108389
28823511,G,營運狀況,營業費用,,仟元,2020,41280
28823511,G,營運狀況,淨利,,仟元,2020,-150964
29187308,G,營運狀況,營業收入,,仟元,2020,476978710
29187308,G,營運狀況,營業成本,,仟元,2020,398994442
29187308,G,營運狀況,營業費用,,仟元,2020,43108186
29187308,G,營運狀況,淨利,,仟元,2020,29276780
28112646,G,營運狀況,營業收入,,仟元,2020,20668056
28112646,G,營運狀況,營業成本,,仟元,2020,12961144
28112646,G,營運狀況,營業費用,,仟元,2020,7384630
28112646,G,營運狀況,淨利,,仟元,2020,532785
28733011,G,營運狀況,營業收入,,仟元,2020,679670
28733011,G,營運狀況,營業成本,,仟元,2020,554142
28733011,G,營運狀況,營業費用,,仟元,2020,101146
28733011,G,營運狀況,淨利,,仟元,2020,14661
12901841,G,營運狀況,營業收入,,仟元,2020,677238
12901841,G,營運狀況,營業成本,,仟元,2020,277102
12901841,G,營運狀況,營業費用,,仟元,2020,560289
12901841,G,營運狀況,淨利,,仟元,2020,-51231
80333472,G,營運狀況,營業收入,,仟元,2020,379285
80333472,G,營運狀況,營業成本,,仟元,2020,129442
80333472,G,營運狀況,營業費用,,仟元,2020,174669
80333472,G,營運狀況,淨利,,仟元,2020,48855
80741441,G,營運狀況,營業收入,,仟元,2020,2899677
80741441,G,營運狀況,營業成本,,仟元,2020,1910243
80741441,G,營運狀況,營業費用,,仟元,2020,666062
80741441,G,營運狀況,淨利,,仟元,2020,282037
84149499,G,營運狀況,營業收入,,仟元,2020,10879700
84149499,G,營運狀況,營業成本,,仟元,2020,8498524
84149499,G,營運狀況,營業費用,,仟元,2020,1587928
84149499,G,營運狀況,淨利,,仟元,2020,731828
97418375,G,營運狀況,營業收入,,仟元,2020,7501914
97418375,G,營運狀況,營業成本,,仟元,2020,6866367
97418375,G,營運狀況,營業費用,,仟元,2020,445979
97418375,G,營運狀況,淨利,,仟元,2020,141292
80661880,G,營運狀況,營業收入,,仟元,2020,5350200
80661880,G,營運狀況,營業成本,,仟元,2020,3451573
80661880,G,營運狀況,營業費用,,仟元,2020,890675
80661880,G,營運狀況,淨利,,仟元,2020,866216
16130296,G,營運狀況,營業收入,,仟元,2020,706035
16130296,G,營運狀況,營業成本,,仟元,2020,320971
16130296,G,營運狀況,營業費用,,仟元,2020,165301
16130296,G,營運狀況,淨利,,仟元,2020,164118
25104761,G,營運狀況,營業收入,,仟元,2020,1117042
25104761,G,營運狀況,營業成本,,仟元,2020,981947
25104761,G,營運狀況,營業費用,,仟元,2020,113112
25104761,G,營運狀況,淨利,,仟元,2020,10030
80688184,G,營運狀況,營業收入,,仟元,2020,6987470
80688184,G,營運狀況,營業成本,,仟元,2020,3343785
80688184,G,營運狀況,營業費用,,仟元,2020,1155429
80688184,G,營運狀況,淨利,,仟元,2020,2927912
12636560,G,營運狀況,營業收入,,仟元,2020,4347192
12636560,G,營運狀況,營業成本,,仟元,2020,3721172
12636560,G,營運狀況,營業費用,,仟元,2020,400452
12636560,G,營運狀況,淨利,,仟元,2020,129038
16436867,G,營運狀況,營業收入,,仟元,2020,242286
16436867,G,營運狀況,營業成本,,仟元,2020,143785
16436867,G,營運狀況,營業費用,,仟元,2020,99396
16436867,G,營運狀況,淨利,,仟元,2020,1768
97063584,G,營運狀況,營業收入,,仟元,2020,5370626
97063584,G,營運狀況,營業成本,,仟元,2020,3088156
97063584,G,營運狀況,營業費用,,仟元,2020,1046307
97063584,G,營運狀況,淨利,,仟元,2020,1025601
16130330,G,營運狀況,營業收入,,仟元,2020,5614539
16130330,G,營運狀況,營業成本,,仟元,2020,2987604
16130330,G,營運狀況,營業費用,,仟元,2020,1470272
16130330,G,營運狀況,淨利,,仟元,2020,1048117
16082267,G,營運狀況,營業收入,,仟元,2020,76180649
16082267,G,營運狀況,營業成本,,仟元,2020,61152021
16082267,G,營運狀況,營業費用,,仟元,2020,4310458
16082267,G,營運狀況,淨利,,仟元,2020,8178977
16505809,G,營運狀況,營業收入,,仟元,2020,636513
16505809,G,營運狀況,營業成本,,仟元,2020,490593
16505809,G,營運狀況,營業費用,,仟元,2020,171492
16505809,G,營運狀況,淨利,,仟元,2020,-61358
23218022,G,營運狀況,營業收入,,仟元,2020,12428549
23218022,G,營運狀況,營業成本,,仟元,2020,8819196
23218022,G,營運狀況,營業費用,,仟元,2020,1270608
23218022,G,營運狀況,淨利,,仟元,2020,1926589
04226986,G,營運狀況,營業收入,,仟元,2020,10178002
04226986,G,營運狀況,營業成本,,仟元,2020,7282206
04226986,G,營運狀況,營業費用,,仟元,2020,890349
04226986,G,營運狀況,淨利,,仟元,2020,1450675
02906023,G,營運狀況,營業收入,,仟元,2020,13876445
02906023,G,營運狀況,營業成本,,仟元,2020,7204323
02906023,G,營運狀況,營業費用,,仟元,2020,3613711
02906023,G,營運狀況,淨利,,仟元,2020,3241795
12894399,G,營運狀況,營業收入,,仟元,2020,128364
12894399,G,營運狀況,營業成本,,仟元,2020,846
12894399,G,營運狀況,營業費用,,仟元,2020,110558
12894399,G,營運狀況,淨利,,仟元,2020,15765
38649225,G,營運狀況,營業收入,,仟元,2020,4849689
38649225,G,營運狀況,營業成本,,仟元,2020,3269332
38649225,G,營運狀況,營業費用,,仟元,2020,618751
38649225,G,營運狀況,淨利,,仟元,2020,719556
13145774,G,營運狀況,營業收入,,仟元,2020,2909821
13145774,G,營運狀況,營業成本,,仟元,2020,1743140
13145774,G,營運狀況,營業費用,,仟元,2020,498843
13145774,G,營運狀況,淨利,,仟元,2020,530965
49791260,G,營運狀況,營業收入,,仟元,2020,3750121
49791260,G,營運狀況,營業成本,,仟元,2020,2546565
49791260,G,營運狀況,營業費用,,仟元,2020,283984
49791260,G,營運狀況,淨利,,仟元,2020,684661
53503847,G,營運狀況,營業收入,,仟元,2020,3549497
53503847,G,營運狀況,營業成本,,仟元,2020,2523826
53503847,G,營運狀況,營業費用,,仟元,2020,505925
53503847,G,營運狀況,淨利,,仟元,2020,820983
27638046,G,營運狀況,營業收入,,仟元,2020,581012
27638046,G,營運狀況,營業成本,,仟元,2020,1183
27638046,G,營運狀況,營業費用,,仟元,2020,542207
27638046,G,營運狀況,淨利,,仟元,2020,35142
80661122,G,營運狀況,營業收入,,仟元,2020,158763
80661122,G,營運狀況,營業成本,,仟元,2020,118221
80661122,G,營運狀況,營業費用,,仟元,2020,70267
80661122,G,營運狀況,淨利,,仟元,2020,-25474
76025826,G,營運狀況,營業收入,,仟元,2020,2646853
76025826,G,營運狀況,營業成本,,仟元,2020,2269081
76025826,G,營運狀況,營業費用,,仟元,2020,195266
76025826,G,營運狀況,淨利,,仟元,2020,148328
53016234,G,營運狀況,營業收入,,仟元,2020,1615250
53016234,G,營運狀況,營業成本,,仟元,2020,1523927
53016234,G,營運狀況,營業費用,,仟元,2020,276372
53016234,G,營運狀況,淨利,,仟元,2020,-237460
28870892,G,營運狀況,營業收入,,仟元,2020,860440
28870892,G,營運狀況,營業成本,,仟元,2020,678157
28870892,G,營運狀況,營業費用,,仟元,2020,143110
28870892,G,營運狀況,淨利,,仟元,2020,29263
28112890,G,營運狀況,營業收入,,仟元,2020,758213
28112890,G,營運狀況,營業成本,,仟元,2020,445101
28112890,G,營運狀況,營業費用,,仟元,2020,397145
28112890,G,營運狀況,淨利,,仟元,2020,-76538
79959602,G,營運狀況,營業收入,,仟元,2020,120089
79959602,G,營運狀況,營業成本,,仟元,2020,59749
79959602,G,營運狀況,營業費用,,仟元,2020,89456
79959602,G,營運狀況,淨利,,仟元,2020,-31059
12748729,G,營運狀況,營業收入,,仟元,2020,234924
12748729,G,營運狀況,營業成本,,仟元,2020,101950
12748729,G,營運狀況,營業費用,,仟元,2020,110243
12748729,G,營運狀況,淨利,,仟元,2020,13578
27983551,G,營運狀況,營業收入,,仟元,2020,4199287
27983551,G,營運狀況,營業成本,,仟元,2020,2742824
27983551,G,營運狀況,營業費用,,仟元,2020,935703
27983551,G,營運狀況,淨利,,仟元,2020,437580
53502805,G,營運狀況,營業收入,,仟元,2020,287795
53502805,G,營運狀況,營業成本,,仟元,2020,207689
53502805,G,營運狀況,營業費用,,仟元,2020,62012
53502805,G,營運狀況,淨利,,仟元,2020,11957
29125676,G,營運狀況,營業收入,,仟元,2020,1969592
29125676,G,營運狀況,營業成本,,仟元,2020,1008750
29125676,G,營運狀況,營業費用,,仟元,2020,575204
29125676,G,營運狀況,淨利,,仟元,2020,318484
28112667,G,營運狀況,營業收入,,仟元,2020,45684615
28112667,G,營運狀況,營業成本,,仟元,2020,34692204
28112667,G,營運狀況,營業費用,,仟元,2020,5460494
28112667,G,營運狀況,淨利,,仟元,2020,3806477
25089282,G,營運狀況,營業收入,,仟元,2020,39945
25089282,G,營運狀況,營業成本,,仟元,2020,0
25089282,G,營運狀況,營業費用,,仟元,2020,51456
25089282,G,營運狀況,淨利,,仟元,2020,-10780
12613876,G,營運狀況,營業收入,,仟元,2020,730182
12613876,G,營運狀況,營業成本,,仟元,2020,353988
12613876,G,營運狀況,營業費用,,仟元,2020,174743
12613876,G,營運狀況,淨利,,仟元,2020,160013
80601119,G,營運狀況,營業收入,,仟元,2020,6946349
80601119,G,營運狀況,營業成本,,仟元,2020,3835451
80601119,G,營運狀況,營業費用,,仟元,2020,587178
80601119,G,營運狀況,淨利,,仟元,2020,2090545
53089904,G,營運狀況,營業收入,,仟元,2020,635552
53089904,G,營運狀況,營業成本,,仟元,2020,355399
53089904,G,營運狀況,營業費用,,仟元,2020,116784
53089904,G,營運狀況,淨利,,仟元,2020,136973
23734841,G,營運狀況,營業收入,,仟元,2020,1213545
23734841,G,營運狀況,營業成本,,仟元,2020,488990
23734841,G,營運狀況,營業費用,,仟元,2020,228287
23734841,G,營運狀況,淨利,,仟元,2020,402453
54795527,G,營運狀況,營業收入,,仟元,2020,647556
54795527,G,營運狀況,營業成本,,仟元,2020,440738
54795527,G,營運狀況,營業費用,,仟元,2020,103516
54795527,G,營運狀況,淨利,,仟元,2020,83456
86735240,G,營運狀況,營業收入,,仟元,2020,13804562
86735240,G,營運狀況,營業成本,,仟元,2020,9018737
86735240,G,營運狀況,營業費用,,仟元,2020,2495301
86735240,G,營運狀況,淨利,,仟元,2020,2164113
84149884,G,營運狀況,營業收入,,仟元,2020,2442176
84149884,G,營運狀況,營業成本,,仟元,2020,1914775
84149884,G,營運狀況,營業費用,,仟元,2020,451509
84149884,G,營運狀況,淨利,,仟元,2020,115558
84149723,G,營運狀況,營業收入,,仟元,2020,7407799
84149723,G,營運狀況,營業成本,,仟元,2020,4609667
84149723,G,營運狀況,營業費用,,仟元,2020,1439407
84149723,G,營運狀況,淨利,,仟元,2020,1097448
22101116,G,營運狀況,營業收入,,仟元,2020,5965534
22101116,G,營運狀況,營業成本,,仟元,2020,5767398
22101116,G,營運狀況,營業費用,,仟元,2020,291690
22101116,G,營運狀況,淨利,,仟元,2020,254887
23826736,G,營運狀況,營業收入,,仟元,2020,9706776
23826736,G,營運狀況,營業成本,,仟元,2020,7817062
23826736,G,營運狀況,營業費用,,仟元,2020,204431
23826736,G,營運狀況,淨利,,仟元,2020,1402677
16130042,G,營運狀況,營業收入,,仟元,2020,23011381
16130042,G,營運狀況,營業成本,,仟元,2020,17979208
16130042,G,營運狀況,營業費用,,仟元,2020,1601249
16130042,G,營運狀況,淨利,,仟元,2020,2367483
16638110,G,營運狀況,營業收入,,仟元,2020,3884091
16638110,G,營運狀況,營業成本,,仟元,2020,3262338
16638110,G,營運狀況,營業費用,,仟元,2020,387727
16638110,G,營運狀況,淨利,,仟元,2020,206658
86169913,G,營運狀況,營業收入,,仟元,2020,376420
86169913,G,營運狀況,營業成本,,仟元,2020,291883
86169913,G,營運狀況,營業費用,,仟元,2020,118269
86169913,G,營運狀況,淨利,,仟元,2020,-26512
16550923,G,營運狀況,營業收入,,仟元,2020,3125776
16550923,G,營運狀況,營業成本,,仟元,2020,2613933
16550923,G,營運狀況,營業費用,,仟元,2020,271902
16550923,G,營運狀況,淨利,,仟元,2020,196348
97444368,G,營運狀況,營業收入,,仟元,2020,7152222
97444368,G,營運狀況,營業成本,,仟元,2020,6026320
97444368,G,營運狀況,營業費用,,仟元,2020,780483
97444368,G,營運狀況,淨利,,仟元,2020,290460
04982433,G,營運狀況,營業收入,,仟元,2019,498284
04982433,G,營運狀況,營業成本,,仟元,2019,346476
04982433,G,營運狀況,營業費用,,仟元,2019,156160
04982433,G,營運狀況,淨利,,仟元,2019,441
47217677,G,營運狀況,營業收入,,仟元,2019,148201641
47217677,G,營運狀況,營業成本,,仟元,2019,126886669
47217677,G,營運狀況,營業費用,,仟元,2019,21807284
47217677,G,營運狀況,淨利,,仟元,2019,6128767
89004161,G,營運狀況,營業收入,,仟元,2019,17515145
89004161,G,營運狀況,營業成本,,仟元,2019,15742203
89004161,G,營運狀況,營業費用,,仟元,2019,996827
89004161,G,營運狀況,淨利,,仟元,2019,587960
22099131,G,營運狀況,營業收入,,仟元,2019,1069985448
22099131,G,營運狀況,營業成本,,仟元,2019,577286947
22099131,G,營運狀況,營業費用,,仟元,2019,119504582
22099131,G,營運狀況,淨利,,仟元,2019,345343809
22099548,G,營運狀況,營業收入,,仟元,2019,34995411
22099548,G,營運狀況,營業成本,,仟元,2019,25379917
22099548,G,營運狀況,營業費用,,仟元,2019,6516617
22099548,G,營運狀況,淨利,,仟元,2019,3012901
22099408,G,營運狀況,營業收入,,仟元,2019,3468682
22099408,G,營運狀況,營業成本,,仟元,2019,2856280
22099408,G,營運狀況,營業費用,,仟元,2019,605073
22099408,G,營運狀況,淨利,,仟元,2019,311940
22099110,G,營運狀況,營業收入,,仟元,2019,1357621
22099110,G,營運狀況,營業成本,,仟元,2019,1250656
22099110,G,營運狀況,營業費用,,仟元,2019,216429
22099110,G,營運狀況,淨利,,仟元,2019,-396923
22099218,G,營運狀況,營業收入,,仟元,2019,48771434
22099218,G,營運狀況,營業成本,,仟元,2019,35857582
22099218,G,營運狀況,營業費用,,仟元,2019,11658643
22099218,G,營運狀況,淨利,,仟元,2019,1477287
58506816,G,營運狀況,營業收入,,仟元,2019,8839367
58506816,G,營運狀況,營業成本,,仟元,2019,7304437
58506816,G,營運狀況,營業費用,,仟元,2019,783846
58506816,G,營運狀況,淨利,,仟元,2019,550465
22099202,G,營運狀況,營業收入,,仟元,2019,222952
22099202,G,營運狀況,營業成本,,仟元,2019,136063
22099202,G,營運狀況,營業費用,,仟元,2019,442465
22099202,G,營運狀況,淨利,,仟元,2019,-224691
55625676,G,營運狀況,營業收入,,仟元,2019,4719390
55625676,G,營運狀況,營業成本,,仟元,2019,4783009
55625676,G,營運狀況,營業費用,,仟元,2019,515949
55625676,G,營運狀況,淨利,,仟元,2019,-552131
22671299,G,營運狀況,營業收入,,仟元,2019,60744006
22671299,G,營運狀況,營業成本,,仟元,2019,34160690
22671299,G,營運狀況,營業費用,,仟元,2019,20252451
22671299,G,營運狀況,淨利,,仟元,2019,6790375
86870786,G,營運狀況,營業收入,,仟元,2019,5527213
86870786,G,營運狀況,營業成本,,仟元,2019,3751507
86870786,G,營運狀況,營業費用,,仟元,2019,2565571
86870786,G,營運狀況,淨利,,仟元,2019,89995
23821182,G,營運狀況,營業收入,,仟元,2019,5486660
23821182,G,營運狀況,營業成本,,仟元,2019,3137755
23821182,G,營運狀況,營業費用,,仟元,2019,2217365
23821182,G,營運狀況,淨利,,仟元,2019,174752
89390656,G,營運狀況,營業收入,,仟元,2019,51727458
89390656,G,營運狀況,營業成本,,仟元,2019,35233371
89390656,G,營運狀況,營業費用,,仟元,2019,6977267
89390656,G,營運狀況,淨利,,仟元,2019,9824599
22404266,G,營運狀況,營業收入,,仟元,2019,165229
22404266,G,營運狀況,營業成本,,仟元,2019,326952
22404266,G,營運狀況,營業費用,,仟元,2019,73135
22404266,G,營運狀況,淨利,,仟元,2019,-239481
22099499,G,營運狀況,營業收入,,仟元,2019,2322116
22099499,G,營運狀況,營業成本,,仟元,2019,1746791
22099499,G,營運狀況,營業費用,,仟元,2019,519148
22099499,G,營運狀況,淨利,,仟元,2019,326122
05126366,G,營運狀況,營業收入,,仟元,2019,12030481
05126366,G,營運狀況,營業成本,,仟元,2019,9231137
05126366,G,營運狀況,營業費用,,仟元,2019,460124
05126366,G,營運狀況,淨利,,仟元,2019,1895899
22507241,G,營運狀況,營業收入,,仟元,2019,25539437
22507241,G,營運狀況,營業成本,,仟元,2019,18523521
22507241,G,營運狀況,營業費用,,仟元,2019,2970902
22507241,G,營運狀況,淨利,,仟元,2019,3041484
23446187,G,營運狀況,營業收入,,仟元,2019,13496186
23446187,G,營運狀況,營業成本,,仟元,2019,10408655
23446187,G,營運狀況,營業費用,,仟元,2019,1306521
23446187,G,營運狀況,淨利,,仟元,2019,1728967
84149961,G,營運狀況,營業收入,,仟元,2019,246221731
84149961,G,營運狀況,營業成本,,仟元,2019,143176223
84149961,G,營運狀況,營業費用,,仟元,2019,80478056
84149961,G,營運狀況,淨利,,仟元,2019,23204310
84149224,G,營運狀況,營業收入,,仟元,2019,9487977
84149224,G,營運狀況,營業成本,,仟元,2019,5074045
84149224,G,營運狀況,營業費用,,仟元,2019,2335262
84149224,G,營運狀況,淨利,,仟元,2019,2464742
22145016,G,營運狀況,營業收入,,仟元,2019,9142650
22145016,G,營運狀況,營業成本,,仟元,2019,7221040
22145016,G,營運狀況,營業費用,,仟元,2019,1293200
22145016,G,營運狀況,淨利,,仟元,2019,503012
16130280,G,營運狀況,營業收入,,仟元,2019,11983479
16130280,G,營運狀況,營業成本,,仟元,2019,10181271
16130280,G,營運狀況,營業費用,,仟元,2019,1227265
16130280,G,營運狀況,淨利,,仟元,2019,505611
84149717,G,營運狀況,營業收入,,仟元,2019,3664910
84149717,G,營運狀況,營業成本,,仟元,2019,1739018
84149717,G,營運狀況,營業費用,,仟元,2019,1260098
84149717,G,營運狀況,淨利,,仟元,2019,538066
16130388,G,營運狀況,營業收入,,仟元,2019,3854729
16130388,G,營運狀況,營業成本,,仟元,2019,3609323
16130388,G,營運狀況,營業費用,,仟元,2019,239007
16130388,G,營運狀況,淨利,,仟元,2019,10478
84149955,G,營運狀況,營業收入,,仟元,2019,64372306
84149955,G,營運狀況,營業成本,,仟元,2019,43757919
84149955,G,營運狀況,營業費用,,仟元,2019,10756966
84149955,G,營運狀況,淨利,,仟元,2019,7927409
84149060,G,營運狀況,營業收入,,仟元,2019,5306351
84149060,G,營運狀況,營業成本,,仟元,2019,2506809
84149060,G,營運狀況,營業費用,,仟元,2019,2401242
84149060,G,營運狀況,淨利,,仟元,2019,336245
84149054,G,營運狀況,營業收入,,仟元,2019,2011515
84149054,G,營運狀況,營業成本,,仟元,2019,1261870
84149054,G,營運狀況,營業費用,,仟元,2019,1197792
84149054,G,營運狀況,淨利,,仟元,2019,-317817
86143822,G,營運狀況,營業收入,,仟元,2019,129782
86143822,G,營運狀況,營業成本,,仟元,2019,127258
86143822,G,營運狀況,營業費用,,仟元,2019,83720
86143822,G,營運狀況,淨利,,仟元,2019,2782
84149759,G,營運狀況,營業收入,,仟元,2019,242531
84149759,G,營運狀況,營業成本,,仟元,2019,81482
84149759,G,營運狀況,營業費用,,仟元,2019,150863
84149759,G,營運狀況,淨利,,仟元,2019,41433
16372688,G,營運狀況,營業收入,,仟元,2019,258659
16372688,G,營運狀況,營業成本,,仟元,2019,144141
16372688,G,營運狀況,營業費用,,仟元,2019,102423
16372688,G,營運狀況,淨利,,仟元,2019,14212
70785139,G,營運狀況,營業收入,,仟元,2019,22327410
70785139,G,營運狀況,營業成本,,仟元,2019,19566671
70785139,G,營運狀況,營業費用,,仟元,2019,4410964
70785139,G,營運狀況,淨利,,仟元,2019,-1947268
16130417,G,營運狀況,營業收入,,仟元,2019,687633
16130417,G,營運狀況,營業成本,,仟元,2019,395286
16130417,G,營運狀況,營業費用,,仟元,2019,227668
16130417,G,營運狀況,淨利,,仟元,2019,93109
12858252,G,營運狀況,營業收入,,仟元,2019,7305825
12858252,G,營運狀況,營業成本,,仟元,2019,5620971
12858252,G,營運狀況,營業費用,,仟元,2019,801053
12858252,G,營運狀況,淨利,,仟元,2019,647266
16299879,G,營運狀況,營業收入,,仟元,2019,10710068
16299879,G,營運狀況,營業成本,,仟元,2019,7180057
16299879,G,營運狀況,營業費用,,仟元,2019,2832782
16299879,G,營運狀況,淨利,,仟元,2019,633467
12624467,G,營運狀況,營業收入,,仟元,2019,5750790
12624467,G,營運狀況,營業成本,,仟元,2019,4466514
12624467,G,營運狀況,營業費用,,仟元,2019,563135
12624467,G,營運狀況,淨利,,仟元,2019,565619
27298412,G,營運狀況,營業收入,,仟元,2019,2294110
27298412,G,營運狀況,營業成本,,仟元,2019,1836579
27298412,G,營運狀況,營業費用,,仟元,2019,301480
27298412,G,營運狀況,淨利,,仟元,2019,156010
89406518,G,營運狀況,營業收入,,仟元,2019,11636040
89406518,G,營運狀況,營業成本,,仟元,2019,8378985
89406518,G,營運狀況,營業費用,,仟元,2019,637692
89406518,G,營運狀況,淨利,,仟元,2019,2125798
70734477,G,營運狀況,營業收入,,仟元,2019,1124798
70734477,G,營運狀況,營業成本,,仟元,2019,1171496
70734477,G,營運狀況,營業費用,,仟元,2019,186895
70734477,G,營運狀況,淨利,,仟元,2019,-395502
28069900,G,營運狀況,營業收入,,仟元,2019,9160261
28069900,G,營運狀況,營業成本,,仟元,2019,7167061
28069900,G,營運狀況,營業費用,,仟元,2019,2333856
28069900,G,營運狀況,淨利,,仟元,2019,-205680
30901647,G,營運狀況,營業收入,,仟元,2019,3949351
30901647,G,營運狀況,營業成本,,仟元,2019,2565226
30901647,G,營運狀況,營業費用,,仟元,2019,996568
30901647,G,營運狀況,淨利,,仟元,2019,322699
80254357,G,營運狀況,營業收入,,仟元,2019,1048390
80254357,G,營運狀況,營業成本,,仟元,2019,684132
80254357,G,營運狀況,營業費用,,仟元,2019,335906
80254357,G,營運狀況,淨利,,仟元,2019,23377
80532726,G,營運狀況,營業收入,,仟元,2019,13931466
80532726,G,營運狀況,營業成本,,仟元,2019,10518132
80532726,G,營運狀況,營業費用,,仟元,2019,2620238
80532726,G,營運狀況,淨利,,仟元,2019,672284
31659649,G,營運狀況,營業收入,,仟元,2019,4331956
31659649,G,營運狀況,營業成本,,仟元,2019,2720914
31659649,G,營運狀況,營業費用,,仟元,2019,1178164
31659649,G,營運狀況,淨利,,仟元,2019,433512
28823511,G,營運狀況,營業收入,,仟元,2019,125500
28823511,G,營運狀況,營業成本,,仟元,2019,225959
28823511,G,營運狀況,營業費用,,仟元,2019,50661
28823511,G,營運狀況,淨利,,仟元,2019,-198689
29187308,G,營運狀況,營業收入,,仟元,2019,413182184
29187308,G,營運狀況,營業成本,,仟元,2019,348871391
29187308,G,營運狀況,營業費用,,仟元,2019,40784389
29187308,G,營運狀況,淨利,,仟元,2019,18053124
28112646,G,營運狀況,營業收入,,仟元,2019,10367269
28112646,G,營運狀況,營業成本,,仟元,2019,6239380
28112646,G,營運狀況,營業費用,,仟元,2019,3543568
28112646,G,營運狀況,淨利,,仟元,2019,558459
28733011,G,營運狀況,營業收入,,仟元,2019,648194
28733011,G,營運狀況,營業成本,,仟元,2019,518846
28733011,G,營運狀況,營業費用,,仟元,2019,113061
28733011,G,營運狀況,淨利,,仟元,2019,13290
12901841,G,營運狀況,營業收入,,仟元,2019,821812
12901841,G,營運狀況,營業成本,,仟元,2019,299453
12901841,G,營運狀況,營業費用,,仟元,2019,574654
12901841,G,營運狀況,淨利,,仟元,2019,19475
80333472,G,營運狀況,營業收入,,仟元,2019,321624
80333472,G,營運狀況,營業成本,,仟元,2019,102548
80333472,G,營運狀況,營業費用,,仟元,2019,167844
80333472,G,營運狀況,淨利,,仟元,2019,42976
80741441,G,營運狀況,營業收入,,仟元,2019,2634421
80741441,G,營運狀況,營業成本,,仟元,2019,1750819
80741441,G,營運狀況,營業費用,,仟元,2019,660627
80741441,G,營運狀況,淨利,,仟元,2019,223584
84149499,G,營運狀況,營業收入,,仟元,2019,9166293
84149499,G,營運狀況,營業成本,,仟元,2019,7340561
84149499,G,營運狀況,營業費用,,仟元,2019,1472391
84149499,G,營運狀況,淨利,,仟元,2019,308456
97418375,G,營運狀況,營業收入,,仟元,2019,6905321
97418375,G,營運狀況,營業成本,,仟元,2019,6534672
97418375,G,營運狀況,營業費用,,仟元,2019,348316
97418375,G,營運狀況,淨利,,仟元,2019,7732
80661880,G,營運狀況,營業收入,,仟元,2019,2749555
80661880,G,營運狀況,營業成本,,仟元,2019,1764877
80661880,G,營運狀況,營業費用,,仟元,2019,741444
80661880,G,營運狀況,淨利,,仟元,2019,190737
16130296,G,營運狀況,營業收入,,仟元,2019,569727
16130296,G,營運狀況,營業成本,,仟元,2019,258746
16130296,G,營運狀況,營業費用,,仟元,2019,128986
16130296,G,營運狀況,淨利,,仟元,2019,140816
25104761,G,營運狀況,營業收入,,仟元,2019,1259701
25104761,G,營運狀況,營業成本,,仟元,2019,1172926
25104761,G,營運狀況,營業費用,,仟元,2019,156389
25104761,G,營運狀況,淨利,,仟元,2019,29107
80688184,G,營運狀況,營業收入,,仟元,2019,3746124
80688184,G,營運狀況,營業成本,,仟元,2019,1881155
80688184,G,營運狀況,營業費用,,仟元,2019,695778
80688184,G,營運狀況,淨利,,仟元,2019,965207
12636560,G,營運狀況,營業收入,,仟元,2019,4458146
12636560,G,營運狀況,營業成本,,仟元,2019,3749499
12636560,G,營運狀況,營業費用,,仟元,2019,443817
12636560,G,營運狀況,淨利,,仟元,2019,218215
16436867,G,營運狀況,營業收入,,仟元,2019,301094
16436867,G,營運狀況,營業成本,,仟元,2019,167755
16436867,G,營運狀況,營業費用,,仟元,2019,121708
16436867,G,營運狀況,淨利,,仟元,2019,14057
97063584,G,營運狀況,營業收入,,仟元,2019,3234503
97063584,G,營運狀況,營業成本,,仟元,2019,1945279
97063584,G,營運狀況,營業費用,,仟元,2019,927017
97063584,G,營運狀況,淨利,,仟元,2019,341522
16130330,G,營運狀況,營業收入,,仟元,2019,4584105
16130330,G,營運狀況,營業成本,,仟元,2019,2348390
16130330,G,營運狀況,營業費用,,仟元,2019,1266731
16130330,G,營運狀況,淨利,,仟元,2019,922313
16082267,G,營運狀況,營業收入,,仟元,2019,66525144
16082267,G,營運狀況,營業成本,,仟元,2019,53848249
16082267,G,營運狀況,營業費用,,仟元,2019,3964655
16082267,G,營運狀況,淨利,,仟元,2019,6879292
16505809,G,營運狀況,營業收入,,仟元,2019,559933
16505809,G,營運狀況,營業成本,,仟元,2019,438581
16505809,G,營運狀況,營業費用,,仟元,2019,182987
16505809,G,營運狀況,淨利,,仟元,2019,-65253
23218022,G,營運狀況,營業收入,,仟元,2019,10046619
23218022,G,營運狀況,營業成本,,仟元,2019,7007157
23218022,G,營運狀況,營業費用,,仟元,2019,967458
23218022,G,營運狀況,淨利,,仟元,2019,1563561
04226986,G,營運狀況,營業收入,,仟元,2019,7430654
04226986,G,營運狀況,營業成本,,仟元,2019,5830910
04226986,G,營運狀況,營業費用,,仟元,2019,687867
04226986,G,營運狀況,淨利,,仟元,2019,741956
02906023,G,營運狀況,營業收入,,仟元,2019,10777781
02906023,G,營運狀況,營業成本,,仟元,2019,5662486
02906023,G,營運狀況,營業費用,,仟元,2019,2799118
02906023,G,營運狀況,淨利,,仟元,2019,2325882
12894399,G,營運狀況,營業收入,,仟元,2019,133462
12894399,G,營運狀況,營業成本,,仟元,2019,1271
12894399,G,營運狀況,營業費用,,仟元,2019,107304
12894399,G,營運狀況,淨利,,仟元,2019,19929
38649225,G,營運狀況,營業收入,,仟元,2019,5744804
38649225,G,營運狀況,營業成本,,仟元,2019,4358305
38649225,G,營運狀況,營業費用,,仟元,2019,763201
38649225,G,營運狀況,淨利,,仟元,2019,629285
13145774,G,營運狀況,營業收入,,仟元,2019,2804335
13145774,G,營運狀況,營業成本,,仟元,2019,1562545
13145774,G,營運狀況,營業費用,,仟元,2019,553416
13145774,G,營運狀況,淨利,,仟元,2019,557038
49791260,G,營運狀況,營業收入,,仟元,2019,3463053
49791260,G,營運狀況,營業成本,,仟元,2019,2378558
49791260,G,營運狀況,營業費用,,仟元,2019,289549
49791260,G,營運狀況,淨利,,仟元,2019,664986
53503847,G,營運狀況,營業收入,,仟元,2019,3462645
53503847,G,營運狀況,營業成本,,仟元,2019,2937901
53503847,G,營運狀況,營業費用,,仟元,2019,604117
53503847,G,營運狀況,淨利,,仟元,2019,-395065
27638046,G,營運狀況,營業收入,,仟元,2019,494851
27638046,G,營運狀況,營業成本,,仟元,2019,820
27638046,G,營運狀況,營業費用,,仟元,2019,475452
27638046,G,營運狀況,淨利,,仟元,2019,16023
80661122,G,營運狀況,營業收入,,仟元,2019,126069
80661122,G,營運狀況,營業成本,,仟元,2019,90298
80661122,G,營運狀況,營業費用,,仟元,2019,70422
80661122,G,營運狀況,淨利,,仟元,2019,-34090
76025826,G,營運狀況,營業收入,,仟元,2019,3017155
76025826,G,營運狀況,營業成本,,仟元,2019,2144212
76025826,G,營運狀況,營業費用,,仟元,2019,228922
76025826,G,營運狀況,淨利,,仟元,2019,524347
53016234,G,營運狀況,營業收入,,仟元,2019,1757464
53016234,G,營運狀況,營業成本,,仟元,2019,1637605
53016234,G,營運狀況,營業費用,,仟元,2019,278447
53016234,G,營運狀況,淨利,,仟元,2019,-131622
28870892,G,營運狀況,營業收入,,仟元,2019,750593
28870892,G,營運狀況,營業成本,,仟元,2019,595585
28870892,G,營運狀況,營業費用,,仟元,2019,141590
28870892,G,營運狀況,淨利,,仟元,2019,13407
28112890,G,營運狀況,營業收入,,仟元,2019,886890
28112890,G,營運狀況,營業成本,,仟元,2019,561890
28112890,G,營運狀況,營業費用,,仟元,2019,400339
28112890,G,營運狀況,淨利,,仟元,2019,-79931
79959602,G,營運狀況,營業收入,,仟元,2019,82449
79959602,G,營運狀況,營業成本,,仟元,2019,50233
79959602,G,營運狀況,營業費用,,仟元,2019,100182
79959602,G,營運狀況,淨利,,仟元,2019,-61662
12748729,G,營運狀況,營業收入,,仟元,2019,223021
12748729,G,營運狀況,營業成本,,仟元,2019,91061
12748729,G,營運狀況,營業費用,,仟元,2019,119588
12748729,G,營運狀況,淨利,,仟元,2019,7544
27983551,G,營運狀況,營業收入,,仟元,2019,2815435
27983551,G,營運狀況,營業成本,,仟元,2019,1901552
27983551,G,營運狀況,營業費用,,仟元,2019,832850
27983551,G,營運狀況,淨利,,仟元,2019,71923
53502805,G,營運狀況,營業收入,,仟元,2019,169016
53502805,G,營運狀況,營業成本,,仟元,2019,113585
53502805,G,營運狀況,營業費用,,仟元,2019,55073
53502805,G,營運狀況,淨利,,仟元,2019,8581
29125676,G,營運狀況,營業收入,,仟元,2019,1585688
29125676,G,營運狀況,營業成本,,仟元,2019,763868
29125676,G,營運狀況,營業費用,,仟元,2019,541633
29125676,G,營運狀況,淨利,,仟元,2019,242819
28112667,G,營運狀況,營業收入,,仟元,2019,35897121
28112667,G,營運狀況,營業成本,,仟元,2019,32896453
28112667,G,營運狀況,營業費用,,仟元,2019,5272132
28112667,G,營運狀況,淨利,,仟元,2019,-2643184
25089282,G,營運狀況,營業收入,,仟元,2019,11152
25089282,G,營運狀況,營業成本,,仟元,2019,473
25089282,G,營運狀況,營業費用,,仟元,2019,40239
25089282,G,營運狀況,淨利,,仟元,2019,-26665
12613876,G,營運狀況,營業收入,,仟元,2019,694813
12613876,G,營運狀況,營業成本,,仟元,2019,339805
12613876,G,營運狀況,營業費用,,仟元,2019,185016
12613876,G,營運狀況,淨利,,仟元,2019,137267
80601119,G,營運狀況,營業收入,,仟元,2019,3395724
80601119,G,營運狀況,營業成本,,仟元,2019,2248382
80601119,G,營運狀況,營業費用,,仟元,2019,479183
80601119,G,營運狀況,淨利,,仟元,2019,613841
53089904,G,營運狀況,營業收入,,仟元,2019,400631
53089904,G,營運狀況,營業成本,,仟元,2019,258211
53089904,G,營運狀況,營業費用,,仟元,2019,104522
53089904,G,營運狀況,淨利,,仟元,2019,40153
23734841,G,營運狀況,營業收入,,仟元,2019,136475
23734841,G,營運狀況,營業成本,,仟元,2019,89876
23734841,G,營運狀況,營業費用,,仟元,2019,76350
23734841,G,營運狀況,淨利,,仟元,2019,-28585
54795527,G,營運狀況,營業收入,,仟元,2019,358457
54795527,G,營運狀況,營業成本,,仟元,2019,231184
54795527,G,營運狀況,營業費用,,仟元,2019,76135
54795527,G,營運狀況,淨利,,仟元,2019,40340
86735240,G,營運狀況,營業收入,,仟元,2019,13802738
86735240,G,營運狀況,營業成本,,仟元,2019,9417393
86735240,G,營運狀況,營業費用,,仟元,2019,2308582
86735240,G,營運狀況,淨利,,仟元,2019,1938157
84149884,G,營運狀況,營業收入,,仟元,2019,2649059
84149884,G,營運狀況,營業成本,,仟元,2019,1759619
84149884,G,營運狀況,營業費用,,仟元,2019,458572
84149884,G,營運狀況,淨利,,仟元,2019,317028
84149723,G,營運狀況,營業收入,,仟元,2019,5672678
84149723,G,營運狀況,營業成本,,仟元,2019,3626856
84149723,G,營運狀況,營業費用,,仟元,2019,1196063
84149723,G,營運狀況,淨利,,仟元,2019,746701
22101116,G,營運狀況,營業收入,,仟元,2019,6727363
22101116,G,營運狀況,營業成本,,仟元,2019,6725672
22101116,G,營運狀況,營業費用,,仟元,2019,374223
22101116,G,營運狀況,淨利,,仟元,2019,165049
23826736,G,營運狀況,營業收入,,仟元,2019,9457849
23826736,G,營運狀況,營業成本,,仟元,2019,7805462
23826736,G,營運狀況,營業費用,,仟元,2019,173886
23826736,G,營運狀況,淨利,,仟元,2019,1262496
16130042,G,營運狀況,營業收入,,仟元,2019,20337881
16130042,G,營運狀況,營業成本,,仟元,2019,16411742
16130042,G,營運狀況,營業費用,,仟元,2019,1561948
16130042,G,營運狀況,淨利,,仟元,2019,2584161
16638110,G,營運狀況,營業收入,,仟元,2019,3346067
16638110,G,營運狀況,營業成本,,仟元,2019,2895998
16638110,G,營運狀況,營業費用,,仟元,2019,379031
16638110,G,營運狀況,淨利,,仟元,2019,101420
86169913,G,營運狀況,營業收入,,仟元,2019,376168
86169913,G,營運狀況,營業成本,,仟元,2019,248639
86169913,G,營運狀況,營業費用,,仟元,2019,106612
86169913,G,營運狀況,淨利,,仟元,2019,29167
16550923,G,營運狀況,營業收入,,仟元,2019,2217249
16550923,G,營運狀況,營業成本,,仟元,2019,1874686
16550923,G,營運狀況,營業費用,,仟元,2019,273564
16550923,G,營運狀況,淨利,,仟元,2019,41929
97444368,G,營運狀況,營業收入,,仟元,2019,7485821
97444368,G,營運狀況,營業成本,,仟元,2019,6085578
97444368,G,營運狀況,營業費用,,仟元,2019,916648
97444368,G,營運狀況,淨利,,仟元,2019,376629
04982433,G,營運狀況,營業收入,,仟元,2018,520371
04982433,G,營運狀況,營業成本,,仟元,2018,343587
04982433,G,營運狀況,營業費用,,仟元,2018,162774
04982433,G,營運狀況,淨利,,仟元,2018,27653
47217677,G,營運狀況,營業收入,,仟元,2018,151252571
47217677,G,營運狀況,營業成本,,仟元,2018,128412544
47217677,G,營運狀況,營業費用,,仟元,2018,22159679
47217677,G,營運狀況,淨利,,仟元,2018,2643052
89004161,G,營運狀況,營業收入,,仟元,2018,15188192
89004161,G,營運狀況,營業成本,,仟元,2018,14656055
89004161,G,營運狀況,營業費用,,仟元,2018,938200
89004161,G,營運狀況,淨利,,仟元,2018,-111548
22099131,G,營運狀況,營業收入,,仟元,2018,1031473557
22099131,G,營運狀況,營業成本,,仟元,2018,533487516
22099131,G,營運狀況,營業費用,,仟元,2018,112149280
22099131,G,營運狀況,淨利,,仟元,2018,351184406
22099548,G,營運狀況,營業收入,,仟元,2018,36953032
22099548,G,營運狀況,營業成本,,仟元,2018,23026713
22099548,G,營運狀況,營業費用,,仟元,2018,7416981
22099548,G,營運狀況,淨利,,仟元,2018,8992849
22099408,G,營運狀況,營業收入,,仟元,2018,2885982
22099408,G,營運狀況,營業成本,,仟元,2018,2256974
22099408,G,營運狀況,營業費用,,仟元,2018,369472
22099408,G,營運狀況,淨利,,仟元,2018,145820
22099110,G,營運狀況,營業收入,,仟元,2018,1852559
22099110,G,營運狀況,營業成本,,仟元,2018,1497483
22099110,G,營運狀況,營業費用,,仟元,2018,228975
22099110,G,營運狀況,淨利,,仟元,2018,183545
22099218,G,營運狀況,營業收入,,仟元,2018,51190323
22099218,G,營運狀況,營業成本,,仟元,2018,32039220
22099218,G,營運狀況,營業費用,,仟元,2018,11224406
22099218,G,營運狀況,淨利,,仟元,2018,7727658
58506816,G,營運狀況,營業收入,,仟元,2018,10416495
58506816,G,營運狀況,營業成本,,仟元,2018,8485037
58506816,G,營運狀況,營業費用,,仟元,2018,832364
58506816,G,營運狀況,淨利,,仟元,2018,888569
22099202,G,營運狀況,營業收入,,仟元,2018,223085
22099202,G,營運狀況,營業成本,,仟元,2018,178744
22099202,G,營運狀況,營業費用,,仟元,2018,433605
22099202,G,營運狀況,淨利,,仟元,2018,-175218
55625676,G,營運狀況,營業收入,,仟元,2018,5242959
55625676,G,營運狀況,營業成本,,仟元,2018,5003563
55625676,G,營運狀況,營業費用,,仟元,2018,514837
55625676,G,營運狀況,淨利,,仟元,2018,-195314
22671299,G,營運狀況,營業收入,,仟元,2018,45805746
22671299,G,營運狀況,營業成本,,仟元,2018,25344876
22671299,G,營運狀況,營業費用,,仟元,2018,16696410
22671299,G,營運狀況,淨利,,仟元,2018,4350781
86870786,G,營運狀況,營業收入,,仟元,2018,4796841
86870786,G,營運狀況,營業成本,,仟元,2018,3480323
86870786,G,營運狀況,營業費用,,仟元,2018,2545569
86870786,G,營運狀況,淨利,,仟元,2018,77841
23821182,G,營運狀況,營業收入,,仟元,2018,6050137
23821182,G,營運狀況,營業成本,,仟元,2018,3648349
23821182,G,營運狀況,營業費用,,仟元,2018,2491254
23821182,G,營運狀況,淨利,,仟元,2018,142323
89390656,G,營運狀況,營業收入,,仟元,2018,84721804
89390656,G,營運狀況,營業成本,,仟元,2018,38105801
89390656,G,營運狀況,營業費用,,仟元,2018,7260533
89390656,G,營運狀況,淨利,,仟元,2018,39360850
22404266,G,營運狀況,營業收入,,仟元,2018,304695
22404266,G,營運狀況,營業成本,,仟元,2018,411274
22404266,G,營運狀況,營業費用,,仟元,2018,66837
22404266,G,營運狀況,淨利,,仟元,2018,-180728
22099499,G,營運狀況,營業收入,,仟元,2018,2564457
22099499,G,營運狀況,營業成本,,仟元,2018,1930122
22099499,G,營運狀況,營業費用,,仟元,2018,457354
22099499,G,營運狀況,淨利,,仟元,2018,176265
05126366,G,營運狀況,營業收入,,仟元,2018,12356434
05126366,G,營運狀況,營業成本,,仟元,2018,9098195
05126366,G,營運狀況,營業費用,,仟元,2018,440326
05126366,G,營運狀況,淨利,,仟元,2018,2375453
22507241,G,營運狀況,營業收入,,仟元,2018,20815369
22507241,G,營運狀況,營業成本,,仟元,2018,15451671
22507241,G,營運狀況,營業費用,,仟元,2018,2644017
22507241,G,營運狀況,淨利,,仟元,2018,1793890
23446187,G,營運狀況,營業收入,,仟元,2018,17615965
23446187,G,營運狀況,營業成本,,仟元,2018,14085715
23446187,G,營運狀況,營業費用,,仟元,2018,1390496
23446187,G,營運狀況,淨利,,仟元,2018,2081995
84149961,G,營運狀況,營業收入,,仟元,2018,238057346
84149961,G,營運狀況,營業成本,,仟元,2018,146333658
84149961,G,營運狀況,營業費用,,仟元,2018,75541212
84149961,G,營運狀況,淨利,,仟元,2018,20782396
84149224,G,營運狀況,營業收入,,仟元,2018,8651332
84149224,G,營運狀況,營業成本,,仟元,2018,4709457
84149224,G,營運狀況,營業費用,,仟元,2018,2213889
84149224,G,營運狀況,淨利,,仟元,2018,1531702
22145016,G,營運狀況,營業收入,,仟元,2018,11365605
22145016,G,營運狀況,營業成本,,仟元,2018,8827862
22145016,G,營運狀況,營業費用,,仟元,2018,1605288
22145016,G,營運狀況,淨利,,仟元,2018,842531
16130280,G,營運狀況,營業收入,,仟元,2018,11555124
16130280,G,營運狀況,營業成本,,仟元,2018,9426197
16130280,G,營運狀況,營業費用,,仟元,2018,1322512
16130280,G,營運狀況,淨利,,仟元,2018,716194
84149717,G,營運狀況,營業收入,,仟元,2018,3363143
84149717,G,營運狀況,營業成本,,仟元,2018,1590475
84149717,G,營運狀況,營業費用,,仟元,2018,1221342
84149717,G,營運狀況,淨利,,仟元,2018,486630
16130388,G,營運狀況,營業收入,,仟元,2018,4524026
16130388,G,營運狀況,營業成本,,仟元,2018,3754038
16130388,G,營運狀況,營業費用,,仟元,2018,270508
16130388,G,營運狀況,淨利,,仟元,2018,430119
84149955,G,營運狀況,營業收入,,仟元,2018,54833856
84149955,G,營運狀況,營業成本,,仟元,2018,37818423
84149955,G,營運狀況,營業費用,,仟元,2018,9400270
84149955,G,營運狀況,淨利,,仟元,2018,6390630
84149060,G,營運狀況,營業收入,,仟元,2018,4904658
84149060,G,營運狀況,營業成本,,仟元,2018,2299781
84149060,G,營運狀況,營業費用,,仟元,2018,2321869
84149060,G,營運狀況,淨利,,仟元,2018,261151
84149054,G,營運狀況,營業收入,,仟元,2018,2412587
84149054,G,營運狀況,營業成本,,仟元,2018,1987374
84149054,G,營運狀況,營業費用,,仟元,2018,1495241
84149054,G,營運狀況,淨利,,仟元,2018,-762252
86143822,G,營運狀況,營業收入,,仟元,2018,185512
86143822,G,營運狀況,營業成本,,仟元,2018,174091
86143822,G,營運狀況,營業費用,,仟元,2018,66080
86143822,G,營運狀況,淨利,,仟元,2018,891
84149759,G,營運狀況,營業收入,,仟元,2018,261095
84149759,G,營運狀況,營業成本,,仟元,2018,87299
84149759,G,營運狀況,營業費用,,仟元,2018,163816
84149759,G,營運狀況,淨利,,仟元,2018,37923
70785139,G,營運狀況,營業收入,,仟元,2018,23727929
70785139,G,營運狀況,營業成本,,仟元,2018,18341427
70785139,G,營運狀況,營業費用,,仟元,2018,4594852
70785139,G,營運狀況,淨利,,仟元,2018,411040
16130417,G,營運狀況,營業收入,,仟元,2018,775692
16130417,G,營運狀況,營業成本,,仟元,2018,436295
16130417,G,營運狀況,營業費用,,仟元,2018,292054
16130417,G,營運狀況,淨利,,仟元,2018,113287
12858252,G,營運狀況,營業收入,,仟元,2018,9304949
12858252,G,營運狀況,營業成本,,仟元,2018,6992872
12858252,G,營運狀況,營業費用,,仟元,2018,979437
12858252,G,營運狀況,淨利,,仟元,2018,1162661
16299879,G,營運狀況,營業收入,,仟元,2018,13459804
16299879,G,營運狀況,營業成本,,仟元,2018,9442762
16299879,G,營運狀況,營業費用,,仟元,2018,2920669
16299879,G,營運狀況,淨利,,仟元,2018,988156
12624467,G,營運狀況,營業收入,,仟元,2018,6842243
12624467,G,營運狀況,營業成本,,仟元,2018,5098201
12624467,G,營運狀況,營業費用,,仟元,2018,601491
12624467,G,營運狀況,淨利,,仟元,2018,985435
27298412,G,營運狀況,營業收入,,仟元,2018,2034267
27298412,G,營運狀況,營業成本,,仟元,2018,1564468
27298412,G,營運狀況,營業費用,,仟元,2018,289745
27298412,G,營運狀況,淨利,,仟元,2018,157432
89406518,G,營運狀況,營業收入,,仟元,2018,16358126
89406518,G,營運狀況,營業成本,,仟元,2018,9394329
89406518,G,營運狀況,營業費用,,仟元,2018,783909
89406518,G,營運狀況,淨利,,仟元,2018,5580459
70734477,G,營運狀況,營業收入,,仟元,2018,1131495
70734477,G,營運狀況,營業成本,,仟元,2018,1018900
70734477,G,營運狀況,營業費用,,仟元,2018,170498
70734477,G,營運狀況,淨利,,仟元,2018,-64819
28069900,G,營運狀況,營業收入,,仟元,2018,9919368
28069900,G,營運狀況,營業成本,,仟元,2018,8357068
28069900,G,營運狀況,營業費用,,仟元,2018,2237356
28069900,G,營運狀況,淨利,,仟元,2018,-2488118
30901647,G,營運狀況,營業收入,,仟元,2018,3988033
30901647,G,營運狀況,營業成本,,仟元,2018,2539665
30901647,G,營運狀況,營業費用,,仟元,2018,934753
30901647,G,營運狀況,淨利,,仟元,2018,417770
80254357,G,營運狀況,營業收入,,仟元,2018,1080437
80254357,G,營運狀況,營業成本,,仟元,2018,691743
80254357,G,營運狀況,營業費用,,仟元,2018,366820
80254357,G,營運狀況,淨利,,仟元,2018,37015
80532726,G,營運狀況,營業收入,,仟元,2018,10962785
80532726,G,營運狀況,營業成本,,仟元,2018,8440677
80532726,G,營運狀況,營業費用,,仟元,2018,1903699
80532726,G,營運狀況,淨利,,仟元,2018,561869
31659649,G,營運狀況,營業收入,,仟元,2018,3450678
31659649,G,營運狀況,營業成本,,仟元,2018,2159237
31659649,G,營運狀況,營業費用,,仟元,2018,969516
31659649,G,營運狀況,淨利,,仟元,2018,257357
29187308,G,營運狀況,營業收入,,仟元,2018,371092421
29187308,G,營運狀況,營業成本,,仟元,2018,309929371
29187308,G,營運狀況,營業費用,,仟元,2018,34515301
29187308,G,營運狀況,淨利,,仟元,2018,26463839
28112646,G,營運狀況,營業收入,,仟元,2018,10040221
28112646,G,營運狀況,營業成本,,仟元,2018,6127054
28112646,G,營運狀況,營業費用,,仟元,2018,3158508
28112646,G,營運狀況,淨利,,仟元,2018,710633
12901841,G,營運狀況,營業收入,,仟元,2018,723510
12901841,G,營運狀況,營業成本,,仟元,2018,294937
12901841,G,營運狀況,營業費用,,仟元,2018,542245
12901841,G,營運狀況,淨利,,仟元,2018,-54688
80741441,G,營運狀況,營業收入,,仟元,2018,2844744
80741441,G,營運狀況,營業成本,,仟元,2018,1861299
80741441,G,營運狀況,營業費用,,仟元,2018,682911
80741441,G,營運狀況,淨利,,仟元,2018,284345
84149499,G,營運狀況,營業收入,,仟元,2018,8852376
84149499,G,營運狀況,營業成本,,仟元,2018,7070163
84149499,G,營運狀況,營業費用,,仟元,2018,1338159
84149499,G,營運狀況,淨利,,仟元,2018,347605
97418375,G,營運狀況,營業收入,,仟元,2018,7199517
97418375,G,營運狀況,營業成本,,仟元,2018,6731884
97418375,G,營運狀況,營業費用,,仟元,2018,273697
97418375,G,營運狀況,淨利,,仟元,2018,173761
80661880,G,營運狀況,營業收入,,仟元,2018,2650169
80661880,G,營運狀況,營業成本,,仟元,2018,1785052
80661880,G,營運狀況,營業費用,,仟元,2018,663948
80661880,G,營運狀況,淨利,,仟元,2018,177185
25104761,G,營運狀況,營業收入,,仟元,2018,1782557
25104761,G,營運狀況,營業成本,,仟元,2018,1682737
25104761,G,營運狀況,營業費用,,仟元,2018,194821
25104761,G,營運狀況,淨利,,仟元,2018,-107819
12636560,G,營運狀況,營業收入,,仟元,2018,5009229
12636560,G,營運狀況,營業成本,,仟元,2018,4106126
12636560,G,營運狀況,營業費用,,仟元,2018,443741
12636560,G,營運狀況,淨利,,仟元,2018,380818
97063584,G,營運狀況,營業收入,,仟元,2018,3157555
97063584,G,營運狀況,營業成本,,仟元,2018,1939870
97063584,G,營運狀況,營業費用,,仟元,2018,935014
97063584,G,營運狀況,淨利,,仟元,2018,338672
16130330,G,營運狀況,營業收入,,仟元,2018,4862807
16130330,G,營運狀況,營業成本,,仟元,2018,2455833
16130330,G,營運狀況,營業費用,,仟元,2018,1283620
16130330,G,營運狀況,淨利,,仟元,2018,1070366
16082267,G,營運狀況,營業收入,,仟元,2018,68039379
16082267,G,營運狀況,營業成本,,仟元,2018,54209337
16082267,G,營運狀況,營業費用,,仟元,2018,4046388
16082267,G,營運狀況,淨利,,仟元,2018,7512562
16505809,G,營運狀況,營業收入,,仟元,2018,516391
16505809,G,營運狀況,營業成本,,仟元,2018,396523
16505809,G,營運狀況,營業費用,,仟元,2018,202534
16505809,G,營運狀況,淨利,,仟元,2018,-60138
23218022,G,營運狀況,營業收入,,仟元,2018,9541489
23218022,G,營運狀況,營業成本,,仟元,2018,6884399
23218022,G,營運狀況,營業費用,,仟元,2018,931892
23218022,G,營運狀況,淨利,,仟元,2018,1347253
04226986,G,營運狀況,營業收入,,仟元,2018,7413512
04226986,G,營運狀況,營業成本,,仟元,2018,5511828
04226986,G,營運狀況,營業費用,,仟元,2018,763123
04226986,G,營運狀況,淨利,,仟元,2018,1013603
02906023,G,營運狀況,營業收入,,仟元,2018,9414159
02906023,G,營運狀況,營業成本,,仟元,2018,5016304
02906023,G,營運狀況,營業費用,,仟元,2018,2501927
02906023,G,營運狀況,淨利,,仟元,2018,1829851
38649225,G,營運狀況,營業收入,,仟元,2018,4465710
38649225,G,營運狀況,營業成本,,仟元,2018,3624309
38649225,G,營運狀況,營業費用,,仟元,2018,704494
38649225,G,營運狀況,淨利,,仟元,2018,290618
13145774,G,營運狀況,營業收入,,仟元,2018,1686168
13145774,G,營運狀況,營業成本,,仟元,2018,1000231
13145774,G,營運狀況,營業費用,,仟元,2018,394154
13145774,G,營運狀況,淨利,,仟元,2018,245352
49791260,G,營運狀況,營業收入,,仟元,2018,3412024
49791260,G,營運狀況,營業成本,,仟元,2018,2368616
49791260,G,營運狀況,營業費用,,仟元,2018,286669
49791260,G,營運狀況,淨利,,仟元,2018,774363
53503847,G,營運狀況,營業收入,,仟元,2018,4723851
53503847,G,營運狀況,營業成本,,仟元,2018,4026511
53503847,G,營運狀況,營業費用,,仟元,2018,607464
53503847,G,營運狀況,淨利,,仟元,2018,115471
27638046,G,營運狀況,營業收入,,仟元,2018,304756
27638046,G,營運狀況,營業成本,,仟元,2018,416
27638046,G,營運狀況,營業費用,,仟元,2018,269029
27638046,G,營運狀況,淨利,,仟元,2018,41567
53016234,G,營運狀況,營業收入,,仟元,2018,2063177
53016234,G,營運狀況,營業成本,,仟元,2018,1797576
53016234,G,營運狀況,營業費用,,仟元,2018,347272
53016234,G,營運狀況,淨利,,仟元,2018,22931
28870892,G,營運狀況,營業收入,,仟元,2018,743364
28870892,G,營運狀況,營業成本,,仟元,2018,592152
28870892,G,營運狀況,營業費用,,仟元,2018,116189
28870892,G,營運狀況,淨利,,仟元,2018,34233
12748729,G,營運狀況,營業收入,,仟元,2018,206024
12748729,G,營運狀況,營業成本,,仟元,2018,86094
12748729,G,營運狀況,營業費用,,仟元,2018,117185
12748729,G,營運狀況,淨利,,仟元,2018,17017
27983551,G,營運狀況,營業收入,,仟元,2018,3568958
27983551,G,營運狀況,營業成本,,仟元,2018,2188955
27983551,G,營運狀況,營業費用,,仟元,2018,852671
27983551,G,營運狀況,淨利,,仟元,2018,494167
86735240,G,營運狀況,營業收入,,仟元,2018,10330505
86735240,G,營運狀況,營業成本,,仟元,2018,7460479
86735240,G,營運狀況,營業費用,,仟元,2018,1827512
86735240,G,營運狀況,淨利,,仟元,2018,1013820
84149884,G,營運狀況,營業收入,,仟元,2018,2121873
84149884,G,營運狀況,營業成本,,仟元,2018,1400927
84149884,G,營運狀況,營業費用,,仟元,2018,421397
84149884,G,營運狀況,淨利,,仟元,2018,198885
84149723,G,營運狀況,營業收入,,仟元,2018,4465551
84149723,G,營運狀況,營業成本,,仟元,2018,3051429
84149723,G,營運狀況,營業費用,,仟元,2018,908540
84149723,G,營運狀況,淨利,,仟元,2018,473864
22101116,G,營運狀況,營業收入,,仟元,2018,8552749
22101116,G,營運狀況,營業成本,,仟元,2018,7661378
22101116,G,營運狀況,營業費用,,仟元,2018,432512
22101116,G,營運狀況,淨利,,仟元,2018,405269
23826736,G,營運狀況,營業收入,,仟元,2018,8785525
23826736,G,營運狀況,營業成本,,仟元,2018,7111588
23826736,G,營運狀況,營業費用,,仟元,2018,161002
23826736,G,營運狀況,淨利,,仟元,2018,1420293
16130042,G,營運狀況,營業收入,,仟元,2018,18480027
16130042,G,營運狀況,營業成本,,仟元,2018,15050032
16130042,G,營運狀況,營業費用,,仟元,2018,1477788
16130042,G,營運狀況,淨利,,仟元,2018,1103075
16638110,G,營運狀況,營業收入,,仟元,2018,3375779
16638110,G,營運狀況,營業成本,,仟元,2018,2924434
16638110,G,營運狀況,營業費用,,仟元,2018,313059
16638110,G,營運狀況,淨利,,仟元,2018,172494
16550923,G,營運狀況,營業收入,,仟元,2018,2709090
16550923,G,營運狀況,營業成本,,仟元,2018,2209361
16550923,G,營運狀況,營業費用,,仟元,2018,326493
16550923,G,營運狀況,淨利,,仟元,2018,159899
97444368,G,營運狀況,營業收入,,仟元,2018,9441618
97444368,G,營運狀況,營業成本,,仟元,2018,8132329
97444368,G,營運狀況,營業費用,,仟元,2018,871406
97444368,G,營運狀況,淨利,,仟元,2018,358830
04982433,G,營運狀況,營業收入,,仟元,2017,449641
04982433,G,營運狀況,營業成本,,仟元,2017,303531
04982433,G,營運狀況,營業費用,,仟元,2017,168834
04982433,G,營運狀況,淨利,,仟元,2017,-33989
47217677,G,營運狀況,營業收入,,仟元,2017,149284706
47217677,G,營運狀況,營業成本,,仟元,2017,122226948
47217677,G,營運狀況,營業費用,,仟元,2017,22143132
47217677,G,營運狀況,淨利,,仟元,2017,6631265
89004161,G,營運狀況,營業收入,,仟元,2017,13886312
89004161,G,營運狀況,營業成本,,仟元,2017,13704676
89004161,G,營運狀況,營業費用,,仟元,2017,906009
89004161,G,營運狀況,淨利,,仟元,2017,-714804
22099131,G,營運狀況,營業收入,,仟元,2017,977447241
22099131,G,營運狀況,營業成本,,仟元,2017,482616286
22099131,G,營運狀況,營業費用,,仟元,2017,107901668
22099131,G,營運狀況,淨利,,仟元,2017,343146848
22099548,G,營運狀況,營業收入,,仟元,2017,34196916
22099548,G,營運狀況,營業成本,,仟元,2017,21562205
22099548,G,營運狀況,營業費用,,仟元,2017,6881505
22099548,G,營運狀況,淨利,,仟元,2017,5517309
22099408,G,營運狀況,營業收入,,仟元,2017,1427073
22099408,G,營運狀況,營業成本,,仟元,2017,1183400
22099408,G,營運狀況,營業費用,,仟元,2017,251577
22099408,G,營運狀況,淨利,,仟元,2017,-88553
22099110,G,營運狀況,營業收入,,仟元,2017,1636477
22099110,G,營運狀況,營業成本,,仟元,2017,1360551
22099110,G,營運狀況,營業費用,,仟元,2017,212783
22099110,G,營運狀況,淨利,,仟元,2017,-35880
22099218,G,營運狀況,營業收入,,仟元,2017,47591792
22099218,G,營運狀況,營業成本,,仟元,2017,31268105
22099218,G,營運狀況,營業費用,,仟元,2017,9667919
22099218,G,營運狀況,淨利,,仟元,2017,5822950
58506816,G,營運狀況,營業收入,,仟元,2017,9581050
58506816,G,營運狀況,營業成本,,仟元,2017,7727780
58506816,G,營運狀況,營業費用,,仟元,2017,791415
58506816,G,營運狀況,淨利,,仟元,2017,779701
22099202,G,營運狀況,營業收入,,仟元,2017,211988
22099202,G,營運狀況,營業成本,,仟元,2017,108589
22099202,G,營運狀況,營業費用,,仟元,2017,404721
22099202,G,營運狀況,淨利,,仟元,2017,-277552
55625676,G,營運狀況,營業收入,,仟元,2017,6063665
55625676,G,營運狀況,營業成本,,仟元,2017,5398025
55625676,G,營運狀況,營業費用,,仟元,2017,537655
55625676,G,營運狀況,淨利,,仟元,2017,140875
22671299,G,營運狀況,營業收入,,仟元,2017,41688021
22671299,G,營運狀況,營業成本,,仟元,2017,23784599
22671299,G,營運狀況,營業費用,,仟元,2017,14705409
22671299,G,營運狀況,淨利,,仟元,2017,3392160
86870786,G,營運狀況,營業收入,,仟元,2017,4511868
86870786,G,營運狀況,營業成本,,仟元,2017,3209881
86870786,G,營運狀況,營業費用,,仟元,2017,2645195
86870786,G,營運狀況,淨利,,仟元,2017,36510
23821182,G,營運狀況,營業收入,,仟元,2017,6820237
23821182,G,營運狀況,營業成本,,仟元,2017,4083471
23821182,G,營運狀況,營業費用,,仟元,2017,2687336
23821182,G,營運狀況,淨利,,仟元,2017,551228
89390656,G,營運狀況,營業收入,,仟元,2017,54918224
89390656,G,營運狀況,營業成本,,仟元,2017,30274077
89390656,G,營運狀況,營業費用,,仟元,2017,5852847
89390656,G,營運狀況,淨利,,仟元,2017,40294624
22404266,G,營運狀況,營業收入,,仟元,2017,261793
22404266,G,營運狀況,營業成本,,仟元,2017,353149
22404266,G,營運狀況,營業費用,,仟元,2017,22686
22404266,G,營運狀況,淨利,,仟元,2017,-129445
22099499,G,營運狀況,營業收入,,仟元,2017,2381145
22099499,G,營運狀況,營業成本,,仟元,2017,1779340
22099499,G,營運狀況,營業費用,,仟元,2017,483144
22099499,G,營運狀況,淨利,,仟元,2017,225630
05126366,G,營運狀況,營業收入,,仟元,2017,11951769
05126366,G,營運狀況,營業成本,,仟元,2017,8501296
05126366,G,營運狀況,營業費用,,仟元,2017,466823
05126366,G,營運狀況,淨利,,仟元,2017,2508628
22507241,G,營運狀況,營業收入,,仟元,2017,19686911
22507241,G,營運狀況,營業成本,,仟元,2017,13904506
22507241,G,營運狀況,營業費用,,仟元,2017,2315781
22507241,G,營運狀況,淨利,,仟元,2017,2234080
23446187,G,營運狀況,營業收入,,仟元,2017,20964853
23446187,G,營運狀況,營業成本,,仟元,2017,15438009
23446187,G,營運狀況,營業費用,,仟元,2017,1529196
23446187,G,營運狀況,淨利,,仟元,2017,2655717
84149961,G,營運狀況,營業收入,,仟元,2017,238216318
84149961,G,營運狀況,營業成本,,仟元,2017,153330436
84149961,G,營運狀況,營業費用,,仟元,2017,75066740
84149961,G,營運狀況,淨利,,仟元,2017,24070098
84149224,G,營運狀況,營業收入,,仟元,2017,7503267
84149224,G,營運狀況,營業成本,,仟元,2017,4156099
84149224,G,營運狀況,營業費用,,仟元,2017,1998038
84149224,G,營運狀況,淨利,,仟元,2017,1032110
22145016,G,營運狀況,營業收入,,仟元,2017,11894196
22145016,G,營運狀況,營業成本,,仟元,2017,9236095
22145016,G,營運狀況,營業費用,,仟元,2017,1715069
22145016,G,營運狀況,淨利,,仟元,2017,-172616
16130280,G,營運狀況,營業收入,,仟元,2017,10456519
16130280,G,營運狀況,營業成本,,仟元,2017,8399836
16130280,G,營運狀況,營業費用,,仟元,2017,1325285
16130280,G,營運狀況,淨利,,仟元,2017,862058
84149717,G,營運狀況,營業收入,,仟元,2017,3173130
84149717,G,營運狀況,營業成本,,仟元,2017,1561369
84149717,G,營運狀況,營業費用,,仟元,2017,1120014
84149717,G,營運狀況,淨利,,仟元,2017,387161
16130388,G,營運狀況,營業收入,,仟元,2017,3342938
16130388,G,營運狀況,營業成本,,仟元,2017,2879425
16130388,G,營運狀況,營業費用,,仟元,2017,242114
16130388,G,營運狀況,淨利,,仟元,2017,180310
84149955,G,營運狀況,營業收入,,仟元,2017,47073692
84149955,G,營運狀況,營業成本,,仟元,2017,33518431
84149955,G,營運狀況,營業費用,,仟元,2017,7800062
84149955,G,營運狀況,淨利,,仟元,2017,5024088
84149060,G,營運狀況,營業收入,,仟元,2017,5342609
84149060,G,營運狀況,營業成本,,仟元,2017,2694422
84149060,G,營運狀況,營業費用,,仟元,2017,2333493
84149060,G,營運狀況,淨利,,仟元,2017,835913
84149054,G,營運狀況,營業收入,,仟元,2017,3187062
84149054,G,營運狀況,營業成本,,仟元,2017,2274329
84149054,G,營運狀況,營業費用,,仟元,2017,1547891
84149054,G,營運狀況,淨利,,仟元,2017,-469104
86143822,G,營運狀況,營業收入,,仟元,2017,348213
86143822,G,營運狀況,營業成本,,仟元,2017,399659
86143822,G,營運狀況,營業費用,,仟元,2017,76949
86143822,G,營運狀況,淨利,,仟元,2017,81910
84149759,G,營運狀況,營業收入,,仟元,2017,307342
84149759,G,營運狀況,營業成本,,仟元,2017,97270
84149759,G,營運狀況,營業費用,,仟元,2017,156734
84149759,G,營運狀況,淨利,,仟元,2017,51880
70785139,G,營運狀況,營業收入,,仟元,2017,22335486
70785139,G,營運狀況,營業成本,,仟元,2017,18172762
70785139,G,營運狀況,營業費用,,仟元,2017,3763499
70785139,G,營運狀況,淨利,,仟元,2017,335322
16130417,G,營運狀況,營業收入,,仟元,2017,760708
16130417,G,營運狀況,營業成本,,仟元,2017,410735
16130417,G,營運狀況,營業費用,,仟元,2017,256663
16130417,G,營運狀況,淨利,,仟元,2017,70658
12858252,G,營運狀況,營業收入,,仟元,2017,8168326
12858252,G,營運狀況,營業成本,,仟元,2017,6220058
12858252,G,營運狀況,營業費用,,仟元,2017,738051
12858252,G,營運狀況,淨利,,仟元,2017,1073433
16299879,G,營運狀況,營業收入,,仟元,2017,12160606
16299879,G,營運狀況,營業成本,,仟元,2017,8995509
16299879,G,營運狀況,營業費用,,仟元,2017,2234465
16299879,G,營運狀況,淨利,,仟元,2017,854809
12624467,G,營運狀況,營業收入,,仟元,2017,7269188
12624467,G,營運狀況,營業成本,,仟元,2017,5222879
12624467,G,營運狀況,營業費用,,仟元,2017,531458
12624467,G,營運狀況,淨利,,仟元,2017,1092221
27298412,G,營運狀況,營業收入,,仟元,2017,1714565
27298412,G,營運狀況,營業成本,,仟元,2017,1214537
27298412,G,營運狀況,營業費用,,仟元,2017,252425
27298412,G,營運狀況,淨利,,仟元,2017,204087
89406518,G,營運狀況,營業收入,,仟元,2017,12713025
89406518,G,營運狀況,營業成本,,仟元,2017,9318516
89406518,G,營運狀況,營業費用,,仟元,2017,644699
89406518,G,營運狀況,淨利,,仟元,2017,2242774
70734477,G,營運狀況,營業收入,,仟元,2017,1307498
70734477,G,營運狀況,營業成本,,仟元,2017,1166862
70734477,G,營運狀況,營業費用,,仟元,2017,159187
70734477,G,營運狀況,淨利,,仟元,2017,9174
28069900,G,營運狀況,營業收入,,仟元,2017,10798334
28069900,G,營運狀況,營業成本,,仟元,2017,8528149
28069900,G,營運狀況,營業費用,,仟元,2017,2107970
28069900,G,營運狀況,淨利,,仟元,2017,-103210
30901647,G,營運狀況,營業收入,,仟元,2017,3539131
30901647,G,營運狀況,營業成本,,仟元,2017,2287857
30901647,G,營運狀況,營業費用,,仟元,2017,828515
30901647,G,營運狀況,淨利,,仟元,2017,328459
80254357,G,營運狀況,營業收入,,仟元,2017,1023485
80254357,G,營運狀況,營業成本,,仟元,2017,673334
80254357,G,營運狀況,營業費用,,仟元,2017,309948
80254357,G,營運狀況,淨利,,仟元,2017,20560
80532726,G,營運狀況,營業收入,,仟元,2017,9335190
80532726,G,營運狀況,營業成本,,仟元,2017,7174025
80532726,G,營運狀況,營業費用,,仟元,2017,1589571
80532726,G,營運狀況,淨利,,仟元,2017,391886
31659649,G,營運狀況,營業收入,,仟元,2017,4265643
31659649,G,營運狀況,營業成本,,仟元,2017,3064513
31659649,G,營運狀況,營業費用,,仟元,2017,881079
31659649,G,營運狀況,淨利,,仟元,2017,308743
28112646,G,營運狀況,營業收入,,仟元,2017,9235382
28112646,G,營運狀況,營業成本,,仟元,2017,5502875
28112646,G,營運狀況,營業費用,,仟元,2017,3018944
28112646,G,營運狀況,淨利,,仟元,2017,688133
12901841,G,營運狀況,營業收入,,仟元,2017,841732
12901841,G,營運狀況,營業成本,,仟元,2017,301903
12901841,G,營運狀況,營業費用,,仟元,2017,470209
12901841,G,營運狀況,淨利,,仟元,2017,19283
80333472,G,營運狀況,營業收入,,仟元,2017,284395
80333472,G,營運狀況,營業成本,,仟元,2017,93920
80333472,G,營運狀況,營業費用,,仟元,2017,167440
80333472,G,營運狀況,淨利,,仟元,2017,13238
80741441,G,營運狀況,營業收入,,仟元,2017,3151900
80741441,G,營運狀況,營業成本,,仟元,2017,2037546
80741441,G,營運狀況,營業費用,,仟元,2017,694671
80741441,G,營運狀況,淨利,,仟元,2017,359245
84149499,G,營運狀況,營業收入,,仟元,2017,7169758
84149499,G,營運狀況,營業成本,,仟元,2017,5823922
84149499,G,營運狀況,營業費用,,仟元,2017,1161051
84149499,G,營運狀況,淨利,,仟元,2017,146201
97418375,G,營運狀況,營業收入,,仟元,2017,6824008
97418375,G,營運狀況,營業成本,,仟元,2017,6213899
97418375,G,營運狀況,營業費用,,仟元,2017,305860
97418375,G,營運狀況,淨利,,仟元,2017,242244
25104761,G,營運狀況,營業收入,,仟元,2017,2792078
25104761,G,營運狀況,營業成本,,仟元,2017,2570567
25104761,G,營運狀況,營業費用,,仟元,2017,219915
25104761,G,營運狀況,淨利,,仟元,2017,-24366
12636560,G,營運狀況,營業收入,,仟元,2017,3710409
12636560,G,營運狀況,營業成本,,仟元,2017,2960615
12636560,G,營運狀況,營業費用,,仟元,2017,341835
12636560,G,營運狀況,淨利,,仟元,2017,324396
97063584,G,營運狀況,營業收入,,仟元,2017,3341280
97063584,G,營運狀況,營業成本,,仟元,2017,2062734
97063584,G,營運狀況,營業費用,,仟元,2017,985483
97063584,G,營運狀況,淨利,,仟元,2017,237206
16130330,G,營運狀況,營業收入,,仟元,2017,4614917
16130330,G,營運狀況,營業成本,,仟元,2017,2425457
16130330,G,營運狀況,營業費用,,仟元,2017,1218775
16130330,G,營運狀況,淨利,,仟元,2017,935987
16082267,G,營運狀況,營業收入,,仟元,2017,59632083
16082267,G,營運狀況,營業成本,,仟元,2017,46933571
16082267,G,營運狀況,營業費用,,仟元,2017,3624488
16082267,G,營運狀況,淨利,,仟元,2017,7291275
16505809,G,營運狀況,營業收入,,仟元,2017,496929
16505809,G,營運狀況,營業成本,,仟元,2017,373027
16505809,G,營運狀況,營業費用,,仟元,2017,218665
16505809,G,營運狀況,淨利,,仟元,2017,-110050
23218022,G,營運狀況,營業收入,,仟元,2017,6831740
23218022,G,營運狀況,營業成本,,仟元,2017,4956763
23218022,G,營運狀況,營業費用,,仟元,2017,735527
23218022,G,營運狀況,淨利,,仟元,2017,1192626
04226986,G,營運狀況,營業收入,,仟元,2017,7745602
04226986,G,營運狀況,營業成本,,仟元,2017,5847890
04226986,G,營運狀況,營業費用,,仟元,2017,735896
04226986,G,營運狀況,淨利,,仟元,2017,973889
02906023,G,營運狀況,營業收入,,仟元,2017,8599237
02906023,G,營運狀況,營業成本,,仟元,2017,4494632
02906023,G,營運狀況,營業費用,,仟元,2017,2250667
02906023,G,營運狀況,淨利,,仟元,2017,1808017
38649225,G,營運狀況,營業收入,,仟元,2017,3148644
38649225,G,營運狀況,營業成本,,仟元,2017,2546451
38649225,G,營運狀況,營業費用,,仟元,2017,359508
38649225,G,營運狀況,淨利,,仟元,2017,107540
49791260,G,營運狀況,營業收入,,仟元,2017,3094368
49791260,G,營運狀況,營業成本,,仟元,2017,2035509
49791260,G,營運狀況,營業費用,,仟元,2017,241643
49791260,G,營運狀況,淨利,,仟元,2017,627189
53503847,G,營運狀況,營業收入,,仟元,2017,4236815
53503847,G,營運狀況,營業成本,,仟元,2017,3197799
53503847,G,營運狀況,營業費用,,仟元,2017,606507
53503847,G,營運狀況,淨利,,仟元,2017,236389
27638046,G,營運狀況,營業收入,,仟元,2017,289377
27638046,G,營運狀況,營業成本,,仟元,2017,940
27638046,G,營運狀況,營業費用,,仟元,2017,261545
27638046,G,營運狀況,淨利,,仟元,2017,21533
53016234,G,營運狀況,營業收入,,仟元,2017,2091462
53016234,G,營運狀況,營業成本,,仟元,2017,1618534
53016234,G,營運狀況,營業費用,,仟元,2017,271767
53016234,G,營運狀況,淨利,,仟元,2017,177767
86735240,G,營運狀況,營業收入,,仟元,2017,9431062
86735240,G,營運狀況,營業成本,,仟元,2017,6916729
86735240,G,營運狀況,營業費用,,仟元,2017,1660796
86735240,G,營運狀況,淨利,,仟元,2017,891234
84149884,G,營運狀況,營業收入,,仟元,2017,1855819
84149884,G,營運狀況,營業成本,,仟元,2017,1248343
84149884,G,營運狀況,營業費用,,仟元,2017,353013
84149884,G,營運狀況,淨利,,仟元,2017,167109
84149723,G,營運狀況,營業收入,,仟元,2017,3937695
84149723,G,營運狀況,營業成本,,仟元,2017,2744818
84149723,G,營運狀況,營業費用,,仟元,2017,812241
84149723,G,營運狀況,淨利,,仟元,2017,317202
22101116,G,營運狀況,營業收入,,仟元,2017,9431751
22101116,G,營運狀況,營業成本,,仟元,2017,8085825
22101116,G,營運狀況,營業費用,,仟元,2017,502587
22101116,G,營運狀況,淨利,,仟元,2017,670536
23826736,G,營運狀況,營業收入,,仟元,2017,7888494
23826736,G,營運狀況,營業成本,,仟元,2017,6580089
23826736,G,營運狀況,營業費用,,仟元,2017,140457
23826736,G,營運狀況,淨利,,仟元,2017,1393086
16130042,G,營運狀況,營業收入,,仟元,2017,17940855
16130042,G,營運狀況,營業成本,,仟元,2017,14703729
16130042,G,營運狀況,營業費用,,仟元,2017,1690079
16130042,G,營運狀況,淨利,,仟元,2017,3026528
16638110,G,營運狀況,營業收入,,仟元,2017,3065760
16638110,G,營運狀況,營業成本,,仟元,2017,2601051
16638110,G,營運狀況,營業費用,,仟元,2017,342336
16638110,G,營運狀況,淨利,,仟元,2017,17630
16550923,G,營運狀況,營業收入,,仟元,2017,2129631
16550923,G,營運狀況,營業成本,,仟元,2017,1791314
16550923,G,營運狀況,營業費用,,仟元,2017,277179
16550923,G,營運狀況,淨利,,仟元,2017,37377
97444368,G,營運狀況,營業收入,,仟元,2017,10043476
97444368,G,營運狀況,營業成本,,仟元,2017,8744686
97444368,G,營運狀況,營業費用,,仟元,2017,823948
97444368,G,營運狀況,淨利,,仟元,2017,404957
04982433,G,營運狀況,營業收入,,仟元,2016,518051
04982433,G,營運狀況,營業成本,,仟元,2016,361332
04982433,G,營運狀況,營業費用,,仟元,2016,190911
04982433,G,營運狀況,淨利,,仟元,2016,13874
47217677,G,營運狀況,營業收入,,仟元,2016,147870124
47217677,G,營運狀況,營業成本,,仟元,2016,117490694
47217677,G,營運狀況,營業費用,,仟元,2016,23922729
47217677,G,營運狀況,淨利,,仟元,2016,3863075
89004161,G,營運狀況,營業收入,,仟元,2016,15786333
89004161,G,營運狀況,營業成本,,仟元,2016,13989409
89004161,G,營運狀況,營業費用,,仟元,2016,1113312
89004161,G,營運狀況,淨利,,仟元,2016,503839
22099131,G,營運狀況,營業收入,,仟元,2016,947938344
22099131,G,營運狀況,營業成本,,仟元,2016,473077173
22099131,G,營運狀況,營業費用,,仟元,2016,96904133
22099131,G,營運狀況,淨利,,仟元,2016,334338236
22099548,G,營運狀況,營業收入,,仟元,2016,24124973
22099548,G,營運狀況,營業成本,,仟元,2016,18288781
22099548,G,營運狀況,營業費用,,仟元,2016,6193743
22099548,G,營運狀況,淨利,,仟元,2016,-246795
22099408,G,營運狀況,營業收入,,仟元,2016,1196457
22099408,G,營運狀況,營業成本,,仟元,2016,1147954
22099408,G,營運狀況,營業費用,,仟元,2016,221644
22099408,G,營運狀況,淨利,,仟元,2016,-238702
22099110,G,營運狀況,營業收入,,仟元,2016,1451708
22099110,G,營運狀況,營業成本,,仟元,2016,1208071
22099110,G,營運狀況,營業費用,,仟元,2016,192053
22099110,G,營運狀況,淨利,,仟元,2016,-130133
22099218,G,營運狀況,營業收入,,仟元,2016,42091709
22099218,G,營運狀況,營業成本,,仟元,2016,30073937
22099218,G,營運狀況,營業費用,,仟元,2016,8304816
22099218,G,營運狀況,淨利,,仟元,2016,3140074
58506816,G,營運狀況,營業收入,,仟元,2016,8806341
58506816,G,營運狀況,營業成本,,仟元,2016,6973972
58506816,G,營運狀況,營業費用,,仟元,2016,782440
58506816,G,營運狀況,淨利,,仟元,2016,806943
22099202,G,營運狀況,營業收入,,仟元,2016,182873
22099202,G,營運狀況,營業成本,,仟元,2016,75236
22099202,G,營運狀況,營業費用,,仟元,2016,398382
22099202,G,營運狀況,淨利,,仟元,2016,-188882
55625676,G,營運狀況,營業收入,,仟元,2016,5622375
55625676,G,營運狀況,營業成本,,仟元,2016,4959884
55625676,G,營運狀況,營業費用,,仟元,2016,539640
55625676,G,營運狀況,淨利,,仟元,2016,230985
22671299,G,營運狀況,營業收入,,仟元,2016,38914031
22671299,G,營運狀況,營業成本,,仟元,2016,22017294
22671299,G,營運狀況,營業費用,,仟元,2016,13560755
22671299,G,營運狀況,淨利,,仟元,2016,3039837
86870786,G,營運狀況,營業收入,,仟元,2016,4925843
86870786,G,營運狀況,營業成本,,仟元,2016,3481890
86870786,G,營運狀況,營業費用,,仟元,2016,2737405
86870786,G,營運狀況,淨利,,仟元,2016,180820
23821182,G,營運狀況,營業收入,,仟元,2016,7556045
23821182,G,營運狀況,營業成本,,仟元,2016,4353557
23821182,G,營運狀況,營業費用,,仟元,2016,2965541
23821182,G,營運狀況,淨利,,仟元,2016,272506
89390656,G,營運狀況,營業收入,,仟元,2016,41632505
89390656,G,營運狀況,營業成本,,仟元,2016,28781412
89390656,G,營運狀況,營業費用,,仟元,2016,4298858
89390656,G,營運狀況,淨利,,仟元,2016,23728585
22404266,G,營運狀況,營業收入,,仟元,2016,227960
22404266,G,營運狀況,營業成本,,仟元,2016,239775
22404266,G,營運狀況,營業費用,,仟元,2016,95556
22404266,G,營運狀況,淨利,,仟元,2016,-126259
22099499,G,營運狀況,營業收入,,仟元,2016,2047723
22099499,G,營運狀況,營業成本,,仟元,2016,1546413
22099499,G,營運狀況,營業費用,,仟元,2016,433947
22099499,G,營運狀況,淨利,,仟元,2016,141772
22507241,G,營運狀況,營業收入,,仟元,2016,20081683
22507241,G,營運狀況,營業成本,,仟元,2016,14152516
22507241,G,營運狀況,營業費用,,仟元,2016,2227236
22507241,G,營運狀況,淨利,,仟元,2016,2981777
23446187,G,營運狀況,營業收入,,仟元,2016,22104915
23446187,G,營運狀況,營業成本,,仟元,2016,17153222
23446187,G,營運狀況,營業費用,,仟元,2016,1643948
23446187,G,營運狀況,淨利,,仟元,2016,2882637
84149961,G,營運狀況,營業收入,,仟元,2016,275511714
84149961,G,營運狀況,營業成本,,仟元,2016,177321882
84149961,G,營運狀況,營業費用,,仟元,2016,75114057
84149961,G,營運狀況,淨利,,仟元,2016,24030532
84149224,G,營運狀況,營業收入,,仟元,2016,6558933
84149224,G,營運狀況,營業成本,,仟元,2016,3852508
84149224,G,營運狀況,營業費用,,仟元,2016,1955755
84149224,G,營運狀況,淨利,,仟元,2016,580001
22145016,G,營運狀況,營業收入,,仟元,2016,12867730
22145016,G,營運狀況,營業成本,,仟元,2016,10271516
22145016,G,營運狀況,營業費用,,仟元,2016,1810715
22145016,G,營運狀況,淨利,,仟元,2016,739233
16130280,G,營運狀況,營業收入,,仟元,2016,9300534
16130280,G,營運狀況,營業成本,,仟元,2016,7878817
16130280,G,營運狀況,營業費用,,仟元,2016,1112166
16130280,G,營運狀況,淨利,,仟元,2016,581339
84149717,G,營運狀況,營業收入,,仟元,2016,3127191
84149717,G,營運狀況,營業成本,,仟元,2016,1562833
84149717,G,營運狀況,營業費用,,仟元,2016,1125554
84149717,G,營運狀況,淨利,,仟元,2016,363691
16130388,G,營運狀況,營業收入,,仟元,2016,2790990
16130388,G,營運狀況,營業成本,,仟元,2016,2538946
16130388,G,營運狀況,營業費用,,仟元,2016,224578
16130388,G,營運狀況,淨利,,仟元,2016,20063
84149955,G,營運狀況,營業收入,,仟元,2016,45650879
84149955,G,營運狀況,營業成本,,仟元,2016,32705260
84149955,G,營運狀況,營業費用,,仟元,2016,7301762
84149955,G,營運狀況,淨利,,仟元,2016,5004360
84149060,G,營運狀況,營業收入,,仟元,2016,6422145
84149060,G,營運狀況,營業成本,,仟元,2016,3605016
84149060,G,營運狀況,營業費用,,仟元,2016,2466238
84149060,G,營運狀況,淨利,,仟元,2016,280756
84149054,G,營運狀況,營業收入,,仟元,2016,3400744
84149054,G,營運狀況,營業成本,,仟元,2016,2154403
84149054,G,營運狀況,營業費用,,仟元,2016,1624234
84149054,G,營運狀況,淨利,,仟元,2016,-575308
86143822,G,營運狀況,營業收入,,仟元,2016,323097
86143822,G,營運狀況,營業成本,,仟元,2016,285063
86143822,G,營運狀況,營業費用,,仟元,2016,59955
86143822,G,營運狀況,淨利,,仟元,2016,62796
84149759,G,營運狀況,營業收入,,仟元,2016,312545
84149759,G,營運狀況,營業成本,,仟元,2016,95171
84149759,G,營運狀況,營業費用,,仟元,2016,159034
84149759,G,營運狀況,淨利,,仟元,2016,70886
70785139,G,營運狀況,營業收入,,仟元,2016,23165066
70785139,G,營運狀況,營業成本,,仟元,2016,17414521
70785139,G,營運狀況,營業費用,,仟元,2016,3160773
70785139,G,營運狀況,淨利,,仟元,2016,2073028
16130417,G,營運狀況,營業收入,,仟元,2016,843361
16130417,G,營運狀況,營業成本,,仟元,2016,440105
16130417,G,營運狀況,營業費用,,仟元,2016,278170
16130417,G,營運狀況,淨利,,仟元,2016,123111
12858252,G,營運狀況,營業收入,,仟元,2016,7837905
12858252,G,營運狀況,營業成本,,仟元,2016,6624138
12858252,G,營運狀況,營業費用,,仟元,2016,470344
12858252,G,營運狀況,淨利,,仟元,2016,642310
16299879,G,營運狀況,營業收入,,仟元,2016,9290421
16299879,G,營運狀況,營業成本,,仟元,2016,6900914
16299879,G,營運狀況,營業費用,,仟元,2016,1766853
16299879,G,營運狀況,淨利,,仟元,2016,551082
12624467,G,營運狀況,營業收入,,仟元,2016,8206855
12624467,G,營運狀況,營業成本,,仟元,2016,5755664
12624467,G,營運狀況,營業費用,,仟元,2016,618080
12624467,G,營運狀況,淨利,,仟元,2016,1495161
89406518,G,營運狀況,營業收入,,仟元,2016,10794340
89406518,G,營運狀況,營業成本,,仟元,2016,9429790
89406518,G,營運狀況,營業費用,,仟元,2016,403428
89406518,G,營運狀況,淨利,,仟元,2016,730390
70734477,G,營運狀況,營業收入,,仟元,2016,1148043
70734477,G,營運狀況,營業成本,,仟元,2016,923634
70734477,G,營運狀況,營業費用,,仟元,2016,171957
70734477,G,營運狀況,淨利,,仟元,2016,29040
28069900,G,營運狀況,營業收入,,仟元,2016,11018225
28069900,G,營運狀況,營業成本,,仟元,2016,8751788
28069900,G,營運狀況,營業費用,,仟元,2016,2058953
28069900,G,營運狀況,淨利,,仟元,2016,210109
30901647,G,營運狀況,營業收入,,仟元,2016,3494921
30901647,G,營運狀況,營業成本,,仟元,2016,2316839
30901647,G,營運狀況,營業費用,,仟元,2016,835428
30901647,G,營運狀況,淨利,,仟元,2016,292385
80254357,G,營運狀況,營業收入,,仟元,2016,1223765
80254357,G,營運狀況,營業成本,,仟元,2016,792925
80254357,G,營運狀況,營業費用,,仟元,2016,298299
80254357,G,營運狀況,淨利,,仟元,2016,103283
80532726,G,營運狀況,營業收入,,仟元,2016,8626573
80532726,G,營運狀況,營業成本,,仟元,2016,6714250
80532726,G,營運狀況,營業費用,,仟元,2016,1433957
80532726,G,營運狀況,淨利,,仟元,2016,433465
31659649,G,營運狀況,營業收入,,仟元,2016,3690977
31659649,G,營運狀況,營業成本,,仟元,2016,3203144
31659649,G,營運狀況,營業費用,,仟元,2016,697578
31659649,G,營運狀況,淨利,,仟元,2016,-211396
28112646,G,營運狀況,營業收入,,仟元,2016,8329286
28112646,G,營運狀況,營業成本,,仟元,2016,4920966
28112646,G,營運狀況,營業費用,,仟元,2016,2803478
28112646,G,營運狀況,淨利,,仟元,2016,613165
12901841,G,營運狀況,營業收入,,仟元,2016,868796
12901841,G,營運狀況,營業成本,,仟元,2016,382473
12901841,G,營運狀況,營業費用,,仟元,2016,517404
12901841,G,營運狀況,淨利,,仟元,2016,50253
80333472,G,營運狀況,營業收入,,仟元,2016,314858
80333472,G,營運狀況,營業成本,,仟元,2016,105097
80333472,G,營運狀況,營業費用,,仟元,2016,181122
80333472,G,營運狀況,淨利,,仟元,2016,20711
80741441,G,營運狀況,營業收入,,仟元,2016,3268664
80741441,G,營運狀況,營業成本,,仟元,2016,2046478
80741441,G,營運狀況,營業費用,,仟元,2016,757935
80741441,G,營運狀況,淨利,,仟元,2016,413473
84149499,G,營運狀況,營業收入,,仟元,2016,6902506
84149499,G,營運狀況,營業成本,,仟元,2016,5526735
84149499,G,營運狀況,營業費用,,仟元,2016,1022462
84149499,G,營運狀況,淨利,,仟元,2016,318175
97418375,G,營運狀況,營業收入,,仟元,2016,3726861
97418375,G,營運狀況,營業成本,,仟元,2016,3334964
97418375,G,營運狀況,營業費用,,仟元,2016,274380
97418375,G,營運狀況,淨利,,仟元,2016,118912
25104761,G,營運狀況,營業收入,,仟元,2016,2983255
25104761,G,營運狀況,營業成本,,仟元,2016,2750215
25104761,G,營運狀況,營業費用,,仟元,2016,301626
25104761,G,營運狀況,淨利,,仟元,2016,-79519
12636560,G,營運狀況,營業收入,,仟元,2016,2185384
12636560,G,營運狀況,營業成本,,仟元,2016,1780091
12636560,G,營運狀況,營業費用,,仟元,2016,235257
12636560,G,營運狀況,淨利,,仟元,2016,150387
97063584,G,營運狀況,營業收入,,仟元,2016,3216843
97063584,G,營運狀況,營業成本,,仟元,2016,1906777
97063584,G,營運狀況,營業費用,,仟元,2016,1006184
97063584,G,營運狀況,淨利,,仟元,2016,279624
16130330,G,營運狀況,營業收入,,仟元,2016,4157788
16130330,G,營運狀況,營業成本,,仟元,2016,2139643
16130330,G,營運狀況,營業費用,,仟元,2016,1182018
16130330,G,營運狀況,淨利,,仟元,2016,792722
16082267,G,營運狀況,營業收入,,仟元,2016,48343542
16082267,G,營運狀況,營業成本,,仟元,2016,37881516
16082267,G,營運狀況,營業費用,,仟元,2016,2829653
16082267,G,營運狀況,淨利,,仟元,2016,6008868
16505809,G,營運狀況,營業收入,,仟元,2016,516275
16505809,G,營運狀況,營業成本,,仟元,2016,378906
16505809,G,營運狀況,營業費用,,仟元,2016,235305
16505809,G,營運狀況,淨利,,仟元,2016,-100693
23218022,G,營運狀況,營業收入,,仟元,2016,5795609
23218022,G,營運狀況,營業成本,,仟元,2016,4186988
23218022,G,營運狀況,營業費用,,仟元,2016,648402
23218022,G,營運狀況,淨利,,仟元,2016,802309
04226986,G,營運狀況,營業收入,,仟元,2016,8057845
04226986,G,營運狀況,營業成本,,仟元,2016,6062661
04226986,G,營運狀況,營業費用,,仟元,2016,761430
04226986,G,營運狀況,淨利,,仟元,2016,1025006
02906023,G,營運狀況,營業收入,,仟元,2016,7138903
02906023,G,營運狀況,營業成本,,仟元,2016,3738293
02906023,G,營運狀況,營業費用,,仟元,2016,1962295
02906023,G,營運狀況,淨利,,仟元,2016,1469656
38649225,G,營運狀況,營業收入,,仟元,2016,4132887
38649225,G,營運狀況,營業成本,,仟元,2016,2986556
38649225,G,營運狀況,營業費用,,仟元,2016,417676
38649225,G,營運狀況,淨利,,仟元,2016,961173
49791260,G,營運狀況,營業收入,,仟元,2016,2956016
49791260,G,營運狀況,營業成本,,仟元,2016,2068666
49791260,G,營運狀況,營業費用,,仟元,2016,259915
49791260,G,營運狀況,淨利,,仟元,2016,571545
53503847,G,營運狀況,營業收入,,仟元,2016,3161932
53503847,G,營運狀況,營業成本,,仟元,2016,2221686
53503847,G,營運狀況,營業費用,,仟元,2016,415866
53503847,G,營運狀況,淨利,,仟元,2016,386897
27638046,G,營運狀況,營業收入,,仟元,2016,208635
27638046,G,營運狀況,營業成本,,仟元,2016,1036
27638046,G,營運狀況,營業費用,,仟元,2016,245107
27638046,G,營運狀況,淨利,,仟元,2016,-31861
53016234,G,營運狀況,營業收入,,仟元,2016,1945042
53016234,G,營運狀況,營業成本,,仟元,2016,1457459
53016234,G,營運狀況,營業費用,,仟元,2016,276080
53016234,G,營運狀況,淨利,,仟元,2016,162165
86735240,G,營運狀況,營業收入,,仟元,2016,10189747
86735240,G,營運狀況,營業成本,,仟元,2016,7307865
86735240,G,營運狀況,營業費用,,仟元,2016,1636158
86735240,G,營運狀況,淨利,,仟元,2016,1099027
84149723,G,營運狀況,營業收入,,仟元,2016,3675944
84149723,G,營運狀況,營業成本,,仟元,2016,2448116
84149723,G,營運狀況,營業費用,,仟元,2016,796781
84149723,G,營運狀況,淨利,,仟元,2016,400315
22101116,G,營運狀況,營業收入,,仟元,2016,8748398
22101116,G,營運狀況,營業成本,,仟元,2016,7799729
22101116,G,營運狀況,營業費用,,仟元,2016,473329
22101116,G,營運狀況,淨利,,仟元,2016,440354
23826736,G,營運狀況,營業收入,,仟元,2016,8491396
23826736,G,營運狀況,營業成本,,仟元,2016,7117109
23826736,G,營運狀況,營業費用,,仟元,2016,135379
23826736,G,營運狀況,淨利,,仟元,2016,1022556
16130042,G,營運狀況,營業收入,,仟元,2016,18387593
16130042,G,營運狀況,營業成本,,仟元,2016,14745472
16130042,G,營運狀況,營業費用,,仟元,2016,1733852
16130042,G,營運狀況,淨利,,仟元,2016,1226280
16638110,G,營運狀況,營業收入,,仟元,2016,2936938
16638110,G,營運狀況,營業成本,,仟元,2016,2453688
16638110,G,營運狀況,營業費用,,仟元,2016,419840
16638110,G,營運狀況,淨利,,仟元,2016,36060
16550923,G,營運狀況,營業收入,,仟元,2016,1715438
16550923,G,營運狀況,營業成本,,仟元,2016,1438594
16550923,G,營運狀況,營業費用,,仟元,2016,249563
16550923,G,營運狀況,淨利,,仟元,2016,70741
97444368,G,營運狀況,營業收入,,仟元,2016,6822226
97444368,G,營運狀況,營業成本,,仟元,2016,5665926
97444368,G,營運狀況,營業費用,,仟元,2016,749997
97444368,G,營運狀況,淨利,,仟元,2016,349291
47217677,G,稅務透明度,營利事業所得稅稅額,true,元,2020,無揭露
47217677,G,稅務透明度,政府補助、補貼金額,true,元,2020,無揭露
47217677,G,稅務透明度,研發投入費用,true,元,2020,無揭露
89004161,G,稅務透明度,營利事業所得稅稅額,true,元,2020,22915
89004161,G,稅務透明度,政府補助、補貼金額,true,元,2020,無揭露
89004161,G,稅務透明度,研發投入費用,true,元,2020,無揭露
22099131,G,稅務透明度,營利事業所得稅稅額,true,元,2020,51400000000
22099131,G,稅務透明度,政府補助、補貼金額,true,元,2020,47100000000
22099131,G,稅務透明度,研發投入費用,true,元,2020,102300000000
22099548,G,稅務透明度,營利事業所得稅稅額,true,元,2020,515000000
22099548,G,稅務透明度,政府補助、補貼金額,true,元,2020,無揭露
22099548,G,稅務透明度,研發投入費用,true,元,2020,無揭露
22099218,G,稅務透明度,營利事業所得稅稅額,true,元,2020,160000000
22099218,G,稅務透明度,政府補助、補貼金額,true,元,2020,無揭露
22099218,G,稅務透明度,研發投入費用,true,元,2020,無揭露
58506816,G,稅務透明度,營利事業所得稅稅額,true,元,2020,無揭露
58506816,G,稅務透明度,政府補助、補貼金額,true,元,2020,無揭露
58506816,G,稅務透明度,研發投入費用,true,元,2020,無揭露
22099202,G,稅務透明度,營利事業所得稅稅額,true,元,2020,無揭露
22099202,G,稅務透明度,政府補助、補貼金額,true,元,2020,無揭露
22099202,G,稅務透明度,研發投入費用,true,元,2020,無揭露
22671299,G,稅務透明度,營利事業所得稅稅額,true,元,2020,562619000
22671299,G,稅務透明度,政府補助、補貼金額,true,元,2020,無揭露
22671299,G,稅務透明度,研發投入費用,true,元,2020,19054000000
23821182,G,稅務透明度,營利事業所得稅稅額,true,元,2020,166000000
23821182,G,稅務透明度,政府補助、補貼金額,true,元,2020,無揭露
23821182,G,稅務透明度,研發投入費用,true,元,2020,1624000000
89390656,G,稅務透明度,營利事業所得稅稅額,true,元,2020,1536000000
89390656,G,稅務透明度,政府補助、補貼金額,true,元,2020,無揭露
89390656,G,稅務透明度,研發投入費用,true,元,2020,61000000000
05126366,G,稅務透明度,營利事業所得稅稅額,true,元,2020,446772000
05126366,G,稅務透明度,政府補助、補貼金額,true,元,2020,無揭露
05126366,G,稅務透明度,研發投入費用,true,元,2020,232009000
22507241,G,稅務透明度,營利事業所得稅稅額,true,元,2020,906515
22507241,G,稅務透明度,政府補助、補貼金額,true,元,2020,無揭露
22507241,G,稅務透明度,研發投入費用,true,元,2020,1202520000
84149961,G,稅務透明度,營利事業所得稅稅額,true,元,2020,6100000000
84149961,G,稅務透明度,政府補助、補貼金額,true,元,2020,無揭露
84149961,G,稅務透明度,研發投入費用,true,元,2020,77300000000
84149224,G,稅務透明度,營利事業所得稅稅額,true,元,2020,700654000
84149224,G,稅務透明度,政府補助、補貼金額,true,元,2020,無揭露
84149224,G,稅務透明度,研發投入費用,true,元,2020,佔營收12%
16130280,G,稅務透明度,營利事業所得稅稅額,true,元,2020,無揭露
16130280,G,稅務透明度,政府補助、補貼金額,true,元,2020,無揭露
16130280,G,稅務透明度,研發投入費用,true,元,2020,無揭露
84149955,G,稅務透明度,營利事業所得稅稅額,true,元,2020,無揭露
84149955,G,稅務透明度,政府補助、補貼金額,true,元,2020,無揭露
84149955,G,稅務透明度,研發投入費用,true,元,2020,無揭露
84149060,G,稅務透明度,營利事業所得稅稅額,true,元,2020,57238000
84149060,G,稅務透明度,政府補助、補貼金額,true,元,2020,無揭露
84149060,G,稅務透明度,研發投入費用,true,元,2020,佔營收33.73%
84149759,G,稅務透明度,營利事業所得稅稅額,true,元,2020,4124
84149759,G,稅務透明度,政府補助、補貼金額,true,元,2020,無揭露
84149759,G,稅務透明度,研發投入費用,true,元,2020,無揭露
70785139,G,稅務透明度,營利事業所得稅稅額,true,元,2020,無揭露
70785139,G,稅務透明度,政府補助、補貼金額,true,元,2020,無揭露
70785139,G,稅務透明度,研發投入費用,true,元,2020,無揭露
12858252,G,稅務透明度,營利事業所得稅稅額,true,元,2020,275435
12858252,G,稅務透明度,政府補助、補貼金額,true,元,2020,無揭露
12858252,G,稅務透明度,研發投入費用,true,元,2020,無揭露
16299879,G,稅務透明度,營利事業所得稅稅額,true,元,2020,6710000
16299879,G,稅務透明度,政府補助、補貼金額,true,元,2020,無揭露
16299879,G,稅務透明度,研發投入費用,true,元,2020,250000000
89406518,G,稅務透明度,營利事業所得稅稅額,true,元,2020,無揭露
89406518,G,稅務透明度,政府補助、補貼金額,true,元,2020,無揭露
89406518,G,稅務透明度,研發投入費用,true,元,2020,無揭露
28069900,G,稅務透明度,營利事業所得稅稅額,true,元,2020,37000000
28069900,G,稅務透明度,政府補助、補貼金額,true,元,2020,無揭露
28069900,G,稅務透明度,研發投入費用,true,元,2020,無揭露
29187308,G,稅務透明度,營利事業所得稅稅額,true,元,2020,5500000000
29187308,G,稅務透明度,政府補助、補貼金額,true,元,2020,無揭露
29187308,G,稅務透明度,研發投入費用,true,元,2020,19300000000
28112646,G,稅務透明度,營利事業所得稅稅額,true,元,2020,211000000
28112646,G,稅務透明度,政府補助、補貼金額,true,元,2020,無揭露
28112646,G,稅務透明度,研發投入費用,true,元,2020,5516000000
84149499,G,稅務透明度,營利事業所得稅稅額,true,元,2020,無揭露
84149499,G,稅務透明度,政府補助、補貼金額,true,元,2020,97902000
84149499,G,稅務透明度,研發投入費用,true,元,2020,無揭露
12636560,G,稅務透明度,營利事業所得稅稅額,true,元,2020,36885000
12636560,G,稅務透明度,政府補助、補貼金額,true,元,2020,無揭露
12636560,G,稅務透明度,研發投入費用,true,元,2020,無揭露
97063584,G,稅務透明度,營利事業所得稅稅額,true,元,2020,無揭露
97063584,G,稅務透明度,政府補助、補貼金額,true,元,2020,無揭露
97063584,G,稅務透明度,研發投入費用,true,元,2020,770000000
16130330,G,稅務透明度,營利事業所得稅稅額,true,元,2020,無揭露
16130330,G,稅務透明度,政府補助、補貼金額,true,元,2020,無揭露
16130330,G,稅務透明度,研發投入費用,true,元,2020,無揭露
16082267,G,稅務透明度,營利事業所得稅稅額,true,元,2020,無揭露
16082267,G,稅務透明度,政府補助、補貼金額,true,元,2020,無揭露
16082267,G,稅務透明度,研發投入費用,true,元,2020,2200000000
22101116,G,稅務透明度,營利事業所得稅稅額,true,元,2020,無揭露
22101116,G,稅務透明度,政府補助、補貼金額,true,元,2020,無揭露
22101116,G,稅務透明度,研發投入費用,true,元,2020,無揭露
16130042,G,稅務透明度,營利事業所得稅稅額,true,元,2020,610000000
16130042,G,稅務透明度,政府補助、補貼金額,true,元,2020,無揭露
16130042,G,稅務透明度,研發投入費用,true,元,2020,1020000000
97444368,G,稅務透明度,營利事業所得稅稅額,true,元,2020,無揭露
97444368,G,稅務透明度,政府補助、補貼金額,true,元,2020,無揭露
97444368,G,稅務透明度,研發投入費用,true,元,2020,122801000
70752257,G,稅務透明度,營利事業所得稅稅額,true,元,2020,1533572000
70752257,G,稅務透明度,政府補助、補貼金額,true,元,2020,無揭露
70752257,G,稅務透明度,研發投入費用,true,元,2020,1010778000
16633261,G,稅務透明度,營利事業所得稅稅額,true,元,2020,無揭露
16633261,G,稅務透明度,政府補助、補貼金額,true,元,2020,無揭露
16633261,G,稅務透明度,研發投入費用,true,元,2020,1922977000
70751779,G,稅務透明度,營利事業所得稅稅額,true,元,2020,466146000
70751779,G,稅務透明度,政府補助、補貼金額,true,元,2020,無揭露
70751779,G,稅務透明度,研發投入費用,true,元,2020,無揭露
16741846,G,稅務透明度,營利事業所得稅稅額,true,元,2020,無揭露
16741846,G,稅務透明度,政府補助、補貼金額,true,元,2020,無揭露
16741846,G,稅務透明度,研發投入費用,true,元,2020,無揭露
70784292,G,稅務透明度,營利事業所得稅稅額,true,元,2020,無揭露
70784292,G,稅務透明度,政府補助、補貼金額,true,元,2020,0
70784292,G,稅務透明度,研發投入費用,true,元,2020,無揭露
89672698,G,稅務透明度,營利事業所得稅稅額,true,元,2020,無揭露
89672698,G,稅務透明度,政府補助、補貼金額,true,元,2020,0
89672698,G,稅務透明度,研發投入費用,true,元,2020,95794000
16406379,G,稅務透明度,營利事業所得稅稅額,true,元,2020,無揭露
16406379,G,稅務透明度,政府補助、補貼金額,true,元,2020,無揭露
16406379,G,稅務透明度,研發投入費用,true,元,2020,無揭露
28422591,G,稅務透明度,營利事業所得稅稅額,true,元,2020,無揭露
28422591,G,稅務透明度,政府補助、補貼金額,true,元,2020,無揭露
28422591,G,稅務透明度,研發投入費用,true,元,2020,無揭露
27490748,G,稅務透明度,營利事業所得稅稅額,true,元,2020,無揭露
27490748,G,稅務透明度,政府補助、補貼金額,true,元,2020,無揭露
27490748,G,稅務透明度,研發投入費用,true,元,2020,513000000
28935446,G,稅務透明度,營利事業所得稅稅額,true,元,2020,87873000
28935446,G,稅務透明度,政府補助、補貼金額,true,元,2020,無揭露
28935446,G,稅務透明度,研發投入費用,true,元,2020,無揭露
84149358,G,稅務透明度,營利事業所得稅稅額,true,元,2020,1260000000
84149358,G,稅務透明度,政府補助、補貼金額,true,元,2020,無揭露
84149358,G,稅務透明度,研發投入費用,true,元,2020,無揭露
47238650,G,稅務透明度,營利事業所得稅稅額,true,元,2020,無揭露
47238650,G,稅務透明度,政府補助、補貼金額,true,元,2020,無揭露
47238650,G,稅務透明度,研發投入費用,true,元,2020,無揭露
16130009,G,稅務透明度,營利事業所得稅稅額,true,元,2020,789000000
16130009,G,稅務透明度,政府補助、補貼金額,true,元,2020,526390
16130009,G,稅務透明度,研發投入費用,true,元,2020,無揭露
16138282,G,稅務透明度,營利事業所得稅稅額,true,元,2020,無揭露
16138282,G,稅務透明度,政府補助、補貼金額,true,元,2020,無揭露
16138282,G,稅務透明度,研發投入費用,true,元,2020,無揭露
28113286,G,稅務透明度,營利事業所得稅稅額,true,元,2020,無揭露
28113286,G,稅務透明度,政府補助、補貼金額,true,元,2020,無揭露
28113286,G,稅務透明度,研發投入費用,true,元,2020,無揭露
27879121,G,稅務透明度,營利事業所得稅稅額,true,元,2020,163573000
27879121,G,稅務透明度,政府補助、補貼金額,true,元,2020,無揭露
27879121,G,稅務透明度,研發投入費用,true,元,2020,無揭露
70849957,G,稅務透明度,營利事業所得稅稅額,true,元,2020,175742000
70849957,G,稅務透明度,政府補助、補貼金額,true,元,2020,83183000
70849957,G,稅務透明度,研發投入費用,true,元,2020,228583000
12649951,G,稅務透明度,營利事業所得稅稅額,true,元,2020,986678000
12649951,G,稅務透明度,政府補助、補貼金額,true,元,2020,無揭露
12649951,G,稅務透明度,研發投入費用,true,元,2020,無揭露
47217677,G,ISO認證,ISO 9001,true,,2020,有
47217677,G,ISO認證,ISO 14001,true,,2020,有
47217677,G,ISO認證,ISO 45001,true,,2020,有
47217677,G,ISO認證,ISO 50001,true,,2020,有
89004161,G,ISO認證,ISO 9001,true,,2020,有
89004161,G,ISO認證,ISO 14001,true,,2020,有
89004161,G,ISO認證,ISO 45001,true,,2020,有
89004161,G,ISO認證,ISO 50001,true,,2020,無
22099131,G,ISO認證,ISO 9001,true,,2020,有
22099131,G,ISO認證,ISO 14001,true,,2020,有
22099131,G,ISO認證,ISO 45001,true,,2020,有
22099131,G,ISO認證,ISO 50001,true,,2020,有
22099548,G,ISO認證,ISO 9001,true,,2020,有
22099548,G,ISO認證,ISO 14001,true,,2020,NA
22099548,G,ISO認證,ISO 45001,true,,2020,NA
22099548,G,ISO認證,ISO 50001,true,,2020,NA
22099218,G,ISO認證,ISO 9001,true,,2020,有
22099218,G,ISO認證,ISO 14001,true,,2020,有
22099218,G,ISO認證,ISO 45001,true,,2020,有
22099218,G,ISO認證,ISO 50001,true,,2020,無
58506816,G,ISO認證,ISO 9001,true,,2020,有
58506816,G,ISO認證,ISO 14001,true,,2020,有
58506816,G,ISO認證,ISO 45001,true,,2020,有
58506816,G,ISO認證,ISO 50001,true,,2020,有
22099202,G,ISO認證,ISO 9001,true,,2020,NA
22099202,G,ISO認證,ISO 14001,true,,2020,NA
22099202,G,ISO認證,ISO 45001,true,,2020,NA
22099202,G,ISO認證,ISO 50001,true,,2020,NA
22671299,G,ISO認證,ISO 9001,true,,2020,有
22671299,G,ISO認證,ISO 14001,true,,2020,有
22671299,G,ISO認證,ISO 45001,true,,2020,有
22671299,G,ISO認證,ISO 50001,true,,2020,NA
23821182,G,ISO認證,ISO 9001,true,,2020,有
23821182,G,ISO認證,ISO 14001,true,,2020,有
23821182,G,ISO認證,ISO 45001,true,,2020,有
23821182,G,ISO認證,ISO 50001,true,,2020,無
89390656,G,ISO認證,ISO 9001,true,,2020,有
89390656,G,ISO認證,ISO 14001,true,,2020,NA
89390656,G,ISO認證,ISO 45001,true,,2020,NA
89390656,G,ISO認證,ISO 50001,true,,2020,有
05126366,G,ISO認證,ISO 9001,true,,2020,有
05126366,G,ISO認證,ISO 14001,true,,2020,無
05126366,G,ISO認證,ISO 45001,true,,2020,有
05126366,G,ISO認證,ISO 50001,true,,2020,無
22507241,G,ISO認證,ISO 9001,true,,2020,有
22507241,G,ISO認證,ISO 14001,true,,2020,有
22507241,G,ISO認證,ISO 45001,true,,2020,有
22507241,G,ISO認證,ISO 50001,true,,2020,有
84149961,G,ISO認證,ISO 9001,true,,2020,無
84149961,G,ISO認證,ISO 14001,true,,2020,有
84149961,G,ISO認證,ISO 45001,true,,2020,無
84149961,G,ISO認證,ISO 50001,true,,2020,無
84149224,G,ISO認證,ISO 9001,true,,2020,NA
84149224,G,ISO認證,ISO 14001,true,,2020,有
84149224,G,ISO認證,ISO 45001,true,,2020,有
84149224,G,ISO認證,ISO 50001,true,,2020,無
16130280,G,ISO認證,ISO 9001,true,,2020,無
16130280,G,ISO認證,ISO 14001,true,,2020,有
16130280,G,ISO認證,ISO 45001,true,,2020,無
16130280,G,ISO認證,ISO 50001,true,,2020,無
84149955,G,ISO認證,ISO 9001,true,,2020,有
84149955,G,ISO認證,ISO 14001,true,,2020,有
84149955,G,ISO認證,ISO 45001,true,,2020,有
84149955,G,ISO認證,ISO 50001,true,,2020,無
84149060,G,ISO認證,ISO 9001,true,,2020,有
84149060,G,ISO認證,ISO 14001,true,,2020,無
84149060,G,ISO認證,ISO 45001,true,,2020,無
84149060,G,ISO認證,ISO 50001,true,,2020,無
84149759,G,ISO認證,ISO 9001,true,,2020,有
84149759,G,ISO認證,ISO 14001,true,,2020,無
84149759,G,ISO認證,ISO 45001,true,,2020,無
84149759,G,ISO認證,ISO 50001,true,,2020,無
70785139,G,ISO認證,ISO 9001,true,,2020,無
70785139,G,ISO認證,ISO 14001,true,,2020,有
70785139,G,ISO認證,ISO 45001,true,,2020,有
70785139,G,ISO認證,ISO 50001,true,,2020,無
12858252,G,ISO認證,ISO 9001,true,,2020,無
12858252,G,ISO認證,ISO 14001,true,,2020,有
12858252,G,ISO認證,ISO 45001,true,,2020,無
12858252,G,ISO認證,ISO 50001,true,,2020,無
16299879,G,ISO認證,ISO 9001,true,,2020,NA
16299879,G,ISO認證,ISO 14001,true,,2020,無
16299879,G,ISO認證,ISO 45001,true,,2020,有
16299879,G,ISO認證,ISO 50001,true,,2020,無
89406518,G,ISO認證,ISO 9001,true,,2020,有
89406518,G,ISO認證,ISO 14001,true,,2020,有
89406518,G,ISO認證,ISO 45001,true,,2020,有
89406518,G,ISO認證,ISO 50001,true,,2020,無
28069900,G,ISO認證,ISO 9001,true,,2020,有
28069900,G,ISO認證,ISO 14001,true,,2020,有
28069900,G,ISO認證,ISO 45001,true,,2020,有
28069900,G,ISO認證,ISO 50001,true,,2020,無
29187308,G,ISO認證,ISO 9001,true,,2020,無
29187308,G,ISO認證,ISO 14001,true,,2020,有
29187308,G,ISO認證,ISO 45001,true,,2020,無
29187308,G,ISO認證,ISO 50001,true,,2020,有
28112646,G,ISO認證,ISO 9001,true,,2020,無
28112646,G,ISO認證,ISO 14001,true,,2020,無
28112646,G,ISO認證,ISO 45001,true,,2020,有
28112646,G,ISO認證,ISO 50001,true,,2020,無
84149499,G,ISO認證,ISO 9001,true,,2020,有
84149499,G,ISO認證,ISO 14001,true,,2020,有
84149499,G,ISO認證,ISO 45001,true,,2020,無
84149499,G,ISO認證,ISO 50001,true,,2020,無
12636560,G,ISO認證,ISO 9001,true,,2020,有
12636560,G,ISO認證,ISO 14001,true,,2020,有
12636560,G,ISO認證,ISO 45001,true,,2020,無
12636560,G,ISO認證,ISO 50001,true,,2020,無
97063584,G,ISO認證,ISO 9001,true,,2020,有
97063584,G,ISO認證,ISO 14001,true,,2020,有
97063584,G,ISO認證,ISO 45001,true,,2020,無
97063584,G,ISO認證,ISO 50001,true,,2020,無
16130330,G,ISO認證,ISO 9001,true,,2020,有
16130330,G,ISO認證,ISO 14001,true,,2020,有
16130330,G,ISO認證,ISO 45001,true,,2020,有
16130330,G,ISO認證,ISO 50001,true,,2020,無
16082267,G,ISO認證,ISO 9001,true,,2020,有
16082267,G,ISO認證,ISO 14001,true,,2020,有
16082267,G,ISO認證,ISO 45001,true,,2020,有
16082267,G,ISO認證,ISO 50001,true,,2020,有
22101116,G,ISO認證,ISO 9001,true,,2020,無
22101116,G,ISO認證,ISO 14001,true,,2020,無
22101116,G,ISO認證,ISO 45001,true,,2020,無
22101116,G,ISO認證,ISO 50001,true,,2020,無
16130042,G,ISO認證,ISO 9001,true,,2020,有
16130042,G,ISO認證,ISO 14001,true,,2020,有
16130042,G,ISO認證,ISO 45001,true,,2020,有
16130042,G,ISO認證,ISO 50001,true,,2020,有
97444368,G,ISO認證,ISO 9001,true,,2020,有
97444368,G,ISO認證,ISO 14001,true,,2020,有
97444368,G,ISO認證,ISO 45001,true,,2020,有
97444368,G,ISO認證,ISO 50001,true,,2020,無
70752257,G,ISO認證,ISO 9001,true,,2020,有
70752257,G,ISO認證,ISO 14001,true,,2020,有
70752257,G,ISO認證,ISO 45001,true,,2020,有
70752257,G,ISO認證,ISO 50001,true,,2020,無
16633261,G,ISO認證,ISO 9001,true,,2020,有
16633261,G,ISO認證,ISO 14001,true,,2020,有
16633261,G,ISO認證,ISO 45001,true,,2020,無
16633261,G,ISO認證,ISO 50001,true,,2020,無
70751779,G,ISO認證,ISO 9001,true,,2020,有
70751779,G,ISO認證,ISO 14001,true,,2020,有
70751779,G,ISO認證,ISO 45001,true,,2020,有
70751779,G,ISO認證,ISO 50001,true,,2020,有
16741846,G,ISO認證,ISO 9001,true,,2020,無
16741846,G,ISO認證,ISO 14001,true,,2020,有
16741846,G,ISO認證,ISO 45001,true,,2020,有
16741846,G,ISO認證,ISO 50001,true,,2020,無
70784292,G,ISO認證,ISO 9001,true,,2020,有
70784292,G,ISO認證,ISO 14001,true,,2020,無
70784292,G,ISO認證,ISO 45001,true,,2020,無
70784292,G,ISO認證,ISO 50001,true,,2020,無
89672698,G,ISO認證,ISO 9001,true,,2020,無
89672698,G,ISO認證,ISO 14001,true,,2020,有
89672698,G,ISO認證,ISO 45001,true,,2020,無
89672698,G,ISO認證,ISO 50001,true,,2020,無
16406379,G,ISO認證,ISO 9001,true,,2020,有
16406379,G,ISO認證,ISO 14001,true,,2020,有
16406379,G,ISO認證,ISO 45001,true,,2020,有
16406379,G,ISO認證,ISO 50001,true,,2020,有
28422591,G,ISO認證,ISO 9001,true,,2020,NA
28422591,G,ISO認證,ISO 14001,true,,2020,NA
28422591,G,ISO認證,ISO 45001,true,,2020,NA
28422591,G,ISO認證,ISO 50001,true,,2020,NA
27490748,G,ISO認證,ISO 9001,true,,2020,有
27490748,G,ISO認證,ISO 14001,true,,2020,有
27490748,G,ISO認證,ISO 45001,true,,2020,無
27490748,G,ISO認證,ISO 50001,true,,2020,無
28935446,G,ISO認證,ISO 9001,true,,2020,無
28935446,G,ISO認證,ISO 14001,true,,2020,有
28935446,G,ISO認證,ISO 45001,true,,2020,無
28935446,G,ISO認證,ISO 50001,true,,2020,無
84149358,G,ISO認證,ISO 9001,true,,2020,有
84149358,G,ISO認證,ISO 14001,true,,2020,有
84149358,G,ISO認證,ISO 45001,true,,2020,有
84149358,G,ISO認證,ISO 50001,true,,2020,有
47238650,G,ISO認證,ISO 9001,true,,2020,NA
47238650,G,ISO認證,ISO 14001,true,,2020,NA
47238650,G,ISO認證,ISO 45001,true,,2020,有
47238650,G,ISO認證,ISO 50001,true,,2020,有
16130009,G,ISO認證,ISO 9001,true,,2020,有
16130009,G,ISO認證,ISO 14001,true,,2020,有
16130009,G,ISO認證,ISO 45001,true,,2020,有
16130009,G,ISO認證,ISO 50001,true,,2020,NA
16138282,G,ISO認證,ISO 9001,true,,2020,有
16138282,G,ISO認證,ISO 14001,true,,2020,有
16138282,G,ISO認證,ISO 45001,true,,2020,有
16138282,G,ISO認證,ISO 50001,true,,2020,有
28113286,G,ISO認證,ISO 9001,true,,2020,NA
28113286,G,ISO認證,ISO 14001,true,,2020,有
28113286,G,ISO認證,ISO 45001,true,,2020,有
28113286,G,ISO認證,ISO 50001,true,,2020,有
27879121,G,ISO認證,ISO 9001,true,,2020,有
27879121,G,ISO認證,ISO 14001,true,,2020,有
27879121,G,ISO認證,ISO 45001,true,,2020,有
27879121,G,ISO認證,ISO 50001,true,,2020,NA
70849957,G,ISO認證,ISO 9001,true,,2020,有
70849957,G,ISO認證,ISO 14001,true,,2020,有
70849957,G,ISO認證,ISO 45001,true,,2020,NA
70849957,G,ISO認證,ISO 50001,true,,2020,NA
12649951,G,ISO認證,ISO 9001,true,,2020,NA
12649951,G,ISO認證,ISO 14001,true,,2020,NA
12649951,G,ISO認證,ISO 45001,true,,2020,有
12649951,G,ISO認證,ISO 50001,true,,2020,NA
16082267,X,相關金融商品,中國信託臺灣ESG永續關鍵半導體ETF基金,,,2020,T
16082267,X,相關金融商品,富邦臺灣公司治理100基金,,,2020,T
29187308,X,相關金融商品,中國信託臺灣ESG永續關鍵半導體ETF基金,,,2020,T
29187308,X,相關金融商品,元大臺灣ESG永續ETF基金,,,2020,T
29187308,X,相關金融商品,永豐台灣ESG永續優質ETF基金,,,2020,T
29187308,X,相關金融商品,富邦臺灣公司治理100基金,,,2020,T
47217677,X,相關金融商品,中國信託臺灣ESG永續關鍵半導體ETF基金,,,2019,T
47217677,X,相關金融商品,元大臺灣ESG永續ETF基金,,,2019,T
47217677,X,相關金融商品,永豐台灣ESG永續優質ETF基金,,,2019,T
47217677,X,相關金融商品,富邦臺灣公司治理100基金,,,2019,T
47217677,X,相關金融商品,中國信託臺灣ESG永續關鍵半導體ETF基金,,,2018,T
47217677,X,相關金融商品,元大臺灣ESG永續ETF基金,,,2018,T
47217677,X,相關金融商品,永豐台灣ESG永續優質ETF基金,,,2018,T
47217677,X,相關金融商品,富邦臺灣公司治理100基金,,,2018,T
22099131,X,相關金融商品,中國信託臺灣ESG永續關鍵半導體ETF基金,,,2019,T
22099131,X,相關金融商品,元大臺灣ESG永續ETF基金,,,2019,T
22099131,X,相關金融商品,永豐台灣ESG永續優質ETF基金,,,2019,T
22099131,X,相關金融商品,富邦臺灣公司治理100基金,,,2019,T
22099131,X,相關金融商品,中國信託臺灣ESG永續關鍵半導體ETF基金,,,2018,T
22099131,X,相關金融商品,元大臺灣ESG永續ETF基金,,,2018,T
22099131,X,相關金融商品,永豐台灣ESG永續優質ETF基金,,,2018,T
22099131,X,相關金融商品,富邦臺灣公司治理100基金,,,2018,T
22099548,X,相關金融商品,中國信託臺灣ESG永續關鍵半導體ETF基金,,,2020,T
22099548,X,相關金融商品,中國信託臺灣ESG永續關鍵半導體ETF基金,,,2019,T
22099548,X,相關金融商品,中國信託臺灣ESG永續關鍵半導體ETF基金,,,2018,T
22099218,X,相關金融商品,中國信託臺灣ESG永續關鍵半導體ETF基金,,,2020,T
22099218,X,相關金融商品,中國信託臺灣ESG永續關鍵半導體ETF基金,,,2019,T
22099218,X,相關金融商品,中國信託臺灣ESG永續關鍵半導體ETF基金,,,2018,T
22099131,X,相關金融商品,中國信託臺灣ESG永續關鍵半導體ETF基金,,,2020,T
22099131,X,相關金融商品,元大臺灣ESG永續ETF基金,,,2020,T
22099131,X,相關金融商品,永豐台灣ESG永續優質ETF基金,,,2020,T
22099131,X,相關金融商品,富邦臺灣公司治理100基金,,,2020,T
22671299,X,相關金融商品,中國信託臺灣ESG永續關鍵半導體ETF基金,,,2020,T
22671299,X,相關金融商品,中國信託臺灣ESG永續關鍵半導體ETF基金,,,2019,T
22671299,X,相關金融商品,中國信託臺灣ESG永續關鍵半導體ETF基金,,,2018,T
89390656,X,相關金融商品,中國信託臺灣ESG永續關鍵半導體ETF基金,,,2019,T
89390656,X,相關金融商品,元大臺灣ESG永續ETF基金,,,2019,T
89390656,X,相關金融商品,永豐台灣ESG永續優質ETF基金,,,2019,T
89390656,X,相關金融商品,國泰ESG永續高股息,,,2019,T
89390656,X,相關金融商品,富邦臺灣公司治理100基金,,,2019,T
89390656,X,相關金融商品,中國信託臺灣ESG永續關鍵半導體ETF基金,,,2018,T
89390656,X,相關金融商品,元大臺灣ESG永續ETF基金,,,2018,T
89390656,X,相關金融商品,永豐台灣ESG永續優質ETF基金,,,2018,T
89390656,X,相關金融商品,國泰ESG永續高股息,,,2018,T
89390656,X,相關金融商品,富邦臺灣公司治理100基金,,,2018,T
05126366,X,相關金融商品,中國信託臺灣ESG永續關鍵半導體ETF基金,,,2020,T
05126366,X,相關金融商品,中國信託臺灣ESG永續關鍵半導體ETF基金,,,2019,T
05126366,X,相關金融商品,中國信託臺灣ESG永續關鍵半導體ETF基金,,,2018,T
22507241,X,相關金融商品,中國信託臺灣ESG永續關鍵半導體ETF基金,,,2020,T
22507241,X,相關金融商品,中國信託臺灣ESG永續關鍵半導體ETF基金,,,2019,T
22507241,X,相關金融商品,中國信託臺灣ESG永續關鍵半導體ETF基金,,,2018,T
84149961,X,相關金融商品,中國信託臺灣ESG永續關鍵半導體ETF基金,,,2019,T
84149961,X,相關金融商品,元大臺灣ESG永續ETF基金,,,2019,T
84149961,X,相關金融商品,永豐台灣ESG永續優質ETF基金,,,2019,T
84149961,X,相關金融商品,富邦臺灣公司治理100基金,,,2019,T
84149961,X,相關金融商品,中國信託臺灣ESG永續關鍵半導體ETF基金,,,2018,T
84149961,X,相關金融商品,元大臺灣ESG永續ETF基金,,,2018,T
84149961,X,相關金融商品,永豐台灣ESG永續優質ETF基金,,,2018,T
84149961,X,相關金融商品,富邦臺灣公司治理100基金,,,2018,T
84149224,X,相關金融商品,中國信託臺灣ESG永續關鍵半導體ETF基金,,,2019,T
84149224,X,相關金融商品,富邦臺灣公司治理100基金,,,2019,T
84149224,X,相關金融商品,中國信託臺灣ESG永續關鍵半導體ETF基金,,,2018,T
84149224,X,相關金融商品,富邦臺灣公司治理100基金,,,2018,T
89390656,X,相關金融商品,中國信託臺灣ESG永續關鍵半導體ETF基金,,,2020,T
89390656,X,相關金融商品,元大臺灣ESG永續ETF基金,,,2020,T
89390656,X,相關金融商品,永豐台灣ESG永續優質ETF基金,,,2020,T
89390656,X,相關金融商品,國泰ESG永續高股息,,,2020,T
89390656,X,相關金融商品,富邦臺灣公司治理100基金,,,2020,T
84149955,X,相關金融商品,中國信託臺灣ESG永續關鍵半導體ETF基金,,,2019,T
84149955,X,相關金融商品,元大臺灣ESG永續ETF基金,,,2019,T
84149955,X,相關金融商品,富邦臺灣公司治理100基金,,,2019,T
84149955,X,相關金融商品,中國信託臺灣ESG永續關鍵半導體ETF基金,,,2018,T
84149955,X,相關金融商品,元大臺灣ESG永續ETF基金,,,2018,T
84149955,X,相關金融商品,富邦臺灣公司治理100基金,,,2018,T
70752257,X,相關金融商品,中國信託臺灣ESG永續關鍵半導體ETF基金,,,2020,T
70752257,X,相關金融商品,永豐台灣ESG永續優質ETF基金,,,2020,T
70752257,X,相關金融商品,中國信託臺灣ESG永續關鍵半導體ETF基金,,,2019,T
70752257,X,相關金融商品,永豐台灣ESG永續優質ETF基金,,,2019,T
70752257,X,相關金融商品,中國信託臺灣ESG永續關鍵半導體ETF基金,,,2018,T
70752257,X,相關金融商品,永豐台灣ESG永續優質ETF基金,,,2018,T
16741846,X,相關金融商品,中國信託臺灣ESG永續關鍵半導體ETF基金,,,2020,T
16741846,X,相關金融商品,中國信託臺灣ESG永續關鍵半導體ETF基金,,,2019,T
16741846,X,相關金融商品,中國信託臺灣ESG永續關鍵半導體ETF基金,,,2018,T
16299879,X,相關金融商品,中國信託臺灣ESG永續關鍵半導體ETF基金,,,2020,T
16299879,X,相關金融商品,中國信託臺灣ESG永續關鍵半導體ETF基金,,,2019,T
16299879,X,相關金融商品,中國信託臺灣ESG永續關鍵半導體ETF基金,,,2018,T
70784292,X,相關金融商品,中國信託臺灣ESG永續關鍵半導體ETF基金,,,2020,T
70784292,X,相關金融商品,中國信託臺灣ESG永續關鍵半導體ETF基金,,,2019,T
70784292,X,相關金融商品,中國信託臺灣ESG永續關鍵半導體ETF基金,,,2018,T
31659649,X,相關金融商品,中國信託臺灣ESG永續關鍵半導體ETF基金,,,2020,T
31659649,X,相關金融商品,中國信託臺灣ESG永續關鍵半導體ETF基金,,,2019,T
31659649,X,相關金融商品,中國信託臺灣ESG永續關鍵半導體ETF基金,,,2018,T
29187308,X,相關金融商品,中國信託臺灣ESG永續關鍵半導體ETF基金,,,2019,T
29187308,X,相關金融商品,元大臺灣ESG永續ETF基金,,,2019,T
29187308,X,相關金融商品,永豐台灣ESG永續優質ETF基金,,,2019,T
29187308,X,相關金融商品,富邦臺灣公司治理100基金,,,2019,T
29187308,X,相關金融商品,中國信託臺灣ESG永續關鍵半導體ETF基金,,,2018,T
29187308,X,相關金融商品,元大臺灣ESG永續ETF基金,,,2018,T
29187308,X,相關金融商品,永豐台灣ESG永續優質ETF基金,,,2018,T
29187308,X,相關金融商品,富邦臺灣公司治理100基金,,,2018,T
28112646,X,相關金融商品,中國信託臺灣ESG永續關鍵半導體ETF基金,,,2020,T
28112646,X,相關金融商品,富邦臺灣公司治理100基金,,,2020,T
84149224,X,相關金融商品,中國信託臺灣ESG永續關鍵半導體ETF基金,,,2020,T
84149224,X,相關金融商品,富邦臺灣公司治理100基金,,,2020,T
28112646,X,相關金融商品,中國信託臺灣ESG永續關鍵半導體ETF基金,,,2019,T
28112646,X,相關金融商品,富邦臺灣公司治理100基金,,,2019,T
28112646,X,相關金融商品,中國信託臺灣ESG永續關鍵半導體ETF基金,,,2018,T
28112646,X,相關金融商品,富邦臺灣公司治理100基金,,,2018,T
28422591,X,相關金融商品,中國信託臺灣ESG永續關鍵半導體ETF基金,,,2020,T
28422591,X,相關金融商品,中國信託臺灣ESG永續關鍵半導體ETF基金,,,2019,T
28422591,X,相關金融商品,中國信託臺灣ESG永續關鍵半導體ETF基金,,,2018,T
80688184,X,相關金融商品,中國信託臺灣ESG永續關鍵半導體ETF基金,,,2020,T
80688184,X,相關金融商品,中國信託臺灣ESG永續關鍵半導體ETF基金,,,2019,T
80688184,X,相關金融商品,中國信託臺灣ESG永續關鍵半導體ETF基金,,,2018,T
27490748,X,相關金融商品,中國信託臺灣ESG永續關鍵半導體ETF基金,,,2020,T
27490748,X,相關金融商品,中國信託臺灣ESG永續關鍵半導體ETF基金,,,2019,T
27490748,X,相關金融商品,中國信託臺灣ESG永續關鍵半導體ETF基金,,,2018,T
84149358,X,相關金融商品,中國信託臺灣ESG永續關鍵半導體ETF基金,,,2020,T
84149358,X,相關金融商品,永豐台灣ESG永續優質ETF基金,,,2020,T
84149358,X,相關金融商品,國泰ESG永續高股息,,,2020,T
84149358,X,相關金融商品,中國信託臺灣ESG永續關鍵半導體ETF基金,,,2019,T
84149358,X,相關金融商品,永豐台灣ESG永續優質ETF基金,,,2019,T
84149358,X,相關金融商品,國泰ESG永續高股息,,,2019,T
84149358,X,相關金融商品,中國信託臺灣ESG永續關鍵半導體ETF基金,,,2018,T
84149358,X,相關金融商品,永豐台灣ESG永續優質ETF基金,,,2018,T
84149358,X,相關金融商品,國泰ESG永續高股息,,,2018,T
47238650,X,相關金融商品,中國信託臺灣ESG永續關鍵半導體ETF基金,,,2020,T
47238650,X,相關金融商品,中國信託臺灣ESG永續關鍵半導體ETF基金,,,2019,T
47238650,X,相關金融商品,中國信託臺灣ESG永續關鍵半導體ETF基金,,,2018,T
23826736,X,相關金融商品,富邦臺灣公司治理100基金,,,2020,T
16130009,X,相關金融商品,中國信託臺灣ESG永續關鍵半導體ETF基金,,,2020,T
16130009,X,相關金融商品,中國信託臺灣ESG永續關鍵半導體ETF基金,,,2019,T
16130009,X,相關金融商品,中國信託臺灣ESG永續關鍵半導體ETF基金,,,2018,T
16082267,X,相關金融商品,中國信託臺灣ESG永續關鍵半導體ETF基金,,,2019,T
16082267,X,相關金融商品,富邦臺灣公司治理100基金,,,2019,T
16082267,X,相關金融商品,中國信託臺灣ESG永續關鍵半導體ETF基金,,,2018,T
16082267,X,相關金融商品,富邦臺灣公司治理100基金,,,2018,T
02906023,X,相關金融商品,中國信託臺灣ESG永續關鍵半導體ETF基金,,,2020,T
02906023,X,相關金融商品,中國信託臺灣ESG永續關鍵半導體ETF基金,,,2019,T
02906023,X,相關金融商品,中國信託臺灣ESG永續關鍵半導體ETF基金,,,2018,T
28113286,X,相關金融商品,中國信託臺灣ESG永續關鍵半導體ETF基金,,,2020,T
28113286,X,相關金融商品,永豐台灣ESG永續優質ETF基金,,,2020,T
28113286,X,相關金融商品,中國信託臺灣ESG永續關鍵半導體ETF基金,,,2019,T
28113286,X,相關金融商品,永豐台灣ESG永續優質ETF基金,,,2019,T
28113286,X,相關金融商品,中國信託臺灣ESG永續關鍵半導體ETF基金,,,2018,T
28113286,X,相關金融商品,永豐台灣ESG永續優質ETF基金,,,2018,T
23826736,X,相關金融商品,富邦臺灣公司治理100基金,,,2019,T
23826736,X,相關金融商品,富邦臺灣公司治理100基金,,,2018,T
12649951,X,相關金融商品,國泰ESG永續高股息,,,2020,T
12649951,X,相關金融商品,國泰ESG永續高股息,,,2019,T
12649951,X,相關金融商品,國泰ESG永續高股息,,,2018,T
84149961,X,相關金融商品,中國信託臺灣ESG永續關鍵半導體ETF基金,,,2020,T
84149961,X,相關金融商品,元大臺灣ESG永續ETF基金,,,2020,T
84149961,X,相關金融商品,永豐台灣ESG永續優質ETF基金,,,2020,T
84149961,X,相關金融商品,富邦臺灣公司治理100基金,,,2020,T
84149955,X,相關金融商品,中國信託臺灣ESG永續關鍵半導體ETF基金,,,2020,T
84149955,X,相關金融商品,元大臺灣ESG永續ETF基金,,,2020,T
84149955,X,相關金融商品,富邦臺灣公司治理100基金,,,2020,T
47217677,X,相關金融商品,中國信託臺灣ESG永續關鍵半導體ETF基金,,,2020,T
47217677,X,相關金融商品,元大臺灣ESG永續ETF基金,,,2020,T
47217677,X,相關金融商品,永豐台灣ESG永續優質ETF基金,,,2020,T
47217677,X,相關金融商品,富邦臺灣公司治理100基金,,,2020,T
