統編,分類,子分類,項目,來自公司報告,單位,年份,數值
11085292,E,溫室氣體排放,範疇一直接排放,,公噸CO2e,2005,3903.0999999999985
11085292,E,溫室氣體排放,範疇二間接排放,,公噸CO2e,2005,96882.24
11085292,E,溫室氣體排放,直接＋間接排放,,公噸CO2e,2005,100785.34
11085292,E,溫室氣體排放,範疇一直接排放,,公噸CO2e,2006,7497.0199999999895
11085292,E,溫室氣體排放,範疇二間接排放,,公噸CO2e,2006,130015.47
11085292,E,溫室氣體排放,直接＋間接排放,,公噸CO2e,2006,137512.49
11085292,E,溫室氣體排放,範疇一直接排放,,公噸CO2e,2007,7998.9100000000035
11085292,E,溫室氣體排放,範疇二間接排放,,公噸CO2e,2007,134170.81
11085292,E,溫室氣體排放,直接＋間接排放,,公噸CO2e,2007,142169.72
11085292,E,溫室氣體排放,範疇一直接排放,,公噸CO2e,2008,9381.660000000003
11085292,E,溫室氣體排放,範疇二間接排放,,公噸CO2e,2008,123094.98000000001
11085292,E,溫室氣體排放,直接＋間接排放,,公噸CO2e,2008,132476.64
11085292,E,溫室氣體排放,範疇一直接排放,,公噸CO2e,2013,591047.6900000001
11085292,E,溫室氣體排放,範疇二間接排放,,公噸CO2e,2013,517851.98000000004
11085292,E,溫室氣體排放,直接＋間接排放,,公噸CO2e,2013,1108899.6700000002
53116310,E,溫室氣體排放,範疇一直接排放,,公噸CO2e,2013,296.28999999999905
53116310,E,溫室氣體排放,範疇二間接排放,,公噸CO2e,2013,12450.43
53116310,E,溫室氣體排放,直接＋間接排放,,公噸CO2e,2013,12746.72
11085292,E,溫室氣體排放,範疇一直接排放,,公噸CO2e,2014,440099.68000000005
11085292,E,溫室氣體排放,範疇二間接排放,,公噸CO2e,2014,512390.73
11085292,E,溫室氣體排放,直接＋間接排放,,公噸CO2e,2014,952490.41
53116310,E,溫室氣體排放,範疇一直接排放,,公噸CO2e,2014,394.2000000000007
53116310,E,溫室氣體排放,範疇二間接排放,,公噸CO2e,2014,14269.89
53116310,E,溫室氣體排放,直接＋間接排放,,公噸CO2e,2014,14664.09
11085292,E,溫室氣體排放,範疇一直接排放,,公噸CO2e,2015,576213.85
11085292,E,溫室氣體排放,範疇二間接排放,,公噸CO2e,2015,494995.6
11085292,E,溫室氣體排放,直接＋間接排放,,公噸CO2e,2015,1071209.45
53116310,E,溫室氣體排放,範疇一直接排放,,公噸CO2e,2015,405.2099999999991
53116310,E,溫室氣體排放,範疇二間接排放,,公噸CO2e,2015,16066.25
53116310,E,溫室氣體排放,直接＋間接排放,,公噸CO2e,2015,16471.46
11085292,E,溫室氣體排放,範疇一直接排放,,公噸CO2e,2016,310838.19999999995
11085292,E,溫室氣體排放,範疇二間接排放,,公噸CO2e,2016,394897.07
11085292,E,溫室氣體排放,直接＋間接排放,,公噸CO2e,2016,705735.27
53116310,E,溫室氣體排放,範疇一直接排放,,公噸CO2e,2016,437.7900000000009
53116310,E,溫室氣體排放,範疇二間接排放,,公噸CO2e,2016,13500.65
53116310,E,溫室氣體排放,直接＋間接排放,,公噸CO2e,2016,13938.44
11085292,E,溫室氣體排放,範疇一直接排放,,公噸CO2e,2017,284488.55
11085292,E,溫室氣體排放,範疇二間接排放,,公噸CO2e,2017,426401.19000000006
11085292,E,溫室氣體排放,直接＋間接排放,,公噸CO2e,2017,710889.74
53116310,E,溫室氣體排放,範疇一直接排放,,公噸CO2e,2017,316.7000000000007
53116310,E,溫室氣體排放,範疇二間接排放,,公噸CO2e,2017,13819.46
53116310,E,溫室氣體排放,直接＋間接排放,,公噸CO2e,2017,14136.16
11085292,E,溫室氣體排放,範疇一直接排放,,公噸CO2e,2018,219031.54000000004
11085292,E,溫室氣體排放,範疇二間接排放,,公噸CO2e,2018,385053.85
11085292,E,溫室氣體排放,直接＋間接排放,,公噸CO2e,2018,604085.39
53116310,E,溫室氣體排放,範疇一直接排放,,公噸CO2e,2018,343.10000000000036
53116310,E,溫室氣體排放,範疇二間接排放,,公噸CO2e,2018,12399.8
53116310,E,溫室氣體排放,直接＋間接排放,,公噸CO2e,2018,12742.9
22822281,E,溫室氣體排放,範疇一直接排放,,公噸CO2e,2022,474.29899999999907
22822281,E,溫室氣體排放,範疇二間接排放,,公噸CO2e,2022,29597.04
22822281,E,溫室氣體排放,直接＋間接排放,,公噸CO2e,2022,30071.339
47226140,E,溫室氣體排放,溫室氣體減量目標說明,,,2021,NA
47226140,E,溫室氣體排放,溫室氣體減量承諾,,,2021,未填報
09424319,E,溫室氣體排放,溫室氣體減量目標說明,,,2021,NA
09424319,E,溫室氣體排放,溫室氣體減量承諾,,,2021,未填報
79883646,E,溫室氣體排放,溫室氣體減量目標說明,,,2021,NA
79883646,E,溫室氣體排放,溫室氣體減量承諾,,,2021,未填報
05141520,E,溫室氣體排放,溫室氣體減量目標說明,,,2021,NA
05141520,E,溫室氣體排放,溫室氣體減量承諾,,,2021,未填報
86244265,E,溫室氣體排放,溫室氣體減量目標說明,,,2021,NA
86244265,E,溫室氣體排放,溫室氣體減量承諾,,,2021,未填報
05155853,E,溫室氣體排放,溫室氣體減量目標說明,,,2021,NA
05155853,E,溫室氣體排放,溫室氣體減量承諾,,,2021,未填報
30950652,E,溫室氣體排放,溫室氣體減量目標說明,,,2021,NA
30950652,E,溫室氣體排放,溫室氣體減量承諾,,,2021,未填報
23826200,E,溫室氣體排放,溫室氣體減量目標說明,,,2021,NA
23826200,E,溫室氣體排放,溫室氣體減量承諾,,,2021,未填報
23611974,E,溫室氣體排放,溫室氣體減量目標說明,,,2021,NA
23611974,E,溫室氣體排放,溫室氣體減量承諾,,,2021,未填報
04926876,E,溫室氣體排放,溫室氣體減量目標說明,,,2021,NA
04926876,E,溫室氣體排放,溫室氣體減量承諾,,,2021,未填報
22332192,E,溫室氣體排放,溫室氣體減量目標說明,,,2021,NA
22332192,E,溫室氣體排放,溫室氣體減量承諾,,,2021,未填報
22325002,E,溫室氣體排放,溫室氣體減量目標說明,,,2021,NA
22325002,E,溫室氣體排放,溫室氣體減量承諾,,,2021,未填報
31306250,E,溫室氣體排放,溫室氣體減量目標說明,,,2021,NA
31306250,E,溫室氣體排放,溫室氣體減量承諾,,,2021,未填報
96930209,E,溫室氣體排放,溫室氣體減量目標說明,,,2021,NA
96930209,E,溫室氣體排放,溫室氣體減量承諾,,,2021,未填報
70801588,E,溫室氣體排放,溫室氣體減量目標說明,,,2021,NA
70801588,E,溫室氣體排放,溫室氣體減量承諾,,,2021,未填報
80333613,E,溫室氣體排放,溫室氣體減量目標說明,,,2021,NA
80333613,E,溫室氣體排放,溫室氣體減量承諾,,,2021,未填報
28913512,E,溫室氣體排放,溫室氣體減量目標說明,,,2021,NA
28913512,E,溫室氣體排放,溫室氣體減量承諾,,,2021,未填報
53677966,E,溫室氣體排放,溫室氣體減量目標說明,,,2021,NA
53677966,E,溫室氣體排放,溫室氣體減量承諾,,,2021,未填報
24813370,E,溫室氣體排放,溫室氣體減量目標說明,,,2021,NA
24813370,E,溫室氣體排放,溫室氣體減量承諾,,,2021,未填報
84188062,E,溫室氣體排放,溫室氣體減量目標說明,,,2021,NA
84188062,E,溫室氣體排放,溫室氣體減量承諾,,,2021,未填報
12403422,E,溫室氣體排放,溫室氣體減量目標說明,,,2021,NA
12403422,E,溫室氣體排放,溫室氣體減量承諾,,,2021,未填報
53113073,E,溫室氣體排放,溫室氣體減量目標說明,,,2021,NA
53113073,E,溫室氣體排放,溫室氣體減量承諾,,,2021,未填報
42461124,E,溫室氣體排放,溫室氣體減量目標說明,,,2021,NA
42461124,E,溫室氣體排放,溫室氣體減量承諾,,,2021,未填報
05143647,E,溫室氣體排放,溫室氣體減量目標說明,,,2021,NA
05143647,E,溫室氣體排放,溫室氣體減量承諾,,,2021,未填報
20792640,E,溫室氣體排放,溫室氣體減量目標說明,,,2021,NA
20792640,E,溫室氣體排放,溫室氣體減量承諾,,,2021,未填報
21222725,E,溫室氣體排放,溫室氣體減量目標說明,,,2021,為貼近減碳基準，重新設定2019為基準年，分階段訂定短、中期減量目標，每年較前一年度降低排碳量4.2%，於2030年完成50%減碳量為中級目標，逐步達成2050達成RE100及淨零排放的終極目標。積極參與國際倡議，已簽署科學基礎碳目標倡議(SBTi)，並預計於2024年度完成減碳目標訂定。
21222725,E,溫室氣體排放,溫室氣體減量承諾,,,2021,有淨零目標有減碳目標
22449566,E,溫室氣體排放,溫室氣體減量目標說明,,,2021,精英電腦以2007年經外部查證的溫室氣體排放量為基準年，企業溫室氣體排放量減量目標以每年減量1%為目標，目標於2050年範疇 1、2溫室氣體排放，實現淨零排放。
22449566,E,溫室氣體排放,溫室氣體減量承諾,,,2021,有淨零目標有減碳目標
12868358,E,溫室氣體排放,溫室氣體減量目標說明,,,2021,1. 持續降低溫室氣體排放量：1.1 短期目標：民國111年較105年溫室氣體排放減少25.2% （Science Based Target）1.2 中期目標：民國114年較105年溫室氣體排放減少 37.8% （Science Based Target）1.3 長期目標：民國 119年達成碳中和2. 提升再生能源使用比率：2.1 短期目標：民國111年再生能源使用量達 57.5%2.2 中期目標：民國114年再生能源使用量達 80%2.3 長期目標：民國 119年再生能源使用量達 100%
12868358,E,溫室氣體排放,溫室氣體減量承諾,,,2021,有淨零目標有減碳目標
04777186,E,溫室氣體排放,溫室氣體減量目標說明,,,2021,‧ 訂定氣候相關績效指標與量化目標，定期追蹤達成度，並對外透明揭露。‧ 確立<民國139 年淨零排放> 長期目標。
04777186,E,溫室氣體排放,溫室氣體減量承諾,,,2021,有淨零目標無減碳目標
23357403,E,溫室氣體排放,溫室氣體減量目標說明,,,2021,光寶參考SBTi指南訂定之範疇一與範疇二溫室氣體排放減量目標，光寶SBT目標以2014為基準年，每年減少溫室氣體排放強度，於2025年相對基準年溫室氣體排放強度降低39.3%。
23357403,E,溫室氣體排放,溫室氣體減量承諾,,,2021,有減碳目標
12490306,E,溫室氣體排放,溫室氣體減量目標說明,,,2021,短期目標每年降低每百萬美金產值碳排放量5%。
12490306,E,溫室氣體排放,溫室氣體減量承諾,,,2021,有減碳目標
20828393,E,溫室氣體排放,溫室氣體減量目標說明,,,2021,"我們依據國際科學基礎減量目標倡議（Science based target initiative, SBTi）的程序，承諾制定與1.5℃減碳路徑情境相符合的減量目標，預期於2030年達到相較於2019年減碳50%的成果。相關資訊可參2021宏碁永續報告書第 95頁。"
20828393,E,溫室氣體排放,溫室氣體減量承諾,,,2021,有減碳目標
04322046,E,溫室氣體排放,溫室氣體減量目標說明,,,2021,1.溫室氣體盤查指標：揭露溫室氣體碳排放量(範疇一、二、三)。科學基礎減量目標(以1.5℃情境設定SBT目標)： 1.1.以全球升溫1.5℃為目標；以2018年為基準年，2030年的範疇一、二溫室氣體排放量減少50.4%。1.2.以全球升溫1.5℃為目標；以2020年為基準年，2030年的範疇三溫室氣體排放量減42%。4.再生能源目標：擴大轉用及裝設再生能源設施，持續提升再生能源比例2030年達69%。2.節能目標：2.1.總部節能(EUI)：以2014年為基準年，2024年單位面積用電量減少10%。2.2.資訊中心機房節能(PUE)：以2019年為基準年，2025年降11%。2.3.廠區節能(EI)：以2018年為基準年，2025年降5%。3.水資源管理目標：以2012 年為基準年，2024 年用水密集度減少24%。4.廢棄物管理目標：以2014 年為基準年，2025 年廢棄物量減少25%。5.產品節能設計目標：5.1.筆記型電腦的節能設計目標：能源使用效率優於最新ENERGY STAR Computers Specification Version 8.0 25%。5.2.伺服器的節能設計目標：能源使用效率符合ENERGY STAR Computer Servers Specification Version 3.0。
04322046,E,溫室氣體排放,溫室氣體減量承諾,,,2021,有減碳目標
23638777,E,溫室氣體排放,溫室氣體減量目標說明,,,2021,1.2030年全球營運據點碳排放量減少50%2.2030年台灣營運據點再生能源使用比例達100%3.2035年全球營運據點再生能源使用達100%4.每年主要產品能源效率優於Energy Star標準30%5.2025年關鍵供應商溫室氣體排放強度減少30%
23638777,E,溫室氣體排放,溫室氣體減量承諾,,,2021,有減碳目標
22044755,E,溫室氣體排放,溫室氣體減量目標說明,,,2021,技嘉科技自 2010 年起，每年依循 ISO 14064 執行組織型溫室氣體盤查，並以 2009 年為基準年，訂定至 2030 年以前減碳 50% 的長期減量目標；2016 年起另外設定短期目標「減量 333」計畫，致力每年須較前一年度減碳、減水、減廢各3%。由於目前國際間鼓勵企業響應科學基礎目標倡議組織（SBTi）的呼籲，以科學方法制定確實能夠控制全球升溫遠低於 2°C 的減碳目標，技嘉科技雖然尚未公開宣告制訂科學基礎減量目標（SBT），但已引入 SBTi 建議的工具與目標審查標準，於 2020 年將長期目標正式修訂為「2025 年較 2009 年減碳 50%」。
22044755,E,溫室氣體排放,溫室氣體減量承諾,,,2021,有減碳目標
22178368,E,溫室氣體排放,溫室氣體減量目標說明,,,2021,隨著每年的溫室氣體盤查結果動態調整節能減碳政策與計畫，溫室氣體排放透過節能政策、節能計劃的制定與實施，導入節能設施、設備，鼓勵員工節能減碳等方式，微星科技以2007年經外部查證的溫室氣體排放量為基準年，企業溫室氣體排放量減量目標設2025年碳排放比2007年降低50%。
22178368,E,溫室氣體排放,溫室氣體減量承諾,,,2021,有減碳目標
22099759,E,溫室氣體排放,溫室氣體減量目標說明,,,2021,自110年起連續5年，每年二氧化碳排放當量與基準年比較減少2%。
22099759,E,溫室氣體排放,溫室氣體減量承諾,,,2021,有減碳目標
22822281,E,溫室氣體排放,溫室氣體減量目標說明,,,2021,"1. 2060年相對2015年碳排放量Scope1+2降低70%2. 2030年相對2015年碳排放量Scope1+2降低24% 3. 2022年有commit to sbti, 2024年經sbti核准目標後，目標將會修改"
22822281,E,溫室氣體排放,溫室氣體減量承諾,,,2021,有減碳目標
20980880,E,溫室氣體排放,溫室氣體減量目標說明,,,2021,期望逐年減少溫室氣體排放量1%目標。
20980880,E,溫室氣體排放,溫室氣體減量承諾,,,2021,有減碳目標
84166074,E,溫室氣體排放,溫室氣體減量目標說明,,,2021,"普安科技110年度排放量約2,561.2公噸CO2e。最近一期係以106~108年度平均溫室氣體排放量為基準，採三年為一計劃期間，110年相較基準年度期間略增0.6%。將持續努力期於下一計劃期間(109~111年度)達成平均減量2~3%溫室氣體排放量目標。  溫室氣體CO2排放量(公噸CO2e): 2,484.08【109年】  2,545.5【基準年(106~108年)】"
84166074,E,溫室氣體排放,溫室氣體減量承諾,,,2021,有減碳目標
86427715,E,溫室氣體排放,溫室氣體減量目標說明,,,2021,110年溫室氣體減排目標：溫室氣體單位產值排放量比上年度至少降低2.5%。經統計，110年較109年單位產值排放量降低了 15.97%。111年溫室氣體減排目標：溫室氣體單位產值排放量比上年度至少降低3%。
86427715,E,溫室氣體排放,溫室氣體減量承諾,,,2021,有減碳目標
97306457,E,溫室氣體排放,溫室氣體減量目標說明,,,2021,"本公司為宏碁集團的一分子，響應母公司宏碁依據國際科學基礎減量目標倡議（Science based target initiative, SBTi）程序，承諾制定與1.5℃減碳路徑情境相符合的減量目標，預期宏碁集團於2030年達到相較於2019年減碳50%的成果。"
97306457,E,溫室氣體排放,溫室氣體減量承諾,,,2021,有減碳目標
22099738,E,溫室氣體排放,溫室氣體減量目標說明,,,2021,由於排放源主要來自空調與辦公照明需求的電力，將配合廠務系統管控與宣導，減少不必要的浪費，用水加裝節水裝置與內部宣導執行節約用水措施，以每年減量1%以上為目標。，減少不必要的浪費，近年比較均達標。2021年溫室氣體排放量與2020年相較，大幅減少14.45%。2021年總用水量與2020年相較，大幅減少26.68%。
22099738,E,溫室氣體排放,溫室氣體減量承諾,,,2021,有減碳目標
28689155,E,溫室氣體排放,溫室氣體減量目標說明,,,2021,2030年較2019年，單位營收之溫室氣體排放量降低25%。
28689155,E,溫室氣體排放,溫室氣體減量承諾,,,2021,有減碳目標
09497109,E,溫室氣體排放,溫室氣體減量目標說明,,,2021,本公司依據每年的溫室氣體盤查結果，動態調整節能減碳政策與計畫。溫室氣體排放透過節能政策、節能計劃的制定與實施，導入節能設施、設備，鼓勵員工節能減碳等方式來執行，迎廣科技 以2011年經外部查證的溫室氣體排放量為基準年，企業溫室氣體排放量減量目標設2025年，碳排放比基準年降低15%。
09497109,E,溫室氣體排放,溫室氣體減量承諾,,,2021,有減碳目標
89593343,E,溫室氣體排放,溫室氣體減量目標說明,,,2021,與前一年度ADLINK所產生的碳減少1%(產品密集度)。
89593343,E,溫室氣體排放,溫室氣體減量承諾,,,2021,有減碳目標
21230513,E,溫室氣體排放,溫室氣體減量目標說明,,,2021,本公司已訂定溫室氣體減量的五年計畫，以108年的用電量及碳排放量作為基期，目標是在114年時達到「每單位生產耗電量較108年減少5%、CO2e排放當量較108年減少10%、生活及事業廢棄物較108年減少3%」的目標。
21230513,E,溫室氣體排放,溫室氣體減量承諾,,,2021,有減碳目標
70380046,E,溫室氣體排放,溫室氣體減量目標說明,,,2021,本公司訂定每年減量1%為目標，並且積極宣導及持續推動。
70380046,E,溫室氣體排放,溫室氣體減量承諾,,,2021,有減碳目標
53687704,E,溫室氣體排放,溫室氣體減量目標說明,,,2021,減碳目標：2030年較2020年溫室氣體排放強度減少30%。( 以產品約當量計算)
53687704,E,溫室氣體排放,溫室氣體減量承諾,,,2021,有減碳目標
12514341,E,溫室氣體排放,溫室氣體減量目標說明,,,2021,長期減量目標為民國108基準年溫室氣體排放量減量百分之十以上。
12514341,E,溫室氣體排放,溫室氣體減量承諾,,,2021,有減碳目標
16081507,E,溫室氣體排放,溫室氣體減量目標說明,,,2021,"達方電子的溫室氣體減量目標，原以民國100年為基準年，為因應民國103年本公司總部通過第三方公證單位ISO 14064-1溫室氣體排放量查證，故將基準年調整為民國103年，每年比較上一年溫室氣體排放密度(溫室氣體排放量/營收)減量至少1%以上，以真切反應公司整體能源消耗之狀況。以民國103年為基準年，達方電子每年皆制定執行相關溫室氣體減量方案，於內部管理會議定期檢討改善，並在CDP （Carbon Disclosure Project）相關問卷揭露溫室氣體排放與減量資訊。達方電子亦透過各種節能措施，在節能減碳方面，達方電子於民國103年完成總部太陽能板發電機組安裝。在溫室氣體減量成果方面，全球各製造據點整體而言，110年達方電子台灣廠區與中國廠區之溫室氣體總排放量約98,353.28公噸CO2e，相較103年基準年總排放量，微幅增加0.82%碳排量(800.448噸CO2e)，主要是產能及業績成長所致; 110年達方電子百萬單位營收之碳排量為4.89公噸CO2e，相較109年百萬單位營收之碳排量為5.07公噸CO2e降低3.55%。"
16081507,E,溫室氣體排放,溫室氣體減量承諾,,,2021,有減碳目標
22006274,E,溫室氣體排放,溫室氣體減量目標說明,,,2021,以樓地板面積計算溫室氣體減量措施強度，2021年為0.2公噸/㎡，2022年溫室氣體減量強度目標為0.2公噸/㎡。2022年辦公區域溫室氣體排放量，目標為維持在80公噸以下。
22006274,E,溫室氣體排放,溫室氣體減量承諾,,,2021,無目標
22099532,E,溫室氣體排放,溫室氣體減量目標說明,,,2021,神基以逐年降低溫室氣體排放密集度為目標進行管理，藉由提升自動化普及率、提升智慧化能耗監控、改善重大製程設備的節能設計以及重大能耗設備汰舊換新等手段，使得溫室氣體排放強度有效控制。2021年排放強度降低至每百萬美元排放126公噸之二氧化碳當量，相較於2020年的141公噸下降11%。
22099532,E,溫室氣體排放,溫室氣體減量承諾,,,2021,無目標
97445303,E,溫室氣體排放,溫室氣體減量目標說明,,,2021,尚未訂定。
97445303,E,溫室氣體排放,溫室氣體減量承諾,,,2021,無目標
30897480,E,溫室氣體排放,溫室氣體減量目標說明,,,2021,"銘異科技積極推動各項節能措施，冀能降低溫室氣體排放，例如推動隨手關燈做環保、全公司已完成T5燈管設置、成型機加裝高效率電源省電管理裝置減少機台空轉之耗電量等，但2015年銘異科技溫室氣體總排放量為6,419.853公噸CO2e，比起2014年總排放量6056.133公噸CO2e，上升了6.01%，分析原因後發現電力使用增加為主要的溫室氣體排放來源，推估其主要原因是因為銘異科技積極推動產線自動化，增加的自動化相關機台設備消耗電能，以及擴增生產產線所導致。統計2016年總排放量為6,490.28公噸CO2e，比起2015年總排放量為6,419.853公噸CO2e，上升了1%，主因冰水主機冷媒填充影響造成。統計2017年總排放量為6,588.83公噸CO2e，比起2016總排放量為6490.28公噸CO2e，上升了2%，主因分離式冷氣冷媒填充影響造成。統計2018年總排放量為6,935公噸CO2e，比起2017總排放量為6,588.83公噸CO2e，上升了5%，主因產能提升影響造成。統計2019年總排放量為5,663.16公噸CO2e，比起2018總排放量為6,935公噸CO2e，下降了18%，主因採用環保冷媒及分段調整區間產能。統計2020年總排放量為5,159.44公噸CO2e，比起2019總排放量為5,663.16公噸CO2e，下降了9 %，主因採用節能空壓機設備及分段調整區間產能。統計2021年總排放量為5,489.94公噸CO2e，比起2020總排放量為5,159.44公噸CO2e，上升了6%，主因產能提升影響造成。"
30897480,E,溫室氣體排放,溫室氣體減量承諾,,,2021,無目標
76404919,E,溫室氣體排放,溫室氣體減量目標說明,,,2021,未來將適時予以訂定。
76404919,E,溫室氣體排放,溫室氣體減量承諾,,,2021,無目標
27242184,E,溫室氣體排放,溫室氣體減量目標說明,,,2021,本公司將成立專責單位並研議每年減碳計劃。
27242184,E,溫室氣體排放,溫室氣體減量承諾,,,2021,無目標
90724033,E,溫室氣體排放,溫室氣體減量目標說明,,,2021,NA
90724033,E,溫室氣體排放,溫室氣體減量承諾,,,2021,未填報
23718011,E,溫室氣體排放,溫室氣體減量目標說明,,,2021,NA
23718011,E,溫室氣體排放,溫室氣體減量承諾,,,2021,未填報
13000192,E,溫室氣體排放,溫室氣體減量目標說明,,,2021,研議中
13000192,E,溫室氣體排放,溫室氣體減量承諾,,,2021,無目標
31618486,E,溫室氣體排放,溫室氣體減量目標說明,,,2021,已開始推動組織溫室氣體盤查，未來擬推廣至各生產據點。先有盤查資料再研議後續計劃
31618486,E,溫室氣體排放,溫室氣體減量承諾,,,2021,無目標
34005476,E,溫室氣體排放,溫室氣體減量目標說明,,,2021,經分析組織型溫室氣體排放量盤查-範疇二.間接溫室氣體排放量之資料，外購電力之使用即達本公司溫室氣體總排放量之90%，故藉由各項自主管理的節能減碳措施，即可達成溫室氣體排放量減量之成效。
34005476,E,溫室氣體排放,溫室氣體減量承諾,,,2021,無目標
35383165,E,溫室氣體排放,溫室氣體減量目標說明,,,2021,目前仍持續針對企業溫室氣體盤查之範疇進行數據確認與第三方認證，待確認後將進行制定減量目標及改善行動計畫。
35383165,E,溫室氣體排放,溫室氣體減量承諾,,,2021,無目標
16596982,E,溫室氣體排放,溫室氣體減量目標說明,,,2021,NA
16596982,E,溫室氣體排放,溫室氣體減量承諾,,,2021,未填報
23631726,E,溫室氣體排放,溫室氣體減量目標說明,,,2021,NA
23631726,E,溫室氣體排放,溫室氣體減量承諾,,,2021,未填報
84126144,E,溫室氣體排放,溫室氣體減量目標說明,,,2021,目前已在擬議中
84126144,E,溫室氣體排放,溫室氣體減量承諾,,,2021,無目標
70360251,E,溫室氣體排放,溫室氣體減量目標說明,,,2021,NA
70360251,E,溫室氣體排放,溫室氣體減量承諾,,,2021,未填報
16271936,E,溫室氣體排放,溫室氣體減量目標說明,,,2021,NA
16271936,E,溫室氣體排放,溫室氣體減量承諾,,,2021,未填報
96958986,E,溫室氣體排放,溫室氣體減量目標說明,,,2021,NA
96958986,E,溫室氣體排放,溫室氣體減量承諾,,,2021,未填報
97483122,E,溫室氣體排放,溫室氣體減量目標說明,,,2021,NA
97483122,E,溫室氣體排放,溫室氣體減量承諾,,,2021,未填報
70604376,E,溫室氣體排放,溫室氣體減量目標說明,,,2021,NA
70604376,E,溫室氣體排放,溫室氣體減量承諾,,,2021,未填報
16266820,E,溫室氣體排放,溫室氣體減量目標說明,,,2021,NA
16266820,E,溫室氣體排放,溫室氣體減量承諾,,,2021,未填報
22023793,E,溫室氣體排放,溫室氣體減量目標說明,,,2021,尚待評估及討論。
22023793,E,溫室氣體排放,溫室氣體減量承諾,,,2021,無目標
70669172,E,溫室氣體排放,溫室氣體減量目標說明,,,2021,NA
70669172,E,溫室氣體排放,溫室氣體減量承諾,,,2021,未填報
84517297,E,溫室氣體排放,溫室氣體減量目標說明,,,2021,NA
84517297,E,溫室氣體排放,溫室氣體減量承諾,,,2021,未填報
84469443,E,溫室氣體排放,溫室氣體減量目標說明,,,2021,除了將珍惜自然資源直接揭示於企業社會責任與安全衛生政策上，更制訂磐儀科技集團節能減碳目標：本公司訂定年度平均用電度數降幅0.2%之節能目標； 109年較108年度用電度數及溫室氣體排放量降幅計0.29%，未達成年度節能目標，但110年較109年度因遷廠用電度數及溫室氣體排放量降幅達23.57%。
84469443,E,溫室氣體排放,溫室氣體減量承諾,,,2021,無目標
28624652,E,溫室氣體排放,溫室氣體減量目標說明,,,2021,NA
28624652,E,溫室氣體排放,溫室氣體減量承諾,,,2021,未填報
96969724,E,溫室氣體排放,溫室氣體減量目標說明,,,2021,NA
96969724,E,溫室氣體排放,溫室氣體減量承諾,,,2021,未填報
96994977,E,溫室氣體排放,溫室氣體減量目標說明,,,2021,尚未訂定
96994977,E,溫室氣體排放,溫室氣體減量承諾,,,2021,無目標
51512503,E,溫室氣體排放,溫室氣體減量目標說明,,,2021,NA
51512503,E,溫室氣體排放,溫室氣體減量承諾,,,2021,未填報
53025260,E,溫室氣體排放,溫室氣體減量目標說明,,,2021,NA
53025260,E,溫室氣體排放,溫室氣體減量承諾,,,2021,未填報
70848850,E,溫室氣體排放,溫室氣體減量目標說明,,,2021,NA
70848850,E,溫室氣體排放,溫室氣體減量承諾,,,2021,未填報
84152965,E,溫室氣體排放,溫室氣體減量目標說明,,,2021,積極致力用電與廢紙回收之碳排放減量年度目標1%。
84152965,E,溫室氣體排放,溫室氣體減量承諾,,,2021,僅有節電承諾
53000726,E,溫室氣體排放,溫室氣體減量目標說明,,,2021,暫無資料
53000726,E,溫室氣體排放,溫室氣體減量承諾,,,2021,無目標
27565769,E,溫室氣體排放,溫室氣體減量目標說明,,,2021,宜鼎期望達成每年較上一年溫室氣體排放單位量減少 5%
27565769,E,溫室氣體排放,溫室氣體減量承諾,,,2021,有減碳目標
56625344,E,溫室氣體排放,溫室氣體減量目標說明,,,2021,短期：減少用電量達年度0.5%；中長期：持續減低用電量
56625344,E,溫室氣體排放,溫室氣體減量承諾,,,2021,僅有節電承諾
35229109,E,溫室氣體排放,溫室氣體減量目標說明,,,2021,NA
35229109,E,溫室氣體排放,溫室氣體減量承諾,,,2021,未填報
21224842,E,溫室氣體排放,溫室氣體減量目標說明,,,2021,NA
21224842,E,溫室氣體排放,溫室氣體減量承諾,,,2021,未填報
35320697,E,溫室氣體排放,溫室氣體減量目標說明,,,2021,NA
35320697,E,溫室氣體排放,溫室氣體減量承諾,,,2021,未填報
16091527,E,溫室氣體排放,溫室氣體減量目標說明,,,2021,110年度之溫室氣體排放量較109年度增加126.97公噸，主因為新設生產製造工廠，致使110年度溫室氣體排放量增加，未來將持續執行用電、溫控、空調管理，提升用電效率，透過落實能源管制措施，並預定在113年達成減少碳排放10噸的目標。
16091527,E,溫室氣體排放,溫室氣體減量承諾,,,2021,無目標
36270626,E,溫室氣體排放,溫室氣體減量目標說明,,,2021,NA
36270626,E,溫室氣體排放,溫室氣體減量承諾,,,2021,未填報
23902678,E,溫室氣體排放,溫室氣體減量目標說明,,,2021,NA
23902678,E,溫室氣體排放,溫室氣體減量承諾,,,2021,未填報
84149929,E,溫室氣體排放,溫室氣體減量目標說明,,,2021,由於排放源主要來自空調與辦公照明需求的電力，配合廠務監控系統與宣導，減少不必要的浪費，以每年減量1%以上為目標。
84149929,E,溫室氣體排放,溫室氣體減量承諾,,,2021,僅有節電承諾
86620351,E,溫室氣體排放,溫室氣體減量目標說明,,,2021,NA
86620351,E,溫室氣體排放,溫室氣體減量承諾,,,2021,未填報
86162989,E,溫室氣體排放,溫室氣體減量目標說明,,,2021,NA
86162989,E,溫室氣體排放,溫室氣體減量承諾,,,2021,未填報
16238655,E,溫室氣體排放,溫室氣體減量目標說明,,,2021,原事業溫室氣體減量每年下降1.5%。
16238655,E,溫室氣體排放,溫室氣體減量承諾,,,2021,有減碳目標
23058518,E,溫室氣體排放,溫室氣體減量目標說明,,,2021,NA
23058518,E,溫室氣體排放,溫室氣體減量承諾,,,2021,未填報
22178466,E,溫室氣體排放,溫室氣體減量目標說明,,,2021,NA
22178466,E,溫室氣體排放,溫室氣體減量承諾,,,2021,未填報
16836218,E,溫室氣體排放,溫室氣體減量目標說明,,,2021,NA
16836218,E,溫室氣體排放,溫室氣體減量承諾,,,2021,未填報
84560006,E,溫室氣體排放,溫室氣體減量目標說明,,,2021,"無統計數據以供制定減量目標，目前透過管理部宣導節約用水用電,調高室內冷氣設定之溫度及空調有效率使用避免浪費"
84560006,E,溫室氣體排放,溫室氣體減量承諾,,,2021,無目標
34235759,E,溫室氣體排放,溫室氣體減量目標說明,,,2021,本公司減量目標以110年為基準年，5年內每新台幣每百萬營業收入之總溫室氣體密度量至少減少2%
34235759,E,溫室氣體排放,溫室氣體減量承諾,,,2021,有減碳目標
53562649,E,溫室氣體排放,溫室氣體減量目標說明,,,2021,尚待評估及討論。
53562649,E,溫室氣體排放,溫室氣體減量承諾,,,2021,無目標
27271130,E,溫室氣體排放,溫室氣體減量目標說明,,,2021,NA
27271130,E,溫室氣體排放,溫室氣體減量承諾,,,2021,未填報
70565509,E,溫室氣體排放,溫室氣體減量目標說明,,,2021,訂定每年節電3%的目標，持續推動節能措施。
70565509,E,溫室氣體排放,溫室氣體減量承諾,,,2021,僅有節電承諾
24332747,E,溫室氣體排放,溫室氣體減量目標說明,,,2021,NA
24332747,E,溫室氣體排放,溫室氣體減量承諾,,,2021,未填報
70479315,E,溫室氣體排放,溫室氣體減量目標說明,,,2021,本公司尚未制定
70479315,E,溫室氣體排放,溫室氣體減量承諾,,,2021,無目標
89961466,E,溫室氣體排放,溫室氣體減量目標說明,,,2021,NA
89961466,E,溫室氣體排放,溫室氣體減量承諾,,,2021,未填報
86891972,E,溫室氣體排放,溫室氣體減量目標說明,,,2021,本公司於111年導入ISO14064-1溫室氣體盤查系統，並持續推動排放減量。訂定目標如下:1.減量計畫預估每年減量1%，且依據大環境情況逐年加強減碳量2.2030年二氧化碳排放量縮減達到55%3.2050年二氧化碳排放達到淨零，實現碳中和
86891972,E,溫室氣體排放,溫室氣體減量承諾,,,2021,有減碳目標
68682185,E,溫室氣體排放,溫室氣體減量目標說明,,,2021,NA
68682185,E,溫室氣體排放,溫室氣體減量承諾,,,2021,未填報
11085292,E,空氣污染物申報-一般空氣污染物,氮氧化物,,,2009,274.9680000000001
11085292,E,空氣污染物申報-一般空氣污染物,硫氧化物,,,2009,88.876
11085292,E,空氣污染物申報-一般空氣污染物,粒狀污染物,,,2009,27.607000000000003
11085292,E,空氣污染物申報-一般空氣污染物,揮發性有機化合物,,,2009,441.80499999999995
16081507,E,空氣污染物申報-一般空氣污染物,揮發性有機化合物,,,2009,16.186
35229109,E,空氣污染物申報-一般空氣污染物,揮發性有機化合物,,,2009,0.8440000000000001
35320697,E,空氣污染物申報-一般空氣污染物,揮發性有機化合物,,,2009,1.99
35383165,E,空氣污染物申報-一般空氣污染物,氮氧化物,,,2009,1.792
35383165,E,空氣污染物申報-一般空氣污染物,硫氧化物,,,2009,2.5839999999999996
35383165,E,空氣污染物申報-一般空氣污染物,揮發性有機化合物,,,2009,12.321000000000002
68682185,E,空氣污染物申報-一般空氣污染物,揮發性有機化合物,,,2009,72.347
09497109,E,空氣污染物申報-一般空氣污染物,氮氧化物,,,2009,0.715
09497109,E,空氣污染物申報-一般空氣污染物,硫氧化物,,,2009,0.34199999999999997
09497109,E,空氣污染物申報-一般空氣污染物,揮發性有機化合物,,,2009,33.583
11085292,E,空氣污染物申報-一般空氣污染物,氮氧化物,,,2010,369.092
11085292,E,空氣污染物申報-一般空氣污染物,硫氧化物,,,2010,99.93599999999999
11085292,E,空氣污染物申報-一般空氣污染物,粒狀污染物,,,2010,32.138999999999996
11085292,E,空氣污染物申報-一般空氣污染物,揮發性有機化合物,,,2010,640.2420000000001
12868358,E,空氣污染物申報-一般空氣污染物,揮發性有機化合物,,,2010,0.007
16081507,E,空氣污染物申報-一般空氣污染物,揮發性有機化合物,,,2010,4.325
35229109,E,空氣污染物申報-一般空氣污染物,揮發性有機化合物,,,2010,1.5550000000000002
35320697,E,空氣污染物申報-一般空氣污染物,氮氧化物,,,2010,0.05399999999999999
35320697,E,空氣污染物申報-一般空氣污染物,硫氧化物,,,2010,0.004
35320697,E,空氣污染物申報-一般空氣污染物,揮發性有機化合物,,,2010,0.44500000000000006
68682185,E,空氣污染物申報-一般空氣污染物,氮氧化物,,,2010,0.56
68682185,E,空氣污染物申報-一般空氣污染物,硫氧化物,,,2010,0.319
68682185,E,空氣污染物申報-一般空氣污染物,揮發性有機化合物,,,2010,276.197
09497109,E,空氣污染物申報-一般空氣污染物,氮氧化物,,,2010,1.4549999999999998
09497109,E,空氣污染物申報-一般空氣污染物,硫氧化物,,,2010,0.7149999999999999
09497109,E,空氣污染物申報-一般空氣污染物,揮發性有機化合物,,,2010,18.672
11085292,E,空氣污染物申報-一般空氣污染物,氮氧化物,,,2011,331.22999999999996
11085292,E,空氣污染物申報-一般空氣污染物,硫氧化物,,,2011,83.99000000000001
11085292,E,空氣污染物申報-一般空氣污染物,粒狀污染物,,,2011,17.554000000000002
11085292,E,空氣污染物申報-一般空氣污染物,揮發性有機化合物,,,2011,638.55
12868358,E,空氣污染物申報-一般空氣污染物,揮發性有機化合物,,,2011,0.041999999999999996
16081507,E,空氣污染物申報-一般空氣污染物,揮發性有機化合物,,,2011,4.576
35229109,E,空氣污染物申報-一般空氣污染物,揮發性有機化合物,,,2011,1.7910000000000001
35320697,E,空氣污染物申報-一般空氣污染物,氮氧化物,,,2011,0.057
35320697,E,空氣污染物申報-一般空氣污染物,硫氧化物,,,2011,0.005
35320697,E,空氣污染物申報-一般空氣污染物,揮發性有機化合物,,,2011,0.543
53116310,E,空氣污染物申報-一般空氣污染物,氮氧化物,,,2011,0.155
53116310,E,空氣污染物申報-一般空氣污染物,揮發性有機化合物,,,2011,32.269
68682185,E,空氣污染物申報-一般空氣污染物,氮氧化物,,,2011,1.043
68682185,E,空氣污染物申報-一般空氣污染物,硫氧化物,,,2011,4.101
68682185,E,空氣污染物申報-一般空氣污染物,揮發性有機化合物,,,2011,90.71300000000001
09497109,E,空氣污染物申報-一般空氣污染物,氮氧化物,,,2011,1.4899999999999998
09497109,E,空氣污染物申報-一般空氣污染物,硫氧化物,,,2011,0.7270000000000001
09497109,E,空氣污染物申報-一般空氣污染物,揮發性有機化合物,,,2011,18.990000000000002
11085292,E,空氣污染物申報-一般空氣污染物,氮氧化物,,,2012,85.75299999999999
11085292,E,空氣污染物申報-一般空氣污染物,硫氧化物,,,2012,23.740000000000006
11085292,E,空氣污染物申報-一般空氣污染物,粒狀污染物,,,2012,5.412
11085292,E,空氣污染物申報-一般空氣污染物,揮發性有機化合物,,,2012,542.01
12868358,E,空氣污染物申報-一般空氣污染物,揮發性有機化合物,,,2012,0.369
16081507,E,空氣污染物申報-一般空氣污染物,揮發性有機化合物,,,2012,4.509
35229109,E,空氣污染物申報-一般空氣污染物,揮發性有機化合物,,,2012,2.735
35320697,E,空氣污染物申報-一般空氣污染物,氮氧化物,,,2012,0.16100000000000003
35320697,E,空氣污染物申報-一般空氣污染物,硫氧化物,,,2012,0.012
35320697,E,空氣污染物申報-一般空氣污染物,揮發性有機化合物,,,2012,1.5630000000000002
53116310,E,空氣污染物申報-一般空氣污染物,氮氧化物,,,2012,0.366
53116310,E,空氣污染物申報-一般空氣污染物,揮發性有機化合物,,,2012,3.96
68682185,E,空氣污染物申報-一般空氣污染物,氮氧化物,,,2012,1.049
68682185,E,空氣污染物申報-一般空氣污染物,硫氧化物,,,2012,4.890000000000001
68682185,E,空氣污染物申報-一般空氣污染物,揮發性有機化合物,,,2012,47.04900000000001
09497109,E,空氣污染物申報-一般空氣污染物,氮氧化物,,,2012,0.527
09497109,E,空氣污染物申報-一般空氣污染物,硫氧化物,,,2012,0.274
09497109,E,空氣污染物申報-一般空氣污染物,粒狀污染物,,,2012,0.06
09497109,E,空氣污染物申報-一般空氣污染物,揮發性有機化合物,,,2012,18.152
11085292,E,空氣污染物申報-一般空氣污染物,氮氧化物,,,2013,25.81
11085292,E,空氣污染物申報-一般空氣污染物,硫氧化物,,,2013,18.678
11085292,E,空氣污染物申報-一般空氣污染物,粒狀污染物,,,2013,1.754
11085292,E,空氣污染物申報-一般空氣污染物,揮發性有機化合物,,,2013,280.728
12868358,E,空氣污染物申報-一般空氣污染物,揮發性有機化合物,,,2013,0.45999999999999996
16081507,E,空氣污染物申報-一般空氣污染物,揮發性有機化合物,,,2013,4.3420000000000005
35229109,E,空氣污染物申報-一般空氣污染物,揮發性有機化合物,,,2013,2.409
35320697,E,空氣污染物申報-一般空氣污染物,氮氧化物,,,2013,0.062
35320697,E,空氣污染物申報-一般空氣污染物,硫氧化物,,,2013,0.005
35320697,E,空氣污染物申報-一般空氣污染物,揮發性有機化合物,,,2013,2.48
53116310,E,空氣污染物申報-一般空氣污染物,氮氧化物,,,2013,0.318
53116310,E,空氣污染物申報-一般空氣污染物,揮發性有機化合物,,,2013,12.806
68682185,E,空氣污染物申報-一般空氣污染物,氮氧化物,,,2013,1.037
68682185,E,空氣污染物申報-一般空氣污染物,硫氧化物,,,2013,2.702
68682185,E,空氣污染物申報-一般空氣污染物,揮發性有機化合物,,,2013,46.873000000000005
09497109,E,空氣污染物申報-一般空氣污染物,氮氧化物,,,2013,0.43500000000000005
09497109,E,空氣污染物申報-一般空氣污染物,硫氧化物,,,2013,0.21400000000000002
09497109,E,空氣污染物申報-一般空氣污染物,粒狀污染物,,,2013,0.1
09497109,E,空氣污染物申報-一般空氣污染物,揮發性有機化合物,,,2013,58.199999999999996
11085292,E,空氣污染物申報-一般空氣污染物,氮氧化物,,,2014,33.429
11085292,E,空氣污染物申報-一般空氣污染物,硫氧化物,,,2014,20.383
11085292,E,空氣污染物申報-一般空氣污染物,揮發性有機化合物,,,2014,272.97499999999997
12868358,E,空氣污染物申報-一般空氣污染物,揮發性有機化合物,,,2014,0.44
16081507,E,空氣污染物申報-一般空氣污染物,揮發性有機化合物,,,2014,3.6789999999999994
35229109,E,空氣污染物申報-一般空氣污染物,揮發性有機化合物,,,2014,3.2889999999999997
35320697,E,空氣污染物申報-一般空氣污染物,氮氧化物,,,2014,0.044000000000000004
35320697,E,空氣污染物申報-一般空氣污染物,硫氧化物,,,2014,0.003
35320697,E,空氣污染物申報-一般空氣污染物,揮發性有機化合物,,,2014,2.417
53116310,E,空氣污染物申報-一般空氣污染物,氮氧化物,,,2014,0.32
53116310,E,空氣污染物申報-一般空氣污染物,揮發性有機化合物,,,2014,19.814
68682185,E,空氣污染物申報-一般空氣污染物,氮氧化物,,,2014,1.17
68682185,E,空氣污染物申報-一般空氣污染物,硫氧化物,,,2014,2.7769999999999997
68682185,E,空氣污染物申報-一般空氣污染物,揮發性有機化合物,,,2014,61.15100000000001
70801588,E,空氣污染物申報-一般空氣污染物,氮氧化物,,,2014,0.21500000000000002
70801588,E,空氣污染物申報-一般空氣污染物,揮發性有機化合物,,,2014,346.738
09497109,E,空氣污染物申報-一般空氣污染物,氮氧化物,,,2014,0.709
09497109,E,空氣污染物申報-一般空氣污染物,硫氧化物,,,2014,0.248
09497109,E,空氣污染物申報-一般空氣污染物,粒狀污染物,,,2014,0.077
09497109,E,空氣污染物申報-一般空氣污染物,揮發性有機化合物,,,2014,60.945
11085292,E,空氣污染物申報-一般空氣污染物,氮氧化物,,,2015,55.939
11085292,E,空氣污染物申報-一般空氣污染物,硫氧化物,,,2015,24.384
11085292,E,空氣污染物申報-一般空氣污染物,粒狀污染物,,,2015,0.004
11085292,E,空氣污染物申報-一般空氣污染物,揮發性有機化合物,,,2015,255.19500000000002
12868358,E,空氣污染物申報-一般空氣污染物,揮發性有機化合物,,,2015,0.44
16081507,E,空氣污染物申報-一般空氣污染物,揮發性有機化合物,,,2015,2.227
35229109,E,空氣污染物申報-一般空氣污染物,揮發性有機化合物,,,2015,3.3790000000000004
35320697,E,空氣污染物申報-一般空氣污染物,氮氧化物,,,2015,0.053
35320697,E,空氣污染物申報-一般空氣污染物,硫氧化物,,,2015,0.004
35320697,E,空氣污染物申報-一般空氣污染物,揮發性有機化合物,,,2015,2.6830000000000003
53116310,E,空氣污染物申報-一般空氣污染物,氮氧化物,,,2015,0.335
53116310,E,空氣污染物申報-一般空氣污染物,揮發性有機化合物,,,2015,17.783
56625344,E,空氣污染物申報-一般空氣污染物,揮發性有機化合物,,,2015,0.44499999999999995
68682185,E,空氣污染物申報-一般空氣污染物,氮氧化物,,,2015,0.985
68682185,E,空氣污染物申報-一般空氣污染物,硫氧化物,,,2015,2.52
68682185,E,空氣污染物申報-一般空氣污染物,揮發性有機化合物,,,2015,65.609
70801588,E,空氣污染物申報-一般空氣污染物,氮氧化物,,,2015,1.1480000000000001
70801588,E,空氣污染物申報-一般空氣污染物,揮發性有機化合物,,,2015,364.116
09497109,E,空氣污染物申報-一般空氣污染物,氮氧化物,,,2015,1.676
09497109,E,空氣污染物申報-一般空氣污染物,硫氧化物,,,2015,0.30200000000000005
09497109,E,空氣污染物申報-一般空氣污染物,粒狀污染物,,,2015,0.07
09497109,E,空氣污染物申報-一般空氣污染物,揮發性有機化合物,,,2015,82.65499999999999
11085292,E,空氣污染物申報-一般空氣污染物,氮氧化物,,,2016,45.019999999999996
11085292,E,空氣污染物申報-一般空氣污染物,硫氧化物,,,2016,15.82
11085292,E,空氣污染物申報-一般空氣污染物,粒狀污染物,,,2016,0.99
11085292,E,空氣污染物申報-一般空氣污染物,揮發性有機化合物,,,2016,234.542
12868358,E,空氣污染物申報-一般空氣污染物,揮發性有機化合物,,,2016,4.42
16081507,E,空氣污染物申報-一般空氣污染物,揮發性有機化合物,,,2016,2.193
30897480,E,空氣污染物申報-一般空氣污染物,揮發性有機化合物,,,2016,0.005
30950652,E,空氣污染物申報-一般空氣污染物,揮發性有機化合物,,,2016,1.425
35229109,E,空氣污染物申報-一般空氣污染物,揮發性有機化合物,,,2016,3.771
35320697,E,空氣污染物申報-一般空氣污染物,氮氧化物,,,2016,0.062
35320697,E,空氣污染物申報-一般空氣污染物,硫氧化物,,,2016,0.005
35320697,E,空氣污染物申報-一般空氣污染物,揮發性有機化合物,,,2016,4.591
53116310,E,空氣污染物申報-一般空氣污染物,氮氧化物,,,2016,0.362
53116310,E,空氣污染物申報-一般空氣污染物,揮發性有機化合物,,,2016,12.459
56625344,E,空氣污染物申報-一般空氣污染物,揮發性有機化合物,,,2016,0.414
68682185,E,空氣污染物申報-一般空氣污染物,氮氧化物,,,2016,1.2209999999999999
68682185,E,空氣污染物申報-一般空氣污染物,硫氧化物,,,2016,2.01
68682185,E,空氣污染物申報-一般空氣污染物,揮發性有機化合物,,,2016,78.471
70801588,E,空氣污染物申報-一般空氣污染物,揮發性有機化合物,,,2016,0.792
86620351,E,空氣污染物申報-一般空氣污染物,揮發性有機化合物,,,2016,0.33199999999999996
09497109,E,空氣污染物申報-一般空氣污染物,氮氧化物,,,2016,2.046
09497109,E,空氣污染物申報-一般空氣污染物,硫氧化物,,,2016,0.322
09497109,E,空氣污染物申報-一般空氣污染物,粒狀污染物,,,2016,0.03
09497109,E,空氣污染物申報-一般空氣污染物,揮發性有機化合物,,,2016,91.788
04322046,E,空氣污染物申報-一般空氣污染物,揮發性有機化合物,,,2016,0.01
11085292,E,空氣污染物申報-一般空氣污染物,氮氧化物,,,2017,46.153000000000006
11085292,E,空氣污染物申報-一般空氣污染物,硫氧化物,,,2017,14.033000000000001
11085292,E,空氣污染物申報-一般空氣污染物,粒狀污染物,,,2017,1.999
11085292,E,空氣污染物申報-一般空氣污染物,揮發性有機化合物,,,2017,226.87899999999996
12868358,E,空氣污染物申報-一般空氣污染物,揮發性有機化合物,,,2017,4.2
16081507,E,空氣污染物申報-一般空氣污染物,揮發性有機化合物,,,2017,9.446
16081507,E,空氣污染物申報-有害空氣污染物,甲苯,,,2017,2.0759999999999996
30897480,E,空氣污染物申報-一般空氣污染物,揮發性有機化合物,,,2017,0.041
30897480,E,空氣污染物申報-有害空氣污染物,二氯甲烷,,,2017,0.041
30950652,E,空氣污染物申報-一般空氣污染物,揮發性有機化合物,,,2017,3.587
35229109,E,空氣污染物申報-一般空氣污染物,揮發性有機化合物,,,2017,3.272
35320697,E,空氣污染物申報-一般空氣污染物,氮氧化物,,,2017,0.056999999999999995
35320697,E,空氣污染物申報-一般空氣污染物,硫氧化物,,,2017,0.005
35320697,E,空氣污染物申報-一般空氣污染物,揮發性有機化合物,,,2017,4.73
53116310,E,空氣污染物申報-一般空氣污染物,氮氧化物,,,2017,0.39
53116310,E,空氣污染物申報-一般空氣污染物,揮發性有機化合物,,,2017,9.917
56625344,E,空氣污染物申報-一般空氣污染物,揮發性有機化合物,,,2017,0.332
68682185,E,空氣污染物申報-一般空氣污染物,氮氧化物,,,2017,0.853
68682185,E,空氣污染物申報-一般空氣污染物,硫氧化物,,,2017,1.685
68682185,E,空氣污染物申報-一般空氣污染物,揮發性有機化合物,,,2017,89.97200000000001
68682185,E,空氣污染物申報-有害空氣污染物,甲苯,,,2017,39.111
68682185,E,空氣污染物申報-有害空氣污染物,二甲苯,,,2017,4.755999999999999
70801588,E,空氣污染物申報-一般空氣污染物,揮發性有機化合物,,,2017,0.595
86620351,E,空氣污染物申報-一般空氣污染物,揮發性有機化合物,,,2017,0.27
09497109,E,空氣污染物申報-一般空氣污染物,氮氧化物,,,2017,1.8079999999999998
09497109,E,空氣污染物申報-一般空氣污染物,硫氧化物,,,2017,0.308
09497109,E,空氣污染物申報-一般空氣污染物,粒狀污染物,,,2017,0.024
09497109,E,空氣污染物申報-一般空氣污染物,揮發性有機化合物,,,2017,64.867
09497109,E,空氣污染物申報-有害空氣污染物,二甲苯,,,2017,4.317
04322046,E,空氣污染物申報-一般空氣污染物,揮發性有機化合物,,,2017,1.979
04322046,E,空氣污染物申報-有害空氣污染物,甲苯,,,2017,0.001
11085292,E,空氣污染物申報-一般空氣污染物,氮氧化物,,,2018,45.65
11085292,E,空氣污染物申報-一般空氣污染物,硫氧化物,,,2018,9.943000000000001
11085292,E,空氣污染物申報-一般空氣污染物,粒狀污染物,,,2018,1.812
11085292,E,空氣污染物申報-一般空氣污染物,揮發性有機化合物,,,2018,45.574999999999996
12868358,E,空氣污染物申報-一般空氣污染物,揮發性有機化合物,,,2018,5.24
16081507,E,空氣污染物申報-一般空氣污染物,揮發性有機化合物,,,2018,7.941
16081507,E,空氣污染物申報-有害空氣污染物,甲苯,,,2018,2.241
30897480,E,空氣污染物申報-一般空氣污染物,揮發性有機化合物,,,2018,0.038
30897480,E,空氣污染物申報-有害空氣污染物,二氯甲烷,,,2018,0.038
30950652,E,空氣污染物申報-一般空氣污染物,揮發性有機化合物,,,2018,4.073
35229109,E,空氣污染物申報-一般空氣污染物,揮發性有機化合物,,,2018,1.576
35320697,E,空氣污染物申報-一般空氣污染物,氮氧化物,,,2018,0.017
35320697,E,空氣污染物申報-一般空氣污染物,硫氧化物,,,2018,0.001
35320697,E,空氣污染物申報-一般空氣污染物,揮發性有機化合物,,,2018,0.068
35320697,E,空氣污染物申報-有害空氣污染物,甲苯,,,2018,0.021
53116310,E,空氣污染物申報-一般空氣污染物,氮氧化物,,,2018,0.303
53116310,E,空氣污染物申報-一般空氣污染物,粒狀污染物,,,2018,0.007
53116310,E,空氣污染物申報-一般空氣污染物,揮發性有機化合物,,,2018,10.259
56625344,E,空氣污染物申報-一般空氣污染物,揮發性有機化合物,,,2018,0.34400000000000003
68682185,E,空氣污染物申報-一般空氣污染物,氮氧化物,,,2018,0.86
68682185,E,空氣污染物申報-一般空氣污染物,硫氧化物,,,2018,1.522
68682185,E,空氣污染物申報-一般空氣污染物,粒狀污染物,,,2018,0.194
68682185,E,空氣污染物申報-一般空氣污染物,揮發性有機化合物,,,2018,80.818
68682185,E,空氣污染物申報-有害空氣污染物,甲苯,,,2018,35.778
68682185,E,空氣污染物申報-有害空氣污染物,二甲苯,,,2018,4.798
70801588,E,空氣污染物申報-一般空氣污染物,揮發性有機化合物,,,2018,0.421
86620351,E,空氣污染物申報-一般空氣污染物,揮發性有機化合物,,,2018,0.268
09497109,E,空氣污染物申報-一般空氣污染物,氮氧化物,,,2018,1.587
09497109,E,空氣污染物申報-一般空氣污染物,硫氧化物,,,2018,0.28700000000000003
09497109,E,空氣污染物申報-一般空氣污染物,粒狀污染物,,,2018,0.024
09497109,E,空氣污染物申報-一般空氣污染物,揮發性有機化合物,,,2018,60.117
09497109,E,空氣污染物申報-有害空氣污染物,二甲苯,,,2018,3.575
04322046,E,空氣污染物申報-一般空氣污染物,揮發性有機化合物,,,2018,1.746
04322046,E,空氣污染物申報-有害空氣污染物,二氯甲烷,,,2018,0.003
11085292,E,空氣污染物申報-一般空氣污染物,氮氧化物,,,2019,19.216
11085292,E,空氣污染物申報-一般空氣污染物,硫氧化物,,,2019,4.62
11085292,E,空氣污染物申報-一般空氣污染物,粒狀污染物,,,2019,0.662
11085292,E,空氣污染物申報-一般空氣污染物,揮發性有機化合物,,,2019,2.735
12868358,E,空氣污染物申報-一般空氣污染物,揮發性有機化合物,,,2019,14.879999999999999
16081507,E,空氣污染物申報-一般空氣污染物,揮發性有機化合物,,,2019,7.529
16081507,E,空氣污染物申報-有害空氣污染物,乙苯,,,2019,0.005
16081507,E,空氣污染物申報-有害空氣污染物,甲苯,,,2019,3.7359999999999998
16081507,E,空氣污染物申報-有害空氣污染物,二甲苯,,,2019,0.006
30897480,E,空氣污染物申報-一般空氣污染物,揮發性有機化合物,,,2019,0.023
30897480,E,空氣污染物申報-有害空氣污染物,二氯甲烷,,,2019,0.023
30950652,E,空氣污染物申報-一般空氣污染物,揮發性有機化合物,,,2019,6.053
35229109,E,空氣污染物申報-一般空氣污染物,揮發性有機化合物,,,2019,1.085
35320697,E,空氣污染物申報-一般空氣污染物,氮氧化物,,,2019,0.012
35320697,E,空氣污染物申報-一般空氣污染物,硫氧化物,,,2019,0.001
35320697,E,空氣污染物申報-一般空氣污染物,揮發性有機化合物,,,2019,0.07
35320697,E,空氣污染物申報-有害空氣污染物,甲苯,,,2019,0.01
53116310,E,空氣污染物申報-一般空氣污染物,氮氧化物,,,2019,0.309
53116310,E,空氣污染物申報-一般空氣污染物,粒狀污染物,,,2019,0.019
53116310,E,空氣污染物申報-一般空氣污染物,揮發性有機化合物,,,2019,8.126
56625344,E,空氣污染物申報-一般空氣污染物,揮發性有機化合物,,,2019,0.35000000000000003
68682185,E,空氣污染物申報-一般空氣污染物,氮氧化物,,,2019,1.533
68682185,E,空氣污染物申報-一般空氣污染物,硫氧化物,,,2019,2.442
68682185,E,空氣污染物申報-一般空氣污染物,粒狀污染物,,,2019,0.72
68682185,E,空氣污染物申報-一般空氣污染物,揮發性有機化合物,,,2019,90.14600000000002
68682185,E,空氣污染物申報-有害空氣污染物,甲苯,,,2019,7.86
68682185,E,空氣污染物申報-有害空氣污染物,二甲苯,,,2019,0.338
70801588,E,空氣污染物申報-一般空氣污染物,揮發性有機化合物,,,2019,0.371
86620351,E,空氣污染物申報-一般空氣污染物,揮發性有機化合物,,,2019,0.268
09497109,E,空氣污染物申報-一般空氣污染物,氮氧化物,,,2019,1.552
09497109,E,空氣污染物申報-一般空氣污染物,硫氧化物,,,2019,0.28500000000000003
09497109,E,空氣污染物申報-一般空氣污染物,粒狀污染物,,,2019,0.027000000000000003
09497109,E,空氣污染物申報-一般空氣污染物,揮發性有機化合物,,,2019,58.7
09497109,E,空氣污染物申報-有害空氣污染物,二甲苯,,,2019,1.6590000000000003
04322046,E,空氣污染物申報-一般空氣污染物,揮發性有機化合物,,,2019,11.35
04322046,E,空氣污染物申報-有害空氣污染物,甲苯,,,2019,0.017
11085292,E,空氣污染物申報-一般空氣污染物,揮發性有機化合物,,,2020,0.038
12868358,E,空氣污染物申報-一般空氣污染物,揮發性有機化合物,,,2020,25.259
16081507,E,空氣污染物申報-一般空氣污染物,氮氧化物,,,2020,5.852
16081507,E,空氣污染物申報-一般空氣污染物,硫氧化物,,,2020,1.304
16081507,E,空氣污染物申報-一般空氣污染物,粒狀污染物,,,2020,0.475
16081507,E,空氣污染物申報-一般空氣污染物,揮發性有機化合物,,,2020,2.561
16081507,E,空氣污染物申報-有害空氣污染物,乙苯,,,2020,0.007
16081507,E,空氣污染物申報-有害空氣污染物,甲苯,,,2020,1.226
16081507,E,空氣污染物申報-有害空氣污染物,二甲苯,,,2020,0.008
22822281,E,空氣污染物申報-一般空氣污染物,揮發性有機化合物,,,2020,41.561
23638777,E,空氣污染物申報-一般空氣污染物,揮發性有機化合物,,,2020,0.02
30897480,E,空氣污染物申報-一般空氣污染物,揮發性有機化合物,,,2020,0.012
30897480,E,空氣污染物申報-有害空氣污染物,二氯甲烷,,,2020,0.012
30950652,E,空氣污染物申報-一般空氣污染物,揮發性有機化合物,,,2020,6.815
35229109,E,空氣污染物申報-一般空氣污染物,揮發性有機化合物,,,2020,1.155
35320697,E,空氣污染物申報-一般空氣污染物,氮氧化物,,,2020,0.041
35320697,E,空氣污染物申報-一般空氣污染物,硫氧化物,,,2020,0.004
35320697,E,空氣污染物申報-一般空氣污染物,揮發性有機化合物,,,2020,0.081
35320697,E,空氣污染物申報-有害空氣污染物,甲苯,,,2020,0.014
53116310,E,空氣污染物申報-一般空氣污染物,氮氧化物,,,2020,0.312
53116310,E,空氣污染物申報-一般空氣污染物,粒狀污染物,,,2020,0.021
53116310,E,空氣污染物申報-一般空氣污染物,揮發性有機化合物,,,2020,39.461999999999996
56625344,E,空氣污染物申報-一般空氣污染物,揮發性有機化合物,,,2020,0.21400000000000002
68682185,E,空氣污染物申報-一般空氣污染物,氮氧化物,,,2020,1.693
68682185,E,空氣污染物申報-一般空氣污染物,硫氧化物,,,2020,2.613
68682185,E,空氣污染物申報-一般空氣污染物,粒狀污染物,,,2020,0.74
68682185,E,空氣污染物申報-一般空氣污染物,揮發性有機化合物,,,2020,162.752
68682185,E,空氣污染物申報-有害空氣污染物,苯乙烯,,,2020,0.008
68682185,E,空氣污染物申報-有害空氣污染物,甲苯,,,2020,17.942
68682185,E,空氣污染物申報-有害空氣污染物,二甲苯,,,2020,0.44699999999999995
70801588,E,空氣污染物申報-一般空氣污染物,揮發性有機化合物,,,2020,0.175
86620351,E,空氣污染物申報-一般空氣污染物,揮發性有機化合物,,,2020,0.268
04322046,E,空氣污染物申報-一般空氣污染物,揮發性有機化合物,,,2020,18.040000000000003
04322046,E,空氣污染物申報-有害空氣污染物,甲苯,,,2020,0.018000000000000002
09497109,E,空氣污染物申報-一般空氣污染物,氮氧化物,,,2020,1.5
09497109,E,空氣污染物申報-一般空氣污染物,硫氧化物,,,2020,0.281
09497109,E,空氣污染物申報-一般空氣污染物,粒狀污染物,,,2020,0.028999999999999998
09497109,E,空氣污染物申報-一般空氣污染物,揮發性有機化合物,,,2020,49.339999999999996
09497109,E,空氣污染物申報-有害空氣污染物,二甲苯,,,2020,1.3810000000000002
12868358,E,空氣污染物申報-一般空氣污染物,揮發性有機化合物,,,2021,15.15
16081507,E,空氣污染物申報-一般空氣污染物,氮氧化物,,,2021,2.313
16081507,E,空氣污染物申報-一般空氣污染物,硫氧化物,,,2021,0.372
16081507,E,空氣污染物申報-一般空氣污染物,粒狀污染物,,,2021,0.5
16081507,E,空氣污染物申報-一般空氣污染物,揮發性有機化合物,,,2021,4.8999999999999995
16081507,E,空氣污染物申報-有害空氣污染物,甲苯,,,2021,2.1950000000000003
22822281,E,空氣污染物申報-一般空氣污染物,揮發性有機化合物,,,2021,46.859
23357403,E,空氣污染物申報-一般空氣污染物,粒狀污染物,,,2021,0.045
23357403,E,空氣污染物申報-一般空氣污染物,揮發性有機化合物,,,2021,2.5
23357403,E,空氣污染物申報-有害空氣污染物,甲苯,,,2021,0.022
23357403,E,空氣污染物申報-有害空氣污染物,二甲苯,,,2021,0.196
23638777,E,空氣污染物申報-一般空氣污染物,揮發性有機化合物,,,2021,0.028
30897480,E,空氣污染物申報-一般空氣污染物,揮發性有機化合物,,,2021,0.012
30897480,E,空氣污染物申報-有害空氣污染物,二氯甲烷,,,2021,0.012
30950652,E,空氣污染物申報-一般空氣污染物,揮發性有機化合物,,,2021,3.6769999999999996
35229109,E,空氣污染物申報-一般空氣污染物,揮發性有機化合物,,,2021,0.8
35320697,E,空氣污染物申報-一般空氣污染物,氮氧化物,,,2021,0.109
35320697,E,空氣污染物申報-一般空氣污染物,硫氧化物,,,2021,0.008
35320697,E,空氣污染物申報-一般空氣污染物,粒狀污染物,,,2021,0.004
35320697,E,空氣污染物申報-一般空氣污染物,揮發性有機化合物,,,2021,0.22799999999999998
35320697,E,空氣污染物申報-有害空氣污染物,甲苯,,,2021,0.08700000000000001
53116310,E,空氣污染物申報-一般空氣污染物,氮氧化物,,,2021,0.255
53116310,E,空氣污染物申報-一般空氣污染物,粒狀污染物,,,2021,0.015000000000000001
53116310,E,空氣污染物申報-一般空氣污染物,揮發性有機化合物,,,2021,15.864
56625344,E,空氣污染物申報-一般空氣污染物,揮發性有機化合物,,,2021,0.37300000000000005
68682185,E,空氣污染物申報-一般空氣污染物,氮氧化物,,,2021,1.737
68682185,E,空氣污染物申報-一般空氣污染物,硫氧化物,,,2021,2.914
68682185,E,空氣污染物申報-一般空氣污染物,粒狀污染物,,,2021,0.768
68682185,E,空氣污染物申報-一般空氣污染物,揮發性有機化合物,,,2021,129.264
68682185,E,空氣污染物申報-有害空氣污染物,苯乙烯,,,2021,0.008
68682185,E,空氣污染物申報-有害空氣污染物,甲苯,,,2021,25.429000000000002
68682185,E,空氣污染物申報-有害空氣污染物,二甲苯,,,2021,0.12
70801588,E,空氣污染物申報-一般空氣污染物,揮發性有機化合物,,,2021,0.20299999999999999
86620351,E,空氣污染物申報-一般空氣污染物,揮發性有機化合物,,,2021,0.28500000000000003
09497109,E,空氣污染物申報-一般空氣污染物,氮氧化物,,,2021,1.506
09497109,E,空氣污染物申報-一般空氣污染物,硫氧化物,,,2021,0.296
09497109,E,空氣污染物申報-一般空氣污染物,粒狀污染物,,,2021,0.030000000000000002
09497109,E,空氣污染物申報-一般空氣污染物,揮發性有機化合物,,,2021,51.194
09497109,E,空氣污染物申報-有害空氣污染物,二甲苯,,,2021,1.058
04322046,E,空氣污染物申報-一般空氣污染物,揮發性有機化合物,,,2021,17.172
04322046,E,空氣污染物申報-有害空氣污染物,甲苯,,,2021,0.01
12868358,E,空氣污染物申報-一般空氣污染物,揮發性有機化合物,,,2022,35.887
16081507,E,空氣污染物申報-一般空氣污染物,氮氧化物,,,2022,1.254
16081507,E,空氣污染物申報-一般空氣污染物,硫氧化物,,,2022,1.2530000000000001
16081507,E,空氣污染物申報-一般空氣污染物,粒狀污染物,,,2022,0.535
16081507,E,空氣污染物申報-一般空氣污染物,揮發性有機化合物,,,2022,0.32699999999999996
16081507,E,空氣污染物申報-有害空氣污染物,甲苯,,,2022,0.119
22822281,E,空氣污染物申報-一般空氣污染物,揮發性有機化合物,,,2022,84.761
23357403,E,空氣污染物申報-一般空氣污染物,粒狀污染物,,,2022,0.085
23357403,E,空氣污染物申報-一般空氣污染物,揮發性有機化合物,,,2022,3.574
23357403,E,空氣污染物申報-有害空氣污染物,甲苯,,,2022,0.086
23357403,E,空氣污染物申報-有害空氣污染物,二甲苯,,,2022,0.772
23638777,E,空氣污染物申報-一般空氣污染物,揮發性有機化合物,,,2022,0.008
30897480,E,空氣污染物申報-一般空氣污染物,揮發性有機化合物,,,2022,0.011000000000000001
30897480,E,空氣污染物申報-有害空氣污染物,二氯甲烷,,,2022,0.011000000000000001
35229109,E,空氣污染物申報-一般空氣污染物,揮發性有機化合物,,,2022,0.8460000000000001
35320697,E,空氣污染物申報-一般空氣污染物,氮氧化物,,,2022,0.121
35320697,E,空氣污染物申報-一般空氣污染物,硫氧化物,,,2022,0.01
35320697,E,空氣污染物申報-一般空氣污染物,粒狀污染物,,,2022,0.004
35320697,E,空氣污染物申報-一般空氣污染物,揮發性有機化合物,,,2022,0.6819999999999999
35320697,E,空氣污染物申報-有害空氣污染物,甲苯,,,2022,0.412
53116310,E,空氣污染物申報-一般空氣污染物,氮氧化物,,,2022,0.27399999999999997
53116310,E,空氣污染物申報-一般空氣污染物,粒狀污染物,,,2022,0.017
53116310,E,空氣污染物申報-一般空氣污染物,揮發性有機化合物,,,2022,10.972999999999999
56625344,E,空氣污染物申報-一般空氣污染物,揮發性有機化合物,,,2022,0.31700000000000006
68682185,E,空氣污染物申報-一般空氣污染物,氮氧化物,,,2022,2.0140000000000002
68682185,E,空氣污染物申報-一般空氣污染物,硫氧化物,,,2022,3.109
68682185,E,空氣污染物申報-一般空氣污染物,粒狀污染物,,,2022,0.783
68682185,E,空氣污染物申報-一般空氣污染物,揮發性有機化合物,,,2022,204.224
68682185,E,空氣污染物申報-有害空氣污染物,苯乙烯,,,2022,0.008
68682185,E,空氣污染物申報-有害空氣污染物,甲苯,,,2022,72.565
68682185,E,空氣污染物申報-有害空氣污染物,二甲苯,,,2022,0.203
70801588,E,空氣污染物申報-一般空氣污染物,揮發性有機化合物,,,2022,0.311
86620351,E,空氣污染物申報-一般空氣污染物,揮發性有機化合物,,,2022,0.185
04322046,E,空氣污染物申報-一般空氣污染物,揮發性有機化合物,,,2022,15.143
04322046,E,空氣污染物申報-有害空氣污染物,甲苯,,,2022,0.004
09497109,E,空氣污染物申報-一般空氣污染物,氮氧化物,,,2022,1.335
09497109,E,空氣污染物申報-一般空氣污染物,硫氧化物,,,2022,0.272
09497109,E,空氣污染物申報-一般空氣污染物,粒狀污染物,,,2022,0.027
09497109,E,空氣污染物申報-一般空氣污染物,揮發性有機化合物,,,2022,48.764
09497109,E,空氣污染物申報-有害空氣污染物,二甲苯,,,2022,0.9339999999999999
12868358,E,空氣污染物申報-一般空氣污染物,揮發性有機化合物,,,2023,11.445
16081507,E,空氣污染物申報-一般空氣污染物,氮氧化物,,,2023,4.943
16081507,E,空氣污染物申報-一般空氣污染物,硫氧化物,,,2023,1.166
16081507,E,空氣污染物申報-一般空氣污染物,粒狀污染物,,,2023,0.406
16081507,E,空氣污染物申報-一般空氣污染物,揮發性有機化合物,,,2023,0.716
16081507,E,空氣污染物申報-有害空氣污染物,乙苯,,,2023,0.002
16081507,E,空氣污染物申報-有害空氣污染物,甲苯,,,2023,0.268
16081507,E,空氣污染物申報-有害空氣污染物,二甲苯,,,2023,0.002
22822281,E,空氣污染物申報-一般空氣污染物,揮發性有機化合物,,,2023,24.271
23357403,E,空氣污染物申報-一般空氣污染物,粒狀污染物,,,2023,0.041
23357403,E,空氣污染物申報-一般空氣污染物,揮發性有機化合物,,,2023,1.837
23357403,E,空氣污染物申報-有害空氣污染物,甲苯,,,2023,0.038
23357403,E,空氣污染物申報-有害空氣污染物,二甲苯,,,2023,0.346
23638777,E,空氣污染物申報-一般空氣污染物,揮發性有機化合物,,,2023,0.009000000000000001
30897480,E,空氣污染物申報-一般空氣污染物,揮發性有機化合物,,,2023,0.006
30897480,E,空氣污染物申報-有害空氣污染物,二氯甲烷,,,2023,0.006
35229109,E,空氣污染物申報-一般空氣污染物,揮發性有機化合物,,,2023,0.39
35320697,E,空氣污染物申報-一般空氣污染物,氮氧化物,,,2023,0.044
35320697,E,空氣污染物申報-一般空氣污染物,硫氧化物,,,2023,0.004
35320697,E,空氣污染物申報-一般空氣污染物,粒狀污染物,,,2023,0.002
35320697,E,空氣污染物申報-一般空氣污染物,揮發性有機化合物,,,2023,0.276
35320697,E,空氣污染物申報-有害空氣污染物,甲苯,,,2023,0.158
53116310,E,空氣污染物申報-一般空氣污染物,氮氧化物,,,2023,0.176
53116310,E,空氣污染物申報-一般空氣污染物,粒狀污染物,,,2023,0.012
53116310,E,空氣污染物申報-一般空氣污染物,揮發性有機化合物,,,2023,10.355
56625344,E,空氣污染物申報-一般空氣污染物,揮發性有機化合物,,,2023,0.119
68682185,E,空氣污染物申報-一般空氣污染物,氮氧化物,,,2023,1.112
68682185,E,空氣污染物申報-一般空氣污染物,硫氧化物,,,2023,1.7389999999999999
68682185,E,空氣污染物申報-一般空氣污染物,粒狀污染物,,,2023,0.437
68682185,E,空氣污染物申報-一般空氣污染物,揮發性有機化合物,,,2023,62.062
68682185,E,空氣污染物申報-有害空氣污染物,苯乙烯,,,2023,0.004
68682185,E,空氣污染物申報-有害空氣污染物,甲苯,,,2023,15.283999999999999
68682185,E,空氣污染物申報-有害空氣污染物,二甲苯,,,2023,0.09
70801588,E,空氣污染物申報-一般空氣污染物,揮發性有機化合物,,,2023,0.163
86620351,E,空氣污染物申報-一般空氣污染物,揮發性有機化合物,,,2023,0.066
09497109,E,空氣污染物申報-一般空氣污染物,氮氧化物,,,2023,0.632
09497109,E,空氣污染物申報-一般空氣污染物,硫氧化物,,,2023,0.129
09497109,E,空氣污染物申報-一般空氣污染物,粒狀污染物,,,2023,0.012
09497109,E,空氣污染物申報-一般空氣污染物,揮發性有機化合物,,,2023,21.84
09497109,E,空氣污染物申報-有害空氣污染物,二甲苯,,,2023,0.432
04322046,E,空氣污染物申報-一般空氣污染物,揮發性有機化合物,,,2023,10.233
04322046,E,空氣污染物申報-有害空氣污染物,甲苯,,,2023,0.003
11085292,E,環境違規,違反環境法規金額,,元,2010,556000
11085292,E,環境違規,違反環境法規次數,,次,2010,6
35229109,E,環境違規,違反環境法規金額,,元,2010,10000
35229109,E,環境違規,違反環境法規次數,,次,2010,2
35383165,E,環境違規,違反環境法規金額,,元,2010,6000
35383165,E,環境違規,違反環境法規次數,,次,2010,1
09497109,E,環境違規,違反環境法規金額,,元,2010,100000
09497109,E,環境違規,違反環境法規次數,,次,2010,1
11085292,E,環境違規,違反環境法規金額,,元,2011,950000
11085292,E,環境違規,違反環境法規次數,,次,2011,7
16271936,E,環境違規,違反環境法規金額,,元,2011,6000
16271936,E,環境違規,違反環境法規次數,,次,2011,1
11085292,E,環境違規,違反環境法規金額,,元,2012,1000000
11085292,E,環境違規,違反環境法規次數,,次,2012,4
13000192,E,環境違規,違反環境法規金額,,元,2012,6000
13000192,E,環境違規,違反環境法規次數,,次,2012,1
23631726,E,環境違規,違反環境法規金額,,元,2012,6000
23631726,E,環境違規,違反環境法規次數,,次,2012,1
30950652,E,環境違規,違反環境法規金額,,元,2012,60000
30950652,E,環境違規,違反環境法規次數,,次,2012,1
70801588,E,環境違規,違反環境法規金額,,元,2012,40000
70801588,E,環境違規,違反環境法規次數,,次,2012,1
04322046,E,環境違規,違反環境法規金額,,元,2012,66000
04322046,E,環境違規,違反環境法規次數,,次,2012,2
11085292,E,環境違規,違反環境法規金額,,元,2013,500000
11085292,E,環境違規,違反環境法規次數,,次,2013,3
28689155,E,環境違規,違反環境法規金額,,元,2013,60000
28689155,E,環境違規,違反環境法規次數,,次,2013,1
86620351,E,環境違規,違反環境法規金額,,元,2013,72000
86620351,E,環境違規,違反環境法規次數,,次,2013,3
11085292,E,環境違規,違反環境法規金額,,元,2014,540000
11085292,E,環境違規,違反環境法規次數,,次,2014,3
23638777,E,環境違規,違反環境法規金額,,元,2014,60000
23638777,E,環境違規,違反環境法規次數,,次,2014,1
28689155,E,環境違規,違反環境法規金額,,元,2014,80000
28689155,E,環境違規,違反環境法規次數,,次,2014,1
53116310,E,環境違規,違反環境法規金額,,元,2014,160000
53116310,E,環境違規,違反環境法規次數,,次,2014,2
11085292,E,環境違規,違反環境法規金額,,元,2015,982000
11085292,E,環境違規,違反環境法規次數,,次,2015,5
68682185,E,環境違規,違反環境法規金額,,元,2015,220000
68682185,E,環境違規,違反環境法規次數,,次,2015,3
05155853,E,環境違規,違反環境法規金額,,元,2015,100000
05155853,E,環境違規,違反環境法規次數,,次,2015,1
09497109,E,環境違規,違反環境法規金額,,元,2015,100000
09497109,E,環境違規,違反環境法規次數,,次,2015,1
11085292,E,環境違規,違反環境法規金額,,元,2016,2031000
11085292,E,環境違規,違反環境法規次數,,次,2016,6
23638777,E,環境違規,違反環境法規金額,,元,2016,72000
23638777,E,環境違規,違反環境法規次數,,次,2016,1
11085292,E,環境違規,違反環境法規金額,,元,2017,100000
11085292,E,環境違規,違反環境法規次數,,次,2017,1
16596982,E,環境違規,違反環境法規金額,,元,2017,100000
16596982,E,環境違規,違反環境法規次數,,次,2017,1
22099738,E,環境違規,違反環境法規金額,,元,2017,6000
22099738,E,環境違規,違反環境法規次數,,次,2017,1
23638777,E,環境違規,違反環境法規金額,,元,2017,60000
23638777,E,環境違規,違反環境法規次數,,次,2017,1
28689155,E,環境違規,違反環境法規金額,,元,2017,1200
28689155,E,環境違規,違反環境法規次數,,次,2017,1
53116310,E,環境違規,違反環境法規金額,,元,2017,10000
53116310,E,環境違規,違反環境法規次數,,次,2017,1
22099738,E,環境違規,違反環境法規金額,,元,2018,12000
22099738,E,環境違規,違反環境法規次數,,次,2018,2
23638777,E,環境違規,違反環境法規金額,,元,2018,16000
23638777,E,環境違規,違反環境法規次數,,次,2018,2
53116310,E,環境違規,違反環境法規金額,,元,2018,100000
53116310,E,環境違規,違反環境法規次數,,次,2018,1
86620351,E,環境違規,違反環境法規金額,,元,2018,6000
86620351,E,環境違規,違反環境法規次數,,次,2018,1
11085292,E,環境違規,違反環境法規金額,,元,2019,225500
11085292,E,環境違規,違反環境法規次數,,次,2019,6
16081507,E,環境違規,違反環境法規金額,,元,2019,10000
16081507,E,環境違規,違反環境法規次數,,次,2019,1
53116310,E,環境違規,違反環境法規金額,,元,2019,60000
53116310,E,環境違規,違反環境法規次數,,次,2019,1
68682185,E,環境違規,違反環境法規金額,,元,2019,260000
68682185,E,環境違規,違反環境法規次數,,次,2019,3
11085292,E,環境違規,違反環境法規金額,,元,2020,100000
11085292,E,環境違規,違反環境法規次數,,次,2020,1
16091527,E,環境違規,違反環境法規金額,,元,2020,1200
16091527,E,環境違規,違反環境法規次數,,次,2020,1
21222725,E,環境違規,違反環境法規金額,,元,2020,12000
21222725,E,環境違規,違反環境法規次數,,次,2020,2
22822281,E,環境違規,違反環境法規金額,,元,2020,9000
22822281,E,環境違規,違反環境法規次數,,次,2020,1
23357403,E,環境違規,違反環境法規金額,,元,2020,60000
23357403,E,環境違規,違反環境法規次數,,次,2020,1
30950652,E,環境違規,違反環境法規金額,,元,2020,12000
30950652,E,環境違規,違反環境法規次數,,次,2020,1
68682185,E,環境違規,違反環境法規金額,,元,2020,666000
68682185,E,環境違規,違反環境法規次數,,次,2020,3
90724033,E,環境違規,違反環境法規金額,,元,2020,6000
90724033,E,環境違規,違反環境法規次數,,次,2020,1
28689155,E,環境違規,違反環境法規金額,,元,2021,27200
28689155,E,環境違規,違反環境法規次數,,次,2021,4
68682185,E,環境違規,違反環境法規金額,,元,2021,6000
68682185,E,環境違規,違反環境法規次數,,次,2021,1
11085292,E,環境違規,違反環境法規金額,,元,2022,150000
11085292,E,環境違規,違反環境法規次數,,次,2022,1
22044755,E,環境違規,違反環境法規金額,,元,2022,12000
22044755,E,環境違規,違反環境法規次數,,次,2022,2
68682185,E,環境違規,違反環境法規金額,,元,2022,7592000
68682185,E,環境違規,違反環境法規次數,,次,2022,9
86620351,E,環境違規,違反環境法規金額,,元,2022,3000
86620351,E,環境違規,違反環境法規次數,,次,2022,1
89593343,E,環境違規,違反環境法規金額,,元,2022,6000
89593343,E,環境違規,違反環境法規次數,,次,2022,1
11085292,E,環境違規,違反環境法規金額,,元,2023,150000
11085292,E,環境違規,違反環境法規次數,,次,2023,1
12868358,E,環境違規,違反環境法規金額,,元,2023,73500
12868358,E,環境違規,違反環境法規次數,,次,2023,1
20828393,E,環境違規,違反環境法規金額,,元,2023,6000
20828393,E,環境違規,違反環境法規次數,,次,2023,1
23357403,E,環境違規,違反環境法規金額,,元,2023,100000
23357403,E,環境違規,違反環境法規次數,,次,2023,1
23638777,E,環境違規,違反環境法規金額,,元,2023,72000
23638777,E,環境違規,違反環境法規次數,,次,2023,3
35320697,E,環境違規,違反環境法規金額,,元,2023,1000
35320697,E,環境違規,違反環境法規次數,,次,2023,1
68682185,E,環境違規,違反環境法規金額,,元,2023,24000
68682185,E,環境違規,違反環境法規次數,,次,2023,4
11085292,E,環境違規,違反環境法規金額,,元,2024,150000
11085292,E,環境違規,違反環境法規次數,,次,2024,1
30897480,E,環境違規,違反環境法規金額,,元,2024,6000
30897480,E,環境違規,違反環境法規次數,,次,2024,1
76404919,S,員工薪資,平均薪資,,仟元,2020,653
76404919,S,員工薪資,薪資中位數,,仟元,2020,605
23357403,S,員工薪資,平均薪資,,仟元,2020,1376
23357403,S,員工薪資,薪資中位數,,仟元,2020,1169
47226140,S,員工薪資,平均薪資,,仟元,2020,717
47226140,S,員工薪資,薪資中位數,,仟元,2020,676
21222725,S,員工薪資,平均薪資,,仟元,2020,1204
21222725,S,員工薪資,薪資中位數,,仟元,2020,1026
22449566,S,員工薪資,平均薪資,,仟元,2020,964
22449566,S,員工薪資,薪資中位數,,仟元,2020,755
12490306,S,員工薪資,平均薪資,,仟元,2020,1509
12490306,S,員工薪資,薪資中位數,,仟元,2020,1238
20828393,S,員工薪資,平均薪資,,仟元,2020,1663
20828393,S,員工薪資,薪資中位數,,仟元,2020,1296
04322046,S,員工薪資,平均薪資,,仟元,2020,996
04322046,S,員工薪資,薪資中位數,,仟元,2020,809
23638777,S,員工薪資,平均薪資,,仟元,2020,1612
23638777,S,員工薪資,薪資中位數,,仟元,2020,1243
09424319,S,員工薪資,平均薪資,,仟元,2020,1135
09424319,S,員工薪資,薪資中位數,,仟元,2020,1007
79883646,S,員工薪資,平均薪資,,仟元,2020,670
79883646,S,員工薪資,薪資中位數,,仟元,2020,616
05141520,S,員工薪資,平均薪資,,仟元,2020,932
05141520,S,員工薪資,薪資中位數,,仟元,2020,801
22044755,S,員工薪資,平均薪資,,仟元,2020,1143
22044755,S,員工薪資,薪資中位數,,仟元,2020,859
22178368,S,員工薪資,平均薪資,,仟元,2020,1414
22178368,S,員工薪資,薪資中位數,,仟元,2020,1215
22099759,S,員工薪資,平均薪資,,仟元,2020,843
22099759,S,員工薪資,薪資中位數,,仟元,2020,744
22822281,S,員工薪資,平均薪資,,仟元,2020,1307
22822281,S,員工薪資,薪資中位數,,仟元,2020,1112
86244265,S,員工薪資,平均薪資,,仟元,2020,706
86244265,S,員工薪資,薪資中位數,,仟元,2020,640
05155853,S,員工薪資,平均薪資,,仟元,2020,1024
05155853,S,員工薪資,薪資中位數,,仟元,2020,857
30950652,S,員工薪資,平均薪資,,仟元,2020,737
30950652,S,員工薪資,薪資中位數,,仟元,2020,589
23826200,S,員工薪資,平均薪資,,仟元,2020,866
23826200,S,員工薪資,薪資中位數,,仟元,2020,718
20980880,S,員工薪資,平均薪資,,仟元,2020,859
20980880,S,員工薪資,薪資中位數,,仟元,2020,734
23611974,S,員工薪資,平均薪資,,仟元,2020,1265
23611974,S,員工薪資,薪資中位數,,仟元,2020,1081
04926876,S,員工薪資,平均薪資,,仟元,2020,679
04926876,S,員工薪資,薪資中位數,,仟元,2020,611
22332192,S,員工薪資,平均薪資,,仟元,2020,649
22332192,S,員工薪資,薪資中位數,,仟元,2020,680
22006274,S,員工薪資,平均薪資,,仟元,2020,985
22006274,S,員工薪資,薪資中位數,,仟元,2020,815
22325002,S,員工薪資,平均薪資,,仟元,2020,801
22325002,S,員工薪資,薪資中位數,,仟元,2020,647
84166074,S,員工薪資,平均薪資,,仟元,2020,868
84166074,S,員工薪資,薪資中位數,,仟元,2020,767
31306250,S,員工薪資,平均薪資,,仟元,2020,864
31306250,S,員工薪資,薪資中位數,,仟元,2020,823
22099532,S,員工薪資,平均薪資,,仟元,2020,1586
22099532,S,員工薪資,薪資中位數,,仟元,2020,1373
04777186,S,員工薪資,平均薪資,,仟元,2020,819
04777186,S,員工薪資,薪資中位數,,仟元,2020,798
86427715,S,員工薪資,平均薪資,,仟元,2020,899
86427715,S,員工薪資,薪資中位數,,仟元,2020,809
97445303,S,員工薪資,平均薪資,,仟元,2020,839
97445303,S,員工薪資,薪資中位數,,仟元,2020,776
97306457,S,員工薪資,平均薪資,,仟元,2020,959
97306457,S,員工薪資,薪資中位數,,仟元,2020,910
22099738,S,員工薪資,平均薪資,,仟元,2020,1097
22099738,S,員工薪資,薪資中位數,,仟元,2020,924
30897480,S,員工薪資,平均薪資,,仟元,2020,605
30897480,S,員工薪資,薪資中位數,,仟元,2020,548
90724033,S,員工薪資,平均薪資,,仟元,2020,769
90724033,S,員工薪資,薪資中位數,,仟元,2020,652
23718011,S,員工薪資,平均薪資,,仟元,2020,874
23718011,S,員工薪資,薪資中位數,,仟元,2020,791
16596982,S,員工薪資,平均薪資,,仟元,2020,1410
16596982,S,員工薪資,薪資中位數,,仟元,2020,1307
23631726,S,員工薪資,平均薪資,,仟元,2020,710
23631726,S,員工薪資,薪資中位數,,仟元,2020,610
12868358,S,員工薪資,平均薪資,,仟元,2020,1269
12868358,S,員工薪資,薪資中位數,,仟元,2020,1085
84126144,S,員工薪資,平均薪資,,仟元,2020,804
84126144,S,員工薪資,薪資中位數,,仟元,2020,734
70360251,S,員工薪資,平均薪資,,仟元,2020,662
70360251,S,員工薪資,薪資中位數,,仟元,2020,590
16271936,S,員工薪資,平均薪資,,仟元,2020,698
16271936,S,員工薪資,薪資中位數,,仟元,2020,545
96958986,S,員工薪資,平均薪資,,仟元,2020,586
96958986,S,員工薪資,薪資中位數,,仟元,2020,533
96930209,S,員工薪資,平均薪資,,仟元,2020,727
96930209,S,員工薪資,薪資中位數,,仟元,2020,599
70604376,S,員工薪資,平均薪資,,仟元,2020,832
70604376,S,員工薪資,薪資中位數,,仟元,2020,764
16266820,S,員工薪資,平均薪資,,仟元,2020,732
16266820,S,員工薪資,薪資中位數,,仟元,2020,682
70801588,S,員工薪資,平均薪資,,仟元,2020,524
70801588,S,員工薪資,薪資中位數,,仟元,2020,497
80333613,S,員工薪資,平均薪資,,仟元,2020,1687
80333613,S,員工薪資,薪資中位數,,仟元,2020,1519
22023793,S,員工薪資,平均薪資,,仟元,2020,665
22023793,S,員工薪資,薪資中位數,,仟元,2020,579
70669172,S,員工薪資,平均薪資,,仟元,2020,1139
70669172,S,員工薪資,薪資中位數,,仟元,2020,971
84517297,S,員工薪資,平均薪資,,仟元,2020,677
84517297,S,員工薪資,薪資中位數,,仟元,2020,586
84469443,S,員工薪資,平均薪資,,仟元,2020,683
84469443,S,員工薪資,薪資中位數,,仟元,2020,586
28624652,S,員工薪資,平均薪資,,仟元,2020,731
28624652,S,員工薪資,薪資中位數,,仟元,2020,577
96969724,S,員工薪資,平均薪資,,仟元,2020,810
96969724,S,員工薪資,薪資中位數,,仟元,2020,764
28913512,S,員工薪資,平均薪資,,仟元,2020,766
28913512,S,員工薪資,薪資中位數,,仟元,2020,690
96994977,S,員工薪資,平均薪資,,仟元,2020,717
96994977,S,員工薪資,薪資中位數,,仟元,2020,604
27242184,S,員工薪資,平均薪資,,仟元,2020,844
27242184,S,員工薪資,薪資中位數,,仟元,2020,710
53677966,S,員工薪資,平均薪資,,仟元,2020,1073
53677966,S,員工薪資,薪資中位數,,仟元,2020,949
51512503,S,員工薪資,平均薪資,,仟元,2020,732
51512503,S,員工薪資,薪資中位數,,仟元,2020,621
24813370,S,員工薪資,平均薪資,,仟元,2020,944
24813370,S,員工薪資,薪資中位數,,仟元,2020,808
13000192,S,員工薪資,平均薪資,,仟元,2020,695
13000192,S,員工薪資,薪資中位數,,仟元,2020,578
70848850,S,員工薪資,平均薪資,,仟元,2020,556
70848850,S,員工薪資,薪資中位數,,仟元,2020,443
28689155,S,員工薪資,平均薪資,,仟元,2020,1223
28689155,S,員工薪資,薪資中位數,,仟元,2020,987
84152965,S,員工薪資,平均薪資,,仟元,2020,516
84152965,S,員工薪資,薪資中位數,,仟元,2020,429
84188062,S,員工薪資,平均薪資,,仟元,2020,639
84188062,S,員工薪資,薪資中位數,,仟元,2020,538
27565769,S,員工薪資,平均薪資,,仟元,2020,862
27565769,S,員工薪資,薪資中位數,,仟元,2020,651
35229109,S,員工薪資,平均薪資,,仟元,2020,501
35229109,S,員工薪資,薪資中位數,,仟元,2020,441
21224842,S,員工薪資,平均薪資,,仟元,2020,665
21224842,S,員工薪資,薪資中位數,,仟元,2020,610
35320697,S,員工薪資,平均薪資,,仟元,2020,592
35320697,S,員工薪資,薪資中位數,,仟元,2020,526
16091527,S,員工薪資,平均薪資,,仟元,2020,1100
16091527,S,員工薪資,薪資中位數,,仟元,2020,885
36270626,S,員工薪資,平均薪資,,仟元,2020,920
36270626,S,員工薪資,薪資中位數,,仟元,2020,895
23902678,S,員工薪資,平均薪資,,仟元,2020,1270
23902678,S,員工薪資,薪資中位數,,仟元,2020,1036
84149929,S,員工薪資,平均薪資,,仟元,2020,1129
84149929,S,員工薪資,薪資中位數,,仟元,2020,1047
09497109,S,員工薪資,平均薪資,,仟元,2020,596
09497109,S,員工薪資,薪資中位數,,仟元,2020,484
86620351,S,員工薪資,平均薪資,,仟元,2020,1243
86620351,S,員工薪資,薪資中位數,,仟元,2020,1101
86162989,S,員工薪資,平均薪資,,仟元,2020,763
86162989,S,員工薪資,薪資中位數,,仟元,2020,735
56625344,S,員工薪資,平均薪資,,仟元,2020,509
56625344,S,員工薪資,薪資中位數,,仟元,2020,440
16238655,S,員工薪資,平均薪資,,仟元,2020,755
16238655,S,員工薪資,薪資中位數,,仟元,2020,700
23058518,S,員工薪資,平均薪資,,仟元,2020,686
23058518,S,員工薪資,薪資中位數,,仟元,2020,640
22178466,S,員工薪資,平均薪資,,仟元,2020,830
22178466,S,員工薪資,薪資中位數,,仟元,2020,673
89593343,S,員工薪資,平均薪資,,仟元,2020,1020
89593343,S,員工薪資,薪資中位數,,仟元,2020,936
16836218,S,員工薪資,平均薪資,,仟元,2020,1253
16836218,S,員工薪資,薪資中位數,,仟元,2020,1052
21230513,S,員工薪資,平均薪資,,仟元,2020,796
21230513,S,員工薪資,薪資中位數,,仟元,2020,647
84560006,S,員工薪資,平均薪資,,仟元,2020,625
84560006,S,員工薪資,薪資中位數,,仟元,2020,577
34005476,S,員工薪資,平均薪資,,仟元,2020,647
34005476,S,員工薪資,薪資中位數,,仟元,2020,539
35383165,S,員工薪資,平均薪資,,仟元,2020,903
35383165,S,員工薪資,薪資中位數,,仟元,2020,711
34235759,S,員工薪資,平均薪資,,仟元,2020,895
34235759,S,員工薪資,薪資中位數,,仟元,2020,821
12403422,S,員工薪資,平均薪資,,仟元,2020,1098
12403422,S,員工薪資,薪資中位數,,仟元,2020,923
70380046,S,員工薪資,平均薪資,,仟元,2020,966
70380046,S,員工薪資,薪資中位數,,仟元,2020,907
53562649,S,員工薪資,平均薪資,,仟元,2020,564
53562649,S,員工薪資,薪資中位數,,仟元,2020,498
27271130,S,員工薪資,平均薪資,,仟元,2020,636
27271130,S,員工薪資,薪資中位數,,仟元,2020,561
70565509,S,員工薪資,平均薪資,,仟元,2020,789
70565509,S,員工薪資,薪資中位數,,仟元,2020,738
53113073,S,員工薪資,平均薪資,,仟元,2020,896
53113073,S,員工薪資,薪資中位數,,仟元,2020,801
53687704,S,員工薪資,平均薪資,,仟元,2020,1161
53687704,S,員工薪資,薪資中位數,,仟元,2020,881
24332747,S,員工薪資,平均薪資,,仟元,2020,804
24332747,S,員工薪資,薪資中位數,,仟元,2020,767
70479315,S,員工薪資,平均薪資,,仟元,2020,632
70479315,S,員工薪資,薪資中位數,,仟元,2020,529
89961466,S,員工薪資,平均薪資,,仟元,2020,703
89961466,S,員工薪資,薪資中位數,,仟元,2020,634
12514341,S,員工薪資,平均薪資,,仟元,2020,613
12514341,S,員工薪資,薪資中位數,,仟元,2020,498
16081507,S,員工薪資,平均薪資,,仟元,2020,1119
16081507,S,員工薪資,薪資中位數,,仟元,2020,947
05143647,S,員工薪資,平均薪資,,仟元,2020,1302
05143647,S,員工薪資,薪資中位數,,仟元,2020,1058
86891972,S,員工薪資,平均薪資,,仟元,2020,697
86891972,S,員工薪資,薪資中位數,,仟元,2020,612
68682185,S,員工薪資,平均薪資,,仟元,2020,699
68682185,S,員工薪資,薪資中位數,,仟元,2020,667
20792640,S,員工薪資,平均薪資,,仟元,2020,821
20792640,S,員工薪資,薪資中位數,,仟元,2020,793
76404919,S,員工薪資,平均薪資,,仟元,2019,639
76404919,S,員工薪資,薪資中位數,,仟元,2019,530
23357403,S,員工薪資,平均薪資,,仟元,2019,1305
23357403,S,員工薪資,薪資中位數,,仟元,2019,1067
47226140,S,員工薪資,平均薪資,,仟元,2019,662
47226140,S,員工薪資,薪資中位數,,仟元,2019,620
21222725,S,員工薪資,平均薪資,,仟元,2019,1245
21222725,S,員工薪資,薪資中位數,,仟元,2019,1079
22449566,S,員工薪資,平均薪資,,仟元,2019,953
22449566,S,員工薪資,薪資中位數,,仟元,2019,763
12490306,S,員工薪資,平均薪資,,仟元,2019,1442
12490306,S,員工薪資,薪資中位數,,仟元,2019,1210
20828393,S,員工薪資,平均薪資,,仟元,2019,1362
20828393,S,員工薪資,薪資中位數,,仟元,2019,1122
04322046,S,員工薪資,平均薪資,,仟元,2019,1090
04322046,S,員工薪資,薪資中位數,,仟元,2019,920
23638777,S,員工薪資,平均薪資,,仟元,2019,1481
23638777,S,員工薪資,薪資中位數,,仟元,2019,1173
09424319,S,員工薪資,平均薪資,,仟元,2019,1130
09424319,S,員工薪資,薪資中位數,,仟元,2019,1016
79883646,S,員工薪資,平均薪資,,仟元,2019,726
79883646,S,員工薪資,薪資中位數,,仟元,2019,656
05141520,S,員工薪資,平均薪資,,仟元,2019,876
05141520,S,員工薪資,薪資中位數,,仟元,2019,777
22044755,S,員工薪資,平均薪資,,仟元,2019,1015
22044755,S,員工薪資,薪資中位數,,仟元,2019,766
22178368,S,員工薪資,平均薪資,,仟元,2019,1320
22178368,S,員工薪資,薪資中位數,,仟元,2019,1105
22099759,S,員工薪資,平均薪資,,仟元,2019,821
22099759,S,員工薪資,薪資中位數,,仟元,2019,716
22822281,S,員工薪資,平均薪資,,仟元,2019,1345
22822281,S,員工薪資,薪資中位數,,仟元,2019,1151
86244265,S,員工薪資,平均薪資,,仟元,2019,672
86244265,S,員工薪資,薪資中位數,,仟元,2019,610
05155853,S,員工薪資,平均薪資,,仟元,2019,1002
05155853,S,員工薪資,薪資中位數,,仟元,2019,855
30950652,S,員工薪資,平均薪資,,仟元,2019,792
30950652,S,員工薪資,薪資中位數,,仟元,2019,644
23826200,S,員工薪資,平均薪資,,仟元,2019,733
23826200,S,員工薪資,薪資中位數,,仟元,2019,630
20980880,S,員工薪資,平均薪資,,仟元,2019,866
20980880,S,員工薪資,薪資中位數,,仟元,2019,735
23611974,S,員工薪資,平均薪資,,仟元,2019,1018
23611974,S,員工薪資,薪資中位數,,仟元,2019,969
04926876,S,員工薪資,平均薪資,,仟元,2019,805
04926876,S,員工薪資,薪資中位數,,仟元,2019,660
22332192,S,員工薪資,平均薪資,,仟元,2019,658
22332192,S,員工薪資,薪資中位數,,仟元,2019,720
22006274,S,員工薪資,平均薪資,,仟元,2019,988
22006274,S,員工薪資,薪資中位數,,仟元,2019,780
22325002,S,員工薪資,平均薪資,,仟元,2019,794
22325002,S,員工薪資,薪資中位數,,仟元,2019,663
84166074,S,員工薪資,平均薪資,,仟元,2019,885
84166074,S,員工薪資,薪資中位數,,仟元,2019,785
31306250,S,員工薪資,平均薪資,,仟元,2019,874
31306250,S,員工薪資,薪資中位數,,仟元,2019,908
22099532,S,員工薪資,平均薪資,,仟元,2019,1620
22099532,S,員工薪資,薪資中位數,,仟元,2019,1403
04777186,S,員工薪資,平均薪資,,仟元,2019,840
04777186,S,員工薪資,薪資中位數,,仟元,2019,831
86427715,S,員工薪資,平均薪資,,仟元,2019,833
86427715,S,員工薪資,薪資中位數,,仟元,2019,768
97445303,S,員工薪資,平均薪資,,仟元,2019,849
97445303,S,員工薪資,薪資中位數,,仟元,2019,786
97306457,S,員工薪資,平均薪資,,仟元,2019,954
97306457,S,員工薪資,薪資中位數,,仟元,2019,917
22099738,S,員工薪資,平均薪資,,仟元,2019,1025
22099738,S,員工薪資,薪資中位數,,仟元,2019,886
30897480,S,員工薪資,平均薪資,,仟元,2019,581
30897480,S,員工薪資,薪資中位數,,仟元,2019,510
90724033,S,員工薪資,平均薪資,,仟元,2019,701
90724033,S,員工薪資,薪資中位數,,仟元,2019,641
23718011,S,員工薪資,平均薪資,,仟元,2019,883
23718011,S,員工薪資,薪資中位數,,仟元,2019,788
16596982,S,員工薪資,平均薪資,,仟元,2019,1389
16596982,S,員工薪資,薪資中位數,,仟元,2019,1263
23631726,S,員工薪資,平均薪資,,仟元,2019,665
23631726,S,員工薪資,薪資中位數,,仟元,2019,553
12868358,S,員工薪資,平均薪資,,仟元,2019,1262
12868358,S,員工薪資,薪資中位數,,仟元,2019,1114
84126144,S,員工薪資,平均薪資,,仟元,2019,850
84126144,S,員工薪資,薪資中位數,,仟元,2019,814
70360251,S,員工薪資,平均薪資,,仟元,2019,564
70360251,S,員工薪資,薪資中位數,,仟元,2019,511
16271936,S,員工薪資,平均薪資,,仟元,2019,714
16271936,S,員工薪資,薪資中位數,,仟元,2019,559
96958986,S,員工薪資,平均薪資,,仟元,2019,538
96958986,S,員工薪資,薪資中位數,,仟元,2019,481
96930209,S,員工薪資,平均薪資,,仟元,2019,678
96930209,S,員工薪資,薪資中位數,,仟元,2019,565
70604376,S,員工薪資,平均薪資,,仟元,2019,1120
70604376,S,員工薪資,薪資中位數,,仟元,2019,926
16266820,S,員工薪資,平均薪資,,仟元,2019,601
16266820,S,員工薪資,薪資中位數,,仟元,2019,556
70801588,S,員工薪資,平均薪資,,仟元,2019,606
70801588,S,員工薪資,薪資中位數,,仟元,2019,438
80333613,S,員工薪資,平均薪資,,仟元,2019,1157
80333613,S,員工薪資,薪資中位數,,仟元,2019,1068
22023793,S,員工薪資,平均薪資,,仟元,2019,673
22023793,S,員工薪資,薪資中位數,,仟元,2019,577
70669172,S,員工薪資,平均薪資,,仟元,2019,859
70669172,S,員工薪資,薪資中位數,,仟元,2019,746
84517297,S,員工薪資,平均薪資,,仟元,2019,664
84517297,S,員工薪資,薪資中位數,,仟元,2019,557
84469443,S,員工薪資,平均薪資,,仟元,2019,691
84469443,S,員工薪資,薪資中位數,,仟元,2019,591
28624652,S,員工薪資,平均薪資,,仟元,2019,760
28624652,S,員工薪資,薪資中位數,,仟元,2019,604
96969724,S,員工薪資,平均薪資,,仟元,2019,728
96969724,S,員工薪資,薪資中位數,,仟元,2019,657
28913512,S,員工薪資,平均薪資,,仟元,2019,761
28913512,S,員工薪資,薪資中位數,,仟元,2019,673
96994977,S,員工薪資,平均薪資,,仟元,2019,712
96994977,S,員工薪資,薪資中位數,,仟元,2019,604
27242184,S,員工薪資,平均薪資,,仟元,2019,846
27242184,S,員工薪資,薪資中位數,,仟元,2019,734
53677966,S,員工薪資,平均薪資,,仟元,2019,1134
53677966,S,員工薪資,薪資中位數,,仟元,2019,996
51512503,S,員工薪資,平均薪資,,仟元,2019,715
51512503,S,員工薪資,薪資中位數,,仟元,2019,613
24813370,S,員工薪資,平均薪資,,仟元,2019,826
24813370,S,員工薪資,薪資中位數,,仟元,2019,620
13000192,S,員工薪資,平均薪資,,仟元,2019,503
13000192,S,員工薪資,薪資中位數,,仟元,2019,408
70848850,S,員工薪資,平均薪資,,仟元,2019,560
70848850,S,員工薪資,薪資中位數,,仟元,2019,441
28689155,S,員工薪資,平均薪資,,仟元,2019,1221
28689155,S,員工薪資,薪資中位數,,仟元,2019,989
84152965,S,員工薪資,平均薪資,,仟元,2019,507
84152965,S,員工薪資,薪資中位數,,仟元,2019,395
84188062,S,員工薪資,平均薪資,,仟元,2019,648
84188062,S,員工薪資,薪資中位數,,仟元,2019,549
27565769,S,員工薪資,平均薪資,,仟元,2019,828
27565769,S,員工薪資,薪資中位數,,仟元,2019,636
35229109,S,員工薪資,平均薪資,,仟元,2019,526
35229109,S,員工薪資,薪資中位數,,仟元,2019,433
21224842,S,員工薪資,平均薪資,,仟元,2019,692
21224842,S,員工薪資,薪資中位數,,仟元,2019,611
35320697,S,員工薪資,平均薪資,,仟元,2019,634
35320697,S,員工薪資,薪資中位數,,仟元,2019,565
16091527,S,員工薪資,平均薪資,,仟元,2019,1145
16091527,S,員工薪資,薪資中位數,,仟元,2019,923
36270626,S,員工薪資,平均薪資,,仟元,2019,917
36270626,S,員工薪資,薪資中位數,,仟元,2019,854
23902678,S,員工薪資,平均薪資,,仟元,2019,1144
23902678,S,員工薪資,薪資中位數,,仟元,2019,910
84149929,S,員工薪資,平均薪資,,仟元,2019,1201
84149929,S,員工薪資,薪資中位數,,仟元,2019,1120
09497109,S,員工薪資,平均薪資,,仟元,2019,567
09497109,S,員工薪資,薪資中位數,,仟元,2019,454
86620351,S,員工薪資,平均薪資,,仟元,2019,1202
86620351,S,員工薪資,薪資中位數,,仟元,2019,990
86162989,S,員工薪資,平均薪資,,仟元,2019,775
86162989,S,員工薪資,薪資中位數,,仟元,2019,712
56625344,S,員工薪資,平均薪資,,仟元,2019,570
56625344,S,員工薪資,薪資中位數,,仟元,2019,404
16238655,S,員工薪資,平均薪資,,仟元,2019,926
16238655,S,員工薪資,薪資中位數,,仟元,2019,798
23058518,S,員工薪資,平均薪資,,仟元,2019,792
23058518,S,員工薪資,薪資中位數,,仟元,2019,735
22178466,S,員工薪資,平均薪資,,仟元,2019,877
22178466,S,員工薪資,薪資中位數,,仟元,2019,660
89593343,S,員工薪資,平均薪資,,仟元,2019,973
89593343,S,員工薪資,薪資中位數,,仟元,2019,880
16836218,S,員工薪資,平均薪資,,仟元,2019,1174
16836218,S,員工薪資,薪資中位數,,仟元,2019,1001
21230513,S,員工薪資,平均薪資,,仟元,2019,789
21230513,S,員工薪資,薪資中位數,,仟元,2019,600
84560006,S,員工薪資,平均薪資,,仟元,2019,646
84560006,S,員工薪資,薪資中位數,,仟元,2019,609
34005476,S,員工薪資,平均薪資,,仟元,2019,636
34005476,S,員工薪資,薪資中位數,,仟元,2019,484
35383165,S,員工薪資,平均薪資,,仟元,2019,788
35383165,S,員工薪資,薪資中位數,,仟元,2019,654
34235759,S,員工薪資,平均薪資,,仟元,2019,836
34235759,S,員工薪資,薪資中位數,,仟元,2019,710
12403422,S,員工薪資,平均薪資,,仟元,2019,1036
12403422,S,員工薪資,薪資中位數,,仟元,2019,874
70380046,S,員工薪資,平均薪資,,仟元,2019,1124
70380046,S,員工薪資,薪資中位數,,仟元,2019,1020
53562649,S,員工薪資,平均薪資,,仟元,2019,592
53562649,S,員工薪資,薪資中位數,,仟元,2019,547
27271130,S,員工薪資,平均薪資,,仟元,2019,705
27271130,S,員工薪資,薪資中位數,,仟元,2019,597
70565509,S,員工薪資,平均薪資,,仟元,2019,839
70565509,S,員工薪資,薪資中位數,,仟元,2019,711
53113073,S,員工薪資,平均薪資,,仟元,2019,915
53113073,S,員工薪資,薪資中位數,,仟元,2019,811
53687704,S,員工薪資,平均薪資,,仟元,2019,1612
53687704,S,員工薪資,薪資中位數,,仟元,2019,1302
24332747,S,員工薪資,平均薪資,,仟元,2019,685
24332747,S,員工薪資,薪資中位數,,仟元,2019,607
70479315,S,員工薪資,平均薪資,,仟元,2019,716
70479315,S,員工薪資,薪資中位數,,仟元,2019,601
89961466,S,員工薪資,平均薪資,,仟元,2019,819
89961466,S,員工薪資,薪資中位數,,仟元,2019,736
12514341,S,員工薪資,平均薪資,,仟元,2019,602
12514341,S,員工薪資,薪資中位數,,仟元,2019,494
16081507,S,員工薪資,平均薪資,,仟元,2019,1118
16081507,S,員工薪資,薪資中位數,,仟元,2019,977
05143647,S,員工薪資,平均薪資,,仟元,2019,1357
05143647,S,員工薪資,薪資中位數,,仟元,2019,1191
86891972,S,員工薪資,平均薪資,,仟元,2019,708
86891972,S,員工薪資,薪資中位數,,仟元,2019,591
68682185,S,員工薪資,平均薪資,,仟元,2019,637
68682185,S,員工薪資,薪資中位數,,仟元,2019,600
20792640,S,員工薪資,平均薪資,,仟元,2019,797
20792640,S,員工薪資,薪資中位數,,仟元,2019,749
76404919,S,員工薪資,平均薪資,,仟元,2018,590
23357403,S,員工薪資,平均薪資,,仟元,2018,1290
47226140,S,員工薪資,平均薪資,,仟元,2018,715
21222725,S,員工薪資,平均薪資,,仟元,2018,1265
22449566,S,員工薪資,平均薪資,,仟元,2018,917
12490306,S,員工薪資,平均薪資,,仟元,2018,1380
20828393,S,員工薪資,平均薪資,,仟元,2018,1604
04322046,S,員工薪資,平均薪資,,仟元,2018,1102
23638777,S,員工薪資,平均薪資,,仟元,2018,1360
09424319,S,員工薪資,平均薪資,,仟元,2018,1137
79883646,S,員工薪資,平均薪資,,仟元,2018,641
05141520,S,員工薪資,平均薪資,,仟元,2018,851
22044755,S,員工薪資,平均薪資,,仟元,2018,1153
22178368,S,員工薪資,平均薪資,,仟元,2018,1390
22099759,S,員工薪資,平均薪資,,仟元,2018,813
22822281,S,員工薪資,平均薪資,,仟元,2018,1495
86244265,S,員工薪資,平均薪資,,仟元,2018,777
05155853,S,員工薪資,平均薪資,,仟元,2018,1001
30950652,S,員工薪資,平均薪資,,仟元,2018,768
23826200,S,員工薪資,平均薪資,,仟元,2018,801
20980880,S,員工薪資,平均薪資,,仟元,2018,822
23611974,S,員工薪資,平均薪資,,仟元,2018,1032
04926876,S,員工薪資,平均薪資,,仟元,2018,710
22332192,S,員工薪資,平均薪資,,仟元,2018,641
22006274,S,員工薪資,平均薪資,,仟元,2018,936
22325002,S,員工薪資,平均薪資,,仟元,2018,793
84166074,S,員工薪資,平均薪資,,仟元,2018,863
31306250,S,員工薪資,平均薪資,,仟元,2018,885
22099532,S,員工薪資,平均薪資,,仟元,2018,1605
04777186,S,員工薪資,平均薪資,,仟元,2018,858
86427715,S,員工薪資,平均薪資,,仟元,2018,815
97445303,S,員工薪資,平均薪資,,仟元,2018,862
97306457,S,員工薪資,平均薪資,,仟元,2018,963
22099738,S,員工薪資,平均薪資,,仟元,2018,1000
30897480,S,員工薪資,平均薪資,,仟元,2018,691
90724033,S,員工薪資,平均薪資,,仟元,2018,682
23718011,S,員工薪資,平均薪資,,仟元,2018,919
16596982,S,員工薪資,平均薪資,,仟元,2018,1227
23631726,S,員工薪資,平均薪資,,仟元,2018,650
12868358,S,員工薪資,平均薪資,,仟元,2018,1217
84126144,S,員工薪資,平均薪資,,仟元,2018,868
70360251,S,員工薪資,平均薪資,,仟元,2018,556
16271936,S,員工薪資,平均薪資,,仟元,2018,739
96958986,S,員工薪資,平均薪資,,仟元,2018,575
96930209,S,員工薪資,平均薪資,,仟元,2018,666
70604376,S,員工薪資,平均薪資,,仟元,2018,912
16266820,S,員工薪資,平均薪資,,仟元,2018,627
70801588,S,員工薪資,平均薪資,,仟元,2018,689
80333613,S,員工薪資,平均薪資,,仟元,2018,1107
22023793,S,員工薪資,平均薪資,,仟元,2018,618
70669172,S,員工薪資,平均薪資,,仟元,2018,832
84517297,S,員工薪資,平均薪資,,仟元,2018,679
84469443,S,員工薪資,平均薪資,,仟元,2018,691
28624652,S,員工薪資,平均薪資,,仟元,2018,744
96969724,S,員工薪資,平均薪資,,仟元,2018,828
28913512,S,員工薪資,平均薪資,,仟元,2018,755
96994977,S,員工薪資,平均薪資,,仟元,2018,691
27242184,S,員工薪資,平均薪資,,仟元,2018,848
53677966,S,員工薪資,平均薪資,,仟元,2018,1146
51512503,S,員工薪資,平均薪資,,仟元,2018,682
24813370,S,員工薪資,平均薪資,,仟元,2018,645
13000192,S,員工薪資,平均薪資,,仟元,2018,448
28689155,S,員工薪資,平均薪資,,仟元,2018,1210
84152965,S,員工薪資,平均薪資,,仟元,2018,507
84188062,S,員工薪資,平均薪資,,仟元,2018,656
27565769,S,員工薪資,平均薪資,,仟元,2018,797
35229109,S,員工薪資,平均薪資,,仟元,2018,510
21224842,S,員工薪資,平均薪資,,仟元,2018,678
35320697,S,員工薪資,平均薪資,,仟元,2018,606
16091527,S,員工薪資,平均薪資,,仟元,2018,1142
36270626,S,員工薪資,平均薪資,,仟元,2018,818
23902678,S,員工薪資,平均薪資,,仟元,2018,1067
84149929,S,員工薪資,平均薪資,,仟元,2018,1138
09497109,S,員工薪資,平均薪資,,仟元,2018,542
86620351,S,員工薪資,平均薪資,,仟元,2018,1165
86162989,S,員工薪資,平均薪資,,仟元,2018,778
56625344,S,員工薪資,平均薪資,,仟元,2018,494
16238655,S,員工薪資,平均薪資,,仟元,2018,851
23058518,S,員工薪資,平均薪資,,仟元,2018,869
22178466,S,員工薪資,平均薪資,,仟元,2018,856
89593343,S,員工薪資,平均薪資,,仟元,2018,960
16836218,S,員工薪資,平均薪資,,仟元,2018,1135
21230513,S,員工薪資,平均薪資,,仟元,2018,785
84560006,S,員工薪資,平均薪資,,仟元,2018,630
34005476,S,員工薪資,平均薪資,,仟元,2018,628
35383165,S,員工薪資,平均薪資,,仟元,2018,803
34235759,S,員工薪資,平均薪資,,仟元,2018,806
12403422,S,員工薪資,平均薪資,,仟元,2018,1174
70380046,S,員工薪資,平均薪資,,仟元,2018,1099
53562649,S,員工薪資,平均薪資,,仟元,2018,600
27271130,S,員工薪資,平均薪資,,仟元,2018,617
70565509,S,員工薪資,平均薪資,,仟元,2018,762
53113073,S,員工薪資,平均薪資,,仟元,2018,878
70479315,S,員工薪資,平均薪資,,仟元,2018,610
89961466,S,員工薪資,平均薪資,,仟元,2018,765
12514341,S,員工薪資,平均薪資,,仟元,2018,690
16081507,S,員工薪資,平均薪資,,仟元,2018,1498
05143647,S,員工薪資,平均薪資,,仟元,2018,1194
86891972,S,員工薪資,平均薪資,,仟元,2018,697
68682185,S,員工薪資,平均薪資,,仟元,2018,635
20792640,S,員工薪資,平均薪資,,仟元,2018,826
90724033,G,資本額,資本額,,元,2020,1100000000
90724033,G,資本額,資本額,,元,2019,1100000000
05141520,G,資本額,資本額,,元,2020,2215284960
05141520,G,資本額,資本額,,元,2019,2215284960
35320697,G,資本額,資本額,,元,2020,1438000000
35320697,G,資本額,資本額,,元,2019,1438000000
96930209,G,資本額,資本額,,元,2020,725059470
96930209,G,資本額,資本額,,元,2019,725059470
09424319,G,資本額,資本額,,元,2020,6422630000
09424319,G,資本額,資本額,,元,2019,6422630000
96958986,G,資本額,資本額,,元,2020,846345790
96958986,G,資本額,資本額,,元,2019,846345790
34005476,G,資本額,資本額,,元,2020,863433000
34005476,G,資本額,資本額,,元,2019,863433000
86891972,G,資本額,資本額,,元,2020,1412264720
86891972,G,資本額,資本額,,元,2019,1412264720
84166074,G,資本額,資本額,,元,2020,2735515380
84166074,G,資本額,資本額,,元,2019,2735515380
84469443,G,資本額,資本額,,元,2020,744217710
84469443,G,資本額,資本額,,元,2019,744217710
21224842,G,資本額,資本額,,元,2020,247786590
21224842,G,資本額,資本額,,元,2019,247786590
24332747,G,資本額,資本額,,元,2020,185500000
24332747,G,資本額,資本額,,元,2019,185500000
80294132,G,資本額,資本額,,元,2020,374482750
80294132,G,資本額,資本額,,元,2019,374482750
22325002,G,資本額,資本額,,元,2020,535873010
22325002,G,資本額,資本額,,元,2019,535873010
22023793,G,資本額,資本額,,元,2020,472639070
22023793,G,資本額,資本額,,元,2019,472639070
27271130,G,資本額,資本額,,元,2020,300861770
27271130,G,資本額,資本額,,元,2019,300861770
70604376,G,資本額,資本額,,元,2020,705251640
70604376,G,資本額,資本額,,元,2019,705251640
97483122,G,資本額,資本額,,元,2020,339974310
97483122,G,資本額,資本額,,元,2019,339974310
80456781,G,資本額,資本額,,元,2020,300000000
80456781,G,資本額,資本額,,元,2019,300000000
70380046,G,資本額,資本額,,元,2020,1066920190
70380046,G,資本額,資本額,,元,2019,1066920190
23611974,G,資本額,資本額,,元,2020,1543138640
23611974,G,資本額,資本額,,元,2019,1543138640
70360251,G,資本額,資本額,,元,2020,439704000
70360251,G,資本額,資本額,,元,2019,439704000
84152965,G,資本額,資本額,,元,2020,289800000
84152965,G,資本額,資本額,,元,2019,289800000
22178368,G,資本額,資本額,,元,2020,8448561000
22178368,G,資本額,資本額,,元,2019,8448561000
12514341,G,資本額,資本額,,元,2020,1060749190
12514341,G,資本額,資本額,,元,2019,1060749190
24813370,G,資本額,資本額,,元,2020,2462421460
24813370,G,資本額,資本額,,元,2019,2462421460
84126144,G,資本額,資本額,,元,2020,546143020
84126144,G,資本額,資本額,,元,2019,546143020
23622986,G,資本額,資本額,,元,2020,750856050
23622986,G,資本額,資本額,,元,2019,750856050
53113073,G,資本額,資本額,,元,2020,1484984680
53113073,G,資本額,資本額,,元,2019,1484984680
28913512,G,資本額,資本額,,元,2020,750975000
28913512,G,資本額,資本額,,元,2019,750975000
22044755,G,資本額,資本額,,元,2020,6356888860
22044755,G,資本額,資本額,,元,2019,6356888860
84188062,G,資本額,資本額,,元,2020,895425790
84188062,G,資本額,資本額,,元,2019,895425790
22178466,G,資本額,資本額,,元,2020,749833030
22178466,G,資本額,資本額,,元,2019,749833030
70801588,G,資本額,資本額,,元,2020,1200000000
70801588,G,資本額,資本額,,元,2019,1200000000
22332192,G,資本額,資本額,,元,2020,1014988310
22332192,G,資本額,資本額,,元,2019,1014988310
23826200,G,資本額,資本額,,元,2020,1781000000
23826200,G,資本額,資本額,,元,2019,1781000000
28624652,G,資本額,資本額,,元,2020,424769400
28624652,G,資本額,資本額,,元,2019,424769400
05143647,G,資本額,資本額,,元,2020,1207884500
05143647,G,資本額,資本額,,元,2019,1207884500
53000726,G,資本額,資本額,,元,2020,1000000
53000726,G,資本額,資本額,,元,2019,1000000
96969724,G,資本額,資本額,,元,2020,980770370
96969724,G,資本額,資本額,,元,2019,980770370
16091527,G,資本額,資本額,,元,2020,1125365000
16091527,G,資本額,資本額,,元,2019,1125365000
53562649,G,資本額,資本額,,元,2020,429132730
53562649,G,資本額,資本額,,元,2019,429132730
59244777,G,資本額,資本額,,元,2020,600504000
59244777,G,資本額,資本額,,元,2019,600504000
30950652,G,資本額,資本額,,元,2020,1146888570
30950652,G,資本額,資本額,,元,2019,1146888570
24776663,G,資本額,資本額,,元,2020,110100000
24776663,G,資本額,資本額,,元,2019,110100000
16238655,G,資本額,資本額,,元,2020,482393180
16238655,G,資本額,資本額,,元,2019,482393180
23718011,G,資本額,資本額,,元,2020,884828650
23718011,G,資本額,資本額,,元,2019,884828650
53687704,G,資本額,資本額,,元,2020,1748407910
53687704,G,資本額,資本額,,元,2019,1748407910
89961466,G,資本額,資本額,,元,2020,2775315380
89961466,G,資本額,資本額,,元,2019,2775315380
20972349,G,資本額,資本額,,元,2020,636215990
20972349,G,資本額,資本額,,元,2019,636215990
12403422,G,資本額,資本額,,元,2020,1194711000
12403422,G,資本額,資本額,,元,2019,1194711000
97445303,G,資本額,資本額,,元,2020,1772897900
97445303,G,資本額,資本額,,元,2019,1772897900
27565769,G,資本額,資本額,,元,2020,826680400
27565769,G,資本額,資本額,,元,2019,826680400
84560006,G,資本額,資本額,,元,2020,400000000
84560006,G,資本額,資本額,,元,2019,400000000
23631726,G,資本額,資本額,,元,2020,586855000
23631726,G,資本額,資本額,,元,2019,586855000
47226140,G,資本額,資本額,,元,2020,2056608000
47226140,G,資本額,資本額,,元,2019,2056608000
12868358,G,資本額,資本額,,元,2020,29032520500
12868358,G,資本額,資本額,,元,2019,29032520500
84149929,G,資本額,資本額,,元,2020,962131010
84149929,G,資本額,資本額,,元,2019,962131010
22099759,G,資本額,資本額,,元,2020,1894440840
22099759,G,資本額,資本額,,元,2019,1894440840
22099738,G,資本額,資本額,,元,2020,893288080
22099738,G,資本額,資本額,,元,2019,893288080
53116310,G,資本額,資本額,,元,2020,200149520
53116310,G,資本額,資本額,,元,2019,200149520
86620351,G,資本額,資本額,,元,2020,1849705190
86620351,G,資本額,資本額,,元,2019,1849705190
84517297,G,資本額,資本額,,元,2020,528641770
84517297,G,資本額,資本額,,元,2019,528641770
16266820,G,資本額,資本額,,元,2020,775229850
16266820,G,資本額,資本額,,元,2019,775229850
13000192,G,資本額,資本額,,元,2020,834515680
13000192,G,資本額,資本額,,元,2019,834515680
35383165,G,資本額,資本額,,元,2020,1716334560
35383165,G,資本額,資本額,,元,2019,1716334560
24403572,G,資本額,資本額,,元,2020,126880000
24403572,G,資本額,資本額,,元,2019,126880000
96994977,G,資本額,資本額,,元,2020,384906940
96994977,G,資本額,資本額,,元,2019,384906940
11085292,G,資本額,資本額,,元,2020,64794541000
11085292,G,資本額,資本額,,元,2019,64794541000
16271936,G,資本額,資本額,,元,2020,803059140
16271936,G,資本額,資本額,,元,2019,803059140
09497109,G,資本額,資本額,,元,2020,900000000
09497109,G,資本額,資本額,,元,2019,900000000
12490306,G,資本額,資本額,,元,2020,19667819000
12490306,G,資本額,資本額,,元,2019,19667819000
16081507,G,資本額,資本額,,元,2020,2800000010
16081507,G,資本額,資本額,,元,2019,2800000010
22822281,G,資本額,資本額,,元,2020,38626274320
22822281,G,資本額,資本額,,元,2019,38626274320
22099532,G,資本額,資本額,,元,2020,5954614000
22099532,G,資本額,資本額,,元,2019,5954614000
53677966,G,資本額,資本額,,元,2020,12065567890
53677966,G,資本額,資本額,,元,2019,12065567890
89593343,G,資本額,資本額,,元,2020,2174972570
89593343,G,資本額,資本額,,元,2019,2174972570
16836218,G,資本額,資本額,,元,2020,2783589000
16836218,G,資本額,資本額,,元,2019,2783589000
16596982,G,資本額,資本額,,元,2020,1474805210
16596982,G,資本額,資本額,,元,2019,1474805210
30897480,G,資本額,資本額,,元,2020,1375631900
30897480,G,資本額,資本額,,元,2019,1375631900
86244265,G,資本額,資本額,,元,2020,1952510510
86244265,G,資本額,資本額,,元,2019,1952510510
56625344,G,資本額,資本額,,元,2020,1275887400
56625344,G,資本額,資本額,,元,2019,1275887400
53025260,G,資本額,資本額,,元,2020,29000000
53025260,G,資本額,資本額,,元,2019,29000000
23902678,G,資本額,資本額,,元,2020,403559440
23902678,G,資本額,資本額,,元,2019,403559440
35229109,G,資本額,資本額,,元,2020,1030400000
35229109,G,資本額,資本額,,元,2019,1030400000
70669172,G,資本額,資本額,,元,2020,730665480
70669172,G,資本額,資本額,,元,2019,730665480
23357403,G,資本額,資本額,,元,2020,23508670320
23357403,G,資本額,資本額,,元,2019,23508670320
27242184,G,資本額,資本額,,元,2020,3806891090
27242184,G,資本額,資本額,,元,2019,3806891090
22006274,G,資本額,資本額,,元,2020,2446355600
22006274,G,資本額,資本額,,元,2019,2446355600
04777186,G,資本額,資本額,,元,2020,1880810000
04777186,G,資本額,資本額,,元,2019,1880810000
05155853,G,資本額,資本額,,元,2020,7738228110
05155853,G,資本額,資本額,,元,2019,7738228110
20980880,G,資本額,資本額,,元,2020,3343273030
20980880,G,資本額,資本額,,元,2019,3343273030
86162989,G,資本額,資本額,,元,2020,575894300
86162989,G,資本額,資本額,,元,2019,575894300
21230513,G,資本額,資本額,,元,2020,1430623240
21230513,G,資本額,資本額,,元,2019,1430623240
29069127,G,資本額,資本額,,元,2020,210000000
29069127,G,資本額,資本額,,元,2019,210000000
28685046,G,資本額,資本額,,元,2020,272204750
28685046,G,資本額,資本額,,元,2019,272204750
31306250,G,資本額,資本額,,元,2020,1020000000
31306250,G,資本額,資本額,,元,2019,1020000000
70565509,G,資本額,資本額,,元,2020,382548700
70565509,G,資本額,資本額,,元,2019,382548700
22449566,G,資本額,資本額,,元,2020,5574029680
22449566,G,資本額,資本額,,元,2019,5574029680
34235759,G,資本額,資本額,,元,2020,314900000
34235759,G,資本額,資本額,,元,2019,314900000
79883646,G,資本額,資本額,,元,2020,1959324330
79883646,G,資本額,資本額,,元,2019,1959324330
21222725,G,資本額,資本額,,元,2020,44071466250
21222725,G,資本額,資本額,,元,2019,44071466250
28689155,G,資本額,資本額,,元,2020,26691315560
28689155,G,資本額,資本額,,元,2019,26691315560
23638777,G,資本額,資本額,,元,2020,7427602800
23638777,G,資本額,資本額,,元,2019,7427602800
80333613,G,資本額,資本額,,元,2020,1229254290
80333613,G,資本額,資本額,,元,2019,1229254290
20792640,G,資本額,資本額,,元,2020,546245690
20792640,G,資本額,資本額,,元,2019,546245690
70479315,G,資本額,資本額,,元,2020,1770997730
70479315,G,資本額,資本額,,元,2019,1770997730
51512503,G,資本額,資本額,,元,2020,1005694500
51512503,G,資本額,資本額,,元,2019,1005694500
04322046,G,資本額,資本額,,元,2020,35874750000
04322046,G,資本額,資本額,,元,2019,35874750000
23058518,G,資本額,資本額,,元,2020,684891200
23058518,G,資本額,資本額,,元,2019,684891200
04926876,G,資本額,資本額,,元,2020,340250000
04926876,G,資本額,資本額,,元,2019,340250000
20828393,G,資本額,資本額,,元,2020,30478538280
20828393,G,資本額,資本額,,元,2019,30478538280
97306457,G,資本額,資本額,,元,2020,714480130
97306457,G,資本額,資本額,,元,2019,714480130
36270626,G,資本額,資本額,,元,2020,1476826290
36270626,G,資本額,資本額,,元,2019,1476826290
68682185,G,資本額,資本額,,元,2020,365892000
68682185,G,資本額,資本額,,元,2019,365892000
86427715,G,資本額,資本額,,元,2020,3533101570
86427715,G,資本額,資本額,,元,2019,3533101570
70848850,G,資本額,資本額,,元,2020,636452610
70848850,G,資本額,資本額,,元,2019,636452610
76404919,G,資本額,資本額,,元,2020,1206870810
76404919,G,資本額,資本額,,元,2019,1206870810
23357403,G,營運狀況,營業收入,,仟元,2020,157133623
23357403,G,營運狀況,營業成本,,仟元,2020,129749924
23357403,G,營運狀況,營業費用,,仟元,2020,17177505
23357403,G,營運狀況,淨利,,仟元,2020,9829204
47226140,G,營運狀況,營業收入,,仟元,2020,582434
47226140,G,營運狀況,營業成本,,仟元,2020,392046
47226140,G,營運狀況,營業費用,,仟元,2020,258332
47226140,G,營運狀況,淨利,,仟元,2020,21579
21222725,G,營運狀況,營業收入,,仟元,2020,1048929251
21222725,G,營運狀況,營業成本,,仟元,2020,1013470729
21222725,G,營運狀況,營業費用,,仟元,2020,23965977
21222725,G,營運狀況,淨利,,仟元,2020,10409512
22449566,G,營運狀況,營業收入,,仟元,2020,25995735
22449566,G,營運狀況,營業成本,,仟元,2020,23264066
22449566,G,營運狀況,營業費用,,仟元,2020,2690992
22449566,G,營運狀況,淨利,,仟元,2020,65950
12490306,G,營運狀況,營業收入,,仟元,2020,191701702
12490306,G,營運狀況,營業成本,,仟元,2020,164874913
12490306,G,營運狀況,營業費用,,仟元,2020,20213935
12490306,G,營運狀況,淨利,,仟元,2020,6366561
20828393,G,營運狀況,營業收入,,仟元,2020,277112477
20828393,G,營運狀況,營業成本,,仟元,2020,246992862
20828393,G,營運狀況,營業費用,,仟元,2020,21412550
20828393,G,營運狀況,淨利,,仟元,2020,6145610
04322046,G,營運狀況,營業收入,,仟元,2020,508294198
04322046,G,營運狀況,營業成本,,仟元,2020,487181281
04322046,G,營運狀況,營業費用,,仟元,2020,16671831
04322046,G,營運狀況,淨利,,仟元,2020,6572978
23638777,G,營運狀況,營業收入,,仟元,2020,412780439
23638777,G,營運狀況,營業成本,,仟元,2020,339554721
23638777,G,營運狀況,營業費用,,仟元,2020,48253110
23638777,G,營運狀況,淨利,,仟元,2020,28386878
09424319,G,營運狀況,營業收入,,仟元,2020,20238946
09424319,G,營運狀況,營業成本,,仟元,2020,15882827
09424319,G,營運狀況,營業費用,,仟元,2020,2879936
09424319,G,營運狀況,淨利,,仟元,2020,666944
79883646,G,營運狀況,營業收入,,仟元,2020,863359
79883646,G,營運狀況,營業成本,,仟元,2020,606187
79883646,G,營運狀況,營業費用,,仟元,2020,254943
79883646,G,營運狀況,淨利,,仟元,2020,15432
05141520,G,營運狀況,營業收入,,仟元,2020,1653269
05141520,G,營運狀況,營業成本,,仟元,2020,1137698
05141520,G,營運狀況,營業費用,,仟元,2020,353776
05141520,G,營運狀況,淨利,,仟元,2020,146905
22044755,G,營運狀況,營業收入,,仟元,2020,84602841
22044755,G,營運狀況,營業成本,,仟元,2020,70138404
22044755,G,營運狀況,營業費用,,仟元,2020,10246602
22044755,G,營運狀況,淨利,,仟元,2020,4331235
22178368,G,營運狀況,營業收入,,仟元,2020,146502789
22178368,G,營運狀況,營業成本,,仟元,2020,125199949
22178368,G,營運狀況,營業費用,,仟元,2020,12115012
22178368,G,營運狀況,淨利,,仟元,2020,7959505
22099759,G,營運狀況,營業收入,,仟元,2020,1835372
22099759,G,營運狀況,營業成本,,仟元,2020,1509281
22099759,G,營運狀況,營業費用,,仟元,2020,689350
22099759,G,營運狀況,淨利,,仟元,2020,-412653
22822281,G,營運狀況,營業收入,,仟元,2020,1090858851
22822281,G,營運狀況,營業成本,,仟元,2020,1026887774
22822281,G,營運狀況,營業費用,,仟元,2020,31518892
22822281,G,營運狀況,淨利,,仟元,2020,25390060
86244265,G,營運狀況,營業收入,,仟元,2020,21179505
86244265,G,營運狀況,營業成本,,仟元,2020,17840977
86244265,G,營運狀況,營業費用,,仟元,2020,1331100
86244265,G,營運狀況,淨利,,仟元,2020,1293318
05155853,G,營運狀況,營業收入,,仟元,2020,51119408
05155853,G,營運狀況,營業成本,,仟元,2020,30723147
05155853,G,營運狀況,營業費用,,仟元,2020,11359708
05155853,G,營運狀況,淨利,,仟元,2020,7302987
30950652,G,營運狀況,營業收入,,仟元,2020,8349522
30950652,G,營運狀況,營業成本,,仟元,2020,6240423
30950652,G,營運狀況,營業費用,,仟元,2020,1460974
30950652,G,營運狀況,淨利,,仟元,2020,477833
23826200,G,營運狀況,營業收入,,仟元,2020,2104572
23826200,G,營運狀況,營業成本,,仟元,2020,1851165
23826200,G,營運狀況,營業費用,,仟元,2020,280324
23826200,G,營運狀況,淨利,,仟元,2020,145600
20980880,G,營運狀況,營業收入,,仟元,2020,1744376
20980880,G,營運狀況,營業成本,,仟元,2020,1093608
20980880,G,營運狀況,營業費用,,仟元,2020,595277
20980880,G,營運狀況,淨利,,仟元,2020,62105
23611974,G,營運狀況,營業收入,,仟元,2020,7051145
23611974,G,營運狀況,營業成本,,仟元,2020,3260666
23611974,G,營運狀況,營業費用,,仟元,2020,1940132
23611974,G,營運狀況,淨利,,仟元,2020,1617691
04926876,G,營運狀況,營業收入,,仟元,2020,17978
04926876,G,營運狀況,營業成本,,仟元,2020,130474
04926876,G,營運狀況,營業費用,,仟元,2020,68945
04926876,G,營運狀況,淨利,,仟元,2020,-141504
22332192,G,營運狀況,營業收入,,仟元,2020,4672310
22332192,G,營運狀況,營業成本,,仟元,2020,4235305
22332192,G,營運狀況,營業費用,,仟元,2020,210794
22332192,G,營運狀況,淨利,,仟元,2020,183413
22006274,G,營運狀況,營業收入,,仟元,2020,5306536
22006274,G,營運狀況,營業成本,,仟元,2020,4480587
22006274,G,營運狀況,營業費用,,仟元,2020,777286
22006274,G,營運狀況,淨利,,仟元,2020,122004
22325002,G,營運狀況,營業收入,,仟元,2020,4548266
22325002,G,營運狀況,營業成本,,仟元,2020,3985669
22325002,G,營運狀況,營業費用,,仟元,2020,510978
22325002,G,營運狀況,淨利,,仟元,2020,24782
84166074,G,營運狀況,營業收入,,仟元,2020,1130547
84166074,G,營運狀況,營業成本,,仟元,2020,638393
84166074,G,營運狀況,營業費用,,仟元,2020,522305
84166074,G,營運狀況,淨利,,仟元,2020,-65419
31306250,G,營運狀況,營業收入,,仟元,2020,818717
31306250,G,營運狀況,營業成本,,仟元,2020,615100
31306250,G,營運狀況,營業費用,,仟元,2020,196766
31306250,G,營運狀況,淨利,,仟元,2020,51031
22099532,G,營運狀況,營業收入,,仟元,2020,27837743
22099532,G,營運狀況,營業成本,,仟元,2020,20060915
22099532,G,營運狀況,營業費用,,仟元,2020,4715171
22099532,G,營運狀況,淨利,,仟元,2020,2668793
04777186,G,營運狀況,營業收入,,仟元,2020,6124518
04777186,G,營運狀況,營業成本,,仟元,2020,5567991
04777186,G,營運狀況,營業費用,,仟元,2020,364968
04777186,G,營運狀況,淨利,,仟元,2020,80176
86427715,G,營運狀況,營業收入,,仟元,2020,39665534
86427715,G,營運狀況,營業成本,,仟元,2020,33433811
86427715,G,營運狀況,營業費用,,仟元,2020,2971591
86427715,G,營運狀況,淨利,,仟元,2020,2074700
97445303,G,營運狀況,營業收入,,仟元,2020,5947577
97445303,G,營運狀況,營業成本,,仟元,2020,3805368
97445303,G,營運狀況,營業費用,,仟元,2020,1248509
97445303,G,營運狀況,淨利,,仟元,2020,996362
97306457,G,營運狀況,營業收入,,仟元,2020,1756214
97306457,G,營運狀況,營業成本,,仟元,2020,1425845
97306457,G,營運狀況,營業費用,,仟元,2020,395273
97306457,G,營運狀況,淨利,,仟元,2020,-65391
22099738,G,營運狀況,營業收入,,仟元,2020,963405
22099738,G,營運狀況,營業成本,,仟元,2020,655452
22099738,G,營運狀況,營業費用,,仟元,2020,462709
22099738,G,營運狀況,淨利,,仟元,2020,-47715
30897480,G,營運狀況,營業收入,,仟元,2020,3889506
30897480,G,營運狀況,營業成本,,仟元,2020,3630248
30897480,G,營運狀況,營業費用,,仟元,2020,538080
30897480,G,營運狀況,淨利,,仟元,2020,-281631
23622986,G,營運狀況,營業收入,,仟元,2020,2755516
23622986,G,營運狀況,營業成本,,仟元,2020,1998834
23622986,G,營運狀況,營業費用,,仟元,2020,696112
23622986,G,營運狀況,淨利,,仟元,2020,35300
12868358,G,營運狀況,營業收入,,仟元,2020,845011844
12868358,G,營運狀況,營業成本,,仟元,2020,798958664
12868358,G,營運狀況,營業費用,,仟元,2020,31582118
12868358,G,營運狀況,淨利,,仟元,2020,12907896
97483122,G,營運狀況,營業收入,,仟元,2020,813463
97483122,G,營運狀況,營業成本,,仟元,2020,658187
97483122,G,營運狀況,營業費用,,仟元,2020,137055
97483122,G,營運狀況,淨利,,仟元,2020,21381
96930209,G,營運狀況,營業收入,,仟元,2020,1845525
96930209,G,營運狀況,營業成本,,仟元,2020,1200518
96930209,G,營運狀況,營業費用,,仟元,2020,353625
96930209,G,營運狀況,淨利,,仟元,2020,256062
70801588,G,營運狀況,營業收入,,仟元,2020,488725
70801588,G,營運狀況,營業成本,,仟元,2020,603365
70801588,G,營運狀況,營業費用,,仟元,2020,393729
70801588,G,營運狀況,淨利,,仟元,2020,-743751
80333613,G,營運狀況,營業收入,,仟元,2020,17911584
80333613,G,營運狀況,營業成本,,仟元,2020,14059563
80333613,G,營運狀況,營業費用,,仟元,2020,1993945
80333613,G,營運狀況,淨利,,仟元,2020,1508583
27242184,G,營運狀況,營業收入,,仟元,2020,7404268
27242184,G,營運狀況,營業成本,,仟元,2020,6468943
27242184,G,營運狀況,營業費用,,仟元,2020,994109
27242184,G,營運狀況,淨利,,仟元,2020,-12689
53677966,G,營運狀況,營業收入,,仟元,2020,41145756
53677966,G,營運狀況,營業成本,,仟元,2020,36520695
53677966,G,營運狀況,營業費用,,仟元,2020,4550678
53677966,G,營運狀況,淨利,,仟元,2020,2850785
24813370,G,營運狀況,營業收入,,仟元,2020,7053361
24813370,G,營運狀況,營業成本,,仟元,2020,6168735
24813370,G,營運狀況,營業費用,,仟元,2020,1105280
24813370,G,營運狀況,淨利,,仟元,2020,179775
13000192,G,營運狀況,營業收入,,仟元,2020,3377878
13000192,G,營運狀況,營業成本,,仟元,2020,2720527
13000192,G,營運狀況,營業費用,,仟元,2020,768962
13000192,G,營運狀況,淨利,,仟元,2020,-180876
28689155,G,營運狀況,營業收入,,仟元,2020,1399332906
28689155,G,營運狀況,營業成本,,仟元,2020,1349728657
28689155,G,營運狀況,營業費用,,仟元,2020,30541513
28689155,G,營運狀況,淨利,,仟元,2020,22419552
31618486,G,營運狀況,營業收入,,仟元,2020,3718647
31618486,G,營運狀況,營業成本,,仟元,2020,2291833
31618486,G,營運狀況,營業費用,,仟元,2020,355360
31618486,G,營運狀況,淨利,,仟元,2020,742244
84188062,G,營運狀況,營業收入,,仟元,2020,3734514
84188062,G,營運狀況,營業成本,,仟元,2020,2771103
84188062,G,營運狀況,營業費用,,仟元,2020,740130
84188062,G,營運狀況,淨利,,仟元,2020,208003
09497109,G,營運狀況,營業收入,,仟元,2020,2202994
09497109,G,營運狀況,營業成本,,仟元,2020,1785858
09497109,G,營運狀況,營業費用,,仟元,2020,487285
09497109,G,營運狀況,淨利,,仟元,2020,-91303
56625344,G,營運狀況,營業收入,,仟元,2020,4239384
56625344,G,營運狀況,營業成本,,仟元,2020,2643596
56625344,G,營運狀況,營業費用,,仟元,2020,1533874
56625344,G,營運狀況,淨利,,仟元,2020,148632
89593343,G,營運狀況,營業收入,,仟元,2020,9635678
89593343,G,營運狀況,營業成本,,仟元,2020,5820891
89593343,G,營運狀況,營業費用,,仟元,2020,3339800
89593343,G,營運狀況,淨利,,仟元,2020,241648
21230513,G,營運狀況,營業收入,,仟元,2020,4432961
21230513,G,營運狀況,營業成本,,仟元,2020,2889455
21230513,G,營運狀況,營業費用,,仟元,2020,842114
21230513,G,營運狀況,淨利,,仟元,2020,597928
34005476,G,營運狀況,營業收入,,仟元,2020,9123421
34005476,G,營運狀況,營業成本,,仟元,2020,7140739
34005476,G,營運狀況,營業費用,,仟元,2020,900006
34005476,G,營運狀況,淨利,,仟元,2020,782398
35383165,G,營運狀況,營業收入,,仟元,2020,1997427
35383165,G,營運狀況,營業成本,,仟元,2020,1518662
35383165,G,營運狀況,營業費用,,仟元,2020,507892
35383165,G,營運狀況,淨利,,仟元,2020,649834
12403422,G,營運狀況,營業收入,,仟元,2020,4823613
12403422,G,營運狀況,營業成本,,仟元,2020,1984333
12403422,G,營運狀況,營業費用,,仟元,2020,2230930
12403422,G,營運狀況,淨利,,仟元,2020,1501978
70380046,G,營運狀況,營業收入,,仟元,2020,84091485
70380046,G,營運狀況,營業成本,,仟元,2020,64498302
70380046,G,營運狀況,營業費用,,仟元,2020,15919158
70380046,G,營運狀況,淨利,,仟元,2020,3155383
53113073,G,營運狀況,營業收入,,仟元,2020,5898185
53113073,G,營運狀況,營業成本,,仟元,2020,3967732
53113073,G,營運狀況,營業費用,,仟元,2020,1309861
53113073,G,營運狀況,淨利,,仟元,2020,464171
42461124,G,營運狀況,營業收入,,仟元,2020,1578165
42461124,G,營運狀況,營業成本,,仟元,2020,1044718
42461124,G,營運狀況,營業費用,,仟元,2020,234454
42461124,G,營運狀況,淨利,,仟元,2020,163871
29069127,G,營運狀況,營業收入,,仟元,2020,1020882
29069127,G,營運狀況,營業成本,,仟元,2020,804327
29069127,G,營運狀況,營業費用,,仟元,2020,171354
29069127,G,營運狀況,淨利,,仟元,2020,36275
80456781,G,營運狀況,營業收入,,仟元,2020,4174487
80456781,G,營運狀況,營業成本,,仟元,2020,3301427
80456781,G,營運狀況,營業費用,,仟元,2020,441239
80456781,G,營運狀況,淨利,,仟元,2020,263053
53687704,G,營運狀況,營業收入,,仟元,2020,186927647
53687704,G,營運狀況,營業成本,,仟元,2020,171626518
53687704,G,營運狀況,營業費用,,仟元,2020,4059275
53687704,G,營運狀況,淨利,,仟元,2020,8609657
59244777,G,營運狀況,營業收入,,仟元,2020,5952046
59244777,G,營運狀況,營業成本,,仟元,2020,4879223
59244777,G,營運狀況,營業費用,,仟元,2020,429674
59244777,G,營運狀況,淨利,,仟元,2020,487410
24403572,G,營運狀況,營業收入,,仟元,2020,192031
24403572,G,營運狀況,營業成本,,仟元,2020,168016
24403572,G,營運狀況,營業費用,,仟元,2020,36586
24403572,G,營運狀況,淨利,,仟元,2020,3423
24776663,G,營運狀況,營業收入,,仟元,2020,175643
24776663,G,營運狀況,營業成本,,仟元,2020,100543
24776663,G,營運狀況,營業費用,,仟元,2020,69840
24776663,G,營運狀況,淨利,,仟元,2020,3309
80294132,G,營運狀況,營業收入,,仟元,2020,891943
80294132,G,營運狀況,營業成本,,仟元,2020,692298
80294132,G,營運狀況,營業費用,,仟元,2020,148492
80294132,G,營運狀況,淨利,,仟元,2020,66933
12514341,G,營運狀況,營業收入,,仟元,2020,8089642
12514341,G,營運狀況,營業成本,,仟元,2020,5459637
12514341,G,營運狀況,營業費用,,仟元,2020,2163068
12514341,G,營運狀況,淨利,,仟元,2020,106018
20972349,G,營運狀況,營業收入,,仟元,2020,1553695
20972349,G,營運狀況,營業成本,,仟元,2020,1139196
20972349,G,營運狀況,營業費用,,仟元,2020,290543
20972349,G,營運狀況,淨利,,仟元,2020,98571
16081507,G,營運狀況,營業收入,,仟元,2020,22349528
16081507,G,營運狀況,營業成本,,仟元,2020,18491952
16081507,G,營運狀況,營業費用,,仟元,2020,2723251
16081507,G,營運狀況,淨利,,仟元,2020,953347
05143647,G,營運狀況,營業收入,,仟元,2020,7544545
05143647,G,營運狀況,營業成本,,仟元,2020,5612927
05143647,G,營運狀況,營業費用,,仟元,2020,968425
05143647,G,營運狀況,淨利,,仟元,2020,973547
20792640,G,營運狀況,營業收入,,仟元,2020,538991
20792640,G,營運狀況,營業成本,,仟元,2020,356848
20792640,G,營運狀況,營業費用,,仟元,2020,196816
20792640,G,營運狀況,淨利,,仟元,2020,-38233
23357403,G,營運狀況,營業收入,,仟元,2019,177954166
23357403,G,營運狀況,營業成本,,仟元,2019,150616502
23357403,G,營運狀況,營業費用,,仟元,2019,17992442
23357403,G,營運狀況,淨利,,仟元,2019,9405517
47226140,G,營運狀況,營業收入,,仟元,2019,508075
47226140,G,營運狀況,營業成本,,仟元,2019,356785
47226140,G,營運狀況,營業費用,,仟元,2019,289308
47226140,G,營運狀況,淨利,,仟元,2019,5976
21222725,G,營運狀況,營業收入,,仟元,2019,980442346
21222725,G,營運狀況,營業成本,,仟元,2019,946533518
21222725,G,營運狀況,營業費用,,仟元,2019,23322460
21222725,G,營運狀況,淨利,,仟元,2019,7895719
22449566,G,營運狀況,營業收入,,仟元,2019,28291303
22449566,G,營運狀況,營業成本,,仟元,2019,25196020
22449566,G,營運狀況,營業費用,,仟元,2019,2557730
22449566,G,營運狀況,淨利,,仟元,2019,53061
12490306,G,營運狀況,營業收入,,仟元,2019,169754115
12490306,G,營運狀況,營業成本,,仟元,2019,146704246
12490306,G,營運狀況,營業費用,,仟元,2019,16821782
12490306,G,營運狀況,淨利,,仟元,2019,4409644
20828393,G,營運狀況,營業收入,,仟元,2019,234285354
20828393,G,營運狀況,營業成本,,仟元,2019,209568568
20828393,G,營運狀況,營業費用,,仟元,2019,21733522
20828393,G,營運狀況,淨利,,仟元,2019,2568374
04322046,G,營運狀況,營業收入,,仟元,2019,500952813
04322046,G,營運狀況,營業成本,,仟元,2019,478121718
04322046,G,營運狀況,營業費用,,仟元,2019,16427600
04322046,G,營運狀況,淨利,,仟元,2019,4836997
23638777,G,營運狀況,營業收入,,仟元,2019,351330493
23638777,G,營運狀況,營業成本,,仟元,2019,297842375
23638777,G,營運狀況,營業費用,,仟元,2019,41871426
23638777,G,營運狀況,淨利,,仟元,2019,13015029
09424319,G,營運狀況,營業收入,,仟元,2019,21900662
09424319,G,營運狀況,營業成本,,仟元,2019,16849737
09424319,G,營運狀況,營業費用,,仟元,2019,4166762
09424319,G,營運狀況,淨利,,仟元,2019,1073864
79883646,G,營運狀況,營業收入,,仟元,2019,829029
79883646,G,營運狀況,營業成本,,仟元,2019,602351
79883646,G,營運狀況,營業費用,,仟元,2019,307555
79883646,G,營運狀況,淨利,,仟元,2019,-82200
05141520,G,營運狀況,營業收入,,仟元,2019,1605479
05141520,G,營運狀況,營業成本,,仟元,2019,1150387
05141520,G,營運狀況,營業費用,,仟元,2019,401811
05141520,G,營運狀況,淨利,,仟元,2019,154664
22044755,G,營運狀況,營業收入,,仟元,2019,61781254
22044755,G,營運狀況,營業成本,,仟元,2019,52190385
22044755,G,營運狀況,營業費用,,仟元,2019,8143636
22044755,G,營運狀況,淨利,,仟元,2019,1907543
22178368,G,營運狀況,營業收入,,仟元,2019,120491417
22178368,G,營運狀況,營業成本,,仟元,2019,104629261
22178368,G,營運狀況,營業費用,,仟元,2019,9909750
22178368,G,營運狀況,淨利,,仟元,2019,5587210
22099759,G,營運狀況,營業收入,,仟元,2019,1633335
22099759,G,營運狀況,營業成本,,仟元,2019,1264690
22099759,G,營運狀況,營業費用,,仟元,2019,810004
22099759,G,營運狀況,淨利,,仟元,2019,-198294
22822281,G,營運狀況,營業收入,,仟元,2019,1029611414
22822281,G,營運狀況,營業成本,,仟元,2019,980444164
22822281,G,營運狀況,營業費用,,仟元,2019,30176753
22822281,G,營運狀況,淨利,,仟元,2019,16314805
86244265,G,營運狀況,營業收入,,仟元,2019,12866741
86244265,G,營運狀況,營業成本,,仟元,2019,11560523
86244265,G,營運狀況,營業費用,,仟元,2019,1089334
86244265,G,營運狀況,淨利,,仟元,2019,231653
05155853,G,營運狀況,營業收入,,仟元,2019,54144662
05155853,G,營運狀況,營業成本,,仟元,2019,33045300
05155853,G,營運狀況,營業費用,,仟元,2019,11865860
05155853,G,營運狀況,淨利,,仟元,2019,7392855
30950652,G,營運狀況,營業收入,,仟元,2019,7031784
30950652,G,營運狀況,營業成本,,仟元,2019,5037612
30950652,G,營運狀況,營業費用,,仟元,2019,1207421
30950652,G,營運狀況,淨利,,仟元,2019,625260
23826200,G,營運狀況,營業收入,,仟元,2019,2279734
23826200,G,營運狀況,營業成本,,仟元,2019,2024132
23826200,G,營運狀況,營業費用,,仟元,2019,334194
23826200,G,營運狀況,淨利,,仟元,2019,45873
20980880,G,營運狀況,營業收入,,仟元,2019,3175090
20980880,G,營運狀況,營業成本,,仟元,2019,2451464
20980880,G,營運狀況,營業費用,,仟元,2019,713834
20980880,G,營運狀況,淨利,,仟元,2019,7896
23611974,G,營運狀況,營業收入,,仟元,2019,2947147
23611974,G,營運狀況,營業成本,,仟元,2019,1461911
23611974,G,營運狀況,營業費用,,仟元,2019,1472211
23611974,G,營運狀況,淨利,,仟元,2019,39025
04926876,G,營運狀況,營業收入,,仟元,2019,22860
04926876,G,營運狀況,營業成本,,仟元,2019,41452
04926876,G,營運狀況,營業費用,,仟元,2019,91125
04926876,G,營運狀況,淨利,,仟元,2019,-109019
22332192,G,營運狀況,營業收入,,仟元,2019,4738182
22332192,G,營運狀況,營業成本,,仟元,2019,4405546
22332192,G,營運狀況,營業費用,,仟元,2019,200503
22332192,G,營運狀況,淨利,,仟元,2019,128679
22006274,G,營運狀況,營業收入,,仟元,2019,4936941
22006274,G,營運狀況,營業成本,,仟元,2019,4166399
22006274,G,營運狀況,營業費用,,仟元,2019,763317
22006274,G,營運狀況,淨利,,仟元,2019,358792
22325002,G,營運狀況,營業收入,,仟元,2019,3639860
22325002,G,營運狀況,營業成本,,仟元,2019,3152822
22325002,G,營運狀況,營業費用,,仟元,2019,473488
22325002,G,營運狀況,淨利,,仟元,2019,-24621
84166074,G,營運狀況,營業收入,,仟元,2019,1378533
84166074,G,營運狀況,營業成本,,仟元,2019,730160
84166074,G,營運狀況,營業費用,,仟元,2019,634360
84166074,G,營運狀況,淨利,,仟元,2019,202573
31306250,G,營運狀況,營業收入,,仟元,2019,684216
31306250,G,營運狀況,營業成本,,仟元,2019,483549
31306250,G,營運狀況,營業費用,,仟元,2019,181973
31306250,G,營運狀況,淨利,,仟元,2019,61202
22099532,G,營運狀況,營業收入,,仟元,2019,26952910
22099532,G,營運狀況,營業成本,,仟元,2019,19311825
22099532,G,營運狀況,營業費用,,仟元,2019,4717588
22099532,G,營運狀況,淨利,,仟元,2019,2369928
04777186,G,營運狀況,營業收入,,仟元,2019,6028702
04777186,G,營運狀況,營業成本,,仟元,2019,5463795
04777186,G,營運狀況,營業費用,,仟元,2019,379094
04777186,G,營運狀況,淨利,,仟元,2019,157008
86427715,G,營運狀況,營業收入,,仟元,2019,36534445
86427715,G,營運狀況,營業成本,,仟元,2019,32220146
86427715,G,營運狀況,營業費用,,仟元,2019,3055003
86427715,G,營運狀況,淨利,,仟元,2019,973093
97445303,G,營運狀況,營業收入,,仟元,2019,5606591
97445303,G,營運狀況,營業成本,,仟元,2019,3630571
97445303,G,營運狀況,營業費用,,仟元,2019,1321235
97445303,G,營運狀況,淨利,,仟元,2019,674503
97306457,G,營運狀況,營業收入,,仟元,2019,1724976
97306457,G,營運狀況,營業成本,,仟元,2019,1262444
97306457,G,營運狀況,營業費用,,仟元,2019,570349
97306457,G,營運狀況,淨利,,仟元,2019,-165264
22099738,G,營運狀況,營業收入,,仟元,2019,1245515
22099738,G,營運狀況,營業成本,,仟元,2019,866818
22099738,G,營運狀況,營業費用,,仟元,2019,658949
22099738,G,營運狀況,淨利,,仟元,2019,-326970
30897480,G,營運狀況,營業收入,,仟元,2019,5404679
30897480,G,營運狀況,營業成本,,仟元,2019,5263378
30897480,G,營運狀況,營業費用,,仟元,2019,634665
30897480,G,營運狀況,淨利,,仟元,2019,-471889
23622986,G,營運狀況,營業收入,,仟元,2019,3140455
23622986,G,營運狀況,營業成本,,仟元,2019,2283364
23622986,G,營運狀況,營業費用,,仟元,2019,843581
23622986,G,營運狀況,淨利,,仟元,2019,-3065
12868358,G,營運狀況,營業收入,,仟元,2019,878255078
12868358,G,營運狀況,營業成本,,仟元,2019,836096528
12868358,G,營運狀況,營業費用,,仟元,2019,28858705
12868358,G,營運狀況,淨利,,仟元,2019,9726243
97483122,G,營運狀況,營業收入,,仟元,2019,528240
97483122,G,營運狀況,營業成本,,仟元,2019,429505
97483122,G,營運狀況,營業費用,,仟元,2019,136984
97483122,G,營運狀況,淨利,,仟元,2019,-29896
96930209,G,營運狀況,營業收入,,仟元,2019,1665595
96930209,G,營運狀況,營業成本,,仟元,2019,1049472
96930209,G,營運狀況,營業費用,,仟元,2019,343195
96930209,G,營運狀況,淨利,,仟元,2019,241211
70801588,G,營運狀況,營業收入,,仟元,2019,985758
70801588,G,營運狀況,營業成本,,仟元,2019,939925
70801588,G,營運狀況,營業費用,,仟元,2019,498746
70801588,G,營運狀況,淨利,,仟元,2019,-409427
80333613,G,營運狀況,營業收入,,仟元,2019,13415090
80333613,G,營運狀況,營業成本,,仟元,2019,10975757
80333613,G,營運狀況,營業費用,,仟元,2019,1672521
80333613,G,營運狀況,淨利,,仟元,2019,650059
27242184,G,營運狀況,營業收入,,仟元,2019,7116028
27242184,G,營運狀況,營業成本,,仟元,2019,5969939
27242184,G,營運狀況,營業費用,,仟元,2019,1080651
27242184,G,營運狀況,淨利,,仟元,2019,102695
53677966,G,營運狀況,營業收入,,仟元,2019,35831960
53677966,G,營運狀況,營業成本,,仟元,2019,30642236
53677966,G,營運狀況,營業費用,,仟元,2019,4688764
53677966,G,營運狀況,淨利,,仟元,2019,2773789
24813370,G,營運狀況,營業收入,,仟元,2019,8840159
24813370,G,營運狀況,營業成本,,仟元,2019,8226631
24813370,G,營運狀況,營業費用,,仟元,2019,1146824
24813370,G,營運狀況,淨利,,仟元,2019,-197033
13000192,G,營運狀況,營業收入,,仟元,2019,7794299
13000192,G,營運狀況,營業成本,,仟元,2019,6023870
13000192,G,營運狀況,營業費用,,仟元,2019,1803018
13000192,G,營運狀況,淨利,,仟元,2019,121017
28689155,G,營運狀況,營業收入,,仟元,2019,1366287326
28689155,G,營運狀況,營業成本,,仟元,2019,1321181968
28689155,G,營運狀況,營業費用,,仟元,2019,28199092
28689155,G,營運狀況,淨利,,仟元,2019,18284108
31618486,G,營運狀況,營業收入,,仟元,2019,2103934
31618486,G,營運狀況,營業成本,,仟元,2019,1504555
31618486,G,營運狀況,營業費用,,仟元,2019,255421
31618486,G,營運狀況,淨利,,仟元,2019,233237
84188062,G,營運狀況,營業收入,,仟元,2019,3576588
84188062,G,營運狀況,營業成本,,仟元,2019,2599809
84188062,G,營運狀況,營業費用,,仟元,2019,986288
84188062,G,營運狀況,淨利,,仟元,2019,44685
09497109,G,營運狀況,營業收入,,仟元,2019,2061734
09497109,G,營運狀況,營業成本,,仟元,2019,1683013
09497109,G,營運狀況,營業費用,,仟元,2019,518237
09497109,G,營運狀況,淨利,,仟元,2019,-159456
56625344,G,營運狀況,營業收入,,仟元,2019,6294771
56625344,G,營運狀況,營業成本,,仟元,2019,4059800
56625344,G,營運狀況,營業費用,,仟元,2019,1765736
56625344,G,營運狀況,淨利,,仟元,2019,352096
89593343,G,營運狀況,營業收入,,仟元,2019,10497070
89593343,G,營運狀況,營業成本,,仟元,2019,6208198
89593343,G,營運狀況,營業費用,,仟元,2019,3521605
89593343,G,營運狀況,淨利,,仟元,2019,443747
21230513,G,營運狀況,營業收入,,仟元,2019,5330472
21230513,G,營運狀況,營業成本,,仟元,2019,3461216
21230513,G,營運狀況,營業費用,,仟元,2019,959279
21230513,G,營運狀況,淨利,,仟元,2019,722285
34005476,G,營運狀況,營業收入,,仟元,2019,8586172
34005476,G,營運狀況,營業成本,,仟元,2019,6727977
34005476,G,營運狀況,營業費用,,仟元,2019,884414
34005476,G,營運狀況,淨利,,仟元,2019,701534
35383165,G,營運狀況,營業收入,,仟元,2019,2187850
35383165,G,營運狀況,營業成本,,仟元,2019,2031771
35383165,G,營運狀況,營業費用,,仟元,2019,594695
35383165,G,營運狀況,淨利,,仟元,2019,-504037
12403422,G,營運狀況,營業收入,,仟元,2019,5032719
12403422,G,營運狀況,營業成本,,仟元,2019,1994258
12403422,G,營運狀況,營業費用,,仟元,2019,2262127
12403422,G,營運狀況,淨利,,仟元,2019,726620
70380046,G,營運狀況,營業收入,,仟元,2019,81506216
70380046,G,營運狀況,營業成本,,仟元,2019,62753571
70380046,G,營運狀況,營業費用,,仟元,2019,15375298
70380046,G,營運狀況,淨利,,仟元,2019,3026308
53113073,G,營運狀況,營業收入,,仟元,2019,6148380
53113073,G,營運狀況,營業成本,,仟元,2019,4084458
53113073,G,營運狀況,營業費用,,仟元,2019,1343963
53113073,G,營運狀況,淨利,,仟元,2019,668245
42461124,G,營運狀況,營業收入,,仟元,2019,1184812
42461124,G,營運狀況,營業成本,,仟元,2019,870881
42461124,G,營運狀況,營業費用,,仟元,2019,176664
42461124,G,營運狀況,淨利,,仟元,2019,89248
29069127,G,營運狀況,營業收入,,仟元,2019,800114
29069127,G,營運狀況,營業成本,,仟元,2019,585291
29069127,G,營運狀況,營業費用,,仟元,2019,179506
29069127,G,營運狀況,淨利,,仟元,2019,25778
80456781,G,營運狀況,營業收入,,仟元,2019,7660870
80456781,G,營運狀況,營業成本,,仟元,2019,5824109
80456781,G,營運狀況,營業費用,,仟元,2019,809532
80456781,G,營運狀況,淨利,,仟元,2019,732124
53687704,G,營運狀況,營業收入,,仟元,2019,163600423
53687704,G,營運狀況,營業成本,,仟元,2019,152251871
53687704,G,營運狀況,營業費用,,仟元,2019,3188474
53687704,G,營運狀況,淨利,,仟元,2019,6169254
59244777,G,營運狀況,營業收入,,仟元,2019,3450910
59244777,G,營運狀況,營業成本,,仟元,2019,2675383
59244777,G,營運狀況,營業費用,,仟元,2019,426359
59244777,G,營運狀況,淨利,,仟元,2019,231585
24403572,G,營運狀況,營業收入,,仟元,2019,119307
24403572,G,營運狀況,營業成本,,仟元,2019,108872
24403572,G,營運狀況,營業費用,,仟元,2019,41529
24403572,G,營運狀況,淨利,,仟元,2019,-31899
24776663,G,營運狀況,營業收入,,仟元,2019,186996
24776663,G,營運狀況,營業成本,,仟元,2019,93804
24776663,G,營運狀況,營業費用,,仟元,2019,87354
24776663,G,營運狀況,淨利,,仟元,2019,3099
12514341,G,營運狀況,營業收入,,仟元,2019,9745628
12514341,G,營運狀況,營業成本,,仟元,2019,6355974
12514341,G,營運狀況,營業費用,,仟元,2019,2390398
12514341,G,營運狀況,淨利,,仟元,2019,485923
20972349,G,營運狀況,營業收入,,仟元,2019,1983603
20972349,G,營運狀況,營業成本,,仟元,2019,1488759
20972349,G,營運狀況,營業費用,,仟元,2019,238477
20972349,G,營運狀況,淨利,,仟元,2019,256983
16081507,G,營運狀況,營業收入,,仟元,2019,19137173
16081507,G,營運狀況,營業成本,,仟元,2019,15594059
16081507,G,營運狀況,營業費用,,仟元,2019,2478998
16081507,G,營運狀況,淨利,,仟元,2019,969393
05143647,G,營運狀況,營業收入,,仟元,2019,6835443
05143647,G,營運狀況,營業成本,,仟元,2019,4739317
05143647,G,營運狀況,營業費用,,仟元,2019,967203
05143647,G,營運狀況,淨利,,仟元,2019,911951
20792640,G,營運狀況,營業收入,,仟元,2019,597565
20792640,G,營運狀況,營業成本,,仟元,2019,397883
20792640,G,營運狀況,營業費用,,仟元,2019,221052
20792640,G,營運狀況,淨利,,仟元,2019,-112809
23357403,G,營運狀況,營業收入,,仟元,2018,207109088
23357403,G,營運狀況,營業成本,,仟元,2018,180006839
23357403,G,營運狀況,營業費用,,仟元,2018,19616436
23357403,G,營運狀況,淨利,,仟元,2018,7967084
47226140,G,營運狀況,營業收入,,仟元,2018,584893
47226140,G,營運狀況,營業成本,,仟元,2018,389330
47226140,G,營運狀況,營業費用,,仟元,2018,324172
47226140,G,營運狀況,淨利,,仟元,2018,-12777
21222725,G,營運狀況,營業收入,,仟元,2018,967706411
21222725,G,營運狀況,營業成本,,仟元,2018,937139320
21222725,G,營運狀況,營業費用,,仟元,2018,21305345
21222725,G,營運狀況,淨利,,仟元,2018,9589301
22449566,G,營運狀況,營業收入,,仟元,2018,31796016
22449566,G,營運狀況,營業成本,,仟元,2018,29279029
22449566,G,營運狀況,營業費用,,仟元,2018,2840571
22449566,G,營運狀況,淨利,,仟元,2018,22014
12490306,G,營運狀況,營業收入,,仟元,2018,155783161
12490306,G,營運狀況,營業成本,,仟元,2018,136540185
12490306,G,營運狀況,營業費用,,仟元,2018,14666817
12490306,G,營運狀況,淨利,,仟元,2018,4450654
20828393,G,營運狀況,營業收入,,仟元,2018,242270406
20828393,G,營運狀況,營業成本,,仟元,2018,216442207
20828393,G,營運狀況,營業費用,,仟元,2018,22256745
20828393,G,營運狀況,淨利,,仟元,2018,2901960
04322046,G,營運狀況,營業收入,,仟元,2018,506884018
04322046,G,營運狀況,營業成本,,仟元,2018,483002434
04322046,G,營運狀況,營業費用,,仟元,2018,16390869
04322046,G,營運狀況,淨利,,仟元,2018,5318996
23638777,G,營運狀況,營業收入,,仟元,2018,354187665
23638777,G,營運狀況,營業成本,,仟元,2018,302173389
23638777,G,營運狀況,營業費用,,仟元,2018,35038642
23638777,G,營運狀況,淨利,,仟元,2018,5272496
09424319,G,營運狀況,營業收入,,仟元,2018,19796072
09424319,G,營運狀況,營業成本,,仟元,2018,14515709
09424319,G,營運狀況,營業費用,,仟元,2018,3813514
09424319,G,營運狀況,淨利,,仟元,2018,1456359
79883646,G,營運狀況,營業收入,,仟元,2018,919537
79883646,G,營運狀況,營業成本,,仟元,2018,685383
79883646,G,營運狀況,營業費用,,仟元,2018,279567
79883646,G,營運狀況,淨利,,仟元,2018,-84926
05141520,G,營運狀況,營業收入,,仟元,2018,2019780
05141520,G,營運狀況,營業成本,,仟元,2018,1571487
05141520,G,營運狀況,營業費用,,仟元,2018,489613
05141520,G,營運狀況,淨利,,仟元,2018,95119
22044755,G,營運狀況,營業收入,,仟元,2018,60923590
22044755,G,營運狀況,營業成本,,仟元,2018,50800376
22044755,G,營運狀況,營業費用,,仟元,2018,7847626
22044755,G,營運狀況,淨利,,仟元,2018,2496125
22178368,G,營運狀況,營業收入,,仟元,2018,118527273
22178368,G,營運狀況,營業成本,,仟元,2018,102397587
22178368,G,營運狀況,營業費用,,仟元,2018,9437736
22178368,G,營運狀況,淨利,,仟元,2018,6041129
22099759,G,營運狀況,營業收入,,仟元,2018,2126778
22099759,G,營運狀況,營業成本,,仟元,2018,1611523
22099759,G,營運狀況,營業費用,,仟元,2018,951759
22099759,G,營運狀況,淨利,,仟元,2018,-426418
22822281,G,營運狀況,營業收入,,仟元,2018,1027991038
22822281,G,營運狀況,營業成本,,仟元,2018,984117743
22822281,G,營運狀況,營業費用,,仟元,2018,29576465
22822281,G,營運狀況,淨利,,仟元,2018,15332361
86244265,G,營運狀況,營業收入,,仟元,2018,10437089
86244265,G,營運狀況,營業成本,,仟元,2018,9203001
86244265,G,營運狀況,營業費用,,仟元,2018,1092426
86244265,G,營運狀況,淨利,,仟元,2018,125969
05155853,G,營運狀況,營業收入,,仟元,2018,48726518
05155853,G,營運狀況,營業成本,,仟元,2018,30063070
05155853,G,營運狀況,營業費用,,仟元,2018,11196049
05155853,G,營運狀況,淨利,,仟元,2018,6316748
30950652,G,營運狀況,營業收入,,仟元,2018,5211122
30950652,G,營運狀況,營業成本,,仟元,2018,3670331
30950652,G,營運狀況,營業費用,,仟元,2018,759144
30950652,G,營運狀況,淨利,,仟元,2018,605337
23826200,G,營運狀況,營業收入,,仟元,2018,3040055
23826200,G,營運狀況,營業成本,,仟元,2018,2750636
23826200,G,營運狀況,營業費用,,仟元,2018,353795
23826200,G,營運狀況,淨利,,仟元,2018,-190496
20980880,G,營運狀況,營業收入,,仟元,2018,4204530
20980880,G,營運狀況,營業成本,,仟元,2018,3588798
20980880,G,營運狀況,營業費用,,仟元,2018,788404
20980880,G,營運狀況,淨利,,仟元,2018,-135832
23611974,G,營運狀況,營業收入,,仟元,2018,2801134
23611974,G,營運狀況,營業成本,,仟元,2018,1424084
23611974,G,營運狀況,營業費用,,仟元,2018,1377353
23611974,G,營運狀況,淨利,,仟元,2018,27399
22332192,G,營運狀況,營業收入,,仟元,2018,4083032
22332192,G,營運狀況,營業成本,,仟元,2018,3715016
22332192,G,營運狀況,營業費用,,仟元,2018,125123
22332192,G,營運狀況,淨利,,仟元,2018,244304
22006274,G,營運狀況,營業收入,,仟元,2018,6127933
22006274,G,營運狀況,營業成本,,仟元,2018,4623434
22006274,G,營運狀況,營業費用,,仟元,2018,653524
22006274,G,營運狀況,淨利,,仟元,2018,874419
22325002,G,營運狀況,營業收入,,仟元,2018,3329161
22325002,G,營運狀況,營業成本,,仟元,2018,2853144
22325002,G,營運狀況,營業費用,,仟元,2018,489582
22325002,G,營運狀況,淨利,,仟元,2018,-82683
84166074,G,營運狀況,營業收入,,仟元,2018,1384101
84166074,G,營運狀況,營業成本,,仟元,2018,811134
84166074,G,營運狀況,營業費用,,仟元,2018,527387
84166074,G,營運狀況,淨利,,仟元,2018,119414
31306250,G,營運狀況,營業收入,,仟元,2018,612158
31306250,G,營運狀況,營業成本,,仟元,2018,439584
31306250,G,營運狀況,營業費用,,仟元,2018,175662
31306250,G,營運狀況,淨利,,仟元,2018,-31922
22099532,G,營運狀況,營業收入,,仟元,2018,24693836
22099532,G,營運狀況,營業成本,,仟元,2018,17746433
22099532,G,營運狀況,營業費用,,仟元,2018,4347011
22099532,G,營運狀況,淨利,,仟元,2018,2418377
04777186,G,營運狀況,營業收入,,仟元,2018,6186402
04777186,G,營運狀況,營業成本,,仟元,2018,5714259
04777186,G,營運狀況,營業費用,,仟元,2018,373291
04777186,G,營運狀況,淨利,,仟元,2018,144505
86427715,G,營運狀況,營業收入,,仟元,2018,29066591
86427715,G,營運狀況,營業成本,,仟元,2018,25619313
86427715,G,營運狀況,營業費用,,仟元,2018,2727939
86427715,G,營運狀況,淨利,,仟元,2018,729847
97445303,G,營運狀況,營業收入,,仟元,2018,6185745
97445303,G,營運狀況,營業成本,,仟元,2018,4213188
97445303,G,營運狀況,營業費用,,仟元,2018,1285555
97445303,G,營運狀況,淨利,,仟元,2018,897918
97306457,G,營運狀況,營業收入,,仟元,2018,1703858
97306457,G,營運狀況,營業成本,,仟元,2018,1168348
97306457,G,營運狀況,營業費用,,仟元,2018,546805
97306457,G,營運狀況,淨利,,仟元,2018,-10931
22099738,G,營運狀況,營業收入,,仟元,2018,1829387
22099738,G,營運狀況,營業成本,,仟元,2018,1240515
22099738,G,營運狀況,營業費用,,仟元,2018,735178
22099738,G,營運狀況,淨利,,仟元,2018,-63653
30897480,G,營運狀況,營業收入,,仟元,2018,6786263
30897480,G,營運狀況,營業成本,,仟元,2018,6478167
30897480,G,營運狀況,營業費用,,仟元,2018,697663
30897480,G,營運狀況,淨利,,仟元,2018,-371943
23622986,G,營運狀況,營業收入,,仟元,2018,2314314
23622986,G,營運狀況,營業成本,,仟元,2018,1600515
23622986,G,營運狀況,營業費用,,仟元,2018,829402
23622986,G,營運狀況,淨利,,仟元,2018,9442
12868358,G,營運狀況,營業收入,,仟元,2018,889536347
12868358,G,營運狀況,營業成本,,仟元,2018,851977091
12868358,G,營運狀況,營業費用,,仟元,2018,26793240
12868358,G,營運狀況,淨利,,仟元,2018,7285189
97483122,G,營運狀況,營業收入,,仟元,2018,668557
97483122,G,營運狀況,營業成本,,仟元,2018,563731
97483122,G,營運狀況,營業費用,,仟元,2018,111520
97483122,G,營運狀況,淨利,,仟元,2018,6216
96930209,G,營運狀況,營業收入,,仟元,2018,1565353
96930209,G,營運狀況,營業成本,,仟元,2018,1012197
96930209,G,營運狀況,營業費用,,仟元,2018,350525
96930209,G,營運狀況,淨利,,仟元,2018,205026
70801588,G,營運狀況,營業收入,,仟元,2018,1225841
70801588,G,營運狀況,營業成本,,仟元,2018,1040918
70801588,G,營運狀況,營業費用,,仟元,2018,511377
70801588,G,營運狀況,淨利,,仟元,2018,-422243
80333613,G,營運狀況,營業收入,,仟元,2018,10193155
80333613,G,營運狀況,營業成本,,仟元,2018,7925392
80333613,G,營運狀況,營業費用,,仟元,2018,1601712
80333613,G,營運狀況,淨利,,仟元,2018,592796
27242184,G,營運狀況,營業收入,,仟元,2018,6356027
27242184,G,營運狀況,營業成本,,仟元,2018,5527633
27242184,G,營運狀況,營業費用,,仟元,2018,1210764
27242184,G,營運狀況,淨利,,仟元,2018,518501
53677966,G,營運狀況,營業收入,,仟元,2018,30751819
53677966,G,營運狀況,營業成本,,仟元,2018,25963951
53677966,G,營運狀況,營業費用,,仟元,2018,4453972
53677966,G,營運狀況,淨利,,仟元,2018,3296249
24813370,G,營運狀況,營業收入,,仟元,2018,3284200
24813370,G,營運狀況,營業成本,,仟元,2018,2962770
24813370,G,營運狀況,營業費用,,仟元,2018,466422
24813370,G,營運狀況,淨利,,仟元,2018,-166739
13000192,G,營運狀況,營業收入,,仟元,2018,8502426
13000192,G,營運狀況,營業成本,,仟元,2018,6532739
13000192,G,營運狀況,營業費用,,仟元,2018,1574866
13000192,G,營運狀況,淨利,,仟元,2018,291175
28689155,G,營運狀況,營業收入,,仟元,2018,1340002031
28689155,G,營運狀況,營業成本,,仟元,2018,1299233486
28689155,G,營運狀況,營業費用,,仟元,2018,28837922
28689155,G,營運狀況,淨利,,仟元,2018,11116099
31618486,G,營運狀況,營業收入,,仟元,2018,1847931
31618486,G,營運狀況,營業成本,,仟元,2018,1433354
31618486,G,營運狀況,營業費用,,仟元,2018,250473
31618486,G,營運狀況,淨利,,仟元,2018,171735
84188062,G,營運狀況,營業收入,,仟元,2018,2327728
84188062,G,營運狀況,營業成本,,仟元,2018,1648762
84188062,G,營運狀況,營業費用,,仟元,2018,1128889
84188062,G,營運狀況,淨利,,仟元,2018,-345074
09497109,G,營運狀況,營業收入,,仟元,2018,1935693
09497109,G,營運狀況,營業成本,,仟元,2018,1694738
09497109,G,營運狀況,營業費用,,仟元,2018,497688
09497109,G,營運狀況,淨利,,仟元,2018,-198559
56625344,G,營運狀況,營業收入,,仟元,2018,6791267
56625344,G,營運狀況,營業成本,,仟元,2018,4595614
56625344,G,營運狀況,營業費用,,仟元,2018,1821156
56625344,G,營運狀況,淨利,,仟元,2018,41462
89593343,G,營運狀況,營業收入,,仟元,2018,10477108
89593343,G,營運狀況,營業成本,,仟元,2018,6750806
89593343,G,營運狀況,營業費用,,仟元,2018,3436990
89593343,G,營運狀況,淨利,,仟元,2018,244609
21230513,G,營運狀況,營業收入,,仟元,2018,6569769
21230513,G,營運狀況,營業成本,,仟元,2018,4643391
21230513,G,營運狀況,營業費用,,仟元,2018,1019954
21230513,G,營運狀況,淨利,,仟元,2018,792493
34005476,G,營運狀況,營業收入,,仟元,2018,7662175
34005476,G,營運狀況,營業成本,,仟元,2018,6110286
34005476,G,營運狀況,營業費用,,仟元,2018,725186
34005476,G,營運狀況,淨利,,仟元,2018,595610
35383165,G,營運狀況,營業收入,,仟元,2018,3816875
35383165,G,營運狀況,營業成本,,仟元,2018,3045625
35383165,G,營運狀況,營業費用,,仟元,2018,593927
35383165,G,營運狀況,淨利,,仟元,2018,168263
12403422,G,營運狀況,營業收入,,仟元,2018,5173010
12403422,G,營運狀況,營業成本,,仟元,2018,2129330
12403422,G,營運狀況,營業費用,,仟元,2018,2213566
12403422,G,營運狀況,淨利,,仟元,2018,1587751
70380046,G,營運狀況,營業收入,,仟元,2018,68962459
70380046,G,營運狀況,營業成本,,仟元,2018,53698549
70380046,G,營運狀況,營業費用,,仟元,2018,12323759
70380046,G,營運狀況,淨利,,仟元,2018,2868877
53113073,G,營運狀況,營業收入,,仟元,2018,5800255
53113073,G,營運狀況,營業成本,,仟元,2018,4012024
53113073,G,營運狀況,營業費用,,仟元,2018,1324158
53113073,G,營運狀況,淨利,,仟元,2018,828626
42461124,G,營運狀況,營業收入,,仟元,2018,1217595
42461124,G,營運狀況,營業成本,,仟元,2018,976718
42461124,G,營運狀況,營業費用,,仟元,2018,157099
42461124,G,營運狀況,淨利,,仟元,2018,73777
29069127,G,營運狀況,營業收入,,仟元,2018,1014080
29069127,G,營運狀況,營業成本,,仟元,2018,777728
29069127,G,營運狀況,營業費用,,仟元,2018,210341
29069127,G,營運狀況,淨利,,仟元,2018,28666
80456781,G,營運狀況,營業收入,,仟元,2018,7322118
80456781,G,營運狀況,營業成本,,仟元,2018,6087084
80456781,G,營運狀況,營業費用,,仟元,2018,583477
80456781,G,營運狀況,淨利,,仟元,2018,547978
53687704,G,營運狀況,營業收入,,仟元,2018,181064815
53687704,G,營運狀況,營業成本,,仟元,2018,170417659
53687704,G,營運狀況,營業費用,,仟元,2018,3546614
53687704,G,營運狀況,淨利,,仟元,2018,5577577
59244777,G,營運狀況,營業收入,,仟元,2018,2826929
59244777,G,營運狀況,營業成本,,仟元,2018,2341600
59244777,G,營運狀況,營業費用,,仟元,2018,370323
59244777,G,營運狀況,淨利,,仟元,2018,25705
12514341,G,營運狀況,營業收入,,仟元,2018,9825616
12514341,G,營運狀況,營業成本,,仟元,2018,6639180
12514341,G,營運狀況,營業費用,,仟元,2018,2478534
12514341,G,營運狀況,淨利,,仟元,2018,756927
20972349,G,營運狀況,營業收入,,仟元,2018,1652779
20972349,G,營運狀況,營業成本,,仟元,2018,1285873
20972349,G,營運狀況,營業費用,,仟元,2018,271139
20972349,G,營運狀況,淨利,,仟元,2018,95324
16081507,G,營運狀況,營業收入,,仟元,2018,20113619
16081507,G,營運狀況,營業成本,,仟元,2018,15799142
16081507,G,營運狀況,營業費用,,仟元,2018,2417753
16081507,G,營運狀況,淨利,,仟元,2018,1525848
05143647,G,營運狀況,營業收入,,仟元,2018,6520514
05143647,G,營運狀況,營業成本,,仟元,2018,4805766
05143647,G,營運狀況,營業費用,,仟元,2018,883349
05143647,G,營運狀況,淨利,,仟元,2018,642350
20792640,G,營運狀況,營業收入,,仟元,2018,746609
20792640,G,營運狀況,營業成本,,仟元,2018,505447
20792640,G,營運狀況,營業費用,,仟元,2018,218264
20792640,G,營運狀況,淨利,,仟元,2018,12096
23357403,G,營運狀況,營業收入,,仟元,2017,214564322
23357403,G,營運狀況,營業成本,,仟元,2017,186854505
23357403,G,營運狀況,營業費用,,仟元,2017,19365853
23357403,G,營運狀況,淨利,,仟元,2017,2631131
47226140,G,營運狀況,營業收入,,仟元,2017,646562
47226140,G,營運狀況,營業成本,,仟元,2017,437951
47226140,G,營運狀況,營業費用,,仟元,2017,355483
47226140,G,營運狀況,淨利,,仟元,2017,521129
21222725,G,營運狀況,營業收入,,仟元,2017,887656959
21222725,G,營運狀況,營業成本,,仟元,2017,855692390
21222725,G,營運狀況,營業費用,,仟元,2017,22756140
21222725,G,營運狀況,淨利,,仟元,2017,6158037
22449566,G,營運狀況,營業收入,,仟元,2017,29947340
22449566,G,營運狀況,營業成本,,仟元,2017,26913857
22449566,G,營運狀況,營業費用,,仟元,2017,3036328
22449566,G,營運狀況,淨利,,仟元,2017,224119
12490306,G,營運狀況,營業收入,,仟元,2017,136862492
12490306,G,營運狀況,營業成本,,仟元,2017,120529445
12490306,G,營運狀況,營業費用,,仟元,2017,12931139
12490306,G,營運狀況,淨利,,仟元,2017,5656370
20828393,G,營運狀況,營業收入,,仟元,2017,237274883
20828393,G,營運狀況,營業成本,,仟元,2017,211913649
20828393,G,營運狀況,營業費用,,仟元,2017,21900478
20828393,G,營運狀況,淨利,,仟元,2017,2796733
04322046,G,營運狀況,營業收入,,仟元,2017,467512347
04322046,G,營運狀況,營業成本,,仟元,2017,442473204
04322046,G,營運狀況,營業費用,,仟元,2017,16309574
04322046,G,營運狀況,淨利,,仟元,2017,4337038
23638777,G,營運狀況,營業收入,,仟元,2017,433966791
23638777,G,營運狀況,營業成本,,仟元,2017,374562306
23638777,G,營運狀況,營業費用,,仟元,2017,46669648
23638777,G,營運狀況,淨利,,仟元,2017,16039994
09424319,G,營運狀況,營業收入,,仟元,2017,20876980
09424319,G,營運狀況,營業成本,,仟元,2017,16098384
09424319,G,營運狀況,營業費用,,仟元,2017,4090673
09424319,G,營運狀況,淨利,,仟元,2017,720658
79883646,G,營運狀況,營業收入,,仟元,2017,601919
79883646,G,營運狀況,營業成本,,仟元,2017,499581
79883646,G,營運狀況,營業費用,,仟元,2017,269918
79883646,G,營運狀況,淨利,,仟元,2017,-191676
05141520,G,營運狀況,營業收入,,仟元,2017,2330824
05141520,G,營運狀況,營業成本,,仟元,2017,1829524
05141520,G,營運狀況,營業費用,,仟元,2017,561060
05141520,G,營運狀況,淨利,,仟元,2017,42233
22044755,G,營運狀況,營業收入,,仟元,2017,59884781
22044755,G,營運狀況,營業成本,,仟元,2017,49685924
22044755,G,營運狀況,營業費用,,仟元,2017,7972507
22044755,G,營運狀況,淨利,,仟元,2017,2713506
22178368,G,營運狀況,營業收入,,仟元,2017,106419905
22178368,G,營運狀況,營業成本,,仟元,2017,91388612
22178368,G,營運狀況,營業費用,,仟元,2017,9417633
22178368,G,營運狀況,淨利,,仟元,2017,4937422
22099759,G,營運狀況,營業收入,,仟元,2017,2029132
22099759,G,營運狀況,營業成本,,仟元,2017,1592134
22099759,G,營運狀況,營業費用,,仟元,2017,907175
22099759,G,營運狀況,淨利,,仟元,2017,-637173
22822281,G,營運狀況,營業收入,,仟元,2017,1021182900
22822281,G,營運狀況,營業成本,,仟元,2017,975530673
22822281,G,營運狀況,營業費用,,仟元,2017,28047221
22822281,G,營運狀況,淨利,,仟元,2017,14515762
86244265,G,營運狀況,營業收入,,仟元,2017,11642636
86244265,G,營運狀況,營業成本,,仟元,2017,9680123
86244265,G,營運狀況,營業費用,,仟元,2017,1408259
86244265,G,營運狀況,淨利,,仟元,2017,187566
05155853,G,營運狀況,營業收入,,仟元,2017,44374751
05155853,G,營運狀況,營業成本,,仟元,2017,26993793
05155853,G,營運狀況,營業費用,,仟元,2017,10602481
05155853,G,營運狀況,淨利,,仟元,2017,6149289
30950652,G,營運狀況,營業收入,,仟元,2017,3717054
30950652,G,營運狀況,營業成本,,仟元,2017,2520879
30950652,G,營運狀況,營業費用,,仟元,2017,635364
30950652,G,營運狀況,淨利,,仟元,2017,418332
23826200,G,營運狀況,營業收入,,仟元,2017,3443392
23826200,G,營運狀況,營業成本,,仟元,2017,2988208
23826200,G,營運狀況,營業費用,,仟元,2017,362759
23826200,G,營運狀況,淨利,,仟元,2017,104934
20980880,G,營運狀況,營業收入,,仟元,2017,4761143
20980880,G,營運狀況,營業成本,,仟元,2017,4196966
20980880,G,營運狀況,營業費用,,仟元,2017,823015
20980880,G,營運狀況,淨利,,仟元,2017,-150454
23611974,G,營運狀況,營業收入,,仟元,2017,2512689
23611974,G,營運狀況,營業成本,,仟元,2017,1226392
23611974,G,營運狀況,營業費用,,仟元,2017,1344990
23611974,G,營運狀況,淨利,,仟元,2017,-36314
04926876,G,營運狀況,營業收入,,仟元,2017,24403
04926876,G,營運狀況,營業成本,,仟元,2017,16248
04926876,G,營運狀況,營業費用,,仟元,2017,22628
04926876,G,營運狀況,淨利,,仟元,2017,-49152
22332192,G,營運狀況,營業收入,,仟元,2017,5772839
22332192,G,營運狀況,營業成本,,仟元,2017,5668505
22332192,G,營運狀況,營業費用,,仟元,2017,87503
22332192,G,營運狀況,淨利,,仟元,2017,-56914
22006274,G,營運狀況,營業收入,,仟元,2017,1921525
22006274,G,營運狀況,營業成本,,仟元,2017,1621780
22006274,G,營運狀況,營業費用,,仟元,2017,432177
22006274,G,營運狀況,淨利,,仟元,2017,-101740
22325002,G,營運狀況,營業收入,,仟元,2017,2943352
22325002,G,營運狀況,營業成本,,仟元,2017,2539786
22325002,G,營運狀況,營業費用,,仟元,2017,473489
22325002,G,營運狀況,淨利,,仟元,2017,-87902
84166074,G,營運狀況,營業收入,,仟元,2017,1626233
84166074,G,營運狀況,營業成本,,仟元,2017,901790
84166074,G,營運狀況,營業費用,,仟元,2017,598059
84166074,G,營運狀況,淨利,,仟元,2017,116988
31306250,G,營運狀況,營業收入,,仟元,2017,665555
31306250,G,營運狀況,營業成本,,仟元,2017,464470
31306250,G,營運狀況,營業費用,,仟元,2017,168303
31306250,G,營運狀況,淨利,,仟元,2017,72814
22099532,G,營運狀況,營業收入,,仟元,2017,22197033
22099532,G,營運狀況,營業成本,,仟元,2017,15936465
22099532,G,營運狀況,營業費用,,仟元,2017,3789980
22099532,G,營運狀況,淨利,,仟元,2017,2046213
04777186,G,營運狀況,營業收入,,仟元,2017,4840129
04777186,G,營運狀況,營業成本,,仟元,2017,4178209
04777186,G,營運狀況,營業費用,,仟元,2017,340861
04777186,G,營運狀況,淨利,,仟元,2017,245918
86427715,G,營運狀況,營業收入,,仟元,2017,27109342
86427715,G,營運狀況,營業成本,,仟元,2017,23778130
86427715,G,營運狀況,營業費用,,仟元,2017,2177437
86427715,G,營運狀況,淨利,,仟元,2017,939338
97445303,G,營運狀況,營業收入,,仟元,2017,6895519
97445303,G,營運狀況,營業成本,,仟元,2017,4659695
97445303,G,營運狀況,營業費用,,仟元,2017,1253838
97445303,G,營運狀況,淨利,,仟元,2017,924239
97306457,G,營運狀況,營業收入,,仟元,2017,1354853
97306457,G,營運狀況,營業成本,,仟元,2017,917062
97306457,G,營運狀況,營業費用,,仟元,2017,585226
97306457,G,營運狀況,淨利,,仟元,2017,-118401
22099738,G,營運狀況,營業收入,,仟元,2017,1832618
22099738,G,營運狀況,營業成本,,仟元,2017,1160748
22099738,G,營運狀況,營業費用,,仟元,2017,1104447
22099738,G,營運狀況,淨利,,仟元,2017,-601901
30897480,G,營運狀況,營業收入,,仟元,2017,7664551
30897480,G,營運狀況,營業成本,,仟元,2017,7049375
30897480,G,營運狀況,營業費用,,仟元,2017,690333
30897480,G,營運狀況,淨利,,仟元,2017,41862
23622986,G,營運狀況,營業收入,,仟元,2017,2370935
23622986,G,營運狀況,營業成本,,仟元,2017,1582583
23622986,G,營運狀況,營業費用,,仟元,2017,702265
23622986,G,營運狀況,淨利,,仟元,2017,102217
12868358,G,營運狀況,營業收入,,仟元,2017,836081023
12868358,G,營運狀況,營業成本,,仟元,2017,804441620
12868358,G,營運狀況,營業費用,,仟元,2017,25725592
12868358,G,營運狀況,淨利,,仟元,2017,4361491
97483122,G,營運狀況,營業收入,,仟元,2017,563754
97483122,G,營運狀況,營業成本,,仟元,2017,465831
97483122,G,營運狀況,營業費用,,仟元,2017,115817
97483122,G,營運狀況,淨利,,仟元,2017,-17044
96930209,G,營運狀況,營業收入,,仟元,2017,1414886
96930209,G,營運狀況,營業成本,,仟元,2017,927828
96930209,G,營運狀況,營業費用,,仟元,2017,323847
96930209,G,營運狀況,淨利,,仟元,2017,134492
70801588,G,營運狀況,營業收入,,仟元,2017,1226823
70801588,G,營運狀況,營業成本,,仟元,2017,1018409
70801588,G,營運狀況,營業費用,,仟元,2017,495720
70801588,G,營運狀況,淨利,,仟元,2017,-394152
80333613,G,營運狀況,營業收入,,仟元,2017,9211647
80333613,G,營運狀況,營業成本,,仟元,2017,7253097
80333613,G,營運狀況,營業費用,,仟元,2017,1453748
80333613,G,營運狀況,淨利,,仟元,2017,442487
27242184,G,營運狀況,營業收入,,仟元,2017,7798408
27242184,G,營運狀況,營業成本,,仟元,2017,7028878
27242184,G,營運狀況,營業費用,,仟元,2017,1195459
27242184,G,營運狀況,淨利,,仟元,2017,56949
53677966,G,營運狀況,營業收入,,仟元,2017,48760514
53677966,G,營運狀況,營業成本,,仟元,2017,43095337
53677966,G,營運狀況,營業費用,,仟元,2017,4925296
53677966,G,營運狀況,淨利,,仟元,2017,2581014
13000192,G,營運狀況,營業收入,,仟元,2017,5571335
13000192,G,營運狀況,營業成本,,仟元,2017,4260688
13000192,G,營運狀況,營業費用,,仟元,2017,1122170
13000192,G,營運狀況,淨利,,仟元,2017,166100
28689155,G,營運狀況,營業收入,,仟元,2017,1193808515
28689155,G,營運狀況,營業成本,,仟元,2017,1147138626
28689155,G,營運狀況,營業費用,,仟元,2017,27671193
28689155,G,營運狀況,淨利,,仟元,2017,16014772
31618486,G,營運狀況,營業收入,,仟元,2017,1619841
31618486,G,營運狀況,營業成本,,仟元,2017,1297074
31618486,G,營運狀況,營業費用,,仟元,2017,211178
31618486,G,營運狀況,淨利,,仟元,2017,21838
84188062,G,營運狀況,營業收入,,仟元,2017,2611179
84188062,G,營運狀況,營業成本,,仟元,2017,1945986
84188062,G,營運狀況,營業費用,,仟元,2017,505247
84188062,G,營運狀況,淨利,,仟元,2017,82414
09497109,G,營運狀況,營業收入,,仟元,2017,1923207
09497109,G,營運狀況,營業成本,,仟元,2017,1649790
09497109,G,營運狀況,營業費用,,仟元,2017,531958
09497109,G,營運狀況,淨利,,仟元,2017,272472
56625344,G,營運狀況,營業收入,,仟元,2017,1685921
56625344,G,營運狀況,營業成本,,仟元,2017,967179
56625344,G,營運狀況,營業費用,,仟元,2017,491585
56625344,G,營運狀況,淨利,,仟元,2017,457552
89593343,G,營運狀況,營業收入,,仟元,2017,10667894
89593343,G,營運狀況,營業成本,,仟元,2017,6704114
89593343,G,營運狀況,營業費用,,仟元,2017,3488484
89593343,G,營運狀況,淨利,,仟元,2017,390215
21230513,G,營運狀況,營業收入,,仟元,2017,6565317
21230513,G,營運狀況,營業成本,,仟元,2017,4621114
21230513,G,營運狀況,營業費用,,仟元,2017,1010025
21230513,G,營運狀況,淨利,,仟元,2017,731420
34005476,G,營運狀況,營業收入,,仟元,2017,7067221
34005476,G,營運狀況,營業成本,,仟元,2017,5604055
34005476,G,營運狀況,營業費用,,仟元,2017,696186
34005476,G,營運狀況,淨利,,仟元,2017,500265
35383165,G,營運狀況,營業收入,,仟元,2017,3107680
35383165,G,營運狀況,營業成本,,仟元,2017,2486433
35383165,G,營運狀況,營業費用,,仟元,2017,397747
35383165,G,營運狀況,淨利,,仟元,2017,82749
12403422,G,營運狀況,營業收入,,仟元,2017,4947321
12403422,G,營運狀況,營業成本,,仟元,2017,2022661
12403422,G,營運狀況,營業費用,,仟元,2017,2038477
12403422,G,營運狀況,淨利,,仟元,2017,738194
70380046,G,營運狀況,營業收入,,仟元,2017,34904064
70380046,G,營運狀況,營業成本,,仟元,2017,27175483
70380046,G,營運狀況,營業費用,,仟元,2017,5846468
70380046,G,營運狀況,淨利,,仟元,2017,1959804
53113073,G,營運狀況,營業收入,,仟元,2017,5411540
53113073,G,營運狀況,營業成本,,仟元,2017,3724548
53113073,G,營運狀況,營業費用,,仟元,2017,1228679
53113073,G,營運狀況,淨利,,仟元,2017,619145
42461124,G,營運狀況,營業收入,,仟元,2017,1291947
42461124,G,營運狀況,營業成本,,仟元,2017,946326
42461124,G,營運狀況,營業費用,,仟元,2017,181325
42461124,G,營運狀況,淨利,,仟元,2017,86422
29069127,G,營運狀況,營業收入,,仟元,2017,1194281
29069127,G,營運狀況,營業成本,,仟元,2017,935690
29069127,G,營運狀況,營業費用,,仟元,2017,194382
29069127,G,營運狀況,淨利,,仟元,2017,38641
80456781,G,營運狀況,營業收入,,仟元,2017,5566422
80456781,G,營運狀況,營業成本,,仟元,2017,4673961
80456781,G,營運狀況,營業費用,,仟元,2017,395102
80456781,G,營運狀況,淨利,,仟元,2017,384114
53687704,G,營運狀況,營業收入,,仟元,2017,85674525
53687704,G,營運狀況,營業成本,,仟元,2017,81432355
53687704,G,營運狀況,營業費用,,仟元,2017,2402555
53687704,G,營運狀況,淨利,,仟元,2017,1208482
12514341,G,營運狀況,營業收入,,仟元,2017,5673410
12514341,G,營運狀況,營業成本,,仟元,2017,3504931
12514341,G,營運狀況,營業費用,,仟元,2017,1420796
12514341,G,營運狀況,淨利,,仟元,2017,751711
20972349,G,營運狀況,營業收入,,仟元,2017,1406649
20972349,G,營運狀況,營業成本,,仟元,2017,1080380
20972349,G,營運狀況,營業費用,,仟元,2017,240517
20972349,G,營運狀況,淨利,,仟元,2017,48109
16081507,G,營運狀況,營業收入,,仟元,2017,17664072
16081507,G,營運狀況,營業成本,,仟元,2017,14831503
16081507,G,營運狀況,營業費用,,仟元,2017,2198616
16081507,G,營運狀況,淨利,,仟元,2017,583044
05143647,G,營運狀況,營業收入,,仟元,2017,5513754
05143647,G,營運狀況,營業成本,,仟元,2017,4044435
05143647,G,營運狀況,營業費用,,仟元,2017,786129
05143647,G,營運狀況,淨利,,仟元,2017,455442
20792640,G,營運狀況,營業收入,,仟元,2017,744271
20792640,G,營運狀況,營業成本,,仟元,2017,530228
20792640,G,營運狀況,營業費用,,仟元,2017,201841
20792640,G,營運狀況,淨利,,仟元,2017,8594
23357403,G,營運狀況,營業收入,,仟元,2016,229571758
23357403,G,營運狀況,營業成本,,仟元,2016,198313490
23357403,G,營運狀況,營業費用,,仟元,2016,18549008
23357403,G,營運狀況,淨利,,仟元,2016,9372564
47226140,G,營運狀況,營業收入,,仟元,2016,715031
47226140,G,營運狀況,營業成本,,仟元,2016,466075
47226140,G,營運狀況,營業費用,,仟元,2016,365072
47226140,G,營運狀況,淨利,,仟元,2016,21039
21222725,G,營運狀況,營業收入,,仟元,2016,766810035
21222725,G,營運狀況,營業成本,,仟元,2016,733973065
21222725,G,營運狀況,營業費用,,仟元,2016,21773325
21222725,G,營運狀況,淨利,,仟元,2016,8968006
22449566,G,營運狀況,營業收入,,仟元,2016,29945931
22449566,G,營運狀況,營業成本,,仟元,2016,25700870
22449566,G,營運狀況,營業費用,,仟元,2016,6037145
22449566,G,營運狀況,淨利,,仟元,2016,-878808
12490306,G,營運狀況,營業收入,,仟元,2016,129553540
12490306,G,營運狀況,營業成本,,仟元,2016,113350633
12490306,G,營運狀況,營業費用,,仟元,2016,11715631
12490306,G,營運狀況,淨利,,仟元,2016,4067771
20828393,G,營運狀況,營業收入,,仟元,2016,232724161
20828393,G,營運狀況,營業成本,,仟元,2016,209511703
20828393,G,營運狀況,營業費用,,仟元,2016,22299539
20828393,G,營運狀況,淨利,,仟元,2016,-4900740
04322046,G,營運狀況,營業收入,,仟元,2016,428466015
04322046,G,營運狀況,營業成本,,仟元,2016,404508245
04322046,G,營運狀況,營業費用,,仟元,2016,15773307
04322046,G,營運狀況,淨利,,仟元,2016,4971373
23638777,G,營運狀況,營業收入,,仟元,2016,466802706
23638777,G,營運狀況,營業成本,,仟元,2016,400575339
23638777,G,營運狀況,營業費用,,仟元,2016,47475412
23638777,G,營運狀況,淨利,,仟元,2016,19618404
09424319,G,營運狀況,營業收入,,仟元,2016,19720086
09424319,G,營運狀況,營業成本,,仟元,2016,13644079
09424319,G,營運狀況,營業費用,,仟元,2016,3982595
09424319,G,營運狀況,淨利,,仟元,2016,595698
79883646,G,營運狀況,營業收入,,仟元,2016,845895
79883646,G,營運狀況,營業成本,,仟元,2016,677761
79883646,G,營運狀況,營業費用,,仟元,2016,333007
79883646,G,營運狀況,淨利,,仟元,2016,-178742
05141520,G,營運狀況,營業收入,,仟元,2016,3650107
05141520,G,營運狀況,營業成本,,仟元,2016,2959966
05141520,G,營運狀況,營業費用,,仟元,2016,853607
05141520,G,營運狀況,淨利,,仟元,2016,-314113
22044755,G,營運狀況,營業收入,,仟元,2016,52347389
22044755,G,營運狀況,營業成本,,仟元,2016,43277692
22044755,G,營運狀況,營業費用,,仟元,2016,7380699
22044755,G,營運狀況,淨利,,仟元,2016,2284350
22178368,G,營運狀況,營業收入,,仟元,2016,102190503
22178368,G,營運狀況,營業成本,,仟元,2016,87238833
22178368,G,營運狀況,營業費用,,仟元,2016,9432731
22178368,G,營運狀況,淨利,,仟元,2016,4887942
22099759,G,營運狀況,營業收入,,仟元,2016,2271841
22099759,G,營運狀況,營業成本,,仟元,2016,1583011
22099759,G,營運狀況,營業費用,,仟元,2016,948940
22099759,G,營運狀況,淨利,,仟元,2016,-303696
22822281,G,營運狀況,營業收入,,仟元,2016,893982294
22822281,G,營運狀況,營業成本,,仟元,2016,847388606
22822281,G,營運狀況,營業費用,,仟元,2016,27489007
22822281,G,營運狀況,淨利,,仟元,2016,15410434
86244265,G,營運狀況,營業收入,,仟元,2016,13509398
86244265,G,營運狀況,營業成本,,仟元,2016,11449315
86244265,G,營運狀況,營業費用,,仟元,2016,1292146
86244265,G,營運狀況,淨利,,仟元,2016,555047
05155853,G,營運狀況,營業收入,,仟元,2016,42002198
05155853,G,營運狀況,營業成本,,仟元,2016,24884649
05155853,G,營運狀況,營業費用,,仟元,2016,10486056
05155853,G,營運狀況,淨利,,仟元,2016,5688954
30950652,G,營運狀況,營業收入,,仟元,2016,3823718
30950652,G,營運狀況,營業成本,,仟元,2016,2560811
30950652,G,營運狀況,營業費用,,仟元,2016,610089
30950652,G,營運狀況,淨利,,仟元,2016,526648
23826200,G,營運狀況,營業收入,,仟元,2016,2997576
23826200,G,營運狀況,營業成本,,仟元,2016,2650542
23826200,G,營運狀況,營業費用,,仟元,2016,403779
23826200,G,營運狀況,淨利,,仟元,2016,-32815
20980880,G,營運狀況,營業收入,,仟元,2016,4188815
20980880,G,營運狀況,營業成本,,仟元,2016,3367974
20980880,G,營運狀況,營業費用,,仟元,2016,812878
20980880,G,營運狀況,淨利,,仟元,2016,-99289
23611974,G,營運狀況,營業收入,,仟元,2016,2504027
23611974,G,營運狀況,營業成本,,仟元,2016,1238086
23611974,G,營運狀況,營業費用,,仟元,2016,1287904
23611974,G,營運狀況,淨利,,仟元,2016,-30257
22332192,G,營運狀況,營業收入,,仟元,2016,6687790
22332192,G,營運狀況,營業成本,,仟元,2016,6446750
22332192,G,營運狀況,營業費用,,仟元,2016,130408
22332192,G,營運狀況,淨利,,仟元,2016,91631
22006274,G,營運狀況,營業收入,,仟元,2016,1920959
22006274,G,營運狀況,營業成本,,仟元,2016,1583197
22006274,G,營運狀況,營業費用,,仟元,2016,393814
22006274,G,營運狀況,淨利,,仟元,2016,26406
22325002,G,營運狀況,營業收入,,仟元,2016,2765358
22325002,G,營運狀況,營業成本,,仟元,2016,2399110
22325002,G,營運狀況,營業費用,,仟元,2016,523679
22325002,G,營運狀況,淨利,,仟元,2016,-216153
84166074,G,營運狀況,營業收入,,仟元,2016,1955428
84166074,G,營運狀況,營業成本,,仟元,2016,1027615
84166074,G,營運狀況,營業費用,,仟元,2016,674945
84166074,G,營運狀況,淨利,,仟元,2016,298080
31306250,G,營運狀況,營業收入,,仟元,2016,404612
31306250,G,營運狀況,營業成本,,仟元,2016,261947
31306250,G,營運狀況,營業費用,,仟元,2016,106230
31306250,G,營運狀況,淨利,,仟元,2016,60265
22099532,G,營運狀況,營業收入,,仟元,2016,20406945
22099532,G,營運狀況,營業成本,,仟元,2016,14766463
22099532,G,營運狀況,營業費用,,仟元,2016,3480504
22099532,G,營運狀況,淨利,,仟元,2016,2263996
04777186,G,營運狀況,營業收入,,仟元,2016,4274785
04777186,G,營運狀況,營業成本,,仟元,2016,3666741
04777186,G,營運狀況,營業費用,,仟元,2016,346828
04777186,G,營運狀況,淨利,,仟元,2016,256053
86427715,G,營運狀況,營業收入,,仟元,2016,26504463
86427715,G,營運狀況,營業成本,,仟元,2016,22809414
86427715,G,營運狀況,營業費用,,仟元,2016,2258561
86427715,G,營運狀況,淨利,,仟元,2016,940530
97445303,G,營運狀況,營業收入,,仟元,2016,7643637
97445303,G,營運狀況,營業成本,,仟元,2016,5052102
97445303,G,營運狀況,營業費用,,仟元,2016,1255639
97445303,G,營運狀況,淨利,,仟元,2016,1367270
97306457,G,營運狀況,營業收入,,仟元,2016,1138852
97306457,G,營運狀況,營業成本,,仟元,2016,886806
97306457,G,營運狀況,營業費用,,仟元,2016,582043
97306457,G,營運狀況,淨利,,仟元,2016,-364914
22099738,G,營運狀況,營業收入,,仟元,2016,2672402
22099738,G,營運狀況,營業成本,,仟元,2016,1603193
22099738,G,營運狀況,營業費用,,仟元,2016,1262351
22099738,G,營運狀況,淨利,,仟元,2016,-328150
30897480,G,營運狀況,營業收入,,仟元,2016,8365413
30897480,G,營運狀況,營業成本,,仟元,2016,7350595
30897480,G,營運狀況,營業費用,,仟元,2016,716745
30897480,G,營運狀況,淨利,,仟元,2016,232222
23622986,G,營運狀況,營業收入,,仟元,2016,1968163
23622986,G,營運狀況,營業成本,,仟元,2016,1329090
23622986,G,營運狀況,營業費用,,仟元,2016,541407
23622986,G,營運狀況,淨利,,仟元,2016,78899
12868358,G,營運狀況,營業收入,,仟元,2016,659908231
12868358,G,營運狀況,營業成本,,仟元,2016,628263714
12868358,G,營運狀況,營業費用,,仟元,2016,25632447
12868358,G,營運狀況,淨利,,仟元,2016,2993004
97483122,G,營運狀況,營業收入,,仟元,2016,969776
97483122,G,營運狀況,營業成本,,仟元,2016,778493
97483122,G,營運狀況,營業費用,,仟元,2016,198351
97483122,G,營運狀況,淨利,,仟元,2016,7926
96930209,G,營運狀況,營業收入,,仟元,2016,1346687
96930209,G,營運狀況,營業成本,,仟元,2016,830016
96930209,G,營運狀況,營業費用,,仟元,2016,304614
96930209,G,營運狀況,淨利,,仟元,2016,184348
70801588,G,營運狀況,營業收入,,仟元,2016,1724135
70801588,G,營運狀況,營業成本,,仟元,2016,1350642
70801588,G,營運狀況,營業費用,,仟元,2016,511259
70801588,G,營運狀況,淨利,,仟元,2016,-132977
80333613,G,營運狀況,營業收入,,仟元,2016,7120620
80333613,G,營運狀況,營業成本,,仟元,2016,5757150
80333613,G,營運狀況,營業費用,,仟元,2016,1164185
80333613,G,營運狀況,淨利,,仟元,2016,123375
27242184,G,營運狀況,營業收入,,仟元,2016,10392597
27242184,G,營運狀況,營業成本,,仟元,2016,8938456
27242184,G,營運狀況,營業費用,,仟元,2016,1417333
27242184,G,營運狀況,淨利,,仟元,2016,241565
53677966,G,營運狀況,營業收入,,仟元,2016,48341745
53677966,G,營運狀況,營業成本,,仟元,2016,42788205
53677966,G,營運狀況,營業費用,,仟元,2016,4870196
53677966,G,營運狀況,淨利,,仟元,2016,2718568
13000192,G,營運狀況,營業收入,,仟元,2016,2345408
13000192,G,營運狀況,營業成本,,仟元,2016,1872001
13000192,G,營運狀況,營業費用,,仟元,2016,319690
13000192,G,營運狀況,淨利,,仟元,2016,141866
28689155,G,營運狀況,營業收入,,仟元,2016,1157710113
28689155,G,營運狀況,營業成本,,仟元,2016,1094642996
28689155,G,營運狀況,營業費用,,仟元,2016,30653148
28689155,G,營運狀況,淨利,,仟元,2016,22137392
31618486,G,營運狀況,營業收入,,仟元,2016,1652150
31618486,G,營運狀況,營業成本,,仟元,2016,1314033
31618486,G,營運狀況,營業費用,,仟元,2016,228571
31618486,G,營運狀況,淨利,,仟元,2016,109135
84188062,G,營運狀況,營業收入,,仟元,2016,3173078
84188062,G,營運狀況,營業成本,,仟元,2016,2310503
84188062,G,營運狀況,營業費用,,仟元,2016,452134
84188062,G,營運狀況,淨利,,仟元,2016,315877
09497109,G,營運狀況,營業收入,,仟元,2016,2222161
09497109,G,營運狀況,營業成本,,仟元,2016,1820987
09497109,G,營運狀況,營業費用,,仟元,2016,573121
09497109,G,營運狀況,淨利,,仟元,2016,-183828
56625344,G,營運狀況,營業收入,,仟元,2016,1918575
56625344,G,營運狀況,營業成本,,仟元,2016,990281
56625344,G,營運狀況,營業費用,,仟元,2016,456283
56625344,G,營運狀況,淨利,,仟元,2016,376331
89593343,G,營運狀況,營業收入,,仟元,2016,9569741
89593343,G,營運狀況,營業成本,,仟元,2016,5402609
89593343,G,營運狀況,營業費用,,仟元,2016,3570594
89593343,G,營運狀況,淨利,,仟元,2016,431149
21230513,G,營運狀況,營業收入,,仟元,2016,5633782
21230513,G,營運狀況,營業成本,,仟元,2016,3739993
21230513,G,營運狀況,營業費用,,仟元,2016,911420
21230513,G,營運狀況,淨利,,仟元,2016,871847
34005476,G,營運狀況,營業收入,,仟元,2016,7296933
34005476,G,營運狀況,營業成本,,仟元,2016,5388044
34005476,G,營運狀況,營業費用,,仟元,2016,714920
34005476,G,營運狀況,淨利,,仟元,2016,945827
35383165,G,營運狀況,營業收入,,仟元,2016,2273579
35383165,G,營運狀況,營業成本,,仟元,2016,1870062
35383165,G,營運狀況,營業費用,,仟元,2016,377728
35383165,G,營運狀況,淨利,,仟元,2016,1330162
12403422,G,營運狀況,營業收入,,仟元,2016,4935747
12403422,G,營運狀況,營業成本,,仟元,2016,1973171
12403422,G,營運狀況,營業費用,,仟元,2016,2022664
12403422,G,營運狀況,淨利,,仟元,2016,795533
70380046,G,營運狀況,營業收入,,仟元,2016,14471649
70380046,G,營運狀況,營業成本,,仟元,2016,11605074
70380046,G,營運狀況,營業費用,,仟元,2016,1308034
70380046,G,營運狀況,淨利,,仟元,2016,1388727
53113073,G,營運狀況,營業收入,,仟元,2016,5766362
53113073,G,營運狀況,營業成本,,仟元,2016,3886557
53113073,G,營運狀況,營業費用,,仟元,2016,1186390
53113073,G,營運狀況,淨利,,仟元,2016,582364
42461124,G,營運狀況,營業收入,,仟元,2016,1173895
42461124,G,營運狀況,營業成本,,仟元,2016,801589
42461124,G,營運狀況,營業費用,,仟元,2016,157734
42461124,G,營運狀況,淨利,,仟元,2016,147260
29069127,G,營運狀況,營業收入,,仟元,2016,899982
29069127,G,營運狀況,營業成本,,仟元,2016,697765
29069127,G,營運狀況,營業費用,,仟元,2016,151657
29069127,G,營運狀況,淨利,,仟元,2016,32289
80456781,G,營運狀況,營業收入,,仟元,2016,3130738
80456781,G,營運狀況,營業成本,,仟元,2016,2583515
80456781,G,營運狀況,營業費用,,仟元,2016,163442
80456781,G,營運狀況,淨利,,仟元,2016,318540
53687704,G,營運狀況,營業收入,,仟元,2016,31740540
53687704,G,營運狀況,營業成本,,仟元,2016,30028180
53687704,G,營運狀況,營業費用,,仟元,2016,1263593
53687704,G,營運狀況,淨利,,仟元,2016,311272
12514341,G,營運狀況,營業收入,,仟元,2016,3792375
12514341,G,營運狀況,營業成本,,仟元,2016,2161205
12514341,G,營運狀況,營業費用,,仟元,2016,861053
12514341,G,營運狀況,淨利,,仟元,2016,663132
20972349,G,營運狀況,營業收入,,仟元,2016,1404140
20972349,G,營運狀況,營業成本,,仟元,2016,1070965
20972349,G,營運狀況,營業費用,,仟元,2016,259142
20972349,G,營運狀況,淨利,,仟元,2016,66223
16081507,G,營運狀況,營業收入,,仟元,2016,18681618
16081507,G,營運狀況,營業成本,,仟元,2016,15887803
16081507,G,營運狀況,營業費用,,仟元,2016,2308052
16081507,G,營運狀況,淨利,,仟元,2016,472390
05143647,G,營運狀況,營業收入,,仟元,2016,5209967
05143647,G,營運狀況,營業成本,,仟元,2016,3659785
05143647,G,營運狀況,營業費用,,仟元,2016,771726
05143647,G,營運狀況,淨利,,仟元,2016,600188
20792640,G,營運狀況,營業收入,,仟元,2016,757963
20792640,G,營運狀況,營業成本,,仟元,2016,554011
20792640,G,營運狀況,營業費用,,仟元,2016,210553
20792640,G,營運狀況,淨利,,仟元,2016,-8255
21222725,X,相關金融商品,元大臺灣ESG永續ETF基金,,,2020,T
21222725,X,相關金融商品,國泰ESG永續高股息,,,2020,T
21222725,X,相關金融商品,富邦臺灣公司治理100基金,,,2020,T
23357403,X,相關金融商品,元大臺灣ESG永續ETF基金,,,2020,T
23357403,X,相關金融商品,永豐台灣ESG永續優質ETF基金,,,2020,T
23357403,X,相關金融商品,國泰ESG永續高股息,,,2020,T
23357403,X,相關金融商品,元大臺灣ESG永續ETF基金,,,2019,T
23357403,X,相關金融商品,永豐台灣ESG永續優質ETF基金,,,2019,T
23357403,X,相關金融商品,國泰ESG永續高股息,,,2019,T
23357403,X,相關金融商品,元大臺灣ESG永續ETF基金,,,2018,T
23357403,X,相關金融商品,永豐台灣ESG永續優質ETF基金,,,2018,T
23357403,X,相關金融商品,國泰ESG永續高股息,,,2018,T
21222725,X,相關金融商品,元大臺灣ESG永續ETF基金,,,2019,T
21222725,X,相關金融商品,國泰ESG永續高股息,,,2019,T
21222725,X,相關金融商品,富邦臺灣公司治理100基金,,,2019,T
21222725,X,相關金融商品,元大臺灣ESG永續ETF基金,,,2018,T
21222725,X,相關金融商品,國泰ESG永續高股息,,,2018,T
21222725,X,相關金融商品,富邦臺灣公司治理100基金,,,2018,T
12490306,X,相關金融商品,富邦臺灣公司治理100基金,,,2019,T
12490306,X,相關金融商品,富邦臺灣公司治理100基金,,,2018,T
20828393,X,相關金融商品,元大臺灣ESG永續ETF基金,,,2020,T
20828393,X,相關金融商品,永豐台灣ESG永續優質ETF基金,,,2020,T
20828393,X,相關金融商品,元大臺灣ESG永續ETF基金,,,2019,T
20828393,X,相關金融商品,永豐台灣ESG永續優質ETF基金,,,2019,T
20828393,X,相關金融商品,元大臺灣ESG永續ETF基金,,,2018,T
20828393,X,相關金融商品,永豐台灣ESG永續優質ETF基金,,,2018,T
04322046,X,相關金融商品,元大臺灣ESG永續ETF基金,,,2019,T
04322046,X,相關金融商品,國泰ESG永續高股息,,,2019,T
04322046,X,相關金融商品,富邦臺灣公司治理100基金,,,2019,T
04322046,X,相關金融商品,元大臺灣ESG永續ETF基金,,,2018,T
04322046,X,相關金融商品,國泰ESG永續高股息,,,2018,T
04322046,X,相關金融商品,富邦臺灣公司治理100基金,,,2018,T
23638777,X,相關金融商品,元大臺灣ESG永續ETF基金,,,2019,T
23638777,X,相關金融商品,永豐台灣ESG永續優質ETF基金,,,2019,T
23638777,X,相關金融商品,國泰ESG永續高股息,,,2019,T
23638777,X,相關金融商品,富邦臺灣公司治理100基金,,,2019,T
23638777,X,相關金融商品,元大臺灣ESG永續ETF基金,,,2018,T
23638777,X,相關金融商品,永豐台灣ESG永續優質ETF基金,,,2018,T
23638777,X,相關金融商品,國泰ESG永續高股息,,,2018,T
23638777,X,相關金融商品,富邦臺灣公司治理100基金,,,2018,T
22178368,X,相關金融商品,國泰ESG永續高股息,,,2019,T
22178368,X,相關金融商品,富邦臺灣公司治理100基金,,,2019,T
22178368,X,相關金融商品,國泰ESG永續高股息,,,2018,T
22178368,X,相關金融商品,富邦臺灣公司治理100基金,,,2018,T
22822281,X,相關金融商品,元大臺灣ESG永續ETF基金,,,2020,T
22822281,X,相關金融商品,國泰ESG永續高股息,,,2020,T
22822281,X,相關金融商品,元大臺灣ESG永續ETF基金,,,2019,T
22822281,X,相關金融商品,國泰ESG永續高股息,,,2019,T
22822281,X,相關金融商品,元大臺灣ESG永續ETF基金,,,2018,T
22822281,X,相關金融商品,國泰ESG永續高股息,,,2018,T
05155853,X,相關金融商品,元大臺灣ESG永續ETF基金,,,2019,T
05155853,X,相關金融商品,富邦臺灣公司治理100基金,,,2019,T
05155853,X,相關金融商品,元大臺灣ESG永續ETF基金,,,2018,T
05155853,X,相關金融商品,富邦臺灣公司治理100基金,,,2018,T
12490306,X,相關金融商品,富邦臺灣公司治理100基金,,,2020,T
28689155,X,相關金融商品,元大臺灣ESG永續ETF基金,,,2020,T
28689155,X,相關金融商品,永豐台灣ESG永續優質ETF基金,,,2020,T
28689155,X,相關金融商品,富邦臺灣公司治理100基金,,,2020,T
86427715,X,相關金融商品,富邦臺灣公司治理100基金,,,2020,T
05155853,X,相關金融商品,元大臺灣ESG永續ETF基金,,,2020,T
05155853,X,相關金融商品,富邦臺灣公司治理100基金,,,2020,T
04322046,X,相關金融商品,元大臺灣ESG永續ETF基金,,,2020,T
04322046,X,相關金融商品,國泰ESG永續高股息,,,2020,T
04322046,X,相關金融商品,富邦臺灣公司治理100基金,,,2020,T
22099532,X,相關金融商品,富邦臺灣公司治理100基金,,,2020,T
53677966,X,相關金融商品,富邦臺灣公司治理100基金,,,2020,T
22099532,X,相關金融商品,富邦臺灣公司治理100基金,,,2019,T
22099532,X,相關金融商品,富邦臺灣公司治理100基金,,,2018,T
86427715,X,相關金融商品,富邦臺灣公司治理100基金,,,2019,T
86427715,X,相關金融商品,富邦臺灣公司治理100基金,,,2018,T
23638777,X,相關金融商品,元大臺灣ESG永續ETF基金,,,2020,T
23638777,X,相關金融商品,永豐台灣ESG永續優質ETF基金,,,2020,T
23638777,X,相關金融商品,國泰ESG永續高股息,,,2020,T
23638777,X,相關金融商品,富邦臺灣公司治理100基金,,,2020,T
12868358,X,相關金融商品,元大臺灣ESG永續ETF基金,,,2019,T
12868358,X,相關金融商品,富邦臺灣公司治理100基金,,,2019,T
12868358,X,相關金融商品,元大臺灣ESG永續ETF基金,,,2018,T
12868358,X,相關金融商品,富邦臺灣公司治理100基金,,,2018,T
22178368,X,相關金融商品,國泰ESG永續高股息,,,2020,T
22178368,X,相關金融商品,富邦臺灣公司治理100基金,,,2020,T
53677966,X,相關金融商品,富邦臺灣公司治理100基金,,,2019,T
53677966,X,相關金融商品,富邦臺灣公司治理100基金,,,2018,T
12868358,X,相關金融商品,國泰ESG永續高股息,,,2020,T
28689155,X,相關金融商品,元大臺灣ESG永續ETF基金,,,2019,T
28689155,X,相關金融商品,永豐台灣ESG永續優質ETF基金,,,2019,T
28689155,X,相關金融商品,富邦臺灣公司治理100基金,,,2019,T
28689155,X,相關金融商品,元大臺灣ESG永續ETF基金,,,2018,T
28689155,X,相關金融商品,永豐台灣ESG永續優質ETF基金,,,2018,T
28689155,X,相關金融商品,富邦臺灣公司治理100基金,,,2018,T
70380046,X,相關金融商品,富邦臺灣公司治理100基金,,,2019,T
70380046,X,相關金融商品,富邦臺灣公司治理100基金,,,2018,T
12868358,X,相關金融商品,元大臺灣ESG永續ETF基金,,,2020,T
12868358,X,相關金融商品,富邦臺灣公司治理100基金,,,2020,T
70380046,X,相關金融商品,富邦臺灣公司治理100基金,,,2020,T
