stock_code,name,name_abbr,tax_code,parent_tax_code,amount_capital,address,ind_class_codesindustry_code,industry,company_type
6534,正瀚生技股份有限公司,正瀚,54313303,,844200000,南投縣南投市內興里文獻路８９號,,農業科技業,興櫃公司
,高冠企業股份有限公司,,61943713,,504424880,南投縣南投市平山里２４鄰自強三路１號,,,
1735,日勝化工股份有限公司,日勝化,23263551,,993880000,南投縣南投市新興里工業南二路７號,,化學工業,上市公司
,冠好科技股份有限公司,,86779099,,701180920,南投縣南投市新興里成功三路２３９號,,,
1537,廣隆光電科技股份有限公司,廣隆,23556563,,820663940,南投縣南投市永豐里南崗三路２４４號,,電機機械,上市公司
,上偉碳纖複合材料股份有限公司,,85020273,,530000000,南投縣南投市永豐里工業南六路１１號,,,
,樹億興業股份有限公司,,97750078,,619756000,南投縣南投市永豐里工業東路７號,,,
9942,茂順密封元件科技股份有限公司,茂順,61904541,,831613000,南投縣南投市永豐里工業路３３６號,,其他,上市公司
,台豐運搬設備股份有限公司,,24831737,,911748000,南投縣南投市永豐里０１１鄰自立一路５號,,,
,台灣銅箔股份有限公司,,61932639,,800000000,南投縣南投市永豐里１１鄰成功三路１５０號,,,
2114,鑫永銓股份有限公司,鑫永銓,51704734,,779917070,南投縣南投市福興里南崗三路２９４號,,橡膠工業,上市公司
,双邦實業股份有限公司,,23531297,,823608260,南投縣南投市福興里永興路３號,,,
,台灣佳美工股份有限公司,,62236300,,600000000,南投縣埔里鎮水頭里隆生路８７之１號,,,
,富成金屬科技股份有限公司,,79970965,,2000000000,南投縣竹山鎮延平里０２８鄰延平六路１號,,,
,環電股份有限公司,,24790031,,27175142020,南投縣草屯鎮上林里太平路一段３５１巷１４１號,,,
,環鴻科技股份有限公司,,28990714,,1980000000,南投縣草屯鎮上林里太平路１段３５１巷１４１號,,,
,環隆電氣股份有限公司,,61781463,,1399727400,南投縣草屯鎮上林里太平路１段３５１巷１４１號,,,
,遠東機械工業股份有限公司,,65818201,,1167310000,嘉義市東　區後湖里忠孝路７５２號,,,
,東翰不銹鋼股份有限公司,,50925956,,2400000000,嘉義縣大林鎮大美里大埔美園區三路４８號,,,
,曜智實業股份有限公司,,12617727,,500000000,嘉義縣太保市過溝里嘉太工業區中興路１１號,,,
,友良高科技紡織股份有限公司,,79838241,,500000000,嘉義縣太保市過溝里１５鄰嘉太工業區光復路１０號,,,
,台灣必成股份有限公司,,22662355,,1000000000,嘉義縣新港鄉中洋村中洋工業區２之１號,,,
,台灣蠟品股份有限公司,,22625269,,815500000,嘉義縣民雄鄉北斗村中正路１號,,,
,台灣新日化股份有限公司,,23527245,,500000000,嘉義縣民雄鄉北斗村中正路４５號,,,
,佑螢股份有限公司,,16062276,,637842430,嘉義縣民雄鄉北斗村２６鄰成功街７號,,,
,發得科技工業股份有限公司,,23985213,,523675740,嘉義縣民雄鄉福樂村中山路２６號,,,
,霖宏科技股份有限公司,,89396770,,710714900,嘉義縣民雄鄉福樂村中山路６號,,,
,東隆五金工業股份有限公司,,54160453,,1623000000,嘉義縣民雄鄉福樂村００４鄰中華路８２號,,,
1568,倉佑實業股份有限公司,倉佑,66654986,,1030865590,嘉義縣民雄鄉福樂村４鄰中山路１８號,,汽車工業,上市公司
,耐斯企業股份有限公司,,65403770,,1550595000,嘉義縣民雄鄉福樂村４鄰中山路２１號,,,
1217,愛之味股份有限公司,愛之味,65534366,,4945133360,嘉義縣民雄鄉興南村３鄰工業二路１１號,,食品工業,上市公司
,台灣第一生化科技股份有限公司,,70744139,,1326510000,嘉義縣民雄鄉興南村３鄰工業二路１２－１號,,,
,欣錩國際股份有限公司,,66549486,,1301856260,嘉義縣竹崎鄉內埔村００２鄰盛市路１４號１樓,,,
,合騏工業股份有限公司,,66338721,,724788000,嘉義縣義竹鄉龍蛟村１５鄰義工二路２號,,,
,中國端子電業股份有限公司,,04698269,,855000000,基隆市七堵區六堵里工建路１－７號,,,
,倍碟科技股份有限公司,,16847670,,600600000,基隆市七堵區工建南路２１號,,,
,昇達科技股份有限公司,,16999508,,621586620,基隆市七堵區工建路１號,,,
3533,嘉澤端子工業股份有限公司,嘉澤,22244141,,1059779000,基隆市安樂區中崙里武訓街１５號,,電子零組件業,上市公司
,興中紙業股份有限公司,,12902829,,500000000,宜蘭縣五結鄉中興村中興路３段８號,,,
,旭愛能源股份有限公司,,56609034,,1045000000,宜蘭縣五結鄉成興村利工一路二段１號２樓,,,
,福國冷凍股份有限公司,,86965586,,560000000,宜蘭縣五結鄉成興村利工一路２段５６號,,,
,山陽科技股份有限公司,,28624787,,1000000000,宜蘭縣五結鄉成興村利工二路１５號,,,
,薛長興工業股份有限公司,,41910405,,801000000,宜蘭縣五結鄉鎮安村西河一路１２８巷２７號,,,
1734,杏輝藥品工業股份有限公司,杏輝,42042734,,1677220220,宜蘭縣冬山鄉中山村中山路８４號,,生技醫療業,上市公司
,杏國新藥股份有限公司,,29118865,,1150770000,宜蘭縣冬山鄉中山村８鄰中山路８４號,,,
6753,龍德造船工業股份有限公司,龍德造船,40607762,,800000000,宜蘭縣冬山鄉大興村德興五路１５號,,航運業,興櫃公司
1342,八貫企業股份有限公司,八貫,12386676,,678453630,宜蘭縣冬山鄉大興村德興四路６號,,其他,上市公司
,新寶元鋼鐵股份有限公司,,80471489,,720000000,宜蘭縣冬山鄉東城村香中路２８６及３１０號,,,
,東山林開發事業股份有限公司,,28035584,,2179999800,宜蘭縣冬山鄉武淵村２鄰武淵一路６１號,,,
1108,幸福水泥股份有限公司,幸福,40601248,,4986460000,宜蘭縣南澳鄉東岳村蘇花路３段１０１號,,水泥工業,上市公司
,必翔電動汽車股份有限公司,,25010835,,1000000000,宜蘭縣蘇澳鎮蘇東里港區２８號,,,
,綺麗珊瑚股份有限公司,,12319086,,561500000,宜蘭縣蘇澳鎮頂寮里利工一路一段６號,,,
,佳晶科技股份有限公司,,28844282,,1248948750,宜蘭縣蘇澳鎮頂寮里頂平路２２號,,,
,羅東鋼鐵廠股份有限公司,,42010509,,1552500000,宜蘭縣蘇澳鎮龍德里德興一路５７號,,,
,大田精密工業股份有限公司,,23060009,,838000000,屏東縣內埔鄉豐田村建富路８號,,,
,大慶汽車工業股份有限公司,,22318282,,1303000000,屏東縣屏東市前進里大溪路３３５號,,,
,元昱太陽光電股份有限公司,,54974009,,600000000,屏東縣屏東市前進里大溪路３３５－１２號,,,
,富惟工業股份有限公司,,35820948,,600000000,屏東縣屏東市前進里大溪路３３５－３號,,,
,台灣本田汽車股份有限公司,,28459816,,2101000000,屏東縣屏東市前進里大溪路３３７號,,,
,瑞展動能股份有限公司,,29186321,,1706000000,屏東縣屏東市前進里經建路２５號,,,
,宏利汽車部件股份有限公司,,54614315,,1681387550,屏東縣屏東市前進里經建路３２號,,,
,明揚國際科技股份有限公司,,28288026,,509900000,屏東縣屏東市前進里經建路３８號,,,
,溢泰實業股份有限公司,,90765596,,724000000,屏東縣屏東市大洲里環東街３號,,,
,協禧電機股份有限公司,,90724033,,1100000000,屏東縣屏東市橋南里工業六路東段６號,,,
,國統國際股份有限公司,,91888619,,2480781570,屏東縣新園鄉新園村媽祖路４００號,,,
,銘榮元實業股份有限公司,,86764223,,650000000,屏東縣新園鄉新園村媽祖路４１８號,,,
,金洲海洋科技股份有限公司,,91871595,,839713990,屏東縣新園鄉港西村興安路１２號,,,
,城市發展電業股份有限公司,,82834986,,1000000000,屏東縣東港鎮共和里共和街９９－１號,,,
6582,申豐特用應材股份有限公司,申豐,85841102,,1061741410,屏東縣枋寮鄉太源村中山路三段５５號,,橡膠工業,上市公司
,虹京金屬股份有限公司,,28298045,,680000000,屏東縣枋寮鄉東海村永翔路１９號,,,
,揚泰綠能股份有限公司,,83795602,,928571340,屏東縣枋寮鄉東海村永翔路２之１２號,,,
7507,環拓科技股份有限公司,環拓科技,27695279,,1020999740,屏東縣枋寮鄉東海村永翔路２５號,,其他,興櫃公司
,兆欣化學工業股份有限公司,,16450092,,760000000,屏東縣枋寮鄉東海村精進路１號,,,
,翰德精密工業股份有限公司,,54921572,,556000000,屏東縣長治鄉德和村神農東路２２號,,,
,喬本生醫股份有限公司,,29184631,,647263870,屏東縣長治鄉德和村神農東路９號,,,
1909,榮成紙業股份有限公司,榮成,34202841,,12776857270,彰化縣二林鎮廣興里廣興巷１之１號,,造紙工業,上市公司
,羽台實業股份有限公司,,97047494,,786259360,彰化縣二水鄉裕民村南通路２段６６４巷３３號,,,
,璋釔鋼鐵廠股份有限公司,,59315006,,1203640000,彰化縣伸港鄉新港村新港路６０－２號,,,
,至興精機股份有限公司,,22794503,,756617400,彰化縣伸港鄉溪底村工八路３號,,,
2497,怡利電子工業股份有限公司,怡利電,59334664,,1500000000,彰化縣伸港鄉溪底村工東一路３７號,,汽車工業,上市公司
1474,弘裕企業股份有限公司,弘裕,58003997,,1298969690,彰化縣伸港鄉溪底村工西一路６０號,,紡織纖維,上市公司
,和勤精機股份有限公司,,86985605,,858419540,彰化縣伸港鄉溪底村興工路４０號,,,
,台鋼資源股份有限公司,,45125791,,1490000000,彰化縣伸港鄉蚵寮村彰濱西五路１８號,,,
6581,台灣鋼聯股份有限公司,鋼聯,89528054,,1112708870,彰化縣伸港鄉蚵寮村線工北一路３６號,,其他,上市公司
,總成實業股份有限公司,,22950911,,656000000,彰化縣北斗鎮光復里復興路３５０號,,,
,耀億工業股份有限公司,,59021804,,562736090,彰化縣和美鎮四張里彰美路６段３３４號,,,
2106,建大工業股份有限公司,建大,59619900,,9094100000,彰化縣員林市中央里中山路１段１４６號,,橡膠工業,上市公司
,健強高科技股份有限公司,,86122220,,1000000000,彰化縣員林市中央里柳橋路二段２０７巷８８號,,,
,富強輪胎工廠股份有限公司,,59743302,,640850000,彰化縣員林市中央里柳橋路二段２８５號,,,
,艾思妮國際股份有限公司,,84614919,,550000000,彰化縣員林市南東里員草路９２９號,,,
,松之門控設備股份有限公司,,54818401,,569240000,彰化縣員林市溝皂里０１５鄰柳橋路二段１７１號,,,
4151,明躍國際健康科技股份有限公司,明躍,70527203,,800000000,彰化縣埔心鄉瓦北村瑤鳳路１段３９８號,,生技醫療業,興櫃公司
1466,聚隆纖維股份有限公司,聚隆,22976047,,1111573200,彰化縣埔鹽鄉永樂村番金路９４號,,紡織纖維,上市公司
,耐特科技材料股份有限公司,,22911832,,648000000,彰化縣埤頭鄉興農村彰水路四段４６８巷６號,,,
2109,華豐橡膠工業股份有限公司,華豐,59760104,,2793491340,彰化縣大村鄉村上村中山路二段３００號,,橡膠工業,上市公司
,摩特動力工業股份有限公司,,97166694,,1000000000,彰化縣大村鄉福興村山腳路６６號,,,
9914,美利達工業股份有限公司,美利達,59052361,,2989838000,彰化縣大村鄉美港村美港路１１６號,,其他,上市公司
2105,正新橡膠工業股份有限公司,正新,59504506,,32414155360,彰化縣大村鄉黃厝村美港路２１５號,,橡膠工業,上市公司
1326,台灣化學纖維股份有限公司,台化,58650902,,58611862910,彰化縣彰化市中庄里中山路３段３５９號,,塑膠工業,上市公司
,欣彰天然氣股份有限公司,,59033674,,4007833600,彰化縣彰化市國聖里中山路３段７０８－３１號,,,
,佳承精工股份有限公司,,22239597,,560000000,彰化縣彰化市國聖里國聖路１７５巷１２１弄５５號,,,
2351,順德工業股份有限公司,順德,58506816,,1821402490,彰化縣彰化市大竹里彰南路２段２６０號,,半導體業,上市公司
,太宇科技股份有限公司,,82947519,,800000000,彰化縣彰化市牛埔里一德南路２６―９號,,,
1517,利奇機械工業股份有限公司,利奇,59008318,,2278250000,彰化縣彰化市石牌里１鄰石牌路１段１１２號,,電機機械,上市公司
,金豐機器工業股份有限公司,,58303609,,1685554000,彰化縣彰化市莿桐里彰水路１８６號,,,
,和泰車體製造股份有限公司,,83698593,,1000000000,彰化縣溪州鄉溪厝村００１鄰中山路二段６４６號,,,
2034,允強實業股份有限公司,允強,59068700,,4445345270,彰化縣溪州鄉舊眉村中山路四段２７０號,,鋼鐵工業,上市公司
1218,泰山企業股份有限公司,泰山,59661701,,4999990380,彰化縣田中鎮南路里興工路６號,,食品工業,上市公司
,久津實業股份有限公司,,59003799,,752724950,彰化縣福興鄉三汴村２鄰興業路１４號,,,
,健生實業股份有限公司,,58406008,,593365500,彰化縣福興鄉番婆村１鄰彰鹿路６段５０１號,,,
2231,為升電裝工業股份有限公司,為升,23219346,,1219166650,彰化縣福興鄉番婆村４鄰彰鹿路６段５４６巷６號,,汽車工業,上市公司
9935,慶豐富實業股份有限公司,慶豐富,59198197,,1696233420,彰化縣福興鄉福南村００６鄰沿海路四段３７３號,,其他,上市公司
,裕典科技股份有限公司,,80080357,,599601000,彰化縣福興鄉萬豐村福工路４號,,,
,歐利速精密工業股份有限公司,,16963163,,791000000,彰化縣福興鄉萬豐村００２鄰福工路６號,,,
9904,寶成工業股份有限公司,寶成,58711014,,29467872130,彰化縣福興鄉萬豐村４鄰福工路２號,,其他,上市公司
,台全油封工業股份有限公司,,59340949,,616000000,彰化縣福興鄉萬豐村５鄰福工路２－１號,,,
,榮輪科技股份有限公司,,22318868,,603229800,彰化縣福興鄉萬豐村６鄰興業路７號,,,
,三越紡織工業股份有限公司,,58005518,,506000000,彰化縣秀水鄉埔崙村三越街８２號,,,
,彥豪金屬工業股份有限公司,,22207032,,796000000,彰化縣秀水鄉鶴鳴村１２鄰民主街１３８號,,,
,健椿工業股份有限公司,,59362767,,585216190,彰化縣線西鄉寓埔村彰濱東七路１６號,,,
,台灣特品化學股份有限公司,,54224077,,1382365520,彰化縣線西鄉寓埔村２１鄰彰濱西三路１號,,,
3003,健和興端子股份有限公司,健和興,59276051,,1556548900,彰化縣線西鄉溝內村彰濱東三路８號,,電子零組件業,上市公司
,鴻勝化學科技股份有限公司,,13097528,,500000000,彰化縣線西鄉溝內村線工南二路３號,,,
,台泥綠能股份有限公司,,23469224,,9508986960,彰化縣線西鄉󻕯仔村彰濱東一路１１號,,,
,健信科技工業股份有限公司,,55878947,,581116860,彰化縣線西鄉󻕯仔村彰濱東一路３號,,,
,全興工業股份有限公司,,58167007,,1200000000,彰化縣花壇鄉北口村中山路２段７８９號,,,
,大通電子股份有限公司,,58033900,,700000000,彰化縣花壇鄉北口村１６鄰中山路２段７７１號,,,
,台灣密封科技股份有限公司,,90542370,,1110000000,彰化縣花壇鄉岩竹村虎山街２９１巷１９―１號,,,
,龍承精密股份有限公司,,28815821,,1118750000,彰化縣花壇鄉灣東村灣東路１２６號,,,
,宏恩塑膠股份有限公司,,86806053,,571427680,彰化縣芳苑鄉後寮村工區七路３７號,,,
1587,吉茂精密股份有限公司,吉茂,24157564,,686244490,彰化縣芳苑鄉後寮村工區路２８號,,汽車工業,上市公司
,豐溢綠能材料股份有限公司,,90732456,,600000000,彰化縣芳苑鄉永興村０２１鄰芳漢路永興段５２５號,,,
,華鉬實業股份有限公司,,16803770,,540000000,彰化縣鹿港鎮東石里工業西一路１９號,,,
,大詠城機械股份有限公司,,60256758,,504560000,彰化縣鹿港鎮東石里鹿工南六路２３號１、２樓,,,
1339,昭輝實業股份有限公司,昭輝,22078327,,741388750,彰化縣鹿港鎮東石里０２５鄰興業路８號,,汽車工業,上市公司
,漢育工業股份有限公司,,23482253,,500000000,彰化縣鹿港鎮東石里０２５鄰鹿工南五路２８號,,,
,繼茂橡膠工業股份有限公司,,22202901,,973195020,彰化縣鹿港鎮海埔里工業東四路１５號,,,
,裕笙工業股份有限公司,,86473175,,636125000,彰化縣鹿港鎮海埔里鹿工北一路１２號,,,
,萬峰科技股份有限公司,,53377546,,534800000,彰化縣鹿港鎮海埔里鹿工路１２號,,,
,晉椿工業股份有限公司,,30826319,,700000000,彰化縣鹿港鎮海埔里鹿工路２４號,,,
6605,帝寶工業股份有限公司,帝寶,59347422,,1658163000,彰化縣鹿港鎮頭南里南勢巷２０―３號,,汽車工業,上市公司
1585,鎧鉅科技股份有限公司,鎧鉅,12642444,,539500000,新北市三峽區介壽里介壽路１段４１２巷１９號,,電子零組件業,興櫃公司
,精浚科技股份有限公司,,27345409,,633418000,新北市三峽區龍埔里三樹路１６８巷４６號,,,
,臺灣金山電子工業股份有限公司,,03550210,,1294625490,新北市三重區中興里光復路１段６８巷１１弄１號,,,
,金剛鐵工廠股份有限公司,,35231007,,550000000,新北市三重區中興里興德路１３１巷１、３號,,,
,湯臣開發股份有限公司,,22351417,,525000000,新北市三重區中興里重新路５段６０９巷６－３號,,,
6606,建德工業股份有限公司,建德工業,35309102,,976237830,新北市三重區五谷里光復路１段６１巷２７號１３樓,,電機機械,興櫃公司
8374,羅昇企業股份有限公司,羅昇,12486062,,1122254870,新北市三重區五谷里光復路１段８３巷７號２樓,,電機機械,上市公司
2365,昆盈企業股份有限公司,昆盈,05141520,,2215284960,新北市三重區五谷里重新路５段４９２號１－８樓,,電腦及週邊設備業,上市公司
,東貝光電科技股份有限公司,,84412694,,4611720039,新北市三重區光復路１段８８－８號９樓,,,
,振發實業股份有限公司,,35320697,,1438000000,新北市三重區光復路２段２５號,,,
,華銧照明有限公司,,36126355,,1996000000,新北市三重區文化南路１０巷１５號,,,
2031,新光鋼鐵股份有限公司,新光鋼,35836625,,3211463410,新北市三重區福祉里重新路４段９７號２５樓,,鋼鐵工業,上市公司
,前端離岸風電設備製造股份有限公司,,25066268,,660000000,新北市三重區福祉里重新路４段９７號２５樓之１,,,
3416,融程電訊股份有限公司,融程電,96930209,,725059470,新北市三重區興德路１１１之６號９樓,,電腦及週邊設備業,上市公司
1817,凱撒衛浴股份有限公司,凱撒衛,22746550,,726000000,新北市三重區興德路１１１－８號７樓,,玻璃陶瓷,上市公司
,致振企業股份有限公司,,12375925,,608875730,新北市三重區興德路１２３－１號８樓,,,
2362,藍天電腦股份有限公司,藍天,09424319,,6422630000,新北市三重區興德路１２９號,,電腦及週邊設備業,上市公司
,康全電訊股份有限公司,,23727877,,572963270,新北市三重區重新路５段６０９巷１０號３樓之１,,,
,斯凱孚股份有限公司,,23224495,,1694750000,新北市三重區重新路５段６０９巷１０號９樓之１,,,
,華盈電子股份有限公司,,22071540,,688467780,新北市三重區重新路５段６０９巷１８號６樓,,,
,恩得利工業股份有限公司,,84584513,,745153750,新北市三重區重新路５段６０９巷８號５樓之３,,,
1213,大西洋飲料股份有限公司,大飲,35012903,,566226270,新北市三重區重陽路３段９９號１０樓,,食品工業,上市公司
6230,尼得科超眾科技股份有限公司,尼得科超眾,34005476,,863433000,新北市三重區頂崁里中興北街１８４之３號,,電腦及週邊設備業,上市公司
8072,陞泰科技股份有限公司,陞泰,97092770,,1000000000,新北市三重區頂崁里中興北街１９３―２號,,電子通路業,上市公司
2385,群光電子股份有限公司,群光,20954200,,7452927490,新北市三重區頂崁里光復路２段６９號,,電子零組件業,上市公司
6655,科定企業股份有限公司,科定,80214519,,739685000,新北市三重區頂崁里光復路２段６９號１６樓,,其他,上市公司
3447,展達通訊股份有限公司,展達,16045290,,695466200,新北市三重區頂崁里光復路２段６９號２２樓,,通信網路業,興櫃公司
,有康電子股份有限公司,,84802861,,900000000,新北市三重區頂崁里光復路２段６９號２２樓,,,
6412,群光電能科技股份有限公司,群電,24284436,,3921471840,新北市三重區頂崁里光復路２段６９號３０樓,,電子零組件業,上市公司
,台灣漢高股份有限公司,,23929515,,1259337000,新北市中和區中原里中正路８６６、８６６－１、８６６－２號１０樓、８６６－６號１２樓及８６６－６、８６６－７號１３樓,,,
,新漢股份有限公司,,86891972,,1412264720,新北市中和區中原里中正路９２０號９樓,,,
4764,雙鍵化工股份有限公司,雙鍵,84754072,,807000580,新北市中和區中原里中正路９５９號４樓,,化學工業,上市公司
,輝創電子股份有限公司,,20947969,,723570000,新北市中和區中原里中正路９５９號５樓,,,
,雷笛克光學股份有限公司,,28951775,,519558240,新北市中和區中原里板南路６５５號１５樓,,,
3450,聯鈞光電股份有限公司,聯鈞,12624467,,1456813820,新北市中和區中原里橋安街３５號１０樓,,半導體業,上市公司
2495,普安科技股份有限公司,普安,84166074,,2735515380,新北市中和區中山路３段１０２號６樓,,其他電子業,上市公司
,正興機電工程股份有限公司,,96891607,,528977490,新北市中和區中正路８０１號３樓,,,
,淇譽電子科技股份有限公司,,34395565,,600000000,新北市中和區員山路５１４巷１４弄１號１樓,,,
,台灣松下電器股份有限公司,,33385300,,3422216000,新北市中和區員山路５７９號,,,
,凡甲科技股份有限公司,,16691156,,582223790,新北市中和區員山里中山路３段１０２號３樓及３樓之１，之２，之３，之４,,,
,八達創新科技股份有限公司,,70547566,,560000000,新北市中和區員山里員山路５１２號６樓,,,
2485,兆赫電子股份有限公司,兆赫,12320400,,3176890370,新北市中和區員山里員山路５１２號７樓,,通信網路業,上市公司
3052,夆典科技開發股份有限公司,夆典,20730758,,2287135540,新北市中和區員山里新民街１１２號４樓,,建材營造,上市公司
,德州儀器工業股份有限公司,,33405832,,10316084800,新北市中和區壽南里興南路１段１４２號,,,
,磐儀科技股份有限公司,,84469443,,744217710,新北市中和區平河里中正路７００號１０樓,,,
,晶焱科技股份有限公司,,28081989,,915383310,新北市中和區平河里中正路７３６號６樓之６,,,
,志遠電子股份有限公司,,23295097,,739490000,新北市中和區平河里中正路７３８號８樓,,,
3591,艾笛森光電股份有限公司,艾笛森,12907747,,1282072780,新北市中和區平河里中正路８００號５樓,,光電業,上市公司
1513,中興電工機械股份有限公司,中興電,33029464,,4200000000,新北市中和區平河里中正路８０１號３樓,,電機機械,上市公司
,奇普仕股份有限公司,,86022783,,1315246000,新北市中和區平河里建一路１５０號１７樓,,,
6715,嘉基科技股份有限公司,嘉基,53431627,,570000000,新北市中和區平河里建一路１６６號１２樓,,電子零組件業,上市公司
2465,麗臺科技股份有限公司,麗臺,22325002,,535873010,新北市中和區平河里建一路１６６號１８樓,,電腦及週邊設備業,上市公司
4967,十銓科技股份有限公司,十銓,97418375,,1022124110,新北市中和區平河里建一路１６６號３樓,,半導體業,上市公司
6197,佳必琪國際股份有限公司,佳必琪,86701804,,1220858820,新北市中和區平河里建一路１７６號９樓,,電子零組件業,上市公司
,環天世通科技股份有限公司,,70498381,,583355960,新北市中和區平河里建一路１８６號１６樓,,,
,安勤科技股份有限公司,,70604376,,705251640,新北市中和區平河里連城路２２８號７樓,,,
3043,科風股份有限公司,科風,22485794,,1948781660,新北市中和區平河里連城路２４６號８、９樓,,其他電子業,上市公司
2466,冠西電子企業股份有限公司,冠西電,34348590,,1614716170,新北市中和區平河里連城路２５８號１１樓,,光電業,上市公司
,威剛科技股份有限公司,,12861019,,2614824150,新北市中和區平河里連城路２５８號１８樓,,,
3054,立萬利創新股份有限公司,立萬利,86143822,,834110410,新北市中和區平河里連城路２５８號４樓,,半導體業,上市公司
,巨虹電子股份有限公司,,84630087,,670944330,新北市中和區平河里連城路２５８號９樓之１,,,
,英屬維京群島商承恭科技有限公司臺灣分公司,,28978486,,741250000,新北市中和區平河里００１鄰建康路１０號四樓,,,
6414,樺漢科技股份有限公司,樺漢,70380046,,1066920190,新北市中和區平河里００１鄰建康路１０號３樓至６樓,,電腦及週邊設備業,上市公司
6226,光鼎電子股份有限公司,光鼎,22601800,,1160762890,新北市中和區平河里００１鄰建康路８號１１樓,,光電業,上市公司
,及成企業股份有限公司,,33724081,,1092763210,新北市中和區建二路１１１號,,,
3550,聯穎科技股份有限公司,聯穎,22488639,,850000000,新北市中和區建八路１６號４樓,,電子零組件業,上市公司
,亞旭電腦股份有限公司,,23475561,,4800000000,新北市中和區建康路１１９號１０樓,,,
,西柏科技股份有限公司,,23975263,,567871420,新北市中和區建康路１３０號４樓之１０、４樓之１１,,,
,鈺緯科技開發股份有限公司,,89376900,,617590890,新北市中和區碧河里中山路２段３５１號９樓,,,
3296,勝德國際研發股份有限公司,勝德,12702977,,1121164000,新北市中和區碧河里中山路２段４０７號１０樓,,電子零組件業,上市公司
2417,圓剛科技股份有限公司,圓剛,23611974,,1543138640,新北市中和區碧河里建一路１３５號,,電腦及週邊設備業,上市公司
,佳得股份有限公司,,23861037,,688604190,新北市中和區碧河里建康路１５６號８樓,,,
1582,信錦企業股份有限公司,信錦,35966577,,1237241710,新北市中和區碧河里建康路１６８號９樓,,電子零組件業,上市公司
2377,微星科技股份有限公司,微星,22178368,,8448561000,新北市中和區立德街６９號,,電腦及週邊設備業,上市公司
,由田新技股份有限公司,,86710418,,598507500,新北市中和區連城路２６８號１０樓之１,,,
2489,瑞軒科技股份有限公司,瑞軒,84929896,,7600000000,新北市中和區連城路２６８號１７樓,,光電業,上市公司
,英華達股份有限公司,,70772036,,5368572000,新北市五股區五工五路３７號,,,
,頂記食品股份有限公司,,05174211,,868057000,新北市五股區五工路１４４號,,,
,明緯企業股份有限公司,,34491075,,1500000000,新北市五股區五權三路２８號１至４樓,,,
,滿心企業股份有限公司,,12498877,,546268780,新北市五股區五權六路１８號,,,
,益睿科技股份有限公司,,36025531,,500000000,新北市五股區成泰里成泰路３段６號,,,
8045,達運光電股份有限公司,達運光電,86880449,,815208150,新北市五股區新北產業園區五工六路４１號,,通信網路業,興櫃公司
,開富工業股份有限公司,,35007802,,5450501000,新北市五股區福德里１２鄰登林路８４號,,,
,偉創力股份有限公司,,23465424,,509398000,新北市五股區興珍里中興路１段６號５樓,,,
,賽亞基因科技股份有限公司,,53201266,,598058800,新北市五股區興珍里中興路１段６號７樓,,,
,銘旺實業股份有限公司,,22069170,,505890000,新北市五股區興珍里中興路１段６號９樓之５,,,
,福爾聯合股份有限公司,,54054832,,670000000,新北市五股區興珍里五工二路１２７號,,,
,泰博科技股份有限公司,,16584326,,928235630,新北市五股區興珍里五工二路１２７號６樓,,,
,萬旭電業股份有限公司,,22522622,,725798980,新北市五股區興珍里五工六路７２號３樓,,,
,鈊象電子股份有限公司,,23519738,,704503900,新北市五股區興珍里五工路１３０號,,,
,聯友機電股份有限公司,,97173702,,710384230,新北市五股區興珍里五工路１４９號７樓,,,
,精碟科技股份有限公司,,23826861,,12763560000,新北市五股區興珍里五權七路１３號４樓,,,
1471,首利實業股份有限公司,首利,07699023,,1504145360,新北市五股區興珍里五權七路１８號１至３樓,,電子零組件業,上市公司
,崑洲實業股份有限公司,,12948867,,1080000000,新北市五股區興珍里五權七路３９號,,,
,先鋒材料科技股份有限公司,,28891448,,1200234750,新北市五股區興珍里五權二路１１號１樓,,,
4720,德淵企業股份有限公司,德淵,04465521,,979327870,新北市五股區興珍里五權六路９號３樓,,化學工業,上市公司
2072,世紀離岸風電設備股份有限公司,世紀風電,69651695,,1000000000,新北市八里區下罟里００５鄰中山路３段３８８－５號,,鋼鐵工業,興櫃公司
,力肯實業股份有限公司,,36253534,,515008000,新北市八里區博物館路８１號１丶２丶３丶４樓,,,
,崴強科技股份有限公司,,97178299,,1649939740,新北市土城區中央路４段４９號,,,
2392,正崴精密工業股份有限公司,正崴,22223510,,5123269400,新北市土城區中山路１８號,,電子零組件業,上市公司
,新美光股份有限公司,,07450418,,600000000,新北市土城區中山路５６號,,,
2423,固緯電子實業股份有限公司,固緯,04735004,,1450472890,新北市土城區中興路７－１號１樓,,其他電子業,上市公司
,欣泰石油氣股份有限公司,,22000004,,1478658720,新北市土城區員仁里中華路２段２２１號,,,
8114,振樺電子股份有限公司,振樺電,12514341,,1060749190,新北市土城區大同街２３號４～８樓,,電腦及週邊設備業,上市公司
,國際精工股份有限公司,,53705007,,541527100,新北市土城區大安里忠承路１０１號１樓,,,
,松上電子股份有限公司,,22944019,,805346090,新北市土城區大安里忠承路１１７號４樓,,,
,寰永科技股份有限公司,,28112316,,650000000,新北市土城區大安里忠承路１２１號３樓,,,
8271,宇瞻科技股份有限公司,宇瞻,97444368,,1018243460,新北市土城區大安里９鄰忠承路３２號,,半導體業,上市公司
,美喆國際企業股份有限公司,,30974752,,600000000,新北市土城區大暖路１２４，１２６號,,,
,興毅精密工業有限公司,,34411241,,6000000000,新北市土城區慶祥街１０８號,,,
,永豐紙業股份有限公司,,38019423,,785600000,新北市土城區日和里中央路１段３６５巷７號６樓及１樓,,,
,新加坡商鴻運科股份有限公司台灣分公司,,56680850,,605349000,新北市土城區民生街４號,,,
3669,圓展科技股份有限公司,圓展,28428722,,982369000,新北市土城區永寧里大安路１５７號８樓,,通信網路業,上市公司
2354,鴻準精密工業股份有限公司,鴻準,23707801,,14144851920,新北市土城區沛陂里中山路３之２號,,其他電子業,上市公司
2367,燿華電子股份有限公司,燿華,05637971,,6194071750,新北市土城區沛陂里中山路４巷３號,,電子零組件業,上市公司
2317,鴻海精密工業股份有限公司,鴻海,04541302,,138629906090,新北市土城區沛陂里中山路６６號,,其他電子業,上市公司
2302,麗正國際科技股份有限公司,麗正,04982433,,1663028810,新北市土城區沛陂里中山路７１號１樓,,半導體業,上市公司
,統一超食代股份有限公司,,16791845,,539109000,新北市土城區沛陂里中興路１６號,,,
,群邁通訊股份有限公司,,12781472,,1500000000,新北市土城區沛陂里民生街４號,,,
,幃翔精密股份有限公司,,22906009,,1498675310,新北市土城區沛陂里自強街１１巷１號３樓,,,
,佶優科技股份有限公司,,86266274,,1487636690,新北市土城區沛陂里自強街８號,,,
2482,連宇股份有限公司,連宇,38430938,,620725000,新北市土城區自強街１５巷１，３號１樓,,其他電子業,上市公司
,英濟股份有限公司,,86362776,,1320159190,新北市土城區自強街５號１樓,,,
2390,云辰電子開發股份有限公司,云辰,34412092,,2140216020,新北市土城區裕生里中華路１段５０號３樓,,其他電子業,上市公司
,家登精密工業股份有限公司,,16406379,,840972700,新北市土城區頂埔里中央路四段２號９樓之５,,,
,大瓏企業股份有限公司,,65445701,,500000000,新北市土城區頂埔里中央路四段５１號１２樓之９,,,
6806,森崴能源股份有限公司,森崴能源,28653781,,1465000000,新北市土城區頂埔里中央路４段４９號,,其他,上市公司
,富崴能源股份有限公司,,54165289,,839000000,新北市土城區頂埔里中央路４段４９號,,,
,勁永國際股份有限公司,,16294733,,4446905290,新北市土城區頂埔里中央路４段４９號８樓,,,
,瑞豐應用材料科技股份有限公司,,89599352,,806666600,新北市土城區頂埔里中央路４段５１號５樓之１１,,,
,鼎創達股份有限公司,,04679663,,3269624360,新北市土城區頂埔里中央路４段５１號８樓之３,,,
3090,日電貿股份有限公司,日電貿,84116878,,1786571500,新北市新店區中正路四維巷１弄４號１樓,,電子零組件業,上市公司
,弘訊科技股份有限公司,,12508116,,700000000,新北市新店區中正路５２９號９樓,,,
2450,神腦國際企業股份有限公司,神腦,12228473,,2582526570,新北市新店區中正路５３１號２樓,,通信網路業,上市公司
,鼎新電腦股份有限公司,,28682266,,763689880,新北市新店區中興路１段２２２號１－１３樓,,,
3027,盛達電業股份有限公司,盛達,33659498,,988563110,新北市新店區中興路２段１９２號８樓,,通信網路業,上市公司
,康軒文教事業股份有限公司,,23142092,,892908060,新北市新店區中興路２段２１８巷１１號,,,
2328,廣宇科技股份有限公司,廣宇,03546618,,5183462820,新北市新店區安和里安興路９７號,,電子零組件業,上市公司
,中央印製廠,,38011301,,1400000000,新北市新店區安康路３段２３５號,,,
,東碩資訊股份有限公司,,84126144,,546143020,新北市新店區寶橋路２３５巷１３１號３樓之４,,,
,穎瑞科技股份有限公司,,28726089,,900000000,新北市新店區寶福里中興路２段１８６號２樓,,,
,堃昶股份有限公司,,16436439,,1217291000,新北市新店區寶福里寶中路９２號１０樓,,,
3694,海華科技股份有限公司,海華,27667787,,1534418080,新北市新店區寶福里寶中路９４號８樓,,通信網路業,上市公司
,中華彩色印刷股份有限公司,,03097801,,662486000,新北市新店區寶福里寶橋路２２９號,,,
3097,拍檔科技股份有限公司,拍檔,23622986,,750856050,新北市新店區寶福里寶橋路２３３―１號１０樓,,電腦及週邊設備業,興櫃公司
,普誠科技股份有限公司,,22050539,,1809436750,新北市新店區寶福里寶橋路２３３之１號２樓,,,
,台灣通用器材股份有限公司,,38119936,,3194600625,新北市新店區寶福里寶橋路２３３號,,,
2327,國巨股份有限公司,國巨,22636630,,4959188570,新北市新店區寶福里寶橋路２３３－１號３樓及２３３－２號３樓,,電子零組件業,上市公司
,旭泰新股份有限公司,,86124971,,1110500000,新北市新店區寶福里寶橋路２３５巷１弄２號,,,
,亞元科技股份有限公司,,23727428,,594004140,新北市新店區寶福里寶橋路２３５巷１３５號２樓,,,
6579,研揚科技股份有限公司,研揚,53113073,,1484984680,新北市新店區寶福里寶橋路２３５巷１３５號５樓,,電腦及週邊設備業,上市公司
,精聯電子股份有限公司,,28913512,,750975000,新北市新店區寶福里寶橋路２３５巷１３６號５樓,,,
3058,立德電子股份有限公司,立德,38019280,,1715193510,新北市新店區寶福里寶橋路２３５巷１３８號８樓,,電子零組件業,上市公司
,鋰科科技股份有限公司,,70598895,,1243260000,新北市新店區寶福里寶橋路７８巷１７號９樓,,,
1236,宏亞食品股份有限公司,宏亞,34106066,,1083425100,新北市新店區寶福里寶興路４５巷８弄３號５樓,,食品工業,上市公司
3011,今晧實業股份有限公司,今皓,20950226,,1127192000,新北市新店區寶福里寶興路５３號,,電子零組件業,上市公司
,華創車電技術中心股份有限公司,,27932239,,13436001200,新北市新店區寶興里中興路３段３號２樓,,,
,裕富數位資融股份有限公司,,80659759,,1598764500,新北市新店區寶興里中興路３段３號２樓,,,
,鴻華先進科技股份有限公司,,83167722,,15576000000,新北市新店區寶興里中興路３段３號２樓,,,
2376,技嘉科技股份有限公司,技嘉,22044755,,6356888860,新北市新店區寶興里寶強路６號５樓,,電腦及週邊設備業,上市公司
,鵬鼎科技股份有限公司,,66406662,,1525000000,新北市新店區寶興里寶強路８號８樓,,,
8115,帝聞企業股份有限公司,帝聞,11491382,,700000000,新北市新店區寶高路５號,,電子零組件業,興櫃公司
,菲凡能源科技股份有限公司,,27961992,,586702910,新北市新店區復興里中正路５０１―１２號２樓,,,
6756,威鋒電子股份有限公司,威鋒電子,29125676,,675000000,新北市新店區復興里中正路５２９―１號７樓,,半導體業,上市公司
6164,華興電子工業股份有限公司,華興,34168978,,1000002390,新北市新店區復興里中正路５４２―５號５樓,,光電業,上市公司
,台灣半導體股份有限公司,,34286449,,2634854860,新北市新店區復興里北新路３段２０５號１１樓,,,
,創惟科技股份有限公司,,97435451,,902791840,新北市新店區復興里北新路３段２０５號１３樓,,,
5258,虹堡科技股份有限公司,虹堡,84188062,,895425790,新北市新店區復興里北新路３段２０７―５號６樓,,電腦及週邊設備業,上市公司
,莎美娜實業股份有限公司,,04301491,,600000000,新北市新店區復興里北新路３段２０７―５號９樓,,,
,花王（台灣）股份有限公司,,38099093,,597300000,新北市新店區復興里北新路３段２０７號１０樓,,,
,方略電子股份有限公司,,90716717,,550000000,新北市新店區復興里北新路３段２０７號１５樓,,,
,捷波資訊股份有限公司,,22178466,,749833030,新北市新店區復興里北新路３段２０７號９樓,,,
,江陵機電股份有限公司,,22632590,,2795000000,新北市新店區復興里北新路３段２１３號１６樓,,,
3494,誠研科技股份有限公司,誠研,70801588,,1200000000,新北市新店區復興里北新路３段２１３號９樓,,電腦及週邊設備業,上市公司
,合勤科技股份有限公司,,22099505,,724500000,新北市新店區復興里北新路３段２２３號１１樓,,,
,生華生物科技股份有限公司,,54021973,,897436200,新北市新店區復興里北新路３段２２５號１０樓,,,
6443,元晶太陽能科技股份有限公司,元晶,28997300,,4716914660,新北市新店區復興里北新路３段２２５號８樓,,光電業,上市公司
,凌耀科技股份有限公司,,54729132,,5285583920,新北市新店區復興里復興路４３號６樓,,,
,實英實業股份有限公司,,22163956,,538516880,新北市新店區復興里民權路１００號１３樓,,,
,衛利生物科技股份有限公司,,80516303,,608612000,新北市新店區復興里民權路１０８―１號７樓,,,
2425,承啓科技股份有限公司,承啟,22332192,,1014988310,新北市新店區復興里民權路４８―３號３樓,,電腦及週邊設備業,上市公司
2420,新巨企業股份有限公司,新巨,20970807,,1526486880,新北市新店區復興里民權路５０號１０樓,,電子零組件業,上市公司
,台灣達爾科技股份有限公司,,85057587,,17788841870,新北市新店區復興里民權路５０號７樓,,,
2399,映泰股份有限公司,映泰,23826200,,1781000000,新北市新店區民權路１０８之２號２樓,,電腦及週邊設備業,上市公司
,天宇工業股份有限公司,,38426929,,587232300,新北市新店區民權路１３０巷８號５樓,,,
,普萊德科技股份有限公司,,84117341,,625009640,新北市新店區民權路９６號１０樓,,,
,新碩先進化工股份有限公司,,90690694,,500000000,新北市新店區福民里中央路１５５號７樓之２,,,
8210,勤誠興業股份有限公司,勤誠,05143647,,1207884500,新北市新莊區中原里中原路５５８號１８樓,,電腦及週邊設備業,上市公司
2374,佳能企業股份有限公司,佳能,11394902,,2877213120,新北市新莊區中原里中環路三段２００號十八樓,,光電業,上市公司
,四零四科技股份有限公司,,22717605,,914737160,新北市新莊區中原里新北大道４段３號１３樓,,,
,西勝國際股份有限公司,,96969724,,980770370,新北市新莊區中正路６６３，６６５號５樓,,,
,信昌機械廠股份有限公司,,35282407,,1268217500,新北市新莊區中正路６７號,,,
,兆利科技工業股份有限公司,,27393491,,601213980,新北市新莊區五工五路１３號,,,
2486,一詮精密工業股份有限公司,一詮,35866232,,2219585790,新北市新莊區五工五路１７號,,光電業,上市公司
8011,台通光電股份有限公司,台通,12362365,,1485554500,新北市新莊區五權三路１２巷３號,,通信網路業,上市公司
6407,相互股份有限公司,相互,23810592,,550000000,新北市新莊區化成路１９５巷２５號,,電子零組件業,興櫃公司
,新泰工業股份有限公司,,35465807,,534441000,新北市新莊區化成路５號,,,
3679,新至陞科技股份有限公司,新至陞,36011776,,626712290,新北市新莊區化成里化成路１１巷３６號附編二樓至六樓、地下一層,,電子零組件業,上市公司
2032,新鋼工業股份有限公司,新鋼,34008635,,1305215000,新北市新莊區大安路８號,,鋼鐵工業,上市公司
,合發興業股份有限公司,,04384112,,623185000,新北市新莊區昌平里中山路１段１０７號１６樓之８,,,
,同協電子股份有限公司,,33701355,,587781300,新北市新莊區民安路４２９巷１號,,,
,天明製藥股份有限公司,,81002274,,858830090,新北市新莊區福基里００９鄰新北大道２段２１７號１３樓,,,
,春保森拉天時鎢鋼合金股份有限公司,,12246401,,598000000,新北市新莊區福基里００９鄰新北大道２段２１７號３樓,,,
,台翰精密科技股份有限公司,,22589593,,627532300,新北市新莊區福興里五權一路９號５樓之１,,,
,雙鴻科技股份有限公司,,16619628,,883940920,新北市新莊區福興里五權三路６號３樓,,,
3031,佰鴻工業股份有限公司,佰鴻,34452164,,1966742000,新北市板橋區和平路１９號２至３樓,,光電業,上市公司
,中國探針股份有限公司,,22059031,,660476850,新北市板橋區和平路２４巷８號４樓,,,
,口袋移動科技股份有限公司,,27988303,,649104490,新北市板橋區四川路２段１６巷５號７樓,,,
,東隆興業股份有限公司,,18770509,,1202862000,新北市板橋區富貴里三民路２段３１號１９樓,,,
,南旭電力股份有限公司,,42963490,,625850000,新北市板橋區幸福里新海路１３７號（２樓）,,,
,農金資訊股份有限公司,,24817398,,550000000,新北市板橋區挹秀里縣民大道一段２９１號６樓、７樓及８樓,,,
3040,遠見科技股份有限公司,遠見,22050221,,630000000,新北市板橋區江翠里文化路２段２８７號３５樓,,其他,上市公司
1904,正隆股份有限公司,正隆,33085508,,11082745220,新北市板橋區海山里民生路１段１號,,造紙工業,上市公司
,江華投資股份有限公司,,42611209,,1080000000,新北市板橋區鄉雲里四川路２段１６巷１０號（１樓）,,,
,雄獅鉛筆廠股份有限公司,,11708100,,597000000,新北市板橋區長安里中山路１段１８６號,,,
2241,艾姆勒車電股份有限公司,艾姆勒,53418357,,748123060,新北市林口區中湖里文化三路二段４５５號１０樓,,汽車工業,上市公司
,德凱認證股份有限公司,,54737604,,700000000,新北市林口區中湖里文林街７５巷６號,,,
,睿亞投資開發有限公司,,50853968,,500000000,新北市林口區南勢里文化北路１段６０巷１０號９樓,,,
2467,志聖工業股份有限公司,志聖,07618057,,1521896590,新北市林口區工八路２之１號,,電子零組件業,上市公司
,英屬維京群島商祥茂光電科技股份有限公司台灣分公司,,28410552,,2239696280,新北市林口區東林里４鄰工四路１８號,,,
,伸泰國際股份有限公司,,12738855,,800000000,新北市林口區湖南里文化三路二段３３３號９樓,,,
,龍生工業股份有限公司,,76025369,,714600540,新北市樹林區三福里忠義街２４號,,,
8021,尖點科技股份有限公司,尖點,96912835,,1421804670,新北市樹林區佳園路３段２０３號,,其他電子業,上市公司
3376,新日興股份有限公司,新日興,35424073,,1924853460,新北市樹林區俊英街１７４號,,電子零組件業,上市公司
6108,競國實業股份有限公司,競國,36084833,,1598993000,新北市樹林區俊英街８４巷６號,,電子零組件業,上市公司
2393,億光電子工業股份有限公司,億光,34516147,,4433930860,新北市樹林區和平里中華路６－８號,,光電業,上市公司
,巨輪興業股份有限公司,,23677285,,550000000,新北市樹林區坡內里大安路５０２號８樓之１,,,
,承德油脂股份有限公司,,22051761,,700000000,新北市樹林區東山里中山路２段２４９巷２９―１號,,,
1762,中化合成生技股份有限公司,中化生,03088704,,775600000,新北市樹林區東山里東興街１號,,生技醫療業,上市公司
,立碁電子工業股份有限公司,,23378792,,1091022230,新北市樹林區樹東里博愛街２３８號,,,
,瑞傳科技股份有限公司,,84153795,,983105670,新北市樹林區樹東里博愛街２４２號１０樓,,,
6416,瑞祺電通股份有限公司,瑞祺電通,28488592,,731888750,新北市樹林區樹東里博愛街２４２號８樓,,通信網路業,上市公司
6153,嘉聯益科技股份有限公司,嘉聯益,86980046,,5561776940,新北市樹林區樹東里博愛街２４８號,,電子零組件業,上市公司
,金元福包裝企業股份有限公司,,34227006,,817600000,新北市樹林區金寮里中正路３４５之１６號,,,
,泰藝電子股份有限公司,,70540563,,683337650,新北市樹林區金寮里樹潭街５號,,,
4540,全球傳動科技股份有限公司,全球傳動,29168533,,941780000,新北市樹林區󿾵寮里三多路１２３號,,電機機械,上市公司
,寶得利國際股份有限公司,,30866141,,983281550,新北市永和區中興里竹林路６０號２樓,,,
,胡連精密股份有限公司,,20759430,,996547070,新北市汐止區中興里環河街６８號,,,
6205,詮欣股份有限公司,詮欣,22115625,,720401950,新北市汐止區保安里大同路３段１８８號７樓之２,,電子零組件業,上市公司
,台康生技股份有限公司,,54150737,,3004476300,新北市汐止區北山里康寧街１６９巷１０１號,,,
4999,鑫禾科技股份有限公司,鑫禾,13012009,,744172000,新北市汐止區北山里康寧街１６９巷２７―１號,,電子零組件業,上市公司
,精華光學股份有限公司,,22195654,,504165000,新北市汐止區大同路１段２７６之２號４樓,,,
,立端科技股份有限公司,,22327466,,1170034380,新北市汐止區大同路２段１７３號７樓,,,
,能率網通股份有限公司,,84415355,,518542830,新北市汐止區康寧街１６９巷２７號１３樓之１,,,
,東友科技股份有限公司,,16091527,,1125365000,新北市汐止區復興里新台五路一段７９號６樓之６,,,
2375,凱美電機股份有限公司,凱美,34230543,,1358441680,新北市汐止區復興里新台五路一段８１號１３樓,,電子零組件業,上市公司
3168,眾福科技股份有限公司,眾福科,16274722,,693996490,新北市汐止區復興里新台五路一段９３號三十樓,,光電業,興櫃公司
,其陽科技股份有限公司,,12658515,,585291000,新北市汐止區復興里新台五路一段９７號三十二樓,,,
,李洲科技股份有限公司,,04541794,,830706120,新北市汐止區復興里新台五路一段９７號二十七樓,,,
6737,秀育企業股份有限公司,秀育,59244777,,600504000,新北市汐止區復興里新台五路一段９７號十八樓,,電腦及週邊設備業,興櫃公司
2397,友通資訊股份有限公司,友通,30950652,,1146888570,新北市汐止區復興里新台五路一段９７號十樓,,電腦及週邊設備業,上市公司
,創祐生技股份有限公司,,54368019,,688880000,新北市汐止區復興里新台五路一段９９號九樓之９,,,
6808,三鼎生物科技股份有限公司,三鼎生技,24782320,,539700000,新北市汐止區復興里新台五路一段９９號二十一樓之３,,生技醫療業,興櫃公司
6575,心悅生醫股份有限公司,心悅,54179072,,1208794920,新北市汐止區復興里新台五路一段９９號二十樓之１０,,生技醫療業,興櫃公司
,艾訊股份有限公司,,23718011,,884828650,新北市汐止區文化里南興路５５號八樓,,,
,宗盈國際科技股份有限公司,,80619413,,593489010,新北市汐止區文化里新台五路一段９４號２６樓,,,
,華電聯網股份有限公司,,84778623,,1250885260,新北市汐止區文化里新台五路１段１０８號１１樓,,,
,晶采光電科技股份有限公司,,16440433,,1182798080,新北市汐止區文化里新台五路１段１１６號４樓,,,
6669,緯穎科技服務股份有限公司,緯穎,53687704,,1748407910,新北市汐止區文化里新台五路１段９０號８樓,,電腦及週邊設備業,上市公司
4566,時碩工業股份有限公司,時碩工業,24262159,,716483040,新北市汐止區文化里新台五路１段９４號１５樓,,電機機械,上市公司
,亞通利大能源股份有限公司,,89491275,,881467310,新北市汐止區文化里新台五路１段９６號２２樓,,,
,伍豐科技股份有限公司,,89961466,,2775315380,新北市汐止區新臺五路１段７５號１０樓,,,
,三顧股份有限公司,,16657495,,680160450,新北市汐止區新臺五路１段７５號１４樓之３,,,
8119,公信電子股份有限公司,公信,20972349,,636215990,新北市汐止區新臺五路１段７５號３樓之２,,電腦及週邊設備業,興櫃公司
,倍微科技股份有限公司,,86882278,,721457590,新北市汐止區新臺五路１段７５號５樓，５樓之１，之,,,
,建舜電子製造股份有限公司,,34145259,,1046858330,新北市汐止區新臺五路１段７９號１９樓,,,
2228,劍麟股份有限公司,劍麟,04359789,,717050400,新北市汐止區新臺五路１段９８號１９樓,,汽車工業,上市公司
6277,宏正自動科技股份有限公司,宏正,12403422,,1194711000,新北市汐止區智慧里大同路２段１２５號３樓,,電腦及週邊設備業,上市公司
,同星科技股份有限公司,,54046101,,539210000,新北市汐止區智慧里大同路２段１５５號１０樓,,,
,威聯通科技股份有限公司,,80682695,,1390860000,新北市汐止區樟樹里中興路２２號２樓,,,
3022,威強電工業電腦股份有限公司,威強電,97445303,,1772897900,新北市汐止區樟樹里中興路２９號,,電腦及週邊設備業,上市公司
6272,驊陞科技股份有限公司,驊陞,23610975,,666639480,新北市汐止區樟樹里大同路一段２３７號１５樓之１,,電子零組件業,興櫃公司
,亞東預拌混凝土股份有限公司,,73641592,,2000000000,新北市汐止區樟樹里大同路１段１３９號,,,
,尼克森微電子股份有限公司,,16752651,,612515000,新北市汐止區樟樹里工建路３６８號１２樓,,,
,台灣國際航電股份有限公司,,23527104,,7794884000,新北市汐止區樟樹里樟樹二路６８號６樓,,,
,神基科技股份有限公司,,80193872,,1234340000,新北市汐止區環河里南陽街２０９號７樓,,,
,康揚企業股份有限公司,,22604412,,970000000,新北市汐止區環河里環河街１８７號,,,
2408,南亞科技股份有限公司,南亞科,89390656,,30968748940,新北市泰山區大科里南林路９８號,,半導體業,上市公司
8103,瀚荃股份有限公司,瀚荃,23632274,,789534130,新北市淡水區中正東路１段３巷９號９樓,,電子零組件業,上市公司
2753,八方雲集國際股份有限公司,八方雲集,70472679,,660447960,新北市淡水區中正東路２段２７號１８樓,,觀光事業,上市公司
,志豐電子股份有限公司,,31109687,,589166210,新北市淡水區中正東路２段６９之１１號９樓,,,
3311,閎暉實業股份有限公司,閎暉,12956063,,600000000,新北市淡水區奎柔山路７３號,,通信網路業,上市公司
,台康日能科技股份有限公司,,50982962,,600000000,新北市淡水區淡金路３段１５９號,,,
,茂迪股份有限公司,,20889546,,3550418750,新北市深坑區萬福里北深路３段２４８號６樓,,,
6133,金橋科技股份有限公司,金橋,04865462,,1170062940,新北市深坑區萬福里北深路３段２７０巷６號３樓,,電子零組件業,上市公司
5484,慧友電子股份有限公司,慧友,89639615,,534010000,新北市深坑區萬福里北深路３段２７０巷８號２樓,,光電業,上市公司
,凱碩科技股份有限公司,,16631735,,1886180000,新北市深坑區萬順里北深路３段１４１巷１４號,,,
,凱亞食品股份有限公司,,50906114,,600000000,新北市瑞芳區傑魚里頂坪路瑞芳工業區１２９號,,,
,虎山實業股份有限公司,,34556891,,700000000,新北市瑞芳區傑魚里頂坪路瑞芳工業區４號,,,
,廣運機械工程股份有限公司,,04757891,,2490111500,新北市瑞芳區傑魚里頂坪路瑞芳工業區６９號１樓,,,
,功學社教育用品股份有限公司,,35035758,,1369500000,新北市蘆洲區中華里中山二路１６２號１０樓,,,
1560,中國砂輪企業股份有限公司,中砂,03089008,,1417780000,新北市鶯歌區西鶯里中山路６４號,,電機機械,上市公司
,九暘電子股份有限公司,,16069953,,688990740,新竹市東　區光復路二段２巷４７號１０樓之１,,,
3055,蔚華科技股份有限公司,蔚華科,22729784,,1187419180,新竹市東　區光復里水源街９５號,,電子通路業,上市公司
,欣傳投資股份有限公司,,96866240,,530000000,新竹市東　區光復里２７鄰水源街９３號１３樓之１,,,
2449,京元電子股份有限公司,京元電子,22507241,,12227450650,新竹市東　區公道五路二段８１號,,半導體業,上市公司
6533,晶心科技股份有限公司,晶心科,27638046,,506509110,新竹市東　區力行一路１號三樓Ａ１－４,,半導體業,上市公司
,新加坡商英特格股份有限公司台灣分公司,,90717722,,1315000000,新竹市東　區千甲里水利路８１號４樓之７,,,
,旭揚控股股份有限公司,,28938181,,689800000,新竹市東　區千甲里水利路８１號７樓之１６,,,
,久元電子股份有限公司,,86244737,,1284979890,新竹市東　區埔頂路９９巷１７弄１３號,,,
,日商三菱化學工程股份有限公司台灣日立化成三期工程事務所,,82323746,,1405000000,新竹市東　區埔頂里埔頂路１８號５樓,,,
,興泰能源投資股份有限公司,,85112575,,635000000,新竹市東　區埔頂里慈雲路１１８號９樓之８,,,
,思達科技股份有限公司,,12606952,,634297910,新竹市東　區埔頂里２鄰公道五路二段１０１號２樓之１,,,
2363,矽統科技股份有限公司,矽統,22099202,,6814448700,新竹市東　區建功里公道五路２段１８０號,,半導體業,上市公司
3443,創意電子股份有限公司,創意,16299879,,1340119000,新竹市東　區新竹市科學園區力行六路１０號,,半導體業,上市公司
3094,聯傑國際股份有限公司,聯傑,84149759,,846320890,新竹市東　區新竹市科學園區力行六路６號,,半導體業,上市公司
6202,盛群半導體股份有限公司,盛群,16130330,,2261682000,新竹市東　區新竹市科學園區研新二路３號,,半導體業,上市公司
,和喬科技股份有限公司,,22099646,,4892052000,新竹市東　區新竹市科學園區科技五路８號,,,
,元太科技工業股份有限公司,,22099890,,11404677150,新竹市東　區新竹科學園區力行一路３號,,,
3059,華晶科技股份有限公司,華晶科,97307625,,2792011250,新竹市東　區新竹科學工業園區力行路１２號,,光電業,上市公司
,金麗科技股份有限公司,,16200855,,677927050,新竹市東　區新竹科學工業園區力行路２－１號６樓之１,,,
,上詮光纖通信股份有限公司,,84149462,,876921830,新竹市東　區新竹科學工業園區展業二路１８號,,,
2342,台灣茂矽電子股份有限公司,茂矽,22099110,,1561567440,新竹市東　區新竹科學工業園區研新一路１號,,半導體業,上市公司
2321,東訊股份有限公司,東訊,47224065,,945997770,新竹市東　區新竹科學工業園區研發二路２３號,,通信網路業,上市公司
2464,盟立自動化股份有限公司,盟立,22099478,,1955312260,新竹市東　區新竹科學工業園區研發二路３號,,其他電子業,上市公司
,鈺創科技股份有限公司,,22099694,,2698693470,新竹市東　區新竹科學工業園區科技五路六號,,,
,易威生醫科技股份有限公司,,16570131,,1633796780,新竹市東　區研發二路１０號１樓,,,
,晶祈生技股份有限公司,,53981880,,573119420,新竹市東　區研發二路１３號２樓,,,
,凌陽創新科技股份有限公司,,28112364,,585000940,新竹市東　區科園里力行一路１號３樓Ａ２,,,
,晶成半導體股份有限公司,,28114454,,1062000000,新竹市東　區科園里力行五路５號１樓,,,
,晶元光電股份有限公司,,84149786,,10887014100,新竹市東　區科園里力行路２１號,,,
,合邦電子股份有限公司,,84149569,,894320890,新竹市東　區科園里園區二路１１號８樓,,,
,宜錦科技股份有限公司,,28114861,,600000000,新竹市東　區科園里園區二路１５、１７號,,,
,緯創醫學科技股份有限公司,,47102491,,500000000,新竹市東　區科園里新安路５號５樓,,,
,亞信電子股份有限公司,,84149435,,621969810,新竹市東　區科園里新安路８號４樓,,,
2340,台亞半導體股份有限公司,台亞,47255947,,4386228460,新竹市東　區科園里新竹科學園區力行五路１號,,光電業,上市公司
,鴻揚半導體股份有限公司,,90505585,,3170000000,新竹市東　區科園里新竹科學園區研新三路３號,,,
,邁萃斯精密股份有限公司,,84149202,,684525000,新竹市東　區科園里科學園區力行一路１－９號,,,
3380,明泰科技股份有限公司,明泰,12800392,,5417184600,新竹市東　區科園里科學園區力行七路８號,,通信網路業,上市公司
2330,台灣積體電路製造股份有限公司,台積電,22099131,,259303804580,新竹市東　區科園里科學園區力行六路８號,,半導體業,上市公司
,全智科技股份有限公司,,70716371,,1205805390,新竹市東　區科園里科學園區科技五路６號７樓,,,
,達發科技股份有限公司,,12883169,,1039326450,新竹市東　區科園里篤行路６－５號５樓,,,
,虹晶科技股份有限公司,,54269279,,531386000,新竹市東　區科學園區創新二路１號３樓,,,
,沛亨半導體股份有限公司,,86541238,,530000000,新竹市東　區科學園區力行一路１號１樓Ａ１,,,
,漢芝電子股份有限公司,,53115157,,764350000,新竹市東　區科學園區力行一路１號３樓Ａ４,,,
,遠東金士頓科技股份有限公司,,84149982,,527675000,新竹市東　區科學園區力行一路１－５號,,,
6770,力晶積成電子製造股份有限公司,力積電,28112667,,35351962420,新竹市東　區科學園區力行一路１８號,,半導體業,上市公司
3576,聯合再生能源股份有限公司,聯合再生,27763753,,16279002650,新竹市東　區科學園區力行三路７號,,光電業,上市公司
2409,友達光電股份有限公司,友達,84149738,,96242451150,新竹市東　區科學園區力行二路１號,,光電業,上市公司
,頎邦科技股份有限公司,,16130009,,7386755390,新竹市東　區科學園區力行五路３號,,,
1733,五鼎生物技術股份有限公司,五鼎,16130182,,999861920,新竹市東　區科學園區力行五路７號,,生技醫療業,上市公司
,立衛科技股份有限公司,,22099316,,794475000,新竹市東　區科學園區力行五路９號,,,
2461,光群雷射科技股份有限公司,光群雷,22099322,,1643246310,新竹市東　區科學園區力行六路１號,,其他電子業,上市公司
,光耀科技股份有限公司,,27397031,,586531000,新竹市東　區科學園區力行六路１號３樓,,,
,聯亞科技股份有限公司,,22099456,,2178010080,新竹市東　區科學園區力行四路３號,,,
,中強光電股份有限公司,,22099907,,3909811100,新竹市東　區科學園區力行路１１號,,,
2337,旺宏電子股份有限公司,旺宏,22099548,,18560178020,新竹市東　區科學園區力行路１６號,,半導體業,上市公司
,全宏科技股份有限公司,,28112293,,770000000,新竹市東　區科學園區力行路１６號９樓,,,
,台灣美日先進光罩股份有限公司,,16130107,,2198185550,新竹市東　區科學園區力行路２號１樓,,,
3592,瑞鼎科技股份有限公司,瑞鼎,80532726,,758618260,新竹市東　區科學園區力行路２３號２樓,,半導體業,上市公司
8028,昇陽國際半導體股份有限公司,昇陽半導體,84149884,,1403524800,新竹市東　區科學園區力行路６號,,半導體業,上市公司
,高輝光電科技股份有限公司,,28112821,,500000000,新竹市東　區科學園區力行路８號,,,
3257,虹冠電子工業股份有限公司,虹冠電,16130417,,799865900,新竹市東　區科學園區園區二路１１號５樓,,半導體業,上市公司
,力旺電子股份有限公司,,70784292,,761234420,新竹市東　區科學園區園區二路４７號３０５室,,,
,聯合骨科器材股份有限公司,,22099982,,881181440,新竹市東　區科學園區園區二路５７號１樓,,,
6558,興能高科技股份有限公司,興能高,97430131,,939584750,新竹市東　區科學園區展業一路９號６樓之１、之３,,其他電子業,上市公司
,耐能電池股份有限公司,,84149272,,1000000000,新竹市東　區科學園區展業二路２４號３樓,,,
8081,致新科技股份有限公司,致新,84149723,,861720000,新竹市東　區科學園區工業東三路２號,,半導體業,上市公司
,隆達電子股份有限公司,,28112694,,5149163800,新竹市東　區科學園區工業東三路３號,,,
2305,全友電腦股份有限公司,全友,47226140,,2056608000,新竹市東　區科學園區工業東三路６號,,電腦及週邊設備業,上市公司
,環球晶圓股份有限公司,,28113286,,4372500000,新竹市東　區科學園區工業東二路８號,,,
,謙華科技股份有限公司,,28540056,,541793400,新竹市東　區科學園區工業東四路１０號１樓,,,
4952,凌通科技股份有限公司,凌通,80741441,,1088158000,新竹市東　區科學園區工業東四路１９號,,半導體業,上市公司
3006,晶豪科技股份有限公司,晶豪科,16130280,,2861569350,新竹市東　區科學園區工業東四路２３號,,半導體業,上市公司
6224,聚鼎科技股份有限公司,聚鼎,16433242,,800018380,新竹市東　區科學園區工業東四路２４―１號,,電子零組件業,上市公司
,世紀民生科技股份有限公司,,22099815,,600000000,新竹市東　區科學園區工業東四路２４―２號２樓,,,
3231,緯創資通股份有限公司,緯創,12868358,,29032520500,新竹市東　區科學園區新安路５號,,電腦及週邊設備業,上市公司
3504,揚明光學股份有限公司,揚明光,12800061,,1140597000,新竹市東　區科學園區新安路７號,,光電業,上市公司
,智捷科技股份有限公司,,84149408,,717010000,新竹市東　區科學園區新安路８號５樓,,,
3025,星通資訊股份有限公司,星通,22099863,,709205000,新竹市東　區科學園區新安路８號７樓,,通信網路業,上市公司
2345,智邦科技股份有限公司,智邦,22099287,,5598473970,新竹市東　區科學園區研新三路１號,,通信網路業,上市公司
,鈺登科技股份有限公司,,25063543,,500000000,新竹市東　區科學園區研新三路１號３樓,,,
4919,新唐科技股份有限公司,新唐,28112646,,4172100620,新竹市東　區科學園區研新三路４號,,半導體業,上市公司
,研能科技股份有限公司,,97111045,,617476670,新竹市東　區科學園區研發二路２８號１樓,,,
,常憶科技股份有限公司,,16130346,,1109369910,新竹市東　區科學園區科技五路２號３樓,,,
2454,聯發科技股份有限公司,聯發科,84149961,,15988419980,新竹市東　區科學園區篤行一路１號,,半導體業,上市公司
3016,嘉晶電子股份有限公司,嘉晶,16130388,,2843767290,新竹市東　區科學園區篤行一路１０號,,半導體業,上市公司
6789,采鈺科技股份有限公司,采鈺,80601119,,2932771190,新竹市東　區科學園區篤行一路１２號,,半導體業,興櫃公司
,茂達電子股份有限公司,,16252902,,741125000,新竹市東　區科學園區篤行一路６號,,,
,元隆電子股份有限公司,,22099174,,4381455900,新竹市東　區科學園區８鄰研發二路１８號,,,
2314,台揚科技股份有限公司,台揚,47255762,,2280283200,新竹市東　區科學工業園區創新二路一號,,通信網路業,上市公司
,矽格聯測股份有限公司,,84149456,,1019299820,新竹市東　區科學工業園區力行三路２號,,,
2303,聯華電子股份有限公司,聯電,47217677,,124832475660,新竹市東　區科學工業園區力行二路三號,,半導體業,上市公司
,光環科技股份有限公司,,16211142,,764746920,新竹市東　區科學工業園區展業一路２１號,,,
,中美矽晶製品股份有限公司,,47238650,,5862216510,新竹市東　區科學工業園區工業東二路８號,,,
,巨擘科技股份有限公司,,47255904,,4118176360,新竹市東　區科學工業園區研新四路六號,,,
,聯合光纖通信股份有限公司,,21223267,,902793270,新竹市東　區科學工業園區研新四路１２號,,,
3545,敦泰電子股份有限公司,敦泰,28069900,,4158542060,新竹市東　區科學工業園區篤行一路６號４樓及６樓,,半導體業,上市公司
4961,天鈺科技股份有限公司,天鈺,84149499,,1865453120,新竹市東　區科學工業園區篤行路６－８號３樓,,半導體業,上市公司
3596,智易科技股份有限公司,智易,12800294,,2100914370,新竹市東　區立功里光復路２段８號８樓,,通信網路業,上市公司
,昇益開發股份有限公司,,86233176,,655018130,新竹市東　區豐功里公道五路二段４１７號１１樓,,,
3419,譁裕實業股份有限公司,譁裕,47250470,,1204804170,新竹市東　區豐功里５鄰公道五路２段３２６號,,通信網路業,上市公司
3041,揚智科技股份有限公司,揚智,84149054,,1925397460,新竹市東　區金山里金山八街１號６樓,,半導體業,上市公司
,千附實業股份有限公司,,12378253,,1181924000,新竹市東　區關東路１８７巷９之１號１樓,,,
,泰詠電子股份有限公司,,23576977,,1023598470,新竹市香山區埔前里牛埔東路４８０號,,,
6168,宏齊科技股份有限公司,宏齊,89358419,,2072018010,新竹市香山區朝山里中華路五段５２２巷１８號,,光電業,上市公司
,優群科技股份有限公司,,22575850,,901042030,新竹市香山區牛埔南路１５―３號,,,
,漢科系統科技股份有限公司,,23830295,,730476920,新竹市香山區牛埔里東華路１４號８樓之１,,,
2458,義隆電子股份有限公司,義隆,84149224,,3038803920,新竹縣寶山鄉新竹科學工業園區創新一路１２號,,半導體業,上市公司
3014,聯陽半導體股份有限公司,聯陽,84149717,,1610801240,新竹縣寶山鄉新竹科學工業園區創新一路１３號,,半導體業,上市公司
4925,智微科技股份有限公司,智微,12901841,,581655440,新竹縣寶山鄉新竹科學工業園區創新一路１３號１樓,,半導體業,興櫃公司
3034,聯詠科技股份有限公司,聯詠,84149955,,6085114690,新竹縣寶山鄉新竹科學工業園區創新一路１３號２樓,,半導體業,上市公司
2401,凌陽科技股份有限公司,凌陽,23821182,,5919949190,新竹縣寶山鄉新竹科學工業園區創新一路１９號１樓,,半導體業,上市公司
,均豪精密工業股份有限公司,,33838628,,1651361440,新竹縣寶山鄉新竹科學工業園區創新一路５―１號４樓,,,
,原相科技股份有限公司,,16633261,,1434165210,新竹縣寶山鄉新竹科學工業園區創新一路５號５樓,,,
4117,普生股份有限公司,普生,47299918,,598243700,新竹縣寶山鄉新竹科學工業園區創新一路６號,,生技醫療業,興櫃公司
2379,瑞昱半導體股份有限公司,瑞昱,22671299,,5106848750,新竹縣寶山鄉新竹科學工業園區創新二路２號,,半導體業,上市公司
,世界先進積體電路股份有限公司,,84149358,,16389822670,新竹縣寶山鄉新竹科學工業園區園區三路１２３號,,,
3062,建漢科技股份有限公司,建漢,16594892,,3286054180,新竹縣寶山鄉新竹科學工業園區園區三路９９號,,通信網路業,上市公司
,台灣信越半導體股份有限公司,,84149553,,1500000000,新竹縣寶山鄉新竹科學工業園區工業東九路１２號,,,
2436,偉詮電子股份有限公司,偉詮電,22099499,,1780099610,新竹縣寶山鄉新竹科學工業園區工業東九路２４號２樓,,半導體業,上市公司
,波若威科技股份有限公司,,16586555,,752868990,新竹縣寶山鄉新竹科學工業園區工業東九路３０號３樓,,,
,同亨科技股份有限公司,,84149929,,962131010,新竹縣寶山鄉新竹科學工業園區工業東九路３０號４樓,,,
,榮群電訊股份有限公司,,86001464,,628737000,新竹縣寶山鄉新竹科學工業園區工業東九路５號３樓,,,
2380,虹光精密工業股份有限公司,虹光,22099759,,1894440840,新竹縣寶山鄉新竹科學工業園區研新一路２０號,,電腦及週邊設備業,上市公司
8150,南茂科技股份有限公司,南茂,16130042,,7272401260,新竹縣寶山鄉新竹科學工業園區研發一路１號,,半導體業,上市公司
,神達電腦股份有限公司,,47255708,,23930205500,新竹縣寶山鄉新竹科學工業園區研發二路１號,,,
,乾坤科技股份有限公司,,22099836,,23412043330,新竹縣寶山鄉新竹科學工業園區研發二路２號,,,
,漢磊科技股份有限公司,,54389725,,3306664110,新竹縣寶山鄉雙溪村新竹科學園區創新一路１８號１樓,,,
,元豐新科技股份有限公司,,25087030,,600000000,新竹縣寶山鄉雙溪村新竹科學園區園區二路５２號２樓,,,
3057,喬鼎資訊股份有限公司,喬鼎,22099738,,893288080,新竹縣寶山鄉雙溪村新竹科學園區工業東九路３０號２樓,,電腦及週邊設備業,上市公司
,神達數位股份有限公司,,69704320,,1061000000,新竹縣寶山鄉雙溪村新竹科學園區研發二路１號４樓,,,
,聯穎光電股份有限公司,,53170263,,1846448800,新竹縣寶山鄉雙溪村新竹科學工業園區創新一路１０號３樓,,,
2338,台灣光罩股份有限公司,光罩,22099408,,2527136110,新竹縣寶山鄉雙溪村新竹科學工業園區創新一路１１號,,半導體業,上市公司
,宏陽科技股份有限公司,,80355756,,635091000,新竹縣寶山鄉雙溪村新竹科學工業園區創新一路１９號２樓,,,
,盟創科技股份有限公司,,28113027,,3168000000,新竹縣寶山鄉雙溪村新竹科學工業園區創新二路６號,,,
6285,啓碁科技股份有限公司,啟碁,97331723,,3965585020,新竹縣寶山鄉雙溪村新竹科學工業園區園區二路２０號,,通信網路業,上市公司
4150,優你康光學股份有限公司,優你康,86723722,,1472176720,新竹縣寶山鄉雙溪村新竹科學工業園區工業東九路１６號,,生技醫療業,興櫃公司
,復盛精密工業股份有限公司,,12156196,,1018500000,新竹縣寶山鄉雙溪村新竹科學工業園區工業東九路１７號,,,
,行家光電股份有限公司,,28113119,,667200000,新竹縣寶山鄉雙溪村新竹科學工業園區工業東九路２９號２樓,,,
,神雲科技股份有限公司,,28113764,,2327571020,新竹縣寶山鄉雙溪村新竹科學工業園區研發二路１號３樓,,,
6695,芯鼎科技股份有限公司,芯鼎,28112890,,844775000,新竹縣寶山鄉雙溪村１２鄰新竹科學工業園區創新一路１９―１號,,半導體業,興櫃公司
6213,聯茂電子股份有限公司,聯茂,97179403,,3829572180,新竹縣新埔鎮大魯閣路１７號,,電子零組件業,上市公司
,大享容器工業股份有限公司,,46007218,,635000000,新竹縣新埔鎮文山里文山路犁頭山段１１１８號,,,
1530,亞崴機電股份有限公司,亞崴,22224692,,965941710,新竹縣新埔鎮文山里關埔路水車頭段６２９號,,電機機械,上市公司
3645,達邁科技股份有限公司,達邁,70776899,,1232576130,新竹縣新埔鎮田新里文德路３段１２７號,,電子零組件業,上市公司
,必翔實業股份有限公司,,47296834,,1841979770,新竹縣新豐鄉新豐村新和路１０８號,,,
,鼎立金屬包裝股份有限公司,,46621586,,519060000,新竹縣新豐鄉重興村建興路２段３７２號,,,
,信音企業股份有限公司,,47122187,,1227625870,新竹縣湖口鄉中正村中正路２段２０９號,,,
,安可光電股份有限公司,,28812887,,684669760,新竹縣湖口鄉中興村光復北路１０號,,,
,相達材料股份有限公司,,54762841,,1289705930,新竹縣湖口鄉中興村光復北路２０―１號１樓,,,
,台灣貝克休斯股份有限公司,,24556871,,600500000,新竹縣湖口鄉中興村光復北路３４號,,,
,聯亞生技開發股份有限公司,,84299742,,848000000,新竹縣湖口鄉中興村光復北路４５號,,,
,優良化學製藥股份有限公司,,44988454,,557000000,新竹縣湖口鄉中興村光復路１０號,,,
,碩禾電子材料股份有限公司,,80433079,,758834200,新竹縣湖口鄉中興村工業一路３號１樓,,,
,台灣松下多層材料股份有限公司,,22522215,,780000000,新竹縣湖口鄉中興村擴大工業區光復路２０－１號,,,
,健亞生物科技股份有限公司,,84149006,,1100038510,新竹縣湖口鄉中興村０１９鄰工業一路１號,,,
,世禾科技股份有限公司,,16044341,,567748900,新竹縣湖口鄉仁政路１８號,,,
,茂信能源股份有限公司,,85062553,,600000000,新竹縣湖口鄉光復北路２０―１號１樓,,,
6120,達運精密工業股份有限公司,達運,23504361,,6655551140,新竹縣湖口鄉光復北路２０－１號,,光電業,上市公司
,茂正能源股份有限公司,,85062293,,900000000,新竹縣湖口鄉光復北路２０－１號１樓,,,
,星耀能源股份有限公司,,51559801,,7000000000,新竹縣湖口鄉光復北路２０－１號４樓,,,
,健喬信元醫藥生技股份有限公司,,43199950,,3131342040,新竹縣湖口鄉光復北路２１巷４號,,,
6562,聯亞藥業股份有限公司,聯亞藥,24626617,,1053548330,新竹縣湖口鄉光復北路４５號,,生技醫療業,興櫃公司
,聯合生物製藥股份有限公司,,54527810,,1755911990,新竹縣湖口鄉光復北路４５－１號,,,
6826,和淞科技股份有限公司,和淞,97097825,,608000000,新竹縣湖口鄉光復南路３３號,,其他電子業,興櫃公司
,華立捷科技股份有限公司,,12737912,,929344000,新竹縣湖口鄉勝利村光復南路２號,,,
,迅能半導體股份有限公司,,28877255,,609389450,新竹縣湖口鄉勝利村光復路３２―１號５樓,,,
,濟生醫藥生技股份有限公司,,47154259,,569829850,新竹縣湖口鄉勝利村實踐路３號１樓,,,
,欣銓科技股份有限公司,,70751779,,4901700760,新竹縣湖口鄉勝利村工業三路３號,,,
1776,展宇科技材料股份有限公司,展宇,47061800,,703352990,新竹縣湖口鄉勝利村３６鄰光復路７１號,,化學工業,上市公司
,奇力新電子股份有限公司,,47006693,,2639280740,新竹縣湖口鄉和興村１鄰德興路３０１巷２９號,,,
,禾碩綠電股份有限公司,,56675977,,1090000000,新竹縣湖口鄉工業一路３號,,,
2406,國碩科技工業股份有限公司,國碩,97178376,,2859056890,新竹縣湖口鄉工業一路３號,,光電業,上市公司
6682,碩鑽材料股份有限公司,碩鑽材料,24804181,,800709000,新竹縣湖口鄉工業一路３號１樓,,光電業,興櫃公司
6546,正基科技股份有限公司,正基,12673109,,602329370,新竹縣湖口鄉新竹工業區中華路１５―１號,,通信網路業,興櫃公司
,瑞峰半導體股份有限公司,,45079229,,1200000000,新竹縣湖口鄉新竹工業區光復北路１２號５樓,,,
,光頡科技股份有限公司,,16130084,,1173408420,新竹縣湖口鄉新竹工業區光復北路７０號,,,
,愛德萬測試股份有限公司,,23527977,,500000000,新竹縣湖口鄉新竹工業區光復路１５號,,,
6239,力成科技股份有限公司,力成,16082267,,7791466000,新竹縣湖口鄉新竹工業區大同路１０號,,半導體業,上市公司
,恆勁科技股份有限公司,,54350720,,2173368340,新竹縣湖口鄉新興路４５８－１７號,,,
,協祥機械工業股份有限公司,,33670108,,900900000,新竹縣湖口鄉湖南村光復北路２號,,,
8179,旭德科技股份有限公司,旭德,16638110,,2959426000,新竹縣湖口鄉湖南村光復北路８號,,半導體業,興櫃公司
8104,錸寶科技股份有限公司,錸寶,70766576,,680090120,新竹縣湖口鄉湖南村新竹工業區光復北路１２號,,光電業,上市公司
,新普科技股份有限公司,,86620351,,1849705190,新竹縣湖口鄉湖口村１１鄰八德路２段４７１號,,,
,旭源包裝科技股份有限公司,,27476083,,548171400,新竹縣湖口鄉鳳凰村中華路１２２―１８號,,,
2349,錸德科技股份有限公司,錸德,23218873,,6936796630,新竹縣湖口鄉鳳凰村光復北路４２號,,光電業,上市公司
3543,州巧科技股份有限公司,州巧,70526133,,900281500,新竹縣湖口鄉鳳凰村光復路４２號,,光電業,上市公司
,台灣精星科技股份有限公司,,23984925,,1212510680,新竹縣湖口鄉鳳凰村實踐路１２號,,,
4906,正文科技股份有限公司,正文,22960571,,3661188270,新竹縣湖口鄉鳳山村中華路１５－１號,,通信網路業,上市公司
2206,三陽工業股份有限公司,三陽工業,24004006,,9000446040,新竹縣湖口鄉鳳山村中華路３號,,汽車工業,上市公司
,泓格科技股份有限公司,,84517297,,528641770,新竹縣湖口鄉鳳山村光復北路１１１號,,,
6289,華上光電股份有限公司,華上,16743865,,1047781360,新竹縣湖口鄉鳳山村光復北路１１９號,,光電業,上市公司
,台豐印刷電路工業股份有限公司,,11833698,,1104886000,新竹縣湖口鄉鳳山村光復路８１號,,,
3437,榮創能源科技股份有限公司,榮創,70634323,,1445480000,新竹縣湖口鄉鳳山村工業五路１３號,,光電業,上市公司
,必翔電能高科技股份有限公司,,16747270,,1940000000,新竹縣湖口鄉鳳山村工業五路７號,,,
,台灣普利司通股份有限公司,,43031502,,810500000,新竹縣湖口鄉鳳山村文化路１之１號,,,
,天弘化學股份有限公司,,47104168,,520000000,新竹縣湖口鄉鳳山村文化路１１號,,,
4739,康普材料科技股份有限公司,康普,86757124,,1070292690,新竹縣湖口鄉鳳山村文化路１１號,,化學工業,上市公司
6216,居易科技股份有限公司,居易,16242320,,878881370,新竹縣湖口鄉鳳山村新竹工業區復興路２６號,,通信網路業,上市公司
,晶兆成科技股份有限公司,,28438025,,1497670000,新竹縣湖口鄉鳳山村新竹工業區文化路２０號,,,
,太陽光電能源科技股份有限公司,,28318416,,2018195670,新竹縣湖口鄉鳳山村新興路４５８―９號,,,
,崴立機電股份有限公司,,28733315,,693000000,新竹縣湖口鄉鳳山村新興路４５８號,,,
,台灣車輛股份有限公司,,80345370,,2000000000,新竹縣湖口鄉鳳山村新興路４５８號,,,
,璟德電子工業股份有限公司,,16443570,,690162000,新竹縣湖口鄉鳳山村自強路１６號,,,
,前鼎光電股份有限公司,,16634613,,777096570,新竹縣湖口鄉鳳山村１鄰自強路３號,,,
,群聯電子股份有限公司,,12649951,,1970739930,新竹縣竹北市中興里復興一街２５１號１０樓之６,,,
,台灣沛晶股份有限公司,,89404666,,800000000,新竹縣竹北市中華路６７６巷１６號,,,
6674,鋐寶科技股份有限公司,鋐寶科技,24456541,,684703910,新竹縣竹北市台元一街１號１３樓之１,,通信網路業,上市公司
,香港商達發科技股份有限公司台灣分公司,,53672603,,1566417000,新竹縣竹北市台元二街１號五樓之１,,,
3588,通嘉科技股份有限公司,通嘉,80254357,,528646200,新竹縣竹北市台元二街１號四樓之１,,半導體業,上市公司
,笙科電子股份有限公司,,27952369,,564241180,新竹縣竹北市台元街１８號十樓之一、之二,,,
,勝創科技股份有限公司,,84560548,,747623480,新竹縣竹北市嘉豐十一路一段１００號６樓之１,,,
,頂晶科技股份有限公司,,28388897,,980900000,新竹縣竹北市復興二路１９３號３樓之１,,,
,高端疫苗生物製劑股份有限公司,,53943057,,2128865000,新竹縣竹北市東海里生醫三路６８號,,,
,伊甸生物醫藥股份有限公司,,54151980,,3807833410,新竹縣竹北市東海里０１３鄰生醫路二段１８號５樓,,,
,旺矽科技股份有限公司,,89647050,,940737720,新竹縣竹北市泰和里中和街１５５號１至３樓,,,
,亞洲電材股份有限公司,,80494173,,982008680,新竹縣竹北市泰和里中華路６７６巷１８號４樓,,,
,振曜科技股份有限公司,,16084080,,830068970,新竹縣竹北市泰和里博愛街９４５號,,,
,力致科技股份有限公司,,16266820,,775229850,新竹縣竹北市泰和里新泰路３１號２樓,,,
3535,晶彩科技股份有限公司,晶彩科,70720798,,790523560,新竹縣竹北市泰和里６鄰環北路２段１９７號,,光電業,上市公司
2440,太空梭高傳真資訊科技股份有限公司,太空梭,01887370,,1391172000,新竹縣竹北市環科一路２３號９樓之２,,電子零組件業,上市公司
,永昕生物醫藥股份有限公司,,12905993,,1533337000,新竹縣竹北市生醫二路６６號７樓,,,
,潤雅生技股份有限公司,,25124529,,918215060,新竹縣竹北市生醫五路１９號,,,
,禾榮科技股份有限公司,,56914371,,618000000,新竹縣竹北市生醫五路６６之２號,,,
,台灣先進手術醫療器材股份有限公司,,53242203,,600000000,新竹縣竹北市生醫路２段１２號３樓,,,
,洛錚科技股份有限公司,,70587243,,700000000,新竹縣竹北市竹仁里仁義路６５號,,,
6531,愛普科技股份有限公司,愛普*,53503847,,743406230,新竹縣竹北市竹北里台元一街１號１０樓之１,,半導體業,上市公司
,立錡科技股份有限公司,,16657967,,1484828060,新竹縣竹北市竹北里台元一街８號１４樓之１,,,
,奕力科技股份有限公司,,42581937,,2036170000,新竹縣竹北市竹北里台元二街１號十樓之１,,,
5471,松翰科技股份有限公司,松翰,97063584,,1678770000,新竹縣竹北市竹北里台元街３６號１０樓之１,,半導體業,上市公司
2252,為昇科科技股份有限公司,為昇科,45127518,,910000000,新竹縣竹北市竹北里台元街３８號６樓之７,,其他電子業,興櫃公司
,慧榮科技股份有限公司,,97440546,,1054120000,新竹縣竹北市竹北里１２鄰台元街３６號８樓之１,,,
,台日太陽光電股份有限公司,,90418604,,1505000000,新竹縣竹北市自強南路８號１９樓之１,,,
,坤昇太陽光電股份有限公司,,91102646,,2886145000,新竹縣竹北市自強南路８號１９樓之１,,,
1809,中國製釉股份有限公司,中釉,47056834,,1670419370,新竹縣竹東鎮頭重里中興路４段１３６號１樓,,玻璃陶瓷,上市公司
6827,巨生生醫股份有限公司,巨生醫,24765568,,553959030,新竹縣竹東鎮頭重里中興路４段１９５號,,生技醫療業,興櫃公司
,聯京光電股份有限公司,,53143251,,551656750,新竹縣竹東鎮頭重里中興路４段６６９號１樓,,,
,微矽電子股份有限公司,,22579547,,610000000,新竹縣竹東鎮鷄林里沿河街３９５號,,,
6787,晶瑞光電股份有限公司,晶瑞光,16858612,,578870000,新竹縣竹東鎮２鄰雞林里大明路２５６號,,光電業,興櫃公司
6257,矽格股份有限公司,矽格,23218022,,4517588830,新竹縣竹東鎮７鄰北興路１段４３６號,,半導體業,上市公司
,台星科企業股份有限公司,,27925949,,3100000000,新竹縣芎林鄉華龍村６鄰鹿寮坑１７６―５號,,,
,台星科股份有限公司,,70552666,,1362616000,新竹縣芎林鄉華龍村６鄰鹿寮坑１７６―５號,,,
,捷邦國際科技股份有限公司,,49733115,,830792780,新竹縣關西鎮北山里深坑子３―１號,,,
3607,谷崧精密工業股份有限公司,谷崧,23414349,,1216622390,桃園市中壢區三民里中正路１２７４巷４８號,,電子零組件業,上市公司
,元生實業股份有限公司,,34580359,,550000000,桃園市中壢區三民里中正路１２７４巷５８號,,,
,榮民製藥股份有限公司,,28059706,,500000000,桃園市中壢區中堅里１０鄰中山東路３段４４７號,,,
6438,迅得機械股份有限公司,迅得,70753397,,692571510,桃園市中壢區中正里榮民路４２１號,,其他電子業,上市公司
4916,事欣科技股份有限公司,事欣科,13000192,,834515680,桃園市中壢區健行里健行路１６９號４樓,,電腦及週邊設備業,上市公司
8996,高力熱處理工業股份有限公司,高力,35319185,,893840800,桃園市中壢區內定里中壢工業區吉林北路５－２號,,電機機械,上市公司
,亨通國際開發股份有限公司,,16691254,,515000000,桃園市中壢區內定里定安路４號,,,
,國瑞汽車股份有限公司,,12488060,,3460000000,桃園市中壢區內定里定寧路７３號,,,
,聲遠精密光學股份有限公司,,54247212,,1134583640,桃園市中壢區內定里松江北路２號,,,
,華祺工業股份有限公司,,12494555,,606391000,桃園市中壢區內定里松江北路２９號,,,
,名佳利金屬工業股份有限公司,,45018531,,2660972000,桃園市中壢區復興里北園路１１號,,,
,萬泰科技股份有限公司,,04674153,,1591047830,桃園市中壢區復興里北園路１７號,,,
6405,悅城科技股份有限公司,悅城,27340208,,658000000,桃園市中壢區復興里北園路１８號,,光電業,上市公司
4934,太極能源科技股份有限公司,太極,28675574,,2250000000,桃園市中壢區復興里自強一路５號,,光電業,上市公司
,合正科技股份有限公司,,86332422,,2850943880,桃園市中壢區忠福里東園路３８之１號,,,
,福特六和汽車股份有限公司,,44520211,,790547770,桃園市中壢區忠義里中華路１段７０５號,,,
,台灣山葉機車工業股份有限公司,,22318608,,2395600000,桃園市中壢區忠義里中華路２段３號,,,
,泰洛斯製造股份有限公司,,42587242,,786661400,桃園市中壢區忠義里自強三路３號,,,
,華星光通科技股份有限公司,,12927477,,1325114600,桃園市中壢區文化里合江路６號,,,
,精材科技股份有限公司,,16741846,,2713643160,桃園市中壢區文化里吉林路２３號９樓,,,
,峻新電腦股份有限公司,,86297564,,680000000,桃園市中壢區文化里６鄰安東路６號,,,
2102,泰豐輪胎股份有限公司,泰豐,44721408,,4733292070,桃園市中壢區普義里中華路２段３６９號,,橡膠工業,上市公司
,六和機械股份有限公司,,44528635,,3000000000,桃園市中壢區水尾里新生路２段３３４號,,,
,亞智科技股份有限公司,,22102699,,928685000,桃園市中壢區永福里中園路１６８－１號４樓,,,
3024,憶聲電子股份有限公司,憶聲,44955117,,2771574960,桃園市中壢區永福里中園路１９８號,,光電業,上市公司
1519,華城電機股份有限公司,華城,33284077,,2610585000,桃園市中壢區永福里吉林路１０號,,電機機械,上市公司
,達爾生技股份有限公司,,53048643,,900000000,桃園市中壢區永福里東園路１６號４樓（五樓）,,,
6152,百一電子股份有限公司,百一,89549585,,1724004630,桃園市中壢區永福里東園路６９號,,通信網路業,上市公司
2368,金像電子股份有限公司,金像電,30955404,,5464878410,桃園市中壢區永福里西園路１１３號,,電子零組件業,上市公司
,台灣資生堂股份有限公司,,35878722,,1154588000,桃園市中壢區永福里西園路１４８號,,,
5277,葳天科技股份有限公司,葳天,27473918,,680620000,桃園市中壢區永福里西園路８９號,,光電業,興櫃公司
,茂林光電科技股份有限公司,,70789607,,1115199000,桃園市中壢區芝芭里３鄰民權路３段１１４９號,,,
,維輪實業股份有限公司,,30886596,,2388660000,桃園市中壢區過嶺里過嶺路２段４５６號,,,
,創奕能源科技股份有限公司,,53488162,,600346000,桃園市中壢區青埔里高鐵站前西路１段２６８號２樓之１,,,
,大訊科技股份有限公司,,97489483,,1351268070,桃園市八德區大安里長安街３０６號,,,
,中華凸版電子股份有限公司,,16083358,,2742387660,桃園市八德區大湳里和平路１１２７之３號,,,
3138,耀登科技股份有限公司,耀登,23573774,,600000000,桃園市八德區大湳里和平路７７２巷１９號,,通信網路業,上市公司
9944,新麗企業股份有限公司,新麗,33375909,,1091071000,桃園市八德區廣德里聯華街４１號,,其他,上市公司
3167,大量科技股份有限公司,大量,43938484,,801341160,桃園市八德區瑞豐里友聯街４９號,,電機機械,上市公司
,亞帝歐光電股份有限公司,,86410720,,505902160,桃園市八德區白鷺里廣福路８５８號,,,
,明台化工股份有限公司,,43651729,,880000000,桃園市八德區竹園里新興路１１４２號,,,
3184,微邦科技股份有限公司,微邦,97454724,,802745000,桃園市八德區茄苳里茄苳路７５６號,,生技醫療業,興櫃公司
2237,華德動能科技股份有限公司,華德動能,27579308,,1009228750,桃園市大園區五權里０１６鄰五青路２９１巷３３號,,電機機械,興櫃公司
,國聯矽業化學股份有限公司,,36550632,,580000000,桃園市大園區內海里民權路１２號,,,
,宏塑工業股份有限公司,,36319254,,718685900,桃園市大園區內海里民權路１３鄰７之１號,,,
1463,強盛染整股份有限公司,強盛,07715023,,1732683810,桃園市大園區北港里大工路１２６號,,紡織纖維,上市公司
,大園汽電共生股份有限公司,,84526079,,1222548620,桃園市大園區北港里１４鄰潮音北路２７６號,,,
,晉倫科技股份有限公司,,12390496,,552573000,桃園市大園區南港里長發路２４８號,,,
,佳穎精密企業股份有限公司,,22948084,,502604670,桃園市大園區和平里１４鄰和平西路二段１１０號,,,
,尚茂電子材料股份有限公司,,16431363,,1000000000,桃園市大園區圳頭里濱海路２段２０８號,,,
,臺灣飛機維修股份有限公司,,24862506,,700000000,桃園市大園區埔心里航勤南路７號,,,
,長榮航勤股份有限公司,,23867308,,642311620,桃園市大園區埔心里航站北路６０８號,,,
2610,中華航空股份有限公司,華航,11145904,,54209846500,桃園市大園區埔心里航站南路１號,,航運業,上市公司
2645,長榮航太科技股份有限公司,長榮航太,16097775,,3528069620,桃園市大園區埔心里航站南路６號,,航運業,興櫃公司
,長異發動機維修股份有限公司,,54684515,,4148613450,桃園市大園區埔心里航站南路８號,,,
,長榮空廚股份有限公司,,84476394,,1537305000,桃園市大園區埔心里０１６鄰航勤北路３號,,,
,華擎機械工業股份有限公司,,89398860,,1689000000,桃園市大園區橫峰里０３０鄰赤牛調３號,,,
,科德寶遠東股份有限公司,,22663158,,1107481690,桃園市大園區溪海里５鄰崙頂３８號,,,
,陽程科技股份有限公司,,36049822,,628730080,桃園市大園區溪海里８鄰聖德北路６８號,,,
,建錩實業股份有限公司,,43912787,,1653330000,桃園市大園區田心里１鄰大觀路１７８號,,,
,亨通機械股份有限公司,,43136246,,1550000000,桃園市大溪區仁善里仁德五街１３６號,,,
,友輝光電股份有限公司,,80660088,,799446750,桃園市大溪區仁善里新光東路８０號,,,
,宣茂科技股份有限公司,,13093945,,670000000,桃園市大溪區仁善里９鄰新光東路７６巷５５號,,,
,英穩達科技股份有限公司,,53001751,,3233548000,桃園市大溪區南興里仁和路２段３４９號,,,
,協欣金屬工業股份有限公司,,09430987,,674591380,桃園市大溪區南興里仁和路２段４１２號,,,
,益興電子股份有限公司,,43638445,,700000000,桃園市大溪區康安里康莊路３段１號,,,
,品達科技股份有限公司,,12631299,,1150000000,桃園市大溪區瑞源里０２０鄰員東路５１１號,,,
1707,葡萄王生技股份有限公司,葡萄王,11880517,,1481373730,桃園市平鎮區北興里金陵路２段４０２號,,生技醫療業,上市公司
,台灣瀧澤科技股份有限公司,,44549792,,724562460,桃園市平鎮區宋屋里延平路３段５０５號,,,
,台鈴工業股份有限公司,,14013998,,720000000,桃園市平鎮區平鎮里延平路３段４１１巷７５號,,,
,九豪精密陶瓷股份有限公司,,86412635,,1080797510,桃園市平鎮區建安里平東路１段１６０號,,,
3051,力特光電科技股份有限公司,力特,16439169,,1700000000,桃園市平鎮區建安里平東路６５９巷３７號,,光電業,上市公司
6235,華孚科技股份有限公司,華孚,35383165,,1716334560,桃園市平鎮區新安里太平東路１號５樓,,電腦及週邊設備業,上市公司
3004,豐達科技股份有限公司,豐達科,16095404,,526471550,桃園市平鎮區新安里太平東路５號,,鋼鐵工業,上市公司
,頂倫企業股份有限公司（破產管理人李岳霖律師）,,23047392,,2380136000,桃園市平鎮區東勢里太平西路９９巷３８號,,,
,金運科技股份有限公司,,25170425,,530000000,桃園市平鎮區東勢里洪圳路３８５―３號,,,
6155,鈞寶電子工業股份有限公司,鈞寶,22306130,,869203920,桃園市平鎮區湧光里南豐路２６９號,,電子零組件業,上市公司
,安捷企業股份有限公司,,22386696,,516093600,桃園市平鎮區湧光里工業十一路３號,,,
,福甸實業股份有限公司,,29054314,,881768960,桃園市平鎮區湧安里工業十路４號,,,
,美磊科技股份有限公司,,23691266,,934674440,桃園市平鎮區湧豐里南豐路２７０號,,,
,帛漢股份有限公司,,86533770,,623338750,桃園市平鎮區湧豐里南豐路２７０號,,,
2455,全新光電科技股份有限公司,全新,97170472,,1849059180,桃園市平鎮區湧豐里工業一路１６號,,通信網路業,上市公司
,泓辰材料股份有限公司,,12887215,,640226500,桃園市平鎮區湧豐里工業一路２－３號,,,
,金興精密工業股份有限公司,,23230525,,511860000,桃園市平鎮區湧豐里工業一路３號,,,
,美生金屬工業股份有限公司,,23529497,,500000000,桃園市平鎮區湧豐里工業一路６號,,,
,統盟電子股份有限公司,,22657108,,1709572000,桃園市平鎮區湧豐里工業二路１２號,,,
,宇環科技股份有限公司,,70684527,,697126000,桃園市平鎮區湧豐里工業二路１２號,,,
8213,志超科技股份有限公司,志超,70801378,,2750139380,桃園市平鎮區湧豐里工業二路１２號,,電子零組件業,上市公司
,台灣嘉碩科技股份有限公司,,16264983,,1028724100,桃園市平鎮區湧豐里工業二路３號,,,
,穎華科技股份有限公司,,25073063,,756250000,桃園市平鎮區湧豐里工業五路１２號,,,
6775,穎台科技股份有限公司,穎台科技,42821900,,790000000,桃園市平鎮區湧豐里工業五路１２號,,光電業,興櫃公司
,金利精密工業股份有限公司,,35317291,,794003990,桃園市平鎮區湧豐里工業五路４號,,,
,源友企業股份有限公司,,43953288,,675880000,桃園市平鎮區湧豐里工業五路８號,,,
,台灣佩克科技股份有限公司,,70793004,,900000000,桃園市平鎮區湧豐里工業五路９號,,,
3044,健鼎科技股份有限公司,健鼎,86379707,,5256058000,桃園市平鎮區湧豐里１５鄰工業五路２１號,,電子零組件業,上市公司
,展茂光電股份有限公司,,70773160,,2114580000,桃園市平鎮區鎮興里中興路平鎮段４５８號,,,
1443,立益紡織股份有限公司,立益,04287483,,1353430000,桃園市平鎮區雙連里雙福路１段６５號,,其他,上市公司
,岳豐科技股份有限公司,,45911735,,1319723880,桃園市新屋區九斗里中山東路二段１３０巷１２―９號,,,
2476,鉅祥企業股份有限公司,鉅祥,04403568,,1878322980,桃園市新屋區九斗里００８鄰九洲路１號,,電子零組件業,上市公司
2024,志聯工業股份有限公司,志聯,43633504,,975000000,桃園市新屋區埔頂里中興路４８０號,,鋼鐵工業,上市公司
,啟翔輕金屬科技股份有限公司,,27793807,,848500000,桃園市新屋區埔頂里００１鄰埔頂路６號,,,
,新復興微波通訊股份有限公司,,45163295,,933568640,桃園市新屋區望間里１０鄰十五間４５號,,,
,燁鋒輕合金股份有限公司,,28724771,,530000000,桃園市新屋區東明里埔工路５８８號,,,
3189,景碩科技股份有限公司,景碩,70785139,,4508440600,桃園市新屋區石磊里中華路１２４５號,,半導體業,上市公司
,精確實業股份有限公司,,86406401,,765313420,桃園市新屋區社子里中興路９３８號,,,
,育富電子股份有限公司,,45082694,,1115000000,桃園市桃園區同安里新埔六街１０１號２４樓,,,
,全興國際水產股份有限公司,,43935888,,3641748340,桃園市桃園區同德里中正路１０７１號１４樓之１,,,
,全興食品股份有限公司,,51883103,,800000000,桃園市桃園區同德里中正路１０７１號１５樓之３,,,
,全興飼料股份有限公司,,83395697,,819000000,桃園市桃園區同德里中正路１０７１號１５樓之３,,,
,台硝股份有限公司,,38033305,,1104400340,桃園市桃園區同德里中正路１０７１號１９樓之１至４,,,
3686,達能科技股份有限公司,達能,28823511,,1135136430,桃園市桃園區同德里中正路１０７１號４樓之３,,半導體業,上市公司
,貝爾威勒電子股份有限公司,,28756169,,550000000,桃園市桃園區同德里中正路１０７１號９樓之１,,,
,浩瀚數位股份有限公司,,27230027,,1831800000,桃園市桃園區大林里大仁路５０巷５１弄１９號,,,
6584,南俊國際股份有限公司,南俊國際,36268804,,584940000,桃園市桃園區大林里大智路２號,,電子零組件業,興櫃公司
,凱崴電子股份有限公司,,97326828,,1899133460,桃園市桃園區大林里興邦路３２號,,,
,佳總興業股份有限公司,,23063420,,1661227920,桃園市桃園區大林里興邦路３９之４號,,,
,高技企業股份有限公司,,22773079,,929757520,桃園市桃園區大林里興邦路４３巷３號,,,
2498,宏達國際電子股份有限公司,宏達電,16003518,,8194581850,桃園市桃園區大林里５鄰興華路２３號,,通信網路業,上市公司
,臺灣華歌爾股份有限公司,,43409251,,800000000,桃園市桃園區大業里經國路１５號,,,
6278,台灣表面黏著科技股份有限公司,台表科,23722471,,2923983530,桃園市桃園區大樹里桃鶯路４３７號,,光電業,上市公司
,四維精密材料股份有限公司,,80358971,,557062000,桃園市桃園區大樹里興華路１２號,,,
,台灣立凱電能科技股份有限公司,,27714536,,1556471250,桃園市桃園區大樹里興華路２－１號,,,
,禾昌興業股份有限公司,,22006020,,526694880,桃園市桃園區大樹里興華路９號、９－１號,,,
,泰山電子股份有限公司,,43245671,,672000000,桃園市桃園區大樹里興隆路４號,,,
3015,全漢企業股份有限公司,全漢,84239055,,1872619500,桃園市桃園區大樹里２鄰建國東路２２號,,電子零組件業,上市公司
,群浤科技股份有限公司,,24877199,,1680960000,桃園市桃園區大樹里２１鄰大誠路８－６號,,,
,盛記企業股份有限公司,,22284430,,542400000,桃園市桃園區朝陽里鎮四街８號,,,
2477,美隆工業股份有限公司,美隆電,33750329,,1982165550,桃園市桃園區汴洲里幸福路９９號,,其他電子業,上市公司
,保銳科技股份有限公司,,23725553,,642085000,桃園市桃園區汴洲里經國路８８８號２樓之１之２,,,
,崧騰企業股份有限公司,,86834614,,697365570,桃園市桃園區汴洲里２２鄰經國路８８８號７樓之３,,,
,矽瑪科技股份有限公司,,80611545,,799729450,桃園市桃園區瑞慶里中正路１３５１號１３、１４樓及１３５３號１４樓,,,
,信東生技股份有限公司,,43211700,,2100000000,桃園市桃園區豐林里介壽路２２號,,,
,德宏工業股份有限公司,,97178087,,1271270170,桃園市楊梅區三湖里楊湖路２段７１８號,,,
,領創生物科技股份有限公司,,69741351,,1103091410,桃園市楊梅區上湖里中山南路８００巷１０６號,,,
,台灣大昌華嘉供應鏈服務股份有限公司,,86927697,,500000000,桃園市楊梅區上田里和平路５７６號,,,
,國成麵粉股份有限公司,,28513939,,610000000,桃園市楊梅區富豐里富豐南路２２號,,,
,太平洋電線電纜股份有限公司,,03064800,,7359000000,桃園市楊梅區新榮里快速路五段８５８號,,,
,白馬窯業股份有限公司,,34258318,,606018000,桃園市楊梅區新榮里電研路５號,,,
,久尹股份有限公司,,04717913,,780173460,桃園市楊梅區東流里甡甡路６２３巷１６０號,,,
,千如電機工業股份有限公司,,45011782,,929208960,桃園市楊梅區水美里楊湖路１段４２２號,,,
,建榮工業材料股份有限公司,,86691377,,1948939640,桃園市楊梅區瑞原里民豐路２７７號,,,
,台灣電綜股份有限公司,,22318874,,575900000,桃園市楊梅區瑞坪里梅獅路２段５２５號,,,
,合晶科技股份有限公司,,16138282,,5408984360,桃園市楊梅區瑞坪里蘋果路１號,,,
1525,江申工業股份有限公司,江申,35129100,,692454110,桃園市楊梅區秀才里新江路１００號,,汽車工業,上市公司
,海鉑科技有限公司,,27468719,,1500000000,桃園市楊梅區豐野里新富十一街６巷２６號１號,,,
,西北臺慶科技股份有限公司,,86978512,,1031304000,桃園市楊梅區高上里幼四路１號,,,
,位速科技股份有限公司,,12894840,,1021417370,桃園市楊梅區高上里００４鄰高青路２６號,,,
,信昌電子陶瓷股份有限公司,,23641338,,1720000000,桃園市楊梅區高上里００８鄰高獅路５６６－１號,,,
,台灣耐落螺絲工業股份有限公司,,45913706,,550000000,桃園市楊梅區高山里高獅路３０５號,,,
,友嘉科技股份有限公司,,96978717,,529916000,桃園市楊梅區高山里３鄰高獅路１５６號,,,
2355,敬鵬工業股份有限公司,敬鵬,43816068,,3974954000,桃園市蘆竹區內厝里內厝街４６號,,電子零組件業,上市公司
1524,耿鼎企業股份有限公司,耿鼎,22081250,,1653103970,桃園市蘆竹區內厝里內溪路４８號,,汽車工業,上市公司
,台林電通股份有限公司,,12278439,,750000000,桃園市蘆竹區內厝里榮安路１０號,,,
4942,嘉彰股份有限公司,嘉彰,22164527,,1423676130,桃園市蘆竹區內厝里４鄰南山路２段２０５巷４５號,,光電業,上市公司
,森寶開發股份有限公司,,86140894,,831306700,桃園市蘆竹區南崁里民權路５０號,,,
6251,定穎電子股份有限公司,定穎,22993144,,2775183610,桃園市蘆竹區南崁里民權路５０號６樓,,電子零組件業,上市公司
,華德光電材料科技股份有限公司,,28821324,,516800000,桃園市蘆竹區南崁里經國路８９０號１０樓,,,
,錦明實業股份有限公司,,22490277,,710109000,桃園市蘆竹區南崁里經國路８９６號１６樓,,,
,天瑞企業股份有限公司,,22196062,,607335490,桃園市蘆竹區南榮里新南路１段３０５巷５弄１－３號,,,
,鋒鎂工業股份有限公司,,69635561,,925000000,桃園市蘆竹區坑口里海山路６００號,,,
,永純化學工業股份有限公司,,35108702,,610560000,桃園市蘆竹區坑口里１３鄰海山路６８１號,,,
1410,南洋染整股份有限公司,南染,35286207,,630000000,桃園市蘆竹區山腳里南山路３段２３３號,,紡織纖維,上市公司
3585,聯致科技股份有限公司,聯致,16742182,,1175486240,桃園市蘆竹區山鼻里南山路２段４９８－２號,,電子零組件業,興櫃公司
,群鹿企業股份有限公司,,20774544,,1112640000,桃園市蘆竹區山鼻里南山路３段４號,,,
,東浦精密光電股份有限公司,,89347602,,995489260,桃園市蘆竹區山鼻里００１鄰長興路二段５８號,,,
2478,大毅科技股份有限公司,大毅,23534301,,1447376390,桃園市蘆竹區山鼻里３鄰南山路２段４７０巷２６號１樓,,電子零組件業,上市公司
2313,華通電腦股份有限公司,華通,04401392,,11918205890,桃園市蘆竹區新莊里１２鄰大新路８１４巷９１號,,電子零組件業,上市公司
,華膳空廚股份有限公司,,89282663,,861000000,桃園市蘆竹區海湖里２鄰海山路２段１５６巷２２號,,,
1526,日馳企業股份有限公司,日馳,11099726,,600000000,桃園市蘆竹區海湖里２０鄰海山中街５１號,,電機機械,上市公司
4119,旭富製藥科技股份有限公司,旭富,22662545,,953823720,桃園市蘆竹區濱海里海湖北路３０９巷６１號,,生技醫療業,上市公司
8438,昶昕實業股份有限公司,昶昕,23509611,,628990000,桃園市蘆竹區福昌里忠孝西路１８５號２樓,,其他,興櫃公司
,瑞健股份有限公司,,69745814,,1015161030,桃園市蘆竹區福祿里六福路３６號,,,
,同致電子企業股份有限公司,,55900791,,855929490,桃園市蘆竹區蘆竹里南青路１１５６巷９號,,,
,創國精密股份有限公司,,89380496,,600000000,桃園市蘆竹區蘆竹里８鄰富國路３段１２００號２樓,,,
1468,昶和纖維興業股份有限公司,昶和,36123364,,1900000000,桃園市蘆竹區錦興里南崁路１段２７７號,,紡織纖維,上市公司
,朋程科技股份有限公司,,16748101,,914570000,桃園市蘆竹區長興里南崁路２段２２號１樓,,,
,關東鑫林科技股份有限公司,,80402738,,700000000,桃園市蘆竹區長興里８鄰南崁路２段２２２號６樓,,,
,日禕紡織企業股份有限公司,,22690465,,560000000,桃園市觀音區上大里忠富路上大段４８９號,,,
,太聯股份有限公司,,52852682,,665701000,桃園市觀音區大潭里大潭南路１８８號,,,
,永吉化工股份有限公司,,97308770,,650000000,桃園市觀音區大潭里桃科三路３００號,,,
9955,佳龍科技工程股份有限公司,佳龍,97211972,,1032082290,桃園市觀音區大潭里環科路３２３號,,其他,上市公司
,堯米股份有限公司,,54666093,,506407480,桃園市觀音區大潭里科技路１０１號,,,
,大展電線電纜股份有限公司,,05024240,,600000000,桃園市觀音區富源里新富路８５５號,,,
,精元機械股份有限公司,,12400430,,500000000,桃園市觀音區崙坪里忠愛路二段２８３號３樓,,,
,鼎展電子股份有限公司,,53300977,,1989566500,桃園市觀音區崙坪里忠愛路２段２８１號,,,
1612,宏泰電工股份有限公司,宏泰,43125162,,3160800630,桃園市觀音區樹林里國建一路２號,,電器電纜,上市公司
,日皓造紙工業股份有限公司,,24001900,,700000000,桃園市觀音區樹林里國建三路５號,,,
4545,銘鈺精密工業股份有限公司,銘鈺,12738623,,770000000,桃園市觀音區樹林里國瑞路２號,,電子零組件業,上市公司
,佳勝科技股份有限公司,,12961045,,500000000,桃園市觀音區樹林里工業一路１０之１號,,,
,漢鐘精機股份有限公司,,42578551,,558100000,桃園市觀音區樹林里工業三路５號,,,
3305,昇貿科技股份有限公司,昇貿,04789211,,1334462220,桃園市觀音區樹林里工業二路１２－１號,,其他電子業,上市公司
1727,臺灣中華化學工業股份有限公司,中華化,03558206,,1102500000,桃園市觀音區樹林里工業五路１５號,,化學工業,上市公司
,遠東先進纖維股份有限公司,,89392269,,910000000,桃園市觀音區樹林里工業五路１７號,,,
5469,瀚宇博德股份有限公司,瀚宇博,23225071,,5284413520,桃園市觀音區樹林里工業四路９號,,電子零組件業,上市公司
4532,瑞智精密股份有限公司,瑞智,23603284,,5049151050,桃園市觀音區樹林里成功路２段９４３號,,電機機械,上市公司
,碁富食品股份有限公司,,22360437,,738500000,桃園市觀音區樹林里經建四路２１號,,,
,先豐通訊股份有限公司,,22554807,,959184530,桃園市觀音區樹林里觀音工業區經建一路１６號,,,
3622,洋華光電股份有限公司,洋華,80260061,,1513276000,桃園市觀音區樹林里觀音工業區經建一路３１號,,光電業,上市公司
,亞東石化股份有限公司,,22318678,,22660929670,桃園市觀音區樹林里觀音工業區經建四路４７號,,,
,臺唐工業股份有限公司,,12331482,,604393000,桃園市觀音區樹林里１５鄰國建一路３號,,,
,敬得科技股份有限公司,,22954091,,574803160,桃園市觀音區草漯里大同一路１－１號,,,
,優頻科技材料股份有限公司,,23929418,,667422700,桃園市觀音區草漯里建國路５－３號,,,
,永誠亞太有限公司,,29111743,,945000000,桃園市觀音區草漯里成功路１段５０２號,,,
2383,台光電子材料股份有限公司,台光電,86521351,,3329182990,桃園市觀音區草漯里觀音工業區大同一路１８號,,電子零組件業,上市公司
,美琪瑪國際股份有限公司,,86688957,,749863000,桃園市觀音區草漯里１６鄰大同一路１５號,,,
9958,世紀鋼鐵結構股份有限公司,世紀鋼,22649001,,2312788530,桃園市觀音區金湖里中山路１段１１１９號,,鋼鐵工業,上市公司
,世紀樺欣風能股份有限公司,,83575425,,1200000000,桃園市觀音區金湖里中山路１段１１１９號,,,
4749,新應材股份有限公司,新應材,80551069,,804983650,桃園市龍潭區三和里新和路４５５號,,光電業,興櫃公司
,中華映管股份有限公司,,11085292,,64794541000,桃園市龍潭區三和里００１鄰華映路１號,,,
6676,祥翊製藥股份有限公司,祥翊,27559859,,1385250000,桃園市龍潭區八德里龍園一路２５５號,,生技醫療業,興櫃公司
,艾克爾先進科技股份有限公司,,16847968,,2232400000,桃園市龍潭區八德里龍園一路３３３號,,,
,加百裕工業股份有限公司,,16271936,,803059140,桃園市龍潭區烏林里工五路１２８號,,,
,博智電子股份有限公司,,89495531,,514850000,桃園市龍潭區烏林里３６鄰工二路１２８號,,,
,正慧食品工業股份有限公司,,80569173,,540000000,桃園市龍潭區烏林里３９鄰工二路一段１７１號,,,
,智頻科技股份有限公司,,54945912,,600000000,桃園市龍潭區高原里００９鄰渴望路１８５號２樓之３,,,
,艾克爾國際科技股份有限公司,,16631664,,5390308490,桃園市龍潭區高平里中豐路高平段１號,,,
,鑫光金屬工業股份有限公司,,35856255,,504490780,桃園市龜山區兔坑里大同路８４１巷１號,,,
,鼎天國際股份有限公司,,16433708,,506077000,桃園市龜山區公西里文化二路４０號８樓,,,
6117,迎廣科技股份有限公司,迎廣,09497109,,900000000,桃園市龜山區南上里南上路３５０巷５７號１樓,,電腦及週邊設備業,上市公司
,英格爾科技股份有限公司,,43869091,,1456213490,桃園市龜山區南上里民生北路１段５３６號５樓,,,
,宣德科技股份有限公司,,23866949,,1702019000,桃園市龜山區南上里民生北路１段５６８號,,,
,協易機械工業股份有限公司,,36096704,,1584341100,桃園市龜山區大坑里南上路４４６號,,,
,旭軟電子科技股份有限公司,,16674213,,675050590,桃園市龜山區大坑里南上路５２２號,,,
,冠信電腦股份有限公司,,28570086,,830900000,桃園市龜山區大湖里６鄰復興一路３６１號３樓,,,
,松普科技股份有限公司,,43900488,,915861000,桃園市龜山區大華里頂湖五街３號,,,
,睿能創意股份有限公司,,53433060,,1485000000,桃園市龜山區大華里頂湖路３３號,,,
6115,鎰勝工業股份有限公司,鎰勝,22304288,,1876621540,桃園市龜山區大華里頂湖路５０至５２號,,電子零組件業,上市公司
1604,聲寶股份有限公司,聲寶,03607500,,5914730000,桃園市龜山區大華里頂湖２６之３號,,電器電纜,上市公司
,富優技研股份有限公司,,86630631,,567500000,桃園市龜山區山福里頂興路６２號,,,
2352,佳世達科技股份有限公司,佳世達,12490306,,19667819000,桃園市龜山區山頂里山鶯路１５７號,,電腦及週邊設備業,上市公司
8163,達方電子股份有限公司,達方,16081507,,2800000010,桃園市龜山區山頂里山鶯路１６７－１號,,電腦及週邊設備業,上市公司
3037,欣興電子股份有限公司,欣興,23535435,,14752603330,桃園市龜山區山頂里山鶯路１７９號,,電子零組件業,上市公司
8215,明基材料股份有限公司,明基材,16549778,,3206745000,桃園市龜山區山頂里建國東路２９號,,光電業,上市公司
6782,視陽光學股份有限公司,視陽,16693062,,537266660,桃園市龜山區山頂里興業街１號,,生技醫療業,興櫃公司
,迪吉亞節能科技股份有限公司,,25017470,,1100000000,桃園市龜山區山頂里興業街６號１樓,,,
2308,台達電子工業股份有限公司,台達電,34051920,,25975433290,桃園市龜山區山頂里興邦路３１―１號,,電子零組件業,上市公司
,洲磊科技股份有限公司,,86545494,,605831220,桃園市龜山區山頂里００１鄰山鶯路３４８號,,,
,銳捷科技股份有限公司,,27417352,,716015440,桃園市龜山區山頂里０２０鄰山鶯路國光巷６號,,,
5233,有量科技股份有限公司,有量,70498018,,2772494060,桃園市龜山區嶺頂里茶專路６號,,其他電子業,興櫃公司
2457,飛宏科技股份有限公司,飛宏,30435973,,3376884160,桃園市龜山區文化里復興三路５６８號,,電子零組件業,上市公司
,台灣美光晶圓科技股份有限公司,,80353271,,91558241760,桃園市龜山區文化里復興三路６６７號,,,
3518,柏騰科技股份有限公司,柏騰,89732154,,807522300,桃園市龜山區文化里文化一路８６－５２號,,其他電子業,上市公司
2382,廣達電腦股份有限公司,廣達,22822281,,38626274320,桃園市龜山區文化里文化二路１８８號,,電腦及週邊設備業,上市公司
3653,健策精密工業股份有限公司,健策,22415854,,1222024020,桃園市龜山區文化里科技一路４０號,,電子零組件業,上市公司
3308,聯德電子股份有限公司,聯德,22749711,,999496000,桃園市龜山區文化里科技一路６９號,,電子零組件業,上市公司
5283,禾聯碩股份有限公司,禾聯碩,80333058,,730004250,桃園市龜山區文化里科技三路８８號３樓,,電器電纜,上市公司
6166,凌華科技股份有限公司,凌華,89593343,,2174972570,桃園市龜山區文化里華亞一路６６號１樓,,電腦及週邊設備業,上市公司
3050,鈺德科技股份有限公司,鈺德,84785413,,1459844500,桃園市龜山區文化里華亞二路２２２號,,光電業,上市公司
2402,毅嘉科技股份有限公司,毅嘉,23588039,,3075365330,桃園市龜山區文化里華亞二路２６８號,,電子零組件業,上市公司
,達明機器人股份有限公司,,42643271,,900000000,桃園市龜山區文化里華亞二路５８－２號５樓,,,
,廣明光電股份有限公司,,16836218,,2783589000,桃園市龜山區文化里華亞二路５８－２號６樓,,,
,華亞汽電股份有限公司,,70783006,,2346368000,桃園市龜山區文化里０１９鄰華亞一路９８號,,,
,寶燕彩藝股份有限公司,,43737732,,620000000,桃園市龜山區文化里２２鄰頂湖一街５３號,,,
1455,集盛實業股份有限公司,集盛,43295237,,5316883800,桃園市龜山區新嶺里２１鄰東萬壽路６０號,,紡織纖維,上市公司
,順達科技股份有限公司,,16596982,,1474805210,桃園市龜山區樂善里文禾路１８８號十三樓,,,
2360,致茂電子股份有限公司,致茂,09461025,,4218745370,桃園市龜山區樂善里文茂路８８號,,其他電子業,上市公司
,第一美卡事業股份有限公司,,86500258,,842450000,桃園市龜山區樂善里１鄰文明一街４號,,,
2438,翔耀實業股份有限公司,翔耀,12364770,,601956410,桃園市龜山區舊路里東舊路街１１８巷１１號,,光電業,上市公司
,力根實業股份有限公司,,35974181,,528000000,桃園市龜山區舊路里東舊路街１４２號,,,
,中央造幣廠,,07048211,,600000000,桃園市龜山區舊路里７鄰振興路５７７號,,,
,晟楠科技股份有限公司,,15979384,,818209090,桃園市龜山區迴龍里萬壽路１段１６１號１８樓之１,,,
,晟裕科技股份有限公司,,54516356,,500000000,桃園市龜山區迴龍里萬壽路１段１６１號１８樓之１,,,
3060,銘異科技股份有限公司,銘異,30897480,,1375631900,桃園市龜山區龍華里萬壽路１段４９２－１號１０樓之１,,電腦及週邊設備業,上市公司
,大將作工業股份有限公司,,55872697,,700000000,臺中市北　區淡溝里臺灣大道２段３６０號２２樓之１,,,
4737,華廣生技股份有限公司,華廣,80310225,,622887940,臺中市南　區樹德里大慶街２段１００號,,生技醫療業,上市公司
,長泓能源科技股份有限公司,,25059175,,983450830,臺中市南　區福順里忠明南路７８９號３８樓之２,,,
,高鼎精密材料股份有限公司,,22777510,,600000000,臺中市南屯區寶山里工業區二一路３５號１樓,,,
2413,環隆科技股份有限公司,環科,52878846,,1273592000,臺中市南屯區寶山里工業區二七路３號１至３樓,,電子零組件業,上市公司
,星歐光學股份有限公司,,27474640,,1000000000,臺中市南屯區寶山里工業區二三路１４號２樓,,,
2439,美律實業股份有限公司,美律,52375605,,2170528420,臺中市南屯區寶山里工業區二三路２２號,,通信網路業,上市公司
,博大科技股份有限公司,,86757291,,776094040,臺中市南屯區寶山里工業區二二路３６號,,,
2483,百容電子股份有限公司,百容,52753108,,1106188070,臺中市南屯區寶山里工業區二五路２０號一樓,,電子零組件業,上市公司
,建上工業股份有限公司,,60299905,,680000000,臺中市南屯區寶山里工業區二六路９號,,,
6668,中揚光電股份有限公司,中揚光,54258218,,782919760,臺中市南屯區寶山里工業區二十二路２１號,,光電業,上市公司
,梧濟工業股份有限公司,,22977236,,540800000,臺中市南屯區寶山里工業區二十路１號,,,
4536,拓凱實業股份有限公司,拓凱,52590175,,908200000,臺中市南屯區寶山里工業區二十路１８號,,其他,上市公司
,聖詮科技股份有限公司,,97231610,,500000000,臺中市南屯區寶山里工業區二十路３６號１樓,,,
,富崐冷凍倉儲股份有限公司,,24802705,,508620000,臺中市南屯區寶山里工業區二十路３９之１號２樓,,,
,先益電子工業股份有限公司,,52543363,,611750000,臺中市南屯區寶山里工業區二四路２２號,,,
,慶鴻機電工業股份有限公司,,52307500,,540386000,臺中市南屯區文山里精科一路３號,,,
3008,大立光電股份有限公司,大立光,22480876,,1341401970,臺中市南屯區文山里精科路１１號,,光電業,上市公司
2049,上銀科技股份有限公司,上銀,23503047,,3407922400,臺中市南屯區文山里精科路７號,,電機機械,上市公司
,台中精機廠股份有限公司,,51817603,,2000000000,臺中市南屯區春社里精科中二路１號,,,
4576,大銀微系統股份有限公司,大銀微系統,97413843,,1198018480,臺中市南屯區春社里精科中路６號,,電機機械,上市公司
,業泓科技股份有限公司,,85114551,,703000000,臺中市后里區后里里后科南路２號,,,
,光燿科技股份有限公司,,70591859,,959703710,臺中市后里區后里里后科南路２２號,,,
6829,千附精密股份有限公司,千附精密,83599094,,537900000,臺中市后里區后里里后科南路２８號,,電機機械,興櫃公司
4537,旭東機械工業股份有限公司,旭東,56690647,,788400000,臺中市后里區后里里后科南路３０號,,光電業,興櫃公司
,達鴻先進科技股份有限公司,,84706109,,3899902700,臺中市后里區后里里后科南路８８號,,,
,友達晶材股份有限公司,,24410807,,4185831540,臺中市后里區后里里后科路２段３３５號,,,
,台灣美光記憶體股份有限公司,,28518076,,76592036150,臺中市后里區后里里１７鄰三豐路４段３６９號,,,
2015,豐興鋼鐵股份有限公司,豐興,55389357,,5815994000,臺中市后里區墩北里甲后路１段９９８號,,鋼鐵工業,上市公司
1541,錩泰工業股份有限公司,錩泰,23248433,,788000000,臺中市后里區墩南里南村路４１號,,電機機械,上市公司
,新鉅科技股份有限公司,,70748276,,1841918480,臺中市后里區廣福里后科路一段２６９號,,,
,台灣麗偉電腦機械股份有限公司,,97513218,,613469000,臺中市后里區廣福里星科路８號,,,
,日南紡織股份有限公司,,56039219,,1611860000,臺中市大甲區日南里幼獅路２９號,,,
3321,同泰電子科技股份有限公司,同泰,23983947,,1561448250,臺中市大甲區日南里青年路１２３號,,電子零組件業,上市公司
,百德機械股份有限公司,,86195222,,549500000,臺中市大甲區日南里１９鄰工六路３號,,,
,高僑自動化科技股份有限公司,,23712277,,1003863980,臺中市大甲區日南里５鄰工七路１號,,,
,永信藥品工業股份有限公司,,56065601,,833771700,臺中市大甲區頂店里中山路１段１１９１號,,,
,愛普智科技股份有限公司,,83153430,,500000000,臺中市大甲區龍泉里中山路２段９０１號,,,
1712,興農股份有限公司,興農,51911712,,4204925850,臺中市大肚區中和里南榮路１０１號１樓,,化學工業,上市公司
1225,福懋油脂股份有限公司,福懋油,22102298,,2187030510,臺中市大肚區福山里沙田路１段４５３號,,食品工業,上市公司
1515,力山工業股份有限公司,力山,55759180,,1814735000,臺中市大里區仁德里仁化路２６１號,,電機機械,上市公司
1536,和大工業股份有限公司,和大,52264848,,2795175130,臺中市大里區健民里仁化路１１５號,,汽車工業,上市公司
2472,立隆電子工業股份有限公司,立隆電,52358985,,1621595790,臺中市大里區大元里國光路１段１４７號,,電子零組件業,上市公司
,台通科技股份有限公司,,28227197,,555000000,臺中市大里區東湖里忠孝路１１號,,,
,財政部印刷廠,,57206903,,660000000,臺中市大里區金城里中興路１段２８８號,,,
9911,台灣櫻花股份有限公司,櫻花,23113940,,2211211880,臺中市大雅區二和里３鄰雅潭路４段４３６號,,其他,上市公司
,綠點高新科技股份有限公司,,12800766,,1626000000,臺中市大雅區員林里８鄰神林路一段２５６號,,,
,福裕事業股份有限公司,,55848584,,768803000,臺中市大雅區四德里龍善二街１２號,,,
,冠晶光電股份有限公司,,70849210,,500000000,臺中市大雅區四德里１６鄰中清路３段８１９巷１８號,,,
2387,精元電腦股份有限公司,精元,86244265,,1952510510,臺中市大雅區大楓里１４鄰昌平路４段４７５號,,電腦及週邊設備業,上市公司
1736,喬山健康科技股份有限公司,喬山,52347361,,3036166170,臺中市大雅區忠義里東大路２段９９９號,,生技醫療業,上市公司
1533,車王電子股份有限公司,車王電,04827138,,985474860,臺中市大雅區文雅里２０鄰中清路四段８５號,,汽車工業,上市公司
,永勝光學股份有限公司,,89616090,,1600000000,臺中市大雅區橫山里科雅二路８號,,,
2344,華邦電子股份有限公司,華邦電,22099218,,39800001930,臺中市大雅區橫山里１３鄰科雅一路８號,,半導體業,上市公司
3406,玉晶光電股份有限公司,玉晶光,23572557,,1121958630,臺中市大雅區橫山里１３鄰科雅東路１號,,光電業,上市公司
,台灣日東光學股份有限公司,,80026312,,568003000,臺中市大雅區橫山里１３鄰科雅西路７號,,,
,弘榮光罩股份有限公司,,12800724,,2532666340,臺中市大雅區橫山里１３鄰通山路１３號,,,
,高鋒工業股份有限公司,,55857746,,1080106890,臺中市大雅區秀山里科雅路１６號,,,
,大青節能科技股份有限公司,,53162904,,700000000,臺中市大雅區秀山里科雅路２７號３樓,,,
,長聖國際生技股份有限公司,,60274720,,618180000,臺中市大雅區秀山里科雅路３０號４樓,,,
,先進光電科技股份有限公司,,22301825,,1315458800,臺中市大雅區秀山里科雅路３３號２樓,,,
,華凌光電股份有限公司,,16527682,,500000000,臺中市大雅區秀山里科雅路４３號２樓,,,
4559,久裕興業科技股份有限公司,久裕興,55942764,,600000000,臺中市大雅區西寶里６鄰昌平路４段４６２巷９號,,電機機械,興櫃公司
,英全化學工業股份有限公司,,57104700,,623000000,臺中市太平區中興里太平路６７６號,,,
,誠洲股份有限公司,,55879740,,9800000000,臺中市太平區光華里大興路３６１號,,,
,太平新創股份有限公司,,97577492,,550000000,臺中市太平區光華里大興路３６１號,,,
,逢吉工業股份有限公司,,22602694,,595520000,臺中市太平區太平里合利街１５巷１號,,,
1558,伸興工業股份有限公司,伸興,55754185,,650000000,臺中市太平區太平里永成路７８號,,電機機械,上市公司
1539,巨庭機械股份有限公司,巨庭,52646207,,700000000,臺中市太平區太平里永豐路７８號,,電機機械,上市公司
,白紗科技印刷股份有限公司,,70730281,,600416800,臺中市太平區宜欣里祥順路１段１１６號,,,
,餘慶堂興業股份有限公司,,28730458,,750000000,臺中市梧棲區下寮里８鄰大智路２段１７９號１樓,,,
6209,今國光學工業股份有限公司,今國光,56654500,,1741469310,臺中市梧棲區永安里０１４鄰向上路九段５６２巷９１號,,光電業,上市公司
,金名山光電股份有限公司,,22558769,,554940000,臺中市梧棲區永寧里永興路１段５４６巷２７號,,,
,盟鑫工業股份有限公司,,96887456,,772680220,臺中市梧棲區經三路３３號,,,
,台灣特格股份有限公司,,70848036,,600000000,臺中市梧棲區緯五路６號,,,
,華城重電股份有限公司,,54659163,,1412000000,臺中市梧棲區草湳里南橫一路５００號,,,
,愛地雅工業股份有限公司,,97506791,,3013812520,臺中市梧棲區草湳里港埠路１段４９７號,,,
2233,宇隆科技股份有限公司,宇隆,22702791,,602880890,臺中市梧棲區草湳里經二路５９號,,汽車工業,上市公司
6128,上福全球科技股份有限公司,上福,56625344,,1275887400,臺中市梧棲區草湳里自強路５０號,,電腦及週邊設備業,上市公司
,大裕生技製藥股份有限公司,,29186096,,500000000,臺中市梧棲區草湳里１３鄰經一路４９號,,,
,味丹企業股份有限公司,,56121907,,3751000000,臺中市沙鹿區斗抵里興安路６５號,,,
,弘光科技大學,,39781453,,2909270348,臺中市沙鹿區晉江里臺灣大道六段１０１８號,,,
1219,福壽實業股份有限公司,福壽,56192402,,3220138870,臺中市沙鹿區興安里沙田路４５號,,食品工業,上市公司
,益聯糖業股份有限公司,,53330655,,1160000000,臺中市清水區海濱里北一路１１號,,,
,中聯油脂股份有限公司,,89480404,,600000000,臺中市清水區海濱里１５鄰北堤路１―８號,,,
,台灣大食品股份有限公司,,80677145,,822749360,臺中市清水區海濱里１５鄰北堤路３５號,,,
,矽品精密工業股份有限公司,,55991080,,36517488780,臺中市潭子區大豐里大豐路３段１２３號,,,
,邦泰複合材料股份有限公司,,52784171,,843000000,臺中市潭子區新田里豐興路２段龍興巷２３－６號,,,
,應華工業股份有限公司,,47043613,,595975710,臺中市潭子區東寶里雅潭路２段５６號,,,
2484,希華晶體科技股份有限公司,希華,22771229,,1594210220,臺中市潭子區潭秀里中山路３段１１１巷１―１號,,電子零組件業,上市公司
,億威電子系統股份有限公司,,22100284,,622085240,臺中市潭子區潭秀里南二路１６之１號,,,
3019,亞洲光學股份有限公司,亞光,55921894,,2810839010,臺中市潭子區潭秀里南二路２２－３號,,光電業,上市公司
2369,菱生精密工業股份有限公司,菱生,55625676,,3801023440,臺中市潭子區潭秀里台中加工出口區南二路５－１號,,半導體業,上市公司
,勝華科技股份有限公司,,22100398,,20477784150,臺中市潭子區潭秀里台中加工出口區建國路１０號,,,
,安碁科技股份有限公司,,22100469,,500000000,臺中市潭子區潭秀里建國路１１－３號,,,
,台灣佳能股份有限公司,,55336845,,800000000,臺中市潭子區潭秀里建國路１８號,,,
9934,成霖企業股份有限公司,成霖,30899261,,3581639620,臺中市潭子區潭秀里建國路２２號,,其他,上市公司
,利茗機械股份有限公司,,55852828,,506000000,臺中市潭子區潭秀里潭富路一段１６８號,,,
4976,佳凌科技股份有限公司,佳凌,70848492,,1387410000,臺中市潭子區潭秀里臺中加工出口區建國路２４號,,光電業,上市公司
,光聯科技股份有限公司,,22100405,,1063518320,臺中市潭子區潭秀里（潭子科技園區）建國路１２號,,,
4142,國光生物科技股份有限公司,國光生,33259508,,4295077500,臺中市潭子區聚興里潭興路１段３號,,生技醫療業,上市公司
,金統立工業股份有限公司,,22108011,,602800000,臺中市烏日區螺潭里９鄰溪南路２段２７０巷６５弄６６號,,,
1540,喬福機械工業股份有限公司,喬福,52903090,,854736000,臺中市神岡區北庄里中山路１０５６號,,電機機械,上市公司
,銀泰科技股份有限公司,,23700883,,1000000000,臺中市神岡區岸裡里７鄰大富路２０巷７１號,,,
,永進機械工業股份有限公司,,55051523,,566780000,臺中市神岡區新庄里和睦路１段８８８號,,,
,健豪印刷事業股份有限公司,,16332027,,543211000,臺中市西　區大忠里忠明南路２３０號,,,
1721,三晃股份有限公司,三晃,55738290,,1848840920,臺中市西　區忠明里中興街２２９號５樓,,化學工業,上市公司
,偉盟工業股份有限公司,,22457501,,3652433370,臺中市西　區忠誠里臺灣大道２段５３６號５樓之１,,,
6841,長佳智能股份有限公司,長佳智能,50824681,,900000000,臺中市西　區忠誠里臺灣大道２段５７３號８樓,,生技醫療業,興櫃公司
,萬鮮股份有限公司,,82769900,,500000000,臺中市西　區民龍里臺灣大道二段２１８號二十九樓,,,
,江興鍛壓工業股份有限公司,,52604255,,765142680,臺中市西屯區協和里協和南巷３－１號,,,
,大陽科技股份有限公司,,97397029,,539577000,臺中市西屯區協和里工業區七路１８號,,,
,金棠科技股份有限公司,,16449928,,1714959000,臺中市西屯區協和里工業區七路２０號,,,
,台氟科技股份有限公司,,97590122,,520000000,臺中市西屯區協和里工業區七路２８號１樓,,,
,振鋒企業股份有限公司,,15999190,,1003376880,臺中市西屯區協和里工業區三三路３９號,,,
1315,達新工業股份有限公司,達新,51059101,,1386000000,臺中市西屯區協和里工業區三五路５１號,,塑膠工業,上市公司
1527,鑽全實業股份有限公司,鑽全,20982120,,1385706400,臺中市西屯區協和里工業區三六路２４號,,電機機械,上市公司
,大方船舶股份有限公司,,83586921,,600000000,臺中市西屯區協和里工業區三十五路３７號３樓,,,
,大東樹脂化學股份有限公司,,51008069,,880000000,臺中市西屯區協和里工業區三四路３５號,,,
,裕力機械股份有限公司,,34219456,,636087504,臺中市西屯區協和里工業區九路１０號,,,
,維他露食品股份有限公司,,51821108,,1440000000,臺中市西屯區協和里工業區九路２６號,,,
,裕國冷凍冷藏股份有限公司,,23641978,,1194400000,臺中市西屯區協和里工業區二路３號,,,
9939,宏全國際股份有限公司,宏全,58176511,,2877858790,臺中市西屯區協和里工業區二路６號１樓,,其他,上市公司
1583,程泰機械股份有限公司,程泰,52353530,,1104003720,臺中市西屯區協和里工業區五路１３號,,電機機械,上市公司
,墩豐機械工業股份有限公司,,55981554,,586798000,臺中市西屯區協和里工業區六路１２號１樓,,,
,協鴻工業股份有限公司,,51321357,,700000000,臺中市西屯區協和里工業區六路６號１樓,,,
8033,雷虎科技股份有限公司,雷虎,52541175,,1326297750,臺中市西屯區協和里工業區六路７號１樓,,其他,上市公司
,久正光電股份有限公司,,22100566,,1621732210,臺中市西屯區協和里工業區六路８號１樓至５樓,,,
8481,政伸企業股份有限公司,政伸,22396792,,666018660,臺中市西屯區協和里工業區十二路６號,,其他,上市公司
,台灣發那科股份有限公司,,22340019,,1448190000,臺中市西屯區協和里工業區十六路１０號,,,
6706,惠特科技股份有限公司,惠特,70697332,,721779350,臺中市西屯區協和里５鄰工業區三五路３號１樓,,光電業,上市公司
8464,億豐綜合工業股份有限公司,億豐,28696894,,2930202000,臺中市西屯區惠來里市政北七路９８號２３樓之１,,其他,上市公司
,展頌股份有限公司,,22927617,,2237279020,臺中市西屯區惠來里７鄰市政路３８６號１９樓之６,,,
2062,橋椿金屬股份有限公司,橋椿,59353423,,1999941520,臺中市西屯區惠來里７鄰市政路３８６號２２樓１，３，５－８及２３樓１，３等,,其他,上市公司
9921,巨大機械工業股份有限公司,巨大,56054251,,3750646260,臺中市西屯區林厝里東大路１段９９７號及９９９號,,其他,上市公司
5234,達興材料股份有限公司,達興材料,28357108,,1027159110,臺中市西屯區林厝里科園一路１５號,,光電業,上市公司
,凌嘉科技股份有限公司,,70626771,,530044070,臺中市西屯區林厝里科園一路１６號,,,
,威翔航空科技股份有限公司,,54135526,,600000000,臺中市西屯區林厝里科園一路５號,,,
4583,台灣精銳科技股份有限公司,台灣精銳,70647919,,729283000,臺中市西屯區林厝里科園三路１０號,,電機機械,興櫃公司
,聯勝光電股份有限公司,,12800908,,582493400,臺中市西屯區林厝里科園三路８號,,,
,長園科技實業股份有限公司,,16207745,,598141900,臺中市西屯區林厝里科雅東路９號,,,
,晨豐光電股份有限公司,,25097311,,729572000,臺中市西屯區潮洋里市政北二路２３６號２４樓之１,,,
,元創精密車業股份有限公司,,52811070,,795740000,臺中市西屯區潮洋里０１９鄰朝富路２１３號４樓之７,,,
2246,凱勝綠能科技股份有限公司,凱勝綠能,53823551,,587100000,臺中市西屯區至善里臺灣大道３段６５８號十樓之３,,電機機械,興櫃公司
2634,漢翔航空工業股份有限公司,漢翔,97160544,,9418671010,臺中市西屯區西平里漢翔路１號,,航運業,上市公司
,承鋒鑄造工業股份有限公司,,55837778,,650000000,臺中市豐原區南村里水源路３４３巷６－１號,,,
,天心工業股份有限公司,,52259079,,550000000,臺中市霧峰區南柳里霧工八路６號,,,
,三久股份有限公司,,57001697,,520000000,臺中市霧峰區吉峰里民生路３９６號,,,
,源興紡織股份有限公司,,84079466,,624323920,臺中市龍井區忠和里工業路２５２巷４６號,,,
,中龍鋼鐵股份有限公司,,84613756,,86125861000,臺中市龍井區麗水里龍昌路１００號,,,
,永鑫再生能源開發股份有限公司,,52413925,,905000000,臺北市中山區下埤里復興北路４２０號１３樓之１,,,
,兆洋股份有限公司,,43848955,,722000000,臺北市中山區下埤里復興北路４２０號１３樓之２,,,
,強方科技股份有限公司,,50880732,,745465000,臺北市中山區中原里長春路８９之４號４樓,,,
,力麟科技股份有限公司,,24973849,,600000000,臺北市中山區中吉里松江路１６２號１１樓,,,
,貝民股份有限公司,,20561107,,927107730,臺北市中山區中吉里１０鄰松江路１６８號８樓,,,
1409,新光合成纖維股份有限公司,新纖,07435515,,16184092910,臺北市中山區中央里南京東路二段１２３號８樓及１２樓,,紡織纖維,上市公司
,欣泛亞聚酯工業股份有限公司,,28181306,,539649550,臺北市中山區中央里南京東路２段１２３號１２樓,,,
,邦新工業股份有限公司,,12654530,,505000000,臺北市中山區中央里南京東路２段１２３號８樓,,,
,新科光電材料股份有限公司,,27366467,,859924250,臺北市中山區中央里南京東路２段１２３號８樓,,,
,台灣寶理塑膠股份有限公司,,22853994,,1590000000,臺北市中山區中央里南京東路２段１３７號１２樓,,,
,永成環科股份有限公司,,42822350,,1060169750,臺北市中山區中央里民生東路２段１７４號５樓,,,
1101,臺灣水泥股份有限公司,台泥,11913502,,63252340020,臺北市中山區中山北路２段１１３號,,水泥工業,上市公司
2104,國際中橡投資控股股份有限公司,國際中橡,04382114,,9847336250,臺北市中山區中山北路２段１１３號８樓,,橡膠工業,上市公司
1103,嘉新水泥股份有限公司,嘉泥,11892801,,7768285000,臺北市中山區中山北路２段９６號,,水泥工業,上市公司
2371,大同股份有限公司,大同,11026506,,23395366850,臺北市中山區中山北路３段２２號,,電機機械,上市公司
4738,尚志精密化學股份有限公司,尚化,12306385,,775960000,臺北市中山區中山北路３段２２號,,化學工業,興櫃公司
1325,恒大股份有限公司,恆大,11455800,,852811980,臺北市中山區中山里林森北路３７２號１０樓,,塑膠工業,上市公司
,彩煇科技股份有限公司,,16089466,,680000000,臺北市中山區中山里長春路１９號５樓,,,
,台灣桃電投資股份有限公司,,24307557,,3601115090,臺北市中山區力行里南京東路３段１６８號１６樓之１,,,
,台灣艾希亞投資股份有限公司,,28834355,,5833080860,臺北市中山區力行里南京東路３段１６８號１６樓之１,,,
,泛亞聚酯工業股份有限公司,,12288529,,505700000,臺北市中山區南京東路２段１２３號８樓,,,
1104,環球水泥股份有限公司,環泥,07568009,,6536091920,臺北市中山區南京東路２段１２５號１０樓,,水泥工業,上市公司
,聯超實業股份有限公司,,89609149,,979372100,臺北市中山區南京東路２段２０６號１３樓之５,,,
1709,和益化學工業股份有限公司,和益,04312878,,4770162720,臺北市中山區南京東路２段２０６號１４樓,,化學工業,上市公司
,和協環保科技股份有限公司,,84447589,,500000000,臺北市中山區南京東路２段２０６號１４樓,,,
1220,台榮產業股份有限公司,台榮,03543210,,1790779000,臺北市中山區南京東路２段２０６號６樓,,食品工業,上市公司
,台灣日立江森自控股份有限公司,,11915305,,2334470900,臺北市中山區南京東路３段６１號１－２樓及６３號１至４樓,,,
,智豐科技股份有限公司,,13117926,,1434886000,臺北市中山區南京東路３段６８號８樓,,,
,員和工業股份有限公司,,04293133,,500000000,臺北市中山區圓山里德惠街９號６樓,,,
,六和化工股份有限公司,,07057442,,6029874910,臺北市中山區圓山里德惠街９號６樓,,,
4770,上品綜合工業股份有限公司,上品,36075449,,785450000,臺北市中山區圓山里民族東路１２號４樓,,化學工業,上市公司
,金頻道有線電視股份有限公司,,97161298,,748880200,臺北市中山區埤頭里八德路２段２６０號８樓,,,
2597,潤弘精密工程事業股份有限公司,潤弘,66394146,,1849500000,臺北市中山區埤頭里八德路２段３０８號１０樓,,建材營造,上市公司
8463,潤泰精密材料股份有限公司,潤泰材,86871981,,1500000000,臺北市中山區埤頭里八德路２段３０８號１０樓,,其他,上市公司
,潤華染織廠股份有限公司,,27093207,,7245340000,臺北市中山區埤頭里八德路２段３０８號１１樓之１,,,
2915,潤泰全球股份有限公司,潤泰全,14053007,,7343187720,臺北市中山區埤頭里八德路２段３０８號１３樓之１,,貿易百貨,上市公司
1618,合機電線電纜股份有限公司,合機,23206102,,1926917470,臺北市中山區埤頭里復興南路１段３６―９號３樓,,電器電纜,上市公司
,三福氣體股份有限公司,,11072509,,7633562620,臺北市中山區康樂里中山北路２段２１號５樓,,,
,藍海氣體工業股份有限公司,,28438186,,800000000,臺北市中山區康樂里中山北路２段２１號５樓,,,
4755,三福化工股份有限公司,三福化,80170651,,907060000,臺北市中山區康樂里中山北路２段２１號５樓,,化學工業,上市公司
,國宏股份有限公司,,12276447,,1056706560,臺北市中山區建國北路１段６９號１１，１２樓７１號１１樓,,,
,天聲工業股份有限公司,,12275995,,741000000,臺北市中山區建國北路２段１２７號９樓,,,
,穗曄實業股份有限公司,,14076058,,742500000,臺北市中山區建國北路２段６６號６樓,,,
2010,春源鋼鐵工業股份有限公司,春源,11529802,,6476553000,臺北市中山區復興北路５０２號６樓﹒６之１樓﹒７樓﹒７樓之１,,鋼鐵工業,上市公司
1324,地球綜合工業股份有限公司,地球,07147916,,751218000,臺北市中山區復華里南京東路３段６１號７樓,,塑膠工業,上市公司
2415,錩新科技股份有限公司,錩新,44913118,,800000000,臺北市中山區復華里遼寧街１７９號２０樓,,電子零組件業,上市公司
,加陳國際藥業股份有限公司,,82807313,,1065736290,臺北市中山區成功里北安路７８０號６樓之３,,,
,台灣東洋先端科技股份有限公司,,70815534,,600000000,臺北市中山區新生里松江路３１８號６樓及６樓之１,,,
,芳泉工業股份有限公司,,12262675,,1280000000,臺北市中山區晴光里中山北路３段２７號１２樓,,,
,深耕開發股份有限公司,,84611899,,9866088730,臺北市中山區朱園里南京東路２段１３２號１２樓之１,,,
,旭晶能源科技股份有限公司,,28710137,,2802147000,臺北市中山區朱園里南京東路２段１５０號１０樓,,,
,行企股份有限公司,,12971297,,1080000000,臺北市中山區朱園里南京東路２段１５０號７樓,,,
,唐榮車輛科技股份有限公司,,79953001,,569335940,臺北市中山區朱園里南京東路２段１６０號９樓,,,
,復盛股份有限公司,,28674272,,12308470250,臺北市中山區朱園里南京東路２段１７２號１，２，３樓,,,
6670,復盛應用科技股份有限公司,復盛應用,53091900,,1184300000,臺北市中山區朱園里南京東路２段１７２號３樓,,其他,上市公司
1598,岱宇國際股份有限公司,岱宇,23751545,,1340222540,臺北市中山區朱園里松江路１１１號１２樓,,生技醫療業,上市公司
,日商三菱商事林口工程事務所,,26378752,,72680790000,臺北市中山區朱園里松江路８７號１４樓,,,
,日商三菱商事大潭七號機擴建工程事務所,,77797650,,57899296187,臺北市中山區朱園里松江路８７號１４樓,,,
,瑞福食品股份有限公司,,52500300,,700000000,臺北市中山區朱園里松江路８７號１７樓,,,
2211,長榮鋼鐵股份有限公司,長榮鋼,81188829,,4199819630,臺北市中山區朱園里長安東路２段１００號１１樓,,鋼鐵工業,上市公司
1476,儒鴻企業股份有限公司,儒鴻,35884479,,2743671110,臺北市中山區朱園里長安東路２段８０號１０樓之３,,紡織纖維,上市公司
,美商奇異電氣股份有限公司大潭計畫辦事處,,75959263,,20509829731,臺北市中山區朱馥里民生東路三段８號６樓,,,
,奇異亞洲醫療設備股份有限公司,,84307412,,527000000,臺北市中山區朱馥里民生東路３段８號６樓,,,
2207,和泰汽車股份有限公司,和泰車,03251108,,6000000000,臺北市中山區松江路１２１號８至１４樓,,汽車工業,上市公司
1201,味全食品工業股份有限公司,味全,11347802,,8000000000,臺北市中山區松江路１２５號,,食品工業,上市公司
1444,力麗企業股份有限公司,力麗,07663290,,9573029420,臺北市中山區松江路１６２號１１樓,,紡織纖維,上市公司
1447,力鵬企業股份有限公司,力鵬,33955322,,9144872420,臺北市中山區松江路１６２號６樓,,紡織纖維,上市公司
,臺隆工業股份有限公司,,03538906,,500000000,臺北市中山區松江路２６１號１２樓,,,
1614,台灣三洋電機股份有限公司,三洋電,03564501,,3166040000,臺北市中山區松江路２６６號１０樓,,電器電纜,上市公司
9905,大華金屬工業股份有限公司,大華,04403363,,3050000000,臺北市中山區松江路２９３―８０５號,,其他,上市公司
,長春石油化學股份有限公司,,11384806,,7151862870,臺北市中山區松江路３０１號７樓,,,
,中國廣播股份有限公司,,03708205,,3224354400,臺北市中山區松江路３７５號７樓,,,
,台灣美聲企業股份有限公司,,04367057,,621000000,臺北市中山區松江路６７號２樓,,,
1215,台灣卜蜂企業股份有限公司,卜蜂,36514783,,2679909980,臺北市中山區松江路８７號１７樓,,食品工業,上市公司
,慧盛材料股份有限公司,,42839916,,1505332000,臺北市中山區松江里松江路２２３號十五樓,,,
,信昌化學工業股份有限公司,,86120031,,1319599250,臺北市中山區松江里松江路３０１號７樓,,,
,日商三菱化工機股份有限公司頭份工程場所,,26206702,,1472390000,臺北市中山區正得里中山北路１段２７號１１樓,,,
,日商三菱化工機股份有限公司電材工廠工程場所,,42458970,,1187092500,臺北市中山區正得里中山北路１段２７號１１樓,,,
,日商三菱化工機股份有限公司充填設備工程場所,,42523634,,1187092500,臺北市中山區正得里中山北路１段２７號１１樓,,,
,日商三菱化工機股份有限公司化學建廠工程場所,,77218961,,1187092500,臺北市中山區正得里中山北路１段２７號１１樓,,,
2006,東和鋼鐵企業股份有限公司,東和鋼鐵,75280209,,7302138180,臺北市中山區正得里長安東路１段９號６樓,,鋼鐵工業,上市公司
,東鋼鋼結構股份有限公司,,84307530,,2063105270,臺北市中山區正得里長安東路１段９號６樓,,,
,中和紡織股份有限公司,,07057604,,538200000,臺北市中山區民安里中山北路２段２６巷１５號１樓,,,
1419,新光紡織股份有限公司,新紡,07435901,,3000412000,臺北市中山區民安里中山北路２段４４號１１樓、１２樓、１５樓,,紡織纖維,上市公司
,宜鋼股份有限公司,,07671025,,600000000,臺北市中山區民生東路１段１３號３樓,,,
,永大特殊鋼股份有限公司,,11167300,,984000000,臺北市中山區民生東路２段２２號,,,
2020,美亞鋼管廠股份有限公司,美亞,44680700,,2225261000,臺北市中山區江寧里民權東路３段２―１號１２樓,,鋼鐵工業,上市公司
,台灣本田股份有限公司,,80327957,,3580000000,臺北市中山區江山里民生東路３段６９號１４樓,,,
1203,味王股份有限公司,味王,07067309,,2400000000,臺北市中山區聚盛里中山北路２段７９號５樓,,食品工業,上市公司
1467,南緯實業股份有限公司,南緯,69559487,,2336246670,臺北市中山區聚盛里林森北路４２６號２樓,,紡織纖維,上市公司
,日商丸紅股份有限公司台灣軌道交通工程事務所,,14745229,,1494021000,臺北市中山區聚盛里錦州街２８號４樓,,,
,台灣士敏工程企業股份有限公司,,04435512,,601656000,臺北市中山區聚葉里中山北路２段１１３號１０樓,,,
,台泥蓮信綠能股份有限公司,,42958715,,4012000000,臺北市中山區聚葉里中山北路２段１１３號１０樓,,,
,台泥循環能源科技股份有限公司,,82908184,,16450979180,臺北市中山區聚葉里中山北路２段１１３號１１樓,,,
,台泥儲能科技股份有限公司,,83196607,,2006000000,臺北市中山區聚葉里中山北路２段１１３號１１樓,,,
,三元能源科技股份有限公司,,90838471,,10001000000,臺北市中山區聚葉里中山北路２段１１３號１１樓,,,
,台泥再生資源股份有限公司,,23988339,,2400000000,臺北市中山區聚葉里中山北路２段１１３號９樓,,,
,堡達實業股份有限公司,,22625795,,535647420,臺北市中山區聚葉里中山北路２段１２９號１０樓,,,
,日商日本車輛製造股份有限公司台鐵電聯車７００型工事事務所,,09761682,,3198341000,臺北市中山區聚葉里中山北路２段１２９號９樓之２,,,
,崇友實業股份有限公司,,04416894,,1770120000,臺北市中山區興亞里南京東路２段８８號１３樓,,,
1722,台灣肥料股份有限公司,台肥,03795101,,9800000000,臺北市中山區興亞里南京東路２段８８號６樓,,化學工業,上市公司
,培豐科技股份有限公司,,52715695,,2400000000,臺北市中山區興亞里南京東路２段８８號８樓,,,
,產協企業股份有限公司,,11829913,,788000000,臺北市中山區興亞里南京東路２段９０號３樓,,,
,良維科技股份有限公司,,11298247,,1477661970,臺北市中山區長安東路１段３６號１０樓,,,
,福華電子股份有限公司,,11825450,,1399830600,臺北市中山區集英里中山北路３段２２號,,,
1603,中華電線電纜股份有限公司,華電,35882520,,1916880000,臺北市中山區集英里中山北路３段５８號４樓﹒５８號５樓之２,,電器電纜,上市公司
,台灣美國無線電股份有限公司,,43433203,,1537450000,臺北市中山區集英里中山北路３段５８號７樓之１,,,
,富達鋼鐵股份有限公司,,04447088,,831754110,臺北市中山區龍江路４５１號１樓,,,
,中華通路租賃股份有限公司,,23323707,,711672650,臺北市中正區三愛里信義路２段２１３號５樓,,,
1616,億泰電線電纜股份有限公司,億泰,22819700,,1941485000,臺北市中正區仁愛路２段９１巷１號１樓,,電器電纜,上市公司
,勝麗國際股份有限公司,,86126696,,573071140,臺北市中正區光復里延平南路８３號６樓,,,
,和橋實業股份有限公司,,04277611,,945000000,臺北市中正區光復里衡陽路５１號８樓之２,,,
1109,信大水泥股份有限公司,信大,03279507,,3419578680,臺北市中正區寶慶路３７號７樓,,水泥工業,上市公司
,富堡工業股份有限公司,,30851864,,505808620,臺北市中正區幸市里忠孝東路２段１３０號２樓之３,,,
,台中銀租賃事業股份有限公司,,53023903,,1989639740,臺北市中正區幸市里新生南路１段５０號４樓之５,,,
1418,東華合纖股份有限公司,東華,11083148,,568343090,臺北市中正區幸市里新生南路１段５６號９樓,,紡織纖維,上市公司
6271,同欣電子工業股份有限公司,同欣電,04226986,,1787082820,臺北市中正區延平南路８３號６樓,,半導體業,上市公司
,嵩益實業股份有限公司,,21259476,,652084450,臺北市中正區忠孝東路２段１９號３樓,,,
,旭榮製衣股份有限公司,,84790909,,508000000,臺北市中正區忠孝東路２段９６號３樓,,,
,萬寶祿生技新藥股份有限公司,,24942972,,2520000000,臺北市中正區梅花里忠孝東路１段４９巷１７號３樓,,,
2107,厚生股份有限公司,厚生,03283306,,3423260000,臺北市中正區漢口街一段８２號８樓,,橡膠工業,上市公司
1310,台灣苯乙烯工業股份有限公司,台苯,20844865,,5278697640,臺北市中正區羅斯福路１段６號８樓之１,,塑膠工業,上市公司
,裕盛開發股份有限公司,,70815844,,724570000,臺北市中正區羅斯福路１段６號８樓之１,,,
,桂冠實業股份有限公司,,18868215,,770000000,臺北市中正區羅斯福路３段１２６號,,,
,金車股份有限公司,,05007903,,3975000000,臺北市中正區羅斯福路３段２３０號,,,
1701,中國化學製藥股份有限公司,中化,03088802,,2980810000,臺北市中正區襄陽路２３號,,生技醫療業,上市公司
,元瀚材料股份有限公司,,70565389,,1838192680,臺北市中正區重慶南路２段５１號１５樓,,,
,歌林股份有限公司,,35451108,,8939626000,臺北市中正區黎明里懷寧街１０６號２樓之１,,,
,協益電子股份有限公司,,35229109,,1030400000,臺北市中正區黎明里館前路４９號３樓,,,
,台灣菸酒股份有限公司,,03787101,,43854999000,臺北市中正區龍福里南昌路１段４號１樓,,,
,永豐餘工業用紙股份有限公司,,27719048,,4101500000,臺北市中正區龍福里重慶南路２段５１號１２樓,,,
2427,三商電腦股份有限公司,三商電,31275691,,1843144630,臺北市信義區信義路５段１５０巷２號４樓之３,,資訊服務業,上市公司
1795,美時化學製藥股份有限公司,美時,11456110,,2627963120,臺北市信義區六合里松仁路２７７號１７樓,,生技醫療業,上市公司
,台灣日光燈股份有限公司,,11921502,,3158900000,臺北市信義區四育里松隆路１６７號９樓,,,
,豐新一陽光能源股份有限公司,,83478704,,1080000000,臺北市信義區安康里松仁路８９號１２樓,,,
,皇龍開發股份有限公司,,86746561,,840000000,臺北市信義區安康里松德路１７１號１６樓之２,,,
3021,鴻名企業股份有限公司,鴻名,84274833,,930000000,臺北市信義區新仁里東興路５９號６樓,,電子零組件業,上市公司
1439,中和羊毛工業股份有限公司,中和,11113403,,920000000,臺北市信義區新仁里１鄰忠孝東路四段５５７－１號十九樓,,紡織纖維,上市公司
,台灣史谷脫紙業股份有限公司,,11820053,,545204000,臺北市信義區景新里信義路５段８號９樓,,,
,豐新二陽光能源股份有限公司,,90818405,,750000000,臺北市信義區松仁路８９號１２樓之４,,,
2493,揚博科技股份有限公司,揚博,30929883,,1144373000,臺北市信義區松德路１７１號１７樓,,電子零組件業,上市公司
,友嘉實業股份有限公司,,30878408,,1024291740,臺北市信義區永吉路１８６號１樓,,,
9929,秋雨創新股份有限公司,秋雨,69439272,,1012800000,臺北市信義區永吉里市民大道６段２８８號９樓,,其他,上市公司
,偉智光電科技股份有限公司,,16292587,,1331881000,臺北市信義區永春里忠孝東路５段６６９號２樓之２,,,
,中紡科技實業股份有限公司,,28440296,,1123000000,臺北市信義區興隆里基隆路一段２００號１０樓,,,
,中興紡織廠股份有限公司,,35082604,,5450703820,臺北市信義區興隆里基隆路一段２００號１０樓之１,,,
1477,聚陽實業股份有限公司,聚陽,23609668,,2418565810,臺北市信義區興隆里忠孝東路四段５５０號８樓,,紡織纖維,上市公司
,聯合利華股份有限公司,,23526604,,632999000,臺北市信義區興隆里忠孝東路４段５５０號３樓,,,
,坤慶國際開發股份有限公司,,11438401,,779969000,臺北市信義區興隆里忠孝東路４段５６０號９樓之２,,,
,神菇玉生醫開發股份有限公司,,53915545,,835208500,臺北市信義區興雅里基隆路一段１４９號３樓之７,,,
,台灣韋能能源控股股份有限公司,,83709487,,1713702400,臺北市信義區興雅里忠孝東路五段６８號２０樓,,,
,星崴電力股份有限公司,,83645885,,900000000,臺北市信義區興雅里松高路１號１０樓之１,,,
,圓方創新股份有限公司,,22538379,,761541560,臺北市信義區西村里基隆路１段３３３號２０樓,,,
,海能風力發電股份有限公司,,50898557,,11564903000,臺北市信義區西村里松仁路１００號２７樓之１,,,
,輝瑞大藥廠股份有限公司,,37199708,,633805000,臺北市信義區西村里松仁路１００號４２、４３樓,,,
,日煙國際製造股份有限公司,,54368658,,6284286320,臺北市信義區西村里松仁路３２號７樓,,,
2492,華新科技股份有限公司,華新科,19004316,,4858042990,臺北市信義區西村里松智路１號２４樓,,電子零組件業,上市公司
1605,華新麗華股份有限公司,華新,35412204,,34313329480,臺北市信義區西村里松智路１號２５樓,,電器電纜,上市公司
,弘帆股份有限公司,,12547173,,520816000,臺北市內湖區內湖路１段３６０巷１７號５樓,,,
,綿春纖維工業股份有限公司,,22349877,,513956340,臺北市內湖區內湖路１段３９２丶３９６號１０樓丶３９６號１０樓之１,,,
,瑞安大藥廠股份有限公司,,23045916,,559554360,臺北市內湖區港墘里內湖路一段３９２號１１樓之１,,,
1456,怡華實業股份有限公司,怡華,33144175,,937200000,臺北市內湖區港墘里內湖路１段３９２號１２樓之１,,建材營造,上市公司
,新燕實業股份有限公司,,07487111,,2789250000,臺北市內湖區港墘里內湖路１段５１２號３樓,,,
,神通電腦股份有限公司,,47249755,,3785188500,臺北市內湖區港墘里堤頂大道２段１８７號,,,
,神通資訊科技股份有限公司,,53000774,,1500000000,臺北市內湖區港墘里堤頂大道２段１８７號１０樓,,,
,默克先進科技材料股份有限公司,,84308806,,881300000,臺北市內湖區港墘里堤頂大道２段８９號６樓,,,
,亞矽科技股份有限公司,,22033899,,500471000,臺北市內湖區港墘里洲子街５８號７樓,,,
6215,和椿科技股份有限公司,和椿,12304443,,827896930,臺北市內湖區港墘里洲子街６０號２樓,,其他電子業,上市公司
,大江生醫股份有限公司,,12292039,,1182448300,臺北市內湖區港墘里港墘路１８７號８樓,,,
,台灣第一新藥股份有限公司,,27531430,,2775277030,臺北市內湖區港墘里港墘路１８９號８樓,,,
3583,辛耘企業股份有限公司,辛耘,30901647,,811390000,臺北市內湖區港墘里瑞光路２０８號１１樓,,半導體業,上市公司
,擎邦國際科技工程股份有限公司,,05114306,,707909610,臺北市內湖區港墘里瑞光路２１０號５樓,,,
8101,華冠通訊股份有限公司,華冠,70747852,,2080887950,臺北市內湖區港墘里瑞光路２５８巷２號７樓,,通信網路業,上市公司
8201,無敵科技股份有限公司,無敵,23163259,,623662750,臺北市內湖區港墘里瑞光路２５８巷５６號６樓之１,,其他電子業,上市公司
4440,宜新實業股份有限公司,宜新實業,54332940,,675980000,臺北市內湖區港墘里瑞光路２６６號十一樓,,紡織纖維,上市公司
,禾瑞亞科技股份有限公司,,80342958,,612527350,臺北市內湖區港墘里瑞光路３０２號１１樓,,,
3338,泰碩電子股份有限公司,泰碩,89858152,,698359850,臺北市內湖區港墘里瑞光路３０２號３樓,,電子零組件業,上市公司
,中租電力科技股份有限公司,,43941328,,770000000,臺北市內湖區港墘里瑞光路３６２號８樓,,,
,泰源電力股份有限公司,,50965226,,1170050000,臺北市內湖區港墘里瑞光路３６２號８樓,,,
,永唐有限公司,,53823428,,500691219,臺北市內湖區港墘里瑞光路３６２號８樓,,,
,天英能源股份有限公司,,82874121,,1280000000,臺北市內湖區港墘里瑞光路３６２號８樓,,,
,和聯電業股份有限公司,,85112272,,3460588000,臺北市內湖區港墘里瑞光路３６２號８樓,,,
,和烜股份有限公司,,91015100,,1253120000,臺北市內湖區港墘里瑞光路３６２號８樓,,,
,建興儲存科技股份有限公司,,82834183,,4482454000,臺北市內湖區港墘里瑞光路３９２號１２樓,,,
2301,光寶科技股份有限公司,光寶科,23357403,,23508670320,臺北市內湖區港墘里瑞光路３９２號２２樓,,電腦及週邊設備業,上市公司
,光寶綠色能資科技股份有限公司,,29059373,,670000000,臺北市內湖區港墘里瑞光路３９２號２２樓,,,
,星元電力股份有限公司,,27945086,,3300000000,臺北市內湖區港墘里瑞光路３９２號６樓,,,
,苗栗風力股份有限公司,,80520735,,573999990,臺北市內湖區港墘里瑞光路３９２號６樓,,,
,金居開發股份有限公司,,16447610,,2525880000,臺北市內湖區港墘里瑞光路３９２號８樓,,,
,亞東工業氣體股份有限公司,,22522453,,1974738000,臺北市內湖區港墘里瑞光路３９９號７樓,,,
,臺灣樂金化學股份有限公司,,27331691,,1354623460,臺北市內湖區港墘里瑞湖街５８號５樓,,,
,大眾電腦股份有限公司,,20840777,,808860000,臺北市內湖區港墘里陽光街３００號１－９樓,,,
2442,新美齊股份有限公司,新美齊,22006274,,2446355600,臺北市內湖區港墘里陽光街３００號７樓,,電腦及週邊設備業,上市公司
,榮美創意科技股份有限公司,,53743543,,530000000,臺北市內湖區港墘里陽光街３００號８樓,,,
,系統電子工業股份有限公司,,20768310,,1555489640,臺北市內湖區湖元里堤頂大道一段１號５樓之１,,,
2430,燦坤實業股份有限公司,燦坤,69568009,,1664688250,臺北市內湖區湖元里堤頂大道１段３３１號３樓,,電子通路業,上市公司
3047,訊舟科技股份有限公司,訊舟,22164580,,1900089830,臺北市內湖區湖元里新湖一路２７８號,,通信網路業,上市公司
1805,寶徠建設股份有限公司,寶徠,12179563,,1002654000,臺北市內湖區湖元里新湖一路３０３號４樓,,建材營造,上市公司
2504,國產建材實業股份有限公司,國產,24060203,,11800000000,臺北市內湖區湖元里新湖一路８號７樓,,建材營造,上市公司
,和鑫生技開發股份有限公司,,27734738,,792500000,臺北市內湖區湖元里新湖一路９１號７樓,,,
,英屬維京群島商永冠能源材料股份有限公司台灣分公司,,54394190,,1797995920,臺北市內湖區湖元里新湖一路９３號４樓,,,
3501,維熹科技股份有限公司,維熹,80272361,,1182579270,臺北市內湖區湖元里新湖三路１９６號１樓,,電子零組件業,上市公司
,中欣實業股份有限公司,,84786927,,625000000,臺北市內湖區湖元里新湖三路２３號５樓,,,
,雅新實業股份有限公司,,35431779,,10618632000,臺北市內湖區湖元里新湖三路２６６號,,,
2332,友訊科技股份有限公司,友訊,22099189,,5998364730,臺北市內湖區湖元里新湖三路２８９號,,通信網路業,上市公司
6283,淳安電子股份有限公司,淳安,89827686,,1479063430,臺北市內湖區湖元里新湖二路１４６巷１９號２樓,,其他電子業,上市公司
,進金生實業股份有限公司,,89206602,,534862000,臺北市內湖區湖元里新湖二路２５７號５樓之３,,,
,開元食品工業股份有限公司,,42612538,,600000000,臺北市內湖區湖元里民善街８３號７樓,,,
,宸鴻光電科技股份有限公司,,80190782,,507170000,臺北市內湖區湖元里民權東路６段１３―１８號６樓,,,
3013,晟銘電子科技股份有限公司,晟銘電,04777186,,1880810000,臺北市內湖區湖元里民權東路６段２７號２﹒３﹒４﹒５﹒６樓,,電腦及週邊設備業,上市公司
2395,研華股份有限公司,研華,05155853,,7738228110,臺北市內湖區湖元里瑞光路２６巷２０弄１號１樓,,電腦及週邊設備業,上市公司
,保瑞藥業股份有限公司,,28684877,,684782800,臺北市內湖區湖元里瑞光路２６巷３６弄２號６樓,,,
,捷元股份有限公司,,23134543,,795694000,臺北市內湖區湖元里瑞光路６６巷３６號,,,
2405,浩鑫股份有限公司,浩鑫,20980880,,3343273030,臺北市內湖區湖元里瑞光路７６巷３０號５樓,,電腦及週邊設備業,上市公司
6142,友勁科技股份有限公司,友勁,22099744,,2682356330,臺北市內湖區湖元里瑞湖街１５８號５樓,,通信網路業,上市公司
,豪士多股份有限公司,,12483240,,1005938000,臺北市內湖區湖元里行善路３９８號,,,
1810,和成欣業股份有限公司,和成,03228304,,3698536000,臺北市內湖區湖元里行善路３９８號１樓,,玻璃陶瓷,上市公司
,富相科技股份有限公司,,23819587,,593924000,臺北市內湖區湖元里行忠路４２號５樓,,,
2359,所羅門股份有限公司,所羅門,23640801,,1714710520,臺北市內湖區湖元里行忠路４２號６樓,,其他電子業,上市公司
3312,弘憶國際股份有限公司,弘憶股,89613636,,1376254550,臺北市內湖區湖元里行忠路５７號２樓,,電子通路業,上市公司
6206,飛捷科技股份有限公司,飛捷,21230513,,1430623240,臺北市內湖區湖元里行愛路１６８號,,電腦及週邊設備業,上市公司
3092,鴻碩精密電工股份有限公司,鴻碩,86318408,,923181120,臺北市內湖區湖元里行愛路１６９號,,電子零組件業,上市公司
2911,麗嬰房股份有限公司,麗嬰房,04377371,,1846777750,臺北市內湖區湖元里陽光街３２１巷６０號１樓,,貿易百貨,上市公司
,台灣農畜產工業股份有限公司,,90460840,,606477770,臺北市內湖區湖元里陽光街３２１巷６０號３樓,,,
,南良國際股份有限公司,,23438530,,1223922500,臺北市內湖區湖元里陽光街３４９號６樓,,,
6572,博錸生技股份有限公司,博錸,24489199,,1036495100,臺北市內湖區湖元里陽光街３５１號６樓之１,,生技醫療業,興櫃公司
,天柱能源股份有限公司,,82874142,,680000000,臺北市內湖區瑞光路３６２號８樓,,,
,明門實業股份有限公司,,36190953,,980000000,臺北市內湖區瑞光路４３３號１０樓,,,
,商丞科技股份有限公司,,84783772,,916288330,臺北市內湖區瑞光路５１３巷２２弄５號３樓之６,,,
6189,豐藝電子股份有限公司,豐藝,22151585,,1902377280,臺北市內湖區環山路１段３２號４樓,,電子通路業,上市公司
2431,聯昌電子企業股份有限公司,聯昌,35568331,,1109270000,臺北市內湖區石潭里南京東路六段５０１號１１樓,,電子零組件業,上市公司
8249,菱光科技股份有限公司,菱光,16596646,,1490550000,臺北市內湖區石潭里南京東路六段５０１號９樓,,電子零組件業,上市公司
,耐能智慧股份有限公司,,52325063,,516000000,臺北市內湖區石潭里南京東路６段３８６號１２樓之１,,,
,萬洲化學股份有限公司,,03244705,,3999048480,臺北市內湖區石潭里行善路３９７號６樓,,,
4306,炎洲股份有限公司,炎洲,35894259,,6380540180,臺北市內湖區石潭里行善路３９７號７樓,,塑膠工業,上市公司
,寶晶能源股份有限公司,,50791838,,2940000000,臺北市內湖區石潭里行善路４６３號８樓,,,
6139,亞翔工程股份有限公司,亞翔,12204275,,2255409290,臺北市內湖區西康里內湖路１段１２０巷１７號５樓,,其他電子業,上市公司
,宣捷細胞生物製藥股份有限公司,,53394221,,913915820,臺北市內湖區西康里內湖路１段６８號７樓,,,
3002,歐格電子股份有限公司,歐格,31306250,,1020000000,臺北市內湖區西康里內湖路１段８８號５樓,,電腦及週邊設備業,上市公司
,明基電通股份有限公司,,70721522,,5396614790,臺北市內湖區西康里基湖路１６號,,,
,中美和石油化學股份有限公司,,14040691,,6883970000,臺北市內湖區西康里堤頂大道二段４１３號６樓,,,
4968,立積電子股份有限公司,立積,80661880,,884689060,臺北市內湖區西康里堤頂大道２段４０７巷２０弄１號３樓,,半導體業,上市公司
,和信超媒體股份有限公司,,16746379,,700000000,臺北市內湖區西康里堤頂大道２段４０７巷２２號８樓,,,
5434,崇越科技股份有限公司,崇越,23621614,,1816995670,臺北市內湖區西康里堤頂大道２段４８３號６樓,,電子通路業,上市公司
,百略醫學科技股份有限公司,,04822871,,1222188000,臺北市內湖區西康里瑞光路４３１號９樓,,,
,億杰科技股份有限公司,,84167600,,651133140,臺北市內湖區西康里１９鄰內湖路１段１１８號４樓,,,
3033,威健實業股份有限公司,威健,04648938,,4157722690,臺北市內湖區西湖里內湖路１段３０８號１１樓,,電子通路業,上市公司
,蜜望實企業股份有限公司,,23310983,,799071700,臺北市內湖區西湖里內湖路１段３１６號８樓,,,
3029,零壹科技股份有限公司,零壹,30922431,,1518742120,臺北市內湖區西湖里內湖路１段３６０巷８號１０樓,,資訊服務業,上市公司
,寀奕國際股份有限公司,,54362916,,661500000,臺北市內湖區西湖里基湖路１號１１樓,,,
,福豹怡號能源股份有限公司,,90836516,,952000000,臺北市內湖區西湖里基湖路１號４樓之１,,,
,元吉企業股份有限公司,,35048016,,521942000,臺北市內湖區西湖里基湖路３巷４７號９樓,,,
,宇泰高爾夫股份有限公司,,50905179,,637000000,臺北市內湖區西湖里基湖路３５巷１６號２樓,,,
,宇榮高爾夫科技股份有限公司,,84304999,,792370000,臺北市內湖區西湖里基湖路３５巷１６號２樓,,,
,鈺立微電子股份有限公司,,42626006,,648000000,臺北市內湖區西湖里基湖路３５巷２２號２樓,,,
1305,華夏海灣塑膠股份有限公司,華夏,11686106,,5810504940,臺北市內湖區西湖里基湖路３７號１２樓,,塑膠工業,上市公司
,順昶塑膠股份有限公司,,22102635,,1543118500,臺北市內湖區西湖里基湖路３７號１２樓,,,
,台聚光電股份有限公司,,53000633,,1205812500,臺北市內湖區西湖里基湖路３７號１２樓,,,
,越峯電子材料股份有限公司,,86124395,,1814767430,臺北市內湖區西湖里基湖路３９號８樓,,,
,永梁股份有限公司,,53823139,,689000000,臺北市內湖區西湖里堤頂大道二段２９５號９樓,,,
4133,亞諾法生技股份有限公司,亞諾法,12974421,,605535940,臺北市內湖區西湖里洲子街１０８號９樓,,生技醫療業,上市公司
,宏大拉鍊股份有限公司,,35892013,,600987530,臺北市內湖區西湖里洲子街１９６號７樓,,,
,星能股份有限公司,,97282032,,522060000,臺北市內湖區西湖里瑞光路４８０號１２樓,,,
,尊勝建設開發股份有限公司,,80515607,,580382080,臺北市內湖區西湖里瑞光路５１３巷２６號７樓之１,,,
2364,倫飛電腦實業股份有限公司,倫飛,79883646,,1959324330,臺北市內湖區西湖里瑞光路５５０號１１樓,,電腦及週邊設備業,上市公司
2324,仁寶電腦工業股份有限公司,仁寶,21222725,,44071466250,臺北市內湖區西湖里瑞光路５８１號及５８１之１號,,電腦及週邊設備業,上市公司
,中裕新藥股份有限公司,,28707338,,2523110000,臺北市內湖區西湖里瑞光路６０７號３樓,,,
,尚弘羽絨股份有限公司,,54656216,,500000000,臺北市內湖區西湖里瑞光路６０７號６樓,,,
,立肯國際股份有限公司,,68466671,,520000000,臺北市內湖區西湖里瑞光路６０７號６樓,,,
1413,宏洲纖維工業股份有限公司,宏洲,07220710,,1701874000,臺北市內湖區西湖里瑞光路６０７號７樓,,紡織纖維,上市公司
1457,宜進實業股份有限公司,宜進,07669338,,3016476400,臺北市內湖區西湖里瑞光路６０７號７樓,,紡織纖維,上市公司
,億東纖維股份有限公司,,86690031,,885297600,臺北市內湖區西湖里瑞光路６０７號７樓,,,
4915,致伸科技股份有限公司,致伸,28006928,,4552633240,臺北市內湖區西湖里瑞光路６６９號,,電子零組件業,上市公司
,品安科技股份有限公司,,84750054,,609217499,臺北市內湖區金湖里成功路５段４６０號９樓,,,
4938,和碩聯合科技股份有限公司,和碩,28689155,,26691315560,臺北市北投區一德里立功街７６號５樓,,電腦及週邊設備業,上市公司
,復揚科技股份有限公司,,43113905,,1800000000,臺北市北投區一德里立功街９６號５樓,,,
2357,華碩電腦股份有限公司,華碩,23638777,,7427602800,臺北市北投區一德里立德路１５號１樓,,電腦及週邊設備業,上市公司
3042,台灣晶技股份有限公司,晶技,21204867,,3097570400,臺北市北投區八仙里中央南路２段１６號４樓,,電子零組件業,上市公司
3515,華擎科技股份有限公司,華擎,80333613,,1229254290,臺北市北投區八仙里中央南路２段３７號２樓,,電腦及週邊設備業,上市公司
,一品光學工業股份有限公司,,35977856,,900000000,臺北市北投區大業路１６６號９樓,,,
,有萬國際投資股份有限公司,,90528383,,605000000,臺北市南港區三重路１９之２號９樓,,,
,台灣瑪氏股份有限公司,,50797925,,1052485390,臺北市南港區三重里三重路１９―１１號１５樓,,,
,業強科技股份有限公司,,84900878,,1824799000,臺北市南港區三重里三重路１９―１３號７樓,,,
1504,東元電機股份有限公司,東元,11332202,,21387966160,臺北市南港區三重里三重路１９―９號５樓,,電機機械,上市公司
1514,亞力電機股份有限公司,亞力,03213392,,2283266720,臺北市南港區三重里三重路１９－１１號１２樓,,電機機械,上市公司
,富台工程股份有限公司,,20740427,,1000000000,臺北市南港區三重里三重路１９－５號６樓,,,
,台灣東洋藥品工業股份有限公司,,11821341,,2486499590,臺北市南港區三重里園區街３―１號３樓,,,
,晟德大藥廠股份有限公司,,18606304,,5050487470,臺北市南港區三重里園區街３―２號７樓,,,
,錦新國際股份有限公司,,82862997,,3300000000,臺北市南港區三重里園區街３―２號７樓,,,
,中天生物科技股份有限公司,,70555349,,4663295150,臺北市南港區三重里園區街３號１４樓之１,,,
1760,寶齡富錦生技股份有限公司,寶齡富錦,04742997,,857390130,臺北市南港區三重里園區街３號１６樓,,生技醫療業,上市公司
,安富利科技股份有限公司,,89405911,,2816428000,臺北市南港區三重里園區街３號５樓,,,
,擎亞電子股份有限公司,,16099112,,1452647580,臺北市南港區三重里園區街３－２號１３樓,,,
6196,帆宣系統科技股份有限公司,帆宣,23145632,,1873882000,臺北市南港區三重里園區街３－２號６樓,,其他電子業,上市公司
,品佳股份有限公司,,22355027,,6080000000,臺北市南港區三重里經貿二路１８９號十八樓,,,
,凱悌股份有限公司,,31317854,,735000000,臺北市南港區三重里經貿二路１８９號十八樓,,,
,友尚股份有限公司,,15876227,,3620744000,臺北市南港區三重里經貿二路１８９號十六樓,,,
,振遠科技股份有限公司,,01518812,,2145633520,臺北市南港區三重里經貿二路１８９號十樓,,,
5388,中磊電子股份有限公司,中磊,86690573,,2523897670,臺北市南港區三重里１１鄰園區街３―１號８樓,,通信網路業,上市公司
6634,欣耀生醫股份有限公司,欣耀,54727599,,690087500,臺北市南港區中南里研究院路１段１３０巷９９號Ｃ棟,,生技醫療業,興櫃公司
,大恭化學工業股份有限公司,,11051504,,790300000,臺北市南港區八德路４段７７８號７樓,,,
,樺晟電子股份有限公司,,39607700,,1171648700,臺北市南港區南港路３段５０巷１６號４樓,,,
,德勝科技股份有限公司,,05094603,,544712060,臺北市南港區南港路３段５０巷２１號５樓,,,
1313,聯成化學科技股份有限公司,聯成,04748660,,13323476070,臺北市南港區南港里南港路１段２０９號Ａ棟９樓,,塑膠工業,上市公司
,實盈股份有限公司,,04812016,,1528326500,臺北市南港區舊莊街１段５９號,,,
,旺玖科技股份有限公司,,16177572,,796098960,臺北市南港區西新里南港路３段４８號７樓,,,
,益安生醫股份有限公司,,54150856,,665531590,臺北市士林區前港里後港街１１６號７樓,,,
,希世比能源科技股份有限公司,,22337014,,739570000,臺北市士林區前港里承德路４段１５０號１１樓,,,
2356,英業達股份有限公司,英業達,04322046,,35874750000,臺北市士林區後港街６６號,,電腦及週邊設備業,上市公司
3030,德律科技股份有限公司,德律,23292535,,2362160000,臺北市士林區德行西路４５號７樓,,其他電子業,上市公司
1528,恩德科技股份有限公司,恩德,11551634,,1993310000,臺北市士林區忠誠里中山北路６段８８號５樓,,電機機械,上市公司
,新力美科技股份有限公司,,35860547,,2987591170,臺北市士林區忠誠里中山北路６段９０號６樓,,,
1730,花仙子企業股份有限公司,花仙子,07708830,,632338510,臺北市大同區保安里承德路３段２３０號１３樓,,化學工業,上市公司
,台灣歐德傢俱股份有限公司,,70394175,,965701320,臺北市大同區國慶里重慶北路３段１１６號,,,
,莊頭北工業股份有限公司,,07366411,,500000000,臺北市大同區國慶里重慶北路３段１５６號２樓,,,
1231,聯華食品工業股份有限公司,聯華食,07569627,,2017623940,臺北市大同區大有里迪化街１段１４８號,,食品工業,上市公司
,義美食品股份有限公司,,11768704,,2000000000,臺北市大同區延平北路２段３１號１樓,,,
,文來金屬工業股份有限公司,,04445477,,502595000,臺北市大同區建明里太原路７之４號,,,
,聯華氣體工業股份有限公司,,05258865,,3771178000,臺北市大同區建明里長安西路１５０號３樓之１,,,
,嘉發實業工廠股份有限公司,,04457563,,1353000000,臺北市大同區建泰里太原路８３號２樓,,,
,桐寶股份有限公司,,22639691,,678668000,臺北市大同區建泰里承德路一段４４號６樓,,,
,聯華製粉食品股份有限公司,,82823910,,1000000000,臺北市大同區建泰里承德路一段４４號６樓,,,
,群環科技股份有限公司,,22351654,,1032032000,臺北市大同區民權里重慶北路２段２４３號８樓,,,
1452,宏益纖維工業股份有限公司,宏益,43121481,,1326414000,臺北市大同區永樂里塔城街６６號６樓,,紡織纖維,上市公司
1454,台灣富綢纖維股份有限公司,台富,04301794,,1298338480,臺北市大同區永樂里西寧北路７０―１號８樓,,紡織纖維,上市公司
,強益紡織股份有限公司,,22001658,,880000000,臺北市大同區永樂里西寧北路７０號６樓,,,
,旺嘉事業股份有限公司,,86690980,,1328000000,臺北市大同區永樂里西寧北路７２號２樓,,,
,蔡合旺事業股份有限公司,,23115546,,2199600000,臺北市大同區永樂里西寧北路７２號４樓,,,
1470,大統新創股份有限公司,大統新創,22267777,,857670000,臺北市大同區玉泉里塔城街６４號４樓,,紡織纖維,上市公司
,富順纖維工業股份有限公司,,07407200,,800000000,臺北市大同區玉泉里塔城街６４號８樓,,,
1459,聯發紡織纖維股份有限公司,聯發,33653494,,3586289000,臺北市大同區玉泉里環河北路１段７３號５樓之５,,紡織纖維,上市公司
1445,大宇紡織股份有限公司,大宇,07015014,,1306660340,臺北市大同區玉泉里西寧北路６２―５號７樓,,紡織纖維,上市公司
1465,偉全實業股份有限公司,偉全,33700601,,1036072670,臺北市大同區玉泉里西寧北路６２―５號７樓之１,,紡織纖維,上市公司
,海霸王股份有限公司,,81074157,,2017470000,臺北市大同區玉泉里西寧北路６２號８樓之６,,,
,立捷國際股份有限公司,,89480262,,975020100,臺北市大同區玉泉里鄭州路１３９號７樓,,,
,建康國際食品股份有限公司,,83484678,,500000000,臺北市大同區重慶北路一段４７號３樓,,,
,新昕纖維股份有限公司,,07652202,,519120000,臺北市大同區長安西路２８９號１０樓之４,,,
,楊湖股份有限公司,,82900628,,560000000,臺北市大同區雙連里承德路２段１４２號５樓,,,
2101,南港輪胎股份有限公司,南港,11520909,,8339349040,臺北市大安區仁愛路３段１３６號６樓６０８室,,橡膠工業,上市公司
1417,嘉裕股份有限公司,嘉裕,11825825,,1899418400,臺北市大安區仁愛路４段２５號７樓,,紡織纖維,上市公司
1532,勤美股份有限公司,勤美,03474311,,3761221120,臺北市大安區仁愛路４段８５號４樓,,電機機械,上市公司
,東展興業股份有限公司,,22956176,,1742400000,臺北市大安區仁愛里仁愛路４段２５號９樓,,,
,保力達股份有限公司,,35267807,,3698508710,臺北市大安區仁愛里仁愛路４段９９號３樓,,,
1234,黑松股份有限公司,黑松,20651901,,4018710940,臺北市大安區信義路４段２９６號３樓,,食品工業,上市公司
,馥麗工業股份有限公司,,12015605,,666000000,臺北市大安區光信里仁愛路４段３７６號１３樓,,,
,豪傑股份有限公司,,35944188,,570000000,臺北市大安區光明里金山南路２段２號１２樓之１,,,
,倚強科技股份有限公司,,86865138,,702839680,臺北市大安區全安里和平東路３段６３號１２樓,,,
,亞東綠材股份有限公司,,54915776,,599360850,臺北市大安區全安里敦化南路２段２０７號３４樓,,,
,博聚實業股份有限公司,,24942804,,534000000,臺北市大安區古莊里和平東路１段７４巷２－３號,,,
,寶島陽光再生能源股份有限公司,,45010138,,3927251000,臺北市大安區和安里仁愛路３段１３６號１１樓,,,
,玉樹能源股份有限公司,,50758577,,550050000,臺北市大安區和安里仁愛路３段１３６號１１樓,,,
,玉衡能源股份有限公司,,53716406,,1617500000,臺北市大安區和安里仁愛路３段１３６號１１樓,,,
1227,佳格食品股份有限公司,佳格,22102473,,9150895910,臺北市大安區和安里仁愛路３段１３６號５樓,,食品工業,上市公司
,友華生技醫藥股份有限公司,,12397982,,867471000,臺北市大安區和安里復興南路一段３６８號７樓,,,
,友杏生技醫藥股份有限公司,,53937920,,1060500000,臺北市大安區和安里復興南路一段３７０號６樓,,,
,多聯科技股份有限公司,,97172133,,684433000,臺北市大安區和安里復興南路１段３９０號５樓之３,,,
4186,台灣尖端先進生技醫藥股份有限公司,尖端醫,70774029,,900000000,臺北市大安區和安里復興南路２段３６３號５樓,,生技醫療業,興櫃公司
,驊訊電子企業股份有限公司,,86315535,,798846210,臺北市大安區市民大道４段１００號６樓,,,
,聯一紡織股份有限公司,,04286251,,800000000,臺北市大安區建倫里仁愛路４段１０９號１２樓,,,
,中南紡織股份有限公司,,07061706,,566280000,臺北市大安區建倫里仁愛路４段１０９號１２樓,,,
,元隆電子股份有限公司區外分公司,,28112483,,1632066000,臺北市大安區建倫里安和路１段２７號７樓,,,
,台灣維達衛生用品股份有限公司,,22192869,,1430879000,臺北市大安區建倫里安和路１段２９號１７樓,,,
,昱昶能源股份有限公司,,42998499,,580169765,臺北市大安區建倫里忠孝東路４段１６６號１０樓,,,
1260,富味鄉食品股份有限公司,富味鄉,12467902,,1020981820,臺北市大安區建安里市民大道４段１０２號１１樓,,食品工業,興櫃公司
,崇越電通股份有限公司,,84752200,,740610000,臺北市大安區建安里市民大道４段１０２號１４樓,,,
,大興電線電纜股份有限公司,,18554609,,1733932800,臺北市大安區復興南路１段２０９號１１樓,,,
,台灣三菱電梯股份有限公司,,11081681,,2215248750,臺北市大安區復興南路２段３６３號４樓,,,
1233,天仁茶業股份有限公司,天仁,18559415,,905919000,臺北市大安區忠孝東路４段１０７號６樓,,食品工業,上市公司
,東培工業股份有限公司,,07220508,,1257232000,臺北市大安區忠孝東路４段１４２號１０樓,,,
1423,利華羊毛工業股份有限公司,利華,11311608,,1384000000,臺北市大安區忠孝東路４段３１０號１２樓,,紡織纖維,上市公司
1713,國泰化工廠股份有限公司,國化,03375001,,1509517000,臺北市大安區忠孝東４段３２０號１２樓,,化學工業,上市公司
2204,中華汽車工業股份有限公司,中華,03098415,,5536203420,臺北市大安區敦化南路２段２號１１樓,,汽車工業,上市公司
,台元紡織股份有限公司,,03516001,,8185320000,臺北市大安區敦化南路２段２號８樓,,,
1102,亞洲水泥股份有限公司,亞泥,03244509,,35455720710,臺北市大安區敦化南路２段２０７號３０至３１樓,,水泥工業,上市公司
,大聚化學纖維股份有限公司,,05717502,,1647748020,臺北市大安區敦化南路２段２０７號３４樓,,,
,安和製衣股份有限公司,,44967845,,761647030,臺北市大安區敦化南路２段２０７號３４樓,,,
1402,遠東新世紀股份有限公司,遠東新,03522600,,53528752270,臺北市大安區敦化南路２段２０７號３６樓,,紡織纖維,上市公司
,中美聯合實業股份有限公司,,11121403,,723332000,臺北市大安區敦化南路２段７６號１２樓,,,
1711,臺灣永光化學工業股份有限公司,永光,15458455,,5477522260,臺北市大安區敦化南路２段７７號５樓６樓,,化學工業,上市公司
1708,東南實業股份有限公司,東鹼,11384405,,2490016510,臺北市大安區敦化南路２段９９號２３樓,,化學工業,上市公司
,正大尼龍工業股份有限公司,,38018607,,650000000,臺北市大安區敦安里信義路４段２０３之３號６樓,,,
,新東北電力高壓設備有限公司,,29074233,,1140000000,臺北市大安區正聲里忠孝東路４段２７０號１８樓,,,
,信鼎壹號能源股份有限公司,,91080447,,500000000,臺北市大安區民輝里新生南路１段９９號８樓,,,
,光隆實業股份有限公司,,33111800,,1494778310,臺北市大安區義安里敦化南路２段１０５號１６樓,,,
1780,立弘生化科技股份有限公司,立弘,12971536,,953513400,臺北市大安區義安里敦化南路２段７１號１３樓,,生技醫療業,興櫃公司
1453,大將開發股份有限公司,大將,07617901,,1006149800,臺北市大安區義安里敦化南路２段７１號６樓,,建材營造,上市公司
,太子汽車工業股份有限公司,,35049009,,2800000000,臺北市大安區義安里敦化南路２段７７號４樓,,,
,新華泰富股份有限公司,,23790625,,734028910,臺北市大安區義安里敦化南路２段９７號２樓,,,
,泰陽光電股份有限公司,,45037586,,950000000,臺北市大安區義安里敦化南路２段９９號１２樓,,,
,向陽多元光電股份有限公司,,50865182,,1150000000,臺北市大安區義安里敦化南路２段９９號１２樓,,,
,向陽優能電力股份有限公司,,53084598,,600000000,臺北市大安區義安里敦化南路２段９９號１２樓,,,
,晉瑜企業股份有限公司,,89939090,,1200000000,臺北市大安區義村里仁愛路３段１４１號５樓,,,
6141,柏承科技股份有限公司,柏承,23750095,,1160230050,臺北市大安區臨江里基隆路２段１１２號１２樓,,電子零組件業,上市公司
,上品王食品股份有限公司,,12895828,,1568880000,臺北市大安區華聲里光復南路１０２號８樓,,,
,新東陽股份有限公司,,15319335,,880000000,臺北市大安區華聲里忠孝東路４段２８９號８樓,,,
,金盛世紙業有限公司,,29079069,,1871580807,臺北市大安區虎嘯里敦化南路二段３３３號５樓,,,
,旭忠能源股份有限公司,,45055654,,1000000000,臺北市大安區虎嘯里敦化南路２段３３３號１０樓,,,
,國泰電業股份有限公司,,55963140,,1500000000,臺北市大安區虎嘯里敦化南路２段３３３號１０樓,,,
,欣技資訊股份有限公司,,23058518,,684891200,臺北市大安區虎嘯里敦化南路２段３３３號１２樓,,,
,大同智能股份有限公司,,24937555,,600000000,臺北市大安區誠安里復興南路１段１６０號,,,
,明騰工業股份有限公司,,01177510,,629500000,臺北市大安區車層里忠孝東路４段２３３號１１樓之７,,,
,淳紳股份有限公司,,22662904,,845933960,臺北市大安區通化里光復南路６３２號４樓,,,
,合一生技股份有限公司,,29108260,,3853174550,臺北市大安區通安里信義路４段２３６號１１樓,,,
,新龍光塑料股份有限公司,,28715554,,1000000000,臺北市大安區錦華里金山南路２段２００號７樓,,,
6564,安特羅生物科技股份有限公司,安特羅,54665910,,600000000,臺北市大安區龍雲里敦化南路２段７６號１８樓之２,,生技醫療業,興櫃公司
,漢軒能源股份有限公司,,83764299,,500000000,臺北市文山區景華里羅斯福路六段２９７號６樓,,,
2404,漢唐集成股份有限公司,漢唐,20938096,,1905866980,臺北市文山區景華里羅斯福路６段２９７號６樓,,其他電子業,上市公司
,實聯精密化學股份有限公司,,24472562,,2599894540,臺北市松山區中正里南京東路３段２６１號三樓,,,
1441,大東紡織股份有限公司,大東,51037304,,1008000000,臺北市松山區中正里南京東路３段３４６號３樓,,紡織纖維,上市公司
,能率創新股份有限公司,,84901089,,1699639900,臺北市松山區中正里復興北路１０１號１０樓,,,
1710,東聯化學股份有限公司,東聯,14057995,,8857030000,臺北市松山區中正里復興北路１０１號１３樓,,化學工業,上市公司
1731,美吾華股份有限公司,美吾華,14089976,,1329152000,臺北市松山區中正里復興北路１６７號５樓,,生技醫療業,上市公司
,安克生醫股份有限公司,,24316471,,532214000,臺北市松山區中正里復興北路１６７號５樓,,,
4108,懷特生技新藥股份有限公司,懷特,16766281,,1986188790,臺北市松山區中正里復興北路１６７號５樓之１,,生技醫療業,上市公司
,忠正股份有限公司,,11325589,,786870000,臺北市松山區中正里復興北路５７號５樓,,,
,台灣田中電子股份有限公司,,53313234,,584500000,臺北市松山區中正里敦化北路８８號１１樓之２,,,
4414,如興股份有限公司,如興,49744324,,8189149490,臺北市松山區中正里１３鄰復興北路５７號１３樓之４,,紡織纖維,上市公司
,台灣杜邦股份有限公司,,11907311,,2527102450,臺北市松山區中華里敦化北路１６７號１３樓,,,
,台灣科慕股份有限公司,,24548079,,2563761000,臺北市松山區中華里敦化北路１６７號１４樓,,,
,韓商三星物產營造股份有限公司台灣分公司,,90716890,,3117310000,臺北市松山區中華里敦化北路１６７號５樓,,,
1802,台灣玻璃工業股份有限公司,台玻,11914002,,29080608000,臺北市松山區南京東路３段２６１號１１樓,,玻璃陶瓷,上市公司
,台全金屬股份有限公司,,14000488,,514872000,臺北市松山區南京東路３段３４６號７樓,,,
,慶堂工業股份有限公司,,88692464,,635426310,臺北市松山區南京東路５段２２２號１１樓,,,
,榮鑫實業股份有限公司,,12143783,,800000000,臺北市松山區南京東路５段４６號１２樓,,,
6282,康舒科技股份有限公司,康舒,12341051,,5166212950,臺北市松山區南京東路５段９９號１１樓,,電子零組件業,上市公司
,創維風力發電股份有限公司,,52332424,,680400000,臺北市松山區吉祥里光復北路１１巷３５號３樓,,,
4989,李長榮科技股份有限公司,榮科,97173920,,1530850000,臺北市松山區吉祥里八德路４段８３號５樓,,電子零組件業,上市公司
,全利能源實業股份有限公司,,54183907,,500000000,臺北市松山區吉祥里八德路４段８３號７樓,,,
,鼎豪實業股份有限公司,,35981916,,500850000,臺北市松山區吉祥里南京東路５段１８８號３樓之５,,,
,福盈科技化學股份有限公司,,12207266,,678235040,臺北市松山區復勢里南京東路４段１２６號１２樓,,,
4441,振大環球股份有限公司,振大環球,86010365,,599870860,臺北市松山區復興北路７３號４樓,,紡織纖維,興櫃公司
1507,永大機電工業股份有限公司,永大,11166702,,4108200000,臺北市松山區復興北路９９號１０、１１樓,,電機機械,上市公司
,台塑汽車股份有限公司,,16745630,,1500000000,臺北市松山區敦化北路２０１之１７號３樓,,,
,泛亞科技股份有限公司,,96978218,,2071200000,臺北市松山區敦化北路２０１之３６號５樓,,,
8046,南亞電路板股份有限公司,南電,16096804,,6461654000,臺北市松山區敦化北路２０１－３６號３Ｆ,,電子零組件業,上市公司
,台船環海風電工程股份有限公司,,82817229,,3098993634,臺北市松山區敦化里八德路３段２０號６樓,,,
,三緯國際立體列印科技股份有限公司,,54352754,,930000000,臺北市松山區東光里南京東路５段９９號１０樓,,,
1611,中國電器股份有限公司,中電,03086001,,3227357420,臺北市松山區松基里敦化北路１７０號６樓Ｂ室,,電器電纜,上市公司
,寶德電化材科技股份有限公司,,53100892,,14182953360,臺北市松山區民有里復興北路３３７號１３樓,,,
,台灣戴姆勒亞洲商車股份有限公司,,24812268,,650000000,臺北市松山區民有里敦化北路２６０號６樓,,,
,博報堂知達股份有限公司,,42993918,,2529300000,臺北市松山區民有里民權東路３段１０２號１２樓,,,
1590,英屬開曼群島商亞德客國際股份有限公司台灣分公司,亞德客-KY,53666460,,8677000000,臺北市松山區民有里民生東路３段１２９號４樓,,電機機械,上市公司
6793,天力離岸風電科技股份有限公司,天力離岸,24490436,,650000000,臺北市松山區民有里民生東路３段１３１號３樓,,其他,興櫃公司
6652,雅祥生技醫藥股份有限公司,雅祥生醫,27570215,,1370000000,臺北市松山區民有里民生東路３段１３５號６樓,,生技醫療業,興櫃公司
1531,高林股份有限公司,高林股,29538509,,1836080800,臺北市松山區民生東路３段１２８號１１樓,,電機機械,上市公司
,台一國際股份有限公司,,34284955,,2274904500,臺北市松山區民生東路３段１２９號１０樓,,,
,理隆纖維工業股份有限公司,,01175920,,1500000000,臺北市松山區民福里復興北路３６９號４樓之６,,,
3046,建碁股份有限公司,建碁,97306457,,714480130,臺北市松山區民福里復興北路３６９號７樓之５,,電腦及週邊設備業,上市公司
,永鴻國際生技股份有限公司,,53703063,,550000000,臺北市松山區民福里民權東路三段１８１號１２樓,,,
,台塑資源股份有限公司,,54327209,,16650000000,臺北市松山區精忠里敦化北路２０１―１８號７樓,,,
,長庚生物科技股份有限公司,,16753096,,792828310,臺北市松山區精忠里敦化北路２０１―３０號８樓,,,
,台塑生醫科技股份有限公司,,80539426,,1665564950,臺北市松山區精忠里敦化北路２０１－３６號５樓,,,
3536,誠創科技股份有限公司,誠創,70734477,,1068000000,臺北市松山區精忠里敦化北路２０７號１０樓,,半導體業,上市公司
,華信航空股份有限公司,,23988865,,2001825000,臺北市松山區精忠里敦化北路４０５巷１２３弄３號,,,
,中國時報文化事業股份有限公司,,03798509,,3440000000,臺北市萬華區大理街１３２號１至７樓,,,
,立昌紙業股份有限公司,,05255136,,600000000,臺北市萬華區華中里萬大路４２４巷２５號,,,
1321,大洋塑膠工業股份有限公司,大洋,15024509,,2272282000,臺北市萬華區雙園里莒光路３１０號５至６樓,,塑膠工業,上市公司
,義芳化學工業股份有限公司,,15395706,,1038198280,臺北市萬華區雙園里莒光路３１０號７樓,,,
1617,榮星電線工業股份有限公司,榮星,73341336,,1442332350,臺南市仁德區一甲里中正路３段２３１號,,電器電纜,上市公司
,萊益工業股份有限公司,,22591486,,650000000,臺南市仁德區一甲里忠義一街３８巷１９號,,,
,新視代科技股份有限公司,,12997819,,1050000000,臺南市仁德區仁德里仁德四街１１－２號,,,
,奇美食品股份有限公司,,68339681,,552000000,臺南市仁德區仁愛里機場路１００８號,,,
2630,亞洲航空股份有限公司,亞航,11381701,,1503003850,臺南市仁德區仁愛里機場路１０５０號,,航運業,上市公司
,安森科技材料股份有限公司,,54066561,,915175560,臺南市仁德區仁義里義林路２５６巷１６８－１號,,,
2358,廷鑫興業股份有限公司,廷鑫,22447526,,1246161720,臺南市仁德區保安里保安路一段６８號,,其他,上市公司
1506,正道工業股份有限公司,正道,68193807,,1791617510,臺南市仁德區大甲里中正西路１０１５號,,電機機械,上市公司
,奇美實業股份有限公司,,68387705,,18197752830,臺南市仁德區文賢里中正路一段３９８號,,,
1323,永裕塑膠工業股份有限公司,永裕,68192103,,912745540,臺南市仁德區新田里勝利路８８號,,塑膠工業,上市公司
,恒耀工業股份有限公司,,22798584,,1143750000,臺南市仁德區新田里新田二街１號１樓,,,
2027,大成不銹鋼工業股份有限公司,大成鋼,22318348,,20084658530,臺南市仁德區新田里新田二街１２５號,,鋼鐵工業,上市公司
,大成國際鋼鐵股份有限公司,,28754606,,10315000000,臺南市仁德區新田里義林路１２２號Ｂ棟,,,
9919,康那香企業股份有限公司,康那香,74231126,,1953627500,臺南市佳里區民安里００７鄰同安寮７７―１號,,其他,上市公司
,強新工業股份有限公司,,84703335,,1334160000,臺南市佳里區海澄里萊芊寮１２－１９號,,,
,鉅橡企業股份有限公司,,96865657,,845744660,臺南市佳里區海澄里萊芊寮１２－２７號,,,
,得禾能源股份有限公司,,42923195,,970840000,臺南市北　區中樓里開元路９２號２樓,,,
1529,樂士股份有限公司,樂士,34211074,,1359679820,臺南市北　區北華里成功路１１４號７樓之１,,電機機械,上市公司
,興南鑄造廠股份有限公司,,69004902,,920787780,臺南市北　區小北里公園路４３５號,,,
1521,大億交通工業製造股份有限公司,大億,69408876,,762300000,臺南市南　區彰南里新信路１１號,,汽車工業,上市公司
1522,堤維西交通工業股份有限公司,堤維西,22269487,,3428978810,臺南市南　區彰南里新樂路７２之２號１樓,,汽車工業,上市公司
1737,臺鹽實業股份有限公司,臺鹽,89397503,,2780955000,臺南市南　區竹溪里健康路１段２９７號,,食品工業,上市公司
3164,景岳生物科技股份有限公司,景岳,12715847,,863713640,臺南市善化區南關里南科七路８號,,生技醫療業,上市公司
,律勝科技股份有限公司,,97330127,,701124260,臺南市善化區南關里南科九路８號,,,
1789,台灣神隆股份有限公司,神隆,16130161,,7907392220,臺南市善化區南關里南科八路１號,,生技醫療業,上市公司
,群豐駿科技股份有限公司,,69764375,,1500000000,臺南市善化區南關里南科八路１２號Ａ室,,,
,能元科技股份有限公司,,16441469,,15663107030,臺南市善化區南關里大利二路１０號,,,
4960,誠美材料科技股份有限公司,誠美材,27790294,,6755335000,臺南市善化區南關里木柵港西路１３號,,光電業,上市公司
3383,新世紀光電股份有限公司,新世紀,12979925,,700000000,臺南市善化區南關里環東路二段３１號,,光電業,上市公司
,台灣昭和電工半導體材料股份有限公司,,29184956,,702797300,臺南市善化區南關里環東路２段２１號,,,
,住華科技股份有限公司,,70848177,,4416618000,臺南市善化區南關里環東路２段３２號,,,
,頂正科技股份有限公司,,13111021,,931000000,臺南市善化區南關里環東路２段４５號,,,
,聯亞光電工業股份有限公司,,16022634,,913691770,臺南市善化區南關里００７鄰南科九路１２號１樓,,,
,福隆尖端科技股份有限公司,,73630027,,881000000,臺南市善化區溪美里溪尾７２－３６號,,,
3049,和鑫光電股份有限公司,和鑫,70750217,,8069485290,臺南市善化區胡厝里北園一路７號,,光電業,上市公司
,信立化學工業股份有限公司,,72104709,,700000000,臺南市學甲區新榮里華宗路１２１號,,,
,東盟開發實業股份有限公司,,88121697,,3560852000,臺南市學甲區秀昌里一秀１５５號,,,
,金智洋科技股份有限公司,,12804123,,983000000,臺南市安南區媽祖宮里工業二路８２號,,,
4562,穎漢科技股份有限公司,穎漢,28919500,,875460000,臺南市安南區媽祖宮里科技一路５０號,,電機機械,上市公司
6477,安集科技股份有限公司,安集,28580346,,1145376080,臺南市安南區媽祖宮里科技五路１９號,,光電業,上市公司
,富驊企業股份有限公司,,36270626,,1476826290,臺南市安南區安東里安和路２段５４巷２２５號,,,
3032,偉訓科技股份有限公司,偉訓,69577160,,1132856260,臺南市安南區安東里安和路２段５４巷２２５號１樓,,電子零組件業,上市公司
1319,東陽實業廠股份有限公司,東陽,68326665,,5914770680,臺南市安南區安東里安和路２段９８號１樓,,汽車工業,上市公司
,日揚科技股份有限公司,,16101031,,1182016790,臺南市安南區布袋里工明南二路１０６號,,,
6698,旭暉應用材料股份有限公司,旭暉應材,28722767,,663897530,臺南市安南區顯宮里工業一路３６號,,其他電子業,上市公司
,台灣成膜光電股份有限公司,,70817147,,532000000,臺南市安南區顯宮里工業三路６０號,,,
,德英生物科技股份有限公司,,80225425,,556600000,臺南市安南區顯宮里科技五路９２號,,,
,光洋應用材料科技股份有限公司,,43787872,,5919312430,臺南市安南區𥂁田里工業三路１號,,,
,安瀚視特股份有限公司,,70781345,,1600000000,臺南市安南區𥂁田里工業三路８號,,,
,迎輝科技股份有限公司,,16366341,,618298680,臺南市安南區𥂁田里本田路２段３９１號１樓,,,
,統程科技股份有限公司,,27223551,,512760000,臺南市安南區𥂁田里本田路２段４０７號,,,
6201,亞弘電科技股份有限公司,亞弘電,73710056,,1200000000,臺南市安定區中沙里沙崙３５號,,其他電子業,上市公司
,大億金茂股份有限公司,,16359284,,750000000,臺南市安定區中沙里００５鄰沙崙４－１２號,,,
,永捷創新科技股份有限公司,,86123874,,1394638180,臺南市安定區安加里安定２５８－２６號,,,
,斐成企業股份有限公司,,84341994,,1187707760,臺南市安平區建平里永華路２段２４８號１１樓之２,,,
,郡宏光電股份有限公司,,29006539,,1367000000,臺南市官田區二鎮里力行街２號之６,,,
,新農科技股份有限公司,,69800512,,650000000,臺南市官田區二鎮里富強路２７號,,,
1232,大統益股份有限公司,大統益,20927014,,1778000000,臺南市官田區二鎮里工業西路３２號,,食品工業,上市公司
,廣泰金屬工業股份有限公司,,73649454,,1025565000,臺南市官田區二鎮里工業路２０號,,,
,青鋼應用材料股份有限公司,,69797158,,818094060,臺南市官田區二鎮里工業路９號,,,
,福發實業股份有限公司,,07721550,,520002290,臺南市官田區二鎮里建業路１７號,,,
2017,官田鋼鐵股份有限公司,官田鋼,72065240,,3418674620,臺南市官田區南廍里南廍１１９―５號,,鋼鐵工業,上市公司
2028,威致鋼鐵工業股份有限公司,威致,69771636,,3257148000,臺南市官田區南廍里１２３號,,鋼鐵工業,上市公司
,宏佳騰動力科技股份有限公司,,80621419,,754997640,臺南市山上區南洲里南洲４１號,,,
,亞獵士航太科技股份有限公司,,27775786,,966599880,臺南市山上區明和里北勢洲２１－２號,,,
,台灣龍盟複合材料股份有限公司,,16378536,,1399049500,臺南市山上區明和里北勢洲２４號,,,
1460,宏遠興業股份有限公司,宏遠,22817999,,6946434840,臺南市山上區明和里明和２５６號,,紡織纖維,上市公司
,怡發科技股份有限公司,,70757204,,600000000,臺南市後壁區福安里下寮２０７號,,,
,桂盟企業股份有限公司,,73626826,,886000000,臺南市新化區護國里中山路４１號,,,
1449,佳和實業股份有限公司,佳和,72055019,,1122131630,臺南市新市區三舍里三舍２０７號,,紡織纖維,上市公司
5222,全訊科技股份有限公司,全訊,16130296,,678287820,臺南市新市區三舍里大順七路９０號,,半導體業,上市公司
1464,得力實業股份有限公司,得力,73686632,,3845656520,臺南市新市區三舍里２４０號,,紡織纖維,上市公司
,冠東實業廠股份有限公司,,69310466,,542000000,臺南市新市區永就里中山路１７９號,,,
,豐華生物科技股份有限公司,,29048989,,721710000,臺南市新市區港墘里國際路１７號４樓之２,,,
,南元紡織股份有限公司,,73175420,,760000000,臺南市新市區港墘里興業路２號,,,
,台灣穗高科技股份有限公司,,80347834,,1900000000,臺南市新市區社內里環東路１段２號,,,
6620,漢達生技醫藥股份有限公司,漢達,24546157,,1221300000,臺南市新市區豐華里南科三路２３號３樓之１、３樓之２,,生技醫療業,興櫃公司
,東捷科技股份有限公司,,16491312,,1648178360,臺南市新市區豐華里南科六路９號,,,
,奇力光電科技股份有限公司,,28402292,,2301618000,臺南市新市區豐華里堤塘港路３號,,,
1597,直得科技股份有限公司,直得,16755427,,811875490,臺南市新市區豐華里大利一路３號,,電機機械,上市公司
,宏捷科技股份有限公司,,16130423,,1965161230,臺南市新市區豐華里大利一路６號,,,
,奇菱科技股份有限公司,,53015143,,800000000,臺南市新市區豐華里王甲路１號,,,
,双美生物科技股份有限公司,,12744147,,544630000,臺南市新市區豐華里環東路１段３１巷１０號,,,
4956,光鋐科技股份有限公司,光鋐,28334226,,1004082000,臺南市新市區豐華里看西路７號,,光電業,上市公司
,立景光電股份有限公司,,13111296,,509676000,臺南市新市區豐華里紫楝路２６號,,,
,奇景光電股份有限公司,,16130970,,1417160680,臺南市新市區豐華里紫楝路２６號,,,
,恆景科技股份有限公司,,28662590,,1600460000,臺南市新市區豐華里紫楝路２６號,,,
,台灣紙業股份有限公司,,11912102,,3953709970,臺南市新營區南紙里南紙街９４號,,,
,榮剛材料科技股份有限公司,,84252697,,4667359910,臺南市新營區嘉芳里新中路３５號１樓,,,
8222,寶一科技股份有限公司,寶一,04431804,,685735000,臺南市新營區嘉芳里新工路１３巷１號,,電機機械,上市公司
1720,生達化學製藥股份有限公司,生達,71122503,,1786960890,臺南市新營區土庫里土庫６之２０號,,生技醫療業,上市公司
1440,臺南紡織股份有限公司,南紡,68919301,,16568158570,臺南市東　區東光里裕農路５１１號,,紡織纖維,上市公司
,台灣糖業股份有限公司,,03794905,,78288192000,臺南市東　區東智里生產路６８號,,,
,恒耀國際股份有限公司,,69916350,,1292901960,臺南市東　區泉南里長榮路１段２０３號３樓,,,
,東雲股份有限公司,,72065570,,9000000000,臺南市東　區自強里東門路３段３１號６樓,,,
,精剛精密科技股份有限公司,,80334042,,1224705330,臺南市柳營區大農里工一路１５號,,,
,光宇應用材料股份有限公司,,54595817,,1063162500,臺南市柳營區大農里環園西路二段４０號,,,
1473,臺南企業股份有限公司,台南,68919702,,1471535340,臺南市歸仁區南興里中山路３段３２０號,,紡織纖維,上市公司
5007,三星科技股份有限公司,三星,68040606,,2949401540,臺南市歸仁區南興里中山路３段３５５－６號１樓,,鋼鐵工業,上市公司
,萬國通路股份有限公司,,73644351,,1477160000,臺南市歸仁區武東里中正南路二段１號,,,
,森鉅科技材料股份有限公司,,89845559,,1658400800,臺南市歸仁區許厝里中山路１段４１１號７樓,,,
,台灣杰士電池工業股份有限公司,,73048184,,902824000,臺南市永康區三民里中正北路９９９號,,,
2474,可成科技股份有限公司,可成,69905810,,7616180690,臺南市永康區三民里仁愛街３９８號,,其他電子業,上市公司
,台灣日鐵不銹鋼精密鋼板股份有限公司,,45896559,,750000000,臺南市永康區三民里民東路３５號,,,
,結進不銹鋼工業股份有限公司,,69683444,,800000000,臺南市永康區三民里民東路３５號,,,
,德記洋行股份有限公司,,22358925,,945000000,臺南市永康區塩行里中正路３０１號,,,
,易昇鋼鐵股份有限公司,,28098406,,1500000000,臺南市永康區尚頂里正南一街２００號,,,
,龍鋒企業股份有限公司,,73653920,,800000000,臺南市永康區新樹里中山北路８１８號,,,
1446,宏和精密紡織股份有限公司,宏和,73641170,,1377095130,臺南市永康區東橋里中山南路４７３號,,紡織纖維,上市公司
,皇田工業股份有限公司,,73707377,,749000000,臺南市永康區王行里永科五路６號,,,
,長利科技股份有限公司,,25028357,,510078730,臺南市永康區王行里永科環路１１５號,,,
,廣翰實業股份有限公司,,22280997,,530000000,臺南市永康區王行里永科環路３０３號,,,
,國際紡織股份有限公司,,73248107,,703433310,臺南市永康區王行里王行路７４１號,,,
,基益企業股份有限公司,,73682410,,821077940,臺南市永康區王行里環工路１０７號,,,
,統一精工股份有限公司,,86379116,,690713000,臺南市永康區王行里環工路６７號,,,
,至寶光電股份有限公司,,22193115,,644305730,臺南市永康區王行里環工路７５號,,,
,港香蘭藥廠股份有限公司,,73255839,,800000000,臺南市永康區王行里環工路９號,,,
,三新紡織股份有限公司,,73004186,,782000000,臺南市永康區蔦松里中正北路７１１號,,,
9907,統一實業股份有限公司,統一實,73252657,,15791453000,臺南市永康區蔦松里中正北路８３７號,,其他,上市公司
1210,大成長城企業股份有限公司,大成,73008303,,8521592590,臺南市永康區蔦松里蔦松二街３號,,食品工業,上市公司
2033,佳大世界股份有限公司,佳大,72072615,,806945000,臺南市永康區𥂁行里中正北路３１７巷１６號,,鋼鐵工業,上市公司
,全立發機械廠股份有限公司,,72074775,,600000000,臺南市永康區𥂁行里中正南路３６０巷１７號,,,
1216,統一企業股份有限公司,統一,73251209,,56820154210,臺南市永康區𥂁行里中正路３０１號,,食品工業,上市公司
4766,南寶樹脂化學工廠股份有限公司,南寶,74229304,,1205707800,臺南市西港區南海里南海街９９巷１０號,,化學工業,上市公司
,富強鑫精密工業股份有限公司,,86122164,,1494387800,臺南市關廟區埤頭里保東路２６９號,,,
,伊頓飛瑞慕品股份有限公司,,73735839,,8276393005,臺南市關廟區埤頭里保東路２６９－１號,,,
1609,大亞電線電纜股份有限公司,大亞,68035907,,6458954020,臺南市關廟區關廟里中山路２段２４９號,,電器電纜,上市公司
,萬在工業股份有限公司,,22212598,,569700000,臺南市關廟區關廟里中山路２段２６０號,,,
,台灣銅業科技股份有限公司,,97270752,,592105630,臺南市鹽水區橋南里五福路１５６號,,,
2025,千興不銹鋼股份有限公司,千興,70005915,,2811672620,臺南市麻豆區埤頭里工業路２２２號,,鋼鐵工業,上市公司
1414,東和紡織股份有限公司,東和,73141105,,2200000000,臺南市麻豆區埤頭里工業路２２７號,,紡織纖維,上市公司
,惠光股份有限公司,,69546202,,856701670,臺南市麻豆區埤頭里苓子林１７之１０號,,,
,岱稜科技股份有限公司,,23842911,,940906070,臺南市麻豆區麻口里麻豆口１之１３號,,,
,統奕包裝股份有限公司,,89209994,,628012950,臺南市麻豆區麻口里麻豆口１－３１號,,,
,世堃塑膠股份有限公司,,22281617,,550140000,臺南市麻豆區麻口里麻豆口３２之２６號,,,
,聯錏鋅彩股份有限公司,,27214005,,900000000,臺南市龍崎區石𥕢里米市園５號１樓,,,
1905,中華紙漿股份有限公司,華紙,94025264,,11028353160,花蓮縣吉安鄉光華村７鄰光華街１００號,,造紙工業,上市公司
,欣欣水泥企業股份有限公司,,36513594,,930330840,花蓮縣花蓮市國聯里０１６鄰國聯二路９５號,,,
,納智捷汽車股份有限公司,,28435456,,6050000000,苗栗縣三義鄉西湖村伯公坑３９―１號,,,
2201,裕隆汽車製造股份有限公司,裕隆,03489200,,10000000000,苗栗縣三義鄉西湖村１４鄰伯公坑３９之１號,,汽車工業,上市公司
2227,裕隆日產汽車股份有限公司,裕日車,80032530,,3000000000,苗栗縣三義鄉西湖村１４鄰伯公坑３９－２號,,汽車工業,上市公司
,友聯車材製造股份有限公司,,11104755,,868892200,苗栗縣三義鄉西湖村１４鄰伯公坑４０－１０號,,,
,立安東化工股份有限公司,,20939460,,597000000,苗栗縣三義鄉鯉魚潭村４鄰鯉魚口９９號,,,
,臺灣苗栗捲煙廠股份有限公司,,53411452,,800000000,苗栗縣後龍鎮埔頂里１７鄰厝勝路２０５－２２號,,,
1451,年興紡織股份有限公司,年興,22266307,,1980000000,苗栗縣後龍鎮東明里８鄰下浮尾１１９－３號,,紡織纖維,上市公司
2441,超豐電子股份有限公司,超豐,05126366,,5688459210,苗栗縣竹南鎮佳興里公義路１３６號,,半導體業,上市公司
,廣源造紙股份有限公司,,50301500,,1080000000,苗栗縣竹南鎮佳興里７鄰照南１８號,,,
,台灣晉陞太空股份有限公司,,43819327,,783268270,苗栗縣竹南鎮公義里科義街３２號,,,
,春秋光學股份有限公司,,56657513,,551772150,苗栗縣竹南鎮公義里０１１鄰群義路６９號２樓,,,
,佳邦科技股份有限公司,,16599215,,1401803410,苗栗縣竹南鎮公義里１１鄰科義街１１號,,,
,台英帝國菸草製造股份有限公司,,28413544,,3100195000,苗栗縣竹南鎮公義里１１鄰群義路８號,,,
,聿新生物科技股份有限公司,,16930971,,526597360,苗栗縣竹南鎮公館里７鄰中華南路１８８號,,,
,大穎企業股份有限公司,,49738821,,3882672000,苗栗縣竹南鎮公館里７鄰大埔頂１４之２號,,,
1806,冠軍建材股份有限公司,冠軍,49701774,,4337820780,苗栗縣竹南鎮大埔里０１３鄰竹篙厝２００－７號,,玻璃陶瓷,上市公司
6742,澤米科技股份有限公司,澤米,80137437,,573282050,苗栗縣竹南鎮崎頂里和興路３３０號,,光電業,興櫃公司
,錼創顯示科技股份有限公司,,42771985,,582000000,苗栗縣竹南鎮頂埔里科中路１３號８樓,,,
3413,京鼎精密科技股份有限公司,京鼎,12858252,,878008260,苗栗縣竹南鎮頂埔里科中路１６號,,半導體業,上市公司
,松瑞製藥股份有限公司,,80642673,,3168026070,苗栗縣竹南鎮頂埔里科中路２９號,,,
,群豐科技股份有限公司,,28110041,,883900150,苗栗縣竹南鎮頂埔里科北一路２１號,,,
6434,達輝光電股份有限公司,達輝光電,28230046,,4636020000,苗栗縣竹南鎮頂埔里科北二路３號,,光電業,興櫃公司
3481,群創光電股份有限公司,群創,12800225,,105596200510,苗栗縣竹南鎮頂埔里科學路１６０號,,光電業,上市公司
2444,兆勁科技股份有限公司,兆勁,89549446,,1055575730,苗栗縣竹南鎮頂埔里科研路５０－８號２樓,,通信網路業,上市公司
,英特盛科技股份有限公司,,54098493,,2000000000,苗栗縣竹南鎮頂埔里０１０鄰科中路１２號８樓,,,
2426,鼎元光電科技股份有限公司,鼎元,22434156,,3006222520,苗栗縣竹南鎮頂埔里０１０鄰科中路１５號,,光電業,上市公司
,喬信電池股份有限公司,,28403834,,606600000,苗栗縣竹南鎮頂埔里０１０鄰科北六路２號,,,
6288,聯嘉光電股份有限公司,聯嘉,89396315,,1826840700,苗栗縣竹南鎮頂埔里０１０鄰科東一路２號,,汽車工業,上市公司
6449,鈺邦科技股份有限公司,鈺邦,28064644,,889535140,苗栗縣竹南鎮頂埔里０１０鄰科東三路２號６號４樓,,電子零組件業,上市公司
,霖揚生技製藥股份有限公司,,24890496,,797775000,苗栗縣竹南鎮頂埔里０１０鄰科研路５０－８號４樓,,,
,旭明光電股份有限公司,,12800800,,4348356920,苗栗縣竹南鎮頂埔里１０鄰科中路１１號１樓﹒３樓﹒４樓,,,
,兆遠科技股份有限公司,,12646223,,880892960,苗栗縣竹南鎮頂埔里１０鄰科北五路８號,,,
,益邦製藥股份有限公司,,28112462,,1250000000,苗栗縣竹南鎮頂埔里１０鄰科東三路１號,,,
,台灣豪雅光電股份有限公司,,12800442,,500000000,苗栗縣竹南鎮頂埔里１０鄰科東三路３６號,,,
,錩泰材料股份有限公司,,53282041,,836168280,苗栗縣苑裡鎮水坡里５鄰４２號,,,
3023,信邦電子股份有限公司,信邦,23542766,,2333769650,苗栗縣苗栗市北苗里１０鄰國華路５８２號,,電子零組件業,上市公司
,博錸科技股份有限公司,,12847853,,3133000000,苗栗縣銅鑼鄉中平村０２６鄰中興路１４號,,,
,科奈傑科技股份有限公司,,56296808,,2281880600,苗栗縣銅鑼鄉中平村０２９鄰中興路８７號,,,
,立敦科技股份有限公司,,84607396,,1430048200,苗栗縣銅鑼鄉中平村１３鄰中隆二路９號,,,
,巨擘先進股份有限公司,,16901646,,3356181000,苗栗縣銅鑼鄉中平村１３鄰瑞興北街６號,,,
3149,正達國際光電股份有限公司,正達,97049373,,2063936040,苗栗縣銅鑼鄉中平村２９鄰中興路９９號,,光電業,上市公司
,太平洋醫材股份有限公司,,20765714,,726000000,苗栗縣銅鑼鄉九湖村銅科二路８號,,,
,臺灣福吉米股份有限公司,,28113194,,800000000,苗栗縣銅鑼鄉九湖村１２鄰銅科一路１０號,,,
,茂林光學股份有限公司,,28113510,,500894000,苗栗縣銅鑼鄉九湖村１２鄰銅科一路６號,,,
,華隆股份有限公司,,07406808,,6412944000,苗栗縣頭份市中興里２鄰自立街８１號２樓,,,
,慶騰精密科技股份有限公司,,84189908,,867889480,苗栗縣頭份市蘆竹里中華路４８７巷２０號,,,
,上銀光電股份有限公司,,53272091,,2561514690,苗栗縣頭份市蘆竹里１６鄰中華路４４２－１號,,,
8105,凌巨科技股份有限公司,凌巨,16432742,,4415448510,苗栗縣頭份市蘆竹里４鄰工業路１５號,,光電業,上市公司
,金門酒廠實業股份有限公司,,16436466,,4600000000,金門縣金寧鄉榜林村桃園路１號,,,
,金門皇家酒廠股份有限公司,,80137014,,1000000000,金門縣金湖鎮蓮庵里三谿橋１７號,,,
,萬有紙廠股份有限公司,,63834304,,4000000000,雲林縣北港鎮新街里民樂路２６５號,,,
1615,大山電線電纜股份有限公司,大山,64829434,,1378137170,雲林縣斗六市久安里雲林路３段３６９號,,電器電纜,上市公司
,綠益康生物科技實業股份有限公司,,16373413,,1000000000,雲林縣斗六市保庄里明德北路三段３００巷２１號,,,
2030,彰源企業股份有限公司,彰源,60330130,,2805260270,雲林縣斗六市榴中里工業路１２２號,,鋼鐵工業,上市公司
,龍合永興股份有限公司,,84217030,,632494420,雲林縣斗六市榴中里工業路１２５號,,,
8131,福懋科技股份有限公司,福懋科,23826736,,4422222230,雲林縣斗六市榴中里河南街３２９號,,半導體業,上市公司
1434,福懋興業股份有限公司,福懋,14001199,,16846646370,雲林縣斗六市榴中里石榴路３１７號,,紡織纖維,上市公司
,台日古河銅箔股份有限公司,,97168665,,1475000000,雲林縣斗六市榴南里斗工二路８號,,,
4426,利勤實業股份有限公司,利勤,16229261,,1726771980,雲林縣斗六市榴南里斗工十二路５號,,紡織纖維,上市公司
,富喬工業股份有限公司,,16834268,,4284776700,雲林縣斗六市榴南里斗工十六路８號,,,
,艾杰旭顯示玻璃股份有限公司,,70584724,,3120000000,雲林縣斗六市虎溪里科工七路８號,,,
,天機電力股份有限公司,,59030727,,600000000,雲林縣斗六市虎溪里西平路７８０巷２５－１號,,,
1563,巧新科技工業股份有限公司,巧新,84980915,,1988374000,雲林縣斗六市虎溪里雲科路３段８０號,,電機機械,興櫃公司
9910,豐泰企業股份有限公司,豐泰,63400932,,8816810990,雲林縣斗六市虎溪里２３鄰科工八路５２號,,其他,上市公司
,信越電子材料股份有限公司,,54396084,,2820000000,雲林縣斗六市長安里科加六路２８號,,,
,明徽能源股份有限公司,,53129645,,2400000000,雲林縣斗六市長安里科加路２３號,,,
,古河銅箔股份有限公司,,53372182,,1555000000,雲林縣斗六市長安里科加路２５號,,,
,合眾紙業股份有限公司,,04380087,,1035300000,雲林縣林內鄉林中村瑞農路６５號,,,
4166,友霖生技醫藥股份有限公司,友霖,28924399,,1870028310,雲林縣虎尾鎮墾地里科虎一路８號,,生技醫療業,興櫃公司
4564,元翎精密工業股份有限公司,元翎,23019109,,1827883030,雲林縣虎尾鎮墾地里科虎三路１８號,,電機機械,上市公司
,元翊精密工業股份有限公司,,54990161,,685000000,雲林縣虎尾鎮墾地里科虎三路１８號,,,
,台灣小原光學材料股份有限公司,,29182789,,500000000,雲林縣虎尾鎮墾地里科雲北路５５號,,,
,善德生化科技股份有限公司,,16549813,,600000000,雲林縣褒忠鄉中民村中正路１６號,,,
,台塑出光特用化學品股份有限公司,,42767461,,1500000000,雲林縣麥寮鄉中興村台塑工業園區１之１號,,,
,台塑旭彈性纖維股份有限公司,,16446128,,1002500000,雲林縣麥寮鄉中興村台塑工業園區１號之１,,,
,台灣醋酸化學股份有限公司,,80087041,,2403000000,雲林縣麥寮鄉中興村台塑工業園區１號之１,,,
3532,台塑勝高科技股份有限公司,台勝科,89406518,,7756965990,雲林縣麥寮鄉中興村台塑工業園區１號之１,,半導體業,上市公司
,台塑科騰化學有限公司,,53667030,,2475000000,雲林縣麥寮鄉中興村１０鄰台塑工業園區１號之１,,,
6505,台塑石化股份有限公司,台塑化,86522210,,95259596520,雲林縣麥寮鄉中興村１０鄰台塑工業園區１號之１,,油電燃氣業,上市公司
,中塑油品股份有限公司,,70776547,,2087376510,雲林縣麥寮鄉中興村１０鄰台塑工業園區１０－８號１樓,,,
,南中石化工業股份有限公司,,97161348,,2000000000,雲林縣麥寮鄉中興村１０鄰台塑工業園區２－１號,,,
,昱鼎能源科技開發股份有限公司,,53345334,,1046210820,高雄市三民區安和里博愛一路３６６號１３樓,,,
,加捷生醫股份有限公司,,89415241,,889366810,高雄市三民區寶民里九如一路６１號３樓,,,
1717,長興材料工業股份有限公司,長興,75339004,,12402794550,高雄市三民區灣勝里建工路５７８號,,化學工業,上市公司
,光陽工業股份有限公司,,75195800,,5835375000,高雄市三民區灣興街３５號,,,
2428,興勤電子工業股份有限公司,興勤,83639504,,1281127260,高雄市三民區灣興里民族一路３７３巷２１號,,電子零組件業,上市公司
1307,三芳化學工業股份有限公司,三芳,83387850,,3978181260,高雄市三民區通化街１２０號,,塑膠工業,上市公司
,鳳勝實業股份有限公司,,16093742,,600000000,高雄市仁武區後安里鳳仁路２９４號,,,
,臺塑汽車貨運股份有限公司,,75689304,,1969924200,高雄市仁武區後安里鳳仁路３０４號,,,
,台朔重工股份有限公司,,23986634,,19948384460,高雄市仁武區竹後里水管路１００號,,,
1301,台灣塑膠工業股份有限公司,台塑,75708007,,63657407810,高雄市仁武區竹後里水管路１００號,,塑膠工業,上市公司
1303,南亞塑膠工業股份有限公司,南亞,75370905,,79308215890,高雄市仁武區竹後里水管路１０１號,,塑膠工業,上市公司
,台灣益鉅金屬股份有限公司,,28601222,,526255000,高雄市仁武區竹後里竹楠路３３巷１號,,,
,元山科技工業股份有限公司,,22264722,,697869250,高雄市仁武區竹後里鳳仁路３２９號,,,
1714,和桐化學股份有限公司,和桐,12526607,,10215928080,高雄市仁武區竹後里０２１鄰竹工二巷１號,,化學工業,上市公司
1235,興泰實業股份有限公司,興泰,85617982,,1043979850,高雄市仁武區高楠里高楠公路１０號,,食品工業,上市公司
1512,瑞利企業股份有限公司,瑞利,85330636,,2533124940,高雄市仁武區高楠里高楠公路２２號,,汽車工業,上市公司
1110,東南水泥股份有限公司,東泥,83078600,,5720007000,高雄市前金區文東里五福三路２１號４樓之１,,水泥工業,上市公司
,台機船舶廠股份有限公司,,97173533,,825812190,高雄市前金區文東里五福三路２１號５樓之１,,,
1608,華榮電線電纜股份有限公司,華榮,79460007,,6327735060,高雄市前金區東金里中正四路１７０號,,電器電纜,上市公司
2009,第一伸銅科技股份有限公司,第一銅,82001528,,3596221650,高雄市前金區東金里中正四路１７０號４樓,,鋼鐵工業,上市公司
,華宏新技股份有限公司,,83428825,,1000044140,高雄市前金區林投里中正四路２３５號１１樓之６及之７,,,
2069,運錩鋼鐵股份有限公司,運錩,22533297,,1663868360,高雄市前金區林投里中正四路２３５號１３樓之１,,鋼鐵工業,上市公司
,誠毅紙器股份有限公司,,75580992,,948000000,高雄市前金區社東里成功一路３４６號,,,
2421,建準電機工業股份有限公司,建準,81448796,,2509297000,高雄市前鎮區信義里新衙路２９６巷３０號,,電子零組件業,上市公司
9930,中聯資源股份有限公司,中聯資源,86119908,,2485403680,高雄市前鎮區忠純里成功二路８８號２２樓,,其他,上市公司
,雷科股份有限公司,,22837088,,838735890,高雄市前鎮區明孝里新生路２４８―３９號,,,
3017,奇鋐科技股份有限公司,奇鋐,86427715,,3533101570,高雄市前鎮區明孝里新生路２４８之２７號,,電腦及週邊設備業,上市公司
,華森電子科技股份有限公司,,70776080,,583044000,高雄市前鎮區明孝里新生路２４８－４７號五樓,,,
,亞太隆剛鋼鐵股份有限公司,,16083218,,610000000,高雄市前鎮區興化里鎮港路７號,,,
8478,東哥企業股份有限公司,東哥遊艇,85798816,,888862760,高雄市前鎮區草衙里金福路１號,,其他,上市公司
3038,全台晶像股份有限公司,全台,89261652,,1624076030,高雄市前鎮區鎮北里中一路５號,,光電業,上市公司
6176,瑞儀光電股份有限公司,瑞儀,22101208,,4650272630,高雄市前鎮區鎮北里中六路１號,,光電業,上市公司
8110,華東科技股份有限公司,華東,22101116,,5217218760,高雄市前鎮區鎮北里北一路１８號,,半導體業,上市公司
1786,科妍生物科技股份有限公司,科妍,13159100,,661904250,高雄市前鎮區鎮北里南一路１號,,生技醫療業,上市公司
,台灣典範半導體股份有限公司,,22101544,,1751000000,高雄市前鎮區鎮北里南二路１號,,,
,台灣三井高科技股份有限公司,,22101615,,1271000000,高雄市前鎮區鎮北里南五路１號,,,
6834,天二科技股份有限公司,天二科技,83360971,,798270820,高雄市前鎮區鎮北里南四路３號,,電子零組件業,興櫃公司
,高雄晶傑達光電科技股份有限公司,,89003206,,887830000,高雄市前鎮區鎮北里東十三街２號,,,
8039,台虹科技股份有限公司,台虹,16198345,,2091196920,高雄市前鎮區鎮北里環區三路１號,,電子零組件業,上市公司
,新盛力科技股份有限公司,,70848850,,636452610,高雄市前鎮區鎮北里西十五街１號,,,
,濱川企業股份有限公司,,76404919,,1206870810,高雄市大寮區大寮里興業路２號,,,
,鉅明股份有限公司,,85634075,,508540150,高雄市大寮區大寮里興業路４１號,,,
,加高電子股份有限公司,,75914885,,1070412000,高雄市大寮區大寮里華東路３９號,,,
,華容股份有限公司,,76409479,,1727107240,高雄市大寮區後庄里民貴街６０巷５號１樓,,,
,聚和國際股份有限公司,,04243562,,1732041010,高雄市大寮區潮寮里華東路２８號,,,
,仁望有限公司,,86895695,,500000000,高雄市大寮區琉球里和業二路２０號,,,
6269,台郡科技股份有限公司,台郡,16347324,,3513308790,高雄市大寮區過溪里莒光一街２３號,,電子零組件業,上市公司
9927,泰銘實業股份有限公司,泰銘,79875202,,1673185340,高雄市大寮區過溪里莒光三街６號,,其他,上市公司
,太普高精密影像股份有限公司,,16469727,,689617900,高雄市大寮區過溪里莒光二街２０號,,,
,台灣住友培科股份有限公司,,16443781,,800000000,高雄市大寮區過溪里華西路１號,,,
,大連化學工業股份有限公司,,12233428,,3084733550,高雄市大寮區過溪里華西路８－１號,,,
,金皇企業股份有限公司,,85807913,,1200000000,高雄市大寮區過溪里鳳林二路５６６號,,,
,長春人造樹脂廠股份有限公司,,11384708,,4375171350,高雄市大寮區過溪里００４鄰華西路８號,,,
,中華食品實業股份有限公司,,76316325,,887720260,高雄市大樹區龍目里龍目路１１０－６號,,,
1314,中國石油化學工業開發股份有限公司,中石化,03084741,,37848501300,高雄市大社區三奶里經建路１號,,塑膠工業,上市公司
1718,中國人造纖維股份有限公司,中纖,07066907,,16862097450,高雄市大社區三奶里經建路８號,,化學工業,上市公司
,高雄塑酯化學工業股份有限公司,,85803825,,500000000,高雄市大社區三奶里興工路１號,,,
2103,台橡股份有限公司,台橡,03553737,,8257099780,高雄市大社區三奶里興工路２號,,橡膠工業,上市公司
1312,國喬石油化學股份有限公司,國喬,04212250,,9266203000,高雄市大社區三奶里興工路４號,,塑膠工業,上市公司
2029,盛餘股份有限公司,盛餘,79837539,,3211800000,高雄市小港區中林路１１號,,鋼鐵工業,上市公司
,志一企業股份有限公司,,83405610,,557995000,高雄市小港區小港里光和路３７號,,,
,漢泰鋼鐵廠股份有限公司,,75688109,,1503700570,高雄市小港區山明里世全路４號,,,
,李長榮化學工業股份有限公司,,39054405,,8521078440,高雄市小港區山明里中林路３號,,,
,龍慶鋼鐵企業股份有限公司,,85793919,,1736000000,高雄市小港區山明里利昌街４號,,,
6585,鼎基先進材料股份有限公司,鼎基,81486019,,615480000,高雄市小港區山明里北林路８之１號,,其他,興櫃公司
,中鋼鋁業股份有限公司,,96971313,,8402511900,高雄市小港區山明里東林路１７號,,,
,經濟實業股份有限公司,,81083000,,720620007,高雄市小港區山明里永春街２０號,,,
1726,永記造漆工業股份有限公司,永記,75137605,,1620000000,高雄市小港區山明里沿海三路２６、２８號,,化學工業,上市公司
2038,海光企業股份有限公司,海光,75470524,,1812645220,高雄市小港區山明里沿海二路１２號,,鋼鐵工業,上市公司
,唐榮鐵工廠股份有限公司,,75460005,,3500000000,高雄市小港區山明里沿海二路４號,,,
,嘉信遊艇股份有限公司,,04368788,,630000000,高雄市小港區店鎮里光陽街１０號,,,
,嘉鴻遊艇股份有限公司,,22261942,,1030000000,高雄市小港區店鎮里光陽街８號,,,
,環球橡膠股份有限公司,,29058640,,3907166000,高雄市小港區鳳宮里中林路１６號,,,
,明安國際企業股份有限公司,,22532826,,1353127220,高雄市小港區鳳宮里中林路２６號,,,
2002,中國鋼鐵股份有限公司,中鋼,30414175,,157731289960,高雄市小港區鳳宮里中鋼路１號,,鋼鐵工業,上市公司
2208,台灣國際造船股份有限公司,台船,04695235,,9317872960,高雄市小港區鳳宮里中鋼路３號,,航運業,上市公司
,中鋼機械股份有限公司,,70818455,,1352823930,高雄市小港區鳳宮里台機路３號,,,
,遠龍不銹鋼股份有限公司,,27699704,,2000000000,高雄市小港區鳳鳴里大業南路２８號,,,
,如欲企業股份有限公司,,81267247,,828000000,高雄市小港區鳳鳴里大業南路３２號,,,
,凱景實業股份有限公司,,81102914,,756276000,高雄市小港區鳳鳴里大業南路４２號,,,
,中能資源股份有限公司,,54619249,,981120000,高雄市小港區鳳鳴里沿海三路３８號,,,
,尚承鋼鐵股份有限公司,,27208480,,800000000,高雄市小港區龍鳳里大業南路７號１樓,,,
9957,燁聯鋼鐵股份有限公司,燁聯,23218395,,26204136000,高雄市岡山區嘉興里興隆街６００號,,鋼鐵工業,興櫃公司
2012,春雨工廠股份有限公司,春雨,88187108,,2877740000,高雄市岡山區岡山里大寶街１００號,,鋼鐵工業,上市公司
4544,春日機械工業股份有限公司,春日,85721346,,602900000,高雄市岡山區岡山里大寶街５０號,,電機機械,興櫃公司
,晉禾企業股份有限公司,,88680066,,616800000,高雄市岡山區岡山里新樂街１０７號,,,
2022,聚亨企業股份有限公司,聚亨,79841479,,4797519760,高雄市岡山區岡山里新樂街７９之１號,,鋼鐵工業,上市公司
,上評資源循環股份有限公司,,91004618,,650000000,高雄市岡山區後紅里中山南路３０８號１樓,,,
,芳生螺絲股份有限公司,,88743843,,745000000,高雄市岡山區本洲里本工二路１７號,,,
,世暘工廠產業股份有限公司,,88700083,,556000000,高雄市岡山區本洲里本工二路１８號,,,
,友荃科技實業股份有限公司,,12882675,,762740000,高雄市岡山區本洲里本工五路３號,,,
,同興股份有限公司,,24673548,,800000000,高雄市岡山區本洲里本工路１２號,,,
,東麗尖端薄膜股份有限公司,,29184793,,3237000000,高雄市岡山區本洲里民主路９９號,,,
9924,台灣福興工業股份有限公司,福興,75706009,,1884521000,高雄市岡山區本洲里育才路８８號,,其他,上市公司
2481,強茂股份有限公司,強茂,22145016,,3828149270,高雄市岡山區灣裡里岡山北路２４號,,半導體業,上市公司
,皆豪實業股份有限公司,,84661004,,1093000000,高雄市岡山區爲隨里為隨西路１３８號,,,
2007,燁興企業股份有限公司,燁興,75992214,,5306516130,高雄市岡山區白米里寶米路３６９號,,鋼鐵工業,上市公司
,鑫科材料科技股份有限公司,,16827203,,734980570,高雄市岡山區碧紅里１鄰中山北路１４０號８樓之４,,,
,東徽企業股份有限公司,,88663329,,1200000000,高雄市岡山區程香里岡燕路３９９號,,,
,瑞洲冷凍食品股份有限公司,,75582210,,846000000,高雄市左營區菜公里民族一路６５１號,,,
3593,力銘科技股份有限公司,力銘,80617029,,930424160,高雄市左營區菜公里菜公一路６２巷１５號,,電子零組件業,上市公司
,立宇高新科技股份有限公司,,89408190,,582379100,高雄市左營區菜公里菜公一路６２巷１５號,,,
,石川島大林電廠工程辦事處,,36963922,,29492753000,高雄市新興區民生一路５６號１９樓之２,,,
,振農水泥製品股份有限公司,,73227406,,1030000000,高雄市新興區興昌里中東街２５８號１樓,,,
,慶富造船股份有限公司,,22839564,,5000000000,高雄市旗津區上竹里上竹巷３７―２１號,,,
,中信造船股份有限公司,,82050180,,656523000,高雄市旗津區北汕里中洲三路１０８巷９２號,,,
,林園先進材料科技股份有限公司,,42818882,,879309900,高雄市林園區北汕里０３８鄰石化四路１號,,,
,台灣氯乙烯工業股份有限公司,,19084015,,2754097610,高雄市林園區溪州里工業一路１號,,,
1308,亞洲聚合股份有限公司,亞聚,20747385,,5937439190,高雄市林園區溪州里工業一路３號,,塑膠工業,上市公司
2108,南帝化學工業股份有限公司,南帝,12209807,,4924166590,高雄市林園區溪州里工業一路９號,,橡膠工業,上市公司
,台灣石化合成股份有限公司,,30974253,,3016679000,高雄市林園區溪州里工業二路１號,,,
,合興石化工業股份有限公司,,23531178,,3500000000,高雄市林園區溪州里石化二路２號,,,
,椿昇木業股份有限公司,,88716347,,510000000,高雄市梓官區梓信里信義路７５巷２３號,,,
,堃霖冷凍機械股份有限公司,,22551554,,761523700,高雄市梓官區赤崁里赤崁北路３００號,,,
,榮工實業股份有限公司,,27945229,,858000000,高雄市楠梓區中陽里高楠公路１２００號,,,
,台灣中油股份有限公司,,03707901,,130100000000,高雄市楠梓區宏南里左楠路２號,,,
,中殼潤滑油股份有限公司,,03087803,,690408000,高雄市楠梓區宏榮里宏毅二路南１２巷２號１樓,,,
2329,華泰電子股份有限公司,華泰,89004161,,8257019330,高雄市楠梓區瑞屏里中三街９號,,半導體業,上市公司
,旺詮股份有限公司,,22101050,,602688000,高雄市楠梓區瑞屏里中二街１號,,,
5285,界霖科技股份有限公司,界霖,12636560,,1020409260,高雄市楠梓區瑞屏里中央路５８號,,半導體業,上市公司
,台灣雙葉電子股份有限公司,,76025017,,1727795000,高雄市楠梓區瑞屏里新開發路１號,,,
6552,易華電子股份有限公司,易華電,76025826,,830000000,高雄市楠梓區瑞屏里新開發路８號,,半導體業,上市公司
8070,長華電材股份有限公司,長華*,23307811,,689419426,高雄市楠梓區瑞屏里東七街１６號６樓,,電子通路業,上市公司
,日月光半導體製造股份有限公司,,76027628,,59941437640,高雄市楠梓區瑞屏里經三路２６號,,,
,台灣恩智浦半導體股份有限公司,,89002500,,6120000000,高雄市楠梓區瑞屏里經五路１０號,,,
,台灣福雷電子股份有限公司,,22100242,,11314525020,高雄市楠梓區瑞屏里西五街１０號,,,
2316,楠梓電子股份有限公司,楠梓電,76026851,,1827405360,高雄市楠梓區瑞屏里開發路３７號,,電子零組件業,上市公司
,日月光電子股份有限公司,,70849160,,3989819000,高雄市楠梓區瑞屏里開發路７３號,,,
,鑫陽鋼鐵股份有限公司,,53235414,,876960000,高雄市橋頭區芋寮里芋寮路２９７號,,,
2014,中鴻鋼鐵股份有限公司,中鴻,07838854,,14355444000,高雄市橋頭區芋寮里芋寮路３１７號,,鋼鐵工業,上市公司
2023,燁輝企業股份有限公司,燁輝,75947936,,18905695180,高雄市橋頭區芋寮里芋寮路３６９號,,鋼鐵工業,上市公司
,欣建工業股份有限公司,,28042430,,1532500000,高雄市橋頭區芋寮里６鄰芋林路３０１號１樓,,,
,久陽精密股份有限公司,,07926511,,720353290,高雄市橋頭區西林里芋林路２９９號,,,
,世豐螺絲股份有限公司,,31213886,,543771990,高雄市橋頭區頂鹽里１鄰復興西路８１０號,,,
,聯國金屬工業股份有限公司,,76358653,,860000000,高雄市永安區維新里保安路１９號１樓,,,
,璟茂科技股份有限公司,,16824557,,892800000,高雄市永安區維新里永工一路１７－２號５至６樓,,,
1773,勝一化工股份有限公司,勝一,75970680,,2000000000,高雄市永安區維新里永工一路５號,,化學工業,上市公司
,衛普實業股份有限公司,,89222151,,572106150,高雄市永安區維新里永工三路４號,,,
,大立高分子工業股份有限公司,,85004174,,743095610,高雄市永安區維新里永工二路１８號,,,
4722,國精化學股份有限公司,國精化,75975242,,1000091590,高雄市永安區維新里永工五路２號,,化學工業,上市公司
,有益鋼鐵股份有限公司,,96862363,,902202000,高雄市永安區維新里永工十路２號,,,
,鴻友銅業股份有限公司,,53898686,,1794000000,高雄市燕巢區安招里安招路６３９號,,,
,裕鐵企業股份有限公司,,85978401,,4310000000,高雄市燕巢區安招里安招路６３９號,,,
,締霖企業股份有限公司,,86594564,,550000000,高雄市燕巢區安招里４２鄰安林五街９號１樓,,,
,鈦昇科技股份有限公司,,22101002,,1000475890,高雄市燕巢區橫山里橫山路６１號,,,
6504,南六企業股份有限公司,南六,75989858,,726000000,高雄市燕巢區角宿里四林路６９９號,,其他,上市公司
,萬機鋼鉄工業股份有限公司,,88318994,,510000000,高雄市燕巢區角宿里安新路３６０號,,,
,泓達化工股份有限公司,,23418128,,539000000,高雄市燕巢區角宿里１鄰中興路９２２號,,,
,榮福股份有限公司,,30974465,,600000000,高雄市苓雅區城西里中華四路４７號７樓之２,,,
,三洋藥品工業股份有限公司,,75031602,,1892985000,高雄市苓雅區尚義里中正二路１７５號２３樓之１﹒２﹒３,,,
,台境企業股份有限公司,,80369745,,605103370,高雄市苓雅區尚義里中正二路１７５號２６樓之３,,,
,龍泉鑽興業股份有限公司,,70770430,,532000000,高雄市苓雅區尚義里中正二路１７５號３２樓之２、３,,,
,易連工業股份有限公司,,86438683,,745000000,高雄市苓雅區正言里中正一路２８４號６樓之１,,,
,輝城電子股份有限公司,,97632713,,668308610,高雄市苓雅區正言里１７鄰中正一路３０６號７樓之３,,,
,興達海洋基礎股份有限公司,,42816688,,3421000000,高雄市茄萣區崎漏里東方路一段２０１號,,,
,毅錩金屬股份有限公司,,97071677,,500000000,高雄市路竹區三爺里２鄰民族路２號,,,
,晟田科技工業股份有限公司,,86263092,,676470680,高雄市路竹區北嶺里北嶺二路１１號,,,
,台灣賽諾世股份有限公司,,29185168,,1058900000,高雄市路竹區北嶺里北嶺六路３３號,,,
,台灣東喜璐機能膜股份有限公司,,51571220,,950000000,高雄市路竹區北嶺里北嶺六路５５號,,,
,台灣賽孚思科技股份有限公司,,70848205,,1084000000,高雄市路竹區北嶺里路科三路１５號,,,
4526,東台精機股份有限公司,東台,88120872,,2548264610,高雄市路竹區北嶺里路科三路３號,,電機機械,上市公司
,熒茂光學股份有限公司,,27800048,,1022060000,高雄市路竹區北嶺里路科三路７號,,,
,川益科技股份有限公司,,28556009,,1126000000,高雄市路竹區北嶺里路科九路６號,,,
,怡忠科技股份有限公司,,54572547,,529209080,高雄市路竹區北嶺里路科五路９０號１樓,,,
,新揚科技股份有限公司,,70774800,,1006377500,高雄市路竹區北嶺里１１鄰路科二路８號,,,
2059,川湖科技股份有限公司,川湖,22274989,,952970720,高雄市路竹區後鄉里順安路２７５巷１３６號,,電子零組件業,上市公司
,燁茂實業股份有限公司,,76480628,,2404454440,高雄市路竹區後鄉里順安路３４５號,,,
2460,建通精密工業股份有限公司,建通,84433564,,1692000000,高雄市路竹區社南里大同路５１３巷１３８號,,電子零組件業,上市公司
,美環能股份有限公司,,24304144,,1050000000,高雄市路竹區竹南里路科三路５號１樓Ｇ室,,,
,東豐纖維企業股份有限公司,,68454909,,1743825000,高雄市路竹區竹南里０１１鄰中山路１４５７號,,,
,萬潤科技股份有限公司,,97015768,,833239020,高雄市路竹區竹南里４２鄰路科十路１號,,,
,油機工業股份有限公司,,88697382,,700000000,高雄市路竹區竹園里環球路９２號,,,
,𡘙師傅企業股份有限公司,,79978782,,630000000,高雄市鳳山區和興里大東二路５６號１樓,,,
1436,華友聯開發股份有限公司,華友聯,07510318,,957180320,高雄市鳳山區文德里文龍路８５號１１樓,,建材營造,上市公司
,協勝發鋼鐵廠股份有限公司,,79254702,,1180000000,高雄市鹽埕區教仁里建國四路１７５號,,,
2008,高興昌鋼鐵股份有限公司,高興昌,75466009,,2008522930,高雄市鼓山區龍水里中華一路３１８號,,鋼鐵工業,上市公司
