app_year,companyno,companyname,scompanyno,controlno,city,town,companyaddr,ccksicco1,sicname1,co2,ch4,n2o,hfcs,pfcs,sf6,nf3,tot2,tot,cause,check_yn,cityno,townno
111,16083358,中華凸版電子股份有限公司,0001,H4903093,桃園市,八德區,桃園市八德區和平路11273號,2611,積體電路製造業,186.1808,0.3500,1.1622,4.6124,4050.5996,11.8560,0.00,17366.7953,21621.556,依法申報,是,,
111,16082267,力成科技股份有限公司文化一廠,0012,J59B1009,新竹縣,湖口鄉,新竹縣湖口鄉鳳山村文化路四號、四號二、三、四、五樓,2613,半導體封裝及測試業,15.0926,116.2025,0.1788,427.7840,0.0000,0.0000,0.00,57474.8312,58034.089,依法申報,是,,
111,16082267,力成科技股份有限公司新興廠,0011,J59B1316,新竹縣,湖口鄉,新竹縣湖口鄉鳳山村新興路四五八之二八號,2613,半導體封裝及測試業,13.4983,15.0025,0.1788,769.7824,0.0000,0.0000,0.00,38486.8440,39285.306,依法申報,是,,
111,16082267,力成科技股份有限公司竹科分公司,0010,O17K9082,新竹市,東區,力行三路15號,2613,半導體封裝及測試業,173.7183,67.0425,0.2086,0.4106,215.2700,205.2000,739.60,22562.9984,23964.448,依法申報,是,,
111,16082267,力成科技股份有限公司竹科三廠,0006,O17N2439,新竹市,東區,新竹市東區力行四路二九號,2611,積體電路製造業,617.5954,20.2700,0.3874,0.2860,18.5400,27.3600,0.00,10867.0429,11551.482,依法申報,是,,
111,16082267,力成科技股份有限公司3C廠,0005,J59A7436,新竹縣,湖口鄉,新竹工業園區大同路10號,2613,半導體封裝及測試業,27.5452,234.7125,0.2384,2374.0860,0.0000,0.0000,0.00,80544.8606,83181.443,依法申報,是,,
111,16082267,力成科技股份有限公司大同廠,0003,J59A0579,新竹縣,湖口鄉,鳳山村大同路26號,2613,半導體封裝及測試業,18.6751,157.0875,0.1788,297.9128,0.0000,0.0000,0.00,83331.1908,83805.045,依法申報,是,,
111,16082267,力成科技股份有限公司湖口廠,0002,J5909547,新竹縣,湖口鄉,鳳山村三民路7、7-1號,2699,未分類其他電子零組件製造業,22.9924,154.2950,0.1788,0.2860,0.0000,0.0000,0.00,47265.8046,47443.557,依法申報,是,,
111,15395706,義芳化學工業股份有限公司桃園廠,0001,H4601227,桃園市,蘆竹區,海湖村海湖東路377號,1810,基本化學材料製造業,311810.0594,111.1775,1416.8410,956.4000,0.0000,0.0000,0.00,61822.6281,376117.106,依法申報,是,,
111,14057995,東聯化學股份有限公司高雄林園廠,0001,S1900578,高雄市,林園區,工業三路三、五號,1820,石油化工原料製造業,30010.7531,45.7050,1.6688,376.2780,0.0000,0.0000,0.00,309618.7916,340053.197,依法申報,是,,
111,14040691,中美和石油化學股份有限公司台中廠,0002,L9101748,台中市,梧棲區,台中市梧棲區南堤路二段89號,1820,石油化工原料製造業,169967.1141,5086.7475,38.5612,55.0332,0.0000,75.2400,0.00,27902.7807,203125.477,依法申報,是,,
111,14001199,福懋興業股份有限公司第二廠,0002,P4601984,雲林縣,斗六市,榴中里河南街319號,1159,其他紡織品製造業,12865.8317,59.4000,17.3436,991.3594,0.0000,0.0000,0.00,42636.4649,56570.400,依法申報,是,,
111,14001199,福懋興業股份有限公司,0001,P4600987,雲林縣,斗六市,榴中里石榴路317號,1140,印染整理業,175624.3879,1420.9500,767.5586,650.8994,0.0000,0.0000,0.00,44789.2414,223253.037,依法申報,是,,
111,13079654,鉅輝鋼鐵股份有限公司,0001,H51A5615,桃園市,平鎮區,桃園市平鎮區新安里洪圳路三二六號,2521,金屬結構製造業,18295.0909,15.6475,10.6088,0.0000,0.0000,0.0000,0.00,8635.8532,26957.200,依法申報,是,,
111,13035951,香榮實業股份有限公司,0001,H4814797,桃園市,龜山區,山頂里山鶯路國光巷一號,1140,印染整理業,19795.7694,21.6500,96.3434,1.2870,0.0000,0.0000,0.00,2909.9070,22824.957,依法申報,是,,
111,12800750,敦南科技股份有限公司新竹分公司廠,0001,o1745831,新竹市,東區,工業東七路七號,2611,積體電路製造業,28.1920,47.9450,1617.2758,8.1950,33349.5584,1805.7600,295.56,23122.4401,60274.934,依法申報,是,,
111,12800225,群創光電股份有限公司T6廠,0016,E2902160,高雄市,路竹區,路科十路11號B室,2641,液晶面板及其組件製造業,2313.8028,34.0125,25.7850,28.6000,492.0923,252.6675,21.32,115809.4332,118977.718,依法申報,是,,
111,12800225,群創光電股份有限公司樹谷分公司,0015,R03A0450,台南市,新市區,台南市新市區豐華村8鄰紫楝路21號,2641,液晶面板及其組件製造業,6174.9378,62.0150,2.9502,4484.8278,0.0000,3485.4057,93.34,396673.0223,410976.508,依法申報,是,,
111,12800225,群創光電股份有限公司觸控模組廠,0014,D9001225,台南市,善化區,台南市善化區南科八路12號B室,2641,液晶面板及其組件製造業,15.8750,48.6250,0.0000,0.0000,0.0000,0.0000,0.00,16281.1900,16345.690,依法申報,是,,
111,12800225,群創光電股份有限公司C廠,0011,R90A1469,台南市,善化區,台南市善化區南科八路12號(不包含A室、B室),2641,液晶面板及其組件製造業,94.6683,30.7325,0.0894,0.0000,0.0000,0.0000,0.00,24863.3193,24988.810,依法申報,是,,
111,12800225,群創光電股份有限公司F廠,0010,S29A1607,高雄市,路竹區,高雄市路竹區路科十路11號,2641,液晶面板及其組件製造業,4771.6713,82.7675,2.5628,2420.4284,0.0000,2309.6674,119.65,337335.5772,347042.331,依法申報,是,,
111,12800225,群創光電股份有限公司D廠,0009,R03A1913,台南市,新市區,台南市新市區環西路一段3號,2641,液晶面板及其組件製造業,6560.2631,281.7825,3.6058,1641.4324,0.0000,4737.4600,134.62,600535.0363,613894.208,依法申報,是,,
111,12800225,群創光電股份有限公司B廠,0008,R03A1894,台南市,新市區,環西路二段2號,2641,液晶面板及其組件製造業,6265.0934,101.0300,18.6054,3092.6142,0.0000,40969.7065,50.33,406588.4017,457085.781,依法申報,是,,
111,12800225,群創光電股份有限公司A廠,0007,R03A1903,台南市,新市區,奇業路1號,2641,液晶面板及其組件製造業,509.3536,27.0400,4.2826,0.0000,187.1414,7076.8920,1.71,52539.1307,60345.556,依法申報,是,,
111,12800225,群創光電股份有限公司T2廠,0005,K71A1370,苗栗縣,竹南鎮,科學路168號,2641,液晶面板及其組件製造業,3395.3092,158.5550,2.7123,0.0000,0.0000,2084.7904,42.18,218901.0538,224584.605,依法申報,是,,
111,12800225,群創光電股份有限公司T3廠,0004,K71A2695,苗栗縣,竹南鎮,科中路12號,2641,液晶面板及其組件製造業,1810.1350,32.0175,19.4853,0.0000,142.8031,2521.7799,5.42,82998.9072,87530.552,依法申報,是,,
111,12800225,群創光電股份有限公司T1廠,0001,K7104025,苗栗縣,竹南鎮,科學路160號,2641,液晶面板及其組件製造業,2032.8132,78.2400,1.3314,0.0000,0.0300,558.0282,10.91,112691.0253,115372.385,依法申報,是,,
111,12691423,台合科技股份有限公司,0001,E1901105,高雄市,林園區,高雄市林園區溪洲里工業二路1-1號,1990,其他化學製品製造業,24809.6813,256.6400,109.1574,0.0000,0.0000,0.0000,0.00,4420.7542,29596.233,依法申報,是,,
111,12617727,曜智實業股份有限公司嘉義廠,0001,Q76A0767,嘉義縣,太保市,嘉義縣太保市過溝里嘉太工業區中興路11號,1140,印染整理業,25007.1182,17.6700,116.7266,21.0330,0.0000,0.0000,0.00,5844.6788,31007.227,依法申報,是,,
111,12529007,環泰企業股份有限公司南崁廠,0001,H4602313,桃園市,蘆竹區,桃園市蘆竹區南青路1156巷75號,0893,製糖業,22833.4103,2879.1825,112.9122,17.3563,0.0000,0.0000,0.00,4508.9679,30351.829,依法申報,是,,
111,12488060,國瑞汽車股份有限公司中壢工廠,0001,H4303235,桃園市,中壢區,桃園市中壢區內定里定寧路七三號、七三之一號,3020,車體製造業,9339.8269,194.1950,58.0504,614.3588,0.0000,0.0000,0.00,28086.1377,38292.569,依法申報,是,,
111,12233428,大連化學工業股份有限公司大發廠,0003,S2005652,高雄市,大寮區,高雄市大寮區過溪里華西路8-1號,1810,基本化學材料製造業,89462.6721,45.6100,22.4990,2444.4984,0.0000,0.0000,0.00,568358.6617,660333.941,依法申報,是,,
111,12233428,大連化學工業股份有限公司高雄廠,0002,S2300465,高雄市,大社區,興工路1-3號,1810,基本化學材料製造業,32362.0529,26.3625,12.1584,3212.8500,0.0000,0.0000,0.00,45926.6289,81540.053,依法申報,是,,
111,12233428,大連化學工業股份有限公司麥寮廠,0001,P5802387,雲林縣,麥寮鄉,雲林縣麥寮鄉中興村台塑工業園區二五號,1810,基本化學材料製造業,108628.2469,41.8325,45.8026,371.8000,0.0000,0.0000,0.00,735915.8906,845003.573,依法申報,是,,
111,12209807,南帝化學工業股份有限公司,0001,S1900649,高雄市,林園區,工業一路9號,1842,合成橡膠製造業,1062.6018,23.4175,0.5066,34.1116,0.0000,0.0000,0.00,31164.7219,32285.359,依法申報,是,,
111,85978401,裕鐵企業股份有限公司岡山二廠,0001,S2602473,高雄市,燕巢區,高雄市燕巢區安招里安招路639-1號,2544,金屬表面處理業,20783.2394,37.2400,15.2278,12.9456,0.0000,0.0000,0.00,35443.3499,56292.003,依法申報,是,,
111,85803825,高雄塑酯化學工業股份有限公司,0001,S2300447,高雄市,大社區,興工路1號,1820,石油化工原料製造業,64932.4286,10.6025,0.6854,3146.0000,0.0000,0.0000,0.00,20582.1540,88671.871,依法申報,是,,
111,85793919,龍慶鋼鐵企業股份有限公司,0001,E5600798,高雄市,小港區,利昌街4號,2413,鋼鐵軋延及擠型業,26533.4886,24.1325,14.0060,15.0906,0.0000,0.0000,0.00,49218.0480,75804.766,依法申報,是,,
111,85066002,中華紙漿股份有限公司台東廠,0003,V7500777,台東縣,臺東市,中興路4段371號,1513,紙板製造業,113783.2864,1408.6075,831.1518,192.2880,0.0000,0.0000,0.00,48016.8896,164232.223,依法申報,是,,
111,85066002,中華紙漿股份有限公司久堂廠,0001,S2100223,高雄市,大樹區,高雄市大樹區久堂里久堂路112號,1512,紙張製造業,384867.9849,268.1975,1898.1408,402.9840,0.0000,0.0000,0.00,30671.0712,418108.378,依法申報,是,,
111,84980915,巧新科技工業股份有限公司二廠,0001,P46A0069,雲林縣,斗六市,雲林縣斗六市虎溪里雲科路三段39、41號,2549,其他金屬加工處理業,10303.7795,185.3450,11.3240,147.3257,0.0000,0.0000,0.00,31816.5646,42464.339,依法申報,是,,
111,84613756,中龍鋼鐵股份有限公司,0001,L0200633,台中市,龍井區,麗水里龍昌路100號,2411,鋼鐵冶鍊業,8808508.8514,650.6200,80.0428,1228.3460,0.0000,0.0000,0.00,160232.1439,8970700.004,依法申報,是,,
111,84570243,翔新企業股份有限公司,0001,H4204264,桃園市,桃園區,興邦路43巷1號,1140,印染整理業,17202.1595,127.3750,81.8308,11.9016,0.0000,0.0000,0.00,3381.7410,20805.008,依法申報,是,,
111,84526079,大園汽電共生股份有限公司,0001,H4702336,桃園市,大園區,北港里潮音北路276號,3510,電力供應業,584568.3559,143.5850,1917.1234,0.0000,0.0000,0.0000,0.00,6011.2800,592640.344,依法申報,是,,
111,84252697,榮剛材料科技股份有限公司柳營廠,0001,R92A0659,台南市,柳營區,台南市柳營區脚腿仔大道13號,2412,鋼鐵鑄造業,30007.0477,22.0325,19.1912,12.9894,0.0000,0.0000,0.00,10934.8950,40996.156,依法申報,是,,
111,84252697,榮剛材料科技股份有限公司新營廠,0000,R8400827,台南市,新營區,新中路35號,2411,鋼鐵冶鍊業,78292.7306,136.9825,88.7444,12.6674,0.0000,0.0000,0.00,76606.9920,155138.117,依法申報,是,,
111,84149884,昇陽國際半導體(股)公司,0001,O1706923,新竹市,東區,力行路6號6樓,2611,積體電路製造業,17.7620,70.0450,0.2384,50.0844,5076.7796,0.0000,0.00,19860.1162,25075.026,依法申報,是,,
111,84149786,晶元光電股份有限公司H1廠,0003,B9503488,台中市,大雅區,臺中市大雅區科雅路二二號(部份使用),2642,發光二極體製造業,514.8351,16.0725,579.5802,113.0750,12158.1018,0.0000,0.00,29485.2591,42866.924,依法申報,是,,
111,84149786,晶元光電股份有限公司南科三廠,0002,R90A0302,台南市,善化區,南科八路11號,2649,其他光電材料及元件製造業,528.6431,13.7975,73.2484,0.0000,1277.9897,0.0000,0.00,29172.9022,31066.581,依法申報,是,,
111,84149786,晶元光電股份有限公司南科一廠,0001,R03A0658,台南市,新市區,大順九路10、16號,2649,其他光電材料及元件製造業,527.5151,21.9025,1028.9046,536.5133,21445.9833,0.0000,0.00,30260.8469,53821.666,依法申報,是,,
111,84149738,友達光電股份有限公司台南廠,0010,D32B4906,台南市,安南區,科技一路36號,2641,液晶面板及其組件製造業,211.3328,17.8075,0.2384,50.0268,0.0000,0.0000,0.00,50166.0720,50445.478,依法申報,是,,
111,84149738,友達光電股份有限公司高雄廠,0009,E2902964,高雄市,路竹區,路科三路9號,2641,液晶面板及其組件製造業,141.3206,8.0450,0.0000,0.0000,0.0000,0.0000,0.00,26587.9062,26737.272,依法申報,是,,
111,84149738,友達光電股份有限公司后里廠,0008,L92A0931,台中市,后里區,台中市后里區馬場路1號,2641,液晶面板及其組件製造業,5895.4545,51.5725,14.1229,474.7600,0.0000,22.4181,93.43,295448.3171,302000.081,依法申報,是,,
111,84149738,友達光電股份有限公司桃園分公司,0007,H5002362,桃園市,龍潭區,桃園市龍潭區桃園市龍潭區三和里新和路1號,2641,液晶面板及其組件製造業,6282.8675,176.3300,42.1899,328.1856,0.0000,6.7598,93.61,190199.0455,197128.993,依法申報,是,,
111,84149738,友達光電股份有限公司桃園分公司華亞廠,0006,H4888493,桃園市,龜山區,桃園市龜山區桃園市龜山區文化里華亞二路189號,2649,其他光電材料及元件製造業,5921.9574,52.3975,8.1032,417.7067,579.2578,213.6050,1.61,224417.4839,231612.131,依法申報,是,,
111,84149738,友達光電股份有限公司台中廠,0005,B2313780,台中市,西屯區,台中市西屯區中部科學園區中科路1號,2641,液晶面板及其組件製造業,11617.3923,419.8675,80.4111,858.0000,0.0000,4371.9630,324.12,831888.5745,849560.329,依法申報,是,,
111,84149738,友達光電股份有限公司龍科廠,0004,H5008211,桃園市,龍潭區,桃園市龍潭區桃園市龍潭區龍科街228號,2641,液晶面板及其組件製造業,6767.1654,68.0650,25.3671,40.0924,0.0000,46.3957,216.81,231187.8336,238351.738,依法申報,是,,
111,84149738,友達光電股份有限公司L5廠,0003,O1707395,新竹市,東區,力行路23號,2641,液晶面板及其組件製造業,785.2998,18.8750,0.5641,0.0000,25.5398,111.1774,0.44,36748.4040,37690.306,依法申報,是,,
111,84149738,友達光電股份有限公司L3B廠,0002,O1709193,新竹市,東區,科學工業園區力行二路1號,2641,液晶面板及其組件製造業,397.4283,71.5450,0.2682,0.0000,28.8210,125.1720,878.23,14975.9171,16477.384,依法申報,是,,
111,84149456,矽格聯測股份有限公司,0001,O1707162,新竹市,東區,新竹市東區力行三路二號、力行路二之一號二、四、五、七樓、力行路二之二號,2613,半導體封裝及測試業,62.8747,64.8675,0.4470,247.2861,0.0000,0.0000,0.00,35883.2322,36258.708,依法申報,是,,
111,84149358,世界先進積體電路股份有限公司晶圓五廠,0004,O17N5463,新竹市,東區,新竹科學園區力行二路1-1號,2611,積體電路製造業,567.9195,9.8150,536.6980,104.4228,585.1455,368.6681,82.91,18883.3234,21138.912,依法申報,是,,
111,84149358,世界先進積體電路股份有限公司晶圓三廠,0003,H46B0495,桃園市,蘆竹區,桃園市蘆竹區長興村14鄰長榮路168號,2611,積體電路製造業,232.0028,47.9600,8943.1886,5382.2489,32048.2738,9275.0400,6536.74,220988.2132,283453.668,依法申報,是,,
111,84149358,世界先進積體電路股份有限公司晶圓二廠,0002,O1751197,新竹市,東區,新竹市東區力行路九號,2611,積體電路製造業,2377.9747,55.7150,14953.4612,3138.2518,28454.8977,1169.7383,1638.66,135544.7714,187333.472,依法申報,是,,
111,84149358,世界先進積體電路股份有限公司晶圓一廠,0001,J6300959,新竹縣,寶山鄉,新竹縣寶山鄉園區三路123號,2611,積體電路製造業,1494.6626,82.1375,11255.5494,8363.9777,49886.6341,16772.2499,2578.43,113081.1705,203514.821,依法申報,是,,
111,83387850,三芳化學工業股份有限公司,0001,S2201154,高雄市,仁武區,鳳仁路402號,1810,合成樹脂及塑膠製造業,8063.8096,54.0100,6.6156,65.6998,0.0000,0.0000,0.00,21656.2500,29846.385,依法申報,是,,
111,80629340,九滎股份有限公司瓊林廠,0000,F0622537,新北市,新莊區,瓊林南路301巷2號,1140,印染整理業,9107.7347,11.6625,5.4832,0.0000,0.0000,0.0000,0.00,3232.8626,12357.743,依法申報,是,,
111,80601119,采鈺科技股份有限公司,0001,O1749526,新竹市,東區,篤行一路十二號,2699,未分類其他電子零組件製造業,2448.6837,111.1750,1.6390,224.0508,1947.1282,0.0000,992.57,22395.9411,28121.189,依法申報,是,,
111,80445899,連大興有限公司,0001,H47A0889,桃園市,大園區,"中山北路246. 263號",1140,印染整理業,25196.4274,25.0375,119.2596,4.9471,0.0000,0.0000,0.00,15586.8880,40932.560,依法申報,是,,
111,80354671,慶欣欣鋼鐵股份有限公司,0001,N1601229,彰化縣,伸港鄉,溪底村全興工業區工西二路二號,2599,未分類其他金屬製品製造業,146258.4683,38.7350,30.2172,1.0010,0.0000,0.0000,0.00,227126.5920,373455.014,依法申報,是,,
111,80353271,台灣美光晶圓科技股份有限公司二廠,0002,H4888582,桃園市,龜山區,桃園市龜山區桃園市龜山區文化村華亞五路2、6號,2611,積體電路製造業,11405.5977,27.3000,25766.1230,2662.0259,12861.9491,451.4400,4159.71,434856.4127,492190.568,依法申報,是,,
111,22554807,先豐通訊股份有限公司觀音廠,0001,H5301217,桃園市,觀音區,經建一路一六、二七號,2630,印刷電路板製造業,866.3307,147.8075,0.9834,0.0000,18763.9490,0.0000,0.00,47499.8040,67278.875,依法申報,是,,
111,22522453,亞東工業氣體股份有限公司-中科園區分公司,0008,B23A2532,台中市,西屯區,臺中市西屯區林厝里中部科學園區中科路一號,1990,其他化學製品製造業,227.8917,4.9975,309.3836,0.0000,0.0000,0.0000,0.00,61411.5770,61953.850,依法申報,是,,
111,22522453,亞東工業氣體股份有限公司華亞氣體廠,0007,H48B1750,桃園市,龜山區,桃園市龜山區文化里華亞五路二號,1810,基本化學材料製造業,0.0000,0.7125,0.0000,0.0000,0.0000,0.0000,0.00,27709.5941,27710.307,依法申報,是,,
111,22522453,亞東工業氣體股份有限公司中科園區分公司二廠,0006,B9503291,台中市,大雅區,臺中市大雅區科雅東路一九號,1810,基本化學材料製造業,0.0000,4.6225,0.0000,1.6955,0.0000,0.0000,0.00,76785.9840,76792.302,依法申報,是,,
111,22522453,亞東工業氣體股份有限公司台南廠,0005,D32A9989,台南市,安南區,臺南市安南區鹽田里工業三路三○號,1810,基本化學材料製造業,6927.0021,1.5725,0.0000,13.3632,0.0000,0.0000,0.00,23084.8200,30026.758,依法申報,是,,
111,22522453,亞東工業氣體股份有限公司台中分公司GOK廠,0003,L91A1845,台中市,梧棲區,臺中市梧棲區經一路二號,1810,基本化學材料製造業,4.1132,4.6000,0.0596,1030.1720,0.0000,0.0000,0.00,71645.9040,72684.849,依法申報,是,,
111,22522453,亞東工業氣體股份有限公司大社廠,0001,E2300675,高雄市,大社區,高雄市大社區三奶里三民路五三九之五號,1810,基本化學材料製造業,5.7789,0.7950,0.0000,1.7550,0.0000,0.0000,0.00,55083.7980,55092.127,依法申報,是,,
111,22507241,京元電子股份有限公司銅鑼分公司廠,0003,K77A0619,苗栗縣,銅鑼鄉,苗栗縣銅鑼鄉九湖村銅科北路八號,2613,半導體封裝及測試業,0.7479,104.6275,0.0000,391.6976,0.0000,0.0000,0.00,73677.2365,74174.310,依法申報,是,,
111,22507241,京元電子股份有限公司竹南分公司中華廠,0001,K7195124,苗栗縣,竹南鎮,中華路118號,2613,半導體封裝及測試業,521.6242,408.2400,7.9566,3506.4250,0.0000,0.0000,0.00,200218.8708,204663.117,依法申報,是,,
111,22480876,大立光電股份有限公司七之一廠,0003,B24B8998,台中市,南屯區,臺中市南屯區文山里精科路一三號三、四、五樓,2779,其他光學儀器及設備製造業,221.3819,405.8300,0.1192,2.1698,0.0000,0.0000,0.00,44930.6837,45560.185,依法申報,是,,
111,22480876,大立光電股份有限公司七廠,0002,B24B8988,台中市,南屯區,臺中市南屯區文山里精科路一三號一、二樓及地下一、二、三層,2779,其他光學儀器及設備製造業,0.2295,405.7325,0.0000,0.0000,0.0000,0.0000,0.00,64368.9783,64774.940,依法申報,是,,
111,22480876,大立光電股份有限公司精密機械園區廠,0000,B24A7498,台中市,西屯區,臺中市南屯區文山里精科路一一號,2779,其他光學儀器及設備製造業,282.9741,171.4575,3.3674,10.4060,0.0000,0.0000,0.00,38445.6100,38913.815,依法申報,是,,
111,22474430,獻麒紡織工業股份有限公司,0001,N1601854,彰化縣,伸港鄉,全興工業區工八路9號,1140,印染整理業,20941.9008,22.1850,100.4856,4.2990,0.0000,0.0000,0.00,4946.7330,26015.603,依法申報,是,,
111,22360437,碁富食品股份有限公司彰化廠,0002,N3000533,彰化縣,大城鄉,南平路1-1號,0812,冷凍冷藏肉類製造業,6616.3138,90.1675,3.6952,6.2623,0.0000,0.0000,0.00,18371.6280,25088.067,依法申報,是,,
111,22327037,永豐餘消費品實業股份有限公司楊梅廠,0002,H45A1887,桃園市,楊梅區,梅高路二段668巷70號,1591,家庭及衛生用紙製造業,24749.4286,42.9975,131.9246,10.4400,0.0000,0.0000,0.00,18772.7760,43707.567,依法申報,是,,
111,22327037,永豐餘消費品實業股份有限公司清水廠,0001,L8900676,台中市,清水區,海風里舊庄路22-1號,1591,家庭及衛生用紙製造業,34082.7061,185.7125,361.2654,0.4290,0.0000,0.0000,0.00,27636.0163,62266.129,依法申報,是,,
111,22318678,亞東石化股份有限公司觀音二廠,0002,H53A3580,桃園市,觀音區,桃園市觀音區樹林里工業七路2號,1810,基本化學材料製造業,184506.4228,77.3375,69.7320,0.0000,0.0000,0.0000,0.00,72683.4240,257336.916,依法申報,是,,
111,22318678,亞東石化股份有限公司,0001,H5300078,桃園市,觀音區,經建四路47號,1820,石油化工原料製造業,47949.5173,28.4075,19.2210,0.0000,0.0000,0.0000,0.00,34195.3920,82192.538,依法申報,是,,
111,22318516,台灣志氯化學股份有限公司碱氯廠,0001,E5600136,高雄市,小港區,鳳森里中智街二五號,1810,基本化學材料製造業,95.6602,7.5550,1.3708,0.0000,0.0000,0.0000,0.00,153547.4478,153652.034,依法申報,是,,
111,22267777,大統新創股份有限公司染整廠,0001,H4600551,桃園市,蘆竹區,桃園市蘆竹區榮安路9號,1140,印染整理業,18610.7190,57.9050,68.8678,2.5398,0.0000,0.0000,0.00,5009.5980,23749.630,依法申報,是,,
111,22266307,年興紡織股份有限公司,0001,K7300447,苗栗縣,後龍鎮,苗栗縣後龍鎮東明里八鄰下浮尾一一九之三號,1151,紡織製成品製造業,14849.0618,123.8475,96.1348,82.0224,0.0000,0.0000,0.00,18880.8107,34031.877,依法申報,是,,
111,22101116,華東科技股份有限公司,0002,E54A1550,高雄市,前鎮區,北一路28號一、二、三、四、五樓,2613,半導體封裝及測試業,8.4610,0.0050,0.0596,514.8000,0.0000,0.0000,0.00,28087.6751,28611.001,依法申報,是,,
111,22101116,華東科技股份有限公司B10廠,0001,E5402523,高雄市,前鎮區,北一路18號,2613,半導體封裝及測試業,135.8345,0.4700,2.7416,1261.6890,0.0000,0.0000,0.00,51531.6780,52932.413,依法申報,是,,
111,22100242,台灣福雷電子股份有限公司三廠,0002,E49A6412,高雄市,楠梓區,高雄市楠梓區創意南路二號六、七樓、創意北路一號六、七樓、科技路二號四、七樓,2613,半導體封裝及測試業,0.0000,84.8675,0.0000,10.9712,0.0000,0.0000,0.00,64557.1007,64652.939,依法申報,是,,
111,22100242,台灣福雷電子股份有限公司,0001,E4900879,高雄市,楠梓區,楠梓加工出口區西五街10號,4642,電子設備及其零組件批發業,83.4778,216.2200,1.3410,45.7288,0.0000,0.0000,0.00,71367.3154,71714.083,依法申報,是,,
111,22099890,元太科技工業股份有限公司,0001,O1706049,新竹市,東區,科學工業園區力行一路3號,2641,液晶面板及其組件製造業,39.5099,26.3575,15.7147,0.0000,0.0000,209.3040,23.27,17259.5852,17573.743,依法申報,是,,
111,22099548,旺宏電子股份有限公司晶圓五廠,0005,O17A6887,新竹市,東區,力行路19號,2611,積體電路製造業,2619.1129,90.1150,6442.7004,9007.2799,32306.9444,3034.0708,25164.21,141377.7024,220042.143,依法申報,是,,
111,22099548,旺宏電子股份有限公司晶圓二廠,0003,O1706307,新竹市,東區,力行路16號,2611,積體電路製造業,1332.6520,0.6375,2554.0090,9663.8909,19433.8772,9736.7593,14109.39,89166.9240,145998.145,依法申報,是,,
111,22099456,聯亞科技股份有限公司三廠,0006,O1746614,新竹市,東區,新竹市力行四路三號,1810,基本化學材料製造業,6.6835,7.2700,0.1192,90.1620,0.0000,0.0000,0.00,215064.4320,215168.667,依法申報,是,,
111,22099456,聯亞科技股份有限公司二廠,0005,O1743793,新竹市,東區,新竹市東區力行一路一○號,1810,基本化學材料製造業,0.9693,1.1125,0.0000,1.8792,0.0000,0.0000,0.00,27871.2720,27875.233,依法申報,是,,
111,22099456,聯亞科技股份有限公司一廠,0004,J6300539,新竹縣,寶山鄉,新竹縣寶山鄉研新一路一二號,1810,基本化學材料製造業,1.1107,6.1425,0.0000,6.0552,0.0000,0.0000,0.00,46021.5360,46034.844,依法申報,是,,
111,22099456,聯亞科技股份有限公司中科工廠,0003,L9506663,台中市,大雅區,臺中市大雅區橫山里科雅一路八號,3399,其他未分類製造業,0.0000,0.8375,0.0000,2.5056,0.0000,0.0000,0.00,50973.1200,50976.463,依法申報,是,,
111,22099456,聯亞科技股份有限公司中科聯豐工廠,0002,B9501153,台中市,大雅區,臺中市大雅區科雅二路六之一號,1810,基本化學材料製造業,6.0063,2.3150,0.0298,5.4963,0.0000,0.0000,0.00,55600.7760,55614.623,依法申報,是,,
111,22099456,聯亞科技股份有限公司樹谷工廠,0001,D0306069,台南市,新市區,臺南市新市區豐華里風鈴路一八號,1810,基本化學材料製造業,0.4957,3.7925,0.0894,64.3009,0.0000,0.0000,0.00,188822.7990,188891.478,依法申報,是,,
111,04212250,國喬石油化學股份有限公司,0001,S2300429,高雄市,大社區,興工路4號,1700,石油及煤製品製造業,316253.3175,1374.4975,1194.1158,150.0466,0.0000,0.0000,0.00,35884.7280,354856.705,依法申報,是,,
111,03795904,台灣電力股份有限公司塔山發電廠麒麟分廠,0544,W0803559,金門縣,烈嶼鄉,金門縣烈嶼鄉東林1號,3510,電力供應業,13737.7909,13.9125,33.1674,0.0000,0.0000,0.0000,0.00,9.7614,13794.632,依法申報,是,,
111,03795904,台灣電力股份有限公司塔山發電廠夏興分廠,0543,W0404930,金門縣,金湖鎮,正義里夏興1號,3510,電力供應業,1194.6710,1.2100,2.8906,0.0000,0.0000,0.0000,0.00,25.1688,1223.940,依法申報,是,,
111,03795904,台灣電力股份有限公司塔山發電廠,0391,W0504775,金門縣,金城鎮,金水里西海路一段2號,3510,電力供應業,207937.8690,219.7125,480.1674,99.3410,0.0000,13.6800,0.00,119.6910,208870.461,依法申報,是,,
111,03795904,台灣電力股份有限公司尖山發電廠,0390,X0501232,澎湖縣,湖西鄉,尖山村29之2號,3510,電力供應業,203619.1092,222.3550,467.0256,0.0000,0.0000,91.2000,0.00,247.4936,204647.183,依法申報,是,,
111,03795904,台灣電力股份有限公司大潭發電廠,0380,H5307960,桃園縣,觀音鄉,大潭里6鄰電廠路1號,3510,電力供應業,11105032.4256,4949.1325,5901.2046,860.8998,0.0000,1443.2400,0.00,2885.1658,11121072.068,依法申報,是,,
111,03795904,台灣電力股份有限公司台中發電廠,0371,L0200473,台中市,龍井區,麗水里龍昌路1號,3510,電力供應業,26311391.8010,100261.9900,123980.4564,92.1199,0.0000,9610.2000,0.00,3305.3472,26548641.915,依法申報,是,,
111,03795904,台灣電力股份有限公司通霄發電廠,0370,K7000764,苗栗縣,通霄鎮,海濱路1-31號,3510,電力供應業,10256795.4514,4617.1925,5450.6882,918.9993,0.0000,3857.7600,0.00,624.8880,10272264.979,依法申報,是,,
111,03795904,台灣電力股份有限公司協和發電廠,0360,C1400170,基隆市,中山區,基隆市中山區文化路80號,3510,電力供應業,2197285.4451,2168.2750,5079.5590,97.1906,0.0000,0.0000,0.00,506.2811,2205136.751,依法申報,是,,
111,03795904,台灣電力股份有限公司第二核能發電廠,0351,F2800075,新北市,萬里區,野柳里八斗路60號,3510,電力供應業,15749.9261,81.5975,43.6272,1544.7872,0.0000,0.0000,0.00,6437.7507,23857.689,依法申報,是,,
111,03795904,台灣電力股份有限公司興達發電廠,0341,S3200688,高雄市,永安區,鹽田里興達路6號,3510,電力供應業,16897139.0067,41515.6475,52836.6516,140.9412,0.0000,8166.9600,0.00,1138.3297,17000937.537,依法申報,是,,
111,03795904,台灣電力股份有限公司大林發電廠,0340,E5600896,高雄市,小港區,鳳森里大林路3號,3510,電力供應業,12126379.9469,37019.6700,46181.1792,673.5920,0.0000,9591.9600,0.00,2413.4220,12222259.770,依法申報,是,,
111,03795904,台灣電力股份有限公司南部發電廠,0330,E5400878,高雄市,前鎮區,成功二路5號,3510,電力供應業,3059605.0537,1379.2075,1625.4410,115.6154,0.0000,161.8800,0.00,435.6396,3063322.837,依法申報,是,,
111,03795904,台灣電力股份有限公司林口發電廠,0320,F1700736,新北市,林口區,下福里139之1號,3510,電力供應業,15138468.5155,57098.9900,71150.8376,0.0000,0.0000,408.1200,0.00,1009.3614,15268135.825,依法申報,是,,
111,03795904,台灣電力股份有限公司協和發電廠馬祖珠山分廠,0125,Z6303328,連江縣,南竿鄉,清水村99之9號,3510,電力供應業,39558.6052,46.0250,91.5456,21.6888,0.0000,0.0000,0.00,0.0000,39717.865,依法申報,是,,
111,03795101,台灣肥料股份有限公司台中廠,0003,L91A3247,台中市,梧棲區,草湳里南堤路二段一○○號,1830,肥料製造業,7855.1510,51.4925,443099.8058,0.0000,0.0000,0.0000,0.00,43909.2898,494915.739,依法申報,是,,
111,03794905,台灣糖業股份有限公司小港廠,0001,E5600869,高雄市,小港區,高雄市小港區小港路133號,0893,製糖業,62541.6750,79.7450,54.5042,28.1923,0.0000,0.0000,0.00,2855.4233,65559.540,依法申報,是,,
111,03707901,台灣中油股份有限公司天然氣事業部台中液化天然氣廠,0007,L91A0867,台中市,梧棲區,草湳里南堤路二段88號,1700,石油及煤製品製造業,2183.7374,75.4975,3.7846,3.1460,0.0000,0.0000,0.00,65689.2720,67955.438,依法申報,是,,
111,03707901,台灣中油股份有限公司天然氣事業部永安液化天然氣廠,0006,S3200946,高雄市,永安區,新港里新興路1-20號,3520,氣體燃料供應業,12194.4608,34.1675,49.8554,6461.1354,0.0000,0.0000,0.00,90162.0720,108901.691,依法申報,是,,
111,03707901,台灣中油股份有限公司石化事業部,0005,S1900710,高雄市,林園區,高雄市林園區石化二路3號,1820,石油化工原料製造業,1944886.7466,600.8500,394.9096,886.7906,0.0000,0.0000,0.00,94342.6598,2041111.957,依法申報,是,,
111,03707901,台灣中油股份有限公司煉製事業部桃園煉油廠,0004,H4803507,桃園市,龜山區,桃園市龜山區南上里民生北路一段50號,1700,石油及煤製品製造業,1438495.1932,1365.1325,399.1114,71.0710,0.0000,0.0000,0.00,171950.6448,1612281.153,依法申報,是,,
111,03707901,台灣中油股份有限公司煉製事業部大林煉油廠,0003,E5600056,高雄市,小港區,沿海四路50號,1700,石油及煤製品製造業,2564771.7419,509.9175,987.2144,2342.3776,0.0000,0.0000,0.00,627352.1450,3195963.396,依法申報,是,,
111,03553737,台橡股份有限公司高雄廠,0001,S2300438,高雄市,大社區,三奶里興工路二號,1842,合成橡膠製造業,95263.8528,438.8200,51.3156,992.4400,0.0000,0.0000,0.00,52404.0944,149150.523,依法申報,是,,
111,03543210,台榮產業股份有限公司雲林廠,0001,P4801322,雲林縣,虎尾鎮,雲林縣虎尾鎮惠來里惠來112號,0863,澱粉及其製品製造業,10009.7330,5657.9850,5.8408,64.7280,0.0000,0.0000,0.00,14859.0584,30597.345,依法申報,是,,
111,03522600,遠東新世紀股份有限公司化學纖維總廠,0005,J5700222,新竹縣,新埔鎮,文山路亞東段369及600號,1850,人造纖維製造業,332951.2445,366.0975,1558.2122,0.0000,0.0000,0.0000,0.00,121774.7393,456650.294,依法申報,是,,
111,03522600,遠東新世紀股份有限公司觀音化纖廠,0003,H5300210,桃園市,觀音區,觀音工業區經建六路3號,1850,人造纖維製造業,122878.0555,150.9000,527.0428,0.0000,0.0000,0.0000,0.00,86980.7266,210536.725,依法申報,是,,
111,03522600,遠東新世紀股份有限公司湖口紡織廠,0002,J5901238,新竹縣,湖口鄉,和興路30號,1119,其他紡紗業,82.5906,48.9225,1.3112,3.2092,0.0000,0.0000,0.00,25216.0791,25352.113,依法申報,是,,
111,03279507,信大水泥股份有限公司南聖湖廠,0001,G3200849,宜蘭縣,蘇澳鎮,中山路二段235號,2331,水泥製造業,478215.3135,61.9275,813.1228,0.0000,0.0000,0.0000,0.00,36572.5290,515662.893,依法申報,是,,
111,03244705,萬洲化學股份有限公司楊梅一廠,0001,H4501008,桃園市,楊梅區,民富路二段199巷15號,1841,合成樹脂及塑膠製造業,24245.8351,2111.1500,13.2610,0.0000,0.0000,0.0000,0.00,13808.6076,40178.854,依法申報,是,,
111,03244509,亞洲水泥股份有限公司花蓮製造廠,0001,U9400115,花蓮縣,新城鄉,新城村新興路125號,2331,水泥製造業,2900387.5856,619.1950,5800.4806,321.5272,0.0000,0.0000,0.00,166587.6577,3073716.446,依法申報,是,,
111,03084741,中國石油化學工業開發股份有限公司斗六廠,0010,P46B5125,雲林縣,斗六市,雲林縣斗六市榴南里斗工十路一五六號,1113,人造纖維加工絲業,13832.2776,16.6475,20.0852,429.0000,0.0000,0.0000,0.00,12994.2801,27292.290,依法申報,是,,
111,03084741,中國石油化學工業開發股份有限公司大社廠,0003,S2300410,高雄市,大社區,高雄市大社區經建路1號,1820,石油化工原料製造業,128734.6820,72.6075,44.3126,47.8052,0.0000,0.0000,0.00,24451.2413,153350.649,依法申報,是,,
111,03084741,中國石油化學工業開發股份有限公司頭份廠,0002,K7201001,苗栗縣,頭份市,苗栗縣頭份鎮中華路517號,1820,石油化工原料製造業,69249.0906,309.5800,146199.6642,14381.3645,0.0000,0.0000,0.00,32018.9760,262158.675,依法申報,是,,
111,03084741,中國石油化學工業開發股份有限公司小港廠,0001,E5600850,高雄市,小港區,高雄市小港區中林路34號,1810,基本化學材料製造業,135600.8690,29.1150,355199.1034,0.0000,0.0000,0.0000,0.00,94356.1830,585185.270,依法申報,是,,
111,02750963,財團法人工業技術研究院,0001,J5800941,新竹縣,竹東鎮,中興路四段195號,7230,綜合研究發展服務業,2.6575,4.5025,30.6642,0.8368,68.1113,7.4784,1.11,5814.8106,5930.181,依法申報,是,,
111,27366467,新科光電材料股份有限公司桃園廠,0001,H4406937,桃園市,大溪區,桃園市大溪區仁善里新光東路七六巷八○號、七六巷八二號,2202,塑膠膜袋製造業,9688.6199,34.8650,6.0196,679.3930,0.0000,0.0000,0.00,53606.1240,64015.022,依法申報,是,,
111,27208480,尚承鋼鐵股份有限公司,0001,E56A2617,高雄市,小港區,高雄市小港區龍鳳里大業南路7號,2413,鋼鐵軋延及擠型業,76355.9527,34.0800,41.5114,0.0000,0.0000,0.0000,0.00,73968.5571,150400.101,依法申報,是,,
111,25131486,紡安股份有限公司頭份工廠,0001,K72A2838,苗栗縣,頭份市,苗栗縣頭份市東庄里自強路二段二一五號,1111,棉、毛紡紗業,13232.3901,320.1825,9.5062,0.0000,0.0000,0.0000,0.00,35489.2428,49051.322,依法申報,是,,
111,22099343,台灣高技股份有限公司,0001,J6300155,新竹縣,寶山鄉,創新一路17號,2699,未分類其他電子零組件製造業,0.8600,0.0000,0.0000,0.0000,0.0000,410.4000,0.00,4431.0242,4842.284,依法申報,是,,
111,07838854,中鴻鋼鐵股份有限公司冷軋廠,0002,S2500527,高雄市,橋頭區,高雄市橋頭區芋寮路317號,2413,鋼鐵軋延及擠型業,8558.9509,29.4225,5.6620,67.8626,0.0000,0.0000,0.00,16526.2679,25188.166,依法申報,是,,
111,07838854,中鴻鋼鐵股份有限公司熱軋廠,0001,S1602102,高雄市,岡山區,興隆街576號,2499,未分類其他基本金屬製造業,129322.0742,102.3450,75.7814,2.5828,0.0000,0.0000,0.00,103726.6560,233229.439,依法申報,是,,
111,07663290,力麗企業股份有限公司彰化五廠,0003,N2907186,彰化縣,芳苑鄉,後寮村工區九路六號,1113,人造纖維加工絲業,76.9654,31.1100,1.2516,12.7314,0.0000,0.0000,0.00,24331.0647,24453.123,依法申報,是,,
111,07663290,力麗企業股份有限公司彰化一廠,0002,N2901755,彰化縣,芳苑鄉,後寮村工區七路16號,1113,人造纖維加工絲業,252.0701,64.9525,3.1886,14.9190,0.0000,0.0000,0.00,36727.2061,37062.336,依法申報,是,,
111,07663290,力麗企業股份有限公司彰化化纖總廠,0001,N2902234,彰化縣,芳苑鄉,彰化縣芳苑鄉後寮村工業路38號,1850,人造纖維製造業,88768.2974,399.8825,398.0386,8.2598,0.0000,0.0000,0.00,66397.7023,155972.181,依法申報,是,,
111,07620770,新瑞倡企業股份有限公司桃園廠,0001,H4802662,桃園市,龜山區,桃園市龜山區舊路里東舊路街100號,1140,印染整理業,7127.9568,66.7750,122.3290,0.0000,0.0000,0.0000,0.00,3743.4864,11060.547,依法申報,是,,
111,07568009,環球水泥股份有限公司海湖石膏板廠,0002,H4604488,桃園市,蘆竹區,海山中街18號,2393,石膏製品製造業,27059.9959,31.9700,77.6886,0.0000,0.0000,0.0000,0.00,5414.9040,32584.559,依法申報,是,,
111,07472834,新隆纖維染整股份有限公司桃園廠,0001,H4202215,桃園市,桃園區,桃園市桃園區春日路1733巷8號,1140,印染整理業,36689.8051,44.4725,173.7638,1.8134,0.0000,0.0000,0.00,7746.2451,44656.100,依法申報,是,,
111,07435515,新光合成纖維股份有限公司中壢廠,0002,H5100952,桃園市,平鎮區,廣仁里延平路三段二二三號,1113,人造纖維加工絲業,100940.7448,262.8725,222.7550,1655.6398,0.0000,0.0000,0.00,164027.6129,267109.625,依法申報,是,,
111,07435515,新光合成纖維股份有限公司觀音廠,0001,H5303524,桃園市,觀音區,樹林里15鄰國建三路九號,1113,人造纖維加工絲業,19176.9436,1636.4425,15.7642,0.0000,0.0000,0.0000,0.00,34528.0320,55357.182,依法申報,是,,
111,07407200,富順纖維工業股份有限公司觀音廠,0001,H5301548,桃園市,觀音區,桃園市觀音區白玉里中興路200號,1140,印染整理業,11511.6940,48.6450,54.7128,6.6562,0.0000,0.0000,0.00,2615.8048,14237.513,依法申報,是,,
111,07220710,宏洲纖維工業股份有限公司桃園工廠,0001,H4801709,桃園市,龜山區,楓樹里宏洲街29號,1850,人造纖維製造業,13957.0280,38.3725,20.7110,575.2016,0.0000,0.0000,0.00,25703.7759,40295.089,依法申報,是,,
111,07220508,東培工業股份有限公司中壢廠,0001,H4301348,桃園市,中壢區,桃園市中壢區內定里松江北路七號,2599,未分類其他金屬製品製造業,1523.1247,76.6850,2.3840,394.7773,0.0000,0.0000,0.00,29204.5426,31201.514,依法申報,是,,
111,07205416,東明纖維工業股份有限公司蘆竹廠,0001,H4605609,桃園市,桃園區,內厝里長興路三段219巷13號,1140,印染整理業,29143.3065,22.8625,135.7092,1.3958,0.0000,0.0000,0.00,3807.2430,33110.517,依法申報,是,,
111,07066907,中國人造纖維股份有限公司高雄總廠,0001,S2300401,高雄市,大社區,高雄市大社區高雄市大社區經建路八號,1810,基本化學材料製造業,426252.3452,188.9050,1808.6812,386.2477,0.0000,0.0000,0.00,10253.5197,438889.699,依法申報,是,,
111,07014916,大同染整股份有限公司桃園廠,0001,H4600579,桃園市,蘆竹區,南崁村圳佳路27號,1140,印染整理業,32911.8043,32.8625,156.1520,0.3518,0.0000,0.0000,0.00,7974.6480,41075.819,依法申報,是,,
111,05637971,燿華電子股份有限公司宜蘭廠,0005,G32A0609,宜蘭縣,蘇澳鎮,宜蘭縣蘇澳鎮頂寮里頂平路36、36-1、36-2、36-3號,2630,印刷電路板製造業,1775.2428,199.8925,4.5296,594.3043,0.0000,0.0000,0.00,49412.9790,51986.948,依法申報,是,,
111,05637971,燿華電子股份有限公司土城二廠,0001,F1304789,新北市,土城區,沛陂里中山路四巷三號,2630,印刷電路板製造業,129.8125,261.2775,4.1720,1033.2452,0.0000,0.0000,0.00,44927.1900,46355.697,依法申報,是,,
111,05258865,聯華氣體工業股份有限公司林園工廠,0002,S1900729,高雄市,林園區,高雄市林園區工業二路三之一號,1810,基本化學材料製造業,562.0663,1.7800,0.0000,690.3738,0.0000,0.0000,0.00,57202.2000,58456.420,依法申報,是,,
111,05126366,超豐電子股份有限公司頭份廠,0002,K72A4864,苗栗縣,頭份市,苗栗縣頭份市民生里中民路九號,2611,積體電路製造業,21.1644,65.8975,0.0000,189.1008,0.0000,0.0000,0.00,29012.1539,29288.317,依法申報,是,,
111,05126366,超豐電子股份有限公司公義廠,0001,K7103046,苗栗縣,竹南鎮,苗栗縣竹南鎮佳興里公義路一一二號、一三六號、一七八巷一○號,2613,半導體封裝及測試業,161.1558,433.1425,2.4436,183.5894,0.0000,0.0000,0.00,75509.7750,76290.106,依法申報,是,,
111,05007903,金車股份有限公司中壢廠,0002,H4302523,桃園市,中壢區,桃園市中壢區仁美里榮民南路四一二號,0899,未分類其他食品製造業,14445.7144,1007.9425,9.8042,98.3394,0.0000,0.0000,0.00,15585.9579,31147.758,依法申報,是,,
111,04748660,聯成化學科技股份有限公司林園廠,0001,S1900612,高雄市,林園區,溪州里工業二路3號,1820,石油化工原料製造業,40423.5497,519.4400,4.7978,1.1440,0.0000,0.0000,0.00,14702.9850,55651.917,依法申報,是,,
111,04401392,華通電腦股份有限公司大園廠,0004,H4703600,桃園市,大園區,桃園市大園區中山北路275號,2630,印刷電路板製造業,39.1421,228.4600,0.7450,111.7200,0.0000,0.0000,0.00,54247.8064,54627.874,依法申報,是,,
111,04401392,華通電腦股份有限公司三廠,0003,H4601272,桃園市,蘆竹區,新莊里大新路九三八巷一一零號,2630,印刷電路板製造業,214.1005,169.0450,4.7084,36.0971,406.4500,0.0000,0.00,64869.1422,65699.543,依法申報,是,,
111,04401392,華通電腦股份有限公司一廠,0001,H4601129,桃園市,蘆竹區,新莊里大新路八一四巷九一號,2630,印刷電路板製造業,1629.6878,241.7750,6.7646,23.6059,172.9260,0.0000,0.00,44281.9419,46356.701,依法申報,是,,
111,04388145,台灣康寧顯示玻璃股份有限公司,0003,B2311535,台中市,西屯區,科園路1號,2399,未分類其他非金屬礦物製品製造業,38644.5002,251.2200,16.8370,1229.8000,0.0000,0.0000,0.00,333933.3184,374075.676,依法申報,是,,
111,04388145,台灣康寧顯示玻璃股份有限公司南科分公司台南廠,0002,R9001702,台南市,善化區,環東路二段33號,2311,平板玻璃及其製品製造業,4376.3638,93.1425,2.0264,283.5867,0.0000,0.0000,0.00,69483.7440,74238.863,依法申報,是,,
111,04380087,合眾紙業股份有限公司林內廠,0001,P5500191,雲林縣,林內鄉,雲林縣林內鄉林中村瑞農六五號,1512,紙張製造業,34260.5561,59.6075,153.2912,1.5502,0.0000,0.0000,0.00,26703.8531,61178.858,依法申報,是,,
111,04312878,和益化學工業股份有限公司,0001,s1900283,高雄市,林園區,石化三路9號,1810,基本化學材料製造業,61986.7768,31.9375,20.5918,19.4480,0.0000,0.0000,0.00,19646.1041,81704.858,依法申報,是,,
111,75688109,漢泰鋼鐵廠股份有限公司,0001,E5601080,高雄市,小港區,市全路4號,2499,鋼鐵軋延及擠型業,30047.7185,25.0650,18.3866,3.8268,0.0000,0.0000,0.00,13506.3720,43601.369,依法申報,是,,
111,75470524,海光企業股份有限公司嘉興鋼鐵廠,0002,E5602952,高雄市,小港區,高雄市小港區嘉興街5號,2413,鋼鐵軋延及擠型業,27879.2970,28.7925,15.1086,0.0000,0.0000,0.0000,0.00,31208.7600,59131.958,依法申報,是,,
111,75470524,海光企業股份有限公司,0001,E5600501,高雄市,小港區,高雄市小港區沿海二路12號,2411,鋼鐵冶鍊業,29560.6881,31.9900,16.4496,0.0000,0.0000,0.0000,0.00,108229.2588,137838.387,依法申報,是,,
111,75460005,唐榮鐵工廠股份有限公司,0001,E5601197,高雄市,小港區,高雄市小港區沿海二路4號,2411,鋼鐵冶鍊業,35106.4711,180.1225,18.3270,0.0000,0.0000,0.0000,0.00,68059.4682,103364.389,依法申報,是,,
111,75370905,南亞塑膠工業股份有限公司仁武廠,9504,S2201118,高雄市,仁武區,竹後里水管路一○一號,2201,塑膠皮、板、管材製造業,942.9679,33.5050,0.8344,13.2219,0.0000,0.0000,0.00,30316.2102,31306.739,依法申報,是,,
111,75370905,南亞塑膠工業股份有限公司新港廠,9501,Q7100272,嘉義縣,新港鄉,嘉義縣新港鄉中洋村中洋工業區2號,2201,塑膠皮、板、管材製造業,40778.9401,329.2675,23.6016,2433.8838,0.0000,0.0000,0.00,728810.5725,772376.266,依法申報,是,,
111,75370905,南亞塑膠工業股份有限公司樹林廠,9500,F0701702,新北市,樹林區,味王街55號,1841,合成樹脂及塑膠製造業,144634.7226,158.3350,504.2160,1088.3890,0.0000,0.0000,0.00,26929.0958,173314.758,依法申報,是,,
111,75370905,南亞塑膠工業股份有限公司嘉義廠,9400,Q7600375,嘉義縣,太保市,嘉義縣太保市南新里北港路二段二○一號,2201,塑膠皮、板、管材製造業,85909.8481,118.9925,356.5868,130.9764,0.0000,0.0000,0.00,63025.7760,149542.180,依法申報,是,,
111,75370905,南亞塑膠工業股份有限公司錦興廠,9221,H4601398,桃園市,蘆竹區,南崁路一段336號,2649,其他光電材料及元件製造業,646727.6458,190.6325,3051.5498,0.8352,0.0000,0.0000,0.00,80028.2736,729998.937,依法申報,是,,
111,75370905,南亞塑膠工業股份有限公司林口二廠,9220,F1600491,新北市,泰山區,新北市泰山區南林路102號,2209,其他塑膠製品製造業,24739.2092,163.2200,24.3764,907.5308,0.0000,0.0000,0.00,92768.6360,118602.972,依法申報,是,,
111,75370905,南亞塑膠工業股份有限公司工三廠,5G00,H4801478,桃園市,龜山區,桃園市龜山區文明路6號,1850,人造纖維製造業,139255.0042,237.8625,210.1794,3432.6264,0.0000,0.0000,0.00,250631.4146,393767.087,依法申報,是,,
111,75370905,南亞塑膠工業股份有限公司麥寮總廠,0002,P5801513,雲林縣,麥寮鄉,台塑工業園區2號,1810,基本化學材料製造業,256805.4416,168.1150,202.9678,738.0954,0.0000,702.2400,0.00,807141.9670,1065758.827,依法申報,是,,
111,75370905,南亞塑膠工業股份有限公司海豐總廠,0001,P5805244,雲林縣,麥寮鄉,台塑工業園區42號,1820,基本化學材料製造業,251218.0168,49.9225,0.8344,267.2442,0.0000,2.2800,0.00,849491.9365,1101030.234,依法申報,是,,
111,75339004,長興材料工業股份有限公司路竹廠,0003,S2900821,高雄市,路竹區,後鄉里長興路22號,1990,其他化學製品製造業,14519.9137,35.0175,8.0758,545.6274,0.0000,0.0000,0.00,18415.7820,33524.416,依法申報,是,,
111,75280209,東和鋼鐵企業股份有限公司桃園廠,0004,H53A0675,桃園市,觀音區,桃園市觀音區保障村8鄰草漯116號,2411,鋼鐵冶鍊業,80515.4862,8.5225,51.4348,255.0042,0.0000,0.0000,0.00,371503.1430,452333.591,依法申報,是,,
111,75280209,東和鋼鐵企業股份有限公司高雄廠,0002,E5600369,高雄市,小港區,高雄市小港區嘉興街8號,2413,鋼鐵軋延及擠型業,16078.7720,38.2775,12.7246,38.5089,0.0000,0.0000,0.00,10347.4984,26515.781,依法申報,是,,
111,75280209,東和鋼鐵企業股份有限公司苗栗廠,0001,K8100129,苗栗縣,西湖鄉,二湖村坪頂22號,2411,鋼鐵冶鍊業,91374.0655,92.8375,54.4148,4.0900,0.0000,0.0000,0.00,222342.1200,313867.528,依法申報,是,,
111,73686632,得力實業股份有限公司,0000,R0300606,台南市,新市區,台南市新市區三舍里240號,1140,印染整理業,49165.4418,33.7275,220.4008,1.7590,0.0000,0.0000,0.00,33039.3254,82460.655,依法申報,是,,
111,73252657,統一實業股份有限公司二廠,0001,R1412418,台南市,永康區,台南市永康區和平路77號,2549,其他金屬加工處理業,38503.4460,54.2650,20.8004,62.6400,0.0000,0.0000,0.00,73548.5414,112189.693,依法申報,是,,
111,73251209,統一企業股份有限公司楊梅廠,0004,H4501339,桃園市,楊梅區,水美里民富路一段301號,0850,乳品製造業,11952.5219,54.0300,6.4070,0.0000,0.0000,0.0000,0.00,13610.1240,25623.083,依法申報,是,,
111,73251209,統一企業股份有限公司新市廠,0002,R0300384,台南市,新市區,大營里大營7號,0850,乳品製造業,16331.7236,109.0550,9.9830,2026.4010,0.0000,0.0000,0.00,29574.6449,48051.808,依法申報,是,,
111,70848556,國巨股份有限公司楠梓分公司,0001,E4900404,高雄市,楠梓區,高雄市楠梓區西三街二、二之二、二之三、二之四、四、四之二、四之三、四之四、六、六之二、六之三、六之四、八、八之二、八之四、一二、一二之二、一二之三、一二之四、一,2620,被動電子元件製造業,178.8001,106.6100,0.2086,843.0153,0.0000,0.0000,0.00,42835.7160,43964.350,依法申報,是,,
111,70848177,住華科技股份有限公司南科一廠,0001,R90A0689,台南市,善化區,台南市善化區環東路二段32號,2699,未分類其他電子零組件製造業,12742.8231,169.0025,6.9136,585.0002,0.0000,0.0000,0.00,31258.6570,44762.396,依法申報,是,,
111,70833553,國光電力股份有限公司,0001,H4810799,桃園市,龜山區,桃園市龜山區南上村北油一區十一號,3510,電力供應業,932521.3809,443.6125,496.0806,300.3030,0.0000,0.0000,0.00,1960.2000,935721.577,依法申報,是,,
111,70815339,亞太優勢微系統股份有限公司,0000,J6304706,新竹縣,寶山鄉,新竹科學工業園區研發六路2號,2611,積體電路製造業,8.9300,30.8050,675.8938,34.0992,3077.5950,2790.7200,0.00,12220.1828,18838.226,依法申報,是,,
111,70785139,景碩科技股份有限公司新豐二廠,0004,J61A3280,新竹縣,新豐鄉,新竹縣新豐鄉重興村建興路二段四六八巷一二號,2630,印刷電路板製造業,0.3729,165.5650,0.0000,96.4778,0.0000,0.0000,0.00,29332.2950,29594.711,依法申報,是,,
111,70785139,景碩科技股份有限公司清華一廠,0003,H5205514,桃園市,新屋區,桃園市新屋區清華里中華路八一○之一號,2630,印刷電路板製造業,1998.7422,237.2225,36.8924,273.6468,5786.3700,0.0000,0.00,99927.4320,108260.306,依法申報,是,,
111,70785139,景碩科技股份有限公司新豐一廠,0002,J61A3270,新竹縣,新豐鄉,新竹縣新豐鄉重興村建興路二段五二六號,2630,印刷電路板製造業,550.2867,188.6800,0.4172,132.5070,5187.7800,0.0000,0.00,67203.0011,73262.672,依法申報,是,,
111,70785139,景碩科技股份有限公司,0001,H5204133,桃園市,新屋區,桃園市新屋區中華路1245號、1245-1號,2691,印刷電路板組件製造業,450.3844,198.8650,1.4900,113.5480,798.1200,0.0000,0.00,50825.4120,52387.819,依法申報,是,,
111,70783765,星能電力股份有限公司,0001,N1504207,彰化縣,線西鄉,彰化縣線西鄉彰濱工業區線工南二路二號,3510,電力供應業,1012803.1920,499.1925,538.5754,35.1033,0.0000,0.0000,0.00,3257.1000,1017133.163,依法申報,是,,
111,70783499,森霸電力股份有限公司,0001,R0503072,台南市,山上區,臺南市山上區豐德里隙子口66號,3510,電力供應業,2142379.6028,1004.8050,1138.6878,32.1174,0.0000,629.2800,0.00,3225.0240,2148409.517,依法申報,是,,
111,70783006,華亞汽電股份有限公司觀音公用廠,0002,H53A2562,桃園市,觀音區,桃園市觀音區觀音工業區工業七路三號,3510,電力供應業,136091.2316,40.8675,643.3522,7.6518,0.0000,0.0000,0.00,5767.5420,142550.645,依法申報,是,,
111,70783006,華亞汽電股份有限公司華亞汽電廠,0001,H4810851,桃園市,龜山區,桃園市龜山區文化村華亞一路九八號,3510,電力供應業,1571859.8903,431.8050,7406.9688,40.5072,0.0000,0.0000,0.00,122208.7680,1701947.939,依法申報,是,,
111,27763753,聯合再生能源股份有限公司竹南廠,0002,K71A9522,苗栗縣,竹南鎮,苗栗縣竹南鎮科研路六六、六八號,2649,其他光電材料及元件製造業,75.8076,50.7550,753.4036,65.7432,0.0000,0.0000,0.00,23999.1840,24944.893,依法申報,是,,
111,22099218,華邦電子股份有限公司中科廠,0001,L9506056,台中市,大雅區,科雅一路八號,2611,積體電路製造業,14535.0703,57.3775,3713.6462,2992.7663,12211.9294,902.8800,2737.77,267455.2320,304606.674,依法申報,是,,
111,22099174,元隆電子股份有限公司,0001,O1700798,新竹市,東區,科學工業園區研發二路18號,2611,積體電路製造業,3.4921,0.0100,2834.9336,1574.9899,50491.4310,205.2000,147.78,20079.1406,75336.981,依法申報,是,,
111,22099131,台灣積體電路製造股份有限公司先進封測二廠二期,0044,D9006435,台南市,善化區,台南市善化區南部科學園區南關里南科七路18之1號(二期區域),2613,半導體封裝及測試業,632.5979,0.3350,4.8256,7.1454,32.1737,3.0402,218.43,26140.4842,27039.040,依法申報,是,,
111,22099131,台灣積體電路製造股份有限公司十八廠六期,0043,D0402815,台南市,安定區,北園二路8號六期區域,2611,積體電路製造業,5979.6168,4.2300,280.4348,158.9401,458.5031,24.0762,1533.26,183377.1372,191816.200,依法申報,是,,
111,22099131,台灣積體電路製造股份有限公司十八廠五期,0042,D0402824,台南市,安定區,北園二路8號五期區域,2611,積體電路製造業,12544.3853,6.4700,807.1215,4421.7543,1513.7366,50.0485,5487.28,308385.9405,333216.739,依法申報,是,,
111,22099131,台灣積體電路製造股份有限公司先進封測六廠,0041,K71B0795,苗栗縣,竹南鎮,苗栗縣竹南鎮苗栗縣竹南鎮科專一路1號,2611,積體電路製造業,1901.6691,24.7550,42.7293,64.9623,234.6936,128.0995,1303.01,81863.4609,85563.389,依法申報,是,,
111,22099131,台灣積體電路製造股份有限公司十二廠八期,0040,J63A3567,新竹縣,寶山鄉,科環路168號,2611,積體電路製造業,6019.8788,9.5525,270.2185,166.7154,757.3094,330.0502,1082.07,156916.2558,165552.055,依法申報,是,,
111,22099131,台灣積體電路製造股份有限公司十八廠四期,0033,D0402833,台南市,安定區,台南市安定區北園二路8號四期區域,2611,積體電路製造業,13973.3028,81.2525,1009.2496,963.5237,3443.1296,114.9041,6004.38,303962.4888,329552.232,依法申報,是,,
111,22099131,台灣積體電路製造股分有限公司18廠三期,0032,D0402904,台南市,安定區,台南市安定區北園二路8號三期區域,2611,積體電路製造業,11034.7005,7.8925,2317.7222,205.8937,4679.3934,165.7773,17894.56,466713.8027,503019.746,依法申報,是,,
111,22099131,台灣積體電路製造股份有限公司十八廠二期,0031,D0402431,台南市,安定區,台南市安定區北園二路8號,2611,積體電路製造業,16078.4173,12.9275,2771.9447,176.5339,5416.3337,151.7365,28929.70,494278.0331,547815.633,依法申報,是,,
111,22099131,台灣積體電路製造股份有限公司十八廠一期,0030,D0402208,台南市,安定區,台南市安定區北園二路8號,2611,積體電路製造業,16666.3495,208.0875,1486.3328,200.5121,4685.8307,142.9315,15880.49,457568.6940,496839.234,依法申報,是,,
111,22099131,台灣積體電路製造股份有限公司先進封測五廠,0024,B9503479,台中市,大雅區,台中市大雅區橫山里13鄰科雅西路5號,2613,半導體封裝及測試業,897.8538,23.6075,0.4768,0.0000,0.0000,0.0000,0.00,102522.6728,103444.611,依法申報,是,,
111,22099131,台灣積體電路製造股份有限公司十五B廠,0023,B23B6125,台中市,西屯區,台中市西屯區新科路1號,2611,積體電路製造業,56586.2858,159.1700,112724.5225,646.1158,22623.5245,345.3080,51273.19,1659220.9920,1903579.110,依法申報,是,,
111,22099131,台灣積體電路製造股份有限公司十二廠七期,0022,J63A1670,新竹縣,寶山鄉,園區二路188號,2611,積體電路製造業,15304.0367,135.9950,21817.0764,173.8750,1332.2752,43.0058,8562.50,372851.4240,420220.194,依法申報,是,,
111,22099131,台灣積體電路製造股份有限公司先進封測三廠,0021,H50A6430,桃園市,龍潭區,龍園六路101號,2613,半導體封裝及測試業,6961.2819,52.7425,8.1906,3895.8736,288.3290,0.0000,5.13,208063.1520,219274.705,依法申報,是,,
111,22099131,台灣積體電路製造股份有限公司十四B廠七期,0020,D9001396,台南市,善化區,台南市善化區三抱竹路1號,2611,積體電路製造業,10142.5420,30.7575,33175.8979,284.6652,7254.9574,102.6000,13643.31,356319.2160,420953.951,依法申報,是,,
111,22099131,台灣積體電路製造股份有限公司十四B廠,0014,D9000746,台南市,善化區,台南市善化區南科九路17號,2611,積體電路製造業,23742.6820,94.2575,70620.7574,388.9806,11237.1227,197.0635,24883.54,663708.2038,794872.616,依法申報,是,,
111,22099131,台灣積體電路製造股份有限公司十二廠六期,0013,J63A1591,新竹縣,寶山鄉,園區二路166號,2611,積體電路製造業,10327.0657,74.1250,7116.8031,144.2541,512.5804,19.0612,3218.49,241292.3040,262704.686,依法申報,是,,
111,22099131,台灣積體電路製造股份有限公司15廠,0012,L95A2041,台中市,大雅區,台中市大雅區科雅六路一號,2611,積體電路製造業,20749.8256,136.0175,146106.9328,480.6537,10760.5975,208.3744,42824.05,846613.2952,1067879.751,依法申報,是,,
111,22099131,台灣積體電路製造股份有限公司先進封測二廠,0011,R90A1360,台南市,善化區,"南科七路 18 之 1 號",2613,半導體封裝及測試業,2597.3242,24.7350,7978.3564,339.5983,6030.6767,596.0805,12176.38,96008.3033,125751.455,依法申報,是,,
111,22099131,台灣積體電路製造股份有限公司十四廠,0010,R9001677,台南市,善化區,台南市善化區南科北路1-1號,2611,積體電路製造業,18966.0602,138.4825,135571.5568,8280.8832,62965.5135,1950.8820,41894.03,738754.9612,1008522.378,依法申報,是,,
111,22099131,台灣積體電路製造股份有限公司十二廠四期/五期,0009,J63A1056,新竹縣,寶山鄉,新竹科學園區園區二路168號,2611,積體電路製造業,9116.2902,132.2350,25670.1881,92.3233,1929.0909,28.3940,8267.09,306703.5840,351939.204,依法申報,是,,
111,22099131,台灣積體電路製造股份有限公司十二廠研新廠,0008,J63A0107,新竹縣,寶山鄉,研新二路六號,2611,積體電路製造業,3519.0455,168.1575,10206.5434,6609.8696,14316.7601,852.4403,1240.48,136878.7313,173792.032,依法申報,是,,
111,22099131,台灣積體電路製造股份有限公司十二廠,0007,O1709308,新竹市,東區,新竹市東區新竹市科學工業園區力行六路8號,2611,積體電路製造業,4732.0761,168.7700,31996.6951,1545.2579,14735.6729,3093.4841,12943.33,269729.8560,338945.149,依法申報,是,,
111,22099131,台灣積體電路製造股份有限公司八廠,0006,O1713311,新竹市,東區,新竹市東區力行路25號,2611,積體電路製造業,5189.5312,2.3125,14907.6085,17005.4244,44891.1413,2559.6648,10162.49,181040.6144,275758.792,依法申報,是,,
111,22099131,台灣積體電路製造股份有限公司六廠,0005,R9004230,台南市,善化區,台南市善化區南科北路1號,2611,積體電路製造業,2916.8849,66.9050,51011.7971,12852.0700,53408.0486,4113.8737,18169.55,189085.1490,331624.288,依法申報,是,,
111,22099131,台灣積體電路製造股份有限公司五廠,0004,J6301447,新竹縣,寶山鄉,新竹科學園區園區三路121號,2611,積體電路製造業,3705.0183,1.7825,12081.5994,9305.6848,16789.2805,1818.1977,12096.17,95964.4457,151762.180,依法申報,是,,
111,22099131,台灣積體電路製造股份有限公司三廠3E廠,0003,J6300324,新竹縣,寶山鄉,新竹科學工業園區研新二路6號,2611,積體電路製造業,2768.3054,30.1600,74.5894,124.6400,4556.8875,2233.8482,948.08,63428.7607,74165.272,依法申報,是,,
111,22099131,台灣積體電路製造股份有限公司三廠,0002,J6301107,新竹縣,寶山鄉,新竹縣寶山鄉新竹科學工業園區研新一路9號,2611,積體電路製造業,2855.3803,65.9850,15688.2939,14525.5933,27390.8852,16937.4598,15070.26,165970.7280,258504.590,依法申報,是,,
111,22099131,台灣積體電路製造股份有限公司二廠,0001,J6300557,新竹縣,寶山鄉,新竹科學工業園區園區三路121號,2611,積體電路製造業,2461.6536,1.1700,4614.1375,3292.6370,20797.2033,13031.4546,2542.62,75145.5703,121886.449,依法申報,是,,
111,22099110,台灣茂矽電子股份有限公司,0001,O1704812,新竹市,東區,新竹市科學工業園區研新一路1號,2611,積體電路製造業,53.4728,55.9175,1267.3940,1424.3798,139619.1169,3939.8400,2538.72,48420.0273,197318.868,依法申報,是,,
111,20939460,立安東化工股份有限公司三義廠,0001,k8000366,苗栗縣,三義鄉,鯉魚潭村鯉魚口99號,1810,基本化學材料製造業,56863.1508,43.5975,95.9858,4.1760,0.0000,0.0000,0.00,13102.4535,70109.364,依法申報,是,,
111,20927014,大統益股份有限公司,0000,R9701056,台南市,官田區,二鎮里工業西路32號,0840,食用油脂製造業,29397.2529,25.4650,19.5488,102.8604,0.0000,0.0000,0.00,64871.3879,94416.515,依法申報,是,,
111,20844865,台灣苯乙烯工業股份有限公司高雄廠,0001,S1900658,高雄市,林園區,工業一路7號,1820,石油化工原料製造業,199372.1995,80.8300,206.7226,23.3209,0.0000,0.0000,0.00,28712.3760,228395.449,依法申報,是,,
111,25049986,臺群工業股份有限公司,0001,H42A3066,桃園市,桃園區,西埔里４鄰富國路950號,1140,印染整理業,16543.2451,24.7850,76.6158,5.6036,0.0000,0.0000,0.00,4731.8040,21382.054,依法申報,是,,
111,24877199,群浤科技股份有限公司仁義廠,0000,J59B2582,新竹縣,湖口鄉,仁義路10號之一,2630,印刷電路板製造業,973.5815,95.3750,1.0132,54.7512,0.0000,0.0000,0.00,33336.4680,34461.189,依法申報,是,,
111,24548079,台灣科慕股份有限公司觀音廠,0001,H53A6653,桃園市,觀音區,成功路二段566號,1810,基本化學材料製造業,104611.3191,46.6050,12.7246,10416.8014,0.0000,25.0800,0.00,137501.2692,252613.799,依法申報,是,,
111,24410807,友達晶材股份有限公司后里廠,0000,B9200124,台中市,后里區,臺中市后里區后科路二段三三五號,2649,其他光電材料及元件製造業,23.5213,66.7000,0.0298,59.2992,0.0000,0.0000,0.00,52202.0674,52351.618,依法申報,是,,
111,24004006,三陽工業股份有限公司新竹廠,0001,J5901747,新竹縣,湖口鄉,中華路3號,3121,機車製造業,10421.2603,178.4250,55.9644,70.6802,0.0000,0.0000,0.00,23019.5335,33745.863,依法申報,是,,
111,24001900,日皓造紙工業股份有限公司觀音廠,0001,H5302063,桃園市,觀音區,國建三路5號,1512,紙漿製造業,20169.2604,2.6450,38.2632,49.5816,0.0000,0.0000,0.00,19357.1673,39616.918,依法申報,是,,
111,23827741,三義化學工業(股)公司桃園海湖廠,0000,H4603972,桃園市,蘆竹區,濱海里海山中街85號,1810,基本化學材料製造業,4929.2228,4.6475,0.8642,5.6584,0.0000,2.2800,0.00,82608.1053,87550.778,依法申報,是,,
111,23826736,福懋科技股份有限公司,0001,P4602196,雲林縣,斗六市,雲林縣斗六市榴中里河南街三二九號,2613,半導體封裝及測試業,765.0820,234.3450,11.8008,943.1992,0.0000,0.0000,0.00,127559.7413,129514.168,依法申報,是,,
111,23535435,欣興電子股份有限公司楊梅廠,0014,H45C0110,桃園市,楊梅區,桃園市楊梅區永平里梅獅路一段四二六巷六六號、六八號、七○號,2630,印刷電路板製造業,1558.5505,109.9425,0.9238,1034.8988,0.0000,0.0000,0.00,54703.4400,57407.756,依法申報,是,,
111,23535435,欣興電子股份有限公司新豐一廠,0013,J61A1452,新竹縣,新豐鄉,新竹縣新豐鄉中崙村二八九、二九○號,2630,印刷電路板製造業,7320.4674,264.4200,5.9302,310.5929,0.0000,0.0000,0.00,130375.9586,138277.369,依法申報,是,,
111,23535435,欣興電子股份有限公司大園廠,0012,H47A8358,桃園市,大園區,桃園市大園區內海里民權路五號,2630,印刷電路板製造業,834.3392,73.2750,0.4470,336.5570,0.0000,0.0000,0.00,30774.2130,32018.831,依法申報,是,,
111,23535435,欣興電子股份有限公司蘆竹二廠,0011,H46A1149,桃園市,蘆竹區,桃園市蘆竹區山鼻里南山路二段四七○巷二一號,2630,印刷電路板製造業,940.8452,76.1925,0.5364,13.9764,0.0000,0.0000,0.00,30416.7600,31448.311,依法申報,是,,
111,23535435,欣興電子股份有限公司精密載板事業部三廠,0010,H4887978,桃園市,龜山區,桃園市龜山區山頂里山鶯路一七三之一、一七三之二、一七一之二、一七三之八號,2630,印刷電路板製造業,2165.2445,141.2150,1.2814,72.0686,0.0000,0.0000,0.00,67265.7133,69645.523,依法申報,是,,
111,23535435,欣興電子股份有限公司精密載板事業部二廠,0004,H48A7682,桃園市,龜山區,桃園市龜山區山頂里山鶯路一七三、一七三之九號,2630,印刷電路板製造業,2582.5045,146.1525,1.5198,117.0522,0.0000,0.0000,0.00,61393.8563,64241.085,依法申報,是,,
111,23535435,欣興電子股份有限公司精密載板事業部一廠,0003,H4889310,桃園市,龜山區,桃園市龜山區山頂里山鶯路一七五、一七五之一號,2630,印刷電路板製造業,1699.0159,153.6275,1.0430,25.5959,0.0000,0.0000,0.00,37464.8167,39344.099,依法申報,是,,
111,23535435,欣興電子股份有限公司山鶯二廠,0002,H48B6522,桃園市,龜山區,桃園市龜山區山頂里山鶯路一六九號、一六九之二號,2630,印刷電路板製造業,9.8574,69.1600,0.0298,731.0190,0.0000,0.0000,0.00,31207.3740,32017.440,依法申報,是,,
111,23535435,欣興電子股份有限公司山鶯一廠,0001,H4806222,桃園市,龜山區,桃園市龜山區山頂里山鶯路一七七、一七九號,2630,印刷電路板製造業,2093.2724,203.6800,5.7216,27.3190,0.0000,0.0000,0.00,51579.8034,53909.796,依法申報,是,,
111,23531178,合興石化工業股份有限公司林園廠,0001,S1901002,高雄市,林園區,高雄市林園區石化二路2號,1990,其他化學製品製造業,24017.9375,18.6425,23.4228,0.0000,0.0000,0.0000,0.00,26648.8533,50708.856,依法申報,是,,
111,23503047,上銀科技股份有限公司-雲科廠,0001,P4607940,雲林縣,斗六市,雲林縣斗六市雲林縣斗六市虎溪里雲科路三段一二八號,2919,其他金屬加工用機械設備製造業,14.8783,111.6875,0.2384,1195.5272,0.0000,0.0000,0.00,43902.6727,45225.004,依法申報,是,,
111,23418128,泓達化工股份有限公司燕巢廠,0001,S2603498,高雄市,燕巢區,角宿里中興路九二二號,1841,合成樹脂及塑膠製造業,16545.2238,15.2325,11.5028,5.1273,0.0000,0.0000,0.00,9707.4074,26284.494,依法申報,是,,
111,23313356,銓盟企業股份有限公司,0001,H5300363,桃園市,觀音區,桃園市觀音區新富路1560號,1140,印染整理業,24824.4406,12.8175,118.6040,0.0000,0.0000,0.0000,0.00,4615.7760,29571.638,依法申報,是,,
111,23221384,中鋼碳素化學股份有限公司,0001,E5601437,高雄市,小港區,中林路42號,1810,基本化學材料製造業,31103.4110,21.9275,12.7544,157.8685,0.0000,0.0000,0.00,59078.7174,90374.679,依法申報,是,,
111,23218395,燁聯鋼鐵股份有限公司,0001,S1601990,高雄市,岡山區,高雄市岡山區興隆街600號,2411,鋼鐵冶鍊業,239000.1804,302.8200,137.9144,207.9060,0.0000,0.0000,0.00,330488.0900,570136.911,依法申報,是,,
111,23218022,矽格股份有限公司湖口廠,0001,J59A1389,新竹縣,湖口鄉,勝利村四維路一號,2613,半導體封裝及測試業,60.3560,149.8425,0.9238,48.4536,0.0000,0.0000,0.00,41956.9920,42216.568,依法申報,是,,
111,23145632,帆宣系統科技股份有限公司,0001,J5909823,新竹縣,湖口鄉,勝利村22鄰光復南路35號,2928,電子及半導體生產用機械設備製造業,45.3171,9.1050,1.5496,0.0000,25.0652,0.0000,0.00,744.5774,825.614,依法申報,是,,
111,22956507,遠東氣體工業股份有限公司永安工廠,0001,S3200955,高雄市,永安區,新興路121號,1810,基本化學材料製造業,14.0739,1.5275,0.3576,1.2870,0.0000,0.0000,0.00,37720.7820,37738.028,依法申報,是,,
111,22853994,台灣寶理塑膠股份有限公司大發廠,0001,S2000424,高雄市,大寮區,高雄市大寮區潮寮里建業路一三號,1841,合成樹脂及塑膠製造業,6287.9195,16.2575,0.8940,18.5832,0.0000,0.0000,0.00,106169.6032,112493.257,依法申報,是,,
111,22822748,聯成鋼鐵股份有限公司桃園廠,0001,H5200617,桃園市,新屋區,桃園市新屋區石磊里4鄰中華路996號,2411,鋼鐵冶鍊業,31736.9866,17.3425,8.8804,5.0340,0.0000,0.0000,0.00,65840.1480,97608.392,依法申報,是,,
111,22822281,廣達電腦股份有限公司總廠,0001,H4895112,桃園市,龜山區,桃園市龜山區文化二路188號,2711,電腦製造業,0.0000,239.0575,0.0000,235.2418,0.0000,0.0000,0.00,29597.0400,30071.339,依法申報,是,,
111,22817999,宏遠興業股份有限公司,0001,R0500240,台南市,山上區,明和里256號,1140,印染整理業,68078.5300,302.9450,303.8408,89.7840,0.0000,0.0000,0.00,60181.7931,128956.893,依法申報,是,,
111,22663571,福隆玻璃纖維股份有限公司,0001,Q6901613,嘉義縣,民雄鄉,嘉義縣民雄鄉民雄工業區中華路89號,2313,玻璃纖維製造業,21531.4481,38.5550,10.9366,183.3690,0.0000,0.0000,0.00,30977.1000,52741.409,依法申報,是,,
111,16096852,和平電力股份有限公司和平火力發電廠,0001,U0100258,花蓮縣,秀林鄉,花蓮縣秀林鄉和平村和工二路七號,3510,電力供應業,7305020.9904,41140.2000,34382.4056,271.4902,0.0000,0.0000,0.00,749.6280,7381564.714,依法申報,是,,
111,16096804,南亞電路板股份有限公司樹林一廠,0002,F07B5260,新北市,樹林區,新北市樹林區東山里味王街五七號,2630,印刷電路板製造業,7.0085,62.7375,0.0298,1068.0410,443.4000,0.0000,0.00,28263.3418,29844.559,依法申報,是,,
111,16096804,南亞電路板股份有限公司錦興廠,0001,H4605074,桃園市,蘆竹區,長興里南崁路一段三三四、三三六、三三八號,2630,印刷電路板製造業,152.3871,605.5725,1.5198,3306.1332,3741.5570,0.0000,0.00,449225.4321,457032.602,依法申報,是,,
111,12205020,中環股份有限公司林口三廠,0001,H4809607,桃園市,龜山區,文化村華亞三路50號,2740,資料儲存媒體製造業,9.4999,44.9025,0.1788,15.2598,0.0000,0.0000,0.00,69337.1841,69407.025,依法申報,是,,
111,11917107,台灣聚合化學品股份有限公司高雄廠,0001,S2201056,高雄市,仁武區,高雄市仁武區鳳仁路330號,1810,基本化學材料製造業,25071.7313,37.8475,9.9234,388.2604,0.0000,0.0000,0.00,114342.6240,139850.387,依法申報,是,,
111,11914002,台灣玻璃工業股份有限公司鹿港平板廠,0006,N08A1098,彰化縣,鹿港鎮,彰化縣鹿港鎮鹿工路11號,2311,平板玻璃及其製品製造業,124379.2798,78.4600,138.8084,19.9692,0.0000,0.0000,0.00,16549.2410,141165.758,依法申報,是,,
111,11914002,台灣玻璃工業股份有限公司台中廠平板三場,0005,L9100563,台中市,梧棲區,台中市梧棲區自立三街220號,2311,平板玻璃及其製品製造業,41162.7614,46.0275,77.7184,106.3982,0.0000,0.0000,0.00,22836.3300,64229.236,依法申報,是,,
111,11914002,台灣玻璃工業股份有限公司台中廠,0004,L9100198,台中市,梧棲區,台中市梧棲區自強路377號,2311,平板玻璃及其製品製造業,82758.9184,89.5625,120.1834,5.1656,0.0000,0.0000,0.00,23693.5428,106667.373,依法申報,是,,
111,11914002,台灣玻璃工業股份有限公司新竹廠,0003,O1703351,新竹市,香山區,中華路四段470號,2312,玻璃容器製造業,112994.1388,208.2450,199.0342,132.3792,0.0000,0.0000,0.00,41909.4312,155443.228,依法申報,是,,
111,11914002,台灣玻璃工業股份有限公司鹿港廠,0002,N0803765,彰化縣,鹿港鎮,鹿工路11號,2313,玻璃纖維製造業,26722.0205,141.0400,14.9298,1129.4680,0.0000,0.0000,0.00,69883.3031,97890.761,依法申報,是,,
111,11914002,台灣玻璃工業股份有限公司桃園廠,0001,H5300916,桃園市,觀音區,樹林村經建五路1號,2313,玻璃纖維製造業,38922.2501,62.8225,20.4130,2675.0172,0.0000,0.0000,0.00,58863.0240,100543.527,依法申報,是,,
111,11913502,台灣水泥股份有限公司蘇澳廠,0003,G3200778,宜蘭縣,蘇澳鎮,宜蘭縣蘇澳鎮長安里永昌路46號,2331,水泥製造業,1106275.6640,161.9025,1833.2960,10.4400,0.0000,0.0000,0.00,65228.2640,1173509.567,依法申報,是,,
111,11913502,台灣水泥股份有限公司和平分公司和平廠,0001,U0100187,花蓮縣,秀林鄉,和平村和平263號,2331,水泥製造業,3197750.2649,545.0825,5808.7948,4.0584,0.0000,0.0000,0.00,141055.6651,3345163.866,依法申報,是,,
111,11912102,臺灣紙業股份有限公司新營紙廠,0001,R8400416,台南市,新營區,南紙街94號,1810,基本化學材料製造業,6076.2154,14.7600,5.1256,377.6991,0.0000,36.4800,0.00,22047.7992,28558.079,依法申報,是,,
111,11893409,台達化學工業股份有限公司林園廠,0001,S1900630,高雄市,林園區,工業一路5號,1841,合成樹脂及塑膠製造業,5333.7065,21.2125,9.6850,1240.1041,0.0000,0.0000,0.00,31738.4276,38343.136,依法申報,是,,
111,11833698,台豐印刷電路工業股份有限公司新竹第一工廠,0001,J5902468,新竹縣,湖口鄉,鳳山村光復路八一號,2630,印刷電路板製造業,1077.1569,48.0600,0.8940,66.8160,0.0000,0.0000,0.00,35977.0059,37169.933,依法申報,是,,
111,11820053,台灣史谷脫紙業股份有限公司新營廠,0001,R8400372,台南市,新營區,台南市新營區太子路321號,1591,家庭及衛生用紙製造業,12518.3260,26.6825,6.6454,62.7414,0.0000,0.0000,0.00,18820.8900,31435.285,依法申報,是,,
111,11768704,義美食品股份有限公司南崁廠,0001,H4602199,桃園市,蘆竹區,長興村南工路一段11號,0891,烘焙炊蒸食品製造業,15402.5856,178.3700,9.5062,5636.8330,0.0000,0.0000,0.00,32168.6640,53395.959,依法申報,是,,
111,11686106,華夏海灣塑膠股份有限公司頭份廠,0001,K7200933,苗栗縣,頭份市,苗栗縣頭份市田寮里17鄰民族路571號,1810,基本化學材料製造業,32394.1507,71.2725,46.1900,343.2000,0.0000,0.0000,0.00,83295.6498,116150.463,依法申報,是,,
111,11520909,南港輪胎股份有限公司新豐廠,0001,J6100762,新竹縣,新豐鄉,新竹縣新豐鄉員山村新興路399號,2101,輪胎製造業,12254.7411,93.6125,14.8404,319.8816,0.0000,0.0000,0.00,26862.4750,39545.551,依法申報,是,,
111,11384806,長春石油化學股份有限公司苗栗二廠,0004,K6801123,苗栗縣,苗栗市,文聖里文山245號,1810,基本化學材料製造業,90590.1534,114.0750,66.3050,3395.8816,0.0000,0.0000,0.00,843194.5144,937360.929,依法申報,是,,
111,11384806,長春石油化學股份有限公司麥寮廠,0003,P5805753,雲林縣,麥寮鄉,台塑工業園區26號,1990,其他化學製品製造業,25226.3020,28.9875,0.8940,1712.9960,0.0000,0.0000,0.00,504767.1122,531736.292,依法申報,是,,
111,11384806,"長春石油化學股份有限公司 苗栗廠",0002,K6801089,苗栗縣,苗栗市,福安里福星246、246-3號,1990,其他化學製品製造業,1002060.1219,1685.2425,4731.1970,1857.4368,0.0000,0.0000,0.00,74065.2949,1084399.293,依法申報,是,,
111,11384806,"長春石油化學股份有限公司 大發廠",0001,S2001314,高雄市,大寮區,高雄市大寮區建業路11號,1810,基本化學材料製造業,510979.3436,148.5700,2410.2240,0.0000,0.0000,0.0000,0.00,15353.6900,528891.828,依法申報,是,,
111,11384806,長春石油化學股份有限公司彰濱廠,0000,N15A2520,彰化縣,線西鄉,寓埔村22鄰彰濱西三路5號,1810,基本化學材料製造業,37873.8435,67.3950,65.2620,0.0000,0.0000,0.0000,0.00,11557.1504,49563.651,依法申報,是,,
111,11384708,長春人造樹脂廠股份有限公司彰濱廠,0006,N16A1755,彰化縣,伸港鄉,彰化縣伸港鄉蚵寮村線工北三路31號,1810,基本化學材料製造業,63243.0010,667.3150,420.8654,0.0000,0.0000,0.0000,0.00,28292.6160,92623.797,依法申報,是,,
111,11384708,長春人造樹脂廠股份有限公司大發二廠,0005,S2015916,高雄市,大寮區,華西路6號,1810,基本化學材料製造業,66269.4788,1318.7525,0.7450,0.0000,0.0000,0.0000,0.00,307499.3178,375088.294,依法申報,是,,
111,11384708,長春人造樹脂廠股份有限公司大發廠,0004,S2005081,高雄市,大寮區,華西路8號,1810,基本化學材料製造業,319980.6856,203.1350,1479.2124,429.0000,0.0000,0.0000,0.00,235757.3688,557849.402,依法申報,是,,
111,11384708,長春人造樹脂廠股份有限公司高雄廠,0003,S2201092,高雄市,仁武區,高雄市仁武區工業一路8、12、14號,1841,合成樹脂及塑膠製造業,24780.9979,484.4800,16.9860,4.7882,0.0000,0.0000,0.00,67738.4753,93025.727,依法申報,是,,
111,11384708,長春人造樹脂廠股份有限公司新竹廠,0001,J5901658,新竹縣,湖口鄉,新竹縣湖口鄉鳳山村中華路8號,1841,合成樹脂及塑膠製造業,174464.6203,186.3450,755.0724,789.9400,0.0000,0.0000,0.00,77607.8408,253803.819,依法申報,是,,
111,11384405,東南實業股份有限公司蘇澳總廠,0001,G3200527,宜蘭縣,蘇澳鎮,宜蘭縣蘇澳鎮新城里新城一路一二○號,1810,基本化學材料製造業,50774.1390,44.7400,52.5970,10.7249,0.0000,0.0000,0.00,6934.9500,57817.151,依法申報,是,,
111,11072509,三福氣體股份有限公司中科分公司中科三廠,0013,L92A0991,台中市,后里區,臺中市后里區馬場路一號,1810,基本化學材料製造業,0.0000,0.5275,0.0000,0.0000,0.0000,0.0000,0.00,33530.9211,33531.449,依法申報,是,,
111,11072509,三福氣體股份有限公司中科分公司中科二廠,0012,L9202231,台中市,后里區,臺中市后里區三豐路4段369號,1810,基本化學材料製造業,180.3878,0.9775,0.0894,0.6264,0.0000,0.0000,0.00,34756.9700,34939.051,依法申報,是,,
111,11072509,三福氣體股份有限公司南科分公司南科8廠,0011,D0403385,台南市,安定區,台南市安定區北園三路一○號,1810,基本化學材料製造業,196.3434,5.9325,0.0894,2.7630,0.0000,0.0000,0.00,148739.5800,148944.708,依法申報,是,,
111,11072509,"三福氣體股份有限公司 觀音三廠",0010,H53B7163,桃園市,觀音區,328桃園市觀音區工業二路2號,1810,基本化學材料製造業,3.5703,1.5150,0.0000,3.6657,0.0000,0.0000,0.00,119154.0240,119162.775,依法申報,是,,
111,11072509,三福氣體股份有限公司觀音二廠,0004,H5387833,桃園市,觀音區,328桃園市觀音區工業一路16-1號,1810,基本化學材料製造業,513.7915,9.5400,8.1056,59.8030,0.0000,0.0000,0.00,95706.5587,96297.799,依法申報,是,,
111,11072509,三福氣體股份有限公司南科廠,0002,R9001631,台南市,善化區,興農路772號乙廠、臺南市安定區蘇林里蘇厝一之四八號,1810,基本化學材料製造業,489.2421,9.0800,6.5560,13.4736,0.0000,0.0000,0.00,72953.2305,73471.582,依法申報,是,,
111,97173920,李長榮科技股份有限公司銅箔廠,0001,E5603655,高雄市,小港區,高雄市小港區中林路3-1號,2549,其他金屬加工處理業,37.0927,16.4225,0.1192,151.5872,0.0000,433.2000,0.00,60892.5406,61530.962,依法申報,是,,
111,97168665,台日古河銅箔股份有限公司,0001,P4602276,雲林縣,斗六市,斗工二路8號,2499,未分類其他基本金屬製造業,2944.9852,22.2925,1.7284,491.9827,0.0000,0.0000,0.00,50921.0985,54382.087,依法申報,是,,
111,97161348,南中石化工業股份有限公司乙二醇廠,0001,P5802323,雲林縣,麥寮鄉,中興村台塑工業園區2之1號,1820,石油化工原料製造業,9732.7251,8.3900,0.1192,0.0000,0.0000,0.0000,0.00,164656.2392,174397.474,依法申報,是,,
111,96976990,嘉惠電力股份有限公司,0001,Q6907286,嘉義縣,民雄鄉,嘉義縣民雄鄉松山村4鄰松子腳688號,3510,電力供應業,1746304.0141,786.0175,927.9720,0.0000,0.0000,0.0000,0.00,14332.8052,1762350.809,依法申報,是,,
111,96975970,麥寮汽電股份有限公司,11A0,P5801719,雲林縣,麥寮鄉,雲林縣麥寮鄉中興村台塑工業園區7號,3510,電力供應業,9578153.3724,2541.1925,44589.7400,27.2326,0.0000,2086.2000,0.00,911.8777,9628309.615,依法申報,是,,
111,96971313,中鋼鋁業股份有限公司臨海廠,0001,E5600092,高雄市,小港區,山明里東林路17號,2422,鋁鑄造業,68635.9065,144.1675,37.5182,89.7840,0.0000,0.0000,0.00,109592.7186,178500.095,依法申報,是,,
111,96933037,長生電力股份有限公司,0001,H4604568,桃園市,蘆竹區,桃園市蘆竹區海湖村濱海路一段199號,3510,電力供應業,1780599.4254,941.5300,946.0308,17.2537,0.0000,79.8000,0.00,2708.6400,1785292.680,依法申報,是,,
111,96922622,台耀化學股份有限公司蘆竹廠,0001,H4606848,桃園市,蘆竹區,桃園市蘆竹區桃園市蘆竹區和平街三六、三六之一號、油管路二段三九八號,1990,其他化學製品製造業,7031.8431,79.9700,6.9434,567.3554,0.7390,0.0000,0.00,25787.1240,33473.975,依法申報,是,,
111,94025264,中華紙漿股份有限公司花蓮廠,0001,U9500478,花蓮縣,吉安鄉,花蓮縣吉安鄉光華村光華街100號,1511,紙漿製造業,70052.9851,559.5975,3592.1218,270.6048,0.0000,0.0000,0.00,109628.6400,184103.949,依法申報,是,,
111,91004618,上評資源循環股份有限公司嘉義廠,0001,Q6900821,嘉義縣,民雄鄉,興南村工業一路10號,1513,紙板製造業,6771.4932,200.0925,300.4138,8.4590,0.0000,0.0000,0.00,15169.6252,22450.084,依法申報,是,,
111,90505585,鴻揚半導體股份有限公司,0000,O17N6560,新竹市,東區,新竹市東區研新三路三號,2611,積體電路製造業,756.9355,0.3275,85.7942,202.7750,7448.8770,2850.0000,147.78,28806.0300,40298.523,依法申報,是,,
111,89939090,晉瑜企業股份有限公司觀音廠,0004,H53A7443,桃園市,觀音區,桃園市觀音區白玉里白玉北路一六○九號,2331,水泥製造業,5064.9248,4.0600,24.1976,6.8297,0.0000,0.0000,0.00,22150.6560,27250.668,依法申報,是,,
111,89939090,晉瑜企業股份有限公司彰濱廠,0003,N16A0638,彰化縣,伸港鄉,蚵寮村線工北一路12、18號,2331,水泥製造業,7734.0798,4.9250,36.9222,3.9689,0.0000,0.0000,0.00,32736.9240,40516.820,依法申報,是,,
111,89528054,台灣鋼聯股份有限公司,0001,N1607141,彰化縣,伸港鄉,蚵寮村彰濱工業區線工北一路36號,1810,基本化學材料製造業,76263.2411,9.0950,10.6386,1.2870,0.0000,0.0000,0.00,9954.2651,86238.527,依法申報,是,,
111,89480404,中聯油脂股份有限公司台中港廠,0001,L8901039,台中市,清水區,台中市清水區海濱里北堤路一之八號,0840,食用油脂製造業,31073.9460,26.3800,18.8634,59.5207,0.0000,0.0000,0.00,15984.6604,47163.371,依法申報,是,,
111,89406518,台塑勝高科技股份有限公司麥寮矽晶圓廠,0001,P5801871,雲林縣,麥寮鄉,台塑工業園區10號,2611,未分類其他電子零組件製造業,64.3294,147.7250,3504.6886,2177.0556,0.0000,20.5200,0.00,224035.6542,229949.973,依法申報,是,,
111,89397503,臺鹽實業股份有限公司通霄精鹽廠,0001,K7000504,苗栗縣,通霄鎮,苗栗縣通霄鎮內島里122號,0897,調理食品製造業,24226.3253,44.5900,13.4994,33.9310,0.0000,0.0000,0.00,1003.5630,25321.909,依法申報,是,,
111,89392269,遠東先進纖維股份有限公司,0001,H5302143,桃園市,觀音區,桃園市觀音區樹林里工業五路一七號,1850,人造纖維製造業,3842.9605,7.4875,3.9634,0.0000,0.0000,0.0000,0.00,21940.8600,25795.271,依法申報,是,,
111,89390656,南亞科技股份有限公司三廠,0002,F1606662,新北市,泰山區,新北市泰山區南林路98號,2611,積體電路製造業,10363.0229,126.0600,1930.8314,4837.0860,18773.7138,1187.2446,22569.84,370856.0170,430643.816,依法申報,是,,
111,89356756,東欣實業股份有限公司,0000,H5302107,桃園市,觀音區,草漯里源遠街六、八、七之一號,1140,印染整理業,21352.5723,17.9600,96.3434,0.0000,0.0000,0.0000,0.00,4712.3659,26179.242,依法申報,是,,
111,89004161,華泰電子股份有限公司封裝測試大樓工廠,0002,E49A1492,高雄市,楠梓區,經三路80號及80號地下一層,2611,積體電路製造業,7.1813,130.6500,0.0596,0.0000,0.0000,0.0000,0.00,31283.2080,31421.099,依法申報,是,,
111,89004161,華泰電子股份有限公司企業總部大樓工廠,0001,E4901947,高雄市,楠梓區,中三街9號,2699,未分類其他電子零組件製造業,61.1459,46.0225,1.0132,98.0384,0.0000,0.0000,0.00,36995.1120,37201.332,依法申報,是,,
111,89002500,台灣恩智浦半導體股份有限公司,0001,E4900397,高雄市,楠梓區,楠梓加工出口區經5路10號,2613,半導體封裝及測試業,38.2331,218.2475,0.2086,808.5609,0.0000,0.0000,0.00,67486.6170,68551.867,依法申報,是,,
111,88680066,晉禾企業股份有限公司,0001,S1601178,高雄市,岡山區,高雄市岡山區岡山里新樂街一○七號,2544,金屬表面處理業,5949.4878,22.4275,10.0128,419.2165,0.0000,0.0000,0.00,25609.7160,32010.861,依法申報,是,,
111,88187108,春雨工廠股份有限公司岡山廠,0001,S1601203,高雄市,岡山區,大寶街100號,2499,未分類其他基本金屬製造業,9959.6645,56.5725,5.9302,1.1730,0.0000,0.0000,0.00,5202.3681,15225.708,依法申報,是,,
111,88121697,東盟開發實業股份有限公司學甲廠,0001,R9100522,台南市,學甲區,秀昌里5鄰一秀155號,2413,鋼鐵軋延及擠型業,26073.4924,40.0350,15.4960,60.5492,0.0000,0.0000,0.00,33518.2320,59707.805,依法申報,是,,
111,86980046,嘉聯益科技股份有限公司桃科廠,0002,H53B2103,桃園市,觀音區,桃科十路八號、八號三樓、八號五樓,2630,印刷電路板製造業,4.5375,113.0400,0.0000,14.1930,9311.4000,0.0000,0.00,28111.8955,37555.066,依法申報,是,,
111,86871981,潤泰精密材料股份有限公司宜蘭冬山廠,0001,G37A0585,宜蘭縣,冬山鄉,宜蘭縣冬山鄉安平村大安路三五七之一.三五七之二.三五七之三號,2331,水泥製造業,561519.9527,88.5875,1094.0176,0.0000,0.0000,0.0000,0.00,40190.3370,602892.895,依法申報,是,,
111,86691377,建榮工業材料股份有限公司楊梅廠,0001,H4502201,桃園市,楊梅區,桃園市楊梅區瑞原里民豐路二七七號,1123,玻璃纖維梭織布業,8779.8769,31.9325,12.2478,209.2878,0.0000,0.0000,0.00,19561.2120,28594.557,依法申報,是,,
111,86685142,台灣汽電共生股份有限公司官田廠,0001,R9702160,台南市,官田區,台南市官田區二鎮里官田工業區工業西路28號,3510,電力供應業,323918.0690,712.2900,2128.7034,26.9352,0.0000,0.0000,0.00,6011.2800,332797.278,依法申報,是,,
111,86522210,台塑石化股份有限公司麥寮三廠,0003,P5802430,雲林縣,麥寮鄉,雲林縣麥寮鄉雲林縣麥寮鄉台塑工業園區17、39號,1990,其他化學製品製造業,6292557.1967,1506.6800,18711.7478,25.4246,0.0000,305.5200,0.00,28087.4367,6341194.006,依法申報,是,,
111,86522210,台塑石化股份有限公司麥寮二廠,0002,P5801728,雲林縣,麥寮鄉,雲林縣麥寮鄉台塑工業園區8、8-5號,1990,其他化學製品製造業,4278066.6124,1077.2800,15948.4236,314.8782,0.0000,1092.1200,0.00,438458.4689,4734957.783,依法申報,是,,
111,86522210,台塑石化股份有限公司麥寮一廠,0001,P5802421,雲林縣,麥寮鄉,雲林縣麥寮鄉台塑工業園區7、15號,1810,基本化學材料製造業,13327111.9966,10035.9825,49041.2044,535.4832,0.0000,4170.1200,0.00,0.0000,13390894.787,依法申報,是,,
111,86120031,信昌化學工業股份有限公司林園廠,0001,S1901066,高雄市,林園區,工業三路9號,1820,石油化工原料製造業,200698.7245,609.5500,918.6148,0.9896,0.0000,0.0000,0.00,87876.4981,290104.377,依法申報,是,,
111,86119908,中聯資源股份有限公司台中廠,0009,L02A0301,台中市,龍井區,台中市龍井區南堤路2號,2399,未分類其他非金屬礦物製品製造業,32181.6698,32.2950,150.2814,5.4288,0.0000,0.0000,0.00,24993.7835,57363.459,依法申報,是,,
111,86119908,中聯資源股份有限公司臨海廠,0002,E5602934,高雄市,小港區,高雄市小港區沿海三路友成巷二號,2399,未分類其他非金屬礦物製品製造業,24445.2898,36.2350,137.3482,4.7914,0.0000,0.0000,0.00,20482.6050,45106.269,依法申報,是,,
111,86119908,中聯資源股份有限公司,0001,E5601697,高雄市,小港區,高雄市小港區朝興路二號,2399,未分類其他非金屬礦物製品製造業,16640.7173,19.0875,79.1190,8.1914,0.0000,0.0000,0.00,19999.7863,36746.902,依法申報,是,,
111,85978401,裕鐵企業股份有限公司岡山三廠,0002,S26A0793,高雄市,燕巢區,高雄市燕巢區安招路639-2號,2544,金屬表面處理業,14967.3806,10.0525,8.0162,0.0000,0.0000,0.0000,0.00,7709.2736,22694.723,依法申報,是,,
111,70781345,安瀚視特股份有限公司台南第二工廠,0002,D32A0393,台南市,安南區,臺南市安南區工業三路21號,2311,平板玻璃及其製品製造業,3568.8025,4.0400,3.4568,357.2398,0.0000,0.0000,0.00,38305.0800,42238.619,依法申報,是,,
111,70776899,達邁科技股份有限公司銅鑼廠,0001,K77A0481,苗栗縣,銅鑼鄉,苗栗縣銅鑼鄉九湖村銅科二路六號,2699,未分類其他電子零組件製造業,13147.1823,379.3675,6.7944,784.0939,0.0000,0.0000,0.00,21382.4160,35699.854,依法申報,是,,
111,70752257,穩懋半導體股份有限公司龜山廠,0003,H48B0554,桃園市,龜山區,山鶯路200-5號,2611,積體電路製造業,1878.5313,123.3125,137.5270,7.0960,9270.6261,20.7480,0.00,46550.1960,57988.037,依法申報,是,,
111,70752257,穩懋半導體股份有限公司華亞二廠,0002,H4886999,桃園市,龜山區,桃園市龜山區文化村華亞二路358號與科技七路35號及35號2樓、3樓、4樓,2611,積體電路製造業,1172.9601,106.1125,370.5332,101.9650,23628.9638,831.0600,0.00,48657.2609,74868.856,依法申報,是,,
111,70752257,穩懋半導體股份有限公司華亞廠,0001,H4806348,桃園市,龜山區,桃園市龜山區文化村科技七路69號,2611,積體電路製造業,918.2521,32.1000,72.9504,2.1916,7527.7756,0.0000,0.00,19900.3475,28453.617,依法申報,是,,
111,70750217,和鑫光電股份有限公司南科廠,0001,D9000120,台南市,善化區,北園一路7號,2649,其他光電材料及元件製造業,681.8780,24.4575,4820.0487,198.0239,4712.1005,0.0000,541.87,45625.9456,56604.332,依法申報,是,,
111,70738116,紘楷股份有限公司,0001,H4504705,桃園市,楊梅區,桃園市楊梅區瑞原里楊新路三段四巷19號,1140,印染整理業,23259.8101,26.8925,110.9156,0.0000,0.0000,0.0000,0.00,4226.8050,27624.423,依法申報,是,,
111,70584724,艾杰旭顯示玻璃股份有限公司台南廠,0003,R0304944,台南市,新市區,風鈴路1號,2311,基本化學材料製造業,275.3509,32.4350,0.1490,16.1284,0.0000,0.0000,0.00,31737.8160,32061.879,依法申報,是,,
111,70584724,艾杰旭顯示玻璃股份有限公司斗六二廠,0002,P46A0693,雲林縣,斗六市,虎溪里科工八路八號,2311,平板玻璃及其製品製造業,82753.4148,111.7025,43.0312,150.7597,0.0000,0.0000,0.00,152130.5280,235189.436,依法申報,是,,
111,70584724,艾杰旭顯示玻璃股份有限公司斗六一廠,0001,P4606327,雲林縣,斗六市,虎溪里科工七路八號、科工八路三七號、科工八路六六號,2311,平板玻璃及其製品製造業,18261.7982,93.0600,9.8638,479.1384,0.0000,0.0000,0.00,86401.9849,105245.845,依法申報,是,,
111,70552666,台星科股份有限公司,0001,J6203071,新竹縣,芎林鄉,新竹縣芎林鄉華龍村鹿寮坑176之5號,2699,未分類其他電子零組件製造業,115.7789,56.9425,0.7152,40.2766,2933.0910,0.0000,0.00,29763.6570,32910.461,依法申報,是,,
111,69905810,可成科技股份有限公司南科工廠,0001,D32A8713,台南市,安南區,鹽田里本田路二段五○○號,2423,鋁材軋延、擠型、伸線業,3284.8798,359.6350,1.9370,111.1162,0.0000,0.0000,0.00,22689.2160,26446.784,依法申報,是,,
111,69771636,威致鋼鐵工業股份有限公司官田廠,0001,R9701341,台南市,官田區,台南市官田區南廓村南廓123號,2411,鋼鐵冶鍊業,95479.7892,50.7175,93.3336,10.6602,0.0000,0.0000,0.00,189286.1056,284920.606,依法申報,是,,
111,68919301,台南紡織股份有限公司太子廠,0003,R1001791,台南市,仁德區,台南市仁德區土庫里中正路三段419號,1850,人造纖維製造業,22372.5786,1802.4900,13.3206,160.1322,0.0000,0.0000,0.00,55785.5856,80134.107,依法申報,是,,
111,68919301,台南紡織股份有限公司仁德廠,0002,R1001719,台南市,仁德區,台南市仁德區中正路二段八六二巷四五號,1113,人造纖維加工絲業,29828.1464,719.7275,18.2376,134.3172,0.0000,0.0000,0.00,23276.4840,53976.913,依法申報,是,,
111,68387705,奇美實業股份有限公司旭美廠,0002,R10A3047,台南市,仁德區,開發四路36號,1841,合成樹脂及塑膠製造業,165942.8700,174.8450,230.4136,58.6205,0.0000,0.0000,0.00,29109.0452,195515.794,依法申報,是,,
111,68387705,奇美實業股份有限公司(仁德廠),0001,R1002065,台南市,仁德區,文賢里中正路一段398號A棟,1841,合成樹脂及塑膠製造業,148498.6410,405.5750,296.7186,3035.4350,0.0000,0.0000,0.00,223203.1468,375439.516,依法申報,是,,
111,61932639,台灣銅箔股份有限公司,0001,M3302600,南投縣,南投市,南投縣南投市成功三路150號,2433,銅材軋延、擠型、伸線業,9935.9251,28.5950,7.0030,774.4934,0.0000,0.0000,0.00,93880.7100,104626.727,依法申報,是,,
111,59619900,建大工業股份有限公司雲林廠,0001,p5400070,雲林縣,莿桐鄉,雲林縣莿桐鄉莿桐村延平路50、60號,2101,輪胎製造業,15071.9966,131.0575,13.9762,87.0440,0.0000,0.0000,0.00,18581.7576,33885.832,依法申報,是,,
111,59504506,正新橡膠工業股份有限公司溪州廠,0001,N3200337,彰化縣,溪州鄉,彰化縣溪州鄉溪厝村中山路二段602號,2101,輪胎製造業,9300.3781,123.7425,5.3938,3.2978,0.0000,0.0000,0.00,26621.8920,36054.704,依法申報,是,,
111,59504506,正新橡膠工業股份有限公司,0000,N2100552,彰化縣,大村鄉,彰化縣大村鄉美港路215號,2109,其他橡膠製品製造業,27091.1610,236.3350,38.8890,150.6982,0.0000,0.0000,0.00,32599.9080,60116.991,依法申報,是,,
111,58650902,台灣化學纖維股份有限公司彰化廠,0011,N0702450,彰化縣,彰化市,彰化市中庄里中山路3段359號、臺化莊352號,1113,人造纖維加工絲業,71.9066,18.8200,0.6258,814.1134,0.0000,36.4800,0.00,25569.1379,26511.084,依法申報,是,,
111,58650902,台灣化學纖維股份有限公司龍德廠,0010,G3700791,宜蘭縣,冬山鄉,大興村龍祥十路2號,1820,石油化工原料製造業,1235462.1594,357.9850,5580.3480,859.9066,0.0000,0.0000,0.00,12.6720,1242273.071,依法申報,是,,
111,58650902,台灣化學纖維股份有限公司麥寮廠,0006,P5801773,雲林縣,麥寮鄉,雲林縣麥寮鄉雲林縣麥寮鄉中興村台塑工業園區5號及3之1號,1810,基本化學材料製造業,399462.6154,6627.8725,245.1050,16000.7038,0.0000,43.3200,0.00,998807.4821,1421187.099,依法申報,是,,
111,58650902,台灣化學纖維股份有限公司海豐廠,0005,P5802092,雲林縣,麥寮鄉,雲林縣麥寮鄉雲林縣麥寮鄉中興村台塑工業園區23號,1810,基本化學材料製造業,1251158.6755,208.2850,224.4238,777.8438,0.0000,72.9600,0.00,1855119.6775,3107561.866,依法申報,是,,
111,58650902,台灣化學纖維股份有限公司新港廠,0003,Q7100254,嘉義縣,新港鄉,嘉義縣新港鄉中洋村中洋工業區一號,1850,人造纖維製造業,1716967.9474,621.0350,7918.5156,1720.5926,0.0000,752.4000,0.00,167725.0080,1895705.499,依法申報,是,,
111,58176511,宏全國際股份有限公司台中二廠,0001,B2313762,台中市,西屯區,協和里工業區二路7號,2599,未分類其他金屬製品製造業,542.2911,101.5650,1.8774,81.6550,0.0000,0.0000,0.00,32930.9640,33658.353,依法申報,是,,
111,57002416,大鐘印染股份有限公司中壢廠,0001,H4301839,桃園市,中壢區,桃園市中壢區新生路三段741號,1140,印染整理業,14577.1912,55.4025,8.1354,5.4288,0.0000,0.0000,0.00,6397.3800,21043.538,依法申報,是,,
111,56121907,味丹企業股份有限公司沙鹿第一工廠,0003,L9000666,台中市,沙鹿區,興安路65號,0896,調味品製造業,41873.0690,37.2225,26.5816,10.4400,0.0000,0.0000,0.00,13674.9051,55622.218,依法申報,是,,
111,56054251,巨大機械工業股份有限公司日南廠,0001,L8801141,台中市,大甲區,臺中市大甲區龍泉里順帆路一九、一九之五號,3131,自行車製造業,7758.6170,215.9375,5.8706,181.9260,0.0000,0.0000,0.00,19612.8821,27775.233,依法申報,是,,
111,55991080,矽品精密工業股份有限公司中科分公司,0007,B9502212,台中市,大雅區,秀山里科雅路19號,2613,半導體封裝及測試業,2117.4180,428.0950,10.4002,118.4000,1077.4620,0.0000,433.44,206571.5507,210756.766,依法申報,是,,
111,55991080,矽品精密工業股份有限公司新竹分公司三廠,0006,J63A1422,新竹縣,寶山鄉,研發二路1-1號,2613,半導體封裝及測試業,58.2612,113.3775,0.9536,234.4031,0.0000,0.0000,0.00,46246.3734,46653.369,依法申報,是,,
111,55991080,矽品精密工業股份有限公司大豐廠,0003,L9401476,台中市,潭子區,大豐路三段123、125號、崇德路5段468號,2613,半導體封裝及測試業,483.4888,297.5600,3.0098,248.4520,14366.1600,0.0000,0.00,81190.1708,96588.841,依法申報,是,,
111,80353271,台灣美光晶圓科技股份有限公司一廠,0001,H4889454,桃園市,龜山區,桃園市龜山區復興三路667號、669號及科技八路5號,2611,積體電路製造業,16088.6149,77.8525,44013.3484,5092.9750,23357.7580,3859.4016,8078.90,520348.9094,620917.762,依法申報,是,,
111,80087041,台灣醋酸化學股份有限公司醋酸廠,0001,P5805780,雲林縣,麥寮鄉,中興村台塑工業園區5號及5-5號,1990,其他化學製品製造業,51521.4059,10.6675,0.1192,1144.0000,0.0000,0.0000,0.00,119353.9050,172030.098,依法申報,是,,
111,79837539,盛餘股份有限公司,0001,E5600565,高雄市,小港區,高雄市小港區中林路11號,2544,金屬表面處理業,23119.2518,25.8800,15.9728,108.4201,0.0000,316.9200,0.00,43828.0548,67414.500,依法申報,是,,
111,79254702,協勝發鋼鐵廠股份有限公司,0001,E5600332,高雄市,小港區,店鎮里光陽街七號,2411,鋼鐵冶鍊業,83040.1815,51.8350,29.4126,15.2766,0.0000,0.0000,0.00,179537.1663,262673.872,依法申報,是,,
111,76027628,日月光半導體製造股份有限公司十二廠,0022,E49A5078,高雄市,楠梓區,高雄市楠梓區瑞屏里內環北路一一五號四、五、六、七、八、九、一○樓,2613,半導體封裝及測試業,1.1780,204.8300,0.0000,0.9238,0.0000,0.0000,0.00,40281.8993,40488.831,依法申報,是,,
111,76027628,日月光半導體製造股份有限公司中壢分公司封測五廠,0021,H43A0700,桃園市,中壢區,桃園市中壢區復華里中華路1段550之5號(登記使用地下層、1樓、6樓、7樓、8樓、9樓、10樓、11樓)、桃園市中壢區復華里中華路1段556號(登記使用9、10,2613,半導體封裝及測試業,60.8141,128.9350,0.4172,32.4610,0.0000,0.0000,0.00,72859.2960,73081.923,依法申報,是,,
111,76027628,日月光半導體製造股份有限公司二十四廠,0020,E49A9852,高雄市,楠梓區,創意南路1號2、3、5、7、8樓,2613,半導體封裝及測試業,29.1128,144.5750,0.0596,44.8278,0.0000,0.0000,0.00,45430.8273,45649.403,依法申報,是,,
111,76027628,日月光半導體製造股份有限公司二十一廠,0014,E49A5692,高雄市,楠梓區,創意南路二號一、二、三、四、五、八、九樓,2613,半導體封裝及測試業,378.2508,155.6225,0.1490,0.8870,6725.3654,0.0000,0.00,35008.7415,42269.016,依法申報,是,,
111,76027628,日月光半導體製造股份有限公司二十二廠,0013,E49A6630,高雄市,楠梓區,第二園區創意北路１號、研發路66號,2613,半導體封裝及測試業,353.0467,226.2100,0.2682,0.9244,6031.7943,0.0000,0.00,46137.7366,52749.980,依法申報,是,,
111,76027628,日月光半導體製造股份有限公司凸晶二廠,0011,E4906246,高雄市,楠梓區,楠梓加工出口區內環北路109號5樓及6樓,2613,半導體封裝及測試業,8.5273,59.6150,0.0298,3.8610,4669.0020,0.0000,0.00,9280.7371,14021.772,依法申報,是,,
111,76027628,日月光半導體製造股份有限公司九廠,0010,E4905365,高雄市,楠梓區,內環北路109號7、8、9、12樓,2613,半導體封裝及測試業,37.6285,119.7725,0.0000,8.0424,3052.8090,0.0000,0.00,31003.2191,34221.472,依法申報,是,,
111,76027628,日月光半導體製造股份有限公司中壢分公司封測七廠,0006,H43C1277,桃園市,中壢區,"桃園市中壢區復華里中華路一段568號 (登記使用1、3、4、5、6、7、8、10樓)",2613,半導體封裝及測試業,60.8141,128.9350,0.4172,41.1000,0.0000,0.0000,0.00,65071.6619,65302.928,依法申報,是,,
111,76027628,日月光半導體製造股份有限公司五廠,0005,E49A7579,高雄市,楠梓區,高雄市楠梓區經六路六六號四樓、五樓、六樓、一一樓,2613,半導體封裝及測試業,0.0283,109.3900,0.0000,29.3494,0.0000,0.0000,0.00,25844.0733,25982.841,依法申報,是,,
111,76027628,日月光半導體製造股份有限公司中壢分公司封測八廠,0004,H43C1811,桃園市,中壢區,"桃園市中壢區復華里中華路一段556號4樓(登記使用5樓)、 桃園市中壢區復華里中華路一段556號6樓(登記使用7樓)",2613,半導體封裝及測試業,60.8141,128.9350,0.4172,32.1750,0.0000,0.0000,0.00,55796.7488,56019.090,依法申報,是,,
111,76027628,日月光半導體製造股份有限公司十一廠,0003,E4906835,高雄市,楠梓區,高雄市楠梓區楠梓加工出口區經三路26號,2613,半導體封裝及測試業,22.0550,361.1225,0.1313,6.2178,3662.0874,1231.2000,1.80,63438.3127,68722.931,依法申報,是,,
111,76027628,日月光半導體製造股份有限公司中壢分公司封測六廠,0002,H43B3840,桃園市,中壢區,桃園市中壢區復華里中華路1段550之5號（登記使用3、4、5樓）、桃園市中壢區復華里中華路1段556號4樓（登記使用4樓）、桃園市中壢區復華里中華路1段556號,2613,半導體封裝及測試業,60.8141,128.9350,0.4172,32.1750,0.0000,0.0000,0.00,39382.9979,39605.339,依法申報,是,,
111,76027628,日月光半導體製造股份有限公司中壢分公司封測四廠,0001,H43A2093,桃園市,中壢區,桃園市中壢區復華里中華路1段556號（登記使用1樓）、桃園市中壢區復華里中華路1段556號8樓（登記使用8樓）,2613,半導體封裝及測試業,104.4104,128.9350,0.4172,43.5286,1975.3470,0.0000,0.00,12707.5588,14960.197,依法申報,是,,
111,76026851,楠梓電子股份有限公司二廠,0001,E4900753,高雄市,楠梓區,開發路37號,2630,印刷電路板製造業,451.9655,98.6025,1.0132,2.0880,2660.4000,0.0000,0.00,36327.8520,39541.921,依法申報,是,,
111,75992214,燁興企業股份有限公司軋鋼廠,0001,S1601570,高雄市,岡山區,高雄市岡山區寶米路三六九號,2599,未分類其他金屬製品製造業,12723.5584,24.0425,9.8936,0.0000,0.0000,38.7600,0.00,17365.4108,30161.665,依法申報,是,,
111,75970680,勝一化工股份有限公司永安二廠,0002,S3204695,高雄市,永安區,維新里永工ㄧ路18號,1810,基本化學材料製造業,29798.4524,233.7400,17.0158,0.0000,0.0000,0.0000,0.00,5089.8672,35139.075,依法申報,是,,
111,75970680,勝一化工股份有限公司,0001,S3200428,高雄市,永安區,高雄市永安區永工一路5號,1810,基本化學材料製造業,22224.3081,203.9300,19.2806,4.8024,0.0000,0.0000,0.00,3409.4610,25861.782,依法申報,是,,
111,75947936,燁輝企業股份有限公司屏東廠,0002,T4203686,屏東縣,屏東市,工業區工業六路六號,2544,金屬表面處理業,14867.7512,18.3950,8.0460,0.0000,0.0000,2.2800,0.00,12380.7420,27277.214,依法申報,是,,
111,75947936,燁輝企業股份有限公司高雄一廠,0001,S2500536,高雄市,橋頭區,高雄市橋頭區芋寮路369號,2544,金屬表面處理業,54122.4009,111.4100,35.6408,10.7227,0.0000,0.0000,0.00,63011.5200,117291.694,依法申報,是,,
111,75708007,台灣塑膠工業股份有限公司新港廠,0010,Q7100754,嘉義縣,新港鄉,中洋工業區3號,1841,合成樹脂及塑膠製造業,7287.8975,21.7425,0.0894,12.4078,0.0000,2.2800,0.00,244901.5489,252225.966,依法申報,是,,
111,75708007,台灣塑膠工業股份有限公司海豐廠丁醇廠,0009,P5806349,雲林縣,麥寮鄉,雲林縣麥寮鄉中興村台塑工業園區23之1號、32號、33號,1820,石油化工原料製造業,67604.0499,19.5575,0.0894,777.4910,0.0000,13.6800,0.00,170544.6656,238959.533,依法申報,是,,
111,75708007,台灣塑膠工業股份有限公司林園廠,0008,S1900685,高雄市,林園區,石化一路1號,1810,基本化學材料製造業,624953.8987,289.0975,2447.5932,3128.6079,0.0000,136.8000,0.00,99103.9500,730059.947,依法申報,是,,
111,75708007,台灣塑膠工業股份有限公司林園聚丙烯廠,0007,S1900701,高雄市,林園區,石化一路1-1號,1810,基本化學材料製造業,247.1302,17.3300,0.2682,0.0000,0.0000,4.5600,0.00,107672.1416,107941.430,依法申報,是,,
111,75708007,台灣塑膠工業股份有限公司冬山廠,0006,G3700880,宜蘭縣,冬山鄉,宜蘭縣冬山鄉東福路201號,2399,未分類其他非金屬礦物製品製造業,141204.6835,31.6575,229.1322,0.0000,0.0000,0.0000,0.00,12843.4680,154308.941,依法申報,是,,
111,75708007,台灣塑膠工業股份有限公司仁武廠,0005,S2201109,高雄市,仁武區,水管路100號,1810,基本化學材料製造業,2074278.9385,801.5675,9243.9302,6793.9124,0.0000,253.0800,0.00,161644.0320,2253015.461,依法申報,是,,
111,75708007,台灣塑膠工業股份有限公司麥寮碳纖廠,0003,P5802001,雲林縣,麥寮鄉,雲林縣麥寮鄉中興村台塑工業園區13號,1810,基本化學材料製造業,5579.2067,28.0225,0.1788,651.5080,0.0000,20.5200,0.00,213192.2268,219471.663,依法申報,是,,
111,75708007,台灣塑膠工業股份有限公司麥寮廠,0002,P5801602,雲林縣,麥寮鄉,雲林縣麥寮鄉中興村台塑工業園區一號,1990,其他化學製品製造業,377397.7489,262.0775,215.3646,14421.6446,0.0000,223.4400,0.00,3700220.6176,4092740.893,依法申報,是,,
111,45018531,名佳利金屬工業股份有限公司,0001,H4301008,桃園市,中壢區,北園路11號,2432,銅鑄造業,2944.3114,19.7350,4.1720,19.0894,0.0000,0.0000,0.00,12294.6921,15282.000,依法申報,是,,
111,19084015,台灣氯乙烯工業股份有限公司林園廠,0001,S1900372,高雄市,林園區,高雄市林園區工業一路1號,1820,石油化工原料製造業,126776.7339,62.8225,58.8252,0.4176,0.0000,0.0000,0.00,51940.8360,178839.635,依法申報,是,,
111,19004316,華新科技股份有限公司高雄南一廠,0002,E5408338,高雄市,前鎮區,高雄市前鎮區鎮北里南一路一○號(一、四、五樓)、一○號二樓、一○號三樓,2620,被動電子元件製造業,1077.1392,44.4150,0.0894,347.3520,0.0000,0.0000,0.00,23881.5720,25350.568,依法申報,是,,
111,19004316,華新科技股份有限公司高雄東十五廠,0001,E54B0143,高雄市,前鎮區,高雄市前鎮區鎮北里一鄰北一路一七之一號、一七號二樓、五樓、六樓,2620,被動電子元件製造業,1001.8209,37.2125,0.6556,0.0000,0.0000,0.0000,0.00,29326.5720,30366.261,依法申報,是,,
111,18770509,東隆興業股份有限公司彰化芳苑廠,0002,N2907551,彰化縣,芳苑鄉,彰化縣芳苑鄉後寮村工區三路4、8、11、15、17、21號；彰化縣芳苑鄉後寮村工業路8號；彰化縣芳苑鄉後寮村工區路11號,1113,人造纖維加工絲業,19.7187,47.8250,0.4768,632.4001,0.0000,0.0000,0.00,37360.7794,38061.200,依法申報,是,,
111,18770509,東隆興業股份有限公司,0001,H4202813,桃園市,桃園區,富國路859號,1140,印染整理業,13222.9080,25.8875,40.0810,41.1332,0.0000,0.0000,0.00,11999.3940,25329.404,依法申報,是,,
111,16847968,艾克爾先進科技股份有限公司,0001,J5905432,新竹縣,湖口鄉,光復北路39號,2611,積體電路製造業,68.5567,32.8000,0.0298,0.0000,1616.1930,0.0000,0.00,11358.6660,13076.246,依法申報,是,,
111,16834268,富喬工業股份有限公司雲林分公司,0002,P48A0851,雲林縣,虎尾鎮,雲林縣虎尾鎮墾地里科虎二路8號,2313,玻璃纖維製造業,40449.2038,1994.2625,18.9826,0.4176,0.0000,0.0000,0.00,44968.1760,87431.043,依法申報,是,,
111,16834268,富喬工業股份有限公司,0001,P4602758,雲林縣,斗六市,雲林縣斗六市榴南里斗工16路8號,2399,未分類其他非金屬礦物製品製造業,31897.5088,1412.4100,44.0444,1.8792,0.0000,0.0000,0.00,52146.1659,85502.008,依法申報,是,,
111,16741846,精材科技股份有限公司中壢廠,0003,H4313348,桃園市,中壢區,桃園市中壢區320桃園市中壢區吉林路23號9樓,2699,未分類其他電子零組件製造業,41.2396,41.4850,0.0596,224.9446,2872.1700,10052.5200,282.08,11145.6717,24660.171,依法申報,是,,
111,16741846,精材科技股份有限公司中壢二廠,0002,H43A2855,桃園市,中壢區,桃園市中壢區自強二路１號,2699,未分類其他電子零組件製造業,121.6881,29.7975,0.0000,603.3196,12587.2630,27079.5600,423.12,14123.8494,54968.598,依法申報,是,,
111,16741846,精材科技股份有限公司中壢三廠,0001,H43C0794,桃園市,中壢區,中壢工業區中園路188號,2699,未分類其他電子零組件製造業,34.5317,48.6500,0.0000,560.8095,29.0270,6.8400,37.84,65138.0400,65855.738,依法申報,是,,
111,16638110,旭德科技股份有限公司,0001,J5905343,新竹縣,湖口鄉,新竹縣湖口鄉湖南村光復北路八號,2630,印刷電路板製造業,78.5559,73.0700,0.6556,194.5693,2322.6770,0.0000,0.00,28422.5040,31092.032,依法申報,是,,
111,16635562,豐年豐和企業上崙一廠,0001,R1002547,台南市,仁德區,台南市仁德區上崙里崑崙路201號,0840,食用油脂製造業,17292.3636,10516.1925,9.5658,2.0880,0.0000,0.0000,0.00,8923.6620,36743.872,依法申報,是,,
111,16631664,艾克爾國際科技股份有限公司新竹廠,0002,J5909814,新竹縣,湖口鄉,光復路11號,2613,半導體封裝及測試業,25.4479,123.0850,0.2682,89.1408,0.0000,0.0000,0.00,35322.6060,35560.548,依法申報,是,,
111,16631664,艾克爾國際科技股份有限公司龍潭廠,0000,H5001589,桃園市,龍潭區,桃園市龍潭區中豐路高平段1號,2613,半導體封裝及測試業,202.1295,124.4700,1.5198,15.9400,8460.3620,1117.2000,0.00,37376.0640,47297.685,依法申報,是,,
111,16596337,新桃電力股份有限公司,0001,J5601064,新竹縣,關西鎮,新竹縣關西鎮台電新村66號,3510,電力供應業,568422.5156,255.8650,302.6786,1.0668,0.0000,136.8000,0.00,6399.3600,575518.286,依法申報,是,,
111,16450500,瀚宇彩晶南科觸控感應器廠,0002,D0301680,台南市,新市區,環西路一段8號,2641,液晶面板及其組件製造業,121.0547,5.2725,0.1788,0.0000,0.0000,0.0000,0.00,43615.4320,43741.938,依法申報,是,,
111,16450500,瀚宇彩晶南科TFT-LCD三廠,0001,R0305156,台南市,新市區,台南市新市區南科二路35號,2641,液晶面板及其組件製造業,6879.3258,315.5575,11.2169,127.7588,0.0000,50943.1205,41.16,214101.5659,272419.708,依法申報,是,,
111,16447610,金居開發股份有限公司斗六二廠,0002,P4606818,雲林縣,斗六市,雲林縣斗六市雲科路三段53號,2431,鍊銅業,1069.4654,16.1200,0.6854,0.6264,0.0000,0.0000,0.00,62208.8602,63295.757,依法申報,是,,
111,16447610,金居開發股份有限公司斗六一廠,0001,P4602552,雲林縣,斗六市,雲林縣斗六市科工八路56號,2431,鍊銅業,560.0138,7.9550,0.3874,257.6088,0.0000,0.0000,0.00,48638.3040,49464.269,依法申報,是,,
111,16446128,台塑旭彈性纖維股份有限公司麥寮廠,0001,P5802378,雲林縣,麥寮鄉,中興村台塑工業園區12號,1810,基本化學材料製造業,1247.2633,7.0050,0.0894,1.7160,0.0000,0.0000,0.00,46508.0829,47764.157,依法申報,是,,
111,16441469,能元科技股份有限公司南科廠,0001,R9001597,台南市,善化區,大利二路10號,2890,其他電力設備製造業,5080.8019,93.9775,2.6820,687.3329,0.0000,0.0000,0.00,29069.6670,34934.461,依法申報,是,,
111,16432742,凌巨科技股份有限公司八德廠,0002,H49A2429,桃園市,八德區,和平路1127號,2641,液晶面板及其組件製造業,5789.8224,105.2925,3.0098,0.0000,9571.5280,127718.7600,751.64,84758.3938,228698.447,依法申報,是,,
111,16138282,合晶科技股份有限公司園區分公司,0002,H50A1985,桃園市,龍潭區,桃園市龍潭區龍園一路100號,2611,積體電路製造業,35.5913,69.2225,1272.8474,5.8048,4392.0401,0.0000,0.00,43598.0160,49373.522,依法申報,是,,
111,16138282,合晶科技股份有限公司,0001,H4503575,桃園市,楊梅區,桃園市楊梅區蘋果路1號,2699,未分類其他電子零組件製造業,1081.3552,44.9575,170.2176,39.8518,765.7049,0.0000,0.00,26035.4160,28137.503,依法申報,是,,
111,16130423,宏捷科技股份有限公司南科大利廠,0001,R0301603,台南市,新市區,大利一路6號,2611,積體電路製造業,312.3468,67.7275,4.6786,173.9264,26243.2330,0.0000,0.00,19325.9880,46127.900,依法申報,是,,
111,16130042,南茂科技股份有限公司湖口一廠,0006,J59B0259,新竹縣,湖口鄉,新竹縣湖口鄉鳳山村仁德路四號,2613,半導體封裝及測試業,3.8414,20.4925,0.0298,345.5055,0.0000,1026.0000,0.00,29355.4800,30751.349,依法申報,是,,
111,16130042,南茂科技股份有限公司竹科一廠,0005,J6300860,新竹縣,寶山鄉,新竹縣寶山鄉研發一路一號,2613,半導體封裝及測試業,8.8243,59.5375,0.2384,493.8468,0.0000,0.0000,0.00,48707.2080,49269.655,依法申報,是,,
111,16130042,南茂科技股份有限公司台南二廠,0004,D0300727,台南市,新市區,臺南市南部科學園區南科七路三號,2613,半導體封裝及測試業,1.0945,23.1025,0.0000,338.6416,0.0000,0.0000,0.00,30728.8080,31091.647,依法申報,是,,
111,16130042,南茂科技股份有限公司台南廠,0003,R0301514,台南市,新市區,臺南市南部科學園區南科七路五號,2613,半導體封裝及測試業,188.6637,239.2350,0.1788,157.0419,0.0000,0.0000,0.00,79369.8944,79955.014,依法申報,是,,
111,16130042,南茂科技股份有限公司(竹北廠),0002,J5501121,新竹縣,竹北市,泰和里新泰路37號,2613,半導體封裝及測試業,337.3837,78.7600,0.3576,421.1426,0.0000,0.0000,0.00,39592.0800,40429.724,依法申報,是,,
111,16130009,頎邦科技股份有限公司南一廠,0010,E54A4603,高雄市,前鎮區,高雄市前鎮區鎮北里南一路一一號,2630,印刷電路板製造業,7.4783,0.0125,0.0596,235.9868,0.0000,0.0000,0.00,22541.5080,22785.045,依法申報,是,,
111,16130009,頎邦科技股份有限公司南六廠,0005,E54A1352,高雄市,前鎮區,南六路5號,2613,半導體封裝及測試業,8.9015,0.0050,0.0000,545.8955,0.0000,0.0000,0.00,26981.0640,27535.866,依法申報,是,,
111,16130009,頎邦科技股份有限公司光復廠,0004,J59B0675,新竹縣,湖口鄉,光復路12號,2699,未分類其他電子零組件製造業,14.0395,104.7175,0.0894,221.4416,6285.1950,9.1200,0.00,35684.7480,42319.351,依法申報,是,,
111,55991080,矽品精密工業股份有限公司中山廠,0002,L9402188,台中市,潭子區,台中市潭子區中山路三段153號,2613,半導體封裝及測試業,777.8125,335.8600,2.6820,449.9786,0.0000,0.0000,0.00,109939.7970,111506.130,依法申報,是,,
111,55991080,矽品精密工業股份有限公司彰化廠,0001,N0911075,彰化縣,和美鎮,彰新路二段8號,2613,半導體封裝及測試業,919.6521,345.1900,2.5628,0.0000,179.5770,0.0000,0.00,114011.2541,115458.236,依法申報,是,,
111,55695790,建順煉鋼股份有限公司,0001,K7000513,苗栗縣,通霄鎮,苗栗縣通霄鎮五北里68-4號,2411,鋼鐵冶鍊業,32859.8072,24.3325,60.9708,314.8860,0.0000,0.0000,0.00,101876.5440,135136.541,依法申報,是,,
111,55389357,豐興鋼鐵股份有限公司,0001,L9200728,台中市,后里區,甲后路702號,2411,鋼鐵冶鍊業,225522.1057,112.7075,74.6192,396.0526,0.0000,0.0000,0.00,510068.0829,736173.568,依法申報,是,,
111,54796568,東齊染整股份有限公司,0001,H53A6138,桃園市,觀音區,桃園市大堀里新華路二段225-1號,1140,印染整理業,23414.4563,23.9200,103.4954,8.7696,0.0000,0.0000,0.00,5926.5360,29477.177,依法申報,是,,
111,54393468,美商蘋果電子股份有限公司台灣分公司龍三廠,0002,H50B3948,桃園市,龍潭區,新竹科學工業園區龍園八路88號,2649,其他光電材料及元件製造業,37.9025,7.1350,63.4442,4.9060,10.5174,5.1984,12.92,7739.7210,7881.750,依法申報,是,,
111,54393468,美商蘋果電子股份有限公司台灣分公司,0001,H50A6777,桃園市,龍潭區,龍園十路55號,2649,其他光電材料及元件製造業,386.9755,13.0425,2328.1846,7.0666,105.7480,143.7768,52.69,17828.3160,20865.807,依法申報,是,,
111,54389725,漢磊科技股份有限公司研發廠,0004,J6300299,新竹縣,寶山鄉,新竹科學園區創新一路18號,2611,積體電路製造業,408.2995,31.7475,1237.5046,711.1684,17982.6210,1436.4000,295.56,23570.7120,45674.020,依法申報,是,,
111,54389725,漢磊科技股份有限公司研新廠,0003,O1701115,新竹市,東區,新竹市科學工業園區研新二路5號,2611,積體電路製造業,332.3014,12.9050,1260.6890,1216.6497,7130.8980,4719.6000,369.45,8160.4464,23202.949,依法申報,是,,
111,54389725,漢磊科技股份有限公司創新廠,0002,J6300146,新竹縣,寶山鄉,新竹縣寶山鄉新竹科學工業園區創新一路3號,2611,積體電路製造業,110.8388,9.1150,2071.8450,697.3734,2197.1520,205.2000,0.00,6283.7280,11575.252,依法申報,是,,
111,53667030,台塑科騰化學有限公司,0001,P58A1635,雲林縣,麥寮鄉,中興村台塑工業園區１７號,1842,合成橡膠製造業,7812.6856,9.4700,0.5066,388.4206,0.0000,0.0000,0.00,49413.2144,57624.297,依法申報,是,,
111,53520959,錦州科技股份有限公司大發廠,0001,E2000554,高雄市,大寮區,過溪里華西路8-6號,3530,蒸汽供應業,419127.2903,114.5100,1978.9286,0.0000,0.0000,0.0000,0.00,5674.4076,426895.137,依法申報,是,,
111,53372182,古河銅箔股份有限公司,0001,P46A5881,雲林縣,斗六市,雲林縣斗六市科加路25號,2499,未分類其他基本金屬製造業,948.5933,11.2450,0.6556,482.8505,0.0000,0.0000,0.00,24335.8652,25779.210,依法申報,是,,
111,53170263,聯穎光電股份有限公司竹科廠,0001,J63A1719,新竹縣,寶山鄉,創新一路10號,2611,積體電路製造業,780.0034,22.5200,2816.7854,2346.3959,8991.8154,3283.2000,619.20,37678.6080,56538.528,依法申報,是,,
111,52264848,和大工業股份有限公司嘉義廠,0001,Q68A1602,嘉義縣,大林鎮,嘉義縣大林鎮大美里大埔美園區五路一六、一八號,3030,汽車零件製造業,1021.4724,29.3025,1.9370,266.9998,0.0000,0.0000,0.00,26356.5720,27676.284,依法申報,是,,
111,51158518,盧森堡商達爾國際股份有限公司基隆分公司,0001,C1500291,基隆市,安樂區,基隆市安樂區武訓街28-1號,2699,未分類其他電子零組件製造業,15.2587,31.1375,74.2318,328.0353,279.3420,205.2000,0.00,10708.8300,11642.035,依法申報,是,,
111,50301500,廣源造紙股份有限公司台中廠,0001,L8801052,台中市,大甲區,日南里工一路1號,1513,紙板製造業,88401.2477,684.0400,1160.5610,11.1778,0.0000,0.0000,0.00,40652.2547,130909.281,依法申報,是,,
111,49701774,冠軍建材股份有限公司第二廠,0000,K8201149,苗栗縣,造橋鄉,苗栗縣造橋鄉豐湖村1鄰乳姑山2號,2329,其他陶瓷製品製造業,62201.6776,100.8350,44.6404,7.0448,0.0000,0.0000,0.00,26396.5680,88750.766,依法申報,是,,
111,47255947,台亞半導體股份有限公司力行廠,0002,O1713197,新竹市,東區,新竹市東區力行五路一號,2611,積體電路製造業,694.4090,81.6125,8.1354,173.8071,179.5770,205.2000,0.00,26244.5040,27587.245,依法申報,是,,
111,47217677,聯華電子股份有限公司Fab12A廠第二廠區,0010,D0302141,台南市,新市區,台南市新市區南科三路57號,2611,積體電路製造業,2619.8317,19.6700,8670.9491,123.5734,2081.6221,37.3460,1784.33,214498.4381,229835.767,依法申報,是,,
111,47217677,聯華電子股份有限公司Fab8S廠,0009,J63A0048,新竹縣,寶山鄉,新竹科學工業園區研新一路16號,2611,積體電路製造業,1724.0966,24.8950,1835.9738,3060.2892,14052.0566,5470.4678,1185.53,70684.6140,98037.926,依法申報,是,,
111,47217677,聯華電子股份有限公司Fab8F廠,0008,O1708632,新竹市,東區,新竹科學工業園區力行六路3號,2611,積體電路製造業,3755.4849,27.3650,2241.6430,2847.1619,24819.7691,3283.2000,63.03,85581.6312,122619.286,依法申報,是,,
111,47217677,聯華電子股份有限公司Fab8E廠,0007,O1706692,新竹市,東區,力行路17號,2611,積體電路製造業,2608.4148,27.8975,2003.9376,7865.4712,13981.3590,8784.9843,3721.99,75252.6720,114246.732,依法申報,是,,
111,47217677,聯華電子股份有限公司Fab8A廠,0005,O1706209,新竹市,東區,力行二路3、5號,2611,積體電路製造業,2348.7535,44.8775,2044.6417,5005.9509,36100.0426,42681.6000,267.21,115534.2256,204027.311,依法申報,是,,
111,47217677,聯華電子股份有限公司Fab12A廠,0003,R0304131,台南市,新市區,南科二路18號,2611,積體電路製造業,17060.0743,135.2100,19197.0890,2945.2031,15840.5647,1820.1626,1256.62,409380.3034,467635.237,依法申報,是,,
111,47217677,聯華電子股份有限公司Fab8D廠,0001,O1709148,新竹市,東區,力行三路8號,2611,積體電路製造業,4561.1406,52.1825,14915.8320,4563.3295,62827.9861,4998.9220,4538.67,159074.0168,255532.085,依法申報,是,,
111,47109348,華夏玻璃股份有限公司,0001,O1703315,新竹市,香山區,新竹市香山區埔前里埔前路49號,2312,玻璃容器製造業,90395.9818,128.3500,130.1366,15.0336,0.0000,0.0000,0.00,28039.3848,118708.887,依法申報,是,,
111,46007218,大享容器工業股份有限公司,0001,J5700231,新竹縣,新埔鎮,新竹縣新埔鎮文山里文山路犁頭山段1118號,2312,玻璃容器製造業,52425.5444,82.6025,105.6112,1.0010,0.0000,0.0000,0.00,13371.7320,65986.491,依法申報,是,,
111,45018531,名佳利金屬工業股份有限公司中壢二廠,0002,H4312305,桃園市,中壢區,北園路14號,2432,銅鑄造業,4160.7113,9.2625,2.1754,18.1988,0.0000,0.0000,0.00,22177.0207,26367.369,依法申報,是,,
111,44883108,台灣華可貴股份有限公司中壢第二工廠,0001,H4306058,桃園市,中壢區,桃園市中壢區內定里吉林北路一二號,3392,拉鍊及鈕扣製造業,6098.3342,106.8875,4.7382,489.4940,0.0000,0.0000,0.00,24572.5920,31272.046,依法申報,是,,
111,44528635,六和機械股份有限公司,0001,H4302318,桃園市,中壢區,桃園市中壢區水尾里新生路二段三三四號,3030,汽車零件製造業,8422.8186,109.0375,10.4300,168.5602,0.0000,171.0000,0.00,34568.3607,43450.207,依法申報,是,,
111,33405832,德州儀器工業股份有限公司,0001,F0401403,新北市,中和區,新北市中和區興南路一段一四二號,2613,半導體封裝及測試業,32.6638,0.0150,0.0000,19.5820,0.0000,0.0000,0.00,46756.1160,46808.377,依法申報,是,,
111,33144175,怡華實業股份有限公司,0001,R9700353,台南市,官田區,臺南市官田區二鎮里工業路一一號A區、成功街六、九號,1111,棉、毛紡紗業,13240.7409,6.8825,7.0924,5.1542,0.0000,0.0000,0.00,39478.2283,52738.098,依法申報,是,,
111,22662355,台灣必成股份有限公司新港廠,0001,Q7100245,嘉義縣,新港鄉,中洋村中洋工業區2之1號,2313,玻璃纖維製造業,49895.9113,97.0550,20.4726,400.4000,0.0000,0.0000,0.00,153554.4651,203968.304,依法申報,是,,
111,22636630,國巨股份有限公司大發二廠,0001,S20A2878,高雄市,大寮區,過溪里大業街5號,2620,被動電子元件製造業,899.1530,28.6275,0.3874,470.4056,0.0000,0.0000,0.00,27625.3560,29023.930,依法申報,是,,
111,43816068,敬鵬工業股份有限公司第二之二廠,0002,H46B0524,桃園市,蘆竹區,內厝里南山路二段5巷17-1號,2630,印刷電路板製造業,422.0564,93.5425,15.3172,33.0330,1182.4000,0.0000,0.00,31546.1520,33292.501,依法申報,是,,
111,43816068,敬鵬工業股份有限公司第二廠,0001,H4605636,桃園市,蘆竹區,內厝村內厝街30巷8號及南山路二段5巷17號及內厝村3鄰內厝10之10號,2630,印刷電路板製造業,1036.4103,126.3150,0.6556,82.5118,0.0000,0.0000,0.00,26937.3060,28183.199,依法申報,是,,
111,43295237,集盛實業股份有限公司第三廠,0002,H5304165,桃園市,觀音區,桃園市觀音區桃園市觀音區草漯里成功路一段五○六號,1113,人造纖維加工絲業,12129.7671,40.2350,41.6604,55.0612,0.0000,0.0000,0.00,47067.3720,59334.096,依法申報,是,,
111,43295237,集盛實業股份有限公司觀音廠,0001,H5307693,桃園市,觀音區,桃園市觀音區成功路一段522號,1113,人造纖維加工絲業,14670.7037,31.7975,55.0406,100.7644,0.0000,0.0000,0.00,26552.3940,41410.700,依法申報,是,,
111,43295237,集盛實業股份有限公司大園廠,0000,H47A6144,桃園市,大園區,桃園市大園區北港里大工路一七號,1112,人造纖維紡紗業,457.5436,25.7800,0.5960,37.9188,0.0000,0.0000,0.00,35149.9952,35671.834,依法申報,是,,
111,43031502,台灣普利司通股份有限公司新竹工廠,0001,J5901854,新竹縣,湖口鄉,新竹縣湖口鄉鳳山村文化路一之一號,2101,輪胎製造業,9887.1524,59.5325,6.7646,35.6044,0.0000,1140.0000,0.00,19609.3852,30738.439,依法申報,是,,
111,42818882,林園先進材料科技股份有限公司,0001,E1902497,高雄市,林園區,高雄市林園區石化四路1號,1700,石油及煤製品製造業,252425.7553,88.4900,163.6020,2.9249,0.0000,0.0000,0.00,21953.3490,274634.121,依法申報,是,,
111,42010509,羅東鋼鐵廠股份有限公司煉鋼廠,0001,G32A0540,宜蘭縣,蘇澳鎮,宜蘭縣蘇澳鎮德興一路57、59號,2411,鋼鐵冶鍊業,39256.6174,24.7300,6.9434,5.0112,0.0000,0.0000,0.00,105467.3469,144760.649,依法申報,是,,
111,40601248,幸福水泥股份有限公司東澳廠,0002,G4100017,宜蘭縣,南澳鄉,宜蘭縣南澳鄉蘇花路三段101號,2331,水泥製造業,545794.5421,171.9225,1234.7332,5.7960,0.0000,273.6000,0.00,37566.9360,585047.530,依法申報,是,,
111,39054405,李長榮化學工業股份有限公司高雄廠,0005,E5600305,高雄市,小港區,中林路3號,1810,基本化學材料製造業,25463.7797,6.9150,3.6952,476.4692,0.0000,0.0000,0.00,64062.2082,90013.067,依法申報,是,,
111,39054405,李長榮化學工業股份有限公司林園廠,0004,S1900676,高雄市,林園區,高雄市林園區石化三路11號,1820,石油化工原料製造業,30253.4938,23.1100,9.2082,726.3544,0.0000,0.0000,0.00,46542.0028,77554.169,依法申報,是,,
111,39054405,李長榮化學工業股份有限公司大社廠,0002,S23A0124,高雄市,大社區,高雄市大社區經建路２號,1841,合成樹脂及塑膠製造業,20609.4797,19.5050,2.5032,187.9052,0.0000,0.0000,0.00,60143.6880,80963.081,依法申報,是,,
111,38119936,台灣通用器材股份有限公司,0000,F0500803,新北市,新店區,新北市新店區寶橋路二三三號,2612,分離式元件製造業,3124.8978,89.2350,0.9834,591.5889,0.0000,0.0000,0.00,42576.7320,46383.437,依法申報,是,,
111,38033305,台硝股份有限公司桃園廠,0001,H4601290,桃園市,蘆竹區,桃園市蘆竹區坑口里大坑街25號,1990,其他化學製品製造業,42625.8814,4627.9000,203.3254,3.5496,0.0000,0.0000,0.00,17707.9320,65168.588,依法申報,是,,
111,36550632,國聯矽業化學股份有限公司,0000,H4701017,桃園市,大園區,桃園市大園區內海里民權路12號,1810,基本化學材料製造業,23838.0753,23.2850,13.4100,10.7748,0.0000,0.0000,0.00,16138.2029,40023.748,依法申報,是,,
111,36514783,台灣卜蜂企業股份有限公司南投肉品加工廠,0001,M3302762,南投縣,南投市,工業東路17號,0811,屠宰業,9262.9805,174.5950,33.7634,17167.1308,0.0000,0.0000,0.00,20555.1720,47193.642,依法申報,是,,
111,35878589,臺灣湯淺電池股份有限公司,0001,G3700979,宜蘭縣,冬山鄉,龍德工業區龍祥八路2號,2820,電池製造業,2069.9148,0.1150,0.6258,68.2527,0.0000,0.0000,0.00,25469.7696,27608.678,依法申報,是,,
111,35412204,華新麗華股份有限公司台中不銹鋼廠,0003,B9100709,台中市,梧棲區,台中市梧棲區加工出口區經三路57號,2544,金屬表面處理業,36539.6522,49.9250,21.2176,81.8454,0.0000,0.0000,0.00,36708.4080,73401.048,依法申報,是,,
111,35412204,華新麗華股份有限公司鹽水廠,0001,R8500582,台南市,鹽水區,台南市鹽水區汫水里溪州寮3-10號A棟,2411,鋼鐵冶鍊業,91128.1703,164.5900,64.1892,12.6648,0.0000,0.0000,0.00,145938.4329,237308.047,依法申報,是,,
111,35192807,和友紡織股份有限公司觀音廠,0001,H5301262,桃園市,觀音區,富源村新富路161號,1140,印染整理業,22672.7448,27.1925,98.9956,26.6200,0.0000,0.0000,0.00,5882.1840,28707.737,依法申報,是,,
111,35082604,中興紡織廠股份有限公司楊梅化纖廠,0001,H4500743,桃園市,楊梅區,桃園市楊梅區中山南路567號,1841,合成樹脂及塑膠製造業,54751.5868,143.1825,169.7110,3.0030,0.0000,0.0000,0.00,70346.2320,125413.715,依法申報,是,,
111,34286449,台灣半導體股份有限公司利澤廠,0001,G38A0540,宜蘭縣,五結鄉,宜蘭縣五結鄉利工一路二段31號,2613,半導體封裝及測試業,8.5607,25.5675,0.1192,0.0000,0.0000,0.0000,0.00,10341.8620,10376.109,依法申報,是,,
111,34263157,三洋窯業股份有限公司,0000,F0801707,新北市,鶯歌區,八德路16號,2399,未分類其他非金屬礦物製品製造業,27483.4541,32.3425,19.4892,3.5408,0.0000,0.0000,0.00,9612.5401,37151.367,依法申報,是,,
111,34258318,白馬窯業股份有限公司楊梅廠,0001,H4500850,桃園市,楊梅區,新榮里電研路5號,2322,黏土建築材料製造業,23317.3630,36.0550,19.1912,3.6622,0.0000,0.0000,0.00,9987.9120,33364.183,依法申報,是,,
111,34227006,金元福包裝企業股份有限公司宜蘭冬山廠,0001,G37A3618,宜蘭縣,冬山鄉,東城村香中路275、275-1號,2209,其他塑膠製品製造業,0.5368,29.2425,0.0000,990.6866,0.0000,0.0000,0.00,24693.3310,25713.797,依法申報,是,,
111,34202841,榮成紙業股份有限公司蒸汽廠,0005,N14A1507,彰化縣,二林鎮,廣興里廣興巷1-1號,1513,紙板製造業,293029.4564,77.8350,1383.2564,0.0000,0.0000,0.0000,0.00,0.0000,294490.548,依法申報,是,,
111,34202841,榮成紙業股份有限公司,0001,N1400562,彰化縣,二林鎮,廣興里廣興巷1-1號,1513,紙板製造業,258014.6904,106.5250,1042.4636,186.5793,0.0000,0.0000,0.00,325331.0892,584681.348,依法申報,是,,
111,34175598,錦美紙業股份有限公司觀音廠,0001,H5300425,桃園市,觀音區,榮工北路10號,1513,紙板製造業,24935.4895,68.5525,163.8404,32.3640,0.0000,0.0000,0.00,15959.9880,41160.234,依法申報,是,,
111,33955322,力鵬企業股份有限公司楊梅廠,0002,H4500458,桃園市,楊梅區,桃園市楊梅區新榮路339號,1140,印染整理業,66773.3536,101.6650,297.7318,65.2788,0.0000,0.0000,0.00,22038.4732,89276.502,依法申報,是,,
111,33955322,力鵬企業股份有限公司彰化尼龍總廠,0001,N2904318,彰化縣,芳苑鄉,彰化縣芳苑鄉芳苑工業區工業路33號,1850,人造纖維製造業,48244.7323,91.3225,216.1990,6.0628,0.0000,0.0000,0.00,86968.3770,135526.694,依法申報,是,,
111,27945086,星元電力股份有限公司,0001,N1505633,彰化縣,線西鄉,彰化縣線西鄉慶安南二路2號,3510,電力供應業,1016900.9862,670.4800,540.9892,16.7040,0.0000,0.0000,0.00,1599.8400,1019728.999,依法申報,是,,
111,27790294,誠美材料科技股份有限公司,0001,R90A0401,台南市,善化區,南關里木柵港西路一三號,2649,其他光電材料及元件製造業,15735.8383,96.4375,9.4168,20.1366,0.0000,0.0000,0.00,31082.0400,46943.869,依法申報,是,,
111,27763753,聯合再生能源股份有限公司台南廠,0001,D32A6282,台南市,安南區,臺南市安南區鹽田里本田路二段五一八號,2649,其他光電材料及元件製造業,30.5543,61.8450,761.2112,51.4901,0.0000,0.0000,0.00,31192.1280,32097.229,依法申報,是,,
111,27719048,永豐餘工業用紙股份有限公司新屋廠,0001,H5200215,桃園市,新屋區,永安村永福路281號,1599,未分類其他紙製品製造業,495302.6329,1698.6275,4008.8748,235.9440,0.0000,0.0000,0.00,60678.2321,561924.311,依法申報,是,,
111,33085508,正隆股份有限公司新竹廠,0004,O1702523,新竹市,香山區,新竹市香山區牛埔路308號,1512,紙張製造業,16357.9697,185.6875,79.3276,7.8924,0.0000,0.0000,0.00,11545.7488,28176.626,依法申報,是,,
111,33085508,正隆股份有限公司大園廠,0003,H4700645,桃園市,大園區,桃園市大園區大工路116號,1512,紙張製造業,200197.0823,2653.5025,926.6012,9.7706,0.0000,0.0000,0.00,159103.3622,362890.319,依法申報,是,,
111,33085508,正隆股份有限公司后里分公司,0002,L9200693,台中市,后里區,台中市后里區三豐路三段二號,1512,紙張製造業,770656.9355,8257.5650,3466.3062,94.7159,0.0000,0.0000,0.00,39681.0292,822156.552,依法申報,是,,
111,33085508,正隆股份有限公司竹北廠,0001,J5500366,新竹縣,竹北市,大義里長青路二段300號,1591,家庭及衛生用紙製造業,66371.8142,846.3125,298.5364,55.9156,0.0000,0.0000,0.00,63039.0392,130611.618,依法申報,是,,
111,30974253,台灣石化合成股份有限公司林園廠,0001,S1900694,高雄市,林園區,高雄市林園區工業二路1號,1990,其他化學製品製造業,52264.5507,41.4925,41.3028,1.3250,0.0000,0.0000,0.00,49863.7076,102212.379,依法申報,是,,
111,30955404,金像電子股份有限公司中壢廠,0000,H4304929,桃園市,中壢區,永福里西園路一一三號及一一三之一號,2630,印刷電路板製造業,2637.6520,257.9325,8.4632,791.3812,20950.6500,0.0000,0.00,69914.9880,94561.067,依法申報,是,,
111,30901647,辛耘企業股份有限公司,0001,J59A1577,新竹縣,湖口鄉,新竹工業區中華路16號,2928,電子及半導體生產用機械設備製造業,6.2597,38.7650,0.0894,12.8902,667.3170,0.0000,0.00,9706.7520,10432.073,依法申報,是,,
111,30414175,中國鋼鐵股份有限公司第三冷軋廠,0002,E56A4792,高雄市,小港區,店鎮里嘉興街2號,2413,鋼鐵軋延及擠型業,50357.0637,22.4400,26.7604,0.0000,0.0000,0.0000,0.00,107267.3959,157673.660,依法申報,是,,
111,30414175,中國鋼鐵股份有限公司,0001,E5600841,高雄市,小港區,高雄市小港區中鋼路1號,2411,鋼鐵冶鍊業,18191628.2131,1160.3700,607.1452,4978.9068,0.0000,27.3600,0.00,1274660.5049,19473062.500,依法申報,是,,
111,29058640,環球橡膠股份有限公司小港廠,0001,E56B1498,高雄市,小港區,中林路16、18、20號,1842,合成橡膠製造業,6232.9367,60.2575,2.4734,79.7000,0.0000,0.0000,0.00,94468.5389,100843.907,依法申報,是,,
111,28997300,元晶太陽能科技股份有限公司新竹廠,0001,J59A4937,新竹縣,湖口鄉,新竹縣湖口鄉新竹縣湖口鄉光復北路85、87號,2643,太陽能電池製造業,33.6092,67.0725,5971.5624,3.8200,0.0000,0.0000,0.00,33722.1641,39798.228,依法申報,是,,
111,28730458,餘慶堂興業股份有限公司研磨廠,0001,L02A1943,台中市,龍井區,臺中市龍井區麗水里南堤路八號,2333,水泥製品製造業,15372.6398,8.8500,80.4004,4.8590,0.0000,0.0000,0.00,23736.2400,39202.989,依法申報,是,,
111,28518076,台灣美光記憶體股份有限公司台中三廠,0003,B9205905,台中市,后里區,臺中市后里區三豐路四段三六九號,2611,積體電路製造業,11838.2161,7.3300,5791.0507,3250.9866,15865.7584,111.2184,2319.96,231606.9330,270791.460,依法申報,是,,
111,28518076,台灣美光記憶體股份有限公司台中二廠,0002,B9202664,台中市,后里區,台中市后科南路88號、88-1號,2611,積體電路製造業,2798.2837,4.5800,118.5802,2125.7212,957.7440,246.2400,37.84,183536.4960,189825.485,依法申報,是,,
111,28518076,台灣美光記憶體股份有限公司台中一廠,0001,L9202099,台中市,后里區,台中市后里區台中市后里區三豐路四段369號,2611,積體電路製造業,43631.6642,23.6250,30478.8047,3697.7095,38384.6406,894.2616,7720.46,550505.3692,675336.536,依法申報,是,,
111,28438186,藍海氣體工業股份有限公司台中廠,0001,L91A2566,台中市,梧棲區,台中市梧棲區臺中市梧棲區草湳里南堤路二段八八之一號,1810,基本化學材料製造業,114.1060,2.6725,0.0596,1.8792,0.0000,0.0000,0.00,43057.8720,43176.589,依法申報,是,,
111,28438025,晶兆成科技股份有限公司二廠,0002,J59B2542,新竹縣,湖口鄉,新竹縣湖口鄉文化路20號,2613,半導體封裝及測試業,1.0604,0.0000,0.0000,269.4503,0.0000,0.0000,0.00,29374.8840,29645.395,依法申報,是,,
111,28438025,晶兆成科技股份有限公司一廠,0001,J59A5024,新竹縣,湖口鄉,新竹縣湖口鄉文化路26號,2613,半導體封裝及測試業,3.9552,0.0250,0.0894,1022.5039,0.0000,0.0000,0.00,46106.2800,47132.854,依法申報,是,,
111,28230046,達輝光電股份有限公司,0000,K71A1805,苗栗縣,竹南鎮,苗栗縣竹南鎮科北二路三號,2649,其他光電材料及元件製造業,14684.5261,22.5450,8.2844,1295.8282,0.0000,0.0000,0.00,22973.1480,38984.332,依法申報,是,,
111,28114454,晶成半導體股份有限公司竹科廠,0001,O17M3787,新竹市,東區,力行五路5號1樓,2612,分離式元件製造業,88.5725,28.0025,527.9666,0.0000,1352.6123,23.7316,0.00,5383.5963,7404.482,依法申報,是,,
111,28113286,環球晶圓股份有限公司中德分公司,0003,J6301090,新竹縣,寶山鄉,科學工業園區研新一路2號,2611,積體電路製造業,1428.0739,97.3075,0.7748,11.1764,0.0000,0.0000,0.00,134222.5752,135759.908,依法申報,是,,
111,28113286,環球晶圓股份有限公司竹南廠,0001,K71A7992,苗栗縣,竹南鎮,科中路21號,2699,未分類其他電子零組件製造業,30.0170,20.4775,0.2682,9.6292,0.0000,0.0000,0.00,22145.9040,22206.296,依法申報,是,,
111,28112667,力晶積成電子製造股份有限公司8B,0010,K71A8772,苗栗縣,竹南鎮,苗栗縣竹南鎮科北二路6號,2611,積體電路製造業,3124.0897,18.3300,4.9468,20.9658,522.6599,93.7639,12.48,40104.4565,43901.695,依法申報,是,,
111,28112667,力晶積成電子製造股份有限公司P1/2,0004,O17M3925,新竹市,東區,新竹市科學園區力行一路12號,2611,積體電路製造業,14704.0802,169.3300,8243.5144,3421.2974,8910.7617,4701.5871,949.07,301571.5835,342671.232,依法申報,是,,
111,28112667,力晶積成電子製造股份有限公司P3,0003,O17M3896,新竹市,東區,新竹市東區力行路16-1號,2611,積體電路製造業,5683.5681,29.3925,107.4645,489.9305,8854.2579,2130.4902,66.92,145582.4601,162944.492,依法申報,是,,
111,28112667,力晶積成電子製造股份有限公司8AD,0002,O17K7818,新竹市,東區,篤行一路10號4樓,2611,積體電路製造業,100.1642,1.0625,0.0596,17.3807,93.5736,20.5200,0.00,2954.9486,3187.709,依法申報,是,,
111,28112667,力晶積成電子製造股份有限公司8A,0001,O1753306,新竹市,東區,力行一路18號,2611,積體電路製造業,3373.6850,40.8675,484.6970,1101.6868,14812.7067,7019.4592,369.25,86529.1077,113731.464,依法申報,是,,
111,28112646,新唐科技股份有限公司,0001,O17A0968,新竹市,東區,研新三路4號,2611,積體電路製造業,488.0357,75.7650,1251.2305,11355.3972,10359.4410,12141.0000,601.77,35316.6378,71589.283,依法申報,是,,
111,28098406,易昇鋼鐵股份有限公司官田廠,0003,D9703411,台南市,官田區,南廍里南廍119-5號,2413,鋼鐵軋延及擠型業,23750.7421,18.4850,14.5722,22.5504,0.0000,0.0000,0.00,23543.9978,47350.348,依法申報,是,,
111,28098406,易昇鋼鐵股份有限公司,0001,R14A1883,台南市,永康區,台南市永康區正南一街200號,2411,鋼鐵冶鍊業,20497.4156,25.8275,13.0524,64.5588,0.0000,0.0000,0.00,104926.5360,125527.390,依法申報,是,,
111,28042430,欣建工業股份有限公司,0001,S25A0144,高雄市,橋頭區,芋林路301號,2413,鋼鐵軋延及擠型業,15863.0094,30.4375,10.1320,0.0000,0.0000,0.0000,0.00,14295.7980,30199.377,依法申報,是,,
111,22663158,科德寶遠東股份有限公司,0000,H4701071,桃園市,大園區,桃園市大園區溪海里崙頂三八號,1130,不織布業,3674.0907,16.0250,2.7118,0.0000,0.0000,0.0000,0.00,34423.3227,38116.150,依法申報,是,,
111,20747385,"亞洲聚合股份有限公司 林園廠",0001,S1900596,高雄市,林園區,高雄市林園區工業一路3號,1841,合成樹脂及塑膠製造業,9841.2380,18.5375,0.2384,533.4799,0.0000,0.0000,0.00,98793.3404,109186.834,依法申報,是,,
111,16130009,頎邦科技股份有限公司展業廠,0003,O1747924,新竹市,東區,展業一路10、10-1號,2613,半導體封裝及測試業,33.9972,0.0400,0.1192,218.3569,0.0000,22.8000,0.00,47647.3496,47922.663,依法申報,是,,
111,04226091,台燿科技股份有限公司,0001,J5500491,新竹縣,竹北市,新竹縣竹北市泰和里博愛街八○三號,2630,印刷電路板製造業,19937.1929,100.6225,9.7446,856.9607,0.0000,0.0000,0.00,27722.4790,48627.000,依法申報,是,,
110,20844865,臺灣苯乙烯工業股份有限公司高雄廠,0001,S1900658,高雄市,林園區,高雄市林園區工業一路7號,1820,石油化工原料製造業,330498.18,96.37,1182.94,23.32,0.00,0.00,0.00,33901.95,365702.76,依法申報,是,64000,64000130
110,19084015,臺灣氯乙烯工業股份有限公司林園廠,0001,S1900372,高雄市,林園區,高雄市林園區工業一路1號,1820,石油化工原料製造業,120280.67,62.64,55.88,4.75,0.00,0.00,0.00,78746.65,199150.58,依法申報,是,64000,64000130
110,16847968,艾克爾先進科技股份有限公司,0001,J5905432,新竹縣,湖口鄉,新竹縣湖口鄉光復北路39號,2611,積體電路製造業,152.83,40.09,0.95,0.00,2334.50,0.00,0.00,12058.01,14586.39,依法申報,是,10004,10004050
110,16834268,富喬工業股份有限公司雲林分公司,0002,P48A0851,雲林縣,虎尾鎮,雲林縣虎尾鎮墾地里科虎二路8號,2313,玻璃纖維製造業,37360.38,1374.05,17.88,0.42,0.00,0.00,0.00,43557.37,82310.10,依法申報,是,10009,10009030
110,16834268,富喬工業股份有限公司,0001,P4602758,雲林縣,斗六市,雲林縣斗六市榴南里斗工16路8號,2399,未分類其他非金屬礦物製品製造業,34791.02,1097.76,47.59,1.88,0.00,0.00,0.00,57216.26,93154.51,依法申報,是,10009,10009010
110,16741846,精材科技股份有限公司中壢廠,0003,H4313348,桃園市,中壢區,桃園市中壢區吉林路23號9樓,2699,未分類其他電子零組件製造業,48.37,49.01,0.03,626.02,4785.14,15882.48,227.04,12990.41,34608.51,依法申報,是,68000,68000020
110,16741846,精材科技股份有限公司中壢二廠,0002,H43A2855,桃園市,中壢區,桃園市中壢區自強二路1號、桃園市中壢區自強一路8號,2699,未分類其他電子零組件製造業,160.33,38.42,0.00,850.34,15304.02,34204.56,572.76,15265.36,66395.78,依法申報,是,68000,68000020
110,16741846,精材科技股份有限公司中壢三廠,0001,H43C0794,桃園市,中壢區,桃園市中壢區中壢工業區中園路188號,2699,未分類其他電子零組件製造業,51.09,53.41,0.00,476.66,24.73,0.00,37.84,72314.65,72958.39,依法申報,是,68000,68000020
110,16635562,豐年豐和企業上崙一廠,0001,R1002547,臺南市,仁德區,臺南市仁德區上崙里崑崙路201號,0840,食用油脂製造業,18473.89,10812.95,10.16,2.09,0.00,0.00,0.00,9594.85,38893.94,依法申報,是,67000,67000270
110,16596337,新桃電力股份有限公司,0001,J5601064,新竹縣,關西鎮,新竹縣關西鎮臺電新村66號,3510,電力供應業,986401.22,442.14,524.69,1.07,0.00,182.40,0.00,6433.76,993985.27,依法申報,是,10004,10004040
110,16450500,瀚宇彩晶南科觸控感應器廠,0002,D0301680,臺南市,新市區,臺南市新市區環西路一段8號,2641,液晶面板及其組件製造業,122.16,5.98,0.18,858.00,0.00,0.00,0.00,45936.80,46923.12,依法申報,是,67000,67000200
110,16450500,瀚宇彩晶南科TFT-LCD三廠,0001,R0305156,臺南市,新市區,臺南市新市區南科二路35號,2641,液晶面板及其組件製造業,6938.12,223.64,263.10,161.67,0.00,95462.46,2056.01,219422.25,324527.25,依法申報,是,67000,67000200
110,16432742,凌巨科技股份有限公司八德廠,0002,H49A2429,桃園市,八德區,桃園市八德區和平路1127號,2641,液晶面板及其組件製造業,5750.20,102.34,3.07,0.00,11985.84,141049.92,753.36,89322.51,248967.23,依法申報,是,68000,68000080
110,16138282,合晶科技股份有限公司園區分公司,0002,H50A1985,桃園市,龍潭區,桃園市龍潭區龍園一路100號,2611,積體電路製造業,31.49,58.80,949.46,5.10,3535.51,0.00,0.00,37121.17,41701.51,依法申報,是,68000,68000090
110,16138282,合晶科技股份有限公司,0001,H4503575,桃園市,楊梅區,桃園市楊梅區蘋果路1號,2699,未分類其他電子零組件製造業,1115.04,45.31,516.46,39.85,2198.68,0.00,0.00,29429.16,33344.51,依法申報,是,68000,68000040
110,16130423,宏捷科技股份有限公司南科大利廠,0001,R0301603,臺南市,新市區,臺南市新市區大利一路6號,2611,積體電路製造業,512.21,83.59,18.03,171.72,17759.29,0.00,0.00,17861.22,36406.05,依法申報,是,67000,67000200
110,16096852,和平電力股份有限公司和平火力發電廠,0001,U0100258,花蓮縣,秀林鄉,花蓮縣秀林鄉和平村和工二路七號,3510,電力供應業,7455992.97,39242.10,35112.89,251.11,0.00,0.00,0.00,333.09,7530932.15,依法申報,是,10015,10015110
110,16083358,中華凸版電子股份有限公司,0001,H4903093,桃園市,八德區,桃園市八德區和平路1127之3號,2611,積體電路製造業,118.09,31.83,1.04,9.58,4500.86,4.10,0.00,18905.77,23571.28,依法申報,是,68000,68000080
110,16007423,泰利實業股份有限公司五股廠,0001,F1507182,新北市,五股區,新北市五股區凌雲路2段16號,1140,印染整理業,18306.12,33.43,43.15,0.00,1.43,0.00,0.00,4994.41,23378.54,依法申報,是,65000,65000150
110,15395706,義芳化學工業股份有限公司桃園廠,0001,H4601227,桃園市,蘆竹區,海湖村海湖東路377號,1810,基本化學材料製造業,363352.06,124.76,1664.96,956.40,0.00,0.00,0.00,74123.12,440221.29,依法申報,是,68000,68000050
110,14040691,中美和石油化學股份有限公司臺中廠,0002,L9101748,臺中市,梧棲區,臺中市梧棲區南堤路二段89號,1820,石油化工原料製造業,166725.28,1896.58,39.75,55.03,0.00,72.96,0.00,25767.31,194556.92,依法申報,是,66000,66000140
110,14001199,福懋興業股份有限公司,0001,P4600987,雲林縣,斗六市,雲林縣斗六市榴中里石榴路三一七號,1140,印染整理業,233948.46,1773.49,1026.19,663.01,0.00,0.00,0.00,40562.01,277973.15,依法申報,是,10009,10009010
110,12800750,敦南科技股份有限公司新竹分公司廠,0001,o1745831,新竹市,東區,新竹市東區工業東七路七號,2611,積體電路製造業,35.00,50.03,1874.72,8.20,66585.17,3775.68,443.35,23339.89,96112.02,依法申報,是,10018,10018010
110,12800225,群創光電股份有限公司T6廠,0016,E2902160,高雄市,路竹區,高雄市路竹區路科十路11號B室,2641,液晶面板及其組件製造業,2961.13,38.03,6444.73,225.43,3768.16,1614.24,2511.20,146400.73,163963.64,依法申報,是,64000,64000240
110,12800225,群創光電股份有限公司樹谷分公司,0015,R03A0450,臺南市,新市區,臺南市新市區豐華村8鄰紫楝路21號,2641,液晶面板及其組件製造業,6101.80,66.77,3.13,4859.07,0.00,19001.52,11723.52,413617.84,455373.64,依法申報,是,67000,67000200
110,12800225,群創光電股份有限公司觸控模組廠,0014,D9001225,臺南市,善化區,臺南市善化區南科八路12號B室,2649,其他光電材料及元件製造業,21.28,54.76,0.00,0.00,0.00,0.00,0.00,16881.17,16957.21,依法申報,是,67000,67000190
110,12800225,群創光電股份有限公司觸控南科廠,0012,R90A1716,臺南市,善化區,臺南市善化區南科八路12號(B棟2F),2641,液晶面板及其組件製造業,0.00,0.11,0.00,0.00,0.00,0.00,0.00,2162.96,2163.07,依法申報,是,67000,67000190
110,12800225,群創光電股份有限公司C廠,0011,R90A1469,臺南市,善化區,臺南市善化區南科八路12號(不包含A室、B室),2641,液晶面板及其組件製造業,145.20,31.56,0.21,0.00,0.00,0.00,0.00,29792.02,29968.99,依法申報,是,67000,67000190
110,12800225,群創光電股份有限公司F廠,0010,S29A1607,高雄市,路竹區,高雄市路竹區路科十路11號(不含B室、7FA室),2641,液晶面板及其組件製造業,4957.50,100.47,2.71,2524.78,0.00,15677.28,14453.16,354783.04,392498.94,依法申報,是,64000,64000240
110,12800225,群創光電股份有限公司D廠,0009,R03A1913,臺南市,新市區,臺南科學工業園區臺南市新市區環西路一段3號,2641,液晶面板及其組件製造業,7617.96,291.06,4.29,2355.28,0.00,34902.24,14933.04,696147.30,756251.18,依法申報,是,67000,67000200
110,12800225,群創光電股份有限公司B廠,0008,R03A1894,臺南市,新市區,臺南市新市區環西路二段2號,2641,液晶面板及其組件製造業,7076.78,103.15,776.89,3080.73,0.00,68682.72,3414.20,464928.37,548062.84,依法申報,是,67000,67000200
110,12800225,群創光電股份有限公司A廠,0007,R03A1903,臺南市,新市區,臺南市新市區奇業路1號,2641,液晶面板及其組件製造業,540.24,26.70,456.74,0.00,206.92,15116.40,122.12,60571.21,77040.34,依法申報,是,67000,67000200
110,12800225,群創光電股份有限公司T2廠,0005,K71A1370,苗栗縣,竹南鎮,苗栗縣竹南鎮科學路168號,2641,液晶面板及其組件製造業,3485.74,70.94,189.11,0.00,0.00,13516.04,2541.79,238930.17,258733.78,依法申報,是,10005,10005040
110,73686632,得力實業股份有限公司,0000,R0300606,臺南市,新市區,臺南市新市區三舍里240號,1140,印染整理業,38870.18,31.43,169.12,1.76,0.00,0.00,0.00,33459.15,72531.63,依法申報,是,67000,67000200
110,73252657,統一實業股份有限公司二廠,0001,R1412418,臺南市,永康區,臺南市永康區和平路77號,2549,其他金屬加工處理業,43965.63,57.72,23.66,62.64,0.00,0.00,0.00,85311.65,129421.30,依法申報,是,67000,67000310
110,72065240,官田鋼鐵股份有限公司官田廠,0001,R9701850,臺南市,官田區,臺南市官田區南廍里南廍119-5號,2543,金屬熱處理業,44.27,7.96,0.63,0.00,0.00,0.00,0.00,3084.06,3136.91,依法申報,是,67000,67000100
110,70833553,國光電力股份有限公司,0001,H4810799,桃園市,龜山區,桃園市龜山區南上里北油一區11號,3510,電力供應業,892083.95,424.55,474.39,204.62,0.00,0.00,0.00,2602.01,895789.52,依法申報,是,68000,68000070
110,70783765,星能電力股份有限公司,0001,N1504207,彰化縣,線西鄉,彰化縣彰濱工業區線工南二路二號,3510,電力供應業,1007771.98,508.77,535.92,34.69,0.00,155.04,0.00,3734.02,1012740.42,依法申報,是,10007,10007040
110,70783499,森霸電力股份有限公司,0001,R0503072,臺南市,山上區,臺南市山上區豐德里隙子口66號,3510,電力供應業,2114047.02,999.34,1123.64,35.83,0.00,0.00,0.00,2924.10,2119129.93,依法申報,是,67000,67000220
110,70783006,華亞汽電股份有限公司觀音公用廠,0002,H53A2562,桃園市,觀音區,桃園市觀音區觀音工業區工業七路三號,3510,電力供應業,183580.86,53.72,867.84,6.82,0.00,0.00,0.00,3916.86,188426.09,依法申報,是,68000,68000120
110,70783006,華亞汽電股份有限公司華亞汽電廠,0001,H4810851,桃園市,龜山區,桃園市龜山區文化里華亞一路九八號,3510,電力供應業,2067729.13,560.62,9759.44,8.77,0.00,0.00,0.00,28732.03,2106789.99,依法申報,是,68000,68000070
110,70752257,穩懋半導體股份有限公司龜山廠,0003,H48B0554,桃園市,龜山區,桃園市龜山區山鶯路200-5號,2611,積體電路製造業,1635.36,109.05,201.75,0.00,24566.91,0.00,0.00,46569.43,73082.49,依法申報,是,68000,68000070
110,70752257,穩懋半導體股份有限公司華亞二廠,0002,H4886999,桃園市,龜山區,桃園市龜山區文化里華亞二路358號與科技七路35號及35號2樓、3樓、4樓,2611,積體電路製造業,1228.81,111.10,386.60,1904.98,35646.43,554.04,0.00,50861.48,90693.44,依法申報,是,68000,68000070
110,70752257,穩懋半導體股份有限公司華亞廠,0001,H4806348,桃園市,龜山區,桃園市龜山區文化里科技七路69號,2611,積體電路製造業,957.91,32.40,113.15,89.18,20330.82,0.00,0.00,21029.65,42553.11,依法申報,是,68000,68000070
110,4312878,和益化學工業股份有限公司,0001,s1900283,高雄市,林園區,高雄市林園區石化三路9號,1820,石油化工原料製造業,67240.40,35.48,24.44,128.70,0.00,0.00,0.00,23308.00,90737.01,依法申報,是,64000,64000130
110,4212250,國喬石油化學股份有限公司,0001,S2300429,高雄市,大社區,高雄市大社區興工路4號,1700,石油及煤製品製造業,521316.81,3109.43,2225.70,150.05,0.00,0.00,0.00,14238.97,541040.96,依法申報,是,64000,64000160
110,3795904,臺灣電力股份有限公司塔山發電廠麒麟分廠,0544,W0803559,金門縣,烈嶼鄉,金門縣烈嶼鄉東林1號,3510,電力供應業,13660.06,13.83,32.96,0.00,0.00,0.00,0.00,0.00,13706.85,依法申報,是,09020,09020050
110,3795904,臺灣電力股份有限公司塔山發電廠夏興分廠,0543,W0404930,金門縣,金湖鎮,正義里夏興1號,3510,電力供應業,1985.76,2.01,4.77,0.00,0.00,0.00,0.00,0.00,1992.54,依法申報,是,09020,09020030
110,3795904,臺灣電力股份有限公司塔山發電廠,0391,W0504775,金門縣,金城鎮,金水里西海路一段2號,3510,電力供應業,194622.98,206.88,449.65,96.53,0.00,4.56,0.00,182.81,195563.41,依法申報,是,09020,09020010
110,3795904,臺灣電力股份有限公司尖山發電廠,0390,X0501232,澎湖縣,湖西鄉,尖山村29之2號,3510,電力供應業,277599.83,293.64,636.65,0.00,0.00,0.00,0.00,266.65,278796.76,依法申報,是,10016,10016020
110,3795904,臺灣電力股份有限公司大潭發電廠,0380,H5307960,桃園市,觀音區,大潭里6鄰電廠路1號,3510,電力供應業,10951197.93,4886.81,5819.55,4361.30,0.00,1618.80,0.00,2517.43,10970401.83,依法申報,是,68000,68000120
110,3795904,臺灣電力股份有限公司臺中發電廠,0371,L0200473,臺中市,龍井區,麗水里龍昌路1號,3510,電力供應業,27186703.07,108609.87,127975.00,114.23,0.00,5695.44,0.00,49264.90,27478362.51,依法申報,是,66000,66000250
110,3795904,臺灣電力股份有限公司通霄發電廠,0370,K7000764,苗栗縣,通霄鎮,海濱路1-31號,3510,電力供應業,9960820.13,4503.09,5293.37,921.46,0.00,5068.44,0.00,964.19,9977570.68,依法申報,是,10005,10005030
110,3795904,臺灣電力股份有限公司協和發電廠,0360,C1400170,基隆市,中山區,文化路80號,3510,電力供應業,2438595.61,2430.07,5636.85,99.22,0.00,0.00,0.00,9591.44,2456353.19,依法申報,是,10017,10017050
110,3795904,臺灣電力股份有限公司第二核能發電廠,0351,F2800075,新北市,萬里區,野柳里八斗路60號,3510,電力供應業,29804.15,171.87,76.50,1547.49,0.00,0.00,0.00,7035.51,38635.52,依法申報,是,65000,65000280
110,3795904,臺灣電力股份有限公司興達發電廠,0341,S3200688,高雄市,永安區,鹽田里興達路6號,3510,電力供應業,16137742.92,37759.95,51607.34,124.36,0.00,3328.80,0.00,20261.62,16250824.99,依法申報,是,64000,64000270
110,3795904,臺灣電力股份有限公司大林發電廠,0340,E5600896,高雄市,小港區,鳳森里大林路3號,3510,電力供應業,12961899.10,41769.42,50579.60,673.59,0.00,884.64,0.00,2592.71,13058399.06,依法申報,是,64000,64000110
110,3795904,臺灣電力股份有限公司南部發電廠,0330,E5400878,高雄市,前鎮區,成功二路5號,3510,電力供應業,3160921.87,1423.90,1679.32,114.90,0.00,1557.24,0.00,435.58,3166132.81,依法申報,是,64000,64000090
110,3795904,臺灣電力股份有限公司林口發電廠,0320,F1700736,新北市,林口區,下福里139之1號,3510,電力供應業,14541782.38,56891.15,68337.75,0.00,0.00,766.08,0.00,1188.85,14668966.21,依法申報,是,65000,65000170
110,3795904,臺灣電力股份有限公司珠山發電廠,0125,Z6303328,連江縣,南竿鄉,清水村99之9號,3510,電力供應業,35145.53,41.34,81.32,19.54,0.00,0.00,0.00,0.00,35287.73,依法申報,是,09007,09007010
110,3794905,臺灣糖業股份有限公司小港廠,0001,E5600869,高雄市,小港區,高雄市小港區小港路133號,0893,製糖業,80520.58,107.57,187.50,66.36,0.00,0.00,0.00,2941.34,83823.34,依法申報,是,64000,64000110
110,3707901,臺灣中油股份有限公司石化事業部林園石化廠,0005,S1900710,高雄市,林園區,高雄市林園區石化二路3號,1820,石油化工原料製造業,2108889.06,535.60,552.94,857.49,0.00,0.00,0.00,99430.03,2210265.12,依法申報,是,64000,64000130
110,3707901,臺灣中油股份有限公司煉製事業部桃園煉油廠,0004,H4803507,桃園市,龜山區,桃園市龜山區南上里民生北路一段50號,1700,石油及煤製品製造業,1596974.56,1483.43,701.46,71.07,0.00,0.00,0.00,205823.85,1805054.37,依法申報,是,68000,68000070
110,3707901,臺灣中油股份有限公司煉製事業部大林煉油廠,0003,E5600056,高雄市,小港區,高雄市小港區沿海四路50號,1700,石油及煤製品製造業,2598840.21,502.44,930.24,2342.38,0.00,0.00,0.00,634565.11,3237180.37,依法申報,是,64000,64000110
110,3553737,臺橡股份有限公司高雄廠,0001,S2300438,高雄市,大社區,高雄市大社區三奶里興工路二號,1842,合成橡膠製造業,89037.73,76.49,48.75,746.95,0.00,0.00,0.00,69469.61,159379.54,依法申報,是,64000,64000160
110,3522600,遠東新世紀股份有限公司化學纖維總廠,0005,J5700222,新竹縣,新埔鎮,新竹縣新埔鎮文山路亞東段369及600號,1850,人造纖維製造業,381341.97,386.45,1779.95,0.00,0.00,0.00,0.00,131282.24,514790.61,依法申報,是,10004,10004030
110,3522600,遠東新世紀股份有限公司觀音化纖廠,0003,H5300210,桃園市,觀音區,桃園市觀音區觀音工業區經建六路3號,1850,人造纖維製造業,138352.82,171.55,609.62,0.00,0.00,0.00,0.00,97677.67,236811.66,依法申報,是,68000,68000120
110,3279507,信大水泥股份有限公司南聖湖廠,0001,G3200849,宜蘭縣,蘇澳鎮,宜蘭縣蘇澳鎮聖湖里中山路二段二三五號,2331,水泥製造業,573011.25,70.69,957.89,0.00,0.00,0.00,0.00,44356.30,618396.13,依法申報,是,10002,10002030
110,70750217,和鑫光電股份有限公司南科廠,0001,D9000120,臺南市,善化區,臺南市善化區北園一路7號,2649,其他光電材料及元件製造業,577.49,26.29,30998.35,179.82,7240.72,0.00,808.40,44918.48,84749.54,依法申報,是,67000,67000190
110,70584724,艾杰旭顯示玻璃股份有限公司斗六二廠,0002,P46A0693,雲林縣,斗六市,雲林縣斗六市虎溪里科工八路八號,2311,平板玻璃及其製品製造業,80859.41,112.96,42.91,141.74,0.00,0.00,0.00,152745.61,233902.64,依法申報,是,10009,10009010
110,70552666,臺星科股份有限公司,0001,J6203071,新竹縣,芎林鄉,新竹縣芎林鄉華龍村鹿寮坑176之5號,2699,未分類其他電子零組件製造業,43.60,56.94,0.72,40.28,3771.12,0.00,0.00,28192.90,32105.55,依法申報,是,10004,10004070
110,69771636,威致鋼鐵工業股份有限公司官田廠,0001,R9701341,臺南市,官田區,臺南市官田區南廓村南廓123號,2411,鋼鐵冶鍊業,104585.63,53.97,100.90,10.66,0.00,0.00,0.00,206414.57,311165.73,依法申報,是,67000,67000100
110,68919301,臺南紡織股份有限公司仁德廠,0002,R1001719,臺南市,仁德區,臺南市仁德區中正路二段八六二巷四五號,1113,人造纖維加工絲業,34196.72,863.53,20.65,135.15,0.00,0.00,0.00,26261.96,61478.00,依法申報,是,67000,67000270
110,68387705,奇美實業股份有限公司旭美廠,0002,R10A3047,臺南市,仁德區,開發四路36號,1841,合成樹脂及塑膠製造業,202676.43,201.05,268.14,58.62,0.00,0.00,0.00,35407.32,238611.57,依法申報,是,67000,67000270
110,68387705,奇美實業股份有限公司(仁德廠),0001,R1002065,臺南市,仁德區,文賢里中正路一段398號A棟,1841,合成樹脂及塑膠製造業,166200.90,442.81,313.32,3108.93,0.00,0.00,0.00,283016.56,453082.53,依法申報,是,67000,67000270
110,59504506,正新橡膠工業股份有限公司,0000,N2100552,彰化縣,大村鄉,彰化縣大村鄉美港路215號,2109,其他橡膠製品製造業,29594.56,257.13,43.48,27.41,0.00,0.00,0.00,38972.70,68895.28,依法申報,是,10007,10007130
110,58650902,臺灣化學纖維股份有限公司龍德廠,0010,G3700791,宜蘭縣,冬山鄉,大興村龍祥十路2號,1820,石油化工原料製造業,1302587.49,374.02,5836.66,671.83,0.00,0.00,0.00,136.82,1309606.81,依法申報,是,10002,10002080
110,58650902,臺灣化學纖維股份有限公司麥寮廠,0006,P5801773,雲林縣,麥寮鄉,雲林縣麥寮鄉中興村臺塑工業園區5號及3之1號,1810,基本化學材料製造業,550684.99,242.16,374.23,12284.02,0.00,43.32,0.00,1097523.55,1661152.27,依法申報,是,10009,10009130
110,58650902,臺灣化學纖維股份有限公司海豐廠,0005,P5802092,雲林縣,麥寮鄉,雲林縣麥寮鄉中興村臺塑工業園區23號,1810,基本化學材料製造業,1262462.02,121.26,2.77,6121.18,0.00,79.80,0.00,1959465.51,3228252.55,依法申報,是,10009,10009130
110,58650902,臺灣化學纖維股份有限公司新港廠,0003,Q7100254,嘉義縣,新港鄉,嘉義縣新港鄉中洋村中洋工業區一號,1850,人造纖維製造業,2199255.97,760.64,10197.62,1719.67,0.00,1725.96,0.00,67900.82,2281560.68,依法申報,是,10010,10010070
110,57002416,大鐘印染股份有限公司中壢廠,0001,H4301839,桃園市,中壢區,桃園市中壢區新生路三段741號,1140,印染整理業,33298.79,62.67,134.52,5.43,0.00,0.00,0.00,8135.16,41636.57,依法申報,是,68000,68000020
110,56121907,味丹企業股份有限公司沙鹿第一工廠,0003,L9000666,臺中市,沙鹿區,興安路65號,0896,調味品製造業,67683.90,37.28,271.18,0.00,0.00,15.96,0.00,15676.06,83684.37,依法申報,是,66000,66000130
110,55695790,建順煉鋼股份有限公司,0001,K7000513,苗栗縣,通霄鎮,苗栗縣通霄鎮五北里68-4號,2411,鋼鐵冶鍊業,36483.62,24.36,57.42,314.89,0.00,0.00,0.00,102663.26,139543.56,依法申報,是,10005,10005030
110,55389357,豐興鋼鐵股份有限公司,0001,L9200728,臺中市,后里區,臺中市后里區甲后路702號,2411,鋼鐵冶鍊業,283756.36,123.11,83.83,325.91,0.00,0.00,0.00,558878.95,843168.16,依法申報,是,66000,66000150
110,54796568,東齊染整股份有限公司,0001,H53A6138,桃園市,觀音區,桃園市大堀里新華路二段225-1號,1140,印染整理業,25671.25,24.54,112.82,0.00,0.00,0.00,0.00,6808.89,32617.51,依法申報,是,68000,68000120
110,54393468,美商蘋果電子股份有限公司臺灣分公司,0001,H50A6777,桃園市,龍潭區,龍園十路55號,2649,其他光電材料及元件製造業,360.24,13.03,2392.55,7.07,99.10,146.79,48.89,18891.64,21959.31,依法申報,是,68000,68000090
110,54389725,漢磊科技股份有限公司研發廠,0004,J6300299,新竹縣,寶山鄉,新竹縣寶山鄉新竹科學園區創新一路18號,2611,積體電路製造業,341.57,28.71,788.69,753.16,15049.29,1887.84,295.57,24914.94,44059.77,依法申報,是,10004,10004100
110,54389725,漢磊科技股份有限公司研新廠(元件二廠),0003,O1701115,新竹市,東區,新竹市科學工業園區研新二路5號,2611,積體電路製造業,329.24,11.85,1511.04,1564.26,9507.63,6361.20,591.13,8963.13,28839.49,依法申報,是,10018,10018010
110,54389725,漢磊科技股份有限公司創新廠,0002,J6300146,新竹縣,寶山鄉,新竹縣寶山鄉新竹科學工業園區創新一路3號,2611,積體電路製造業,0.05,9.33,1874.84,524.13,2376.73,410.40,0.00,7875.84,13071.31,依法申報,是,10004,10004100
110,53520959,錦州科技股份有限公司大發廠,0001,E2000554,高雄市,大寮區,高雄市大寮區過溪里華西路8-6號,3530,蒸汽供應業,661154.00,4203.57,3123.67,0.00,0.00,0.00,0.00,1094.55,669575.79,依法申報,是,64000,64000140
110,53170263,聯穎光電股份有限公司竹科廠,0001,J63A1719,新竹縣,寶山鄉,新竹縣寶山鄉創新一路10號,2611,積體電路製造業,702.76,17.40,2655.63,2189.97,9517.27,3283.20,619.20,37877.31,56862.72,依法申報,是,10004,10004100
110,50301500,廣源造紙股份有限公司臺中廠,0001,L8801052,臺中市,大甲區,"臺中市大甲區日南里工一路1、2號、工三路15號及工五路5、7  號",1513,紙板製造業,125510.66,807.04,1375.36,10.76,0.00,0.00,0.00,48425.45,176129.27,依法申報,是,66000,66000110
110,49701774,冠軍建材股份有限公司第二廠,0000,K8201149,苗栗縣,造橋鄉,苗栗縣造橋鄉豐湖村1鄰乳姑山2號,2329,其他陶瓷製品製造業,61186.28,104.35,48.78,7.04,0.00,0.00,0.00,27583.32,88929.78,依法申報,是,10005,10005150
110,47217677,聯華電子股份有限公司Fab12A廠第二廠區,0010,D0302141,臺南市,新市區,臺南市南科三路57號,2611,積體電路製造業,1644.04,14.53,7428.10,92.22,1128.81,5.63,85.77,153922.03,164321.12,依法申報,是,67000,67000200
110,47217677,聯華電子股份有限公司Fab8S廠,0009,J63A0048,新竹縣,寶山鄉,新竹科學工業園區新竹縣研新一路16號,2611,積體電路製造業,1634.93,23.72,4609.61,3670.03,14393.22,5479.87,1286.79,73881.35,104979.52,依法申報,是,10004,10004100
110,47217677,聯華電子股份有限公司Fab8F廠,0008,O1708632,新竹市,東區,新竹市東區力行六路三號,2611,積體電路製造業,3682.24,27.03,2281.18,3149.21,28475.45,3283.20,72.76,85460.69,126431.75,依法申報,是,10018,10018010
110,47217677,聯華電子股份有限公司Fab8E廠,0007,O1706692,新竹市,東區,新竹科學工業園區新竹市東區力行路17號,2611,積體電路製造業,2669.34,26.48,2007.79,7566.39,15398.58,8456.97,3041.27,77982.00,117148.83,依法申報,是,10018,10018010
110,47217677,聯華電子股份有限公司Fab8A廠,0005,O1706209,新竹市,東區,新竹市東區力行二路3、5號,2611,積體電路製造業,3066.45,44.09,4283.89,5318.65,44647.86,50889.60,273.32,119898.35,228422.21,依法申報,是,10018,10018010
110,3244509,亞洲水泥股份有限公司花蓮製造廠,0001,U9400115,花蓮縣,新城鄉,花蓮縣新城鄉新城村新興路125號,2331,水泥製造業,2905021.98,420.44,5493.36,321.53,0.00,0.00,0.00,162336.60,3073593.90,依法申報,是,10015,10015040
110,3084741,中國石油化學工業開發股份有限公司大社廠,0003,S2300410,高雄市,大社區,高雄市大社區經建路1號,1820,石油化工原料製造業,126787.12,57.11,23.57,23.88,0.00,0.00,0.00,23527.68,150419.36,依法申報,是,64000,64000160
110,3084741,中國石油化學工業開發股份有限公司頭份廠,0002,K7201001,苗栗縣,頭份市,苗栗縣頭份鎮中華路517號,1820,石油化工原料製造業,505498.34,186.42,477284.28,0.72,0.00,0.00,0.00,17195.24,1000164.99,依法申報,是,10005,10005050
110,3084741,中國石油化學工業開發股份有限公司小港廠,0001,E5600850,高雄市,小港區,高雄市小港區中林路34號,1810,基本化學材料製造業,185974.67,89.31,457297.39,0.00,0.00,0.00,0.00,152948.74,796310.11,依法申報,是,64000,64000110
110,88121697,東盟開發實業股份有限公司學甲廠,0001,R9100522,臺南市,學甲區,秀昌里5鄰一秀155號,2413,鋼鐵軋延及擠型業,29055.62,42.86,16.93,59.75,0.00,0.00,0.00,37128.09,66303.25,依法申報,是,67000,67000130
110,86871981,潤泰精密材料股份有限公司宜蘭冬山廠,0001,G37A0585,宜蘭縣,冬山鄉,宜蘭縣冬山鄉安平村大安路三五七之一.三五七之二.三五七之三號,2331,水泥製造業,522521.59,90.99,1033.52,0.00,0.00,0.00,0.00,41619.50,565265.61,依法申報,是,10002,10002080
110,86685142,臺灣汽電共生股份有限公司官田廠,0001,R9702160,臺南市,官田區,臺南市官田區工業西路28號,3510,電力供應業,375424.77,854.72,2487.85,36.12,0.00,0.00,0.00,3195.71,381999.17,依法申報,是,67000,67000100
110,86522210,臺塑石化股份有限公司麥寮三廠,0003,P5802430,雲林縣,麥寮鄉,雲林縣麥寮鄉臺塑工業園區17號,1990,其他化學製品製造業,7379113.87,1511.25,18816.88,25.42,0.00,305.52,0.00,46069.40,7445842.34,依法申報,是,10009,10009130
110,86522210,臺塑石化股份有限公司麥寮二廠,0002,P5801728,雲林縣,麥寮鄉,雲林縣麥寮鄉臺塑工業園區8、8-5號,1990,其他化學製品製造業,4504964.90,1145.77,17178.93,314.88,0.00,1092.12,0.00,152024.56,4676721.15,依法申報,是,10009,10009130
110,86522210,臺塑石化股份有限公司麥寮一廠,0001,P5802421,雲林縣,麥寮鄉,雲林縣麥寮鄉臺塑工業園區7、15號,1810,基本化學材料製造業,14484489.99,12769.28,56286.60,535.48,0.00,4170.12,0.00,0.00,14558251.47,依法申報,是,10009,10009130
110,86120031,信昌化學工業股份有限公司林園廠,0001,S1901066,高雄市,林園區,高雄市林園區工業三路九號,1820,石油化工原料製造業,173678.64,65.37,55.01,0.99,0.00,0.00,0.00,98488.56,272288.56,依法申報,是,64000,64000130
110,86119908,中聯資源股份有限公司臺中廠,0009,L02A0301,臺中市,龍井區,臺中市龍井區南堤路2號,2399,未分類其他非金屬礦物製品製造業,31369.41,30.70,147.99,5.43,0.00,0.00,0.00,25096.70,56650.22,依法申報,是,66000,66000250
110,85978401,裕鐵企業股份有限公司岡山三廠,0002,S26A0793,高雄市,燕巢區,高雄市燕巢區安招路639-2號,2544,金屬表面處理業,19696.30,12.12,10.52,0.00,0.00,0.00,0.00,9216.76,28935.69,依法申報,是,64000,64000210
110,85978401,裕鐵企業股份有限公司岡山二廠,0001,S2602473,高雄市,燕巢區,高雄市燕巢區安招里安招路639-1號,2544,金屬表面處理業,41325.66,42.74,21.55,44.06,0.00,0.00,0.00,48840.30,90274.30,依法申報,是,64000,64000210
110,85803825,高雄塑酯化學工業股份有限公司,0001,S2300447,高雄市,大社區,高雄市大社區興工路1號,1820,石油化工原料製造業,75707.21,10.71,0.51,4875.57,0.00,0.00,0.00,21335.40,101929.40,依法申報,是,64000,64000160
110,85793919,龍慶鋼鐵企業股份有限公司,0001,E5600798,高雄市,小港區,高雄市小港區利昌街4號,2413,鋼鐵軋延及擠型業,26761.91,24.49,14.18,15.09,0.00,0.00,0.00,52861.08,79676.75,依法申報,是,64000,64000110
110,85066002,中華紙漿股份有限公司臺東廠,0003,V7500777,臺東縣,臺東市,中興路4段371號,1513,紙板製造業,122818.27,1393.38,747.80,227.98,0.00,0.00,0.00,47929.55,173116.98,依法申報,是,10014,10014010
110,85066002,中華紙漿股份有限公司久堂廠,0001,S2100223,高雄市,大樹區,高雄市大樹區高雄市大樹區久堂里久堂路112號,1512,紙張製造業,434956.66,208.32,2043.65,419.69,0.00,125.40,0.00,21595.44,459349.17,依法申報,是,64000,64000150
110,84613756,中龍鋼鐵股份有限公司,0001,L0200633,臺中市,龍井區,臺中市龍井區麗水里龍昌路100號,2411,鋼鐵冶鍊業,9443812.43,644.82,68.03,1409.18,0.00,0.00,0.00,166104.02,9612038.48,依法申報,是,66000,66000250
110,84570243,翔新企業股份有限公司,0001,H4204264,桃園市,桃園區,興邦路43巷1號,1140,印染整理業,22654.65,792.30,136.22,5.85,0.00,0.00,0.00,4209.02,27798.03,依法申報,是,68000,68000010
110,84526079,大園汽電共生股份有限公司,0001,H4702336,桃園市,大園區,北港村港仔嘴２之６號,3510,電力供應業,579552.53,174.95,2326.75,0.00,0.00,114.00,0.00,6774.99,588943.23,依法申報,是,68000,68000060
110,84252697,榮剛材料科技股份有限公司新營廠,0000,R8400827,臺南市,新營區,臺南市新營區新中路35號,2411,鋼鐵冶鍊業,70572.68,135.34,88.68,12.67,0.00,0.00,0.00,70155.50,140964.87,依法申報,是,67000,67000010
110,84149738,友達光電股份有限公司后里廠,0008,L92A0931,臺中市,后里區,臺中市后里區馬場路1號,2641,液晶面板及其組件製造業,6470.68,153.26,71.04,283.14,0.00,27.94,112.90,342857.56,349976.53,依法申報,是,66000,66000150
110,84149738,友達光電股份有限公司桃園分公司,0007,H5002362,桃園市,龍潭區,桃園市龍潭區三和里新和路1號,2641,液晶面板及其組件製造業,7152.76,109.60,55.30,1105.29,0.00,665.01,47.92,224950.37,234086.23,依法申報,是,68000,68000090
110,84149738,友達光電股份有限公司,0006,H4888493,桃園市,龜山區,桃園市龜山區文化里華亞二路189號,2649,其他光電材料及元件製造業,5960.02,50.20,18.48,309.50,841.26,840.14,2.92,250051.17,258073.69,依法申報,是,68000,68000070
110,84149738,友達光電股份有限公司臺中廠,0005,B2313780,臺中市,西屯區,臺中市西屯區中部科學園區中科路1號,2641,液晶面板及其組件製造業,14490.24,413.00,88.95,858.00,0.00,4629.83,497.66,1008566.64,1029544.32,依法申報,是,66000,66000060
110,84149738,友達光電股份有限公司龍科廠,0004,H5008211,桃園市,龍潭區,桃園市龍潭區龍科街228號,2641,液晶面板及其組件製造業,8684.43,61.02,7.87,601.39,0.00,1030.13,315.78,289419.32,300119.94,依法申報,是,68000,68000090
110,84149738,友達光電股份有限公司L5廠,0003,O1707395,新竹市,東區,新竹市東區力行路23號,2641,液晶面板及其組件製造業,809.18,16.13,0.87,0.00,51.08,165.47,19.68,42714.67,43777.08,依法申報,是,10018,10018010
110,84149738,友達光電總部/友達光電股份有限公司L3B廠,0002,O1709193,新竹市,東區,新竹市東區力行二路1號,2641,液晶面板及其組件製造業,530.30,75.38,42.26,0.00,16.41,118.33,758.00,18464.28,20004.95,依法申報,是,10018,10018010
110,84149358,世界先進積體電路股份有限公司晶圓三廠,0003,H46B0495,桃園市,蘆竹區,桃園市蘆竹區長興里14鄰長榮路168號,2611,積體電路製造業,194.48,45.83,7376.60,4887.08,33417.92,8208.00,4472.70,191557.12,250159.72,依法申報,是,68000,68000050
110,84149358,世界先進積體電路股份有限公司晶圓二廠,0002,O1751197,新竹市,東區,新竹市東區力行路九號,2611,積體電路製造業,2631.67,59.47,18430.29,5245.73,60098.82,2494.52,1013.08,139155.09,229128.66,依法申報,是,10018,10018010
110,84149358,世界先進積體電路股份有限公司晶圓一廠,0001,J6300959,新竹縣,寶山鄉,新竹縣寶山鄉園區三路一二三號,2611,積體電路製造業,1588.56,76.87,11097.64,8175.66,58642.60,15917.07,2504.19,116715.77,214718.37,依法申報,是,10004,10004100
110,80629340,九滎股份有限公司瓊林廠,0000,F0622537,新北市,新莊區,新北市新莊區瓊林南路301巷2號,1140,印染整理業,10025.34,4.61,5.99,0.00,0.00,0.00,0.00,3920.22,13956.16,依法申報,是,65000,65000050
110,80601119,采鈺科技股份有限公司,0001,O1749526,新竹市,東區,新竹市東區篤行一路十二號,2699,未分類其他電子零組件製造業,1970.62,111.08,1.28,584.72,2144.09,49.25,2860.74,36560.09,44281.86,依法申報,是,10018,10018010
110,80354671,慶欣欣鋼鐵股份有限公司,0001,N1601229,彰化縣,伸港鄉,彰化縣伸港鄉溪底村全興工業區工西二路二號,2599,未分類其他金屬製品製造業,142316.21,39.47,31.59,0.29,0.00,0.00,0.00,229822.05,372209.60,依法申報,是,10007,10007050
110,80353271,臺灣美光晶圓科技股份有限公司二廠,0002,H4888582,桃園市,龜山區,桃園市龜山區文化村華亞五路2、6號,2611,積體電路製造業,10899.59,34.67,33319.44,2506.58,15464.77,627.93,4968.13,648134.36,715955.47,依法申報,是,68000,68000070
110,47217677,聯華電子股份有限公司Fab12A廠,0003,R0304131,臺南市,新市區,臺南市新市區南科二路18、20號,2611,積體電路製造業,17708.52,127.73,32387.79,3514.10,16609.22,1326.33,703.12,419393.34,491770.16,依法申報,是,67000,67000200
110,20939460,立安東化工股份有限公司三義廠,0001,k8000366,苗栗縣,三義鄉,鯉魚潭村鯉魚口99號,1810,基本化學材料製造業,84346.29,49.79,266.83,22.55,0.00,0.00,0.00,17289.88,101975.34,依法申報,是,10005,10005130
110,12800225,群創光電股份有限公司T3廠,0004,K71A2695,苗栗縣,竹南鎮,苗栗縣竹南鎮科中路12號,2641,液晶面板及其組件製造業,2126.83,34.68,3267.58,0.00,218.94,8750.54,448.62,93876.31,108723.50,依法申報,是,10005,10005040
110,12800225,群創光電股份有限公司T1廠,0001,K7104025,苗栗縣,竹南鎮,苗栗縣竹南鎮科學路160號,2641,液晶面板及其組件製造業,2364.07,91.21,6.05,0.00,2.07,4438.79,718.84,135093.73,142714.75,依法申報,是,10005,10005040
110,12745455,源鋼企業股份有限公司,0000,E56A7340,高雄市,小港區,高雄市小港區大業南路54號,2413,鋼鐵軋延及擠型業,25703.95,43.49,59.45,15.93,0.00,0.00,0.00,10637.97,36460.79,依法申報,是,64000,64000110
110,12691423,臺合科技股份有限公司,0001,E1901105,高雄市,林園區,高雄市林園區溪洲里工業二路1-1號,1990,其他化學製品製造業,92544.24,904.15,422.27,0.00,0.00,0.00,0.00,5036.72,98907.37,依法申報,是,64000,64000130
110,12617727,曜智實業股份有限公司嘉義廠,0001,Q76A0767,嘉義縣,太保市,嘉義縣太保市過溝里嘉太工業區中興路11號,1140,印染整理業,23748.94,58.66,110.89,23.47,0.00,0.00,0.00,5630.40,29572.35,依法申報,是,10010,10010010
110,12529007,環泰企業股份有限公司南崁廠,0001,H4602313,桃園市,蘆竹區,桃園市蘆竹區南青路1156巷75號,0893,製糖業,23298.95,3045.52,116.70,18.56,0.00,0.00,0.00,4490.78,30970.50,依法申報,是,68000,68000050
110,12233428,大連化學工業股份有限公司大發廠,0003,S2005652,高雄市,大寮區,高雄市大寮區過溪里華西路8-1號,1810,基本化學材料製造業,114315.91,50.39,28.22,2444.50,0.00,0.00,0.00,794447.08,911286.09,依法申報,是,64000,64000140
110,12233428,大連化學工業股份有限公司高雄廠,0002,S2300465,高雄市,大社區,高雄市大社區興工路1-3號,1810,基本化學材料製造業,29661.49,25.36,10.37,3629.62,0.00,0.00,0.00,60828.36,94155.20,依法申報,是,64000,64000160
110,11914002,臺灣玻璃工業股份有限公司鹿港平板廠,0006,N08A1098,彰化縣,鹿港鎮,彰化縣鹿港鎮彰化縣鹿港鎮鹿工路11號,2311,平板玻璃及其製品製造業,131075.88,101.86,211.40,14.86,0.00,0.00,0.00,16292.81,147696.80,依法申報,是,10007,10007020
110,11914002,臺灣玻璃工業股份有限公司臺中廠平板三場,0005,L9100563,臺中市,梧棲區,臺中市梧棲區自立三街220號,2311,平板玻璃及其製品製造業,39980.43,48.31,81.35,193.91,0.00,0.00,0.00,23938.47,64242.48,依法申報,是,66000,66000140
110,11914002,臺灣玻璃工業股份有限公司臺中廠,0004,L9100198,臺中市,梧棲區,臺中市梧棲區自強路377號,2311,平板玻璃及其製品製造業,101119.19,110.39,179.43,4.12,0.00,0.00,0.00,19216.38,120629.51,依法申報,是,66000,66000140
110,11914002,臺灣玻璃工業股份有限公司新竹廠,0003,O1703351,新竹市,香山區,新竹市香山區中華路四段470號,2312,玻璃容器製造業,123779.81,223.36,220.16,107.34,0.00,0.00,0.00,44627.49,168958.16,依法申報,是,10018,10018030
110,11914002,臺灣玻璃工業股份有限公司鹿港廠,0002,N0803765,彰化縣,鹿港鎮,鹿工路11號,2313,玻璃纖維製造業,40843.54,154.26,21.72,1147.22,0.00,0.00,0.00,94003.01,136169.76,依法申報,是,10007,10007020
110,11914002,臺灣玻璃工業股份有限公司桃園廠,0001,H5300916,桃園市,觀音區,桃園市觀音區樹林村經建五路1號,2313,玻璃纖維製造業,41345.33,93.49,21.75,2675.02,0.00,0.00,0.00,63459.68,107595.26,依法申報,是,68000,68000120
110,11913502,臺灣水泥股份有限公司蘇澳廠,0003,G3200778,宜蘭縣,蘇澳鎮,宜蘭縣蘇澳鎮永昌路46號,2331,水泥製造業,1130781.40,128.90,1835.44,10.44,0.00,0.00,0.00,63810.11,1196566.30,依法申報,是,10002,10002030
110,11913502,臺灣水泥股份有限公司花蓮廠,0002,U9100978,花蓮縣,花蓮市,花蓮縣花蓮市民孝里華東103號,2331,水泥製造業,0.69,1.14,0.03,0.00,0.00,0.00,0.00,983.39,985.24,依法申報,是,10015,10015010
110,11913502,臺灣水泥股份有限公司和平分公司和平廠,0001,U0100187,花蓮縣,秀林鄉,花蓮縣秀林鄉和平村和平263號,2331,水泥製造業,3658075.76,379.88,6079.89,4.06,0.00,0.00,0.00,150669.15,3815208.73,依法申報,是,10015,10015110
110,11686106,華夏海灣塑膠股份有限公司頭份廠,0001,K7200933,苗栗縣,頭份市,民族路五七一號,1810,基本化學材料製造業,48048.01,79.53,176.71,0.00,0.00,0.00,0.00,90796.64,139100.90,依法申報,是,10005,10005050
110,11384806,長春石油化學股份有限公司苗栗二廠,0004,K6801123,苗栗縣,苗栗市,苗栗縣苗栗市文聖里文山245號,1810,基本化學材料製造業,106193.83,95.68,43.63,4845.71,0.00,0.00,0.00,1152321.44,1263500.28,依法申報,是,10005,10005010
110,11384806,"長春石油化學股份有限公司 苗栗廠",0002,K6801089,苗栗縣,苗栗市,苗栗縣苗栗市福安里福星246、246-3號,1990,其他化學製品製造業,1395645.19,2151.12,6580.70,544.70,0.00,0.00,0.00,75972.53,1480894.24,依法申報,是,10005,10005010
110,11384806,長春石油化學股份有限公司大發廠,0001,S2001314,高雄市,大寮區,高雄市大寮區建業路11號,3530,蒸汽供應業,592950.90,3681.72,2792.98,0.00,0.00,0.00,0.00,11363.32,610788.92,依法申報,是,64000,64000140
110,11384708,長春人造樹脂廠股份有限公司大發二廠,0005,S2015916,高雄市,大寮區,高雄市大寮區華西路6號,1820,石油化工原料製造業,79583.02,2347.86,0.00,0.00,0.00,0.00,0.00,331172.37,413103.24,依法申報,是,64000,64000140
110,11384708,長春人造樹脂廠股份有限公司大發廠,0004,S2005081,高雄市,大寮區,高雄市大寮區華西路8號,1810,基本化學材料製造業,338843.73,2304.29,1557.68,3.35,0.00,31.92,0.00,275032.75,617773.72,依法申報,是,64000,64000140
110,11384708,長春人造樹脂廠股份有限公司高雄廠,0003,S2201092,高雄市,仁武區,高雄市仁武區工業一路8、12、14號,1841,合成樹脂及塑膠製造業,30504.80,607.13,20.03,4.79,0.00,0.00,0.00,84247.23,115383.97,依法申報,是,64000,64000170
110,11384708,長春人造樹脂新竹廠,0001,J5901658,新竹縣,湖口鄉,新竹縣湖口鄉鳳山村中華路8號,1841,合成樹脂及塑膠製造業,361163.76,230.15,1628.09,789.94,0.00,0.00,0.00,17956.50,381768.45,依法申報,是,10004,10004050
110,11083148,東華合纖股份有限公司l新竹廠,0001,J5500526,新竹縣,竹北市,新竹縣竹北市泰和里125號,1850,人造纖維製造業,9.25,4.46,0.00,0.00,0.00,0.00,0.00,786.41,800.12,依法申報,是,10004,10004010
110,7838854,中鴻鋼鐵股份有限公司熱軋廠,0001,S1602102,高雄市,岡山區,高雄市岡山區嘉興里興隆街五七六、之一、之二、之三、之五號,2413,鋼鐵軋延及擠型業,147556.08,112.63,84.75,2.58,0.00,0.00,0.00,122174.81,269930.86,依法申報,是,64000,64000190
110,7663290,力麗企業股份有限公司彰化化纖總廠,0001,N2902234,彰化縣,芳苑鄉,彰化縣芳苑鄉後寮村工業路38號,1850,人造纖維製造業,129118.54,587.77,565.93,4.46,0.00,0.00,0.00,61173.79,191450.49,依法申報,是,10007,10007230
110,7620770,新瑞倡企業股份有限公司桃園廠,0001,H4802662,桃園市,龜山區,桃園市龜山區舊路里東舊路街100號,1140,印染整理業,24028.04,16.78,113.81,0.00,0.00,0.00,0.00,5135.85,29294.46,依法申報,是,68000,68000070
110,7568009,環球水泥股份有限公司海湖石膏板廠,0002,H4604488,桃園市,蘆竹區,桃園市蘆竹區海山中街18號,2393,石膏製品製造業,27387.41,27.79,93.87,0.00,0.00,0.00,0.00,5484.98,32994.05,依法申報,是,68000,68000050
110,7472834,新隆纖維染整股份有限公司桃園廠,0001,H4202215,桃園市,桃園區,桃園市桃園區春日路1733巷8號,1140,印染整理業,30718.30,42.90,145.57,1.81,0.00,0.00,0.00,6959.68,37868.27,依法申報,是,68000,68000010
110,7435515,新光合成纖維股份有限公司中壢廠,0002,H5100952,桃園市,平鎮區,桃園市平鎮區廣仁里延平路三段二二三號,1113,人造纖維加工絲業,110693.01,275.69,257.98,1061.18,0.00,0.00,0.00,179598.31,291886.16,依法申報,是,68000,68000100
110,7407200,富順纖維工業股份有限公司觀音廠,0001,H5301548,桃園市,觀音區,桃園市觀音區白玉里中興路200號,1140,印染整理業,31741.34,194.05,150.76,6.66,0.00,0.00,0.00,6938.62,39031.42,依法申報,是,68000,68000120
110,7205416,東明纖維工業股份有限公司蘆竹廠,0001,H4605609,桃園市,桃園區,內厝里長興路三段219巷13號,1140,印染整理業,26315.39,23.15,124.56,1.40,0.00,0.00,0.00,3798.97,30263.47,依法申報,是,68000,68000010
110,80353271,臺灣美光晶圓科技股份有限公司一廠,0001,H4889454,桃園市,龜山區,桃園市龜山區文化村復興三路667號、669號及科技八路五號,2611,積體電路製造業,15243.43,77.74,57490.10,8259.36,27789.30,4479.87,8587.42,325369.54,447296.75,依法申報,是,68000,68000070
110,79837539,盛餘股份有限公司,0001,E5600565,高雄市,小港區,高雄市小港區中林路11號,2544,金屬表面處理業,30159.49,30.02,20.03,106.14,0.00,515.28,0.00,57141.35,87972.30,依法申報,是,64000,64000110
110,79254702,協勝發鋼鐵廠股份有限公司,0001,E5600332,高雄市,小港區,店鎮里光陽街七號,2411,鋼鐵冶鍊業,88302.09,56.84,24.85,2.51,0.00,0.00,0.00,203767.46,292153.74,依法申報,是,64000,64000110
110,75947936,燁輝企業股份有限公司高雄一廠,0001,S2500536,高雄市,橋頭區,高雄市橋頭區芋寮路369號,2544,金屬表面處理業,68987.67,113.27,44.49,11.15,0.00,0.00,0.00,75099.08,144255.66,依法申報,是,64000,64000200
110,75708007,臺灣塑膠工業股份有限公司林園廠,0008,S1900685,高雄市,林園區,高雄市林園區石化一路1號,1810,基本化學材料製造業,673229.66,315.01,2711.44,686.16,0.00,136.80,0.00,117960.95,795040.03,依法申報,是,64000,64000130
110,75708007,臺灣塑膠工業股份有限公司冬山廠,0006,G3700880,宜蘭縣,冬山鄉,宜蘭縣冬山鄉東福路201號,2392,石灰製造業,154216.70,33.20,248.77,0.00,0.00,0.00,0.00,15014.07,169512.75,依法申報,是,10002,10002080
110,75708007,臺灣塑膠工業股份有限公司仁武廠,0005,S2201109,高雄市,仁武區,高雄市仁武區水管路一○○號,1810,基本化學材料製造業,2514495.47,945.41,11209.66,2439.02,0.00,243.96,0.00,73335.09,2602668.60,依法申報,是,64000,64000170
110,75708007,臺灣塑膠工業股份有限公司麥寮廠,0002,P5801602,雲林縣,麥寮鄉,雲林縣麥寮鄉雲林縣麥寮鄉中興村臺塑工業園區一號,1990,其他化學製品製造業,462824.00,381.26,353.58,14422.93,0.00,223.44,0.00,3866387.40,4344592.62,依法申報,是,10009,10009130
110,75688109,漢泰鋼鐵股份有限公司,0001,E5601080,高雄市,小港區,高雄市小港區世全路4號,2413,鋼鐵軋延及擠型業,32458.03,25.89,19.82,3.83,0.00,0.00,0.00,15809.34,48316.91,依法申報,是,64000,64000110
110,75470524,海光企業股份有限公司嘉興鋼鐵廠,0002,E5602952,高雄市,小港區,高雄市小港區嘉興街5號,2413,鋼鐵軋延及擠型業,31065.31,28.42,16.87,0.00,0.00,0.00,0.00,33969.03,65079.62,依法申報,是,64000,64000110
110,75470524,海光企業股份有限公司,0001,E5600501,高雄市,小港區,高雄市小港區沿海二路12號,2411,鋼鐵冶鍊業,30374.92,32.43,16.75,32.16,0.00,0.00,0.00,101998.71,132454.96,依法申報,是,64000,64000110
110,75460005,唐榮鐵工廠股份有限公司,0001,E5601197,高雄市,小港區,高雄市小港區沿海二路4號,2411,鋼鐵冶鍊業,53329.71,48.38,27.65,0.00,0.00,0.00,0.00,98343.26,151749.00,依法申報,是,64000,64000110
110,75370905,南亞塑膠工業股份有限公司新港廠,9501,Q7100272,嘉義縣,新港鄉,嘉義縣新港鄉嘉義縣新港鄉中洋村中洋工業區2號,2201,塑膠皮、板、管材製造業,44875.53,332.00,26.73,2433.88,0.00,0.00,0.00,973018.59,1020686.73,依法申報,是,10010,10010070
110,75370905,南亞塑膠工業股份有限公司樹林廠,9500,F0701702,新北市,樹林區,味王街55號,1841,合成樹脂及塑膠製造業,385864.77,229.92,1750.18,1088.39,0.00,0.00,0.00,3022.24,391955.50,依法申報,是,65000,65000070
110,75370905,南亞塑膠工業股份有限公司嘉義廠,9400,Q7600375,嘉義縣,太保市,嘉義縣太保市南新里北港路二段201號,2201,塑膠皮、板、管材製造業,330174.23,182.52,1554.25,130.98,0.00,0.00,0.00,5223.56,337265.54,依法申報,是,10010,10010010
110,75370905,南亞塑膠工業股份有限公司錦興廠,9221,H4601398,桃園市,蘆竹區,南崁路一段336號,2399,未分類其他非金屬礦物製品製造業,788396.33,227.09,3724.34,0.84,0.00,0.00,0.00,16960.69,809309.29,依法申報,是,68000,68000050
110,75370905,南亞塑膠工業股份有限公司林口二廠,9220,F1600491,新北市,泰山區,南林路102號,1841,合成樹脂及塑膠製造業,49405.07,171.61,117.20,907.53,0.00,0.00,0.00,113925.10,164526.52,依法申報,是,65000,65000160
110,75370905,南亞塑膠工業股份有限公司工三廠,5G00,H4801478,桃園市,龜山區,文明路6號,1850,人造纖維加工絲業,168681.11,275.19,308.31,3432.63,0.00,0.00,0.00,284728.62,457425.85,依法申報,是,68000,68000070
110,75370905,南亞塑膠工業股份有限公司麥寮總廠,0002,P5801513,雲林縣,麥寮鄉,臺塑工業園區2號,1810,基本化學材料製造業,328634.70,172.07,194.06,738.10,0.00,18.24,0.00,954754.42,1284511.58,依法申報,是,10009,10009130
110,75370905,南亞塑膠工業股份有限公司海豐總廠,0001,P5805244,雲林縣,麥寮鄉,臺塑工業園區42號,1820,基本化學材料製造業,349363.84,72.88,37.97,13061.27,0.00,11.40,0.00,1215224.43,1577771.78,依法申報,是,10009,10009130
110,27719048,永豐餘工業用紙股份有限公司新屋廠,0001,H5200215,桃園市,新屋區,桃園市新屋區永安里永福路281、306號,1599,未分類其他紙製品製造業,629492.79,1747.03,4637.18,707.83,0.00,0.00,0.00,49514.83,686099.66,依法申報,是,68000,68000110
110,27208480,尚承鋼鐵股份有限公司,0001,E56A2617,高雄市,小港區,高雄市小港區龍鳳里大業南路7號,2413,鋼鐵軋延及擠型業,108889.04,48.18,58.32,0.00,0.00,0.00,0.00,90279.44,199274.98,依法申報,是,64000,64000110
110,24548079,臺灣科慕股份有限公司觀音廠,0001,H53A6653,桃園市,觀音區,成功路二段566號,1810,基本化學材料製造業,134180.12,47.31,17.76,700.03,0.00,0.00,0.00,174411.84,309357.06,依法申報,是,68000,68000120
110,23531178,合興石化工業股份有限公司林園廠,0001,S1901002,高雄市,林園區,高雄市林園區石化二路2號,1990,其他化學製品製造業,29232.25,23.92,36.95,0.00,0.00,0.00,0.00,33459.37,62752.50,依法申報,是,64000,64000130
110,23528103,敦南科技股份有限公司基隆廠,0001,C1500291,基隆市,安樂區,基隆市安樂區武訓街28-1號,2699,未分類其他電子零組件製造業,15.27,33.08,54.12,154.23,0.00,0.00,0.00,9637.00,9893.69,依法申報,是,10017,10017060
110,23218395,燁聯鋼鐵股份有限公司,0001,S1601990,高雄市,岡山區,高雄市岡山區興隆街600號,2411,鋼鐵冶鍊業,297470.55,299.76,161.96,207.91,0.00,0.00,0.00,407616.60,705756.77,依法申報,是,64000,64000190
110,23145632,帆宣系統科技股份有限公司,0001,J5909823,新竹縣,湖口鄉,新竹縣湖口鄉光復南路35號,2928,電子及半導體生產用機械設備製造業,12.59,9.27,0.45,0.00,25.07,0.00,0.00,817.73,865.11,依法申報,是,10004,10004050
110,22822748,聯成鋼鐵股份有限公司桃園廠,0001,H5200617,桃園市,新屋區,桃園市新屋區石磊里4鄰中華路996號,2411,鋼鐵冶鍊業,31267.96,17.36,8.91,5.03,0.00,0.00,0.00,66811.75,98111.01,依法申報,是,68000,68000110
110,22817999,宏遠興業股份有限公司,0001,R0500240,臺南市,山上區,臺南市山上區明和里256號,1140,印染整理業,75193.29,295.85,347.44,93.96,0.00,0.00,0.00,63489.51,139420.06,依法申報,是,67000,67000220
110,22663571,福隆玻璃纖維股份有限公司,0001,Q6901613,嘉義縣,民雄鄉,嘉義縣民雄鄉民雄工業區中華路89號,2399,未分類其他非金屬礦物製品製造業,22918.69,42.01,11.41,183.37,0.00,0.00,0.00,31986.78,55142.26,依法申報,是,10010,10010050
110,22662355,臺灣必成股份有限公司新港廠,0001,Q7100245,嘉義縣,新港鄉,嘉義縣新港鄉中洋村中洋工業區2之1號,2313,玻璃纖維製造業,68253.08,117.55,83.02,400.40,0.00,0.00,0.00,188720.35,257574.41,依法申報,是,10010,10010070
110,7066907,中國人造纖維股份有限公司高雄總廠,0001,S2300401,高雄市,大社區,高雄市大社區經建路八號,1810,基本化學材料製造業,426898.92,188.48,1804.00,386.25,0.00,0.00,0.00,13586.31,442863.97,依法申報,是,64000,64000160
110,4748660,聯成化學科技股份有限公司林園廠,0001,S1900612,高雄市,林園區,高雄市林園區溪州里工業2路3號,1820,石油化工原料製造業,26668.00,1954.94,3.73,1.14,0.00,0.00,0.00,11081.87,39709.68,依法申報,是,64000,64000130
110,4388145,臺灣康寧顯示玻璃股份有限公司,0003,B2311535,臺中市,西屯區,臺中市西屯區科園路1號,2311,平板玻璃及其製品製造業,39024.58,250.36,16.81,2861.43,0.00,0.00,0.00,338021.61,380174.79,依法申報,是,66000,66000060
110,4380087,合眾紙業股份有限公司林內廠,0001,P5500191,雲林縣,林內鄉,雲林縣林內鄉林中村瑞農六五號,1512,紙張製造業,36268.27,61.36,163.10,1.55,0.00,0.00,0.00,28399.55,64893.82,依法申報,是,10009,10009100
110,89397503,臺鹽實業股份有限公司通霄精鹽廠,0001,K7000504,苗栗縣,通霄鎮,苗栗縣通霄鎮內島里122號,0897,調理食品製造業,22810.35,43.34,12.84,30.76,0.00,0.00,0.00,969.94,23867.23,依法申報,是,10005,10005030
110,89390656,南亞科技股份有限公司三廠,0002,F1606662,新北市,泰山區,新北市泰山區大科里南林路98號及115號,2611,積體電路製造業,10982.95,117.08,1818.31,2927.53,18259.76,1034.25,21269.52,378740.89,435150.28,依法申報,是,65000,65000160
110,75280209,東和鋼鐵企業股份有限公司高雄廠,0002,E5600369,高雄市,小港區,高雄市小港區嘉興街八號,2413,鋼鐵軋延及擠型業,27095.69,42.88,19.94,35.80,0.00,0.00,0.00,16544.88,43739.19,依法申報,是,64000,64000110
110,75280209,東和鋼鐵企業股份有限公司苗栗廠,0001,K8100129,苗栗縣,西湖鄉,二湖村坪頂22號,2411,鋼鐵冶鍊業,116924.11,96.37,69.05,3.67,0.00,118.56,0.00,296515.71,413727.47,依法申報,是,10005,10005140
110,22474430,獻麒紡織工業股份有限公司,0001,N1601854,彰化縣,伸港鄉,全興工業區工八路9號,1140,印染整理業,23151.93,31.48,112.38,2.86,0.00,0.00,0.00,5387.05,28685.70,依法申報,是,10007,10007050
110,22327037,永豐餘消費品實業股份有限公司清水廠,0001,L8900676,臺中市,清水區,臺中市清水區海風里舊庄路258號,1591,家庭及衛生用紙製造業,43110.17,288.37,313.14,0.57,0.00,0.00,0.00,29739.24,73451.49,依法申報,是,66000,66000120
110,22318678,亞東石化股份有限公司觀音二廠,0002,H53A3580,桃園市,觀音區,桃園市觀音區桃園市觀音區樹林里工業七路2號,1810,基本化學材料製造業,202606.10,83.07,66.60,0.00,0.00,0.00,0.00,79330.70,282086.47,依法申報,是,68000,68000120
110,22318678,亞東石化股份有限公司,0001,H5300078,桃園市,觀音區,桃園市觀音區經建四路47號,1820,石油化工原料製造業,63256.64,29.46,19.01,57.96,0.00,0.00,0.00,36242.43,99605.50,依法申報,是,68000,68000120
110,22267777,大統新創股份有限公司,0001,H4600551,桃園市,蘆竹區,桃園市蘆竹區桃園市蘆竹區榮安路9號,1140,印染整理業,35493.99,61.42,170.52,2.54,0.00,0.00,0.00,6419.51,42147.97,依法申報,是,68000,68000050
110,22099890,元太科技工業股份有限公司,0001,O1706049,新竹市,東區,"新竹市東區科學工業園區力行一路 3 號",2641,液晶面板及其組件製造業,21.33,18.97,12.12,0.00,0.00,124.49,18.11,14718.57,14913.60,依法申報,是,10018,10018010
110,22099548,旺宏電子股份有限公司晶圓一廠,0010,O1704787,新竹市,東區,新竹市東區研新三路3號,2611,積體電路製造業,404.69,0.18,234.85,407.51,7336.21,2257.20,118.90,17058.73,27818.28,依法申報,是,10018,10018010
110,22099548,旺宏電子股份有限公司晶圓五廠,0005,O17A6887,新竹市,東區,新竹市東區力行路19號,2611,積體電路製造業,2787.85,87.61,6443.42,9017.30,31807.10,5520.84,26347.50,134804.86,216816.48,依法申報,是,10018,10018010
110,22099548,旺宏電子股份有限公司晶圓二廠,0003,O1706307,新竹市,東區,新竹市東區力行路16號,2611,積體電路製造業,1425.75,0.66,2700.09,11008.24,18941.11,7270.34,14390.63,91985.26,147722.07,依法申報,是,10018,10018010
110,22099343,臺灣高技股份有限公司,0001,J6300155,新竹縣,寶山鄉,創新一路17號,2699,未分類其他電子零組件製造業,0.78,0.00,0.00,0.95,0.00,410.40,0.00,4103.35,4515.48,依法申報,是,10004,10004100
110,22099218,華邦電子股份有限公司中科廠,0001,L9506056,臺中市,大雅區,臺中市大雅區科雅一路八號,2611,積體電路製造業,14720.62,70.01,3859.13,3242.81,12859.97,964.44,3043.46,281150.43,319910.86,依法申報,是,66000,66000180
110,22099174,元隆電子股份有限公司,0001,O1700798,新竹市,東區,新竹市東區科學工業園區研發二路18號,2611,積體電路製造業,4.10,0.01,2591.94,1912.38,55477.06,205.20,73.74,20107.60,80372.04,依法申報,是,10018,10018010
110,22099131,臺灣積體電路製造股份有限公司十八廠三期,0032,D0402904,臺南市,安定區,臺南市安定區北園二路8號(三期區域),2611,積體電路製造業,10585.26,6.55,45781.53,130.54,4000.05,119.98,10407.85,414852.54,485884.29,依法申報,是,67000,67000210
110,22099131,臺灣積體電路製造股份有限公司十八廠二期,0031,D0402431,臺南市,安定區,臺南市安定區北園二路8號(二期區域),2611,積體電路製造業,17347.20,12.78,77550.89,198.35,6502.73,99.38,20992.01,441464.99,564168.33,依法申報,是,67000,67000210
110,22099131,臺灣積體電路製造股份有限公司十八廠一期,0030,D0402208,臺南市,安定區,臺南市安定區北園二路8號,2611,積體電路製造業,15851.41,176.32,54501.16,213.31,5661.32,124.70,22583.54,426395.56,525507.33,依法申報,是,67000,67000210
110,22099131,臺灣積體電路製造股份有限公司十五B廠,0023,B23B6125,臺中市,西屯區,臺中市西屯區新科路1號,2611,積體電路製造業,55403.56,154.30,183833.15,792.85,28389.24,462.62,50291.49,1670451.67,1989778.89,依法申報,是,66000,66000060
110,22099131,臺灣積體電路製造股份有限公司十二廠七期,0022,J63A1670,新竹縣,寶山鄉,新竹縣寶山鄉園區二路188號,2611,積體電路製造業,14242.92,134.19,25127.99,239.32,2433.74,28.43,12380.60,377577.01,432164.20,依法申報,是,10004,10004100
110,22099131,臺灣積體電路製造股份有限公司先進封測三廠,0021,H50A6430,桃園市,龍潭區,桃園市龍潭區龍園六路101號,2613,半導體封裝及測試業,6659.27,48.17,344.94,47.59,948.15,1.23,3.15,211102.25,219154.74,依法申報,是,68000,68000090
110,22099131,臺灣積體電路製造股份有限公司十四廠七期,0020,D9001396,臺南市,善化區,臺南市善化區三抱竹路1號,2611,積體電路製造業,9654.75,26.21,33828.59,819.25,12712.53,133.98,16390.76,347139.63,420705.69,依法申報,是,67000,67000190
110,22099131,臺灣積體電路製造股份有限公司十四B廠,0014,D9000746,臺南市,善化區,臺南市善化區南科九路17號,2611,積體電路製造業,22513.42,88.62,70022.10,363.84,12450.98,218.84,25341.36,608234.27,739233.43,依法申報,是,67000,67000190
110,22099131,臺灣積體電路製造股份有限公司十二廠六期,0013,J63A1591,新竹縣,寶山鄉,新竹縣寶山鄉園區二路166號,2611,積體電路製造業,10391.79,71.83,10338.75,99.80,1089.21,20.39,6026.87,243805.74,271844.37,依法申報,是,10004,10004100
110,22099131,臺灣積體電路製造股份有限公司15廠,0012,L95A2041,臺中市,大雅區,臺中市大雅區科雅六路一號,2611,積體電路製造業,20052.02,98.18,145162.89,1447.27,33257.87,201.79,51917.15,848841.82,1100978.99,依法申報,是,66000,66000180
110,22099131,臺灣積體電路製造股份有限公司先進封測二廠,0011,R90A1360,臺南市,善化區,臺南市善化區南科七路18之1號,2613,半導體封裝及測試業,2591.32,23.12,6572.21,170.73,6509.14,23.64,12424.76,98600.42,126915.33,依法申報,是,67000,67000190
110,22099131,臺灣積體電路製造股份有限公司十四廠,0010,R9001677,臺南市,善化區,臺南市善化區南科北路1號之1、1號之2及臺南市新市區環西路二段5號,2611,積體電路製造業,18927.92,119.66,130151.59,8444.15,84146.60,2337.49,40790.53,723144.44,1008062.39,依法申報,是,67000,67000190
110,22099131,臺灣積體電路製造股份有限公司十二廠四期/五期,0009,J63A1056,新竹縣,寶山鄉,新竹縣寶山鄉科學園區園區二路168號,2611,積體電路製造業,8314.59,125.50,26059.63,253.50,2629.99,46.47,7972.39,308368.49,353770.56,依法申報,是,10004,10004100
110,22099131,臺灣積體電路製造股份有限公司十二廠研新廠,0008,J63A0107,新竹縣,寶山鄉,新竹科學園區新竹縣寶山鄉研新二路六號,2611,積體電路製造業,3369.90,172.02,36745.47,1737.06,14439.73,421.89,2810.60,137682.10,197378.76,依法申報,是,10004,10004100
110,22099131,臺灣積體電路製造股份有限公司十二廠,0007,O1709308,新竹市,東區,新竹市東區力行六路八號,2611,積體電路製造業,4550.10,158.70,29660.91,2828.19,23344.77,146.01,13242.78,280744.04,354675.50,依法申報,是,10018,10018010
110,22099131,臺灣積體電路製造股份有限公司八廠,0006,O1713311,新竹市,東區,新竹市東區力行路25號,2611,積體電路製造業,5345.06,3.93,29508.28,16502.54,44003.23,3025.06,15286.98,185129.57,298804.65,依法申報,是,10018,10018010
110,22099131,臺灣積體電路製造股份有限公司六廠,0005,R9004230,臺南市,善化區,臺南市善化區南科北路一號,2611,積體電路製造業,2831.79,57.90,63427.78,12723.13,64105.96,4313.23,20536.52,191868.51,359864.82,依法申報,是,67000,67000190
110,22099131,臺灣積體電路製造股份有限公司五廠,0004,J6301447,新竹縣,寶山鄉,新竹縣寶山鄉新竹科學工業園區園區三路121號,2611,積體電路製造業,3896.21,1.85,15053.62,9980.25,20641.94,3159.75,13388.08,95986.14,162107.83,依法申報,是,10004,10004100
110,22099131,臺灣積體電路製造股份有限公司三廠3E廠,0003,J6300324,新竹縣,寶山鄉,新竹縣寶山鄉研新二路6號,2611,積體電路製造業,2457.67,29.30,90.47,125.50,4607.25,1894.65,1068.73,65699.64,75973.21,依法申報,是,10004,10004100
110,22099131,臺灣積體電路製造股份有限公司三廠,0002,J6301107,新竹縣,寶山鄉,新竹縣寶山鄉研新一路9號,2611,積體電路製造業,2909.92,62.84,24573.44,13881.72,37273.23,19065.73,25160.09,169323.53,292250.49,依法申報,是,10004,10004100
110,22099131,臺灣積體電路製造股份有限公司二廠,0001,J6300557,新竹縣,寶山鄉,新竹縣寶山鄉新竹科學園區園區三路121號,2611,積體電路製造業,2184.58,1.47,4759.83,3443.23,34260.24,16897.69,5415.22,77505.90,144468.17,依法申報,是,10004,10004100
110,47217677,聯華電子股份有限公司Fab8D廠,0001,O1709148,新竹市,東區,新竹市東區力行三路六、八號,2611,積體電路製造業,5404.09,52.42,19000.35,4971.30,80946.38,5095.61,38691.07,167436.71,321597.93,依法申報,是,10018,10018010
110,47109348,華夏玻璃股份有限公司,0001,O1703315,新竹市,香山區,新竹市香山區埔前里埔前路49號,2312,玻璃容器製造業,90055.82,128.44,132.94,15.03,0.00,0.00,0.00,27972.81,118305.04,依法申報,是,10018,10018030
110,46007218,大享容器工業股份有限公司,0001,J5700231,新竹縣,新埔鎮,新竹縣新埔鎮文山里文山路犁頭山段1118號,2312,玻璃容器製造業,79718.07,104.36,155.94,1.00,0.00,0.00,0.00,20888.55,100867.92,依法申報,是,10004,10004030
110,42818882,林園先進材料科技股份有限公司,0001,E1902497,高雄市,林園區,高雄市林園區石化四路1號,1700,石油及煤製品製造業,277858.12,20.16,7.42,0.00,0.00,0.00,0.00,7902.23,285787.93,依法申報,是,64000,64000130
110,42010509,羅東鋼鐵廠股份有限公司煉鋼廠,0001,G32A0540,宜蘭縣,蘇澳鎮,宜蘭縣蘇澳鎮德興一路57、59號,2411,鋼鐵冶鍊業,44023.69,23.98,6.05,2.30,0.00,0.00,0.00,112006.69,156062.70,依法申報,是,10002,10002030
110,40601248,幸福水泥股份有限公司東澳廠,0002,G4100017,宜蘭縣,南澳鄉,宜蘭縣南澳鄉蘇花路三段101號,2331,水泥製造業,566776.64,197.37,1292.40,5.80,0.00,0.00,0.00,40044.05,608316.25,依法申報,是,10002,10002120
110,38033305,臺硝股份有限公司桃園廠,0001,H4601290,桃園市,蘆竹區,桃園市蘆竹區坑口里3鄰大坑街25號,1990,其他化學製品製造業,41124.02,2148.17,197.22,3.55,0.00,0.00,0.00,18275.54,61748.50,依法申報,是,68000,68000050
110,35412204,華新麗華股份有限公司臺中不銹鋼廠,0003,B9100709,臺中市,梧棲區,臺中市梧棲區加工出口區經三路57號,2544,金屬表面處理業,42904.25,51.29,24.76,33.14,0.00,0.00,0.00,41469.22,84482.65,依法申報,是,66000,66000140
110,35412204,華新麗華股份有限公司鹽水廠,0001,R8500582,臺南市,鹽水區,臺南市鹽水區汫水里溪州寮3-10號A棟,2411,鋼鐵冶鍊業,99496.31,168.30,72.18,12.66,0.00,0.00,0.00,164719.99,264469.44,依法申報,是,67000,67000020
110,35082604,中興紡織廠股份有限公司楊梅化纖廠,0001,H4500743,桃園市,楊梅區,桃園市楊梅區桃園市楊梅區中山南路567號,1841,合成樹脂及塑膠製造業,73299.82,156.07,241.26,3.00,0.00,0.00,0.00,79931.73,153631.89,依法申報,是,68000,68000040
110,34286449,臺灣半導體股份有限公司利澤廠,0001,g38a0540,宜蘭縣,五結鄉,宜蘭縣五結鄉利工一路二段31號,2613,半導體封裝及測試業,5.50,22.22,0.09,0.00,0.00,0.00,0.00,9604.06,9631.87,依法申報,是,10002,10002090
110,34263157,三洋窯業股份有限公司,0000,F0801707,新北市,鶯歌區,八德路16號,2399,未分類其他非金屬礦物製品製造業,26390.37,32.98,20.71,3.11,0.00,0.00,0.00,9651.25,36098.43,依法申報,是,65000,65000080
110,34202841,榮成紙業股份有限公司蒸汽廠,0005,N14A1507,彰化縣,二林鎮,彰化縣二林鎮廣興里廣興巷1-1號,1513,紙板製造業,251177.97,67.28,1183.81,0.00,0.00,0.00,0.00,3243.22,255672.27,依法申報,是,10007,10007200
110,34202841,榮成紙業股份有限公司,0001,N1400562,彰化縣,二林鎮,彰化縣二林鎮廣興里廣興巷1-1號,1513,紙板製造業,240341.89,100.47,946.18,185.20,0.00,0.00,0.00,271612.22,513185.95,依法申報,是,10007,10007200
110,34175598,錦美紙業股份有限公司觀音廠,0001,H5300425,桃園市,觀音區,榮工北路10號,1513,紙板製造業,33068.65,78.70,195.94,0.00,0.00,0.00,0.00,17826.40,51169.68,依法申報,是,68000,68000120
110,33955322,力鵬企業股份有限公司楊梅廠,0002,H4500458,桃園市,楊梅區,桃園市楊梅區新榮路339號,1140,印染整理業,63472.88,103.51,292.55,2.13,0.00,0.00,0.00,21474.78,85345.85,依法申報,是,68000,68000040
110,33955322,力鵬企業股份有限公司彰化尼龍總廠,0001,N2904318,彰化縣,芳苑鄉,彰化縣芳苑鄉芳苑工業區工業路33號,1850,人造纖維製造業,30602.67,85.08,142.38,0.82,0.00,0.00,0.00,124530.81,155361.76,依法申報,是,10007,10007230
110,33085508,正隆股份有限公司大園廠,0003,H4700645,桃園市,大園區,桃園市大園區大工路116號,1512,紙張製造業,212825.59,8349.26,963.58,9.35,0.00,0.00,0.00,168572.98,390720.77,依法申報,是,68000,68000060
110,33085508,正隆股份有限公司后里分公司,0002,L9200693,臺中市,后里區,臺中市后里區三豐路三段2號、星科路101號,1512,紙張製造業,846479.21,8247.45,3983.25,93.81,0.00,0.00,0.00,33803.50,892607.22,依法申報,是,66000,66000150
110,33085508,正隆股份有限公司竹北廠,0001,J5500366,新竹縣,竹北市,新竹縣竹北市長青路二段300號,1591,家庭及衛生用紙製造業,65138.87,689.91,292.43,58.21,0.00,0.00,0.00,64526.73,130706.15,依法申報,是,10004,10004010
110,30974253,臺灣石化合成股份有限公司林園廠,0001,S1900694,高雄市,林園區,高雄市林園區工業二路1號,1990,其他化學製品製造業,29491.33,217.98,34.03,1.77,0.00,0.00,0.00,105494.82,135239.93,依法申報,是,64000,64000130
110,30901647,辛耘企業股份有限公司,0001,J59A1577,新竹縣,湖口鄉,新竹工業區中華路16號,2928,電子及半導體生產用機械設備製造業,6.53,36.87,0.09,12.68,755.26,0.00,0.00,9785.99,10597.41,依法申報,是,10004,10004050
110,30414175,中國鋼鐵股份有限公司第三冷軋廠,0002,E56A4792,高雄市,小港區,高雄市小港區店鎮里嘉興街2號,2413,鋼鐵軋延及擠型業,57413.87,25.59,30.49,0.00,0.00,0.00,0.00,128485.71,185955.65,依法申報,是,64000,64000110
110,30414175,中國鋼鐵股份有限公司,0001,E5600841,高雄市,小港區,高雄市小港區中鋼路1號,2411,鋼鐵冶鍊業,20876915.34,1085.16,1852.49,4164.11,0.00,41.04,0.00,1255519.20,22139577.33,依法申報,是,64000,64000110
110,28518076,臺灣美光記憶體股份有限公司臺中二廠,0002,B9202664,臺中市,后里區,臺中市后科南路88號、88-1號,2611,積體電路製造業,2643.42,75.34,235.66,2396.71,382.80,143.64,37.84,169963.65,175879.06,依法申報,是,66000,66000150
110,28518076,臺灣美光記憶體股份有限公司臺中一廠,0001,L9202099,臺中市,后里區,臺中市后里區臺中市后里區三豐路四段369號,2611,積體電路製造業,47764.58,198.23,31079.43,5801.15,42864.26,1026.00,17704.30,680185.00,826622.96,依法申報,是,66000,66000150
110,28112667,力晶積成電子製造股份有限公司8B,0010,K71A8772,苗栗縣,竹南鎮,苗栗縣科北二路6號,2611,積體電路製造業,2992.60,17.15,2.18,23.96,422.90,70.32,10.64,36099.64,39639.38,依法申報,是,10005,10005040
110,28112667,力晶積成電子製造股份有限公司P1/2,0004,O17M3925,新竹市,東區,新竹市科學園區力行一路12號,2611,積體電路製造業,14127.98,155.05,8171.46,2733.96,6982.45,3238.72,5044.12,300306.58,340760.31,依法申報,是,10018,10018010
110,28112667,力晶積成電子製造股份有限公司P3,0003,O17M3896,新竹市,東區,新竹市力行路16-1號,2611,積體電路製造業,5813.56,28.48,104.05,322.20,8996.19,1986.13,50.81,146650.50,163951.92,依法申報,是,10018,10018010
110,28112667,力晶積成電子製造股份有限公司8AD,0002,o17k7818,新竹市,東區,新竹市東區篤行一路10號4樓,2611,積體電路製造業,105.55,1.41,0.06,34.76,125.41,41.04,0.00,6897.37,7205.62,依法申報,是,10018,10018010
110,28112667,力晶積成電子製造股份有限公司8A,0001,O1753306,新竹市,東區,新竹市東區力行一路18號,2611,積體電路製造業,4409.96,42.23,704.03,1971.72,19634.21,6331.98,298.23,88178.51,121570.86,依法申報,是,10018,10018010
110,28112646,新唐科技股份有限公司,0001,O17A0968,新竹市,東區,新竹市東區研新三路4號,2611,積體電路製造業,495.23,73.76,1301.76,11529.20,11430.02,12312.00,601.78,37251.33,74995.08,依法申報,是,10018,10018010
110,28098406,易昇鋼鐵股份有限公司,0001,R14A1883,臺南市,永康區,臺南市永康區正南一街200號,2411,鋼鐵冶鍊業,27852.39,32.75,31.26,57.41,0.00,0.00,0.00,110071.05,138044.86,依法申報,是,67000,67000310
110,27945086,星元電力股份有限公司(星元天然氣發電廠),0001,N1505633,彰化縣,線西鄉,彰化縣線西鄉慶安南二路二號,3510,電力供應業,614467.33,438.78,327.26,16.70,0.00,0.00,0.00,2915.55,618165.63,依法申報,是,10007,10007040
110,97170472,全新光電科技股份有限公司平鎮廠,0001,h5103604,桃園市,平鎮區,工業一路16號,2649,其他光電材料及元件製造業,9.60,21.61,38.17,35.89,285.25,142.27,0.00,10582.92,11115.72,依法申報,是,68000,68000100
110,96976990,嘉惠電力(股)有限公司,0001,Q6907286,嘉義縣,民雄鄉,嘉義縣民雄鄉松山村4鄰松子腳688號,3510,電力供應業,1575929.59,709.98,837.53,0.00,0.00,1140.00,0.00,12525.06,1591142.15,依法申報,是,10010,10010050
110,96975970,麥寮汽電股份有限公司,11A0,P5801719,雲林縣,麥寮鄉,雲林縣麥寮鄉中興村臺塑工業園區7號,3510,電力供應業,8637174.73,2297.94,40260.63,27.23,0.00,2086.20,0.00,1565.48,8683412.22,依法申報,是,10009,10009130
110,96971313,中鋼鋁業股份有限公司,0001,E5600092,高雄市,小港區,高雄市小港區山明里東林路一七號,2422,鋁鑄造業,75326.96,145.71,41.93,272.13,0.00,0.00,0.00,127111.00,202897.73,依法申報,是,64000,64000110
110,96933037,長生電力股份有限公司,0001,H4604568,桃園市,蘆竹區,桃園市蘆竹區濱海路一段199號,3510,電力供應業,1835044.64,947.86,974.91,16.99,0.00,16108.20,0.00,2606.08,1855698.68,依法申報,是,68000,68000050
110,94025264,中華紙漿股份有限公司觀音廠,0002,H53B8032,桃園市,觀音區,桃園市觀音區樹林里國瑞路16號,2209,其他塑膠製品製造業,6861.84,12.26,15.85,0.00,0.00,0.00,0.00,3405.82,10295.77,依法申報,是,68000,68000120
110,94025264,中華紙漿股份有限公司,0001,U9500478,花蓮縣,吉安鄉,花蓮縣吉安鄉光華村光華街100號,1511,紙漿製造業,78483.70,566.38,3593.40,0.00,0.00,456.00,0.00,113581.92,196681.40,依法申報,是,10015,10015050
110,91004618,上評資源循環股份有限公司嘉義廠,0001,Q6900821,嘉義縣,民雄鄉,嘉義縣民雄鄉興南村工業一路10號,1513,紙板製造業,24728.00,81.78,202.55,5.55,0.00,0.00,0.00,16110.26,41128.13,依法申報,是,10010,10010050
110,89528054,臺灣鋼聯股份有限公司,0001,N1607141,彰化縣,伸港鄉,彰化縣伸港鄉彰濱工業區線工北一路36號,1810,基本化學材料製造業,71718.02,18.94,36.56,1.29,0.00,0.00,0.00,9665.34,81440.15,依法申報,是,10007,10007050
110,89480404,中聯油脂股份有限公司臺中港廠,0001,L8901039,臺中市,清水區,北堤路1之8號,0840,食用油脂製造業,31296.96,27.48,18.98,59.52,0.00,0.00,0.00,16260.25,47663.19,依法申報,是,66000,66000120
110,75280209,東和鋼鐵企業股份有限公司桃園廠,0004,H53A0675,桃園市,觀音區,桃園市觀音區保障村8鄰草漯116號,2411,鋼鐵冶鍊業,71492.11,7.62,42.85,236.99,0.00,0.00,0.00,362101.79,433881.35,依法申報,是,68000,68000120
110,22099110,臺灣茂矽電子股份有限公司,0001,O1704812,新竹市,東區,新竹科學工業園區新竹市研新一路一號,2611,積體電路製造業,45.54,56.69,1238.43,1424.31,151143.78,3775.68,2600.64,49918.94,210204.00,依法申報,是,10018,10018010
110,2750963,財團法人工業技術研究院,0001,J5800941,新竹縣,竹東鎮,新竹縣竹東鎮中興路四段195號,7230,綜合研究發展服務業,26.73,4.25,27.71,0.97,67.00,6.43,1.55,5526.65,5661.29,依法申報,是,10004,10004020
109,75370905,南亞塑膠工業股份有限公司新港廠,9501,Q7100272,嘉義縣,新港鄉,嘉義縣新港鄉嘉義縣新港鄉中洋村中洋工業區2號,2201,塑膠皮、板、管材製造業,34145.72,274.10,20.95,1447.01,0.00,0.00,0.00,809280.88,845168.65,依法申報,是,10010,10010070
109,75370905,南亞塑膠工業股份有限公司樹林廠,9500,F0701702,新北市,樹林區,新北市樹林區味王街五五號,1841,合成樹脂及塑膠製造業,348208.63,224.08,1588.34,833.44,0.00,0.00,0.00,2655.38,353509.87,依法申報,是,65000,65000070
109,75370905,南亞塑膠工業股份有限公司嘉義廠,9400,Q7600375,嘉義縣,太保市,嘉義縣太保市南新里北港路二段201號,2201,塑膠皮、板、管材製造業,293948.49,174.40,1380.22,286.67,0.00,0.00,0.00,10219.11,306008.89,依法申報,是,10010,10010010
109,75370905,南亞塑膠工業股份有限公司錦興廠,9221,H4601398,桃園市,蘆竹區,桃園市蘆竹區南崁路一段336號,2399,未分類其他非金屬礦物製品製造業,806147.01,236.15,3806.03,0.57,0.00,0.00,0.00,14125.08,824314.83,依法申報,是,68000,68000050
109,75370905,南亞塑膠工業股份有限公司林口二廠,9220,F1600491,新北市,泰山區,新北市泰山區南林路102號,1841,合成樹脂及塑膠製造業,238147.71,225.73,1100.69,68.58,0.00,0.00,0.00,21851.60,261394.30,依法申報,是,65000,65000160
109,75370905,南亞塑膠工業股份有限公司工三廠,5G00,H4801478,桃園市,龜山區,桃園市龜山區樂善里文明路6號,1113,人造纖維加工絲業,154249.87,250.66,273.86,0.00,0.00,0.00,0.00,252216.59,406990.97,依法申報,是,68000,68000070
109,96975970,麥寮汽電股份有限公司,11A0,P5801719,雲林縣,麥寮鄉,雲林縣麥寮鄉中興村臺塑工業園區7號,3510,電力供應業,10635763.77,2825.28,49711.20,27.23,0.00,2086.20,0.00,0.00,10690413.68,依法申報,是,10009,10009130
109,3795904,臺灣電力股份有限公司塔山發電廠麒麟分廠,0544,W0803559,金門縣,烈嶼鄉,金門縣烈嶼鄉東林1號,3510,電力供應業,13091.88,13.26,31.62,0.00,0.00,0.00,0.00,0.00,13136.75,依法申報,是,09020,09020050
109,3795904,臺灣電力股份有限公司塔山發電廠夏興分廠,0543,W0404930,金門縣,金湖鎮,正義里夏興1號,3510,電力供應業,11709.48,11.86,28.28,0.00,0.00,0.00,0.00,0.00,11749.62,依法申報,是,09020,09020030
109,3795904,臺灣電力股份有限公司塔山發電廠,0391,W0504775,金門縣,金城鎮,金水里西海路一段2號,3510,電力供應業,184352.92,191.12,426.74,31.39,0.00,2.28,0.00,179.25,185183.69,依法申報,是,09020,09020010
109,3795904,臺灣電力股份有限公司尖山發電廠,0390,X0501232,澎湖縣,湖西鄉,尖山村29之2號,3510,電力供應業,289509.35,304.56,664.36,0.00,0.00,0.00,0.00,259.42,290737.69,依法申報,是,10016,10016020
109,3795904,臺灣電力股份有限公司大潭發電廠,0380,H5307960,桃園市,觀音區,桃園市觀音區大潭里電廠路1號,3510,電力供應業,10668822.31,4761.46,5669.78,833.15,0.00,1135.44,0.00,2224.38,10683446.52,依法申報,是,68000,68000120
109,3795904,臺灣電力股份有限公司臺中發電廠,0371,L0200473,臺中市,龍井區,臺中市龍井區麗水里龍昌路1號,3510,電力供應業,25870682.11,92974.74,121943.33,283.32,0.00,14377.68,0.00,46196.81,26146457.99,依法申報,是,66000,66000250
109,3795904,臺灣電力股份有限公司通霄發電廠,0370,K7000764,苗栗縣,通霄鎮,苗栗縣通霄鎮海濱路1之31號,3510,電力供應業,8329461.87,3778.09,4426.73,865.73,0.00,20287.44,0.00,1038.76,8359858.61,依法申報,是,10005,10005030
109,3795904,臺灣電力股份有限公司協和發電廠,0360,C1400170,基隆市,中山區,基隆市中山區文化路80號,3510,電力供應業,1804946.05,1817.70,4172.60,96.92,0.00,0.00,0.00,16963.13,1827996.39,依法申報,是,10017,10017050
109,3795904,臺灣電力股份有限公司第二核能發電廠,0351,F2800075,新北市,萬里區,野柳里八斗路60號,3510,電力供應業,10512.82,162.16,30.49,1545.35,0.00,613.32,0.00,6847.75,19711.88,依法申報,是,65000,65000280
109,3795904,臺灣電力股份有限公司第一核能發電廠,0350,F2200084,新北市,石門區,乾華里小坑12號,3510,電力供應業,13128.28,111.30,35.73,446.22,0.00,0.00,0.00,49535.17,63256.70,依法申報,是,65000,65000220
109,3795904,臺灣電力股份有限公司興達發電廠,0341,S3200688,高雄市,永安區,鹽田里興達路6號,3510,電力供應業,16909774.40,33746.36,53876.22,107.10,0.00,11347.56,0.00,21220.77,17030072.41,依法申報,是,64000,64000270
109,3795904,臺灣電力股份有限公司大林發電廠,0340,E5600896,高雄市,小港區,鳳森里大林路3號,3510,電力供應業,11051456.72,30433.10,42077.45,680.74,0.00,4238.52,0.00,3246.30,11132132.83,依法申報,是,64000,64000110
109,3795904,臺灣電力股份有限公司南部發電廠,0330,E5400878,高雄市,前鎮區,成功二路5號,3510,電力供應業,3311656.67,1514.45,1759.39,116.17,0.00,1338.36,0.00,1453.46,3317838.50,依法申報,是,64000,64000090
109,3795904,臺灣電力股份有限公司林口發電廠,0320,F1700736,新北市,林口區,下福里139之1號,3510,電力供應業,13973885.01,48605.81,65688.14,13.59,0.00,255.36,0.00,7844.69,14096292.59,依法申報,是,65000,65000170
109,3795904,臺灣電力股份有限公司珠山發電廠,0125,Z6303328,連江縣,南竿鄉,清水村99之9號,3510,電力供應業,32414.87,39.12,75.04,14.56,0.00,0.00,0.00,0.00,32543.59,依法申報,是,09007,09007010
109,22099131,臺灣積體電路製造股份有限公司十八廠二期,0031,D0402431,臺南市,安定區,臺南市安定區北園二路8號(二期區域),2611,積體電路製造業,14431.52,10.39,52860.95,436.46,9619.01,222.71,11848.45,397173.69,486603.19,依法申報,是,67000,67000210
109,22099131,臺灣積體電路製造股份有限公司十八廠一期,0030,D0402208,臺南市,安定區,臺南市安定區北園二路8號,2611,積體電路製造業,14746.66,126.94,45231.45,527.97,9588.72,251.43,7516.92,457411.73,535401.81,依法申報,是,67000,67000210
109,22099131,臺灣積體電路製造股份有限公司十五B廠,0023,B23B6125,臺中市,西屯區,臺中市西屯區新科路1號,2611,積體電路製造業,52133.14,152.88,186691.02,3398.84,58952.30,715.07,81869.22,1549029.03,1932941.50,依法申報,是,66000,66000060
109,22099131,臺灣積體電路製造股份有限公司十二廠七期,0022,J63A1670,新竹縣,寶山鄉,新竹縣寶山鄉園區二路188號,2611,積體電路製造業,12192.05,121.06,28795.35,340.48,4285.54,73.05,8909.09,353758.20,408474.81,依法申報,是,10004,10004100
109,22099131,臺灣積體電路製造股份有限公司先進封測三廠,0021,H50A6430,桃園市,龍潭區,桃園市龍潭區龍園六路101號,2613,半導體封裝及測試業,4952.59,41.82,172.84,80.54,896.38,1.03,16.66,193188.88,199350.73,依法申報,是,68000,68000090
109,22099131,臺灣積體電路製造股份有限公司十四B廠七期,0020,D9001396,臺南市,善化區,臺南市善化區三抱竹路1號,2611,積體電路製造業,8307.16,19.52,27991.83,1634.97,14999.99,130.55,13525.12,306389.13,372998.27,依法申報,是,67000,67000190
109,12800225,群創光電股份有限公司T6廠,0016,E2902160,高雄市,路竹區,高雄市路竹區路科十路11號B室,2641,液晶面板及其組件製造業,2527.37,35.68,7255.84,0.00,3379.86,395.90,2671.21,144704.17,160970.03,依法申報,是,64000,64000240
109,12800225,群創光電股份有限公司樹谷分公司,0015,R03A0450,臺南市,新市區,臺南市新市區豐華村8鄰紫楝路21號,2641,液晶面板及其組件製造業,5538.99,51.74,2.68,3661.48,0.00,18362.19,11749.70,410830.00,450196.78,依法申報,是,67000,67000200
109,22099131,臺灣積體電路製造股份有限公司十四B廠,0014,D9000746,臺南市,善化區,臺南市善化區南科九路17號,2611,積體電路製造業,21442.08,89.71,75521.26,4400.87,34847.16,310.13,26796.80,635079.97,798487.98,依法申報,是,67000,67000190
109,12800225,群創光電股份有限公司觸控模組廠,0014,D9001225,臺南市,善化區,臺南市善化區南科八路12號B室,2649,其他光電材料及元件製造業,15.98,54.69,0.00,0.00,0.00,0.00,0.00,18610.15,18680.82,依法申報,是,67000,67000190
109,22099131,臺灣積體電路製造股份有限公司十二廠六期,0013,J63A1591,新竹縣,寶山鄉,新竹縣寶山鄉園區二路166號,2611,積體電路製造業,9657.55,56.68,9225.31,76.49,1317.99,38.14,8203.25,233601.08,262176.48,依法申報,是,10004,10004100
109,22099131,臺灣積體電路製造股份有限公司15廠,0012,L95A2041,臺中市,大雅區,臺中市大雅區科雅六路一號,2611,積體電路製造業,18740.09,87.15,151500.16,1499.17,36583.32,274.55,43420.37,801413.87,1053518.68,依法申報,是,66000,66000180
109,12800225,群創光電股份有限公司觸控南科廠,0012,R90A1716,臺南市,善化區,臺南市善化區南科八路12號(B棟2F),2641,液晶面板及其組件製造業,128.66,2.07,0.06,0.00,0.00,0.00,0.00,16194.22,16325.02,依法申報,是,67000,67000190
109,22099131,臺灣積體電路製造股份有限公司先進封裝廠,0011,R90A1360,臺南市,善化區,南部科學園區臺南市善化區南關里環西路2段3號、臺南市善化區南科七路18之1號、16號,2613,半導體封裝及測試業,2481.71,19.38,23138.93,132.79,3489.59,615.60,10308.81,97977.19,138164.00,依法申報,是,67000,67000190
109,12800225,群創光電股份有限公司C廠,0011,R90A1469,臺南市,善化區,臺南市善化區南科八路12號(不包含B棟二F、A室、B室),2641,液晶面板及其組件製造業,111.15,34.65,0.06,0.00,0.00,0.00,0.00,19301.98,19447.83,依法申報,是,67000,67000190
109,58650902,臺灣化學纖維股份有限公司龍德廠,0010,G3700791,宜蘭縣,冬山鄉,宜蘭縣冬山鄉大興村龍祥十路2號,1820,石油化工原料製造業,1001074.33,293.55,4399.17,813.16,0.00,0.00,0.00,2563.97,1009144.17,依法申報,是,10002,10002080
109,47217677,聯華電子股份有限公司Fab12A廠第二廠區,0010,D0302141,臺南市,新市區,臺南市南科三路57號,2611,積體電路製造業,1335.62,13.95,13032.85,65.84,776.46,0.51,833.59,132775.77,148834.58,依法申報,是,67000,67000200
109,22099548,旺宏電子股份有限公司晶圓一廠,0010,O1704787,新竹市,東區,新竹市東區研新三路3號,2611,積體電路製造業,837.53,0.38,865.27,2404.62,27691.36,8823.60,523.18,32357.01,73502.94,依法申報,是,10018,10018010
109,22099131,臺灣積體電路製造股份有限公司十四廠,0010,R9001677,臺南市,善化區,臺南市善化區南科北路1號之1、1號之2及臺南市新市區環西路二段5號,2611,積體電路製造業,17169.86,112.93,119631.33,8745.90,84561.18,2747.02,45719.95,743722.25,1022410.41,依法申報,是,67000,67000190
109,12800225,群創光電股份有限公司F廠,0010,S29A1607,高雄市,路竹區,高雄市路竹區路科十路11號(不含B室、7FA室),2641,液晶面板及其組件製造業,4903.81,76.36,2.47,2361.06,0.00,14825.77,13948.33,349479.46,385597.26,依法申報,是,64000,64000240
109,86119908,中聯資源股份有限公司臺中廠,0009,L02A0301,臺中市,龍井區,臺中市龍井區南堤路2號,2399,未分類其他非金屬礦物製品製造業,34010.71,31.63,157.31,0.14,0.00,0.00,0.00,25610.24,59810.03,依法申報,是,66000,66000250
109,47217677,聯華電子股份有限公司Fab8S廠,0009,J63A0048,新竹縣,寶山鄉,新竹科學工業園區新竹縣研新一路16號,2611,積體電路製造業,1605.13,24.16,4252.85,3473.71,13501.86,5470.63,1136.98,70944.65,100409.97,依法申報,是,10004,10004100
109,22099131,臺灣積體電路製造股份有限公司十二廠四期/五期,0009,J63A1056,新竹縣,寶山鄉,新竹縣寶山鄉科學工業園區園區二路168號,2611,積體電路製造業,7550.40,117.49,24908.19,255.10,3282.78,71.80,8085.71,285930.36,330201.84,依法申報,是,10004,10004100
109,12800225,群創光電股份有限公司D廠,0009,R03A1913,臺南市,新市區,臺南科學工業園區臺南市新市區環西路一段3號,2641,液晶面板及其組件製造業,7159.69,275.86,4.05,1575.89,0.00,32679.60,18063.34,694304.46,754062.89,依法申報,是,67000,67000200
109,84149738,友達光電股份有限公司后里廠,0008,L92A0931,臺中市,后里區,臺中市后里區馬場路1號,2641,液晶面板及其組件製造業,6418.14,162.73,21.59,580.58,0.00,27.93,107.81,345234.38,352553.16,依法申報,是,66000,66000150
109,75708007,臺灣塑膠工業股份有限公司林園廠,0008,S1900685,高雄市,林園區,高雄市林園區石化一路1號,1810,基本化學材料製造業,714810.15,312.79,2964.92,1123.12,0.00,136.80,0.00,101338.14,820685.91,依法申報,是,64000,64000130
109,47217677,聯華電子股份有限公司Fab8F廠,0008,O1708632,新竹市,東區,新竹市東區力行六路三號,2611,積體電路製造業,3536.18,27.18,5926.62,3010.16,24670.65,3036.96,728.66,83084.21,124020.64,依法申報,是,10018,10018010
109,22099131,臺灣積體電路製造股份有限公司十二廠研新廠,0008,J63A0107,新竹縣,寶山鄉,新竹科學工業園區新竹縣寶山鄉研新二路六號,2611,積體電路製造業,3143.50,144.45,32993.04,3088.20,14482.02,461.88,6618.42,132556.27,193487.78,依法申報,是,10004,10004100
109,12800225,群創光電股份有限公司B廠,0008,R03A1894,臺南市,新市區,臺南市新市區環西路二段2號,2641,液晶面板及其組件製造業,6140.64,86.19,183.70,2410.87,0.00,98195.79,3512.47,455551.67,566081.34,依法申報,是,67000,67000200
109,84149738,友達光電股份有限公司桃園分公司,0007,H5002362,桃園市,龍潭區,桃園市龍潭區三和里新和路1號,2641,液晶面板及其組件製造業,7047.11,202.07,48.75,488.15,0.00,585.97,30.93,219888.63,228291.60,依法申報,是,68000,68000090
109,47217677,聯華電子股份有限公司Fab8E廠,0007,O1706692,新竹市,東區,新竹科學工業園區新竹市東區力行路17號,2611,積體電路製造業,2868.22,26.01,2229.49,8523.57,14029.48,9028.80,7552.42,78788.30,123046.29,依法申報,是,10018,10018010
109,22099131,臺灣積體電路製造股份有限公司十二廠,0007,O1709308,新竹市,東區,新竹市東區力行六路八號,2611,積體電路製造業,4175.98,146.09,25421.52,3574.26,26722.47,247.38,11543.45,269986.84,341817.99,依法申報,是,10018,10018010
109,12800225,群創光電股份有限公司A廠,0007,R03A1903,臺南市,新市區,臺南市新市區奇業路1號,2641,液晶面板及其組件製造業,541.75,25.17,255.07,0.00,96.22,18349.12,133.21,63621.47,83022.01,依法申報,是,67000,67000200
109,84149738,友達光電股份有限公司,0006,H4888493,桃園市,龜山區,桃園市龜山區文化里華亞二路189號,2649,其他光電材料及元件製造業,5551.52,42.34,29.40,262.30,551.10,640.86,40.26,265616.11,272733.90,依法申報,是,68000,68000070
109,75708007,臺灣塑膠工業股份有限公司冬山廠,0006,G3700880,宜蘭縣,冬山鄉,宜蘭縣冬山鄉東福路201號,2392,石灰製造業,131490.54,30.38,210.39,0.00,0.00,0.00,0.00,13227.50,144958.81,依法申報,是,10002,10002080
109,58650902,臺灣化學纖維股份有限公司麥寮廠,0006,P5801773,雲林縣,麥寮鄉,雲林縣麥寮鄉中興村臺塑工業園區5號及3之1號,1810,基本化學材料製造業,484465.84,223.36,332.15,21647.83,0.00,43.32,0.00,1118959.49,1625671.99,依法申報,是,10009,10009130
109,27719048,永豐餘工業用紙股份有限公司成功廠,0006,L0000624,臺中市,烏日區,臺中市烏日區中山路三段546號,1511,紙漿製造業,21406.17,162.73,258.52,0.00,0.00,0.00,0.00,8560.10,30387.52,依法申報,是,66000,66000230
109,22099131,臺灣積體電路製造股份有限公司八廠,0006,O1713311,新竹市,東區,新竹市東區力行路25號,2611,積體電路製造業,4806.79,2.13,28068.41,16829.61,45453.08,3742.85,22572.04,179764.85,301239.76,依法申報,是,10018,10018010
109,11914002,臺灣玻璃工業股份有限公司鹿港平板廠,0006,N08A1098,彰化縣,鹿港鎮,彰化縣鹿港鎮鹿工路11號,2311,平板玻璃及其製品製造業,53055.39,52.20,91.58,13.49,0.00,0.00,0.00,9002.26,62214.92,依法申報,是,10007,10007020
109,84149738,友達光電股份有限公司臺中廠,0005,B2313780,臺中市,西屯區,臺中市西屯區中部科學園區中科路1號,2641,液晶面板及其組件製造業,14461.57,420.37,79.60,2717.00,0.00,3281.32,497.33,1010853.36,1032310.55,依法申報,是,66000,66000060
109,75708007,臺灣塑膠工業股份有限公司仁武廠,0005,S2201109,高雄市,仁武區,高雄市仁武區水管路一○○號,1810,基本化學材料製造業,2553057.70,949.56,11410.72,2439.02,0.00,243.96,0.00,19122.59,2587223.54,依法申報,是,64000,64000170
109,58650902,臺灣化學纖維股份有限公司海豐廠,0005,P5802092,雲林縣,麥寮鄉,雲林縣麥寮鄉中興村臺塑工業園區23號,1810,基本化學材料製造業,1223205.05,163.32,14.33,778.27,0.00,77.52,0.00,1991455.57,3215694.07,依法申報,是,10009,10009130
109,47217677,聯華電子股份有限公司Fab8A廠,0005,O1706209,新竹市,東區,新竹市東區力行二路3、5號,2611,積體電路製造業,2292.72,43.50,15617.23,4853.38,37575.66,42271.20,305.12,117188.66,220147.47,依法申報,是,10018,10018010
109,34202841,榮成紙業股份有限公司蒸汽廠,0005,N14A1507,彰化縣,二林鎮,彰化縣二林鎮廣興里廣興巷1-1號,1513,紙板製造業,246910.11,65.91,1164.44,0.00,0.00,0.00,0.00,3813.64,251954.10,依法申報,是,10007,10007200
109,22099548,旺宏電子股份有限公司晶圓五廠,0005,O17A6887,新竹市,東區,新竹市東區力行路19號,2611,積體電路製造業,2404.21,83.09,6320.43,10080.66,30336.45,3144.62,29870.42,126647.61,208887.49,依法申報,是,10018,10018010
109,22099131,臺灣積體電路製造股份有限公司六廠,0005,R9004230,臺南市,善化區,臺南市善化區南科北路一號,2611,積體電路製造業,2845.69,97.87,40870.97,12775.95,64664.33,4943.14,15621.80,188311.66,330131.40,依法申報,是,67000,67000190
109,12800225,群創光電股份有限公司T2廠,0005,K71A1370,苗栗縣,竹南鎮,苗栗縣竹南鎮科學路168號,2641,液晶面板及其組件製造業,3688.39,80.46,126.77,0.00,0.00,12751.52,2401.41,230799.92,249848.47,依法申報,是,10005,10005040
109,11914002,臺灣玻璃工業股份有限公司臺中廠平板三場,0005,L9100563,臺中市,梧棲區,臺中市梧棲區自立三街220號,2311,平板玻璃及其製品製造業,38245.78,48.44,78.17,106.40,0.00,0.00,0.00,23322.52,61801.30,依法申報,是,66000,66000140
109,11384708,長春人造樹脂廠股份有限公司大發二廠,0005,S2015916,高雄市,大寮區,高雄市大寮區華西路6號,1820,石油化工原料製造業,79020.69,27.56,3.37,0.00,0.00,0.00,0.00,305270.16,384321.77,依法申報,是,64000,64000140
109,3707901,臺灣中油股份有限公司石化事業部林園石化廠,0005,S1900710,高雄市,林園區,高雄市林園區石化二路3號,1820,石油化工原料製造業,1998176.64,640.52,513.90,854.88,0.00,14227.20,0.00,85448.15,2099861.29,依法申報,是,64000,64000130
109,3522600,遠東新世紀股份有限公司化學纖維總廠,0005,J5700222,新竹縣,新埔鎮,新竹縣新埔鎮文山路亞東段369及600號,1850,人造纖維製造業,394056.67,386.15,1833.77,0.00,0.00,0.00,0.00,121207.70,517484.29,依法申報,是,10004,10004030
109,84149738,友達光電股份有限公司龍科廠,0004,H5008211,桃園市,龍潭區,桃園市龍潭區龍科街228號,2641,液晶面板及其組件製造業,8159.03,61.91,6.58,501.16,0.00,1067.88,318.25,302766.95,312881.76,依法申報,是,68000,68000090
109,75280209,東和鋼鐵企業股份有限公司桃園廠,0004,H53A0675,桃園市,觀音區,桃園市觀音區保障村8鄰草漯116號,2411,鋼鐵冶鍊業,62818.87,7.04,42.52,118.60,0.00,0.00,0.00,351304.82,414291.85,依法申報,是,68000,68000120
109,47299902,漢磊科技股份有限公司研發廠,0004,J6300299,新竹縣,寶山鄉,新竹縣寶山鄉新竹科學園區創新一路18號,2611,積體電路製造業,376.94,22.92,84.99,0.00,8072.78,205.20,73.89,24331.74,33168.46,依法申報,是,10004,10004100
109,28112667,力晶積成電子製造股份有限公司P1/2,0004,O17M3925,新竹市,東區,新竹市科學園區力行一路12號,2611,積體電路製造業,12316.78,149.85,7489.34,2447.10,7719.42,4585.36,10960.59,288187.98,333856.41,依法申報,是,10018,10018010
109,22099131,臺灣積體電路製造股份有限公司五廠,0004,J6301447,新竹縣,寶山鄉,新竹縣寶山鄉新竹科學工業園區園區三路121號,2611,積體電路製造業,3279.70,1.43,14361.48,9414.15,33299.40,2275.60,11290.38,96504.48,170426.62,依法申報,是,10004,10004100
109,12800225,群創光電股份有限公司T3廠,0004,K71A2695,苗栗縣,竹南鎮,苗栗縣竹南鎮科中路12號,2641,液晶面板及其組件製造業,1874.43,32.17,2702.85,0.00,664.87,4650.27,296.82,84683.54,94904.94,依法申報,是,10005,10005040
109,11914002,臺灣玻璃工業股份有限公司臺中廠,0004,L9100198,臺中市,梧棲區,臺中市梧棲區自強路377號,2311,平板玻璃及其製品製造業,100837.92,114.71,185.51,4.12,0.00,0.00,0.00,19526.80,120669.05,依法申報,是,66000,66000140
109,11384806,長春石油化學股份有限公司苗栗二廠,0004,K6801123,苗栗縣,苗栗市,苗栗縣苗栗市文聖里文山245號,1810,基本化學材料製造業,90688.49,94.86,42.32,4882.46,0.00,0.00,0.00,1269955.64,1365663.76,依法申報,是,10005,10005010
109,11384708,長春人造樹脂廠股份有限公司大發廠,0004,S2005081,高雄市,大寮區,高雄市大寮區華西路8號,1810,基本化學材料製造業,334624.95,2356.52,1549.42,195.15,0.00,0.00,0.00,225128.64,563854.68,依法申報,是,64000,64000140
109,3707901,臺灣中油股份有限公司煉製事業部桃園煉油廠,0004,H4803507,桃園市,龜山區,桃園市龜山區南上里民生北路一段50號,1700,石油及煤製品製造業,1239747.96,1451.06,629.41,71.07,0.00,0.00,0.00,189559.97,1431459.47,依法申報,是,68000,68000070
109,86522210,臺塑石化股份有限公司麥寮三廠,0003,P5802430,雲林縣,麥寮鄉,雲林縣麥寮鄉臺塑工業園區17號,1990,其他化學製品製造業,7194948.28,1560.71,19693.21,25.42,0.00,305.52,0.00,75500.99,7292034.13,依法申報,是,10009,10009130
109,85066002,中華紙漿股份有限公司臺東廠,0003,V7500777,臺東縣,臺東市,臺東縣臺東市中興路4段371號,1512,紙張製造業,118033.87,1365.69,744.64,16.70,0.00,0.00,0.00,46684.58,166845.49,依法申報,是,10014,10014010
109,84149738,友達光電股份有限公司L5廠,0003,O1707395,新竹市,東區,新竹市東區力行路23號,2641,液晶面板及其組件製造業,769.36,16.46,1.05,0.00,51.08,93.08,15.26,41247.33,42193.63,依法申報,是,10018,10018010
109,84149358,世界先進積體電路股份有限公司晶圓三廠,0003,H46B0495,桃園市,蘆竹區,桃園市蘆竹區長興里14鄰長榮路168號,2611,積體電路製造業,210.40,41.59,5312.00,4475.61,34995.08,7387.20,3821.95,181979.31,238223.14,依法申報,是,68000,68000050
109,70752257,穩懋半導體股份有限公司龜山廠,0003,H48B0554,桃園市,龜山區,桃園市龜山區山鶯路200-5號,2611,積體電路製造業,1638.57,88.53,161.55,0.00,18400.57,0.00,4.59,40881.68,61175.48,依法申報,是,68000,68000070
109,58650902,臺灣化學纖維股份有限公司新港廠,0003,Q7100254,嘉義縣,新港鄉,嘉義縣新港鄉中洋村中洋工業區一號,1850,人造纖維製造業,2452726.34,851.35,11420.19,1181.46,0.00,1876.44,0.00,8792.29,2476848.07,依法申報,是,10010,10010070
109,56121907,味丹企業股份有限公司沙鹿第一工廠,0003,L9000666,臺中市,沙鹿區,臺中市沙鹿區興安路63號,0896,調味品製造業,92563.32,45.03,394.97,0.00,0.00,15.96,0.00,18315.03,111334.31,依法申報,是,66000,66000130
109,47299902,漢磊科技股份有限公司研新廠(元件二廠),0003,O1701115,新竹市,東區,新竹市科學工業園區研新二路5號,2611,積體電路製造業,346.53,14.18,1072.98,1216.65,7041.47,3898.80,369.46,8741.74,22701.79,依法申報,是,10018,10018010
109,47217677,聯華電子股份有限公司Fab12A廠,0003,R0304131,臺南市,新市區,臺南市新市區南科二路18、20號,2611,積體電路製造業,17725.97,127.82,66836.01,4457.32,18054.41,3753.09,6246.18,410819.95,528020.75,依法申報,是,67000,67000200
109,35412204,華新麗華股份有限公司臺中不銹鋼廠,0003,B9100709,臺中市,梧棲區,臺中市梧棲區加工出口區經三路57號,2544,金屬表面處理業,38415.26,48.40,22.23,32.58,0.00,0.00,0.00,39808.20,78326.67,依法申報,是,66000,66000140
109,33085508,正隆股份有限公司大園廠,0003,H4700645,桃園市,大園區,桃園市大園區大工路116號,1512,紙張製造業,199182.70,21623.46,877.58,9.35,0.00,0.00,0.00,136676.68,358369.78,依法申報,是,68000,68000060
109,28112667,力晶積成電子製造股份有限公司P3,0003,O17M3896,新竹市,東區,新竹市力行路16-1號,2611,積體電路製造業,5434.44,28.84,6253.80,517.57,9315.12,2075.12,34.76,140932.02,164591.67,依法申報,是,10018,10018010
109,22099548,旺宏電子股份有限公司晶圓二廠,0003,O1706307,新竹市,東區,新竹市東區力行路16號,2611,積體電路製造業,1377.39,0.63,2484.69,9724.98,18315.17,6897.47,12274.31,89576.08,140650.71,依法申報,是,10018,10018010
109,22099131,臺灣積體電路製造股份有限公司三廠3E廠,0003,J6300324,新竹縣,寶山鄉,新竹縣寶山鄉研新二路6號,2611,積體電路製造業,1655.83,28.94,164.14,343.61,4847.48,1708.57,906.45,64927.32,74582.34,依法申報,是,10004,10004100
109,16741846,精材科技股份有限公司中壢廠,0003,H4313348,桃園市,中壢區,桃園市中壢區吉林路23號9樓,2699,未分類其他電子零組件製造業,23.85,49.80,0.06,155.50,6192.42,19113.24,244.24,13535.03,39314.14,依法申報,是,68000,68000020
109,12233428,大連化學工業股份有限公司大發廠,0003,S2005652,高雄市,大寮區,高雄市大寮區過溪里華西路8-1號,1810,基本化學材料製造業,89468.26,44.14,20.77,2444.50,0.00,0.00,0.00,646828.96,738806.63,依法申報,是,64000,64000140
109,11914002,臺灣玻璃工業股份有限公司新竹廠,0003,O1703351,新竹市,香山區,新竹市香山區中華路四段470號,2312,玻璃容器製造業,124778.39,226.30,220.70,101.29,0.00,0.00,0.00,49749.81,175076.48,依法申報,是,10018,10018030
109,11913502,臺灣水泥股份有限公司蘇澳廠,0003,G3200778,宜蘭縣,蘇澳鎮,宜蘭縣蘇澳鎮永昌路46號,2331,水泥製造業,1130248.66,119.48,1853.86,10.44,0.00,0.00,0.00,65545.20,1197777.64,依法申報,是,10002,10002030
109,11384708,長春人造樹脂廠股份有限公司高雄廠,0003,S2201092,高雄市,仁武區,高雄市仁武區工業一路8、12、14號,1841,合成樹脂及塑膠製造業,23718.62,538.07,16.45,4.79,0.00,22.80,0.00,77827.57,102128.29,依法申報,是,64000,64000170
109,4388145,臺灣康寧顯示玻璃股份有限公司,0003,B2311535,臺中市,西屯區,臺中市西屯區科園路1號,2311,平板玻璃及其製品製造業,40206.21,230.53,17.46,3428.43,0.00,0.00,0.00,332030.03,375912.65,依法申報,是,66000,66000060
109,3707901,臺灣中油股份有限公司煉製事業部大林煉油廠,0003,E5600056,高雄市,小港區,高雄市小港區沿海四路50號,1700,石油及煤製品製造業,2431822.55,499.02,854.28,2342.38,0.00,0.00,0.00,684865.94,3120384.16,依法申報,是,64000,64000110
109,3522600,遠東新世紀股份有限公司觀音化纖廠,0003,H5300210,桃園市,觀音區,桃園市觀音區觀音工業區經建六路3號,1850,人造纖維製造業,138085.67,169.64,614.27,0.00,0.00,0.00,0.00,89561.60,228431.18,依法申報,是,68000,68000120
109,3084741,中國石油化學工業開發股份有限公司大社廠,0003,S2300410,高雄市,大社區,高雄市大社區經建路1號,1820,石油化工原料製造業,135313.43,59.93,24.02,23.88,0.00,0.00,0.00,25143.61,160564.88,依法申報,是,64000,64000160
109,89390656,南亞科技股份有限公司三廠,0002,F1606662,新北市,泰山區,新北市泰山區南林路98號及115號,2611,積體電路製造業,10591.86,123.42,33854.20,3675.28,17575.34,925.29,23581.20,374426.52,464753.12,依法申報,是,65000,65000160
109,86522210,臺塑石化股份有限公司麥寮二廠,0002,P5801728,雲林縣,麥寮鄉,雲林縣麥寮鄉臺塑工業園區8、8-5號,1990,其他化學製品製造業,4686722.98,1170.15,17621.04,314.88,0.00,1092.12,0.00,228526.13,4935447.29,依法申報,是,10009,10009130
109,85978401,裕鐵企業股份有限公司岡山三廠,0002,S26A0793,高雄市,燕巢區,高雄市燕巢區安招路639-2號,2544,金屬表面處理業,20549.47,12.52,10.97,0.00,0.00,0.00,0.00,10325.71,30898.67,依法申報,是,64000,64000210
109,84149738,友達光電總部/友達光電股份有限公司L3B廠,0002,O1709193,新竹市,東區,新竹市東區力行二路1號,2641,液晶面板及其組件製造業,657.42,99.04,0.45,0.00,11.53,121.75,1100.63,19846.07,21836.89,依法申報,是,10018,10018010
109,84149358,世界先進積體電路股份有限公司晶圓二廠,0002,O1751197,新竹市,東區,新竹市東區力行路九號,2611,積體電路製造業,2452.01,55.78,17211.65,4850.61,49006.21,1194.43,972.95,134378.35,210121.99,依法申報,是,10018,10018010
109,80353271,臺灣美光晶圓科技股份有限公司二廠,0002,H4888582,桃園市,龜山區,桃園市龜山區文化村華亞五路2、6號,2611,積體電路製造業,9837.18,29.29,31526.19,1909.59,15546.91,779.76,4149.99,621228.92,685007.83,依法申報,是,68000,68000070
109,75708007,臺灣塑膠工業股份有限公司麥寮廠,0002,P5801602,雲林縣,麥寮鄉,雲林縣麥寮鄉中興村臺塑工業園區一號,1990,其他化學製品製造業,466414.91,1015.80,383.59,14421.93,0.00,221.16,0.00,3898504.39,4380961.78,依法申報,是,10009,10009130
109,75470524,海光企業股份有限公司嘉興鋼鐵廠,0002,E5602952,高雄市,小港區,高雄市小港區嘉興街5號,2413,鋼鐵軋延及擠型業,28269.29,28.04,15.41,0.00,0.00,0.00,0.00,33488.62,61801.36,依法申報,是,64000,64000110
109,75370905,南亞塑膠工業股份有限公司麥寮總廠,0002,P5801513,雲林縣,麥寮鄉,雲林縣麥寮鄉臺塑工業園區2號,1810,基本化學材料製造業,345730.33,149.18,153.35,1429.25,0.00,1026.00,0.00,829365.94,1177854.05,依法申報,是,10009,10009130
109,75280209,東和鋼鐵企業股份有限公司高雄廠,0002,E5600369,高雄市,小港區,高雄市小港區嘉興街八號,2413,鋼鐵軋延及擠型業,19975.03,43.63,14.63,33.87,0.00,0.00,0.00,12832.34,32899.50,依法申報,是,64000,64000110
109,70783006,華亞汽電股份有限公司觀音公用廠,0002,H53A2562,桃園市,觀音區,桃園市觀音區觀音工業區工業七路三號,3510,電力供應業,142202.03,42.97,672.29,6.61,0.00,0.00,0.00,4321.22,147245.11,依法申報,是,68000,68000120
109,70752257,穩懋半導體股份有限公司華亞二廠,0002,H4886999,桃園市,龜山區,桃園市龜山區文化里華亞二路358號與科技七路35號及35號2樓、3樓、4樓,2611,積體電路製造業,1263.76,117.85,378.46,295.50,34318.35,2031.48,0.00,51312.48,89717.88,依法申報,是,68000,68000070
109,70584724,艾杰旭顯示玻璃股份有限公司斗六二廠,0002,P46A0693,雲林縣,斗六市,雲林縣斗六市虎溪里科工八路八號,2311,平板玻璃及其製品製造業,95386.22,114.34,50.60,113.00,0.00,0.00,0.00,174880.74,270544.90,依法申報,是,10009,10009010
109,68919301,臺南紡織股份有限公司仁德廠,0002,R1001719,臺南市,仁德區,臺南市仁德區中正路二段八六二巷四五號,1113,人造纖維加工絲業,36714.15,910.85,21.52,135.15,0.00,0.00,0.00,28814.00,66595.67,依法申報,是,67000,67000270
109,68387705,奇美實業股份有限公司旭美廠,0002,R10A3047,臺南市,仁德區,開發四路36號,1841,合成樹脂及塑膠製造業,168773.69,162.67,225.74,58.62,0.00,0.00,0.00,30281.55,199502.25,依法申報,是,67000,67000270
109,47299902,漢磊科技股份有限公司創新廠,0002,J6300146,新竹縣,寶山鄉,新竹縣寶山鄉新竹科學工業園區創新一路3號,2611,積體電路製造業,0.09,9.42,1145.33,174.38,1793.64,0.00,0.00,8298.02,11420.89,依法申報,是,10004,10004100
109,40601248,幸福水泥股份有限公司東澳廠,0002,G4100017,宜蘭縣,南澳鄉,宜蘭縣南澳鄉蘇花路三段101號,2331,水泥製造業,628405.42,220.70,1363.44,5.80,0.00,0.00,0.00,42652.33,672647.69,依法申報,是,10002,10002120
109,33955322,力鵬企業股份有限公司楊梅廠,0002,H4500458,桃園市,楊梅區,桃園市楊梅區新榮路339號,1140,印染整理業,59058.07,123.41,273.15,2.13,0.00,0.00,0.00,18281.33,77738.09,依法申報,是,68000,68000040
109,33085508,正隆股份有限公司后里分公司,0002,L9200693,臺中市,后里區,臺中市后里區三豐路三段2號、星科路101號,1512,紙張製造業,794547.65,9281.83,3732.60,91.92,0.00,0.00,0.00,34499.05,842153.06,依法申報,是,66000,66000150
109,30414175,中國鋼鐵股份有限公司第三冷軋廠,0002,E56A4792,高雄市,小港區,高雄市小港區店鎮里嘉興街2號,2413,鋼鐵軋延及擠型業,51228.21,22.83,27.21,0.00,0.00,0.00,0.00,118620.06,169898.31,依法申報,是,64000,64000110
109,28518076,臺灣美光記憶體股份有限公司臺中二廠,0002,B9202664,臺中市,后里區,臺中市后科南路88號、88-1號,2611,積體電路製造業,2336.96,67.58,176.95,2396.28,383.10,287.28,46.44,145567.15,151261.73,依法申報,是,66000,66000150
109,28112667,力晶積成電子製造股份有限公司8AD,0002,o17k7818,新竹市,東區,新竹市東區篤行一路10號4樓,2611,積體電路製造業,131.51,1.34,0.06,34.76,163.26,61.56,0.00,6852.66,7245.15,依法申報,是,10018,10018010
109,22318678,亞東石化股份有限公司觀音二廠,0002,H53A3580,桃園市,觀音區,桃園市桃園市觀音區樹林里工業七路2號,1820,石油化工原料製造業,197792.81,87.05,70.95,41.76,0.00,0.00,0.00,95932.60,293925.18,依法申報,是,68000,68000120
109,22099131,臺灣積體電路製造股份有限公司三廠,0002,J6301107,新竹縣,寶山鄉,新竹縣寶山鄉研新一路9號,2611,積體電路製造業,2468.54,61.83,24034.00,13124.17,39411.16,17911.91,29595.75,165100.97,291708.34,依法申報,是,10004,10004100
109,16834268,富喬工業股份有限公司雲林分公司,0002,P48A0851,雲林縣,虎尾鎮,雲林縣虎尾鎮墾地里科虎二路8號,2313,玻璃纖維製造業,36604.59,1289.87,17.58,0.42,0.00,0.00,0.00,42018.60,79931.06,依法申報,是,10009,10009030
109,16741846,精材科技股份有限公司中壢二廠,0002,H43A2855,桃園市,中壢區,桃園市中壢區自強二路1號、桃園市中壢區自強一路8號,2699,未分類其他電子零組件製造業,187.20,38.49,0.00,992.05,15939.78,31730.76,639.84,16414.03,65942.15,依法申報,是,68000,68000020
109,16450500,瀚宇彩晶南科觸控感應器廠,0002,D0301680,臺南市,新市區,臺南市新市區環西路一段8號,2641,液晶面板及其組件製造業,137.37,7.83,0.21,858.00,0.00,0.00,0.00,47402.40,48405.80,依法申報,是,67000,67000200
109,16432742,凌巨科技股份有限公司八德廠,0002,H49A2429,桃園市,八德區,桃園市八德區和平路1127號,2641,液晶面板及其組件製造業,5689.72,104.52,3.07,0.00,7292.45,87465.36,485.04,81078.48,182118.64,依法申報,是,68000,68000080
109,16138282,合晶科技股份有限公司園區分公司,0002,H50A1985,桃園市,龍潭區,桃園市龍潭區龍園一路100號,2611,積體電路製造業,43.39,56.02,1001.91,4.29,4063.80,0.00,0.00,33403.48,38572.90,依法申報,是,68000,68000090
109,14040691,中美和石油化學股份有限公司臺中廠,0002,L9101748,臺中市,梧棲區,臺中市梧棲區南堤路二段89號,1820,石油化工原料製造業,133790.14,2225.78,33.38,36.89,0.00,72.96,0.00,32627.60,168786.75,依法申報,是,66000,66000140
109,12233428,大連化學工業股份有限公司高雄廠,0002,S2300465,高雄市,大社區,高雄市大社區興工路1-3號,1810,基本化學材料製造業,27224.79,26.30,11.18,1772.54,0.00,0.00,0.00,55987.64,85022.44,依法申報,是,64000,64000160
109,11914002,臺灣玻璃工業股份有限公司鹿港廠,0002,N0803765,彰化縣,鹿港鎮,彰化縣鹿港鎮鹿工路11號,2313,玻璃纖維製造業,39349.68,166.16,20.92,1155.80,0.00,0.00,0.00,93349.52,134042.08,依法申報,是,10007,10007020
109,11913502,臺灣水泥股份有限公司花蓮廠,0002,U9100978,花蓮縣,花蓮市,花蓮縣花蓮市民孝里華東103號,2331,水泥製造業,14.34,1.32,0.24,0.00,0.00,0.00,0.00,1115.64,1131.54,依法申報,是,10015,10015010
109,11384806,長春石油化學股份有限公司苗栗廠,0002,K6801089,苗栗縣,苗栗市,苗栗縣苗栗市福安里福星246、246-3號,1990,其他化學製品製造業,1495729.09,1599.03,7059.80,270.14,0.00,0.00,0.00,53732.61,1558390.66,依法申報,是,10005,10005010
109,7435515,新光合成纖維股份有限公司中壢廠,0002,H5100952,桃園市,平鎮區,桃園市平鎮區廣仁里延平路三段二二三號,1113,人造纖維加工絲業,99475.22,260.04,233.45,1061.18,0.00,0.00,0.00,155131.13,256161.01,依法申報,是,68000,68000100
109,3707901,臺灣中油股份有限公司煉製事業部高雄煉油廠,0002,E4900333,高雄市,楠梓區,高雄市楠梓區左楠路2號,1700,石油及煤製品製造業,60.59,12.50,1.79,233.50,0.00,0.00,0.00,17248.59,17556.97,依法申報,是,64000,64000040
109,3084741,中國石油化學工業開發股份有限公司頭份廠,0002,K7201001,苗栗縣,頭份市,苗栗縣頭份鎮中華路517號,1820,石油化工原料製造業,266244.67,125.61,108907.44,0.72,0.00,0.00,0.00,16763.59,392042.02,依法申報,是,10005,10005050
109,97170472,全新光電科技股份有限公司平鎮廠,0001,h5103604,桃園市,平鎮區,桃園市平鎮區工業一路16號,2649,其他光電材料及元件製造業,5.12,22.71,7.15,40.44,194.36,187.87,0.00,9632.38,10090.02,依法申報,是,68000,68000100
109,96976990,嘉惠電力(股)有限公司,0001,Q6907286,嘉義縣,民雄鄉,嘉義縣民雄鄉松山村4鄰松子腳688號,3510,電力供應業,896070.08,406.82,476.32,0.00,0.00,0.00,0.00,9543.15,906496.37,依法申報,是,10010,10010050
109,96971313,中鋼鋁業股份有限公司,0001,E5600092,高雄市,小港區,高雄市小港區山明里東林路一七號,2422,鋁鑄造業,65636.12,141.08,36.39,272.13,0.00,0.00,0.00,113620.36,179706.08,依法申報,是,64000,64000110
109,96933037,長生電力股份有限公司,0001,H4604568,桃園市,蘆竹區,桃園市蘆竹區濱海路一段199號,3510,電力供應業,1501744.26,880.92,797.90,16.09,0.00,0.00,0.00,4594.30,1508033.47,依法申報,是,68000,68000050
109,94025264,中華紙漿股份有限公司花蓮廠,0001,U9500478,花蓮縣,吉安鄉,花蓮縣吉安鄉光華村光華街100號,1511,紙漿製造業,68237.80,1222.87,3626.21,0.00,0.00,0.00,0.00,97851.45,170938.32,依法申報,是,10015,10015050
109,89528054,臺灣鋼聯股份有限公司,0001,N1607141,彰化縣,伸港鄉,彰化縣伸港鄉彰濱工業區線工北一路36號,1810,基本化學材料製造業,88956.10,9.19,19.40,1.29,0.00,0.00,0.00,9775.94,98761.91,依法申報,是,10007,10007050
109,89397503,臺鹽實業股份有限公司通霄精鹽廠,0001,K7000504,苗栗縣,通霄鎮,苗栗縣通霄鎮內島里122號,0897,調理食品製造業,23618.84,46.53,13.29,30.13,0.00,0.00,0.00,817.05,24525.83,依法申報,是,10005,10005030
109,86871981,潤泰精密材料股份有限公司宜蘭冬山廠,0001,G37A0585,宜蘭縣,冬山鄉,宜蘭縣冬山鄉安平村大安路三五七之一.三五七之二.三五七之三號,2331,水泥製造業,552204.82,79.40,1060.79,0.00,0.00,0.00,0.00,42628.33,595973.35,依法申報,是,10002,10002080
109,86685142,臺灣汽電共生股份有限公司官田廠,0001,R9702160,臺南市,官田區,臺南市官田區工業西路28號,3510,電力供應業,365543.87,1028.97,2630.89,5.64,0.00,0.00,0.00,3525.24,372734.61,依法申報,是,67000,67000100
109,86522210,臺塑石化股份有限公司麥寮一廠,0001,P5802421,雲林縣,麥寮鄉,雲林縣麥寮鄉臺塑工業園區7、15號,1810,基本化學材料製造業,13337449.11,12520.86,51604.27,535.48,0.00,4170.12,0.00,0.00,13406279.85,依法申報,是,10009,10009130
109,86120031,信昌化學工業股份有限公司林園廠,0001,S1901066,高雄市,林園區,高雄市林園區工業三路九號,1820,石油化工原料製造業,163633.94,64.56,54.12,0.99,0.00,0.00,0.00,111388.44,275142.05,依法申報,是,64000,64000130
109,85978401,裕鐵企業股份有限公司岡山二廠,0001,S2602473,高雄市,燕巢區,高雄市燕巢區安招里安招路639-1號,2544,金屬表面處理業,41775.14,43.84,20.17,3.55,0.00,0.00,0.00,46047.30,87890.00,依法申報,是,64000,64000210
109,85803825,高雄塑酯化學股份有限公司,0001,S2300447,高雄市,大社區,高雄市大社區興工路一號,1810,基本化學材料製造業,67706.23,10.85,0.63,1744.57,0.00,0.00,0.00,21878.96,91341.24,依法申報,是,64000,64000160
109,85793919,龍慶鋼鐵企業股份有限公司,0001,E5600798,高雄市,小港區,高雄市小港區利昌街4號,2413,鋼鐵軋延及擠型業,21525.46,22.40,11.47,15.09,0.00,0.00,0.00,51276.29,72850.71,依法申報,是,64000,64000110
109,85066002,中華紙漿股份有限公司久堂廠,0001,S2100223,高雄市,大樹區,高雄市大樹區久堂里久堂路112號,1512,紙張製造業,437521.78,213.78,2060.97,382.10,0.00,11.40,0.00,15344.33,455534.36,依法申報,是,64000,64000150
109,84613756,中龍鋼鐵股份有限公司,0001,L0200633,臺中市,龍井區,臺中市龍井區龍昌路100號,2411,鋼鐵冶鍊業,8957395.22,640.14,61.95,1315.51,0.00,0.00,0.00,182862.21,9142275.03,依法申報,是,66000,66000250
109,84526079,大園汽電共生股份有限公司,0001,H4702336,桃園市,大園區,桃園市大園區北港里14鄰潮音北路276號,3510,電力供應業,449490.19,146.95,1948.77,0.00,0.00,0.00,0.00,12905.82,464491.72,依法申報,是,68000,68000060
109,84149358,世界先進積體電路股份有限公司晶圓一廠,0001,J6300959,新竹縣,寶山鄉,新竹縣寶山鄉園區三路一二三號,2611,積體電路製造業,1515.87,78.43,10043.32,7596.01,68179.41,14907.96,1978.08,114802.26,219101.32,依法申報,是,10004,10004100
109,80601119,采鈺科技股份有限公司,0001,O1749526,新竹市,東區,新竹市東區篤行一路十二號,2699,未分類其他電子零組件製造業,1879.74,96.75,1.25,872.94,1617.32,0.00,3695.70,29493.75,37657.44,依法申報,是,10018,10018010
109,80354671,慶欣欣鋼鐵股份有限公司,0001,N1601229,彰化縣,伸港鄉,彰化縣伸港鄉溪底村全興工業區工西二路二號,2411,鋼鐵冶鍊業,164232.49,59.70,68.45,0.29,0.00,0.00,0.00,245890.04,410250.97,依法申報,是,10007,10007050
109,80353271,臺灣美光晶圓科技股份有限公司一廠,0001,H4889454,桃園市,龜山區,桃園市龜山區文化村復興三路667號、669號及科技八路五號,2611,積體電路製造業,15710.01,89.25,55070.31,7277.83,33419.64,3800.30,6207.00,557351.94,678926.28,依法申報,是,68000,68000070
109,79837539,盛餘股份有限公司,0001,E5600565,高雄市,小港區,高雄市小港區中林路11號,2544,金屬表面處理業,26269.60,29.99,19.01,42.89,0.00,2.28,0.00,52212.63,78576.40,依法申報,是,64000,64000110
109,79254702,協勝發鋼鐵廠股份有限公司,0001,E5600332,高雄市,小港區,高雄市小港區店鎮里光陽街七號,2411,鋼鐵冶鍊業,85971.05,49.66,24.44,2.51,0.00,0.00,0.00,185720.72,271768.37,依法申報,是,64000,64000110
109,75947936,燁輝企業股份有限公司高雄一廠,0001,S2500536,高雄市,橋頭區,高雄市橋頭區芋寮路369號,2544,金屬表面處理業,61885.62,112.27,38.59,11.15,0.00,0.00,0.00,67111.69,129159.32,依法申報,是,64000,64000200
109,75688109,漢泰鋼鐵股份有限公司,0001,E5601080,高雄市,小港區,高雄市小港區世全路4號,2413,鋼鐵軋延及擠型業,32679.32,25.55,19.73,3.83,0.00,0.00,0.00,14989.52,47717.95,依法申報,是,64000,64000110
109,75470524,海光企業股份有限公司,0001,E5600501,高雄市,小港區,高雄市小港區沿海二路12號,2411,鋼鐵冶鍊業,31369.03,27.53,21.49,0.00,0.00,15.96,0.00,110224.74,141658.74,依法申報,是,64000,64000110
109,75460005,唐榮鐵工廠股份有限公司,0001,E5601197,高雄市,小港區,高雄市小港區沿海二路4號,2411,鋼鐵冶鍊業,74153.65,229.56,699.11,0.57,0.00,0.00,0.00,97636.21,172719.10,依法申報,是,64000,64000110
109,75370905,南亞塑膠工業股份有限公司海豐總廠,0001,P5805244,雲林縣,麥寮鄉,雲林縣麥寮鄉中興村臺塑工業園區42號、47號、52號,1810,基本化學材料製造業,339172.63,59.18,34.30,701.27,0.00,11.40,0.00,1313422.14,1653400.93,依法申報,是,10009,10009130
109,75280209,東和鋼鐵企業股份有限公司苗栗廠,0001,K8100129,苗栗縣,西湖鄉,苗栗縣西湖鄉二湖村7鄰坪頂22號,2411,鋼鐵冶鍊業,103294.51,93.96,59.00,3.67,0.00,6.84,0.00,254985.38,358443.37,依法申報,是,10005,10005140
109,73252657,統一實業股份有限公司二廠,0001,R1412418,臺南市,永康區,臺南市永康區和平路77號,2549,其他金屬加工處理業,38086.50,56.91,20.56,8.35,0.00,0.00,0.00,79587.47,117759.80,依法申報,是,67000,67000310
109,72065240,官田鋼鐵股份有限公司官田廠,0001,R9701850,臺南市,官田區,臺南市官田區南?里南?119-5號,2413,鋼鐵軋延及擠型業,14144.84,15.78,34.48,0.00,0.00,0.00,0.00,12628.59,26823.68,依法申報,是,67000,67000100
109,70833553,國光電力股份有限公司,0001,H4810799,桃園市,龜山區,桃園市龜山區南上里北油一區11號,3510,電力供應業,777248.22,372.18,413.45,79.34,0.00,0.00,0.00,3105.73,781218.92,依法申報,是,68000,68000070
109,70783765,星能電力股份有限公司,0001,N1504207,彰化縣,線西鄉,彰化縣線西鄉彰濱工業區線工南二路二號,3510,電力供應業,883339.99,415.96,469.80,34.84,0.00,0.00,0.00,4652.54,888913.12,依法申報,是,10007,10007040
109,70783499,森霸電力公司豐德電廠,0001,R0503072,臺南市,山上區,臺南市山上區豐德里隙子口66號,3510,電力供應業,1669844.82,794.20,887.71,29.77,0.00,0.00,0.00,5147.40,1676703.89,依法申報,是,67000,67000220
109,70783006,華亞汽電股份有限公司華亞汽電廠,0001,H4810851,桃園市,龜山區,桃園市龜山區文化里華亞一路九八號,3510,電力供應業,2236085.62,603.70,10560.91,6.68,0.00,0.00,0.00,25811.64,2273068.55,依法申報,是,68000,68000070
109,70752257,穩懋半導體股份有限公司華亞廠,0001,H4806348,桃園市,龜山區,桃園市龜山區文化里科技七路69號,2611,積體電路製造業,1111.94,33.30,113.12,15.80,16916.15,0.00,0.00,22188.37,40378.68,依法申報,是,68000,68000070
109,70750217,和鑫光電股份有限公司南科廠,0001,D9000120,臺南市,善化區,臺南市善化區北園一路7號,2649,其他光電材料及元件製造業,452.91,25.48,29064.27,179.82,5835.85,0.00,699.70,41705.51,77963.55,依法申報,是,67000,67000190
109,70552666,臺星科股份有限公司,0001,J6203071,新竹縣,芎林鄉,新竹縣芎林鄉華龍村鹿寮坑176之5號,2699,未分類其他電子零組件製造業,43.60,56.94,0.72,40.28,3771.12,0.00,0.00,25710.63,29623.29,依法申報,是,10004,10004070
109,69771636,威致鋼鐵工業股份有限公司,0001,R9701341,臺南市,官田區,臺南市官田區南廓村南廓123號,2411,鋼鐵冶鍊業,92173.76,50.37,93.15,10.66,0.00,0.00,0.00,180373.02,272700.97,依法申報,是,67000,67000100
109,68387705,奇美實業股份有限公司(仁德廠),0001,R1002065,臺南市,仁德區,文賢里中正路一段398號A棟,1841,合成樹脂及塑膠製造業,151070.43,385.44,333.67,3008.48,0.00,0.00,0.00,259602.97,414401.00,依法申報,是,67000,67000270
109,57002416,大鐘印染股份有限公司中壢廠,0001,H4301839,桃園市,中壢區,桃園市中壢區新生路三段741號,1140,印染整理業,39387.23,69.53,167.42,5.43,0.00,0.00,0.00,7932.82,47562.42,依法申報,是,68000,68000020
109,55695790,建順煉鋼股份有限公司,0001,K7000513,苗栗縣,通霄鎮,苗栗縣通霄鎮五北里68-4號,2411,鋼鐵冶鍊業,31455.11,24.00,4.74,314.89,0.00,0.00,0.00,90138.32,121937.06,依法申報,是,10005,10005030
109,55389357,豐興鋼鐵股份有限公司,0001,L9200728,臺中市,后里區,臺中市后里區甲后路一段998號,2411,鋼鐵冶鍊業,251401.26,110.02,72.80,358.37,0.00,0.00,0.00,510588.50,762530.96,依法申報,是,66000,66000150
109,54796568,東齊染整股份有限公司,0001,H53A6138,桃園市,觀音區,桃園市大堀里新華路二段225-1號,1140,印染整理業,27654.80,19.03,125.76,0.00,0.00,0.00,0.00,6302.11,34101.69,依法申報,是,68000,68000120
109,54393468,美商蘋果電子股份有限公司臺灣分公司,0001,H50A6777,桃園市,龍潭區,桃園市龍潭區龍園十路55號,2649,其他光電材料及元件製造業,355.87,13.03,2859.19,42.32,88.33,144.46,48.72,18819.78,22371.70,依法申報,是,68000,68000090
109,53520959,錦州科技股份有限公司大發廠,0001,E2000554,高雄市,大寮區,高雄市大寮區過溪里華西路8-6號,3530,蒸汽供應業,556499.89,4069.73,2626.78,0.00,0.00,0.00,0.00,10454.84,573651.24,依法申報,是,64000,64000140
109,53170263,聯穎光電股份有限公司竹科廠,0001,J63A1719,新竹縣,寶山鄉,新竹縣寶山鄉創新一路10號,2611,積體電路製造業,454.51,17.31,2574.93,2502.82,10175.10,3488.40,557.28,37981.17,57751.52,依法申報,是,10004,10004100
109,53121117,利芃國際股份有限公司觀音,0001,H53A2255,桃園市,觀音區,桃園市觀音區國瑞路16號,1990,其他化學製品製造業,25736.17,26.72,59.42,13.40,0.00,0.00,0.00,11632.34,37468.05,依法申報,是,68000,68000120
109,50301500,廣源造紙股份有限公司臺中廠,0001,L8801052,臺中市,大甲區,"臺中市大甲區日南里工一路1、2號、工三路15號及工五路5、7  號",1513,紙板製造業,108835.65,595.59,1121.02,6.17,0.00,0.00,0.00,49628.12,160186.54,依法申報,是,66000,66000110
109,47217677,聯華電子股份有限公司Fab8D廠,0001,O1709148,新竹市,東區,新竹市東區力行三路六、八號,2611,積體電路製造業,5894.27,52.13,18515.40,4832.09,75514.64,3758.80,2957.09,163867.94,275392.36,依法申報,是,10018,10018010
109,47109348,華夏玻璃股份有限公司,0001,O1703315,新竹市,香山區,新竹市香山區埔前里埔前路49號,2312,玻璃容器製造業,96274.37,126.01,143.34,14.41,0.00,0.00,0.00,28825.44,125383.56,依法申報,是,10018,10018030
109,46007218,大享容器工業股份有限公司,0001,J5700231,新竹縣,新埔鎮,新竹縣新埔鎮文山里文山路犁頭山段1118號,2312,玻璃容器製造業,83471.35,105.77,158.71,1.00,0.00,0.00,0.00,21037.82,104774.64,依法申報,是,10004,10004030
109,43834853,臺光染整股份有限公司海湖二廠,0001,H46A9391,桃園市,蘆竹區,桃園市濱海里13鄰濱海路一段358、358-1號,1140,印染整理業,22864.82,6.26,108.44,0.00,0.00,0.00,0.00,589.36,23568.88,依法申報,是,68000,68000050
109,42818882,林園先進材料科技股份有限公司,0001,E1902497,高雄市,林園區,高雄市林園區石化四路1號,1700,石油及煤製品製造業,245215.90,20.66,8.82,0.00,0.00,0.00,0.00,11484.86,256730.23,依法申報,是,64000,64000130
109,42010509,羅東鋼鐵廠股份有限公司煉鋼廠,0001,G32A0540,宜蘭縣,蘇澳鎮,宜蘭縣蘇澳鎮德興一路57、59號,2411,鋼鐵冶鍊業,30076.37,24.00,5.90,2.30,0.00,0.00,0.00,86387.55,116496.11,依法申報,是,10002,10002030
109,38033305,臺硝股份有限公司桃園廠,0001,H4601290,桃園市,蘆竹區,桃園市蘆竹區坑口里3鄰大坑街25號,1990,其他化學製品製造業,40678.09,3873.66,195.37,3.55,0.00,0.00,0.00,18629.42,63380.09,依法申報,是,68000,68000050
109,35412204,華新麗華股份有限公司鹽水廠,0001,R8500582,臺南市,鹽水區,臺南市鹽水區汫水里溪州寮3-10號A棟,2411,鋼鐵冶鍊業,86851.95,166.10,68.09,12.66,0.00,0.00,0.00,149489.24,236588.05,依法申報,是,67000,67000020
109,35082604,中興紡織廠股份有限公司楊梅化纖廠,0001,H4500743,桃園市,楊梅區,桃園市楊梅區桃園市楊梅區中山南路567號,1841,合成樹脂及塑膠製造業,66962.23,168.50,223.11,3.00,0.00,0.00,0.00,71222.35,138579.20,依法申報,是,68000,68000040
109,34286449,臺灣半導體股份有限公司利澤廠,0001,g38a0540,宜蘭縣,五結鄉,宜蘭縣五結鄉利工一路二段31號,2613,半導體封裝及測試業,1.73,18.52,0.03,26.10,0.00,0.00,0.00,9436.45,9482.83,依法申報,是,10002,10002090
109,34202841,榮成紙業股份有限公司,0001,N1400562,彰化縣,二林鎮,彰化縣二林鎮廣興里廣興巷1-1號,1513,紙板製造業,241356.23,97.88,957.35,131.42,0.00,0.00,0.00,3017.58,245560.46,依法申報,是,10007,10007200
109,34175598,錦美紙業股份有限公司觀音廠,0001,H5300425,桃園市,觀音區,桃園市觀音區榮工北路10號,1513,紙板製造業,25812.75,57.66,140.92,0.00,0.00,0.00,0.00,16402.55,42413.88,依法申報,是,68000,68000120
109,33955322,力鵬企業股份有限公司彰化尼龍總廠,0001,N2904318,彰化縣,芳苑鄉,彰化縣芳苑鄉芳苑工業區工業路33號,1850,人造纖維製造業,31221.00,86.19,142.35,0.82,0.00,0.00,0.00,131363.00,162813.37,依法申報,是,10007,10007230
109,33085508,正隆股份有限公司竹北廠,0001,J5500366,新竹縣,竹北市,新竹縣竹北市長青路二段300號,1591,家庭及衛生用紙製造業,69128.85,755.91,308.34,58.21,0.00,0.00,0.00,65507.91,135759.21,依法申報,是,10004,10004010
109,30974253,臺灣石化合成股份有限公司林園廠,0001,S1900694,高雄市,林園區,高雄市林園區工業二路1號,1990,其他化學製品製造業,30065.58,216.38,28.01,1.77,0.00,0.00,0.00,85557.26,115869.00,依法申報,是,64000,64000130
109,30901647,辛耘企業股份有限公司,0001,J59A1577,新竹縣,湖口鄉,新竹縣湖口鄉新竹工業區中華路16號,2928,電子及半導體生產用機械設備製造業,4.61,34.14,0.06,6.76,496.61,0.00,0.00,9239.81,9781.99,依法申報,是,10004,10004050
109,30414175,中國鋼鐵股份有限公司,0001,E5600841,高雄市,小港區,高雄市小港區中鋼路1號,2411,鋼鐵冶鍊業,18257047.91,1130.39,3141.90,5802.63,0.00,27.36,0.00,1149538.16,19416688.35,依法申報,是,64000,64000110
109,28518076,臺灣美光記憶體股份有限公司臺中一廠,0001,L9202099,臺中市,后里區,臺中市后里區臺中市后里區三豐路四段369號,2611,積體電路製造業,39665.98,191.88,24278.83,4088.87,34856.72,1539.00,8659.29,538812.06,652092.63,依法申報,是,66000,66000150
109,28112667,力晶積成電子製造股份有限公司8A,0001,O1753306,新竹市,東區,新竹市東區力行一路18號,2611,積體電路製造業,4721.12,40.36,682.51,1273.65,20273.26,7154.45,721.73,88008.42,122875.49,依法申報,是,10018,10018010
109,28112646,新唐科技股份有限公司,0001,O17A0968,新竹市,東區,新竹市東區研新三路4號,2611,積體電路製造業,531.32,128.96,1196.32,10949.85,10636.59,12106.80,601.78,36819.33,72970.94,依法申報,是,10018,10018010
109,28098406,易昇鋼鐵股份有限公司,0001,R14A1883,臺南市,永康區,臺南市永康區正南一街200號,2411,鋼鐵冶鍊業,23388.17,30.36,27.95,43.11,0.00,0.00,0.00,89535.92,113025.51,依法申報,是,67000,67000310
109,27945086,星元電力股份有限公司(星元天然氣發電廠),0001,N1505633,彰化縣,線西鄉,彰化縣線西鄉慶安南二路二號,3510,電力供應業,912980.05,543.28,485.83,16.70,0.00,0.00,0.00,5277.31,919303.18,依法申報,是,10007,10007040
109,27719048,永豐餘工業用紙股份有限公司新屋廠,0001,H5200215,桃園市,新屋區,桃園市新屋區永安里永福路281、306號,1599,未分類其他紙製品製造業,678801.51,1174.59,3965.49,353.92,0.00,0.00,0.00,31030.98,715326.49,依法申報,是,68000,68000110
109,27208480,尚承鋼鐵股份有限公司,0001,E56A2617,高雄市,小港區,高雄市小港區龍鳳里大業南路7號,2413,鋼鐵軋延及擠型業,78402.91,34.68,41.81,13.78,0.00,0.00,0.00,72863.13,151356.31,依法申報,是,64000,64000110
109,24548079,臺灣科慕股份有限公司觀音廠,0001,H53A6653,桃園市,觀音區,桃園市觀音區成功路二段566號,1810,基本化學材料製造業,91341.73,41.41,13.14,159.77,0.00,0.00,0.00,122629.76,214185.81,依法申報,是,68000,68000120
109,24001900,日皓造紙工業股份有限公司,0001,h5302063,桃園市,觀音區,桃園市觀音區樹林里國建三路五號,1511,紙漿製造業,26566.02,3.52,54.30,9.52,0.00,0.00,0.00,20224.92,46858.27,依法申報,是,68000,68000120
109,23667505,上評科技實業股份有限公司嘉義廠,0001,Q6900821,嘉義縣,民雄鄉,嘉義縣興南村工業一路10號,1513,紙板製造業,24536.33,64.35,172.39,4.36,0.00,0.00,0.00,14838.32,39615.74,依法申報,是,10010,10010050
109,23531178,合興石化工業股份有限公司林園廠,0001,S1901002,高雄市,林園區,高雄市林園區石化二路2號,1990,其他化學製品製造業,27500.78,16.29,19.43,0.00,0.00,15.96,0.00,27562.38,55114.84,依法申報,是,64000,64000130
109,23528103,敦南科技股份有限公司基隆廠,0001,C1500291,基隆市,安樂區,基隆市安樂區武訓街28-1號,2699,未分類其他電子零組件製造業,15.27,30.68,80.94,154.23,279.34,0.00,0.00,11099.82,11660.28,依法申報,是,10017,10017060
109,23218395,燁聯鋼鐵股份有限公司,0001,S1601990,高雄市,岡山區,高雄市岡山區興隆街600號,2411,鋼鐵冶鍊業,238450.80,276.47,140.09,207.91,0.00,0.00,0.00,340217.69,579292.96,依法申報,是,64000,64000190
109,23145632,帆宣系統科技股份有限公司,0001,J5909823,新竹縣,湖口鄉,新竹縣湖口鄉光復南路35號,2928,電子及半導體生產用機械設備製造業,19.56,7.66,0.69,0.00,75.20,0.00,0.00,832.99,936.09,依法申報,是,10004,10004050
109,22927617,展頌股份有限公司斗六廠,0001,P4602374,雲林縣,斗六市,雲林縣斗六市斗工十路156號,1850,人造纖維製造業,18517.55,17.02,72.86,1.89,0.00,0.00,0.00,13423.35,32032.67,依法申報,是,10009,10009010
109,22822748,聯成鋼鐵股份有限公司桃園廠,0001,H5200617,桃園市,新屋區,桃園市新屋區石磊里4鄰中華路996號,2411,鋼鐵冶鍊業,28698.21,16.93,8.37,5.03,0.00,0.00,0.00,61936.36,90664.91,依法申報,是,68000,68000110
109,22817999,宏遠興業股份有限公司,0001,R0500240,臺南市,山上區,臺南市山上區明和里256號,1140,印染整理業,69973.92,279.57,322.23,132.97,0.00,0.00,0.00,53846.91,124555.59,依法申報,是,67000,67000220
109,22663571,福隆玻璃纖維股份有限公司,0001,Q6901613,嘉義縣,民雄鄉,嘉義縣民雄鄉民雄工業區中華路89號,2399,未分類其他非金屬礦物製品製造業,23242.13,38.37,11.15,183.37,0.00,0.00,0.00,31567.97,55042.98,依法申報,是,10010,10010050
109,22662355,臺灣必成股份有限公司新港廠,0001,Q7100245,嘉義縣,新港鄉,嘉義縣新港鄉中洋村中洋工業區2之1號,2313,玻璃纖維製造業,57370.71,115.69,83.11,400.40,0.00,0.00,0.00,172464.93,230434.84,依法申報,是,10010,10010070
109,22327037,永豐餘消費品實業股份有限公司清水廠,0001,L8900676,臺中市,清水區,臺中市清水區海風里舊庄路258號,1591,家庭及衛生用紙製造業,43076.66,122.62,301.13,3.86,1.86,0.00,0.00,28173.65,71679.78,依法申報,是,66000,66000120
109,22318678,亞東石化股份有限公司,0001,H5300078,桃園市,觀音區,桃園市觀音區經建四路四七號,1820,石油化工原料製造業,67125.30,29.41,18.92,0.00,0.00,0.00,0.00,38023.49,105197.12,依法申報,是,68000,68000120
109,22267777,大統新創股份有限公司染整廠,0001,H4600551,桃園市,蘆竹區,桃園市蘆竹區榮安路9號,1140,印染整理業,28255.40,59.51,136.31,2.54,0.00,0.00,0.00,5192.29,33646.04,依法申報,是,68000,68000050
109,22099890,元太科技工業股份有限公司,0001,O1706049,新竹市,東區,"新竹市東區科學工業園區力行一路 3 號",2641,液晶面板及其組件製造業,30.00,16.30,0.90,0.00,0.00,58.82,9.39,15893.87,16009.29,依法申報,是,10018,10018010
109,22099343,臺灣高技股份有限公司,0001,J6300155,新竹縣,寶山鄉,新竹縣寶山鄉創新一路17號,2699,未分類其他電子零組件製造業,0.79,0.00,0.00,0.00,0.00,205.20,0.00,4211.78,4417.77,依法申報,是,10004,10004100
109,22099218,華邦電子股份有限公司中科廠,0001,L9506056,臺中市,大雅區,臺中市大雅區科雅一路八號,2611,積體電路製造業,14279.43,67.97,17347.65,3128.53,11621.00,3919.32,2907.11,274222.12,327493.12,依法申報,是,66000,66000180
109,22099174,元隆電子股份有限公司,0001,O1700798,新竹市,東區,新竹市東區科學工業園區研發二路18號,2611,積體電路製造業,3.60,0.02,2510.98,1912.31,52444.10,45.60,73.89,20381.56,77372.05,依法申報,是,10018,10018010
109,22099131,臺灣積體電路製造股份有限公司二廠,0001,J6300557,新竹縣,寶山鄉,新竹縣寶山鄉新竹科學園區園區三路121號,2611,積體電路製造業,1838.10,0.97,3971.23,2402.43,25866.12,17858.43,5142.23,74763.86,131843.38,依法申報,是,10004,10004100
109,22099110,臺灣茂矽電子股份有限公司,0001,O1704812,新竹市,東區,新竹科學工業園區新竹市研新一路一號,2611,積體電路製造業,54.25,57.09,1166.10,7.96,164502.84,5371.68,2229.12,50232.81,223621.86,依法申報,是,10018,10018010
109,20939460,立安東化工股份有限公司三義廠,0001,k8000366,苗栗縣,三義鄉,苗栗縣三義鄉鯉魚潭村鯉魚口99號,1810,基本化學材料製造業,86697.32,50.75,312.81,3.76,0.00,0.00,0.00,17116.49,104181.13,依法申報,是,10005,10005130
109,20844865,臺灣苯乙烯工業股份有限公司高雄廠,0001,S1900658,高雄市,林園區,高雄市林園區工業一路7號,1820,石油化工原料製造業,330886.06,95.00,1192.18,23.32,0.00,0.00,0.00,32486.23,364682.78,依法申報,是,64000,64000130
109,19084015,臺灣氯乙烯工業股份有限公司林園廠,0001,S1900372,高雄市,林園區,高雄市林園區工業一路1號,1820,石油化工原料製造業,101923.93,2572.92,46.85,4.75,0.00,0.00,0.00,68158.18,172706.62,依法申報,是,64000,64000130
109,16847968,艾克爾先進科技股份有限公司,0001,J5905432,新竹縣,湖口鄉,新竹縣湖口鄉光復北路39號,2611,積體電路製造業,410.20,41.78,1.40,2.57,1795.77,0.00,0.00,12095.67,14347.39,依法申報,是,10004,10004050
109,16834268,富喬工業股份有限公司,0001,P4602758,雲林縣,斗六市,雲林縣斗六市榴南里斗工16路8號,2399,未分類其他非金屬礦物製品製造業,29195.16,850.24,40.53,1.88,0.00,0.00,0.00,47414.79,77502.59,依法申報,是,10009,10009010
109,16741846,精材科技股份有限公司中壢三廠,0001,H43C0794,桃園市,中壢區,桃園市中壢區中壢工業區中園路188號,2699,未分類其他電子零組件製造業,62.60,55.24,0.00,525.16,74.06,155.04,44.72,52879.07,53795.89,依法申報,是,68000,68000020
109,16635562,豐年豐和企業股份有限公司上崙一廠,0001,R1002547,臺南市,仁德區,臺南市仁德區上崙里崑崙路201號,0840,食用油脂製造業,17009.63,10074.90,9.27,1.67,0.00,0.00,0.00,9231.58,36327.04,依法申報,是,67000,67000270
109,16596337,新桃電力股份有限公司,0001,J5601064,新竹縣,關西鎮,新竹縣關西鎮臺電新村66號,3510,電力供應業,942147.03,422.57,501.24,0.64,0.00,136.80,0.00,6104.32,949312.59,依法申報,是,10004,10004040
109,16450500,瀚宇彩晶南科TFT-LCD三廠,0001,R0305156,臺南市,新市區,臺南市新市區南科二路35號,2641,液晶面板及其組件製造業,6437.88,407.65,175.91,240.67,0.00,104504.05,2015.08,214240.04,328021.26,依法申報,是,67000,67000200
109,16138282,合晶科技股份有限公司,0001,H4503575,桃園市,楊梅區,桃園市楊梅區蘋果路1號,2699,未分類其他電子零組件製造業,1084.37,45.74,270.17,39.85,1533.13,0.00,0.00,27784.29,30757.56,依法申報,是,68000,68000040
109,16130423,宏捷科技股份有限公司南科大利廠,0001,R0301603,臺南市,新市區,臺南市新市區大利一路6號,2611,積體電路製造業,94.97,63.31,24.44,25.16,17631.12,0.00,0.00,12420.48,30259.49,依法申報,是,67000,67000200
109,16096852,和平電力股份有限公司和平火力發電廠,0001,U0100258,花蓮縣,秀林鄉,花蓮縣秀林鄉和平村和工二路七號,3510,電力供應業,7836664.64,32528.22,36893.71,249.04,0.00,1071.60,0.00,463.25,7907870.46,依法申報,是,10015,10015110
109,16083358,中華凸版電子股份有限公司,0001,H4903093,桃園市,八德區,桃園市八德區和平路1127之3號,2611,積體電路製造業,202.45,32.00,1.46,16.32,4817.54,1.82,0.00,18090.95,23162.54,依法申報,是,68000,68000080
109,16007423,泰利實業股份有限公司五股廠,0001,F1507182,新北市,五股區,新北市五股區凌雲路2段16號,1140,印染整理業,7858.79,16.90,18.74,0.00,0.00,0.00,0.00,3107.68,11002.11,依法申報,是,65000,65000150
109,15395706,義芳化學工業股份有限公司桃園廠,0001,H4601227,桃園市,蘆竹區,桃園市蘆竹區海湖里海湖東路377號,1810,基本化學材料製造業,405217.12,133.81,1908.27,956.40,0.00,0.00,0.00,56932.47,465148.06,依法申報,是,68000,68000050
109,14057995,東聯化學股份有限公司高雄林園廠,0001,S1900578,高雄市,林園區,高雄市林園區工業三路三號,1820,石油化工原料製造業,36926.64,35.64,3.96,2821.65,0.00,0.00,0.00,293019.10,332807.00,依法申報,是,64000,64000130
109,14001199,福懋興業股份有限公司,0001,P4600987,雲林縣,斗六市,雲林縣斗六市榴中里石榴路三一七號,1140,印染整理業,284550.65,2501.63,1281.58,658.63,0.00,57.00,0.00,19843.06,308892.53,依法申報,是,10009,10009010
109,12800750,敦南科技股份有限公司新竹分公司廠,0001,o1745831,新竹市,東區,新竹市東區工業東七路七號,2611,積體電路製造業,33.64,41.96,1214.98,5.90,39596.99,1805.76,221.68,21798.45,64719.35,依法申報,是,10018,10018010
109,12800225,群創光電股份有限公司T1廠,0001,K7104025,苗栗縣,竹南鎮,苗栗縣竹南鎮科學路160號,2641,液晶面板及其組件製造業,2414.30,77.62,15.95,0.00,7.37,4016.15,748.47,130754.42,138034.27,依法申報,是,10005,10005040
109,12617727,曜智實業股份有限公司嘉義廠,0001,Q76A0767,嘉義縣,太保市,嘉義縣太保市過溝里嘉太工業區中興路11號,1140,印染整理業,18665.50,58.82,87.25,0.42,0.00,0.00,0.00,4715.85,23527.83,依法申報,是,10010,10010010
109,12529007,環泰企業股份有限公司南崁廠,0001,H4602313,桃園市,蘆竹區,桃園市蘆竹區南青路1156巷75號,0893,製糖業,24875.40,3147.36,121.46,17.78,0.00,0.00,0.00,4623.28,32785.28,依法申報,是,68000,68000050
109,11914002,臺灣玻璃工業股份有限公司桃園廠,0001,H5300916,桃園市,觀音區,桃園市觀音區樹林村經建五路1號,2313,玻璃纖維製造業,43656.41,96.17,28.85,2675.02,0.00,0.00,0.00,60897.82,107354.27,依法申報,是,68000,68000120
109,11913502,臺灣水泥股份有限公司和平分公司和平廠,0001,U0100187,花蓮縣,秀林鄉,花蓮縣秀林鄉和平村和平263號,2331,水泥製造業,3272827.19,571.45,5451.05,4.06,0.00,0.00,0.00,134886.35,3413740.10,依法申報,是,10015,10015110
109,11686106,華夏海灣塑膠股份有限公司頭份廠,0001,K7200933,苗栗縣,頭份市,民族路五七一號,1810,基本化學材料製造業,44315.11,78.07,170.66,0.00,0.00,0.00,0.00,85974.53,130538.37,依法申報,是,10005,10005050
109,11384806,長春石油化學股份有限公司大發廠,0001,S2001314,高雄市,大寮區,高雄市大寮區建業路11號,3530,蒸汽供應業,530367.96,3660.40,2499.50,0.00,0.00,0.00,0.00,10120.32,546648.18,依法申報,是,64000,64000140
109,11384708,長春人造樹脂廠股份有限公司新竹廠,0001,J5901658,新竹縣,湖口鄉,新竹縣湖口鄉鳳山村中華路8號,1841,合成樹脂及塑膠製造業,344165.04,232.37,1533.48,789.94,0.00,0.00,0.00,16628.65,363349.48,依法申報,是,10004,10004050
109,11083148,東華合纖股份有限公司l新竹廠,0001,J5500526,新竹縣,竹北市,新竹縣竹北市泰和里125號,1850,人造纖維製造業,9483.83,20.03,44.91,0.00,0.00,0.00,0.00,2134.30,11683.07,依法申報,是,10004,10004010
109,7838854,中鴻鋼鐵股份有限公司熱軋廠,0001,S1602102,高雄市,岡山區,高雄市岡山區嘉興里興隆街五七六、之一、之二、之三、之五號,2413,鋼鐵軋延及擠型業,156544.07,114.88,90.41,2.58,0.00,0.00,0.00,128434.89,285186.84,依法申報,是,64000,64000190
109,7663290,力麗企業股份有限公司彰化化纖總廠,0001,N2902234,彰化縣,芳苑鄉,彰化縣芳苑鄉後寮村工業路38號,1850,人造纖維製造業,127087.90,580.89,577.67,4.46,0.00,0.00,0.00,59795.24,188046.16,依法申報,是,10007,10007230
109,7472834,新隆纖維染整股份有限公司桃園廠,0001,H4202215,桃園市,桃園區,桃園市桃園區春日路1733巷8號,1140,印染整理業,25476.81,41.51,120.87,1.81,0.00,0.00,0.00,6115.64,31756.63,依法申報,是,68000,68000010
109,7407200,富順纖維工業股份有限公司觀音廠,0001,H5301548,桃園市,觀音區,桃園市觀音區白玉里中興路200號,1140,印染整理業,27320.89,508.56,129.69,4.57,0.00,0.00,0.00,6033.49,33997.19,依法申報,是,68000,68000120
109,7066907,中國人造纖維股份有限公司高雄總廠,0001,S2300401,高雄市,大社區,高雄市大社區經建路八號,1810,基本化學材料製造業,422443.78,185.24,1786.39,386.25,0.00,0.00,0.00,5069.76,429871.42,依法申報,是,64000,64000160
109,7014916,大同染整股份有限公司桃園廠,0001,H4600579,桃園市,蘆竹區,桃園市蘆竹區南崁里圳佳路27號,1140,印染整理業,19101.76,29.19,90.71,0.35,0.00,0.00,0.00,5332.24,24554.26,依法申報,是,68000,68000050
109,4748660,聯成化學科技股份有限公司林園廠,0001,S1900612,高雄市,林園區,高雄市林園區溪州里工業2路3號,1820,石油化工原料製造業,80252.31,737.76,5.51,1.29,0.00,0.00,0.00,16291.31,97288.17,依法申報,是,64000,64000130
109,4380087,合眾紙業股份有限公司林內廠,0001,P5500191,雲林縣,林內鄉,雲林縣林內鄉林中村瑞農六五號,1512,紙張製造業,34585.30,63.98,155.35,1.55,0.00,0.00,0.00,27883.29,62689.47,依法申報,是,10009,10009100
109,4312878,和益化學工業股份有限公司,0001,s1900283,高雄市,林園區,高雄市林園區石化三路9號,1820,石油化工原料製造業,61966.38,33.76,22.29,0.00,0.00,0.00,0.00,22222.11,84244.54,依法申報,是,64000,64000130
109,4212250,國喬石油化學股份有限公司,0001,S2300429,高雄市,大社區,高雄市大社區興工路4號,1700,石油及煤製品製造業,551468.86,4212.23,2358.40,149.98,0.00,0.00,0.00,3643.32,561832.78,依法申報,是,64000,64000160
109,3794905,臺灣糖業股份公司小港廠,0001,E5600869,高雄市,小港區,高雄市小港區小港路133號,0893,製糖業,79821.96,127.17,185.48,2.57,0.00,0.00,0.00,3412.18,83549.35,依法申報,是,64000,64000110
109,3553737,臺橡股份有限公司高雄廠,0001,S2300438,高雄市,大社區,高雄市大社區三奶里興工路二號,1842,合成橡膠製造業,83208.25,75.81,48.93,807.70,0.00,0.00,0.00,61124.71,145265.40,依法申報,是,64000,64000160
109,3279507,信大水泥股份有限公司南聖湖廠,0001,G3200849,宜蘭縣,蘇澳鎮,宜蘭縣蘇澳鎮聖湖里中山路二段二三五號,2331,水泥製造業,562639.23,71.16,958.82,0.00,0.00,0.00,0.00,41881.26,605550.47,依法申報,是,10002,10002030
109,3244509,亞洲水泥股份有限公司花蓮製造廠,0001,U9400115,花蓮縣,新城鄉,花蓮縣新城鄉新城村新興路125號,2331,水泥製造業,2992577.31,409.70,5665.52,250.06,0.00,0.00,0.00,163824.05,3162726.63,依法申報,是,10015,10015040
109,3084741,中國石油化學工業開發股份有限公司小港廠,0001,E5600850,高雄市,小港區,高雄市小港區中林路34號,1810,基本化學材料製造業,141817.65,73.22,262570.90,0.00,0.00,0.00,0.00,120985.60,525447.37,依法申報,是,64000,64000110
109,2750963,財團法人工業技術研究院,0001,J5800941,新竹縣,竹東鎮,新竹縣竹東鎮中興路四段195號,7230,綜合研究發展服務業,11.95,4.63,24.82,0.90,63.99,3.83,1.19,5286.20,5397.52,依法申報,是,10004,10004020
109,84252697,榮剛材料科技股份有限公司新營廠,0000,R8400827,臺南市,新營區,臺南市新營區新中路35號,2411,鋼鐵冶鍊業,65648.91,133.14,86.21,12.67,0.00,0.00,0.00,66970.56,132851.48,依法申報,是,67000,67000010
109,80629340,九滎股份有限公司瓊林廠,0000,F0622537,新北市,新莊區,新北市新莊區瓊林南路301巷2號,1140,印染整理業,8354.51,10.72,10.76,0.00,0.00,0.00,0.00,3034.29,11410.28,依法申報,是,65000,65000050
109,73686632,得力實業股份有限公司,0000,R0300606,臺南市,新市區,臺南市新市區三舍里240號,1140,印染整理業,38514.18,30.82,171.59,1.76,0.00,0.00,0.00,28651.04,67369.39,依法申報,是,67000,67000200
109,59504506,正新橡膠工業股份有限公司,0000,N2100552,彰化縣,大村鄉,彰化縣大村鄉美港路215號,2109,其他橡膠製品製造業,29831.85,283.83,44.04,27.41,0.00,0.00,0.00,40742.72,70929.86,依法申報,是,10007,10007130
109,49701774,冠軍建材股份有限公司第二廠,0000,K8201149,苗栗縣,造橋鄉,苗栗縣造橋鄉豐湖村1鄰乳姑山2號,2329,其他陶瓷製品製造業,64052.08,135.91,47.32,7.04,0.00,0.00,0.00,27865.47,92107.83,依法申報,是,10005,10005150
109,34263157,三洋窯業股份有限公司,0000,F0801707,新北市,鶯歌區,新北市鶯歌區八德路16號,2399,未分類其他非金屬礦物製品製造業,27591.37,35.79,29.17,2.97,0.00,0.00,0.00,9440.01,37099.31,依法申報,是,65000,65000080
109,12745455,源鋼企業股份有限公司,0000,E56A7340,高雄市,小港區,高雄市小港區大業南路54號,2413,鋼鐵軋延及擠型業,34840.11,56.43,81.00,7.03,0.00,0.00,0.00,14249.77,49234.33,依法申報,是,64000,64000110
108,75370905,南亞塑膠工業股份有限公司新港廠,9501,Q7100272,嘉義縣,新港鄉,嘉義縣新港鄉嘉義縣新港鄉中洋村中洋工業區2號,2201,塑膠皮、板、管材製造業,33393.38,274.01,20.95,1447.01,0.00,0.00,0.00,787591.81,822727.15,依法申報,是,10010,10010070
108,75370905,南亞塑膠工業股份有限公司樹林廠,9500,F0701702,新北市,樹林區,新北市樹林區味王街五五號,1841,合成樹脂及塑膠製造業,326584.57,217.19,1481.36,833.44,0.00,0.00,0.00,3817.50,332934.06,依法申報,是,65000,65000070
108,75370905,南亞塑膠工業股份有限公司嘉義廠,9400,Q7600375,嘉義縣,太保市,嘉義縣太保市南新里北港路二段201號,2201,塑膠皮、板、管材製造業,319748.36,179.73,1507.22,286.67,0.00,0.00,0.00,5340.84,327062.82,依法申報,是,10010,10010010
108,75370905,南亞塑膠工業股份有限公司錦興廠,9221,H4601398,桃園市,蘆竹區,桃園市蘆竹區南崁路一段336號,2399,未分類其他非金屬礦物製品製造業,750641.73,221.41,3543.99,0.57,0.00,0.00,0.00,14260.60,768668.32,依法申報,是,68000,68000050
108,75370905,南亞塑膠工業股份有限公司林口二廠,9220,F1600491,新北市,泰山區,新北市泰山區南林路102號,1841,合成樹脂及塑膠製造業,286521.94,244.62,1308.34,68.58,0.00,0.00,0.00,32783.64,320927.12,依法申報,是,65000,65000160
108,75370905,南亞塑膠工業股份有限公司工三廠,5G00,H4801478,桃園市,龜山區,桃園市龜山區樂善里文明路6號,1113,人造纖維加工絲業,160098.81,267.00,323.90,0.00,0.00,0.00,0.00,274377.74,435067.44,依法申報,是,68000,68000070
108,96975970,麥寮汽電股份有限公司,11A0,P5801719,雲林縣,麥寮鄉,雲林縣麥寮鄉中興村臺塑工業園區7號,3510,電力供應業,9593830.28,2571.28,45138.45,27.23,0.00,2086.20,0.00,182.73,9643836.16,依法申報,是,10009,10009130
108,3795904,臺灣電力股份有限公司塔山發電廠麒麟分廠,0544,W0803559,金門縣,烈嶼鄉,金門縣烈嶼鄉東林1號,3510,電力供應業,12484.77,12.64,30.13,0.00,0.00,0.00,0.00,0.00,12527.54,依法申報,是,09020,09020050
108,3795904,臺灣電力股份有限公司塔山發電廠夏興分廠,0543,W0404930,金門縣,金湖鎮,正義里夏興1號,3510,電力供應業,30185.87,30.57,72.89,0.00,0.00,0.00,0.00,0.00,30289.33,依法申報,是,09020,09020030
108,3795904,臺灣電力股份有限公司塔山發電廠,0391,W0504775,金門縣,金城鎮,金水里西海路一段2號,3510,電力供應業,177830.92,184.81,412.16,31.39,0.00,13.68,0.00,222.11,178695.07,依法申報,是,09020,09020010
108,3795904,臺灣電力股份有限公司尖山發電廠,0390,X0501232,澎湖縣,湖西鄉,尖山村29之2號,3510,電力供應業,280343.15,295.16,643.77,0.00,0.00,296.40,0.00,238.01,281816.49,依法申報,是,10016,10016020
108,3795904,臺灣電力股份有限公司大潭發電廠,0380,H5307960,桃園市,觀音區,大潭里6鄰電廠路1號,3510,電力供應業,10732045.65,4788.95,5703.51,740.50,0.00,823.08,0.00,1936.45,10746038.14,依法申報,是,68000,68000120
108,3795904,臺灣電力股份有限公司臺中發電廠,0371,L0200473,臺中市,龍井區,麗水里龍昌路1號,3510,電力供應業,26670230.80,105306.86,125658.85,324.99,0.00,18739.32,0.00,52054.90,26972315.71,依法申報,是,66000,66000250
108,3795904,臺灣電力股份有限公司通霄發電廠,0370,K7000764,苗栗縣,通霄鎮,苗栗縣通霄鎮海濱路1之31號,3510,電力供應業,5655334.94,2587.42,3006.67,422.92,0.00,4845.00,0.00,11520.20,5677717.14,依法申報,是,10005,10005030
108,3795904,臺灣電力股份有限公司協和發電廠,0360,C1400170,基隆市,中山區,基隆市中山區協和里文化路80號,3510,電力供應業,2908992.30,2895.05,6724.94,95.12,0.00,0.00,0.00,24945.41,2943652.82,依法申報,是,10017,10017050
108,3795904,臺灣電力股份有限公司第二核能發電廠,0351,F2800075,新北市,萬里區,野柳里八斗路60號,3510,電力供應業,10609.94,163.24,29.47,1546.14,0.00,0.00,0.00,6477.18,18825.98,依法申報,是,65000,65000280
108,3795904,臺灣電力股份有限公司第一核能發電廠,0350,F2200084,新北市,石門區,乾華里小坑12號,3510,電力供應業,4131.76,106.02,14.24,810.87,0.00,0.00,0.00,58492.10,63554.99,依法申報,是,65000,65000220
108,3795904,臺灣電力股份有限公司興達發電廠,0341,S3200688,高雄市,永安區,高雄市永安區鹽田里興達路6號,3510,電力供應業,17719205.46,46337.46,58242.10,10.30,0.00,9252.24,0.00,15669.69,17848717.25,依法申報,是,64000,64000270
108,3795904,臺灣電力股份有限公司大林發電廠,0340,E5600896,高雄市,小港區,高雄市小港區鳳森里大林路3號,3510,電力供應業,11438617.86,35318.03,45368.38,621.84,0.00,5941.68,0.00,2960.76,11528828.56,依法申報,是,64000,64000110
108,3795904,臺灣電力股份有限公司南部發電廠,0330,E5400878,高雄市,前鎮區,高雄市前鎮區成功二路五號,3510,電力供應業,2736873.18,1258.68,1454.12,114.76,0.00,4858.68,0.00,3163.30,2747722.71,依法申報,是,64000,64000090
108,3795904,臺灣電力股份有限公司林口發電廠,0320,F1700736,新北市,林口區,下福里139之1號,3510,電力供應業,12067393.86,46489.60,56677.34,0.00,0.00,2.28,0.00,19495.48,12190058.56,依法申報,是,65000,65000170
108,3795904,臺灣電力股份有限公司珠山發電廠,0125,Z6303328,連江縣,南竿鄉,清水村99之9號,3510,電力供應業,30708.75,36.31,71.49,14.42,0.00,0.00,0.00,0.00,30830.96,依法申報,是,09007,09007010
108,22099131,臺灣積體電路製造股份有限公司十五B廠,0023,B23B6125,臺中市,西屯區,臺中市西屯區新科路1號,2611,積體電路製造業,42126.29,228.52,126356.89,2640.01,39327.01,1257.81,74332.75,1276682.76,1562952.03,依法申報,是,66000,66000060
108,22099131,臺灣積體電路製造股份有限公司十二廠七期,0022,J63A1670,新竹縣,寶山鄉,新竹縣寶山鄉園區二路188號,2611,積體電路製造業,11390.25,108.18,25844.82,423.22,2912.54,78.93,7608.10,353824.22,402190.26,依法申報,是,10004,10004100
108,22099131,臺灣積體電路製造股份有限公司先進封測三廠,0021,H50A6430,桃園市,龍潭區,桃園市龍潭區龍園六路101號,2613,半導體封裝及測試業,3531.49,35.86,163.18,165.79,2113.69,20.52,109.44,193605.68,199745.65,依法申報,是,68000,68000090
108,22099131,臺灣積體電路製造股份有限公司十四B廠七期,0020,D9001396,臺南市,善化區,臺南市善化區三抱竹路1號,2611,積體電路製造業,6573.82,22.16,21051.89,1324.62,12237.74,402.94,9635.36,267740.52,318989.05,依法申報,是,67000,67000190
108,12800225,群創光電股份有限公司L6廠,0016,E2902160,高雄市,路竹區,高雄市路科10路11號B室,2641,液晶面板及其組件製造業,1799.97,38.40,8515.51,68.64,3314.64,135.30,2218.28,142852.79,158943.51,依法申報,是,64000,64000240
108,12800225,群創光電股份有限公司樹谷分公司,0015,R03A0450,臺南市,新市區,臺南市新市區豐華村8鄰紫楝路21號,2641,液晶面板及其組件製造業,5432.85,51.99,2.98,3978.09,0.00,17382.97,10476.45,412883.81,450209.14,依法申報,是,67000,67000200
108,22099131,臺灣積體電路製造股份有限公司十四B廠,0014,D9000746,臺南市,善化區,臺南市善化區南科九路17號,2611,積體電路製造業,20018.45,81.72,57787.22,4103.92,33059.32,1231.55,24982.46,672193.31,813457.94,依法申報,是,67000,67000190
108,12800225,群創光電股份有限公司觸控模組廠,0014,D9001225,臺南市,善化區,臺南市善化區南科八路12號B室,2649,其他光電材料及元件製造業,22.42,62.19,0.03,0.00,0.00,0.00,0.00,25810.90,25895.54,依法申報,是,67000,67000190
108,22099131,臺灣積體電路製造股份有限公司十二廠六期,0013,J63A1591,新竹縣,寶山鄉,新竹縣寶山鄉園區二路166號,2611,積體電路製造業,8341.01,48.21,8539.37,90.78,1031.75,57.47,2739.75,211204.87,232053.21,依法申報,是,10004,10004100
108,22099131,臺灣積體電路製造股份有限公司15廠,0012,L95A2041,臺中市,大雅區,臺中市大雅區科雅六路一號,2611,積體電路製造業,17767.28,84.46,98622.00,1953.89,29393.71,577.13,36891.36,785576.09,970865.92,依法申報,是,66000,66000180
108,12800225,群創光電股份有限公司觸控南科廠,0012,R90A1716,臺南市,善化區,臺南市善化區南科八路12號(B棟2F),2641,液晶面板及其組件製造業,154.42,2.80,0.06,0.00,0.00,0.00,0.00,19168.13,19325.41,依法申報,是,67000,67000190
108,22099131,臺灣積體電路製造股份有限公司先進封裝廠,0011,R90A1360,臺南市,善化區,南部科學園區臺南市善化區南關里環西路2段3號、臺南市善化區南科七路18之1號、16號,2613,半導體封裝及測試業,1793.64,27.83,8062.72,175.11,1302.57,344.74,3674.54,70850.48,86231.61,依法申報,是,67000,67000190
108,12800225,群創光電股份有限公司C廠,0011,R90A1469,臺南市,善化區,臺南市善化區南科八路12號(不包含B棟二F、A室、B室),2641,液晶面板及其組件製造業,113.70,51.69,0.06,0.00,0.00,0.00,0.00,18469.24,18634.69,依法申報,是,67000,67000190
108,58650902,臺灣化學纖維股份有限公司龍德廠,0010,G3700791,宜蘭縣,冬山鄉,宜蘭縣冬山鄉大興村龍祥十路二號,1820,石油化工原料製造業,1263275.72,374.25,5660.39,813.16,0.00,0.00,0.00,1048.95,1271172.46,依法申報,是,10002,10002080
108,47217677,聯華電子股份有限公司Fab12A廠第二廠區,0010,D0302141,臺南市,新市區,臺南市南科三路57號,2611,積體電路製造業,1106.86,20.57,11096.86,40.53,602.30,2280.64,453.06,128906.34,144507.16,依法申報,是,67000,67000200
108,22099548,旺宏電子股份有限公司晶圓一廠,0010,O1704787,新竹市,東區,新竹市東區研新三路3號,2611,積體電路製造業,653.18,0.29,848.91,1622.20,25203.71,7387.20,404.27,31349.62,67469.38,依法申報,是,10018,10018010
108,22099131,臺灣積體電路製造股份有限公司十四廠,0010,R9001677,臺南市,善化區,臺南市善化區南科北路1號之1、1號之2及臺南市新市區環西路二段5號,2611,積體電路製造業,15798.21,102.69,95507.00,10256.61,77867.16,6303.44,29422.54,741372.37,976630.02,依法申報,是,67000,67000190
108,12800225,群創光電股份有限公司F廠,0010,S29A1607,高雄市,路竹區,高雄市路竹區路科十路11號,2641,液晶面板及其組件製造業,4897.15,82.43,2.47,2163.40,0.00,14093.82,15562.26,354877.50,391679.03,依法申報,是,64000,64000240
108,86119908,中聯資源股份有限公司臺中廠,0009,L02A0301,臺中市,龍井區,臺中市龍井區南堤路2號,2399,未分類其他非金屬礦物製品製造業,27763.06,32.62,129.00,0.43,0.00,0.00,0.00,24373.68,52298.80,依法申報,是,66000,66000250
108,47217677,聯華電子股份有限公司Fab8S廠,0009,J63A0048,新竹縣,寶山鄉,新竹科學工業園區新竹縣研新一路16號,2611,積體電路製造業,1629.74,23.39,3985.21,3061.57,12303.70,4976.02,1696.72,69901.17,97577.52,依法申報,是,10004,10004100
108,22099131,臺灣積體電路製造股份有限公司十二廠四期/五期,0009,J63A1056,新竹縣,寶山鄉,新竹縣寶山鄉科學工業園區園區二路168號,2611,積體電路製造業,7486.06,114.48,21604.28,413.40,5136.24,234.68,6474.58,305057.95,346521.67,依法申報,是,10004,10004100
108,12800225,群創光電股份有限公司D廠,0009,R03A1913,臺南市,新市區,臺南科學工業園區臺南市新市區環西路一段3號,2641,液晶面板及其組件製造業,7099.01,268.72,3.84,1279.06,0.00,33144.11,20009.10,693455.12,755258.96,依法申報,是,67000,67000200
108,84149738,友達光電股份有限公司后里廠,0008,L92A0931,臺中市,后里區,臺中市后里區馬場路1號,2641,液晶面板及其組件製造業,6756.71,174.47,58.71,115.83,0.00,28.92,77.07,360705.81,367917.51,依法申報,是,66000,66000150
108,75708007,臺灣塑膠工業股份有限公司林園廠,0008,S1900685,高雄市,林園區,高雄市林園區石化一路1號,1810,基本化學材料製造業,676559.79,332.29,2744.79,1123.12,0.00,136.80,0.00,105587.37,786484.15,依法申報,是,64000,64000130
108,47217677,聯華電子股份有限公司Fab8F廠,0008,O1708632,新竹市,東區,新竹市東區力行六路三號,2611,積體電路製造業,3453.63,26.65,5838.06,2986.36,23994.42,2667.60,735.81,82813.49,122516.01,依法申報,是,10018,10018010
108,22099131,臺灣積體電路製造股份有限公司十二廠研新廠,0008,J63A0107,新竹縣,寶山鄉,新竹科學工業園區新竹縣寶山鄉研新二路六號,2611,積體電路製造業,3054.39,134.09,25256.45,2714.57,15712.41,1840.77,6392.74,132207.31,187312.72,依法申報,是,10004,10004100
108,12800225,群創光電股份有限公司B廠,0008,R03A1894,臺南市,新市區,臺南市新市區環西路二段2號,2641,液晶面板及其組件製造業,6107.83,90.56,516.37,1711.56,0.00,113758.09,3793.29,465307.70,591285.40,依法申報,是,67000,67000200
108,84149738,友達光電股份有限公司桃園分公司,0007,H5002362,桃園市,龍潭區,桃園市龍潭區三和里新和路1號,2641,液晶面板及其組件製造業,8204.84,246.55,40.39,763.91,0.00,5567.31,27.89,230817.94,245668.82,依法申報,是,68000,68000090
108,47217677,聯華電子股份有限公司Fab8E廠,0007,O1706692,新竹市,東區,新竹科學工業園區新竹市東區力行路17號,2611,積體電路製造業,2899.56,28.38,2060.85,7474.61,13101.31,9234.00,7160.43,79562.81,121521.94,依法申報,是,10018,10018010
108,22099131,臺灣積體電路製造股份有限公司十二廠,0007,O1709308,新竹市,東區,新竹市東區力行六路八號,2611,積體電路製造業,3711.66,145.65,20837.44,5442.00,32348.96,5605.77,8614.01,264276.06,340981.54,依法申報,是,10018,10018010
108,12800225,群創光電股份有限公司A廠,0007,R03A1903,臺南市,新市區,臺南市新市區奇業路1號,2641,液晶面板及其組件製造業,539.10,21.41,396.23,0.00,55.87,25045.21,139.04,68849.38,95046.22,依法申報,是,67000,67000200
108,84149738,友達光電股份有限公司,0006,H4888493,桃園市,龜山區,桃園市龜山區文化里華亞二路189號,2649,其他光電材料及元件製造業,5638.69,321.97,21.34,74.80,717.16,758.22,41.10,280314.45,287887.74,依法申報,是,68000,68000070
108,75708007,臺灣塑膠工業股份有限公司冬山廠,0006,G3700880,宜蘭縣,冬山鄉,宜蘭縣冬山鄉東福路201號,2392,石灰製造業,136635.29,30.91,216.14,0.00,0.00,0.00,0.00,14862.78,151745.12,依法申報,是,10002,10002080
108,58650902,臺灣化學纖維股份有限公司麥寮廠,0006,P5801773,雲林縣,麥寮鄉,雲林縣麥寮鄉中興村臺塑工業園區5號及3之1號,1810,基本化學材料製造業,504180.82,264.94,419.49,8311.15,0.00,43.32,0.00,1188335.25,1701554.97,依法申報,是,10009,10009130
108,27719048,永豐餘工業用紙股份有限公司成功廠,0006,L0000624,臺中市,烏日區,臺中市烏日區中山路三段546號,1511,紙漿製造業,28723.97,205.10,329.77,0.00,0.00,0.00,0.00,14128.41,43387.24,依法申報,是,66000,66000230
108,22099131,臺灣積體電路製造股份有限公司八廠,0006,O1713311,新竹市,東區,新竹市東區力行路25號,2611,積體電路製造業,4689.78,2.11,25517.77,14941.11,42024.58,4421.24,19208.31,173709.08,284513.97,依法申報,是,10018,10018010
108,11914002,臺灣玻璃工業股份有限公司鹿港平板廠,0006,N08A1098,彰化縣,鹿港鎮,彰化縣鹿港鎮鹿工路11號,2311,平板玻璃及其製品製造業,116039.97,101.27,207.56,12.45,0.00,0.00,0.00,17052.53,133413.77,依法申報,是,10007,10007020
108,84149738,友達光電股份有限公司臺中廠,0005,B2313780,臺中市,西屯區,臺中市西屯區中部科學園區中科路1號,2641,液晶面板及其組件製造業,14885.17,439.97,98.82,0.00,0.00,2230.19,644.91,1031644.25,1049943.32,依法申報,是,66000,66000060
108,75708007,臺灣塑膠工業股份有限公司仁武廠,0005,S2201109,高雄市,仁武區,高雄市仁武區水管路一○○號,1810,基本化學材料製造業,2377007.68,904.36,10675.28,2439.02,0.00,243.96,0.00,60272.12,2451542.41,依法申報,是,64000,64000170
108,58650902,臺灣化學纖維股份有限公司海豐廠,0005,P5802092,雲林縣,麥寮鄉,雲林縣麥寮鄉中興村臺塑工業園區23號,1810,基本化學材料製造業,1040581.45,125.35,40.77,777.41,0.00,77.52,0.00,1945151.80,2986754.30,依法申報,是,10009,10009130
108,47217677,聯華電子股份有限公司Fab8A廠,0005,O1706209,新竹市,東區,新竹市東區力行二路3、5號,2611,積體電路製造業,2306.08,47.10,14140.16,4227.53,32432.51,34678.80,265.60,116407.51,204505.29,依法申報,是,10018,10018010
108,39054405,李長榮化學工業股份有限公司高雄廠,0005,E5600305,高雄市,小港區,高雄市小港區中林路3號,1990,其他化學製品製造業,22750.11,5.66,3.04,307.54,0.00,0.00,0.00,112705.87,135772.21,依法申報,是,64000,64000110
108,34202841,榮成紙業股份有限公司蒸汽廠,0005,N14A1507,彰化縣,二林鎮,彰化縣二林鎮廣興里廣興巷1-1號,1513,紙板製造業,259485.80,69.25,1223.80,0.00,0.00,0.00,0.00,2212.48,262991.32,依法申報,是,10007,10007200
108,22099548,旺宏電子股份有限公司晶圓五廠,0005,O17A6887,新竹市,東區,新竹市東區力行路19號,2611,積體電路製造業,2085.11,56.62,4703.93,8846.38,28298.31,2491.86,22539.20,117006.85,186028.26,依法申報,是,10018,10018010
108,22099131,臺灣積體電路製造股份有限公司六廠,0005,R9004230,臺南市,善化區,臺南市善化區南部科學工業園區南科北路一號,2611,積體電路製造業,2267.62,90.71,41858.45,10479.83,59699.63,5979.02,29870.18,191454.73,341700.17,依法申報,是,67000,67000190
108,12800225,群創光電股份有限公司T2廠,0005,K71A1370,苗栗縣,竹南鎮,苗栗縣竹南鎮科學路168號,2641,液晶面板及其組件製造業,3799.02,116.05,2.06,0.00,0.00,13180.16,2422.11,229399.71,248919.10,依法申報,是,10005,10005040
108,11914002,臺灣玻璃工業股份有限公司臺中廠平板三場,0005,L9100563,臺中市,梧棲區,臺中市梧棲區自立三街220號,2311,平板玻璃及其製品製造業,38578.15,50.81,78.28,104.73,0.00,0.00,0.00,23929.31,62741.29,依法申報,是,66000,66000140
108,11384708,長春人造樹脂廠股份有限公司大發二廠,0005,S2015916,高雄市,大寮區,高雄市大寮區華西路6號,1820,石油化工原料製造業,84347.68,20.89,0.69,0.00,0.00,0.00,0.00,337416.56,421785.81,依法申報,是,64000,64000140
108,3707901,臺灣中油股份有限公司石化事業部林園石化廠,0005,S1900710,高雄市,林園區,高雄市林園區石化二路3號,1820,石油化工原料製造業,2174310.91,579.98,404.39,797.53,0.00,18969.60,0.00,87513.48,2282575.88,依法申報,是,64000,64000130
108,3522600,遠東新世紀股份有限公司化學纖維總廠,0005,J5700222,新竹縣,新埔鎮,新竹縣新埔鎮文山路亞東段369及600號,1850,人造纖維製造業,262018.57,364.43,1202.43,77.22,0.00,0.00,0.00,186098.54,449761.20,依法申報,是,10004,10004030
108,84149738,友達光電股份有限公司龍科廠,0004,H5008211,桃園市,龍潭區,桃園市龍潭區龍科街228號,2641,液晶面板及其組件製造業,6366.72,69.80,2.95,423.63,0.00,242.12,323.53,321698.91,329127.65,依法申報,是,68000,68000090
108,75280209,東和鋼鐵企業股份有限公司桃園廠,0004,H53A0675,桃園市,觀音區,桃園市觀音區保障村8鄰草漯116號,2411,鋼鐵冶鍊業,65991.37,7.11,39.16,118.60,0.00,0.00,0.00,358286.32,424442.56,依法申報,是,68000,68000120
108,47299902,漢磊科技股份有限公司研發廠,0004,J6300299,新竹縣,寶山鄉,新竹縣寶山鄉新竹科學園區創新一路18號,2611,積體電路製造業,232.99,22.86,489.17,756.64,12975.69,1682.64,297.05,24380.29,40837.31,依法申報,是,10004,10004100
108,22099131,臺灣積體電路製造股份有限公司五廠,0004,J6301447,新竹縣,寶山鄉,新竹縣寶山鄉新竹科學工業園區園區三路121號,2611,積體電路製造業,3419.13,1.53,11043.70,6390.04,18075.68,1723.68,14007.67,95576.76,150238.18,依法申報,是,10004,10004100
108,12800225,群創光電股份有限公司T3廠,0004,K71A2695,苗栗縣,竹南鎮,苗栗縣竹南鎮科中路12號,2641,液晶面板及其組件製造業,1874.03,34.78,5639.05,0.00,835.52,7842.37,418.32,90882.53,107526.59,依法申報,是,10005,10005040
108,11914002,臺灣玻璃工業股份有限公司臺中廠,0004,L9100198,臺中市,梧棲區,臺中市梧棲區自強路377號,2311,平板玻璃及其製品製造業,95494.09,121.27,177.94,3.29,0.00,0.00,0.00,18195.73,113992.31,依法申報,是,66000,66000140
108,11384806,長春石油化學股份有限公司苗栗二廠,0004,K6801123,苗栗縣,苗栗市,苗栗縣苗栗市文聖里文山245號,1810,基本化學材料製造業,78894.78,94.88,42.38,4499.22,0.00,0.00,0.00,1081760.85,1165292.10,依法申報,是,10005,10005010
108,11384708,長春人造樹脂廠股份有限公司大發廠,0004,S2005081,高雄市,大寮區,高雄市大寮區華西路8號,1810,基本化學材料製造業,312708.73,2743.30,1442.83,876.46,0.00,0.00,0.00,269676.61,587447.94,依法申報,是,64000,64000140
108,3707901,臺灣中油股份有限公司煉製事業部桃園煉油廠,0004,H4803507,桃園市,龜山區,桃園市龜山區南上里民生北路一段50號,1700,石油及煤製品製造業,1731681.76,1528.91,833.30,71.07,0.00,0.00,0.00,200559.65,1934674.69,依法申報,是,68000,68000070
108,86522210,臺塑石化股份有限公司麥寮三廠,0003,P5802430,雲林縣,麥寮鄉,雲林縣麥寮鄉臺塑工業園區17號,1990,其他化學製品製造業,7226722.84,1565.99,20028.46,25.42,0.00,305.52,0.00,90732.35,7339380.58,依法申報,是,10009,10009130
108,85066002,中華紙漿股份有限公司臺東廠,0003,V7500777,臺東縣,臺東市,臺東縣臺東市中興路4段371號,1512,紙張製造業,116616.32,1318.48,749.17,10.44,0.00,0.00,0.00,48511.45,167205.86,依法申報,是,10014,10014010
108,84149738,友達光電股份有限公司L5廠,0003,O1707395,新竹市,東區,新竹市東區力行路23號,2641,液晶面板及其組件製造業,591.54,26.28,1.54,0.00,38.31,1452.82,14.34,43766.42,45891.25,依法申報,是,10018,10018010
108,84149385,力晶科技股份有限公司P3,0003,O1747764,新竹市,東區,新竹市東區科學園區力行路16-1號,2611,積體電路製造業,2112.87,11.46,2439.85,115.06,3790.70,964.77,13.75,55515.01,64963.46,依法申報,是,10018,10018010
108,84149358,世界先進積體電路股份有限公司晶圓三廠,0003,H46B0495,桃園市,蘆竹區,桃園市蘆竹區長興里14鄰長榮路168號,2611,積體電路製造業,188.04,43.42,4381.88,3487.98,53635.19,6730.56,2983.94,180576.62,252027.64,依法申報,是,68000,68000050
108,70752257,穩懋半導體股份有限公司龜山廠,0003,H48B0554,桃園市,龜山區,桃園市龜山區山鶯路200-5號,2611,積體電路製造業,1317.52,72.96,129.21,0.39,11978.10,0.00,0.00,34049.25,47547.43,依法申報,是,68000,68000070
108,58650902,臺灣化學纖維股份有限公司新港廠,0003,Q7100254,嘉義縣,新港鄉,嘉義縣新港鄉中洋村中洋工業區一號,1850,人造纖維製造業,2337991.16,819.31,10875.21,1124.01,0.00,1356.60,0.00,13903.27,2366069.56,依法申報,是,10010,10010070
108,56121907,味丹企業股份有限公司沙鹿第一工廠,0003,L9000666,臺中市,沙鹿區,臺中市沙鹿區興安路63號,0896,調味品製造業,138835.94,54.94,530.56,0.00,0.00,57.00,0.00,39421.37,178899.81,依法申報,是,66000,66000130
108,47299902,漢磊科技股份有限公司研新廠(元件二廠),0003,O1701115,新竹市,東區,新竹市科學工業園區研新二路5號,2611,積體電路製造業,331.22,11.94,813.75,1042.84,5113.32,2462.40,295.57,8862.40,18933.44,依法申報,是,10018,10018010
108,47217677,聯華電子股份有限公司Fab12A廠,0003,R0304131,臺南市,新市區,臺南市新市區南科二路18、20號,2611,積體電路製造業,16812.08,130.41,64887.92,2949.51,14298.56,4700.19,5763.31,409704.91,519246.90,依法申報,是,67000,67000200
108,35412204,華新麗華股份有限公司臺中不銹鋼廠,0003,B9100709,臺中市,梧棲區,臺中市梧棲區加工出口區經三路57號,2544,金屬表面處理業,39144.20,47.36,22.62,32.16,0.00,0.00,0.00,39768.78,79015.12,依法申報,是,66000,66000140
108,33085508,正隆股份有限公司大園廠,0003,H4700645,桃園市,大園區,桃園市大園區大工路116號,1512,紙張製造業,186277.55,26862.01,777.04,9.35,0.00,0.00,0.00,130360.46,344286.40,依法申報,是,68000,68000060
108,22099548,旺宏電子股份有限公司晶圓二廠,0003,O1706307,新竹市,東區,新竹市東區力行路16號,2611,積體電路製造業,1516.81,0.75,2484.87,9806.33,17441.95,8202.39,12100.17,89109.20,140662.48,依法申報,是,10018,10018010
108,22099131,臺灣積體電路製造股份有限公司三廠3E廠,0003,J6300324,新竹縣,寶山鄉,新竹縣寶山鄉研新二路6號,2611,積體電路製造業,1756.96,31.14,171.95,133.14,4893.67,5374.12,2458.08,64647.43,79466.49,依法申報,是,10004,10004100
108,16741846,精材科技股份有限公司中壢廠,0003,H4313348,桃園市,中壢區,桃園市中壢區吉林路23號9樓,2699,未分類其他電子零組件製造業,34.81,49.81,0.09,147.71,5096.07,14940.84,55.04,14713.63,35038.00,依法申報,是,68000,68000020
108,12233428,大連化學工業股份有限公司大發廠,0003,S2005652,高雄市,大寮區,高雄市大寮區過溪里華西路8-1號,1810,基本化學材料製造業,94854.12,45.66,22.59,2444.50,0.00,0.00,0.00,663073.76,760440.63,依法申報,是,64000,64000140
108,11914002,臺灣玻璃工業股份有限公司新竹廠,0003,O1703351,新竹市,香山區,新竹市香山區中華路四段470號,2312,玻璃容器製造業,120451.59,225.39,213.99,102.13,0.00,0.00,0.00,48972.72,169965.82,依法申報,是,10018,10018030
108,11913502,臺灣水泥股份有限公司蘇澳廠,0003,G3200778,宜蘭縣,蘇澳鎮,宜蘭縣蘇澳鎮永昌路46號,2331,水泥製造業,1041340.29,110.20,1722.95,10.44,0.00,0.00,0.00,61952.31,1105136.19,依法申報,是,10002,10002030
108,11384708,長春人造樹脂廠股份有限公司高雄廠,0003,S2201092,高雄市,仁武區,高雄市仁武區工業一路8、12、14號,1841,合成樹脂及塑膠製造業,30060.64,379.53,19.70,4.79,0.00,22.80,0.00,83960.87,114448.32,依法申報,是,64000,64000170
108,4388145,臺灣康寧顯示玻璃股份有限公司,0003,B2311535,臺中市,西屯區,臺中市西屯區科園路1號,2311,平板玻璃及其製品製造業,41970.63,241.55,17.94,5721.04,0.00,0.00,0.00,341839.51,389790.68,依法申報,是,66000,66000060
108,3707901,臺灣中油股份有限公司煉製事業部大林煉油廠,0003,E5600056,高雄市,小港區,高雄市小港區沿海四路50號,1700,石油及煤製品製造業,2808689.22,496.84,919.54,2342.38,0.00,0.00,0.00,682025.97,3494473.95,依法申報,是,64000,64000110
108,3522600,遠東新世紀股份有限公司觀音化纖廠,0003,H5300210,桃園市,觀音區,桃園市觀音區觀音工業區經建六路3號,1850,人造纖維製造業,132214.21,164.21,601.27,0.00,0.00,0.00,0.00,91185.09,224164.78,依法申報,是,68000,68000120
108,3084741,中國石油化學工業開發股份有限公司大社廠,0003,S2300410,高雄市,大社區,高雄市大社區經建路1號,1820,石油化工原料製造業,143237.41,1745.31,24.35,23.88,0.00,0.00,0.00,30171.48,175202.43,依法申報,是,64000,64000160
108,89390656,南亞科技股份有限公司三廠,0002,F1606662,新北市,泰山區,新北市泰山區南林路98號及115號,2611,積體電路製造業,11158.36,125.96,31745.40,5059.83,17020.37,843.21,22747.52,373007.84,461708.48,依法申報,是,65000,65000160
108,86522210,臺塑石化股份有限公司麥寮二廠,0002,P5801728,雲林縣,麥寮鄉,雲林縣麥寮鄉臺塑工業園區8、8-5號,1990,其他化學製品製造業,4628531.03,1156.68,17347.35,314.88,0.00,1092.12,0.00,173687.45,4822129.51,依法申報,是,10009,10009130
108,85978401,裕鐵企業股份有限公司岡山三廠,0002,S26A0793,高雄市,燕巢區,高雄市燕巢區安招路639-2號,2544,金屬表面處理業,18038.05,11.68,9.63,3.76,0.00,0.00,0.00,9864.32,27927.43,依法申報,是,64000,64000210
108,84149738,友達光電總部/友達光電股份有限公司L3B廠,0002,O1709193,新竹市,東區,新竹市東區力行二路1號,2641,液晶面板及其組件製造業,728.45,92.04,0.48,0.00,6.65,119.70,1541.81,20664.79,23153.91,依法申報,是,10018,10018010
108,84149385,力晶科技股份有限公司P1/2,0002,O1748707,新竹市,東區,新竹市東區力行一路一二號,2611,積體電路製造業,5177.23,54.60,2695.05,1021.27,3243.75,2723.28,2986.45,115312.43,133214.06,依法申報,是,10018,10018010
108,84149358,世界先進積體電路股份有限公司晶圓二廠,0002,O1751197,新竹市,東區,新竹市東區力行路九號,2611,積體電路製造業,2263.22,55.47,16109.34,4687.38,43009.41,1432.94,966.05,133026.02,201549.82,依法申報,是,10018,10018010
108,80353271,臺灣美光晶圓科技股份有限公司二廠,0002,H4888582,桃園市,龜山區,桃園市龜山區文化村華亞五路2、6號,2611,積體電路製造業,8903.45,21.26,30512.16,6733.13,16599.90,738.72,3566.49,611618.13,678693.25,依法申報,是,68000,68000070
108,75708007,臺灣塑膠工業股份有限公司麥寮廠,0002,P5801602,雲林縣,麥寮鄉,雲林縣麥寮鄉中興村臺塑工業園區一號,1990,其他化學製品製造業,486236.40,377.96,411.63,14538.67,0.00,221.16,0.00,4032732.90,4534518.72,依法申報,是,10009,10009130
108,75470524,海光企業股份有限公司嘉興鋼鐵廠,0002,E5602952,高雄市,小港區,高雄市小港區嘉興街5號,2541,金屬鍛造業,25741.60,23.94,14.27,0.00,0.00,0.00,0.00,30801.42,56581.24,依法申報,是,64000,64000110
108,75370905,南亞塑膠工業股份有限公司麥寮總廠,0002,P5801513,雲林縣,麥寮鄉,雲林縣麥寮鄉臺塑工業園區2號,1810,基本化學材料製造業,355352.93,251.63,150.01,1429.25,0.00,1030.56,0.00,901810.15,1260024.54,依法申報,是,10009,10009130
108,75280209,東和鋼鐵企業股份有限公司高雄廠,0002,E5600369,高雄市,小港區,高雄市小港區嘉興街八號,2413,鋼鐵軋延及擠型業,15382.60,41.79,11.92,32.22,0.00,0.00,0.00,10878.85,26347.38,依法申報,是,64000,64000110
108,70783006,華亞汽電股份有限公司觀音公用廠,0002,H53A2562,桃園市,觀音區,桃園市觀音區觀音工業區工業七路三號,3530,蒸汽供應業,153636.54,45.99,726.32,6.61,0.00,0.00,0.00,3863.72,158279.17,依法申報,是,68000,68000120
108,70752257,穩懋半導體股份有限公司華亞二廠,0002,H4886999,桃園市,龜山區,桃園市龜山區文化里華亞二路358號與科技七路35號及35號2樓、3樓、4樓,2611,積體電路製造業,1169.27,112.29,306.05,0.00,34276.24,1846.80,0.00,47178.61,84889.26,依法申報,是,68000,68000070
108,70584724,艾杰旭顯示玻璃股份有限公司斗六二廠,0002,P46A0693,雲林縣,斗六市,雲林縣斗六市虎溪里科工八路八號,2311,平板玻璃及其製品製造業,95855.86,89.38,51.05,6.92,0.00,0.00,0.00,182442.92,278446.11,依法申報,是,10009,10009010
108,68919301,臺南紡織股份有限公司仁德廠,0002,R1001719,臺南市,仁德區,臺南市仁德區中正路二段八六二巷四五號,1113,人造纖維加工絲業,39283.51,696.46,26.05,116.37,0.00,0.00,0.00,41836.14,81958.52,依法申報,是,67000,67000270
108,68387705,奇美實業股份有限公司旭美廠,0002,R10A3047,臺南市,仁德區,開發四路36號,1841,合成樹脂及塑膠製造業,171397.00,172.33,238.94,57.20,0.00,0.00,0.00,32072.10,203937.56,依法申報,是,67000,67000270
108,47299902,漢磊科技股份有限公司創新廠,0002,J6300146,新竹縣,寶山鄉,新竹縣寶山鄉新竹科學工業園區創新一路3號,2611,積體電路製造業,0.05,9.95,1071.58,347.61,1524.63,205.20,0.00,7333.32,10492.34,依法申報,是,10004,10004100
108,40601248,幸福水泥股份有限公司東澳廠,0002,G4100017,宜蘭縣,南澳鄉,宜蘭縣南澳鄉蘇花路三段101號,2331,水泥製造業,602709.40,162.18,1239.86,2.73,0.00,0.00,0.00,40452.30,644566.46,依法申報,是,10002,10002120
108,33955322,力鵬企業股份有限公司楊梅廠,0002,H4500458,桃園市,楊梅區,桃園市楊梅區新榮路339號,1140,印染整理業,69375.25,104.91,321.81,2.13,0.00,0.00,0.00,21387.87,91191.97,依法申報,是,68000,68000040
108,33085508,正隆股份有限公司后里分公司,0002,L9200693,臺中市,后里區,臺中市后里區三豐路三段2號、星科路101號,1512,紙張製造業,815238.61,8930.68,3814.01,89.99,0.00,0.00,0.00,28683.98,856757.27,依法申報,是,66000,66000150
108,30414175,中國鋼鐵股份有限公司第三冷軋廠,0002,E56A4792,高雄市,小港區,高雄市小港區店鎮里嘉興街2號,2413,鋼鐵軋延及擠型業,47553.67,21.19,25.27,0.00,0.00,0.00,0.00,120365.50,167965.63,依法申報,是,64000,64000110
108,28518076,臺灣美光記憶體股份有限公司臺中二廠,0002,B9202664,臺中市,后里區,臺中市后科南路88號、88-1號,2611,積體電路製造業,2443.13,50.74,118.43,1329.56,191.55,246.24,46.44,113852.49,118278.58,依法申報,是,66000,66000150
108,22327037,永豐餘消費品實業股份有限公司楊梅廠,0002,H45A1887,桃園市,楊梅區,梅高路二段668巷70號,1591,家庭及衛生用紙製造業,24161.08,25.71,103.67,0.00,0.00,0.00,0.00,18088.84,42379.31,依法申報,是,68000,68000040
108,22318678,亞東石化股份有限公司觀音二廠,0002,H53A3580,桃園市,觀音區,桃園市桃園市觀音區樹林里工業七路2號,1820,石油化工原料製造業,211496.79,84.96,66.04,0.00,0.00,0.00,0.00,86345.95,297993.72,依法申報,是,68000,68000120
108,22099131,臺灣積體電路製造股份有限公司三廠,0002,J6301107,新竹縣,寶山鄉,新竹縣寶山鄉研新一路9號,2611,積體電路製造業,2223.19,56.16,21999.94,11826.51,38945.26,22871.04,21468.79,165138.33,284529.21,依法申報,是,10004,10004100
108,16834268,富喬工業股份有限公司雲林分公司,0002,P48A0851,雲林縣,虎尾鎮,雲林縣虎尾鎮墾地里科虎二路8號,2313,玻璃纖維製造業,40893.53,1599.96,18.98,0.42,0.00,0.00,0.00,47930.70,90443.59,依法申報,是,10009,10009030
108,16741846,精材科技股份有限公司中壢二廠,0002,H43A2855,桃園市,中壢區,桃園市中壢區自強二路1號、桃園市中壢區自強一路8號,2699,未分類其他電子零組件製造業,112.77,36.86,0.00,477.56,11579.54,26924.52,115.24,16308.18,55554.68,依法申報,是,68000,68000020
108,16450500,瀚宇彩晶南科觸控感應器廠,0002,D0301680,臺南市,新市區,臺南市新市區環西路一段8號,2641,液晶面板及其組件製造業,139.84,8.12,0.18,2831.40,0.00,0.00,0.00,44181.10,47160.64,依法申報,是,67000,67000200
108,16432742,凌巨科技股份有限公司八德廠,0002,H49A2429,桃園市,八德區,桃園市八德區和平路1127號,2641,液晶面板及其組件製造業,5430.88,86.07,2.83,1.46,10716.24,94818.36,564.16,84221.17,195841.17,依法申報,是,68000,68000080
108,16138282,合晶科技股份有限公司園區分公司,0002,H50A1985,桃園市,龍潭區,桃園市龍潭區龍園一路100號,2611,積體電路製造業,31.37,53.69,1037.90,4.71,2426.46,0.00,0.00,32971.80,36525.93,依法申報,是,68000,68000090
108,14040691,中美和石油化學股份有限公司臺中廠,0002,L9101748,臺中市,梧棲區,臺中市梧棲區南堤路二段89號,1820,石油化工原料製造業,156757.25,1433.51,27.30,36.89,0.00,72.96,0.00,30831.97,189159.88,依法申報,是,66000,66000140
108,12233428,大連化學工業股份有限公司高雄廠,0002,S2300465,高雄市,大社區,高雄市大社區興工路1-3號,1810,基本化學材料製造業,27100.21,25.95,10.43,171.00,0.00,0.00,0.00,62162.39,89469.99,依法申報,是,64000,64000160
108,11914002,臺灣玻璃工業股份有限公司鹿港廠,0002,N0803765,彰化縣,鹿港鎮,彰化縣鹿港鎮鹿工路11號,2313,玻璃纖維製造業,48875.47,177.30,30.43,1148.91,0.00,0.00,0.00,96275.35,146507.46,依法申報,是,10007,10007020
108,11913502,臺灣水泥股份有限公司花蓮廠,0002,U9100978,花蓮縣,花蓮市,花蓮縣花蓮市民孝里華東103號,2331,水泥製造業,1.87,2.32,0.06,0.00,0.00,0.00,0.00,1219.16,1223.41,依法申報,是,10015,10015010
108,11384806,長春石油化學股份有限公司苗栗廠,0002,K6801089,苗栗縣,苗栗市,苗栗縣苗栗市福安里福星246、246-3號,1990,其他化學製品製造業,1456201.77,1531.30,6871.37,1135.29,0.00,0.00,0.00,47703.19,1513442.91,依法申報,是,10005,10005010
108,7435515,新光合成纖維股份有限公司中壢廠,0002,H5100952,桃園市,平鎮區,桃園市平鎮區廣仁里延平路三段二二三號,1113,人造纖維加工絲業,104965.52,264.31,227.94,1061.18,0.00,0.00,0.00,162921.21,269440.16,依法申報,是,68000,68000100
108,3707901,臺灣中油股份有限公司煉製事業部高雄煉油廠,0002,E4900333,高雄市,楠梓區,高雄市楠梓區左楠路2號,1700,石油及煤製品製造業,82.12,18.18,2.38,242.69,0.00,0.00,0.00,18285.64,18631.01,依法申報,是,64000,64000040
108,3084741,中國石油化學工業開發股份有限公司頭份廠,0002,K7201001,苗栗縣,頭份市,苗栗縣頭份鎮中華路517號,1820,石油化工原料製造業,690955.30,1768.75,263689.14,0.72,0.00,0.00,0.00,4048.38,960462.29,依法申報,是,10005,10005050
108,97170472,全新光電科技股份有限公司平鎮廠,0001,h5103604,桃園市,平鎮區,桃園市平鎮區工業一路16號,2649,其他光電材料及元件製造業,1.63,21.49,4.62,40.44,172.19,229.82,0.00,9411.82,9882.01,依法申報,是,68000,68000100
108,96976990,嘉惠電力(股)有限公司,0001,Q6907286,嘉義縣,民雄鄉,嘉義縣民雄鄉松山村4鄰松子腳688號,3510,電力供應業,861050.82,390.22,457.64,0.00,0.00,1140.00,0.00,9472.44,872511.11,依法申報,是,10010,10010050
108,96971313,中鋼鋁業股份有限公司,0001,E5600092,高雄市,小港區,高雄市小港區山明里東林路一七號,2422,鋁鑄造業,69066.28,142.88,38.56,272.13,0.00,0.00,0.00,132278.91,201798.76,依法申報,是,64000,64000110
108,96933037,長生電力股份有限公司,0001,H4604568,桃園市,蘆竹區,桃園市蘆竹區濱海路一段199號,3510,電力供應業,1651382.12,901.56,877.40,12.96,0.00,15.96,0.00,3990.56,1657180.55,依法申報,是,68000,68000050
108,94025264,中華紙漿股份有限公司花蓮廠,0001,U9500478,花蓮縣,吉安鄉,花蓮縣吉安鄉光華村光華街100號,1511,紙漿製造業,84355.28,1852.49,4200.04,0.00,0.00,0.00,0.00,91209.54,181617.36,依法申報,是,10015,10015050
108,89528054,臺灣鋼聯股份有限公司,0001,N1607141,彰化縣,伸港鄉,彰化縣伸港鄉彰濱工業區線工北一路36號,1810,基本化學材料製造業,89795.21,8.60,13.08,311.96,0.00,0.00,0.00,9991.42,100120.27,依法申報,是,10007,10007050
108,89397503,臺鹽實業股份有限公司通霄精鹽廠,0001,K7000504,苗栗縣,通霄鎮,苗栗縣通霄鎮內島村122號,0897,調理食品製造業,23026.91,47.65,13.02,25.06,0.00,0.00,0.00,860.85,23973.48,依法申報,是,10005,10005030
108,86871981,潤泰精密材料股份有限公司宜蘭冬山廠,0001,G37A0585,宜蘭縣,冬山鄉,宜蘭縣冬山鄉安平村大安路三五七之一.三五七之二.三五七之三號,2331,水泥製造業,596548.75,82.88,1148.25,0.00,0.00,0.00,0.00,46355.30,644135.19,依法申報,是,10002,10002080
108,86685142,臺灣汽電共生股份有限公司官田廠,0001,R9702160,臺南市,官田區,臺南市官田區工業西路28號,3510,電力供應業,369215.77,1076.55,2708.73,0.21,0.00,0.00,0.00,3989.75,376991.00,依法申報,是,67000,67000100
108,86522210,臺塑石化股份有限公司麥寮一廠,0001,P5802421,雲林縣,麥寮鄉,雲林縣麥寮鄉臺塑工業園區7、15號,1810,基本化學材料製造業,15284895.45,13780.33,56347.90,535.48,0.00,4170.12,0.00,0.00,15359729.28,依法申報,是,10009,10009130
108,86120031,信昌化學工業股份有限公司林園廠,0001,S1901066,高雄市,林園區,高雄市林園區工業三路九號,1820,石油化工原料製造業,182046.45,69.53,59.96,0.99,0.00,0.00,0.00,137622.78,319799.72,依法申報,是,64000,64000130
108,85978401,裕鐵企業股份有限公司岡山二廠,0001,S2602473,高雄市,燕巢區,高雄市燕巢區安招里安招路639-1號,2544,金屬表面處理業,39678.16,42.04,19.58,3.55,0.00,0.00,0.00,43694.90,83438.23,依法申報,是,64000,64000210
108,85803825,高雄塑酯化學股份有限公司,0001,S2300447,高雄市,大社區,高雄市大社區興工路一號,1810,基本化學材料製造業,72336.61,10.47,0.63,1903.73,0.00,0.00,0.00,21909.22,96160.65,依法申報,是,64000,64000160
108,85793919,龍慶鋼鐵企業股份有限公司,0001,E5600798,高雄市,小港區,高雄市小港區利昌街4號,2413,鋼鐵軋延及擠型業,17414.52,20.63,9.03,15.09,0.00,0.00,0.00,45893.07,63352.34,依法申報,是,64000,64000110
108,85066002,中華紙漿股份有限公司久堂廠,0001,S2100223,高雄市,大樹區,高雄市大樹區久堂里久堂路112號,1512,紙張製造業,421472.48,221.33,2020.89,344.66,0.00,4.56,0.00,9440.52,433504.44,依法申報,是,64000,64000150
108,84613756,中龍鋼鐵股份有限公司,0001,L0200633,臺中市,龍井區,臺中市龍井區龍昌路100號,2411,鋼鐵冶鍊業,8831564.14,651.61,67.11,926.81,0.00,0.00,0.00,204387.32,9037596.99,依法申報,是,66000,66000250
108,84526079,大園汽電共生股份有限公司,0001,H4702336,桃園市,大園區,桃園市大園區北港里14鄰潮音北路276號,3510,電力供應業,416774.30,118.77,1943.41,0.00,0.00,0.00,0.00,18426.61,437263.09,依法申報,是,68000,68000060
108,84149358,世界先進積體電路股份有限公司晶圓一廠,0001,J6300959,新竹縣,寶山鄉,新竹縣寶山鄉園區三路一二三號,2611,積體電路製造業,1579.20,82.57,8868.66,7306.62,111924.32,15534.61,1561.09,115381.56,262238.63,依法申報,是,10004,10004100
108,83387850,三芳化學工業股份有限公司,0001,S2201154,高雄市,仁武區,高雄市仁武區鳳仁路402號,1841,合成樹脂及塑膠製造業,16855.73,78.33,12.07,70.88,0.00,0.00,0.00,26912.76,43929.78,依法申報,是,64000,64000170
108,80601119,采鈺科技股份有限公司,0001,O1749526,新竹市,東區,新竹市東區篤行一路十二號,2699,未分類其他電子零組件製造業,1168.30,65.58,0.83,3094.60,5144.88,0.00,3426.78,23527.15,36428.12,依法申報,是,10018,10018010
108,80354671,慶欣欣鋼鐵股份有限公司,0001,N1601229,彰化縣,伸港鄉,彰化縣伸港鄉溪底村全興工業區工西二路二號,2411,鋼鐵冶鍊業,136780.09,47.49,49.68,0.29,0.00,0.00,0.00,218369.14,355246.68,依法申報,是,10007,10007050
108,80353271,臺灣美光晶圓科技股份有限公司一廠,0001,H4889454,桃園市,龜山區,桃園市龜山區文化村復興三路667號、669號及科技八路五號,2611,積體電路製造業,15745.74,76.54,48514.67,5073.42,36377.86,3796.20,5283.61,552427.63,667295.67,依法申報,是,68000,68000070
108,79837539,盛餘股份有限公司,0001,E5600565,高雄市,小港區,高雄市小港區中林路11號,2544,金屬表面處理業,26119.30,29.92,18.98,42.89,0.00,20.52,0.00,50738.96,76970.58,依法申報,是,64000,64000110
108,79254702,協勝發鋼鐵廠股份有限公司,0001,E5600332,高雄市,小港區,高雄市小港區店鎮里光陽街七號,2411,鋼鐵冶鍊業,87883.60,49.95,24.76,2.51,0.00,0.00,0.00,197684.20,285645.01,依法申報,是,64000,64000110
108,75947936,燁輝企業股份有限公司高雄一廠,0001,S2500536,高雄市,橋頭區,高雄市橋頭區芋寮路369號,2544,金屬表面處理業,63289.16,112.00,38.98,11.15,0.00,0.00,0.00,69054.60,132505.89,依法申報,是,64000,64000200
108,75688109,漢泰鋼鐵股份有限公司,0001,E5601080,高雄市,小港區,高雄市小港區世全路4號,2499,未分類其他基本金屬製造業,28596.42,22.94,17.61,3.83,0.00,0.00,0.00,13382.02,42022.82,依法申報,是,64000,64000110
108,75470524,海光企業股份有限公司,0001,E5600501,高雄市,小港區,高雄市小港區沿海二路12號,2411,鋼鐵冶鍊業,28221.24,32.66,32.84,0.00,0.00,0.00,0.00,110634.61,138921.35,依法申報,是,64000,64000110
108,75460005,唐榮鐵工廠股份有限公司,0001,E5601197,高雄市,小港區,高雄市小港區沿海二路4號,2411,鋼鐵冶鍊業,54822.62,73.92,26.28,11.73,0.00,0.00,0.00,101126.75,156061.30,依法申報,是,64000,64000110
108,75370905,南亞塑膠工業股份有限公司海豐總廠,0001,P5805244,雲林縣,麥寮鄉,雲林縣麥寮鄉中興村臺塑工業園區42號、47號、52號,1810,基本化學材料製造業,400617.94,288.92,38.32,701.27,0.00,11.40,0.00,1205474.63,1607132.48,依法申報,是,10009,10009130
108,75280209,東和鋼鐵企業股份有限公司苗栗廠,0001,K8100129,苗栗縣,西湖鄉,苗栗縣西湖鄉二湖村7鄰坪頂22號,2411,鋼鐵冶鍊業,100015.79,102.97,86.15,2.84,0.00,0.00,0.00,244359.61,344567.36,依法申報,是,10005,10005140
108,73252657,統一實業股份有限公司二廠,0001,R1412418,臺南市,永康區,臺南市永康區和平路77號,2549,其他金屬加工處理業,37626.09,58.18,21.31,8.35,0.00,0.00,0.00,79248.93,116962.86,依法申報,是,67000,67000310
108,72065240,官田鋼鐵股份有限公司官田廠,0001,R9701850,臺南市,官田區,臺南市官田區南?里南?119-5號,2413,鋼鐵軋延及擠型業,20237.04,21.68,48.57,0.00,0.00,0.00,0.00,16237.51,36544.80,依法申報,是,67000,67000100
108,70833553,國光電力股份有限公司,0001,H4810799,桃園市,龜山區,桃園市龜山區南上里北油一區11號,3510,電力供應業,770560.70,369.66,409.90,91.66,0.00,0.00,0.00,3170.05,774601.97,依法申報,是,68000,68000070
108,70783765,星能電力股份有限公司,0001,N1504207,彰化縣,線西鄉,彰化縣線西鄉彰濱工業區線工南二路二號,3510,電力供應業,860935.34,410.00,457.88,34.84,0.00,0.00,0.00,5187.73,867025.79,依法申報,是,10007,10007040
108,70783499,森霸電力公司豐德電廠,0001,R0503072,臺南市,山上區,臺南市山上區豐德里隙子口66號,3510,電力供應業,1567136.16,755.37,833.21,33.61,0.00,387.60,0.00,5713.06,1574859.01,依法申報,是,67000,67000220
108,70783006,華亞汽電股份有限公司華亞汽電廠,0001,H4810851,桃園市,龜山區,桃園市龜山區文化里華亞一路九八號,3510,電力供應業,2237953.63,604.35,10566.60,3.36,0.00,0.00,0.00,47202.62,2296330.57,依法申報,是,68000,68000070
108,70752257,穩懋半導體股份有限公司華亞廠,0001,H4806348,桃園市,龜山區,桃園市龜山區文化里科技七路69號,2611,積體電路製造業,746.67,34.92,105.22,1.46,14245.24,0.00,0.00,21317.30,36450.81,依法申報,是,68000,68000070
108,70750217,和鑫光電股份有限公司南科廠,0001,D9000120,臺南市,善化區,臺南市善化區北園一路7號,2649,其他光電材料及元件製造業,398.17,26.00,42185.15,179.82,8274.91,0.00,889.33,43592.39,95545.76,依法申報,是,67000,67000190
108,70552666,臺星科股份有限公司,0001,J6203071,新竹縣,芎林鄉,新竹縣芎林鄉華龍村鹿寮坑176之5號,2699,未分類其他電子零組件製造業,43.60,56.94,0.72,40.28,2374.41,0.00,0.00,25179.62,27695.56,依法申報,是,10004,10004070
108,69771636,威致鋼鐵工業股份有限公司,0001,R9701341,臺南市,官田區,臺南市官田區南廓村南廓123號,2411,鋼鐵冶鍊業,94487.03,46.95,84.99,10.66,0.00,0.00,0.00,184445.31,279074.94,依法申報,是,67000,67000100
108,68387705,奇美實業股份有限公司(仁德廠),0001,R1002065,臺南市,仁德區,三甲子59-1號A棟、59-4號,1841,合成樹脂及塑膠製造業,154238.69,396.83,340.26,2031.13,0.00,0.00,0.00,283348.28,440355.19,依法申報,是,67000,67000270
108,57002416,大鐘印染股份有限公司中壢廠,0001,H4301839,桃園市,中壢區,桃園市中壢區新生路三段741號,1140,印染整理業,41312.28,76.08,177.67,5.43,0.00,0.00,0.00,8853.31,50424.77,依法申報,是,68000,68000020
108,55695790,建順煉鋼股份有限公司,0001,K7000513,苗栗縣,通霄鎮,苗栗縣通霄鎮五北里68-4號,2411,鋼鐵冶鍊業,25823.39,20.54,51.88,314.89,0.00,0.00,0.00,87274.36,113485.06,依法申報,是,10005,10005030
108,55389357,豐興鋼鐵股份有限公司,0001,L9200728,臺中市,后里區,臺中市后里區甲后路一段998號,2411,鋼鐵冶鍊業,227083.51,105.86,67.65,358.37,0.00,0.00,0.00,486380.64,713996.01,依法申報,是,66000,66000150
108,54796568,東齊染整股份有限公司,0001,H53A6138,桃園市,觀音區,桃園市大堀里新華路二段225-1號,1140,印染整理業,25280.88,23.25,118.46,529.74,0.00,0.00,0.00,6481.50,32433.83,依法申報,是,68000,68000120
108,54393468,美商蘋果電子股份有限公司臺灣分公司,0001,H50A6777,桃園市,龍潭區,桃園市龍潭區龍園十路55號,2649,其他光電材料及元件製造業,328.24,13.01,2459.57,42.32,75.70,144.53,41.31,18664.83,21769.50,依法申報,是,68000,68000090
108,53520959,錦州科技股份有限公司大發廠,0001,E2000554,高雄市,大寮區,高雄市大寮區過溪里華西路8-6號,3530,蒸汽供應業,583971.59,5007.08,2759.03,0.00,0.00,0.00,0.00,5489.27,597226.97,依法申報,是,64000,64000140
108,53170263,聯穎光電股份有限公司竹科廠,0001,J63A1719,新竹縣,寶山鄉,新竹縣寶山鄉創新一路10號,2611,積體電路製造業,403.16,17.43,1802.48,1722.12,8019.94,2667.60,433.44,36969.69,52035.86,依法申報,是,10004,10004100
108,53121117,利芃國際股份有限公司觀音,0001,H53A2255,桃園市,觀音區,桃園市觀音區國瑞路16號,1990,其他化學製品製造業,40451.15,61.30,91.28,13.40,0.00,0.00,0.00,16798.93,57416.05,依法申報,是,68000,68000120
108,50301500,廣源造紙股份有限公司臺中廠,0001,L8801052,臺中市,大甲區,"臺中市大甲區日南里工一路1、2號、工三路15號及工五路5、7  號",1513,紙板製造業,112122.96,733.12,1251.66,6.17,0.00,0.00,0.00,46180.14,160294.05,依法申報,是,66000,66000110
108,47217677,聯華電子股份有限公司Fab8D廠,0001,O1709148,新竹市,東區,新竹市東區力行三路六、八號,2611,積體電路製造業,5517.64,51.42,17353.79,4398.78,59111.53,4447.87,1770.33,166089.02,258740.37,依法申報,是,10018,10018010
108,47109348,華夏玻璃股份有限公司,0001,O1703315,新竹市,香山區,新竹市香山區埔前里埔前路49號,2312,玻璃容器製造業,88764.89,124.46,129.75,15.24,0.00,0.00,0.00,28739.57,117773.91,依法申報,是,10018,10018030
108,46007218,大享容器工業股份有限公司,0001,J5700231,新竹縣,新埔鎮,新竹縣新埔鎮文山里文山路犁頭山段1118號,2312,玻璃容器製造業,76309.18,97.89,140.00,1.00,0.00,0.00,0.00,19421.00,95969.07,依法申報,是,10004,10004030
108,43834853,臺光染整股份有限公司海湖二廠,0001,H46A9391,桃園市,蘆竹區,桃園市濱海里13鄰濱海路一段358、358-1號,1140,印染整理業,26916.57,7.35,127.84,0.00,0.00,0.00,0.00,744.17,27795.94,依法申報,是,68000,68000050
108,42818882,林園先進材料科技股份有限公司,0001,E1902497,高雄市,林園區,高雄市林園區石化四路1號,1700,石油及煤製品製造業,202082.85,17.51,6.26,0.00,0.00,0.00,0.00,14401.75,216508.36,依法申報,是,64000,64000130
108,42010509,羅東鋼鐵廠股份有限公司煉鋼廠,0001,G32A0540,宜蘭縣,蘇澳鎮,宜蘭縣蘇澳鎮德興一路57號,2411,鋼鐵冶鍊業,30181.85,23.40,5.42,2.30,0.00,0.00,0.00,89219.95,119432.92,依法申報,是,10002,10002030
108,38033305,臺硝股份有限公司桃園廠,0001,H4601290,桃園市,蘆竹區,桃園市蘆竹區坑口里3鄰大坑街25號,1990,其他化學製品製造業,41421.10,4334.83,199.00,3.55,0.00,0.00,0.00,18720.61,64679.10,依法申報,是,68000,68000050
108,35412204,華新麗華股份有限公司鹽水廠,0001,R8500582,臺南市,鹽水區,臺南市鹽水區汫水里溪州寮3-10號A棟,2411,鋼鐵冶鍊業,94946.63,165.69,70.15,12.66,0.00,0.00,0.00,156189.37,251384.50,依法申報,是,67000,67000020
108,35082604,中興紡織廠股份有限公司楊梅化纖廠,0001,H4500743,桃園市,楊梅區,桃園市楊梅區桃園市楊梅區中山南路567號,1841,合成樹脂及塑膠製造業,71300.23,180.96,244.87,3.00,0.00,0.00,0.00,91425.36,163154.41,依法申報,是,68000,68000040
108,34286449,臺灣半導體股份有限公司利澤廠,0001,g38a0540,宜蘭縣,五結鄉,宜蘭縣五結鄉利工一路二段31號,2613,半導體封裝及測試業,4.68,19.81,0.06,10.65,0.00,0.00,0.00,8762.49,8797.68,依法申報,是,10002,10002090
108,34202841,榮成紙業股份有限公司,0001,N1400562,彰化縣,二林鎮,彰化縣二林鎮廣興里廣興巷1-1號,1513,紙板製造業,245048.40,96.66,956.97,126.37,0.00,0.00,0.00,1663.50,247891.89,依法申報,是,10007,10007200
108,34175598,錦美紙業股份有限公司觀音廠,0001,H5300425,桃園市,觀音區,桃園市觀音區榮工北路10號,1513,紙板製造業,27726.08,59.33,150.55,0.00,0.00,0.00,0.00,18930.73,46866.69,依法申報,是,68000,68000120
108,33955322,力鵬企業股份有限公司彰化尼龍總廠,0001,N2904318,彰化縣,芳苑鄉,彰化縣芳苑鄉芳苑工業區工業路33號,1850,人造纖維製造業,34509.19,86.23,160.29,0.82,0.00,0.00,0.00,153606.51,188363.04,依法申報,是,10007,10007230
108,33085508,正隆股份有限公司竹北廠,0001,J5500366,新竹縣,竹北市,新竹縣竹北市長青路二段300號,1591,家庭及衛生用紙製造業,69987.52,734.11,312.51,58.07,0.00,0.00,0.00,64641.04,135733.25,依法申報,是,10004,10004010
108,30974253,臺灣石化合成股份有限公司林園廠,0001,S1900694,高雄市,林園區,高雄市林園區工業二路1號,1990,其他化學製品製造業,13001.98,207.06,10.82,1.77,0.00,61.56,0.00,14905.61,28188.79,依法申報,是,64000,64000130
107,89528054,臺灣鋼聯股份有限公司,0001,N1607141,彰化縣,伸港鄉,彰化縣伸港鄉彰濱工業區線工北一路36號,1810,基本化學材料製造業,108571.08,8.67,13.59,0.00,0.00,0.00,0.00,10399.26,118992.59,依法申報,是,10007,10007050
107,89397503,臺鹽實業股份有限公司通霄精鹽廠,0001,K7000504,苗栗縣,通霄鎮,苗栗縣通霄鎮內島村122號,0897,調理食品製造業,21715.85,48.45,12.28,20.97,0.00,0.00,0.00,1499.44,23296.99,依法申報,是,10005,10005030
107,89390656,南亞科技股份有限公司三廠,0002,F1606662,新北市,泰山區,新北市泰山區南林路98號及115號,2611,積體電路製造業,9610.01,81.32,27302.22,4524.64,15041.83,814.13,20937.39,356351.01,434662.55,依法申報,是,65000,65000160
107,86871981,潤泰精密材料股份有限公司宜蘭冬山廠,0001,G37A0585,宜蘭縣,冬山鄉,宜蘭縣冬山鄉安平村大安路三五七之一.三五七之二.三五七之三號,2331,水泥製造業,534229.71,76.10,1019.82,0.00,0.00,0.00,0.00,42763.23,578088.85,依法申報,是,10002,10002080
107,86685142,臺灣汽電共生股份有限公司官田廠,0001,R9702160,臺南市,官田區,臺南市官田區工業西路28號,3510,電力供應業,416251.73,1190.22,3048.27,19.63,0.00,0.00,0.00,3013.80,423523.64,依法申報,是,67000,67000100
107,86522210,臺塑石化股份有限公司麥寮三廠,0003,P5802430,雲林縣,麥寮鄉,雲林縣麥寮鄉臺塑工業園區17號,1990,其他化學製品製造業,7416864.81,1583.47,20322.56,25.42,0.00,305.52,0.00,200801.95,7639903.73,依法申報,是,10009,10009130
107,86522210,臺塑石化股份有限公司麥寮二廠,0002,P5801728,雲林縣,麥寮鄉,雲林縣麥寮鄉臺塑工業園區8、8-5號,1990,其他化學製品製造業,4651517.52,1199.76,17917.31,314.88,0.00,1092.12,0.00,159338.95,4831380.54,依法申報,是,10009,10009130
107,86522210,臺塑石化股份有限公司麥寮一廠,0001,P5802421,雲林縣,麥寮鄉,雲林縣麥寮鄉臺塑工業園區7、15號,1810,基本化學材料製造業,15878373.11,17784.24,58601.01,535.48,0.00,4170.12,0.00,0.00,15959463.96,依法申報,是,10009,10009130
107,86120031,信昌化學工業股份有限公司林園廠,0001,S1901066,高雄市,林園區,高雄市林園區工業三路九號,1820,石油化工原料製造業,226689.35,140.45,258.40,0.57,0.00,0.00,0.00,146518.56,373607.32,依法申報,是,64000,64000130
107,85978401,裕鐵企業股份有限公司岡山三廠,0002,S26A0793,高雄市,燕巢區,高雄市燕巢區安招路639-2號,2544,金屬表面處理業,22662.46,56.60,12.13,1.34,0.00,0.00,0.00,10533.53,33266.06,依法申報,是,64000,64000210
107,85978401,裕鐵企業股份有限公司岡山二廠,0001,S2602473,高雄市,燕巢區,高雄市燕巢區安招里安招路639-1號,2544,金屬表面處理業,40538.41,50.73,23.01,14.25,0.00,0.00,0.00,44754.20,85380.59,依法申報,是,64000,64000210
107,85803825,高雄塑酯化學股份有限公司,0001,S2300447,高雄市,大社區,高雄市大社區興工路一號,1810,基本化學材料製造業,77114.35,10.46,0.63,1364.35,0.00,0.00,0.00,23225.97,101715.75,依法申報,是,64000,64000160
107,85793919,龍慶鋼鐵企業股份有限公司,0001,E5600798,高雄市,小港區,高雄市小港區利昌街4號,2413,鋼鐵軋延及擠型業,21791.09,26.81,29.26,15.09,0.00,0.00,0.00,61160.04,83022.29,依法申報,是,64000,64000110
107,85066002,中華紙漿股份有限公司臺東廠,0003,V7500777,臺東縣,臺東市,臺東縣臺東市中興路4段371號,1512,紙張製造業,112020.43,1279.89,711.42,17.12,0.00,0.00,0.00,48962.49,162991.34,依法申報,是,10014,10014010
107,85066002,中華紙漿股份有限公司久堂廠,0001,S2100223,高雄市,大樹區,高雄市大樹區久堂里久堂路112號,1512,紙張製造業,426719.77,229.10,2039.36,251.99,0.00,6.84,0.00,16166.53,445413.59,依法申報,是,64000,64000150
107,84613756,中龍鋼鐵股份有限公司,0001,L0200633,臺中市,龍井區,臺中市龍井區龍昌路100號,2411,鋼鐵冶鍊業,9896898.55,337.82,70.63,1877.62,0.00,0.00,0.00,220646.65,10119831.26,依法申報,是,66000,66000250
107,84526079,大園汽電共生股份有限公司,0001,H4702336,桃園市,大園區,桃園市大園區北港里14鄰潮音北路276號,3510,電力供應業,444941.36,151.56,1994.42,0.00,0.00,0.00,0.00,13938.16,461025.51,依法申報,是,68000,68000060
107,84252697,榮剛材料科技股份有限公司新營廠,0000,R8400827,臺南市,新營區,臺南市新營區新中路35號,2411,鋼鐵冶鍊業,74089.78,138.42,98.19,12.67,0.00,0.00,0.00,83291.27,157630.33,依法申報,是,67000,67000010
107,84149738,友達光電股份有限公司后里廠,0008,L92A0931,臺中市,后里區,臺中市后里區馬場路1號,2641,液晶面板及其組件製造業,6343.23,182.49,11582.99,377.52,0.00,24367.50,4290.81,370763.40,417907.95,依法申報,是,66000,66000150
107,84149738,友達光電股份有限公司桃園分公司,0007,H5002362,桃園市,龍潭區,桃園市龍潭區三和里新和路1號,2641,液晶面板及其組件製造業,9958.89,28.33,7373.62,1122.38,0.00,12174.31,1685.26,255929.59,288272.38,依法申報,是,68000,68000090
107,84149738,友達光電股份有限公司,0006,H4888493,桃園市,龜山區,桃園市龜山區文化里華亞二路189號,2649,其他光電材料及元件製造業,7848.29,48.19,3544.41,61.31,1034.36,6533.57,944.90,284378.36,304393.39,依法申報,是,68000,68000070
107,84149738,友達光電股份有限公司臺中廠,0005,B2313780,臺中市,西屯區,臺中市西屯區中部科學園區中科路1號,2641,液晶面板及其組件製造業,16526.63,481.05,28218.69,572.00,0.00,73184.58,10822.07,1113497.88,1243302.91,依法申報,是,66000,66000060
107,84149738,友達光電股份有限公司龍科廠,0004,H5008211,桃園市,龍潭區,桃園市龍潭區龍科街228號,2641,液晶面板及其組件製造業,9072.21,94.83,6739.09,602.33,0.00,14165.64,3328.20,350994.28,384996.58,依法申報,是,68000,68000090
107,84149738,友達光電股份有限公司L5廠,0003,O1707395,新竹市,東區,新竹市東區力行路23號,2641,液晶面板及其組件製造業,895.92,29.49,146.44,0.00,38.31,1403.57,222.91,47447.50,50184.14,依法申報,是,10018,10018010
107,84149738,友達光電總部/友達光電股份有限公司L3B廠,0002,O1709193,新竹市,東區,新竹市東區力行二路1號,2641,液晶面板及其組件製造業,708.24,91.18,43.33,0.00,19.95,180.58,1793.62,21475.32,24312.21,依法申報,是,10018,10018010
107,84149385,力晶科技股份有限公司P3,0003,O1747764,新竹市,東區,新竹市東區力行路16-1號,2611,積體電路製造業,4677.74,26.76,5533.92,640.51,9010.00,2381.63,29.80,141238.67,163539.03,依法申報,是,10018,10018010
107,84149385,力晶科技股份有限公司P1/2,0002,O1748707,新竹市,東區,新竹市東區力行一路一二號,2611,積體電路製造業,13084.01,132.07,6475.93,3177.02,10702.43,9840.07,9377.34,307178.49,359967.37,依法申報,是,10018,10018010
107,84149358,世界先進積體電路股份有限公司晶圓三廠,0003,H46B0495,桃園市,蘆竹區,桃園市蘆竹區長興里14鄰長榮路168號,2611,積體電路製造業,213.48,45.91,4910.56,3247.71,95984.15,6730.56,2895.21,183872.72,297900.30,依法申報,是,68000,68000050
107,84149358,世界先進積體電路股份有限公司晶圓二廠,0002,O1751197,新竹市,東區,新竹市東區力行路九號,2611,積體電路製造業,2690.94,56.19,16069.32,4208.90,43226.29,1275.06,1106.89,138993.74,207627.33,依法申報,是,10018,10018010
107,84149358,世界先進積體電路股份有限公司晶圓一廠,0001,J6300959,新竹縣,寶山鄉,新竹縣寶山鄉園區三路一二三號,2611,積體電路製造業,1604.84,95.73,9520.44,7911.81,109290.89,17757.87,2265.96,128129.09,276576.64,依法申報,是,10004,10004100
107,83387850,三芳化學工業股份有限公司,0001,S2201154,高雄市,仁武區,高雄市仁武區鳳仁路402號,1841,合成樹脂及塑膠製造業,25334.89,85.12,16.90,70.88,0.00,0.00,0.00,27418.37,52926.16,依法申報,是,64000,64000170
107,83078600,東南水泥股份有限公司,0001,E4900744,高雄市,楠梓區,高雄市楠梓區高楠公路屏山巷1號,2331,水泥製造業,2625.39,11.82,9.80,0.86,0.00,0.00,0.00,21406.13,24054.00,依法申報,是,64000,64000040
107,80629340,九滎股份有限公司瓊林廠,0000,F0622537,新北市,新莊區,新北市新莊區瓊林南路301巷2號,1140,印染整理業,18571.12,14.10,88.42,0.00,0.00,0.00,0.00,4278.01,22951.65,依法申報,是,65000,65000050
107,80601119,采鈺科技股份有限公司,0001,O1749526,新竹市,東區,新竹市東區篤行一路十二號,2699,未分類其他電子零組件製造業,1182.10,61.54,0.80,3516.00,4289.94,0.00,3343.20,22812.25,35205.84,依法申報,是,10018,10018010
107,12800225,群創光電股份有限公司T3廠,0004,K71A2695,苗栗縣,竹南鎮,苗栗縣竹南鎮科中路12號,2641,液晶面板及其組件製造業,1762.76,40.96,5825.69,0.00,348.73,6863.63,336.41,97739.39,112917.57,依法申報,是,10005,10005040
107,12800225,群創光電股份有限公司T1廠,0001,K7104025,苗栗縣,竹南鎮,苗栗縣竹南鎮科學路160號,2641,液晶面板及其組件製造業,2556.48,116.28,3.43,161.08,30.50,3774.66,797.75,138123.78,145563.96,依法申報,是,10005,10005040
107,12745455,源鋼企業股份有限公司,0000,E56A7340,高雄市,小港區,高雄市小港區大業南路54號,2413,鋼鐵軋延及擠型業,30481.97,47.46,70.83,5.85,0.00,0.00,0.00,14908.44,45514.55,依法申報,是,64000,64000110
107,12529007,環泰企業股份有限公司南崁廠,0001,H4602313,桃園市,蘆竹區,桃園市蘆竹區南青路1156巷75號,0893,製糖業,22448.29,5305.64,111.30,15.06,0.00,0.00,0.00,4782.01,32662.30,依法申報,是,68000,68000050
107,12233428,大連化學工業股份有限公司大發廠,0003,S2005652,高雄市,大寮區,高雄市大寮區過溪里華西路8-1號,1810,基本化學材料製造業,110598.82,48.29,25.72,2444.50,0.00,0.00,0.00,586274.14,699391.47,依法申報,是,64000,64000140
107,12233428,大連化學工業股份有限公司高雄廠,0002,S2300465,高雄市,大社區,高雄市大社區興工路1-3號,1810,基本化學材料製造業,31272.71,26.06,10.49,1624.02,0.00,0.00,0.00,65052.73,97986.00,依法申報,是,64000,64000160
107,12233428,大連化學工業股份有限公司麥寮廠,0001,P5802387,雲林縣,麥寮鄉,雲林縣麥寮鄉中興村臺塑工業園區二五號,1810,基本化學材料製造業,151586.19,59.85,62.76,0.00,0.00,0.00,0.00,720851.96,872560.76,依法申報,是,10009,10009130
107,11914002,臺灣玻璃工業股份有限公司臺中廠平板三場,0005,L9100563,臺中市,梧棲區,臺中市梧棲區自立三街220號,2311,平板玻璃及其製品製造業,38051.58,48.86,77.15,104.73,0.00,0.00,0.00,24941.84,63224.15,依法申報,是,66000,66000140
107,11914002,臺灣玻璃工業股份有限公司臺中廠,0004,L9100198,臺中市,梧棲區,臺中市梧棲區自強路377號,2311,平板玻璃及其製品製造業,92922.69,125.43,174.33,2.87,0.00,0.00,0.00,19425.29,112650.61,依法申報,是,66000,66000140
107,11914002,臺灣玻璃工業股份有限公司新竹廠,0003,O1703351,新竹市,香山區,新竹市香山區中華路四段470號,2312,玻璃容器製造業,112920.44,213.86,192.81,94.60,0.00,0.00,0.00,49809.49,163231.19,依法申報,是,10018,10018030
107,11914002,臺灣玻璃工業股份有限公司鹿港廠,0002,N0803765,彰化縣,鹿港鎮,彰化縣鹿港鎮鹿工路11號,2313,玻璃纖維製造業,54815.14,188.82,57.28,1144.53,0.00,0.00,0.00,99150.37,155356.14,依法申報,是,10007,10007020
107,11914002,臺灣玻璃工業股份有限公司桃園廠,0001,H5300916,桃園市,觀音區,桃園市觀音區樹林村經建五路1號,2313,玻璃纖維製造業,75959.61,125.80,104.75,2088.90,0.00,0.00,0.00,78512.18,156791.24,依法申報,是,68000,68000120
107,11913502,臺灣水泥股份有限公司蘇澳廠,0003,G3200778,宜蘭縣,蘇澳鎮,宜蘭縣蘇澳鎮永昌路46號,2331,水泥製造業,1040187.49,104.16,1624.25,10.44,0.00,0.00,0.00,65286.26,1107212.59,依法申報,是,10002,10002030
107,11913502,臺灣水泥股份有限公司花蓮廠,0002,U9100978,花蓮縣,花蓮市,花蓮縣花蓮市民孝里華東103號,2331,水泥製造業,3.51,8.21,0.06,0.00,0.00,0.00,0.00,1675.75,1687.53,依法申報,是,10015,10015010
107,11913502,臺灣水泥股份有限公司和平分公司和平廠,0001,U0100187,花蓮縣,秀林鄉,花蓮縣秀林鄉和平村和平263號,2331,水泥製造業,3180971.90,345.81,5428.04,4.06,0.00,0.00,0.00,171350.17,3358099.98,依法申報,是,10015,10015110
107,11686106,華夏海灣塑膠股份有限公司頭份廠,0001,K7200933,苗栗縣,頭份市,民族路五七一號,1810,基本化學材料製造業,53240.39,86.57,224.90,0.43,0.00,0.00,0.00,100439.89,153992.18,依法申報,是,10005,10005050
107,11384806,長春石油化學股份有限公司苗栗二廠,0004,K6801123,苗栗縣,苗栗市,苗栗縣苗栗市文聖里文山245號,1810,基本化學材料製造業,107014.39,97.76,49.14,1497.41,0.00,0.00,0.00,967782.15,1076440.85,依法申報,是,10005,10005010
107,11384806,長春石油化學股份有限公司苗栗廠,0002,K6801089,苗栗縣,苗栗市,苗栗縣苗栗市福安里福星246、246-3號,1990,其他化學製品製造業,1320053.87,1410.70,6213.33,883.03,0.00,0.00,0.00,68510.50,1397071.43,依法申報,是,10005,10005010
107,11384806,長春石油化學股份有限公司大發廠,0001,S2001314,高雄市,大寮區,高雄市大寮區建業路11號,3530,蒸汽供應業,583561.51,4363.18,2754.15,0.00,0.00,0.00,0.00,61801.71,652480.55,依法申報,是,64000,64000140
107,11384708,長春人造樹脂廠股份有限公司大發二廠,0005,S2015916,高雄市,大寮區,高雄市大寮區華西路6號,1820,石油化工原料製造業,75208.83,40.70,0.51,0.00,0.00,0.00,0.00,222331.44,297581.47,依法申報,是,64000,64000140
107,11384708,長春人造樹脂廠股份有限公司大發廠,0004,S2005081,高雄市,大寮區,高雄市大寮區華西路8號,1810,基本化學材料製造業,368279.83,2622.68,1740.17,325.05,0.00,0.00,0.00,194553.28,567521.01,依法申報,是,64000,64000140
107,11384708,長春人造樹脂廠股份有限公司高雄廠,0003,S2201092,高雄市,仁武區,高雄市仁武區工業一路14號,1841,合成樹脂及塑膠製造業,33619.08,496.15,21.49,4.79,0.00,22.80,0.00,98835.38,132999.69,依法申報,是,64000,64000170
107,11384708,長春人造樹脂廠股份有限公司新竹廠,0001,J5901658,新竹縣,湖口鄉,新竹縣湖口鄉鳳山村中華路8號,1841,合成樹脂及塑膠製造業,365755.76,235.49,1640.76,789.94,0.00,0.00,0.00,5568.36,373990.30,依法申報,是,10004,10004050
107,11085292,中華映管股份有限公司楊梅廠,0003,H4501231,桃園市,楊梅區,桃園市楊梅區行善路80號,2641,液晶面板及其組件製造業,1709.91,1063.95,0.98,4.79,0.00,0.00,0.00,83602.69,86382.32,依法申報,是,68000,68000040
107,11085292,中華映管股份有限公司龍潭廠,0002,H5009450,桃園市,龍潭區,桃園市龍潭區三和里1鄰華映路1號,2641,液晶面板及其組件製造業,7593.40,14987.55,2628.90,4867.71,4493.46,179180.85,2500.06,301451.16,517703.07,依法申報,是,68000,68000090
107,11083148,東華合纖股份有限公司l新竹廠,0001,J5500526,新竹縣,竹北市,新竹縣竹北市泰和里125號,1850,人造纖維製造業,33535.17,26.39,158.57,0.00,0.00,0.00,0.00,4886.22,38606.35,依法申報,是,10004,10004010
107,7838854,中鴻鋼鐵股份有限公司熱軋廠,0001,S1602102,高雄市,岡山區,高雄市岡山區嘉興里興隆街五七六、之一、之二、之三、之五號,2413,鋼鐵軋延及擠型業,161921.01,117.11,92.89,1.16,0.00,0.00,0.00,137299.72,299431.89,依法申報,是,64000,64000190
107,7663290,力麗企業股份有限公司彰化化纖總廠,0001,N2902234,彰化縣,芳苑鄉,彰化縣芳苑鄉後寮村工業路38號,1850,人造纖維製造業,146248.65,587.44,661.98,4.46,0.00,0.00,0.00,67640.80,215143.33,依法申報,是,10007,10007230
107,7568009,環球水泥股份有限公司阿蓮廠,0001,S2800200,高雄市,阿蓮區,高雄市阿蓮區崗山里95之2號,2331,水泥製造業,149.17,3.73,2.47,0.29,0.00,0.00,0.00,9759.02,9914.68,依法申報,是,64000,64000230
107,7472834,新隆纖維染整股份有限公司桃園廠,0001,H4202215,桃園市,桃園區,桃園市桃園區春日路1733巷8號,1140,印染整理業,37338.53,44.68,177.34,1.81,0.00,0.00,0.00,9011.69,46574.05,依法申報,是,68000,68000010
107,7435515,新光合成纖維股份有限公司中壢廠,0002,H5100952,桃園市,平鎮區,桃園市平鎮區廣仁里延平路三段二二三號,1113,人造纖維加工絲業,108769.18,255.02,236.82,1061.18,0.00,0.00,0.00,173644.94,283967.14,依法申報,是,68000,68000100
107,7407200,富順纖維工業股份有限公司觀音廠,0001,H5301548,桃園市,觀音區,桃園市觀音區白玉里中興路200號,1140,印染整理業,31675.64,160.75,150.28,3.11,0.00,0.00,0.00,7805.54,39795.32,依法申報,是,68000,68000120
107,7066907,中國人造纖維股份有限公司高雄總廠,0001,S2300401,高雄市,大社區,高雄市大社區經建路八號,1810,基本化學材料製造業,517429.70,212.57,2030.69,386.25,0.00,0.00,0.00,34406.23,554465.44,依法申報,是,64000,64000160
107,7014916,大同染整股份有限公司桃園廠,0001,H4600579,桃園市,蘆竹區,桃園市蘆竹區南崁里圳佳路27號,1140,印染整理業,30956.30,32.36,147.12,0.35,0.00,0.00,0.00,9072.51,40208.65,依法申報,是,68000,68000050
107,80354671,慶欣欣鋼鐵股份有限公司,0001,N1601229,彰化縣,伸港鄉,彰化縣伸港鄉溪底村全興工業區工西二路二號,2411,鋼鐵冶鍊業,134620.92,46.49,53.13,0.29,0.00,0.00,0.00,231638.39,366359.22,依法申報,是,10007,10007050
107,80353271,臺灣美光晶圓科技股份有限公司二廠,0002,H4888582,桃園市,龜山區,桃園市龜山區文化村華亞五路2、6號,2611,積體電路製造業,7319.90,29.35,25756.89,2783.44,15571.93,615.60,2266.00,578909.48,633252.58,依法申報,是,68000,68000070
107,80353271,臺灣美光晶圓科技股份有限公司一廠,0001,H4889454,桃園市,龜山區,桃園市龜山區文化村復興三路667號、669號及科技八路五號,2611,積體電路製造業,13465.26,53.30,43161.04,4188.34,17925.98,3767.47,7622.19,512244.25,602427.83,依法申報,是,68000,68000070
107,79837539,盛餘股份有限公司,0001,E5600565,高雄市,小港區,高雄市小港區中林路11號,2544,金屬表面處理業,25593.01,29.70,18.71,42.89,0.00,13.68,0.00,53878.02,79576.01,依法申報,是,64000,64000110
107,79254702,協勝發鋼鐵廠股份有限公司,0001,E5600332,高雄市,小港區,高雄市小港區店鎮里光陽街七號,2411,鋼鐵冶鍊業,87359.61,60.43,57.60,2.51,0.00,0.00,0.00,205135.00,292615.15,依法申報,是,64000,64000110
107,75947936,燁輝企業股份有限公司高雄一廠,0001,S2500536,高雄市,橋頭區,高雄市橋頭區芋寮路369號,2544,金屬表面處理業,60604.66,127.47,38.74,11.15,0.00,0.00,0.00,78440.54,139222.56,依法申報,是,64000,64000200
107,75708007,臺灣塑膠工業股份有限公司林園廠,0008,S1900685,高雄市,林園區,高雄市林園區石化一路1號,1810,基本化學材料製造業,667381.62,312.36,2684.95,686.16,0.00,136.80,0.00,138918.56,810120.46,依法申報,是,64000,64000130
107,75708007,臺灣塑膠工業股份有限公司冬山廠,0006,G3700880,宜蘭縣,冬山鄉,宜蘭縣冬山鄉東福路201號,2392,石灰製造業,147801.83,32.27,245.91,0.00,0.00,0.00,0.00,16582.91,164662.91,依法申報,是,10002,10002080
107,75708007,臺灣塑膠工業股份有限公司仁武廠,0005,S2201109,高雄市,仁武區,高雄市仁武區水管路一○○號,1810,基本化學材料製造業,2449274.45,923.97,10958.68,2439.02,0.00,243.96,0.00,72290.15,2536130.23,依法申報,是,64000,64000170
107,75708007,臺灣塑膠工業股份有限公司麥寮廠,0002,P5801602,雲林縣,麥寮鄉,雲林縣麥寮鄉中興村臺塑工業園區一號,1990,其他化學製品製造業,477134.41,422.08,402.30,12562.33,0.00,221.16,0.00,4128729.79,4619472.06,依法申報,是,10009,10009130
107,75688109,漢泰鋼鐵股份有限公司,0001,E5601080,高雄市,小港區,高雄市小港區世全路4號,2499,未分類其他基本金屬製造業,25994.58,22.17,18.00,3.83,0.00,0.00,0.00,13216.05,39254.63,依法申報,是,64000,64000110
107,75470524,海光企業股份有限公司嘉興鋼鐵廠,0002,E5602952,高雄市,小港區,高雄市小港區嘉興街5號,2541,金屬鍛造業,25753.78,24.54,14.07,25.89,0.00,0.00,0.00,29184.95,55003.22,依法申報,是,64000,64000110
107,75470524,海光企業股份有限公司,0001,E5600501,高雄市,小港區,高雄市小港區沿海二路12號,2411,鋼鐵冶鍊業,91988.34,27.78,21.28,15.03,0.00,0.00,0.00,139446.44,231498.88,依法申報,是,64000,64000110
107,75460005,唐榮鐵工廠股份有限公司,0001,E5601197,高雄市,小港區,高雄市小港區沿海二路4號,2411,鋼鐵冶鍊業,59011.23,59.30,28.34,11.73,0.00,0.00,0.00,117586.29,176696.89,依法申報,是,64000,64000110
107,75370905,南亞塑膠工業股份有限公司新港廠,9501,Q7100272,嘉義縣,新港鄉,嘉義縣新港鄉嘉義縣新港鄉中洋村中洋工業區2號,2201,塑膠皮、板、管材製造業,40559.17,276.05,23.15,1447.01,0.00,0.00,0.00,812654.07,854959.46,依法申報,是,10010,10010070
107,75370905,南亞塑膠工業股份有限公司樹林廠,9500,F0701702,新北市,樹林區,新北市樹林區味王街五五號,1841,合成樹脂及塑膠製造業,366658.15,225.17,1670.14,833.44,0.00,0.00,0.00,2525.14,371912.03,依法申報,是,65000,65000070
107,75370905,南亞塑膠工業股份有限公司嘉義廠,9400,Q7600375,嘉義縣,太保市,嘉義縣太保市南新里北港路二段201號,2201,塑膠皮、板、管材製造業,303963.81,176.45,1429.66,286.67,0.00,0.00,0.00,8265.76,314122.34,依法申報,是,10010,10010010
107,75370905,南亞塑膠工業股份有限公司錦興廠,9221,H4601398,桃園市,蘆竹區,桃園市蘆竹區南崁路一段336號,2399,未分類其他非金屬礦物製品製造業,698083.75,208.46,3292.42,0.57,0.00,0.00,0.00,18869.05,720454.26,依法申報,是,68000,68000050
107,75370905,南亞塑膠工業股份有限公司林口二廠,9220,F1600491,新北市,泰山區,新北市泰山區南林路102號,1841,合成樹脂及塑膠製造業,256768.86,241.88,1150.16,68.58,0.00,0.00,0.00,65545.09,323774.57,依法申報,是,65000,65000160
107,75370905,南亞塑膠工業股份有限公司工三廠,5G00,H4801478,桃園市,龜山區,桃園市龜山區樂善里文明路6號,1113,人造纖維加工絲業,178683.92,287.72,375.09,0.00,0.00,0.00,0.00,299814.61,479161.34,依法申報,是,68000,68000070
107,75370905,南亞塑膠工業股份有限公司麥寮總廠,0002,P5801513,雲林縣,麥寮鄉,雲林縣麥寮鄉臺塑工業園區2號,1810,基本化學材料製造業,374953.20,242.32,197.13,1461.72,0.00,1030.56,0.00,1081859.14,1459744.06,依法申報,是,10009,10009130
107,75370905,南亞塑膠工業股份有限公司海豐總廠,0001,P5805244,雲林縣,麥寮鄉,雲林縣麥寮鄉中興村臺塑工業園區42號、47號、52號,1810,基本化學材料製造業,396462.32,291.92,42.17,701.27,0.00,11.40,0.00,1210982.81,1608491.88,依法申報,是,10009,10009130
107,75280209,東和鋼鐵企業股份有限公司桃園廠,0004,H53A0675,桃園市,觀音區,桃園市觀音區保障村8鄰草漯116號,2411,鋼鐵冶鍊業,51387.09,7.95,39.90,71.20,0.00,0.00,0.00,349607.07,401113.21,依法申報,是,68000,68000120
107,75280209,東和鋼鐵企業股份有限公司高雄廠,0002,E5600369,高雄市,小港區,高雄市小港區嘉興街八號,2413,鋼鐵軋延及擠型業,22021.32,32.08,15.47,22.99,0.00,0.00,0.00,13765.11,35856.97,依法申報,是,64000,64000110
107,75280209,東和鋼鐵企業股份有限公司苗栗廠,0001,K8100129,苗栗縣,西湖鄉,苗栗縣西湖鄉二湖村7鄰坪頂22號,2411,鋼鐵冶鍊業,131236.10,132.77,178.14,2.84,0.00,0.00,0.00,289686.78,421236.63,依法申報,是,10005,10005140
107,73686632,得力實業股份有限公司,0000,R0300606,臺南市,新市區,臺南市新市區三舍里240號,1140,印染整理業,51073.37,35.59,226.48,1.76,0.00,0.00,0.00,36207.39,87544.59,依法申報,是,67000,67000200
107,73252657,統一實業股份有限公司二廠,0001,R1412418,臺南市,永康區,臺南市永康區和平路77號,2549,其他金屬加工處理業,43148.63,64.03,23.54,8.35,0.00,0.00,0.00,91999.74,135244.30,依法申報,是,67000,67000310
107,72065240,官田鋼鐵股份有限公司官田廠,0001,R9701850,臺南市,官田區,臺南市官田區南?里南?119-5號,2413,鋼鐵軋延及擠型業,26320.79,28.67,62.61,0.00,0.00,0.00,0.00,21280.77,47692.84,依法申報,是,67000,67000100
107,70833553,國光電力股份有限公司,0001,H4810799,桃園市,龜山區,桃園市龜山區南上里北油一區11號,3510,電力供應業,730476.92,815.93,388.89,100.22,0.00,0.00,0.00,2974.14,734756.10,依法申報,是,68000,68000070
107,70783765,星能電力股份有限公司,0001,N1504207,彰化縣,線西鄉,彰化縣線西鄉彰濱工業區線工南二路二號,3510,電力供應業,804554.62,385.68,427.96,34.00,0.00,0.00,0.00,5817.00,811219.26,依法申報,是,10007,10007040
107,70783499,森霸電力公司豐德電廠,0001,R0503072,臺南市,山上區,臺南市山上區豐德里隙子口66號,3510,電力供應業,1526445.51,714.88,811.60,12.85,0.00,0.00,0.00,5455.09,1533439.92,依法申報,是,67000,67000220
107,70783006,華亞汽電股份有限公司觀音公用廠,0002,H53A2562,桃園市,觀音區,桃園市觀音區觀音工業區工業七路三號,3530,蒸汽供應業,200389.54,58.54,947.25,6.61,0.00,0.00,0.00,3913.29,205315.23,依法申報,是,68000,68000120
107,70783006,華亞汽電股份有限公司華亞汽電廠,0001,H4810851,桃園市,龜山區,桃園市龜山區文化里華亞一路九八號,3510,電力供應業,2230062.19,602.08,10530.90,3.79,0.00,0.00,0.00,26962.12,2268161.08,依法申報,是,68000,68000070
107,70752257,穩懋半導體股份有限公司龜山廠,0003,H48B0554,桃園市,龜山區,桃園市龜山區山鶯路200-5號,2611,積體電路製造業,1293.60,67.30,137.35,0.00,12351.79,0.00,0.00,30843.64,44693.68,依法申報,是,68000,68000070
107,70752257,穩懋半導體股份有限公司華亞二廠,0002,H4886999,桃園市,龜山區,桃園市龜山區文化里華亞二路358號與科技七路35號及35號2樓、3樓、4樓,2611,積體電路製造業,1226.96,113.78,233.69,1487.20,31758.37,1231.20,0.00,47632.86,83684.05,依法申報,是,68000,68000070
107,70752257,穩懋半導體股份有限公司華亞廠,0001,H4806348,桃園市,龜山區,桃園市龜山區文化里科技七路69號,2611,積體電路製造業,1024.68,36.20,64.99,0.00,13420.28,0.00,0.00,21561.00,36107.16,依法申報,是,68000,68000070
107,70750217,和鑫光電股份有限公司南科廠,0001,D9000120,臺南市,善化區,臺南市善化區北園一路7號,2649,其他光電材料及元件製造業,444.31,23.38,26230.26,179.82,5976.32,0.00,594.94,41972.26,75421.29,依法申報,是,67000,67000190
107,70584724,旭硝子顯示玻璃股份有限公司斗六二廠,0002,P46A0693,雲林縣,斗六市,雲林縣斗六市虎溪里科工八路八號,2311,平板玻璃及其製品製造業,88563.45,84.75,47.23,51.27,0.00,0.00,0.00,173094.42,261841.12,依法申報,是,10009,10009010
107,70552666,臺星科股份有限公司,0001,J6203071,新竹縣,芎林鄉,新竹縣芎林鄉華龍村鹿寮坑176之5號,2699,未分類其他電子零組件製造業,43.60,56.94,0.72,40.28,3212.43,0.00,0.00,26216.88,29570.85,依法申報,是,10004,10004070
107,69771636,威致鋼鐵工業股份有限公司,0001,R9701341,臺南市,官田區,臺南市官田區南廓村南廓123號,2411,鋼鐵冶鍊業,100101.01,47.22,85.26,10.66,0.00,0.00,0.00,213356.92,313601.05,依法申報,是,67000,67000100
107,68919301,臺南紡織股份有限公司仁德廠,0002,R1001719,臺南市,仁德區,臺南市仁德區中正路二段八六二巷四五號,1113,人造纖維加工絲業,39286.82,766.91,25.81,4.40,0.00,0.00,0.00,53885.02,93968.95,依法申報,是,67000,67000270
107,68387705,奇美實業股份有限公司旭美廠,0002,R10A3047,臺南市,仁德區,開發四路36號,1841,合成樹脂及塑膠製造業,180986.88,214.73,307.06,57.20,0.00,0.00,0.00,30715.34,212281.21,依法申報,是,67000,67000270
107,68387705,奇美實業股份有限公司(仁德廠),0001,R1002065,臺南市,仁德區,三甲子59-1號A棟、59-4號,1841,合成樹脂及塑膠製造業,164469.26,415.53,378.28,2075.60,0.00,0.00,0.00,315200.80,482539.48,依法申報,是,67000,67000270
107,59504506,正新橡膠工業股份有限公司,0000,N2100552,彰化縣,大村鄉,彰化縣大村鄉美港路215號,2109,其他橡膠製品製造業,34018.36,449.87,42.64,27.41,0.00,0.00,0.00,45324.61,79862.90,依法申報,是,10007,10007130
107,58650902,臺灣化學纖維股份有限公司龍德廠,0010,G3700791,宜蘭縣,冬山鄉,宜蘭縣冬山鄉大興村龍祥十路二號,1820,石油化工原料製造業,1570758.67,448.77,7016.98,812.88,0.00,0.00,0.00,388.88,1579426.17,依法申報,是,10002,10002080
107,58650902,臺灣化學纖維股份有限公司麥寮廠,0006,P5801773,雲林縣,麥寮鄉,雲林縣麥寮鄉中興村臺塑工業園區5號及3之1號,1810,基本化學材料製造業,558607.26,268.97,421.49,6795.40,0.00,43.32,0.00,1260856.48,1826992.92,依法申報,是,10009,10009130
107,58650902,臺灣化學纖維股份有限公司海豐廠,0005,P5802092,雲林縣,麥寮鄉,雲林縣麥寮鄉中興村臺塑工業園區23號,1810,基本化學材料製造業,1263590.69,134.09,52.66,777.41,0.00,77.52,0.00,2137347.95,3401980.32,依法申報,是,10009,10009130
107,58650902,臺灣化學纖維股份有限公司新港廠,0003,Q7100254,嘉義縣,新港鄉,嘉義縣新港鄉中洋村中洋工業區一號,1850,人造纖維製造業,2164661.95,782.74,10053.57,1049.15,0.00,1527.60,0.00,35275.68,2213350.68,依法申報,是,10010,10010070
107,57002416,大鐘印染股份有限公司中壢廠,0001,H4301839,桃園市,中壢區,桃園市中壢區新生路三段741號,1140,印染整理業,47306.87,81.46,199.63,5.43,0.00,0.00,0.00,10883.48,58476.87,依法申報,是,68000,68000020
107,56121907,味丹企業股份有限公司沙鹿第一工廠,0003,L9000666,臺中市,沙鹿區,臺中市沙鹿區興安路63號,0896,調味品製造業,131163.85,57.00,483.71,0.00,0.00,36.48,0.00,40931.17,172672.22,依法申報,是,66000,66000130
107,55695790,建順煉鋼股份有限公司,0001,K7000513,苗栗縣,通霄鎮,苗栗縣通霄鎮五北里68-4號,2411,鋼鐵冶鍊業,32479.88,53.34,56.17,314.89,0.00,0.00,0.00,97149.93,130054.21,依法申報,是,10005,10005030
107,55389357,豐興鋼鐵股份有限公司,0001,L9200728,臺中市,后里區,臺中市后里區甲后路一段998號,2411,鋼鐵冶鍊業,233003.16,116.14,80.28,332.51,0.00,0.00,0.00,537742.13,771274.23,依法申報,是,66000,66000150
107,54393468,美商蘋果電子股份有限公司臺灣分公司,0001,H50A6777,桃園市,龍潭區,桃園市龍潭區龍園十路55號,2649,其他光電材料及元件製造業,344.56,13.02,2599.33,40.69,82.65,149.59,47.96,19163.70,22441.50,依法申報,是,68000,68000090
107,53520959,錦州科技股份有限公司大發廠,0001,E2000554,高雄市,大寮區,高雄市大寮區過溪里華西路8-6號,3530,蒸汽供應業,610999.97,4559.65,2886.31,0.00,0.00,0.00,0.00,2949.58,621395.51,依法申報,是,64000,64000140
107,53170263,聯穎光電股份有限公司竹科廠,0001,J63A1719,新竹縣,寶山鄉,新竹縣寶山鄉創新一路10號2樓,2611,積體電路製造業,443.65,19.85,1995.68,2189.97,8716.85,3078.00,619.20,38653.85,55717.04,依法申報,是,10004,10004100
107,53121117,利芃國際股份有限公司觀音,0001,H53A2255,桃園市,觀音區,桃園市觀音區國瑞路16號,1990,其他化學製品製造業,43256.56,80.67,98.70,13.07,0.00,0.00,0.00,19415.65,62864.65,依法申報,是,68000,68000120
107,53116310,恆顥科技股份有限公司湖口廠,0001,J59A5361,新竹縣,湖口鄉,新竹縣湖口鄉新竹工業區文化路2-1號,2641,液晶面板及其組件製造業,297.03,29.85,0.18,16.04,0.00,0.00,0.00,12399.80,12742.90,依法申報,是,10004,10004050
107,50301500,廣源造紙股份有限公司臺中廠,0001,L8801052,臺中市,大甲區,"臺中市大甲區日南里工一路1,2號、工三路15號及工五路5,7  號",1513,紙板製造業,119505.93,845.19,1420.80,5.46,0.00,0.00,0.00,51307.43,173084.81,依法申報,是,66000,66000110
107,49701774,冠軍建材股份有限公司第二廠,0000,K8201149,苗栗縣,造橋鄉,苗栗縣造橋鄉豐湖村1鄰乳姑山2號,2329,其他陶瓷製品製造業,58922.04,152.35,44.22,7.04,0.00,0.00,0.00,28215.00,87340.66,依法申報,是,10005,10005150
107,47299902,漢磊科技股份有限公司研發廠,0004,J6300299,新竹縣,寶山鄉,新竹縣寶山鄉新竹科學園區創新一路18號,2611,積體電路製造業,217.89,24.65,631.19,869.04,15036.61,1641.60,295.57,24833.11,43549.66,依法申報,是,10004,10004100
107,47299902,漢磊科技股份有限公司研新廠(元件二廠),0003,O1701115,新竹市,東區,新竹市科學工業園區研新二路5號,2611,積體電路製造業,326.44,14.21,1102.48,1390.46,6772.46,2872.80,443.35,9582.28,22504.48,依法申報,是,10018,10018010
107,47299902,漢磊科技股份有限公司創新廠,0002,J6300146,新竹縣,寶山鄉,新竹縣寶山鄉新竹科學工業園區創新一路3號,2611,積體電路製造業,0.07,10.76,1224.66,521.56,2062.65,205.20,0.00,8485.45,12510.35,依法申報,是,10004,10004100
107,47217677,聯華電子股份有限公司Fab12A廠第二廠區,0010,D0302141,臺南市,新市區,臺南市南科三路57號,2611,積體電路製造業,1188.43,25.84,9793.00,44.64,527.45,0.94,594.72,142494.37,154669.39,依法申報,是,67000,67000200
107,47217677,聯華電子股份有限公司Fab8S廠,0009,J63A0048,新竹縣,寶山鄉,新竹科學工業園區新竹縣研新一路16號,2611,積體電路製造業,1486.38,25.65,4090.80,3473.86,12297.87,5089.41,1843.77,72842.93,101150.66,依法申報,是,10004,10004100
107,47217677,聯華電子股份有限公司Fab8F廠,0008,O1708632,新竹市,東區,新竹市東區力行六路三號,2611,積體電路製造業,3453.07,29.04,5838.15,3010.01,23842.63,2421.36,801.30,86059.89,125455.45,依法申報,是,10018,10018010
107,47217677,聯華電子股份有限公司Fab8E廠,0007,O1706692,新竹市,東區,新竹科學工業園區新竹市東區力行路17號,2611,積體電路製造業,2569.73,28.08,2262.77,9044.84,14340.36,9849.60,8343.88,82780.44,129219.71,依法申報,是,10018,10018010
107,47217677,聯華電子股份有限公司Fab8A廠,0005,O1706209,新竹市,東區,新竹市東區力行二路3、5號,2611,積體電路製造業,3468.75,42.86,16317.26,5162.37,43335.77,32832.00,7227.48,121301.36,229687.84,依法申報,是,10018,10018010
107,47217677,聯華電子股份有限公司Fab12A廠,0003,R0304131,臺南市,新市區,臺南市新市區南科二路18、20號,2611,積體電路製造業,18069.34,135.97,61314.13,2081.75,10647.67,4474.35,7503.63,433533.51,537760.34,依法申報,是,67000,67000200
107,47217677,聯華電子股份有限公司Fab8D廠,0001,O1709148,新竹市,東區,新竹市東區力行三路六、八號,2611,積體電路製造業,6166.61,60.59,18084.79,4988.09,66799.50,4956.79,1430.11,172884.25,275370.73,依法申報,是,10018,10018010
107,47109348,華夏玻璃股份有限公司,0001,O1703315,新竹市,香山區,新竹市香山區埔前里埔前路49號,2312,玻璃容器製造業,90961.98,135.48,133.44,14.20,0.00,0.00,0.00,31246.38,122491.48,依法申報,是,10018,10018030
107,46007218,大享容器工業股份有限公司,0001,J5700231,新竹縣,新埔鎮,新竹縣新埔鎮文山里文山路犁頭山段1118號,2312,玻璃容器製造業,78926.69,99.49,143.28,1.00,0.00,0.00,0.00,20724.32,99894.78,依法申報,是,10004,10004030
107,42818882,林園先進材料科技股份有限公司,0001,E1902497,高雄市,林園區,高雄市林園區石化四路1號,1700,石油及煤製品製造業,185991.67,16.02,11.03,0.00,0.00,0.00,0.00,31187.86,217206.57,依法申報,是,64000,64000130
107,42010509,羅東鋼鐵廠股份有限公司煉鋼廠,0001,G32A0540,宜蘭縣,蘇澳鎮,宜蘭縣蘇澳鎮德興一路57號,2411,鋼鐵冶鍊業,31639.38,23.99,5.30,2.30,0.00,0.00,0.00,102155.09,133826.06,依法申報,是,10002,10002030
107,40601248,幸福水泥股份有限公司東澳廠,0002,G4100017,宜蘭縣,南澳鄉,宜蘭縣南澳鄉蘇花路三段101號,2331,水泥製造業,550279.99,154.28,1136.21,2.73,0.00,0.00,0.00,42959.35,594532.56,依法申報,是,10002,10002120
107,39054405,李長榮化學工業股份有限公司高雄廠,0005,E5600305,高雄市,小港區,高雄市小港區中林路3號,1990,其他化學製品製造業,23401.96,5.63,3.16,307.54,0.00,0.00,0.00,71073.88,94792.17,依法申報,是,64000,64000110
107,38033305,臺硝股份有限公司桃園廠,0001,H4601290,桃園市,蘆竹區,桃園市蘆竹區坑口里3鄰大坑街25號,1990,其他化學製品製造業,38992.07,7550.22,186.88,3.55,0.00,0.00,0.00,18726.21,65458.93,依法申報,是,68000,68000050
107,35412204,華新麗華股份有限公司臺中不銹鋼廠,0003,B9100709,臺中市,梧棲區,臺中市梧棲區加工出口區經三路57號,2544,金屬表面處理業,45397.92,49.35,26.40,27.21,0.00,0.00,0.00,41523.68,87024.57,依法申報,是,66000,66000140
107,35412204,華新麗華股份有限公司鹽水廠,0001,R8500582,臺南市,鹽水區,臺南市鹽水區汫水里溪州寮3-10號A棟,2411,鋼鐵冶鍊業,117257.43,166.73,72.21,12.66,0.00,0.00,0.00,176026.03,293535.06,依法申報,是,67000,67000020
107,35082604,中興紡織廠股份有限公司楊梅化纖廠,0001,H4500743,桃園市,楊梅區,桃園市楊梅區桃園市楊梅區中山南路567號,1841,合成樹脂及塑膠製造業,71809.45,181.33,244.51,3.00,0.00,0.00,0.00,96428.65,168666.95,依法申報,是,68000,68000040
107,34557673,錦紅實業股份有限公司,0000,F0701319,新北市,樹林區,新北市樹林區武林街一五號,1140,印染整理業,20784.44,21.57,99.38,3.15,0.00,0.00,0.00,3678.23,24586.78,依法申報,是,65000,65000070
107,34286449,臺灣半導體股份有限公司利澤廠,0001,g38a0540,宜蘭縣,五結鄉,宜蘭縣五結鄉利工一路二段31號,2613,半導體封裝及測試業,3.07,18.60,0.03,0.00,0.00,0.00,0.00,6559.58,6581.28,依法申報,是,10002,10002090
107,34263157,三洋窯業股份有限公司,0000,F0801707,新北市,鶯歌區,新北市鶯歌區八德路16號,2399,未分類其他非金屬礦物製品製造業,24312.23,34.96,27.03,7.40,0.00,0.00,0.00,8575.54,32957.16,依法申報,是,65000,65000080
107,34258318,白馬窯業股份有限公司楊梅廠,0001,H4500850,桃園市,楊梅區,桃園市楊梅區新榮里電研路5號,2322,黏土建築材料製造業,24542.88,55.88,19.61,5.07,0.00,0.00,0.00,12889.43,37512.88,依法申報,是,68000,68000040
107,34202841,榮成紙業股份有限公司蒸汽廠,0005,N14A1507,彰化縣,二林鎮,彰化縣二林鎮廣興里廣興巷1-1號,1513,紙板製造業,262738.17,70.49,1237.86,0.00,0.00,0.00,0.00,0.00,264046.52,依法申報,是,10007,10007200
107,34202841,榮成紙業股份有限公司,0001,N1400562,彰化縣,二林鎮,彰化縣二林鎮廣興里廣興巷1-1號,1513,紙板製造業,256629.44,101.94,998.12,126.47,0.00,0.00,0.00,1792.16,259648.13,依法申報,是,10007,10007200
107,34175598,錦美紙業股份有限公司觀音廠,0001,H5300425,桃園市,觀音區,桃園市觀音區榮工北路10號,1513,紙板製造業,29108.15,791.78,163.60,0.00,0.00,0.00,0.00,19057.52,49121.06,依法申報,是,68000,68000120
107,33955322,力鵬企業股份有限公司楊梅廠,0002,H4500458,桃園市,楊梅區,桃園市楊梅區新榮路339號,1140,印染整理業,69154.39,105.31,320.23,2.13,0.00,0.00,0.00,23160.56,92742.62,依法申報,是,68000,68000040
107,33955322,力鵬企業股份有限公司彰化尼龍總廠,0001,N2904318,彰化縣,芳苑鄉,彰化縣芳苑鄉芳苑工業區工業路33號,1850,人造纖維製造業,36610.03,88.06,165.75,0.82,0.00,0.00,0.00,162849.66,199714.31,依法申報,是,10007,10007230
107,33085508,正隆股份有限公司大園廠,0003,H4700645,桃園市,大園區,桃園市大園區大工路116號,1512,紙張製造業,184020.98,34261.60,775.96,9.35,0.00,0.00,0.00,147237.75,366305.63,依法申報,是,68000,68000060
107,33085508,正隆股份有限公司后里分公司,0002,L9200693,臺中市,后里區,臺中市后里區三豐路三段2號、星科路101號,1512,紙張製造業,820938.97,9320.43,3838.90,80.65,0.00,0.00,0.00,27206.23,861385.17,依法申報,是,66000,66000150
107,33085508,正隆股份有限公司竹北廠,0001,J5500366,新竹縣,竹北市,新竹縣竹北市長青路二段300號,1591,家庭及衛生用紙製造業,62668.38,671.81,278.36,50.14,0.00,0.00,0.00,65456.31,129125.00,依法申報,是,10004,10004010
107,30974253,臺灣石化合成股份有限公司林園廠,0001,S1900694,高雄市,林園區,高雄市林園區工業二路1號,1990,其他化學製品製造業,59619.47,234.44,67.32,1.77,0.00,0.00,0.00,82068.72,141991.71,依法申報,是,64000,64000130
107,30901647,辛耘企業股份有限公司,0001,J59A1577,新竹縣,湖口鄉,新竹縣湖口鄉新竹工業區中華路16號,2928,電子及半導體生產用機械設備製造業,5.12,32.56,0.09,3.92,855.10,0.00,0.00,9660.52,10557.29,依法申報,是,10004,10004050
107,30414175,中國鋼鐵股份有限公司第三冷軋廠,0002,E56A4792,高雄市,小港區,高雄市小港區店鎮里嘉興街2號,2413,鋼鐵軋延及擠型業,51483.57,22.94,27.36,0.00,0.00,0.00,0.00,125675.18,177209.04,依法申報,是,64000,64000110
107,30414175,中國鋼鐵股份有限公司,0001,E5600841,高雄市,小港區,高雄市小港區中鋼路1號,2411,鋼鐵冶鍊業,20743753.39,1180.76,3233.63,6055.34,0.00,13.68,0.00,1183360.00,21937596.80,依法申報,是,64000,64000110
107,28518076,臺灣美光記憶體股份有限公司臺中二廠,0002,B9202664,臺中市,后里區,臺中市后科南路88號、88-1號,2611,積體電路製造業,1713.76,15.59,72.35,1083.42,191.55,41.04,9.29,40817.57,43944.57,依法申報,是,66000,66000150
107,28518076,臺灣美光記憶體股份有限公司臺中一廠,0001,L9202099,臺中市,后里區,臺中市后里區臺中市后里區三豐路四段369號,2611,積體電路製造業,26952.21,217.64,53440.91,2900.24,31001.78,1456.92,6816.25,411137.93,533923.87,依法申報,是,66000,66000150
107,28112667,力晶積成電子製造股份有限公司8A,0001,O1753306,新竹市,東區,新竹市東區力行一路18號,2611,積體電路製造業,4670.72,54.21,656.37,1592.69,19034.48,4850.18,812.45,96574.55,128245.65,依法申報,是,10018,10018010
107,28112646,新唐科技股份有限公司,0001,O17A0968,新竹市,東區,新竹市東區研新三路4號,2611,積體電路製造業,589.92,121.35,797.09,8922.10,15502.27,9439.20,451.33,39440.93,75264.20,依法申報,是,10018,10018010
107,28098406,易昇鋼鐵股份有限公司,0001,R14A1883,臺南市,永康區,臺南市永康區正南一街200號,2411,鋼鐵冶鍊業,23844.79,48.55,27.57,72.13,0.00,11.40,0.00,98408.86,122413.28,依法申報,是,67000,67000310
107,28042430,欣建工業股份有限公司,0001,S25A0144,高雄市,橋頭區,高雄市橋頭區芋寮里芋林路301號,2413,鋼鐵軋延及擠型業,17569.74,30.82,11.06,0.00,0.00,0.00,0.00,21953.63,39565.25,依法申報,是,64000,64000200
107,27945086,星元電力股份有限公司(星元天然氣發電廠),0001,N1505633,彰化縣,線西鄉,彰化縣線西鄉慶安南二路二號,3510,電力供應業,994522.45,514.67,529.13,16.70,0.00,205.20,0.00,4008.16,999796.31,依法申報,是,10007,10007040
107,4388145,臺灣康寧顯示玻璃股份有限公司,0003,B2311535,臺中市,西屯區,臺中市西屯區科園路1號,2311,平板玻璃及其製品製造業,42264.32,233.26,18.77,1144.00,0.00,0.00,0.00,360573.34,404233.69,依法申報,是,66000,66000060
107,4380087,合眾紙業股份有限公司林內廠,0001,P5500191,雲林縣,林內鄉,雲林縣林內鄉林中村瑞農六五號,1512,紙張製造業,35132.65,62.16,157.34,2.50,0.00,0.00,0.00,31866.15,67220.79,依法申報,是,10009,10009100
107,4312878,和益化學工業股份有限公司,0001,s1900283,高雄市,林園區,高雄市林園區石化三路9號,1841,合成樹脂及塑膠製造業,63283.63,35.43,22.65,0.00,0.00,0.00,0.00,24051.62,87393.32,依法申報,是,64000,64000130
107,4212250,國喬石油化學股份有限公司,0001,S2300429,高雄市,大社區,高雄市大社區興工路4號,1700,石油及煤製品製造業,622651.82,455.57,2683.79,128.79,0.00,0.00,0.00,4269.97,630189.94,依法申報,是,64000,64000160
107,3795904,臺灣電力股份有限公司塔山發電廠麒麟分廠,0544,W0803559,金門縣,烈嶼鄉,東林麒麟山麒麟電廠,3510,電力供應業,12018.96,12.17,29.00,0.00,0.00,0.00,0.00,0.00,12060.13,依法申報,是,09020,09020050
107,3795904,臺灣電力股份有限公司塔山發電廠夏興分廠,0543,W0404930,金門縣,金湖鎮,正義里夏興1號,3510,電力供應業,19982.47,20.23,48.28,0.00,0.00,0.00,0.00,0.00,20050.98,依法申報,是,09020,09020030
107,3795904,臺灣電力股份有限公司塔山發電廠,0391,W0504775,金門縣,金城鎮,金門縣金城鎮金水里西海路一段二號,3510,電力供應業,177609.31,182.38,411.42,31.39,0.00,2.28,0.00,176.41,178413.18,依法申報,是,09020,09020010
107,3795904,臺灣電力股份有限公司尖山發電廠,0390,X0501232,澎湖縣,湖西鄉,尖山村29之2號,3510,電力供應業,270340.25,283.64,620.02,1.88,0.00,0.00,0.00,247.04,271492.82,依法申報,是,10016,10016020
107,3795904,臺灣電力股份有限公司大潭發電廠,0380,H5307960,桃園市,觀音區,桃園市觀音區大潭村電廠路1號,3510,電力供應業,10950274.46,4885.66,5819.49,703.06,0.00,2494.32,0.00,2078.79,10966255.79,依法申報,是,68000,68000120
107,3795904,臺灣電力股份有限公司臺中發電廠,0371,L0200473,臺中市,龍井區,臺中市龍井區麗水里龍昌路1號,3510,電力供應業,33872318.39,127958.49,159522.32,354.90,0.00,17198.04,0.00,25908.89,34203261.02,依法申報,是,66000,66000250
107,3795904,臺灣電力股份有限公司通霄發電廠,0370,K7000764,苗栗縣,通霄鎮,苗栗縣通霄鎮海濱路1之31號,3510,電力供應業,5737862.49,2622.08,3050.72,57.96,0.00,3228.48,0.00,4175.98,5750997.71,依法申報,是,10005,10005030
107,3795904,臺灣電力股份有限公司協和發電廠,0360,C1400170,基隆市,中山區,基隆市中山區協和里文化路80號,3510,電力供應業,4451165.42,4393.05,10288.90,116.01,0.00,1140.00,0.00,14788.76,4481892.13,依法申報,是,10017,10017050
107,3795904,臺灣電力股份有限公司第二核能發電廠,0351,F2800075,新北市,萬里區,新北市萬里區野柳里八斗60號,3510,電力供應業,19802.53,189.55,51.58,1544.34,0.00,1151.40,0.00,6465.66,29205.06,依法申報,是,65000,65000280
107,3795904,臺灣電力股份有限公司第一核能發電廠,0350,F2200084,新北市,石門區,新北市石門區乾華里小坑12號,3510,電力供應業,15235.96,132.10,41.18,827.47,0.00,1824.00,0.00,71905.69,89966.41,依法申報,是,65000,65000220
107,3795904,臺灣電力股份有限公司興達發電廠,0341,S3200688,高雄市,永安區,高雄市永安區鹽田里興達路6號,3510,電力供應業,18936292.60,48104.27,65186.31,15.89,0.00,6083.04,0.00,11122.49,19066804.60,依法申報,是,64000,64000270
107,3795904,臺灣電力股份有限公司大林發電廠,0340,E5600896,高雄市,小港區,高雄市小港區鳳森里大林路3號,3510,電力供應業,10049210.54,25708.28,33728.39,177.32,0.00,0.00,0.00,2465.03,10111289.55,依法申報,是,64000,64000110
107,3795904,臺灣電力股份有限公司南部發電廠,0330,E5400878,高雄市,前鎮區,高雄市前鎮區成功二路五號,3510,電力供應業,3215720.85,1473.73,1708.37,110.58,0.00,2460.12,0.00,1407.83,3222881.48,依法申報,是,64000,64000090
107,3795904,臺灣電力股份有限公司林口發電廠,0320,F1700736,新北市,林口區,新北市林口區下福里139-1號,3510,電力供應業,9462198.71,32635.03,44446.94,0.00,0.00,2074.80,0.00,8090.60,9549446.08,依法申報,是,65000,65000170
107,3795904,臺灣電力股份有限公司珠山發電廠,0125,Z6303328,連江縣,南竿鄉,清水村99之9號,3510,電力供應業,31385.17,36.47,72.68,11.49,0.00,0.00,0.00,0.00,31505.81,依法申報,是,09007,09007010
107,3794905,臺灣糖業股份公司小港廠,0001,E5600869,高雄市,小港區,高雄市小港區小港路133號,0893,製糖業,87371.77,132.20,205.47,2.43,0.00,0.00,0.00,4031.19,91743.06,依法申報,是,64000,64000110
107,3707901,臺灣中油股份有限公司石化事業部林園石化廠,0005,S1900710,高雄市,林園區,高雄市林園區石化二路3號,1820,石油化工原料製造業,2213451.24,571.28,529.34,771.19,0.00,0.00,0.00,83759.40,2299082.44,依法申報,是,64000,64000130
107,3707901,臺灣中油股份有限公司煉製事業部桃園煉油廠,0004,H4803507,桃園市,龜山區,桃園市龜山區南上里民生北路一段50號,1700,石油及煤製品製造業,1560433.89,1495.26,720.92,71.07,0.00,0.00,0.00,176215.65,1738936.78,依法申報,是,68000,68000070
107,3707901,臺灣中油股份有限公司煉製事業部大林煉油廠,0003,E5600056,高雄市,小港區,高雄市小港區沿海四路50號,1700,石油及煤製品製造業,3266211.04,503.29,957.77,2342.38,0.00,0.00,0.00,627378.22,3897392.71,依法申報,是,64000,64000110
107,3707901,臺灣中油股份有限公司煉製事業部高雄煉油廠,0002,E4900333,高雄市,楠梓區,高雄市楠梓區左楠路2號,1700,石油及煤製品製造業,102.78,23.18,3.01,299.29,0.00,0.00,0.00,23610.51,24038.77,依法申報,是,64000,64000040
107,3553737,臺橡股份有限公司高雄廠,0001,S2300438,高雄市,大社區,高雄市大社區三奶里興工路二號,1842,合成橡膠製造業,84855.25,74.84,53.07,832.37,0.00,0.00,0.00,72356.61,158172.14,依法申報,是,64000,64000160
107,3522600,遠東新世紀股份有限公司化學纖維總廠,0005,J5700222,新竹縣,新埔鎮,新竹縣新埔鎮文山路亞東段369及600號,1850,人造纖維製造業,220003.76,354.12,1000.92,77.22,0.00,0.00,0.00,235325.27,456761.30,依法申報,是,10004,10004030
107,3522600,遠東新世紀股份有限公司觀音化纖廠,0003,H5300210,桃園市,觀音區,桃園市觀音區觀音工業區經建六路3號,1850,人造纖維製造業,137735.97,172.65,601.93,0.00,0.00,0.00,0.00,91584.79,230095.34,依法申報,是,68000,68000120
107,3279507,信大水泥股份有限公司南聖湖廠,0001,G3200849,宜蘭縣,蘇澳鎮,宜蘭縣蘇澳鎮聖湖里中山路二段二三五號,2331,水泥製造業,466709.43,63.42,806.42,0.00,0.00,0.00,0.00,37647.15,505226.42,依法申報,是,10002,10002030
107,3244509,亞洲水泥股份有限公司新竹製造廠,0002,J6000230,新竹縣,橫山鄉,新竹縣橫山鄉大肚村中豐路2段109號,2331,水泥製造業,21.02,3.82,0.45,0.00,0.00,127.68,0.00,8815.96,8968.93,依法申報,是,10004,10004080
107,3244509,亞洲水泥股份有限公司花蓮製造廠,0001,U9400115,花蓮縣,新城鄉,花蓮縣新城鄉新城村新興路125號,2331,水泥製造業,2879567.32,339.69,5481.14,196.83,0.00,0.00,0.00,157726.07,3043311.04,依法申報,是,10015,10015040
107,3084741,中國石油化學工業開發股份有限公司大社廠,0003,S2300410,高雄市,大社區,高雄市大社區經建路1號,1820,石油化工原料製造業,136962.20,1419.39,23.93,23.88,0.00,0.00,0.00,30195.10,168624.50,依法申報,是,64000,64000160
107,3084741,中國石油化學工業開發股份有限公司頭份廠,0002,K7201001,苗栗縣,頭份市,苗栗縣頭份鎮中華路517號,1820,石油化工原料製造業,732813.68,1531.19,375853.22,0.72,0.00,0.00,0.00,936.37,1111135.17,依法申報,是,10005,10005050
107,3084741,中國石油化學工業開發股份有限公司小港廠,0001,E5600850,高雄市,小港區,高雄市小港區中林路34號,1810,基本化學材料製造業,195331.43,93.20,520604.72,1.57,0.00,2.28,0.00,127427.58,843460.78,依法申報,是,64000,64000110
107,2750963,財團法人工業技術研究院,0001,J5800941,新竹縣,竹東鎮,新竹縣竹東鎮中興路四段195號,7230,綜合研究發展服務業,14.66,8.88,21.99,0.59,59.99,19.38,1.51,5146.71,5273.71,依法申報,是,10004,10004020
108,30901647,辛耘企業股份有限公司,0001,J59A1577,新竹縣,湖口鄉,新竹縣湖口鄉新竹工業區中華路16號,2928,電子及半導體生產用機械設備製造業,4.92,34.97,0.09,6.35,217.27,0.00,0.00,9129.22,9392.82,依法申報,是,10004,10004050
108,30414175,中國鋼鐵股份有限公司,0001,E5600841,高雄市,小港區,高雄市小港區中鋼路1號,2411,鋼鐵冶鍊業,20294633.27,1147.84,3085.88,5341.52,0.00,6.84,0.00,1087969.41,21392184.77,依法申報,是,64000,64000110
108,28518076,臺灣美光記憶體股份有限公司臺中一廠,0001,L9202099,臺中市,后里區,臺中市后里區臺中市后里區三豐路四段369號,2611,積體電路製造業,33351.63,222.21,19913.22,3286.16,29851.66,1128.60,6188.64,444099.11,538041.23,依法申報,是,66000,66000150
108,28112667,力晶積成電子製造股份有限公司8A,0001,O1753306,新竹市,東區,新竹市東區力行一路18號,2611,積體電路製造業,4768.88,41.77,438.72,1236.55,15260.82,4589.65,507.54,89248.85,116092.77,依法申報,是,10018,10018010
108,28112646,新唐科技股份有限公司,0001,O17A0968,新竹市,東區,新竹市東區研新三路4號,2611,積體電路製造業,605.81,120.15,960.99,8980.03,9876.04,10054.80,526.55,37122.59,68246.97,依法申報,是,10018,10018010
108,28098406,易昇鋼鐵股份有限公司,0001,R14A1883,臺南市,永康區,臺南市永康區正南一街200號,2411,鋼鐵冶鍊業,24780.47,30.17,25.18,64.56,0.00,0.00,0.00,99490.16,124390.55,依法申報,是,67000,67000310
108,27945086,星元電力股份有限公司(星元天然氣發電廠),0001,N1505633,彰化縣,線西鄉,彰化縣線西鄉慶安南二路二號,3510,電力供應業,1004388.39,518.69,534.37,16.70,0.00,0.00,0.00,3922.88,1009381.03,依法申報,是,10007,10007040
108,27719048,永豐餘工業用紙股份有限公司新屋廠,0001,H5200215,桃園市,新屋區,桃園市新屋區永安里永福路281、306號,1599,未分類其他紙製品製造業,637596.57,1060.60,3732.33,141.57,0.00,0.00,0.00,39681.84,682212.90,依法申報,是,68000,68000110
108,27208480,尚承鋼鐵股份有限公司,0001,E56A2617,高雄市,小港區,高雄市小港區龍鳳里大業南路7號,2413,鋼鐵軋延及擠型業,77172.91,41.92,68.33,7.73,0.00,0.00,0.00,73403.64,150694.52,依法申報,是,64000,64000110
108,24548079,臺灣科慕股份有限公司觀音廠,0001,H53A6653,桃園市,觀音區,桃園市觀音區成功路二段566號,1810,基本化學材料製造業,87813.43,40.33,11.86,6157.97,0.00,0.00,0.00,113651.09,207674.68,依法申報,是,68000,68000120
108,24001900,日皓造紙工業股份有限公司,0001,h5302063,桃園市,觀音區,桃園市觀音區樹林里國建三路五號,1511,紙漿製造業,31616.80,6.83,113.48,9.52,0.00,0.00,0.00,21287.62,53034.24,依法申報,是,68000,68000120
108,23667505,上評科技實業股份有限公司嘉義廠,0001,Q6900821,嘉義縣,民雄鄉,嘉義縣興南村工業一路10號,1513,紙板製造業,27313.15,82.16,214.68,4.01,0.00,0.00,0.00,15527.96,43141.96,依法申報,是,10010,10010050
108,23531178,合興石化工業股份有限公司林園廠,0001,S1901002,高雄市,林園區,高雄市林園區石化二路2號,1990,其他化學製品製造業,19340.53,11.30,11.20,0.00,0.00,0.00,0.00,25715.80,45078.83,依法申報,是,64000,64000130
108,23528103,敦南科技股份有限公司基隆廠,0001,C1500291,基隆市,安樂區,基隆市安樂區武訓街28-1號,2699,未分類其他電子零組件製造業,19.39,30.69,54.12,154.23,279.34,0.00,0.00,10623.24,11161.00,依法申報,是,10017,10017060
108,23218395,燁聯鋼鐵股份有限公司,0001,S1601990,高雄市,岡山區,高雄市岡山區興隆街600號,2411,鋼鐵冶鍊業,249172.84,279.19,148.61,207.91,0.00,0.00,0.00,352695.51,602504.05,依法申報,是,64000,64000190
108,23145632,帆宣系統科技股份有限公司,0001,J5909823,新竹縣,湖口鄉,新竹縣湖口鄉光復南路35號,2928,電子及半導體生產用機械設備製造業,14.74,6.72,0.51,0.00,150.39,0.00,0.00,794.66,967.01,依法申報,是,10004,10004050
108,22927617,展頌股份有限公司斗六廠,0001,P4602374,雲林縣,斗六市,雲林縣斗六市斗工十路156號,1850,人造纖維製造業,22388.20,18.32,87.02,1.89,0.00,0.00,0.00,17902.14,40397.57,依法申報,是,10009,10009010
108,22822748,聯成鋼鐵股份有限公司桃園廠,0001,H5200617,桃園市,新屋區,桃園市新屋區石磊里4鄰中華路996號,2411,鋼鐵冶鍊業,29804.45,16.93,8.40,5.03,0.00,0.00,0.00,63198.25,93033.08,依法申報,是,68000,68000110
108,22817999,宏遠興業股份有限公司,0001,R0500240,臺南市,山上區,臺南市山上區明和里256號,1140,印染整理業,74386.22,284.63,337.72,0.00,0.00,22.80,0.00,59785.10,134816.48,依法申報,是,67000,67000220
108,22663571,福隆玻璃纖維股份有限公司,0001,Q6901613,嘉義縣,民雄鄉,嘉義縣民雄鄉民雄工業區中華路89號,2399,未分類其他非金屬礦物製品製造業,22105.30,34.53,11.03,183.37,0.00,0.00,0.00,28185.85,50520.08,依法申報,是,10010,10010050
107,27719048,永豐餘工業用紙股份有限公司成功廠,0006,L0000624,臺中市,烏日區,臺中市烏日區中山路三段546號,1511,紙漿製造業,15863.82,126.33,200.26,0.00,0.00,0.00,0.00,7482.04,23672.45,依法申報,是,66000,66000230
107,27719048,永豐餘工業用紙股份有限公司新屋廠,0001,H5200215,桃園市,新屋區,桃園市新屋區永安里永福路281、306號,1599,未分類其他紙製品製造業,629389.49,1441.43,3690.67,4.18,0.00,0.00,0.00,54508.90,689034.66,依法申報,是,68000,68000110
107,27208480,尚承鋼鐵股份有限公司,0001,E56A2617,高雄市,小港區,高雄市小港區龍鳳里大業南路7號,2413,鋼鐵軋延及擠型業,89949.52,85.04,111.75,0.00,0.00,0.00,0.00,81247.78,171394.08,依法申報,是,64000,64000110
107,24548079,臺灣科慕股份有限公司觀音廠,0001,H53A6653,桃園市,觀音區,桃園市觀音區成功路二段566號,1810,基本化學材料製造業,115422.31,43.63,16.39,759.76,0.00,0.00,0.00,157743.98,273986.06,依法申報,是,68000,68000120
107,24001900,日皓造紙工業股份有限公司,0001,h5302063,桃園市,觀音區,桃園市觀音區樹林里國建三路五號,1511,紙漿製造業,51723.70,14.21,246.30,9.52,0.00,0.00,0.00,22963.10,74956.83,依法申報,是,68000,68000120
107,23531178,合興石化工業股份有限公司林園廠,0001,S1901002,高雄市,林園區,高雄市林園區石化二路2號,1990,其他化學製品製造業,41172.77,22.83,36.71,0.00,0.00,0.00,0.00,32666.93,73899.24,依法申報,是,64000,64000130
107,23528103,敦南科技股份有限公司基隆廠,0001,C1500291,基隆市,安樂區,基隆市安樂區武訓街28-1號,2699,未分類其他電子零組件製造業,17.96,30.69,67.53,154.23,538.73,0.00,0.00,12057.31,12866.45,依法申報,是,10017,10017060
107,23218395,燁聯鋼鐵股份有限公司,0001,S1601990,高雄市,岡山區,高雄市岡山區興隆街600號,2411,鋼鐵冶鍊業,289728.57,298.06,193.61,209.79,0.00,0.00,0.00,392108.05,682538.08,依法申報,是,64000,64000190
107,23145632,帆宣系統科技股份有限公司,0001,J5909823,新竹縣,湖口鄉,新竹縣湖口鄉光復南路35號,2928,電子及半導體生產用機械設備製造業,21.70,9.01,0.75,0.00,100.26,0.00,0.00,833.53,965.24,依法申報,是,10004,10004050
107,22927617,展頌股份有限公司斗六廠,0001,P4602374,雲林縣,斗六市,雲林縣斗六市斗工十路156號,1850,人造纖維製造業,29296.41,20.37,104.93,1.89,0.00,0.00,0.00,23695.47,53119.08,依法申報,是,10009,10009010
107,22822748,聯成鋼鐵股份有限公司桃園廠,0001,H5200617,桃園市,新屋區,桃園市新屋區石磊里4鄰中華路996號,2411,鋼鐵冶鍊業,36208.89,17.29,8.82,5.03,0.00,0.00,0.00,67344.76,103584.79,依法申報,是,68000,68000110
107,22817999,宏遠興業股份有限公司,0001,R0500240,臺南市,山上區,臺南市山上區明和里256號,1140,印染整理業,84372.20,300.74,376.82,0.00,0.00,0.00,0.00,70527.41,155577.17,依法申報,是,67000,67000220
107,22663571,福隆玻璃纖維股份有限公司,0001,Q6901613,嘉義縣,民雄鄉,嘉義縣民雄鄉民雄工業區中華路89號,2399,未分類其他非金屬礦物製品製造業,26783.85,35.58,13.05,183.37,0.00,0.00,0.00,30233.34,57249.18,依法申報,是,10010,10010050
107,22662355,臺灣必成股份有限公司新港廠,0001,Q7100245,嘉義縣,新港鄉,嘉義縣新港鄉中洋村中洋工業區2之1號,2313,玻璃纖維製造業,76349.28,135.09,126.29,400.40,0.00,0.00,0.00,185029.91,262040.97,依法申報,是,10010,10010070
108,22662355,臺灣必成股份有限公司新港廠,0001,Q7100245,嘉義縣,新港鄉,嘉義縣新港鄉中洋村中洋工業區2之1號,2313,玻璃纖維製造業,68160.93,128.73,111.51,400.40,0.00,0.00,0.00,185744.75,254546.33,依法申報,是,10010,10010070
108,22404266,統懋半導體股份有限公司新市總廠,0001,R0300482,臺南市,新市區,臺南市新市區中山路76號,2699,未分類其他電子零組件製造業,3.95,7.52,0.12,0.00,0.00,114.00,0.00,4162.63,4288.22,依法申報,是,67000,67000200
108,22327037,永豐餘消費品實業股份有限公司清水廠,0001,L8900676,臺中市,清水區,臺中市清水區海風里舊庄路258號,1591,家庭及衛生用紙製造業,36300.79,49.55,195.64,0.43,0.00,0.00,0.00,28189.03,64735.44,依法申報,是,66000,66000120
108,22318678,亞東石化股份有限公司,0001,H5300078,桃園市,觀音區,桃園市觀音區經建四路四七號,1820,石油化工原料製造業,92498.31,41.93,24.82,94.95,0.00,0.00,0.00,41490.42,134150.44,依法申報,是,68000,68000120
108,22267777,大統新創股份有限公司染整廠,0001,H4600551,桃園市,蘆竹區,桃園市蘆竹區榮安路9號,1140,印染整理業,29027.97,59.69,139.49,2.54,0.00,0.00,0.00,6562.84,35792.53,依法申報,是,68000,68000050
108,22099890,元太科技工業股份有限公司,0001,O1706049,新竹市,東區,"新竹市東區科學工業園區力行一路 3 號",2641,液晶面板及其組件製造業,25.07,16.45,1.66,0.00,0.00,8.21,2.37,17114.13,17167.89,依法申報,是,10018,10018010
108,22099343,臺灣高技股份有限公司,0001,J6300155,新竹縣,寶山鄉,新竹縣寶山鄉創新一路17號,2699,未分類其他電子零組件製造業,1.55,0.00,0.00,30.60,0.00,369.36,0.00,3825.64,4227.16,依法申報,是,10004,10004100
108,22099218,華邦電子股份有限公司中科廠,0001,L9506056,臺中市,大雅區,臺中市大雅區科雅一路八號,2611,積體電路製造業,12812.14,66.96,14245.12,5064.40,26703.63,574.56,6282.04,268947.46,334696.30,依法申報,是,66000,66000180
108,22099174,元隆電子股份有限公司,0001,O1700798,新竹市,東區,新竹市東區研發二路一四、一六、一八、二Ｏ號,2611,積體電路製造業,4.65,0.02,2186.99,1279.15,44358.00,205.20,61.92,20202.88,68298.81,依法申報,是,10018,10018010
108,22099131,臺灣積體電路製造股份有限公司二廠,0001,J6300557,新竹縣,寶山鄉,新竹縣寶山鄉新竹科學園區園區三路121號,2611,積體電路製造業,1725.63,1.61,3398.02,1813.16,19621.26,13251.70,4087.95,73110.32,117009.64,依法申報,是,10004,10004100
108,22099110,臺灣茂矽電子股份有限公司,0001,O1704812,新竹市,東區,新竹科學工業園區新竹市研新一路一號,2611,積體電路製造業,54.95,57.98,847.57,7.96,120652.23,2790.72,1609.92,49570.33,175591.66,依法申報,是,10018,10018010
108,20939460,立安東化工股份有限公司三義廠,0001,k8000366,苗栗縣,三義鄉,苗栗縣三義鄉鯉魚潭村鯉魚口99號,1810,基本化學材料製造業,98753.70,52.26,340.91,10.86,0.00,0.00,0.00,19456.41,118614.14,依法申報,是,10005,10005130
108,20844865,臺灣苯乙烯工業股份有限公司高雄廠,0001,S1900658,高雄市,林園區,高雄市林園區工業一路7號,1820,石油化工原料製造業,350155.40,105.86,1189.41,23.32,0.00,0.00,0.00,33377.47,384851.46,依法申報,是,64000,64000130
108,19084015,臺灣氯乙烯工業股份有限公司林園廠,0001,S1900372,高雄市,林園區,高雄市林園區工業一路1號,1820,石油化工原料製造業,110734.46,2915.90,51.11,4.75,0.00,0.00,0.00,86378.28,200084.49,依法申報,是,64000,64000130
108,16847968,艾克爾先進科技股份有限公司,0001,J5905432,新竹縣,湖口鄉,新竹縣湖口鄉光復北路39號,2611,積體電路製造業,56.82,45.70,1.58,0.00,1077.46,0.00,0.00,11939.10,13120.66,依法申報,是,10004,10004050
108,16834268,富喬工業股份有限公司,0001,P4602758,雲林縣,斗六市,雲林縣斗六市榴南里斗工16路8號,2399,未分類其他非金屬礦物製品製造業,51806.37,1411.36,79.24,1.88,0.00,0.00,0.00,59643.90,112942.75,依法申報,是,10009,10009010
108,16741846,精材科技股份有限公司中壢三廠,0001,H43C0794,桃園市,中壢區,桃園市中壢區中壢工業區中園路188號,2699,未分類其他電子零組件製造業,55.32,49.10,0.03,73.99,263.57,795.72,170.28,19930.40,21338.42,依法申報,是,68000,68000020
108,16635562,豐年豐和企業股份有限公司上崙一廠,0001,R1002547,臺南市,仁德區,臺南市仁德區上崙里崑崙路201號,0840,食用油脂製造業,25588.43,9923.91,49.26,1.67,0.00,0.00,0.00,9515.86,45079.12,依法申報,是,67000,67000270
108,16596337,新桃電力股份有限公司,0001,J5601064,新竹縣,關西鎮,新竹縣關西鎮臺電新村66號,3510,電力供應業,952474.84,427.05,506.75,0.43,0.00,0.00,0.00,5945.12,959354.19,依法申報,是,10004,10004040
108,16450500,瀚宇彩晶南科TFT-LCD三廠,0001,R0305156,臺南市,新市區,臺南市新市區南科二路35號,2641,液晶面板及其組件製造業,6014.18,175.93,2.71,12331.28,0.00,85984.00,2062.88,212954.33,319525.30,依法申報,是,67000,67000200
108,16130423,宏捷科技股份有限公司南科大利廠,0001,R0301603,臺南市,新市區,臺南市新市區大利一路6號,2611,積體電路製造業,123.55,51.65,0.03,22.84,7714.04,0.00,0.00,10493.75,18405.85,依法申報,是,67000,67000200
108,16096852,和平電力股份有限公司和平火力發電廠,0001,U0100258,花蓮縣,秀林鄉,花蓮縣秀林鄉和平村和工二路七號,3510,電力供應業,7595728.31,32034.21,35755.92,243.12,0.00,2439.60,0.00,799.94,7667001.10,依法申報,是,10015,10015110
108,16083358,中華凸版電子股份有限公司,0001,H4903093,桃園市,八德區,桃園市八德區和平路1127之3號,2611,積體電路製造業,126.77,30.47,1.40,33.59,4526.35,0.00,0.00,17674.48,22393.06,依法申報,是,68000,68000080
108,16007423,泰利實業股份有限公司五股廠,0001,F1507182,新北市,五股區,新北市五股區凌雲路2段16號,1140,印染整理業,30650.40,26.44,128.26,0.00,0.00,0.00,0.00,5335.13,36140.24,依法申報,是,65000,65000150
108,15395706,義芳化學工業股份有限公司桃園廠,0001,H4601227,桃園市,蘆竹區,桃園市蘆竹區海湖里海湖東路377號,1810,基本化學材料製造業,375942.83,125.29,1772.09,956.40,0.00,0.00,0.00,59919.48,438716.08,依法申報,是,68000,68000050
108,14057995,東聯化學股份有限公司高雄林園廠,0001,S1900578,高雄市,林園區,高雄市林園區工業三路三號,1820,石油化工原料製造業,53623.08,37.72,4.17,2820.87,0.00,0.00,0.00,270229.32,326715.16,依法申報,是,64000,64000130
108,14001199,福懋興業股份有限公司,0001,P4600987,雲林縣,斗六市,雲林縣斗六市榴中里石榴路三一七號,1140,印染整理業,318795.86,2804.52,1445.03,653.29,0.00,0.00,0.00,32484.00,356182.71,依法申報,是,10009,10009010
108,12800750,敦南科技股份有限公司新竹分公司廠,0001,o1745831,新竹市,東區,新竹市東區工業東七路七號,2611,積體電路製造業,42.62,43.98,1150.67,5.90,41473.51,1969.92,295.57,20841.72,65823.88,依法申報,是,10018,10018010
108,12800225,群創光電股份有限公司T1廠,0001,K7104025,苗栗縣,竹南鎮,苗栗縣竹南鎮科學路160號,2641,液晶面板及其組件製造業,2127.66,89.84,1.19,0.00,6.77,3776.70,861.81,131124.57,137988.55,依法申報,是,10005,10005040
108,12617727,曜智實業股份有限公司嘉義廠,0001,Q76A0767,嘉義縣,太保市,嘉義縣太保市過溝里嘉太工業區中興路11號,1159,其他紡織品製造業,57.45,0.08,0.89,0.00,0.00,0.00,0.00,6992.23,7050.66,依法申報,是,10010,10010010
108,12529007,環泰企業股份有限公司南崁廠,0001,H4602313,桃園市,蘆竹區,桃園市蘆竹區南青路1156巷75號,0893,製糖業,23172.37,3443.27,111.33,16.74,0.00,0.00,0.00,4687.56,31431.27,依法申報,是,68000,68000050
108,11914002,臺灣玻璃工業股份有限公司桃園廠,0001,H5300916,桃園市,觀音區,桃園市觀音區樹林村經建五路1號,2313,玻璃纖維製造業,56546.47,112.61,74.65,2675.02,0.00,1178.76,0.00,56542.98,117130.48,依法申報,是,68000,68000120
108,11913502,臺灣水泥股份有限公司和平分公司和平廠,0001,U0100187,花蓮縣,秀林鄉,花蓮縣秀林鄉和平村和平263號,2331,水泥製造業,3217135.51,555.33,5511.15,4.06,0.00,0.00,0.00,151097.95,3374304.00,依法申報,是,10015,10015110
108,11686106,華夏海灣塑膠股份有限公司頭份廠,0001,K7200933,苗栗縣,頭份市,民族路五七一號,1810,基本化學材料製造業,50366.15,86.22,207.83,0.00,0.00,0.00,0.00,90007.44,140667.63,依法申報,是,10005,10005050
108,11384806,長春石油化學股份有限公司大發廠,0001,S2001314,高雄市,大寮區,高雄市大寮區建業路11號,3530,蒸汽供應業,596949.71,5117.18,2820.69,0.00,0.00,0.00,0.00,44972.37,649859.95,依法申報,是,64000,64000140
108,11384708,長春人造樹脂廠股份有限公司新竹廠,0001,J5901658,新竹縣,湖口鄉,新竹縣湖口鄉鳳山村中華路8號,1841,合成樹脂及塑膠製造業,364270.85,235.83,1623.68,789.94,0.00,0.00,0.00,9204.76,376125.06,依法申報,是,10004,10004050
108,11083148,東華合纖股份有限公司l新竹廠,0001,J5500526,新竹縣,竹北市,新竹縣竹北市泰和里125號,1850,人造纖維製造業,15689.84,21.67,74.23,0.00,0.00,0.00,0.00,2639.57,18425.32,依法申報,是,10004,10004010
108,7838854,中鴻鋼鐵股份有限公司熱軋廠,0001,S1602102,高雄市,岡山區,高雄市岡山區嘉興里興隆街五七六、之一、之二、之三、之五號,2413,鋼鐵軋延及擠型業,150631.79,113.02,87.82,2.09,0.00,0.00,0.00,128886.94,279721.67,依法申報,是,64000,64000190
108,7663290,力麗企業股份有限公司彰化化纖總廠,0001,N2902234,彰化縣,芳苑鄉,彰化縣芳苑鄉後寮村工業路38號,1850,人造纖維製造業,145797.99,589.60,652.20,4.46,0.00,0.00,0.00,62805.13,209849.39,依法申報,是,10007,10007230
108,7568009,環球水泥股份有限公司阿蓮廠,0001,S2800200,高雄市,阿蓮區,高雄市阿蓮區崗山里95之2號,2331,水泥製造業,149.55,3.84,2.47,0.14,0.00,0.00,0.00,9461.35,9617.36,依法申報,是,64000,64000230
108,7472834,新隆纖維染整股份有限公司桃園廠,0001,H4202215,桃園市,桃園區,桃園市桃園區春日路1733巷8號,1140,印染整理業,35554.33,44.20,168.82,1.81,0.00,0.00,0.00,8167.50,43936.66,依法申報,是,68000,68000010
108,7407200,富順纖維工業股份有限公司觀音廠,0001,H5301548,桃園市,觀音區,桃園市觀音區白玉里中興路200號,1140,印染整理業,34723.29,273.29,164.79,4.57,0.00,0.00,0.00,7596.90,42762.84,依法申報,是,68000,68000120
108,7066907,中國人造纖維股份有限公司高雄總廠,0001,S2300401,高雄市,大社區,高雄市大社區經建路八號,1810,基本化學材料製造業,461221.63,196.55,1908.57,386.25,0.00,0.00,0.00,17666.21,481379.20,依法申報,是,64000,64000160
108,7014916,大同染整股份有限公司桃園廠,0001,H4600579,桃園市,蘆竹區,桃園市蘆竹區南崁里圳佳路27號,1140,印染整理業,28229.95,31.63,134.04,0.35,0.00,0.00,0.00,7896.63,36292.60,依法申報,是,68000,68000050
108,4748660,聯成化學科技股份有限公司林園廠,0001,S1900612,高雄市,林園區,高雄市林園區溪州里工業2路3號,1820,石油化工原料製造業,72467.19,1453.93,5.57,1.29,0.00,0.00,0.00,16014.26,89942.24,依法申報,是,64000,64000130
108,4380087,合眾紙業股份有限公司林內廠,0001,P5500191,雲林縣,林內鄉,雲林縣林內鄉林中村瑞農六五號,1512,紙張製造業,32919.30,64.21,154.30,1.55,0.00,0.00,0.00,27753.53,60892.90,依法申報,是,10009,10009100
108,4312878,和益化學工業股份有限公司,0001,s1900283,高雄市,林園區,高雄市林園區石化三路9號,1820,石油化工原料製造業,70560.35,36.36,25.21,0.00,0.00,0.00,0.00,23320.43,93942.35,依法申報,是,64000,64000130
108,4212250,國喬石油化學股份有限公司,0001,S2300429,高雄市,大社區,高雄市大社區興工路4號,1700,石油及煤製品製造業,582495.29,382.73,2510.08,135.78,0.00,0.00,0.00,1446.37,586970.26,依法申報,是,64000,64000160
108,3794905,臺灣糖業股份公司小港廠,0001,E5600869,高雄市,小港區,高雄市小港區小港路133號,0893,製糖業,89877.15,118.84,211.37,2.43,0.00,0.00,0.00,2872.64,93082.44,依法申報,是,64000,64000110
108,3553737,臺橡股份有限公司高雄廠,0001,S2300438,高雄市,大社區,高雄市大社區三奶里興工路二號,1842,合成橡膠製造業,82818.47,74.54,48.84,1941.89,0.00,0.00,0.00,72025.31,156909.04,依法申報,是,64000,64000160
108,3279507,信大水泥股份有限公司南聖湖廠,0001,G3200849,宜蘭縣,蘇澳鎮,宜蘭縣蘇澳鎮聖湖里中山路二段二三五號,2331,水泥製造業,487483.56,64.37,826.47,0.00,0.00,0.00,0.00,38887.07,527261.47,依法申報,是,10002,10002030
108,3244509,亞洲水泥股份有限公司花蓮製造廠,0001,U9400115,花蓮縣,新城鄉,花蓮縣新城鄉新城村新興路125號,2331,水泥製造業,2930590.43,343.98,5550.67,345.77,0.00,0.00,0.00,155215.91,3092046.76,依法申報,是,10015,10015040
108,3084741,中國石油化學工業開發股份有限公司小港廠,0001,E5600850,高雄市,小港區,高雄市小港區中林路34號,1810,基本化學材料製造業,185332.93,89.50,449126.86,0.00,0.00,0.00,0.00,142114.89,776664.17,依法申報,是,64000,64000110
108,2750963,財團法人工業技術研究院,0001,J5800941,新竹縣,竹東鎮,新竹縣竹東鎮中興路四段195號,7230,綜合研究發展服務業,22.68,7.00,27.48,0.90,79.15,1.87,1.01,5315.02,5455.11,依法申報,是,10004,10004020
108,84252697,榮剛材料科技股份有限公司新營廠,0000,R8400827,臺南市,新營區,臺南市新營區新中路35號,2411,鋼鐵冶鍊業,75617.93,139.09,99.38,12.67,0.00,0.00,0.00,84322.16,160191.23,依法申報,是,67000,67000010
108,80629340,九滎股份有限公司瓊林廠,0000,F0622537,新北市,新莊區,新北市新莊區瓊林南路301巷2號,1140,印染整理業,21447.01,14.93,101.98,0.00,0.00,0.00,0.00,4423.82,25987.73,依法申報,是,65000,65000050
108,73686632,得力實業股份有限公司,0000,R0300606,臺南市,新市區,臺南市新市區三舍里240號,1140,印染整理業,48921.16,34.47,217.27,1.76,0.00,0.00,0.00,36135.64,85310.31,依法申報,是,67000,67000200
108,59504506,正新橡膠工業股份有限公司,0000,N2100552,彰化縣,大村鄉,彰化縣大村鄉美港路215號,2109,其他橡膠製品製造業,30990.91,389.03,44.22,27.41,0.00,0.00,0.00,42512.90,73964.48,依法申報,是,10007,10007130
108,49701774,冠軍建材股份有限公司第二廠,0000,K8201149,苗栗縣,造橋鄉,苗栗縣造橋鄉豐湖村1鄰乳姑山2號,2329,其他陶瓷製品製造業,63566.94,157.16,47.98,7.04,0.00,0.00,0.00,27660.28,91439.41,依法申報,是,10005,10005150
108,34263157,三洋窯業股份有限公司,0000,F0801707,新北市,鶯歌區,新北市鶯歌區八德路16號,2399,未分類其他非金屬礦物製品製造業,24326.22,34.70,27.21,7.40,0.00,0.00,0.00,8469.76,32865.29,依法申報,是,65000,65000080
108,12745455,源鋼企業股份有限公司,0000,E56A7340,高雄市,小港區,高雄市小港區大業南路54號,2413,鋼鐵軋延及擠型業,32933.58,49.05,76.59,18.59,0.00,0.00,0.00,14683.02,47760.83,依法申報,是,64000,64000110
107,97170472,全新光電科技股份有限公司平鎮廠,0001,h5103604,桃園市,平鎮區,桃園市平鎮區工業一路16號,2649,其他光電材料及元件製造業,4.88,20.57,2.41,40.43,100.90,389.88,0.00,9950.90,10509.97,依法申報,是,68000,68000100
107,96976990,嘉惠電力(股)有限公司,0001,Q6907286,嘉義縣,民雄鄉,嘉義縣民雄鄉松山村4鄰松子腳688號,3510,電力供應業,846734.67,382.49,450.07,0.00,0.00,2280.00,0.00,10074.10,859921.33,依法申報,是,10010,10010050
107,96975970,麥寮汽電股份有限公司,11A0,P5801719,雲林縣,麥寮鄉,雲林縣麥寮鄉中興村臺塑工業園區7號,3510,電力供應業,9704497.43,2600.66,45660.93,27.23,0.00,2086.20,0.00,0.00,9754872.45,依法申報,是,10009,10009130
107,96971313,中鋼鋁業股份有限公司臨海廠,0001,E5600092,高雄市,小港區,高雄市小港區山明里東林路一七號,2422,鋁鑄造業,75571.69,145.65,41.81,272.13,0.00,0.00,0.00,134184.96,210216.24,依法申報,是,64000,64000110
107,96933037,長生電力股份有限公司,0001,H4604568,桃園市,蘆竹區,桃園市蘆竹區濱海路一段199號,3510,電力供應業,1514100.47,1186.30,804.54,9.62,0.00,9354.84,0.00,4536.90,1529992.67,依法申報,是,68000,68000050
107,94025264,中華紙漿股份有限公司花蓮廠,0001,U9500478,花蓮縣,吉安鄉,花蓮縣吉安鄉光華村光華街100號,1511,紙漿製造業,105684.65,2331.22,4789.10,0.00,0.00,0.00,0.00,103085.61,215890.57,依法申報,是,10015,10015050
107,22404266,統懋半導體股份有限公司新市總廠,0001,R0300482,臺南市,新市區,臺南市新市區中山路76號,2699,未分類其他電子零組件製造業,1.22,13.11,0.03,0.00,0.00,91.20,0.00,6405.63,6511.19,依法申報,是,67000,67000200
107,19084015,臺灣氯乙烯工業股份有限公司林園廠,0001,S1900372,高雄市,林園區,高雄市林園區工業一路1號,1820,石油化工原料製造業,110168.48,2752.94,78.85,4.75,0.00,0.00,0.00,91993.03,204998.05,依法申報,是,64000,64000130
107,18770509,東隆興業股份有限公司,0001,H4202813,桃園市,桃園區,桃園市桃園區西埔里富國路859號,1140,印染整理業,23808.91,27.70,112.85,41.13,0.00,0.00,0.00,14405.87,38396.46,依法申報,是,68000,68000010
107,16847968,艾克爾先進科技股份有限公司,0001,J5905432,新竹縣,湖口鄉,新竹縣湖口鄉光復北路39號,2611,積體電路製造業,60.35,52.60,1.58,0.00,997.65,0.00,0.00,12329.36,13441.53,依法申報,是,10004,10004050
107,16834268,富喬工業股份有限公司雲林分公司,0002,P48A0851,雲林縣,虎尾鎮,雲林縣虎尾鎮墾地里科虎二路8號,2313,玻璃纖維製造業,40263.50,1619.55,18.48,0.42,0.00,0.00,0.00,49235.36,91137.30,依法申報,是,10009,10009030
107,16834268,富喬工業股份有限公司,0001,P4602758,雲林縣,斗六市,雲林縣斗六市榴南里斗工16路8號,2399,未分類其他非金屬礦物製品製造業,55661.89,1598.85,83.74,1.88,0.00,0.00,0.00,67804.13,125150.48,依法申報,是,10009,10009010
107,16741846,精材科技股份有限公司中壢廠,0003,H4313348,桃園市,中壢區,桃園市中壢區吉林路23號9樓,2699,未分類其他電子零組件製造業,41.37,74.42,0.09,263.21,6540.77,19938.60,46.44,19802.05,46706.95,依法申報,是,68000,68000020
107,16741846,精材科技股份有限公司中壢二廠,0002,H43A2855,桃園市,中壢區,桃園市中壢區自強二路1號、桃園市中壢區自強一路8號,2699,未分類其他電子零組件製造業,170.41,31.46,0.00,794.93,16222.94,30538.32,261.44,17307.58,65327.07,依法申報,是,68000,68000020
107,16741846,精材科技股份有限公司中壢三廠,0001,H43C0794,桃園市,中壢區,桃園市中壢區中壢工業區中園路188號,2699,未分類其他電子零組件製造業,307.20,47.45,0.06,60.56,456.90,788.88,335.40,20833.48,22829.92,依法申報,是,68000,68000020
107,16635562,豐年豐和企業股份有限公司上崙一廠,0001,R1002547,臺南市,仁德區,臺南市仁德區上崙里崑崙路201號,0840,食用油脂製造業,28765.89,8324.94,66.28,1.88,0.00,0.00,0.00,9211.09,46370.08,依法申報,是,67000,67000270
107,16596337,新桃電力股份有限公司,0001,J5601064,新竹縣,關西鎮,新竹縣關西鎮臺電新村66號,3510,電力供應業,935085.14,419.29,497.39,0.72,0.00,45.60,0.00,6843.01,942891.14,依法申報,是,10004,10004040
107,16450500,瀚宇彩晶南科觸控感應器廠,0002,D0301680,臺南市,新市區,臺南市新市區環西路一段8號,2641,液晶面板及其組件製造業,85.06,6.12,0.09,0.00,0.00,0.00,0.00,47015.96,47107.23,依法申報,是,67000,67000200
107,16450500,瀚宇彩晶南科TFT-LCD三廠,0001,R0305156,臺南市,新市區,臺南市新市區南科二路35號,2641,液晶面板及其組件製造業,5401.49,379.76,2.32,669.23,0.00,86677.98,1800.63,217339.91,312271.33,依法申報,是,67000,67000200
107,16432742,凌巨科技股份有限公司八德廠,0002,H49A2429,桃園市,八德區,桃園市八德區和平路1127號,2641,液晶面板及其組件製造業,5239.59,86.33,2.86,3.15,13890.98,142192.20,498.80,89664.61,251578.53,依法申報,是,68000,68000080
107,16138282,合晶科技股份有限公司園區分公司,0002,H50A1985,桃園市,龍潭區,桃園市龍潭區龍園一路100號,2611,積體電路製造業,41.05,50.75,1149.80,4.50,2138.63,0.00,0.00,33782.82,37167.55,依法申報,是,68000,68000090
107,16130423,宏捷科技股份有限公司南科大利廠,0001,R0301603,臺南市,新市區,臺南市新市區大利一路6號,2611,積體電路製造業,79.36,50.50,22.68,24.56,6523.23,0.00,0.00,10611.18,17311.50,依法申報,是,67000,67000200
107,16096852,和平電力股份有限公司和平火力發電廠,0001,U0100258,花蓮縣,秀林鄉,花蓮縣秀林鄉和平村和工二路七號,3510,電力供應業,7722516.95,36556.24,36334.13,223.18,0.00,2305.08,0.00,1611.79,7799547.37,依法申報,是,10015,10015110
107,16083358,中華凸版電子股份有限公司,0001,H4903093,桃園市,八德區,桃園市八德區和平路1127之3號,2611,積體電路製造業,177.19,30.47,1.43,64.10,4203.53,0.00,0.00,18286.35,22763.07,依法申報,是,68000,68000080
107,16007423,泰利實業股份有限公司五股廠,0001,F1507182,新北市,五股區,新北市五股區凌雲路2段16號,1140,印染整理業,28546.86,25.35,122.84,0.00,0.00,0.00,0.00,5601.19,34296.23,依法申報,是,65000,65000150
107,15395706,義芳化學工業股份有限公司桃園廠,0001,H4601227,桃園市,蘆竹區,桃園市蘆竹區海湖里海湖東路377號,1810,基本化學材料製造業,383247.33,128.14,1807.52,956.40,0.00,0.00,0.00,60539.42,446678.80,依法申報,是,68000,68000050
107,14057995,東聯化學股份有限公司高雄林園廠,0001,S1900578,高雄市,林園區,高雄市林園區工業三路三號,1820,石油化工原料製造業,54364.07,29.02,9.33,2706.71,0.00,0.00,0.00,290252.45,347361.57,依法申報,是,64000,64000130
107,14040691,中美和石油化學股份有限公司臺中廠,0002,L9101748,臺中市,梧棲區,臺中市梧棲區南堤路二段89號,1820,石油化工原料製造業,173487.52,1510.41,29.06,36.89,0.00,72.96,0.00,33716.94,208853.77,依法申報,是,66000,66000140
107,14001199,福懋興業股份有限公司第二廠,0002,P4601984,雲林縣,斗六市,雲林縣斗六市榴中里河南街三一九號,1159,其他紡織品製造業,23851.85,79.33,47.71,991.36,0.00,0.00,0.00,74165.09,99135.34,依法申報,是,10009,10009010
107,14001199,福懋興業股份有限公司,0001,P4600987,雲林縣,斗六市,雲林縣斗六市榴中里石榴路三一七號,1140,印染整理業,307003.89,2671.63,1382.87,625.73,0.00,0.00,0.00,34484.51,346168.62,依法申報,是,10009,10009010
107,12800750,敦南科技股份有限公司新竹分公司廠,0001,o1745831,新竹市,東區,新竹市東區工業東七路七號,2611,積體電路製造業,42.30,46.56,1327.80,5.63,43487.24,2462.40,221.68,22508.38,70101.97,依法申報,是,10018,10018010
107,12800225,群創光電股份有限公司L6廠,0016,E2902160,高雄市,路竹區,高雄市路科10路11號B室,2641,液晶面板及其組件製造業,1664.33,41.84,8025.17,0.00,3288.56,72.30,2190.76,152381.17,167664.14,依法申報,是,64000,64000240
107,12800225,群創光電股份有限公司樹谷分公司,0015,R03A0450,臺南市,新市區,臺南市新市區豐華村8鄰紫楝路21號,2641,液晶面板及其組件製造業,5482.70,49.19,3.04,2859.16,0.00,20027.52,10050.85,422962.39,461434.84,依法申報,是,67000,67000200
107,12800225,群創光電股份有限公司觸控模組廠,0014,D9001225,臺南市,善化區,臺南市善化區南科八路12號A棟3F、4FA區，B棟3FA區,2649,其他光電材料及元件製造業,12.78,56.08,0.00,0.00,0.00,0.00,0.00,22317.69,22386.56,依法申報,是,67000,67000190
107,12800225,群創光電股份有限公司觸控南科廠,0012,R90A1716,臺南市,善化區,臺南市善化區南科八路12號(B棟2F),2641,液晶面板及其組件製造業,174.10,2.94,0.09,2.51,0.00,0.00,0.00,22618.40,22798.04,依法申報,是,67000,67000190
107,12800225,群創光電股份有限公司C廠,0011,R90A1469,臺南市,善化區,"臺南市善化區南科八路12號(不包含A棟1F A區B區、4F及B棟)",2641,液晶面板及其組件製造業,111.15,62.07,0.06,0.00,0.00,0.00,0.00,18677.67,18850.96,依法申報,是,67000,67000190
107,12800225,群創光電股份有限公司F廠,0010,S29A1607,高雄市,路竹區,高雄市路竹區路科十路11號,2641,液晶面板及其組件製造業,4428.96,78.57,2.18,2204.72,0.00,13357.29,17477.62,369030.38,406579.71,依法申報,是,64000,64000240
107,12800225,群創光電股份有限公司D廠,0009,R03A1913,臺南市,新市區,臺南科學工業園區臺南市新市區環西路一段3號,2641,液晶面板及其組件製造業,7084.43,261.69,3.46,1298.55,0.00,38509.54,17224.97,723946.99,788329.63,依法申報,是,67000,67000200
107,12800225,群創光電股份有限公司B廠,0008,R03A1894,臺南市,新市區,臺南市新市區環西路二段2號,2641,液晶面板及其組件製造業,6112.98,100.93,687.96,1590.75,0.00,121939.89,4020.72,498317.51,632770.74,依法申報,是,67000,67000200
107,12800225,群創光電股份有限公司A廠,0007,R03A1903,臺南市,新市區,臺南市新市區奇業路1號,2641,液晶面板及其組件製造業,615.87,25.56,218.58,743.60,0.00,31230.07,126.37,73605.17,106565.22,依法申報,是,67000,67000200
107,22327037,永豐餘消費品實業股份有限公司楊梅廠,0002,H45A1887,桃園市,楊梅區,梅高路二段668巷70號,1591,家庭及衛生用紙製造業,26699.94,28.46,115.30,0.00,0.00,0.00,0.00,21468.39,48312.08,依法申報,是,68000,68000040
107,22327037,永豐餘消費品實業股份有限公司清水廠,0001,L8900676,臺中市,清水區,臺中市清水區海風里舊庄路258號,1591,家庭及衛生用紙製造業,38791.81,34.00,184.61,0.43,0.00,0.00,0.00,30963.68,69974.53,依法申報,是,66000,66000120
107,22318678,亞東石化股份有限公司,0001,H5300078,桃園市,觀音區,桃園市觀音區經建四路四七號,1820,石油化工原料製造業,87627.62,44.02,24.02,120.98,0.00,0.00,0.00,43129.51,130946.14,依法申報,是,68000,68000120
107,22267777,大統新創股份有限公司染整廠,0001,H4600551,桃園市,蘆竹區,桃園市蘆竹區榮安路9號,1140,印染整理業,31894.59,60.47,153.50,2.54,0.00,0.00,0.00,6859.92,38971.03,依法申報,是,68000,68000050
107,22099890,元太科技工業股份有限公司,0001,O1706049,新竹市,東區,"新竹市東區科學工業園區力行一路 3 號",2641,液晶面板及其組件製造業,30.33,15.44,1.34,0.00,0.00,4.79,3.30,19575.64,19630.84,依法申報,是,10018,10018010
107,22099548,旺宏電子股份有限公司晶圓一廠,0010,O1704787,新竹市,東區,新竹市東區研新三路3號,2611,積體電路製造業,500.77,0.23,939.77,2230.52,29816.46,11103.60,546.96,34319.66,79457.97,依法申報,是,10018,10018010
107,22099548,旺宏電子股份有限公司晶圓五廠,0005,O17A6887,新竹市,東區,新竹市東區力行路19號,2611,積體電路製造業,2067.76,55.45,4850.22,8647.73,27589.49,2889.82,21519.39,114986.55,182606.41,依法申報,是,10018,10018010
107,22099548,旺宏電子股份有限公司晶圓二廠,0003,O1706307,新竹市,東區,新竹市東區力行路16號,2611,積體電路製造業,1795.41,0.86,2850.31,12334.47,19340.29,8940.09,14648.89,97051.40,156961.72,依法申報,是,10018,10018010
107,22099343,臺灣高技股份有限公司,0001,J6300155,新竹縣,寶山鄉,新竹縣寶山鄉創新一路17號,2699,未分類其他電子零組件製造業,0.83,0.00,0.00,110.34,0.00,820.80,0.00,3076.48,4008.45,依法申報,是,10004,10004100
107,22099218,華邦電子股份有限公司中科廠,0001,L9506056,臺中市,大雅區,臺中市大雅區科雅一路八號,2611,積體電路製造業,12319.70,61.07,13037.47,5312.98,27276.56,677.16,5825.12,265596.03,330106.09,依法申報,是,66000,66000180
107,22099174,元隆電子股份有限公司,0001,O1700798,新竹市,東區,新竹市東區研發二路一四、一六、一八、二Ｏ號,2611,積體電路製造業,3.85,0.02,2672.97,1598.83,52053.54,615.60,0.00,21234.25,78179.05,依法申報,是,10018,10018010
107,22099131,臺灣積體電路製造股份有限公司十五B廠,0023,B23B6125,臺中市,西屯區,臺中市西屯區新科路1號,2611,積體電路製造業,33335.01,220.35,97718.76,4622.47,30797.21,964.44,48191.03,1062657.02,1278506.29,依法申報,是,66000,66000060
107,22099131,臺灣積體電路製造股份有限公司十二廠七期,0022,J63A1670,新竹縣,寶山鄉,新竹縣寶山鄉園區二路188號,2611,積體電路製造業,10779.82,106.83,26733.70,903.09,6252.84,225.72,8241.62,372063.00,425306.62,依法申報,是,10004,10004100
107,22099131,臺灣積體電路製造股份有限公司先進封測三廠,0021,H50A6430,桃園市,龍潭區,桃園市龍潭區龍園六路101號,2613,半導體封裝及測試業,3035.71,48.12,163.13,0.00,2529.60,41.04,71.88,197300.40,203189.87,依法申報,是,68000,68000090
107,22099131,臺灣積體電路製造股份有限公司十四B廠七期,0020,D9001396,臺南市,善化區,臺南市善化區三抱竹路1號,2611,積體電路製造業,5937.96,23.94,17278.87,1153.34,9875.94,307.80,9788.75,255008.52,299375.12,依法申報,是,67000,67000190
107,22099131,臺灣積體電路製造股份有限公司十四B廠,0014,D9000746,臺南市,善化區,臺南市善化區南科九路17號,2611,積體電路製造業,19494.94,86.19,66502.25,3973.60,30909.49,1210.68,23520.61,704637.97,850335.73,依法申報,是,67000,67000190
107,22099131,臺灣積體電路製造股份有限公司十二廠六期,0013,J63A1591,新竹縣,寶山鄉,新竹縣寶山鄉園區二路166號,2611,積體電路製造業,7041.83,44.02,7201.97,269.67,1620.41,307.80,3250.29,193179.67,212915.66,依法申報,是,10004,10004100
107,22099131,臺灣積體電路製造股份有限公司15廠,0012,L95A2041,臺中市,大雅區,臺中市大雅區科雅六路一號,2611,積體電路製造業,17790.70,95.50,109061.00,5746.47,38875.34,3157.23,37880.57,842503.66,1055110.47,依法申報,是,66000,66000180
107,22099131,臺灣積體電路製造股份有限公司先進封裝廠,0011,R90A1360,臺南市,善化區,臺南市善化區環西路二段3號,2613,半導體封裝及測試業,1382.03,30.47,1379.38,186.98,957.93,123.12,875.57,45343.38,50278.85,依法申報,是,67000,67000190
107,22099131,臺灣積體電路製造股份有限公司十四廠,0010,R9001677,臺南市,善化區,臺南市善化區科學工業園區南科北路1-1號,2611,積體電路製造業,14580.33,108.21,85152.01,10769.17,80786.61,3693.60,27288.06,770702.13,993080.12,依法申報,是,67000,67000190
107,22099131,臺灣積體電路製造股份有限公司十二廠四期/五期,0009,J63A1056,新竹縣,寶山鄉,新竹縣寶山鄉科學工業園區園區二路168號,2611,積體電路製造業,7770.77,122.03,18254.79,547.84,6482.67,123.12,9593.24,337611.58,380506.04,依法申報,是,10004,10004100
107,22099131,臺灣積體電路製造股份有限公司十二廠研新廠,0008,J63A0107,新竹縣,寶山鄉,新竹科學工業園區新竹縣寶山鄉研新二路六號,2611,積體電路製造業,3042.36,152.03,33022.33,6914.35,28645.80,9249.08,7501.13,148627.40,237154.47,依法申報,是,10004,10004100
107,22099131,臺灣積體電路製造股份有限公司十二廠,0007,O1709308,新竹市,東區,新竹市東區力行六路八號,2611,積體電路製造業,3554.81,144.83,22436.06,8025.52,39718.80,7076.60,9317.36,284036.98,374310.95,依法申報,是,10018,10018010
107,22099131,臺灣積體電路製造股份有限公司八廠,0006,O1713311,新竹市,東區,新竹市東區力行路25號,2611,積體電路製造業,4583.27,105.76,28663.73,15336.25,45635.44,3742.85,24447.09,182093.69,304608.08,依法申報,是,10018,10018010
107,22099131,臺灣積體電路製造股份有限公司六廠,0005,R9004230,臺南市,善化區,臺南市善化區南部科學工業園區南科北路一號,2611,積體電路製造業,2057.73,91.30,43929.07,10587.54,56084.13,4413.08,30321.67,200234.91,347719.43,依法申報,是,67000,67000190
107,22099131,臺灣積體電路製造股份有限公司五廠,0004,J6301447,新竹縣,寶山鄉,新竹縣寶山鄉新竹科學工業園區園區三路121號,2611,積體電路製造業,3695.10,3.72,12087.42,6474.20,21962.06,2720.95,12626.12,100804.80,160374.35,依法申報,是,10004,10004100
107,22099131,臺灣積體電路製造股份有限公司三廠3E廠,0003,J6300324,新竹縣,寶山鄉,新竹縣寶山鄉研新二路6號,2611,積體電路製造業,1815.76,28.75,187.59,769.03,3936.90,4357.84,2036.77,67191.85,80324.50,依法申報,是,10004,10004100
107,22099131,臺灣積體電路製造股份有限公司三廠,0002,J6301107,新竹縣,寶山鄉,新竹縣寶山鄉研新一路9號,2611,積體電路製造業,2257.30,57.15,27433.70,13732.18,50855.52,28007.05,29966.30,174697.79,327006.98,依法申報,是,10004,10004100
107,22099131,臺灣積體電路製造股份有限公司二廠,0001,J6300557,新竹縣,寶山鄉,新竹縣寶山鄉新竹科學園區園區三路121號,2611,積體電路製造業,1821.80,2.98,5751.70,2361.92,27095.75,18180.24,9143.18,78201.33,142558.89,依法申報,是,10004,10004100
107,22099110,臺灣茂矽電子股份有限公司,0001,O1704812,新竹市,東區,新竹科學工業園區新竹市研新一路一號,2611,積體電路製造業,52.19,57.39,1122.69,1.89,149470.57,3447.36,1795.68,52719.42,208667.19,依法申報,是,10018,10018010
107,20939460,立安東化工股份有限公司三義廠,0001,k8000366,苗栗縣,三義鄉,苗栗縣三義鄉鯉魚潭村鯉魚口99號,1810,基本化學材料製造業,96121.67,83.06,449.77,11.09,0.00,0.00,0.00,19347.19,116012.78,依法申報,是,10005,10005130
107,20844865,臺灣苯乙烯工業股份有限公司高雄廠,0001,S1900658,高雄市,林園區,高雄市林園區工業一路7號,1820,石油化工原料製造業,376085.12,121.16,1283.99,23.32,0.00,0.00,0.00,35402.71,412916.31,依法申報,是,64000,64000130
107,12800225,群創光電股份有限公司T2廠,0005,K71A1370,苗栗縣,竹南鎮,苗栗縣竹南鎮科學路168號,2641,液晶面板及其組件製造業,3056.32,108.25,1.52,0.00,0.00,13326.45,2425.27,229111.13,248028.94,依法申報,是,10005,10005040
107,4748660,聯成化學科技股份有限公司林園廠,0001,S1900612,高雄市,林園區,高雄市林園區溪州里工業2路3號,1820,石油化工原料製造業,66827.93,678.87,12.90,1.29,0.00,0.00,0.00,16705.47,84226.46,依法申報,是,64000,64000130
106,84149358,世界先進積體電路股份有限公司晶圓三廠,0003,H46B0495,桃園市,蘆竹區,桃園市蘆竹區長興里14鄰長榮路168號,2611,積體電路製造業,195.75,41.21,4023.83,3015.96,56824.17,5253.12,2220.70,179598.44,251173.19,依法申報,是,68000,68000050
106,70752257,穩懋半導體股份有限公司龜山廠,0003,H48B0554,桃園市,龜山區,桃園市龜山區山鶯路200-5號,2611,積體電路製造業,681.36,34.52,132.94,0.00,8804.86,0.00,0.00,23058.37,32712.05,依法申報,是,68000,68000070
106,58650902,臺灣化學纖維股份有限公司新港廠,0003,Q7100254,嘉義縣,新港鄉,嘉義縣新港鄉中洋村中洋工業區一號,1850,人造纖維製造業,2173902.38,783.10,10120.97,1170.49,0.00,0.00,0.00,34224.74,2220201.67,依法申報,是,10010,10010070
106,56121907,味丹企業股份有限公司沙鹿第一工廠,0003,L9000666,臺中市,沙鹿區,臺中市沙鹿區興安路63號,0896,調味品製造業,134095.32,62.94,546.86,0.00,0.00,0.00,0.00,37122.86,171827.98,依法申報,是,66000,66000130
106,47299902,漢磊科技股份有限公司研新廠(元件二廠),0003,O1701115,新竹市,東區,新竹市科學工業園區研新二路5號,2611,積體電路製造業,319.21,13.51,949.40,1390.46,5561.91,1149.12,369.46,9407.15,19160.21,依法申報,是,10018,10018010
106,47217677,聯華電子股份有限公司Fab12A廠,0003,R0304131,臺南市,新市區,臺南市新市區南科二路18、20號,2611,積體電路製造業,18663.55,147.26,63915.46,505.75,11508.01,3757.54,7474.91,463415.44,569387.91,依法申報,是,67000,67000200
106,35412204,華新麗華股份有限公司臺中不銹鋼廠,0003,B9100709,臺中市,梧棲區,臺中市梧棲區加工出口區經三路57號,2544,金屬表面處理業,35616.07,44.28,21.52,27.01,0.00,0.00,0.00,37823.48,73532.36,依法申報,是,66000,66000140
106,33085508,正隆股份有限公司大園廠,0003,H4700645,桃園市,大園區,桃園市大園區大工路116號,1512,紙張製造業,184850.98,29684.75,798.61,8.94,0.00,0.00,0.00,140586.38,355929.66,依法申報,是,68000,68000060
106,22099548,旺宏電子股份有限公司晶圓二廠,0003,O1706307,新竹市,東區,新竹市新竹市力行路16號,2611,積體電路製造業,1709.13,0.83,2850.22,11770.16,19685.77,8567.89,14192.28,100790.77,159567.05,依法申報,是,10018,10018010
106,22099131,臺灣積體電路製造股份有限公司三廠3E廠,0003,J6300324,新竹縣,寶山鄉,新竹縣寶山鄉研新二路6號,2611,積體電路製造業,1776.26,26.12,179.84,622.51,6899.48,5318.21,2792.82,70232.90,87848.14,依法申報,是,10004,10004100
106,16741846,精材科技股份有限公司中壢廠,0003,H4313348,桃園市,中壢區,桃園市中壢區吉林路23號9樓,2699,未分類其他電子零組件製造業,62.23,75.10,0.15,146.86,13453.48,35882.64,41.28,25621.42,75283.17,依法申報,是,68000,68000020
106,12233428,大連化學工業股份有限公司大發廠,0003,S2005652,高雄市,大寮區,高雄市大寮區過溪里華西路8-1號,1810,基本化學材料製造業,105797.78,47.98,25.33,2444.50,0.00,0.00,0.00,624043.23,732358.82,依法申報,是,64000,64000140
106,11914002,臺灣玻璃工業股份有限公司新竹廠,0003,O1703351,新竹市,香山區,新竹市香山區中華路四段470號,2312,玻璃容器製造業,115352.49,213.22,198.11,85.61,0.00,0.00,0.00,54784.84,170634.27,依法申報,是,10018,10018030
106,11913502,臺灣水泥股份有限公司蘇澳廠,0003,G3200778,宜蘭縣,蘇澳鎮,宜蘭縣蘇澳鎮永昌路46號,2331,水泥製造業,1001340.92,115.15,1802.96,10.44,0.00,38.76,0.00,73529.53,1076837.76,依法申報,是,10002,10002030
106,11384708,長春人造樹脂廠股份有限公司高雄廠,0003,S2201092,高雄市,仁武區,高雄市仁武區工業一路14號,1841,合成樹脂及塑膠製造業,31858.70,1577.14,20.62,4.79,0.00,0.00,0.00,91922.48,125383.73,依法申報,是,64000,64000170
106,11085292,中華映管股份有限公司楊梅廠,0003,H4501231,桃園市,楊梅區,桃園市楊梅區行善路80號,2641,液晶面板及其組件製造業,1950.94,359.08,0.98,7.98,0.00,0.00,0.00,94033.10,96352.09,依法申報,是,68000,68000040
106,4388145,臺灣康寧顯示玻璃股份有限公司,0003,B2311535,臺中市,西屯區,臺中市西屯區科園路1號,2311,平板玻璃及其製品製造業,42623.22,188.43,18.83,2685.48,0.00,0.00,0.00,361367.55,406883.51,依法申報,是,66000,66000060
106,3707901,臺灣中油股份有限公司煉製事業部大林煉油廠,0003,E5600056,高雄市,小港區,高雄市小港區沿海四路50號,1700,石油及煤製品製造業,2749704.55,505.56,805.37,2342.38,0.00,0.00,0.00,624690.78,3378048.63,依法申報,是,64000,64000110
106,3522600,遠東新世紀股份有限公司觀音化纖廠,0003,H5300210,桃園市,觀音區,桃園市觀音區觀音工業區經建六路3號,1850,人造纖維製造業,138615.34,175.68,609.95,34.32,0.00,0.00,0.00,91173.77,230609.07,依法申報,是,68000,68000120
106,3084741,中國石油化學工業開發股份有限公司大社廠,0003,S2300410,高雄市,大社區,高雄市大社區經建路1號,1820,石油化工原料製造業,153012.75,1624.58,26.52,23.88,0.00,0.00,0.00,32004.87,186692.60,依法申報,是,64000,64000160
106,89390656,南亞科技股份有限公司三廠,0002,F1606662,新北市,泰山區,新北市泰山區南林路98號及115號,2611,積體電路製造業,8413.23,87.47,18635.37,7979.71,10358.65,443.99,15368.89,329538.14,390825.46,依法申報,是,65000,65000160
106,86522210,臺塑石化股份有限公司麥寮二廠,0002,P5801728,雲林縣,麥寮鄉,雲林縣麥寮鄉臺塑工業園區8、8-5號,1990,其他化學製品製造業,4786758.90,1191.99,17970.32,314.88,0.00,1092.12,0.00,235783.03,5043111.24,依法申報,是,10009,10009130
106,84149738,友達光電總部/友達光電股份有限公司L3B廠,0002,O1709193,新竹市,東區,新竹市東區力行二路1號,2641,液晶面板及其組件製造業,720.57,86.87,63.77,0.00,19.07,185.36,1595.47,21794.91,24466.03,依法申報,是,10018,10018010
106,84149385,力晶科技股份有限公司P12,0002,O1748707,新竹市,東區,新竹市東區力行一路一二號,2611,積體電路製造業,13778.49,130.05,6425.57,1742.07,6224.30,7761.39,9652.25,327238.38,372952.49,依法申報,是,10018,10018010
106,84149358,世界先進積體電路股份有限公司晶圓二廠,0002,O1751197,新竹市,東區,新竹市東區力行路九號,2611,積體電路製造業,2661.75,52.61,14347.48,3801.79,39687.59,1318.31,1070.71,143837.48,206777.71,依法申報,是,10018,10018010
106,80353271,臺灣美光晶圓科技股份有限公司二廠,0002,H4888582,桃園市,龜山區,桃園市龜山區文化村華亞五路2、6號,2611,積體電路製造業,6462.76,33.51,26641.14,3562.23,15218.03,761.29,2642.43,546436.87,601758.26,依法申報,是,68000,68000070
106,75708007,臺灣塑膠工業股份有限公司麥寮廠,0002,P5801602,雲林縣,麥寮鄉,雲林縣麥寮鄉中興村臺塑工業園區一號,1990,其他化學製品製造業,497884.10,358.90,399.32,15123.29,0.00,221.16,0.00,4269706.37,4783693.13,依法申報,是,10009,10009130
106,75470524,海光企業股份有限公司嘉興鋼鐵廠,0002,E5602952,高雄市,小港區,高雄市小港區嘉興街5號,2541,金屬鍛造業,20089.77,20.24,11.09,0.00,0.00,0.00,0.00,27474.80,47595.90,依法申報,是,64000,64000110
106,75370905,南亞塑膠工業股份有限公司麥寮廠,0002,P5801513,雲林縣,麥寮鄉,雲林縣麥寮鄉中興村臺塑工業區二號,1810,基本化學材料製造業,378110.72,210.36,149.36,1429.25,0.00,1030.56,0.00,998614.08,1379544.33,依法申報,是,10009,10009130
106,75280209,東和鋼鐵企業股份有限公司高雄廠,0002,E5600369,高雄市,小港區,高雄市小港區嘉興街八號,2413,鋼鐵軋延及擠型業,20334.45,28.65,13.92,16.29,0.00,0.00,0.00,12657.79,33051.09,依法申報,是,64000,64000110
106,70783006,華亞汽電股份有限公司觀音公用廠,0002,H53A2562,桃園市,觀音區,桃園市觀音區觀音工業區工業七路三號,3530,蒸汽供應業,226119.92,65.35,1068.90,6.40,0.00,0.00,0.00,2494.99,229755.55,依法申報,是,68000,68000120
106,70752257,穩懋半導體股份有限公司華亞二廠,0002,H4886999,桃園市,龜山區,桃園市龜山區文化里華亞二路358號與科技七路35號及35號2樓、3樓、4樓,2611,積體電路製造業,1250.49,109.36,185.51,429.00,28802.34,738.72,0.00,51541.37,83056.79,依法申報,是,68000,68000070
106,70584724,旭硝子顯示玻璃股份有限公司斗六二廠,0002,P46A0693,雲林縣,斗六市,雲林縣斗六市虎溪里科工八路八號,2311,平板玻璃及其製品製造業,93567.54,82.60,49.89,41.97,0.00,3178.32,0.00,180245.89,277166.21,依法申報,是,10009,10009010
106,68919301,臺南紡織股份有限公司仁德廠,0002,R1001719,臺南市,仁德區,臺南市仁德區中正路二段八六二巷四五號,1113,人造纖維加工絲業,37718.30,1209.95,23.60,4.40,0.00,0.00,0.00,54259.65,93215.89,依法申報,是,67000,67000270
106,27719048,永豐餘工業用紙股份有限公司新屋廠,0001,H5200215,桃園市,新屋區,桃園市新屋區永安里永福路281、306號,1599,未分類其他紙製品製造業,410714.30,1038.70,2550.55,141.57,0.00,0.00,0.00,102294.39,516739.51,依法申報,是,68000,68000110
106,27208480,尚承鋼鐵股份有限公司,0001,E56A2617,高雄市,小港區,高雄市小港區龍鳳里大業南路7號,2413,鋼鐵軋延及擠型業,98827.28,100.46,155.23,0.00,0.00,0.00,0.00,84029.16,183112.13,依法申報,是,64000,64000110
106,25049986,臺群工業股份有限公司,0001,H42A3066,桃園市,桃園區,富國路950號,1140,印染整理業,21271.58,26.37,100.72,1.96,0.00,0.00,0.00,4775.26,26175.89,依法申報,是,68000,68000010
106,24548079,臺灣科慕股份有限公司觀音廠,0001,H53A6653,桃園市,觀音區,桃園市觀音區成功路二段566號,1810,基本化學材料製造業,147486.43,46.63,18.06,572.17,0.00,0.00,0.00,182403.86,330527.14,依法申報,是,68000,68000120
106,24001900,日皓造紙工業股份有限公司,0001,h5302063,桃園市,觀音區,桃園市觀音區樹林里國建三路五號,1511,紙漿製造業,41163.13,11.23,194.42,9.52,0.00,0.00,0.00,23055.08,64433.37,依法申報,是,68000,68000120
106,23543245,詠順科技股份有限公司,0001,D9700358,臺南市,官田區,臺南市官田區臺南市官田區二鎮里工業路11號,3530,蒸汽供應業,19636.47,5.63,91.46,0.42,0.00,0.00,0.00,1185.50,20919.48,依法申報,是,67000,67000100
106,23531178,合興石化工業股份有限公司林園廠,0001,S1901002,高雄市,林園區,高雄市林園區石化二路2號,1990,其他化學製品製造業,38946.03,24.87,41.60,0.00,0.00,0.00,0.00,34134.24,73146.75,依法申報,是,64000,64000130
106,23528103,敦南科技股份有限公司基隆廠,0001,C1500291,基隆市,安樂區,基隆市安樂區武訓街28-1號,2699,未分類其他電子零組件製造業,15.27,30.68,47.41,162.52,539.33,0.00,0.00,13014.57,13809.78,依法申報,是,10017,10017060
106,23313356,銓盟企業股份有限公司,0001,H5300363,桃園市,觀音區,桃園市觀音區新富路1560號,1140,印染整理業,20617.03,9.40,98.10,0.00,0.00,0.00,0.00,4602.09,25326.62,依法申報,是,68000,68000120
106,23218395,燁聯鋼鐵股份有限公司,0001,S1601990,高雄市,岡山區,高雄市岡山區興隆街600號,2411,鋼鐵冶鍊業,306409.62,296.27,196.44,188.50,0.00,0.00,0.00,421765.65,728856.47,依法申報,是,64000,64000190
106,23145632,帆宣系統科技股份有限公司,0001,J5909823,新竹縣,湖口鄉,新竹縣湖口鄉光復南路35號,2928,電子及半導體生產用機械設備製造業,19.46,9.39,0.66,0.00,100.26,107.62,0.00,894.87,1132.25,依法申報,是,10004,10004050
106,22927617,展頌股份有限公司斗六廠,0001,P4602374,雲林縣,斗六市,雲林縣斗六市斗工十路156號,1850,人造纖維製造業,28496.63,20.58,97.71,1.89,0.00,0.00,0.00,23118.20,51735.02,依法申報,是,10009,10009010
106,22822748,聯成鋼鐵股份有限公司桃園廠,0001,H5200617,桃園市,新屋區,桃園市新屋區石磊里4鄰中華路996號,2411,鋼鐵冶鍊業,32709.61,16.86,8.31,5.03,0.00,0.00,0.00,72574.89,105314.71,依法申報,是,68000,68000110
106,22817999,宏遠興業股份有限公司,0001,R0500240,臺南市,山上區,臺南市山上區明和里256號,1140,印染整理業,80880.04,331.67,367.55,0.00,0.00,0.00,0.00,80637.58,162216.84,依法申報,是,67000,67000220
106,22663571,福隆玻璃纖維股份有限公司,0001,Q6901613,嘉義縣,民雄鄉,嘉義縣民雄鄉民雄工業區中華路89號,2399,未分類其他非金屬礦物製品製造業,25584.39,34.05,12.10,183.37,0.00,0.00,0.00,30610.72,56424.62,依法申報,是,10010,10010050
106,22662355,臺灣必成股份有限公司新港廠,0001,Q7100245,嘉義縣,新港鄉,嘉義縣新港鄉中洋村中洋工業區2之1號,2313,玻璃纖維製造業,74788.32,133.62,122.51,400.40,0.00,0.00,0.00,181543.54,256988.38,依法申報,是,10010,10010070
106,22404266,統懋半導體股份有限公司新市總廠,0001,R0300482,臺南市,新市區,臺南市新市區中山路76號,2699,未分類其他電子零組件製造業,1.77,14.48,0.03,374.66,0.00,93.48,0.00,6146.16,6630.57,依法申報,是,67000,67000200
106,22327037,永豐餘消費品實業股份有限公司清水廠,0001,L8900676,臺中市,清水區,臺中市清水區海風里舊庄路258號,1591,家庭及衛生用紙製造業,45611.97,36.01,216.41,377.52,0.00,0.00,0.00,31357.95,77599.86,依法申報,是,66000,66000120
106,22318678,亞東石化股份有限公司,0001,H5300078,桃園市,觀音區,桃園市觀音區經建四路四七號,1820,石油化工原料製造業,167059.79,67.71,55.46,275.31,0.00,77.52,0.00,108268.88,275804.67,依法申報,是,68000,68000120
106,22267777,大統精密染整股份有限公司染整廠,0001,H4600551,桃園市,蘆竹區,桃園市蘆竹區榮安路9號,1140,印染整理業,28160.20,59.48,135.86,2.54,0.00,0.00,0.00,7082.56,35440.63,依法申報,是,68000,68000050
106,22099890,元太科技工業股份有限公司,0001,O1706049,新竹市,東區,"新竹市東區科學工業園區力行一路 3 號",2641,液晶面板及其組件製造業,28.09,16.19,0.69,0.00,0.00,28.93,4.08,21253.70,21331.67,依法申報,是,10018,10018010
106,22099343,臺灣高技股份有限公司,0001,J6300155,新竹縣,寶山鄉,新竹縣寶山鄉創新一路17號,2699,未分類其他電子零組件製造業,2.10,0.00,0.00,725.15,0.00,0.00,0.00,3167.38,3894.63,依法申報,是,10004,10004100
106,22099218,華邦中科廠,0001,L9506056,臺中市,大雅區,臺中市大雅區科雅一路八號,2611,積體電路製造業,12121.87,57.56,13124.16,4241.59,21887.68,5663.52,5221.98,250858.76,313177.12,依法申報,是,66000,66000180
106,22099174,元隆電子股份有限公司,0001,O1700798,新竹市,東區,新竹市東區研發二路一四、一六、一八、二Ｏ號,2611,積體電路製造業,8.43,0.06,2700.12,30832.27,16594.93,410.40,61.92,20960.51,71568.63,依法申報,是,10018,10018010
106,22099131,臺灣積體電路製造股份有限公司二廠,0001,J6300557,新竹縣,寶山鄉,新竹縣寶山鄉新竹科學園區園區三路121號,2611,積體電路製造業,1792.77,2.65,9591.04,2634.45,26711.17,21120.94,3934.45,75382.50,141169.97,依法申報,是,10004,10004100
106,22099110,臺灣茂矽電子股份有限公司,0001,O1704812,新竹市,東區,新竹科學工業園區新竹市研新一路一號,2611,積體電路製造業,77.31,54.35,1057.57,1.89,124746.37,2954.88,1671.84,54956.11,185520.32,依法申報,是,10018,10018010
106,20939460,立安東化工股份有限公司三義廠,0001,k8000366,苗栗縣,三義鄉,苗栗縣三義鄉鯉魚潭村鯉魚口99號,1810,基本化學材料製造業,80846.89,48.06,287.09,46.14,0.00,0.00,0.00,19540.87,100769.05,依法申報,是,10005,10005130
106,20844865,臺灣苯乙烯工業股份有限公司高雄廠,0001,S1900658,高雄市,林園區,高雄市林園區工業一路7號,1820,石油化工原料製造業,353801.40,116.27,1178.92,23.32,0.00,0.00,0.00,35784.52,390904.43,依法申報,是,64000,64000130
106,19084015,臺灣氯乙烯工業股份有限公司林園廠,0001,S1900372,高雄市,林園區,高雄市林園區工業一路1號,1820,石油化工原料製造業,110142.46,3490.62,81.92,4.75,0.00,0.00,0.00,96993.37,210713.12,依法申報,是,64000,64000130
106,18770509,東隆興業股份有限公司,0001,H4202813,桃園市,桃園區,桃園市桃園區西埔里富國路859號,1140,印染整理業,27898.98,30.18,128.14,4.67,0.00,0.00,0.00,19388.14,47450.11,依法申報,是,68000,68000010
106,16847968,艾克爾先進科技股份有限公司,0001,J5905432,新竹縣,湖口鄉,新竹縣湖口鄉光復北路39號,2611,積體電路製造業,17.48,47.97,0.39,0.00,1197.18,0.00,0.00,12357.08,13620.10,依法申報,是,10004,10004050
106,16834268,富喬工業股份有限公司,0001,P4602758,雲林縣,斗六市,雲林縣斗六市榴南里斗工16路8號,2399,未分類其他非金屬礦物製品製造業,55380.40,1424.12,83.08,1.88,0.00,0.00,0.00,69789.31,126678.78,依法申報,是,10009,10009010
106,16741846,精材科技股份有限公司中壢三廠,0001,H43C0794,桃園市,中壢區,桃園市中壢區中壢工業區中園路188號,2699,未分類其他電子零組件製造業,354.71,50.40,0.00,50.12,223.08,820.80,397.32,18429.59,20326.01,依法申報,是,68000,68000020
106,16635562,豐年豐和企業股份有限公司上崙一廠,0001,R1002547,臺南市,仁德區,臺南市仁德區上崙里崑崙路201號,0840,食用油脂製造業,30552.12,11796.34,70.33,1.88,0.00,0.00,0.00,10951.92,53372.59,依法申報,是,67000,67000270
106,68387705,奇美實業股份有限公司旭美廠,0002,R10A3047,臺南市,仁德區,開發四路36號,1841,合成樹脂及塑膠製造業,210918.57,248.25,357.69,98.96,0.00,0.00,0.00,30107.18,241730.65,依法申報,是,67000,67000270
106,3553737,臺橡股份有限公司高雄廠,0001,S2300438,高雄市,大社區,高雄市大社區三奶里興工路二號,1842,合成橡膠製造業,91893.36,77.65,57.45,1242.96,0.00,0.00,0.00,72904.07,166175.49,依法申報,是,64000,64000160
106,3279507,信大水泥股份有限公司南聖湖廠,0001,G3200849,宜蘭縣,蘇澳鎮,宜蘭縣蘇澳鎮聖湖里中山路二段二三五號,2331,水泥製造業,490786.17,67.33,868.43,0.00,0.00,0.00,0.00,40754.49,532476.43,依法申報,是,10002,10002030
106,3244509,亞洲水泥股份有限公司花蓮製造廠,0001,U9400115,花蓮縣,新城鄉,花蓮縣新城鄉新城村新興路125號,2331,水泥製造業,2852480.15,331.26,5302.46,175.30,0.00,0.00,0.00,165462.71,3023751.88,依法申報,是,10015,10015040
106,3084741,中國石油化學工業開發股份有限公司小港廠,0001,E5600850,高雄市,小港區,高雄市小港區中林路34號,1810,基本化學材料製造業,178309.43,84.98,512628.66,216.07,0.00,0.00,0.00,165621.94,856861.08,依法申報,是,64000,64000110
106,2750963,財團法人工業技術研究院,0001,J5800941,新竹縣,竹東鎮,新竹縣竹東鎮中興路四段195號,7230,綜合研究發展服務業,10.44,9.98,25.93,1.16,82.26,5.24,3.38,5324.94,5463.33,依法申報,是,10004,10004020
106,84252697,榮剛材料科技股份有限公司新營廠,0000,R8400827,臺南市,新營區,臺南市新營區新中路35號,2411,鋼鐵冶鍊業,80303.98,140.24,98.49,12.67,0.00,0.00,0.00,91282.36,171837.73,依法申報,是,67000,67000010
106,80629340,九滎股份有限公司瓊林廠,0000,F0622537,新北市,新莊區,新北市新莊區瓊林南路301巷2號,1140,印染整理業,21130.54,14.97,100.49,0.00,0.00,0.00,0.00,4260.81,25506.80,依法申報,是,65000,65000050
106,73686632,得力實業股份有限公司,0000,R0300606,臺南市,新市區,臺南市新市區三舍里240號,1140,印染整理業,32072.55,31.01,134.67,1.76,0.00,0.00,0.00,36164.75,68404.73,依法申報,是,67000,67000200
106,59504506,正新橡膠工業股份有限公司,0000,N2100552,彰化縣,大村鄉,彰化縣大村鄉美港路215號,2109,其他橡膠製品製造業,34665.54,428.57,45.80,27.41,0.00,0.00,0.00,48232.57,83399.89,依法申報,是,10007,10007130
106,49701774,冠軍建材股份有限公司第二廠,0000,K8201149,苗栗縣,造橋鄉,苗栗縣造橋鄉豐湖村1鄰乳姑山2號,2329,其他陶瓷製品製造業,49069.19,151.41,39.07,7.04,0.00,0.00,0.00,24430.07,73696.78,依法申報,是,10005,10005150
106,34557673,錦紅實業股份有限公司,0000,F0701319,新北市,樹林區,新北市樹林區武林街一五號,1140,印染整理業,27972.36,23.47,133.36,3.15,0.00,0.00,0.00,4212.51,32344.84,依法申報,是,65000,65000070
106,34263157,三洋窯業股份有限公司,0000,F0801707,新北市,鶯歌區,新北市鶯歌區八德路16號,2399,未分類其他非金屬礦物製品製造業,26794.79,37.79,30.78,7.40,0.00,0.00,0.00,9615.67,36486.42,依法申報,是,65000,65000080
106,12745455,源鋼企業股份有限公司,0000,E56A7340,高雄市,小港區,高雄市小港區大業南路54號,2413,鋼鐵軋延及擠型業,26516.32,43.16,61.57,16.21,0.00,0.00,0.00,13117.17,39754.43,依法申報,是,64000,64000110
106,75370905,南亞塑膠工業股份有限公司新港廠,9501,Q7100272,嘉義縣,新港鄉,嘉義縣新港鄉嘉義縣新港鄉中洋村中洋工業區2號,2201,塑膠皮、板、管材製造業,38999.30,275.36,22.86,1447.01,0.00,0.00,0.00,886553.83,927298.35,依法申報,是,10010,10010070
106,75370905,南亞塑膠工業股份有限公司樹林廠,9500,F0701702,新北市,樹林區,新北市樹林區味王街五五號,1841,合成樹脂及塑膠製造業,408886.34,247.03,1868.64,833.44,0.00,0.00,0.00,2568.79,414404.23,依法申報,是,65000,65000070
106,75370905,南亞塑膠工業股份有限公司嘉義廠,9400,Q7600375,嘉義縣,太保市,嘉義縣太保市南新里北港路二段201號,2201,塑膠皮、板、管材製造業,333894.72,182.21,1578.42,286.67,0.00,0.00,0.00,96.95,336038.96,依法申報,是,10010,10010010
106,75370905,南亞塑膠工業股份有限公司錦興廠,9221,H4601398,桃園市,蘆竹區,桃園市蘆竹區南崁路一段336號,2399,未分類其他非金屬礦物製品製造業,823236.01,240.02,3888.99,0.57,0.00,0.00,0.00,3636.01,831001.61,依法申報,是,68000,68000050
106,75370905,南亞塑膠工業股份有限公司林口二廠,9220,F1600491,新北市,泰山區,新北市泰山區南林路102號,1841,合成樹脂及塑膠製造業,275519.41,246.00,1241.65,68.58,0.00,0.00,0.00,58367.04,335442.66,依法申報,是,65000,65000160
106,75370905,南亞塑膠工業股份有限公司工三廠,5G00,H4801478,桃園市,龜山區,桃園市龜山區樂善里文明路6號,1113,人造纖維加工絲業,168599.71,285.03,376.61,0.00,0.00,0.00,0.00,298634.34,467895.69,依法申報,是,68000,68000070
106,96975970,麥寮汽電股份有限公司,11A0,P5801719,雲林縣,麥寮鄉,雲林縣麥寮鄉中興村臺塑工業園區7號,3510,電力供應業,11130394.52,2977.43,52398.71,26495.56,0.00,2086.20,0.00,0.00,11214352.42,依法申報,是,10009,10009130
106,3795904,臺灣電力股份有限公司塔山發電廠麒麟分廠,0544,W0803559,金門縣,烈嶼鄉,東林麒麟山麒麟電廠,3510,電力供應業,11773.99,11.92,28.43,0.00,0.00,0.00,0.00,0.00,11814.35,依法申報,是,09020,09020050
106,3795904,臺灣電力股份有限公司塔山發電廠夏興分廠,0543,W0404930,金門縣,金湖鎮,正義里夏興1號,3510,電力供應業,19856.72,20.10,47.89,0.00,0.00,0.00,0.00,0.00,19924.71,依法申報,是,09020,09020030
106,3795904,臺灣電力股份有限公司塔山發電廠,0391,W0504775,金門縣,金城鎮,金水里西海路一段2號,3510,電力供應業,178504.61,183.56,414.13,31.39,0.00,2.28,0.00,198.94,179334.90,依法申報,是,09020,09020010
106,3795904,臺灣電力股份有限公司尖山發電廠,0390,X0501232,澎湖縣,湖西鄉,尖山村29之2號,3510,電力供應業,254212.71,267.19,582.80,1.88,0.00,0.00,0.00,250.70,255315.28,依法申報,是,10016,10016020
106,3795904,臺灣電力股份有限公司大潭發電廠,0380,H5307960,桃園市,觀音區,桃園市觀音區大潭里電廠路1號,3510,電力供應業,10816442.01,4826.74,5748.42,798.36,0.00,3917.04,0.00,1800.87,10833533.44,依法申報,是,68000,68000120
106,3795904,臺灣電力股份有限公司臺中發電廠,0371,L0200473,臺中市,龍井區,麗水里龍昌路1號,3510,電力供應業,37873867.40,146004.16,178303.74,214.00,0.00,18354.00,0.00,14449.92,38231193.22,依法申報,是,66000,66000250
106,47299902,漢磊科技股份有限公司創新廠,0002,J6300146,新竹縣,寶山鄉,新竹縣寶山鄉新竹科學工業園區創新一路3號,2611,積體電路製造業,51.41,10.53,1348.63,521.42,2242.22,164.16,0.00,8209.14,12547.52,依法申報,是,10004,10004100
106,40601248,幸福水泥股份有限公司東澳廠,0002,G4100017,宜蘭縣,南澳鄉,宜蘭縣南澳鄉蘇花路三段101號,2331,水泥製造業,605255.47,145.68,1207.35,2.73,0.00,0.00,0.00,43814.71,650425.93,依法申報,是,10002,10002120
106,33955322,力鵬企業股份有限公司楊梅廠,0002,H4500458,桃園市,楊梅區,桃園市楊梅區新榮路339號,1140,印染整理業,74056.15,107.10,347.83,2.13,0.00,0.00,0.00,25813.52,100326.73,依法申報,是,68000,68000040
106,33085508,正隆股份有限公司后里分公司,0002,L9200693,臺中市,后里區,臺中市后里區三豐路三段2號、星科路101號,1512,紙張製造業,806824.62,8998.34,3815.41,49.33,0.00,2127.24,0.00,26755.91,848570.87,依法申報,是,66000,66000150
106,30414175,中國鋼鐵股份有限公司第三冷軋廠,0002,E56A4792,高雄市,小港區,高雄市小港區店鎮里嘉興街2號,2413,鋼鐵軋延及擠型業,49498.49,22.06,26.28,0.00,0.00,0.00,0.00,125607.03,175153.86,依法申報,是,64000,64000110
106,22327037,永豐餘消費品實業股份有限公司楊梅廠,0002,H45A1887,桃園市,楊梅區,梅高路二段668巷70號,1591,家庭及衛生用紙製造業,27756.40,27.04,119.41,0.00,0.00,0.00,0.00,22556.66,50459.51,依法申報,是,68000,68000040
106,22099131,臺灣積體電路製造股份有限公司三廠,0002,J6301107,新竹縣,寶山鄉,新竹縣寶山鄉研新一路9號,2611,積體電路製造業,2185.96,2482.40,25816.01,15359.11,57171.20,32007.41,32872.42,186255.69,354150.19,依法申報,是,10004,10004100
106,16834268,富喬工業股份有限公司雲林分公司,0002,P48A0851,雲林縣,虎尾鎮,雲林縣虎尾鎮墾地里科虎二路8號,2313,玻璃纖維製造業,34117.08,1553.36,15.82,0.42,0.00,0.00,0.00,45411.51,81098.19,依法申報,是,10009,10009030
106,16741846,精材科技股份有限公司中壢二廠,0002,H43A2855,桃園市,中壢區,桃園市中壢區自強二路1號、桃園市中壢區中壢工業區自強一路6號,2699,未分類其他電子零組件製造業,98.20,32.32,0.00,1804.85,18960.34,27093.24,417.96,17208.35,65615.26,依法申報,是,68000,68000020
106,16450500,瀚宇彩晶南科觸控感應器廠,0002,D0301680,臺南市,新市區,臺南市新市區環西路一段8號,2641,液晶面板及其組件製造業,21.80,6.11,0.12,0.00,0.00,0.00,0.00,52222.16,52250.19,依法申報,是,67000,67000200
106,16432742,凌巨科技有限公司八德廠,0002,H49A2429,桃園市,八德區,桃園市八德區和平路1127號,2641,液晶面板及其組件製造業,6372.45,89.99,3.75,25.17,19710.46,212072.70,632.95,99711.77,338619.24,依法申報,是,68000,68000080
106,16138282,合晶科技股份有限公司園區分公司,0002,H50A1985,桃園市,龍潭區,桃園市龍潭區龍園一路100號,2611,積體電路製造業,33.84,43.05,1240.37,4.50,2040.08,0.00,0.00,31240.28,34602.13,依法申報,是,68000,68000090
106,14040691,中美和石油化學股份有限公司臺中廠,0002,L9101748,臺中市,梧棲區,臺中市梧棲區南堤路二段89號,1820,石油化工原料製造業,169011.76,974.44,27.65,36.89,0.00,72.96,0.00,33952.97,204076.68,依法申報,是,66000,66000140
106,14001199,福懋興業股份有限公司第二廠,0002,P4601984,雲林縣,斗六市,雲林縣斗六市榴中里河南街三一九號,1159,其他紡織品製造業,26288.12,81.80,59.39,988.44,0.00,114.00,0.00,73806.93,101338.67,依法申報,是,10009,10009010
106,12233428,大連化學工業股份有限公司高雄廠,0002,S2300465,高雄市,大社區,高雄市大社區興工路1-3號,1810,基本化學材料製造業,30257.19,26.23,12.40,3005.00,0.00,0.00,0.00,72053.74,105354.55,依法申報,是,64000,64000160
106,11914002,臺灣玻璃工業股份有限公司鹿港廠,0002,N0803765,彰化縣,鹿港鎮,彰化縣鹿港鎮鹿工路11號,2313,玻璃纖維製造業,54622.40,179.61,69.76,1156.57,0.00,0.00,0.00,97760.33,153788.68,依法申報,是,10007,10007020
106,11913502,臺灣水泥股份有限公司花蓮廠,0002,U9100978,花蓮縣,花蓮市,花蓮縣花蓮市民孝里華東103號,2331,水泥製造業,133761.71,23.19,241.98,0.00,0.00,0.00,0.00,11893.27,145920.14,依法申報,是,10015,10015010
106,11384806,長春石油化學股份有限公司苗栗廠,0002,K6801089,苗栗縣,苗栗市,苗栗縣苗栗市福安里福星246、246-3號,1990,其他化學製品製造業,1165946.04,1586.59,5497.06,270.14,0.00,0.00,0.00,56961.65,1230261.46,依法申報,是,10005,10005010
106,11085292,中華映管股份有限公司龍潭廠,0002,H5009450,桃園市,龍潭區,桃園市龍潭區三和里1鄰華映路1號,2641,液晶面板及其組件製造業,8017.21,15969.96,11579.39,13627.40,10423.45,219843.55,2708.62,332368.09,614537.65,依法申報,是,68000,68000090
106,7568009,環球水泥股份有限公司海湖石膏板廠,0002,H4604488,桃園市,蘆竹區,桃園市蘆竹區海山中街18號,2393,石膏製品製造業,23892.15,32.09,58.05,1.42,0.00,0.00,0.00,6309.84,30293.55,依法申報,是,68000,68000050
106,7435515,新光合成纖維股份有限公司中壢廠,0002,H5100952,桃園市,平鎮區,桃園市平鎮區廣仁里延平路三段二二三號,1113,人造纖維加工絲業,123975.00,274.92,291.35,1060.44,0.00,0.00,0.00,189746.40,315348.12,依法申報,是,68000,68000100
106,3707901,臺灣中油股份有限公司煉製事業部高雄煉油廠,0002,E4900333,高雄市,楠梓區,高雄市楠梓區左楠路2號,1700,石油及煤製品製造業,131.35,33.59,3.75,285.51,0.00,0.00,0.00,32904.77,33358.98,依法申報,是,64000,64000040
106,3244509,亞洲水泥股份有限公司新竹製造廠,0002,J6000230,新竹縣,橫山鄉,新竹縣橫山鄉大肚村中豐路2段109號,2331,水泥製造業,35.35,7.18,0.75,0.72,0.00,36.48,0.00,8750.63,8831.09,依法申報,是,10004,10004080
106,3084741,中國石油化學工業開發股份有限公司頭份廠,0002,K7201001,苗栗縣,頭份市,苗栗縣頭份鎮中華路517號,1820,石油化工原料製造業,746172.23,1614.02,381086.13,0.72,0.00,0.00,0.00,2207.14,1131080.23,依法申報,是,10005,10005050
106,97170472,全新光電科技股份有限公司平鎮廠,0001,h5103604,桃園市,平鎮區,桃園市平鎮區工業一路16號,2649,其他光電材料及元件製造業,2.54,17.98,0.00,40.04,19.21,743.28,0.00,10208.00,11031.06,依法申報,是,68000,68000100
106,96976990,嘉惠電力(股)有限公司,0001,Q6907286,嘉義縣,民雄鄉,嘉義縣民雄鄉松山村4鄰松子腳688號,3510,電力供應業,835726.29,377.55,444.23,3171.70,0.00,0.00,0.00,11974.39,851694.16,依法申報,是,10010,10010050
106,96971313,中鋼鋁業股份有限公司臨海廠,0001,E5600092,高雄市,小港區,高雄市小港區山明里東林路一七號,2422,鋁鑄造業,72245.61,144.47,40.71,272.13,0.00,0.00,0.00,135580.04,208282.96,依法申報,是,64000,64000110
106,96933037,長生電力股份有限公司,0001,H4604568,桃園市,蘆竹區,桃園市蘆竹區濱海路一段199號,3510,電力供應業,1702528.69,917.72,904.64,7.11,0.00,1582.32,0.00,4112.90,1710053.38,依法申報,是,68000,68000050
106,94025264,中華紙漿股份有限公司花蓮廠,0001,U9500478,花蓮縣,吉安鄉,花蓮縣吉安鄉光華村光華街100號,1511,紙漿製造業,107208.16,1945.75,4669.18,0.00,0.00,0.00,0.00,108271.99,222095.07,依法申報,是,10015,10015050
106,89528054,臺灣鋼聯股份有限公司,0001,N1607141,彰化縣,伸港鄉,彰化縣伸港鄉彰濱工業區線工北一路36號,1810,基本化學材料製造業,98387.41,8.80,13.59,0.00,0.00,0.00,0.00,10910.40,109320.20,依法申報,是,10007,10007050
106,89397503,臺鹽實業股份有限公司通霄精鹽廠,0001,K7000504,苗栗縣,通霄鎮,苗栗縣通霄鎮內島村122號,0897,調理食品製造業,24136.77,51.40,13.59,20.04,0.00,0.00,0.00,1078.57,25300.36,依法申報,是,10005,10005030
106,86871981,潤泰精密材料股份有限公司宜蘭冬山廠,0001,G37A0585,宜蘭縣,冬山鄉,宜蘭縣冬山鄉安平村大安路三五七之一.三五七之二.三五七之三號,2331,水泥製造業,603842.07,83.37,1159.73,0.00,0.00,0.00,0.00,47059.81,652144.97,依法申報,是,10002,10002080
106,86685142,臺灣汽電共生股份有限公司官田廠,0001,R9702160,臺南市,官田區,臺南市官田區工業西路28號,3510,電力供應業,393669.83,1125.21,2895.73,31.95,0.00,0.00,0.00,5289.15,403011.86,依法申報,是,67000,67000100
106,86522210,臺塑石化股份有限公司麥寮一廠,0001,P5802421,雲林縣,麥寮鄉,雲林縣麥寮鄉臺塑工業園區7、15號,1810,基本化學材料製造業,14649100.55,15364.88,52904.33,535.48,0.00,4170.12,0.00,0.00,14722075.36,依法申報,是,10009,10009130
106,86120031,信昌化學工業股份有限公司林園廠,0001,S1901066,高雄市,林園區,高雄市林園區工業三路九號,1820,石油化工原料製造業,194958.94,144.16,280.63,0.57,0.00,0.00,0.00,141031.21,336415.51,依法申報,是,64000,64000130
106,85978401,裕鐵企業股份有限公司岡山二廠,0001,S2602473,高雄市,燕巢區,高雄市燕巢區安招里安招路639-1號,2544,金屬表面處理業,40315.02,50.18,22.38,14.25,0.00,0.00,0.00,46613.56,87015.39,依法申報,是,64000,64000210
106,85803825,高雄塑酯化學股份有限公司,0001,S2300447,高雄市,大社區,高雄市大社區興工路一號,1810,基本化學材料製造業,78909.75,10.85,0.89,6758.97,0.00,0.00,0.00,22448.21,108128.68,依法申報,是,64000,64000160
106,85793919,龍慶鋼鐵企業股份有限公司,0001,E5600798,高雄市,小港區,高雄市小港區利昌街4號,2413,鋼鐵軋延及擠型業,31054.25,34.21,46.94,15.09,0.00,0.00,0.00,82158.64,113309.13,依法申報,是,64000,64000110
106,85066002,中華紙漿股份有限公司久堂廠,0001,S2100223,高雄市,大樹區,高雄市大樹區久堂里久堂路112號,1512,紙張製造業,421810.43,229.21,2007.92,47.29,0.00,4.56,0.00,23628.04,447727.46,依法申報,是,64000,64000150
106,3795904,臺灣電力股份有限公司通霄發電廠,0370,K7000764,苗栗縣,通霄鎮,苗栗縣通霄鎮海濱路1之31號,3510,電力供應業,5442813.39,2492.57,2893.79,42.30,0.00,3390.36,0.00,2860.15,5454492.57,依法申報,是,10005,10005030
106,84994452,俊行記實業股份有限公司,0001,H4800239,桃園市,龜山區,桃園市龜山區湖山街180巷110號,2322,黏土建築材料製造業,18862.63,21.63,88.60,2.57,0.00,0.00,0.00,2884.37,21859.81,依法申報,是,68000,68000070
106,16596337,新桃電力股份有限公司,0001,J5601064,新竹縣,關西鎮,新竹縣關西鎮臺電新村66號,3510,電力供應業,882389.62,395.57,468.99,0.57,0.00,45.60,0.00,5389.31,888689.66,依法申報,是,10004,10004040
106,16450500,瀚宇彩晶南科TFT-LCD三廠,0001,R0305156,臺南市,新市區,臺南市新市區南科二路35號,2641,液晶面板及其組件製造業,5811.61,238.36,2.56,218.82,0.00,99227.20,1533.36,222141.56,329173.46,依法申報,是,67000,67000200
106,16130423,宏捷科技股份有限公司南科大利廠,0001,R0301603,臺南市,新市區,臺南市新市區大利一路6號,2611,積體電路製造業,103.90,47.34,10.46,24.56,9345.83,0.00,0.00,10489.44,20021.53,依法申報,是,67000,67000200
106,16096852,和平電力股份有限公司和平火力發電廠,0001,U0100258,花蓮縣,秀林鄉,花蓮縣秀林鄉和平村和工二路七號,3510,電力供應業,7716622.71,40789.45,36325.72,169.18,0.00,0.00,0.00,1372.15,7795279.21,依法申報,是,10015,10015110
106,16083358,中華凸版電子股份有限公司,0001,H4903093,桃園市,八德區,桃園市八德區和平路1127之3號,2611,積體電路製造業,168.47,30.12,1.43,12.53,3757.28,0.00,0.00,21655.98,25625.82,依法申報,是,68000,68000080
106,16007423,泰利實業股份有限公司五股廠,0001,F1507182,新北市,五股區,新北市五股區凌雲路2段16號,1140,印染整理業,29127.00,25.39,126.08,0.00,0.00,0.00,0.00,5755.40,35033.87,依法申報,是,65000,65000150
106,15395706,義芳化學工業股份有限公司桃園廠,0001,H4601227,桃園市,蘆竹區,桃園市蘆竹區海湖里海湖東路377號,1810,基本化學材料製造業,367844.46,123.97,1733.88,956.40,0.00,0.00,0.00,65557.26,436215.97,依法申報,是,68000,68000050
106,14057995,東聯化學股份有限公司高雄林園廠,0001,S1900578,高雄市,林園區,高雄市林園區工業三路三號,1820,石油化工原料製造業,50014.16,28.41,10.10,2706.71,0.00,0.00,0.00,290180.17,342939.56,依法申報,是,64000,64000130
106,14001199,福懋興業股份有限公司,0001,P4600987,雲林縣,斗六市,雲林縣斗六市榴中里石榴路三一七號,1140,印染整理業,279938.05,2421.47,1244.51,697.58,0.00,0.00,0.00,46190.59,330492.19,依法申報,是,10009,10009010
106,12800750,敦南科技股份有限公司新竹分公司廠,0001,o1745831,新竹市,東區,新竹市東區工業東七路七號,2611,積體電路製造業,25.15,35.77,1440.47,10.12,47278.44,3119.04,369.46,23537.47,75815.92,依法申報,是,10018,10018010
106,12800225,群創光電股份有限公司T1廠,0001,K7104025,苗栗縣,竹南鎮,苗栗縣竹南鎮科學路160號,2641,液晶面板及其組件製造業,2902.58,88.41,3.31,0.00,23.74,4175.53,787.60,143578.88,151560.06,依法申報,是,10005,10005040
106,12529007,環泰企業股份有限公司南崁廠,0001,H4602313,桃園市,蘆竹區,桃園市蘆竹區南青路1156巷75號,0893,製糖業,21208.80,5092.07,105.02,12.38,0.00,0.00,0.00,5167.82,31586.09,依法申報,是,68000,68000050
106,12233428,大連化學工業股份有限公司麥寮廠,0001,P5802387,雲林縣,麥寮鄉,雲林縣麥寮鄉中興村臺塑工業園區二五號,1810,基本化學材料製造業,159272.66,59.34,64.31,0.00,0.00,0.00,0.00,758906.66,918302.96,依法申報,是,10009,10009130
106,11914002,臺灣玻璃工業股份有限公司桃園廠,0001,H5300916,桃園市,觀音區,桃園市觀音區樹林村經建五路1號,2313,玻璃纖維製造業,67555.02,120.67,93.60,2088.90,0.00,0.00,0.00,67350.55,137208.73,依法申報,是,68000,68000120
106,11913502,臺灣水泥股份有限公司和平分公司和平廠,0001,U0100187,花蓮縣,秀林鄉,花蓮縣秀林鄉和平村和平263號,2331,水泥製造業,3001881.73,328.51,5119.88,4.06,0.00,0.00,0.00,167684.24,3175018.42,依法申報,是,10015,10015110
106,11912102,臺灣紙業股份有限公司新營紙廠,0001,R8400416,臺南市,新營區,臺南市新營區南紙街94號,1810,基本化學材料製造業,6218.21,16.10,18.15,48.78,0.00,0.00,0.00,27307.32,33608.56,依法申報,是,67000,67000010
106,11384806,長春石油化學股份有限公司大發廠,0001,S2001314,高雄市,大寮區,高雄市大寮區建業路11號,3530,蒸汽供應業,613220.14,5342.45,2895.99,0.00,0.00,0.00,0.00,56930.93,678389.51,依法申報,是,64000,64000140
106,11384708,長春人造樹脂廠股份有限公司新竹廠,0001,J5901658,新竹縣,湖口鄉,新竹縣湖口鄉鳳山村中華路8號,1841,合成樹脂及塑膠製造業,392593.59,237.96,1770.15,789.94,0.00,0.00,0.00,1360.18,396751.82,依法申報,是,10004,10004050
106,11083148,東華合纖股份有限公司l新竹廠,0001,J5500526,新竹縣,竹北市,新竹縣竹北市泰和里125號,1850,人造纖維製造業,96325.79,42.98,455.25,0.00,0.00,0.00,0.00,4601.41,101425.44,依法申報,是,10004,10004010
106,7838854,中鴻鋼鐵股份有限公司熱軋廠,0001,S1602102,高雄市,岡山區,高雄市岡山區嘉興里興隆街五七六、之一、之二、之三、之五號,2413,鋼鐵軋延及擠型業,160183.30,107.85,92.05,0.54,0.00,0.00,0.00,145341.24,305724.97,依法申報,是,64000,64000190
106,7663290,力麗企業股份有限公司彰化化纖總廠,0001,N2902234,彰化縣,芳苑鄉,彰化縣芳苑鄉後寮村工業路38號,1850,人造纖維製造業,144963.90,590.97,654.41,4.46,0.00,0.00,0.00,70170.69,216384.43,依法申報,是,10007,10007230
106,7568009,環球水泥股份有限公司阿蓮廠,0001,S2800200,高雄市,阿蓮區,高雄市阿蓮區崗山里95之2號,2331,水泥製造業,163.36,3.10,2.71,0.29,0.00,0.00,0.00,10073.05,10242.50,依法申報,是,64000,64000230
106,7472834,新隆纖維染整股份有限公司桃園廠,0001,H4202215,桃園市,中正區,桃園市桃園區春日路1733巷8號,1140,印染整理業,33524.12,43.67,159.25,1.81,0.00,0.00,0.00,9509.18,43238.03,依法申報,是,68000,68000010
106,7407200,富順纖維工業股份有限公司觀音廠,0001,H5301548,桃園市,觀音區,桃園市觀音區白玉里中興路200號,1140,印染整理業,29583.50,200.62,140.51,3.11,0.00,0.00,0.00,7963.61,37891.33,依法申報,是,68000,68000120
106,7066907,中國人造纖維股份有限公司高雄總廠,0001,S2300401,高雄市,大社區,高雄市大社區經建路八號,1810,基本化學材料製造業,417163.48,186.39,1725.81,1530.25,0.00,0.00,0.00,35192.84,455798.76,依法申報,是,64000,64000160
106,7014916,大同染整股份有限公司桃園廠,0001,H4600579,桃園市,蘆竹區,桃園市蘆竹區南崁里圳佳路27號,1140,印染整理業,33036.71,32.90,156.84,0.35,0.00,0.00,0.00,9408.03,42634.83,依法申報,是,68000,68000050
106,4748660,聯成化學科技股份有限公司林園廠,0001,S1900612,高雄市,林園區,高雄市林園區溪州里工業2路3號,1820,石油化工原料製造業,72174.93,26.22,11.92,1.29,0.00,0.00,0.00,17268.46,89482.82,依法申報,是,64000,64000130
106,4382114,中國合成橡膠股份有限公司碳煙廠,0001,S1900569,高雄市,林園區,高雄市林園區石化四路1號,1700,石油及煤製品製造業,201969.79,10.95,5.13,0.00,0.00,0.00,0.00,32906.25,234892.13,依法申報,是,64000,64000130
106,4380087,合眾紙業股份有限公司林內廠,0001,P5500191,雲林縣,林內鄉,雲林縣林內鄉林中村瑞農六五號,1512,紙張製造業,35310.24,59.48,157.97,1.87,0.00,0.00,0.00,32922.23,68451.77,依法申報,是,10009,10009100
106,4312878,和益化學工業股份有限公司,0001,s1900283,高雄市,林園區,高雄市林園區石化三路9號,1841,合成樹脂及塑膠製造業,64248.61,37.41,24.82,131.56,0.00,0.00,0.00,26549.32,90991.72,依法申報,是,64000,64000130
106,4212250,國喬石油化學股份有限公司,0001,S2300429,高雄市,大社區,高雄市大社區興工路4號,1700,石油及煤製品製造業,633300.38,878.71,2739.54,127.42,0.00,0.00,0.00,0.00,637046.05,依法申報,是,64000,64000160
106,3794905,臺灣糖業股份公司小港廠,0001,E5600869,高雄市,小港區,高雄市小港區小港路133號,0893,製糖業,99900.30,140.95,237.03,2.43,0.00,0.00,0.00,6243.05,106523.76,依法申報,是,64000,64000110
106,3795904,臺灣電力股份有限公司協和發電廠,0360,C1400170,基隆市,中山區,文化路80號,3510,電力供應業,7165330.35,7016.34,16561.56,100.57,0.00,0.00,0.00,8151.96,7197160.78,依法申報,是,10017,10017050
106,3795904,臺灣電力股份有限公司第二核能發電廠,0351,F2800075,新北市,萬里區,野柳里八斗路60號,3510,電力供應業,37145.23,207.11,93.69,1544.77,0.00,467.40,0.00,7147.57,46605.77,依法申報,是,65000,65000280
106,3795904,臺灣電力股份有限公司第一核能發電廠,0350,F2200084,新北市,石門區,乾華里小坑12號,3510,電力供應業,34249.41,159.01,87.55,2258.66,0.00,1206.12,0.00,73150.23,111110.98,依法申報,是,65000,65000220
106,3795904,臺灣電力股份有限公司興達發電廠,0341,S3200688,高雄市,永安區,高雄市永安區鹽田里興達路6號,3510,電力供應業,20018835.74,53489.76,70021.48,15.89,0.00,9995.52,0.00,10156.50,20162514.89,依法申報,是,64000,64000270
106,3795904,臺灣電力股份有限公司大林發電廠,0340,E5600896,高雄市,小港區,高雄市小港區鳳森里大林路3號,3510,電力供應業,5037966.12,5597.50,6922.96,176.89,0.00,0.00,0.00,2806.04,5053469.51,依法申報,是,64000,64000110
106,3795904,臺灣電力股份有限公司南部發電廠,0330,E5400878,高雄市,前鎮區,成功二路5號,3510,電力供應業,3278736.99,1502.24,1742.05,107.31,0.00,285.00,0.00,2067.18,3284440.76,依法申報,是,64000,64000090
106,3795904,臺灣電力股份有限公司林口發電廠,0320,F1700736,新北市,林口區,下福里139之1號,3510,電力供應業,10902563.32,34904.05,51253.32,0.00,0.00,109.44,0.00,9892.07,10998722.19,依法申報,是,65000,65000170
106,3795904,臺灣電力股份有限公司珠山發電廠,0125,Z6303328,連江縣,南竿鄉,清水村99之9號,3510,電力供應業,30498.28,35.69,70.60,10.80,0.00,0.00,0.00,0.00,30615.37,依法申報,是,09007,09007010
106,22099131,臺灣積體電路製造股份有限公司十五B廠,0023,B23B6125,臺中市,西屯區,臺中市西屯區新科路1號,2611,積體電路製造業,20032.20,97.09,56934.18,4230.43,18906.22,656.64,20705.32,793386.50,914948.59,依法申報,是,66000,66000060
106,22099131,臺灣積體電路製造股份有限公司十二廠七期,0022,J63A1670,新竹縣,寶山鄉,新竹縣寶山鄉園區二路188號,2611,積體電路製造業,10976.53,112.42,31765.43,977.80,6603.30,246.24,12717.55,388589.01,451988.27,依法申報,是,10004,10004100
106,22099131,臺灣積體電路製造股份有限公司先進封測三廠,0021,H50A6430,桃園市,龍潭區,桃園市龍潭區龍園六路101號,2613,半導體封裝及測試業,2849.30,57.12,1.10,0.00,1936.77,0.00,0.00,199879.29,204723.58,依法申報,是,68000,68000090
106,22099131,臺灣積體電路製造股份有限公司十四B廠七期,0020,D9001396,臺南市,善化區,臺南市善化區三抱竹路1號,2611,積體電路製造業,5210.95,24.17,3418.69,858.82,6170.74,266.76,10090.70,251206.65,277247.46,依法申報,是,67000,67000190
106,12800225,群創光電股份有限公司樹谷分公司,0015,R03A0450,臺南市,新市區,臺南市新市區豐華村8鄰紫楝路21號,2641,液晶面板及其組件製造業,5473.92,55.13,3.52,2750.75,0.00,21786.08,7481.41,435498.90,473049.70,依法申報,是,67000,67000200
106,22099131,臺灣積體電路製造股份有限公司十四B廠,0014,D9000746,臺南市,善化區,臺南市善化區南科九路17號,2611,積體電路製造業,17739.34,91.03,57577.27,8663.72,23275.41,984.96,19738.05,721719.95,849789.73,依法申報,是,67000,67000190
106,12800225,群創光電股份有限公司觸控模組廠,0014,D9001225,臺南市,善化區,臺南市善化區南科八路12號A棟3F、4FA區，B棟3FA區,2649,其他光電材料及元件製造業,18.24,63.48,0.00,0.00,0.00,0.00,0.00,20764.49,20846.21,依法申報,是,67000,67000190
106,22099131,臺灣積體電路製造股份有限公司十二廠六期,0013,J63A1591,新竹縣,寶山鄉,新竹縣寶山鄉園區二路166號,2611,積體電路製造業,7161.28,41.13,6966.44,282.26,1440.08,143.64,2689.23,214813.78,233537.84,依法申報,是,10004,10004100
106,22099131,臺灣積體電路製造股份有限公司15廠,0012,L95A2041,臺中市,大雅區,臺中市大雅區科雅六路一號,2611,積體電路製造業,16940.10,122.76,109055.87,5097.12,30220.45,2546.12,37602.29,870287.57,1071872.30,依法申報,是,66000,66000180
106,12800225,群創光電股份有限公司觸控南科廠,0012,R90A1716,臺南市,善化區,臺南市善化區南科八路12號(B棟2F),2641,液晶面板及其組件製造業,189.46,4.13,0.09,0.00,0.00,0.00,0.00,24467.05,24660.72,依法申報,是,67000,67000190
106,22099131,臺灣積體電路製造股份有限公司先進封裝廠,0011,R90A1360,臺南市,善化區,臺南市善化區南關里環西路二段三號,2613,半導體封裝及測試業,1516.58,31.53,1766.07,313.20,745.54,98.50,1081.62,45573.58,51126.62,依法申報,是,67000,67000190
106,12800225,群創光電股份有限公司C廠,0011,R90A1469,臺南市,善化區,"臺南市善化區南科八路12號(不包含A棟1F A區B區、4F及B棟)",2641,液晶面板及其組件製造業,88.08,60.64,0.03,0.00,0.00,0.00,0.00,20493.39,20642.14,依法申報,是,67000,67000190
106,58650902,臺灣化學纖維股份有限公司龍德廠,0010,G3700791,宜蘭縣,冬山鄉,宜蘭縣冬山鄉大興村龍祥十路二號,1820,石油化工原料製造業,1362893.42,405.10,6116.66,812.95,0.00,0.00,0.00,1042.41,1371270.54,依法申報,是,10002,10002080
106,47217677,聯華電子股份有限公司Fab12A廠第二廠區,0010,D0302141,臺南市,新市區,臺南市南科三路57號,2611,積體電路製造業,1123.99,18.94,9282.73,40.08,467.47,1140.64,524.63,186377.96,198976.43,依法申報,是,67000,67000200
106,22099548,旺宏電子股份有限公司晶圓一廠,0010,O1704787,新竹市,東區,新竹市東區研新三路3號,2611,積體電路製造業,605.72,0.27,1092.29,2839.14,34653.46,10465.20,665.86,37040.00,87361.94,依法申報,是,10018,10018010
106,22099131,臺灣積體電路製造股份有限公司十四廠,0010,R9001677,臺南市,善化區,臺南市善化區科學工業園區南科北路1-1號,2611,積體電路製造業,13234.11,183.38,79400.91,19555.13,70791.68,3681.29,35086.54,823530.32,1045463.37,依法申報,是,67000,67000190
106,12800225,群創光電股份有限公司F廠,0010,S29A1607,高雄市,路竹區,南科高雄園區高雄市路竹區路科十路11號,2641,液晶面板及其組件製造業,3654.49,81.66,1.85,430.05,0.00,11784.91,14681.38,374686.72,405321.05,依法申報,是,64000,64000240
106,47217677,聯華電子股份有限公司Fab8S廠,0009,J63A0048,新竹縣,寶山鄉,新竹科學工業園區新竹縣研新一路16號,2611,積體電路製造業,1421.19,20.30,4601.48,3872.81,12056.47,5130.00,1506.74,73278.23,101887.22,依法申報,是,10004,10004100
106,22099131,臺灣積體電路製造股份有限公司十二廠四期/五期,0009,J63A1056,新竹縣,寶山鄉,新竹縣寶山鄉科學工業園區園區二路168號,2611,積體電路製造業,7294.74,107.28,14970.45,407.26,3947.58,70.52,6808.79,326078.99,359685.59,依法申報,是,10004,10004100
106,12800225,群創光電股份有限公司D廠,0009,R03A1913,臺南市,新市區,臺南科學工業園區臺南市新市區環西路一段3號,2641,液晶面板及其組件製造業,6892.88,287.66,3.61,1825.18,0.00,36583.53,17206.23,740834.46,803633.55,依法申報,是,67000,67000200
106,84149738,友達光電股份有限公司后里廠,0008,L92A0931,臺中市,后里區,臺中市后里區馬場路1號,2641,液晶面板及其組件製造業,5428.70,174.79,9427.83,580.58,0.00,20793.60,3117.30,281813.45,321336.25,依法申報,是,66000,66000150
106,75708007,臺灣塑膠工業股份有限公司林園廠,0008,S1900685,高雄市,林園區,高雄市林園區石化一路1號,1810,基本化學材料製造業,713631.51,312.41,2947.49,686.16,0.00,136.80,0.00,103401.98,821116.35,依法申報,是,64000,64000130
106,47217677,聯華電子股份有限公司Fab8F廠,0008,O1708632,新竹市,東區,新竹市東區力行六路三號,2611,積體電路製造業,3433.07,30.11,5400.65,2860.07,26213.07,3036.96,788.30,89010.07,130772.30,依法申報,是,10018,10018010
106,22099131,臺灣積體電路製造股份有限公司十二廠研新廠,0008,J63A0107,新竹縣,寶山鄉,新竹科學工業園區新竹縣寶山鄉研新二路六號,2611,積體電路製造業,2906.17,3.12,42073.22,5930.45,35621.59,1374.84,9765.11,143060.46,240734.97,依法申報,是,10004,10004100
106,84613756,中龍鋼鐵股份有限公司,0001,L0200633,臺中市,龍井區,臺中市龍井區龍昌路100號,2411,鋼鐵冶鍊業,9603112.02,335.61,77.84,1158.36,0.00,43.32,0.00,236019.24,9840746.38,依法申報,是,66000,66000250
106,84526079,大園汽電共生股份有限公司,0001,H4702336,桃園市,大園區,桃園市大園區北港里14鄰潮音北路276號,3510,電力供應業,454773.82,159.54,2032.18,0.00,0.00,0.00,0.00,12203.07,469168.62,依法申報,是,68000,68000060
106,84149358,世界先進積體電路股份有限公司晶圓一廠,0001,J6300959,新竹縣,寶山鄉,新竹縣寶山鄉園區三路一二三號,2611,積體電路製造業,1557.13,93.72,8313.37,7504.32,101716.41,17392.55,2049.92,121169.23,259796.65,依法申報,是,10004,10004100
106,83387850,三芳化學工業股份有限公司,0001,S2201154,高雄市,仁武區,高雄市仁武區鳳仁路402號,1841,合成樹脂及塑膠製造業,30575.11,182.39,182.02,70.88,0.00,0.00,0.00,28368.41,59378.81,依法申報,是,64000,64000170
106,83078600,東南水泥股份有限公司,0001,E4900744,高雄市,楠梓區,高雄市楠梓區高楠公路屏山巷1號,2331,水泥製造業,3171.59,9.86,10.46,0.86,0.00,0.00,0.00,21812.09,25004.86,依法申報,是,64000,64000040
106,80354671,慶欣欣鋼鐵股份有限公司,0001,N1601229,彰化縣,伸港鄉,彰化縣伸港鄉溪底村全興工業區工西二路二號,2411,鋼鐵冶鍊業,146359.00,51.68,72.62,0.29,0.00,0.00,0.00,254922.06,401405.66,依法申報,是,10007,10007050
106,80353271,臺灣美光晶圓科技股份有限公司一廠,0001,H4889454,桃園市,龜山區,桃園市龜山區文化村復興三路667號、669號及科技八路五號,2611,積體電路製造業,12126.84,73.24,40917.81,8688.59,28046.46,3945.09,4094.66,494305.86,592198.57,依法申報,是,68000,68000070
106,79837539,盛餘股份有限公司,0001,E5600565,高雄市,小港區,高雄市小港區中林路11號,2544,金屬表面處理業,33703.82,33.31,23.04,42.89,0.00,0.00,0.00,69797.18,103600.25,依法申報,是,64000,64000110
106,79254702,協勝發鋼鐵廠股份有限公司,0001,E5600332,高雄市,小港區,高雄市小港區店鎮里光陽街七號,2411,鋼鐵冶鍊業,89181.17,69.69,85.85,2.51,0.00,0.00,0.00,211370.40,300709.62,依法申報,是,64000,64000110
106,75947936,燁輝企業股份有限公司高雄一廠,0001,S2500536,高雄市,橋頭區,高雄市橋頭區芋寮路369號,2544,金屬表面處理業,65558.83,119.81,40.35,11.15,0.00,34.20,0.00,86389.43,152153.77,依法申報,是,64000,64000200
106,75688109,漢泰鋼鐵股份有限公司,0001,E5601080,高雄市,小港區,高雄市小港區世全路4號,2499,未分類其他基本金屬製造業,26805.61,25.56,29.47,3.83,0.00,0.00,0.00,13220.25,40084.71,依法申報,是,64000,64000110
106,75470524,海光企業股份有限公司,0001,E5600501,高雄市,小港區,高雄市小港區沿海二路12號,2411,鋼鐵冶鍊業,38907.64,25.78,12.67,35.50,0.00,0.00,0.00,147355.35,186336.94,依法申報,是,64000,64000110
106,75460005,唐榮鐵工廠股份有限公司,0001,E5601197,高雄市,小港區,高雄市小港區沿海二路4號,2411,鋼鐵冶鍊業,69283.87,84.02,31.50,11.73,0.00,0.00,0.00,143456.82,212867.94,依法申報,是,64000,64000110
106,75370905,南亞塑膠工業股份有限公司海豐總廠,0001,P5805244,雲林縣,麥寮鄉,雲林縣麥寮鄉中興村臺塑工業園區42號、47號、52號,1810,基本化學材料製造業,378809.03,936.14,52.63,701.74,0.00,18.24,0.00,1206380.14,1586897.91,依法申報,是,10009,10009130
106,75280209,東和鋼鐵企業股份有限公司苗栗廠,0001,K8100129,苗栗縣,西湖鄉,苗栗縣西湖鄉二湖村7鄰坪頂22號,2411,鋼鐵冶鍊業,110225.38,124.48,159.97,2.84,0.00,0.00,0.00,238289.14,348801.80,依法申報,是,10005,10005140
106,73252657,統一實業股份有限公司二廠,0001,R1412418,臺南市,永康區,臺南市永康區和平路77號,2549,其他金屬加工處理業,45305.99,64.60,32.18,8.35,0.00,0.00,0.00,96827.00,142238.12,依法申報,是,67000,67000310
106,72065240,官田鋼鐵股份有限公司官田廠,0001,R9701850,臺南市,官田區,臺南市官田區南?里南?119-5號,2413,鋼鐵軋延及擠型業,23030.11,25.48,55.01,0.00,0.00,11.40,0.00,19580.58,42702.57,依法申報,是,67000,67000100
106,70833553,國光電力股份有限公司,0001,H4810799,桃園市,龜山區,桃園市龜山區南上里北油一區11號,3510,電力供應業,768297.25,368.29,408.83,287.10,0.00,0.00,0.00,3131.21,772492.67,依法申報,是,68000,68000070
106,70783765,星能電力股份有限公司,0001,N1504207,彰化縣,線西鄉,彰化縣線西鄉彰濱工業區線工南二路二號,3510,電力供應業,803038.36,419.95,427.18,32.96,0.00,0.00,0.00,4328.85,808247.31,依法申報,是,10007,10007040
106,70783499,森霸電力公司豐德電廠,0001,R0503072,臺南市,山上區,臺南市山上區豐德里隙子口66號,3510,電力供應業,1493621.23,707.25,794.20,7.70,0.00,0.00,0.00,6472.60,1501602.97,依法申報,是,67000,67000220
106,70783006,華亞汽電股份有限公司華亞汽電廠,0001,H4810851,桃園市,龜山區,桃園市龜山區文化里華亞一路九八號,3510,電力供應業,2214334.88,598.22,10455.57,4.03,0.00,0.00,0.00,41497.70,2266890.40,依法申報,是,68000,68000070
106,70752257,穩懋半導體股份有限公司華亞廠,0001,H4806348,桃園市,龜山區,桃園市龜山區文化里科技七路69號,2611,積體電路製造業,276.12,35.78,72.68,0.00,12962.08,0.00,0.00,23002.94,36349.59,依法申報,是,68000,68000070
106,70750217,和鑫光電股份有限公司南科廠,0001,D9000120,臺南市,善化區,臺南市善化區北園一路7號,2649,其他光電材料及元件製造業,366.95,23.03,32588.95,179.82,6036.18,0.00,698.46,40713.24,80606.63,依法申報,是,67000,67000190
106,70552666,臺星科股份有限公司,0001,J6203071,新竹縣,芎林鄉,新竹縣芎林鄉華龍村鹿寮坑176之5號,2699,未分類其他電子零組件製造業,43.60,56.94,0.72,40.28,3771.12,0.00,0.00,26856.53,30769.19,依法申報,是,10004,10004070
106,69771636,威致鋼鐵工業股份有限公司,0001,R9701341,臺南市,官田區,臺南市官田區南廓村南廓123號,2411,鋼鐵冶鍊業,107542.87,49.35,90.53,10.66,0.00,0.00,0.00,219756.29,327449.69,依法申報,是,67000,67000100
106,68387705,奇美實業股份有限公司(仁德廠),0001,R1002065,臺南市,仁德區,臺南市仁德區文賢里三甲子59-1號A棟、59-4號,1841,合成樹脂及塑膠製造業,166665.21,402.98,354.53,2104.19,0.00,0.00,0.00,332402.05,501928.96,依法申報,是,67000,67000270
106,55695790,建順煉鋼股份有限公司,0001,K7000513,苗栗縣,通霄鎮,苗栗縣通霄鎮五北里68-4號,2411,鋼鐵冶鍊業,45842.12,50.66,49.41,314.89,0.00,0.00,0.00,119741.46,165998.53,依法申報,是,10005,10005030
106,55389357,豐興鋼鐵股份有限公司,0001,L9200728,臺中市,后里區,臺中市后里區甲后路一段998號,2411,鋼鐵冶鍊業,272928.57,172.65,242.27,114.33,0.00,0.00,0.00,517297.97,790755.80,依法申報,是,66000,66000150
106,54393468,美商蘋果電子股份有限公司臺灣分公司,0001,H50A6777,桃園市,龍潭區,桃園市龍潭區龍園十路55號,2649,其他光電材料及元件製造業,311.95,13.01,1898.44,39.05,70.82,101.78,35.17,19635.98,22106.19,依法申報,是,68000,68000090
106,53520959,錦州科技股份有限公司大發廠,0001,E2000554,高雄市,大寮區,高雄市大寮區過溪里華西路8-6號,3530,蒸汽供應業,660370.52,5569.34,3120.30,0.00,0.00,0.00,0.00,1506.25,670566.40,依法申報,是,64000,64000140
106,53170263,聯穎光電股份有限公司竹科廠,0001,J63A1719,新竹縣,寶山鄉,新竹縣寶山鄉創新一路10號2樓,2611,積體電路製造業,319.36,21.63,2059.93,2189.97,9876.21,3488.40,743.04,40859.07,59557.60,依法申報,是,10004,10004100
106,53121117,利芃國際股份有限公司觀音,0001,H53A2255,桃園市,觀音區,桃園市觀音區國瑞路16號,1990,其他化學製品製造業,47344.73,82.14,109.28,5.55,0.00,0.00,0.00,21361.77,68903.47,依法申報,是,68000,68000120
106,53116310,恆顥科技股份有限公司湖口廠,0001,J59A5361,新竹縣,湖口鄉,新竹縣湖口鄉新竹工業區文化路2-1號,2641,液晶面板及其組件製造業,269.52,30.30,0.21,16.68,0.00,0.00,0.00,13819.46,14136.16,依法申報,是,10004,10004050
106,50301500,廣源造紙股份有限公司臺中廠,0001,L8801052,臺中市,大甲區,"臺中市大甲區日南里工一路1,2號、工三路15號及工五路5,7  號",1513,紙板製造業,109394.70,781.64,1363.41,1.29,0.00,0.00,0.00,52801.08,164342.11,依法申報,是,66000,66000110
106,12800225,群創光電股份有限公司B廠,0008,R03A1894,臺南市,新市區,臺南科學工業園區臺南市新市區環西路2段2號,2641,液晶面板及其組件製造業,5873.65,113.32,442.17,1913.97,0.00,165407.21,4175.34,512231.89,690157.54,依法申報,是,67000,67000200
106,47217677,聯華電子股份有限公司Fab8D廠,0001,O1709148,新竹市,東區,新竹市東區力行三路六、八號,2611,積體電路製造業,5200.07,52.54,17694.29,4867.41,73971.13,4780.94,12291.95,178322.76,297181.07,依法申報,是,10018,10018010
106,47109348,華夏玻璃股份有限公司,0001,O1703315,新竹市,香山區,新竹市香山區埔前里埔前路49號,2312,玻璃容器製造業,104598.23,142.52,162.20,43.62,0.00,0.00,0.00,33569.08,138515.64,依法申報,是,10018,10018030
106,46007218,大享容器工業股份有限公司,0001,J5700231,新竹縣,新埔鎮,新竹縣新埔鎮文山里文山路犁頭山段1118號,2312,玻璃容器製造業,80729.64,102.04,149.72,1.00,0.00,0.00,0.00,20922.14,101904.54,依法申報,是,10004,10004030
106,42010509,羅東鋼鐵廠股份有限公司煉鋼廠,0001,G32A0540,宜蘭縣,蘇澳鎮,宜蘭縣蘇澳鎮德興一路57號,2411,鋼鐵冶鍊業,27821.24,23.66,3.87,2.30,0.00,0.00,0.00,88296.12,116147.19,依法申報,是,10002,10002030
106,38033305,臺硝股份有限公司桃園廠,0001,H4601290,桃園市,蘆竹區,桃園市蘆竹區坑口里3鄰大坑街25號,1990,其他化學製品製造業,36958.52,2829.19,175.08,3.55,0.00,0.00,0.00,18246.10,58212.43,依法申報,是,68000,68000050
106,35412204,華新麗華股份有限公司鹽水廠,0001,R8500582,臺南市,鹽水區,臺南市鹽水區汫水里溪州寮3-10號A棟,2411,鋼鐵冶鍊業,121640.24,166.39,71.94,12.66,0.00,0.00,0.00,192009.13,313900.37,依法申報,是,67000,67000020
106,35082604,中興紡織廠股份有限公司楊梅化纖廠,0001,H4500743,桃園市,楊梅區,桃園市楊梅區桃園市楊梅區中山南路567號,1841,合成樹脂及塑膠製造業,71065.73,169.61,241.11,3.00,0.00,6.84,0.00,94071.86,165558.15,依法申報,是,68000,68000040
106,34258318,白馬窯業股份有限公司楊梅廠,0001,H4500850,桃園市,楊梅區,桃園市楊梅區新榮里電研路5號,2322,黏土建築材料製造業,26138.47,56.54,20.71,5.07,0.00,0.00,0.00,14433.03,40653.82,依法申報,是,68000,68000040
106,34202841,榮成紙業股份有限公司,0001,N1400562,彰化縣,二林鎮,彰化縣二林鎮廣興里廣興巷1-1號,1513,紙板製造業,239882.66,104.33,1016.90,89.83,0.00,0.00,0.00,5622.88,246716.60,依法申報,是,10007,10007200
106,34175598,錦美紙業股份有限公司觀音廠,0001,H5300425,桃園市,觀音區,桃園市觀音區榮工北路10號,1513,紙板製造業,27127.20,771.59,166.94,4.04,0.00,0.00,0.00,19023.92,47093.68,依法申報,是,68000,68000120
106,33955322,力鵬企業股份有限公司彰化尼龍總廠,0001,N2904318,彰化縣,芳苑鄉,彰化縣芳苑鄉芳苑工業區工業路33號,1850,人造纖維製造業,34548.99,87.72,158.18,0.82,0.00,0.00,0.00,164885.84,199681.55,依法申報,是,10007,10007230
106,33085508,正隆股份有限公司竹北廠,0001,J5500366,新竹縣,竹北市,新竹縣竹北市長青路二段300號,1591,家庭及衛生用紙製造業,63296.82,710.46,280.06,50.14,0.00,0.00,0.00,63891.82,128229.29,依法申報,是,10004,10004010
106,30974253,臺灣石化合成股份有限公司林園廠,0001,S1900694,高雄市,林園區,高雄市林園區工業二路1號,1990,其他化學製品製造業,42646.82,221.64,41.84,1.77,0.00,0.00,0.00,90876.77,133788.84,依法申報,是,64000,64000130
106,30901647,辛耘企業股份有限公司,0001,J59A1577,新竹縣,湖口鄉,新竹縣湖口鄉新竹工業區中華路16號,2928,電子及半導體生產用機械設備製造業,5.61,1.22,0.09,3.92,381.32,0.00,0.00,10304.18,10696.33,依法申報,是,10004,10004050
106,30414175,中國鋼鐵股份有限公司,0001,E5600841,高雄市,小港區,高雄市小港區中鋼路1號,2411,鋼鐵冶鍊業,19948767.56,1012.46,958.37,6507.87,0.00,11.40,0.00,1189273.80,21146531.45,依法申報,是,64000,64000110
106,28518076,臺灣美光記憶體股份有限公司,0001,L9202099,臺中市,后里區,臺中市后里區三豐路四段369號、九甲路500號,2611,積體電路製造業,26582.08,182.81,39149.63,2912.11,27401.86,1723.68,3766.65,414254.32,515973.13,依法申報,是,66000,66000150
106,28112667,力晶積成電子製造股份有限公司8A,0001,O1753306,新竹市,東區,新竹市東區力行一路18號,2611,積體電路製造業,4235.36,53.07,532.47,1766.50,15734.18,4486.42,881.90,99510.03,127199.92,依法申報,是,10018,10018010
106,28112646,新唐科技股份有限公司,0001,O17A0968,新竹市,東區,新竹市東區研新三路4號,2611,積體電路製造業,537.39,126.02,912.24,10138.75,18137.44,8823.60,451.33,41596.20,80722.98,依法申報,是,10018,10018010
106,28098406,易昇鋼鐵股份有限公司,0001,R14A1883,臺南市,永康區,臺南市永康區正南一街200號,2411,鋼鐵冶鍊業,28217.36,65.73,36.27,0.63,0.00,0.00,0.00,106264.29,134584.28,依法申報,是,67000,67000310
106,28042430,欣建工業股份有限公司,0001,S25A0144,高雄市,橋頭區,高雄市橋頭區芋寮里芋林路301號,2413,鋼鐵軋延及擠型業,19364.52,33.29,11.98,0.00,0.00,0.00,0.00,21935.74,41345.53,依法申報,是,64000,64000200
106,84149738,友達光電股份有限公司桃園分公司,0007,H5002362,桃園市,龍潭區,桃園市龍潭區三和里新和路1號,2641,液晶面板及其組件製造業,10336.45,296.01,7708.81,955.24,0.00,12999.42,1821.71,268646.13,302763.77,依法申報,是,68000,68000090
106,47217677,聯華電子股份有限公司Fab8E廠,0007,O1706692,新竹市,東區,新竹科學工業園區新竹市東區力行路17號,2611,積體電路製造業,2442.52,28.49,2447.00,8697.40,15209.50,10054.80,9808.79,86694.15,135382.65,依法申報,是,10018,10018010
106,22099131,臺灣積體電路製造股份有限公司十二廠,0007,O1709308,新竹市,東區,新竹市東區力行六路八號,2611,積體電路製造業,3378.73,146.51,24193.07,10406.26,59058.01,8301.60,8730.78,297546.75,411761.72,依法申報,是,10018,10018010
106,12800225,群創光電股份有限公司A廠,0007,R03A1903,臺南市,新市區,臺南市新市區奇業路1號,2641,液晶面板及其組件製造業,743.58,25.32,169.83,1287.00,0.00,31548.54,115.78,76565.46,110455.52,依法申報,是,67000,67000200
106,84149738,友達光電股份有限公司,0006,H4888493,桃園市,龜山區,桃園市龜山區文化里華亞二路189號,2649,其他光電材料及元件製造業,7540.16,47.17,2406.29,12.88,804.51,5509.62,847.53,281072.64,298240.79,依法申報,是,68000,68000070
106,58650902,臺灣化學纖維股份有限公司麥寮廠,0006,P5801773,雲林縣,麥寮鄉,雲林縣麥寮鄉中興村臺塑工業園區5號及3之1號,1810,基本化學材料製造業,516111.03,229.23,389.07,25688.71,0.00,43.32,0.00,1281773.18,1824234.54,依法申報,是,10009,10009130
106,27719048,永豐餘工業用紙股份有限公司成功廠,0006,L0000624,臺中市,烏日區,臺中市烏日區中山路三段546號,1511,紙漿製造業,16378.68,85.14,158.77,0.00,0.00,0.00,0.00,8500.13,25122.73,依法申報,是,66000,66000230
106,22099131,臺灣積體電路製造股份有限公司八廠,0006,O1713311,新竹市,東區,新竹市東區力行路25號,2611,積體電路製造業,4869.33,83.38,24945.16,12903.94,47606.25,4397.85,31776.18,190400.49,316982.60,依法申報,是,10018,10018010
106,11914002,臺灣玻璃工業股份有限公司鹿港平板廠,0006,N08A1098,彰化縣,鹿港鎮,彰化縣鹿港鎮鹿工路十一號,2311,平板玻璃及其製品製造業,125379.02,103.40,217.87,9.04,0.00,0.00,0.00,18235.74,143945.07,依法申報,是,10007,10007020
106,84149738,友達光電股份有限公司臺中廠,0005,B2313780,臺中市,西屯區,臺中市西屯區中部科學園區中科路1號,2641,液晶面板及其組件製造業,15962.04,484.41,29706.93,2574.00,0.00,70403.50,10311.98,1147908.95,1277351.82,依法申報,是,66000,66000060
106,75708007,臺灣塑膠工業股份有限公司仁武廠,0005,S2201109,高雄市,仁武區,高雄市仁武區水管路一○○號,1810,基本化學材料製造業,2570524.67,964.44,11585.23,2439.02,0.00,243.96,0.00,17770.55,2603527.86,依法申報,是,64000,64000170
106,58650902,臺灣化學纖維股份有限公司海豐廠,0005,P5802092,雲林縣,麥寮鄉,雲林縣麥寮鄉中興村臺塑工業園區23號,1810,基本化學材料製造業,1295005.01,189.21,52.81,3065.27,0.00,77.52,0.00,2094993.21,3393383.03,依法申報,是,10009,10009130
106,47217677,聯華電子股份有限公司Fab8A廠,0005,O1706209,新竹市,東區,新竹市東區力行二路3、5號,2611,積體電路製造業,3373.74,42.47,17196.36,5792.88,41135.08,36525.60,11991.01,126451.58,242508.71,依法申報,是,10018,10018010
106,39054405,李長榮化學工業股份有限公司高雄廠,0005,E5600305,高雄市,小港區,高雄市小港區中林路3號,1990,其他化學製品製造業,26052.60,5.91,3.49,307.54,0.00,0.00,0.00,73811.48,100181.00,依法申報,是,64000,64000110
106,22099548,旺宏電子股份有限公司晶圓五廠,0005,O17A6887,新竹市,東區,新竹市東區力行路19號,2611,積體電路製造業,1911.67,55.99,4384.50,9204.95,29832.07,3445.52,21397.34,115320.91,185552.94,依法申報,是,10018,10018010
106,22099131,臺灣積體電路製造股份有限公司六廠,0005,R9004230,臺南市,善化區,臺南市善化區南部科學工業園區南科北路一號,2611,積體電路製造業,2095.52,95.04,57309.45,10821.82,59006.88,4238.51,24335.38,211183.69,369086.30,依法申報,是,67000,67000190
106,12800225,群創光電股份有限公司T2廠,0005,K71A1370,苗栗縣,竹南鎮,苗栗縣竹南鎮科學路168號,2641,液晶面板及其組件製造業,2692.10,100.16,30.52,0.00,0.00,14974.94,2498.96,234351.54,254648.20,依法申報,是,10005,10005040
106,11914002,臺灣玻璃工業股份有限公司臺中廠平板三場,0005,L9100563,臺中市,梧棲區,臺中市梧棲區自立三街220號,2311,平板玻璃及其製品製造業,38620.44,46.22,78.05,104.73,0.00,0.00,0.00,25766.98,64616.41,依法申報,是,66000,66000140
106,11384708,長春人造樹脂廠股份有限公司大發二廠,0005,S2015916,高雄市,大寮區,高雄市大寮區華西路6號,1820,石油化工原料製造業,82010.21,42.29,1.94,0.00,0.00,0.00,0.00,233336.84,315391.28,依法申報,是,64000,64000140
106,3707901,臺灣中油股份有限公司石化事業部林園石化廠,0005,S1900710,高雄市,林園區,高雄市林園區石化二路3號,1820,石油化工原料製造業,2054594.12,786.21,807.10,178.74,0.00,9484.80,0.00,83481.03,2149332.00,依法申報,是,64000,64000130
106,3522600,遠東新世紀股份有限公司化學纖維總廠,0005,J5700222,新竹縣,新埔鎮,新竹縣新埔鎮文山路亞東段369及600號,1850,人造纖維製造業,201676.88,350.10,929.22,0.00,0.00,0.00,0.00,229839.97,432796.18,依法申報,是,10004,10004030
106,84149738,友達光電股份有限公司龍科廠,0004,H5008211,桃園市,龍潭區,桃園市龍潭區龍科街228號,2641,液晶面板及其組件製造業,8400.76,74.91,6549.53,633.37,0.00,13905.72,3009.83,369597.21,402171.33,依法申報,是,68000,68000090
106,75280209,東和鋼鐵企業股份有限公司桃園廠,0004,H53A0675,桃園市,觀音區,桃園市觀音區保障里8鄰草漯116號,2411,鋼鐵冶鍊業,44485.70,7.28,31.23,23.80,0.00,0.00,0.00,283506.18,328054.19,依法申報,是,68000,68000120
106,47299902,漢磊科技股份有限公司研發廠,0004,J6300299,新竹縣,寶山鄉,新竹縣寶山鄉新竹科學園區創新一路18號,2611,積體電路製造業,423.73,23.07,468.72,1052.11,13563.37,2321.22,297.78,25028.47,43178.48,依法申報,是,10004,10004100
106,22099131,臺灣積體電路製造股份有限公司五廠,0004,J6301447,新竹縣,寶山鄉,新竹縣寶山鄉新竹科學工業園區園區三路121號,2611,積體電路製造業,3730.01,4.03,13587.49,7100.33,24475.34,2012.13,14152.07,101621.32,166682.72,依法申報,是,10004,10004100
106,12800225,群創光電股份有限公司T3廠,0004,K71A2695,苗栗縣,竹南鎮,苗栗縣竹南鎮科中路12號,2641,液晶面板及其組件製造業,2053.80,96.74,15326.17,0.00,627.54,16330.81,685.85,120651.80,155772.71,依法申報,是,10005,10005040
106,11914002,臺灣玻璃工業股份有限公司臺中廠,0004,L9100198,臺中市,梧棲區,臺中市梧棲區自強路377號,2311,平板玻璃及其製品製造業,92702.14,121.07,171.17,2.66,0.00,0.00,0.00,19015.43,112012.48,依法申報,是,66000,66000140
106,11384806,長春石油化學股份有限公司苗栗二廠,0004,K6801123,苗栗縣,苗栗市,苗栗縣苗栗市文聖里文山245號,1810,基本化學材料製造業,119845.65,97.73,49.23,4513.28,0.00,0.00,0.00,962265.93,1086771.82,依法申報,是,10005,10005010
106,11384708,長春人造樹脂廠股份有限公司大發廠,0004,S2005081,高雄市,大寮區,高雄市大寮區華西路8號,1810,基本化學材料製造業,354047.18,2918.96,1632.44,135.93,0.00,0.00,0.00,179108.33,537842.83,依法申報,是,64000,64000140
106,3707901,臺灣中油股份有限公司煉製事業部桃園煉油廠,0004,H4803507,桃園市,龜山區,桃園市龜山區南上里民生北路一段50號,1700,石油及煤製品製造業,1476575.28,1462.78,661.35,71.07,0.00,0.00,0.00,215878.98,1694649.46,依法申報,是,68000,68000070
106,86522210,臺塑石化股份有限公司麥寮三廠,0003,P5802430,雲林縣,麥寮鄉,雲林縣麥寮鄉臺塑工業園區17號,1990,其他化學製品製造業,7399984.52,1630.30,21185.62,25.42,0.00,305.52,0.00,64244.17,7487375.55,依法申報,是,10009,10009130
106,85066002,中華紙漿股份有限公司臺東廠,0003,V7500777,臺東縣,臺東市,臺東縣臺東市中興路4段371號,1512,紙張製造業,111610.37,1276.35,714.54,20.88,0.00,0.00,0.00,51459.53,165081.67,依法申報,是,10014,10014010
106,84149738,友達光電股份有限公司L5廠,0003,O1707395,新竹市,東區,新竹市東區力行路23號,2641,液晶面板及其組件製造業,795.87,20.53,117.14,0.00,510.80,16498.08,243.35,48172.52,66358.28,依法申報,是,10018,10018010
106,84149385,力晶科技股份有限公司P3,0003,O1747764,新竹市,東區,新竹市東區力行路16-1號,2611,積體電路製造業,4742.36,26.40,4612.77,363.55,3400.36,2520.10,27.39,135397.51,151090.44,依法申報,是,10018,10018010
106,27945086,星元電力股份有限公司(星元天然氣發電廠),0001,N1505633,彰化縣,線西鄉,彰化縣線西鄉慶安南二路二號,3510,電力供應業,979650.34,487.77,521.20,16.70,0.00,0.00,0.00,3646.43,984322.44,依法申報,是,10007,10007040
105,86685142,臺灣汽電共生股份有限公司官田廠,0001,R9702160,臺南市,官田區,臺南市官田區工業西路28號,3399,其他未分類製造業,377684.76,1045.71,2745.21,0.00,0.00,0.00,0.00,3047.04,384522.72,依法申報,是,67000,67000100
105,86522210,臺塑石化股份有限公司麥寮三廠,0003,P5802430,雲林縣,麥寮鄉,雲林縣麥寮鄉臺塑工業園區17號,1990,其他化學製品製造業,7407708.79,1603.32,20696.37,25.42,0.00,305.52,0.00,158706.67,7589046.09,依法申報,是,10009,10009130
105,86522210,臺塑石化股份有限公司麥寮二廠,0002,P5801728,雲林縣,麥寮鄉,雲林縣麥寮鄉臺塑工業園區8、8-5號,1990,其他化學製品製造業,4647924.72,1156.31,17320.53,314.88,0.00,1092.12,0.00,221669.65,4889478.20,依法申報,是,10009,10009130
105,86522210,臺塑石化股份有限公司麥寮一廠,0001,P5802421,雲林縣,麥寮鄉,雲林縣麥寮鄉臺塑工業園區7、15號,1810,基本化學材料製造業,15735887.13,14634.76,57402.19,535.48,0.00,4170.12,0.00,0.00,15812629.68,依法申報,是,10009,10009130
105,86120031,信昌化學工業股份有限公司林園廠,0001,S1901066,高雄市,林園區,高雄市林園區工業三路九號,1820,石油化工原料製造業,166689.48,121.87,229.43,0.57,0.00,0.00,0.00,141162.51,308203.85,依法申報,是,64000,64000130
105,85978401,裕鐵企業股份有限公司岡山二廠,0001,S2602473,高雄市,燕巢區,高雄市燕巢區安招里安招路639-1號,2544,金屬表面處理業,39302.53,50.30,22.50,18.69,0.00,0.00,0.00,44857.84,84251.86,依法申報,是,64000,64000210
105,85803825,高雄塑酯化學股份有限公司,0001,S2300447,高雄市,大社區,高雄市大社區興工路一號,1810,基本化學材料製造業,89056.73,59.24,115.92,4763.60,0.00,0.00,0.00,22450.80,116446.28,依法申報,是,64000,64000160
105,85793919,龍慶鋼鐵企業股份有限公司,0001,E5600798,高雄市,小港區,高雄市小港區利昌街4號,2413,鋼鐵軋延及擠型業,35225.95,38.31,59.72,15.09,0.00,0.00,0.00,83370.40,118709.46,依法申報,是,64000,64000110
105,85066002,中華紙漿股份有限公司臺東廠,0003,V7500777,臺東縣,臺東市,臺東縣臺東市中興路4段371號,1512,紙張製造業,114683.84,1332.10,754.80,20.88,0.00,0.00,0.00,49053.69,165845.30,依法申報,是,10014,10014010
105,85066002,中華紙漿股份有限公司久堂廠,0001,S2100223,高雄市,大樹區,高雄市大樹區久堂里久堂路112號,1512,紙張製造業,431987.70,236.89,2054.02,44.16,0.00,243.96,0.00,16849.71,451416.44,依法申報,是,64000,64000150
105,84994452,俊行記實業股份有限公司,0001,H4800239,桃園市,龜山區,桃園市龜山區湖山街180巷110號,2322,黏土建築材料製造業,31811.67,23.21,115.74,2.57,0.00,0.00,0.00,3691.75,35644.95,依法申報,是,68000,68000070
105,84613756,中龍鋼鐵股份有限公司,0001,L0200633,臺中市,龍井區,臺中市龍井區龍昌路100號,2411,鋼鐵冶鍊業,9234226.06,373.00,850.46,1204.20,0.00,0.00,0.00,211535.40,9448189.11,依法申報,是,66000,66000250
105,84526079,大園汽電共生股份有限公司,0001,H4702336,桃園市,大園區,桃園市大園區北港里14鄰潮音北路276號,3510,電力供應業,434375.18,123.56,2042.67,0.00,0.00,0.00,0.00,9811.47,446352.87,依法申報,是,68000,68000060
105,84252697,榮剛材料科技股份有限公司新營廠,0000,R8400827,臺南市,新營區,臺南市新營區新中路35號,2411,鋼鐵冶鍊業,76890.86,136.93,93.01,12.67,0.00,0.00,0.00,86962.52,164095.98,依法申報,是,67000,67000010
105,84149738,友達光電股份有限公司后里廠,0008,L92A0931,臺中市,后里區,臺中市后里區馬場路1號,2641,液晶面板及其組件製造業,4432.99,160.96,6955.59,0.00,0.00,16569.90,2317.05,249048.00,279484.49,依法申報,是,66000,66000150
105,84149738,友達光電股份有限公司桃園分公司,0007,H5002362,桃園市,龍潭區,桃園市龍潭區三和里新和路1號,2641,液晶面板及其組件製造業,10038.85,282.01,5733.88,815.11,0.00,12729.51,1561.64,255687.19,286848.20,依法申報,是,68000,68000090
105,84149738,友達光電股份有限公司,0006,H4888493,桃園市,龜山區,桃園市龜山區文化里華亞二路189號,2649,其他光電材料及元件製造業,7216.98,40.04,1497.21,0.94,778.97,4586.22,646.36,297432.71,312199.42,依法申報,是,68000,68000070
105,84149738,友達光電股份有限公司臺中廠,0005,B2313780,臺中市,西屯區,臺中市西屯區中部科學園區中科路1號,2641,液晶面板及其組件製造業,17572.90,495.39,24288.46,600.60,0.00,67696.64,10083.44,1085896.57,1206634.00,依法申報,是,66000,66000060
105,84149738,友達光電股份有限公司龍科廠,0004,H5008211,桃園市,龍潭區,桃園市龍潭區龍科街228號,2641,液晶面板及其組件製造業,8558.96,94.36,6337.54,624.34,0.00,12606.12,2441.71,353774.94,384437.97,依法申報,是,68000,68000090
105,84149738,友達光電股份有限公司L5廠,0003,O1707395,新竹市,東區,新竹市東區力行路23號,2641,液晶面板及其組件製造業,1354.58,23.25,133.50,0.00,127.70,960.34,142.57,42359.36,45101.29,依法申報,是,10018,10018010
105,84149738,友達光電總部/友達光電股份有限公司L3B廠,0002,O1709193,新竹市,東區,新竹市東區力行二路1號,2641,液晶面板及其組件製造業,751.99,83.50,81.29,0.00,19.95,312.59,1664.62,20599.05,23512.99,依法申報,是,10018,10018010
105,84149385,力晶科技股份有限公司P3,0003,O1747764,新竹市,東區,新竹市東區力行路16-1號,2611,積體電路製造業,4679.72,26.63,4508.14,348.06,3438.63,4941.67,18.39,123061.62,141022.86,依法申報,是,10018,10018010
105,84149385,力晶科技股份有限公司P12,0002,O1748707,新竹市,東區,新竹市東區力行一路一二號,2611,積體電路製造業,13012.01,127.89,6067.31,1647.89,6285.88,7011.36,7490.31,313015.46,354658.11,依法申報,是,10018,10018010
105,84149358,世界先進積體電路股份有限公司晶圓三廠,0003,H46B0495,桃園市,蘆竹區,桃園市蘆竹區長興里14鄰長榮路168號,2611,積體電路製造業,75.75,39.39,4700.47,2677.23,64153.39,4432.32,2226.65,191748.22,270053.41,依法申報,是,68000,68000050
105,84149358,世界先進積體電路股份有限公司晶圓二廠,0002,O1751197,新竹市,東區,新竹市東區力行路九號,2611,積體電路製造業,2676.14,50.76,13776.33,3181.08,39997.21,933.47,975.65,135817.59,197408.24,依法申報,是,10018,10018010
105,84149358,世界先進積體電路股份有限公司晶圓一廠,0001,J6300959,新竹縣,寶山鄉,新竹縣寶山鄉園區三路一二三號,2611,積體電路製造業,1633.29,91.21,8096.03,6695.31,96810.98,16473.26,2351.25,121493.51,253644.85,依法申報,是,10004,10004100
105,83387850,三芳化學工業股份有限公司,0001,S2201154,高雄市,仁武區,高雄市仁武區鳳仁路402號,1841,合成樹脂及塑膠製造業,27151.05,298.11,384.18,70.88,0.00,0.00,0.00,28079.74,55983.97,依法申報,是,64000,64000170
105,83078600,東南水泥股份有限公司,0001,E4900744,高雄市,楠梓區,高雄市楠梓區高楠公路屏山巷1號,2331,水泥製造業,238620.58,139.28,475.25,0.86,0.00,0.00,0.00,29560.10,268796.06,依法申報,是,64000,64000040
105,80629340,九滎股份有限公司瓊林廠,0000,F0622537,新北市,新莊區,新北市新莊區瓊林南路301巷2號,1140,印染整理業,21256.06,16.16,99.56,0.00,0.00,0.00,0.00,3996.17,25367.95,依法申報,是,65000,65000050
105,80354671,慶欣欣鋼鐵股份有限公司,0001,N1601229,彰化縣,伸港鄉,彰化縣伸港鄉溪底村全興工業區工西二路二號,2411,鋼鐵冶鍊業,114130.94,49.06,63.92,0.29,0.00,0.00,0.00,177530.71,291774.92,依法申報,是,10007,10007050
105,80353271,華亞科技股份有限公司二廠,0002,H4888582,桃園市,龜山區,桃園市龜山區文化村華亞五路2、6號,2611,積體電路製造業,6026.05,4.00,25948.98,3222.01,13229.55,2133.65,1315.20,552327.46,604206.89,依法申報,是,68000,68000070
105,80353271,臺灣美光晶圓科技股份有限公司一廠,0001,H4889454,桃園市,龜山區,桃園市龜山區文化村復興三路667號、669號及科技八路五號,2611,積體電路製造業,11912.32,110.68,25304.67,9775.81,23566.73,2093.47,2980.59,523782.51,599526.77,依法申報,是,68000,68000070
105,79837539,盛餘股份有限公司,0001,E5600565,高雄市,小港區,高雄市小港區中林路11號,2544,金屬表面處理業,33297.49,33.10,22.80,42.89,0.00,216.60,0.00,67137.48,100750.36,依法申報,是,64000,64000110
105,79254702,協勝發鋼鐵廠股份有限公司,0001,E5600332,高雄市,小港區,高雄市小港區店鎮里光陽街七號,2411,鋼鐵冶鍊業,79563.88,65.67,76.94,2.51,0.00,0.00,0.00,169279.61,248988.61,依法申報,是,64000,64000110
105,75947936,燁輝企業股份有限公司高雄一廠,0001,S2500536,高雄市,橋頭區,高雄市橋頭區芋寮路369號,2544,金屬表面處理業,50625.53,101.96,33.76,10.58,0.00,0.00,0.00,84344.83,135116.66,依法申報,是,64000,64000200
105,75708007,臺灣塑膠工業股份有限公司林園廠,0008,S1900685,高雄市,林園區,高雄市林園區石化一路1號,1810,基本化學材料製造業,676261.15,305.49,2736.27,686.16,0.00,136.80,0.00,112597.86,792723.73,依法申報,是,64000,64000130
105,75708007,臺灣塑膠工業股份有限公司仁武廠,0005,S2201109,高雄市,仁武區,高雄市仁武區水管路一○○號,1810,基本化學材料製造業,2623397.11,990.46,11793.59,2439.02,0.00,243.96,0.00,21915.81,2660779.94,依法申報,是,64000,64000170
105,75708007,臺灣塑膠工業股份有限公司麥寮廠,0002,P5801602,雲林縣,麥寮鄉,雲林縣麥寮鄉中興村臺塑工業園區一號,1990,其他化學製品製造業,498827.83,385.55,402.42,14377.41,0.00,2770.20,0.00,3951423.53,4468186.94,依法申報,是,10009,10009130
105,75688109,漢泰鋼鐵股份有限公司,0001,E5601080,高雄市,小港區,高雄市小港區世全路4號,2499,未分類其他基本金屬製造業,28475.11,22.28,16.63,3.83,0.00,0.00,0.00,13912.19,42430.03,依法申報,是,64000,64000110
105,75470524,海光企業股份有限公司嘉興鋼鐵廠,0002,E5602952,高雄市,小港區,高雄市小港區嘉興街5號,2541,金屬鍛造業,19125.75,20.23,10.19,0.00,0.00,0.00,0.00,28397.14,47553.32,依法申報,是,64000,64000110
105,75470524,海光企業股份有限公司,0001,E5600501,高雄市,小港區,高雄市小港區沿海二路12號,2411,鋼鐵冶鍊業,33679.90,20.85,4.47,0.00,0.00,0.00,0.00,105857.56,139562.78,依法申報,是,64000,64000110
105,75460005,唐榮鐵工廠股份有限公司,0001,E5601197,高雄市,小港區,高雄市小港區沿海二路4號,2411,鋼鐵冶鍊業,62916.47,77.59,27.95,11.73,0.00,0.00,0.00,129059.12,192092.86,依法申報,是,64000,64000110
105,75370905,南亞塑膠工業股份有限公司新港廠,9501,Q7100272,嘉義縣,新港鄉,嘉義縣新港鄉嘉義縣新港鄉中洋村中洋工業區2號,2201,塑膠皮、板、管材製造業,31305.50,273.15,20.12,1447.01,0.00,0.00,0.00,763819.62,796865.39,依法申報,是,10010,10010070
105,75370905,南亞塑膠工業股份有限公司樹林廠,9500,F0701702,新北市,樹林區,新北市樹林區味王街五五號,1841,合成樹脂及塑膠製造業,371099.19,103.14,1699.97,833.79,0.00,0.00,0.00,7411.92,381148.01,依法申報,是,65000,65000070
105,75370905,南亞塑膠工業股份有限公司嘉義廠,9400,Q7600375,嘉義縣,太保市,嘉義縣太保市嘉義縣太保市北港路二段201號,2201,塑膠皮、板、管材製造業,286794.54,173.95,1341.72,286.67,0.00,0.00,0.00,13180.99,301777.86,依法申報,是,10010,10010010
105,75370905,南亞塑膠工業股份有限公司錦興廠,9221,H4601398,桃園市,蘆竹區,桃園市蘆竹區南崁路一段336號,2399,未分類其他非金屬礦物製品製造業,787761.28,231.52,3721.01,0.00,0.00,0.00,0.00,12602.90,804316.70,依法申報,是,68000,68000050
105,75370905,南亞塑膠工業股份有限公司林口二廠,9220,F1600491,新北市,泰山區,新北市泰山區南林路102號,1841,合成樹脂及塑膠製造業,247399.13,236.20,1117.02,67.95,0.00,0.00,0.00,77740.52,326560.83,依法申報,是,65000,65000160
105,75370905,南亞塑膠工業股份有限公司工三廠,5G00,H4801478,桃園市,龜山區,桃園市龜山區樂善里文明路6號,1113,人造纖維加工絲業,171756.99,290.25,390.56,0.00,0.00,0.00,0.00,286611.60,459049.40,依法申報,是,68000,68000070
105,75370905,南亞塑膠工業股份有限公司麥寮廠,0002,P5801513,雲林縣,麥寮鄉,雲林縣麥寮鄉三盛村臺塑工業園區１號,1810,基本化學材料製造業,402762.58,229.29,147.21,1429.25,0.00,1030.56,0.00,1005344.31,1410943.20,依法申報,是,10009,10009130
105,75370905,南亞塑膠工業股份有限公司海豐總廠,0001,P5805244,雲林縣,麥寮鄉,雲林縣麥寮鄉臺塑工業園區42號、47號、52號,1810,基本化學材料製造業,350342.93,734.87,36.53,701.27,0.00,11.40,0.00,1159923.72,1511750.72,依法申報,是,10009,10009130
105,75280209,東和鋼鐵企業股份有限公司桃園廠,0004,H53A0675,桃園市,觀音區,桃園市觀音區保障里8鄰草漯116號,2411,鋼鐵冶鍊業,41395.10,6.19,21.63,0.00,0.00,0.00,0.00,248194.95,289617.88,依法申報,是,68000,68000120
105,75280209,東和鋼鐵企業股份有限公司高雄廠,0002,E5600369,高雄市,小港區,高雄市小港區嘉興街八號,2413,鋼鐵軋延及擠型業,20552.04,29.05,15.62,11.28,0.00,0.00,0.00,12111.98,32719.96,依法申報,是,64000,64000110
105,75280209,東和鋼鐵企業股份有限公司苗栗廠,0001,K8100129,苗栗縣,西湖鄉,苗栗縣西湖鄉二湖村7鄰坪頂22號,2411,鋼鐵冶鍊業,112337.31,123.97,158.06,2.63,0.00,0.00,0.00,226323.03,338945.00,依法申報,是,10005,10005140
105,73686632,得力實業股份有限公司,0000,R0300606,臺南市,新市區,臺南市新市區三舍里240號,1140,印染整理業,39343.98,30.89,176.39,1.76,0.00,0.00,0.00,29446.60,68999.62,依法申報,是,67000,67000200
105,73252657,統一實業股份有限公司二廠,0001,R1412418,臺南市,永康區,臺南市永康區和平路77號,2549,其他金屬加工處理業,45911.25,63.48,24.97,8.35,0.00,0.00,0.00,94662.12,140670.17,依法申報,是,67000,67000310
105,72065240,官田鋼鐵股份有限公司官田廠,0001,R9701850,臺南市,官田區,臺南市官田區南廍里南廍119-5號,2413,鋼鐵軋延及擠型業,29425.59,31.68,69.79,0.00,0.00,0.00,0.00,22722.45,52249.51,依法申報,是,67000,67000100
105,70833553,國光電力股份有限公司,0001,H4810799,桃園市,龜山區,桃園市龜山區南上里北油一區11號,3510,電力供應業,758280.73,364.62,403.58,183.74,0.00,0.00,0.00,2723.59,761956.27,依法申報,是,68000,68000070
105,70783765,星能電力股份有限公司,0001,N1504207,彰化縣,線西鄉,彰化縣線西鄉彰濱工業區線工南二路二號,3510,電力供應業,806749.76,393.42,429.12,30.66,0.00,0.00,0.00,4902.77,812505.74,依法申報,是,10007,10007040
105,70783499,森霸電力公司豐德電廠,0001,R0503072,臺南市,山上區,臺南市山上區豐德里隙子口66號,3510,電力供應業,1551706.28,902.95,824.89,13.35,0.00,0.00,0.00,5785.77,1559233.25,依法申報,是,67000,67000220
105,70783006,華亞汽電股份有限公司觀音公用廠,0002,H53A2562,桃園市,觀音區,桃園市觀音區觀音工業區工業七路三號,3530,蒸汽供應業,208939.96,60.89,987.54,0.00,0.00,0.00,0.00,1747.82,211736.20,依法申報,是,68000,68000120
105,70783006,華亞汽電股份有限公司華亞汽電廠,0001,H4810851,桃園市,龜山區,桃園市龜山區文化里華亞一路九八號,3510,電力供應業,2105773.12,570.50,9939.31,1.77,0.00,478.80,0.00,50154.28,2166917.78,依法申報,是,68000,68000070
105,70752257,穩懋半導體股份有限公司華亞二廠,0002,H4886999,桃園市,龜山區,桃園市龜山區文化里華亞二路358號與科技七路35號及35號2樓、3樓、4樓,2611,積體電路製造業,1310.83,99.41,177.52,171.60,30269.87,410.40,0.00,51313.68,83753.32,依法申報,是,68000,68000070
105,70752257,穩懋半導體股份有限公司華亞廠,0001,H4806348,桃園市,龜山區,桃園市龜山區文化里科技七路69號,2611,積體電路製造業,272.99,33.60,64.61,10.01,12321.97,0.00,0.00,23488.21,36191.39,依法申報,是,68000,68000070
105,70584724,旭硝子顯示玻璃股份有限公司斗六二廠,0002,P46A0693,雲林縣,斗六市,雲林縣斗六市虎溪里科工八路八號,2311,平板玻璃及其製品製造業,77658.08,78.93,41.81,99.16,0.00,1140.00,0.00,145273.98,224291.96,依法申報,是,10009,10009010
105,70584724,旭硝子顯示玻璃股份有限公司斗六一廠,0001,P4606327,雲林縣,斗六市,雲林縣斗六市虎溪里科工七路八號,2311,平板玻璃及其製品製造業,40344.96,113.31,62.07,1198.94,0.00,684.00,0.00,113619.19,156022.48,依法申報,是,10009,10009010
105,97170472,全新光電科技股份有限公司平鎮廠,0001,h5103604,桃園市,平鎮區,桃園市平鎮區工業一路16號,2649,其他光電材料及元件製造業,2.61,17.75,1.13,40.04,19.21,727.32,0.00,9447.94,10256.01,依法申報,是,68000,68000100
105,96976990,嘉惠電力(股)有限公司,0001,Q6907286,嘉義縣,民雄鄉,嘉義縣民雄鄉松山村4鄰松子腳688號,3510,電力供應業,887506.54,400.56,471.76,0.00,0.00,0.00,0.00,10619.69,898998.55,依法申報,是,10010,10010050
105,96975970,麥寮汽電股份有限公司,11A0,P5801719,雲林縣,麥寮鄉,雲林縣麥寮鄉中興村臺塑工業園區7號,3510,電力供應業,11228955.38,3003.55,52864.16,0.72,0.00,2086.20,0.00,0.00,11286910.00,依法申報,是,10009,10009130
105,96971313,中鋼鋁業股份有限公司臨海廠,0001,E5600092,高雄市,小港區,高雄市小港區山明里東林路一七號,2422,鋁鑄造業,77389.89,146.53,43.06,272.13,0.00,0.00,0.00,134495.17,212346.78,依法申報,是,64000,64000110
105,96933037,長生電力股份有限公司,0001,H4604568,桃園市,蘆竹區,桃園市蘆竹區濱海路一段199號,3510,電力供應業,1530345.05,688.59,813.12,6.76,0.00,1488.84,0.00,4942.98,1538285.34,依法申報,是,68000,68000050
105,94025264,中華紙漿股份有限公司花蓮廠,0001,U9500478,花蓮縣,吉安鄉,花蓮縣吉安鄉光華村光華街100號,1511,紙漿製造業,102391.93,1243.12,4091.90,0.00,0.00,0.00,0.00,102223.11,209950.06,依法申報,是,10015,10015050
105,89528054,臺灣鋼聯股份有限公司,0001,N1607141,彰化縣,伸港鄉,彰化縣伸港鄉彰濱工業區線工北一路36號,1810,基本化學材料製造業,115961.29,7.98,14.24,0.56,0.00,0.00,0.00,11810.86,127794.93,依法申報,是,10007,10007050
105,89397503,臺鹽實業股份有限公司通霄精鹽廠,0001,K7000504,苗栗縣,通霄鎮,苗栗縣通霄鎮內島村122號,0897,調理食品製造業,22325.73,50.61,12.69,7.61,0.00,0.00,0.00,1460.34,23856.97,依法申報,是,10005,10005030
105,89390656,南亞科技股份有限公司三廠,0002,F1606662,新北市,泰山區,新北市泰山區南林路98號及115號,2611,積體電路製造業,5657.04,55.28,13206.41,4699.68,16691.55,492.07,10782.80,238436.60,290021.43,依法申報,是,65000,65000160
105,86871981,潤泰精密材料股份有限公司宜蘭冬山廠,0001,G37A0585,宜蘭縣,冬山鄉,宜蘭縣冬山鄉安平村大安路三五七之一.三五七之二.三五七之三號,2331,水泥製造業,694103.73,95.07,1377.30,0.00,0.00,0.00,0.00,50188.45,745764.55,依法申報,是,10002,10002080
105,47217677,聯華電子股份有限公司Fab12A廠第二廠區,0010,D0302141,臺南市,新市區,臺南市南科三路57號,2611,積體電路製造業,518.21,14.19,4523.13,254.43,851.69,82.08,5902.05,129252.44,141398.22,依法申報,是,67000,67000200
105,47217677,聯華電子股份有限公司Fab8S廠,0009,J63A0048,新竹縣,寶山鄉,新竹科學工業園區新竹縣研新一路16號,2611,積體電路製造業,1320.01,20.22,4495.69,3470.95,9889.28,4514.40,2889.16,67607.78,94207.49,依法申報,是,10004,10004100
105,47217677,聯華電子股份有限公司Fab8F廠,0008,O1708632,新竹市,東區,新竹市東區力行六路三號,2611,積體電路製造業,3231.57,29.46,4524.74,2507.48,21155.97,2052.00,778.37,86261.28,120540.88,依法申報,是,10018,10018010
105,47217677,聯華電子股份有限公司Fab8E廠,0007,O1706692,新竹市,東區,新竹科學工業園區新竹市東區力行路17號,2611,積體電路製造業,2485.01,26.24,2431.65,7474.15,14088.85,8208.00,4253.58,82236.16,121203.64,依法申報,是,10018,10018010
105,47217677,聯華電子股份有限公司Fab8A廠,0005,O1706209,新竹市,東區,新竹市東區力行二路3、5號,2611,積體電路製造業,3439.99,42.57,16201.54,5635.48,36566.41,41450.40,8838.84,121690.47,233865.70,依法申報,是,10018,10018010
105,47217677,聯華電子股份有限公司Fab12A,0003,R0304131,臺南市,新市區,臺南市新市區南科二路18、20號,2611,積體電路製造業,20991.42,144.98,71423.24,5635.69,15015.37,4714.71,12433.25,448362.03,578720.68,依法申報,是,67000,67000200
105,47217677,聯華電子股份有限公司Fab8D廠,0001,O1709148,新竹市,東區,新竹市東區力行三路六、八號,2611,積體電路製造業,5451.60,49.90,18499.60,4054.55,64902.67,22736.16,22324.13,172546.36,310564.96,依法申報,是,10018,10018010
105,47109348,華夏玻璃股份有限公司,0001,O1703315,新竹市,香山區,新竹市香山區埔前里埔前路49號,2312,玻璃容器製造業,85569.16,131.70,131.48,0.84,0.00,0.00,0.00,28353.34,114186.52,依法申報,是,10018,10018030
105,46007218,大享容器工業股份有限公司,0001,J5700231,新竹縣,新埔鎮,新竹縣新埔鎮文山里文山路犁頭山段1118號,2312,玻璃容器製造業,79599.26,101.22,146.14,0.00,0.00,0.00,0.00,19416.42,99263.03,依法申報,是,10004,10004030
105,42010509,羅東鋼鐵廠股份有限公司煉鋼廠,0001,G32A0540,宜蘭縣,蘇澳鎮,宜蘭縣蘇澳鎮德興一路57號,2411,鋼鐵冶鍊業,29068.34,22.53,4.26,2.30,0.00,0.00,0.00,93594.63,122692.06,依法申報,是,10002,10002030
105,35412204,華新麗華股份有限公司鹽水廠,0001,R8500582,臺南市,鹽水區,臺南市鹽水區汫水里溪州寮3-10號A棟,2411,鋼鐵冶鍊業,114025.74,165.69,67.50,12.66,0.00,0.00,0.00,178052.26,292323.84,依法申報,是,67000,67000020
105,40601248,幸福水泥股份有限公司東澳廠,0002,G4100017,宜蘭縣,南澳鄉,宜蘭縣南澳鄉蘇花路三段101號,2331,水泥製造業,645969.09,150.71,1292.34,2.73,0.00,0.00,0.00,46759.32,694174.19,依法申報,是,10002,10002120
105,39054405,李長榮化學工業股份有限公司高雄廠,0005,E5600305,高雄市,小港區,高雄市小港區中林路3號,1990,其他化學製品製造業,27327.05,5.83,3.43,46.11,0.00,0.00,0.00,80108.35,107490.77,依法申報,是,64000,64000110
105,38033305,臺硝股份有限公司桃園廠,0001,H4601290,桃園市,蘆竹區,桃園市蘆竹區坑口里3鄰大坑街25號,1990,其他化學製品製造業,33830.85,29.66,160.29,3.55,0.00,0.00,0.00,22698.12,56722.47,依法申報,是,68000,68000050
105,35082604,中興紡織廠股份有限公司楊梅化纖廠,0001,H4500743,桃園市,楊梅區,桃園市楊梅區桃園市楊梅區中山南路567號,1841,合成樹脂及塑膠製造業,68175.69,166.52,228.98,3.00,0.00,13.68,0.00,85903.68,154491.55,依法申報,是,68000,68000040
105,34557673,錦紅實業股份有限公司,0000,F0701319,新北市,樹林區,新北市樹林區武林街一五號,1140,印染整理業,27456.85,23.33,130.91,2.58,0.00,0.00,0.00,3961.79,31575.46,依法申報,是,65000,65000070
105,34263157,三洋窯業股份有限公司,0000,F0801707,新北市,鶯歌區,新北市鶯歌區八德路16號,2399,未分類其他非金屬礦物製品製造業,28551.19,41.44,37.13,7.26,0.00,0.00,0.00,8980.09,37617.11,依法申報,是,65000,65000080
105,34258318,白馬窯業股份有限公司楊梅廠,0001,H4500850,桃園市,楊梅區,桃園市楊梅區新榮里電研路5號,2322,黏土建築材料製造業,57660.40,57.40,22.59,5.07,0.00,0.00,0.00,14120.49,71865.95,依法申報,是,68000,68000040
105,34202841,榮成紙業股份有限公司,0001,N1400562,彰化縣,二林鎮,彰化縣二林鎮廣興里廣興巷1-1號,1513,紙板製造業,397440.70,149.56,1759.39,59.45,0.00,0.00,0.00,7494.45,406903.55,依法申報,是,10007,10007200
105,33955322,力鵬企業股份有限公司楊梅廠,0002,H4500458,桃園市,楊梅區,桃園市楊梅區新榮路339號,1140,印染整理業,63003.74,108.66,280.42,2.13,0.00,0.00,0.00,21560.98,84955.93,依法申報,是,68000,68000040
105,33955322,力鵬企業股份有限公司彰化尼龍總廠,0001,N2904318,彰化縣,芳苑鄉,彰化縣芳苑鄉芳苑工業區工業路33號,1850,人造纖維製造業,30240.49,85.96,139.94,0.82,0.00,0.00,0.00,153244.43,183711.63,依法申報,是,10007,10007230
105,33663649,協昌染整股份有限公司,0001,F0701346,新北市,樹林區,新北市樹林區西圳街一段45號,1140,印染整理業,15455.91,22.11,72.65,1.64,0.00,0.00,0.00,3253.53,18805.84,依法申報,是,65000,65000070
105,33085508,正隆股份有限公司大園廠,0003,H4700645,桃園市,大園區,桃園市大園區大工路116號,1512,紙張製造業,214221.57,55637.62,820.30,9.08,0.00,0.00,0.00,145593.28,416281.86,依法申報,是,68000,68000060
105,33085508,正隆股份有限公司后里分公司,0002,L9200693,臺中市,后里區,臺中市后里區三豐路三段2號、星科路101號,1512,紙張製造業,895116.65,8006.90,4064.81,50.33,0.00,0.00,0.00,17508.88,924747.58,依法申報,是,66000,66000150
105,33085508,正隆股份有限公司竹北廠,0001,J5500366,新竹縣,竹北市,新竹縣竹北市長青路二段300號,1591,家庭及衛生用紙製造業,66760.91,708.16,299.55,50.42,0.00,0.00,0.00,59130.49,126949.54,依法申報,是,10004,10004010
105,30974253,臺灣石化合成股份有限公司林園廠,0001,S1900694,高雄市,林園區,高雄市林園區工業二路1號,1990,其他化學製品製造業,18103.64,211.15,20.77,1.77,0.00,0.00,0.00,99188.77,117526.09,依法申報,是,64000,64000130
105,30414175,中國鋼鐵股份有限公司第三冷軋廠,0002,E56A4792,高雄市,小港區,高雄市小港區店鎮里嘉興街2號,2413,鋼鐵軋延及擠型業,53452.25,23.82,28.40,0.00,0.00,0.00,0.00,116327.32,169831.79,依法申報,是,64000,64000110
105,30414175,中國鋼鐵股份有限公司,0001,E5600841,高雄市,小港區,高雄市小港區中鋼路1號,2411,鋼鐵冶鍊業,20886783.27,6063.59,90691.68,5942.48,0.00,4.56,0.00,1178324.77,22167810.35,依法申報,是,64000,64000110
105,28518076,臺灣美光記憶體股份有限公司,0001,L9202099,臺中市,后里區,臺中市后里區三豐路四段369號、九甲路500號,2611,積體電路製造業,24841.59,155.89,23881.93,3108.10,24038.60,2893.32,2941.21,344999.56,426860.19,依法申報,是,66000,66000150
105,28112667,鉅晶電子股份有限公司,0001,O1753306,新竹市,東區,新竹市東區力行一路18號,2611,積體電路製造業,3909.06,48.17,607.47,1766.50,15003.48,3395.13,674.61,93449.52,118853.94,依法申報,是,10018,10018010
105,28112646,新唐科技股份有限公司,0001,O17A0968,新竹市,東區,新竹市東區研新三路4號,2611,積體電路製造業,594.75,117.07,778.32,8719.32,15731.22,8002.80,451.33,40830.34,75225.15,依法申報,是,10018,10018010
105,28098406,易昇鋼鐵股份有限公司,0001,R14A1883,臺南市,永康區,臺南市永康區正南一街200號,2411,鋼鐵冶鍊業,52040.84,60.24,34.18,0.63,0.00,0.00,0.00,89958.78,142094.66,依法申報,是,67000,67000310
105,28042430,欣建工業股份有限公司,0001,S25A0144,高雄市,橋頭區,高雄市橋頭區芋寮里芋林路301號,2413,鋼鐵軋延及擠型業,20331.87,34.50,14.84,0.00,0.00,0.00,0.00,22009.15,42390.36,依法申報,是,64000,64000200
105,27945086,星元電力股份有限公司(星元天然氣發電廠),0001,N1505633,彰化縣,線西鄉,彰化縣線西鄉慶安南二路二號,3510,電力供應業,838926.49,467.49,446.49,16.70,0.00,0.00,0.00,4801.07,844658.24,依法申報,是,10007,10007040
105,27719048,永豐餘工業用紙股份有限公司成功廠,0006,L0000624,臺中市,烏日區,臺中市烏日區中山路三段546號,1511,紙漿製造業,99426.51,241.53,621.18,1.07,0.00,0.00,0.00,45581.18,145871.47,依法申報,是,66000,66000230
105,27719048,永豐餘工業用紙股份有限公司新屋廠,0001,H5200215,桃園市,新屋區,桃園市新屋區永安里永福路281、306號,1599,未分類其他紙製品製造業,323132.96,843.13,2056.23,2.09,0.00,0.00,0.00,43079.79,369114.19,依法申報,是,68000,68000110
105,27208480,尚承鋼鐵股份有限公司,0001,E56A2617,高雄市,小港區,高雄市小港區龍鳳里大業南路7號,2413,鋼鐵軋延及擠型業,95631.02,84.01,102.90,0.00,0.00,0.00,0.00,77750.12,173568.05,依法申報,是,64000,64000110
105,24548079,臺灣科慕股份有限公司觀音廠,0001,H53A6653,桃園市,觀音區,桃園市觀音區成功路二段566號,1810,基本化學材料製造業,136632.76,42.93,14.78,892.07,0.00,0.00,0.00,169878.37,307460.92,依法申報,是,68000,68000120
105,24001900,日皓造紙工業股份有限公司,0001,h5302063,桃園市,觀音區,桃園市觀音區樹林里國建三路五號,1511,紙漿製造業,36923.93,230.41,174.63,9.52,0.00,0.00,0.00,21565.63,58904.11,依法申報,是,68000,68000120
105,23528103,敦南科技股份有限公司基隆廠,0001,C1500291,基隆市,安樂區,基隆市安樂區武訓街28-1號,2699,未分類其他電子零組件製造業,18.56,30.69,22.83,161.88,542.92,7.30,0.00,12472.34,13256.50,依法申報,是,10017,10017060
105,23218395,燁聯鋼鐵股份有限公司,0001,S1601990,高雄市,岡山區,高雄市岡山區興隆街600號,2411,鋼鐵冶鍊業,279050.91,283.78,183.00,71.96,0.00,0.00,0.00,369080.26,648669.91,依法申報,是,64000,64000190
105,22956176,東展興業股份有限公司,0001,R0500400,臺南市,山上區,臺南市山上區北勢洲９８號,1810,基本化學材料製造業,5.29,3.52,0.18,0.00,0.00,0.00,0.00,1586.47,1595.46,依法申報,是,67000,67000220
105,22927617,展頌股份有限公司斗六廠,0001,P4602374,雲林縣,斗六市,雲林縣斗六市斗工十路156號,1850,人造纖維製造業,28378.93,20.41,99.29,196.48,0.00,0.00,0.00,21371.60,50066.72,依法申報,是,10009,10009010
105,22822748,聯成鋼鐵股份有限公司桃園廠,0001,H5200617,桃園市,新屋區,桃園市新屋區石磊里4鄰中華路996號,2411,鋼鐵冶鍊業,30745.94,17.24,8.76,5.03,0.00,0.00,0.00,62030.12,92807.09,依法申報,是,68000,68000110
105,22817999,宏遠興業股份有限公司,0001,R0500240,臺南市,山上區,臺南市山上區明和里256號,1140,印染整理業,80656.12,191.17,363.80,0.00,0.00,0.00,0.00,73024.85,154235.94,依法申報,是,67000,67000220
105,22663571,福隆玻璃纖維股份有限公司,0001,Q6901613,嘉義縣,民雄鄉,嘉義縣民雄鄉民雄工業區中華路89號,2399,未分類其他非金屬礦物製品製造業,25467.34,34.62,12.58,183.37,0.00,0.00,0.00,28072.76,53770.66,依法申報,是,10010,10010050
105,22662355,臺灣必成股份有限公司新港廠,0001,Q7100245,嘉義縣,新港鄉,嘉義縣新港鄉中洋村中洋工業區2之1號,2313,玻璃纖維製造業,87842.00,145.53,150.58,400.40,0.00,0.00,0.00,184843.17,273381.68,依法申報,是,10010,10010070
105,22404266,統懋半導體股份有限公司新市總廠,0001,R0300482,臺南市,新市區,臺南市新市區中山路76號,2699,未分類其他電子零組件製造業,4.69,20.13,0.12,0.00,0.00,225.72,0.00,5367.71,5618.38,依法申報,是,67000,67000200
105,22327037,永豐餘消費品實業股份有限公司楊梅廠,0002,H45A1887,桃園市,楊梅區,梅高路二段668巷70號,1591,家庭及衛生用紙製造業,27884.52,27.05,117.59,0.00,0.00,0.00,0.00,21281.67,49310.82,依法申報,是,68000,68000040
105,22327037,永豐餘消費品實業股份有限公司清水廠,0001,L8900676,臺中市,清水區,臺中市清水區海風里舊庄路258號,1591,家庭及衛生用紙製造業,42873.28,32.38,204.13,0.43,0.00,0.00,0.00,28147.03,71257.25,依法申報,是,66000,66000120
105,22318678,亞東石化股份有限公司,0001,H5300078,桃園市,觀音區,桃園市觀音區經建四路四七號,1820,石油化工原料製造業,158147.64,65.04,70.72,503.42,0.00,31.92,0.00,92901.29,251720.02,依法申報,是,68000,68000120
105,22267777,大統精密染整股份有限公司染整廠,0001,H4600551,桃園市,蘆竹區,桃園市蘆竹區榮安路9號,1140,印染整理業,29416.75,59.82,141.79,2.54,0.00,0.00,0.00,6837.01,36457.90,依法申報,是,68000,68000050
105,22099890,元太科技工業股份有限公司,0001,O1706049,新竹市,東區,"新竹市東區科學工業園區力行一路 3 號",2641,液晶面板及其組件製造業,78.36,23.14,2.95,0.00,0.00,2779.78,891.03,28528.95,32304.20,依法申報,是,10018,10018010
105,22099548,旺宏電子股份有限公司晶圓一廠,0010,O1704787,新竹市,東區,新竹市東區研新三路3號,2611,積體電路製造業,595.17,0.27,1167.83,2433.12,34168.64,12334.80,595.12,36621.76,87916.71,依法申報,是,10018,10018010
105,22099548,旺宏電子股份有限公司晶圓五廠,0005,O17A6887,新竹市,東區,新竹市東區力行路19號,2611,積體電路製造業,1860.24,57.98,3536.99,7691.14,20711.62,3128.16,18431.52,107608.10,163025.76,依法申報,是,10018,10018010
105,22099548,旺宏電子股份有限公司晶圓二廠,0003,O1706307,新竹市,東區,新竹市新竹市力行路16號,2611,積體電路製造業,1803.37,0.87,1843.28,7975.81,11321.82,5387.64,8453.80,89348.95,126135.53,依法申報,是,10018,10018010
105,22099218,華邦中科廠,0001,L9506056,臺中市,大雅區,臺中市大雅區科雅一路八號,2611,積體電路製造業,10993.66,54.34,12139.06,3718.57,18892.94,12783.96,5090.11,206301.69,269974.33,依法申報,是,66000,66000180
105,22099174,元隆電子股份有限公司,0001,O1700798,新竹市,東區,新竹市東區研發二路一四、一六、一八、二Ｏ號,2611,積體電路製造業,12.73,0.10,630.36,30535.81,14930.27,205.20,61.92,19870.76,66247.15,依法申報,是,10018,10018010
105,22099131,臺灣積體電路製造股份有限公司先進封測三廠,0021,H50A6430,桃園市,龍潭區,桃園市龍潭區龍園六路101號,2613,半導體封裝及測試業,1914.30,0.88,0.77,0.00,1070.81,0.00,0.00,147828.17,150814.93,依法申報,是,68000,68000090
105,22099131,臺灣積體電路製造股份有限公司十四B廠七期,0020,D9001396,臺南市,善化區,臺南市善化區三抱竹路1號,2611,積體電路製造業,5520.93,21.23,12536.09,638.77,3702.74,143.64,6571.39,236294.78,265429.58,依法申報,是,67000,67000190
105,22099131,臺灣積體電路製造股份有限公司十四B廠,0014,D9000746,臺南市,善化區,臺南市善化區南科九路17號,2611,積體電路製造業,18719.84,105.42,52457.83,2890.16,20412.58,1247.16,20104.55,732258.36,848195.90,依法申報,是,67000,67000190
105,22099131,臺灣積體電路製造股份有限公司十二廠六期,0013,J63A1591,新竹縣,寶山鄉,新竹縣寶山鄉園區二路166號,2611,積體電路製造業,7491.69,35.71,11887.28,547.17,4179.52,177.84,9871.98,295718.86,329910.05,依法申報,是,10004,10004100
105,22099131,臺灣積體電路製造股份有限公司15廠,0012,L95A2041,臺中市,大雅區,臺中市大雅區科雅六路一號,2611,積體電路製造業,15834.06,110.72,114909.60,4931.45,31504.80,2482.92,40181.03,786282.39,996236.98,依法申報,是,66000,66000180
105,22099131,臺灣積體電路製造股份有限公司先進封裝廠,0011,R90A1360,臺南市,善化區,臺南市善化區南關里環西路二段三號,2613,半導體封裝及測試業,1157.90,31.59,620.59,191.38,516.92,98.50,1108.27,36383.74,40108.87,依法申報,是,67000,67000190
105,22099131,臺灣積體電路製造股份有限公司十四廠,0010,R9001677,臺南市,善化區,臺南市善化區科學工業園區南科北路1-1號,2611,積體電路製造業,16599.92,183.92,121857.21,30064.35,78340.24,5452.01,44499.27,818229.27,1115226.18,依法申報,是,67000,67000190
105,22099131,臺灣積體電路製造股份有限公司十二廠四期/五期,0009,J63A1056,新竹縣,寶山鄉,新竹縣寶山鄉科學工業園區園區二路168號,2611,積體電路製造業,7460.16,105.25,21856.21,502.61,5285.82,184.68,9307.09,363047.73,407749.55,依法申報,是,10004,10004100
105,22099131,臺灣積體電路製造股份有限公司十二廠研新廠,0008,J63A0107,新竹縣,寶山鄉,新竹科學工業園區新竹縣寶山鄉研新二路六號,2611,積體電路製造業,2670.27,3.75,38829.82,5683.96,28476.92,500.99,10322.42,144188.39,230676.51,依法申報,是,10004,10004100
105,22099131,臺灣積體電路製造股份有限公司十二廠,0007,O1709308,新竹市,東區,新竹市東區力行六路八號,2611,積體電路製造業,3471.69,157.08,24561.61,9785.07,57005.91,9055.12,7983.78,287921.58,399941.85,依法申報,是,10018,10018010
105,22099131,臺灣積體電路製造股份有限公司八廠,0006,O1713311,新竹市,東區,新竹市東區力行路25號,2611,積體電路製造業,4984.70,88.71,25926.95,12347.83,57449.23,4436.42,35452.13,183912.96,324598.94,依法申報,是,10018,10018010
105,22099131,臺灣積體電路製造股份有限公司六廠,0005,R9004230,臺南市,善化區,臺南市善化區南部科學工業園區南科北路一號,2611,積體電路製造業,2093.56,96.69,52465.55,9200.32,76637.27,5407.75,38557.85,205466.38,389925.36,依法申報,是,67000,67000190
105,22099131,臺灣積體電路製造股份有限公司五廠,0004,J6301447,新竹縣,寶山鄉,新竹縣寶山鄉新竹科學工業園區園區三路121號,2611,積體電路製造業,3971.12,2.50,18380.61,7341.09,38533.29,2636.59,24671.71,99804.01,195340.92,依法申報,是,10004,10004100
105,22099131,臺灣積體電路製造股份有限公司三廠3E廠,0003,J6300324,新竹縣,寶山鄉,新竹縣寶山鄉研新二路6號,2611,積體電路製造業,1760.55,31.27,195.28,544.30,7214.69,10666.30,4086.09,67917.21,92415.68,依法申報,是,10004,10004100
105,22099131,臺灣積體電路製造股份有限公司三廠,0002,J6301107,新竹縣,寶山鄉,新竹縣寶山鄉研新一路9號,2611,積體電路製造業,2222.08,61.38,26705.15,14221.67,79699.33,27096.87,39855.75,180382.23,370244.47,依法申報,是,10004,10004100
105,22099131,臺灣積體電路製造股份有限公司二廠,0001,J6300557,新竹縣,寶山鄉,新竹縣寶山鄉新竹科學園區園區三路121號,2611,積體電路製造業,1561.75,1.91,1175.34,2408.41,23807.16,17035.43,4207.06,74274.39,124471.45,依法申報,是,10004,10004100
105,22099110,臺灣茂矽電子股份有限公司,0001,O1704812,新竹市,東區,新竹科學工業園區新竹市研新一路一號,2611,積體電路製造業,56.02,52.05,1078.49,0.35,111251.47,2462.40,0.00,51060.68,165961.46,依法申報,是,10018,10018010
105,20939460,立安東化工股份有限公司三義廠,0001,k8000366,苗栗縣,三義鄉,苗栗縣三義鄉鯉魚潭村鯉魚口99號,1810,基本化學材料製造業,70009.85,43.44,262.54,18.37,0.00,0.00,0.00,17120.06,87454.25,依法申報,是,10005,10005130
105,20844865,臺灣苯乙烯工業股份有限公司高雄廠,0001,S1900658,高雄市,林園區,高雄市林園區工業一路7號,1820,石油化工原料製造業,360062.30,118.36,1221.68,23.32,0.00,0.00,0.00,42971.89,404397.55,依法申報,是,64000,64000130
105,19084015,臺灣氯乙烯工業股份有限公司林園廠,0001,S1900372,高雄市,林園區,高雄市林園區工業一路1號,1820,石油化工原料製造業,103326.80,3234.78,74.32,4.75,0.00,0.00,0.00,197571.92,304212.57,依法申報,是,64000,64000130
105,18770509,東隆興業股份有限公司,0001,H4202813,桃園市,桃園區,桃園市桃園區西埔里富國路859號,1140,印染整理業,25676.68,29.07,119.44,4.67,0.00,0.00,0.00,18757.56,44587.41,依法申報,是,68000,68000010
105,16834268,富喬工業股份有限公司雲林分公司,0002,P48A0851,雲林縣,虎尾鎮,雲林縣虎尾鎮墾地里科虎二路8號,2313,玻璃纖維製造業,38291.03,2230.51,17.40,0.42,0.00,0.00,0.00,47585.10,88124.46,依法申報,是,10009,10009030
105,16834268,富喬工業股份有限公司,0001,P4602758,雲林縣,斗六市,雲林縣斗六市榴南里斗工16路8號,2399,未分類其他非金屬礦物製品製造業,53798.28,1350.09,79.66,1.88,0.00,0.00,0.00,65502.39,120732.29,依法申報,是,10009,10009010
105,16741846,精材科技股份有限公司中壢廠,0003,H4313348,桃園市,中壢區,桃園市中壢區吉林路23號9樓,2699,未分類其他電子零組件製造業,58.23,90.46,0.36,302.02,24467.87,59907.00,20.64,27471.92,112318.49,依法申報,是,68000,68000020
105,16741846,精材科技股份有限公司中壢二廠,0002,H43A2855,桃園市,中壢區,桃園市中壢區自強二路1號、桃園市中壢區中壢工業區自強一路6號,2699,未分類其他電子零組件製造業,60.21,39.59,0.00,1896.97,19579.51,26126.52,548.68,17242.01,65493.50,依法申報,是,68000,68000020
105,16741846,精材科技股份有限公司中壢三廠,0001,H43C0794,桃園市,中壢區,桃園市中壢區中壢工業區中園路188號,2699,未分類其他電子零組件製造業,385.24,25.93,0.03,27.66,119.58,583.68,344.00,10408.60,11894.72,依法申報,是,68000,68000020
105,16635562,豐年豐和企業股份有限公司上崙一廠,0001,R1002547,臺南市,仁德區,臺南市仁德區上崙里崑崙路201號,0840,食用油脂製造業,31910.01,14397.18,73.81,0.21,0.00,0.00,0.00,10746.70,57127.91,依法申報,是,67000,67000270
105,16596337,新桃電力股份有限公司,0001,J5601064,新竹縣,關西鎮,新竹縣關西鎮臺電新村66號,3510,電力供應業,951614.28,426.26,505.83,0.57,0.00,91.20,0.00,5383.10,958021.24,依法申報,是,10004,10004040
105,16450500,瀚宇彩晶南科觸控感應器廠,0002,D0301680,臺南市,新市區,臺南市新市區環西路一段8號,2641,液晶面板及其組件製造業,16.16,7.37,0.09,0.00,0.00,0.00,0.00,51171.64,51195.26,依法申報,是,67000,67000200
105,16450500,瀚宇彩晶南科TFT-LCD三廠,0001,R0305156,臺南市,新市區,臺南市新市區南科二路35號,2641,液晶面板及其組件製造業,5341.79,200.07,2.47,217.50,0.00,80684.64,1890.80,204649.97,292987.25,依法申報,是,67000,67000200
105,16432742,凌巨科技有限公司八德廠,0002,H49A2429,桃園市,八德區,桃園市八德區和平路1127號,2641,液晶面板及其組件製造業,10156.54,109.42,96.49,2.57,16670.51,157958.92,618.04,92644.11,278256.61,依法申報,是,68000,68000080
105,16138282,合晶科技股份有限公司園區分公司,0002,H50A1985,桃園市,龍潭區,桃園市龍潭區龍園一路100號,2611,積體電路製造業,44.80,42.50,1207.32,42.44,2307.35,0.00,0.00,28577.85,32222.26,依法申報,是,68000,68000090
105,16130423,宏捷科技股份有限公司南科大利廠,0001,R0301603,臺南市,新市區,臺南市新市區大利一路6號,2611,積體電路製造業,82.43,54.63,0.33,205.99,7023.44,0.00,0.00,10278.79,17645.60,依法申報,是,67000,67000200
105,16096852,和平電力股份有限公司和平火力發電廠,0001,U0100258,花蓮縣,秀林鄉,花蓮縣秀林鄉和平村和工二路七號,3510,電力供應業,7955230.77,42079.97,37453.33,169.18,0.00,0.00,0.00,1456.87,8036390.12,依法申報,是,10015,10015110
105,16083358,中華凸版電子股份有限公司,0001,H4903093,桃園市,八德區,桃園市八德區和平路1127之3號,2611,積體電路製造業,47.91,28.70,1.37,9.58,3072.59,0.00,0.00,20795.03,23955.18,依法申報,是,68000,68000080
105,16007423,泰利實業股份有限公司五股廠,0001,F1507182,新北市,五股區,新北市五股區凌雲路2段16號,1140,印染整理業,29818.76,27.61,132.64,0.00,0.00,0.00,0.00,6203.05,36182.06,依法申報,是,65000,65000150
105,15395706,義芳化學工業股份有限公司桃園廠,0001,H4601227,桃園市,蘆竹區,桃園市蘆竹區海湖里海湖東路377號,1810,基本化學材料製造業,393583.33,130.76,1855.38,956.40,0.00,0.00,0.00,42100.48,438626.36,依法申報,是,68000,68000050
105,14057995,東聯化學股份有限公司高雄林園廠,0001,S1900578,高雄市,林園區,高雄市林園區工業三路三號,1820,石油化工原料製造業,45260.13,29.88,10.70,2711.14,0.00,0.00,0.00,292417.16,340429.01,依法申報,是,64000,64000130
105,14040691,中美和石油化學股份有限公司臺中廠,0002,L9101748,臺中市,梧棲區,臺中市梧棲區南堤路二段89號,1820,石油化工原料製造業,172143.15,1353.94,29.65,36.89,0.00,72.96,0.00,32605.99,206242.59,依法申報,是,66000,66000140
105,14001199,福懋興業股份有限公司第二廠,0002,P4601984,雲林縣,斗六市,雲林縣斗六市榴中里河南街三一九號,1159,其他紡織品製造業,25837.50,81.89,60.61,988.44,0.00,205.20,0.00,71850.24,99023.88,依法申報,是,10009,10009010
105,14001199,福懋興業股份有限公司,0001,P4600987,雲林縣,斗六市,雲林縣斗六市榴中里石榴路三一七號,1140,印染整理業,319659.45,2827.40,1437.13,697.58,0.00,0.00,0.00,34142.10,358763.66,依法申報,是,10009,10009010
105,12800750,敦南科技股份有限公司新竹分公司廠,0001,o1745831,新竹市,東區,新竹市東區工業東七路七號,2611,積體電路製造業,23.28,35.60,1199.15,10.41,44107.96,2626.56,295.57,22592.96,70891.49,依法申報,是,10018,10018010
105,12800225,群創光電股份有限公司樹谷分公司,0015,R03A0450,臺南市,新市區,臺南市新市區豐華村8鄰紫楝路21號,2641,液晶面板及其組件製造業,5183.28,59.43,2.83,3182.61,0.00,23236.44,3851.55,415424.75,450940.89,依法申報,是,67000,67000200
105,12800225,群創光電股份有限公司觸控模組廠,0014,D9001225,臺南市,善化區,臺南市善化區南科八路12號A棟3F、4FA區，B棟3FA區,2649,其他光電材料及元件製造業,26.29,54.48,0.00,0.00,0.00,0.00,0.00,15059.78,15140.54,依法申報,是,67000,67000190
105,12800225,群創光電股份有限公司觸控南科廠,0012,R90A1716,臺南市,善化區,臺南市善化區南科八路12號(B棟2F),2641,液晶面板及其組件製造業,178.18,3.23,0.12,0.00,0.00,0.00,0.00,26706.93,26888.46,依法申報,是,67000,67000190
105,12800225,群創光電股份有限公司C廠,0011,R90A1469,臺南市,善化區,"臺南市善化區南科八路12號(不包含A棟1F A區B區、4F及B棟)",2641,液晶面板及其組件製造業,76.56,44.15,0.03,0.00,0.00,0.00,0.00,18673.98,18794.71,依法申報,是,67000,67000190
105,12800225,群創光電股份有限公司F廠,0010,S29A1607,高雄市,路竹區,南科高雄園區高雄市路竹區路科十路11號,2641,液晶面板及其組件製造業,1965.40,91.94,1.13,212.79,0.00,14061.06,3290.00,249130.33,268752.65,依法申報,是,64000,64000240
105,12800225,群創光電股份有限公司D廠,0009,R03A1913,臺南市,新市區,臺南科學工業園區臺南市新市區環西路一段3號,2641,液晶面板及其組件製造業,5997.40,312.91,2.95,906.48,0.00,40698.48,13310.21,701286.90,762515.34,依法申報,是,67000,67000200
105,69771636,威致鋼鐵工業股份有限公司,0001,R9701341,臺南市,官田區,臺南市官田區南廓村南廓123號,2411,鋼鐵冶鍊業,93926.08,50.38,93.24,10.66,0.00,0.00,0.00,183743.28,277823.64,依法申報,是,67000,67000100
105,68919301,臺南紡織股份有限公司仁德廠,0002,R1001719,臺南市,仁德區,臺南市仁德區中正路二段八六二巷四五號,1113,人造纖維加工絲業,41845.49,712.06,56.17,4.40,0.00,0.00,0.00,50617.68,93235.80,依法申報,是,67000,67000270
105,68387705,奇美實業股份有限公司旭美廠,0002,R10A3047,臺南市,仁德區,開發四路36號,1841,合成樹脂及塑膠製造業,156118.31,193.19,276.34,98.96,0.00,0.00,0.00,23044.69,179731.48,依法申報,是,67000,67000270
105,68387705,奇美實業股份有限公司(仁德廠),0001,R1002065,臺南市,仁德區,臺南市仁德區三甲里59~1號A棟、59~4號,1841,合成樹脂及塑膠製造業,167547.69,411.86,383.17,2012.76,0.00,0.00,0.00,319029.56,489385.05,依法申報,是,67000,67000270
105,59504506,正新橡膠工業股份有限公司,0000,N2100552,彰化縣,大村鄉,彰化縣大村鄉美港路215號,2109,其他橡膠製品製造業,36666.68,429.57,48.81,27.41,0.00,0.00,0.00,47170.72,84343.19,依法申報,是,10007,10007130
105,58650902,臺灣化學纖維股份有限公司彰化廠,0011,N0702450,彰化縣,彰化市,彰化縣彰化市彰化市中庄里中山路3段359號、臺化莊352號,1850,人造纖維製造業,1086607.19,336.07,5124.86,1226.19,0.00,0.00,0.00,9635.42,1102929.72,依法申報,是,10007,10007010
105,58650902,臺灣化學纖維股份有限公司龍德廠,0010,G3700791,宜蘭縣,冬山鄉,宜蘭縣冬山鄉大興村龍祥十路二號,1820,石油化工原料製造業,1386055.28,409.80,6249.69,811.79,0.00,0.00,0.00,3047.04,1396573.59,依法申報,是,10002,10002080
105,58650902,臺灣化學纖維股份有限公司麥寮廠,0006,P5801773,雲林縣,麥寮鄉,雲林縣麥寮鄉中興村臺塑工業園區5號及3之1號,1810,基本化學材料製造業,526775.69,334.79,471.85,19376.55,0.00,43.32,0.00,1176980.75,1723982.96,依法申報,是,10009,10009130
105,58650902,臺灣化學纖維股份有限公司海豐廠,0005,P5802092,雲林縣,麥寮鄉,雲林縣麥寮鄉中興村臺塑工業園區23號,1810,基本化學材料製造業,1351152.33,189.27,57.19,1911.39,0.00,79.80,0.00,2143242.86,3496632.85,依法申報,是,10009,10009130
105,58650902,臺灣化學纖維股份有限公司新港廠,0003,Q7100254,嘉義縣,新港鄉,嘉義縣新港鄉中洋村中洋工業區一號,1850,人造纖維製造業,2533869.77,897.34,11755.68,1464.59,0.00,0.00,0.00,9579.05,2557566.43,依法申報,是,10010,10010070
105,57104700,英全化學工業股份有限公司全興廠,0001,N1602191,彰化縣,伸港鄉,彰化縣伸港鄉興工路33號,1842,合成橡膠製造業,21026.79,33.81,64.31,2.90,0.00,0.00,0.00,6913.94,28041.75,依法申報,是,10007,10007050
105,57002416,大鐘印染股份有限公司中壢廠,0001,H4301839,桃園市,中壢區,桃園市中壢區新生路三段741號,1140,印染整理業,7000.76,132.50,15.88,5.43,0.00,0.00,0.00,53884.75,61039.32,依法申報,是,68000,68000020
105,56121907,味丹企業股份有限公司沙鹿第一工廠,0003,L9000666,臺中市,沙鹿區,臺中市沙鹿區興安路63號,0896,調味品製造業,176360.08,73.14,715.56,0.00,0.00,6.84,0.00,46979.53,224135.15,依法申報,是,66000,66000130
105,55695790,建順煉鋼股份有限公司,0001,K7000513,苗栗縣,通霄鎮,苗栗縣通霄鎮五北里68-4號,2411,鋼鐵冶鍊業,42710.57,45.67,37.43,314.89,0.00,0.00,0.00,128259.71,171368.26,依法申報,是,10005,10005030
105,55389357,豐興鋼鐵股份有限公司,0001,L9200728,臺中市,后里區,臺中市后里區甲后路一段998號,2411,鋼鐵冶鍊業,290884.07,193.23,309.98,114.33,0.00,0.00,0.00,484045.82,775547.43,依法申報,是,66000,66000150
105,54393468,美商蘋果電子股份有限公司臺灣分公司,0001,H50A6777,桃園市,龍潭區,桃園市龍潭區龍園十路55號,2649,其他光電材料及元件製造業,308.56,13.01,1190.69,37.42,49.28,60.60,16.52,16275.43,17951.50,依法申報,是,68000,68000090
105,53520959,錦州科技股份有限公司大發廠,0001,E2000554,高雄市,大寮區,高雄市大寮區過溪里華西路8-6號,3530,蒸汽供應業,586818.04,5933.63,2770.15,0.00,0.00,0.00,0.00,9229.09,604750.91,依法申報,是,64000,64000140
105,53170263,聯穎光電股份有限公司竹科廠,0001,J63A1719,新竹縣,寶山鄉,新竹縣寶山鄉創新一路10號2樓,2611,積體電路製造業,330.50,20.67,2277.17,2503.54,10215.62,3898.80,743.04,39110.57,59099.90,依法申報,是,10004,10004100
105,53121117,利芃國際股份有限公司觀音,0001,H53A2255,桃園市,觀音區,桃園市觀音區國瑞路16號,1990,其他化學製品製造業,47531.23,78.85,109.75,5.13,0.00,0.00,0.00,19872.51,67597.47,依法申報,是,68000,68000120
105,53116310,恆顥科技股份有限公司湖口廠,0001,J59A5361,新竹縣,湖口鄉,新竹縣湖口鄉新竹工業區文化路2-1號,2641,液晶面板及其組件製造業,349.76,34.27,0.21,53.55,0.00,0.00,0.00,13500.65,13938.44,依法申報,是,10004,10004050
105,50301500,廣源造紙股份有限公司臺中廠,0001,L8801052,臺中市,大甲區,"臺中市大甲區日南里工一路1,2號、工三路15號及工五路5,7  號",1513,紙板製造業,64353.36,1036.49,1808.26,1.29,0.00,0.00,0.00,46535.25,113734.65,依法申報,是,66000,66000110
105,49701774,冠軍建材股份有限公司第二廠,0000,K8201149,苗栗縣,造橋鄉,苗栗縣造橋鄉豐湖村1鄰乳姑山2號,2329,其他陶瓷製品製造業,52604.73,153.07,42.29,7.04,0.00,0.00,0.00,26509.67,79316.80,依法申報,是,10005,10005150
105,47299902,漢磊科技股份有限公司研發廠,0004,J6300299,新竹縣,寶山鄉,新竹縣寶山鄉新竹科學園區創新一路18號,2611,積體電路製造業,406.09,8.85,573.95,869.04,16306.33,1641.60,458.13,24825.76,45089.74,依法申報,是,10004,10004100
105,47299902,漢磊科技股份有限公司研新廠(元件二廠),0003,O1701115,新竹市,東區,新竹市科學工業園區研新二路5號,2611,積體電路製造業,323.14,4.94,692.67,869.04,3633.06,820.80,295.57,9143.15,15782.36,依法申報,是,10018,10018010
105,47299902,漢磊科技股份有限公司創新廠,0002,J6300146,新竹縣,寶山鄉,新竹縣寶山鄉新竹科學工業園區創新一路3號,2611,積體電路製造業,58.81,3.66,0.03,347.61,1659.13,164.16,0.00,7623.59,9856.99,依法申報,是,10004,10004100
105,7435515,新光合成纖維股份有限公司中壢廠,0002,H5100952,桃園市,平鎮區,桃園市平鎮區廣仁里延平路三段二二三號,1113,人造纖維加工絲業,129540.08,284.85,311.20,1177.45,0.00,0.00,0.00,183885.92,315199.51,依法申報,是,68000,68000100
105,7407200,富順纖維工業股份有限公司觀音廠,0001,H5301548,桃園市,觀音區,桃園市觀音區白玉里中興路200號,1140,印染整理業,30553.78,158.36,145.16,3.11,0.00,0.00,0.00,7965.89,38826.29,依法申報,是,68000,68000120
105,7066907,中國人造纖維股份有限公司高雄總廠,0001,S2300401,高雄市,大社區,高雄市大社區經建路八號,1810,基本化學材料製造業,433376.40,188.34,1808.77,4021.90,0.00,0.00,0.00,31643.45,471038.86,依法申報,是,64000,64000160
105,7014916,大同染整股份有限公司桃園廠,0001,H4600579,桃園市,蘆竹區,桃園市蘆竹區南崁里圳佳路27號,1140,印染整理業,32573.93,32.82,155.02,0.35,0.00,0.00,0.00,9151.49,41913.61,依法申報,是,68000,68000050
105,4748660,聯成化學科技股份有限公司林園廠,0001,S1900612,高雄市,林園區,高雄市林園區溪州里工業2路3號,1820,石油化工原料製造業,67419.61,25.58,11.77,1.29,0.00,0.00,0.00,17102.13,84560.38,依法申報,是,64000,64000130
105,4388145,臺灣康寧顯示玻璃股份有限公司,0003,B2311535,臺中市,西屯區,臺中市西屯區科園路1號,2311,平板玻璃及其製品製造業,38969.29,186.43,17.34,1144.00,0.00,0.00,0.00,323179.22,363496.28,依法申報,是,66000,66000060
105,4382114,中國合成橡膠股份有限公司碳煙廠,0001,S1900569,高雄市,林園區,高雄市林園區石化四路1號,1700,石油及煤製品製造業,257143.60,11.64,8.67,3.55,0.00,0.00,0.00,32991.19,290158.66,依法申報,是,64000,64000130
105,4380087,合眾紙業股份有限公司林內廠,0001,P5500191,雲林縣,林內鄉,雲林縣林內鄉林中村瑞農六五號,1512,紙張製造業,34548.56,54.44,153.41,1.87,0.00,0.00,0.00,29103.04,63861.31,依法申報,是,10009,10009100
105,4312878,和益化學工業股份有限公司,0001,s1900283,高雄市,林園區,高雄市林園區石化三路9號,1810,基本化學材料製造業,60974.29,35.05,22.11,34.96,0.00,0.00,0.00,24707.23,85773.64,依法申報,是,64000,64000130
105,4212250,國喬石油化學股份有限公司,0001,S2300429,高雄市,大社區,高雄市大社區興工路4號,1700,石油及煤製品製造業,624779.49,1027.43,2710.19,125.08,0.00,0.00,0.00,2336.72,630978.91,依法申報,是,64000,64000160
105,3795904,臺灣電力股份有限公司塔山發電廠麒麟分廠,0544,W0803559,金門縣,烈嶼鄉,東林麒麟山麒麟電廠,3510,電力供應業,12110.25,12.26,29.26,0.00,0.00,0.00,0.00,0.00,12151.78,依法申報,是,09020,09020050
105,3795904,臺灣電力股份有限公司塔山發電廠夏興分廠,0543,W0404930,金門縣,金湖鎮,正義里夏興1號,3510,電力供應業,23049.19,23.34,55.64,0.00,0.00,0.00,0.00,0.00,23128.16,依法申報,是,09020,09020030
105,3795904,臺灣電力股份有限公司塔山發電廠,0391,W0504775,金門縣,金城鎮,金水里西海路一段2號,3510,電力供應業,174024.03,178.91,403.64,5.53,0.00,0.00,0.00,143.26,174755.36,依法申報,是,09020,09020010
105,3795904,臺灣電力股份有限公司尖山發電廠,0390,X0501232,澎湖縣,湖西鄉,尖山村29之2號,3510,電力供應業,264092.62,276.64,605.36,0.78,0.00,456.00,0.00,250.27,265681.67,依法申報,是,10016,10016020
105,3795904,臺灣電力股份有限公司大潭發電廠,0380,H5307960,桃園市,觀音區,桃園市觀音區大潭里電廠路1號,3510,電力供應業,9692027.50,4326.02,5151.08,664.36,0.00,8821.32,0.00,1909.90,9712900.17,依法申報,是,68000,68000120
105,3795904,臺灣電力股份有限公司臺中發電廠,0371,L0200473,臺中市,龍井區,麗水里龍昌路1號,3510,電力供應業,38228504.34,134442.95,179906.53,216.78,0.00,1290.48,0.00,18483.37,38562844.46,依法申報,是,66000,66000250
105,3795904,臺灣電力股份有限公司通霄發電廠,0370,K7000764,苗栗縣,通霄鎮,苗栗縣通霄鎮海濱路1之31號,3510,電力供應業,4620163.87,2127.50,2456.65,38.54,0.00,8465.64,0.00,3716.29,4636968.50,依法申報,是,10005,10005030
105,3795904,臺灣電力股份有限公司協和發電廠,0360,C1400170,基隆市,中山區,文化路80號,3510,電力供應業,6330848.55,6214.26,14632.90,99.03,0.00,0.00,0.00,7603.49,6359398.23,依法申報,是,10017,10017050
105,3795904,臺灣電力股份有限公司第二核能發電廠,0351,F2800075,新北市,萬里區,野柳里八斗路60號,3510,電力供應業,41167.82,218.77,103.76,1541.77,0.00,2970.84,0.00,6822.84,52825.79,依法申報,是,65000,65000280
105,3795904,臺灣電力股份有限公司第一核能發電廠,0350,F2200084,新北市,石門區,新北市石門區乾華里小坑12號,3510,電力供應業,20160.07,155.01,54.30,1475.20,0.00,355.68,0.00,49698.91,71899.17,依法申報,是,65000,65000220
105,3795904,臺灣電力股份有限公司興達發電廠,0341,S3200688,高雄市,永安區,高雄市永安區鹽田里興達路6號,3510,電力供應業,20801186.92,54012.75,74721.44,15.75,0.00,5232.60,0.00,6634.48,20941803.94,依法申報,是,64000,64000270
105,3795904,臺灣電力股份有限公司大林發電廠,0340,E5600896,高雄市,小港區,高雄市小港區鳳森里大林路3號,3510,電力供應業,3493976.42,1942.45,2985.48,42.61,0.00,0.00,0.00,2366.67,3501313.64,依法申報,是,64000,64000110
105,3795904,臺灣電力股份有限公司南部發電廠,0330,E5400878,高雄市,前鎮區,成功二路5號,3510,電力供應業,3120990.56,1431.91,1658.10,105.40,0.00,1105.80,0.00,3392.07,3128683.85,依法申報,是,64000,64000090
105,3795904,臺灣電力股份有限公司林口發電廠,0320,F1700736,新北市,林口區,下福里139之1號,3510,電力供應業,3336397.23,11101.22,15599.41,0.00,0.00,13.68,0.00,25442.19,3388553.74,依法申報,是,65000,65000170
105,3795904,臺灣電力股份有限公司珠山發電廠,0125,Z6303328,連江縣,南竿鄉,連江縣南竿鄉清水村99之9號,3510,電力供應業,33003.04,38.60,76.71,9.06,0.00,0.00,0.00,0.00,33127.41,依法申報,是,09007,09007010
105,3794905,臺灣糖業股份公司小港廠,0001,E5600869,高雄市,小港區,高雄市小港區小港路133號,0893,製糖業,97758.26,136.84,231.04,2.43,0.00,0.00,0.00,4632.06,102760.63,依法申報,是,64000,64000110
105,3707901,臺灣中油股份有限公司石化事業部林園石化廠,0005,S1900710,高雄市,林園區,高雄市林園區石化二路3號,1820,石油化工原料製造業,2230509.74,1084.66,874.87,152.28,0.00,0.00,0.00,98233.12,2330854.67,依法申報,是,64000,64000130
105,3707901,臺灣中油股份有限公司煉製事業部桃園煉油廠,0004,H4803507,桃園市,龜山區,桃園市龜山區南上里民生北路一段50號,1700,石油及煤製品製造業,1275602.26,1493.65,733.47,71.07,0.00,0.00,0.00,195229.13,1473129.56,依法申報,是,68000,68000070
105,3707901,臺灣中油股份有限公司煉製事業部大林煉油廠,0003,E5600056,高雄市,小港區,高雄市小港區沿海四路50號,1700,石油及煤製品製造業,2983017.85,510.80,837.11,2342.38,0.00,0.00,0.00,546238.40,3532946.54,依法申報,是,64000,64000110
105,3707901,臺灣中油股份有限公司煉製事業部高雄煉油廠,0002,E4900333,高雄市,楠梓區,高雄市楠梓區左楠路2號,1700,石油及煤製品製造業,439.82,140.51,11.23,329.55,0.00,0.00,0.00,40152.85,41073.96,依法申報,是,64000,64000040
105,3553737,臺橡股份有限公司高雄廠,0001,S2300438,高雄市,大社區,高雄市大社區三奶里興工路二號,1842,合成橡膠製造業,89877.84,76.43,58.20,1372.80,0.00,0.00,0.00,63804.20,155189.47,依法申報,是,64000,64000160
105,3543210,臺榮產業股份有限公司雲林廠,0001,P4801322,雲林縣,虎尾鎮,雲林縣虎尾鎮惠來里惠來112號,0863,澱粉及其製品製造業,28264.47,6098.18,65.95,30.28,0.00,0.00,0.00,15919.51,50378.38,依法申報,是,10009,10009030
105,3522600,遠東新世紀股份有限公司化學纖維總廠,0005,J5700222,新竹縣,新埔鎮,新竹縣新埔鎮文山路亞東段369及600號,1850,人造纖維製造業,213839.24,336.52,986.02,858.00,0.00,0.00,0.00,216045.29,432065.07,依法申報,是,10004,10004030
105,3522600,遠東新世紀股份有限公司觀音化纖廠,0003,H5300210,桃園市,觀音區,桃園市觀音區觀音工業區經建六路3號,1850,人造纖維製造業,136213.61,168.18,621.84,26.43,0.00,0.00,0.00,89572.27,226602.33,依法申報,是,68000,68000120
105,3279507,信大水泥股份有限公司南聖湖廠,0001,G3200849,宜蘭縣,蘇澳鎮,宜蘭縣蘇澳鎮聖湖里中山路二段二三五號,2331,水泥製造業,547558.05,75.85,993.71,0.00,0.00,0.00,0.00,44727.09,593354.70,依法申報,是,10002,10002030
105,3244509,亞洲水泥股份有限公司新竹製造廠,0002,J6000230,新竹縣,橫山鄉,新竹縣橫山鄉大肚村中豐路2段109號,2331,水泥製造業,44381.33,12.26,87.17,0.00,0.00,0.00,0.00,10903.85,55384.60,依法申報,是,10004,10004080
105,3244509,亞洲水泥股份有限公司花蓮製造廠,0001,U9400115,花蓮縣,新城鄉,花蓮縣新城鄉新城村新興路125號,2331,水泥製造業,3178874.14,354.63,5751.19,205.86,0.00,0.00,0.00,178729.54,3363915.37,依法申報,是,10015,10015040
105,3084741,中國石油化學工業開發股份有限公司大社廠,0003,S2300410,高雄市,大社區,高雄市大社區經建路1號,1820,石油化工原料製造業,155139.60,1939.97,26.64,23.88,0.00,0.00,0.00,26477.35,183607.44,依法申報,是,64000,64000160
105,3084741,中國石油化學工業開發股份有限公司頭份廠,0002,K7201001,苗栗縣,頭份市,苗栗縣頭份鎮中華路517號,1820,石油化工原料製造業,679989.03,1491.01,429788.18,0.72,0.00,0.00,0.00,1226.43,1112495.36,依法申報,是,10005,10005050
105,3084741,中國石油化學工業開發股份有限公司小港廠,0001,E5600850,高雄市,小港區,高雄市小港區中林路34號,1810,基本化學材料製造業,136950.10,71.32,310207.81,1.57,0.00,0.00,0.00,177342.49,624573.29,依法申報,是,64000,64000110
105,12800225,群創光電股份有限公司B廠,0008,R03A1894,臺南市,新市區,臺南科學工業園區臺南市新市區環西路2段2號,2641,液晶面板及其組件製造業,6012.62,112.94,187.98,1547.28,0.00,225760.49,3862.38,481092.24,718575.94,依法申報,是,67000,67000200
105,12800225,群創光電股份有限公司A廠,0007,R03A1903,臺南市,新市區,臺南市新市區奇業路1號,2641,液晶面板及其組件製造業,827.27,28.13,110.23,1043.90,0.00,33292.67,115.70,73606.33,109024.24,依法申報,是,67000,67000200
105,12800225,群創光電股份有限公司T2廠,0005,K71A1370,苗栗縣,竹南鎮,苗栗縣竹南鎮科學路168號,2641,液晶面板及其組件製造業,2861.51,112.19,1.46,0.00,0.00,13184.05,2241.61,224692.22,243093.04,依法申報,是,10005,10005040
105,12800225,群創光電股份有限公司T3廠,0004,K71A2695,苗栗縣,竹南鎮,苗栗縣竹南鎮科中路12號,2641,液晶面板及其組件製造業,2039.62,96.54,6392.96,0.00,50.41,14028.84,487.10,110037.10,133132.58,依法申報,是,10005,10005040
105,12800225,群創光電股份有限公司T1廠,0001,K7104025,苗栗縣,竹南鎮,苗栗縣竹南鎮科學路160號,2641,液晶面板及其組件製造業,3483.44,116.72,4.23,0.00,31.57,5322.91,722.15,137987.66,147668.68,依法申報,是,10005,10005040
105,12745455,源鋼企業股份有限公司,0000,E56A7340,高雄市,小港區,高雄市小港區大業南路54號,2413,鋼鐵軋延及擠型業,27632.15,39.92,64.04,0.63,0.00,0.00,0.00,12734.09,40470.82,依法申報,是,64000,64000110
105,12529007,環泰企業股份有限公司南崁廠,0001,H4602313,桃園市,蘆竹區,桃園市蘆竹區南青路1156巷75號,0893,製糖業,24196.86,5779.30,119.62,11.82,0.00,0.00,0.00,5064.75,35172.35,依法申報,是,68000,68000050
105,12233428,大連化學工業股份有限公司大發廠,0003,S2005652,高雄市,大寮區,高雄市大寮區過溪里華西路8-1號,1810,基本化學材料製造業,74068.82,41.90,18.18,2444.50,0.00,0.00,0.00,531889.59,608462.99,依法申報,是,64000,64000140
105,12233428,大連化學工業股份有限公司高雄廠,0002,S2300465,高雄市,大社區,高雄市大社區興工路1-3號,1810,基本化學材料製造業,28664.00,23.86,10.61,2631.20,0.00,0.00,0.00,71391.36,102721.03,依法申報,是,64000,64000160
105,12233428,大連化學工業股份有限公司麥寮廠,0001,P5802387,雲林縣,麥寮鄉,雲林縣麥寮鄉中興村臺塑工業園區二五號,1810,基本化學材料製造業,144449.83,54.84,54.95,171.60,0.00,0.00,0.00,703397.71,848128.94,依法申報,是,10009,10009130
105,11914002,臺灣玻璃工業股份有限公司鹿港平板廠,0006,N08A1098,彰化縣,鹿港鎮,彰化縣鹿港鎮鹿工路十一號,2311,平板玻璃及其製品製造業,133898.94,110.53,232.23,12.11,0.00,0.00,0.00,17977.42,152231.23,依法申報,是,10007,10007020
105,11914002,臺灣玻璃工業股份有限公司臺中廠,0004,L9100198,臺中市,梧棲區,臺中市梧棲區自強路377號,2311,平板玻璃及其製品製造業,95018.17,120.88,172.36,2.66,0.00,0.00,0.00,19924.77,115238.84,依法申報,是,66000,66000140
105,11914002,臺灣玻璃工業股份有限公司新竹廠,0003,O1703351,新竹市,香山區,新竹市香山區中華路四段470號,2312,玻璃容器製造業,111245.29,210.63,192.78,82.87,0.00,0.00,0.00,52851.11,164582.68,依法申報,是,10018,10018030
105,11914002,臺灣玻璃工業股份有限公司鹿港廠,0002,N0803765,彰化縣,鹿港鎮,彰化縣鹿港鎮鹿工路11號,2313,玻璃纖維製造業,44957.51,155.76,60.79,1156.57,0.00,0.00,0.00,77105.47,123436.10,依法申報,是,10007,10007020
105,11914002,臺灣玻璃工業股份有限公司桃園廠,0001,H5300916,桃園市,觀音區,桃園市觀音區樹林村經建五路1號,2313,玻璃纖維製造業,58860.08,89.78,86.06,2082.49,0.00,0.00,0.00,57361.09,118479.50,依法申報,是,68000,68000120
105,11913502,臺灣水泥股份有限公司蘇澳廠,0003,G3200778,宜蘭縣,蘇澳鎮,宜蘭縣蘇澳鎮永昌路46號,2331,水泥製造業,846382.38,147.30,2344.13,10.44,0.00,0.00,0.00,92841.88,941726.13,依法申報,是,10002,10002030
105,11913502,臺灣水泥股份有限公司花蓮廠,0002,U9100978,花蓮縣,花蓮市,花蓮縣花蓮市民孝里華東103號,2331,水泥製造業,25490.13,12.71,50.99,0.00,0.00,0.00,0.00,3625.98,29179.80,依法申報,是,10015,10015010
105,11913502,臺灣水泥股份有限公司和平分公司和平廠,0001,U0100187,花蓮縣,秀林鄉,花蓮縣秀林鄉和平村和平263號,2331,水泥製造業,2955940.10,328.74,5126.37,4.06,0.00,0.00,0.00,157300.35,3118699.63,依法申報,是,10015,10015110
105,11912102,臺灣紙業股份有限公司新營紙廠,0001,R8400416,臺南市,新營區,臺南市新營區南紙街94號,1511,紙漿製造業,45435.83,173.84,699.41,50.83,0.00,0.00,0.00,48510.15,94870.06,依法申報,是,67000,67000010
105,11384806,長春石油化學股份有限公司苗栗二廠,0004,K6801123,苗栗縣,苗栗市,苗栗縣苗栗市文聖里文山245號,1810,基本化學材料製造業,106469.77,14186.00,46.46,4157.21,0.00,0.00,0.00,904204.04,1029063.48,依法申報,是,10005,10005010
105,11384806,長春石油化學股份有限公司苗栗廠,0002,K6801089,苗栗縣,苗栗市,苗栗縣苗栗市福安里福星246、246-3號,1990,其他化學製品製造業,1173692.82,1207.77,5530.37,1049.49,0.00,0.00,0.00,44462.32,1225942.76,依法申報,是,10005,10005010
105,11384806,長春石油化學股份有限公司大發廠,0001,S2001314,高雄市,大寮區,高雄市大寮區建業路11號,3530,蒸汽供應業,581619.58,5401.89,2745.86,0.00,0.00,0.00,0.00,54100.88,643868.22,依法申報,是,64000,64000140
105,11384708,長春人造樹脂廠股份有限公司大發二廠,0005,S2015916,高雄市,大寮區,高雄市大寮區華西路6號,1820,石油化工原料製造業,76655.68,67.36,2.12,0.00,0.00,0.00,0.00,229003.22,305728.38,依法申報,是,64000,64000140
105,11384708,長春人造樹脂廠股份有限公司大發廠,0004,S2005081,高雄市,大寮區,高雄市大寮區華西路8號,1810,基本化學材料製造業,351679.54,3273.92,1616.05,348.89,0.00,0.00,0.00,145424.62,502343.02,依法申報,是,64000,64000140
105,11384708,長春人造樹脂廠股份有限公司高雄廠,0003,S2201092,高雄市,仁武區,高雄市仁武區工業一路14號,1841,合成樹脂及塑膠製造業,28861.72,827.94,19.28,4.79,0.00,0.00,0.00,79758.43,109472.16,依法申報,是,64000,64000170
105,11384708,長春人造樹脂廠股份有限公司新竹廠,0001,J5901658,新竹縣,湖口鄉,新竹縣湖口鄉鳳山村中華路8號,1841,合成樹脂及塑膠製造業,389289.19,242.79,1726.31,789.94,0.00,0.00,0.00,4707.96,396756.20,依法申報,是,10004,10004050
105,11085292,中華映管股份有限公司楊梅廠,0003,H4501231,桃園市,楊梅區,桃園市楊梅區行善路80號,2641,液晶面板及其組件製造業,1919.95,141.20,0.98,5.15,2.84,0.00,0.26,86719.44,88789.81,依法申報,是,68000,68000040
105,11085292,中華映管股份有限公司龍潭廠,0002,H5009450,桃園市,龍潭區,桃園市龍潭區三和里1鄰華映路1號,2641,液晶面板及其組件製造業,8510.09,14560.98,36296.49,2288.46,14622.05,229713.19,2776.59,308177.63,616945.46,依法申報,是,68000,68000090
105,11083148,東華合纖股份有限公司l新竹廠,0001,J5500526,新竹縣,竹北市,新竹縣竹北市泰和里125號,1850,人造纖維製造業,115428.87,49.71,545.55,0.00,0.00,0.00,0.00,4374.72,120398.85,依法申報,是,10004,10004010
105,7838854,中鴻鋼鐵股份有限公司熱軋廠,0001,S1602102,高雄市,岡山區,高雄市岡山區興隆街576號,2413,鋼鐵軋延及擠型業,165021.00,108.86,94.70,0.54,0.00,0.00,0.00,139168.47,304393.57,依法申報,是,64000,64000190
105,7663290,力麗企業股份有限公司彰化化纖總廠,0001,N2902234,彰化縣,芳苑鄉,彰化縣芳苑鄉後寮村工業路38號,1850,人造纖維製造業,137257.36,587.50,622.52,4.46,0.00,0.00,0.00,66445.15,204917.00,依法申報,是,10007,10007230
105,7568009,環球水泥股份有限公司海湖石膏板廠,0002,H4604488,桃園市,蘆竹區,桃園市蘆竹區海山中街18號,2393,石膏製品製造業,28181.59,36.25,67.97,1.42,0.00,0.00,0.00,6758.08,35045.31,依法申報,是,68000,68000050
105,7568009,環球水泥股份有限公司阿蓮廠,0001,S2800200,高雄市,阿蓮區,高雄市阿蓮區崗山里95之2號,2331,水泥製造業,161.50,3.14,2.65,0.00,0.00,0.00,0.00,9189.36,9356.65,依法申報,是,64000,64000230
105,7472834,新隆纖維染整股份有限公司桃園廠,0001,H4202215,桃園市,桃園區,桃園市桃園區春日路1733巷8號,1140,印染整理業,36330.24,44.41,172.45,1.81,0.00,0.00,0.00,9705.06,46253.97,依法申報,是,68000,68000010
104,75370905,南亞塑膠工業股份有限公司新港廠,9501,Q7100272,嘉義縣,新港鄉,嘉義縣新港鄉嘉義縣新港鄉中洋村中洋工業區2號,2201,塑膠皮、板、管材製造業,31061.73,229.26,20.65,1313.70,0.00,0.00,0.00,731680.50,764305.84,依法申報,是,10010,10010070
104,75370905,南亞塑膠工業股份有限公司樹林廠,9500,F0701702,新北市,樹林區,新北市樹林區味王街五五號,1841,合成樹脂及塑膠製造業,386680.71,172.00,1857.40,757.85,0.00,0.00,0.00,4120.93,393588.89,依法申報,是,65000,65000070
104,75370905,南亞塑膠工業股份有限公司嘉義廠,9400,Q7600375,嘉義縣,太保市,嘉義縣太保市嘉義縣太保市北港路二段201號,2201,塑膠皮、板、管材製造業,335442.42,153.36,1649.85,259.91,0.00,0.00,0.00,131.79,337637.32,依法申報,是,10010,10010010
104,75370905,南亞塑膠工業股份有限公司錦興廠,9221,H4601398,桃園市,蘆竹區,桃園市蘆竹區南崁路一段336號,2399,未分類其他非金屬礦物製品製造業,822362.11,202.31,4040.23,0.00,0.00,0.00,0.00,10254.86,836859.52,依法申報,是,68000,68000050
104,75370905,南亞塑膠工業股份有限公司林口二廠,9220,F1600491,新北市,泰山區,新北市泰山區南林路102號,1841,合成樹脂及塑膠製造業,294470.80,210.13,1388.80,61.72,0.00,0.00,0.00,33920.25,330051.70,依法申報,是,65000,65000160
104,75370905,南亞塑膠工業股份有限公司工三廠,5G00,H4801478,桃園市,龜山區,桃園市龜山區樂善里文明路6號,1113,人造纖維加工絲業,166413.53,241.75,400.18,0.00,0.00,0.00,0.00,290638.23,457693.69,依法申報,是,68000,68000070
104,96975970,麥寮汽電股份有限公司,11A0,P5801719,雲林縣,麥寮鄉,雲林縣麥寮鄉中興村臺塑工業園區7號,3510,電力供應業,12097577.32,2715.86,59262.33,0.65,0.00,2186.85,0.00,121.80,12161864.81,依法申報,是,10009,10009130
104,3795904,臺灣電力股份有限公司塔山發電廠夏興分廠,0543,W0404930,金門縣,金湖鎮,正義里夏興1號,3510,電力供應業,30792.44,26.19,77.35,0.00,0.00,0.00,0.00,0.00,30895.97,依法申報,是,09020,09020030
104,3795904,臺灣電力股份有限公司塔山發電廠,0391,W0504775,金門縣,金城鎮,金水里西海路一段2號,3510,電力供應業,160478.70,139.09,386.79,4.66,0.00,4.78,0.00,76.31,161090.33,依法申報,是,09020,09020010
104,3795904,臺灣電力股份有限公司尖山發電廠,0390,X0501232,澎湖縣,湖西鄉,澎湖縣湖西鄉尖山村29之2號,3510,電力供應業,248738.69,219.91,593.65,0.78,0.00,1195.00,0.00,247.21,250995.24,依法申報,是,10016,10016020
104,3795904,臺灣電力股份有限公司大潭發電廠,0380,H5307960,桃園縣,觀音鄉,大潭里6鄰電廠路1號,3510,電力供應業,9307401.48,3488.65,5143.55,5896.42,0.00,3267.13,0.00,1893.38,9327090.60,依法申報,是,68000,68000120
104,3795904,臺灣電力股份有限公司臺中發電廠,0371,L0200473,臺中市,龍井區,麗水里龍昌路1號,3510,電力供應業,38251108.16,114367.65,187343.14,194.41,0.00,17208.00,0.00,16880.30,38587101.67,依法申報,是,66000,66000250
104,3795904,臺灣電力股份有限公司通霄發電廠,0370,K7000764,苗栗縣,通霄鎮,苗栗縣通霄鎮海濱路1之31號,3510,電力供應業,4244690.84,1645.28,2348.99,37.66,0.00,11230.61,0.00,4918.35,4264871.74,依法申報,是,10005,10005030
104,3795904,臺灣電力股份有限公司協和發電廠,0360,C1400170,基隆市,中山區,文化路80號,3510,電力供應業,6520870.51,5372.51,15679.06,47.99,0.00,0.00,0.00,7115.21,6549085.28,依法申報,是,10017,10017050
104,3795904,臺灣電力股份有限公司興達發電廠,0341,S3200688,高雄市,永安區,高雄市永安區鹽田里興達路6號,3510,電力供應業,19544900.10,40943.42,74230.40,13.86,0.00,9184.77,0.00,9424.35,19678696.90,依法申報,是,64000,64000270
104,3795904,臺灣電力股份有限公司大林發電廠,0340,E5600896,高雄市,小港區,高雄市小港區鳳森里大林路3號,3510,電力供應業,4005887.27,1861.44,3522.69,5.46,0.00,0.00,0.00,1226.84,4012503.70,依法申報,是,64000,64000110
104,3795904,臺灣電力股份有限公司南部發電廠,0330,E5400878,高雄市,前鎮區,成功二路5號,3510,電力供應業,2676605.20,1014.02,1478.92,87.72,0.00,879.52,0.00,4012.10,2684077.48,依法申報,是,64000,64000090
104,3795904,臺灣電力股份有限公司林口發電廠,0320,F1700736,新北市,林口區,下福里139之1號,3510,電力供應業,37285.29,766.12,118.23,0.00,0.00,28.68,0.00,19230.28,57428.60,依法申報,是,65000,65000170
104,22099131,臺灣積體電路製造股份有限公司先進封測三廠,0021,H50A6430,桃園市,龍潭區,桃園市龍潭區龍園六路101號,2613,半導體封裝及測試業,764.74,57.00,0.00,0.00,13.47,0.00,0.00,21495.21,22330.42,依法申報,是,68000,68000090
104,12800225,群創光電股份有限公司樹谷分公司,0015,R03A0450,臺南市,新市區,臺南市新市區豐華村8鄰紫楝路21號,2641,液晶面板及其組件製造業,5301.74,46.91,2.60,1649.95,0.00,27261.99,2634.46,407067.24,443964.90,依法申報,是,67000,67000200
104,22099131,臺灣積體電路製造股份有限公司十四B廠,0014,D9000746,臺南市,善化區,臺南市善化區南科九路17號,2611,積體電路製造業,18019.49,162.42,51416.72,1667.59,13906.55,623.79,14620.52,708496.65,808913.73,依法申報,是,67000,67000190
104,12800225,群創光電股份有限公司觸控模組廠,0014,D9001225,臺南市,善化區,臺南市善化區南科八路12號(A棟3F、4FA區，B棟3FA區),2649,其他光電材料及元件製造業,14.49,55.02,0.00,0.00,0.00,0.00,0.00,11984.73,12054.24,依法申報,是,67000,67000190
104,22099131,臺灣積體電路製造股份有限公司十二廠六期,0013,J63A1591,新竹縣,寶山鄉,新竹縣寶山鄉園區二路166號,2611,積體電路製造業,7327.61,65.51,11737.96,397.56,2022.78,193.59,7165.43,305222.64,334133.08,依法申報,是,10004,10004100
104,12800225,群創光電股份有限公司觸控南科二廠,0013,D0300281,臺南市,新市區,"臺南市新市區環西路一段3號(TSOC 2F A區、B區、C區)",2641,液晶面板及其組件製造業,0.00,0.00,0.00,0.00,0.00,0.00,0.00,222.34,222.34,依法申報,是,67000,67000200
104,22099131,臺灣積體電路製造股份有限公司15廠,0012,L95A2041,臺中市,大雅區,臺中市大雅區科雅六路一號,2611,積體電路製造業,16445.66,91.10,84074.76,3030.14,25910.90,2151.00,28306.48,740321.83,900331.86,依法申報,是,66000,66000180
104,12800225,群創光電股份有限公司觸控南科廠,0012,R90A1716,臺南市,善化區,臺南市善化區南科八路12號(B棟2F),2641,液晶面板及其組件製造業,179.44,3.97,0.09,0.00,0.00,0.00,0.00,26467.11,26650.61,依法申報,是,67000,67000190
104,58650902,臺灣化學纖維股份有限公司彰化廠,0011,N0702450,彰化縣,彰化市,彰化縣彰化市彰化市中庄里中山路3段359號、臺化莊352號,1850,人造纖維製造業,965837.73,286.77,4721.02,1113.08,0.00,0.00,0.00,419.02,972377.62,依法申報,是,10007,10007010
104,12800225,群創光電股份有限公司C廠,0011,R90A1469,臺南市,善化區,"臺南市善化區南科八路12號(不包含A棟1F A區B區、4F及B棟)",2641,液晶面板及其組件製造業,82.70,36.34,0.03,0.00,0.00,0.00,0.00,26880.09,26999.17,依法申報,是,67000,67000190
104,58650902,臺灣化學纖維股份有限公司龍德廠,0010,G3700791,宜蘭縣,冬山鄉,宜蘭縣冬山鄉大興村龍祥十路二號,1820,石油化工原料製造業,1368555.89,338.98,6447.57,736.84,0.00,0.00,0.00,0.00,1376079.27,依法申報,是,10002,10002080
104,22099548,旺宏電子股份有限公司晶圓一廠,0010,O1704787,新竹市,東區,新竹市東區研新三路3號,2611,積體電路製造業,623.40,0.24,1276.61,2102.49,31816.03,11400.30,415.80,36962.45,84597.32,依法申報,是,10018,10018010
104,22099131,臺灣積體電路製造股份有限公司十四廠,0010,R9001677,臺南市,善化區,臺南市善化區南科北路1-1號,2611,積體電路製造業,13693.26,161.40,119633.68,10313.52,83141.36,7774.46,19833.29,791209.12,1045760.10,依法申報,是,67000,67000190
104,12800225,群創光電股份有限公司F廠,0010,S29A1607,高雄市,路竹區,南科高雄園區高雄市路竹區路科十路11號,2641,液晶面板及其組件製造業,1765.23,57.02,1.12,683.99,0.00,15953.90,2017.09,211506.86,231985.20,依法申報,是,64000,64000240
104,47217677,聯華電子股份有限公司Fab8S廠,0009,J63A0048,新竹縣,寶山鄉,新竹科學工業園區新竹縣研新一路16號,2611,積體電路製造業,1259.28,18.91,5367.50,3094.99,9714.06,5162.40,2155.16,69904.78,96677.07,依法申報,是,10004,10004100
104,22099131,臺灣積體電路製造股份有限公司十二廠四期/五期,0009,J63A1056,新竹縣,寶山鄉,新竹縣寶山鄉科學工業園區園區二路168號,2611,積體電路製造業,7295.21,111.00,20131.09,397.63,3570.07,215.10,9281.45,355908.85,396910.41,依法申報,是,10004,10004100
104,12800225,群創光電股份有限公司D廠,0009,R03A1913,臺南市,新市區,臺南科學工業園區臺南市新市區環西路一段3號,2641,液晶面板及其組件製造業,8469.33,272.83,3.22,728.89,0.00,57093.42,4134.43,676664.61,747366.73,依法申報,是,67000,67000200
104,84149738,友達光電股份有限公司后里廠,0008,L92A0931,臺中市,后里區,臺中市后里區馬場路1號,2641,液晶面板及其組件製造業,2843.51,117.96,5216.43,0.00,0.00,11579.55,1164.75,176020.17,196942.37,依法申報,是,66000,66000150
104,75708007,臺灣塑膠工業股份有限公司林園廠,0008,S1900685,高雄市,林園區,高雄市林園區石化一路1號,1810,基本化學材料製造業,782999.29,300.50,3404.92,623.28,0.00,143.40,0.00,81261.73,868733.12,依法申報,是,64000,64000130
104,47217677,聯華電子股份有限公司Fab8F廠,0008,O1708632,新竹市,東區,新竹市東區力行六路三號,2611,積體電路製造業,3632.68,23.24,4707.35,1664.75,16307.62,2667.24,433.92,86225.36,115662.16,依法申報,是,10018,10018010
104,22099131,臺灣積體電路製造股份有限公司十二廠研新廠,0008,J63A0107,新竹縣,寶山鄉,新竹科學工業園區新竹縣寶山鄉研新二路六號,2611,積體電路製造業,2287.27,1.26,47216.75,5966.85,35323.61,514.58,6930.87,140053.49,238294.68,依法申報,是,10004,10004100
104,12800225,群創光電股份有限公司B廠,0008,R03A1894,臺南市,新市區,臺南科學工業園區臺南市新市區環西路2段2號,2641,液晶面板及其組件製造業,6085.87,97.03,21.79,1689.15,0.00,193866.98,2340.72,485404.93,689506.48,依法申報,是,67000,67000200
104,84149738,友達光電股份有限公司桃園分公司,0007,H5002362,桃園市,龍潭區,桃園市龍潭區三和里新和路1號,2641,液晶面板及其組件製造業,5864.21,127.52,3780.85,0.00,0.00,70349.96,878.15,238089.30,319090.00,依法申報,是,68000,68000090
104,47217677,聯華電子股份有限公司Fab8E廠,0007,O1706692,新竹市,東區,新竹科學工業園區新竹市東區力行路17號,2611,積體電路製造業,2178.84,21.13,2729.58,6486.84,15359.47,12260.70,16780.18,82579.88,138396.62,依法申報,是,10018,10018010
104,22099131,臺灣積體電路製造股份有限公司十二廠,0007,O1709308,新竹市,東區,新竹市東區力行六路八號,2611,積體電路製造業,3149.58,80.98,25652.75,7495.83,52672.25,16305.68,8401.65,277812.20,391570.93,依法申報,是,10018,10018010
104,12800225,群創光電股份有限公司A廠,0007,R03A1903,臺南市,新市區,臺南市新市區奇業路1號,2641,液晶面板及其組件製造業,767.36,23.72,110.21,3042.00,0.00,24924.57,63.78,72336.47,101268.11,依法申報,是,67000,67000200
104,84149738,友達光電股份有限公司,0006,H4888493,桃園市,龜山區,桃園市龜山區文化里華亞二路189號,2649,其他光電材料及元件製造業,6997.20,38.55,3297.22,0.00,775.01,5646.38,403.14,296423.55,313581.03,依法申報,是,68000,68000070
104,58650902,臺灣化學纖維股份有限公司麥寮廠,0006,P5801773,雲林縣,麥寮鄉,雲林縣麥寮鄉中興村臺塑工業園區5號及3之1號,1810,基本化學材料製造業,523294.32,269.27,392.96,8597.80,0.00,45.41,0.00,1281195.06,1813794.82,依法申報,是,10009,10009130
104,47217677,聯華電子股份有限公司Fab8C廠,0006,O1706941,新竹市,東區,新竹市東區力行三路6號,2611,積體電路製造業,2881.65,20.23,4776.14,1782.31,34686.22,15702.30,6469.43,84350.42,150668.70,依法申報,是,10018,10018010
104,27719048,永豐餘工業紙股份有限公司成功廠,0006,L0000624,臺中市,烏日區,臺中市烏日區中山路3段546號,1511,紙漿製造業,92538.72,229.56,722.92,0.95,0.00,0.00,0.00,46577.20,140069.36,依法申報,是,66000,66000230
104,22100398,勝華科技股份有限公司幼獅二廠,0006,H45A2122,桃園市,楊梅區,桃園市楊梅區高上里高獅路566-1號及580號,2699,未分類其他電子零組件製造業,0.00,0.28,0.00,0.00,0.00,0.00,0.00,8305.75,8306.03,依法申報,是,68000,68000040
104,22099131,臺灣積體電路製造股份有限公司八廠,0006,O1713311,新竹市,東區,新竹市東區力行路25號,2611,積體電路製造業,4957.98,75.36,27540.03,9826.57,97381.57,6065.82,0.00,181877.35,327724.68,依法申報,是,10018,10018010
104,12800225,群創光電股份有限公司平鎮CF廠,0006,H51A4865,桃園市,平鎮區,桃園市平鎮區中興路平鎮段458號,2649,其他光電材料及元件製造業,0.00,7.70,0.00,0.00,0.00,0.00,0.00,16248.30,16256.00,依法申報,是,68000,68000100
104,11914002,臺灣玻璃工業股份有限公司鹿港平板廠,0006,N08A1098,彰化縣,鹿港鎮,彰化縣鹿港鎮鹿工路十一號,2311,平板玻璃及其製品製造業,138367.08,95.35,248.71,5.80,0.00,0.00,0.00,18526.56,157243.51,依法申報,是,10007,10007020
104,84149738,友達光電股份有限公司臺中廠,0005,B2313780,臺中市,西屯區,臺中市西屯區中部科學園區中科路1號,2641,液晶面板及其組件製造業,18866.58,395.97,22639.27,0.00,0.00,64052.48,6314.01,1056307.49,1168575.79,依法申報,是,66000,66000060
104,75708007,臺灣塑膠工業股份有限公司仁武廠,0005,S2201109,高雄市,仁武區,高雄市仁武區水管路一○○號,1810,基本化學材料製造業,2676027.15,843.81,12792.43,2209.29,0.00,255.73,686.88,22289.20,2715104.49,依法申報,是,64000,64000170
104,58650902,臺灣化學纖維股份有限公司海豐廠,0005,P5802092,雲林縣,麥寮鄉,雲林縣麥寮鄉中興村臺塑工業園區23號,1810,基本化學材料製造業,1337389.29,160.04,55.61,2778.10,0.00,81.26,0.00,2290203.31,3630667.61,依法申報,是,10009,10009130
104,47217677,聯華電子股份有限公司Fab8A廠,0005,O1706209,新竹市,東區,新竹市東區力行二路三、五號,2611,積體電路製造業,4263.70,35.54,17978.14,4752.32,30257.52,40653.56,4670.24,123229.50,225840.51,依法申報,是,10018,10018010
104,39054405,李長榮化學工業股份有限公司高雄廠,0005,E5600305,高雄市,小港區,高雄市小港區中林路3號,1990,其他化學製品製造業,27766.38,5.16,3.53,279.41,0.00,0.00,0.00,76263.74,104318.22,依法申報,是,64000,64000110
104,22099548,旺宏電子股份有限公司晶圓五廠,0005,O17A6887,新竹市,東區,新竹市東區力行路19號,2611,積體電路製造業,1754.75,51.16,4143.34,6285.65,19947.18,3276.69,36084.96,108632.18,180175.91,依法申報,是,10018,10018010
104,22099131,臺灣積體電路製造股份有限公司六廠,0005,R9004230,臺南市,善化區,臺南市善化區南部科學工業園區南科北路一號,2611,積體電路製造業,2395.16,86.98,47932.79,6338.08,58589.17,6141.27,24955.13,200556.67,346995.23,依法申報,是,67000,67000190
104,12800225,群創光電股份有限公司T2廠,0005,K71A1370,苗栗縣,竹南鎮,苗栗縣竹南鎮科學路168號,2641,液晶面板及其組件製造業,3139.50,83.81,50.13,0.00,1510.75,13008.02,1503.32,222675.14,241970.66,依法申報,是,10005,10005040
104,11384708,長春人造樹脂廠股份有限公司大發二廠,0005,S2015916,高雄市,大寮區,高雄市大寮區華西路6號,1820,石油化工原料製造業,70219.75,718.84,1.43,0.00,0.00,0.00,0.00,334041.36,404981.37,依法申報,是,64000,64000140
104,3707901,臺灣中油股份有限公司石化事業部林園石化廠,0005,S1900710,高雄市,林園區,高雄市林園區石化二路3號,1820,石油化工原料製造業,2320234.79,501.95,378.76,143.89,0.00,0.00,0.00,98772.01,2420031.40,依法申報,是,64000,64000130
104,3522600,遠東新世紀股份有限公司化學纖維總廠,0005,J5700222,新竹縣,新埔鎮,新竹縣新埔鎮文山路亞東段369及600號,1850,人造纖維製造業,217438.33,290.00,1007.13,0.00,0.00,0.00,0.00,209835.65,428571.11,依法申報,是,10004,10004030
104,84149738,友達光電,0004,H5008211,桃園市,龍潭區,桃園市龍潭區龍科街228號,2641,液晶面板及其組件製造業,8119.62,66.65,6431.94,576.42,0.00,12906.00,1441.75,336811.03,366353.41,依法申報,是,68000,68000090
104,75280209,東和鋼鐵企業股份有限公司桃園廠,0004,H53A0675,桃園市,觀音區,桃園市觀音區保障里8鄰草漯116號,2411,鋼鐵冶鍊業,60023.29,5.75,22.60,0.00,0.00,0.00,0.00,288452.28,348503.91,依法申報,是,68000,68000120
104,47299902,漢磊科技股份有限公司研發廠,0004,J6300299,新竹縣,寶山鄉,新竹縣寶山鄉新竹科學園區創新一路18號,2611,積體電路製造業,346.37,6.81,442.80,554.58,10237.05,1376.64,163.05,22554.05,35681.35,依法申報,是,10004,10004100
104,22099131,臺灣積體電路製造股份有限公司五廠,0004,J6301447,新竹縣,寶山鄉,新竹縣寶山鄉新竹科學工業園區園區三路121號,2611,積體電路製造業,4041.42,3.20,14672.64,4072.49,45680.72,3441.60,15627.79,98455.25,185995.11,依法申報,是,10004,10004100
104,12800225,群創光電股份有限公司T3廠,0004,K71A2695,苗栗縣,竹南鎮,苗栗縣竹南鎮科中路12號,2641,液晶面板及其組件製造業,6018.03,79.31,6231.16,0.00,21.06,14373.57,309.02,109260.20,136292.34,依法申報,是,10005,10005040
104,11914002,臺灣玻璃工業股份有限公司臺中廠,0004,L9100198,臺中市,梧棲區,臺中市梧棲區自強路377號,2311,平板玻璃及其製品製造業,95608.73,102.98,181.51,2.25,0.00,0.00,0.00,21167.94,117063.41,依法申報,是,66000,66000140
104,11384806,長春石油化學股份有限公司苗栗二廠,0004,K6801123,苗栗縣,苗栗市,苗栗縣苗栗市文聖里文山245號,1810,基本化學材料製造業,74458.47,12669.75,45.94,3199.73,0.00,0.00,0.00,834514.40,924888.29,依法申報,是,10005,10005010
104,11384708,長春人造樹脂廠股份有限公司大發廠,0004,S2005081,高雄市,大寮區,高雄市大寮區華西路8號,1810,基本化學材料製造業,305927.98,184.37,1459.26,63.14,0.00,0.00,0.00,197839.41,505474.16,依法申報,是,64000,64000140
104,3707901,臺灣中油股份有限公司煉製事業部桃園煉油廠,0004,H4803507,桃園市,龜山區,桃園市龜山區南上里民生北路一段50號,1700,石油及煤製品製造業,1406366.22,1427.85,1173.78,64.61,0.00,0.00,0.00,218220.66,1627253.12,依法申報,是,68000,68000070
104,86522210,臺塑石化股份有限公司麥寮三廠,0003,P5802430,雲林縣,麥寮鄉,雲林縣麥寮鄉臺塑工業園區17號,1990,其他化學製品製造業,7851857.48,1459.36,22874.75,22.97,0.00,91842.92,0.00,67488.60,8035546.07,依法申報,是,10009,10009130
104,85066002,中華紙漿股份有限公司臺東廠,0003,V7500777,臺東縣,臺東市,臺東縣臺東市中興路4段371號,1512,紙張製造業,114945.82,1147.37,774.57,0.00,0.00,0.00,0.00,49364.13,166231.88,依法申報,是,10014,10014010
104,84149738,友達光電股份有限公司L5廠,0003,O1707395,新竹市,東區,新竹市東區力行路23號,2641,液晶面板及其組件製造業,1315.77,21.97,239.79,0.00,449.28,17810.28,143.47,43828.65,63809.20,依法申報,是,10018,10018010
104,84149385,力晶科技股份有限公司P3,0003,O1747764,新竹市,東區,新竹市東區力行路16-1號,2611,積體電路製造業,4549.45,22.69,4614.29,236.17,2145.19,3205.73,10.85,119633.15,134417.52,依法申報,是,10018,10018010
104,84149358,世界先進積體電路股份有限公司晶圓三廠,0003,H46B0495,桃園市,蘆竹區,桃園市蘆竹區長興里14鄰長榮路168號,2611,積體電路製造業,80.83,33.52,3129.54,33973.42,3581.92,3957.84,2382.42,184974.29,232113.78,依法申報,是,68000,68000050
104,58650902,臺灣化學纖維股份有限公司新港廠,0003,Q7100254,嘉義縣,新港鄉,嘉義縣新港鄉中洋村中洋工業區一號,1850,人造纖維製造業,2641836.17,765.57,12778.17,1063.10,0.00,0.00,0.00,1262.78,2657705.77,依法申報,是,10010,10010070
104,56121907,味丹企業股份有限公司沙鹿第一工廠,0003,L9000666,臺中市,沙鹿區,臺中市沙鹿區興安路63號,0896,調味品製造業,197039.31,57.12,787.31,0.00,0.00,4.78,0.00,52513.28,250401.80,依法申報,是,66000,66000130
104,47299902,漢磊科技股份有限公司研新廠(元件二廠),0003,O1701115,新竹市,東區,新竹市科學工業園區研新二路5號,2611,積體電路製造業,305.88,4.65,644.74,415.94,2214.02,516.24,247.05,8453.51,12802.02,依法申報,是,10018,10018010
104,47217677,聯華電子股份有限公司Fab12A廠,0003,R0304131,臺南市,新市區,臺南市新市區南科二路18、20號,2611,積體電路製造業,21769.98,116.44,58607.39,3572.71,12355.38,3416.30,8414.05,434918.20,543170.47,依法申報,是,67000,67000200
104,33085508,正隆股份有限公司大園廠,0003,H4700645,桃園市,大園區,桃園市大園區北港里大工路116號,1512,紙張製造業,225682.55,41905.59,833.87,1.77,0.00,0.00,0.00,131318.25,399742.03,依法申報,是,68000,68000060
104,22100398,勝華科技股份有限公司幼獅廠,0003,H45A0938,桃園市,楊梅區,桃園市楊梅區高上里高獅路580號,2641,液晶面板及其組件製造業,0.00,3.14,0.00,0.00,0.00,0.00,0.00,8305.75,8308.90,依法申報,是,68000,68000040
104,22099548,旺宏電子股份有限公司晶圓二廠,0003,O1706307,新竹市,東區,新竹市新竹市力行路16號,2611,積體電路製造業,1805.65,0.73,2876.49,9520.04,14536.40,7968.26,6698.16,93129.79,136535.52,依法申報,是,10018,10018010
104,22099131,臺灣積體電路製造股份有限公司三廠3E廠,0003,J6300324,新竹縣,寶山鄉,新竹縣寶山鄉研新二路6號,2611,積體電路製造業,1876.49,23.63,178.96,277.29,8742.64,12151.90,2030.31,66866.46,92147.68,依法申報,是,10004,10004100
104,16741846,精材科技股份有限公司中壢廠,0003,H4313348,桃園市,中壢區,桃園市中壢區吉林路23號9樓,2699,未分類其他電子零組件製造業,41.24,61.74,0.25,316.19,22886.57,75502.49,3.24,27711.49,126523.21,依法申報,是,68000,68000020
104,12233428,大連化學工業股份有限公司大發廠,0003,S2005652,高雄市,大寮區,高雄市大寮區過溪里華西路8-1號,1810,基本化學材料製造業,68961.22,31.78,16.18,2137.82,0.00,0.00,0.00,574601.24,645748.23,依法申報,是,64000,64000140
104,11914002,臺灣玻璃工業股份有限公司新竹廠,0003,O1703351,新竹市,香山區,新竹市香山區中華路四段470號,2312,玻璃容器製造業,106586.27,171.54,193.78,45.38,0.00,0.00,0.00,49710.99,156707.96,依法申報,是,10018,10018030
104,11913502,臺灣水泥股份有限公司蘇澳廠,0003,G3200778,宜蘭縣,蘇澳鎮,宜蘭縣蘇澳鎮永昌路46號,2331,水泥製造業,1364565.48,130.45,2572.38,8.63,0.00,0.00,0.00,92823.23,1460100.17,依法申報,是,10002,10002030
104,11384708,長春人造樹脂廠股份有限公司高雄廠,0003,S2201092,高雄市,仁武區,高雄市仁武區工業一路14號,1841,合成樹脂及塑膠製造業,31224.60,597.20,20.99,4.17,0.00,0.00,0.00,76467.93,108314.89,依法申報,是,64000,64000170
104,11085292,中華映管股份有限公司楊梅廠,0003,H4501231,桃園市,楊梅區,桃園市楊梅區行善路80號,2641,液晶面板及其組件製造業,2470.17,823.91,1.15,0.00,9.31,0.00,0.16,92391.23,95695.93,依法申報,是,68000,68000040
104,4388145,臺灣康寧顯示玻璃股份有限公司,0003,B2311535,臺中市,西屯區,臺中市西屯區科園路1號,2399,未分類其他非金屬礦物製品製造業,37270.75,145.82,17.48,2106.13,0.00,0.00,0.00,303817.19,343357.37,依法申報,是,66000,66000060
104,3707901,臺灣中油股份有限公司煉製事業部大林煉油廠,0003,E5600056,高雄市,小港區,高雄市小港區沿海四路50號,1700,石油及煤製品製造業,2423951.21,850.52,21498.19,2110.15,0.00,0.00,0.00,514557.51,2962967.57,依法申報,是,64000,64000110
104,3522600,遠東新世紀股份有限公司觀音化纖廠,0003,H5300210,桃園市,觀音區,桃園市觀音區觀音工業區經建六路3號,1850,人造纖維製造業,123012.98,131.60,596.94,0.00,0.00,0.00,0.00,91417.18,215158.69,依法申報,是,68000,68000120
104,3084741,中國石油化學工業開發股份有限公司大社廠,0003,S2300410,高雄市,大社區,高雄市大社區經建路1號,1820,石油化工原料製造業,163760.32,2194.59,25.45,377.05,0.00,93.21,0.00,29654.89,196105.51,依法申報,是,64000,64000160
104,89390656,南亞科技股份有限公司三廠,0002,F1606662,新北市,泰山區,新北市泰山區南林路98號及115號,2611,積體電路製造業,6132.11,44.15,12986.95,3753.34,14177.87,453.48,6824.28,221559.14,265931.32,依法申報,是,65000,65000160
104,86522210,臺塑石化股份有限公司麥寮二廠,0002,P5801728,雲林縣,麥寮鄉,雲林縣麥寮鄉臺塑工業園區8、8-5號,1990,其他化學製品製造業,4938716.70,1056.14,19915.18,283.92,0.00,1144.81,0.00,234537.16,5195653.91,依法申報,是,10009,10009130
104,84149738,友達光電總部/友達光電股份有限公司L3B廠,0002,O1709193,新竹市,東區,新竹市東區力行二路1號,2641,液晶面板及其組件製造業,711.73,77.26,81.25,0.00,37.44,404.39,803.20,20457.89,22573.15,依法申報,是,10018,10018010
104,84149385,力晶科技股份有限公司P2,0002,O1748707,新竹市,東區,新竹市東區力行一路一二號,2611,積體電路製造業,3905.95,1.63,3005.39,648.36,3177.94,1751.04,1163.79,147080.63,160734.72,依法申報,是,10018,10018010
104,84149358,世界先進積體電路股份有限公司晶圓二廠,0002,O1751197,新竹市,東區,新竹市東區力行路九號,2611,積體電路製造業,2763.85,42.44,12046.04,2266.64,30303.67,717.28,590.58,131175.26,179905.76,依法申報,是,10018,10018010
104,80353271,華亞科技股份有限公司二廠,0002,H4888582,桃園市,龜山區,桃園市龜山區文化村華亞五路2、6號,2611,積體電路製造業,5245.53,3.37,14928.55,1716.10,8187.10,1676.67,756.13,425283.51,457796.95,依法申報,是,68000,68000070
104,75708007,臺灣塑膠工業股份有限公司麥寮廠,0002,P5801602,雲林縣,麥寮鄉,雲林縣麥寮鄉中興村臺塑工業園區一號,1990,其他化學製品製造業,586890.53,361.38,447.86,13069.98,0.00,2903.85,0.00,3978495.53,4582169.13,依法申報,是,10009,10009130
104,75470524,海光企業股份有限公司嘉興鋼鐵廠,0002,E5602952,高雄市,小港區,高雄市小港區嘉興街5號,2541,金屬鍛造業,27505.85,22.12,15.44,0.17,0.00,0.00,0.00,37085.88,64629.45,依法申報,是,64000,64000110
104,75370905,南亞塑膠工業股份有限公司麥寮廠,0002,P5801513,雲林縣,麥寮鄉,雲林縣麥寮鄉三盛村臺塑工業園區１號,1810,基本化學材料製造業,529584.97,303.02,299.62,1298.58,0.00,1080.28,0.00,956244.13,1488810.59,依法申報,是,10009,10009130
104,75280209,東和鋼鐵企業股份有限公司高雄廠,0002,E5600369,高雄市,小港區,高雄市小港區嘉興街八號,2413,鋼鐵軋延及擠型業,28375.73,32.75,42.90,4.66,0.00,0.00,0.00,14582.16,43038.20,依法申報,是,64000,64000110
104,70783006,華亞汽電股份有限公司觀音公用廠,0002,H53A2562,桃園市,觀音區,桃園市觀音區觀音工業區工業七路三號,3530,蒸汽供應業,216570.14,52.85,1064.94,0.00,0.00,0.00,0.00,1861.52,219549.45,依法申報,是,68000,68000120
104,70752257,穩懋半導體股份有限公司華亞二廠,0002,H4886999,桃園市,龜山區,桃園市龜山區文化里華亞二路358號與科技七路35號及35號2樓、3樓、4樓,2611,積體電路製造業,1292.42,80.65,234.83,0.00,29158.49,215.10,0.00,49391.21,80372.68,依法申報,是,68000,68000070
104,70584724,旭硝子顯示玻璃股份有限公司斗六二廠,0002,P46A0693,雲林縣,斗六市,雲林縣斗六市虎溪里科工八路八號,2311,平板玻璃及其製品製造業,82785.20,78.06,95.70,66.37,0.00,0.00,0.00,126407.42,209432.75,依法申報,是,10009,10009010
104,68919301,臺南紡織股份有限公司仁德廠,0002,R1001719,臺南市,仁德區,臺南市仁德區中正路二段八六二巷四五號,1113,人造纖維加工絲業,49686.90,716.96,112.53,0.00,0.00,0.00,0.00,50689.27,101205.65,依法申報,是,67000,67000270
104,68387705,奇美實業股份有限公司旭美廠,0002,R10A3047,臺南市,仁德區,臺南市仁德區保安里開發四路36號,1841,合成樹脂及塑膠製造業,137224.58,129.21,227.48,234.00,0.00,0.00,0.00,26605.35,164420.62,依法申報,是,67000,67000270
104,53121117,利芃國際股份有限公司觀音二廠,0002,H53A2245,桃園市,觀音區,桃園市觀音區工業七路17號,1990,其他化學製品製造業,19725.14,23.27,47.37,4.08,0.00,0.00,0.00,22574.42,42374.28,依法申報,是,68000,68000120
104,47299902,漢磊科技股份有限公司創新廠,0002,J6300146,新竹縣,寶山鄉,新竹科學工業園區創新一路3號1樓、2樓、6樓,2611,積體電路製造業,39.91,2.94,812.26,157.24,988.20,0.00,0.00,7109.77,9110.32,依法申報,是,10004,10004100
104,40601248,幸福水泥股份有限公司東澳廠,0002,G4100017,宜蘭縣,南澳鄉,宜蘭縣南澳鄉蘇花路三段101號,2331,水泥製造業,666221.08,124.10,1343.76,1.25,0.00,0.00,0.00,47885.67,715575.85,依法申報,是,10002,10002120
104,39054405,李長榮化學工業股份有限公司大社廠,0002,S23A0124,高雄市,大社區,高雄市大社區經建路２號,1841,合成樹脂及塑膠製造業,15851.46,9.05,4.12,116.87,0.00,0.00,0.00,51893.89,67875.40,依法申報,是,64000,64000160
104,33955322,力鵬企業股份有限公司楊梅廠,0002,H4500458,桃園市,楊梅區,桃園市楊梅區新榮路339號,1140,印染整理業,68141.74,93.86,311.02,1.79,0.00,0.00,0.00,19218.36,87766.77,依法申報,是,68000,68000040
104,33085508,正隆股份有限公司后里分公司,0002,L9200693,臺中市,后里區,臺中市后里區廣福里三豐路2號、星科路101號,1512,紙張製造業,867004.66,6361.64,3879.81,44.67,0.00,0.00,0.00,20782.29,898073.07,依法申報,是,66000,66000150
104,30414175,中國鋼鐵股份有限公司第三冷軋廠,0002,E56A4792,高雄市,小港區,高雄市小港區店鎮里嘉興街2號,2413,鋼鐵軋延及擠型業,53989.80,20.21,29.82,0.00,0.00,0.00,0.00,159046.14,213085.96,依法申報,是,64000,64000110
104,22327037,永豐餘消費品實業股份有限公司楊梅廠,0002,H45A1887,桃園市,楊梅區,梅高路二段668巷70號,1591,家庭及衛生用紙製造業,31912.42,20.61,139.44,0.00,0.00,0.00,0.00,23508.46,55580.93,依法申報,是,68000,68000040
104,22099131,臺灣積體電路製造股份有限公司三廠,0002,J6301107,新竹縣,寶山鄉,新竹縣寶山鄉研新一路9號,2611,積體電路製造業,2232.23,58.05,24444.12,11965.49,42228.38,29627.92,35701.89,177664.33,323922.40,依法申報,是,10004,10004100
104,16834268,富喬工業股份有限公司雲林分公司,0002,P48A0851,雲林縣,虎尾鎮,雲林縣虎尾鎮墾地里科虎二路8號,2313,玻璃纖維製造業,37775.70,2097.46,17.83,0.35,0.00,0.00,0.00,47981.87,87873.19,依法申報,是,10009,10009030
104,16741846,精材科技股份有限公司中壢二廠,0002,H43A2855,桃園市,中壢區,桃園市中壢區自強二路1號、桃園市中壢區中壢工業區自強一路6號,2699,未分類其他電子零組件製造業,59.35,27.15,0.00,1522.95,19687.01,30482.06,255.96,17215.55,69250.02,依法申報,是,68000,68000020
104,16450500,瀚宇彩晶南科觸控感應器廠,0002,D0301680,臺南市,新市區,臺南市新市區環西路一段8號,2641,液晶面板及其組件製造業,46.80,8.20,0.09,0.00,0.00,0.00,0.00,50397.68,50452.77,依法申報,是,67000,67000200
104,16432742,凌巨科技有限公司八德廠,0002,H49A2429,桃園市,八德區,桃園市八德區和平路1127號,2641,液晶面板及其組件製造業,404.27,37.45,0.22,0.00,1286.20,35309.86,0.00,29133.67,66171.66,依法申報,是,68000,68000080
104,16138282,合晶科技股份有限公司園區分公司,0002,H50A1985,桃園市,龍潭區,桃園市龍潭區龍園一路100號,2611,積體電路製造業,37.87,33.74,1034.69,2.37,893.75,0.00,0.00,25889.74,27892.15,依法申報,是,68000,68000090
104,14040691,中美和石油化學股份有限公司臺中廠,0002,L9101748,臺中市,梧棲區,臺中市梧棲區南堤路二段89號,1820,石油化工原料製造業,175840.15,560.69,245.86,33.54,0.00,76.48,0.00,35015.09,211771.81,依法申報,是,66000,66000140
104,14001199,福懋興業股份有限公司第二廠,0002,P4601984,雲林縣,斗六市,雲林縣斗六市榴中里河南街三一九號,1159,其他紡織品製造業,26849.38,72.04,65.57,898.10,0.00,0.00,0.00,78212.52,106097.60,依法申報,是,10009,10009010
104,12233428,大連化學工業股份有限公司高雄廠,0002,S2300465,高雄市,大社區,高雄市大社區興工路1-3號,1810,基本化學材料製造業,28950.02,19.99,11.38,355.27,0.00,0.00,0.00,62895.51,92232.16,依法申報,是,64000,64000160
104,11914002,臺灣玻璃工業股份有限公司鹿港廠,0002,N0803765,彰化縣,鹿港鎮,彰化縣鹿港鎮鹿工路11號,2313,玻璃纖維製造業,44508.89,108.26,61.60,1051.10,0.00,0.00,0.00,72909.52,118639.36,依法申報,是,10007,10007020
104,11913502,臺灣水泥股份有限公司花蓮廠,0002,U9100978,花蓮縣,花蓮市,花蓮縣花蓮市民孝里華東103號,2331,水泥製造業,1160503.29,110.55,2404.61,0.00,0.00,0.00,0.00,65225.32,1228243.77,依法申報,是,10015,10015010
104,11384806,長春石油化學股份有限公司苗栗廠,0002,K6801089,苗栗縣,苗栗市,苗栗縣苗栗市福安里福星246、246-3號,1990,其他化學製品製造業,1176747.69,870.72,5769.19,2849.79,0.00,0.00,0.00,31228.73,1217466.12,依法申報,是,10005,10005010
104,11085292,中華映管股份有限公司龍潭廠,0002,H5009450,桃園市,龍潭區,桃園市龍潭區三和里1鄰華映路1號,2641,液晶面板及其組件製造業,5743.55,11106.35,26548.40,714.33,8930.61,415456.33,1638.81,329049.60,799187.98,依法申報,是,68000,68000090
104,7568009,環球水泥股份有限公司海湖石膏板廠,0002,H4604488,桃園市,蘆竹區,桃園市蘆竹區海山中街18號,2393,石膏製品製造業,26925.00,29.41,67.30,1.26,0.00,0.00,0.00,6693.56,33716.53,依法申報,是,68000,68000050
104,7435515,新光合成纖維股份有限公司中壢廠,0002,H5100952,桃園市,平鎮區,桃園市平鎮區廣仁里延平路三段二二三號,1113,人造纖維加工絲業,128879.39,57.81,355.29,962.15,0.00,0.00,0.00,182860.02,313114.66,依法申報,是,68000,68000100
104,3707901,臺灣中油股份有限公司煉製事業部高雄煉油廠,0002,E4900333,高雄市,楠梓區,高雄市楠梓區左楠路2號,1700,石油及煤製品製造業,597023.95,846.25,242.73,295.92,0.00,0.00,0.00,110832.69,709241.55,依法申報,是,64000,64000040
104,3244509,亞洲水泥股份有限公司新竹製造廠,0002,J6000230,新竹縣,橫山鄉,新竹縣橫山鄉大肚村中豐路2段109號,2331,水泥製造業,285597.91,32.21,556.61,0.00,0.00,0.00,0.00,20028.01,306214.72,依法申報,是,10004,10004080
104,3084741,中國石油化學工業開發股份有限公司頭份廠,0002,K7201001,苗栗縣,頭份市,苗栗縣頭份市中華路517號,1820,石油化工原料製造業,630322.78,223.43,236108.90,0.65,0.00,0.00,0.00,2073.14,868728.89,依法申報,是,10005,10005050
104,97170472,全新光電科技股份有限公司平鎮廠,0001,h5103604,桃園市,平鎮區,桃園市平鎮區工業一路16號,2649,其他光電材料及元件製造業,2.57,12.92,0.00,36.40,0.00,16.73,0.00,9236.83,9305.45,依法申報,是,68000,68000100
104,96976990,嘉惠電力(股)有限公司,0001,Q6907286,嘉義縣,民雄鄉,嘉義縣民雄鄉松山村4鄰松子腳688號,3510,電力供應業,871429.92,330.46,481.90,0.00,0.00,1195.00,0.00,9472.60,882909.87,依法申報,是,10010,10010050
104,96971313,中鋼鋁業股份有限公司臨海廠,0001,E5600092,高雄市,小港區,高雄市小港區山明里東林路17號,2422,鋁鑄造業,65928.05,118.60,37.91,247.39,0.00,23.90,0.00,122260.32,188616.17,依法申報,是,64000,64000110
104,96933037,長生電力股份有限公司,0001,H4604568,桃園市,蘆竹區,桃園市蘆竹區濱海路一段199號,3510,電力供應業,1483317.02,560.88,819.86,0.61,0.00,162.52,0.00,5187.41,1490048.29,依法申報,是,68000,68000050
104,94025264,中華紙漿股份有限公司花蓮廠,0001,U9500478,花蓮縣,吉安鄉,花蓮縣吉安鄉光華村光華街100號,1511,紙漿製造業,106354.65,874.92,4338.17,0.00,0.00,0.00,0.00,95544.35,207112.09,依法申報,是,10015,10015050
104,89528054,臺灣鋼聯股份有限公司,0001,N1607141,彰化縣,伸港鄉,彰化縣伸港鄉彰濱工業區線工北一路36號,1810,基本化學材料製造業,118398.44,6.93,19.31,0.48,0.00,0.00,0.00,12561.71,130986.87,依法申報,是,10007,10007050
104,89397503,臺鹽實業股份有限公司通霄精鹽廠,0001,K7000504,苗栗縣,通霄鎮,苗栗縣通霄鎮內島村122號,0897,調理食品製造業,25587.63,42.96,13.55,5.31,0.00,0.00,0.00,1921.18,27570.63,依法申報,是,10005,10005030
104,86871981,潤泰精密材料股份有限公司宜蘭冬山廠,0001,G37A0585,宜蘭縣,冬山鄉,宜蘭縣冬山鄉安平村大安路三五七之一.三五七之二.三五七之三號,2331,水泥製造業,621456.38,71.56,1241.67,0.00,0.00,0.00,0.00,50442.74,673212.35,依法申報,是,10002,10002080
104,86685142,臺灣汽電共生股份有限公司官田廠,0001,R9702160,臺南市,官田區,臺南市官田區工業西路28號,3399,其他未分類製造業,363856.29,590.01,2418.81,0.00,0.00,0.00,0.00,4300.88,371165.99,依法申報,是,67000,67000100
104,86522210,臺塑石化股份有限公司麥寮一廠,0001,P5802421,雲林縣,麥寮鄉,雲林縣麥寮鄉臺塑工業園區7、15號,1810,基本化學材料製造業,16218936.99,10090.82,62209.22,486.20,0.00,4371.31,0.00,0.00,16296094.54,依法申報,是,10009,10009130
104,86120031,信昌化學工業股份有限公司林園廠,0001,S1901066,高雄市,林園區,高雄市林園區工業三路九號,1820,石油化工原料製造業,216840.46,117.18,307.24,0.52,0.00,0.00,0.00,167231.04,384496.44,依法申報,是,64000,64000130
104,85803825,高雄塑酯化學股份有限公司,0001,S2300447,高雄市,大社區,高雄市大社區興工路一號,1810,基本化學材料製造業,96559.48,62.51,157.67,0.00,0.00,2.39,0.00,22866.25,119648.29,依法申報,是,64000,64000160
104,85793919,龍慶鋼鐵企業股份有限公司,0001,E5600798,高雄市,小港區,高雄市小港區利昌街4號,2413,鋼鐵軋延及擠型業,39508.59,33.18,64.23,1.12,0.00,0.00,0.00,99439.72,139046.84,依法申報,是,64000,64000110
104,85066002,中華紙漿股份有限公司久堂廠,0001,S2100223,高雄市,大樹區,高雄市大樹區久堂里久堂路112號,1512,紙張製造業,434743.90,204.89,2160.58,20.96,0.00,4.78,0.00,13837.82,450972.93,依法申報,是,64000,64000150
104,84994452,俊行記實業股份有限公司,0001,H4800239,桃園市,龜山區,桃園市龜山區湖山街180巷110號,2322,黏土建築材料製造業,42589.80,21.43,163.68,2.34,0.00,0.00,0.00,4240.80,47018.05,依法申報,是,68000,68000070
104,84613756,中龍鋼鐵股份有限公司,0001,L0200633,臺中市,龍井區,臺中市龍井區龍昌路100號,2411,鋼鐵冶鍊業,9575906.06,334.08,747.26,784.07,0.00,0.00,0.00,147234.60,9725006.06,依法申報,是,66000,66000250
104,84570243,翔新企業股份有限公司,0001,H4204264,桃園市,桃園區,桃園市桃園區大林里興邦路43巷1號,1140,印染整理業,18691.60,16.16,91.76,0.61,0.00,0.00,0.00,4460.65,23260.77,依法申報,是,68000,68000010
104,84526079,大園汽電共生股份有限公司,0001,H4702336,桃園市,大園區,桃園市大園區北港里14鄰2-6號,3510,電力供應業,430450.45,102.76,2104.87,0.00,0.00,71.70,0.00,10568.38,443298.16,依法申報,是,68000,68000060
104,84149738,友達光電股份有限公司L3A廠,0001,O1708829,新竹市,東區,"新竹市東區力行六路5 號",2641,液晶面板及其組件製造業,297.81,7.01,0.25,0.00,0.00,258.12,20.41,18852.56,19436.15,依法申報,是,10018,10018010
104,84149385,力晶科技股份有限公司P1,0001,O1748716,新竹市,東區,新竹市新竹科學園區力行一路12號,2611,積體電路製造業,8453.05,106.64,2418.96,996.66,1338.53,3117.25,562.33,158074.08,175067.50,依法申報,是,10018,10018010
104,84149358,世界先進積體電路股份有限公司晶圓一廠,0001,J6300959,新竹縣,寶山鄉,新竹縣寶山鄉園區三路123號,2611,積體電路製造業,1280.03,85.05,8714.94,4883.69,66515.35,14040.91,1180.90,118853.32,215554.19,依法申報,是,10004,10004100
104,83387850,三芳化學工業股份有限公司,0001,S2201154,高雄市,仁武區,高雄市仁武區鳳仁路402號,1841,合成樹脂及塑膠製造業,19849.02,248.09,390.79,62.63,0.00,0.00,0.00,26960.31,47510.84,依法申報,是,64000,64000170
104,83078600,東南水泥股份有限公司,0001,E4900744,高雄市,楠梓區,高雄市楠梓區高楠公路屏山巷1號,2331,水泥製造業,492881.49,177.89,1060.91,0.78,0.00,0.00,0.00,45476.01,539597.09,依法申報,是,64000,64000040
104,80354671,慶欣欣鋼鐵股份有限公司,0001,N1601229,彰化縣,伸港鄉,彰化縣伸港鄉溪底村工西二路二號,2411,鋼鐵冶鍊業,116537.51,42.01,69.78,0.00,0.00,0.00,0.00,178454.71,295104.01,依法申報,是,10007,10007050
104,80353271,華亞科技股份有限公司ㄧ廠,0001,H4889454,桃園市,龜山區,桃園市龜山區復興三路667號,2611,積體電路製造業,9349.73,95.48,15462.09,6717.68,27784.88,1726.21,1893.14,511823.93,574853.14,依法申報,是,68000,68000070
104,79837539,盛餘股份有限公司,0001,E5600565,高雄市,小港區,高雄市小港區中林路11號,2544,金屬表面處理業,32274.45,27.72,23.03,51.19,0.00,0.00,0.00,68699.48,101075.87,依法申報,是,64000,64000110
104,79254702,協勝發鋼鐵廠股份有限公司,0001,E5600332,高雄市,小港區,高雄市小港區店鎮里光陽街七號,2411,鋼鐵冶鍊業,103751.60,62.93,102.24,2.07,0.00,0.00,0.00,199957.72,303876.55,依法申報,是,64000,64000110
104,75947936,燁輝企業股份有限公司高雄一廠,0001,S2500536,高雄市,橋頭區,高雄市橋頭區芋寮路369號,2544,金屬表面處理業,43473.26,80.52,31.31,8.93,0.00,0.00,0.00,76539.48,120133.51,依法申報,是,64000,64000200
104,75688109,漢泰鋼鐵股份有限公司,0001,E5601080,高雄市,小港區,高雄市小港區世全路4號,2499,未分類其他基本金屬製造業,44768.82,49.99,107.51,3.03,0.00,0.00,0.00,15742.70,60672.04,依法申報,是,64000,64000110
104,75470524,海光企業股份有限公司,0001,E5600501,高雄市,小港區,高雄市小港區沿海二路12號,2411,鋼鐵冶鍊業,36170.39,19.99,12.68,0.00,0.00,0.00,0.00,129676.80,165879.85,依法申報,是,64000,64000110
104,75460005,唐榮鐵工廠股份有限公司,0001,E5601197,高雄市,小港區,高雄市小港區沿海二路4號,2411,鋼鐵冶鍊業,55812.83,62.01,25.79,10.66,0.00,0.00,0.00,111423.87,167335.15,依法申報,是,64000,64000110
104,75370905,南亞塑膠工業股份有限公司海豐總廠,0001,P5805244,雲林縣,麥寮鄉,雲林縣麥寮鄉臺塑工業園區42號、47號、52號,1810,基本化學材料製造業,383161.75,489.85,32.71,637.97,0.00,1304.94,0.00,1217152.20,1602779.41,依法申報,是,10009,10009130
104,75280209,東和鋼鐵企業股份有限公司苗栗廠,0001,K8100129,苗栗縣,西湖鄉,苗栗縣西湖鄉二湖村7鄰坪頂22號,2411,鋼鐵冶鍊業,112996.66,106.51,152.15,2.34,0.00,0.00,0.00,219796.68,333054.34,依法申報,是,10005,10005140
104,73252657,統一實業股份有限公司二廠,0001,R1412418,臺南市,永康區,臺南市永康區和平路77號,2549,其他金屬加工處理業,45718.69,52.98,27.87,6.90,0.00,0.00,0.00,93270.23,139076.67,依法申報,是,67000,67000310
104,72065240,官田鋼鐵股份有限公司官田廠,0001,R9701850,臺南市,官田區,臺南市官田區南?里南?119-5號,2413,鋼鐵軋延及擠型業,29847.88,26.95,73.63,2.12,0.00,0.00,0.00,22253.72,52204.29,依法申報,是,67000,67000100
104,70833553,國光電力股份有限公司,0001,H4810799,桃園市,龜山區,桃園市龜山區南上里北油一區11號,3510,電力供應業,668931.57,271.23,370.61,0.00,0.00,0.00,0.00,3687.87,673261.27,依法申報,是,68000,68000070
104,70783765,星能電力股份有限公司,0001,N1504207,彰化縣,線西鄉,彰化縣線西鄉彰濱工業區線工南二路二號,3510,電力供應業,699959.54,384.59,387.41,4.31,0.00,50.19,0.00,5174.40,705960.44,依法申報,是,10007,10007040
104,70783499,森霸電力公司豐德電廠,0001,R0503072,臺南市,山上區,臺南市山上區豐德里隙子口66號,3510,電力供應業,1424431.60,10199.35,787.96,1.39,0.00,19.12,0.00,6813.68,1442253.09,依法申報,是,67000,67000220
104,70783006,華亞汽電股份有限公司華亞汽電廠,0001,H4810851,桃園市,龜山區,桃園市龜山區文化里華亞一路九八號,3510,電力供應業,2001650.77,455.12,9825.82,0.68,0.00,501.90,0.00,43044.26,2055478.54,依法申報,是,68000,68000070
104,70752257,穩懋半導體股份有限公司華亞廠,0001,H4806348,桃園市,龜山區,桃園市龜山區文化里科技七路69號,2611,積體電路製造業,396.09,28.57,67.33,0.00,10163.46,0.00,0.00,21889.33,32544.78,依法申報,是,68000,68000070
104,70738116,紘楷股份有限公司,0001,H4504705,桃園市,楊梅區,桃園市楊梅區瑞原里楊新路三段四巷19號,1140,印染整理業,21215.60,8.51,105.77,0.00,0.00,0.00,0.00,4269.72,25599.61,依法申報,是,68000,68000040
104,70005915,千興不銹鋼股份有限公司一貫作業廠,0001,R8700484,臺南市,麻豆區,臺南市麻豆區小埤里工業路222號,2544,金屬表面處理業,8621.40,6.79,7.81,0.00,0.00,0.00,0.00,13009.08,21645.08,依法申報,是,67000,67000070
104,69771636,威致鋼鐵工業股份有限公司官田廠,0001,R9701341,臺南市,官田區,臺南市官田區南廓村南廓123號,2411,鋼鐵冶鍊業,64399.80,30.72,63.02,8.84,0.00,0.00,0.00,143730.89,208233.27,依法申報,是,67000,67000100
104,55389357,豐興鋼鐵股份有限公司,0001,L9200728,臺中市,后里區,臺中市后里區甲后路702號,2411,鋼鐵冶鍊業,293901.57,166.08,338.55,73.36,0.00,0.00,0.00,483933.67,778413.22,依法申報,是,66000,66000150
104,68387705,奇美實業股份有限公司(仁德廠),0001,R1002065,臺南市,仁德區,臺南市仁德區三甲里59~1號A棟、59~4號,2203,工業用塑膠製品製造業,157264.27,315.54,373.05,4617.09,0.00,0.00,0.00,298439.90,461009.85,依法申報,是,67000,67000270
104,57104700,英全化學工業股份有限公司全興廠,0001,N1602191,彰化縣,伸港鄉,彰化縣伸港鄉興工路33號,1842,合成橡膠製造業,22306.11,27.42,75.18,0.59,0.00,0.00,0.00,6682.86,29092.16,依法申報,是,10007,10007050
104,55695790,建順煉鋼股份有限公司,0001,K7000513,苗栗縣,通霄鎮,苗栗縣通霄鎮五北里68-4號,2411,鋼鐵冶鍊業,47107.75,40.33,45.14,286.26,0.00,0.00,0.00,137967.03,185446.51,依法申報,是,10005,10005030
104,54393468,美商蘋果電子股份有限公司臺灣分公司,0001,H50A6777,桃園市,龍潭區,桃園市龍潭區龍園十路55號,2649,其他光電材料及元件製造業,206.76,3.97,603.32,32.54,15.18,20.15,4.09,9796.23,10682.25,依法申報,是,68000,68000090
104,53520959,錦州科技股份有限公司大發廠,0001,E2000554,高雄市,大寮區,高雄市大寮區過溪里華西路8-6號,3530,蒸汽供應業,572181.07,5489.91,2812.10,0.00,0.00,0.00,0.00,3700.90,584183.99,依法申報,是,64000,64000140
104,53170263,聯穎光電股份有限公司竹科廠,0001,J63A1719,新竹縣,寶山鄉,新竹縣創新一路10號,2611,積體電路製造業,348.51,17.63,2109.49,1760.79,8532.59,3441.60,427.68,38708.74,55347.04,依法申報,是,10004,10004100
104,53121117,利芃國際股份有限公司觀音,0001,H53A2255,桃園市,觀音區,桃園市觀音區國瑞路16號,1990,其他化學製品製造業,51356.24,56.49,123.41,2.58,0.00,0.00,0.00,19786.87,71325.60,依法申報,是,68000,68000120
104,53116310,恆顥科技股份有限公司湖口廠,0001,J59A5361,新竹縣,湖口鄉,新竹縣湖口鄉新竹工業區文化路2-1號,2641,液晶面板及其組件製造業,332.77,35.67,0.28,36.49,0.00,0.00,0.00,16066.25,16471.46,依法申報,是,10004,10004050
104,50301500,廣源造紙股份有限公司臺中一廠,0001,L8801052,臺中市,大甲區,臺中市大甲區工一路1號,1513,紙板製造業,107678.14,639.41,1407.96,1.17,0.00,0.00,0.00,46181.02,155907.70,依法申報,是,66000,66000110
104,47217677,聯華電子股份有限公司Fab8D廠,0001,O1709148,新竹市,東區,新竹市東區力行三路八號,2611,積體電路製造業,2636.53,21.65,12147.20,1511.23,24314.32,4043.88,20294.00,90943.10,155911.90,依法申報,是,10018,10018010
104,47109348,華夏玻璃股份有限公司,0001,O1703315,新竹市,香山區,新竹市香山區埔前里埔前路49號,2312,玻璃容器製造業,104129.71,221.83,165.63,2.93,0.00,0.00,0.00,31323.28,135843.39,依法申報,是,10018,10018030
104,46007218,大享容器工業股份有限公司,0001,J5700231,新竹縣,新埔鎮,新竹縣新埔鎮文山里文山路犁頭山段1118號,2312,玻璃容器製造業,77393.44,80.23,142.97,0.00,0.00,0.00,0.00,18998.28,96614.93,依法申報,是,10004,10004030
104,38033305,臺硝股份有限公司桃園廠,0001,H4601290,桃園市,蘆竹區,桃園市蘆竹區坑口里3鄰29之25號,1990,其他化學製品製造業,32643.22,963.04,161.91,2.93,0.00,0.00,0.00,13133.68,46904.79,依法申報,是,68000,68000050
104,35412204,華新麗華股份有限公司鹽水廠,0001,R8500582,臺南市,鹽水區,臺南市鹽水區汫水里溪州寮3-10號A棟,2411,鋼鐵冶鍊業,111501.92,136.16,334.43,10.89,0.00,0.00,0.00,167768.34,279751.74,依法申報,是,67000,67000020
104,35082604,中興紡織廠股份有限公司楊梅化纖廠,0001,H4500743,桃園市,楊梅區,桃園市楊梅區桃園市楊梅區中山南路567號,1841,合成樹脂及塑膠製造業,68607.54,93.83,245.02,2.73,0.00,0.00,0.00,83873.42,152822.55,依法申報,是,68000,68000040
104,34258318,白馬窯業股份有限公司楊梅廠,0001,H4500850,桃園市,楊梅區,桃園市楊梅區新榮里電研路5號,2322,黏土建築材料製造業,52928.25,47.51,22.01,6.15,0.00,0.00,0.00,14464.67,67468.59,依法申報,是,68000,68000040
104,34202841,榮成紙業股份有限公司,0001,N1400562,彰化縣,二林鎮,彰化縣二林鎮廣興里廣興巷1-1號,1513,紙板製造業,330631.77,97.85,1493.70,5.37,0.00,0.00,0.00,410.57,332639.27,依法申報,是,10007,10007200
104,34175598,錦美紙業股份有限公司觀音廠,0001,H5300425,桃園市,觀音區,桃園市觀音區榮工北路10號,1513,紙板製造業,22130.74,1600.94,165.23,3.37,0.00,0.00,0.00,16058.15,39958.42,依法申報,是,68000,68000120
104,33955322,力鵬企業股份有限公司彰化尼龍總廠,0001,N2904318,彰化縣,芳苑鄉,彰化縣芳苑鄉芳苑工業區工業路33號,1850,人造纖維製造業,24502.31,72.13,112.44,0.72,0.00,0.00,0.00,166474.13,191161.72,依法申報,是,10007,10007230
104,33663649,協昌染整股份有限公司,0001,F0701346,新北市,樹林區,新北市樹林區西圳街一段45號,1140,印染整理業,17235.95,19.29,82.93,1.47,0.00,0.00,0.00,3603.54,20943.18,依法申報,是,65000,65000070
104,33085508,正隆股份有限公司竹北廠,0001,J5500366,新竹縣,竹北市,新竹縣竹北市大義里長青路二段300號,1591,家庭及衛生用紙製造業,54531.15,504.02,244.87,34.31,0.00,0.00,0.00,49490.07,104804.42,依法申報,是,10004,10004010
104,30974253,臺灣石化合成股份有限公司林園廠,0001,S1900694,高雄市,林園區,高雄市林園區工業二路1號,1990,其他化學製品製造業,22649.28,177.73,22.94,1.56,0.00,0.00,0.00,88061.47,110912.98,依法申報,是,64000,64000130
104,30414175,中國鋼鐵股份有限公司,0001,E5600841,高雄市,小港區,高雄市小港區中鋼路1號,2411,鋼鐵冶鍊業,19864307.26,4839.24,89252.60,5714.66,0.00,4.78,0.00,1109278.65,21073397.18,依法申報,是,64000,64000110
104,28518076,臺灣美光記憶體股份有限公司,0001,L9202099,臺中市,后里區,臺中市后里區三豐路429-1號,2611,積體電路製造業,26711.41,118.17,20727.81,2197.08,18365.96,1763.82,1542.77,280606.20,352033.22,依法申報,是,66000,66000150
104,28112667,鉅晶電子股份有限公司,0001,O1753306,新竹市,東區,新竹市東區力行一路18號,2611,積體電路製造業,3893.22,39.80,518.79,1547.73,9927.82,3050.51,365.25,91070.01,110413.13,依法申報,是,10018,10018010
104,28112646,新唐科技股份有限公司,0001,O17A0968,新竹市,東區,新竹市東區研新三路4號,2611,積體電路製造業,576.43,95.05,731.79,6470.10,11969.73,7743.60,303.48,41034.47,68924.65,依法申報,是,10018,10018010
104,28098406,易昇鋼鐵股份有限公司,0001,R14A1883,臺南市,永康區,臺南市永康區正南一街200號,2411,鋼鐵冶鍊業,48758.55,24.83,26.91,0.52,0.00,0.00,0.00,79618.18,128428.99,依法申報,是,67000,67000310
104,28042430,欣建工業股份有限公司,0001,S25A0144,高雄市,橋頭區,高雄市橋頭區芋寮里芋林路301號,2413,鋼鐵軋延及擠型業,20560.12,31.08,22.69,0.00,0.00,0.00,0.00,19015.17,39629.06,依法申報,是,64000,64000200
104,27945086,星元電力股份有限公司(星元天然氣發電廠),0001,N1505633,彰化縣,線西鄉,彰化縣線西鄉慶安南二路二號,3510,電力供應業,816743.76,943.51,452.20,13.80,0.00,4780.00,0.00,4933.63,827866.90,依法申報,是,10007,10007040
104,27719048,永豐餘工業用紙股份有限公司新屋廠,0001,H5200215,桃園市,新屋區,桃園市新屋區永安里永福路281、306號,1599,未分類其他紙製品製造業,335875.58,806.87,2324.63,0.00,0.00,0.00,0.00,48594.59,387601.66,依法申報,是,68000,68000110
104,27208480,尚承鋼鐵股份有限公司,0001,E56A2617,高雄市,小港區,高雄市小港區龍鳳里大業南路7號,2413,鋼鐵軋延及擠型業,112402.18,110.81,258.51,0.00,0.00,0.00,0.00,78171.07,190942.56,依法申報,是,64000,64000110
104,24001900,日皓造紙工業股份有限公司,0001,h5302063,桃園市,觀音區,桃園市觀音區樹林里國建三路五號,1511,紙漿製造業,35697.02,154.67,178.34,8.03,0.00,0.00,0.00,19637.61,55675.66,依法申報,是,68000,68000120
104,23528103,敦南科技股份有限公司基隆廠,0001,C1500291,基隆市,安樂區,基隆市安樂區武訓街28-1號,2699,未分類其他電子零組件製造業,17.63,25.04,23.78,147.66,318.10,2.87,0.00,12109.79,12644.86,依法申報,是,10017,10017060
104,22099218,華邦中科廠,0001,L9506056,臺中市,大雅區,臺中市大雅區科雅一路八號,2611,積體電路製造業,10258.21,44.70,12504.07,2796.52,16788.41,1570.23,3613.67,200860.95,248436.75,依法申報,是,66000,66000180
104,22099174,元隆電子股份有限公司,0001,O1700798,新竹市,東區,新竹市東區研發二路一四、一六、一八、二Ｏ號,2611,積體電路製造業,12.73,0.08,1769.82,20093.19,4763.07,215.10,38.88,14957.71,41850.59,依法申報,是,10018,10018010
104,22099131,臺灣積體電路製造股份有限公司二廠,0001,J6300557,新竹縣,寶山鄉,新竹縣寶山鄉新竹科學園區園區三路121號,2611,積體電路製造業,1647.65,1.27,2603.91,1897.87,22309.65,15054.17,3753.86,72489.44,119757.81,依法申報,是,10004,10004100
104,22099110,臺灣茂矽電子股份有限公司,0001,O1704812,新竹市,東區,新竹市東區科學園區研新一路1號,2611,積體電路製造業,57.42,47.15,737.18,0.65,56684.75,1720.80,0.00,50836.27,110084.22,依法申報,是,10018,10018010
104,22034187,智晟實業股份有限公司二廠,0001,H46A3888,桃園市,蘆竹區,桃園市蘆竹區桃園縣蘆竹鄉海湖村中圳街182號,3530,蒸汽供應業,19980.22,4.94,98.55,0.00,0.00,0.00,0.00,388.91,20472.62,依法申報,是,68000,68000050
104,20939460,立安東化工股份有限公司三義廠,0001,k8000366,苗栗縣,三義鄉,苗栗縣三義鄉鯉魚潭村鯉魚口99號,1810,基本化學材料製造業,62938.22,33.75,258.20,18.98,0.00,0.00,0.00,16489.40,79738.54,依法申報,是,10005,10005130
104,20844865,臺灣苯乙烯工業股份有限公司高雄廠,0001,S1900658,高雄市,林園區,高雄市林園區工業一路7號,1820,石油化工原料製造業,215321.83,75.59,387.41,19.44,0.00,0.00,0.00,61436.53,277240.79,依法申報,是,64000,64000130
104,19084015,臺灣氯乙烯工業股份有限公司林園廠,0001,S1900372,高雄市,林園區,高雄市林園區工業一路1號,1820,石油化工原料製造業,118385.52,2647.74,87.23,2.77,0.00,0.00,0.00,90792.53,211915.79,依法申報,是,64000,64000130
104,18770509,東隆興業股份有限公司,0001,H4202813,桃園市,桃園區,桃園市桃園區西埔里富國路859號,1140,印染整理業,26783.09,24.21,131.56,3.95,0.00,0.00,0.00,17604.02,44546.83,依法申報,是,68000,68000010
104,16834268,富喬工業股份有限公司,0001,P4602758,雲林縣,斗六市,雲林縣斗六市斗工十六路8號,2399,未分類其他非金屬礦物製品製造業,51618.48,1258.77,77.59,1.81,0.00,0.00,0.00,65556.84,118513.50,依法申報,是,10009,10009010
104,16741846,精材科技股份有限公司中壢三廠,0001,H43C0794,桃園市,中壢區,桃園市中壢區中壢工業區中園路188號,2699,未分類其他電子零組件製造業,317.70,17.92,0.00,17.17,64.17,437.37,145.80,8109.66,9109.78,依法申報,是,68000,68000020
104,16635562,豐年豐和企業股份有限公司上崙一廠,0001,R1002547,臺南市,仁德區,臺南市仁德區上崙里崑崙路201號,0840,食用油脂製造業,29700.88,12089.42,71.52,0.43,0.00,0.00,0.00,9961.31,51823.56,依法申報,是,67000,67000270
104,16596337,新桃電力股份有限公司,0001,J5601064,新竹縣,關西鎮,新竹縣關西鎮臺電新村66號,3510,電力供應業,918894.67,344.97,508.00,0.65,0.00,95.60,0.00,6302.21,926146.09,依法申報,是,10004,10004040
104,16450500,瀚宇彩晶南科TFT-LCD三廠,0001,R0305156,臺南市,新市區,臺南市新市區南科二路35號,2641,液晶面板及其組件製造業,4798.78,181.67,2.42,481.51,0.00,81943.78,1203.51,200593.67,289205.34,依法申報,是,67000,67000200
104,16197211,元耀科技股份有限公司,0001,g3401079,宜蘭縣,礁溪鄉,宜蘭縣礁溪鄉龍潭村龍泉路189號,2699,未分類其他電子零組件製造業,4.62,7.83,0.09,0.00,0.00,0.00,0.00,3140.76,3153.30,依法申報,是,10002,10002050
104,16130423,宏捷科技股份有限公司南科大利廠,0001,R0301603,臺南市,新市區,臺南市新市區大利一路6號,2611,積體電路製造業,47.82,47.98,0.12,183.76,7800.41,0.00,0.00,10258.51,18338.61,依法申報,是,67000,67000200
104,23313356,銓盟企業股份有限公司,0001,H5300363,桃園市,觀音區,桃園市觀音區新富路1560號,1140,印染整理業,24557.40,7.34,121.71,0.00,0.00,0.00,0.00,4336.57,29023.01,依法申報,是,68000,68000120
104,23280117,黃家紡織股份有限公司桃園廠,0001,H4600560,桃園市,蘆竹區,桃園市蘆竹區南竹路二段337、339號,1140,印染整理業,23958.61,13.96,118.11,0.35,0.00,0.00,0.00,4081.10,28172.13,依法申報,是,68000,68000050
104,23218395,燁聯鋼鐵股份有限公司,0001,S1601990,高雄市,岡山區,高雄市岡山區興隆街600號,2411,鋼鐵冶鍊業,232255.03,240.29,171.24,61.81,0.00,0.00,0.00,321237.18,553965.56,依法申報,是,64000,64000190
104,22956176,東展興業股份有限公司,0001,R0500400,臺南市,山上區,臺南市山上區北勢洲９８號,1810,基本化學材料製造業,34043.24,15.49,149.58,0.00,0.00,0.00,0.00,5470.21,39678.51,依法申報,是,67000,67000220
104,22822748,聯成鋼鐵股份有限公司桃園廠,0001,H5200617,桃園市,新屋區,桃園市新屋區石磊里4鄰中華路996號,2411,鋼鐵冶鍊業,30062.60,14.47,9.08,4.23,0.00,0.00,0.00,54127.39,84217.78,依法申報,是,68000,68000110
104,22817999,宏遠興業股份有限公司,0001,R0500240,臺南市,山上區,臺南市山上區明和里256號,1140,印染整理業,75396.97,172.29,364.47,0.00,0.00,0.00,0.00,69652.92,145586.64,依法申報,是,67000,67000220
104,22663571,福隆玻璃纖維股份有限公司,0001,Q6901613,嘉義縣,民雄鄉,嘉義縣民雄鄉民雄工業區中華路89號,2399,未分類其他非金屬礦物製品製造業,30292.39,34.58,15.75,166.61,0.00,0.00,0.00,23264.74,53774.06,依法申報,是,10010,10010050
104,22662355,臺灣必成股份有限公司新港廠,0001,Q7100245,嘉義縣,新港鄉,嘉義縣新港鄉中洋村中洋工業區2之1號,2313,玻璃纖維製造業,83310.56,119.36,148.03,364.00,0.00,0.00,0.00,186475.93,270417.87,依法申報,是,10010,10010070
104,22327037,永豐餘消費品實業股份有限公司清水廠,0001,L8900676,臺中市,清水區,臺中市清水區海風里舊庄路258號,1591,家庭及衛生用紙製造業,26734.85,23.96,130.08,0.00,0.00,0.00,0.00,19881.10,46769.98,依法申報,是,66000,66000120
104,22318678,亞東石化股份有限公司,0001,H5300078,桃園市,觀音區,桃園市觀音區經建四路四七號,1820,石油化工原料製造業,148816.13,54.32,194.18,94.72,0.00,0.00,0.00,73148.40,222307.76,依法申報,是,68000,68000120
104,22267777,大統精密染整股份有限公司染整廠,0001,H4600551,桃園市,蘆竹區,桃園市蘆竹區榮安路9號,1140,印染整理業,29282.07,50.21,146.82,2.21,0.00,0.00,0.00,8095.09,37576.39,依法申報,是,68000,68000050
104,22099890,元太科技工業股份有限公司,0001,O1706049,新竹市,東區,"新竹市東區科學工業園區力行一路 3 號",2641,液晶面板及其組件製造業,53.66,22.00,21.48,0.00,0.00,5457.80,868.68,31153.41,37577.03,依法申報,是,10018,10018010
103,12800225,群創光電股份有限公司樹谷分公司,0015,R03A0450,臺南市,新市區,臺南市新市區豐華村8鄰紫楝路21號,2641,液晶面板及其組件製造業,5041.14,47.49,2.48,2790.24,0.00,27331.61,0.00,413097.18,448310.15,依法申報,是,67000,67000200
104,16096852,和平電力股份有限公司,0001,U0100258,花蓮縣,秀林鄉,花蓮縣秀林鄉和平村和工二路七號,3510,電力供應業,7681256.66,28489.57,37589.55,143.32,0.00,1159.15,0.00,1970.07,7750608.32,依法申報,是,10015,10015110
104,16083358,中華凸版電子股份有限公司,0001,H4903093,桃園市,八德區,桃園市八德區和平路1127之3號,2611,積體電路製造業,88.94,3.01,2.95,0.00,25.02,0.00,0.00,21476.45,21596.37,依法申報,是,68000,68000080
104,16007423,泰利實業股份有限公司五股廠,0001,F1507182,新北市,五股區,新北市五股區凌雲路2段16號,1140,印染整理業,30039.42,23.13,141.48,0.00,0.00,0.00,0.00,6085.85,36289.89,依法申報,是,65000,65000150
104,15395706,義芳化學工業股份有限公司桃園廠,0001,H4601227,桃園市,蘆竹區,桃園市蘆竹區海湖里海湖東路377號,1810,基本化學材料製造業,369101.55,104.22,1810.74,792.00,0.00,0.00,0.00,39562.66,411371.17,依法申報,是,68000,68000050
104,14057995,東聯化學股份有限公司高雄林園廠,0001,S1900578,高雄市,林園區,高雄市林園區工業三路三號,1820,石油化工原料製造業,64413.58,27.76,17.45,2273.63,0.00,0.00,0.00,254213.60,320946.03,依法申報,是,64000,64000130
104,14001199,福懋興業股份有限公司,0001,P4600987,雲林縣,斗六市,雲林縣斗六市榴中里石榴路三一七號,1140,印染整理業,328856.59,2362.03,1539.71,398.60,0.00,0.00,0.00,56475.57,389632.50,依法申報,是,10009,10009010
104,12800750,敦南科技股份有限公司新竹分公司廠,0001,o1745831,新竹市,東區,新竹市東區工業東七路七號,2611,積體電路製造業,36.88,124.81,1239.04,7.03,32088.10,2581.20,296.46,21663.63,58037.15,依法申報,是,10018,10018010
104,12800225,群創光電股份有限公司T1廠,0001,K7104025,苗栗縣,竹南鎮,苗栗縣竹南鎮科學路160號,2641,液晶面板及其組件製造業,7810.30,48.65,27.81,0.00,158.69,28402.43,373.57,134071.00,170892.44,依法申報,是,10005,10005040
104,12529007,環泰企業股份有限公司南崁廠,0001,H4602313,桃園市,蘆竹區,桃園市蘆竹區南青路1156巷75號,0893,製糖業,28597.22,1552.84,148.06,10.30,0.00,0.00,0.00,5013.68,35322.09,依法申報,是,68000,68000050
104,12526607,和桐化學股份有限公司,0001,S2201707,高雄市,仁武區,高雄市仁武區竹工二巷一號,1700,石油及煤製品製造業,24679.56,23.73,59.18,1.47,0.00,0.00,0.00,4031.19,28795.13,依法申報,是,64000,64000170
104,12233428,大連化學工業股份有限公司麥寮廠,0001,P5802387,雲林縣,麥寮鄉,雲林縣麥寮鄉中興村臺塑工業園區二五號,1810,基本化學材料製造業,93684.84,51.61,65.60,0.00,0.00,0.00,0.00,718531.81,812333.86,依法申報,是,10009,10009130
104,11914002,臺灣玻璃工業股份有限公司桃園廠,0001,H5300916,桃園市,觀音區,桃園市觀音區樹林村經建五路1號,2313,玻璃纖維製造業,57908.40,76.12,85.75,1922.83,0.00,0.00,0.00,55960.40,115953.50,依法申報,是,68000,68000120
104,11913502,臺灣水泥股份有限公司和平分公司和平廠,0001,U0100187,花蓮縣,秀林鄉,花蓮縣秀林鄉和平村和平263號,2331,水泥製造業,2080923.16,191.20,3476.34,3.64,0.00,0.00,0.00,123313.98,2207908.31,依法申報,是,10015,10015110
104,11912102,臺灣紙業股份有限公司新營紙廠,0001,R8400416,臺南市,新營區,臺南市新營區南紙街94號,1511,紙漿製造業,60280.84,278.08,1492.87,45.74,0.00,0.00,0.00,63052.07,125149.59,依法申報,是,67000,67000010
104,11384806,長春石油化學股份有限公司大發廠,0001,S2001314,高雄市,大寮區,高雄市大寮區建業路11號,1810,基本化學材料製造業,617161.52,4895.06,3031.68,0.00,0.00,0.00,0.00,57098.82,682187.07,依法申報,是,64000,64000140
104,11384708,長春人造樹脂廠股份有限公司新竹廠,0001,J5901658,新竹縣,湖口鄉,新竹縣湖口鄉鳳山村中華路8號,1841,合成樹脂及塑膠製造業,362771.49,196.02,1693.34,632.75,0.00,0.00,0.00,2269.56,367563.16,依法申報,是,10004,10004050
104,11085292,中華映管股份有限公司桃園廠,0001,H4903244,桃園市,八德區,桃園市八德區和平路1127號,2641,液晶面板及其組件製造業,2288.99,891.67,663.03,0.00,5807.59,93058.39,61.10,73554.77,176325.54,依法申報,是,68000,68000080
104,11083148,東華合纖股份有限公司l新竹廠,0001,J5500526,新竹縣,竹北市,新竹縣竹北市泰和里125號,1850,人造纖維製造業,82906.46,32.67,407.56,0.00,0.00,0.00,0.00,4081.93,87428.62,依法申報,是,10004,10004010
104,7838854,中鴻鋼鐵股份有限公司熱軋廠,0001,S1602102,高雄市,岡山區,高雄市岡山區嘉興里興隆街五七六、之一、之二、之三、之五號,2413,鋼鐵軋延及擠型業,141343.94,82.12,85.93,0.46,0.00,0.00,0.00,125250.05,266762.50,依法申報,是,64000,64000190
104,7663290,力麗企業股份有限公司彰化化纖總廠,0001,N2902234,彰化縣,芳苑鄉,彰化縣芳苑鄉後寮村工業路38號,1850,人造纖維製造業,162237.31,499.48,769.36,3.94,0.00,0.00,0.00,61202.71,224712.79,依法申報,是,10007,10007230
104,7620770,新瑞倡企業股份有限公司桃園廠,0001,H4802662,桃園市,龜山區,桃園市龜山區舊路里東舊路街100號,1140,印染整理業,21152.73,15.95,106.49,0.00,0.00,0.00,0.00,5021.82,26296.98,依法申報,是,68000,68000070
104,7568009,環球水泥股份有限公司阿蓮廠,0001,S2800200,高雄市,阿蓮區,高雄市阿蓮區崗山里95之2號,2331,水泥製造業,147.45,2.71,2.57,0.65,0.00,0.00,0.00,9092.16,9245.55,依法申報,是,64000,64000230
104,7472834,新隆纖維染整股份有限公司桃園廠,0001,H4202215,桃園市,桃園區,桃園市桃園區春日路1733巷8號,1140,印染整理業,34757.97,36.96,171.71,1.51,0.00,0.00,0.00,9824.65,44792.80,依法申報,是,68000,68000010
104,7407200,富順纖維工業股份有限公司觀音廠,0001,H5301548,桃園市,觀音區,桃園市觀音區白玉里中興路200號,1140,印染整理業,31640.02,176.54,156.40,1.88,0.00,0.00,0.00,8484.41,40459.25,依法申報,是,68000,68000120
104,7066907,中國人造纖維股份有限公司高雄總廠,0001,S2300401,高雄市,大社區,高雄市大社區經建路八號,4622,化學製品批發業,431014.11,156.12,1833.03,323.23,0.00,0.00,0.00,25977.73,459304.22,依法申報,是,64000,64000160
104,7014916,大同染整股份有限公司桃園廠,0001,H4600579,桃園市,蘆竹區,桃園市蘆竹區南崁里圳佳路27號,1140,印染整理業,43459.92,29.87,213.06,0.30,0.00,0.00,0.00,10871.94,54575.10,依法申報,是,68000,68000050
104,4748660,聯成化學科技股份有限公司林園廠,0001,S1900612,高雄市,林園區,高雄市林園區溪州里工業2路3號,1820,石油化工原料製造業,64079.41,21.81,15.28,1.17,0.00,0.00,0.00,16445.40,80563.08,依法申報,是,64000,64000130
104,4382114,中國合成橡膠股份有限公司碳煙廠,0001,S1900569,高雄市,林園區,高雄市林園區石化四路1號,1700,石油及煤製品製造業,194434.13,10.64,10.51,2.12,0.00,0.00,0.00,33362.37,227819.77,依法申報,是,64000,64000130
104,4380087,合眾紙業股份有限公司林內廠,0001,P5500191,雲林縣,林內鄉,雲林縣林內鄉林中村瑞農六五號,1512,紙張製造業,35322.91,47.15,163.59,1.27,0.00,0.00,0.00,29902.75,65437.67,依法申報,是,10009,10009100
104,4312878,和益化學工業股份有限公司,0001,s1900283,高雄市,林園區,高雄市林園區石化三路9號,1810,基本化學材料製造業,63682.78,29.86,24.96,0.00,0.00,0.00,0.00,24016.01,87753.60,依法申報,是,64000,64000130
104,4212250,國喬石油化學股份有限公司,0001,S2300429,高雄市,大社區,高雄市大社區興工路4號,1700,石油及煤製品製造業,650180.98,825.83,2968.13,105.69,0.00,0.00,0.00,0.00,654080.62,依法申報,是,64000,64000160
104,3794905,臺灣糖業股份公司小港廠,0001,E5600869,高雄市,小港區,高雄市小港區小港路133號,0893,製糖業,91781.50,91.77,228.56,2.21,0.00,0.00,0.00,4940.41,97044.44,依法申報,是,64000,64000110
104,3553737,臺橡股份有限公司~高雄區,0001,S2300438,高雄市,大社區,高雄市大社區興工路二號,1842,合成橡膠製造業,75129.18,63.17,46.35,1308.90,0.00,0.00,0.00,69225.52,145773.12,依法申報,是,64000,64000160
104,3279507,信大水泥股份有限公司南聖湖廠,0001,G3200849,宜蘭縣,蘇澳鎮,宜蘭縣蘇澳鎮聖湖里中山路二段二三五號,2331,水泥製造業,619913.93,69.04,1160.52,0.00,0.00,0.00,0.00,50733.62,671877.11,依法申報,是,10002,10002030
104,3244509,亞洲水泥股份有限公司花蓮製造廠,0001,U9400115,花蓮縣,新城鄉,花蓮縣新城鄉新城村新興路125號,2331,水泥製造業,3332235.33,308.80,6260.20,215.19,0.00,0.00,0.00,174944.99,3513964.50,依法申報,是,10015,10015040
104,3084741,中國石油化學工業開發股份有限公司小港廠,0001,E5600850,高雄市,小港區,高雄市小港區中林路34號,1810,基本化學材料製造業,146133.40,62.75,247263.35,1.43,0.00,0.00,0.00,142440.23,535901.16,依法申報,是,64000,64000110
104,84252697,榮剛材料科技股份有限公司新營廠,0000,R8400827,臺南市,新營區,臺南市新營區新中路35號,2411,鋼鐵冶鍊業,71183.16,114.53,94.36,11.12,0.00,0.00,0.00,82547.94,153951.11,依法申報,是,67000,67000010
104,80629340,九滎股份有限公司瓊林廠,0000,F0622537,新北市,新莊區,新北市新莊區瓊林南路301巷2號,1140,印染整理業,23827.24,13.92,116.03,0.00,0.00,0.00,0.00,4070.56,28027.76,依法申報,是,65000,65000050
104,73686632,得力實業股份有限公司,0000,R0300606,臺南市,新市區,臺南市新市區三舍里240號,1140,印染整理業,48155.61,28.83,221.43,1.51,0.00,0.00,0.00,31697.07,80104.45,依法申報,是,67000,67000200
104,59504506,正新橡膠工業股份有限公司,0000,N2100552,彰化縣,大村鄉,彰化縣大村鄉美港路215號,2109,其他橡膠製品製造業,41993.20,362.33,54.53,24.14,0.00,0.00,0.00,47049.87,89484.07,依法申報,是,10007,10007130
104,49701774,冠軍建材股份有限公司第二廠,0000,K8201149,苗栗縣,造橋鄉,苗栗縣造橋鄉豐湖村1鄰乳姑山2號,2329,其他陶瓷製品製造業,66322.24,81.03,53.01,5.87,0.00,0.00,0.00,31283.37,97745.51,依法申報,是,10005,10005150
104,34557673,錦紅實業股份有限公司,0000,F0701319,新北市,樹林區,新北市樹林區武林街一五號,1140,印染整理業,30355.12,20.24,150.41,2.16,0.00,0.00,0.00,4658.44,35186.37,依法申報,是,65000,65000070
104,34263157,三洋窯業股份有限公司,0000,F0801707,新北市,鶯歌區,新北市鶯歌區八德路16號,2399,未分類其他非金屬礦物製品製造業,35275.82,36.55,47.62,1.82,0.00,0.00,0.00,10852.64,46214.43,依法申報,是,65000,65000080
104,12745455,源鋼企業股份有限公司,0000,E56A7340,高雄市,小港區,高雄市小港區大業南路54號,2413,鋼鐵軋延及擠型業,31078.47,35.70,74.93,0.52,0.00,0.00,0.00,14658.97,45848.59,依法申報,是,64000,64000110
103,22100398,勝華科技股份有限公司幼獅二廠,0006,H45A2122,桃園市,楊梅區,桃園市楊梅區高上里高獅路五八○號,2699,未分類其他電子零組件製造業,3212.10,17.67,26.20,390.00,0.00,3728.40,0.00,33566.12,40940.48,依法申報,是,68000,68000040
103,39054405,李長榮化學工業股份有限公司高雄廠,0005,E5600305,高雄市,小港區,高雄市小港區中林路3號,1990,其他化學製品製造業,26866.64,5.52,5.33,279.41,0.00,0.00,0.00,78182.48,105339.37,依法申報,是,64000,64000110
103,22100398,勝華科技股份有限公司幼獅廠,0003,H45A0938,桃園市,楊梅區,桃園市楊梅區高上里高獅路580號,2699,未分類其他電子零組件製造業,1039.42,46.59,196.23,0.00,3.90,23608.42,0.00,44571.57,69466.13,依法申報,是,68000,68000040
103,53116310,恆顥科技股份有限公司湖口廠,0001,J59A5361,新竹縣,湖口鄉,新竹縣湖口鄉新竹工業區文化路2-1號,2641,液晶面板及其組件製造業,362.01,30.98,0.40,0.81,0.00,0.00,0.00,14269.89,14664.09,依法申報,是,10004,10004050
103,27495201,繼德印染科技股份有限公司,0001,H5389800,桃園市,觀音區,桃園市觀音區草漯村16鄰大同一路28號,1140,印染整理業,21506.48,12.82,105.80,0.00,0.00,0.00,0.00,3386.71,25011.81,依法申報,是,68000,68000120
103,24001900,日皓造紙工業股份有限公司,0001,h5302063,桃園市,觀音區,桃園市觀音區樹林里國建三路五號,1511,紙漿製造業,35985.08,206.13,179.58,8.03,0.00,0.00,0.00,19763.74,56142.56,依法申報,是,68000,68000120
103,23280117,黃家紡織股份有限公司桃園廠,0001,H4600560,桃園市,蘆竹區,桃園市蘆竹區南竹路二段337、339號,1140,印染整理業,30032.39,19.28,148.18,0.35,0.00,0.00,0.00,6285.14,36485.33,依法申報,是,68000,68000050
103,22705066,和星纖維工業股份有限公司,0001,H5301726,桃園市,觀音區,桃園市觀音區草漯里榮工北路6號,1140,印染整理業,20581.29,13.37,102.05,0.00,0.00,0.00,0.00,4111.52,24808.23,依法申報,是,68000,68000120
103,13035951,香榮實業股份有限公司,0001,H4814797,桃園市,龜山區,桃園市龜山區山頂里山鶯路國光巷一號,1140,印染整理業,24065.92,5.97,121.21,0.00,0.00,0.00,0.00,3505.29,27698.38,依法申報,是,68000,68000070
103,11907311,臺灣杜邦股份有限公司觀音廠,0001,H5301655,桃園市,觀音區,桃園市觀音區觀音工業區成功路二段566號,1810,基本化學材料製造業,152666.33,33.62,17.14,1827.23,0.00,0.00,0.00,174830.92,329375.25,依法申報,是,68000,68000120
103,7066907,中國人造纖維股份有限公司高雄總廠,0001,S2300401,高雄市,大社區,高雄市大社區經建路八號,1810,基本化學材料製造業,472239.00,163.90,2022.04,4160.00,0.00,0.00,0.00,41756.77,520341.71,依法申報,是,64000,64000160
102,12800225,群創光電股份有限公司樹谷分公司,0015,R03A0450,臺南市,善化區,臺南科學工業園區臺南市善化區南科八路12號,2641,液晶面板及其組件製造業,4775.34,45.97,2.45,1270.25,0.00,26031.26,0.00,407624.71,439749.98,依法申報,是,67000,67000190
102,86871981,潤泰精密材料股份有限公司宜蘭冬山廠,0001,G37A0585,宜蘭縣,冬山鄉,宜蘭縣冬山鄉安平村大安路三五七號,2331,水泥製造業,609650.92,69.01,1201.00,0.00,0.00,0.00,0.00,48851.52,659772.45,依法申報,是,10002,10002080
102,70005915,千興不銹鋼股份有限公司一貫作業廠,0001,R8700484,臺南市,麻豆區,臺南市麻豆區小埤里工業路222號,2544,金屬表面處理業,10326.28,7.74,8.96,0.00,0.00,0.00,0.00,14131.10,24474.09,依法申報,是,67000,67000070
102,23528103,敦南科技股份有限公司基隆廠,0001,C1500291,基隆市,安樂區,基隆市安樂區武訓街28-1號,2699,未分類其他電子零組件製造業,15.24,25.77,16.00,146.82,329.32,0.00,0.00,12757.26,13290.42,依法申報,是,10017,10017060
102,16197211,元耀科技股份有限公司,0001,g3401079,宜蘭縣,礁溪鄉,宜蘭縣礁溪鄉龍潭村龍泉路189號,2699,未分類其他電子零組件製造業,3.43,7.66,0.12,0.00,0.00,0.00,0.00,3044.71,3055.93,依法申報,是,10002,10002050
102,84706109,達鴻先進科技股份有限公司,0000,J5908513,新竹縣,湖口鄉,新竹縣湖口鄉新竹工業區光復路12號,2649,其他光電材料及元件製造業,607.96,253.55,1.24,118.87,0.00,0.00,0.00,33846.72,34828.34,依法申報,是,10004,10004050
103,14057995,東聯化學股份有限公司高雄林園廠,0001,S1900578,高雄市,林園區,高雄市林園區工業三路三號,1820,石油化工原料製造業,74906.27,30.19,25.70,2273.63,0.00,0.00,0.00,236544.44,313780.24,依法申報,是,64000,64000130
103,14053007,潤泰全球股份有限公司楊梅二廠,0001,H4502407,桃園市,楊梅區,桃園市楊梅區上湖里4鄰上四湖30號,1151,紡織製成品製造業,22460.36,54.24,110.61,1.47,0.00,9.56,0.00,15237.37,37873.61,依法申報,是,68000,68000040
103,14040691,中美和石油化學股份有限公司高雄一廠,0001,S1900587,高雄市,林園區,高雄市林園區工業三路1號,1820,石油化工原料製造業,11.79,3.05,0.19,1.25,0.00,0.00,0.00,6452.30,6468.57,依法申報,是,64000,64000130
103,14001199,福懋興業股份有限公司,0001,P4600987,雲林縣,斗六市,雲林縣斗六市榴中里石榴路三一七號,1140,印染整理業,349482.77,2400.47,1621.33,252.87,0.00,0.00,0.00,64243.05,418000.49,依法申報,是,10009,10009010
103,13168430,世家興業股份有限公司,0001,E5600789,高雄市,小港區,高雄市小港區永光街一號,2411,鋼鐵冶鍊業,25440.81,15.65,18.57,4.57,0.00,0.00,0.00,87652.57,113132.17,依法申報,是,64000,64000110
103,12800750,敦南科技股份有限公司新竹分公司,0001,o1745831,新竹市,東區,新竹市東區工業東七路七號,2611,積體電路製造業,75.90,34.13,1522.53,6.77,39705.50,2753.28,0.00,22706.43,66804.55,依法申報,是,10018,10018010
103,12800225,群創光電股份有限公司T1廠,0001,K7104025,苗栗縣,竹南鎮,苗栗縣竹南鎮科學路160號,2641,液晶面板及其組件製造業,2630.68,46.41,34.97,0.00,109.47,31092.46,0.00,130023.99,163937.98,依法申報,是,10005,10005040
103,12233428,大連化學工業股份有限公司麥寮廠,0001,P5802387,雲林縣,麥寮鄉,雲林縣麥寮鄉三盛村臺塑工業園區二五號,1810,基本化學材料製造業,103889.58,51.12,62.19,0.00,0.00,0.00,0.00,756961.87,860964.76,依法申報,是,10009,10009130
103,7407200,富順纖維工業股份有限公司觀音廠,0001,H5301548,桃園市,觀音區,桃園市觀音區白玉里中興路200號,1140,印染整理業,26465.64,23.48,130.98,1.88,0.00,0.00,0.00,7871.06,34493.03,依法申報,是,68000,68000120
103,7014916,大同染整股份有限公司桃園廠,0001,H4600579,桃園市,蘆竹區,桃園市蘆竹區南崁里圳佳路27號,1140,印染整理業,34374.43,27.91,169.38,0.30,0.00,0.00,0.00,10381.24,44953.26,依法申報,是,68000,68000050
103,4382114,中國合成橡膠股份有限公司碳煙廠,0001,S1900569,高雄市,林園區,高雄市林園區石化四路1號,1820,石油化工原料製造業,205647.01,7.59,1.71,2.12,0.00,0.00,0.00,33805.81,239464.23,依法申報,是,64000,64000130
103,4380087,合眾紙業股份有限公司林內廠,0001,P5500191,雲林縣,林內鄉,雲林縣林內鄉林中村瑞農六五號,1512,紙張製造業,35501.25,44.08,165.57,1.27,0.00,0.00,0.00,29480.68,65192.85,依法申報,是,10009,10009100
103,3244509,亞洲水泥股份有限公司花蓮製造廠,0001,U9400115,花蓮縣,新城鄉,花蓮縣新城鄉新城村新興路125號,2331,水泥製造業,3620329.08,335.15,6809.62,172.16,0.00,0.00,0.00,180481.90,3808127.90,依法申報,是,10015,10015040
103,3084741,中國石油化學工業開發股份有限公司小港廠,0001,E5600850,高雄市,小港區,高雄市小港區中林路34號,1810,基本化學材料製造業,150608.20,62.54,217039.96,1.43,0.00,0.00,0.00,145054.31,512766.44,依法申報,是,64000,64000110
103,84252697,榮剛材料科技股份有限公司新營廠,0000,R8400827,臺南市,新營區,臺南市新營區新中路35號,2411,鋼鐵冶鍊業,88452.78,122.35,115.91,11.12,0.00,0.00,0.00,94165.12,182867.28,依法申報,是,67000,67000010
103,80629340,九滎股份有限公司瓊林廠,0000,F0622537,新北市,新莊區,新北市新莊區瓊林南路301巷2號,1140,印染整理業,26078.42,14.63,129.21,0.00,0.00,0.00,0.00,3894.48,30116.74,依法申報,是,65000,65000050
103,73686632,得力實業股份有限公司,0000,R0300606,臺南市,新市區,臺南市新市區三舍里240號,1140,印染整理業,47274.86,27.78,220.57,1.51,0.00,0.00,0.00,29771.38,77296.10,依法申報,是,67000,67000200
103,59504506,正新橡膠工業股份有限公司,0000,N2100552,彰化縣,大村鄉,彰化縣大村鄉美港路215號,2109,其他橡膠製品製造業,44542.84,365.22,60.92,24.14,0.00,1195.00,0.00,48956.91,95145.02,依法申報,是,10007,10007130
103,49701774,冠軍建材股份有限公司第二廠,0000,K8201149,苗栗縣,造橋鄉,苗栗縣造橋鄉豐湖村1鄰乳姑山2號,2329,其他陶瓷製品製造業,63788.86,80.09,51.65,5.87,0.00,0.00,0.00,30243.01,94169.48,依法申報,是,10005,10005150
103,34557673,錦紅實業股份有限公司,0000,F0701319,新北市,樹林區,新北市樹林區武林街一五號,1140,印染整理業,31901.07,20.58,158.04,2.16,0.00,0.00,0.00,4589.07,36670.92,依法申報,是,65000,65000070
103,34263157,三洋窯業股份有限公司,0000,F0801707,新北市,鶯歌區,新北市鶯歌區八德路16號,2399,未分類其他非金屬礦物製品製造業,36923.80,40.25,50.31,1.17,0.00,0.00,0.00,10526.93,47542.46,依法申報,是,65000,65000080
103,12745455,源鋼企業股份有限公司,0000,E56A7340,高雄市,小港區,高雄市小港區大業南路54號,2413,鋼鐵軋延及擠型業,32413.87,36.90,78.15,0.52,0.00,0.00,0.00,16255.20,48784.64,依法申報,是,64000,64000110
103,22663571,福隆玻璃纖維股份有限公司,0001,Q6901613,嘉義縣,民雄鄉,嘉義縣民雄鄉民雄工業區中華路89號,2399,未分類其他非金屬礦物製品製造業,37136.08,38.01,19.53,166.61,0.00,0.00,0.00,23590.67,60950.91,依法申報,是,10010,10010050
103,22662355,臺灣必成股份有限公司新港廠,0001,Q7100245,嘉義縣,新港鄉,嘉義縣新港鄉中洋村中洋工業區2之1號,2313,玻璃纖維製造業,88459.56,123.05,157.91,364.00,0.00,0.00,0.00,160431.41,249535.93,依法申報,是,10010,10010070
103,22327037,永豐餘消費品實業股份有限公司清水廠,0001,L8900676,臺中市,清水區,臺中市清水區海風里舊庄路258號,1591,家庭及衛生用紙製造業,25254.84,20.48,123.91,0.39,0.00,2.39,0.00,17791.94,43193.95,依法申報,是,66000,66000120
103,22318678,亞東石化股份有限公司,0001,H5300078,桃園市,觀音區,桃園市觀音區經建四路四七號,1820,石油化工原料製造業,133182.89,53.38,116.93,89.70,0.00,0.00,0.00,70437.43,203880.33,依法申報,是,68000,68000120
103,22099890,元太科技工業股份有限公司,0001,O1706049,新竹市,東區,"新竹市東區科學工業園區力行一路 3 號",2641,液晶面板及其組件製造業,106.01,22.26,71.98,0.00,0.00,5180.33,0.00,32078.86,37459.43,依法申報,是,10018,10018010
103,22099218,華邦中科廠,0001,L9506056,臺中市,大雅區,臺中市大雅區科雅一路八號,2611,積體電路製造業,10051.43,48.27,9842.50,3413.87,15436.98,2581.20,0.00,177709.08,219083.32,依法申報,是,66000,66000180
103,22099174,元隆電子股份有限公司,0001,O1700798,新竹市,東區,新竹市東區研發二路一六、一八、二Ｏ號,2611,積體電路製造業,10.69,0.07,1854.02,16096.84,8887.06,645.30,0.00,14644.78,42138.75,依法申報,是,10018,10018010
103,22099131,臺灣積體電路製造股份有限公司二廠,0001,J6300557,新竹縣,寶山鄉,新竹縣寶山鄉新竹科學園區園區三路121號,2611,積體電路製造業,2186.58,4.95,3256.80,2175.39,26639.43,13270.85,0.00,72583.22,120117.22,依法申報,是,10004,10004100
103,22099110,臺灣茂矽電子股份有限公司,0001,O1704812,新竹市,東區,新竹市東區科學園區研新一路1號,2611,積體電路製造業,58.96,48.14,645.27,0.65,54805.46,2753.28,0.00,52293.22,110604.98,依法申報,是,10018,10018010
103,20939460,立安東化工股份有限公司三義廠,0001,k8000366,苗栗縣,三義鄉,苗栗縣三義鄉鯉魚潭村鯉魚口99號,1810,基本化學材料製造業,90710.64,46.70,420.89,12.42,0.00,0.00,0.00,16318.66,107509.31,依法申報,是,10005,10005130
103,20844865,臺灣苯乙烯工業股份有限公司高雄廠,0001,S1900658,高雄市,林園區,高雄市林園區工業一路7號,1820,石油化工原料製造業,186793.32,119.29,319.39,19.44,0.00,0.00,0.00,62703.27,249954.72,依法申報,是,64000,64000130
103,19084015,臺灣氯乙烯工業股份有限公司林園廠,0001,S1900372,高雄市,林園區,高雄市林園區工業一路1號,1820,石油化工原料製造業,133614.57,2667.84,159.28,2.77,0.00,0.00,0.00,69938.46,206382.91,依法申報,是,64000,64000130
103,16834268,富喬工業股份有限公司,0001,P4602758,雲林縣,斗六市,雲林縣斗六市斗工十六路8號,2313,玻璃纖維製造業,49526.04,864.27,74.37,1.81,0.00,0.00,0.00,63593.12,114059.62,依法申報,是,10009,10009010
103,16635562,豐年豐和企業股份有限公司上崙一廠,0001,R1002547,臺南市,仁德區,臺南市仁德區上崙里崑崙路201號,0840,食用油脂製造業,33176.29,12591.07,79.89,0.17,0.00,0.00,0.00,10619.65,56467.06,依法申報,是,67000,67000270
103,16596337,新桃電力股份有限公司,0001,J5601064,新竹縣,關西鎮,新竹縣關西鎮臺電新村66號,3510,電力供應業,811935.81,304.94,448.88,0.78,0.00,143.40,0.00,8466.33,821300.14,依法申報,是,10004,10004040
103,16450500,瀚宇彩晶南科TFT-LCD三廠,0001,R0305156,臺南市,新市區,臺南市新市區南科二路35號,2641,液晶面板及其組件製造業,4452.98,175.50,2.33,1906.12,0.00,102524.69,0.00,197788.27,306849.88,依法申報,是,67000,67000200
103,16197211,元耀科技股份有限公司,0001,g3401079,宜蘭縣,礁溪鄉,宜蘭縣礁溪鄉龍潭村龍泉路189號,2699,未分類其他電子零組件製造業,5.34,7.92,0.12,0.00,0.00,0.00,0.00,3197.06,3210.45,依法申報,是,10002,10002050
103,16130423,宏捷科技股份有限公司南科大利廠,0001,R0301603,臺南市,新市區,臺南市新市區大利一路6號,2611,積體電路製造業,51.56,38.68,0.19,186.16,5679.34,0.00,0.00,8668.50,14624.42,依法申報,是,67000,67000200
103,16096852,和平電力股份有限公司,0001,U0100258,花蓮縣,秀林鄉,花蓮縣秀林鄉和平村和工二路七號,3510,電力供應業,7828541.39,31215.80,38332.49,142.97,0.00,14189.43,0.00,1051.93,7913474.03,依法申報,是,10015,10015110
103,16007423,泰利實業股份有限公司五股廠,0001,F1507182,新北市,五股區,新北市五股區凌雲路2段16號,1140,印染整理業,48446.41,26.72,236.38,0.00,0.00,0.00,0.00,6068.57,54778.07,依法申報,是,65000,65000150
103,15395706,義芳化學工業股份有限公司桃園廠,0001,H4601227,桃園市,蘆竹區,桃園市蘆竹區海湖里海湖東路377號,1810,基本化學材料製造業,386468.08,108.14,1895.56,792.00,0.00,0.00,0.00,35801.45,425065.23,依法申報,是,68000,68000050
103,11914002,臺灣玻璃工業股份有限公司桃園廠,0001,H5300916,桃園市,觀音區,桃園市觀音區樹林里經建五路1號,2313,玻璃纖維製造業,54556.03,83.01,81.38,1888.90,0.00,0.00,0.00,56348.44,112957.75,依法申報,是,68000,68000120
103,11913502,臺灣水泥股份有限公司和平分公司和平廠,0001,U0100187,花蓮縣,秀林鄉,花蓮縣秀林鄉和平村和平263號,2331,水泥製造業,2288984.23,219.97,4109.48,3.64,0.00,0.00,0.00,120174.69,2413492.02,依法申報,是,10015,10015110
103,11912102,臺灣紙業股份有限公司新營紙廠,0001,R8400416,臺南市,新營區,臺南市新營區南紙街94號,1511,紙漿製造業,66088.65,304.50,1718.52,45.74,0.00,0.00,0.00,66933.91,135091.32,依法申報,是,67000,67000010
103,11384806,長春石油化學股份有限公司大發廠,0001,S2001314,高雄市,大寮區,高雄市大寮區建業路11號,1810,基本化學材料製造業,620282.39,7589.49,3046.59,0.00,0.00,0.00,0.00,54382.52,685301.00,依法申報,是,64000,64000140
103,11384708,長春人造樹脂廠股份有限公司新竹廠,0001,J5901658,新竹縣,湖口鄉,新竹縣湖口鄉鳳山村中華路8號,1841,合成樹脂及塑膠製造業,385133.89,204.49,1785.94,625.21,0.00,0.00,0.00,8208.88,395958.41,依法申報,是,10004,10004050
103,11085292,中華映管股份有限公司桃園廠,0001,H4903244,桃園市,八德區,桃園市八德區和平路1127號,2641,液晶面板及其組件製造業,9202.36,2338.30,683.43,29.79,9149.40,158232.58,0.00,87990.09,267625.94,依法申報,是,68000,68000080
103,11083148,東華合纖股份有限公司l新竹廠,0001,J5500526,新竹縣,竹北市,新竹縣竹北市泰和里125號,1850,人造纖維製造業,88908.52,34.46,437.13,0.00,0.00,0.00,0.00,4220.10,93600.21,依法申報,是,10004,10004010
103,7838854,中鴻鋼鐵股份有限公司熱軋廠,0001,S1602102,高雄市,岡山區,高雄市岡山區嘉興里興隆街五七六、之一、之二、之三、之五號,2413,鋼鐵軋延及擠型業,125137.25,76.11,74.90,0.11,0.00,0.00,0.00,111252.26,236540.63,依法申報,是,64000,64000190
103,7663290,力麗企業股份有限公司彰化化纖總廠,0001,N2902234,彰化縣,芳苑鄉,彰化縣芳苑鄉後寮村工業路38號,1850,人造纖維製造業,142066.75,493.52,677.26,3.94,0.00,0.00,0.00,60541.82,203783.29,依法申報,是,10007,10007230
103,7568009,環球水泥股份有限公司阿蓮廠,0001,S2800200,高雄市,阿蓮區,高雄市阿蓮區崗山里95之2號,2331,水泥製造業,226.33,2.63,3.84,0.65,0.00,0.00,0.00,9865.66,10099.11,依法申報,是,64000,64000230
103,3795904,臺灣電力股份有限公司南部發電廠,0330,E5400878,高雄市,前鎮區,高雄市前鎮區成功二路五號,3510,電力供應業,1822899.28,718.44,1007.53,83.07,0.00,2638.56,0.00,8209.18,1835556.06,依法申報,是,64000,64000090
103,3795904,臺灣電力股份有限公司林口發電廠,0320,F1700736,新北市,林口區,新北市林口區下福里139-1號,3510,電力供應業,2495102.24,6253.47,12223.21,15.08,0.00,28.68,0.00,2846.78,2516469.45,依法申報,是,65000,65000170
103,22099131,臺灣積體電路製造股份有限公司十四B廠,0014,D9000746,臺南市,善化區,臺南市善化區南科九路17號,2611,積體電路製造業,13365.95,133.55,38514.93,1682.94,12352.68,516.24,0.00,594854.77,661421.06,依法申報,是,67000,67000190
103,12800225,群創光電股份有限公司觸控模組廠,0014,D9001225,臺南市,善化區,臺南市善化區南科八路12號(A棟3F、4FA區，B棟3FA區),2649,其他光電材料及元件製造業,0.00,72.92,0.00,0.00,0.00,0.00,0.00,10106.81,10179.73,依法申報,是,67000,67000190
103,22099131,臺灣積體電路製造股份有限公司十二廠六期,0013,J63A1591,新竹縣,寶山鄉,新竹縣寶山鄉園區二路166號,2611,積體電路製造業,6598.99,2.75,8364.61,484.30,3463.79,150.57,0.00,275320.57,294385.58,依法申報,是,10004,10004100
103,12800225,群創光電股份有限公司觸控南科二廠,0013,D0300281,臺南市,新市區,"臺南市新市區環西路一段3號(TSOC 2F A區、B區、C區)",2641,液晶面板及其組件製造業,114.06,2.84,0.06,0.00,0.00,0.00,0.00,8696.73,8813.69,依法申報,是,67000,67000200
103,22099131,臺灣積體電路製造股份有限公司15廠,0012,L95A2041,臺中市,大雅區,臺中市大雅區科雅六路一號,2611,積體電路製造業,19777.29,100.02,90754.08,3236.06,22535.14,2473.65,0.00,703535.06,842411.30,依法申報,是,66000,66000180
103,12800225,群創光電股份有限公司觸控南科廠,0012,R90A1716,臺南市,善化區,臺南市善化區南科八路12號(B棟2F),2641,液晶面板及其組件製造業,170.91,4.33,0.09,0.00,0.00,0.00,0.00,35423.46,35598.80,依法申報,是,67000,67000190
103,58650902,臺灣化學纖維股份有限公司彰化廠,0011,N0702450,彰化縣,彰化市,彰化縣彰化市彰化市中庄里中山路3段359號、臺化莊352號,1850,人造纖維製造業,1084511.58,319.19,5289.75,933.90,0.00,0.00,0.00,0.00,1091054.41,依法申報,是,10007,10007010
103,12800225,群創光電股份有限公司C廠,0011,R90A1469,臺南市,善化區,"臺南市善化區南科八路12號(不包含A棟1F A區B區、4F及B棟)",2641,液晶面板及其組件製造業,71.37,33.10,0.03,0.00,0.00,0.00,0.00,19367.41,19471.91,依法申報,是,67000,67000190
103,58650902,臺灣化學纖維股份有限公司龍德廠,0010,G3700791,宜蘭縣,冬山鄉,宜蘭縣冬山鄉大興村龍祥十路二號,1820,石油化工原料製造業,1263932.27,15785.44,5906.52,737.62,0.00,0.00,0.00,0.00,1286361.85,依法申報,是,10002,10002080
103,22099548,旺宏電子股份有限公司晶圓一廠,0010,O1704787,新竹市,東區,新竹市東區研新三路3號,2611,積體電路製造業,635.87,0.25,1541.72,2588.04,39478.07,17877.20,0.00,38923.39,101044.54,依法申報,是,10018,10018010
103,22099131,臺灣積體電路製造股份有限公司十四廠,0010,R9001677,臺南市,善化區,臺南市善化區南科北路1-1號,2611,積體電路製造業,13964.27,173.54,127391.56,10578.95,67624.07,1978.92,0.00,761961.45,983672.74,依法申報,是,67000,67000190
103,12800225,群創光電股份有限公司F廠,0010,S29A1607,高雄市,路竹區,南科高雄園區高雄市路竹區路科十路11號,2641,液晶面板及其組件製造業,1849.39,47.76,0.93,39.68,0.00,12740.16,0.00,205950.89,220628.80,依法申報,是,64000,64000240
103,47217677,聯華電子股份有限公司Fab8S廠,0009,J63A0048,新竹縣,寶山鄉,新竹科學工業園區新竹縣研新一路16號,2611,積體電路製造業,1247.45,18.70,5713.46,3256.74,9607.14,4947.30,0.00,68597.90,93388.68,依法申報,是,10004,10004100
103,22099131,臺灣積體電路製造股份有限公司十二廠四期/五期,0009,J63A1056,新竹縣,寶山鄉,新竹縣寶山鄉科學工業園區園區二路168號,2611,積體電路製造業,7363.44,107.26,31860.47,799.08,5836.53,430.20,0.00,345250.44,391647.42,依法申報,是,10004,10004100
103,12800225,群創光電股份有限公司D廠,0009,R03A1913,臺南市,新市區,臺南科學工業園區臺南市新市區環西路一段3號,2641,液晶面板及其組件製造業,8545.26,237.20,3.69,1779.53,0.00,52926.65,0.00,686244.23,749736.55,依法申報,是,67000,67000200
103,84149738,友達光電股份有限公司后里廠,0008,L92A0931,臺中市,后里區,臺中市后里區馬場路1號,2641,液晶面板及其組件製造業,2583.82,105.24,5101.39,0.00,0.00,12260.70,0.00,158602.62,178653.77,依法申報,是,66000,66000150
103,75708007,臺灣塑膠工業股份有限公司林園廠,0008,S1900685,高雄市,林園區,高雄市林園區石化一路1號,1810,基本化學材料製造業,773045.02,325.64,3359.56,623.28,0.00,143.40,0.00,86649.80,864146.71,依法申報,是,64000,64000130
103,47217677,聯華電子股份有限公司Fab8F廠,0008,O1708632,新竹市,東區,新竹市東區力行六路三號,2611,積體電路製造業,3260.32,22.64,5162.37,2278.40,15369.40,3097.44,0.00,86260.09,115450.66,依法申報,是,10018,10018010
103,22099131,臺灣積體電路製造股份有限公司十二廠研新廠,0008,J63A0107,新竹縣,寶山鄉,新竹科學工業園區新竹縣寶山鄉研新二路六號,2611,積體電路製造業,2202.26,1.26,45111.17,6872.35,33937.60,1485.32,0.00,141107.73,230717.70,依法申報,是,10004,10004100
103,11914002,臺灣玻璃工業股份有限公司鹿港平板廠,0006,N08A1098,彰化縣,鹿港鎮,彰化縣鹿港鎮鹿工路十一號,2311,平板玻璃及其製品製造業,130667.37,90.22,233.55,7.24,0.00,0.00,0.00,17516.76,148515.15,依法申報,是,10007,10007020
103,84149738,友達光電,0005,B2313780,臺中市,西屯區,臺中市西屯區中部科學園區中科路1號,2641,液晶面板及其組件製造業,16520.63,481.07,22903.82,0.00,0.00,65744.12,0.00,1033178.13,1138827.77,依法申報,是,66000,66000060
103,75708007,臺灣塑膠工業股份有限公司仁武廠,0005,S2201109,高雄市,仁武區,高雄市仁武區水管路一○○號,1810,基本化學材料製造業,2779691.26,931.42,13427.62,2209.46,670.68,255.73,0.00,13192.91,2810379.08,依法申報,是,64000,64000170
103,58650902,臺灣化學纖維股份有限公司海豐廠,0005,P5802092,雲林縣,麥寮鄉,雲林縣麥寮鄉中興村臺塑工業園區23號,1810,基本化學材料製造業,1380422.35,193.76,52.95,2777.58,0.00,81.26,0.00,2176625.57,3560153.47,依法申報,是,10009,10009130
103,47217677,聯華電子股份有限公司Fab8A廠,0005,O1706209,新竹市,東區,新竹市東區力行二路三、五號,2611,積體電路製造業,4562.78,38.12,17626.76,4745.46,33621.28,40869.00,0.00,121767.85,223231.24,依法申報,是,10018,10018010
103,22099548,旺宏電子股份有限公司晶圓五廠,0005,O17A6887,新竹市,東區,新竹市東區力行路19號,2611,積體電路製造業,1705.33,78.49,3162.62,6534.07,50805.53,3061.59,0.00,107540.11,172887.74,依法申報,是,10018,10018010
103,3795904,臺灣電力股份有限公司塔山發電廠夏興分廠,0543,W0404930,金門縣,金湖鎮,金門縣金湖鎮正義里夏興1號,3510,電力供應業,29906.43,25.44,75.11,0.00,0.00,0.00,0.00,0.00,30006.98,依法申報,是,09020,09020030
103,3795904,臺灣電力股份有限公司塔山發電廠,0391,W0504775,金門縣,金城鎮,金門縣金城鎮金水里西海路一段二號,3510,電力供應業,160883.11,139.42,388.24,4.66,0.00,0.00,0.00,45.53,161460.96,依法申報,是,09020,09020010
103,3795904,臺灣電力股份有限公司尖山發電廠,0390,X0501232,澎湖縣,湖西鄉,澎湖縣湖西鄉尖山村29之2號,3510,電力供應業,253186.52,223.22,603.73,2.08,0.00,0.00,0.00,236.22,254251.77,依法申報,是,10016,10016020
103,3795904,臺灣電力股份有限公司大潭發電廠,0380,H5307960,桃園市,觀音區,桃園市觀音區大潭里電廠路1號,3510,電力供應業,9198590.66,3449.70,5087.88,2439.60,0.00,2882.34,0.00,2158.05,9214608.22,依法申報,是,68000,68000120
103,3795904,臺灣電力股份有限公司臺中發電廠,0371,L0200473,臺中市,龍井區,臺中市龍井區麗水里龍昌路1號,3510,電力供應業,39317399.37,102808.93,192668.88,197.41,0.00,8238.33,0.00,29957.71,39651270.63,依法申報,是,66000,66000250
103,3795904,臺灣電力股份有限公司通霄發電廠,0370,K7000764,苗栗縣,通霄鎮,苗栗縣通霄鎮海濱路1之31號,3510,電力供應業,4662571.25,1798.26,2579.76,34.38,0.00,5188.69,0.00,3109.47,4675281.80,依法申報,是,10005,10005030
103,3795904,臺灣電力股份有限公司協和發電廠,0360,C1400170,基隆市,中山區,基隆市中山區協和里文化路80號,3510,電力供應業,3818668.45,3179.43,9182.67,48.73,0.00,1386.20,0.00,12047.08,3844512.55,依法申報,是,10017,10017050
103,3795904,臺灣電力股份有限公司興達發電廠,0341,S3200688,高雄市,永安區,高雄市永安區鹽田里興達路6號,3510,電力供應業,19896941.06,39508.26,76580.66,13.99,0.00,8816.71,0.00,6690.58,20028551.26,依法申報,是,64000,64000270
103,3795904,臺灣電力股份有限公司大林發電廠,0340,E5600896,高雄市,小港區,高雄市小港區鳳森里大林路3號,3510,電力供應業,2443893.99,1252.44,2535.89,140.12,0.00,0.00,0.00,1297.84,2449120.28,依法申報,是,64000,64000110
103,12800225,群創光電股份有限公司B廠,0008,R03A1894,臺南市,新市區,臺南科學工業園區臺南市新市區環西路2段2號,2641,液晶面板及其組件製造業,6189.90,94.73,15.10,2259.08,0.00,256302.91,0.00,465916.74,730778.45,依法申報,是,67000,67000200
103,84149738,友達光電股份有限公司桃園分公司,0007,H5002362,桃園市,龍潭區,桃園市龍潭區三和里新和路1號,2641,液晶面板及其組件製造業,4381.98,196.22,5371.77,0.00,0.00,77635.40,0.00,242974.39,330559.77,依法申報,是,68000,68000090
103,47217677,聯華電子股份有限公司Fab8E廠,0007,O1706692,新竹市,東區,新竹科學工業園區新竹市東區力行路17號,2611,積體電路製造業,2263.03,20.99,2839.23,5967.21,15165.88,11400.30,0.00,81060.17,118716.81,依法申報,是,10018,10018010
103,22099131,臺灣積體電路製造股份有限公司十二廠,0007,O1709308,新竹市,東區,新竹市東區力行六路八號,2611,積體電路製造業,3081.74,80.79,25105.78,9016.41,32947.21,8168.42,0.00,277832.21,356232.57,依法申報,是,10018,10018010
103,12800225,群創光電股份有限公司A廠,0007,R03A1903,臺南市,新市區,臺南市新市區奇業路1號,2641,液晶面板及其組件製造業,908.26,23.17,95.51,0.26,0.00,26585.36,0.00,70232.47,97845.02,依法申報,是,67000,67000200
103,84149738,友達光電股份有限公司,0006,H4888493,桃園市,龜山區,桃園市龜山區文化里華亞二路189號,2649,其他光電材料及元件製造業,8225.13,35.09,3297.44,0.00,965.95,6807.92,0.00,293068.83,312400.36,依法申報,是,68000,68000070
103,58650902,臺灣化學纖維股份有限公司麥寮廠,0006,P5801773,雲林縣,麥寮鄉,雲林縣麥寮鄉中興村臺塑工業園區5號及3之1號,1810,基本化學材料製造業,537028.13,290.05,555.83,26964.18,0.00,45.41,0.00,1211503.95,1776387.55,依法申報,是,10009,10009130
103,47217677,聯華電子股份有限公司Fab8C廠,0006,O1706941,新竹市,東區,新竹市東區力行三路6號,2611,積體電路製造業,3096.23,20.96,4591.81,1768.64,35065.84,9421.38,0.00,82967.48,136932.33,依法申報,是,10018,10018010
103,27719048,永豐餘工業紙股份有限公司成功廠,0006,L0000624,臺中市,烏日區,臺中市烏日區中山路3段546號,1511,紙漿製造業,93961.08,226.47,727.07,4.92,0.00,0.00,0.00,44583.01,139502.56,依法申報,是,66000,66000230
103,22099131,臺灣積體電路製造股份有限公司八廠,0006,O1713311,新竹市,東區,新竹市東區力行路25號,2611,積體電路製造業,5066.74,44.96,29247.69,9069.03,74301.36,6022.80,0.00,179446.99,303199.58,依法申報,是,10018,10018010
103,75370905,南亞塑膠工業股份有限公司新港廠,9501,Q7100272,嘉義縣,新港鄉,嘉義縣新港鄉嘉義縣新港鄉中洋村中洋工業區2號,2201,塑膠皮、板、管材製造業,42915.91,238.90,51.80,1313.70,0.00,0.00,0.00,666844.93,711365.23,依法申報,是,10010,10010070
103,75370905,南亞塑膠工業股份有限公司樹林廠,9500,F0701702,新北市,樹林區,新北市樹林區味王街五五號,1841,合成樹脂及塑膠製造業,373849.35,168.28,1781.82,757.68,0.00,0.00,0.00,4946.58,381503.70,依法申報,是,65000,65000070
103,75370905,南亞塑膠工業股份有限公司嘉義廠,9400,Q7600375,嘉義縣,太保市,嘉義縣太保市嘉義縣太保市北港路二段201號,2201,塑膠皮、板、管材製造業,298775.21,146.25,1465.09,259.28,0.46,0.00,0.00,5111.64,305757.92,依法申報,是,10010,10010010
103,75370905,南亞塑膠工業股份有限公司錦興公用廠,9221,H4601398,桃園市,蘆竹區,桃園市蘆竹區南崁路一段336號,2399,未分類其他非金屬礦物製品製造業,765289.78,189.05,3759.53,0.00,0.00,0.00,0.00,13004.16,782242.51,依法申報,是,68000,68000050
103,75370905,南亞塑膠工業股份有限公司林口二廠,9220,F1600491,新北市,泰山區,新北市泰山區南林路102號,1841,合成樹脂及塑膠製造業,305682.97,211.21,1448.91,61.72,0.00,0.00,0.00,25719.20,333124.01,依法申報,是,65000,65000160
103,75370905,南亞塑膠工業股份有限公司工三廠,5G00,H4801478,桃園市,龜山區,桃園市龜山區文明路6號,1159,其他紡織品製造業,179417.37,248.94,421.41,0.00,0.00,0.00,0.00,288322.23,468409.95,依法申報,是,68000,68000070
103,96975970,麥寮汽電股份有限公司,11A0,P5801719,雲林縣,麥寮鄉,雲林縣麥寮鄉中興村臺塑工業園區7號,3510,電力供應業,11799521.68,2648.48,57800.21,0.78,0.00,2186.85,0.00,0.00,11862158.01,依法申報,是,10009,10009130
103,4312878,和益化學工業股份有限公司,0001,s1900283,高雄市,林園區,高雄市林園區石化三路9號,1810,基本化學材料製造業,75095.58,46.10,93.43,0.00,0.00,0.00,0.00,24991.18,100226.30,依法申報,是,64000,64000130
103,4212250,國喬石油化學股份有限公司,0001,S2300429,高雄市,大社區,高雄市大社區興工路4號,1700,石油及煤製品製造業,593067.59,3500.45,2665.63,103.62,0.00,0.00,0.00,2613.34,601950.62,依法申報,是,64000,64000160
103,3794905,臺灣糖業股份公司小港廠,0001,E5600869,高雄市,小港區,高雄市小港區小港路133號,0893,製糖業,89987.49,90.61,226.86,2.21,0.00,0.00,0.00,4723.78,95030.95,依法申報,是,64000,64000110
103,3553737,臺橡股份有限公司~高雄區,0001,S2300438,高雄市,大社區,高雄市大社區興工路二號,1842,合成橡膠製造業,95850.28,79.65,90.83,858.00,0.00,0.00,0.00,59291.54,156170.30,依法申報,是,64000,64000160
103,3279507,信大水泥股份有限公司南聖湖廠,0001,G3200849,宜蘭縣,蘇澳鎮,宜蘭縣蘇澳鎮聖湖里中山路二段二三五號,2331,水泥製造業,695352.68,75.59,1311.61,0.00,0.00,0.00,0.00,54184.90,750924.79,依法申報,是,10002,10002030
103,70783006,華亞汽電股份有限公司華亞汽電廠,0001,H4810851,桃園市,龜山區,桃園市龜山區文化里華亞一路九八號,3510,電力供應業,2087240.69,473.01,10249.53,0.00,0.00,501.90,0.00,14344.59,2112809.72,依法申報,是,68000,68000070
103,70005915,千興不銹鋼股份有限公司一貫作業廠,0001,R8700484,臺南市,麻豆區,臺南市麻豆區小埤里工業路222號,2544,金屬表面處理業,10472.99,7.71,9.15,0.00,0.00,0.00,0.00,15004.80,25494.65,依法申報,是,67000,67000070
103,69771636,威致鋼鐵工業股份有限公司官田廠,0001,R9701341,臺南市,官田區,臺南市官田區南&#24269;里南&#24269;123號,2411,鋼鐵冶鍊業,79604.60,57.55,73.63,8.58,0.00,0.00,0.00,193915.37,273659.72,依法申報,是,67000,67000100
103,68387705,奇美實業股份有限公司(仁德廠),0001,R1002065,臺南市,仁德區,臺南市仁德區三甲里59~1號A棟、59~4號,2203,工業用塑膠製品製造業,200857.94,381.24,568.45,4617.09,0.00,0.00,0.00,307568.74,513993.47,依法申報,是,67000,67000270
103,57104700,英全化學工業股份有限公司全興廠,0001,N1602191,彰化縣,伸港鄉,彰化縣伸港鄉興工路33號,1842,合成橡膠製造業,19416.07,29.38,51.24,0.59,0.00,0.00,0.00,6391.17,25888.44,依法申報,是,10007,10007050
103,55695790,建順煉鋼股份有限公司,0001,K7000513,苗栗縣,通霄鎮,苗栗縣通霄鎮五北里68-4號,2411,鋼鐵冶鍊業,58872.86,46.70,63.92,286.26,0.00,0.00,0.00,164137.35,223407.10,依法申報,是,10005,10005030
103,55389357,豐興鋼鐵股份有限公司,0001,L9200728,臺中市,后里區,臺中市后里區甲后路702號,2411,鋼鐵冶鍊業,302146.77,175.56,364.68,93.08,0.00,0.00,0.00,505026.51,807806.60,依法申報,是,66000,66000150
103,53170263,聯穎光電股份有限公司竹科廠,0001,J63A1719,新竹縣,寶山鄉,新竹縣創新一路10號2樓,2611,積體電路製造業,66.18,4.25,0.00,0.00,525.23,455.58,0.00,4149.32,5200.56,依法申報,是,10004,10004100
103,50301500,廣源造紙股份有限公司臺中廠,0001,L8801052,臺中市,大甲區,臺中市大甲區工一路1號,1513,紙板製造業,100135.87,572.76,1234.54,1.17,0.00,0.00,0.00,47130.08,149074.42,依法申報,是,66000,66000110
103,27945086,星元電力股份有限公司(星元天然氣發電廠),0001,N1505633,彰化縣,線西鄉,彰化縣線西鄉慶安南二路二號,3510,電力供應業,746773.95,917.06,413.51,0.00,0.00,0.00,0.00,5585.12,753689.64,依法申報,是,10007,10007040
103,27719048,永豐餘工業用紙股份有限公司新屋廠,0001,H5200215,桃園市,新屋區,桃園市新屋區永安里7鄰永福路281號,1599,未分類其他紙製品製造業,337667.66,774.23,2487.10,39.12,0.00,0.00,0.00,33108.09,374076.20,依法申報,是,68000,68000110
103,27208480,尚承鋼鐵股份有限公司,0001,E56A2617,高雄市,小港區,高雄市小港區龍鳳里大業南路7號,2413,鋼鐵軋延及擠型業,92662.65,97.69,223.51,0.00,0.00,0.00,0.00,67517.68,160501.53,依法申報,是,64000,64000110
103,23528103,敦南科技股份有限公司基隆廠,0001,C1500291,基隆市,安樂區,基隆市安樂區武訓街28-1號,2699,未分類其他電子零組件製造業,18.10,26.97,31.53,146.98,316.39,0.00,0.00,11991.54,12531.50,依法申報,是,10017,10017060
103,23218395,燁聯鋼鐵股份有限公司,0001,S1601990,高雄市,岡山區,高雄市岡山區興隆街600號,2411,鋼鐵冶鍊業,279676.15,257.63,187.05,19.50,0.00,0.00,0.00,372314.24,652454.58,依法申報,是,64000,64000190
103,22956176,東展興業股份有限公司,0001,R0500400,臺南市,山上區,臺南市山上區北勢洲９８號,1810,基本化學材料製造業,223783.84,1206.71,983.88,0.00,0.00,0.00,0.00,13190.59,239165.03,依法申報,是,67000,67000220
103,22822748,聯成鋼鐵股份有限公司桃園廠,0001,H5200617,桃園市,新屋區,桃園市新屋區石磊里4鄰中華路996號,2411,鋼鐵冶鍊業,33558.36,14.86,9.49,4.23,0.00,0.00,0.00,70587.58,104174.51,依法申報,是,68000,68000110
103,11914002,臺灣玻璃工業股份有限公司鹿港廠,0002,N0803765,彰化縣,鹿港鎮,彰化縣鹿港鎮鹿工路11號,2313,玻璃纖維製造業,46909.18,102.24,62.90,1051.73,0.00,0.00,0.00,71850.16,119976.21,依法申報,是,10007,10007020
103,11913502,臺灣水泥股份有限公司花蓮廠,0002,U9100978,花蓮縣,花蓮市,花蓮縣花蓮市民孝里華東103號,2331,水泥製造業,1198208.84,113.34,2474.08,0.00,0.00,0.00,0.00,64881.69,1265677.95,依法申報,是,10015,10015010
103,11384806,長春石油化學股份有限公司苗栗廠,0002,K6801089,苗栗縣,苗栗市,苗栗縣苗栗市福安里福星246、246-3號,1990,其他化學製品製造業,1132314.73,802.98,5552.10,888.68,0.00,0.00,0.00,31933.56,1171492.05,依法申報,是,10005,10005010
103,11085292,中華映管股份有限公司龍潭廠,0002,H5009450,桃園市,龍潭區,桃園市龍潭區三和里1鄰華映路1號,2641,液晶面板及其組件製造業,7584.44,12693.62,14585.19,4359.43,8066.76,209024.14,0.00,330819.16,587132.74,依法申報,是,68000,68000090
103,11038101,士林紙業股份有限公司永安紙廠,0002,H5200206,桃園市,新屋區,桃園市新屋區笨港里文化路二段9鄰1631號,1513,紙板製造業,104811.34,44.49,515.75,4.73,0.00,0.00,0.00,3412.34,108788.65,依法申報,是,68000,68000110
103,7435515,新光合成纖維股份有限公司中壢廠,0002,H5100952,桃園市,平鎮區,桃園市平鎮區廣仁里延平路三段二二三號,1123,玻璃纖維梭織布業,130101.03,239.78,362.73,962.15,0.00,0.00,0.00,174350.87,306016.56,依法申報,是,68000,68000100
103,3707901,臺灣中油股份有限公司煉製事業部高雄煉油廠,0002,E4900333,高雄市,楠梓區,高雄市楠梓區左楠路2號,1700,石油及煤製品製造業,961376.88,43814.60,373.27,295.92,0.00,0.00,0.00,130465.26,1136325.93,依法申報,是,64000,64000040
103,3244509,亞洲水泥股份有限公司新竹製造廠,0002,J6000230,新竹縣,橫山鄉,新竹縣橫山鄉大肚村中豐路2段109號,2331,水泥製造業,236395.72,27.95,459.36,0.00,0.00,0.00,0.00,19340.86,256223.89,依法申報,是,10004,10004080
103,3084741,中國石油化學工業開發股份有限公司頭份廠,0002,K7201001,苗栗縣,頭份市,苗栗縣頭份市中華路517號,1820,石油化工原料製造業,543811.91,214.91,306295.04,0.65,0.00,0.00,0.00,2293.23,852615.74,依法申報,是,10005,10005050
103,96976990,嘉惠電力(股)有限公司,0001,Q6907286,嘉義縣,民雄鄉,嘉義縣民雄鄉松山村4鄰松子腳688號,3510,電力供應業,884872.27,335.66,489.52,106.60,0.00,0.00,0.00,9741.04,895545.09,依法申報,是,10010,10010050
103,96971313,中鋼鋁業股份有限公司臨海廠,0001,E5600092,高雄市,小港區,高雄市小港區山明里東林路17號,2422,鋁鑄造業,78586.16,127.07,60.67,247.39,0.00,23.90,0.00,128252.27,207297.45,依法申報,是,64000,64000110
103,96933037,長生電力股份有限公司,0001,H4604568,桃園市,蘆竹區,桃園市蘆竹區濱海路一段199號,3510,電力供應業,1406376.25,531.52,777.36,0.43,0.00,7626.49,0.00,5301.70,1420613.75,依法申報,是,68000,68000050
103,94025264,中華紙漿股份有限公司花蓮廠,0001,U9500478,花蓮縣,吉安鄉,花蓮縣吉安鄉光華村光華街100號,1511,紙漿製造業,120085.44,969.54,4487.50,0.00,0.00,0.00,0.00,90523.96,216066.44,依法申報,是,10015,10015050
103,89528054,臺灣鋼聯股份有限公司,0001,N1607141,彰化縣,伸港鄉,彰化縣伸港鄉蚵寮村彰濱工業區線工北一路36號,1810,基本化學材料製造業,115137.79,7.20,20.24,0.48,0.00,0.00,0.00,12618.03,127783.74,依法申報,是,10007,10007050
103,86871981,潤泰精密材料股份有限公司宜蘭冬山廠,0001,G37A0585,宜蘭縣,冬山鄉,宜蘭縣冬山鄉安平村大安路三五七號,2331,水泥製造業,681499.15,74.87,1323.89,0.00,0.00,0.00,0.00,54291.67,737189.58,依法申報,是,10002,10002080
103,86685142,臺灣汽電共生股份有限公司官田廠,0001,R9702160,臺南市,官田區,臺南市官田區工業西路28號,3399,其他未分類製造業,350751.78,502.27,2234.45,0.00,0.00,0.00,0.00,4336.39,357824.88,依法申報,是,67000,67000100
103,86522210,臺塑石化股份有限公司麥寮一廠,0001,P5802421,雲林縣,麥寮鄉,雲林縣麥寮鄉臺塑工業園區7、15號,1810,基本化學材料製造業,16748882.42,9539.73,63977.43,485.53,0.68,4371.31,0.00,0.00,16827257.09,依法申報,是,10009,10009130
103,86120031,信昌化學工業股份有限公司林園廠,0001,S1901066,高雄市,林園區,高雄市林園區工業三路九號,1820,石油化工原料製造業,289564.09,149.26,404.61,0.52,0.00,0.00,0.00,208906.96,499025.44,依法申報,是,64000,64000130
103,86091319,錦群實業股份有限公司平鎮廠,0001,H5102616,桃園市,平鎮區,桃園市平鎮區工業七路8號,1140,印染整理業,20116.49,22.66,99.76,0.35,0.00,0.00,0.00,3419.01,23658.26,依法申報,是,68000,68000100
103,85803825,高雄塑酯化學股份有限公司,0001,S2300447,高雄市,大社區,高雄市大社區興工路一號,1810,基本化學材料製造業,103328.34,68.25,173.91,46.15,0.00,0.00,0.00,24941.89,128558.54,依法申報,是,64000,64000160
103,85793919,龍慶鋼鐵企業股份有限公司,0001,E5600798,高雄市,小港區,高雄市小港區利昌街4號,2413,鋼鐵軋延及擠型業,44632.74,37.17,74.77,12.78,0.00,0.00,0.00,118644.62,163402.07,依法申報,是,64000,64000110
103,85066002,中華紙漿股份有限公司久堂廠,0001,S2100223,高雄市,大樹區,高雄市大樹區久堂里久堂路112號,1512,紙張製造業,456954.96,196.16,2270.35,2.37,0.00,0.00,0.00,18848.53,478272.36,依法申報,是,64000,64000150
103,84994452,俊行記實業股份有限公司,0001,H4800239,桃園市,龜山區,桃園市龜山區湖山街180巷110號,2322,黏土建築材料製造業,41300.99,21.98,172.11,2.34,0.00,0.00,0.00,4513.09,46010.51,依法申報,是,68000,68000070
103,84613756,中龍鋼鐵股份有限公司,0001,L0200633,臺中市,龍井區,臺中市龍井區龍昌路100號,2411,鋼鐵冶鍊業,9757703.26,339.05,647.09,365.14,0.00,0.00,0.00,178316.26,9937370.81,依法申報,是,66000,66000250
103,84526079,大園汽電共生股份有限公司,0001,H4702336,桃園市,大園區,桃園市大園區北港里14鄰2-6號,3510,電力供應業,416307.80,100.66,2030.35,0.00,0.00,0.00,0.00,13719.39,432158.20,依法申報,是,68000,68000060
103,84149738,友達光電股份有限公司L3A廠,0001,O1708829,新竹市,東區,"新竹市東區力行六路5 號",2641,液晶面板及其組件製造業,1362.93,15.44,91.23,0.00,210.60,9034.20,0.00,35024.54,45738.94,依法申報,是,10018,10018010
103,84149385,力晶科技股份有限公司P1,0001,O1748716,新竹市,東區,新竹市新竹科學園區力行一路12號,2611,積體電路製造業,8152.77,98.22,2407.18,1094.85,2401.19,3713.99,0.00,156230.37,174098.58,依法申報,是,10018,10018010
103,84149358,世界先進積體電路股份有限公司晶圓一廠,0001,J6300959,新竹縣,寶山鄉,新竹縣寶山鄉園區三路123號,2611,積體電路製造業,1348.17,82.07,9426.54,5414.38,60657.59,14289.42,0.00,122041.20,213259.37,依法申報,是,10004,10004100
103,83387850,三芳化學工業股份有限公司,0001,S2201154,高雄市,仁武區,高雄市仁武區鳳仁路402號,1841,合成樹脂及塑膠製造業,28686.56,517.76,73.22,62.76,0.00,0.00,0.00,26399.70,55740.00,依法申報,是,64000,64000170
103,83078600,東南水泥股份有限公司,0001,E4900744,高雄市,楠梓區,高雄市楠梓區高楠公路屏山巷1號,2331,水泥製造業,543688.97,183.92,1152.27,0.78,0.00,0.00,0.00,49917.22,594943.16,依法申報,是,64000,64000040
103,80445899,連大興有限公司,0001,H47A0889,桃園市,大園區,"桃園市大園區中山北路246. 263號",1140,印染整理業,22849.54,19.91,112.72,1.00,0.00,0.00,0.00,12602.79,35585.94,依法申報,是,68000,68000060
103,80354671,慶欣欣鋼鐵股份有限公司,0001,N1601229,彰化縣,伸港鄉,彰化縣伸港鄉溪底村工西二路二號,2413,鋼鐵軋延及擠型業,126891.39,49.17,91.30,0.00,0.00,0.00,0.00,183336.15,310368.01,依法申報,是,10007,10007050
103,80353271,華亞科技股份有限公司ㄧ廠,0001,H4889454,桃園市,龜山區,桃園市龜山區復興三路667號,2611,積體電路製造業,4523.84,93.35,12979.58,7066.21,27289.22,1285.61,0.00,443064.54,496302.35,依法申報,是,68000,68000070
103,79837539,盛餘股份有限公司,0001,E5600565,高雄市,小港區,高雄市小港區中林路11號,2544,金屬表面處理業,36819.95,29.82,25.73,20.28,0.00,26.29,0.00,70460.10,107382.17,依法申報,是,64000,64000110
103,79254702,協勝發鋼鐵廠股份有限公司,0001,E5600332,高雄市,小港區,高雄市小港區店鎮里光陽街七號,2411,鋼鐵冶鍊業,102296.37,64.34,105.77,2.07,0.00,0.00,0.00,220946.93,323415.48,依法申報,是,64000,64000110
103,84149358,世界先進積體電路股份有限公司晶圓二廠,0002,O1751197,新竹市,東區,新竹市東區力行路九號,2611,積體電路製造業,2960.46,41.30,12975.30,2395.64,45320.26,631.92,0.00,129628.78,193953.66,依法申報,是,10018,10018010
103,80353271,華亞科技股份有限公司二廠,0002,H4888582,桃園市,龜山區,桃園市龜山區文化村華亞五路2、6號,2611,積體電路製造業,4130.65,2.89,13108.26,1691.16,8034.63,1304.19,0.00,389443.64,417715.41,依法申報,是,68000,68000070
103,75708007,臺灣塑膠工業股份有限公司麥寮廠,0002,P5801602,雲林縣,麥寮鄉,雲林縣麥寮鄉三盛村臺塑工業園區一號,1990,其他化學製品製造業,562726.67,303.92,432.02,13105.37,0.00,231.83,0.00,3881585.47,4458385.27,依法申報,是,10009,10009130
103,75470524,海光企業股份有限公司嘉興鋼鐵廠,0002,E5602952,高雄市,小港區,高雄市小港區嘉興街5號,2541,金屬鍛造業,36446.77,24.83,20.93,0.17,0.00,0.00,0.00,21052.98,57545.69,依法申報,是,64000,64000110
103,75370905,南亞塑膠工業股份有限公司麥寮總廠,0002,P5801513,雲林縣,麥寮鄉,雲林縣麥寮鄉臺塑工業園區2號,1810,基本化學材料製造業,489878.35,309.60,188.36,1366.33,0.00,1042.04,0.00,881513.79,1374298.46,依法申報,是,10009,10009130
103,75280209,東和鋼鐵企業股份有限公司高雄廠,0002,E5600369,高雄市,小港區,高雄市小港區嘉興街八號,2413,鋼鐵軋延及擠型業,40347.92,41.22,58.47,0.69,0.00,0.00,0.00,19729.88,60178.18,依法申報,是,64000,64000110
103,73251209,統一企業股份有限公司新市廠,0002,R0300384,臺南市,新市區,臺南市新市區大營村7號,0850,乳品製造業,15709.33,2273.52,19.47,0.00,0.00,0.00,0.00,28383.72,46386.04,依法申報,是,67000,67000200
103,12800225,群創光電股份有限公司T2廠,0005,K71A1370,苗栗縣,竹南鎮,苗栗縣竹南鎮科學路168號,2641,液晶面板及其組件製造業,2818.24,82.11,115.63,0.00,2.74,13954.69,0.00,220848.61,237822.02,依法申報,是,10005,10005040
103,3707901,臺灣中油股份有限公司石化事業部林園石化廠,0005,S1900710,高雄市,林園區,高雄市林園區石化二路3號,1820,石油化工原料製造業,2167631.68,1077.68,709.50,126.57,0.00,0.00,0.00,82990.51,2252535.93,依法申報,是,64000,64000130
103,3522600,遠東新世紀股份有限公司化學纖維總廠,0005,J5700222,新竹縣,新埔鎮,新竹縣新埔鎮文山路亞東段369及600號,1850,人造纖維製造業,204082.85,305.47,822.43,0.00,0.00,0.00,0.00,208329.14,413539.89,依法申報,是,10004,10004030
103,84149738,友達光電,0004,H5008211,桃園市,龍潭區,桃園市龍潭區龍科街228號,2641,液晶面板及其組件製造業,7842.00,65.35,4785.16,460.65,0.00,12970.53,0.00,333866.56,359990.25,依法申報,是,68000,68000090
103,47299902,漢磊科技股份有限公司研發廠,0004,J6300299,新竹縣,寶山鄉,新竹縣寶山鄉新竹科學園區創新一路18號,2611,積體電路製造業,356.76,7.27,393.45,277.29,7723.97,1204.56,0.00,22316.31,32279.61,依法申報,是,10004,10004100
103,47217677,聯華電子股份有限公司Fab6A廠,0004,J6300646,新竹縣,寶山鄉,新竹縣寶山鄉創新一路一○號,2611,積體電路製造業,298.65,12.94,2912.92,2135.13,8512.72,4061.52,0.00,34524.72,52458.60,依法申報,是,10004,10004100
103,22099131,臺灣積體電路製造股份有限公司五廠,0004,J6301447,新竹縣,寶山鄉,新竹縣寶山鄉新竹科學工業園區園區三路121號,2611,積體電路製造業,4246.02,3.37,18401.23,6253.74,60312.42,4507.75,0.00,100003.24,193727.76,依法申報,是,10004,10004100
103,12800225,群創光電股份有限公司T3廠,0004,K71A2695,苗栗縣,竹南鎮,苗栗縣竹南鎮科中路12號,2641,液晶面板及其組件製造業,1872.40,82.76,9350.16,0.00,36.04,22803.84,0.00,119169.94,153315.13,依法申報,是,10005,10005040
103,11914002,臺灣玻璃工業股份有限公司臺中廠,0004,L9100198,臺中市,梧棲區,臺中市梧棲區自強路377號,2311,平板玻璃及其製品製造業,124235.41,134.62,241.21,2.51,0.00,0.00,0.00,23706.33,148320.07,依法申報,是,66000,66000140
103,11384806,長春石油化學股份有限公司苗栗二廠,0004,K6801123,苗栗縣,苗栗市,苗栗縣苗栗市文聖里文山245號,1810,基本化學材料製造業,66960.72,12742.78,45.48,3746.24,0.00,0.00,0.00,796752.73,880247.94,依法申報,是,10005,10005010
103,11384708,長春人造樹脂廠股份有限公司大發廠,0004,S2005081,高雄市,大寮區,高雄市大寮區華西路8號,1810,基本化學材料製造業,362710.48,4332.49,1740.12,130.00,0.00,0.00,0.00,251486.24,620399.33,依法申報,是,64000,64000140
103,3707901,臺灣中油股份有限公司煉製事業部桃園煉油廠,0004,H4803507,桃園市,龜山區,桃園市龜山區南上里民生北路一段50號,1700,石油及煤製品製造業,1319958.18,1261.47,822.12,64.61,0.00,0.00,0.00,194284.26,1516390.65,依法申報,是,68000,68000070
103,86522210,臺塑石化股份有限公司麥寮三廠,0003,P5802430,雲林縣,麥寮鄉,雲林縣麥寮鄉臺塑工業園區17號,1990,其他化學製品製造業,7781379.67,1386.84,22894.96,21.67,0.00,322.65,0.00,161596.24,7967602.02,依法申報,是,10009,10009130
103,85066002,中華紙漿股份有限公司臺東廠,0003,V7500777,臺東縣,臺東市,臺東縣臺東市中興路4段371號,1512,紙張製造業,117597.56,1170.51,809.66,0.00,0.00,0.00,0.00,47444.88,167022.62,依法申報,是,10014,10014010
103,84149738,友達光電股份有限公司L5廠,0003,O1707395,新竹市,東區,新竹市東區力行路23號,2641,液晶面板及其組件製造業,1523.50,25.38,346.08,0.00,898.56,28651.32,0.00,46222.08,77666.92,依法申報,是,10018,10018010
103,84149385,力晶科技股份有限公司P3,0003,O1747764,新竹市,東區,新竹市東區力行路16-1號,2611,積體電路製造業,4169.59,20.96,4237.45,267.14,2583.46,2012.17,0.00,108997.88,122288.66,依法申報,是,10018,10018010
103,75339004,長興材料工業股份有限公司路竹廠,0003,S2900821,高雄市,路竹區,高雄市路竹區後鄉里長興路22號,1990,其他化學製品製造業,26360.07,41.29,54.25,289.98,0.00,0.00,0.00,20952.64,47698.23,依法申報,是,64000,64000240
103,58650902,臺灣化學纖維股份有限公司新港廠,0003,Q7100254,嘉義縣,新港鄉,嘉義縣新港鄉中洋村中洋工業區一號,1850,人造纖維製造業,2394798.62,696.64,11501.59,1122.90,0.00,454.10,0.00,4594.13,2413167.96,依法申報,是,10010,10010070
103,56121907,味丹企業股份有限公司沙鹿第一工廠,0003,L9000666,臺中市,沙鹿區,臺中市沙鹿區興安路63號,0896,調味品製造業,199146.86,63.50,795.37,0.00,0.00,0.00,0.00,51109.64,251115.36,依法申報,是,66000,66000130
103,47299902,漢磊科技股份有限公司研新廠(元件二廠),0003,O1701115,新竹市,東區,新竹市科學工業園區研新二路5號,2611,積體電路製造業,305.43,4.49,576.54,554.58,4524.29,688.32,0.00,8504.42,15158.08,依法申報,是,10018,10018010
103,47217677,聯華電子股份有限公司Fab12A廠,0003,R0304131,臺南市,新市區,臺南市新市區南科二路18號,2611,積體電路製造業,21010.70,108.05,55735.86,0.00,21446.38,2151.00,0.00,427487.85,527939.84,依法申報,是,67000,67000200
103,33085508,正隆股份有限公司大園廠,0003,H4700645,桃園市,大園區,桃園市大園區大工路116號,1512,紙張製造業,231096.76,34722.74,871.04,2.55,0.00,0.00,0.00,122559.40,389252.49,依法申報,是,68000,68000060
103,22099548,旺宏電子股份有限公司晶圓二廠,0003,O1706307,新竹市,東區,新竹市新竹市力行路16號,2611,積體電路製造業,2999.55,0.70,3300.54,10904.92,26141.70,10066.68,0.00,96750.53,150164.62,依法申報,是,10018,10018010
103,75947936,燁輝企業股份有限公司高雄一廠,0001,S2500536,高雄市,橋頭區,高雄市橋頭區芋寮路369號,2544,金屬表面處理業,47230.79,87.60,46.53,8.93,0.00,0.00,0.00,80953.40,128327.26,依法申報,是,64000,64000200
103,75688109,漢泰鋼鐵股份有限公司,0001,E5601080,高雄市,小港區,高雄市小港區世全路4號,2499,未分類其他基本金屬製造業,44768.82,49.99,107.51,3.03,0.00,0.00,0.00,15712.54,60641.88,依法申報,是,64000,64000110
103,75470524,海光企業股份有限公司,0001,E5600501,高雄市,小港區,高雄市小港區沿海二路12號,2411,鋼鐵冶鍊業,72255.95,23.20,20.37,1.94,0.00,0.00,0.00,171504.86,243806.33,依法申報,是,64000,64000110
103,75460005,唐榮鐵工廠股份有限公司,0001,E5601197,高雄市,小港區,高雄市小港區沿海二路4號,2411,鋼鐵冶鍊業,63934.94,67.38,31.12,10.66,0.00,0.00,0.00,125710.57,189754.67,依法申報,是,64000,64000110
103,75370905,南亞塑膠工業股份有限公司海豐總廠,0001,P5805244,雲林縣,麥寮鄉,雲林縣麥寮鄉臺塑工業園區42號,1810,基本化學材料製造業,375662.62,260.05,38.22,637.39,0.13,11.95,0.00,1197653.78,1574264.15,依法申報,是,10009,10009130
103,75280209,東和鋼鐵企業股份有限公司苗栗廠,0001,K8100129,苗栗縣,西湖鄉,苗栗縣西湖鄉二湖村7鄰坪頂22號,2411,鋼鐵冶鍊業,127858.75,106.72,152.43,1.69,0.00,0.00,0.00,264573.80,392693.39,依法申報,是,10005,10005140
103,73252657,統一實業股份有限公司二廠,0001,R1412418,臺南市,永康區,臺南市永康區和平路77號,2549,其他金屬加工處理業,50332.66,59.66,46.00,6.90,0.00,0.00,0.00,94003.19,144448.42,依法申報,是,67000,67000310
103,72065240,官田鋼鐵股份有限公司官田廠,0001,R9701850,臺南市,官田區,臺南市官田區南?里南?119-5號,2413,鋼鐵軋延及擠型業,31427.07,27.93,77.35,1.95,0.00,0.00,0.00,23022.36,54556.65,依法申報,是,67000,67000100
103,70833553,國光電力股份有限公司,0001,H4810799,桃園市,龜山區,桃園市龜山區北油一區11號,3510,電力供應業,674731.97,275.06,373.89,0.00,0.00,0.00,0.00,3132.46,678513.38,依法申報,是,68000,68000070
103,70783765,星能電力股份有限公司,0001,N1504207,彰化縣,線西鄉,彰化縣線西鄉彰濱工業區線工南二路二號,3510,電力供應業,665438.80,902.80,368.31,2.24,0.00,0.00,0.00,4045.97,670758.13,依法申報,是,10007,10007040
103,70783499,森霸電力公司豐德電廠,0001,R0503072,臺南市,山上區,臺南市山上區豐德里隙子口66號,3510,電力供應業,1456789.40,696.99,805.91,12.05,0.00,19.12,0.00,6497.41,1464820.87,依法申報,是,67000,67000220
103,22099131,臺灣積體電路製造股份有限公司六廠,0005,R9004230,臺南市,善化區,臺南市善化區南部科學工業園區南科北路一號,2611,積體電路製造業,2224.59,95.25,66010.10,8429.62,86635.76,9175.91,0.00,204444.06,377015.29,依法申報,是,67000,67000190
103,12233428,大連化學工業股份有限公司高雄廠,0002,S2300465,高雄市,大社區,高雄市大社區興工路1-3號,1810,基本化學材料製造業,45612.51,48.06,99.63,721.07,0.00,0.00,0.00,54270.56,100751.82,依法申報,是,64000,64000160
103,47217677,聯華電子股份有限公司Fab8D廠,0001,O1709148,新竹市,東區,新竹市東區力行三路八號,2611,積體電路製造業,2987.53,19.52,11407.16,1497.37,22134.82,4086.90,0.00,89973.40,132106.71,依法申報,是,10018,10018010
103,47109348,華夏玻璃股份有限公司,0001,O1703315,新竹市,香山區,新竹市香山區埔前里埔前路49號,2312,玻璃容器製造業,87403.61,121.72,155.59,2.93,0.00,0.00,0.00,27276.23,114960.07,依法申報,是,10018,10018030
103,46007218,大享容器工業股份有限公司,0001,J5700231,新竹縣,新埔鎮,新竹縣新埔鎮文山里文山路犁頭山段1118號,2312,玻璃容器製造業,58960.10,70.88,113.34,0.00,0.00,0.00,0.00,14808.49,73952.80,依法申報,是,10004,10004030
103,35412204,華新麗華股份有限公司鹽水廠,0001,R8500582,臺南市,鹽水區,臺南市鹽水區汫水里溪州寮3-10號A棟,2411,鋼鐵冶鍊業,96368.38,134.36,55.74,10.89,0.00,0.00,0.00,146594.69,243164.06,依法申報,是,67000,67000020
103,35082604,中興紡織廠股份有限公司楊梅化纖廠,0001,H4500743,桃園市,楊梅區,桃園市楊梅區桃園市楊梅區中山南路567號,1841,合成樹脂及塑膠製造業,70982.16,109.18,285.51,2.73,0.00,0.00,0.00,79130.31,150509.89,依法申報,是,68000,68000040
103,34258318,白馬窯業股份有限公司楊梅廠,0001,H4500850,桃園市,楊梅區,桃園市楊梅區新榮里電研路5號,2322,黏土建築材料製造業,64769.86,50.61,27.03,6.15,0.00,0.00,0.00,17020.86,81874.51,依法申報,是,68000,68000040
103,34215120,祥玉染整企業股份有限公司,0001,F0701328,新北市,樹林區,新北市樹林區佳園路三段99巷1號,1140,印染整理業,19068.81,16.69,93.84,0.99,0.00,0.00,0.00,3255.30,22435.62,依法申報,是,65000,65000070
103,34202841,榮成紙業股份有限公司,0001,N1400562,彰化縣,二林鎮,彰化縣二林鎮廣興里廣興巷1-1號,1513,紙板製造業,313189.53,274.16,1394.85,5.37,0.00,0.00,0.00,350.11,315214.02,依法申報,是,10007,10007200
103,34175598,錦美紙業股份有限公司觀音廠,0001,H5300425,桃園市,觀音區,桃園市觀音區榮工北路10號,1513,紙板製造業,27605.52,1295.15,193.10,3.37,0.00,0.00,0.00,15943.43,45040.57,依法申報,是,68000,68000120
103,33955322,力鵬企業股份有限公司彰化尼龍總廠,0001,N2904318,彰化縣,芳苑鄉,彰化縣芳苑鄉芳苑工業區工業路33號,1850,人造纖維製造業,25516.06,84.60,65.94,0.72,0.00,0.00,0.00,148460.50,174127.81,依法申報,是,10007,10007230
103,33663649,協昌染整股份有限公司,0001,F0701346,新北市,樹林區,新北市樹林區西圳街一段45號,1140,印染整理業,21622.24,19.94,104.63,1.30,0.17,0.00,0.00,3686.76,25435.03,依法申報,是,65000,65000070
103,33085508,正隆股份有限公司竹北廠,0001,J5500366,新竹縣,竹北市,新竹縣竹北市長青路二段300號,1591,家庭及衛生用紙製造業,52107.71,406.81,216.10,2.60,0.00,0.00,0.00,45829.66,98562.88,依法申報,是,10004,10004010
103,30974253,臺灣石化合成股份有限公司林園廠,0001,S1900694,高雄市,林園區,高雄市林園區工業二路1號,1990,其他化學製品製造業,29069.71,184.16,59.27,1.56,0.00,0.00,0.00,81368.34,110683.03,依法申報,是,64000,64000130
103,30414175,中國鋼鐵股份有限公司,0001,E5600841,高雄市,小港區,高雄市小港區中鋼路1號,2411,鋼鐵冶鍊業,19374967.46,881.54,1963.39,2313.18,0.00,0.00,0.00,1185845.10,20565970.65,依法申報,是,64000,64000110
103,28518076,臺灣美光記憶體股份有限公司,0001,L9202099,臺中市,后里區,臺中市后里區三豐路429-1號,2611,積體電路製造業,17511.38,122.46,16538.66,2033.34,15527.48,1269.09,0.00,249921.00,302923.40,依法申報,是,66000,66000150
103,28112667,鉅晶電子股份有限公司,0001,O1753306,新竹市,東區,新竹市東區力行一路18號,2611,積體電路製造業,4572.23,39.57,506.91,1270.44,10111.59,4732.20,0.00,90557.77,111790.72,依法申報,是,10018,10018010
103,28112646,新唐科技股份有限公司,0001,O17A0968,新竹市,東區,新竹市東區研新三路4號,2611,積體電路製造業,827.91,95.51,682.74,5823.09,11437.33,7980.21,0.00,42519.85,69366.65,依法申報,是,10018,10018010
103,28098406,易昇鋼鐵股份有限公司,0001,R14A1883,臺南市,永康區,臺南市永康區正南一街200號,2411,鋼鐵冶鍊業,51442.95,30.03,27.90,0.52,0.00,0.00,0.00,79567.95,131069.36,依法申報,是,67000,67000310
103,28042430,欣建工業股份有限公司,0001,S25A0144,高雄市,橋頭區,高雄市橋頭區芋寮里芋林路301號,2413,鋼鐵軋延及擠型業,19100.94,31.21,20.71,0.00,0.00,0.00,0.00,21295.56,40448.42,依法申報,是,64000,64000200
103,22099131,臺灣積體電路製造股份有限公司三廠3E廠,0003,J6300324,新竹縣,寶山鄉,新竹縣寶山鄉研新二路6號,2611,積體電路製造業,2158.57,22.61,203.36,831.87,10360.49,18234.33,0.00,70745.04,102556.28,依法申報,是,10004,10004100
103,16432742,凌巨科技股份有限公司新竹廠,0003,J59A4581,新竹縣,湖口鄉,新竹縣湖口鄉新竹工業區文化路2-1號,2649,其他光電材料及元件製造業,149.64,14.70,0.06,0.00,0.00,0.00,0.00,12062.81,12227.21,依法申報,是,10004,10004050
103,11914002,臺灣玻璃工業股份有限公司新竹廠,0003,O1703351,新竹市,香山區,新竹市香山區中華路四段470號,2312,玻璃容器製造業,126615.41,185.48,226.83,34.87,0.00,0.00,0.00,57824.75,184887.33,依法申報,是,10018,10018030
103,11913502,臺灣水泥股份有限公司蘇澳廠,0003,G3200778,宜蘭縣,蘇澳鎮,宜蘭縣蘇澳鎮永昌路46號,2331,水泥製造業,1600109.73,153.45,3067.17,8.63,0.00,0.00,0.00,99322.31,1702661.29,依法申報,是,10002,10002030
103,11085292,中華映管股份有限公司楊梅廠,0003,H4501231,桃園市,楊梅區,桃園市楊梅區行善路80號,2641,液晶面板及其組件製造業,3244.40,891.08,1.64,0.00,13.12,0.00,0.00,93581.48,97731.73,依法申報,是,68000,68000040
103,4388145,臺灣康寧顯示玻璃股份有限公司,0003,B2311535,臺中市,西屯區,臺中市西屯區科園路1號,2399,未分類其他非金屬礦物製品製造業,36758.20,137.31,17.17,2106.61,0.00,0.00,0.00,281733.00,320752.29,依法申報,是,66000,66000060
103,3707901,臺灣中油股份有限公司煉製事業部大林煉油廠,0003,E5600056,高雄市,小港區,高雄市小港區沿海四路50號,1700,石油及煤製品製造業,3197340.62,875.86,957.90,2110.15,0.00,0.00,0.00,539292.96,3740577.49,依法申報,是,64000,64000110
103,3522600,遠東新世紀股份有限公司觀音化纖廠,0003,H5300210,桃園市,觀音區,桃園市觀音區觀音工業區經建六路3號,1850,人造纖維製造業,112734.34,161.49,454.18,0.00,0.00,0.00,0.00,89581.28,202931.30,依法申報,是,68000,68000120
103,3084741,中國石油化學工業開發股份有限公司大社廠,0003,S2300410,高雄市,大社區,高雄市大社區經建路1號,1820,石油化工原料製造業,147550.81,2150.87,26.66,732.39,0.00,88.43,0.00,28030.73,178579.89,依法申報,是,64000,64000160
103,89390656,南亞科技股份有限公司三廠,0002,F1606662,新北市,泰山區,新北市泰山區南林路98號,2611,積體電路製造業,5176.10,44.65,11241.25,3393.40,12477.50,680.12,0.00,208192.27,241205.28,依法申報,是,65000,65000160
103,86522210,臺塑石化股份有限公司麥寮二廠,0002,P5801728,雲林縣,麥寮鄉,雲林縣麥寮鄉臺塑工業園區8、8-5號,1990,其他化學製品製造業,5110946.53,1066.58,20160.76,283.92,0.00,1144.81,0.00,165857.03,5299459.64,依法申報,是,10009,10009130
103,84149738,友達光電總部/友達光電股份有限公司L3B廠,0002,O1709193,新竹市,東區,新竹市東區力行二路1號,2641,液晶面板及其組件製造業,717.72,78.30,70.80,0.00,31.59,494.73,0.00,19896.16,21289.31,依法申報,是,10018,10018010
103,84149385,力晶科技股份有限公司P2,0002,O1748707,新竹市,東區,新竹市新竹科學園區力行一路12號,2611,積體電路製造業,3215.02,1.92,2828.10,868.89,5954.27,1423.10,0.00,141132.62,155423.92,依法申報,是,10018,10018010
103,70584724,旭硝子顯示玻璃股份有限公司斗六二廠,0002,P46A0693,雲林縣,斗六市,雲林縣斗六市虎溪里科工八路八號,2311,平板玻璃及其製品製造業,107411.02,114.25,211.45,43.38,0.00,0.00,0.00,114915.55,222695.66,依法申報,是,10009,10009010
103,68919301,臺南紡織股份有限公司仁德廠,0002,R1001719,臺南市,仁德區,臺南市仁德區中正路二段八六二巷四五號,1113,人造纖維加工絲業,51249.22,1052.75,124.59,0.00,0.00,0.00,0.00,51446.46,103873.01,依法申報,是,67000,67000270
103,68387705,奇美實業股份有限公司旭美廠,0002,R10A3047,臺南市,仁德區,臺南市仁德區保安里開發四路36號,1841,合成樹脂及塑膠製造業,146681.57,127.59,242.33,234.00,0.00,0.00,0.00,25117.68,172403.17,依法申報,是,67000,67000270
103,47299902,漢磊科技股份有限公司創新廠,0002,J6300146,新竹縣,寶山鄉,新竹科學工業園區創新一路3號,2611,積體電路製造業,222.78,7.27,796.39,555.10,2847.46,344.16,0.00,21053.82,25826.98,依法申報,是,10004,10004100
103,40601248,幸福水泥股份有限公司東澳廠,0002,G4100017,宜蘭縣,南澳鄉,宜蘭縣南澳鄉蘇花路三段101號,2331,水泥製造業,674343.45,133.64,1365.58,0.91,0.00,0.00,0.00,48361.34,724204.91,依法申報,是,10002,10002120
103,33955322,力鵬企業股份有限公司楊梅廠,0002,H4500458,桃園市,楊梅區,桃園市楊梅區新榮路339號,1140,印染整理業,73985.81,91.34,355.94,1.79,0.00,0.00,0.00,18217.08,92651.96,依法申報,是,68000,68000040
103,33085508,正隆股份有限公司后里分公司,0002,L9200693,臺中市,后里區,臺中市后里區三豐路2號,1512,紙張製造業,948492.62,6593.51,4243.90,44.67,0.00,0.00,0.00,17097.34,976472.05,依法申報,是,66000,66000150
103,22327037,永豐餘消費品實業股份有限公司楊梅廠,0002,H45A1887,桃園市,楊梅區,桃園市楊梅區高榮里北高山頂41~2號,1591,家庭及衛生用紙製造業,29024.49,19.34,130.94,0.00,0.00,0.00,0.00,23101.14,52275.92,依法申報,是,68000,68000040
103,22099131,臺灣積體電路製造股份有限公司三廠,0002,J6301107,新竹縣,寶山鄉,新竹縣寶山鄉研新一路9號,2611,積體電路製造業,2431.58,58.04,23340.64,12013.51,80750.37,26377.41,0.00,175871.26,320842.81,依法申報,是,10004,10004100
103,16834268,富喬工業股份有限公司雲林分公司,0002,P48A0851,雲林縣,虎尾鎮,雲林縣虎尾鎮墾地里科虎二路8號,2313,玻璃纖維製造業,35477.71,2152.84,16.83,0.35,0.00,0.00,0.00,44427.06,82074.78,依法申報,是,10009,10009030
103,16450500,瀚宇彩晶南科觸控感應器廠,0002,D0301680,臺南市,新市區,臺南市新市區環西路一段8號,2641,液晶面板及其組件製造業,38.11,8.19,0.03,0.00,0.00,0.00,0.00,49727.47,49773.79,依法申報,是,67000,67000200
103,14040691,中美和石油化學股份有限公司臺中廠,0002,L9101748,臺中市,梧棲區,臺中市梧棲區南堤路二段89號,1820,石油化工原料製造業,170081.43,1384.84,214.06,33.54,0.00,76.48,0.00,34280.55,206070.89,依法申報,是,66000,66000140
103,14001199,福懋興業股份有限公司第二廠,0002,P4601984,雲林縣,斗六市,雲林縣斗六市榴中里河南街三一九號,1159,其他紡織品製造業,27569.81,71.34,67.30,891.42,0.00,0.00,0.00,86040.02,114639.90,依法申報,是,10009,10009010
102,96975970,麥寮汽電股份有限公司,11A0,P5801719,雲林縣,麥寮鄉,雲林縣麥寮鄉中興村臺塑工業園區7號,3510,電力供應業,11484258.74,2587.60,56425.55,0.65,0.00,2186.85,0.00,0.00,11545459.39,依法申報,是,10009,10009130
102,3795904,臺灣電力股份有限公司大潭發電廠,0380,H5307960,桃園市,觀音區,桃園市觀音區大潭里電廠路1號,3510,電力供應業,8712932.50,3268.44,4822.45,6941.92,0.00,10743.05,0.00,2035.80,8740744.17,依法申報,是,68000,68000120
102,3795904,臺灣電力股份有限公司臺中發電廠,0371,L0200473,臺中市,龍井區,臺中市龍井區麗水里龍昌路1號,3510,電力供應業,38440372.84,35866.67,188373.14,194.72,0.00,2098.42,0.00,8279.41,38675185.20,依法申報,是,66000,66000250
102,3795904,臺灣電力股份有限公司通霄發電廠,0370,K7000764,苗栗縣,通霄鎮,苗栗縣通霄鎮海濱路1~31號,3510,電力供應業,3731446.69,1449.08,2066.52,2.47,0.00,9414.21,0.00,4767.53,3749146.50,依法申報,是,10005,10005030
102,3795904,臺灣電力股份有限公司協和發電廠,0360,C1400170,基隆市,中山區,基隆市中山區協和里文化路80號,3510,電力供應業,3197635.07,2671.51,7689.71,47.87,0.00,13718.60,0.00,13651.46,3235414.22,依法申報,是,10017,10017050
98,85066002,永豐餘造紙股份有限公司久堂廠,0001,S2100223,高雄市,大樹區,高雄市大樹區久堂村久堂路112號,1512,紙張製造業,163056.44,191.13,379.62,0.23,0.00,0.00,,141616.57,305243.99,自願揭露,是,64000,64000150
98,84526079,大園汽電共生股份有限公司,0001,H4702336,桃園縣,大園鄉,桃園縣大園鄉北港村14鄰2-6號,3510,電力供應業,401654.62,2541.90,1867.25,2.54,0.00,0.00,,33334.12,439400.42,自願揭露,否,68000,68000060
98,80332282,達和環保服務股份有限公司-嘉義縣鹿草垃圾焚化廠,0004,Q7504010,嘉義縣,鹿草鄉,嘉義縣鹿草鄉豐稠村馬稠後農場60號,3821,無害廢棄物處理業,168132.30,1829.16,3590.95,312.00,0.00,0.00,,736.49,174600.90,自願揭露,否,10010,10010110
98,77010483,宜蘭縣利澤垃圾資源回收(焚化)廠,0001,G3801239,宜蘭縣,五結鄉,宜蘭縣五結鄉利澤工業區利工二路100號,3821,無害廢棄物處理業,84207.98,1026.01,2007.17,0.00,0.00,0.00,,76.22,87317.37,自願揭露,是,10002,10002090
98,70786019,高雄縣仁武垃圾焚化爐,0001,S2202553,高雄市,仁武區,高雄市仁武區仁武垃圾焚化爐,9499,未分類其他組織,185919.78,2103.34,4203.05,0.00,0.00,0.00,,478.08,192704.26,自願揭露,否,64000,64000170
98,67882919,嘉義市垃圾焚化廠,0001,I2604550,嘉義市,西區,嘉義市西區湖內里湖子內路741號,3830,資源回收業,22138.73,344.88,707.63,0.00,0.00,0.00,,105.13,23296.37,自願揭露,否,10020,10020020
98,56157643,東記造紙公司,0001,L0200393,臺中市,龍井區,臺中市龍井區沙田路4段342號,1513,紙板製造業,34347.14,28.25,87.61,0.00,0.00,0.00,,31037.01,65500.01,自願揭露,否,66000,66000250
98,52016209,臺中縣環境保護局后里資源回收廠,0002,L9201289,臺中市,后里區,臺中市后里區堤防路556號,3510,電力供應業,131700.72,2609.31,5489.30,0.00,0.00,0.00,,331.90,140131.22,自願揭露,否,66000,66000150
98,52016209,臺中市環境保護局-垃圾焚化廠,0001,B2402442,臺中市,南屯區,臺中市南屯區文山南巷500號,3821,無害廢棄物處理業,148710.02,1025.19,1974.51,0.00,0.00,0.00,,130.89,151840.61,自願揭露,否,66000,66000070
98,27719048,永豐餘工業用紙股份有限公司新屋廠,0001,H5200215,桃園縣,新屋鄉,桃園縣新屋鄉永安村下庄子250號,1513,紙板製造業,322438.00,815.78,2483.86,0.00,0.00,0.00,,31348.61,357086.25,自願揭露,是,68000,68000110
98,20927014,大統益股份有限公司,0001,R9701056,臺南市,官田區,臺南市官田區工業西路32號,0840,食用油脂製造業,4811.02,9.53,30.19,0.00,0.00,0.00,,119401.60,124252.34,自願揭露,否,67000,67000100
98,19883360,高雄市政府環境保護局南區資源回收廠,0001,E5602998,高雄市,小港區,高雄市小港區北林路6號,3821,無害廢棄物處理業,279.63,0.68,2.00,0.00,0.00,0.00,,2498.89,2781.20,自願揭露,是,64000,64000110
98,19882398,高雄縣岡山垃圾資源回收廠,0002,S1602755,高雄市,岡山區,高雄市岡山區本工五路9號,3510,電力供應業,199653.31,1841.06,3611.30,95.25,0.00,0.00,,102.52,205303.44,自願揭露,否,64000,64000190
98,18442020,彰化縣溪州資源回收（焚化）廠,0001,N3201030,彰化縣,溪州鄉,彰化縣溪洲鄉彰水路一段臨1號,3821,無害廢棄物處理業,27012.45,193.44,342.68,0.00,0.00,0.00,,145.62,27694.20,自願揭露,否,10007,10007260
98,11384806,長春石油化學股份有限公司麥寮廠,0003,P5805753,雲林縣,麥寮鄉,雲林縣麥寮鄉三盛村臺塑工業園區七鄰26號,1990,其他化學製品製造業,44.81,5.36,0.45,0.00,0.00,0.00,,39176.11,39226.73,自願揭露,否,10009,10009130
98,7663290,力麗企業股份有限公司彰化化纖總廠,0001,N2902234,彰化縣,芳苑鄉,彰化縣芳苑鄉後寮村工業路38號,1850,人造纖維製造業,69373.71,15.23,336.59,0.00,0.00,0.00,,47645.99,117371.53,自願揭露,否,10007,10007230
98,3794905,臺灣糖業股份公司小港廠,0001,E5600869,高雄市,小港區,高雄市小港區小港路133號,0893,製糖業,82241.34,66.94,197.63,0.00,0.00,0.00,,0.00,82505.91,自願揭露,是,64000,64000110
98,3707901,臺灣中油股份有限公司天然氣事業部永安液化天然氣廠,0006,S3200946,高雄市,永安區,高雄市永安區新興路1-20號,3520,氣體燃料供應業,11650.34,50.44,128.79,0.00,0.00,0.00,,67214.82,79044.39,自願揭露,否,64000,64000270
98,3707901,臺灣中油股份有限公司石化事業部林園石化廠,0005,S1900710,高雄市,林園區,高雄市林園區石化二路3號,1820,石油化工原料製造業,2157318.26,871.56,2094.96,0.00,0.00,0.00,,53457.26,2213742.05,自願揭露,否,64000,64000130
98,3098415,中華汽車工業股份有限公司楊梅廠,0001,H4500725,桃園縣,楊梅市,桃園縣楊梅市秀才路六一八號,3010,汽車製造業,8203.61,289.55,97.78,0.00,0.00,0.00,,15092.34,23683.27,自願揭露,否,68000,68000040
98,3084741,中國石油化學工業開發股份有限公司大社廠,0003,S2300410,高雄市,大社區,高雄市大社區經建路1號,1820,石油化工原料製造業,190158.59,1253.46,118.55,541.51,0.00,43.26,,39849.31,231964.68,自願揭露,否,64000,64000160
98,3084741,中國石油化學工業開發股份有限公司頭份廠,0002,K7201001,苗栗縣,頭份鎮,苗栗縣頭份鎮自強路二段217號,1820,石油化工原料製造業,656293.12,877.80,332152.60,0.00,0.00,0.00,,2038.20,991361.73,自願揭露,否,10005,10005050
98,3064800,太平洋電線電纜股份有限公司桃園工廠,0001,H4901026,桃園縣,八德市,桃園縣八德市永豐路514&516號,2831,電線及電纜製造業,2141.45,19.95,4.96,4.97,0.00,740.90,,7026.55,9938.78,自願揭露,是,68000,68000080
98,1973733,臺北縣政府環境保護局八里垃圾焚化廠,0003,F2300972,新北市,八里區,新北市八里區下罟村下罟子65號,3821,無害廢棄物處理業,165646.55,2106.54,4101.32,0.00,0.00,1912.00,,402.35,174168.76,自願揭露,否,65000,65000230
98,1973733,新北市政府環境保護局樹林垃圾焚化廠,0002,F0703948,新北市,樹林區,新北市樹林區樂山里中山路三段二一二號,3821,無害廢棄物處理業,108901.98,1619.04,3156.27,0.00,0.00,0.00,,304.64,113981.92,自願揭露,是,65000,65000070
97,85066002,永豐餘造紙股份有限公司久堂廠,0001,S2100223,高雄市,大樹區,高雄市大樹區久堂村久堂路112號,1512,紙張製造業,151024.33,181.24,351.82,0.23,0.00,0.00,,141876.13,293433.74,自願揭露,是,64000,64000150
97,84526079,大園汽電共生股份有限公司,0001,H4702336,桃園縣,大園鄉,桃園縣大園鄉北港村14鄰2-6號,3510,電力供應業,305767.63,2917.13,1499.16,3.75,0.00,0.00,,31656.43,341844.10,自願揭露,否,68000,68000060
97,80332282,達和環保服務股份有限公司-嘉義縣鹿草垃圾焚化廠,0004,Q7504010,嘉義縣,鹿草鄉,嘉義縣鹿草鄉豐稠村馬稠後農場60號,3821,無害廢棄物處理業,415.94,0.46,2288.28,0.00,0.00,0.00,,36.71,2741.39,自願揭露,否,10010,10010110
97,77010483,宜蘭縣利澤垃圾資源回收(焚化)廠,0001,G3801239,宜蘭縣,五結鄉,宜蘭縣五結鄉利澤工業區利工二路100號,3821,無害廢棄物處理業,73758.38,1097.58,2161.58,78.00,0.00,0.00,,24960.97,102056.51,自願揭露,是,10002,10002090
97,73251209,統一企業股份有限公司新市廠,0002,R0300384,臺南市,新市區,臺南市新市區大營村7號,0850,乳品製造業,97.80,0.08,0.23,0.00,0.00,0.00,,26.58,124.70,自願揭露,否,67000,67000200
97,70842899,義鎧科技股份有限公司,0001,H4641678,桃園縣,蘆竹鄉,桃園縣蘆竹鄉海湖村海湖東路379號,1990,其他化學製品製造業,1658.98,0.00,0.00,0.00,0.00,0.00,,0.00,1658.98,自願揭露,否,68000,68000050
97,70786019,高雄縣仁武垃圾焚化爐,0001,S2202553,高雄市,仁武區,高雄市仁武區仁武垃圾焚化爐,9499,未分類其他組織,272574.25,2656.75,5244.97,0.00,0.00,0.00,,226.03,280702.00,自願揭露,否,64000,64000170
102,75280209,東和鋼鐵企業股份有限公司高雄廠,0002,E5600369,高雄市,小港區,高雄市小港區嘉興街八號,2413,鋼鐵軋延及擠型業,37766.63,44.72,71.64,0.35,0.00,0.00,0.00,17943.49,55826.83,依法申報,是,64000,64000110
102,47299902,漢磊科技股份有限公司創新廠,0002,J6300146,新竹縣,寶山鄉,新竹科學工業園區創新一路3號,2611,積體電路製造業,180.21,6.16,820.20,277.29,5580.93,172.08,0.00,21820.85,28857.71,依法申報,是,10004,10004100
102,40601248,幸福水泥股份有限公司東澳廠,0002,G4100017,宜蘭縣,南澳鄉,宜蘭縣南澳鄉蘇花路三段101號,2331,水泥製造業,707984.80,126.14,1444.17,0.00,0.00,0.00,0.00,49804.18,759359.28,依法申報,是,10002,10002120
102,22099131,臺灣積體電路製造股份有限公司三廠,0002,J6301107,新竹縣,寶山鄉,新竹縣寶山鄉研新一路9號,2611,積體電路製造業,2654.92,59.91,20930.98,11030.29,74009.28,31830.89,0.00,174976.81,315493.08,依法申報,是,10004,10004100
102,11913502,臺灣水泥股份有限公司花蓮廠,0002,U9100978,花蓮縣,花蓮市,花蓮縣花蓮市民孝里華東103號,2331,水泥製造業,1099906.92,103.77,2065.34,0.00,0.00,0.00,0.00,60904.87,1162980.90,依法申報,是,10015,10015010
94,85066002,永豐餘造紙股份有限公司臺東廠,0003,V7500777,臺東縣,臺東市,臺東市中興路4段371號,1512,紙張製造業,118964.06,1033.98,745.91,3.90,0.00,0.00,,67799.81,188547.65,自願揭露,是,10014,10014010
94,85066002,永豐餘造紙股份有限公司久堂廠,0001,S2100223,高雄市,大樹區,高雄市大樹區久堂村久堂路112號,1512,紙張製造業,174643.06,207.23,406.29,0.03,0.00,0.00,,152991.16,328247.76,自願揭露,是,64000,64000150
94,84526079,大園汽電共生股份有限公司,0001,H4702336,桃園縣,大園鄉,桃園縣大園鄉北港村14鄰2-6號,3510,電力供應業,525335.93,6509.65,2421.84,4.01,0.00,9560.00,,32970.92,576802.35,自願揭露,否,68000,68000060
94,80332282,達和環保服務股份有限公司-嘉義縣鹿草垃圾焚化廠,0004,Q7504010,嘉義縣,鹿草鄉,嘉義縣鹿草鄉豐稠村馬稠後農場60號,3821,無害廢棄物處理業,742.26,0.68,2069.80,1.17,0.00,0.00,,60.65,2874.56,自願揭露,否,10010,10010110
94,77010483,宜蘭縣利澤垃圾資源回收(焚化)廠,0001,G3801239,宜蘭縣,五結鄉,宜蘭縣五結鄉利澤工業區利工二路100號,3821,無害廢棄物處理業,29000.94,479.91,947.15,0.00,0.00,0.00,,4100.61,34528.60,自願揭露,是,10002,10002090
94,75947936,燁輝企業股份有限公司屏東廠,0002,T4203686,屏東縣,屏東市,屏東縣屏東市工業六路六號,2544,金屬表面處理業,20911.44,33.29,60.68,0.00,0.00,0.00,,13764.59,34770.01,自願揭露,否,10013,10013010
94,75280209,東和鋼鐵企業股份有限公司桃園廠,0003,H4901222,桃園縣,八德市,桃園縣八德市介壽路二段540號,2411,鋼鐵冶鍊業,98466.57,98.38,160.31,0.00,0.00,0.00,,130157.11,228882.38,自願揭露,是,68000,68000080
94,67882919,嘉義市垃圾焚化廠,0001,I2604550,嘉義市,西區,嘉義市西區湖內里湖子內路741號,3830,資源回收業,52678.93,248.54,489.43,0.00,0.00,0.00,,102.48,53519.38,自願揭露,是,10020,10020020
102,3795904,臺灣電力股份有限公司興達發電廠,0341,S3200688,高雄市,永安區,高雄市永安區興達路6號,3510,電力供應業,19215497.71,12587.70,74447.86,14.25,0.00,15451.35,0.00,1336.54,19319335.41,依法申報,是,64000,64000270
102,3795904,臺灣電力股份有限公司大林發電廠,0340,E5600896,高雄市,小港區,高雄市小港區大林路3號,3510,電力供應業,1676269.45,830.40,1521.45,36.14,0.00,215.10,0.00,1401.05,1680273.58,依法申報,是,64000,64000110
102,3795904,臺灣電力股份有限公司南部發電廠,0330,E5400878,高雄市,前鎮區,高雄市前鎮區成功二路五號,3510,電力供應業,2488012.14,965.76,1375.10,68.06,0.00,745.68,0.00,843.25,2492009.98,依法申報,是,64000,64000090
102,3795904,臺灣電力股份有限公司林口發電廠,0320,F1700736,新北市,林口區,新北市林口區下福里139-1號,3510,電力供應業,3537207.12,3979.04,17314.86,5.46,0.00,0.00,0.00,4174.93,3562681.42,依法申報,是,65000,65000170
102,22099131,臺灣積體電路製造股份有限公司十二廠六期,0013,J63A1591,新竹縣,寶山鄉,新竹縣寶山鄉園區二路166號,2611,積體電路製造業,3525.01,25.89,4131.15,133.12,673.15,43.02,0.00,157975.93,166507.26,依法申報,是,10004,10004100
102,12800225,群創光電股份有限公司觸控南科二廠,0013,D0300281,臺南市,新市區,"臺南市新市區環西路一段3號(TSOC 2F A區、B區、C區)",2641,液晶面板及其組件製造業,159.56,5.78,0.09,0.00,0.00,0.00,0.00,20268.95,20434.38,依法申報,是,67000,67000200
102,22099131,臺灣積體電路製造股份有限公司15廠,0012,L95A2041,臺中市,大雅區,臺中市大雅區科雅六路一號,2611,積體電路製造業,14244.88,92.48,68993.76,3872.46,17914.96,2366.24,0.00,659556.53,767041.30,依法申報,是,66000,66000180
102,12800225,群創光電股份有限公司觸控南科廠,0012,R90A1716,臺南市,善化區,臺南市善化區南科八路12號(B棟2F),2641,液晶面板及其組件製造業,206.80,11.38,0.09,0.00,0.00,0.00,0.00,28156.11,28374.38,依法申報,是,67000,67000190
102,58650902,臺灣化學纖維股份有限公司彰化廠,0011,N0702450,彰化縣,彰化市,彰化縣彰化市彰化市中庄里中山路3段359號、臺化莊352號,1850,人造纖維製造業,1202340.47,350.36,5865.85,1120.47,0.00,0.00,0.00,6053.53,1215730.69,依法申報,是,10007,10007010
102,12800225,群創光電股份有限公司C廠,0011,R90A1469,臺南市,善化區,"臺南市善化區南科八路12號(不包含A棟1F A區B區、4F及B棟)",2641,液晶面板及其組件製造業,59.45,32.32,0.06,0.00,0.00,0.00,0.00,28414.39,28506.23,依法申報,是,67000,67000190
102,58650902,臺灣化學纖維股份有限公司龍德廠,0010,G3700791,宜蘭縣,冬山鄉,宜蘭縣冬山鄉大興村龍祥十路二號,1820,石油化工原料製造業,1843306.75,445.13,8837.79,5938.83,0.00,0.00,0.00,6.68,1858535.18,依法申報,是,10002,10002080
102,22099548,旺宏電子股份有限公司晶圓一廠,0010,O1704787,新竹市,東區,新竹市東區研新三路3號,2611,積體電路製造業,591.88,59.06,1435.46,3042.00,41310.29,12719.58,0.00,39450.99,98609.25,依法申報,是,10018,10018010
102,22099131,臺灣積體電路製造股份有限公司十四廠,0010,R9001677,臺南市,善化區,臺南市善化區科學工業園區南科北路1-1號,2611,積體電路製造業,25062.97,145.90,114274.87,6846.71,51891.65,4828.79,0.00,741824.24,944875.13,依法申報,是,67000,67000190
102,12800225,群創光電股份有限公司F廠,0010,S29A1607,高雄市,路竹區,南科高雄園區高雄市路竹區路科十路11號,2641,液晶面板及其組件製造業,1941.59,50.72,0.93,0.00,0.00,10788.99,0.00,197556.13,210338.36,依法申報,是,64000,64000240
102,47217677,聯華電子股份有限公司Fab8S廠,0009,J63A0048,新竹縣,寶山鄉,新竹科學工業園區新竹縣研新一路16號,2611,積體電路製造業,1020.56,17.68,4246.88,2768.06,8016.75,4517.10,0.00,64994.58,85581.61,依法申報,是,10004,10004100
102,22099131,臺灣積體電路製造股份有限公司十二廠四期/五期,0009,J63A1056,新竹縣,寶山鄉,新竹縣寶山鄉科學工業園區園區二路168號,2611,積體電路製造業,7362.67,115.26,26075.93,909.79,7706.88,494.73,0.00,357350.44,400015.71,依法申報,是,10004,10004100
102,12800225,群創光電股份有限公司D廠,0009,R03A1913,臺南市,善化區,臺南科學工業園區臺南市善化區南科八路12號,2641,液晶面板及其組件製造業,8603.93,199.92,4.59,834.69,0.23,50870.43,0.00,656787.63,717301.43,依法申報,是,67000,67000190
102,84149738,友達光電股份有限公司后里廠,0008,L92A0931,臺中市,后里區,臺中市后里區馬場路1號,2641,液晶面板及其組件製造業,3029.34,174.54,4466.11,0.00,0.00,12776.58,0.00,158450.21,178896.77,依法申報,是,66000,66000150
102,47217677,聯華電子股份有限公司Fab8F廠,0008,O1708632,新竹市,東區,新竹市東區力行六路三號,2611,積體電路製造業,3341.07,23.27,4858.91,1917.55,16915.91,5162.40,0.00,85410.33,117629.43,依法申報,是,10018,10018010
102,22099131,臺灣積體電路製造股份有限公司十二廠研新廠,0008,J63A0107,新竹縣,寶山鄉,新竹科學工業園區新竹縣寶山鄉研新二路六號,2611,積體電路製造業,2503.48,1.48,50278.19,5423.08,24564.69,2925.36,0.00,145409.59,231105.87,依法申報,是,10004,10004100
102,12800225,群創光電股份有限公司B廠,0008,R03A1894,臺南市,善化區,臺南科學工業園區臺南市善化區南科八路12號,2641,液晶面板及其組件製造業,5918.17,94.04,16.99,1151.32,0.00,280341.91,0.00,457577.88,745100.29,依法申報,是,67000,67000190
102,84149738,友達光電股份有限公司桃園分公司,0007,H5002362,桃園市,龍潭區,桃園市龍潭區三和里新和路1號,2641,液晶面板及其組件製造業,5980.83,214.63,8432.78,0.00,0.00,81813.86,0.00,236378.30,332820.40,依法申報,是,68000,68000090
102,47217677,聯華電子股份有限公司Fab8E廠,0007,O1706692,新竹市,東區,新竹科學工業園區新竹市東區力行路17號,2611,積體電路製造業,1945.43,21.09,2503.50,5134.20,13378.95,9464.40,0.00,79988.09,112435.67,依法申報,是,10018,10018010
102,22099131,臺灣積體電路製造股份有限公司十二廠,0007,O1709308,新竹市,東區,新竹市東區力行六路八號,2611,積體電路製造業,2719.47,77.99,37675.17,7525.86,29996.87,9034.20,0.00,286225.51,373255.07,依法申報,是,10018,10018010
102,12800225,群創光電股份有限公司A廠,0007,R03A1903,臺南市,新市區,臺南市新市區奇業路1號,2641,液晶面板及其組件製造業,770.66,23.05,92.69,0.00,0.00,24394.35,0.00,64992.91,90273.66,依法申報,是,67000,67000200
102,84149738,友達光電股份有限公司,0006,H4888493,桃園市,龜山區,桃園市龜山區文化里華亞二路189號,2649,其他光電材料及元件製造業,8040.04,34.55,3196.16,0.00,2238.25,11708.83,0.00,277043.01,302260.84,依法申報,是,68000,68000070
102,47217677,聯華電子股份有限公司Fab8C廠,0006,O1706941,新竹市,東區,新竹市東區力行三路6號,2611,積體電路製造業,2354.36,20.57,4216.87,1529.33,28063.69,5807.70,0.00,79797.02,121789.54,依法申報,是,10018,10018010
101,85066002,永豐餘造紙股份有限公司久堂廠,0001,S2100223,高雄市,大樹區,高雄市大樹區久堂村久堂路112號,1512,紙張製造業,450796.05,185.69,2237.27,0.18,0.00,0.00,,14410.28,467629.48,自願揭露,否,64000,64000150
101,80332282,達和環保服務股份有限公司-嘉義縣鹿草垃圾焚化廠,0004,Q7504010,嘉義縣,鹿草鄉,嘉義縣鹿草鄉豐稠村馬稠後農場60號,3821,無害廢棄物處理業,260935.67,1802.34,3515.77,0.00,0.00,0.00,,163.91,266417.69,自願揭露,否,10010,10010110
101,77010483,宜蘭縣利澤垃圾資源回收(焚化)廠,0001,G3801239,宜蘭縣,五結鄉,宜蘭縣五結鄉利澤工業區利工二路100號,3821,無害廢棄物處理業,67136.31,1055.32,2062.79,0.00,0.00,0.00,,63.14,70317.55,自願揭露,是,10002,10002090
101,70786019,高雄市仁武垃圾焚化爐,0001,S2202553,高雄市,仁武區,高雄市仁武區仁武垃圾焚化爐,9499,未分類其他組織,0.00,421.02,828.68,0.00,0.00,0.00,,0.00,1249.70,自願揭露,否,64000,64000170
97,67882919,嘉義市垃圾焚化廠,0001,I2604550,嘉義市,西區,嘉義市西區湖內里湖子內路741號,3830,資源回收業,27352.76,149.25,335.70,0.00,0.00,0.00,,123.00,27960.70,自願揭露,否,10020,10020020
97,56157643,東記造紙公司,0001,L0200393,臺中市,龍井區,臺中市龍井區沙田路4段342號,1513,紙板製造業,29851.99,24.66,76.74,0.00,0.00,0.00,,27900.35,57853.75,自願揭露,否,66000,66000250
97,52016209,臺中縣環境保護局后里資源回收廠,0002,L9201289,臺中市,后里區,臺中市后里區堤防路556號,3510,電力供應業,174290.50,2895.18,5692.02,0.00,0.00,0.00,,208.54,183086.24,自願揭露,否,66000,66000150
97,33085508,正隆股份有限公司竹北廠,0001,J5500366,新竹縣,竹北市,新竹縣竹北市長青路二段300號,1599,未分類其他紙製品製造業,42793.44,8716.63,178.48,0.00,0.00,0.00,,42524.52,94213.08,自願揭露,否,10004,10004010
97,27719048,永豐餘工業用紙股份有限公司新屋廠,0001,H5200215,桃園縣,新屋鄉,桃園縣新屋鄉永安村下庄子250號,1513,紙板製造業,318833.57,673.02,2282.27,0.00,0.00,0.00,,30992.57,352781.43,自願揭露,是,68000,68000110
97,23221384,中鋼碳素化學股份有限公司,0001,E5601437,高雄市,小港區,高雄市小港區中林路四二號,1700,石油及煤製品製造業,12053.27,7.16,20.39,0.00,0.00,0.00,,12603.25,24684.07,自願揭露,否,64000,64000110
97,19882398,高雄縣岡山垃圾資源回收廠,0002,S1602755,高雄市,岡山區,高雄市岡山區本工五路9號,3510,電力供應業,176996.09,1790.04,3512.95,104.00,0.00,0.00,,188.54,182591.62,自願揭露,否,64000,64000190
97,12526607,和桐化學股份有限公司,0001,S2201707,高雄市,仁武區,高雄市仁武區竹工二巷一號,1700,石油及煤製品製造業,30901.01,6.72,74.21,510.51,0.00,0.00,,5907.99,37400.44,自願揭露,否,64000,64000170
97,12466782,臺灣赫克力士股份有限公司南崗廠,0001,M3302431,南投縣,南投市,南投市南崗三路278號,1990,其他化學製品製造業,1375.04,1.12,3.30,0.00,0.00,0.00,,673.41,2052.88,自願揭露,否,10008,10008010
97,11085292,中華映管股份有限公司湖口廠,0004,J59A2882,新竹縣,湖口鄉,新竹縣湖口鄉文化路2-1號,2641,液晶面板及其組件製造業,201.68,23.01,0.11,0.00,0.00,0.00,,36699.89,36924.69,自願揭露,否,10004,10004050
97,11085292,中華映管股份有限公司楊梅廠,0003,H4501231,桃園縣,楊梅市,桃園縣楊梅市行善路80號,2641,液晶面板及其組件製造業,6412.56,2740.60,3.70,0.00,0.00,0.00,,85388.10,94544.96,自願揭露,是,68000,68000040
97,11085292,中華映管股份有限公司龍潭廠,0002,H5009450,桃園縣,龍潭鄉,桃園縣龍潭鄉三和村1鄰華映路1號,2641,液晶面板及其組件製造業,0.00,0.00,0.00,0.00,0.00,0.00,,1006.99,1006.99,自願揭露,否,68000,68000090
97,3707901,臺灣中油股份有限公司石化事業部林園石化廠,0005,S1900710,高雄市,林園區,高雄市林園區石化二路3號,1820,石油化工原料製造業,2205101.72,819.09,2051.08,0.00,0.00,0.00,,53346.17,2261318.07,自願揭露,否,64000,64000130
97,3084741,中國石油化學工業開發股份有限公司大社廠,0003,S2300410,高雄市,大社區,高雄市大社區經建路1號,1820,石油化工原料製造業,197553.48,1163.63,162.51,186.17,0.00,46.61,,37174.74,236287.13,自願揭露,是,64000,64000160
97,3084741,中國石油化學工業開發股份有限公司頭份廠,0002,K7201001,苗栗縣,頭份鎮,苗栗縣頭份鎮蘆竹里一六鄰中華路五一七號,1820,石油化工原料製造業,524068.92,850.50,282865.70,0.00,0.00,0.00,,3398.15,811183.27,自願揭露,否,10005,10005050
97,1973733,新北市政府環境保護局樹林垃圾焚化廠,0002,F0703948,新北市,樹林區,新北市樹林區樂山里中山路三段二一二號,3821,無害廢棄物處理業,132844.85,2147.18,4214.15,0.00,0.00,0.00,,102.44,139308.63,自願揭露,是,65000,65000070
96,85066002,永豐餘造紙股份有限公司久堂廠,0001,S2100223,高雄市,大樹區,高雄市大樹區久堂村久堂路112號,1512,紙張製造業,169592.85,201.15,393.61,0.03,0.00,0.00,,153914.07,324101.71,自願揭露,是,64000,64000150
96,84526079,大園汽電共生股份有限公司,0001,H4702336,桃園縣,大園鄉,桃園縣大園鄉北港村14鄰2-6號,3510,電力供應業,314423.13,80.36,1396.01,83.90,0.00,0.00,,33873.72,349857.12,自願揭露,否,68000,68000060
96,56157643,東記造紙公司,0001,L0200393,臺中市,龍井區,臺中市龍井區沙田路4段342號,1513,紙板製造業,43326.17,35.70,109.78,0.00,0.00,0.00,,28606.27,72077.91,自願揭露,否,66000,66000250
96,47217677,聯華電子股份有限公司Fab12A廠,0003,R0304131,臺南市,新市區,臺南市新市區南科二路一八、二○號,2611,積體電路製造業,12972.87,218.44,25695.12,2429.41,7326.25,9034.20,,195356.47,253032.75,自願揭露,是,67000,67000200
96,47217677,聯華電子股份有限公司Fab8D廠,0001,O1709148,新竹市,東區,新竹市東區力行三路八號,2611,積體電路製造業,3223.34,96.86,11237.89,0.00,75850.86,0.00,,88547.72,178956.67,自願揭露,否,10018,10018010
96,33085508,正隆股份有限公司竹北廠,0001,J5500366,新竹縣,竹北市,新竹縣竹北市長青路二段300號,1599,未分類其他紙製品製造業,46549.20,62.40,142.20,0.00,0.00,0.00,,49849.90,96603.70,自願揭露,否,10004,10004010
96,15458455,臺灣永光化學工業股份有限公司第三廠,0004,H5302376,桃園縣,觀音鄉,桃園縣觀音鄉觀音工業區成功路二段937號,1920,塗料、染料及顏料製造業,10037.45,15.60,29.36,0.00,0.00,0.00,,7585.17,17667.57,自願揭露,否,68000,68000120
96,15458455,臺灣永光化學工業股份有限公司第二廠,0003,H5300970,桃園縣,觀音鄉,桃園縣觀音工業區工業三路12號,1920,塗料、染料及顏料製造業,13898.57,16.96,25.16,93.60,0.00,0.00,,14674.69,28708.98,自願揭露,否,68000,68000120
96,15458455,臺灣永光化學工業股份有限公司第一廠,0002,H4701044,桃園縣,大園鄉,桃園縣大園鄉內海村中山北路271號,1920,塗料、染料及顏料製造業,11037.66,10.91,14.32,0.00,0.00,0.00,,7435.84,18498.74,自願揭露,否,68000,68000060
96,11913502,臺灣水泥股份有限公司花蓮廠,0002,U9100978,花蓮縣,花蓮市,花蓮縣花蓮市民孝里華東103號,2331,水泥製造業,1205227.64,123.66,2143.89,0.57,0.00,0.00,,51066.66,1258562.42,自願揭露,是,10015,10015010
96,11085292,中華映管股份有限公司湖口廠,0004,J59A2882,新竹縣,湖口鄉,新竹縣湖口鄉文化路2-1號,2641,液晶面板及其組件製造業,137.39,45.60,0.03,0.00,0.00,0.00,,39371.49,39554.51,自願揭露,否,10004,10004050
96,11085292,中華映管股份有限公司楊梅廠,0003,H4501231,桃園縣,楊梅市,桃園縣楊梅市行善路80號,2641,液晶面板及其組件製造業,6391.02,1420.96,3.91,0.00,0.00,0.00,,87953.28,95769.17,自願揭露,是,68000,68000040
96,11085292,中華映管股份有限公司龍潭廠,0002,H5009450,桃園縣,龍潭鄉,桃園縣龍潭鄉三和村1鄰華映路1號,2641,液晶面板及其組件製造業,0.00,0.00,0.00,0.00,0.00,0.00,,6846.04,6846.04,自願揭露,否,68000,68000090
96,3794905,臺灣糖業股份有限公司小港廠,0001,E5600869,高雄市,小港區,高雄市小港區小港路133號,0893,製糖業,86710.60,83.70,199.20,0.00,0.00,0.00,,6846.04,93839.54,自願揭露,否,64000,64000110
96,3707901,臺灣中油股份有限公司石化事業部林園石化廠,0005,S1900710,高雄市,林園區,高雄市林園區石化二路3號,1820,石油化工原料製造業,2601425.05,1004.01,2288.72,0.00,0.00,0.00,,37104.74,2641822.52,自願揭露,否,64000,64000130
96,1973733,新北市政府環境保護局樹林垃圾焚化廠,0002,F0703948,新北市,樹林區,新北市樹林區樂山里中山路三段二一二號,3821,無害廢棄物處理業,139040.07,2132.70,4199.42,0.00,0.00,0.00,,130.24,145502.43,自願揭露,是,65000,65000070
100,22100398,勝華科技股份有限公司幼獅廠,0003,H45A0938,桃園縣,楊梅市,桃園縣楊梅市高上里高獅路580號,2699,未分類其他電子零組件製造業,194.04,6.80,0.00,269.10,0.00,0.00,,101053.37,101523.31,自願揭露,是,68000,68000040
100,20927014,大統益股份有限公司,0001,R9701056,臺南市,官田區,臺南市官田區工業西路32號,0840,食用油脂製造業,6934.98,6.66,21.67,0.00,0.00,0.00,,119409.67,126372.98,自願揭露,否,67000,67000100
100,19882398,高雄市岡山垃圾資源回收廠,0002,S1602755,高雄市,岡山區,高雄市岡山區本工五路9號,3510,電力供應業,191223.45,7.31,3861.63,100.86,0.00,0.00,,332.75,195525.99,自願揭露,是,64000,64000190
100,18442020,彰化縣溪州資源回收（焚化）廠,0001,N3201030,彰化縣,溪州鄉,彰化縣溪州鄉彰水路一段臨1號,3821,無害廢棄物處理業,379.62,9.22,1.05,11260.00,0.00,0.00,,238.25,11888.14,自願揭露,否,10007,10007260
95,15458455,臺灣永光化學工業股份有限公司第三廠,0004,H5302376,桃園縣,觀音鄉,桃園縣觀音鄉觀音工業區成功路二段937號,1920,塗料、染料及顏料製造業,10999.45,15.92,30.55,0.00,0.00,0.00,,8054.46,19100.38,自願揭露,否,68000,68000120
95,15458455,臺灣永光化學工業股份有限公司第二廠,0003,H5300970,桃園縣,觀音鄉,桃園縣觀音工業區工業三路12號,1920,塗料、染料及顏料製造業,12419.00,15.79,23.69,0.00,0.00,0.00,,14233.73,26692.20,自願揭露,否,68000,68000120
95,15458455,臺灣永光化學工業股份有限公司第一廠,0002,H4701044,桃園縣,大園鄉,桃園縣大園鄉內海村中山北路271號,1920,塗料、染料及顏料製造業,10183.13,10.51,14.67,0.00,0.00,0.00,,7101.56,17309.87,自願揭露,否,68000,68000060
95,11913502,臺灣水泥股份有限公司花蓮廠,0002,U9100978,花蓮縣,花蓮市,花蓮縣花蓮市民孝里華東103號,2331,水泥製造業,1202398.08,124.55,2140.90,0.57,0.00,0.00,,51920.04,1256584.14,自願揭露,是,10015,10015010
95,11085292,中華映管股份有限公司湖口廠,0004,J59A2882,新竹縣,湖口鄉,新竹縣湖口鄉文化路2-1號,2641,液晶面板及其組件製造業,0.12,44.21,0.00,0.00,0.00,0.00,,37482.09,37526.42,自願揭露,否,10004,10004050
95,11085292,中華映管股份有限公司楊梅廠,0003,H4501231,桃園縣,楊梅市,桃園縣楊梅市行善路80號,2641,液晶面板及其組件製造業,4926.09,2523.46,3.13,0.00,0.00,0.00,,88138.60,95591.29,自願揭露,是,68000,68000040
95,11085292,中華映管股份有限公司龍潭廠,0002,H5009450,桃園縣,龍潭鄉,桃園縣龍潭鄉三和村1鄰華映路1號,2641,液晶面板及其組件製造業,0.00,0.00,0.00,0.00,0.00,0.00,,4394.78,4394.78,自願揭露,否,68000,68000090
95,3794905,臺灣糖業股份有限公司小港廠,0001,E5600869,高雄市,小港區,高雄市小港區小港路133號,0893,製糖業,109927.50,105.10,255.70,0.00,0.00,0.00,,4394.78,114683.08,自願揭露,否,64000,64000110
95,3707901,臺灣中油股份有限公司石化事業部林園石化廠,0005,S1900710,高雄市,林園區,高雄市林園區石化二路3號,1820,石油化工原料製造業,2416121.90,920.03,2415.33,0.00,0.00,0.00,,40405.41,2459862.67,自願揭露,否,64000,64000130
95,3707901,臺灣中油股份有限公司煉製事業部高雄煉油廠,0002,E4900333,高雄市,左營區,高雄市左營區左楠路2號,1700,石油及煤製品製造業,3729265.00,2017.50,11201.50,4488.00,0.00,0.00,,42186.40,3789158.40,自願揭露,否,64000,64000030
95,1973733,新北市政府環境保護局樹林垃圾焚化廠,0002,F0703948,新北市,樹林區,新北市樹林區樂山里中山路三段二一二號,3821,無害廢棄物處理業,146120.75,1908.17,3735.17,0.00,0.00,0.00,,459.23,152223.32,自願揭露,是,65000,65000070
100,7568009,環球水泥股份有限公司阿蓮廠,0001,S2800200,高雄市,阿蓮區,高雄市阿蓮區崗山里95之2號,2331,水泥製造業,110.99,0.12,1.81,0.00,0.00,0.00,,0.00,112.93,自願揭露,否,64000,64000230
95,85066002,永豐餘造紙股份有限公司久堂廠,0001,S2100223,高雄市,大樹區,高雄市大樹區久堂村久堂路112號,1512,紙張製造業,169461.53,202.27,393.14,0.03,0.00,0.00,,150725.47,320782.43,自願揭露,是,64000,64000150
95,84526079,大園汽電共生股份有限公司,0001,H4702336,桃園縣,大園鄉,桃園縣大園鄉北港村14鄰2-6號,3510,電力供應業,327178.52,98.45,1398.88,83.90,0.00,0.00,,36798.07,365557.82,自願揭露,否,68000,68000060
95,67882919,嘉義市垃圾焚化廠,0001,I2604550,嘉義市,西區,嘉義市西區湖內里湖子內路741號,3830,資源回收業,45075.19,212.46,418.38,0.00,0.00,0.00,,113.48,45819.50,自願揭露,否,10020,10020020
95,56157643,東記造紙公司,0001,L0200393,臺中市,龍井區,臺中市龍井區沙田路4段342號,1513,紙板製造業,46469.99,38.28,117.47,0.00,0.00,0.00,,29627.60,76253.33,自願揭露,否,66000,66000250
95,33085508,正隆股份有限公司竹北廠,0001,J5500366,新竹縣,竹北市,新竹縣竹北市長青路二段300號,1599,未分類其他紙製品製造業,69736.20,58.70,176.10,390.00,0.00,0.00,,37104.57,107465.57,自願揭露,否,10004,10004010
95,22101116,華東科技股份有限公司,0001,E5402523,高雄市,前鎮區,高雄市前鎮區加工出口區北一路18號,2613,半導體封裝及測試業,0.00,0.00,0.00,0.00,0.00,0.00,,67531.27,67531.27,自願揭露,否,64000,64000090
94,56157643,東記造紙公司,0001,L0200393,臺中市,龍井區,臺中市龍井區沙田路4段342號,1513,紙板製造業,47712.34,39.35,120.63,0.00,0.00,0.00,,28688.77,76561.11,自願揭露,否,66000,66000250
94,52016209,臺中縣環境保護局后里資源回收廠,0002,L9201289,臺中市,后里區,臺中市后里區堤防路556號,3510,電力供應業,80029.81,2915.15,5673.68,0.00,0.00,0.00,,257.97,88876.62,自願揭露,否,66000,66000150
94,47217677,聯華電子股份有限公司Fab8D廠,0001,O1709148,新竹市,東區,新竹市東區力行六路3號,2611,積體電路製造業,0.00,96.33,9371.41,0.00,84337.95,0.00,,90524.51,184330.21,自願揭露,否,10018,10018010
94,33085508,正隆股份有限公司竹北廠,0001,J5500366,新竹縣,竹北市,新竹縣竹北市長青路二段300號,1599,未分類其他紙製品製造業,75579.00,63.20,191.60,0.00,0.00,0.00,,32616.06,108449.86,自願揭露,否,10004,10004010
94,27719048,永豐餘工業用紙股份有限公司新屋廠,0001,H5200215,桃園縣,新屋鄉,桃園縣新屋鄉永安村下庄子250號,1513,紙板製造業,320291.48,978.15,2726.80,0.00,0.00,0.00,,32861.63,356858.05,自願揭露,是,68000,68000110
94,19882398,高雄縣岡山垃圾資源回收廠,0002,S1602755,高雄市,岡山區,高雄市岡山區本工五路9號,3510,電力供應業,158879.68,1906.16,3720.56,100.85,0.00,0.00,,132.84,164740.09,自願揭露,否,64000,64000190
94,18442020,彰化縣溪洲垃圾資源回收(焚化)廠,0001,N3201030,彰化縣,溪州鄉,彰化縣溪洲鄉彰水路一段臨1號,3821,無害廢棄物處理業,268261.80,5.60,7.70,4.70,0.00,0.00,,173.10,268452.90,自願揭露,否,10007,10007260
94,15458455,臺灣永光化學工業股份有限公司第三廠,0004,H5302376,桃園縣,觀音鄉,桃園縣觀音鄉觀音工業區成功路二段937號,1920,塗料、染料及顏料製造業,11370.53,16.67,31.39,0.00,0.00,0.00,,8341.25,19759.84,自願揭露,否,68000,68000120
94,15458455,臺灣永光化學工業股份有限公司第二廠,0003,H5300970,桃園縣,觀音鄉,桃園縣觀音工業區工業三路12號,1920,塗料、染料及顏料製造業,11501.10,15.94,22.13,19.50,0.00,0.00,,12906.63,24465.29,自願揭露,否,68000,68000120
102,22099131,臺灣積體電路製造股份有限公司八廠,0006,O1713311,新竹市,東區,新竹市東區力行路25號,2611,積體電路製造業,4866.66,46.86,27381.03,8398.52,68987.44,6065.82,0.00,176479.09,292225.42,依法申報,是,10018,10018010
102,84149738,友達光電股份有限公司臺中廠,0005,B2313780,臺中市,西屯區,"臺中市西屯區林厝里中科路1 號、科雅路2號、科雅路3號",2641,液晶面板及其組件製造業,15699.93,433.62,20312.35,0.00,0.00,64234.38,0.00,1007180.72,1107861.00,依法申報,是,66000,66000060
102,75708007,臺灣塑膠工業股份有限公司仁武廠,0005,S2201109,高雄市,仁武區,高雄市仁武區水管路一○○號,1810,基本化學材料製造業,2749014.01,871.41,13225.41,2135.98,0.00,33.46,0.00,12771.12,2778051.38,依法申報,是,64000,64000170
102,58650902,臺灣化學纖維股份有限公司海豐廠,0005,P5802092,雲林縣,麥寮鄉,雲林縣麥寮鄉三盛村臺塑工業園區1之1號,1810,基本化學材料製造業,1514955.20,246.65,197.78,1737.84,0.00,31.07,0.00,2499953.51,4017122.05,依法申報,是,10009,10009130
102,47217677,聯華電子股份有限公司Fab8A廠,0005,O1706209,新竹市,東區,新竹市東區力行二路三、五號,2611,積體電路製造業,4541.70,35.95,16986.08,4000.40,31122.84,39793.50,0.00,119293.76,215774.22,依法申報,是,10018,10018010
102,22099548,旺宏電子股份有限公司晶圓五廠,0005,O17A6887,新竹市,東區,新竹市東區力行六路19號,2611,積體電路製造業,1462.42,27.84,3238.60,6524.65,65702.83,3224.11,0.00,107037.35,187217.79,依法申報,是,10018,10018010
102,22099131,臺灣積體電路製造股份有限公司六廠,0005,R9004230,臺南市,善化區,臺南市善化區南部科學工業園區南科北路一號,2611,積體電路製造業,2460.39,97.94,61462.40,7805.59,81588.48,8684.35,0.00,211350.94,373450.08,依法申報,是,67000,67000190
102,12800225,群創光電股份有限公司T2廠,0005,K71A1370,苗栗縣,竹南鎮,苗栗縣竹南鎮科學路168號,2641,液晶面板及其組件製造業,2921.55,109.72,147.16,1638.16,31.77,6517.22,0.00,224702.09,236067.66,依法申報,是,10005,10005040
102,3707901,臺灣中油股份有限公司石化事業部林園石化廠,0005,S1900710,高雄市,林園區,高雄市林園區石化二路3號,1820,石油化工原料製造業,1532450.77,1320.78,864.75,72.08,0.00,0.00,0.00,48546.63,1583255.00,依法申報,是,64000,64000130
102,84149738,友達光電,0004,H5008211,桃園市,龍潭區,桃園市龍潭區龍科街228號,2641,液晶面板及其組件製造業,8631.26,64.68,4938.70,0.00,0.00,12797.30,0.00,319744.99,346176.94,依法申報,是,68000,68000090
102,47299902,漢磊科技股份有限公司研發廠(元件三廠),0004,J6300299,新竹縣,寶山鄉,新竹縣寶山鄉新竹科學園區創新一路18號,2611,積體電路製造業,344.77,6.87,0.34,562.73,8637.39,1376.64,0.00,24333.97,35262.71,依法申報,是,10004,10004100
102,47217677,聯華電子股份有限公司Fab6A廠,0004,J6300646,新竹縣,寶山鄉,新竹縣寶山鄉創新一路一○號,2611,積體電路製造業,382.70,13.65,2720.50,2010.35,7767.98,3670.47,0.00,35255.01,51820.65,依法申報,是,10004,10004100
102,22099131,臺灣積體電路製造股份有限公司五廠,0004,J6301447,新竹縣,寶山鄉,新竹縣寶山鄉新竹科學工業園區園區三路121號,2611,積體電路製造業,4208.11,4.36,16572.63,5157.89,52967.96,3226.50,0.00,100098.61,182236.06,依法申報,是,10004,10004100
102,12800225,群創光電股份有限公司T3廠,0004,K71A2695,苗栗縣,竹南鎮,苗栗縣竹南鎮科中路12號,2641,液晶面板及其組件製造業,1693.73,77.41,11149.71,0.00,220.66,26290.24,0.00,124987.94,164419.68,依法申報,是,10005,10005040
102,3707901,臺灣中油股份有限公司煉製事業部桃園煉油廠,0004,H4803507,桃園市,龜山區,桃園市龜山區南上里民生北路一段50號,1700,石油及煤製品製造業,1431816.74,1450.76,1410.31,64.61,0.00,0.00,0.00,205371.98,1640114.40,依法申報,是,68000,68000070
102,86522210,臺塑石化股份有限公司麥寮三廠,0003,P5802430,雲林縣,麥寮鄉,雲林縣麥寮鄉臺塑工業園區17號,1990,其他化學製品製造業,7727146.65,1389.91,23377.69,21.54,0.00,317.87,0.00,230604.99,7982858.65,依法申報,是,10009,10009130
102,84149738,友達光電股份有限公司L5廠,0003,O1707395,新竹市,東區,新竹市東區力行路23號,2641,液晶面板及其組件製造業,1480.20,24.39,199.11,0.00,0.00,26457.30,0.00,44968.10,73129.10,依法申報,是,10018,10018010
102,84149385,力晶科技股份有限公司P3,0003,O1747764,新竹市,東區,新竹市東區力行路16-1號,2611,積體電路製造業,4346.50,18.51,3383.81,102.90,2061.44,1309.99,0.00,109888.64,121111.79,依法申報,是,10018,10018010
102,58650902,臺灣化學纖維股份有限公司新港廠,0003,Q7100254,嘉義縣,新港鄉,嘉義縣新港鄉中洋村中洋工業區一號,1850,人造纖維製造業,2396409.55,708.41,11561.33,1062.75,0.00,1864.20,0.00,23232.79,2434839.02,依法申報,是,10010,10010070
102,47299902,漢磊科技股份有限公司研新廠(元件二廠),0003,O1701115,新竹市,東區,新竹市科學工業園區研新二路5號,2611,積體電路製造業,332.69,3.75,485.52,415.94,10916.31,860.40,0.00,8977.83,21992.43,依法申報,是,10018,10018010
102,47217677,聯華電子股份有限公司Fab12A廠,0003,R0304131,臺南市,新市區,臺南市新市區南科二路一八、二○號,2611,積體電路製造業,19891.74,99.38,49793.81,0.82,23914.07,0.00,0.00,369299.66,462999.49,依法申報,是,67000,67000200
102,22100398,勝華科技股份有限公司幼獅廠,0003,H45A0938,桃園市,楊梅區,桃園市楊梅區高上里高獅路580號,2699,未分類其他電子零組件製造業,685672.77,256.67,378.88,0.00,0.00,0.00,0.00,47276.91,733585.23,依法申報,是,68000,68000040
102,22099548,旺宏電子股份有限公司晶圓二廠,0003,O1706307,新竹市,東區,新竹市新竹市力行路16號,2611,積體電路製造業,1897.65,46.46,3522.13,10939.36,28582.41,14808.44,0.00,98728.16,158524.61,依法申報,是,10018,10018010
102,22099131,臺灣積體電路製造股份有限公司三廠3E廠,0003,J6300324,新竹縣,寶山鄉,新竹縣寶山鄉研新二路6號,2611,積體電路製造業,3273.08,24.30,220.16,554.58,11209.00,13363.86,0.00,71493.64,100138.61,依法申報,是,10004,10004100
102,16432742,凌巨科技股份有限公司新竹廠,0003,J59A4581,新竹縣,湖口鄉,新竹縣湖口鄉新竹工業區文化路2-1號,2649,其他光電材料及元件製造業,4.36,14.61,0.00,0.00,0.00,0.00,0.00,20624.76,20643.74,依法申報,是,10004,10004050
102,11913502,臺灣水泥股份有限公司蘇澳廠,0003,G3200778,宜蘭縣,蘇澳鎮,宜蘭縣蘇澳鎮永昌路46號,2331,水泥製造業,1553479.63,146.97,2913.91,0.00,0.00,0.00,0.00,99435.23,1655975.73,依法申報,是,10002,10002030
102,11085292,中華映管股份有限公司楊梅廠,0003,H4501231,桃園市,楊梅區,桃園市楊梅區行善路80號,2641,液晶面板及其組件製造業,3518.15,2571.43,1.86,0.00,3.05,0.00,0.00,95433.71,101528.21,依法申報,是,68000,68000040
102,3707901,臺灣中油股份有限公司煉製事業部大林煉油廠,0003,E5600056,高雄市,小港區,高雄市小港區沿海四路50號,1700,石油及煤製品製造業,2962843.67,895.69,1013.64,2110.15,0.00,0.00,0.00,510338.96,3477202.10,依法申報,是,64000,64000110
102,89390656,南亞科技股份有限公司三廠,0002,F1606662,新北市,泰山區,新北市泰山區南林路98號,2611,積體電路製造業,4952.58,42.86,10558.01,5743.21,13586.28,231.74,0.00,205234.43,240349.11,依法申報,是,65000,65000160
102,86522210,臺塑石化股份有限公司麥寮二廠,0002,P5801728,雲林縣,麥寮鄉,雲林縣麥寮鄉臺塑工業園區8、8-5號,1990,其他化學製品製造業,4923737.41,1051.63,19797.34,283.92,0.00,1144.81,0.00,173291.45,5119306.57,依法申報,是,10009,10009130
102,84149738,友達光電總部/友達光電股份有限公司L3B廠,0002,O1709193,新竹市,東區,"新竹市東區力行二路1 號",2641,液晶面板及其組件製造業,814.70,78.92,67.64,0.00,29.64,194.31,0.00,19510.93,20696.13,依法申報,是,10018,10018010
102,84149385,力晶科技股份有限公司P2,0002,O1748707,新竹市,東區,新竹市新竹科學園區力行一路12號,2611,積體電路製造業,5470.99,2.09,2501.45,702.76,4072.25,949.54,0.00,135186.62,148885.70,依法申報,是,10018,10018010
102,84149358,世界先進積體電路股份有限公司晶圓二廠,0002,O1751197,新竹市,東區,新竹市東區力行路九號,2611,積體電路製造業,3254.19,40.54,12473.22,1836.59,39932.81,284.70,0.00,127563.73,185385.78,依法申報,是,10018,10018010
102,80353271,華亞科技股份有限公司二廠,0002,H4888582,桃園市,龜山區,桃園市龜山區文化村華亞五路2、6號,2711,電腦製造業,4243.83,20.80,10271.85,1586.03,7080.01,283.93,0.00,384273.97,407760.41,依法申報,是,68000,68000070
102,22100398,勝華科技股份有限公司幼獅二廠,0006,H45A2122,桃園市,楊梅區,桃園市楊梅區高上里高獅路五八○號,2699,未分類其他電子零組件製造業,3968.83,674.65,2.11,0.00,0.00,5432.17,0.00,46728.38,56806.13,依法申報,是,68000,68000040
101,69101735,臺南縣永康垃圾資源回收(焚化)廠,0002,R1407702,臺南市,永康區,臺南市永康區王行東路168號,9499,未分類其他組織,57473.21,0.29,1.17,0.00,0.00,0.00,,191.63,57666.30,自願揭露,是,67000,67000310
101,67882919,嘉義市垃圾焚化廠,0001,I2604550,嘉義市,西區,嘉義市西區湖內里湖子內路741號,3830,資源回收業,6161.67,1.32,18.89,0.00,0.00,0.00,,96.40,6278.28,自願揭露,否,10020,10020020
101,56157643,東記造紙公司,0001,L0200393,臺中市,龍井區,臺中市龍井區沙田路4段342號,1513,紙板製造業,60762.87,46.22,261.59,0.00,0.00,0.00,,32958.04,94028.72,自願揭露,否,66000,66000250
101,55991080,矽品精密工業股份有限公司彰化廠,0001,N0911075,彰化縣,和美鎮,"彰化縣和美鎮新庄里金馬路二段四四○巷八號  、彰新路二段八號 、十號  、十八號",2613,半導體封裝及測試業,119.02,297.19,1.74,0.00,0.00,0.00,,61119.84,61537.79,自願揭露,是,10007,10007030
101,27719048,永豐餘工業用紙股份有限公司新屋廠,0001,H5200215,桃園縣,新屋鄉,桃園縣新屋鄉永安村7鄰永福路281號,1599,未分類其他紙製品製造業,322968.32,762.33,2353.12,21.02,0.00,0.00,,36733.09,362837.88,自願揭露,否,68000,68000110
101,19882398,高雄市岡山垃圾資源回收廠,0002,S1602755,高雄市,岡山區,高雄市岡山區本工五路9號,3510,電力供應業,203464.69,7.21,3976.54,100.86,0.00,0.00,,107.25,207656.55,自願揭露,是,64000,64000190
101,18442020,彰化縣溪州資源回收（焚化）廠,0001,N3201030,彰化縣,溪州鄉,彰化縣溪州鄉彰水路一段臨1號,3821,無害廢棄物處理業,381.02,146.95,269.47,11260.00,0.00,0.00,,491.74,12549.18,自願揭露,否,10007,10007260
101,15820097,沈氏藝術印刷股份有限公司土城廠,0001,F1305053,新北市,土城區,新北市土城區中央路一段365巷7號三樓,1612,印刷輔助業,996.92,0.45,0.97,70.94,0.00,0.00,,5200.61,6269.90,自願揭露,是,65000,65000130
101,3707901,臺灣中油股份有限公司石化事業部林園石化廠,0005,S1900710,高雄市,林園區,高雄市林園區石化二路3號,1820,石油化工原料製造業,1659672.46,4158.05,1048.60,19.11,0.00,0.00,,42555.21,1707453.43,自願揭露,否,64000,64000130
101,3098415,中華汽車工業股份有限公司楊梅廠,0001,H4500725,桃園縣,楊梅市,桃園縣楊梅市秀才路六一八號,3010,汽車製造業,5454.93,310.01,91.48,0.00,0.00,0.00,,13562.17,19418.59,自願揭露,否,68000,68000040
101,1973733,新北市政府環境保護局新店垃圾焚化廠,0001,F0501686,新北市,新店區,新北市新店區薏仁坑路自強巷一號,3821,無害廢棄物處理業,79531.16,925.64,1810.61,0.00,0.00,0.00,,71.50,82338.92,自願揭露,是,65000,65000060
101,1012341,臺北市政府環境保護局北投垃圾焚化廠,0001,A4400916,臺北市,北投區,"臺北市北投區 洲美街２７１號",3811,無害廢棄物清除業,169123.23,0.00,0.00,0.00,0.00,0.00,,28421.04,197544.27,自願揭露,否,63000,63000120
100,85066002,永豐餘造紙股份有限公司臺東廠,0003,V7500777,臺東縣,臺東市,臺東市中興路4段371號,1512,紙張製造業,115916.07,1031.76,734.64,3.89,0.00,0.00,,56581.27,174267.64,自願揭露,否,10014,10014010
100,85066002,永豐餘造紙股份有限公司久堂廠,0001,S2100223,高雄市,大樹區,高雄市大樹區久堂村久堂路112號,1512,紙張製造業,457626.48,180.65,2251.88,0.18,0.00,0.00,,11371.24,471430.44,自願揭露,是,64000,64000150
100,80332282,達和環保服務股份有限公司-嘉義縣鹿草垃圾焚化廠,0004,Q7504010,嘉義縣,鹿草鄉,嘉義縣鹿草鄉豐稠村馬稠後農場60號,3821,無害廢棄物處理業,261255.62,1804.81,3520.74,0.00,0.00,0.00,,72.04,266653.20,自願揭露,否,10010,10010110
100,77010483,宜蘭縣利澤垃圾資源回收(焚化)廠,0001,G3801239,宜蘭縣,五結鄉,宜蘭縣五結鄉利澤工業區利工二路100號,3821,無害廢棄物處理業,89914.75,999.04,1952.24,0.00,0.00,0.00,,101.61,92967.64,自願揭露,是,10002,10002090
100,70786019,高雄市仁武垃圾焚化爐,0001,S2202553,高雄市,仁武區,高雄市仁武區仁武垃圾焚化爐,9499,未分類其他組織,264677.27,2654.59,5151.89,0.00,0.00,0.00,,320.15,272803.89,自願揭露,否,64000,64000170
100,70750217,和鑫光電股份有限公司,0001,R03A0995,臺南市,新市區,臺南市新市區環西路一段八號,2641,液晶面板及其組件製造業,22.26,131.45,0.80,0.00,0.00,0.00,,63362.52,63517.03,自願揭露,否,67000,67000200
100,67882919,嘉義市垃圾焚化廠,0001,I2604550,嘉義市,西區,嘉義市西區湖內里湖子內路741號,3830,資源回收業,16154.77,349.49,722.07,0.00,0.00,0.00,,116.12,17342.46,自願揭露,否,10020,10020020
100,56157643,東記造紙公司,0001,L0200393,臺中市,龍井區,臺中市龍井區沙田路4段342號,1513,紙板製造業,37588.65,30.86,96.51,0.00,0.00,0.00,,32330.45,70046.47,自願揭露,否,66000,66000250
100,55991080,矽品精密工業股份有限公司彰化廠,0001,N0911075,彰化縣,和美鎮,"彰化縣和美鎮新庄里金馬路二段四四○巷八號  、彰新路二段八號 、十號  、十八號",2613,半導體封裝及測試業,181.27,272.46,0.56,0.00,0.00,0.00,,56733.27,57187.56,自願揭露,否,10007,10007030
100,52016209,臺中縣環境保護局后里資源回收廠,0002,L9201289,臺中市,后里區,臺中市后里區堤防路556號,3510,電力供應業,61716.54,808.31,1575.51,0.00,0.00,0.00,,0.00,64100.35,自願揭露,否,66000,66000150
100,52016209,臺中市環境保護局-垃圾焚化廠,0001,B2402442,臺中市,南屯區,臺中市南屯區文山南巷500號,3821,無害廢棄物處理業,1522.95,7.97,0.36,0.00,0.00,0.00,,140.30,1671.58,自願揭露,否,66000,66000070
100,27719048,永豐餘工業用紙股份有限公司新屋廠,0001,H5200215,桃園縣,新屋鄉,桃園縣新屋鄉永安村7鄰永福路281號,1599,未分類其他紙製品製造業,314771.61,833.31,2469.14,0.00,0.00,0.00,,32181.16,350255.21,自願揭露,否,68000,68000110
100,22100398,勝華科技股份有限公司幼獅二廠,0006,H45A2122,桃園縣,楊梅市,桃園縣楊梅市高上里高獅路五八○號,2699,未分類其他電子零組件製造業,98.95,11.50,0.49,2.99,0.00,0.00,,101.05,214.99,自願揭露,是,68000,68000040
102,11384806,長春石油化學股份有限公司苗栗廠,0002,K6801089,苗栗縣,苗栗市,苗栗縣苗栗市福安里福星246、246-3號,1990,其他化學製品製造業,1139181.11,952.42,5530.21,1404.00,0.00,0.00,0.00,110252.66,1257320.41,依法申報,是,10005,10005010
102,11085292,中華映管股份有限公司龍潭廠,0002,H5009450,桃園市,龍潭區,桃園市龍潭區三和里1鄰華映路1號,2641,液晶面板及其組件製造業,7251.33,28804.79,38091.59,1122.90,14588.61,338536.57,0.00,327191.27,755587.06,依法申報,是,68000,68000090
102,3707901,臺灣中油股份有限公司煉製事業部高雄煉油廠,0002,E4900333,高雄市,楠梓區,高雄市楠梓區左楠路2號,1700,石油及煤製品製造業,1884197.99,19546.00,766.94,295.92,0.00,0.00,0.00,180841.70,2085648.55,依法申報,是,64000,64000040
102,3244509,亞洲水泥股份有限公司新竹製造廠,0002,J6000230,新竹縣,橫山鄉,新竹縣橫山鄉大肚村中豐路2段109號,2331,水泥製造業,353248.10,40.15,715.48,0.00,0.00,0.00,0.00,25719.62,379723.35,依法申報,是,10004,10004080
102,96976990,嘉惠電力(股)有限公司,0001,Q6907286,嘉義縣,民雄鄉,嘉義縣民雄鄉松山村4鄰松子腳688號,3510,電力供應業,843306.45,319.95,466.58,87.57,0.00,1195.00,0.00,9712.70,855088.24,依法申報,是,10010,10010050
102,96933037,長生電力股份有限公司,0001,H4604568,桃園市,蘆竹區,桃園市蘆竹區海湖里濱海路一段199號,3510,電力供應業,1197680.97,453.26,662.01,0.26,0.00,6629.86,0.00,5914.11,1211340.46,依法申報,是,68000,68000050
102,22099890,元太科技工業股份有限公司,0001,O1706049,新竹市,東區,"新竹市東區科學工業園區力行一路 3 號",2641,液晶面板及其組件製造業,100.86,22.18,56.33,0.00,0.00,6786.41,0.00,31282.19,38247.96,依法申報,是,10018,10018010
102,22099218,華邦中科廠,0001,L9506056,臺中市,大雅區,臺中市大雅區科雅一路八號,2611,積體電路製造業,8860.44,44.33,8385.50,2267.65,11945.33,2581.20,0.00,163609.08,197693.53,依法申報,是,66000,66000180
102,22099174,元隆電子股份有限公司,0001,O1700798,新竹市,東區,新竹市東區研發二路一六、一八、二Ｏ號,2611,積體電路製造業,16.26,0.11,1769.98,13861.24,7609.94,430.20,0.00,14238.43,37926.16,依法申報,是,10018,10018010
102,22099131,臺灣積體電路製造股份有限公司二廠,0001,J6300557,新竹縣,寶山鄉,新竹縣寶山鄉新竹科學園區園區三路121號,2611,積體電路製造業,2118.82,2.44,3340.19,1657.93,27608.65,14075.02,0.00,75516.61,124319.67,依法申報,是,10004,10004100
102,22099110,臺灣茂矽電子股份有限公司,0001,O1704812,新竹市,東區,新竹市東區科學園區研新一路1號,2611,積體電路製造業,52.54,48.47,687.12,0.52,52686.05,2064.96,0.00,51528.92,107068.57,依法申報,是,10018,10018010
102,16596337,新桃電力股份有限公司,0001,J5601064,新竹縣,關西鎮,新竹縣關西鎮臺電新村66號,3510,電力供應業,946461.10,355.29,523.25,0.78,0.00,525.80,0.00,6848.64,954714.86,依法申報,是,10004,10004040
102,16450500,瀚宇彩晶南科TFT-LCD三廠,0001,R0305156,臺南市,新市區,臺南市新市區南科二路35號,2641,液晶面板及其組件製造業,3851.89,237.17,1.92,422.43,0.00,106571.73,0.00,195430.86,306515.99,依法申報,是,67000,67000200
102,16130423,宏捷科技股份有限公司南科大利廠,0001,R0301603,臺南市,新市區,臺南市新市區大利一路6號,2611,積體電路製造業,6.06,35.23,0.19,186.31,4888.74,0.00,0.00,7955.15,13071.68,依法申報,是,67000,67000200
102,16096852,和平電力股份有限公司,0001,U0100258,花蓮縣,秀林鄉,花蓮縣秀林鄉和平村和工二路七號,3510,電力供應業,7978390.06,19615.66,39035.98,123.35,0.00,1727.97,0.00,1239.89,8040132.91,依法申報,是,10015,10015110
102,13168430,世家興業股份有限公司,0001,E5600789,高雄市,小港區,高雄市小港區永光街一號,2411,鋼鐵冶鍊業,33900.75,18.20,26.41,6.90,0.00,0.00,0.00,123822.04,157774.31,依法申報,是,64000,64000110
102,12800750,敦南科技股份有限公司新竹分公司,0001,o1745831,新竹市,東區,新竹市東區工業東七路七號,2611,積體電路製造業,146.10,37.46,1482.17,6.43,41930.81,2409.12,0.00,23369.67,69381.77,依法申報,是,10018,10018010
102,12800225,群創光電股份有限公司T1廠,0001,K7104025,苗栗縣,竹南鎮,苗栗縣竹南鎮科學路160號,2641,液晶面板及其組件製造業,3168.05,49.83,36.18,25.94,808.35,60226.28,0.00,136155.71,200470.35,依法申報,是,10005,10005040
102,11913502,臺灣水泥股份有限公司和平分公司和平廠,0001,U0100187,花蓮縣,秀林鄉,花蓮縣秀林鄉和平村和平263號,2331,水泥製造業,3878925.74,364.01,7286.98,3.64,0.00,0.00,0.00,146450.15,4033030.52,依法申報,是,10015,10015110
102,11085292,中華映管股份有限公司桃園廠,0001,H4903244,桃園市,八德區,桃園市八德區和平路1127號,2641,液晶面板及其組件製造業,9915.97,1934.97,371.85,87.23,9372.87,134874.51,0.00,95227.00,251784.40,依法申報,是,68000,68000080
102,7568009,環球水泥股份有限公司阿蓮廠,0001,S2800200,高雄市,阿蓮區,高雄市阿蓮區崗山里95之2號,2331,水泥製造業,120.61,2.28,2.11,0.00,0.00,0.00,0.00,7993.24,8118.24,依法申報,是,64000,64000230
102,3279507,信大水泥股份有限公司南聖湖廠,0001,G3200849,宜蘭縣,蘇澳鎮,宜蘭縣蘇澳鎮聖湖里中山路二段二三五號,2331,水泥製造業,664200.21,73.69,1278.44,0.00,0.00,0.00,0.00,53844.31,719396.65,依法申報,是,10002,10002030
102,3244509,亞洲水泥股份有限公司花蓮製造廠,0001,U9400115,花蓮縣,新城鄉,花蓮縣新城鄉新城村新興路125號,2331,水泥製造業,3723007.04,353.43,7227.15,69.89,0.00,0.00,0.00,186979.64,3917637.16,依法申報,是,10015,10015040
102,84252697,榮剛材料科技股份有限公司新營廠,0000,R8400827,臺南市,新營區,臺南市新營區新中路35號,2411,鋼鐵冶鍊業,85665.69,120.95,111.07,11.12,0.00,0.00,0.00,87147.27,173056.10,依法申報,是,67000,67000010
102,86522210,臺塑石化股份有限公司麥寮一廠,0001,P5802421,雲林縣,麥寮鄉,雲林縣麥寮鄉臺塑工業園區7、15號,1810,基本化學材料製造業,17259149.21,10371.58,66990.07,485.53,0.68,4371.31,0.00,0.00,17341368.37,依法申報,是,10009,10009130
102,85793919,龍慶鋼鐵企業股份有限公司,0001,E5600798,高雄市,小港區,高雄市小港區利昌街4號,2413,鋼鐵軋延及擠型業,48011.24,38.24,78.96,12.65,0.00,0.00,0.00,122024.49,170165.57,依法申報,是,64000,64000110
102,84613756,中龍鋼鐵股份有限公司,0001,L0200633,臺中市,龍井區,臺中市龍井區龍昌路100號,2411,鋼鐵冶鍊業,9069321.69,332.22,646.38,169.13,0.00,0.00,0.00,281343.85,9351813.28,依法申報,是,66000,66000250
102,84149738,友達光電股份有限公司L3A廠,0001,O1708829,新竹市,東區,"新竹市東區力行六路5 號",2641,液晶面板及其組件製造業,1520.98,15.39,1.02,0.00,335.40,10762.17,0.00,35561.81,48196.78,依法申報,是,10018,10018010
102,84149385,力晶科技股份有限公司P1,0001,O1748716,新竹市,東區,新竹市新竹科學園區力行一路12號,2611,積體電路製造業,5404.12,85.79,1888.86,1171.71,2473.08,4976.44,0.00,153477.77,169477.77,依法申報,是,10018,10018010
102,84149358,世界先進積體電路股份有限公司晶圓一廠,0001,J6300959,新竹縣,寶山鄉,新竹縣寶山鄉園區三路123號,2611,積體電路製造業,1349.92,83.31,8748.76,4867.54,54035.33,15771.18,0.00,122421.70,207277.75,依法申報,是,10004,10004100
102,83078600,東南水泥股份有限公司,0001,E4900744,高雄市,楠梓區,高雄市楠梓區高楠公路屏山巷1號,2331,水泥製造業,555911.42,153.34,1041.88,0.78,0.00,0.00,0.00,48497.53,605604.96,依法申報,是,64000,64000040
102,80354671,慶欣欣鋼鐵股份有限公司,0001,N1601229,彰化縣,伸港鄉,彰化縣伸港鄉溪底村工西二路2號,2411,鋼鐵冶鍊業,138229.41,42.71,77.19,0.00,0.00,0.00,0.00,209974.14,348323.45,依法申報,是,10007,10007050
102,80353271,華亞科技股份有限公司ㄧ廠,0001,H4889454,桃園市,龜山區,桃園市龜山區復興三路667號,2611,積體電路製造業,3572.34,109.57,11615.73,4902.81,23827.50,2082.17,0.00,415142.05,461252.17,依法申報,是,68000,68000070
102,79254702,協勝發鋼鐵廠股份有限公司,0001,E5600332,高雄市,小港區,高雄市小港區店鎮里光陽街七號,2411,鋼鐵冶鍊業,92115.44,61.86,105.96,2.07,0.00,0.00,0.00,211857.62,304142.95,依法申報,是,64000,64000110
102,75470524,海光企業股份有限公司,0001,E5600501,高雄市,小港區,高雄市小港區沿海二路12號,2411,鋼鐵冶鍊業,47779.78,22.75,22.20,1.94,0.00,107.55,0.00,184144.40,232078.63,依法申報,是,64000,64000110
102,75460005,唐榮鐵工廠股份有限公司,0001,E5601197,高雄市,小港區,高雄市小港區沿海二路4號,2411,鋼鐵冶鍊業,60792.79,67.97,29.48,10.66,0.00,0.00,0.00,120338.03,181238.94,依法申報,是,64000,64000110
102,75280209,東和鋼鐵企業股份有限公司苗栗廠,0001,K8100129,苗栗縣,西湖鄉,苗栗縣西湖鄉二湖村7鄰坪頂22號,2411,鋼鐵冶鍊業,115973.21,102.20,145.08,1.69,0.00,40.63,0.00,257318.21,373581.02,依法申報,是,10005,10005140
102,70833553,國光電力股份有限公司,0001,H4810799,桃園市,龜山區,桃園市龜山區北油一區11號,3510,電力供應業,626167.82,255.00,347.05,0.00,0.00,0.00,0.00,3574.74,630344.61,依法申報,是,68000,68000070
102,70783765,星能電力股份有限公司－彰濱天然氣發電廠,0001,N1504207,彰化縣,線西鄉,彰化縣線西鄉彰濱工業區線工南二路二號,3510,電力供應業,652445.11,877.75,361.03,1.94,0.00,0.00,0.00,6643.15,660328.98,依法申報,是,10007,10007040
102,70783499,森霸電力公司豐德電廠,0001,R0503072,臺南市,山上區,臺南市山上區豐德里隙子口66號,3510,電力供應業,1321644.93,506.17,731.32,1.60,0.00,28.68,0.00,7013.70,1329926.41,依法申報,是,67000,67000220
102,70783006,華亞汽電股份有限公司華亞汽電廠,0001,H4810851,桃園市,龜山區,桃園市龜山區文化里華亞一路九八號,3510,電力供應業,1904526.98,434.92,9340.11,0.00,0.00,501.90,0.00,51875.94,1966679.85,依法申報,是,68000,68000070
102,70766576,錸寶科技股份有限公司新竹廠,0001,J5909690,新竹縣,湖口鄉,新竹縣湖口鄉湖南村光復北路12號,2641,液晶面板及其組件製造業,2.01,5.78,0.00,4.28,0.00,0.00,0.00,7671.96,7684.03,依法申報,是,10004,10004050
102,69771636,威致鋼鐵工業股份有限公司官田廠,0001,R9701341,臺南市,官田區,臺南市官田區南&#24269;里南&#24269;123號,2411,鋼鐵冶鍊業,88494.31,29.57,80.35,8.84,0.00,0.00,0.00,193352.93,281966.00,依法申報,是,67000,67000100
102,55695790,建順煉鋼股份有限公司,0001,K7000513,苗栗縣,通霄鎮,苗栗縣通霄鎮五北里68-4號,2411,鋼鐵冶鍊業,52809.60,44.45,57.35,286.26,0.00,0.00,0.00,153654.21,206851.86,依法申報,是,10005,10005030
102,55389357,豐興鋼鐵股份有限公司,0001,L9200728,臺中市,后里區,臺中市后里區甲后路702號,2411,鋼鐵冶鍊業,301291.55,170.62,355.88,0.00,0.00,0.00,0.00,489776.22,791594.26,依法申報,是,66000,66000150
102,53170263,聯穎光電股份有限公司竹科廠,0001,J63A1719,新竹縣,寶山鄉,新竹縣創新一路10號2樓,2611,積體電路製造業,103.02,4.87,0.00,0.00,82.00,201.33,0.00,3814.71,4205.94,依法申報,是,10004,10004100
102,53116310,恆顥科技股份有限公司湖口廠,0001,J59A5361,新竹縣,湖口鄉,新竹縣湖口鄉新竹工業區文化路2-1號,2641,液晶面板及其組件製造業,276.62,18.70,0.16,0.81,0.00,0.00,0.00,12450.43,12746.72,依法申報,是,10004,10004050
102,47217677,聯華電子股份有限公司Fab8D廠,0001,O1709148,新竹市,東區,新竹市東區力行三路八號,2611,積體電路製造業,2353.71,19.29,10677.55,1136.89,17266.44,3312.54,0.00,82434.07,117200.49,依法申報,是,10018,10018010
102,35412204,華新麗華股份有限公司鹽水廠,0001,R8500582,臺南市,鹽水區,臺南市鹽水區汫水里溪州寮3-10號A棟,2411,鋼鐵冶鍊業,43733.65,16.37,24.18,0.00,0.00,0.00,0.00,139516.53,183290.74,依法申報,是,67000,67000020
102,30414175,中國鋼鐵股份有限公司,0001,E5600841,高雄市,小港區,高雄市小港區中鋼路1號,2411,鋼鐵冶鍊業,19623940.75,971.37,4107.28,1554.48,0.00,43.02,0.00,1257964.24,20888581.14,依法申報,是,64000,64000110
102,28518076,臺灣美光記憶體股份有限公司,0001,L9202099,臺中市,后里區,臺中市后里區三豐路429-1號,2611,積體電路製造業,13638.19,117.39,15623.07,1964.72,14641.58,1010.97,0.00,226952.27,273948.20,依法申報,是,66000,66000150
102,28112667,鉅晶電子股份有限公司,0001,O1753306,新竹市,東區,新竹市東區力行一路18號,2611,積體電路製造業,4364.95,39.14,743.91,0.00,15892.94,0.00,0.00,91752.51,112793.44,依法申報,是,10018,10018010
102,28112646,新唐科技股份有限公司,0001,O17A0968,新竹市,東區,新竹市東區研新三路4號,2611,積體電路製造業,757.14,96.72,737.09,6470.10,11990.39,7865.49,0.00,43252.61,71169.54,依法申報,是,10018,10018010
102,28098406,易昇鋼鐵股份有限公司,0001,R14A1883,臺南市,永康區,臺南市永康區正南一街200號,2411,鋼鐵冶鍊業,54895.81,140.04,35.25,0.35,0.00,2.39,0.00,76855.23,131929.07,依法申報,是,67000,67000310
102,27945086,星元電力股份有限公司(星元天然氣發電廠),0001,N1505633,彰化縣,線西鄉,彰化縣線西鄉慶安南二路二號,3510,電力供應業,640365.65,788.49,354.73,0.00,0.00,0.00,0.00,6371.10,647879.97,依法申報,是,10007,10007040
102,23218395,燁聯鋼鐵股份有限公司,0001,S1601990,高雄市,岡山區,高雄市岡山區興隆街600號,2411,鋼鐵冶鍊業,280607.50,251.96,182.19,38.35,0.00,0.00,0.00,365953.51,647033.51,依法申報,是,64000,64000190
102,22822748,聯成鋼鐵股份有限公司桃園廠,0001,H5200617,桃園市,新屋區,桃園市新屋區石磊里4鄰中華路996號,2411,鋼鐵冶鍊業,30771.36,14.89,9.55,4.23,0.00,0.00,0.00,72038.36,102838.39,依法申報,是,68000,68000110
99,97163486,臺灣德亞瑪股份有限公司新竹廠,0001,J5995356,新竹縣,湖口鄉,新竹縣湖口鄉鳳山村實踐路21號,1810,基本化學材料製造業,2.23,0.00,0.03,0.00,0.00,0.00,,97.74,100.01,自願揭露,是,10004,10004050
99,84608677,協益飼料股份有限公司,0001,S3000204,高雄市,湖內區,高雄市湖內區文賢里中正路二段62號,0870,動物飼料配製業,2092.75,6.18,6.11,0.00,0.00,0.00,,1930.17,4035.22,自願揭露,否,64000,64000250
100,4388145,臺灣康寧顯示玻璃股份有限公司南科分公司臺南廠,0002,R9001702,臺南市,善化區,臺南市善化區環東路二段三三號,2311,平板玻璃及其製品製造業,7277.39,77.24,3.03,1688.05,0.00,0.00,,126084.24,135129.96,自願揭露,是,67000,67000190
100,3707901,臺灣中油股份有限公司石化事業部林園石化廠,0005,S1900710,高雄市,林園區,高雄市林園區石化二路3號,1820,石油化工原料製造業,2148640.13,1055.21,2248.39,2.42,0.00,0.00,,55835.12,2207781.27,自願揭露,否,64000,64000130
100,3553737,臺橡股份有限公司~高雄區,0001,S2300438,高雄市,大社區,高雄市大社區興工路二號,1842,合成橡膠製造業,128871.80,143.48,304.70,702.00,0.00,64.53,,61035.08,191121.60,自願揭露,否,64000,64000160
100,3098415,中華汽車工業股份有限公司楊梅廠,0001,H4500725,桃園縣,楊梅市,桃園縣楊梅市秀才路六一八號,3010,汽車製造業,7082.46,313.45,105.52,0.00,0.00,0.00,,16338.57,23840.00,自願揭露,否,68000,68000040
100,1973733,新北市政府環境保護局樹林垃圾焚化廠,0002,F0703948,新北市,樹林區,新北市樹林區樂山里中山路三段二一二號,3821,無害廢棄物處理業,109089.52,1500.07,2948.68,0.00,0.00,0.00,,127.38,113665.64,自願揭露,否,65000,65000070
99,85066002,永豐餘造紙股份有限公司久堂廠,0001,S2100223,高雄市,大樹區,高雄市大樹區久堂村久堂路112號,1512,紙張製造業,224408.89,186.23,836.44,0.23,0.00,0.00,,122975.10,348406.89,自願揭露,是,64000,64000150
99,84526079,大園汽電共生股份有限公司,0001,H4702336,桃園縣,大園鄉,桃園縣大園鄉北港村14鄰2-6號,3510,電力供應業,193026.32,55.07,837.22,153.99,0.00,0.00,,34914.05,228986.64,自願揭露,否,68000,68000060
99,80332282,達和環保服務股份有限公司-嘉義縣鹿草垃圾焚化廠,0004,Q7504010,嘉義縣,鹿草鄉,嘉義縣鹿草鄉豐稠村馬稠後農場60號,3821,無害廢棄物處理業,144906.33,1707.75,3352.06,169.00,0.00,0.00,,55.99,150191.13,自願揭露,否,10010,10010110
99,77010483,宜蘭縣利澤垃圾資源回收(焚化)廠,0001,G3801239,宜蘭縣,五結鄉,宜蘭縣五結鄉利澤工業區利工二路100號,3821,無害廢棄物處理業,77013.23,930.63,1817.74,28.83,0.00,0.00,,67.79,79858.22,自願揭露,是,10002,10002090
99,70786019,高雄縣仁武垃圾焚化爐,0001,S2202553,高雄市,仁武區,高雄市仁武區仁武垃圾焚化爐,9499,未分類其他組織,241018.45,1794.16,3460.46,0.00,0.00,0.00,,281.70,246554.77,自願揭露,否,64000,64000170
99,67882919,嘉義市垃圾焚化廠,0001,I2604550,嘉義市,西區,嘉義市西區湖內里湖子內路741號,3830,資源回收業,23523.77,328.42,686.14,0.00,0.00,0.00,,100.13,24638.46,自願揭露,否,10020,10020020
99,56157643,東記造紙公司,0001,L0200393,臺中市,龍井區,臺中市龍井區沙田路4段342號,1513,紙板製造業,37866.16,31.10,96.76,0.00,0.00,0.00,,33481.58,71475.61,自願揭露,否,66000,66000250
99,55991080,矽品精密工業股份有限公司中山廠,0002,L9402188,臺中市,潭子區,臺中市潭子區中山路三段一五三號,2613,半導體封裝及測試業,488.66,419.76,2.98,0.00,5265.00,0.00,,132905.98,139082.39,自願揭露,是,66000,66000170
99,55991080,矽品精密工業股份有限公司彰化廠,0001,N0911075,彰化縣,和美鎮,彰化縣和美鎮新庄里金馬路二段四四○巷八號,2613,半導體封裝及測試業,73.94,224.47,0.29,0.00,0.00,0.00,,46803.94,47102.64,自願揭露,否,10007,10007030
99,52016209,臺中市環境保護局-垃圾焚化廠,0001,B2402442,臺中市,南屯區,臺中市南屯區文山南巷500號,3821,無害廢棄物處理業,148125.00,1016.12,1965.97,0.00,0.00,0.00,,110.22,151217.31,自願揭露,否,66000,66000070
99,33085508,正隆股份有限公司竹北廠,0001,J5500366,新竹縣,竹北市,新竹縣竹北市長青路二段300號,1591,家庭及衛生用紙製造業,44862.73,9.33,206.55,0.00,0.00,0.00,,0.00,45078.60,自願揭露,否,10004,10004010
99,27719048,永豐餘工業用紙股份有限公司成功廠,0006,K7102343,臺中市,烏日區,臺中市烏日區中山路三段五四六號,1512,紙張製造業,82771.44,180.24,386.56,7.28,0.00,0.00,,48038.07,131383.58,自願揭露,是,66000,66000230
99,27719048,永豐餘工業用紙股份有限公司新屋廠,0001,H5200215,桃園縣,新屋鄉,桃園縣新屋鄉永安村下庄子250號,1513,紙板製造業,311863.03,822.92,2404.93,0.00,0.00,0.00,,41508.70,356599.58,自願揭露,否,68000,68000110
99,22248651,連展科技股份有限公司,0001,F0512803,新北市,新店區,新北市新店區寶興路45巷9弄2號、4號,2699,未分類其他電子零組件製造業,0.06,25.56,4.98,0.00,0.00,0.00,,592.33,622.93,自願揭露,是,65000,65000060
99,22100398,勝華科技股份有限公司幼獅廠,0003,H45A0938,桃園縣,楊梅市,桃園縣楊梅市高上里高獅路580號,2699,未分類其他電子零組件製造業,4836.46,4956.50,3.09,0.00,0.00,77777.36,,102722.69,190296.10,自願揭露,是,68000,68000040
99,20927014,大統益股份有限公司,0001,R9701056,臺南市,官田區,臺南市官田區二鎮里工業西路32號,0840,食用油脂製造業,5945.24,9.21,29.27,0.00,0.00,0.00,,127745.00,133728.72,自願揭露,否,67000,67000100
99,19882398,高雄市岡山垃圾資源回收廠,0002,S1602755,高雄市,岡山區,高雄市岡山區本工五路9號,3510,電力供應業,193585.07,8.44,3866.54,100.86,0.00,0.00,,421.15,197982.06,自願揭露,是,64000,64000190
99,18442020,彰化縣溪州資源回收（焚化）廠,0001,N3201030,彰化縣,溪州鄉,彰化縣溪洲鄉彰水路一段臨1號,3821,無害廢棄物處理業,1985.32,2664.84,5195.27,0.00,0.00,0.00,,197.55,10042.97,自願揭露,否,10007,10007260
99,3707901,臺灣中油股份有限公司石化事業部林園石化廠,0005,S1900710,高雄市,林園區,高雄市林園區石化二路3號,1820,石油化工原料製造業,2105368.37,1203.36,1940.80,0.00,0.00,0.00,,52135.75,2160648.28,自願揭露,否,64000,64000130
99,3098415,中華汽車工業股份有限公司楊梅廠,0001,H4500725,桃園縣,楊梅市,桃園縣楊梅市秀才路六一八號,3010,汽車製造業,6648.11,303.01,99.73,0.00,0.00,0.00,,14995.60,22046.44,自願揭露,否,68000,68000040
99,3084741,中國石油化學工業開發股份有限公司頭份廠,0002,K7201001,苗栗縣,頭份鎮,苗栗縣頭份鎮自強路二段217號,1820,石油化工原料製造業,668071.51,1353.92,344756.17,8.06,0.00,0.00,,2711.81,1016901.47,自願揭露,否,10005,10005050
99,1973733,新北市政府環境保護局樹林垃圾焚化廠,0002,F0703948,新北市,樹林區,新北市樹林區樂山里中山路三段二一二號,3821,無害廢棄物處理業,92270.18,1527.20,2979.32,0.00,0.00,0.00,,97.10,96873.80,自願揭露,是,65000,65000070
98,94025264,中華紙漿股份有限公司花蓮廠,0001,U9500478,花蓮縣,吉安鄉,花蓮縣吉安鄉光華村光華街100號,1511,紙漿製造業,137853.07,592.72,3449.36,0.00,0.00,0.00,,78882.77,220777.93,自願揭露,是,10015,10015050
102,86685142,臺灣汽電共生股份有限公司官田廠,0001,R9702160,臺南市,官田區,臺南市官田區工業西路28號,3399,其他未分類製造業,323661.07,318.07,1885.82,13.80,0.00,0.00,,17406.85,343285.62,依法申報,是,67000,67000100
98,89406518,臺塑勝高科技股份有限公司麥寮矽晶圓廠,0001,P5801871,雲林縣,麥寮鄉,雲林縣麥寮鄉三盛村臺塑工業園區一○號,2699,未分類其他電子零組件製造業,19.81,65.87,654.83,1723.21,0.00,0.00,,186060.47,188524.18,自願揭露,是,10009,10009130
94,15458455,臺灣永光化學工業股份有限公司第一廠,0002,H4701044,桃園縣,大園鄉,桃園縣大園鄉內海村中山北路271號,1920,塗料、染料及顏料製造業,8645.98,9.27,12.41,0.00,0.00,0.00,,5963.76,14631.43,自願揭露,否,68000,68000060
94,11913502,臺灣水泥股份有限公司花蓮廠,0002,U9100978,花蓮縣,花蓮市,花蓮縣花蓮市民孝里華東103號,2331,水泥製造業,1152651.18,118.94,2061.05,0.57,0.00,0.00,,49637.86,1204469.60,自願揭露,是,10015,10015010
94,11085292,中華映管股份有限公司湖口廠,0004,J59A2882,新竹縣,湖口鄉,新竹縣湖口鄉文化路2-1號,2641,液晶面板及其組件製造業,10.76,58.95,0.02,0.00,0.00,0.00,,42407.98,42477.71,自願揭露,否,10004,10004050
94,11085292,中華映管股份有限公司楊梅廠,0003,H4501231,桃園縣,楊梅市,桃園縣楊梅市行善路80號,2641,液晶面板及其組件製造業,2952.72,878.54,2.11,0.00,0.00,0.00,,51280.35,55113.72,自願揭露,是,68000,68000040
94,11085292,中華映管股份有限公司龍潭廠,0002,H5009450,桃園縣,龍潭鄉,桃園縣龍潭鄉三和村1鄰華映路1號,2641,液晶面板及其組件製造業,0.00,0.00,0.00,0.00,0.00,0.00,,3193.91,3193.91,自願揭露,否,68000,68000090
94,3794905,臺灣糖業股份有限公司小港廠,0001,E5600869,高雄市,小港區,高雄市小港區小港路133號,0893,製糖業,107772.60,71.90,257.50,0.00,0.00,0.00,,3193.91,111295.91,自願揭露,否,64000,64000110
94,3707901,臺灣中油股份有限公司石化事業部林園石化廠,0005,S1900710,高雄市,林園區,高雄市林園區石化二路3號,1820,石油化工原料製造業,2334537.42,5176.27,2996.17,12.30,0.00,0.00,,41341.96,2384064.12,自願揭露,否,64000,64000130
94,3707901,臺灣中油股份有限公司煉製事業部桃園煉油廠,0004,H4803507,桃園縣,龜山鄉,桃園縣龜山鄉南上村民生北路一段50號,1700,石油及煤製品製造業,1830718.83,801.11,5756.93,0.00,0.00,0.00,,158598.92,1995875.79,自願揭露,否,68000,68000070
94,3084741,中國石油化學工業開發股份有限公司大社廠,0003,S2300410,高雄市,大社區,高雄市大社區經建路1號,1820,石油化工原料製造業,207613.35,1124.98,166.65,14.28,0.00,0.00,,45961.97,254881.24,自願揭露,否,64000,64000160
94,1012341,臺北市政府環境保護局北投垃圾焚化廠,0001,A4400916,臺北市,北投區,"臺北市北投區 洲美街２７１號",3811,無害廢棄物清除業,239772.34,1.04,77.88,0.00,0.00,0.00,,1752.17,241603.43,自願揭露,否,63000,63000120
93,56157643,東記造紙公司,0001,L0200393,臺中市,龍井區,臺中市龍井區沙田路4段342號,1513,紙板製造業,48991.55,40.00,117.63,0.00,0.00,0.00,,0.00,49149.18,自願揭露,否,66000,66000250
93,50301500,廣源造紙股份有限公司臺中廠,0001,L8801052,臺中市,大甲區,臺中市大甲區工一路一、二號及工五路五、七號、工三路一五號,1513,紙板製造業,74512.15,52.31,230.65,0.00,0.00,0.00,,0.00,74795.10,自願揭露,否,66000,66000110
92,56157643,東記造紙公司,0001,L0200393,臺中市,龍井區,臺中市龍井區沙田路4段342號,1513,紙板製造業,50080.67,40.89,120.25,0.00,0.00,0.00,,33835.71,84077.52,自願揭露,否,66000,66000250
92,33085508,正隆股份有限公司竹北廠,0001,J5500366,新竹縣,竹北市,新竹縣竹北市長青路二段300號,1599,未分類其他紙製品製造業,87259.30,129.75,915.94,0.00,0.00,0.00,,0.00,88304.99,自願揭露,否,10004,10004010
92,3707901,臺灣中油股份有限公司煉製事業部高雄煉油廠,0002,E4900333,高雄市,左營區,高雄市左營區左楠路2號,1700,石油及煤製品製造業,3553243.10,2652.20,13831.00,3910.00,0.00,0.00,,73220.60,3646856.90,自願揭露,否,64000,64000030
91,56157643,東記造紙公司,0001,L0200393,臺中市,龍井區,臺中市龍井區沙田路4段342號,1513,紙板製造業,49456.05,40.38,118.75,0.00,0.00,0.00,,0.00,49615.18,自願揭露,否,66000,66000250
90,56157643,東記造紙公司,0001,L0200393,臺中市,龍井區,臺中市龍井區沙田路4段342號,1513,紙板製造業,48264.86,39.29,115.99,0.00,0.00,0.00,,0.00,48420.13,自願揭露,否,66000,66000250
89,86871981,潤泰水泥股份有限公司冬山工廠,0001,G37A0585,宜蘭縣,冬山鄉,宜蘭縣冬山鄉安平村大安路三五七號,2331,水泥製造業,578037.23,69.07,1053.05,0.00,0.00,0.00,,47901.38,627060.72,自願揭露,是,10002,10002080
