year,stock_code,total_operating_revenue,total_operating_costs,total_operating_expenses,net_operating_income,profit_or_loss,total_comprehensive_income,total_assets
2023,1101,109314335.0,88780566.0,10503609.0,10030160.0,10004613.0,7470173.0,469438522.0
2023,1102,80182799.0,69745612.0,2977139.0,7460048.0,11084110.0,13781281.0,336726851.0
2023,1103,2911583.0,2545152.0,513955.0,-147524.0,96038.0,577688.0,36464334.0
2023,1104,7802362.0,6260222.0,567729.0,974411.0,2347252.0,2170926.0,28189560.0
2023,1108,5094743.0,4211831.0,272879.0,612361.0,527136.0,488826.0,9969873.0
2023,1109,6259864.0,4918790.0,351782.0,989292.0,807587.0,717640.0,11563170.0
2023,1110,2273518.0,2069639.0,144501.0,59378.0,156053.0,355559.0,11821562.0
2023,1111,425984.0,311269.0,63912.0,50803.0,77706.0,83927.0,1418625.0
2023,1201,21476354.0,15672351.0,5482953.0,321050.0,269516.0,180895.0,18027715.0
2023,1203,6403713.0,4537602.0,1010856.0,855255.0,657718.0,735864.0,10112427.0
2023,1210,111108929.0,96148202.0,8940447.0,6020280.0,4803465.0,4485950.0,64827616.0
2023,1213,120702.0,215158.0,47458.0,-141914.0,-138689.0,-138688.0,819325.0
2023,1215,29159749.0,24157745.0,2112580.0,2927334.0,2256436.0,1773571.0,27369797.0
2023,1216,581102935.0,393289237.0,159172864.0,28640834.0,30286149.0,28207961.0,665879318.0
2023,1217,4900038.0,3486325.0,1284939.0,128774.0,217600.0,255704.0,14021710.0
2023,1218,11228425.0,9678785.0,1618100.0,-62566.0,-80635.0,-206618.0,13679164.0
2023,1219,16313623.0,14824093.0,1136425.0,357158.0,330790.0,328193.0,10185478.0
2023,1220,3293888.0,2855797.0,275565.0,162526.0,157815.0,159119.0,3196028.0
2023,1225,14543809.0,13483212.0,640697.0,463084.0,409202.0,407611.0,8720522.0
2023,1227,27804118.0,21514418.0,4929299.0,1360401.0,1268152.0,1012773.0,25725611.0
2023,1231,10853256.0,8571068.0,1372339.0,909849.0,969655.0,966429.0,13008212.0
2023,1232,23560347.0,21035103.0,1003741.0,1521503.0,1253741.0,1256421.0,8180321.0
2023,1233,2110338.0,888046.0,1120372.0,101920.0,95869.0,77470.0,2373995.0
2023,1234,10576476.0,7610784.0,2247716.0,717976.0,948447.0,1022952.0,22759997.0
2023,1235,75719.0,54761.0,26195.0,-5237.0,85030.0,383082.0,4321478.0
2023,1236,1929953.0,1392477.0,524282.0,13194.0,15690.0,-196319.0,3828973.0
2023,1237,30187223.0,23578688.0,4329600.0,2232674.0,4487484.0,4061976.0,663746843.0
2023,1242,3748386.0,1976855.0,1752852.0,18679.0,73389.0,315292.0,5496269.0
2023,1246,11335270.0,10982734.0,149775.0,202761.0,160645.0,161400.0,2570894.0
2023,1260,5196201.0,4418440.0,488729.0,289032.0,204407.0,195910.0,4973656.0
2023,1271,571111.0,334202.0,186427.0,50482.0,44423.0,43745.0,3655459.0
2023,1301,199138777.0,189312319.0,13854977.0,-4028519.0,7337709.0,16433108.0,530738356.0
2023,1303,259755344.0,240519344.0,17242451.0,1983852.0,8110047.0,10570497.0,648527953.0
2023,1305,13707305.0,12030536.0,1216914.0,459855.0,393674.0,357140.0,17750232.0
2023,1307,10086736.0,7561009.0,1538652.0,987075.0,760274.0,778956.0,15630971.0
2023,1308,6717128.0,5571131.0,222161.0,923836.0,116284.0,-159448.0,15011689.0
2023,1310,9541182.0,9952545.0,199149.0,-610512.0,-460659.0,557478.0,9763204.0
2023,1312,15719189.0,15270890.0,1540303.0,-1092004.0,-1456876.0,-1935283.0,61968407.0
2023,1313,73196046.0,70988639.0,2404918.0,-197511.0,-282826.0,4120447.0,55656669.0
2023,1314,26414254.0,27502519.0,1962399.0,-3050664.0,-1081266.0,-754045.0,145705475.0
2023,1315,2157193.0,1804934.0,337917.0,14342.0,350507.0,558434.0,11342819.0
2023,1319,23858806.0,16725244.0,3389282.0,3744280.0,3047280.0,3200912.0,35046182.0
2023,1321,4914556.0,4500918.0,378685.0,34953.0,193134.0,280206.0,11931695.0
2023,1323,3308875.0,2669405.0,426964.0,212506.0,179294.0,156364.0,5434520.0
2023,1324,921410.0,724365.0,156317.0,40728.0,39457.0,32529.0,1211649.0
2023,1325,405763.0,406138.0,48085.0,-48460.0,12739.0,23323.0,2971965.0
2023,1326,332619533.0,321195091.0,14474686.0,-3050244.0,7704942.0,18071963.0,565870368.0
2023,1328,1103468528.0,1092808858.0,24086870.0,-13427200.0,-20451713.0,-17731909.0,1052767559.0
2023,1336,2316598.0,1927079.0,227428.0,162091.0,107390.0,61912.0,2634745.0
2023,1339,2051209.0,1361742.0,287604.0,401863.0,432464.0,448784.0,5418700.0
2023,1342,2564771.0,1731277.0,218132.0,615362.0,529789.0,529789.0,3251016.0
2023,1402,257203940.0,210142695.0,32916545.0,14972682.0,15319488.0,20572555.0,671417612.0
2023,1408,5313604.0,4934230.0,640258.0,-260884.0,-492119.0,-487206.0,5630795.0
2023,1409,39565140.0,,3959576.0,,1169574.0,2949949.0,195043528.0
2023,1410,222213.0,161964.0,74729.0,-14480.0,13119.0,14004.0,1332600.0
2023,1413,1995376.0,2074211.0,57362.0,-136197.0,-132786.0,-132786.0,2344217.0
2023,1414,566660.0,525967.0,77985.0,-37292.0,32849.0,100269.0,4491146.0
2023,1417,1496178.0,996724.0,579719.0,-80265.0,-69476.0,-45412.0,3582228.0
2023,1419,3382945.0,2389671.0,633530.0,359744.0,648948.0,1850806.0,18544177.0
2023,1423,124185.0,163128.0,31767.0,-70710.0,70533.0,288018.0,3144859.0
2023,1434,28501509.0,25971071.0,2249802.0,280636.0,444554.0,1110283.0,71664782.0
2023,1436,1628411.0,263027.0,271278.0,1094106.0,940080.0,943629.0,15067556.0
2023,1440,19445212.0,18844889.0,1852812.0,-1252489.0,2190730.0,2506121.0,51842418.0
2023,1441,1157753.0,1307719.0,161451.0,-311417.0,-332876.0,-333406.0,1913787.0
2023,1443,780755.0,419321.0,98182.0,263252.0,142728.0,271275.0,7026669.0
2023,1444,8149113.0,8210127.0,539918.0,-590313.0,-315064.0,-176513.0,19110669.0
2023,1445,1381718.0,1196069.0,261361.0,-75712.0,1008381.0,1073634.0,3104498.0
2023,1446,573294.0,332333.0,95436.0,145525.0,109953.0,108194.0,4631573.0
2023,1447,29669737.0,29438180.0,829539.0,-598781.0,-433294.0,-284513.0,19041692.0
2023,1449,2656752.0,2256826.0,413655.0,-13729.0,75401.0,97395.0,6106519.0
2023,1451,6358816.0,6370043.0,438697.0,-449924.0,-362912.0,-279643.0,8036191.0
2023,1452,1199265.0,1160614.0,101170.0,-62519.0,52162.0,141827.0,2897992.0
2023,1453,203872.0,138957.0,47255.0,17660.0,60769.0,60769.0,2071036.0
2023,1454,1513543.0,1374396.0,161307.0,-22792.0,19537.0,31158.0,2041439.0
2023,1455,7740588.0,7889709.0,365951.0,-515072.0,-240156.0,-230226.0,10309364.0
2023,1456,1684895.0,1122215.0,183024.0,397656.0,5084.0,5147.0,11945704.0
2023,1457,3120655.0,2913324.0,212101.0,1416853.0,1080606.0,1131072.0,20481813.0
2023,1459,1203763.0,1360551.0,115733.0,-272521.0,23535.0,-25086.0,4590079.0
2023,1460,7838642.0,7532944.0,1343147.0,-1032177.0,-1211972.0,-1186905.0,12346273.0
2023,1463,347508.0,331750.0,70684.0,-54926.0,107302.0,122396.0,2939857.0
2023,1464,9830034.0,8280635.0,1633161.0,-114431.0,115910.0,75335.0,15097892.0
2023,1465,582365.0,511304.0,75355.0,-4294.0,57680.0,57334.0,1946449.0
2023,1466,2453671.0,2372858.0,235394.0,-154581.0,-151349.0,-152323.0,3440577.0
2023,1467,4555351.0,3785652.0,951294.0,-181595.0,-165251.0,-308963.0,8266801.0
2023,1468,1052893.0,976062.0,135519.0,-58688.0,55983.0,34099.0,2774065.0
2023,1470,655221.0,525403.0,96468.0,34444.0,49346.0,50931.0,1145425.0
2023,1471,256642.0,225330.0,116196.0,-84884.0,-43173.0,-82800.0,1655589.0
2023,1473,6508300.0,5345401.0,876542.0,286357.0,311469.0,306953.0,5434361.0
2023,1474,2685726.0,2474942.0,302551.0,-91767.0,-43378.0,-57120.0,3765003.0
2023,1476,30790462.0,21111381.0,3130231.0,6548850.0,5176467.0,5192855.0,31832735.0
2023,1477,32458726.0,24092380.0,3526658.0,4839688.0,4035011.0,4012214.0,24875741.0
2023,1480,8943512.0,8982949.0,181278.0,-220715.0,-312011.0,-310943.0,6246759.0
2023,1504,59393661.0,44451003.0,8278338.0,6663252.0,6332032.0,3825854.0,127313790.0
2023,1506,1140720.0,955984.0,125790.0,58946.0,88549.0,67070.0,3177920.0
2023,1513,22144872.0,15725953.0,2032422.0,4386497.0,1585444.0,2806419.0,44170561.0
2023,1514,9483392.0,7797516.0,748901.0,937311.0,767361.0,633814.0,11234821.0
2023,1515,6708461.0,5592241.0,636369.0,479851.0,311039.0,312914.0,9212885.0
2023,1517,1892415.0,1841625.0,359300.0,-308510.0,-158341.0,-149567.0,4512369.0
2023,1519,13899740.0,9565721.0,1480437.0,2853582.0,2561785.0,2519695.0,15246768.0
2023,1521,4817004.0,4103898.0,514937.0,198486.0,42410.0,32936.0,3356798.0
2023,1522,19277545.0,14109060.0,3421541.0,1746944.0,1156369.0,1008577.0,25830681.0
2023,1524,2697553.0,1968591.0,293312.0,435650.0,351560.0,337148.0,5332102.0
2023,1525,1598496.0,1417745.0,115358.0,65393.0,403823.0,318645.0,5751786.0
2023,1526,995162.0,708034.0,256447.0,30681.0,45501.0,49793.0,2673082.0
2023,1527,2784110.0,2103375.0,320990.0,359745.0,370403.0,362977.0,5288545.0
2023,1528,3883131.0,2912185.0,981725.0,-10779.0,-29747.0,15368.0,5556368.0
2023,1529,752370.0,594290.0,63531.0,94502.0,144955.0,147123.0,3137634.0
2023,1530,2361917.0,2002794.0,325913.0,33000.0,190306.0,173949.0,5961891.0
2023,1531,1420562.0,1217317.0,308563.0,-105318.0,14025.0,-9298.0,4167691.0
2023,1532,17619443.0,13501665.0,2406443.0,1711335.0,1309542.0,1105135.0,54149589.0
2023,1533,4003635.0,3235535.0,1010776.0,-242676.0,-221397.0,-216227.0,8399973.0
2023,1536,6599230.0,5458129.0,725510.0,415591.0,324663.0,318571.0,22327271.0
2023,1537,6416807.0,5175624.0,497651.0,743532.0,609102.0,610328.0,5625367.0
2023,1538,194406.0,177170.0,72074.0,-54838.0,-28249.0,-36714.0,330248.0
2023,1539,1533484.0,1360733.0,92743.0,80008.0,62998.0,63852.0,2519076.0
2023,1540,575699.0,391148.0,68764.0,115787.0,111078.0,109870.0,1718663.0
2023,1541,3378030.0,2715202.0,377645.0,285183.0,115190.0,114056.0,3978257.0
2023,1557,6719061.0,4733176.0,1333778.0,652107.0,534438.0,555136.0,13340223.0
2023,1558,7558277.0,5640723.0,1399205.0,518349.0,629550.0,548573.0,11995154.0
2023,1560,6380904.0,4438673.0,952994.0,989237.0,862107.0,873214.0,9862953.0
2023,1563,7779316.0,6044901.0,979556.0,754859.0,608436.0,609750.0,17376064.0
2023,1565,4393888.0,3418643.0,369547.0,605699.0,545954.0,548931.0,7754252.0
2023,1568,1193076.0,791631.0,167945.0,233500.0,273734.0,304436.0,2623076.0
2023,1569,3605401.0,3266964.0,540246.0,-201809.0,-104100.0,-154915.0,6466636.0
2023,1570,393659.0,302447.0,81770.0,9442.0,18653.0,38314.0,1011250.0
2023,1582,8769537.0,6831797.0,1157368.0,780372.0,637567.0,537258.0,12045377.0
2023,1583,5318588.0,4079497.0,799796.0,439295.0,816327.0,746103.0,13247386.0
2023,1584,2748485.0,2391159.0,179290.0,178036.0,502172.0,518221.0,5349728.0
2023,1585,112044.0,149897.0,38296.0,-76149.0,-96905.0,-85060.0,897934.0
2023,1586,2310590.0,2054576.0,323620.0,-67606.0,-54313.0,-81537.0,4076202.0
2023,1587,2122061.0,1677394.0,389755.0,54912.0,42061.0,42472.0,3334349.0
2023,1590,29827352.0,16072370.0,4905793.0,8849189.0,6965415.0,6351100.0,58048765.0
2023,1597,1074754.0,606107.0,351065.0,117582.0,98042.0,94862.0,3954984.0
2023,1598,7786471.0,5119386.0,2765508.0,-99605.0,-110372.0,-113677.0,11289174.0
2023,1599,2144084.0,1729026.0,501805.0,-86747.0,-4530.0,1483.0,2821386.0
2023,1602,31152485.0,26963121.0,1785805.0,2403559.0,1878038.0,2003625.0,38710431.0
2023,1603,4011988.0,3406788.0,140727.0,492274.0,474593.0,650012.0,10264789.0
2023,1604,8888945.0,7159201.0,1120246.0,609498.0,775489.0,658249.0,15588669.0
2023,1605,189839626.0,175396014.0,8202846.0,6240766.0,5941250.0,12607141.0,266370031.0
2023,1608,9754917.0,9058659.0,194054.0,502204.0,942557.0,924172.0,13312042.0
2023,1609,26435820.0,22960671.0,1937023.0,1538357.0,3130340.0,3321380.0,46480729.0
2023,1611,1361493.0,988690.0,306260.0,66543.0,149560.0,218272.0,5467800.0
2023,1612,6195025.0,5323372.0,265580.0,606073.0,628751.0,920742.0,8496179.0
2023,1613,4945872.0,4389346.0,215864.0,340662.0,274185.0,298048.0,5578584.0
2023,1614,5755568.0,4535696.0,844789.0,375083.0,323879.0,312422.0,6921679.0
2023,1615,4944584.0,4140782.0,194827.0,608975.0,525025.0,615172.0,4501133.0
2023,1616,4112681.0,3640892.0,166457.0,305332.0,225722.0,223485.0,3343037.0
2023,1617,2827089.0,2601218.0,251769.0,-25898.0,2169.0,-29499.0,3235515.0
2023,1618,4482667.0,3905374.0,125654.0,451639.0,386795.0,864845.0,6159069.0
2023,1619,3486529.0,3370038.0,74961.0,41530.0,73025.0,193910.0,2084361.0
2023,1623,4216296.0,3570023.0,156473.0,489800.0,408951.0,438156.0,5371330.0
2023,1701,8574720.0,5434715.0,2908793.0,231212.0,323573.0,278826.0,12864830.0
2023,1707,10635464.0,2099450.0,6036873.0,2496665.0,2141511.0,2117011.0,15511841.0
2023,1708,5879183.0,5019654.0,649378.0,210151.0,-28458.0,-18348.0,13077079.0
2023,1709,9432293.0,8276596.0,722258.0,433695.0,411723.0,535687.0,12091141.0
2023,1710,20816931.0,20480005.0,1017404.0,-680478.0,-224298.0,-547994.0,33014331.0
2023,1711,7861424.0,6261590.0,1516414.0,83420.0,95077.0,92933.0,12900726.0
2023,1712,19112810.0,13913264.0,3869842.0,1329704.0,1056475.0,1083851.0,15355394.0
2023,1713,476391.0,438322.0,75063.0,-36994.0,350365.0,413047.0,3015712.0
2023,1714,20292410.0,18376047.0,1146353.0,770010.0,871277.0,434533.0,22601231.0
2023,1716,4733900.0,2432599.0,1488881.0,812420.0,658939.0,679047.0,6167647.0
2023,1717,42451576.0,34304310.0,6232499.0,1914767.0,1492096.0,1018248.0,58538254.0
2023,1718,38770310.0,,8924447.0,,3615856.0,5657984.0,902189921.0
2023,1720,6239768.0,3514390.0,1465826.0,1259552.0,1157929.0,1312993.0,11188724.0
2023,1721,2185671.0,2247941.0,197764.0,-260034.0,-277967.0,-271863.0,3723666.0
2023,1722,15014788.0,10896618.0,1360535.0,2757635.0,3919051.0,4128754.0,81525748.0
2023,1726,9354380.0,7014741.0,1394865.0,944774.0,831238.0,781767.0,11558304.0
2023,1727,1723975.0,1531261.0,189655.0,3059.0,46053.0,62648.0,2847080.0
2023,1730,2616248.0,1376194.0,944687.0,301314.0,259686.0,251161.0,2556084.0
2023,1731,1300721.0,446349.0,659704.0,194668.0,169098.0,185092.0,2832071.0
2023,1733,1676537.0,1145421.0,389400.0,141716.0,115714.0,118971.0,2297004.0
2023,1734,2962934.0,1871691.0,805187.0,286056.0,356776.0,332930.0,6251081.0
2023,1735,2367512.0,1927663.0,348314.0,91535.0,75215.0,57520.0,3297669.0
2023,1736,38069563.0,19642253.0,17184995.0,1242315.0,709437.0,348916.0,36421840.0
2023,1737,3408811.0,2151333.0,944050.0,313428.0,217296.0,186871.0,8319743.0
2023,1742,392001.0,273949.0,69275.0,48777.0,38302.0,40217.0,3773148.0
2023,1760,1881875.0,907478.0,817568.0,156829.0,77219.0,75445.0,3235181.0
2023,1762,2086441.0,1329133.0,476499.0,280809.0,264909.0,258044.0,5171651.0
2023,1763,124821623.0,118324275.0,8202762.0,-1705414.0,-666069.0,-1556682.0,130308756.0
2023,1764,105738621.0,94241586.0,7801028.0,3696007.0,4969515.0,-13667194.0,222954438.0
2023,1765,110232768.0,101130971.0,6033658.0,3068139.0,5548044.0,-37363618.0,160428084.0
2023,1766,47421548.0,42468193.0,3834046.0,1119309.0,404120.0,210597.0,80262271.0
2023,1770,5233853.0,3492302.0,1224517.0,517034.0,531058.0,572486.0,7808204.0
2023,1773,9852910.0,6697290.0,1314970.0,1840650.0,1578461.0,1566704.0,14489461.0
2023,1775,5391139.0,3935642.0,909204.0,545158.0,446087.0,390882.0,8073333.0
2023,1776,1206897.0,1022992.0,171521.0,12384.0,29956.0,20167.0,1679197.0
2023,1780,720431.0,473992.0,157725.0,88714.0,97412.0,93572.0,2078904.0
2023,1785,22629192.0,19906133.0,1357222.0,1365837.0,1066418.0,1029089.0,26459683.0
2023,1786,712988.0,200494.0,312856.0,199638.0,177900.0,178355.0,2160170.0
2023,1789,3186083.0,1970094.0,901498.0,314491.0,287056.0,199043.0,11721586.0
2023,1795,16957971.0,7574159.0,4480870.0,4902942.0,4105626.0,4264881.0,32991589.0
2023,1799,271628.0,100910.0,333456.0,-162738.0,-170165.0,-179125.0,1213784.0
2023,1802,45619038.0,41051700.0,4973309.0,-277282.0,24849.0,-950469.0,90477877.0
2023,1805,145516.0,144851.0,52584.0,-51919.0,-110116.0,-110235.0,1537732.0
2023,1806,3137657.0,2232348.0,658823.0,246486.0,409.0,314.0,8043745.0
2023,1809,2357207.0,1984413.0,477530.0,-73193.0,-55677.0,-76155.0,4605763.0
2023,1810,4870787.0,3670621.0,1207704.0,-7538.0,22077.0,285426.0,10594789.0
2023,1815,3199921.0,3212151.0,510508.0,-522738.0,-651195.0,-880148.0,13471786.0
2023,1817,2500832.0,1643210.0,569010.0,288612.0,237458.0,178294.0,2703403.0
2023,1819,255455.0,231007.0,21248.0,3200.0,-5907.0,-5867.0,893971.0
2023,1904,42165465.0,34505351.0,5672525.0,1987589.0,932963.0,1651275.0,70626797.0
2023,1905,20955451.0,19864687.0,1949087.0,-859198.0,-554497.0,-317173.0,35429227.0
2023,1909,46712029.0,42164144.0,4516947.0,30938.0,-1031365.0,-1641053.0,70126008.0
2023,2002,363326498.0,346553753.0,13186803.0,3585942.0,3531205.0,7131980.0,678757331.0
2023,2006,60961908.0,52315715.0,2647493.0,5998700.0,4759820.0,4755502.0,56378880.0
2023,2007,5015149.0,5482820.0,172639.0,-640310.0,-981332.0,-969969.0,12221351.0
2023,2008,1460295.0,1258760.0,112890.0,88645.0,432836.0,932302.0,7536198.0
2023,2009,2646149.0,2657368.0,56130.0,-67349.0,-9494.0,1602292.0,7936182.0
2023,2010,21194638.0,19430316.0,836419.0,927903.0,890722.0,876092.0,20303332.0
2023,2012,8460641.0,7141577.0,862776.0,456288.0,360678.0,371209.0,12168336.0
2023,2014,37764208.0,37251898.0,541466.0,-29156.0,159281.0,-268982.0,32992662.0
2023,2015,34882023.0,31326299.0,845369.0,2710355.0,2375491.0,2478821.0,27047344.0
2023,2017,3027797.0,3077289.0,394342.0,-443335.0,-205733.0,328090.0,11053740.0
2023,2020,7009437.0,6169153.0,318177.0,518950.0,1069571.0,1088323.0,7480099.0
2023,2022,8420093.0,7232718.0,783603.0,403772.0,195420.0,177288.0,8911084.0
2023,2023,73295376.0,66584490.0,5116586.0,1594300.0,-1453168.0,-1331072.0,91765950.0
2023,2024,916429.0,898144.0,63519.0,-45234.0,-54787.0,-54745.0,1836577.0
2023,2025,738691.0,894525.0,31413.0,-188991.0,228218.0,237562.0,1804927.0
2023,2027,101256601.0,81799804.0,10585408.0,8855974.0,6810544.0,5851090.0,135115312.0
2023,2028,10484173.0,9799877.0,176924.0,507372.0,415217.0,424746.0,8645106.0
2023,2029,12389155.0,11030830.0,609815.0,748510.0,630720.0,569232.0,10909791.0
2023,2030,12856899.0,11919820.0,686600.0,250479.0,50950.0,15562.0,11877383.0
2023,2031,16074889.0,14629138.0,587462.0,858289.0,1731580.0,2375308.0,28353330.0
2023,2032,2862276.0,2818858.0,102212.0,-58794.0,-20810.0,-21814.0,1887544.0
2023,2033,586548.0,534430.0,58190.0,-6072.0,-3112.0,740.0,1244145.0
2023,2034,15232177.0,14131203.0,762000.0,338974.0,-169815.0,-1340484.0,18314389.0
2023,2035,10706636.0,11570952.0,278189.0,-1142505.0,-1125320.0,-1100793.0,16666468.0
2023,2038,9365089.0,9112774.0,203932.0,48383.0,29987.0,25389.0,9447558.0
2023,2041,4722029.0,4563158.0,149938.0,8933.0,66567.0,191508.0,8936506.0
2023,2048,89574167.0,93400215.0,2117195.0,-5943243.0,-5195369.0,-5202515.0,160447209.0
2023,2049,24632772.0,16977522.0,5004300.0,2650950.0,1831510.0,1988525.0,51436790.0
2023,2056,2835966.0,2650377.0,317388.0,-131799.0,-129480.0,-132539.0,4199511.0
2023,2059,5762971.0,2231439.0,643378.0,2888154.0,2704319.0,2703783.0,20580928.0
2023,2062,7566891.0,6665224.0,562532.0,339135.0,314180.0,250992.0,12837068.0
2023,2064,1430228.0,1414491.0,116355.0,-101351.0,-94219.0,-94160.0,2593164.0
2023,2065,2323605.0,1828338.0,178105.0,317162.0,266683.0,304883.0,3393920.0
2023,2068,2239437.0,1619120.0,464121.0,156196.0,89198.0,67679.0,3351890.0
2023,2069,11837852.0,11425845.0,465872.0,-53865.0,-149149.0,-214381.0,8679243.0
2023,2071,1389693.0,1097234.0,104263.0,188196.0,131506.0,131506.0,2556577.0
2023,2072,8212916.0,6793187.0,264825.0,1154904.0,808449.0,808449.0,18756853.0
2023,2101,7851974.0,6298380.0,1111400.0,441957.0,134011.0,44966.0,41618441.0
2023,2102,478402.0,775144.0,780139.0,-1076881.0,-1729299.0,3201814.0,13775395.0
2023,2103,31426889.0,28118423.0,2589146.0,947916.0,966927.0,1762045.0,37988377.0
2023,2104,17875282.0,16409459.0,1315110.0,150713.0,-542704.0,-287593.0,56836262.0
2023,2105,96201313.0,72812628.0,13030879.0,10357806.0,7197962.0,6161878.0,141585918.0
2023,2106,34443676.0,27771016.0,5377682.0,1294978.0,880982.0,645761.0,43726227.0
2023,2107,1359718.0,939107.0,221005.0,199606.0,518877.0,1281804.0,14284834.0
2023,2108,8942042.0,6845930.0,1259460.0,836652.0,946927.0,937002.0,17106771.0
2023,2109,4674300.0,3648483.0,570696.0,455121.0,531253.0,583272.0,7943246.0
2023,2114,1558156.0,898864.0,133973.0,525319.0,469185.0,469183.0,3804622.0
2023,2201,82120679.0,53256786.0,20270477.0,8591508.0,8494230.0,8040899.0,387743826.0
2023,2204,38506609.0,32453262.0,3407195.0,2648429.0,5924323.0,5620283.0,50364456.0
2023,2206,64461239.0,51051120.0,7299343.0,6110776.0,6663388.0,6542718.0,62777914.0
2023,2208,21476365.0,23887681.0,424637.0,-2835953.0,-4050923.0,-4131435.0,39298545.0
2023,2211,11090533.0,7194816.0,560563.0,3335154.0,4313805.0,5414363.0,35941507.0
2023,2227,26136197.0,23081037.0,2934035.0,118413.0,1161025.0,676360.0,22605589.0
2023,2228,4894258.0,3681197.0,652182.0,560879.0,513817.0,502905.0,6135364.0
2023,2230,658413.0,441307.0,87928.0,129239.0,126106.0,116353.0,1461444.0
2023,2231,4397594.0,2649478.0,1290599.0,457517.0,333535.0,312591.0,10253819.0
2023,2233,3337485.0,2246291.0,559386.0,531808.0,529930.0,497298.0,5167083.0
2023,2237,1900551.0,1859956.0,196242.0,-155647.0,-166972.0,-166976.0,2527642.0
2023,2241,883963.0,889935.0,231419.0,-237391.0,-241801.0,-242796.0,2718705.0
2023,2252,613118.0,519340.0,388349.0,-294571.0,-284594.0,-285754.0,1039678.0
2023,2254,549661.0,393196.0,196750.0,-40285.0,-47558.0,-47132.0,2400946.0
2023,2255,2743414.0,2235245.0,481773.0,26396.0,49693.0,106820.0,2918321.0
2023,2258,1043992.0,886894.0,2537657.0,-2380559.0,-1927201.0,-1928493.0,21244694.0
2023,2301,148333455.0,115665373.0,18151806.0,14516276.0,14598787.0,13891268.0,188972260.0
2023,2302,716545.0,459141.0,186106.0,71298.0,86869.0,59599.0,2334302.0
2023,2303,222533000.0,144789162.0,23855503.0,57890661.0,61439817.0,67857743.0,559186927.0
2023,2305,575907.0,400257.0,276707.0,-101057.0,22267.0,5674.0,2863872.0
2023,2308,401226501.0,284013473.0,76263191.0,40949837.0,38880367.0,38210967.0,457746578.0
2023,2313,67078773.0,56951976.0,4908018.0,5218779.0,4168375.0,3753597.0,79109038.0
2023,2314,3353797.0,2920279.0,960101.0,-526583.0,-619758.0,-597349.0,5478401.0
2023,2316,3515939.0,3790840.0,384649.0,-659550.0,835606.0,859482.0,14314373.0
2023,2317,6162221359.0,5774273890.0,221418974.0,166528495.0,154789382.0,120480375.0,3939788977.0
2023,2324,946714800.0,904317906.0,30349183.0,12047711.0,9130678.0,10029643.0,436770974.0
2023,2327,107609336.0,71583509.0,15553861.0,20471966.0,17560589.0,17043589.0,331353078.0
2023,2328,25634258.0,22459093.0,1573698.0,1601467.0,1489833.0,1384781.0,24397209.0
2023,2329,16690436.0,13375136.0,1241154.0,2074147.0,1881210.0,2148232.0,18467008.0
2023,2330,2161735841.0,986625213.0,253833716.0,921465606.0,837767517.0,828953873.0,5532371215.0
2023,2332,15941277.0,12096881.0,3718223.0,126173.0,697678.0,511150.0,16620779.0
2023,2337,27623608.0,20862948.0,9167759.0,-2407099.0,-1699147.0,-947389.0,77811473.0
2023,2338,7199935.0,5363566.0,1087738.0,748631.0,164284.0,154272.0,20924059.0
2023,2340,3972279.0,3041848.0,851750.0,78681.0,303901.0,277918.0,12491929.0
2023,2342,1483112.0,1418438.0,260274.0,-195600.0,-176711.0,-177970.0,3416987.0
2023,2344,75006078.0,52610352.0,24025958.0,-1630232.0,34449.0,-1270216.0,190787944.0
2023,2345,84188426.0,64925625.0,7761704.0,11501097.0,8920165.0,8941394.0,56575589.0
2023,2349,7629550.0,6433353.0,1569489.0,-373292.0,-378617.0,-309375.0,18869838.0
2023,2351,10856531.0,9002214.0,875103.0,979214.0,780820.0,759996.0,12145415.0
2023,2352,203594781.0,170518878.0,28064731.0,5011172.0,4516079.0,6493985.0,188423637.0
2023,2354,74533131.0,68806707.0,4258374.0,1468050.0,4314046.0,4366161.0,134093396.0
2023,2355,16749415.0,14559833.0,1366836.0,822746.0,762753.0,586240.0,22741541.0
2023,2356,514746200.0,488408057.0,18874919.0,7463224.0,6020885.0,6821990.0,239707976.0
2023,2357,482314429.0,409920293.0,61240708.0,11164032.0,17889851.0,41156974.0,480081800.0
2023,2359,4219903.0,3251184.0,825574.0,143145.0,557787.0,530171.0,8948092.0
2023,2360,18676043.0,7918828.0,6084149.0,4672837.0,4095674.0,3995433.0,33481548.0
2023,2362,24379753.0,19494238.0,3151809.0,1733706.0,1060090.0,270484.0,94425201.0
2023,2363,187184.0,130508.0,507842.0,-451166.0,558841.0,4369328.0,19177006.0
2023,2365,769549.0,478921.0,283996.0,6632.0,71573.0,87533.0,3555633.0
2023,2367,14960822.0,13606823.0,1741586.0,-387587.0,-344241.0,-697748.0,21431149.0
2023,2368,30043950.0,22320154.0,2624581.0,5136067.0,3528592.0,3330061.0,33101243.0
2023,2369,5660171.0,5443612.0,440687.0,-224128.0,-160131.0,-156154.0,7944441.0
2023,2371,50351118.0,42280216.0,6830654.0,1247541.0,2819831.0,3823560.0,137277951.0
2023,2374,4933155.0,3625112.0,1185746.0,122297.0,242589.0,282197.0,9062546.0
2023,2375,4810823.0,4080638.0,534515.0,195670.0,265481.0,309991.0,14237180.0
2023,2376,136773409.0,120197968.0,11680266.0,4895175.0,4781085.0,4901180.0,82150420.0
2023,2377,182965688.0,160120037.0,14035622.0,8810029.0,7532896.0,7357386.0,90523814.0
2023,2379,95179276.0,54431219.0,34093065.0,6654992.0,9152838.0,9312848.0,93815270.0
2023,2380,1965189.0,1576264.0,811811.0,-422886.0,-410204.0,-429245.0,2485006.0
2023,2382,1085611052.0,1000728093.0,41338808.0,43549597.0,40488586.0,41024898.0,690120045.0
2023,2383,41296217.0,29963502.0,3986724.0,7345991.0,5488309.0,5176656.0,53426627.0
2023,2384,399.0,70266.0,88946.0,-158813.0,-109303.0,-92491.0,5921583.0
2023,2385,98322545.0,79294233.0,9619308.0,9409004.0,8999714.0,9139463.0,90832585.0
2023,2387,21614782.0,18220442.0,1737524.0,1656816.0,1227216.0,1028296.0,19598070.0
2023,2390,648324.0,485478.0,177068.0,-14222.0,-80486.0,-91865.0,3050152.0
2023,2392,90550764.0,78856852.0,8793890.0,3018133.0,2101822.0,1341378.0,105761558.0
2023,2393,17845424.0,12656193.0,3395893.0,1793338.0,1508696.0,1322146.0,26120802.0
2023,2395,64567697.0,38405883.0,14033564.0,12128250.0,10789333.0,11842681.0,69056272.0
2023,2397,9184172.0,6749159.0,1890227.0,544786.0,350444.0,399958.0,9101605.0
2023,2399,2344435.0,2209087.0,265154.0,-129806.0,-113360.0,-101888.0,2789233.0
2023,2401,5535421.0,3011176.0,2771124.0,-247354.0,-221273.0,-133608.0,13956031.0
2023,2402,8561414.0,7287462.0,791340.0,482612.0,465261.0,359418.0,10116759.0
2023,2404,68889680.0,61358489.0,1469682.0,6061509.0,4847498.0,4713629.0,46464428.0
2023,2405,1709935.0,1013161.0,717777.0,-21003.0,14235.0,58706.0,4486010.0
2023,2406,3940087.0,3946414.0,979027.0,-995910.0,-1234271.0,-1390749.0,14908442.0
2023,2408,29892306.0,34375146.0,9977351.0,-14460191.0,-7439634.0,-7437751.0,192350673.0
2023,2409,247964437.0,243354069.0,26572383.0,-21962015.0,-18151154.0,-19061985.0,383470737.0
2023,2413,4603781.0,3918917.0,599310.0,85554.0,106046.0,45260.0,4849009.0
2023,2415,2263807.0,1641187.0,288487.0,175669.0,10261.0,-41593.0,8433889.0
2023,2417,3240236.0,1451589.0,1878034.0,-89387.0,126945.0,118693.0,5888498.0
2023,2420,2126487.0,1220249.0,370988.0,535250.0,538494.0,533464.0,5380158.0
2023,2421,12914685.0,9313327.0,2070983.0,1530375.0,1333934.0,1291643.0,12614731.0
2023,2423,3024731.0,1467187.0,1014052.0,543492.0,428271.0,397916.0,3795769.0
2023,2424,106671.0,168306.0,127185.0,-188820.0,-198942.0,-198424.0,665438.0
2023,2425,6823399.0,6140927.0,457351.0,225121.0,233205.0,299430.0,3661131.0
2023,2426,2267637.0,2035398.0,376015.0,-143225.0,-135695.0,-126919.0,5350579.0
2023,2427,3971077.0,2571255.0,1092940.0,306882.0,251798.0,342057.0,6707699.0
2023,2428,7077136.0,4333369.0,1151322.0,1592445.0,1311159.0,1196175.0,13649829.0
2023,2431,589537.0,613217.0,118326.0,-142006.0,-94093.0,-98510.0,1549298.0
2023,2432,2085866.0,1760547.0,217308.0,108011.0,121263.0,277086.0,1860718.0
2023,2436,2885560.0,2103785.0,739945.0,41830.0,207086.0,320798.0,5851963.0
2023,2439,36690383.0,31948416.0,3604044.0,1137923.0,1417897.0,1247907.0,32611193.0
2023,2440,2957327.0,2888134.0,148053.0,-78860.0,-137476.0,-162466.0,2169823.0
2023,2441,13570076.0,10740105.0,546152.0,2283819.0,1996618.0,2728384.0,24512656.0
2023,2442,2502578.0,1827399.0,329078.0,346101.0,426866.0,484172.0,16707600.0
2023,2444,1822164.0,1629535.0,190915.0,1714.0,-15871.0,-12885.0,2059704.0
2023,2449,33025307.0,21883515.0,3778263.0,7363529.0,6016370.0,7249495.0,73911233.0
2023,2454,433446330.0,226079292.0,135567532.0,71799506.0,77190944.0,83973819.0,635038494.0
2023,2455,2694104.0,1585190.0,566845.0,542069.0,450232.0,412035.0,4577700.0
2023,2457,12332397.0,9119641.0,2858013.0,354743.0,262514.0,224808.0,15578546.0
2023,2458,12058515.0,6627903.0,2997562.0,2434475.0,1985030.0,2103509.0,14019435.0
2023,2460,2590481.0,2514614.0,343042.0,-267175.0,-173438.0,-207765.0,5344476.0
2023,2461,5679188.0,4470195.0,1212531.0,-3538.0,-83293.0,-138840.0,7990018.0
2023,2464,8812743.0,7289725.0,1443827.0,13357.0,182762.0,200203.0,12038523.0
2023,2465,4276117.0,3647838.0,726800.0,-98521.0,-159986.0,-168305.0,2608011.0
2023,2466,1053420.0,897585.0,268559.0,-112724.0,30083.0,13545.0,4338041.0
2023,2467,3625801.0,2119643.0,1103502.0,402656.0,530121.0,926826.0,8004228.0
2023,2472,8998265.0,6417467.0,1107742.0,1473056.0,1248384.0,1053413.0,14776884.0
2023,2474,18073884.0,13139923.0,3307067.0,1626894.0,9151545.0,8726437.0,256379781.0
2023,2476,5746318.0,4081875.0,906861.0,757965.0,761997.0,741006.0,9821447.0
2023,2477,2330720.0,2008634.0,497699.0,-175613.0,25511.0,280.0,7746968.0
2023,2478,4594781.0,3642024.0,475377.0,477380.0,374123.0,312286.0,9533280.0
2023,2481,12707319.0,9499258.0,2374327.0,833734.0,1012951.0,981687.0,28682735.0
2023,2482,1440437.0,825890.0,390219.0,224328.0,186780.0,303295.0,1718097.0
2023,2483,1796452.0,1546745.0,281228.0,-31521.0,37036.0,27540.0,4217441.0
2023,2484,2355394.0,1709033.0,367213.0,279148.0,260742.0,337306.0,5274685.0
2023,2485,5816835.0,5236211.0,729767.0,-149143.0,-287315.0,-317912.0,8653197.0
2023,2486,5068696.0,4351582.0,540614.0,176500.0,198908.0,162042.0,7797211.0
2023,2489,16583775.0,14993300.0,1608681.0,-18206.0,456943.0,483734.0,20353133.0
2023,2492,32797671.0,26960516.0,4041844.0,1795311.0,2657922.0,4213284.0,94443228.0
2023,2493,3354285.0,2134577.0,383547.0,836161.0,690310.0,693338.0,4983607.0
2023,2495,1390974.0,680183.0,512165.0,198626.0,241446.0,240578.0,6629373.0
2023,2497,3766293.0,2867240.0,650006.0,249047.0,232592.0,224096.0,4390230.0
2023,2498,4417932.0,2594222.0,6118391.0,-4294681.0,-3395757.0,-2889624.0,45583308.0
2023,2504,21041131.0,16055231.0,949365.0,4036535.0,3621076.0,3664043.0,40549139.0
2023,2597,22502526.0,19039748.0,1008654.0,2454124.0,2038025.0,1917502.0,21963088.0
2023,2610,184816790.0,160986016.0,13673353.0,10157421.0,7471201.0,6568241.0,291242431.0
2023,2630,4863682.0,4526256.0,242313.0,95113.0,57120.0,70581.0,5477037.0
2023,2634,39100002.0,34742053.0,1567285.0,2790664.0,2225899.0,2276886.0,43862581.0
2023,2644,4310544.0,3989092.0,167881.0,153571.0,33992.0,33992.0,8827858.0
2023,2645,14781798.0,12141693.0,721859.0,1918246.0,1833032.0,1760995.0,23009141.0
2023,2753,7339890.0,4787287.0,1883970.0,668633.0,537755.0,539945.0,6180539.0
2023,2911,3073059.0,1834272.0,1800022.0,-561235.0,-523307.0,-517468.0,3894240.0
2023,2915,2680640.0,1744227.0,870605.0,65808.0,7574805.0,18141913.0,116070225.0
2023,2916,1838257.0,864424.0,693777.0,280056.0,252036.0,246934.0,1601922.0
2023,3002,599741.0,468628.0,152337.0,-21224.0,5986.0,25173.0,1848954.0
2023,3003,4169674.0,2888105.0,592355.0,689214.0,549103.0,528231.0,8141785.0
2023,3004,3070624.0,2258080.0,469135.0,343409.0,307603.0,298005.0,5078103.0
2023,3006,11884121.0,11559380.0,1963293.0,-1638552.0,-1208961.0,-1198930.0,18097210.0
2023,3008,48842247.0,25036696.0,5986271.0,17807413.0,17902322.0,20073053.0,195137808.0
2023,3011,1150689.0,1007204.0,299750.0,-156265.0,-131396.0,-141720.0,1662072.0
2023,3013,6461562.0,5698434.0,535514.0,227614.0,253144.0,232009.0,6523193.0
2023,3014,6276443.0,2852442.0,1661346.0,1762655.0,1587808.0,2000063.0,8214231.0
2023,3015,13179581.0,10773503.0,1935214.0,468813.0,639684.0,1689345.0,20422822.0
2023,3016,4236502.0,3741029.0,312504.0,182969.0,164039.0,170636.0,6811986.0
2023,3017,59194356.0,46806236.0,4967021.0,7421099.0,5814464.0,5445396.0,71667217.0
2023,3019,17830192.0,14645356.0,2271188.0,913648.0,1087584.0,972489.0,20942678.0
2023,3021,2996638.0,2426021.0,388472.0,182145.0,128669.0,116164.0,2934761.0
2023,3022,7577793.0,4772467.0,1648577.0,1155829.0,1382156.0,1450857.0,14322311.0
2023,3023,32762285.0,24356555.0,5008867.0,3396863.0,3091892.0,2946431.0,30583056.0
2023,3024,1526678.0,1103735.0,316746.0,106197.0,108993.0,42430.0,5155109.0
2023,3025,649097.0,203043.0,252784.0,193270.0,199659.0,203872.0,1285425.0
2023,3027,1828751.0,1429142.0,401952.0,-2343.0,112253.0,128949.0,3628801.0
2023,3029,13920657.0,12277628.0,851705.0,791324.0,700942.0,728345.0,7979276.0
2023,3030,4435101.0,1804486.0,1422269.0,1208346.0,1001254.0,981675.0,8905889.0
2023,3031,1132587.0,826067.0,238042.0,68478.0,178052.0,219874.0,3568818.0
2023,3032,8134733.0,6262020.0,1024873.0,847840.0,747506.0,666715.0,8286707.0
2023,3033,70892413.0,66401232.0,2645330.0,1845851.0,786767.0,768828.0,38646300.0
2023,3034,110428698.0,64216805.0,19550216.0,26661677.0,23317509.0,24161481.0,104442543.0
2023,3037,104036151.0,83734548.0,11477369.0,8919919.0,12225102.0,11769448.0,216005530.0
2023,3038,4386724.0,3376002.0,565148.0,449918.0,418595.0,537594.0,4153643.0
2023,3040,158645.0,46614.0,38295.0,73736.0,64208.0,167103.0,1628276.0
2023,3041,1445754.0,1140555.0,958516.0,-653317.0,-1691435.0,-1700507.0,2542925.0
2023,3042,10850402.0,6990395.0,1990986.0,1869021.0,1713702.0,1559984.0,18822377.0
2023,3043,1326941.0,1047283.0,229323.0,50335.0,-716.0,-2136.0,1282398.0
2023,3044,58862104.0,47475521.0,4762777.0,6623806.0,6061899.0,5296428.0,76344357.0
2023,3046,5666834.0,5254009.0,247687.0,165138.0,228903.0,207539.0,2779563.0
2023,3047,4260412.0,3204930.0,1296472.0,-240990.0,-260964.0,-205223.0,6429304.0
2023,3049,1331826.0,2151502.0,245964.0,-1065640.0,-951167.0,-917225.0,14026250.0
2023,3050,1136435.0,694108.0,330838.0,111489.0,90045.0,88602.0,5026305.0
2023,3051,2004664.0,1471481.0,329050.0,204133.0,172532.0,211757.0,4141477.0
2023,3052,3484066.0,3096150.0,166237.0,221679.0,207176.0,204574.0,7630230.0
2023,3054,38887.0,23804.0,54866.0,-39783.0,5103.0,18152.0,834173.0
2023,3055,1342715.0,1104293.0,428260.0,-191397.0,-55232.0,-20211.0,3624204.0
2023,3057,584522.0,382245.0,324804.0,-122527.0,-143406.0,-138331.0,1188635.0
2023,3058,3771506.0,3222521.0,615836.0,-67673.0,41837.0,88001.0,4381816.0
2023,3059,9099248.0,6639209.0,2102056.0,357983.0,409898.0,298991.0,15842558.0
2023,3060,2655528.0,2432649.0,439933.0,-217054.0,-233762.0,-306985.0,4156332.0
2023,3062,3805393.0,3795451.0,476499.0,-466557.0,-316830.0,-318716.0,7074093.0
2023,3066,214466.0,231700.0,127270.0,-144504.0,-145489.0,-163457.0,1557246.0
2023,3071,2395274.0,1672321.0,637713.0,85240.0,132553.0,96858.0,3850415.0
2023,3081,1056038.0,917936.0,417122.0,-279020.0,-211505.0,-195021.0,4383775.0
2023,3088,6700479.0,4297582.0,1458935.0,944138.0,727624.0,731838.0,6857990.0
2023,3090,10655709.0,9013500.0,769021.0,873188.0,720306.0,779333.0,9383176.0
2023,3092,2159114.0,1845599.0,499616.0,-189233.0,-165079.0,-193689.0,5188740.0
2023,3094,242572.0,78942.0,148631.0,14999.0,50744.0,51061.0,1152015.0
2023,3097,2717161.0,1684821.0,852112.0,180228.0,117071.0,127109.0,2153350.0
2023,3135,4188861.0,3965604.0,117898.0,105359.0,76454.0,76454.0,2100243.0
2023,3138,1779638.0,1001578.0,550824.0,227236.0,205759.0,196090.0,3138930.0
2023,3149,1859041.0,1796468.0,261812.0,-199239.0,-117836.0,-119217.0,4101329.0
2023,3152,1488195.0,909757.0,233900.0,344538.0,282439.0,282589.0,4187337.0
2023,3162,3592854.0,3198277.0,471443.0,-76866.0,132143.0,158565.0,6712924.0
2023,3163,2779058.0,2222640.0,315496.0,240922.0,435782.0,424816.0,3562900.0
2023,3164,318015.0,106823.0,204204.0,6988.0,22431.0,9550.0,1653181.0
2023,3167,1292276.0,965082.0,373396.0,-46202.0,11716.0,-24350.0,4325467.0
2023,3168,3916245.0,2986378.0,535634.0,396709.0,314501.0,309168.0,3283765.0
2023,3169,887618.0,413140.0,225928.0,248550.0,230329.0,230195.0,1938086.0
2023,3184,194751.0,100970.0,72235.0,21546.0,38105.0,38120.0,622677.0
2023,3189,26832187.0,20074681.0,5715259.0,1042247.0,1170402.0,1072345.0,78067039.0
2023,3202,5037518.0,4217687.0,762997.0,56834.0,118070.0,200594.0,5698545.0
2023,3206,3552984.0,2775978.0,461531.0,315475.0,284118.0,273155.0,2901260.0
2023,3211,17230428.0,15712845.0,818766.0,698817.0,787940.0,684653.0,16288094.0
2023,3217,3003625.0,1602197.0,574581.0,826847.0,728678.0,829168.0,5324947.0
2023,3219,1157274.0,542167.0,606774.0,8333.0,37762.0,30511.0,2048594.0
2023,3221,2134939.0,1605525.0,517157.0,12197.0,-46820.0,-87760.0,3084055.0
2023,3224,1446484.0,1279945.0,358862.0,-192323.0,-214308.0,-214834.0,3286005.0
2023,3226,2159806.0,1619717.0,97189.0,442900.0,260230.0,260263.0,2366988.0
2023,3227,5844521.0,2478220.0,2668852.0,708450.0,799400.0,1472120.0,12175855.0
2023,3228,301777.0,108416.0,309645.0,-116284.0,-115236.0,-119137.0,690831.0
2023,3229,928137.0,878016.0,81310.0,-31189.0,-25365.0,-25365.0,919981.0
2023,3230,773383.0,748439.0,191001.0,-153627.0,-177210.0,-187521.0,1249185.0
2023,3231,867057007.0,798074134.0,41592616.0,27390257.0,18265285.0,19001745.0,452390776.0
2023,3234,630266.0,606288.0,352645.0,-328649.0,-425611.0,-431897.0,1304606.0
2023,3236,1992295.0,1542664.0,414288.0,35343.0,37356.0,20744.0,3144369.0
2023,3257,1073890.0,560213.0,234115.0,279562.0,249410.0,266128.0,1873921.0
2023,3260,33684782.0,28026847.0,3882978.0,1774957.0,1494275.0,1543701.0,44649772.0
2023,3264,14052235.0,9178702.0,1468246.0,3405287.0,2746261.0,2740885.0,32985312.0
2023,3265,3667818.0,2564284.0,254361.0,849173.0,839843.0,821520.0,7623527.0
2023,3272,3030713.0,2960120.0,502275.0,-431682.0,-372884.0,-423669.0,4216749.0
2023,3276,1289657.0,1235940.0,72173.0,-18456.0,46898.0,32205.0,1733140.0
2023,3284,769887.0,607395.0,84367.0,78125.0,67678.0,65899.0,2053365.0
2023,3290,1861726.0,1352316.0,300506.0,208904.0,121355.0,87196.0,3497630.0
2023,3293,14175795.0,559780.0,6081947.0,7534068.0,6425853.0,6463913.0,16450558.0
2023,3294,4138158.0,3580213.0,604397.0,-46452.0,-133036.0,-142297.0,5360088.0
2023,3296,1490174.0,1199096.0,402515.0,-111437.0,-87698.0,-105939.0,2115086.0
2023,3303,2458818.0,1707094.0,523204.0,228520.0,209108.0,203035.0,3089381.0
2023,3305,6118600.0,5231993.0,502559.0,384048.0,230272.0,206230.0,8172850.0
2023,3306,1291454.0,983249.0,271008.0,38996.0,92837.0,1360955.0,3098014.0
2023,3308,538650.0,364523.0,133621.0,40506.0,416499.0,405607.0,2060641.0
2023,3310,2071475.0,1627127.0,251544.0,192804.0,222855.0,387772.0,6520960.0
2023,3311,2084426.0,1755022.0,248788.0,80616.0,119328.0,81362.0,3358189.0
2023,3312,15276756.0,14411104.0,456807.0,408845.0,312807.0,305254.0,6756841.0
2023,3317,2464539.0,1821235.0,378024.0,265280.0,209802.0,212292.0,3534323.0
2023,3321,1541212.0,1553910.0,271847.0,-284545.0,-270985.0,-280322.0,1938866.0
2023,3322,2727768.0,2196340.0,472017.0,59411.0,61955.0,53358.0,3193760.0
2023,3323,7203544.0,6737195.0,664549.0,-198200.0,-269812.0,-279002.0,5257242.0
2023,3324,12712629.0,9707706.0,1628625.0,1376298.0,1239244.0,1256688.0,12611750.0
2023,3338,3811775.0,3024324.0,520920.0,266531.0,243294.0,218814.0,3835776.0
2023,3339,505327.0,456299.0,87627.0,-38599.0,17667.0,17394.0,1090528.0
2023,3354,109837.0,124566.0,117778.0,-132507.0,-83700.0,-86721.0,1184674.0
2023,3357,4431789.0,3314106.0,654539.0,463144.0,592783.0,703605.0,10886049.0
2023,3360,7270059.0,7066823.0,224714.0,-21478.0,-112577.0,-113454.0,2440532.0
2023,3362,3995843.0,2946121.0,569406.0,480316.0,399571.0,388014.0,7420927.0
2023,3363,1271745.0,1093928.0,236063.0,-58246.0,12058.0,-42577.0,2419101.0
2023,3372,861693.0,969285.0,89817.0,-197409.0,-176992.0,-178367.0,2126907.0
2023,3374,6386868.0,4207658.0,541708.0,1705092.0,1375774.0,1378063.0,10001165.0
2023,3376,10067747.0,8262923.0,895940.0,908884.0,807404.0,799332.0,21552068.0
2023,3380,28272191.0,23061018.0,4381903.0,829270.0,639867.0,609728.0,23798843.0
2023,3388,7004068.0,5852133.0,825175.0,326760.0,273402.0,156702.0,6457610.0
2023,3390,808645.0,658772.0,127809.0,22064.0,68902.0,93469.0,1826995.0
2023,3402,4438601.0,3510750.0,471146.0,456705.0,399033.0,391190.0,6141962.0
2023,3406,21674701.0,13943954.0,3599822.0,4130925.0,3084955.0,2777774.0,41848115.0
2023,3413,13051357.0,9636790.0,1384534.0,2030033.0,1990468.0,1994826.0,19369723.0
2023,3416,2598533.0,1559529.0,460903.0,577976.0,505952.0,533292.0,3880570.0
2023,3419,1401492.0,1180151.0,416061.0,-194771.0,-125744.0,-148266.0,2049588.0
2023,3437,1972624.0,1590023.0,548363.0,-165762.0,-147622.0,-83834.0,3356485.0
2023,3443,26240714.0,18265019.0,4006925.0,3968770.0,3507885.0,3496403.0,21073932.0
2023,3447,2868678.0,2638896.0,320149.0,-90367.0,-66060.0,-66069.0,2551206.0
2023,3450,5399197.0,4593894.0,616320.0,181374.0,131801.0,90941.0,8942775.0
2023,3455,2009810.0,839046.0,794974.0,375790.0,314229.0,313813.0,4595952.0
2023,3463,2167517.0,1896858.0,266499.0,4160.0,-5826.0,-18763.0,2234361.0
2023,3466,781755.0,582772.0,425183.0,-226200.0,-184233.0,-188244.0,1636430.0
2023,3479,8234667.0,6048923.0,1240768.0,944976.0,698566.0,694041.0,5618748.0
2023,3481,211740557.0,208631513.0,21817978.0,-18708934.0,-18598730.0,-20231066.0,357530442.0
2023,3483,8342725.0,6498470.0,1313190.0,531065.0,636476.0,577491.0,8743103.0
2023,3484,3413668.0,2694580.0,603899.0,115189.0,115968.0,97993.0,4930915.0
2023,3489,741504.0,695820.0,54781.0,-9097.0,9776.0,9776.0,4697818.0
2023,3491,1585208.0,944081.0,438658.0,202469.0,241327.0,308226.0,3400173.0
2023,3494,675907.0,637112.0,254614.0,-215819.0,-277484.0,-276192.0,1916419.0
2023,3498,1199185.0,865893.0,513943.0,-180651.0,-146995.0,63399.0,3093910.0
2023,3499,360310.0,275828.0,136300.0,-51818.0,-33635.0,-39079.0,918770.0
2023,3501,5328786.0,4056348.0,659798.0,612640.0,507511.0,422257.0,8252366.0
2023,3504,3010369.0,2693747.0,628119.0,-311497.0,-287747.0,-306187.0,4716656.0
2023,3508,770046.0,760406.0,264322.0,-254682.0,-203460.0,-205384.0,2908146.0
2023,3511,2039055.0,1754673.0,371020.0,-86638.0,-101050.0,-97973.0,2636921.0
2023,3512,2956598.0,2340558.0,233682.0,382358.0,458338.0,405390.0,4983125.0
2023,3515,18991845.0,15162327.0,2682347.0,1147171.0,977554.0,974387.0,14375324.0
2023,3516,1039994.0,889948.0,196371.0,-46325.0,12653.0,-1393.0,2386549.0
2023,3518,382573.0,280415.0,158733.0,-56575.0,-49915.0,-67409.0,1561291.0
2023,3520,836326.0,707690.0,135026.0,-6390.0,3819.0,350.0,1430759.0
2023,3523,181609.0,218793.0,121870.0,-159054.0,-168630.0,228416.0,1765359.0
2023,3526,2394974.0,1166083.0,494631.0,734260.0,689697.0,637950.0,4391046.0
2023,3529,3050325.0,0.0,1357725.0,1692600.0,1462657.0,1464541.0,3757697.0
2023,3531,2083903.0,1696559.0,259435.0,127909.0,145755.0,127383.0,2638249.0
2023,3532,14876233.0,9849138.0,949049.0,4078046.0,3458841.0,3448038.0,49186277.0
2023,3533,24483463.0,13002401.0,4535113.0,6945949.0,5727046.0,5410094.0,37952399.0
2023,3535,445675.0,242723.0,222364.0,-19412.0,-33001.0,-33838.0,1663685.0
2023,3537,2836006.0,2429608.0,216308.0,189570.0,148918.0,146062.0,2041491.0
2023,3541,1343150.0,865558.0,416999.0,60593.0,-308712.0,-307388.0,2138183.0
2023,3543,3252303.0,2679851.0,496662.0,75790.0,52382.0,20646.0,4384337.0
2023,3545,13568371.0,10859718.0,2586008.0,122645.0,353015.0,317701.0,18455297.0
2023,3548,8220663.0,6737414.0,892987.0,590262.0,535278.0,475030.0,10156279.0
2023,3550,3642580.0,3279021.0,724379.0,-360820.0,-362607.0,-405081.0,4236283.0
2023,3551,2288561.0,1432547.0,476129.0,379885.0,313970.0,282444.0,4759169.0
2023,3552,9919142.0,7484673.0,1810894.0,623575.0,385921.0,309678.0,10543838.0
2023,3556,1142860.0,780513.0,314670.0,47677.0,58794.0,59106.0,1446113.0
2023,3563,1760590.0,715893.0,586483.0,458214.0,412619.0,411735.0,5762494.0
2023,3564,1969419.0,1447714.0,463684.0,58021.0,26616.0,24128.0,2429149.0
2023,3576,12516227.0,14284087.0,1211783.0,-2979643.0,-3914958.0,-3587236.0,28739874.0
2023,3577,1018612.0,485723.0,435809.0,99428.0,82052.0,91363.0,1677614.0
2023,3583,6911981.0,4705858.0,1483610.0,717722.0,650302.0,708596.0,18922847.0
2023,3585,331462.0,356893.0,96455.0,-130398.0,-152604.0,-136286.0,1315144.0
2023,3588,1141594.0,712066.0,435233.0,-5705.0,28864.0,22476.0,1878089.0
2023,3591,1991061.0,1479712.0,463556.0,47793.0,44502.0,18239.0,3879985.0
2023,3592,18346622.0,13035858.0,3932218.0,1378546.0,1442791.0,1390775.0,19507418.0
2023,3593,879732.0,805185.0,117109.0,-42562.0,-69779.0,-69363.0,1425512.0
2023,3594,1671427.0,1125613.0,395337.0,151770.0,124338.0,113801.0,3630695.0
2023,3596,51158122.0,43772840.0,4220915.0,3164367.0,2389606.0,2392149.0,38548659.0
2023,3607,2637304.0,2408912.0,365054.0,-136662.0,-40512.0,-73110.0,3001837.0
2023,3615,1075228.0,880425.0,203414.0,-8611.0,85278.0,78003.0,3410147.0
2023,3622,1638979.0,1040801.0,241725.0,356453.0,609554.0,1231431.0,7410069.0
2023,3624,2553243.0,1845306.0,399343.0,308594.0,262196.0,256124.0,3850385.0
2023,3625,1152630.0,1018136.0,256294.0,-121800.0,-114780.0,-112976.0,2200582.0
2023,3630,1544708.0,1513264.0,640676.0,-609232.0,-616558.0,-612301.0,5948879.0
2023,3631,65356.0,62007.0,80501.0,-77152.0,-61814.0,-84194.0,2849030.0
2023,3645,1593021.0,1351660.0,367474.0,-126113.0,-153485.0,-155757.0,4838620.0
2023,3652,2242442.0,1514988.0,698667.0,28787.0,40867.0,40319.0,2376694.0
2023,3653,12062664.0,8020245.0,1365457.0,2676962.0,2251706.0,2303061.0,15845649.0
2023,3656,745771.0,585056.0,170921.0,-10206.0,-59349.0,-58355.0,1185712.0
2023,3659,2511558.0,2072177.0,248766.0,190615.0,137367.0,134124.0,2463413.0
2023,3663,2405119.0,2207149.0,149918.0,48052.0,39568.0,47585.0,1823440.0
2023,3666,721020.0,813712.0,159224.0,-251916.0,-298604.0,-296396.0,1114566.0
2023,3669,2484796.0,1070614.0,1308235.0,105947.0,249966.0,539481.0,4303384.0
2023,3679,3508729.0,2592872.0,444597.0,471260.0,487097.0,424349.0,8529507.0
2023,3680,5078345.0,2639697.0,1378570.0,1060078.0,1023373.0,1270071.0,16298364.0
2023,3685,1518911.0,1253713.0,284263.0,-19065.0,-48572.0,-61714.0,2404165.0
2023,3686,40973.0,41750.0,39795.0,-40572.0,-29354.0,-29354.0,711589.0
2023,3688,88863.0,123841.0,406577.0,-441555.0,-412973.0,-413030.0,1388356.0
2023,3691,2958411.0,3118576.0,806497.0,-966662.0,-1202854.0,-1360074.0,11483654.0
2023,3694,9531300.0,8265853.0,951137.0,314310.0,333439.0,313815.0,5520670.0
2023,3707,7080216.0,6270732.0,673872.0,135612.0,136199.0,156839.0,11793002.0
2023,4105,5505542.0,2218466.0,1909697.0,1372433.0,1118601.0,1125411.0,9874909.0
2023,4108,162489.0,94846.0,189320.0,-121677.0,-74147.0,-8936.0,2350511.0
2023,4109,332758.0,215123.0,183835.0,-66200.0,147024.0,150840.0,1412913.0
2023,4111,1060864.0,717761.0,281889.0,61214.0,68674.0,65295.0,1766103.0
2023,4114,5140495.0,3020566.0,1503121.0,614742.0,405169.0,367231.0,11728587.0
2023,4115,770191.0,692277.0,115282.0,-37368.0,-33155.0,-37450.0,1405285.0
2023,4117,264825.0,202119.0,232642.0,-169936.0,-199847.0,-196419.0,2537333.0
2023,4119,1204159.0,853836.0,190023.0,160300.0,294721.0,496747.0,6690741.0
2023,4120,4591894.0,2444674.0,2076608.0,70612.0,169287.0,734282.0,10811794.0
2023,4123,1394008.0,775914.0,539539.0,78555.0,-1047649.0,-1024979.0,27002156.0
2023,4126,2320209.0,1580464.0,241731.0,498014.0,420792.0,421779.0,3767894.0
2023,4128,1591392.0,987510.0,1110355.0,-505498.0,-1377316.0,-1441546.0,14735084.0
2023,4129,3929887.0,893517.0,2508106.0,543269.0,388309.0,384434.0,6416870.0
2023,4130,528512.0,317596.0,183909.0,27007.0,29334.0,77040.0,1600456.0
2023,4133,382052.0,208137.0,126721.0,47194.0,43678.0,42768.0,1355743.0
2023,4142,1785094.0,1374159.0,1133682.0,-722747.0,-769979.0,-764383.0,9484438.0
2023,4147,491777.0,266544.0,391464.0,-166231.0,-194810.0,-194627.0,3893922.0
2023,4150,845673.0,746928.0,215779.0,-117034.0,207738.0,205255.0,1531334.0
2023,4153,893844.0,643071.0,160790.0,92152.0,73617.0,75288.0,1243733.0
2023,4161,828501.0,588962.0,149585.0,89954.0,84583.0,69999.0,1497706.0
2023,4166,889912.0,421245.0,444349.0,24318.0,22288.0,22066.0,2562674.0
2023,4167,1050277.0,829328.0,223369.0,-2420.0,27497.0,27497.0,3822671.0
2023,4171,225460.0,197876.0,256869.0,-229285.0,-170352.0,-171290.0,1176142.0
2023,4186,315984.0,117529.0,196022.0,2433.0,-10682.0,-10724.0,748571.0
2023,4188,65256.0,24232.0,95009.0,-53985.0,-43149.0,-43830.0,512646.0
2023,4195,396142.0,276232.0,201811.0,-81901.0,-168066.0,-168413.0,1133844.0
2023,4205,1954116.0,1236443.0,294658.0,423015.0,346927.0,346796.0,2387135.0
2023,4303,161724.0,152605.0,39240.0,-30121.0,123459.0,124086.0,1549308.0
2023,4305,941030.0,698176.0,74577.0,168277.0,160340.0,159750.0,1297833.0
2023,4306,13223736.0,11045427.0,1505783.0,672526.0,855538.0,1218899.0,31140737.0
2023,4401,2818246.0,2646635.0,180919.0,-9308.0,-12152.0,-31262.0,5828329.0
2023,4406,409538.0,430171.0,27960.0,-48593.0,-20173.0,-50721.0,895155.0
2023,4414,13517416.0,11299094.0,2423957.0,-205635.0,-557653.0,-508183.0,11883887.0
2023,4417,2936371.0,2195779.0,349672.0,390920.0,316614.0,272789.0,4790997.0
2023,4426,1292108.0,1059891.0,254245.0,-22028.0,-41948.0,-39233.0,4770284.0
2023,4427,2860436.0,2828765.0,207640.0,-175969.0,-360695.0,-369878.0,5404680.0
2023,4430,1897335.0,1622044.0,452890.0,-177599.0,-160068.0,-189258.0,3634473.0
2023,4432,1175035.0,893519.0,190024.0,91492.0,97196.0,87890.0,1535615.0
2023,4433,2983639.0,2333621.0,612023.0,37995.0,25469.0,16671.0,6412124.0
2023,4440,994301.0,905225.0,57263.0,31813.0,45274.0,45497.0,2213482.0
2023,4441,5246728.0,3971592.0,461579.0,813557.0,740011.0,733215.0,5618447.0
2023,4502,1478848.0,1221420.0,245591.0,11837.0,6645.0,13345.0,2675525.0
2023,4503,274751.0,309037.0,48849.0,-83135.0,-76375.0,-74623.0,990921.0
2023,4506,5268255.0,3737985.0,561913.0,968357.0,895062.0,879614.0,9349591.0
2023,4510,2015761.0,1561584.0,315393.0,138784.0,105276.0,68369.0,4457353.0
2023,4513,1290783.0,924668.0,404473.0,-38358.0,115652.0,117886.0,2929370.0
2023,4526,7620510.0,6066156.0,1710661.0,-156307.0,121487.0,120745.0,12652391.0
2023,4527,3476588.0,2636014.0,525517.0,315057.0,277536.0,258506.0,3647282.0
2023,4528,1949130.0,1593477.0,270712.0,84941.0,76370.0,30607.0,3871825.0
2023,4529,4953.0,4413.0,61593.0,-61053.0,-87812.0,-123172.0,445419.0
2023,4532,16859695.0,14353857.0,1574636.0,931202.0,801018.0,628030.0,24583396.0
2023,4533,3497671.0,2435778.0,909715.0,152178.0,212897.0,205593.0,6050966.0
2023,4534,696082.0,692579.0,138361.0,-134858.0,-132433.0,-136970.0,1300516.0
2023,4535,2860040.0,2293463.0,233156.0,333421.0,273083.0,249835.0,3273891.0
2023,4536,9266547.0,6235759.0,1327647.0,1703141.0,1483435.0,1436765.0,13727338.0
2023,4537,1627153.0,1174675.0,637534.0,-185056.0,-134288.0,-150694.0,4046516.0
2023,4538,434677.0,329270.0,43967.0,61440.0,61339.0,62010.0,984667.0
2023,4540,2571194.0,2153100.0,488986.0,-70892.0,-103612.0,-106223.0,7761021.0
2023,4541,1199739.0,1159595.0,150402.0,-110258.0,-75958.0,-76665.0,3812068.0
2023,4543,836068.0,578738.0,119652.0,137678.0,134834.0,140866.0,2482859.0
2023,4544,1172342.0,851889.0,236844.0,83609.0,74265.0,66354.0,1962815.0
2023,4545,2075139.0,1692541.0,295065.0,87533.0,83065.0,80451.0,3064296.0
2023,4549,1367401.0,644034.0,411316.0,312051.0,267839.0,264699.0,2222579.0
2023,4558,1585719.0,1495948.0,82107.0,7664.0,251.0,251.0,2140374.0
2023,4559,937319.0,850139.0,208298.0,-121118.0,-112555.0,-124605.0,1844032.0
2023,4561,1198998.0,859618.0,133228.0,206152.0,160084.0,159387.0,2411395.0
2023,4562,742197.0,490600.0,314939.0,-62664.0,-85841.0,-72796.0,2284897.0
2023,4563,2770750.0,1994080.0,567582.0,209088.0,110993.0,137448.0,3831261.0
2023,4564,1304718.0,1406299.0,236236.0,-337817.0,-371062.0,-371200.0,7581853.0
2023,4566,4208458.0,3277842.0,710033.0,220583.0,262253.0,230164.0,8325306.0
2023,4576,2170200.0,1501768.0,642350.0,26082.0,39279.0,33957.0,6158501.0
2023,4577,756561.0,773516.0,220415.0,-237370.0,-221966.0,-237734.0,2092721.0
2023,4583,2686956.0,1195994.0,585197.0,905765.0,873157.0,873157.0,10884383.0
2023,4585,1260013.0,676206.0,623818.0,-40011.0,11182.0,10942.0,2147000.0
2023,4590,2863457.0,2667502.0,428995.0,-233040.0,-173873.0,-173993.0,6284372.0
2023,4702,513233.0,461920.0,53148.0,-1835.0,52114.0,44151.0,1445655.0
2023,4706,1076243.0,935739.0,149023.0,-8519.0,5664.0,10834.0,1589885.0
2023,4711,768731.0,667787.0,81339.0,19605.0,18378.0,20664.0,1271909.0
2023,4714,516505.0,428978.0,186116.0,-98589.0,72748.0,90427.0,6310815.0
2023,4716,528604.0,472470.0,112691.0,-56557.0,-20365.0,-22721.0,1772981.0
2023,4720,3310758.0,2653870.0,626648.0,30190.0,61552.0,64083.0,3008859.0
2023,4721,2316364.0,2082298.0,122852.0,115074.0,-24543.0,-34535.0,1646918.0
2023,4722,3454793.0,2927080.0,361812.0,165901.0,167026.0,163579.0,4647539.0
2023,4726,652620.0,1027811.0,226911.0,-602102.0,-682847.0,-682672.0,3770401.0
2023,4728,1688987.0,284097.0,510095.0,894795.0,625708.0,618167.0,2159032.0
2023,4729,1101198.0,909924.0,198304.0,-7030.0,31763.0,-75075.0,3098843.0
2023,4736,4806830.0,2734189.0,1104684.0,967957.0,1052902.0,1074471.0,11905339.0
2023,4737,1755567.0,1039917.0,728989.0,-13339.0,6531.0,26116.0,5300575.0
2023,4738,261410.0,195280.0,65675.0,455.0,4322.0,416.0,315104.0
2023,4739,5231731.0,5055610.0,269606.0,-93485.0,-74426.0,-81135.0,9920226.0
2023,4743,86783.0,54221.0,1129187.0,-1096625.0,-1322568.0,-1301091.0,15363703.0
2023,4744,1127064.0,614346.0,479816.0,32902.0,19957.0,30369.0,2220090.0
2023,4749,2364382.0,1670130.0,469450.0,224802.0,318372.0,281398.0,4434448.0
2023,4755,4990961.0,3968584.0,464460.0,557917.0,443964.0,416090.0,7789620.0
2023,4764,2227080.0,1970897.0,370157.0,-113974.0,-85050.0,-130120.0,4542940.0
2023,4766,20581188.0,14090728.0,3526078.0,2964382.0,2566432.0,-57141.0,23664396.0
2023,4770,5692353.0,3048357.0,641049.0,2002947.0,1683253.0,1635260.0,9970176.0
2023,4771,2572202.0,1546863.0,193323.0,832016.0,655730.0,636132.0,4462598.0
2023,4772,553523.0,343290.0,72435.0,137798.0,155653.0,155653.0,1840345.0
2023,4773,2996421.0,2646649.0,207339.0,142433.0,131464.0,133722.0,1841952.0
2023,4903,687944.0,629487.0,128649.0,-70192.0,23097.0,23097.0,1235503.0
2023,4906,26136349.0,23365192.0,2307532.0,463625.0,545545.0,-65891.0,21970128.0
2023,4908,941400.0,540014.0,194077.0,207309.0,205424.0,203397.0,1874393.0
2023,4909,718628.0,642771.0,94966.0,-19109.0,38887.0,43269.0,2611046.0
2023,4911,181443.0,36856.0,63903.0,80684.0,72400.0,72400.0,883095.0
2023,4915,60488402.0,50907102.0,6838317.0,2742983.0,2633489.0,2344565.0,46553120.0
2023,4916,3414371.0,2935555.0,321708.0,157108.0,80320.0,90021.0,3635101.0
2023,4919,35348149.0,21005496.0,12652470.0,1690183.0,2420434.0,1979660.0,31740194.0
2023,4925,760708.0,328878.0,551091.0,-119261.0,-127119.0,-128236.0,1636306.0
2023,4931,1710605.0,1444942.0,257338.0,8325.0,106517.0,109268.0,1382732.0
2023,4933,2498270.0,1819608.0,384586.0,294076.0,339544.0,294103.0,4348621.0
2023,4934,2145122.0,1894212.0,388982.0,-285812.0,-190348.0,-222526.0,3038448.0
2023,4938,1256783394.0,1210677036.0,31353700.0,14752658.0,17412793.0,17918068.0,557069197.0
2023,4939,1548510.0,1209517.0,257369.0,81624.0,36322.0,21591.0,2643779.0
2023,4942,6074468.0,4598033.0,737276.0,739159.0,612787.0,532750.0,10593138.0
2023,4949,4502252.0,3478880.0,758268.0,265104.0,194296.0,196172.0,2313375.0
2023,4952,2167031.0,1344777.0,654441.0,167670.0,167985.0,158102.0,2793803.0
2023,4956,1132459.0,1113727.0,190393.0,-171537.0,-138752.0,-139002.0,2774533.0
2023,4960,9237663.0,8872651.0,897567.0,-532555.0,-580957.0,-625235.0,14212638.0
2023,4961,16286520.0,11004044.0,2936431.0,2346045.0,2367199.0,2207538.0,24872281.0
2023,4967,16566276.0,15269251.0,988061.0,308964.0,236842.0,232793.0,8658578.0
2023,4972,811933.0,553832.0,260123.0,-2022.0,49068.0,20677.0,2190914.0
2023,4976,923304.0,1051809.0,161542.0,-290047.0,-261735.0,-261735.0,3118740.0
2023,4979,2956487.0,2382737.0,130780.0,442970.0,442388.0,446949.0,3520077.0
2023,4985,818725.0,600728.0,153365.0,64632.0,79365.0,73844.0,2279790.0
2023,4989,3557969.0,3598751.0,140729.0,-181511.0,-133765.0,-109119.0,2793668.0
2023,4999,1908535.0,1595435.0,335732.0,-22632.0,3813.0,-15094.0,3986957.0
2023,5007,6644926.0,5007394.0,451303.0,1186229.0,1015075.0,1001675.0,8782989.0
2023,5009,13525251.0,9880601.0,1270418.0,2374232.0,2395251.0,2393000.0,30176505.0
2023,5011,4321072.0,4235684.0,186950.0,-101562.0,150370.0,182900.0,5203298.0
2023,5013,7584631.0,6553704.0,457112.0,573815.0,392451.0,350053.0,8541462.0
2023,5014,15610205.0,15004502.0,499471.0,106232.0,26575.0,-36560.0,10325930.0
2023,5015,1535782.0,1254037.0,180210.0,101535.0,81349.0,82511.0,2481594.0
2023,5210,261983.0,103084.0,250792.0,-91893.0,-97260.0,-104798.0,634914.0
2023,5222,1250809.0,554943.0,230159.0,465707.0,436535.0,431164.0,2668783.0
2023,5233,1234296.0,1796773.0,220878.0,-783355.0,-1101205.0,-1059019.0,15023231.0
2023,5234,4264121.0,2785030.0,868303.0,610788.0,523354.0,524664.0,4642061.0
2023,5236,1650050.0,633607.0,542182.0,474251.0,427789.0,437136.0,2948369.0
2023,5258,8045038.0,5363177.0,1525520.0,1156341.0,931494.0,937344.0,6989613.0
2023,5272,333525.0,172350.0,217783.0,-56608.0,-31098.0,52893.0,1258649.0
2023,5277,509848.0,479957.0,144205.0,-114314.0,-125783.0,-125824.0,1013000.0
2023,5283,6192134.0,4116360.0,1467283.0,608491.0,568055.0,570183.0,6403572.0
2023,5285,5131552.0,4414381.0,491353.0,225818.0,178637.0,110531.0,5173458.0
2023,5299,1733182.0,1281326.0,246590.0,205266.0,260843.0,261086.0,3961652.0
2023,5309,3278708.0,2467840.0,617110.0,193758.0,255484.0,220357.0,4772566.0
2023,5315,1557823.0,1297570.0,167296.0,92957.0,90221.0,130829.0,1888942.0
2023,5328,1017793.0,756341.0,186184.0,75268.0,81016.0,128581.0,2268842.0
2023,5340,1232147.0,1101328.0,98481.0,32338.0,24936.0,26466.0,2295197.0
2023,5344,297694.0,252346.0,45974.0,-626.0,8396.0,-9234.0,607602.0
2023,5347,38272570.0,27826556.0,4671828.0,5774186.0,7370074.0,7756913.0,102450043.0
2023,5351,2661968.0,2744669.0,1157756.0,-1173151.0,-992683.0,-909039.0,6830400.0
2023,5353,1980733.0,1483827.0,329170.0,167736.0,160553.0,195369.0,2119197.0
2023,5355,496577.0,558066.0,88810.0,-150299.0,-135956.0,-134177.0,1303633.0
2023,5356,3320741.0,3023056.0,270579.0,27106.0,558828.0,522501.0,6108042.0
2023,5371,39491708.0,31620007.0,6941031.0,930670.0,1202029.0,2205379.0,55603904.0
2023,5381,1189052.0,986598.0,183375.0,19079.0,13414.0,225473.0,3441277.0
2023,5388,62584493.0,52322193.0,7148786.0,3113514.0,2388791.0,2303682.0,47764529.0
2023,5392,9420948.0,7892316.0,1516670.0,11962.0,117781.0,207927.0,15338764.0
2023,5425,14616014.0,10123352.0,2724134.0,1768528.0,1309993.0,1257184.0,17545482.0
2023,5426,1407951.0,1188863.0,238197.0,-19109.0,8190.0,-2162.0,2684715.0
2023,5434,49273455.0,42854655.0,3208579.0,3198199.0,2852914.0,2842575.0,31635539.0
2023,5438,1196672.0,1011951.0,278171.0,-93450.0,7118.0,508013.0,3148676.0
2023,5439,4350482.0,3518076.0,238070.0,594336.0,471255.0,448860.0,4314353.0
2023,5443,3089360.0,2312317.0,622445.0,154598.0,242616.0,933288.0,8690070.0
2023,5450,2411798.0,1806711.0,586123.0,18964.0,12546.0,61468.0,3425718.0
2023,5452,5406237.0,4856847.0,446829.0,102561.0,62942.0,48521.0,3845445.0
2023,5455,1616438.0,1316932.0,117197.0,182309.0,166180.0,172574.0,5471388.0
2023,5457,16741096.0,13391456.0,2330572.0,1019068.0,781706.0,593608.0,24065638.0
2023,5460,357858.0,288363.0,93747.0,-24255.0,-11994.0,-18897.0,810539.0
2023,5464,1090172.0,1008784.0,195244.0,-113856.0,57029.0,56461.0,5103004.0
2023,5465,5437932.0,4740745.0,339099.0,358088.0,353075.0,308354.0,4868180.0
2023,5469,42975757.0,32243956.0,3812390.0,6919411.0,4536051.0,6598693.0,78404652.0
2023,5471,2609937.0,1519667.0,932341.0,157929.0,185882.0,379576.0,4107766.0
2023,5475,539014.0,599943.0,138704.0,-199633.0,-215237.0,-233671.0,1931019.0
2023,5481,96168.0,51585.0,61725.0,-17142.0,-27880.0,-27903.0,1635671.0
2023,5483,81965952.0,55279360.0,8079809.0,18606783.0,17778912.0,18076456.0,225495225.0
2023,5484,369555.0,289701.0,151003.0,-71149.0,-48977.0,-44189.0,910757.0
2023,5488,900871.0,809946.0,117647.0,-26722.0,37994.0,16518.0,1539708.0
2023,5490,767333.0,576811.0,418857.0,-228335.0,-172558.0,-176214.0,1852437.0
2023,5498,1068270.0,1108390.0,143923.0,-184043.0,4939.0,-64794.0,3661084.0
2023,5902,2110462.0,1636133.0,266801.0,207528.0,173678.0,173702.0,1538078.0
2023,6104,2515564.0,1452470.0,952772.0,110322.0,96124.0,106692.0,3148283.0
2023,6108,5950962.0,5370160.0,650848.0,-70046.0,54307.0,26440.0,8898958.0
2023,6109,1009609.0,736289.0,247560.0,25760.0,18884.0,11369.0,1109504.0
2023,6113,1263530.0,1157819.0,121368.0,-15657.0,12116.0,21574.0,1223937.0
2023,6115,6329041.0,5238639.0,492230.0,598172.0,519614.0,460132.0,8374045.0
2023,6117,2368855.0,1815667.0,437403.0,115785.0,88357.0,81374.0,3651441.0
2023,6120,17769982.0,16917772.0,1129631.0,-277421.0,114659.0,-4057.0,18225395.0
2023,6121,84805839.0,73138812.0,4726346.0,6940681.0,6563282.0,6325953.0,76474602.0
2023,6122,5313804.0,4713269.0,135311.0,465224.0,390708.0,406231.0,3509776.0
2023,6124,1822349.0,1674914.0,272127.0,-124692.0,-81975.0,-103004.0,4837842.0
2023,6125,5551490.0,4402168.0,1243418.0,-94096.0,647020.0,587717.0,11660028.0
2023,6126,3451730.0,2503778.0,649089.0,298863.0,263432.0,228091.0,8616261.0
2023,6127,824026.0,700686.0,560088.0,-436748.0,61360.0,44980.0,3278065.0
2023,6128,5314527.0,3103844.0,1684435.0,526248.0,433232.0,458769.0,8221716.0
2023,6129,1659635.0,1099110.0,560875.0,-350.0,59453.0,51860.0,2515106.0
2023,6133,1007363.0,812306.0,186070.0,8987.0,11083.0,-49542.0,1953746.0
2023,6134,1123048.0,836039.0,358452.0,-71443.0,-51231.0,-21910.0,1478060.0
2023,6138,5416250.0,3667077.0,1078677.0,670496.0,591080.0,591251.0,5997565.0
2023,6139,56904659.0,51748425.0,1142919.0,4013315.0,3543341.0,3607989.0,54357765.0
2023,6141,2570141.0,2705797.0,411972.0,-547628.0,-462348.0,-478967.0,7232770.0
2023,6142,2539354.0,2366447.0,362334.0,-189427.0,-37160.0,-10473.0,4259116.0
2023,6143,6648322.0,5169191.0,754425.0,724706.0,625005.0,596663.0,6555468.0
2023,6147,20056388.0,14930314.0,1800080.0,3325994.0,3994638.0,9774576.0,54527998.0
2023,6151,1558372.0,1235090.0,230629.0,92653.0,85378.0,68189.0,1684824.0
2023,6152,2189249.0,1780906.0,515249.0,-106906.0,-22119.0,-35290.0,2779153.0
2023,6153,9834580.0,10778135.0,1387976.0,-2331531.0,-3347781.0,-2715884.0,20931647.0
2023,6155,544602.0,427646.0,109895.0,7061.0,74796.0,91523.0,2122855.0
2023,6156,3292888.0,2796523.0,354145.0,142220.0,175494.0,142322.0,4445388.0
2023,6158,1755519.0,1266912.0,455373.0,33234.0,76737.0,45166.0,2210134.0
2023,6160,1359549.0,861071.0,508425.0,-9947.0,-4844.0,-4642.0,1208193.0
2023,6161,1330751.0,840296.0,293495.0,196960.0,172411.0,164712.0,1814320.0
2023,6163,5252732.0,4182705.0,1056339.0,13688.0,57620.0,74123.0,5189001.0
2023,6164,717071.0,532089.0,247021.0,-62039.0,-25822.0,-48324.0,1618418.0
2023,6166,11414519.0,7235231.0,3855961.0,323048.0,293881.0,295234.0,13065123.0
2023,6167,1708393.0,1416727.0,215608.0,76058.0,203318.0,187971.0,2215315.0
2023,6168,2033098.0,1491791.0,493316.0,43004.0,91779.0,221892.0,4013573.0
2023,6173,3653839.0,2952093.0,311364.0,390382.0,451374.0,646782.0,8508230.0
2023,6174,465313.0,313736.0,143090.0,8487.0,14299.0,73245.0,868578.0
2023,6175,3676095.0,2927301.0,321916.0,426878.0,340694.0,266546.0,5842554.0
2023,6176,44088580.0,35210978.0,3296282.0,5721551.0,5275963.0,5030159.0,60946470.0
2023,6182,10047814.0,6801309.0,1880704.0,1365801.0,1108272.0,861547.0,26430776.0
2023,6185,584187.0,401140.0,174031.0,9016.0,98350.0,83252.0,2589763.0
2023,6187,1205311.0,580825.0,539063.0,85423.0,138173.0,226563.0,4488356.0
2023,6188,10376033.0,7720973.0,1504180.0,1150880.0,1113311.0,1165311.0,14240256.0
2023,6189,29513926.0,27023072.0,1219884.0,1270970.0,939305.0,923530.0,17107780.0
2023,6190,6518035.0,5557725.0,609071.0,351239.0,267033.0,261357.0,5616423.0
2023,6194,1290686.0,1057153.0,89206.0,144327.0,136235.0,118510.0,2163332.0
2023,6196,56279732.0,51032096.0,2813262.0,2434374.0,2101229.0,2054544.0,46696704.0
2023,6197,4962135.0,3525604.0,795321.0,641210.0,660319.0,705339.0,5354039.0
2023,6198,254826.0,131112.0,46345.0,77369.0,57034.0,56721.0,1205840.0
2023,6201,3406280.0,2540828.0,394509.0,470943.0,413410.0,383160.0,3701889.0
2023,6202,2596067.0,1495469.0,1210039.0,99257.0,114639.0,267317.0,6190939.0
2023,6205,1375343.0,857731.0,341547.0,176065.0,169416.0,223817.0,3675022.0
2023,6206,3488426.0,2136863.0,792250.0,559313.0,472710.0,485495.0,5633107.0
2023,6207,1177816.0,790901.0,282440.0,104475.0,144981.0,228788.0,4013360.0
2023,6208,4205436.0,2767895.0,885847.0,550775.0,418227.0,402215.0,7276876.0
2023,6209,2696985.0,2502446.0,336396.0,-141857.0,-49788.0,-69647.0,4108938.0
2023,6213,25079039.0,21973402.0,2110768.0,994869.0,676626.0,404704.0,33379640.0
2023,6215,983549.0,674192.0,287015.0,22342.0,79408.0,201693.0,1845617.0
2023,6216,775285.0,410711.0,282048.0,82526.0,122968.0,122968.0,1871985.0
2023,6217,2686326.0,1938536.0,864672.0,-116882.0,-6763.0,-34202.0,5009263.0
2023,6220,9837931.0,7852379.0,2604559.0,-619007.0,-439897.0,-461462.0,9048971.0
2023,6223,8147112.0,4250049.0,2425698.0,1471365.0,1309575.0,1386124.0,12439872.0
2023,6224,2793752.0,2092778.0,775525.0,-74551.0,-28969.0,-50415.0,4329072.0
2023,6226,759468.0,576319.0,243400.0,-60251.0,-71902.0,-77262.0,2339413.0
2023,6230,10759092.0,8652765.0,1404704.0,701623.0,605776.0,469285.0,10305267.0
2023,6233,360522.0,222101.0,171010.0,-32589.0,2892.0,73735.0,1199047.0
2023,6234,1070747.0,871028.0,64583.0,135136.0,127759.0,162447.0,4246824.0
2023,6235,5774200.0,3976441.0,888318.0,909441.0,802559.0,758261.0,8285571.0
2023,6237,417639.0,230419.0,375655.0,-188435.0,-104301.0,-102683.0,1725671.0
2023,6239,70440945.0,57831970.0,4455409.0,8153566.0,9509138.0,9363758.0,111154565.0
2023,6244,4065981.0,3388557.0,354007.0,323417.0,224317.0,203445.0,8590175.0
2023,6245,8371337.0,5552475.0,1658118.0,1160744.0,987229.0,965175.0,9137412.0
2023,6248,7825660.0,7344477.0,251964.0,229219.0,263228.0,263228.0,2897796.0
2023,6257,15479501.0,11900735.0,1500561.0,2078205.0,2138514.0,2664897.0,37517418.0
2023,6261,3710751.0,2662325.0,590380.0,555600.0,523953.0,535875.0,8307641.0
2023,6263,1844671.0,1010442.0,247927.0,586302.0,507429.0,506611.0,2207078.0
2023,6265,704031.0,755917.0,57565.0,-109451.0,-68682.0,-72586.0,1537368.0
2023,6266,3660315.0,3110327.0,206470.0,343518.0,296739.0,294850.0,3333636.0
2023,6269,32728862.0,27875335.0,3215960.0,1637567.0,2055723.0,1870428.0,40296426.0
2023,6270,3354361.0,3120540.0,207393.0,26428.0,68698.0,936565.0,3566600.0
2023,6271,11584909.0,8797373.0,1369289.0,1418247.0,1150513.0,1166993.0,33662430.0
2023,6272,2648021.0,2069128.0,489556.0,89337.0,70983.0,54019.0,3205141.0
2023,6275,3632719.0,3029824.0,549775.0,53120.0,291790.0,283048.0,3449221.0
2023,6277,5156242.0,2065366.0,2302856.0,788020.0,572421.0,567435.0,7089973.0
2023,6278,46496015.0,41219599.0,2787164.0,2489252.0,2513906.0,2255469.0,48628852.0
2023,6279,7330811.0,4981786.0,1127556.0,1221469.0,926821.0,820847.0,11587913.0
2023,6282,27845108.0,21830406.0,5476475.0,538227.0,63138.0,43047.0,48184076.0
2023,6283,1288950.0,1199994.0,283940.0,-194984.0,-198655.0,-205617.0,2611360.0
2023,6284,6604061.0,4758107.0,1081117.0,764837.0,710503.0,760924.0,12038640.0
2023,6285,110787917.0,97193472.0,8923269.0,4671176.0,3802830.0,5667434.0,69212675.0
2023,6287,987610.0,1111859.0,64423.0,-188672.0,-230003.0,-232961.0,2246588.0
2023,6288,4325353.0,3721930.0,658801.0,-55378.0,10254.0,687.0,6384084.0
2023,6290,7360126.0,5598758.0,1191451.0,602657.0,655964.0,608085.0,8220586.0
2023,6405,209016.0,213428.0,113016.0,-117428.0,-86002.0,-78994.0,2554723.0
2023,6407,2007764.0,1773451.0,216920.0,17393.0,28557.0,12300.0,2627072.0
2023,6409,18950843.0,12982371.0,1830858.0,4137614.0,3622556.0,3473135.0,14756099.0
2023,6411,2637708.0,1440939.0,816047.0,380722.0,373196.0,359773.0,6206493.0
2023,6412,36310819.0,28610901.0,3738747.0,3961171.0,3294677.0,3176384.0,29989472.0
2023,6414,121640976.0,98042051.0,18393419.0,5205506.0,5403382.0,5850837.0,126784467.0
2023,6416,4082437.0,3088923.0,615606.0,377908.0,321278.0,307852.0,5426531.0
2023,6434,1174256.0,1279222.0,90969.0,-195935.0,-198401.0,-198388.0,3640964.0
2023,6438,5810295.0,4150145.0,891452.0,768698.0,647468.0,651855.0,7945287.0
2023,6441,682797.0,574392.0,196475.0,-88070.0,-68451.0,-68526.0,2121775.0
2023,6443,8260947.0,6986706.0,481955.0,472627.0,527262.0,527312.0,12066671.0
2023,6449,2934913.0,2138060.0,419610.0,377243.0,328378.0,393192.0,4922355.0
2023,6472,14200068.0,7208830.0,1742099.0,5249139.0,3071921.0,3106200.0,25052005.0
2023,6477,1501814.0,1069124.0,116596.0,317171.0,134104.0,183327.0,7867273.0
2023,6488,70651593.0,44211027.0,6382005.0,20058561.0,19769641.0,19308339.0,188988001.0
2023,6492,1000.0,448.0,311663.0,-311111.0,-296306.0,-296162.0,1363331.0
2023,6499,196263.0,181886.0,853944.0,-839567.0,-1269973.0,-1265057.0,2747146.0
2023,6504,6179040.0,5441109.0,553716.0,184215.0,119871.0,72721.0,10384256.0
2023,6505,712576194.0,685553532.0,11618107.0,15404555.0,21875854.0,34315205.0,416161627.0
2023,6506,1580608.0,1457450.0,180475.0,-57317.0,-19350.0,-21252.0,2503302.0
2023,6508,1527145.0,1188090.0,256477.0,87446.0,90918.0,83719.0,2969867.0
2023,6509,4521236.0,3262934.0,717503.0,540799.0,429990.0,407554.0,6079151.0
2023,6526,13575561.0,7253213.0,5311735.0,1010613.0,969311.0,910666.0,20045711.0
2023,6531,4226907.0,2471901.0,902225.0,852781.0,1444970.0,1445077.0,12513591.0
2023,6533,1057818.0,823.0,1325489.0,-268494.0,-101718.0,-102270.0,5335980.0
2023,6534,1514829.0,254733.0,694236.0,565860.0,463291.0,462737.0,3649210.0
2023,6546,2186288.0,1664781.0,253638.0,267869.0,277749.0,285380.0,3034085.0
2023,6547,389624.0,159402.0,1444051.0,-1213829.0,-1159835.0,-1214102.0,6092646.0
2023,6552,1765433.0,1726407.0,140686.0,-101660.0,7477.0,137413.0,4252558.0
2023,6558,1196741.0,1029381.0,231003.0,-63643.0,-44668.0,-57016.0,2155232.0
2023,6562,648625.0,451504.0,191668.0,5453.0,803.0,-12376.0,1836352.0
2023,6564,43494.0,66867.0,220102.0,-243475.0,-237690.0,-237728.0,604827.0
2023,6572,167176.0,104709.0,126620.0,-64153.0,-58531.0,-57320.0,516662.0
2023,6575,1322.0,270.0,140257.0,-139205.0,-136522.0,-136972.0,152538.0
2023,6578,384413.0,337985.0,76358.0,-29930.0,-57025.0,-60881.0,1401896.0
2023,6579,8073203.0,5238829.0,1827951.0,1006423.0,1167250.0,1234000.0,14377658.0
2023,6581,2041441.0,1167773.0,230408.0,643260.0,504622.0,505212.0,4549661.0
2023,6582,894338.0,872982.0,237644.0,-216288.0,-107862.0,61306.0,6235779.0
2023,6584,1324276.0,1085424.0,229360.0,9492.0,8328.0,5877.0,3498934.0
2023,6585,2792380.0,1847309.0,406734.0,538337.0,415811.0,414069.0,5275731.0
2023,6589,1022653.0,785912.0,1268718.0,-1031977.0,-915208.0,-869090.0,11162559.0
2023,6603,3861005.0,2848137.0,974649.0,38219.0,23323.0,-19612.0,7284556.0
2023,6605,18553094.0,12665679.0,2956709.0,2930706.0,2346972.0,2346530.0,31887715.0
2023,6606,755749.0,453684.0,141590.0,160475.0,102892.0,109956.0,2167450.0
2023,6609,2663615.0,2072650.0,432810.0,158155.0,130418.0,123742.0,4139400.0
2023,6618,44231.0,30140.0,126339.0,-112248.0,-134413.0,-135040.0,599425.0
2023,6620,1106320.0,1301.0,411592.0,693427.0,726886.0,713941.0,3037190.0
2023,6652,,,41482.0,-41482.0,-51613.0,-20839.0,410258.0
2023,6655,2374947.0,1271004.0,774260.0,329683.0,249975.0,251106.0,6380670.0
2023,6659,1332788.0,915532.0,345092.0,72164.0,40779.0,29849.0,2858830.0
2023,6668,945024.0,911499.0,314505.0,-280980.0,-275260.0,-305380.0,3688867.0
2023,6669,241900989.0,219243712.0,6786731.0,15870546.0,12043655.0,12166847.0,88845397.0
2023,6670,24381370.0,18731741.0,2608571.0,3041058.0,2543508.0,2348242.0,20002854.0
2023,6674,1164054.0,1081197.0,401186.0,-318329.0,-326109.0,-325719.0,1671122.0
2023,6676,428827.0,143301.0,357622.0,-72096.0,-63320.0,-63320.0,1712363.0
2023,6682,369111.0,534261.0,162798.0,-327948.0,-381253.0,-376538.0,1621638.0
2023,6695,1100668.0,645285.0,554793.0,-99410.0,-64498.0,-55471.0,1880627.0
2023,6698,1121229.0,914043.0,296902.0,-89716.0,-28814.0,-38577.0,3164690.0
2023,6706,1333878.0,1232560.0,610716.0,-509398.0,-377211.0,-333195.0,6451530.0
2023,6712,758391.0,273637.0,147022.0,337732.0,539397.0,539397.0,2075920.0
2023,6715,2454917.0,1568586.0,407182.0,479149.0,375580.0,368315.0,3775547.0
2023,6722,4817810.0,3864199.0,832167.0,124383.0,364141.0,349545.0,4631339.0
2023,6733,109908.0,20290.0,266159.0,-176541.0,-160918.0,-174499.0,1050481.0
2023,6737,3322117.0,2596903.0,469297.0,255917.0,206910.0,189493.0,3343409.0
2023,6742,546414.0,449748.0,99863.0,-3197.0,29702.0,28573.0,1967160.0
2023,6748,51064.0,11948.0,87785.0,-48669.0,-41418.0,-42526.0,716741.0
2023,6753,4987411.0,4033296.0,149526.0,804589.0,574998.0,583225.0,9067233.0
2023,6756,2035103.0,1103743.0,775215.0,156145.0,180569.0,179295.0,3604963.0
2023,6770,44022552.0,38730581.0,9259720.0,-3156448.0,-1643541.0,-1559655.0,188760660.0
2023,6775,1783429.0,1800229.0,279990.0,-296790.0,-317084.0,-318124.0,2032426.0
2023,6782,2397675.0,1540519.0,525060.0,332096.0,294562.0,220177.0,4723958.0
2023,6787,71238.0,148956.0,77835.0,-155553.0,-162509.0,-162985.0,587951.0
2023,6789,7236928.0,6022582.0,1007618.0,278136.0,356080.0,356080.0,25178522.0
2023,6793,1088756.0,866857.0,185301.0,36598.0,83211.0,82987.0,2467190.0
2023,6794,24589.0,6692.0,114177.0,-96280.0,-84108.0,-84108.0,685929.0
2023,6806,11249582.0,10082064.0,496251.0,789378.0,623578.0,516313.0,29287717.0
2023,6808,20633.0,15359.0,68127.0,-62853.0,-57951.0,-57951.0,324148.0
2023,6826,16539829.0,13866037.0,1044852.0,1628940.0,1279836.0,1275564.0,14288128.0
2023,6827,18.0,,140505.0,-140487.0,-127548.0,-126467.0,294581.0
2023,6829,1350162.0,938810.0,155520.0,255832.0,207690.0,207286.0,2280723.0
2023,6831,1641580.0,1258096.0,274478.0,109006.0,103423.0,79527.0,1916702.0
2023,6834,942799.0,918205.0,186961.0,-162367.0,-96120.0,-99173.0,2053734.0
2023,6841,93982.0,47359.0,153416.0,-106793.0,-43829.0,-43829.0,2086463.0
2023,6872,22481.0,10654.0,88253.0,-76426.0,-69565.0,-69414.0,490535.0
2023,6891,406.0,235.0,140599.0,-140428.0,-96894.0,-96894.0,1915337.0
2023,6892,85470.0,9111.0,290957.0,-214598.0,-217512.0,-230910.0,941761.0
2023,6905,1586263.0,1670800.0,56869.0,-141406.0,38530.0,38530.0,2446013.0
2023,6909,406637.0,152356.0,197319.0,56962.0,93117.0,93117.0,910107.0
2023,6914,4273123.0,3243356.0,279316.0,750451.0,548425.0,548548.0,7261069.0
2023,6916,2229230.0,1652635.0,449989.0,126606.0,81031.0,71215.0,2298684.0
2023,6919,38932.0,11463.0,540937.0,-513468.0,-488455.0,-488135.0,3826503.0
2023,6920,757951.0,1248375.0,151807.0,-642231.0,-653274.0,-653274.0,3887704.0
2023,6928,3721340.0,2926502.0,481191.0,313647.0,257868.0,258033.0,2179108.0
2023,6930,12142.0,52134.0,238598.0,-322308.0,-308827.0,-308827.0,768513.0
2023,6936,1207507.0,850745.0,245220.0,111542.0,91600.0,91045.0,1379591.0
2023,6940,46331.0,279678.0,245824.0,-479171.0,-478480.0,-478480.0,4364611.0
2023,6943,32829172.0,20485321.0,2226660.0,10117191.0,7972147.0,7597762.0,42846568.0
2023,6944,9012888.0,7191860.0,399457.0,1421571.0,1069898.0,1063973.0,7958249.0
2023,6987,760033.0,434631.0,160340.0,165062.0,107238.0,109393.0,13097990.0
2023,6990,1406933.0,1166112.0,83434.0,157387.0,120344.0,120344.0,1252257.0
2023,7507,381605.0,271992.0,104428.0,67727.0,74838.0,110778.0,2226763.0
2023,7702,1068826.0,887995.0,36815.0,144016.0,122693.0,122693.0,1026841.0
2023,7710,1400039.0,898920.0,321218.0,179901.0,169166.0,169166.0,1526146.0
2023,7711,2737906.0,2014268.0,731418.0,-7780.0,7907.0,7907.0,1948973.0
2023,7732,1033173.0,729082.0,156079.0,148012.0,126013.0,131163.0,1942124.0
2023,7736,1164919.0,738690.0,158749.0,267480.0,296874.0,295958.0,3707495.0
2023,7742,726290.0,552794.0,68224.0,105272.0,88168.0,88012.0,2694635.0
2023,7750,7872338.0,4635089.0,2444572.0,792677.0,650851.0,614813.0,7324528.0
2023,7752,475729.0,387262.0,55179.0,33288.0,7322.0,7322.0,5440867.0
2023,8011,2035237.0,1718506.0,263190.0,53541.0,36871.0,37462.0,7807903.0
2023,8021,2748486.0,2131722.0,541120.0,81802.0,-38547.0,-96733.0,6736107.0
2023,8027,1549374.0,935093.0,597453.0,16828.0,23575.0,26853.0,4158759.0
2023,8028,3327700.0,2571184.0,527095.0,229421.0,311994.0,313845.0,9184002.0
2023,8029,942732.0,797885.0,148626.0,-3779.0,-26522.0,-51316.0,1411316.0
2023,8033,985135.0,594129.0,447739.0,-56733.0,-23450.0,-17935.0,2178300.0
2023,8034,675604.0,452692.0,113710.0,109202.0,94098.0,94016.0,941173.0
2023,8038,332994.0,243682.0,86812.0,2500.0,1861.0,962.0,1121667.0
2023,8039,8150519.0,6359012.0,1303909.0,487598.0,360723.0,528248.0,13031462.0
2023,8040,717970.0,477860.0,296743.0,-56633.0,-120492.0,-120492.0,867487.0
2023,8042,3193488.0,2639930.0,509162.0,44396.0,91221.0,65010.0,8089763.0
2023,8043,4885670.0,4749917.0,189048.0,-53295.0,-19060.0,-31984.0,3841714.0
2023,8045,2325348.0,1302568.0,455949.0,566831.0,407924.0,406890.0,2591268.0
2023,8046,42252578.0,34075178.0,1847418.0,6329982.0,5816589.0,5816320.0,70437445.0
2023,8048,1791446.0,1280569.0,232410.0,278467.0,245225.0,257822.0,1666746.0
2023,8049,2088399.0,1445934.0,202861.0,439604.0,401166.0,464113.0,2555381.0
2023,8054,1990215.0,1311732.0,1057338.0,-378936.0,-250778.0,-183430.0,6478304.0
2023,8059,556439.0,445385.0,211873.0,-100819.0,6725.0,5150.0,2830403.0
2023,8064,2990451.0,2324000.0,571626.0,94825.0,185612.0,193259.0,6138666.0
2023,8069,27119755.0,12663275.0,7171003.0,7285477.0,7866226.0,10192429.0,74456233.0
2023,8070,16490002.0,13418254.0,1391338.0,1680410.0,2248755.0,5973298.0,36266176.0
2023,8071,2119765.0,1773107.0,326439.0,23486.0,-26525.0,-64206.0,2260902.0
2023,8072,1159521.0,951991.0,195561.0,11969.0,68870.0,72403.0,2488241.0
2023,8074,1135440.0,913012.0,166949.0,56553.0,64892.0,64880.0,2481489.0
2023,8076,2547887.0,1795650.0,583155.0,138287.0,53758.0,111822.0,6446019.0
2023,8081,7910870.0,4713060.0,1612560.0,1585250.0,1485949.0,2053366.0,10499625.0
2023,8084,888283.0,610117.0,257903.0,20263.0,113623.0,141399.0,1117926.0
2023,8085,722577.0,721991.0,154587.0,-154001.0,-140283.0,-261.0,3130605.0
2023,8086,2723100.0,2308371.0,346996.0,67733.0,82726.0,82726.0,8801051.0
2023,8088,1522782.0,1278518.0,77361.0,166903.0,159246.0,166375.0,1374382.0
2023,8089,888721.0,703301.0,554675.0,-369255.0,-345823.0,-335784.0,1718152.0
2023,8092,428740.0,352797.0,67898.0,8045.0,1174.0,1846.0,760542.0
2023,8093,321268.0,202252.0,203192.0,-84176.0,-75184.0,-77001.0,568888.0
2023,8096,22441732.0,21860400.0,894457.0,-313125.0,-460002.0,-458118.0,8028142.0
2023,8097,226218.0,192428.0,110190.0,-76400.0,-44695.0,-42094.0,1686868.0
2023,8101,167942.0,166838.0,187730.0,-186626.0,-203535.0,-208770.0,608538.0
2023,8103,2958621.0,1950399.0,711163.0,297059.0,215018.0,158178.0,5019527.0
2023,8104,2682217.0,2366167.0,376610.0,-60560.0,-204627.0,-205614.0,5025142.0
2023,8105,9042115.0,8286086.0,647383.0,108646.0,236156.0,225369.0,11690485.0
2023,8107,668946.0,628826.0,155907.0,-115787.0,-63451.0,-47568.0,3160786.0
2023,8109,1926976.0,1000784.0,248684.0,677508.0,638630.0,622338.0,3769488.0
2023,8110,7276069.0,7144004.0,386796.0,-254731.0,-112652.0,488864.0,17304360.0
2023,8111,783057.0,576457.0,199986.0,6614.0,61586.0,57199.0,2088217.0
2023,8114,9865732.0,6105619.0,2623746.0,1136370.0,730153.0,720250.0,14863733.0
2023,8115,1344409.0,1196764.0,212685.0,-65040.0,37537.0,4105.0,3624313.0
2023,8119,671758.0,546580.0,371615.0,-246437.0,-165344.0,-178522.0,1655552.0
2023,8121,2551746.0,2314247.0,485695.0,-248196.0,-211917.0,-261303.0,4579444.0
2023,8131,7648594.0,7045693.0,265520.0,337381.0,530215.0,555198.0,13263438.0
2023,8134,883649.0,681995.0,141674.0,59980.0,56563.0,45148.0,1226026.0
2023,8150,21356228.0,17806803.0,1726916.0,1908452.0,1893428.0,1714371.0,46160484.0
2023,8152,1428658.0,1248965.0,110741.0,68952.0,96472.0,88495.0,2375887.0
2023,8155,2892409.0,2385818.0,290168.0,216423.0,204120.0,205421.0,3347249.0
2023,8162,904879.0,779751.0,163687.0,-38559.0,-26279.0,-25323.0,2166362.0
2023,8163,25791522.0,21190731.0,3436301.0,1164490.0,1897101.0,2842152.0,34881594.0
2023,8171,914671.0,806257.0,167351.0,-58937.0,-37754.0,-40369.0,2424540.0
2023,8176,431940.0,286493.0,158947.0,-14276.0,4715.0,-1902.0,723192.0
2023,8182,2709117.0,2223214.0,330167.0,155736.0,124723.0,323796.0,6202103.0
2023,8183,6679445.0,5401178.0,574366.0,703901.0,543159.0,513407.0,6389471.0
2023,8201,516232.0,437342.0,165780.0,-86890.0,-70965.0,-74747.0,722131.0
2023,8210,11247258.0,8673431.0,1127293.0,1461716.0,1107040.0,1112297.0,13987084.0
2023,8213,18933840.0,16067641.0,1231097.0,1635102.0,1131120.0,803756.0,29696396.0
2023,8215,17127523.0,13944978.0,2590840.0,591705.0,503791.0,477693.0,20557778.0
2023,8218,888154.0,804062.0,102594.0,-18502.0,-42868.0,-45050.0,882281.0
2023,8222,683831.0,550091.0,96752.0,36988.0,60626.0,60033.0,1516279.0
2023,8234,5765509.0,4154828.0,1388362.0,222319.0,190431.0,200361.0,6956419.0
2023,8240,7518472.0,6467054.0,802993.0,248425.0,221431.0,243805.0,7934985.0
2023,8249,3056224.0,2482393.0,336640.0,237191.0,246790.0,1519682.0,7221712.0
2023,8255,5648694.0,4270676.0,1070477.0,307541.0,611762.0,1195602.0,15413636.0
2023,8271,7631446.0,5852804.0,1068108.0,710534.0,604712.0,599207.0,6371512.0
2023,8277,267153.0,223022.0,130763.0,-86632.0,-92910.0,-92974.0,713219.0
2023,8289,1580171.0,1154145.0,344714.0,81312.0,88176.0,72907.0,2138295.0
2023,8291,37028.0,82703.0,19922.0,-65597.0,-70930.0,-69958.0,316952.0
2023,8299,48221630.0,32057192.0,12492376.0,3621868.0,3624428.0,3463054.0,64962524.0
2023,8349,12237914.0,10072946.0,1457103.0,706693.0,461375.0,394779.0,18592349.0
2023,8350,5496619.0,4281405.0,734381.0,480833.0,491854.0,434477.0,7462951.0
2023,8354,614421.0,540356.0,80823.0,-6758.0,61736.0,67495.0,4397649.0
2023,8358,6169504.0,5285720.0,193192.0,690592.0,532906.0,530291.0,7906595.0
2023,8374,3051803.0,2429143.0,636133.0,-13473.0,-17080.0,-17217.0,2956032.0
2023,8383,2628431.0,2000424.0,366185.0,261822.0,244425.0,241334.0,4986006.0
2023,8394,54964400.0,43995199.0,5067378.0,5901823.0,5811308.0,9315404.0,121326957.0
2023,8401,1484400.0,1080497.0,264301.0,139602.0,108816.0,107333.0,1397027.0
2023,8415,24627349.0,16409255.0,4431059.0,3789305.0,3173519.0,4370418.0,47496349.0
2023,8420,2811974.0,2247026.0,191368.0,381765.0,-930148.0,-930148.0,2002924.0
2023,8421,1179393.0,979362.0,200224.0,-1238.0,-12300.0,-9849.0,1973599.0
2023,8433,3465668.0,2502022.0,411471.0,552175.0,489942.0,463714.0,4570794.0
2023,8436,8015649.0,4799114.0,2161937.0,1054598.0,992064.0,910181.0,14101503.0
2023,8438,3059344.0,2672840.0,266595.0,119909.0,89292.0,80492.0,2856555.0
2023,8463,5500872.0,4875858.0,334706.0,290308.0,210954.0,203674.0,7421622.0
2023,8464,26913391.0,11981477.0,7961779.0,6970135.0,5649668.0,5884444.0,32610615.0
2023,8476,1543497.0,979936.0,133053.0,430508.0,367823.0,365413.0,2826052.0
2023,8478,6325111.0,3276915.0,856282.0,2191914.0,2081427.0,2050533.0,10959429.0
2023,8481,993686.0,565327.0,289820.0,138539.0,124892.0,120225.0,1796048.0
2023,8495,127795.0,108902.0,166729.0,-147836.0,-146582.0,-146616.0,604338.0
2023,8905,2815719.0,2323280.0,188742.0,303697.0,288236.0,335057.0,3461253.0
2023,8916,7708244.0,6326110.0,784901.0,597233.0,577149.0,582382.0,7978065.0
2023,8917,2583286.0,2013262.0,128328.0,441696.0,387367.0,389069.0,5691848.0
2023,8924,4367641.0,3643553.0,341816.0,382272.0,406520.0,381257.0,5218063.0
2023,8928,2597107.0,2393043.0,252803.0,-48739.0,-36258.0,-34333.0,3226966.0
2023,8929,687317.0,545928.0,191945.0,-50556.0,-30154.0,-9121.0,1222214.0
2023,8930,1527063.0,1077078.0,149546.0,300439.0,255385.0,251533.0,2293005.0
2023,8931,2717008.0,2180099.0,168267.0,368642.0,283340.0,299876.0,4568611.0
2023,8932,961210.0,591899.0,200212.0,169099.0,92993.0,81994.0,1740545.0
2023,8933,3654553.0,3371701.0,599601.0,-316749.0,-291231.0,-257621.0,5311800.0
2023,8935,594313.0,526748.0,129663.0,-62098.0,-69898.0,-83778.0,1545531.0
2023,8936,4132263.0,2563423.0,238261.0,1330579.0,813748.0,655328.0,11830567.0
2023,8937,159949.0,140550.0,52434.0,-33035.0,47751.0,34020.0,1417843.0
2023,8938,14299849.0,11990152.0,1379407.0,1127002.0,-365932.0,-398574.0,13445364.0
2023,8942,5555106.0,3287261.0,714134.0,1553673.0,1569457.0,1736750.0,15837303.0
2023,8952,369276.0,335984.0,72505.0,-39213.0,-58988.0,-58761.0,2077763.0
2023,8996,4325671.0,3101722.0,512511.0,711438.0,576526.0,555824.0,4828854.0
2023,9904,246633714.0,185522719.0,50895402.0,10215593.0,15973481.0,27231126.0,327581335.0
2023,9905,8404848.0,7492921.0,443924.0,468003.0,438365.0,416337.0,10748488.0
2023,9907,35240202.0,31900081.0,2288367.0,1051754.0,594900.0,115374.0,32572840.0
2023,9910,85767264.0,67991313.0,11192299.0,6583652.0,5445937.0,5397789.0,50646923.0
2023,9911,8272415.0,5388868.0,1653444.0,1230103.0,1069107.0,1123781.0,9534345.0
2023,9914,27261117.0,22147087.0,2237892.0,3385943.0,1798762.0,1956057.0,38157199.0
2023,9919,2938256.0,2812133.0,611808.0,-485685.0,658685.0,603707.0,7879393.0
2023,9921,76953546.0,59980253.0,12263973.0,4709320.0,3566392.0,3472858.0,84623337.0
2023,9924,9073439.0,7008567.0,918060.0,1146812.0,949623.0,885802.0,9638788.0
2023,9927,9215571.0,7818245.0,260841.0,1136485.0,996741.0,961761.0,7640453.0
2023,9929,701308.0,630898.0,76786.0,-6376.0,-141008.0,-89037.0,2185136.0
2023,9930,12394902.0,10838732.0,481898.0,1074272.0,858013.0,794635.0,12271336.0
2023,9934,18313929.0,12694083.0,5288790.0,331056.0,605101.0,619571.0,15485193.0
2023,9935,4547224.0,3637227.0,666263.0,243734.0,104004.0,74708.0,6652641.0
2023,9939,26409207.0,20789102.0,2438267.0,3181838.0,2559986.0,2285872.0,37849225.0
2023,9942,4786526.0,2810271.0,665119.0,1306083.0,980511.0,960610.0,5292254.0
2023,9944,2114906.0,1645778.0,553244.0,-84116.0,176466.0,151644.0,5960034.0
2023,9950,2911473.0,2127556.0,592705.0,191212.0,1025431.0,1019239.0,4476371.0
2023,9951,5208082.0,3858703.0,885230.0,464149.0,432248.0,478630.0,5844786.0
2023,9955,1140082.0,1100525.0,113799.0,-74242.0,-81739.0,-83647.0,2824851.0
2023,9957,43389118.0,45267991.0,1445603.0,-3307004.0,-3377976.0,-3306423.0,60272976.0
2023,9958,14515598.0,12047361.0,512163.0,1956074.0,1339442.0,1393789.0,35499125.0
2023,9962,3499597.0,3258720.0,99567.0,141310.0,113763.0,112111.0,1460745.0
2023,9968,2776873.0,1202525.0,1323458.0,253781.0,213497.0,251956.0,4557594.0
2023,9978,4789927.0,3253136.0,420763.0,1116028.0,854053.0,829227.0,6837957.0
2022,1101,113929706.0,104345739.0,8421829.0,1162138.0,4157085.0,5302008.0,460808961.0
2022,1102,90340503.0,78585021.0,3184209.0,8571273.0,12597136.0,17015018.0,324243127.0
2022,1103,2253659.0,2121073.0,527956.0,-395370.0,-173886.0,-3450609.0,36412314.0
2022,1104,7055789.0,5689489.0,525210.0,841090.0,2183492.0,2424201.0,27811895.0
2022,1108,4149253.0,3158473.0,279804.0,711429.0,581221.0,503058.0,9661871.0
2022,1109,6388338.0,5138589.0,338610.0,911139.0,517738.0,614815.0,11490026.0
2022,1110,1794015.0,1672736.0,152778.0,-31499.0,108124.0,81208.0,11989689.0
2022,1111,346391.0,250791.0,46013.0,49587.0,26674.0,17710.0,1302696.0
2022,1201,19972832.0,14474786.0,5163869.0,334177.0,241083.0,434908.0,17608226.0
2022,1203,6385557.0,4560378.0,992023.0,833156.0,889374.0,1032560.0,10000966.0
2022,1210,113297286.0,101938516.0,8300566.0,3058204.0,2850126.0,2645338.0,62341521.0
2022,1213,393947.0,405814.0,55550.0,-67417.0,-75809.0,-75821.0,1058384.0
2022,1215,28959220.0,25082443.0,1894607.0,2003679.0,1550174.0,1665384.0,26393745.0
2022,1216,524831664.0,357181700.0,138633361.0,29016603.0,26525917.0,34434719.0,551399914.0
2022,1217,4800625.0,3363675.0,1265682.0,171268.0,287793.0,299462.0,13755189.0
2022,1218,11069440.0,9623679.0,1837971.0,-392382.0,5918572.0,6048624.0,16654604.0
2022,1219,16999408.0,15539508.0,1144381.0,309946.0,305533.0,310143.0,10275495.0
2022,1220,3537556.0,3228562.0,246681.0,62313.0,71606.0,72748.0,3202925.0
2022,1225,15274361.0,14305096.0,638921.0,360804.0,347147.0,359750.0,9441163.0
2022,1227,28922800.0,22564224.0,4915721.0,1442855.0,1244108.0,1135782.0,27929413.0
2022,1231,10772839.0,8270979.0,1324260.0,1177600.0,870986.0,885723.0,10518025.0
2022,1232,24676960.0,22273195.0,929712.0,1474053.0,1267799.0,1293989.0,7393401.0
2022,1233,1835662.0,807693.0,1008251.0,19718.0,51592.0,102095.0,2353960.0
2022,1234,9558497.0,6879679.0,2083947.0,594871.0,886135.0,884596.0,22759247.0
2022,1235,63027.0,38090.0,14833.0,10104.0,195633.0,-1130907.0,3605307.0
2022,1236,2108653.0,1539923.0,564358.0,4372.0,424156.0,857923.0,4122836.0
2022,1237,28823585.0,22854763.0,4227577.0,1750986.0,2428189.0,3699406.0,660746953.0
2022,1242,2950121.0,1720567.0,1418454.0,-188900.0,-39369.0,-207934.0,4967289.0
2022,1246,11360367.0,11001091.0,154940.0,200377.0,171699.0,173230.0,2561930.0
2022,1260,5059591.0,4267958.0,455081.0,336552.0,265727.0,274320.0,4572543.0
2022,1271,350446.0,94931.0,111119.0,144396.0,135584.0,138130.0,905859.0
2022,1301,251647354.0,209088610.0,15759527.0,26799217.0,36142868.0,6685920.0,511254407.0
2022,1303,355183300.0,301276564.0,21878561.0,32029840.0,38484719.0,25953352.0,665316156.0
2022,1305,17637479.0,16959318.0,1662631.0,-984470.0,-337717.0,-230427.0,16683779.0
2022,1307,10763499.0,9029397.0,1440771.0,293331.0,470114.0,1027255.0,15400050.0
2022,1308,9815332.0,6582460.0,285964.0,2946908.0,1447369.0,534318.0,16390069.0
2022,1310,12853960.0,13180825.0,210322.0,-537187.0,-332128.0,-582395.0,8912648.0
2022,1312,18176626.0,17305359.0,1658353.0,-787086.0,-454388.0,-1132505.0,61371545.0
2022,1313,72819643.0,72475633.0,2716636.0,-2372626.0,-1236224.0,-2552377.0,50562422.0
2022,1314,25027795.0,26261243.0,2612392.0,-3845840.0,205397.0,457025.0,141122929.0
2022,1315,2669360.0,2164045.0,334882.0,170433.0,711224.0,-453622.0,11534541.0
2022,1319,21282606.0,16254532.0,3093555.0,1934519.0,2036720.0,2509183.0,33540172.0
2022,1321,6506136.0,6135998.0,561388.0,-191250.0,-42657.0,-558258.0,11769962.0
2022,1323,3752381.0,2948299.0,491078.0,313004.0,291110.0,362340.0,5617303.0
2022,1324,983017.0,829229.0,152883.0,905.0,4803.0,19576.0,1176409.0
2022,1325,553968.0,510294.0,48696.0,-5022.0,13526.0,1026.0,3005348.0
2022,1326,379896563.0,367154202.0,18028435.0,-5286074.0,9203861.0,-39527113.0,555538628.0
2022,1328,1221856842.0,1402535957.0,23268191.0,-203947306.0,-187588587.0,-188623226.0,973525368.0
2022,1336,2669152.0,2199441.0,223539.0,246172.0,157807.0,201976.0,2773483.0
2022,1339,2020758.0,1490296.0,350460.0,180002.0,400993.0,413539.0,5537470.0
2022,1342,2589138.0,1838268.0,198473.0,552397.0,499514.0,499514.0,2986077.0
2022,1402,263944525.0,213924074.0,36254642.0,14349799.0,13341150.0,16457501.0,657757910.0
2022,1408,8035556.0,7242092.0,906138.0,-112674.0,-303491.0,-220071.0,6414009.0
2022,1409,45967673.0,,4645797.0,,3620488.0,2520800.0,181731074.0
2022,1410,395971.0,263032.0,87042.0,45897.0,55980.0,58603.0,1376124.0
2022,1413,3145933.0,2937786.0,110244.0,84508.0,99041.0,91819.0,2665203.0
2022,1414,688943.0,523144.0,84940.0,80859.0,104362.0,8064.0,4462226.0
2022,1417,1511442.0,1075305.0,600713.0,-164576.0,106351.0,85990.0,4498294.0
2022,1419,3349289.0,2431251.0,618188.0,300255.0,2070986.0,2030783.0,16698647.0
2022,1423,175942.0,177375.0,34965.0,-36398.0,73350.0,34420.0,3320728.0
2022,1434,34722655.0,30953904.0,2498926.0,1269825.0,3404981.0,-4828868.0,75409835.0
2022,1436,3939725.0,2676245.0,400492.0,862988.0,630641.0,628813.0,13047975.0
2022,1440,21968232.0,19556386.0,2048133.0,363713.0,1191758.0,1249287.0,50167210.0
2022,1441,1588312.0,1696512.0,207237.0,-315437.0,-319852.0,-272546.0,2526097.0
2022,1443,847500.0,501431.0,100240.0,245829.0,143013.0,165411.0,6505544.0
2022,1444,12237226.0,11185719.0,1011262.0,41233.0,468577.0,294216.0,18997324.0
2022,1445,1511208.0,1392090.0,152937.0,-33819.0,10988.0,-13590.0,2130781.0
2022,1446,155705.0,137389.0,59466.0,-41150.0,-37806.0,-51270.0,4677845.0
2022,1447,28501393.0,27995196.0,841990.0,-335226.0,-17916.0,-330795.0,19703197.0
2022,1449,2484187.0,2201379.0,341188.0,-58380.0,98636.0,81600.0,6127627.0
2022,1451,8695169.0,7888120.0,496647.0,310402.0,426456.0,274783.0,9165792.0
2022,1452,1818424.0,1600211.0,115878.0,102335.0,128244.0,136176.0,2902664.0
2022,1453,248555.0,231979.0,52041.0,-35465.0,-12289.0,-12289.0,1844308.0
2022,1454,1796280.0,1607171.0,161240.0,28858.0,32191.0,44173.0,2042138.0
2022,1455,9301445.0,9087845.0,458810.0,-245210.0,-281794.0,-295885.0,9182843.0
2022,1456,617250.0,442848.0,107267.0,117835.0,-75463.0,-74786.0,10823448.0
2022,1457,4335382.0,3762208.0,263704.0,2314199.0,2030138.0,1875425.0,19939909.0
2022,1459,1957172.0,1925948.0,148946.0,-117722.0,-443367.0,-572650.0,5444085.0
2022,1460,9807785.0,8115340.0,1598244.0,97452.0,21842.0,237861.0,14977520.0
2022,1463,495932.0,419379.0,71987.0,4566.0,68879.0,106897.0,2825093.0
2022,1464,12277001.0,10494287.0,1633830.0,131023.0,406232.0,652166.0,18333178.0
2022,1465,611734.0,527470.0,86377.0,-2113.0,96750.0,97329.0,2002003.0
2022,1466,2785426.0,2614571.0,289993.0,-119138.0,-66744.0,-49178.0,3487291.0
2022,1467,6129220.0,4828337.0,1270260.0,30623.0,-41674.0,126429.0,8656489.0
2022,1468,1412468.0,1394289.0,122175.0,-103996.0,35816.0,17416.0,2629275.0
2022,1470,845152.0,670834.0,105941.0,68377.0,32843.0,35249.0,1144833.0
2022,1471,237989.0,240544.0,150156.0,-152711.0,-157299.0,-95475.0,1736576.0
2022,1473,7529845.0,6310580.0,983539.0,235726.0,301032.0,498931.0,5176890.0
2022,1474,3189020.0,2782976.0,347155.0,58889.0,80569.0,69085.0,3882578.0
2022,1476,39736173.0,28670846.0,3328319.0,7737008.0,6790348.0,7284942.0,33363523.0
2022,1477,32082917.0,23826844.0,3824147.0,4431926.0,3540001.0,3967933.0,24429146.0
2022,1480,11690408.0,11168667.0,194853.0,326888.0,126068.0,139239.0,5945579.0
2022,1504,58315216.0,45129917.0,8110648.0,5073654.0,3992010.0,-6145755.0,126603110.0
2022,1506,1141618.0,939000.0,186138.0,16480.0,91915.0,114761.0,2822873.0
2022,1513,18546885.0,13802437.0,1893313.0,2851135.0,2466498.0,3017497.0,41652205.0
2022,1514,7709152.0,6418988.0,791949.0,496953.0,525880.0,485505.0,10083111.0
2022,1515,4549308.0,4394448.0,584437.0,-429577.0,-299120.0,-196656.0,7753957.0
2022,1517,5084564.0,4079617.0,406992.0,597955.0,555205.0,559967.0,5426218.0
2022,1519,7750727.0,6163119.0,1158381.0,429227.0,822304.0,826599.0,11700438.0
2022,1521,4746405.0,4151023.0,540121.0,55550.0,88824.0,104642.0,3311021.0
2022,1522,19207226.0,15023323.0,3297077.0,886836.0,1001861.0,1209735.0,26045578.0
2022,1524,2439452.0,1883014.0,273363.0,283075.0,336445.0,328221.0,5431903.0
2022,1525,1500265.0,1352764.0,102750.0,44751.0,269818.0,335030.0,5609373.0
2022,1526,2197117.0,1439286.0,297859.0,459972.0,386604.0,406197.0,2904399.0
2022,1527,3918677.0,2819216.0,365603.0,733858.0,742053.0,763730.0,5406694.0
2022,1528,3789118.0,2667473.0,1003902.0,117743.0,153924.0,227094.0,5559022.0
2022,1529,281520.0,161798.0,44730.0,74992.0,46434.0,46090.0,2999128.0
2022,1530,3100517.0,2432617.0,364775.0,298225.0,349287.0,356600.0,6791798.0
2022,1531,2471056.0,2026501.0,348327.0,96228.0,186461.0,222263.0,4610206.0
2022,1532,14630178.0,11337623.0,2242112.0,1050443.0,988910.0,1034949.0,53029395.0
2022,1533,3365416.0,2489277.0,967996.0,-91857.0,-66343.0,-19676.0,8010453.0
2022,1536,7339165.0,5643604.0,1156625.0,538936.0,629073.0,613073.0,22926311.0
2022,1537,7318728.0,5793008.0,584201.0,941519.0,881575.0,1122461.0,5845641.0
2022,1538,285107.0,242520.0,80673.0,-38086.0,-27498.0,-17336.0,293814.0
2022,1539,2500079.0,2203568.0,110787.0,185724.0,392240.0,391734.0,2648548.0
2022,1540,473291.0,331952.0,66127.0,75212.0,108136.0,108748.0,1559314.0
2022,1541,4057447.0,3462976.0,423713.0,170758.0,272059.0,304597.0,3611116.0
2022,1557,6958057.0,5170367.0,1219527.0,568163.0,559407.0,567354.0,12847412.0
2022,1558,7198245.0,5743805.0,1075881.0,378559.0,625195.0,737114.0,12554781.0
2022,1560,6907619.0,4379157.0,1097687.0,1430775.0,1274350.0,1357268.0,9544895.0
2022,1563,6401739.0,5189053.0,1093732.0,118954.0,582675.0,587037.0,17561595.0
2022,1565,5003499.0,3529098.0,401753.0,1072647.0,1019054.0,1052803.0,8301695.0
2022,1568,1790943.0,1411005.0,226331.0,153607.0,165390.0,180214.0,2923951.0
2022,1569,5004172.0,4031493.0,603683.0,368996.0,407394.0,503829.0,7219777.0
2022,1570,641014.0,462739.0,73841.0,104434.0,108116.0,97470.0,1048248.0
2022,1582,9809443.0,8186253.0,1279388.0,343802.0,377449.0,559766.0,11447348.0
2022,1583,6385075.0,4702752.0,868564.0,813759.0,874634.0,609427.0,15211524.0
2022,1584,1771224.0,1519810.0,112698.0,138716.0,146431.0,181633.0,4079669.0
2022,1585,149584.0,194154.0,22735.0,-67305.0,13776.0,12887.0,995763.0
2022,1586,2539681.0,2211042.0,349431.0,-20792.0,43134.0,65783.0,4273290.0
2022,1587,2535296.0,1945906.0,423032.0,166358.0,137605.0,181676.0,3129001.0
2022,1590,26072874.0,14179871.0,4350200.0,7542803.0,6012658.0,6457311.0,54599547.0
2022,1597,1635779.0,925855.0,333970.0,375954.0,346787.0,373955.0,4054301.0
2022,1598,7122411.0,5037256.0,2441738.0,-384230.0,-94683.0,19402.0,11964599.0
2022,1599,3379807.0,2615824.0,489996.0,273987.0,274863.0,255016.0,3105864.0
2022,1602,30908064.0,27948205.0,1595190.0,1364669.0,1404131.0,2358398.0,39518297.0
2022,1603,3466625.0,3018531.0,145990.0,324051.0,329512.0,151574.0,9232002.0
2022,1604,8935666.0,7478805.0,892564.0,564297.0,715799.0,736994.0,13991744.0
2022,1605,180400719.0,163054414.0,7847591.0,9498714.0,19140076.0,16520646.0,252524853.0
2022,1608,10749897.0,10220776.0,188515.0,340606.0,89748.0,122713.0,13520161.0
2022,1609,26749017.0,24572112.0,1328946.0,846199.0,1064522.0,1170477.0,39325648.0
2022,1611,1570469.0,1133042.0,348208.0,89219.0,77314.0,61181.0,5377875.0
2022,1612,6385945.0,5618483.0,244575.0,522887.0,354129.0,174043.0,8209066.0
2022,1613,4370704.0,4024486.0,190839.0,155379.0,46742.0,76077.0,4955757.0
2022,1614,6143333.0,4976849.0,815479.0,351005.0,294886.0,360686.0,6832257.0
2022,1615,4432803.0,3782199.0,175056.0,475548.0,431560.0,371698.0,3743418.0
2022,1616,3717472.0,3422227.0,181460.0,113785.0,18454.0,62521.0,3232467.0
2022,1617,3581378.0,3329477.0,294480.0,-42579.0,40659.0,78645.0,3297915.0
2022,1618,2864412.0,2542078.0,98654.0,223680.0,248077.0,155948.0,4831518.0
2022,1619,3882299.0,3825193.0,66099.0,-8993.0,70685.0,59835.0,2123535.0
2022,1701,8456512.0,5368631.0,2708683.0,379198.0,479298.0,-92003.0,12822563.0
2022,1707,10391231.0,1909186.0,5929212.0,2551737.0,2169687.0,2193532.0,15053038.0
2022,1708,8025189.0,5177065.0,1099600.0,1748524.0,1204422.0,1594555.0,13836576.0
2022,1709,10571226.0,8622732.0,920630.0,1028763.0,1081323.0,1468269.0,13270332.0
2022,1710,22081099.0,22136114.0,1102714.0,-1157729.0,-790025.0,-1084977.0,34907804.0
2022,1711,8891702.0,6896531.0,1614415.0,380756.0,392540.0,-34825.0,13132503.0
2022,1712,23042876.0,16547510.0,4460635.0,2034731.0,1655325.0,1911046.0,16549289.0
2022,1713,571458.0,508241.0,70149.0,-6932.0,285908.0,288443.0,2750190.0
2022,1714,22644215.0,20582745.0,1264787.0,796929.0,642566.0,268548.0,23044418.0
2022,1716,4466006.0,2445676.0,1383180.0,637150.0,520867.0,494485.0,6280354.0
2022,1717,49014100.0,38851315.0,6885940.0,3276845.0,2619481.0,2994077.0,59455276.0
2022,1718,34118148.0,,8731954.0,,2796826.0,1684803.0,835701961.0
2022,1720,5851368.0,3363755.0,1369192.0,1118421.0,1153620.0,1186663.0,10968259.0
2022,1721,3008554.0,2752806.0,223186.0,32562.0,61330.0,66578.0,4184256.0
2022,1722,15052251.0,13760212.0,1780562.0,-488523.0,2669649.0,3176632.0,80752474.0
2022,1726,9735561.0,7578255.0,1287830.0,869476.0,814474.0,922706.0,11417491.0
2022,1727,2306669.0,2024723.0,215737.0,66209.0,127120.0,129680.0,2854781.0
2022,1730,2784615.0,1514705.0,944260.0,323528.0,277566.0,310561.0,2593708.0
2022,1731,1245105.0,428548.0,617398.0,199159.0,161830.0,146514.0,2529909.0
2022,1733,2244176.0,1667337.0,400279.0,176560.0,181451.0,194272.0,2514701.0
2022,1734,2856651.0,1765351.0,893965.0,197335.0,164174.0,182004.0,6185191.0
2022,1735,2957191.0,2571177.0,389307.0,-3293.0,35210.0,63281.0,3388842.0
2022,1736,33612947.0,19006576.0,14821305.0,-214934.0,224941.0,644365.0,38865944.0
2022,1737,3613607.0,2337002.0,831555.0,445050.0,427516.0,460820.0,8211666.0
2022,1742,482012.0,381296.0,235885.0,-135169.0,-123635.0,-118035.0,2624601.0
2022,1760,2398648.0,1080052.0,904632.0,413964.0,182345.0,202708.0,3093539.0
2022,1762,2117144.0,1155387.0,498225.0,463532.0,466140.0,399852.0,4564144.0
2022,1763,153538492.0,138078028.0,10359975.0,5100489.0,3011967.0,2812722.0,144449360.0
2022,1764,180887684.0,123759468.0,10679104.0,46449112.0,43831323.0,43522713.0,274272233.0
2022,1765,150279920.0,131572918.0,8202201.0,10504801.0,14803450.0,-385273.0,208196049.0
2022,1766,103371419.0,61967204.0,5464200.0,35940015.0,30960505.0,32493248.0,103338416.0
2022,1770,4804763.0,3228433.0,1115855.0,460475.0,494726.0,535665.0,7110388.0
2022,1773,11345083.0,7964469.0,1284204.0,2096410.0,1825317.0,1854441.0,13524094.0
2022,1775,6599435.0,4910586.0,989893.0,698066.0,584676.0,664101.0,8041498.0
2022,1776,1448029.0,1253788.0,179544.0,14697.0,20996.0,63798.0,1793798.0
2022,1780,716746.0,445700.0,171267.0,99779.0,146741.0,148957.0,2183016.0
2022,1785,25790594.0,22317563.0,1842572.0,1630459.0,1429021.0,1465968.0,26600628.0
2022,1786,557348.0,185481.0,237256.0,134611.0,141716.0,144739.0,2098236.0
2022,1789,3264045.0,2013273.0,845275.0,405497.0,353216.0,318554.0,11911176.0
2022,1795,14632772.0,6826623.0,3695035.0,4111114.0,3020757.0,3265828.0,29526073.0
2022,1799,178897.0,102583.0,237572.0,-161258.0,-168394.0,-141533.0,1173154.0
2022,1802,43859066.0,39390738.0,5375086.0,-758724.0,-822874.0,-377149.0,93030018.0
2022,1805,348843.0,346894.0,74872.0,-72923.0,-94628.0,-92001.0,1348608.0
2022,1806,3006408.0,2143291.0,616246.0,246871.0,-188243.0,-183638.0,8333220.0
2022,1809,2592031.0,2063141.0,566113.0,-10822.0,31959.0,83077.0,4732602.0
2022,1810,5004444.0,3695789.0,1206122.0,102533.0,158132.0,-76093.0,9864188.0
2022,1815,4650737.0,3814101.0,613471.0,223165.0,31523.0,200129.0,14058955.0
2022,1817,2669606.0,1750262.0,546719.0,373012.0,295291.0,365621.0,2727235.0
2022,1819,230834.0,200004.0,21097.0,9733.0,-5978.0,-6054.0,874970.0
2022,1904,43921728.0,36588956.0,5675179.0,1657593.0,2709489.0,3428116.0,70010480.0
2022,1905,23651129.0,21096585.0,2311569.0,240572.0,539691.0,893089.0,35439171.0
2022,1909,52968404.0,48580467.0,4800626.0,-412689.0,-923148.0,-2406400.0,72592403.0
2022,2002,449567488.0,417665025.0,13637110.0,18265353.0,17995059.0,20774837.0,683769397.0
2022,2006,59972121.0,52459095.0,2326477.0,5186549.0,4010769.0,3947517.0,54766547.0
2022,2007,6828696.0,6895194.0,211205.0,-277703.0,-694654.0,-675259.0,11756112.0
2022,2008,2216054.0,1888923.0,188657.0,138474.0,112184.0,-154011.0,7259818.0
2022,2009,2895412.0,2943882.0,62609.0,-111079.0,196940.0,-1563022.0,6552149.0
2022,2010,24497782.0,22997506.0,803464.0,696812.0,613804.0,670432.0,20794384.0
2022,2012,11049641.0,9247148.0,938754.0,863739.0,663116.0,663449.0,12601719.0
2022,2014,44503494.0,45629434.0,634757.0,-1760697.0,-989929.0,-1458775.0,36764877.0
2022,2015,38604929.0,34424330.0,876186.0,3304413.0,3073395.0,2627054.0,25654174.0
2022,2017,3558443.0,2899089.0,387464.0,271887.0,295982.0,-273567.0,10633489.0
2022,2020,6624345.0,6199928.0,193567.0,230552.0,266632.0,343961.0,7386069.0
2022,2022,9616117.0,8999045.0,502645.0,114427.0,-68595.0,206163.0,8521013.0
2022,2023,83675863.0,74531778.0,6839551.0,2304534.0,522105.0,901196.0,93151389.0
2022,2024,1168598.0,1032615.0,73222.0,62761.0,47219.0,55544.0,2213989.0
2022,2025,1231007.0,1340478.0,34649.0,-145835.0,780657.0,767922.0,1516431.0
2022,2027,114148570.0,83110993.0,12506616.0,18526202.0,14398864.0,21827678.0,146446086.0
2022,2028,13123335.0,11998884.0,199983.0,924468.0,750398.0,796008.0,8317702.0
2022,2029,12796257.0,11588841.0,677803.0,529613.0,495538.0,624020.0,10627728.0
2022,2030,16247991.0,14068198.0,1024397.0,1155396.0,741216.0,831556.0,12224121.0
2022,2031,17155532.0,15966628.0,424125.0,764779.0,417568.0,-284433.0,24439251.0
2022,2032,3361067.0,3252957.0,91065.0,17045.0,38216.0,46004.0,1923936.0
2022,2033,810803.0,759243.0,66637.0,-15077.0,-12698.0,-2843.0,1311020.0
2022,2034,16840315.0,14663502.0,1228906.0,947907.0,518282.0,1663380.0,19663782.0
2022,2035,14021337.0,14015425.0,292151.0,-286239.0,-224948.0,-120790.0,17377300.0
2022,2038,11044978.0,10735906.0,207819.0,101253.0,184099.0,296551.0,9399529.0
2022,2041,6572970.0,6036862.0,186193.0,349915.0,254421.0,-38886.0,8310377.0
2022,2048,110728911.0,107557709.0,2071807.0,1099395.0,719663.0,863199.0,168558498.0
2022,2049,29314648.0,18599298.0,5142901.0,5572449.0,4311735.0,3936852.0,52139666.0
2022,2056,3530654.0,3320228.0,300294.0,-89868.0,-74205.0,-49688.0,4496763.0
2022,2059,7798631.0,3332655.0,713304.0,3752672.0,4056145.0,4071882.0,19236213.0
2022,2062,8236787.0,6873711.0,660799.0,702277.0,737129.0,855638.0,12263278.0
2022,2064,2155633.0,1974662.0,128052.0,52919.0,78992.0,82884.0,2734288.0
2022,2065,2591122.0,1999382.0,197130.0,394610.0,370177.0,252140.0,3015500.0
2022,2068,2240447.0,1657638.0,507869.0,74940.0,251553.0,310676.0,3351312.0
2022,2069,14042665.0,12871784.0,797604.0,373277.0,191610.0,241139.0,8960634.0
2022,2071,2082479.0,1562510.0,145607.0,374362.0,295041.0,295041.0,2806583.0
2022,2072,2893757.0,3387102.0,188908.0,-682253.0,-561146.0,-561146.0,14530849.0
2022,2101,7412234.0,6337724.0,1483676.0,-409312.0,-1023582.0,-938208.0,37316230.0
2022,2102,1615632.0,1646698.0,697759.0,-728825.0,-1356210.0,-1327673.0,10018290.0
2022,2103,33841197.0,28327924.0,3110621.0,2674970.0,2122241.0,2842148.0,36573533.0
2022,2104,23368285.0,20095459.0,1533339.0,1739487.0,662982.0,486695.0,58405816.0
2022,2105,98622877.0,77639710.0,13608989.0,7374178.0,4992260.0,6821712.0,145883619.0
2022,2106,38617881.0,32947434.0,5439594.0,230553.0,338151.0,1554018.0,46600149.0
2022,2107,1937243.0,1312034.0,254339.0,370870.0,711684.0,441366.0,13759205.0
2022,2108,11668543.0,8586830.0,1599070.0,1482643.0,1376368.0,1818795.0,17395906.0
2022,2109,5414345.0,4338315.0,504764.0,571266.0,444345.0,705444.0,8066890.0
2022,2114,1845955.0,1004048.0,245096.0,596811.0,391971.0,396474.0,3568547.0
2022,2201,77079263.0,49622977.0,17350124.0,10106173.0,-1188037.0,-468503.0,360431614.0
2022,2204,29553870.0,24680105.0,2930998.0,1940426.0,-7604445.0,-7046951.0,48489639.0
2022,2206,50850618.0,41132408.0,6301466.0,3416744.0,3439941.0,4023047.0,57077274.0
2022,2208,21994050.0,25090814.0,661575.0,-3758339.0,-3548488.0,-3432363.0,46638124.0
2022,2211,11439152.0,8486393.0,562879.0,2389880.0,3089161.0,-17446.0,31790545.0
2022,2227,23607191.0,20666547.0,2823873.0,113960.0,2410581.0,2938782.0,24510866.0
2022,2228,4373785.0,3237540.0,685649.0,450596.0,452590.0,519650.0,6112627.0
2022,2230,504377.0,420537.0,89004.0,151815.0,107973.0,119093.0,1004695.0
2022,2231,3957949.0,2313881.0,1191354.0,452714.0,468130.0,496163.0,9723069.0
2022,2233,3350323.0,2246687.0,558830.0,544806.0,613553.0,635316.0,4982881.0
2022,2237,909495.0,929380.0,154114.0,-173999.0,-197523.0,-197476.0,2093847.0
2022,2241,731236.0,739889.0,268289.0,-276942.0,-224841.0,-222342.0,2984628.0
2022,2252,327775.0,293472.0,405858.0,-371555.0,-313224.0,-308962.0,1170323.0
2022,2254,928668.0,594787.0,161454.0,172427.0,148709.0,149024.0,2091252.0
2022,2255,3064132.0,2334163.0,473472.0,256497.0,242398.0,164787.0,3020591.0
2022,2258,296033.0,206475.0,1731804.0,-1642246.0,-1357042.0,-1356267.0,14178617.0
2022,2301,173456216.0,140193784.0,18189572.0,15072860.0,14187403.0,17764384.0,199781737.0
2022,2302,877633.0,533784.0,173109.0,170740.0,176100.0,151094.0,2154019.0
2022,2303,278705264.0,152940887.0,26811799.0,104292225.0,88018251.0,90455790.0,533052092.0
2022,2305,554909.0,402426.0,259823.0,-107340.0,18814.0,15831.0,2944126.0
2022,2308,384443308.0,273670745.0,69333739.0,41438824.0,36990738.0,54151664.0,425873806.0
2022,2313,76419408.0,60970511.0,5326858.0,10122039.0,8000977.0,8495737.0,79822528.0
2022,2314,4482301.0,3852993.0,1048047.0,-418739.0,-486411.0,-411957.0,6541050.0
2022,2316,5132715.0,4951564.0,428709.0,-247558.0,510587.0,511668.0,13112946.0
2022,2317,6626996750.0,6226911592.0,226297316.0,173787842.0,151071549.0,164526971.0,4133974280.0
2022,2324,1073245915.0,1032881736.0,31145182.0,9218997.0,8541527.0,15077178.0,453484433.0
2022,2327,121086925.0,75068171.0,17030993.0,28987761.0,22769875.0,33690178.0,277185549.0
2022,2328,26257340.0,22977604.0,1458504.0,1821232.0,1566399.0,1352177.0,25404503.0
2022,2329,15531669.0,13008745.0,1089678.0,1433300.0,1448653.0,1502850.0,16946784.0
2022,2330,2263891292.0,915536486.0,226707552.0,1121278851.0,1016900515.0,1059330680.0,4964778878.0
2022,2332,17077888.0,12763058.0,3762322.0,552508.0,260382.0,755788.0,15421541.0
2022,2337,43487454.0,24249635.0,9868658.0,9369161.0,8969775.0,9178225.0,83892707.0
2022,2338,7741118.0,5642493.0,850349.0,1248276.0,445632.0,449452.0,17892906.0
2022,2340,4529777.0,3315399.0,831308.0,383070.0,360464.0,83048.0,10554807.0
2022,2342,2151511.0,1533642.0,259566.0,358303.0,554288.0,585402.0,4183661.0
2022,2344,94529790.0,51478707.0,26516502.0,16534581.0,14986552.0,17704455.0,184164993.0
2022,2345,77205223.0,60686961.0,6885654.0,9632608.0,8165812.0,8218603.0,46060809.0
2022,2349,7739061.0,6419858.0,1594016.0,-274813.0,-68147.0,50410.0,19670562.0
2022,2351,11724279.0,9645688.0,909093.0,1169498.0,999649.0,1047156.0,12925999.0
2022,2352,239837296.0,205276228.0,28708711.0,5852357.0,11079069.0,7318079.0,193385531.0
2022,2354,90469506.0,83584939.0,4032523.0,2852044.0,4198165.0,-5509510.0,151104768.0
2022,2355,17614328.0,16107201.0,1234450.0,272677.0,496238.0,779962.0,22581694.0
2022,2356,541750850.0,515747708.0,19334066.0,6669076.0,6062009.0,7430166.0,234215605.0
2022,2357,537191932.0,463051081.0,61162349.0,12982232.0,16831468.0,10574703.0,471164714.0
2022,2358,2112854.0,1910839.0,164272.0,37743.0,-3535.0,-628.0,3967432.0
2022,2359,5249928.0,4166414.0,818986.0,264528.0,475943.0,502681.0,8450963.0
2022,2360,22067242.0,10710148.0,6317899.0,5039256.0,5221558.0,5711330.0,33828820.0
2022,2362,22196860.0,17257626.0,3020427.0,1918807.0,824526.0,1708153.0,94167059.0
2022,2363,182202.0,177562.0,468480.0,-463840.0,463903.0,-7353865.0,15504394.0
2022,2365,1020675.0,731981.0,277578.0,11116.0,53796.0,64090.0,3488211.0
2022,2367,17423501.0,15240742.0,1875819.0,306940.0,413326.0,527055.0,23394743.0
2022,2368,32785064.0,24056976.0,2705292.0,6036712.0,4567875.0,4652350.0,30040598.0
2022,2369,6006806.0,5486038.0,482588.0,38180.0,200653.0,303383.0,8755254.0
2022,2371,34538960.0,27247387.0,7018088.0,297467.0,7229559.0,10378494.0,133566389.0
2022,2374,5285957.0,4112724.0,1196612.0,-23379.0,173175.0,214665.0,8794351.0
2022,2375,5868312.0,4845194.0,724460.0,298658.0,613661.0,851390.0,18930732.0
2022,2376,107263644.0,90647566.0,10770864.0,5845214.0,6534849.0,5993877.0,63571849.0
2022,2377,180411242.0,154683162.0,15032194.0,10695886.0,9962520.0,10188707.0,86852903.0
2022,2379,111789791.0,57154955.0,38910838.0,15723998.0,16204144.0,20666409.0,113700527.0
2022,2380,2832440.0,2093944.0,797496.0,-59000.0,-36600.0,-59931.0,2946576.0
2022,2382,1280429312.0,1209514300.0,39725427.0,31188812.0,29722669.0,34423280.0,816133646.0
2022,2383,38672549.0,28962487.0,3484815.0,6225247.0,5076240.0,5447305.0,43382487.0
2022,2384,1738.0,206437.0,106587.0,-311286.0,521012.0,413836.0,5818935.0
2022,2385,115748378.0,95172451.0,10157917.0,10418010.0,9015777.0,10621653.0,87064489.0
2022,2387,24571786.0,21232076.0,1728341.0,1611369.0,1563714.0,1627634.0,21856532.0
2022,2390,591125.0,467243.0,165567.0,-41685.0,-865683.0,-868894.0,3217819.0
2022,2392,94102594.0,82008395.0,8562506.0,3531693.0,2094699.0,2430386.0,98298011.0
2022,2393,19888289.0,14286502.0,4131651.0,1470136.0,1315739.0,1527185.0,26114178.0
2022,2395,68744701.0,42631598.0,13580926.0,12532177.0,10742559.0,11401998.0,66384938.0
2022,2397,16189529.0,12907654.0,2550682.0,731193.0,597000.0,732819.0,13144320.0
2022,2399,2236385.0,1967765.0,267088.0,1532.0,12851.0,29744.0,2809746.0
2022,2401,6705708.0,3404941.0,3008673.0,287890.0,670457.0,783851.0,15020747.0
2022,2402,7654149.0,6611844.0,678069.0,364236.0,357407.0,487930.0,9849412.0
2022,2404,48200310.0,41481586.0,1288360.0,5430364.0,4101845.0,3947023.0,33472547.0
2022,2405,1734850.0,1036258.0,691428.0,7164.0,56029.0,81872.0,4466756.0
2022,2406,6731111.0,6060376.0,1114385.0,-451097.0,-531290.0,-666435.0,15329270.0
2022,2408,56952275.0,35610181.0,10339625.0,11002469.0,14619031.0,19422563.0,202235750.0
2022,2409,246792674.0,245225166.0,25537904.0,-23970396.0,-20973180.0,-19770910.0,386840674.0
2022,2413,4834189.0,3995500.0,581324.0,257365.0,262060.0,175368.0,5544649.0
2022,2415,2345734.0,1776225.0,285453.0,143894.0,38606.0,270945.0,8183482.0
2022,2417,3973899.0,1994024.0,1906332.0,73543.0,197709.0,234124.0,6338839.0
2022,2420,2642175.0,1527174.0,416727.0,698274.0,677032.0,727801.0,5586999.0
2022,2421,14063308.0,10892350.0,2049074.0,1121884.0,1089095.0,1136808.0,12191969.0
2022,2423,2885585.0,1440023.0,996629.0,448933.0,403724.0,419578.0,3990463.0
2022,2424,79428.0,153966.0,90956.0,-165494.0,-170922.0,-171138.0,552544.0
2022,2425,6198674.0,5575814.0,308774.0,314086.0,363465.0,316992.0,3206322.0
2022,2426,2419509.0,2032905.0,349598.0,37437.0,-184423.0,-200280.0,5430018.0
2022,2427,3788642.0,2541174.0,1005139.0,242329.0,192008.0,197706.0,5589055.0
2022,2428,7463135.0,4829759.0,1233199.0,1400177.0,1389978.0,1474204.0,13757816.0
2022,2431,1000634.0,946175.0,154201.0,-99742.0,10417.0,23322.0,1881895.0
2022,2432,1662340.0,1402799.0,165614.0,93927.0,135312.0,96053.0,1530701.0
2022,2436,2888153.0,2044532.0,600177.0,243444.0,107870.0,-103886.0,5991615.0
2022,2439,35398690.0,30846138.0,3479432.0,1073120.0,1621056.0,1659277.0,33428631.0
2022,2440,3135693.0,2948379.0,154170.0,33144.0,-23364.0,-10952.0,2121628.0
2022,2441,15950309.0,11720008.0,587621.0,3642680.0,3157984.0,2919888.0,24432235.0
2022,2442,547495.0,392142.0,164708.0,-9355.0,138148.0,157668.0,14930762.0
2022,2444,1802375.0,1483561.0,201596.0,117218.0,119990.0,121085.0,2110798.0
2022,2449,36781996.0,23709003.0,3908163.0,9164830.0,6982090.0,5661154.0,74358983.0
2022,2454,548796030.0,277891595.0,144115983.0,126788452.0,118625021.0,109414015.0,608399474.0
2022,2455,2603629.0,1514622.0,509057.0,579950.0,544728.0,544300.0,4411968.0
2022,2457,14017575.0,11875937.0,2127981.0,13657.0,71306.0,378059.0,14589477.0
2022,2458,13030484.0,7043240.0,3202783.0,2784461.0,2033413.0,1924033.0,13324830.0
2022,2460,2881970.0,2780643.0,340699.0,-239372.0,-103114.0,-42364.0,4819616.0
2022,2461,6421806.0,5265148.0,1173016.0,-16358.0,111929.0,232414.0,8112845.0
2022,2464,10769016.0,8892088.0,1516533.0,356942.0,522073.0,545422.0,13112471.0
2022,2465,5311418.0,4704607.0,759073.0,-152262.0,-195706.0,-189713.0,2028246.0
2022,2466,1390778.0,1053647.0,298032.0,39099.0,110224.0,233599.0,4369029.0
2022,2467,5366976.0,3458971.0,1178172.0,729833.0,782622.0,811850.0,8187343.0
2022,2472,10347189.0,7175476.0,1200297.0,1971416.0,1732763.0,1869067.0,14680222.0
2022,2474,27820529.0,18953632.0,3898099.0,4968798.0,10896238.0,25646550.0,241562690.0
2022,2476,6781030.0,4821562.0,919787.0,1040259.0,983915.0,1077693.0,9669313.0
2022,2477,3490837.0,3009603.0,512466.0,-31232.0,83933.0,433187.0,8048449.0
2022,2478,5022594.0,3875939.0,587589.0,559066.0,629666.0,686008.0,9138973.0
2022,2481,13227847.0,9232010.0,2364764.0,1631073.0,1757904.0,1974874.0,29166846.0
2022,2482,1257735.0,730914.0,325505.0,201316.0,219827.0,200710.0,1496438.0
2022,2483,2225595.0,1808362.0,303451.0,113782.0,170125.0,174646.0,4526624.0
2022,2484,3263584.0,2012912.0,451116.0,799556.0,768073.0,337628.0,5679464.0
2022,2485,6582035.0,6085024.0,751378.0,-254367.0,-67361.0,-36523.0,9220994.0
2022,2486,5195927.0,4617647.0,579770.0,-1490.0,91956.0,132995.0,7793427.0
2022,2489,16355412.0,14865947.0,1691998.0,-202533.0,-2785438.0,-2692476.0,19772934.0
2022,2492,35297163.0,28997415.0,4238815.0,2060933.0,2295275.0,2513662.0,91731495.0
2022,2493,3448384.0,2349971.0,342044.0,756369.0,592400.0,639881.0,4625947.0
2022,2495,1462630.0,742461.0,499394.0,220775.0,214003.0,224693.0,6297836.0
2022,2497,3565754.0,2615293.0,641917.0,308544.0,346571.0,382080.0,3949060.0
2022,2498,4408823.0,2678845.0,6133809.0,-4403831.0,-3411783.0,-1868777.0,46440236.0
2022,2504,21278780.0,16976660.0,952645.0,3349475.0,4236108.0,4097466.0,38951083.0
2022,2597,24583067.0,21194815.0,948712.0,2439540.0,2127704.0,1526371.0,22338310.0
2022,2610,150722471.0,139352258.0,8785479.0,2584734.0,2245401.0,-798528.0,294412193.0
2022,2630,4069229.0,3818161.0,212529.0,38539.0,13489.0,26234.0,4910976.0
2022,2634,30242307.0,27331310.0,1404009.0,1506988.0,1627333.0,1832890.0,42708559.0
2022,2644,4240759.0,3994358.0,143487.0,102914.0,116725.0,116725.0,8027879.0
2022,2645,11847386.0,9950367.0,497751.0,1399268.0,1581224.0,1888463.0,21774703.0
2022,2753,6799263.0,4273394.0,1738361.0,787508.0,645076.0,699877.0,5857928.0
2022,2911,3338910.0,1963532.0,2014215.0,-638837.0,-626570.0,-573631.0,4353756.0
2022,2915,2874195.0,1893232.0,924786.0,56177.0,12063155.0,-55172768.0,102119233.0
2022,2916,1575857.0,763253.0,602704.0,209900.0,179727.0,182798.0,1398440.0
2022,3002,748389.0,594348.0,139368.0,14673.0,12132.0,71959.0,1846849.0
2022,3003,4845515.0,3240321.0,621799.0,983395.0,901893.0,894885.0,8014867.0
2022,3004,2192921.0,1681287.0,384786.0,126848.0,149975.0,160165.0,4572926.0
2022,3006,16207898.0,13228940.0,2186248.0,792710.0,1103715.0,1079989.0,19725729.0
2022,3008,47675228.0,21579583.0,5698555.0,20384119.0,22625049.0,23846632.0,184970366.0
2022,3011,1497478.0,1306737.0,218787.0,-28046.0,-13486.0,9683.0,1677754.0
2022,3013,6519734.0,5958702.0,432946.0,128086.0,220216.0,236402.0,7102187.0
2022,3014,5212206.0,2486324.0,1375280.0,1350602.0,1217692.0,567990.0,6669441.0
2022,3015,13895870.0,11587346.0,1766463.0,542320.0,789621.0,806451.0,20204770.0
2022,3016,5899587.0,4797706.0,317082.0,784799.0,681271.0,692394.0,7672174.0
2022,3017,56016554.0,45166937.0,4543898.0,6305719.0,4617789.0,4977223.0,60473948.0
2022,3019,19077048.0,15316222.0,2425230.0,1335596.0,1345627.0,2306279.0,20423244.0
2022,3021,3908184.0,3185291.0,429011.0,293882.0,184190.0,242258.0,3080074.0
2022,3022,7942415.0,5062708.0,1560812.0,1317699.0,1491332.0,1724530.0,13373581.0
2022,3023,30574800.0,22843276.0,4405075.0,3326449.0,3023030.0,3145220.0,32977383.0
2022,3024,1486401.0,1095637.0,335973.0,54791.0,91774.0,77956.0,4623921.0
2022,3025,438242.0,197678.0,226055.0,14509.0,67403.0,74192.0,1079454.0
2022,3027,1211418.0,914214.0,308182.0,5761.0,50866.0,74373.0,3306441.0
2022,3029,12734383.0,11246322.0,778147.0,709914.0,612402.0,568863.0,8015013.0
2022,3030,6708832.0,2860203.0,1695147.0,2153482.0,1921485.0,1950099.0,9172546.0
2022,3031,1508924.0,1143575.0,247751.0,117598.0,195377.0,127849.0,3565948.0
2022,3032,6375442.0,5011069.0,883922.0,480451.0,507340.0,594584.0,7873674.0
2022,3033,70281179.0,64791186.0,2761810.0,2728183.0,1699134.0,2186553.0,33240853.0
2022,3034,109956674.0,59015487.0,18212356.0,32728831.0,27969522.0,26457223.0,100546386.0
2022,3037,140489172.0,90056066.0,12365668.0,38171926.0,31225717.0,30591620.0,218663429.0
2022,3038,4692706.0,3775258.0,537366.0,384168.0,419976.0,433750.0,4285773.0
2022,3040,155828.0,45355.0,37589.0,72884.0,100898.0,-55994.0,1582531.0
2022,3041,2651069.0,1614755.0,940052.0,96262.0,16669.0,28202.0,3762797.0
2022,3042,13169688.0,8138850.0,2219624.0,2811214.0,2805504.0,2023497.0,19851244.0
2022,3043,1263400.0,970024.0,247560.0,45816.0,99222.0,298274.0,1439103.0
2022,3044,65784237.0,53979158.0,5036327.0,6768752.0,6200600.0,7529221.0,76544112.0
2022,3046,3329551.0,3020561.0,237083.0,71907.0,197965.0,188694.0,1780555.0
2022,3047,5963157.0,4509884.0,1298173.0,155100.0,258977.0,297044.0,7632365.0
2022,3049,2405963.0,2272770.0,229937.0,-96744.0,29265.0,-278952.0,15036979.0
2022,3050,1112820.0,710431.0,285099.0,117290.0,121033.0,134633.0,5077518.0
2022,3051,2947446.0,2202825.0,407210.0,337411.0,443572.0,443131.0,4417973.0
2022,3052,2951661.0,2584450.0,160186.0,207025.0,208414.0,212123.0,9374283.0
2022,3054,33988.0,22595.0,51538.0,-40145.0,-120907.0,-132163.0,805928.0
2022,3055,1914645.0,1742915.0,589753.0,-416246.0,256715.0,293987.0,4048138.0
2022,3057,890134.0,567102.0,337398.0,-14366.0,2807.0,33809.0,1274074.0
2022,3058,4544285.0,4041888.0,606034.0,-104712.0,-158718.0,-79020.0,4500473.0
2022,3059,14028161.0,11130533.0,2454627.0,443001.0,488041.0,778247.0,16236935.0
2022,3060,3223080.0,2848232.0,471009.0,-96161.0,20565.0,96732.0,4430487.0
2022,3062,5753342.0,5466483.0,499780.0,-212921.0,-366674.0,-392763.0,7511214.0
2022,3066,313823.0,345590.0,121252.0,-153019.0,185486.0,217259.0,1880839.0
2022,3071,2788995.0,2018001.0,568196.0,202798.0,261735.0,314586.0,3857824.0
2022,3081,2380885.0,1621860.0,425042.0,333983.0,329536.0,330877.0,5117422.0
2022,3088,6618827.0,4388015.0,1501878.0,728720.0,602637.0,686631.0,6011371.0
2022,3090,10440729.0,8660488.0,887820.0,892421.0,1550500.0,1486545.0,9365819.0
2022,3092,3362189.0,2783377.0,560793.0,82256.0,65746.0,98613.0,5422823.0
2022,3094,307090.0,87251.0,156030.0,63809.0,69031.0,80748.0,1193810.0
2022,3097,2735892.0,1769336.0,767768.0,198788.0,151005.0,185020.0,2161649.0
2022,3135,3582728.0,3509417.0,100176.0,-26865.0,18344.0,18344.0,1351487.0
2022,3138,1718039.0,1024215.0,597897.0,95927.0,323589.0,321398.0,3050965.0
2022,3149,2430202.0,2552312.0,274991.0,-397101.0,-315593.0,-310050.0,4363046.0
2022,3152,1465282.0,933242.0,232752.0,299288.0,275353.0,280385.0,4147202.0
2022,3162,2432268.0,2148552.0,489296.0,-205580.0,-211191.0,-171901.0,5948819.0
2022,3163,3210572.0,2415611.0,321149.0,473812.0,451583.0,456976.0,3368252.0
2022,3164,368546.0,111829.0,194747.0,61970.0,47461.0,62538.0,1695808.0
2022,3167,2370252.0,1774349.0,489302.0,106601.0,311562.0,331518.0,4841773.0
2022,3168,4921698.0,3823760.0,529961.0,566841.0,445406.0,452849.0,3891345.0
2022,3169,1335476.0,570801.0,288202.0,476473.0,415670.0,427474.0,2111044.0
2022,3184,182289.0,121198.0,74774.0,-13683.0,6353.0,7191.0,654712.0
2022,3189,41626486.0,25758171.0,5904730.0,9963585.0,7933470.0,8036344.0,72633416.0
2022,3202,4146117.0,3522636.0,723254.0,-99773.0,46631.0,100517.0,4714831.0
2022,3206,4146996.0,3326603.0,557302.0,263091.0,212115.0,230633.0,2816041.0
2022,3211,19072027.0,17374522.0,826874.0,870631.0,797416.0,1053564.0,17354015.0
2022,3217,2608378.0,1583424.0,485279.0,539675.0,610671.0,531972.0,4819780.0
2022,3219,1484271.0,692797.0,705339.0,86135.0,196938.0,237022.0,2062608.0
2022,3221,3357990.0,2429761.0,449823.0,478401.0,337364.0,241556.0,3643194.0
2022,3224,1852461.0,1637041.0,306937.0,-91517.0,-57301.0,-22401.0,3494641.0
2022,3226,2243952.0,1733310.0,230800.0,279842.0,318757.0,321074.0,2230213.0
2022,3227,5225907.0,2405685.0,2809577.0,14395.0,1037968.0,-22011.0,11283652.0
2022,3228,416014.0,103114.0,277798.0,35102.0,41655.0,42323.0,820645.0
2022,3229,819585.0,781032.0,87122.0,-48569.0,-32969.0,-35388.0,962829.0
2022,3230,973284.0,942732.0,184747.0,-149090.0,-131698.0,-120458.0,1703010.0
2022,3231,984619156.0,914890464.0,42256548.0,27472144.0,19017547.0,26774405.0,432907774.0
2022,3234,989635.0,733231.0,314932.0,-58328.0,-46094.0,-44554.0,1642463.0
2022,3236,3033092.0,2363841.0,443781.0,225470.0,208024.0,228269.0,3200671.0
2022,3257,542232.0,269723.0,195200.0,77309.0,112304.0,123872.0,1565450.0
2022,3260,34926941.0,30536995.0,3682724.0,707222.0,885587.0,1108917.0,35928311.0
2022,3264,14499155.0,8579252.0,1566947.0,4352956.0,3545699.0,3852699.0,31030184.0
2022,3265,3947152.0,2641788.0,248498.0,1056866.0,917467.0,1291407.0,7453875.0
2022,3272,6800040.0,5983255.0,509917.0,306868.0,225202.0,253289.0,6422746.0
2022,3276,1331914.0,1227528.0,82936.0,21450.0,71358.0,82379.0,1652561.0
2022,3284,797698.0,654075.0,93995.0,49628.0,35562.0,39905.0,1628682.0
2022,3290,1794873.0,1403952.0,277117.0,113804.0,116558.0,142647.0,3107483.0
2022,3293,11947999.0,474538.0,5468075.0,6005386.0,5481575.0,5226846.0,14180483.0
2022,3294,4834937.0,4351713.0,568106.0,-84882.0,-161808.0,-65734.0,5155276.0
2022,3296,2558533.0,2185698.0,469534.0,-96699.0,-66811.0,-22977.0,2520469.0
2022,3303,2808256.0,2033718.0,484098.0,290440.0,274390.0,298634.0,3129645.0
2022,3305,8418782.0,7552514.0,463582.0,402686.0,532102.0,605462.0,7897234.0
2022,3306,1218863.0,1049830.0,228726.0,-57899.0,12789.0,-179410.0,1776637.0
2022,3308,407370.0,312323.0,50459.0,44588.0,19508.0,31467.0,1958651.0
2022,3310,1545900.0,1238246.0,200219.0,107435.0,133492.0,158145.0,6124764.0
2022,3311,2025009.0,1690831.0,234685.0,99493.0,100230.0,218181.0,3258304.0
2022,3312,19346503.0,18295415.0,483643.0,567445.0,453946.0,611156.0,8287506.0
2022,3317,2613483.0,1805394.0,432983.0,375106.0,433492.0,434865.0,3429988.0
2022,3321,1669509.0,1666475.0,277314.0,-274280.0,-266501.0,-258819.0,1760112.0
2022,3322,2765882.0,2251949.0,380174.0,133759.0,155480.0,192105.0,2591564.0
2022,3323,11099590.0,10103023.0,809437.0,187130.0,220545.0,241463.0,6597174.0
2022,3324,13856991.0,11134759.0,1548933.0,1173299.0,1286665.0,1367887.0,11742741.0
2022,3338,4568318.0,3695334.0,597304.0,275680.0,267477.0,290656.0,3555466.0
2022,3339,606149.0,598335.0,81318.0,-73504.0,-24366.0,-20171.0,1036286.0
2022,3354,155441.0,144088.0,110438.0,-99085.0,-21195.0,-17267.0,1318342.0
2022,3357,5291333.0,3511808.0,760508.0,1019017.0,1038537.0,1123651.0,9251919.0
2022,3360,10118188.0,9789350.0,211637.0,117201.0,24082.0,43072.0,5104249.0
2022,3362,3662279.0,2749538.0,601145.0,311596.0,413624.0,442964.0,7205185.0
2022,3363,1620659.0,1323529.0,199988.0,97142.0,47021.0,49380.0,2177929.0
2022,3372,1223212.0,1106301.0,101799.0,15112.0,84128.0,96327.0,2370221.0
2022,3374,7731797.0,4864697.0,510485.0,2458701.0,1983736.0,1988092.0,9471786.0
2022,3376,11824698.0,9322982.0,942423.0,1559293.0,1659184.0,1736149.0,21440440.0
2022,3380,33634197.0,27380956.0,4538709.0,1714532.0,1158171.0,1524964.0,27133014.0
2022,3388,8703884.0,7156979.0,960934.0,585971.0,474545.0,594597.0,6649189.0
2022,3390,993246.0,864266.0,139790.0,-10810.0,76735.0,49618.0,1908322.0
2022,3402,4777624.0,3946351.0,344981.0,486292.0,385707.0,394652.0,6172680.0
2022,3406,19215304.0,11564951.0,3741482.0,3908871.0,3261362.0,3448516.0,38177273.0
2022,3413,14843221.0,10399687.0,1492474.0,2951060.0,2344363.0,2331748.0,19690192.0
2022,3416,2659296.0,1716454.0,446143.0,495921.0,452429.0,533584.0,3765209.0
2022,3419,1981157.0,1600946.0,372772.0,7532.0,30176.0,60283.0,2520112.0
2022,3437,2410672.0,2103304.0,480180.0,-172812.0,-142246.0,-212249.0,3220038.0
2022,3443,24039671.0,15704686.0,4236052.0,4098933.0,3710442.0,3735917.0,21187539.0
2022,3447,6006058.0,5296997.0,421893.0,287168.0,260831.0,306469.0,3985122.0
2022,3450,6775781.0,5483792.0,652017.0,608491.0,648321.0,648292.0,10169576.0
2022,3455,3149397.0,1375829.0,1022472.0,751096.0,750849.0,759661.0,5038739.0
2022,3463,3082165.0,2740057.0,327451.0,14657.0,39030.0,75799.0,2752622.0
2022,3466,1166395.0,919677.0,292440.0,-45722.0,4221.0,15315.0,1827503.0
2022,3479,7880969.0,5997445.0,1111148.0,772376.0,628778.0,735041.0,5455641.0
2022,3481,223715758.0,230621530.0,24759226.0,-31664998.0,-27914776.0,-30097718.0,383741496.0
2022,3483,7421487.0,5953472.0,1130761.0,337254.0,498698.0,532575.0,7312973.0
2022,3484,5976626.0,4802915.0,764523.0,409188.0,345941.0,514705.0,5047925.0
2022,3489,923336.0,851337.0,57048.0,14951.0,24307.0,24307.0,3937141.0
2022,3491,1837665.0,1086769.0,458427.0,292469.0,324570.0,269366.0,3451311.0
2022,3494,540303.0,552178.0,323009.0,-334884.0,-354587.0,-365062.0,2163075.0
2022,3498,1740809.0,1294787.0,511489.0,-65467.0,101894.0,102945.0,3823826.0
2022,3499,327505.0,245413.0,141137.0,-59045.0,-4078.0,4090.0,1097769.0
2022,3501,6159487.0,4750863.0,674554.0,734070.0,759540.0,880085.0,8683125.0
2022,3504,4683503.0,3874230.0,791265.0,18008.0,66371.0,128721.0,5566258.0
2022,3508,1207072.0,1150990.0,262222.0,-206140.0,-209771.0,-186879.0,2866133.0
2022,3511,4231024.0,3317423.0,481974.0,431627.0,361317.0,375293.0,3548547.0
2022,3512,2241593.0,1653223.0,208720.0,379650.0,326056.0,339970.0,6097770.0
2022,3515,17120919.0,13420362.0,2515507.0,1185050.0,1226800.0,1654040.0,14767814.0
2022,3516,961408.0,807838.0,149909.0,3661.0,60015.0,64288.0,2402444.0
2022,3518,457220.0,343880.0,164622.0,-51282.0,24221.0,45331.0,1779241.0
2022,3520,1003670.0,846488.0,136029.0,21153.0,107307.0,110233.0,1444116.0
2022,3523,151358.0,173737.0,116599.0,-138978.0,-125580.0,-141340.0,1289906.0
2022,3526,2309878.0,1238252.0,494205.0,577421.0,554086.0,586699.0,4096064.0
2022,3529,3216711.0,0.0,1363293.0,1853418.0,1604141.0,1601168.0,3898111.0
2022,3531,2240839.0,1863696.0,271426.0,105717.0,184344.0,211883.0,2780086.0
2022,3532,16392965.0,10216500.0,991742.0,5184723.0,4821749.0,4840314.0,36008044.0
2022,3533,27099134.0,15161454.0,4668794.0,7268886.0,6406412.0,6752184.0,33295640.0
2022,3535,1477429.0,883696.0,363731.0,230002.0,282981.0,283966.0,2078728.0
2022,3537,2812393.0,2412625.0,190403.0,212785.0,236592.0,253500.0,2033741.0
2022,3541,1960777.0,1187717.0,472555.0,300505.0,297643.0,303483.0,2202537.0
2022,3543,3045899.0,2675760.0,420681.0,-50542.0,-56151.0,18479.0,4576072.0
2022,3545,12949902.0,11667224.0,3575920.0,-2293242.0,-1928895.0,-1661829.0,20797185.0
2022,3548,7020608.0,5616626.0,951282.0,452700.0,473968.0,518395.0,9052832.0
2022,3550,4166649.0,3549042.0,671928.0,-54321.0,-24634.0,23051.0,4449224.0
2022,3551,2392764.0,1503823.0,443154.0,445787.0,363156.0,395423.0,4790235.0
2022,3552,9503244.0,7457186.0,1376473.0,676451.0,617783.0,690550.0,10200541.0
2022,3556,1418990.0,653085.0,397070.0,368835.0,326550.0,331609.0,1757711.0
2022,3563,2102302.0,888114.0,580626.0,633562.0,591776.0,593587.0,3961386.0
2022,3564,2463236.0,1793565.0,457344.0,212327.0,153743.0,155377.0,2959649.0
2022,3576,18808051.0,16665854.0,1403026.0,739171.0,938747.0,1331572.0,34229951.0
2022,3577,1223145.0,502607.0,443264.0,280233.0,231346.0,227938.0,1680499.0
2022,3583,5649986.0,3559735.0,1373988.0,710298.0,568583.0,551026.0,14619869.0
2022,3585,403344.0,415444.0,98996.0,-121156.0,-156178.0,-104314.0,1596905.0
2022,3588,1631877.0,968729.0,508104.0,155044.0,152363.0,158650.0,1892402.0
2022,3591,1841983.0,1379419.0,419003.0,43561.0,33843.0,70851.0,3833256.0
2022,3592,22822164.0,13585483.0,5599580.0,3637101.0,3862336.0,3768587.0,21573660.0
2022,3593,923895.0,878952.0,114548.0,-69605.0,-92703.0,-79929.0,1419076.0
2022,3594,1801055.0,1259426.0,409053.0,129944.0,128542.0,151273.0,3682779.0
2022,3596,47167749.0,40581732.0,4386229.0,2199788.0,1915053.0,2199034.0,40020527.0
2022,3607,2857787.0,2862422.0,434135.0,-438770.0,-258903.0,-218319.0,3416526.0
2022,3615,1130837.0,904508.0,197277.0,29052.0,51150.0,103229.0,3394566.0
2022,3622,1545646.0,1137404.0,207620.0,200622.0,433870.0,561162.0,6281860.0
2022,3624,3161885.0,2083531.0,439514.0,638840.0,588177.0,595790.0,4082211.0
2022,3625,1467651.0,1292884.0,311088.0,-136321.0,-492767.0,-479086.0,3681051.0
2022,3630,1598667.0,1575100.0,743295.0,-719728.0,-456874.0,-463339.0,6877571.0
2022,3631,123994.0,121105.0,75293.0,-72404.0,-53889.0,-14513.0,2862045.0
2022,3645,1889360.0,1408388.0,343434.0,137538.0,136257.0,140392.0,5211377.0
2022,3652,2350259.0,1587387.0,661891.0,100981.0,91437.0,109930.0,2500868.0
2022,3653,12031894.0,7706052.0,1291782.0,3034060.0,2656292.0,2479749.0,15777273.0
2022,3656,735081.0,581890.0,196098.0,-42907.0,-57092.0,-56910.0,1219946.0
2022,3659,2058253.0,1709324.0,223473.0,125456.0,114282.0,116448.0,1870591.0
2022,3663,2527367.0,2299543.0,142938.0,84886.0,82003.0,89007.0,1831763.0
2022,3666,953035.0,1066008.0,163521.0,-276494.0,-304706.0,-317422.0,1139357.0
2022,3669,3009671.0,1434166.0,1283909.0,291596.0,332759.0,198085.0,4067993.0
2022,3679,3927929.0,2996260.0,475151.0,456518.0,709643.0,789990.0,8897815.0
2022,3680,4494031.0,2303716.0,1098012.0,1092303.0,1027329.0,887646.0,12233424.0
2022,3685,1551319.0,1334455.0,262573.0,-45709.0,-55979.0,-61517.0,2654520.0
2022,3686,44378.0,45539.0,28695.0,-29856.0,-30815.0,-30815.0,743306.0
2022,3688,162918.0,319161.0,201434.0,-565175.0,-491066.0,-490771.0,1676048.0
2022,3691,5654845.0,5161433.0,932511.0,-439099.0,-572031.0,-700466.0,12211840.0
2022,3694,10069943.0,8828337.0,954466.0,287140.0,295122.0,501994.0,5641372.0
2022,3707,8879881.0,7143887.0,633438.0,1102556.0,1106087.0,1098037.0,12848506.0
2022,4105,5061606.0,2040108.0,1793158.0,1227957.0,1103090.0,1236629.0,9600635.0
2022,4108,135465.0,78433.0,213696.0,-156664.0,-114723.0,-111958.0,2364628.0
2022,4109,317716.0,201208.0,130190.0,-13682.0,-6443.0,-10958.0,1003959.0
2022,4111,1143073.0,720565.0,268673.0,153835.0,154006.0,178393.0,1800527.0
2022,4114,4386364.0,2559720.0,1365938.0,452761.0,618885.0,626858.0,11202516.0
2022,4115,1053557.0,913034.0,124722.0,15801.0,13318.0,16300.0,1425477.0
2022,4117,370459.0,198606.0,212724.0,-40871.0,-53817.0,-41590.0,1550572.0
2022,4119,899738.0,608559.0,172209.0,118970.0,308780.0,299910.0,4960539.0
2022,4120,4730455.0,2698162.0,2181829.0,-149536.0,-295368.0,73033.0,10430304.0
2022,4123,767722.0,361454.0,334670.0,284120.0,-575621.0,-193197.0,25187646.0
2022,4126,2184934.0,1596964.0,233475.0,354495.0,331397.0,337795.0,3645732.0
2022,4128,1721848.0,1030553.0,970966.0,-278854.0,152424.0,78650.0,15090775.0
2022,4129,3168680.0,805697.0,2014134.0,341582.0,223581.0,274307.0,5615523.0
2022,4130,438759.0,283889.0,168760.0,-13890.0,-12323.0,19076.0,1564428.0
2022,4133,411756.0,210327.0,137003.0,64426.0,74843.0,108093.0,1374829.0
2022,4142,2251624.0,1360542.0,797515.0,93567.0,146216.0,124031.0,9148531.0
2022,4147,563008.0,347297.0,407567.0,-191856.0,-269289.0,-249153.0,4101112.0
2022,4150,825443.0,806411.0,209781.0,-190749.0,-253628.0,-251605.0,1648747.0
2022,4153,949204.0,683073.0,180842.0,84830.0,49661.0,51467.0,1251798.0
2022,4161,767753.0,590289.0,137986.0,39478.0,47028.0,37769.0,1515231.0
2022,4166,511859.0,356510.0,197085.0,-41736.0,-28759.0,-25996.0,1847577.0
2022,4167,1265749.0,1134759.0,225245.0,-94255.0,36310.0,36310.0,4408776.0
2022,4171,750017.0,259947.0,248727.0,241343.0,217487.0,223541.0,1621901.0
2022,4186,318237.0,125657.0,184968.0,7612.0,3170.0,3190.0,706773.0
2022,4188,61630.0,23584.0,102343.0,-64297.0,-54343.0,-60069.0,553862.0
2022,4195,419003.0,282994.0,169526.0,-33517.0,71596.0,40592.0,1119732.0
2022,4205,1841712.0,1113088.0,287698.0,440926.0,352728.0,354209.0,2288016.0
2022,4303,325363.0,263655.0,44458.0,17250.0,-41198.0,-40092.0,1441943.0
2022,4305,909733.0,726568.0,73183.0,109982.0,146870.0,150873.0,1223817.0
2022,4306,14671393.0,12079984.0,1541144.0,1050265.0,1128251.0,1217651.0,29518408.0
2022,4401,4099883.0,3659299.0,280010.0,160574.0,172300.0,205980.0,5982993.0
2022,4406,570080.0,545868.0,28714.0,-4502.0,20591.0,67107.0,866496.0
2022,4414,17289008.0,15452452.0,4278314.0,-2441758.0,-4364127.0,-3977919.0,15185726.0
2022,4417,3266960.0,2302618.0,427587.0,536755.0,401758.0,476585.0,4834262.0
2022,4426,1398219.0,1274049.0,282761.0,-158591.0,-79481.0,-29867.0,4906314.0
2022,4427,4050202.0,3735115.0,244325.0,70762.0,44770.0,85387.0,5765307.0
2022,4430,2071643.0,1666612.0,465184.0,-60153.0,9440.0,74945.0,3859651.0
2022,4432,1540608.0,1203483.0,197889.0,139236.0,172263.0,178876.0,1528990.0
2022,4433,3217811.0,2549291.0,527180.0,141340.0,116932.0,144084.0,5306601.0
2022,4440,1511357.0,1191886.0,74286.0,245185.0,196117.0,199975.0,2256120.0
2022,4441,7711623.0,5934230.0,632346.0,1145047.0,1122713.0,1134590.0,5546322.0
2022,4502,1479315.0,1260707.0,217905.0,703.0,-24284.0,-9442.0,2582846.0
2022,4503,175343.0,195396.0,41151.0,-61204.0,-37403.0,-22157.0,759368.0
2022,4506,4739507.0,3334082.0,547970.0,857455.0,847811.0,775974.0,9025178.0
2022,4510,2050389.0,1639827.0,357895.0,52667.0,46593.0,-99275.0,4688754.0
2022,4513,1610552.0,1206683.0,388533.0,15336.0,-22995.0,9842.0,2473224.0
2022,4526,8268841.0,6444733.0,1660991.0,163117.0,142842.0,145708.0,14903744.0
2022,4527,3032863.0,2328135.0,480230.0,224498.0,206165.0,244172.0,3192336.0
2022,4528,2430894.0,1978908.0,335047.0,116939.0,180081.0,215266.0,4408148.0
2022,4529,2905.0,8241.0,19030.0,-24366.0,24482.0,-649835.0,556495.0
2022,4532,18370990.0,16125298.0,1663547.0,582145.0,702382.0,869653.0,23940150.0
2022,4533,3548578.0,2705329.0,873176.0,-29927.0,28744.0,96038.0,6220410.0
2022,4534,872566.0,841138.0,190829.0,-159401.0,-148278.0,-142295.0,1497976.0
2022,4535,3141305.0,2532909.0,231704.0,376692.0,306478.0,360380.0,3312029.0
2022,4536,10965309.0,7083503.0,1340334.0,2541472.0,2422011.0,2717927.0,16216263.0
2022,4537,2694585.0,1707536.0,806052.0,180997.0,381572.0,400515.0,4315228.0
2022,4538,607632.0,466902.0,45586.0,95144.0,80176.0,80719.0,1004258.0
2022,4540,3374243.0,2436720.0,559723.0,377800.0,284011.0,289812.0,8055340.0
2022,4541,1368725.0,1155105.0,143415.0,70205.0,121994.0,126948.0,4114492.0
2022,4543,964079.0,709281.0,118372.0,136426.0,139710.0,130116.0,2431831.0
2022,4544,1270675.0,917588.0,235156.0,117931.0,110989.0,128131.0,1984793.0
2022,4545,2275017.0,1789795.0,318466.0,166756.0,161828.0,238833.0,3280554.0
2022,4549,1433036.0,664327.0,416285.0,352424.0,324433.0,338528.0,2262402.0
2022,4558,1960668.0,1793643.0,83446.0,83579.0,60802.0,60802.0,2127360.0
2022,4559,1474457.0,1178597.0,241775.0,54085.0,51413.0,70741.0,2026400.0
2022,4561,1115201.0,886549.0,103655.0,124997.0,113028.0,107760.0,2396346.0
2022,4562,762235.0,526333.0,301369.0,-65452.0,-14064.0,-1511.0,2473551.0
2022,4563,2583957.0,1930012.0,589564.0,64381.0,108881.0,181933.0,3908848.0
2022,4564,1891491.0,1648810.0,183771.0,58910.0,55802.0,55858.0,7910882.0
2022,4566,4986366.0,3853854.0,724774.0,407738.0,422850.0,441605.0,8029850.0
2022,4576,3228380.0,2111993.0,737831.0,378556.0,392481.0,376648.0,5864245.0
2022,4577,1562668.0,1106038.0,291431.0,165199.0,129303.0,133049.0,2301707.0
2022,4583,3429784.0,1689202.0,586395.0,1154187.0,1124094.0,1124094.0,10984291.0
2022,4585,1391762.0,705590.0,586691.0,99481.0,143550.0,144205.0,2220104.0
2022,4590,1974879.0,1570206.0,380227.0,24446.0,24125.0,24251.0,5450361.0
2022,4702,1030526.0,958218.0,67814.0,4494.0,118460.0,115908.0,1459704.0
2022,4706,1219850.0,1023020.0,161966.0,34864.0,50832.0,60898.0,1643769.0
2022,4711,1134234.0,1084967.0,76401.0,-27134.0,-19191.0,-14638.0,1270692.0
2022,4714,888893.0,758898.0,171765.0,-41770.0,-157850.0,-348087.0,5985938.0
2022,4716,664465.0,573718.0,130495.0,-39748.0,-13500.0,-9530.0,1703759.0
2022,4720,3655955.0,3012746.0,597049.0,46203.0,25362.0,56534.0,3310971.0
2022,4721,5271498.0,4760738.0,142482.0,361964.0,381325.0,404772.0,2503063.0
2022,4722,4224680.0,3462414.0,433475.0,328791.0,315043.0,342582.0,4551642.0
2022,4726,732276.0,845948.0,331323.0,-444995.0,-453631.0,-457548.0,4452998.0
2022,4728,1400074.0,207274.0,424804.0,767996.0,533832.0,541338.0,1793275.0
2022,4729,1366784.0,1084986.0,219150.0,62648.0,65320.0,264564.0,3325276.0
2022,4736,9626805.0,3980489.0,1505795.0,4140521.0,3469007.0,3493627.0,12902142.0
2022,4737,2210589.0,1206463.0,872709.0,131417.0,91820.0,108243.0,4983061.0
2022,4738,288214.0,222819.0,68781.0,-3386.0,5464.0,6417.0,351667.0
2022,4739,9081621.0,8057095.0,441691.0,582835.0,530100.0,538623.0,11304610.0
2022,4743,1065554.0,221160.0,1085841.0,-241447.0,351897.0,316974.0,15580385.0
2022,4744,902832.0,505778.0,407186.0,-10132.0,56255.0,86347.0,2134973.0
2022,4749,2274422.0,1551369.0,428061.0,295186.0,403500.0,454562.0,4071463.0
2022,4755,5618600.0,4116036.0,572742.0,929822.0,849581.0,944082.0,7221260.0
2022,4764,2806070.0,2392336.0,383429.0,30305.0,60221.0,90203.0,4791704.0
2022,4766,22004313.0,16716776.0,3463162.0,1824375.0,1862728.0,123903.0,24745783.0
2022,4770,6138088.0,3372749.0,633134.0,2132205.0,1776017.0,1799422.0,9528856.0
2022,4771,1834321.0,1136893.0,331342.0,366086.0,316650.0,324199.0,3209809.0
2022,4772,532279.0,268412.0,83219.0,180648.0,207974.0,207974.0,1800828.0
2022,4773,3864252.0,3227866.0,342622.0,293764.0,248148.0,246918.0,1998622.0
2022,4903,819082.0,732294.0,149347.0,-62559.0,-93958.0,-93574.0,1140433.0
2022,4906,27899990.0,25034716.0,2136917.0,728357.0,746050.0,1356874.0,24830539.0
2022,4908,884788.0,488539.0,166014.0,230235.0,260908.0,260354.0,1883699.0
2022,4909,494660.0,564046.0,92513.0,-161899.0,-54765.0,-37592.0,2536719.0
2022,4911,64607.0,25253.0,33868.0,5486.0,7381.0,7381.0,782775.0
2022,4915,79240765.0,68256490.0,7639502.0,3344773.0,2868961.0,3410228.0,47264061.0
2022,4916,2776680.0,2318545.0,369217.0,88918.0,99513.0,273512.0,3530730.0
2022,4919,41872426.0,24378097.0,13016420.0,4477909.0,4220773.0,4110058.0,36851740.0
2022,4925,779089.0,484779.0,536733.0,-242423.0,-140966.0,-139273.0,1576806.0
2022,4931,2748882.0,2287307.0,294469.0,167106.0,189684.0,198916.0,1885770.0
2022,4933,2292251.0,1775365.0,304488.0,212398.0,287452.0,262678.0,4176867.0
2022,4934,2221436.0,2061577.0,333000.0,-246699.0,-36735.0,18940.0,3403195.0
2022,4938,1317599154.0,1260315734.0,31898648.0,25384772.0,21162959.0,34946635.0,636222787.0
2022,4939,1647874.0,1287331.0,247330.0,113213.0,34415.0,70410.0,2874737.0
2022,4942,7838687.0,6167580.0,819849.0,851258.0,643709.0,806437.0,10768155.0
2022,4949,5597815.0,4020817.0,987186.0,589812.0,512608.0,528035.0,2868816.0
2022,4952,3169374.0,1724457.0,814338.0,630572.0,579378.0,586458.0,3307028.0
2022,4956,1194713.0,1086317.0,225266.0,-103547.0,-72302.0,-71954.0,3005344.0
2022,4960,9499682.0,8722582.0,761068.0,16032.0,462118.0,424619.0,15065360.0
2022,4961,19680425.0,12535400.0,3276205.0,3868820.0,3269185.0,3433117.0,25455457.0
2022,4967,6723053.0,6097392.0,676550.0,-50889.0,469.0,704.0,4348751.0
2022,4972,913801.0,616295.0,211067.0,86439.0,52394.0,60319.0,1318409.0
2022,4976,1137405.0,1216485.0,132615.0,-211695.0,-127026.0,-127026.0,3342910.0
2022,4979,1318546.0,921760.0,123277.0,273509.0,270795.0,80991.0,2072552.0
2022,4985,1335778.0,988715.0,168461.0,178602.0,237666.0,262346.0,2176655.0
2022,4989,4047957.0,3762416.0,151951.0,133590.0,202994.0,151027.0,3091029.0
2022,4999,2255701.0,1806425.0,349758.0,99518.0,205462.0,221475.0,4203104.0
2022,5007,7165036.0,5285889.0,613437.0,1265710.0,1093572.0,1119772.0,8575740.0
2022,5009,12365317.0,8409687.0,1540669.0,2414961.0,2098015.0,2115412.0,25258995.0
2022,5011,4816929.0,4366407.0,216314.0,234208.0,259204.0,196556.0,4169843.0
2022,5013,9033709.0,7592413.0,509577.0,931719.0,697658.0,745348.0,8355977.0
2022,5014,19068496.0,17798099.0,657198.0,613199.0,387429.0,477339.0,8748150.0
2022,5015,2731422.0,1834508.0,283201.0,613713.0,573695.0,599612.0,2493433.0
2022,5210,309555.0,86692.0,237331.0,-14468.0,-12292.0,527.0,886192.0
2022,5222,1034660.0,469871.0,199920.0,364869.0,249469.0,251753.0,2396979.0
2022,5233,757938.0,1199156.0,184957.0,-626175.0,-741456.0,-569650.0,11862554.0
2022,5234,3889236.0,2643158.0,808038.0,438040.0,426120.0,426114.0,4500087.0
2022,5236,1541720.0,597308.0,507290.0,437122.0,373317.0,373515.0,2920713.0
2022,5258,7399996.0,5082436.0,1290484.0,1027076.0,805315.0,851820.0,6370643.0
2022,5272,509302.0,230365.0,260199.0,18738.0,48244.0,43822.0,1283728.0
2022,5277,617764.0,579795.0,151636.0,-113667.0,-94031.0,-94046.0,1019781.0
2022,5283,6840370.0,4668480.0,1434643.0,737247.0,745237.0,745768.0,5937593.0
2022,5285,6274400.0,5323266.0,508680.0,442454.0,416726.0,447124.0,5531806.0
2022,5299,2334541.0,1381654.0,321098.0,631789.0,569739.0,570785.0,2742489.0
2022,5309,3404355.0,2599804.0,500429.0,304122.0,338499.0,339523.0,3569361.0
2022,5315,1948681.0,1538190.0,180412.0,230079.0,253089.0,154342.0,2035941.0
2022,5328,1059379.0,856345.0,196437.0,6597.0,74960.0,-48414.0,2408480.0
2022,5340,1334967.0,1156967.0,111495.0,66505.0,84269.0,86438.0,2181578.0
2022,5344,267397.0,255139.0,45553.0,-33295.0,-18124.0,-37509.0,629862.0
2022,5347,51694310.0,27770570.0,6116773.0,17806967.0,15280388.0,17731423.0,100939919.0
2022,5351,4684589.0,3484313.0,1179613.0,83186.0,74200.0,64925.0,8224425.0
2022,5353,1912267.0,1471504.0,287428.0,153335.0,135973.0,132331.0,1998074.0
2022,5355,490883.0,558130.0,85016.0,-152263.0,-68344.0,-63659.0,1462916.0
2022,5356,3709745.0,3452524.0,241312.0,15909.0,-64604.0,54849.0,5931290.0
2022,5371,49783157.0,40328961.0,7303574.0,2150622.0,2413434.0,1942632.0,55857815.0
2022,5381,323262.0,234778.0,97139.0,-8655.0,17325.0,92184.0,886201.0
2022,5388,64573720.0,55954909.0,6201195.0,2417616.0,1908521.0,1985780.0,44275617.0
2022,5392,10518257.0,8914462.0,1587521.0,16274.0,26458.0,220961.0,15364459.0
2022,5425,15687134.0,10337968.0,2558645.0,2790521.0,2176915.0,2478073.0,18216819.0
2022,5426,2067562.0,1708634.0,252142.0,106786.0,164711.0,198399.0,3042001.0
2022,5434,52978215.0,46452851.0,3295805.0,3229851.0,3075175.0,3020079.0,29880275.0
2022,5438,1722767.0,1466262.0,303799.0,-47294.0,64384.0,-99789.0,3018542.0
2022,5439,3224578.0,2644860.0,200079.0,379639.0,370245.0,366211.0,3823633.0
2022,5443,4733976.0,3327248.0,983894.0,422834.0,492215.0,426907.0,7896361.0
2022,5450,3082227.0,2262133.0,680180.0,139914.0,177619.0,262852.0,3403057.0
2022,5452,6338015.0,5762027.0,413266.0,162722.0,105050.0,160862.0,3967202.0
2022,5455,599515.0,487024.0,55982.0,56509.0,59734.0,50919.0,3417005.0
2022,5457,19259280.0,15254464.0,2337760.0,1667056.0,1576200.0,1757334.0,22330215.0
2022,5460,386191.0,315422.0,101073.0,-30316.0,-19933.0,-14336.0,848224.0
2022,5464,1379800.0,1337831.0,110376.0,-68407.0,287600.0,290921.0,5545753.0
2022,5465,4284612.0,3626630.0,323857.0,334125.0,342832.0,375919.0,4110376.0
2022,5469,47687936.0,38323922.0,3986080.0,5377934.0,4635381.0,1790655.0,75861223.0
2022,5471,3354067.0,1790834.0,1005024.0,558209.0,578568.0,445391.0,4173812.0
2022,5475,669516.0,766187.0,179018.0,-275689.0,-362189.0,93715.0,2188931.0
2022,5481,93153.0,40956.0,72491.0,-20294.0,-10133.0,-10078.0,1667584.0
2022,5483,81871496.0,49942234.0,6529448.0,25399814.0,16160497.0,15461352.0,196609390.0
2022,5484,332309.0,237581.0,145446.0,-50718.0,-79939.0,-81198.0,884188.0
2022,5488,1206365.0,1061425.0,135778.0,9162.0,18084.0,35397.0,1562933.0
2022,5490,1404426.0,913513.0,382385.0,108528.0,-165474.0,-151301.0,2040269.0
2022,5498,1453993.0,1402438.0,149430.0,-97875.0,3166.0,123256.0,4093228.0
2022,5902,2193460.0,1704397.0,262818.0,226245.0,183825.0,184224.0,1558822.0
2022,6104,3243770.0,1731482.0,1072825.0,439463.0,414773.0,418036.0,3422595.0
2022,6108,6954943.0,6444508.0,653137.0,-142702.0,34874.0,211671.0,8757779.0
2022,6109,1324755.0,1007151.0,256348.0,61256.0,66862.0,72179.0,1328479.0
2022,6113,2220206.0,2040090.0,131528.0,48588.0,76481.0,78469.0,1097485.0
2022,6115,7253175.0,6030387.0,534715.0,688073.0,799328.0,909746.0,8804545.0
2022,6117,2397664.0,1924111.0,461743.0,11810.0,47193.0,66537.0,3540425.0
2022,6120,14465590.0,14493310.0,1121634.0,-1149354.0,125664.0,114536.0,18182890.0
2022,6121,95624139.0,80297761.0,4814181.0,10512197.0,8692909.0,8979592.0,74971425.0
2022,6122,2458496.0,2238703.0,84507.0,135286.0,129011.0,132985.0,3718268.0
2022,6124,2092487.0,1837928.0,252282.0,2277.0,84281.0,114502.0,5168724.0
2022,6125,5359208.0,4361125.0,945058.0,53025.0,443750.0,496986.0,11094988.0
2022,6126,3892540.0,2877544.0,675268.0,339728.0,295955.0,342115.0,4252776.0
2022,6127,783512.0,614529.0,299766.0,-130783.0,-33476.0,-14230.0,3442140.0
2022,6128,5703207.0,3482363.0,1719793.0,501051.0,678609.0,953736.0,7822125.0
2022,6129,1948855.0,1254555.0,555633.0,138667.0,168182.0,241340.0,2743646.0
2022,6133,1384911.0,1110443.0,192960.0,81508.0,90895.0,-2041.0,2075355.0
2022,6134,1445754.0,1201735.0,360368.0,-116349.0,-72038.0,-177929.0,1721520.0
2022,6138,6381606.0,3755693.0,1255944.0,1379962.0,1217313.0,1222131.0,6063687.0
2022,6139,35738886.0,33001985.0,1119722.0,1617179.0,1284023.0,1573182.0,49018242.0
2022,6141,3068065.0,2642404.0,538898.0,-113237.0,-163280.0,-104058.0,6898009.0
2022,6142,3379117.0,3088896.0,380102.0,-89881.0,94973.0,103607.0,5603611.0
2022,6143,6269563.0,5072598.0,772639.0,424326.0,466465.0,542712.0,7771994.0
2022,6147,24010157.0,16176684.0,1956179.0,5877294.0,6208691.0,3625909.0,50956530.0
2022,6151,1701587.0,1356258.0,216962.0,128367.0,103333.0,129338.0,1659994.0
2022,6152,3939834.0,3347684.0,569022.0,23128.0,139053.0,159530.0,3169359.0
2022,6153,14742461.0,13015136.0,1547573.0,179752.0,445223.0,78240.0,25234165.0
2022,6155,770147.0,565133.0,134897.0,70117.0,190616.0,183345.0,2333957.0
2022,6156,4188583.0,3661438.0,383259.0,143886.0,228455.0,251019.0,4289584.0
2022,6158,1955263.0,1460561.0,466720.0,27982.0,63824.0,131805.0,2124584.0
2022,6160,1257962.0,785885.0,445553.0,26524.0,31194.0,43477.0,1372695.0
2022,6161,1778621.0,1167359.0,334398.0,276864.0,262224.0,319563.0,1824346.0
2022,6163,6094449.0,4870347.0,1106562.0,117540.0,138097.0,92872.0,5328424.0
2022,6164,885678.0,658569.0,269985.0,-42876.0,62292.0,83498.0,1732934.0
2022,6166,11718175.0,7465205.0,3635601.0,616405.0,805396.0,914302.0,13595881.0
2022,6167,2153753.0,1765828.0,220830.0,167095.0,249034.0,267923.0,2347604.0
2022,6168,2469709.0,1717206.0,472638.0,279865.0,397332.0,166045.0,4076565.0
2022,6173,4142386.0,3176547.0,349239.0,616600.0,489645.0,348488.0,8732754.0
2022,6174,719562.0,411868.0,151027.0,156667.0,153027.0,148740.0,911112.0
2022,6175,3844247.0,2880206.0,313821.0,650220.0,572952.0,627381.0,6089985.0
2022,6176,58700962.0,47021980.0,3638965.0,8225954.0,6726974.0,6948759.0,65707513.0
2022,6182,12677431.0,7510616.0,1833061.0,3333754.0,3003291.0,3169207.0,28768443.0
2022,6185,589576.0,392018.0,214593.0,-17035.0,43865.0,107324.0,2575043.0
2022,6187,2248713.0,1171181.0,612636.0,464896.0,499039.0,408377.0,4164735.0
2022,6188,12118494.0,9381968.0,1643952.0,1092574.0,1120077.0,1340349.0,14051547.0
2022,6189,28073205.0,25891565.0,1245280.0,936360.0,885907.0,869686.0,14424327.0
2022,6190,9028285.0,7450220.0,869760.0,708305.0,538070.0,643646.0,6307459.0
2022,6194,1218325.0,1169834.0,97388.0,-48897.0,6860.0,90270.0,2026331.0
2022,6196,50366704.0,44980634.0,2519820.0,2866250.0,2149807.0,2241520.0,35327058.0
2022,6197,4339428.0,3239329.0,721761.0,378338.0,445338.0,419146.0,4604182.0
2022,6198,3690.0,671.0,25162.0,-22143.0,-19295.0,-19217.0,520826.0
2022,6201,3007723.0,2318687.0,387667.0,301369.0,332089.0,374168.0,3411534.0
2022,6202,6015968.0,2929773.0,1812472.0,1231897.0,1132307.0,885683.0,6819996.0
2022,6205,1873163.0,1194979.0,353379.0,324805.0,321904.0,225502.0,3225507.0
2022,6206,5544225.0,3561484.0,876063.0,1106678.0,1020202.0,1044944.0,6110172.0
2022,6207,1386770.0,935626.0,286546.0,164598.0,150538.0,315550.0,3972358.0
2022,6208,3907642.0,2403648.0,875156.0,629782.0,566754.0,577113.0,6776153.0
2022,6209,3581478.0,3266974.0,421147.0,-106643.0,64944.0,125101.0,4578744.0
2022,6213,29129710.0,25189807.0,2043484.0,1896419.0,1855173.0,2094239.0,33383609.0
2022,6215,1803500.0,1273268.0,325789.0,204443.0,213441.0,161749.0,1894977.0
2022,6216,899288.0,483275.0,282000.0,134013.0,175834.0,171216.0,1881296.0
2022,6217,3277764.0,2253287.0,871827.0,152650.0,161766.0,183774.0,4856476.0
2022,6220,11670625.0,9383808.0,2657299.0,-370482.0,804171.0,1111473.0,10100602.0
2022,6223,7439175.0,4031096.0,2165076.0,1243003.0,1212262.0,1212887.0,10902931.0
2022,6224,2942851.0,2433974.0,694540.0,-185663.0,-106195.0,1088.0,4585015.0
2022,6226,938296.0,692091.0,269983.0,-23778.0,3679.0,12287.0,2581565.0
2022,6230,11897939.0,9721629.0,1377397.0,798913.0,613158.0,742992.0,11731910.0
2022,6233,438323.0,262621.0,176665.0,-963.0,40041.0,48082.0,1178157.0
2022,6234,1335168.0,1112506.0,58726.0,163936.0,183635.0,184730.0,4308002.0
2022,6235,4157080.0,3021969.0,765652.0,369459.0,323042.0,385028.0,6084238.0
2022,6237,725544.0,587383.0,302895.0,-164734.0,-126662.0,-122603.0,1836561.0
2022,6239,83926735.0,66550715.0,4928003.0,12448017.0,10751849.0,10938082.0,118969138.0
2022,6244,5359978.0,4666071.0,357212.0,336695.0,272317.0,282693.0,9569237.0
2022,6245,9819086.0,6823601.0,1806394.0,1189091.0,1003208.0,1074037.0,9055109.0
2022,6248,6630495.0,6230973.0,167213.0,232309.0,177129.0,177129.0,2182378.0
2022,6257,18694345.0,13165811.0,1701852.0,3826682.0,3513949.0,3438319.0,37569354.0
2022,6261,4600042.0,2978449.0,710262.0,1043572.0,890041.0,811028.0,8679966.0
2022,6263,1720031.0,994453.0,212024.0,513554.0,438263.0,439737.0,1994915.0
2022,6265,1250708.0,1217517.0,65572.0,-32381.0,8824.0,8777.0,1568628.0
2022,6266,3294689.0,2705401.0,200264.0,389024.0,329426.0,338692.0,3187863.0
2022,6269,40070122.0,33247051.0,3292737.0,3530334.0,3521557.0,3677418.0,46120668.0
2022,6270,4606554.0,4203214.0,232147.0,171193.0,166729.0,257921.0,2633430.0
2022,6271,14071591.0,9066256.0,1339704.0,3665631.0,3140942.0,3323878.0,34262737.0
2022,6272,2720043.0,2128405.0,505589.0,86181.0,93141.0,100254.0,2999511.0
2022,6275,3641619.0,2979538.0,488891.0,173190.0,194421.0,210082.0,2976111.0
2022,6277,5403167.0,2239803.0,2312662.0,850702.0,732891.0,780502.0,7350454.0
2022,6278,68454595.0,59623639.0,3018858.0,5812098.0,4052342.0,5530960.0,55171489.0
2022,6279,6526749.0,4561586.0,927415.0,1037748.0,1002275.0,1068885.0,10972206.0
2022,6282,25321167.0,20969688.0,3689050.0,662429.0,675012.0,552652.0,33864236.0
2022,6283,1730735.0,1608088.0,307137.0,-184490.0,-92250.0,-83630.0,2962431.0
2022,6284,6287071.0,4733726.0,1039643.0,513702.0,590580.0,474088.0,10539977.0
2022,6285,95257451.0,83662736.0,8357082.0,3237633.0,3121720.0,3352869.0,65877947.0
2022,6287,1787744.0,1482500.0,73452.0,231792.0,244085.0,246892.0,2053568.0
2022,6288,3825456.0,3217297.0,736401.0,-128242.0,16503.0,61556.0,5715071.0
2022,6290,7787768.0,6351293.0,877412.0,687891.0,831035.0,959427.0,8345678.0
2022,6405,374958.0,328189.0,112370.0,-65601.0,4454.0,-101997.0,2770084.0
2022,6407,1912974.0,1653536.0,217107.0,42331.0,21558.0,34690.0,2193414.0
2022,6409,22724596.0,15587926.0,1848903.0,5287767.0,4432890.0,4525972.0,16040730.0
2022,6411,2811260.0,1691655.0,764679.0,354926.0,431899.0,434487.0,5700992.0
2022,6412,41066110.0,33437239.0,3711395.0,3917476.0,3246597.0,3375597.0,27416260.0
2022,6414,108228533.0,88617581.0,16527888.0,3083064.0,10207615.0,11982018.0,119164813.0
2022,6416,4982672.0,3860631.0,619472.0,502569.0,452533.0,464750.0,5299466.0
2022,6434,1171236.0,1114196.0,91598.0,-34558.0,-22829.0,-22829.0,4054960.0
2022,6438,5761799.0,4120733.0,797679.0,843387.0,666333.0,678371.0,7908187.0
2022,6441,581314.0,480357.0,167342.0,-66385.0,-1040.0,-1117.0,1825404.0
2022,6443,9005063.0,8328524.0,406657.0,247815.0,189650.0,191515.0,11308050.0
2022,6449,2488694.0,1839740.0,376944.0,272010.0,338432.0,387036.0,4918351.0
2022,6472,10494470.0,7581695.0,990599.0,1922176.0,1401525.0,1464553.0,22761215.0
2022,6477,3268549.0,2793654.0,113731.0,361164.0,228366.0,221939.0,8240171.0
2022,6488,70286871.0,39945282.0,5358576.0,24983013.0,15367386.0,15003433.0,169495978.0
2022,6492,1000.0,495.0,356620.0,-356115.0,-349632.0,-343050.0,1654885.0
2022,6499,298317.0,111505.0,674649.0,-487837.0,-496900.0,-459991.0,4040023.0
2022,6504,5986346.0,5358782.0,568739.0,58825.0,57735.0,99907.0,10419558.0
2022,6505,848048496.0,831832945.0,10795414.0,5420137.0,14399662.0,-8273345.0,421781468.0
2022,6506,2186641.0,1879287.0,226352.0,81002.0,256743.0,271686.0,2468340.0
2022,6508,2491218.0,1883395.0,316386.0,296243.0,314462.0,335308.0,3258831.0
2022,6509,5460230.0,3946500.0,777358.0,736372.0,599351.0,621714.0,6676783.0
2022,6526,18781046.0,9738883.0,5689063.0,3353100.0,2894333.0,2999221.0,17072847.0
2022,6531,5094775.0,2873381.0,720874.0,1500520.0,1941696.0,1945961.0,11691311.0
2022,6533,931821.0,731.0,1000258.0,-69168.0,355937.0,362161.0,5424058.0
2022,6534,1434115.0,299523.0,623537.0,511055.0,465423.0,491101.0,3195275.0
2022,6546,3505991.0,2702220.0,300012.0,503759.0,496528.0,489497.0,3502083.0
2022,6547,365042.0,577644.0,1323663.0,-1536265.0,-1474573.0,-1391996.0,7347689.0
2022,6552,2112837.0,1891927.0,215758.0,5152.0,73358.0,-209190.0,4717518.0
2022,6558,1148415.0,1039796.0,230715.0,-122096.0,-60973.0,-45916.0,2187605.0
2022,6562,633822.0,352578.0,243929.0,37315.0,47208.0,-93462.0,1875640.0
2022,6564,188415.0,167573.0,307258.0,-286416.0,-267086.0,-271922.0,775090.0
2022,6572,191188.0,132193.0,125930.0,-66935.0,-53136.0,-55434.0,582151.0
2022,6575,,,309974.0,-309974.0,-354479.0,-353052.0,167850.0
2022,6578,433630.0,414302.0,81801.0,-62473.0,-44664.0,-40381.0,1280086.0
2022,6579,8352076.0,5598941.0,1559045.0,1194090.0,1177836.0,1238419.0,11402986.0
2022,6581,2637583.0,1124910.0,308959.0,1203714.0,984155.0,985885.0,4951105.0
2022,6582,1702563.0,1273176.0,230684.0,198703.0,174993.0,186263.0,6480618.0
2022,6584,1998723.0,1636480.0,277396.0,84847.0,130657.0,138622.0,3513353.0
2022,6585,2607212.0,1929087.0,379054.0,299071.0,265652.0,274730.0,4928187.0
2022,6589,1481017.0,724565.0,1087271.0,-330819.0,-115540.0,-56229.0,11847156.0
2022,6603,4605204.0,3374074.0,973165.0,257965.0,169977.0,188432.0,7003083.0
2022,6605,17172748.0,12084604.0,2924189.0,2163955.0,1810568.0,1838035.0,34782270.0
2022,6606,901150.0,516509.0,191431.0,193210.0,143999.0,3329.0,2150297.0
2022,6609,3602751.0,2736465.0,510065.0,356221.0,369715.0,374648.0,4883895.0
2022,6618,27625.0,26429.0,97727.0,-96531.0,-98781.0,-98219.0,435967.0
2022,6620,197676.0,18711.0,267085.0,-88120.0,-40011.0,-62923.0,790564.0
2022,6652,,,76759.0,-76759.0,-18310.0,-12210.0,440814.0
2022,6655,2433029.0,1215111.0,747019.0,470899.0,389027.0,393073.0,6373576.0
2022,6659,1135172.0,755455.0,323427.0,56290.0,36932.0,45752.0,2647567.0
2022,6668,1204869.0,1137349.0,317233.0,-249713.0,-342570.0,-333822.0,4188864.0
2022,6669,292876040.0,268896763.0,6144997.0,17834280.0,14174709.0,15788000.0,88837782.0
2022,6670,33716308.0,25101104.0,2853753.0,5761451.0,5115928.0,5374195.0,22571125.0
2022,6674,2514695.0,2145106.0,469568.0,-99979.0,-63146.0,-62750.0,2642185.0
2022,6676,359585.0,152878.0,394327.0,-187620.0,-170240.0,-170240.0,1629614.0
2022,6682,1686148.0,1535327.0,182485.0,-31664.0,-37017.0,-39673.0,1628362.0
2022,6695,1093183.0,604722.0,474595.0,13866.0,69640.0,66397.0,1930815.0
2022,6698,1250628.0,929447.0,299449.0,21732.0,22709.0,30201.0,3114636.0
2022,6706,4458117.0,2916095.0,819828.0,723396.0,930657.0,855551.0,6839804.0
2022,6712,627512.0,212955.0,130762.0,283795.0,200714.0,200714.0,1973620.0
2022,6715,3369201.0,2231087.0,438265.0,699849.0,584332.0,584609.0,4178029.0
2022,6722,3713683.0,2932202.0,744644.0,27079.0,113738.0,140642.0,4648713.0
2022,6733,31446.0,8667.0,241992.0,-219213.0,-205499.0,-212180.0,821822.0
2022,6737,4371462.0,3561978.0,483115.0,326369.0,266334.0,285581.0,3421669.0
2022,6742,982188.0,555594.0,136764.0,289830.0,272584.0,281799.0,1845949.0
2022,6748,27633.0,14205.0,76203.0,-62775.0,-60884.0,-60004.0,398529.0
2022,6753,3831581.0,3238219.0,116525.0,476837.0,287233.0,281358.0,6881764.0
2022,6756,2954986.0,1408894.0,836537.0,709555.0,723535.0,718351.0,3828367.0
2022,6770,76086619.0,40507654.0,9457896.0,26328017.0,21634622.0,21789712.0,173494215.0
2022,6775,1636937.0,1592335.0,277881.0,-233279.0,-187064.0,-185091.0,2257630.0
2022,6782,2777524.0,1544792.0,522811.0,709921.0,614009.0,710680.0,5293995.0
2022,6787,46575.0,119193.0,65886.0,-138504.0,-118519.0,-118513.0,563534.0
2022,6789,9077148.0,5749908.0,1312837.0,2068659.0,1765795.0,1765795.0,25600121.0
2022,6793,399561.0,557409.0,178940.0,-336788.0,-387280.0,-387280.0,2294339.0
2022,6794,14397.0,6201.0,100305.0,-92109.0,-91155.0,-91155.0,414313.0
2022,6806,4301192.0,3753199.0,295606.0,252387.0,242532.0,242770.0,18217318.0
2022,6808,13643.0,10927.0,69003.0,-66287.0,-67086.0,-67086.0,371260.0
2022,6826,11988082.0,10151510.0,751897.0,1084675.0,938388.0,951718.0,12457168.0
2022,6827,,,121746.0,-121746.0,-111725.0,-111725.0,342682.0
2022,6829,1783495.0,1213272.0,236511.0,333712.0,355409.0,355312.0,2559584.0
2022,6831,1607885.0,1245029.0,254776.0,99980.0,86409.0,88104.0,1941423.0
2022,6834,1100601.0,848731.0,195712.0,56158.0,104231.0,107566.0,2154098.0
2022,6841,53903.0,14991.0,110920.0,-72008.0,136479.0,136479.0,1680238.0
2022,6872,19526.0,3033.0,92588.0,-76095.0,-63519.0,-62670.0,524067.0
2022,6891,600.0,101.0,92642.0,-92143.0,-53478.0,-53478.0,2001873.0
2022,6892,44745.0,13079.0,218317.0,-186651.0,-188562.0,-188562.0,871010.0
2022,6905,798319.0,851791.0,63323.0,-116795.0,-79095.0,-79095.0,1529542.0
2022,6909,394697.0,136165.0,190465.0,68067.0,114850.0,114850.0,835357.0
2022,6914,3363619.0,2701152.0,206274.0,456193.0,332613.0,333507.0,5968072.0
2022,6916,2999262.0,2182338.0,465258.0,351666.0,289856.0,295798.0,2357778.0
2022,6919,12820.0,3213.0,329231.0,-319624.0,-286155.0,-284425.0,1233081.0
2022,6920,1906532.0,1638652.0,182260.0,85620.0,69022.0,69022.0,4563424.0
2022,6928,3315035.0,2704135.0,417910.0,192990.0,207192.0,208356.0,2140302.0
2022,6930,3685.0,37914.0,190816.0,-297780.0,-295573.0,-295573.0,791453.0
2022,6936,1185358.0,832130.0,228609.0,124619.0,106518.0,107040.0,1473050.0
2022,6940,49509.0,130652.0,121400.0,-202543.0,-191475.0,-191475.0,3486864.0
2022,6943,44531413.0,28673609.0,2489804.0,13368000.0,10835859.0,11946636.0,40145384.0
2022,6944,10009569.0,9038798.0,349573.0,621198.0,409671.0,416538.0,8537953.0
2022,6990,1318062.0,1223730.0,54258.0,40074.0,17464.0,17464.0,1234186.0
2022,7507,352849.0,231550.0,73324.0,32866.0,14150.0,24253.0,1206480.0
2022,7702,197938.0,127232.0,27941.0,42765.0,16134.0,16134.0,907916.0
2022,7732,940201.0,682407.0,149571.0,108223.0,119401.0,154990.0,1826365.0
2022,7736,1138708.0,689581.0,147898.0,301229.0,370468.0,371997.0,3290803.0
2022,7742,1317746.0,1053527.0,161785.0,102434.0,-2807.0,-2106.0,2672915.0
2022,7752,125588.0,140979.0,63857.0,-79248.0,-100770.0,-100770.0,3873037.0
2022,8011,1699535.0,1660187.0,237572.0,-198224.0,-258428.0,-252831.0,6439934.0
2022,8021,3510400.0,2448078.0,602334.0,506228.0,370260.0,431269.0,7353450.0
2022,8027,3222998.0,2098938.0,720302.0,403758.0,390135.0,366669.0,4738590.0
2022,8028,3138053.0,2306263.0,523799.0,307991.0,325251.0,329812.0,8598954.0
2022,8029,1006901.0,864103.0,192122.0,-49324.0,-31724.0,-21579.0,1422994.0
2022,8033,1089373.0,676200.0,400295.0,12878.0,24440.0,43705.0,1685160.0
2022,8034,481536.0,338272.0,112139.0,31125.0,40854.0,40781.0,872793.0
2022,8038,207392.0,157758.0,78035.0,-28401.0,-28383.0,-28021.0,1076575.0
2022,8039,8721875.0,6643012.0,1430783.0,648080.0,691713.0,662244.0,12847527.0
2022,8040,1302573.0,772135.0,355068.0,175370.0,150087.0,150087.0,1188793.0
2022,8042,3729360.0,3063593.0,480916.0,184851.0,107024.0,438731.0,8127282.0
2022,8043,5847130.0,5594117.0,211367.0,41646.0,150875.0,179280.0,4477500.0
2022,8045,1019673.0,627654.0,362322.0,29697.0,61754.0,94276.0,1860936.0
2022,8046,64646836.0,38779224.0,2292689.0,23574923.0,19415584.0,19705240.0,81750477.0
2022,8048,1084299.0,758285.0,183477.0,142537.0,132228.0,68914.0,1398293.0
2022,8049,2421679.0,1730567.0,212518.0,478594.0,451684.0,332336.0,2578513.0
2022,8054,1605788.0,868261.0,763705.0,-26178.0,109092.0,-48820.0,4872139.0
2022,8059,1145661.0,973535.0,195668.0,-23542.0,16306.0,19959.0,2754386.0
2022,8064,3920549.0,3009746.0,732307.0,178496.0,377824.0,372128.0,6948711.0
2022,8069,30060509.0,13830537.0,7030697.0,9199275.0,9939345.0,11872437.0,65126060.0
2022,8070,21858509.0,16789187.0,1644959.0,3424363.0,3572984.0,2711487.0,33121266.0
2022,8071,2552952.0,2089209.0,393297.0,75103.0,63726.0,77871.0,2550721.0
2022,8072,1231209.0,1007807.0,196543.0,26859.0,106005.0,108203.0,2533993.0
2022,8074,1373883.0,1172968.0,180117.0,398187.0,288231.0,277547.0,2967843.0
2022,8076,2714971.0,1921654.0,666582.0,127400.0,324942.0,593432.0,6889925.0
2022,8081,8420080.0,4629698.0,1676791.0,2113591.0,1972759.0,1848837.0,9132358.0
2022,8084,1159106.0,975051.0,288572.0,-104517.0,53555.0,37905.0,1173039.0
2022,8085,893807.0,811680.0,111256.0,-29129.0,172029.0,226741.0,2945083.0
2022,8086,2163751.0,1820053.0,380581.0,-36883.0,13712.0,13712.0,7903568.0
2022,8088,1756206.0,1438020.0,101117.0,217069.0,211978.0,205180.0,1409128.0
2022,8089,1921542.0,1327000.0,607339.0,-12797.0,9271.0,41388.0,1788550.0
2022,8092,419454.0,347476.0,62540.0,9438.0,5519.0,5576.0,794373.0
2022,8093,284960.0,177045.0,195887.0,-87972.0,303.0,5531.0,605225.0
2022,8096,23417746.0,22781235.0,600256.0,36255.0,1212.0,121575.0,6463087.0
2022,8097,1667197.0,1287105.0,141897.0,238195.0,266534.0,266570.0,1546890.0
2022,8101,361794.0,350719.0,294464.0,-283389.0,-162051.0,-110759.0,781059.0
2022,8103,3727014.0,2620589.0,735076.0,371349.0,328082.0,361308.0,5122568.0
2022,8104,2713550.0,2291827.0,330283.0,91440.0,49325.0,59165.0,5291310.0
2022,8105,10414370.0,9275405.0,816442.0,322523.0,613674.0,632804.0,12438416.0
2022,8107,813817.0,667608.0,161771.0,-15562.0,32928.0,74892.0,3035477.0
2022,8109,1803769.0,968269.0,251585.0,583915.0,691801.0,704170.0,5116495.0
2022,8110,9506348.0,8664417.0,488006.0,353925.0,156098.0,-1030217.0,19321353.0
2022,8111,842365.0,580908.0,205602.0,55855.0,111425.0,129967.0,2187518.0
2022,8114,11972874.0,7781466.0,2677687.0,1513735.0,1086339.0,1475819.0,15798099.0
2022,8115,2253948.0,1946406.0,261796.0,45746.0,98132.0,141152.0,3829824.0
2022,8119,1776301.0,1331966.0,378254.0,66081.0,88603.0,104010.0,2053688.0
2022,8121,3057217.0,2537248.0,472546.0,47423.0,14717.0,50757.0,4778892.0
2022,8131,10433443.0,8242255.0,249379.0,1941809.0,2055289.0,1514763.0,14769584.0
2022,8134,1155251.0,927462.0,138990.0,88799.0,71756.0,75251.0,1301226.0
2022,8150,23517064.0,18605007.0,1825311.0,3216679.0,3371974.0,3553028.0,44942945.0
2022,8152,1928090.0,1665194.0,131657.0,131239.0,293735.0,314149.0,2872914.0
2022,8155,3445815.0,2470183.0,316311.0,659321.0,555696.0,559814.0,3575453.0
2022,8162,1226677.0,823369.0,198826.0,204482.0,168338.0,171819.0,2177523.0
2022,8163,29535253.0,24524594.0,3400783.0,1609876.0,1453820.0,1839291.0,33637187.0
2022,8171,1481724.0,1257995.0,166773.0,56956.0,135293.0,137239.0,2327505.0
2022,8176,326030.0,233282.0,167178.0,-75210.0,-64670.0,-58624.0,774447.0
2022,8182,2881594.0,2249046.0,369169.0,263379.0,267706.0,184029.0,5889852.0
2022,8183,6861906.0,5374849.0,545504.0,941553.0,675458.0,671301.0,6492318.0
2022,8201,599342.0,511525.0,194178.0,-106361.0,-86888.0,-78814.0,795182.0
2022,8210,10557701.0,8427152.0,988948.0,1141601.0,1008463.0,1099843.0,12325490.0
2022,8213,21977467.0,18585626.0,1713510.0,1678331.0,1524192.0,1789874.0,28729584.0
2022,8215,15540465.0,12462094.0,2381564.0,696807.0,1284741.0,1319215.0,13704568.0
2022,8218,863650.0,821074.0,103112.0,-60536.0,-44048.0,-44450.0,956991.0
2022,8222,449536.0,397754.0,80229.0,-28447.0,18915.0,18970.0,1351710.0
2022,8234,7916697.0,5906015.0,1600737.0,409945.0,930475.0,983198.0,8843596.0
2022,8240,9183092.0,8005893.0,829984.0,347215.0,284171.0,241793.0,8534886.0
2022,8249,4256952.0,3498165.0,345510.0,413277.0,359682.0,53308.0,6414246.0
2022,8255,4197839.0,2992803.0,809063.0,395973.0,572176.0,-307817.0,9868263.0
2022,8271,8797035.0,7108621.0,994292.0,694122.0,576991.0,631835.0,6022036.0
2022,8277,353677.0,291020.0,134059.0,-71402.0,-69799.0,-65560.0,707390.0
2022,8289,2369419.0,1555765.0,391084.0,422570.0,358855.0,372909.0,2569933.0
2022,8291,99522.0,128888.0,27754.0,-57120.0,-59349.0,-56164.0,376840.0
2022,8299,60256142.0,42923527.0,10505970.0,6843922.0,5401146.0,5169299.0,59989836.0
2022,8349,11475860.0,9296574.0,1575359.0,601338.0,572446.0,718716.0,16579006.0
2022,8350,11183858.0,8462833.0,1369049.0,1351976.0,1267493.0,1352854.0,8811517.0
2022,8354,677237.0,585447.0,99468.0,-7678.0,79716.0,116693.0,4338457.0
2022,8358,7407454.0,6051321.0,203233.0,1152900.0,967212.0,976161.0,7614975.0
2022,8374,3762421.0,3023194.0,643501.0,95726.0,97574.0,118830.0,3318266.0
2022,8383,4019184.0,3156096.0,500589.0,362499.0,425992.0,437555.0,5640866.0
2022,8394,56741034.0,45831166.0,5093625.0,5816243.0,5891976.0,6184121.0,117623868.0
2022,8401,1536175.0,1127215.0,254450.0,154510.0,133070.0,136685.0,1481107.0
2022,8415,26224979.0,16365588.0,4719428.0,5134175.0,4574239.0,5041608.0,48462988.0
2022,8420,3598019.0,2794384.0,154059.0,663694.0,588731.0,588731.0,3231324.0
2022,8421,1269863.0,1124876.0,226583.0,-79141.0,491407.0,496445.0,1978281.0
2022,8433,3141325.0,2358873.0,368466.0,413986.0,503526.0,537169.0,3914536.0
2022,8436,7432514.0,4297047.0,2109365.0,1026102.0,820762.0,914720.0,15107957.0
2022,8438,3721106.0,3359625.0,265169.0,96312.0,99792.0,115865.0,2934271.0
2022,8463,4249175.0,3830152.0,282759.0,136264.0,102987.0,11432.0,7411485.0
2022,8464,28951432.0,13054666.0,8528911.0,7367855.0,6074506.0,7117237.0,30553646.0
2022,8476,2785239.0,2010995.0,181138.0,593106.0,516354.0,514696.0,2346801.0
2022,8478,5555452.0,3031335.0,662484.0,1861633.0,1753278.0,2093341.0,9049411.0
2022,8481,1457802.0,726525.0,347688.0,383589.0,294969.0,357102.0,2054116.0
2022,8495,157859.0,161156.0,129732.0,-132950.0,-131396.0,-131385.0,313037.0
2022,8905,2258749.0,1986176.0,127977.0,144596.0,132055.0,135462.0,3671856.0
2022,8916,10304209.0,8541008.0,809490.0,953711.0,917485.0,1009790.0,8566887.0
2022,8917,2536058.0,1971563.0,127217.0,437278.0,367951.0,392392.0,5457807.0
2022,8924,7700322.0,5479396.0,442437.0,1778489.0,1793142.0,1970986.0,6328440.0
2022,8928,3394878.0,2874656.0,260765.0,259457.0,286074.0,279390.0,3653037.0
2022,8929,697138.0,564001.0,230005.0,-96868.0,-75217.0,-50257.0,1204939.0
2022,8930,1311429.0,998385.0,140764.0,172280.0,173600.0,172996.0,2405577.0
2022,8931,2861008.0,2258982.0,165051.0,436975.0,368069.0,316563.0,4455241.0
2022,8932,798960.0,667297.0,161666.0,-30003.0,-29026.0,-22878.0,1511261.0
2022,8933,5591120.0,4764217.0,469296.0,357607.0,334358.0,375012.0,6562257.0
2022,8935,946483.0,774041.0,153903.0,18539.0,27356.0,54196.0,1721039.0
2022,8936,3791723.0,2686939.0,304601.0,800183.0,622002.0,688892.0,11256412.0
2022,8937,212095.0,175040.0,61850.0,-24795.0,1770.0,-2454.0,1385961.0
2022,8938,21422785.0,17067951.0,1664172.0,2828026.0,2500237.0,2583955.0,16817395.0
2022,8942,5692011.0,3390857.0,1269854.0,1031302.0,1184783.0,996816.0,16744139.0
2022,8952,378287.0,342998.0,72865.0,-37576.0,-55311.0,-55417.0,2109083.0
2022,8996,2843540.0,2057910.0,439494.0,346136.0,301020.0,308234.0,4156065.0
2022,9904,267496800.0,202890708.0,54010022.0,10596070.0,16889466.0,-18831402.0,324529403.0
2022,9905,8774698.0,7768905.0,483480.0,522313.0,465288.0,478357.0,11058418.0
2022,9907,43480280.0,37035948.0,3425185.0,3019147.0,2134422.0,2785378.0,34905963.0
2022,9910,95902924.0,72616941.0,11939886.0,11346097.0,9764273.0,11237440.0,51310367.0
2022,9911,8212862.0,5475496.0,1625754.0,1111612.0,1009453.0,1067384.0,8690847.0
2022,9914,37003082.0,30611767.0,2258378.0,3437465.0,3454418.0,5317914.0,42553434.0
2022,9919,3351903.0,3042428.0,605198.0,-295723.0,-262584.0,-221531.0,6798279.0
2022,9921,92043675.0,71219652.0,12909584.0,7914439.0,6176531.0,6903544.0,93534779.0
2022,9924,9530920.0,7682843.0,943785.0,904292.0,914554.0,1048815.0,9208221.0
2022,9927,9063673.0,8066855.0,243915.0,752903.0,683576.0,870027.0,7167999.0
2022,9929,604066.0,508486.0,79213.0,16367.0,-108723.0,-154648.0,1416637.0
2022,9930,11382629.0,10011489.0,464458.0,906682.0,754983.0,767634.0,12267167.0
2022,9934,20211011.0,15247819.0,5660071.0,-696879.0,-888874.0,-511830.0,16601825.0
2022,9935,5287076.0,4366460.0,658687.0,261929.0,220591.0,341254.0,7143585.0
2022,9939,24696308.0,19551765.0,2345000.0,2799543.0,2277184.0,2715141.0,36638203.0
2022,9942,4162236.0,2708244.0,621861.0,830909.0,651774.0,669322.0,5244950.0
2022,9944,2630253.0,1926438.0,604619.0,99196.0,241092.0,334125.0,6178438.0
2022,9950,2292539.0,2020107.0,446655.0,-174223.0,-224515.0,-230379.0,4350483.0
2022,9951,4850034.0,3606645.0,830837.0,412552.0,411972.0,512796.0,5661377.0
2022,9955,1161908.0,1160569.0,100893.0,-99554.0,-98817.0,-95949.0,2869169.0
2022,9957,53758176.0,51420655.0,1797861.0,583075.0,-501737.0,315593.0,54644409.0
2022,9958,9222058.0,8779554.0,349942.0,92562.0,100962.0,70820.0,29360142.0
2022,9962,3530808.0,3168241.0,111499.0,251068.0,213051.0,215247.0,1494672.0
2022,9968,2651419.0,1167807.0,1317700.0,165566.0,420708.0,535932.0,4582585.0
2022,9978,1542360.0,1565580.0,261235.0,-284455.0,-231772.0,-201639.0,6569432.0
2021,1101,107041452.0,80391353.0,6863624.0,19786475.0,21201256.0,12135123.0,441684559.0
2021,1102,89654713.0,68473835.0,3494661.0,17686217.0,17527770.0,17131220.0,317056069.0
2021,1103,2220254.0,2189455.0,556435.0,-525636.0,747535.0,1835168.0,40247651.0
2021,1104,6079107.0,4947290.0,421615.0,710202.0,1114226.0,1321172.0,25096822.0
2021,1108,3769022.0,3208996.0,234899.0,338569.0,262205.0,271972.0,8041710.0
2021,1109,7378229.0,5175302.0,445385.0,1757542.0,1212790.0,1184550.0,11702345.0
2021,1110,1846785.0,1712217.0,122514.0,12054.0,133811.0,184826.0,10958500.0
2021,1111,364972.0,317001.0,40115.0,7856.0,23096.0,28571.0,1324892.0
2021,1201,19817862.0,14035011.0,5138969.0,643882.0,507826.0,465350.0,17959094.0
2021,1203,5824838.0,3928723.0,1030510.0,865605.0,697030.0,488593.0,9582739.0
2021,1210,101437842.0,90701292.0,8391158.0,2345392.0,2262023.0,2345681.0,56732130.0
2021,1213,428407.0,438426.0,55503.0,-65522.0,-94436.0,-94431.0,1122852.0
2021,1215,24841345.0,21441119.0,1795948.0,1591540.0,1313657.0,988341.0,23177472.0
2021,1216,473501669.0,317395795.0,127713857.0,28392017.0,28796395.0,27181951.0,514039630.0
2021,1217,4710880.0,3251492.0,1287853.0,171535.0,217167.0,563261.0,13836774.0
2021,1218,9944978.0,8409291.0,1326801.0,209357.0,592011.0,640680.0,10638276.0
2021,1219,14778782.0,13413278.0,1058336.0,302712.0,281356.0,279173.0,9150195.0
2021,1220,3219386.0,2752257.0,241530.0,225599.0,208240.0,199259.0,3291690.0
2021,1225,13103954.0,11968692.0,626286.0,530837.0,486847.0,482292.0,9109168.0
2021,1227,34307044.0,26075184.0,5250275.0,2981585.0,2501106.0,2766144.0,28289140.0
2021,1231,9517892.0,7315626.0,1256013.0,946253.0,813681.0,790915.0,9208709.0
2021,1232,20477990.0,18119818.0,827258.0,1530914.0,1273922.0,1297219.0,7003498.0
2021,1233,1773001.0,782240.0,975925.0,14836.0,43429.0,30989.0,2309476.0
2021,1234,9222874.0,6662016.0,1954918.0,605940.0,796809.0,797625.0,22788396.0
2021,1235,41090.0,25684.0,20570.0,-5164.0,82080.0,646022.0,4677445.0
2021,1236,1755115.0,1302824.0,500898.0,-48607.0,-27357.0,542148.0,3456496.0
2021,1237,27122957.0,21643010.0,4127206.0,1355243.0,3907637.0,4047466.0,659779921.0
2021,1242,2522120.0,1472359.0,1236964.0,-187203.0,-10608.0,287927.0,4952419.0
2021,1246,10069733.0,9776714.0,140802.0,152415.0,126053.0,124137.0,2675593.0
2021,1260,4651294.0,3997799.0,391845.0,261650.0,211024.0,208115.0,4216464.0
2021,1271,380433.0,109323.0,103818.0,167292.0,169717.0,170663.0,607697.0
2021,1301,273598301.0,197437397.0,15996911.0,60163993.0,71355311.0,85900317.0,543678922.0
2021,1303,411670391.0,307825271.0,22845268.0,81000040.0,84832825.0,91796298.0,668695386.0
2021,1305,20221524.0,15181144.0,1723223.0,3317157.0,2631418.0,2616457.0,16975315.0
2021,1307,8384007.0,6909767.0,1233241.0,240999.0,115933.0,-23157.0,14740117.0
2021,1308,9565813.0,5968145.0,278413.0,3319255.0,3101127.0,4048979.0,18978546.0
2021,1310,11714016.0,11581104.0,218590.0,-85678.0,105239.0,61564.0,9299190.0
2021,1312,22547353.0,17904677.0,1729872.0,2912804.0,6076588.0,8256121.0,48909720.0
2021,1313,81942428.0,76803852.0,2690687.0,2447889.0,2147462.0,6037884.0,53771844.0
2021,1314,35163380.0,30066937.0,2581978.0,2514465.0,3596227.0,3815180.0,135455208.0
2021,1315,2378900.0,2012513.0,359137.0,7250.0,6432.0,548311.0,12754724.0
2021,1319,18380295.0,14893150.0,2944010.0,543135.0,637164.0,387651.0,34453458.0
2021,1321,6490333.0,6005716.0,517018.0,-32401.0,319368.0,243165.0,12980183.0
2021,1323,3797590.0,2883420.0,473460.0,440710.0,344271.0,326288.0,5728613.0
2021,1324,1076840.0,911734.0,154997.0,10109.0,635.0,-718.0,1245313.0
2021,1325,1191043.0,751250.0,69688.0,370105.0,277492.0,242044.0,3217382.0
2021,1326,365812098.0,312373726.0,19005642.0,34432730.0,42707431.0,65644371.0,598345271.0
2021,1328,903772722.0,911083607.0,22067454.0,-29378339.0,-39284422.0,-31977945.0,842284751.0
2021,1336,2085430.0,1740378.0,204375.0,140677.0,77058.0,33802.0,2266610.0
2021,1339,1918100.0,1472524.0,271087.0,174489.0,127699.0,112845.0,5051865.0
2021,1342,2068395.0,1582583.0,170164.0,316010.0,266220.0,266220.0,2402395.0
2021,1402,238806217.0,192320517.0,34993397.0,11711538.0,14844485.0,13864754.0,635327585.0
2021,1408,8328448.0,7299755.0,1166287.0,-137594.0,-202844.0,-209346.0,6843674.0
2021,1409,44155384.0,,4712511.0,,4804588.0,6993165.0,196031587.0
2021,1410,477354.0,294358.0,73944.0,109052.0,87482.0,101173.0,1422922.0
2021,1413,2965326.0,2771775.0,94163.0,99388.0,106311.0,106311.0,2833785.0
2021,1414,809714.0,624897.0,82524.0,102293.0,142503.0,148122.0,4601845.0
2021,1417,1322446.0,682768.0,604510.0,35168.0,97714.0,183577.0,3984631.0
2021,1419,2748914.0,2020019.0,528671.0,200224.0,450883.0,1222774.0,16135125.0
2021,1423,190145.0,218753.0,37597.0,-66205.0,153942.0,359232.0,3423248.0
2021,1434,32799007.0,28625437.0,2623403.0,1550167.0,2143167.0,2440248.0,81342188.0
2021,1436,2579156.0,1723337.0,318842.0,536977.0,486380.0,488286.0,13691109.0
2021,1440,20193510.0,16908462.0,2068345.0,1216703.0,2969297.0,3277407.0,50196558.0
2021,1441,1546490.0,1473868.0,187071.0,-114449.0,-162356.0,-164284.0,2374065.0
2021,1443,866817.0,609797.0,74926.0,182094.0,204134.0,236446.0,6397558.0
2021,1444,10878183.0,9572963.0,1094873.0,209631.0,652557.0,458406.0,20704529.0
2021,1445,1254148.0,1170066.0,131843.0,-47761.0,-25193.0,79493.0,2010401.0
2021,1446,193226.0,146467.0,58902.0,-12143.0,-17164.0,35877.0,4339468.0
2021,1447,24252436.0,23111115.0,787165.0,354397.0,275768.0,-77867.0,19756797.0
2021,1449,2785873.0,2532688.0,425420.0,-172235.0,74238.0,164676.0,6356309.0
2021,1451,8012461.0,7339242.0,425804.0,247415.0,242691.0,274883.0,9050041.0
2021,1452,2097672.0,1721339.0,141754.0,234579.0,351579.0,404413.0,3195884.0
2021,1453,44286.0,18379.0,35533.0,-9626.0,106030.0,106030.0,1893590.0
2021,1454,1574819.0,1446530.0,139198.0,-11464.0,5133.0,112580.0,2053953.0
2021,1455,11218513.0,9996561.0,574057.0,647895.0,920077.0,953486.0,10776815.0
2021,1456,2363236.0,1711267.0,211395.0,584374.0,454432.0,454488.0,7125566.0
2021,1457,4146179.0,3590229.0,225923.0,330027.0,366132.0,436732.0,18519803.0
2021,1459,2469456.0,2366793.0,166083.0,-63420.0,761472.0,790635.0,6500355.0
2021,1460,10006733.0,8088599.0,1541464.0,364733.0,181871.0,-5766.0,14607752.0
2021,1463,456564.0,385595.0,72103.0,-1134.0,82450.0,90349.0,2741683.0
2021,1464,10475685.0,8871900.0,1279974.0,371065.0,195922.0,54988.0,19131909.0
2021,1465,441525.0,408776.0,63667.0,-30918.0,-95903.0,-60121.0,1825244.0
2021,1466,3570655.0,2949298.0,383531.0,237826.0,178200.0,180176.0,3684929.0
2021,1467,6637936.0,5311863.0,1232039.0,94034.0,-42755.0,-107778.0,8618265.0
2021,1468,1139750.0,1010093.0,131715.0,-2058.0,14018.0,-48177.0,3432779.0
2021,1470,894789.0,703668.0,112651.0,79605.0,65201.0,75832.0,1254881.0
2021,1471,355816.0,348022.0,148935.0,-141141.0,-18538.0,-17063.0,1188370.0
2021,1473,5761476.0,4985268.0,932838.0,-156630.0,-135104.0,-197014.0,5213244.0
2021,1474,3503869.0,2988217.0,374839.0,140813.0,141039.0,144152.0,4262799.0
2021,1476,35917247.0,26426100.0,3092665.0,6398482.0,5148611.0,4999485.0,29278767.0
2021,1477,28930505.0,22395751.0,3153634.0,3381120.0,2678308.0,2598690.0,22222828.0
2021,1480,12020518.0,10723747.0,206840.0,1089931.0,1102290.0,1099860.0,5089272.0
2021,1504,52557027.0,39812612.0,7676221.0,5069358.0,5502191.0,26976650.0,136612450.0
2021,1506,1064137.0,910112.0,184718.0,-30693.0,49047.0,32128.0,2432163.0
2021,1513,18024761.0,13726222.0,1620392.0,2678147.0,1972560.0,1781772.0,34264946.0
2021,1514,5681629.0,4705428.0,600040.0,375966.0,368408.0,433038.0,8192043.0
2021,1515,18366823.0,15849053.0,1092555.0,1425215.0,1055949.0,1125397.0,12521433.0
2021,1517,4879953.0,3965720.0,458700.0,455533.0,494023.0,527470.0,5679622.0
2021,1519,9020094.0,7613188.0,1014940.0,391966.0,287518.0,266940.0,9922390.0
2021,1521,4992142.0,4350801.0,514575.0,127211.0,82524.0,73183.0,3394463.0
2021,1522,16576615.0,13569218.0,2578705.0,428703.0,236609.0,197144.0,24054607.0
2021,1524,1963425.0,1641907.0,237781.0,83737.0,62083.0,77352.0,5403257.0
2021,1525,1275608.0,1171714.0,89384.0,14510.0,306767.0,276425.0,5323884.0
2021,1526,1887529.0,1345386.0,202329.0,339814.0,262947.0,263947.0,2829038.0
2021,1527,4484738.0,3509576.0,375898.0,599264.0,467410.0,471427.0,5131540.0
2021,1528,3587606.0,2659353.0,857357.0,70896.0,218972.0,127722.0,5101589.0
2021,1529,324446.0,175257.0,42310.0,106434.0,112783.0,112757.0,2547046.0
2021,1530,3630956.0,2951020.0,415661.0,266199.0,122033.0,146100.0,6207280.0
2021,1531,2946998.0,2416015.0,315104.0,215879.0,171455.0,168177.0,4883023.0
2021,1532,18938168.0,14564322.0,2505399.0,1868447.0,1684910.0,1586497.0,49972033.0
2021,1533,2932537.0,2055347.0,848095.0,29095.0,12876.0,8360.0,7716585.0
2021,1536,6686364.0,5004701.0,1230031.0,451632.0,340643.0,326554.0,21103619.0
2021,1537,5797748.0,4577166.0,425965.0,794617.0,620038.0,606437.0,5254878.0
2021,1538,265553.0,235172.0,101277.0,-70896.0,-135570.0,-139154.0,312246.0
2021,1539,3142643.0,2806707.0,103457.0,232479.0,88429.0,91285.0,3934638.0
2021,1540,360792.0,302481.0,56852.0,1459.0,-3624.0,-2131.0,1520339.0
2021,1541,6202947.0,5421816.0,386195.0,394936.0,299261.0,290275.0,5195985.0
2021,1557,5482044.0,4230872.0,965976.0,285196.0,171945.0,139640.0,12405327.0
2021,1558,7719932.0,6128581.0,878434.0,712917.0,528343.0,507026.0,7966074.0
2021,1560,6027838.0,4165214.0,928863.0,933761.0,721678.0,592819.0,10161515.0
2021,1563,7487764.0,5565695.0,1325931.0,596138.0,340362.0,331990.0,16443640.0
2021,1565,5401607.0,3790455.0,379865.0,1231287.0,947759.0,950226.0,8600004.0
2021,1568,1825807.0,1566626.0,226290.0,32891.0,29606.0,23664.0,3214552.0
2021,1569,4770880.0,3753635.0,608738.0,408507.0,327808.0,287727.0,7313299.0
2021,1570,691132.0,506362.0,78928.0,105842.0,134525.0,134053.0,1061695.0
2021,1582,10194799.0,8593294.0,1207319.0,394186.0,240615.0,183529.0,11792293.0
2021,1583,6725493.0,5196246.0,923978.0,605269.0,436502.0,613413.0,13088087.0
2021,1584,1108859.0,1003289.0,91550.0,14020.0,54290.0,179290.0,2818851.0
2021,1585,150161.0,168516.0,30346.0,-48701.0,-71461.0,-72263.0,880411.0
2021,1586,2639658.0,2128042.0,326378.0,185238.0,107662.0,112357.0,4411082.0
2021,1587,2353243.0,1821592.0,374925.0,156726.0,102477.0,92288.0,3026406.0
2021,1590,25399895.0,13063277.0,4120639.0,8215979.0,6441397.0,6286836.0,47678656.0
2021,1597,1856920.0,1083133.0,290407.0,483380.0,308789.0,294011.0,3797199.0
2021,1598,11742081.0,7684679.0,3268732.0,785830.0,444190.0,381057.0,12176627.0
2021,1599,3610997.0,2695500.0,518166.0,397331.0,350196.0,362771.0,3085826.0
2021,1602,29279979.0,27157036.0,1540913.0,582030.0,1667054.0,930545.0,38273174.0
2021,1603,2564399.0,2145204.0,152763.0,275005.0,282921.0,489347.0,8743442.0
2021,1604,8904901.0,7373926.0,936309.0,594666.0,1732785.0,1761479.0,13033851.0
2021,1605,156664766.0,136855301.0,6463913.0,13345552.0,15257314.0,20371007.0,183034898.0
2021,1608,10484814.0,9493999.0,205856.0,784959.0,1652047.0,1641528.0,13666035.0
2021,1609,27457879.0,24656077.0,1294011.0,1507198.0,1654175.0,1657612.0,34316540.0
2021,1611,1778424.0,1278313.0,494031.0,6080.0,279078.0,292758.0,5694130.0
2021,1612,6307283.0,5558008.0,361844.0,387431.0,2698447.0,2900344.0,8740782.0
2021,1613,4731188.0,4275208.0,186360.0,253929.0,225604.0,265329.0,4795375.0
2021,1614,5797322.0,4556369.0,795366.0,445587.0,370441.0,414092.0,6901569.0
2021,1615,4524568.0,3867303.0,158758.0,498507.0,451298.0,582353.0,3547914.0
2021,1616,3208797.0,2930713.0,156522.0,121562.0,94564.0,86145.0,3126997.0
2021,1617,4619634.0,4063671.0,286604.0,269359.0,205866.0,207152.0,3615245.0
2021,1618,2803841.0,2458739.0,94242.0,250860.0,232916.0,183298.0,4583435.0
2021,1619,4316561.0,4159955.0,69462.0,87144.0,75605.0,120757.0,2103071.0
2021,1701,7948998.0,5084206.0,2440903.0,423889.0,516355.0,1459099.0,12786876.0
2021,1707,9798246.0,1942319.0,5543773.0,2311584.0,1947989.0,1942945.0,14060879.0
2021,1708,4795266.0,3229062.0,752304.0,813900.0,670871.0,442110.0,12126036.0
2021,1709,9199154.0,7061389.0,919819.0,1218696.0,919057.0,988562.0,11587688.0
2021,1710,27481719.0,24929674.0,1130053.0,1421992.0,1186755.0,894829.0,33776171.0
2021,1711,9200988.0,6987506.0,1660706.0,552776.0,481829.0,889162.0,14136270.0
2021,1712,18645875.0,13430988.0,4069633.0,1145254.0,929572.0,938296.0,16012080.0
2021,1713,624599.0,537390.0,61251.0,25958.0,157487.0,185497.0,2582254.0
2021,1714,20211458.0,17123376.0,1307486.0,1782277.0,1459548.0,1703325.0,24009123.0
2021,1716,4237073.0,2178994.0,1340024.0,718055.0,570422.0,580882.0,6326351.0
2021,1717,50471397.0,39777249.0,6599107.0,4095041.0,3485710.0,3196428.0,60535689.0
2021,1718,33046524.0,,8296690.0,,3850781.0,4476428.0,801138255.0
2021,1720,4604082.0,2536209.0,1191191.0,876682.0,836802.0,826754.0,10104021.0
2021,1721,2850638.0,2722534.0,224055.0,-95951.0,-70016.0,-61700.0,4091352.0
2021,1722,13659406.0,11520431.0,1631651.0,507324.0,3034616.0,3573149.0,79343199.0
2021,1726,8865627.0,6627595.0,1235189.0,1002843.0,882167.0,1021116.0,11237793.0
2021,1727,2012931.0,1640333.0,213076.0,159522.0,208025.0,209802.0,2592677.0
2021,1730,3138791.0,1761515.0,1040999.0,336595.0,289031.0,256977.0,2657969.0
2021,1731,1289211.0,429771.0,641980.0,199750.0,164321.0,248698.0,2692439.0
2021,1733,2131656.0,1560144.0,366563.0,204949.0,202289.0,202866.0,2670467.0
2021,1734,2433516.0,1544809.0,1071477.0,-182770.0,-204959.0,-215461.0,6220931.0
2021,1735,3201106.0,2767913.0,401904.0,31289.0,10057.0,-2668.0,3716818.0
2021,1736,30779328.0,16873072.0,13752068.0,154188.0,99369.0,-542510.0,35262576.0
2021,1737,4095651.0,2722415.0,844059.0,529177.0,412162.0,420595.0,8467640.0
2021,1742,500464.0,404795.0,81111.0,14558.0,372958.0,371397.0,2405413.0
2021,1760,1901211.0,989073.0,746796.0,165342.0,104402.0,106623.0,2953095.0
2021,1762,1934702.0,985314.0,510913.0,438475.0,401050.0,512284.0,4380761.0
2021,1763,178671691.0,132176741.0,10404281.0,36090669.0,25699089.0,27567562.0,153861896.0
2021,1764,202330986.0,121666646.0,10143598.0,70520742.0,63383747.0,63165755.0,276946182.0
2021,1765,179977843.0,123500594.0,7760109.0,48717140.0,39936598.0,87447653.0,246608873.0
2021,1766,118966430.0,62876178.0,5383883.0,50706369.0,40008696.0,39655145.0,104113841.0
2021,1770,4479449.0,3019194.0,1081280.0,378975.0,358466.0,435597.0,6592530.0
2021,1773,11143603.0,8011023.0,1224472.0,1908108.0,1616808.0,1646487.0,10939413.0
2021,1775,6173873.0,4576435.0,952820.0,644538.0,507193.0,481677.0,7968727.0
2021,1776,1476066.0,1191980.0,193540.0,90546.0,157832.0,139411.0,1832526.0
2021,1780,676757.0,418707.0,146384.0,111666.0,13042.0,9051.0,2441390.0
2021,1785,31354837.0,27749357.0,1988086.0,1617394.0,1308742.0,1300558.0,25421982.0
2021,1786,505539.0,163703.0,219894.0,121942.0,101720.0,104256.0,2261942.0
2021,1789,2762335.0,1481848.0,991868.0,288619.0,243471.0,377021.0,11691176.0
2021,1795,12649189.0,7009069.0,3344693.0,2295427.0,1403371.0,1001308.0,21221950.0
2021,1799,197277.0,146847.0,262292.0,-211862.0,-170509.0,-181188.0,1263910.0
2021,1802,56065737.0,38359027.0,6096511.0,11557967.0,12231239.0,12428329.0,99455329.0
2021,1805,185474.0,153491.0,65885.0,-33902.0,-33677.0,-30339.0,1459103.0
2021,1806,3205927.0,2452058.0,732324.0,21545.0,991496.0,981314.0,9521433.0
2021,1809,2198797.0,1756069.0,483402.0,-13771.0,29327.0,608.0,4383865.0
2021,1810,5313319.0,3955952.0,1290692.0,66675.0,1745927.0,1960745.0,11470876.0
2021,1815,5256034.0,3841953.0,709797.0,704284.0,601349.0,630464.0,14735033.0
2021,1817,2372638.0,1575087.0,510218.0,284964.0,224848.0,224450.0,2728848.0
2021,1819,232271.0,195176.0,26140.0,10955.0,5360.0,5460.0,839579.0
2021,1904,44986090.0,34783398.0,5628285.0,4574407.0,4011488.0,3881263.0,66440325.0
2021,1905,22031850.0,19632767.0,2130026.0,272452.0,463373.0,649510.0,33968456.0
2021,1909,56608196.0,47308248.0,5144934.0,4155014.0,2352087.0,2592734.0,78064860.0
2021,2002,468327501.0,373012890.0,15557338.0,79757273.0,68906072.0,66933789.0,687994969.0
2021,2006,58795089.0,49321315.0,2414169.0,7059605.0,5921551.0,6562082.0,55402752.0
2021,2007,7018786.0,6453502.0,184976.0,380308.0,13160.0,5644.0,13148601.0
2021,2008,1550624.0,1356051.0,97611.0,96962.0,42117.0,197483.0,7326880.0
2021,2009,3218804.0,2896491.0,65900.0,256413.0,422675.0,2183023.0,8287859.0
2021,2010,26320660.0,23953387.0,1005061.0,1362212.0,1245260.0,1306151.0,23143623.0
2021,2012,11810242.0,9744419.0,964490.0,1101333.0,874177.0,812447.0,12691505.0
2021,2014,53744012.0,46197610.0,1022752.0,6523650.0,6350411.0,7758787.0,37479334.0
2021,2015,38360406.0,32711483.0,927915.0,4721008.0,4034565.0,4776600.0,26872216.0
2021,2017,4036006.0,3120528.0,362836.0,545975.0,628840.0,1132878.0,11316192.0
2021,2020,6558618.0,5700901.0,334179.0,522641.0,778503.0,875300.0,8131835.0
2021,2022,10700393.0,9294452.0,486759.0,919182.0,474434.0,99076.0,8733983.0
2021,2023,90046653.0,79145500.0,5867685.0,5033468.0,5220453.0,5054712.0,95141053.0
2021,2024,1526451.0,1263203.0,80814.0,182434.0,143349.0,138709.0,2007149.0
2021,2025,2470941.0,2166542.0,37191.0,265521.0,276324.0,264892.0,1953507.0
2021,2027,96886248.0,67815551.0,10132859.0,18936611.0,11562428.0,10960106.0,109071165.0
2021,2028,13571013.0,11299745.0,309004.0,1962264.0,1663050.0,1669381.0,8586451.0
2021,2029,14356130.0,12207867.0,588631.0,1559632.0,1281969.0,1226200.0,11762692.0
2021,2030,15238772.0,12422135.0,1089674.0,1726963.0,1204560.0,1185745.0,14429160.0
2021,2031,14103042.0,10985973.0,478962.0,2637114.0,2770838.0,3423360.0,25921883.0
2021,2032,3489139.0,3188213.0,110776.0,190150.0,166927.0,172375.0,2237882.0
2021,2033,844784.0,758856.0,71591.0,14337.0,14725.0,29229.0,1312377.0
2021,2034,17777919.0,14884779.0,1503919.0,1389221.0,1260047.0,780920.0,19078744.0
2021,2035,16813060.0,14841130.0,360705.0,1611225.0,1586250.0,1616903.0,20145714.0
2021,2038,10225130.0,9492301.0,211930.0,520899.0,442960.0,493082.0,8982319.0
2021,2041,9178403.0,8537397.0,360280.0,280726.0,560362.0,626274.0,8427049.0
2021,2048,124484643.0,99929166.0,2526897.0,22028580.0,17282913.0,17288656.0,169445079.0
2021,2049,27265162.0,17449754.0,4700815.0,5114593.0,3154693.0,3436137.0,51031819.0
2021,2056,4949045.0,4449310.0,314308.0,185427.0,185408.0,149094.0,4898945.0
2021,2059,6341989.0,2987157.0,635150.0,2719682.0,2072520.0,2065464.0,15432868.0
2021,2062,9637943.0,8255407.0,822846.0,559690.0,435829.0,409162.0,14259948.0
2021,2064,2696166.0,2410332.0,137983.0,147851.0,125653.0,119064.0,3375046.0
2021,2065,2859385.0,2290145.0,220344.0,348896.0,275900.0,400724.0,2926232.0
2021,2068,2310906.0,1664582.0,429365.0,216959.0,171896.0,144146.0,3289212.0
2021,2069,14260416.0,12327626.0,974252.0,958538.0,740740.0,756219.0,11145755.0
2021,2071,1815378.0,1524082.0,152637.0,138659.0,131323.0,131323.0,3076213.0
2021,2072,4812505.0,3658061.0,187911.0,966533.0,799970.0,799970.0,11956494.0
2021,2101,8077591.0,6748804.0,2160882.0,-831358.0,-243254.0,-271712.0,37323082.0
2021,2102,1561241.0,2296075.0,1113319.0,-1848153.0,-2349964.0,-2225933.0,11571629.0
2021,2103,32533238.0,25732774.0,3143910.0,3928099.0,4464305.0,4701571.0,32829763.0
2021,2104,24616736.0,17672290.0,1767609.0,5176837.0,3431840.0,3694274.0,57513321.0
2021,2105,101536961.0,79149642.0,14733508.0,7653811.0,5294850.0,4377283.0,149721997.0
2021,2106,34896128.0,27746346.0,5406907.0,1741027.0,917933.0,537471.0,46336074.0
2021,2107,2794884.0,1911220.0,256422.0,627242.0,777956.0,1269056.0,13115402.0
2021,2108,23517740.0,11277224.0,2328867.0,9911649.0,7494807.0,7453882.0,20751570.0
2021,2109,5540899.0,4288531.0,552648.0,699720.0,559101.0,178395.0,8323929.0
2021,2114,1937193.0,1120881.0,293863.0,522449.0,968394.0,968554.0,3690143.0
2021,2201,78047772.0,54626814.0,16287749.0,7135785.0,7742315.0,7892154.0,323862779.0
2021,2204,31125399.0,26184948.0,2898998.0,2039602.0,4403484.0,4590177.0,54735114.0
2021,2206,41617351.0,33684513.0,5710227.0,2222611.0,1964718.0,2064743.0,46531218.0
2021,2208,19113429.0,18558210.0,558133.0,-2914.0,9553.0,42299.0,43721511.0
2021,2211,13608597.0,11252685.0,601974.0,1753938.0,1604262.0,9445514.0,34486987.0
2021,2227,24668384.0,21854727.0,2690833.0,122994.0,3025993.0,2885157.0,24653475.0
2021,2228,3678578.0,2860840.0,667489.0,150249.0,238582.0,193572.0,5423292.0
2021,2230,564794.0,475226.0,87585.0,-342.0,-7913.0,-11545.0,1033039.0
2021,2231,4080435.0,2409425.0,1078348.0,592662.0,487688.0,480487.0,9566181.0
2021,2233,3232810.0,2083499.0,500112.0,649199.0,529978.0,514411.0,4926826.0
2021,2237,320901.0,376312.0,112404.0,-167815.0,-138027.0,-138027.0,1626089.0
2021,2241,1138098.0,991705.0,218097.0,-71704.0,-109760.0,-110042.0,2979596.0
2021,2252,894892.0,573310.0,324206.0,-2624.0,14541.0,14718.0,1461614.0
2021,2254,1159550.0,714790.0,133325.0,311435.0,251207.0,250678.0,2199660.0
2021,2255,2740584.0,2164408.0,405340.0,170836.0,143956.0,262013.0,2081071.0
2021,2258,66219.0,23852.0,1096618.0,-1054251.0,-786476.0,-787026.0,14997842.0
2021,2301,164827947.0,134330418.0,17455390.0,13042139.0,13929486.0,13553043.0,183543419.0
2021,2302,745850.0,494220.0,169757.0,81873.0,84972.0,109060.0,2147840.0
2021,2303,213011018.0,140961389.0,25590174.0,51686286.0,55112010.0,59243565.0,464426771.0
2021,2305,626223.0,421519.0,267684.0,-62980.0,20005.0,5902.0,2855213.0
2021,2308,314670796.0,224461345.0,58844710.0,31364741.0,28499233.0,23540727.0,365112310.0
2021,2313,63053656.0,51645755.0,4593207.0,6814694.0,5140037.0,5007588.0,71992900.0
2021,2314,3929852.0,3414680.0,990334.0,-475162.0,-450016.0,-457164.0,6552350.0
2021,2316,5349713.0,4907918.0,432417.0,9378.0,533553.0,575194.0,13805409.0
2021,2317,5994173882.0,5632046836.0,213167554.0,148959492.0,153823041.0,149911339.0,3908878394.0
2021,2324,1235682015.0,1194190441.0,28142981.0,13348593.0,13740488.0,12502580.0,537095340.0
2021,2327,106539360.0,63545050.0,13920205.0,29074105.0,22946772.0,17835384.0,209547389.0
2021,2328,24226194.0,21577044.0,1266945.0,1382205.0,1162597.0,1665986.0,24322424.0
2021,2329,15948138.0,13011394.0,1060463.0,1876281.0,1530581.0,1361078.0,17018489.0
2021,2330,1587415037.0,767877771.0,169222934.0,649980897.0,597073134.0,589453678.0,3725503455.0
2021,2332,15524901.0,11336144.0,4018889.0,169868.0,318111.0,-9032.0,14503864.0
2021,2337,50572991.0,29523012.0,9985874.0,11064105.0,11962839.0,12641016.0,76708148.0
2021,2338,6077362.0,4667982.0,975368.0,434012.0,886561.0,890893.0,16114227.0
2021,2340,6143243.0,4166464.0,965991.0,1010788.0,829373.0,1105003.0,12345359.0
2021,2342,1951967.0,1462141.0,228718.0,261108.0,248060.0,233256.0,3911574.0
2021,2344,99569924.0,57088857.0,24053145.0,18427922.0,15000122.0,19187053.0,152740284.0
2021,2345,59598681.0,48254085.0,5903870.0,5440726.0,4705058.0,4685811.0,35021369.0
2021,2349,7477106.0,6290225.0,1445817.0,-258936.0,-126132.0,55028.0,19244734.0
2021,2351,11152550.0,9042560.0,884571.0,1225419.0,910339.0,891896.0,13044590.0
2021,2352,225961031.0,193404414.0,25195651.0,7360966.0,10482857.0,11156108.0,187210595.0
2021,2354,104082031.0,96823495.0,3664533.0,3594003.0,4414636.0,3290078.0,174397614.0
2021,2355,18219280.0,17085633.0,1319301.0,-185654.0,337700.0,164007.0,23216943.0
2021,2356,519732048.0,497437486.0,17569928.0,4724634.0,5947093.0,5143758.0,247615422.0
2021,2357,535238735.0,424922806.0,60979873.0,49325602.0,46605402.0,52161022.0,504152814.0
2021,2358,2522900.0,2173288.0,137776.0,211836.0,144150.0,136630.0,3999464.0
2021,2359,3899210.0,3105248.0,744671.0,49291.0,216364.0,188737.0,7885982.0
2021,2360,17584023.0,9133871.0,5375160.0,3074993.0,4305315.0,4411549.0,29546117.0
2021,2362,26991842.0,21676266.0,3225737.0,2089839.0,1796350.0,2116496.0,91294127.0
2021,2363,252153.0,167666.0,439944.0,-355457.0,184678.0,6233166.0,23377496.0
2021,2365,1365913.0,1023797.0,291111.0,51005.0,50577.0,37058.0,3582493.0
2021,2367,13501569.0,13737011.0,1761041.0,-1996483.0,-242117.0,-170861.0,23062089.0
2021,2368,26607474.0,20236434.0,2245700.0,4122521.0,2926854.0,2947625.0,24980285.0
2021,2369,7733302.0,6258406.0,585593.0,889303.0,931591.0,963839.0,9424780.0
2021,2371,29604806.0,22372072.0,6432870.0,804137.0,2569662.0,1626789.0,111466347.0
2021,2374,3575369.0,2699501.0,1207226.0,-331358.0,720512.0,846536.0,8965197.0
2021,2375,7715536.0,5960978.0,813130.0,941428.0,1138798.0,1084315.0,18848418.0
2021,2376,121905357.0,92315325.0,15103519.0,14486513.0,13335146.0,13303923.0,69178190.0
2021,2377,201810152.0,163565876.0,18269632.0,19974644.0,16921005.0,16693789.0,101459590.0
2021,2379,105504286.0,52315883.0,35863507.0,17324896.0,16852811.0,16632770.0,101231913.0
2021,2380,2828116.0,2224378.0,730449.0,-126711.0,-125887.0,-206550.0,2585408.0
2021,2382,1129453350.0,1057342118.0,34833318.0,37277108.0,34359565.0,37593569.0,717569604.0
2021,2383,38500026.0,28431472.0,3145934.0,6922620.0,5500157.0,5351415.0,36565061.0
2021,2384,15111.0,156368.0,122718.0,-263975.0,2502834.0,2527160.0,6359600.0
2021,2385,107474079.0,88571844.0,10289217.0,8613018.0,7572296.0,7613104.0,83726387.0
2021,2387,24058229.0,21160005.0,1350452.0,1547772.0,1039013.0,978315.0,21910025.0
2021,2390,591470.0,485373.0,277143.0,-171046.0,1426589.0,1439383.0,4327516.0
2021,2392,86800735.0,77225461.0,7664433.0,1910841.0,1338504.0,581312.0,83126271.0
2021,2393,25022009.0,18323414.0,4283130.0,2415465.0,1996011.0,1942190.0,30525437.0
2021,2395,58622050.0,36490474.0,12331153.0,9800423.0,8307363.0,8535845.0,57828237.0
2021,2397,13211276.0,10690279.0,1994667.0,526330.0,781906.0,739793.0,12312196.0
2021,2399,2774796.0,2254663.0,303419.0,216714.0,361675.0,353211.0,3295819.0
2021,2401,7960831.0,3799225.0,3237903.0,923536.0,1756242.0,1841555.0,16377399.0
2021,2402,6478555.0,5674621.0,595824.0,208110.0,222893.0,177529.0,9065970.0
2021,2404,25606141.0,21519505.0,946975.0,3139661.0,2820482.0,2883026.0,23749502.0
2021,2405,1842202.0,1123556.0,716506.0,2140.0,196094.0,179419.0,4598597.0
2021,2406,8347818.0,7683909.0,1006960.0,-102268.0,-273657.0,-72721.0,14772567.0
2021,2408,85604158.0,48560210.0,9857625.0,27186323.0,22849015.0,21665239.0,191420863.0
2021,2409,370685141.0,279917384.0,27692141.0,63075616.0,63459098.0,62696076.0,424811046.0
2021,2413,4040354.0,3414832.0,568738.0,56784.0,44127.0,268439.0,4923288.0
2021,2415,2447290.0,1701782.0,301986.0,435686.0,308450.0,270182.0,9278792.0
2021,2417,4714618.0,2385814.0,1792396.0,536408.0,368896.0,354341.0,6306290.0
2021,2420,2662857.0,1636253.0,396764.0,629840.0,583651.0,567454.0,5695775.0
2021,2421,13561804.0,11025549.0,2072588.0,463667.0,429253.0,374887.0,11517320.0
2021,2423,2609162.0,1280752.0,948407.0,380003.0,289537.0,279193.0,3493572.0
2021,2424,13108.0,138858.0,97316.0,-223066.0,-223726.0,-223726.0,464316.0
2021,2425,6518064.0,5841667.0,321051.0,355346.0,162744.0,171643.0,3401340.0
2021,2426,3163375.0,2446714.0,406091.0,310547.0,726132.0,756796.0,6314687.0
2021,2427,3490591.0,2421188.0,917703.0,151700.0,149261.0,121068.0,4580622.0
2021,2428,7500455.0,4261024.0,1114596.0,2124835.0,1590623.0,1565436.0,12669885.0
2021,2431,1566696.0,1477411.0,194503.0,-105218.0,114731.0,124137.0,2071282.0
2021,2432,1287279.0,1098641.0,170159.0,18479.0,11828.0,55177.0,888406.0
2021,2436,3601983.0,2496114.0,645912.0,459957.0,751344.0,842480.0,5259512.0
2021,2439,36182719.0,31807621.0,3276541.0,1098557.0,1291090.0,371137.0,33862624.0
2021,2440,4202960.0,3894247.0,151182.0,157531.0,104692.0,148460.0,2509132.0
2021,2441,19461143.0,13191441.0,622612.0,5647090.0,4602762.0,4596480.0,26506083.0
2021,2442,1528310.0,970798.0,222494.0,335018.0,478035.0,487041.0,12066424.0
2021,2444,1767621.0,1549417.0,192651.0,25553.0,12242.0,8991.0,1852977.0
2021,2449,33759389.0,23407322.0,3745551.0,6606516.0,5234242.0,6829365.0,72220183.0
2021,2454,493414582.0,261809987.0,123564361.0,108040234.0,111872533.0,115676734.0,660876748.0
2021,2455,3608521.0,2088808.0,463194.0,1056519.0,855081.0,855101.0,4850585.0
2021,2457,12284041.0,10810739.0,1812626.0,-339324.0,-312618.0,-418078.0,13612660.0
2021,2458,18327973.0,9212132.0,3451175.0,5665225.0,5027538.0,5318099.0,16933008.0
2021,2460,4315078.0,3465537.0,405706.0,443835.0,243126.0,252920.0,5625290.0
2021,2461,6146290.0,4908947.0,1020905.0,216438.0,342074.0,237585.0,8215174.0
2021,2464,9861403.0,7816372.0,1353096.0,691398.0,531402.0,494413.0,11781085.0
2021,2465,8823056.0,7253418.0,1016168.0,553470.0,434629.0,435600.0,2012244.0
2021,2466,1341812.0,1108883.0,232204.0,725.0,54939.0,3406.0,3989544.0
2021,2467,5723265.0,3781424.0,1201725.0,740116.0,716406.0,804258.0,7338744.0
2021,2472,9957173.0,7028204.0,1134165.0,1794804.0,1474843.0,1509545.0,13163210.0
2021,2474,41094979.0,27525852.0,4809006.0,8760121.0,8596283.0,6026487.0,246902803.0
2021,2476,6420460.0,4524682.0,894052.0,1003011.0,752865.0,766863.0,9172585.0
2021,2477,3763996.0,3142625.0,648802.0,-27431.0,1626652.0,1538842.0,9045391.0
2021,2478,6314953.0,4520334.0,616517.0,1178102.0,953139.0,929543.0,9974438.0
2021,2481,13861744.0,9466106.0,2106216.0,2289422.0,1978030.0,2164663.0,26652789.0
2021,2482,827205.0,522947.0,304486.0,-228.0,6530.0,-2243.0,1181339.0
2021,2483,2171042.0,1814100.0,345230.0,11712.0,154615.0,234819.0,4367750.0
2021,2484,3226200.0,2302779.0,408969.0,514452.0,405283.0,1053981.0,5896090.0
2021,2485,6277543.0,6174568.0,595507.0,-492532.0,-370976.0,-377051.0,8557440.0
2021,2486,5988398.0,4819788.0,634232.0,534378.0,383466.0,344089.0,8487817.0
2021,2489,22231918.0,20411691.0,2149385.0,-329158.0,5022379.0,4955353.0,26744303.0
2021,2492,42108708.0,29596325.0,4112801.0,8399582.0,8961076.0,10118244.0,94180205.0
2021,2493,2938974.0,2160860.0,324540.0,453574.0,343298.0,371876.0,3841210.0
2021,2495,1189488.0,669051.0,494424.0,26013.0,146028.0,142734.0,5595133.0
2021,2497,2475727.0,1815985.0,488358.0,171384.0,96520.0,55281.0,3183244.0
2021,2498,5253279.0,3617222.0,5752491.0,-4116434.0,-3101817.0,-3001733.0,44184957.0
2021,2504,21801699.0,17695570.0,861737.0,3244392.0,2933244.0,3042593.0,35760483.0
2021,2597,21337098.0,18061063.0,962077.0,2313958.0,1785151.0,3252709.0,17410389.0
2021,2610,138841403.0,115486946.0,8386422.0,14968035.0,8956664.0,8987245.0,294721081.0
2021,2630,3884970.0,3656895.0,220967.0,7108.0,76984.0,77315.0,4740457.0
2021,2634,23734566.0,21963093.0,1280132.0,491341.0,558013.0,548788.0,40747892.0
2021,2644,4228322.0,4043382.0,165271.0,19669.0,75898.0,75898.0,8996062.0
2021,2645,9616931.0,8025570.0,439354.0,1152007.0,880785.0,835664.0,22449892.0
2021,2753,5955120.0,3722726.0,1579031.0,653363.0,525690.0,510016.0,5319475.0
2021,2911,3711748.0,2080980.0,2153656.0,-522888.0,-246060.0,-247201.0,5408292.0
2021,2915,2695981.0,1750759.0,907059.0,38163.0,15640631.0,722634.0,148273881.0
2021,2916,1355096.0,679769.0,551903.0,123424.0,137637.0,135757.0,1300425.0
2021,3002,588441.0,470901.0,145564.0,-28400.0,5804.0,-40084.0,1807120.0
2021,3003,4792301.0,3091836.0,579460.0,1121005.0,783614.0,829350.0,8326123.0
2021,3004,1426205.0,1260117.0,283261.0,-117173.0,-96729.0,-97884.0,4305727.0
2021,3006,23844898.0,15128779.0,2841112.0,5875007.0,5040020.0,5009629.0,20237379.0
2021,3008,46962402.0,18813768.0,5001530.0,23148121.0,18671230.0,18768395.0,174710880.0
2021,3011,1574747.0,1452643.0,211078.0,-88974.0,66929.0,50892.0,2045413.0
2021,3013,5284564.0,5024252.0,382707.0,-122395.0,-114771.0,-123428.0,7211902.0
2021,3014,7184586.0,3401417.0,1686770.0,2096399.0,1805918.0,2418473.0,8639409.0
2021,3015,15204727.0,12779675.0,1752296.0,671909.0,801279.0,2631139.0,21177542.0
2021,3016,5043332.0,4316899.0,262320.0,464113.0,380530.0,377380.0,6613535.0
2021,3017,47332739.0,38947058.0,3558632.0,4827049.0,3329894.0,3240699.0,50865107.0
2021,3019,20976807.0,16640357.0,2291231.0,2045219.0,1873629.0,1551541.0,22624237.0
2021,3021,3373438.0,2690890.0,446452.0,236096.0,130728.0,79268.0,2790431.0
2021,3022,6243509.0,4151602.0,1371419.0,720923.0,865580.0,794975.0,11596098.0
2021,3023,25530706.0,19121511.0,3621336.0,2787859.0,2487829.0,2507636.0,27148720.0
2021,3024,1535992.0,1191520.0,329130.0,15342.0,209601.0,248924.0,4360854.0
2021,3025,515510.0,249191.0,226320.0,39999.0,33026.0,31582.0,992323.0
2021,3027,1048947.0,726881.0,316613.0,5585.0,35524.0,71150.0,2587021.0
2021,3029,12878177.0,11582666.0,669340.0,626171.0,536122.0,605375.0,7676312.0
2021,3030,5606690.0,2558849.0,1489741.0,1558100.0,1185054.0,1173610.0,8009982.0
2021,3031,1532086.0,1092514.0,281054.0,158518.0,252796.0,315941.0,3665160.0
2021,3032,8293189.0,6713833.0,1130113.0,449243.0,382550.0,349665.0,7980699.0
2021,3033,72404886.0,67242044.0,2637223.0,2525619.0,1721140.0,1626511.0,27535230.0
2021,3034,135365510.0,67973986.0,19618414.0,47773110.0,38865560.0,40000899.0,120593034.0
2021,3037,104562747.0,80899930.0,10629041.0,13170291.0,13524558.0,13963041.0,170055253.0
2021,3038,4183403.0,3470218.0,450191.0,266855.0,236535.0,270150.0,3589443.0
2021,3040,171529.0,60695.0,42911.0,67923.0,124020.0,334060.0,1777936.0
2021,3041,2815374.0,1748026.0,1160438.0,-93090.0,-89650.0,-87584.0,3809371.0
2021,3042,15244851.0,9617622.0,2152484.0,3474745.0,3116984.0,4253250.0,20803268.0
2021,3043,998240.0,831932.0,229704.0,-63396.0,-3107.0,29350.0,1174496.0
2021,3044,62999989.0,51100638.0,5286113.0,6613238.0,5858341.0,6123174.0,84787171.0
2021,3046,2573408.0,2211857.0,286103.0,75448.0,136351.0,135317.0,1697502.0
2021,3047,5247518.0,4069648.0,1215514.0,-37644.0,-72184.0,-83519.0,7364418.0
2021,3049,3775822.0,2477053.0,295464.0,1003305.0,1047945.0,1272158.0,16618274.0
2021,3050,1013446.0,666194.0,234508.0,112744.0,155698.0,151665.0,5242641.0
2021,3051,3191831.0,2410993.0,464007.0,316831.0,809938.0,788634.0,4808906.0
2021,3052,3614744.0,3409834.0,136950.0,67960.0,106007.0,105575.0,8165658.0
2021,3054,47813.0,40272.0,56181.0,-48640.0,45563.0,42930.0,947899.0
2021,3055,2646239.0,2341765.0,661114.0,-353740.0,-364663.0,-349585.0,6406670.0
2021,3057,948602.0,604577.0,348864.0,-4839.0,451.0,-26739.0,1399418.0
2021,3058,4721839.0,4363151.0,674437.0,-315749.0,-323814.0,-356107.0,5237522.0
2021,3059,9085774.0,6927052.0,1926248.0,232474.0,280261.0,166528.0,16342593.0
2021,3060,4158812.0,3473472.0,502688.0,182652.0,181504.0,21671.0,5120949.0
2021,3062,3946796.0,3837535.0,389712.0,-280451.0,24393.0,107889.0,7585846.0
2021,3066,433859.0,312246.0,101559.0,20054.0,169401.0,174149.0,1767053.0
2021,3071,2504334.0,1808253.0,473310.0,222771.0,196145.0,181997.0,3211340.0
2021,3081,1872703.0,1104246.0,356386.0,412071.0,337544.0,335872.0,4981120.0
2021,3088,5069606.0,3368611.0,1284026.0,417006.0,390915.0,348930.0,5335691.0
2021,3090,10913154.0,8899633.0,861457.0,1152064.0,878367.0,929473.0,8866683.0
2021,3092,3006985.0,2516502.0,444914.0,26862.0,22676.0,19951.0,5005518.0
2021,3094,283470.0,81903.0,145043.0,56524.0,69662.0,66871.0,1173379.0
2021,3097,2701986.0,1848563.0,667147.0,186276.0,134623.0,112063.0,2095254.0
2021,3135,4374669.0,3977393.0,121656.0,275620.0,212173.0,212173.0,1774028.0
2021,3138,1432826.0,827467.0,450232.0,155127.0,285329.0,275226.0,2298248.0
2021,3149,2613833.0,2576766.0,235484.0,-198417.0,-120795.0,-122729.0,4493822.0
2021,3152,2846304.0,1211435.0,334902.0,1299967.0,1026825.0,1026712.0,4521781.0
2021,3162,1345130.0,1127732.0,140721.0,76677.0,82194.0,54201.0,3200473.0
2021,3163,2296452.0,1930720.0,258037.0,107775.0,81644.0,81819.0,2881199.0
2021,3164,427929.0,128603.0,174287.0,125039.0,109601.0,102283.0,1698033.0
2021,3167,4443506.0,3293553.0,599075.0,550878.0,438849.0,425777.0,5843418.0
2021,3168,4319835.0,3551806.0,352879.0,413447.0,314351.0,309601.0,4147935.0
2021,3169,1318327.0,563758.0,296625.0,457944.0,384122.0,377508.0,2006140.0
2021,3184,212861.0,132323.0,111200.0,-30662.0,-37350.0,-37345.0,647393.0
2021,3189,35672763.0,25146918.0,5521279.0,5004566.0,4492108.0,4467839.0,58386148.0
2021,3202,4642963.0,3978995.0,607962.0,56006.0,147539.0,137224.0,4503238.0
2021,3206,4262959.0,3655813.0,464793.0,142353.0,131313.0,138957.0,2866957.0
2021,3211,20769514.0,19133982.0,787205.0,848327.0,3309019.0,3219480.0,21213135.0
2021,3217,3016477.0,1746117.0,485332.0,785028.0,639055.0,926656.0,4924239.0
2021,3219,2051628.0,907575.0,705056.0,438997.0,414909.0,407168.0,2298776.0
2021,3221,2930605.0,2206593.0,494749.0,229229.0,509342.0,504291.0,3696408.0
2021,3224,2011817.0,1746775.0,301079.0,-36037.0,-53381.0,-61863.0,3539393.0
2021,3226,2918173.0,2227137.0,179838.0,511198.0,230501.0,230340.0,2189595.0
2021,3227,8800642.0,3778000.0,3190284.0,1832358.0,1576102.0,2172781.0,13518620.0
2021,3228,618373.0,98260.0,319171.0,200942.0,182229.0,182783.0,779983.0
2021,3229,440436.0,397337.0,103181.0,-60082.0,-65063.0,-66235.0,533158.0
2021,3230,1404509.0,1226026.0,178557.0,10429.0,-32177.0,-38202.0,1979576.0
2021,3231,862082848.0,810948132.0,34760078.0,16374638.0,14727811.0,12709505.0,497297806.0
2021,3234,1313847.0,1081377.0,352871.0,-120670.0,-140546.0,-141828.0,1781983.0
2021,3236,2478376.0,1986080.0,343961.0,148335.0,94760.0,63085.0,2930963.0
2021,3257,1296040.0,594665.0,235572.0,465803.0,401152.0,396604.0,1987719.0
2021,3260,39593764.0,33822576.0,3453115.0,2318073.0,2358374.0,2216988.0,32795958.0
2021,3264,11925871.0,7495278.0,1365200.0,3065393.0,2580294.0,2451833.0,26318368.0
2021,3265,3086392.0,2374827.0,231174.0,480391.0,393931.0,314036.0,6338251.0
2021,3272,4683143.0,4212137.0,465720.0,5286.0,31655.0,22465.0,5437096.0
2021,3276,1622636.0,1518837.0,90550.0,13249.0,91176.0,95625.0,1918237.0
2021,3284,571491.0,517501.0,106755.0,-52765.0,-52384.0,-54434.0,1284348.0
2021,3290,1717651.0,1374981.0,274943.0,67727.0,76728.0,63558.0,3087463.0
2021,3293,11285788.0,458970.0,5013133.0,5813685.0,4734515.0,5270598.0,12234377.0
2021,3294,5319553.0,4693344.0,581185.0,45024.0,23906.0,-1202.0,5822890.0
2021,3296,3194154.0,2908372.0,445665.0,-159883.0,-158316.0,-171279.0,2591700.0
2021,3303,2847545.0,2006354.0,461565.0,379626.0,151337.0,144888.0,3497705.0
2021,3305,8272123.0,6952582.0,444774.0,874767.0,614610.0,570487.0,8449801.0
2021,3306,1359014.0,1093448.0,263568.0,3742.0,53168.0,202511.0,2156923.0
2021,3308,378301.0,365704.0,75524.0,-62927.0,-26563.0,-34729.0,1420930.0
2021,3310,1268020.0,1026633.0,172690.0,68697.0,66585.0,74760.0,5461208.0
2021,3311,1815926.0,1529867.0,228750.0,57309.0,61826.0,34170.0,3086517.0
2021,3312,18852689.0,17760722.0,545647.0,546320.0,445506.0,408564.0,7308722.0
2021,3317,2858970.0,2013836.0,396077.0,449057.0,354068.0,353326.0,3136275.0
2021,3321,2241589.0,1981478.0,314630.0,-54519.0,-84907.0,-87443.0,2244895.0
2021,3322,4032556.0,3330775.0,527875.0,173906.0,208645.0,182605.0,2581350.0
2021,3323,13954161.0,12804023.0,804531.0,345607.0,254076.0,240629.0,7659529.0
2021,3324,14257907.0,11595043.0,1283770.0,1379094.0,1153875.0,1103871.0,11895049.0
2021,3338,4978281.0,4094906.0,600563.0,282812.0,187449.0,175709.0,4035952.0
2021,3339,858059.0,781583.0,86041.0,-9565.0,80516.0,80673.0,1208107.0
2021,3354,199597.0,161125.0,119724.0,-81252.0,-51528.0,-50369.0,1442715.0
2021,3357,6165281.0,4029717.0,805368.0,1330196.0,1197065.0,1195052.0,9605492.0
2021,3360,9388683.0,9031356.0,221396.0,135931.0,99826.0,95631.0,4196626.0
2021,3362,3650434.0,3060533.0,546315.0,43586.0,-9986.0,-19260.0,6270673.0
2021,3363,1988269.0,1533623.0,213371.0,241275.0,201644.0,154756.0,2327508.0
2021,3372,1944950.0,1424037.0,106412.0,414501.0,411645.0,409917.0,2627922.0
2021,3374,7667343.0,5080128.0,461577.0,2207942.0,1877082.0,1879133.0,8172620.0
2021,3376,12140949.0,9702342.0,861857.0,1576750.0,1169603.0,1105875.0,21356562.0
2021,3380,27862336.0,23276437.0,3876226.0,709673.0,540412.0,527067.0,24730784.0
2021,3388,9434003.0,7570936.0,1095960.0,767107.0,615211.0,641810.0,6355557.0
2021,3390,898920.0,731365.0,114234.0,53321.0,32620.0,89747.0,1962701.0
2021,3402,3431604.0,2754721.0,311354.0,365529.0,281194.0,272810.0,3851388.0
2021,3406,16736453.0,10818863.0,2901920.0,3015670.0,2281723.0,2365496.0,30462873.0
2021,3413,12246437.0,9153770.0,1104328.0,1988339.0,1518523.0,1527100.0,14179634.0
2021,3416,2501627.0,1663514.0,400948.0,437332.0,364706.0,358124.0,3529883.0
2021,3419,1580533.0,1304257.0,331097.0,-54478.0,-40345.0,-43608.0,2426342.0
2021,3437,4396109.0,3773988.0,561003.0,61118.0,88311.0,149374.0,4248525.0
2021,3443,15107915.0,9877961.0,3556062.0,1673892.0,1460149.0,1446382.0,14857659.0
2021,3447,3524960.0,3044763.0,321687.0,158510.0,147655.0,133077.0,3027797.0
2021,3450,7197540.0,5504874.0,579269.0,1113397.0,790641.0,794846.0,9931867.0
2021,3455,2762353.0,1366541.0,845348.0,550464.0,448978.0,450530.0,4082552.0
2021,3463,2939181.0,2705334.0,265830.0,-31983.0,-4762.0,-15894.0,2553395.0
2021,3466,1040607.0,831114.0,290352.0,-80859.0,-79566.0,-78435.0,1522325.0
2021,3479,4927722.0,3769363.0,900732.0,257627.0,243878.0,215741.0,4552556.0
2021,3481,350076690.0,258577010.0,28786605.0,62713075.0,57545123.0,60356836.0,467519590.0
2021,3483,7819527.0,6355305.0,1055132.0,409090.0,400048.0,385597.0,7861168.0
2021,3484,6912009.0,5380277.0,875304.0,656428.0,566503.0,525976.0,5687002.0
2021,3489,1909049.0,1726485.0,115493.0,67071.0,47618.0,47618.0,3466093.0
2021,3491,1758389.0,1103073.0,433963.0,221353.0,282590.0,297850.0,3530303.0
2021,3494,455560.0,401000.0,299184.0,-244624.0,-244610.0,-247574.0,2239501.0
2021,3498,1466481.0,964032.0,473418.0,29031.0,15788.0,38032.0,3969776.0
2021,3499,437502.0,339111.0,146087.0,-47696.0,-10115.0,-12924.0,1159242.0
2021,3501,5582213.0,4513601.0,624991.0,443621.0,345312.0,311777.0,8326007.0
2021,3504,4562666.0,3777396.0,757970.0,27300.0,26974.0,2073.0,5940138.0
2021,3508,1334461.0,1204579.0,288020.0,-158138.0,-98960.0,-106146.0,3188358.0
2021,3511,3068487.0,2425000.0,456275.0,187212.0,126261.0,126754.0,3575476.0
2021,3512,2212558.0,1640337.0,214268.0,357953.0,317945.0,319652.0,5194690.0
2021,3515,19762672.0,14198647.0,2505832.0,3058193.0,2459938.0,2348207.0,15893950.0
2021,3516,1076297.0,953664.0,118821.0,3812.0,43851.0,17106.0,1920739.0
2021,3518,800103.0,508203.0,231286.0,60614.0,41256.0,32630.0,1877827.0
2021,3520,1178027.0,1006411.0,147205.0,24411.0,16164.0,15009.0,1489024.0
2021,3523,295799.0,302735.0,111718.0,-118654.0,-120468.0,-114799.0,1345361.0
2021,3526,2619822.0,1395876.0,511188.0,712758.0,643172.0,633134.0,4080995.0
2021,3529,2363824.0,0.0,1095012.0,1268812.0,1093654.0,1118466.0,3187308.0
2021,3531,2062548.0,1716118.0,260362.0,86068.0,77287.0,69565.0,2797351.0
2021,3532,12166313.0,9613840.0,736454.0,1816019.0,1410770.0,1340588.0,23721445.0
2021,3533,21391917.0,12834611.0,4198039.0,4359267.0,3519031.0,3434852.0,26419391.0
2021,3535,1409254.0,1016464.0,265602.0,127188.0,96811.0,96476.0,2204764.0
2021,3537,3156240.0,2634482.0,228091.0,293667.0,212513.0,207797.0,2060857.0
2021,3541,1660746.0,1012461.0,399915.0,248370.0,190392.0,186957.0,1859756.0
2021,3543,3535076.0,3092024.0,440433.0,2619.0,173989.0,132519.0,5193268.0
2021,3545,21991497.0,11262098.0,3598933.0,7130466.0,6096850.0,6005085.0,25331934.0
2021,3548,7446666.0,6217941.0,998774.0,229951.0,247795.0,168311.0,9048481.0
2021,3550,4849634.0,4049766.0,672403.0,127465.0,82084.0,70131.0,4394677.0
2021,3551,2136895.0,1373272.0,346725.0,416898.0,407061.0,418770.0,4437958.0
2021,3552,8389099.0,6482473.0,1402903.0,500721.0,465607.0,436214.0,10172445.0
2021,3556,1615266.0,771501.0,408521.0,435244.0,372834.0,371893.0,1826867.0
2021,3563,2750264.0,1055693.0,625805.0,1068766.0,826469.0,825395.0,4509082.0
2021,3564,2016727.0,1545972.0,391284.0,79471.0,44617.0,46623.0,2567901.0
2021,3576,14302408.0,13573589.0,1446968.0,-820746.0,-1341587.0,-1396486.0,31215256.0
2021,3577,1041905.0,416901.0,421280.0,206813.0,170627.0,167968.0,1494057.0
2021,3583,4683787.0,2976583.0,1111772.0,555245.0,419905.0,417735.0,8327817.0
2021,3585,618318.0,504162.0,107896.0,7118.0,16152.0,55956.0,1673575.0
2021,3588,2134483.0,1252524.0,514419.0,367540.0,328977.0,326973.0,2172296.0
2021,3591,2105864.0,1595656.0,360135.0,150073.0,127745.0,-14550.0,4046753.0
2021,3592,24833838.0,14202144.0,5513003.0,5118691.0,4290981.0,4425226.0,19202277.0
2021,3593,1211862.0,1109952.0,121799.0,-19889.0,-39240.0,-45143.0,1463346.0
2021,3594,1509412.0,1097361.0,380141.0,31640.0,21492.0,10552.0,3189144.0
2021,3596,38240058.0,32930556.0,3110415.0,2199087.0,1701800.0,1624578.0,33901113.0
2021,3607,3840940.0,3832007.0,474751.0,-465818.0,-294060.0,-365910.0,3887291.0
2021,3615,1268101.0,973256.0,190752.0,104093.0,139837.0,161967.0,3260563.0
2021,3622,1449291.0,1167724.0,227476.0,54091.0,296465.0,759941.0,6060570.0
2021,3624,3106485.0,2095677.0,399686.0,611122.0,479579.0,477166.0,3985547.0
2021,3625,2208360.0,1969050.0,354087.0,-114777.0,-168496.0,-208006.0,3680097.0
2021,3630,2418853.0,2314124.0,768882.0,-664153.0,-631558.0,-586618.0,7381475.0
2021,3631,193454.0,176866.0,63077.0,-46489.0,-17370.0,-32430.0,2765558.0
2021,3645,2391130.0,1626372.0,374183.0,390575.0,294431.0,293927.0,5348339.0
2021,3652,2356165.0,1605644.0,666405.0,84116.0,51855.0,36373.0,2318133.0
2021,3653,8801149.0,6042862.0,1048270.0,1710017.0,1238142.0,1228687.0,13520657.0
2021,3656,1459539.0,969152.0,189593.0,300794.0,261601.0,261612.0,1518440.0
2021,3659,1906410.0,1561344.0,211057.0,134009.0,106401.0,105483.0,1720262.0
2021,3663,3003192.0,2771410.0,139089.0,92693.0,70311.0,68860.0,1683469.0
2021,3666,1726892.0,1578117.0,207127.0,-58352.0,-32168.0,-39855.0,1992067.0
2021,3669,3686996.0,1743285.0,1202930.0,740781.0,652337.0,238443.0,4258362.0
2021,3679,4829110.0,3464092.0,475436.0,889582.0,606688.0,572205.0,9097092.0
2021,3680,3121186.0,1883178.0,777859.0,460149.0,369829.0,376670.0,9501316.0
2021,3685,1491600.0,1279621.0,218621.0,-6642.0,4323.0,63.0,2371920.0
2021,3686,243740.0,110493.0,44979.0,88268.0,-20532.0,-20532.0,801462.0
2021,3688,305985.0,391121.0,137772.0,-282908.0,-298174.0,-297954.0,2194119.0
2021,3691,7632452.0,7055629.0,839648.0,-262825.0,-445878.0,-241821.0,12394530.0
2021,3694,11446655.0,10237782.0,944778.0,264095.0,308878.0,253385.0,6402928.0
2021,3707,7269400.0,6279477.0,504253.0,485670.0,387479.0,388765.0,9880711.0
2021,4105,4535610.0,1767630.0,1625901.0,1140652.0,822569.0,726644.0,9296465.0
2021,4108,168936.0,90623.0,210421.0,-132108.0,-95516.0,-23706.0,2470112.0
2021,4109,242481.0,158711.0,84700.0,-930.0,5099.0,-1645.0,1021399.0
2021,4111,1041812.0,694971.0,255098.0,91743.0,80751.0,81933.0,1659778.0
2021,4114,3234960.0,1949592.0,1098629.0,184530.0,116075.0,125706.0,10316783.0
2021,4115,1139612.0,938832.0,119923.0,80857.0,71056.0,69675.0,1532089.0
2021,4117,551658.0,269722.0,238143.0,43793.0,44082.0,46913.0,1264442.0
2021,4119,864217.0,656128.0,134431.0,73658.0,55696.0,38152.0,4189895.0
2021,4120,4767028.0,2616299.0,2246413.0,-95684.0,74296.0,-12890.0,9403438.0
2021,4123,500107.0,240448.0,513811.0,-254152.0,2156951.0,1889643.0,30443714.0
2021,4126,2018749.0,1495333.0,210018.0,313398.0,386415.0,396314.0,3795447.0
2021,4128,1782038.0,1042670.0,1902472.0,-1161372.0,-233160.0,27748.0,15016604.0
2021,4129,2570866.0,729522.0,1681825.0,161425.0,52877.0,-1178.0,5244828.0
2021,4130,434254.0,284500.0,150920.0,-1166.0,372.0,-3916.0,1515512.0
2021,4133,451487.0,254148.0,153519.0,43820.0,28369.0,36994.0,1283049.0
2021,4142,1641061.0,1176916.0,670951.0,-206806.0,14285.0,-500.0,8010087.0
2021,4147,413442.0,329487.0,570322.0,-486367.0,-470933.0,-489301.0,4610730.0
2021,4150,898079.0,939842.0,216945.0,-258708.0,-293237.0,-299770.0,1966771.0
2021,4153,712232.0,530636.0,159168.0,22603.0,21855.0,12786.0,1181689.0
2021,4161,737892.0,574347.0,127818.0,35727.0,20555.0,-28016.0,1523922.0
2021,4166,463342.0,320669.0,276161.0,-133488.0,-102652.0,-101612.0,1763824.0
2021,4167,1743785.0,1435919.0,278526.0,29340.0,9956.0,9956.0,4538684.0
2021,4171,1012077.0,265097.0,264630.0,482350.0,370474.0,370643.0,1684418.0
2021,4186,243363.0,118571.0,227681.0,-102889.0,-118525.0,-117498.0,713744.0
2021,4188,85791.0,25126.0,97436.0,-36771.0,-26890.0,-16614.0,615752.0
2021,4195,389965.0,280042.0,138582.0,-28659.0,12092.0,-4358.0,853180.0
2021,4205,1724236.0,1019470.0,288185.0,416581.0,333731.0,333731.0,2170771.0
2021,4303,365000.0,303264.0,43147.0,18589.0,136765.0,139031.0,1259462.0
2021,4305,1172837.0,943449.0,74909.0,154479.0,111416.0,113680.0,1212160.0
2021,4306,17181794.0,14275031.0,1602864.0,1303899.0,849665.0,1113768.0,30288294.0
2021,4401,5024292.0,4385524.0,216343.0,422425.0,321791.0,321922.0,5997162.0
2021,4406,493078.0,446793.0,24886.0,21399.0,17129.0,50811.0,846474.0
2021,4414,16487250.0,14291492.0,3354664.0,-1158906.0,-1910021.0,-1958554.0,19128542.0
2021,4417,2379223.0,1685239.0,362209.0,331775.0,265112.0,234912.0,4295585.0
2021,4426,642896.0,912071.0,166850.0,-436025.0,-371570.0,-387657.0,4961765.0
2021,4427,4451207.0,3824161.0,261628.0,365418.0,1010713.0,998527.0,6200733.0
2021,4430,2221567.0,1774202.0,430270.0,17095.0,42294.0,73059.0,4139910.0
2021,4432,1349350.0,1247456.0,181374.0,-79480.0,-103105.0,-116029.0,1368089.0
2021,4433,2879693.0,2304672.0,490710.0,84311.0,77995.0,67550.0,4676415.0
2021,4440,1820164.0,1370448.0,84158.0,365558.0,311369.0,312902.0,2152544.0
2021,4441,6786842.0,5551618.0,519831.0,715393.0,583011.0,576850.0,4907392.0
2021,4502,1426336.0,1336860.0,211920.0,-122444.0,-149420.0,-151196.0,2397920.0
2021,4503,134340.0,131678.0,38770.0,-36108.0,-33192.0,-36494.0,699578.0
2021,4506,4605023.0,3187359.0,529530.0,888134.0,777883.0,806702.0,8409554.0
2021,4510,1957939.0,1665175.0,312791.0,-20027.0,-35072.0,-125951.0,5145712.0
2021,4513,1607091.0,1217827.0,343287.0,45977.0,33900.0,28691.0,2530606.0
2021,4526,9625890.0,7747611.0,1709404.0,168875.0,156014.0,180178.0,16003449.0
2021,4527,2533785.0,1933184.0,424914.0,175687.0,150887.0,146118.0,2869811.0
2021,4528,2535382.0,1978312.0,335357.0,221713.0,181297.0,177062.0,4606246.0
2021,4529,3188.0,8974.0,97423.0,-103209.0,-509308.0,557754.0,1579210.0
2021,4532,22601601.0,20249123.0,1765688.0,586790.0,518114.0,581730.0,26582507.0
2021,4533,3795751.0,2982851.0,807416.0,5484.0,56663.0,42789.0,6132233.0
2021,4534,1205050.0,973583.0,169962.0,61505.0,51551.0,48003.0,1753101.0
2021,4535,2766438.0,2226107.0,206472.0,333859.0,252953.0,244463.0,3110772.0
2021,4536,8691928.0,6037246.0,1216157.0,1438525.0,930637.0,871353.0,11250987.0
2021,4537,2023170.0,1249427.0,648600.0,125143.0,91692.0,80299.0,4188552.0
2021,4538,462592.0,374543.0,41057.0,46992.0,38590.0,38543.0,786482.0
2021,4540,3285319.0,2434561.0,509203.0,341555.0,237300.0,271793.0,6828378.0
2021,4541,1060189.0,934153.0,164217.0,-38181.0,119.0,704.0,3958265.0
2021,4543,927189.0,749258.0,128747.0,49184.0,29928.0,27613.0,2283118.0
2021,4544,1460987.0,1114239.0,265829.0,80919.0,83778.0,79285.0,2048576.0
2021,4545,2167903.0,1707939.0,329964.0,130000.0,89217.0,54462.0,3077095.0
2021,4549,1272541.0,548580.0,386543.0,337418.0,275936.0,258220.0,2091216.0
2021,4558,2125441.0,1785640.0,91703.0,248098.0,200772.0,200325.0,2161118.0
2021,4559,1573826.0,1206440.0,269407.0,97979.0,89662.0,81519.0,2072396.0
2021,4561,1391841.0,1101823.0,98903.0,191115.0,145736.0,145012.0,2477377.0
2021,4562,823592.0,619080.0,299737.0,-93450.0,-136471.0,-132788.0,2810146.0
2021,4563,2022548.0,1639578.0,488543.0,-105573.0,-184856.0,-220693.0,3747417.0
2021,4564,2480922.0,1833772.0,191455.0,455695.0,319805.0,319777.0,8108233.0
2021,4566,4305940.0,3421164.0,647158.0,237618.0,166766.0,177649.0,6816805.0
2021,4576,3184304.0,2098095.0,690367.0,395842.0,326294.0,328575.0,5895397.0
2021,4577,1245511.0,859360.0,257712.0,128439.0,91064.0,72633.0,2284556.0
2021,4583,3291062.0,1655455.0,543984.0,1091623.0,862450.0,862450.0,11470730.0
2021,4585,1258856.0,703181.0,545488.0,10187.0,54082.0,54012.0,2097622.0
2021,4590,1695740.0,1328699.0,310413.0,56628.0,76962.0,76917.0,4782012.0
2021,4702,1080404.0,994356.0,79889.0,6159.0,83534.0,71095.0,1406149.0
2021,4706,1446204.0,1158243.0,176567.0,111394.0,89195.0,78065.0,1726271.0
2021,4711,1148633.0,971381.0,87061.0,90191.0,77381.0,75813.0,1407795.0
2021,4714,706252.0,606862.0,123418.0,-24028.0,159423.0,287850.0,5215786.0
2021,4716,761658.0,637094.0,183793.0,-59229.0,251267.0,251932.0,1727111.0
2021,4720,3550382.0,2904273.0,577475.0,68717.0,36046.0,26429.0,3280649.0
2021,4721,4126416.0,3575002.0,139362.0,417068.0,360634.0,321095.0,2444752.0
2021,4722,4830426.0,3824508.0,537817.0,468101.0,367807.0,359087.0,4622906.0
2021,4726,774270.0,636661.0,222940.0,-85331.0,-89858.0,-79298.0,3139012.0
2021,4728,1035659.0,141212.0,527078.0,367369.0,245642.0,243665.0,1484016.0
2021,4729,1149125.0,1028548.0,212980.0,-92403.0,-178866.0,-198110.0,3320275.0
2021,4736,6493259.0,3284087.0,1113972.0,2095200.0,2044210.0,1982725.0,10522471.0
2021,4737,1849924.0,1066793.0,707837.0,75294.0,89325.0,86244.0,4563882.0
2021,4738,300473.0,237887.0,64703.0,-2117.0,5368.0,4609.0,375264.0
2021,4739,7338783.0,6395418.0,358992.0,584373.0,448420.0,419661.0,10205453.0
2021,4743,65765.0,20721.0,923183.0,-878139.0,-412823.0,-49359.0,15731044.0
2021,4744,1094726.0,644853.0,369733.0,80140.0,76169.0,69243.0,2058339.0
2021,4749,1609310.0,1187143.0,375386.0,52685.0,122346.0,122550.0,3616225.0
2021,4755,4779885.0,3584780.0,473613.0,721492.0,672710.0,647964.0,6575576.0
2021,4764,3063040.0,2525197.0,390498.0,147345.0,106631.0,91753.0,4813973.0
2021,4766,17980007.0,13877962.0,3049851.0,1052194.0,929353.0,5902078.0,25927635.0
2021,4770,3833732.0,2176863.0,462671.0,1194198.0,966297.0,950533.0,8152049.0
2021,4771,1419688.0,927876.0,175252.0,316560.0,278091.0,273832.0,2889496.0
2021,4772,515666.0,254500.0,65854.0,195312.0,194445.0,194445.0,1696616.0
2021,4773,4128983.0,3162582.0,371612.0,594789.0,459107.0,457429.0,2115484.0
2021,4903,812924.0,692916.0,154094.0,-34086.0,-49889.0,-49836.0,1240432.0
2021,4906,22912691.0,20852099.0,1704499.0,356093.0,681584.0,2649753.0,20217030.0
2021,4908,778945.0,458651.0,142911.0,177383.0,145220.0,136737.0,1777945.0
2021,4909,673307.0,690018.0,99569.0,-116280.0,-117862.0,-118758.0,2666879.0
2021,4911,24571.0,14946.0,29185.0,-19560.0,-19884.0,-19884.0,692133.0
2021,4915,71649849.0,62270246.0,6566998.0,2812605.0,2393221.0,2169512.0,49474198.0
2021,4916,2097948.0,1780226.0,348901.0,-31179.0,106306.0,45130.0,3001970.0
2021,4919,41455957.0,24599840.0,13528974.0,3327143.0,2940752.0,2956258.0,34408390.0
2021,4925,967360.0,338796.0,659394.0,-30830.0,180059.0,180315.0,1710971.0
2021,4931,1494870.0,1340769.0,199169.0,-45068.0,-39667.0,-42218.0,1378676.0
2021,4933,2962247.0,2231750.0,367124.0,363373.0,291699.0,294865.0,4319342.0
2021,4934,1583558.0,1818634.0,302991.0,-538067.0,-926557.0,-892725.0,4031361.0
2021,4938,1263720182.0,1217146814.0,29718908.0,16854460.0,25027094.0,21759931.0,676770363.0
2021,4939,1957145.0,1413332.0,280912.0,262901.0,173091.0,160828.0,3038314.0
2021,4942,8718498.0,6717203.0,826023.0,1175272.0,908093.0,834846.0,11311150.0
2021,4949,3128162.0,2298046.0,751919.0,78197.0,52082.0,41942.0,1564079.0
2021,4952,3580908.0,1953675.0,836744.0,790489.0,658713.0,653111.0,3719287.0
2021,4956,1762614.0,1373417.0,234037.0,155160.0,144091.0,143934.0,3149095.0
2021,4960,11134393.0,10225627.0,710983.0,197783.0,763192.0,672151.0,15743598.0
2021,4961,22868238.0,12204261.0,2946860.0,7717117.0,6389635.0,6400585.0,24292542.0
2021,4967,7651772.0,7200214.0,612269.0,-160711.0,-91484.0,-99244.0,3715470.0
2021,4972,1051699.0,687364.0,221626.0,142709.0,95972.0,79988.0,1426202.0
2021,4976,1622761.0,1474440.0,134571.0,13750.0,6028.0,6028.0,3628038.0
2021,4979,866016.0,883399.0,188229.0,-205612.0,-284964.0,-321021.0,1948978.0
2021,4985,1277123.0,1017030.0,152458.0,107635.0,157636.0,146743.0,2035684.0
2021,4989,4483138.0,3619162.0,147565.0,716411.0,564208.0,624639.0,3185603.0
2021,4999,3045850.0,2349892.0,381643.0,314315.0,181942.0,175061.0,4298255.0
2021,5007,7107173.0,5360330.0,517087.0,1229756.0,1005192.0,986953.0,8385910.0
2021,5009,8770944.0,6432174.0,1264718.0,1074052.0,837300.0,811677.0,22138168.0
2021,5011,3761200.0,3466580.0,152313.0,142307.0,134543.0,110787.0,3636019.0
2021,5013,8642008.0,7133897.0,478428.0,1029683.0,764717.0,765804.0,8652977.0
2021,5014,18554174.0,17189163.0,594801.0,770210.0,521570.0,520304.0,7391548.0
2021,5015,2428388.0,1829084.0,260897.0,338407.0,248756.0,211249.0,2343490.0
2021,5210,257158.0,72624.0,222467.0,-37933.0,-22820.0,-21848.0,797737.0
2021,5222,916696.0,421996.0,182387.0,312313.0,246600.0,246199.0,2309949.0
2021,5233,294947.0,384168.0,192132.0,-281353.0,-280108.0,-657198.0,7464439.0
2021,5234,4513434.0,2902708.0,843117.0,767609.0,680410.0,680391.0,4649558.0
2021,5236,2288496.0,848856.0,665477.0,774163.0,635438.0,636812.0,3288467.0
2021,5258,4455316.0,3219975.0,907604.0,327737.0,236096.0,216094.0,4583505.0
2021,5272,579748.0,281074.0,257028.0,41646.0,52520.0,156612.0,1305058.0
2021,5277,965392.0,786576.0,141319.0,37497.0,36968.0,36843.0,1144612.0
2021,5283,6363088.0,4056977.0,1466414.0,839723.0,780140.0,780274.0,6025294.0
2021,5285,6331893.0,5212202.0,503460.0,616231.0,468655.0,385119.0,5606137.0
2021,5299,2756828.0,1607286.0,374807.0,774735.0,627912.0,627762.0,2544642.0
2021,5309,2454678.0,1966153.0,404964.0,83561.0,95347.0,100370.0,2901912.0
2021,5315,2069712.0,1733106.0,190046.0,146560.0,183130.0,282084.0,2098845.0
2021,5328,1059274.0,857819.0,179757.0,21698.0,34575.0,116921.0,2290411.0
2021,5340,1403923.0,1222615.0,110188.0,71120.0,52946.0,61186.0,2151851.0
2021,5344,385316.0,289687.0,41405.0,54224.0,60519.0,60519.0,702477.0
2021,5347,43951087.0,24799230.0,5049955.0,14101902.0,11819588.0,11303221.0,65547501.0
2021,5351,6146406.0,4024737.0,1050387.0,1128929.0,1015035.0,1126749.0,7204382.0
2021,5353,1417931.0,1132369.0,219147.0,66415.0,75829.0,97659.0,1873124.0
2021,5355,665878.0,696900.0,91394.0,-122416.0,-107582.0,-108438.0,2103270.0
2021,5356,3844218.0,3715378.0,267628.0,-138788.0,-30206.0,-67280.0,5828705.0
2021,5371,49833368.0,41102386.0,7084556.0,1646426.0,2039280.0,2792910.0,61470393.0
2021,5381,387231.0,279603.0,99473.0,8155.0,12900.0,34361.0,808348.0
2021,5388,43899508.0,38231263.0,4615078.0,1053167.0,861789.0,892240.0,34394252.0
2021,5392,11848525.0,10020899.0,1568543.0,259083.0,227638.0,93486.0,15921142.0
2021,5425,13177417.0,9049696.0,2218814.0,1908907.0,1381895.0,1269814.0,15985971.0
2021,5426,1664420.0,1508671.0,252567.0,-96818.0,-100532.0,-96092.0,3147709.0
2021,5434,42668966.0,37456762.0,2660579.0,2551917.0,2300960.0,2478621.0,25174443.0
2021,5438,1771373.0,1471756.0,323533.0,-23916.0,51826.0,557909.0,3163061.0
2021,5439,3372241.0,2647650.0,221128.0,503463.0,407002.0,388928.0,3743791.0
2021,5443,4811375.0,3662847.0,831553.0,316975.0,321231.0,411159.0,6796411.0
2021,5450,3356900.0,2485138.0,681265.0,190929.0,150255.0,195161.0,3432187.0
2021,5452,6968574.0,6113919.0,389721.0,464934.0,268183.0,198807.0,4232203.0
2021,5455,62931.0,44741.0,28038.0,-9848.0,-6096.0,7045.0,2254977.0
2021,5457,18556817.0,14555245.0,1977316.0,2024256.0,1627949.0,1626149.0,19220838.0
2021,5460,499996.0,393070.0,108181.0,-1277.0,449.0,-2717.0,885054.0
2021,5464,1663135.0,1620445.0,87015.0,-44325.0,341943.0,342459.0,4835675.0
2021,5465,5495708.0,4774415.0,440571.0,280722.0,233587.0,217831.0,4390108.0
2021,5469,56999687.0,45762955.0,4628330.0,6608402.0,5861503.0,2230013.0,77454656.0
2021,5471,5865539.0,2851538.0,1167443.0,1846558.0,1462320.0,1390519.0,5601533.0
2021,5475,1956019.0,1347079.0,178147.0,430793.0,460589.0,457091.0,2400891.0
2021,5481,101802.0,45670.0,84349.0,-28217.0,129586.0,129592.0,1815920.0
2021,5483,68841250.0,44314606.0,6446651.0,18079993.0,12615390.0,8548692.0,167251285.0
2021,5484,450145.0,353241.0,132935.0,-36031.0,-33577.0,-26462.0,779793.0
2021,5488,1174662.0,1021324.0,144164.0,9174.0,7156.0,14697.0,1394141.0
2021,5490,1578726.0,1000567.0,408625.0,169534.0,133260.0,137014.0,2256189.0
2021,5498,1579047.0,1407047.0,143677.0,28323.0,37786.0,-208391.0,4159308.0
2021,5902,1804099.0,1389725.0,231854.0,182520.0,148220.0,148121.0,1463527.0
2021,6104,3243690.0,1601190.0,959188.0,683312.0,575380.0,575395.0,3571227.0
2021,6108,9104032.0,7839298.0,788363.0,476371.0,240415.0,194903.0,9326656.0
2021,6109,1222231.0,1021417.0,262242.0,-61428.0,-82614.0,-86218.0,1192192.0
2021,6113,2229678.0,2082085.0,128067.0,19526.0,42309.0,52587.0,1270099.0
2021,6115,7725506.0,6539844.0,505317.0,680345.0,504499.0,629527.0,8741505.0
2021,6117,2311434.0,1923129.0,471517.0,-83212.0,-100113.0,-110927.0,3806950.0
2021,6120,20284221.0,20287932.0,1273159.0,-1276870.0,-649231.0,-714987.0,19855520.0
2021,6121,95573150.0,81956148.0,4330344.0,9286658.0,7366387.0,9166219.0,74939773.0
2021,6122,1795993.0,1665436.0,68037.0,62520.0,55739.0,47344.0,2388508.0
2021,6124,2559567.0,1981056.0,273350.0,305161.0,230746.0,244034.0,4882696.0
2021,6125,4038905.0,3867260.0,900269.0,-728624.0,-954832.0,-914876.0,10517476.0
2021,6126,4184088.0,3050560.0,701256.0,432272.0,329366.0,313463.0,4064486.0
2021,6127,1033429.0,711271.0,222978.0,99180.0,50834.0,40889.0,3196073.0
2021,6128,4924208.0,2970981.0,1530917.0,422310.0,336590.0,237039.0,6784153.0
2021,6129,1637702.0,1002609.0,519911.0,115182.0,157590.0,153370.0,2461555.0
2021,6133,1065653.0,940338.0,189057.0,-63742.0,-56159.0,-164230.0,2107243.0
2021,6134,1673707.0,1401984.0,341082.0,-69359.0,-47837.0,138386.0,1743329.0
2021,6138,6762316.0,4224781.0,1165495.0,1388502.0,1173732.0,1175459.0,5687217.0
2021,6139,23752829.0,22348827.0,1122938.0,281064.0,324109.0,431761.0,32239923.0
2021,6141,3699293.0,2894705.0,404014.0,400574.0,386984.0,356801.0,6889079.0
2021,6142,2491907.0,2461701.0,661723.0,-631517.0,390653.0,333466.0,5257025.0
2021,6143,5554091.0,4567741.0,622888.0,363462.0,288838.0,260424.0,5329796.0
2021,6147,27082040.0,18330265.0,1857750.0,6894025.0,6137294.0,7547066.0,53800574.0
2021,6151,2459430.0,1923446.0,259642.0,276342.0,223244.0,214362.0,1858852.0
2021,6152,3793240.0,3231772.0,606623.0,-45155.0,11401.0,-14576.0,3389438.0
2021,6153,14667905.0,13565678.0,1503348.0,-401121.0,-490146.0,-458517.0,28474088.0
2021,6155,799566.0,548899.0,123019.0,127648.0,80798.0,69655.0,2966753.0
2021,6156,4694273.0,4193075.0,394672.0,106526.0,106916.0,111455.0,4221335.0
2021,6158,2196721.0,1554939.0,472403.0,169379.0,161993.0,97108.0,2343861.0
2021,6160,1418876.0,919871.0,456534.0,42471.0,36021.0,34526.0,1317718.0
2021,6161,1823652.0,1239220.0,285219.0,299213.0,246103.0,247455.0,1954107.0
2021,6163,6192732.0,4820877.0,1160918.0,210937.0,171524.0,158023.0,5552890.0
2021,6164,954545.0,705037.0,235785.0,13723.0,8116.0,2785.0,1796550.0
2021,6166,9673054.0,6117386.0,3416664.0,138498.0,118884.0,115684.0,13180110.0
2021,6167,1878210.0,1648026.0,191888.0,38296.0,80894.0,75576.0,2131795.0
2021,6168,3000490.0,2178204.0,423309.0,398977.0,388348.0,564024.0,4607849.0
2021,6173,6010110.0,4423600.0,408748.0,1177762.0,1144504.0,1510129.0,9086116.0
2021,6174,600819.0,382966.0,123964.0,93889.0,89475.0,40196.0,846352.0
2021,6175,4188347.0,3164602.0,329631.0,694114.0,576384.0,591498.0,5549471.0
2021,6176,56924059.0,46364505.0,3224083.0,7562855.0,5189975.0,5085922.0,67353760.0
2021,6182,10341276.0,6722996.0,1628776.0,1989504.0,1541477.0,1599997.0,27357697.0
2021,6185,525506.0,411539.0,231094.0,-117127.0,-99928.0,-113454.0,2537686.0
2021,6187,2604316.0,1387133.0,581405.0,635778.0,541223.0,642923.0,3578358.0
2021,6188,11028508.0,8435558.0,1616233.0,976717.0,1000548.0,1046941.0,14363174.0
2021,6189,32469053.0,30102015.0,1132221.0,1234817.0,848904.0,869947.0,15212599.0
2021,6190,7538001.0,6454818.0,723823.0,359360.0,269692.0,244289.0,6456320.0
2021,6194,1592562.0,1490521.0,84202.0,17839.0,15816.0,-6668.0,2153630.0
2021,6196,34458674.0,30838692.0,1976896.0,1643086.0,1508422.0,1427708.0,27860534.0
2021,6197,3866828.0,2814182.0,693797.0,358849.0,385027.0,380008.0,4460980.0
2021,6198,19208.0,4814.0,17302.0,-2908.0,-2995.0,-2951.0,483305.0
2021,6201,3916760.0,3122952.0,399618.0,394190.0,301499.0,295734.0,3532125.0
2021,6202,7127750.0,3311904.0,1867358.0,1774341.0,2069002.0,2271442.0,8543833.0
2021,6205,1599466.0,1131196.0,296133.0,172137.0,145613.0,379445.0,3035578.0
2021,6206,5185155.0,3481701.0,881693.0,821761.0,691086.0,675918.0,6318171.0
2021,6207,1751466.0,1216890.0,301167.0,233409.0,257275.0,196813.0,4149734.0
2021,6208,3307714.0,2046066.0,786604.0,471013.0,424967.0,468062.0,5810233.0
2021,6209,3613661.0,3412077.0,423047.0,-221463.0,-150464.0,-144884.0,4623970.0
2021,6213,32524688.0,26545139.0,2160053.0,3819496.0,3144803.0,3077440.0,36237286.0
2021,6215,1962519.0,1401207.0,350396.0,210916.0,265265.0,378912.0,2120314.0
2021,6216,931014.0,476209.0,264213.0,190592.0,160948.0,167170.0,1771046.0
2021,6217,2962637.0,2023189.0,728624.0,210824.0,162068.0,152430.0,3982681.0
2021,6220,12446928.0,9814429.0,2419900.0,212599.0,99296.0,26369.0,10442203.0
2021,6223,6508725.0,3765309.0,1935798.0,807618.0,695458.0,688447.0,9857469.0
2021,6224,3081593.0,1967347.0,608461.0,505785.0,450987.0,434507.0,5528250.0
2021,6226,935503.0,643117.0,287210.0,5176.0,-7667.0,-21907.0,2755151.0
2021,6230,11011928.0,9281971.0,1267473.0,462484.0,349664.0,372841.0,10521848.0
2021,6233,448446.0,242301.0,161470.0,44675.0,60093.0,84942.0,1120552.0
2021,6234,1236958.0,1025624.0,53859.0,157475.0,124946.0,128064.0,4008390.0
2021,6235,2824307.0,2090583.0,612333.0,121391.0,164735.0,145278.0,5126617.0
2021,6237,1500479.0,731175.0,333292.0,436012.0,452408.0,452165.0,2150989.0
2021,6239,83793572.0,64498915.0,4769711.0,14524946.0,11725925.0,11180795.0,118587022.0
2021,6244,5872989.0,5322244.0,382388.0,168357.0,107279.0,116398.0,8733217.0
2021,6245,7680510.0,5642502.0,1413069.0,624939.0,553716.0,545548.0,7874257.0
2021,6248,4437556.0,4221956.0,140995.0,74605.0,58039.0,55778.0,2447436.0
2021,6257,16681264.0,11732806.0,1508061.0,3440397.0,3036248.0,3409810.0,36602973.0
2021,6261,5221420.0,3196134.0,748046.0,1393472.0,1089669.0,1192947.0,8905202.0
2021,6263,1427097.0,857807.0,186481.0,382809.0,321150.0,321178.0,1774602.0
2021,6265,1610841.0,1454581.0,83847.0,72413.0,75706.0,75709.0,1653036.0
2021,6266,2549100.0,2184170.0,161170.0,203760.0,162538.0,153727.0,2970974.0
2021,6269,35568666.0,29239168.0,3056537.0,3272961.0,2879750.0,2826519.0,48315063.0
2021,6270,4186600.0,3800728.0,227565.0,158307.0,170472.0,20763.0,2348978.0
2021,6271,13860114.0,9245318.0,1218430.0,3396366.0,2764692.0,2741665.0,27537856.0
2021,6272,2594911.0,1979835.0,517773.0,95286.0,147654.0,159646.0,2859244.0
2021,6275,3933781.0,3238251.0,466432.0,229098.0,197066.0,201624.0,3059294.0
2021,6277,5163691.0,2155200.0,2203118.0,805373.0,644298.0,532389.0,7292829.0
2021,6278,65720492.0,57616895.0,3401945.0,4701652.0,3700150.0,3322555.0,55453609.0
2021,6279,4948862.0,3213022.0,768242.0,967598.0,795708.0,787153.0,8200514.0
2021,6282,21906395.0,18274419.0,3214592.0,417384.0,669648.0,609893.0,30678514.0
2021,6283,2542235.0,2249459.0,687761.0,-394985.0,-197777.0,-223973.0,2994254.0
2021,6284,6756544.0,5071576.0,1014271.0,670697.0,559529.0,564621.0,9377346.0
2021,6285,67229599.0,59975671.0,6373192.0,880736.0,1232154.0,1098292.0,44497005.0
2021,6287,1602798.0,1426205.0,58490.0,118103.0,103767.0,103166.0,1753215.0
2021,6288,3614060.0,2910158.0,647169.0,56733.0,10412.0,984.0,5863991.0
2021,6290,8037576.0,6792085.0,830263.0,476630.0,466794.0,387060.0,8398445.0
2021,6405,540413.0,397008.0,119745.0,23660.0,99589.0,1063257.0,3212741.0
2021,6407,1639760.0,1623694.0,214277.0,-198211.0,206767.0,192746.0,2529091.0
2021,6409,16956682.0,12645691.0,1386427.0,2924564.0,2359362.0,2397403.0,13384123.0
2021,6411,4141984.0,2183846.0,817101.0,1141037.0,921738.0,930871.0,6339126.0
2021,6412,40363978.0,33225466.0,3687506.0,3451006.0,2828475.0,2842785.0,30012548.0
2021,6414,96556646.0,76073693.0,17289653.0,3193300.0,3352124.0,1058513.0,100625893.0
2021,6416,4673944.0,3749078.0,619119.0,305747.0,240065.0,216489.0,4955945.0
2021,6434,1795514.0,1601028.0,87086.0,107400.0,73576.0,73573.0,4431832.0
2021,6438,4905620.0,3305810.0,776367.0,823443.0,651646.0,651411.0,6179874.0
2021,6441,1526375.0,1423573.0,258708.0,-155906.0,-134927.0,-135128.0,2665301.0
2021,6443,6157192.0,5745928.0,355446.0,56702.0,47702.0,47191.0,10229931.0
2021,6449,2822408.0,2075546.0,344391.0,402471.0,306367.0,292977.0,4601821.0
2021,6472,4899885.0,3228107.0,625787.0,1045991.0,749736.0,714865.0,7372334.0
2021,6477,1542843.0,1262382.0,99061.0,181400.0,132065.0,165248.0,6565308.0
2021,6488,61130592.0,37844704.0,5592496.0,17693392.0,11870037.0,7607399.0,150644976.0
2021,6492,550.0,227.0,346639.0,-346316.0,-329257.0,-331105.0,2061664.0
2021,6499,68957.0,40326.0,524220.0,-495589.0,2031446.0,2030028.0,4364490.0
2021,6504,6784152.0,5867976.0,652538.0,263638.0,117268.0,91933.0,10549967.0
2021,6505,620062326.0,554282477.0,10602464.0,55177385.0,49363882.0,54767600.0,458757108.0
2021,6506,2013489.0,1736266.0,192660.0,84563.0,75956.0,79412.0,2575209.0
2021,6508,2088965.0,1545559.0,305322.0,241774.0,329078.0,302571.0,3183135.0
2021,6509,4729003.0,3413150.0,751600.0,564253.0,428806.0,395631.0,6254712.0
2021,6526,11739799.0,5998774.0,3544232.0,2196793.0,1946231.0,1964200.0,8064367.0
2021,6531,6617215.0,3591607.0,655451.0,2370157.0,2025457.0,2024143.0,6278643.0
2021,6533,819778.0,1471.0,659643.0,158664.0,161665.0,160464.0,5029199.0
2021,6534,1018505.0,170558.0,488679.0,359268.0,291499.0,285533.0,3028740.0
2021,6546,3391527.0,2633176.0,260415.0,497936.0,408182.0,379166.0,2842378.0
2021,6547,3280994.0,975961.0,1341300.0,963733.0,1410258.0,1410153.0,5299011.0
2021,6552,3002859.0,2403390.0,238472.0,360997.0,324411.0,612841.0,4895248.0
2021,6558,1690851.0,1414277.0,247481.0,29093.0,3278.0,3083.0,2755400.0
2021,6562,644286.0,368326.0,229853.0,46107.0,22364.0,21095.0,1902602.0
2021,6564,109822.0,71099.0,97394.0,-58671.0,-47246.0,-47246.0,610065.0
2021,6572,124942.0,86381.0,173819.0,-135258.0,-131585.0,-133624.0,732803.0
2021,6575,,,315257.0,-315257.0,-314933.0,-314976.0,491137.0
2021,6578,470629.0,448978.0,85422.0,-63771.0,-62446.0,-63155.0,1336485.0
2021,6579,6347704.0,4492653.0,1306410.0,548641.0,513753.0,499774.0,10216005.0
2021,6581,1853873.0,840496.0,284596.0,728781.0,564869.0,565621.0,4410698.0
2021,6582,8161714.0,3236563.0,558979.0,4366172.0,3476386.0,3579842.0,8731610.0
2021,6584,2040556.0,1669146.0,238465.0,132945.0,86774.0,85535.0,3759437.0
2021,6585,2539743.0,1844066.0,365504.0,330173.0,280246.0,278847.0,4598150.0
2021,6589,1697359.0,604305.0,1151365.0,-58311.0,-42581.0,-37246.0,11440873.0
2021,6603,4328507.0,3274543.0,849480.0,204484.0,107788.0,92474.0,6626547.0
2021,6605,16131064.0,11705764.0,2699097.0,1726203.0,1132336.0,1103956.0,31414838.0
2021,6606,874070.0,470735.0,173312.0,230023.0,156530.0,371010.0,2763371.0
2021,6609,2943016.0,2309322.0,441844.0,191850.0,181534.0,181863.0,5059726.0
2021,6618,13699.0,31704.0,93670.0,-111675.0,-120836.0,-118248.0,191424.0
2021,6620,29235.0,1462.0,281656.0,-253883.0,-247670.0,-246835.0,498528.0
2021,6652,,,122770.0,-122770.0,-123309.0,-126717.0,454910.0
2021,6655,2277463.0,997061.0,711227.0,569175.0,537067.0,533051.0,5163636.0
2021,6659,796928.0,509981.0,240875.0,46072.0,33988.0,30079.0,2448763.0
2021,6668,1266112.0,1037528.0,468092.0,-239508.0,-297116.0,-302667.0,4549673.0
2021,6669,192625942.0,177004761.0,4234105.0,11387076.0,8648012.0,8451008.0,84737458.0
2021,6670,23215008.0,17746010.0,2328835.0,3140163.0,2529896.0,2490339.0,17325721.0
2021,6674,2906921.0,2334286.0,488802.0,83833.0,32744.0,31670.0,3239504.0
2021,6676,240998.0,125249.0,291752.0,-176003.0,-174793.0,-174793.0,1594723.0
2021,6682,1889215.0,1792507.0,125819.0,-29258.0,-74743.0,-74791.0,1451201.0
2021,6695,1208049.0,657318.0,450840.0,99891.0,137496.0,135067.0,1780239.0
2021,6698,856083.0,569662.0,222737.0,63684.0,74657.0,71586.0,2649647.0
2021,6706,5714727.0,3449332.0,1040148.0,1225728.0,999467.0,1009765.0,8658471.0
2021,6712,438841.0,193361.0,129278.0,116202.0,369601.0,369601.0,2022615.0
2021,6715,2473397.0,1830689.0,401670.0,241038.0,185139.0,185367.0,3123914.0
2021,6722,2764782.0,2165175.0,715520.0,-115913.0,-37298.0,-87315.0,3530291.0
2021,6733,9269.0,6210.0,167368.0,-164309.0,-144267.0,-146884.0,1023861.0
2021,6737,5300927.0,4407019.0,508473.0,385435.0,308000.0,297649.0,3455026.0
2021,6742,440691.0,348591.0,78416.0,13684.0,22930.0,20347.0,1228849.0
2021,6748,21828.0,7286.0,68097.0,-53555.0,-50775.0,-49779.0,151285.0
2021,6753,2244444.0,1827247.0,91473.0,325724.0,213689.0,218611.0,5356816.0
2021,6756,3367047.0,1572102.0,765330.0,1029615.0,880311.0,873914.0,4075185.0
2021,6770,65622945.0,38038331.0,7767638.0,20090575.0,16092355.0,16195564.0,132061421.0
2021,6775,2287743.0,2151526.0,254852.0,-118635.0,-113633.0,-113280.0,2163352.0
2021,6782,1964499.0,1125164.0,432839.0,406496.0,443632.0,337621.0,3129395.0
2021,6787,19557.0,84074.0,55287.0,-119804.0,-118650.0,-118632.0,741936.0
2021,6789,9029178.0,5460206.0,890261.0,2707262.0,2165280.0,2165280.0,15089175.0
2021,6793,0.0,170852.0,214251.0,-385103.0,-381018.0,-381018.0,3199031.0
2021,6794,8177.0,2345.0,93169.0,-87337.0,-86374.0,-86374.0,297714.0
2021,6806,4334413.0,3494345.0,231274.0,608794.0,456640.0,456539.0,10166627.0
2021,6808,11075.0,9272.0,64012.0,-62209.0,-59705.0,-59705.0,424515.0
2021,6826,7747248.0,6817492.0,439633.0,490123.0,389883.0,386917.0,7020027.0
2021,6827,0.0,,100975.0,-100975.0,-89151.0,-89151.0,432605.0
2021,6829,1708676.0,1218096.0,178630.0,311950.0,256439.0,249524.0,2052487.0
2021,6831,1523725.0,1244501.0,209618.0,38444.0,45504.0,44831.0,1692000.0
2021,6834,1274325.0,894457.0,178529.0,201339.0,179223.0,182478.0,2004960.0
2021,6841,38244.0,7778.0,109710.0,-79244.0,-54205.0,-54205.0,1548266.0
2021,6872,,,82581.0,-82581.0,-82660.0,-84404.0,589916.0
2021,6891,,,33522.0,-33522.0,-34518.0,-34518.0,2035582.0
2021,6892,27158.0,4511.0,109685.0,-87038.0,-90200.0,-90200.0,590132.0
2021,6909,289621.0,125997.0,146272.0,17352.0,17774.0,17774.0,581091.0
2021,6914,2683079.0,2337891.0,171869.0,173319.0,96776.0,95428.0,5421090.0
2021,6916,2237901.0,1765943.0,386374.0,85584.0,61863.0,70648.0,2129003.0
2021,6919,12339.0,3106.0,239966.0,-230733.0,-224294.0,-224157.0,712902.0
2021,6920,974049.0,1236606.0,91165.0,-353722.0,-395909.0,-395909.0,4208161.0
2021,6928,3213231.0,2775814.0,332558.0,104859.0,125193.0,124913.0,2028213.0
2021,6936,1176221.0,819060.0,220554.0,136607.0,109897.0,109224.0,1481930.0
2021,6940,36923.0,73585.0,96039.0,-132701.0,-136485.0,-136485.0,1823468.0
2021,7507,229106.0,192916.0,55046.0,-25366.0,-49458.0,-72238.0,1070142.0
2021,7732,822114.0,588184.0,151765.0,82165.0,62142.0,-1628.0,1633150.0
2021,7736,1226573.0,716197.0,115260.0,395116.0,335251.0,335251.0,2445161.0
2021,8011,1727969.0,1640256.0,270716.0,-183003.0,-256240.0,-247447.0,6727633.0
2021,8021,3773746.0,2539688.0,608831.0,643002.0,491194.0,468776.0,7535332.0
2021,8027,2544782.0,1690260.0,542353.0,312169.0,244142.0,244520.0,3624352.0
2021,8028,2651386.0,1984744.0,434088.0,232554.0,217463.0,215810.0,6327979.0
2021,8029,1097587.0,882798.0,206132.0,8657.0,-71847.0,-76102.0,1745653.0
2021,8033,1183168.0,747208.0,362695.0,73265.0,25852.0,19145.0,1436896.0
2021,8034,526274.0,325510.0,117456.0,83308.0,79876.0,79804.0,853170.0
2021,8038,66302.0,92773.0,93815.0,-120286.0,-126750.0,-126437.0,1026564.0
2021,8039,9405002.0,7206359.0,1249835.0,948808.0,744862.0,758884.0,14074880.0
2021,8040,1106908.0,694584.0,313388.0,98936.0,61121.0,61121.0,1030187.0
2021,8042,4300713.0,3612732.0,490725.0,197256.0,163587.0,-4258.0,7968387.0
2021,8043,6154734.0,5827903.0,199653.0,127178.0,140151.0,130760.0,5202382.0
2021,8045,1174401.0,739632.0,322833.0,111936.0,46769.0,27467.0,2136390.0
2021,8046,52228457.0,37345601.0,2012208.0,12870648.0,10581525.0,10313202.0,56345175.0
2021,8048,884326.0,609177.0,178196.0,96953.0,160010.0,231112.0,1452570.0
2021,8049,2025477.0,1515189.0,171701.0,338587.0,309079.0,505286.0,2465572.0
2021,8054,1486603.0,753641.0,593479.0,139485.0,300147.0,242916.0,4018167.0
2021,8059,1692313.0,1671999.0,175921.0,-155607.0,-150566.0,-148711.0,2724431.0
2021,8064,4532187.0,3312224.0,594463.0,625500.0,389036.0,390457.0,7654251.0
2021,8069,19650564.0,11062744.0,5564574.0,3023246.0,5212048.0,7510915.0,57009999.0
2021,8070,20670509.0,16522546.0,1588695.0,2559268.0,2488063.0,4797689.0,30308595.0
2021,8071,2573161.0,2155408.0,327969.0,90691.0,81086.0,96739.0,2538651.0
2021,8072,1355756.0,1129362.0,193619.0,32775.0,43310.0,40405.0,2590285.0
2021,8074,1386964.0,1098581.0,179178.0,109438.0,80326.0,93414.0,2638689.0
2021,8076,2554581.0,1798477.0,617790.0,137349.0,139917.0,65247.0,6481745.0
2021,8081,9415169.0,4865243.0,1753942.0,2795984.0,2290515.0,2480380.0,10192153.0
2021,8084,851873.0,761123.0,155178.0,-64428.0,-64517.0,-64886.0,1215795.0
2021,8085,914524.0,818353.0,117790.0,-21619.0,33396.0,58247.0,2827197.0
2021,8086,4716021.0,3329890.0,409556.0,976575.0,843612.0,843612.0,8897007.0
2021,8088,1841893.0,1631418.0,77612.0,132863.0,99870.0,98286.0,1188742.0
2021,8089,1663318.0,1128277.0,555355.0,-20314.0,-26108.0,-34932.0,1784419.0
2021,8092,343960.0,307734.0,59128.0,-22902.0,-22485.0,-19295.0,794209.0
2021,8093,458646.0,303939.0,219482.0,-64775.0,-53129.0,-56670.0,715261.0
2021,8096,29203713.0,28244408.0,680039.0,279266.0,164379.0,108371.0,8283142.0
2021,8097,318046.0,277442.0,50894.0,-10290.0,-10670.0,-10670.0,1025273.0
2021,8101,737512.0,827403.0,449880.0,-539771.0,1845.0,-3286.0,1073854.0
2021,8103,4159393.0,2912083.0,694615.0,552695.0,336322.0,302055.0,5158598.0
2021,8104,2225875.0,1805770.0,271054.0,149051.0,193678.0,195244.0,3970287.0
2021,8105,10269304.0,9313816.0,828797.0,126691.0,92668.0,179579.0,12351676.0
2021,8107,939886.0,818170.0,166195.0,-44479.0,20972.0,13198.0,2849173.0
2021,8109,1507928.0,780123.0,196082.0,531723.0,387079.0,391492.0,4030384.0
2021,8110,8118256.0,7668924.0,393815.0,55517.0,118732.0,-773743.0,21517385.0
2021,8111,1118653.0,717838.0,244552.0,156263.0,393179.0,387868.0,2398048.0
2021,8114,9213296.0,5950139.0,2206831.0,1056309.0,570391.0,443780.0,14784708.0
2021,8115,2692196.0,2400330.0,245630.0,46236.0,196641.0,76944.0,4034078.0
2021,8119,1953027.0,1465316.0,341358.0,146353.0,130995.0,114022.0,2133863.0
2021,8121,3070315.0,2452612.0,462499.0,155204.0,90481.0,50067.0,4340598.0
2021,8131,9939192.0,7850316.0,216748.0,1872128.0,1557008.0,1503910.0,14232091.0
2021,8134,1115120.0,909074.0,127291.0,78755.0,66509.0,63755.0,1339691.0
2021,8150,27400035.0,20146057.0,1817176.0,5562389.0,5059069.0,5149228.0,42522584.0
2021,8152,2014037.0,1686221.0,107183.0,220633.0,73034.0,67099.0,3286171.0
2021,8155,2903663.0,2193709.0,254093.0,455861.0,390431.0,390126.0,3360615.0
2021,8162,1292379.0,780595.0,201519.0,310265.0,259823.0,248433.0,2019907.0
2021,8163,28048736.0,23377424.0,3175545.0,1489426.0,1301622.0,1301448.0,33195274.0
2021,8171,905567.0,854205.0,113035.0,-61673.0,-68180.0,-69242.0,1623145.0
2021,8176,259775.0,191403.0,199474.0,-130563.0,-4115.0,-6831.0,743273.0
2021,8182,3598663.0,2572486.0,370131.0,656046.0,511196.0,628214.0,5888535.0
2021,8183,4512644.0,3454791.0,440459.0,617394.0,500402.0,469051.0,4485576.0
2021,8201,793429.0,694890.0,217050.0,-118511.0,109291.0,110372.0,908339.0
2021,8210,9423020.0,7579154.0,961484.0,882382.0,672026.0,666331.0,11252995.0
2021,8213,27500178.0,23176187.0,2133633.0,2190358.0,2324434.0,2228219.0,32180823.0
2021,8215,16481686.0,13425149.0,2079219.0,977318.0,969527.0,948618.0,12509928.0
2021,8218,1139660.0,1041181.0,107396.0,-8917.0,-34750.0,-33128.0,1053540.0
2021,8222,351510.0,381267.0,77512.0,-107269.0,-102948.0,-101810.0,1295027.0
2021,8234,6780580.0,5215867.0,1388613.0,176100.0,179421.0,162704.0,7984247.0
2021,8240,10969166.0,9723749.0,875374.0,370043.0,457779.0,451622.0,9523071.0
2021,8249,3951319.0,3428050.0,323828.0,199441.0,176681.0,445013.0,6732521.0
2021,8255,3795908.0,2664178.0,708924.0,422806.0,467967.0,975483.0,9668547.0
2021,8271,8682393.0,7229509.0,879824.0,573060.0,485781.0,459922.0,4878068.0
2021,8277,328990.0,267717.0,130417.0,-69144.0,-90004.0,-89374.0,756825.0
2021,8289,2268680.0,1617114.0,348858.0,302708.0,213208.0,235641.0,2405323.0
2021,8291,202292.0,207959.0,28624.0,-34291.0,-31002.0,-30759.0,431744.0
2021,8299,62557192.0,43402812.0,10015335.0,9084449.0,8147215.0,8427129.0,63021357.0
2021,8349,10193388.0,8259665.0,1472282.0,447468.0,364894.0,94099.0,13588143.0
2021,8350,10444961.0,8129492.0,1088538.0,1226931.0,892402.0,858320.0,7870688.0
2021,8354,759103.0,625816.0,127577.0,5710.0,240171.0,229839.0,3432789.0
2021,8358,8914783.0,6735488.0,271692.0,1907603.0,1523238.0,1518116.0,8369065.0
2021,8374,3554986.0,2917817.0,447431.0,189738.0,147895.0,150029.0,3053117.0
2021,8383,3503317.0,2667689.0,420425.0,387648.0,347386.0,337845.0,5915021.0
2021,8394,58269005.0,46700282.0,5090608.0,6478115.0,6318922.0,9799453.0,117835998.0
2021,8401,1345595.0,999389.0,240413.0,105793.0,117909.0,118188.0,1464867.0
2021,8415,21532138.0,13349303.0,3613960.0,4570463.0,3590819.0,4636485.0,35380122.0
2021,8420,2608496.0,2186542.0,133892.0,290993.0,236837.0,236837.0,2193622.0
2021,8421,1287755.0,1118514.0,191303.0,-23975.0,-116153.0,-128823.0,2259546.0
2021,8433,2821254.0,2212350.0,317990.0,290914.0,208550.0,205748.0,3300088.0
2021,8436,8580103.0,4855271.0,1994975.0,1729857.0,1616001.0,1583945.0,14711040.0
2021,8438,4203950.0,3647706.0,307433.0,248811.0,220705.0,217223.0,2523861.0
2021,8463,3535549.0,3183135.0,314466.0,37948.0,-94661.0,-62962.0,6180503.0
2021,8464,29024108.0,13223578.0,8046744.0,7753786.0,5562909.0,5310507.0,29393700.0
2021,8476,794647.0,686372.0,86054.0,22221.0,-28523.0,-32197.0,1977153.0
2021,8478,4554257.0,2955202.0,649391.0,949664.0,854703.0,793304.0,6857327.0
2021,8481,1565290.0,768372.0,357838.0,439080.0,406450.0,365300.0,2252805.0
2021,8495,204526.0,177825.0,120414.0,-93535.0,-83146.0,-83238.0,298603.0
2021,8905,2472514.0,2026743.0,126947.0,318824.0,291773.0,291003.0,3702163.0
2021,8916,8060560.0,7071896.0,800797.0,187867.0,489750.0,517739.0,8294336.0
2021,8917,2298999.0,1788853.0,120412.0,389734.0,326358.0,332961.0,5173689.0
2021,8924,7880132.0,5392557.0,489543.0,1998032.0,1686457.0,1643605.0,5719069.0
2021,8928,3089212.0,2537145.0,238771.0,313296.0,239000.0,226543.0,3010158.0
2021,8929,878786.0,724767.0,226679.0,-72660.0,-74320.0,-90387.0,1303096.0
2021,8930,1232851.0,985771.0,119828.0,127252.0,79872.0,77649.0,2199986.0
2021,8931,1997736.0,1633980.0,134358.0,229398.0,170371.0,225326.0,4415885.0
2021,8932,942733.0,843911.0,143764.0,-44942.0,-66897.0,-77315.0,1591406.0
2021,8933,4613524.0,4069482.0,416273.0,127769.0,82591.0,36399.0,5234991.0
2021,8935,1206603.0,996297.0,164939.0,45367.0,43464.0,11826.0,1767744.0
2021,8936,4621035.0,3552571.0,472657.0,595807.0,327037.0,314793.0,13284712.0
2021,8937,126170.0,139984.0,55216.0,-69030.0,-57349.0,-61387.0,985954.0
2021,8938,16908024.0,13691412.0,1448332.0,1946674.0,1451840.0,1425165.0,13031007.0
2021,8942,5393376.0,3470798.0,1090717.0,835327.0,1289600.0,1252373.0,15819887.0
2021,8952,383257.0,347050.0,74093.0,-37886.0,-57416.0,-58137.0,2104061.0
2021,8996,2231273.0,1637670.0,363248.0,230355.0,149156.0,115129.0,3412255.0
2021,9904,239884409.0,181661384.0,55747316.0,2475709.0,16603443.0,7987466.0,366890826.0
2021,9905,8675485.0,7399742.0,571065.0,704678.0,591828.0,634202.0,10742614.0
2021,9907,41889726.0,36436871.0,3098769.0,2354086.0,1798596.0,1759478.0,37848323.0
2021,9910,70349864.0,54450541.0,9522158.0,6377165.0,5161733.0,4612275.0,46925189.0
2021,9911,7569362.0,4880543.0,1528613.0,1160206.0,1007943.0,1038149.0,8279546.0
2021,9914,29391183.0,25304229.0,2310744.0,1589376.0,4788170.0,3884024.0,35508949.0
2021,9919,4028348.0,3227188.0,647045.0,154115.0,98551.0,107672.0,6871679.0
2021,9921,81839870.0,62075731.0,11054852.0,8709287.0,6307509.0,5692744.0,77199431.0
2021,9924,9686119.0,7997919.0,924591.0,763609.0,673853.0,708347.0,8823390.0
2021,9927,8842529.0,7545950.0,232696.0,1063883.0,787960.0,1398337.0,6905908.0
2021,9929,591369.0,502761.0,68282.0,20326.0,1196.0,-33944.0,2008156.0
2021,9930,10770774.0,9409946.0,468055.0,892773.0,724125.0,906120.0,13128531.0
2021,9934,19491355.0,14692318.0,4641433.0,157604.0,12797.0,-173964.0,16174820.0
2021,9935,4966554.0,4187867.0,594684.0,184003.0,77927.0,52763.0,6126390.0
2021,9939,21382534.0,16471847.0,2082715.0,2827972.0,2028358.0,1398666.0,33544017.0
2021,9942,3859606.0,2491244.0,575757.0,790384.0,544437.0,542211.0,4870655.0
2021,9944,2613247.0,2011148.0,554574.0,47525.0,527513.0,485689.0,5664675.0
2021,9950,1028255.0,1134129.0,477311.0,-583185.0,-622334.0,-621647.0,4320095.0
2021,9951,4773043.0,3413223.0,852571.0,507249.0,399434.0,360381.0,5353317.0
2021,9955,1484248.0,1474047.0,96552.0,-86351.0,-98387.0,-96677.0,2862322.0
2021,9957,59486247.0,51657730.0,2082138.0,5685492.0,5480409.0,5217967.0,57237430.0
2021,9958,9935452.0,7795126.0,391768.0,1748558.0,1530111.0,1429133.0,26868051.0
2021,9962,2591575.0,2339172.0,88590.0,163813.0,140166.0,148289.0,1682159.0
2021,9968,2593338.0,1188167.0,1279957.0,127254.0,173199.0,172795.0,4341756.0
2021,9978,629286.0,1086063.0,218637.0,-675414.0,-509462.0,-510180.0,6584122.0
2020,000104,1030702.0,,578912.0,451790.0,387724.0,420583.0,16223491.0
2020,000116,6219663.0,,4173812.0,2045851.0,2032162.0,3242493.0,86154544.0
2020,000218,466606.0,,426702.0,39904.0,97350.0,218205.0,24754029.0
2020,000511,57116.0,,81894.0,-24778.0,-21029.0,-18705.0,831113.0
2020,000532,223412.0,,162057.0,61355.0,103119.0,104681.0,2967107.0
2020,000538,2473310.0,,1727090.0,746220.0,743886.0,709726.0,31884117.0
2020,000546,22133.0,,29808.0,-7675.0,19.0,4352.0,547086.0
2020,000560,191240.0,,178312.0,12928.0,47411.0,60081.0,1304747.0
2020,000601,139789.0,,269449.0,-129660.0,-5490.0,197988.0,5985883.0
2020,000616,2449512.0,,1568834.0,880678.0,856976.0,914465.0,34697145.0
2020,000638,269905.0,,177895.0,92010.0,53291.0,88484.0,2257043.0
2020,000646,671741.0,,508642.0,163099.0,179729.0,163529.0,6957622.0
2020,000695,97035.0,,68404.0,28631.0,27192.0,24674.0,1066470.0
2020,000700,4795909.0,,3504463.0,1291446.0,1546600.0,1627488.0,79217420.0
2020,000708,20180.0,,25310.0,-5130.0,-1485.0,1630.0,175566.0
2020,000775,84670.0,,76120.0,8550.0,17956.0,13702.0,969876.0
2020,000779,4244553.0,,2945467.0,1299086.0,1170712.0,1181001.0,64727877.0
2020,000815,3083421.0,,2250034.0,833387.0,773269.0,719810.0,53905341.0
2020,000838,148074.0,,103557.0,44517.0,55508.0,58793.0,1711118.0
2020,000856,1796470.0,,923338.0,873132.0,798042.0,804264.0,20818460.0
2020,000888,5736461.0,,4099239.0,1637222.0,1467385.0,1553308.0,64872315.0
2020,000930,-416979.0,,3099373.0,-3516352.0,-3632090.0,-3924758.0,50985468.0
2020,000960,10936607.0,,7287923.0,3648684.0,4203270.0,4433391.0,132413457.0
2020,000980,51766379.0,,35070983.0,16695396.0,15467050.0,17427764.0,904246478.0
2020,0009A0,11135555.0,,8475896.0,2659659.0,2873619.0,2784526.0,136387074.0
2020,1101,114367247.0,76779667.0,6245763.0,31341817.0,27991393.0,25495895.0,389506236.0
2020,1102,78240880.0,54911404.0,3659338.0,19670138.0,18773807.0,17584476.0,297086855.0
2020,1103,2058417.0,2202158.0,603155.0,822567.0,1837994.0,2138223.0,40646227.0
2020,1104,5426217.0,4519186.0,413889.0,493142.0,1259795.0,1339025.0,24102936.0
2020,1108,4530172.0,3813497.0,260241.0,447475.0,392269.0,396695.0,8027307.0
2020,1109,7593294.0,4983512.0,507423.0,2102359.0,1448873.0,1529166.0,11811053.0
2020,1110,1590986.0,1523614.0,97945.0,-30573.0,16949.0,17638.0,9865320.0
2020,1111,381709.0,335364.0,37154.0,9191.0,9503.0,10556.0,1314914.0
2020,1201,18650871.0,13206608.0,4849210.0,595053.0,536142.0,587863.0,18031521.0
2020,1203,6043700.0,3999778.0,1069011.0,974911.0,693921.0,487235.0,9331602.0
2020,1210,81650892.0,69388663.0,8050281.0,4211948.0,4072346.0,4701938.0,51693036.0
2020,1213,409612.0,404063.0,57997.0,-52448.0,-27252.0,-27261.0,1255281.0
2020,1215,22189635.0,18664912.0,1652968.0,1898598.0,1639876.0,1435445.0,19546349.0
2020,1216,447319979.0,293289723.0,124246365.0,29783891.0,30800665.0,30351339.0,495338492.0
2020,1217,4614486.0,3095482.0,1302903.0,216101.0,249394.0,430830.0,13340859.0
2020,1218,8356125.0,6715645.0,1323957.0,316542.0,851541.0,864520.0,9240265.0
2020,1219,12324165.0,10974663.0,1026574.0,331428.0,565233.0,567581.0,8550063.0
2020,1220,2775071.0,2328094.0,228628.0,218349.0,189740.0,184428.0,3101296.0
2020,1225,10213493.0,9143081.0,604893.0,508157.0,417787.0,417082.0,7693394.0
2020,1227,34466244.0,24856790.0,5565275.0,4044179.0,3255830.0,3496181.0,27823862.0
2020,1229,9544161.0,7507842.0,986257.0,1050062.0,3499454.0,8788080.0,55988518.0
2020,1231,8817321.0,6930265.0,1147806.0,739250.0,685698.0,690836.0,8822575.0
2020,1232,17440979.0,14992999.0,829844.0,1618136.0,1322623.0,1324194.0,6348688.0
2020,1233,1906194.0,810867.0,1030345.0,64982.0,57383.0,32218.0,2433516.0
2020,1234,9204945.0,6569791.0,2019618.0,615536.0,890163.0,869529.0,22211391.0
2020,1235,78579.0,42078.0,18701.0,17800.0,65636.0,466775.0,4167382.0
2020,1236,1637280.0,1168904.0,479868.0,-11492.0,180.0,-44060.0,2764972.0
2020,1237,25435173.0,19825005.0,4130895.0,1369515.0,4567149.0,4715526.0,657964393.0
2020,1242,2731492.0,1521200.0,1372629.0,-162337.0,5528.0,-11003.0,4667593.0
2020,1246,7172390.0,6901391.0,122528.0,147404.0,118982.0,123930.0,2433843.0
2020,1256,3479683.0,1880717.0,608960.0,990006.0,776806.0,822187.0,3557450.0
2020,1260,3763902.0,3267390.0,338444.0,158068.0,128923.0,131514.0,3775725.0
2020,1267,67637.0,25744.0,38141.0,3752.0,4474.0,4430.0,169636.0
2020,1269,2809456.0,1356469.0,1304159.0,148828.0,99562.0,102665.0,2323195.0
2020,1271,314477.0,106018.0,82580.0,125879.0,125698.0,125990.0,511154.0
2020,1293,425957.0,237684.0,142809.0,45464.0,43293.0,44171.0,260807.0
2020,1301,185813405.0,156759121.0,11955069.0,17099215.0,20036199.0,11427196.0,479280423.0
2020,1303,273353806.0,233757221.0,18375808.0,21220106.0,26888091.0,18779923.0,584712347.0
2020,1304,50201273.0,39721391.0,3583866.0,6896016.0,5682637.0,6199409.0,77324516.0
2020,1305,13733148.0,10373858.0,1205738.0,2153552.0,1791710.0,1874357.0,13893625.0
2020,1307,8441756.0,6578085.0,1365320.0,498351.0,218012.0,-74042.0,15340889.0
2020,1308,5703546.0,4574394.0,206849.0,922303.0,1103587.0,2203483.0,16883503.0
2020,1309,15498381.0,12375109.0,701809.0,2421463.0,1919818.0,2156298.0,9245870.0
2020,1310,8113225.0,7808122.0,214775.0,90328.0,289723.0,776408.0,9012370.0
2020,1312,16575784.0,13468788.0,1350118.0,1756878.0,4320555.0,3927682.0,36322368.0
2020,1313,51866839.0,47232128.0,2361501.0,2273210.0,2134320.0,5069323.0,44200637.0
2020,1314,17583092.0,17544864.0,1851106.0,-1812878.0,674660.0,876428.0,104909990.0
2020,1315,2233540.0,1851340.0,344167.0,38033.0,5430211.0,5611934.0,13066420.0
2020,1316,1236441.0,977518.0,290867.0,-31944.0,65067.0,80620.0,7095303.0
2020,1319,17322986.0,13880338.0,2903020.0,539628.0,742587.0,691433.0,35553199.0
2020,1321,4980018.0,4379893.0,367431.0,232694.0,715152.0,1276651.0,12175162.0
2020,1323,3406532.0,2545751.0,398898.0,461883.0,353094.0,392993.0,5473347.0
2020,1324,1055758.0,872444.0,167215.0,16099.0,16364.0,21363.0,1242489.0
2020,1325,4056858.0,1350793.0,181338.0,2524727.0,2014576.0,2091683.0,4635081.0
2020,1326,253294668.0,223762600.0,14208448.0,15323620.0,21553709.0,11401024.0,531820428.0
2020,1328,721700943.0,712267229.0,20153836.0,-10720122.0,-7341553.0,-11949017.0,737278927.0
2020,1337,1008157.0,1486319.0,871088.0,-1349250.0,-1312802.0,-1215414.0,6532866.0
2020,1338,6166478.0,4772317.0,1138123.0,256038.0,287319.0,200918.0,10354080.0
2020,1339,2120901.0,1483398.0,287060.0,350443.0,119613.0,136020.0,5298401.0
2020,1340,656406.0,916105.0,141212.0,-400911.0,-389742.0,-434924.0,5565765.0
2020,1341,2664416.0,2036482.0,234370.0,393564.0,310881.0,240109.0,2121080.0
2020,1342,1531351.0,1140848.0,140790.0,249768.0,196227.0,196227.0,1975262.0
2020,1343,228205.0,177818.0,40403.0,9984.0,8513.0,8518.0,699620.0
2020,1402,206769281.0,166373605.0,30393920.0,10002311.0,12980539.0,13239008.0,616955270.0
2020,1408,5971430.0,5657412.0,688085.0,-374067.0,3789.0,-39078.0,7038917.0
2020,1409,32128967.0,,3277623.0,,3639884.0,3049891.0,173954320.0
2020,1410,416256.0,264604.0,64171.0,87481.0,62551.0,64200.0,1387560.0
2020,1413,1558963.0,1631827.0,91203.0,-164067.0,-162038.0,-159304.0,2737080.0
2020,1414,702471.0,639587.0,74982.0,-12098.0,58588.0,65842.0,4416425.0
2020,1416,20370.0,127939.0,64363.0,-171932.0,-343732.0,-282366.0,7210490.0
2020,1417,1035869.0,812289.0,582092.0,-358512.0,-353043.0,-481702.0,3147085.0
2020,1418,100142.0,285696.0,61709.0,-273258.0,-228235.0,-227877.0,2232986.0
2020,1419,2149213.0,1526091.0,459573.0,163447.0,364492.0,689546.0,13579128.0
2020,1423,202723.0,349979.0,50130.0,-197386.0,354023.0,662641.0,3335725.0
2020,1432,1154819.0,155980.0,1043231.0,-44392.0,15844.0,9810.0,4804207.0
2020,1434,28783492.0,25770665.0,2436481.0,576346.0,2095306.0,1468320.0,79462058.0
2020,1435,15053.0,1016.0,34270.0,-20233.0,-21435.0,-73708.0,1007903.0
2020,1436,1631881.0,1137804.0,221171.0,272906.0,179648.0,181433.0,11672964.0
2020,1437,605384.0,156429.0,87228.0,361727.0,356977.0,137669.0,11237184.0
2020,1438,98432.0,34938.0,17491.0,46003.0,45919.0,45919.0,1866081.0
2020,1439,113119.0,114888.0,28452.0,-30221.0,-243523.0,-122897.0,2405928.0
2020,1440,17628221.0,15965585.0,1851260.0,-188624.0,971261.0,897525.0,46874462.0
2020,1441,1509851.0,1584880.0,175026.0,-250055.0,-292272.0,-329975.0,2388768.0
2020,1442,2231333.0,1897356.0,224242.0,109735.0,76808.0,80191.0,12921260.0
2020,1443,569401.0,414023.0,64642.0,90736.0,-58737.0,-18440.0,5690226.0
2020,1444,8373609.0,7994807.0,628044.0,-250160.0,-424828.0,-65451.0,17398746.0
2020,1445,917470.0,922558.0,116795.0,-121883.0,-57906.0,-41386.0,1970847.0
2020,1446,490557.0,334603.0,153272.0,2682.0,-7438.0,11262.0,4085885.0
2020,1447,13559461.0,13324652.0,591304.0,-356736.0,-414333.0,416539.0,17844807.0
2020,1449,1929151.0,1838286.0,359945.0,-269080.0,-127030.0,-92486.0,6364291.0
2020,1451,7019373.0,6814683.0,504607.0,-299917.0,-423066.0,69022.0,9045576.0
2020,1452,1271905.0,1124021.0,106436.0,41448.0,97497.0,178473.0,2749971.0
2020,1453,219411.0,174701.0,34080.0,10630.0,15301.0,15301.0,1355776.0
2020,1454,1204928.0,1173098.0,128059.0,-96664.0,-38295.0,69413.0,1992198.0
2020,1455,7675607.0,7591144.0,364077.0,-279614.0,-40115.0,-27903.0,8926635.0
2020,1456,716457.0,589930.0,83260.0,150968.0,68064.0,68808.0,6711723.0
2020,1457,2707215.0,2501874.0,221908.0,905331.0,556686.0,670740.0,17780814.0
2020,1459,1783734.0,1869696.0,140413.0,-226375.0,-183707.0,-137392.0,5993026.0
2020,1460,7343877.0,6771871.0,1424413.0,-851834.0,-936989.0,-1033813.0,13565096.0
2020,1463,441609.0,356858.0,76388.0,8363.0,61102.0,42453.0,2634240.0
2020,1464,8594659.0,7350952.0,1231143.0,3155.0,-206633.0,-224404.0,17847430.0
2020,1465,425282.0,386665.0,55505.0,-16888.0,-25072.0,-43999.0,1917878.0
2020,1466,2635433.0,2353748.0,266935.0,14750.0,40489.0,31808.0,3420333.0
2020,1467,8598587.0,6382107.0,1783919.0,432561.0,164775.0,740675.0,8112920.0
2020,1468,961757.0,843871.0,120193.0,-2307.0,45183.0,76403.0,2867261.0
2020,1470,630757.0,517086.0,95568.0,19006.0,35414.0,47510.0,1173413.0
2020,1471,1085366.0,976899.0,213631.0,-105164.0,396093.0,394609.0,1595001.0
2020,1472,329104.0,315842.0,206559.0,-193297.0,-425124.0,-437332.0,1794920.0
2020,1473,5970540.0,5299588.0,998945.0,-327993.0,-355198.0,-457329.0,5038874.0
2020,1474,2858477.0,2456391.0,333425.0,68661.0,100880.0,94071.0,3862094.0
2020,1475,168113.0,136599.0,17188.0,14326.0,3910.0,9786.0,435455.0
2020,1476,28175401.0,20096659.0,2582190.0,5496552.0,4254534.0,4062270.0,26446425.0
2020,1477,24924170.0,19352764.0,2905648.0,2665758.0,2078913.0,1915510.0,18635811.0
2020,1480,7980893.0,7701785.0,131515.0,147593.0,125765.0,94881.0,4468840.0
2020,1503,25684003.0,20945818.0,2784055.0,1954130.0,1596946.0,1908819.0,42057817.0
2020,1504,45823430.0,35066082.0,7222036.0,3534057.0,3811648.0,7603587.0,105679071.0
2020,1506,855851.0,837273.0,230985.0,-212407.0,-370361.0,-381867.0,2289883.0
2020,1507,15318751.0,11486244.0,2564034.0,1268473.0,1345347.0,1513174.0,23916553.0
2020,1512,1188984.0,1114063.0,214593.0,-139672.0,-128179.0,-119925.0,2218122.0
2020,1513,15390789.0,12105150.0,1564666.0,1720973.0,1551301.0,2021565.0,29541235.0
2020,1514,5113892.0,4209656.0,555092.0,348750.0,320145.0,369426.0,6119464.0
2020,1515,11374207.0,9403085.0,815056.0,1156066.0,822190.0,854123.0,9541148.0
2020,1516,820184.0,780451.0,11360.0,28373.0,28653.0,28653.0,473379.0
2020,1517,3383919.0,2863070.0,384004.0,136845.0,202305.0,235107.0,4823283.0
2020,1519,8471592.0,7117542.0,879957.0,474093.0,457514.0,429006.0,8692352.0
2020,1521,4797165.0,4125419.0,486800.0,186734.0,159750.0,163536.0,3669776.0
2020,1522,14446208.0,11588776.0,2590956.0,266486.0,286687.0,229733.0,22745135.0
2020,1524,1908786.0,1617362.0,235992.0,55432.0,36537.0,74791.0,5033319.0
2020,1525,1052991.0,960750.0,85937.0,6304.0,324045.0,362040.0,5284732.0
2020,1526,1246649.0,965375.0,149010.0,132264.0,178317.0,178983.0,1847517.0
2020,1527,3589313.0,2680365.0,357567.0,551381.0,406950.0,402000.0,5089151.0
2020,1528,3210946.0,2356460.0,986227.0,-131741.0,-118019.0,-115273.0,5010635.0
2020,1529,609148.0,500377.0,38756.0,64350.0,62077.0,62077.0,1627586.0
2020,1530,3093583.0,2612792.0,444667.0,37924.0,594202.0,624942.0,6023970.0
2020,1531,1609928.0,1409043.0,280881.0,-79996.0,-55089.0,-48181.0,4424494.0
2020,1532,13125899.0,9827107.0,2008880.0,1297615.0,791441.0,1001958.0,44787320.0
2020,1533,2866192.0,2062214.0,739976.0,64002.0,-5000.0,-27900.0,6428761.0
2020,1535,8836360.0,8318011.0,439240.0,64724.0,197435.0,143568.0,6724372.0
2020,1536,5211042.0,4038224.0,776207.0,396611.0,285560.0,308008.0,18351175.0
2020,1537,7119214.0,5464078.0,455690.0,1199446.0,879196.0,743843.0,5445598.0
2020,1538,275762.0,241401.0,118412.0,-84051.0,-12302.0,-6864.0,458269.0
2020,1539,2293323.0,2075948.0,93993.0,123382.0,-18592.0,-12977.0,4436747.0
2020,1540,311106.0,267769.0,50791.0,-7454.0,-20657.0,-19722.0,1566895.0
2020,1541,5271945.0,4205170.0,381368.0,685407.0,456555.0,436971.0,3839724.0
2020,1550,8794242.0,7607378.0,873959.0,312905.0,227239.0,227654.0,12659653.0
2020,1557,4310030.0,3329392.0,927233.0,53405.0,178643.0,198691.0,10848876.0
2020,1558,6965819.0,5005807.0,770043.0,1189969.0,845641.0,763468.0,7981683.0
2020,1560,5156550.0,3609958.0,839619.0,706973.0,539476.0,514389.0,9452848.0
2020,1563,5441855.0,4449997.0,610714.0,381144.0,222276.0,227566.0,16819761.0
2020,1568,1756718.0,1590591.0,186812.0,-20685.0,10300.0,7263.0,3146395.0
2020,1582,9663341.0,7122648.0,1009001.0,1531692.0,974682.0,974730.0,11770911.0
2020,1583,5205033.0,4244029.0,902514.0,58490.0,685775.0,855095.0,12308522.0
2020,1585,128174.0,196502.0,61556.0,-129884.0,-147290.0,-148372.0,899879.0
2020,1587,1725729.0,1276679.0,317637.0,131413.0,173670.0,169503.0,2673908.0
2020,1589,8184273.0,6394486.0,1245087.0,544700.0,516530.0,517588.0,16394386.0
2020,1590,19103001.0,9649868.0,3488936.0,5964197.0,4844203.0,5214157.0,41430981.0
2020,1592,4677501.0,4036762.0,1699594.0,-958644.0,-1550068.0,-1498534.0,4750887.0
2020,1594,729669.0,645617.0,31989.0,52063.0,40963.0,34378.0,779320.0
2020,1597,1381885.0,815950.0,289566.0,276369.0,203095.0,195566.0,3509341.0
2020,1598,13123756.0,7639437.0,3644573.0,1852910.0,1318056.0,1256962.0,13251988.0
2020,1602,21457465.0,19224114.0,1542340.0,691011.0,279724.0,-276832.0,36362432.0
2020,1603,2244267.0,1967777.0,140235.0,143783.0,326569.0,367732.0,8341380.0
2020,1604,7670020.0,6267997.0,874713.0,527310.0,1835995.0,1855205.0,12614809.0
2020,1605,112546603.0,100078265.0,5083276.0,7385062.0,7005801.0,10344010.0,151564006.0
2020,1606,,,7386.0,-7386.0,-6908.0,-6908.0,21361.0
2020,1608,7440063.0,7092972.0,175228.0,171863.0,371697.0,376537.0,12343475.0
2020,1609,18300805.0,16699808.0,1172725.0,428272.0,1033720.0,1039995.0,25204203.0
2020,1611,2074046.0,1519379.0,465130.0,89537.0,78618.0,128233.0,5982799.0
2020,1612,4567162.0,4025217.0,232644.0,309301.0,517169.0,797743.0,6142370.0
2020,1613,3646949.0,3341984.0,182159.0,28564.0,-17135.0,2459.0,4497948.0
2020,1614,5488349.0,4320343.0,757862.0,410144.0,355605.0,339590.0,6567985.0
2020,1615,3165977.0,2623337.0,139162.0,403478.0,328750.0,331871.0,3417234.0
2020,1616,2682733.0,2554421.0,158538.0,-30226.0,1703.0,-30242.0,2776143.0
2020,1617,2984283.0,2554234.0,236720.0,193329.0,146273.0,141433.0,3041241.0
2020,1618,2822947.0,2482042.0,100263.0,240642.0,241980.0,578630.0,5036954.0
2020,1619,2634918.0,2570038.0,61183.0,3697.0,-20740.0,46243.0,1536080.0
2020,1626,9207346.0,7641207.0,1349582.0,220906.0,156239.0,256845.0,9253342.0
2020,1701,8181056.0,5212253.0,2547571.0,421232.0,559500.0,925745.0,12356914.0
2020,1702,17621763.0,11682430.0,4261588.0,1677745.0,995601.0,997720.0,25340484.0
2020,1707,9168195.0,1631457.0,5232009.0,2304782.0,1895095.0,1909751.0,13104121.0
2020,1708,4034992.0,3197912.0,582752.0,254328.0,174129.0,-52109.0,11878285.0
2020,1709,8481829.0,6994508.0,781300.0,708843.0,539660.0,518288.0,11120153.0
2020,1710,18763159.0,18245325.0,973826.0,-455992.0,-1471647.0,-1650199.0,34103627.0
2020,1711,7769066.0,6200244.0,1364186.0,204636.0,205022.0,413990.0,13226389.0
2020,1712,17484401.0,12780094.0,3726495.0,977812.0,721519.0,581703.0,14955981.0
2020,1713,475644.0,409367.0,48944.0,17333.0,91433.0,124742.0,2484080.0
2020,1714,25849191.0,19843007.0,2372333.0,3633445.0,2399546.0,2627507.0,24281825.0
2020,1716,5182380.0,2803690.0,1487361.0,891329.0,744904.0,717893.0,6786996.0
2020,1717,38370366.0,29484478.0,5746962.0,3138926.0,2493217.0,3087168.0,56188625.0
2020,1718,30816399.0,,7876063.0,,4048708.0,4393788.0,763091066.0
2020,1720,4305400.0,2385562.0,1213251.0,706587.0,625560.0,572197.0,7049447.0
2020,1721,2752601.0,2613246.0,383110.0,-243755.0,524306.0,529772.0,4799421.0
2020,1722,10169742.0,7580633.0,1341420.0,1247689.0,2452881.0,2739079.0,76346127.0
2020,1723,5363774.0,4243881.0,349994.0,769899.0,708027.0,678340.0,11642873.0
2020,1724,1746339.0,1525621.0,144905.0,85898.0,25477.0,22081.0,3140270.0
2020,1725,7072520.0,6686003.0,234863.0,151654.0,249050.0,21665.0,5342572.0
2020,1726,7987996.0,5870103.0,1140174.0,977719.0,830516.0,868670.0,10286126.0
2020,1727,1772950.0,1579260.0,182436.0,11254.0,-153895.0,-156609.0,2298098.0
2020,1730,3058759.0,1661362.0,1082446.0,315171.0,383850.0,364563.0,2595403.0
2020,1731,1065325.0,389054.0,505692.0,170337.0,171002.0,199225.0,2476266.0
2020,1732,620713.0,341465.0,232522.0,46726.0,38595.0,36458.0,650622.0
2020,1733,2005337.0,1553113.0,348896.0,103328.0,94629.0,91579.0,2651442.0
2020,1734,2388452.0,1512919.0,997730.0,-122197.0,-172559.0,-162812.0,6126915.0
2020,1735,2363415.0,1906186.0,319739.0,137490.0,74010.0,82921.0,3055063.0
2020,1736,28366756.0,14969269.0,12467398.0,930089.0,747354.0,711538.0,31187089.0
2020,1737,3130347.0,1822755.0,844271.0,463321.0,374589.0,370863.0,7797719.0
2020,1739,1503722.0,1311551.0,30759.0,161412.0,129410.0,129201.0,1215638.0
2020,1740,3274654.0,2497042.0,161901.0,603595.0,515252.0,566210.0,8129828.0
2020,1743,2649828.0,2341069.0,72592.0,236167.0,187008.0,186530.0,2318387.0
2020,1745,531327.0,417615.0,47409.0,66303.0,53852.0,63849.0,859597.0
2020,1760,1568637.0,754605.0,690623.0,104500.0,27901.0,18529.0,3073954.0
2020,1762,1543589.0,856836.0,417833.0,268920.0,532063.0,545719.0,3147140.0
2020,1763,117226402.0,87416339.0,7142696.0,22667367.0,16583430.0,19272479.0,125125734.0
2020,1764,99359315.0,81599197.0,7708083.0,10052035.0,10840218.0,22419841.0,195553532.0
2020,1765,100921672.0,79832729.0,5305224.0,15783719.0,12527078.0,28659046.0,151284877.0
2020,1766,49560966.0,41532876.0,4395564.0,3632526.0,2336440.0,2083671.0,55095998.0
2020,1767,771519.0,627298.0,55786.0,88435.0,91494.0,119225.0,2530715.0
2020,1769,2489876.0,1937366.0,128513.0,423997.0,402321.0,380890.0,7159088.0
2020,1770,4682196.0,3136540.0,1058906.0,486750.0,405254.0,421005.0,6223796.0
2020,1773,7778275.0,5456673.0,946217.0,1375385.0,1174007.0,1172694.0,8237310.0
2020,1775,5793470.0,4120180.0,911525.0,763559.0,598656.0,598631.0,7759809.0
2020,1776,1380972.0,1085671.0,208174.0,87127.0,56019.0,50745.0,1892973.0
2020,1780,618066.0,376912.0,138587.0,102567.0,79472.0,79763.0,2260554.0
2020,1783,457691.0,243171.0,153415.0,61105.0,63311.0,63093.0,956470.0
2020,1786,466881.0,123604.0,196640.0,146637.0,128005.0,122678.0,1890726.0
2020,1789,3082928.0,1765469.0,941736.0,375723.0,282067.0,482875.0,11846763.0
2020,1795,10728583.0,6131960.0,2983960.0,1612663.0,1029651.0,923104.0,19753418.0
2020,1802,41907654.0,34827749.0,4524435.0,2534105.0,2460548.0,3702742.0,89929777.0
2020,1805,219762.0,198988.0,73962.0,-53074.0,-61775.0,-61250.0,1377771.0
2020,1806,3609001.0,2918008.0,1041440.0,-350447.0,-402867.0,-415582.0,9894776.0
2020,1808,7656236.0,6639308.0,612474.0,404454.0,117248.0,166916.0,36797990.0
2020,1809,1860523.0,1527845.0,462224.0,-103217.0,-96123.0,-100293.0,4295774.0
2020,1810,5102207.0,3847421.0,1254601.0,185.0,79404.0,244946.0,10738661.0
2020,1817,2306521.0,1572353.0,444491.0,289046.0,220056.0,148625.0,2549013.0
2020,1819,198996.0,200451.0,24227.0,-25682.0,-26425.0,-26573.0,766717.0
2020,1903,159473.0,105965.0,205922.0,-152414.0,-135685.0,892778.0,7521993.0
2020,1904,40074390.0,29458625.0,5598187.0,5017578.0,3743869.0,2827144.0,61005820.0
2020,1905,18616694.0,17375251.0,1631953.0,-390177.0,-312392.0,-272800.0,32670233.0
2020,1906,1245461.0,1110916.0,125237.0,9308.0,93259.0,2526506.0,8355580.0
2020,1907,73234546.0,58253470.0,9378505.0,5602904.0,6603903.0,6578337.0,123771210.0
2020,1909,41600592.0,35078972.0,4221454.0,2300166.0,927510.0,3059690.0,73676851.0
2020,2002,314783301.0,299665781.0,12821283.0,2296237.0,2257833.0,-635850.0,636082697.0
2020,2006,42866290.0,36245586.0,2199217.0,4421487.0,3556583.0,3416575.0,44421087.0
2020,2007,5589791.0,5753100.0,190304.0,-353613.0,-484760.0,-483412.0,12939217.0
2020,2008,962510.0,940489.0,90643.0,-68622.0,-32794.0,327489.0,6662194.0
2020,2009,2260596.0,2281757.0,54742.0,-75903.0,79210.0,871148.0,6038411.0
2020,2010,19228310.0,17882620.0,803287.0,542403.0,522395.0,611261.0,18271473.0
2020,2012,8054615.0,6905334.0,798820.0,350461.0,263036.0,172022.0,10745473.0
2020,2013,13242169.0,12598007.0,366339.0,277823.0,630701.0,674332.0,14723286.0
2020,2014,36790154.0,35335654.0,1116288.0,338212.0,528260.0,664377.0,27100057.0
2020,2015,27298051.0,23448762.0,758427.0,3090862.0,2619426.0,2954020.0,23013862.0
2020,2017,3493012.0,3107240.0,402435.0,-13660.0,65923.0,374885.0,9386739.0
2020,2020,5073767.0,4583199.0,222945.0,267460.0,392144.0,420470.0,6777379.0
2020,2022,7930384.0,7397427.0,415275.0,117682.0,-219823.0,-392356.0,8162208.0
2020,2023,55421795.0,51270778.0,3017931.0,1133086.0,517588.0,579063.0,84032370.0
2020,2024,1184430.0,1084077.0,64016.0,36337.0,26843.0,27784.0,1923232.0
2020,2025,803775.0,992604.0,31472.0,-221988.0,-209678.0,-192353.0,1754625.0
2020,2027,59234909.0,50300169.0,7502253.0,1822767.0,-101458.0,-2450337.0,98131485.0
2020,2028,8690155.0,7965100.0,127666.0,597389.0,602547.0,574250.0,6565820.0
2020,2029,9381644.0,8514709.0,488585.0,378350.0,253371.0,251186.0,10066823.0
2020,2030,10560947.0,9622919.0,703160.0,234868.0,108351.0,120458.0,11667992.0
2020,2031,9852311.0,9039615.0,342376.0,469738.0,845733.0,1676408.0,19893273.0
2020,2032,3266944.0,3071560.0,106779.0,88605.0,75993.0,80754.0,2076932.0
2020,2033,757773.0,656220.0,80337.0,21216.0,19810.0,41629.0,1195584.0
2020,2034,12717152.0,11532537.0,719986.0,464629.0,423567.0,1610878.0,13212563.0
2020,2038,7600525.0,7243755.0,177322.0,179448.0,149541.0,83840.0,8303616.0
2020,2041,6567473.0,6317729.0,186015.0,63729.0,124369.0,371071.0,7352290.0
2020,2048,76824329.0,77021113.0,2012317.0,-2209101.0,-2192627.0,-2253439.0,167215485.0
2020,2049,21266659.0,15476252.0,4057933.0,1732474.0,1698779.0,1792503.0,48037782.0
2020,2056,3691723.0,3400406.0,284127.0,7190.0,94492.0,123825.0,4823961.0
2020,2059,4801405.0,2286593.0,553203.0,1961609.0,1164589.0,1162881.0,13375276.0
2020,2062,7237623.0,6582998.0,644385.0,10240.0,-77498.0,-44733.0,12530665.0
2020,2068,1969791.0,1401879.0,414823.0,153089.0,84318.0,104989.0,2784916.0
2020,2069,7433603.0,6927021.0,395403.0,111179.0,40157.0,48680.0,8415947.0
2020,2071,1825106.0,1692479.0,123825.0,8802.0,-45341.0,-45341.0,2841397.0
2020,2072,2514611.0,1489326.0,90269.0,935016.0,767346.0,767346.0,7032491.0
2020,2101,9695119.0,7364738.0,1301454.0,1029090.0,844378.0,960890.0,32025140.0
2020,2102,5704663.0,4402644.0,1032704.0,269315.0,111477.0,223635.0,14575805.0
2020,2103,24024443.0,21087174.0,2297813.0,822315.0,215261.0,-66742.0,29268382.0
2020,2104,17105502.0,13565328.0,2135714.0,1404460.0,676010.0,-279172.0,50187227.0
2020,2105,96209056.0,72220406.0,15391925.0,8596725.0,6001203.0,6281007.0,151325153.0
2020,2106,30260185.0,22910212.0,4876452.0,1535939.0,972225.0,676731.0,42390039.0
2020,2107,3282255.0,2219968.0,251725.0,810562.0,901716.0,785238.0,12257115.0
2020,2108,14402725.0,7924266.0,1657422.0,4821037.0,3620225.0,3596093.0,14409854.0
2020,2109,4882864.0,3723434.0,554366.0,605064.0,561919.0,391788.0,8049717.0
2020,2114,1596510.0,931808.0,156567.0,508135.0,523696.0,529709.0,2916069.0
2020,2115,2602257.0,1975622.0,298600.0,328035.0,594759.0,608067.0,4725135.0
2020,2201,82597514.0,63979927.0,19848067.0,-1218462.0,4839562.0,5080551.0,301322746.0
2020,2204,30874600.0,25968953.0,3130409.0,1776670.0,3540548.0,3669597.0,54597693.0
2020,2206,40774917.0,32968062.0,5847496.0,1959359.0,2051856.0,2102212.0,44018077.0
2020,2207,231813269.0,,14328508.0,,16535210.0,17260513.0,290251960.0
2020,2208,25296629.0,26706103.0,497921.0,-1907395.0,-1600087.0,-1546885.0,37247566.0
2020,2211,9349649.0,7323348.0,491989.0,1534312.0,1404259.0,2463493.0,24053202.0
2020,2215,35952577.0,28984027.0,5977950.0,990600.0,1319987.0,1283004.0,36860912.0
2020,2218,22055651.0,19816747.0,1917532.0,321372.0,393915.0,393915.0,6843244.0
2020,2219,1019581.0,897393.0,109194.0,12994.0,2133.0,-2076.0,1286643.0
2020,2220,20224533.0,17946233.0,1605860.0,672440.0,588960.0,597865.0,6727713.0
2020,2222,30051633.0,27509744.0,1899581.0,642308.0,835463.0,860015.0,9713893.0
2020,2225,37631195.0,34614230.0,2233614.0,783351.0,750954.0,772305.0,12956866.0
2020,2226,34669778.0,31002083.0,2773618.0,894077.0,874358.0,793184.0,14333616.0
2020,2227,29660638.0,25566106.0,3795462.0,299359.0,6540938.0,6482227.0,27764630.0
2020,2228,3423476.0,2678825.0,606032.0,138619.0,98938.0,88270.0,5494037.0
2020,2231,3340199.0,2067788.0,886043.0,386368.0,250171.0,261152.0,7527861.0
2020,2233,2538399.0,1715278.0,418131.0,404990.0,359289.0,367473.0,4281814.0
2020,2236,1181611.0,888273.0,238857.0,54481.0,27288.0,-19645.0,2263862.0
2020,2237,341327.0,403059.0,105035.0,-166767.0,-153977.0,-153977.0,800106.0
2020,2239,21644152.0,18187450.0,2187694.0,1269008.0,825466.0,1091304.0,32363922.0
2020,2241,847271.0,686300.0,117537.0,43434.0,6546.0,6300.0,2364110.0
2020,2243,757591.0,903291.0,214013.0,-359713.0,-284892.0,-289481.0,3902206.0
2020,2245,354201.0,238974.0,73188.0,42039.0,30834.0,26364.0,761669.0
2020,2246,205246.0,182693.0,189789.0,-166966.0,-148484.0,-148484.0,1221942.0
2020,2247,39561996.0,34862488.0,3475705.0,1292340.0,1070976.0,1042892.0,18549908.0
2020,2248,694217.0,557639.0,164367.0,-27789.0,-5467.0,3307.0,1169123.0
2020,2249,1784624.0,1531181.0,130766.0,122677.0,95628.0,95681.0,1368335.0
2020,2250,3623549.0,2989370.0,474421.0,159758.0,107544.0,83617.0,3033070.0
2020,2252,571504.0,370800.0,249165.0,-48461.0,-50274.0,-48899.0,1210722.0
2020,2301,157133623.0,129749924.0,17177505.0,10206194.0,9829204.0,8442603.0,176067237.0
2020,2302,759358.0,464314.0,153936.0,141108.0,105636.0,122388.0,2146524.0
2020,2303,176820914.0,137823813.0,23243584.0,22007407.0,27180412.0,31865946.0,377516375.0
2020,2305,582434.0,392046.0,258332.0,-67944.0,21579.0,27633.0,2901120.0
2020,2308,282605493.0,195393115.0,55786574.0,31425804.0,27384339.0,18434300.0,336416215.0
2020,2311,180725425.0,140021703.0,20859951.0,19843771.0,16761530.0,14636223.0,282305043.0
2020,2312,128219874.0,120255664.0,7232401.0,731809.0,240132.0,-305790.0,99275157.0
2020,2313,60516929.0,49513908.0,4365272.0,6637749.0,4664701.0,4778497.0,66395616.0
2020,2314,3949997.0,3210125.0,876881.0,-137009.0,-95415.0,-235925.0,5399783.0
2020,2316,4784973.0,4594437.0,395789.0,-205253.0,414059.0,352752.0,12572852.0
2020,2317,5358023065.0,5055104342.0,192091275.0,110827448.0,114325587.0,121498127.0,3674275590.0
2020,2321,1075547.0,892458.0,236564.0,-53475.0,-34701.0,-121222.0,1902890.0
2020,2323,9401027.0,7397634.0,2234737.0,-231344.0,124827.0,-24467.0,24805009.0
2020,2324,1048929251.0,1013470729.0,23965977.0,11492545.0,10409512.0,7068166.0,466925698.0
2020,2325,102035846.0,79718941.0,9948710.0,12368195.0,11496193.0,14655301.0,126272830.0
2020,2327,67672108.0,41015041.0,9175150.0,17481917.0,13003182.0,11274950.0,183030890.0
2020,2328,20547713.0,18403018.0,1219897.0,924798.0,790495.0,792262.0,20679624.0
2020,2329,13851909.0,13154556.0,884398.0,-186030.0,-266123.0,-408117.0,14483819.0
2020,2330,1339254811.0,628108309.0,145056549.0,566783698.0,518158082.0,487836280.0,2760711405.0
2020,2331,25995735.0,23264066.0,2690992.0,40677.0,65950.0,66220.0,23749910.0
2020,2332,15179443.0,10404148.0,4695069.0,80226.0,1310560.0,1075407.0,15950230.0
2020,2337,39800947.0,26391592.0,7542878.0,5866477.0,5325612.0,5613626.0,65892218.0
2020,2338,4666756.0,3723670.0,598933.0,344153.0,486307.0,489492.0,9069965.0
2020,2340,5590046.0,3946488.0,954411.0,689147.0,575129.0,483716.0,10641427.0
2020,2342,1845652.0,1427057.0,200327.0,218268.0,219533.0,219707.0,2962981.0
2020,2344,60683171.0,43643035.0,15412845.0,1627291.0,1519043.0,4810294.0,126043240.0
2020,2345,54462872.0,42908810.0,5151399.0,6402663.0,5048640.0,5109612.0,31122969.0
2020,2347,334200976.0,319106359.0,7860860.0,7233757.0,8538386.0,9260897.0,159675713.0
2020,2348,3747452.0,1534679.0,578146.0,1634627.0,1431116.0,1506727.0,9208138.0
2020,2349,6578209.0,5700940.0,1359177.0,-481908.0,-801727.0,-1011768.0,19551669.0
2020,2351,8450611.0,7118232.0,730792.0,601587.0,401381.0,418704.0,10575718.0
2020,2352,191701702.0,164874913.0,20213935.0,6612854.0,6366561.0,6038367.0,170811949.0
2020,2353,277112477.0,246992862.0,21412550.0,8935838.0,6145610.0,4974059.0,183908672.0
2020,2354,104789599.0,98320026.0,3851148.0,2618425.0,4686123.0,5199171.0,169109720.0
2020,2355,15313285.0,14443453.0,993603.0,-123771.0,45702.0,-34171.0,22477318.0
2020,2356,508294198.0,487181281.0,16671831.0,4441086.0,6572978.0,6420674.0,214161437.0
2020,2357,412780439.0,339554721.0,48253110.0,24957063.0,28386878.0,34442454.0,396514716.0
2020,2358,1920858.0,1733532.0,127809.0,59517.0,10429.0,11292.0,3145443.0
2020,2359,3527149.0,2781005.0,699206.0,46938.0,30390.0,24836.0,6482437.0
2020,2360,15532543.0,7988328.0,4746819.0,2797401.0,2380957.0,2459094.0,28128883.0
2020,2362,20238946.0,15882827.0,2879936.0,1476183.0,666944.0,618613.0,94266222.0
2020,2363,160171.0,115036.0,492509.0,-447374.0,-300090.0,9732127.0,17594109.0
2020,2364,863359.0,606187.0,254943.0,2229.0,15432.0,11557.0,1168651.0
2020,2365,1653269.0,1137698.0,353776.0,161795.0,146905.0,-94732.0,3697542.0
2020,2367,14386972.0,14390500.0,2306610.0,-2310138.0,-1435460.0,-1181514.0,23834297.0
2020,2368,23398323.0,18107743.0,2172286.0,3073918.0,2066612.0,2099666.0,21649496.0
2020,2369,5457586.0,5158502.0,462614.0,-163530.0,-163140.0,-154363.0,7645260.0
2020,2371,31641355.0,25312819.0,7640215.0,-1311337.0,-4988030.0,-5198492.0,110555435.0
2020,2373,12950974.0,7152644.0,4357247.0,1517380.0,1558735.0,1924878.0,18062909.0
2020,2374,3442017.0,2855114.0,1203201.0,-616298.0,-444902.0,-777534.0,9131183.0
2020,2375,4466552.0,3310374.0,603781.0,552397.0,581393.0,612846.0,13698167.0
2020,2376,84602841.0,70138404.0,10246602.0,4217835.0,4331235.0,4464790.0,49429157.0
2020,2377,146502789.0,125199949.0,12115012.0,9187828.0,7959505.0,8075487.0,78397515.0
2020,2379,77759470.0,44510731.0,24609176.0,8639563.0,8793526.0,7425261.0,78095917.0
2020,2380,1835372.0,1509281.0,689350.0,-363259.0,-412653.0,-409721.0,2697041.0
2020,2382,1090858851.0,1026887774.0,31518892.0,32450504.0,25390060.0,22934264.0,663857379.0
2020,2383,27200786.0,20160757.0,2356578.0,4683451.0,3694270.0,3770468.0,27856806.0
2020,2384,5130.0,241906.0,305371.0,-542147.0,2378027.0,2419168.0,8257607.0
2020,2385,95082227.0,77306598.0,10112929.0,7662700.0,6567771.0,5603268.0,75441996.0
2020,2387,21179505.0,17840977.0,1331100.0,2007428.0,1293318.0,1436506.0,22187577.0
2020,2388,6502715.0,4447181.0,2834454.0,-778920.0,4844834.0,4816705.0,18442050.0
2020,2390,531099.0,437572.0,215893.0,-122366.0,195323.0,199166.0,2928608.0
2020,2392,89552100.0,79778673.0,7379006.0,2394421.0,1884368.0,2142315.0,82262102.0
2020,2393,21637035.0,16218266.0,4065267.0,1353502.0,1249680.0,1361936.0,30267150.0
2020,2395,51119408.0,30723147.0,11359708.0,9036553.0,7302987.0,7274074.0,50199385.0
2020,2397,8349522.0,6240423.0,1460974.0,648125.0,477833.0,449862.0,8084004.0
2020,2399,2104572.0,1851165.0,280324.0,-26917.0,145600.0,148143.0,2808277.0
2020,2401,6414140.0,3489044.0,2408966.0,516167.0,618827.0,624545.0,12620589.0
2020,2402,5502842.0,4758407.0,548748.0,195687.0,120190.0,160279.0,9460234.0
2020,2404,35836642.0,30152496.0,1063500.0,4620646.0,4091332.0,3979275.0,27048567.0
2020,2405,1744376.0,1093608.0,595277.0,55491.0,62105.0,82698.0,3913584.0
2020,2406,9554735.0,8323634.0,1034653.0,-243088.0,-560980.0,-488952.0,15674046.0
2020,2408,61005514.0,45313936.0,7257104.0,8434474.0,7686041.0,5719045.0,165631980.0
2020,2409,270955381.0,248190042.0,20682297.0,2083042.0,2907427.0,5770407.0,407270295.0
2020,2412,207608998.0,137028852.0,29813666.0,42361726.0,34705543.0,35880459.0,506377992.0
2020,2413,3801959.0,3222699.0,563249.0,16011.0,-13831.0,31754.0,4611671.0
2020,2414,21557473.0,19830099.0,1263376.0,463998.0,371786.0,363115.0,7165650.0
2020,2415,1964549.0,1482002.0,264243.0,229589.0,87210.0,-21584.0,5590680.0
2020,2417,7051145.0,3260666.0,1940132.0,1850347.0,1617691.0,1606716.0,7998126.0
2020,2419,10278461.0,8125961.0,1705668.0,446832.0,402659.0,363585.0,12555955.0
2020,2420,2475359.0,1553532.0,409714.0,512113.0,444452.0,435708.0,5568202.0
2020,2421,12781281.0,9783239.0,1883831.0,1114211.0,851650.0,867211.0,10419061.0
2020,2423,2306140.0,1191144.0,866044.0,248954.0,199070.0,204810.0,3688376.0
2020,2424,17978.0,130474.0,68945.0,-181441.0,-141504.0,-140683.0,583468.0
2020,2425,4672310.0,4235305.0,210794.0,226211.0,183413.0,244901.0,2911546.0
2020,2426,2428616.0,2067874.0,366852.0,8328.0,307901.0,325839.0,6208768.0
2020,2427,3021959.0,2037049.0,871815.0,113095.0,115687.0,98640.0,4398765.0
2020,2428,5920258.0,3205653.0,871463.0,1843142.0,1380603.0,1467877.0,11030660.0
2020,2429,900394.0,823287.0,136935.0,-59828.0,-69543.0,-69168.0,973199.0
2020,2430,19542720.0,16495869.0,2623106.0,423745.0,308372.0,288098.0,13974028.0
2020,2431,2298426.0,2007667.0,256422.0,34337.0,46775.0,60433.0,2297477.0
2020,2433,4050378.0,2769558.0,775971.0,504849.0,590755.0,587678.0,7948046.0
2020,2434,133723.0,122895.0,79103.0,-68275.0,-6266.0,535.0,552424.0
2020,2436,2619977.0,1953708.0,539926.0,126343.0,341504.0,457696.0,4309329.0
2020,2438,379424.0,304194.0,69853.0,5377.0,22168.0,19793.0,948088.0
2020,2439,34444819.0,30126271.0,3177806.0,1140742.0,1319400.0,382440.0,34155348.0
2020,2440,2990077.0,2721215.0,142197.0,126665.0,219766.0,211372.0,2184414.0
2020,2441,14701682.0,10892042.0,563547.0,3246093.0,2662311.0,2650278.0,21532124.0
2020,2442,5306536.0,4480587.0,777286.0,48663.0,122004.0,124111.0,11586578.0
2020,2443,469729.0,543713.0,181001.0,-446237.0,-454870.0,-411713.0,891342.0
2020,2444,1774217.0,1519224.0,333434.0,-78441.0,-94762.0,-98109.0,1866657.0
2020,2449,28959304.0,21005316.0,3303277.0,4650711.0,3637140.0,5328558.0,61315518.0
2020,2450,27007073.0,23920751.0,2767453.0,308967.0,435915.0,439064.0,10175204.0
2020,2451,11446696.0,8976600.0,1258160.0,1211936.0,1197735.0,1209910.0,20737622.0
2020,2453,5757866.0,4446878.0,1147635.0,163353.0,166842.0,181872.0,4289866.0
2020,2454,322145988.0,180610472.0,98316277.0,43219239.0,41438573.0,72579381.0,533906327.0
2020,2455,2645003.0,1530599.0,426889.0,687515.0,532588.0,533059.0,4318600.0
2020,2456,17437999.0,12772071.0,2686626.0,1979302.0,1543073.0,1415265.0,42072391.0
2020,2457,9243618.0,8066422.0,1549827.0,-372631.0,-154613.0,-169420.0,10362671.0
2020,2458,15099690.0,8045231.0,2836997.0,4217199.0,3193038.0,3159637.0,14452190.0
2020,2459,6364618.0,5066130.0,634602.0,663886.0,502440.0,521056.0,8782477.0
2020,2460,3454386.0,3078080.0,342628.0,33678.0,-42496.0,-51296.0,5198002.0
2020,2461,5439230.0,4175137.0,1035371.0,228722.0,191139.0,192934.0,7959490.0
2020,2462,4526914.0,4054903.0,359745.0,112266.0,123760.0,140410.0,4910342.0
2020,2464,8908665.0,7025359.0,1216004.0,668970.0,513384.0,523511.0,11208529.0
2020,2465,4548266.0,3985669.0,510978.0,51619.0,24782.0,30536.0,1668803.0
2020,2466,1245165.0,1098339.0,233654.0,-86828.0,6368.0,-82249.0,4060014.0
2020,2467,4085806.0,2538492.0,1016806.0,530508.0,475245.0,409349.0,6750801.0
2020,2468,2160998.0,1938854.0,174884.0,47260.0,38776.0,34720.0,1952647.0
2020,2471,773691.0,471472.0,219824.0,82395.0,97961.0,93027.0,1302705.0
2020,2472,7822322.0,5578148.0,952917.0,1291257.0,976185.0,1005519.0,11565215.0
2020,2474,82506032.0,60586781.0,6984083.0,14935168.0,21166068.0,18961402.0,255903195.0
2020,2476,4779614.0,3434436.0,809389.0,537268.0,356967.0,382131.0,8278321.0
2020,2477,3053333.0,2373474.0,540089.0,139770.0,176048.0,92885.0,9773644.0
2020,2478,5394839.0,4097284.0,530819.0,766736.0,670135.0,712866.0,9155867.0
2020,2480,5542811.0,4165184.0,834206.0,543421.0,497618.0,504587.0,5743047.0
2020,2481,10485100.0,8038328.0,1454689.0,992083.0,900541.0,1249329.0,17758018.0
2020,2482,815658.0,497424.0,344281.0,-26047.0,-30775.0,-35289.0,1138866.0
2020,2483,1780115.0,1404398.0,352712.0,23005.0,84148.0,96221.0,3887911.0
2020,2484,2590872.0,2058530.0,330714.0,201628.0,161803.0,351050.0,4599558.0
2020,2485,7937362.0,7665928.0,530273.0,-258839.0,-156171.0,-139734.0,8687467.0
2020,2486,4197470.0,3676594.0,567927.0,-47051.0,-156591.0,-135982.0,6073693.0
2020,2488,1937736.0,1504546.0,256215.0,176975.0,182405.0,171510.0,3345591.0
2020,2489,16747887.0,15410170.0,1894689.0,-556972.0,569570.0,534855.0,19108191.0
2020,2491,400282.0,160327.0,91790.0,148165.0,214761.0,213428.0,2172244.0
2020,2492,35599249.0,24356194.0,3329516.0,7913539.0,7217645.0,7848397.0,82080495.0
2020,2493,2600664.0,1912717.0,290423.0,397524.0,308769.0,290294.0,3649044.0
2020,2495,1130547.0,638393.0,522305.0,-30151.0,-65419.0,-73015.0,5119151.0
2020,2496,776397.0,404425.0,300429.0,71543.0,62913.0,63771.0,1263503.0
2020,2497,1633351.0,1254004.0,467594.0,-88247.0,-81921.0,-108290.0,2858424.0
2020,2498,5805708.0,4240944.0,7956157.0,-6391393.0,-6022598.0,-5208457.0,45066337.0
2020,2501,13973611.0,10814849.0,1607433.0,1551329.0,1516787.0,1260475.0,59496928.0
2020,2504,18877800.0,15744353.0,809890.0,2323557.0,2550807.0,2351401.0,34728910.0
2020,2505,14277915.0,8752481.0,521605.0,5003829.0,4943067.0,5380321.0,20309086.0
2020,2506,2949552.0,2042997.0,931983.0,-23556.0,34394.0,45706.0,14497631.0
2020,2509,1338077.0,784710.0,219132.0,334235.0,231789.0,135870.0,7847882.0
2020,2511,11963426.0,9746402.0,2045316.0,171708.0,729513.0,1092905.0,52165414.0
2020,2514,10776324.0,9996651.0,442494.0,337179.0,1128337.0,1159018.0,24230420.0
2020,2515,13470962.0,12524915.0,571000.0,375047.0,598847.0,699161.0,42108717.0
2020,2516,6303705.0,6977042.0,157336.0,-830673.0,-704543.0,-734700.0,5929825.0
2020,2520,27345405.0,20234794.0,1941779.0,5168832.0,3905137.0,3901369.0,57377041.0
2020,2524,8667849.0,5684124.0,809024.0,2174701.0,1684892.0,1684676.0,32379214.0
2020,2527,3471930.0,2394548.0,669349.0,408033.0,373736.0,295102.0,17057882.0
2020,2528,1174984.0,1009005.0,372774.0,-206795.0,-210459.0,-210459.0,12289613.0
2020,2530,87377.0,61950.0,89370.0,-63943.0,-95668.0,-94571.0,8630866.0
2020,2534,2771905.0,1545821.0,496205.0,729879.0,610066.0,525428.0,33823686.0
2020,2535,15108083.0,13312591.0,515590.0,1279902.0,1121231.0,1073363.0,19785874.0
2020,2536,3977450.0,2999146.0,163909.0,814395.0,612668.0,612668.0,23585966.0
2020,2537,1476336.0,1131948.0,133047.0,211341.0,176390.0,176269.0,12242157.0
2020,2538,506739.0,345600.0,187005.0,-25866.0,-125610.0,-188627.0,20817742.0
2020,2539,4616492.0,3108675.0,456698.0,1051119.0,822140.0,822140.0,18142845.0
2020,2540,4778150.0,2733485.0,740642.0,1304023.0,906148.0,906148.0,15800823.0
2020,2542,24463018.0,17611739.0,2714922.0,4136357.0,2823254.0,2825867.0,180807358.0
2020,2543,6406216.0,6230164.0,96268.0,79784.0,51668.0,45713.0,8093466.0
2020,2545,6456420.0,3586608.0,796024.0,2073788.0,1746646.0,1746515.0,41530427.0
2020,2546,14130629.0,13072318.0,288539.0,769772.0,626444.0,646210.0,9433656.0
2020,2547,6772332.0,4063448.0,2256384.0,452500.0,667285.0,670757.0,56793796.0
2020,2548,11338494.0,7537081.0,689134.0,3112279.0,2772769.0,2779800.0,36197744.0
2020,2549,8028399.0,7364926.0,186582.0,477446.0,1713717.0,1713006.0,25429879.0
2020,2557,6577222.0,6272601.0,159918.0,144703.0,141463.0,434847.0,3920482.0
2020,2568,859706.0,660262.0,71937.0,127507.0,63199.0,3622.0,9940087.0
2020,2579,1103681.0,959523.0,90597.0,53569.0,45392.0,45095.0,1144601.0
2020,2580,7918630.0,7583118.0,110664.0,224848.0,202829.0,204575.0,5509497.0
2020,2597,14468066.0,12508172.0,803987.0,1155907.0,1089458.0,1076919.0,12048273.0
2020,2599,705983.0,494227.0,72468.0,131829.0,134909.0,135114.0,2390943.0
2020,2601,6441828.0,2822134.0,3303110.0,316584.0,-321142.0,-464602.0,36403562.0
2020,2603,207077912.0,161590726.0,10875169.0,34667864.0,28767310.0,26407504.0,334220840.0
2020,2605,3985650.0,3103145.0,186598.0,695907.0,255092.0,-673196.0,21145563.0
2020,2606,8507364.0,7571809.0,426212.0,509343.0,878425.0,-2063288.0,60642487.0
2020,2607,6966387.0,5975816.0,245587.0,744984.0,682563.0,996042.0,35071774.0
2020,2608,12344210.0,9674757.0,707525.0,1961928.0,1570394.0,1533921.0,21668904.0
2020,2609,151276683.0,125192367.0,6985679.0,19460192.0,12186788.0,13634903.0,194975985.0
2020,2610,115250550.0,105031349.0,8034785.0,2184416.0,-279814.0,584258.0,284194084.0
2020,2611,605824.0,560111.0,194654.0,-148941.0,-60982.0,60284.0,4527959.0
2020,2612,3131115.0,2583263.0,376341.0,171511.0,329039.0,-26441.0,19483837.0
2020,2613,2830493.0,2503397.0,149287.0,177809.0,30773.0,80499.0,11171202.0
2020,2614,4728014.0,3283081.0,1455088.0,-10155.0,493106.0,444363.0,16223474.0
2020,2615,81880182.0,64298815.0,4799709.0,12781658.0,11357488.0,9608927.0,108597618.0
2020,2616,15955500.0,14211824.0,1356527.0,387149.0,379889.0,1318908.0,10042999.0
2020,2617,2491088.0,1896125.0,133775.0,461188.0,518147.0,875842.0,16725364.0
2020,2618,89048776.0,80491671.0,9384229.0,-827124.0,-3276719.0,743401.0,329567255.0
2020,2619,18101541.0,14325222.0,1740106.0,2039032.0,1767308.0,2471226.0,28747519.0
2020,2621,5985699.0,4889887.0,857080.0,238732.0,197603.0,181956.0,13300654.0
2020,2630,3895091.0,3704355.0,230977.0,-40241.0,42388.0,42253.0,4385347.0
2020,2633,39137205.0,26095054.0,1235466.0,11806685.0,5843037.0,5820184.0,427566970.0
2020,2634,21042937.0,19640836.0,1222277.0,179824.0,395858.0,361508.0,44024300.0
2020,2636,15160243.0,12692356.0,1771981.0,695906.0,570727.0,816302.0,7714362.0
2020,2637,11939433.0,10282194.0,159220.0,1498019.0,111414.0,-2625429.0,82411595.0
2020,2642,3983309.0,3298106.0,440448.0,244755.0,209015.0,369582.0,3840407.0
2020,2701,264691.0,96349.0,30402.0,137940.0,174120.0,-89887.0,8780124.0
2020,2702,741703.0,228018.0,713111.0,-199426.0,-270309.0,-327314.0,7032760.0
2020,2704,2008699.0,1541512.0,743198.0,-276011.0,3255.0,492937.0,13296294.0
2020,2705,1490520.0,1248856.0,618657.0,-376993.0,-374392.0,-370451.0,11518462.0
2020,2706,264866.0,72247.0,27245.0,165374.0,160741.0,-115392.0,10492529.0
2020,2707,5422910.0,3892470.0,796367.0,734073.0,732868.0,631641.0,10954349.0
2020,2711,589938.0,318299.0,107681.0,163958.0,104008.0,103494.0,1738025.0
2020,2712,573115.0,349497.0,123475.0,100143.0,97370.0,97782.0,1501862.0
2020,2716,20621419.0,17880874.0,1236357.0,1504188.0,2385504.0,10649677.0,84242898.0
2020,2721,168855.0,194908.0,98605.0,-124658.0,-158011.0,-223173.0,1814014.0
2020,2722,736669.0,409322.0,242634.0,84706.0,85030.0,152239.0,2570800.0
2020,2723,19679455.0,7977562.0,10111777.0,1590116.0,998224.0,1013461.0,22177263.0
2020,2727,15233747.0,8188054.0,6490363.0,555330.0,255926.0,288649.0,13286194.0
2020,2730,112450.0,110080.0,82894.0,-80524.0,-56725.0,-54123.0,1152386.0
2020,2731,6545177.0,5496397.0,2006786.0,-958006.0,-415013.0,-453692.0,6035251.0
2020,2733,162249.0,125537.0,175606.0,-138894.0,-144445.0,-143773.0,1033967.0
2020,2739,2806550.0,2207181.0,1136075.0,-417184.0,-351467.0,-258591.0,14661296.0
2020,2741,824668.0,483278.0,278970.0,62420.0,59552.0,59552.0,1056692.0
2020,2748,1833643.0,1387201.0,355399.0,91043.0,108891.0,109597.0,4243026.0
2020,2750,334028.0,288003.0,71440.0,-25415.0,-17592.0,-17592.0,2220256.0
2020,2751,918093.0,556439.0,459451.0,-97103.0,-96900.0,-96631.0,502164.0
2020,2753,5184034.0,3136999.0,1284211.0,762824.0,633678.0,619912.0,4092212.0
2020,2756,641845.0,340826.0,227065.0,73954.0,19299.0,17214.0,777639.0
2020,2758,1977108.0,936271.0,846069.0,194768.0,142754.0,142424.0,1451140.0
2020,2759,473923.0,257779.0,180150.0,35994.0,32672.0,32634.0,740139.0
2020,2759,,,,,,,
2020,2801,,,,,7040927.0,,2313440219.0
2020,2807,,,,,2373817.0,2525786.0,715731387.0
2020,2809,,,,,5490971.0,,325457939.0
2020,2812,,,,,4025533.0,,736770021.0
2020,2816,8237782.0,5509703.0,2054189.0,673890.0,702097.0,619710.0,17744732.0
2020,2820,,,,,1578242.0,2559415.0,218284001.0
2020,2823,323248432.0,301457969.0,6085643.0,15704820.0,15547836.0,39661497.0,2219711848.0
2020,2832,5396686.0,3362516.0,1263771.0,770399.0,687595.0,854860.0,19580636.0
2020,2833,284198809.0,261301229.0,5323866.0,17573714.0,16533596.0,20808889.0,2067930142.0
2020,2834,,,,,4701775.0,0.0,1791635053.0
2020,2836,,,,,763315.0,946479.0,276159561.0
2020,2837,,,,,4234546.0,,784700424.0
2020,2838,,,,,3441505.0,,757558002.0
2020,2841,334804.0,129058.0,757329.0,-551583.0,-1829001.0,-1829001.0,36156140.0
2020,2845,,,,,2518703.0,,680047467.0
2020,2848,8108574.0,5950236.0,1612352.0,545986.0,481628.0,573729.0,22432473.0
2020,2849,,,,,2171460.0,2257597.0,311461016.0
2020,2850,16510114.0,11207473.0,3386841.0,1915800.0,1629724.0,2118145.0,39472341.0
2020,2851,17656923.0,15467129.0,403480.0,1786314.0,1515729.0,1911464.0,42713588.0
2020,2852,5854672.0,4246729.0,1399892.0,208051.0,152882.0,239940.0,16025987.0
2020,2855,9581272.0,,5974162.0,3607110.0,3614596.0,4089942.0,113711765.0
2020,2856,6962083.0,,5167311.0,1794772.0,1896196.0,2170927.0,127528946.0
2020,2858,29490910.0,9229334.0,9317659.0,11349801.0,8984812.0,8627875.0,301265557.0
2020,2863,6241347.0,4150508.0,1350697.0,740142.0,627345.0,1041029.0,20212270.0
2020,2867,157231964.0,151057815.0,4611774.0,1562375.0,1444538.0,-1522863.0,1338837240.0
2020,2872,,,,,471428.0,631207.0,63129113.0
2020,2873,,,,,482716.0,691244.0,70259220.0
2020,2874,,,,,725572.0,1473708.0,81387617.0
2020,2876,30504257.0,29454564.0,768020.0,281673.0,46012.0,-620783.0,313391515.0
2020,2877,20718695.0,13941323.0,4224302.0,2553070.0,2173944.0,2241425.0,44298381.0
2020,2880,,,25801321.0,,8653483.0,7524208.0,3101082238.0
2020,2881,,,62631997.0,,90971677.0,179750273.0,9244452655.0
2020,2882,,,83026688.0,,75958223.0,156196714.0,10950472444.0
2020,2883,,,28013362.0,,20676286.0,46302215.0,3434618475.0
2020,2884,,,32494200.0,,18047856.0,17022888.0,2971744682.0
2020,2885,,,42782105.0,,25977044.0,30615908.0,2759239447.0
2020,2886,,,29100556.0,,25017968.0,25647413.0,3856376532.0
2020,2887,,,25852998.0,,14488827.0,14961791.0,2196059206.0
2020,2888,,,26964490.0,,14459259.0,7298503.0,4357123796.0
2020,2889,,,3734406.0,,3734919.0,4996899.0,316757486.0
2020,2890,,,22603735.0,,12241354.0,15397091.0,2143348565.0
2020,2891,,,64700047.0,,42855155.0,44484050.0,6616667179.0
2020,2892,,,24730173.0,,16807541.0,14559402.0,3550503691.0
2020,2893,,,,,5937081.0,,1040251390.0
2020,2894,,,,,509387.0,794125.0,61689725.0
2020,2895,,,,,2415489.0,,606638568.0
2020,2897,,,,,2300929.0,,575413630.0
2020,2899,4289555.0,1314740.0,1221591.0,1753224.0,1274111.0,1273961.0,45931896.0
2020,2901,108989.0,16515.0,84013.0,8461.0,14087.0,14822.0,988692.0
2020,2903,37287949.0,18580671.0,14622314.0,4084964.0,2544897.0,2114909.0,128423769.0
2020,2904,540837.0,285989.0,73311.0,181537.0,159718.0,153437.0,1638028.0
2020,2905,210659310.0,,12324740.0,,2522479.0,-430693.0,1365412859.0
2020,2906,6607185.0,4899127.0,1450527.0,257531.0,209254.0,190890.0,9153615.0
2020,2908,41790703.0,31129873.0,9511957.0,1148873.0,806869.0,708039.0,37661698.0
2020,2910,554440.0,190011.0,202611.0,161818.0,114159.0,111819.0,6259675.0
2020,2911,4025561.0,2247990.0,2103343.0,-325772.0,-317238.0,-319957.0,4860348.0
2020,2912,258494907.0,170414397.0,75935537.0,12144973.0,11340258.0,10223748.0,209493934.0
2020,2913,311765.0,187121.0,272207.0,-147563.0,-17351.0,28521.0,25098488.0
2020,2915,2736394.0,1760674.0,923455.0,52265.0,8091349.0,34062420.0,153672049.0
2020,2920,574427.0,247321.0,338110.0,-11004.0,26120.0,25824.0,1869625.0
2020,2923,13419916.0,7897413.0,763392.0,3298885.0,1177355.0,3223978.0,116503422.0
2020,2929,2808383.0,4165935.0,1073448.0,-2431000.0,-2234698.0,-2159464.0,5801578.0
2020,2936,10314597.0,7141190.0,2838659.0,334748.0,246332.0,68805.0,5392630.0
2020,2938,776484.0,269953.0,377527.0,129004.0,92772.0,92772.0,1522921.0
2020,2939,1837782.0,1326402.0,325433.0,91333.0,3114.0,5405.0,1417328.0
2020,2940,749504.0,407630.0,332983.0,8891.0,24225.0,23702.0,959190.0
2020,2941,271445.0,117320.0,126374.0,27751.0,30496.0,29943.0,198905.0
2020,2942,1361806.0,661962.0,426870.0,272974.0,203214.0,203214.0,7671270.0
2020,2945,13222579.0,9922677.0,3048438.0,251464.0,181966.0,181966.0,5099530.0
2020,2947,1582836.0,970924.0,471841.0,140071.0,100717.0,100717.0,1915231.0
2020,2948,1400596.0,919706.0,341295.0,139595.0,91323.0,81613.0,823193.0
2020,3002,818717.0,615100.0,196766.0,6851.0,51031.0,12066.0,1898011.0
2020,3003,3382931.0,2308808.0,478308.0,595815.0,366958.0,455680.0,6914031.0
2020,3004,1704031.0,1378064.0,292322.0,33645.0,59832.0,66959.0,4390290.0
2020,3005,27837743.0,20060915.0,4715171.0,3115781.0,2668793.0,2763913.0,33854933.0
2020,3006,15267139.0,12618097.0,1494257.0,1154785.0,1084441.0,1099313.0,13000348.0
2020,3008,55944489.0,18476853.0,5440116.0,32032118.0,24534131.0,25002795.0,171276230.0
2020,3010,59080920.0,54280230.0,2692775.0,2107915.0,2046116.0,2418513.0,38754969.0
2020,3011,1320863.0,1205266.0,211013.0,-95416.0,-90140.0,-89877.0,1824918.0
2020,3013,6124518.0,5567991.0,364968.0,191559.0,80176.0,98518.0,4964039.0
2020,3014,4817829.0,2359562.0,1344564.0,1113703.0,935476.0,1298237.0,6487655.0
2020,3015,14796460.0,12730131.0,1601211.0,462337.0,692075.0,2798172.0,18448479.0
2020,3016,4039180.0,3795221.0,232471.0,11488.0,25693.0,13491.0,5965564.0
2020,3017,39665534.0,33433811.0,2971591.0,3260132.0,2074700.0,2166030.0,40676236.0
2020,3018,1633103.0,1488702.0,204942.0,-60541.0,-67479.0,-66865.0,1721909.0
2020,3019,15760061.0,12826953.0,2039186.0,893922.0,608006.0,186762.0,20162647.0
2020,3021,2717038.0,2144607.0,401862.0,170569.0,95988.0,94239.0,2715993.0
2020,3022,5947577.0,3805368.0,1248509.0,893300.0,996362.0,1024236.0,10849879.0
2020,3023,21797542.0,16211545.0,2936820.0,2649177.0,2183500.0,2274776.0,23683043.0
2020,3024,1280877.0,980541.0,256275.0,44061.0,43498.0,31963.0,3709704.0
2020,3025,598096.0,264450.0,238862.0,94784.0,78648.0,77140.0,1072143.0
2020,3026,14830428.0,11748577.0,1571994.0,1509857.0,1229790.0,1235146.0,14629920.0
2020,3027,849824.0,520434.0,290422.0,39479.0,34861.0,19020.0,2448657.0
2020,3028,34401169.0,32779983.0,1194209.0,426977.0,472025.0,609750.0,19290177.0
2020,3029,9834318.0,8788192.0,541486.0,504640.0,440398.0,462258.0,5471676.0
2020,3030,4950695.0,2235439.0,1277931.0,1437325.0,1092656.0,1099275.0,6997303.0
2020,3031,1375687.0,998201.0,269746.0,107740.0,133115.0,183616.0,3480064.0
2020,3032,9233174.0,7535545.0,1092557.0,605072.0,559643.0,603704.0,9478533.0
2020,3033,58413402.0,55345619.0,2091580.0,976203.0,699309.0,564591.0,22853830.0
2020,3034,79955520.0,51997813.0,13180109.0,14777598.0,11817239.0,13254254.0,58100689.0
2020,3035,5495307.0,2895681.0,2450514.0,149112.0,255997.0,1351390.0,8199156.0
2020,3036,353152195.0,342377773.0,5458453.0,5315969.0,3794576.0,10364000.0,131009598.0
2020,3037,87892821.0,75064455.0,8859473.0,4017113.0,5317528.0,6036477.0,124710224.0
2020,3038,3737299.0,2951432.0,455979.0,333952.0,232996.0,206447.0,3609189.0
2020,3040,154852.0,69069.0,46515.0,39268.0,399236.0,464780.0,1801374.0
2020,3041,2071615.0,1413905.0,1013062.0,-355352.0,-240957.0,-230848.0,3804273.0
2020,3042,11048392.0,7715586.0,1715146.0,1617660.0,1429287.0,1730069.0,16601711.0
2020,3043,1039271.0,831951.0,233238.0,-25918.0,-46614.0,-37526.0,1125815.0
2020,3044,55547908.0,44397486.0,4576080.0,6574342.0,6125394.0,5722253.0,75249230.0
2020,3045,132860984.0,101415248.0,15722141.0,16056160.0,12393778.0,11540109.0,184584602.0
2020,3046,1756214.0,1425845.0,395273.0,-64904.0,-65391.0,-44964.0,1597659.0
2020,3047,6313382.0,4690262.0,1252367.0,370753.0,227249.0,194071.0,7612291.0
2020,3048,108522967.0,105596512.0,1623386.0,1303069.0,697196.0,489300.0,23332781.0
2020,3049,3086399.0,2375024.0,292533.0,418842.0,359746.0,353289.0,17429473.0
2020,3050,964940.0,584198.0,197888.0,182854.0,140564.0,98370.0,5485991.0
2020,3051,2417836.0,1972214.0,327179.0,118443.0,16464.0,10758.0,8807966.0
2020,3052,5217591.0,4732188.0,199077.0,286326.0,322455.0,326967.0,7556282.0
2020,3054,276879.0,301991.0,78096.0,-103208.0,-13613.0,-29756.0,1003351.0
2020,3055,3700321.0,3152665.0,662934.0,-114926.0,-36086.0,-26999.0,6177513.0
2020,3056,4684643.0,3157914.0,249981.0,1276748.0,1024587.0,1024587.0,17727722.0
2020,3057,963405.0,655452.0,462709.0,-154756.0,-47715.0,-69046.0,1566230.0
2020,3058,4163616.0,3675082.0,633439.0,-144905.0,-121984.0,-179301.0,5114852.0
2020,3059,6102675.0,4580745.0,1436461.0,85469.0,161508.0,83217.0,14718146.0
2020,3060,3889506.0,3630248.0,538080.0,-278822.0,-281631.0,-347386.0,4671659.0
2020,3062,4834151.0,4462416.0,397217.0,-25482.0,23575.0,-12558.0,8024343.0
2020,3090,9241488.0,7640926.0,713932.0,886630.0,627543.0,577031.0,7801323.0
2020,3092,2651387.0,2010962.0,405632.0,159445.0,127301.0,131977.0,4241380.0
2020,3094,233542.0,76765.0,136544.0,20233.0,33436.0,28821.0,1160407.0
2020,3097,2755516.0,1998834.0,696112.0,60570.0,35300.0,11175.0,2008593.0
2020,3117,631728.0,610019.0,88587.0,-66878.0,-80387.0,-79633.0,808448.0
2020,3130,1634481.0,182170.0,1165046.0,287265.0,256170.0,253003.0,2657524.0
2020,3138,1121773.0,649345.0,372344.0,100084.0,111752.0,134496.0,1817239.0
2020,3149,2448536.0,2457634.0,427528.0,-436626.0,-293123.0,19059.0,4047291.0
2020,3150,317396.0,182545.0,98249.0,36602.0,40220.0,40874.0,392250.0
2020,3157,12874157.0,10904724.0,4154704.0,-2185271.0,-3172688.0,-3176582.0,58772022.0
2020,3158,665994.0,236541.0,308102.0,121351.0,104431.0,97284.0,703056.0
2020,3164,325191.0,109801.0,144376.0,71014.0,60215.0,81098.0,1612823.0
2020,3167,2427607.0,1711540.0,513245.0,202822.0,415518.0,437545.0,5495311.0
2020,3168,2836726.0,2311040.0,262979.0,263894.0,179070.0,180374.0,2156014.0
2020,3184,249839.0,168088.0,157301.0,-75550.0,-75280.0,-74511.0,736535.0
2020,3189,27098474.0,21279420.0,4478475.0,1340579.0,929443.0,906612.0,42783952.0
2020,3197,98.0,103.0,9173.0,-9178.0,18985.0,18007.0,1100909.0
2020,3209,41948823.0,40325134.0,1051811.0,571878.0,451051.0,387144.0,12585068.0
2020,3229,390868.0,382813.0,180491.0,-172436.0,-230284.0,-233572.0,644483.0
2020,3231,845011844.0,798958664.0,31582118.0,14471062.0,12907896.0,8901285.0,428822445.0
2020,3257,1071450.0,564609.0,233172.0,273669.0,239751.0,237154.0,1794488.0
2020,3266,3216269.0,2710375.0,345695.0,160199.0,143161.0,150389.0,11328094.0
2020,3280,1848072.0,1681581.0,193818.0,-27327.0,-48272.0,-54739.0,2675196.0
2020,3296,2511738.0,2107509.0,363600.0,40629.0,22475.0,22272.0,2462120.0
2020,3305,5280588.0,4608764.0,391475.0,280349.0,178533.0,208972.0,6633285.0
2020,3308,329881.0,311268.0,79246.0,-60633.0,-87435.0,-83149.0,1525201.0
2020,3311,1734002.0,1569681.0,344775.0,-180454.0,-366258.0,-428975.0,2879759.0
2020,3312,13678646.0,13003476.0,399660.0,275510.0,197574.0,152876.0,5517181.0
2020,3321,1858643.0,1792548.0,287514.0,-221419.0,-272816.0,-275169.0,2349020.0
2020,3338,5257058.0,4193976.0,696550.0,366532.0,225236.0,223955.0,4388662.0
2020,3342,63592.0,50956.0,26391.0,-5441.0,-12743.0,-12743.0,289064.0
2020,3346,4345852.0,3635915.0,704072.0,5865.0,12315.0,46982.0,5506040.0
2020,3349,813463.0,658187.0,137055.0,18221.0,21381.0,19842.0,906341.0
2020,3356,1157285.0,625417.0,489247.0,42621.0,161277.0,141808.0,2464853.0
2020,3369,674190.0,533958.0,111802.0,28430.0,17676.0,22587.0,671217.0
2020,3376,15232783.0,11577906.0,957812.0,2697065.0,1672971.0,1758830.0,22410520.0
2020,3380,32170649.0,27164356.0,4108686.0,897607.0,725103.0,849606.0,27005583.0
2020,3383,551501.0,666347.0,123414.0,-238260.0,-284890.0,-285970.0,2975956.0
2020,3386,176349.0,121653.0,43629.0,11067.0,10986.0,10737.0,340604.0
2020,3391,509097.0,389131.0,187301.0,-67335.0,6877.0,5278.0,1223084.0
2020,3405,364405.0,256609.0,71211.0,36585.0,27363.0,33558.0,658338.0
2020,3406,15900157.0,8990105.0,2351834.0,4558218.0,3041011.0,3159871.0,26168613.0
2020,3413,9942056.0,7393954.0,912867.0,1635235.0,1242002.0,1360767.0,11497522.0
2020,3416,1845525.0,1200518.0,353625.0,291227.0,256062.0,246393.0,2765243.0
2020,3419,1426967.0,1136023.0,338435.0,-47139.0,72526.0,58873.0,2352980.0
2020,3429,3962588.0,3695492.0,205388.0,61708.0,49667.0,43945.0,1946126.0
2020,3430,1159671.0,971331.0,122563.0,65777.0,41785.0,41593.0,1178598.0
2020,3432,31533.0,22141.0,31927.0,-22535.0,32558.0,39116.0,1754412.0
2020,3437,5478884.0,5097190.0,488357.0,-106663.0,-110627.0,1271.0,4623760.0
2020,3443,13569441.0,9498564.0,3106944.0,963933.0,850007.0,844030.0,9745812.0
2020,3447,2823474.0,2384791.0,314125.0,124558.0,149738.0,130343.0,2000821.0
2020,3450,6208576.0,4782103.0,538281.0,888192.0,571224.0,571031.0,8307017.0
2020,3454,5544433.0,3676304.0,1603350.0,264779.0,221507.0,203807.0,4747190.0
2020,3462,785134.0,578922.0,179290.0,35271.0,200.0,5936.0,991771.0
2020,3463,2448592.0,2263173.0,263911.0,-78492.0,-125077.0,-136262.0,2327376.0
2020,3472,110834.0,56746.0,76857.0,-22769.0,13227.0,10201.0,250693.0
2020,3481,269911051.0,246077953.0,22021301.0,1811797.0,1639824.0,3188424.0,379559837.0
2020,3485,351676.0,219804.0,60140.0,71732.0,57717.0,58881.0,1309801.0
2020,3494,488725.0,603365.0,393729.0,-508369.0,-743751.0,-732235.0,2439430.0
2020,3501,4660963.0,3531257.0,587005.0,542701.0,424076.0,453370.0,7842226.0
2020,3504,3905582.0,3194202.0,946949.0,-235569.0,-236216.0,-230996.0,5516024.0
2020,3507,306903.0,225444.0,98390.0,-16931.0,41195.0,42565.0,800353.0
2020,3509,648800.0,510570.0,89221.0,48681.0,41036.0,40554.0,2170100.0
2020,3510,401062.0,270614.0,91890.0,38558.0,25215.0,24630.0,517479.0
2020,3515,17911584.0,14059563.0,1993945.0,1858076.0,1508583.0,1309371.0,11715811.0
2020,3518,684598.0,461032.0,213269.0,10297.0,-55940.0,-36470.0,2194268.0
2020,3525,822893.0,744656.0,58524.0,19713.0,20311.0,19822.0,366070.0
2020,3528,4973228.0,4425874.0,338082.0,209272.0,208922.0,206153.0,3308066.0
2020,3530,3328695.0,2656485.0,350633.0,321577.0,281438.0,279572.0,3012018.0
2020,3532,11934697.0,9520690.0,576363.0,1837644.0,1307911.0,1308710.0,23101308.0
2020,3533,17291332.0,10361137.0,3222543.0,3707652.0,2835589.0,2878502.0,19282895.0
2020,3535,1141503.0,906324.0,270940.0,-35761.0,-101773.0,-100930.0,2381203.0
2020,3536,532536.0,490316.0,151428.0,-109208.0,-128547.0,-125340.0,1431897.0
2020,3539,178121.0,141459.0,39733.0,-3071.0,-139.0,-524.0,419801.0
2020,3543,3120452.0,2683494.0,400878.0,36080.0,-386391.0,-375831.0,5801999.0
2020,3545,13800348.0,10371572.0,2398039.0,1030737.0,983458.0,852103.0,12345053.0
2020,3550,3597629.0,2882840.0,592556.0,122233.0,81408.0,123596.0,4105144.0
2020,3554,91150.0,11489.0,83403.0,-3742.0,571.0,546.0,250054.0
2020,3557,4428573.0,2638612.0,1008439.0,781522.0,723887.0,696777.0,4500811.0
2020,3563,2397855.0,878190.0,650569.0,869096.0,654515.0,654795.0,3709287.0
2020,3572,140927.0,80108.0,75484.0,-14665.0,-12026.0,-11856.0,378591.0
2020,3576,12511034.0,13443714.0,1759674.0,-4614257.0,-6162307.0,-6471090.0,32460701.0
2020,3583,3580003.0,2124090.0,990974.0,464939.0,305463.0,308065.0,4792610.0
2020,3585,544493.0,485398.0,96301.0,-28863.0,-42684.0,-35014.0,1577316.0
2020,3588,1446599.0,980496.0,387855.0,78248.0,60508.0,62157.0,1613343.0
2020,3591,1901238.0,1535866.0,361528.0,3844.0,32823.0,89074.0,3764253.0
2020,3592,14425152.0,10678556.0,2643783.0,1102813.0,856617.0,855172.0,9302080.0
2020,3593,689786.0,555143.0,101338.0,33305.0,74849.0,75358.0,1174116.0
2020,3595,566709.0,448913.0,78625.0,39171.0,37554.0,38464.0,462724.0
2020,3596,33765295.0,28711844.0,2769974.0,2283477.0,1630605.0,1532686.0,28807226.0
2020,3601,506719.0,428834.0,76487.0,1398.0,390.0,30.0,510630.0
2020,3603,212033.0,164495.0,48105.0,-567.0,10626.0,10835.0,353363.0
2020,3605,8062865.0,6226899.0,1487428.0,348538.0,259946.0,331267.0,10295137.0
2020,3607,3322590.0,3311774.0,469832.0,-459016.0,-424474.0,-482165.0,4566353.0
2020,3617,9141450.0,5430030.0,2934914.0,776506.0,472882.0,456010.0,10594619.0
2020,3622,926478.0,741745.0,195087.0,-10354.0,201508.0,81500.0,5214945.0
2020,3627,790109.0,629616.0,114917.0,45576.0,26892.0,26952.0,1179109.0
2020,3633,2858636.0,2625858.0,158075.0,74703.0,118897.0,123358.0,2444971.0
2020,3645,2013861.0,1256246.0,340310.0,417305.0,349105.0,348992.0,5080528.0
2020,3648,622519.0,396072.0,90210.0,136237.0,108738.0,109014.0,1000575.0
2020,3653,6845497.0,4848036.0,879934.0,1117527.0,847376.0,882407.0,10924255.0
2020,3656,765627.0,777743.0,165364.0,-177480.0,-141763.0,-141699.0,1150444.0
2020,3659,1384976.0,1083563.0,178191.0,123222.0,92180.0,94256.0,1577672.0
2020,3661,7078919.0,4771652.0,1320124.0,987143.0,834917.0,636713.0,9112980.0
2020,3665,22537767.0,16827443.0,3265296.0,2445028.0,1820296.0,2212385.0,22717189.0
2020,3669,4068221.0,1918149.0,1189964.0,960108.0,788197.0,783343.0,4679185.0
2020,3673,114583199.0,109717613.0,3915897.0,949689.0,1034373.0,507059.0,83621028.0
2020,3674,147881.0,103437.0,71748.0,-27304.0,-19048.0,-17887.0,158366.0
2020,3678,197406.0,152488.0,37950.0,6968.0,417.0,417.0,458307.0
2020,3679,4808261.0,3268381.0,470828.0,1069052.0,721362.0,748720.0,8617493.0
2020,3682,13587443.0,13901570.0,5180178.0,-5494305.0,-5819980.0,-5819122.0,39676647.0
2020,3683,1976915.0,1765786.0,253887.0,-42758.0,200534.0,168597.0,2627874.0
2020,3686,104515.0,108389.0,41280.0,-45154.0,-150964.0,-150964.0,1085525.0
2020,3688,582595.0,417860.0,133479.0,31256.0,5125.0,4933.0,2593013.0
2020,3694,9591767.0,8421062.0,852230.0,318475.0,304098.0,223111.0,5931379.0
2020,3701,7404268.0,6468943.0,994109.0,-58784.0,-12689.0,113075.0,7688189.0
2020,3702,609885871.0,586835742.0,13000261.0,10049868.0,8200504.0,4789532.0,233977113.0
2020,3703,21688649.0,18396746.0,1530218.0,1761685.0,1632937.0,1535920.0,67155090.0
2020,3704,22250630.0,16470531.0,4487405.0,1292694.0,831001.0,924388.0,19589165.0
2020,3705,8084664.0,4402545.0,2721013.0,961106.0,781134.0,726799.0,12611892.0
2020,3706,41145756.0,36520695.0,4550678.0,74383.0,2850785.0,3936054.0,57171735.0
2020,3708,9867900.0,8124571.0,959212.0,784117.0,728305.0,734800.0,12219232.0
2020,3711,476978710.0,398994442.0,43108186.0,34876082.0,29276780.0,30128283.0,583091082.0
2020,3712,7053361.0,6168735.0,1105280.0,-220654.0,179775.0,205365.0,22807009.0
2020,4104,6675494.0,5368920.0,777428.0,529070.0,669086.0,640790.0,14004632.0
2020,4106,2004025.0,1156394.0,748695.0,98936.0,105377.0,121714.0,3046409.0
2020,4108,91810.0,46307.0,215940.0,-170437.0,-118655.0,-49600.0,1809597.0
2020,4115,910647.0,744420.0,103764.0,62463.0,52577.0,55081.0,1513242.0
2020,4117,475867.0,224812.0,207689.0,43366.0,62087.0,61582.0,833281.0
2020,4118,10200.0,2128.0,13383.0,-5311.0,-6394.0,-6318.0,81111.0
2020,4119,2689222.0,1414894.0,222750.0,1051578.0,360124.0,308596.0,4569938.0
2020,4132,88825.0,64168.0,372592.0,-347935.0,-391375.0,-391728.0,1184526.0
2020,4133,456449.0,242948.0,155833.0,57668.0,36526.0,24746.0,1294584.0
2020,4136,1128737.0,856618.0,308747.0,-36628.0,-66487.0,-59938.0,1109095.0
2020,4137,4055996.0,604571.0,2331159.0,1120266.0,959636.0,1036683.0,8963786.0
2020,4141,9222322.0,6062267.0,2746197.0,413858.0,-509140.0,-413548.0,16883962.0
2020,4142,1869147.0,1246085.0,648876.0,-25814.0,1197264.0,1161827.0,8473414.0
2020,4148,1642783.0,1270636.0,269436.0,102711.0,98168.0,6961.0,2614370.0
2020,4150,1113656.0,1194196.0,399994.0,-480534.0,-529605.0,-526165.0,1996760.0
2020,4151,2217043.0,1789647.0,346481.0,80915.0,5510.0,11661.0,2481353.0
2020,4155,1484413.0,1158458.0,207925.0,126100.0,121303.0,114567.0,2535052.0
2020,4164,2554911.0,1724201.0,317604.0,513106.0,362912.0,364486.0,11543821.0
2020,4166,412012.0,336861.0,241905.0,-166754.0,-171376.0,-169819.0,1743812.0
2020,4169,737078.0,368154.0,331872.0,37052.0,25542.0,25323.0,772262.0
2020,4170,24544.0,22628.0,62844.0,-60923.0,-71691.0,-75524.0,369087.0
2020,4172,136881.0,78733.0,88472.0,-30324.0,-43898.0,-43695.0,680179.0
2020,4184,648947.0,584004.0,132862.0,-67919.0,-76259.0,-64764.0,1084018.0
2020,4186,235574.0,108027.0,218487.0,-90940.0,-86391.0,-86305.0,823449.0
2020,4189,178376.0,93209.0,90748.0,-5581.0,1764.0,1764.0,383101.0
2020,4190,2731429.0,658883.0,1675631.0,396915.0,257725.0,269310.0,7030077.0
2020,4191,287203.0,39049.0,575252.0,-327098.0,-356904.0,-370232.0,1480654.0
2020,4194,221596.0,123121.0,227270.0,-128795.0,-128756.0,-124806.0,522783.0
2020,4195,443176.0,288163.0,148417.0,6596.0,-1451.0,41617.0,1155256.0
2020,4197,175962.0,113714.0,62978.0,-730.0,603.0,603.0,461964.0
2020,4306,13948716.0,11649517.0,1586899.0,712300.0,778905.0,535417.0,29815825.0
2020,4414,17077832.0,14044682.0,2810794.0,222356.0,-112835.0,-318607.0,21839702.0
2020,4426,1217165.0,1170380.0,203811.0,-157026.0,-108638.0,-132861.0,4961439.0
2020,4427,3642129.0,3469947.0,226853.0,-54671.0,-132976.0,-176538.0,6543435.0
2020,4431,1023640.0,395124.0,190415.0,438249.0,351592.0,347608.0,1325823.0
2020,4438,12188857.0,10903247.0,1005212.0,280398.0,557830.0,491665.0,12870003.0
2020,4439,5389194.0,4219740.0,614417.0,555037.0,416040.0,345567.0,4015795.0
2020,4440,1177619.0,967578.0,58864.0,156880.0,123274.0,123221.0,1871298.0
2020,4526,7778541.0,6670664.0,1778005.0,-670128.0,-396709.0,-405524.0,16009065.0
2020,4532,19319962.0,17019887.0,1480270.0,819805.0,722644.0,1193774.0,29420708.0
2020,4536,7234362.0,4735490.0,1085132.0,1413740.0,792471.0,727937.0,10191612.0
2020,4537,2395727.0,1529049.0,642932.0,223746.0,141230.0,152973.0,3443826.0
2020,4539,514776.0,499476.0,117965.0,-102665.0,-135626.0,-135626.0,4097800.0
2020,4540,2740221.0,2140694.0,413832.0,185695.0,91424.0,92558.0,6116737.0
2020,4544,1221097.0,961488.0,214768.0,44841.0,56931.0,65167.0,1971449.0
2020,4545,1921700.0,1486273.0,321361.0,114066.0,29987.0,15729.0,3130949.0
2020,4546,799011.0,751333.0,162280.0,-114602.0,-99312.0,-98514.0,3600005.0
2020,4548,489973.0,350633.0,93625.0,45715.0,32581.0,31916.0,798643.0
2020,4551,7160275.0,5226682.0,757208.0,1176385.0,771395.0,840233.0,12170450.0
2020,4552,4384823.0,3479236.0,508092.0,397495.0,257784.0,341871.0,6845401.0
2020,4553,569301.0,466175.0,96047.0,7079.0,5723.0,5723.0,1225119.0
2020,4555,1582138.0,1039214.0,378424.0,164500.0,142372.0,181978.0,4698229.0
2020,4557,1491678.0,1021819.0,270973.0,198886.0,139131.0,148113.0,2284270.0
2020,4558,1396356.0,1217126.0,65396.0,113834.0,89440.0,86512.0,1492214.0
2020,4559,1114862.0,873900.0,207911.0,33051.0,36175.0,46592.0,1930161.0
2020,4560,1257464.0,801718.0,330240.0,125506.0,76196.0,101761.0,2618205.0
2020,4562,658110.0,506431.0,286477.0,-133192.0,-152490.0,-148794.0,2746009.0
2020,4564,2062150.0,1500217.0,162435.0,399498.0,298017.0,298085.0,7890838.0
2020,4565,1318129.0,921039.0,120814.0,276276.0,212729.0,254567.0,2179616.0
2020,4566,3515226.0,2771931.0,589486.0,153809.0,99881.0,109047.0,5223813.0
2020,4571,2065404.0,1399020.0,319870.0,346514.0,285393.0,288540.0,2629038.0
2020,4572,350169.0,245186.0,57502.0,47481.0,32788.0,32788.0,2099739.0
2020,4573,512857.0,339037.0,170216.0,14573.0,3319.0,4333.0,1941063.0
2020,4575,943295.0,713957.0,241787.0,-12449.0,29135.0,41549.0,3314618.0
2020,4576,2451961.0,1612212.0,651409.0,188340.0,153555.0,159100.0,5453170.0
2020,4577,1001731.0,664891.0,226657.0,110183.0,89295.0,77423.0,2029855.0
2020,4578,624335.0,461911.0,161611.0,813.0,3302.0,2237.0,1153329.0
2020,4581,863749.0,661949.0,122961.0,78839.0,68565.0,73905.0,1329334.0
2020,4582,2611173.0,2117392.0,192715.0,280419.0,319100.0,319086.0,2317553.0
2020,4583,2842043.0,1504965.0,483019.0,854059.0,689184.0,689184.0,9438813.0
2020,4720,3162668.0,2457267.0,568483.0,136830.0,101811.0,80348.0,3055987.0
2020,4722,3822858.0,3062726.0,420562.0,339570.0,281318.0,274783.0,3285117.0
2020,4724,194392.0,79249.0,185252.0,-70109.0,-54458.0,-54080.0,729974.0
2020,4730,1456473.0,1139499.0,260311.0,56663.0,39914.0,43595.0,1456731.0
2020,4732,306919.0,123484.0,125514.0,57921.0,65316.0,65572.0,658239.0
2020,4737,1668586.0,919461.0,728004.0,21121.0,63520.0,59095.0,4485052.0
2020,4738,239528.0,187477.0,69128.0,-17077.0,-15564.0,-13790.0,357547.0
2020,4739,5285365.0,4809896.0,259167.0,216302.0,165645.0,164724.0,7217549.0
2020,4746,3075457.0,2130287.0,917157.0,28013.0,329178.0,330633.0,10285771.0
2020,4755,3818716.0,2957612.0,390201.0,470903.0,399473.0,350672.0,5384424.0
2020,4763,2353380.0,1564853.0,289312.0,499215.0,509581.0,525695.0,3109067.0
2020,4764,2632875.0,2189827.0,353366.0,89682.0,62801.0,49737.0,4519023.0
2020,4765,516913.0,351314.0,107280.0,58319.0,6994.0,6994.0,1054897.0
2020,4766,15551344.0,11181051.0,2868593.0,1501700.0,1267122.0,1291056.0,19346442.0
2020,4768,533539.0,330305.0,94606.0,108628.0,78695.0,79431.0,908905.0
2020,4770,2630840.0,1652236.0,310837.0,667767.0,526392.0,554986.0,4729849.0
2020,4807,1765557.0,1363969.0,286693.0,114895.0,97648.0,22190.0,1930825.0
2020,4904,79500965.0,53567102.0,14896164.0,11037699.0,8444622.0,8308886.0,173429320.0
2020,4906,19929372.0,17663796.0,1797663.0,467913.0,1407574.0,1223384.0,18656376.0
2020,4912,5471250.0,4190903.0,595086.0,685261.0,454923.0,474988.0,6391719.0
2020,4915,68240939.0,60129865.0,5811277.0,2299797.0,1944267.0,1939604.0,47307082.0
2020,4916,3377878.0,2720527.0,768962.0,-111611.0,-180876.0,-272047.0,3038600.0
2020,4919,20668056.0,12961144.0,7384630.0,322282.0,532785.0,576255.0,32322701.0
2020,4923,679670.0,554142.0,101146.0,24382.0,14661.0,14661.0,603264.0
2020,4925,677238.0,277102.0,560289.0,-160153.0,-51231.0,-50472.0,1313504.0
2020,4927,11832513.0,9325012.0,1313390.0,1194111.0,1203755.0,767409.0,15268362.0
2020,4930,9466877.0,7718693.0,928742.0,819442.0,612482.0,595023.0,14966601.0
2020,4934,2193597.0,1968113.0,230632.0,-5148.0,-5340.0,-30961.0,3943027.0
2020,4935,11205768.0,8832825.0,797486.0,1575457.0,1355051.0,1262343.0,12439047.0
2020,4938,1399332906.0,1349728657.0,30541513.0,19062736.0,22419552.0,17605302.0,684346609.0
2020,4942,7263201.0,5553079.0,807641.0,902481.0,676365.0,740202.0,10249628.0
2020,4943,4304546.0,3233168.0,1109910.0,-38532.0,-185647.0,-32643.0,9804741.0
2020,4949,2497666.0,1898773.0,508564.0,90329.0,77284.0,82953.0,1456814.0
2020,4951,379285.0,129442.0,174669.0,75174.0,48855.0,45753.0,663773.0
2020,4952,2899677.0,1910243.0,666062.0,323372.0,282037.0,287919.0,2870648.0
2020,4956,1302811.0,1109629.0,178925.0,14257.0,16164.0,16540.0,2619651.0
2020,4958,131278537.0,104694389.0,12443932.0,14140216.0,11508290.0,12702391.0,181120487.0
2020,4960,9456875.0,9149122.0,577401.0,-269648.0,-91471.0,-37978.0,14571675.0
2020,4961,10879700.0,8498524.0,1587928.0,793248.0,731828.0,753881.0,9269684.0
2020,4967,7501914.0,6866367.0,445979.0,189568.0,141292.0,139600.0,3716377.0
2020,4968,5350200.0,3451573.0,890675.0,1007952.0,866216.0,865023.0,3661208.0
2020,4976,1371127.0,1316067.0,124406.0,-69346.0,-56832.0,-56832.0,2346310.0
2020,4977,3339200.0,2569262.0,356776.0,456968.0,538647.0,525503.0,3286730.0
2020,4980,287379.0,215133.0,205695.0,-133449.0,-94291.0,-94515.0,750360.0
2020,4981,212404.0,163315.0,53395.0,-4306.0,1372.0,1372.0,325507.0
2020,4985,1024216.0,790011.0,153627.0,80578.0,29878.0,30203.0,1896039.0
2020,4989,2796303.0,2612402.0,115520.0,68381.0,34323.0,39472.0,2487496.0
2020,4994,3246437.0,1521612.0,1165869.0,558956.0,432923.0,443509.0,2574757.0
2020,4999,2940744.0,1959814.0,325677.0,655253.0,420879.0,429083.0,4417896.0
2020,5007,5072643.0,4052201.0,363079.0,657363.0,615656.0,599195.0,7720904.0
2020,5203,1640662.0,185805.0,1217408.0,237449.0,188421.0,129178.0,5132942.0
2020,5215,3718647.0,2291833.0,355360.0,1070522.0,742244.0,759255.0,3909537.0
2020,5216,91081.0,80224.0,53825.0,-42968.0,-47927.0,-46960.0,157521.0
2020,5219,180052.0,161053.0,37029.0,-18030.0,-12600.0,-13183.0,295284.0
2020,5222,706035.0,320971.0,165301.0,219763.0,164118.0,163904.0,1192507.0
2020,5225,8941255.0,8425032.0,1121309.0,-605086.0,-676356.0,-685101.0,6402774.0
2020,5228,510845.0,379130.0,95984.0,35731.0,29343.0,30001.0,1205034.0
2020,5233,244220.0,387987.0,180459.0,-324226.0,-317148.0,-418339.0,5600922.0
2020,5234,4296103.0,2757332.0,805385.0,733386.0,631304.0,631302.0,4349169.0
2020,5240,425693.0,282163.0,239996.0,-96466.0,-94265.0,-93267.0,416999.0
2020,5243,9889935.0,8166970.0,1048944.0,674021.0,460937.0,363087.0,9784434.0
2020,5244,922384.0,487163.0,201590.0,233631.0,206985.0,214538.0,1467861.0
2020,5246,565404.0,367303.0,173826.0,24275.0,23517.0,23710.0,601821.0
2020,5248,353254.0,310207.0,49953.0,-6906.0,1063.0,1063.0,580514.0
2020,5254,646232.0,491345.0,126305.0,28582.0,19555.0,20180.0,638303.0
2020,5258,3734514.0,2771103.0,740130.0,223281.0,208003.0,205199.0,3632980.0
2020,5260,53410.0,55246.0,50470.0,-52306.0,-51788.0,-51715.0,101345.0
2020,5262,1117042.0,981947.0,113112.0,21983.0,10030.0,11516.0,698942.0
2020,5267,349859.0,242435.0,41619.0,65805.0,42514.0,42679.0,808274.0
2020,5268,2666725.0,2414267.0,99563.0,152895.0,134045.0,134045.0,2614962.0
2020,5269,6987470.0,3343785.0,1155429.0,2472712.0,2927912.0,4362195.0,15690529.0
2020,5271,771407.0,548839.0,200092.0,22476.0,3315.0,7114.0,1123208.0
2020,5277,676111.0,590287.0,127862.0,-42038.0,-51610.0,-51216.0,1117139.0
2020,5283,6032747.0,3674798.0,1262245.0,1097065.0,940023.0,940279.0,5564612.0
2020,5284,1259442.0,861414.0,284188.0,113840.0,117284.0,24748.0,3244879.0
2020,5285,4347192.0,3721172.0,400452.0,225568.0,129038.0,142450.0,5385782.0
2020,5286,312179.0,133962.0,218365.0,-40148.0,-59024.0,-57688.0,259021.0
2020,5288,4658907.0,3751757.0,292613.0,614527.0,553202.0,362099.0,5279781.0
2020,5292,1114301.0,880128.0,86064.0,148109.0,115945.0,117538.0,1280619.0
2020,5295,304890.0,289005.0,58625.0,-42740.0,-33591.0,-33714.0,526785.0
2020,5297,242286.0,143785.0,99396.0,-895.0,1768.0,3092.0,429350.0
2020,5298,175243.0,146749.0,105219.0,-76725.0,-79721.0,-79851.0,611429.0
2020,5346,22052.0,35660.0,951978.0,-532992.0,10667888.0,10458795.0,26306381.0
2020,5387,882260.0,448468.0,142811.0,290981.0,173082.0,166643.0,505869.0
2020,5388,36096281.0,30657660.0,4303582.0,1135039.0,900626.0,692959.0,30578748.0
2020,5434,36167994.0,31863244.0,2243331.0,2061711.0,2065325.0,2239332.0,21451715.0
2020,5469,45704270.0,36110210.0,4230478.0,5363582.0,4095395.0,3516893.0,75428898.0
2020,5471,5370626.0,3088156.0,1046307.0,1236163.0,1025601.0,1240198.0,5092369.0
2020,5484,310453.0,250937.0,142487.0,-82971.0,-48080.0,-43436.0,751413.0
2020,5515,6762818.0,6250304.0,290643.0,221871.0,374744.0,311245.0,9123907.0
2020,5519,3409980.0,2707819.0,186754.0,515407.0,453059.0,453710.0,9313633.0
2020,5521,7159730.0,5268115.0,742547.0,1149068.0,1007121.0,1050192.0,8327513.0
2020,5522,26845946.0,19670060.0,2112748.0,5099964.0,3838255.0,4761867.0,91661577.0
2020,5525,1000376.0,768822.0,214347.0,17207.0,44132.0,44351.0,16201670.0
2020,5531,5915557.0,4255476.0,1254390.0,405691.0,107806.0,-321.0,31868186.0
2020,5533,3834898.0,3234290.0,287190.0,313418.0,242758.0,244555.0,13982018.0
2020,5534,9197553.0,6224270.0,471550.0,2504834.0,2619876.0,2585750.0,34079058.0
2020,5538,9171338.0,7898297.0,579958.0,693083.0,494824.0,542571.0,8855428.0
2020,5541,104601.0,85469.0,26855.0,-7723.0,-8372.0,-8408.0,774887.0
2020,5546,5373642.0,4176922.0,309848.0,886872.0,731809.0,788983.0,7104238.0
2020,5547,999767.0,880340.0,65947.0,53480.0,42167.0,42167.0,895844.0
2020,5607,1907389.0,852821.0,379064.0,675504.0,588084.0,674783.0,14999367.0
2020,5608,2670823.0,3136862.0,221859.0,-687898.0,-1007168.0,-1308212.0,21627846.0
2020,5706,489508.0,359550.0,184929.0,-46931.0,13477.0,2538.0,2338162.0
2020,5827,,,,,289229.0,422481.0,153851958.0
2020,5828,43834359.0,28558263.0,9228258.0,6047838.0,5259473.0,6322508.0,117785098.0
2020,5830,,,,,694017.0,780801.0,179745958.0
2020,5831,413403151.0,398906930.0,14337228.0,158993.0,7238196.0,-661274.0,3262887276.0
2020,5833,,,,,533430.0,1073831.0,34643045.0
2020,5834,5717564.0,4146873.0,1180594.0,390097.0,301831.0,176991.0,19136799.0
2020,5835,,,,,22311304.0,,3229460260.0
2020,5836,,,,,19536661.0,,3286835565.0
2020,5838,,,,,12461154.0,0.0,3024871250.0
2020,5839,-5129.0,49303.0,1825622.0,-1880054.0,-1044784.0,-2386946.0,40167250.0
2020,5840,,,,,2781183.0,4000374.0,241281098.0
2020,5841,,,,,27268735.0,,4510256042.0
2020,5842,,,,,2930997.0,4957847.0,304305466.0
2020,5843,,,,,20332081.0,,3451678220.0
2020,5844,,,,,15682851.0,,3444318275.0
2020,5846,933078907.0,853629597.0,29565063.0,49884247.0,52682113.0,129880785.0,7675559325.0
2020,5847,,,,,16487552.0,,2946979116.0
2020,5848,,,,,12189739.0,,2085344017.0
2020,5849,,,,,9754100.0,,1994635826.0
2020,5850,,,,,957730.0,,273365256.0
2020,5852,,,,,6895871.0,,1443480272.0
2020,5854,,,,,14903142.0,,3900439874.0
2020,5857,,,,,8637119.0,7150196.0,3114717006.0
2020,5858,,,,,11515180.0,,5398798096.0
2020,5859,95655111.0,89362868.0,2409289.0,3882954.0,3236969.0,12190185.0,586481959.0
2020,5862,,,,,1018949.0,0.0,273967360.0
2020,5863,,,,,215721.0,198327.0,89427252.0
2020,5865,800473040.0,714332251.0,20135181.0,66005608.0,61414982.0,148695896.0,5317443245.0
2020,5866,943743.0,,854143.0,89600.0,214024.0,299872.0,26291593.0
2020,5867,757337.0,,656270.0,101067.0,112829.0,172619.0,5560962.0
2020,5868,,,22934492.0,,8994931.0,3141097.0,5821459476.0
2020,5870,,,,,8435000.0,8762815.0,849885649.0
2020,5871,59477759.0,16767025.0,19413774.0,23675886.0,17538421.0,17329523.0,593323834.0
2020,5872,,,,,2986447.0,2819721.0,683324804.0
2020,5873,136014931.0,128056490.0,4510316.0,3448125.0,7413040.0,13508950.0,1249276031.0
2020,5874,581061406.0,518908302.0,21858699.0,40294405.0,37384071.0,139195922.0,5168147433.0
2020,5875,,,,,836925.0,922201.0,415470396.0
2020,5876,,,,,17814616.0,,2113741790.0
2020,5880,,,25861904.0,,17134991.0,21931873.0,4147041390.0
2020,5901,2515213.0,981526.0,1210357.0,323330.0,208614.0,207861.0,13967275.0
2020,5906,1783704.0,851555.0,832566.0,98477.0,81142.0,53976.0,1190391.0
2020,5907,4790864.0,1573658.0,2970726.0,246480.0,-122122.0,35996.0,24340997.0
2020,6005,9724095.0,,6471900.0,3252195.0,3840679.0,3916654.0,163062634.0
2020,6008,24393968.0,,18077056.0,6316912.0,8722241.0,9956449.0,400895629.0
2020,6024,2425823.0,,2054726.0,371097.0,622344.0,578848.0,46413395.0
2020,6025,54969494.0,57991463.0,932910.0,-3954879.0,-2574587.0,-2398411.0,443894299.0
2020,6027,342250.0,,279295.0,62955.0,138629.0,193297.0,2579970.0
2020,6028,2367787.0,1990638.0,259792.0,117357.0,93031.0,93031.0,1043860.0
2020,6029,8203940.0,5834914.0,1795927.0,573099.0,500701.0,769795.0,18722921.0
2020,6029,,,,,,,
2020,6108,8308167.0,7321298.0,753771.0,233098.0,-83160.0,-60358.0,9723879.0
2020,6112,13512521.0,11891139.0,971412.0,649970.0,576099.0,576099.0,8147415.0
2020,6115,6174144.0,4839553.0,487118.0,847473.0,481262.0,436829.0,8263284.0
2020,6116,19553306.0,14713779.0,2130575.0,2708979.0,3835096.0,4351497.0,52023356.0
2020,6117,2202994.0,1785858.0,487285.0,-70149.0,-91303.0,-88661.0,3080899.0
2020,6120,14290244.0,14634159.0,1234746.0,-1578661.0,-1240799.0,-1122707.0,19741580.0
2020,6128,4239384.0,2643596.0,1533874.0,61914.0,148632.0,12007.0,6523457.0
2020,6131,15310.0,6548.0,39042.0,-30280.0,13116.0,14780.0,172662.0
2020,6133,947499.0,799891.0,197591.0,-49983.0,1919.0,-39421.0,2119045.0
2020,6136,652952.0,544913.0,141912.0,-33873.0,56309.0,199151.0,2780734.0
2020,6139,13916562.0,13111029.0,935186.0,-129653.0,209927.0,76515.0,28262080.0
2020,6141,3267428.0,2601885.0,348958.0,316585.0,345825.0,323981.0,5049016.0
2020,6142,3291260.0,3216162.0,578189.0,-503091.0,-434942.0,-333953.0,4673657.0
2020,6152,3054963.0,2513697.0,595228.0,-53962.0,24056.0,39153.0,3458316.0
2020,6153,16037113.0,14171347.0,1454285.0,411481.0,657018.0,685035.0,32277650.0
2020,6155,606740.0,452749.0,111497.0,42494.0,34073.0,68276.0,2551071.0
2020,6164,760612.0,569253.0,249479.0,-58120.0,-16680.0,2720.0,1711337.0
2020,6165,845362.0,655685.0,201476.0,-11799.0,62392.0,63098.0,1206185.0
2020,6166,9635678.0,5820891.0,3339800.0,474846.0,241648.0,186688.0,8742427.0
2020,6168,2507351.0,1974626.0,308823.0,223902.0,143646.0,344810.0,4054588.0
2020,6172,518477.0,508837.0,11878.0,-2238.0,12095.0,12095.0,820065.0
2020,6176,56093201.0,45420091.0,2802771.0,7996245.0,5227665.0,5654162.0,55851948.0
2020,6177,2103343.0,1523562.0,412133.0,167648.0,149496.0,73406.0,31829965.0
2020,6183,1899439.0,1141678.0,337963.0,421316.0,337210.0,304104.0,3179233.0
2020,6184,2005196.0,996435.0,347585.0,661176.0,501248.0,500388.0,7498838.0
2020,6189,26710813.0,24691055.0,987277.0,1032481.0,604676.0,636402.0,12044400.0
2020,6191,22816306.0,18410176.0,2048451.0,2357679.0,1665915.0,974938.0,31554142.0
2020,6192,5934549.0,4041349.0,933503.0,959697.0,744132.0,753757.0,8025968.0
2020,6196,25119857.0,22019515.0,1898844.0,1201498.0,875502.0,870287.0,20261423.0
2020,6197,3582522.0,2632170.0,570058.0,380294.0,270395.0,324482.0,4750068.0
2020,6201,3511749.0,2747078.0,376843.0,387828.0,298681.0,309782.0,3670253.0
2020,6202,5614539.0,2987604.0,1470272.0,1124132.0,1048117.0,1322495.0,6187324.0
2020,6205,1334922.0,876517.0,285269.0,173136.0,142062.0,127750.0,2698827.0
2020,6206,4432961.0,2889455.0,842114.0,701392.0,597928.0,588950.0,5592068.0
2020,6209,2979162.0,2857760.0,364044.0,-213036.0,-216792.0,-235189.0,4591514.0
2020,6213,25421687.0,20471073.0,1732408.0,3218206.0,2665565.0,2804097.0,25684378.0
2020,6214,23735090.0,17933292.0,4876925.0,924873.0,1675722.0,1386499.0,22029235.0
2020,6215,1603098.0,1209918.0,320203.0,72977.0,78965.0,-23746.0,1983800.0
2020,6216,841245.0,430916.0,265009.0,145320.0,108723.0,106113.0,1669131.0
2020,6224,1767267.0,887730.0,455612.0,423925.0,400635.0,407901.0,3449006.0
2020,6225,23202.0,18640.0,11104.0,-6542.0,-6760.0,-6760.0,23980.0
2020,6226,809208.0,544116.0,277274.0,-12182.0,-52067.0,-46668.0,2600689.0
2020,6230,9123421.0,7140739.0,900006.0,1082676.0,782398.0,774179.0,8711488.0
2020,6235,1997427.0,1518662.0,507892.0,-29127.0,649834.0,635066.0,4459852.0
2020,6239,76180649.0,61152021.0,4310458.0,10718170.0,8178977.0,8047944.0,108746240.0
2020,6243,636513.0,490593.0,171492.0,-25572.0,-61358.0,-61237.0,872973.0
2020,6251,12624101.0,10910451.0,1164875.0,548775.0,679065.0,732135.0,13185306.0
2020,6257,12428549.0,8819196.0,1270608.0,2338745.0,1926589.0,2070335.0,29813911.0
2020,6269,29897996.0,23763897.0,2694780.0,3439319.0,2934043.0,3028416.0,42767373.0
2020,6271,10178002.0,7282206.0,890349.0,2005447.0,1450675.0,1378265.0,25437173.0
2020,6272,2067989.0,1606267.0,432943.0,28779.0,23868.0,43131.0,2584216.0
2020,6277,4823613.0,1984333.0,2230930.0,608350.0,1501978.0,1506543.0,7492315.0
2020,6278,41405758.0,36396409.0,2509284.0,2500065.0,2188249.0,1571598.0,38029686.0
2020,6281,19476255.0,15870908.0,2864497.0,740850.0,581932.0,566659.0,8215344.0
2020,6282,20983757.0,17452034.0,3140513.0,391210.0,1397900.0,1366643.0,26975898.0
2020,6283,1675786.0,1493569.0,366005.0,-183788.0,-85483.0,-104983.0,3573907.0
2020,6285,62648731.0,55697894.0,5478374.0,1472463.0,1466920.0,1531854.0,37938976.0
2020,6288,3776717.0,2994036.0,594162.0,188519.0,143588.0,141695.0,5313006.0
2020,6289,77932.0,175081.0,38907.0,-136056.0,-73234.0,-72930.0,200120.0
2020,6403,101813.0,90316.0,46732.0,-35235.0,-31931.0,-31432.0,210953.0
2020,6405,441734.0,394273.0,129617.0,-82156.0,87165.0,87165.0,2159721.0
2020,6407,2540460.0,2477169.0,307642.0,-244351.0,-458255.0,-438937.0,3541835.0
2020,6409,13652564.0,9634383.0,1287707.0,2730474.0,2197144.0,2208915.0,11921210.0
2020,6412,34863027.0,28443674.0,3593434.0,2825919.0,2127220.0,2137913.0,25171091.0
2020,6414,84091485.0,64498302.0,15919158.0,3674025.0,3155383.0,3173211.0,93162581.0
2020,6415,13876445.0,7204323.0,3613711.0,3108914.0,3241795.0,2816174.0,19867286.0
2020,6416,5465855.0,4317359.0,600358.0,548138.0,416837.0,420790.0,4865403.0
2020,6423,128364.0,846.0,110558.0,16960.0,15765.0,15849.0,294909.0
2020,6426,710777.0,332612.0,196674.0,181491.0,137872.0,134144.0,1537534.0
2020,6428,58738.0,27191.0,39027.0,-7480.0,-6361.0,-6361.0,165874.0
2020,6431,152753.0,152901.0,64206.0,-64354.0,-62874.0,-54147.0,377989.0
2020,6434,1588837.0,1461514.0,82795.0,44528.0,17833.0,17836.0,4785032.0
2020,6438,3395005.0,2339198.0,558951.0,496856.0,379262.0,392754.0,4749637.0
2020,6442,2413548.0,2006106.0,380159.0,27283.0,-38051.0,-44871.0,2906024.0
2020,6443,4623829.0,4134896.0,398544.0,-295041.0,-284866.0,-283942.0,9418445.0
2020,6449,2384625.0,1701353.0,296374.0,386898.0,261615.0,298077.0,4036597.0
2020,6451,4849689.0,3269332.0,618751.0,961606.0,719556.0,812397.0,14683881.0
2020,6456,127104736.0,116143614.0,8422821.0,2538301.0,3730920.0,4323669.0,92212366.0
2020,6464,4328920.0,2099127.0,769441.0,1460352.0,1067431.0,1090849.0,20217377.0
2020,6468,837049.0,604666.0,205460.0,26923.0,2643.0,-403.0,899218.0
2020,6473,79102.0,42545.0,42818.0,-6261.0,-1015.0,-10043.0,299765.0
2020,6474,3599613.0,3020060.0,422206.0,157347.0,122914.0,107400.0,2796709.0
2020,6475,98206.0,146062.0,71104.0,-118960.0,-108580.0,-109549.0,263078.0
2020,6477,2085142.0,1636461.0,118691.0,329990.0,263449.0,254039.0,5310690.0
2020,6479,63824.0,41777.0,63099.0,-41052.0,-38639.0,-38607.0,356080.0
2020,6483,,,33740.0,-33740.0,-34747.0,-34747.0,67404.0
2020,6484,15536.0,15598.0,40818.0,-40880.0,-41619.0,-41843.0,50100.0
2020,6491,3978413.0,1973888.0,1148837.0,855688.0,715359.0,717010.0,6416031.0
2020,6493,178957.0,130071.0,67495.0,-13723.0,45878.0,47563.0,409708.0
2020,6495,577352.0,513292.0,237164.0,-173104.0,-321544.0,-316629.0,1892693.0
2020,6498,789767.0,542285.0,104189.0,143293.0,112575.0,119883.0,762265.0
2020,6504,9371410.0,6626279.0,668477.0,2076654.0,1453723.0,1489386.0,10878981.0
2020,6505,415281764.0,402313818.0,10199178.0,2768768.0,7372455.0,5198005.0,380923116.0
2020,6515,2909821.0,1743140.0,498843.0,667838.0,530965.0,534425.0,2406078.0
2020,6517,460272.0,349662.0,77388.0,33222.0,36486.0,39087.0,387396.0
2020,6518,809704.0,745298.0,36342.0,28064.0,19773.0,19800.0,1088649.0
2020,6525,3750121.0,2546565.0,283984.0,919572.0,684661.0,688564.0,5151270.0
2020,6531,3549497.0,2523826.0,505925.0,519746.0,820983.0,832043.0,3983400.0
2020,6533,581012.0,1183.0,542207.0,37622.0,35142.0,35621.0,1402903.0
2020,6534,702189.0,112182.0,444933.0,145074.0,100162.0,90145.0,2879266.0
2020,6536,55446.0,18185.0,71321.0,-34060.0,-32652.0,-36298.0,96185.0
2020,6539,1811757.0,886250.0,657772.0,267735.0,284681.0,285569.0,1827483.0
2020,6541,300.0,157.0,2099720.0,-2099577.0,-2104236.0,-2188892.0,4372725.0
2020,6543,807759.0,555032.0,123020.0,129707.0,100694.0,87095.0,939475.0
2020,6545,158763.0,118221.0,70267.0,-29725.0,-25474.0,-25474.0,158833.0
2020,6546,2665325.0,2088907.0,208638.0,367780.0,286468.0,290626.0,1917840.0
2020,6549,0.0,0.0,40378.0,-40378.0,-42457.0,-42457.0,183196.0
2020,6550,9410.0,6979.0,680489.0,-678058.0,-660224.0,-752553.0,3362380.0
2020,6552,2646853.0,2269081.0,195266.0,182506.0,148328.0,379765.0,4257290.0
2020,6555,506604.0,400511.0,81260.0,24833.0,53290.0,71169.0,3303936.0
2020,6558,1792597.0,1452785.0,236437.0,103375.0,62389.0,73422.0,2561099.0
2020,6559,79128.0,67325.0,37357.0,-25554.0,-29386.0,-28018.0,278339.0
2020,6562,477564.0,343248.0,288134.0,-153818.0,-91630.0,-97299.0,1537479.0
2020,6563,93102.0,88236.0,63694.0,-58828.0,-59919.0,-59919.0,177478.0
2020,6564,22876.0,14657.0,90941.0,-82722.0,-74453.0,-74453.0,657625.0
2020,6565,199825.0,83310.0,102589.0,13926.0,13000.0,13266.0,241464.0
2020,6566,178975.0,80945.0,94317.0,3713.0,69519.0,69431.0,365541.0
2020,6572,101347.0,59666.0,189990.0,-148309.0,-141069.0,-145886.0,823231.0
2020,6573,1615250.0,1523927.0,276372.0,-185049.0,-237460.0,-223921.0,3027920.0
2020,6575,,,211870.0,-211870.0,-219291.0,-219495.0,332480.0
2020,6579,5898185.0,3967732.0,1309861.0,620592.0,464171.0,471843.0,9577118.0
2020,6580,3359.0,1759.0,164622.0,-163022.0,-162314.0,-162654.0,837301.0
2020,6581,1622229.0,883443.0,207289.0,531497.0,407534.0,408293.0,5043033.0
2020,6582,5268419.0,2604477.0,462082.0,2201860.0,1777831.0,1729397.0,5964918.0
2020,6583,280099.0,129058.0,46005.0,105036.0,87929.0,88040.0,473120.0
2020,6584,1456264.0,1239844.0,211523.0,4897.0,-10874.0,-8292.0,3255690.0
2020,6585,1987850.0,1561636.0,303094.0,123120.0,62477.0,61099.0,4403903.0
2020,6586,138.0,71.0,309623.0,-309556.0,-296839.0,-297770.0,2142947.0
2020,6587,49685.0,33684.0,33426.0,-17425.0,-18997.0,-15795.0,388874.0
2020,6591,1578165.0,1044718.0,234454.0,298993.0,163871.0,183478.0,2381625.0
2020,6592,14665572.0,5232055.0,6228100.0,3205417.0,2792480.0,2865086.0,159009244.0
2020,6595,0.0,1040.0,69845.0,-70885.0,-131591.0,-131520.0,196827.0
2020,6597,433216.0,407822.0,54753.0,-29359.0,-31538.0,-31538.0,531404.0
2020,6598,299015.0,105491.0,327038.0,-133514.0,-103496.0,-161785.0,1227221.0
2020,6599,1020882.0,804327.0,171354.0,45201.0,36275.0,35104.0,743413.0
2020,6605,14260153.0,10806384.0,2509734.0,1027208.0,551800.0,575768.0,30449444.0
2020,6606,708098.0,442899.0,185284.0,79915.0,344849.0,361910.0,2822562.0
2020,6610,1246.0,1043.0,98761.0,-98558.0,-101858.0,-101858.0,387037.0
2020,6611,16763.0,24030.0,19748.0,-27015.0,-37444.0,-37444.0,58384.0
2020,6614,2653433.0,2199103.0,309316.0,145014.0,169950.0,163050.0,2624237.0
2020,6617,833.0,47.0,118152.0,-117366.0,-99317.0,-128175.0,1204017.0
2020,6618,83242.0,70357.0,129106.0,-116221.0,-132852.0,-135085.0,259507.0
2020,6620,28859.0,1422.0,344915.0,-317478.0,-282104.0,-285984.0,582439.0
2020,6621,138635.0,69319.0,89930.0,-20614.0,-55351.0,-22229.0,415567.0
2020,6622,134686.0,120542.0,35790.0,-21646.0,-56503.0,-55370.0,790040.0
2020,6623,47471.0,31794.0,46609.0,-30932.0,-24717.0,-24700.0,232625.0
2020,6625,795225.0,768665.0,175218.0,-148658.0,-131861.0,-132105.0,1102635.0
2020,6626,614767.0,339786.0,508876.0,-233895.0,-81648.0,-90112.0,675081.0
2020,6633,11215.0,8586.0,91647.0,-89018.0,-85632.0,-85630.0,93587.0
2020,6634,462.0,138.0,84430.0,-84106.0,-82011.0,-82011.0,453158.0
2020,6635,1026309.0,866582.0,129477.0,30250.0,14760.0,18747.0,1024521.0
2020,6637,545917.0,326404.0,90464.0,129049.0,96058.0,98861.0,756705.0
2020,6638,4174487.0,3301427.0,441239.0,431821.0,263053.0,238399.0,4717820.0
2020,6639,214714.0,206586.0,40526.0,-32398.0,-37423.0,-35386.0,637546.0
2020,6641,1846674.0,1106723.0,477846.0,262105.0,215511.0,233263.0,2014103.0
2020,6645,302896.0,223592.0,113879.0,-34575.0,-26150.0,-26205.0,594213.0
2020,6647,9790879.0,2372216.0,4006985.0,3690343.0,2859129.0,2856741.0,106924672.0
2020,6648,782330.0,539690.0,64055.0,178585.0,147376.0,146940.0,1195110.0
2020,6650,172006.0,52886.0,53442.0,65678.0,54662.0,54662.0,656434.0
2020,6652,,,114244.0,-114244.0,-113770.0,-105673.0,281106.0
2020,6655,2088346.0,1043612.0,672292.0,372442.0,294938.0,290186.0,5472527.0
2020,6657,7081.0,2256.0,138411.0,-133586.0,-129479.0,-129479.0,705445.0
2020,6658,1251101.0,949867.0,210910.0,90324.0,69388.0,72451.0,1794601.0
2020,6659,732668.0,485567.0,256461.0,-9360.0,-37751.0,-29146.0,2502893.0
2020,6660,599151.0,493503.0,122367.0,-16894.0,-63008.0,-65564.0,957713.0
2020,6663,30807.0,32858.0,97820.0,-99871.0,-98873.0,-101320.0,147590.0
2020,6665,1507157.0,1056155.0,301668.0,149334.0,118033.0,122168.0,1777122.0
2020,6666,844885.0,327060.0,458607.0,59218.0,103916.0,119614.0,2079050.0
2020,6668,1689699.0,1058063.0,422960.0,208676.0,123054.0,132509.0,3577273.0
2020,6669,186927647.0,171626518.0,4059275.0,11241854.0,8609657.0,8312952.0,54724165.0
2020,6670,14229734.0,10971403.0,1617826.0,1640505.0,1212881.0,1156043.0,14474231.0
2020,6671,1913403.0,1145847.0,492136.0,275420.0,220416.0,236845.0,2275946.0
2020,6672,4830183.0,3406860.0,891317.0,532006.0,373253.0,443894.0,4460252.0
2020,6673,179328.0,176200.0,42732.0,-39604.0,-50114.0,-50108.0,420720.0
2020,6674,2704414.0,2321156.0,360193.0,23065.0,46723.0,47122.0,2746159.0
2020,6676,419941.0,195872.0,298410.0,-74341.0,-101760.0,-101760.0,1499594.0
2020,6677,866110.0,509816.0,299311.0,56983.0,38607.0,38607.0,1913199.0
2020,6682,621985.0,623286.0,161158.0,-200664.0,-182491.0,-183019.0,1093612.0
2020,6688,49867.0,81517.0,57361.0,-89011.0,-91251.0,-91251.0,353310.0
2020,6689,7025288.0,6330825.0,547211.0,147252.0,152182.0,104764.0,3454826.0
2020,6691,5353892.0,4566721.0,192838.0,594333.0,467046.0,487422.0,5030551.0
2020,6692,1472980.0,1085797.0,174504.0,212679.0,165661.0,134365.0,1345392.0
2020,6693,860440.0,678157.0,143110.0,39173.0,29263.0,29301.0,936766.0
2020,6694,5263.0,113831.0,61613.0,-170181.0,-163276.0,-163276.0,933911.0
2020,6695,758213.0,445101.0,397145.0,-84033.0,-76538.0,-76117.0,667859.0
2020,6696,,,196994.0,-196994.0,-151844.0,-148952.0,1218859.0
2020,6698,620635.0,425757.0,152487.0,42391.0,27586.0,32846.0,2295555.0
2020,6699,120089.0,59749.0,89456.0,-29116.0,-31059.0,-36454.0,212948.0
2020,6704,206585.0,89089.0,191891.0,-74395.0,-74558.0,-74558.0,1175677.0
2020,6705,275699.0,189472.0,84274.0,1953.0,4639.0,4639.0,511012.0
2020,6706,3159682.0,2085787.0,634713.0,439663.0,342846.0,393793.0,4961630.0
2020,6707,6241853.0,5982984.0,208944.0,49925.0,33568.0,26139.0,3075173.0
2020,6708,234924.0,101950.0,110243.0,22731.0,13578.0,13445.0,411786.0
2020,6709,,,75793.0,-75793.0,-70162.0,-70162.0,316257.0
2020,6713,41533.0,197811.0,42982.0,-199260.0,-197206.0,-197206.0,597383.0
2020,6715,2404160.0,1673555.0,327802.0,402803.0,279530.0,284074.0,2821274.0
2020,6717,394693.0,305591.0,50054.0,39048.0,26072.0,26450.0,454472.0
2020,6719,4199287.0,2742824.0,935703.0,520760.0,437580.0,437580.0,3235855.0
2020,6720,287795.0,207689.0,62012.0,18094.0,11957.0,13998.0,349543.0
2020,6721,2078325.0,1884642.0,59864.0,133819.0,109453.0,109453.0,787175.0
2020,6722,2500438.0,1952151.0,645969.0,-97682.0,-57087.0,-53759.0,2979455.0
2020,6723,740143.0,628280.0,74313.0,37550.0,33846.0,37392.0,676843.0
2020,6724,37054.0,14581.0,145826.0,-123353.0,-125069.0,-127322.0,415252.0
2020,6725,2534620.0,2402857.0,73098.0,58665.0,36159.0,37125.0,1134784.0
2020,6726,237504.0,231833.0,58632.0,-52961.0,-39816.0,-40124.0,642946.0
2020,6729,84179.0,29594.0,53066.0,1519.0,5918.0,5918.0,353280.0
2020,6730,319362.0,180680.0,94071.0,44611.0,32322.0,32386.0,538071.0
2020,6731,776867.0,418843.0,319962.0,38062.0,23672.0,637.0,1096119.0
2020,6734,15924.0,11420.0,84532.0,-80028.0,-76614.0,-76631.0,97455.0
2020,6735,340312.0,82134.0,106238.0,151940.0,118765.0,118908.0,828446.0
2020,6736,24174.0,29923.0,51153.0,-56902.0,-63130.0,-63130.0,72624.0
2020,6737,5952046.0,4879223.0,429674.0,643149.0,487410.0,462798.0,4266866.0
2020,6738,135118.0,119426.0,150401.0,-134709.0,-134490.0,-135260.0,154919.0
2020,6739,246669.0,105853.0,126011.0,14805.0,10996.0,10872.0,315176.0
2020,6742,425128.0,374785.0,62116.0,-11773.0,2058.0,-114.0,914543.0
2020,6743,4998255.0,3753197.0,571885.0,673173.0,495059.0,466749.0,7059007.0
2020,6744,178906.0,92982.0,57341.0,28583.0,25393.0,25393.0,283990.0
2020,6746,139257.0,65836.0,64045.0,9376.0,12190.0,12190.0,278769.0
2020,6748,18033.0,9458.0,64541.0,-55966.0,-50018.0,-50688.0,203429.0
2020,6750,1992472.0,1736648.0,141819.0,113969.0,78064.0,79721.0,1976136.0
2020,6753,1935269.0,1661170.0,67050.0,207049.0,143480.0,129071.0,3932478.0
2020,6754,3117134.0,2293085.0,469640.0,354409.0,213206.0,230461.0,3873112.0
2020,6755,3307735.0,2542283.0,357800.0,407652.0,294712.0,305618.0,2737528.0
2020,6756,1969592.0,1008750.0,575204.0,385638.0,318484.0,317960.0,3040576.0
2020,6757,1880636.0,3351386.0,337808.0,-1808558.0,-1371056.0,-1365439.0,11694612.0
2020,6758,369974.0,82695.0,254310.0,32969.0,30389.0,29960.0,542263.0
2020,6761,1464275.0,1037476.0,303318.0,123481.0,92077.0,90865.0,1146804.0
2020,6763,1021129.0,602462.0,194760.0,223907.0,181842.0,181842.0,2970267.0
2020,6764,1101287.0,590472.0,319695.0,191120.0,146883.0,146883.0,1240226.0
2020,6768,13514535.0,11005026.0,1719791.0,789718.0,409107.0,-22334.0,16294867.0
2020,6770,45684615.0,34692204.0,5460494.0,5744244.0,3806477.0,3719627.0,78914033.0
2020,6771,490781.0,244401.0,103421.0,142959.0,108295.0,107864.0,1244218.0
2020,6772,,,34721.0,-34721.0,-43097.0,-43658.0,368541.0
2020,6775,2939858.0,2392575.0,274410.0,272873.0,207979.0,207984.0,2278953.0
2020,6776,17281341.0,16570121.0,534270.0,176950.0,194218.0,204322.0,4786852.0
2020,6778,1040.0,435.0,70536.0,-69931.0,-71850.0,-72744.0,263723.0
2020,6779,1503425.0,1191662.0,217175.0,94588.0,36378.0,34589.0,2019196.0
2020,6780,450966.0,38485.0,365340.0,47141.0,42744.0,42801.0,312955.0
2020,6781,6306568.0,4289805.0,790340.0,1226423.0,906913.0,956796.0,6692504.0
2020,6782,1526389.0,976201.0,388471.0,161717.0,128072.0,91541.0,2224755.0
2020,6784,223191.0,172380.0,36941.0,13870.0,5043.0,5017.0,312261.0
2020,6785,600.0,,171365.0,-170765.0,-142797.0,-142797.0,603975.0
2020,6786,39945.0,0.0,51456.0,-11511.0,-10780.0,-10780.0,281894.0
2020,6787,19398.0,72027.0,31825.0,-84454.0,-83690.0,-83629.0,329650.0
2020,6788,730182.0,353988.0,174743.0,201451.0,160013.0,162272.0,1022749.0
2020,6789,6946349.0,3835451.0,587178.0,2556440.0,2090545.0,2090545.0,11771768.0
2020,6790,10147738.0,6911622.0,1690146.0,1545970.0,1500693.0,1471090.0,7541547.0
2020,6791,454463.0,253849.0,124643.0,75971.0,64640.0,64328.0,524053.0
2020,6792,1291635.0,805724.0,305031.0,180880.0,173440.0,173394.0,1522339.0
2020,6793,0.0,0.0,62744.0,-62744.0,-67824.0,-67824.0,2201959.0
2020,6794,3982.0,1644.0,113692.0,-111354.0,-109209.0,-109209.0,391223.0
2020,6795,65495.0,43135.0,101309.0,-78949.0,-79164.0,-79530.0,237665.0
2020,6796,402473.0,183195.0,154452.0,64826.0,54124.0,54799.0,618329.0
2020,6797,1719079.0,761017.0,160404.0,797658.0,618187.0,618187.0,1883140.0
2020,6798,340482.0,314341.0,65636.0,-39495.0,-29457.0,-28416.0,352654.0
2020,6799,635552.0,355399.0,116784.0,163369.0,136973.0,137042.0,542569.0
2020,6804,1361994.0,1239477.0,81281.0,41236.0,25801.0,26375.0,1598846.0
2020,6805,2223219.0,1641223.0,292651.0,289345.0,210385.0,221104.0,2828985.0
2020,6806,523537.0,377279.0,135146.0,11112.0,244389.0,243608.0,7185531.0
2020,6808,13261.0,8290.0,55299.0,-50328.0,-47918.0,-47918.0,482571.0
2020,6810,,,65103.0,-65103.0,-64834.0,-64834.0,221477.0
2020,6810,,,,,,,
2020,6811,5424307.0,4772952.0,377994.0,273361.0,209232.0,201879.0,3336417.0
2020,6812,460042.0,178508.0,160840.0,120694.0,107337.0,106941.0,818862.0
2020,6813,192031.0,168016.0,36586.0,-12571.0,3423.0,3340.0,237371.0
2020,6814,181410.0,62962.0,123761.0,-5304.0,-10542.0,-10542.0,523607.0
2020,6815,306389.0,177963.0,113439.0,14987.0,11049.0,11021.0,437765.0
2020,6816,119412.0,66444.0,24932.0,28036.0,22978.0,22978.0,277375.0
2020,6817,505120.0,301300.0,120103.0,83717.0,99685.0,97393.0,658868.0
2020,6818,911132.0,638436.0,252451.0,20245.0,8239.0,9612.0,819988.0
2020,6819,1213545.0,488990.0,228287.0,496268.0,402453.0,402451.0,832499.0
2020,6820,714520.0,542300.0,128803.0,43417.0,22995.0,25827.0,675061.0
2020,6821,437654.0,298409.0,108156.0,31089.0,26938.0,24559.0,861261.0
2020,6822,5494.0,1420.0,78537.0,-82159.0,-85205.0,-85205.0,182873.0
2020,6822,,,,,,,
2020,6823,647556.0,440738.0,103516.0,103302.0,83456.0,84266.0,375127.0
2020,6824,48.0,1.0,57914.0,-57867.0,-53159.0,-53104.0,342060.0
2020,6825,175643.0,100543.0,69840.0,5260.0,3309.0,3437.0,162760.0
2020,6826,5657972.0,4967350.0,310068.0,380554.0,292340.0,292752.0,6330951.0
2020,6827,7429.0,,156758.0,-149329.0,-148863.0,-148863.0,265141.0
2020,6827,,,,,,,
2020,6829,354957.0,274795.0,37404.0,42758.0,31236.0,33388.0,1496742.0
2020,6829,,,,,,,
2020,6830,1113184.0,702861.0,216469.0,193854.0,159106.0,164625.0,2331208.0
2020,6831,891943.0,692298.0,148492.0,79553.0,66933.0,69682.0,1196667.0
2020,6832,336860.0,173989.0,83570.0,79301.0,65492.0,66548.0,845817.0
2020,6833,1213404.0,784684.0,211739.0,216981.0,177188.0,178883.0,1204757.0
2020,6834,887305.0,715686.0,139444.0,32175.0,40814.0,42087.0,1517999.0
2020,6835,2481021.0,1942848.0,282032.0,256141.0,163543.0,183942.0,2303786.0
2020,6837,269662.0,170235.0,66573.0,32854.0,35585.0,35585.0,805769.0
2020,6837,,,,,,,
2020,6840,662798.0,336218.0,244723.0,81857.0,36480.0,44170.0,1079594.0
2020,7419,85651.0,67691.0,33557.0,-15597.0,-17900.0,-17900.0,485082.0
2020,7427,0.0,0.0,29886.0,-29886.0,-31265.0,-31265.0,125852.0
2020,7443,665645.0,577911.0,91050.0,-3316.0,-7393.0,-7243.0,737333.0
2020,7452,219719.0,72646.0,141278.0,5795.0,15590.0,15357.0,158225.0
2020,7507,276585.0,245257.0,59571.0,-42573.0,-60847.0,-72382.0,1156889.0
2020,7516,207880.0,180598.0,63855.0,-36573.0,-55503.0,-54432.0,249037.0
2020,7547,165794.0,96109.0,62326.0,7359.0,16659.0,16278.0,486034.0
2020,7551,223462.0,147539.0,52169.0,23754.0,22331.0,22331.0,260433.0
2020,7555,271691.0,137842.0,50474.0,83375.0,70699.0,70699.0,366609.0
2020,7558,314163.0,180436.0,112387.0,21340.0,11126.0,11126.0,359822.0
2020,7561,156295.0,88436.0,68081.0,-222.0,-1413.0,-1305.0,475804.0
2020,7566,269547.0,80449.0,128218.0,60880.0,64216.0,64690.0,1783784.0
2020,7570,105407.0,45877.0,76886.0,-17356.0,-9083.0,-15587.0,206638.0
2020,7575,475061.0,117734.0,299745.0,57582.0,36108.0,36108.0,630453.0
2020,7575,,,,,,,
2020,7584,571365.0,312493.0,170158.0,88714.0,73938.0,76251.0,344345.0
2020,7595,101351.0,57060.0,58161.0,-13870.0,-11206.0,18792.0,449913.0
2020,8011,1437057.0,1247933.0,220990.0,-31866.0,-66739.0,-72475.0,6749038.0
2020,8015,134293.0,87175.0,46162.0,956.0,7287.0,8033.0,379853.0
2020,8016,13804562.0,9018737.0,2495301.0,2383048.0,2164113.0,1969226.0,13816160.0
2020,8021,2973426.0,2003273.0,497159.0,468306.0,304257.0,362107.0,6348855.0
2020,8022,351311.0,17608.0,330304.0,3399.0,12396.0,12373.0,477395.0
2020,8028,2442176.0,1914775.0,451509.0,75892.0,115558.0,116116.0,5123329.0
2020,8029,1012580.0,729537.0,162958.0,120085.0,22404.0,29705.0,1372368.0
2020,8033,908235.0,581315.0,334639.0,-2833.0,24471.0,16323.0,1277529.0
2020,8039,8766318.0,6687745.0,1035688.0,1042885.0,784353.0,752882.0,11531915.0
2020,8045,1059365.0,647464.0,345898.0,66003.0,16843.0,-316.0,2132176.0
2020,8046,38512743.0,32760832.0,1644370.0,4107541.0,3665917.0,3590297.0,44556237.0
2020,8070,16424018.0,13977042.0,1125899.0,1321077.0,1362120.0,2106684.0,23319671.0
2020,8072,1222174.0,1052834.0,166457.0,2883.0,-3395.0,-5298.0,2500072.0
2020,8081,7407799.0,4609667.0,1439407.0,1358725.0,1097448.0,1045825.0,7803097.0
2020,8101,3056058.0,3139762.0,614621.0,-698325.0,-643349.0,-638222.0,2603954.0
2020,8103,3134712.0,2104188.0,644936.0,385588.0,214340.0,246261.0,4529146.0
2020,8104,1638051.0,1217433.0,229169.0,191449.0,207781.0,198135.0,3643945.0
2020,8105,7159043.0,7013220.0,921298.0,-775475.0,-1090187.0,-1075574.0,11514631.0
2020,8110,5965534.0,5767398.0,291690.0,-93554.0,254887.0,205693.0,17973245.0
2020,8112,137509979.0,133883606.0,1306364.0,2320009.0,1834350.0,1441599.0,40547997.0
2020,8114,8089642.0,5459637.0,2163068.0,467067.0,106018.0,-78916.0,13829096.0
2020,8115,2593267.0,2187668.0,253953.0,151646.0,185380.0,245527.0,4563579.0
2020,8119,1553695.0,1139196.0,290543.0,123956.0,98571.0,96817.0,1855876.0
2020,8131,9706776.0,7817062.0,204431.0,1685283.0,1402677.0,1357939.0,13609010.0
2020,8134,692514.0,527809.0,114477.0,50228.0,31372.0,48940.0,1181405.0
2020,8140,98786.0,93560.0,74948.0,-69722.0,-59737.0,-8344.0,423958.0
2020,8150,23011381.0,17979208.0,1601249.0,3566502.0,2367483.0,2489545.0,35080814.0
2020,8152,1527677.0,1242769.0,127096.0,157812.0,36579.0,42515.0,3111834.0
2020,8163,22349528.0,18491952.0,2723251.0,1134325.0,953347.0,1077450.0,24269506.0
2020,8179,3884091.0,3262338.0,387727.0,234026.0,206658.0,246330.0,6958137.0
2020,8201,1065712.0,898525.0,230251.0,-63064.0,-47675.0,-93734.0,907040.0
2020,8210,7544545.0,5612927.0,968425.0,963193.0,973547.0,935473.0,8037116.0
2020,8213,22847267.0,19501266.0,1688874.0,1657127.0,1911734.0,2214824.0,31444986.0
2020,8215,15049948.0,12776414.0,1726161.0,547373.0,395973.0,346335.0,11059451.0
2020,8218,958822.0,815876.0,83969.0,58977.0,31288.0,34948.0,1177220.0
2020,8222,397072.0,364438.0,89631.0,-56997.0,-39467.0,-38702.0,1434435.0
2020,8225,413325.0,300064.0,90039.0,23222.0,21071.0,24905.0,343000.0
2020,8227,376420.0,291883.0,118269.0,-33732.0,-26512.0,-27104.0,409612.0
2020,8249,3399884.0,2936375.0,301394.0,162115.0,190268.0,199335.0,5244735.0
2020,8261,3125776.0,2613933.0,271902.0,239941.0,196348.0,224067.0,2742385.0
2020,8271,7152222.0,6026320.0,780483.0,345419.0,290460.0,258966.0,4051099.0
2020,8281,48804.0,42164.0,55238.0,-48598.0,-18398.0,-17245.0,351021.0
2020,8287,1876876.0,1356158.0,217326.0,303392.0,312579.0,294717.0,1529514.0
2020,8298,197627.0,23758.0,159491.0,14378.0,13907.0,13097.0,326418.0
2020,8304,483353.0,340724.0,108951.0,33678.0,43262.0,46944.0,989286.0
2020,8305,2130951.0,1280286.0,375846.0,474819.0,215389.0,220920.0,13331662.0
2020,8307,390812.0,308976.0,103584.0,-21748.0,-10984.0,-11000.0,1376776.0
2020,8308,578577.0,408441.0,119115.0,51021.0,56667.0,54633.0,1152432.0
2020,8309,446832.0,263746.0,71990.0,111096.0,43649.0,44927.0,3164438.0
2020,8310,302706.0,253821.0,42478.0,6407.0,-9515.0,-10405.0,1924928.0
2020,8312,112239.0,79533.0,21692.0,11014.0,27847.0,-103892.0,563811.0
2020,8327,451062.0,267764.0,92823.0,90475.0,142727.0,-196089.0,4252204.0
2020,8329,1051128.0,907545.0,219168.0,-75608.0,-29297.0,-28398.0,4309749.0
2020,8341,2906727.0,1196499.0,466205.0,1244023.0,993948.0,1021280.0,8968968.0
2020,8343,1047376.0,645482.0,174702.0,227192.0,166425.0,164721.0,2703142.0
2020,8350,7708211.0,5912129.0,852303.0,943779.0,662519.0,686527.0,6372288.0
2020,8359,3263869.0,1388811.0,1041412.0,833217.0,810519.0,758814.0,12149118.0
2020,8360,1011400.0,985046.0,256357.0,-230003.0,-268430.0,-267477.0,9248438.0
2020,8367,1903290.0,1327861.0,272519.0,302910.0,263881.0,263931.0,7376368.0
2020,8368,462836.0,307259.0,55034.0,100543.0,69017.0,66843.0,1667943.0
2020,8370,671862.0,533571.0,68754.0,69537.0,70843.0,79921.0,1765022.0
2020,8374,2754448.0,2274067.0,355192.0,125189.0,87180.0,79072.0,2759980.0
2020,8376,23006072.0,17035777.0,1555888.0,4414407.0,4275798.0,4537298.0,79292058.0
2020,8379,1094540.0,853879.0,93392.0,147269.0,164093.0,247714.0,3010391.0
2020,8387,1859784.0,896603.0,566168.0,397013.0,456626.0,162119.0,6814076.0
2020,8391,8975507.0,7925959.0,66738.0,982809.0,778253.0,779682.0,15005370.0
2020,8392,4692940.0,4255566.0,43745.0,373629.0,298339.0,299929.0,8053995.0
2020,8394,60969162.0,48240752.0,5432319.0,7296091.0,7229855.0,5987168.0,115737713.0
2020,8399,1198325.0,1036794.0,95698.0,65833.0,54678.0,49757.0,762099.0
2020,8404,6552677.0,4155950.0,1330530.0,1066197.0,583357.0,835097.0,18506166.0
2020,8411,5792494.0,5146124.0,509743.0,136627.0,67130.0,195925.0,10163331.0
2020,8422,2680539.0,798427.0,434812.0,1447300.0,1173798.0,1172977.0,7138744.0
2020,8427,3233341.0,2296762.0,1065487.0,-128908.0,-120191.0,-110860.0,5589187.0
2020,8429,378255.0,489299.0,500943.0,-611987.0,-499900.0,-374525.0,7093206.0
2020,8438,2866089.0,2502412.0,254189.0,109488.0,70028.0,78169.0,2436363.0
2020,8442,3741653.0,3189489.0,664579.0,-112415.0,-153406.0,-165663.0,3632290.0
2020,8443,1366916.0,739779.0,861468.0,-234331.0,-187756.0,-186589.0,2343567.0
2020,8452,608847.0,576426.0,107275.0,-74854.0,-93220.0,-93220.0,1112906.0
2020,8453,431200.0,506445.0,90478.0,-165723.0,-233998.0,-233998.0,2373141.0
2020,8454,67198104.0,60883619.0,4199106.0,2219090.0,1938938.0,1973038.0,17809034.0
2020,8456,383192.0,337711.0,87249.0,-41768.0,-33404.0,-34021.0,895234.0
2020,8458,35269.0,28103.0,25292.0,-18126.0,-27011.0,-27116.0,184417.0
2020,8459,227922.0,233383.0,41843.0,-47304.0,-50089.0,-50089.0,363865.0
2020,8462,3679560.0,2549920.0,578272.0,551368.0,408631.0,408332.0,7256490.0
2020,8463,3298720.0,2900543.0,234341.0,163836.0,130619.0,128488.0,5452480.0
2020,8464,24414306.0,10780817.0,6673890.0,6959599.0,4976676.0,4728026.0,27901357.0
2020,8465,76925.0,65452.0,17660.0,-6187.0,-14320.0,-14320.0,187432.0
2020,8466,2882490.0,2096842.0,380524.0,405124.0,277571.0,285426.0,4513513.0
2020,8467,1035590.0,712827.0,295569.0,27194.0,23704.0,65738.0,2401142.0
2020,8469,310118.0,263625.0,38801.0,7692.0,8756.0,8756.0,1473747.0
2020,8473,4486977.0,3717590.0,207497.0,561890.0,264778.0,365362.0,15958201.0
2020,8475,164656.0,207253.0,43095.0,-85692.0,-89168.0,-89168.0,1070237.0
2020,8478,4224774.0,3223452.0,773959.0,227363.0,94453.0,-17594.0,6808973.0
2020,8480,1895124.0,1211324.0,328602.0,355198.0,391080.0,300103.0,2994808.0
2020,8481,1376062.0,658621.0,433586.0,283855.0,832878.0,820503.0,2502446.0
2020,8482,3830398.0,2451172.0,708970.0,670256.0,648900.0,600517.0,4148815.0
2020,8487,487792.0,437113.0,75879.0,-25200.0,-7451.0,-7915.0,765216.0
2020,8488,2791573.0,2525457.0,110540.0,155576.0,50451.0,92525.0,5363814.0
2020,8490,27695.0,19214.0,53782.0,-45301.0,-52316.0,-60926.0,357923.0
2020,8491,960706.0,468257.0,565019.0,-72570.0,-53524.0,-59962.0,631960.0
2020,8492,165541.0,127422.0,69661.0,-31542.0,-22884.0,-23200.0,294685.0
2020,8495,205926.0,166341.0,171727.0,-131713.0,-106020.0,-106461.0,372802.0
2020,8499,2360994.0,1037631.0,459206.0,864157.0,634787.0,704725.0,4557973.0
2020,8926,9313724.0,8592737.0,282558.0,469285.0,1070583.0,1088892.0,22979690.0
2020,8940,1017093.0,555512.0,578810.0,-94232.0,-55211.0,-47730.0,1758662.0
2020,8943,67767.0,51608.0,28010.0,-11851.0,-8600.0,-8704.0,254446.0
2020,8945,468957.0,195324.0,59853.0,213780.0,180539.0,179247.0,2466013.0
2020,8946,670428.0,446234.0,72354.0,151840.0,120100.0,118063.0,2001649.0
2020,8948,914721.0,532884.0,156311.0,225526.0,109947.0,109441.0,5164640.0
2020,8951,719227.0,473044.0,87357.0,158826.0,108462.0,107332.0,3479996.0
2020,8952,392153.0,344590.0,71830.0,-24267.0,-47761.0,-48987.0,2075627.0
2020,8953,628784.0,400442.0,85533.0,142809.0,108663.0,107273.0,4046141.0
2020,8955,800212.0,562967.0,98495.0,138750.0,-839778.0,-840740.0,4908706.0
2020,8956,473701.0,163277.0,75011.0,235413.0,225001.0,253699.0,1631243.0
2020,8957,360049.0,197940.0,52690.0,109419.0,80901.0,80540.0,1586926.0
2020,8960,427143.0,300075.0,68724.0,57410.0,48770.0,47314.0,655159.0
2020,8962,928774.0,560871.0,101905.0,265998.0,208660.0,208677.0,4040851.0
2020,8963,460913.0,408707.0,67905.0,-15699.0,-51650.0,-53878.0,2931010.0
2020,8965,477290.0,311250.0,60431.0,105609.0,80352.0,85373.0,3233308.0
2020,8966,1173226.0,801335.0,171680.0,199989.0,166851.0,163336.0,1590182.0
2020,8967,1357175.0,905276.0,167117.0,284782.0,349657.0,346251.0,8861373.0
2020,8968,494868.0,454730.0,81662.0,-41524.0,-94874.0,-95621.0,4186184.0
2020,8969,894074.0,586292.0,106255.0,201527.0,147223.0,145772.0,3475533.0
2020,8970,287727.0,166943.0,32714.0,88070.0,69941.0,69172.0,1558353.0
2020,8971,1762684.0,997316.0,281223.0,484145.0,251151.0,252262.0,10607458.0
2020,8973,123389.0,81489.0,23729.0,18171.0,19485.0,20283.0,501062.0
2020,8974,423845.0,332710.0,63697.0,27438.0,26762.0,26134.0,1224956.0
2020,8975,733216.0,445553.0,90239.0,197424.0,160766.0,157772.0,2420358.0
2020,8976,340761.0,253042.0,76916.0,10803.0,-2581.0,-4968.0,810124.0
2020,8977,637510.0,453931.0,78851.0,104728.0,83781.0,83435.0,1054318.0
2020,8978,403108.0,332756.0,61308.0,9044.0,-29558.0,-31654.0,2944363.0
2020,8980,243967.0,213413.0,31787.0,-1233.0,-12637.0,-13366.0,1627022.0
2020,8981,236241.0,217370.0,30597.0,-11726.0,-15875.0,-15996.0,1644903.0
2020,8982,383066.0,204325.0,81431.0,97310.0,49075.0,51998.0,2216792.0
2020,8983,846687.0,498615.0,92090.0,255982.0,187078.0,184262.0,4233802.0
2020,8985,240413.0,189088.0,32206.0,19119.0,26162.0,26258.0,690492.0
2020,8986,577671.0,544960.0,95453.0,-62742.0,-21113.0,-4259.0,1773158.0
2020,8987,158980.0,118372.0,31886.0,8722.0,61115.0,-57493.0,1019991.0
2020,8988,412721.0,277641.0,91614.0,43466.0,53346.0,56892.0,1025023.0
2020,8990,894152.0,598976.0,97914.0,197262.0,148685.0,146150.0,4474346.0
2020,8991,629113.0,411716.0,134393.0,83004.0,63038.0,58133.0,716216.0
2020,8992,521576.0,465735.0,85011.0,-29170.0,-70522.0,-72346.0,3814685.0
2020,8995,208893.0,146737.0,35041.0,27115.0,27265.0,30202.0,385536.0
2020,8996,2076359.0,1547977.0,358103.0,170279.0,112524.0,275674.0,3475284.0
2020,9802,11345641.0,8963637.0,1108917.0,1273087.0,895514.0,740816.0,14350057.0
2020,9902,432138.0,410597.0,33203.0,-11658.0,32481.0,32481.0,1361772.0
2020,9904,249954311.0,195203206.0,56862183.0,-2111078.0,3919417.0,17681285.0,368914559.0
2020,9905,7257633.0,6141811.0,485111.0,630711.0,553022.0,662144.0,10246129.0
2020,9906,167828.0,126075.0,92164.0,-50411.0,-88994.0,-88994.0,9359666.0
2020,9907,29934966.0,26511753.0,2234081.0,1189132.0,889165.0,1021600.0,34382192.0
2020,9908,3542624.0,2664272.0,261516.0,606363.0,867282.0,1095637.0,17615835.0
2020,9910,68959738.0,52495714.0,9394723.0,7069301.0,5592171.0,4338336.0,43788205.0
2020,9911,6628124.0,4186157.0,1376872.0,1065095.0,892567.0,929510.0,7503362.0
2020,9912,538991.0,356848.0,196816.0,-14673.0,-38233.0,-30310.0,691393.0
2020,9914,27072342.0,23285132.0,2181527.0,1884222.0,4112147.0,3650943.0,29682477.0
2020,9917,13706365.0,8697290.0,2369079.0,2639996.0,2437228.0,2302749.0,23169427.0
2020,9918,1986369.0,1445167.0,233957.0,307245.0,326745.0,327964.0,5200498.0
2020,9919,5086762.0,3584364.0,663204.0,839194.0,879968.0,850753.0,6949444.0
2020,9921,70010849.0,53842103.0,9310473.0,6858273.0,5175909.0,5298479.0,62501788.0
2020,9924,9033976.0,6869217.0,945450.0,1219309.0,832650.0,883307.0,9019519.0
2020,9925,7195005.0,4753919.0,1584424.0,856662.0,951265.0,1299687.0,17025624.0
2020,9926,2197817.0,1606217.0,153310.0,439706.0,419729.0,500643.0,6861767.0
2020,9927,8536948.0,7847755.0,211342.0,477851.0,354015.0,325540.0,6352995.0
2020,9928,766667.0,698846.0,167600.0,-99779.0,-27139.0,-15057.0,3636286.0
2020,9929,749997.0,629265.0,94493.0,26239.0,870262.0,880319.0,2187492.0
2020,9930,9970633.0,8559682.0,443336.0,967615.0,773023.0,702938.0,13230397.0
2020,9931,1232504.0,1011195.0,61879.0,159430.0,193302.0,208640.0,4790743.0
2020,9933,55558409.0,51914759.0,1586371.0,2057279.0,1305146.0,1481167.0,70787963.0
2020,9934,16775209.0,12158458.0,4151272.0,465479.0,287487.0,134428.0,16830743.0
2020,9935,6022518.0,4767498.0,656154.0,598866.0,363877.0,264205.0,6203534.0
2020,9937,18357564.0,15914638.0,1733871.0,709055.0,774721.0,844587.0,12254438.0
2020,9938,14645277.0,9269352.0,2566893.0,2809032.0,1800435.0,1772310.0,31742387.0
2020,9939,19348249.0,15242548.0,1915855.0,2189846.0,1730740.0,1365857.0,31692510.0
2020,9940,13061441.0,9200082.0,1749835.0,2111524.0,1569168.0,1553962.0,31861472.0
2020,9941,29632864.0,14883563.0,11177994.0,3571307.0,2897250.0,3037960.0,202593027.0
2020,9942,2874514.0,1926867.0,467548.0,480722.0,388910.0,387967.0,4386841.0
2020,9943,2748625.0,1283717.0,916093.0,548815.0,651294.0,629081.0,6079558.0
2020,9944,2347804.0,1716754.0,535495.0,95555.0,90366.0,57975.0,5029202.0
2020,9945,19084589.0,15145020.0,1854562.0,2085007.0,9275392.0,35021465.0,186389375.0
2020,9946,1491772.0,1055716.0,226481.0,209575.0,182975.0,190817.0,10878361.0
2020,9955,3004576.0,3038550.0,96083.0,-130057.0,-123303.0,-122483.0,2882000.0
2020,9957,37889454.0,38100616.0,1474373.0,-1685535.0,-1744573.0,-1972341.0,53389558.0
2020,9958,6408626.0,4529989.0,341705.0,1523328.0,1172997.0,1212710.0,17207745.0
2020,9963,604648106.0,541695875.0,13560725.0,49391506.0,23685958.0,21271638.0,2145085247.0
2020,9964,76651.0,0.0,23668.0,52983.0,51245.0,84561.0,1228742.0
2020,9968,2702623.0,1241090.0,1351588.0,114489.0,135391.0,130223.0,4373376.0
2020,9971,5129857.0,3582515.0,882354.0,664988.0,618768.0,580919.0,10485791.0
2020,9977,1109309.0,691138.0,120746.0,297425.0,250771.0,253091.0,2481315.0
2020,9978,881524.0,1196855.0,247857.0,-563188.0,-424530.0,-412942.0,6858436.0
2020,9982,670053.0,459697.0,77582.0,132774.0,89010.0,86745.0,4637658.0
2020,9983,779970.0,700843.0,157868.0,-79546.0,-77644.0,-78282.0,604822.0
2020,9984,465843.0,347227.0,90247.0,28369.0,5185.0,3376.0,2490962.0
2020,9985,468984.0,322745.0,79575.0,66042.0,57384.0,55856.0,951868.0
2020,9986,606405.0,420508.0,74442.0,111455.0,69189.0,67809.0,3008665.0
2019,000104,696571.0,,506261.0,190310.0,197434.0,161463.0,12023914.0
2019,000116,4720072.0,,3844808.0,875264.0,1164452.0,1683711.0,79898584.0
2019,000218,611362.0,,423264.0,188098.0,250003.0,230797.0,19660475.0
2019,000511,41688.0,,77867.0,-36179.0,85592.0,87549.0,902508.0
2019,000532,135346.0,,122997.0,12349.0,48367.0,50674.0,1865657.0
2019,000538,1551833.0,,1367852.0,183981.0,271557.0,237564.0,23393545.0
2019,000546,15798.0,,27162.0,-11364.0,13288.0,15961.0,459260.0
2019,000560,110255.0,,133670.0,-23415.0,8245.0,8428.0,958918.0
2019,000601,197401.0,,281831.0,-84430.0,63288.0,389329.0,5280158.0
2019,000616,1799059.0,,1308142.0,490917.0,514880.0,600211.0,29608563.0
2019,000638,144154.0,,122993.0,21161.0,24714.0,24026.0,1579919.0
2019,000646,465976.0,,421855.0,44121.0,84438.0,86345.0,4857347.0
2019,000695,59859.0,,55605.0,4254.0,7458.0,9243.0,768213.0
2019,000700,3947418.0,,2972910.0,974508.0,1089660.0,1333222.0,68568809.0
2019,000708,12633.0,,21222.0,-8589.0,-4849.0,-4654.0,137186.0
2019,000775,58107.0,,54642.0,3465.0,8632.0,7919.0,623140.0
2019,000779,3147199.0,,2423798.0,723401.0,909953.0,1068462.0,49910307.0
2019,000815,2437787.0,,1782279.0,655508.0,640833.0,662778.0,41661803.0
2019,000838,88892.0,,78412.0,10480.0,20412.0,22167.0,1137341.0
2019,000856,1168107.0,,671033.0,497074.0,480149.0,479866.0,11502196.0
2019,000888,3787800.0,,3083179.0,704621.0,700075.0,884284.0,36205688.0
2019,000930,3601961.0,,2841421.0,760540.0,931204.0,1045961.0,47879890.0
2019,000960,8302334.0,,6738696.0,1563638.0,2901398.0,3433620.0,139284767.0
2019,000980,40796071.0,,31348704.0,9447367.0,10013261.0,10656960.0,738597518.0
2019,0009A0,9417580.0,,7915873.0,1501707.0,1904082.0,2364666.0,125788532.0
2019,1101,122783014.0,86872759.0,5753534.0,30156721.0,25455090.0,30479849.0,367482385.0
2019,1102,89347637.0,63746928.0,3523141.0,22063176.0,22243953.0,21626649.0,297278512.0
2019,1103,1884002.0,1685405.0,633383.0,-434786.0,1408671.0,4549812.0,38720634.0
2019,1104,5005731.0,4418966.0,415870.0,170895.0,1141682.0,958426.0,23401933.0
2019,1108,3731696.0,3432815.0,225119.0,77882.0,45904.0,93939.0,7328877.0
2019,1109,7822895.0,5218440.0,537954.0,2066501.0,1458617.0,1287080.0,11191294.0
2019,1110,1584940.0,1502651.0,90798.0,-8509.0,33243.0,97750.0,9740348.0
2019,1111,439977.0,421032.0,29805.0,-10860.0,6712.0,-8130.0,1309292.0
2019,1201,20228119.0,14105933.0,5577580.0,544606.0,1350879.0,1149326.0,19096943.0
2019,1203,6323237.0,4343282.0,1056425.0,923530.0,717479.0,825711.0,9425026.0
2019,1210,77769986.0,66038732.0,8010040.0,3721214.0,2974027.0,2882374.0,47300737.0
2019,1213,435368.0,408362.0,64245.0,-37239.0,-43093.0,-43058.0,1266002.0
2019,1215,21173634.0,18151257.0,1550669.0,1459297.0,1823383.0,2151867.0,18650361.0
2019,1216,447977703.0,294014598.0,124335465.0,29627640.0,28483554.0,24983727.0,477455273.0
2019,1217,4468238.0,3057727.0,1278477.0,132034.0,65333.0,178121.0,12895986.0
2019,1218,8000584.0,6545893.0,1295263.0,160207.0,582201.0,591707.0,9229347.0
2019,1219,12259254.0,11262328.0,962491.0,33435.0,141379.0,137885.0,8937571.0
2019,1220,2982351.0,2563623.0,236781.0,181947.0,140084.0,135533.0,3149822.0
2019,1225,10646506.0,9633963.0,604456.0,445828.0,395480.0,346710.0,7741017.0
2019,1227,31266232.0,21635219.0,5207140.0,4423873.0,3454836.0,3198647.0,25488265.0
2019,1229,8271293.0,6401664.0,914259.0,955370.0,3146096.0,4816660.0,46544943.0
2019,1231,8588903.0,6729864.0,1268755.0,590284.0,524680.0,515478.0,7466043.0
2019,1232,17150108.0,15131192.0,788140.0,1230776.0,999104.0,1003880.0,5807485.0
2019,1233,2247585.0,946584.0,1122572.0,178429.0,156896.0,180950.0,2490105.0
2019,1234,9145655.0,6695015.0,1974991.0,475649.0,846511.0,897020.0,22642968.0
2019,1235,61778.0,30508.0,16277.0,14993.0,46889.0,-2500352.0,4206027.0
2019,1236,1864663.0,1362092.0,501571.0,1000.0,15779.0,-106177.0,2736135.0
2019,1237,26409607.0,20954606.0,4181489.0,1245034.0,2742529.0,4366836.0,660396021.0
2019,1242,3465735.0,1742362.0,1647093.0,76280.0,126412.0,723837.0,5029635.0
2019,1246,7078083.0,6837939.0,129546.0,110598.0,84301.0,82292.0,2190675.0
2019,1256,3520879.0,2164020.0,603708.0,753151.0,547716.0,469809.0,3146655.0
2019,1260,4260496.0,3682633.0,381721.0,196142.0,116324.0,103735.0,3839764.0
2019,1267,52159.0,15924.0,34080.0,2155.0,4227.0,2949.0,174346.0
2019,1269,2897130.0,1277129.0,1416794.0,203207.0,92098.0,81234.0,2304321.0
2019,1271,172188.0,63505.0,66589.0,42094.0,38236.0,38816.0,317383.0
2019,1293,286608.0,157413.0,135456.0,-6261.0,-5590.0,-7141.0,201373.0
2019,1301,207848572.0,175734622.0,11917584.0,20196366.0,37324162.0,30555558.0,497087959.0
2019,1303,286303059.0,258172796.0,18251842.0,9885385.0,23209523.0,8625073.0,554678679.0
2019,1304,55656741.0,48924372.0,3800636.0,2931733.0,2545401.0,1551916.0,71425786.0
2019,1305,15117855.0,13148375.0,1195581.0,773899.0,697990.0,695700.0,12331233.0
2019,1307,10271411.0,7904038.0,1716283.0,651090.0,430420.0,245308.0,15136071.0
2019,1308,6791157.0,5755709.0,237041.0,798407.0,821021.0,790731.0,16923091.0
2019,1309,17672204.0,16426138.0,731401.0,514665.0,397977.0,376359.0,8004741.0
2019,1310,12219389.0,10827452.0,321257.0,1070680.0,881756.0,737614.0,9304342.0
2019,1312,20468229.0,17829140.0,1268878.0,1370211.0,2176211.0,1689744.0,31486407.0
2019,1313,62714942.0,60653888.0,2415242.0,-354188.0,-140376.0,838641.0,45156997.0
2019,1314,29624094.0,27996514.0,2036600.0,-409020.0,1733635.0,1539970.0,96468490.0
2019,1315,2440599.0,2034682.0,364219.0,41698.0,698140.0,889543.0,9925313.0
2019,1316,722740.0,599304.0,238422.0,-114986.0,-74851.0,-74196.0,7057814.0
2019,1319,21613680.0,16210902.0,3238343.0,2164435.0,1855321.0,1879942.0,37105350.0
2019,1321,4656690.0,4446989.0,322560.0,-112859.0,117087.0,-19633.0,11575506.0
2019,1323,3639735.0,2770336.0,418385.0,451014.0,353283.0,284903.0,5126573.0
2019,1324,1136341.0,951114.0,175395.0,9832.0,3194.0,-7226.0,1223456.0
2019,1325,772775.0,689096.0,50105.0,33574.0,34691.0,24576.0,1874451.0
2019,1326,315499063.0,283442024.0,15567083.0,16489956.0,34448357.0,23353704.0,550549017.0
2019,1328,1014108034.0,956348204.0,21546875.0,36212955.0,32442819.0,33127524.0,801948280.0
2019,1337,1258400.0,1527022.0,394339.0,-662961.0,-642026.0,-898911.0,7586668.0
2019,1338,7427876.0,5520730.0,1321811.0,585335.0,391790.0,167782.0,10091517.0
2019,1339,2654787.0,1849701.0,328113.0,476973.0,372828.0,336901.0,5348549.0
2019,1340,1157023.0,1370878.0,156140.0,-369995.0,-438324.0,-665230.0,6122503.0
2019,1341,3021131.0,2394825.0,266299.0,360007.0,281172.0,254080.0,2144636.0
2019,1342,1442715.0,1084461.0,137626.0,220614.0,180523.0,180523.0,1518173.0
2019,1343,370319.0,265254.0,58180.0,46885.0,37935.0,37572.0,728065.0
2019,1402,250146590.0,205396660.0,30987491.0,13762994.0,16435163.0,15979794.0,576079699.0
2019,1408,8743918.0,7664780.0,1032449.0,46689.0,-390051.0,-474327.0,8157594.0
2019,1409,37989046.0,,3138493.0,,2251393.0,2919679.0,157182832.0
2019,1410,398105.0,254622.0,67769.0,75714.0,66285.0,69291.0,1370392.0
2019,1413,2947365.0,2800724.0,87982.0,58659.0,68560.0,67703.0,2751552.0
2019,1414,790778.0,776946.0,78598.0,-64766.0,36405.0,65692.0,4574578.0
2019,1416,258885.0,22231.0,281573.0,-44919.0,-133726.0,-119617.0,7143825.0
2019,1417,1405652.0,1061638.0,620541.0,-276527.0,317339.0,564476.0,4384017.0
2019,1418,211540.0,332775.0,71427.0,-192441.0,-214094.0,-213915.0,2456023.0
2019,1419,2083581.0,1488769.0,481444.0,113409.0,378820.0,576822.0,12918739.0
2019,1423,455091.0,503963.0,31481.0,-80353.0,-36183.0,-33536.0,2577780.0
2019,1432,1170450.0,171215.0,1205008.0,-205773.0,-645610.0,-725988.0,5741354.0
2019,1434,36762189.0,33002349.0,2692530.0,1067310.0,5829467.0,-534985.0,80761873.0
2019,1435,21230.0,1267.0,36939.0,-16976.0,20673.0,21002.0,1074996.0
2019,1436,2074771.0,1493898.0,222474.0,358399.0,234652.0,236648.0,9597525.0
2019,1437,581292.0,195188.0,148257.0,237847.0,898138.0,1080479.0,11035390.0
2019,1438,11.0,47.0,8180.0,-8216.0,-10519.0,-10519.0,583894.0
2019,1439,173008.0,172089.0,50551.0,-49632.0,961983.0,969536.0,2831190.0
2019,1440,22947425.0,21673122.0,2039981.0,-765678.0,116839.0,241927.0,44675208.0
2019,1441,1466872.0,1539946.0,214406.0,-287480.0,-332243.0,-322359.0,2916573.0
2019,1442,695811.0,609985.0,127705.0,-41879.0,100443.0,102637.0,11952255.0
2019,1443,703856.0,519491.0,83542.0,100823.0,2853.0,71317.0,5273237.0
2019,1444,12008135.0,11205206.0,699355.0,103717.0,-63418.0,-140502.0,18008523.0
2019,1445,1370531.0,1299837.0,130861.0,-60167.0,-40278.0,-55331.0,2028131.0
2019,1446,550215.0,437868.0,114190.0,-1843.0,290.0,-8532.0,4282709.0
2019,1447,14579347.0,14201182.0,687946.0,-309853.0,-244051.0,-373090.0,17913501.0
2019,1449,2496050.0,2285083.0,361644.0,-150677.0,-110329.0,-37956.0,6410055.0
2019,1451,8567512.0,8129489.0,543703.0,-105680.0,-69787.0,-64373.0,9346001.0
2019,1452,1918138.0,1616812.0,126263.0,175063.0,176038.0,174959.0,2699466.0
2019,1453,44760.0,84920.0,32619.0,-72779.0,-45416.0,-45416.0,1316577.0
2019,1454,1904529.0,1708133.0,167536.0,28453.0,34898.0,12169.0,2044146.0
2019,1455,11841377.0,11856644.0,425859.0,-441126.0,-302638.0,-283462.0,9619354.0
2019,1456,1067517.0,905208.0,84130.0,77511.0,25663.0,53671.0,5109362.0
2019,1457,4071473.0,3516265.0,236204.0,699972.0,570685.0,528234.0,18217844.0
2019,1459,3122224.0,3157563.0,162722.0,-198061.0,-84462.0,-78576.0,6093489.0
2019,1460,8863627.0,7477722.0,1427431.0,-41640.0,-271956.0,-317815.0,13515942.0
2019,1463,553776.0,435397.0,104606.0,13773.0,121338.0,141991.0,2560716.0
2019,1464,10919724.0,8865307.0,1308274.0,801761.0,614463.0,500567.0,18783648.0
2019,1465,709203.0,663519.0,215722.0,-170038.0,934065.0,944202.0,2291661.0
2019,1466,3293851.0,3062541.0,237081.0,-5771.0,-99040.0,-101517.0,3402202.0
2019,1467,6949284.0,5770797.0,1239345.0,-60858.0,-172458.0,29089.0,6985119.0
2019,1468,1009744.0,950515.0,112394.0,-53165.0,51994.0,131965.0,2585349.0
2019,1470,818166.0,603760.0,128236.0,86190.0,75861.0,84508.0,1180196.0
2019,1471,930189.0,988993.0,257593.0,-316397.0,-356539.0,-355934.0,1265874.0
2019,1472,452953.0,414154.0,177520.0,77189.0,55457.0,71606.0,1490441.0
2019,1473,7660848.0,6594956.0,991402.0,74490.0,80788.0,18997.0,5830840.0
2019,1474,3452413.0,3132783.0,317906.0,1724.0,39076.0,10670.0,3620772.0
2019,1475,56533.0,60216.0,21837.0,-25520.0,15919.0,-13197.0,62574.0
2019,1476,28125136.0,20010977.0,2643375.0,5470784.0,4299249.0,4212809.0,23319420.0
2019,1477,27047502.0,21622296.0,2935437.0,2489769.0,1929001.0,1838167.0,14753194.0
2019,1480,8401847.0,8190149.0,124913.0,86785.0,44056.0,14190.0,4280607.0
2019,1503,26038773.0,21158960.0,3017056.0,1862757.0,1738935.0,1879323.0,40759003.0
2019,1504,47909358.0,36428606.0,7945204.0,3536445.0,3518780.0,6039690.0,99094404.0
2019,1506,1176513.0,1103551.0,348518.0,-275556.0,-367129.0,-386625.0,2729459.0
2019,1507,13718348.0,10450970.0,2417621.0,849757.0,979449.0,714106.0,21668148.0
2019,1512,1939316.0,1861646.0,267192.0,-189522.0,-470851.0,-491466.0,2527051.0
2019,1513,12377516.0,10312001.0,1410237.0,655278.0,638788.0,641364.0,20221549.0
2019,1514,4819154.0,3979225.0,562985.0,277025.0,297423.0,346967.0,5797540.0
2019,1515,7902085.0,6329674.0,878687.0,693724.0,1272362.0,1264879.0,6904434.0
2019,1516,672436.0,648197.0,10523.0,13716.0,13307.0,13307.0,463097.0
2019,1517,2999007.0,2669099.0,413142.0,-83234.0,15965.0,-25253.0,4399709.0
2019,1519,7176598.0,6049898.0,795645.0,331055.0,415149.0,394027.0,8586631.0
2019,1521,5390196.0,4423289.0,555892.0,411978.0,360457.0,342555.0,3637056.0
2019,1522,17539920.0,13377184.0,3106929.0,1055804.0,711920.0,651275.0,23612043.0
2019,1524,2393718.0,1903473.0,274512.0,215733.0,151322.0,166157.0,5115249.0
2019,1525,1242120.0,1120914.0,91825.0,29381.0,289942.0,127718.0,5040378.0
2019,1526,1133401.0,860171.0,161655.0,111575.0,80119.0,75092.0,1622056.0
2019,1527,3464083.0,2478605.0,408969.0,576509.0,573554.0,572303.0,4613745.0
2019,1528,4160545.0,3140516.0,1308831.0,-288802.0,-273051.0,-299107.0,4993223.0
2019,1529,793729.0,715898.0,36401.0,41430.0,42697.0,42697.0,1876799.0
2019,1530,3417949.0,2753784.0,468057.0,195610.0,107708.0,72053.0,6736683.0
2019,1531,2170104.0,1818272.0,333235.0,18597.0,29719.0,-43512.0,4374816.0
2019,1532,13770124.0,10526020.0,2220055.0,1034519.0,661684.0,338511.0,42927702.0
2019,1533,2804809.0,1866382.0,773517.0,164910.0,121216.0,65696.0,5908594.0
2019,1535,9315910.0,8784938.0,478245.0,32480.0,126858.0,103479.0,6167995.0
2019,1536,5968347.0,4295987.0,853831.0,818529.0,653049.0,645560.0,17155852.0
2019,1537,7933589.0,6078767.0,541823.0,1312999.0,1007068.0,955947.0,5441690.0
2019,1538,362838.0,316404.0,146863.0,-100429.0,-147705.0,-169798.0,924438.0
2019,1539,2195824.0,1956403.0,104073.0,135348.0,69893.0,71694.0,3359170.0
2019,1540,670596.0,474733.0,75361.0,120502.0,115534.0,115812.0,1661289.0
2019,1541,4200061.0,3429570.0,354865.0,415626.0,251476.0,246640.0,3101169.0
2019,1550,10240721.0,8610224.0,676883.0,953614.0,674163.0,623825.0,11796184.0
2019,1557,5154548.0,3751841.0,1096358.0,306349.0,276679.0,135863.0,9508262.0
2019,1558,5935948.0,4446673.0,638245.0,851030.0,688006.0,644354.0,6442058.0
2019,1560,4868003.0,3441560.0,753256.0,673187.0,539200.0,550445.0,7925408.0
2019,1563,5892066.0,4549057.0,587483.0,755526.0,622680.0,619129.0,16982643.0
2019,1568,2022841.0,1781850.0,213709.0,27282.0,27829.0,10563.0,3299649.0
2019,1582,8582344.0,6317305.0,987044.0,1277995.0,942595.0,739073.0,10025510.0
2019,1583,6124719.0,4630693.0,1028801.0,465225.0,329559.0,455505.0,13037333.0
2019,1585,178542.0,200371.0,71345.0,-93174.0,-112318.0,-108969.0,995085.0
2019,1587,1516467.0,1174424.0,316764.0,25279.0,2129.0,-25743.0,2490444.0
2019,1589,7899986.0,6528633.0,1158893.0,212460.0,163526.0,-213264.0,13521005.0
2019,1590,15896317.0,8470602.0,3397673.0,4028042.0,2726051.0,2036460.0,39955192.0
2019,1592,4948253.0,3566930.0,1710128.0,-324555.0,-383794.0,-491437.0,7482817.0
2019,1594,1147167.0,1062005.0,30766.0,54396.0,38772.0,38012.0,683896.0
2019,1597,1300351.0,718689.0,340123.0,241539.0,174644.0,162737.0,3320167.0
2019,1598,5850528.0,4134129.0,1377363.0,327705.0,220095.0,176648.0,7295301.0
2019,1602,22622948.0,20909927.0,1642077.0,70944.0,-461751.0,-324930.0,36423198.0
2019,1603,2714264.0,2318384.0,156990.0,245136.0,232923.0,310779.0,8099215.0
2019,1604,7116009.0,5996028.0,822186.0,297795.0,772862.0,856233.0,12406209.0
2019,1605,134804405.0,125413839.0,5331092.0,4059474.0,3783324.0,4698944.0,138066402.0
2019,1606,,,8693.0,-8693.0,1075022.0,1075022.0,27990.0
2019,1608,7832617.0,7734558.0,174637.0,-76578.0,732419.0,704835.0,12303327.0
2019,1609,18153101.0,16847531.0,999648.0,305922.0,584844.0,549123.0,20801016.0
2019,1611,2354491.0,1730133.0,639249.0,-14891.0,762742.0,800541.0,6289738.0
2019,1612,3504313.0,3289554.0,187133.0,27626.0,201401.0,313236.0,5843629.0
2019,1613,3737568.0,3487612.0,186759.0,-10366.0,-42809.0,-83128.0,4627219.0
2019,1614,5201892.0,4203155.0,731975.0,266762.0,249591.0,273659.0,6343563.0
2019,1615,3147294.0,2719944.0,130122.0,297228.0,244323.0,297116.0,2799527.0
2019,1616,3152646.0,3003524.0,214887.0,-65765.0,-58185.0,-71015.0,2896651.0
2019,1617,2908588.0,2561351.0,253749.0,93488.0,89035.0,49465.0,2718775.0
2019,1618,2757736.0,2589935.0,108721.0,59080.0,67942.0,264241.0,4631139.0
2019,1619,3365598.0,3360577.0,62064.0,-57043.0,-22055.0,-6448.0,1639812.0
2019,1626,10142781.0,8166237.0,1682836.0,289876.0,257159.0,119087.0,8901016.0
2019,1701,7969700.0,4993267.0,2601793.0,374640.0,384822.0,473628.0,11577905.0
2019,1702,18343979.0,11918057.0,4754834.0,1671088.0,1013307.0,791773.0,23855182.0
2019,1707,9239070.0,1673182.0,5230887.0,2335001.0,1938566.0,1906301.0,11359071.0
2019,1708,4343168.0,3324057.0,569637.0,449474.0,274641.0,230907.0,12576021.0
2019,1709,8797162.0,7801525.0,692883.0,303908.0,208004.0,251287.0,11314771.0
2019,1710,22341227.0,22363514.0,988316.0,-1010603.0,-255352.0,-374002.0,36863116.0
2019,1711,9332076.0,7294736.0,1633707.0,403633.0,349237.0,481992.0,13623362.0
2019,1712,17081389.0,12540848.0,3655278.0,885263.0,680717.0,630833.0,15264859.0
2019,1713,593203.0,526168.0,52855.0,14180.0,96464.0,94366.0,2455705.0
2019,1714,27459637.0,24916265.0,1684150.0,859965.0,358624.0,-164106.0,23784594.0
2019,1716,5509794.0,2942349.0,1611516.0,955929.0,819162.0,836994.0,8087581.0
2019,1717,40363238.0,32506285.0,5521903.0,2335050.0,2428081.0,1482208.0,53796729.0
2019,1718,35732022.0,,7851471.0,,2580824.0,3173685.0,711904236.0
2019,1720,3937129.0,2227998.0,1193287.0,515844.0,470433.0,445155.0,6928004.0
2019,1721,3243968.0,2961831.0,264814.0,17323.0,-6877.0,10766.0,4245450.0
2019,1722,12890565.0,9859254.0,1405300.0,1626011.0,2063955.0,2097669.0,75656796.0
2019,1723,7541990.0,5696043.0,403554.0,1442393.0,1297989.0,1233566.0,12091805.0
2019,1724,1901165.0,1643858.0,163797.0,103609.0,71223.0,63628.0,2762378.0
2019,1725,8587730.0,8188606.0,241161.0,157963.0,194677.0,638592.0,5566708.0
2019,1726,7940129.0,5972732.0,1180164.0,787233.0,682792.0,544786.0,9778697.0
2019,1727,2315061.0,2046700.0,232471.0,35890.0,31554.0,22365.0,2515466.0
2019,1730,3391259.0,1915520.0,1034762.0,433496.0,364640.0,363177.0,2643242.0
2019,1731,1100863.0,430983.0,516259.0,147926.0,100605.0,104378.0,2735161.0
2019,1732,596066.0,332152.0,234813.0,29101.0,24858.0,24510.0,595720.0
2019,1733,2198862.0,1608285.0,387301.0,203276.0,112978.0,109660.0,2814149.0
2019,1734,2394589.0,1453744.0,1087815.0,-146970.0,-147922.0,-221609.0,5916524.0
2019,1735,3174698.0,2526539.0,447675.0,200484.0,117843.0,98402.0,2903083.0
2019,1736,25372561.0,12825694.0,10937734.0,1609133.0,1294021.0,931239.0,26935311.0
2019,1737,2906615.0,1696299.0,790558.0,419758.0,345503.0,357166.0,7601462.0
2019,1739,1930621.0,1744264.0,31923.0,154434.0,124359.0,123654.0,1120218.0
2019,1740,3746231.0,3012507.0,166997.0,573043.0,487247.0,493873.0,7548503.0
2019,1743,3148941.0,2923764.0,64325.0,160852.0,120833.0,121327.0,2305502.0
2019,1745,599719.0,510209.0,41261.0,48249.0,57420.0,56748.0,830292.0
2019,1760,1573944.0,709637.0,620843.0,223933.0,161329.0,147208.0,1912510.0
2019,1762,1156642.0,688013.0,347521.0,121108.0,117124.0,124427.0,3438847.0
2019,1763,135754433.0,119026721.0,7111754.0,9615958.0,7289171.0,4255490.0,100406077.0
2019,1764,107249047.0,91568928.0,7769765.0,7910354.0,7878695.0,11850934.0,171754570.0
2019,1765,108274363.0,92421283.0,5670564.0,10182516.0,8062869.0,4741452.0,121448698.0
2019,1766,56842962.0,49407567.0,4594778.0,2840617.0,1528159.0,1029970.0,52967742.0
2019,1767,919115.0,778807.0,61503.0,78805.0,80050.0,86542.0,2480250.0
2019,1769,2898049.0,2347729.0,135741.0,414579.0,393074.0,440122.0,6794936.0
2019,1770,4657781.0,3080149.0,1115385.0,462247.0,395724.0,344793.0,6136927.0
2019,1773,7508185.0,5503018.0,1015949.0,989218.0,884866.0,863945.0,6992776.0
2019,1775,6303624.0,4425588.0,993310.0,882507.0,671512.0,576336.0,7329847.0
2019,1776,1614375.0,1315035.0,221046.0,78294.0,74348.0,50482.0,1880485.0
2019,1780,639395.0,365017.0,137872.0,136506.0,106900.0,112126.0,1947228.0
2019,1783,452199.0,234927.0,151651.0,65621.0,60111.0,60202.0,1185486.0
2019,1786,437873.0,132416.0,171270.0,134187.0,120703.0,120381.0,1861845.0
2019,1789,2892783.0,1716378.0,909551.0,266854.0,216656.0,106324.0,11674564.0
2019,1795,9174740.0,4926869.0,3134718.0,1113153.0,678283.0,158708.0,17917927.0
2019,1802,41775507.0,38350518.0,4570761.0,-1169121.0,-1606778.0,-3500751.0,87324447.0
2019,1805,127168.0,106682.0,80865.0,-60379.0,-72992.0,-73261.0,1479983.0
2019,1806,4730243.0,3645027.0,1391979.0,-306763.0,-425190.0,-479564.0,9911945.0
2019,1808,4198656.0,3681528.0,594457.0,-77329.0,655920.0,671455.0,29119379.0
2019,1809,2276913.0,1887838.0,500259.0,-99858.0,-78873.0,-141061.0,4584517.0
2019,1810,5526252.0,4137745.0,1309670.0,78837.0,35942.0,238511.0,10913518.0
2019,1817,2334926.0,1633243.0,455180.0,246713.0,179852.0,160497.0,2528005.0
2019,1819,101943.0,132039.0,26079.0,-56175.0,-59244.0,-59304.0,677516.0
2019,1903,169454.0,117222.0,236635.0,-184403.0,-179534.0,-100680.0,6587263.0
2019,1904,40387576.0,31163326.0,5710974.0,3513276.0,2347102.0,2607958.0,59336881.0
2019,1905,20689397.0,19470286.0,1596799.0,-383777.0,-302084.0,-267747.0,31098417.0
2019,1906,1273341.0,1194076.0,94509.0,-15244.0,121324.0,337783.0,5781537.0
2019,1907,74760487.0,62192559.0,9571030.0,2990809.0,2659623.0,5196503.0,121089013.0
2019,1909,47715121.0,41163583.0,4769016.0,1782522.0,502392.0,79789.0,69542485.0
2019,2002,366240735.0,338412847.0,15249658.0,12578230.0,10330458.0,6740651.0,666631981.0
2019,2006,44863600.0,40731834.0,2025168.0,2106598.0,1557798.0,1488814.0,47691503.0
2019,2007,6552804.0,6787922.0,242562.0,-477680.0,-652969.0,-634219.0,23561638.0
2019,2008,1142137.0,1146465.0,118965.0,-123293.0,-124106.0,77047.0,5161462.0
2019,2009,2544943.0,2636550.0,53538.0,-145145.0,-99342.0,51514.0,5295652.0
2019,2010,16735011.0,15783299.0,787123.0,164589.0,232444.0,93413.0,17205699.0
2019,2012,9333591.0,7833212.0,904713.0,595666.0,533743.0,440126.0,10966326.0
2019,2013,16706204.0,16306088.0,305163.0,94953.0,157617.0,154684.0,14419740.0
2019,2014,40470129.0,39225201.0,1462517.0,-217589.0,10791.0,-50794.0,30463606.0
2019,2015,27735611.0,24870034.0,776575.0,2089002.0,1962355.0,2002705.0,21466776.0
2019,2017,3954720.0,3695802.0,441675.0,-183146.0,-154197.0,-147685.0,8367144.0
2019,2020,4483371.0,4002125.0,227927.0,253882.0,435331.0,463083.0,6302854.0
2019,2022,11519202.0,11268848.0,513565.0,-263211.0,-1007426.0,-687951.0,8854037.0
2019,2023,59687597.0,57138479.0,3444311.0,-895193.0,-1700285.0,-2029555.0,83752862.0
2019,2024,1235991.0,1132652.0,67678.0,35661.0,17117.0,18628.0,2131026.0
2019,2025,1155098.0,1314691.0,35821.0,-197101.0,-177829.0,-197538.0,1920233.0
2019,2027,77874374.0,63589569.0,8877772.0,5406763.0,2407037.0,786212.0,104585824.0
2019,2028,9677237.0,9327594.0,167814.0,181829.0,195189.0,189143.0,6092207.0
2019,2029,9877956.0,9295162.0,510209.0,72585.0,30090.0,71619.0,9591289.0
2019,2030,11984206.0,10765124.0,721010.0,498072.0,268254.0,167902.0,10635247.0
2019,2031,8477785.0,8301224.0,274679.0,-97900.0,118116.0,52786.0,16087891.0
2019,2032,2844436.0,2697634.0,97817.0,48985.0,47375.0,51778.0,1997046.0
2019,2033,832001.0,755212.0,83610.0,-6821.0,36444.0,60141.0,1236475.0
2019,2034,16308739.0,14727148.0,779483.0,802108.0,623729.0,301713.0,12142367.0
2019,2038,7953592.0,8143272.0,142371.0,-332051.0,-259316.0,-276748.0,7898818.0
2019,2041,8469035.0,8192605.0,211861.0,64569.0,102118.0,20335.0,7089634.0
2019,2048,84818374.0,83930109.0,2143572.0,-1255307.0,-1453883.0,-1527240.0,175738032.0
2019,2049,20209798.0,13434783.0,4374125.0,2400890.0,1640877.0,1606651.0,48331856.0
2019,2056,3589289.0,3422719.0,263672.0,-97102.0,-33250.0,-105958.0,4137342.0
2019,2059,4868807.0,2251850.0,601806.0,2015151.0,1558250.0,1551308.0,12713817.0
2019,2062,6119558.0,5505456.0,692403.0,-78301.0,70039.0,-113204.0,12150120.0
2019,2068,1374314.0,959050.0,281856.0,133408.0,102368.0,51949.0,2475310.0
2019,2069,8727904.0,8214770.0,415515.0,97619.0,7906.0,-63026.0,8082481.0
2019,2071,1584339.0,1441704.0,117633.0,25002.0,-4947.0,-5354.0,2658871.0
2019,2072,94582.0,69425.0,118441.0,-93284.0,-98494.0,-98494.0,3659284.0
2019,2101,11111580.0,9053695.0,1342803.0,714705.0,1135684.0,896273.0,27642291.0
2019,2102,4541002.0,3855187.0,1071849.0,-386034.0,-669563.0,-719563.0,13603075.0
2019,2103,28910723.0,25533439.0,2459898.0,1084861.0,817120.0,378095.0,32514923.0
2019,2104,22270936.0,17942747.0,2186794.0,2141395.0,1165528.0,1845167.0,51611764.0
2019,2105,109507773.0,85548240.0,16956401.0,7003132.0,3515697.0,1759792.0,164040229.0
2019,2106,32127436.0,25570683.0,5302222.0,1254531.0,1013559.0,641098.0,42019785.0
2019,2107,2701777.0,2040089.0,237875.0,423813.0,538950.0,723017.0,12979434.0
2019,2108,12391836.0,9171120.0,1241582.0,1979134.0,1481452.0,1359297.0,10671130.0
2019,2109,5264937.0,4289366.0,610065.0,365506.0,148280.0,262150.0,7407409.0
2019,2114,1658837.0,1050628.0,152807.0,455402.0,399524.0,392484.0,2746599.0
2019,2115,2716889.0,2101831.0,302423.0,312635.0,241910.0,155056.0,4146656.0
2019,2201,85800574.0,79927782.0,36615856.0,-30738700.0,-24533477.0,-24838209.0,313891543.0
2019,2204,32067972.0,26817163.0,3478484.0,1819908.0,-2308373.0,-2604547.0,51466468.0
2019,2206,33383428.0,27560451.0,5372057.0,450920.0,2192460.0,1964184.0,41122217.0
2019,2207,213745071.0,,14403465.0,,13584899.0,15049175.0,255534055.0
2019,2208,16540899.0,17731280.0,515759.0,-1706140.0,-1815518.0,-1742796.0,35076187.0
2019,2211,8268207.0,6265016.0,667067.0,1336124.0,1325958.0,1309211.0,18171047.0
2019,2215,37206604.0,30121362.0,6511611.0,573631.0,1232095.0,1148915.0,37239834.0
2019,2218,20837917.0,18677276.0,1903760.0,256881.0,333425.0,333425.0,6721169.0
2019,2219,1322186.0,1111040.0,157952.0,53194.0,40144.0,38068.0,1457718.0
2019,2220,18410252.0,16218086.0,1610168.0,581998.0,512591.0,481973.0,6290103.0
2019,2222,28723314.0,26392587.0,1919684.0,411043.0,547499.0,456113.0,9596557.0
2019,2225,35331475.0,32441194.0,2261692.0,628589.0,646390.0,617900.0,14886050.0
2019,2226,32638543.0,29128702.0,2783870.0,725971.0,759867.0,575105.0,14375339.0
2019,2227,32498607.0,27650385.0,3486224.0,1364489.0,7281897.0,6753689.0,28571406.0
2019,2228,4575808.0,3315837.0,637803.0,622168.0,656348.0,559816.0,5093243.0
2019,2231,4094666.0,2022724.0,894253.0,1177689.0,927970.0,888835.0,7195126.0
2019,2233,2353988.0,1579419.0,455245.0,319324.0,293678.0,236105.0,3875109.0
2019,2236,1795565.0,1357944.0,324601.0,113020.0,52296.0,-5108.0,2317286.0
2019,2237,159840.0,205229.0,87556.0,-132945.0,-133996.0,-133996.0,607109.0
2019,2239,22239873.0,18495670.0,2310697.0,1433506.0,968020.0,418895.0,30190777.0
2019,2241,770150.0,571017.0,106491.0,92642.0,73430.0,73249.0,2041893.0
2019,2243,1767065.0,1629815.0,246947.0,-109697.0,-131083.0,-177007.0,3304614.0
2019,2245,322651.0,208227.0,76130.0,38294.0,31805.0,31262.0,753089.0
2019,2246,339745.0,279386.0,23234.0,35692.0,156.0,156.0,1207686.0
2019,2247,33746375.0,29767896.0,3155475.0,924092.0,731686.0,718209.0,15968806.0
2019,2248,632105.0,453068.0,179103.0,-66.0,20397.0,-5715.0,1113345.0
2019,2249,2132853.0,1857327.0,154258.0,121268.0,108131.0,107606.0,978334.0
2019,2250,3813406.0,3186524.0,462879.0,164003.0,118624.0,92344.0,2836674.0
2019,2301,177954166.0,150616502.0,17992442.0,9345222.0,9405517.0,7972985.0,186632503.0
2019,2302,498284.0,346476.0,156160.0,-4352.0,441.0,-38499.0,1951572.0
2019,2303,148201641.0,126886669.0,21807284.0,4689850.0,6128767.0,9537552.0,370187365.0
2019,2305,508075.0,356785.0,289308.0,-138018.0,5976.0,-39297.0,2878241.0
2019,2308,268131397.0,193635252.0,55087355.0,19408790.0,23927756.0,23865739.0,311037290.0
2019,2311,164090330.0,128701713.0,19883449.0,15505168.0,13158242.0,12257905.0,288916682.0
2019,2312,137549891.0,128823672.0,7464506.0,1261713.0,458352.0,-258574.0,96681586.0
2019,2313,56174889.0,46176617.0,3854381.0,6143891.0,3822418.0,3216095.0,61251467.0
2019,2314,5798880.0,4846603.0,939496.0,12781.0,1684.0,-58496.0,5024224.0
2019,2316,5094456.0,4752666.0,432995.0,-91205.0,550432.0,466178.0,12373970.0
2019,2317,5342810995.0,5026942570.0,200971539.0,114896886.0,132185088.0,87564779.0,3320941698.0
2019,2321,1563994.0,1368180.0,350386.0,-154572.0,-115913.0,11353.0,2231158.0
2019,2323,7045247.0,5926766.0,1212085.0,-93604.0,167586.0,206569.0,25458140.0
2019,2324,980442346.0,946533518.0,23322460.0,10586368.0,7895719.0,6360739.0,382648419.0
2019,2325,88987798.0,69738247.0,10141845.0,9107706.0,7510895.0,8142986.0,129581713.0
2019,2327,41306656.0,26526111.0,6749222.0,8031323.0,7052115.0,5915715.0,96382137.0
2019,2328,25600708.0,23241509.0,1164791.0,1194408.0,1153137.0,700816.0,21687782.0
2019,2329,17515145.0,15742203.0,996827.0,776472.0,587960.0,559249.0,15918750.0
2019,2330,1069985448.0,577286947.0,119504582.0,372701090.0,345343809.0,333520247.0,2264805032.0
2019,2331,28291303.0,25196020.0,2557730.0,14191.0,53061.0,-89263.0,23353228.0
2019,2332,16996048.0,12256516.0,5124288.0,-384756.0,-441741.0,-539571.0,15711010.0
2019,2337,34995411.0,25379917.0,6516617.0,3098877.0,3012901.0,3253755.0,60656778.0
2019,2338,3468682.0,2856280.0,605073.0,7329.0,311940.0,303600.0,5726370.0
2019,2340,5418004.0,3779675.0,898172.0,740157.0,604635.0,626570.0,10306144.0
2019,2342,1357621.0,1250656.0,216429.0,-109464.0,-396923.0,-367437.0,2741582.0
2019,2344,48771434.0,35857582.0,11658643.0,1255209.0,1477287.0,2772043.0,104804900.0
2019,2345,55401047.0,44402285.0,4958779.0,6039983.0,4949572.0,4739883.0,29521087.0
2019,2347,339994666.0,325273754.0,8741795.0,5979117.0,7219050.0,6041455.0,147689360.0
2019,2348,1733877.0,796894.0,359591.0,577392.0,578928.0,594276.0,4888744.0
2019,2349,7779123.0,7240537.0,1514609.0,-976023.0,-2571482.0,-2762867.0,20955390.0
2019,2351,8839367.0,7304437.0,783846.0,751084.0,550465.0,506973.0,10396570.0
2019,2352,169754115.0,146704246.0,16821782.0,6228087.0,4409644.0,3892619.0,136026493.0
2019,2353,234285354.0,209568568.0,21733522.0,3077814.0,2568374.0,1618270.0,156096564.0
2019,2354,99802129.0,89851743.0,4656094.0,5294292.0,7037114.0,13861641.0,164575817.0
2019,2355,17848498.0,16453990.0,1096366.0,298142.0,659972.0,475420.0,23104427.0
2019,2356,500952813.0,478121718.0,16427600.0,6403495.0,4836997.0,4584903.0,193092853.0
2019,2357,351330493.0,297842375.0,41871426.0,11616692.0,13015029.0,27533572.0,352004111.0
2019,2358,2057862.0,1921906.0,101825.0,34131.0,1173.0,-4883.0,2941948.0
2019,2359,3737064.0,2969100.0,734525.0,33439.0,360892.0,298009.0,6294104.0
2019,2360,13909634.0,7329023.0,4521231.0,2059459.0,1889476.0,1639671.0,25437072.0
2019,2362,21900662.0,16849737.0,4166762.0,884163.0,1073864.0,-1024918.0,100386735.0
2019,2363,222952.0,136063.0,442465.0,-355576.0,-224691.0,1437422.0,7778655.0
2019,2364,829029.0,602351.0,307555.0,-80877.0,-82200.0,-77562.0,1143664.0
2019,2365,1605479.0,1150387.0,401811.0,53281.0,154664.0,142352.0,3827686.0
2019,2367,22418326.0,17367356.0,2621741.0,2429229.0,1731087.0,1691727.0,25013210.0
2019,2368,18990719.0,16500104.0,1745030.0,669405.0,129726.0,113487.0,20908384.0
2019,2369,4719390.0,4783009.0,515949.0,-579568.0,-552131.0,-553699.0,8248534.0
2019,2371,35423015.0,33066078.0,8616318.0,-6265315.0,-9155461.0,-9149093.0,118991317.0
2019,2373,13605113.0,7569044.0,4727061.0,1370653.0,1501756.0,1051603.0,17109776.0
2019,2374,6591161.0,5712768.0,1303377.0,-424984.0,-379262.0,-622936.0,10151183.0
2019,2375,4547218.0,3405810.0,701131.0,440277.0,574011.0,388109.0,12335397.0
2019,2376,61781254.0,52190385.0,8143636.0,1447233.0,1907543.0,2117173.0,37711541.0
2019,2377,120491417.0,104629261.0,9909750.0,5952406.0,5587210.0,5290588.0,60348708.0
2019,2379,60744006.0,34160690.0,20252451.0,6330865.0,6790375.0,6130163.0,73431830.0
2019,2380,1633335.0,1264690.0,810004.0,-441359.0,-198294.0,-202598.0,2661206.0
2019,2382,1029611414.0,980444164.0,30176753.0,18990906.0,16314805.0,14703707.0,614626933.0
2019,2383,24865522.0,18765219.0,2020753.0,4079550.0,3245301.0,2832551.0,25704331.0
2019,2384,8845.0,326960.0,-542665.0,224550.0,1017814.0,1033957.0,8821910.0
2019,2385,92552325.0,76270837.0,10012023.0,6269465.0,6802752.0,5915809.0,71444257.0
2019,2387,12866741.0,11560523.0,1089334.0,216884.0,231653.0,-139328.0,15471726.0
2019,2388,5527213.0,3751507.0,2565571.0,-789865.0,89995.0,-88001.0,9266305.0
2019,2390,621283.0,504273.0,264926.0,-147916.0,-180605.0,-180525.0,2642907.0
2019,2392,97820336.0,87602570.0,7936076.0,2281690.0,1787336.0,891769.0,73296404.0
2019,2393,20966541.0,15838093.0,4293255.0,835193.0,851329.0,610606.0,28349072.0
2019,2395,54144662.0,33045300.0,11865860.0,9233502.0,7392855.0,7299580.0,47216079.0
2019,2397,7031784.0,5037612.0,1207421.0,786751.0,625260.0,616712.0,8429961.0
2019,2399,2279734.0,2024132.0,334194.0,-78592.0,45873.0,37680.0,3115160.0
2019,2401,5486660.0,3137755.0,2217365.0,131741.0,174752.0,72679.0,11489767.0
2019,2402,6148946.0,5420210.0,447941.0,280795.0,226792.0,27737.0,8489255.0
2019,2404,23920633.0,19569393.0,943942.0,3407298.0,2893881.0,3290136.0,23085336.0
2019,2405,3175090.0,2451464.0,713834.0,9792.0,7896.0,-18414.0,4409399.0
2019,2406,8468615.0,7483601.0,1039650.0,-54636.0,30685.0,-59677.0,14348098.0
2019,2408,51727458.0,35233371.0,6977267.0,9516820.0,9824599.0,9021931.0,165100652.0
2019,2409,268791694.0,268335751.0,20923891.0,-20467948.0,-21599416.0,-23011187.0,397637591.0
2019,2412,207520061.0,135952540.0,30794363.0,40645854.0,33763943.0,35206449.0,477458238.0
2019,2413,3636647.0,3138416.0,611856.0,-113625.0,-191387.0,-167708.0,4775059.0
2019,2414,18974025.0,17341351.0,1266026.0,366648.0,300652.0,291783.0,7045050.0
2019,2415,2189264.0,1665776.0,321563.0,176792.0,82425.0,24489.0,5002758.0
2019,2417,2947147.0,1461911.0,1472211.0,13025.0,39025.0,37743.0,4853871.0
2019,2419,10325500.0,8240735.0,1604213.0,480552.0,350343.0,319823.0,9915196.0
2019,2420,2669131.0,1658885.0,466951.0,543295.0,487940.0,470897.0,5876024.0
2019,2421,11659915.0,9081302.0,1791361.0,787252.0,680801.0,591267.0,9439298.0
2019,2423,2552976.0,1276689.0,940206.0,336081.0,311757.0,279284.0,3128633.0
2019,2424,22860.0,41452.0,91125.0,-109717.0,-109019.0,-111220.0,608028.0
2019,2425,4738182.0,4405546.0,200503.0,132133.0,128679.0,143652.0,2381615.0
2019,2426,2519855.0,2134783.0,388539.0,-28352.0,209390.0,194073.0,6231717.0
2019,2427,3039686.0,2115174.0,869431.0,55081.0,116096.0,117390.0,4518207.0
2019,2428,5814232.0,3473903.0,891428.0,1448901.0,1115265.0,942053.0,8750515.0
2019,2429,972295.0,905397.0,111695.0,-44797.0,-131519.0,-131645.0,847369.0
2019,2430,18916966.0,15911671.0,2645566.0,359729.0,211770.0,223892.0,13184720.0
2019,2431,2967216.0,2656543.0,333790.0,-23117.0,8872.0,16233.0,2209709.0
2019,2433,4324684.0,2946089.0,783570.0,595025.0,651097.0,373359.0,7999997.0
2019,2434,165229.0,326952.0,73135.0,-234858.0,-239481.0,-250675.0,654525.0
2019,2436,2322116.0,1746791.0,519148.0,56177.0,326122.0,336628.0,3803258.0
2019,2438,431354.0,323339.0,70891.0,37124.0,-55872.0,24306.0,994411.0
2019,2439,36397793.0,31357874.0,2804567.0,2235352.0,2531146.0,3457274.0,25795570.0
2019,2440,2766521.0,2595793.0,160118.0,10610.0,-36875.0,-124368.0,2341472.0
2019,2441,12030481.0,9231137.0,460124.0,2339220.0,1895899.0,1971318.0,19516211.0
2019,2442,4936941.0,4166399.0,763317.0,7225.0,358792.0,357497.0,13771998.0
2019,2443,690347.0,808999.0,203313.0,-327691.0,-278845.0,-90531.0,1327695.0
2019,2444,1575950.0,1410294.0,183598.0,-17942.0,-26620.0,-27565.0,1711809.0
2019,2449,25539437.0,18523521.0,2970902.0,4045014.0,3041484.0,3385069.0,55079149.0
2019,2450,28864873.0,25610301.0,2990045.0,255662.0,410011.0,425205.0,10069569.0
2019,2451,13496186.0,10408655.0,1306521.0,1781010.0,1728967.0,1696850.0,21200790.0
2019,2453,5910857.0,4666689.0,1143928.0,100240.0,124937.0,116623.0,4318189.0
2019,2454,246221731.0,143176223.0,80478056.0,22567452.0,23204310.0,53025333.0,458701794.0
2019,2455,2530909.0,1496637.0,385289.0,648983.0,514325.0,513859.0,4339589.0
2019,2456,15870564.0,12186851.0,2459281.0,1224432.0,1150010.0,575554.0,40237392.0
2019,2457,10694604.0,9168956.0,1604098.0,-78450.0,-38157.0,-176801.0,9532176.0
2019,2458,9487977.0,5074045.0,2335262.0,2081426.0,2464742.0,2494534.0,11246892.0
2019,2459,7569178.0,6326203.0,666289.0,576686.0,493517.0,308561.0,8474061.0
2019,2460,3443022.0,3138699.0,356687.0,-52364.0,-191576.0,-292045.0,5622152.0
2019,2461,5199022.0,4014862.0,1153142.0,31018.0,-158709.0,-276706.0,6786464.0
2019,2462,4709422.0,4191806.0,358048.0,159568.0,132724.0,85659.0,4735960.0
2019,2464,12507333.0,10181719.0,1445868.0,879357.0,681668.0,605145.0,11462998.0
2019,2465,3639860.0,3152822.0,473488.0,13550.0,-24621.0,-27562.0,1362860.0
2019,2466,2294655.0,2113907.0,269865.0,-89117.0,27532.0,131.0,4196377.0
2019,2467,4438288.0,3169988.0,954186.0,314114.0,338413.0,310763.0,6410611.0
2019,2468,2219941.0,2009471.0,165539.0,44931.0,45940.0,44222.0,1908139.0
2019,2471,722504.0,417250.0,218970.0,86284.0,80377.0,75047.0,1234382.0
2019,2472,7038472.0,5281331.0,900479.0,856662.0,589421.0,373703.0,10301488.0
2019,2474,91628115.0,69361220.0,8157747.0,14109148.0,11297820.0,6514726.0,243114273.0
2019,2476,4994778.0,3682957.0,870145.0,443542.0,380009.0,338677.0,7784081.0
2019,2477,3869031.0,2980979.0,548033.0,340019.0,417685.0,350236.0,6326630.0
2019,2478,4509466.0,3417211.0,540752.0,551503.0,392897.0,272894.0,7722661.0
2019,2480,5521432.0,4176360.0,824015.0,521057.0,446501.0,521925.0,5113720.0
2019,2481,9142650.0,7221040.0,1293200.0,628410.0,503012.0,293804.0,15422096.0
2019,2482,986727.0,576311.0,378530.0,31886.0,23849.0,22457.0,1176967.0
2019,2483,1788578.0,1427606.0,342716.0,18256.0,160185.0,147686.0,3729799.0
2019,2484,2298489.0,1836757.0,324701.0,137031.0,121346.0,95966.0,3932718.0
2019,2485,7779711.0,7270804.0,631023.0,-122116.0,-127716.0,-188547.0,8386983.0
2019,2486,3665270.0,3333008.0,542201.0,-209939.0,-185540.0,-248916.0,5845716.0
2019,2488,2537770.0,1937067.0,321253.0,279450.0,282743.0,253366.0,3074335.0
2019,2489,15220325.0,13116178.0,2212969.0,-108822.0,16737.0,-146248.0,17221452.0
2019,2491,322760.0,367052.0,117614.0,-161906.0,1075804.0,1075804.0,2011040.0
2019,2492,30134180.0,19780063.0,2660408.0,7693709.0,7081196.0,7153707.0,60151954.0
2019,2493,2482446.0,1828890.0,298612.0,354944.0,228519.0,212394.0,3368516.0
2019,2495,1378533.0,730160.0,634360.0,14013.0,202573.0,199938.0,5244852.0
2019,2496,881610.0,486638.0,309424.0,85548.0,76977.0,75205.0,1488503.0
2019,2497,2201953.0,1689995.0,466759.0,45199.0,629.0,7134.0,2866929.0
2019,2498,10014966.0,7986855.0,11878367.0,-9850256.0,-9413070.0,-10060484.0,52734827.0
2019,2501,11623928.0,8461339.0,1663302.0,1499287.0,1400358.0,1732251.0,53736130.0
2019,2504,19005069.0,17714598.0,926240.0,364231.0,1185961.0,1346979.0,37044993.0
2019,2505,1923024.0,1458300.0,338226.0,126498.0,56888.0,120146.0,18571792.0
2019,2506,834419.0,467152.0,427776.0,-60122.0,-49132.0,-16515.0,15957374.0
2019,2509,1730553.0,968068.0,277375.0,485110.0,441340.0,403050.0,8519099.0
2019,2511,12199437.0,9136983.0,2272358.0,790096.0,938750.0,1023173.0,54737503.0
2019,2514,9295613.0,8831441.0,357221.0,106951.0,887193.0,936525.0,18712505.0
2019,2515,12590753.0,11381823.0,696664.0,512266.0,307844.0,346474.0,43224174.0
2019,2516,7319137.0,7197602.0,162681.0,-41146.0,32906.0,48260.0,7670154.0
2019,2520,15326899.0,11298605.0,1829565.0,2198729.0,1546223.0,1547408.0,55824965.0
2019,2524,5990199.0,3398823.0,646444.0,1944932.0,1656570.0,1655840.0,36062603.0
2019,2527,6418024.0,4842100.0,693141.0,882783.0,725142.0,1821009.0,17987600.0
2019,2528,1361.0,344.0,146135.0,-145118.0,-94242.0,-94242.0,8797698.0
2019,2530,10170.0,1905.0,76216.0,-67951.0,-75294.0,-72291.0,5149729.0
2019,2534,5911680.0,3739805.0,651654.0,1520221.0,1337841.0,1326533.0,29810107.0
2019,2535,10760977.0,9543895.0,442121.0,774961.0,624457.0,615023.0,17076710.0
2019,2536,2885896.0,2125747.0,194083.0,566066.0,606414.0,615943.0,19805834.0
2019,2537,788704.0,727673.0,158444.0,-97413.0,-264298.0,-264177.0,8832785.0
2019,2538,173826.0,78203.0,198379.0,-102756.0,-291088.0,-317358.0,20106421.0
2019,2539,7431114.0,5294559.0,484848.0,1651707.0,1488505.0,1488505.0,13653210.0
2019,2540,2221028.0,1422781.0,374630.0,423617.0,202389.0,202389.0,12710149.0
2019,2542,23798201.0,17148864.0,3143345.0,3505992.0,3489017.0,3511020.0,147823545.0
2019,2543,5620826.0,5410366.0,173656.0,36804.0,20327.0,17027.0,7611530.0
2019,2545,3192577.0,2152477.0,661962.0,378138.0,14338.0,14637.0,40244315.0
2019,2546,11462442.0,10744281.0,247780.0,470381.0,402356.0,526274.0,8276848.0
2019,2547,6325345.0,3536227.0,2177771.0,611347.0,466337.0,470608.0,56070296.0
2019,2548,19819800.0,15046383.0,1007336.0,3766081.0,3142138.0,3123254.0,36171618.0
2019,2549,7490758.0,6827810.0,186779.0,476724.0,731830.0,748376.0,22997721.0
2019,2557,5722049.0,5702957.0,133868.0,-114776.0,-122459.0,-124223.0,3674245.0
2019,2568,1002223.0,632758.0,90975.0,278490.0,197572.0,160311.0,8699301.0
2019,2579,925309.0,817248.0,94988.0,13309.0,21467.0,21494.0,1053971.0
2019,2580,7342319.0,7033038.0,115725.0,193556.0,170429.0,182893.0,5197199.0
2019,2597,11637322.0,10204636.0,714530.0,718156.0,733133.0,528350.0,11129848.0
2019,2599,1114421.0,761389.0,100015.0,253017.0,256884.0,257783.0,2562740.0
2019,2601,8132005.0,2672165.0,4039156.0,1420684.0,1671279.0,1165189.0,38269765.0
2019,2603,190589281.0,176071661.0,10272698.0,4658270.0,-223013.0,-650805.0,306595638.0
2019,2605,4317241.0,3728291.0,225274.0,363676.0,160938.0,-294795.0,23302885.0
2019,2606,10067914.0,8173206.0,438981.0,1455727.0,1621695.0,2740514.0,62258977.0
2019,2607,7730682.0,6548435.0,264836.0,917411.0,845274.0,664563.0,35011802.0
2019,2608,11855676.0,9460946.0,686072.0,1708658.0,1406755.0,1384443.0,21520632.0
2019,2609,149181262.0,143106496.0,6614792.0,-1014685.0,-3997896.0,-3047515.0,191001839.0
2019,2610,168444160.0,151757232.0,14021107.0,2665821.0,-675002.0,-212244.0,293047979.0
2019,2611,902882.0,681289.0,210393.0,11200.0,-120155.0,-41269.0,4688229.0
2019,2612,3762725.0,2933577.0,369497.0,459651.0,323842.0,63523.0,19956619.0
2019,2613,2878819.0,2542630.0,150511.0,185678.0,35381.0,41800.0,11545940.0
2019,2614,3129360.0,2186703.0,965884.0,-23227.0,376595.0,315696.0,14905787.0
2019,2615,72951183.0,65721165.0,4378732.0,2851286.0,3587706.0,2881606.0,87604252.0
2019,2616,18012657.0,16532168.0,1306942.0,173547.0,347900.0,334781.0,8937736.0
2019,2617,3113990.0,2371269.0,138922.0,603799.0,601096.0,363720.0,15113750.0
2019,2618,181275258.0,158448123.0,13384408.0,9442727.0,4851875.0,6651978.0,356251694.0
2019,2619,18011631.0,14584105.0,1645767.0,1777750.0,1732946.0,2579156.0,27182302.0
2019,2621,9703438.0,8276993.0,1079475.0,346970.0,742065.0,660954.0,13302274.0
2019,2630,3913291.0,3531974.0,302564.0,78753.0,45011.0,34751.0,4545513.0
2019,2633,47507390.0,25762687.0,1232750.0,20511953.0,8007033.0,7967944.0,443059602.0
2019,2634,28540207.0,24729566.0,1365275.0,2445366.0,1874287.0,1852071.0,46087436.0
2019,2636,11258071.0,9243842.0,1717569.0,296660.0,241363.0,158677.0,6049120.0
2019,2637,13833457.0,10263910.0,161628.0,3407919.0,2198583.0,467593.0,86897661.0
2019,2642,3712520.0,3095591.0,412642.0,204287.0,161608.0,206721.0,3579285.0
2019,2701,348551.0,142814.0,30814.0,174923.0,399559.0,589663.0,9053897.0
2019,2702,1520242.0,232551.0,1068041.0,219650.0,-4692.0,-39343.0,7646425.0
2019,2704,2915703.0,1788188.0,937373.0,190142.0,382349.0,863784.0,12169694.0
2019,2705,2226820.0,1776555.0,792071.0,-341806.0,-546503.0,-545656.0,12007458.0
2019,2706,346735.0,88499.0,32623.0,225613.0,532032.0,611200.0,10828178.0
2019,2707,6535609.0,4346986.0,925520.0,1263103.0,1384865.0,1328030.0,11332199.0
2019,2711,600054.0,321283.0,114310.0,164461.0,76166.0,74473.0,1695287.0
2019,2712,425243.0,314584.0,126693.0,-16034.0,-15974.0,-15552.0,1490518.0
2019,2716,20545357.0,17323708.0,1166587.0,2055062.0,3244038.0,2700476.0,73499346.0
2019,2721,313625.0,343415.0,125584.0,-155374.0,-186097.0,-219440.0,2013933.0
2019,2722,753006.0,452580.0,269199.0,32838.0,36140.0,20392.0,2526843.0
2019,2723,23156921.0,9340368.0,12109046.0,1707507.0,934440.0,655165.0,22610788.0
2019,2727,16232208.0,9016439.0,6611656.0,604113.0,348985.0,262444.0,12784524.0
2019,2730,292616.0,155691.0,108533.0,28392.0,13885.0,12913.0,1219166.0
2019,2731,30160201.0,26944283.0,3083562.0,132356.0,241861.0,253641.0,8794286.0
2019,2733,781370.0,277125.0,499566.0,4679.0,7766.0,7176.0,999752.0
2019,2739,4478451.0,2693780.0,1457226.0,322615.0,123351.0,124112.0,15579736.0
2019,2741,811396.0,492260.0,286237.0,32899.0,153346.0,153346.0,1044263.0
2019,2748,2380624.0,1651086.0,457194.0,272344.0,183789.0,183789.0,4387051.0
2019,2750,388887.0,327578.0,89774.0,-28465.0,-55517.0,-55517.0,2326791.0
2019,2751,1020877.0,571600.0,471981.0,-23425.0,-25019.0,-25646.0,733360.0
2019,2753,4832700.0,2913430.0,1241174.0,678096.0,485323.0,477105.0,3298934.0
2019,2756,988153.0,541668.0,290700.0,155785.0,119117.0,117805.0,625150.0
2019,2801,,,,,11571782.0,,2135643203.0
2019,2807,,,,,2499860.0,,621671948.0
2019,2809,,,,,3399687.0,,282742908.0
2019,2812,,,,,4319883.0,,682688922.0
2019,2816,8081941.0,5351952.0,2043663.0,686326.0,702577.0,771870.0,17584619.0
2019,2820,,,,,1244653.0,,197539559.0
2019,2823,339115451.0,318713973.0,5810662.0,14590816.0,13597878.0,60159331.0,2000237920.0
2019,2832,5200892.0,3151377.0,1209664.0,839851.0,703129.0,1000851.0,18886915.0
2019,2833,302796784.0,283486676.0,5811145.0,13498963.0,13109087.0,42490192.0,1962867494.0
2019,2834,,,,,6734253.0,0.0,1746152814.0
2019,2836,,,,,774456.0,,270655904.0
2019,2837,,,,,3616661.0,,666288850.0
2019,2838,,,,,3371478.0,,695161187.0
2019,2841,393930.0,186712.0,929176.0,-721958.0,297880.0,898782.0,37637738.0
2019,2845,,,,,3632595.0,,654887550.0
2019,2848,7549247.0,5210433.0,1586394.0,752420.0,650981.0,1016899.0,19937175.0
2019,2849,,,,,2081804.0,,306071408.0
2019,2850,15531150.0,10420159.0,3241421.0,1869570.0,1562053.0,1919738.0,35546394.0
2019,2851,16092924.0,14230716.0,354972.0,1507236.0,1104125.0,1362237.0,39162023.0
2019,2852,6049197.0,4045100.0,1339907.0,664190.0,580968.0,989921.0,15856814.0
2019,2855,7142397.0,,5080595.0,2061802.0,2373835.0,2249539.0,95754400.0
2019,2856,6020254.0,,4689648.0,1330606.0,1542266.0,2157840.0,104360346.0
2019,2858,25641249.0,8778881.0,7928297.0,9289838.0,7978224.0,7768913.0,253660927.0
2019,2863,5981433.0,4052104.0,1291048.0,638281.0,536693.0,707912.0,18878768.0
2019,2867,179488232.0,169411922.0,4807540.0,5268770.0,5423446.0,14108454.0,1259908262.0
2019,2872,,,,,370638.0,,58108666.0
2019,2873,,,,,445579.0,,67672576.0
2019,2874,,,,,589212.0,,79704167.0
2019,2876,33938457.0,33596394.0,727095.0,-385032.0,-402425.0,4502023.0,301025968.0
2019,2877,20711844.0,14124902.0,4097295.0,2489647.0,2106286.0,2726713.0,43008052.0
2019,2880,,,26202751.0,,15955368.0,20834424.0,2731828227.0
2019,2881,,,63022482.0,,59572887.0,171843411.0,8547701633.0
2019,2882,,,89050434.0,,63859304.0,253241213.0,10065479341.0
2019,2883,,,26526342.0,,19653821.0,70253481.0,3027288004.0
2019,2884,,,29854264.0,,20120510.0,20259268.0,2498358191.0
2019,2885,,,38270636.0,,22141583.0,24476621.0,2414319106.0
2019,2886,,,30898437.0,,28954800.0,32937225.0,3683547780.0
2019,2887,,,24752722.0,,14485931.0,15505878.0,2030941331.0
2019,2888,,,27009030.0,,16630294.0,46881200.0,3981133819.0
2019,2889,,,3154593.0,,3008250.0,4773475.0,286476796.0
2019,2890,,,21236952.0,,12476989.0,13712757.0,1833120705.0
2019,2891,,,68130130.0,,42882276.0,76346719.0,6219434536.0
2019,2892,,,23901112.0,,19368751.0,26767992.0,3206767075.0
2019,2893,,,,,5523437.0,,939841614.0
2019,2894,,,,,466470.0,,61007296.0
2019,2895,,,,,2319786.0,,525382145.0
2019,2897,,,,,2026601.0,,560700016.0
2019,2899,5742716.0,1381352.0,1359025.0,3002339.0,2202268.0,2200398.0,46748975.0
2019,2901,137649.0,16298.0,88376.0,32975.0,32717.0,33049.0,995546.0
2019,2903,37896062.0,18253449.0,15103962.0,4538651.0,2152269.0,3389919.0,130511105.0
2019,2904,505225.0,271658.0,68823.0,164744.0,134901.0,133063.0,1425064.0
2019,2905,229285364.0,,13252436.0,,6931995.0,15747329.0,1283599952.0
2019,2906,7224546.0,5448969.0,1514390.0,261187.0,183518.0,238864.0,9114713.0
2019,2908,38060813.0,27751671.0,9452520.0,856622.0,111500.0,-77647.0,35675950.0
2019,2910,650176.0,323950.0,218954.0,107272.0,111785.0,122963.0,6293695.0
2019,2911,5049750.0,2892893.0,2611014.0,-454157.0,-410561.0,-441194.0,5504382.0
2019,2912,256058888.0,168210468.0,74798526.0,13049894.0,12112109.0,11752417.0,195128634.0
2019,2913,298998.0,178150.0,289874.0,-169026.0,-145955.0,-151153.0,24595734.0
2019,2915,3486392.0,2590311.0,962849.0,-66768.0,9186640.0,55073962.0,118615621.0
2019,2920,700159.0,267371.0,414820.0,17968.0,24372.0,18887.0,1975941.0
2019,2923,5737206.0,2885466.0,772084.0,-649231.0,8213641.0,6216361.0,123547400.0
2019,2929,7169864.0,4366958.0,1248450.0,1554456.0,1134819.0,921177.0,8078636.0
2019,2936,11737383.0,8374047.0,3360756.0,2580.0,-72226.0,-110678.0,6123382.0
2019,2938,761333.0,267885.0,372086.0,121362.0,84151.0,84151.0,1483973.0
2019,2939,2244500.0,1622112.0,328413.0,291698.0,238381.0,231887.0,1783900.0
2019,2940,906073.0,505811.0,390760.0,8695.0,16197.0,18626.0,961499.0
2019,2941,189269.0,87109.0,121897.0,-19737.0,-19983.0,-20904.0,148798.0
2019,2942,1390890.0,640915.0,399985.0,349990.0,235849.0,235849.0,6379702.0
2019,2945,12103210.0,9162129.0,2879604.0,61477.0,42121.0,42121.0,5012019.0
2019,2947,1400648.0,858470.0,422878.0,119300.0,84761.0,84761.0,1688590.0
2019,2948,1021804.0,676658.0,272232.0,72914.0,40252.0,36227.0,653503.0
2019,3002,684216.0,483549.0,181973.0,18694.0,61202.0,47713.0,1927573.0
2019,3003,3502493.0,2393320.0,531094.0,578079.0,428887.0,295919.0,6484834.0
2019,3004,2816190.0,1967670.0,375049.0,473471.0,350824.0,330899.0,4982548.0
2019,3005,26952910.0,19311825.0,4717588.0,2975816.0,2369928.0,1984190.0,30607595.0
2019,3006,11983479.0,10181271.0,1227265.0,574943.0,505611.0,497723.0,10480320.0
2019,3008,60745008.0,18823588.0,5441283.0,36499337.0,28263082.0,27914826.0,153821598.0
2019,3010,54681829.0,50497138.0,2610256.0,1574435.0,1559081.0,1248206.0,34410874.0
2019,3011,1349993.0,1223493.0,230965.0,-104465.0,-87984.0,-102314.0,1772397.0
2019,3013,6028702.0,5463795.0,379094.0,185813.0,157008.0,115214.0,4936953.0
2019,3014,3664910.0,1739018.0,1260098.0,665794.0,538066.0,592275.0,5358917.0
2019,3015,14259326.0,12734941.0,1556532.0,-31559.0,144124.0,1112110.0,15748367.0
2019,3016,3854729.0,3609323.0,239007.0,6399.0,10478.0,9057.0,6022219.0
2019,3017,36534445.0,32220146.0,3055003.0,1259296.0,973093.0,569516.0,35558727.0
2019,3018,1064833.0,1133557.0,236842.0,-305566.0,-245582.0,-245116.0,1516077.0
2019,3019,18117631.0,14548065.0,2188155.0,1381411.0,1348324.0,868083.0,19790818.0
2019,3021,2510517.0,1934607.0,394369.0,181541.0,136420.0,90945.0,2431928.0
2019,3022,5606591.0,3630571.0,1321235.0,654897.0,674503.0,499883.0,9474834.0
2019,3023,17886170.0,13296502.0,2696910.0,1892758.0,1677851.0,1541654.0,17184967.0
2019,3024,1350219.0,1025694.0,315430.0,9095.0,48570.0,59150.0,3767987.0
2019,3025,544995.0,257063.0,231811.0,56121.0,49353.0,48788.0,1015677.0
2019,3026,14601179.0,11550634.0,2188107.0,862438.0,661728.0,666346.0,14144892.0
2019,3027,623090.0,409231.0,249700.0,-35784.0,-17171.0,-15488.0,2158842.0
2019,3028,26992869.0,25509080.0,1098220.0,385569.0,230581.0,402856.0,14227100.0
2019,3029,8915170.0,8019012.0,496369.0,399789.0,349155.0,375883.0,5225352.0
2019,3030,4386806.0,1897217.0,1293075.0,1196514.0,938698.0,907962.0,6569035.0
2019,3031,1763659.0,1339117.0,284811.0,139731.0,233879.0,316061.0,3533587.0
2019,3032,7689600.0,6463410.0,909370.0,316820.0,357457.0,231980.0,8237224.0
2019,3033,48224086.0,45448798.0,2022531.0,752757.0,260394.0,167816.0,23383450.0
2019,3034,64372306.0,43757919.0,10756966.0,9857421.0,7927409.0,8115712.0,46875234.0
2019,3035,5306351.0,2506809.0,2401242.0,398300.0,336245.0,495743.0,7702028.0
2019,3036,335187151.0,324386746.0,5547175.0,5253230.0,2531247.0,1963055.0,101367236.0
2019,3037,82535553.0,71221975.0,7811480.0,3493162.0,3275961.0,2726331.0,110201731.0
2019,3038,4107559.0,3306539.0,487364.0,314590.0,257047.0,267867.0,3636866.0
2019,3040,201462.0,78131.0,39483.0,83848.0,85934.0,71550.0,1459956.0
2019,3041,2011515.0,1261870.0,1197792.0,-448147.0,-317817.0,-351402.0,3986780.0
2019,3042,8430970.0,6423879.0,1374953.0,632138.0,671782.0,564851.0,13368770.0
2019,3043,1209349.0,941265.0,183352.0,84732.0,76039.0,78320.0,1230218.0
2019,3044,54450944.0,43184960.0,4392803.0,6770584.0,6037320.0,4821247.0,71605032.0
2019,3045,124420913.0,91612178.0,16115167.0,17193335.0,13291867.0,13779040.0,153919959.0
2019,3046,1724976.0,1262444.0,570349.0,-107817.0,-165264.0,-171992.0,1406112.0
2019,3047,5488422.0,4032176.0,1278151.0,178095.0,153940.0,115771.0,6515154.0
2019,3048,96876837.0,94043025.0,1656820.0,1176992.0,368219.0,287294.0,18981772.0
2019,3049,4403816.0,2741916.0,400960.0,1260940.0,984518.0,985960.0,17041935.0
2019,3050,1020063.0,596249.0,220775.0,203039.0,121074.0,137037.0,5450637.0
2019,3051,2514724.0,2025816.0,343222.0,145686.0,-169313.0,-174716.0,8966545.0
2019,3052,5623832.0,5233282.0,150984.0,239566.0,177286.0,166253.0,8144203.0
2019,3054,129782.0,127258.0,83720.0,-81196.0,2782.0,-59018.0,1133998.0
2019,3055,2910805.0,2364355.0,592976.0,-30029.0,13858.0,-35735.0,4924046.0
2019,3056,3742423.0,3004836.0,249344.0,488243.0,471367.0,471367.0,14205153.0
2019,3057,1245515.0,866818.0,658949.0,-281816.0,-326970.0,-356142.0,1898524.0
2019,3058,4522339.0,3911297.0,676589.0,-65547.0,-15624.0,-72789.0,4949807.0
2019,3059,6189352.0,5174937.0,1171085.0,-156670.0,-3853.0,-318121.0,14085434.0
2019,3060,5404679.0,5263378.0,634665.0,-493364.0,-471889.0,-545518.0,5433900.0
2019,3062,5707963.0,5242760.0,431047.0,34156.0,51352.0,10744.0,7970968.0
2019,3090,8820029.0,7364175.0,665828.0,790026.0,615754.0,730685.0,7311899.0
2019,3092,3102961.0,2330312.0,393825.0,361112.0,300124.0,250174.0,3540887.0
2019,3094,242531.0,81482.0,150863.0,10186.0,41433.0,28303.0,1234889.0
2019,3097,3140455.0,2283364.0,843581.0,13510.0,-3065.0,-11334.0,2130157.0
2019,3117,488578.0,608164.0,88737.0,-208323.0,-224632.0,-224912.0,832471.0
2019,3130,1636383.0,164205.0,1150535.0,321643.0,287266.0,280830.0,2584987.0
2019,3138,919722.0,535954.0,336335.0,47433.0,58409.0,57847.0,1306298.0
2019,3149,2866074.0,2883233.0,196757.0,-213916.0,-60369.0,-126453.0,3884616.0
2019,3150,258659.0,144141.0,102423.0,12095.0,14212.0,14360.0,310155.0
2019,3157,13124547.0,10074756.0,4861935.0,-1812144.0,-2686311.0,-2690085.0,42773212.0
2019,3158,579357.0,202284.0,300446.0,76627.0,67292.0,63385.0,619904.0
2019,3164,346244.0,116543.0,152078.0,77623.0,57235.0,23858.0,1571157.0
2019,3167,1942637.0,1390768.0,342219.0,209650.0,176434.0,119815.0,4017160.0
2019,3168,2711425.0,2179666.0,274602.0,256003.0,208749.0,202046.0,1781968.0
2019,3184,265388.0,149791.0,158056.0,-42459.0,-52248.0,-53282.0,543577.0
2019,3189,22327410.0,19566671.0,4410964.0,-1650225.0,-1947268.0,-2055339.0,41703345.0
2019,3197,25.0,2.0,9005.0,-8982.0,10108.0,9183.0,1086999.0
2019,3209,39572068.0,38044568.0,971477.0,556023.0,297420.0,273400.0,11057878.0
2019,3229,563837.0,501692.0,197804.0,-135659.0,-161643.0,-163167.0,886974.0
2019,3231,878255078.0,836096528.0,28858705.0,13299845.0,9726243.0,9979615.0,344176335.0
2019,3257,687633.0,395286.0,227668.0,64679.0,93109.0,81168.0,1630049.0
2019,3266,1969081.0,1443550.0,297171.0,228360.0,238158.0,206500.0,11114413.0
2019,3280,2264233.0,2111455.0,267527.0,-114749.0,-84397.0,-127211.0,2714602.0
2019,3296,2813327.0,2310313.0,417771.0,85243.0,26037.0,-21842.0,2194390.0
2019,3305,5224806.0,4581443.0,433177.0,210186.0,171751.0,107775.0,6362079.0
2019,3308,603756.0,585093.0,116605.0,-97942.0,-93953.0,-106180.0,1679655.0
2019,3311,2295774.0,1948940.0,432497.0,-85663.0,-30495.0,-36686.0,3345399.0
2019,3312,12704736.0,12106748.0,380589.0,217399.0,154917.0,137911.0,4740473.0
2019,3321,2279609.0,2285712.0,340877.0,-346980.0,-393298.0,-411746.0,2742989.0
2019,3338,4669367.0,3571602.0,655152.0,442613.0,292582.0,261949.0,4332329.0
2019,3342,62756.0,52575.0,28033.0,-9765.0,-19420.0,-19420.0,311529.0
2019,3346,4132884.0,3464133.0,618914.0,49837.0,13023.0,-64466.0,4952409.0
2019,3349,528240.0,429505.0,136984.0,-38249.0,-29896.0,-28482.0,518735.0
2019,3356,1381125.0,832182.0,502239.0,46704.0,22812.0,14906.0,2827158.0
2019,3369,598441.0,471879.0,106452.0,20110.0,5539.0,-3174.0,627711.0
2019,3376,11818610.0,9029644.0,860940.0,1928026.0,1297956.0,1182967.0,19527327.0
2019,3380,15825808.0,13211807.0,2381896.0,232105.0,238903.0,116144.0,25000368.0
2019,3383,744469.0,834615.0,144802.0,-234948.0,-231123.0,-238135.0,3333717.0
2019,3386,177945.0,125533.0,47089.0,5323.0,6105.0,5891.0,344776.0
2019,3391,312265.0,191154.0,113016.0,8095.0,6278.0,5097.0,445629.0
2019,3405,333642.0,253018.0,73793.0,6831.0,7245.0,-8132.0,599343.0
2019,3406,12045811.0,6390884.0,2278211.0,3376716.0,2523239.0,2287841.0,21037225.0
2019,3413,7305825.0,5620971.0,801053.0,883801.0,647266.0,584830.0,8266148.0
2019,3416,1665595.0,1049472.0,343195.0,271920.0,241211.0,250192.0,2485328.0
2019,3419,1576277.0,1315116.0,374139.0,-110372.0,-74650.0,-92833.0,2313215.0
2019,3429,3059088.0,2804791.0,201203.0,53094.0,22204.0,18914.0,1529964.0
2019,3430,1321456.0,1064745.0,155547.0,101164.0,75716.0,72610.0,1259343.0
2019,3432,53254.0,34904.0,38109.0,-19759.0,45350.0,21944.0,1996501.0
2019,3437,4037141.0,3681050.0,527152.0,-171061.0,-207225.0,-217306.0,4365451.0
2019,3443,10710068.0,7180057.0,2832782.0,697229.0,633467.0,617095.0,8340715.0
2019,3447,2311063.0,2011368.0,238699.0,60996.0,179600.0,174133.0,1965339.0
2019,3450,5750790.0,4466514.0,563135.0,721141.0,565619.0,495876.0,7877234.0
2019,3454,6573617.0,4534169.0,1735908.0,303540.0,241874.0,232021.0,4627860.0
2019,3462,753492.0,582865.0,186972.0,-11177.0,-31001.0,-44296.0,995082.0
2019,3463,3467063.0,3036607.0,386199.0,44257.0,24390.0,-3828.0,2631511.0
2019,3472,108797.0,57939.0,80221.0,-29363.0,61078.0,63440.0,241223.0
2019,3481,251971209.0,248957129.0,22947976.0,-19933896.0,-17440272.0,-20149601.0,369764346.0
2019,3485,269963.0,189467.0,47180.0,33316.0,38784.0,35154.0,1097423.0
2019,3494,985758.0,939925.0,498746.0,-452913.0,-409427.0,-391673.0,3549057.0
2019,3501,4861898.0,3618480.0,629532.0,613886.0,531634.0,382760.0,7732421.0
2019,3504,4819901.0,3790730.0,1037523.0,-8352.0,5360.0,-61323.0,6184185.0
2019,3507,369094.0,272857.0,74315.0,21922.0,17916.0,17851.0,768162.0
2019,3509,666552.0,564659.0,88047.0,26491.0,22275.0,22927.0,2120570.0
2019,3510,368598.0,225676.0,90873.0,52049.0,39723.0,38797.0,521062.0
2019,3515,13415090.0,10975757.0,1672521.0,766812.0,650059.0,554643.0,10266172.0
2019,3518,546881.0,461069.0,190348.0,-104536.0,-197485.0,-244424.0,2101137.0
2019,3525,880837.0,807770.0,57227.0,15840.0,19046.0,19880.0,364466.0
2019,3528,4118541.0,3579567.0,317919.0,221055.0,181794.0,170041.0,3260718.0
2019,3530,2294110.0,1836579.0,301480.0,156051.0,156010.0,154217.0,2436552.0
2019,3532,11636040.0,8378985.0,637692.0,2619363.0,2125798.0,2112294.0,22816114.0
2019,3533,15088872.0,9620962.0,2717286.0,2750624.0,2144468.0,1806550.0,16280192.0
2019,3535,1765856.0,1246531.0,383139.0,136186.0,116473.0,115653.0,2191238.0
2019,3536,1124798.0,1171496.0,186895.0,-233593.0,-395502.0,-415458.0,1442830.0
2019,3539,203296.0,172306.0,39817.0,-8827.0,433.0,539.0,420704.0
2019,3543,2967577.0,2462384.0,421312.0,83881.0,96005.0,-55562.0,5567870.0
2019,3545,9160261.0,7167061.0,2333856.0,-340656.0,-205680.0,-347351.0,11602969.0
2019,3550,3529149.0,2871027.0,564747.0,93375.0,51106.0,-64403.0,3902643.0
2019,3554,101433.0,11939.0,87001.0,2493.0,612.0,784.0,246269.0
2019,3557,1690231.0,1049687.0,494323.0,146221.0,217451.0,229529.0,4732533.0
2019,3563,2543441.0,904519.0,568425.0,1070497.0,866869.0,863067.0,3043991.0
2019,3572,137772.0,79661.0,85676.0,-27565.0,-22146.0,-22884.0,395286.0
2019,3576,18139112.0,19121643.0,2470935.0,-5221950.0,-5769189.0,-4949117.0,47226484.0
2019,3583,3949351.0,2565226.0,996568.0,387557.0,322699.0,315440.0,3628198.0
2019,3585,569670.0,518124.0,93335.0,-40200.0,-45195.0,-49950.0,1660119.0
2019,3588,1048390.0,684132.0,335906.0,28352.0,23377.0,22208.0,1535071.0
2019,3591,2259604.0,1863247.0,453657.0,-57300.0,-277723.0,-345084.0,3455201.0
2019,3592,13931466.0,10518132.0,2620238.0,793096.0,672284.0,670531.0,8562663.0
2019,3593,516522.0,548972.0,108485.0,-140935.0,-176940.0,-185784.0,1059333.0
2019,3595,551864.0,439328.0,79145.0,33391.0,29049.0,25492.0,405379.0
2019,3596,32897900.0,28545525.0,2624863.0,1727512.0,1356986.0,1303283.0,25530985.0
2019,3601,369631.0,339945.0,129553.0,-99867.0,-164134.0,-159029.0,479617.0
2019,3603,182798.0,136293.0,49997.0,-3492.0,8979.0,3456.0,330608.0
2019,3605,7311836.0,5639431.0,1403917.0,268488.0,302717.0,184086.0,9325544.0
2019,3607,4313919.0,4368005.0,710770.0,-747369.0,-591401.0,-892103.0,4969169.0
2019,3617,9345048.0,5555271.0,3122952.0,666825.0,506053.0,464612.0,10364196.0
2019,3622,913081.0,770994.0,206234.0,-64147.0,135925.0,506574.0,5183531.0
2019,3627,700116.0,566215.0,117935.0,15966.0,15628.0,15335.0,1150713.0
2019,3633,3995046.0,3587871.0,191241.0,215934.0,178351.0,161898.0,2876690.0
2019,3645,1760484.0,1310523.0,299531.0,150430.0,92168.0,90470.0,4789408.0
2019,3648,575104.0,400009.0,77026.0,98069.0,74188.0,72210.0,933781.0
2019,3653,5488520.0,3825403.0,700654.0,962463.0,780539.0,743614.0,7365086.0
2019,3656,653709.0,667051.0,167259.0,-180601.0,-238017.0,-237425.0,1197674.0
2019,3659,1616373.0,1281041.0,221510.0,113822.0,80710.0,76224.0,1407097.0
2019,3661,4331956.0,2720914.0,1178164.0,432878.0,433512.0,384873.0,5225066.0
2019,3665,23092145.0,17466558.0,3215562.0,2410025.0,1837640.0,1512018.0,24013108.0
2019,3669,2141375.0,1102019.0,972623.0,66733.0,73304.0,72288.0,3066275.0
2019,3673,136606695.0,131866816.0,4615752.0,124127.0,302739.0,-566572.0,85493117.0
2019,3674,168947.0,112229.0,82625.0,-25907.0,-20457.0,-21593.0,172196.0
2019,3678,199223.0,159236.0,36724.0,3263.0,141.0,141.0,461646.0
2019,3679,3957144.0,3078431.0,499710.0,379003.0,337622.0,199644.0,7780921.0
2019,3682,14246066.0,13675272.0,5740446.0,-5169652.0,-5161873.0,-5158026.0,45750957.0
2019,3683,2003703.0,1766292.0,241662.0,-4251.0,-11744.0,-25229.0,2228041.0
2019,3686,125500.0,225959.0,50661.0,-151120.0,-198689.0,-198689.0,1266724.0
2019,3688,703882.0,391716.0,161909.0,150257.0,176323.0,174480.0,2687236.0
2019,3694,7678552.0,6917140.0,825665.0,-64253.0,-114386.0,-146097.0,4965877.0
2019,3701,7116028.0,5969939.0,1080651.0,65438.0,102695.0,-70613.0,6776271.0
2019,3702,527601353.0,505173257.0,12715532.0,9712564.0,6505959.0,3697137.0,230346820.0
2019,3703,22665087.0,19932532.0,1407612.0,1324943.0,152060.0,-299974.0,63548031.0
2019,3704,24026346.0,18935820.0,4914716.0,175810.0,101978.0,-31659.0,15485824.0
2019,3705,8191531.0,4383759.0,2915868.0,891904.0,754011.0,739617.0,12359454.0
2019,3706,35831960.0,30642236.0,4688764.0,500960.0,2773789.0,3017989.0,55410382.0
2019,3708,6153144.0,5010959.0,872653.0,269532.0,853777.0,751865.0,9683933.0
2019,3711,413182184.0,348871391.0,40784389.0,23526404.0,18053124.0,13799699.0,556654283.0
2019,3712,8840159.0,8226631.0,1146824.0,-533296.0,-197033.0,216542.0,18207918.0
2019,4104,6457362.0,5218965.0,772016.0,464039.0,622274.0,646189.0,13764984.0
2019,4106,2036232.0,1182415.0,725054.0,128763.0,88804.0,73616.0,3020406.0
2019,4108,95485.0,31906.0,268831.0,-235843.0,-204766.0,-196383.0,1881950.0
2019,4115,841882.0,702452.0,109842.0,29588.0,13719.0,6217.0,1353703.0
2019,4117,239651.0,112813.0,161373.0,-34535.0,-39046.0,-37667.0,281304.0
2019,4118,26355.0,3806.0,15137.0,7412.0,5441.0,5471.0,86883.0
2019,4119,2355747.0,1419977.0,238649.0,697121.0,571101.0,598247.0,4081477.0
2019,4132,83293.0,38426.0,315325.0,-270458.0,-285124.0,-285225.0,977342.0
2019,4133,414158.0,228808.0,182706.0,2644.0,3263.0,1503.0,1263989.0
2019,4136,1013923.0,728257.0,340970.0,-55304.0,-63138.0,-77558.0,1001133.0
2019,4137,5138879.0,818411.0,2531394.0,1789074.0,1432163.0,1222158.0,8153963.0
2019,4141,8353053.0,5326400.0,2932487.0,94166.0,-452364.0,-711070.0,16697576.0
2019,4142,1299689.0,1132100.0,466568.0,-298979.0,-314592.0,-350263.0,6570299.0
2019,4148,1767699.0,1374387.0,320081.0,73231.0,38678.0,28513.0,2639511.0
2019,4150,1236274.0,1012664.0,379476.0,-155866.0,-180733.0,-179841.0,2384968.0
2019,4151,1234030.0,1016185.0,310384.0,-92539.0,-122382.0,-135342.0,1813319.0
2019,4155,1241252.0,945127.0,187074.0,110997.0,112683.0,91068.0,2220492.0
2019,4164,2950052.0,2144050.0,276431.0,529571.0,390431.0,366200.0,11205325.0
2019,4166,353539.0,339851.0,219055.0,-205367.0,-201027.0,-199604.0,1563550.0
2019,4169,568631.0,295331.0,259609.0,13691.0,6513.0,6327.0,764957.0
2019,4170,26541.0,23716.0,85551.0,-82573.0,-99936.0,-100272.0,389003.0
2019,4172,84891.0,50824.0,109015.0,-74948.0,-87893.0,-87947.0,596710.0
2019,4184,775718.0,629573.0,111649.0,34496.0,10972.0,11056.0,1062620.0
2019,4186,205802.0,94239.0,266260.0,-154697.0,-174667.0,-174535.0,655069.0
2019,4189,260252.0,125994.0,103437.0,30821.0,20942.0,20942.0,352130.0
2019,4190,3252265.0,760502.0,1799723.0,692040.0,470466.0,406625.0,6469930.0
2019,4191,34577.0,28599.0,453164.0,-447186.0,-545676.0,-520031.0,1431193.0
2019,4194,204155.0,101158.0,290311.0,-187314.0,-190601.0,-190894.0,655736.0
2019,4195,427652.0,273317.0,145844.0,8491.0,75211.0,74629.0,914303.0
2019,4197,151990.0,114554.0,67760.0,-30324.0,-31755.0,-31755.0,480761.0
2019,4306,16177441.0,14293020.0,1676461.0,207960.0,-564376.0,-177249.0,33280197.0
2019,4414,16917563.0,14437464.0,2800287.0,-320188.0,-1043633.0,-1182737.0,23034100.0
2019,4426,2300674.0,1558898.0,250672.0,491104.0,364046.0,339876.0,5018231.0
2019,4427,5713281.0,5696303.0,337846.0,-320868.0,-416761.0,-439217.0,7713391.0
2019,4431,398421.0,337530.0,55463.0,5445.0,7895.0,8625.0,406873.0
2019,4438,16259317.0,13714136.0,1162827.0,1382354.0,1097607.0,945735.0,11655255.0
2019,4439,7358438.0,6082217.0,724263.0,551958.0,388128.0,308692.0,4030006.0
2019,4440,1450282.0,1230533.0,54741.0,165008.0,129585.0,129520.0,1902850.0
2019,4526,11000093.0,8524115.0,2205337.0,270641.0,89620.0,28258.0,16921852.0
2019,4532,20132944.0,17393058.0,1873938.0,865948.0,646849.0,249549.0,26685663.0
2019,4536,7224899.0,4831137.0,1185990.0,1207772.0,861174.0,697190.0,9860675.0
2019,4537,3104455.0,2381783.0,651043.0,71629.0,82075.0,60065.0,3705856.0
2019,4539,638293.0,647522.0,126231.0,-135460.0,-174773.0,-174773.0,4462102.0
2019,4540,2107866.0,1723859.0,418339.0,-34332.0,-61507.0,-61580.0,5551375.0
2019,4544,1579288.0,1173663.0,258816.0,146809.0,129531.0,110524.0,1921676.0
2019,4545,1797291.0,1399042.0,350469.0,47780.0,14160.0,10198.0,2952540.0
2019,4546,1968935.0,1447998.0,190137.0,330800.0,250232.0,251479.0,3804078.0
2019,4548,497682.0,378962.0,94523.0,24197.0,13098.0,14042.0,889953.0
2019,4551,5014098.0,3633723.0,482241.0,898134.0,622427.0,468824.0,8889185.0
2019,4552,5426209.0,4322491.0,552919.0,550799.0,373480.0,185744.0,6794452.0
2019,4553,610179.0,557410.0,80467.0,-27698.0,-25451.0,-25451.0,1104027.0
2019,4555,1367070.0,921250.0,385608.0,60212.0,54682.0,-19700.0,3897786.0
2019,4557,1627538.0,1108295.0,297660.0,221583.0,193985.0,149685.0,2143703.0
2019,4558,1249924.0,1163184.0,60623.0,26117.0,19355.0,22039.0,1410690.0
2019,4559,1103904.0,847980.0,260347.0,-4423.0,-11098.0,-32997.0,1792714.0
2019,4560,1654088.0,1017823.0,331175.0,305090.0,291393.0,221056.0,2379313.0
2019,4562,984653.0,667267.0,344250.0,-26801.0,-62038.0,-67987.0,3049136.0
2019,4564,2691153.0,1808354.0,226965.0,655834.0,489737.0,489352.0,8038168.0
2019,4565,1377170.0,986253.0,137030.0,253887.0,190058.0,161265.0,2063909.0
2019,4566,3825970.0,3000073.0,620245.0,205652.0,218426.0,177643.0,4908144.0
2019,4571,1585863.0,1071789.0,283988.0,230086.0,220831.0,165486.0,2215984.0
2019,4572,814961.0,425587.0,103310.0,286064.0,221524.0,221524.0,2338123.0
2019,4573,527913.0,368389.0,243503.0,-83979.0,-96631.0,-109402.0,1954622.0
2019,4575,920238.0,662012.0,285689.0,-27463.0,41788.0,34305.0,2759041.0
2019,4576,2041358.0,1391820.0,630116.0,19422.0,40049.0,51590.0,5410282.0
2019,4577,1175825.0,750997.0,377872.0,46956.0,50403.0,27518.0,1917742.0
2019,4578,756257.0,541657.0,198331.0,16269.0,12374.0,13288.0,1175221.0
2019,4581,1035899.0,768598.0,156293.0,111008.0,93071.0,71545.0,1148351.0
2019,4582,1202369.0,958765.0,144786.0,67338.0,72818.0,72764.0,1525437.0
2019,4583,2930932.0,1452371.0,509104.0,969457.0,734868.0,734868.0,8228428.0
2019,4720,3232843.0,2598209.0,587419.0,47264.0,48433.0,5736.0,2925025.0
2019,4722,4292615.0,3568450.0,390294.0,333871.0,256708.0,235805.0,3284282.0
2019,4724,160950.0,67916.0,150448.0,-57414.0,-59899.0,-59899.0,693070.0
2019,4730,1520201.0,1238802.0,228040.0,53359.0,24343.0,16535.0,1419712.0
2019,4732,307465.0,134711.0,139872.0,32882.0,39697.0,38523.0,606641.0
2019,4737,2172923.0,1224505.0,792147.0,156271.0,106711.0,100883.0,4404240.0
2019,4738,258547.0,185941.0,71383.0,1223.0,988.0,-9325.0,378759.0
2019,4739,6369520.0,5879580.0,249322.0,240618.0,153067.0,137421.0,6968856.0
2019,4746,2759591.0,1934327.0,800826.0,24438.0,-41062.0,-51024.0,9608401.0
2019,4755,3936381.0,3249525.0,348220.0,338636.0,324475.0,269059.0,4225595.0
2019,4763,2174990.0,1501761.0,282085.0,391144.0,331257.0,266785.0,2586274.0
2019,4764,3496960.0,2819768.0,433792.0,243400.0,197418.0,138350.0,4038379.0
2019,4765,774263.0,500523.0,125963.0,147777.0,120578.0,120578.0,1053400.0
2019,4766,17113546.0,12396017.0,3035500.0,1682029.0,1315224.0,833002.0,18398251.0
2019,4768,509946.0,366770.0,106650.0,36526.0,21520.0,20337.0,735725.0
2019,4770,2585329.0,1602063.0,351189.0,632077.0,494538.0,454873.0,4101629.0
2019,4807,1809297.0,1583125.0,330170.0,-103998.0,-118370.0,-40161.0,1960998.0
2019,4904,83865872.0,57109348.0,14831046.0,11925478.0,8807743.0,8792896.0,134162936.0
2019,4906,18057131.0,16284640.0,1720992.0,51499.0,209973.0,-265385.0,14699736.0
2019,4912,5042657.0,4011648.0,637126.0,393883.0,262339.0,192825.0,6226007.0
2019,4915,80649608.0,71218592.0,6668389.0,2762627.0,2262919.0,1718257.0,53145954.0
2019,4916,7794299.0,6023870.0,1803018.0,-32589.0,121017.0,53715.0,8233238.0
2019,4919,10367269.0,6239380.0,3543568.0,584321.0,558459.0,533073.0,11156229.0
2019,4923,648194.0,518846.0,113061.0,16287.0,13290.0,13290.0,573005.0
2019,4925,821812.0,299453.0,574654.0,-52295.0,19475.0,18799.0,1643874.0
2019,4927,10387249.0,8417242.0,1129218.0,840789.0,830650.0,1261538.0,11808892.0
2019,4930,11067863.0,9249049.0,1550073.0,268741.0,321003.0,176906.0,13334366.0
2019,4934,2328813.0,2448428.0,209949.0,-329564.0,-484003.0,-539651.0,4170216.0
2019,4935,5286248.0,4368503.0,586849.0,330896.0,344564.0,214372.0,9828558.0
2019,4938,1366287326.0,1321181968.0,28199092.0,16906266.0,18284108.0,14261046.0,570519793.0
2019,4942,7622723.0,5883747.0,826124.0,912852.0,648384.0,454537.0,9803217.0
2019,4943,5124518.0,3472594.0,1102393.0,549531.0,391668.0,217923.0,10255225.0
2019,4949,2280002.0,1762036.0,448174.0,69792.0,62056.0,56436.0,1305484.0
2019,4951,321624.0,102548.0,167844.0,51232.0,42976.0,41994.0,635948.0
2019,4952,2634421.0,1750819.0,660627.0,222975.0,223584.0,205169.0,2712932.0
2019,4956,1191440.0,1072021.0,243716.0,-126131.0,-126879.0,-127511.0,2679910.0
2019,4958,120067508.0,92845499.0,12421201.0,14800808.0,12401617.0,9089113.0,139881335.0
2019,4960,14896250.0,14326772.0,1019644.0,-450166.0,-760446.0,-1127786.0,14213507.0
2019,4961,9166293.0,7340561.0,1472391.0,353341.0,308456.0,289807.0,5921421.0
2019,4967,6905321.0,6534672.0,348316.0,22333.0,7732.0,6488.0,2485422.0
2019,4968,2749555.0,1764877.0,741444.0,243234.0,190737.0,189955.0,2383293.0
2019,4976,1241395.0,1199780.0,160796.0,-119181.0,-92998.0,-93156.0,2317744.0
2019,4977,2534015.0,1926984.0,266740.0,324359.0,248304.0,180716.0,2960640.0
2019,4980,486644.0,317923.0,274789.0,-106068.0,-63906.0,-64113.0,801664.0
2019,4981,296146.0,228317.0,54827.0,13002.0,7336.0,7336.0,340910.0
2019,4985,1174723.0,903957.0,190323.0,80443.0,339348.0,302489.0,2059876.0
2019,4989,2984117.0,2805701.0,125771.0,52645.0,34113.0,19397.0,2550129.0
2019,4994,3711839.0,1850419.0,1244782.0,616638.0,495834.0,489512.0,2195245.0
2019,4999,2247357.0,1613988.0,325587.0,307782.0,207093.0,160115.0,3852289.0
2019,5007,6549045.0,5142275.0,413664.0,993106.0,833548.0,816608.0,7848306.0
2019,5203,1454646.0,187971.0,1008098.0,258577.0,379945.0,332763.0,5494711.0
2019,5215,2103934.0,1504555.0,255421.0,344509.0,233237.0,205617.0,2625438.0
2019,5216,217557.0,162193.0,73067.0,-17703.0,-18992.0,-19936.0,244600.0
2019,5219,186576.0,153975.0,41344.0,-8743.0,-10118.0,-9822.0,301344.0
2019,5222,569727.0,258746.0,128986.0,181995.0,140816.0,137807.0,862199.0
2019,5225,10530374.0,9039923.0,1132566.0,357885.0,308155.0,243673.0,5305483.0
2019,5228,428903.0,352134.0,94589.0,-17820.0,-22066.0,-22479.0,1202603.0
2019,5233,209206.0,232333.0,133332.0,-156459.0,-143465.0,-104462.0,3435144.0
2019,5234,4530841.0,2957915.0,820488.0,752438.0,650421.0,650419.0,4078404.0
2019,5240,537923.0,308754.0,281906.0,-52737.0,-57554.0,-52787.0,499439.0
2019,5243,10102252.0,8440721.0,1008069.0,653462.0,499593.0,328484.0,8958450.0
2019,5244,746097.0,428532.0,182965.0,134600.0,127216.0,102658.0,1281913.0
2019,5246,507210.0,342104.0,169439.0,-4333.0,-3530.0,-5527.0,489440.0
2019,5248,410894.0,320342.0,49572.0,40980.0,34555.0,34555.0,605021.0
2019,5254,580856.0,423096.0,129946.0,27814.0,25683.0,23447.0,640699.0
2019,5258,3576588.0,2599809.0,986288.0,-9509.0,44685.0,31910.0,3483048.0
2019,5260,42121.0,38757.0,52334.0,-48970.0,-50413.0,-50488.0,91889.0
2019,5262,1259701.0,1172926.0,156389.0,-69614.0,29107.0,31461.0,656324.0
2019,5267,390300.0,283016.0,44356.0,62928.0,50894.0,49768.0,764957.0
2019,5268,2973797.0,2827963.0,110923.0,34911.0,6700.0,6700.0,2666022.0
2019,5269,3746124.0,1881155.0,695778.0,1169191.0,965207.0,973624.0,3451089.0
2019,5271,721620.0,495668.0,203573.0,22379.0,5332.0,416.0,892930.0
2019,5277,607650.0,522749.0,133106.0,-48205.0,-55888.0,-55822.0,1103467.0
2019,5283,5786439.0,3693626.0,1147152.0,946242.0,774334.0,775725.0,5520771.0
2019,5284,1437581.0,991453.0,310478.0,135650.0,90678.0,182509.0,3319676.0
2019,5285,4458146.0,3749499.0,443817.0,264830.0,218215.0,168003.0,5055290.0
2019,5286,523930.0,218334.0,253404.0,52192.0,44051.0,45100.0,362971.0
2019,5288,5235312.0,4311324.0,275581.0,648420.0,625397.0,513361.0,4738768.0
2019,5292,1058949.0,874177.0,109146.0,75626.0,67106.0,63679.0,1296630.0
2019,5295,393387.0,462410.0,69633.0,-138656.0,-154227.0,-153069.0,534601.0
2019,5297,301094.0,167755.0,121708.0,11631.0,14057.0,14128.0,394818.0
2019,5298,280437.0,217292.0,152297.0,-89152.0,-75043.0,-81707.0,1018416.0
2019,5305,11107856.0,8613206.0,2154547.0,341553.0,935967.0,476012.0,21483534.0
2019,5346,35984274.0,32934090.0,5512696.0,-1988180.0,-4368295.0,-4960017.0,86541644.0
2019,5387,500046.0,439376.0,166276.0,-105606.0,25814.0,19651.0,349357.0
2019,5388,31797130.0,26718092.0,4092136.0,986902.0,1034567.0,924612.0,26177080.0
2019,5434,31700516.0,27781703.0,2073742.0,1845363.0,1716953.0,1908909.0,19639504.0
2019,5469,43142275.0,35429235.0,4176256.0,3536784.0,3231997.0,6643008.0,70517445.0
2019,5471,3234503.0,1945279.0,927017.0,362207.0,341522.0,396991.0,3636826.0
2019,5484,285642.0,237545.0,177420.0,-129323.0,-101270.0,-99292.0,743685.0
2019,5515,6331757.0,5781552.0,377048.0,173157.0,179564.0,234946.0,8543429.0
2019,5519,4394621.0,3594936.0,263686.0,535999.0,489267.0,489503.0,8600116.0
2019,5521,4282904.0,4110115.0,165845.0,6944.0,-20759.0,59381.0,9517304.0
2019,5522,20672958.0,14739339.0,1748292.0,4197427.0,3139332.0,3064346.0,86951215.0
2019,5525,2588275.0,1829105.0,330665.0,428505.0,392438.0,393375.0,12249650.0
2019,5531,7803579.0,4862801.0,1390353.0,1550425.0,703369.0,459506.0,33801884.0
2019,5533,1631542.0,1152499.0,308782.0,170261.0,94338.0,95027.0,14983091.0
2019,5534,9617999.0,5909860.0,543753.0,3163333.0,3172103.0,3165782.0,30354573.0
2019,5538,8807059.0,7585139.0,567621.0,654299.0,467504.0,331890.0,7329398.0
2019,5541,91663.0,78473.0,26017.0,-12827.0,-10496.0,-10413.0,806791.0
2019,5546,6122936.0,5218643.0,249098.0,655195.0,463081.0,378259.0,5209464.0
2019,5547,571588.0,482834.0,57471.0,31283.0,27404.0,29031.0,724861.0
2019,5607,2273598.0,879628.0,402770.0,991200.0,710708.0,734388.0,13404031.0
2019,5608,3804396.0,3435074.0,235126.0,134196.0,-473227.0,-650549.0,24362087.0
2019,5706,2974759.0,2555323.0,242368.0,186626.0,200740.0,172678.0,2498528.0
2019,5827,,,,,270819.0,,142182032.0
2019,5828,40934355.0,26708919.0,9038408.0,5187028.0,4299797.0,8503118.0,108977777.0
2019,5830,,,,,748626.0,,169865083.0
2019,5831,436105042.0,413225905.0,15824493.0,7054644.0,9246735.0,38364546.0,2978252737.0
2019,5833,,,,,490547.0,0.0,32361516.0
2019,5834,5508352.0,4083815.0,1195537.0,229000.0,181466.0,352638.0,17413155.0
2019,5835,,,,,22486414.0,,2973496354.0
2019,5836,,,,,20637284.0,,3029830992.0
2019,5838,,,,,15169050.0,0.0,2658869512.0
2019,5839,3399832.0,0.0,1493121.0,1906711.0,2244313.0,2309151.0,45498190.0
2019,5840,,,,,2221606.0,,225838619.0
2019,5841,,,,,30901705.0,,4227170770.0
2019,5842,,,,,2625352.0,,260601239.0
2019,5843,,,,,24644876.0,,3334292932.0
2019,5844,,,,,19034771.0,,3116961713.0
2019,5846,928939094.0,859448121.0,30691802.0,38799171.0,38293071.0,222300511.0,7085623506.0
2019,5847,,,,,19659364.0,,2481010580.0
2019,5848,,,,,11818503.0,,1931947031.0
2019,5849,,,,,10290987.0,,1695816123.0
2019,5850,,,,,1198760.0,,260733769.0
2019,5852,,,,,10046230.0,,1339682024.0
2019,5854,,,,,16004907.0,,3505833366.0
2019,5857,,,,,10148462.0,,3002545150.0
2019,5858,,,,,11157686.0,,5124569162.0
2019,5859,97613998.0,92475025.0,2312290.0,2826683.0,2016379.0,9291999.0,511585309.0
2019,5862,,,,,891449.0,0.0,255702104.0
2019,5863,,,,,209448.0,,92589496.0
2019,5865,805799054.0,757495898.0,20360882.0,27942274.0,27610904.0,136883378.0,4857321889.0
2019,5866,710926.0,,693651.0,17275.0,160258.0,139938.0,17892110.0
2019,5867,724084.0,,648475.0,75609.0,93338.0,113323.0,5035764.0
2019,5868,,,23026174.0,,8804209.0,27432978.0,5509305367.0
2019,5870,,,,,12559333.0,,808959046.0
2019,5871,59132232.0,23488052.0,15336907.0,20761677.0,16097559.0,14914300.0,497337859.0
2019,5872,,,,,3844763.0,0.0,723885335.0
2019,5873,139670973.0,133429516.0,4137283.0,2104174.0,2505021.0,17765869.0,1176415916.0
2019,5874,624718880.0,564390217.0,22175942.0,38152721.0,33860500.0,202864314.0,4851922998.0
2019,5875,,,,,389288.0,0.0,420622782.0
2019,5876,,,,,19724479.0,,2075556734.0
2019,5880,,,25786246.0,,17612416.0,23953155.0,3739488557.0
2019,5901,2577763.0,911165.0,1248305.0,418293.0,300819.0,301487.0,13299535.0
2019,5906,1911238.0,806584.0,1039523.0,64777.0,-24472.0,-15311.0,1303936.0
2019,5907,6642331.0,1756194.0,3599460.0,1286677.0,603637.0,231775.0,26218733.0
2019,6005,7796951.0,,5803705.0,1993246.0,2829234.0,3776447.0,133170413.0
2019,6008,18972468.0,,16522797.0,2449671.0,6073549.0,10631133.0,335112462.0
2019,6024,1919015.0,,1741353.0,177662.0,599676.0,579900.0,41160910.0
2019,6025,62112253.0,63732900.0,938487.0,-2559134.0,-2239815.0,677874.0,406792571.0
2019,6027,161883.0,,202776.0,-40893.0,-31172.0,54760.0,1935920.0
2019,6028,2338756.0,1976241.0,252660.0,109855.0,86086.0,86086.0,951912.0
2019,6108,7917468.0,6783394.0,761789.0,372285.0,354752.0,229706.0,9600458.0
2019,6112,12306999.0,11056110.0,783600.0,467289.0,414831.0,414831.0,7873279.0
2019,6115,6540704.0,5307349.0,542649.0,690706.0,573536.0,475384.0,8042675.0
2019,6116,16337046.0,14467715.0,1735725.0,133511.0,781079.0,775862.0,47903368.0
2019,6117,2061734.0,1683013.0,518237.0,-139516.0,-159456.0,-188138.0,2746342.0
2019,6120,15851885.0,15071649.0,1197663.0,-417427.0,-190141.0,-517608.0,19896247.0
2019,6128,6294771.0,4059800.0,1765736.0,469235.0,352096.0,282916.0,6981935.0
2019,6131,-5741.0,5725.0,38427.0,-49893.0,-60865.0,-60040.0,128870.0
2019,6133,1145115.0,925076.0,223446.0,-3407.0,22143.0,-31474.0,1854787.0
2019,6136,852656.0,726084.0,156378.0,-29806.0,80146.0,156113.0,2740012.0
2019,6139,16591857.0,15499450.0,752537.0,339870.0,681997.0,430333.0,28035252.0
2019,6141,3046243.0,2520908.0,306553.0,218782.0,545557.0,436045.0,3921264.0
2019,6142,3393006.0,3167173.0,607264.0,-381431.0,-339135.0,-365682.0,4749935.0
2019,6152,4535742.0,3876068.0,676164.0,-16490.0,12868.0,-26802.0,3621350.0
2019,6153,17028640.0,14444200.0,1843614.0,740826.0,411057.0,427560.0,31226696.0
2019,6155,649900.0,486587.0,115229.0,48084.0,80341.0,111049.0,2159905.0
2019,6164,909011.0,674251.0,307201.0,-72441.0,-59524.0,-94361.0,1823284.0
2019,6165,2265.0,2074.0,27314.0,-27123.0,-27007.0,-28914.0,422628.0
2019,6166,10497070.0,6208198.0,3521605.0,767190.0,443747.0,395339.0,8429522.0
2019,6168,2163869.0,1759938.0,358511.0,45420.0,14621.0,55250.0,3591436.0
2019,6172,539620.0,531266.0,11499.0,-3145.0,9514.0,9514.0,675415.0
2019,6176,56120587.0,45959383.0,3069344.0,7296680.0,5869843.0,4893584.0,50538855.0
2019,6177,6627484.0,4854416.0,646326.0,1126742.0,908733.0,893441.0,22615347.0
2019,6183,1725468.0,1063529.0,309567.0,350709.0,293282.0,287643.0,2884234.0
2019,6184,2007085.0,1037933.0,354287.0,614865.0,502312.0,482645.0,8003245.0
2019,6189,22824272.0,21019423.0,969707.0,835142.0,539482.0,526359.0,10023537.0
2019,6191,21845651.0,18757254.0,2035071.0,1053326.0,854404.0,1814046.0,30636014.0
2019,6192,6257649.0,4450489.0,896563.0,910597.0,717635.0,655567.0,7802171.0
2019,6196,24182681.0,21615702.0,1747641.0,819338.0,669120.0,630265.0,19652878.0
2019,6197,3609423.0,2773961.0,617504.0,217958.0,262517.0,245398.0,4284758.0
2019,6201,3235177.0,2556961.0,400844.0,277372.0,239549.0,216764.0,3212765.0
2019,6202,4584105.0,2348390.0,1266731.0,986738.0,922313.0,923546.0,5373668.0
2019,6205,1176905.0,831026.0,258916.0,86963.0,112323.0,186938.0,2257313.0
2019,6206,5330472.0,3461216.0,959279.0,909977.0,722285.0,711226.0,5749792.0
2019,6209,3391609.0,3194166.0,404756.0,-207313.0,-110169.0,-199228.0,4383284.0
2019,6213,23791315.0,19011743.0,1676043.0,3103529.0,2463300.0,2084796.0,23480348.0
2019,6214,22051023.0,16501731.0,4942275.0,607017.0,1811303.0,1563729.0,21586554.0
2019,6215,1542260.0,1160313.0,329739.0,52208.0,48494.0,63618.0,2139052.0
2019,6216,921333.0,464279.0,275739.0,181315.0,151577.0,150536.0,1708363.0
2019,6224,1655491.0,840145.0,408886.0,406460.0,368067.0,336699.0,2971380.0
2019,6225,12330.0,10218.0,15534.0,-13422.0,-8722.0,-8722.0,17267.0
2019,6226,1023540.0,711448.0,333177.0,-21085.0,144794.0,124178.0,2178162.0
2019,6230,8586172.0,6727977.0,884414.0,973781.0,701534.0,626576.0,7266975.0
2019,6235,2187850.0,2031771.0,594695.0,-438616.0,-504037.0,-538873.0,3871137.0
2019,6239,66525144.0,53848249.0,3964655.0,8712240.0,6879292.0,6522019.0,107145981.0
2019,6243,559933.0,438581.0,182987.0,-61635.0,-65253.0,-65005.0,866708.0
2019,6251,13717231.0,11958171.0,1233303.0,525757.0,155306.0,-19379.0,13518928.0
2019,6257,10046619.0,7007157.0,967458.0,2072004.0,1563561.0,1634742.0,24753063.0
2019,6269,26033230.0,20088225.0,2147892.0,3797113.0,3153203.0,2933858.0,34453687.0
2019,6271,7430654.0,5830910.0,687867.0,911877.0,741956.0,720186.0,12422791.0
2019,6272,2414790.0,1936587.0,528033.0,-48761.0,-27599.0,-74768.0,2509579.0
2019,6277,5032719.0,1994258.0,2262127.0,776334.0,726620.0,704688.0,6655965.0
2019,6278,37906373.0,33176648.0,2138804.0,2590921.0,2029578.0,1535842.0,33166414.0
2019,6281,17525668.0,14248983.0,2716685.0,560000.0,440581.0,441850.0,7626920.0
2019,6282,20583559.0,17617915.0,2878432.0,87212.0,1643040.0,1578861.0,22398175.0
2019,6283,1228691.0,982362.0,219145.0,27184.0,26668.0,-19697.0,2535634.0
2019,6285,62239582.0,55149651.0,5494632.0,1595299.0,1461173.0,1485220.0,34436727.0
2019,6288,4301775.0,3460591.0,585797.0,255387.0,206267.0,162230.0,4915293.0
2019,6289,114295.0,240746.0,42774.0,-169225.0,-122674.0,-126779.0,308274.0
2019,6403,94828.0,78661.0,43077.0,-26910.0,-26142.0,-27313.0,251687.0
2019,6405,597237.0,484961.0,115061.0,-2785.0,403.0,403.0,2513086.0
2019,6407,4463330.0,3550572.0,419360.0,493398.0,306020.0,268604.0,5100401.0
2019,6409,12936382.0,9151380.0,1227899.0,2557103.0,2131032.0,1972035.0,10340272.0
2019,6412,34415370.0,28780982.0,3434219.0,2200169.0,1717890.0,1558891.0,21773024.0
2019,6414,81506216.0,62753571.0,15375298.0,3377347.0,3026308.0,1988701.0,89018760.0
2019,6415,10777781.0,5662486.0,2799118.0,2333169.0,2325882.0,1859449.0,16638947.0
2019,6416,4431795.0,3517394.0,486218.0,428183.0,327400.0,306031.0,4170288.0
2019,6423,133462.0,1271.0,107304.0,24887.0,19929.0,19682.0,287599.0
2019,6426,617017.0,293890.0,198068.0,125059.0,93678.0,91830.0,1613102.0
2019,6428,76716.0,44697.0,59018.0,-26999.0,-25398.0,-25398.0,178377.0
2019,6431,425251.0,413289.0,55558.0,-43596.0,-27547.0,-46318.0,555404.0
2019,6434,1545548.0,1389628.0,77228.0,78692.0,42587.0,42521.0,4960986.0
2019,6438,2967728.0,2211761.0,698926.0,57041.0,67813.0,35973.0,3588995.0
2019,6442,2424158.0,2076513.0,367130.0,-19485.0,-19278.0,-64442.0,2989082.0
2019,6443,4440874.0,4221641.0,315661.0,-96424.0,-200415.0,-199882.0,7851182.0
2019,6449,2002841.0,1540718.0,254072.0,208051.0,139071.0,71380.0,3654113.0
2019,6451,5744804.0,4358305.0,763201.0,623298.0,629285.0,279147.0,11448836.0
2019,6452,5087793.0,3009513.0,742029.0,1336251.0,904277.0,658978.0,10363263.0
2019,6456,119723967.0,109112920.0,7903952.0,2707095.0,3385400.0,2406416.0,75695604.0
2019,6464,3086340.0,1687610.0,570827.0,827903.0,697294.0,755160.0,19904817.0
2019,6468,822135.0,687817.0,134184.0,134.0,-11628.0,-13153.0,746220.0
2019,6473,141368.0,106990.0,86488.0,-52110.0,-65833.0,-71347.0,113543.0
2019,6474,3252966.0,2735889.0,395595.0,121482.0,111956.0,102295.0,2376107.0
2019,6475,157699.0,214151.0,72165.0,-151730.0,-135355.0,-136407.0,204782.0
2019,6477,1565568.0,1203556.0,90784.0,271228.0,208704.0,175750.0,4472709.0
2019,6479,30439.0,37154.0,84567.0,-91282.0,-86130.0,-86141.0,298867.0
2019,6483,0.0,0.0,38939.0,-38939.0,-37651.0,-37651.0,93861.0
2019,6484,15059.0,17546.0,48148.0,-50635.0,-51816.0,-51392.0,88446.0
2019,6491,3355133.0,1862103.0,900916.0,592114.0,475492.0,470935.0,5309705.0
2019,6493,266574.0,169701.0,72920.0,24465.0,37990.0,37769.0,469866.0
2019,6495,876583.0,753632.0,363220.0,-240269.0,-274170.0,-318558.0,2270475.0
2019,6498,391178.0,304243.0,59767.0,27168.0,22842.0,15640.0,502485.0
2019,6504,6546829.0,5309526.0,516814.0,720489.0,526005.0,402562.0,9537085.0
2019,6505,646022809.0,598303798.0,10933355.0,36785656.0,36748173.0,38062873.0,398031793.0
2019,6515,2804335.0,1562545.0,553416.0,688374.0,557038.0,546618.0,2316445.0
2019,6517,416145.0,326321.0,86842.0,2982.0,6110.0,919.0,376428.0
2019,6518,763766.0,687628.0,33311.0,42827.0,31379.0,27823.0,1106933.0
2019,6525,3463053.0,2378558.0,289549.0,794946.0,664986.0,581377.0,4709771.0
2019,6531,3462645.0,2937901.0,604117.0,-79373.0,-395065.0,-396416.0,3177025.0
2019,6533,494851.0,820.0,475452.0,18579.0,16023.0,15004.0,1389912.0
2019,6534,840680.0,143559.0,439288.0,257833.0,190465.0,185971.0,2791191.0
2019,6536,103059.0,33058.0,75949.0,-5948.0,-8577.0,-7096.0,120776.0
2019,6539,1930451.0,953258.0,814086.0,163107.0,99327.0,94561.0,1978062.0
2019,6541,0.0,0.0,2328156.0,-2328156.0,-2274226.0,-2299633.0,3572993.0
2019,6543,675711.0,523064.0,103182.0,49465.0,36443.0,31020.0,679013.0
2019,6545,126069.0,90298.0,70422.0,-34651.0,-34090.0,-34090.0,160659.0
2019,6546,2185541.0,1904904.0,151970.0,128667.0,90117.0,85615.0,1727952.0
2019,6549,61720.0,20285.0,48123.0,-6688.0,-5083.0,-5083.0,159870.0
2019,6550,,,795220.0,-795220.0,-829758.0,-918756.0,4106217.0
2019,6552,3017155.0,2144212.0,228922.0,644021.0,524347.0,572558.0,3805521.0
2019,6555,568344.0,504813.0,166513.0,-102982.0,-87144.0,-122184.0,3242263.0
2019,6558,2006728.0,1540438.0,254672.0,211618.0,161663.0,129827.0,2469732.0
2019,6559,91302.0,78730.0,54015.0,-41443.0,-40921.0,-41330.0,314233.0
2019,6562,479559.0,371820.0,345914.0,-238175.0,-255406.0,-252846.0,2692058.0
2019,6563,133818.0,107840.0,84716.0,-58738.0,-59841.0,-60400.0,214002.0
2019,6564,1944.0,1175.0,72635.0,-71866.0,-56645.0,-56645.0,329376.0
2019,6565,140908.0,67989.0,109021.0,-36102.0,-32489.0,-31889.0,214590.0
2019,6566,75134.0,136403.0,143773.0,-205042.0,-289739.0,-289966.0,316271.0
2019,6572,71179.0,51294.0,196283.0,-176398.0,-184989.0,-193455.0,937903.0
2019,6573,1757464.0,1637605.0,278447.0,-158588.0,-131622.0,-183394.0,3212334.0
2019,6575,,,223652.0,-223652.0,-223475.0,-223546.0,325801.0
2019,6579,6148380.0,4084458.0,1343963.0,719959.0,668245.0,645551.0,9677943.0
2019,6580,3156.0,1653.0,224749.0,-223246.0,-220828.0,-221016.0,489337.0
2019,6581,1650701.0,916669.0,212460.0,521572.0,398825.0,399682.0,4537883.0
2019,6582,3271203.0,2348610.0,297803.0,624790.0,525375.0,611488.0,4120492.0
2019,6583,198816.0,141301.0,40227.0,17288.0,14096.0,13741.0,358110.0
2019,6584,1726886.0,1471112.0,252847.0,2927.0,40410.0,41036.0,3317242.0
2019,6585,2106291.0,1706130.0,336504.0,63657.0,42211.0,35252.0,4188422.0
2019,6586,297.0,119.0,369341.0,-369163.0,-358372.0,-360188.0,2425196.0
2019,6587,133556.0,67224.0,35498.0,30834.0,16960.0,5175.0,405496.0
2019,6591,1184812.0,870881.0,176664.0,137267.0,89248.0,55893.0,1761676.0
2019,6592,12116446.0,3957378.0,5148536.0,3010532.0,2375748.0,2310191.0,133345675.0
2019,6595,10547.0,1262.0,39267.0,-29982.0,-26912.0,-32028.0,433704.0
2019,6597,406577.0,339546.0,52078.0,14953.0,10370.0,10370.0,587916.0
2019,6598,104694.0,51725.0,328042.0,-275073.0,-280073.0,-299689.0,719007.0
2019,6599,800114.0,585291.0,179506.0,35317.0,25778.0,21964.0,697060.0
2019,6605,15589958.0,11627088.0,2744218.0,1218652.0,614051.0,570259.0,32454311.0
2019,6606,732485.0,474631.0,173389.0,84465.0,73994.0,124814.0,2611195.0
2019,6610,9664.0,7307.0,116297.0,-113940.0,-111524.0,-111524.0,429102.0
2019,6611,54198.0,54141.0,61716.0,-61659.0,-69507.0,-69507.0,58175.0
2019,6614,2365617.0,1916245.0,307304.0,142068.0,129928.0,132438.0,2016147.0
2019,6617,248.0,14.0,129057.0,-128823.0,-115319.0,-120509.0,774719.0
2019,6618,78244.0,90046.0,110759.0,-122561.0,-128424.0,-130304.0,429438.0
2019,6620,84070.0,15356.0,273654.0,-204940.0,-177739.0,-182780.0,876461.0
2019,6621,154276.0,80526.0,101552.0,-27802.0,-25045.0,-31984.0,456142.0
2019,6622,203182.0,140971.0,51836.0,10375.0,27240.0,23514.0,894123.0
2019,6623,78614.0,41007.0,50783.0,-13176.0,-6177.0,-6810.0,212877.0
2019,6625,1217045.0,1028006.0,183166.0,5873.0,5788.0,-574.0,1139795.0
2019,6626,1052574.0,553885.0,592199.0,-93510.0,-121975.0,-129769.0,883141.0
2019,6633,13860.0,9384.0,121133.0,-116657.0,-115334.0,-115611.0,142855.0
2019,6634,,,76842.0,-76842.0,-76225.0,-76225.0,420778.0
2019,6635,1140012.0,918635.0,140974.0,80403.0,60787.0,62500.0,926159.0
2019,6637,505276.0,277566.0,100963.0,126747.0,99794.0,97557.0,602885.0
2019,6638,7660870.0,5824109.0,809532.0,1027229.0,732124.0,643606.0,4674551.0
2019,6639,207347.0,146507.0,39328.0,21512.0,10093.0,7922.0,632491.0
2019,6641,1992051.0,1220958.0,530561.0,240532.0,227154.0,182067.0,1869081.0
2019,6645,270560.0,218924.0,91992.0,-40356.0,-31873.0,-31873.0,503649.0
2019,6647,7966587.0,1923667.0,3302334.0,2935424.0,2317024.0,2322617.0,86493951.0
2019,6648,298801.0,233230.0,44983.0,20588.0,17261.0,16718.0,862453.0
2019,6650,107933.0,30950.0,51221.0,21142.0,16225.0,16225.0,247183.0
2019,6652,,,113989.0,-113989.0,-107255.0,-115952.0,392403.0
2019,6655,2575521.0,1318711.0,943832.0,312978.0,155910.0,164516.0,5594489.0
2019,6657,6251.0,2382.0,157107.0,-153238.0,-149773.0,-149773.0,813607.0
2019,6658,927182.0,668088.0,202928.0,56166.0,34945.0,29037.0,1339594.0
2019,6659,770037.0,569709.0,350655.0,-150327.0,-176147.0,-196532.0,2514462.0
2019,6660,559952.0,401775.0,98732.0,58858.0,9865.0,7832.0,924957.0
2019,6663,22457.0,37371.0,76792.0,-91706.0,-93201.0,-94367.0,241689.0
2019,6665,1964615.0,1269258.0,316813.0,378544.0,286220.0,271011.0,1838539.0
2019,6666,1445695.0,465906.0,452553.0,527236.0,497740.0,452257.0,2195479.0
2019,6668,1392749.0,854857.0,374787.0,163105.0,120162.0,98995.0,3578930.0
2019,6669,163600423.0,152251871.0,3188474.0,8160078.0,6169254.0,6048460.0,48147226.0
2019,6670,17200853.0,12796704.0,1618346.0,2785803.0,2265689.0,2101952.0,11820742.0
2019,6671,1895403.0,1196188.0,493469.0,205746.0,187793.0,159687.0,2208817.0
2019,6672,5453285.0,3919081.0,912365.0,621839.0,471742.0,390032.0,4218226.0
2019,6673,150749.0,164627.0,60795.0,-74673.0,-92140.0,-92177.0,512045.0
2019,6674,2832098.0,2452704.0,378631.0,763.0,10514.0,10017.0,2632528.0
2019,6676,234480.0,139228.0,309292.0,-214040.0,-226295.0,-226295.0,1617987.0
2019,6677,877931.0,558657.0,274032.0,45242.0,21778.0,21778.0,1909826.0
2019,6682,552067.0,657572.0,144789.0,-276632.0,-291763.0,-295699.0,1249314.0
2019,6688,257465.0,185997.0,64489.0,6979.0,3330.0,3330.0,413895.0
2019,6689,6763923.0,6210674.0,396632.0,156617.0,137393.0,118577.0,3286675.0
2019,6691,5172442.0,4255541.0,209139.0,707762.0,530397.0,509550.0,4801467.0
2019,6692,1765265.0,1458399.0,157224.0,149642.0,111821.0,111821.0,1202743.0
2019,6693,750593.0,595585.0,141590.0,13418.0,13407.0,13673.0,651659.0
2019,6694,12749.0,101102.0,64603.0,-152956.0,-159026.0,-159026.0,1051895.0
2019,6695,886890.0,561890.0,400339.0,-75339.0,-79931.0,-77860.0,690957.0
2019,6696,,,238221.0,-238221.0,-235256.0,-235859.0,248722.0
2019,6698,854165.0,472825.0,143689.0,237651.0,220600.0,205334.0,1807746.0
2019,6699,82449.0,50233.0,100182.0,-68035.0,-61662.0,-62791.0,250051.0
2019,6704,176675.0,55892.0,204011.0,-83228.0,-77842.0,-77842.0,1058791.0
2019,6705,368234.0,244705.0,100507.0,23022.0,15892.0,15892.0,547221.0
2019,6706,3717808.0,2599523.0,698442.0,417680.0,316341.0,323159.0,4046531.0
2019,6707,6611299.0,6360124.0,201506.0,49669.0,19472.0,16287.0,2966637.0
2019,6708,223021.0,91061.0,119588.0,12372.0,7544.0,6906.0,367540.0
2019,6709,,,98844.0,-98844.0,-91615.0,-91615.0,279219.0
2019,6713,146873.0,219060.0,77200.0,-149387.0,-158353.0,-158353.0,659715.0
2019,6715,2245138.0,1704549.0,281786.0,258803.0,156114.0,149992.0,2150684.0
2019,6717,443494.0,426324.0,77248.0,-60078.0,-39883.0,-70757.0,439634.0
2019,6719,2815435.0,1901552.0,832850.0,81033.0,71923.0,71923.0,2365166.0
2019,6720,169016.0,113585.0,55073.0,358.0,8581.0,2877.0,221354.0
2019,6721,1876118.0,1774166.0,40172.0,61780.0,58181.0,58181.0,666848.0
2019,6722,3063931.0,2417273.0,664618.0,-17960.0,-18407.0,-43752.0,3088748.0
2019,6723,984782.0,842459.0,83229.0,59094.0,45168.0,43742.0,803286.0
2019,6724,36203.0,9906.0,153448.0,-127151.0,-142372.0,-148525.0,255613.0
2019,6725,3200150.0,3277520.0,70944.0,-148314.0,-118619.0,-121665.0,1475755.0
2019,6726,308290.0,261070.0,41304.0,5916.0,-1589.0,-1715.0,655520.0
2019,6729,86714.0,37037.0,61784.0,-12107.0,-9770.0,-9770.0,355633.0
2019,6730,406531.0,189046.0,105156.0,112329.0,89161.0,89073.0,587455.0
2019,6731,669002.0,341351.0,293195.0,34456.0,23004.0,-6881.0,971295.0
2019,6734,30032.0,21003.0,118066.0,-109037.0,-104654.0,-104787.0,179350.0
2019,6735,218186.0,47664.0,91303.0,79219.0,68382.0,68146.0,568219.0
2019,6736,92147.0,62090.0,46760.0,-16703.0,-30974.0,-30974.0,112348.0
2019,6737,3450910.0,2675383.0,426359.0,349168.0,231585.0,214412.0,2304032.0
2019,6738,77374.0,65292.0,130666.0,-118584.0,-116505.0,-118384.0,125200.0
2019,6739,186368.0,90624.0,121518.0,-25774.0,-24063.0,-25335.0,303721.0
2019,6742,522148.0,444870.0,67724.0,9554.0,4619.0,3540.0,959322.0
2019,6743,2327439.0,1745879.0,448695.0,132865.0,97619.0,13591.0,3407314.0
2019,6744,174328.0,102080.0,52150.0,20098.0,17358.0,17358.0,267324.0
2019,6746,143855.0,65594.0,64519.0,13742.0,19734.0,19734.0,272604.0
2019,6748,7320.0,2509.0,71535.0,-66724.0,-61187.0,-62763.0,148462.0
2019,6750,1300521.0,1081969.0,133107.0,85445.0,37678.0,31348.0,1330511.0
2019,6753,1092713.0,874930.0,64475.0,153308.0,108316.0,103360.0,2891093.0
2019,6754,4220757.0,3237311.0,650971.0,332475.0,205681.0,166828.0,3986700.0
2019,6755,2204810.0,1771373.0,318660.0,114777.0,90736.0,65825.0,1858500.0
2019,6756,1585688.0,763868.0,541633.0,280187.0,242819.0,239547.0,1253307.0
2019,6757,9513321.0,7788347.0,637658.0,1087316.0,808718.0,795765.0,13337093.0
2019,6758,431000.0,105133.0,253463.0,72404.0,56562.0,55698.0,543654.0
2019,6760,257976.0,160747.0,50608.0,46621.0,29532.0,29532.0,283162.0
2019,6761,1295917.0,918893.0,277835.0,99189.0,76157.0,74343.0,1002117.0
2019,6763,843612.0,509520.0,166992.0,167100.0,134971.0,134971.0,2733535.0
2019,6764,1018336.0,532436.0,272793.0,213107.0,172633.0,172633.0,1130663.0
2019,6768,17208037.0,13502975.0,2096001.0,1609061.0,1048586.0,891565.0,17860100.0
2019,6770,35897121.0,32896453.0,5272132.0,-2098779.0,-2643184.0,-2754403.0,73379654.0
2019,6771,495819.0,237969.0,82959.0,174891.0,137507.0,137507.0,1313481.0
2019,6772,,,33036.0,-33036.0,-34218.0,-34262.0,283668.0
2019,6775,2859045.0,2428572.0,236986.0,193487.0,156903.0,154510.0,2147994.0
2019,6776,13502936.0,12882579.0,495480.0,124877.0,125555.0,155792.0,4726360.0
2019,6778,394.0,123.0,70606.0,-70335.0,-63378.0,-63632.0,219118.0
2019,6779,1865652.0,1500771.0,282304.0,82577.0,57280.0,47478.0,1895160.0
2019,6780,474427.0,50907.0,386591.0,36929.0,30145.0,30346.0,273783.0
2019,6781,4859351.0,3548355.0,589051.0,721945.0,607487.0,508073.0,4764343.0
2019,6784,232183.0,184983.0,34621.0,12579.0,8801.0,9794.0,283520.0
2019,6785,0.0,,61389.0,-61389.0,-67970.0,-67970.0,195965.0
2019,6786,11152.0,473.0,40239.0,-29560.0,-26665.0,-26665.0,125768.0
2019,6787,8213.0,53426.0,19099.0,-64312.0,-65087.0,-65087.0,159237.0
2019,6788,694813.0,339805.0,185016.0,169992.0,137267.0,133133.0,887038.0
2019,6789,3395724.0,2248382.0,479183.0,718692.0,613841.0,613841.0,6322477.0
2019,6790,10548751.0,8188114.0,1582159.0,778478.0,481153.0,390401.0,8006589.0
2019,6791,433497.0,249792.0,129735.0,53970.0,36272.0,36043.0,504088.0
2019,6792,1111293.0,671276.0,253642.0,186375.0,159574.0,157479.0,1442297.0
2019,6793,5851.0,1698.0,36632.0,-32479.0,-38372.0,-38372.0,402688.0
2019,6794,15737.0,3254.0,113551.0,-101068.0,-100939.0,-100939.0,356174.0
2019,6797,113960.0,89303.0,70219.0,-45562.0,-36600.0,-36600.0,234864.0
2019,6799,400631.0,258211.0,104522.0,37898.0,40153.0,38985.0,356869.0
2019,6804,2083908.0,1907509.0,100771.0,75628.0,53859.0,53994.0,1753698.0
2019,6805,865259.0,691469.0,156876.0,16914.0,21713.0,15045.0,1104363.0
2019,6806,443480.0,366659.0,57430.0,19391.0,26741.0,26353.0,2360421.0
2019,6808,18177.0,10253.0,44229.0,-36305.0,-36316.0,-36316.0,506176.0
2019,6811,4763701.0,4279532.0,339758.0,144411.0,106508.0,102919.0,2889320.0
2019,6812,431631.0,171398.0,127825.0,132408.0,124564.0,124472.0,700363.0
2019,6813,119307.0,108872.0,41529.0,-31094.0,-31899.0,-31908.0,111047.0
2019,6814,152889.0,52730.0,102795.0,-2636.0,-6989.0,-6731.0,556125.0
2019,6815,268352.0,133585.0,78466.0,56301.0,44183.0,44229.0,470118.0
2019,6816,132775.0,96772.0,22652.0,13351.0,10613.0,10613.0,157705.0
2019,6817,364895.0,261470.0,111679.0,-8254.0,-9358.0,-9737.0,614156.0
2019,6818,928402.0,646780.0,284878.0,-3256.0,25145.0,22159.0,842946.0
2019,6819,136475.0,89876.0,76350.0,-29751.0,-28585.0,-28776.0,228957.0
2019,6820,843751.0,678636.0,137670.0,27445.0,12796.0,6922.0,794860.0
2019,6821,545072.0,391256.0,124789.0,29027.0,36786.0,29101.0,921894.0
2019,6823,358457.0,231184.0,76135.0,51138.0,40340.0,40340.0,279763.0
2019,6825,186996.0,93804.0,87354.0,5838.0,3099.0,3128.0,106290.0
2019,6826,5910015.0,5231666.0,311279.0,367070.0,289286.0,283731.0,5009485.0
2019,7419,100347.0,85851.0,37622.0,-23126.0,-18824.0,-18824.0,511434.0
2019,7427,88.0,87.0,30458.0,-30457.0,-29875.0,-29875.0,85675.0
2019,7443,574465.0,494409.0,77328.0,2728.0,-1508.0,-1516.0,657225.0
2019,7452,195849.0,70486.0,115946.0,9417.0,7287.0,7442.0,163837.0
2019,7507,283610.0,201833.0,55441.0,16422.0,3445.0,12049.0,1233217.0
2019,7516,214141.0,206954.0,109719.0,-142844.0,-159125.0,-159933.0,363174.0
2019,7547,153008.0,78727.0,54359.0,19922.0,17785.0,17361.0,396165.0
2019,7551,190503.0,113222.0,61933.0,15348.0,16775.0,16775.0,162240.0
2019,7555,140644.0,79622.0,58458.0,2564.0,3858.0,3858.0,276991.0
2019,7558,265831.0,160354.0,98954.0,6523.0,8392.0,8392.0,304931.0
2019,7561,181932.0,100657.0,74426.0,6849.0,13722.0,13413.0,499739.0
2019,7566,149869.0,64366.0,91407.0,1981.0,-773.0,-773.0,1578949.0
2019,7595,65277.0,43198.0,52726.0,-30647.0,-35107.0,-35080.0,172227.0
2019,8011,1512335.0,1337388.0,252077.0,-77130.0,-125722.0,-126899.0,6907918.0
2019,8015,120129.0,74665.0,49077.0,-3613.0,14477.0,12893.0,369730.0
2019,8016,13802738.0,9417393.0,2308582.0,2086426.0,1938157.0,2132766.0,10760904.0
2019,8021,3006253.0,2147058.0,579421.0,307102.0,203007.0,76422.0,5995934.0
2019,8022,375228.0,15940.0,339965.0,19323.0,22612.0,17396.0,437386.0
2019,8028,2649059.0,1759619.0,458572.0,430868.0,317028.0,313340.0,5407173.0
2019,8029,812620.0,635838.0,156992.0,19790.0,17024.0,-3934.0,1257121.0
2019,8033,815458.0,518410.0,349092.0,-51532.0,-46379.0,-39589.0,1190656.0
2019,8039,7583654.0,5844516.0,998351.0,740787.0,618282.0,493280.0,11373981.0
2019,8045,1270256.0,794645.0,394003.0,81608.0,68873.0,71449.0,2270624.0
2019,8046,31093989.0,29467189.0,1555485.0,71315.0,308203.0,-53785.0,38313309.0
2019,8070,15464381.0,13324233.0,1043130.0,1097018.0,1405855.0,1507430.0,18015481.0
2019,8072,804056.0,724747.0,175904.0,-96595.0,-87894.0,-88243.0,2438327.0
2019,8081,5672678.0,3626856.0,1196063.0,849759.0,746701.0,685149.0,7127671.0
2019,8101,2443687.0,2266095.0,748406.0,-570814.0,-52877.0,-75283.0,3152894.0
2019,8103,3133851.0,2229221.0,620565.0,284065.0,175590.0,86892.0,4311891.0
2019,8104,1672591.0,1404448.0,257650.0,10493.0,53235.0,32293.0,3522179.0
2019,8105,8814979.0,8048523.0,1116495.0,-350039.0,-200902.0,-149869.0,12207972.0
2019,8110,6727363.0,6725672.0,374223.0,-372532.0,165049.0,1285424.0,17200828.0
2019,8112,112585743.0,109212813.0,1376338.0,1996592.0,1454334.0,1256842.0,28787292.0
2019,8114,9745628.0,6355974.0,2390398.0,999446.0,485923.0,372646.0,14205374.0
2019,8115,2916212.0,2512818.0,287249.0,116145.0,219488.0,97144.0,4378530.0
2019,8119,1983603.0,1488759.0,238477.0,256367.0,256983.0,242538.0,2111712.0
2019,8131,9457849.0,7805462.0,173886.0,1478501.0,1262496.0,1179051.0,13274923.0
2019,8134,697350.0,538158.0,119404.0,39788.0,29110.0,34107.0,1146445.0
2019,8140,241871.0,171095.0,82746.0,-11970.0,2957.0,2851.0,451682.0
2019,8150,20337881.0,16411742.0,1561948.0,2457119.0,2584161.0,2460389.0,34305887.0
2019,8152,1516125.0,1174997.0,126511.0,214617.0,138773.0,128053.0,3271813.0
2019,8163,19137173.0,15594059.0,2478998.0,1064116.0,969393.0,836278.0,20887764.0
2019,8179,3346067.0,2895998.0,379031.0,71038.0,101420.0,155312.0,5619216.0
2019,8201,1199975.0,1022630.0,261043.0,-83309.0,-65332.0,-69737.0,1002275.0
2019,8210,6835443.0,4739317.0,967203.0,1128923.0,911951.0,833931.0,6405455.0
2019,8213,21701863.0,18485758.0,1802175.0,1413930.0,1039799.0,487436.0,29006121.0
2019,8215,13942969.0,11800941.0,1788171.0,353857.0,256740.0,217653.0,10327921.0
2019,8218,739404.0,670415.0,130132.0,-61143.0,-77799.0,-85437.0,895283.0
2019,8222,771103.0,612281.0,113675.0,45147.0,44593.0,44746.0,1515324.0
2019,8225,296621.0,218477.0,90385.0,-12241.0,-12877.0,-10493.0,287117.0
2019,8227,376168.0,248639.0,106612.0,20917.0,29167.0,28103.0,357093.0
2019,8249,4169494.0,3563507.0,337231.0,268756.0,183626.0,224595.0,4373182.0
2019,8261,2217249.0,1874686.0,273564.0,68999.0,41929.0,37380.0,2249354.0
2019,8271,7485821.0,6085578.0,916648.0,483595.0,376629.0,363746.0,4277194.0
2019,8281,65741.0,79696.0,56510.0,-70465.0,-54020.0,-54710.0,382786.0
2019,8287,1641032.0,1223648.0,2503069.0,-2085685.0,-2128656.0,-2167404.0,1109440.0
2019,8298,156865.0,23224.0,167856.0,-34215.0,-32146.0,-32696.0,308285.0
2019,8304,488538.0,365622.0,107942.0,14974.0,26040.0,31699.0,965004.0
2019,8305,2205288.0,1287702.0,372615.0,544971.0,226439.0,227570.0,13780881.0
2019,8307,392346.0,319777.0,125521.0,-52952.0,-67863.0,-67850.0,1387934.0
2019,8308,674145.0,519441.0,119167.0,35537.0,46640.0,60632.0,1175219.0
2019,8309,447960.0,260928.0,65053.0,121979.0,57125.0,57048.0,3200967.0
2019,8310,315862.0,299996.0,48873.0,-33007.0,-35240.0,-33712.0,1982874.0
2019,8312,117867.0,89864.0,22825.0,5178.0,22560.0,140406.0,689067.0
2019,8327,501812.0,307959.0,100761.0,93092.0,140006.0,509637.0,4589003.0
2019,8329,1196370.0,1002387.0,229134.0,71159.0,81501.0,81739.0,4351071.0
2019,8341,2620308.0,999156.0,421863.0,1199289.0,992998.0,926372.0,5836606.0
2019,8343,946783.0,581737.0,179680.0,185366.0,132911.0,122532.0,2828066.0
2019,8350,6902688.0,5457007.0,869397.0,576284.0,440038.0,379302.0,5292809.0
2019,8359,3832792.0,1552832.0,1129722.0,1149536.0,1144195.0,1140347.0,12562395.0
2019,8360,1023619.0,1061010.0,260507.0,-297898.0,-331797.0,-328699.0,9483174.0
2019,8367,1834310.0,1227962.0,316079.0,290269.0,202557.0,203047.0,7139025.0
2019,8368,476766.0,325991.0,58081.0,92694.0,61242.0,61681.0,1686762.0
2019,8370,753354.0,618845.0,70530.0,63979.0,63206.0,64020.0,1742774.0
2019,8374,2915755.0,2510268.0,479073.0,-73586.0,-73817.0,-84357.0,2999208.0
2019,8376,32189341.0,25056110.0,1813416.0,5319815.0,4786926.0,4611343.0,74527393.0
2019,8379,1317020.0,1071491.0,102373.0,143156.0,157089.0,221336.0,2865851.0
2019,8387,2148879.0,1316133.0,584063.0,248683.0,213644.0,85040.0,6807616.0
2019,8391,11527494.0,10210274.0,63798.0,1251532.0,981945.0,980374.0,16392547.0
2019,8392,6361712.0,5780335.0,44472.0,536905.0,423709.0,424310.0,8696528.0
2019,8394,61876716.0,48775814.0,6220986.0,6879916.0,7470491.0,11219445.0,119890098.0
2019,8399,1138247.0,1030462.0,86904.0,20881.0,19729.0,17221.0,711063.0
2019,8404,6567553.0,4251396.0,1393925.0,922232.0,422794.0,202631.0,14392979.0
2019,8411,6072725.0,5505736.0,546197.0,20792.0,-60204.0,-298426.0,10429277.0
2019,8422,2706574.0,884134.0,399354.0,1423086.0,1176226.0,1180134.0,7095343.0
2019,8427,4637001.0,3597492.0,976980.0,62529.0,48368.0,-89480.0,5981187.0
2019,8429,2080819.0,1701767.0,468145.0,-89093.0,-52818.0,-345292.0,7705146.0
2019,8438,2761594.0,2487467.0,250961.0,23166.0,4205.0,-15701.0,2395898.0
2019,8442,6458112.0,5329065.0,878406.0,250641.0,212352.0,178178.0,4521699.0
2019,8443,1580463.0,675311.0,996258.0,-91106.0,-53789.0,-52789.0,2675451.0
2019,8452,562351.0,588430.0,106369.0,-132448.0,-149653.0,-149653.0,1163568.0
2019,8453,441417.0,485453.0,99504.0,-143540.0,-175509.0,-175509.0,2355210.0
2019,8454,51830417.0,46745781.0,3458294.0,1655629.0,1392701.0,1387441.0,14599169.0
2019,8456,312909.0,314683.0,87317.0,-89091.0,-78877.0,-74435.0,826864.0
2019,8458,88643.0,50852.0,32043.0,5748.0,1391.0,1353.0,349017.0
2019,8459,201871.0,239405.0,57742.0,-95276.0,-94905.0,-94905.0,421300.0
2019,8462,3526882.0,2381803.0,498542.0,646537.0,476789.0,476789.0,7037374.0
2019,8463,3082428.0,2777421.0,188924.0,116083.0,87797.0,81641.0,5139851.0
2019,8464,23928962.0,11778815.0,5996009.0,6154138.0,4626279.0,4227705.0,22157698.0
2019,8465,160061.0,155460.0,25829.0,-21228.0,-21826.0,-21826.0,245779.0
2019,8466,3468163.0,2576616.0,452765.0,438782.0,402334.0,353653.0,4386801.0
2019,8467,1437878.0,1018517.0,335155.0,84206.0,132118.0,81817.0,2350956.0
2019,8469,315748.0,267299.0,37497.0,10952.0,12403.0,12403.0,1424913.0
2019,8473,4446968.0,3519770.0,219555.0,707643.0,413266.0,334628.0,14396095.0
2019,8475,146736.0,204667.0,46065.0,-103996.0,-105783.0,-105783.0,618608.0
2019,8478,3690115.0,2715288.0,846932.0,127895.0,46117.0,3355.0,6261874.0
2019,8480,1977366.0,1364686.0,297671.0,315009.0,345164.0,306573.0,2558015.0
2019,8481,1234529.0,644709.0,299917.0,289903.0,227906.0,195394.0,1665354.0
2019,8482,4026937.0,2446225.0,799803.0,780909.0,841576.0,752251.0,4246126.0
2019,8487,599177.0,510161.0,74696.0,14320.0,11514.0,12484.0,705022.0
2019,8488,3878329.0,3513890.0,158846.0,205593.0,96610.0,-8090.0,5333739.0
2019,8490,31134.0,18742.0,62482.0,-50090.0,-51296.0,-48686.0,412278.0
2019,8491,1860326.0,948607.0,841081.0,70638.0,40436.0,37443.0,602781.0
2019,8492,279708.0,211530.0,57101.0,11077.0,12833.0,12632.0,306559.0
2019,8495,506709.0,448317.0,219690.0,-161048.0,-165004.0,-165300.0,521619.0
2019,8499,1855655.0,989688.0,331455.0,534512.0,417004.0,339466.0,2965390.0
2019,8926,7186086.0,6671356.0,240178.0,302941.0,1096335.0,1115166.0,20429463.0
2019,8940,1534327.0,773705.0,758442.0,2180.0,-890.0,-2259.0,2183417.0
2019,8943,71335.0,67444.0,36827.0,-32936.0,-30795.0,-30527.0,207274.0
2019,8945,484069.0,207475.0,59784.0,216810.0,177241.0,176253.0,2283274.0
2019,8946,688681.0,462283.0,82021.0,144377.0,122076.0,60465.0,2305745.0
2019,8948,932757.0,527796.0,132320.0,272641.0,139677.0,137267.0,5279605.0
2019,8951,751027.0,487194.0,86501.0,177332.0,117768.0,116982.0,3468459.0
2019,8952,411648.0,356065.0,69147.0,-13564.0,-39759.0,-41528.0,2085204.0
2019,8953,649516.0,456979.0,94918.0,97619.0,80309.0,75359.0,4208796.0
2019,8955,828268.0,626166.0,103069.0,99033.0,70008.0,69197.0,6093726.0
2019,8956,478247.0,237796.0,83622.0,156829.0,157893.0,220802.0,1509185.0
2019,8957,368975.0,206796.0,52308.0,109871.0,77537.0,76796.0,1625696.0
2019,8960,450721.0,306383.0,67848.0,75115.0,62321.0,61373.0,636999.0
2019,8962,962963.0,609107.0,108552.0,245304.0,172605.0,171966.0,4106696.0
2019,8963,489581.0,422931.0,68527.0,-1877.0,-37797.0,-40537.0,2915729.0
2019,8965,492105.0,341670.0,55781.0,94654.0,95222.0,88129.0,3802639.0
2019,8966,1209127.0,894373.0,171808.0,142618.0,121282.0,120612.0,1504430.0
2019,8967,1396201.0,1059415.0,178845.0,157941.0,113079.0,104479.0,9026273.0
2019,8968,516427.0,466330.0,76871.0,-26774.0,-90208.0,-89961.0,4183156.0
2019,8969,925403.0,598925.0,106063.0,220415.0,157730.0,156755.0,3443055.0
2019,8970,298526.0,164172.0,26216.0,108138.0,78118.0,77987.0,1591017.0
2019,8971,1807214.0,993097.0,289261.0,524856.0,264049.0,257711.0,10870447.0
2019,8973,130503.0,81224.0,24328.0,24951.0,20251.0,21126.0,506050.0
2019,8974,407535.0,327957.0,57909.0,21669.0,27910.0,20752.0,1243271.0
2019,8975,752679.0,469407.0,95602.0,187670.0,146039.0,144071.0,2496990.0
2019,8976,342269.0,283421.0,95378.0,-36530.0,-34833.0,-37044.0,847555.0
2019,8977,655107.0,494134.0,81405.0,79568.0,62750.0,61796.0,1014185.0
2019,8978,425688.0,335971.0,61610.0,28107.0,-19605.0,-20540.0,2935143.0
2019,8980,253298.0,240032.0,40255.0,-26989.0,-31747.0,-31398.0,1656459.0
2019,8981,246074.0,242128.0,36895.0,-32949.0,-30462.0,-31214.0,1693265.0
2019,8982,388852.0,202249.0,77586.0,109017.0,50921.0,52451.0,2229884.0
2019,8983,870514.0,504913.0,95084.0,270517.0,192882.0,192179.0,4230778.0
2019,8985,244774.0,200614.0,32418.0,11742.0,17362.0,15538.0,692618.0
2019,8986,620545.0,605956.0,107717.0,-93128.0,-55397.0,-32225.0,1845444.0
2019,8987,172486.0,120143.0,35831.0,16512.0,65689.0,220783.0,1172204.0
2019,8988,427337.0,312393.0,91581.0,23363.0,32177.0,46797.0,1002376.0
2019,8990,916604.0,700617.0,112183.0,103804.0,66919.0,66876.0,4519432.0
2019,8991,657269.0,431975.0,132282.0,93012.0,76768.0,79458.0,714194.0
2019,8992,526491.0,490876.0,86981.0,-51366.0,-103342.0,-104266.0,3851479.0
2019,8995,215885.0,162270.0,36507.0,17108.0,17233.0,22754.0,374825.0
2019,8996,2083280.0,1507824.0,371421.0,204035.0,158138.0,153930.0,2776571.0
2019,9802,12842525.0,10313919.0,1071631.0,1456975.0,1276511.0,1012038.0,12989167.0
2019,9902,264008.0,249438.0,30946.0,-16360.0,31890.0,31890.0,1388277.0
2019,9904,313156585.0,233641231.0,65564894.0,13950460.0,18002774.0,47824211.0,363056330.0
2019,9905,8060828.0,6981190.0,528536.0,551102.0,465681.0,358995.0,9767739.0
2019,9906,16875.0,13417.0,75402.0,-71944.0,-81580.0,-81580.0,6681298.0
2019,9907,32527535.0,29510062.0,2244657.0,772816.0,441268.0,-187157.0,35333316.0
2019,9908,4236594.0,3365645.0,264855.0,597089.0,883641.0,754368.0,17062991.0
2019,9910,73930081.0,55917881.0,9632382.0,8379818.0,7003772.0,5781474.0,41265902.0
2019,9911,6298976.0,4054796.0,1286657.0,957523.0,888718.0,896012.0,6847437.0
2019,9912,597565.0,397883.0,221052.0,-21370.0,-112809.0,-122486.0,772485.0
2019,9914,28243214.0,24423564.0,2025502.0,1710826.0,2500984.0,2065400.0,25680790.0
2019,9917,13411677.0,8519007.0,2359654.0,2533016.0,2176779.0,2230600.0,22498653.0
2019,9918,2160628.0,1695460.0,239689.0,225479.0,261142.0,279324.0,5038734.0
2019,9919,4056986.0,3447476.0,583584.0,25926.0,8836.0,-23721.0,5704682.0
2019,9921,63449533.0,49792589.0,8924661.0,4732283.0,3594697.0,2926572.0,59030150.0
2019,9924,8681906.0,6624866.0,917158.0,1139882.0,843191.0,734984.0,8363216.0
2019,9925,7078709.0,4746735.0,1560496.0,771478.0,867817.0,901728.0,16159556.0
2019,9926,2402700.0,1863905.0,158044.0,382827.0,363711.0,421671.0,6279932.0
2019,9927,9840519.0,9013455.0,237280.0,589784.0,515168.0,465746.0,6551692.0
2019,9928,732642.0,756866.0,173961.0,-198185.0,-141698.0,-129040.0,3701432.0
2019,9929,1186340.0,1208110.0,298866.0,-320636.0,-366517.0,-247995.0,3892059.0
2019,9930,9506160.0,7953146.0,460795.0,1092219.0,827973.0,771730.0,11794066.0
2019,9931,1455556.0,1198569.0,67943.0,189044.0,193655.0,280366.0,4445669.0
2019,9933,58211022.0,54219327.0,1823545.0,2168150.0,1674325.0,776317.0,69494511.0
2019,9934,17023426.0,12225546.0,4406824.0,391056.0,336055.0,136129.0,15849844.0
2019,9935,5665280.0,4665239.0,608359.0,391682.0,253798.0,237726.0,5732495.0
2019,9937,22932443.0,20432927.0,1755053.0,744463.0,737640.0,779928.0,13234046.0
2019,9938,15299654.0,9831767.0,2709298.0,2758589.0,1696040.0,1369787.0,27627305.0
2019,9939,21527348.0,17245038.0,2026362.0,2255948.0,1466602.0,1243531.0,31524041.0
2019,9940,12438032.0,8523873.0,1942601.0,1971558.0,1276205.0,886698.0,31670783.0
2019,9941,28164620.0,15201905.0,10392114.0,3844979.0,3061223.0,2658825.0,200459554.0
2019,9942,3016735.0,2004998.0,459302.0,554342.0,411285.0,363985.0,4226231.0
2019,9943,2990311.0,1326560.0,1023309.0,640442.0,806658.0,799339.0,6110996.0
2019,9944,2848731.0,2217588.0,609522.0,21621.0,-40018.0,-75761.0,5092502.0
2019,9945,17257930.0,13645895.0,1712792.0,1899243.0,9586119.0,52106807.0,150132547.0
2019,9946,5079135.0,3066429.0,423796.0,1588910.0,1588304.0,1599297.0,11575744.0
2019,9955,1723710.0,1659640.0,99993.0,-35923.0,10186.0,4644.0,2926478.0
2019,9957,44650825.0,44032813.0,1551775.0,-933763.0,-3280379.0,-3663084.0,53769531.0
2019,9958,2402396.0,2032139.0,254425.0,115832.0,692230.0,704432.0,11241437.0
2019,9963,595106420.0,576707306.0,17595446.0,803668.0,16746835.0,16647852.0,2075641526.0
2019,9964,89387.0,0.0,24758.0,64629.0,63932.0,85036.0,1202910.0
2019,9968,3116821.0,1506151.0,1556618.0,50843.0,35753.0,-6629.0,4419334.0
2019,9971,5261814.0,3816455.0,844997.0,600362.0,641534.0,545054.0,10167735.0
2019,9977,1152153.0,686148.0,103250.0,362755.0,289365.0,290515.0,2510843.0
2019,9978,3576706.0,2446659.0,351957.0,778090.0,614861.0,603093.0,6873411.0
2019,9982,761022.0,501857.0,94868.0,164297.0,109921.0,106884.0,4875532.0
2019,9983,804733.0,792691.0,160086.0,-148804.0,-146317.0,-145457.0,665651.0
2019,9984,463990.0,363538.0,91706.0,8746.0,-18483.0,-18873.0,2490824.0
2019,9985,489037.0,335559.0,79440.0,73968.0,63657.0,62924.0,952995.0
2019,9986,623674.0,434317.0,75590.0,113767.0,58424.0,54584.0,3031493.0
2018,000116,5007116.0,,3833287.0,1173829.0,1430394.0,2288417.0,75087550.0
2018,000538,1521613.0,,1471209.0,50404.0,114244.0,124735.0,20249164.0
2018,000616,1442207.0,,1173826.0,268381.0,255465.0,272119.0,20962782.0
2018,000700,3107872.0,,2917475.0,190397.0,315768.0,314300.0,58519779.0
2018,000779,2560493.0,,2279597.0,280896.0,324628.0,345365.0,41333357.0
2018,000815,1691128.0,,1554496.0,136632.0,163548.0,163298.0,29441916.0
2018,000888,3439648.0,,2960428.0,479220.0,461357.0,480963.0,29860226.0
2018,000930,3303787.0,,2883407.0,420380.0,456203.0,315856.0,38753438.0
2018,000960,8818481.0,,7194738.0,1623743.0,2079559.0,2348323.0,123227513.0
2018,000980,41122659.0,,30939431.0,10183228.0,10086764.0,10635554.0,687293517.0
2018,0009A0,7728618.0,,7498841.0,229777.0,467410.0,293809.0,110795044.0
2018,1101,124594602.0,91003063.0,5410638.0,28180901.0,22644071.0,19707395.0,344085118.0
2018,1102,82741004.0,61584690.0,3018351.0,18153110.0,14889197.0,16325370.0,279187998.0
2018,1103,2092406.0,1803918.0,392089.0,-103601.0,769123.0,1480473.0,31985629.0
2018,1104,4780994.0,4209912.0,388436.0,182646.0,1051568.0,715615.0,22576572.0
2018,1108,3330601.0,3283834.0,218012.0,-155142.0,-201614.0,-196649.0,7293497.0
2018,1109,6701130.0,4517299.0,429090.0,1754741.0,1253506.0,1183013.0,10172476.0
2018,1110,1676187.0,1531733.0,103957.0,40497.0,65589.0,56232.0,9247751.0
2018,1201,19436763.0,13398214.0,5525400.0,513149.0,869091.0,869270.0,21242697.0
2018,1203,6081031.0,4111026.0,993409.0,976596.0,704325.0,771290.0,9025005.0
2018,1210,72442933.0,62354838.0,7815474.0,2272621.0,2413606.0,2236639.0,42526281.0
2018,1213,594238.0,540347.0,65665.0,-11774.0,-89579.0,-89561.0,1369872.0
2018,1215,21235086.0,18377736.0,1579305.0,1285298.0,995060.0,1100618.0,15790164.0
2018,1216,431445520.0,286160653.0,118298458.0,26986409.0,26945173.0,25575261.0,407150086.0
2018,1217,4321819.0,2941256.0,1313529.0,67034.0,62687.0,86935.0,12584818.0
2018,1218,7901670.0,6468636.0,1341737.0,90336.0,464682.0,434644.0,8807002.0
2018,1219,11709984.0,10902412.0,872769.0,-82697.0,-95623.0,-97784.0,8515527.0
2018,1220,2747263.0,2409947.0,226980.0,110336.0,112715.0,111087.0,3106563.0
2018,1225,11243509.0,10332888.0,608864.0,341768.0,300502.0,290525.0,6426121.0
2018,1227,27340587.0,19086242.0,5104509.0,3149836.0,2968307.0,2829558.0,23997656.0
2018,1229,5097818.0,4265761.0,531884.0,300173.0,2473440.0,715873.0,30389304.0
2018,1231,8116880.0,6338806.0,1157723.0,620351.0,541701.0,534517.0,7003241.0
2018,1232,16948746.0,15091718.0,745148.0,1111880.0,926310.0,928768.0,5470902.0
2018,1233,2193118.0,936979.0,1091727.0,164412.0,174699.0,309355.0,2169779.0
2018,1234,8901634.0,6783973.0,1893990.0,223671.0,696309.0,668366.0,22967481.0
2018,1235,57652.0,30891.0,21100.0,5661.0,105973.0,928948.0,6830742.0
2018,1236,1972592.0,1445695.0,520226.0,6671.0,13267.0,86147.0,2792241.0
2018,1237,29811351.0,22996544.0,5123054.0,1675509.0,7163351.0,7266497.0,666534153.0
2018,1246,6684118.0,6472878.0,121776.0,85443.0,68233.0,65477.0,2046202.0
2018,1256,3221239.0,2077143.0,539712.0,604384.0,441735.0,407884.0,2607916.0
2018,1260,3739129.0,3069405.0,366311.0,303413.0,192867.0,187280.0,3754196.0
2018,1269,2657304.0,1239900.0,1257494.0,159910.0,94223.0,76146.0,1645337.0
2018,1301,230370027.0,193061959.0,11966756.0,25341312.0,49549540.0,34453640.0,501513267.0
2018,1303,333061560.0,284054265.0,19642812.0,29420773.0,52658851.0,45803380.0,570249344.0
2018,1304,60892513.0,55097773.0,3861941.0,1932799.0,1875816.0,1815239.0,68991038.0
2018,1305,15192621.0,12490058.0,1129640.0,1572923.0,1356120.0,1368380.0,13224095.0
2018,1307,9492260.0,7564352.0,1547231.0,380677.0,302933.0,510966.0,14522208.0
2018,1308,6375134.0,6090668.0,212484.0,71982.0,286826.0,-158949.0,15597743.0
2018,1309,21683702.0,20639959.0,766125.0,277618.0,207973.0,83700.0,8727546.0
2018,1310,15382654.0,13405660.0,441995.0,1534999.0,1186794.0,1006308.0,10510046.0
2018,1312,24741138.0,20685790.0,1316510.0,2738838.0,3150741.0,2783304.0,29859901.0
2018,1313,61258498.0,58153633.0,2026579.0,1078286.0,753610.0,-742207.0,45769849.0
2018,1314,38503121.0,33326959.0,2101077.0,3075082.0,4280995.0,3759383.0,89704954.0
2018,1315,2543342.0,2161263.0,390973.0,-8894.0,229871.0,-49726.0,9872838.0
2018,1316,1522292.0,1075800.0,330619.0,115873.0,231677.0,-7570.0,5805332.0
2018,1319,23006584.0,17744695.0,3412255.0,1849634.0,1931948.0,1765207.0,37258233.0
2018,1321,4777348.0,4590598.0,342080.0,-155330.0,-71794.0,-58859.0,11646935.0
2018,1323,3759197.0,2864593.0,421573.0,473031.0,361844.0,333515.0,4239473.0
2018,1324,1137469.0,959230.0,176667.0,1572.0,1195.0,-599.0,1306824.0
2018,1325,914449.0,812852.0,52782.0,48815.0,59922.0,50743.0,1909141.0
2018,1326,407859765.0,354287425.0,15222276.0,38350064.0,55441018.0,39074767.0,591500932.0
2018,1328,1034575286.0,968517142.0,20340803.0,45717341.0,34293237.0,35973804.0,769496777.0
2018,1333,393447.0,329666.0,193760.0,-129979.0,-119277.0,-126864.0,412251.0
2018,1337,1464797.0,2241085.0,1044074.0,-1820362.0,-1888426.0,-2097580.0,8435471.0
2018,1338,8062421.0,6087675.0,1277161.0,697585.0,493965.0,395575.0,9965581.0
2018,1339,2854734.0,2107793.0,360057.0,386884.0,284560.0,235017.0,6324887.0
2018,1340,2071989.0,1722629.0,222202.0,127158.0,134699.0,-553.0,6788191.0
2018,1341,2902091.0,2401269.0,282813.0,218009.0,150847.0,160524.0,2290036.0
2018,1402,228661933.0,184261821.0,29616726.0,14783942.0,18391602.0,19297471.0,565589420.0
2018,1408,10286767.0,9207063.0,1189061.0,-109357.0,206058.0,-292620.0,9322372.0
2018,1409,42493927.0,38858219.0,3197894.0,,2862093.0,2363172.0,143864326.0
2018,1410,505982.0,310974.0,75638.0,119370.0,111386.0,110614.0,1526933.0
2018,1413,3651036.0,3367592.0,84902.0,198542.0,242384.0,239026.0,2353125.0
2018,1414,974924.0,890439.0,78109.0,6376.0,38482.0,15296.0,4502435.0
2018,1416,271003.0,80922.0,349855.0,-159774.0,250066.0,290547.0,7648142.0
2018,1417,1499660.0,1253558.0,633153.0,-387051.0,-233568.0,-129610.0,4186595.0
2018,1418,653059.0,765179.0,86860.0,-202238.0,-217926.0,761237.0,2668543.0
2018,1419,1605981.0,1195968.0,433781.0,-23768.0,278939.0,287248.0,12246886.0
2018,1423,761087.0,683730.0,43296.0,34061.0,102668.0,123338.0,2620924.0
2018,1432,1020869.0,286998.0,961877.0,-228006.0,-217632.0,-262027.0,2531231.0
2018,1434,44545053.0,39264007.0,2822317.0,2458729.0,5320700.0,2169048.0,93026493.0
2018,1435,30136.0,1691.0,36127.0,-7682.0,-12282.0,-17095.0,1053476.0
2018,1436,2621467.0,1912536.0,249186.0,459745.0,357376.0,359461.0,8011893.0
2018,1437,583070.0,173914.0,100460.0,308696.0,249610.0,505540.0,10346303.0
2018,1439,264022.0,255558.0,77916.0,-69452.0,-68815.0,-68862.0,1997012.0
2018,1440,24946094.0,22211162.0,2051452.0,683480.0,1062694.0,553975.0,44151508.0
2018,1441,1624251.0,1668517.0,220314.0,-264580.0,904683.0,834728.0,2583985.0
2018,1442,944582.0,669007.0,143861.0,131714.0,120791.0,118599.0,10566686.0
2018,1443,1128161.0,1142162.0,188438.0,-202439.0,-610848.0,343637.0,4967529.0
2018,1444,12882065.0,11974832.0,725085.0,181757.0,369216.0,79873.0,19027980.0
2018,1445,1572270.0,1490830.0,128927.0,-47487.0,-24156.0,-28823.0,2126967.0
2018,1446,447125.0,422023.0,101797.0,-76695.0,-28596.0,-31747.0,3786599.0
2018,1447,17599267.0,17263518.0,696502.0,-360753.0,186438.0,-241683.0,18813349.0
2018,1449,2459080.0,2320982.0,384473.0,-246375.0,-164906.0,-200750.0,5936685.0
2018,1451,8799524.0,7938257.0,578086.0,283181.0,401362.0,568715.0,10064734.0
2018,1454,1947905.0,1802306.0,144925.0,1193.0,20161.0,10773.0,2043633.0
2018,1455,15832053.0,15355580.0,502513.0,-26040.0,89979.0,39765.0,11457506.0
2018,1456,474359.0,370214.0,67761.0,88384.0,12352.0,-3869.0,5036080.0
2018,1457,5646982.0,4949289.0,296627.0,411889.0,704976.0,617842.0,16460179.0
2018,1459,3519248.0,3512866.0,167499.0,-161117.0,-374058.0,-393976.0,7064462.0
2018,1460,9405379.0,7715556.0,1452811.0,237577.0,157357.0,170946.0,12488372.0
2018,1463,972877.0,620503.0,123365.0,229009.0,308044.0,313364.0,2704801.0
2018,1464,9132401.0,7668062.0,1231956.0,310099.0,253759.0,260342.0,16623981.0
2018,1465,697152.0,606604.0,88170.0,2378.0,-54775.0,-51334.0,2383689.0
2018,1466,4106559.0,3967842.0,238772.0,-100055.0,-104434.0,-97238.0,3675224.0
2018,1467,7417890.0,6103195.0,1377883.0,-63188.0,-43749.0,-176661.0,7106634.0
2018,1468,921039.0,782171.0,164958.0,-26090.0,40703.0,41529.0,2479837.0
2018,1470,754462.0,586400.0,115544.0,53389.0,48867.0,35831.0,1134243.0
2018,1471,1282302.0,1366653.0,248094.0,-332445.0,-324466.0,-332066.0,1689116.0
2018,1472,599246.0,596228.0,68284.0,-68531.0,-67956.0,-61088.0,855934.0
2018,1473,8326359.0,7258757.0,1062309.0,5293.0,64933.0,136524.0,6085772.0
2018,1474,3617559.0,3204271.0,318597.0,94691.0,104626.0,87062.0,3800530.0
2018,1475,53347.0,106881.0,19723.0,-73257.0,-51038.0,-42437.0,91648.0
2018,1476,27578209.0,19630699.0,2642228.0,5305282.0,4379754.0,4465161.0,22140882.0
2018,1477,23929638.0,19187255.0,2765195.0,1977188.0,1522085.0,1641290.0,13661185.0
2018,1503,24983824.0,20378931.0,2968949.0,1635944.0,1470540.0,1387390.0,40013351.0
2018,1504,50104927.0,38052253.0,8532173.0,3520486.0,3475969.0,3908980.0,91981286.0
2018,1506,1203123.0,1137900.0,272560.0,-207337.0,-134832.0,-132723.0,2991928.0
2018,1507,14858628.0,11422890.0,2460104.0,975634.0,731743.0,585581.0,21650044.0
2018,1512,3088232.0,2899940.0,309886.0,-121594.0,-196664.0,-232568.0,3483567.0
2018,1513,12235997.0,10294379.0,1360542.0,581076.0,562062.0,496764.0,16940766.0
2018,1514,4276436.0,3609636.0,496444.0,169627.0,210462.0,189741.0,5702986.0
2018,1515,6185512.0,4951438.0,690490.0,543584.0,398977.0,286975.0,7010098.0
2018,1516,908249.0,878665.0,12549.0,17035.0,16191.0,16191.0,392550.0
2018,1517,2995946.0,2722227.0,425096.0,-151377.0,91840.0,17769.0,4682219.0
2018,1519,5996563.0,5372315.0,611101.0,13147.0,53213.0,50071.0,6826858.0
2018,1521,5703811.0,4872472.0,553968.0,277019.0,319207.0,309843.0,3452041.0
2018,1522,16621903.0,12939563.0,3065345.0,618624.0,606249.0,570962.0,21468876.0
2018,1524,2416225.0,1909423.0,272157.0,234645.0,195088.0,189759.0,4967533.0
2018,1525,1337755.0,1201828.0,100360.0,35567.0,453196.0,324121.0,4977607.0
2018,1526,1270718.0,944172.0,188845.0,137701.0,136076.0,129513.0,1737635.0
2018,1527,3733320.0,2615381.0,392929.0,725010.0,1031765.0,1039605.0,14861682.0
2018,1528,4905234.0,3612668.0,1206938.0,85628.0,40188.0,26133.0,5851408.0
2018,1529,412573.0,336126.0,37858.0,38589.0,46943.0,46943.0,944416.0
2018,1530,4872536.0,3976272.0,552647.0,340814.0,333195.0,319968.0,7781401.0
2018,1531,2661044.0,2109662.0,367033.0,184349.0,125417.0,74161.0,4667537.0
2018,1532,18085535.0,13067317.0,2564691.0,2459887.0,2381541.0,2082555.0,38008157.0
2018,1533,2887948.0,1944759.0,719568.0,223621.0,209461.0,193703.0,5153410.0
2018,1535,10813583.0,10306988.0,454899.0,28533.0,97864.0,90094.0,8080272.0
2018,1536,7153036.0,4900119.0,917016.0,1335901.0,1240411.0,1189638.0,15575900.0
2018,1537,8489866.0,6658797.0,588278.0,1242791.0,982996.0,1062012.0,5813084.0
2018,1538,423334.0,364246.0,153226.0,-94138.0,-99403.0,-109056.0,1224502.0
2018,1539,2594402.0,2343095.0,134231.0,117076.0,331315.0,323441.0,3125439.0
2018,1541,3590792.0,3111514.0,431585.0,47693.0,78557.0,85541.0,2806725.0
2018,1558,6669964.0,4981758.0,646043.0,1042163.0,940861.0,936738.0,6811619.0
2018,1560,5133466.0,3619982.0,742627.0,770857.0,699665.0,688837.0,6630642.0
2018,1563,6587329.0,4559681.0,905035.0,1122613.0,1198830.0,1200874.0,17036804.0
2018,1568,2500814.0,2160623.0,237181.0,103010.0,94713.0,93577.0,3572231.0
2018,1582,8808885.0,6774744.0,886920.0,1147221.0,889961.0,835319.0,8394502.0
2018,1583,8382446.0,6405654.0,1181807.0,794985.0,766421.0,801510.0,14655000.0
2018,1585,236930.0,289329.0,55327.0,-107726.0,-123794.0,-122955.0,1046037.0
2018,1587,1460985.0,1134851.0,279659.0,46475.0,38684.0,32903.0,2621269.0
2018,1589,6195855.0,5364919.0,1075948.0,-245012.0,-274073.0,-454066.0,14530637.0
2018,1590,15600743.0,8067659.0,3373146.0,4159938.0,2839207.0,2500401.0,35044491.0
2018,1592,4227476.0,3180932.0,1524806.0,-261307.0,-351119.0,-398061.0,7324643.0
2018,1594,888810.0,794833.0,31006.0,62971.0,47205.0,46780.0,655574.0
2018,1597,2078901.0,1090575.0,383432.0,604894.0,471252.0,465164.0,3247384.0
2018,1598,5557150.0,4029751.0,1539755.0,85090.0,127456.0,98204.0,7025308.0
2018,1602,25185660.0,23068645.0,1620827.0,496188.0,-198542.0,914407.0,39923078.0
2018,1603,2506094.0,2255325.0,127725.0,130119.0,130537.0,32646.0,7830564.0
2018,1604,7076541.0,5984675.0,956108.0,135758.0,684707.0,576458.0,12260520.0
2018,1605,190915137.0,174979772.0,4909156.0,11026209.0,11959287.0,8816515.0,132654110.0
2018,1606,,,9852.0,-9852.0,2219858.0,2246269.0,303179.0
2018,1608,8560093.0,8233135.0,169898.0,157060.0,-560649.0,-581238.0,11420376.0
2018,1609,18577212.0,17296325.0,938528.0,342359.0,571663.0,561588.0,20440904.0
2018,1611,2351604.0,1811984.0,651617.0,-111997.0,34400.0,-74561.0,5526763.0
2018,1612,3872831.0,3505778.0,186514.0,180539.0,122535.0,-208390.0,5158346.0
2018,1614,4966292.0,3990335.0,726188.0,249769.0,203880.0,183500.0,6511193.0
2018,1615,3369060.0,3026341.0,115150.0,227569.0,196605.0,158992.0,2432174.0
2018,1616,3062760.0,2847523.0,191693.0,23544.0,10481.0,29031.0,3099245.0
2018,1617,3614436.0,3135285.0,283460.0,195691.0,216681.0,203961.0,3123215.0
2018,1618,2119659.0,2015588.0,94878.0,9193.0,-10487.0,-96721.0,4234769.0
2018,1619,3307046.0,3305884.0,63706.0,-62544.0,4255.0,-5290.0,1927000.0
2018,1626,10614940.0,8805119.0,1741494.0,68437.0,-18083.0,-99476.0,8366152.0
2018,1701,7580236.0,4715066.0,2528728.0,336442.0,366947.0,305714.0,10766302.0
2018,1702,18287354.0,12209502.0,4407582.0,1670270.0,1061813.0,997508.0,22108863.0
2018,1707,9183321.0,1854057.0,4979427.0,2349837.0,1890072.0,1866878.0,10648049.0
2018,1708,4068623.0,3027176.0,523093.0,518354.0,351736.0,414407.0,12206026.0
2018,1709,9785385.0,8527794.0,758978.0,492625.0,389689.0,359238.0,11269474.0
2018,1710,32115817.0,27817014.0,1000162.0,3298641.0,2387058.0,2416942.0,36398220.0
2018,1711,9621019.0,7455801.0,1657754.0,507464.0,407920.0,144085.0,13858026.0
2018,1712,18134087.0,13228629.0,3965053.0,940405.0,733837.0,714908.0,14949970.0
2018,1713,671611.0,596551.0,55572.0,19488.0,115472.0,120752.0,2474323.0
2018,1714,30394034.0,28098205.0,1545371.0,748194.0,437917.0,176801.0,25423339.0
2018,1716,5253053.0,2723187.0,1548074.0,981792.0,844070.0,846986.0,7504141.0
2018,1717,43300155.0,36020316.0,5466834.0,1813005.0,1492323.0,892306.0,54360279.0
2018,1718,41549187.0,36404425.0,8033384.0,,4409635.0,4413846.0,720906942.0
2018,1720,3573093.0,2028483.0,1156352.0,388258.0,427936.0,352357.0,6439113.0
2018,1721,3451774.0,3200981.0,287184.0,-36391.0,14719.0,8939.0,4103603.0
2018,1722,12215092.0,9462743.0,1465847.0,1286502.0,2281319.0,2798945.0,76399717.0
2018,1723,8559743.0,6403231.0,380257.0,1776255.0,1515710.0,1520363.0,11716746.0
2018,1725,9713048.0,9293357.0,216819.0,202872.0,217339.0,273570.0,5302877.0
2018,1726,8041875.0,6123277.0,1174988.0,743610.0,746095.0,733152.0,10034420.0
2018,1727,2647896.0,2304810.0,230969.0,112117.0,99555.0,93487.0,2606662.0
2018,1730,2984893.0,1686329.0,932001.0,361863.0,318838.0,317292.0,2852012.0
2018,1731,1123398.0,479032.0,507044.0,137568.0,75765.0,42084.0,2672878.0
2018,1732,562852.0,325863.0,226691.0,10298.0,6924.0,10793.0,571406.0
2018,1733,2043614.0,1483512.0,332750.0,227352.0,93658.0,103947.0,2545569.0
2018,1734,2215837.0,1390455.0,944678.0,-119296.0,-123005.0,-182735.0,5878127.0
2018,1735,3675769.0,3233202.0,368665.0,73902.0,10367.0,18252.0,2983111.0
2018,1736,21757064.0,11719868.0,9985551.0,51645.0,390322.0,353875.0,23743198.0
2018,1737,3001462.0,1800389.0,782571.0,418502.0,452741.0,437920.0,7326012.0
2018,1760,1408741.0,605358.0,580637.0,212538.0,159171.0,151559.0,1834875.0
2018,1762,1019452.0,667942.0,320534.0,30976.0,234288.0,201703.0,3221418.0
2018,1763,164370748.0,142526982.0,6917273.0,14926493.0,10872776.0,8967767.0,108810773.0
2018,1764,126981670.0,102099716.0,8138213.0,16743741.0,17057617.0,19942874.0,165568942.0
2018,1765,119680883.0,99987159.0,5860299.0,13833425.0,12071603.0,3868524.0,127364469.0
2018,1770,4462499.0,2912901.0,1088806.0,460792.0,403304.0,646264.0,5964739.0
2018,1773,8034146.0,6035961.0,946711.0,1051474.0,930149.0,952778.0,6090064.0
2018,1775,6281135.0,4587272.0,993689.0,702349.0,480733.0,420330.0,7367429.0
2018,1776,1918688.0,1702316.0,230489.0,-14117.0,-24537.0,-34999.0,1968928.0
2018,1783,427680.0,245112.0,136380.0,46188.0,57055.0,57569.0,1135457.0
2018,1786,329581.0,112660.0,136261.0,80660.0,86869.0,82987.0,1695797.0
2018,1789,3524263.0,1981749.0,984102.0,558412.0,442978.0,347204.0,12563328.0
2018,1795,6428894.0,3289414.0,2690792.0,448688.0,124088.0,26301.0,14853683.0
2018,1802,46091494.0,38755048.0,5012946.0,2323574.0,1031980.0,-267343.0,85068395.0
2018,1805,79876.0,67208.0,100801.0,-88133.0,-93524.0,-94762.0,1445028.0
2018,1806,5026376.0,3917481.0,1512808.0,-403913.0,-572683.0,-642721.0,11025256.0
2018,1808,13845007.0,10336928.0,866424.0,2641655.0,2186147.0,2218412.0,22404680.0
2018,1809,2477483.0,2001123.0,511195.0,-23206.0,-19014.0,-45084.0,4816463.0
2018,1810,5466174.0,4162717.0,1301446.0,2011.0,-77232.0,-192958.0,10786249.0
2018,1817,2293113.0,1541474.0,403370.0,348253.0,254012.0,258232.0,2291903.0
2018,1903,218526.0,171699.0,218735.0,-171908.0,-166806.0,-267730.0,6464183.0
2018,1904,41181509.0,32657524.0,5664791.0,2859194.0,4090186.0,3845223.0,60038943.0
2018,1905,24025221.0,21674288.0,1752661.0,587577.0,529235.0,482966.0,31360379.0
2018,1906,1980847.0,1934653.0,30206.0,15988.0,502099.0,-6588942.0,5725092.0
2018,1907,76439683.0,64743994.0,9325164.0,2359830.0,1959764.0,2111236.0,118208374.0
2018,1909,52313603.0,45066481.0,4589130.0,2657992.0,911535.0,-5049155.0,71611824.0
2018,2002,400665057.0,351826655.0,15259391.0,33579011.0,27886609.0,26668274.0,674526596.0
2018,2006,39769621.0,36444939.0,2049329.0,1275353.0,888939.0,773254.0,48558493.0
2018,2007,8741762.0,8350274.0,251286.0,140202.0,10865.0,3242.0,20329394.0
2018,2008,1413110.0,1434565.0,142765.0,-164220.0,-176411.0,-303293.0,5234846.0
2018,2009,3108695.0,3064729.0,56039.0,-12073.0,85258.0,-450167.0,5151757.0
2018,2010,18510589.0,17495379.0,797913.0,217297.0,243999.0,80619.0,17788971.0
2018,2012,9839602.0,8144956.0,998375.0,696271.0,565571.0,479532.0,10696879.0
2018,2013,20360929.0,20004963.0,330054.0,25912.0,117581.0,91788.0,16936147.0
2018,2014,48238885.0,43853999.0,1509109.0,2875777.0,3033223.0,2837587.0,33420913.0
2018,2015,30865647.0,26694587.0,835388.0,3335672.0,2942415.0,2947556.0,22802756.0
2018,2017,4991101.0,4452222.0,426633.0,112238.0,147765.0,130347.0,8722714.0
2018,2020,4735676.0,4310269.0,238128.0,186175.0,311786.0,228619.0,5725863.0
2018,2022,11117144.0,10501688.0,548052.0,67404.0,7427.0,39578.0,15858348.0
2018,2023,73856189.0,67944988.0,4452691.0,1458510.0,264944.0,243932.0,87061593.0
2018,2024,1447927.0,1265010.0,81564.0,101353.0,74859.0,71729.0,2299864.0
2018,2025,2838205.0,2876674.0,46477.0,-85153.0,-514137.0,-548312.0,2139164.0
2018,2027,83710511.0,65499547.0,8972471.0,9255049.0,6662453.0,7153805.0,97030220.0
2018,2028,11116117.0,10397162.0,168017.0,550938.0,514217.0,307054.0,6757822.0
2018,2029,11282054.0,10574951.0,577207.0,129896.0,97225.0,147799.0,9617442.0
2018,2030,13404359.0,11615748.0,846020.0,942591.0,544078.0,506383.0,10519273.0
2018,2031,8836319.0,7964598.0,300035.0,570786.0,1000012.0,924509.0,17283121.0
2018,2032,3067403.0,2945924.0,96556.0,24923.0,16402.0,18565.0,1968529.0
2018,2033,816819.0,722393.0,83039.0,11387.0,11933.0,19445.0,1234358.0
2018,2038,8142087.0,8318345.0,149703.0,-325961.0,-203293.0,-505392.0,8262867.0
2018,2048,98771686.0,89128468.0,2430078.0,7213140.0,5905681.0,5792168.0,174591832.0
2018,2049,29333129.0,17703549.0,5210385.0,6419195.0,4890423.0,5374127.0,48892842.0
2018,2056,3553969.0,3400743.0,250459.0,-97233.0,-39025.0,-135980.0,4190788.0
2018,2059,4435607.0,2108995.0,588416.0,1738196.0,1775964.0,1771711.0,11206655.0
2018,2062,6736384.0,5905618.0,777793.0,52973.0,109924.0,92496.0,12795649.0
2018,2068,1207444.0,921719.0,237495.0,48230.0,47612.0,13627.0,2468150.0
2018,2069,8553613.0,8052507.0,449752.0,51354.0,870508.0,827581.0,8332226.0
2018,2101,10445261.0,8812256.0,1207138.0,425577.0,183406.0,45953.0,23416014.0
2018,2102,5008113.0,4660853.0,1258130.0,-910870.0,-1225568.0,-1412111.0,14198620.0
2018,2103,29751218.0,26262504.0,2439413.0,1301814.0,1233670.0,1226962.0,30230169.0
2018,2104,24431724.0,17854852.0,1946737.0,4630135.0,3252459.0,3774911.0,49934138.0
2018,2105,109221209.0,84898267.0,16907753.0,7415189.0,3574638.0,2761251.0,174762768.0
2018,2106,31526206.0,25871577.0,5084484.0,570145.0,689162.0,689390.0,40149478.0
2018,2107,1373818.0,1043338.0,229285.0,101195.0,215795.0,182161.0,14124090.0
2018,2108,13809832.0,10555225.0,1314709.0,1939898.0,1591730.0,1565317.0,10156779.0
2018,2109,5256328.0,4327030.0,883699.0,45599.0,-152932.0,-17500.0,7120207.0
2018,2115,2628778.0,2067723.0,291713.0,269342.0,208463.0,152911.0,3383863.0
2018,2201,88115701.0,69156046.0,16946883.0,2018343.0,3847036.0,3159240.0,305673093.0
2018,2204,34869514.0,28676904.0,4292516.0,1898041.0,3892042.0,3524420.0,64504416.0
2018,2206,31350738.0,26052450.0,5397860.0,-99572.0,725006.0,775880.0,37396928.0
2018,2207,187027586.0,171832312.0,13232773.0,,11599830.0,10745915.0,229385705.0
2018,2208,13012326.0,15606190.0,823733.0,-3417597.0,-3100084.0,-2997080.0,22826431.0
2018,2211,10685318.0,8599993.0,635663.0,1449662.0,1310339.0,1434704.0,17497111.0
2018,2215,37584387.0,29821387.0,6729236.0,1033764.0,1179458.0,1229548.0,37945249.0
2018,2218,17420425.0,15612723.0,1738857.0,68845.0,175120.0,175120.0,7324963.0
2018,2222,24092221.0,22356340.0,1674093.0,61788.0,262959.0,238514.0,10107248.0
2018,2225,30336790.0,27974896.0,2069481.0,292413.0,432918.0,418385.0,12190256.0
2018,2227,31257730.0,25931003.0,3989973.0,1336754.0,5890046.0,5562410.0,26099747.0
2018,2228,4223941.0,3061866.0,634852.0,527223.0,502097.0,421968.0,4904300.0
2018,2231,4023647.0,2076464.0,705516.0,1241667.0,1039562.0,1010070.0,6719975.0
2018,2233,2549783.0,1589446.0,436539.0,523798.0,412241.0,383814.0,3629225.0
2018,2236,2191727.0,1582969.0,389374.0,219384.0,164086.0,138774.0,2154382.0
2018,2239,21855386.0,17612510.0,2290476.0,1952400.0,1451327.0,1142840.0,31018498.0
2018,2243,2061361.0,1808575.0,230044.0,22742.0,-34117.0,-9655.0,3959065.0
2018,2246,528050.0,402195.0,438754.0,-313598.0,-262293.0,-262293.0,1112408.0
2018,2247,32355808.0,28608436.0,2847328.0,941703.0,758365.0,787571.0,12139145.0
2018,2248,852999.0,570565.0,176599.0,105835.0,106212.0,92381.0,1077650.0
2018,2249,1572522.0,1395029.0,128864.0,48629.0,43272.0,45480.0,917130.0
2018,2301,207109088.0,180006839.0,19616436.0,7485813.0,7967084.0,7618506.0,197136069.0
2018,2302,520371.0,343587.0,162774.0,14010.0,27653.0,31755.0,1990731.0
2018,2303,151252571.0,128412544.0,22159679.0,5797232.0,2643052.0,3592996.0,364604906.0
2018,2305,584893.0,389330.0,324172.0,-128609.0,-12777.0,-51840.0,2611304.0
2018,2308,237017809.0,173463422.0,45387664.0,18166723.0,18648584.0,19250620.0,261935424.0
2018,2311,293220938.0,243845869.0,26631040.0,22744029.0,16340921.0,15128948.0,275039478.0
2018,2312,132832644.0,124274393.0,6778570.0,1779681.0,985747.0,-139799.0,99147870.0
2018,2313,50828101.0,43602667.0,2604374.0,4621060.0,2399731.0,2066049.0,57667931.0
2018,2314,7969155.0,6902794.0,1011169.0,55192.0,52109.0,35017.0,5918188.0
2018,2316,5523819.0,5115407.0,490543.0,-82131.0,300563.0,102245.0,12167433.0
2018,2317,5293803022.0,4961773118.0,195883029.0,136146875.0,129835425.0,100896944.0,3381355427.0
2018,2321,2428662.0,2184577.0,343102.0,-99017.0,-55506.0,55084.0,2104482.0
2018,2323,8707381.0,8084703.0,1240590.0,-617912.0,423399.0,509357.0,25360851.0
2018,2324,967706411.0,937139320.0,21305345.0,9261746.0,9589301.0,9977188.0,399794823.0
2018,2325,87416767.0,69569382.0,8649383.0,9198002.0,7689874.0,7158784.0,118752702.0
2018,2327,77155611.0,28310343.0,11937300.0,36907968.0,33840152.0,33108323.0,122756622.0
2018,2328,27160517.0,24808493.0,1140449.0,1211575.0,1348685.0,914038.0,23074059.0
2018,2329,15188192.0,14656055.0,938200.0,-406063.0,-111548.0,-157455.0,16746443.0
2018,2330,1031473557.0,533487516.0,112149280.0,383623524.0,351184406.0,361021382.0,2090128038.0
2018,2331,31796016.0,29279029.0,2840571.0,-323584.0,22014.0,-33630.0,23500383.0
2018,2332,19383203.0,13781215.0,5353017.0,248971.0,145453.0,29684.0,17606823.0
2018,2337,36953032.0,23026713.0,7416981.0,6509338.0,8992849.0,8049801.0,59048821.0
2018,2338,2885982.0,2256974.0,369472.0,259536.0,145820.0,147119.0,3864318.0
2018,2340,5364610.0,3742738.0,883865.0,738007.0,653141.0,917655.0,10194332.0
2018,2342,1852559.0,1497483.0,228975.0,126101.0,183545.0,177486.0,3698067.0
2018,2344,51190323.0,32039220.0,11224406.0,7926697.0,7727658.0,5989186.0,96042464.0
2018,2345,43092155.0,35312058.0,4307389.0,3472708.0,2952181.0,2878071.0,22378327.0
2018,2347,383194939.0,368696835.0,9085856.0,5412248.0,6912660.0,5895114.0,147518369.0
2018,2348,1129958.0,463741.0,214073.0,452144.0,460258.0,430648.0,2420143.0
2018,2349,9358661.0,8811059.0,1579361.0,-1031759.0,-1234502.0,-1426987.0,23694775.0
2018,2351,10416495.0,8485037.0,832364.0,1099094.0,888569.0,858909.0,11381615.0
2018,2352,155783161.0,136540185.0,14666817.0,4576159.0,4450654.0,4601736.0,119807283.0
2018,2353,242270406.0,216442207.0,22256745.0,3738489.0,2901960.0,2709082.0,153989410.0
2018,2354,142057432.0,128564689.0,4886359.0,8606384.0,9150847.0,-29879780.0,156330565.0
2018,2355,20173888.0,18098029.0,1180806.0,895053.0,162225.0,169941.0,23155834.0
2018,2356,506884018.0,483002434.0,16390869.0,7490715.0,5318996.0,4404219.0,205803922.0
2018,2357,354187665.0,302173389.0,35038642.0,16975634.0,5272496.0,-2340664.0,342165876.0
2018,2358,2332162.0,2147779.0,100138.0,84245.0,70331.0,69488.0,2574218.0
2018,2359,3948938.0,3168334.0,629923.0,150681.0,316809.0,317049.0,6091130.0
2018,2360,16931128.0,9472788.0,4418660.0,3039633.0,2547179.0,2550666.0,23202464.0
2018,2362,19796072.0,14515709.0,3813514.0,1466849.0,1456359.0,849356.0,112459857.0
2018,2363,223085.0,178744.0,433605.0,-389264.0,-175218.0,-1151129.0,6384457.0
2018,2364,919537.0,685383.0,279567.0,-45413.0,-84926.0,-86987.0,1129382.0
2018,2365,2019780.0,1571487.0,489613.0,-41320.0,95119.0,-162875.0,4664837.0
2018,2367,19539609.0,16831845.0,1896191.0,811573.0,639123.0,498545.0,22246556.0
2018,2368,20596419.0,17596269.0,2049255.0,773866.0,228870.0,235950.0,21195548.0
2018,2369,5242959.0,5003563.0,514837.0,-275441.0,-195314.0,-174037.0,8149536.0
2018,2371,60622725.0,63084519.0,13062189.0,-15483127.0,-33292908.0,-34080465.0,139161914.0
2018,2373,14343895.0,8041199.0,4817734.0,1465824.0,1650814.0,1540693.0,17280393.0
2018,2374,7635028.0,6988737.0,1386152.0,-739861.0,-425525.0,-987630.0,11048088.0
2018,2375,2972450.0,2403834.0,799873.0,-231257.0,2856013.0,2900962.0,13305484.0
2018,2376,60923590.0,50800376.0,7847626.0,2275588.0,2496125.0,2511252.0,35734595.0
2018,2377,118527273.0,102397587.0,9437736.0,6691950.0,6041129.0,5944009.0,55174173.0
2018,2379,45805746.0,25344876.0,16696410.0,3770758.0,4350781.0,5054264.0,58252314.0
2018,2380,2126778.0,1611523.0,951759.0,-436504.0,-426418.0,-508973.0,2879896.0
2018,2382,1027991038.0,984117743.0,29576465.0,14295496.0,15332361.0,15807829.0,659467182.0
2018,2383,22890928.0,18314678.0,1820917.0,2755333.0,1754433.0,1565610.0,21962463.0
2018,2384,16643.0,341272.0,146501.0,-471130.0,-1499601.0,-1507367.0,13492636.0
2018,2385,87260406.0,74643642.0,7967228.0,4649536.0,3978909.0,3461817.0,68931908.0
2018,2387,10437089.0,9203001.0,1092426.0,141662.0,125969.0,-4536.0,12874568.0
2018,2388,4796841.0,3480323.0,2545569.0,-1229051.0,77841.0,54374.0,8430537.0
2018,2390,672356.0,553042.0,267890.0,-148576.0,-173091.0,-176809.0,2728116.0
2018,2392,87910961.0,80250155.0,7534282.0,126524.0,544185.0,-165400.0,71169035.0
2018,2393,24089291.0,18434713.0,4765510.0,889068.0,863079.0,474805.0,29084143.0
2018,2395,48726518.0,30063070.0,11196049.0,7467399.0,6316748.0,5824285.0,43937072.0
2018,2397,5211122.0,3670331.0,759144.0,781647.0,605337.0,613798.0,4722147.0
2018,2399,3040055.0,2750636.0,353795.0,-64376.0,-190496.0,-202412.0,3031177.0
2018,2401,6050137.0,3648349.0,2491254.0,-89790.0,142323.0,10962.0,11926984.0
2018,2402,7231688.0,6721113.0,427957.0,82618.0,145110.0,93768.0,9670923.0
2018,2404,18127934.0,14944493.0,811341.0,2372100.0,2274169.0,1274491.0,20810603.0
2018,2405,4204530.0,3588798.0,788404.0,-172672.0,-135832.0,-125129.0,4096543.0
2018,2406,9378711.0,9520529.0,1020462.0,16147.0,-2162825.0,-2193443.0,18708505.0
2018,2408,84721804.0,38105801.0,7260533.0,39355470.0,39360850.0,39113270.0,182585813.0
2018,2409,307634389.0,279494885.0,21471639.0,6667865.0,7959895.0,6576120.0,409831775.0
2018,2412,215483158.0,139545457.0,32404493.0,43643659.0,36456171.0,35441718.0,467268704.0
2018,2413,3832372.0,3221206.0,598837.0,12329.0,4468.0,-14178.0,4756301.0
2018,2414,17147711.0,15604122.0,1241908.0,301681.0,260503.0,269228.0,5995820.0
2018,2415,2197370.0,1630177.0,312426.0,212533.0,125738.0,165837.0,4797160.0
2018,2417,2801134.0,1424084.0,1377353.0,-303.0,27399.0,34244.0,4758772.0
2018,2419,10057776.0,8210403.0,1485110.0,362263.0,295935.0,282476.0,9961129.0
2018,2420,2820470.0,1780188.0,494787.0,545495.0,500570.0,501087.0,5650553.0
2018,2421,11965298.0,9563763.0,1799986.0,601549.0,607683.0,575126.0,8971556.0
2018,2423,2575323.0,1277716.0,947456.0,350151.0,343044.0,330341.0,3246879.0
2018,2425,4083032.0,3715016.0,125123.0,242893.0,244304.0,161093.0,2014503.0
2018,2426,3028131.0,2413645.0,448469.0,166017.0,488151.0,487965.0,6431402.0
2018,2427,3354042.0,2416260.0,840346.0,97436.0,115559.0,58329.0,4276492.0
2018,2428,6019949.0,3778789.0,856125.0,1385035.0,988628.0,917883.0,8245947.0
2018,2429,905136.0,798709.0,105910.0,517.0,-11810.0,-11785.0,932718.0
2018,2430,20570152.0,17490282.0,2781151.0,298719.0,222651.0,220194.0,9261481.0
2018,2431,2428431.0,2299570.0,381735.0,-252874.0,-189823.0,-256988.0,2287901.0
2018,2433,4090448.0,2846704.0,786766.0,456978.0,544284.0,808073.0,8452109.0
2018,2434,304695.0,411274.0,66837.0,-173416.0,-180728.0,-175518.0,870812.0
2018,2436,2564457.0,1930122.0,457354.0,176981.0,176265.0,167139.0,3837550.0
2018,2438,444165.0,311305.0,62916.0,69944.0,53406.0,43126.0,1010335.0
2018,2439,35494808.0,30769740.0,2421935.0,2303133.0,2060849.0,-522264.0,30331576.0
2018,2440,3385891.0,3196790.0,176683.0,12418.0,-57959.0,-35697.0,2652852.0
2018,2441,12356434.0,9098195.0,440326.0,2817913.0,2375453.0,2307901.0,18824560.0
2018,2442,6127933.0,4623434.0,653524.0,850975.0,874419.0,861078.0,8147259.0
2018,2443,1186858.0,1175338.0,311566.0,-300046.0,-394044.0,-412659.0,1915812.0
2018,2444,1208068.0,1096707.0,209112.0,-97751.0,-99100.0,-91978.0,1274688.0
2018,2449,20815369.0,15451671.0,2644017.0,2719681.0,1793890.0,1548217.0,47155759.0
2018,2450,31240940.0,27696178.0,3367791.0,119028.0,398517.0,375881.0,9727886.0
2018,2451,17615965.0,14085715.0,1390496.0,2139754.0,2081995.0,2066577.0,21864512.0
2018,2453,4726730.0,3616599.0,1073540.0,36591.0,60231.0,62895.0,3338658.0
2018,2454,238057346.0,146333658.0,75541212.0,16182476.0,20782396.0,20860976.0,402836044.0
2018,2456,17553007.0,11422771.0,2306880.0,3823356.0,2866095.0,2678691.0,41047234.0
2018,2457,12138723.0,10875533.0,1623891.0,-360701.0,-246614.0,-285175.0,10476559.0
2018,2458,8651332.0,4709457.0,2213889.0,1730288.0,1531702.0,1560850.0,9803147.0
2018,2459,8792493.0,7582601.0,684659.0,525233.0,491269.0,407269.0,8284872.0
2018,2460,3950854.0,3672842.0,377967.0,-99955.0,-89247.0,-189478.0,6011766.0
2018,2461,5202250.0,4116452.0,921044.0,172849.0,24455.0,-53787.0,6610157.0
2018,2462,4481851.0,4116284.0,409818.0,-44251.0,11266.0,-40844.0,4910019.0
2018,2464,14406440.0,11746505.0,1512769.0,1146252.0,953813.0,889343.0,12418628.0
2018,2465,3329161.0,2853144.0,489582.0,-13565.0,-82683.0,-87006.0,1259908.0
2018,2466,2626834.0,2416191.0,280871.0,-70228.0,3502.0,-10911.0,3968060.0
2018,2467,5699786.0,3902079.0,1118510.0,679197.0,597641.0,560078.0,6509730.0
2018,2468,1658723.0,1470521.0,154224.0,33978.0,42486.0,39296.0,1567110.0
2018,2471,673521.0,424530.0,206048.0,42943.0,57174.0,59633.0,1117235.0
2018,2472,8048055.0,5891006.0,1003577.0,1153472.0,904149.0,784883.0,10904598.0
2018,2474,95416141.0,56791945.0,9019834.0,29604362.0,27994853.0,27466544.0,257159913.0
2018,2476,5126570.0,3753401.0,863873.0,510600.0,354849.0,257810.0,7445015.0
2018,2477,3445190.0,2760865.0,510834.0,173491.0,168671.0,164303.0,5617550.0
2018,2478,6020511.0,3698357.0,734241.0,1587913.0,1368843.0,1297842.0,8753366.0
2018,2480,4648442.0,3267015.0,881626.0,499801.0,404220.0,389032.0,4963595.0
2018,2481,11365605.0,8827862.0,1605288.0,932455.0,842531.0,516000.0,15750436.0
2018,2482,1013873.0,613098.0,393508.0,7267.0,3336.0,6698.0,1121383.0
2018,2483,2037314.0,1581320.0,370551.0,85443.0,160667.0,170620.0,3713331.0
2018,2484,2691882.0,2114678.0,359715.0,217489.0,259983.0,311490.0,4119949.0
2018,2485,7771558.0,7119343.0,778044.0,-125829.0,277170.0,275399.0,9016100.0
2018,2486,3988485.0,3651011.0,530648.0,-193174.0,-115374.0,-142907.0,6281484.0
2018,2488,2632421.0,2018109.0,320057.0,294255.0,294675.0,294579.0,3023933.0
2018,2489,15077957.0,13380665.0,1763410.0,-66118.0,182152.0,84802.0,19017444.0
2018,2491,355194.0,271173.0,108801.0,-24780.0,-41441.0,-41441.0,2088398.0
2018,2492,47755334.0,18909295.0,3644762.0,25201277.0,20529452.0,20079809.0,63468502.0
2018,2495,1384101.0,811134.0,527387.0,45580.0,119414.0,118976.0,4968007.0
2018,2496,917579.0,487004.0,318765.0,111810.0,126454.0,125462.0,1313327.0
2018,2497,1977930.0,1667077.0,578741.0,-267888.0,-232002.0,-222272.0,2827271.0
2018,2498,23740610.0,23225592.0,14478631.0,-13963613.0,12024901.0,11459054.0,67710819.0
2018,2501,14294770.0,10576571.0,1489966.0,2228233.0,4241797.0,3980851.0,48771388.0
2018,2504,18644806.0,17236929.0,957895.0,449982.0,591187.0,561761.0,35709080.0
2018,2505,752654.0,521191.0,270814.0,-39351.0,-50989.0,-60132.0,17689535.0
2018,2506,1626127.0,867909.0,539594.0,218307.0,237489.0,143152.0,15717268.0
2018,2509,3950639.0,2419515.0,388271.0,1142853.0,986870.0,1020914.0,8760007.0
2018,2511,11855207.0,8492700.0,2303674.0,1058833.0,1243877.0,1033119.0,50755603.0
2018,2514,111994.0,64555.0,149053.0,-101614.0,25097.0,-54535.0,12623316.0
2018,2515,11062421.0,10008122.0,701762.0,352537.0,356435.0,277210.0,39790804.0
2018,2516,7471526.0,7369276.0,157739.0,-55489.0,66810.0,107834.0,9142060.0
2018,2520,14435680.0,10436554.0,2089225.0,1909901.0,673313.0,682104.0,51163308.0
2018,2524,3297861.0,2118414.0,516544.0,662903.0,497247.0,497661.0,33312038.0
2018,2527,4541733.0,3243819.0,719001.0,578913.0,400188.0,-444848.0,20553516.0
2018,2530,1212121.0,1014068.0,129875.0,68178.0,20066.0,19489.0,5138392.0
2018,2534,7995306.0,4451214.0,512617.0,3031475.0,3004988.0,2909930.0,31272036.0
2018,2535,14484777.0,13291181.0,515934.0,677662.0,547873.0,563076.0,17734215.0
2018,2536,3918005.0,3267116.0,218264.0,432625.0,444704.0,447055.0,16099486.0
2018,2537,1900407.0,1714389.0,103626.0,82392.0,28444.0,28336.0,8388780.0
2018,2538,148334.0,45129.0,118141.0,-14936.0,50554.0,80007.0,19500273.0
2018,2540,1860434.0,1184124.0,347547.0,328763.0,184853.0,184853.0,11327683.0
2018,2542,44204971.0,31032093.0,3669516.0,9503362.0,8738331.0,8785858.0,130901091.0
2018,2543,4457132.0,4825454.0,148126.0,-516448.0,-522550.0,-545846.0,6693683.0
2018,2545,3060891.0,1868953.0,638061.0,553877.0,847389.0,846972.0,39443007.0
2018,2546,11429192.0,10700319.0,226054.0,502819.0,407513.0,407187.0,6983783.0
2018,2547,31947334.0,24715128.0,2944326.0,4287880.0,3446029.0,3443634.0,50830516.0
2018,2548,4638016.0,3276583.0,604344.0,757089.0,869639.0,881107.0,41003345.0
2018,2549,7217985.0,6494731.0,186798.0,537011.0,835159.0,832821.0,22166770.0
2018,2568,1050641.0,684701.0,95235.0,270705.0,218953.0,210164.0,6598804.0
2018,2597,8646070.0,7335800.0,677804.0,632466.0,731562.0,676327.0,9939516.0
2018,2599,1315255.0,771546.0,160441.0,383268.0,379960.0,381035.0,2655276.0
2018,2601,8043875.0,2311324.0,4424303.0,1308248.0,219589.0,243827.0,34475093.0
2018,2603,169236653.0,161771163.0,8054981.0,926217.0,78501.0,654104.0,229011955.0
2018,2605,3773082.0,3260155.0,159095.0,353832.0,84847.0,696233.0,24428478.0
2018,2606,11523222.0,9808074.0,382139.0,1333009.0,1668840.0,3676097.0,63208651.0
2018,2607,7742438.0,6502626.0,265614.0,974198.0,870248.0,1221835.0,33219084.0
2018,2608,10383996.0,8442511.0,506246.0,1435239.0,1222623.0,1231256.0,15360068.0
2018,2609,141832929.0,141790706.0,6136581.0,-5666392.0,-6306356.0,-6214666.0,139973099.0
2018,2610,170711607.0,153504076.0,13185148.0,4022383.0,2272684.0,1694321.0,230136582.0
2018,2611,937679.0,717240.0,223323.0,-2884.0,50596.0,16998.0,4322735.0
2018,2612,3820224.0,2850536.0,362829.0,606859.0,513711.0,851491.0,20423317.0
2018,2613,2850915.0,2601130.0,141277.0,108508.0,58511.0,43675.0,6426215.0
2018,2614,19304665.0,14445551.0,5260115.0,-401001.0,1509132.0,1373312.0,16691336.0
2018,2615,66778676.0,61776300.0,4013375.0,989001.0,1137238.0,1987194.0,77037350.0
2018,2616,19016293.0,17552052.0,1248023.0,216218.0,236102.0,197113.0,7437043.0
2018,2617,3367236.0,2505063.0,146765.0,715408.0,957635.0,1095185.0,15135901.0
2018,2618,179907332.0,157789642.0,13228562.0,8889128.0,7214513.0,6671018.0,241193903.0
2018,2619,17134216.0,13890847.0,1731881.0,1511488.0,1448717.0,1320683.0,20855156.0
2018,2621,9385614.0,7778341.0,1094795.0,512478.0,704665.0,640245.0,12075183.0
2018,2634,28182098.0,24542508.0,1293432.0,2346158.0,2092016.0,2000548.0,39819554.0
2018,2636,11536269.0,9573033.0,1587038.0,376198.0,366598.0,335895.0,5588206.0
2018,2637,13067626.0,9431342.0,161461.0,3474823.0,1809206.0,2137784.0,88934852.0
2018,2642,3360947.0,2853956.0,433144.0,73847.0,68475.0,51608.0,2382541.0
2018,2702,1169715.0,227903.0,859772.0,82040.0,212662.0,261133.0,6000033.0
2018,2704,2977046.0,1734657.0,922286.0,320103.0,403211.0,422489.0,11481451.0
2018,2705,2024588.0,1427260.0,736123.0,-138795.0,-1314168.0,-1356378.0,8417910.0
2018,2707,6675944.0,4424599.0,1118030.0,1133315.0,1398003.0,1432854.0,7900517.0
2018,2716,19549195.0,16285719.0,1205732.0,2057744.0,2756715.0,1558797.0,71944134.0
2018,2721,378917.0,341020.0,134765.0,-96868.0,-88878.0,-47637.0,2240263.0
2018,2722,670301.0,439713.0,241292.0,-10712.0,20055.0,-2378.0,2527338.0
2018,2723,24115084.0,9950166.0,11879994.0,2284924.0,1659945.0,1568248.0,16165683.0
2018,2727,16286395.0,8789473.0,6928690.0,568232.0,402310.0,349635.0,9457705.0
2018,2730,289023.0,153271.0,113734.0,22018.0,-1458.0,-7332.0,751044.0
2018,2731,29621685.0,26440122.0,3005135.0,176428.0,265850.0,261049.0,6395105.0
2018,2733,702262.0,252199.0,472992.0,-22929.0,-43839.0,-44031.0,1004400.0
2018,2739,4357920.0,2768133.0,1523039.0,84688.0,113619.0,131131.0,3661135.0
2018,2750,440148.0,332341.0,80018.0,27789.0,13018.0,13018.0,1326009.0
2018,2753,4463557.0,2585140.0,1254981.0,623436.0,490935.0,499067.0,2426907.0
2018,2756,701355.0,369169.0,218576.0,113610.0,93656.0,94412.0,530922.0
2018,2801,,,16194853.0,,12646535.0,,2081811670.0
2018,2809,,,1784391.0,,2877801.0,,281094719.0
2018,2812,,,6456769.0,,4008369.0,,690832103.0
2018,2816,7707676.0,5163607.0,1953084.0,590985.0,603282.0,659962.0,17394115.0
2018,2820,,,478583.0,,1335419.0,1098912.0,199531031.0
2018,2823,338495113.0,325583910.0,4954851.0,7956352.0,10177987.0,-25250227.0,1711355336.0
2018,2832,4942674.0,3095451.0,1180816.0,666407.0,560299.0,377222.0,17978481.0
2018,2833,346619863.0,334632885.0,4461798.0,7525180.0,8297625.0,-22911178.0,1768274602.0
2018,2834,,,13034396.0,,0.0,0.0,1619040455.0
2018,2836,,,2293511.0,,479603.0,221027.0,267999101.0
2018,2837,,,6177603.0,,2163245.0,,683274026.0
2018,2838,,,8962158.0,,2955001.0,,647586094.0
2018,2841,365755.0,198509.0,828453.0,-661207.0,401916.0,400035.0,35622066.0
2018,2845,,,6634995.0,,3524201.0,,627351150.0
2018,2848,7012032.0,4751213.0,1481299.0,779520.0,635235.0,361447.0,17998131.0
2018,2849,,,2887878.0,,2210281.0,2178418.0,311491162.0
2018,2850,14749316.0,9580025.0,3156419.0,2012872.0,1770368.0,1232772.0,33032901.0
2018,2855,5774276.0,,4753133.0,1021143.0,1217633.0,1363601.0,70381273.0
2018,2856,5084587.0,,4372001.0,712586.0,830723.0,986502.0,99948348.0
2018,2858,21359506.0,5601410.0,8024500.0,8034908.0,6650334.0,6727010.0,211040941.0
2018,2867,167844489.0,164889627.0,4613142.0,-1658280.0,-312413.0,-15584497.0,1143823929.0
2018,2877,18588515.0,12857857.0,3848030.0,1882628.0,1509836.0,850398.0,37956040.0
2018,2880,,,25774540.0,,14621435.0,13222854.0,2684206863.0
2018,2881,,,58432269.0,,47721022.0,-52865304.0,7715059808.0
2018,2882,,,79606248.0,,51822256.0,-123360907.0,9224483506.0
2018,2883,,,25166272.0,,12814640.0,-22247630.0,2717814828.0
2018,2884,,,25839405.0,,17082768.0,16556006.0,2287787032.0
2018,2885,,,39611658.0,,20498238.0,18528023.0,2287133925.0
2018,2886,,,28601925.0,,28093445.0,27685949.0,3542059361.0
2018,2887,,,22171401.0,,12930133.0,12609465.0,1786893517.0
2018,2888,,,25697374.0,,10478595.0,-35301359.0,3648467252.0
2018,2889,,,2944802.0,,2153415.0,1654074.0,277985923.0
2018,2890,,,19353480.0,,9428325.0,8432713.0,1604926117.0
2018,2891,,,61719970.0,,36035211.0,7864351.0,5753247546.0
2018,2892,,,22906433.0,,17332199.0,17749225.0,2935204419.0
2018,2893,,,8395123.0,,5215403.0,,871072384.0
2018,2895,,,3737998.0,,2551934.0,,474647354.0
2018,2897,,,4604221.0,,1942353.0,,561841574.0
2018,2903,39242551.0,19091584.0,15963638.0,4187329.0,1650495.0,2557772.0,103746341.0
2018,2904,475680.0,269292.0,64300.0,142088.0,118793.0,118402.0,1265791.0
2018,2905,225193699.0,225521922.0,12566913.0,,486301.0,-14990436.0,1163191635.0
2018,2906,6936134.0,5347305.0,1397433.0,191396.0,165126.0,196658.0,7833505.0
2018,2908,39897950.0,29636961.0,9800063.0,460926.0,418921.0,357346.0,25998019.0
2018,2910,436086.0,137588.0,181233.0,117265.0,90104.0,53321.0,6595298.0
2018,2911,6147542.0,3370818.0,2929284.0,-152560.0,-109648.0,-130298.0,5581545.0
2018,2912,244887853.0,160811161.0,71241868.0,12834824.0,11744278.0,12046789.0,127695080.0
2018,2913,254237.0,138634.0,288245.0,-172642.0,-41988.0,-56541.0,24356175.0
2018,2915,10498328.0,4227406.0,1417490.0,4853432.0,15416906.0,-23141272.0,61848376.0
2018,2920,678600.0,271074.0,412405.0,-4879.0,1818.0,2303.0,2043275.0
2018,2923,6928722.0,2930051.0,389640.0,4172758.0,1633159.0,-860858.0,119024757.0
2018,2929,6764779.0,4135772.0,1287609.0,1341398.0,953626.0,857994.0,8498824.0
2018,2936,12013456.0,8694921.0,3321003.0,-2468.0,-21950.0,58303.0,4919877.0
2018,2938,737540.0,271917.0,358462.0,107161.0,79540.0,79540.0,906022.0
2018,2939,3125754.0,2298173.0,336302.0,488708.0,515681.0,514045.0,2039549.0
2018,2940,896346.0,477226.0,407138.0,11982.0,5070.0,14281.0,1078770.0
2018,2942,1413400.0,153999.0,932612.0,326789.0,288645.0,288645.0,2464095.0
2018,2945,11988034.0,9054091.0,2720432.0,213511.0,177643.0,177643.0,3283385.0
2018,3002,612158.0,439584.0,175662.0,-3088.0,-31922.0,-32173.0,1829774.0
2018,3003,3534677.0,2359241.0,519678.0,655758.0,485416.0,293619.0,6329250.0
2018,3004,2279430.0,1574907.0,341892.0,362631.0,301004.0,293131.0,4593424.0
2018,3005,24693836.0,17746433.0,4347011.0,2652222.0,2418377.0,2298345.0,28163690.0
2018,3006,11555124.0,9426197.0,1322512.0,806415.0,716194.0,716531.0,10289312.0
2018,3008,49952158.0,15594576.0,4739535.0,29611940.0,24369534.0,24926881.0,132648424.0
2018,3010,52935016.0,48724664.0,2463062.0,1747290.0,1489361.0,1270145.0,31835712.0
2018,3011,1493314.0,1325974.0,231374.0,-64034.0,-33314.0,-43103.0,1944538.0
2018,3013,6186402.0,5714259.0,373291.0,98852.0,144505.0,123519.0,5121416.0
2018,3014,3363143.0,1590475.0,1221342.0,551326.0,486630.0,360429.0,4939075.0
2018,3015,14522062.0,13065665.0,1702144.0,-246117.0,91671.0,184787.0,13760780.0
2018,3016,4524026.0,3754038.0,270508.0,499480.0,430119.0,424531.0,6009763.0
2018,3017,29066591.0,25619313.0,2727939.0,719339.0,729847.0,587735.0,30396264.0
2018,3018,1349294.0,1249839.0,171298.0,-71843.0,-163562.0,-161728.0,1741256.0
2018,3019,19082734.0,15283835.0,2202883.0,1596016.0,1492503.0,1746889.0,20974120.0
2018,3021,2373890.0,1817052.0,395306.0,161532.0,124640.0,104920.0,2260934.0
2018,3022,6185745.0,4213188.0,1285555.0,686979.0,897918.0,772148.0,10801004.0
2018,3023,15645253.0,11725308.0,2288256.0,1631689.0,1371529.0,1396612.0,14201536.0
2018,3024,1574763.0,1230456.0,322065.0,22242.0,150323.0,117177.0,3978803.0
2018,3025,548039.0,340329.0,213423.0,-5713.0,957.0,637.0,910446.0
2018,3026,16350840.0,10605078.0,2143642.0,3602120.0,2679905.0,2676722.0,14566988.0
2018,3027,792160.0,537553.0,282843.0,-28511.0,164276.0,142791.0,2181851.0
2018,3028,31079867.0,29266758.0,1119069.0,694040.0,409036.0,-3127.0,16714193.0
2018,3029,6647352.0,5965608.0,401162.0,280582.0,252037.0,244864.0,4393847.0
2018,3030,4919426.0,2290122.0,1359553.0,1269751.0,1064399.0,1048163.0,6468296.0
2018,3031,1650740.0,1303626.0,322843.0,24271.0,86910.0,80047.0,3354246.0
2018,3032,7432967.0,6459055.0,896708.0,493159.0,460811.0,403533.0,8385420.0
2018,3033,52987131.0,49587046.0,2131800.0,1268285.0,624054.0,692705.0,25605201.0
2018,3034,54833856.0,37818423.0,9400270.0,7615163.0,6390630.0,6172191.0,48069623.0
2018,3035,4904658.0,2299781.0,2321869.0,283008.0,261151.0,96193.0,6814719.0
2018,3036,273416485.0,262771537.0,5391233.0,5253715.0,2778515.0,3039517.0,93824808.0
2018,3037,75732780.0,67349463.0,7001726.0,1389562.0,1829633.0,1259917.0,104616428.0
2018,3038,2818735.0,2339384.0,420461.0,60968.0,112163.0,83094.0,3394068.0
2018,3040,189634.0,75739.0,40561.0,73334.0,82491.0,13213.0,1544199.0
2018,3041,2412587.0,1987374.0,1495241.0,-1070028.0,-762252.0,-770924.0,4467496.0
2018,3042,8156268.0,6328642.0,1294325.0,533301.0,644249.0,397493.0,12561726.0
2018,3043,1055335.0,811633.0,252308.0,-8606.0,-1809.0,26422.0,1198163.0
2018,3044,52105683.0,42341188.0,4342610.0,5421885.0,4938525.0,4479911.0,71520505.0
2018,3045,118732328.0,84315734.0,16885497.0,18162042.0,14485768.0,14584322.0,147667028.0
2018,3046,1703858.0,1168348.0,546805.0,-11295.0,-10931.0,-17362.0,1444818.0
2018,3047,6873561.0,5219802.0,1441677.0,212082.0,121978.0,127256.0,6968322.0
2018,3048,80259405.0,77716731.0,1650843.0,891831.0,243627.0,322303.0,17318162.0
2018,3049,2843178.0,2363500.0,308438.0,171240.0,177650.0,178740.0,16450252.0
2018,3050,790567.0,566891.0,182770.0,40906.0,62893.0,14198.0,4212116.0
2018,3051,2453837.0,1973916.0,324847.0,155074.0,-104133.0,-113244.0,8628786.0
2018,3052,1070737.0,1136162.0,138944.0,-204369.0,-135144.0,-139963.0,10683285.0
2018,3054,185512.0,174091.0,66080.0,-54659.0,891.0,-47294.0,1061813.0
2018,3055,3152979.0,2447938.0,637063.0,67978.0,86173.0,87676.0,3498536.0
2018,3056,2661309.0,2006309.0,277377.0,377623.0,333505.0,334591.0,9663862.0
2018,3057,1829387.0,1240515.0,735178.0,-24892.0,-63653.0,-61328.0,2154818.0
2018,3058,4867659.0,4270484.0,777729.0,-180554.0,-158422.0,-203447.0,4729625.0
2018,3059,11193569.0,9875021.0,1227291.0,91257.0,173150.0,200273.0,16270470.0
2018,3060,6786263.0,6478167.0,697663.0,-389567.0,-371943.0,-331745.0,6475947.0
2018,3062,8598958.0,8048888.0,469630.0,80440.0,166600.0,105928.0,7736642.0
2018,3090,10679189.0,7705698.0,1121207.0,1852284.0,1574915.0,1822458.0,8781114.0
2018,3092,3118343.0,2303222.0,354351.0,506905.0,393629.0,369963.0,3563160.0
2018,3094,261095.0,87299.0,163816.0,9980.0,37923.0,39693.0,1209347.0
2018,3097,2314314.0,1600515.0,829402.0,-115603.0,9442.0,2021.0,2279070.0
2018,3117,815484.0,757542.0,108324.0,-50382.0,-44105.0,-43229.0,1079288.0
2018,3130,1577612.0,159204.0,1095299.0,323109.0,282083.0,281086.0,2435248.0
2018,3138,748016.0,412562.0,271937.0,63517.0,60478.0,49404.0,1006450.0
2018,3149,4170703.0,4086603.0,267815.0,-183715.0,-124499.0,-128782.0,5095671.0
2018,3157,13466976.0,10632493.0,5335064.0,-2500581.0,-4113129.0,-4115879.0,34267179.0
2018,3158,558568.0,197906.0,272301.0,88361.0,68117.0,68773.0,603065.0
2018,3164,406532.0,128985.0,155342.0,122205.0,157626.0,150762.0,1658314.0
2018,3167,3986979.0,2868244.0,592417.0,526318.0,447860.0,413296.0,4507407.0
2018,3168,2945763.0,2464792.0,296681.0,184478.0,110009.0,106112.0,1866116.0
2018,3184,324182.0,175408.0,158711.0,-9937.0,-23283.0,-22610.0,529769.0
2018,3189,23727929.0,18341427.0,4594852.0,791650.0,411040.0,373402.0,42623954.0
2018,3197,500.0,483.0,8236.0,-8219.0,-9706.0,-11030.0,1079260.0
2018,3209,31795068.0,30342734.0,974825.0,477509.0,216276.0,250604.0,11471563.0
2018,3229,459443.0,415496.0,127538.0,-83591.0,-74022.0,-69320.0,1029683.0
2018,3231,889536347.0,851977091.0,26793240.0,10766016.0,7285189.0,7804125.0,339102575.0
2018,3257,775692.0,436295.0,292054.0,47343.0,113287.0,116220.0,1861332.0
2018,3266,2725277.0,2286007.0,315939.0,123331.0,62218.0,31808.0,10409137.0
2018,3280,2291298.0,2182309.0,265556.0,-156567.0,-153963.0,-166467.0,3049358.0
2018,3296,3140740.0,2665721.0,412672.0,62347.0,99160.0,88532.0,2448464.0
2018,3305,5452254.0,4895941.0,433087.0,121498.0,43080.0,29181.0,6463419.0
2018,3308,751682.0,747343.0,172325.0,-167986.0,-156247.0,-144750.0,1956558.0
2018,3311,2251044.0,1961808.0,440512.0,-151276.0,-33816.0,-38419.0,4743982.0
2018,3312,9812498.0,9368342.0,299250.0,144906.0,138461.0,158747.0,3808639.0
2018,3321,2413285.0,2390227.0,405154.0,-382096.0,-338170.0,-350917.0,3301149.0
2018,3338,3459839.0,2756342.0,564848.0,138649.0,136896.0,120027.0,3525039.0
2018,3346,4404913.0,3615313.0,554849.0,234751.0,205941.0,172897.0,4565970.0
2018,3349,668557.0,563731.0,111520.0,-6694.0,6216.0,8535.0,659573.0
2018,3356,1480385.0,986673.0,607852.0,-114140.0,56407.0,64758.0,2783166.0
2018,3369,739909.0,629900.0,114371.0,-4362.0,-11826.0,-15318.0,650936.0
2018,3376,9644924.0,7319722.0,817832.0,1507370.0,1191456.0,1132786.0,17318648.0
2018,3380,15608222.0,13504544.0,2303706.0,-200028.0,-88009.0,-164062.0,14929075.0
2018,3383,901674.0,1058807.0,186327.0,-343460.0,-342604.0,-319736.0,3667620.0
2018,3391,354570.0,205353.0,122107.0,27110.0,22750.0,20614.0,454931.0
2018,3405,381462.0,287866.0,79209.0,14387.0,17484.0,8993.0,656317.0
2018,3406,7914252.0,4847836.0,1826482.0,1239934.0,903088.0,788104.0,12582687.0
2018,3413,9304949.0,6992872.0,979437.0,1332640.0,1162661.0,1036814.0,8041689.0
2018,3416,1565353.0,1012197.0,350525.0,202631.0,205026.0,195625.0,2502005.0
2018,3419,1866207.0,1462814.0,380291.0,23231.0,66172.0,37501.0,2131928.0
2018,3429,3687540.0,3435374.0,223435.0,28731.0,12745.0,14784.0,1736969.0
2018,3430,1338936.0,1000132.0,159399.0,179405.0,143581.0,143336.0,1231586.0
2018,3432,114022.0,68687.0,82257.0,-36922.0,279623.0,313563.0,1911178.0
2018,3437,4643051.0,4363853.0,674425.0,-395227.0,-386785.0,-421826.0,4935269.0
2018,3443,13459804.0,9442762.0,2920669.0,1096373.0,988156.0,988678.0,8109240.0
2018,3447,3183595.0,2917033.0,428210.0,-161648.0,-229976.0,-260586.0,2354524.0
2018,3450,6842243.0,5098201.0,601491.0,1142551.0,985435.0,972969.0,8382008.0
2018,3454,5235966.0,3435662.0,1520728.0,279576.0,266167.0,276814.0,4457566.0
2018,3462,783981.0,583780.0,199522.0,5323.0,5834.0,-4608.0,965405.0
2018,3463,3681787.0,3290065.0,291613.0,100109.0,50504.0,48915.0,3144478.0
2018,3472,99068.0,59483.0,108083.0,-68498.0,-101331.0,-98739.0,443658.0
2018,3481,279376115.0,252562557.0,21978262.0,4835296.0,2222762.0,-1373882.0,411919604.0
2018,3485,327246.0,266028.0,37616.0,23602.0,45702.0,43495.0,1042621.0
2018,3494,1225841.0,1040918.0,511377.0,-326454.0,-422243.0,-411028.0,3599776.0
2018,3501,5522112.0,4003224.0,751575.0,767313.0,709301.0,649276.0,8312248.0
2018,3504,6262245.0,5007427.0,1088188.0,166630.0,180159.0,154095.0,5701485.0
2018,3507,386458.0,280622.0,77713.0,28123.0,31791.0,31013.0,783859.0
2018,3515,10193155.0,7925392.0,1601712.0,666051.0,592796.0,709864.0,9364193.0
2018,3518,576456.0,561454.0,297287.0,-282285.0,-338308.0,-366332.0,2362814.0
2018,3528,4122747.0,3548018.0,316111.0,258618.0,177388.0,172245.0,3182393.0
2018,3530,2034267.0,1564468.0,289745.0,180054.0,157432.0,158292.0,2441024.0
2018,3532,16358126.0,9394329.0,783909.0,6179888.0,5580459.0,5592995.0,24772588.0
2018,3533,13311518.0,8962649.0,2366429.0,1982440.0,1708299.0,1651989.0,13790208.0
2018,3535,1537750.0,1151082.0,320625.0,55596.0,84206.0,83488.0,2834874.0
2018,3536,1131495.0,1018900.0,170498.0,-57903.0,-64819.0,-76933.0,1963714.0
2018,3543,3549177.0,3111935.0,420602.0,16640.0,64020.0,3262.0,5513289.0
2018,3545,9919368.0,8357068.0,2237356.0,-675056.0,-2488118.0,-2380543.0,11300121.0
2018,3550,4096096.0,3332348.0,575028.0,188720.0,122610.0,81917.0,3829157.0
2018,3557,28581.0,41111.0,51963.0,-64389.0,317.0,317.0,638027.0
2018,3563,3111876.0,945194.0,582530.0,1584152.0,1307717.0,1306569.0,3472047.0
2018,3576,12983920.0,13722481.0,1718847.0,-2709476.0,-463609.0,-735738.0,58286287.0
2018,3583,3988033.0,2539665.0,934753.0,513615.0,417770.0,420282.0,3899958.0
2018,3585,658435.0,583206.0,113977.0,-24255.0,-8175.0,-18020.0,1694887.0
2018,3588,1080437.0,691743.0,366820.0,21874.0,37015.0,39654.0,1600620.0
2018,3591,2614351.0,2167693.0,425426.0,21232.0,44302.0,-41950.0,3858161.0
2018,3592,10962785.0,8440677.0,1903699.0,618409.0,561869.0,571454.0,7545128.0
2018,3593,820205.0,744046.0,140640.0,-64481.0,-146504.0,-154861.0,1306360.0
2018,3595,485236.0,380622.0,71236.0,33378.0,31821.0,31262.0,380192.0
2018,3596,26621262.0,23465062.0,2184757.0,971443.0,880183.0,911835.0,21253480.0
2018,3603,172766.0,133389.0,53926.0,-14549.0,1994.0,-742.0,325539.0
2018,3605,6710893.0,5337999.0,1237562.0,135332.0,222354.0,185448.0,8540808.0
2018,3607,5499980.0,5516027.0,680075.0,-662106.0,-890542.0,-985738.0,6990322.0
2018,3617,8333494.0,4843622.0,2831699.0,658173.0,592790.0,600783.0,9429628.0
2018,3622,738793.0,637673.0,210578.0,-109458.0,123068.0,246083.0,4673757.0
2018,3633,4256414.0,3806367.0,220845.0,229202.0,199066.0,189282.0,2655729.0
2018,3645,2268611.0,1460082.0,332985.0,475544.0,378821.0,377311.0,4059715.0
2018,3653,4681900.0,3536476.0,637962.0,507462.0,493679.0,475909.0,6821914.0
2018,3656,576541.0,608474.0,153446.0,-185379.0,-231083.0,-230736.0,1278528.0
2018,3661,3450678.0,2159237.0,969516.0,321925.0,257357.0,339293.0,3717404.0
2018,3665,21392398.0,16802531.0,2801039.0,1788828.0,1399589.0,1418860.0,17736102.0
2018,3669,2109636.0,1126688.0,929238.0,53710.0,46066.0,51439.0,2923308.0
