year,stock_code,industry_category,nr_employee,em_salary_total,em_salary_avg,em_salary_med,eps,ind_avg_em_salary_avg,ind_avg_eps,note_a,note_b,note_c,notes
2020,1101,水泥工業,1068,1169106,1095,946.0,4.32,902,3.82,,,,
2020,1102,水泥工業,459,512626,1117,1006.0,4.7,902,3.82,,,,
2020,1103,水泥工業,75,95466,1273,1061.0,2.74,902,3.82,,,True,本公司109年度EPS雖較108年度成長，但109年度整體經濟環境受COVID-19疫情影響，且公司因應轉型，109年度員工人數成長約10%，故薪資平均數與中位數皆略有下修。
2020,1104,水泥工業,401,303999,758,675.0,1.91,902,3.82,,,True,本公司非擔任主管職務之全時員工，大部分老員工已相繼退休，目前員工為年資較淺之新員工及給薪未滿12個月的新員工，因此造成薪資平均數較低。本公司秉持共創價值、利潤分享之理念，持續優化同仁薪酬水準。
2020,1108,水泥工業,407,212212,521,474.0,0.97,902,3.82,,,,
2020,1109,水泥工業,346,227469,657,612.0,2.94,902,3.82,,,,
2020,1110,水泥工業,106,60949,575,558.0,0.04,902,3.82,,,,
2020,1201,食品工業,1403,984224,702,654.0,1.06,813,3.11,,,,
2020,1203,食品工業,710,406774,573,544.0,1.81,813,3.11,,,,
2020,1210,食品工業,2282,1598553,701,591.0,3.99,813,3.11,,True,,本公司營業項目與其它食品業有所差異，以飼料為大宗佔55%，食品相對略低佔19%，人力結構中外籍移工將近三成。 依照公司營運目標的進展與獲利發放各項獎金、年終獎金，員工酬勞依年度可分配盈餘不低於2%提撥發放。
2020,1213,食品工業,94,37323,397,371.0,-0.48,813,3.11,True,,,非擔任主管職務之全時員工薪資增加主要原因為本公司去年經營績效回穩，調整員工各項應有薪資(含獎金)以及其他福利政策的發放，因此產生變動差異數字。
2020,1215,食品工業,2143,1374108,641,504.0,6.18,813,3.11,,True,,"本公司屬勞力密集,生產部員工學歷偏低,如扣除依法申請外勞(約佔總人數36%),本國員工薪資應符合市場行情。109年非主管職之全時員工人數比108年增加121人,因加班時數降低及新進員工增加,也影響薪資平均數之高低。"
2020,1216,食品工業,5270,6506202,1235,1051.0,3.79,813,3.11,,,,
2020,1217,食品工業,532,357195,671,559.0,0.47,813,3.11,,,,
2020,1218,食品工業,497,371743,748,641.0,1.75,813,3.11,,,,
2020,1219,食品工業,591,374797,634,591.0,1.91,813,3.11,,,,
2020,1220,食品工業,211,118319,561,538.0,1.02,813,3.11,,,,
2020,1225,食品工業,216,142612,660,585.0,1.72,813,3.11,,,,
2020,1227,食品工業,919,735626,800,722.0,3.54,813,3.11,,True,,本公司逐年調漲整體薪資結構，相較於前一年，雖2020年EPS減少6%，但非擔任主管職務之全時員工（年度）薪資平均數仍有5.4%成長，整體表現趨近同業平均數。
2020,1229,食品工業,1152,846191,735,677.0,2.43,813,3.11,,,,
2020,1231,食品工業,1961,1154336,589,499.0,3.74,813,3.11,,True,,公司七成以上同仁為基層生產作業人員，其中外籍同仁及未全年在職人數佔三成，造成薪資平均數表現低於同業。本公司秉持共創價值、分享利益、均霑喜悅之理念，將持續優化同仁薪酬水準。
2020,1232,食品工業,140,218573,1561,1356.0,8.08,813,3.11,,,,
2020,1233,食品工業,903,460462,510,446.0,0.63,813,3.11,,,,
2020,1234,食品工業,527,406697,772,669.0,2.22,813,3.11,,,,
2020,1235,食品工業,18,6869,382,409.0,0.65,813,3.11,True,,,"1.本公司已成立40多年，老員工已退休，目前員工為年資較淺之新員工。2.公司獲利原因為業外投資收益，本業實則處於虧損狀態。3.公司依各別員工表現予以調高薪資,並不定期加發獎金以提振員工士氣。"
2020,1236,食品工業,623,299554,481,425.0,0.0,813,3.11,True,,,2020年因疫情關係，禮坊喜餅業績影響甚鉅，亦造成工廠西餅及漢餅產線開工班次減少及無加班薪資，以致影響整體平均薪資。
2020,1240,農業科技,72,50937,707,600.0,4.44,656,3.2,,,,
2020,1259,觀光事業,1000,557786,558,514.0,4.96,498,-1.01,,,,
2020,1264,食品工業,263,193018,734,668.0,16.0,643,2.46,,,,
2020,1268,觀光事業,1317,681756,518,422.0,7.51,498,-1.01,,,True,2020年薪資平均數較2019年減少17仟元，主要係獎金(績效、年終)受本業績效達成情形影響，2020年因COVID-19重創餐飲業，營業淨利率較2019年大幅下滑。本公司2020年EPS較2019年成長，主要係因業外收益挹注。
2020,1301,塑膠工業,6358,8302510,1306,1186.0,3.15,1158,2.94,,,,
2020,1303,塑膠工業,12087,14467606,1197,1132.0,3.24,1158,2.94,,,True,疫情影響下本公司積極適應環境變化尋求新經濟商機，使稅後淨利逆勢成長。2020年補入新進人員較退休人員多，人力結構改變降低平均薪資。2020年發放之年終獎金所得較2019年減少0.89個月。
2020,1304,塑膠工業,453,544236,1201,1090.0,2.25,1158,2.94,,,,台聚公司以外部競爭、內部公平及合法性為前提，提供多元及競爭力之薪酬制度，員工獲派的金額依貢獻、績效表現而定；員工酬勞為回饋同仁獎勵其貢獻，並激勵同仁繼續努力，以創造公司、股東與員工的三贏。
2020,1305,塑膠工業,718,714336,995,965.0,2.95,1158,2.94,,True,,1.因公司非擔任主管職務之資深員工相繼退休，又陸續補入新進員工，使得薪資平均數降低。2.公司每年均依公司獲利情形、物價指數與同業薪資水平，考量調升員工薪資。
2020,1307,塑膠工業,751,441288,588,551.0,0.55,1158,2.94,,,,
2020,1308,塑膠工業,227,291953,1286,1197.0,1.9,1158,2.94,,,,依據公司營運獲利情形及個人績效，發放年終獎金及調整薪資。
2020,1309,塑膠工業,394,482641,1225,1142.0,5.58,1158,2.94,,,,每年依公司營運狀況調整員工薪資，並依營運策略全產全銷制訂合理之績效獎金制度，以達營運目標。
2020,1310,塑膠工業,184,200583,1090,1040.0,0.55,1158,2.94,,,,109年公司營收下滑導致提撥員工獎金變少所致。
2020,1312,塑膠工業,370,469606,1269,1209.0,4.52,1158,2.94,,,,
2020,1313,塑膠工業,221,265289,1200,1123.0,1.62,1158,2.94,,,,
2020,1314,塑膠工業,1262,980775,777,715.0,0.21,1158,2.94,,,,
2020,1315,塑膠工業,345,195813,568,508.0,31.97,1158,2.94,,True,,1.依學經歷、職等、貢獻度及勞基法規範核薪，並逐年依公司營運及獲利情況調整。2.處分不動產。3.營業項目塑膠製品63.10%4.外籍員工占全體員工13.7%5.上述說明，成長優於同業、較同業標準低，均屬合理。
2020,1316,建材營造,37,27247,736,592.0,0.2,846,1.74,,,,
2020,1319,汽車工業,3256,1850654,568,501.0,1.39,737,5.38,,,,
2020,1321,塑膠工業,456,335186,735,689.0,3.24,1158,2.94,,True,,依公司本業經營績效及營運情形，發放獎金及調薪；109年度因處分長期投資認列投資利益，致獲利較同業佳。
2020,1323,塑膠工業,739,420658,569,477.0,3.2,1158,2.94,,True,,1.永裕為塑膠製品業，就營運規模、產業特性與塑膠原料商大量化生產模式不同。2.外籍移工佔比為31%。3.永裕為塑膠製品業，員工產值偏低。4.109年相較108年EPS成長0.6%，薪資平均值成長0.9%，尚屬合理。
2020,1324,塑膠工業,247,133530,541,457.0,0.22,1158,2.94,,,,
2020,1325,塑膠工業,192,190017,990,734.0,23.16,1158,2.94,,True,,109年度增加聘雇作業人員以增產口罩及不織布，加權平均人數增加50%，公司依學經歷、職位、年資、工作表現、貢獻度及勞基法規範等因素核薪，109年度非經理人之全時員工薪資平均數為990仟元，較108年度增加106.68%。
2020,1326,塑膠工業,4672,6165509,1320,1189.0,3.34,1158,2.94,,,,
2020,1336,電子零組件業,11,8951,814,778.0,2.48,671,1.67,,,True,1.EPS較前一年度成長係有處分投資性不動產之利益2.19億（稅前）。2、2019年全年薪資中有限制員工權利新股員工未賺得酬勞攤銷，2020年僅有1、2月有攤銷。綜上所述，導致薪資平均數衰退情形發生。
2020,1339,汽車工業,281,135716,483,415.0,1.59,737,5.38,True,,,1.非擔任主管職之全職員工人數計281人，其中外籍人數約占33.1%，人員結構影響平均薪資水準。2.每年參考物價指數決定調薪幅度，平均每年調薪幅度約3%。
2020,1342,其他,268,171057,638,548.0,3.15,830,3.65,,,,
2020,1402,紡織纖維,4423,4065115,919,808.0,1.62,634,0.96,,,,
2020,1409,紡織纖維,1718,1098217,639,549.0,1.79,634,0.96,,,True,本公司109年因疫情衝擊營運，員工加班時數減少，且公司年終獎金減少，致平均薪資較前一年少；EPS較前一年成長主要來自於停業單位(大陸子公司與當地政府協議搬遷之土地補償款)，109年繼續營業單位之EPS較108年衰退40%
2020,1410,紡織纖維,72,36170,502,524.0,0.95,634,0.96,,,,
2020,1413,紡織纖維,192,107681,561,519.0,-1.23,634,0.96,,,,本公司109年度非經理人之全時員工(年度)薪資平均數低於同業水準，主要係公司營運虧損及尚有累計虧損待彌補，故無法發放員工紅利所致。
2020,1414,紡織纖維,193,91594,475,447.0,0.27,634,0.96,True,,,109年受疫情影響，出貨和生產量縮，加班支出少致109年平均薪資未達50萬元。
2020,1416,其他,9,5754,639,599.0,-1.85,830,3.65,,,,
2020,1417,紡織纖維,300,150149,500,454.0,-1.86,634,0.96,,,,
2020,1418,紡織纖維,158,75613,479,429.0,-4.2,634,0.96,True,,,本公司因連年虧損.董監事亦多年無酬勞.董事會擬於今(110)年呈請股東常會承認亞可力棉生產線停止生產案.力圖求永續經營暨提昇員工薪酬福利等.
2020,1419,紡織纖維,459,269009,586,518.0,1.22,634,0.96,,True,,本公司整體薪資及獎懲制度配合公司整體營運目標，並依據同仁所擔任職務及個人績效表現訂定而成。109年度因遇covid-19之故，約有4個月因受疫情影響致當月員工獎金偏低，以致整體員工平均薪資較去年微幅降低。
2020,1423,紡織纖維,76,45291,596,558.0,2.56,634,0.96,,True,,本公司資本額不高屬中小型企業，109年度轉投資收益增加致EPS獲利表現較同業平均為佳；惟因紡織相關產業上瘦下肥是普遍存在的現象，公司雖已持續進行基礎人力的薪資結構調整但並不是一蹴可幾。
2020,1432,貿易百貨,228,109684,481,392.0,0.0,826,3.5,True,,True,1.員工核薪依公司薪資級距表核定。2.定期進行同業薪資調查，使員工薪資具競爭力。3.公司人力結構以基層門市服務人力為主，固定薪資起薪較低。4.現場門市服務人員流動率高，新進人員較多，故拉低平均薪資。
2020,1434,紡織纖維,3208,1781030,555,487.0,1.25,634,0.96,,True,,受到2020年新冠病毒影響營業額約減少22%，但本公司未因疫情資遣任何一名員工，僅調整加班時數因應，加班費用約減少43%，故拉低2020年員工薪資平均數。
2020,1435,其他,10,5034,503,501.0,-0.17,830,3.65,,,,
2020,1436,建材營造,35,25578,731,729.0,1.88,846,1.74,,True,,1.本公司EPS較去年低，致年終獎金較去年發放較少2.本公司基於人才培育發展，部份同仁晉升為經理人以致非經理人之全時員工薪資平均數較前一年度微幅下降3.當年度部份員工異動，新進員工敘薪較原職務員工略低
2020,1437,其他,22,14290,650,400.0,1.76,830,3.65,,,,
2020,1438,建材營造,3,1628,543,471.0,0.45,846,1.74,,,,
2020,1439,紡織纖維,6,5082,847,785.0,-2.65,634,0.96,,,,
2020,1440,紡織纖維,1130,636693,563,464.0,0.57,634,0.96,,,,
2020,1441,紡織纖維,119,66758,561,520.0,-2.46,634,0.96,,,,
2020,1442,建材營造,30,22439,748,726.0,0.25,846,1.74,,,,
2020,1443,其他,66,37806,573,544.0,-0.29,830,3.65,,,,
2020,1444,紡織纖維,1114,538922,484,420.0,-0.38,634,0.96,True,,,109年因COVID-19疫情對紡織產業產生重大衝擊，致使公司109年營業收入大幅衰退，因產能降低，使員工109年加班薪資及績效獎金，較去年同期相比減少許多，同時因營運績效衰退，發放員工年終獎金薪酬亦會減少。
2020,1445,紡織纖維,351,171201,488,402.0,-0.44,634,0.96,True,,,"本公司年終獎金給付依據該年度營業績效發放。依公司章程第25條，公司年度如有獲利，提撥2%為員工酬勞。因108年度稅前淨損55,027仟元，以致108年度年終獎金發放減少以及員工酬勞為0，薪資平均數488仟元未達50萬元。"
2020,1446,紡織纖維,44,24234,551,472.0,-0.05,634,0.96,,,,
2020,1447,紡織纖維,1272,629056,495,432.0,-0.48,634,0.96,True,,,109年因COVID-19疫情對紡織產業產生重大衝擊，致使公司109年營業收入大幅衰退，因產能降低，使員工109年加班薪資及績效獎金，較去年同期相比減少許多，同時因營運績效衰退，發放員工年終獎金薪酬亦會減少。
2020,1449,紡織纖維,811,352960,435,396.0,-1.46,634,0.96,True,,,"109年度本期淨損111842千元,較108年度虧損83440千元,增加虧損28402千元,公司109年度受疫情影響造成公司虧損擴大,故109年度並未調薪"
2020,1451,紡織纖維,663,343295,518,472.0,-2.14,634,0.96,,,,
2020,1452,紡織纖維,195,108495,556,462.0,0.74,634,0.96,,,,
2020,1453,建材營造,12,5927,494,511.0,0.15,846,1.74,True,,,"109年經營績效較108年提升,稅後淨利14,950仟元,EPS為0.15元,員工薪資平均數494仟元較108年480仟元增加2.92%, 因尚屬微幅獲利,故109年員工酬勞與公司經營績效尚屬合理."
2020,1454,紡織纖維,415,198748,479,415.0,-0.31,634,0.96,True,,,109年因受新冠肺炎疫情影響，全球商業活動停滯，需求大幅減少，導致生產工廠產能利用率大幅下降，因現場人員部分薪資與生產績效連動，故導致員工平均薪資下降。
2020,1455,紡織纖維,1282,726436,567,490.0,-0.07,634,0.96,,,True,在重視員工政策採取利潤共享原則，訂有完整薪資制度，勞資關係和諧。109年度受疫情影響，為不裁員不減薪，採取降低加班工時，致人年平均加班費減少13千元。若剔除加班費則人年平均薪資費用109年係較108年增加。
2020,1456,建材營造,24,12442,518,487.0,0.73,846,1.74,,,,
2020,1457,紡織纖維,23,15756,685,593.0,2.89,634,0.96,,,,
2020,1459,紡織纖維,172,76301,444,382.0,-0.58,634,0.96,True,,,受新型冠狀病毒疫情影響，整體加班費及獎金減少。
2020,1460,紡織纖維,1623,796084,491,454.0,-1.94,634,0.96,True,,,本公司經理人及員工薪資報酬係依其學經歷並評估個人績效以及考量公司經營成果議定之。
2020,1463,紡織纖維,190,86507,455,403.0,0.33,634,0.96,True,,,本公司於109年度受疫情影響，全年訂單衰退達27%，生產單位在訂單不足情形下員工無法加班，因而全年加班費大幅降低，且因獲利衰退，績效獎金也隨之降低，致使全年收入大幅減少。
2020,1464,紡織纖維,777,373024,480,434.0,-0.54,634,0.96,True,,,本公司109年受新型冠狀病毒因素的影響，接單量及生產量驟減，致員工的加班費及月績效獎金減少所致。
2020,1465,紡織纖維,170,72108,424,374.0,-0.24,634,0.96,True,,,1.非擔任主管職之全職員工人數計170人，其中外籍人數約占28%，人員結構影響平均薪資水準。2.本公司109年度的營運目標未達成，導致相關的變動薪資如加班費、獎金及員工酬勞等相對減少所致。
2020,1466,紡織纖維,334,177518,531,493.0,0.38,634,0.96,,,,
2020,1467,紡織纖維,199,126860,637,548.0,0.72,634,0.96,,,,本公司員工薪酬政策依公司當年度經營績效目標之達成、公司財務狀況等評估個人表現及未來風險之關連而給予合理報酬。每位員工獲派的金額，依職務、貢獻、績效表現而定。
2020,1468,紡織纖維,47,23675,504,462.0,0.26,634,0.96,,,,
2020,1470,紡織纖維,239,125408,525,465.0,0.41,634,0.96,,,,
2020,1471,電子零組件業,29,21992,758,756.0,2.63,851,5.12,,,,
2020,1472,紡織纖維,93,40858,439,409.0,-8.66,634,0.96,True,,,公司尚處於嚴重虧損的狀態，並有累計虧損待彌補，故無法發放員工紅利，且因減產而少發放加班費，109年度也未調薪，故影響員工薪資總額。
2020,1473,紡織纖維,377,194686,516,450.0,-2.45,634,0.96,,,,
2020,1474,紡織纖維,469,258071,550,501.0,0.83,634,0.96,,,,
2020,1475,紡織纖維,5,2805,561,538.0,0.24,634,0.96,,,True,"本公司109年3月新的經營團隊進入,組織及營運方針均有調整。惟,非擔任主管職務之全時員工（年度）薪資平均數較前一年度減少, 主要係108年因業務縮減故多名員工被資遣, 致108年平均薪資較高,而非109年薪資下降。"
2020,1476,紡織纖維,1723,1366083,793,693.0,15.51,634,0.96,,,,
2020,1477,紡織纖維,780,964025,1236,1151.0,9.35,634,0.96,,,,
2020,1503,電機機械,1878,1819007,969,818.0,2.93,732,1.56,,,,
2020,1504,電機機械,2233,1818990,815,670.0,1.81,732,1.56,,,True,109年EPS成長而員工平均薪資下降，係因本公司年終獎金與前一年度營業利益正相關，而該年度營業利益下降所致。
2020,1506,電機機械,274,131305,479,426.0,-2.19,732,1.56,True,,,目前正道屬非擔任主管職務之全時員工(年度)薪資平均數未達50萬元範疇，未來將依據依獲利情形加薪調薪。
2020,1507,電機機械,1786,1843728,1032,987.0,3.2,732,1.56,,,,
2020,1512,汽車工業,207,110556,534,497.0,-0.55,737,5.38,,,True,109年度營業績效EPS較108年度好，主要係無提列資產減損之情事，另公司致力於合理性改善，人力上適度調整，生產效率的提升，營運績效表現較好，平均薪資水平較108年略低，故公司營業績效與員工薪酬關聯性較低。
2020,1513,電機機械,1694,1265692,747,659.0,3.59,732,1.56,,,,
2020,1514,電機機械,615,485578,790,688.0,1.51,732,1.56,,,,
2020,1515,電機機械,778,471331,606,502.0,4.5,732,1.56,,True,,1.因營運需求擴充產線，109年新進人數較108年多79人，結構配置以生產人員較多，故整體平均薪資略低，但薪資平均數高於108年數據。2.員工酬勞及薪資依營運績效逐年增加，109年高於108年，109年對基層員工進行調薪。
2020,1516,其他,1,763,763,763.0,0.83,830,3.65,,,,經查核後，申報109年之人員以年所得計申報，而110年申報人員僅以薪資申報，故產生基礎點申報差異。
2020,1517,電機機械,588,279143,475,440.0,0.76,732,1.56,True,,,本公司考量營運人力需求， 人力結構配置上以生產人員占比居多，員工薪酬狀況因應經營狀況及人力結構等因素調整；109年度營運績效成長，員工薪酬平均數較108年度增加約9.2%，預期110年將亦成長增加。
2020,1519,電機機械,711,613295,863,726.0,1.75,732,1.56,,,,
2020,1521,汽車工業,763,479338,628,583.0,2.1,737,5.38,,,,
2020,1522,汽車工業,1574,808490,514,460.0,0.84,737,5.38,,,,
2020,1524,汽車工業,423,218828,517,456.0,0.21,737,5.38,,,,
2020,1525,汽車工業,287,161540,563,502.0,4.41,737,5.38,,,True,本公司109年EPS較前一年度增加，主要係轉投資公司提高股利分配率，108年補提所得稅，109年所得稅相對減少35%所致。另受疫情影響營業利益衰退78%，致非經常性薪資較108年減少，主要減少項目為獎金及加班費。
2020,1526,電機機械,149,93372,627,482.0,2.97,732,1.56,,True,,"109年綜合損益表之其他收入84,609仟元，其中70,330仟元來自年初合約負債在本年度實現，致今年度EPS上升，EPS影響數約1.17元。"
2020,1527,電機機械,708,449619,635,540.0,2.94,732,1.56,,True,,公司訂有薪資管理辦法，並於章程內依規定訂定員工酬勞分派比率，配發金額均需經薪資委員會審議。
2020,1528,電機機械,224,133913,598,529.0,-0.61,732,1.56,,,,
2020,1529,電機機械,40,20801,520,446.0,0.65,732,1.56,,,,
2020,1530,電機機械,420,245112,584,522.0,3.92,732,1.56,,True,,因108年及109年營業額降低，員工薪資未作全面調整，已於110年4月全面大幅調整員工薪資。
2020,1531,電機機械,166,106841,644,591.0,-0.3,732,1.56,,,,
2020,1532,電機機械,293,201383,687,591.0,1.47,732,1.56,,,,
2020,1533,汽車工業,426,237159,557,460.0,0.86,737,5.38,,,,
2020,1535,電機機械,1167,1096978,940,844.0,1.6,732,1.56,,,,
2020,1536,汽車工業,955,553291,579,548.0,1.12,737,5.38,,,,
2020,1537,電機機械,116,93314,804,652.0,10.75,732,1.56,,,,
2020,1538,電機機械,79,38414,486,460.0,-0.57,732,1.56,True,,True,(一)公司長期虧損，尚處於轉型階段(二)因產業別，生產線人員佔比達3成
2020,1539,電機機械,138,61695,447,401.0,-0.28,732,1.56,True,,,本公司非擔任主管職務之全時員工(年度)薪資平均數未達50萬元，主要係因外勞及馬達廠現場員工佔本公司員工人數達三分之一其薪資較低及本公司109年因虧損無員工酬勞分配，故拉低了公司薪資平均數。
2020,1540,電機機械,86,41328,481,442.0,-0.24,732,1.56,True,,,"造因於去年度COVID-19疫情嚴重,公司出口嚴重停滯,公司於第二季啟動無薪假及鼓勵員工休假為疫情下特殊情況造成"
2020,1541,電機機械,442,228746,518,479.0,5.79,732,1.56,,True,,"公司在產線中聘雇了較多外籍勞工，以維持產業的競爭力。外籍勞工及建教合作學生合計166人，佔比約35.9%，每月薪資係為最低薪資標準為23,800元，拉低了整體非擔任主管職務之全時員工「薪資平均數」。"
2020,1558,電機機械,269,231215,860,820.0,13.76,732,1.56,,,,
2020,1560,電機機械,1607,1093101,680,626.0,3.63,732,1.56,,True,,電機機械類涵蓋產業廣泛，各公司之資本額、員工所需之學歷、資格、專業技術等均不相同。本公司屬勞力密集產業，現場作業員人數占比達57%，其中外勞占比9%，其薪資結構依基本工資辦理，以上均影響本公司整體平均薪資
2020,1565,生技醫療業,3088,1807488,585,549.0,14.78,688,1.19,,True,,1.因109年EPS較108年EPS下降42%，故109年員工薪資-非固定薪資(加班薪資與依經營績效進行調整的獎金)下降。2.本公司直接人工比重較高，且其中薪資較低的外勞佔比不低。
2020,1568,汽車工業,450,234935,522,483.0,0.1,737,5.38,,,,本公司109年度的營運目標未達成，導致相關的變動薪資如:加班費和獎金等減少所致，故本公司無薪資費用與經營績效不相當的情況發生。
2020,1569,電腦及週邊設備業,30,19586,653,605.0,3.42,779,3.59,,,,
2020,1570,電機機械,120,62276,519,406.0,0.93,615,1.34,,,,
2020,1580,電機機械,73,67810,929,908.0,6.79,615,1.34,,,,
2020,1582,電子零組件業,213,203339,955,797.0,7.81,851,5.12,,,True,本公司之薪酬係綜合考量員工專業能力、承擔責任重要性與年度考核結果後，再依年度任職期間比例發放，109年度因業務需求，増補較多新進人員，致整體平均年薪略為下降。但資深員工年度平均薪資並無減少之情形。
2020,1583,電機機械,361,211215,585,528.0,4.39,732,1.56,,True,True,1.外籍勞工人數約佔公司人力百分之十，其薪資水準低於本國勞工2.此薪酬調查僅針對台灣員工，但公司轉投資及海外子公司之獲利等因素皆會影響EPS高低，亦即並非所有獲利皆由台灣總公司所創造
2020,1584,其他,63,32827,521,459.0,0.41,637,2.06,,,,
2020,1586,電機機械,121,70303,581,518.0,1.69,615,1.34,,True,,主要係公司間接人工中28%為外籍勞工，故拉低公司薪資水平。
2020,1587,汽車工業,199,93238,469,448.0,2.64,737,5.38,True,,,本公司地處偏鄉，人才要求不易致外籍員工人數較高拉低平均薪資，且對個人的學經歷及技能要求無法提高，僅能於就職過程中予以訓練及培養，雖無法達到規定金額仍盡力提高員工所得。
2020,1593,生技醫療業,126,76595,608,490.0,4.49,688,1.19,,True,,"本公司為傳統生技醫療產業,員工薪資平均數及中位數均較108年增加；公司已將經營績效反映於員工薪酬,包括:年終獎金總數109年較108年增加1,370仟元,員工酬勞較108年增加934仟元。"
2020,1595,電子零組件業,81,52398,647,548.0,0.18,671,1.67,,,,
2020,1597,電機機械,365,239224,655,583.0,2.51,732,1.56,,True,,同業中有設備裝配、製造加工等產業，應具備之專業技能不同，對產值與獲利貢獻亦有差異。本公司為確保高品質產品及響應政府根留台灣政策，皆於國內生產，薪資報酬是依公司章程與綜合考量績效與貢獻度等因素執行。
2020,1598,生技醫療業,564,401623,712,664.0,11.69,725,2.52,,True,,本公司從事健器材之研發、生產與銷售，工廠位於彰化縣，因受惠北美地區業績大幅成長，生產人員需求增加，109年度營運績效成長，非經理人之員工平均薪資已拉高至712仟元，與同業平均薪資相差甚小。
2020,1599,電機機械,393,195775,498,472.0,3.19,615,1.34,True,True,,公司位置僻靜物價相較都會區、工業及科技園區低，8成員工為基礎作業員技術含量不高，因此平均數相較於同業低，員工除薪資、獎金，另依據章程提撥員工酬勞，109年度經營績效較108提升，相應員工酬勞亦會增加。
2020,1603,電器電纜,636,322270,507,451.0,2.05,726,1.95,,True,,本公司109年EPS含業外收入為2.05元較同業佳，扣除營業外收入處分投資性不動產利益後為EPS0.97元，獲利低於同業平均EPS1.95元。薪酬架構不與業外連結，應屬合理。
2020,1604,電器電纜,652,515131,790,703.0,4.86,726,1.95,,,,
2020,1605,電器電纜,2536,2313298,912,751.0,2.04,726,1.95,,,,
2020,1608,電器電纜,424,265207,625,610.0,0.76,726,1.95,,,,
2020,1609,電器電纜,588,447108,760,722.0,1.45,726,1.95,,,,員工酬金組合主要包含基本固定薪資、獎金及福利，依據個人能力、對公司貢獻度、績效表現、其所任職位之市場價值及考量公司未來營運風險後決定，與經營績效正相關；至於福利設計，則視員工需求，來規劃多面向的措施。
2020,1611,電器電纜,205,121624,593,526.0,0.23,726,1.95,,,,
2020,1612,電器電纜,361,278931,773,684.0,1.64,726,1.95,,,,
2020,1614,電器電纜,938,499884,533,504.0,1.36,726,1.95,,,,
2020,1615,電器電纜,227,140321,618,553.0,2.67,726,1.95,,True,,1.公司EPS受自動化程度、產品類別比重及股 本大小所影響。2.本公司薪資水平在雲林地區屬中上所得，本公司除不斷改善工作環境，及投資自動化設備提高經營績效外，同時辦理年度調薪，並依績效核發年終獎金。
2020,1616,電器電纜,202,119705,593,522.0,0.01,726,1.95,,,,
2020,1617,電器電纜,242,146617,606,550.0,1.02,726,1.95,,,True,本公司年終獎金為隔年初發放，將年終獎金還原歸屬前一年度後，107~109年分別為2.9千萬元、1.2千萬元、2.4千萬元，與EPS1.5、0.62、1.02高低呈正向相關，還原後109年薪資平均數654千元高於108年585千元，應相關合理。
2020,1618,電器電纜,215,142715,664,618.0,1.0,726,1.95,,,,
2020,1701,生技醫療業,794,573126,722,604.0,1.88,725,2.52,,,,
2020,1702,食品工業,291,201185,691,593.0,3.84,813,3.11,,True,,本公司109年度每股盈餘較同業為佳係為集團同仁努力之成果，惟本公司於106/8/1以既存分割方式移轉相關營業及員工予二家國內子公司（該子公司非重要子公司，故未列入計算），致影響109年度申報薪酬相關資訊。
2020,1707,生技醫療業,388,320324,826,776.0,9.34,725,2.52,,,,
2020,1708,化學工業,136,106886,786,741.0,0.76,811,1.6,,,,
2020,1709,化學工業,221,301728,1365,1221.0,1.16,811,1.6,,,,
2020,1710,化學工業,328,301554,919,860.0,-1.22,811,1.6,,,,
2020,1711,化學工業,1257,849458,676,647.0,0.39,811,1.6,,,,
2020,1712,化學工業,1356,970403,716,645.0,1.7,811,1.6,,True,,1.本公司屬勞力密集之門市服務及生產製造業，與同業型態不同，銷售人員約佔50%、外籍移工5%，影響薪酬水準。不含銷售服務及移工之薪資應符合市場行情。2.本公司每年度均辦理全員調薪，並加強提升基層員工薪酬。
2020,1713,化學工業,80,54089,676,595.0,0.61,811,1.6,,,,
2020,1714,化學工業,78,55394,710,618.0,1.68,811,1.6,,True,,本公司109年度EPS1.68元較前一年度0.02元成長，係109年度出售子公司土地；若扣除土地獲利，則109年度之EPS為-0.03元，較前一年度獲利衰退，但員工年薪平均數卻較前年度增加12%。
2020,1717,化學工業,1850,1707778,923,797.0,2.05,811,1.6,,,,
2020,1718,化學工業,663,425054,641,585.0,0.73,811,1.6,,,,
2020,1720,生技醫療業,781,612198,784,685.0,2.93,725,2.52,,,,
2020,1721,化學工業,515,378552,735,711.0,2.43,811,1.6,,True,,一、薪酬福利係參考公司經營績效給予合理報酬。    二、109年盈餘主要來自業外出售土地獲利，但本業經營績效未如預期。     三、109年員工薪資平均數及員工薪資中位數均已較108年增加。
2020,1722,化學工業,691,859736,1244,1085.0,2.5,811,1.6,,,True,本公司獎金發放標準除參考EPS外，主要係與營業利益指標連結，因109年度營業利益較108年略有減少，故薪資平均數較前一年減少。
2020,1723,化學工業,285,310391,1089,1027.0,3.09,811,1.6,,,,
2020,1724,化學工業,205,142342,694,656.0,0.2,811,1.6,,,,
2020,1725,化學工業,90,61210,680,568.0,1.37,811,1.6,,,,
2020,1726,化學工業,652,459491,705,641.0,5.13,811,1.6,,True,,1.本公司股本較小，且營運多為勞力密集的生產型態而雇有外籍勞工，是以影響每股盈餘及平均薪資的計算。2.未來依公司政策及營運狀況調整薪資並透過多項員工福利措施回饋予員工，期許員工薪酬與經營績效相對應。
2020,1727,化學工業,237,129165,545,500.0,-1.26,811,1.6,,,,
2020,1730,化學工業,176,147317,837,714.0,5.51,811,1.6,,,,
2020,1731,生技醫療業,183,114065,623,540.0,1.29,725,2.52,,,,
2020,1732,化學工業,136,71342,525,461.0,0.91,811,1.6,,,,
2020,1733,生技醫療業,711,397771,559,487.0,0.95,725,2.52,,,,
2020,1734,生技醫療業,701,383471,547,490.0,-0.17,725,2.52,,,,
2020,1735,化學工業,148,105507,713,654.0,0.74,811,1.6,,,,
2020,1736,生技醫療業,1051,684120,651,547.0,2.24,725,2.52,,,,
2020,1737,食品工業,460,427916,930,840.0,1.83,813,3.11,,,,
2020,1742,化學工業,25,11666,467,439.0,-0.09,686,0.98,True,,,新台幣匯率不斷升值，造成購料成本大幅增加，同時更受疫情衝擊，影響公司營運績效與成果。再加上以往年度之累積虧損尚未能彌補，對員工薪資的調升尚未有多餘的空間。
2020,1752,生技醫療業,607,311682,513,455.0,1.82,688,1.19,,True,,1.今年申報非經理人全時員工平均薪資已達51萬。2. 109 EPS比108 衰退，係受疫情影響，但非經理人全時員工薪資仍維持108年度水準發給。
2020,1760,生技醫療業,308,230940,750,598.0,0.36,725,2.52,,,,
2020,1762,生技醫療業,279,268668,963,859.0,6.86,725,2.52,,,,
2020,1773,化學工業,330,336560,1020,873.0,6.52,811,1.6,,,,
2020,1776,化學工業,113,72406,641,592.0,0.65,811,1.6,,,,
2020,1777,生技醫療業,170,141318,831,756.0,6.21,688,1.19,,,,
2020,1781,生技醫療業,53,40017,755,661.0,4.34,688,1.19,,,,
2020,1783,生技醫療業,134,84259,629,591.0,0.91,725,2.52,,,,
2020,1784,生技醫療業,178,133075,748,633.0,0.27,688,1.19,,,,
2020,1785,其他電子業,999,826393,827,707.0,1.69,768,2.62,,,,
2020,1786,生技醫療業,85,60327,710,642.0,2.1,725,2.52,,,,
2020,1788,生技醫療業,225,211103,938,824.0,8.72,688,1.19,,,,
2020,1789,生技醫療業,632,533866,845,762.0,0.36,725,2.52,,,,
2020,1795,生技醫療業,437,435286,996,668.0,4.22,725,2.52,,,,
2020,1796,食品工業,212,114709,541,508.0,0.16,643,2.46,,,True,本公司109年EPS較108年增加，而非經理人之全時員工薪資平均數較108年微幅減少2.17%，主係平均員工人數由108年185人增加至109年212人，且增聘人員多屬生產線基層員工，薪資相對較資深員工低所致。
2020,1799,生技醫療業,6,4131,689,686.0,-1.3,688,1.19,,,,
2020,1802,玻璃陶瓷,4430,2592660,585,556.0,0.85,587,0.59,,True,,1.台灣外勞占比約20%，使員工薪資平均數降低。2.本公司本年度獲利主要為認列大陸子公司投資收益，與台灣廠員工關聯性較低。3.本公司年度獲利分配後倘有盈餘，於隔年與員工共享。
2020,1805,建材營造,12,9527,794,657.0,-0.62,846,1.74,,,,
2020,1806,玻璃陶瓷,678,396817,585,534.0,-0.93,587,0.59,,,,
2020,1808,建材營造,82,62781,766,709.0,0.32,846,1.74,,,,
2020,1809,玻璃陶瓷,200,129568,648,409.0,-0.36,587,0.59,,,,
2020,1810,玻璃陶瓷,1080,610824,566,494.0,0.24,587,0.59,,,,公司堅持在台生產，生產主力仍在台灣，故基層人員及外籍移工人書約占55%，相對於其他不在台生產廠商或磁磚業少用人力，公司相對有較高比例基層作業員及移工，故平均薪資跟著被拉低。
2020,1813,生技醫療業,107,64641,604,515.0,0.0,688,1.19,,,,
2020,1815,電子零組件業,972,537047,553,485.0,-1.17,671,1.67,,,,
2020,1817,玻璃陶瓷,116,87541,755,627.0,3.04,587,0.59,,,,每年度依照員工績效表現進行年度晉升與薪資調整；每月依照業績成長百分比發放業績達標獎金；年終獎金依公司經營績效以及員工個人績效發給，每年至少發放一個月。公司章程第二十條明訂每年員工酬勞發放數額。
2020,1903,造紙工業,67,37744,563,525.0,-0.52,808,1.75,,,True,本公司EPS較前一年度增加，主要係營業外支出淨額減少，非營業收益增加；另非擔任主管職務之全時員工（年度）薪資平均數較前一年度減少，主要係申請育嬰留職停薪者較前一年度增加7位所致。
2020,1904,造紙工業,3568,3407488,955,904.0,3.36,808,1.75,,,,
2020,1905,造紙工業,1890,1310564,693,639.0,-0.18,808,1.75,,,,
2020,1906,造紙工業,8,6202,775,808.0,0.62,808,1.75,,,,
2020,1907,造紙工業,4052,3108807,767,678.0,3.14,808,1.75,,True,,本公司轉型投控已非單純紙製造業，EPS來自投資收益；109年之漿紙事業仍屬虧損，惟公司秉持照顧員工之理念仍連年調薪，109年員工薪資平均數較108年增加8.9%。後續仍將依據營運狀況及業界用人水準，合理提升薪酬福利。
2020,1909,造紙工業,1054,728659,691,650.0,0.77,808,1.75,,,True,本公司109年EPS成長，主要貢獻來自於大陸虧損減少改善。台灣非擔任主管職務之全時員工薪酬平均數較前一年度減少，主係109上半年受疫情影響績效獎金發放數較少所致，應屬合理。
2020,2002,鋼鐵工業,10127,12100106,1195,1184.0,0.05,915,0.49,,,,
2020,2006,鋼鐵工業,1659,1639759,988,938.0,3.52,915,0.49,,,,
2020,2007,鋼鐵工業,416,233280,561,528.0,-0.89,915,0.49,,,True,(1) 因薪資水準較高的資深員工退休人數增加，致使公司平均薪資相對減少。(2) 109年度因員工加班時數下降，加班費減少，影響平均薪資。
2020,2008,鋼鐵工業,211,104173,494,467.0,-0.16,915,0.49,True,,True,1)、資深員工退休增多與遞補新進員工薪資，兩者落差偏高。2)、生產訂單減少，員工加班時數減少。
2020,2009,鋼鐵工業,255,130695,513,494.0,0.22,915,0.49,,,,
2020,2010,鋼鐵工業,1410,952171,675,601.0,0.79,915,0.49,,True,,1.本公司109年EPS0.79元較108年0.37元增加0.42元，非擔任主管職務之全時員工薪資平均數675(仟元/人)較108年645(仟元/人)增加30(仟元/人)，薪酬與公司績效成正比。2.因人力需求，聘僱外籍人士109年比108年多20%。
2020,2012,鋼鐵工業,620,347276,560,504.0,0.75,915,0.49,,True,,春雨公司本年度獲利主要係由認列轉投資公司損益及其他收入所致，若以排除前述營業外損益後之獲利比較，本公司非經理人之全時員工薪資平均數並無低於同業水準。
2020,2013,鋼鐵工業,434,765503,1764,1545.0,3.26,915,0.49,,,,
2020,2014,鋼鐵工業,1203,1025156,852,829.0,0.37,915,0.49,,,,
2020,2015,鋼鐵工業,850,843523,992,902.0,4.5,915,0.49,,,,
2020,2017,鋼鐵工業,342,177319,518,427.0,0.04,915,0.49,,,,
2020,2020,鋼鐵工業,320,222328,695,633.0,1.76,915,0.49,,True,,"EPS:本公司108年較109年-10.20%，同業-12.5%；非擔任主管平均薪資:本公司108年較109年+3.12%，同業-7.11%,我公司在109年EPS YoY下降，非主管職薪資YoY上升(同業為下降趨勢)以上資訊，我公司薪酬變化並無異常現象"
2020,2022,鋼鐵工業,119,64226,540,471.0,-0.39,915,0.49,,,,
2020,2023,鋼鐵工業,1316,918055,698,673.0,0.39,915,0.49,,,True,本公司108年非主管全時員工薪資中之年終奬金是依107年公司營運績效狀況核發，109年年終ࣱ2;金核發是依108年公司營運績效狀況核發，因而造成上述統計情形。
2020,2024,鋼鐵工業,174,89820,516,466.0,0.28,915,0.49,,,,
2020,2025,鋼鐵工業,81,39594,489,463.0,-0.75,915,0.49,True,,,1.公司尚有累積虧損，109年無調薪2.資深員工退休，平均薪資下降3.疫情影響，公司訂單嚴重萎縮，獎勵性質薪資減少，導致平均薪資下降
2020,2027,鋼鐵工業,947,553975,585,504.0,-0.44,915,0.49,,,,
2020,2028,鋼鐵工業,326,241345,740,700.0,1.85,915,0.49,,True,,為了公司穩健長久經營，雖然獲利狀況良好，但考慮公司仍存在未彌補虧損數需靠未來獲利改善，故員工薪資未與營業績效做連結。
2020,2029,鋼鐵工業,516,530772,1029,961.0,0.77,915,0.49,,,,
2020,2030,鋼鐵工業,615,368244,599,532.0,0.38,915,0.49,,,,
2020,2031,鋼鐵工業,219,156755,716,615.0,2.69,915,0.49,,True,,本公司非經理人之全時員工之酬金金額，乃依其職務職位、營運參與程度及貢獻價值、該年度公司經營績效及考量公司未來風險，由單位主管評量提案，提交至總經理審議核定並送交審計委員會報告。
2020,2032,鋼鐵工業,176,95808,544,513.0,0.58,915,0.49,,True,,1.本公司109年非擔任主管職務之全時員工薪資平均數544仟元/人，較108年510仟元/人，增加6.7%，屬於正向成長。移工佔平均人數約1成，也影響薪資平均數。2.鋼鐵業前景不確定性大，本公司以相對穩健的方式來經營。
2020,2033,鋼鐵工業,129,62279,483,463.0,0.25,915,0.49,True,,,本公司薪資一向優於政府法規，但礙於獲利(產品別與同業不盡相同)，薪資水準無法與一般同業相比，日後公司將秉持照顧員工初衷，持續加強公司競爭力，增進公司獲利率，將利潤分享員工，給員工更好薪資及福利。
2020,2034,鋼鐵工業,839,527754,629,575.0,1.04,915,0.49,,True,,1.本公司之直接人工人數占全體員工人數達75%，其中外籍員工占直接人工31%，人員結構影響整體員工平均薪資。2.因受疫情影響，109年度之產量降低，影響加班時數下降，致使員工加班費減少，連帶影響平均薪資。
2020,2035,鋼鐵工業,675,750554,1112,1237.0,-1.9,672,0.59,,,,
2020,2038,鋼鐵工業,386,215986,560,546.0,0.87,915,0.49,,True,,1.因行業特性工作較為辛苦，新進人員多半未接觸過煉鋼廠、軋鋼廠作業程序，人員流動率高，導致無法提高平均薪資。2.工廠聘用外勞比例增加來從事現場工作，致平均薪資水準壓低。
2020,2049,電機機械,4395,3314391,754,719.0,6.05,732,1.56,,,,
2020,2059,電子零組件業,483,292559,606,509.0,12.22,851,5.12,,True,,本公司生產製造皆在台灣，員工佔多數為產線基本作業人力。然而本公司於年度終了依照經營績效與獲利狀況扣除應有稅捐及法定提撥後倘有盈餘，即秉持著與全體員工共享之理念與全員共享。
2020,2061,電器電纜,2,1516,758,527.0,0.1,751,-0.43,,,,
2020,2062,其他,808,408799,506,432.0,-0.48,830,3.65,,,,
2020,2063,鋼鐵工業,289,142726,494,449.0,2.37,672,0.59,True,True,,因受疫情影響109年公司獲利較108年減少，故與營運績效連結的員工酬勞及年終獎金亦較108年度減少。109年度平均月薪調幅3.7%，經常性薪資佔80%。本公司將秉持員工照顧之原則，逐年提升員工之月薪及其他福利。
2020,2064,鋼鐵工業,176,99161,563,471.0,-1.49,672,0.59,,,,
2020,2065,鋼鐵工業,283,172821,611,536.0,3.71,672,0.59,,True,,本年度平均薪資及中位數薪資皆較去年成長。但因本公司員工之結構，外籍員工占總員工人數約30%，致平均薪資略低於同業。
2020,2066,電機機械,153,66982,438,459.0,2.53,615,1.34,True,True,,"109-110年度受COVID-19疫情，歐美等全球各國/州政府也相繼推出禁足令，封城管制造成運輸受阻等帶來負面的影響，造成出貨衰退約二成及獲利亦縮水，外籍與產線無技術性工作各約20%,21%，導致拉低平均薪資。"
2020,2067,電機機械,170,75612,445,395.0,-0.88,615,1.34,True,,,"109年度受新冠疫情影響，客戶訂單遞延，營業淨損26,786仟元，隨著疫情緩解，第四季客戶訂單才回到年正常水平，薪資平均數445仟元仍較108年略增22仟元"
2020,2069,鋼鐵工業,130,63797,491,432.0,0.26,915,0.49,True,,,1、外籍勞工佔比約20%，拉低平均薪資。2、109年公司因COVID-19疫情影響致訂單減少、營收減少，故獎金金額減少。
2020,2070,電機機械,124,62130,501,471.0,-1.45,615,1.34,,,,
2020,2101,橡膠工業,1280,967013,755,647.0,1.05,691,1.85,,,,
2020,2102,橡膠工業,1101,682989,620,584.0,0.24,691,1.85,,,,
2020,2103,橡膠工業,667,671384,1007,907.0,-0.03,691,1.85,,,,
2020,2104,橡膠工業,934,555139,594,492.0,0.75,691,1.85,,,,
2020,2105,橡膠工業,5861,3884754,663,624.0,1.85,691,1.85,,,,
2020,2106,橡膠工業,1812,1127387,622,576.0,1.07,691,1.85,,,,
2020,2107,橡膠工業,182,103817,570,522.0,2.62,691,1.85,,True,True,本公司109年EPS雖較前一年EPS成長，但主要貢獻多來自於營建房屋銷售部份。另，本公司製造部109年業績較前一年衰退，人員加班之薪資支出減少所致。
2020,2108,橡膠工業,296,430660,1455,1367.0,7.21,691,1.85,,,,
2020,2109,橡膠工業,689,366517,532,475.0,1.33,691,1.85,,,True,1.因疫情因素產量下滑，致部分按件計酬員工產出減少。2.因疫情因素產量下滑，致生產製造相關部門整體加班時數減少。
2020,2114,橡膠工業,108,50296,466,446.0,7.39,691,1.85,True,True,True,1.109年因新冠疫情影響第二~三季訂單減少，本業營收較去年下降，致員工出勤工時及加班費亦相對減少。2.EPS較去年增加，係受惠於業外投資利益增加。3.本公司110年度預計會調薪2%~4%，將可提升平均薪資。
2020,2201,汽車工業,1044,988201,947,905.0,2.8,737,5.38,,,True,本公司訂有獲利時會提撥一定比例與員工共享的獎酬制度，獎金額度乃依據營業利益進行提撥。因109年度營業利益略低於108年度，以及109年部分資深主管及員工退休，致整體平均薪資下降。
2020,2204,汽車工業,1950,2080769,1067,984.0,6.01,737,5.38,,,,
2020,2206,汽車工業,2224,2083326,937,919.0,2.41,737,5.38,,,,
2020,2207,汽車工業,529,1235735,2336,1871.0,25.36,737,5.38,,,,
2020,2208,航運業,2840,2788030,982,1083.0,-3.38,1095,1.69,,,True,108年度EPS-3.91、109年度EPS-3.38，108年度薪資平均數998仟元、109年度薪資平均數982仟元，109年度稅後虧損雖較108年度減少，但由於因應退休潮及發展新事業之故，大量招考新進人員，以致於薪資平均數較前一年度減少
2020,2211,鋼鐵工業,508,416284,819,822.0,2.65,915,0.49,,True,,配合公司業務型態人力需求，聘僱外籍人士比例較高，致影響員工平均薪資。
2020,2221,其他,216,109887,509,431.0,1.5,637,2.06,,,,
2020,2227,汽車工業,380,433431,1141,1078.0,21.8,737,5.38,,,,
2020,2228,汽車工業,390,241158,618,541.0,1.3,737,5.38,,,,
2020,2230,電機機械,94,39425,419,391.0,-0.48,615,1.34,True,,,"1.外籍移工佔全公司人數約1/5，月薪約23,800元，拉低平均薪資數。2.現場作業人員(如包裝.生管.品管)，佔全公司人數2/3，月薪約23,800元，拉低平均薪資數。"
2020,2231,汽車工業,414,231801,560,491.0,2.03,737,5.38,,,,
2020,2233,汽車工業,254,149362,588,473.0,6.23,737,5.38,,True,,本公司人力結構中所屬直接員工數佔總人數之六成，其中外籍員工數佔直接員工數約四成，因此影響整體薪資平均水準。
2020,2235,電機機械,221,98859,447,396.0,2.01,615,1.34,True,True,,此資訊僅計算在台員工，本公司無海外產線，產線人數約177 人，約佔80%，且本公司非高科技產業，產線技術性低，故拉低薪資平均數。同業營收規模大，且多有工廠在海外，在台員工以間接人員為多，故本公司會低於同業。
2020,2241,汽車工業,308,177021,575,534.0,0.08,737,5.38,,,,
2020,2247,汽車工業,1421,1317506,927,734.0,14.5,737,5.38,,,,
2020,2301,電腦及週邊設備業,3373,4640887,1376,1169.0,4.31,1209,4.57,,,,
2020,2302,半導體業,65,39105,602,523.0,0.64,1416,10.22,,,,
2020,2303,半導體業,12926,17701987,1369,1071.0,2.42,1416,10.22,,,,
2020,2305,電腦及週邊設備業,89,63809,717,676.0,0.08,1209,4.57,,,,
2020,2308,電子零組件業,9749,13967664,1433,1215.0,9.81,851,5.12,,,,
2020,2312,其他電子業,526,591718,1125,965.0,0.11,1172,6.54,,,,
2020,2313,電子零組件業,4130,3328306,806,702.0,3.91,851,5.12,,,,
2020,2314,通信網路業,435,365094,839,693.0,-0.42,1125,2.22,,,,
2020,2316,電子零組件業,1411,718676,509,475.0,2.14,851,5.12,,,,
2020,2317,其他電子業,3567,8620062,2417,1662.0,7.34,1172,6.54,,,,
2020,2321,通信網路業,153,119640,782,649.0,-0.9,1125,2.22,,,,
2020,2323,光電業,974,623977,641,550.0,0.1,886,1.02,,,,
2020,2324,電腦及週邊設備業,7991,9625099,1204,1026.0,2.15,1209,4.57,,,True,本公司2020年作業員及基層職員人數較前一年度增加6%(約900人)，以致非擔任主管職務之全時員工（年度）薪資平均數較前一年度減少。
2020,2327,電子零組件業,3305,2352945,712,554.0,27.58,851,5.12,,True,,"因台灣區基層員工人數相對於全體員工比重較高(超過50%)。公司依員工職責考核個人績效表現及貢獻度給予相對應的薪酬,公司營收獲利因市場因素成長,已部份反應在109年薪資成長上,後續會參考同業薪資水平做合理調整"
2020,2328,電子零組件業,32,42644,1333,1229.0,1.28,851,5.12,,,,
2020,2329,半導體業,5044,2459781,488,424.0,-0.48,1416,10.22,True,,,公司整體薪獎制度，依據公司營運目標與同仁所任職務、績效表現而訂定，109年度公司獲利受疫情影響，亦影響獎金發放額度。但本公司110年已規畫實施各項員工薪獎調升之措施，預期員工薪酬福利將可獲得提升與改善。
2020,2330,半導體業,47314,112486338,2377,1819.0,19.97,1416,10.22,,,,
2020,2331,電腦及週邊設備業,793,764159,964,755.0,0.11,1209,4.57,,,,
2020,2332,通信網路業,686,734891,1071,980.0,1.9,1125,2.22,,,,
2020,2337,半導體業,3666,5220151,1424,1093.0,2.9,1416,10.22,,,,
2020,2338,半導體業,216,211723,980,853.0,3.34,1416,10.22,,,,
2020,2340,光電業,1195,903696,756,648.0,1.52,886,1.02,,True,,1.人力結構分佈直接員工佔總人數近6成(外籍佔直接3成)，故拉低總體平均薪資。2.當年度在職月數未達12個月者，在本次申報約占2.5成，故影響總體平均薪資。排除上述因素，薪資平均數仍維持在平均水準之上。
2020,2342,半導體業,571,432736,758,671.0,1.42,1416,10.22,,,,
2020,2344,半導體業,2826,4022013,1423,1225.0,0.33,1416,10.22,,,,
2020,2345,通信網路業,2506,2581063,1030,665.0,9.07,1125,2.22,,True,True,相較於2019年，公司人數成長30%，新進人員以技術員為大宗，佔比約 60%，導致2020年薪資平均數較2019年微幅下降 4.8%。
2020,2347,電子通路業,750,774133,1032,862.0,4.89,981,4.13,,,,
2020,2348,其他,181,245109,1354,1057.0,15.1,830,3.65,,,,
2020,2349,光電業,729,445082,611,499.0,-1.29,886,1.02,,,,
2020,2351,半導體業,1340,804218,600,549.0,1.92,1416,10.22,,,,
2020,2352,電腦及週邊設備業,1646,2483371,1509,1238.0,2.54,1209,4.57,,,,
2020,2353,電腦及週邊設備業,1539,2558965,1663,1296.0,2.01,1209,4.57,,,,
2020,2354,其他電子業,162,625258,3860,3116.0,3.34,1172,6.54,,,,
2020,2355,電子零組件業,3258,1948564,598,533.0,0.12,851,5.12,,,,
2020,2356,電腦及週邊設備業,5323,5303891,996,809.0,2.1,1209,4.57,,,True,EPS較前一年度成長，主要是海外子公司出售廠房獲利增加；另台灣的產線人員較前一年度增加1.3倍，造成非擔任主管職務之全時員工薪資平均數較前一年度減少。
2020,2357,電腦及週邊設備業,5716,9216138,1612,1243.0,35.76,1209,4.57,,,,
2020,2358,其他,163,74923,460,408.0,0.11,830,3.65,True,,,1.108年虧損且109年亦僅小幅獲利，致難給員工更好的薪資福利；2.現場作業環境艱困，本國勞工難招募，故有高比率外籍員工，拉低平均薪資；3.因考量整體員工福利，已自第二季起陸續調整員工薪資，增益員工福利；
2020,2359,其他電子業,227,194217,856,791.0,0.12,1172,6.54,,,,
2020,2360,其他電子業,1654,1761412,1065,923.0,5.56,1172,6.54,,,,
2020,2362,電腦及週邊設備業,468,531236,1135,1007.0,1.12,1209,4.57,,,,
2020,2363,半導體業,172,211021,1227,1105.0,-0.47,1416,10.22,,,,
2020,2364,電腦及週邊設備業,141,94539,670,616.0,0.11,1209,4.57,,,True,1.因公司持續虧損多年，108年為提振員工留任及獎勵在職員工，故發放獎金金額較109年為高。2.109年在尚未彌補完以往年度虧損情況下，薪資福利措施較為保守，但非擔任主管職務之員工月薪並無減少之情形。
2020,2365,電腦及週邊設備業,51,47536,932,801.0,0.64,1209,4.57,,,,
2020,2367,電子零組件業,4754,2660120,560,513.0,-2.32,851,5.12,,,,
2020,2368,電子零組件業,2202,1504143,683,574.0,3.82,851,5.12,,,,
2020,2369,半導體業,2078,1129963,544,483.0,-0.44,1416,10.22,,,,
2020,2371,電機機械,2701,1827129,676,596.0,-0.46,732,1.56,,,,
2020,2373,其他電子業,972,682860,703,633.0,6.4,1172,6.54,,,,
2020,2374,光電業,481,502752,1045,1027.0,-1.63,886,1.02,,,,
2020,2375,電子零組件業,34,24186,711,698.0,3.42,851,5.12,,,,
2020,2376,電腦及週邊設備業,2485,2839656,1143,859.0,6.88,1209,4.57,,True,,公司章程規定年度獲利應提撥3%-10%員工酬勞，本公司業依章程於109年度提撥10%員工酬勞。台灣為本公司主要製造生產中心僱用本勞比例高，相較同業本公司基層產線人員比率較高。綜上，未與同業產生重大差異。
2020,2377,電腦及週邊設備業,2651,3747332,1414,1215.0,9.42,1209,4.57,,,,
2020,2379,半導體業,3984,9401166,2360,1946.0,17.24,1416,10.22,,,,
2020,2380,電腦及週邊設備業,369,311191,843,744.0,-2.36,1209,4.57,,,,
2020,2382,電腦及週邊設備業,8295,10837732,1307,1112.0,6.57,1209,4.57,,,True,"主因109年於華亞園區內持續擴充製造產能並擴編生產線人員編制,使直接人工佔全體員工比例較去年同期提高約5%;而直接人工平均薪資較間接人員為低,故使109年度全時員工薪資平均數較去年同期減少。"
2020,2383,電子零組件業,826,682246,826,687.0,11.33,851,5.12,,True,,公司投入成本推行精實化生產及自動化生產，減少加班需求，故員工加班時數較低。
2020,2385,電子零組件業,790,1382776,1750,1516.0,7.8,851,5.12,,,,
2020,2387,電腦及週邊設備業,270,190674,706,640.0,6.39,1209,4.57,,True,,"公司業務成長,產品設計,生產測試,檢驗量測及出貨安排等工作增加,需要多聘用基層工程師及事務人員,因新進基層人力聘用增加,致使非擔任主管職務之全時員工薪資平均數較前一年度減少。"
2020,2388,半導體業,393,586430,1492,1325.0,9.57,1416,10.22,,,,
2020,2390,其他電子業,64,48843,763,708.0,0.91,1172,6.54,,,,
2020,2392,電子零組件業,704,844419,1199,1041.0,4.06,851,5.12,,,,
2020,2393,光電業,1397,1061350,760,596.0,2.79,886,1.02,,True,,億光公司以產業特性兼顧外部競爭、內部公平為前提，提供多元並具競爭力的薪酬制度，秉持員工利潤共享的理念，留任、培育與激勵優秀人才。配合營運績效表現，億光公司整體薪酬在同業以維持在一定的水準而努力。
2020,2395,電腦及週邊設備業,2979,3049248,1024,857.0,9.4,1209,4.57,,True,,"公司秉持經營績效與員工薪酬緊密連結，薪酬結構除本薪,另有績效獎金、員工分紅及員工認股權憑證。在人力結構上，有41%員工服務於營運製造體系，員工結構相較同業有所不同。"
2020,2397,電腦及週邊設備業,624,459745,737,589.0,3.54,1209,4.57,,,,公司人力結構，兩成人力為外籍勞工，直接勞工佔三成。故平均薪資數呈現上表現較低於同業。惟公司仍致力於全體員工其它福利，包括多元活動舉辦、員工關懷等，未來仍持續以提升全體員工之薪酬及員工福利為首要目標。
2020,2399,電腦及週邊設備業,131,113431,866,718.0,0.8,1209,4.57,,,,
2020,2401,半導體業,301,422651,1404,1231.0,0.55,1416,10.22,,,,
2020,2402,電子零組件業,129,86325,669,562.0,0.4,851,5.12,,,,
2020,2404,其他電子業,750,1164338,1552,1345.0,21.16,1172,6.54,,,,
2020,2405,電腦及週邊設備業,231,198349,859,734.0,0.17,1209,4.57,,,True,本公司本年度獲利主要來自於營業外收入，然本公司薪酬政策會衡量市場薪資水準及本業經營績效，對員工薪資做出適當調整，並依個人績效表現，發放績效獎金及員工酬勞。
2020,2406,光電業,135,85880,636,588.0,-2.17,886,1.02,,,,
2020,2408,半導體業,3310,4674936,1412,1166.0,2.51,1416,10.22,,,,
2020,2409,光電業,20432,19854479,972,783.0,0.36,886,1.02,,,,
2020,2412,通信網路業,20957,31210260,1489,1467.0,4.31,1125,2.22,,,,
2020,2413,電子零組件業,623,323772,520,467.0,-0.1,851,5.12,,,,
2020,2414,電子通路業,350,286857,820,739.0,2.25,981,4.13,,,,
2020,2415,電子零組件業,20,20029,1001,900.0,0.66,851,5.12,,,,
2020,2417,電腦及週邊設備業,173,218762,1265,1081.0,6.41,1209,4.57,,,,
2020,2419,通信網路業,211,261770,1241,1020.0,0.87,1125,2.22,,,,
2020,2420,電子零組件業,543,317219,584,492.0,2.9,851,5.12,,,,
2020,2421,電子零組件業,488,477281,978,810.0,3.39,851,5.12,,,,
2020,2423,其他電子業,372,331645,892,818.0,1.37,1172,6.54,,,,
2020,2424,電腦及週邊設備業,14,9508,679,611.0,-7.73,1209,4.57,,,,
2020,2425,電腦及週邊設備業,15,9741,649,680.0,1.51,1209,4.57,,,True,說明:1.本公司薪資及獎金制度結構兩年度均        未有變動      2.109年EPS較前一年度成長，非經理人       之全時員工薪資'平均數較前一年減少       主係109年AI部門人員新進及離職變動       之影響
2020,2426,光電業,653,379475,581,524.0,1.02,886,1.02,,,,
2020,2427,資訊服務業,645,457367,709,662.0,0.63,937,3.32,,,,
2020,2428,電子零組件業,400,310898,777,630.0,10.81,851,5.12,,True,,本公司直接人員約佔員工人數65%；間接人員含技術、研發、管理約佔員工人數35%。本公司屬勞力密集產業，員工薪酬及公司經營績效配置應屬合理。
2020,2429,光電業,67,31337,468,358.0,-1.63,886,1.02,True,,,"109年度在經營團隊努力下, 公司虧損情況已較前一年度有所改善,唯仍處虧損狀態,無執行全面性調薪, 非主管職平均薪資雖未達50萬,已較108年度又再提升了5.6%, 管理階層將持續朝增進薪酬福利目標邁進."
2020,2430,電子通路業,1949,1241114,637,581.0,1.85,981,4.13,,,,
2020,2431,電子零組件業,56,47555,849,711.0,0.42,851,5.12,,,,
2020,2433,其他電子業,396,277229,700,637.0,3.93,1172,6.54,,,,
2020,2434,半導體業,32,21911,685,560.0,-0.33,1416,10.22,,,,
2020,2436,半導體業,286,341443,1194,1101.0,1.94,1416,10.22,,,,
2020,2438,光電業,22,11688,531,445.0,0.07,886,1.02,,,True,109年非擔任主管職務薪資就108年減少，是因108年較多職級高及資深的員工，109年則是新進員工較多。
2020,2439,通信網路業,632,580859,919,714.0,6.39,1125,2.22,,True,,通信網路業產業型態不盡相同，服務客戶、產品、技術亦差異甚大，實際營運和品牌經營與否各異；經試算，本公司平均薪資佔整體獲利比例和同業相較，差異不大。
2020,2440,電子零組件業,17,14147,832,758.0,1.58,851,5.12,,,,
2020,2441,半導體業,3646,2968277,814,690.0,4.68,1416,10.22,,,,
2020,2442,電腦及週邊設備業,53,52206,985,815.0,0.6,1209,4.57,,,,
2020,2443,其他,21,15961,760,664.0,-3.09,830,3.65,,,,
2020,2444,通信網路業,439,201807,460,403.0,-0.93,1125,2.22,True,,,"公司為以生產為主之網通製造業,依據營運人力需求多數為生產線之基層人員,因此薪資普遍不高,本司巳於109年調整員工薪資,均數為3%,薪資結構調整無法於一年內大幅增加。"
2020,2449,半導體業,6911,4983970,721,602.0,2.97,1416,10.22,,,,
2020,2450,通信網路業,2129,1201479,564,523.0,1.69,1125,2.22,,,True,本公司109年EPS較前一年增加，係因管控費用得宜，然109年營收與毛利仍較前一年度下滑，本公司員工薪酬之部分為變動獎金，其與營收、毛利達成相關，因此變動獎金受營收與毛利下滑以至整體平均薪資較前一年度些微降低
2020,2451,半導體業,1046,758497,725,608.0,2.79,1416,10.22,,,,
2020,2453,資訊服務業,967,839679,868,778.0,1.7,937,3.32,,,,
2020,2454,半導體業,8741,27002965,3089,2641.0,26.01,1416,10.22,,,,
2020,2455,通信網路業,230,216941,943,654.0,2.88,1125,2.22,,True,,本公司屬製造業，109年直接人力佔全公司63.14%且滿半年未滿一年佔14.77％，109年EPS$2.88比108年EPS$2.79成長，109年員工薪資平均數$943(仟元/人)亦比108年員工薪資平均數$891(仟元/人)增加，尚屬合理。
2020,2456,電子零組件業,411,361312,879,543.0,5.91,851,5.12,,,,
2020,2457,電子零組件業,481,411038,855,744.0,-0.46,851,5.12,,,,本公司依據員工職能符合程度，及遵循勞動法令規範核定薪資，並考量內部公平及外部平衡給薪，每年依前一年度營運狀況、成長率、當年度物價指數、員工績效表現辦理獎酬之分配，以獎勵員工的貢獻，並激勵員工繼續努力。
2020,2458,半導體業,1014,1742761,1719,1493.0,11.14,1416,10.22,,,,
2020,2459,其他電子業,60,56972,950,906.0,4.25,1172,6.54,,,,
2020,2460,電子零組件業,129,67642,524,486.0,-0.25,851,5.12,,,,
2020,2461,其他電子業,118,79395,673,570.0,0.96,1172,6.54,,,,
2020,2462,電子零組件業,45,45991,1022,874.0,0.87,851,5.12,,,,
2020,2464,其他電子業,1046,1056998,1011,856.0,2.63,1172,6.54,,,,
2020,2465,電腦及週邊設備業,279,223344,801,647.0,0.5,1209,4.57,,,,
2020,2466,光電業,110,59579,542,370.0,0.04,886,1.02,,,,
2020,2467,電子零組件業,316,310711,983,846.0,2.94,851,5.12,,,,
2020,2468,資訊服務業,303,206554,682,605.0,0.55,937,3.32,,,,
2020,2471,資訊服務業,260,290384,1117,1025.0,2.07,937,3.32,,,,
2020,2472,電子零組件業,85,81242,956,763.0,5.13,851,5.12,,,,
2020,2474,其他電子業,4512,3017365,669,574.0,27.65,1172,6.54,,True,,電子業產品因生產週期及型態不同，人力結構組成就不相同，台灣可成直接人力佔全公司比重約67%，因此在年薪呈現上會較其他電子業在台灣是以研發為主的公司低。
2020,2476,電子零組件業,648,432726,668,587.0,1.55,851,5.12,,,,
2020,2477,其他電子業,160,122857,768,670.0,0.92,1172,6.54,,,,
2020,2478,電子零組件業,722,477109,661,505.0,4.7,851,5.12,,,,
2020,2480,資訊服務業,460,441269,959,891.0,4.68,937,3.32,,,True,因應公司109年度在招募人才政策方向，趨向年輕化，及招募人才的職務類別人數，行政人員大於專業工程人員，基於不同職務敘薪使整體薪資有所調降。
2020,2481,半導體業,1260,866906,688,556.0,2.7,1416,10.22,,,,
2020,2482,其他電子業,250,180576,722,612.0,-0.5,1172,6.54,,,,
2020,2483,電子零組件業,570,278793,489,430.0,0.76,851,5.12,True,,,"本公司員工人數570人,其中128人為外籍勞工佔22.5%,以致整體薪資未達新台幣50萬元"
2020,2484,電子零組件業,684,365494,534,493.0,1.02,851,5.12,,,,
2020,2485,通信網路業,971,556838,573,417.0,-0.48,1125,2.22,,,,
2020,2486,光電業,710,429885,605,543.0,-0.75,886,1.02,,,,
2020,2488,其他電子業,142,105801,745,625.0,2.27,1172,6.54,,,,
2020,2489,光電業,305,391456,1283,1128.0,0.68,886,1.02,,,,
2020,2491,光電業,4,2338,585,545.0,1.5,886,1.02,,True,,本公司員工薪酬政策，依員工職責考核其個人績效表現及對公司之貢獻度，並考量公司營運狀況來給予相應之酬金。本公司非擔任主管職務之全時員工薪資平均數仍較108年度增加，未來將持續提升員工福址。
2020,2492,電子零組件業,2388,1825368,764,583.0,13.66,851,5.12,,True,,本公司109年員工薪資平均數764仟元較108年員工薪資平均數676仟元成長13%。
2020,2493,電子零組件業,248,244794,987,820.0,2.7,851,5.12,,,,
2020,2495,其他電子業,424,367937,868,767.0,-0.24,1172,6.54,,,,
2020,2496,其他,7,4206,601,660.0,3.3,830,3.65,,,,
2020,2497,汽車工業,424,245345,579,549.0,-0.69,737,5.38,,,,
2020,2498,通信網路業,2481,2791877,1125,886.0,-7.27,1125,2.22,,,,
2020,2501,建材營造,122,126522,1037,956.0,1.28,846,1.74,,,,
2020,2504,建材營造,555,487059,878,863.0,1.9,846,1.74,,,,
2020,2505,建材營造,51,70030,1373,1271.0,7.58,846,1.74,,,,
2020,2506,建材營造,67,54723,817,770.0,-0.15,846,1.74,,,,
2020,2509,建材營造,45,34146,759,695.0,1.03,846,1.74,,,,
2020,2511,建材營造,202,150377,744,697.0,0.49,846,1.74,,,,
2020,2514,其他,18,25211,1401,1011.0,3.05,830,3.65,,,,
2020,2515,建材營造,907,648321,715,644.0,0.4,846,1.74,,,,
2020,2516,建材營造,713,464773,652,585.0,-3.11,846,1.74,,,,
2020,2520,建材營造,71,112550,1585,1391.0,6.8,846,1.74,,,,
2020,2524,建材營造,29,29615,1021,964.0,4.48,846,1.74,,,,
2020,2527,建材營造,29,23792,820,807.0,1.49,846,1.74,,,,
2020,2528,建材營造,41,25719,627,689.0,-0.73,846,1.74,,,,
2020,2530,建材營造,22,21520,978,867.0,-0.32,846,1.74,,,,
2020,2534,建材營造,62,42470,685,652.0,1.12,846,1.74,,,,
2020,2535,建材營造,496,563655,1136,1043.0,3.74,846,1.74,,,,
2020,2536,建材營造,17,20182,1187,1171.0,1.84,846,1.74,,,True,因人數減少是全時員工離職變動新進人員未達六個月得不列入全時員工之統計範圍，所以影響109年度薪資平均數較前一年度減少。
2020,2537,建材營造,23,19034,828,783.0,0.59,846,1.74,,,,
2020,2538,建材營造,5,5144,1029,1320.0,-0.32,846,1.74,,,True,1.本公司109年度仍呈虧損，薪酬相較前一年度並無重大變動。2.非擔任主管職務全時員工薪資平均數較前一年度減少，主係109年度有員工退休及離職，且其中異動員工有高薪員工所致。
2020,2539,建材營造,45,37050,823,675.0,1.48,846,1.74,,,,
2020,2540,建材營造,90,233789,2598,1369.0,6.18,846,1.74,,,,
2020,2542,建材營造,275,272541,991,727.0,2.11,846,1.74,,,,
2020,2543,建材營造,897,525576,586,502.0,0.15,846,1.74,,,,本公司申報109年度非擔任主管職務之全時員工薪資資訊檢查表如下：(1)外籍移工，占總員工的比例為38.4%，平均年薪425仟元。(2)本國籍員工為573人，平均年薪682仟元。(3)薪資中位數628仟元。
2020,2545,建材營造,43,39933,929,720.0,5.33,846,1.74,,,,
2020,2546,建材營造,580,527983,910,841.0,5.91,846,1.74,,,,
2020,2547,建材營造,136,122008,897,817.0,0.69,846,1.74,,,,
2020,2548,建材營造,57,97127,1704,1549.0,10.05,846,1.74,,,,
2020,2596,建材營造,9,6392,710,715.0,1.45,879,1.27,,True,,新冠肺炎肆虐全球，嚴重影響工程進度和營收，｢非擔任主管職務｣之員工皆屬基礎人員配置，工作內容以實際反應於薪資中，公司有完整的員工福利及合理友善的職場環境。離職率近乎於｢零｣。
2020,2597,建材營造,768,741904,966,777.0,7.48,846,1.74,,,,
2020,2601,貿易百貨,35,28621,818,719.0,-0.42,826,3.5,,,,
2020,2603,航運業,1795,2787475,1553,1428.0,5.06,1095,1.69,,,,
2020,2605,航運業,36,52907,1470,1349.0,0.24,1095,1.69,,,,
2020,2606,航運業,212,269520,1271,1115.0,1.04,1095,1.69,,,,
2020,2607,航運業,1032,862949,836,822.0,0.64,1095,1.69,,,,
2020,2608,航運業,4293,2866853,668,651.0,3.21,1095,1.69,,True,,本公司雖屬航運業，但以陸地為營運主軸。陸運業者所需人力較多為基層勞力人員，與航運、空運業者是以高技術含量之專業員工佔居多數顯著不同。因此本公司非擔任主管職務之全時員工平均薪資本就難高於航運、空運業者。
2020,2609,航運業,1494,2052787,1374,1243.0,4.51,1095,1.69,,,,
2020,2610,航運業,10035,15087426,1503,990.0,0.03,1095,1.69,,,True,受新冠肺炎疫情影響客運大幅減班，109年二~四月主管減薪，五、六月全員減班休息減薪，故薪資平均數較前一年度減少。另因疫情影響獲得政府營運補助收入或減租等救濟措施，若扣除補助款109年虧損數將大於108年虧損。
2020,2611,航運業,39,21943,563,513.0,-0.1,1095,1.69,,,True,108年因認列存出保證金減損EPS為(0.71)元，109年無此情形EPS為(0.1)元。本公司109年有2位高薪員工晉升為經理人，致非擔任主管職務之全時員工平均薪資下降。員工薪資係參照市場薪資水平，僅年終獎金與EPS正相關。
2020,2612,航運業,47,57833,1230,1116.0,1.67,1095,1.69,,,,
2020,2613,航運業,702,382641,545,539.0,0.23,1095,1.69,,,,
2020,2614,其他,238,246394,1035,942.0,0.94,830,3.65,,,,
2020,2615,航運業,1019,1607225,1577,1461.0,5.1,1095,1.69,,,,
2020,2616,油電燃氣業,1013,824111,814,808.0,2.73,1117,0.99,,True,,本公司事業體包含運輸部門及油品部門，運輸部門主要員工為司機，其薪資結構和同業較不同，故薪資水準無法相比。
2020,2617,航運業,215,245151,1140,956.0,1.24,1095,1.69,,,,
2020,2618,航運業,8436,9934661,1178,681.0,-0.69,1095,1.69,,,,
2020,2630,航運業,1015,624611,615,585.0,0.32,1095,1.69,,,,
2020,2633,航運業,4574,4271281,934,838.0,1.04,1095,1.69,,,,
2020,2634,航運業,5259,4628424,880,751.0,0.42,1095,1.69,,,,
2020,2636,航運業,300,186004,620,506.0,4.72,1095,1.69,,True,,本公司員工與同業員工組成結構差異很大，本公司同業大多為航空公司及船公司，其員工結構多為機師、空姐、船員，以及航太業專門技術人員等，屬於工時長、風險性高或技術門檻較高之職務，故其薪資原本就較一般公司高。
2020,2640,其他,360,235415,654,507.0,5.22,637,2.06,,,,
2020,2641,航運業,31,21315,688,653.0,0.62,760,3.38,,,,
2020,2642,航運業,1876,1101535,587,558.0,2.19,1095,1.69,,True,,路線貨運公會成員包括：統一速達、新竹物流、嘉里大榮、通盈、祥億等及我司。證交所類別與路線貨運公會有差異。我司員工3.5頓貨車司機為主，市場行情年平均薪資42萬~48萬，109年平均薪58.7萬(108年58.1萬↑1.03%)
2020,2643,航運業,80,47424,593,505.0,7.15,760,3.38,,True,True,本公司因部份資深員工屆齡退休，因應上述員工退休及業務成長，招聘數名新進人員，以致於薪資平均數及中位數較前一年度減少。
2020,2701,觀光事業,17,7356,433,419.0,0.39,554,0.47,True,,,本公司營收來自租賃及育樂，租賃之招商、訂定係主管之職責，而育樂收入係受院線片強檔卡司陣容等因素影響。非主管之員工多從事一般事務工作，除有固定薪資保障外，並享有年終獎金、退休金、勞健保等一般員工福利。
2020,2702,觀光事業,86,35762,416,344.0,-2.45,554,0.47,True,,,員工核薪依薪資級距核訂，飯店業基層員工居多佔人力半數以上，且業界人員流動率高新進員工較多故拉低平均薪資。
2020,2704,觀光事業,1117,642398,575,471.0,0.01,554,0.47,,,,
2020,2705,觀光事業,875,396671,453,394.0,-2.01,554,0.47,True,,True,1.非擔任主管職務之薪資共484人，其中半數以上為未滿12個月員工年薪加總未足年度，因此產生平均數未達50萬的狀況。2.飯店及遊樂園人力以基層人力為主，且任用實習生較多，其為法定基本工資，使平均薪資較低。
2020,2706,觀光事業,31,13025,420,389.0,0.32,554,0.47,True,,,本公司營業收入來自租賃及旅遊，租賃之作業由主管負責，旅遊收入係受大環境及政府政策推動所影響。本公司非主管員工係從事一般基本工作，除有固定薪資保障，並享有津貼、員工酬勞、退休金、勞健保等福利。
2020,2707,觀光事業,1312,796576,607,498.0,5.18,554,0.47,,,,
2020,2712,觀光事業,303,149079,492,387.0,0.93,554,0.47,True,True,,1.員工薪資依公司薪資架構核定2.任用實習生人數約40名，其薪資為法定基本工資，使平均薪資較低3.每年進行花蓮區同業薪資調查，使員工薪資具競爭力
2020,2718,觀光事業,54,25237,467,420.0,-2.89,498,-1.01,True,,,本公司經營觀光旅館屬勞力密集產業，需大量基層員工方能支應。薪資水準較低之基層員工占比較高，排除基層員工之因素後，全員平均薪資為69.5萬元，尚符合一般薪資水準。
2020,2719,觀光事業,101,44455,440,385.0,-4.28,498,-1.01,True,,True,本公司員工薪資平均數與同業差異不大，主要係因非擔任主管的員工人力結構以年資淺之基層員工居多，起薪較低，故將非擔任主管之全時員工平均薪資拉低所致。
2020,2722,觀光事業,395,157121,398,346.0,0.79,554,0.47,True,True,,本公司為旅館及餐館業，由於直接服務人員佔比高，且因配合政府推行大專院校建教實習合作，故非擔任主管職務之平均薪資較低。
2020,2727,觀光事業,2880,1746680,606,519.0,4.61,554,0.47,,,,
2020,2729,觀光事業,1252,684858,547,495.0,15.95,498,-1.01,,,True,本公司為連鎖餐飲集團，2020上半年因疫情影響導致業績下滑，業績相關獎金支出減少所致。
2020,2731,觀光事業,1998,936035,468,410.0,-5.9,554,0.47,True,,,因疫情109年出境旅遊全面取消，國旅7月復甦，公司仍基於照顧員工，維持固定月薪資，以保障基本生活所需。集團積極轉型深耕國內旅遊，並評估營業額與毛利率，提撥部份業績獎金予同仁，以達激勵業績成長與留才之目標。
2020,2732,觀光事業,207,112180,542,450.0,3.08,498,-1.01,,,,
2020,2734,觀光事業,118,37132,315,291.0,-2.51,498,-1.01,True,,,本公司員工薪酬係同時考量公司營運績效、未來產業景氣波動之風險，以及本公司未來經營可能面臨之營運風險、交易風險、財務風險等因素訂定薪酬之金額。惟109年度薪資數字係已扣除交通部員工薪資補助款後之金額。
2020,2736,觀光事業,214,80419,376,325.0,0.18,498,-1.01,True,True,,本公司薪資除遵照勞動基準法相關規定外，並依照本公司薪資管理辦法之核定薪資，另基於飯店業產業特性，基層員工人數佔比較大，雖未達同業平均數，但本公司今年度之薪資水平仍屬成長。
2020,2739,觀光事業,1455,782939,538,454.0,-3.15,554,0.47,,,,
2020,2740,觀光事業,77,31506,409,336.0,-3.36,498,-1.01,True,,True,本公司為餐飲業員工整體較年輕、年資較淺等薪資結構因素，故平均薪資低於50萬元。另，本公司109年有數名資深員工離職，而新進員工薪資較資深員工低，導致薪資平均數較前一年小幅衰退。
2020,2743,觀光事業,350,137421,393,355.0,-1.25,498,-1.01,True,,,公司的員工組織架構分為行政、商品、銷售，其中商品、銷售員工為多數，此員工的薪資結構以獎金為主，但因疫情的關係，造成公司出團量銳減，以至此員元的獎金也大幅下降，才會造成員工平均薪資未達50萬元。
2020,2745,觀光事業,532,215270,405,406.0,-2.88,498,-1.01,True,,,本公司屬人力密集產業，基層勞力以業務人員為主。除固定底薪外，每月薪資約50%來自業績獎金，109年3月起因受疫情影響主要營運以國內旅遊為主，唯其利潤較低，依此，所得中的獎金佔比間接影響整體薪資。
2020,2748,觀光事業,658,363790,553,486.0,1.44,554,0.47,,True,,本公司營收以餐飲為主，薪資包含部份實習生所致。
2020,2752,觀光事業,490,246931,504,454.0,10.29,498,-1.01,,,,
2020,2754,觀光事業,476,270147,568,447.0,0.79,498,-1.01,,,,
2020,2755,觀光事業,253,141297,558,464.0,3.9,498,-1.01,,,,
2020,2801,金融保險業,6175,7553613,1223,1133.0,0.68,1240,1.95,,,,
2020,2809,金融保險業,824,651684,791,723.0,4.9,1240,1.95,,True,,獲利係含投資收益，貢獻者之獎酬非本表範圍，本業獲利與同業相當。本行永續穩健提升獎酬，雖本年度資深員工退休數增加，新進資淺員工薪資相對較低，逾一成換血率壓低成長數，但薪資總額及平均薪資仍各有約5%的成長
2020,2812,金融保險業,2364,2438883,1032,867.0,1.03,1240,1.95,,,,
2020,2816,金融保險業,1039,1061067,1021,793.0,3.14,1240,1.95,,True,,金融保險業計有金控、銀行、證券、保險等，各家經營規模與股本差異甚大，故員工實質薪資不易有共同比較基礎。本公司盈餘較去年減少，惟員工薪資、獎金仍較去年增加，與產險同業相較，本公司員工薪酬相對合理。
2020,2820,金融保險業,133,199975,1504,1316.0,1.18,1240,1.95,,,,
2020,2823,金融保險業,2225,2436119,1095,934.0,3.29,1240,1.95,,True,,"1金融保險業涵蓋行業廣泛、業態不盡相同，實難直接比較2本公司非主管全時員工薪資較去年成長11%，遠高於同業4%漲幅3平均福利費用達1,224仟元(主要同業第三名)，較去年成長4.3% (主要同業第二名)，逐漸提高競爭力"
2020,2832,金融保險業,825,782994,949,715.0,1.9,1240,1.95,,,,
2020,2834,金融保險業,4929,5554944,1127,1007.0,0.63,1240,1.95,,,,
2020,2836,金融保險業,1041,1194224,1147,1065.0,0.68,1240,1.95,,,,
2020,2838,金融保險業,3685,2833007,769,669.0,0.96,1240,1.95,,,,
2020,2841,建材營造,55,48433,881,851.0,-2.41,846,1.74,,,,
2020,2845,金融保險業,2219,2662887,1200,1046.0,0.73,1240,1.95,,,,
2020,2849,金融保險業,1365,1207068,884,751.0,1.11,1240,1.95,,,,
2020,2850,金融保險業,1692,1887009,1115,857.0,5.16,1240,1.95,,True,,公司目標在創造客戶、員工及股東三贏，109年因疫情關係市場受影響，本公司幸策略因應得宜，整體經營受市場衝擊較小，並將績效回饋員工及股東，故員工平均薪資、獎金、酬勞均較前年度提昇，確實落實員工福祉政策。
2020,2851,金融保險業,120,167739,1398,1186.0,2.57,1240,1.95,,,,
2020,2852,金融保險業,808,822369,1018,782.0,0.51,1240,1.95,,,,
2020,2855,金融保險業,1342,1856646,1383,948.0,2.58,1240,1.95,,,,
2020,2867,金融保險業,1514,1329030,878,772.0,0.61,1240,1.95,,,,
2020,2880,金融保險業,9489,11368506,1198,1036.0,0.67,1240,1.95,,,,
2020,2881,金融保險業,14232,19296189,1356,1091.0,8.54,1240,1.95,,,,
2020,2882,金融保險業,20226,27313134,1350,1074.0,5.41,1240,1.95,,,,
2020,2883,金融保險業,7194,9124492,1268,1026.0,0.87,1240,1.95,,,,
2020,2884,金融保險業,8109,8847826,1091,1015.0,1.43,1240,1.95,,,,
2020,2885,金融保險業,9130,11650001,1276,1057.0,1.99,1240,1.95,,,,
2020,2886,金融保險業,7856,11206622,1427,1134.0,1.84,1240,1.95,,,,
2020,2887,金融保險業,7476,9259045,1239,992.0,1.17,1240,1.95,,,,
2020,2888,金融保險業,7969,8585705,1077,892.0,1.12,1240,1.95,,,,
2020,2889,金融保險業,1319,1532926,1162,857.0,1.12,1240,1.95,,,,
2020,2890,金融保險業,7152,8643572,1209,1018.0,1.09,1240,1.95,,,,
2020,2891,金融保險業,12528,18001093,1437,1165.0,2.15,1240,1.95,,,,
2020,2892,金融保險業,8056,9732868,1208,1103.0,1.31,1240,1.95,,,,
2020,2897,金融保險業,746,872163,1169,986.0,0.41,1240,1.95,,,,
2020,2901,貿易百貨,26,17438,671,605.0,0.19,826,3.5,,,,本公司薪酬制度訂有各級薪資給予標準及獎金辦法，會依公司盈餘狀況及個人績效決定。本公司非擔任主管職務之全時員工(110)薪水較前一年度(109)減少主要原因為:資深退休員工與新進人員之薪水差異。
2020,2903,貿易百貨,1301,929794,715,669.0,1.38,826,3.5,,,,
2020,2904,其他,59,45321,768,699.0,2.31,830,3.65,,,True,民國109年非擔任主管職務之全時員工(以下簡稱M)平均調薪幅度約為3%，M薪資中位數及薪資總額皆較前一年度高，惟平均數低於前一年，主要係因為離職員工薪資平均數高於聘任新進員工之薪資平均數所致。
2020,2905,貿易百貨,1522,1343175,883,771.0,1.63,826,3.5,,,,
2020,2906,貿易百貨,106,62159,586,536.0,0.15,826,3.5,,,,
2020,2908,貿易百貨,311,308091,991,847.0,1.6,826,3.5,,,,
2020,2910,貿易百貨,67,38302,572,519.0,0.65,826,3.5,,,,
2020,2911,貿易百貨,746,356087,477,435.0,-1.72,826,3.5,True,,,本公司屬於勞力密集產業，基層作業員及銷售員佔76%。薪資包括本薪、獎金、加班費及員工酬勞，本薪佔70%與市場結構與水平相當，除符合法律規定的最低標準亦反應營運成本效益。109年度營運虧損，員工薪酬亦受影響。
2020,2912,貿易百貨,5321,5205955,978,827.0,9.85,826,3.5,,,,
2020,2913,貿易百貨,278,162728,585,482.0,-0.02,826,3.5,,,True,本公司非擔任主管職務之全時員工，因老員工相繼退休，而109年新增之員工多為基層、且給薪未滿12個月的新員工，因此造成薪資平均數減少。本公司秉持共創價值、利潤分享之理念，持續優化同仁薪酬水準。
2020,2915,貿易百貨,503,270910,539,416.0,14.85,826,3.5,,True,,"本公司獲利中轉投資收益佔比較高,若排除轉投資收益則獲利未能優於同業;又所營零售服務及量販店等屬人力需求較高行業,因受景氣等因素的影響經營績效及員工薪酬亦受影響。本公司將盡力提升營運績效,增進員工福祉。"
2020,2916,貿易百貨,553,258703,468,419.0,1.61,624,5.66,True,,True,本公司係零售服務業，銷售人員占比高且流動率高，其給薪方式為基本薪資加業績獎金，獎金的多寡依目標達成計算，受到景氣好壞及服飾類商品消費意願的影響。依本公司營運狀況，平均薪資468仟元與現況相符，尚屬合理。
2020,2926,文化創意業,675,426020,631,502.0,1.16,922,4.69,,,,
2020,2937,貿易百貨,261,182447,699,585.0,3.15,624,5.66,,,,
2020,3002,電腦及週邊設備業,32,27653,864,823.0,0.57,1209,4.57,,,,
2020,3003,電子零組件業,636,358943,564,533.0,2.32,851,5.12,,,,
2020,3004,鋼鐵工業,448,296612,662,567.0,1.14,915,0.49,,True,,因應2020年全球疫情大爆發，造成各個產業都受到嚴重的衝擊，尤其是航太相關產業，使得公司的業績及產能受到影響，為了有效控制成本，依產能情形減少加班及調整班別，及獲利影響，才使員工的薪酬受到影響。
2020,3005,電腦及週邊設備業,581,921367,1586,1373.0,4.4,1209,4.57,,,True,本公司109年度EPS較108年度增加，而非擔任主管職務之全時員工（年度）薪資平均數較前一年度減少，主係全時員工人數較去年度增加所致，其變動尚屬合理。
2020,3006,半導體業,450,947665,2106,1964.0,3.85,1416,10.22,,,,
2020,3008,光電業,6877,8659046,1259,779.0,182.9,886,1.02,,,,非擔任主管職務之全時員工薪資-平均數 (不含外籍勞工):1624仟元/人
2020,3010,電子通路業,340,462850,1361,1132.0,8.03,981,4.13,,,,
2020,3011,電子零組件業,48,32853,684,537.0,-0.8,851,5.12,,,,
2020,3013,電腦及週邊設備業,68,55682,819,798.0,0.4,1209,4.57,,,,
2020,3014,半導體業,406,871449,2146,2026.0,5.83,1416,10.22,,,,
2020,3015,電子零組件業,719,652534,908,735.0,3.55,851,5.12,,,,
2020,3016,半導體業,615,488676,795,719.0,0.09,1416,10.22,,,,
2020,3017,電腦及週邊設備業,534,479860,899,809.0,5.42,1209,4.57,,True,,本公司實施”績效承諾制度”，以績效結果，做為獎金，晉升、調薪之參考， 109年擴充台灣製造產能，雖然直接人數增加，平均薪資仍比去年成長。
2020,3018,其他電子業,108,69748,646,617.0,-0.8,1172,6.54,,,,
2020,3019,光電業,755,568877,753,647.0,1.41,886,1.02,,True,,"1.扣除外籍，本國員工薪資540,267仟元，人數676人，平均薪資799仟元。2.薪資中之員工酬勞係視實際經營績效並依章程所訂上限發放。惟該項金額受疫情使獲利較上年度減少而略減。綜合之，本國員工薪酬接近同業平均數。"
2020,3021,電子零組件業,149,101300,680,550.0,1.03,851,5.12,,,,
2020,3022,電腦及週邊設備業,428,359260,839,776.0,5.64,1209,4.57,,True,True,係因本(109)年度公司本業經營獲利結果較前一(108)年度未有顯著成長，加上人力結構組成因在台生產需求有所變動(生產直間接員工比例增加)，致非經理人之全時員工薪資平均數較前一年度減少。
2020,3023,電子零組件業,807,560662,695,504.0,9.08,851,5.12,,True,True,國內有工廠OP約占50 %，不宜與國內沒有工廠的公司評比。獲利81% 來自海外收益，來自國內EPS 1.56 低於同業平均。產線員工月平均薪33.5 K ， 比法定工資多9.5 K。IDL年均薪 936 K優於同業平均 。
2020,3024,光電業,47,33483,712,673.0,0.17,886,1.02,,,,
2020,3025,通信網路業,142,136016,958,789.0,1.11,1125,2.22,,,,
2020,3026,電子零組件業,913,764403,837,626.0,8.31,851,5.12,,True,,本公司定期參酌產業人才市場薪資水準，衡量公司薪資在就業市場競爭力。109年所申報非擔任主管職務的全時員工人數中，5成多員工為產線作業人員，因此薪資平均數837仟元低於同業水準851仟元。
2020,3027,通信網路業,103,79528,772,704.0,0.32,1125,2.22,,,,
2020,3028,電子通路業,297,288973,973,858.0,2.21,981,4.13,,,,
2020,3029,資訊服務業,236,232026,983,830.0,3.55,937,3.32,,,,公司每年提獲利4%作為員工紅利與員工共享並參與市場薪資評估，考量評估結果與整體薪酬水準、國內外經濟趨勢結合個人績效予調薪，維持具競爭力之薪酬政策。本公司年度平均調薪幅度為4.5%，其中個人最高調幅為21.6%。
2020,3030,其他電子業,466,533904,1146,968.0,4.63,1172,6.54,,,,
2020,3031,光電業,63,48677,773,698.0,0.74,886,1.02,,,,
2020,3032,電子零組件業,121,133100,1100,991.0,4.21,851,5.12,,,,
2020,3033,電子通路業,435,481508,1107,936.0,1.9,981,4.13,,,,
2020,3034,半導體業,2293,7279765,3175,2732.0,19.42,1416,10.22,,,,
2020,3035,半導體業,631,1021133,1618,1365.0,1.08,1416,10.22,,,,
2020,3036,電子通路業,816,1045192,1281,1049.0,5.22,981,4.13,,,,
2020,3037,電子零組件業,10863,8175275,753,646.0,3.74,851,5.12,,,,
2020,3038,光電業,838,483646,577,492.0,1.57,886,1.02,,True,,1.公司營運績效持續提高，員工薪資平均數有顯著成長。2.本公司主要以台灣為生產基地，產線基層作業人員佔總人數比重逾半，在人力結構不同情況下，員工薪資平均數較同業水準為低。
2020,3040,其他,6,4762,794,842.0,6.34,830,3.65,,True,,"109年雖然EPS增加,但主因業外獲利較高,反而本業獲利較低,而本公司薪資與本業獲利較有關聯"
2020,3041,半導體業,199,340263,1710,1476.0,-1.26,1416,10.22,,,True,由於本公司108年度施行一項員工留任計畫，而「非主管職務之員工薪資」須於當年度依薪資扣繳總額一次計入，然薪資費用係按留任期間攤提認列，此時間性差異致本公司近兩年度「經營績效與員工薪酬之關聯」因而脫勾。
2020,3042,電子零組件業,915,751280,821,669.0,4.61,851,5.12,,,,
2020,3043,其他電子業,202,107026,530,408.0,-0.25,1172,6.54,,,,
2020,3044,電子零組件業,1341,890341,664,435.0,11.65,851,5.12,,True,True,公司員工薪酬係參考PCB同業水準並依各廠營運貢獻與人員職級按公司薪酬規則所定；因產業特性需要，公司製程直接員工比重高，且對應產能需求調整人力配置，在直接員額編制增加情況下，員工薪資平均數較前期減少。
2020,3045,通信網路業,3631,3847120,1060,914.0,4.01,1125,2.22,,True,,本公司每年會依照營運目標達成率核定年終獎金、員工酬勞與年度調薪率，以獎勵同仁之貢獻，員工之獎酬在業界具競爭力。相較於同業，本公司員工之年資與年齡較輕，這是影響人事費用多寡原因之一。
2020,3046,電腦及週邊設備業,64,61394,959,910.0,-0.93,1209,4.57,,,,
2020,3047,通信網路業,287,274478,956,864.0,0.56,1125,2.22,,,,
2020,3048,電子通路業,341,416083,1220,1041.0,3.13,981,4.13,,,,
2020,3049,光電業,303,258182,852,724.0,0.43,886,1.02,,,,
2020,3050,光電業,200,122164,611,575.0,0.8,886,1.02,,,True,"係109年EPS較108年成長6.7%，因109年採用權益法認列之子公司、關聯企業及合資損益之份額90,019仟元，佔淨利77%。109年因Covid-19影響，母公司個體業績衰退，相關之獎金及加班費減少造成平均薪資減少。"
2020,3051,光電業,569,298049,524,485.0,0.05,886,1.02,,,,
2020,3052,建材營造,108,72530,672,620.0,1.59,846,1.74,,,,
2020,3054,半導體業,17,16535,973,858.0,-0.16,1416,10.22,,,,
2020,3055,電子通路業,109,126463,1160,1072.0,-0.48,981,4.13,,,,
2020,3056,建材營造,51,62932,1234,627.0,4.9,846,1.74,,,,
2020,3057,電腦及週邊設備業,199,218331,1097,924.0,-0.69,1209,4.57,,,,
2020,3058,電子零組件業,123,101815,828,740.0,-0.76,851,5.12,,,,
2020,3059,光電業,189,234754,1242,1199.0,0.6,886,1.02,,,True,1. 人力結構109年度新增聘僱直接員工，人數近一成，故總平均薪資略低於108年度。2. 109年度在職月數未達12個月者，本次申報逾二成 (去年僅一成)，故影響總平均薪資。
2020,3060,電腦及週邊設備業,346,209219,605,548.0,-1.85,1209,4.57,,,,
2020,3062,通信網路業,164,159051,970,917.0,0.07,1125,2.22,,,,
2020,3064,文化創意業,199,170314,856,654.0,-2.34,922,4.69,,,,
2020,3066,光電業,34,18285,538,452.0,0.54,768,1.1,,,True,1.年度資淺人員增幅大於EPS增幅，使得薪資平均數衰退。2.EPS高於同業平均數，主要來自業外收益大幅增加，而本業屬於虧損狀態， 薪資為管理費用類項下科目， 造成平均薪資未達50萬元，平均數低於同業。
2020,3067,其他電子業,10,6211,621,570.0,-0.8,768,2.62,,,,
2020,3071,電腦及週邊設備業,142,109162,769,652.0,1.82,779,3.59,,,,
2020,3073,半導體業,7,4511,644,485.0,-0.37,1141,5.91,,,,
2020,3078,電子零組件業,118,125713,1065,848.0,4.55,671,1.67,,,,
2020,3081,通信網路業,306,294414,962,765.0,6.5,747,1.48,,,,
2020,3083,文化創意業,194,148221,764,642.0,0.01,922,4.69,,,,
2020,3085,電子商務,5,3152,630,589.0,-2.45,720,3.84,,,,
2020,3086,文化創意業,51,29200,573,525.0,0.04,922,4.69,,,,
2020,3088,電腦及週邊設備業,548,478890,874,791.0,3.73,779,3.59,,,,
2020,3089,電子零組件業,13,7784,599,531.0,-0.44,671,1.67,,,True,主要係109年度部分資深人員離職，而新進人員薪資較低所致。
2020,3090,電子零組件業,131,102924,786,671.0,3.36,851,5.12,,,,
2020,3092,電子零組件業,9,10323,1147,954.0,1.58,851,5.12,,,,
2020,3093,其他電子業,121,104272,862,821.0,4.86,768,2.62,,,,
2020,3094,半導體業,68,76157,1120,1072.0,0.41,1416,10.22,,,,
2020,3095,通信網路業,126,83667,664,545.0,-0.59,747,1.48,,,,
2020,3105,半導體業,2919,3257064,1116,924.0,15.45,1141,5.91,,True,,穩懋半導體為專業晶圓代工製造公司，而半導體全產業薪資平均值包含以研發工程師為人員主力的IC設計公司，其薪資平均值當然高於以生產線作業人員為全公司逾一半人員的半導體製造業的平均薪資。
2020,3114,電子零組件業,58,61063,1053,847.0,1.76,671,1.67,,,,
2020,3115,電子零組件業,21,13296,633,549.0,-1.01,671,1.67,,,True,茲因本公司電子零組件業務受全球疫情影響，故109年度營運改採穩健保守之策略，並進行部分人力之調整；因此，該年度非經理人之全時員工平均薪資較108年度減少1仟元、約0.16%。
2020,3118,生技醫療業,113,95245,843,729.0,1.79,688,1.19,,,,
2020,3122,半導體業,56,57506,1027,984.0,-0.29,1141,5.91,,,True,係因前一年度資深高薪員工異動占多數，且本年度新進同仁均傾向年輕化所致。
2020,3128,光電業,235,142236,605,511.0,0.62,768,1.1,,,,
2020,3130,資訊服務業,719,801075,1114,972.0,7.8,937,3.32,,,,
2020,3131,其他電子業,148,195248,1319,1309.0,13.92,768,2.62,,,,
2020,3138,通信網路業,71,76157,1073,841.0,2.63,1125,2.22,,True,,本公司過往用人策略以延攬研發替代役及與學術界合作發展新技術為主，因聘用人員工作經驗相對較同業人員少，故薪資略顯為低。  目前已積極開拓多元管道招募業界精英，增加技術能量及未來發展性。
2020,3141,半導體業,118,133099,1128,1081.0,1.74,1141,5.91,,,,
2020,3144,電子零組件業,211,128074,607,569.0,2.52,671,1.67,,True,True,地理位置人力難求，人力結構中外籍直接人力占18%，職務評價以基本工資計。直接人力占53%，稀釋了平均薪資，而營運資金分配不僅限薪酬，更關注於員工福利。2020直接人力比上年度增加，Covid19影響，年薪會稍微降低。
2020,3147,資訊服務業,256,181872,710,546.0,3.35,873,2.59,,True,,大綜產業類別歸屬資訊服務業，以經營類別粗略再分成軟體資訊服務及硬體資訊服務。營業毛利及軟體工程師和硬體工程師薪資水平是明顯差異，統計是依同業平均數相較，故產生如此之落差。
2020,3149,光電業,434,266900,615,556.0,-1.42,886,1.02,,,,
2020,3152,通信網路業,297,255809,861,593.0,12.02,747,1.48,,,,
2020,3162,電機機械,26,14986,576,449.0,0.07,615,1.34,,,,
2020,3163,通信網路業,154,121777,791,680.0,3.14,747,1.48,,,,
2020,3164,生技醫療業,125,71000,568,535.0,0.69,725,2.52,,,True,因福利金申報及人員流動率差異原因造成員工薪資平均數較去年略為減少。
2020,3167,電機機械,229,165644,723,639.0,5.23,732,1.56,,True,,109年度因處分不動產獲利致淨利大幅增加，因處分不動產屬一時性的獲利，排除後EPS為2.21，與108年度EPS2.22相當，本公司109年度員工薪資平均數723仟元已較108年度641仟元增加13%。
2020,3169,半導體業,57,80127,1406,1120.0,3.05,1141,5.91,,,,
2020,3171,貿易百貨,175,149621,855,458.0,2.12,624,5.66,,,,
2020,3176,生技醫療業,39,35477,910,789.0,-2.43,688,1.19,,,,
2020,3178,電機機械,691,367734,532,465.0,2.34,615,1.34,,True,,"1.本公司產線製程標準化以及智能化程度高, 因此操作員層級員工人數，相較於平均薪資較高之技術員，佔比較高。2.109年員工結構約有10%為新進員工。"
2020,3188,建材營造,15,13421,895,821.0,0.49,879,1.27,,,,
2020,3189,半導體業,4893,3046027,623,528.0,1.21,1416,10.22,,,,
2020,3191,電子零組件業,14,6855,490,420.0,-3.12,671,1.67,True,,,"本公司EPS低於同業平均數,公司EPS較前一年衰退,本公司觀光旅遊部門於今年2月28日裁撤,足見本公司經營上有困難,故暫時無法將非經理人全時員工平均薪資提高到台幣50萬元以上。"
2020,3202,電子零組件業,50,31105,622,562.0,-1.35,671,1.67,,,,
2020,3205,生技醫療業,64,37893,592,520.0,-2.27,688,1.19,,,,
2020,3206,電子零組件業,57,52773,926,851.0,2.9,671,1.67,,,,
2020,3207,電子零組件業,10,5763,576,550.0,-0.39,671,1.67,,,,
2020,3209,電子通路業,211,203892,966,893.0,2.51,981,4.13,,,,
2020,3211,電腦及週邊設備業,161,227048,1410,1307.0,7.02,779,3.59,,,,
2020,3213,電腦及週邊設備業,305,216497,710,610.0,5.51,779,3.59,,True,,本公司產業類別雖為電腦製造及週邊設備業，其中通路事業部主要以「電腦通路零售」為主，第一線員工人數占比高，年資淺，流動性高，因而拉低了整體平均薪資。
2020,3217,電子零組件業,98,105477,1076,959.0,7.2,671,1.67,,,,
2020,3218,生技醫療業,231,204350,885,716.0,6.35,688,1.19,,,,
2020,3219,其他電子業,8,9783,1223,1129.0,0.76,768,2.62,,,,
2020,3221,通信網路業,461,239532,520,471.0,-0.68,747,1.48,,,,
2020,3224,電子通路業,81,55890,690,612.0,-1.42,696,0.36,,,,
2020,3226,電機機械,169,81341,481,431.0,5.02,615,1.34,True,True,,原因簡述說明如下:1.員工結構組成，作業職之基層員工占約70%，致近年雖因應勞動法基本薪資調整及營運績效年度調薪，仍較低。2.產線未有輪班制度，故未有相關之輪班津貼及夜間加給獎金，薪資較一般同業為低。
2020,3227,半導體業,426,1192265,2799,2435.0,10.6,1141,5.91,,,,
2020,3228,半導體業,60,84707,1412,1193.0,1.02,1141,5.91,,,,
2020,3229,電子零組件業,210,95186,453,401.0,-2.27,851,5.12,True,,,109年度受疫情影響整體業績下滑，在產能未達經濟規模、虧損增加及公司資金較為緊縮之前提下，相關人事成本及獎金激勵制度則相對保守謹慎。
2020,3230,光電業,25,15710,628,549.0,0.21,768,1.1,,,True,集團(含轉投資、海外子公司)整體業績成長、成本費用管控得宜，故公司EPS較前一年度成長。薪資平均數衰退原因：因應公司轉型(自創品牌)，而樣本數人員並不含轉投資、海外子公司等，兩者基礎點不同。
2020,3231,電腦及週邊設備業,8803,11167700,1269,1085.0,3.1,1209,4.57,,,,
2020,3232,電子通路業,39,28760,737,633.0,0.35,696,0.36,,,True,主係因本年度離職之員工為薪資高者，而本年度新進員工之薪資較低所致。
2020,3234,通信網路業,355,254015,716,630.0,0.1,747,1.48,,,,
2020,3236,電子零組件業,162,103523,639,526.0,0.79,671,1.67,,,,
2020,3252,觀光事業,8,3211,401,376.0,-1.84,498,-1.01,True,,,公司目前處於轉型成長期間，營收尚未見起色，待營運及績效成長步上正軌，將再依業績狀況調整薪資報酬。
2020,3257,半導體業,67,85779,1280,1128.0,3.34,1416,10.22,,,,
2020,3259,半導體業,135,151491,1122,967.0,-1.21,1141,5.91,,,,
2020,3260,半導體業,590,803141,1361,1082.0,6.1,1141,5.91,,,,
2020,3264,半導體業,1375,1285211,935,767.0,3.78,1141,5.91,,,,
2020,3265,半導體業,293,226532,773,660.0,1.54,1141,5.91,,,,
2020,3266,建材營造,62,71107,1147,1139.0,0.4,846,1.74,,,,
2020,3268,半導體業,34,17277,508,459.0,0.9,1141,5.91,,,True,"關聯性：本公司依據109年度稅前盈餘提撥績效獎金.於次年度110年發放．合理性：109年員工人數 34人較前一年度29人新進基層員工5人．且109年未滿一年員工人　數有7人,因此拉低薪資平均數．"
2020,3272,電腦及週邊設備業,212,170553,804,734.0,3.47,779,3.59,,,True,本公司於109年於台北新設工廠，新增許多直接員工從事產品的生產，此部份直接員工的薪資較原來其他間接員工(如研發等員工)低，因此拉低了全公司的平均薪資，此乃本公司員工薪資平均數較前一年度減少之原因。
2020,3276,電子零組件業,3,3323,1108,1124.0,0.18,671,1.67,,,,
2020,3284,其他,107,53105,496,451.0,-1.49,637,2.06,True,,,"109年度除受新冠肺炎疫情影響外，還面臨原物料價格、運輸費用、台幣兌美元不利出口等因素，致合併稅後淨損80,225仟元，上述因素致使員工酬勞及年終獎金等獎酬減少，故薪資平均數由558仟元下降至496仟元。"
2020,3285,其他電子業,54,35635,660,592.0,0.66,768,2.62,,,,
2020,3287,電腦及週邊設備業,13,8605,662,590.0,1.68,779,3.59,,,,
2020,3288,電子零組件業,14,11089,792,545.0,-0.35,671,1.67,,,,
2020,3289,其他電子業,818,687769,841,770.0,2.8,768,2.62,,,,
2020,3290,電子零組件業,31,20812,671,550.0,0.61,671,1.67,,,True,東浦近年因生產基地在大陸，台灣僅少數員工及中高階主管，自109年第1季起，台灣新購廠辦重啟營運，總員工人數增加且基層員工比例上升，致整體薪資平均數較前一年度略為降低。
2020,3293,文化創意業,980,1711847,1747,1435.0,48.38,922,4.69,,,,
2020,3294,電子零組件業,205,192979,941,772.0,0.65,671,1.67,,,,
2020,3296,電子零組件業,120,85660,714,657.0,0.23,851,5.12,,,,
2020,3297,光電業,144,79280,551,487.0,-1.91,768,1.1,,,,
2020,3303,其他電子業,453,314259,694,599.0,1.54,768,2.62,,,,
2020,3305,其他電子業,152,88849,585,483.0,1.51,1172,6.54,,,,
2020,3306,通信網路業,115,108159,941,828.0,0.35,747,1.48,,,,
2020,3308,電子零組件業,20,11192,560,478.0,-0.89,851,5.12,,,True,因疫情關係故109年之加權平均員工人數由108年的34人下降至20人，而薪資也因主要異動人員均為薪資較高之中階主管或研發人員，導致109年之平均薪資下降。獲利增加主系因費用撙節所致，費用撙節也包含人事費用的撙節。
2020,3310,電子零組件業,91,49347,542,458.0,0.78,671,1.67,,,,
2020,3311,通信網路業,211,181616,861,661.0,-6.1,1125,2.22,,,,
2020,3312,電子通路業,71,64470,908,912.0,1.58,981,4.13,,,,
2020,3313,其他,4,2441,610,495.0,-0.3,637,2.06,,,,
2020,3317,半導體業,127,141840,1117,910.0,3.04,1141,5.91,,,,
2020,3321,電子零組件業,508,254783,502,445.0,-2.15,851,5.12,,,,
2020,3322,電子零組件業,55,49057,892,775.0,-0.41,671,1.67,,,,
2020,3323,電腦及週邊設備業,297,207289,698,545.0,4.14,779,3.59,,True,True,因人員異動(新進/離職)情形，全年度在職月份比例未達1年較高，導致薪資較去年同期減少以及低期同業水準。
2020,3324,其他電子業,150,157976,1053,947.0,12.88,768,2.62,,,,
2020,3325,電腦及週邊設備業,26,15232,586,533.0,2.06,779,3.59,,,,
2020,3332,電子零組件業,265,166505,628,531.0,2.54,671,1.67,,True,,本公司以少量多樣客製化產品為主，產品研發及生產階段需較多人力因應，係勞力密集產業，且直接人工及生產相關間接人員占比相對較高，致平均薪資低於同業水準，後續將視公司營運狀況逐步調整薪資。
2020,3338,電子零組件業,82,66533,811,736.0,2.58,851,5.12,,,,
2020,3339,光電業,179,91888,513,447.0,-1.23,768,1.1,,,,
2020,3346,汽車工業,53,44511,840,711.0,0.16,737,5.38,,,,
2020,3354,電子零組件業,68,35517,522,462.0,-0.74,671,1.67,,,,
2020,3356,光電業,183,170960,934,793.0,1.78,886,1.02,,,,
2020,3357,電子零組件業,389,290293,746,647.0,8.07,671,1.67,,,,
2020,3360,電子通路業,53,53802,1015,962.0,1.01,696,0.36,,,,
2020,3362,光電業,575,299315,521,467.0,-8.9,768,1.1,,,,
2020,3363,通信網路業,244,136872,561,429.0,1.09,747,1.48,,,,
2020,3372,半導體業,526,281635,535,469.0,-0.06,1141,5.91,,,,
2020,3373,其他電子業,74,100597,1359,1171.0,17.01,768,2.62,,,,
2020,3374,半導體業,1536,1386894,903,669.0,6.37,1141,5.91,,True,,1.半導體業含晶片設計、製造及後段封測，員工結構差異大，致平均薪資不盡具可比較性；2.外籍技術員人數占計算母體28%，影響平均年薪。
2020,3376,電子零組件業,1840,1165385,633,535.0,9.05,851,5.12,,True,,"本公司員工薪酬依公司各項規章及辦法給予合理報酬，間接人員含技術、研發、管理人員約1,022人，平均薪資768仟元，惟本公司直接人員作業員及外藉勞工約818人，佔全體員工比重45%，致本公司薪資平均數較低。"
2020,3379,電機機械,67,46562,695,647.0,0.47,615,1.34,,,,
2020,3380,通信網路業,1322,1131850,856,775.0,1.03,1125,2.22,,,True,主要係因109年新增60位生產線的外籍勞工(108/10起~109年，共引進273名外籍勞工)，故造成薪資平均數&中位數較108年低。
2020,3383,光電業,301,149746,497,403.0,-4.07,886,1.02,True,,,"因109年疫情影響公司營運,加班費減少及鼓勵員工休假導致全時員工薪資平均較前年減少約5%低於500仟元"
2020,3388,電子零組件業,95,118096,1243,1201.0,5.32,671,1.67,,,,
2020,3390,電子零組件業,285,133405,468,420.0,-1.83,671,1.67,True,,,本公司109年度本業營收因新冠肺炎疫情之影響，全球經濟情勢衰退，造成訂單量下滑，又受限於軟板價格競爭激烈等市場因素導致產品利潤較低，以致本公司員工薪酬平均數略低於50萬元及同業公司。
2020,3402,其他電子業,417,306873,736,623.0,2.94,768,2.62,,True,True,109年員工薪資平均數較上年度108年減少約NT$ 8仟元，係新進人員經歷少，薪資水準相對較低，離職人員較多資深員工，導致員工薪資平均數較前一年度微幅減少。
2020,3406,光電業,412,401108,974,809.0,27.42,886,1.02,,,,
2020,3413,半導體業,299,360109,1204,1016.0,14.91,1416,10.22,,True,,雖然公司歸屬於半導體產業，薪資、福利調整也依公司經營狀況及參考業界條件進行調整，但公司實際屬於半體體設備製造業，產品毛利無法與半導體晶圓產品或設計相比。
2020,3416,電腦及週邊設備業,322,234132,727,599.0,3.55,1209,4.57,,,,"本公司章程員工酬勞提撥率為5%至15%，109年度實際發放比率為10%。本公司生產線位於台灣,直接員工佔總人數26.3%,其中外籍移工人數佔總人數10.84%,從事於生產組裝檢測作業。"
2020,3419,通信網路業,143,114141,798,722.0,0.61,1125,2.22,,,,
2020,3426,電機機械,48,28149,586,504.0,2.16,615,1.34,,True,,本公司外籍勞工人數比例佔員工人數約20.8%，受可任職務限制故起薪為基本工資。員工人數較去年成長4.3%及新進員工到職未滿一年獎金按比例發放，致使薪資平均數下降，低於同業水平。
2020,3432,電子零組件業,10,7532,753,622.0,0.49,851,5.12,,,,
2020,3434,光電業,99,58515,591,525.0,-0.45,768,1.1,,,,
2020,3437,光電業,987,639118,648,570.0,-0.77,886,1.02,,,,
2020,3438,半導體業,144,200797,1394,1204.0,1.88,1141,5.91,,,,
2020,3441,光電業,16,8017,501,505.0,-0.4,768,1.1,,,,
2020,3443,半導體業,601,1223706,2036,1705.0,6.34,1416,10.22,,,True,年度現金酬勞來源，大部份按前一年度EPS提撥、小部份按本年度的第一及第二季度的EPS提撥，因此109年獎金酬勞來源大部份按108年EPS提撥。因108年EPS低於107年，109年非擔任主管職務之全時員工薪資平均數較108年減少。
2020,3444,電子通路業,47,47375,1008,958.0,2.72,696,0.36,,,True,本公司員工績效獎酬計算時不含轉投資收益，於辦法中已載明，109及108年度不含轉投資之收益EPS各為2.18及2.36，相比減少8%，故員工二年度比較平均薪資-4%尚稱合理。
2020,3450,半導體業,641,413018,644,582.0,1.65,1416,10.22,,,,
2020,3454,光電業,988,813074,823,695.0,2.9,886,1.02,,True,,1.公司員工薪酬與經營績效連結，除了調薪外，另有季績效獎金、年獎、員工分紅及員工激勵獎金。2.因工廠在台灣，35%為製造人員，109年較108年平均計薪人數增加約170人，以生產線移工佔大宗，故拉低平均薪資。
2020,3455,光電業,315,297232,944,843.0,4.03,768,1.1,,,,
2020,3465,電子零組件業,16,12731,796,589.0,1.54,671,1.67,,,,
2020,3466,通信網路業,36,26910,748,669.0,-2.49,747,1.48,,,,
2020,3479,電腦及週邊設備業,302,251234,832,764.0,3.23,779,3.59,,,,
2020,3481,光電業,27011,24111148,893,675.0,0.17,886,1.02,,,,
2020,3483,電腦及週邊設備業,128,93739,732,682.0,4.36,779,3.59,,True,,"本公司年度調薪在7月份,所以109年度獲利佳將會反應在110年7月以後薪酬上,而不會反應在109年平均薪資上。"
2020,3484,電子零組件業,194,171849,886,762.0,5.2,671,1.67,,,,
2020,3489,建材營造,23,17727,771,701.0,0.32,879,1.27,,,,
2020,3490,光電業,102,84777,831,761.0,1.0,768,1.1,,,,
2020,3491,通信網路業,240,146208,609,551.0,2.03,747,1.48,,True,,本公司屬少量多樣的產業特性，超過44%為工廠產線員工，且當中有23%為外籍移工，因而相對拉低員工平均薪資，且左開金額未包含非現金給付之獎酬，綜合而言，本公司非主管職員工之整體薪資福利應未低於同業平均。
2020,3492,電子零組件業,45,34126,758,766.0,0.42,671,1.67,,,,
2020,3494,電腦及週邊設備業,219,114675,524,497.0,-2.44,1209,4.57,,,,
2020,3498,其他電子業,321,243510,759,671.0,-0.58,768,2.62,,,,
2020,3499,通信網路業,148,81182,549,481.0,-0.49,747,1.48,,,,
2020,3501,電子零組件業,266,148688,559,445.0,3.59,851,5.12,,,,
2020,3504,光電業,840,614405,731,581.0,-2.07,886,1.02,,,,
2020,3508,其他電子業,74,51056,690,589.0,-1.71,768,2.62,,,True,1.109年EPS上升的主要原因為透過損益按公允價值衡量之金融資產利益增加所致，與公司經營績效無直接關係。2.109年營業收入、毛利率較108年衰退，故年獎發放減少，以致非經理人全時員工薪資平均數衰退。
2020,3511,電子零組件業,54,51246,949,824.0,1.1,671,1.67,,,,
2020,3512,電子零組件業,25,20027,801,766.0,2.63,671,1.67,,,,
2020,3515,電腦及週邊設備業,308,519576,1687,1519.0,11.3,1209,4.57,,,,
2020,3516,光電業,67,33683,503,427.0,0.35,768,1.1,,,,
2020,3518,其他電子業,43,34898,812,807.0,-0.71,1172,6.54,,,,
2020,3520,電子零組件業,14,8497,607,507.0,0.31,671,1.67,,,,
2020,3521,電腦及週邊設備業,62,41259,665,579.0,-0.89,779,3.59,,,,
2020,3522,觀光事業,456,233695,512,445.0,-6.19,498,-1.01,,,,
2020,3523,光電業,91,48091,528,453.0,-0.95,768,1.1,,,True,本公司員工薪酬除依公司章程規定提列及公司當年度之獲利情形、職務、貢獻度等做為調薪及獎酬之依據。而因109年為因應開發新產品而招募一批新員工，此批員工到職未滿一年，沒有領滿年薪，拉低了平均薪資。
2020,3526,電子零組件業,75,99671,1329,1106.0,7.25,671,1.67,,,,
2020,3527,半導體業,216,273420,1266,1392.0,1.61,1141,5.91,,,,
2020,3528,電子通路業,130,127099,978,862.0,3.18,981,4.13,,,,
2020,3529,半導體業,241,524956,2178,1935.0,9.52,1141,5.91,,,,
2020,3530,半導體業,50,66458,1329,1189.0,3.65,1416,10.22,,,True,茲因本期資歷較淺之員工佔比明顯提升，致非經理人之全時員工薪資平均數較前一年度減少。
2020,3531,光電業,97,70058,722,644.0,0.84,768,1.1,,,,
2020,3532,半導體業,1301,1396161,1073,1011.0,3.37,1416,10.22,,,,
2020,3533,電子零組件業,89,108503,1219,1007.0,26.41,851,5.12,,,,
2020,3535,光電業,217,166056,765,691.0,-1.29,886,1.02,,,,
2020,3536,半導體業,21,10836,516,477.0,-1.09,1416,10.22,,,True,109年虧損情況較108年改善，係由於108年受到大環境影響，提列資產減損損失，因此單就本業經營績效而言，公司109年相較108年雖有顯著改善之情況，但仍然處於虧損狀態。
2020,3537,電子零組件業,49,45050,919,866.0,2.81,671,1.67,,,,
2020,3540,電腦及週邊設備業,179,203917,1139,971.0,7.06,779,3.59,,,,員工薪酬總額包含固定與變動薪酬，其變動薪酬為年度結束後於次年度發放，故109年較108年度營運增長，將顯現於110年發放的薪酬。
2020,3541,其他電子業,348,257010,739,599.0,2.35,768,2.62,,,,
2020,3543,光電業,337,209551,622,517.0,-4.5,886,1.02,,,,
2020,3545,半導體業,334,673883,2018,1740.0,3.97,1416,10.22,,,,
2020,3546,文化創意業,392,325355,830,741.0,6.2,922,4.69,,True,,文創產業裡有不同類別公司，人力結構也不一樣，員工平均薪資不能全面衡量公司經營績效與員工薪酬的相關性。
2020,3548,電子零組件業,446,262639,589,440.0,5.03,671,1.67,,True,,109年EPS5.03低於同業水準，可參考同業（新日興或信錦）資料。109年EPS5.03較108年EPS7.73衰退，故員工酬勞及年終獎金發放金額也減少。有些員工因任職不足月或請假過多影響年化薪資降低。
2020,3550,電子零組件業,49,38189,779,737.0,0.94,851,5.12,,,True,本公司本年度合併淨利來自於子公司獲利，且本公司本年度營業淨損較前一年增加，並因業績下滑減少業績獎金發放且業務擴編增補多位基層新進同仁，致非擔任主管職務之全時員工薪資較前一年度減少。
2020,3551,其他電子業,629,405449,645,565.0,4.44,768,2.62,,True,,"世禾雇用25.79%外籍員工，影響平均薪資水準。依勞動部統計查詢網製造業統計資料計算，每人每月平均薪資為39,556元，而世禾每人每月平均薪資為53,716元，較台灣其他製造業經常薪資高，故屬合理範圍。"
2020,3552,其他電子業,261,159021,609,543.0,3.26,768,2.62,,True,,109年新冠肺炎嚴重影響營收，導致本公司執行減班休息，故直接影響固定薪資及變動薪資
2020,3555,半導體業,16,13810,863,740.0,-1.78,1141,5.91,,,,
2020,3556,半導體業,164,204028,1244,994.0,3.88,1141,5.91,,,,
2020,3557,其他,41,49732,1213,1151.0,10.01,830,3.65,,,,
2020,3558,通信網路業,1033,842600,816,663.0,7.67,747,1.48,,,,
2020,3563,光電業,292,273750,938,819.0,15.02,886,1.02,,,,
2020,3564,通信網路業,169,132074,782,651.0,0.9,747,1.48,,,,
2020,3567,半導體業,129,78375,608,517.0,2.35,1141,5.91,,,,
2020,3570,資訊服務業,132,138170,1047,890.0,8.0,873,2.59,,,,
2020,3576,光電業,1703,1138288,668,552.0,-2.31,886,1.02,,,,
2020,3577,電腦及週邊設備業,323,218755,677,586.0,0.76,779,3.59,,,,
2020,3580,其他電子業,111,76161,686,598.0,1.84,768,2.62,,,,
2020,3581,半導體業,115,95443,830,694.0,1.5,1141,5.91,,,,
2020,3583,半導體業,527,432814,821,707.0,3.8,1416,10.22,,,,
2020,3587,其他電子業,538,521073,969,886.0,6.18,768,2.62,,,,無
2020,3588,半導體業,139,203670,1465,1381.0,1.3,1416,10.22,,,,
2020,3591,光電業,144,83465,580,443.0,0.35,886,1.02,,,True,非經理人之全時員工薪資平均數較前一年度減少9仟元，主要係109年部份年資較久之員工離職，拉低整體平均數，惟本公司持續響應政府政策，給予員工1~3%以上之薪資調幅，本公司經營績效與員工薪酬之關聯性尚屬合理。
2020,3593,電子零組件業,11,7129,648,579.0,0.9,851,5.12,,,True,公司主要貢獻來自於業外轉投資收益認列，另依非擔任主管職務之全時員工薪資資訊規定計算，其規定調整員工人數佔全體員工人數52%，故人員結構變動影響平均薪資水準，且平均員工薪資費用較前一年度增加，增幅為3.5%
2020,3594,電腦及週邊設備業,203,138573,683,586.0,0.16,779,3.59,,,,
2020,3596,通信網路業,657,1148040,1747,1461.0,8.36,1125,2.22,,,,
2020,3597,電子零組件業,143,68322,478,419.0,1.28,671,1.67,True,,,秉持根留台灣經營理念，在台之總公司仍配置多條生產線。員工薪資結構除管理階層及研發外，仍包含多數產線直接人員，此與同業多成本考量，將加工產線外移不同，因此其平均薪資略高本公司。故與同業比較尚無重大異常。
2020,3605,電子零組件業,425,338869,797,653.0,2.26,851,5.12,,,,
2020,3607,電子零組件業,116,72039,621,511.0,-3.32,851,5.12,,,True,109度非主管職之全時員工薪資平均數為621元較108年度減少11仟元，主係為公司連續虧損，組織規模縮減，員工加權平均人數較108年度減少20%，其中年資超過5年且平均薪資較高之非主管職員工佔年度員工減少數的30%所致。
2020,3609,電子零組件業,61,41219,676,608.0,-0.19,671,1.67,,,,
2020,3611,電腦及週邊設備業,274,200199,731,577.0,16.84,779,3.59,,True,,本公司多年未發行新股對外籌資，故能維持較高之每股盈餘(EPS); 加上公司台灣工廠人員佔比較大，因而與同業相比有此差異。
2020,3615,光電業,106,59774,564,469.0,0.29,768,1.1,,,True,安可光電109年EPS轉正係因業外認列權益法投資之獲利所致，營業仍然處於虧損階段，且109年個體營收仍比108年衰退，營業活動現金流入也較前一年度減少。因實質營業面績效並未成長，故109年度員工薪酬也較同業為低。
2020,3617,其他電子業,300,323749,1079,970.0,5.72,1172,6.54,,,,
2020,3622,光電業,130,93816,722,630.0,1.24,886,1.02,,True,,"本公司109年度本業經營(營業損益)仍屬虧損,金額為-10,354仟元，經設算後每股盈餘為-0.07元;而本公司主要的獲利來源為營業外的股利及租金收入。本公司員工薪酬的發放基準，主要係根據本業的經營績效而定所致。"
2020,3623,光電業,137,72739,531,484.0,-1.12,768,1.1,,,,
2020,3624,電子零組件業,647,397417,614,530.0,1.44,671,1.67,,,,
2020,3625,電腦及週邊設備業,75,60779,810,764.0,-2.11,779,3.59,,,,
2020,3628,其他電子業,301,217821,724,640.0,0.93,768,2.62,,,True,"本公司109年離職人員及新進人員均徧多, 而其中離職者有不少屬薪資水準較高的資深人員,故導致薪資平均數較108年衰退。"
2020,3629,文化創意業,82,59876,730,653.0,0.7,922,4.69,,,,
2020,3630,光電業,321,226742,706,566.0,-1.5,768,1.1,,,,
2020,3631,電子零組件業,5,2382,476,531.0,-0.13,671,1.67,True,,True,非經理人全時員工平均薪資未達50萬元，係因公司組織架構扁平，非經理人員工多為基層人員所致。
2020,3632,通信網路業,42,35524,846,623.0,-5.0,747,1.48,,,,
2020,3642,其他電子業,31,24581,793,622.0,-4.46,768,2.62,,,,
2020,3645,電子零組件業,372,296193,796,716.0,2.76,851,5.12,,,,
2020,3646,電子零組件業,7,7173,1025,907.0,1.16,671,1.67,,,,
2020,3652,電腦及週邊設備業,271,207690,766,690.0,0.36,779,3.59,,,,
2020,3653,電子零組件業,1291,905572,701,572.0,7.17,851,5.12,,True,,員工薪資報酬政策係依據個人績效表現、對公司貢獻度及參考同業薪資水準後決定。員工酬勞估列係考量當期獲利情形及公司資金需求規劃並兼顧股東權益，在不超過公司章程所訂範圍內估列。
2020,3663,其他電子業,204,136600,670,630.0,0.64,768,2.62,,,,
2020,3666,光電業,217,137074,632,560.0,2.71,768,1.1,,True,,本公司與同業間之生產規模差異；本公司生產相關直接人員佔非擔任主管職務之全時員工比率為高。
2020,3669,通信網路業,406,370884,914,768.0,8.48,1125,2.22,,True,,1.通信網路業之各公司行業類別存有差異，故薪資結構比較基礎不盡相同。我司產品為台灣製造，工廠人員佔人力總數近五成。2.本次申報人數約有22%為直接人力，另17%為不足12月薪資，影響了整體非主管職之年度薪資。
2020,3672,通信網路業,89,70202,789,635.0,0.52,747,1.48,,,,
2020,3675,半導體業,325,197871,609,526.0,2.1,1141,5.91,,,,
2020,3679,電子零組件業,61,40454,663,645.0,11.57,851,5.12,,True,,本公司員工薪酬依公司各項規章及辦法，給予合理報酬，惟本公司生產線製造相關員工佔全體員工比重達5成以上，致本公司薪資平均數較低。
2020,3680,半導體業,274,204406,746,615.0,6.18,1141,5.91,,True,,"公司EPS獲利表現較同業為佳，係因與台積電公司簽定遷廠協議，包含因遷廠及產能重建工程衍生之相關費用，因退租遷廠而認列處分不動產、廠房及設備損失139,846仟元及租賃中止之利益660,628仟元所致。"
2020,3682,通信網路業,1714,1301840,760,673.0,-1.53,1125,2.22,,,,
2020,3684,通信網路業,55,39107,711,534.0,2.03,747,1.48,,True,,本公司產品客製化且少量多樣，難以全自動化生產，需投入大量作業人力，員工結構中約41.10%為直接作業人員(包含外籍移工)，因而相對拉低員工平均薪資。
2020,3685,電機機械,7,6277,897,709.0,0.1,615,1.34,,,,
2020,3686,半導體業,11,8341,758,553.0,-1.33,1416,10.22,,,True,109年度營運費用減少及前一年度因製造停產認列庫存銷售損失，故EPS較前一年度成長；前一年度因工廠停產而精減部分資深員工人數，致平均薪資減少；綜上所述為109年經營績效改善及員工薪酬較前一年度低之原因。
2020,3687,電子商務,30,24694,823,730.0,1.49,720,3.84,,,,
2020,3689,電子零組件業,81,65010,803,691.0,1.37,671,1.67,,,True,近年來公司正處於企業轉型時期，人才流動情形較高，影響到薪資與獎金產生較大變動，故平均員工薪資109年比108年下降。
2020,3691,光電業,191,166577,872,737.0,3.18,768,1.1,,,,
2020,3693,電腦及週邊設備業,371,266008,717,604.0,2.14,779,3.59,,,,
2020,3694,通信網路業,167,159578,956,877.0,2.02,1125,2.22,,,,
2020,3701,電腦及週邊設備業,245,206659,844,710.0,-0.21,1209,4.57,,,,
2020,3702,電子通路業,993,1253187,1262,1067.0,4.77,981,4.13,,,True,1.在109年重要子公司因部分產線調整有終止經銷代理情況，致排除海外投資損益後的獲利較108年減少，故重要子公司薪資平均數下降。2.EPS是涵蓋集團所有公司的獲利結果，包含母公司轉投資獲利，故兩者計算基礎不同。
2020,3703,建材營造,1379,1069981,776,731.0,1.87,846,1.74,,True,,本公司因應工程所需，109年度僱用支領基本工資的外籍移工人數相較前一年增加近50%，占總員工比例亦由20%提高至27%，但其他員工年薪平均數並無受影響，反倒有所增長，足以佐證本公司經營績效確實有反應於員工薪酬。
2020,3704,通信網路業,1632,1728310,1059,877.0,1.91,1125,2.22,,,,
2020,3705,生技醫療業,1256,1026360,817,713.0,2.97,725,2.52,,,True,本公司自2019下半年起進行營運作業及人力調整，因此員工組成及人數均有變動，故年度員工薪資平均數不同。另本公司為控股公司，以管理被投資公司為主業，員工績效以行政作業表現評估，非與業績（EPS）連動。
2020,3706,電腦及週邊設備業,1644,1763346,1073,949.0,2.45,1209,4.57,,,,
2020,3707,半導體業,1475,1190957,807,723.0,-1.64,1141,5.91,,,,
2020,3708,化學工業,125,100399,803,709.0,6.82,811,1.6,,True,,1本公司依營運績效與未來趨勢、個人績效，給予報酬，員工薪酬與經營績效正相關2本公司於2020年大量招聘生產操作人員，有20%為給薪未滿12個月的新進員工3本公司每年進行員工調薪，反應員工表現並校準市場薪酬水準
2020,3709,電腦及週邊設備業,274,200665,732,621.0,2.67,779,3.59,,,,
2020,3710,電子零組件業,129,107633,834,736.0,-0.78,671,1.67,,,True,因總薪資減少幅度高於人員減少幅度，故109年度平均薪資低於108年度，係部份新進人員年度總薪資在未滿12個月情況下，致109年度新進人員之平均薪資低於離職人員。員工薪資報酬及獎金依據「薪資及績效考核」辦法。
2020,3711,半導體業,47753,38189237,800,671.0,6.47,1416,10.22,,,,
2020,3712,電腦及週邊設備業,324,305898,944,808.0,0.34,1209,4.57,,,,
2020,3713,光電業,1,489,489,533.0,0.07,768,1.1,True,,,因本公司員工人數共5人，其中擔任非主管職務為2人(其中一員工又於年底任職)，又因公司成立時間於109年2月底，故薪資之支領未含括整年度，故非經理人之全時員工薪資平均數較低。
2020,4102,生技醫療業,139,89191,642,568.0,0.73,688,1.19,,,,
2020,4104,生技醫療業,190,163136,859,741.0,4.06,725,2.52,,,True,本公司依專業、學經歷、貢獻度及法令規範核薪，並逐年視公司營運及獲利發放獎金。109年度因離職人員較資深，且108年為培養新世代，引進應屆畢業新人，故起薪較低。使109年之平均薪資略低於108年。
2020,4105,生技醫療業,526,592436,1126,936.0,3.72,688,1.19,,,True,109年度EPS較前年度成長因採權益法收益增加，若排除，EPS將呈衰退。本公司員工薪酬之計算乃以營收與營業淨利為準，故109年度之獎金較前年度低，導致雖EPS較前年度成長，但非經理人全時員工薪資平均數仍較108年度衰退
2020,4106,生技醫療業,267,192609,721,610.0,1.04,725,2.52,,,,
2020,4107,生技醫療業,403,228073,566,501.0,7.05,688,1.19,,True,,1.109年平均薪資調升約7%，優於同業平均薪資漲幅，薪資提升幅度與經營績效呈正相關。2.員工薪酬與經營績效間之關聯性尚屬合理。
2020,4108,生技醫療業,36,25358,704,597.0,-0.54,725,2.52,,,,
2020,4109,生技醫療業,58,28594,493,470.0,-0.46,688,1.19,True,,,主要係近幾年度本公司營運績效不彰，持續虧損，本公司薪資結構為經常性薪資加上員工紅利，公司持續虧損即無員工紅利發放；加上主要人員配置地區為南部，南部地區平均薪資水平原就偏低，綜上所述其關聯性應屬合理。
2020,4111,生技醫療業,241,125982,523,489.0,1.04,688,1.19,,,,
2020,4113,建材營造,22,12940,588,591.0,-0.5,879,1.27,,,,
2020,4114,生技醫療業,380,380353,1001,755.0,2.46,688,1.19,,,,
2020,4116,生技醫療業,136,105229,774,714.0,1.39,688,1.19,,,,
2020,4119,生技醫療業,263,234250,891,828.0,4.53,725,2.52,,,,
2020,4120,生技醫療業,317,326926,1031,907.0,2.3,688,1.19,,,,
2020,4121,生技醫療業,76,59447,782,679.0,1.84,688,1.19,,,,
2020,4123,生技醫療業,177,137266,776,671.0,8.5,688,1.19,,,True,108年因107年公司獲利創新高，故分配有員工紅利及多發0.5個月年終獎金，然因108年度虧損，故109年未分配到員工紅利，致該年度薪資較108年減少。
2020,4126,生技醫療業,810,407063,503,432.0,4.53,688,1.19,,True,,本公司近年營收穩健良好，因長期開發供應多樣化的醫材產品，直接人工需求相對較高，109年約占全體人數65.9%；雖全時員工平均薪資略低於同業，但近五年每年薪資調幅3~4%，今年亦調薪1.8%，持續將獲利回饋員工
2020,4127,生技醫療業,46,23852,519,470.0,-1.13,688,1.19,,,,
2020,4128,生技醫療業,105,89837,856,699.0,1.68,688,1.19,,,True,109年度EPS較108年度成長，惟109年度非經理人之全時員工薪資平均數較108年度減少14仟元，減少幅度僅1.6%，主要因於109年度下半年度，平均薪資較高之管理人員異動所致。
2020,4129,生技醫療業,555,354307,638,559.0,1.0,688,1.19,,,,
2020,4130,生技醫療業,170,131048,771,681.0,0.37,688,1.19,,,,
2020,4131,生技醫療業,14,6917,494,459.0,-0.56,688,1.19,True,,,109年度本公司營運持續虧損，雖有業外租金收入溢助，但整體虧損仍處增加情形，由於本業仍處虧損故未發放年終等相關獎金，使非經理人之全時員工薪資平均數較低。
2020,4133,生技醫療業,111,67625,609,546.0,0.6,725,2.52,,,,
2020,4138,生技醫療業,94,83527,889,719.0,3.87,688,1.19,,,,
2020,4142,生技醫療業,376,268249,713,637.0,3.03,725,2.52,,True,,因應公司經營策略，持續投入創新產品開發、產能提升及廠房建置，延攬研發人才與產能需求增聘各類員工，新進人員多數為社會新鮮人，故員工平均薪資數呈現上表現低於同業，但在公司與員工努力下，平均薪資已較去年成長
2020,4147,生技醫療業,68,62603,921,743.0,-0.73,688,1.19,,,,
2020,4152,生技醫療業,99,102148,1032,945.0,-12.42,688,1.19,,,,
2020,4153,生技醫療業,144,102682,713,630.0,0.26,688,1.19,,,,
2020,4155,生技醫療業,85,60219,708,615.0,1.56,725,2.52,,,,
2020,4160,生技醫療業,104,78116,751,615.0,-0.65,688,1.19,,,,
2020,4161,生技醫療業,147,75593,514,454.0,-1.24,688,1.19,,,,
2020,4162,生技醫療業,25,58711,2348,2564.0,4.15,688,1.19,,,,
2020,4163,生技醫療業,672,407517,606,495.0,5.11,688,1.19,,True,,本公司位於中部地區的製造業，且生技醫療產業之業態多樣，本公司依照中部之薪資水準、員工資歷及個人表現等因素給薪，實屬合理。
2020,4164,生技醫療業,137,136244,994,810.0,2.53,725,2.52,,,,公司薪資架構分固定與變動，係透過績效考核辦法連結集團及部門整體目標與個人工作成果而定，提供多元薪資組合，如績效、簽約獎金、員工酬勞等。如年度有獲利將依公司章程規定比例提撥員工酬勞反映於員工整體薪酬中。
2020,4167,生技醫療業,481,294031,611,564.0,0.88,688,1.19,,,,
2020,4168,生技醫療業,38,25618,674,649.0,-1.83,688,1.19,,,True,1.109年度因人員異動薪資費用較低，致非經理人之全時員工薪資平均數較108年減少。2.109年度受疫情影響試驗進度延緩費用延後支付，致109年度EPS較前一年度成長。3.故公司經營績效與員工薪酬並無直接關聯性。
2020,4171,農業科技,88,70919,806,733.0,6.34,656,3.2,,,,
2020,4173,生技醫療業,183,125312,685,645.0,0.72,688,1.19,,,,
2020,4174,生技醫療業,108,111430,1032,904.0,-7.34,688,1.19,,,,
2020,4175,生技醫療業,912,483535,530,483.0,3.5,688,1.19,,True,,本公司分類為生技醫療業，但經營模式及資本結構較似貿易百貨業，營運項目主要以銷售醫療用品及健康照護商品為主，末端門市販售人員約佔80%，非研發性質之生技公司，故與其他生技醫療業之薪資結構有所差異。
2020,4183,生技醫療業,112,77372,691,588.0,1.33,688,1.19,,,,
2020,4188,生技醫療業,17,14338,843,661.0,-0.67,688,1.19,,,,
2020,4192,生技醫療業,50,36560,731,657.0,-3.83,688,1.19,,,True,"109及108年度個體財報本期淨損分別為(398,918)仟元及(408,637)仟元,尚無重大差異,惟EPS兩期差異主因係本公司為支應相關研究計畫,109年持續辦理私募發行,故股本增加相對影響流通在外加權平均股數繼而影響EPS之變動."
2020,4198,生技醫療業,11,10105,919,823.0,-1.87,688,1.19,,,True,本公司目前尚屬虧損，既有業務以精簡化人力資源方式運作，109年度公司經營績效提升尚不足支應調薪預算，平均薪資變動主係員工自然流動結果。
2020,4205,食品工業,255,164260,644,626.0,4.21,643,2.46,,,,
2020,4207,食品工業,177,112777,637,607.0,0.92,643,2.46,,,,
2020,4303,塑膠工業,101,43694,433,387.0,-0.41,406,-0.96,True,,,本公司薪資結構以學歷、機台為主、並依績效獎金辦法計算有效率及貢獻所應核發之獎金。公司經營績效透過績效獎金辦法與員工薪酬相聯結，係屬合理，理財商品之利潤透過員工薪酬制度與員工分享。
2020,4304,塑膠工業,73,35589,488,463.0,-1.14,406,-0.96,True,,,1.工廠直接生產人員佔五成以上，且位於嘉義縣境，薪資較都會區低。2.外籍員工占總人數15%，薪資較本國員工低。3.雖尚未明顯獲利，但本公司仍努力不裁員、不降薪、不放無薪假，盡最大努力照顧公司員工。
2020,4305,塑膠工業,99,66462,671,572.0,2.08,406,-0.96,,,,
2020,4306,塑膠工業,382,214040,560,499.0,1.51,1158,2.94,,,,
2020,4401,紡織纖維,448,268303,599,516.0,0.7,578,0.92,,,,
2020,4402,紡織纖維,16,7518,470,439.0,-1.09,578,0.92,True,,,"109年度虧損為-50,116(仟元)，且受新冠疫情影響，導致營收持續低迷，故薪資水準低於同業。"
2020,4406,紡織纖維,123,49691,404,356.0,-0.94,578,0.92,True,,,"本公司109年度營業額受疫情影響較108年度衰退;109年度獲利也較108年度不佳,產量隨之減少,以致主要生產之直接人工薪資較108年度下降,故非主管薪資和公司經營績效與員工薪酬之關聯性係為合理,特此說明。"
2020,4413,紡織纖維,44,21882,497,441.0,-0.89,578,0.92,True,,,本公司員工薪資係遵循相關勞動法規，且參酌規模相近之同業水準所核定；並考量於「無待彌補虧損」、「稅後淨利合理成長」時，適時調升薪資！
2020,4414,紡織纖維,55,51325,933,699.0,-0.16,634,0.96,,,True,本公司109年度與108年度比較，因虧損大幅減少，致EPS較前一年度增加；惟109年度有多位主管分別退休或離職，致員工薪資平均數較前一年度減少。
2020,4416,建材營造,9,8966,996,954.0,-1.95,879,1.27,,,True,"本公司108年淨損181,693千元，扣除因喪失對原子公司控制力，而認列處分損失91,014千元，實際損失90,676千元，故109年淨損108,838千元，實較前一年損失增加18,159千元，與員工薪資較前一年同為減少比較，尚稱合理"
2020,4417,紡織纖維,182,111237,611,514.0,3.76,578,0.92,,,True,"本公司績效獎金係依營業淨利為計算基礎,109年度雖然EPS較108年度增加,其原因是營業外收入增加所致,但109年度營業淨利351,877仟元較108年度364,659仟元減少,故109年度績效獎金較少"
2020,4419,紡織纖維,2,817,409,409.0,-1.33,578,0.92,True,,,"公司目前正處於營運策略調整期,營收及經營績效不佳,非擔任主管職務之全時員工,以一般行政事務員居多,導致平均員工薪資水準較同業低."
2020,4420,紡織纖維,109,53682,492,467.0,-0.46,578,0.92,True,,,"109年度受全球新冠肺炎疫情影響,本公司平均月產能較去年衰退15%,故員工之加班情況較去年減少許多,使加班費減少約2,248仟元,且因公司獲利衰退,員工年終獎金亦較去年減少1,183仟元，致本年度平均薪資未達50萬元整."
2020,4426,紡織纖維,685,294758,430,399.0,-0.63,634,0.96,True,,,"1.因全球疫情影響訂單量造成減產而使非固定薪資-加班費大幅減少。2.員工薪酬除固定薪資外，另依本公司章程規定若有獲利提撥員工酬勞,  因109年公司經營狀況為虧損,故無發放員工酬勞但仍有發放員工奬金。"
2020,4429,紡織纖維,191,109558,574,534.0,-1.24,578,0.92,,,,
2020,4430,其他,321,164702,513,467.0,-0.24,637,2.06,,,,
2020,4432,紡織纖維,67,52622,785,686.0,-0.18,578,0.92,,,,
2020,4433,紡織纖維,296,183063,618,521.0,7.82,578,0.92,,,,
2020,4438,紡織纖維,195,154134,790,742.0,5.2,634,0.96,,,,
2020,4502,電機機械,187,99643,533,502.0,-2.4,615,1.34,,,,
2020,4503,電機機械,113,45906,406,369.0,-0.3,615,1.34,True,,,本公司依據區域性薪資行情給付員工薪資，一切符合勞基法規定，且已著手逐步調整薪資架構，以提升產業競爭力。
2020,4506,電機機械,1099,914829,832,823.0,4.1,615,1.34,,,,
2020,4510,電機機械,298,162127,544,511.0,-0.11,615,1.34,,,,
2020,4513,電機機械,175,91317,522,504.0,-0.51,615,1.34,,,,
2020,4523,電機機械,219,136878,625,561.0,-4.74,615,1.34,,,,
2020,4526,電機機械,734,429731,585,543.0,-1.36,732,1.56,,,,
2020,4527,電機機械,175,128040,732,671.0,2.72,615,1.34,,,,
2020,4528,電機機械,220,118772,540,504.0,3.05,615,1.34,,True,,"109年度獲利中85%皆是中國子公司獲利,台灣佔15%.台灣因新冠肺炎疫情致訂單減少,薪資及獎金亦同步減少,所以平均薪資較108年及同業差."
2020,4529,其他,24,19380,808,753.0,-3.15,637,2.06,,,,
2020,4530,電機機械,2,1000,500,500.0,-0.49,615,1.34,,,,
2020,4532,電機機械,310,236929,764,685.0,1.41,732,1.56,,,True,"EPS較前一年度增加,惟非擔任主管職務之全時員工薪資平均數較前一年度減少。係因本公司薪資是由固定薪及變動薪構成。其中變動薪係依據前一年度經營績效來評定核發,因此獎金發放年度與績效貢獻年度，有時間差的差異。"
2020,4533,電機機械,343,221098,645,587.0,0.1,615,1.34,,,,
2020,4534,電機機械,157,80233,511,495.0,-0.72,615,1.34,,,,
2020,4535,電機機械,343,163460,477,446.0,1.36,615,1.34,True,True,,109年稅前淨利較108年成長65%，致年終獎金及員工酬勞人均增加39%，整體人均成長6%，因獲利稅前EPS未達1.95(以平均人數343人計算年終獎金)，致員工薪資-平均數未達50萬元，尚屬合理。
2020,4536,其他,235,166502,709,593.0,7.48,830,3.65,,True,,主計處公告之108年工業及服務業受僱員工全年總薪資中位數為49.8萬元，本公司109年度中位數尚較整體平均高達19%；另員工薪資平均數本公司109年度較108年度成長約7.8%。整體而言人員薪資為正成長。
2020,4538,電機機械,110,53299,485,431.0,0.49,615,1.34,True,,,109年全年納入計算範圍中的人員有35位為外籍勞工，佔全體員工比例約32%，且109年度營收訂單下滑，相對其加班費也減少，如排除上述外籍勞工之影響數，平均數為542仟元，已超過50萬元。
2020,4540,電機機械,937,491870,525,469.0,0.96,732,1.56,,,,
2020,4541,其他,547,283020,517,444.0,-1.13,637,2.06,,,,
2020,4542,電子零組件業,78,46881,601,566.0,0.67,671,1.67,,,,
2020,4543,電機機械,315,142633,453,416.0,0.19,615,1.34,True,,,本公司外籍勞工人數比例佔員工人數約23%，故平均員工薪資費用尚屬合理。
2020,4545,電子零組件業,443,258037,582,495.0,0.39,851,5.12,,,,
2020,4549,電機機械,237,136888,578,503.0,5.49,615,1.34,,True,,"本公司產品為客製化，少量多樣，故面對不同產業須投入更多人力提供售前服務，109年度EPS高於同業主要為產業特性所致。本公司109年度員工薪資平均數與同業差異36仟元，經核算平均月薪差異約3,000元，差異並不重大。"
2020,4550,電機機械,72,58356,811,733.0,2.27,615,1.34,,,,
2020,4551,汽車工業,46,49601,1078,909.0,7.19,737,5.38,,,,
2020,4554,其他電子業,106,62266,587,502.0,0.24,768,2.62,,,,
2020,4555,電機機械,200,94561,473,408.0,2.04,732,1.56,True,True,,本公司屬基礎機械產業，人力結構配置生產相關人員占約6成且部分採用外籍勞工及產學實習生，致拉低總體平均。此薪酬調查僅對台灣員工，但公司獲利包含海外子公司投資收益等因素，非所有獲利皆由台灣總公司所創造。
2020,4556,其他,122,71810,589,457.0,0.5,637,2.06,,,,
2020,4561,電機機械,172,87156,507,477.0,1.46,615,1.34,,True,,本公司109年進行產品型號整合優化後進行價格調升，調整生產排程及改變發包模式進而降低成本，使得生產更具效率。故毛利率優於同業。
2020,4562,電機機械,355,176532,497,473.0,-2.23,732,1.56,True,,,本公司考量營運人力需求，人力結構配置上以現場生產及內勤業務人員占比居多，另因員工酬勞依章程規定依當年度稅前淨利分派，惟因本年度營運績效未達預期，未有分配酬勞；故員工薪酬狀況受經營狀況及人力結構影響。
2020,4563,電機機械,146,106814,732,711.0,-6.7,615,1.34,,,,
2020,4564,電機機械,338,160398,475,476.0,1.65,732,1.56,True,True,,1.本公司於109/1/1分割移轉工業品部門予子公司，相關研發及管理人員配合轉任子公司，使得生產人員占比提高，加上聘僱外勞比例較高，致拉低平均薪資水準。2.109年度受疫情衝擊，致員工加班及獎金減少。
2020,4566,電機機械,266,177701,668,573.0,1.49,732,1.56,,,,
2020,4568,電機機械,44,36982,841,848.0,4.93,615,1.34,,,,
2020,4572,電機機械,203,86406,426,387.0,0.92,732,1.56,True,,,本公司因受疫情影響，109年度業績較前一年度大幅衰退57.03%，以致未達每月績效獎金發放標準，另實施部分的無薪假，讓員工可以參加勞動部的進修課程並取得補助款，致使109年度員工平均年所得呈現下降的情形。
2020,4576,電機機械,572,403973,706,647.0,1.14,732,1.56,,,,
2020,4580,電機機械,285,243247,853,719.0,7.55,615,1.34,,,,
2020,4609,電器電纜,19,14265,751,861.0,-1.06,751,-0.43,,,,
2020,4702,化學工業,26,17464,672,586.0,0.6,686,0.98,,,,
2020,4706,化學工業,224,160371,716,694.0,1.22,686,0.98,,,,
2020,4707,化學工業,103,73390,713,657.0,0.82,686,0.98,,,,
2020,4711,化學工業,85,51882,610,575.0,0.91,686,0.98,,,,
2020,4712,食品工業,16,8838,552,496.0,-1.54,643,2.46,,,,
2020,4714,化學工業,57,33705,591,521.0,0.54,686,0.98,,,,
2020,4716,化學工業,129,75627,586,537.0,0.26,686,0.98,,,,
2020,4720,化學工業,218,148014,679,615.0,0.78,811,1.6,,,True,非擔任主管職務之全時員工薪資平均數較前一年度減少，主係部分資深員工離職，增補之員工為年資較短之基層同仁，致薪資平均數略為降低。本公司秉持共創價值、利潤分享之理念，持續進行年度調薪、優化同仁薪酬水準。
2020,4721,化學工業,43,31905,742,601.0,1.64,686,0.98,,,,
2020,4722,化學工業,293,209808,716,689.0,2.83,811,1.6,,True,,本公司員工薪酬依照學、經歷及勞基法規範核薪，逐年依公司營運政策調整薪資，重視員工福利，勞資關係融和，後續會在股東權益與員工福利之間取得平衡點。
2020,4726,生技醫療業,220,180941,822,729.0,0.24,688,1.19,,,,
2020,4728,生技醫療業,55,36852,670,582.0,4.37,688,1.19,,True,,公司EPS表現前幾年獲利未佳，致使公司非主管平均薪資低於同業；近年獲利成長已執行調薪作業，非主管平均薪資108年較107年成長16.5%，109年較108年成長12.8%，兩年皆呈兩位數成長，將來可望追上同業水準。
2020,4729,光電業,380,174236,459,405.0,-1.1,768,1.1,True,,,本公司生產線直接員工人數佔全體人數65%，依據勞動基準法及經營績效考評下，提供適切的員工薪酬。其產線員工人數大於管理員工人數，致使全時員工薪資平均數未達50萬。
2020,4735,生技醫療業,59,47509,805,489.0,14.66,688,1.19,,,True,係產線作業員人數增加，因應台北擴產所需，此部分薪資為最低工資，故造成薪資平均下降主因。108年度產線作業員人數為22人，109年度產線作業員人數增加為54人。
2020,4736,生技醫療業,928,561707,605,495.0,17.08,688,1.19,,True,,本公司給薪標準係參酌市場薪資水準，本國勞工每年調薪約3%。若本公司非擔任主管職務之全時員工薪資總額低於同業，主要係因本公司為製造業，領取基本工資之外籍勞工約佔員工人數15%所致。
2020,4737,生技醫療業,918,489879,534,464.0,1.06,725,2.52,,,,
2020,4739,化學工業,135,108200,801,711.0,1.73,811,1.6,,True,,本公司獲利表現較同業為佳，惟非經理人之全時員工薪資平均數801仟元；低於同業水準811仟元，差異-10仟元，主因為本公司任用外籍移工導致平均薪資被拉低。
2020,4741,化學工業,164,82821,505,416.0,0.91,686,0.98,,,,
2020,4743,生技醫療業,97,84192,868,638.0,-0.68,688,1.19,,,,
2020,4744,生技醫療業,186,85010,457,433.0,1.52,688,1.19,True,True,,1.一般組裝作業員及後勤單位人員薪資偏低，拉低整體平均2.面對全球供應鏈競爭，為維持公司競爭力，仍需嚴格管理費用產生，但儘可能可增加就業率
2020,4746,生技醫療業,722,578745,802,741.0,3.78,725,2.52,,,,
2020,4747,生技醫療業,145,84268,581,514.0,2.12,688,1.19,,True,,本公司為學名藥製造廠，獲利穩定，且因員工多為工廠生產作業人員，故與同業之平均薪資略有差異。
2020,4754,化學工業,62,49282,795,655.0,2.52,686,0.98,,,,
2020,4755,化學工業,314,264257,842,755.0,4.36,811,1.6,,,,
2020,4760,其他電子業,70,35708,510,413.0,4.74,768,2.62,,True,,109年度平均薪資調幅約3%-6%，年終獎金及員工酬勞發放金額亦隨獲利增加而調升，尤其員工酬勞較108年度增加約98%，故本公司隨著經營績效提升亦調增員工薪酬，調增的幅度適當合理。
2020,4764,化學工業,89,64766,728,687.0,0.81,811,1.6,,,,
2020,4766,化學工業,659,486584,738,658.0,10.12,811,1.6,,True,,"本公司員工薪酬福利係參考公司營運績效、未來經營風險、發展趨勢、個人績效達成率及對公司績效的貢獻度，給予合理報酬，與經營績效有正面關聯性。若考量本公司淨利扣除投資收益後之EPS約為3.54,並未高於同業太多。"
2020,4767,化學工業,63,47321,751,683.0,2.31,686,0.98,,,True,108年度多位較資深員工離退，而新進員工於109年度年資尚短相對薪資較低，致109年度平均薪資較108年度稍減。
2020,4806,文化創意業,12,4533,378,316.0,-2.77,922,4.69,True,,,"影視產業近年整體產業景氣不佳，本公司109年度因公司虧損,故人員縮編,所以員工薪資總額較108年度減少，但員工平均薪資較108年度是增加的，以上說明。"
2020,4903,通信網路業,126,70058,556,513.0,-1.82,747,1.48,,,,
2020,4904,通信網路業,5283,4862702,920,797.0,2.56,1125,2.22,,True,,本公司的人力政策及結構與同業不同，客服及門市人員之任用均採正職聘用。且本年度非擔任主管職務之全體人員平均薪資較前一年度成長2.87%，中位數提升4.47%。
2020,4905,通信網路業,33,17615,534,547.0,0.93,747,1.48,,,,
2020,4906,通信網路業,869,885897,1019,876.0,3.86,1125,2.22,,True,,本公司每年依本業經營績效(營業浄利)與個人績效核定員工績效獎金、員工酬勞與年度調薪率，以獎勵同仁之貢獻因應中美貿易戰，本公司109年擴大台灣產能，進行人力結構調整，本年度平均薪資較前一年度成長6.47%
2020,4907,建材營造,15,12698,847,727.0,1.2,879,1.27,,,,
2020,4908,通信網路業,256,162777,636,497.0,1.55,747,1.48,,True,,本公司產品生產製造皆在臺灣，直接人員占比達5成多，拉低薪資水準。109年受COVID-19影響，營收下滑，獲利減少，惟109年平均薪資636仟元較108年625仟元增加11仟元，增加幅度1.76%。
2020,4909,通信網路業,193,84011,435,417.0,0.16,747,1.48,True,,True,1.因產業特性及地屬偏鄉，作業人員相對偏多且外籍員工占直接員工的比率為33%，故拉低整體水準2.因近2年來公司營收減少且稅前虧損，無員工酬勞因此造成整體薪資金額較低
2020,4911,生技醫療業,19,8115,427,424.0,-0.26,688,1.19,True,,True,新藥臨床試驗費用高致EPS虧損，除穩健經營及節省開支外，本公司亦生產利保肝藥品、食品及保養品掖助營運費用，所以EPS顯示較其他新藥開發公司虧損少，目前薪資係依個人表現調整，整體的調整須視公司獲利情形而定。
2020,4915,電子零組件業,817,1190583,1457,1277.0,4.3,851,5.12,,,,
2020,4916,電腦及週邊設備業,51,35424,695,578.0,-1.78,1209,4.57,,,,
2020,4919,半導體業,1379,1755930,1273,1098.0,1.81,1416,10.22,,,,
2020,4930,電器電纜,15,12293,820,651.0,2.23,726,1.95,,,,
2020,4931,電腦及週邊設備業,275,152849,556,443.0,1.02,779,3.59,,,,
2020,4933,光電業,490,300691,614,527.0,2.53,768,1.1,,True,,新增竹南分公司103人、因薪資計算不足一年，故年薪中位數相對較低；若前述忽略不計，平均中位數約在557千元，略高於108年度。
2020,4934,光電業,78,66194,849,773.0,0.01,886,1.02,,,True,EPS成長係因109年出售子公司股權及其工程利益認列所致，非本業創造之獲利，故不連結獎金之發放。全時員工薪資平均數較前一年度減少，係因109Q4公司員工轉調至集團企業，轉調之員工薪資水位較高所致。
2020,4938,電腦及週邊設備業,7773,9504815,1223,987.0,7.73,1209,4.57,,,,
2020,4939,電子零組件業,14,15482,1106,1166.0,1.61,671,1.67,,,True,"因非擔任主管職務之全時員工薪資總額申報數是以109年度實領薪資, 108年員工酬勞於109年發放,109年員工酬勞於110年發放,公司109年eps較108年eps成長, 因發放時間非當年度所以造成員工薪資平均數較前一年度減少"
2020,4942,光電業,288,197666,686,519.0,4.76,886,1.02,,True,True,本公司非管理職員工人數-加權平均(人)288人，薪資皆符合法令，其中直接員工人數外籍勞工佔比較高，故拉低總體平均薪資。
2020,4944,光電業,118,71486,606,523.0,-1.46,768,1.1,,,True,LED產業驟變，嚴重供過於求，使我們公司營運極度艱辛，經多方努力及成本嚴格控管下都未能減緩虧損，於108年度執行縮編優離政策，離職金給付優於法規規定，故108年度員工年薪平均數增加。
2020,4945,半導體業,42,45657,1087,1052.0,2.02,1141,5.91,,,,
2020,4946,文化創意業,48,29226,609,574.0,-4.9,922,4.69,,,,
2020,4950,其他,2,1401,701,701.0,-4.18,637,2.06,,,,
2020,4952,半導體業,213,365495,1716,1671.0,2.59,1416,10.22,,,,
2020,4953,資訊服務業,736,621493,844,763.0,7.06,873,2.59,,True,,本公司109年新進人員快速增長，新人年資未足年比重高，影響年度平均薪資，使得108年EPS成長高於同業但平均薪資略低於同業。未來公司會持續將全體員工努力貢獻的獲利的成果，反映在全員的薪酬的成長上。
2020,4956,光電業,391,221126,566,500.0,0.16,886,1.02,,,,
2020,4960,光電業,1061,720492,679,637.0,-0.13,886,1.02,,,,
2020,4961,半導體業,390,646072,1657,1365.0,4.07,1416,10.22,,,,
2020,4967,半導體業,299,191000,639,560.0,2.06,1416,10.22,,,,
2020,4968,半導體業,236,307648,1304,1073.0,13.82,1416,10.22,,True,,"本公司109年因業務成長,不斷增聘員工,從業員工之平均年齡及平均服務年資皆較108年下降，部分獎酬與服務年資連動，且109年增幅較多為業務及管理人員，從業員工結構與前一年度差異所致。"
2020,4972,光電業,34,27142,798,726.0,2.08,768,1.1,,,,
2020,4973,半導體業,279,195851,702,527.0,1.15,1141,5.91,,,,
2020,4974,電子零組件業,43,68671,1597,1452.0,5.16,671,1.67,,,,
2020,4976,光電業,707,382700,541,501.0,-0.5,886,1.02,,,,
2020,4979,通信網路業,586,316775,541,464.0,-0.75,747,1.48,,,,
2020,4987,電腦及週邊設備業,197,101679,516,429.0,3.76,779,3.59,,True,,台灣之工廠為本公司唯⼀之⽣產據點，工廠從業人員佔非擔任主管職務之全時員工比重達43%，致使員工薪資平均數低於同水準。
2020,4989,電子零組件業,217,207519,956,908.0,0.22,851,5.12,,,,
2020,4994,資訊服務業,523,383390,733,648.0,3.91,937,3.32,,True,,因行業特性，風險較高，故給予薪酬部份較為保守。
2020,4995,光電業,168,113464,675,589.0,1.66,768,1.1,,True,,1.本公司109年受到新冠肺炎 (COVID-19) 疫情之影響，致營收和獲利減少未進行調薪。2.員工結構偏屬製造業，外籍員工佔直接員工44%，致薪資平均數較同業略低實屬正常。
2020,4999,電子零組件業,289,223418,773,554.0,5.66,851,5.12,,True,,本公司定期參酌產業人才市場薪資水準，衡量公司薪資在就業市場競爭力並依各項規章及辦法給予合理報酬。109年所申報非擔任主管職務的全時員工人數中，59%員工為產線作業人員，因此薪資平均數低於同業水準800仟元。
2020,5007,鋼鐵工業,1322,769932,582,570.0,2.04,915,0.49,,True,,本公司員工薪資比照扣件同業水準，而獎金是依年度稅前盈餘(經營績效)以固定比例提列並依個人考績分發；另上市鋼鐵業再細分為扣件業(如春雨、聚亨、豐達科技)來做比較，則本公司員工薪酬應於合理範圍內。
2020,5009,鋼鐵工業,1117,649073,581,556.0,0.5,672,0.59,,,,
2020,5011,鋼鐵工業,156,82340,528,498.0,-1.66,672,0.59,,,,
2020,5013,鋼鐵工業,406,254646,627,614.0,1.58,672,0.59,,True,,1.外籍勞工人數佔公司比重約5%、行政人員佔公司比重約14%，上班時間固定，故影響公司平均薪資水準。2.公司每年視營運獲利情形，調整員工薪資及發放年終獎金。109年度薪資平均數&薪資中位數皆較108年度成長。
2020,5014,鋼鐵工業,50,32226,645,510.0,1.06,672,0.59,,True,,本公司因轉投資比例較同業為高，而一般員工之薪酬以固定薪資為主，母公司個體營運績效為輔，109年度EPS貢獻主要來自集團其他合併個體公司，故有EPS高於同業平均數惟非經理人全時員工薪資平均數低於同業水準之情事。
2020,5015,鋼鐵工業,175,101297,579,526.0,1.94,672,0.59,,True,,公司非擔任主管職務之全時員工175人中，有70人為外籍基層員工，占非擔任主管職務之全時員工之40%，其薪資為基本工資加上加班費，本就偏低，致拉低全公司平均薪資。
2020,5016,鋼鐵工業,307,216497,705,663.0,3.15,672,0.59,,,,
2020,5102,橡膠工業,161,84255,523,484.0,0.79,523,0.79,,,,
2020,5201,資訊服務業,123,107658,875,774.0,3.1,873,2.59,,,,
2020,5202,資訊服務業,68,57946,852,687.0,-0.55,873,2.59,,,,
2020,5203,資訊服務業,364,472817,1299,1010.0,2.26,937,3.32,,,,
2020,5205,其他電子業,2,898,449,317.0,-0.58,768,2.62,True,,,本公司近年因業務調整，公司處於虧損狀態。為求公司永續經營，近幾年各項費用嚴格管控。後續將視經營績效，在公司永續經營的前提下，合理將經營成果分享予全體股東及員工。
2020,5206,建材營造,22,17882,813,737.0,3.11,879,1.27,,True,,1.非擔任主管職員工多屬一般內勤，薪資水準不同於營建業具技術性工程師。
2020,5209,資訊服務業,233,230114,988,877.0,5.74,873,2.59,,,True,新鼎單家109年因投資萬鼎獲利為業外收益增加造成EPS較108年成長，屬公司管理階層之投資政策，與非經理人全時員工薪資平均數增長較無直接正向關聯。比較新鼎單家營業利益部分，109年較108年反而是衰退。
2020,5210,資訊服務業,140,98044,700,648.0,-1.26,873,2.59,,,,
2020,5211,資訊服務業,54,46552,862,746.0,-0.31,873,2.59,,,,
2020,5212,資訊服務業,327,295956,905,801.0,3.2,873,2.59,,,,
2020,5213,建材營造,68,75748,1114,797.0,1.76,879,1.27,,,,
2020,5220,光電業,292,164150,562,487.0,4.71,768,1.1,,True,,"1.員工中約七成屬直接人工,員工結構中大部分屬基層勞工,拉低平均薪資,109年平均年薪超過50萬,已較去年提升.2.章程規定有獲利時提撥不低於5%為員工酬勞,讓經營績效與員工薪酬產生正向關聯."
2020,5230,光電業,88,68599,780,566.0,-0.06,768,1.1,,,,
2020,5234,光電業,342,484758,1417,1185.0,6.15,886,1.02,,,,
2020,5245,光電業,307,187854,612,499.0,1.99,768,1.1,,True,,本公司提供的薪酬符合法令要求，因本公司員工平均服務年資及平均年齡低於同業，致EPS高於同業平均數惟非經理人全時員工薪資平均數低於同業水準者。
2020,5251,光電業,21,16196,771,798.0,-1.6,768,1.1,,,,
2020,5258,電腦及週邊設備業,304,194217,639,538.0,2.23,1209,4.57,,,True,員工平均薪資較前年減少，主係因本公司雖受疫情影響員工仍較前年增加64位，所增加員工在比例上大部分為基層員工及新鮮人，使得整體平均薪資略為減少。
2020,5263,文化創意業,164,128319,782,716.0,-0.88,922,4.69,,,,
2020,5269,半導體業,229,603612,2636,2076.0,44.16,1416,10.22,,,,
2020,5272,半導體業,93,101689,1093,983.0,-0.61,1141,5.91,,,,
2020,5274,半導體業,78,184195,2361,1980.0,29.38,1141,5.91,,,,
2020,5278,電子商務,40,43618,1090,962.0,12.33,720,3.84,,,,
2020,5283,電器電纜,537,321280,598,558.0,12.73,726,1.95,,True,,公司109年平均員工薪酬已較108年提升，惟仍低於同業平均薪酬係公司成立時間相較同業晚，以產線作業員及基層員工、行政、助理等佔較多數，隨著平均年資增加、效率將隨之提高，經營績效提升，員工薪酬亦將會隨之增加。
2020,5285,半導體業,291,147790,508,475.0,1.37,1416,10.22,,,,
2020,5287,電子商務,143,106336,744,671.0,14.74,720,3.84,,,,
2020,5289,電腦及週邊設備業,547,471720,862,651.0,11.46,779,3.59,,,,
2020,5291,電子零組件業,288,155458,540,476.0,1.86,671,1.67,,True,,本公司生產據點僅在台灣，申報資料中直接人員佔員工人數74.26%；研發、管理、業務人員佔員工人數25.74%。本公司屬勞力密集產業員工薪酬及公司經營績效配置應屬合理。
2020,5299,半導體業,67,98925,1476,1301.0,9.26,1141,5.91,,,True,本公司107年7月6日發行之『一○七年員工認股權憑證』，於109年度可執行員工認股權憑證轉換；加計109年員工認股權獎酬制度，本年度109年非經理人之全時員工薪資平均數實際較108年成長。
2020,5301,觀光事業,13,7376,567,540.0,-3.51,498,-1.01,,,,
2020,5302,半導體業,35,33875,968,981.0,-0.37,1141,5.91,,,,
2020,5306,其他,55,41106,747,675.0,12.02,637,2.06,,,,
2020,5309,電子零組件業,267,181740,681,526.0,-0.64,671,1.67,,,,
2020,5310,資訊服務業,23,16018,696,543.0,-2.61,873,2.59,,,,
2020,5312,生技醫療業,813,567494,698,597.0,5.13,688,1.19,,,,
2020,5314,半導體業,7,5970,853,836.0,-0.51,1141,5.91,,,,
2020,5315,光電業,529,259164,490,426.0,0.9,768,1.1,True,,,1.109年度薪資調整3%-5%。2.原物料高漲、外幣兌換損失，影響獲利。物價水準上升造成員工薪資未能及時趕上水準。3.公司薪資報酬政策與經營績效連結，公司會秉持國家計畫，強化公司社會責任。
2020,5321,電子零組件業,52,43904,844,528.0,-3.73,671,1.67,,,,
2020,5324,建材營造,29,28384,979,865.0,0.11,879,1.27,,,,
2020,5328,電子零組件業,23,13767,599,510.0,0.12,671,1.67,,,True,109年度平均薪資較108年度微幅減少，主係108年度平均薪資含蓋107年員工酬勞，108年虧損無發放員工酬勞。
2020,5340,電子零組件業,330,182742,554,500.0,0.49,671,1.67,,,,
2020,5344,半導體業,178,98242,552,486.0,0.53,1141,5.91,,,,
2020,5345,其他,108,84438,782,705.0,-3.34,637,2.06,,,,
2020,5347,半導體業,4851,6565787,1353,995.0,3.85,1141,5.91,,,,
2020,5348,通信網路業,41,27990,683,672.0,-0.71,747,1.48,,,,
2020,5351,半導體業,263,277706,1056,959.0,-1.14,1141,5.91,,,,
2020,5353,通信網路業,372,244098,656,575.0,0.88,747,1.48,,,,
2020,5355,電子零組件業,368,172838,470,436.0,0.08,671,1.67,True,,True,1.因產業特性，作業人員相對偏多且外籍員工 占直接員工的比率為40%，故拉低整體水準。2.因近年來公司虧損，無額外季獎金、績效獎金及員工酬勞。
2020,5356,電腦及週邊設備業,404,202503,501,441.0,2.4,779,3.59,,,True,本公司依經營績效提供員工兼具保障性、激勵性的獎金，與員工共享利潤。109年薪資平均數較前一年減少的主因為：109年員工加權平均人數較108年增加的129人，有126人為產線基層作業人員，致整體平均數降低。
2020,5364,觀光事業,70,34982,500,418.0,-2.11,498,-1.01,,,,
2020,5371,光電業,1671,1935487,1158,1072.0,3.59,768,1.1,,,,
2020,5381,電子零組件業,52,27451,528,445.0,0.01,671,1.67,,,True,因公司持續調整毛利較差之產品生產與銷售，並調整人力配置，使得EPS較前一年度成長，惟因調整人力有資深員工離職，致109年度非經理人全時員工薪資平均數衰退。
2020,5383,其他電子業,266,132391,498,446.0,-0.81,768,2.62,True,,True,員工薪資報酬政策係依據個人績效表現、對公司貢獻度及參考同業薪資水準後決定。員工酬勞估列係考量當期獲利情形及公司資金需求規劃已兼顧股東權益，在不超過公司章程所訂範圍內估列。
2020,5386,電腦及週邊設備業,28,18612,665,610.0,1.02,779,3.59,,,True,"主要係因人員異動較頻繁,新進人員未滿年資規定無獎金所致,年度獎金平均約為1.6個月,超過公司經營績效EPS1.02。"
2020,5388,通信網路業,1647,1411906,857,520.0,3.66,1125,2.22,,True,,109年度因全球5G設備鋪設需求及受covid-19帶動宅經濟影響，使網通設備需求量再創高峰，致台灣廠產能需求倍增，增聘廠區生產人力致使員工人數較108年度增加24%，因前述新進員工人數增加導致平均薪資較108年度降低。
2020,5392,光電業,12,8129,677,578.0,-0.73,768,1.1,,,,
2020,5398,其他,46,33231,722,627.0,0.34,637,2.06,,,,
2020,5403,資訊服務業,315,356981,1133,981.0,5.2,873,2.59,,,,
2020,5410,資訊服務業,337,225733,670,606.0,2.01,873,2.59,,,,
2020,5425,半導體業,462,312979,677,521.0,2.29,1141,5.91,,,,
2020,5426,電腦及週邊設備業,268,158702,592,526.0,-0.26,779,3.59,,,,
2020,5432,光電業,18,8700,483,433.0,-0.28,768,1.1,True,,,本公司因產線人員佔全體42%而拉低薪資水平使其平均數未達50萬元。
2020,5434,電子通路業,414,605815,1463,1105.0,11.38,981,4.13,,,,
2020,5438,電腦及週邊設備業,115,126501,1100,885.0,0.01,779,3.59,,,,
2020,5439,電子零組件業,523,364623,697,602.0,3.43,671,1.67,,,,
2020,5443,光電業,386,384993,997,899.0,0.93,768,1.1,,,,
2020,5450,其他,506,316654,626,510.0,0.54,637,2.06,,,,
2020,5452,其他電子業,27,22299,826,719.0,0.84,768,2.62,,,,
2020,5455,建材營造,10,12701,1270,1025.0,-0.21,879,1.27,,,,
2020,5457,電子零組件業,330,208035,630,559.0,4.19,671,1.67,,True,,"本公司非經理人之全時員工(年度)薪資平均已較去年增加,就公司經營績效與全時員工薪資平均數尚屬合理"
2020,5460,電子零組件業,128,91301,713,594.0,0.02,671,1.67,,,,
2020,5464,電子零組件業,378,151260,400,378.0,-2.32,671,1.67,True,,,"1.本公司藍領外籍工人佔全體員工比例近四分之一，外籍工人薪資依契約核給基本工資，不計其他津貼項目，致全體員工薪資平均數未達50萬元。2.109年因疫情影響營收及獲利, 連帶影響員工各項津貼及酬勞之發放。"
2020,5465,電腦及週邊設備業,23,21171,920,895.0,1.15,779,3.59,,,,
2020,5468,半導體業,12,10212,851,947.0,-0.48,1141,5.91,,,True,本公司自109年起，努力撙節費用支出、縮減人力，資遣部分經理人及其他薪資較高之員工，在經營團隊之努力下，年度淨損減少，故呈現EPS較前一年度成長，惟非經理人全時員工薪資平均數衰退之情事。
2020,5469,電子零組件業,664,484150,729,606.0,6.15,851,5.12,,True,,本公司薪酬政策係依營運目標與獲利表現、參酌外部薪酬水準，並考量員工專業知識技術、工作職掌及個人績效表現而定；另因本公司生產作業為勞力密集為主，直接人力佔比高，進而影響本公司薪資平均數。
2020,5471,半導體業,297,519610,1750,1640.0,6.11,1416,10.22,,,,
2020,5474,電腦及週邊設備業,121,153635,1270,1036.0,18.49,779,3.59,,,,
2020,5475,電子零組件業,10,4939,494,437.0,-0.49,671,1.67,True,,True,"109年非擔任主管職務之員工薪資平均數未達50萬元,係因109年公司進行人員縮減,餘下的非擔任主管職務之員工普遍年資不長,故薪資低於平均數。且109年EPS虧損減少,主要係處分竹東廠之利益,而非公司經營績效提升所致。"
2020,5478,文化創意業,377,343491,911,767.0,7.76,922,4.69,,True,,本公司每年依公司獲利情況，審酌調整員工薪資，故109年平均薪資高於108年，109年非經理人全時員工薪資平均數與同業相比僅低1千元，實無顯著差異。109年獲利部份，將於110年以員工酬勞發放獎勵。
2020,5481,其他,10,9379,938,585.0,6.19,637,2.06,,,,
2020,5483,半導體業,747,842867,1128,1163.0,10.82,1141,5.91,,True,,1.本公司109年無論是EPS獲利表現或員工薪資-平均數，相較於108年，都是成長的。2.本公司個體財報內容為太陽能產業，故與半導體業的薪資水準有差距。
2020,5484,光電業,108,73375,679,582.0,-0.71,886,1.02,,,,
2020,5487,半導體業,45,48507,1078,1029.0,1.67,1141,5.91,,,,
2020,5488,電子零組件業,62,33190,535,481.0,-0.32,671,1.67,,,True,"松普本期營業利益為負數，非經理人全時員工薪資平均數較上期衰退；松普109年依精算報告認列退休金利益(其他收入) 5,125仟元，108年度海外股利匯回，當期認列 8,831仟元所得稅，致稅後損益減少"
2020,5489,其他電子業,376,253471,674,588.0,-0.29,768,2.62,,,,
2020,5490,電腦及週邊設備業,126,142285,1129,1047.0,2.19,779,3.59,,,,
2020,5493,其他電子業,66,57923,878,832.0,2.85,768,2.62,,,,
2020,5498,電子零組件業,122,68438,561,513.0,0.52,671,1.67,,,,
2020,5508,建材營造,32,37766,1180,1110.0,3.71,879,1.27,,,,
2020,5511,建材營造,270,225475,835,647.0,4.2,879,1.27,,True,,109年員工數增加，且多為工作年資較淺者，故平均薪資略低。
2020,5512,建材營造,38,30254,796,802.0,0.14,879,1.27,,,,
2020,5514,建材營造,13,11499,885,851.0,1.1,879,1.27,,,,
2020,5515,建材營造,347,322837,930,774.0,1.43,846,1.74,,,,
2020,5516,建材營造,111,83353,751,640.0,2.99,879,1.27,,True,True,本公司109年引用66名外籍勞工，其中28名外籍全時員工壓低了本公司109年度整體薪資平均數。
2020,5519,建材營造,83,72399,872,816.0,2.07,846,1.74,,,,
2020,5520,建材營造,117,129286,1105,1039.0,4.69,879,1.27,,,,
2020,5521,建材營造,331,190869,577,465.0,2.26,846,1.74,,True,True,每股盈餘較前一年成長，係出售營建土地獲利增加，該交易非屬經常發生，不影響109年度員工平均薪資。109年度工案結束調降員工人數，但平均薪資較前一年度並無明顯差異。
2020,5522,建材營造,123,172327,1401,749.0,4.86,846,1.74,,,,
2020,5523,建材營造,10,5159,516,561.0,0.33,879,1.27,,,,
2020,5525,建材營造,43,36886,858,829.0,0.17,846,1.74,,,,
2020,5529,建材營造,15,9149,610,560.0,-1.51,879,1.27,,,,
2020,5530,其他,462,391938,848,698.0,2.96,637,2.06,,,,
2020,5531,建材營造,152,98364,647,543.0,0.17,846,1.74,,,,
2020,5533,建材營造,36,28185,783,739.0,0.85,846,1.74,,,,109年因資深員工退休及跑單人員離職，與108年相比平均人數減少，薪資結構不同，因此薪資平均數下降。
2020,5534,建材營造,36,32988,916,860.0,9.02,846,1.74,,,,
2020,5536,其他電子業,242,300982,1244,1015.0,17.9,768,2.62,,,,
2020,5601,航運業,7,5048,721,663.0,0.29,760,3.38,,,True,本公司108年度EPS-0.24、109年度EPS-0.29108年度員工薪資平均數740仟元、109年度員工薪資平均數721仟元，因肺炎疫情，109年度無支付員工自強活動補貼，以致員工薪資平均數較前一年度減少。
2020,5603,航運業,268,191490,715,692.0,1.42,760,3.38,,,,
2020,5604,其他,5,3055,611,718.0,8.8,637,2.06,,True,,"109年本期損益957,681千元,EPS8.80元,係因有不動產徵收利益876953千元,影響EPS8.06元,若排除該不動產之影響,本期損益計80728千元,EPS0.74元。公司員工薪酬結構為固定薪資加計變動之獎金,該均薪應符合一般薪資水準"
2020,5607,航運業,464,369757,797,744.0,2.01,1095,1.69,,True,,"1.同業多為航空公司及船運公司,員工結構落差大。2.本公司與航運類股行業屬性及人力結構差異較大。"
2020,5608,航運業,67,48644,726,668.0,-3.27,1095,1.69,,,,
2020,5609,航運業,168,155863,928,704.0,8.62,760,3.38,,,,
2020,5701,觀光事業,308,119879,389,336.0,-0.54,498,-1.01,True,True,,本公司產業特性基層人力佔比高，營業高峰使用臨時人力補充營運人力需求，故而降低整體平均薪資。
2020,5703,觀光事業,192,91063,474,417.0,-2.36,498,-1.01,True,,,"109年因新冠疫情影響營收,實施減少工時方案,約減少薪資費用1618仟元,且因疫情縮減人力,節省費用,除部份職缺遇缺不補,資深同仁離職後,替補之新進同仁薪資水平低於資深同仁所致."
2020,5704,觀光事業,189,91070,482,396.0,2.41,498,-1.01,True,True,,1.本公司位處台東，薪資及消費水平相較國內其他縣市低；但相較同區域同業薪資水平並無偏低。2.休閒飯店業所需基層服務人員數量較多、佔比較高，故使得薪資平均數降低。
2020,5706,觀光事業,181,69532,384,347.0,0.15,554,0.47,True,,,受新冠肺炎影響國外團體旅遊，使本公司營業收入大幅下滑，獎金等相關等津貼大幅減少所致
2020,5820,金融業,2845,2841431,999,855.0,0.77,987,1.11,,,,
2020,5864,金融業,182,106040,583,442.0,1.98,987,1.11,,True,,本公司EPS高於同業平均數，係因自營部的營業證券操作利益，與一般非經理人全時員工較無關聯性，業務績效較上期成長故非經理人全時員工薪酬也較上期增加。（平均數較上期增加174仟元，中位數較上期增加44仟元)
2020,5876,金融保險業,2356,2971176,1261,1168.0,3.01,1240,1.95,,,,
2020,5878,金融業,49,28623,584,526.0,3.47,987,1.11,,True,,公司為保經公司，員工結構與金控銀行不同，非擔任主管之員工主要行政職務，與同業包含業務銷售人員之結構不同。109年有非經理人晉升為經理人及新增人力致中位數較108年略低，故尚屬合理，若排除以上則較108年略高。
2020,5880,金融保險業,8245,11230874,1362,1244.0,1.24,1240,1.95,,,,本公司依據公司章程第三十五條之一規定，按當年度獲利狀況提撥萬分之一至萬分之八為員工酬勞，及訂定「經營績效獎金及員工酬勞提撥準則」，將經營績效與成果，反映於員工薪酬中。
2020,5902,貿易百貨,74,65340,883,741.0,1.37,624,5.66,,,,
2020,5903,貿易百貨,2679,2235592,834,775.0,9.54,624,5.66,,,,
2020,5904,貿易百貨,3168,1510191,477,409.0,21.6,624,5.66,True,True,,1.公司屬零售業直營型態（非加盟）的自助型賣場，有90%人力屬第ㄧ線服務人員(含33%計時人員)。且因大規模展店，晉用高比例新人及職場新鮮人予以培訓，影響平均薪資。2.公司每年依員工績效考核結果予以晉升、調薪。
2020,5905,貿易百貨,309,114892,372,353.0,0.26,624,5.66,True,,,"109年度扣除轉投資收益後，本公司稅前淨損1,040千元。勞動部薪資查詢系統，同業非擔任主管職員工薪資為23,967~43,390(月)，本司年度薪資均數372千元(31,000元/月)，與同業並無重大差異"
2020,6005,金融保險業,1660,1563788,942,737.0,1.64,1240,1.95,,,,
2020,6015,金融業,373,368502,988,808.0,1.24,987,1.11,,,,
2020,6016,金融業,552,613127,1111,888.0,1.83,987,1.11,,,,
2020,6020,金融業,68,44355,652,674.0,1.03,987,1.11,,,,
2020,6021,金融業,275,216762,788,670.0,0.34,987,1.11,,,,
2020,6023,金融業,352,416634,1184,1016.0,4.23,987,1.11,,,,
2020,6024,金融保險業,207,250188,1209,820.0,3.07,1240,1.95,,True,,金融保險業涵蓋之行業範圍廣(金控、銀行、保險、證券及期貨)，業態不盡相同，期貨業僱用基層業務人員推廣業務之比例較高，故平均薪資呈現亦不同。本公司今年稅後淨利較去年增加，員工平均薪資隨之增加，薪酬合理。
2020,6026,金融業,161,156190,970,827.0,1.05,987,1.11,,,,
2020,6101,文化創意業,20,12475,624,573.0,-0.98,922,4.69,,,,
2020,6103,半導體業,8,3170,396,408.0,-2.72,1141,5.91,True,,,"因自108年底,訂單大幅下降且主要客戶流失,又逢109年疫情影響,109年全年業績相比108年大幅衰退達99%以上,故去年的員工流動率較往年攀升,五成以上員工任職皆未滿一年,故造成年薪皆未達50萬水準以上"
2020,6104,半導體業,270,469962,1741,1520.0,3.69,1141,5.91,,,,
2020,6108,電子零組件業,621,343147,553,537.0,-0.52,851,5.12,,,,
2020,6109,通信網路業,59,38644,655,606.0,-0.15,747,1.48,,,,
2020,6111,文化創意業,123,99653,810,742.0,0.91,922,4.69,,,,
2020,6112,資訊服務業,371,349017,941,763.0,2.91,937,3.32,,,,
2020,6113,電子通路業,47,40685,866,852.0,-0.27,696,0.36,,,,
2020,6114,電子零組件業,42,31361,747,621.0,0.53,671,1.67,,,,
2020,6115,電子零組件業,113,90376,800,649.0,2.58,851,5.12,,,,
2020,6116,光電業,2632,2476991,941,804.0,1.25,886,1.02,,,,
2020,6117,電腦及週邊設備業,603,359114,596,484.0,-0.86,1209,4.57,,,,
2020,6118,電子通路業,220,129428,588,535.0,0.4,696,0.36,,True,,1.上櫃電子通路業中，包含半導體零組件、高功率元件、奈米材料實驗室等產品電子通路商，各產品屬性及毛利結構不同，不具比較性。2.與資訊流通業之同業相比，本公司之獲利表現未特別突出，惟薪資符合同業之合理水準。
2020,6120,光電業,1029,830093,807,619.0,-1.86,886,1.02,,,,
2020,6121,電腦及週邊設備業,399,495968,1243,1101.0,27.3,779,3.59,,,,
2020,6122,電機機械,185,151451,819,811.0,0.23,615,1.34,,,,
2020,6123,電腦及週邊設備業,65,49572,763,735.0,4.25,779,3.59,,True,True,本公司109年新聘任之非主管職務員工多為職場年資尚淺之人員，故使全體平均薪資略為降低，另相同產業但不同行業別之公司，在營運規模、經營策略等皆有差異，故員工薪資難有客觀一致標準。
2020,6124,電子零組件業,26,36274,1395,1225.0,1.5,671,1.67,,,,
2020,6125,光電業,317,248737,785,695.0,-0.39,768,1.1,,,,
2020,6126,電子零組件業,18,15138,841,750.0,2.02,671,1.67,,,,
2020,6127,電子零組件業,203,102944,507,484.0,-0.95,671,1.67,,,,
2020,6128,電腦及週邊設備業,426,216873,509,440.0,1.16,1209,4.57,,,,
2020,6129,半導體業,176,156554,890,770.0,-0.42,1141,5.91,,,,
2020,6130,生技醫療業,10,4223,422,384.0,-0.92,688,1.19,True,,,茲因本公司營運尚處於虧損中，以致全時員工薪資平均數未達50萬元
2020,6133,電子零組件業,39,24686,633,540.0,0.02,851,5.12,,,,
2020,6134,電子零組件業,111,72270,651,571.0,0.32,671,1.67,,,,
2020,6136,通信網路業,59,44879,761,694.0,0.48,1125,2.22,,,,
2020,6138,半導體業,271,369027,1362,1178.0,6.43,1141,5.91,,,,
2020,6139,其他電子業,404,331865,821,689.0,1.52,1172,6.54,,,,
2020,6140,資訊服務業,156,102118,655,530.0,1.44,873,2.59,,,,
2020,6141,電子零組件業,413,216834,525,464.0,2.67,851,5.12,,,,
2020,6142,通信網路業,810,477896,590,424.0,-1.89,1125,2.22,,,,
2020,6143,通信網路業,516,360209,698,586.0,2.97,747,1.48,,True,,本公司主要製造、生產皆位於台灣，製造生產人力佔總人數60.7%，其中外籍移工佔全體22.9%，絕大部分屬於基層生產人員，致薪資平均數低於同業水準。
2020,6144,文化創意業,75,42787,570,513.0,0.06,922,4.69,,,,
2020,6146,其他電子業,641,561869,877,696.0,8.03,768,2.62,,,,
2020,6147,半導體業,5551,4536073,817,717.0,5.61,1141,5.91,,,,
2020,6148,資訊服務業,48,37102,773,652.0,1.11,873,2.59,,,,
2020,6150,電腦及週邊設備業,111,83804,755,700.0,0.77,779,3.59,,,True,108年度包括107年度員工酬勞及績效獎金發放金額，排除該金額後，108年度及109年度非經理人全時員工薪資並未有重大差異。本公司極重視友善職場，營運獲利均依規定回饋於員工。
2020,6151,其他電子業,75,49254,657,583.0,2.11,768,2.62,,,True,"公司經營績效之優劣，影響員工年終獎金、員工酬勞及績效獎金之發放。本年EPS較前年增加,非經理人之全時員工薪資平均數較前一年度減少係因，109年度核發之年終獎金及員工酬勞,係前一年度(108年)獲利。"
2020,6152,通信網路業,158,155486,984,875.0,0.13,1125,2.22,,,,
2020,6153,電子零組件業,1802,1033342,573,479.0,1.18,851,5.12,,,,
2020,6154,電子通路業,549,235809,430,385.0,0.56,696,0.36,True,True,,本公司之產業類別隸屬電子通路業，但產業中包含製造商、代理商等，比較基準不同。以3C零售業而言，本公司之獲利表現並未優於同業；參考業界薪資調查報告之數據，薪資符合門市零售行業之合理水準。
2020,6155,電子零組件業,221,106453,482,437.0,0.39,851,5.12,True,,,主要是因為109年獲利較108年獲利減少約57.59%，故109年員工酬勞較108年減少59.04%，進而影響109年員工平均薪資所得未達50萬原因。
2020,6156,電子零組件業,13,16142,1242,1020.0,1.32,671,1.67,,,,
2020,6158,電子零組件業,130,131243,1010,857.0,2.61,671,1.67,,,,
2020,6160,電腦及週邊設備業,207,142067,686,640.0,-0.9,779,3.59,,,,
2020,6161,電腦及週邊設備業,53,44015,830,673.0,1.57,779,3.59,,,,
2020,6163,通信網路業,615,549748,894,765.0,0.02,747,1.48,,,,
2020,6164,光電業,41,26191,639,585.0,-0.17,886,1.02,,,,
2020,6165,其他,6,3781,630,482.0,1.16,830,3.65,,,,員工薪酬主要依據個人能力、對公司貢獻度、績效表現、其所任職位之市場價值及考量公司未來營運風險後決定，與經營績效正相關。
2020,6166,電腦及週邊設備業,976,995712,1020,936.0,1.12,1209,4.57,,,,
2020,6167,光電業,238,122145,513,459.0,0.25,768,1.1,,,,
2020,6168,光電業,541,377278,697,623.0,0.7,886,1.02,,,,
2020,6169,文化創意業,10,8990,899,814.0,-1.19,922,4.69,,,,
2020,6170,通信網路業,49,37968,775,586.0,1.63,747,1.48,,,,
2020,6171,建材營造,9,6082,676,634.0,3.08,879,1.27,,True,,本公司因行業特性，營收認列採全部完工法，故每年獲利起伏甚大。本公司會依前一年度經營績效適度調整當年度員工薪酬，無法因當年度經營績效立即調整員工薪酬。
2020,6172,電腦及週邊設備業,15,6804,454,344.0,0.4,1209,4.57,True,,True,公司在109年3月增設製造產線，增聘了多位產線操作作業人員，108年非經理人之全時員工人數3人與109年非經理人之全時員工人數15人差異。
2020,6173,電子零組件業,618,490231,793,651.0,4.6,671,1.67,,,,
2020,6174,電子零組件業,194,90479,466,415.0,0.03,671,1.67,True,,,"109年度全球景氣放緩，本公司營業收入淨額$396,765仟元，較前一年度衰退約6.25%，非擔任主管職務之全時員工薪資平均數，較前一年度增加比率為4.95%。"
2020,6175,電子零組件業,63,40204,638,633.0,2.02,671,1.67,,True,,主要係109年度新進人員比率較108年度為高，致使非主管職員工之紅利分配較108年度降低。
2020,6176,光電業,982,1044723,1064,826.0,11.24,886,1.02,,,,
2020,6177,建材營造,50,43202,864,756.0,0.5,846,1.74,,,,
2020,6179,其他,131,127915,976,874.0,2.36,637,2.06,,,,
2020,6180,文化創意業,393,392655,999,799.0,5.0,922,4.69,,,,
2020,6182,半導體業,937,671945,717,650.0,1.02,1141,5.91,,,,
2020,6183,資訊服務業,532,563282,1059,952.0,2.25,937,3.32,,,,109年度公司經營績效卓越，超越以往，公司全體動員戮力完成專案任務、努力達成組織目標；公司訂有績效評核辦法，依據同仁貢獻及績效評比之結果，辦理獎酬作業。
2020,6184,其他,68,42145,620,528.0,3.38,830,3.65,,,,
2020,6185,電子零組件業,22,10006,455,424.0,-0.6,671,1.67,True,,,本公司109年度離職 3名員工，且均為外派人員，以致非擔任主管職務之全時員工薪資平均數未達50萬元。
2020,6186,建材營造,29,40218,1387,1205.0,3.45,879,1.27,,,,
2020,6187,其他電子業,218,203229,932,854.0,3.01,768,2.62,,,True,本公司獎酬係依據公司整體營運成果，並配合個人職務與績效表現分配，因本公司109年度員工薪資內含108年度員工紅利，而108年度獲利較低，員工紅利發放金額較少，致平均薪資較108年度略減，但仍高於業界薪資水平之上。
2020,6188,電腦及週邊設備業,151,189219,1253,1052.0,0.41,779,3.59,,,,
2020,6189,電子通路業,186,188952,1016,833.0,2.99,981,4.13,,,,本公司員工薪酬除依公司章程規定提列外，估列之基礎係依據公司當年度之獲利情形(稅前淨利)、職務、專業能力、貢獻度及每年考核之績效等做為調薪及獎酬之依據。
2020,6190,通信網路業,204,138641,680,593.0,1.03,747,1.48,,,,
2020,6191,電子零組件業,69,133710,1938,1617.0,3.42,851,5.12,,,,
2020,6192,其他電子業,408,426852,1046,907.0,6.96,1172,6.54,,True,,本公司屬其他電子產業別，此類別之上市公司產業多樣，強行比較並無實質意義。本公司每年均隨營運績效進行調薪，109年非擔任主管職務之全時員工薪資平均數及中位數均較108年成長，並無不合理之處。
2020,6194,電子零組件業,4,2298,575,554.0,2.4,671,1.67,,True,,本公司生產基地在大陸，台灣地區人事精簡員工數少，非主管階級之員工僅處理一般事務，薪資架構以一般薪資為基準，公司經營績效與台灣地區非主管階級之員工薪資尚無明顯關連性。
2020,6195,貿易百貨,353,204755,580,516.0,4.88,624,5.66,,,,
2020,6196,其他電子業,745,903414,1213,1058.0,4.88,1172,6.54,,,,
2020,6197,電子零組件業,164,144409,881,728.0,2.13,851,5.12,,,,
2020,6198,半導體業,8,7302,913,779.0,-1.2,1141,5.91,,,,
2020,6199,其他,8,3998,500,313.0,0.46,637,2.06,,,,
2020,6201,其他電子業,404,231445,573,564.0,3.35,1172,6.54,,,,
2020,6202,半導體業,382,618952,1620,1503.0,4.56,1416,10.22,,,,
2020,6203,電子零組件業,96,93845,978,849.0,7.64,671,1.67,,,,
2020,6204,電子零組件業,78,42044,539,471.0,1.41,671,1.67,,,True,因108年度獲利較107年度減少，因此109年給付員工獎酬金額較108年減少，以致109年非經理人全時員工薪資平均數較108年衰退。
2020,6205,電子零組件業,142,97740,688,535.0,2.01,851,5.12,,,True,"本公司變動獎酬主係依據每一位員工之績效表現及對公司之貢獻度,並考量公司整體營運狀況給予之,對於整體薪酬未優於同業,公司後續將會持續參考同業薪資水平,做適度之調整!"
2020,6206,電腦及週邊設備業,355,282519,796,647.0,4.12,1209,4.57,,,,
2020,6207,電子零組件業,170,102163,601,567.0,1.55,671,1.67,,,,
2020,6208,電子零組件業,299,255577,855,763.0,2.8,671,1.67,,,,
2020,6209,光電業,759,371645,490,448.0,-1.33,886,1.02,True,,,"1.本公司因近年進行產品結構轉型,因尚未獲利故無員工分紅 2.台灣勞工招募不易且不願輪班,故使用相當高比例移工 3.本公司第一線同仁起薪已全面調整自26,000起，近年來生產線基層員工調薪幅度年平均為5%~10%"
2020,6210,電子零組件業,274,166048,606,561.0,3.24,671,1.67,,True,,本公司目標市場定位為高毛利訂單，故每股盈餘表現一般均較同業為佳，非經理人之全時員工薪資均參酌就業市場及勞動法令執行，平均數雖低於同業水準，僅為一統計數之計算，但並無影響公司運作，故應無是否合理之虞。
2020,6212,建材營造,24,28287,1179,1071.0,3.42,879,1.27,,,,
2020,6213,電子零組件業,437,371784,851,643.0,8.19,851,5.12,,,,
2020,6214,資訊服務業,1728,1625509,941,781.0,6.72,937,3.32,,,,
2020,6215,其他電子業,135,116773,865,777.0,0.96,1172,6.54,,,,
2020,6216,通信網路業,198,181729,918,827.0,1.27,1125,2.22,,,,
2020,6217,電子零組件業,216,146915,680,529.0,1.48,671,1.67,,,,
2020,6218,通信網路業,127,131750,1037,896.0,0.79,747,1.48,,,,
2020,6219,建材營造,25,25716,1029,716.0,2.35,879,1.27,,,,
2020,6220,電子零組件業,131,93296,712,634.0,2.4,671,1.67,,,,
2020,6221,資訊服務業,188,203152,1081,948.0,4.29,873,2.59,,,,
2020,6222,光電業,18,8993,500,486.0,0.18,768,1.1,,,,
2020,6223,半導體業,1537,1774295,1154,995.0,8.41,1141,5.91,,,,
2020,6224,電子零組件業,200,176955,885,793.0,5.01,851,5.12,,,,
2020,6225,光電業,4,3738,935,969.0,-0.05,886,1.02,,,True,公司維持維運成本，改善經營績效，員工薪酬未大幅調整。
2020,6226,光電業,41,29842,728,612.0,-0.39,886,1.02,,,,
2020,6227,電子通路業,189,199641,1056,1020.0,2.61,696,0.36,,,True,公司按月提撥稅前淨利的13%做為年度員工分紅，並於隔年股東大會決議後發放。因108年度稅前淨利下滑，致109年發放員工分紅較去年度金額減少39%，雖109年度仍有調薪但該年度之非經理人全時員工平均薪資減少8%。
2020,6228,電腦及週邊設備業,27,16874,625,577.0,-0.85,779,3.59,,,True,本公司EPS雖有較前一年度成長，但仍是處於虧損情形，故並未有調薪之情事，而全時員工薪資平均數較前一年度減少主要係部份員工離職後新進人員薪資較原人員薪資為低所致。
2020,6229,半導體業,23,19128,832,834.0,1.32,1141,5.91,,,True,主係108年度包含兩位年薪高於平均值之員工已於108年度下半年離職，公司因為部門結構調整及成本考量，未再招聘相同職等人員，故本年度平均年薪下降。
2020,6230,電腦及週邊設備業,461,298249,647,539.0,9.06,1209,4.57,,True,,1.本公司非擔任主管職務全時員工之平均薪資，因含基層之產線人員在內，以致平均薪資水準較同業為低。2.配合日本母公司會計年度，本公司已於110年全面優化與調整員工薪酬結構。
2020,6231,資訊服務業,417,446665,1071,923.0,4.05,873,2.59,,,,
2020,6233,半導體業,83,95847,1155,1011.0,0.11,1141,5.91,,,,
2020,6234,光電業,142,80438,566,422.0,1.1,768,1.1,,,,本年度獲利較前一年度，微幅下滑，但薪資與同區域比較尚屬合理，且每年針對表現較佳員工，公司皆會進行調薪事宜。
2020,6235,電腦及週邊設備業,48,43340,903,711.0,3.85,1209,4.57,,,,
2020,6236,其他,22,10908,496,470.0,-0.34,637,2.06,True,,True,109年因持續虧損，公司進行組織調整部分資深人員異動較大，整體計算致員工薪酬較前一年度下降。
2020,6237,半導體業,118,143291,1214,1107.0,2.44,1141,5.91,,,,
2020,6239,半導體業,11120,8933335,803,652.0,8.6,1416,10.22,,,,"主因係職務人力結構所致。研發工程行政管理：「人數占比33.9%、薪資平均數1,262仟元」。本國藉作業員：「人數占比39.0%、薪資平均數657仟元」。外藉作業員：「人數占比27.1%、薪資平均數440仟元」。"
2020,6240,其他,4,1747,437,453.0,0.04,637,2.06,True,,True,"1. 109年較108年獲利成長, 主要來自業外收入，本業仍屬虧損。2. 108年員工尚包含圖書業務人員之薪資、獎金、資遣費;109年僅為薪資較低之基層行政人員，故非經理人全時員工薪資平均數較108年衰退。"
2020,6241,通信網路業,43,33256,773,660.0,0.54,747,1.48,,,,
2020,6242,生技醫療業,98,54172,553,446.0,3.12,688,1.19,,True,,公司營運型態偏向零售之服務業，相對聘用之員工大多數為現場客服人員居多，對學歷與技術層面之標準屬中間層次，導致薪資水準相對較生技醫療業同業水準低。對此，公司將會以獎金制度、員工持股會等機制來激勵員工。
2020,6243,半導體業,58,70280,1212,1191.0,-0.82,1416,10.22,,,,
2020,6244,光電業,597,443003,742,653.0,0.31,768,1.1,,,True,本公司非經理人之全時薪資平均數較前一年減少，主要為108年進行人力精簡，所發放之離職金使108年之薪資平均數較109年增加。
2020,6245,通信網路業,697,577005,828,663.0,5.05,747,1.48,,,,
2020,6246,光電業,18,12666,704,686.0,0.43,768,1.1,,,,
2020,6247,其他電子業,83,61460,740,691.0,-1.31,768,2.62,,,,
2020,6248,鋼鐵工業,54,35016,648,482.0,1.74,672,0.59,,True,,本公司提供的薪酬符合法令要求。因業務及產能需求增加，而增聘基礎作業人力，致降低平均薪資水準，公司會考量每年的營運狀況，適度增進員工福利。
2020,6251,電子零組件業,60,63885,1065,934.0,2.58,851,5.12,,,,本公司公司章程規定，年度如有獲利應提撥百分之六至百分之十八為員工酬勞，由董事會決議以股票或現金分派發放。公司薪酬政策亦明定員工薪酬包含公司經營績效獎金，視公司該年度達成之經營績效及員工個人的績效訂定。
2020,6257,半導體業,2027,1438534,710,568.0,4.22,1416,10.22,,,,
2020,6259,電子零組件業,20,13050,653,584.0,0.53,671,1.67,,,,
2020,6261,半導體業,898,684563,762,612.0,4.12,1141,5.91,,,True,109年度非經理人之全時員工流動率較108年度高，故年度平均薪資微幅下降。
2020,6263,通信網路業,137,102917,751,719.0,4.33,747,1.48,,,,
2020,6264,建材營造,15,9039,603,610.0,-0.59,879,1.27,,,,
2020,6265,電子通路業,19,11172,588,555.0,-0.25,696,0.36,,,,
2020,6266,電子零組件業,387,217726,563,515.0,1.48,671,1.67,,,,
2020,6269,電子零組件業,1782,1136341,638,568.0,8.63,851,5.12,,True,,1.本公司依「非擔任主管職務之全時員工薪資資訊」申報作業規定計算全公司薪資平均數2.本公司的製程以勞力密集為主，製造直接人工佔比較大，直接人力薪資比例佔全公司薪資比較高
2020,6270,電子通路業,59,60900,1032,961.0,1.28,696,0.36,,,,
2020,6271,半導體業,1791,1517721,847,620.0,7.88,1416,10.22,,,,
2020,6274,電子零組件業,1088,874062,803,675.0,6.67,671,1.67,,,,
2020,6275,電子零組件業,401,217833,543,413.0,2.01,671,1.67,,True,,"本公司定位為高毛利產品，故EPS較同業為佳，109年平均薪資543千元較上年度512千元高，當年度薪資發放總額較上年度增加13,893千元。薪資平均數雖低於同業水準唯隨著公司成長未來薪資調整幅度將修正以期達到同業水平。"
2020,6276,電腦及週邊設備業,22,19696,895,821.0,3.54,779,3.59,,,,
2020,6277,電腦及週邊設備業,662,726914,1098,923.0,12.55,1209,4.57,,True,,"1.本公司在台灣有生產線,有35%員工任職於生產製造單位,排除作業員,非主管職務之員工平均年薪為1,235仟元。2.本公司除固定薪資外，另有三節獎金、營運績效獎金與年度員工分紅，將公司營運績效與員工薪酬作正向連結。"
2020,6278,光電業,958,601923,628,513.0,7.5,886,1.02,,True,,本公司非擔任主管職員工薪資低於同業，主因本公司在產業鏈中屬製造生產端，產線作業員比例大於同業，在人力結構不同的情況下，非經理人之全時員工薪資低於同業。
2020,6279,電子零組件業,402,278556,693,626.0,5.59,671,1.67,,,,
2020,6281,電子通路業,1577,1184629,751,692.0,5.87,981,4.13,,True,,本公司產業類別屬於電子通路業，該類別含BtoB及BtoC二種業態，前者交易對象為法人，與本公司交易對象為消費者、屬零售服務之業態明顯不同，薪資難免有落差。若與同業態公司相比，員工薪資與福利，均未低於同業。
2020,6282,電子零組件業,1457,1432088,983,777.0,2.54,851,5.12,,,,
2020,6283,其他電子業,37,35116,949,936.0,-0.25,1172,6.54,,,,
2020,6284,電子零組件業,540,289476,536,521.0,2.59,671,1.67,,True,,本公司非擔任主管職務之員工主要以直接人力居多，約占全員之71%，且員工薪資平均數較去年成長，故主要原因為人力結構造成平均薪資與同業的落差。
2020,6285,通信網路業,4266,3898361,914,682.0,3.76,1125,2.22,,True,,1.通信網路業中，公司行業存有差異 (如服務業或製造業等)，故各公司之薪資結構比較基礎不盡相同。2.啟碁係一製造公司，且產品在台製造比重高，故工廠直接人員人數多，進而影響整體非主管職員工之年度平均薪資數。
2020,6287,半導體業,379,189422,500,410.0,-0.34,1141,5.91,,,,
2020,6288,汽車工業,603,440676,731,478.0,0.85,737,5.38,,,,
2020,6289,光電業,92,45836,498,440.0,-0.79,886,1.02,True,,True,本公司經營績效與員工薪酬無關聯性。
2020,6290,電子零組件業,47,47614,1013,777.0,4.71,671,1.67,,,,
2020,6291,半導體業,21,19391,923,918.0,0.74,1141,5.91,,,True,"108年度平均人數33人 薪資平均數為1,055K，109年度平均人數為21人，薪資平均數為1,055K；年度平均人數減少12人，薪資平均數下降12.5%，係因108年度人員離職者皆為年資較高其薪資也較高所致。"
2020,6292,電子零組件業,38,35123,924,757.0,3.1,671,1.67,,,,
2020,6294,文化創意業,317,165127,521,475.0,11.32,922,4.69,,True,,一、本公司員工組成年輕化，年資較淺。二、本公司主要從事補教業務，薪資已高於一般補教業水準，但本公司仍每半年會依員工績效調整薪資。三、隨著公司成長，未來薪資調整幅度會逐一修正，以期達到文創業之水平。
2020,6405,光電業,263,151927,578,548.0,1.32,886,1.02,,True,,1.本公司獲利較佳，主係本期處分平鎮不動產及認列資產減損損失增加所致，與員工績效關聯性較低。2.外籍員工占比較高。3.本公司提供免費伙食，無有伙食津貼。4.所謂同業公司實非真正同業，可比性偏低。
2020,6409,其他電子業,121,143010,1182,1054.0,25.31,1172,6.54,,,,
2020,6411,半導體業,100,227076,2271,794.0,6.46,1141,5.91,,,True,"1.因2020去年新進人員多，且為基層員工,領薪月數落在6-9個月的人數居多。2.另離職人員職等較高薪資也較高且領薪月數約為7個月左右。基於以上二個因素導致薪資平均數下降。"
2020,6412,電子零組件業,764,1136951,1488,1297.0,5.52,851,5.12,,,,
2020,6414,電腦及週邊設備業,155,149689,966,907.0,12.13,1209,4.57,,True,,主係109年度有高於平均薪資的員工離職，且後續招聘以新血為主，故影響109年度平均薪資較108年減少。且公司自108年Q4開始招聘技術員，109年滿編，直接人力的提升亦降低平均薪資。
2020,6416,通信網路業,236,172425,731,636.0,5.29,1125,2.22,,True,,本公司股本與同業相對較小，故EPS易顯示較同業為佳。另本公司除受生產製造人員人數占比影響外，為推動青年培力與學校之建教合作，每年均進用一定比例人數，於排除影響因素後，已適時檢視並提升基層員工之福利。
2020,6417,通信網路業,407,200302,492,406.0,2.69,747,1.48,True,True,True,本公司產品客製化且少量多樣，難以全自動化生產，需投入大量作業人力，員工結構中過半為直接人員(含外籍移工)，且直工人數亦較去年增加15%，進而影響整體非主管職員工之年度薪資數。
2020,6418,電子零組件業,40,19872,497,477.0,0.17,671,1.67,True,,,109年度因受疫情影響，公司整體接單及出貨狀況不如預期，致使全員無法獲領績效獎金。再則，因全年EPS基期較低亦影響年終獎金之發放，因此整體非經理人之全時員工其平均薪資亦下修。
2020,6419,光電業,128,90026,703,504.0,-5.64,768,1.1,,,,
2020,6425,電機機械,188,136672,727,682.0,-1.0,615,1.34,,,True,本公司非經理人之全時員工薪資平均數降低之主係獲利表現差影響獎金分配。本公司自108年開始虧損，108年每股虧損3.33元、109年每股虧損1元，故，109年獎金分配額度緊縮，實屬合理狀態。
2020,6426,通信網路業,226,145423,643,555.0,3.58,1125,2.22,,True,,"109年度獲利成長,公司已全面調薪,直接人員平均調薪7.18%,間接人員平均調薪3%。非擔任主管職務之全時員工「薪資平均數」已從610仟元增加至643仟元,「薪資中位數」已從524仟元增加至555仟元。"
2020,6432,電子零組件業,70,52228,746,658.0,2.91,671,1.67,,,,
2020,6435,半導體業,72,109833,1525,1409.0,7.02,1141,5.91,,,,
2020,6438,其他電子業,385,318204,827,806.0,6.35,1172,6.54,,,True,本公司EPS較前一年度增加主係預期信用減損迴轉利益增加所致。
2020,6441,電腦及週邊設備業,117,65974,564,498.0,-1.24,779,3.59,,,,
2020,6442,通信網路業,377,260948,692,623.0,-0.57,1125,2.22,,,,
2020,6443,光電業,1042,595747,572,485.0,-0.74,886,1.02,,,,
2020,6446,生技醫療業,181,196378,1085,853.0,-8.04,688,1.19,,,,
2020,6449,電子零組件業,86,83983,977,800.0,3.1,851,5.12,,,,
2020,6457,半導體業,73,92583,1268,1167.0,7.03,1141,5.91,,,,
2020,6461,生技醫療業,73,52354,717,549.0,-2.5,688,1.19,,,True,我司致力於呼吸道領域治療的新劑型新藥及高門檻學名藥研發，特以高薪延攬數位自海外具有國際研發之外籍白領人才加入研發團隊；109年因疫情不斷升溫下，國際專業人才幾經考量下，不得不返回母國，故平均薪資減少
2020,6462,半導體業,348,511422,1470,1202.0,9.14,1141,5.91,,,,
2020,6464,其他,38,21443,564,493.0,8.54,830,3.65,,True,,本公司營運績效及獲利表現佳，為持續推動兼具合理激勵及市場競爭性的薪酬，本年度非擔任主管職務之全時員工(年度)薪資平均數，較前一年度成長，未來將持續增進員工福利，以謀求企業永續經營促進勞資雙贏。
2020,6465,通信網路業,68,50957,749,689.0,-2.96,747,1.48,,,,
2020,6469,生技醫療業,1039,519032,500,443.0,3.73,688,1.19,,True,,本公司屬零售通路業，門市人員占多數，且同質工作選擇性較多致流動率高，較難以平均薪資評論，本公司對於正職員工都有進階考核、升遷，每年調薪2%~5%，亦投入大量培訓成本，致力提供具成長性且福利健全之工作環境。
2020,6470,通信網路業,232,198041,854,604.0,4.8,747,1.48,,,,"員工人數扣除直接員工76人後，非擔任主管職務全時員工薪資之「薪資平均數」為1,080仟元。"
2020,6472,生技醫療業,154,97997,636,462.0,10.76,688,1.19,,True,,本公司109年度達成短期海外併購的目標，雖營業利益較去年減少，但因認列一次性廉價購買利益，故整體EPS較去年增加。本公司將持續以經營績效、風險、員工個人表現及薪資市場價值設定合理關聯性，適度調整薪資及報酬。
2020,6477,光電業,242,119600,494,472.0,2.65,886,1.02,True,True,,比對109及108年年均薪資，薪資調幅達7%，薪資已逐步調整，未來將依實際營運狀況搭配整體調薪計劃，又因本公司員工平均年資較淺約4.47年，故對年均薪資計算影響大。
2020,6482,文化創意業,61,29950,491,440.0,-3.39,922,4.69,True,,,本公司為台中唯一上櫃的文創業，同業大部份均位於北部，北部與中部薪資水準有一定的落差，再加上本公司109年虧損，依章程、獎金制度無法發放獎金，但體恤員工辛勞仍有進行員工調薪並發放年終獎金。
2020,6485,半導體業,222,214920,968,771.0,0.82,1141,5.91,,,,
2020,6486,通信網路業,337,339395,1007,752.0,6.33,747,1.48,,,,
2020,6488,半導體業,1453,1603465,1104,1068.0,30.11,1141,5.91,,True,,本公司因組織重整，109年2月與子公司中德電子材料(股)公司合併，中德直接人工比例較高，致員工薪資平均數較108年低，且EPS獲利表現不如108年，故109年總體薪資亦較108年低
2020,6491,生技醫療業,1275,875111,686,595.0,10.22,725,2.52,,True,,109年度直接人員佔比為63.5%，其中四成為外籍勞工（108年度直接人員佔比為63.8%，其中四成五為外籍勞工），與同業相比，晶碩屬於製造的直接人力相對較高，故造成非擔任主管職務之全時員工薪資平均數低於同業水準。
2020,6492,生技醫療業,21,22817,1087,1002.0,-4.49,688,1.19,,,True,"本年度與前年度申報員工均為24人,本年度薪資平均數衰退1.41%,以非經常性薪資減少11%最多;主因為離職員工較前年度多2人,年獎總額減少所致.惟薪資中位數成長1.5%,故無薪資平均數衰退之實."
2020,6494,半導體業,107,140811,1316,1177.0,3.94,1141,5.91,,,,
2020,6496,生技醫療業,98,97037,990,796.0,0.76,688,1.19,,,,
2020,6499,生技醫療業,38,38067,1002,920.0,-2.91,688,1.19,,,,
2020,6504,其他,390,240126,616,547.0,20.02,830,3.65,,True,True,109年度增加新產品口罩所需，新增許多基層新進作業員工，相對原產線員工，人數較多，故員工平均薪資較108年度略低，惟109年度員工薪資-中位數較108年度提高。
2020,6505,油電燃氣業,5190,6784195,1307,1205.0,0.78,1117,0.99,,,,
2020,6506,紡織纖維,346,195701,566,495.0,0.71,578,0.92,,,,
2020,6508,農業科技,132,75356,571,474.0,2.22,656,3.2,,,,
2020,6509,化學工業,382,299149,783,711.0,1.63,686,0.98,,,,
2020,6510,半導體業,928,939538,1012,917.0,28.48,1141,5.91,,True,,1.隨公司成長，新進員工較多，年資未滿一年者，約占一成。2.因公司設有工廠，隨產能需求增加，外籍藍領員工亦隨之增加。3.將持續優化員工薪酬制度，提撥20~30％的盈餘，發放員工酬勞與獎金。
2020,6512,其他電子業,53,34911,659,526.0,-0.73,768,2.62,,,,
2020,6515,半導體業,556,518294,932,802.0,17.42,1416,10.22,,True,,109年已進行全公司調薪，平均調幅5.11%。將持續提升員工薪酬福利，優化薪酬競爭力。
2020,6516,資訊服務業,135,103178,764,737.0,0.14,873,2.59,,,,
2020,6523,生技醫療業,98,66033,674,635.0,14.68,688,1.19,,True,,"本年度EPS中含一次性處分利益約579,885仟元(稅前)，營業項目為保養品批發及零售，3~4成員工為門市銷售人員，薪資結構與其他生技醫療業有所差異，本年度非擔任主管員工薪資平均數與前一年度持平。"
2020,6527,生技醫療業,84,60981,726,591.0,2.34,688,1.19,,,,
2020,6530,通信網路業,78,39963,512,411.0,0.76,747,1.48,,,,
2020,6531,半導體業,77,122381,1589,1254.0,11.0,1416,10.22,,,,本公司員工薪資結構除固定薪資外，尚包含績效獎金及員工酬勞，整體獎酬機制除與個人績效相關外，尚與公司營運績效相連結。本公司109年在全體員工努力下，整體營運績效較去年度提升，是以員工平均薪資較上年度增加。
2020,6532,半導體業,123,77433,630,572.0,3.06,1141,5.91,,,,
2020,6533,半導體業,174,267763,1539,1391.0,0.82,1416,10.22,,,,
2020,6535,生技醫療業,31,36505,1178,1100.0,-2.67,688,1.19,,,,
2020,6538,電子零組件業,219,148470,678,564.0,11.52,671,1.67,,,,
2020,6542,文化創意業,13,10487,807,699.0,1.2,922,4.69,,,,
2020,6547,生技醫療業,94,84954,904,770.0,-3.61,688,1.19,,,,
2020,6548,半導體業,159,90382,568,503.0,2.19,1141,5.91,,,,
2020,6552,半導體業,680,340106,500,447.0,1.57,1416,10.22,,,,
2020,6556,光電業,361,221137,613,515.0,2.23,768,1.1,,True,,業務型態為ODM/OEM之安控產品製造，2020年因應公司訂單接單方式改變，調高直接生產之基層人力比例，調整後之直接人員人力配置佔比為51.3%，直接人力薪資佔比為34.8%，因此影響非擔任主管職務之全時員工平均薪資。
2020,6558,其他電子業,56,46234,826,796.0,0.72,1172,6.54,,,,
2020,6560,光電業,48,51474,1072,948.0,6.22,768,1.1,,,,
2020,6561,通信網路業,137,229858,1678,1552.0,8.67,747,1.48,,,,
2020,6568,半導體業,67,113998,1701,1506.0,7.43,1141,5.91,,,,
2020,6569,生技醫療業,98,91899,938,866.0,6.07,688,1.19,,,,
2020,6570,電腦及週邊設備業,99,62920,636,561.0,1.14,779,3.59,,,,
2020,6574,生技醫療業,427,281906,660,548.0,1.91,688,1.19,,True,,本公司主要營運為美容保養品銷售，由於第一線服務人員佔比高，且因需求人數多，進而聘用新進人員，故降低整體平均薪資。
2020,6576,生技醫療業,24,26317,1097,1044.0,-5.04,688,1.19,,,True,員工薪資包含績效獎金；年度績效獎金係於次年第一季發放。 本公司109年EPS較108年成長，較高額之績效獎金已於110年第一季發放。經考量績效年度與發放績效獎金之時間差後，本公司績效與員工薪資係具正相關。
2020,6577,電腦及週邊設備業,162,127804,789,738.0,5.31,779,3.59,,,,本公司員工薪酬除依公司章程規定提列外，估列之基礎係依據公司當年度之獲利情形(稅前淨利)、職務、專業能力、貢獻度及每年考核之績效等做為調薪及獎酬之依據。
2020,6578,農業科技,40,20576,514,485.0,0.24,656,3.2,,,,
2020,6579,電腦及週邊設備業,459,411136,896,801.0,3.58,1209,4.57,,,,本公司員工薪資含月薪資、獎金及員工酬勞。員工酬勞以公司獲利提撥為基礎，依公司章程-年度獲利應提撥不低於5%為員工酬勞。本公司109年擬提撥8.44%，提撥率在相關產業係為正常水準。
2020,6581,其他,75,58507,780,786.0,3.66,830,3.65,,True,,本公司獎金發放金額與當年度EPS呈正相關，109年EPS較去年增加2%，員工薪資平均數較去年成長3%，109年員工薪酬與公司經營績效相關性合理。本公司係較接近「廢棄物處理業」，因此同業公司應縮小至該業別業才屬合理。
2020,6582,橡膠工業,174,209239,1203,1046.0,16.85,691,1.85,,,,
2020,6588,通信網路業,107,69077,646,590.0,2.23,747,1.48,,True,,本公司屬上游產業，營收較中下游同業低，109年度薪資佔營收比率達27%，鍍膜同業則為25%，且通訊產業人才組合明顯差異，故本公司薪酬情形尚屬合理。本公司每年皆視營運成長狀況調整薪酬，與員工共享盈餘之成果。
2020,6589,生技醫療業,194,171299,883,758.0,-5.41,688,1.19,,,,
2020,6590,資訊服務業,121,111371,920,840.0,4.09,873,2.59,,,,
2020,6592,其他,886,906415,1023,798.0,5.01,830,3.65,,,,
2020,6593,資訊服務業,217,124542,574,475.0,-0.23,873,2.59,,,,
2020,6594,半導體業,59,74400,1261,1154.0,1.69,1141,5.91,,,,
2020,6596,文化創意業,35,25073,716,456.0,3.01,922,4.69,,,,
2020,6603,電機機械,280,162217,579,503.0,0.08,615,1.34,,,,
2020,6605,汽車工業,2992,1502611,502,459.0,3.56,737,5.38,,,,
2020,6609,電機機械,303,168759,557,498.0,0.27,615,1.34,,,,
2020,6612,生技醫療業,61,34798,570,434.0,1.55,688,1.19,,True,,目前本公司的獲利來自營業外收入-認列採權益公司之利益占比仍重，本公司個體本業獲利仍有努力空間；本公司重視與公司一起努力的全體員工，109年度調薪幅度達3%~5%，儘管疫情影響，110年度薪資亦有作出1%~5%的調幅。
2020,6613,其他電子業,132,161334,1222,1062.0,12.01,768,2.62,,,,
2020,6615,生技醫療業,135,80994,600,557.0,1.63,688,1.19,,True,,員工年資平均三年，技術操作員工佔38%，薪資固定鮮少加班，新進員工佔比約30%，新進薪酬雖不低但年資效果無法顯現。本公司秉著重於人才培訓且創造友善職場等無形資源投資，較無法呈現於實質薪資金額。
2020,6624,其他,49,31821,649,634.0,-0.86,637,2.06,,,,
2020,6625,其他,265,157313,594,511.0,-3.3,830,3.65,,,,
2020,6640,半導體業,141,126750,899,837.0,1.57,1141,5.91,,,,
2020,6642,電子零組件業,135,77084,571,461.0,2.57,671,1.67,,True,,本公司產品皆在台灣生產，無海外生產基地。故生產線人員比重佔全公司人員比重超過六成，在年薪呈現上，會較同業在台灣是以管理及研發為主的公司低，此因人力結構上的差異造成平均薪資上的落差。
2020,6643,半導體業,152,294954,1940,1663.0,10.34,1141,5.91,,,,
2020,6649,生技醫療業,26,18965,729,669.0,-1.68,688,1.19,,,True,109年度營業費用減縮支出，且獲得政府補助款而造成EPS成長。薪資平均數衰退，係因本公司於108年度發放員工認股權，而109年度並無發放與執行員工認股權所致，扣除上述差異因素，本公司非經理人全時員工薪資實為成長。
2020,6651,半導體業,85,83943,988,772.0,4.17,1141,5.91,,,,
2020,6654,其他電子業,88,48487,551,492.0,1.98,768,2.62,,,,
2020,6655,其他,423,300628,711,597.0,4.09,830,3.65,,True,,"其他行業組成多元，行業特性差異大，本公司109年非擔任主管職務之員工平均月薪約59千元，較主計處公布109年全體受僱人員每月平均薪資54,320元高，且較上年度增加18%。"
2020,6661,生技醫療業,54,39349,729,610.0,1.44,688,1.19,,,,
2020,6662,生技醫療業,69,50874,737,629.0,2.45,688,1.19,,,,
2020,6664,電子零組件業,208,181276,872,837.0,5.65,671,1.67,,,,
2020,6667,其他電子業,261,210709,807,732.0,2.04,768,2.62,,,,
2020,6668,光電業,381,270338,710,648.0,1.85,886,1.02,,True,,"本公司除提供薪資、獎金、員工酬勞外，亦發行各項獎酬，惟各項獎酬工具並未列入本項統計。本公司持續增聘人力, 其中製造人力占比較高, 並有定期調漲員工薪資的機制，因此109年平均薪資相較前一年度亦有成長。"
2020,6669,電腦及週邊設備業,1359,1577715,1161,881.0,49.25,1209,4.57,,True,True,本公司109年營運規模持續擴增，年度員工人數較108年增加，又因製造單位基層員工人數占全體員工比重增加，以致整體平均薪資下降。
2020,6670,其他,742,572452,771,649.0,8.62,830,3.65,,True,,本司為工業局核定等級A+級之3K(辛苦、骯髒、危險)產業，因人口老化、少子化及就業選擇無法滿足用工人數情況下，目前聘用約30%外籍勞工大幅拉低薪資平均。對比同業非屬3K產業，失去此比較之參考意義。
2020,6674,通信網路業,121,113821,941,851.0,0.7,1125,2.22,,,,
2020,6679,半導體業,38,37711,992,928.0,7.57,1141,5.91,,True,,1.公司致力於提供具競爭力之薪資福利以吸引及留任優秀人才，109年非擔任主管職務之全時員工薪資較108年增加約14%。2.新進員工年齡資歷較淺，影響年度薪資平均數計算。3.本公司已於110年度3月大幅調薪平均約10%。
2020,6680,電腦及週邊設備業,38,30567,804,767.0,2.16,779,3.59,,,,
2020,6683,半導體業,222,204300,920,780.0,12.34,1141,5.91,,True,,本公司員工中後段組裝廠線直接人工比率較高，加上直接人力結構上雇用較多外籍勞工擔任所致。
2020,6690,資訊服務業,193,210248,1089,933.0,4.93,873,2.59,,,,
2020,6697,資訊服務業,165,137119,831,723.0,2.41,873,2.59,,,,
2020,6698,其他電子業,162,84177,520,478.0,0.07,1172,6.54,,,,
2020,6703,生技醫療業,79,53635,679,604.0,6.58,688,1.19,,True,,本公司係參考104職務薪酬報告及新進/應徵人員徵信調查表評估員工之薪資結構，係依照每年KPI調整，並提供員工認股等福利，以避免低於同業水準。
2020,6706,光電業,332,276721,833,664.0,5.12,886,1.02,,True,,1.人力結構分佈直接員工及工讀生佔總人數33%，故拉低總平均薪資。2.當年度在職月數未達12個月者，佔本次申報大約1成，故影響總平均薪資。排除上述原因，薪資平均數仍維持在平均水準上。
2020,6712,生技醫療業,81,52375,647,512.0,-1.91,688,1.19,,,,
2020,6715,電子零組件業,56,56145,1003,894.0,4.77,851,5.12,,,True,因本公司109年於台灣設立產線，招募新進員工及產線技術員，加權平均員工人數成長30%，員工結構有所改變，109年薪資平均數較108年微幅下降0.6%，平均薪資微幅差異。
2020,6716,半導體業,45,76048,1690,1457.0,5.41,1141,5.91,,,,
2020,6727,電子零組件業,99,79096,799,722.0,4.02,671,1.67,,,,
2020,6728,貿易百貨,188,130286,693,612.0,5.22,624,5.66,,,,
2020,6732,半導體業,132,310807,2355,2132.0,28.81,1141,5.91,,,,
2020,6743,其他電子業,75,82286,1097,960.0,4.4,1172,6.54,,,,
2020,6747,生技醫療業,126,98188,779,624.0,5.68,688,1.19,,,,
2020,6751,資訊服務業,48,40191,837,749.0,2.76,873,2.59,,True,,本公司為資訊系統整合公司，多數為硬體工程師，平均薪資水準較資訊軟體開發或資安服務公司為低。另因本年度到職未滿一年之員工人數佔總人數約26%，致使薪資平均略低於資訊服務業平均。
2020,6752,資訊服務業,508,491802,968,830.0,4.88,873,2.59,,,,
2020,6754,其他,225,213028,947,823.0,3.43,830,3.65,,,,
2020,6756,半導體業,163,286359,1757,1501.0,5.29,1416,10.22,,,,依公司章程規定年度如有獲利，應提撥不低於5%為員工酬勞，將公司經營績效與員工獎酬連結，藉以激勵員工與企業共同成長。
2020,6762,生技醫療業,84,67787,807,706.0,10.67,688,1.19,,,,
2020,6767,生技醫療業,35,20688,591,484.0,-0.51,688,1.19,,,,
2020,6776,電子通路業,253,248199,981,879.0,2.63,981,4.13,,,,
2020,6803,其他,760,738509,972,855.0,12.53,637,2.06,,,,
2020,7402,光電業,52,42858,824,709.0,1.05,768,1.1,,,,
2020,7556,半導體業,21,15840,754,683.0,3.96,1141,5.91,,,,
2020,8011,通信網路業,218,120850,554,526.0,-0.19,1125,2.22,,,True,主要係因公司內部結構異動致平均員工年資下降，故全時員工薪資平均數較前一年度略有減少，惟薪資中位數較前一年度係持續上升，顯示全體員工薪酬並未有下降之情況。
2020,8016,半導體業,375,732607,1954,1831.0,11.53,1416,10.22,,,,
2020,8021,其他電子業,296,203172,686,600.0,1.98,1172,6.54,,,,
2020,8024,半導體業,94,82613,879,821.0,-0.84,1141,5.91,,,,
2020,8027,電機機械,220,162572,739,665.0,2.0,615,1.34,,,,
2020,8028,半導體業,771,571057,741,714.0,1.02,1416,10.22,,,,
2020,8032,電子通路業,103,107761,1046,1007.0,1.26,696,0.36,,,,
2020,8033,其他,17,9580,564,576.0,0.03,830,3.65,,,True,"本公司109年度受到新冠疫情影響，實際營運虧損嚴重，惟當年度本集團公司及美國子公司分別接獲台灣及美國政府疫情紓困補助金累計達3,014萬；109年度淨利300萬扣除補助金額3,014萬後，實際EPS仍為虧損。敬請鑒察!"
2020,8034,通信網路業,74,58823,795,689.0,0.19,747,1.48,,,,
2020,8038,電子零組件業,44,26422,601,439.0,-1.0,671,1.67,,,,
2020,8039,電子零組件業,700,553947,791,713.0,3.7,851,5.12,,,,
2020,8040,半導體業,117,161493,1380,1290.0,-1.71,1141,5.91,,,,
2020,8042,電子零組件業,55,36766,668,525.0,0.09,671,1.67,,,,
2020,8043,電子零組件業,91,60951,670,583.0,0.37,671,1.67,,,,
2020,8044,電子商務,1673,1182553,707,502.0,2.16,720,3.84,,,,
2020,8046,電子零組件業,5745,5868240,1021,990.0,5.67,851,5.12,,,,
2020,8047,其他電子業,126,90579,719,628.0,0.27,768,2.62,,,True,"本年度非經理人之全時員工薪資平均數較前一年度減少,主因績效獎金減少所致"
2020,8048,通信網路業,108,82796,767,673.0,2.69,747,1.48,,,,
2020,8049,光電業,145,101343,699,536.0,2.06,768,1.1,,True,,"本司為光電業,其歸類實屬廣泛,且每家生產型態不同,部份公司在台並無生產作業人員,因此平均薪資較高,故比較基礎殊不一致。本公司之員工分紅制度,係按稅前淨利5~12%提撥,故而公司經營績效好,員工薪酬自然增加。"
2020,8050,電腦及週邊設備業,460,290883,632,529.0,0.74,779,3.59,,,,
2020,8054,半導體業,72,83341,1158,1037.0,-0.6,1141,5.91,,,,
2020,8059,通信網路業,93,69743,750,520.0,-0.04,747,1.48,,,,
2020,8064,光電業,530,423836,800,760.0,0.22,768,1.1,,,,
2020,8066,貿易百貨,16,12253,766,673.0,2.43,624,5.66,,,,
2020,8067,電子通路業,41,18313,447,375.0,-1.13,696,0.36,True,,,"1.本公司109年美妝專櫃人員有13位, 而使年度平均新資數較低2.109年未提列員工紅利報酬."
2020,8068,電子通路業,25,19321,773,738.0,-0.36,696,0.36,,,,
2020,8069,光電業,829,971975,1172,1014.0,3.18,768,1.1,,,,
2020,8070,電子通路業,66,92655,1404,992.0,1.56,981,4.13,,,,
2020,8071,電子零組件業,11,5929,539,518.0,0.28,671,1.67,,,,
2020,8072,電子通路業,12,7043,587,513.0,-0.15,981,4.13,,,True,109年度本公司大部份中高薪結構之研發人員分割至100%持股之子公司，陞泰科技人員眾數為總管理處後勤人員，人員薪資結構之年度差異致109年度非經理人之全時員工薪資平均數較前一年度減少。
2020,8074,電子零組件業,233,131115,563,519.0,0.91,671,1.67,,,,
2020,8076,電腦及週邊設備業,227,159674,703,634.0,-0.26,779,3.59,,,,
2020,8077,觀光事業,272,107867,397,368.0,-7.82,498,-1.01,True,,,109年度受新冠肺炎疫情影響，全台北住宿率嚴重下滑，直接影響房務人員每月的房務津貼，且本公司於109/4.109/5月實施休息減班及充電再出發計畫，高於基本工資的部份由勞動部支付，故影響薪資平均數。
2020,8080,電子零組件業,5,2380,476,475.0,-0.82,671,1.67,True,,,本公司評估近年經營績效及未來風險等因素，致員工薪資平均數未達50萬元。本公司員工薪酬係依同業水準制定，並考量擔任職責、投入時間給予合理報酬；及依公司當期獲利情形，在不超過公司章程所訂範圍內發放員工酬勞。
2020,8081,半導體業,329,642699,1953,1817.0,12.24,1416,10.22,,,,
2020,8083,電機機械,141,140844,999,934.0,11.1,615,1.34,,,,
2020,8084,電子通路業,14,9754,697,645.0,-2.55,696,0.36,,,,
2020,8085,其他電子業,346,193161,558,492.0,-0.47,768,2.62,,,,
2020,8086,半導體業,603,445335,739,668.0,3.75,1141,5.91,,,,
2020,8087,光電業,27,9586,355,336.0,-0.2,768,1.1,True,,,本公司109年度營業收入淨額較108年度衰退23.61%，109年度淨損亦較上期增加，產業景氣不佳，多為基層員工，故平均薪資尚屬合理。
2020,8088,半導體業,604,295865,490,355.0,1.96,1141,5.91,True,,,"本公司因產業及公司經營型態,主要以工廠運作為主,因此非擔任主管職務之全時員工主要幾乎都為工廠生產線之作業員,故薪資水準較低實為常態"
2020,8089,通信網路業,136,152573,1122,1056.0,3.96,747,1.48,,,,
2020,8091,電子零組件業,305,238021,780,695.0,4.0,671,1.67,,,,
2020,8092,其他電子業,187,89701,480,437.0,-0.49,768,2.62,True,,True,主係1.受疫情影響  訂單減少  整體營收及接單狀況下滑  員工加班情況較前一年度減少  致加班費支出大幅減少2.受疫情影響  工作減少  協調員工將特休假休完所致  故未休假獎金支付數減少
2020,8093,電子零組件業,60,43342,722,651.0,0.31,671,1.67,,,,
2020,8096,電子通路業,38,42058,1107,988.0,0.71,696,0.36,,,True,108年度本公司有設立一單位，主要人員屬平均薪資較高之研發工程師，人數約佔15%，然109年度已無該部門，故本年度非經理人全時員工平均薪資下降。109年之經營績效已反應在員工的獎金上，較前一年增加約60%。
2020,8097,通信網路業,16,9926,620,484.0,-0.37,747,1.48,,,,
2020,8099,資訊服務業,484,351523,726,629.0,1.64,873,2.59,,,,
2020,8101,通信網路業,461,319234,692,517.0,-3.06,1125,2.22,,,,
2020,8103,電子零組件業,162,134573,831,720.0,2.7,851,5.12,,,,
2020,8104,光電業,196,140898,719,626.0,3.06,886,1.02,,True,,因同業股本及營收皆高出本公司數十倍，故同業間每股盈餘有所差異所致，且本公司109年度平均薪資仍較上一年度增加。
2020,8105,光電業,1373,1007280,734,656.0,-2.47,886,1.02,,,,
2020,8107,電機機械,129,82945,643,482.0,0.06,615,1.34,,,,
2020,8109,電子零組件業,244,156253,640,567.0,4.41,671,1.67,,True,,本公司較同業為低，係因本公司組織扁平且生產作業人員多。扣掉經理人後，較高薪之非經理人主管人數少且職務均僅止於副理層級；若以副課長層級以上主管其佔比不到10%，因此相對薪資平均數低於同業水準係屬合理。
2020,8110,半導體業,1840,956680,520,455.0,0.51,1416,10.22,,,,
2020,8111,光電業,180,123106,684,628.0,1.23,768,1.1,,True,,設廠台灣，生產製造員工佔比近5成，流動性較大，且有1成為外籍員工，因人力結構上的差異造成平均薪資上的落差，且為反映109年的經營績效，110年均已調薪。
2020,8112,電子通路業,146,169751,1163,1014.0,4.22,981,4.13,,,True,本公司109年度因部分員工晉升至主管職務，且因應營運規模擴大，聘請增加業務同仁，新進員工人數增加致非主管職務之全時員工平均薪資略有減少，排除晉升主管職及新進同仁後，原區間之同仁平均薪資仍為成長。
2020,8114,電腦及週邊設備業,313,191737,613,498.0,1.65,1209,4.57,,,,
2020,8121,電子零組件業,115,94437,821,749.0,0.18,671,1.67,,,,
2020,8131,半導體業,2413,1279631,530,516.0,3.17,1416,10.22,,,,
2020,8147,電子零組件業,83,52802,636,564.0,0.42,671,1.67,,,,
2020,8150,半導體業,5364,4899538,913,845.0,3.26,1416,10.22,,,,
2020,8155,電子零組件業,685,452452,661,569.0,10.69,671,1.67,,True,,本公司屬傳統勞力密集產業，主要生產僅在台灣；109年因增補較多基層員工，生產線人力佔總人力的75%，其中外籍移工又佔總人力的26%，故明顯拉低整體平均薪資，以致非主管全時員工薪資平均數低於同業水準。
2020,8163,電腦及週邊設備業,810,905994,1119,947.0,3.23,1209,4.57,,,,
2020,8171,通信網路業,42,19713,469,370.0,-1.37,747,1.48,True,,,本公司非經理人中有35%為生產人員，且本年度較去年同期新增12位，故非經理人之全時員工(年度)薪資平均數未達50萬元。若排除生產人員之員工薪資平均數為554(仟元/人)。
2020,8176,通信網路業,57,49801,874,853.0,-1.27,747,1.48,,,,
2020,8182,電子零組件業,343,193684,565,477.0,2.08,671,1.67,,True,,因本公司產業特性的因素，基層作業人員比重較高，致非主管職務之全時員工薪資平均數較低。
2020,8183,其他電子業,188,108355,576,492.0,1.73,768,2.62,,,,
2020,8201,其他電子業,112,93069,831,799.0,-0.76,1172,6.54,,,True,109年較108年非擔任主管職務之全時員工薪資減少，主要係較資深年資久之人員退休，新進人員較多所致 。
2020,8210,電腦及週邊設備業,179,233060,1302,1058.0,8.16,1209,4.57,,,True,2020年EPS較2019年成長，主因公司處分不動產，產生處分利益影響，扣除前述不動產利益，2020年EPS是低於2019年的。
2020,8213,電子零組件業,360,563270,1565,1290.0,7.28,851,5.12,,,,
2020,8215,光電業,1379,1282488,930,728.0,1.23,886,1.02,,,,
2020,8222,電機機械,228,105152,461,437.0,-0.58,732,1.56,True,,,"109年度本公司受疫情影響,營收大幅下滑(下滑48.51%),以致公司淨損近四千萬。1.員工加班需求大幅降低,加班費減少2.公司虧損,按照公司章程規定,員工酬勞為03.公司虧損,年終獎金只發基本一個月本薪,年終獎金減少"
2020,8234,電腦及週邊設備業,873,608818,697,612.0,1.06,779,3.59,,,,
2020,8240,光電業,608,406699,669,468.0,2.21,768,1.1,,True,,"本公司EPS雖高於同業，惟其主要獲利來源為境外轉投資收益，加上台灣製造工廠之所在地位於台南官田與高雄燕巢,致員工薪資平均數較低於同業。"
2020,8249,電子零組件業,67,87604,1308,1104.0,1.5,851,5.12,,,True,"本公司員工薪資含固定薪資,員工酬勞及獎金,員工酬勞及獎金係依據前年度獲利表現。108年獲利較107年減少11.7%,影響109年員工酬勞及獎金,109年與108年比較,平均獎金酬勞減少約30%,故年度薪資平均數較前一年度減少。"
2020,8255,電機機械,611,399051,653,537.0,3.1,615,1.34,,,,
2020,8261,半導體業,108,121911,1129,948.0,2.44,1416,10.22,,,,
2020,8271,半導體業,476,413761,869,729.0,2.88,1416,10.22,,,,
2020,8277,半導體業,55,36988,673,537.0,-0.69,1141,5.91,,,True,本公司109年度非經理人之全時員工薪資平均數(新台幣)673仟元，較108年度之675仟元微幅減少2仟元，主要係因109年度之全時員工人數較108年度減少5人所致，尚無重大差異之情事。
2020,8279,生技醫療業,326,197001,604,524.0,7.95,688,1.19,,True,True,1. 109 年度本公司整體調薪3%，但營業績效之達成狀況不如預期，致公司員工績效獎金減少。2. 現場人力擴編，員工平均年資偏低。3. 因現場直接人力較無技術性門檻、工作替代性高，人員流動率高。
2020,8284,資訊服務業,274,237963,868,783.0,2.75,873,2.59,,True,,本公司109年度EPS雖較同業為高，但109年新進人員較108年成長28.75％，由於新進人員薪資結構較資深同仁略低，故拉低平均薪資較同業略低，惟本公司109年平均薪資亦較108年略為成長。
2020,8289,電子零組件業,197,109456,556,474.0,0.06,671,1.67,,,,
2020,8291,電子零組件業,96,46543,485,458.0,-1.44,671,1.67,True,,,茲因本公司109年度受到新型冠狀肺炎(Covid-19)影響，營業額較108年度衰退45.02%，生產稼動率較前一年度整體下降，造成加班時數減少，導致非經理人之全時員工薪資平均數未達50萬元。
2020,8299,半導體業,1921,5511602,2869,2332.0,44.14,1141,5.91,,,,
2020,8341,其他,331,312055,943,681.0,8.91,830,3.65,,,,
2020,8342,其他,244,141970,582,468.0,5.63,637,2.06,,True,,"1.109年度獲利表現較佳之主因為處分待出售非流動資產認列利益89,546仟元2.整體員工薪資與獎金金額係以本業經營獲利為評核基礎"
2020,8349,鋼鐵工業,475,279634,589,529.0,2.52,672,0.59,,True,,本公司產業屬性為汽車之零組件業，與鋼鐵業不同；109年受新冠肺炎疫情影響，母公司營運下滑，主要獲利貢獻來自海外子公司；員工薪資比照同業水準，訂於合理範圍內，且109年較108年的薪資仍有微幅增加。
2020,8354,其他,199,101784,511,475.0,0.48,637,2.06,,,,
2020,8358,電子零組件業,296,216706,732,705.0,2.14,671,1.67,,,,
2020,8367,航運業,410,281101,686,661.0,2.73,1095,1.69,,True,,本公司營運係以航運業之相關物流服務為主軸，平均薪酬水準位於同業市場行情，因經營模式、市場規模及行業屬性的不同，薪酬行情本不應與航空、海運相比較。公司另提供定期調薪、股票獎酬以護同仁對企業之凝聚力。
2020,8374,電機機械,101,82852,820,724.0,0.78,732,1.56,,,,
2020,8383,其他電子業,742,444653,599,534.0,2.74,768,2.62,,True,,1.本公司在台灣持續深耕，製造產線均設置在台灣並持續擴廠增加產能，製程為金屬加工與零件組裝，生產線需要大量基礎人員，故直接人員佔比58%、外籍勞工佔12%。2.年度人員流動新進率佔28.8%，間接影響薪資水平。
2020,8390,其他,122,95705,784,721.0,2.48,637,2.06,,,,
2020,8401,其他,443,268690,607,568.0,0.75,637,2.06,,,,
2020,8403,生技醫療業,111,85037,766,664.0,2.29,688,1.19,,,,
2020,8409,生技醫療業,100,66388,664,602.0,-1.08,688,1.19,,,,
2020,8410,電腦及週邊設備業,215,150222,699,667.0,4.55,779,3.59,,True,,"本公司位處南部,且因基層人力短缺,部分作業聘用外籍移工,因此平均薪資較同業略低。109年營收成長二成,EPS亦成長,除全面調薪外,亦加發獎金及酬勞,因此平均薪資成長10%,與同業平均原有近二成差距也縮減為一成。"
2020,8415,鋼鐵工業,57,37500,658,578.0,0.92,672,0.59,,True,True,109年度受新冠肺炎疫情衝擊，接單量衰退，合併營收減少22%，惟此同時營業費用因倉庫聘用人力減少，以及出差參展費大幅減少，致稅後淨利較去年增加；在考量疫情尚未穩定下，是以109年度獎金發放較保守。
2020,8416,資訊服務業,207,181305,876,753.0,9.95,873,2.59,,,True,"主係109年新進人員共計98人, 較前一年度薪資統計分析人數成長24人, 成長率為13.11%, 新進人員多屬基層員工, 故「薪資平均數」及「薪資中位數」皆屬合理之小幅下降。"
2020,8420,其他,473,249566,528,503.0,1.48,637,2.06,,,,
2020,8421,其他,280,158443,566,480.0,-1.87,637,2.06,,,,
2020,8422,其他,73,54675,749,586.0,10.81,830,3.65,,True,,1.其他行業別組成複雜，彼此間行業特性  差異大，綜合比較易失真。2.因應未來營運成長及持續強化競爭力，  110年度已全面調整薪資。
2020,8424,建材營造,143,94937,664,623.0,4.06,879,1.27,,True,,本公司係矽酸鈣板製造業，屬建材下游產業，加工技術層次較低且所需學歷普遍較低之下，薪資可能較低。惟公司獲利主要緣於產業之供需及有效良善管理。近年公司依舊維持在2~3%之穩定調薪，提供良善之薪資環境。
2020,8431,其他電子業,16,10087,630,537.0,2.4,768,2.62,,,True,本公司109年EPS較前一年度成長之因係為各子公司控管費用及成本。經檢視，前幾個年度公司本業經經營成果仍為虧損，故獎金福利較為保守，但整體薪酬仍具競爭力。
2020,8432,生技醫療業,66,73715,1117,948.0,1.6,688,1.19,,,,
2020,8433,貿易百貨,23,13303,578,501.0,3.35,624,5.66,,,,
2020,8435,其他,75,90020,1200,1179.0,3.54,637,2.06,,,True,本公司１０９年度總體經營績效獲利些微增加，ＥＰＳ較前一年度成長，惟未達預期的成長目標，故非經理人之全時員工平均薪資較前一年有小幅差距。
2020,8436,生技醫療業,642,659702,1028,923.0,15.69,688,1.19,,,,
2020,8440,其他,108,62494,579,512.0,0.6,637,2.06,,,,
2020,8443,貿易百貨,541,287263,531,487.0,-2.81,826,3.5,,,,
2020,8446,文化創意業,76,56698,746,699.0,9.55,922,4.69,,True,,本公司為流行音樂公司，同類股包含線上遊戲、文創百貨、教育平台等，不易比較。本公司衡量員工表現與公司獲利關係，並觀察市場薪資變化，適時調整。109年獲利減少，員工酬勞及獎金減少，故平均薪資未能提升。
2020,8450,文化創意業,359,152085,424,388.0,-2.89,922,4.69,True,,,(1)我司人力結構中，半數以上屬傳統技藝、勞力密集作業人員，併採行師徒技術傳承，尚處學習階段者眾，流動更換頻繁，對薪資平均數影響甚鉅。(2)其餘人員之薪資結構貼近市場水準。
2020,8454,貿易百貨,2192,1768031,807,690.0,13.87,826,3.5,,True,,109年度因持續辦理擴大招募，故任職滿6個月未滿12個月(未全年度在職)人數佔13%，此部份員工未領滿全年度薪資，故影響我司平均年薪低於同業水準。
2020,8462,觀光事業,1511,1055641,699,601.0,5.67,554,0.47,,,,
2020,8463,其他,298,183801,617,548.0,0.87,830,3.65,,,,
2020,8464,其他,219,276346,1262,1030.0,16.36,830,3.65,,,True,非擔任主管職務之員工薪資平均數仍高於同業，茲將本年度減少原因分析如下：1.109年晉升四位經理人，故非擔任主管職務之全時員工薪資總額較108年減少。2.109年新進員工較108年增加，相對造成平均薪資略為減少。
2020,8472,電子商務,149,121616,816,678.0,2.61,720,3.84,,,True,EPS雖較前一年增加但非擔任主管全時平均薪資減少主係為109年度資深員工離職，新進員工薪資較低所致。
2020,8473,其他,547,282700,517,449.0,1.15,830,3.65,,,,
2020,8476,其他,89,49675,558,506.0,-1.06,637,2.06,,,True,本公司EPS雖較前一年成長，但仍屬虧損階段，且員工薪資平均數與前一年度差異不大，薪資水準與公司營運績效連結尚屬合理。
2020,8477,電子商務,159,100643,633,498.0,0.49,720,3.84,,,,
2020,8478,其他,498,359023,721,664.0,1.04,830,3.65,,,True,薪酬分為固定與變動，以求充份反映個人與團隊績效。基於不同獎酬目的，提供多元薪資組合，如績效獎金、員工酬勞等。當經營績效佳，亦會反映於員工整體薪酬中，如公司年度有獲利，將提撥不低於1%為員工酬勞。
2020,8481,其他,240,253798,1057,977.0,12.51,830,3.65,,,,
2020,8489,其他,105,46499,443,414.0,0.76,637,2.06,True,,,"因公司數位平台已建構完成，員工結構以課程編輯為主，無經驗月薪約28,000元，有經驗月薪約30,000元，公司編輯人員平均年薪446066，年資3年平均月薪38000，年資4年平均月薪40000，與同業並無重大差異。"
2020,8905,其他,198,94814,479,445.0,-1.24,637,2.06,True,,,"109年度為稅前虧損,年終獎金縮減,整體薪資亦減少。"
2020,8906,其他,65,33061,509,442.0,0.08,637,2.06,,,,
2020,8908,油電燃氣業,122,90573,742,625.0,1.93,705,1.56,,,,
2020,8916,其他,261,239618,918,734.0,2.28,637,2.06,,,,
2020,8917,油電燃氣業,150,164819,1099,1011.0,2.41,705,1.56,,,,
2020,8921,其他,164,107527,656,619.0,0.42,637,2.06,,,,
2020,8923,文化創意業,124,74635,602,608.0,0.94,922,4.69,,,,
2020,8924,其他,189,159055,842,563.0,6.5,637,2.06,,,,
2020,8926,油電燃氣業,113,133434,1181,1003.0,1.81,1117,0.99,,,,
2020,8927,油電燃氣業,390,169920,436,393.0,0.63,705,1.56,True,,,基於產業特性，以工讀及兼職人力居多，流動率高。109年全年度兼職人員佔比約60%，依109年相關法令規定計算，兼職年薪最高約33.3萬元。故無法滿足平均年薪50萬以上之水平。
2020,8928,其他,994,466547,469,435.0,2.5,637,2.06,True,True,,1.員工薪資-平均數由108年的462仟元，增加為109年的469仟元，增加金額7仟元，增加幅度1.5%。2.同業EPS：復盛8.62、大田6.5、明安5.03、鉅明2.50，本公司EPS獲利表現並未較同業佳。
2020,8929,其他,84,40544,483,439.0,0.5,637,2.06,True,,True,"主要是人員異動,為新進人員影響所致"
2020,8930,鋼鐵工業,109,65538,601,546.0,0.32,672,0.59,,,,
2020,8931,油電燃氣業,161,155124,964,874.0,1.49,705,1.56,,,,
2020,8932,其他,248,118598,478,452.0,-1.0,637,2.06,True,,True,因外籍員工佔申報人數的22%且外籍員工採基本工資聘用。因109年度營收較前一年度衰退且營業淨損較前一年度擴大，致使員工績效獎金較前一年度短少。
2020,8933,其他,240,92389,385,342.0,0.05,637,2.06,True,,True,109年因冠狀病毒肺炎疫情的關係，全球經濟受影響，訂單減少，前3季公司進行減員(資遣或退休部分年資較久之員工)，並減少加班工時。所以導致全時員工薪資平均數較108年度衰退。
2020,8935,其他,74,38126,515,477.0,-0.27,637,2.06,,,,
2020,8936,其他,198,121830,615,542.0,0.5,637,2.06,,,,
2020,8937,其他,92,42611,463,411.0,-0.05,637,2.06,True,,,本公司員工敘薪時均考量員工職級、績效、市場行情等因素，且本公司109年度結算獲利不如預期，故員工固定薪資及變動性薪資(如員工酬勞績效獎金等)無法大幅調漲。
2020,8938,其他,823,592810,720,619.0,5.03,637,2.06,,,,
2020,8940,觀光事業,389,208302,535,469.0,-0.86,554,0.47,,,,
2020,8941,貿易百貨,13,8943,688,697.0,2.84,624,5.66,,,,
2020,8942,其他,209,135823,650,582.0,5.77,637,2.06,,,,
2020,8996,電機機械,469,333989,712,671.0,1.26,732,1.56,,,,
2020,9902,其他,7,4041,577,618.0,0.33,830,3.65,,,True,本公司非擔任主管職務之全時員工人數108年度為9人，109年度為7人，因109年度資深員工2人離職，109年度非擔任主管職務之全時員工薪資平均數雖較前一年度減少，但個人的年度總薪資皆較108年度無減少。
2020,9904,其他,3224,2449418,760,549.0,1.64,830,3.65,,,,
2020,9905,其他,318,186704,587,548.0,1.83,830,3.65,,,,
2020,9906,建材營造,44,30217,687,601.0,-1.07,846,1.74,,,,
2020,9907,其他,1148,819740,714,710.0,0.58,830,3.65,,,,
2020,9908,油電燃氣業,247,249805,1011,979.0,1.64,1117,0.99,,True,,109年同業平均EPS大幅減少，非經理人之全時員工薪資平均數亦減少，惟本公司EPS雖減少，但薪資平均數卻逆勢增加。故本公司員工薪酬應屬合理。
2020,9910,其他,2595,2964879,1143,843.0,5.53,830,3.65,,,,
2020,9911,其他,889,635165,714,615.0,4.08,830,3.65,,True,,我司為勞力密集之傳統產業，在合於法規下增加現場作業員，上述員工拉低薪資水平；且在經營規模、獲利能力及獎勵政策與同樣歸屬於「其他」產業別之企業亦有差異，即因如此，相較去年，本公司平均薪資已成長3.6%。
2020,9912,電腦及週邊設備業,31,25463,821,793.0,-0.77,1209,4.57,,,,
2020,9914,其他,1064,924624,869,718.0,13.36,830,3.65,,,,
2020,9917,其他,2361,1684200,713,674.0,5.42,830,3.65,,True,,本公司所經營業務多元化，非單一營運市場，人力類別及薪資結構複雜，與所謂「同業」事業屬性多不相同。若員工月底到/離職，計算半月薪資也算成1人。109年度因應業務發展調整人員。以上各因素均影響薪資平均數。
2020,9918,油電燃氣業,176,173086,983,890.0,1.84,1117,0.99,,True,,本公司員工薪酬，依據公司章程、工作規則及董事會通過提撥標準，有關薪資及獎金給付，視公司獲利與經營績效並參考同業水準支付。員工除基本薪資及年終獎金外，另依據考績適時激勵士氣並留用優秀員工。
2020,9919,其他,552,360033,652,573.0,4.5,830,3.65,,True,,本公司屬傳統製造業，廠區位於台南又產線同仁比例達五成，使平均薪資較其他區域略低。109年獲利較往年佳，此營運績效亦反應給員工，如提高年終奬金基數以及將於110年下半年調薪，故平均薪資已較往年提高。
2020,9921,其他,2680,1956831,730,605.0,13.19,830,3.65,,True,,"我司為勞力技術密集工業,2020全球對自行車需求激增,急徵新人與外勞5%,來增加生產。上述員工薪資為平均值以下,薪資水平自然下拉;但相較於去年,本司平均薪資已巨幅成長12.8%,反應我司積極回饋員工工作貢獻的努力"
2020,9924,其他,1234,711325,576,488.0,4.37,830,3.65,,True,,"1.屬勞力密集產業，基層人力佔比大， 總數1,234人直接853人佔69.12%，移工又佔直接人員32.59%，影響平均薪。2.依法管制加班之時數，但基層人力均薪已超過政府期望達月薪30K目標。"
2020,9925,其他,1547,992564,642,587.0,2.31,830,3.65,,,True,109年度EPS較前一年度成長9%，薪資總額較前一年度增加，薪資平均數及薪資中位數與前一年度相較相當，本公司經營績效與員工薪酬符合關聯與合理之一致性。
2020,9926,油電燃氣業,157,189428,1207,1297.0,2.34,1117,0.99,,,,
2020,9927,其他,140,97528,697,658.0,1.68,830,3.65,,,,
2020,9928,其他,342,235061,687,620.0,-0.18,830,3.65,,,,
2020,9929,其他,114,58374,512,474.0,6.94,830,3.65,,True,True,"1.108年林口廠關廠資遣,提升薪資平均.2.109年度新增口罩生產業務,增聘臨時工與台南廠員工固定薪資加班費較低.3.公司EPS較前一年度增加,主係處分固定資產利益增加及投資減少所致.上列為影響原因"
2020,9930,其他,244,335320,1374,1285.0,3.07,830,3.65,,,,
2020,9931,油電燃氣業,97,83809,864,813.0,1.73,1117,0.99,,True,,1.民生消費因地域不同造成南北薪資水平差異。2.公司自110年2月起全面調漲薪資5％。3.公司近年業外投資收入增加，採漸次調整薪資方式逐年提升員工待遇，避免因市場景氣反轉，造成人事費用突增過鉅影響公司營運。
2020,9933,其他,2565,2927472,1141,1022.0,1.01,830,3.65,,,,
2020,9934,其他,125,83750,670,647.0,0.81,830,3.65,,,,
2020,9935,其他,549,338903,617,617.0,2.15,830,3.65,,,,
2020,9937,油電燃氣業,976,463626,475,398.0,2.57,1117,0.99,True,True,True,因加油站業現場員工招募不易且流動性高，員工身分常態性由部分工時員工轉換至全時員工，本統計資料為滿6個月之未年化全時員工平均薪資，未採計部分工時期間薪資，以致低於油電燃氣業同業，然與加油站同業薪資相當．
2020,9938,其他,967,604303,625,486.0,5.21,830,3.65,,True,,1.本公司109年度員工薪資平均數超過50萬元，惟因產業別為其它，難以找到同產業別比較2.109年度員工薪酬較108年薪酬增加2.6%，主要為因應未來營運成長及持續強化競爭力，依員工績效對個別員工進行薪酬調整
2020,9939,其他,1317,823820,626,577.0,5.72,830,3.65,,True,,本公司產業為傳統製造業，所需生產線人力佔總人數約54%、現場流動性較高且外籍員工佔生產線人力1/4，故整體平均數拉低；將持續積極提升薪資福利制度、培育優秀人才、建立安全、舒適的職場環境等方式提高員工滿意度。
2020,9940,其他,4362,4981024,1142,834.0,2.11,830,3.65,,,,
2020,9941,其他,613,705990,1152,988.0,8.85,830,3.65,,,,
2020,9942,其他,878,438081,499,441.0,4.64,830,3.65,True,True,,本公司地處南投、屬傳統製造業且產線同仁比例近八成，雖109年度受不景氣影響獲利減少，但每年仍會依據政府法令與個人績效表現調薪，並經薪資調查給予同仁合理的薪酬。
2020,9943,觀光事業,902,459225,509,469.0,4.41,554,0.47,,True,,以基層人員為主，進入門檻低，70%為高中(含)下學歷，且流動率高，未達一年者佔30%；109年，配合新冠肺炎政策，縮減營業時段、包廂容留人數減少等，影響各項獎金之領取，造成整體薪資平均數偏低。
2020,9944,其他,205,122344,597,489.0,0.69,830,3.65,,,,
2020,9945,其他,240,148865,620,359.0,5.88,830,3.65,,True,,本公司獲利來源中，轉投資收益佔比較高，若排除此部分，獲利表現未優於同業。而量販事業受電商崛起，業績下滑致虧損，此部分人力較多，平均薪資不易拉升。本公司盡力改善量販營運績效，以回饋員工並提升員工福祉。
2020,9946,建材營造,38,31933,840,781.0,0.57,846,1.74,,,,
2020,9949,文化創意業,94,46173,491,444.0,-0.65,922,4.69,True,,,109年度受COVID-19新冠肺炎疫情影響，本公司營業收入較108年度衰退24%，導致員工業績獎金銳減22%、另年終獎金發放金額亦較前一年度減少42%，故109年度平均薪資也隨之減少，以上說明。
2020,9950,塑膠工業,595,206862,348,315.0,-2.32,406,-0.96,True,,,因公司連續虧損，員工薪資未作調整，但年平均薪資，還是在基本薪資之上。
2020,9951,電機機械,770,438672,570,502.0,6.69,615,1.34,,True,,1.本司納入統計全時員工數為789人，平均薪資為507仟元，若不計藍領外勞，平均薪資為614仟元，與同業平均薪資614仟元對齊。2.109年因疫情關係營收衰退20.7%，故未進行薪資調整，但已於110年1月1日進行薪資調整。
2020,9955,其他,53,31110,587,413.0,-1.19,830,3.65,,,,1.非擔任主管職務之人數中，直/間接人員及   管理人員平均薪資分別為47萬及51萬。2.因歷年虧損，除年度薪資較少調整外，亦無  發放較高的非經常性薪資，致非經理人之薪  資平均數未達50萬元。
2020,9958,鋼鐵工業,273,178276,653,593.0,4.38,915,0.49,,True,,1.本公司為鋼構製造業，與鋼鐵業之營業項目並不同，因鋼鐵業營收為材料生產及銷售，然與本公司並不相同。2.因鋼鐵業項目及技術與本公司之項目與技術有不同之差異性，故其薪資平均數亦不同，無法以同業水準做比較。
2020,9960,貿易百貨,79,37582,476,427.0,1.41,624,5.66,True,,,本公司109年稅後淨利較108年成長約10%，但本公司屬連鎖通路業，員工多屬於門市一般人員，雖員工平均薪資未達50萬元，因業績成長帶動門市人員銷售獎金增加，員工薪資平均數109年較108年成長約16%，其關聯性尚屬合理。
2020,9962,鋼鐵工業,77,40423,525,507.0,0.01,672,0.59,,,,
2019,1101,水泥工業,965,981532,1017,876.0,4.43,888,4.02,,,,
2019,1102,水泥工業,461,579278,1257,1110.0,5.56,888,4.02,,,,
2019,1103,水泥工業,67,87900,1312,1132.0,2.02,888,4.02,,,,
2019,1104,水泥工業,377,295989,785,722.0,1.74,888,4.02,,,True,本公司非擔任主管職務之全時員工，大部分老員工已相繼退休，目前員工為年資較淺之新員工及給薪未滿12個月的新員工，因此造成薪資平均數較低。本公司秉持共創價值、利潤分享之理念，持續優化同仁薪酬水準。
2019,1108,水泥工業,410,206865,505,469.0,0.11,888,4.02,,,,
2019,1109,水泥工業,355,221959,625,573.0,2.82,888,4.02,,,,
2019,1110,水泥工業,105,58359,556,534.0,0.06,888,4.02,,,,
2019,1201,食品工業,1381,953475,690,646.0,2.67,792,2.82,,,,
2019,1203,食品工業,701,391430,558,525.0,1.92,792,2.82,,,,
2019,1210,食品工業,2191,1510726,690,564.0,2.93,792,2.82,,True,,本公司營業項目與其它食品業有所差異，以飼料為大宗佔55%，食品相對略低佔19%，人力結構中外籍移工約佔1/4。 依照公司營運目標的進展與獲利發放各項獎金、年終獎金，員工酬勞依年度可分配盈餘不低於2%提撥發放。
2019,1213,食品工業,97,37240,384,361.0,-0.76,792,2.82,True,,True,非擔任主管職務之全時員工薪資減少主要原因為本公司去年遭逢近年來重大變故，致營運上面臨艱難局面，嚴重影響員工各項應有薪資(含獎金)以及其他福利政策的發放，因此產生變動差異數字。
2019,1215,食品工業,2022,1244110,615,473.0,5.46,792,2.82,,True,,"本公司屬勞力密集,生產部員工學歷偏低,如扣除依法申請外勞(約佔總人數30.4%),本國員工薪資應符合市場行情。108年非主管職之全時員工人數比107年增加183人,因加班時數降低及新進員工增加,薪資平均數較前一年減少。"
2019,1216,食品工業,5271,6325325,1200,1021.0,3.35,792,2.82,,,,
2019,1217,食品工業,536,317278,592,498.0,0.1,792,2.82,,,,
2019,1218,食品工業,481,331701,690,588.0,1.2,792,2.82,,,,
2019,1219,食品工業,575,317920,553,515.0,0.63,792,2.82,,,,
2019,1220,食品工業,209,108682,520,490.0,0.71,792,2.82,,,,
2019,1225,食品工業,212,133717,631,554.0,1.55,792,2.82,,,,
2019,1227,食品工業,899,682562,759,697.0,3.76,792,2.82,,True,,"本公司108年度EPS較107年度成長15.7%。申報之薪資平均數759仟元外,尚有獎金與紅利…等將於六月發放,人均薪資約增加111仟元，平均發放總額較去年成長17%，高於EPS成長率。"
2019,1229,食品工業,885,653282,738,649.0,2.51,792,2.82,,,,
2019,1231,食品工業,1869,1070099,573,478.0,3.0,792,2.82,,True,,本公司屬勞力密集之食品製造業，雇用基層生產線作業人員佔比高達70%，其中外籍同仁及未全年在職人數佔38%，造成薪資平均數低於同業水準，本公司將持續秉持共創價值、利潤分享之理念，優化同仁薪酬水準。
2019,1232,食品工業,138,194719,1411,1269.0,6.09,792,2.82,,,,
2019,1233,食品工業,925,497717,538,465.0,1.73,792,2.82,,,,
2019,1234,食品工業,526,396788,754,649.0,2.11,792,2.82,,,,
2019,1235,食品工業,22,6872,312,332.0,0.49,792,2.82,True,,,"1.本公司已成立40多年，老員工已退休，目前員工為年資較淺之新員工。2.公司獲利原因為業外投資收益，本業實則處於虧損狀態。3.公司依各別員工表現予以調高薪資,並不定期加發獎金以提振員工士氣"
2019,1236,食品工業,643,316477,492,420.0,0.15,792,2.82,True,,,本公司今年度營收與前年度小幅減少，營業淨利亦小幅降低(EPS較前年度提高主係營業外收入所致)，但108年度為49.2萬元較前年度45.7萬，顯見逐步調整。公司近年持續努力變革，建構更健全的穩利模式以提升員工報酬。
2019,1240,農業科技,67,45564,680,585.0,4.01,599,2.47,,,,
2019,1259,觀光事業,1072,564182,526,473.0,5.02,505,0.42,,,,
2019,1264,食品工業,253,170646,674,602.0,14.02,617,1.59,,,True,108年員工薪資水準較去年為低，主要係107下半年~108上半年因公司組織換血、人員異動，約有10名資深員工離職，該等人員薪資水準不計入108年非主管全時員工薪資，而計入108年新進員工薪資水準較離職資深員工為低所致。
2019,1268,觀光事業,1249,668281,535,431.0,7.2,505,0.42,,,,
2019,1301,塑膠工業,6005,8391493,1397,1272.0,5.86,1192,3.28,,,,
2019,1303,塑膠工業,12439,15315068,1231,1219.0,2.91,1192,3.28,,,,
2019,1304,塑膠工業,447,503042,1125,1022.0,1.19,1192,3.28,,,,正式員工年薪為14個月，包括12個月的月薪及2個月的年節獎金，另有三節獎金，並依據公司獲利程度、員工個人績效考核結果及組織目標達成率發給年終獎金。
2019,1305,塑膠工業,722,690951,957,925.0,1.22,1192,3.28,,,,公司每年均視營運獲利情形，考量調升員工薪資。
2019,1307,塑膠工業,895,530233,592,546.0,1.08,1192,3.28,,,,
2019,1308,塑膠工業,232,297342,1282,1212.0,1.48,1192,3.28,,,,依據公司營運獲利情形及個人績效，發放年終獎金及調整薪資。
2019,1309,塑膠工業,402,419180,1043,995.0,1.19,1192,3.28,,,,依公司經營績效及個人績效發放獎金及調整薪資
2019,1310,塑膠工業,188,244798,1302,1322.0,1.67,1192,3.28,,,,
2019,1312,塑膠工業,367,437047,1191,1145.0,2.27,1192,3.28,,,,
2019,1313,塑膠工業,214,215035,1005,952.0,-0.11,1192,3.28,,,,
2019,1314,塑膠工業,1191,1076283,904,814.0,0.61,1192,3.28,,,,
2019,1315,塑膠工業,369,205044,556,491.0,3.65,1192,3.28,,True,True,1.依學經歷、職等、貢獻度及勞基法規範核薪，並逐年依公司營運及獲利情況調整。2.處分不動產。3.營業項目中塑膠製品占64.76%。4.外籍員工占全體員工17%。5.上述說明，成長優於同業、較同業標準低，均屬合理。
2019,1316,建材營造,42,29223,696,503.0,-0.96,795,1.39,,,,
2019,1319,汽車工業,3402,2090435,614,528.0,3.36,710,0.31,,True,,本公司為汽車之上游零組件業，營運上多為勞力密集性之生產型態，與以通路服務為主的汽車銷售業及設計製造為主的組車廠相比較，存在人力需求結構的差異。若與相同客戶群之同零組件業比較，年平均薪資與之差異不大。
2019,1321,塑膠工業,455,318980,701,658.0,0.53,1192,3.28,,,,
2019,1323,塑膠工業,738,416104,564,450.0,3.18,1192,3.28,,,,
2019,1324,塑膠工業,248,133189,537,457.0,0.04,1192,3.28,,,,
2019,1325,塑膠工業,128,61373,479,442.0,0.43,1192,3.28,True,,,"108年度分派員工及董監事酬勞前稅前淨利為新台幣45,866,540元，較107年度減少39.87 %。108年度員工酬勞提撥0.5%，金額為229,333元，致使非擔任主管職務之員工平均薪資僅479仟元。"
2019,1326,塑膠工業,4911,6712510,1367,1259.0,4.89,1192,3.28,,,,
2019,1336,電子零組件業,12,15813,1318,1045.0,0.87,644,1.32,,,,
2019,1339,汽車工業,293,142635,487,403.0,5.08,710,0.31,True,True,,1.非擔任主管職之全職員工人數計293人，其中外籍人數約占31.1%，人員結構影響平均薪資水準。2.每年參考物價指數決定調薪幅度，平均每年調薪幅度約3%。
2019,1402,紡織纖維,4647,4281441,921,817.0,2.15,639,1.38,,,,
2019,1409,紡織纖維,1671,1095144,655,567.0,1.11,639,1.38,,,,
2019,1410,紡織纖維,81,40491,500,535.0,0.94,639,1.38,,,,
2019,1413,紡織纖維,207,121503,587,535.0,0.52,639,1.38,,,,本公司108年度非經理人之全時員工(年度)薪資平均數低於同業水準，主要係公司盈餘較同水準低且尚有累計虧損待彌補，故無法發放員工紅利所致。
2019,1414,紡織纖維,228,107614,472,445.0,0.17,639,1.38,True,,,108年紡紗業不景氣，公司為撙節開支，控制成本，採取下列策略:1.精簡人力，造成108年上半年領薪未達6個月人數較107年增加。2. 因減產造成非固定薪資-加班費減少
2019,1416,其他,8,6334,792,799.0,-0.72,819,3.81,,,,
2019,1417,紡織纖維,304,151294,498,456.0,1.18,639,1.38,True,,True,本公司近年遇產業困境致經營績效差，雖未調薪但也從未降薪，亦未因薪資問題發生勞資糾紛。本公司去年開始進行資產活化，期能改善財務狀況，加強增進員工福利，俾落實公司治理。
2019,1418,紡織纖維,167,75485,452,410.0,-3.94,639,1.38,True,,True,本公司去（108）年本業接單情況銳減，員工加班時數亦隨之減少，致平均薪資較前一年少；EPS較前年成長，係為賣土地所得。本公司自107年開始積極進行資產活化，期能速改善財務狀況。
2019,1419,紡織纖維,443,260465,588,506.0,1.29,639,1.38,,,,
2019,1423,紡織纖維,85,37016,435,413.0,-0.26,639,1.38,True,,,公司主要營運項目同往年，基礎與外籍勞工聘用變化不大，雖近幾年來業已響應政府政策落實調整基本工資，惟因毛紡業108年度受美中貿易衝突影響頗鉅，營運產生虧損無法發放員工酬勞致平均數偏低。
2019,1432,貿易百貨,22,16045,729,707.0,-3.04,817,3.97,,,,
2019,1434,紡織纖維,3281,1870351,570,508.0,3.08,639,1.38,,True,,1.本公司採穩健薪酬制度，兼顧企業發展與員工生活保障。2.108年稅後EPS3.08元，含出售福懋科股票獲利EPS1.2元，係非為常態性無法反應經常性薪資。另108年移工約600人，佔員工人數18.3%，影響平均工資水準。
2019,1435,其他,11,4979,453,453.0,0.16,819,3.81,True,,,"在人力結構上,任職超過6個月以上的離職影響著薪資數據."
2019,1436,建材營造,35,29003,829,785.0,2.45,795,1.39,,,,
2019,1437,其他,30,21784,726,479.0,4.33,819,3.81,,True,,"109/2主計處公布108年每人每月總薪資平均為53,667元，本公司108年非擔任主管職務之員工平均月薪約61千元，較整體平均值高，且較上年度增加16.43%。其他行業組成多元，行業間特性差異大，綜合比較易失真。"
2019,1438,建材營造,2,834,417,417.0,-0.1,795,1.39,True,,True,本公司108年度未有建案，人員精簡之故。
2019,1439,紡織纖維,13,9613,739,735.0,10.46,639,1.38,,,True,1.因107年資深員工陸續離職，108年人力結構多為年資淺、起薪低之新進員工。2.且處分土地及廠房致使108年EPS大幅增加，本業實則虧損。綜上，造成本公司EPS較前一年度增加，員工薪資平均數較前一年度減少之情形。
2019,1440,紡織纖維,1781,939506,528,455.0,0.06,639,1.38,,,,
2019,1441,紡織纖維,147,76149,518,492.0,-3.06,639,1.38,,,,
2019,1442,建材營造,26,19916,766,687.0,0.33,795,1.39,,,,
2019,1443,其他,63,35561,564,544.0,0.02,819,3.81,,,,
2019,1444,紡織纖維,1167,597256,512,447.0,0.06,639,1.38,,,,
2019,1445,紡織纖維,363,182219,502,415.0,-0.3,639,1.38,,,,
2019,1446,紡織纖維,44,24440,555,473.0,0.0,639,1.38,,,,
2019,1447,紡織纖維,1308,671856,514,451.0,-0.29,639,1.38,,,,
2019,1449,紡織纖維,789,359940,456,419.0,-0.7,639,1.38,True,,,"108年度與107年度比較,雖然虧損減少54,577仟元，但公司仍處於嚴重虧損的狀態，因此年終獎金及績效獎金減少發放，108年度也未調薪，故影響員工薪資總額。"
2019,1451,紡織纖維,738,391155,530,471.0,-0.35,639,1.38,,,,
2019,1452,紡織纖維,241,135392,562,466.0,1.33,639,1.38,,,,
2019,1453,建材營造,10,4795,480,493.0,-0.46,795,1.39,True,,,"108年本公司本業經營虧損,營業收入44,760仟元,營業虧損69,242仟元,稅後淨損45,760仟元,EPS為-0.46元,故108年員工薪酬與公司經營績效表現應屬合理."
2019,1454,紡織纖維,420,217117,517,443.0,0.28,639,1.38,,,,
2019,1455,紡織纖維,1362,779737,572,471.0,-0.49,639,1.38,,,,
2019,1456,建材營造,40,19028,476,427.0,0.27,795,1.39,True,,,本公司有紡織部及不動產部，紡織部主要員工在台南，108年紡織部毛利率7%，其平均薪資45萬元；不動產部主要員工在台北，108年不動產部毛利率17%，其平均薪資55萬元。
2019,1457,紡織纖維,130,69921,538,529.0,1.02,639,1.38,,,,
2019,1459,紡織纖維,217,97739,450,405.0,-0.27,639,1.38,True,,True,公司屬紡織基礎工業，部分較辛勞的作業係聘用外籍勞工作業，人數占非擔任主管職務之全時員工約為30-35%，故其薪酬水準相較本國一般勞工而言會略為偏低。
2019,1460,紡織纖維,1738,871694,502,452.0,-0.56,639,1.38,,,,
2019,1463,紡織纖維,188,96139,511,488.0,0.7,639,1.38,,,,
2019,1464,紡織纖維,780,424053,544,496.0,1.61,639,1.38,,True,,本公司為維持員工薪資成長的穩定度，在經營績效為正成長時，也同步調整員工之獎金，惟108年度有十多位高薪主管分別轉任集團子公司或退休或離職，致平均薪資微幅下降。
2019,1465,紡織纖維,175,132386,756,477.0,3.2,639,1.38,,,,
2019,1466,紡織纖維,374,197673,529,505.0,-0.89,639,1.38,,,,
2019,1467,紡織纖維,301,160402,533,481.0,-0.74,639,1.38,,,,
2019,1468,紡織纖維,50,25702,514,461.0,0.31,639,1.38,,,,
2019,1470,紡織纖維,243,140530,578,495.0,0.88,639,1.38,,,,
2019,1471,電子零組件業,39,28385,728,666.0,-2.37,800,4.29,,,,
2019,1472,紡織纖維,113,48626,430,420.0,1.23,639,1.38,True,,True,由於營運狀況不佳，本公司尚處長期虧損，暫無薪資調整計畫，惟本公司薪資福利政策皆符合勞基法之規範。
2019,1473,紡織纖維,400,225859,565,482.0,0.55,639,1.38,,,,
2019,1474,紡織纖維,479,251615,525,470.0,0.4,639,1.38,,,,
2019,1475,紡織纖維,7,4347,621,570.0,-1.28,639,1.38,,,True,"108年合併綜合損益本期淨利新台幣15,919仟元,主要係108年Q3子公司蘇州富士光完成清算程序,認列清算利益約新台幣20,411仟元,致本期淨利大幅成長。就108年個體綜合損益表,本期經營結果仍然呈現淨損情形。"
2019,1476,紡織纖維,1800,1350834,750,634.0,15.67,639,1.38,,,,
2019,1477,紡織纖維,758,909065,1199,1098.0,8.66,639,1.38,,,,
2019,1503,電機機械,1902,1848304,972,802.0,3.21,696,1.78,,,,
2019,1504,電機機械,2290,1910551,834,681.0,1.65,696,1.78,,,,
2019,1506,電機機械,334,156349,468,425.0,-2.52,696,1.78,True,,,目前正道屬非擔任主管職務之全時員工(年度)薪資平均數未達50萬元範疇，未來將依據依獲利情形加薪調薪。
2019,1507,電機機械,1718,1671207,973,929.0,2.3,696,1.78,,,,
2019,1512,汽車工業,244,132191,542,489.0,-2.14,710,0.31,,,,
2019,1513,電機機械,1576,1101071,699,628.0,1.55,696,1.78,,,,
2019,1514,電機機械,610,467165,766,670.0,1.44,696,1.78,,,,
2019,1515,電機機械,699,374763,536,460.0,7.01,696,1.78,,True,,"1.本公司因營運需求擴充產線，108年新進人數較107年多153人，新進人力結構配置以生產人員占比高，故整體平均薪資較低。2.從106年在員工酬勞及薪資依營運績效逐年調整增加，108年高於107年,預期109年會高於108年。"
2019,1516,其他,3,1889,630,640.0,0.4,819,3.81,,,,
2019,1517,電機機械,569,247242,435,393.0,0.06,696,1.78,True,,,本公司考量營運人力需求， 人力結構配置上以生產人員占比居多，另因員工酬勞依章程規定依當年度稅前淨利分派，惟因本年度營運績效未達預期，其分派金額因應調整；故員工薪酬狀況因應經營狀況及人力結構等因素調整。
2019,1519,電機機械,662,516140,780,711.0,1.57,696,1.78,,,,
2019,1521,汽車工業,835,551832,661,598.0,4.73,710,0.31,,True,,關聯性：每年依當年度獲利狀況發放獎金。合理性：因本期淨利及每人獲利貢獻低於同業，故薪資平均數低於同業水準。
2019,1522,汽車工業,1598,887339,555,498.0,2.23,710,0.31,,True,True,1.本公司因引進5G及自動化產線，提高生產效率，員工加班費減少。2.其中藍領員工人數比重高，且所聘用外勞較多以基本工資起薪，因此對於整體員工平均薪資有降低的效果。
2019,1524,汽車工業,408,222678,546,406.0,0.84,710,0.31,,True,,"1.公司加權平均人數413人，移工約佔總人數1/3，因移工平均薪資較低，使整體平均薪資降低。2.本國人加權平均人數277人，本國人年薪資平均數578,029元。3.移工加權平均人數136人，移工年薪資平均數396,993元。"
2019,1525,汽車工業,282,169576,601,540.0,3.95,710,0.31,,True,,(1)本公司EPS有93%貢獻來自於業外的轉投資收益認列，故與台灣廠員工生產績效關聯性較低。(2)非擔任主管職之全職員工人數計282人，其中外籍同仁人數63人，占22%，人員結構影響平均薪資水準。
2019,1526,電機機械,154,90587,588,454.0,1.34,696,1.78,,,,
2019,1527,電機機械,709,415393,586,487.0,4.15,696,1.78,,True,,訂有薪資管理辦法，並於章程內依規定訂定員工酬勞分派比率，配發金額均需經薪資委員會審議。108年已配發610張股票(無償)給予員工。
2019,1528,電機機械,261,151057,579,503.0,-1.39,696,1.78,,,,
2019,1529,電機機械,39,19425,498,466.0,0.54,696,1.78,True,,,"員工酬勞政策修訂,提撥比例由5%至15%,修訂為1%以上,並以1%之獲利提列為員工酬勞分配數。"
2019,1530,電機機械,484,263543,545,486.0,1.23,696,1.78,,,,
2019,1531,電機機械,205,125350,611,536.0,0.16,696,1.78,,,,
2019,1532,電機機械,314,207521,661,522.0,1.32,696,1.78,,,,
2019,1533,汽車工業,445,248788,559,465.0,2.05,710,0.31,,True,,(1).本公司盈餘包含海外各子公司獲利，其中歐美子公司薪資水平高，但此計算式僅限台灣員工；(2).外勞直接人力占比20%，員工薪資平均數相對不高；(3).公司平均員工薪資費用係較前一年度增加。
2019,1535,電機機械,1172,1026652,876,786.0,1.03,696,1.78,,,,
2019,1536,汽車工業,1011,597695,591,537.0,2.55,710,0.31,,True,,公司108年度營收較107年度衰退17.73%，導致108年度無調薪情事。另因業績未達成預期目標，使得整年度員工變動薪資如加班費、獎金等大幅減少。
2019,1537,電機機械,117,94573,808,674.0,12.32,696,1.78,,,True,"非擔任主管職務之員工薪資平均數仍高於同業,茲將本年度減少原因分析如下:1.108年晉升一位經理人,故非擔任主管職務之全時員工薪資總額較107年減少.2.108年新進員工及外籍移工較107年增加,相對造成平均薪資略為減少."
2019,1538,電機機械,99,48393,489,433.0,-2.63,696,1.78,True,,,主因係：(一)公司長期虧損，尚處於轉型階段(二)因產業別，生產線人員佔比達3成
2019,1539,電機機械,146,65517,449,406.0,1.07,696,1.78,True,,,本公司非擔任主管職務之全時員工(年度)薪資平均數未達50萬元，主要係因外勞及馬達廠現場員工佔本公司員工人數達三分之一，但其薪資較低，故拉低了公司薪資平均數所致。
2019,1540,電機機械,93,50432,542,479.0,1.35,696,1.78,,,,
2019,1541,電機機械,404,192780,477,420.0,3.19,696,1.78,True,True,,"公司在產線中聘雇了較多外籍勞工，以維持產業的競爭力。外籍勞工125人及建教合作學生41人合計166人，佔比約36%，外籍勞工每月薪資係以最低薪資標準為23,100元，拉低了整體非擔任主管職務之全時員工「薪資平均數」。"
2019,1558,電機機械,281,228532,813,751.0,11.16,696,1.78,,,,
2019,1560,電機機械,1574,1026697,652,600.0,3.81,696,1.78,,True,,電機機械類涵蓋產業眾多，各公司所需員工人數、學歷資格、專業技術等本不盡相同。本公司有約11%的外籍勞工，其薪資依政府基本工資規定辦理，影響本公司整體平均薪資。針對員工薪酬政策，將持續參考業界標竿改進。
2019,1565,生技醫療業,3467,2170569,626,596.0,25.53,687,0.22,,True,,1.因108年EPS較107年EPS下降23%，故108年員工薪資-非固定薪資(依經營績效進行調整的獎金)下降。2.本公司直接人工比重較高，且其中薪資較低的外勞佔比不低。
2019,1568,汽車工業,526,245607,467,427.0,0.27,710,0.31,True,True,,本公司108年度的營運目標未達成，導致相關的變動薪資如:加班費和獎金等減少所致，故本公司無薪資費用與經營績效不相當的情況發生。
2019,1569,電腦及週邊設備業,30,19169,639,530.0,1.01,790,3.32,,,,
2019,1570,電機機械,118,61120,518,391.0,1.42,603,1.52,,,,
2019,1580,電機機械,75,73529,980,933.0,10.02,603,1.52,,,,
2019,1582,電子零組件業,176,173102,984,852.0,7.61,800,4.29,,,True,本公司之薪酬係綜合考量員工專業能力、承擔責任重要性與年度考核結果後，再依年度任職期間比例發放，108年度因業務需求，増補較多新進人員，致整體平均年薪略為下降。但資深員工年度平均薪資並無減少之情形。
2019,1583,電機機械,404,242860,601,535.0,2.43,696,1.78,,True,,1.外籍勞工人數約佔公司人力百分之十，其薪資水準低於本國勞工2.此薪酬調查僅針對台灣員工，但公司轉投資及海外子公司之獲利等因素皆會影響EPS高低，亦即並非所有獲利皆由台灣總公司所創造
2019,1584,其他,64,30220,472,424.0,-0.72,612,2.1,True,,,本公司目前尚屬虧損階段，故無盈餘獎金，薪資水準與公司營運績效串聯，尚屬合理。
2019,1586,電機機械,127,63233,498,431.0,0.26,603,1.52,True,,,主要係因為108年度獲利不如預期，未發放年終獎金；及間接人工26.16%為外籍勞工，拉低薪資水平所致。
2019,1587,汽車工業,207,95737,462,447.0,0.05,710,0.31,True,,,本公司地處偏鄉，人才要求不易致外籍員工人數較高拉低平均薪資，且對個人的學經歷及技能要求無法提高，僅能於就職過程中予以訓練及培養，雖無法達到規定金額仍盡力提高員工所得。
2019,1593,生技醫療業,126,70664,561,441.0,3.74,687,0.22,,True,,"本公司為傳統生技醫療產業,員工薪酬結構朝合理基礎制訂；公司將經營績效反映於員工薪酬,於108年8月再次調增員工薪資,平均調幅約4%,惟因108年有3位同仁晉升為經理人,致非經理人之全時員工薪資平均數較107年微幅減少。"
2019,1595,電子零組件業,83,57242,690,603.0,2.06,644,1.32,,,,
2019,1597,電機機械,437,228993,524,440.0,2.15,696,1.78,,True,,公司為確保產品優良品質皆於國內生產，薪酬除月薪還包括獎金、加班費及員工酬勞，108年深受中美貿易戰影響，加班相對降低，獎金及員工酬勞係依營運、績效及整體獲利等而適時調整，並且在南部業界整體薪資實屬合理。
2019,1598,生技醫療業,578,312925,541,473.0,2.05,697,1.78,,True,,本公司從事健身器材之研發、生產與銷售，工廠位於彰化縣，由於生產人力需求較高，以致非經理人之全時員工薪資平均數低於同業水準。本公司衡量整體營運狀況及工作績效審定員工薪酬，並藉由多元的福利措施留任人才。
2019,1599,電機機械,387,170450,440,419.0,1.98,603,1.52,True,True,,"公司座落於台南市山上區,地理位置較為僻靜物價也相較於都會區、工業區及科技園區低,且本公司8成以上人員為產線基礎作業員技術含量不高,因此平均數相較於同業低。"
2019,1603,電器電纜,670,339300,506,447.0,1.46,678,1.16,,True,,本公司108年EPS含業外收入為1.46元較同業佳，扣除其他收入後為EPS1.11元，獲利低於同業平均EPS1.16元。薪酬架構不與業外連結，應屬合理。
2019,1604,電器電纜,662,494557,747,664.0,2.0,678,1.16,,,,
2019,1605,電器電纜,2547,2268357,891,725.0,0.95,678,1.16,,,,
2019,1608,電器電纜,423,257022,608,601.0,1.87,678,1.16,,True,,1.本公司108年獲利較107年增加，主要來自金融商品評價利益，此部分獲利與員工績效無顯著關聯。2.本公司EPS因減除庫藏股數之計算，故較同業佳，若加回庫藏股數EPS為1.25元，則與同業比較並無顯著差異。
2019,1609,電器電纜,584,387146,663,627.0,0.86,678,1.16,,,,員工酬金組合主要包含基本固定薪資、獎金及福利，依據個人能力、對公司貢獻度、績效表現、其所任職位之市場價值及考量公司未來營運風險後決定，與經營績效正相關；至於福利設計，則視員工需求，來規劃多面向的措施。
2019,1611,電器電纜,222,145236,654,562.0,1.94,678,1.16,,True,,本公司屬傳統產業因近年產業技術變遷，整體營運成長明顯受到產業環境限制，惟公司重視員工之薪資報酬，雖108年度營運獲利主要來自業外收入，108年申報薪資平均數仍較107年度增加幅度達25%以上。
2019,1612,電器電纜,375,241726,645,587.0,0.64,678,1.16,,,,
2019,1614,電器電纜,981,457667,467,429.0,0.95,678,1.16,True,,,本公司為善盡企業責任及根留台灣產品自製，產線人力以鼓勵技術生回廠及外勞填補，前述人員僅領基本工資，緃有加班亦受法規限制，本年度剔除外勞及技術生平均數即達五十萬元。
2019,1615,電器電纜,236,128837,546,498.0,2.18,678,1.16,,True,,1.公司EPS受自動化程度、產品類別比重及股本大小所影響。2.本公司薪資水平在雲林地區屬中上所得，本公司除不斷改善工作環境，及投資自動化設備提高經營績效外，同時辦理年度調薪，並依績效核發年終獎金。
2019,1616,電器電纜,188,105648,562,492.0,-0.31,678,1.16,,,,
2019,1617,電器電纜,250,163471,654,634.0,0.62,678,1.16,,,,
2019,1618,電器電纜,225,136117,605,566.0,0.28,678,1.16,,,,
2019,1701,生技醫療業,756,503215,666,567.0,1.29,697,1.78,,,,
2019,1702,食品工業,289,190227,658,553.0,3.9,792,2.82,,True,,本公司108年度每股盈餘較同業為佳係為集團同仁努力之成果，惟本公司於106/8/1以既存分割方式移轉相關營業及員工予二家國內子公司（該子公司非重要子公司，故無列入計算），致影響108年度申報薪酬相關資訊。
2019,1707,生技醫療業,378,342082,905,832.0,9.63,697,1.78,,,,
2019,1708,化學工業,138,110239,799,752.0,1.3,788,1.31,,,,
2019,1709,化學工業,220,221917,1009,889.0,0.44,788,1.31,,,,
2019,1710,化學工業,354,339213,958,893.0,0.04,788,1.31,,,,
2019,1711,化學工業,1293,922315,713,680.0,0.66,788,1.31,,,,
2019,1712,化學工業,1339,899139,672,610.0,1.6,788,1.31,,True,,1.本公司屬勞力密集之門市服務及生產製造業，與同產業經營型態不同，門市銷售人員佔比達50%、外籍移工近5%，影響薪酬水準。2.本公司每年度均辦理全員調薪，並加強提升基層員工薪酬。
2019,1713,化學工業,83,56730,683,625.0,0.64,788,1.31,,,,
2019,1714,化學工業,77,48656,632,567.0,0.02,788,1.31,,,,
2019,1717,化學工業,1809,1625353,898,784.0,1.99,788,1.31,,,,
2019,1718,化學工業,706,376924,534,490.0,-0.57,788,1.31,,,,
2019,1720,生技醫療業,768,562159,732,636.0,2.11,697,1.78,,,,
2019,1721,化學工業,544,391154,719,686.0,-0.03,788,1.31,,,,
2019,1722,化學工業,669,851785,1273,1115.0,2.11,788,1.31,,,,
2019,1723,化學工業,268,341449,1274,1198.0,5.57,788,1.31,,,,
2019,1724,化學工業,225,157919,702,669.0,0.56,788,1.31,,,,
2019,1725,化學工業,86,55995,651,537.0,1.07,788,1.31,,True,,本公司員工薪酬含月薪、年終獎金，及員工酬勞等。相關給付均符合法令規定，並依據員工之貢獻、年資、績效等，逐年調薪。公司亦參酌同業薪酬福利制度，檢討修正公司獎酬現況，戮力提升營運績效，增進員工福祉。
2019,1726,化學工業,644,439357,682,616.0,4.21,788,1.31,,True,,本公司員工薪酬依照學、經歷及勞基法規範核薪，且逐年依公司政策及營運狀況調整薪資，並重視員工各項福利，後續於營運成長之際回饋予員工更好報酬。
2019,1727,化學工業,233,127363,547,502.0,0.3,788,1.31,,,,
2019,1730,化學工業,171,142285,832,711.0,5.37,788,1.31,,,,
2019,1731,生技醫療業,192,115951,604,527.0,0.76,697,1.78,,,,
2019,1732,化學工業,144,71904,499,439.0,0.59,788,1.31,True,,,雖然距離達成公司年度目標尚有一些差距，但員工(年度)薪資平均數卻較前一年度增加。
2019,1733,生技醫療業,716,387655,541,472.0,1.14,697,1.78,,,,
2019,1734,生技醫療業,735,377736,514,474.0,0.08,697,1.78,,,,
2019,1735,化學工業,144,104878,728,686.0,1.19,788,1.31,,True,,本公司依公司營運政策調整薪資及依當年績效提列獎金；108年度投資收益占稅前淨利71%，台灣營運獲利佔稅前淨利比例相對較小；本公司依章程提列員工酬勞，故108年平均薪資較107年高。
2019,1736,生技醫療業,987,683547,693,569.0,4.26,697,1.78,,True,,本公司從事健身器材生產與銷售，工廠位於台中大雅，由於生產人力需求較高，致非擔任主管職務之全時員工(年度)薪資平均數低於同業水準。本公司衡量整體營運狀況及工作績效審定員工薪酬，並藉由多元的福利留任人才。
2019,1737,食品工業,459,416424,907,810.0,1.73,792,2.82,,,,
2019,1742,化學工業,23,10456,455,442.0,0.88,673,1.18,True,,True,公司自102年~107年，年年虧損，公司前一年(108)雖有成長，但之前的累虧依舊未彌補。預估未來蠟的市場依舊不斷萎縮，公司前景  依舊困難。綜合上述，公司秉持照顧員工。
2019,1752,生技醫療業,563,289924,515,459.0,2.17,687,0.22,,True,True,1.108年因擴大招募新進人數較107年提高2成，新進人員年終獎金依在職比例調整，本薪也會比資深員工少，拉低平均薪資。2.因107年度資料統計誤植，經資料還原後， 108年薪資平均數較107年成長4%。
2019,1760,生技醫療業,271,205899,760,595.0,2.1,697,1.78,,,,
2019,1762,生技醫療業,272,210518,774,696.0,1.51,697,1.78,,,,
2019,1773,化學工業,302,290200,961,847.0,5.9,788,1.31,,,,
2019,1776,化學工業,113,73673,652,612.0,0.86,788,1.31,,,,
2019,1777,生技醫療業,160,131707,823,726.0,5.31,687,0.22,,,,
2019,1781,生技醫療業,53,39270,741,629.0,-1.61,687,0.22,,,,
2019,1783,生技醫療業,135,84131,623,620.0,0.87,697,1.78,,,,
2019,1784,生技醫療業,179,118716,663,570.0,0.14,687,0.22,,,,
2019,1785,其他電子業,944,704050,746,635.0,2.35,735,1.9,,,,
2019,1786,生技醫療業,84,56479,672,572.0,2.09,697,1.78,,True,True,108年非擔任主管職全時員工較107年增加9人，主係公司108年增聘員工及新進員工資歷較淺所致。本公司衡量營運狀況及工作績效審定員工薪酬，已於109年6月起依上述審定標準調高部份員工薪資，藉以留任人才。
2019,1788,生技醫療業,215,194515,905,810.0,6.91,687,0.22,,,,
2019,1789,生技醫療業,596,487817,818,724.0,0.27,697,1.78,,,,
2019,1795,生技醫療業,401,365601,912,619.0,2.74,697,1.78,,,,
2019,1796,食品工業,185,102265,553,474.0,-0.99,617,1.59,,,,
2019,1799,生技醫療業,8,4937,617,654.0,-2.48,687,0.22,,,,
2019,1802,玻璃陶瓷,4652,2684540,577,547.0,-0.5,576,-0.43,,,,
2019,1805,建材營造,13,9674,744,601.0,-0.91,795,1.39,,,True,1.本公司108年度仍呈虧損，人員及薪酬相較前一年度並無明顯變動。2.非擔任主管職務全時員工薪資平均數較前一年度減少，主係108年度部份員工異動，新聘接任員工敘薪較原職務員工略低所致。
2019,1806,玻璃陶瓷,689,396622,576,521.0,-0.98,576,-0.43,,,,
2019,1808,建材營造,96,76806,800,653.0,2.13,795,1.39,,,,
2019,1809,玻璃陶瓷,217,133220,614,409.0,-0.24,576,-0.43,,,,
2019,1810,玻璃陶瓷,1140,627442,550,480.0,0.13,576,-0.43,,True,True,公司堅持在台生產，生產主力仍在台灣，故基層人員及外籍移工人書約占40%，相對於其他不在台生產廠商或磁磚業少用人力，公司相對有較高比例基層作業員及移工，故平均薪資跟著被拉低。
2019,1813,生技醫療業,106,74733,705,572.0,1.05,687,0.22,,,,
2019,1815,電子零組件業,1039,647197,623,553.0,-0.24,644,1.32,,,,
2019,1817,玻璃陶瓷,92,67258,731,692.0,2.48,576,-0.43,,,,
2019,1903,造紙工業,58,33648,580,525.0,-0.69,761,0.88,,,,
2019,1904,造紙工業,3506,3070014,876,826.0,2.08,761,0.88,,,,薪酬為公司支出費用，亦是公司對人才資產的投資與價值，故公司現有制度已考量產業內外的競爭與發展需求、近期績效表現(以業內為主)及公司永續發展的策略，適時作調整與反映。
2019,1905,造紙工業,1867,1251997,671,611.0,-0.22,761,0.88,,,,
2019,1906,造紙工業,10,7022,702,688.0,0.8,761,0.88,,,,
2019,1907,造紙工業,2572,1811421,704,625.0,1.38,761,0.88,,True,,本公司轉型投控多年，EPS來自轉投資收益；108年旗下漿紙事業受漿價影響而虧損，公司仍本於照顧員工理念辦理調薪，員工平均薪資亦高於去年。後續仍將依據營運表現，參酌市場業界行情，合理提升薪酬福利共享經營成果
2019,1909,造紙工業,1079,748211,693,654.0,0.45,761,0.88,,,,
2019,2002,鋼鐵工業,10199,14724289,1444,1437.0,0.57,985,0.56,,,,
2019,2006,鋼鐵工業,1605,1445885,901,852.0,1.56,985,0.56,,True,,本公司108年每股盈餘1.56元較107年0.88元增加，108年非擔任主管職務之全時員工薪資-平均數901 (仟元/人)較107年845(仟元/人)增加，員工薪酬與公司經營績效成正比。
2019,2007,鋼鐵工業,429,241908,564,530.0,-1.21,985,0.56,,,,
2019,2008,鋼鐵工業,218,110115,505,479.0,-0.62,985,0.56,,,True,資深員工大多辦理退休，新進人員增加，且流動率高，新進人員薪資起薪較低，兩者相較落差大，使平均薪資減少。
2019,2009,鋼鐵工業,251,126431,504,482.0,-0.28,985,0.56,,,,
2019,2010,鋼鐵工業,1397,901566,645,573.0,0.37,985,0.56,,,,
2019,2012,鋼鐵工業,641,362644,566,499.0,1.6,985,0.56,,True,,春雨公司本年度獲利主要係由認列轉投資公司損益，及其他收入和其他利益所致，若以排除前述營業外損益後之獲利比較，本公司非經理人之全時員工薪資平均數並無低於同業水準。
2019,2013,鋼鐵工業,430,458264,1066,957.0,0.82,985,0.56,,,,
2019,2014,鋼鐵工業,1223,931438,762,721.0,0.01,985,0.56,,,,
2019,2015,鋼鐵工業,837,781075,933,854.0,3.37,985,0.56,,True,,"因員工薪酬制度係依公司經營績效提列，本公司108年每股盈餘(元) 3.37元較107年 5.06下滑減幅 33%，致108年非擔任主管職務之全時員工薪資-平均數 933(仟元/人)較107年1,019(仟元/人)下降降幅 8%。"
2019,2017,鋼鐵工業,400,179827,450,410.0,-0.5,985,0.56,True,,,1.本公司外籍員工佔總員工人數25%，故影響本公司總平均薪資。2.108年度受景氣影響，其產量及加班時數減少，員工加班費及生產獎金相對減少。3.108年度年度結算虧損，年終獎金發放減少，影響平均薪資。
2019,2020,鋼鐵工業,313,211065,674,604.0,1.96,985,0.56,,True,,"本公司108年度獲利若扣除營建及國外轉投資獲利後, 本公司非經理人之全時員工薪資平均數無低於同業水準."
2019,2022,鋼鐵工業,134,66513,496,436.0,-1.64,985,0.56,True,,,(1)108年非擔任主管職務之全時員工薪資平均數為496仟元，較前一年度低的原因為108年度基層人員多，人力結構中外籍移工約佔1/5。(2)108年度因產量因素，員工加班時數下降，加班費減少，影響平均薪資。
2019,2023,鋼鐵工業,1342,1027075,765,736.0,-0.73,985,0.56,,,,
2019,2024,鋼鐵工業,177,90946,514,462.0,0.18,985,0.56,,,,
2019,2025,鋼鐵工業,99,49755,503,496.0,-0.63,985,0.56,,,,
2019,2027,鋼鐵工業,959,531275,554,514.0,1.49,985,0.56,,True,,"108年度發放之獎金部分由107年度應付員工紅利支付,使得108年度帳列獎金降低"
2019,2028,鋼鐵工業,320,205502,642,596.0,0.6,985,0.56,,True,,為了公司穩健長久經營，雖然獲利狀況良好，但考慮公司仍存在未彌補虧損數需靠未來獲利改善，且鋼鐵景氣依然不振，故員工薪資未與營業績效做連結。
2019,2029,鋼鐵工業,559,507458,908,889.0,0.11,985,0.56,,,,
2019,2030,鋼鐵工業,662,383991,580,509.0,0.94,985,0.56,,True,,"1)本公司108年非擔任主管職務之全時員工薪資平均數580仟元/人,較107年578仟元/人增加0.3%。2)部份職務由外籍勞工擔任,108年佔總員工人數28%,故影響總平均薪資。"
2019,2031,鋼鐵工業,209,128977,617,550.0,0.39,985,0.56,,,,
2019,2032,鋼鐵工業,178,90778,510,480.0,0.36,985,0.56,,,,
2019,2033,鋼鐵工業,127,61977,488,470.0,0.45,985,0.56,True,,,本公司薪資一向優於政府法規，但礙於獲利(產品別與同業不盡相同)，薪資水準無法與一般同業相比，日後公司將秉持照顧員工初衷，持續加強公司競爭力，增進公司獲利率，將利潤分享員工，給員工更好薪資及福利。
2019,2034,鋼鐵工業,874,562631,644,576.0,1.53,985,0.56,,True,,1.配合公司人力需求，聘僱外籍人士比例較高。2.108年度每股盈餘較107年度衰退約3成，故108年度獎金發放亦較107年度保守，影響薪資平均數衰退約1成。
2019,2035,鋼鐵工業,699,804120,1150,1269.0,0.04,684,0.79,,,,
2019,2038,鋼鐵工業,382,189976,497,478.0,-1.4,985,0.56,True,,,1.新進人員比例提高，多半未接觸過煉鋼廠、軋鋼廠作業程序，致降低平均薪資金額。2.工廠聘用外勞比例增加來從事現場工作，  致平均薪資水準壓低。
2019,2049,電機機械,4795,3188315,665,630.0,6.03,696,1.78,,True,,1.本公司生產製造主要集中於台灣，台灣總公司人力結構以一般生產人員佔多數2.本公司外籍勞工人數佔總人數約22%，拉低整體薪資平均數3.本公司大力推廣產學合作，產攜生人數約8%，因其無加班致拉低整體薪資平均數
2019,2059,電子零組件業,503,313632,624,500.0,16.35,800,4.29,,True,,本公司生產製造皆在台灣，以致非經理人全時員工薪資平均數低於同業水準。然而本公司於年度終了依照經營績效與獲利狀況扣除應有稅捐及法定提撥後倘有盈餘，即秉持著與全體員工共享之理念與全員共享。
2019,2061,電器電纜,3,1488,496,527.0,-0.18,760,-0.57,True,True,,本公司員工薪酬包括本薪、獎金及紅利，本薪係依據各職務之內容與性質訂定，除符合法律規定最低標準亦反應公司整體營運成本效益，再根據過去一年的績效表現給予適當調薪，獎金及紅利則隨著公司獲利狀況而給予。
2019,2062,其他,826,413174,500,415.0,0.43,819,3.81,,,,
2019,2063,鋼鐵工業,293,153515,524,478.0,3.36,684,0.79,,True,,"本公司108年度平均薪資調幅為3%-5%,員工酬勞金額較107年度增加約12%,顯示本公司獲利雖受經濟景氣影響而微幅減少,但仍重視員工福利的提升,惟因外籍移工比例以及年終獎金發放基數微幅減少而使薪資平均數較107年度減少"
2019,2064,鋼鐵工業,211,109216,518,481.0,-0.82,684,0.79,,,,
2019,2065,鋼鐵工業,280,167711,599,516.0,4.26,684,0.79,,True,,本年度總員工人數增8%，平均薪資599仟元，較去年成長8.9%。本公司員工之結構，外籍員工占總員工人數約30%，致平均薪資略低於同業。
2019,2066,電機機械,196,88233,450,407.0,4.51,603,1.52,True,True,,公司經營績效與員工薪酬連結，符合績效考核標準予以至少兩個月獎金發放，以鼓勵員工達成公司營業目標。本公司產線作業員(含外勞)較多，技術含量不高，拉低薪資平均數字，但在南部業界整體薪資尚屬合理。
2019,2067,電機機械,182,76978,423,414.0,-1.25,603,1.52,True,,,108年度受中美貿易紛爭反覆不斷，衝擊終端客戶銷售，間接影響公司接單狀況，業績衰退約三成，營業淨利僅468仟元，致使108年員工加班費及年終獎金大幅減少，薪資平均數由506仟元下降致423仟元
2019,2069,鋼鐵工業,129,59921,465,411.0,0.05,985,0.56,True,,,"1、員工平均年資較同業低，故薪資相對較低。2、外籍勞工佔比約20%,拉低平均薪資。3、108年公司獲利不佳，獎金金額減少。"
2019,2070,電機機械,180,93213,518,487.0,0.56,603,1.52,,,,
2019,2101,橡膠工業,1231,939084,763,656.0,1.42,659,1.14,,,,
2019,2102,橡膠工業,1023,573897,561,522.0,-1.46,659,1.14,,,,
2019,2103,橡膠工業,670,662324,989,899.0,0.9,659,1.14,,,,
2019,2104,橡膠工業,803,484752,604,479.0,1.2,659,1.14,,True,,EPS為集團共同努力成果，惟本公司於107年分割轉移營業及員工予二家子公司(該子公司非重要子公司)，故無列入計算。而列入計算之重要子公司因屬電子產品製造業，所需生產線人力約佔總人數70%，故整體薪資平均數拉低。
2019,2105,橡膠工業,5991,3861817,645,612.0,1.07,659,1.14,,,,本公司有訂定合理薪資報酬政策並配合每年經營績效，並依照個人績效達成率及對公司績效的貢獻度考核結果發給，定期舉辦員工教育訓練，提升員工企業倫理觀念，以激勵員工與企業共同成長。
2019,2106,橡膠工業,1810,969671,536,500.0,1.16,659,1.14,,True,,1.108年獲利增長係受惠於原材料價格下降，該年調薪4.5%，高於業界平均4.2%。2.本公司小胎占比高，高平均人力致可調整之薪資較業界相對低。3.本公司自2012年起迄今不計盈虧，逐年調薪2~5%。
2019,2107,橡膠工業,186,106200,571,530.0,1.54,659,1.14,,True,True,本公司108年EPS雖較前年EPS成長，但主要貢獻多來自於營建房屋銷售部份。另，本公司製造部108年業績較前一年衰退，人員加班之薪資支出明顯減少所致。
2019,2108,橡膠工業,284,379868,1338,1270.0,2.9,659,1.14,,,,
2019,2109,橡膠工業,717,400529,559,492.0,0.03,659,1.14,,,,
2019,2114,橡膠工業,104,52277,503,470.0,5.63,659,1.14,,True,,本公司經營績效良好係致力於高度自動化生產及生產高附加價值之產品， 而非用大量員工，108年EPS較去年增加，係受惠於業外利益增加，本業營收與去年比較下降，故員工生產工時及員工紅利減少，致平均薪資亦相對下降。
2019,2201,汽車工業,1035,1011137,977,941.0,-16.61,710,0.31,,,,
2019,2204,汽車工業,2058,2146099,1043,968.0,-2.38,710,0.31,,,,
2019,2206,汽車工業,2206,1678252,761,752.0,2.71,710,0.31,,,,
2019,2207,汽車工業,519,1095267,2110,1743.0,21.55,710,0.31,,,,
2019,2208,航運業,2919,2913315,998,1105.0,-3.91,1175,0.5,,,True,"本公司107年度EPS-8.87、108年度EPS-3.91，107年度薪資平均數1,016仟元、108年度薪資平均數998仟元，108年度稅後虧損較107年度減少，另因應退休潮及發展新事業，大量招考新進人員，以致於薪資平均數較前一年度減少"
2019,2221,其他,232,118540,511,443.0,2.46,612,2.1,,True,,本公司108年獲利較107年衰退，員工非經常性薪資-獎金發放數有下降，然未來年度仍會依整體經營績效而持續做相關調整，且公司非台籍員工比重較高，亦導致平均薪資拉低，若排除非台籍員工則可達約56萬。
2019,2227,汽車工業,391,506479,1295,1216.0,24.27,710,0.31,,,,
2019,2228,汽車工業,376,212080,564,479.0,8.66,710,0.31,,True,,1.108年度獲利主要歸功海外子公司。2.合理性：近10年平均調薪幅度超過3 %。3.關聯性：自105年度起，依據年度獲利狀況發放員工酬勞。每年視經營績效，經董事會決議調薪幅度與年終獎金發放金額。
2019,2230,電機機械,101,37598,372,343.0,0.03,603,1.52,True,,,"1.外籍員工佔全公司人數約1/5，月薪約23,100元，拉低平均薪資數。2.現場作業人員(如：包裝、生管、品管)，佔全公司人數2/3，月薪約23,100元，拉低平均薪資數。"
2019,2231,汽車工業,401,232064,579,491.0,8.0,710,0.31,,True,,1.本公司2019年薪資平均數579(新台幣仟元)，高於薪資平均數50萬元。2.本公司EPS稅後淨利較2018年減少3.1元，員工人數較2018年增加32.7%，薪資平均數較前一年度減少。
2019,2233,汽車工業,263,148591,565,703.0,5.07,710,0.31,,True,,本公司現場直接人員佔總人數52%，且因地區限制致員工招募不易，故任用須搭配聘僱外籍移工，人數佔比38%，由於人員結構而直接影響薪資平均水準。
2019,2235,電機機械,227,103764,457,409.0,3.09,603,1.52,True,True,True,此資訊僅計算在台員工，本公司無海外產線，產線人數約184 人，約佔81%，且本公司非高科技產業，產線技術性低，故拉低薪資平均數。同業營收規模大，且多有工廠在海外，在台員工以間接人員為多，故本公司會低於同業。
2019,2301,電腦及週邊設備業,4252,5548334,1305,1067.0,4.03,1190,3.22,,,,
2019,2302,半導體業,64,33186,519,382.0,0.0,1230,6.68,,,,
2019,2303,半導體業,13580,14929815,1099,971.0,0.82,1230,6.68,,,True,薪酬分為固定與變動，以求充份反映個人與團隊績效。基於不同獎酬目的，提供多元薪資組合，如績效獎金、簽約金、員工酬勞等。當經營績效佳，亦會反映於員工整體薪酬中，如公司年度有獲利，將提撥不低於5%為員工酬勞。
2019,2305,電腦及週邊設備業,105,69474,662,620.0,0.01,1190,3.22,,,True,108年因承做政府機關勞務掃描標案，聘用定期契約人員。因契約人員僅從事掃描等技術性較低之業務，薪資較本公司其他具備年資，且從事研發、業務、財務及製造之員工低，但整體薪資水準與同業同性質工作無重大差異。
2019,2308,電子零組件業,8768,12249043,1397,1153.0,8.9,800,4.29,,,True,1.若僅算職員，去年薪資平均數為157.9萬，較前年160.6萬接近。2.排除購併公司而認列之利益，去年員工酬勞分配較前年度仍有增長。3.去年增補作業員較多，佔全體員工比例提高(11%至17%)，致薪資平均數較前年下降。
2019,2312,其他電子業,564,599498,1063,906.0,0.34,1157,6.74,,,,
2019,2313,電子零組件業,4172,2849330,683,608.0,3.21,800,4.29,,,,
2019,2314,通信網路業,336,323854,964,847.0,0.01,1132,2.08,,,,
2019,2316,電子零組件業,1563,792187,507,471.0,2.55,800,4.29,,,,
2019,2317,其他電子業,3590,8621989,2402,1538.0,8.32,1157,6.74,,,,
2019,2321,通信網路業,162,128082,791,625.0,-0.78,1132,2.08,,,,
2019,2323,光電業,1278,674473,528,485.0,0.2,816,0.0,,True,,108年所申報非擔任主管職務的全時員工薪資低於同業平均數，推估係因本公司人力結構分佈屬直接員工約占總人數之八成五所致。
2019,2324,電腦及週邊設備業,6915,8606073,1245,1079.0,1.6,1190,3.22,,,,
2019,2327,電子零組件業,3122,1929244,618,502.0,16.35,800,4.29,,True,,"因台灣區基層員工人數相對於全體員工比重較高(超過50%)。公司依員工職責考核個人績效表現及對公司的貢獻度給予相對應的薪酬,公司營收獲利因市場因素成長,短期未即時反應員工薪資,後續參考同業薪資水平做合理調整"
2019,2328,電子零組件業,36,49967,1388,1420.0,1.99,800,4.29,,,,
2019,2329,半導體業,5442,2838746,522,457.0,1.06,1230,6.68,,,,
2019,2330,半導體業,43430,86037543,1981,1596.0,13.32,1230,6.68,,,,
2019,2331,電腦及週邊設備業,742,707212,953,763.0,0.08,1190,3.22,,,,
2019,2332,通信網路業,663,700921,1057,953.0,-0.78,1132,2.08,,,,
2019,2337,半導體業,3783,4782679,1264,985.0,1.64,1230,6.68,,,,
2019,2338,半導體業,203,187105,922,796.0,2.19,1230,6.68,,,,
2019,2340,光電業,1265,884726,699,592.0,1.45,816,0.0,,True,,1.人力結構分佈直接員工佔總人數近6成(外籍佔直接3成)，故拉低總平均薪資。2.當年度在職月數未達12個月者，在本次申報近1成，故影響總平均薪資。排除上述原因，薪資平均數仍維持在平均水準上。
2019,2342,半導體業,591,414742,702,617.0,-2.56,1230,6.68,,,,
2019,2344,半導體業,2808,3794367,1351,1193.0,0.32,1230,6.68,,,,
2019,2345,通信網路業,1929,2082241,1079,687.0,8.91,1132,2.08,,True,True,相較於2018年，智邦擴大台灣產能，大量招募技術員，人數成長 44.5%。由於新進人員以技術員為最大宗，2019年薪資平均數較2018年微幅下降 4.8%。
2019,2347,電子通路業,775,774364,999,817.0,4.09,923,3.57,,,,
2019,2348,其他,138,179271,1299,979.0,6.59,819,3.81,,,True,本公司108年新進人員佔比例高，申報總員工人數較107年申報人數增加約80%，兩年度員工平均薪資略降8%，致使本年度EPS增加，而薪資平均數降低之情況。
2019,2349,光電業,867,514138,593,500.0,-1.76,816,0.0,,,,
2019,2351,半導體業,1371,818255,597,517.0,2.7,1230,6.68,,,,
2019,2352,電腦及週邊設備業,1558,2246393,1442,1210.0,1.82,1190,3.22,,,,
2019,2353,電腦及週邊設備業,1513,2060486,1362,1122.0,0.87,1190,3.22,,,,
2019,2354,其他電子業,153,467177,3053,2388.0,5.04,1157,6.74,,,,
2019,2355,電子零組件業,3387,2103221,621,560.0,1.66,800,4.29,,,,
2019,2356,電腦及週邊設備業,4315,4702186,1090,920.0,1.54,1190,3.22,,,,
2019,2357,電腦及週邊設備業,5426,8034138,1481,1173.0,16.34,1190,3.22,,,,
2019,2358,其他,155,66209,427,379.0,0.01,819,3.81,True,,,因公司目前尚在彌補虧損階段，待有獲利，再重新調整薪資結構。
2019,2359,其他電子業,196,168823,861,782.0,1.86,1157,6.74,,,,
2019,2360,其他電子業,1612,1593996,989,855.0,4.48,1157,6.74,,,,
2019,2362,電腦及週邊設備業,475,536977,1130,1016.0,1.75,1190,3.22,,,,
2019,2363,半導體業,175,214275,1224,1115.0,-0.42,1230,6.68,,,,
2019,2364,電腦及週邊設備業,150,108972,726,656.0,-0.3,1190,3.22,,,,
2019,2365,電腦及週邊設備業,61,53461,876,777.0,0.65,1190,3.22,,,,
2019,2367,電子零組件業,4880,3243985,665,585.0,2.8,800,4.29,,,,
2019,2368,電子零組件業,2084,1153889,554,493.0,0.24,800,4.29,,,,
2019,2369,半導體業,2081,1072696,515,445.0,-1.47,1230,6.68,,,,
2019,2371,電機機械,2692,1738642,646,567.0,1.24,696,1.78,,,,
2019,2373,其他電子業,949,661858,697,628.0,6.12,1157,6.74,,,,
2019,2374,光電業,522,543935,1042,990.0,-1.41,816,0.0,,,,
2019,2375,電子零組件業,16,10994,687,678.0,2.83,800,4.29,,,,
2019,2376,電腦及週邊設備業,2459,2496344,1015,766.0,3.05,1190,3.22,,,,
2019,2377,電腦及週邊設備業,2221,2930797,1320,1105.0,6.61,1190,3.22,,,,
2019,2379,半導體業,3582,7522154,2100,1819.0,13.36,1230,6.68,,,,
2019,2380,電腦及週邊設備業,383,314323,821,716.0,-1.22,1190,3.22,,,,
2019,2382,電腦及週邊設備業,7019,9440769,1345,1151.0,4.14,1190,3.22,,,True,主因本公司108年於華亞科學園區內擴充台灣的製造產能，使員工結構、直間接人員比率大幅變動，生產線直接員工人數較前年度增幅27倍，大幅增加逾千人。
2019,2383,電子零組件業,839,657134,783,684.0,10.14,800,4.29,,True,,公司投入成本推行精實化生產及自動化生產，減少人力/加班需求，員工加班時數較低。
2019,2385,電子零組件業,706,1229054,1741,1485.0,8.45,800,4.29,,,,
2019,2387,電腦及週邊設備業,255,171400,672,610.0,0.04,1190,3.22,,,,
2019,2388,半導體業,429,622708,1452,1297.0,0.09,1230,6.68,,,,
2019,2390,其他電子業,70,53026,758,720.0,-0.84,1157,6.74,,,,
2019,2392,電子零組件業,693,706502,1019,915.0,4.1,800,4.29,,,,
2019,2393,光電業,1404,1018458,725,572.0,1.86,816,0.0,,True,,億光公司以產業特性兼顧外部競爭、內部公平為前提，提供多元並具競爭力的薪酬制度，秉持員工利潤共享的理念，留任、培育與激勵優秀人才。配合營運績效表現，億光公司整體薪酬在同業以維持在一定的水準而努力。
2019,2395,電腦及週邊設備業,2890,2896175,1002,855.0,10.51,1190,3.22,,True,,"秉持公司經營績效與員工薪酬緊密連結，本公司薪酬結構除本薪,另有績效獎金、員工分紅及員工認股權憑證。在人力結構上，有40%員工服務於製造體系，因此相較同業有所不同。"
2019,2397,電腦及週邊設備業,608,481710,792,644.0,5.51,1190,3.22,,True,,公司人力結構，約兩成人力為外籍勞工，故員工平均薪資數呈現上，表現低於同業，但在公司與員工努力下，平均薪資較去年成長。未來公司仍持續以提升全體員工之薪酬及員工福利措施為首要目標。
2019,2399,電腦及週邊設備業,133,97440,733,630.0,0.04,1190,3.22,,,True,"本公司108年的獲利只是接近損益二平,此獲利則小於技嘉,微星,華擎等同業, 故員工平均薪資低於同業"
2019,2401,半導體業,291,406778,1398,1249.0,0.03,1230,6.68,,,True,數字差異主要來自於久任獎金的發放時間點，同一份合約在107年的1月跟12月各發了一次，所以107年比108年金額多。
2019,2402,電子零組件業,117,78558,671,584.0,0.74,800,4.29,,,,
2019,2404,其他電子業,691,992131,1436,1229.0,14.77,1157,6.74,,,,
2019,2405,電腦及週邊設備業,262,226931,866,735.0,0.01,1190,3.22,,,,
2019,2406,光電業,161,113264,704,632.0,0.74,816,0.0,,True,,本公司108年度獲利主要來源是出售廠房，如若扣除出售廠房因素，去年主要產品經營績效是虧損。
2019,2408,半導體業,3133,4386425,1400,1163.0,3.23,1230,6.68,,,,
2019,2409,光電業,21955,20038867,913,730.0,-2.0,816,0.0,,,,
2019,2412,通信網路業,21473,31835605,1483,1466.0,4.23,1132,2.08,,,,
2019,2413,電子零組件業,630,324332,515,441.0,-1.48,800,4.29,,,,
2019,2414,電子通路業,360,280782,780,689.0,1.81,923,3.57,,,,
2019,2415,電子零組件業,22,21347,970,847.0,0.62,800,4.29,,,,
2019,2417,電腦及週邊設備業,180,183202,1018,969.0,0.02,1190,3.22,,,,
2019,2419,通信網路業,206,230143,1117,958.0,0.98,1132,2.08,,,True,主要係公司108年人員組成結構調整/高階主管未調薪所致
2019,2420,電子零組件業,580,338707,584,452.0,3.19,800,4.29,,,,
2019,2421,電子零組件業,485,445369,918,767.0,2.71,800,4.29,,,,
2019,2423,其他電子業,370,341090,922,829.0,2.15,1157,6.74,,,,
2019,2424,電腦及週邊設備業,15,12077,805,660.0,-3.63,1190,3.22,,,,
2019,2425,電腦及週邊設備業,14,9212,658,720.0,1.06,1190,3.22,,,,
2019,2426,光電業,667,326673,490,428.0,0.6,816,0.0,True,True,,"1.本公司為電子零組件產業,以台灣生產為重心,生產人員占比由63%提升至66%,故平均薪資降低。2.在職月數未達12個月占總人數13%,影響總體平均薪資。3.108年EPS扣除業外收入後為-0.12,獲利表現並未高於同業平均。"
2019,2427,資訊服務業,618,434115,702,646.0,0.63,911,3.43,,,,
2019,2428,電子零組件業,403,275564,684,557.0,8.71,800,4.29,,True,,本公司直接人員約佔員工人數65%；間接人員含技術、研發、管理約佔員工人數35%。本公司屬勞力密集產業，員工薪酬及公司經營績效配置應屬合理。
2019,2429,光電業,55,24342,443,366.0,-3.95,816,0.0,True,,,因目前公司營運處於調整階段，面對巿場同業競爭壓力，公司戮力改善獲利情況。2019全時員工(年度)薪資平均數雖未達50萬元，相較前一年度仍成長了11%，足見管理階層對員工薪酬提升之重視。
2019,2430,電子通路業,2006,1150440,573,529.0,1.27,923,3.57,,,,
2019,2431,電子零組件業,64,51053,798,712.0,0.08,800,4.29,,,True,1.係因本公司107年度虧損，但為提升員工士氣及留任人才，對於非經常性薪資之獎勵，107年度發放金額高於108年度，以致108年度薪資平均數略為減少。2.實際上108年度給予經常性薪資是較前一年度高。
2019,2433,其他電子業,397,272970,688,637.0,4.24,1157,6.74,,,True,"本公司108年度與子公司之已實現銷貨利益較前一年度增加2,947仟元及投資收益增加65,703仟元，扣除此部分，本公司108年度EPS3.69元，較前一年度略增0.03元，故就目前公司經營績效與員工薪酬之關聯，應屬合理。"
2019,2434,半導體業,80,44458,556,490.0,-3.39,1230,6.68,,,,
2019,2436,半導體業,275,325078,1182,1111.0,1.84,1230,6.68,,,,
2019,2438,光電業,22,12212,555,544.0,-0.86,816,0.0,,,,
2019,2439,通信網路業,590,596066,1010,776.0,12.51,1132,2.08,,True,,因每間公司的產業型態不同(本公司非屬電信業者)、服務客戶、產品、相關技術不盡相同，實際營運與組織功能(本公司非屬品牌公司)有落差，獲利情形及股本不盡相同，經試算本公司平均薪資占整體獲利與同業差異不大。
2019,2440,電子零組件業,19,14212,748,690.0,-0.27,800,4.29,,,True,公司EPS雖較前一年度增加，但本年度仍處於虧損狀況。因員工薪酬之年度績效獎金是與公司經營績效為連動性，礙於公司因連續二年度虧損，故本年度績效獎金發放基數較前年度調降，所致員工薪資平均數減少。
2019,2441,半導體業,3495,2567396,735,614.0,3.33,1230,6.68,,,,
2019,2442,電腦及週邊設備業,44,43467,988,780.0,0.71,1190,3.22,,,,
2019,2443,其他,26,17219,662,582.0,-1.9,819,3.81,,,True,本公司108年度採用權益法之子公司損益份額增加約新台幣1.3億元致本期EPS較上年度有所增加，而非擔任主管職務之全時員工薪資平均數較前一年度減少係因部份高薪人員於108年變更身分為擔任主管之全時員工。
2019,2444,通信網路業,457,202088,442,360.0,-0.26,1132,2.08,True,,True,本公司正值轉型期，108年營收雖然增長但毛利率仍低，本薪未能調整原因在此，相對影響統計後之平均薪資。
2019,2449,半導體業,6594,4657759,706,593.0,2.49,1230,6.68,,,,
2019,2450,通信網路業,2381,1362870,572,538.0,1.59,1132,2.08,,,,
2019,2451,半導體業,1055,756845,717,581.0,4.01,1230,6.68,,,,
2019,2453,資訊服務業,922,768057,833,747.0,1.29,911,3.43,,,,
2019,2454,半導體業,8218,21751591,2647,2339.0,14.69,1230,6.68,,,True,本公司整體獎酬機制配合公司整體營運目標，並依據同仁所擔任職務及個人績效表現訂定而成。查2019年因員工人數相較上個年度增加，以致整體員工平均薪資微幅降低，但仍屬業界領先族群。
2019,2455,通信網路業,227,202231,891,644.0,2.79,1132,2.08,,True,,本公司屬製造業，直接人力佔全公司63.79%且滿半年未滿一年佔7.43%，108年EPS$2.79比107年EPS$2.16成長，108年員工薪資平均數$891(仟元/人)亦比107年員工薪資平均數$833(仟元/人)增加，尚屬合理。
2019,2456,電子零組件業,619,409809,662,480.0,4.71,800,4.29,,True,,108年非擔任主管職務之全時員工，多數為生產線基層人員，公司雖有獲利，但薪資結構較難於一年內大幅增加，間接管理人員薪資平均數已較前一年提升。
2019,2457,電子零組件業,496,423125,853,737.0,-0.11,800,4.29,,,,
2019,2458,半導體業,863,1456502,1688,1594.0,8.57,1230,6.68,,,,
2019,2459,其他電子業,62,57537,928,862.0,4.2,1157,6.74,,,,
2019,2460,電子零組件業,127,65036,512,461.0,-1.13,800,4.29,,,,
2019,2461,其他電子業,105,66047,629,545.0,-0.79,1157,6.74,,,,
2019,2462,電子零組件業,46,39097,850,777.0,0.93,800,4.29,,,,
2019,2464,其他電子業,1045,1124277,1076,907.0,3.49,1157,6.74,,,,
2019,2465,電腦及週邊設備業,276,219105,794,663.0,-0.36,1190,3.22,,,,
2019,2466,光電業,111,67704,610,442.0,0.18,816,0.0,,True,True,"1.108年度本公司EPS為0.18,唯扣除海外子公司併入之評價利益後為-1.27,獲利表現未高於同業平均。2.本公司員工薪酬依「考核管理作業辦法」,依其對公司績效貢獻度,給予合理的報酬。"
2019,2467,電子零組件業,330,316838,960,840.0,2.09,800,4.29,,,,
2019,2468,資訊服務業,294,197287,671,594.0,0.66,911,3.43,,,,
2019,2471,資訊服務業,250,271446,1086,984.0,1.69,911,3.43,,,,
2019,2472,電子零組件業,87,72000,828,740.0,3.35,800,4.29,,,,
2019,2474,其他電子業,4122,2731433,663,570.0,14.63,1157,6.74,,True,,電子業產品生產型態不相同，人力結構組成就不相同，台灣可成直接人力佔全公司比重約65%，因此在年薪呈現上會較許多電子業在台灣是以研發為主的公司低。
2019,2476,電子零組件業,630,428294,680,579.0,1.79,800,4.29,,,,
2019,2477,其他電子業,121,102749,849,759.0,2.12,1157,6.74,,,,
2019,2478,電子零組件業,664,394307,594,458.0,2.3,800,4.29,,,,
2019,2480,資訊服務業,444,426638,961,888.0,4.2,911,3.43,,,,
2019,2481,半導體業,1348,766468,569,473.0,1.5,1230,6.68,,,,
2019,2482,其他電子業,246,165502,673,565.0,0.39,1157,6.74,,,True,"1.主係108年度有高於平均薪資的員工陸續離職,且公司未再招聘,故影響108年度平均薪資較107年減少。2.EPS增加主係營業毛利及營業淨利增加。"
2019,2483,電子零組件業,532,247371,465,386.0,1.43,800,4.29,True,,,"本公司於台灣製造電子零組件等,生產線員工多,其中屬外籍移工達144人,達平均員工人數532人27%,以致平均薪資僅新台幣465仟元."
2019,2484,電子零組件業,655,333631,509,466.0,0.76,800,4.29,,,,
2019,2485,通信網路業,1053,568329,540,379.0,-0.37,1132,2.08,,,,
2019,2486,光電業,683,397424,582,521.0,-0.9,816,0.0,,,,
2019,2488,其他電子業,151,107308,711,608.0,3.5,1157,6.74,,,,
2019,2489,光電業,294,308198,1048,926.0,0.01,816,0.0,,,,
2019,2491,光電業,5,2822,564,521.0,5.48,816,0.0,,True,,本公司員工薪酬政策，依員工職責考核其個人績效表現及對公司之貢獻度，並考量公司營運狀況來給予相應之酬金。本期EPS獲利表現較同業為佳，係子公司處分廠房，致非經常性業外利益大幅增加，故尚難與同業做客觀比較
2019,2492,電子零組件業,2280,1540191,676,483.0,13.72,800,4.29,,True,,本公司之變動薪係與公司經營績效連結，依據每季及年度獲利提撥；2019年之獲利較2018年減少66%，因此2019年之總體薪資較2018年下降。
2019,2493,電子零組件業,256,212013,828,731.0,2.0,800,4.29,,,,
2019,2495,其他電子業,424,375317,885,785.0,0.73,1157,6.74,,,,
2019,2496,其他,38,23076,607,548.0,4.41,819,3.81,,True,,本公司業務為教育服務與光纖製造及銷售，光纖事業部投入生產製造之作業員人數佔總人數39.47%，故影響整體平均薪資，另本公司獲利來源中，轉投資收益佔36%，若排除此部分，獲利表現未優於同業。
2019,2497,汽車工業,463,256098,553,509.0,0.01,710,0.31,,,,
2019,2498,通信網路業,3447,3780323,1097,790.0,-11.43,1132,2.08,,,,
2019,2501,建材營造,128,131254,1025,968.0,1.18,795,1.39,,,,
2019,2504,建材營造,564,434284,770,685.0,0.8,795,1.39,,,,
2019,2505,建材營造,50,46247,925,851.0,0.08,795,1.39,,,,
2019,2506,建材營造,64,45172,706,670.0,-0.25,795,1.39,,,,
2019,2509,建材營造,41,33029,806,761.0,2.16,795,1.39,,,,
2019,2511,建材營造,205,152480,744,677.0,0.59,795,1.39,,,,
2019,2514,其他,20,23550,1178,1019.0,1.87,819,3.81,,,,
2019,2515,建材營造,837,593230,709,641.0,0.2,795,1.39,,,,
2019,2516,建材營造,671,446569,666,614.0,0.15,795,1.39,,,,
2019,2520,建材營造,74,71327,964,884.0,2.6,795,1.39,,,True,因應本公司留才育才之人力職涯發展規劃，係108年度部份同仁晉升為經理人以致非經理人之全時員工薪資平均數較前一年度微幅下降。
2019,2524,建材營造,29,27521,949,852.0,4.3,795,1.39,,,,
2019,2527,建材營造,27,21362,791,808.0,2.84,795,1.39,,True,True,每股盈餘較同業高，係本期銷售廠辦致獲利增加，該交易非屬經常發生，不影響員工平均薪資。108年因資深員工離職且新進資淺人員，與107年相比平均人數相近，惟薪資結構致108年薪資總額減少，薪資平均數下降。
2019,2528,建材營造,27,17653,654,653.0,-0.38,795,1.39,,,,
2019,2530,建材營造,25,25387,1015,977.0,-0.25,795,1.39,,,,
2019,2534,建材營造,66,49573,751,692.0,1.89,795,1.39,,True,,宏盛99年起每股盈餘低於同業，104~105年稍有起色， 108年度每股盈餘較107年度低，由4.07 降至1.89 公司秉持照顧員工，未降低薪資條件，為健全公司體質，營造更良好的投資環境，故108年整體薪資發放較為保守。
2019,2535,建材營造,464,478685,1032,963.0,2.26,795,1.39,,,,
2019,2536,建材營造,19,25366,1335,1139.0,1.83,795,1.39,,,,
2019,2537,建材營造,24,18244,760,629.0,-0.88,795,1.39,,,,
2019,2538,建材營造,7,7534,1076,1159.0,-0.68,795,1.39,,,,
2019,2539,建材營造,38,32347,851,650.0,3.22,795,1.39,,,,
2019,2540,建材營造,94,156773,1668,941.0,1.38,795,1.39,,,,
2019,2542,建材營造,271,270170,997,753.0,2.66,795,1.39,,,,
2019,2543,建材營造,846,469693,555,452.0,0.1,795,1.39,,,,本公司申報108年度「非擔任主管職務之全時員工薪資資訊檢查表」，係包含外籍移工，占總員工的比例為39.5%，平均年薪378仟元。本國籍員工為512人，年薪平均670仟元，中位數620仟元。
2019,2545,建材營造,39,31487,807,707.0,0.04,795,1.39,,,,
2019,2546,建材營造,676,494643,732,650.0,3.79,795,1.39,,True,,薪酬統計母群包含支領基本工資的外籍勞工(約1/3人數)，引進政策主係考量公共工程進度里程碑、解決下包人力短缺，以實現對業主承諾。因前述引進政策降低本地員工薪資平均數逾2成。另本國籍員工平均調薪幅度約3%。
2019,2547,建材營造,141,125561,891,826.0,0.45,795,1.39,,,,
2019,2548,建材營造,56,103680,1851,1767.0,11.35,795,1.39,,,,
2019,2596,建材營造,9,6327,703,710.0,0.41,847,1.02,,,,
2019,2597,建材營造,605,557749,922,700.0,5.03,795,1.39,,,,
2019,2601,貿易百貨,33,29257,887,841.0,2.23,817,3.97,,,,
2019,2603,航運業,1629,1763425,1083,948.0,0.02,1175,0.5,,,,
2019,2605,航運業,36,50172,1394,1360.0,0.15,1175,0.5,,,,
2019,2606,航運業,218,280556,1287,1142.0,1.92,1175,0.5,,,,
2019,2607,航運業,1036,862610,833,820.0,0.79,1175,0.5,,True,,上市公司航運業涵蓋海運、航空及陸運三大類，因市場規模及行業特性所需之專業技能不同，薪酬行情亦有差異，海運業海勤人員及航空業機師、空服員薪資本較陸運業人員高，以陸運業而言，本公司薪酬並未低於同業水準。
2019,2608,航運業,4274,2788432,652,636.0,2.9,1175,0.5,,True,,本公司雖屬航運業，但以陸地為營運主軸。陸運業者所需人力較多為基層勞力人員，與航運、空運業者是以高技術含量之專業員工佔居多數顯著不同。因此本公司非擔任主管職務之全時員工平均薪資本就難高於航運、空運業者。
2019,2609,航運業,1485,1540098,1037,914.0,-1.66,1175,0.5,,,,
2019,2610,航運業,10318,17072527,1655,1221.0,-0.22,1175,0.5,,,,
2019,2611,航運業,41,23313,569,506.0,-0.71,1175,0.5,,,,
2019,2612,航運業,46,53142,1155,1085.0,1.64,1175,0.5,,True,,"本公司依據公司薪資標準及員工所負責任輕重並參考業界一般薪資水準給付員工報酬。此外；每年度依營運達成情形,獲利狀況及員工績效考核結果作為給付之參考。因此公司經營績效及員工薪酬具有高度關聯性。"
2019,2613,航運業,691,412629,597,582.0,0.27,1175,0.5,,,,
2019,2614,其他,241,244135,1013,898.0,0.7,819,3.81,,,,
2019,2615,航運業,1002,1187761,1185,1084.0,1.61,1175,0.5,,,,
2019,2616,油電燃氣業,1038,815307,785,766.0,2.14,1167,3.52,,,,
2019,2617,航運業,219,232411,1061,917.0,1.44,1175,0.5,,True,,本公司因乙籍船員人數比例高，致統計數字偏差。
2019,2618,航運業,8332,12683214,1522,1022.0,0.83,1175,0.5,,,,
2019,2630,航運業,993,646427,651,612.0,0.37,1175,0.5,,,,
2019,2633,航運業,4477,4129347,922,831.0,1.42,1175,0.5,,True,,本公司每年視經營成果發放年終與績效獎金，並檢視辦理調薪，較諸人力結構、職務特性與一般市場薪酬行情，已具足夠競爭力。另於產業特性、經營區域及獎酬政策等與航運業相較皆非公允，薪資水準難有客觀一致標準。
2019,2634,航運業,5080,5209294,1025,896.0,1.99,1175,0.5,,True,,本公司行業特性偏屬製造業，相對與陸海空運之航運業技能、薪資等水準均各有所差異。
2019,2636,航運業,282,173699,616,513.0,2.15,1175,0.5,,True,,本公司員工與同業員工組成結構差異較大，本公司同業大多為航空公司及船公司，其員工結構為機師、空姐、船員，以及航太業專門技術人員等，屬於工時長、風險性高或技術門檻較高之職務，因此其薪資原本就較一般公司高。
2019,2640,其他,355,198727,560,460.0,5.07,612,2.1,,True,True,本公司屬傳統產業，且行業特性較為特殊，薪資水平較難與公司經營績麥有明確的關聯性。
2019,2641,航運業,33,21779,660,618.0,0.53,732,1.36,,,,
2019,2642,航運業,1778,1033049,581,557.0,1.69,1175,0.5,,True,,路線貨運公會成員包括：統一速達、新竹物流、嘉里大榮、通盈、祥億等及我司。證交所類別與路線貨運公會有差異。我司員工3.5頓貨車司機為主，市場行情年平均薪資42萬~48萬，年平均薪資58.1萬(107年54.9萬↑5.8%)
2019,2643,航運業,75,46192,616,539.0,4.6,732,1.36,,,,
2019,2701,觀光事業,17,7518,442,416.0,0.89,567,1.71,True,,,本公司營收來自租賃及育樂，租賃之招商、訂定係主管之職責，而育樂收入係受院線片強檔卡司陣容等因素影響。非主管之員工多從事一般事務工作，除有固定薪資保障外，並享有年終獎金、退休金、勞健保等一般員工福利。
2019,2702,觀光事業,86,34985,407,344.0,-0.04,567,1.71,True,,,員工核薪依薪資級距核訂，飯店業基層員工居多佔人力半數以上，且業界人員流動率高新進員工較多故拉低平均薪資。
2019,2704,觀光事業,1266,737367,582,467.0,1.05,567,1.71,,,,
2019,2705,觀光事業,1102,509523,462,371.0,-2.93,567,1.71,True,,True,1.108年已無六福皇宮因租金虧損因素，故淨虧損較107年低2.107年員工數含六福皇宮，基於城鄉差距及營運型態不同，台北薪資均較新竹區高，108年北區減少六福皇宮員工，故平均經常性薪資較107年度低
2019,2706,觀光事業,39,16626,426,397.0,1.06,567,1.71,True,,,本公司營業收入來自租賃及旅遊，租賃之作業由主管負責，旅遊收入係受大環境及政府政策推動所影響。本公司非主管員工係從事一般基本工作，除有固定薪資保障，並享有津貼、員工酬勞、退休金、勞健保等福利。
2019,2707,觀光事業,1311,815716,622,502.0,10.58,567,1.71,,,,
2019,2712,觀光事業,311,132830,427,348.0,-0.15,567,1.71,True,,True,1.員工薪資依公司薪資架構核定2.任用實習生人數每期約40名，其薪資為法定基本工資，使平均薪資較低3.每年進行花東地區同業薪資調查，使員工薪資具競爭力4.飯店人力結構以基層人力為主，但公司人數50%以上
2019,2718,觀光事業,153,67307,440,379.0,0.02,505,0.42,True,,,本公司提供住宿及餐飲服務屬勞力密集產業，需大量基層員工方能支應。另會與大專院校簽定學生實習合約，薪資經教育部及校方同意。基層員工及實習生占比為37%，扣該部分後全員平均薪資為51萬元，尚符合一般薪資水準
2019,2719,觀光事業,275,137653,501,425.0,-5.72,505,0.42,,,,
2019,2722,觀光事業,443,171038,386,337.0,0.36,567,1.71,True,,,本公司為旅館及餐館業，由於直接服務人員佔比高，且因配合政府推行大專院校建教實習合作，故非擔任主管職務之平均薪資較低。
2019,2727,觀光事業,3088,1765229,572,494.0,4.77,567,1.71,,,,
2019,2729,觀光事業,1346,738982,549,487.0,15.51,505,0.42,,,,
2019,2731,觀光事業,2416,1349411,559,471.0,3.14,567,1.71,,True,,因應門市展店發展，門市員工人數增加，其中9成以上為新進基層員工，新人學習養成期間，對於績效貢獻較低，造成平均薪資偏低。
2019,2732,觀光事業,191,105727,554,424.0,9.7,505,0.42,,,,
2019,2734,觀光事業,126,66429,527,469.0,-1.38,505,0.42,,,,
2019,2736,觀光事業,247,89518,362,315.0,-0.13,505,0.42,True,,,本公司薪資除遵照勞動基準法相關規定外，員工之核薪主要係依其職位、學歷、經歷等因素，並依照本公司薪資管理辦法之核定薪資，另基於飯店業產業特性，基層員工人數佔比較大。
2019,2739,觀光事業,1572,891118,567,478.0,1.11,567,1.71,,,,
2019,2740,觀光事業,68,28896,425,469.0,-8.62,505,0.42,True,,,本公司108年度處於品牌轉型期，積極尋找年輕夥伴，透過教育訓練加強向心力，並除固定本薪外，採取認股權以及業績獎金等激勵措施以刺激營運績效。整體因員工年資較淺以及薪資結構因素，導致平均薪資低於50萬元。
2019,2745,觀光事業,622,300397,483,443.0,0.89,505,0.42,True,True,,本公司屬勞力密集產業，基層勞力以業務人員為主。除固定底薪外，每月薪資約50%來自業績獎金。獎金易受推出產品利潤而波動，本公司主力商品為短程線，相對利潤較低。依此，所得中的獎金佔比間接影響整體薪資。
2019,2748,觀光事業,689,391394,568,497.0,2.8,567,1.71,,,,
2019,2752,觀光事業,418,203834,488,448.0,6.66,505,0.42,True,True,,本公司員工採服務或廚務實務操作能力給予調薪，因基層員工流動率略高，造成基本敘薪員工人數比例達11.5%，加上實習生及身心障礙員工人數比例將近5%，因而降低整體薪資平均數。
2019,2801,金融保險業,6018,7761648,1290,1176.0,1.16,1197,1.91,,,,
2019,2809,金融保險業,818,618659,756,695.0,2.99,1197,1.91,,True,,"獲利係含投資收益，貢獻者之獎酬非本表範圍，本業獲利與同業相當。本行永續穩健提升獎酬，已較前成長逾6%，每年未列入的實質所得，如持股信託市值達3.5億，均穩定配息，股息1,600萬，逾5仟萬業務推廣補貼等。"
2019,2812,金融保險業,2225,2361454,1061,939.0,1.16,1197,1.91,,,,
2019,2816,金融保險業,1012,998320,986,768.0,3.3,1197,1.91,,True,,金融保險業計有金控、銀行、證券、保險等，各家經營規模與股本差異甚大，故員工實質薪資不易有共同比較基礎。本公司盈餘較去年成長，惟員工薪資、獎金皆隨之成長，與產險同業相較，本公司員工薪酬相對合理。
2019,2820,金融保險業,132,194645,1475,1275.0,0.93,1197,1.91,,,,
2019,2823,金融保險業,2077,2048813,986,834.0,3.2,1197,1.91,,True,,"金融保險業涵蓋之業態多元，本公司屬壽險業，實難以直接比較。非主管之全時員工薪資相較去年成長15%，遠高於金融保險業的薪資增加幅度3.6%。非主管之全時員工平均福利費用達1,174仟元，亦較去年成長約14%。"
2019,2832,金融保險業,829,783995,946,708.0,1.94,1197,1.91,,True,,金融保險業涵蓋金控、銀行、證券及產壽險等行業，市場規模及行業特性不盡相同，薪酬水平亦有差異。本公司每股盈餘較去年成長，同時，員工平均薪資、獎金亦較去年增加，與經營績效成正比。
2019,2834,金融保險業,4863,5631069,1158,1029.0,0.98,1197,1.91,,,,
2019,2836,金融保險業,950,1080113,1137,1127.0,0.72,1197,1.91,,,True,108年度EPS增加主要係呆帳費用提存減少，致淨利增加；而非主管人員平均薪資減少係因進用基層人員致降低平均數，然全年非主管人員整體薪資仍增加0.32億元。經營績效與員工薪酬之關聯，尚屬合理。
2019,2838,金融保險業,3582,2769202,773,661.0,1.0,1197,1.91,,,,
2019,2841,建材營造,62,78000,1258,1032.0,0.4,795,1.39,,,,
2019,2845,金融保險業,2156,2597180,1205,1040.0,1.08,1197,1.91,,,,
2019,2849,金融保險業,1392,1185038,851,733.0,1.13,1197,1.91,,,,
2019,2850,金融保險業,1715,1839685,1073,872.0,4.94,1197,1.91,,True,,108年在產險市場漸趨開放及費率自由化衝擊下，國內產險市場競爭激烈，本公司非擔任主管職務之全時員工薪資平均數仍較107年度增加。未來將繼續秉持企業永續經營精神，將經營績效回饋股東與員工，並提升員工福址。
2019,2851,金融保險業,122,153467,1258,1091.0,1.87,1197,1.91,,,,
2019,2852,金融保險業,820,798075,973,708.0,1.93,1197,1.91,,True,True,1.108年度業務結構變化及進用基層員工人數增加以致降低薪資平均數。2.依本公司章程，年度如有獲利，應提撥員工酬勞。
2019,2855,金融保險業,1377,1370067,995,757.0,1.72,1197,1.91,,,,
2019,2867,金融保險業,1460,1349266,924,821.0,2.29,1197,1.91,,True,,1.本產業包含銀行、證券、保險等不同型態之公司，不適合直接比較EPS2.本公司依經營績效與獲利狀況合理配發獎金3.因EPS成長，員工薪資及獎金較去年提高，與壽險同業相較尚屬合理
2019,2880,金融保險業,9128,11100183,1216,1057.0,1.31,1197,1.91,,,True,本公司108年度非擔任主管職務之全時員工薪資總額達新台幣111億元，較107年度成長1.57%，惟因年度內資深員工退休人數增加，新進之資淺員工人數較多且薪資水準相對較低，致薪資平均數較107年度減少。
2019,2881,金融保險業,14019,18127676,1293,1042.0,5.46,1197,1.91,,,,
2019,2882,金融保險業,19924,26897199,1350,1045.0,4.76,1197,1.91,,,,
2019,2883,金融保險業,7032,7862091,1118,917.0,0.88,1197,1.91,,,,
2019,2884,金融保險業,7556,7987840,1057,966.0,1.73,1197,1.91,,,,
2019,2885,金融保險業,9080,9894732,1090,894.0,1.75,1197,1.91,,,,
2019,2886,金融保險業,7575,10873908,1435,1138.0,2.13,1197,1.91,,,True,本集團之經營策略與薪酬相結合，經營績效與薪酬成正比，故可增進企業的績效與競爭力，由於有合理的薪資給付，可促進員工士氣高昂並提高工作品質與效率。因108年度兆豐銀行新進員工增多故平均薪資較前一年略降。
2019,2887,金融保險業,7158,8714800,1217,972.0,1.19,1197,1.91,,,,
2019,2888,金融保險業,14829,14546793,981,795.0,1.34,1197,1.91,,,,
2019,2889,金融保險業,1209,1325111,1096,801.0,0.92,1197,1.91,,,,
2019,2890,金融保險業,6854,7765493,1133,968.0,1.11,1197,1.91,,,,
2019,2891,金融保險業,12272,17642562,1438,1154.0,2.16,1197,1.91,,,,
2019,2892,金融保險業,7835,9738677,1243,1133.0,1.55,1197,1.91,,,,
2019,2897,金融保險業,745,885480,1189,1004.0,0.45,1197,1.91,,,True,本公司108年度EPS成長主要來自於轉投資事業等非銀行本業之貢獻，又因應業務團隊擴建，增聘員工以基層員工為主，致非經理人之全時員工薪資平均數較107年度微幅下降。
2019,2901,貿易百貨,27,20182,747,691.0,0.45,817,3.97,,,True,本公司薪酬制度訂有各級薪資給予標準及獎金辦法，會依公司盈餘狀況及個人績效決定。本公司非擔任主管職務之全時員工(108)薪水較前一年度(107)減少主要原因為:資深退休員工與新進人員之薪水差異。
2019,2903,貿易百貨,1265,901455,713,659.0,1.26,817,3.97,,,,
2019,2904,其他,54,42107,780,675.0,1.96,819,3.81,,,,
2019,2905,貿易百貨,1465,1361833,930,822.0,4.48,817,3.97,,,,
2019,2906,貿易百貨,105,63166,602,542.0,0.3,817,3.97,,,,
2019,2908,貿易百貨,314,295035,940,821.0,0.2,817,3.97,,,,
2019,2910,貿易百貨,67,37814,564,516.0,0.64,817,3.97,,,True,本公司訂有員工薪酬發放辦法，另章程訂有員工酬勞，每年依經營績效發放。本公司業務相對穩定，薪資中屬於獎金之佔比較低，因此員工薪酬與公司經營績效具有些微的正關聯性及合理性。
2019,2911,貿易百貨,872,390225,448,403.0,-1.84,817,3.97,True,,,本公司屬於勞力密集產業，基層作業員及銷售員佔74%。薪資包括本薪、獎金、加班費及員工酬勞，本薪佔70%與市場結構與水平相當，除符合法律規定的最低標準亦反應營運成本效益。108年度營運虧損，員工薪酬亦受影響。
2019,2912,貿易百貨,5287,5130972,970,823.0,10.14,817,3.97,,,,
2019,2913,貿易百貨,266,157541,592,493.0,-0.18,817,3.97,,,,
2019,2915,貿易百貨,524,276438,528,404.0,16.52,817,3.97,,True,,"本公司獲利中轉投資收益佔比較高,若排除轉投資收益則獲利未能優於同業;又所營零售服務及量販店等屬人力需求較高行業,因受景氣等因素的影響經營績效及員工薪酬亦受影響。本公司將盡力提升營運績效,增進員工福祉。"
2019,2916,貿易百貨,583,273849,470,414.0,1.4,604,5.0,True,,,本公司係零售服務業，銷售人員占比高，其給薪方式為基本薪資加業績獎金，獎金的多寡依銷售額與目標達成計算，會受到景氣好壞及服飾類商品消費意願的影響。依本公司營運狀況，平均薪資470仟元與現況相符，故屬合理。
2019,2926,文化創意業,744,473777,637,515.0,4.92,819,3.51,,True,,依中華民國103年3月19日文創字第10330059511號令，「文化創意業」之內容及範圍含十六類業別，各類別中各公司經營業態、工作方式與人力結構十分多元，故以此平均值不易衡量本公司經營績效與員工薪酬之關聯及合理性。
2019,2937,貿易百貨,241,160212,665,574.0,2.22,604,5.0,,,,
2019,3002,電腦及週邊設備業,30,26228,874,908.0,0.64,1190,3.22,,,True,本公司獲利主要來自於營業外收入-採權益法認列投資收益，故與台灣員工績效關聯性較低。然本公司薪酬政策會衡量市場薪資水準及本業經營績效，對員工薪資做出適當調整，並依個人績效表現，發放績效獎金及員工酬勞。
2019,3003,電子零組件業,635,379773,598,561.0,2.71,800,4.29,,,,
2019,3004,鋼鐵工業,440,364807,829,683.0,6.66,985,0.56,,True,,"公司生產航太及工業扣件產品的製造業,在人力結構上以現場人力居多,經改善績評核及獎酬制度後,已有使員工獲利小幅度改善了,仍會持續改善員工相關獎酬及福利措施,以利穩定人才並使人員獲利也可持續攀升。"
2019,3005,電腦及週邊設備業,525,850401,1620,1403.0,3.67,1190,3.22,,,,
2019,3006,半導體業,433,729325,1684,1568.0,1.78,1230,6.68,,,,
2019,3008,光電業,6443,8967136,1392,752.0,210.7,816,0.0,,,,非擔任主管職務之全時員工薪資-平均數 (不含外籍勞工):1817仟元/人
2019,3010,電子通路業,342,427456,1250,1056.0,6.12,923,3.57,,,True,本公司績效獎金是基於稅前淨利來計提，108年台灣稅前淨利較107年稅前淨利減少，排除轉投資收益後的稅前淨利，108年較107年減少約12.9%，所以在台灣的非擔任主管職務之全時員工薪資，會依實際營運貢獻做適當調整。
2019,3011,電子零組件業,52,42027,808,546.0,-0.78,800,4.29,,,,
2019,3013,電腦及週邊設備業,68,57123,840,831.0,0.82,1190,3.22,,,True,EPS較前一年度成長，主要是海外子公司獲利增加；另台灣地區新進員工增加，造成非經理人之全時員工薪資平均數較前一年度減少。
2019,3014,半導體業,393,710286,1807,1712.0,3.38,1230,6.68,,,,
2019,3015,電子零組件業,708,567313,801,650.0,0.7,800,4.29,,,,本公司遵循「勞動基準法」及相關法令訂定員工各項薪資福利措施，並提供具市場競爭力的福利以激勵員工，此外定期考核，發放績效獎金，與同仁共享盈餘成果。
2019,3016,半導體業,647,486920,753,677.0,0.04,1230,6.68,,,,
2019,3017,電腦及週邊設備業,441,367308,833,768.0,2.71,1190,3.22,,,,
2019,3018,其他電子業,162,78006,482,449.0,-2.99,1157,6.74,True,,,"本司108年度稅後淨損-218,349仟元，與107年度相較，稅後淨損增加71,077仟元，故年終獎金發放基數較少，導致非經理人之全時員工薪資平均數未達50萬元。本司未來將致力提升獲利，以增加員工獎酬，暨員工長期發展。"
2019,3019,光電業,767,590158,769,656.0,3.41,816,0.0,,True,,"係因本公司非擔任主管職務之全時員工資訊包含本國人及外藉人士；扣除外藉人士，本國人薪資總額為549,364仟元，員工人數加權平均為652人，員工薪資-平均數(仟元/人)為843仟元，優於同業平均薪資。"
2019,3021,電子零組件業,143,98178,687,531.0,1.44,800,4.29,,,,
2019,3022,電腦及週邊設備業,425,360655,849,786.0,2.82,1190,3.22,,,,
2019,3023,電子零組件業,603,426771,708,566.0,7.47,800,4.29,,True,,"國內有工廠OP占40 %， 不宜與國內沒有工廠的公司評比。獲利78% 來自海外收益，國內占22%。來自國內EPS 1.6低於同業。產線員工月均薪29.4 K, 比法定工資多5.6 K。IDL年均薪 886 K優於同業。"
2019,3024,光電業,49,30451,621,606.0,0.2,816,0.0,,True,,1. 本公司獲利來源均來自海外子公司，台灣母公司本業營收獲利相對較上一年度減少。2. 光電業分類廣泛，母公司本業營收係以銷售國內消費商品為主，獲利表現不佳，故薪資平均數並未低於同業水準。
2019,3025,通信網路業,133,118935,894,739.0,0.7,1132,2.08,,,True,本公司去年是基於標案的既有客戶而使EPS較前一年度增加.另本公司2019年不休假獎金改為當期發放的方式，此為薪資平均數大幅下降之主因. 本公司依照勞動基準法訂定相關員工福利措施共享盈餘之成果.
2019,3026,電子零組件業,897,711413,793,604.0,5.02,800,4.29,,True,,本公司定期參酌產業人才市場薪資水準，衡量公司薪資在就業市場競爭力。108年所申報非擔任主管職務的全時員工人數中，5成多員工為產線作業人員，因此薪資平均數793仟元低於同業水準800仟元。
2019,3027,通信網路業,109,82311,755,681.0,-0.18,1132,2.08,,,,
2019,3028,電子通路業,300,243236,811,719.0,1.08,923,3.57,,,,
2019,3029,資訊服務業,213,197356,927,800.0,2.85,911,3.43,,,,
2019,3030,其他電子業,442,464519,1051,891.0,3.97,1157,6.74,,,,
2019,3031,光電業,63,50201,797,694.0,1.28,816,0.0,,True,,本公司108年獲利表現較上一年度增長，其主要原因為轉投資公司獲利大幅增加，個體公司的營業利益則較上一年度為減少，108年個體公司表現雖不理想，但為激勵員工士氣，平均薪資仍較上一年度增加。
2019,3032,電子零組件業,112,106178,948,869.0,2.5,800,4.29,,,,
2019,3033,電子通路業,436,441403,1012,896.0,0.71,923,3.57,,,,
2019,3034,半導體業,2112,5730826,2713,2398.0,13.03,1230,6.68,,,,
2019,3035,半導體業,621,1005040,1618,1396.0,1.4,1230,6.68,,,True,公司致力於提供具競爭力之薪資福利以吸引及留任優秀人才。公司全時員工人數較前一年度增加約8%，新進員工其年齡資歷皆較淺，且變動獎金亦考量在職日數，故新進員工年度薪資會略低，以致影響年度薪資平均數計算。
2019,3036,電子通路業,714,886536,1242,1001.0,4.32,923,3.57,,,,
2019,3037,電子零組件業,10693,7776691,727,614.0,2.24,800,4.29,,,,
2019,3038,光電業,824,465016,564,481.0,1.73,816,0.0,,True,,1.公司營運績效持續提高，員工薪資平均數有顯著成長，優於當年度同業平均數衰退之表現。2.本公司主要以台灣為生產基地，產線基層作業人員佔總人數比重逾半，在人力結構不同情況下，員工薪資平均數較同業水準為低。
2019,3040,其他,6,3773,629,666.0,1.36,819,3.81,,,True,因資深員工離職，新聘一位新進員工。原資深員工薪資及福利較高，新聘員工薪資年資較低所致。
2019,3041,半導體業,190,459100,2416,2054.0,-1.68,1230,6.68,,,,
2019,3042,電子零組件業,870,586723,674,569.0,2.17,800,4.29,,,,
2019,3043,其他電子業,201,103070,513,424.0,0.39,1157,6.74,,,,
2019,3044,電子零組件業,1277,896732,702,432.0,11.49,800,4.29,,True,True,本公司員工薪酬係參考印刷電路板同業水準並依各廠營運貢獻與人員職級按公司薪酬規則所定；因產業特性需要，本公司製程員工比重高，且於政策規範下調整人力配置，適度增加編制，加班需求下降，平均數較前期減少。
2019,3045,通信網路業,3597,3789812,1054,909.0,4.51,1132,2.08,,True,,本公司每年會依照營運目標達成率核定年終獎金、員工酬勞與年度調薪率，以獎勵同仁之貢獻，員工之獎酬在業界具競爭力。相較於同業，本公司員工之年資與年齡較輕，這是影響人事費用多寡原因之一。
2019,3046,電腦及週邊設備業,89,84901,954,917.0,-2.35,1190,3.22,,,,
2019,3047,通信網路業,290,266294,918,818.0,0.33,1132,2.08,,,,
2019,3048,電子通路業,340,391935,1153,1018.0,1.65,923,3.57,,,,
2019,3049,光電業,262,212036,809,600.0,1.35,816,0.0,,True,,本公司非主管員工262人，薪資皆符合法令，其中直接員工人數外籍勞工佔比較高，故拉低總體平均薪資。
2019,3050,光電業,203,125252,617,560.0,0.75,816,0.0,,True,,108年所申報非擔住主管職務的全時員工平均薪資低於同業平均數，係因本公司因產業(光碟)特性與規模與其他光電業不同，且因應輪班需求，基層製造人力占比較高所致。
2019,3051,光電業,599,309154,516,478.0,-0.52,816,0.0,,,,
2019,3052,建材營造,126,76660,608,561.0,0.87,795,1.39,,,True,非經理人之全時員工薪資平均數較前一年度減少主要原因為當年度到/離職者較多，人力薪資結構不同，故薪資及年終奨金發放金額基礎不同，因此對年均薪資計算影響較大。」
2019,3054,半導體業,26,22182,853,710.0,0.03,1230,6.68,,,,
2019,3055,電子通路業,105,125916,1199,1099.0,0.11,923,3.57,,,,
2019,3056,建材營造,52,57695,1110,776.0,2.25,795,1.39,,,,
2019,3057,電腦及週邊設備業,237,242856,1025,886.0,-2.02,1190,3.22,,,,
2019,3058,電子零組件業,121,101372,838,678.0,-0.1,800,4.29,,,,
2019,3059,光電業,172,232220,1350,1243.0,0.31,816,0.0,,,,
2019,3060,電腦及週邊設備業,371,215695,581,510.0,-2.66,1190,3.22,,,,
2019,3062,通信網路業,187,180675,966,891.0,0.16,1132,2.08,,,,
2019,3064,文化創意業,242,191567,792,624.0,-3.78,819,3.51,,,,
2019,3066,光電業,31,18280,590,523.0,0.21,768,1.06,,,,
2019,3067,其他電子業,13,7145,550,515.0,-0.61,735,1.9,,,True,因市場需求及各國法規問題致營收減少外，公司同時控管費用、清除久帳款項及出租閒置不動產，故108年度EPS相較前年度成長。另人事精簡，人員離職未全補齊，員工薪酬相對減少，以致計算結果較前年度微幅減少。
2019,3071,電腦及週邊設備業,146,102334,701,641.0,1.81,790,3.32,,,,
2019,3073,半導體業,13,7233,556,540.0,-3.2,1028,4.41,,,,
2019,3078,電子零組件業,111,107013,964,799.0,2.49,644,1.32,,,,
2019,3081,通信網路業,304,269563,887,801.0,4.97,733,1.67,,,,
2019,3083,文化創意業,204,150469,738,612.0,0.92,819,3.51,,,,
2019,3085,電子商務,19,14283,752,736.0,-2.25,665,2.16,,,,
2019,3086,文化創意業,48,26774,558,499.0,-0.97,819,3.51,,,,
2019,3088,電腦及週邊設備業,529,466981,883,788.0,5.76,790,3.32,,,True,108年度EPS較107年度成長，主要因108年度處分投資性不動產產生利益(約EPS $1.21)所致，惟108年度營收衰退6%，營業利益衰退10%，因營業績效下滑，以致績效獎金及員工酬勞均較前一年度低，薪資平均數較前一年度減少。
2019,3089,電子零組件業,13,8129,625,529.0,-0.54,644,1.32,,,,
2019,3090,電子零組件業,130,99218,763,650.0,3.32,800,4.29,,,,
2019,3092,電子零組件業,8,8888,1111,962.0,4.03,800,4.29,,,,
2019,3093,其他電子業,121,96659,799,773.0,2.11,735,1.9,,,,
2019,3094,半導體業,69,78725,1141,1088.0,0.5,1230,6.68,,,,
2019,3095,通信網路業,135,91927,681,525.0,0.18,733,1.67,,,,
2019,3105,半導體業,2675,2871105,1073,893.0,10.59,1028,4.41,,,,
2019,3114,電子零組件業,58,61996,1069,838.0,2.54,644,1.32,,,,
2019,3115,電子零組件業,20,12685,634,675.0,-1.04,644,1.32,,,,
2019,3118,生技醫療業,112,88575,791,698.0,1.46,687,0.22,,,,
2019,3122,半導體業,59,61222,1038,961.0,-1.15,1028,4.41,,,,
2019,3128,光電業,206,122924,597,517.0,0.61,768,1.06,,,,
2019,3130,資訊服務業,668,737686,1104,968.0,8.62,911,3.43,,,,
2019,3131,其他電子業,149,184120,1236,1202.0,11.11,735,1.9,,,,
2019,3141,半導體業,118,124145,1052,1023.0,1.23,1028,4.41,,,,
2019,3144,電子零組件業,193,117349,608,533.0,1.4,644,1.32,,True,,偏鄉人力取得不易，外籍直接人員約佔20%，受可任職務限制故起薪為基本工資，本外籍直接人力無特殊任職條件，佔全員近５成，具稀釋效果，本公司營運資金分配於投注關照員工之議題上不僅為薪酬，尚有其他設施之建置。
2019,3147,資訊服務業,245,165598,676,504.0,3.36,836,2.21,,True,,大綜產業類別歸屬資訊服務業，以經營類別粗略再分成軟體資訊服務及硬體資訊服務。營業毛利及軟體工程師和硬體工程師薪資水平是明顯差異，統計是依同業平均數相較，故產生如此之落差。
2019,3149,光電業,497,260922,525,454.0,-0.29,816,0.0,,,True,108年歷經營運策略調整與人力結構檢討，達成降低費用，公司獲利表現(EPS)較前一年增加，惟營運績效未能仍未達成董事會預定目標，獎金發放相對較少，是故非擔任主管職務之全時員工(年度)薪資平均數較前一年度減少。
2019,3152,通信網路業,264,206315,781,530.0,9.37,733,1.67,,,,
2019,3162,電機機械,26,13491,519,427.0,-0.62,603,1.52,,,,
2019,3163,通信網路業,165,114649,695,613.0,2.06,733,1.67,,True,,本公司108年度稅後淨利較去年增加$68M，當年度員工平均薪資增加$51K(成長8%)，應屬合理趨勢。
2019,3164,生技醫療業,125,71336,571,554.0,0.65,697,1.78,,,,
2019,3167,電機機械,219,140424,641,546.0,2.22,696,1.78,,True,,108年度平均員工薪資數略低於同業，係因108年稅後淨利較107年衰退59%，未達預期目標致各類奬金減少，108年平均員工薪資較107年減少15%。
2019,3169,半導體業,55,74244,1350,1019.0,2.62,1028,4.41,,,,
2019,3171,貿易百貨,159,130885,823,456.0,1.75,604,5.0,,,,
2019,3176,生技醫療業,29,24625,849,691.0,-1.84,687,0.22,,,True,"主要係因108年度有三位全時員工晉升為經理人,使得員工薪資平均數較前一年減少."
2019,3178,電機機械,649,343168,529,472.0,1.22,603,1.52,,,,
2019,3188,建材營造,14,13288,949,989.0,1.44,847,1.02,,,,
2019,3189,半導體業,4679,2783942,595,521.0,-4.52,1230,6.68,,,,
2019,3191,電子零組件業,17,9923,584,371.0,0.76,644,1.32,,,,
2019,3202,電子零組件業,52,45890,883,673.0,-0.4,644,1.32,,,,
2019,3205,生技醫療業,75,41089,548,516.0,-3.65,687,0.22,,,,
2019,3206,電子零組件業,57,51882,910,844.0,3.15,644,1.32,,,,
2019,3207,電子零組件業,10,5945,595,534.0,0.15,644,1.32,,,True,"本公司108年度淨利較前一年度成長，惟108年度本期淨利彌補虧損後，累積虧損金額為298,228仟元，營運績效未達預期目標，因此員工薪資成長有限，待整體經營績效提升後，員工之平均薪資將視員工績效調整。"
2019,3209,電子通路業,197,181706,922,844.0,1.66,923,3.57,,,,
2019,3211,電腦及週邊設備業,132,183331,1389,1263.0,5.61,790,3.32,,,,
2019,3213,電腦及週邊設備業,291,193437,665,553.0,4.74,790,3.32,,True,,(一)本公司經營績效與員工紅利成正比，薪酬政策依公司章程、薪資管理辦法及員工工作績效及貢獻度，給予合理報酬。(二)本公司通路第一線服務員工占比較高及未滿1年員工人數達15.73%，因而拉低整體平均薪資。
2019,3217,電子零組件業,86,84503,983,891.0,5.34,644,1.32,,,,
2019,3218,生技醫療業,226,171733,760,645.0,3.13,687,0.22,,,,
2019,3219,其他電子業,7,5969,853,709.0,-3.84,735,1.9,,,,
2019,3221,通信網路業,439,239025,544,480.0,-0.34,733,1.67,,,,
2019,3224,電子通路業,71,47490,669,627.0,-1.6,710,0.12,,,,
2019,3226,電機機械,154,62323,405,353.0,4.19,603,1.52,True,True,,原因簡述說明如下:1.員工結構組成，作業職之基層員工占約70%2.產線未有輪班制度，故未有相關之輪班津貼及夜間加給獎金，薪資較一般同業為低。
2019,3227,半導體業,402,932340,2319,2092.0,6.23,1028,4.41,,,,
2019,3228,半導體業,74,99427,1344,1144.0,-0.68,1028,4.41,,,,
2019,3229,電子零組件業,225,107139,476,416.0,-1.63,800,4.29,True,,,108年度因工廠整改作業未完成，且接單策略以高階或多層板為主，在產能未達經濟規模、虧損增加及公司資金較為緊縮之前提下，相關人事成本及獎金激勵制度則相對保守謹慎。
2019,3230,光電業,26,16597,638,658.0,-0.63,768,1.06,,,True,108年度公司轉投資、海外子公司獲利、業外收入等因素均會影響公司營運績效。再者，轉型過程中，經營形態不同，人力結構也不一樣，員工流動率偏高，無形中聘用許多新進人力，進而拉低薪資區間。
2019,3231,電腦及週邊設備業,7409,9346870,1262,1114.0,2.4,1190,3.22,,,,
2019,3232,電子通路業,36,28875,802,650.0,0.3,710,0.12,,,,
2019,3234,通信網路業,373,248799,667,565.0,-4.39,733,1.67,,,,
2019,3236,電子零組件業,162,94682,584,504.0,0.46,644,1.32,,,,
2019,3252,觀光事業,8,3430,429,366.0,-0.97,505,0.42,True,,,因本年度獲利績效不佳，其本公司員工薪資平均數為429仟元，低於同業員工薪資平均數505仟元，且非經理人之全時員工(年度)薪資平均數亦未達50萬元，尚屬合理。
2019,3257,半導體業,65,73702,1134,855.0,1.34,1230,6.68,,,,
2019,3259,半導體業,139,151228,1088,952.0,-1.49,1028,4.41,,,,
2019,3260,半導體業,601,685082,1140,961.0,1.9,1028,4.41,,,,
2019,3264,半導體業,1373,1113825,811,677.0,2.36,1028,4.41,,,,
2019,3265,半導體業,296,243724,823,680.0,4.17,1028,4.41,,,,
2019,3266,建材營造,60,66121,1102,1066.0,0.6,795,1.39,,,,
2019,3268,半導體業,29,17175,592,552.0,-0.56,1028,4.41,,,,
2019,3272,電腦及週邊設備業,166,141077,850,814.0,2.04,790,3.32,,,,
2019,3276,電子零組件業,5,4587,917,991.0,-0.89,644,1.32,,,,
2019,3284,其他,103,57505,558,535.0,-0.67,612,2.1,,,,
2019,3285,其他電子業,56,35313,631,575.0,0.17,735,1.9,,,,
2019,3287,電腦及週邊設備業,16,9021,564,511.0,0.22,790,3.32,,,,
2019,3288,電子零組件業,16,12173,761,417.0,0.18,644,1.32,,,,
2019,3289,其他電子業,787,599967,762,675.0,1.1,735,1.9,,,True,本公司108年EPS較前一年度成長之因係為公司處分海外子公司之收益獲利，檢視108年公司本業經營成果仍為虧損，故獎金福利較為保守，但整體薪酬仍具競爭力。
2019,3290,電子零組件業,15,11822,788,720.0,0.17,644,1.32,,,,
2019,3293,文化創意業,915,1184506,1295,1059.0,28.08,819,3.51,,,,
2019,3294,電子零組件業,204,184113,903,786.0,0.23,644,1.32,,,,
2019,3296,電子零組件業,122,87521,717,674.0,0.27,800,4.29,,,,
2019,3297,光電業,152,82743,544,469.0,-0.85,768,1.06,,,,
2019,3303,其他電子業,436,297735,683,581.0,2.21,735,1.9,,True,,本公司非擔任主管職務之員工主要以直接人力居多，約占全員之62%，且員工薪資平均數較去年成長，故主要原因為人力結構造成平均薪資與同業的落差。
2019,3305,其他電子業,164,90581,552,465.0,1.43,1157,6.74,,,,
2019,3306,通信網路業,120,123367,1028,902.0,1.01,733,1.67,,,,
2019,3308,電子零組件業,34,21035,619,510.0,-0.95,800,4.29,,,True,"108年度平均薪資較107年減少,主係員工人數減少,而離職員工主要為薪資較高之中階主管較多,導致平均薪資較107年低,雖108年毛利較107年佳,但尚在虧損中。"
2019,3310,電子零組件業,91,49694,546,450.0,4.06,644,1.32,,True,,"主係本公司雖屬電子類股,惟營業項目尚包含營建事業部門,適逢108年度有建案完工認列收入,致使本公司108年度之EPS較同業為佳所致。"
2019,3311,通信網路業,188,171976,915,754.0,-0.24,1132,2.08,,,,
2019,3312,電子通路業,60,53070,885,865.0,1.31,923,3.57,,,,
2019,3313,其他,6,5026,838,493.0,-0.14,612,2.1,,,,
2019,3317,半導體業,128,140802,1100,845.0,3.17,1028,4.41,,,,
2019,3321,電子零組件業,563,253177,450,380.0,-4.22,800,4.29,True,,,因本公司108年度經營績效未達預期目標，導致相關的變動薪資如:加班費和獎金等減少所致。
2019,3322,電子零組件業,57,47173,828,772.0,-0.88,644,1.32,,,,
2019,3323,電腦及週邊設備業,273,194965,714,559.0,2.02,790,3.32,,,,
2019,3324,其他電子業,129,127834,991,896.0,11.71,735,1.9,,,,
2019,3325,電腦及週邊設備業,28,15052,538,481.0,0.86,790,3.32,,,True,主要係108年度資深人員離職，造成平均薪資較去年同期下滑。
2019,3332,電子零組件業,292,160822,551,443.0,1.86,644,1.32,,True,,本公司經營型態以少量多樣客製化產品為主，不論在產品的研發及生產階段皆需配置較多人力作為因應，以期能在效率上滿足客戶需求，係屬勞力密集產業，直接人工及生產相關間接人員占比相對較高。
2019,3338,電子零組件業,70,66564,951,885.0,3.38,800,4.29,,,,
2019,3339,光電業,192,93656,488,414.0,-1.24,768,1.06,True,,,LED市場因競爭激烈，產品售價持續下跌，公司既有產能稼動率無法有效提升；公司仍盡全力維持員工工作權及薪酬水平，108年員工薪資平均數較107年有微幅成長。
2019,3346,汽車工業,40,34447,861,729.0,0.18,710,0.31,,,,
2019,3354,電子零組件業,60,37414,624,521.0,0.5,644,1.32,,,,
2019,3356,光電業,184,162210,882,806.0,0.22,816,0.0,,,,
2019,3360,電子通路業,55,53225,968,911.0,0.64,710,0.12,,,,
2019,3362,光電業,521,267838,514,455.0,-0.15,768,1.06,,,,
2019,3363,通信網路業,214,122783,574,425.0,1.13,733,1.67,,,,
2019,3372,半導體業,658,325432,495,434.0,-0.28,1028,4.41,True,,,1. 公司108年虧損，所以無依照章程提撥10%員工酬勞。2. 公司為製造業，員工以產線人員居多。3. 108年度調薪幅度&LT;3%。
2019,3373,其他電子業,73,52037,713,628.0,0.66,735,1.9,,,,
2019,3374,半導體業,1542,1107077,718,612.0,0.67,1028,4.41,,,,
2019,3376,電子零組件業,1556,904131,581,469.0,7.25,800,4.29,,True,,本公司員工薪酬依公司各項規章及辦法給予合理報酬，間接人員含技術、研發、管理人員約798人，平均薪資726仟元，惟本公司直接人員作業員及外藉勞工約758人，佔全體員工比重49%，致本公司薪資平均數較低。
2019,3379,電機機械,56,36919,659,612.0,-1.61,603,1.52,,,,
2019,3380,通信網路業,1153,1095633,950,850.0,0.44,1132,2.08,,,,
2019,3383,光電業,330,172598,523,412.0,-3.3,816,0.0,,,,
2019,3388,電子零組件業,90,110038,1223,1113.0,5.1,644,1.32,,,,
2019,3390,電子零組件業,291,127895,440,389.0,-0.63,644,1.32,True,,,本公司108年度本業營收因不斷升溫之中美貿易戰造成國際政經情勢不穩定之影響，訂單量下滑，又受限於軟板價格競爭激烈等市場因素導致產品利潤較低，以致本公司員工薪酬平均數略低於50萬元及同業公司。
2019,3402,其他電子業,391,290727,744,606.0,2.61,735,1.9,,,,
2019,3406,光電業,306,277514,907,751.0,24.79,816,0.0,,,,
2019,3413,半導體業,303,330122,1090,906.0,7.85,1230,6.68,,True,,公司2019年EPS下滑，雖固定薪資有調升，但激勵薪酬因獲利減少也相對減少；另公司為半導體類上游設備製造，與IC設計、晶圓製造不同，產業鏈附加價值也屬於較低。故公司平均薪酬低於半導體的產業鏈平均值。
2019,3416,電腦及週邊設備業,322,218392,678,565.0,3.34,1190,3.22,,True,,"本公司章程員工酬勞提撥率為5%至15%，108年度實際發放比率為8.50%,在IPC產業中為正常水準。本公司生產線位於台灣,直接員工佔總人數26.39%,其中外籍移工人數佔總人數13.07%,多為領取基本工資,從事生產組裝檢測作業"
2019,3419,通信網路業,150,115324,769,674.0,-0.58,1132,2.08,,,,
2019,3426,電機機械,46,25863,562,510.0,2.21,603,1.52,,True,,本公司108年因遷廠員工流動率偏高，拉高員工平均人數，且&#22892;金到職未滿一年按比例發放致使薪資平均數下降，低於同業水平。
2019,3432,電子零組件業,11,7928,721,648.0,0.68,800,4.29,,,,
2019,3434,光電業,102,63566,623,518.0,0.83,768,1.06,,,,
2019,3437,光電業,1079,668192,619,528.0,-1.43,816,0.0,,,,
2019,3438,半導體業,152,181285,1193,999.0,-0.08,1028,4.41,,,,
2019,3441,光電業,14,7693,550,537.0,0.67,768,1.06,,,,
2019,3443,半導體業,565,1200507,2125,1756.0,4.73,1230,6.68,,,,
2019,3444,電子通路業,46,48089,1045,946.0,2.68,710,0.12,,,,
2019,3450,半導體業,651,386151,593,526.0,1.64,1230,6.68,,,,
2019,3454,光電業,846,736714,871,757.0,3.19,816,0.0,,,,
2019,3455,光電業,349,387720,1111,903.0,6.09,768,1.06,,,True,"108年度營業收入減少699,502仟元，營業淨利減少110,652千元，EPS雖成長，主係因業外獲利較佳(然本業衰退)，致108年度員工薪資-平均數減少16千元，降幅1.42%。"
2019,3465,電子零組件業,8,4745,593,631.0,-1.81,644,1.32,,,,
2019,3466,通信網路業,37,29021,784,729.0,1.1,733,1.67,,,,
2019,3479,電腦及週邊設備業,280,313671,1120,926.0,6.65,790,3.32,,,,
2019,3481,光電業,28507,21053131,739,626.0,-1.77,816,0.0,,,,
2019,3483,電腦及週邊設備業,135,81198,601,556.0,3.11,790,3.32,,True,True,"108年離職率較高(研發人員離職率超過20%),故108年增補非主管人數45人(新進人員-28人年資未滿半年,17人未滿一年),另本公司薪資福利項目規定到職滿一年或半年以上才享有,如調薪、旅遊補助等,故整體平均年薪降低。"
2019,3484,電子零組件業,220,182713,831,702.0,2.21,644,1.32,,,,
2019,3489,建材營造,24,18421,768,722.0,0.55,847,1.02,,,,
2019,3490,光電業,109,78935,724,661.0,-0.42,768,1.06,,,True,108年營收較107年下滑33%接單量減少，導致108年加班費減少，以及未休假薪資並未發放，改為延後至109年休，上述兩薪資費用減少係108年度薪資平均數減少之主因。
2019,3491,通信網路業,250,170157,681,624.0,4.15,733,1.67,,True,,本公司屬少量多樣的產業特性，超過50%為工廠產線員工，且當中有20%為外籍移工，因而相對拉低員工平均薪資，且左開金額未包含非現金給付之獎酬，綜合而言，本公司非主管職員工之整體薪資福利應未低於同業平均。
2019,3492,電子零組件業,42,32768,780,772.0,1.2,644,1.32,,,,
2019,3494,電腦及週邊設備業,212,128562,606,438.0,-1.85,1190,3.22,,,,
2019,3498,其他電子業,347,250368,722,714.0,-6.89,735,1.9,,,,
2019,3499,通信網路業,155,84290,544,472.0,0.57,733,1.67,,,,
2019,3501,電子零組件業,288,151980,528,410.0,4.4,800,4.29,,True,,本公司彰化廠區製程以勞力密集為主，申報資料中產線直接人員約占統計人數48.5%，故整體非主管平均薪資較低。
2019,3504,光電業,880,658295,748,596.0,0.04,816,0.0,,True,,本公司定期參考產業人才市場之薪資水準，衡量公司薪資在就業市場競爭力。108年度「非擔任主管職務之全時員工」年度薪資平均數低於同業水準，推估主要係因本公司直接人員占總人數4成以上所致。
2019,3508,其他電子業,74,53413,722,633.0,-3.41,735,1.9,,,,
2019,3511,電子零組件業,58,37416,645,635.0,3.3,644,1.32,,,True,目前未訂定公司經營績效與員工酬勞的關係
2019,3512,電子零組件業,22,14032,638,616.0,0.32,644,1.32,,,,
2019,3515,電腦及週邊設備業,298,344687,1157,1068.0,4.95,1190,3.22,,True,,1以EPS比較易受股本影響，公司股本12.06億明顯小於同業，雖EPS較高但以獲利絕對金額相比公司則可能低於同業。2多數同業基層人員較大比例在大陸等生產基地，而本公司則無。3本公司另有以限制型股票發給員工做為獎酬。
2019,3516,光電業,76,36623,482,416.0,0.04,768,1.06,True,,,因本公司近三年來營運持續虧損，且接單量不足，公司員工少有加班費及績效獎金，故非擔任主管職務之全時員工年度薪資平均數未達50萬
2019,3518,其他電子業,46,34731,755,772.0,-2.5,1157,6.74,,,True,因高階主管人員異動，造成全時員工薪資平均數較前一年減少。
2019,3520,電子零組件業,16,9244,578,443.0,0.44,644,1.32,,,True,係本公司107年度為開發新事業聘請相關專業人士所致，此一專案分別於107年9月及12月終止，若排除此一因素則本年度非經理人之全時員工薪資平均數較前一年度增加，與EPS較前一年度成長之趨勢一致。
2019,3521,電腦及週邊設備業,95,63953,673,577.0,2.6,790,3.32,,,,
2019,3522,觀光事業,508,261629,515,433.0,-2.52,505,0.42,,,,
2019,3523,光電業,57,33575,589,548.0,-1.72,768,1.06,,,,
2019,3526,電子零組件業,75,91747,1223,1028.0,6.13,644,1.32,,,,
2019,3527,半導體業,203,308767,1521,1375.0,5.63,1028,4.41,,,,
2019,3528,電子通路業,123,114799,933,874.0,2.77,923,3.57,,,,
2019,3529,半導體業,236,436613,1850,1731.0,7.3,1028,4.41,,,,
2019,3530,半導體業,48,68185,1421,1179.0,2.01,1230,6.68,,,,
2019,3531,光電業,92,74498,810,660.0,2.29,768,1.06,,,True,"因受中美貿易衝擊,部份商品回台生產,增加薪資較低的直接人員,致平均薪資減少。"
2019,3532,半導體業,1297,1400369,1080,1022.0,5.48,1230,6.68,,,,
2019,3533,電子零組件業,81,95939,1184,1002.0,20.11,800,4.29,,,,
2019,3535,光電業,221,194454,880,797.0,1.47,816,0.0,,,,
2019,3536,半導體業,25,13298,532,457.0,-3.32,1230,6.68,,,,
2019,3537,電子零組件業,48,41948,874,802.0,3.07,644,1.32,,,,
2019,3540,電腦及週邊設備業,164,140898,859,746.0,1.28,790,3.32,,,,
2019,3541,其他電子業,344,276563,804,657.0,5.96,735,1.9,,,,
2019,3545,半導體業,356,546064,1534,1360.0,-0.63,1230,6.68,,,True,敦泰108年獲利情況較107年改善，但仍未擺脫虧損狀態。且細部去看，由於107年虧損主因為提列商譽及庫存跌價等兩項大額損失，因此單就本業經營績效而言，敦泰108年相較107年未有顯著改善之情況。
2019,3546,文化創意業,352,276278,785,691.0,4.81,819,3.51,,True,,文創產業裡有不同類別公司，人力結構也不一樣，員工平均薪資不能全面衡量公司經營績效與員工薪酬的相關性。
2019,3548,電子零組件業,436,270218,620,453.0,7.73,644,1.32,,True,,本公司去年EPS高於同業平均數，主要貢獻都是來自海外廠，去年母公司營運下滑，但本公司去年較前年的調薪幅度仍是有增加的，所以今年申報的薪資平均數比去年增加2.31%。
2019,3550,電子零組件業,40,35389,885,822.0,0.58,800,4.29,,,,
2019,3551,其他電子業,619,364482,589,524.0,3.74,735,1.9,,True,,"世禾雇用27.72%外籍員工，影響平均薪資水準。依勞動部平均薪資為42,228元，而世禾平均薪資為49,069元，較台灣其他製造業經常薪資高，故屬合理範圍。"
2019,3552,其他電子業,332,175069,527,430.0,-2.23,735,1.9,,,True,1、關聯性：每年視經營績效之營業額及稅前淨利，由董事會決議年終獎金發放比例與發放方式。2、合理性：每年進行績效考核，留才政策亦持續依考評予以晉升、調薪，故薪資中位數微幅增加。
2019,3555,半導體業,16,13984,874,729.0,-1.48,1028,4.41,,,,
2019,3556,半導體業,162,196583,1213,967.0,3.29,1028,4.41,,,,
2019,3557,其他,15,17678,1179,1146.0,3.25,819,3.81,,,,
2019,3558,通信網路業,967,763141,789,655.0,8.65,733,1.67,,,,"本公司生產基地全部位於台灣，生產直接相關人員人數佔全體員工人數43.25%，故造成平均薪資與薪資中位數偏低，扣除生產直接相關人員之薪資後，非擔任主管職務之全時員工「薪資平均數」為新台幣1,026仟元。"
2019,3563,光電業,226,259372,1148,912.0,20.01,816,0.0,,,,
2019,3564,通信網路業,160,109551,685,592.0,0.89,733,1.67,,,,
2019,3567,半導體業,140,79598,569,477.0,1.8,1028,4.41,,,,
2019,3570,資訊服務業,118,130185,1103,923.0,8.37,836,2.21,,,,
2019,3576,光電業,2475,1702969,688,525.0,-2.26,816,0.0,,,,
2019,3577,電腦及週邊設備業,327,217184,664,557.0,0.92,790,3.32,,,,
2019,3580,其他電子業,117,77413,662,572.0,2.43,735,1.9,,True,,本公司因所在區域及營運規模較小等因素，影響整體員工平均薪資水準。然本公司已於108年實行員工持股信託專案，依職級提撥獎勵金，提高員工所得，且公司均按獲利狀況提撥高於5%之員工酬勞，期逐步提升員工薪資水準。
2019,3581,半導體業,121,96525,798,706.0,1.05,1028,4.41,,,True,本公司108年員工薪資-平均數為798(仟元/人)較107年員工薪資-平均數為838(仟元/人)低，主要因(1)107年統計薪資時將一次性庫藏股轉讓員工薪資也列入計算，(2)因人員異動因素，以致107年平均薪資較高。
2019,3583,半導體業,528,410287,777,666.0,4.02,1230,6.68,,,,
2019,3587,其他電子業,516,492148,954,859.0,3.95,735,1.9,,,,
2019,3588,半導體業,131,171953,1313,1214.0,0.5,1230,6.68,,,,
2019,3591,光電業,173,101898,589,451.0,-2.39,816,0.0,,,,"本公司近年進行產品結構轉型,因提列機器設備減損損失致未獲利，故無員工分紅。惟已響應政府政策，每年仍針對員工調整薪資，平均幅度約為1~3%以上。本公司經營績效與員工薪酬之關聯尚屬合理。"
2019,3593,電子零組件業,14,9294,664,743.0,-2.59,800,4.29,,,,
2019,3594,電腦及週邊設備業,208,143796,691,591.0,0.71,790,3.32,,,,
2019,3596,通信網路業,580,945542,1630,1367.0,6.85,1132,2.08,,,,
2019,3597,電子零組件業,140,64920,464,393.0,1.05,644,1.32,True,,,"不同於同業本公司根留台灣之經營理念,除在台總公司仍配置多條生產線,則員工結構除有管理階層及研發外,尚有產線技術人員,而同業成本考量,與本公司洽相反,故平均薪資略高本公司,故與同業比較尚無重大異常。"
2019,3605,電子零組件業,383,299973,783,640.0,2.55,800,4.29,,,,
2019,3607,電子零組件業,145,91607,632,552.0,-4.66,800,4.29,,,True,"108年度EPS獲利表現優於107年度主係為處分子公司100%股權非經常性業外利益大幅增加所致,與公司經營績效並無直接關聯。另108年度非主管職務全時員工薪資平均數為632元與107年度633仟元僅差1仟元，並無重大變動。"
2019,3609,電子零組件業,66,43578,660,608.0,0.03,644,1.32,,,,
2019,3611,電腦及週邊設備業,268,203661,760,604.0,17.93,790,3.32,,True,,"公司於台灣之工廠從業人員佔全體員工人數達3成以上，且因本公司多年未發行新股對外籌資, 故能維持較高之每股盈餘(EPS)"
2019,3615,光電業,138,78496,569,422.0,-6.71,768,1.06,,,,
2019,3617,其他電子業,291,305372,1049,944.0,6.25,1157,6.74,,,,
2019,3622,光電業,132,92856,703,604.0,0.88,816,0.0,,True,,"本公司108年度本業經營(營業損益)仍屬虧損,金額為-50,143仟元，經設算後每股盈餘為-0.33元;而本公司主要的獲利來源為營業外的股利及租金收入。本公司員工薪酬的發放基準，主要係根據本業的經營績效而定所致。"
2019,3623,光電業,166,81638,492,450.0,-0.23,768,1.06,True,,,"因本公司108年度由獲利轉為虧損,導致無員工酬勞及獎金,因而產生非經理人之全時員工薪資平均數未達50萬元之情況。"
2019,3624,電子零組件業,641,373124,582,479.0,1.22,644,1.32,,True,,108年營收及獲利減少，108年非擔任主管職務之全時員工薪資平均數為582仟元，相較107年薪資平均數減少7%，係因經營績效與員工薪酬為正向關聯，故員工酬勞發放金額亦隨獲利減少而下降，以上員工薪資平均數尚屬合理。
2019,3625,電腦及週邊設備業,50,36390,728,657.0,0.92,790,3.32,,,,
2019,3628,其他電子業,279,208917,749,673.0,0.88,735,1.9,,,,
2019,3629,文化創意業,13,8822,679,635.0,1.39,819,3.51,,,,
2019,3630,光電業,169,129172,764,673.0,3.02,768,1.06,,True,,因訂單增長、組織擴編，任滿6個月至1年之人員佔總人數15%，薪資結構有向下開展之情形；此外考量業績增長為久任員工長期努力累積，於發放獎金將任職年資及績效列入重點參數，造成非擔任主管職務之全時員工薪資稍低。
2019,3631,電子零組件業,3,1634,545,533.0,-0.27,644,1.32,,,,
2019,3632,通信網路業,48,38251,797,669.0,-2.92,733,1.67,,,,
2019,3642,其他電子業,38,24044,633,620.0,-1.23,735,1.9,,,,
2019,3645,電子零組件業,379,240810,635,603.0,0.82,800,4.29,,,,
2019,3646,電子零組件業,10,9453,945,740.0,1.13,644,1.32,,,,
2019,3652,電腦及週邊設備業,272,206863,761,673.0,0.35,790,3.32,,,,
2019,3653,電子零組件業,1127,782163,694,582.0,6.55,800,4.29,,True,,依本公司章程規定，公司年度如有獲利，應提撥5%~20%為員工酬勞。公司目前正處於成長階段，董事會基於公司未來資金需求及長期營運規劃等，108年度員工酬勞按稅前淨利之8%提撥，提撥比例係屬合理。
2019,3663,其他電子業,213,140068,658,595.0,1.62,735,1.9,,,,
2019,3666,光電業,235,126280,537,496.0,-0.4,768,1.06,,,True,本公司108年EPS較前一年度成長，惟稅前淨損且員工異動，致非經理人之全時員工薪資平均數較前一年度減少。
2019,3669,通信網路業,390,339140,870,701.0,0.79,1132,2.08,,,,
2019,3672,通信網路業,98,74201,757,622.0,-1.2,733,1.67,,,,
2019,3675,半導體業,319,189097,593,510.0,2.3,1028,4.41,,,,
2019,3679,電子零組件業,58,36850,635,616.0,5.42,800,4.29,,True,True,本公司員工薪酬依「薪資管理辦法」、「晉升管理辦法」、「調薪作業施行細則」及「員工分紅施行細則」，依其對公司績效貢獻度，給予合理報酬，惟本公司直接人員佔全體員工比重超過5成以上，致本公司薪資平均數較低。
2019,3680,半導體業,239,167245,700,430.0,3.25,1028,4.41,,,,
2019,3682,通信網路業,1699,1283634,756,660.0,-1.78,1132,2.08,,,,
2019,3684,通信網路業,56,35467,633,533.0,4.64,733,1.67,,True,,因去年有處份不動產利益推升EPS，而本公司生產人員佔比達全公司人員(扣除擔任主管職務人員)的44.64% 致使平均薪資顯得較同業稍低
2019,3685,電機機械,6,5271,879,923.0,0.25,603,1.52,,,,
2019,3686,半導體業,15,13535,902,750.0,-1.75,1230,6.68,,,,
2019,3687,電子商務,32,25982,812,676.0,0.12,665,2.16,,,,
2019,3689,電子零組件業,81,72354,893,750.0,0.77,644,1.32,,,,
2019,3691,光電業,185,149723,809,685.0,3.07,768,1.06,,,,
2019,3693,電腦及週邊設備業,341,242670,712,604.0,0.64,790,3.32,,,,
2019,3694,通信網路業,167,156960,940,881.0,-0.76,1132,2.08,,,True,雖本公司107年全年虧損金額較108年減少，然因員工個人績效評核區間(績效獎金發放)非採曆年制，而年度員工平均薪資係採曆年制，因兩者區間不同，故平均薪資有微幅差異。
2019,3701,電腦及週邊設備業,270,228553,846,734.0,0.22,1190,3.22,,,,
2019,3702,電子通路業,976,1288931,1321,1037.0,3.84,923,3.57,,,,
2019,3703,建材營造,1218,934905,768,712.0,0.12,795,1.39,,,,
2019,3704,通信網路業,1346,1357797,1009,841.0,0.25,1132,2.08,,,,
2019,3705,生技醫療業,1254,1060273,846,727.0,2.81,697,1.78,,,,
2019,3706,電腦及週邊設備業,1371,1554181,1134,996.0,2.65,1190,3.22,,,,
2019,3707,半導體業,1524,1174024,770,689.0,-2.13,1028,4.41,,,,
2019,3708,化學工業,153,103270,675,568.0,8.97,788,1.31,,True,,1.108年度排除釋股之淨獲利後年度EPS為1.41元與同業相當2.本公司薪酬依照學、經歷及勞基法規範核薪，並以非固定薪酬激勵員工3.本公司重視人才發展，持續投入員工教育訓練；及引進優秀人才提升組織戰力
2019,3709,電腦及週邊設備業,271,193883,715,613.0,1.82,790,3.32,,,,
2019,3710,電子零組件業,146,122541,839,728.0,-1.35,644,1.32,,,,
2019,3711,半導體業,46493,35333269,760,627.0,3.96,1230,6.68,,,,
2019,3712,電腦及週邊設備業,553,456515,826,620.0,-0.84,1190,3.22,,,,
2019,4102,生技醫療業,132,81854,620,543.0,0.74,687,0.22,,True,,公司108年EPS雖為0.74元，但因連續虧損多年，調薪比率較低，故108年非擔任主管職務之全時員工薪資平均數低於同業水準，另因生技業之業態多樣，員工學經歷亦有所差異致而影響薪資平均數，但本公司薪酬均符合勞基法。
2019,4104,生技醫療業,184,158716,863,747.0,4.02,697,1.78,,,,
2019,4105,生技醫療業,519,605363,1166,976.0,3.62,687,0.22,,,,
2019,4106,生技醫療業,257,176904,688,608.0,0.87,697,1.78,,,,
2019,4107,生技醫療業,408,215980,529,449.0,6.7,687,0.22,,True,,1.108年平均薪資調升6.6%2.本公司為勞力密集製造業，組裝直接人工佔比60%，未滿1年的員工佔14%3.員工薪酬與經營績效間之關聯性尚屬合理。
2019,4108,生技醫療業,35,23969,685,557.0,-1.04,697,1.78,,,True,因營運績效仍處於虧損狀態，除積極開源外，也需在節流方面有所作為，檢討所需人力，以撙節人力成本開支，是108年度的節流重點之一，全時員工薪資減少乃因人力盤點後，雇用人數調整之故 。
2019,4109,生技醫療業,69,35444,514,459.0,-0.36,687,0.22,,,,
2019,4111,生技醫療業,243,127943,527,495.0,1.27,687,0.22,,True,,公司為勞力密集產業，作業員(含外籍)佔此次申報人數之31%及年資未滿一年者佔18%影響平均年薪。另因公司股本小易影響EPS高、低且獲利非年年成長，致使EPS浮動大使非經理人之全時員工薪資平均數低於同業水準。
2019,4113,建材營造,22,12697,577,565.0,-0.68,847,1.02,,,,
2019,4114,生技醫療業,376,343330,913,721.0,0.21,687,0.22,,,,
2019,4116,生技醫療業,130,102381,788,570.0,1.69,687,0.22,,,True,1.因應108年公司業務量上升，新聘人員增加，使員工總薪資支出上升6%；2.增加新聘員工大多屬資淺人員，使得總平均薪資較去年略為下降。
2019,4119,生技醫療業,250,238979,956,878.0,7.19,697,1.78,,,,
2019,4120,生技醫療業,308,326304,1059,944.0,2.86,687,0.22,,,,
2019,4121,生技醫療業,77,54236,704,596.0,0.35,687,0.22,,,,
2019,4123,生技醫療業,172,139545,811,682.0,-0.71,687,0.22,,,,
2019,4126,生技醫療業,762,381271,500,421.0,6.95,687,0.22,,True,,本公司近年營收穩健良好，因長期開發供應多樣化的醫材產品，直接人工需求相對較高，108年約占全體人數67%；雖全時員工平均薪資略低於同業，但近五年每年薪資調幅3~4%，今年亦調薪1.75~14.03%，持續將獲利回饋員工
2019,4127,生技醫療業,42,21506,512,461.0,-1.02,687,0.22,,,True,107下半年至108年，有多位資深主管及同職等專員離職，本公司為降低人事成本、提升競爭力，改用一般職等員工替代之。由於接手員工薪資遠較原職務主管為低；再加上新進人員人數較去年增加，進而放大平均薪資減少幅度。
2019,4128,生技醫療業,101,87903,870,728.0,-0.57,687,0.22,,,,
2019,4129,生技醫療業,594,375031,631,563.0,1.05,687,0.22,,True,,"生技醫療產業業態多樣,有專注研發,亦有產製銷售等,各態樣所需員工學經歷亦有所差異,本公司屬製造業,現場人員比例大於50%,其中外籍人力及實習生就占5%,因此非主管平均薪資雖低於生技醫療產業，實為業態不同所致"
2019,4130,生技醫療業,162,124710,770,669.0,0.32,687,0.22,,,,
2019,4131,生技醫療業,14,7169,512,463.0,-0.25,687,0.22,,,True,108年度本公司營運持續虧損，惟有業外租金收入溢助，故整體虧損呈現減少情形，由於本業仍處虧損故未發放年終等...等相關獎金，使非經理人之全時員工薪資平均數較前一年度減少。
2019,4133,生技醫療業,117,69014,590,544.0,0.05,697,1.78,,,,
2019,4138,生技醫療業,88,78127,888,690.0,3.75,687,0.22,,,,
2019,4142,生技醫療業,341,206385,605,535.0,-0.9,697,1.78,,,True,因應公司經營策略，持續投入創新產品開發與產能提升，延攬研發人才與產能需求增聘員工，未滿一年新進人員比例達18%，其中又以生產人力需求較高，多數為社會新鮮人，以致非經理人之全時員工薪資平均數較前一年度減少
2019,4147,生技醫療業,60,54569,909,783.0,-2.3,687,0.22,,,,
2019,4152,生技醫療業,104,108622,1044,936.0,-12.32,687,0.22,,,True,108年聚焦之研發專案的里程碑時有進展，惟隨著臨床試驗規模擴大致現金部位不足，為體時艱，未進行年度例行調薪並資遣次要專案人員，以降低固定人事費用及變動成本，因此，每股虧損金額降低的同時，員工薪資略減2%。
2019,4153,生技醫療業,136,101358,745,683.0,0.78,687,0.22,,,,
2019,4155,生技醫療業,82,59209,722,620.0,1.71,697,1.78,,,,
2019,4160,生技醫療業,93,72243,777,647.0,0.75,687,0.22,,,,
2019,4161,生技醫療業,143,75725,530,481.0,0.11,687,0.22,,,,
2019,4162,生技醫療業,25,51824,2073,1956.0,0.29,687,0.22,,,,
2019,4163,生技醫療業,635,407821,642,492.0,9.05,687,0.22,,True,,108年度經營績效增加係因非常態性之急單所致，本公司位於中部地區的製造業，且生技醫療產業之業態多樣，本公司依照中部之薪資水準、員工資歷及個人表現等因素給薪，實屬合理。
2019,4164,生技醫療業,122,120423,987,871.0,2.83,697,1.78,,,,本公司薪資架構係透過集團制定之員工績效考核辦法連結集團及部門整體目標與個人工作成果而定，且藉由公開透明的晉升機制，拔擢優秀人才，提供其更高職責與相對更優渥報酬及獎金以帶動組織發展。
2019,4167,生技醫療業,462,241513,523,500.0,-0.02,687,0.22,,,,
2019,4168,生技醫療業,40,27461,687,637.0,-3.26,687,0.22,,,True,"1.本公司108年度薪資費用較107年度低,致非經理人之全時員工薪資平均數較107年減少2.107年度因IND送件準備,年度營業費用較108年度高,以致108年度EPS較前一年度成長3.故公司經營績效與員工薪酬並無直接關聯性"
2019,4171,農業科技,62,35979,580,537.0,2.0,599,2.47,,,,
2019,4173,生技醫療業,195,129706,665,580.0,1.36,687,0.22,,True,True,一、平均薪資下降主因：108年本公司整體調薪5%，但營業績效與107年相比，下降14.6%，致業務人員績效獎金減少。且當年度有中高階業務主管退休，造成整體平均薪資降低。二、EPS成長因本公司費用節省及業外收益增加。
2019,4174,生技醫療業,100,100560,1006,885.0,-7.76,687,0.22,,,,
2019,4175,生技醫療業,811,425355,524,485.0,4.7,687,0.22,,True,,本公司分類為生技醫療業，但經營模式及資本結構較似貿易百貨業，營運項目主要以銷售醫療用品及健康照護商品為主，末端門市販售人員約佔80%，非研發性質之生技公司，故與其他生技醫療業之薪資結構有所差異。
2019,4183,生技醫療業,113,73931,654,558.0,0.77,687,0.22,,True,,回覆貴局108年度「公司經營績效與員工薪酬之關聯性與合理性說明」：因本公司相較於同業規模小，相對呈現EPS獲利表現較同業為佳，因此非經理人之全時員工薪資平均數顯得低於同業水準之情況。
2019,4188,生技醫療業,18,14085,783,675.0,-0.71,687,0.22,,,,
2019,4192,生技醫療業,50,36628,733,665.0,-4.54,687,0.22,,,,
2019,4198,生技醫療業,11,10833,985,976.0,-3.58,687,0.22,,,True,本公司目前財務狀況實屬虧損，於人力資源部份採精化人力運作方式，然於108年度公司經營績效部份尚無提升所致，為不足於薪資或(及)獎金部份提編預算，因此平均薪資變動即屬員工自然流動結果。
2019,4205,食品工業,250,156455,626,609.0,3.53,617,1.59,,,,
2019,4207,食品工業,166,98853,596,557.0,0.39,617,1.59,,,,
2019,4303,塑膠工業,112,48597,434,432.0,1.63,474,0.1,True,True,,本公司薪資結構以學歷、機台為主、並依績效獎金辦法計算有效率及貢獻率所應核發之獎金。公司經營績效透過績效獎金辦法與員工薪酬相聯結，係屬合理。因理財商品之利潤透過員工酬勞與員工分享
2019,4304,塑膠工業,84,40946,487,405.0,-1.18,474,0.1,True,,,1.工廠直接生產人員佔五成以上，位於嘉義縣，薪資較都會區低。2.外籍員工占總人數19%，薪資較本國員工低。3.仍處虧損狀態，但本公司仍努力不裁員、不降薪、不放無薪假。
2019,4305,塑膠工業,108,69245,641,574.0,2.34,474,0.1,,,,
2019,4306,塑膠工業,374,191093,511,466.0,-0.99,1192,3.28,,,,
2019,4401,紡織纖維,485,282714,583,497.0,1.75,586,2.09,,,,
2019,4402,紡織纖維,17,7549,444,436.0,6.82,586,2.09,True,True,,"108年度帳上淨利為313,474仟元(實際上為處份本公司之土地與廠房獲448,390仟元)其虧損134,916仟元。依1111人力銀行紡織業平均薪資(專科)年資1-3年28,614;年資7年以上35,833。108年度員工薪資新台幣444,000/12=37,000"
2019,4406,紡織纖維,128,58690,459,349.0,-0.23,586,2.09,True,,,"本公司108年度營業額較107年度衰退;108年度獲利也較107年度不佳,產量隨之減少,以致主要生產之直接人工薪資較107年度下降,故非主管薪資和公司經營績效與員工薪酬之關聯性係為合理,特此說明。"
2019,4413,紡織纖維,38,19266,507,450.0,1.42,586,2.09,,,,
2019,4414,紡織纖維,64,63359,990,691.0,-1.36,639,1.38,,,,
2019,4416,建材營造,8,8031,1004,1012.0,-3.26,847,1.02,,,,
2019,4417,紡織纖維,182,113124,622,519.0,3.59,586,2.09,,,,
2019,4419,紡織纖維,2,1010,505,394.0,-0.59,586,2.09,,,,
2019,4420,紡織纖維,108,58156,538,508.0,13.64,586,2.09,,True,True,"本公司108年度稅後淨利扣除投資性不動產出售利益及租賃淨利後,本業之EPS僅為0.37元,並未高於同業平均數,本年度獲利狀況受中美貿易戰影響,較前一年度衰退許多,故員工平均薪資低於同業平均數且較前一年度減少尚屬合理"
2019,4426,紡織纖維,648,336130,519,464.0,2.26,639,1.38,,True,,本公司108年獲利較同業佳，惟非經理人之全時員工薪資平均數較同業低，根據從業員工統計資料的人力結構中，因直接人工和外籍移工人數合計佔比超過70%以上，使得平均年薪偏低不及同業水準。
2019,4429,紡織纖維,200,102263,511,460.0,-4.75,586,2.09,,,,
2019,4430,其他,307,156105,508,440.0,6.97,612,2.1,,True,,本公司因所屬產業特性，需使用大量外勞及現場作業員，外勞及基層作業人員分別占加權平均人數16%及50%以上，兩者人數加總後占非經理人全時員工約七成，致非經理人之全時員工薪資平均數低於同業水準。
2019,4432,紡織纖維,74,52927,715,647.0,-1.46,586,2.09,,,,
2019,4433,紡織纖維,293,174910,597,507.0,0.5,586,2.09,,,,
2019,4438,紡織纖維,202,162848,806,734.0,9.73,639,1.38,,,,
2019,4502,電機機械,185,96129,520,490.0,0.06,603,1.52,,,,
2019,4503,電機機械,112,43877,392,355.0,0.67,603,1.52,True,,,本公司依據區域性薪資行情給付員工薪資，一切符合勞基法規定，且已著手逐步調整薪資架構，以提升產業競爭力。
2019,4506,電機機械,1061,868701,819,807.0,3.84,603,1.52,,,True,"108年本公司員工人數增加，而新進員工薪資較資深員工低，故薪資平均數小幅衰退。平均員工人數-107年為1012人，108年為1061人，人數成長4.8%。薪資平均數-107年為821,000元，108年為819,000元，薪資衰退0.2%。"
2019,4510,電機機械,343,181400,529,503.0,-0.26,603,1.52,,,,
2019,4513,電機機械,223,114257,512,483.0,-0.16,603,1.52,,,,
2019,4523,電機機械,230,141686,616,578.0,-2.75,603,1.52,,,,
2019,4526,電機機械,791,489080,618,576.0,0.23,696,1.78,,,,
2019,4527,電機機械,198,142923,722,676.0,2.14,603,1.52,,,,
2019,4528,電機機械,232,142193,613,557.0,3.06,603,1.52,,,,
2019,4529,其他,34,22830,671,600.0,-6.54,612,2.1,,,,
2019,4530,電機機械,4,3351,838,426.0,-0.38,603,1.52,,,,
2019,4532,電機機械,375,319497,852,752.0,1.3,696,1.78,,,,
2019,4533,電機機械,374,249388,667,604.0,0.12,603,1.52,,,,
2019,4534,電機機械,180,86086,478,431.0,-0.24,603,1.52,True,,,因108年度營收訂單較107年度下滑，相對其加班費及獎金較107年度減少所致。
2019,4535,電機機械,358,160857,449,419.0,0.73,603,1.52,True,,,108年營收較107年度衰退29.07%，進而影響整體營運及獲利隨之衰退。108年稅後淨利較107年減少43.03%，致年終獎金及員工酬勞提撥減少，進而影響員工薪資-平均數未達50萬元，尚屬合理。
2019,4536,其他,233,153274,658,570.0,9.53,819,3.81,,True,,主計處公告之107年工業及服務業受僱員工薪資中位數為49萬元，本公司之108年度年薪中位數尚較整體平均高約16%。另本公司108年平均調薪約3%，但因當年度新進生產作業人員較多，導致平均薪資與107年比較僅小幅成長。
2019,4538,電機機械,130,65341,503,442.0,0.97,603,1.52,,,,
2019,4540,電機機械,916,423511,462,403.0,-0.64,696,1.78,True,,,近二~三年積極擴充產線，導致新進員工較多，另與技職學校合作及協助青年就業，大舉進用無工作經驗之學生及應屆畢業生，亦是整體薪資平均數較低之原因。預期未來員工薪資平均數將可逐漸趕上同業水準甚至超越。
2019,4541,其他,600,345118,575,529.0,1.02,612,2.1,,,,
2019,4542,電子零組件業,85,50837,598,537.0,1.61,644,1.32,,True,,本公司108年度EPS高於同業平均數惟非經理人全時員工薪資平均數低於同業水準，係因員工結構組成影響且本公司己依據區域性薪資行情給付員工薪資。
2019,4543,電機機械,335,142339,425,383.0,0.32,603,1.52,True,,,本公司外籍勞工人數比例佔員工人數約25%，故平均員工薪資費用尚屬合理。
2019,4545,電子零組件業,440,209973,477,380.0,0.18,800,4.29,True,,True,本公司108年度營收下降12.47%，然藉由生產效率之提升與各項成本管控，致毛利與EPS微幅增加，惟員工加班時數與相關費用亦因此下降，致全體員工薪資平均數較前一年度略減。
2019,4549,電機機械,258,142709,553,492.0,5.11,603,1.52,,True,,"本公司產品為客製化，少量多樣，故面對不同產業須投入更多人力提供售前服務，108年度EPS高於同業主要為產業特性所致。本公司108年度員工薪資平均數與同業差異47仟元，經核算平均月薪差異約3,916元，差異並不重大。"
2019,4550,電機機械,65,47353,729,779.0,2.8,603,1.52,,,,
2019,4551,汽車工業,51,42901,841,674.0,7.6,710,0.31,,,True,108年合併獲利主要來自於大陸子公司獲利成長，致每股盈餘增加，但其員工並不含於台灣母公司個體計算內，且本公司平均薪資均高於同業水準，應屬合理。
2019,4554,其他電子業,109,60918,559,486.0,0.25,735,1.9,,,,
2019,4555,電機機械,219,101869,465,405.0,0.66,696,1.78,True,,,1.我們公司地處於新北市泰山區，屬於基層機械產業，不需要大量高端技術人員。2.近年持續與學校進行產學合作，因此實習生及替代役拉低總體平均。
2019,4556,其他,123,65876,536,439.0,1.0,612,2.1,,,,
2019,4561,電機機械,173,84721,490,444.0,0.44,603,1.52,True,,,"108年全年納入計算範圍中的人員有36位為外籍勞工，佔全體員工比例約21%，其薪資為23,100~25,200元，故使得平均金額降低。如排除上述外籍勞工之影響數，平均數為510仟元，已超過50萬元。"
2019,4562,電機機械,405,205568,508,570.0,-0.95,696,1.78,,,,
2019,4563,電機機械,193,154765,802,787.0,-2.23,603,1.52,,,,
2019,4564,電機機械,397,245916,619,492.0,2.8,696,1.78,,True,,本公司生產製造皆在台灣，因應產業缺工問題，聘僱外勞加權平均142 人，佔非部門主管加權平均員工約35%，由於外勞薪資較低，致使本公司平均薪資低於同業水準。
2019,4566,電機機械,260,177259,682,605.0,3.29,696,1.78,,True,,配合政府鼓勵企業進用青年就業政策，提供新鮮人就業機會且起薪相對不高；108年度新進員工佔13%，新進人員流動率較高，故新進人員薪資會較低，致整體平均薪資略低於同業水準。
2019,4568,電機機械,38,29923,787,751.0,4.58,603,1.52,,,,
2019,4572,電機機械,254,139160,548,505.0,6.74,696,1.78,,True,,本公司在108年度培訓較多新進人員，且與大專院校產學攜手合作，聘用較多非每日出勤的產訓生，致拉低公司整體員工之平均薪資。
2019,4576,電機機械,576,369677,642,611.0,0.32,696,1.78,,,,
2019,4580,電機機械,276,228730,829,681.0,8.0,603,1.52,,,,
2019,4609,電器電纜,13,10670,821,927.0,-1.05,760,-0.57,,,,
2019,4702,化學工業,29,15430,532,478.0,1.03,673,1.18,,,True,"本公司非經理人之全時薪資平均數較前一年減少,主要是公司在108年採精簡計劃,部份員工以優退或資遣方式處理,以降低人事成本,因此平均薪資較去年減少。"
2019,4706,化學工業,240,165944,691,664.0,1.03,673,1.18,,,,
2019,4707,化學工業,107,78091,730,688.0,1.01,673,1.18,,,,
2019,4711,化學工業,88,52326,595,554.0,0.55,673,1.18,,,,
2019,4712,食品工業,11,5060,460,480.0,-2.91,617,1.59,True,,,11位員工中，其中7位為養殖作業人員(年薪約為17.3萬~42.6萬)，因養殖人員屬於基層勞力，薪資水平相對偏低，且其中2位工作年資不滿一年，致整體員工年薪資平均數低於50萬元。
2019,4714,化學工業,61,36125,592,524.0,1.01,673,1.18,,,,
2019,4716,化學工業,143,78843,551,513.0,0.43,673,1.18,,,,
2019,4720,化學工業,215,150095,698,623.0,0.5,788,1.31,,,,
2019,4721,化學工業,47,34889,742,622.0,2.92,673,1.18,,,,
2019,4722,化學工業,300,210552,702,678.0,2.57,788,1.31,,True,,本公司員工薪酬依照學、經歷及勞基法規範核薪，逐年依公司營運政策調整薪資，重視員工福利，勞資關係融和，後續會在股東權益與員工福利之間取得平衡點。
2019,4726,生技醫療業,169,134649,797,714.0,-1.74,687,0.22,,,,
2019,4728,生技醫療業,54,32074,594,541.0,1.84,687,0.22,,True,,公司EPS表現自107年起始優於同業，往前幾年獲利未佳；唯近年已陸續規劃調薪作業，108年平均數已超越107年平均數，其調薪幅度追上同業水準仍須時間階段消化。
2019,4729,光電業,387,174618,451,403.0,-0.91,768,1.06,True,,,本公司生產線直接員工人數佔全體人數64%，依據勞動基準法及經營績效考評下，提供適切的員工薪酬。因生產人數大於管理人數，故造成全時員工薪資平均數未達50萬。
2019,4735,生技醫療業,56,48909,873,610.0,4.2,687,0.22,,,,
2019,4736,生技醫療業,856,482836,564,414.0,8.03,687,0.22,,True,,本公司給薪標準係參酌市場薪資水準，本國勞工每年調薪約3%。若本公司非擔任主管職務之全時員工薪資總額低於同業，主要係因本公司為製造業，領取基本工資之外籍勞工約佔員工人數19%所致。
2019,4737,生技醫療業,805,447078,555,485.0,1.85,697,1.78,,True,,因應市場發展需求，持續投入新產品CGM開發與試產，延攬研發人才與依產能需求增聘員工，以致到職未滿一年之新人比例達15%，並因在地化建置生產基地，產線人力占全體人數約60%，高於同業占比，致全體平均年薪低於同業
2019,4739,化學工業,151,104329,691,635.0,1.4,788,1.31,,True,,非擔任主管職之全時員工薪資低於同業平均主係員工組成架構所致，排除外籍員工(佔25人)與任職未滿一年離職之員工(佔26人)及其薪資，重新計算後本國籍任職滿一年員工之平均薪資為778仟元，與同業平均787仟元約略相當。
2019,4741,化學工業,170,93191,548,481.0,1.18,673,1.18,,,,
2019,4743,生技醫療業,40,29790,745,611.0,-1.28,687,0.22,,,,
2019,4744,生技醫療業,180,83379,463,430.0,2.05,687,0.22,True,True,True,1.一般組裝作業員及後勤單位人員薪資偏低，拉低整體平均2.面對全球供應鏈競爭，為維持公司競爭力，仍需嚴格管理費用產生，但儘可能可增加就業率
2019,4746,生技醫療業,684,499152,730,665.0,0.12,697,1.78,,,,
2019,4747,生技醫療業,137,77932,569,491.0,2.15,687,0.22,,True,,本公司為學名藥製造廠，獲利穩定，且因員工多為工廠生產作業人員，故與同業之平均薪資略有差異。
2019,4754,化學工業,61,52981,869,686.0,3.42,673,1.18,,,,
2019,4755,化學工業,326,253732,778,690.0,3.58,788,1.31,,True,,1.本公司玻璃減薄廠常年虧損，其員工獎金較少，因為這些員工都包含進入統計資料，故將本公司平均數拉低。2.該廠已於108年7月結束營運，共有37位員工因無法轉調其他單位而資遣，若剔除這些人員，應不低於同業水準。
2019,4760,其他電子業,68,31984,470,380.0,1.03,735,1.9,True,,,受大環境影響營收下降，公司經營獲利較前期減少47%，但未有裁減員工、縮減工時及降低薪資之情形，但員工酬勞及ä92;金部份視公司經營績效及未來風險考量加上評估當年實際獲利情形發放較前期縮減。
2019,4764,化學工業,85,60810,715,675.0,2.53,788,1.31,,True,,"本公司員工薪酬福利係參考公司營運績效、未來經營風險、及對公司績效的貢獻度，給予合理報酬，與經營績效有正面關聯性。108年度公司經營績效未達預期目標,故發放的獎金數減少，影響員工薪酬數字。"
2019,4766,化學工業,660,489856,742,663.0,10.19,788,1.31,,True,,若將本公司淨利扣除投資收益後之EPS為1.89，並未高於同業太多。員工薪酬福利係參考公司營運績效、未來經營風險、發展趨勢、個人績效達成率及對公司績效的貢獻度，給予合理報酬，與經營績效有正面關聯性。
2019,4767,化學工業,64,49369,771,683.0,1.92,673,1.18,,,,
2019,4806,文化創意業,17,5442,320,333.0,-5.65,819,3.51,True,,True,影視產業近年因主管機關對行業政策頻繁調整迼成整體產業景氣不佳，本公司108年度受影響造成劇本收入較107年相比大幅減少，導致編劇人員的寫劇本奬金銳減，故108年平均薪資也隨之減少，以上說明。
2019,4903,通信網路業,146,96859,663,544.0,-0.42,733,1.67,,,,
2019,4904,通信網路業,5260,4706830,895,762.0,2.68,1132,2.08,,True,,本公司的人力政策及結構與同業不同，客服及門市人員之任用均採正職聘用，若扣除前述人員，非擔任主管職務員工平均年薪高於大多數同業。且本年度非擔任主管職務之全體人員平均薪資較前一年度成長3.32%。
2019,4905,通信網路業,34,21236,625,586.0,1.44,733,1.67,,,True,主要因107年度為虧損，故108年未發放員工酬勞所致。
2019,4906,通信網路業,827,791189,957,832.0,0.57,1132,2.08,,,,
2019,4907,建材營造,13,9574,736,624.0,1.35,847,1.02,,True,,1.為保障員工每年薪酬為16-18個月，故未與經營績效做重大關聯性。2.非擔任主管職員工多屬一般內勤，薪資水準不同於營建業具技術性工程師。3.108年度聘用新進人員，薪資於未來年度會依照工作績效及年資有所調整。
2019,4908,通信網路業,251,156917,625,484.0,1.66,733,1.67,,True,,108年全時員工平均薪資低於同業，主係因本公司產品生產製造皆在臺灣，直接人員占比約達5成多拉低薪資水準。本公司每股盈餘2年度相同，而108年度平均薪資625仟元較107年度591仟元增加34仟元，增加幅度5.75%。
2019,4909,通信網路業,195,94335,484,456.0,0.03,733,1.67,True,,,"因本公司108年員工人數為202人,薪資較低之外籍員工人數為55人,占比27% ,原因為訂單減少,導致員工加班費也相對減少,因此造成整體薪資金額較低"
2019,4911,生技醫療業,19,8142,429,414.0,-0.42,687,0.22,True,,,本公司之員工薪酬是依據公司營業獲利狀況及個人表現能力做適當調整。
2019,4915,電子零組件業,820,1362624,1662,1404.0,4.8,800,4.29,,,,
2019,4916,電腦及週邊設備業,77,38767,503,408.0,4.02,1190,3.22,,True,,108年EPS包括出售廠房之獲利，若予排除，獲利尚無優於同業。本公司營運模式、規模、員工結構及獲利組成，與同業不盡相同，相應薪酬計算可能產生差異。另薪酬係綜合衡量員工之工作職能與績效達成，未來仍將適時檢討。
2019,4919,半導體業,1367,1701023,1244,1097.0,2.53,1230,6.68,,,,
2019,4930,電器電纜,17,11794,694,535.0,0.46,678,1.16,,,True,二年度平均人件費減少幅度約4%，係因人員工作重新配置及作業流程優化，致用人費用減少。本公司係依照每位員工職責、職等以及績效貢獻，並考慮同業約當水平，提供相對之報酬。
2019,4931,電腦及週邊設備業,269,150767,560,441.0,2.51,790,3.32,,,,
2019,4933,光電業,421,245642,583,546.0,1.22,768,1.06,,True,,"基層技術人員占非擔任主管職務之員工總數比率約為69%，若依非擔任主管職務之全時員工薪資資訊檢查表之中位數統計，應為545,830元，相對平均薪資高於50萬元。"
2019,4934,光電業,78,67224,862,793.0,-2.42,816,0.0,,,,
2019,4938,電腦及週邊設備業,7202,8793857,1221,989.0,7.4,1190,3.22,,,,
2019,4939,電子零組件業,15,18598,1240,937.0,0.36,644,1.32,,,,
2019,4942,光電業,289,201862,698,512.0,4.57,816,0.0,,True,,本公司非管理職員工人數-加權平均(人)289人，其中制造人員167人，外籍人員44人，共計211人。制造人員及外籍人員佔非管理職員工人數73%。本年平均工資69.8萬較前一年度67.8萬增加。
2019,4944,光電業,190,125964,663,587.0,-3.94,768,1.06,,,,
2019,4946,文化創意業,53,31238,589,530.0,-7.11,819,3.51,,,,
2019,4950,其他,2,1398,699,699.0,-8.18,612,2.1,,,,
2019,4952,半導體業,223,364593,1635,1566.0,2.05,1230,6.68,,,,
2019,4953,資訊服務業,634,524068,827,760.0,6.23,836,2.21,,True,True,108年人數較107年增加12%。年度支薪月數6個月以上未滿1年者佔總人數42%，其中有近46%人數受年資未滿一年而影響變動薪，故造成全時員工平均薪資較前一年度短少。
2019,4956,光電業,394,220520,560,486.0,-1.26,816,0.0,,,,
2019,4960,光電業,1060,702747,663,637.0,-1.03,816,0.0,,,,
2019,4961,半導體業,387,591201,1528,1175.0,1.92,1230,6.68,,,,
2019,4967,半導體業,280,157386,562,485.0,0.11,1230,6.68,,,,
2019,4968,半導體業,206,259679,1261,1097.0,3.13,1230,6.68,,,True,"本公司2019年因業務成長,不斷增聘員工,新入職員薪資依其學經歷進行敘薪,因主要為生產單位員工,薪資不若研發人員,故造成平均薪資波動而略低於2018年度."
2019,4972,光電業,37,29347,793,745.0,2.69,768,1.06,,,,
2019,4973,半導體業,260,191433,736,544.0,1.5,1028,4.41,,,,
2019,4974,電子零組件業,43,65053,1513,1353.0,4.94,644,1.32,,,,
2019,4976,光電業,818,409177,500,459.0,-0.81,816,0.0,,,,
2019,4979,通信網路業,541,290365,537,468.0,-2.02,733,1.67,,,,
2019,4987,電腦及週邊設備業,200,101435,507,395.0,4.8,790,3.32,,True,,因本公司產品生產據點僅限於本國，海外無其他生產據點，因此非擔任主管職務之全時員工中直接或間接從事產品製造之作業員超過50%，致使員工薪資平均數低於同水準。
2019,4989,電子零組件業,218,202937,931,848.0,0.22,800,4.29,,,,
2019,4994,資訊服務業,525,345623,658,597.0,4.48,911,3.43,,True,,本公司雖今年獲利良好，然以前年度虧損，故在尚未彌補完虧損的情況下，薪資福利等措施較為保守。
2019,4995,光電業,166,125014,753,657.0,4.14,768,1.06,,True,,本公司108/4調薪3.5%，108年薪資平均數亦高於107年，主要因產線直接員工人數佔全體30%，而外籍員工佔直接員工45%，外籍員工多為領取基本工資，員工結構因素導致薪資平均數較同業略低。
2019,4999,電子零組件業,266,193581,728,557.0,2.78,800,4.29,,,,
2019,5007,鋼鐵工業,1460,901286,617,582.0,2.77,985,0.56,,True,,本公司員工薪資比照扣件同業水準，而獎金是依年度稅前盈餘(經營績效)以固定比例提列並依個人考績分發；另上市鋼鐵業再細分為扣件業(如春雨、聚亨、豐達科技)來做比較，則本公司員工薪酬應於合理範圍內。
2019,5009,鋼鐵工業,1092,707152,648,615.0,0.64,684,0.79,,,,
2019,5011,鋼鐵工業,269,146739,545,482.0,-0.73,684,0.79,,,,
2019,5013,鋼鐵工業,430,259403,603,587.0,1.24,684,0.79,,True,,1.外籍勞工人數佔公司比重約5%、行政人員佔公司比重約15%，上班時間固定，故影響公司平均薪資水準。2.公司每年視營運獲利情形，調整員工薪資及發放年終獎金。
2019,5014,鋼鐵工業,54,32771,607,523.0,0.09,684,0.79,,,True,本公司一般員工之薪酬以固定薪資與為主，以個別營運個體績效為輔；而公司集團合併報表績效則與高階經理人關聯性較高。
2019,5015,鋼鐵工業,177,105584,597,523.0,2.38,684,0.79,,True,,公司非擔任主管職務之全時員工177人中，有68人為外籍基層員工，占非擔任主管職務之全時員工之38%，其薪資為基本工資加上加班費，本就偏低，致拉低全公司平均薪資。
2019,5016,鋼鐵工業,307,194008,632,575.0,1.91,684,0.79,,True,,"本公司108年雖中鋼盤價下跌,但積極開拓國外料源,使得取得成本具有優勢,獲利優於同業,未全數反應在員工薪資的原因是本公司政策維持穩定薪資,員工薪資不致因公司獲利情況大幅波動"
2019,5102,橡膠工業,169,87334,517,474.0,0.66,517,0.66,,,,
2019,5201,資訊服務業,130,102179,786,693.0,1.34,836,2.21,,,,
2019,5202,資訊服務業,66,56204,852,725.0,-0.23,836,2.21,,,,
2019,5203,資訊服務業,322,402345,1250,968.0,4.53,911,3.43,,,,
2019,5205,其他電子業,6,2511,419,379.0,-0.94,735,1.9,True,,,本公司近年因業務調整，公司處於虧損狀態。為求公司永續經營，近幾年各項費用嚴格管控，故員工薪資尚無調整。後續將視經營績效，在公司永續經營的前提下，合理將經營成果分享予全體股東及員工。
2019,5206,建材營造,20,15852,793,763.0,2.53,847,1.02,,True,,1.公司於100年更換經營團隊進用基層同仁，內部員工平均年資相對較低，故平均薪資略低於同業。2.非擔任主管職員工多屬一般內勤，薪資水準不同於營建業具技術性工程師。
2019,5209,資訊服務業,250,255793,1023,891.0,3.19,836,2.21,,,,
2019,5210,資訊服務業,142,99070,698,624.0,-0.36,836,2.21,,,,
2019,5211,資訊服務業,60,52812,880,793.0,0.56,836,2.21,,,,
2019,5212,資訊服務業,312,275261,882,753.0,2.48,836,2.21,,,,
2019,5213,建材營造,53,44265,835,724.0,0.34,847,1.02,,,,
2019,5220,光電業,368,177789,483,420.0,2.0,768,1.06,True,True,,"1.員工中約60%屬直接人工,外勞占直接人工約20%,員工結構中絶大部分屬基層勞工,拉低平均薪資,致平均年薪未達50萬,但已較去年提升.2.章程規定有獲利時提撥不低於5%為員工酬勞,讓經營績效與員工薪酬產生正向關聯."
2019,5230,光電業,90,73665,819,591.0,0.8,768,1.06,,,,
2019,5234,光電業,331,485820,1468,1200.0,6.33,816,0.0,,,,
2019,5245,光電業,375,203615,543,431.0,0.35,768,1.06,,,,
2019,5251,光電業,28,21119,754,655.0,-1.48,768,1.06,,,,
2019,5258,電腦及週邊設備業,240,155419,648,549.0,0.19,1190,3.22,,,True,本公司去年7月仍進行年度調薪，各項獎金發放金額亦高於前年。去年員工平均薪資較前年下降，主係因本公司員工較前年增加46位，所增加員工在比例上大部分為基層員工及新鮮人，使得整體平均薪資略為下降。
2019,5263,文化創意業,157,159383,1015,932.0,6.57,819,3.51,,,,
2019,5269,半導體業,216,384519,1780,1433.0,16.08,1230,6.68,,,True,非經理人之全時員工之酬金金額，依其職務職位、工作績效，考量該年度公司經營績效，由單位主管評量提案，提交至總經理審議核定。另公司有增加新進人員，導致每年平均薪資會有差異，故影響薪資平均數。
2019,5272,半導體業,91,99739,1096,959.0,0.22,1028,4.41,,,True,107上半年因營收成長加發季獎金及久任獎金並配發106年員工酬勞；下半年營收下滑進行資遣發放離職金。108年度營收下降，獲利來自業外，未發放其他獎金。排除以上原因後兩期平均薪資相當。
2019,5274,半導體業,69,161294,2338,1262.0,24.39,1028,4.41,,,,
2019,5278,電子商務,40,40951,1024,850.0,15.45,665,2.16,,,,
2019,5283,電器電纜,488,195302,400,385.0,10.73,678,1.16,True,True,,係因本公司成立時間相較同業為晚，以生產線作業員及各單位之基層事務員工、行政、業務助理等員工佔較多數，未來隨著員工平均工作年資增加及工作效率隨之提高，公司經營績效相對提升，員工薪酬亦將會隨之增加。
2019,5285,半導體業,290,149423,515,482.0,2.46,1230,6.68,,,,
2019,5287,電子商務,117,83589,714,637.0,14.14,665,2.16,,,,
2019,5289,電腦及週邊設備業,536,443720,828,636.0,12.72,790,3.32,,,,
2019,5291,電子零組件業,278,142235,512,458.0,2.04,644,1.32,,True,,本公司生產據點僅在台灣，申報資料中直接人員約216人佔員工人數68.46%；研發、管理、業務人員約77人佔員工人數31.54%。本公司屬勞力密集產業員工薪酬及公司經營績效配置應屬合理。
2019,5299,半導體業,64,104341,1630,1513.0,7.96,1028,4.41,,,True,因為營收指標為本公司考核績效重要指標之一:107年度營收較106年度營收成長增加44.08%，而108年度營收較107年度營收只增加12.39%，故員工額外的獎酬有差異，進而影響非經理人全時員工薪資平均數減少。
2019,5301,觀光事業,84,45493,542,492.0,-3.19,505,0.42,,,,
2019,5302,半導體業,40,37877,947,932.0,-0.39,1028,4.41,,,,
2019,5306,其他,58,37696,650,549.0,8.0,612,2.1,,,,
2019,5309,電子零組件業,247,152036,616,484.0,-1.88,644,1.32,,,,
2019,5310,資訊服務業,94,46972,500,473.0,-3.54,836,2.21,,,,
2019,5312,生技醫療業,792,580616,733,618.0,6.31,687,0.22,,,,
2019,5314,半導體業,14,10214,730,709.0,-0.4,1028,4.41,,,,
2019,5315,光電業,581,266883,459,384.0,0.88,768,1.06,True,,,薪酬政策除參考同業通常水準支給情形，考量個人擔負之職責、達成個人目標。公司給予同等職位者之薪資報酬，暨由評估個人表現與公司經營績效之關連合理性，並視實際經營狀況及相關法令適時檢討酬金制度。
2019,5321,電子零組件業,48,34526,719,530.0,1.47,644,1.32,,,,
2019,5324,建材營造,28,27171,970,869.0,-0.97,847,1.02,,,,
2019,5328,電子零組件業,22,13682,622,579.0,-0.15,644,1.32,,,,
2019,5340,電子零組件業,321,170135,530,462.0,0.58,644,1.32,,,,
2019,5344,半導體業,167,84803,508,493.0,-0.48,1028,4.41,,,True,因108年度有資深員工離職，加上新進員工皆為薪資較低的作業員，故本年度平均薪資較上一年度微幅下降1.1萬；而因應公司成長，本公司已於109年年初參照同業水準進行全面性的調薪。
2019,5345,其他,97,70221,724,630.0,-5.5,612,2.1,,,,
2019,5347,半導體業,4959,6042790,1219,917.0,3.58,1028,4.41,,,,
2019,5348,通信網路業,44,29556,672,661.0,-0.96,733,1.67,,,,
2019,5351,半導體業,277,290860,1050,976.0,-1.15,1028,4.41,,,,
2019,5353,通信網路業,381,247515,650,569.0,1.38,733,1.67,,,,
2019,5355,電子零組件業,360,179456,498,468.0,-0.84,644,1.32,True,,,1.因產業特性，作業人員相對偏多且外籍員工占直接員工的比率為33%，故拉低整體水準2.因近年來公司虧損，無額外季獎金、績效獎金及員工酬勞
2019,5356,電腦及週邊設備業,275,144653,526,433.0,2.22,790,3.32,,,,
2019,5364,觀光事業,83,37804,455,395.0,-1.98,505,0.42,True,,,"國人出國意願高於國內旅遊、中國來臺旅遊人數減少,影響飯店營收2飯店工作多屬於替代性高、低技術性門檻,故薪資較低3飯店組織結構扁平,以基層主管做管理,中高階主管人數少。上述因素造成整體平均薪資偏低。"
2019,5371,光電業,1904,2201253,1156,1006.0,2.65,768,1.06,,,,
2019,5381,電子零組件業,68,36721,540,551.0,-0.05,644,1.32,,,,
2019,5383,其他電子業,227,119681,527,482.0,-3.69,735,1.9,,,,
2019,5386,電腦及週邊設備業,28,19363,692,611.0,0.66,790,3.32,,,,
2019,5388,通信網路業,1325,1255131,947,546.0,4.21,1132,2.08,,True,,本公司經營績效良好並重視員工，長期評估市場薪酬水位以確保員工薪資之競爭力。因美中貿易戰，於107年開始產量回流台灣，台灣廠產能倍增，廠區員工工作機會亦隨之增加。108年較107年員工加權平均人數增加28%。
2019,5392,光電業,13,9113,701,640.0,1.3,768,1.06,,True,True,本年度員工人數較前一年度減少，所異動之人員為海外高階主管，以致員工薪資平均數略低於同業並較前一年度略為減少。
2019,5398,其他,50,36820,736,634.0,0.51,612,2.1,,,,
2019,5403,資訊服務業,301,322032,1070,928.0,3.96,836,2.21,,,True,"本公司108年度新進員工較上年度人數增加,因新進員工年資經歷尚淺,平均薪資較低,使得108年度EPS雖較107年成長但平均薪資反而減少。本公司有完善員工調薪制度,且會視獲利增加而加發員工績效獎金之情事。"
2019,5410,資訊服務業,335,221099,660,591.0,1.94,836,2.21,,,,
2019,5425,半導體業,501,343965,687,531.0,2.29,1028,4.41,,,,
2019,5426,電腦及週邊設備業,251,159110,634,565.0,-0.16,790,3.32,,,,
2019,5432,光電業,20,9881,494,432.0,3.36,768,1.06,True,True,,"本公司因產線人員佔全體45%而拉低薪資水平使其平均數未達50萬元，本公司108年主要係營業外收支獲利71,764仟元(利息收入及處分廠房利益)，佔稅前淨利達102.61%，若排除營外獲利所推計EPS為-0.11元，則與同業相當。"
2019,5434,電子通路業,404,548318,1357,1075.0,9.48,923,3.57,,,,
2019,5438,電腦及週邊設備業,126,144256,1145,923.0,0.44,790,3.32,,,,
2019,5439,電子零組件業,491,323724,659,577.0,2.58,644,1.32,,,,
2019,5443,光電業,404,425300,1053,954.0,1.51,768,1.06,,,,
2019,5450,其他,27,15856,587,579.0,0.58,612,2.1,,,True,本年度EPS較前一年度成長主係因業外收益增加，本業之獲利狀況則較前一年度略為衰退，故非經理人之全時員工薪資平均數較前一年度減少。
2019,5452,其他電子業,28,19922,712,643.0,0.24,735,1.9,,,True,"因108年員工人數-加權平均較107年員工人數-加權平均減少,故員工薪資-平均數亦減少."
2019,5455,建材營造,12,12123,1010,776.0,3.1,847,1.02,,,True,"本公司107年度非擔任主管職之全時員工平均薪資為1,023仟元、108年度平均為1,010仟元，減少13仟元，減少幅度約1.27%，並無顯著減少，其中減少係因部份員工於108年度離職，而新進同仁年資及平均薪資較低所致。"
2019,5457,電子零組件業,404,228517,566,470.0,2.19,644,1.32,,True,,"本公司非經理人之全時員工(年度)薪資平均已較去年增加,就公司經營績效與全時員工薪資平均數尚屬合理"
2019,5460,電子零組件業,145,105411,727,610.0,0.72,644,1.32,,,,
2019,5464,電子零組件業,372,156160,420,391.0,-0.18,644,1.32,True,,,本公司藍領外籍工人佔全體員工比例近四分之一，外籍工人薪資依契約核給基本工資，不計其他津貼項目，致全體員工薪資平均數未達50萬元。
2019,5465,電腦及週邊設備業,21,19256,917,854.0,0.92,790,3.32,,,,
2019,5468,半導體業,21,23775,1132,864.0,-3.47,1028,4.41,,,,
2019,5469,電子零組件業,637,421771,662,593.0,6.05,800,4.29,,True,,本公司薪酬政策係依營運目標與獲利表現、參酌外部薪酬水準，並考量員工專業知識技術、工作職掌及個人績效表現而定。
2019,5471,半導體業,306,427454,1397,1327.0,2.03,1230,6.68,,,,
2019,5474,電腦及週邊設備業,108,123540,1144,910.0,7.72,790,3.32,,,,
2019,5475,電子零組件業,104,52958,509,448.0,-2.32,644,1.32,,,,
2019,5478,文化創意業,377,310012,822,681.0,5.0,819,3.51,,,,
2019,5481,其他,14,9452,675,545.0,-2.53,612,2.1,,,,
2019,5483,半導體業,796,625347,786,768.0,3.86,1028,4.41,,,,
2019,5484,光電業,122,79838,654,539.0,-1.49,816,0.0,,,,
2019,5487,半導體業,48,50548,1053,1004.0,2.69,1028,4.41,,,,
2019,5488,電子零組件業,68,36810,541,530.0,-0.43,644,1.32,,,,
2019,5489,其他電子業,393,294079,748,590.0,1.95,735,1.9,,,,
2019,5490,電腦及週邊設備業,113,135741,1201,1120.0,2.79,790,3.32,,,,
2019,5493,其他電子業,69,63523,921,870.0,4.32,735,1.9,,,,
2019,5498,電子零組件業,130,68846,530,501.0,0.42,644,1.32,,,True,1.茲因本公司108年度生產稼動率較前一年度整體下降，加班時數減少，導致影響非擔任主管職務之全時員工平均薪資減少。2.本公司108年度EPS較前一年度成長主要為本業外收益，本業持平。
2019,5508,建材營造,30,30401,1013,919.0,2.0,847,1.02,,,,
2019,5511,建材營造,239,200586,839,626.0,4.74,847,1.02,,True,True,108年行政助理及體力工等定期契約人員約占13%，工作資歷低於二年者約占29%，均高於107年，此類基層人員薪資較低致平均薪資降低。108年結案工地數低於107年，致108年竣工獎金總額低於107年，亦使平均薪資降低。
2019,5512,建材營造,43,39619,921,845.0,1.12,847,1.02,,,True,因108年度未發放績效獎金考量上半年度成屋銷售未達預期及整體業績衰退，另受到經濟不確定因素與國內選舉紛擾，雖出售素地至使獲利增加，但預估營建景氣將持續低迷且復甦速度緩慢之整體考量固未發放績效獎金。
2019,5514,建材營造,12,10687,891,812.0,2.0,847,1.02,,,,
2019,5515,建材營造,284,263987,930,822.0,0.57,795,1.39,,,,
2019,5516,建材營造,64,53403,834,752.0,0.86,847,1.02,,,,
2019,5519,建材營造,75,67991,907,836.0,2.43,795,1.39,,,,
2019,5520,建材營造,116,88458,763,687.0,2.05,847,1.02,,True,,一、本公司108年度稅前淨利近半數來自於業外收入。二、107年曾辦理現金減資15%。三、本公司每年都會做同產業薪資市調，與其他同業並無差異。四、已於108年12月調薪4%，對平均薪資的影響數會遞延至109年顯現。
2019,5521,建材營造,478,280324,586,468.0,-0.07,795,1.39,,,,
2019,5522,建材營造,117,161349,1379,842.0,3.89,795,1.39,,,,
2019,5523,建材營造,10,5064,506,480.0,0.18,847,1.02,,,,
2019,5525,建材營造,42,47149,1123,964.0,1.66,795,1.39,,,,
2019,5529,建材營造,16,9425,589,550.0,-1.34,847,1.02,,,True,主要係因108年度有4位員工離職僅到職1人，且離職員工中有2人薪資較高，故導致本期非經理人之全時員工薪資平均數減少，然本公司107年度每股盈餘為-1.36，108年度每股盈餘為-1.34，變動微小，故薪資未增亦屬合理。
2019,5530,其他,464,385596,831,676.0,5.48,612,2.1,,,True,108年本業獲利下降，又為擴大就業機會將原外包清潔人員轉為自聘，清潔人員薪資較低佔員工人數6.2 %故108年非擔任主管職務之全時員工薪資較107年減少。
2019,5531,建材營造,153,96173,629,533.0,0.07,795,1.39,,,,
2019,5533,建材營造,42,31382,747,704.0,0.33,795,1.39,,,,
2019,5534,建材營造,35,27156,776,742.0,10.93,795,1.39,,True,,本公司因行業特性每年認業營收及獲利起伏甚大，為求員工薪資能長期平穩，故每年薪資及紅利採穩定加薪及分配政策。平均數略低於同業水準，可能係因同業或有當年度員工紅利劇增所致。
2019,5536,其他電子業,226,302508,1339,1080.0,19.16,735,1.9,,,,
2019,5601,航運業,7,5181,740,682.0,0.24,732,1.36,,,,
2019,5603,航運業,277,187800,678,656.0,-0.15,732,1.36,,,,
2019,5604,其他,593,257141,434,408.0,6.04,612,2.1,True,True,,薪資採半變動，薪資結構與其積載及噸數攸關，108年EPS較107年高，係業外處分不動產，若排除業外，108年本業因經營艱困決議7月退出貨運市場，退出前營收、噸數與去年同期下滑23%及27%，故均薪下降
2019,5607,航運業,454,390495,860,776.0,3.04,1175,0.5,,True,,本公司與航運類股行業屬性及人力結構差異較大，同業多為航空公司及船運公司，員工結構落差大，因此薪酬行情有所差異。
2019,5608,航運業,73,50610,693,635.0,-1.26,1175,0.5,,,,
2019,5609,航運業,162,144716,893,643.0,3.2,732,1.36,,,True,因非擔任主管之離職員工薪資較高，而新進之非擔任主管員工薪資較低，故非擔任主管之全時員工薪資平均數較前一年度減少。
2019,5701,觀光事業,347,127968,369,319.0,-0.76,505,0.42,True,,,本公司主要營運部門為主題樂園與渡假飯店，遊樂業與飯店業基層人力佔比高，本公司基層人力約達75%。加上營業型態離尖峰、淡旺季明顯，需使用臨時人力補充營運人力需求，故而降低整體平均薪資。
2019,5703,觀光事業,225,120755,537,458.0,-0.44,505,0.42,,,,
2019,5704,觀光事業,191,86774,454,371.0,0.86,505,0.42,True,True,,本公司位處台東，薪資及消費水平相較國內其他縣市低；但相較同區域同業薪資水平相當。休閒飯店業所需基層服務人員數量較多，故使得薪資平均數降低。
2019,5706,觀光事業,218,115287,529,461.0,3.24,567,1.71,,True,,本公司與同業平均數差異不大，主要係因員工人力結構以年資淺之員工居多，起薪較低，故將非擔任主管之全時員工平均薪資拉低。
2019,5820,金融業,2795,2512205,899,772.0,0.62,850,0.75,,,,
2019,5864,金融業,193,79033,409,398.0,0.57,850,0.75,True,,,"係因經紀部門之市占及從業人員之業績普遍低於市場之平均值,故使全體非經理人全時員工平均薪資未達50萬元。"
2019,5876,金融保險業,2330,2900306,1245,1147.0,3.5,1197,1.91,,,,
2019,5878,金融業,48,27813,579,540.0,3.04,850,0.75,,True,,本公司每年依獲利計算員工績效獎金及酬勞，以回饋員工之貢獻；本公司為保經公司，員工結構與金控銀行不同，非擔任主管之員工主要行政職務，與同業包含業務銷售人員之結構不同，依性質而言，本公司薪資尚屬合理。
2019,5880,金融保險業,8103,11064903,1366,1233.0,1.33,1197,1.91,,,,本公司依據公司章程第三十五條之一規定，按當年度獲利狀況提撥萬分之一至萬分之八為員工酬勞，及訂定「經營績效獎金及員工酬勞提撥準則」，將經營績效與成果，反映於員工薪酬中。
2019,5902,貿易百貨,71,52971,746,627.0,0.58,604,5.0,,,,
2019,5903,貿易百貨,2746,2163434,788,734.0,8.2,604,5.0,,,,
2019,5904,貿易百貨,2696,1253253,465,406.0,19.31,604,5.0,True,True,,1.公司屬零售業直營型態（非加盟）的自助型賣場，有90%人力屬第ㄧ線服務人員(含33%計時人員)。且因大規模展店，晉用高比例新人及職場新鮮人予以培訓，影響平均薪資。2.公司每年依員工績效考核結果予以晉升、調薪。
2019,5905,貿易百貨,285,110784,389,381.0,0.34,604,5.0,True,,,"108年度扣除轉投資收益後，本公司稅前淨利52,986千元。勞動部薪資查詢系統，同業非擔任主管職員工薪資為23,967~43,390 (月)， 本司年度薪資均數389千元(32,417元/月)，與同業並無重大差異。"
2019,6005,金融保險業,1605,1269380,791,648.0,1.11,1197,1.91,,,True,108年度獲利成長，係因債券、自營、企金等部門獲利大幅成長，惟經紀部門之獲利衰退30%，導致經紀部同仁業績獎金及節慶獎金大幅減少，且該部門人數佔全公司之71.6%，致全公司年度薪資平均數較前一年度少1萬餘元。
2019,6015,金融業,372,288743,776,652.0,0.4,850,0.75,,,,
2019,6016,金融業,562,454543,809,679.0,0.47,850,0.75,,,True,因本公司108年度經紀業務之現貨成交量較107年度減少約661億，故108年度營業同仁之業績獎金相較107年度平均每位營業員全年獎金減少約12萬所致。
2019,6020,金融業,57,34829,611,611.0,0.46,850,0.75,,,True,本公司108年度經營績效成長主要來自自營單位、唯108年度本公司成立證券分公司、並招募部份新進員工、人數增加18%、導致全年平均薪資降低。
2019,6021,金融業,287,185312,646,558.0,0.09,850,0.75,,,,
2019,6023,金融業,348,369968,1063,972.0,4.89,850,0.75,,,,
2019,6024,金融保險業,201,216750,1078,813.0,3.4,1197,1.91,,True,,金融保險業涵蓋之行業範圍廣(金控、銀行、保險、證券及期貨)，業態不盡相同，期貨業僱用基層業務人員推廣業務之比例較高，故平均薪資呈現亦不同。本公司每股盈餘較去年減少，員工平均薪資隨之減少，薪酬合理。
2019,6026,金融業,158,144047,912,771.0,1.0,850,0.75,,,,
2019,6101,文化創意業,19,12429,654,572.0,0.04,819,3.51,,,,
2019,6103,半導體業,9,6227,692,668.0,0.18,1028,4.41,,,,
2019,6104,半導體業,260,410991,1581,1363.0,2.22,1028,4.41,,,,
2019,6108,電子零組件業,630,326619,518,471.0,2.22,800,4.29,,,,
2019,6109,通信網路業,57,37640,660,646.0,0.25,733,1.67,,,,
2019,6111,文化創意業,123,90129,733,656.0,6.77,819,3.51,,True,,本公司員工平均薪資與同業差異不大，108年EPS獲利表現較同業為佳，主要係因108年個體財報營業外收入認列處分投資利益6.4億元(因本公司對子公司軟星科技(北京)有限公司喪失控制力)，但108年營業損益則為損失2.5億元。
2019,6112,資訊服務業,327,300211,918,727.0,2.58,911,3.43,,,,
2019,6113,電子通路業,45,38411,854,817.0,-0.69,710,0.12,,,,
2019,6114,電子零組件業,46,32637,710,573.0,4.15,644,1.32,,,,
2019,6115,電子零組件業,105,94225,897,699.0,3.06,800,4.29,,,,
2019,6116,光電業,2529,1851906,732,609.0,0.25,816,0.0,,True,,本司參考業界薪資水準，提供具競爭力的薪酬。然因各公司營收及營業模式不同、產品技術及研發投入差距，人才組合有明顯差異。相同學歷、年資、實際工時之整體薪酬，並未低於同業。另外籍員工占比較高，亦為因素之一。
2019,6117,電腦及週邊設備業,591,334908,567,454.0,-1.73,1190,3.22,,,,
2019,6118,電子通路業,212,120809,570,504.0,-0.29,710,0.12,,,,
2019,6120,光電業,1009,754533,748,629.0,-0.29,816,0.0,,,,
2019,6121,電腦及週邊設備業,379,455671,1202,990.0,20.68,790,3.32,,,,
2019,6122,電機機械,182,142442,783,654.0,2.44,603,1.52,,,,
2019,6123,電腦及週邊設備業,66,51161,775,712.0,3.7,790,3.32,,True,True,本公司108年新聘任之非主管職務員工多為職場年資尚淺之人員，故使全體平均薪資略為降低，另相同產業但不同行業別之公司，在營運規模、經營策略等皆有差異，故員工薪資難有客觀一致標準。
2019,6124,電子零組件業,25,29390,1176,974.0,1.22,644,1.32,,,,
2019,6125,光電業,337,275074,816,703.0,5.47,768,1.06,,,True,公司經營績效與員工薪酬之間呈正相關。108年EPS較107年成長，係因處分不動產所產生之營業外收益所致，故非經理人之全時員工薪資平均數與前一年度相差不遠。
2019,6126,電子零組件業,15,10775,718,761.0,1.22,644,1.32,,,,
2019,6127,電子零組件業,217,101771,469,419.0,-1.57,644,1.32,True,,,九豪個體營運結果因近10年來投入新產品研發，績效尚未顯現，目前處於虧損狀態，新產品逐漸有成果，一旦績效產出將會逐步提高員工報酬。
2019,6128,電腦及週邊設備業,423,241172,570,404.0,2.76,1190,3.22,,,,
2019,6129,半導體業,193,171524,889,772.0,-0.2,1028,4.41,,,,
2019,6130,生技醫療業,10,4730,473,509.0,-0.61,687,0.22,True,,True,本公司訂有工作規則及相關人事管理規章，均符合勞動基準法相關規定。本公司酬金政策，係依據個人能力，對公司的貢獻度，績效表現，與經營績效之關聯性成正相關。
2019,6133,電子零組件業,38,26269,691,609.0,0.19,800,4.29,,,,
2019,6134,電子零組件業,106,67454,636,557.0,0.08,644,1.32,,,True,EPS增加係認列子公司投資損益，非因本業產生營業利益，受到國際情勢及景氣影響，108年營收下滑、營業損失增加，108年員工薪酬維持與107年相同之水準，全時員工平均數較107年減少主係因人員變動產生。
2019,6136,通信網路業,60,47049,784,696.0,0.68,1132,2.08,,,,
2019,6138,半導體業,270,328975,1218,1071.0,4.9,1028,4.41,,,True,108年度EPS雖較前一年成長，主要係因流通在外股數較107年少所致，108年稅後淨利實際較107年減少，故非經理人平均薪資較107年略為減少。
2019,6139,其他電子業,378,311288,824,702.0,2.21,1157,6.74,,,,
2019,6140,資訊服務業,157,100752,642,506.0,0.08,836,2.21,,,,
2019,6141,電子零組件業,400,209400,524,454.0,4.2,800,4.29,,,,
2019,6142,通信網路業,656,401038,611,411.0,-1.26,1132,2.08,,,,
2019,6143,通信網路業,502,340891,679,592.0,3.03,733,1.67,,True,,本公司主要製造、生產皆位於台灣，製造生產人力佔總人數60.5%，其中外籍移工佔全體22%，絕大部分屬於基層生產人員，致薪資平均數低於同業水準。
2019,6144,文化創意業,87,48454,557,492.0,-1.03,819,3.51,,,,
2019,6146,其他電子業,581,498183,857,687.0,7.27,735,1.9,,,,
2019,6147,半導體業,5739,4570635,796,688.0,6.28,1028,4.41,,True,,"1.半導體業含晶片設計、製造及後段封測，員工結構差異大致平均薪資不盡具可比較性；2.外籍技術員1,379人,占計算母體24%，拉低平均年薪。"
2019,6148,資訊服務業,43,29634,689,554.0,0.6,836,2.21,,,,
2019,6150,電腦及週邊設備業,115,106448,926,798.0,-2.43,790,3.32,,,,
2019,6151,其他電子業,75,49705,663,518.0,1.33,735,1.9,,,,
2019,6152,通信網路業,161,155503,966,821.0,0.08,1132,2.08,,,True,公司茲因連續虧損及業務緊縮下，107年度鼓勵員工退休並進行非自願性離職作業，使得108年非擔任主管職務之全時員工薪資平均數較前一年度減少，且因管理費用下降，使得108年EPS相較前一年度增加。
2019,6153,電子零組件業,1956,1068737,546,449.0,0.9,800,4.29,,,,
2019,6154,電子通路業,542,233150,430,380.0,0.4,710,0.12,True,True,,本公司之產業類別隸屬電子通路業，但產業中包含製造商、代理商等，比較基準不同。以3C零售業而言，本公司之獲利表現並未優於同業；參考業界薪資調查報告之數據，薪資符合門市零售行業之合理水準。
2019,6155,電子零組件業,228,108689,477,420.0,0.93,800,4.29,True,,,主要是因為108年獲利較107年獲利減少約37%，故108年員工酬勞較107年減少41%，進而影響108年員工平均薪資所得未達50萬原因。
2019,6156,電子零組件業,13,14058,1081,1040.0,1.06,644,1.32,,,,
2019,6158,電子零組件業,125,103468,828,710.0,0.42,644,1.32,,,,
2019,6160,電腦及週邊設備業,241,190884,792,735.0,-0.13,790,3.32,,,,
2019,6161,電腦及週邊設備業,54,47383,877,660.0,2.08,790,3.32,,,,
2019,6163,通信網路業,532,492511,926,794.0,0.75,733,1.67,,,,
2019,6164,光電業,55,32982,600,565.0,-0.6,816,0.0,,,,
2019,6165,其他,6,3360,560,429.0,-0.54,819,3.81,,,,本公司業務之發展，因同業削價競爭，利基不復存在，致營收下滑，公司年年虧損；因是之故，公司對於員工薪酬態度，不若當前熱門產業公司之優渥，但因體恤員工，仍能維持員工薪酬水平於業界中位數，故尚稱合理。
2019,6166,電腦及週邊設備業,855,832050,973,880.0,2.04,1190,3.22,,,,
2019,6167,光電業,235,130323,555,473.0,0.95,768,1.06,,,,
2019,6168,光電業,584,384640,659,587.0,0.07,816,0.0,,True,,說明：因總公司設置在新竹市香山區（非屬新竹科學園區內），相較薪資水準與園區內的同業較低。且公司大部份員工是新竹市香山區在地居民，所以薪資福利項目屬於外縣市之交通、住宿補助福利較少。
2019,6169,文化創意業,19,13024,685,679.0,-1.32,819,3.51,,,True,本公司EPS較前一年成長係因公司檢討整體策略，減少行銷活動支出及開發費用，加上金融資產期末認列利益增加所致；今年度EPS仍呈現負數，員工薪資減少係因專案獎金減少，故員工薪資平均數降低尚屬合理。
2019,6170,通信網路業,51,34695,680,510.0,0.96,733,1.67,,,True,薪資平均數較107年度減少的主因為(1)107年9月1位經理退休及108年3位主任離職(2)108年因應新增監理沙盒匯款業務新進較多基層員工致平均薪資減少
2019,6171,建材營造,10,5390,539,546.0,0.04,847,1.02,,,,
2019,6172,電腦及週邊設備業,3,1852,617,541.0,0.32,1190,3.22,,,,
2019,6173,電子零組件業,575,402642,700,605.0,4.49,644,1.32,,,,
2019,6174,電子零組件業,215,95449,444,389.0,0.02,644,1.32,True,,,"108年度全球景氣放緩，本公司營業收入淨額$423,208仟元，較前一年度衰退約20.23%。稅後淨利$857仟元，較前一年度減少比率為98.39%。相對，非擔任主管職務之全時員工薪資平均數，較前一年度減少比率為8.07%。"
2019,6175,電子零組件業,64,40153,627,604.0,0.89,644,1.32,,,,
2019,6176,光電業,1047,1119106,1069,797.0,12.62,816,0.0,,,,
2019,6177,建材營造,43,36112,840,694.0,3.59,795,1.39,,,,
2019,6179,其他,100,81669,817,723.0,1.01,612,2.1,,,,
2019,6180,文化創意業,316,335791,1063,789.0,5.1,819,3.51,,,,
2019,6182,半導體業,921,666903,724,647.0,2.41,1028,4.41,,,,
2019,6183,資訊服務業,487,501405,1030,941.0,1.96,911,3.43,,,True,108年度因專案開發需要，增聘多位資歷較淺之技術人員，另有資深同仁申請退休或離職。當年度總薪資提升(成長率 +7.3%)，但因資淺人數增加故平均薪資微幅下降(成長率 -3%)，尚屬合理。
2019,6184,其他,63,36480,579,491.0,3.39,819,3.81,,,True,108年度EPS增加主係因108年度認列105-107年度版權成本高估數，實質上105-108年度平均獲利約當。另因人員異動，離職人員主係資深員工，其薪資水位高於新進同仁，致平均薪資較107年度略為減少。
2019,6185,電子零組件業,24,12229,510,478.0,0.42,644,1.32,,,,
2019,6186,建材營造,23,57103,2483,1944.0,4.21,847,1.02,,,,
2019,6187,其他電子業,201,221630,1103,953.0,1.0,735,1.9,,,,
2019,6188,電腦及週邊設備業,154,180766,1174,1001.0,1.85,790,3.32,,,,
2019,6189,電子通路業,177,163221,922,795.0,2.62,923,3.57,,,,
2019,6190,通信網路業,210,151291,720,620.0,1.06,733,1.67,,,,
2019,6191,電子零組件業,83,131027,1579,1190.0,2.01,800,4.29,,,,
2019,6192,其他電子業,395,409227,1036,888.0,6.72,1157,6.74,,,,
2019,6194,電子零組件業,4,2292,573,554.0,1.7,644,1.32,,True,True,本公司生產基地在大陸，台灣地區人事精簡員工數少，非主管階級之員工僅處理一般事務，薪資架構以一般薪資為基準，公司經營績效與台灣地區非主管階級之員工薪資尚無比例關連性。
2019,6195,貿易百貨,384,194352,506,452.0,2.25,604,5.0,,,,
2019,6196,其他電子業,738,816565,1106,959.0,3.78,1157,6.74,,,,
2019,6197,電子零組件業,136,119526,879,660.0,2.4,800,4.29,,,,
2019,6198,半導體業,12,10919,910,805.0,-1.06,1028,4.41,,,,
2019,6199,其他,9,4355,484,394.0,0.08,612,2.1,True,,,由公司長短期業務目標之達成及公司財務狀況等評估個人績效表現與公司經營績效及未來風險關聯之合理性而給予合理報酬。
2019,6201,其他電子業,380,212811,560,538.0,2.69,1157,6.74,,,,
2019,6202,半導體業,371,452605,1220,1119.0,4.05,1230,6.68,,,,
2019,6203,電子零組件業,80,66322,829,738.0,3.7,644,1.32,,,,
2019,6204,電子零組件業,81,46075,569,469.0,1.05,644,1.32,,,,
2019,6205,電子零組件業,133,94312,709,563.0,1.57,800,4.29,,,,
2019,6206,電腦及週邊設備業,379,299211,789,600.0,5.15,1190,3.22,,True,,1.本公司為POS專業設計製造商，100%由台灣研發設計生產。2.因近二成人力為外籍勞工，故計算至員工平均薪資數，表現略低於同業水準。3.本公司仍致力於全體員工無形福利，包括員工旅遊、持股信託等。
2019,6207,電子零組件業,186,102003,548,517.0,1.4,644,1.32,,True,,本公司受到產業景氣影響，營收較前一年度大幅衰退，但毛利率仍較前一年度提升，另，業外部分因公司閒置資金操作得宜，每年皆有不錯的獲利貢獻，才造成每股盈餘高於同業平均數。
2019,6208,電子零組件業,289,241743,836,755.0,2.3,644,1.32,,,,
2019,6209,光電業,747,353148,473,425.0,-0.7,816,0.0,True,,,"1.本公司因近年進行產品結構轉型,因未獲利故無員工分紅2.台灣勞工招募不易且不願上夜班輪班,故使用相當高比例的移工3.本公司已響應政府政策,近年來員工調薪幅度年平均為1%~3%"
2019,6210,電子零組件業,266,165773,623,571.0,4.35,644,1.32,,True,,本公司標市場定位為高毛利訂單，故每股盈餘表現一般均較同業為佳，非經理人之全時員工薪資均參酌就業市場及勞動法令執行，平均數雖低於同業水準，僅為一統計數之計算，但並無影響公司運作，故應無是否合理之虞。
2019,6212,建材營造,18,19429,1079,909.0,0.2,847,1.02,,,,
2019,6213,電子零組件業,378,302902,801,659.0,8.13,800,4.29,,,,
2019,6214,資訊服務業,1601,1494924,934,758.0,7.31,911,3.43,,,,
2019,6215,其他電子業,142,113001,796,709.0,0.6,1157,6.74,,,,
2019,6216,通信網路業,195,189752,973,869.0,1.8,1132,2.08,,,,
2019,6217,電子零組件業,212,143280,676,562.0,1.39,644,1.32,,,True,由於員工人數較前年度增加，故造成員工薪資平均數較前年度減少，減少幅度約1.02%。
2019,6218,通信網路業,140,137926,985,863.0,1.46,733,1.67,,,,
2019,6219,建材營造,24,19600,817,462.0,1.3,847,1.02,,True,True,"(1)108年度淨利主要來自營業外收入$88,595仟元(2)係108年將部分重要主管職列入財報主要管理階層薪酬揭露，108年度主要管理階層薪酬總額為$24,035仟元，較107年度$19,592仟元高。故非主管職平均薪資較去年度下降。"
2019,6220,電子零組件業,95,60997,642,586.0,1.38,644,1.32,,,,
2019,6221,資訊服務業,178,185359,1041,918.0,3.92,836,2.21,,,,
2019,6222,光電業,14,6962,497,503.0,0.43,768,1.06,True,,,"本公司目前尚屬虧損階段，待公司轉虧為盈後,再做計劃並適當調整。"
2019,6223,半導體業,1529,1533601,1003,868.0,5.36,1028,4.41,,True,,本次調查將所有半導體產業同時評比，未區分中下游廠商，但上游IC設計與晶圓製造廠商，多屬研發人員，薪資會高於中下游之製造廠商，同時評比對下游產業不公平。建議應以細分後之產業類別進行評比，較能呈現實際狀況。
2019,6224,電子零組件業,192,151356,788,709.0,4.6,800,4.29,,True,,本公司薪資依照個人績效表現及對公司之貢獻度，並考量公司營運狀況給予相對應之薪資報酬。另薪資結構無法於一年內與營運狀況作即時反應，後續會參考同業薪資水平，做相應之調整。
2019,6225,光電業,4,4659,1165,642.0,-0.07,816,0.0,,,,
2019,6226,光電業,40,31255,781,745.0,1.32,816,0.0,,True,,本公司員工薪酬係參酌員工學經歷、專業能力而定。本公司母公司108年度係營業淨損，合併利潤每股盈餘1.32元係因採用權益法認列關聯企業損益之份額所致。
2019,6227,電子通路業,180,205531,1142,1120.0,1.68,710,0.12,,,,
2019,6228,電腦及週邊設備業,27,17442,646,609.0,-1.03,790,3.32,,,,
2019,6229,半導體業,23,19971,868,804.0,0.59,1028,4.41,,,,
2019,6230,電腦及週邊設備業,402,255693,636,484.0,8.12,1190,3.22,,True,,1.本公司非擔任主管職全時員工之平均薪資，因含基層之產線人員在內，以致平均薪資水準較同業為低。2.本公司章程訂有員工酬勞提撥比重，並依公司營運績效及獲利表現發放獎金，將持續致力員工薪酬結構之調整與優化。
2019,6231,資訊服務業,409,411297,1006,891.0,2.32,836,2.21,,,,
2019,6233,半導體業,89,98582,1108,970.0,0.04,1028,4.41,,,True,公司EPS較前一年度增加，惟非經理人之全時員工(年度)薪資平均數較前一年度減少，係因幾位較高薪同仁離職之人員異動所致。
2019,6234,光電業,145,77298,533,391.0,2.0,768,1.06,,True,True,1.本年度獲利雖有回升，但薪資與同區域比較尚屬合理，且每年針對表現較佳員工，公司皆會進行調薪事宜。2.因年度新人短期異動較大，故影響平均數。
2019,6235,電腦及週邊設備業,47,37020,788,654.0,-3.0,1190,3.22,,,,
2019,6236,其他,20,11006,550,486.0,-0.55,612,2.1,,,True,108年因持續虧損，公司進行組織調整致人員異動較大，任職滿六個月以上員工較前一年度減少，新進未滿六個月員工增多，整體計算下來員工薪酬較前一年度下降。
2019,6237,半導體業,132,153949,1166,1048.0,-0.61,1028,4.41,,,,
2019,6239,半導體業,9992,7674894,768,625.0,7.52,1230,6.68,,True,,"主因係職務人力結構所致。研發工程行政管理：「人數占比35.8%、薪資平均數1,177仟元」。本國藉作業員：「人數占比37.4%、薪資平均數625仟元」。外藉作業員：「人數占比28.3%、薪資平均數421仟元」。"
2019,6240,其他,10,6153,615,508.0,-2.13,612,2.1,,,,
2019,6241,通信網路業,37,24316,657,572.0,0.02,733,1.67,,,True,公司108年僅微幅獲利，因應未來發展，108年新進員工大都基層員工，故影響108年平均薪資。
2019,6242,生技醫療業,106,54665,516,443.0,3.24,687,0.22,,True,,公司營運型態偏向零售之服務業，相對聘用之員工大多數為現場客服人員居多，對學歷與技術層面之標準屬中間層次，導致薪資水準相對較生技醫療業同業水準低。對此，公司將會以獎金制度、員工持股會等機制來激勵員工。
2019,6243,半導體業,55,62436,1135,1142.0,-0.87,1230,6.68,,,,
2019,6244,光電業,586,461114,787,657.0,-2.44,768,1.06,,,,
2019,6245,通信網路業,708,576181,814,648.0,4.18,733,1.67,,,True,108年公司為減少加班工時，直接人工人數較107年增加，另外籍移工增加，相對造成非經理人全時員工薪資平均數衰退，此外108年度EPS較前一年度成長，獲利依公司章程提撥一定比率的員工酬勞，但員工酬勞是109年度配發。
2019,6246,光電業,18,12410,689,684.0,-2.12,768,1.06,,,,
2019,6247,其他電子業,88,65399,743,679.0,-1.07,735,1.9,,,,
2019,6248,鋼鐵工業,41,20882,509,433.0,2.89,684,0.79,,True,True,"本公司提供的薪酬符合法令要求。因業務及產能需求增加,聘用許多新進人力,而拉低薪資行情，致EPS高於同業平均數惟非經理人全時員工薪資平均數低於同業水準,將考量公司每年的營運狀況，適度增進員工福利。"
2019,6251,電子零組件業,525,306510,584,480.0,0.55,800,4.29,,,,
2019,6257,半導體業,1830,1294703,707,563.0,3.26,1230,6.68,,,,
2019,6259,電子零組件業,22,13578,617,636.0,0.65,644,1.32,,,True,本公司108年度EPS成長主係業外收入保險理賠所致，若扣除此收入後EPS 約-0.61。惟因公司產業競爭，在致力於節流方案下，對非經理人薪資未有調整情形，故員工平均數二期比較差異不大，尚屬合理。
2019,6261,半導體業,943,720176,764,651.0,3.13,1028,4.41,,,,
2019,6263,通信網路業,137,98543,719,676.0,5.01,733,1.67,,True,,1本公司品牌效益佳且不任意擴充資本故EPS較高2薪資是根據個人專業技能敘薪符合市場水準3年度調薪均超過3%以上，無偏低情況4每年均依章程(不低於5%)發放定率的員工酬5勞尚有優於法規的員工健檢等福利照顧員工
2019,6264,建材營造,9,5608,623,586.0,-0.57,847,1.02,,,,
2019,6265,電子通路業,17,11683,687,533.0,0.26,710,0.12,,True,,本公司108年度EPS成長主係收回以前年度帳款，已提列呆帳迴轉所致，108年度非經理人全時員工薪資平均數為687(仟元)亦較107年度非經理人全時員工薪資平均數550(仟元)成長19.94%。
2019,6266,電子零組件業,394,232251,589,537.0,1.76,644,1.32,,True,,本公司於107年下半年營收及獲利增加，人員從107年底增加到412人，108年底增加到441人，增加了29人，因新進人員的起薪較低，故員工薪平均數會較低，本公司持續每年有進行調薪評估調整。
2019,6269,電子零組件業,1583,998343,631,545.0,10.02,800,4.29,,True,,1.本公司依「非擔任主管職務之全時員工薪資資訊」申報作業規定計算全公司薪資平均數2.本公司的製程以勞力密集為主，製造直接人工佔比較大，直接人力薪資比例佔全公司薪資比較高
2019,6270,電子通路業,59,60114,1019,995.0,0.97,710,0.12,,,,
2019,6271,半導體業,1667,1211917,727,554.0,4.49,1230,6.68,,,,
2019,6274,電子零組件業,1030,811114,787,650.0,6.92,644,1.32,,,,
2019,6275,電子零組件業,398,203940,512,417.0,0.73,644,1.32,,,True,"108年平均薪資為512千元較上年度低主係108年新進員工人數較多因任職時間短薪資水準較低，當年度離職員工較107年離職員工平均薪資高，綜上影響導致平均薪資下降，惟當年度薪資發放總額較上一年度增加32,661千元。"
2019,6276,電腦及週邊設備業,22,18394,836,710.0,0.86,790,3.32,,,,
2019,6277,電腦及週邊設備業,659,682627,1036,874.0,6.05,1190,3.22,,True,,"1.本公司在台灣有生產線,有38%員工任職於生產製造單位,排除作業員,非主管職務之員工平均年薪為1167仟元。2.本公司除固定薪資外，另有三節獎金、營運績效獎金與年度員工分紅，將公司營運績效與員工薪酬作正向連結。"
2019,6278,光電業,806,476432,591,490.0,6.96,816,0.0,,True,,本公司非擔任主管職員工薪資低於同業，主因本公司在產業鏈中屬製造生產端，產線作業員比例大於同業，在人力結構不同的情況下，非經理人之全時員工薪資低於同業。
2019,6279,電子零組件業,423,279784,661,604.0,4.78,644,1.32,,,,
2019,6281,電子通路業,1579,1075152,681,623.0,4.44,923,3.57,,True,,本公司產業類別屬於電子通路業，該類別含BtoB及BtoC二種業態，前者交易對象為法人，與本公司交易對象為消費者、屬零售服務之業態明顯不同，薪資難免有落差。若與同業態公司相比，員工薪資與福利，均未低於同業。
2019,6282,電子零組件業,1277,1222903,958,789.0,2.87,800,4.29,,,,
2019,6283,其他電子業,37,30382,821,878.0,0.03,1157,6.74,,,,
2019,6284,電子零組件業,449,225479,502,466.0,1.34,644,1.32,,True,,108年本公司因產業特性進行組織調整。因部分人員調往子公司，故直接人員相對較多且外籍員工占直接員工的比率約為25%，拉低整體薪資水準。若考量上述調往子公司員工薪資，在調派前本公司平均數高於同業水準。
2019,6285,通信網路業,3862,3712560,961,713.0,3.76,1132,2.08,,True,,1.通信網路業中，公司行業存有差異 (如服務業或製造業等)，故各公司之薪資結構比較基礎不盡相同。2.啟碁係一製造公司，且產品在台製造比重高，故工廠直接人員數多，進而影響整體非主管職員工之年度薪資數。
2019,6287,半導體業,392,180053,459,393.0,-0.77,1028,4.41,True,,,本公司因約6成左右的營收來自大陸，108年度中美貿易爭端，致客戶下單保守，整體市場萎靡，公司營收下滑、產量減少，造成虧損擴大，因而公司加班費及獎金均大幅縮水，因而造成平均工資較低。
2019,6288,汽車工業,613,417998,682,423.0,1.21,710,0.31,,True,,本公司追求穩健經營、永續獲利，薪酬爰連結職責與績效，不以短期獲利為員工薪獎唯一評量，達吸引、培育、留置人才之效，本公司非主管職全時員工年薪均數達50萬元以上，基層直接人員約佔50%，致影響整體員工年薪均數
2019,6289,光電業,110,56397,513,446.0,-1.52,816,0.0,,,,
2019,6290,電子零組件業,47,45654,971,720.0,6.35,644,1.32,,,,
2019,6291,半導體業,33,34804,1055,946.0,-1.63,1028,4.41,,,,
2019,6292,電子零組件業,35,39309,1123,781.0,4.28,644,1.32,,,,
2019,6294,文化創意業,325,164694,507,457.0,8.91,819,3.51,,True,True,一、本公司員工組成年輕化，年資較淺。二、本公司主要從事補教業務，薪資已高於一般補教業水準，但本公司仍每半年會依員工績效調整薪資。三、隨著公司成長，未來薪資調整幅度會逐一修正，以期達到文創業之水平。
2019,6405,光電業,310,170705,551,512.0,0.01,816,0.0,,True,,1.108年度直接員工約佔7成(外籍3成)、在職未達12個月者1成5，拉低總體平均。2.本公司提供免費伙食，無有伙食津貼。3.所謂同業公司實非真正同業，可比性偏低。排除上述原因，薪資平均數仍維持在平均水準上。
2019,6409,其他電子業,88,110808,1259,1100.0,25.87,1157,6.74,,,,
2019,6411,半導體業,88,204397,2323,805.0,6.37,1028,4.41,,,,
2019,6412,電子零組件業,701,991637,1415,1182.0,4.51,800,4.29,,,,
2019,6414,電腦及週邊設備業,162,182073,1124,1020.0,13.22,1190,3.22,,True,,本公司依薪酬管理辦法及公司章程所載員工酬勞之範圍如有獲利，將提撥獎金為員工酬勞。員工係依據公司經營策略、獲利狀況、績效表現及職務貢獻等因素，並參考薪資市場水準，以獎勵員工的貢獻與努力。
2019,6416,通信網路業,215,146388,681,565.0,4.28,1132,2.08,,True,,本公司股本與同業相對較小，故EPS易顯示較同業為佳。本公司除受生產製造人員人數占比影響外，為推動青年培力與學校之建教合作，每年均進用一定比例人數，於排除影響因素後，並適時檢視並提升基層員工之福利。
2019,6417,通信網路業,374,190992,511,429.0,2.19,733,1.67,,True,,本公司產品客製化且少量多樣，難以全自動化生產，需投入大量作業人力，員工結構中約50%為直接作業人員(包含外籍移工)，故整體平均薪資低於同業水準。
2019,6418,電子零組件業,42,22578,538,495.0,0.18,644,1.32,,,,
2019,6419,光電業,104,75920,730,504.0,-3.92,768,1.06,,,True,本公司於108年辦理減資，故追溯調整後107年度EPS應為-8.40。108年EPS-3.92及107年EPS-8.40之兩期變動，主係因本公司投資之金融資產於107年因標的市價下跌而認列評價損失，致使本公司108年EPS較前一年成長
2019,6425,電機機械,213,164092,770,721.0,-3.33,603,1.52,,,,
2019,6426,通信網路業,198,120731,610,524.0,2.78,1132,2.08,,True,,107中美貿易影響變動薪資年獎影響非經理人員工薪資平均數536仟元.108獲利好變動薪資非經理人平均增加為610仟元年增13.81%調薪2.34%庫藏股票轉讓員工及增資股票給付獎酬性質獎金依統計申報該部分酬勞成本未列入
2019,6432,電子零組件業,64,45877,717,642.0,2.36,644,1.32,,,,
2019,6435,半導體業,65,84061,1293,1167.0,6.16,1028,4.41,,,,
2019,6438,其他電子業,375,314678,839,763.0,1.17,1157,6.74,,,,
2019,6441,電腦及週邊設備業,81,47924,592,547.0,0.08,790,3.32,,,,
2019,6442,通信網路業,379,233460,616,512.0,-0.28,1132,2.08,,,,
2019,6443,光電業,1017,515966,507,424.0,-0.6,816,0.0,,,,
2019,6446,生技醫療業,168,175752,1046,857.0,-3.85,687,0.22,,,,
2019,6449,電子零組件業,73,64138,879,698.0,1.66,800,4.29,,,,
2019,6457,半導體業,69,76526,1109,988.0,1.92,1028,4.41,,,,
2019,6461,生技醫療業,82,71839,876,647.0,-3.82,687,0.22,,,,
2019,6462,半導體業,226,361836,1601,1284.0,12.6,1028,4.41,,,,
2019,6464,其他,41,22218,542,501.0,5.68,819,3.81,,True,,本公司積極轉型營運績效表現佳，為持續增進員工福利、促進勞資雙贏的目標，本年度非擔任主管職務之全時員工(年度)薪資平均數，已較前一年度為高，未來將持續推動兼具合理激勵及市場競爭性的薪酬以謀企業永續經營。
2019,6465,通信網路業,66,50526,766,704.0,0.04,733,1.67,,,True,本公司酬金政策:係依個人能力及對貢獻度等與經營績效之關聯性成正相關；本期EPS較前期成長，係為所得稅利益而產生，故全體員工薪酬並未作調整；另人員異動而產生薪資結構較去年不同也影響統計數據，故尚屬合理。
2019,6469,生技醫療業,763,355890,466,433.0,3.25,687,0.22,True,True,,本公司屬零售通路業，門市人員占多數，且同質工作選擇性較多致流動率高，較難以平均薪資評論，本公司對於正職員工都有進階考核、升遷，每年調薪2%~5%，亦投入大量培訓成本，致力提供具成長性且福利健全之工作環境。
2019,6470,通信網路業,233,185386,796,586.0,3.38,733,1.67,,,,員工人數扣除外勞38人後，非擔任主管職務全時員工薪資之「薪資平均數」為908仟元。
2019,6472,生技醫療業,145,82629,570,454.0,7.9,687,0.22,,True,,108年人員異動頻繁、空缺、增加移工等因素致薪資下降，造成非經理人全時員工薪資平均數低於同業水準。108年EPS較107年衰退51.1%，薪資平均數衰退6.5%，公司盡力降低EPS衰退對人員薪資的影響。
2019,6477,光電業,236,109208,463,438.0,2.21,816,0.0,True,True,,近兩年景氣緩步復甦獲利回穩，薪資已逐步調整，比對107及108年年均薪資，薪資調幅達4%，未來將依實際營運狀況搭配整體調薪計劃；另因本公司員工平均年資較淺約3.45年，故對年均薪資計算影響大。
2019,6482,文化創意業,64,29632,463,415.0,-1.16,819,3.51,True,,,本公司為台中唯一上櫃的文創業，同業大部份均位於北部，北部與中部薪資水準有一定的落差，再加上本公司108年虧損，依章程、獎金制度無法發放獎金，但體恤員工辛勞仍有進行員工調薪並發放年終獎金。
2019,6485,半導體業,237,207615,876,550.0,1.55,1028,4.41,,,,
2019,6486,通信網路業,291,310067,1066,829.0,6.51,733,1.67,,,,
2019,6488,半導體業,601,895030,1489,1460.0,31.35,1028,4.41,,,,
2019,6491,生技醫療業,1262,801484,635,559.0,7.62,697,1.78,,True,,由於晶碩在台灣設有工廠及自有品牌門市，員工人數較同業為多，且約有7成為負責生產及門市銷售的基層勞工，故造成晶碩非擔任主管職務之全時員工(年度)薪資平均數低於同業水準。
2019,6492,生技醫療業,21,23140,1102,987.0,-5.26,687,0.22,,,,
2019,6494,半導體業,105,134112,1277,1111.0,2.65,1028,4.41,,,,
2019,6496,生技醫療業,108,99669,923,730.0,1.52,687,0.22,,,,
2019,6499,生技醫療業,41,40874,997,870.0,-3.96,687,0.22,,,,
2019,6504,其他,336,209138,622,537.0,7.25,819,3.81,,True,,由於台灣未有與本公司完全相同之同業，比較基礎不同，故係屬合理。
2019,6505,油電燃氣業,5262,7329971,1393,1291.0,3.86,1167,3.52,,,,
2019,6506,紡織纖維,365,238849,654,573.0,1.39,586,2.09,,True,,"本公司為化學產品上下游整合產業，營收55%為紡織加工業，與同業比較，勞力密集度較高。本公司位於南投，人才招募不易,故外籍移工人數達20~30%；因外籍移工薪資政策之獨特性因素，影響整體薪資平均值。"
2019,6508,農業科技,137,79883,583,485.0,2.67,599,2.47,,True,,係本公司植物保護劑與環科事業群生產製造之直間接員工占比約為非擔任主管職務員工60%，其中部分直接員工為雇用外籍員工，而因基層員工薪資占比高且流動性較高，以致整體平均薪資若低於同業平均薪資。
2019,6509,化學工業,355,265806,749,690.0,1.21,673,1.18,,,,
2019,6510,半導體業,850,822254,967,887.0,19.07,1028,4.41,,True,,1.外籍員工較前期增加許多，致影響平均薪資。2.109年已進行全公司調薪，平均調幅5.35%。將持續提升員工薪酬福利，優化薪酬競爭力。
2019,6512,其他電子業,56,33835,604,490.0,-0.26,735,1.9,,,,
2019,6516,資訊服務業,125,89563,717,685.0,0.08,836,2.21,,,,
2019,6523,生技醫療業,107,71970,673,565.0,4.26,687,0.22,,True,,本公司營業項目為保養品批發及零售，近4成員工為門市銷售人員，故薪資結構與其他生技醫療業有所差異，108年非擔任主管員工薪資平均數亦較107年成長。
2019,6527,生技醫療業,82,66607,812,562.0,4.26,687,0.22,,,,
2019,6530,通信網路業,82,40548,494,373.0,0.75,733,1.67,True,,,本公司108年度非主管之全時員工薪資雖未達50萬元，但已隨獲利成長而較107年度提高，反映出與經營績效之連動關係，未來將持續檢討改善薪酬獎勵制度，使其更趨近於同業平均水準，以提高公司競爭力及招募人才之吸引力。
2019,6531,半導體業,106,150975,1424,1312.0,-5.33,1230,6.68,,,,
2019,6532,半導體業,116,70422,607,558.0,2.63,1028,4.41,,,,
2019,6533,半導體業,161,244170,1517,1306.0,0.38,1230,6.68,,,,
2019,6535,生技醫療業,32,35509,1110,1031.0,-2.05,687,0.22,,,,
2019,6538,電子零組件業,208,126668,609,537.0,9.39,644,1.32,,True,,倉和今年非經理人全時員工薪資平均數已較前一年度成長23%，未來公司仍將持續視營運績效與同業薪酬水準並考量產業競爭力，合理規劃員工薪酬。
2019,6542,文化創意業,13,9913,763,643.0,-2.55,819,3.51,,,,
2019,6547,生技醫療業,87,76767,882,773.0,-3.97,687,0.22,,,,
2019,6548,半導體業,175,98897,565,484.0,1.72,1028,4.41,,,,
2019,6552,半導體業,636,334873,527,464.0,5.24,1230,6.68,,,,
2019,6556,光電業,319,201405,631,564.0,2.55,768,1.06,,True,True,業務型態為ODM/OEM之安控產品製造，直接生產之基層人力佔比為48%，直接人力薪資佔比為34%；且人員流動率(離職與新進)高於50%，因此年資在6個月以上未滿一年比例高，影響非擔任主管職務之全時員工平均薪資。
2019,6558,其他電子業,55,47508,864,796.0,1.88,1157,6.74,,,,
2019,6560,光電業,48,51031,1063,935.0,1.71,768,1.06,,,,
2019,6561,通信網路業,131,214431,1637,1535.0,7.83,733,1.67,,,,
2019,6568,半導體業,57,93469,1640,1468.0,8.85,1028,4.41,,,,
2019,6569,生技醫療業,84,85689,1020,949.0,10.88,687,0.22,,,,
2019,6570,電腦及週邊設備業,94,66237,705,597.0,3.01,790,3.32,,,,
2019,6574,生技醫療業,482,348356,723,562.0,4.04,687,0.22,,,,
2019,6576,生技醫療業,22,24747,1125,1056.0,-5.08,687,0.22,,,True,主要係108年加班費較107年加班費（準備107年IPO以及準備107年底送件申請現金增資）大幅減少所致。本公司員工薪酬主要依前一年度公司的營運以及目標達成狀況，以及員工個別之績效表現綜合評量，每年予以合理調整。
2019,6577,電腦及週邊設備業,163,136782,839,711.0,5.4,790,3.32,,,,
2019,6578,農業科技,44,24299,552,529.0,0.72,599,2.47,,,,
2019,6579,電腦及週邊設備業,442,404215,915,811.0,5.17,1190,3.22,,True,,本公司員工薪資含月薪資、獎金及員工酬勞。員工酬勞以公司獲利提撥為基礎，依公司章程-年度獲利應提撥不低於5%為員工酬勞。本公司108年實際提撥7.9%，提撥率在相關產業係為正常水準。
2019,6581,其他,76,57454,756,757.0,3.58,819,3.81,,,,
2019,6582,橡膠工業,178,136216,765,665.0,5.01,659,1.14,,,,
2019,6589,生技醫療業,167,140196,839,710.0,-5.39,687,0.22,,,,
2019,6590,資訊服務業,117,106389,909,846.0,2.78,836,2.21,,,,
2019,6592,其他,810,791664,977,760.0,5.81,819,3.81,,,,
2019,6593,資訊服務業,220,116318,529,456.0,-0.61,836,2.21,,,,
2019,6594,半導體業,59,71326,1209,1118.0,1.22,1028,4.41,,,,
2019,6596,文化創意業,37,26213,708,479.0,8.03,819,3.51,,True,,1.本公司每年均有調薪，然每年因展演需求晉用較高比例職場新鮮人，因而影響平均薪資。2.本公司盈餘受展演專案規模波動，故員工薪酬仍須參考公司歷年盈餘水平，並考量未來產業波動風險，公司經營風險等因素。
2019,6603,電機機械,302,170895,566,522.0,0.1,603,1.52,,,,
2019,6605,汽車工業,3114,1598852,513,459.0,3.89,710,0.31,,True,,"1.持續投資增聘人力。2.自製比97%以上,僱用人數較高。3.招募不易需搭配外籍員工,培育技術採建教合作,外籍及建教生共839位,佔比26.9%, 影響平均薪資。4.股本在本產業較小,EPS較高。108年獲利下降,獎金紅利相對減少。"
2019,6609,電機機械,313,191614,612,546.0,1.86,603,1.52,,,,
2019,6612,生技醫療業,55,32627,593,408.0,2.43,687,0.22,,True,,目前本公司的獲利來自營業外收入-認列採權益公司之利益占比仍重，本公司個體本業獲利仍有努力空間，但已有逐年成長，本公司重視與公司一起努力的全體員工，108年度調薪幅度達3%~5%，109年度亦有相同水準之調幅。
2019,6613,其他電子業,137,145101,1059,880.0,14.65,735,1.9,,,,
2019,6615,生技醫療業,115,70285,611,561.0,2.96,687,0.22,,True,True,本公司新增多項功能性職務， 員工平均年資僅三年，未來還有調整空間。技術人員佔45%屬勞力密集職務，薪資固定鮮少加班。本公司著重於人才培訓且創造友善職場等無形資源投資，較無法呈現於實質薪資金額 。
2019,6624,其他,47,40753,867,813.0,3.16,612,2.1,,,,
2019,6625,其他,255,182668,716,597.0,0.09,819,3.81,,,,
2019,6640,半導體業,146,126351,865,676.0,3.02,1028,4.41,,,,
2019,6642,電子零組件業,134,73717,550,439.0,2.12,644,1.32,,True,,本公司產品皆在台灣生產，無海外生產基地。故生產線人員比重佔全公司人員比重超過六成，在年薪呈現上，會較同業在台灣是以管理及研發為主的公司低，此因人力結構上的差異造成平均薪資上的落差。
2019,6643,半導體業,140,249569,1783,1709.0,9.9,1028,4.41,,,,
2019,6649,生技醫療業,24,18789,783,713.0,-2.25,687,0.22,,,,
2019,6654,其他電子業,77,39756,516,467.0,0.57,735,1.9,,,,
2019,6655,其他,536,321568,600,527.0,2.25,819,3.81,,,,
2019,6662,生技醫療業,67,48916,730,619.0,2.19,687,0.22,,,,
2019,6664,電子零組件業,206,175659,853,807.0,5.4,644,1.32,,,True,本公司108年度全時員工薪資平均數853仟元較107年全時員工薪資平均數882仟元，減少29仟元，減少3.29%，主要係因108年度新聘任員工22名及以及7名任職5年以上員工離職，拉低薪資平均數所致。
2019,6667,其他電子業,226,161388,714,647.0,1.15,735,1.9,,,,
2019,6668,光電業,299,200527,671,597.0,1.75,816,0.0,,True,,因應產能擴充，持續增聘本國及外籍製造產線勞工，製造人力占比較高。本公司除提供薪資、獎金、員工酬勞外，亦發行員工認股權、限制員工權利新股及員工現金增資認股等獎酬，惟前述獎酬工具並未列入本項統計。
2019,6669,電腦及週邊設備業,603,972076,1612,1302.0,36.42,1190,3.22,,,,
2019,6670,其他,743,572911,771,628.0,16.61,819,3.81,,True,,本司為工業局核定等級A+級之3K產業，因人口老化、少子化及就業選擇無法滿足用工人數情況下，目前聘用約30%外籍勞工大幅拉低薪資平均。對比非3K(辛苦、骯髒、危險)產業，造就低於同業水準，亦失去此比較之參考意義。
2019,6674,通信網路業,114,99193,870,804.0,0.16,1132,2.08,,,,
2019,6679,半導體業,36,31337,870,811.0,4.06,1028,4.41,,,,
2019,6680,電腦及週邊設備業,39,26722,685,607.0,3.16,790,3.32,,True,,1.電腦及週邊設備業之產品及技術層次種類多且分布廣，因此相應人力需求結構及其成本可能較同業不同。2.EPS比較易受股本規模影響，本公司股本明顯小於同業，雖EPS較高但以獲利絕對金額相比，公司則未必優於同業。
2019,6683,半導體業,187,156278,836,722.0,7.85,1028,4.41,,True,,本公司員工中後段組裝廠線直接人工比率較高，加上直接人力結構上雇用較多外籍勞工擔任所致。
2019,6690,資訊服務業,125,153778,1230,769.0,5.11,836,2.21,,,,
2019,6697,資訊服務業,154,120152,780,652.0,2.57,836,2.21,,True,,本公司營業項目分為企業資訊服務委外、業務流程委外及物聯網創新發展應用，其中非屬資訊服務業之員工(客服及郵務收發)佔總人數15%，若扣除後本公司薪資水平則高於資訊服務業之薪資水準。
2019,6698,其他電子業,138,96128,697,509.0,3.4,1157,6.74,,,,
2019,6706,光電業,293,245422,838,700.0,5.19,816,0.0,,,,
2019,6715,電子零組件業,43,43408,1009,872.0,3.04,800,4.29,,,,
2019,6716,半導體業,46,63050,1371,1120.0,3.57,1028,4.41,,,,
2019,6803,其他,754,704678,935,854.0,12.09,612,2.1,,,,
2019,7402,光電業,50,41966,839,708.0,1.07,768,1.06,,,,
2019,8011,通信網路業,215,119304,555,501.0,-0.51,1132,2.08,,,,
2019,8016,半導體業,385,694292,1803,1655.0,10.27,1230,6.68,,,,
2019,8021,其他電子業,284,185382,653,579.0,1.34,1157,6.74,,,,
2019,8024,半導體業,97,87088,898,803.0,-0.42,1028,4.41,,,,
2019,8027,電機機械,233,157482,676,625.0,-1.01,603,1.52,,,,
2019,8028,半導體業,666,510379,766,704.0,2.51,1230,6.68,,,,本公司鼓勵員工一同致力於創新經營績效，並由董事會制定經營績效之成果目標，讓員工/公司/股東權益共存。其經營績效是營運獎金/員工酬勞最關聯性的指標，依員工個人工作績效表現給予差異化之回饋與共享。
2019,8032,電子通路業,105,114209,1088,991.0,1.5,710,0.12,,,,
2019,8033,其他,15,8858,591,591.0,-0.57,819,3.81,,,,
2019,8034,通信網路業,74,59568,805,716.0,0.96,733,1.67,,,,
2019,8038,電子零組件業,46,28401,617,428.0,-0.51,644,1.32,,,,
2019,8039,電子零組件業,701,532942,760,677.0,3.02,800,4.29,,,,
2019,8040,半導體業,118,189644,1607,1475.0,1.94,1028,4.41,,,,
2019,8042,電子零組件業,53,32729,618,468.0,0.03,644,1.32,,,,
2019,8043,電子零組件業,89,57715,648,511.0,0.97,644,1.32,,,,
2019,8044,電子商務,1595,1007528,632,501.0,1.39,665,2.16,,,,
2019,8046,電子零組件業,5622,4863218,865,830.0,0.48,800,4.29,,,,
2019,8047,其他電子業,133,97724,735,642.0,-0.5,735,1.9,,,,
2019,8048,通信網路業,109,84536,776,688.0,3.17,733,1.67,,,,
2019,8049,光電業,153,96159,628,488.0,2.24,768,1.06,,True,,"本司為光電業,其歸類實屬廣泛,且每家生產型態不同,部份公司在台並無生產作業人員,因此平均薪資較高,故比較基礎殊不一致。本公司之員工分紅制度,係按稅前淨利5~12%提撥,故而公司經營績效好,員工薪酬自然增加。"
2019,8050,電腦及週邊設備業,439,314460,716,601.0,2.12,790,3.32,,,,
2019,8054,半導體業,94,106017,1128,1024.0,-1.4,1028,4.41,,,,
2019,8059,通信網路業,136,87618,644,486.0,0.23,733,1.67,,,True,108年度，因凱碩土城廠生產線招募正職作業員，故平均薪資降低。
2019,8064,光電業,557,452315,812,739.0,1.3,768,1.06,,,,
2019,8066,貿易百貨,15,10679,712,716.0,6.88,604,5.0,,,,
2019,8067,電子通路業,42,18569,442,362.0,-1.7,710,0.12,True,,,"1.本公司108年美妝專櫃人員有14位, 而使年度平均新資數較低2.108年未提列員工紅利報酬"
2019,8068,電子通路業,26,22337,859,800.0,-0.09,710,0.12,,,,
2019,8069,光電業,879,937905,1067,923.0,2.72,768,1.06,,,,
2019,8070,電子通路業,69,95753,1388,999.0,17.19,923,3.57,,,,
2019,8071,電子零組件業,23,12648,550,438.0,1.35,644,1.32,,True,True,說明：主係108年度本公司員工人數下降且部分員工升任主管職，以致薪資計算基礎下修。
2019,8072,電子通路業,77,56822,738,588.0,-1.16,923,3.57,,,,
2019,8074,電子零組件業,237,131670,556,511.0,0.62,644,1.32,,,,
2019,8076,電腦及週邊設備業,219,179290,819,736.0,1.03,790,3.32,,,,
2019,8077,觀光事業,359,167264,466,449.0,0.55,505,0.42,True,True,,本公司非經理人全時員工平均薪資雖未達50萬，但已高於中華民國統計資訊網中住宿及餐飲業之平均值。
2019,8080,電子零組件業,4,3441,860,704.0,-0.42,644,1.32,,,,
2019,8081,半導體業,320,531731,1662,1568.0,8.74,1230,6.68,,,,
2019,8083,電機機械,136,129240,950,929.0,9.0,603,1.52,,,,
2019,8084,電子通路業,14,9278,663,553.0,-3.72,710,0.12,,,,
2019,8085,其他電子業,394,203902,518,447.0,-0.9,735,1.9,,,,
2019,8086,半導體業,494,356599,722,662.0,2.54,1028,4.41,,,,
2019,8087,光電業,29,12414,428,399.0,0.04,768,1.06,True,,,"本公司組織扁平,基層幹部少,且108年度營收衰退23%,有累積虧損尚待彌補,因此經營績效獎勵較少。"
2019,8088,半導體業,554,294078,531,379.0,2.37,1028,4.41,,,,
2019,8091,電子零組件業,303,217655,718,592.0,3.3,644,1.32,,,,
2019,8092,其他電子業,197,98914,502,462.0,-0.9,735,1.9,,,,
2019,8093,電子零組件業,58,38469,663,622.0,-1.36,644,1.32,,,,
2019,8096,電子通路業,40,45389,1135,1039.0,0.58,710,0.12,,,,
2019,8097,通信網路業,17,8790,517,386.0,-1.87,733,1.67,,,,
2019,8099,資訊服務業,470,338069,719,631.0,1.44,836,2.21,,,,
2019,8101,通信網路業,316,276827,876,734.0,-0.23,1132,2.08,,,True,107年平均為925仟元(365人)均為非製造人員，而108年平均為876仟元(316人)，因本年度增加製造部門，製造部門員工年薪低於非製造部門員工，故造成公司EPS較前一年度成長惟非經理人之全時員工薪資平均數較前一年度減少
2019,8103,電子零組件業,159,128283,807,727.0,2.16,800,4.29,,,,
2019,8104,光電業,244,156972,643,550.0,0.76,816,0.0,,True,,因同業股本及營收皆高出本公司數十倍，故同業間每股盈餘有所差異所致。
2019,8105,光電業,1435,1049052,731,656.0,-0.45,816,0.0,,,,
2019,8107,電機機械,164,100536,613,476.0,2.33,603,1.52,,,,
2019,8109,電子零組件業,238,151519,637,542.0,5.01,644,1.32,,,,
2019,8110,半導體業,2241,1086755,485,413.0,0.33,1230,6.68,True,,,"108年度因受中美貿易影響，導致半導體記憶體封測產業連帶受到波及，公司108年度營收為6,158,099千元較107年度減少23%，獲利165,049千元較107年度減少59%，以至於公司在各項獎金發放上不若107年度。"
2019,8111,光電業,178,106070,596,525.0,0.62,768,1.06,,,,
2019,8112,電子通路業,134,167422,1249,1151.0,3.41,923,3.57,,,,"本公司員工薪酬除依公司章程規定提列外,估列之基礎係參酌當年度獲利情形並衡量員工績效據以辦理相關調薪及獎酬事宜。"
2019,8114,電腦及週邊設備業,324,195018,602,494.0,6.13,1190,3.22,,True,,本公司商業運營模式及規模、獲利組成、海內外員工結構和分工，與同業不盡相同。員工薪酬結構係綜合衡量其工作職能和績效達成及其組織營運貢獻和價值創造等。另我司製造單位之員工約占全體員工59%，其中23%為外籍勞工
2019,8121,電子零組件業,115,84341,733,667.0,-0.57,644,1.32,,,,
2019,8131,半導體業,2419,1279444,529,498.0,2.85,1230,6.68,,,,
2019,8147,電子零組件業,61,38592,633,563.0,-0.28,644,1.32,,,,
2019,8150,半導體業,5644,4833330,856,789.0,3.55,1230,6.68,,,,
2019,8155,電子零組件業,594,351698,592,517.0,4.46,644,1.32,,True,,1.本公司屬傳統勞力密集產業，生產僅在台灣，生產線之人力佔總人力的72%，其中外籍勞工又佔總直接人力的34%故明顯將整體的平均值拉低。2.本公司間接人員薪資平均為805仟元與直接人力平均後將平均值拉低至592仟元。
2019,8163,電腦及週邊設備業,771,861892,1118,977.0,3.21,1190,3.22,,,,
2019,8171,通信網路業,28,14629,522,488.0,4.81,733,1.67,,True,,108年營業收入較去年同期衰退且為營業淨損，惟獲利成長係認列處分子公司利益所致。
2019,8176,通信網路業,61,54072,886,848.0,0.21,733,1.67,,,,
2019,8182,電子零組件業,324,170294,526,434.0,1.3,644,1.32,,True,,因本公司產業特性的因素，基層作業人員比重較高，致非主管職務之全時員工薪資平均數較低。
2019,8183,其他電子業,221,123662,560,469.0,1.35,735,1.9,,,,
2019,8201,其他電子業,120,102410,853,815.0,-1.05,1157,6.74,,,,"108年較107年非擔任主管職務之全時員工薪資平均數高，主要係107年薪資未含年獎，更正後107年員工薪資總額103,585(仟元);員工人數-年度平均123人;員工薪資-平均數842(仟元/人)"
2019,8210,電腦及週邊設備業,160,217148,1357,1191.0,7.62,1190,3.22,,,,
2019,8213,電子零組件業,377,536551,1423,1018.0,4.08,800,4.29,,,,
2019,8215,光電業,1353,1251982,925,725.0,0.8,816,0.0,,,,
2019,8222,電機機械,231,123117,533,510.0,0.65,696,1.78,,,,
2019,8234,電腦及週邊設備業,828,586451,708,591.0,1.61,790,3.32,,,,
2019,8240,光電業,597,383418,642,464.0,2.1,768,1.06,,True,,本公司EPS雖高於同業，惟其中主要獲利均來自境外轉投資收益，加上台灣生產工廠所在地為薪資水準較低之台南官田與高雄燕巢，致員工薪資水準低於同業。
2019,8249,電子零組件業,62,100112,1615,1373.0,1.45,800,4.29,,,,
2019,8255,電機機械,661,438707,664,540.0,4.11,603,1.52,,,,
2019,8261,半導體業,122,120677,989,830.0,0.68,1230,6.68,,,,
2019,8271,半導體業,483,439181,909,742.0,3.73,1230,6.68,,,,
2019,8277,半導體業,60,40527,675,534.0,-1.04,1028,4.41,,,,
2019,8279,生技醫療業,297,179948,606,520.0,7.86,687,0.22,,True,,1.員工平均年資偏低：未達平均年資者占全公司人數65%。因公司近年營運規模擴大，現場人力擴編，故平均年資偏低。2.員工流動率高：因現場直接人力較無技術性門檻，現場工作替代性高，故人員流動率高。
2019,8289,電子零組件業,203,106331,524,454.0,-0.28,644,1.32,,,,
2019,8291,電子零組件業,104,55544,534,514.0,-1.01,644,1.32,,,,
2019,8299,半導體業,1621,3780370,2332,1905.0,23.05,1028,4.41,,,,
2019,8341,其他,300,288392,961,679.0,8.91,819,3.81,,,,
2019,8342,其他,199,98567,495,404.0,3.05,612,2.1,True,True,,外籍勞工薪資偏低及人數占比高達22%，故拉低整體平均薪資。
2019,8349,鋼鐵工業,491,287456,585,533.0,2.16,684,0.79,,True,,本公司EPS獲利表現較同業佳，主要係來自採用權益法認列之子公司及關聯企業損益之份額占稅後淨利比重高。
2019,8354,其他,211,108498,514,468.0,1.25,612,2.1,,,,
2019,8358,電子零組件業,284,199147,701,682.0,1.57,644,1.32,,,,
2019,8367,航運業,381,255304,670,615.0,1.92,1175,0.5,,True,,本公司薪酬水準已達同業市場行情(P80)，平均薪酬56K，未低於同業，內部薪幅與前年度相比調升3%，航空海運本非屬同業不應相較；並預計實施「員工持股信託」，謀求全體員工之福利照護，共享企業經營成果。
2019,8374,電機機械,101,74831,741,736.0,-0.78,696,1.78,,,,
2019,8383,其他電子業,842,502740,597,551.0,2.51,735,1.9,,True,,1.本公司在台灣持續深耕，製造產線均設置在台灣並持續擴廠增加產能，製程為金屬加工與零件組裝，生產線需要大量基礎人員，故直接人員佔比58%、外籍勞工佔12%。2.年度人員流動新進率佔28.5%，間接影響薪資水平。
2019,8390,其他,121,86452,714,693.0,1.56,612,2.1,,,,
2019,8401,其他,439,262226,597,558.0,0.46,612,2.1,,,,
2019,8403,生技醫療業,108,78102,723,625.0,1.91,687,0.22,,,,
2019,8409,生技醫療業,98,61243,625,563.0,-0.51,687,0.22,,,,
2019,8410,電腦及週邊設備業,209,133071,637,600.0,2.36,790,3.32,,,,
2019,8415,鋼鐵工業,53,37157,701,630.0,0.81,684,0.79,,,,
2019,8416,資訊服務業,183,167260,914,790.0,9.44,836,2.21,,,,
2019,8420,其他,445,249343,560,524.0,2.53,612,2.1,,True,,1.薪酬發放依照勞工法令規範給予之，並符合勞動法令。2.本公司在108年度進行擴廠及試產，人數增加約20%，其中直接人員占61%。綜合新進與直接人員占比增加，使非經理人全時員工薪資平均數未成長。
2019,8421,其他,326,185256,568,481.0,-0.22,612,2.1,,,,
2019,8422,其他,73,57349,786,566.0,10.83,819,3.81,,True,,(1)其他行業別組成複雜，彼此間行業特性差異大，綜合比較易失真。(2)非擔任主管職務之全時員工薪資水平，本公司已逐年調整成長。
2019,8424,建材營造,150,106107,707,665.0,5.01,847,1.02,,True,,本公司係矽酸鈣板製造業，屬建材下游產業，加工技術層次較低且所需學歷普遍較低之下，薪資可能較低。惟公司獲利主要緣於產業之供需及有效良善管理。近年公司依舊維持在2~3%之穩定調薪，提供良善之薪資環境。
2019,8431,其他電子業,17,11532,678,640.0,-1.85,735,1.9,,,,
2019,8432,生技醫療業,67,85325,1274,1151.0,2.22,687,0.22,,,,
2019,8433,貿易百貨,27,16338,605,522.0,4.13,604,5.0,,,,
2019,8435,其他,73,90918,1245,1166.0,3.5,612,2.1,,,,
2019,8436,生技醫療業,710,693844,977,864.0,17.02,687,0.22,,,,
2019,8440,其他,108,58800,544,488.0,0.49,612,2.1,,,,
2019,8443,貿易百貨,623,315178,506,449.0,-0.79,817,3.97,,,,
2019,8446,文化創意業,79,63127,799,703.0,10.22,819,3.51,,True,,本公司為流行音樂公司，同類股包含線上遊戲、文創百貨、教育平台等包羅萬象，不易比較。本公司108年平均數為799千元與文創類股809千元差異不大。且108年較107年為成長，未來將隨時觀察市場薪資變化，適時調整。
2019,8450,文化創意業,319,149505,469,392.0,-1.16,819,3.51,True,,,(1)本公司屬特殊性高之文創業，不宜與同業一褱而論。(2)本公司之技藝多屬師徒培養，歷時漫長培養不易且流動高，故影響均數。(3)本公司合理執行調薪規範，較去年漸有成效，至今仍逐步調高優秀優異之員工薪資。
2019,8454,貿易百貨,2048,1561421,762,649.0,9.95,817,3.97,,True,,108年度因持續辦理擴大招募，故任職滿6個月未滿12個月(未全年度在職)人數佔22%，此部份員工未領滿全年度薪資，故影響我司平均年薪低於同業水準。
2019,8462,觀光事業,1367,1041205,762,670.0,7.15,567,1.71,,,,
2019,8463,其他,282,168236,597,512.0,0.59,819,3.81,,,,
2019,8464,其他,202,271463,1344,1021.0,15.37,819,3.81,,,,
2019,8472,電子商務,156,127449,817,687.0,1.85,665,2.16,,,,
2019,8473,其他,486,261178,537,454.0,2.25,819,3.81,,,,
2019,8476,其他,116,64917,560,498.0,-3.85,612,2.1,,,,
2019,8477,電子商務,163,111543,684,510.0,1.53,665,2.16,,,,
2019,8478,其他,448,331500,740,691.0,0.5,819,3.81,,,,
2019,8481,其他,241,219155,909,869.0,3.42,819,3.81,,,,
2019,8489,其他,128,57279,447,405.0,2.94,612,2.1,True,,,"公司數位平台已建構完成，員工結構以課程編輯為主，無經驗月薪約28,000元，有經驗月薪約30,000元，編輯人員平均年薪427,028，年資3年平均月薪37,000，年資4年平均月薪41,000，與同業並無重大差異。"
2019,8905,其他,201,97847,487,450.0,1.02,612,2.1,True,,,"108年度較107年度稅前淨利減少,致年終獎金縮減,整體薪資亦減少。"
2019,8906,其他,66,33045,501,437.0,0.31,612,2.1,,,,
2019,8908,油電燃氣業,119,89451,752,638.0,2.23,689,1.57,,,True,108年員工薪資平均數較上年減少39仟元，原因主係108年度員工人數增加(108年及107年員工年平均人數分別為113人及118人)，故給薪月數不足12月之員工人數增加，而使員工年平均薪資減少之因，整體而言無重大減少。
2019,8916,其他,271,227964,841,669.0,4.1,612,2.1,,,,
2019,8917,油電燃氣業,138,145157,1052,978.0,2.99,689,1.57,,,,
2019,8921,其他,156,102371,656,619.0,0.5,612,2.1,,,,
2019,8923,文化創意業,137,82571,603,559.0,1.0,819,3.51,,,,
2019,8924,其他,192,152871,796,569.0,5.81,612,2.1,,,,
2019,8926,油電燃氣業,113,136522,1208,1033.0,1.86,1167,3.52,,,,
2019,8927,油電燃氣業,355,154214,434,388.0,0.28,689,1.57,True,,,基於產業特性，以工讀及兼職人力居多，流動率高。108年全年度兼職人員佔比約60%，依108年相關法令規定計算，兼職年薪約31.6萬元。故無法滿足平均年薪50萬以上之水平。
2019,8928,其他,984,454524,462,430.0,3.3,612,2.1,True,True,,1.員工薪資-平均數由107年的380仟元，增加為108年的462仟元，增加金額82仟元，增加幅度21.58%。2.同業EPS：復盛16.61、大田5.81、明安4.55、鉅明3.33，本公司EPS獲利表現並未較同業佳。
2019,8929,其他,85,41312,486,435.0,0.25,612,2.1,True,,,"主要是人員異動,為新進人員影響所致"
2019,8930,鋼鐵工業,102,66011,647,563.0,0.84,684,0.79,,True,,本公司外籍基層員工占非擔任主管職務之全時員工約13%，其薪資為基本工資加上加班費，本就偏低，致拉低全公司平均薪資
2019,8931,油電燃氣業,149,135758,911,754.0,1.2,689,1.57,,,True,係因108年公司因應擴廠所需人力，招聘新進員工計35人，佔全體員工人數比例為23.5%，致員工薪資平均數較前一年度略為減少之故。
2019,8932,其他,232,111474,480,450.0,-1.06,612,2.1,True,,,因外籍員工佔申報人數的23%且外籍員工採基本工資聘用
2019,8933,其他,276,109722,398,342.0,-1.55,612,2.1,True,,True,1.本公司直接員工占比為57%，其中外籍移工又占比42%。2.因108年度平均人數與107年度比較增加34位皆為基層員工，故導致全時員工薪資平均數較107年度衰退。
2019,8935,其他,73,36816,504,456.0,0.3,612,2.1,,,,
2019,8936,其他,180,108650,604,523.0,0.81,612,2.1,,,,
2019,8937,其他,81,34902,431,403.0,-0.2,612,2.1,True,,,本公司員工敘薪時均考量員工職級、績效、市場行情等因素，且本公司108年度結算為虧損，故員工固定薪資及變動性薪資(如員工酬勞績效獎金等)無法大幅調漲。
2019,8938,其他,834,567824,681,591.0,4.55,612,2.1,,,,
2019,8940,觀光事業,418,200637,480,426.0,-0.26,567,1.71,True,,,餐飲業以服務為本體，直(間)接服務員人數佔比高，相應主任以下人員數亦高薪資較低，而對比中高管理階層人數佔比較低薪資較高，平均薪資自然趨向人力結構分布。
2019,8941,貿易百貨,15,9834,656,636.0,1.9,604,5.0,,,,
2019,8942,其他,277,207556,749,617.0,6.0,612,2.1,,,,
2019,8996,電機機械,474,353647,746,705.0,1.77,696,1.78,,,,
2019,9902,其他,9,5834,648,645.0,0.32,819,3.81,,,,
2019,9904,其他,3322,2935446,884,621.0,4.01,819,3.81,,,,
2019,9905,其他,335,185294,553,519.0,1.57,819,3.81,,,True,"減少原因說明: 因財報揭露之員工福利為台灣母公司資訊，EPS1.57含權益法認列收益114,138仟元 EPS 0.37 , 實際母公司之EPS是衰退，故薪酬較107年降低。"
2019,9906,建材營造,41,23873,582,529.0,-0.98,795,1.39,,,,
2019,9907,其他,1182,799332,676,675.0,0.34,819,3.81,,,,
2019,9908,油電燃氣業,259,256199,989,955.0,1.68,1167,3.52,,,True,本公司108年較前一年度減少工安獎金，平均約50仟元。工安獎金乃獎勵員工執行職務時，應以維護公共安全之目標而給予之薪酬，與公司業績成長無關聯性。若排除工安獎金之影響，108年應平均薪酬較前一年增加42仟元。
2019,9910,其他,2506,3064353,1223,936.0,8.48,819,3.81,,,,
2019,9911,其他,872,600868,689,589.0,4.06,819,3.81,,True,,本公司屬「其他」產業別，受限於相同產業但不同行業之公司，且在經營規模、獲利能力及員工獎勵政策亦有差異，致員工福利難有客觀標準。且財報資訊未依人力結構或工作性質分類，致未能呈現本公司多數員工薪資水準。
2019,9912,電腦及週邊設備業,31,24709,797,749.0,-2.2,1190,3.22,,,,
2019,9914,其他,1076,871462,810,721.0,8.37,819,3.81,,True,,1.本公司108年度非擔任主管職務之全時員工平均調薪約2.30%，108年度員工酬勞依公司章程規定提撥6%，與近年提撥數相近。2.”9”開頭其他類別之上市公司產業多樣，就自行車產業而言，失去參考意義。
2019,9917,其他,2358,1669507,708,662.0,4.85,819,3.81,,True,True,本公司所經營業務多元化，非單一營運市場，人力類別及薪資結構複雜，與所謂「同業」事業屬性多不相同。若員工月底到/離職，計算半月薪資也算成1人。108年度因應業務發展調整人員。以上各因素均影響薪資平均數。
2019,9918,油電燃氣業,170,159620,939,834.0,1.47,1167,3.52,,,True,本公司員工薪酬，依據公司章程、公司工作規則及董事會通過提撥標準，相關薪資係參考同業水準訂定，獎金給付視公司獲利與經營績效參考同業水準支付。108年主係部份資深主管及員工退休，致整體平均薪資略為下降。
2019,9919,其他,540,291827,540,461.0,0.06,819,3.81,,,,
2019,9921,其他,2589,1674150,647,545.0,9.0,819,3.81,,True,,"1.我司為勞力技術密集工業, 在中美貿易失衡加劇下及合法合規考量, 增加直接作業員及外籍作業員人數2.上述員工的加入會讓本公司薪資水平較低, 即因如此,相較於去年, 本公司平均薪資已然成長6.4%"
2019,9924,其他,1084,625298,577,480.0,4.38,819,3.81,,True,,"1.屬勞力密集產業，基層人力佔比大， 總數1,084人直接730人佔67.34%，移工又佔直接人員31.37%，拉低平均薪。2.依法管制加班之時數，但基層人力均薪已超過政府期望達月薪30K目標。"
2019,9925,其他,1383,893020,646,601.0,2.13,819,3.81,,,,
2019,9926,油電燃氣業,161,181894,1130,1224.0,2.03,1167,3.52,,,True,與去年差異主係部分資深員工屆齡退休及關係企業員工借調歸建所致。
2019,9927,其他,143,97725,683,652.0,2.45,819,3.81,,,,
2019,9928,其他,367,247137,673,587.0,-0.94,819,3.81,,,True,本公司108年度EPS較去年成長，主係因成本減少所致，惟目前仍處虧損狀態。非主管職之員工薪資均數較去年略減，主要係因未休假獎金減少所致。
2019,9929,其他,111,56991,513,478.0,-1.48,819,3.81,,,,
2019,9930,其他,235,333315,1418,1329.0,3.28,819,3.81,,,,
2019,9931,油電燃氣業,95,83145,875,843.0,1.89,1167,3.52,,,,
2019,9933,其他,2683,3148199,1173,1047.0,1.54,819,3.81,,,,
2019,9934,其他,108,68621,635,614.0,0.94,819,3.81,,,,
2019,9935,其他,441,251767,571,499.0,1.5,819,3.81,,,,
2019,9937,油電燃氣業,1000,490195,490,384.0,2.39,1167,3.52,True,,,油電燃氣業員工結構多屬月薪制與本公司經營型態不同。因行業特性，本公司員工多為現場服務人員，部分工時及月薪加油員佔全體人數2/3，平均薪資水準因而低於同業，然與上櫃加油站同業相當。
2019,9938,其他,985,599862,609,479.0,5.11,819,3.81,,True,,1.本公司108年度員工薪資平均數超過50萬元，惟因產業別為其它，難以找到同產業別比較2.為因應未來營運成長及持續強化競爭力，除持續依個別員工的表現進行調整外，並於109年1月起對全體同仁調整薪資新台幣700元/月
2019,9939,其他,1229,743601,605,566.0,4.72,819,3.81,,True,,本公司產業為傳統製造業，因所需生產線人力佔總人數約65%、現場流動性較高且外籍員工佔1/6，故整體平均數拉低；本公司仍持續積極提升薪資福利制度、培育優秀人才、建立安全、舒適的職場環境等方式提高員工滿意度。
2019,9940,其他,3973,4132042,1040,791.0,1.71,819,3.81,,,,
2019,9941,其他,590,667557,1131,965.0,9.12,819,3.81,,,,
2019,9942,其他,920,442274,481,415.0,4.92,819,3.81,True,True,,本公司地處南投、屬傳統製造業且產線同仁比例近八成，雖108年度受不景氣影響獲利減少，但每年仍會依據政府法令與個人績效表現調薪，並經薪資調查給予同仁合理的薪酬。
2019,9943,觀光事業,932,483751,519,473.0,5.48,567,1.71,,True,,人力結構以服務生為主，高達九成，進入門檻容易，無學歷及經驗的要求，68%為高中(含)以下學歷。惟基層人員流動率高，未達一年年資者佔27%，影響各項獎金之領取，綜上原因，造成整體薪資平均數偏低。
2019,9944,其他,210,118715,565,393.0,-0.45,819,3.81,,,,
2019,9945,其他,258,150629,584,386.0,9.35,819,3.81,,True,,本公司獲利來源中，轉投資收益佔比較高，若排除此部分，獲利表現未優於同業。而量販事業受電商崛起，業績下滑致虧損，此部分人力較多，平均薪資不易拉升。本公司盡力改善量販營運績效，以回饋員工並提升員工福祉。
2019,9946,建材營造,40,25210,630,595.0,5.28,795,1.39,,True,True,本公司認列營收採全部完工法，108年度因完工認列營收增加以致公司EPS增長，獲利表現較佳。在永續發展前提下，本公司獎酬策略會以前一年經營績效評估，108年較佳經營績效會於109年員工薪酬績效考量。
2019,9949,文化創意業,94,47487,505,458.0,-0.47,819,3.51,,,,
2019,9950,塑膠工業,655,296205,452,421.0,-1.38,474,0.1,True,,,一、因公司連續虧損，員工薪資未作調整，但年平均薪資，還是在基本薪資之上。二、EPS雖較前一年度成長，但業績卻是呈衰退，無法平衡新廠固定營業費用。
2019,9951,電機機械,887,506924,572,504.0,7.53,603,1.52,,True,,本公司納入統計全時員工數為887人，平均薪資為572仟元，若不計藍領外勞，平均薪資為613仟元，高於同業平均薪資600仟元。
2019,9955,其他,61,33148,543,389.0,0.1,819,3.81,,,,
2019,9958,鋼鐵工業,239,141688,593,539.0,3.53,985,0.56,,True,,公司整體經營獲利(EPS)較同業佳並不會影響及變動年度薪資平均數，公司為鋼構加工業與同業比較而言，並無低於同業水準。
2019,9960,貿易百貨,76,31318,412,374.0,0.82,604,5.0,True,,,因本公司屬買賣服務業且總公司居於南部，常年南部地區薪資水平較其他區域低，且門市人員薪資除底薪外皆以銷售獎金為主，但這幾年來台灣經濟未起色，導致來店消費的客人消費的平均客單價降低，直接影響員工薪資收入。
2019,9962,鋼鐵工業,80,40872,511,492.0,0.13,684,0.79,,,,
2018,1101,水泥工業,826,795066,963,,4.37,862,3.29,,,,
2018,1102,水泥工業,467,574213,1230,,3.54,862,3.29,,,,
2018,1103,水泥工業,63,75334,1196,,1.09,862,3.29,,,,
2018,1104,水泥工業,307,252327,822,,1.62,862,3.29,,,,
2018,1108,水泥工業,420,211597,504,,-0.44,862,3.29,,,,
2018,1109,水泥工業,372,225068,605,,2.38,862,3.29,,,,
2018,1110,水泥工業,80,50356,629,,0.12,862,3.29,,,,
2018,1201,食品工業,1456,972701,668,,1.94,776,2.53,,,,
2018,1203,食品工業,700,378269,540,,1.82,776,2.53,,,,
2018,1210,食品工業,1909,1311002,687,,2.75,776,2.53,,True,,本公司營業項目與其它食品業有所差異，以飼料為大宗佔55%，食品相對略低佔19%，人力結構中外籍移工約佔1/5。 依照公司營運目標的進展與獲利發放各項獎金、年終獎金，員工酬勞依年度可分配盈餘不低於2%提撥發放。
2018,1213,食品工業,111,50085,451,,-1.58,776,2.53,True,,,公司員工多為生產線員工，管理組織也為扁平式組織，扣除主管人員後即為基層員工，目前並不清楚同業薪資，因此無從了解與同業差距。員工每年視法定基本薪資調整，依比例調整薪資，並依生產效能及營業狀況發三節獎金。
2018,1215,食品工業,1839,1117514,608,,3.55,776,2.53,,True,,本公司屬食品製造業，依法令申請外勞，約佔總員工人數30.4%，如扣除外勞，本國員工薪資應符合市場薪資行情。
2018,1216,食品工業,5291,6137260,1160,,3.07,776,2.53,,,,
2018,1217,食品工業,522,306143,586,,0.1,776,2.53,,,,
2018,1218,食品工業,464,304052,655,,0.98,776,2.53,,,,
2018,1219,食品工業,582,309766,532,,-0.03,776,2.53,,,,
2018,1220,食品工業,211,101477,481,,0.53,776,2.53,True,,,"本公司為飼料及食品製造業,生產設備多半自動化,另有部分較屬勞力密集,工作性質單純,因此多半雇用學歷在高中職或以下之員工,佔比約63%.而本公司近年陸續有為員工調整薪資,並發放年終獎金,提升員工福祉."
2018,1225,食品工業,220,123352,561,,1.17,776,2.53,,,,
2018,1227,食品工業,893,662146,741,,3.25,776,2.53,,True,,"107年度EPS3.25元含出售五股廠辦利益EPS0.4元,另若加計108年6月預計發放之107年度員工酬勞31723仟元(較去年增加8335仟元)及其他禮金及旅遊補助款等,人均薪資約增加35.6仟元"
2018,1229,食品工業,251,167708,668,,2.35,776,2.53,,,,
2018,1231,食品工業,1693,964750,570,,3.26,776,2.53,,True,,非擔任主管職務之全時員工人數中將近7成為第一線生產作業人員，其中外籍同仁及給薪未滿12個月的員工合計又近4成，因此造成薪資平均數低於同業水準，本公司秉持共創價值、利潤分享之理念，持續優化同仁薪酬水準。
2018,1232,食品工業,140,189839,1356,,5.67,776,2.53,,,,
2018,1233,食品工業,951,499903,526,,1.93,776,2.53,,,,
2018,1234,食品工業,535,381246,713,,1.73,776,2.53,,,,
2018,1235,食品工業,26,8890,342,,1.25,776,2.53,True,,,1.本公司是成立40多年的老廠，老員工已相繼退休，目前員工為年資較淺之新員工，薪資不若已退休之老員工。2.公司獲利高於同業水準，然獲利原因為業外投資收益(股利及權益法投資收益）所致，本業實則處於虧損狀態。
2018,1236,食品工業,671,307182,458,,0.12,776,2.53,True,,,"107年度公司經營績效未達預期目標,故發放的獎金數減少，影響員工薪酬。"
2018,1240,農業科技,68,40230,592,,3.2,544,1.9,,,,
2018,1259,觀光事業,1023,531111,519,,4.36,489,0.56,,,,
2018,1264,食品工業,252,175601,697,,13.27,585,1.98,,,,
2018,1268,觀光事業,1275,650709,510,,6.13,489,0.56,,,,
2018,1301,塑膠工業,5991,8425615,1406,,7.78,1249,5.5,,,,
2018,1303,塑膠工業,11672,15675261,1343,,6.65,1249,5.5,,,,
2018,1304,塑膠工業,462,471339,1020,,0.5,1249,5.5,,,,公司員工的薪酬包含按月發給之薪資、結算生產績效發給之獎金，以及分派每一年度盈餘所發放之員工酬勞。依據營運成果並參考國內業界發放水平，決定員工獎金分配方式；每位員工獲派的金額，依貢獻、績效表現而定。
2018,1305,塑膠工業,717,740492,1033,,2.52,1249,5.5,,,,公司每年均視營運獲利情形，考量調升員工薪資及發放年終獎金。
2018,1307,塑膠工業,956,545669,571,,0.76,1249,5.5,,,,
2018,1308,塑膠工業,228,235573,1033,,0.52,1249,5.5,,,,
2018,1309,塑膠工業,408,414307,1015,,0.63,1249,5.5,,,,依公司經營績效及個人績效發放獎金及調整薪資。
2018,1310,塑膠工業,191,313193,1640,,2.3,1249,5.5,,,,
2018,1312,塑膠工業,367,534751,1457,,3.26,1249,5.5,,,,
2018,1313,塑膠工業,207,224924,1087,,0.59,1249,5.5,,,,
2018,1314,塑膠工業,1174,1252121,1067,,1.59,1249,5.5,,,,
2018,1315,塑膠工業,369,207062,561,,1.2,1249,5.5,,,,
2018,1316,建材營造,46,32676,710,,1.39,780,1.81,,,,
2018,1319,汽車工業,3497,2061646,590,,3.26,707,5.02,,,,
2018,1321,塑膠工業,467,320168,686,,-0.33,1249,5.5,,,,
2018,1323,塑膠工業,720,401446,558,,3.32,1249,5.5,,,,
2018,1324,塑膠工業,250,133120,532,,0.02,1249,5.5,,,,
2018,1325,塑膠工業,125,62794,502,,0.7,1249,5.5,,,,
2018,1326,塑膠工業,4890,6770616,1385,,8.36,1249,5.5,,,,
2018,1336,電子零組件業,11,11781,1071,,1.28,657,1.96,,,,
2018,1339,汽車工業,313,145969,466,,4.15,707,5.02,True,,,"1.公司加權平均人數313人，移工約佔總人數1/3，因移工平均薪資較低，使整體平均薪資降低。2.本國人加權平均人數212人，本國人年薪資平均數506,379元。3.移工加權平均人數101人，移工年薪資平均數386,164元。"
2018,1402,紡織纖維,4649,4261245,917,,2.41,638,1.5,,,,
2018,1409,紡織纖維,1622,1204095,742,,1.52,638,1.5,,,,
2018,1410,紡織纖維,84,45569,542,,1.44,638,1.5,,,,
2018,1413,紡織纖維,201,119400,594,,1.83,638,1.5,,True,,本公司107年度EPS較同業為佳，惟非經理人之全時員工(年度)薪資平均數低於同業水準，主要係公司尚有累計虧損待彌補，故無法發放員工紅利所致。
2018,1414,紡織纖維,225,113437,504,,0.17,638,1.5,,,,
2018,1416,其他,11,11212,1019,,1.35,781,3.69,,,,
2018,1417,紡織纖維,262,132945,507,,-0.61,638,1.5,,,,
2018,1418,紡織纖維,170,80454,473,,-4.01,638,1.5,True,,,本公司近年遇產業極地困境致經營績效差，雖多年未調薪但也從未降薪，亦未因薪資問題發生勞資糾紛。本公司去年開始進行資產活化，期能改善財務狀況，加強增進員工福利，俾落實公司治理。
2018,1419,紡織纖維,431,241994,561,,0.94,638,1.5,,,,
2018,1423,紡織纖維,90,43171,480,,0.64,638,1.5,True,,,本公司屬紡織基礎工業，部分較辛勞的作業有聘用外籍勞工的需求，人數占非擔任主管職務之全時員工約為15-20%，其薪酬水準相較本國一般勞工而言會略為偏低。
2018,1432,貿易百貨,24,18164,757,,-1.1,784,3.29,,,,
2018,1434,紡織纖維,3248,1825179,562,,2.82,638,1.5,,True,,"1.本公司薪酬採穩健政策，兼顧企業長期發展及員工生活保障。2.除了紡織生產製造外，本公司另有加油站，107年加油站1,143人佔總人數25%。因加油站屬服務業薪資較製造業低且人員流動率高，影響本公司平均工資水準。"
2018,1435,其他,9,3795,422,,-0.1,781,3.69,True,,,因人力結構的需求，107年第三季末及第四季增加1/3員工量，員工數年末增加，計算以全年度員工數及薪資數總額計之拉低了平均數。
2018,1436,建材營造,36,29256,813,,4.48,780,1.81,,,,
2018,1437,其他,29,18087,624,,1.23,781,3.69,,,,
2018,1438,建材營造,2,840,420,,-0.12,780,1.81,True,,,主要原因為公司近年尚未籌措推案，以致無法彰顯公司經營績效。
2018,1439,紡織纖維,12,11594,966,,-0.75,638,1.5,,,,
2018,1440,紡織纖維,1821,989405,543,,0.65,638,1.5,,,,
2018,1441,紡織纖維,178,132172,743,,11.66,638,1.5,,,,
2018,1442,建材營造,23,14819,644,,0.4,780,1.81,,,,
2018,1443,其他,71,36942,520,,-2.38,781,3.69,,,,
2018,1444,紡織纖維,1167,600688,515,,0.44,638,1.5,,,,
2018,1445,紡織纖維,372,181193,487,,-0.17,638,1.5,True,,,"本公司年終獎金給付依據該年度營業績效發放，依公司章程第25條，營業年度如有獲利，提撥2%為員工酬勞。因107年度稅前淨損35,465仟元，依規定107年度年終獎金發放減少以及員工酬勞為0。"
2018,1446,紡織纖維,44,24413,555,,-0.21,638,1.5,,,,
2018,1447,紡織纖維,1311,676105,516,,0.19,638,1.5,,,,
2018,1449,紡織纖維,785,343494,438,,-0.85,638,1.5,True,,,公司因長期虧損，因此年終獎金及績效獎金發放減少，故影響員工薪資總額。公司正朝本業轉型及積極土地開發來改善公司營運，待營運獲利後會增加年終獎金及績效獎金及員工紅利之發放。
2018,1451,紡織纖維,672,379490,565,,2.03,638,1.5,,True,,"本公司非擔任主管職務之全時員工年薪平均數雖為565,000元， 但統計資料的人力結構中，工廠直接人工和外籍移工人數合計占比超過50%以上，因此導致平均年薪偏低。"
2018,1452,紡織纖維,246,143941,585,,1.47,638,1.5,,,,
2018,1453,建材營造,14,6269,448,,3.74,780,1.81,True,True,,"本公司107年EPS為3.74元，獲利佳係處分紡紗廠土地廠房，使處分利益增加362,534仟元。若扣除處分利益，本業經營屬虧損狀態，營業收入28,277仟元，營業虧損39,917仟元。故107年員工薪酬與公司本業獲利表現應屬合理。"
2018,1454,紡織纖維,410,203763,497,,0.15,638,1.5,True,,,公司經營績效稅前盈餘較106年度減少，故年終獎金及員工紅利均減少
2018,1455,紡織纖維,1389,804493,579,,0.15,638,1.5,,,,
2018,1456,建材營造,57,24870,436,,0.13,780,1.81,True,,,非經理人之全時員工薪資平均數未達50萬元說明：本公司有紡織部及不動產部，紡織部主要員工在台南，107年紡織部毛利率4%，其平均薪資42萬元；不動產部主要員工在台北，107年不動產部毛利率18%，其平均薪資55萬元。
2018,1457,紡織纖維,131,83568,638,,2.13,638,1.5,,,,
2018,1459,紡織纖維,236,108146,458,,-1.18,638,1.5,True,,,員工薪酬除固定薪資外，另依本公司章程規定年度如有獲利應提撥1.5%作為員工酬勞(提撥前應先彌補累積虧損)以及每年度依公司經營狀況發放年終獎金。107年度為虧損年度故無發放員工酬勞並減發部分年終獎金。
2018,1460,紡織纖維,1820,946098,520,,0.33,638,1.5,,,,
2018,1463,紡織纖維,188,100818,536,,1.62,638,1.5,,True,,本公司EPS1.62中，來自於轉投資獲利為1.36元，來自本業僅0.26元，本業獲利未高於同業。轉投資獲利主要來自子公司餘屋銷售，非為常態性，尚無法反應於經常性薪資，故就目前公司經營績效與員工薪酬之關聯，應屬合理。
2018,1464,紡織纖維,784,408576,521,,0.61,638,1.5,,,,
2018,1465,紡織纖維,167,82376,493,,-0.12,638,1.5,True,,,本公司為長纖織布廠，其薪資組成主要為產線作業員(占申報人數80%)。依據104人力銀行統計資料顯示，作業員平均薪資為333仟元，另因本公司107年度虧損故影響薪酬水準。
2018,1466,紡織纖維,431,219131,508,,-0.94,638,1.5,,,,
2018,1467,紡織纖維,346,176607,510,,-0.29,638,1.5,,,,
2018,1468,紡織纖維,78,31873,409,,0.24,638,1.5,True,,,"本公司近年為二度就業人士,此部分員工均非專業技能人員；工作內容於協助工廠生產線之助手，而此員工薪資按一般人員薪資給付依符合規定,另外一部分員工為依法顧用外籍勞工,因上述人員薪資降低了本公司整體薪資配置。"
2018,1470,紡織纖維,238,133072,559,,0.57,638,1.5,,,,
2018,1471,電子零組件業,43,31082,723,,-2.13,786,5.37,,,,
2018,1472,紡織纖維,124,55251,446,,-1.59,638,1.5,True,,,本公司長期營運績效不佳，尚處虧損，暫無薪資調整計畫，惟本公司之薪資福利政策優於勞基法之規範。
2018,1473,紡織纖維,361,199153,552,,0.54,638,1.5,,,,
2018,1474,紡織纖維,476,244595,514,,0.87,638,1.5,,,,
2018,1475,紡織纖維,43,28611,665,,-4.02,638,1.5,,,,
2018,1476,紡織纖維,1728,1215475,703,,15.96,638,1.5,,,,
2018,1477,紡織纖維,734,854452,1164,,7.2,638,1.5,,,,
2018,1503,電機機械,1862,1776601,954,,2.72,743,1.51,,,,
2018,1504,電機機械,2391,1979439,828,,1.59,743,1.51,,,,
2018,1506,電機機械,343,164246,479,,-0.95,743,1.51,True,,,目前正道屬非擔任主管職務之全時員工(年度)薪資平均數未達50萬元範疇，未來將依據依獲利情形加薪調薪
2018,1507,電機機械,1677,1619324,966,,1.65,743,1.51,,,,
2018,1512,汽車工業,262,150957,576,,-0.94,707,5.02,,,,
2018,1513,電機機械,1693,1114550,658,,1.33,743,1.51,,,,
2018,1514,電機機械,573,422077,737,,1.09,743,1.51,,,,
2018,1515,電機機械,546,283403,519,,2.2,743,1.51,,True,,公司經營績效與員工薪酬之關聯性1. 本公司薪資調薪幅度會依據前一年公司經營績效進行調整。2. 108年因應107年度公司經營績效，於108年3月已進行調整薪資幅度5%。
2018,1516,其他,5,2733,547,,0.51,781,3.69,,,,
2018,1517,電機機械,530,238421,450,,0.41,743,1.51,True,,,本公司考量營運人力需求， 人力結構配置上以生產人員占比居多，另因員工酬勞依章程規定依當年度稅前淨利分派，惟因本年度營運績效未達預期，其分派金額因應調整；故員工薪酬狀況因應經營狀況及人力結構等因素調整。
2018,1519,電機機械,624,427135,685,,0.23,743,1.51,,,,
2018,1521,汽車工業,853,535981,628,,4.19,707,5.02,,,,關聯性：直接性的關聯為年終獎金：依每年經營績效達成狀況提撥與發放。合理性：因每人獲利平均數低於同業，故薪資平均數低於同業水準應屬合理。
2018,1522,汽車工業,1572,926917,590,,2.0,707,5.02,,,,本公司接單特性大多為少量多樣生產，因自動化產線尚未普及，較多產線仍需依賴人工作業，其中藍領員工人數比重高，且所聘用外勞較多以基本工資起薪，因此對於整體員工平均薪資有降低的效果。
2018,1524,汽車工業,407,260596,640,,1.09,707,5.02,,,,
2018,1525,汽車工業,266,160624,604,,6.17,707,5.02,,True,,(1)本公司EPS有90%貢獻來自於業外的轉投資收益認列，故與台灣廠員工生產績效關聯性較低。(2)非擔任主管職之全職員工人數計266人，其中外籍同仁人數52人，占20%，人員結構影響平均薪資水準。
2018,1526,電機機械,156,82436,528,,2.69,743,1.51,,True,,符合區域性薪資水準，日後會再參考同業公司平均薪資水準作為員工聘用及調薪基準。
2018,1527,電機機械,707,427495,605,,7.48,743,1.51,,True,,本公司訂有薪資管理辦法，公司員工薪酬皆依辦法規定辦理。107年獲利大幅提升，係因受惠於台幣貶值認列匯兌利益所致。
2018,1528,電機機械,274,166357,607,,0.22,743,1.51,,,,
2018,1529,電機機械,34,17621,518,,0.71,743,1.51,,,,
2018,1530,電機機械,523,345537,661,,3.45,743,1.51,,True,,公司新進人員流動率較高，故新進人員薪資會較低。106年及107年新人131人占全年給薪人數21%106年及107年新進人員薪資金額占全公司薪資比率13%，故平均薪資會降低。
2018,1531,電機機械,227,132670,584,,0.68,743,1.51,,,,
2018,1532,電機機械,295,223154,756,,4.76,743,1.51,,,,
2018,1533,汽車工業,424,237174,559,,2.71,707,5.02,,,,107年大陸孫公司、美國子公司皆有良好獲利，每股盈餘增加，但其員工並不含於此次計算。一般電機機械業資深技工較多薪資較高，而車王組裝線多，外勞直接人力占比20%；非經理人之全時員工薪資平均數較前一年度增加
2018,1535,電機機械,1193,1006795,844,,0.79,743,1.51,,,,
2018,1536,汽車工業,1050,665348,634,,4.85,707,5.02,,,,本公司薪酬原則上連結職責與績效結果，依本公司辦法評估員工薪資報酬，然為提供具競爭力薪酬以吸引、留置與培育人才，不以短期獲利作為薪酬和績效的唯一評量，分析結果尚屬合理。
2018,1537,電機機械,116,94809,817,,12.03,743,1.51,,,,
2018,1538,電機機械,101,52236,517,,-1.77,743,1.51,,,,
2018,1539,電機機械,156,75932,487,,5.07,743,1.51,True,True,,本公司從事DIY木工機械ODM、OEM之生產，107年非部門主管之員工約有156人，其中外勞及馬達廠現場人員佔非部門主管員工約三分之一，這些人從事較非技術性工作，因此薪資較低進而拉低了本公司整體平均薪資。
2018,1540,電機機械,89,47170,530,,1.59,743,1.51,,True,,皆依每年度盈餘提列員工分紅
2018,1541,電機機械,397,169822,428,,1.0,743,1.51,True,,,"本公司為電動工具機產品之製造銷售，屬勞力密集之產業，且生產製造皆在台灣。全時員工人數397人中聘雇外籍勞工111人(107年之每月最低薪資標準為22,000元)，比例佔28%，以維持產業的競爭力，故拉低了整體薪資平均數。"
2018,1558,電機機械,328,254970,777,,15.26,743,1.51,,,,
2018,1560,電機機械,1599,1042796,652,,4.92,743,1.51,,True,,1.本公司有約12%的外籍勞工其薪資結構依政府基本工資規定辦理，影響本公司整體平均薪資.         2.本公司將針對員工薪酬政策將參考業界公司標準做檢討。
2018,1565,生技醫療業,3557,2266937,637,,33.07,681,1.32,,True,,"因本公司為製造業且生產工廠均在台灣,非主管職員工九成以上為生產線直接人員所致。"
2018,1568,汽車工業,626,307245,491,,0.92,707,5.02,True,,,本公司107年度的營運目標未達成，導致相關的變動薪資如:加班費和獎金等減少所致，然本公司亦於107年度5月份，針對全體員工進行調薪，調薪幅度約 4.3%，故本公司無薪資費用與經營績效不相當的情況發生。
2018,1569,電腦及週邊設備業,29,17107,590,,0.35,769,2.63,,,,
2018,1570,電機機械,121,57142,472,,1.62,608,2.45,True,,,員工薪資由月薪、加班費及獎金組成。其中加班費及獎金隨業績變動。同業薪資平均數及平均每股盈餘分別較本公司增加26%及68%。若力肯平均每股盈餘能達同業水準，將帶動員工加班費及獎金數，並提升員工薪資平均數。
2018,1580,電機機械,80,76682,959,,9.43,608,2.45,,,,
2018,1582,電子零組件業,165,174080,1055,,5.88,786,5.37,,,,
2018,1583,電機機械,396,268233,677,,5.41,743,1.51,,True,,"除固定薪資外亦配合業績給予績效獎金等,並已參考同業薪資水準此薪酬僅針對台灣員工,但公司轉投資及海外子公司之獲利等皆會影響EPS高低,亦即並非所有獲利皆由台灣總公司所創造,另外107年獲利部分來自匯兌收益所致"
2018,1584,其他,69,29702,430,,-0.84,592,2.0,True,,,本公司目前尚屬虧損階段，故無盈餘獎金，薪資水準與公司營運績效串聯，尚屬合理。
2018,1586,電機機械,111,59521,536,,1.36,608,2.45,,,,
2018,1587,汽車工業,194,84746,437,,0.6,707,5.02,True,,,本公司地處偏鄉，人才要求不易致外籍員工人數較高拉低平均薪資，且對個人的學經歷及技能要求無法提高，僅能於就職過程中予以訓練及培養，雖無法達到規定金額仍盡力提高員工所得。
2018,1593,生技醫療業,125,71028,568,,3.8,681,1.32,,True,,祺驊為傳統生技醫療業，以產銷運動健身器材及復健醫療器材零組件為主，員工薪酬結構以合理的基礎制定；107度公司獲利增加，即於當年度8月全面調整員工薪資，平均調幅約3%，員工薪酬與經營績效間之關聯性尚屬合理。
2018,1595,電子零組件業,77,61396,797,,4.18,657,1.96,,,,
2018,1597,電機機械,461,321080,696,,6.4,743,1.51,,,,
2018,1598,生技醫療業,656,309941,472,,1.2,674,1.42,True,,,本公司從事健身器材之研發、生產與銷售，工廠位於彰化縣，由於生產人力需求較高，以致非經理人之全時員工薪資平均數未達50萬元。本公司衡量整體營運狀況及工作績效審定員工薪酬，並藉由多元的福利措施留任人才。
2018,1599,電機機械,412,206984,502,,3.59,608,2.45,,True,,"公司座落於台南市山上區,地理位置較為僻靜物價也相較於都會區、工業區及科技園區低,且本公司8成以上人員為產線基礎作業員技術含量不高,因此平均數相較於同業低。"
2018,1604,電器電纜,687,512772,746,,1.52,711,1.96,,,,
2018,1605,電器電纜,2375,2210749,931,,3.53,711,1.96,,,,
2018,1608,電器電纜,414,239056,577,,-1.46,711,1.96,,,,
2018,1609,電器電纜,571,369667,647,,0.83,711,1.96,,,,員工酬金組合主要包含基本固定薪資、獎金及福利，依據個人能力、對公司貢獻度、績效表現、其所任職位之市場價值及考量公司未來營運風險後決定，與經營績效正相關；至於福利設計，則視員工需求，來規劃多面向的措施。
2018,1611,電器電纜,285,147782,519,,0.17,711,1.96,,,,
2018,1612,電器電纜,345,221869,643,,0.39,711,1.96,,,,
2018,1614,電器電纜,974,443709,456,,0.78,711,1.96,True,,,公司為根留台灣，產品自製生產線人力以外勞填補。另為善盡企業責任，任用技術生鼓勵回廠，但受法規限制無法加班。上述人員僅領基本工資，剔除後平均數為48萬。本公司人力學歷結構，學歷高中職以下員工佔比高所致。
2018,1615,電器電纜,215,116475,542,,1.76,711,1.96,,,,
2018,1616,電器電纜,182,102511,563,,0.06,711,1.96,,,,
2018,1617,電器電纜,250,149958,600,,1.5,711,1.96,,,,
2018,1618,電器電纜,238,132152,555,,-0.04,711,1.96,,,,
2018,1701,生技醫療業,710,463498,653,,1.24,674,1.42,,,,
2018,1702,食品工業,302,205597,681,,4.09,776,2.53,,True,,本公司107年度每股盈餘較同業為佳係為集團同仁努力之成果，惟本公司於106/8/1以既存分割方式移轉相關營業及員工予二家國內子公司(該子公司非重要子公司，故無列入計算)，致影響107年度申報薪酬相關資訊。
2018,1707,生技醫療業,342,255784,748,,9.57,674,1.42,,,,
2018,1708,化學工業,134,109177,815,,1.74,794,1.75,,,,
2018,1709,化學工業,229,256396,1120,,0.77,794,1.75,,,,
2018,1710,化學工業,351,384264,1095,,2.01,794,1.75,,,,
2018,1711,化學工業,1312,945037,720,,0.73,794,1.75,,,,
2018,1712,化學工業,1321,878290,665,,1.74,794,1.75,,,,
2018,1713,化學工業,79,56752,718,,0.76,794,1.75,,,,
2018,1714,化學工業,72,52477,729,,0.26,794,1.75,,,,
2018,1717,化學工業,1833,1582688,863,,1.25,794,1.75,,,,
2018,1718,化學工業,702,464454,662,,1.13,794,1.75,,,,
2018,1720,生技醫療業,741,522023,704,,2.09,674,1.42,,,,
2018,1721,化學工業,591,412036,697,,0.07,794,1.75,,,,
2018,1722,化學工業,665,848683,1276,,2.33,794,1.75,,,,
2018,1723,化學工業,227,306981,1352,,6.5,794,1.75,,,,
2018,1724,化學工業,237,166650,703,,0.76,794,1.75,,,,
2018,1725,化學工業,86,57387,667,,1.2,794,1.75,,,,
2018,1726,化學工業,655,451535,689,,4.61,794,1.75,,True,,本公司員工薪酬依照學、經歷及勞基法規範核薪，逐年依公司營運政策調整薪資，對於員工各方福利亦不吝支出，未來將持續於營運成長之際給予員工更好福利。
2018,1727,化學工業,229,124754,545,,0.9,794,1.75,,,,
2018,1730,化學工業,169,121833,721,,4.96,794,1.75,,True,,"因不含員工紅利,申報非主管級之全時員工薪資若加計108年8月預計發放之107年度員工紅利96仟元，人均薪資約增加96仟元。(107年度之員工紅利以實際發放為主)"
2018,1731,生技醫療業,196,115751,591,,0.57,674,1.42,,,,
2018,1732,化學工業,147,71954,489,,0.16,794,1.75,True,,,近幾年公司經營狀況雖未達成公司設定的目標，但均有微幅調整員工薪酬。
2018,1733,生技醫療業,680,363338,534,,0.95,674,1.42,,,,
2018,1734,生技醫療業,721,365972,508,,0.05,674,1.42,,,,
2018,1735,化學工業,144,90502,628,,0.1,794,1.75,,,,
2018,1736,生技醫療業,891,602918,677,,1.29,674,1.42,,,,
2018,1737,食品工業,457,416920,912,,2.26,776,2.53,,,,
2018,1742,化學工業,50,23721,474,,-1.93,664,0.49,True,,,自民國103年中油五輕關廠原料供應停止需依賴進口，費用高因此成本墊高，過去幾年，台蠟於蠟品市場遭受雙重夾擊，先是大陸蠟在全球蠟品市場削價競爭，後日本精蠟於台灣市場改變銷售策略，造成台蠟連續多年虧損。
2018,1752,生技醫療業,535,289586,541,,1.0,681,1.32,,,,
2018,1760,生技醫療業,265,183489,692,,2.09,674,1.42,,,,
2018,1762,生技醫療業,253,195261,772,,3.02,674,1.42,,,,
2018,1773,化學工業,283,294361,1040,,6.2,794,1.75,,,,
2018,1776,化學工業,137,82443,602,,-0.49,794,1.75,,,,
2018,1777,生技醫療業,159,129464,814,,5.12,681,1.32,,,,
2018,1781,生技醫療業,64,44985,703,,-0.81,681,1.32,,,,
2018,1783,生技醫療業,124,73243,591,,0.82,674,1.42,,,,
2018,1784,生技醫療業,166,117082,705,,0.49,681,1.32,,,,
2018,1785,其他電子業,907,645463,712,,0.98,710,1.96,,,,
2018,1786,生技醫療業,75,52985,706,,1.66,674,1.42,,,,
2018,1788,生技醫療業,217,199934,921,,6.96,681,1.32,,,,
2018,1789,生技醫療業,598,502830,841,,0.56,674,1.42,,,,
2018,1796,食品工業,162,89590,553,,0.38,585,1.98,,,,
2018,1799,生技醫療業,9,5436,604,,-2.45,681,1.32,,,,
2018,1802,玻璃陶瓷,4711,2780144,590,,0.37,587,0.17,,,,
2018,1805,建材營造,13,10308,793,,-1.17,780,1.81,,,,
2018,1806,玻璃陶瓷,684,386706,565,,-1.32,587,0.17,,,,
2018,1808,建材營造,103,106122,1030,,8.11,780,1.81,,,,
2018,1809,玻璃陶瓷,216,135250,626,,0.0,587,0.17,,,,
2018,1810,玻璃陶瓷,1097,621655,567,,-0.18,587,0.17,,,,
2018,1813,生技醫療業,103,65134,632,,1.37,681,1.32,,True,,因公司為鏡片製造工廠，組織扁平化，產線作業員比例約佔9成，故薪資結構較同業稍低。
2018,1815,電子零組件業,1014,629295,621,,0.97,657,1.96,,,,
2018,1817,玻璃陶瓷,86,66911,778,,3.5,587,0.17,,,,
2018,1903,造紙工業,47,26708,568,,-0.64,741,1.25,,,,
2018,1904,造紙工業,3343,2819227,843,,3.38,741,1.25,,,,
2018,1905,造紙工業,1923,1293474,673,,0.4,741,1.25,,,,
2018,1906,造紙工業,12,7574,631,,3.32,741,1.25,,True,,本公司EPS 3.32元，主要係股利收入，佔稅後淨利84%，同業佔稅後淨利平均15%。若不計股利EPS為0.54元，低於同業平均EPS 1.06元。另因非擔任主管職之員工屬後勤單位，故薪酬架構不與業外股利連結，應屬合理。
2018,1907,造紙工業,2674,1851044,692,,0.87,741,1.25,,,,
2018,1909,造紙工業,1091,740285,679,,0.82,741,1.25,,,,
2018,2002,鋼鐵工業,10287,16994213,1652,,1.58,1115,1.57,,,,
2018,2006,鋼鐵工業,1531,1293873,845,,0.88,1115,1.57,,,,
2018,2007,鋼鐵工業,417,261477,627,,0.03,1115,1.57,,,,
2018,2008,鋼鐵工業,217,111005,512,,-0.88,1115,1.57,,,,
2018,2009,鋼鐵工業,252,126641,503,,0.24,1115,1.57,,,,
2018,2010,鋼鐵工業,1385,886132,640,,0.39,1115,1.57,,,,
2018,2012,鋼鐵工業,562,306328,545,,1.74,1115,1.57,,True,,春雨公司獲利大部分由國內外轉投資公司而來，因此若扣除轉投資獲利後，本公司非經理人之全時員工薪資平均數並無低於同業水準。
2018,2013,鋼鐵工業,447,462760,1035,,0.61,1115,1.57,,,,
2018,2014,鋼鐵工業,1126,1102575,979,,2.11,1115,1.57,,True,,因本公司107年尚有累積虧損待彌補，故員工酬勞並非以全部盈餘計算，以致全時員工薪資平均數低於同業水準。
2018,2015,鋼鐵工業,824,839619,1019,,5.06,1115,1.57,,True,,"本公司107年每股盈餘(元)5.06元較106年4.69增加，107年非擔任主管職務之全時員工薪資-平均數1,019(仟元/人)較106年958(仟元/人)增加，員工薪酬與公司經營績效成正比。"
2018,2017,鋼鐵工業,397,185115,466,,0.51,1115,1.57,True,,,1.本公司屬鋼鐵產業，部分較辛苦之職務由外籍勞工擔任之。目前外籍員工佔總員工人數26%，故影響本公司總平均薪資。2.107年度因產量因素，員工加班時數下降，加班費及生產獎金減少，影響平均薪資。
2018,2020,鋼鐵工業,339,224935,664,,1.34,1115,1.57,,,,
2018,2022,鋼鐵工業,113,58321,516,,-0.11,1115,1.57,,,,
2018,2023,鋼鐵工業,1323,1007613,762,,0.16,1115,1.57,,,,
2018,2024,鋼鐵工業,179,99180,554,,0.77,1115,1.57,,,,
2018,2025,鋼鐵工業,108,52752,488,,-1.83,1115,1.57,True,,,公司尚有累積虧損，但107年薪資調整幅度約5.63%
2018,2027,鋼鐵工業,921,1178163,1279,,5.83,1115,1.57,,,,
2018,2028,鋼鐵工業,328,217831,664,,1.58,1115,1.57,,True,,雖然107年獲利狀況良好，但考慮公司仍存在未彌補虧損數，需仰賴未來獲利彌補，加上財務結構也尚須改善，且鋼鐵景氣在107年第4季開始反轉，為公司穩健長久經營，員工薪資乃未與營業績效作連結。
2018,2029,鋼鐵工業,550,546759,994,,0.33,1115,1.57,,,,
2018,2030,鋼鐵工業,664,383684,578,,1.97,1115,1.57,,True,,"1)本公司107年非擔任主管職務之全時員工薪資平均數578仟元/人,較106年551仟元/人增加5%。2)部份職務由外籍勞工擔任,107年佔總員工人數28%,故影響總平均薪資。"
2018,2031,鋼鐵工業,208,146296,703,,3.17,1115,1.57,,True,,本公司非經理人之全時員工之酬金金額，乃依其職務職位、營運參與程度及貢獻價值、該年度公司經營績效及考量公司未來風險，由單位主管評量提案，提交至總經理審議核定並送交審計委員會報告。
2018,2032,鋼鐵工業,181,91608,506,,0.13,1115,1.57,,,,
2018,2033,鋼鐵工業,130,62289,479,,0.15,1115,1.57,True,,,本公司薪資一向優於政府法規，但礙於獲利(產品別與同業不盡相同)，致無法與一般同業相比，日後公司將秉持照顧員工初衷，持續加強公司競爭力，增進公司獲利率，將利潤分享員工，給員工更好薪資及福利。
2018,2034,鋼鐵工業,864,613827,710,,2.23,1115,1.57,,True,,1.配合公司人力需求，使用EXTRA制度提升人力，外籍同仁比例較高。2.同業員工薪資平均數1115仟元與財務報告附註揭露之員工福利(薪資含主管)資訊中1118仟元相近，請查明各公司申報基準。
2018,2035,鋼鐵工業,750,857784,1144,,-4.12,721,0.76,,,,
2018,2038,鋼鐵工業,420,215395,513,,-1.09,1115,1.57,,,,
2018,2049,電機機械,4920,4415411,897,,18.44,743,1.51,,,,
2018,2059,電子零組件業,508,318473,627,,18.64,786,5.37,,True,,本公司設計薪酬制度之核心精神在於確保員工可以在穩定且一定的基礎上，專心致力於專業上發揮。企業於年度終了依照經營績效與獲利狀況扣除應有之稅捐及法定提撥後倘有盈餘，即秉持著與全體員工共享之理念與全員共享。
2018,2061,電器電纜,5,2047,409,,-0.32,696,-0.75,True,True,,本公司員工薪酬包括本薪、獎金及紅利，本薪係依據各項職務之內容與性質所訂定，除符合法律規定的最低標準亦反應公司整體營運成本效益，再根據過去一年的績效表現給予適當調薪，獎金及紅利則隨著公司獲利狀況而給予。
2018,2062,其他,945,504958,534,,0.68,781,3.69,,,,
2018,2063,鋼鐵工業,293,157560,538,,3.67,721,0.76,,True,,世鎧公司最近三年度平均薪資調幅均達5%以上，年終獎金及員工酬勞發放金額亦隨獲利增加而調升，尤其近兩年度員工酬勞金額均較前一年度增加100%以上，故本公司隨著經營績效提升亦調增員工薪酬，調增的幅度適當合理。
2018,2064,鋼鐵工業,218,133052,610,,1.02,721,0.76,,True,,近年度惟在107年初全體員工調薪一次。約1~3%。公司所給的福利並不只在薪水表現。包含員工旅遊補助、三節獎金、子女教育補助部分。且員工組成部分 外勞佔比不低約20%。所以平均薪資因而較低。
2018,2065,鋼鐵工業,259,142483,550,,2.87,721,0.76,,True,,"本公司員工之結構,外籍員工佔總員工人數比例約30%,平均薪資低於本籍技術員工約20%,公司經營績效與員工薪酬之關聯性尚屬合理。"
2018,2066,電機機械,190,82080,432,,4.21,608,2.45,True,True,,符合績效考核標準予以發放至少兩個月獎金，以鼓勵員工達成公司營業目標。非主管薪資低於同業主係本公司產線作業員(含外勞)較多，拉低平均數字，但在南部業界整體薪資尚屬合理。
2018,2067,電機機械,181,91541,506,,1.42,608,2.45,,,,公司107年員工流動率偏高，拉高員工平均人數，致使薪資平均數下降，低於同業水平
2018,2069,鋼鐵工業,137,78446,573,,5.9,1115,1.57,,True,,1、公司雖已經營30多年，近10年員工人數才急速增加，員工平均年資較同業低，故薪資相對較低。2、107年公司獲利較佳，故會於108年做薪資調整。3、107年獲利主要來自非常態性的業外收入。
2018,2070,電機機械,228,119118,522,,2.6,608,2.45,,True,,本公司員工薪酬包括本薪、獎金及紅利，本薪除每年固定酌與進行調增外，另其係依據各項職務之內容與性質所訂定，除符合法律規定的最低標準亦反應公司整體營運成本效益，獎金及紅利則隨著公司獲利狀況而給予。
2018,2101,橡膠工業,1331,930619,699,,0.23,632,1.17,,,,
2018,2102,橡膠工業,1138,586947,516,,-2.67,632,1.17,,,,
2018,2103,橡膠工業,642,623799,972,,1.44,632,1.17,,,,
2018,2104,橡膠工業,589,415571,706,,4.18,632,1.17,,,,
2018,2105,橡膠工業,6313,3895731,617,,1.09,632,1.17,,,,
2018,2106,橡膠工業,1824,936000,513,,0.79,632,1.17,,,,
2018,2107,橡膠工業,193,113770,589,,0.59,632,1.17,,,,
2018,2108,橡膠工業,285,382386,1342,,3.12,632,1.17,,,,
2018,2109,橡膠工業,810,403639,498,,-0.76,632,1.17,True,,,1.營利下滑，生產力降低。2.從業員有計件薪酬，無確定金額。
2018,2114,橡膠工業,108,55083,510,,5.85,632,1.17,,True,,"本公司此薪資水平在南投地區已屬中上所得,本公司近年為謀求企業永續經營,讓員工有更好的工作環境,以盈餘致力發展新事業、投資智動化生產、興建研發大樓與廠房，此投資與福利遠優於同業,是除了薪資以外之非薪資所得。"
2018,2201,汽車工業,1086,1091893,1005,,1.39,707,5.02,,,,
2018,2204,汽車工業,2057,2165096,1053,,2.64,707,5.02,,,,
2018,2206,汽車工業,2259,1668351,739,,1.26,707,5.02,,,,
2018,2207,汽車工業,516,1028591,1993,,18.36,707,5.02,,,,
2018,2208,航運業,2886,2930902,1016,,-8.87,1149,0.62,,,,
2018,2221,其他,231,117917,510,,3.35,592,2.0,,True,,本公司近年獲利逐年成長，員工薪資有逐年調整106年及107年台籍員工薪資平均成長各約1%、2%，未來年度仍會依整體經營績效而持續做相關調整，因非台籍員工比重較高，導致平均薪資拉低，若排除非台籍員工則可達約57萬。
2018,2227,汽車工業,396,503747,1272,,19.63,707,5.02,,,,
2018,2228,汽車工業,410,205757,502,,6.63,707,5.02,,True,,一.107年度獲利主要歸功於海外子公司。二.合理性：每年參考物價指數、外部薪資調查，檢視薪等表市場定位；近10年平均調薪幅度超過3 %。三.關聯性：每年視經營績效，經董事會決議調薪幅度與年終獎金。
2018,2230,電機機械,102,38058,373,,0.25,608,2.45,True,,,"1.外籍員工佔全公司人數約1/5，月薪約23,100元，拉低平均薪資數。2.現場作業人員(ex：包裝、生管、品管)，佔全公司人數約2/3，月薪約23,100元，拉低平均薪資數。"
2018,2231,汽車工業,301,176683,587,,9.48,707,5.02,,True,,本公司屬製造業，非擔任主管職務之全時員工(年度)薪資平均數已達50萬元以上，其中基層員工佔比27.67%，員工學歷分佈中，高中職(含)以下佔比40.25%。上述數據說明薪資平均數之依據。
2018,2235,電機機械,229,105193,459,,3.01,608,2.45,True,True,,本公司未於海外設廠，所有產能皆由國內廠供應，故直接人工佔比較高，107年度直接人工平均173人(76%)，間接人工平均56人(24%)，直接人工平均年總薪資414仟元，間接人工平均年總薪資 670仟元
2018,2301,電腦及週邊設備業,4315,5564514,1290,,3.42,1200,2.73,,,,
2018,2302,半導體業,63,33834,537,,0.17,1228,7.24,,,,
2018,2303,半導體業,13829,16710500,1208,,0.58,1228,7.24,,,,
2018,2305,電腦及週邊設備業,92,65741,715,,-0.1,1200,2.73,,,,
2018,2308,電子零組件業,6662,9890689,1485,,7.0,786,5.37,,,,
2018,2312,其他電子業,433,500195,1155,,0.41,1192,7.41,,,,
2018,2313,電子零組件業,4418,2806145,635,,2.01,786,5.37,,,,
2018,2314,通信網路業,352,346042,983,,0.23,1119,2.93,,,,
2018,2316,電子零組件業,1656,839857,507,,1.34,786,5.37,,,,
2018,2317,其他電子業,4166,9393585,2255,,8.03,1192,7.41,,,,
2018,2321,通信網路業,229,173532,758,,-0.32,1119,2.93,,,,
2018,2323,光電業,1368,763234,558,,0.24,823,1.04,,,,
2018,2324,電腦及週邊設備業,6210,7854660,1265,,2.05,1200,2.73,,,,
2018,2327,電子零組件業,3345,2877802,860,,80.3,786,5.37,,,,公司於台灣區工廠基層員工人數較多，所佔比例相對於全體員工比重較高。公司營收獲利因為市場因素在一年內成長數倍，薪資結構無法在一年內即時反應，後續會參考同業薪資水平，做相應調整 。
2018,2328,電子零組件業,52,77692,1494,,2.29,786,5.37,,,,
2018,2329,半導體業,5265,2456224,467,,-0.2,1228,7.24,True,,,由於本公司在民國98年後連年虧損，雖於民國103年開始有所獲利，但在民國106年及107年仍因受記憶體晶片持續嚴重缺料因素影響，產生稅後虧損。故本公司尚未能針對員工加薪幅度之調升提供多餘的空間。
2018,2330,半導體業,42605,85597728,2009,,13.54,1228,7.24,,,,
2018,2331,電腦及週邊設備業,800,733433,917,,0.04,1200,2.73,,,,
2018,2332,通信網路業,591,605037,1024,,0.16,1119,2.93,,,,
2018,2337,半導體業,3802,5504926,1448,,4.94,1228,7.24,,,,
2018,2338,半導體業,187,144373,772,,1.02,1228,7.24,,,,
2018,2340,光電業,1294,900443,696,,1.47,823,1.04,,True,,1.人力結構分佈直接員工佔總人數近6成(外籍佔直接3成)，故拉低總體平均薪資。2.當年度在職月數未達12個月者，在本次申報超過1成，故影響總體平均薪資。排除上述原因，薪資平均數仍維持在平均水準上。
2018,2342,半導體業,564,449679,797,,1.54,1228,7.24,,,,
2018,2344,半導體業,2631,4614619,1754,,1.87,1228,7.24,,,,
2018,2345,通信網路業,1335,1512403,1133,,5.33,1119,2.93,,,,
2018,2347,電子通路業,1272,1093728,860,,3.96,899,3.73,,True,,主要係因107年度本公司處分採用權益法之投資利益$7.4億（佔EPS$0.44)，此係一次性（非固定）之業外收入，若排除此因素EPS約為$3.52，經營績效與員工薪酬之關聯性應屬合理
2018,2348,其他,76,108299,1425,,5.39,781,3.69,,,,
2018,2349,光電業,1013,584067,577,,-1.01,823,1.04,,,,
2018,2351,半導體業,1320,894243,677,,4.55,1228,7.24,,,,
2018,2352,電腦及週邊設備業,1568,2164452,1380,,2.05,1200,2.73,,,,
2018,2353,電腦及週邊設備業,1536,2463666,1604,,1.01,1200,2.73,,,,
2018,2354,其他電子業,160,393140,2457,,6.47,1192,7.41,,,,
2018,2355,電子零組件業,3895,2390352,614,,0.41,786,5.37,,,,
2018,2356,電腦及週邊設備業,4053,4464904,1102,,1.81,1200,2.73,,,,
2018,2357,電腦及週邊設備業,5908,8033555,1360,,5.7,1200,2.73,,,,
2018,2358,其他,105,51364,489,,0.77,781,3.69,True,,,因公司目前尚在彌補虧損階段，待有獲利，再重新調整薪資結構。
2018,2359,其他電子業,164,137882,841,,1.65,1192,7.41,,,,
2018,2360,其他電子業,1586,1501053,946,,6.22,1192,7.41,,,,
2018,2362,電腦及週邊設備業,467,530903,1137,,2.32,1200,2.73,,,,
2018,2363,半導體業,173,207884,1202,,-0.32,1228,7.24,,,,
2018,2364,電腦及週邊設備業,148,94891,641,,-0.35,1200,2.73,,,,
2018,2365,電腦及週邊設備業,82,69771,851,,0.4,1200,2.73,,,,
2018,2367,電子零組件業,4795,2657355,554,,1.06,786,5.37,,,,
2018,2368,電子零組件業,2266,1380242,609,,0.42,786,5.37,,,,
2018,2369,半導體業,2348,1205374,513,,-0.55,1228,7.24,,,,
2018,2371,電機機械,2833,1776895,627,,-4.75,743,1.51,,,,
2018,2373,其他電子業,904,638222,706,,6.78,1192,7.41,,,,
2018,2374,光電業,613,585491,955,,-1.64,823,1.04,,,,
2018,2375,電子零組件業,20,13869,693,,19.11,786,5.37,,True,,本公司員工薪酬政策，依員工職責考核其個人績效表現及對公司之貢獻度，並考量公司營運狀況來給予相應之酬金。本期因處分孫公司(杰美康)股權，致非經常性業外利益大幅增加， 此EPS獲利表現無法與同業比較。
2018,2376,電腦及週邊設備業,2428,2800159,1153,,4.04,1200,2.73,,True,,公司章程規定年度獲利應提撥百分之三至十員工酬勞，本公司業依章程規定於107年度提撥10%員工酬勞。台灣為本公司主要製造生產中心，相較同業本公司基層產線人員比率為高。綜上，薪資平均數未與同業產生重大差異。
2018,2377,電腦及週邊設備業,2147,2984060,1390,,7.15,1200,2.73,,,,
2018,2379,半導體業,3356,6688866,1993,,8.57,1228,7.24,,,,
2018,2380,電腦及週邊設備業,389,316065,813,,-2.05,1200,2.73,,,,
2018,2382,電腦及週邊設備業,5660,8464082,1495,,3.92,1200,2.73,,,,
2018,2383,電子零組件業,858,657964,767,,5.48,786,5.37,,True,,一、配合政府一例一休政策，重新規劃人力配置，並適度增加人力編制，增加就業機會。二、減少平/假日加班需求，員工有更充份時間進行休閒活動，降低過勞風險。
2018,2385,電子零組件業,652,970198,1488,,5.22,786,5.37,,,,
2018,2387,電腦及週邊設備業,226,175599,777,,0.62,1200,2.73,,,,
2018,2388,半導體業,453,624138,1378,,0.14,1228,7.24,,,,
2018,2390,其他電子業,65,46625,717,,-0.81,1192,7.41,,,,
2018,2392,電子零組件業,744,757770,1019,,1.2,786,5.37,,,,
2018,2393,光電業,1603,1120259,699,,1.8,823,1.04,,True,,億光公司以產業特性兼顧外部競爭、內部公平為前提，提供多元並具競爭力的薪酬制度，秉持員工利潤共享的理念，留任、培育與激勵優秀人才。配合營運績效表現，億光公司整體薪酬在同產業以維持在一定的水準而努力。
2018,2395,電腦及週邊設備業,2905,2907564,1001,,9.02,1200,2.73,,True,,"本公司薪酬結構除本薪,另有績效獎金、員工分紅及發行員工股票選擇權,將公司經營績效與員工薪酬緊密連結. 本公司在臺灣設有生產基地,占全球產能一半,共有2,913位員工,其中38%服務於製造體系,反映於公司平均薪資上."
2018,2397,電腦及週邊設備業,582,446780,768,,5.28,1200,2.73,,True,,因近二成人力為外籍勞工，故計算至員工平均薪資數，表現略低於同業水準。惟本公司仍致力於全體員工其它有形及無形福利，包括多元活動舉辦、員工關懷、職涯發展等。期許用永續經營理念，提升基層員工待遇。
2018,2399,電腦及週邊設備業,136,108976,801,,-1.37,1200,2.73,,,,
2018,2401,半導體業,264,377426,1430,,0.01,1228,7.24,,,,
2018,2402,電子零組件業,111,70829,638,,0.47,786,5.37,,,,
2018,2404,其他電子業,610,831465,1363,,9.42,1192,7.41,,,,
2018,2405,電腦及週邊設備業,278,228643,822,,-0.4,1200,2.73,,,,
2018,2406,光電業,485,259131,534,,-4.21,823,1.04,,,,
2018,2408,半導體業,2769,4966035,1793,,12.8,1228,7.24,,,,
2018,2409,光電業,23247,22758055,979,,1.06,823,1.04,,,,
2018,2412,通信網路業,21981,32824350,1493,,4.58,1119,2.93,,,,
2018,2413,電子零組件業,584,265383,454,,0.05,786,5.37,True,,,本公司非擔任主管職務之全時員工人力結構：作業員28%、助理職33%、管理&工程職22％，非擔任台財證三字第920001301號函令規定經理人之主管職人數為17%；作業員與助理職佔全公司人數達61%，本公司屬勞力密集產業。
2018,2414,電子通路業,360,274085,761,,1.58,899,3.73,,,,
2018,2415,電子零組件業,21,20699,986,,1.26,786,5.37,,,,
2018,2417,電腦及週邊設備業,168,173450,1032,,0.03,1200,2.73,,,,
2018,2419,通信網路業,186,208090,1119,,0.81,1119,2.93,,,,
2018,2420,電子零組件業,574,334610,583,,3.26,786,5.37,,,,
2018,2421,電子零組件業,499,428964,860,,2.41,786,5.37,,,,
2018,2423,其他電子業,358,337065,942,,2.37,1192,7.41,,,,
2018,2424,電腦及週邊設備業,12,8514,710,,-1.38,1200,2.73,,,,
2018,2425,電腦及週邊設備業,13,8339,641,,2.39,1200,2.73,,,,
2018,2426,光電業,696,382937,550,,1.79,823,1.04,,True,,1.107年度公司EPS含業外收入為1.79較同業佳，扣除業外收入後為0.55，獲利表現未高於同業平均。2.光電產業分類廣泛，本司為電子零組件產業，以台灣生產為主，生產人員佔總人數約63%，故薪資平均數並未高於同業水準。
2018,2427,資訊服務業,611,440213,720,,0.63,879,2.13,,,,
2018,2428,電子零組件業,375,250536,668,,7.67,786,5.37,,True,,本公司EPS 7.67元，海外子公司貢獻5.05元。直接人員約242人佔員工人數65%，平均薪資515仟元；間接人員含技術、研發、管理人員約133人，平均薪資947仟元。本公司屬勞力密集產業員工薪酬及公司經營績效配置應屬合理。
2018,2429,光電業,54,21477,398,,-0.45,823,1.04,True,,,本公司非擔任主管職務之全時員工(年度)薪資平均數未達50萬元，係因整體經營環境不佳，雖有發放年終獎金，但因接單量未明顯上升，員工無需加班，故員工平均薪資未達50萬元。
2018,2430,電子通路業,1797,1049335,584,,1.34,899,3.73,,,,
2018,2431,電子零組件業,69,55126,799,,-1.71,786,5.37,,,,
2018,2433,其他電子業,417,288622,692,,3.66,1192,7.41,,,,
2018,2434,半導體業,129,64485,500,,-2.56,1228,7.24,,,,
2018,2436,半導體業,268,284738,1062,,0.86,1228,7.24,,,,
2018,2438,光電業,27,13933,516,,0.09,823,1.04,,,,
2018,2439,通信網路業,716,655629,916,,10.47,1119,2.93,,True,,因每間公司的產業型態不同(本公司非屬電信業者)、服務客戶、產品、相關技術不盡相同，實際營運與組織功能(本公司非屬品牌公司)有落差，獲利情形及股本不盡相同，經試算本公司平均薪資占整體獲利與同業差異不大。
2018,2440,電子零組件業,20,16176,809,,-0.42,786,5.37,,,,
2018,2441,半導體業,3427,2566431,749,,4.18,1228,7.24,,,,
2018,2442,電腦及週邊設備業,39,36503,936,,3.46,1200,2.73,,True,,1.108年度調薪作業已完成，依同仁貢獻度、績效表現為參考方向。今年調薪人數比率達63%，調幅約3%。2.年終獎金、員工酬勞則依同仁貢獻度、績效表現呈差異化分配方式。
2018,2443,其他,36,27317,759,,-2.34,781,3.69,,,,
2018,2444,通信網路業,494,231012,468,,-0.96,1119,2.93,True,,,"因107年在被動元件缺料狀況下無法齊料生產,導致營收下降發生虧損,減少獎金發放,使非擔任主管職務之全時員工(年度)薪資平均數未達50萬,另外勞人力約佔總員工數26%,其薪資本原就較低,相對影響統計後之平均薪資."
2018,2449,半導體業,5496,3782001,688,,1.47,1228,7.24,,,,
2018,2450,通信網路業,2796,1654590,592,,1.59,1119,2.93,,,,
2018,2451,半導體業,1126,821423,730,,4.83,1228,7.24,,,,
2018,2453,資訊服務業,896,743001,829,,0.63,879,2.13,,,,
2018,2454,半導體業,6155,16650764,2705,,13.26,1228,7.24,,,,
2018,2455,通信網路業,209,174100,833,,2.16,1119,2.93,,,,
2018,2456,電子零組件業,790,469513,594,,11.54,786,5.37,,True,,107年非擔任主管職務之全時員工，多為產線人員，去年間接管理人員年平均薪資福利金額超過百萬元，優於法規基本工資甚多，且上述金額未包含員工認股權及其他紅利、獎金。本公司整體員工薪資與福利並未低於其他同業。
2018,2457,電子零組件業,485,409864,845,,-0.73,786,5.37,,,,
2018,2458,半導體業,881,1368397,1553,,4.16,1228,7.24,,,,
2018,2459,其他電子業,67,62084,927,,4.03,1192,7.41,,,,
2018,2460,電子零組件業,133,66567,501,,-0.53,786,5.37,,,,
2018,2461,其他電子業,101,65740,651,,0.41,1192,7.41,,,,
2018,2462,電子零組件業,45,33930,754,,0.08,786,5.37,,,,
2018,2464,其他電子業,959,1118297,1166,,4.88,1192,7.41,,,,
2018,2465,電腦及週邊設備業,274,217240,793,,-1.12,1200,2.73,,,,
2018,2466,光電業,104,63972,615,,0.02,823,1.04,,,,
2018,2467,電子零組件業,325,350219,1078,,3.73,786,5.37,,,,
2018,2468,資訊服務業,280,185754,663,,0.61,879,2.13,,,,
2018,2471,資訊服務業,259,263458,1017,,1.21,879,2.13,,,,
2018,2472,電子零組件業,86,74782,870,,4.42,786,5.37,,,,
2018,2474,其他電子業,3158,2067875,655,,36.31,1192,7.41,,True,,電子業產品生產型態不相同，人力結構組成就不相同，台灣可成直接人力佔全公司比重約60%，因此在年薪呈現上會較許多電子業在台灣是以研發為主的公司低。2018年的直接人力比上年度增加，因此在年薪呈現上會稍微降低。
2018,2476,電子零組件業,612,394187,644,,1.58,786,5.37,,,,
2018,2477,其他電子業,115,91473,795,,0.86,1192,7.41,,,,
2018,2478,電子零組件業,645,508708,789,,7.26,786,5.37,,,,
2018,2480,資訊服務業,428,404094,944,,3.8,879,2.13,,,,
2018,2481,半導體業,1396,791626,567,,2.41,1228,7.24,,,,
2018,2482,其他電子業,260,179789,691,,0.06,1192,7.41,,,,
2018,2483,電子零組件業,541,266807,493,,1.5,786,5.37,True,,,"本公司於台灣設置三個生產基地,由於產品生產線人力之需求,107年度任職滿六個月以上之外籍員工達126人,外籍員工薪資低於員工平均薪資,以致整體員工平均薪資降低."
2018,2484,電子零組件業,654,340121,520,,1.63,786,5.37,,,,
2018,2485,通信網路業,1112,598258,538,,0.93,1119,2.93,,,,
2018,2486,光電業,721,421987,585,,-0.56,823,1.04,,,,
2018,2488,其他電子業,152,117033,770,,3.65,1192,7.41,,,,
2018,2489,光電業,275,297085,1080,,0.19,823,1.04,,,,
2018,2491,光電業,7,3113,445,,-0.41,823,1.04,True,,,本公司目前所屬產業競爭加速，致市場成長面臨挑戰，整體經營環境仍具艱辛，截至107年底尚有待彌補虧損，故非擔任主管職務之全時員工年度薪資平均數未達主管機關之要求，將考量未來產業營運轉型情況適時調整之。
2018,2492,電子零組件業,2130,2010105,944,,40.75,786,5.37,,,,
2018,2493,電子零組件業,255,208824,819,,3.0,786,5.37,,,,
2018,2495,其他電子業,423,365019,863,,0.43,1192,7.41,,,,
2018,2496,其他,35,20130,575,,7.18,781,3.69,,True,,因投入生產製造之作業員人數佔總人數45.7%，影響整體平均薪資水平。另107年營運方針以教育為主光纖為輔，於108年7月1日起調整產業類別。未來仍秉持企業永續經營精神，將經營績效回饋員工並提升員工福祉。
2018,2497,汽車工業,499,260654,522,,-1.95,707,5.02,,,,
2018,2498,通信網路業,4993,4335614,868,,14.72,1119,2.93,,True,,HTC向來致力於提供具競爭力之薪資福利，以吸引優秀人才加入團隊，保持公司競爭優勢。應主管機關要求揭露非擔任主管職務全時員工平均薪資，若單就一般同仁〈不含製造同仁〉平均年薪為新台幣140萬元，高於同業平均。
2018,2501,建材營造,123,140672,1144,,3.11,780,1.81,,,,
2018,2504,建材營造,550,410796,747,,0.37,780,1.81,,,,
2018,2505,建材營造,55,45969,836,,-0.08,780,1.81,,,,
2018,2506,建材營造,63,50407,800,,0.51,780,1.81,,,,
2018,2509,建材營造,40,48645,1216,,5.7,780,1.81,,,,
2018,2511,建材營造,211,158430,751,,0.77,780,1.81,,,,
2018,2514,其他,21,14848,707,,0.05,781,3.69,,,,
2018,2515,建材營造,799,530539,664,,0.24,780,1.81,,,,
2018,2516,建材營造,690,449367,651,,0.3,780,1.81,,,,
2018,2520,建材營造,74,72711,983,,1.03,780,1.81,,,,
2018,2524,建材營造,30,25094,836,,1.29,780,1.81,,,,
2018,2527,建材營造,28,22472,803,,1.6,780,1.81,,,,
2018,2528,建材營造,16,9168,573,,-0.4,780,1.81,,,,
2018,2530,建材營造,26,24496,942,,0.1,780,1.81,,,,
2018,2534,建材營造,70,49806,712,,4.07,780,1.81,,True,,宏盛建設99年起每股盈餘低於同業，102及103年更降至(0.25)及(0.4)，104~105年稍有起色，由負轉正為0.68~1.46，因累積虧損年度較長，故107年整體薪資發放傾向保守。
2018,2535,建材營造,491,503329,1025,,2.29,780,1.81,,,,
2018,2536,建材營造,23,25855,1124,,1.34,780,1.81,,,,
2018,2537,建材營造,21,16159,769,,0.09,780,1.81,,,,
2018,2538,建材營造,7,7474,1068,,0.1,780,1.81,,,,
2018,2539,建材營造,30,25241,841,,1.1,780,1.81,,,,
2018,2540,建材營造,105,125446,1195,,1.26,780,1.81,,,,
2018,2542,建材營造,207,216216,1045,,6.01,780,1.81,,,,
2018,2543,建材營造,691,381826,553,,-2.16,780,1.81,,,,
2018,2545,建材營造,36,32360,899,,2.59,780,1.81,,,,
2018,2546,建材營造,669,501448,750,,3.84,780,1.81,,True,,薪酬統計母群包含支領基本工資的外籍勞工(佔總人數3成)，本公司引進外籍勞工主係考量公共工程的進度里程碑、解決下包商人力短缺現況，以實現對業主承諾。因前述引進外籍勞工，影響本地員工薪資平均數約降低3成。
2018,2547,建材營造,103,91762,891,,3.77,780,1.81,,,,
2018,2548,建材營造,54,50164,929,,3.12,780,1.81,,,,
2018,2596,建材營造,9,6154,684,,3.64,812,1.27,,True,,"本公司因以自有資金購入土地與支付營建之需求, 未免於資金周轉融通借貸增加負債，以保守穩健的永續經營模式，最終仍以達到照顧員工之最大目的。"
2018,2597,建材營造,553,476922,862,,4.9,780,1.81,,,,
2018,2601,貿易百貨,32,27937,873,,0.01,784,3.29,,,,
2018,2603,航運業,1483,1571064,1059,,0.07,1149,0.62,,,,
2018,2605,航運業,38,52083,1371,,0.11,1149,0.62,,,,
2018,2606,航運業,216,271945,1259,,1.97,1149,0.62,,,,本公司授權董事會參酌國內外散裝航運同業與上市公司之水準，制定酬金評核程序；每年度依公司之經營績效規劃年度調薪預算，並依公司章程所訂比例配發員工酬勞，故員工獎酬與公司經營績效及風險控管呈高度關聯性。
2018,2607,航運業,1015,845117,833,,0.81,1149,0.62,,True,,上市公司航運業涵蓋海運、航空及陸運三大類，因市場規模及行業特性所需之專業技能不同，薪酬行情亦有差異，海運業海勤人員及航空業機師、空服員薪資本較陸運業人員高，以陸運業而言，本公司薪酬並未低於同業水準。
2018,2608,航運業,4249,2718221,640,,2.61,1149,0.62,,True,,本公司屬航運業，但以陸運為主軸，與空、海運業實屬不同行業性質，且本公司基層勞力員工較多，其平均薪資本就難高於高技術含量人員較多之空、海運業。
2018,2609,航運業,1480,1471529,994,,-2.53,1149,0.62,,,,
2018,2610,航運業,10822,16636506,1537,,0.33,1149,0.62,,,,
2018,2611,航運業,43,24065,560,,0.29,1149,0.62,,,,
2018,2612,航運業,46,52939,1151,,2.6,1149,0.62,,,,
2018,2613,航運業,648,396119,611,,0.53,1149,0.62,,,,
2018,2614,其他,250,250725,1003,,1.74,781,3.69,,,,
2018,2615,航運業,989,1107740,1120,,0.5,1149,0.62,,,,
2018,2616,油電燃氣業,1104,804214,728,,1.76,1170,5.48,,,,
2018,2617,航運業,288,241077,837,,2.29,1149,0.62,,True,,本公司因外籍乙籍船員人數比例高，其薪資遠低於本國籍陸/海員工，致統計數字偏差。
2018,2618,航運業,8393,12761648,1521,,1.5,1149,0.62,,,,
2018,2630,航運業,973,590559,607,,0.13,1149,0.62,,,,
2018,2633,航運業,4355,3865345,888,,1.9,1149,0.62,,True,,本公司每年視經營成果發放年終與績效獎金，並已連續四年調薪，較諸人力結構、職務特性與一般市場薪酬行情，已具足夠競爭力。另於產業特性、經營區域及獎酬政策等與航運業相較皆非公允，薪資水準難有客觀一致標準。
2018,2634,航運業,5087,5380142,1058,,2.22,1149,0.62,,True,,漢翔公司股本相對同業為小，在穩定獲利下EPS相對同業高；且近年因應退休潮經驗傳承需求，大量進用新進人力，致人員平均薪資降低。
2018,2636,航運業,289,213343,738,,3.07,1149,0.62,,True,,本公司員工與同業員工組成結構差異較大，本公司同業大多為航空公司及船公司，其員工結構為機師、空姐、船員，以及航太業專門技術人員等，屬於工時長、風險性高或技術門檻較高之職務，因此其薪資原本就較一般公司高。
2018,2640,其他,371,221722,598,,4.51,592,2.0,,True,,本公司屬傳統產業，且行業特性較為特殊，薪資水平較難與公司經營績效有明確的關聯性。
2018,2641,航運業,32,19706,616,,0.62,744,1.63,,,,
2018,2642,航運業,1743,956292,549,,0.72,1149,0.62,,True,,路線貨運公會成員包括：統一速達、新竹物流、嘉里大榮、中連、通盈、祥億及我司。證交所類別與路線貨運公會有差異。我司員工以3.5頓貨車司機為主，市場行情年均薪資42~48萬，我司年均薪資54.9萬。
2018,2643,航運業,69,41038,595,,2.81,744,1.63,,,,
2018,2701,觀光事業,19,8131,428,,0.73,552,1.38,True,,,本公司營收來自租賃及育樂，租賃之招商、訂定係主管之職責，而育樂收入係受院線片強檔卡司陣容等因素影響。非主管之員工多從事一般事務工作，除有固定薪資保障外，並享有年終獎金、退休金、勞健保等一般員工福利。
2018,2702,觀光事業,89,34347,386,,2.08,552,1.38,True,True,,依據106年工業及服務業受僱員工全年總薪資中位數及分布統計結果，住宿及餐飲業全年總薪資中位數35萬，107年度非擔任主管職務之全時員工(年度)薪資平均數38.6萬，平均每月約3.2萬元，優於法定最低工資。
2018,2704,觀光事業,1214,684153,564,,1.1,552,1.38,,,,
2018,2705,觀光事業,1399,655683,469,,-3.87,552,1.38,True,,,近年集團整體營運尚屬虧損狀態，故除法令要求及績效調薪外無法全面調薪外，連帶影響年終發放及福利給予能力，另離職率偏高，新人進用及建教生/實習生補充運用比率提升，致整體(年度)薪資平均數較低。
2018,2706,觀光事業,38,15865,418,,0.86,552,1.38,True,,,本公司營業收入來自租賃及旅遊，租賃之作業由主管負責，旅遊收入係受大環境及政府政策推動所影響。本公司非主管員工係從事一般基本工作，除有固定薪資保障，並享有津貼、員工酬勞、退休金、勞健保等福利。
2018,2707,觀光事業,1213,711826,587,,10.8,552,1.38,,,,
2018,2712,觀光事業,292,125981,431,,-0.3,552,1.38,True,,,"1.員工核薪依據公司薪資架構級距核訂2.飯店產業人力為基層員工居多,佔公司人數半數以上3.每年任用實習生約有40位,其薪資為法定薪資,亦會拉低均薪4.去年公司虧損,為照顧同仁,虧損狀態仍平均發給1個月的年終獎金"
2018,2718,觀光事業,157,66493,424,,-0.47,489,0.56,True,,,本公司提供住宿及餐飲服務屬勞力密集產業，需大量基層員工方能支應。另會與大專院校簽定學生實習合約，薪資經教育部及校方同意。基層員工及實習生占比為42%，扣該部分後全員平均薪資為50.4萬元，尚符合一般薪資水準
2018,2719,觀光事業,379,189475,500,,-2.96,489,0.56,,,,
2018,2722,觀光事業,430,156832,365,,0.19,552,1.38,True,,,"本公司為一般旅館業及餐館業,著重現場服務品質及配合政府推行建教合作,偏重於基層服人員較多,故薪資平均數較低.107年度本公司新增營運據點及合併子公司,合併公司淨利較去年同期減少,故每股盈餘較去年同期減少。"
2018,2727,觀光事業,3294,1782045,541,,4.52,552,1.38,,True,,1.107年獲利較106年減少24.8%，但員工整體調薪約5.2%2.公司每月淨利提撥固定比例回饋員工、及年度年終獎金；若淨利率達成率100%以上另增發年終獎金。
2018,2729,觀光事業,1273,674869,530,,15.17,489,0.56,,,,
2018,2731,觀光事業,2222,1297677,584,,3.66,552,1.38,,,,
2018,2732,觀光事業,192,103250,538,,4.46,489,0.56,,,,
2018,2734,觀光事業,137,57676,421,,-2.75,489,0.56,True,,,本公司員工薪酬係同時考量公司營運績效、未來產業景氣波動之風險，以及本公司未來經營可能面臨之營運風險、交易風險、財務風險等因素訂定薪酬之金額。
2018,2736,觀光事業,253,87452,346,,-0.62,489,0.56,True,,,本公司薪資除遵照勞動基準法相關規定外，員工之核薪主要係依其職位、學歷、經歷等因素，並依照本公司薪資管理辦法之核定薪資，另基於飯店業產業特性，基層員工人數佔比較大。
2018,2739,觀光事業,1608,886957,552,,1.02,552,1.38,,,,
2018,2740,觀光事業,128,59724,467,,-4.34,489,0.56,True,,,因非經理人全時員工中一半以上都是部分工時人員，及107年度本公司未獲利，未發放年終績效獎金，所以每個工作夥伴給予之平均月薪為3.88萬，全年度為46.56萬，雖低於50萬以下，但仍高於餐飲業平均薪資中位數之上。
2018,2745,觀光事業,663,315251,475,,0.41,489,0.56,True,,,本公司屬勞力密集產業，基層勞力以業務人員為主。除固定底薪外，每月薪資約50%來自業績獎金。獎金易受推出產品利潤而波動，本公司主力商品為短程線，相對利潤較低。依此，所得中的獎金佔比間接影響整體薪資。
2018,2748,觀光事業,446,218864,491,,3.22,552,1.38,True,True,,本公司營收以餐飲為主，餐飲服務人員流動性高，具經驗之資深員工較少所致。
2018,2801,金融保險業,5988,7655840,1279,,1.29,1155,1.65,,,,
2018,2809,金融保險業,812,576545,710,,2.51,1155,1.65,,True,,本行已實施員工持股信託，不含經理人員工持股達9915千股，市值達3.29億元，且每年尚有三千萬元以上的業務推廣費補貼。股票增值及業務推廣費部分雖未列入薪資所得，但均為員工實質所得。
2018,2812,金融保險業,2014,2163384,1074,,1.18,1155,1.65,,,,
2018,2816,金融保險業,994,949957,956,,2.84,1155,1.65,,True,,"1.員工薪酬除固定薪資,另依年度經營績效及個人績效核發年終獎金與員工酬勞。2.依本公司章程第35條之1規定,年度如有獲利,應提撥1%-5%為員工酬勞。本公司依章程規定經董事會討論提撥107年度稅後盈餘1.4%為員工酬勞。"
2018,2820,金融保險業,128,186180,1455,,0.99,1155,1.65,,,,
2018,2823,金融保險業,1867,1593505,854,,2.54,1155,1.65,,True,,金融保險業涵蓋之行業範圍廣，業態不盡相同，壽險業僱用基層保單行政及推廣人員之比例較高，故平均薪資呈現亦不同。本公司每股盈餘較去年成長，員工平均薪資、獎金皆隨之成長，與壽險同業比較，薪酬合理。
2018,2832,金融保險業,788,740884,940,,1.55,1155,1.65,,,,
2018,2834,金融保險業,4664,6165749,1322,,1.19,1155,1.65,,,,
2018,2836,金融保險業,921,1048139,1138,,0.46,1155,1.65,,,,
2018,2838,金融保險業,3433,2518102,733,,1.07,1155,1.65,,,,
2018,2841,建材營造,63,71696,1138,,0.54,780,1.81,,,,
2018,2845,金融保險業,2138,2497959,1168,,1.08,1155,1.65,,,,
2018,2849,金融保險業,1389,1193945,860,,1.26,1155,1.65,,,,
2018,2850,金融保險業,1684,1729179,1027,,5.6,1155,1.65,,True,,因產險業需考量重大巨災應變，基於企業風險管控、平衡未來股利政策，薪資調整係依據長期營運績效與貢獻衡量。未來本公司仍秉持企業永續經營精神，將經營績效回饋股東與員工，並提升員工福祉。
2018,2851,金融保險業,116,132396,1141,,1.78,1155,1.65,,True,,"本公司所申報之員工薪資平均數並未包括職工福利委員會發放給員工之各項津貼及補助。若加計前述金額後所得出之非擔任主管職務之全時員工薪資平均數應為1,166仟元，並未低於同業水準。"
2018,2852,金融保險業,801,818352,1022,,1.63,1155,1.65,,,,
2018,2855,金融保險業,1390,1274687,917,,0.87,1155,1.65,,,,
2018,2867,金融保險業,1492,1229801,824,,-0.14,1155,1.65,,,,
2018,2880,金融保險業,8876,10928695,1231,,1.27,1155,1.65,,,,
2018,2881,金融保險業,13890,17387197,1252,,4.52,1155,1.65,,,,
2018,2882,金融保險業,19710,24227418,1229,,3.95,1155,1.65,,,,
2018,2883,金融保險業,6366,6217584,977,,0.54,1155,1.65,,,,
2018,2884,金融保險業,7604,7618090,1002,,1.58,1155,1.65,,,,
2018,2885,金融保險業,9128,9823691,1076,,1.59,1155,1.65,,,,
2018,2886,金融保險業,7008,10098679,1441,,2.07,1155,1.65,,,,
2018,2887,金融保險業,7238,8216403,1135,,1.09,1155,1.65,,,,
2018,2888,金融保險業,14398,13819082,960,,0.89,1155,1.65,,,,
2018,2889,金融保險業,1225,1129559,922,,0.72,1155,1.65,,,,
2018,2890,金融保險業,6490,7007897,1080,,0.84,1155,1.65,,,,
2018,2891,金融保險業,11853,16344030,1379,,1.85,1155,1.65,,,,
2018,2892,金融保險業,7585,9366371,1235,,1.4,1155,1.65,,,,
2018,2897,金融保險業,729,884140,1213,,0.4,1155,1.65,,,,
2018,2901,貿易百貨,28,20936,748,,0.43,784,3.29,,,,
2018,2903,貿易百貨,1253,868175,693,,0.94,784,3.29,,,,
2018,2904,其他,57,36869,647,,1.72,781,3.69,,,,
2018,2905,貿易百貨,1494,1231529,824,,0.43,784,3.29,,,,
2018,2906,貿易百貨,134,69725,520,,0.17,784,3.29,,,,
2018,2908,貿易百貨,328,304960,930,,0.8,784,3.29,,,,
2018,2910,貿易百貨,49,29245,597,,0.51,784,3.29,,,,
2018,2911,貿易百貨,926,426002,460,,-0.45,784,3.29,True,,,1公司屬勞力密集零售服務業，店櫃銷售人員佔比高達70%。2基層人員薪資結構為固定薪+獎金+加班費，固定薪資佔70%與市場結構相當。3依經營績效發放業績獎金，107年度營運虧損無員工酬勞，業績獎金及年終獎金有限。
2018,2912,貿易百貨,5506,5244690,953,,9.82,784,3.29,,,,
2018,2913,貿易百貨,256,146331,572,,-0.05,784,3.29,,,,
2018,2915,貿易百貨,866,353680,408,,13.55,784,3.29,True,True,,"本公司獲利中轉投資收益佔比較高,若排除轉投資收益則獲利未能優於同業;又所營紡織廠及量販店等屬人力需求較高行業,因受景氣等因素的影響經營績效不佳,員工薪酬亦受影響。本公司將盡力提升營運績效,增進員工福祉。"
2018,2916,貿易百貨,563,261521,465,,1.53,581,4.87,True,,,本公司係零售服務業，銷售人員占比高，其給薪方式為基本薪資加業績獎金，獎金的多寡依銷售額與目標達成計算，會受到景氣好壞及服飾類商品消費意願的影響。依本公司營運狀況，平均薪資465仟元與現況相符，故屬合理。
2018,2926,文化創意業,697,432393,620,,7.32,737,3.52,,True,,依中華民國103年3月19日文創字第10330059511號令，「文化創意業」之內容及範圍含十六類業別，各類別中各公司經營業態、工作方式與人力結構十分多元，故以此平均值不易衡量本公司經營績效與員工薪酬之關聯及合理性。
2018,2937,貿易百貨,211,127361,604,,1.35,581,4.87,,,,
2018,3002,電腦及週邊設備業,30,26563,885,,-0.28,1200,2.73,,,,
2018,3003,電子零組件業,641,378534,591,,3.08,786,5.37,,,,
2018,3004,鋼鐵工業,389,304651,783,,5.72,1115,1.57,,True,,"公司生產航太及工業扣件產品的製造業(屬傳統),人力結構以現場人力居多,現每月給付現場同仁薪資應屬具競爭性,近幾年積極擴充產能及人力,將持續改善績效評核制度及獎酬制度,以利穩定人才並使人員獲利也可持續攀升."
2018,3005,電腦及週邊設備業,505,810765,1605,,3.83,1200,2.73,,,,
2018,3006,半導體業,401,737149,1838,,2.52,1228,7.24,,,,
2018,3008,光電業,5912,7718049,1305,,181.67,823,1.04,,,,非擔任主管職務之全時員工薪資-平均數 (不含外籍勞工):1702仟元/人
2018,3010,電子通路業,378,489307,1294,,5.82,899,3.73,,,,
2018,3011,電子零組件業,50,35443,709,,-0.3,786,5.37,,,,
2018,3013,電腦及週邊設備業,66,56617,858,,0.65,1200,2.73,,,,
2018,3014,半導體業,414,719990,1739,,3.08,1228,7.24,,,,
2018,3015,電子零組件業,768,608974,793,,0.4,786,5.37,,,,
2018,3016,半導體業,605,542484,897,,1.57,1228,7.24,,,,
2018,3017,電腦及週邊設備業,400,326013,815,,2.01,1200,2.73,,,,
2018,3018,其他電子業,112,63395,566,,-2.17,1192,7.41,,,,
2018,3019,光電業,728,587108,806,,3.89,823,1.04,,True,,"係因本公司非擔任主管職務之全時員工資訊包含本國人及外藉人士，扣除外藉人士，本國人薪資總額為548,074仟元，員工人數加權平均為640人，員工薪資-平均數(仟元/人)為856仟元，優於同業平均薪資815仟元。"
2018,3021,電子零組件業,143,92545,647,,1.3,786,5.37,,,,
2018,3022,電腦及週邊設備業,433,373079,862,,2.87,1200,2.73,,True,,電腦及週邊設備業之產品及其技術層次種類繁多且分布較廣，因本公司部分產品仍在台自行生產，且部分技術研發為整合來自其他關聯企業資源，因此相應人力需求結構及其成本可能相較同業有所不同。
2018,3023,電子零組件業,570,388107,681,,6.26,786,5.37,,True,,員工除領取固定薪資外，公司也於第一季與第三季發放績效獎金。績效獎金具即時激勵性與高度績效關聯性，不但反映公司整體經營獲利，也會依個人績效表現予以核發，使經營績效結果與員工薪資獎酬形成合理之連動。
2018,3024,光電業,48,32627,680,,0.53,823,1.04,,,,
2018,3025,通信網路業,135,123530,915,,0.02,1119,2.93,,,,
2018,3026,電子零組件業,835,722515,865,,17.61,786,5.37,,,,
2018,3027,通信網路業,116,86182,743,,1.67,1119,2.93,,,,
2018,3028,電子通路業,268,227929,850,,1.9,899,3.73,,,,
2018,3029,資訊服務業,175,160861,919,,2.06,879,2.13,,,,
2018,3030,其他電子業,411,472900,1151,,4.51,1192,7.41,,,,
2018,3031,光電業,69,49483,717,,0.58,823,1.04,,,,
2018,3032,電子零組件業,107,114323,1068,,3.7,786,5.37,,,,
2018,3033,電子通路業,423,467648,1106,,1.83,899,3.73,,,,
2018,3034,半導體業,2019,5133164,2542,,10.5,1228,7.24,,,,
2018,3035,半導體業,574,938275,1635,,1.06,1228,7.24,,,,
2018,3036,電子通路業,642,778989,1213,,5.02,899,3.73,,,,
2018,3037,電子零組件業,9720,6693735,689,,1.15,786,5.37,,,,
2018,3038,光電業,817,427962,524,,0.71,823,1.04,,,,
2018,3040,其他,6,4167,695,,1.31,781,3.69,,,,
2018,3041,半導體業,223,365956,1641,,-2.58,1228,7.24,,,,
2018,3042,電子零組件業,909,585796,644,,2.08,786,5.37,,,,
2018,3043,其他電子業,206,98505,478,,-0.01,1192,7.41,True,,,"因營業規模縮小,故獎金以及紅利金額減少,踏實穩健的經營,為公司奠定堅定獲利基礎,提升員工工作績效,予以公平、合理的薪酬,可以吸引、留住優秀人才,"
2018,3044,電子零組件業,1220,891987,731,,9.4,786,5.37,,True,,本公司員工薪酬係參考印刷電路板同業薪酬水準並依廠區職級與營運貢獻度按公司人事薪酬相關規則所議定；另，依公司章程第卅二條規定於年度獲利中提撥6%~18%為員工酬勞。
2018,3045,通信網路業,3703,3848365,1039,,5.01,1119,2.93,,True,,本公司每年會依照營運目標達成率核定年終獎金、員工酬勞與年度調薪率，以獎勵同仁之貢獻，員工之獎酬在業界具競爭力。相較於同業，本公司員工之年資與年齡較輕，這是影響人事費用多寡原因之一。
2018,3046,電腦及週邊設備業,97,93405,963,,-0.19,1200,2.73,,,,
2018,3047,通信網路業,315,286974,911,,-0.15,1119,2.93,,,,
2018,3048,電子通路業,328,352657,1075,,1.09,899,3.73,,,,
2018,3049,光電業,273,182489,668,,0.25,823,1.04,,,,
2018,3050,光電業,224,128711,575,,0.41,823,1.04,,,,
2018,3051,光電業,588,303203,516,,-0.32,823,1.04,,,,
2018,3052,建材營造,122,77799,638,,-0.68,780,1.81,,,,
2018,3054,半導體業,23,18851,820,,0.01,1228,7.24,,,,
2018,3055,電子通路業,109,148364,1361,,0.85,899,3.73,,,,
2018,3056,建材營造,53,46467,877,,1.46,780,1.81,,,,
2018,3057,電腦及週邊設備業,259,258928,1000,,-0.4,1200,2.73,,,,
2018,3058,電子零組件業,126,96742,768,,-0.94,786,5.37,,,,
2018,3059,光電業,164,202253,1233,,0.48,823,1.04,,,,
2018,3060,電腦及週邊設備業,427,294852,691,,-2.39,1200,2.73,,,,
2018,3062,通信網路業,201,196182,976,,0.51,1119,2.93,,,,
2018,3064,文化創意業,235,170302,725,,-2.03,737,3.52,,,,
2018,3066,光電業,35,19118,546,,-0.02,730,-0.26,,True,,"公司本年度為虧損,故不發放年終獎金發放,惟非經理人之員工薪資平均數高於50萬元。"
2018,3067,其他電子業,24,13633,568,,-0.94,710,1.96,,,,
2018,3071,電腦及週邊設備業,147,100313,682,,1.61,769,2.63,,,,
2018,3073,半導體業,9,5515,613,,-0.54,970,4.11,,,,
2018,3078,電子零組件業,104,101434,975,,2.77,657,1.96,,,,
2018,3081,通信網路業,260,243513,937,,7.71,718,1.35,,,,
2018,3083,文化創意業,199,135571,681,,0.45,737,3.52,,,,
2018,3085,電子商務,26,17059,656,,-2.58,639,-0.74,,,,
2018,3086,文化創意業,53,28784,543,,-0.99,737,3.52,,,,
2018,3088,電腦及週邊設備業,485,445582,919,,5.12,769,2.63,,,,
2018,3089,電子零組件業,11,6697,609,,0.24,657,1.96,,,,
2018,3090,電子零組件業,129,112849,875,,8.56,786,5.37,,,,
2018,3092,電子零組件業,8,8667,1083,,5.54,786,5.37,,,,
2018,3093,其他電子業,117,93115,796,,1.63,710,1.96,,,,
2018,3094,半導體業,72,80862,1123,,0.44,1228,7.24,,,,
2018,3095,通信網路業,133,91012,684,,0.18,718,1.35,,,,
2018,3105,半導體業,2582,2543971,985,,7.39,970,4.11,,,,
2018,3114,電子零組件業,55,58318,1060,,3.16,657,1.96,,,,
2018,3115,電子零組件業,18,10107,562,,-1.38,657,1.96,,,,
2018,3118,生技醫療業,116,88279,761,,1.2,681,1.32,,,,
2018,3122,半導體業,63,64434,1023,,-0.63,970,4.11,,,,
2018,3128,光電業,185,106074,573,,0.37,730,-0.26,,True,,本公司為安全監控製造廠，全部在地生產及銷售，基層員工(含外籍勞工)數佔全員人數比重超過50%，與同業生產基地外移，台灣只有研發及相關人員之公司略有不同。
2018,3130,資訊服務業,633,664766,1050,,8.51,879,2.13,,,,
2018,3131,其他電子業,149,182514,1225,,11.29,710,1.96,,,,
2018,3141,半導體業,124,131286,1059,,2.79,970,4.11,,,,
2018,3144,電子零組件業,201,124237,618,,1.64,657,1.96,,,,
2018,3147,資訊服務業,231,145263,629,,2.88,809,1.2,,True,,大綜產業類別歸屬資訊服務業，以經營類別粗略再分成軟體資訊服務及硬體資訊服務。營業毛利及軟體工程師和硬體工程師薪資水平是明顯差異，統計是依同業平均數相較，故產生如此之落差。
2018,3149,光電業,640,346980,542,,-0.64,823,1.04,,,,
2018,3152,通信網路業,258,217761,844,,10.98,718,1.35,,,,
2018,3162,電機機械,34,14441,425,,-0.5,608,2.45,True,,,"本公司為傳統製造業,工廠規模較小,非擔任主管職務員工人數34人中,直接人員占大多數,純屬勞力投入不需特殊的專業技能,故平均薪資並不高,且目前公司仍為虧損,非經理人之全時員工薪資平均數未達50萬尚屬合理。"
2018,3163,通信網路業,161,103742,644,,1.01,718,1.35,,,,
2018,3164,生技醫療業,128,71437,558,,1.78,674,1.42,,True,,"本公司107年度EPS1.78元高於同業係因處分子公司白木屋食品(股)公司股權之利益所致，該處分利益金額148,894千元，換算每股EPS為1.67元，扣除該處分利益後EPS為0.11元，並未較同業為佳。"
2018,3167,電機機械,223,169052,758,,5.42,743,1.51,,,,
2018,3169,半導體業,52,65355,1257,,2.25,970,4.11,,,,
2018,3171,貿易百貨,160,122485,766,,1.09,581,4.87,,,,
2018,3176,生技醫療業,29,24890,858,,-3.19,681,1.32,,,,
2018,3178,電機機械,678,342407,505,,2.12,608,2.45,,,,
2018,3188,建材營造,17,14453,850,,1.46,812,1.27,,,,
2018,3189,半導體業,4684,2703875,577,,0.78,1228,7.24,,,,
2018,3191,電子零組件業,11,4140,376,,-0.63,657,1.96,True,,,"台灣地區非主管階級之員工為事務型態為主,薪資架構為一般薪資為基準,公司經營績效屬業界型態,並無正比例關連性"
2018,3202,電子零組件業,60,38885,648,,0.22,657,1.96,,,,
2018,3205,生技醫療業,71,39414,555,,-2.8,681,1.32,,,,
2018,3206,電子零組件業,50,43956,879,,2.2,657,1.96,,,,
2018,3207,電子零組件業,11,6748,613,,-2.37,657,1.96,,,,
2018,3209,電子通路業,205,183297,894,,1.25,899,3.73,,,,
2018,3211,電腦及週邊設備業,109,133784,1227,,4.35,769,2.63,,,,
2018,3213,電腦及週邊設備業,290,188621,650,,3.1,769,2.63,,True,,本次薪資調查的加權員工人數為290位，因約13%之員工年資淺(未滿一年)，故使全體平均薪資略為降低。
2018,3217,電子零組件業,75,70402,939,,3.6,657,1.96,,,,
2018,3218,生技醫療業,223,154285,692,,2.12,681,1.32,,,,
2018,3219,其他電子業,8,6375,797,,-1.75,710,1.96,,,,
2018,3221,通信網路業,506,271826,537,,0.34,718,1.35,,,,
2018,3224,電子通路業,59,40669,689,,-1.01,684,0.11,,,,
2018,3226,電機機械,156,63440,407,,4.48,608,2.45,True,True,,原因簡述說明如下:1.員工結構組成，作業職之基層員工占約70%2.產線未有輪班制度，故未有相關之輪班津貼及夜間加給獎金，薪資較一般同業為低。
2018,3227,半導體業,406,973673,2398,,6.57,970,4.11,,,,
2018,3228,半導體業,75,91081,1214,,0.75,970,4.11,,,,
2018,3229,電子零組件業,234,110979,474,,-0.77,786,5.37,True,,,本公司因工廠產線環境老舊，自107年度起進行工廠整改作業，致產能未達經濟規模，本公司為撙節開支在人力招聘與各項費用皆以嚴謹態度處置，另本國及外勞結構比例為85%：15%，單以本國勞工年平均薪資計算約為50萬元。
2018,3230,光電業,24,16080,670,,-1.59,730,-0.26,,,,
2018,3231,電腦及週邊設備業,6862,8351906,1217,,1.76,1200,2.73,,,,
2018,3232,電子通路業,40,32706,818,,0.55,684,0.11,,,,
2018,3234,通信網路業,520,352774,678,,-2.5,718,1.35,,,,
2018,3236,電子零組件業,158,110223,698,,1.79,657,1.96,,,,
2018,3252,觀光事業,9,3679,409,,3.12,489,0.56,True,True,,因本公司轉換為觀光類股出清不動產存貨，僅107年EPS較高，故尚不予調整非擔任主管職務之全時員工之薪資。
2018,3257,半導體業,65,69926,1076,,1.63,1228,7.24,,,,
2018,3259,半導體業,132,143145,1084,,-0.25,970,4.11,,,,
2018,3260,半導體業,572,642555,1123,,-0.82,970,4.11,,,,
2018,3264,半導體業,1360,1200151,882,,3.31,970,4.11,,,,
2018,3265,半導體業,303,232009,766,,2.42,970,4.11,,,,
2018,3266,建材營造,62,63425,1023,,0.3,780,1.81,,,,
2018,3268,半導體業,34,20769,611,,-0.52,970,4.11,,,,
2018,3272,電腦及週邊設備業,169,146762,868,,2.44,769,2.63,,,,
2018,3276,電子零組件業,122,90495,742,,-0.26,657,1.96,,,,
2018,3284,其他,112,59486,531,,0.0,592,2.0,,,,
2018,3285,其他電子業,61,47936,786,,1.75,710,1.96,,,,
2018,3287,電腦及週邊設備業,23,12778,556,,-0.22,769,2.63,,,,公司經營績效與員工薪酬相當於同業水準
2018,3288,電子零組件業,16,12020,751,,0.13,657,1.96,,,,
2018,3289,其他電子業,727,568599,782,,-2.99,710,1.96,,,,
2018,3290,電子零組件業,11,9666,879,,1.67,657,1.96,,,,
2018,3293,文化創意業,866,795880,919,,12.51,737,3.52,,,,
2018,3294,電子零組件業,195,172992,887,,0.01,657,1.96,,,,
2018,3296,電子零組件業,140,98807,706,,1.01,786,5.37,,,,
2018,3297,光電業,164,89373,545,,-0.61,730,-0.26,,,,
2018,3303,其他電子業,425,285614,672,,2.2,710,1.96,,True,,經比對，本公司所屬行業別其他電子業公司直間接人力比約0.6，也就是間接人力較多。但我司直間接人力比則是約1.5，現場直接人力居多，主要是人力結構上的差異造成平均薪資上的落差。
2018,3305,其他電子業,171,91210,533,,0.35,1192,7.41,,,,
2018,3306,通信網路業,126,124968,992,,0.1,718,1.35,,,,
2018,3308,電子零組件業,45,27986,622,,-1.57,786,5.37,,,,
2018,3310,電子零組件業,85,41843,492,,4.64,657,1.96,True,True,,"本公司採利潤中心制作為績效獎酬依據,107年度營建事業處因林口建案交屋認列營收,經營績效優於電子事業處,因此以傳統電子事業為主員工架構下,使得本公司107年平均薪資未達50萬。"
2018,3311,通信網路業,145,142623,984,,-0.19,1119,2.93,,,,
2018,3312,電子通路業,63,54757,869,,1.28,899,3.73,,,,
2018,3313,其他,19,15028,791,,-0.33,592,2.0,,,,
2018,3317,半導體業,135,137708,1020,,2.5,970,4.11,,,,
2018,3321,電子零組件業,636,309698,487,,-3.84,786,5.37,True,,,本公司非擔任主管職務之員工(年度)薪資平均數約48.7萬元，與主管機關訂定篩選條件年度平均薪資要達50萬元，僅差額約1.3萬元，主因107年度本公司為虧損，故除發放經常性薪資，非經常性薪資發放之基數較少所致。
2018,3322,電子零組件業,61,55217,905,,3.68,657,1.96,,,,
2018,3323,電腦及週邊設備業,228,168584,739,,2.31,769,2.63,,,,
2018,3324,其他電子業,114,86944,763,,2.9,710,1.96,,,,
2018,3325,電腦及週邊設備業,26,14952,575,,-0.33,769,2.63,,,,
2018,3332,電子零組件業,331,176075,532,,2.73,657,1.96,,True,,幸康經營以客製化、少量多樣的之利基產品來滿足客戶的需求為主，市場定位差異，與同業相較獲利結構也不同且產品複雜性高，所需直接人員比率較同業為高，或因此造成非經理人全時員工薪資平均數低於同業水準之現象
2018,3338,電子零組件業,90,75047,834,,1.8,786,5.37,,,,
2018,3339,光電業,222,100595,453,,-0.23,730,-0.26,True,True,,LED市場因大陸價格競爭導致公司產能稼動率無法有效利用，依接單狀況調整人員排班，因產能不足故影響員工薪酬。
2018,3346,汽車工業,41,39098,954,,3.02,707,5.02,,,,
2018,3354,電子零組件業,63,39463,626,,1.09,657,1.96,,,,
2018,3356,光電業,219,187527,856,,0.77,823,1.04,,,,
2018,3360,電子通路業,54,49638,919,,0.58,684,0.11,,,,
2018,3362,光電業,478,256048,536,,2.36,730,-0.26,,True,,本公司在台灣包含全製程(射出、鍍膜及組裝)製造人數約占總人數70%，其他光學同業如新鉅科、玉晶光等公司其在台灣主要係以研發為主，低技術製程全都在海外廠，致本公司平均薪資低於其他光學同業。
2018,3363,通信網路業,124,87375,705,,2.48,718,1.35,,True,,"本公司107年下半年受惠於產品組合之調整,故營收及獲利同步增長。員工酬勞另訂定與營運績效結合之獎酬辦法,EPS超出訂定目標,即發放季激勵獎金及調整年終獎金等,綜上,本公司經營績效與員工薪酬之關聯性尚屬合理。"
2018,3372,半導體業,858,367918,429,,-1.4,970,4.11,True,,,影響原因如下：1.公司107年虧損，所以無依照章程提撥10%員工酬勞2.公司為製造業，員工以產線人員居多3.107年度調薪幅度&LT;3%
2018,3373,其他電子業,74,50644,684,,0.33,710,1.96,,,,
2018,3374,半導體業,1811,1241711,686,,-4.99,970,4.11,,,,
2018,3376,電子零組件業,1589,852383,536,,6.67,786,5.37,,True,,本公司員工薪酬依「公司章程」「薪給管理辦法」「績效考核辦法」「員工升遷及調薪作業辦法」，依其對公司績效貢獻度，給予合理報酬，惟本公司直接人員佔全體員工比重超過64%，致本公司薪資平均數較低。
2018,3379,電機機械,50,34090,682,,-1.03,608,2.45,,,,
2018,3380,通信網路業,1114,1027165,922,,-0.17,1119,2.93,,,,
2018,3383,光電業,410,207610,506,,-1.11,823,1.04,,,,
2018,3388,電子零組件業,95,132166,1391,,7.41,657,1.96,,,,
2018,3390,電子零組件業,334,159875,479,,1.22,657,1.96,True,,,本公司107年度獲利來源除本業營收外，主要來自業外之匯兌利益及催收款之備抵呆帳迴轉利益，本業營收因受限於軟板價格競爭激烈等市場因素導致產品利潤較低，以致本公司員工薪酬平均數略低於50萬元及同業公司。
2018,3402,其他電子業,364,261787,719,,3.56,710,1.96,,,,
2018,3406,光電業,344,260161,756,,9.38,823,1.04,,True,,1.公司有免費提供員工伙食(午餐/晚餐)，所以薪資未有代金。2.當年度到/離職者，滿半年但未足12個月，其佔比超過12%，此部份未計給員工分紅和離職者亦未發放年終獎金。
2018,3413,半導體業,316,353089,1117,,14.06,1228,7.24,,True,,1.公司獲利表現較佳係因2017-2018年景氣循環所致，使得公司營收業績成長，故導致本公司獲利提升，並非有常續性之業務擴展。2.公司已依照本年度之獲利狀況，提高員工酬勞之估列，但因上述1.之原因，未做薪資之調升。
2018,3416,電腦及週邊設備業,301,200580,666,,2.84,1200,2.73,,True,,本公司章程的員工酬勞提撥比率為5%至15%，107年度實際發放比率為8.54%。107年度調薪幅度:預計為3%，實際為3.65%，較106年度增幅達201.66%。107年度外籍移工佔員工人數為12.93%，從事於生產組裝檢測之基層作業工作。
2018,3419,通信網路業,160,122617,766,,0.59,1119,2.93,,,,
2018,3426,電機機械,51,32741,642,,3.76,608,2.45,,,,
2018,3432,電子零組件業,16,13107,819,,4.2,786,5.37,,,,
2018,3434,光電業,110,62050,564,,0.33,730,-0.26,,True,,1.光電業每家公司間產品及公司所在地不盡相同，以全上櫃光電業之數字比較較有疑義。2.本司以美金計價，去年盈餘業外收益居多，本業收益小賺。
2018,3437,光電業,1319,792793,601,,-2.68,823,1.04,,,,
2018,3438,半導體業,122,142623,1169,,-1.37,970,4.11,,,,
2018,3441,光電業,16,7884,493,,-0.59,730,-0.26,True,,,本公司主要生產營運單位均已移轉大陸，非主管職人員僅有16人，其中部分人員為庶務清潔人員，致使整體平均薪資較低。
2018,3443,半導體業,513,1129362,2201,,7.37,1228,7.24,,,,
2018,3444,電子通路業,46,46714,1016,,1.52,684,0.11,,,,
2018,3450,半導體業,725,457151,631,,4.09,1228,7.24,,,,
2018,3454,光電業,609,597215,981,,3.92,823,1.04,,,,
2018,3455,光電業,319,359593,1127,,4.77,730,-0.26,,,,
2018,3465,電子零組件業,3,1899,633,,-1.26,657,1.96,,,,
2018,3466,通信網路業,40,29964,749,,-0.46,718,1.35,,,,
2018,3479,電腦及週邊設備業,259,236137,912,,3.54,769,2.63,,,,
2018,3481,光電業,30193,23052619,764,,0.22,823,1.04,,,,
2018,3483,電腦及週邊設備業,149,93370,627,,0.8,769,2.63,,,,
2018,3484,電子零組件業,214,163689,765,,1.78,657,1.96,,,,
2018,3489,建材營造,24,17504,729,,0.54,812,1.27,,,,
2018,3490,光電業,112,86416,772,,-0.7,730,-0.26,,,,
2018,3491,通信網路業,241,154874,643,,3.99,718,1.35,,True,,1.本公司位於基隆七堵，物價相較大台北甚或之竹科之同業為低2.本公司產品生產技術含量高，維持較高比例之直接人員為關鍵3.高度客製化之利基型產品，相較同業本具獲利優勢；公司也將持續關注並在回饋員工上努力
2018,3492,電子零組件業,41,30624,747,,1.83,657,1.96,,,,
2018,3494,電腦及週邊設備業,218,150308,689,,-1.6,1200,2.73,,,,
2018,3498,其他電子業,371,239832,646,,-0.63,710,1.96,,,,
2018,3499,通信網路業,149,77193,518,,0.45,718,1.35,,,,
2018,3501,電子零組件業,248,156465,631,,5.99,786,5.37,,True,,本公司秉持根留台灣理念，在彰化仍保有工廠，主要產品為電源線，屬勞力較密集產業，申報資料中，產線直接人員為156人，約占統計人數60%，餘40%間接人員平均薪資超過同業平均薪資773仟元以上，仍具同業水準。
2018,3504,光電業,819,648275,792,,1.57,823,1.04,,True,,本公司定期參考產業人才市場之薪資水準，衡量公司薪資在就業市場競爭力。107年所申報非擔住主管職務的全時員工平均薪資低於同業平均數，推估主要係因公司直接人員約占總人數約4成所致。
2018,3508,其他電子業,74,51688,698,,-0.96,710,1.96,,,,
2018,3511,電子零組件業,76,69534,915,,1.31,657,1.96,,,,
2018,3512,電子零組件業,17,9622,566,,-0.52,657,1.96,,,,
2018,3515,電腦及週邊設備業,319,353262,1107,,4.91,1200,2.73,,True,,"1以EPS比較,易受股本影響,公司股本12.07億,明顯小於同業,雖EPS較高,但以獲利絕對金額相比,公司則可能低於同業。2多數同業基層人員較大比例在大陸等生產基地,而本公司則無。3本公司另有以限制型股票發給員工做為獎酬"
2018,3516,光電業,85,37470,441,,-1.05,730,-0.26,True,,,因本公司近三年來營運持續虧損，且接單量不足，公司員工無加班費及績效獎金，故非經理人之全時員工年度薪資平均數未達50萬元。
2018,3518,其他電子業,47,35937,765,,-4.27,1192,7.41,,,,
2018,3520,電子零組件業,17,10998,647,,0.03,657,1.96,,,,
2018,3521,電腦及週邊設備業,103,63687,618,,-0.54,769,2.63,,,,
2018,3522,觀光事業,442,234582,531,,0.32,489,0.56,,,,本公司全體員工基本工資均符合勞基法標準，每年依晉升管理辦法執行晉升及調薪之作業，會依績效考核之表現給予適當獎勵，本公司薪資結構為本薪、其他津貼、各項獎金發放，依公司經營績效回饋於公司員工。
2018,3523,光電業,63,35446,563,,-3.47,730,-0.26,,,,
2018,3526,電子零組件業,76,87760,1155,,5.23,657,1.96,,,,
2018,3527,半導體業,182,295745,1625,,7.03,970,4.11,,,,
2018,3528,電子通路業,124,115405,931,,2.71,899,3.73,,,,
2018,3529,半導體業,230,464511,2020,,8.13,970,4.11,,,,
2018,3530,半導體業,46,77930,1694,,2.17,1228,7.24,,,,
2018,3531,光電業,71,63162,890,,1.38,730,-0.26,,,,
2018,3532,半導體業,1295,1437350,1110,,9.41,1228,7.24,,True,,本公司基於穩健原則，員工薪資任用、調薪及年終獎金皆比照台塑企業，其中任用薪資及年終獎金計算已具備完整辦法可依據，調薪係考量公司整體經營狀況決定。
2018,3533,電子零組件業,80,93427,1168,,17.21,786,5.37,,,,
2018,3535,光電業,221,180126,815,,1.07,823,1.04,,True,,
2018,3536,半導體業,19,11427,601,,-0.62,1228,7.24,,,,
2018,3537,電子零組件業,47,39870,848,,2.94,657,1.96,,,,
2018,3540,電腦及週邊設備業,172,143159,832,,2.04,769,2.63,,,,
2018,3541,其他電子業,349,199009,570,,4.24,710,1.96,,True,,"本公司因產品線布局完整且品牌客戶開拓有成,營運以ODM接單生產為主,組織配置生產線員工維持在65~70人,其平均薪資較低,公司均維持年度調薪及升遷薪資調整,上述狀況歸責於公司配置產線員工所致。"
2018,3545,半導體業,362,587040,1622,,-8.66,1228,7.24,,,,
2018,3546,文化創意業,365,272377,746,,4.62,737,3.52,,,,
2018,3548,電子零組件業,417,252580,606,,7.44,657,1.96,,True,,"本公司有向勞工局合法申請超額僱用外籍人員,平均417人中外籍人員就有118人佔比28%,外籍勞工僱用是採基本工資,因此有拉低薪資平均金額,扣除此一因素後,本公司非主管職務同仁平均薪資是713,449元/人,高於同業平均數。"
2018,3550,電子零組件業,40,37450,936,,1.37,786,5.37,,,,
2018,3551,其他電子業,635,354338,558,,3.12,710,1.96,,True,,"世禾雇用大學以上學歷者約佔39.5%，較同業雇用者低，且雇用27.72%外籍員工，影響平均薪資水準。依勞動部平均薪資為40,311元，而世禾平均薪資為46,500元，較台灣其他製造業高，故屬合理範圍。"
2018,3552,其他電子業,344,200502,583,,-3.05,710,1.96,,,,
2018,3555,半導體業,15,13252,883,,-0.53,970,4.11,,,,
2018,3556,半導體業,163,188322,1155,,3.32,970,4.11,,,,
2018,3557,其他,13,9464,728,,0.0,781,3.69,,,,
2018,3558,通信網路業,973,749412,770,,9.49,718,1.35,,,,
2018,3563,光電業,183,278968,1524,,30.43,823,1.04,,,,
2018,3564,通信網路業,234,120607,515,,-2.45,718,1.35,,,,
2018,3567,半導體業,133,79990,601,,2.63,970,4.11,,,,
2018,3570,資訊服務業,119,107396,902,,4.34,809,1.2,,,,
2018,3576,光電業,2005,1367182,682,,-0.34,823,1.04,,,,
2018,3577,電腦及週邊設備業,306,207630,679,,2.06,769,2.63,,,,
2018,3580,其他電子業,116,77498,668,,3.11,710,1.96,,True,,本公司107年獲利較同業平均數高，資料顯示平均薪資低於同業平均數6%，可能是受所在區域及公司規模較小的影響。公司已調薪3~5%，亦提撥不低於5%之員工酬勞，並發放較以往年度高額之年獎。
2018,3581,半導體業,130,108891,838,,0.71,970,4.11,,,,
2018,3583,半導體業,504,398307,790,,5.16,1228,7.24,,,,
2018,3587,其他電子業,403,396131,983,,4.13,710,1.96,,,,
2018,3588,半導體業,133,177701,1336,,0.8,1228,7.24,,,,
2018,3591,光電業,190,111963,589,,0.3,823,1.04,,,,
2018,3593,電子零組件業,12,8636,720,,-2.32,786,5.37,,,,
2018,3594,電腦及週邊設備業,202,139487,691,,0.41,769,2.63,,,,
2018,3596,通信網路業,555,822140,1481,,4.61,1119,2.93,,,,
2018,3605,電子零組件業,348,262913,755,,1.92,786,5.37,,,,
2018,3607,電子零組件業,154,97409,633,,-6.89,786,5.37,,,,
2018,3609,電子零組件業,74,48069,650,,0.72,657,1.96,,,,
2018,3611,電腦及週邊設備業,271,201542,744,,17.84,769,2.63,,True,,"本公司於台灣之工廠從業人員佔全體員工人數達3成以上，且因本公司多年未發行新股對外籌資, 故能維持較高之每股盈餘(EPS)."
2018,3615,光電業,234,120421,515,,0.4,730,-0.26,,True,,106年度營業利益虧損5206仟元 ，107年營業利益虧損擴大為58778仟元，106年及107年均為業外認列轉投資之利益，方才轉為正數。而因107年度營收衰退，本業虧損也擴大，因此未調整薪資。
2018,3617,其他電子業,264,275498,1044,,7.22,1192,7.41,,,,
2018,3622,光電業,127,85490,673,,0.79,823,1.04,,,,
2018,3623,光電業,190,101888,536,,2.56,730,-0.26,,True,,"因本公司近年獲利下滑導致員工酬勞及獎金減少且本公司於104年度現金減資40%及106年度現金減資20%,導致本公司股本縮小,因而產生公司EPS獲利表現較同業為佳惟非經理人之全時員工薪資平均數低於同業水準之情況"
2018,3624,電子零組件業,589,370375,629,,2.36,657,1.96,,True,,107年營收及獲利較106年成長，非擔任主管職務之全時員工薪資，107年薪資平均數為629仟元，相較106年薪資平均數增加11%，經營績效與員工薪酬為正向成長。
2018,3625,電腦及週邊設備業,71,58792,828,,1.24,769,2.63,,,,
2018,3628,其他電子業,287,214687,748,,1.63,710,1.96,,,,
2018,3629,文化創意業,10,6212,621,,-1.41,737,3.52,,,,
2018,3630,光電業,141,106296,754,,-1.96,730,-0.26,,,,
2018,3631,電子零組件業,5,2128,426,,-0.21,657,1.96,True,,,由於本公司員工人數少，人事精簡、組織扁平，非擔任主管職務之工作多為基礎等助理性質，致非經理人之全時員工薪資平均數未達50萬元。
2018,3632,通信網路業,36,28361,788,,-1.23,718,1.35,,,,
2018,3642,其他電子業,39,21700,556,,-1.8,710,1.96,,,,
2018,3645,電子零組件業,347,275106,793,,3.2,786,5.37,,,,
2018,3646,電子零組件業,8,7288,911,,1.23,657,1.96,,,,
2018,3652,電腦及週邊設備業,288,217440,755,,0.26,769,2.63,,,,
2018,3653,電子零組件業,991,669761,676,,4.61,786,5.37,,,,
2018,3663,其他電子業,228,144054,632,,0.59,710,1.96,,,,
2018,3666,光電業,255,140850,552,,-1.84,730,-0.26,,,,
2018,3669,通信網路業,405,328176,810,,0.5,1119,2.93,,,,
2018,3672,通信網路業,102,82670,810,,0.33,718,1.35,,,,
2018,3675,半導體業,310,179185,578,,2.54,970,4.11,,,,
2018,3679,電子零組件業,58,38659,667,,3.35,786,5.37,,,,
2018,3680,半導體業,170,118463,697,,0.27,970,4.11,,,,
2018,3682,通信網路業,1541,1220874,792,,-0.77,1119,2.93,,,,
2018,3684,通信網路業,77,44302,575,,1.91,718,1.35,,True,,因本公司生產人員佔比達全公司人員(扣除擔任主管職務人員)的45.0% 致使平均薪資顯得較同業稍低
2018,3685,電機機械,7,7300,1043,,1.36,608,2.45,,,,
2018,3686,半導體業,114,80217,704,,-5.28,1228,7.24,,,,
2018,3687,電子商務,52,33971,653,,-3.29,639,-0.74,,,,
2018,3689,電子零組件業,75,75408,1005,,1.72,657,1.96,,,,
2018,3691,光電業,185,130451,705,,-15.83,730,-0.26,,,,
2018,3693,電腦及週邊設備業,344,237551,691,,-0.21,769,2.63,,,,
2018,3694,通信網路業,163,155310,953,,-0.81,1119,2.93,,,,
2018,3701,電腦及週邊設備業,253,214609,848,,1.29,1200,2.73,,,,
2018,3702,電子通路業,927,1157897,1249,,4.22,899,3.73,,,,
2018,3703,建材營造,1089,885812,813,,2.36,780,1.81,,,,
2018,3704,通信網路業,1677,1682526,1003,,-1.38,1119,2.93,,,,
2018,3705,生技醫療業,1245,1039084,835,,2.64,674,1.42,,,,
2018,3706,電腦及週邊設備業,1044,1196925,1146,,3.58,1200,2.73,,True,,本公司全時員工薪資中之績效獎金提撥主要係依據該年度之營業相關利益，不包含與公司業內經營績效關聯性較低之營業外損益。
2018,3707,半導體業,1525,1294249,849,,0.26,970,4.11,,,,
2018,3708,化學工業,172,121147,704,,11.22,794,1.75,,True,,1.107年排除海能釋股利益後，EPS為1.75元與同業相當。2.依員工績效考核，107年度非固定薪酬為員工基本薪酬之23.5%。3.衡量整體產業薪資標準，於108/4調升基本薪酬約8%~9.5%。
2018,3709,電腦及週邊設備業,263,179398,682,,1.17,769,2.63,,,,
2018,3710,電子零組件業,124,77657,626,,-2.29,657,1.96,,,,
2018,3711,半導體業,46885,34925189,745,,5.95,1228,7.24,,,,
2018,3712,電腦及週邊設備業,142,91612,645,,-1.24,1200,2.73,,,,
2018,4102,生技醫療業,132,70383,533,,-0.35,681,1.32,,,,
2018,4104,生技醫療業,177,147767,835,,3.53,674,1.42,,,,
2018,4105,生技醫療業,499,555605,1113,,5.88,681,1.32,,,,
2018,4106,生技醫療業,270,189491,702,,1.24,674,1.42,,,,
2018,4107,生技醫療業,402,199414,496,,5.84,681,1.32,True,True,,1.扣除外勞，台籍的平均年薪為538仟元。2.每年進行員工調薪，今年會參考業界薪資水平進行調整。3.依本公司章程，如有獲利，稅後金額提撥百分之五發放員工紅利， 108年度發放之紅利可提高30%，平均薪資將會提高。
2018,4108,生技醫療業,31,22028,711,,-1.12,674,1.42,,,,
2018,4109,生技醫療業,72,35928,499,,0.04,681,1.32,True,,,1.「薪資平均數」之分子「員工薪資總額」除受各月給薪人數增減變化之影響外，亦因各月給薪人數增減變化員工個人薪資敘薪金額不同致影響「薪資平均數」。2.另依年度營運狀況無分派員工紅利。
2018,4111,生技醫療業,240,113269,472,,0.74,681,1.32,True,,,本公司為藥品製造為主，係因作業員(含外籍員工)佔此次申報人數之34%及年資未滿一年者佔20%。致影響非經理人之全時員工薪資平均數未達五十萬元。但本公司員工薪酬均符合勞動基準法第21條規定。
2018,4113,建材營造,21,13730,654,,0.69,812,1.27,,,,
2018,4114,生技醫療業,360,360367,1001,,2.21,681,1.32,,,,
2018,4116,生技醫療業,118,96841,821,,1.5,681,1.32,,,,
2018,4119,生技醫療業,236,213634,905,,5.63,674,1.42,,,,
2018,4120,生技醫療業,296,308854,1043,,2.84,681,1.32,,,,
2018,4121,生技醫療業,72,48554,674,,0.23,681,1.32,,,,
2018,4123,生技醫療業,164,136629,833,,17.98,681,1.32,,,,
2018,4126,生技醫療業,702,331011,472,,3.28,681,1.32,True,True,,本公司近年營收穩健良好，因長期開發供應多樣化的醫療器材產品，直接人工需求相對較高，2018年約占全體人數65.7%，雖全時員工平均薪資略低於同業，但近五年每年薪資調幅3~4%，今年亦有調薪，持續將營收獲利回饋員工
2018,4127,生技醫療業,42,26482,631,,-2.07,681,1.32,,,,
2018,4128,生技醫療業,98,82397,841,,-1.62,681,1.32,,,,
2018,4129,生技醫療業,588,380377,647,,1.61,681,1.32,,True,,"本公司為製造業，現場人員佔非主管全時員工>50%,而生技醫療產業之業態多樣,所需人員學經歷亦有所差異, 因此本公司非主管平均薪資雖低於生技醫療產業平均薪資5%,亦屬合理。"
2018,4130,生技醫療業,157,119543,761,,0.58,681,1.32,,,,
2018,4131,生技醫療業,17,9176,540,,-0.54,681,1.32,,,,
2018,4133,生技醫療業,125,76196,610,,0.76,674,1.42,,,,
2018,4138,生技醫療業,82,68956,841,,3.5,681,1.32,,,,
2018,4142,生技醫療業,281,172581,614,,-2.59,674,1.42,,,,
2018,4147,生技醫療業,43,39664,922,,-1.28,681,1.32,,,,
2018,4152,生技醫療業,143,152605,1067,,-14.37,681,1.32,,,,
2018,4153,生技醫療業,140,98979,707,,0.72,681,1.32,,,,
2018,4155,生技醫療業,75,51262,683,,2.15,674,1.42,,,,
2018,4160,生技醫療業,93,64906,698,,0.7,681,1.32,,,,
2018,4161,生技醫療業,122,63566,521,,0.53,681,1.32,,,,
2018,4162,生技醫療業,25,50660,2026,,0.88,681,1.32,,,,
2018,4163,生技醫療業,639,367109,575,,7.25,681,1.32,,True,,"本公司依照中部地區、製造業的薪資水準、員工資歷與個人表現…等因素給予薪酬, 實屬合理."
2018,4164,生技醫療業,110,102239,929,,2.32,674,1.42,,,,
2018,4167,生技醫療業,504,260550,517,,-1.46,681,1.32,,,,
2018,4168,生技醫療業,40,28530,713,,-4.18,681,1.32,,,,
2018,4171,農業科技,55,30621,557,,0.83,544,1.9,,,,
2018,4173,生技醫療業,218,148441,681,,1.13,681,1.32,,,,
2018,4174,生技醫療業,91,89868,988,,-7.06,681,1.32,,,,
2018,4175,生技醫療業,689,359808,522,,4.0,681,1.32,,True,,本公司分類為生技醫療業，但經營模式及資本結構較似貿易百貨業，營運項目主要以銷售醫療用品及健康照護商品為主，末端門市販售人員約佔80%，非研發性質之生技公司，故與其他生技醫療業之薪資結構有所差異。
2018,4183,生技醫療業,112,73100,653,,0.66,681,1.32,,,,
2018,4188,生技醫療業,16,12128,758,,-0.85,681,1.32,,,,
2018,4192,生技醫療業,47,31104,662,,-3.88,681,1.32,,,,
2018,4198,生技醫療業,14,14040,1003,,-5.59,681,1.32,,,,
2018,4205,食品工業,257,131268,511,,3.05,585,1.98,,True,,一、地域性差異：北部消費水準、薪酬皆較高，參酌南部產業薪資水準制定薪資辦法。二、產業特性：作業員工作性質簡單、輕體力無技術層次，薪資較低而降低整體平均數。與高屏地區傳統產業相較，薪資水準尚屬合理。
2018,4207,食品工業,172,96635,562,,0.75,585,1.98,,,,
2018,4303,塑膠工業,119,49376,415,,1.3,448,0.38,True,True,,本公司薪資結構係以學歷、機台、並依績效獎金辦法計算有效率及貢獻率所應核發之獎金。公司經營績效透過績效獎金辦法與員工薪酬相聯結，係屬合理。公司已於108/1新增站點績效獎金，下半年度預計提升派遣員工之薪資
2018,4304,塑膠工業,81,38775,479,,-1.89,448,0.38,True,,,本公司員工有五成以上為生產人員，且公司仍處於虧損狀態，除固定薪酬外，相關獎金為考量員工人個人績效並視公司營運狀況予以發放，未來將視公司經營情形予以調整員工薪酬。
2018,4305,塑膠工業,112,68996,616,,3.18,448,0.38,,,,
2018,4306,塑膠工業,365,188130,515,,1.11,1249,5.5,,,,
2018,4401,紡織纖維,511,307516,602,,2.54,589,1.26,,,,
2018,4402,紡織纖維,21,9253,441,,-4.5,589,1.26,True,,,"107年度持續虧損，虧損金額達新台幣207099仟元。104薪資情報平台揭露""行政與總務""及一般技術/操作員平均薪資月薪31000。107度年員工薪資新台幣441000/12=36750"
2018,4406,紡織纖維,126,63187,501,,-0.09,589,1.26,,,,
2018,4413,紡織纖維,81,32134,397,,1.1,589,1.26,True,,,"107年紡織部門人數佔全公司人數約75%,本公司紡織部門因長年虧損及地緣性因素,員工薪資平均數均未達50萬元,故將整體平均數降低,本公司員工薪資應尚屬合理範圍。"
2018,4414,紡織纖維,73,69175,948,,-1.82,638,1.5,,,,
2018,4416,建材營造,7,5421,774,,-2.18,812,1.27,,,,
2018,4417,紡織纖維,180,122020,678,,4.41,589,1.26,,,,
2018,4419,紡織纖維,4,1673,418,,-0.87,589,1.26,True,,,"公司目前正處於營運策略調整期,營收及經營績效不佳,非擔任主管職務之全時員工,以一般行政事務員居多,導致平均員工薪資水準較同業低."
2018,4420,紡織纖維,96,52911,551,,1.88,589,1.26,,True,,"本公司107年度稅後淨利扣除投資性不動產出售利益及租賃淨利後，本業之EPS僅為0.76元，並未高於同業平均數,故員工平均薪資低於同業平均數尚屬合理。"
2018,4426,紡織纖維,659,315446,479,,2.07,638,1.5,True,True,,"本企業為一傳統紡織產業,秉持穩健經營的態度,因位處於雲林農業首都,就業人口外移,人才招募不易,故外籍勞工所佔之人數稍多,達20~30%；因外籍勞工薪資政策之獨特性因素，故影響本公司整體薪資平均計算均值。"
2018,4429,紡織纖維,227,105783,466,,-0.8,589,1.26,True,,,因107年度營運狀況不佳，訂單量銳減，導致加班費及年終獎金減少，也因106年度為虧損，故107年度員工紅利為0，故平均薪資未達50萬元。
2018,4430,其他,282,135743,481,,2.57,592,2.0,True,True,,本公司因所屬產業特性，需使用大量外勞及現場作業員，外勞及基層作業人員分別占加權平均人數16%及50%以上，兩者人數加總後占非經理人全時員工約七成，致非經理人全時員工平均薪資未達50萬元。
2018,4432,紡織纖維,73,54908,752,,1.45,589,1.26,,,,
2018,4433,紡織纖維,273,169652,621,,2.1,589,1.26,,,,
2018,4438,紡織纖維,197,151672,770,,7.43,638,1.5,,,,
2018,4502,電機機械,248,133697,539,,1.96,608,2.45,,,,
2018,4503,電機機械,115,43671,380,,0.93,608,2.45,True,,,本公司依據區域性薪資行情給付員工薪資，一切符合勞基法規定，且去年才轉虧為盈，目前已著手調整薪資架構，以提升產業競爭力。
2018,4506,電機機械,1012,831311,821,,3.63,608,2.45,,,,
2018,4510,電機機械,342,204422,598,,1.11,608,2.45,,,,
2018,4513,電機機械,233,134790,578,,1.27,608,2.45,,,,
2018,4523,電機機械,239,150700,631,,-2.52,608,2.45,,,,
2018,4526,電機機械,810,546269,674,,1.23,743,1.51,,,,
2018,4527,電機機械,213,166146,780,,2.81,608,2.45,,,,
2018,4528,電機機械,227,140450,619,,3.63,608,2.45,,,,
2018,4529,其他,39,24084,618,,-3.15,592,2.0,,,,
2018,4530,電機機械,7,3281,469,,0.11,608,2.45,True,,,主要原因係非經理人員工大部份職務範圍為行政助理類型，故全時員工(年度)薪資平均數未達50萬元。
2018,4532,電機機械,381,329292,864,,2.2,743,1.51,,,,
2018,4533,電機機械,378,249966,661,,0.6,608,2.45,,,,
2018,4534,電機機械,185,90879,491,,-0.12,608,2.45,True,,,主要是因107年度營收下滑，獲利狀況同步下降，致未有員工酬勞之估列，其尚屬合理。
2018,4535,電機機械,442,199386,451,,1.28,608,2.45,True,,,107年營收較106年度衰退13.18%，進而影響整體營運及獲利隨之衰退。107年稅後淨利較106年減少57%，致年終獎金及員工酬勞提撥減少61%，進而影響員工薪資-平均數未達50萬元，尚屬合理。
2018,4536,其他,214,140297,656,,9.31,781,3.69,,True,,"2019年2月19日主計處公布107 年每人每月總薪資平均為 51,957 元，本公司非經理人全時員工月平均薪資達54,666元左右，尚較整體平均值為高。"
2018,4538,電機機械,136,91570,673,,1.89,608,2.45,,,,
2018,4540,電機機械,885,502013,567,,6.93,743,1.51,,True,,員工薪資平均數略低於同業水準，近二年積極擴充產線，導致新進員工較多，另協助青年就業，大舉進用無工作經驗之應屆畢業生，亦是整體薪資平均數較低之原因。預期未來員工薪資平均數將可逐漸趕上同業水準甚至超越。
2018,4541,其他,455,280290,616,,2.01,592,2.0,,,,
2018,4542,電子零組件業,85,49429,582,,1.8,657,1.96,,,,
2018,4543,電機機械,339,157573,465,,1.83,608,2.45,True,,,本公司外籍勞工人數比例佔員工人數約25%，故平均員工薪資費用尚屬合理。
2018,4545,電子零組件業,566,294432,520,,-0.74,786,5.37,,,,
2018,4549,電機機械,264,147215,558,,5.35,608,2.45,,True,,本公司於上市櫃公司並無類似同業，本公司行業特性以少量多樣為主，與其他行業差異較大，故本公司EPS較高。 另員工薪資-平均數年薪與同業差異50仟元，核算平均月薪差異4仟元，差異不大。
2018,4550,電機機械,77,55681,723,,1.51,608,2.45,,,,
2018,4551,汽車工業,53,45542,859,,6.1,707,5.02,,,,
2018,4554,其他電子業,123,64613,525,,-1.09,710,1.96,,,,
2018,4555,電機機械,214,100271,469,,2.49,743,1.51,True,True,,1.我們公司地處於新北市泰山區，屬於基層機械產業，不需要大量高端技術人員。2.近年持續與學校進行產學合作，因此實習生及替代役拉低總體平均。
2018,4556,其他,119,59548,500,,1.76,592,2.0,,,,
2018,4561,電機機械,182,97097,534,,1.92,608,2.45,,,,
2018,4562,電機機械,382,205497,538,,2.21,743,1.51,,True,,本公司為管件成型機專業製造廠，在高比率的廠內自製率下，所需中底階操作人員較多，年資相對較淺，致使平均薪資較同業微低，惟每年均以當年經營績效及員工年度工作績效作為調薪依據及獎金發放的主要依據。
2018,4563,電機機械,195,189247,970,,3.24,608,2.45,,,,
2018,4566,電機機械,223,158463,711,,3.33,743,1.51,,True,,
2018,4568,電機機械,35,25575,731,,5.79,608,2.45,,,,
2018,4609,電器電纜,13,10487,807,,-1.29,696,-0.75,,,,
2018,4702,化學工業,37,21269,575,,-2.4,664,0.49,,,,
2018,4706,化學工業,243,187444,771,,1.29,664,0.49,,,,
2018,4707,化學工業,101,73301,726,,0.92,664,0.49,,,,
2018,4711,化學工業,88,51372,584,,0.39,664,0.49,,,,
2018,4712,食品工業,11,6819,620,,-1.6,585,1.98,,,,
2018,4714,化學工業,60,34931,582,,0.98,664,0.49,,True,,107年本公司雖然稅後淨利比106年高，但是由於本業並不如預期，故員工薪資平均數低於同業屬合理。
2018,4716,化學工業,139,76485,550,,0.37,664,0.49,,,,
2018,4720,化學工業,208,142748,686,,0.35,794,1.75,,,,
2018,4721,化學工業,39,29289,751,,3.26,664,0.49,,,,
2018,4722,化學工業,298,207976,698,,2.54,794,1.75,,True,,我司相關薪資給付均符合相關勞動法規規定，每年均調增薪水，重視員工福利，勞資關係融合，平均薪資水準為同業間公司規模、員工經歷及工作年資等等所造成的差異，後續會在股東權益與員工福利之間取得平衡點。
2018,4726,生技醫療業,131,100684,769,,-2.5,681,1.32,,,,
2018,4728,生技醫療業,37,18874,510,,1.38,681,1.32,,True,,107年度員工薪酬反映的是106年以前的獲利，106年以前虧損，至106年每股盈餘0.3元，與同業資訊平均尚有差距，後於107年底每股盈餘才大幅提升；近幾年皆實施調薪，並將階段性規劃員工薪酬調整。
2018,4729,光電業,414,168014,406,,-0.41,730,-0.26,True,,,受到中國紅色供應鏈低價搶單影響，致使營收下滑，營運規模下降、毛利減少，所以依據勞動基準法及經營績效考評下，提供適切的員工薪酬。其次，生產人數大於管理人數，故造成全時員工薪資平均數未達50萬。
2018,4735,生技醫療業,59,41975,711,,3.06,681,1.32,,,,
2018,4736,生技醫療業,723,470321,651,,11.05,681,1.32,,True,,本公司給薪標準係參酌市場薪資水準，本國勞工每年固定調薪約3%。若本公司非擔任主管職務之全時員工薪資總額低於同業，主要係因本公司為製造業，領取基本工資之外籍勞工約佔本國勞工23.26%所致。
2018,4737,生技醫療業,797,406556,510,,2.23,674,1.42,,True,,因應公司經營策略，持續投入創新產品開發與IOT發展，延攬研發人才與產能需求增聘員工，致新進人員(未滿年)比例高達16%，並因建置在地化生產基地，製造人力占全體人數約65%，高於同業占比，致全體平均年薪低於同業.
2018,4739,化學工業,142,91832,647,,4.63,794,1.75,,True,,非擔任主管職之全時員工薪資低於同業平均主係員工組成架構所導致，若排除申報員工人數142人中之該年度外籍員工與任職未滿一年離職之員工及其薪資，重新計算後本國籍員工之平均薪資為817仟元，高於平均數795仟元。
2018,4741,化學工業,175,90872,519,,2.16,664,0.49,,True,,"107年度員工平均人數為175人，直接人員、間接人員分別為83人及92人。員工薪資中位數為40,333仟元，直接人員中有36人為外籍員工，其薪資依據勞保規定最低薪資給薪，致非經理人之全時員工薪資平均數低於同業水準。"
2018,4743,生技醫療業,37,28186,762,,-1.2,681,1.32,,,,
2018,4744,生技醫療業,183,101092,552,,2.0,681,1.32,,True,,本公司與電機機械業較為相似，故與生技醫療業中從事製藥或生技醫療研究之公司所需人才類型及碩博士員工比重明顯不同，致非經理人全時薪資平均數較同業為低。本公司將持續注意員工薪資及福利，以維持和諧勞資關係。
2018,4746,生技醫療業,648,496979,767,,1.85,674,1.42,,,,
2018,4747,生技醫療業,145,74832,516,,1.91,681,1.32,,True,,薪資平均數為51萬，主係員工大多為工廠人員，資歷尚淺且加班時數未有巨幅成長，故年資維持在51萬左右。
2018,4754,化學工業,58,39812,686,,4.19,664,0.49,,,,
2018,4755,化學工業,334,260529,780,,4.38,794,1.75,,True,,列入統計資料的員工共有334人，其中新進員工2017年39人，2018年36人。新進員工因在學習階段，而且變動獎金的發放會考量到在職日數，因此新進員工的變動獎金會略低，年所得較低，進而影響到全公司的平均數。
2018,4764,化學工業,75,66813,891,,8.06,794,1.75,,,,
2018,4766,化學工業,643,466072,725,,6.15,794,1.75,,True,,若將本公司淨利扣除投資收益後之EPS為2.66，並未高於同業太多。員工薪酬福利係參考公司營運績效、未來經營風險、發展趨勢、個人績效達成率及對公司績效的貢獻度，給予合理報酬，與經營績效有正面關聯性。
2018,4767,化學工業,62,47511,766,,1.3,664,0.49,,,,
2018,4806,文化創意業,26,11691,450,,-9.4,737,3.52,True,,,"影視產業近年因主管機關對行業政策頻繁調整造成整體產業景氣不佳,使本公司107年度之營運績效大幅衰退,薪資隨之減少;且因本公司107年度新聘用員工多為職場年資尚淺之人員,使本公司薪資金額亦有減少;以上說明。"
2018,4903,通信網路業,172,112202,652,,-0.93,718,1.35,,,,
2018,4904,通信網路業,5618,4865492,866,,2.88,1119,2.93,,,,
2018,4905,通信網路業,35,27916,798,,-8.53,718,1.35,,,,
2018,4906,通信網路業,803,717110,893,,-0.07,1119,2.93,,,,
2018,4907,建材營造,10,7394,739,,3.52,812,1.27,,True,,1.為保障員工每年薪酬為16-18個月，故未與經營績效做重大關聯性。2.非擔任主管職員工多屬一般內勤，薪資水準不同於營建業具技術性工程師。3.107年度聘用新進人員，薪資於未來年度會依照工作績效及年資有所調整。
2018,4908,通信網路業,281,166182,591,,1.66,718,1.35,,True,,107年全時員工平均薪資低於同業，主係因本公司產品之生產製造皆在台灣，故直接生產作業人員占比較大近6成，拉低薪資水準。本公司每年皆會依公司營運狀況，發放年終獎金及進行調薪，有獲利時，皆會提撥員工酬勞。
2018,4909,通信網路業,198,91704,463,,1.09,718,1.35,True,,,外籍員工佔非擔任主管職務之全時員工人數佔比高達28%且有17名外籍員工及本籍員工工作期間不足一年，因此造成平均薪資未達50萬元。
2018,4911,生技醫療業,18,7645,425,,-0.41,681,1.32,True,,,因公司目前營運尚處於虧損階段，未來公司如有營運獲利時再考量調整員工薪酬。
2018,4915,電子零組件業,820,1170740,1428,,4.12,786,5.37,,,,
2018,4916,電腦及週邊設備業,84,37636,448,,3.06,1200,2.73,True,True,,"整體員工之年平均所得之所以未達 50萬元，係因直接員工人數為職員之2倍，本公司於107年營收獲利皆於同業之上,雖未及時將營收獲利分享與全體員工，本公司將於108年重新規劃整體員工之福利及薪資制度以期符合標準。"
2018,4919,半導體業,1345,1650980,1227,,3.42,1228,7.24,,,,
2018,4930,電器電纜,22,15896,723,,-1.48,711,1.96,,,,
2018,4933,光電業,424,248212,585,,1.8,730,-0.26,,True,,"基層技術人員占非擔任主管職務之員工總數比率約為82%，若依非擔任主管職務之全時員工薪資資訊檢查表之中位數統計，應為540,362元，相對平均薪資高於50萬元。"
2018,4934,光電業,240,152523,636,,-5.17,823,1.04,,,,
2018,4938,電腦及週邊設備業,6987,8455509,1210,,4.25,1200,2.73,,,,
2018,4939,電子零組件業,13,14912,1147,,1.14,657,1.96,,,,
2018,4942,光電業,252,170960,678,,4.5,823,1.04,,True,,職員有113位、技術員14位、作業員138位，平均年齡37.8歲；從學歷來看，碩士比重僅占3.02%、也就是只有8位，大專學歷占40.75%，高中學歷占47.17%，高中以下占9.06%。現場直接人員佔全公司總人數56%。
2018,4944,光電業,311,163548,526,,-2.75,730,-0.26,,,,
2018,4946,文化創意業,56,33198,593,,0.09,737,3.52,,,,
2018,4950,其他,2,1326,663,,-2.46,592,2.0,,,,
2018,4952,半導體業,219,385026,1758,,2.61,1228,7.24,,,,
2018,4953,資訊服務業,564,484193,858,,5.22,809,1.2,,,,
2018,4956,光電業,454,241161,531,,-0.77,823,1.04,,,,
2018,4960,光電業,1028,682798,664,,-0.98,823,1.04,,,,
2018,4961,半導體業,361,509188,1410,,2.43,1228,7.24,,,,
2018,4967,半導體業,262,150623,575,,3.04,1228,7.24,,,,
2018,4968,半導體業,189,238850,1264,,2.93,1228,7.24,,,,
2018,4972,光電業,36,28193,783,,2.65,730,-0.26,,,,
2018,4973,半導體業,295,205492,697,,1.34,970,4.11,,,,
2018,4974,電子零組件業,40,55054,1376,,4.66,657,1.96,,,,
2018,4976,光電業,922,439057,476,,0.44,823,1.04,True,,,本公司未於海外設廠‧產線員工相較多，且逢產業轉型，公司經營績效與員工薪酬之關聯尚屬合理。
2018,4979,通信網路業,593,310937,524,,-6.95,718,1.35,,,,
2018,4987,電腦及週邊設備業,180,91242,507,,5.6,769,2.63,,True,,因本公司產品生產據點僅限於本國，海外無其他生產據點，因此非擔任主管職務之全時員工中直接或間接從事產品製造之作業員有近58%，致使員工薪資平均數低於同水準。
2018,4989,電子零組件業,208,208298,1001,,1.88,786,5.37,,,,
2018,4994,資訊服務業,581,297347,512,,-2.6,879,2.13,,,,
2018,4995,光電業,166,115401,695,,2.74,730,-0.26,,True,,員工薪資平均數較同業低，主要原因如下：本公司生產線全部位於台灣，產線直接員工人數佔全體30%，其中外籍作業員佔全體11%，外籍作業員多為領取基本工資，因員工結構偏屬製造業致薪資平均數較同業略低實屬正常。
2018,4999,電子零組件業,246,202880,825,,6.33,786,5.37,,,,
2018,5007,鋼鐵工業,1507,1046661,695,,3.8,1115,1.57,,True,,本公司員工薪資比照扣件同業水準，而獎金是依年度稅前盈餘(經營績效)以固定比例提列並依個人考績分發；另上市鋼鐵業再細分為扣件業(如春雨、聚亨、豐達科技)來做比較，則本公司員工薪酬應於合理範圍內。
2018,5009,鋼鐵工業,1048,669447,639,,0.55,721,0.76,,,,
2018,5011,鋼鐵工業,236,148381,629,,1.31,721,0.76,,True,,本公司非非擔任主管職務之全時員工236人中，有73人為外籍基層員工，占非擔任主管職務之全時員工之31%，其薪資為基本工資加上加班費，本就偏低，致拉低全公司平均薪資
2018,5013,鋼鐵工業,466,319258,685,,2.2,721,0.76,,True,,1.外籍員工人數增加，佔公司比重約8%，拉低平均薪資水準．2.另，員工離職率低對公司向心力佳，應能滿意公司薪資水準．
2018,5014,鋼鐵工業,51,32899,645,,-0.5,721,0.76,,,,
2018,5015,鋼鐵工業,175,113706,650,,5.02,721,0.76,,True,,"本公司台灣本廠外籍勞工約佔3成，扣除外籍勞工後非經理人全時員工薪資平均數為726,832元，並未低於同業水準。"
2018,5016,鋼鐵工業,305,217920,714,,3.81,721,0.76,,True,,"本公司107年受惠於鋼價上揚而有低價庫存而使本公司獲利優於同業,未全數反應在員工薪資的原因是本公司政策維持穩定薪資,員工薪資不致因公司獲利情況大幅波動"
2018,5102,橡膠工業,173,86774,502,,0.97,502,0.97,,,,
2018,5201,資訊服務業,129,98343,762,,1.35,809,1.2,,True,,本公司薪資制度依照職務及績效整體規劃，透過完善的績效管理制度連結公司整體策略(預算)目標與同仁個人工作之成果(年度考核)，公平且具激勵性。
2018,5202,資訊服務業,57,50074,878,,0.15,809,1.2,,,,
2018,5203,資訊服務業,312,366892,1176,,3.88,879,2.13,,,,
2018,5205,其他電子業,8,3479,435,,0.06,710,1.96,True,,,本公司近年因業務調整，公司皆處於虧損狀態，至去年方轉虧為盈。為求公司永續經營，近幾年費用皆嚴格管控，故員工薪資皆無調整。後續將視經營績效，在公司永續經營的前提下，合理將經營成果分享予全體股東及員工。
2018,5206,建材營造,18,12985,721,,1.51,812,1.27,,True,,1.公司於100年更換經營團隊，內部員工平均  年資相對較低，故平均薪資略低於同業。2.公司107年度相較106年度，已依員工工作表  現及考量公司整體營運狀況，全面進行調  薪。
2018,5209,資訊服務業,251,242809,967,,3.25,809,1.2,,,,
2018,5210,資訊服務業,124,85268,688,,-0.28,809,1.2,,,,
2018,5211,資訊服務業,68,58208,856,,0.03,809,1.2,,,,
2018,5212,資訊服務業,293,254969,870,,1.77,809,1.2,,,,
2018,5213,建材營造,55,60994,1109,,2.05,812,1.27,,,,
2018,5220,光電業,390,183528,471,,3.84,730,-0.26,True,True,,"1.員工中約70%屬直接人工,外勞占直接人工約20%,員工結構中絶大部分屬基層勞工,拉低平均薪資,致平均年薪未達50萬.2.章程規定有獲利時提撥不低於5%為員工酬勞,本公司依法執行讓經營績效與員工薪酬產生正向關聯."
2018,5230,光電業,91,79779,877,,1.88,730,-0.26,,,,
2018,5234,光電業,321,487852,1520,,6.38,823,1.04,,,,
2018,5245,光電業,413,247197,599,,3.07,730,-0.26,,True,,本公司提供的薪酬符合法令要求，因本公司員工平均服務年資及平均年齡低於同業，致EPS高於同業平均數惟非經理人全時員工薪資平均數低於同業水準者。
2018,5251,光電業,31,23069,744,,-1.52,730,-0.26,,,,
2018,5258,電腦及週邊設備業,194,127169,656,,-4.97,1200,2.73,,,,
2018,5263,文化創意業,140,134745,962,,4.84,737,3.52,,,,
2018,5269,半導體業,208,382550,1839,,15.93,1228,7.24,,,,
2018,5272,半導體業,127,142269,1120,,-0.33,970,4.11,,,,
2018,5274,半導體業,61,131107,2149,,20.2,970,4.11,,,,
2018,5278,電子商務,42,37888,902,,13.48,639,-0.74,,,,
2018,5285,半導體業,281,138089,491,,4.54,1228,7.24,True,,,本公司107年度獲利大部份來自海外子公司之投資利益，而國內員工獎金係依國內本廠經營績效成果作發放基礎。業經本公司評估經營績效與員工薪酬息息相關且尚屬合理。
2018,5287,電子商務,105,70995,676,,14.04,639,-0.74,,,,
2018,5289,電腦及週邊設備業,479,381916,797,,10.87,769,2.63,,,,
2018,5291,電子零組件業,253,128662,509,,1.2,657,1.96,,,,
2018,5299,半導體業,62,115226,1858,,7.3,970,4.11,,,,
2018,5301,觀光事業,107,47957,448,,-0.24,489,0.56,True,,,本公司從事陸客團來台觀光購物站業務，主要員工為購物站之銷售業務，薪資結構為底薪、年終及業績獎金，因近年外在政治及經濟環境變遷使公司業績下滑並發生虧損，故業績獎金減少且未發放年終獎金，導致平均薪資較低。
2018,5302,半導體業,43,41491,965,,-0.3,970,4.11,,,,
2018,5306,其他,51,32589,639,,7.52,592,2.0,,,,
2018,5309,電子零組件業,243,144092,593,,-1.22,657,1.96,,,,
2018,5310,資訊服務業,111,57521,518,,-2.74,809,1.2,,,,
2018,5312,生技醫療業,724,460193,636,,4.22,681,1.32,,True,,本公司雖屬生技產業，但因為沒有從事製造及研發，僅進行通路銷售，所以本公司大多數員工係為基礎門市銷售人員，非一般生技公司的高端技術研發人員，導致本公司員工平均薪資略低於生技產業平均薪資。
2018,5314,半導體業,11,9478,862,,0.22,970,4.11,,,,
2018,5315,光電業,564,269607,478,,2.04,730,-0.26,True,True,,107/12調薪未能在當年度呈現。雖屬電子零組件製造業但實際為勞力密集產業。連續虧損多年須補足不足的舊制退休金。獲利部分首要照顧員工，股東權益不能忽略。秉持永續經營，確保營運不佳時仍能讓員工維持穩定的所得。
2018,5321,電子零組件業,8,5224,653,,2.16,657,1.96,,,,
2018,5324,建材營造,30,30990,1033,,0.03,812,1.27,,,,
2018,5328,電子零組件業,25,14952,598,,0.06,657,1.96,,,,
2018,5340,電子零組件業,278,145885,525,,0.86,657,1.96,,,,
2018,5344,半導體業,175,90832,519,,-0.69,970,4.11,,,,
2018,5345,其他,63,41999,667,,-1.56,592,2.0,,,,
2018,5347,半導體業,5011,6072551,1212,,3.76,970,4.11,,,,
2018,5348,通信網路業,45,33016,734,,5.19,718,1.35,,,,
2018,5351,半導體業,332,346649,1044,,-1.49,970,4.11,,,,
2018,5353,通信網路業,364,226460,622,,1.03,718,1.35,,,,
2018,5355,電子零組件業,337,161135,478,,-0.6,657,1.96,True,,,薪資偏低說明如下1.因產業特性，作業人員相對偏多且外籍員工占直接員工的比率為35%，故拉低整體水準2.因近年來公司虧損，無額外季獎金、績效獎金及員工酬勞
2018,5356,電腦及週邊設備業,371,189168,510,,1.43,769,2.63,,,,
2018,5364,觀光事業,89,39362,442,,-2.45,489,0.56,True,,,"國人出國意願高於國內旅遊、中國來臺旅遊人數減少,影響飯店營收2飯店工作多屬於替代性高、低技術性門檻,故薪資較低3飯店組織結構扁平,以基層主管做管理,中高階主管人數少。上述因素造成整體平均薪資偏低。"
2018,5371,光電業,1904,2043526,1073,,4.65,730,-0.26,,,,
2018,5381,電子零組件業,73,37065,508,,-0.18,657,1.96,,,,
2018,5383,其他電子業,249,126727,509,,-1.17,710,1.96,,,,
2018,5386,電腦及週邊設備業,28,18993,678,,2.81,769,2.63,,True,,本公司非主管職務之全時員工經常性薪資為542仟元，非經常性薪資(含獎金及績效等)為136仟元，按平均月薪44.5仟元核計獎金月數為3.1個月，本公司已將經營績效適當回饋員工。
2018,5388,通信網路業,1032,962096,932,,3.32,1119,2.93,,True,,本公司經營績效良好並重視員工，長期持續評估市場薪酬水位以確保員工薪資之競爭力。且本公司因美中貿易戰，於107年開始大規模產量回流台灣，台灣廠之產能倍增，廠區員工作機會亦隨之增加。
2018,5392,光電業,15,10527,702,,0.29,730,-0.26,,True,,"本公司所揭露之薪資資訊為應華個體之數字,因合併每股盈餘除了光電產業尚有其他業別,若採同業公司資訊做作為比較,則會有差異情行。"
2018,5398,其他,45,31756,706,,-1.24,592,2.0,,,,
2018,5403,資訊服務業,285,311298,1092,,3.08,809,1.2,,,,
2018,5410,資訊服務業,319,202692,635,,1.58,809,1.2,,True,,1.本公司部份維修工程師所須經驗較淺，且年資較少，致影響平均薪資。2.108年度已發行420萬股員工認股權憑證給與員工，以增進員工實質薪酬。3.將考量公司每年的營運狀況，適度增進員工福利。
2018,5425,半導體業,489,332766,681,,3.53,970,4.11,,,,
2018,5426,電腦及週邊設備業,245,148559,606,,0.96,769,2.63,,,,
2018,5432,光電業,25,11624,465,,0.93,730,-0.26,True,True,,"本公司因產線人員佔整體人數40%而拉低薪資水平,使其薪資平均數未達50萬元;本公司107年主要係營業外收支獲利10,157仟元(外幣兌換利益及利息收入),佔稅前淨利達55.98%,若排除業外獲利所推計EPS為0.41元,則與同業相當。"
2018,5434,電子通路業,437,543251,1243,,7.73,899,3.73,,,,落實經營，共享成果是我們對員工的基本承諾，當營收及獲利成長時，公司會將經營績效回饋與員工，因此獲利與員工酬勞會呈現正成長趨勢。
2018,5438,電腦及週邊設備業,135,154130,1142,,1.43,769,2.63,,,,
2018,5439,電子零組件業,485,324215,668,,3.41,657,1.96,,,,
2018,5443,光電業,395,437484,1108,,2.24,730,-0.26,,,,
2018,5450,其他,29,17300,597,,-0.39,592,2.0,,,,
2018,5452,其他電子業,35,29910,855,,0.08,710,1.96,,,,
2018,5455,建材營造,14,14316,1023,,1.46,812,1.27,,,,
2018,5457,電子零組件業,420,205802,490,,1.0,657,1.96,True,,,"考量公司實際經營績效,非經理人之全時員工薪資平均數尚屬合理"
2018,5460,電子零組件業,148,106046,717,,0.3,657,1.96,,,,
2018,5464,電子零組件業,414,179030,432,,2.88,657,1.96,True,True,,本公司藍領外籍工人佔全體員工比例近四分之一，外籍工人薪資依契約核給基本工資，不計其他津貼項目，致全體員工薪資平均數未達50萬元。
2018,5465,電腦及週邊設備業,20,16356,818,,0.41,769,2.63,,,,
2018,5468,半導體業,31,29373,948,,-0.77,970,4.11,,,,
2018,5469,電子零組件業,675,420028,622,,3.55,786,5.37,,,,
2018,5471,半導體業,320,440815,1378,,2.02,1228,7.24,,,,
2018,5474,電腦及週邊設備業,105,112014,1067,,7.58,769,2.63,,,,
2018,5475,電子零組件業,171,99443,582,,-0.03,657,1.96,,,,
2018,5478,文化創意業,371,281542,759,,3.7,737,3.52,,,,
2018,5481,其他,9,9517,1057,,2.97,592,2.0,,,,
2018,5483,半導體業,1261,834779,662,,3.36,970,4.11,,,,
2018,5484,光電業,120,76988,642,,-1.59,823,1.04,,,,
2018,5487,半導體業,50,46933,939,,1.02,970,4.11,,,,
2018,5488,電子零組件業,59,36142,613,,1.84,657,1.96,,,,
2018,5489,其他電子業,419,286702,684,,3.0,710,1.96,,True,,"107年營業淨利269,919仟元實際低於106年307,371仟元，107年營業外淨利較高(主要為外幣兌換利益)導致107年EPS$3.00高於106年$1.79及同業平均$2.48，非擔任主管職務之全時員工實際平均薪資並未低於同業太多，尚屬合理"
2018,5490,電腦及週邊設備業,137,155893,1138,,0.3,769,2.63,,,,
2018,5493,其他電子業,84,64159,764,,2.5,710,1.96,,,,
2018,5498,電子零組件業,131,72937,557,,0.22,657,1.96,,,,
2018,5508,建材營造,32,34170,1068,,3.18,812,1.27,,,,
2018,5511,建材營造,207,185105,894,,4.55,812,1.27,,,,
2018,5512,建材營造,46,52049,1132,,0.1,812,1.27,,,,
2018,5514,建材營造,10,8051,805,,0.13,812,1.27,,,,
2018,5515,建材營造,241,227732,945,,0.62,780,1.81,,,,
2018,5516,建材營造,43,32471,755,,1.78,812,1.27,,True,,一、本公司已連續虧損數年，至106年才呈現損益兩平的狀況。二、本公司非主管職全時員工106年度平均薪資為684仟元、107為755仟元，故平均薪資亦有成長，成長幅度約10%。
2018,5519,建材營造,73,59154,810,,2.41,780,1.81,,,,
2018,5520,建材營造,115,60620,527,,0.91,812,1.27,,,,
2018,5521,建材營造,617,334376,542,,-0.2,780,1.81,,,,
2018,5522,建材營造,109,126794,1163,,2.42,780,1.81,,,,
2018,5523,建材營造,7,4186,598,,0.76,812,1.27,,,,
2018,5525,建材營造,44,64094,1457,,4.31,780,1.81,,,,
2018,5529,建材營造,23,13826,601,,-1.36,812,1.27,,,,
2018,5530,其他,439,435876,993,,5.19,592,2.0,,,,
2018,5531,建材營造,134,91403,682,,0.17,780,1.81,,,,
2018,5533,建材營造,40,30437,761,,0.82,780,1.81,,,,
2018,5534,建材營造,34,30973,911,,14.34,780,1.81,,,,
2018,5536,其他電子業,231,307726,1332,,19.52,710,1.96,,,,
2018,5601,航運業,7,5022,717,,0.29,744,1.63,,,,
2018,5603,航運業,275,189302,688,,0.06,744,1.63,,,,
2018,5604,其他,1022,430266,421,,4.03,592,2.0,True,True,,"本公司員工薪資係採半變動,主要薪資結構與其積載及配送噸數攸關,107年全年EPS較106年高,係因107年業外處分土地之故,若排除業外,107年公司總營收及總營業噸數皆較106年下滑,故員工薪資亦同步下降"
2018,5607,航運業,423,334926,792,,1.3,1149,0.62,,True,,本公司與航運類股之行業屬性及人力結構差異較大。
2018,5608,航運業,80,57345,717,,-0.54,1149,0.62,,,,
2018,5609,航運業,156,145915,935,,2.09,744,1.63,,,,
2018,5701,觀光事業,317,120527,380,,-0.43,489,0.56,True,,,本公司主要營運部門為主題樂園與渡假飯店，屬於餐飲服務業與遊樂業，餐飲服務業與遊樂業基層人力佔比高，本公司基層人力約達八成多，定會降低整體平均薪資。
2018,5703,觀光事業,266,134383,505,,-0.81,489,0.56,,,,
2018,5704,觀光事業,200,78555,393,,0.52,489,0.56,True,,,本公司因位於台東，消費水平相較於國內其他縣市低，故薪資水平亦不高；但相較同區域、同屬性之同業，薪資水平相當。
2018,5706,觀光事業,214,112198,524,,2.72,552,1.38,,True,,本公司與同業平均數差異不大，主要係因員工人力結構以年資淺之員工居多，起薪較低，故將非擔任主管之全時員工平均薪資拉低。
2018,5820,金融業,2769,2423155,875,,0.71,834,0.62,,,,
2018,5864,金融業,216,94890,439,,2.01,834,0.62,True,True,,"係因部份從業人員之業績未達理想,故拉低全體非經理人全時員工平均薪資。107年本公司EPS2.01扣除其他業外收入383,038仟元後,EPS為0.28並未高於同業。"
2018,5876,金融保險業,2266,2510536,1108,,3.37,1155,1.65,,True,,EPS表現較佳係包含相當比重之海外投資收益。99至107年每年採全行調薪，近五年每年平均調幅為3.2%～3.6%，「員工薪資平均數」略低於同業，除進用基層同仁致降低平均數外，該等人員部分獎酬並未列入該年度範疇。
2018,5878,金融業,50,27708,554,,3.2,834,0.62,,True,,本公司每年依獲利計算員工績效獎金及酬勞，以回饋員工之貢獻；本公司為保經公司，員工結構與金控銀行不同，非擔任主管之員工主要行政職務，與同業包含業務銷售人員之結構不同，依性質而言，本公司薪資尚屬合理。
2018,5880,金融保險業,7929,10584686,1335,,1.24,1155,1.65,,,,本公司依據公司章程第三十五條之一規定，按當年度獲利狀況提撥萬分之一至萬分之八為員工酬勞，及訂定「經營績效獎金及員工酬勞提撥準則」，將經營績效與成果，反映於員工薪酬中。
2018,5902,貿易百貨,71,49609,699,,0.34,581,4.87,,,,
2018,5903,貿易百貨,2933,2158472,736,,7.23,581,4.87,,,,
2018,5904,貿易百貨,2686,1212799,452,,17.5,581,4.87,True,True,,1.公司屬零售業直營型態（非加盟）的自助型賣場，有90%人力屬第ㄧ線服務人員。2.每年因大規模展店及人力計畫，晉用高比例新人及職場新鮮人予以培訓，影響平均薪資。3.員工依績效考核結果予以晉升、調薪。
2018,5905,貿易百貨,321,114602,357,,0.44,581,4.87,True,,,"107年度扣除轉投資收益及理賠收入，稅前淨利56,526千元,合先敘明。勞動部薪資查詢系統，同業非擔任主管職務員工薪資23,663~40,454(月) 本司年度薪資均數357千元(29,750元/月)，與同業並無重大差異。"
2018,6005,金融保險業,1625,1314807,809,,0.61,1155,1.65,,,,
2018,6015,金融業,384,290174,756,,-1.2,834,0.62,,,,
2018,6016,金融業,591,488929,827,,-0.45,834,0.62,,,,
2018,6020,金融業,45,29158,648,,0.01,834,0.62,,,,
2018,6021,金融業,300,198754,663,,0.64,834,0.62,,True,,"1.本公司107年獲利196,590仟元，EPS0.64元。2.其中處分投資利益81,732仟元佔EPS0.27元屬非經常性之營業外收入。3.扣除上述收入107年EPS0.37並未優於同業平均數。"
2018,6023,金融業,347,366768,1057,,4.31,834,0.62,,,,
2018,6024,金融保險業,202,248959,1232,,4.73,1155,1.65,,,,
2018,6026,金融業,152,127854,841,,0.15,834,0.62,,,,
2018,6101,文化創意業,22,15151,689,,0.29,737,3.52,,,,
2018,6103,半導體業,9,6153,684,,0.27,970,4.11,,,,
2018,6104,半導體業,244,392606,1609,,2.73,970,4.11,,,,
2018,6108,電子零組件業,642,324987,506,,3.47,786,5.37,,,,
2018,6109,通信網路業,57,37596,660,,0.02,718,1.35,,,,
2018,6111,文化創意業,116,82843,714,,1.84,737,3.52,,,,
2018,6112,資訊服務業,273,254891,934,,2.86,879,2.13,,,,
2018,6113,電子通路業,49,41884,855,,-0.69,684,0.11,,,,
2018,6114,電子零組件業,52,47806,919,,7.18,657,1.96,,,,
2018,6115,電子零組件業,106,87331,824,,2.81,786,5.37,,,,
2018,6116,光電業,2792,2036500,729,,0.32,823,1.04,,,,
2018,6117,電腦及週邊設備業,609,330203,542,,-2.15,1200,2.73,,,,
2018,6118,電子通路業,230,130311,567,,-0.32,684,0.11,,,,
2018,6120,光電業,931,931937,1001,,0.48,823,1.04,,,,
2018,6121,電腦及週邊設備業,339,395060,1165,,17.35,769,2.63,,,,
2018,6122,電機機械,186,142159,764,,0.2,608,2.45,,,,
2018,6123,電腦及週邊設備業,64,49795,778,,3.66,769,2.63,,,,
2018,6124,電子零組件業,28,22026,787,,0.61,657,1.96,,,,
2018,6125,光電業,329,273164,830,,-0.68,730,-0.26,,,,
2018,6126,電子零組件業,16,11156,697,,0.41,657,1.96,,,,
2018,6127,電子零組件業,263,125735,478,,-0.24,657,1.96,True,,,1.公司目前仍處於虧損及產品轉型階段，經營績效持續改善。2.公司大部分員工為所在地居民，長期以來工作穩定，而公司員工福利政策皆符合法令規定。
2018,6128,電腦及週邊設備業,460,227096,494,,0.36,1200,2.73,True,,,1.本公司有技術可以自主開發產品，但產品組裝需要很多基層作業人員，其人數佔比過一半。2.本公司獎金及員工酬勞之提撥為自結稅前淨利依獲利比例分派。由於107年公司獲利為近五年最低，故整體薪資亦較低。
2018,6129,半導體業,199,170564,857,,-0.51,970,4.11,,,,
2018,6130,生技醫療業,24,17768,740,,-0.88,681,1.32,,,,
2018,6133,電子零組件業,41,26309,642,,0.12,786,5.37,,,,
2018,6134,電子零組件業,106,69535,656,,-0.24,657,1.96,,,,
2018,6136,通信網路業,67,45742,683,,0.75,1119,2.93,,,,
2018,6138,半導體業,267,327622,1227,,4.41,970,4.11,,,,
2018,6139,其他電子業,348,316238,909,,2.41,1192,7.41,,,,
2018,6140,資訊服務業,152,90582,596,,0.06,809,1.2,,,,
2018,6141,電子零組件業,398,206188,518,,-0.68,786,5.37,,,,
2018,6142,通信網路業,340,256276,754,,-0.82,1119,2.93,,,,
2018,6143,通信網路業,475,338360,712,,4.51,718,1.35,,True,,1.本公司非擔任主管職務之全時員工薪資平均數712千元，與同業平均數713千元，幾無差異，惟本公司因外幣兌換利益較高，EPS優於同業。2.本公司產線員工佔比約60%(含外籍移工21%)，外籍移工薪資拉低整體薪資水平。
2018,6144,文化創意業,111,59717,538,,-0.37,737,3.52,,,,
2018,6146,其他電子業,582,491173,844,,7.58,710,1.96,,,,
2018,6147,半導體業,5261,3832184,728,,6.95,970,4.11,,True,,1.半導體業含晶片設計、製造及後段封測，員工結構差異大致平均薪資不盡具可比較性；2.年資未達一年之員工占計算母體21%，拉低平均年薪；3.減除處分股權利益後，經常性員工投入正常營運產生EPS為4.12。
2018,6148,資訊服務業,53,34137,644,,0.77,809,1.2,,,,
2018,6150,電腦及週邊設備業,93,79125,851,,4.04,769,2.63,,,,
2018,6151,其他電子業,84,54733,652,,1.46,710,1.96,,,,
2018,6152,通信網路業,193,189172,980,,-3.54,1119,2.93,,,,
2018,6153,電子零組件業,1914,1191141,622,,2.08,786,5.37,,,,
2018,6154,電子通路業,552,220573,400,,0.73,684,0.11,True,True,,1A：非經理人之全時員工薪資雖未達50萬元，然參考業界薪資調查報告之數據，符合門市零售行業之合理水準。2A：公司107年度EPS衰退，未比同業佳。3A：本期不適用。
2018,6155,電子零組件業,244,123953,508,,1.48,786,5.37,,,,
2018,6156,電子零組件業,13,14840,1142,,1.67,657,1.96,,,,
2018,6158,電子零組件業,106,123020,1161,,3.65,657,1.96,,,,
2018,6160,電腦及週邊設備業,235,204317,869,,0.83,769,2.63,,,,
2018,6161,電腦及週邊設備業,56,47908,856,,1.87,769,2.63,,,,
2018,6163,通信網路業,418,383346,917,,1.0,718,1.35,,,,
2018,6164,光電業,57,37595,660,,0.22,823,1.04,,,,
2018,6165,其他,7,4472,639,,-0.09,781,3.69,,,,
2018,6166,電腦及週邊設備業,1014,973616,960,,1.12,1200,2.73,,,,
2018,6167,光電業,234,122049,522,,1.13,730,-0.26,,True,,"本公司107年度雖為獲利且較同業EPS為高,但因尚有累積虧損未彌補完成,為維護股東權益,尚無法大規模提升全員工薪酬,待虧損彌補完成,再視經營狀況及同業情形,檢視員工薪資報酬!!"
2018,6168,光電業,597,424844,712,,1.15,823,1.04,,True,,因總公司座落在「新竹科學園區」外，相較薪資水準與園區內的同業較低。且公司大部份員工是在地居民，所以薪資福利項目屬於外縣市之交通、住宿補助福利較少。
2018,6169,文化創意業,18,13233,735,,-2.79,737,3.52,,,,
2018,6170,通信網路業,50,36367,727,,0.02,718,1.35,,,,
2018,6171,建材營造,10,5292,529,,0.31,812,1.27,,,,
2018,6172,電腦及週邊設備業,3,1870,623,,0.37,1200,2.73,,,,
2018,6173,電子零組件業,627,440987,703,,8.62,657,1.96,,,,
2018,6174,電子零組件業,225,108711,483,,1.06,657,1.96,True,,,"基層作業人員加權平均人數佔113人(台籍57人,外籍56人),薪資總額47314(仟元),薪資平均數419(仟元),其餘112人,薪資總額61397(仟元),薪資平均數548(仟元).2者平均拉低其薪資平均數."
2018,6175,電子零組件業,64,41431,647,,2.23,657,1.96,,,,
2018,6176,光電業,1039,839132,808,,10.83,823,1.04,,True,,我司派駐海外之台籍員工偏高(達百人約10%)，其駐外人員部分薪資乃由海外子公司發放，故我司在申報時考量申報計算基礎一致性，駐外員工均不納入計算；若將上述駐外員工納入計算，我司申報數係遠遠高於產業平均。
2018,6177,建材營造,38,28396,747,,0.2,780,1.81,,,,
2018,6179,其他,71,53220,750,,1.12,592,2.0,,,,
2018,6180,文化創意業,294,384069,1306,,10.31,737,3.52,,,,
2018,6182,半導體業,899,694428,772,,3.8,970,4.11,,,,
2018,6183,資訊服務業,440,467531,1063,,1.87,879,2.13,,,,
2018,6184,其他,66,38892,589,,2.37,781,3.69,,,,
2018,6185,電子零組件業,26,13191,507,,0.84,657,1.96,,,,
2018,6186,建材營造,30,21810,727,,-0.36,812,1.27,,,,
2018,6187,其他電子業,196,225048,1148,,3.74,710,1.96,,,,
2018,6188,電腦及週邊設備業,205,232717,1135,,1.32,769,2.63,,,,
2018,6189,電子通路業,166,175527,1057,,2.92,899,3.73,,,,
2018,6190,通信網路業,206,126408,614,,1.41,718,1.35,,True,,本公司一向秉持獲利與全員分享的精神，故當年度只要獲利，定提相當獎金予全員，以107年度年終獎金及員工酬勞分配金額來看，分別較106年大幅增加17%及59%。本公司基層製造員工較多，和一般通信網路業之員工結構不同。
2018,6191,電子零組件業,94,107468,1143,,1.1,786,5.37,,,,
2018,6192,其他電子業,369,362547,983,,6.95,1192,7.41,,,,
2018,6194,電子零組件業,4,2294,574,,0.81,657,1.96,,,,
2018,6195,貿易百貨,388,218110,562,,3.67,581,4.87,,,,
2018,6196,其他電子業,741,781386,1055,,4.4,1192,7.41,,,,
2018,6197,電子零組件業,126,109573,870,,2.18,786,5.37,,,,
2018,6198,半導體業,18,17002,945,,0.78,970,4.11,,,,
2018,6199,其他,12,11114,926,,0.21,592,2.0,,,,
2018,6201,其他電子業,337,199791,593,,2.95,1192,7.41,,,,
2018,6202,半導體業,354,512515,1448,,4.7,1228,7.24,,,,
2018,6203,電子零組件業,78,53701,688,,3.76,657,1.96,,,,近兩年較大幅度招募年輕員工培訓，共計23人，佔非經理級78人中之29.5%。培訓人員中有18人(佔78.3%)年化總薪資低於全體平均值688千元，故拉低平均值。
2018,6204,電子零組件業,78,43865,562,,1.26,657,1.96,,,,
2018,6205,電子零組件業,141,107914,765,,2.01,786,5.37,,,,
2018,6206,電腦及週邊設備業,421,330497,785,,5.6,1200,2.73,,True,,因本公司107年度外勞人數佔總員工人數21%，致本公司員工(年度)薪資平均數低於同業平均數。
2018,6207,電子零組件業,190,125254,659,,4.0,657,1.96,,,,
2018,6208,電子零組件業,272,224883,827,,2.11,657,1.96,,,,
2018,6209,光電業,729,330440,453,,-0.45,823,1.04,True,,,"1.本公司因近年進行產品結構轉型,因未獲利故無員工分紅2.台灣勞工招募不易且不願意上夜班輪班,故使用相當高比例的移工3.本公司已響應政府政策,近年來每年員工調薪幅度平均為3%以上"
2018,6210,電子零組件業,271,162572,600,,2.57,657,1.96,,True,,本公司標市場定位為高毛利訂單，故每股盈餘表現一般均較同業為佳，非經理人之全時員工薪資均參酌就業市場及勞動法令執行，平均數雖低於同業水準，僅為一統計數之計算，但並無影響公司運作，故應無是否合理之虞。
2018,6212,建材營造,12,16826,1402,,7.52,812,1.27,,,,
2018,6213,電子零組件業,372,258460,695,,5.86,786,5.37,,True,,"本公司因產業特性需要較多工廠的產線員工(超過50%)，且當中有25%為外籍員工,導致全員平均薪資偏低。"
2018,6214,資訊服務業,1528,1389500,909,,4.27,879,2.13,,,,
2018,6215,其他電子業,157,121953,777,,0.59,1192,7.41,,,,
2018,6216,通信網路業,194,187297,965,,2.28,1119,2.93,,,,
2018,6217,電子零組件業,208,142022,683,,0.95,657,1.96,,,,
2018,6218,通信網路業,139,131808,948,,1.7,718,1.35,,,,
2018,6219,建材營造,23,21637,941,,0.71,812,1.27,,,,
2018,6220,電子零組件業,87,56805,653,,2.84,657,1.96,,,,
2018,6221,資訊服務業,171,162541,951,,3.23,809,1.2,,,,
2018,6222,光電業,11,7029,639,,1.07,730,-0.26,,True,,
2018,6223,半導體業,1540,1458855,947,,4.19,970,4.11,,True,,本次調查將所有半導體產業同時評比，未區分中下游廠商，但上游IC設計與晶圓製造廠商，多屬研發人員，薪資會高於中下游之製造廠商，同時評比對下游產業不公平。建議應以細分後之產業類別進行評比，較能呈現實際狀況。
2018,6224,電子零組件業,195,152600,783,,4.38,786,5.37,,,,
2018,6225,光電業,6,3616,603,,-0.17,823,1.04,,,,
2018,6226,光電業,38,28386,747,,0.07,823,1.04,,,,
2018,6227,電子通路業,169,173765,1028,,2.73,684,0.11,,,,
2018,6228,電腦及週邊設備業,31,19538,630,,-1.04,769,2.63,,,,
2018,6229,半導體業,24,20111,838,,0.77,970,4.11,,,,
2018,6230,電腦及週邊設備業,320,200954,628,,6.9,1200,2.73,,True,,"公司依據每年營運績效提撥獎金.酬勞.調薪比率,除因資深員工異動外,依訂單需求狀況,調節新進人員及外勞,導致每年平均薪資會有差異;同一產業內之公司實際營運項目產品內容差異很大,依此比較結果不客觀."
2018,6231,資訊服務業,385,367534,955,,1.74,809,1.2,,,,
2018,6233,半導體業,95,105608,1112,,-0.35,970,4.11,,,,
2018,6234,光電業,136,72941,536,,0.92,730,-0.26,,True,,本年度獲利雖有回升，但薪資與同區域比較尚屬合理，且每年針對表現較佳員工，公司皆會進行調薪事宜。
2018,6235,電腦及週邊設備業,48,38566,803,,1.01,1200,2.73,,,,
2018,6236,其他,22,13756,625,,-1.98,592,2.0,,,,
2018,6237,半導體業,114,125754,1103,,-0.33,970,4.11,,,,
2018,6239,半導體業,10271,7691688,749,,8.02,1228,7.24,,True,,"主因係職務人力結構所致。研發工程行政：「3524人、占34.3%、薪資平均數1,196仟元」。本國藉作業員：「3841人、占37.4%、薪資平均數610仟元」。外藉作業員：「2906人、占28.3%、薪資平均數395仟元」。"
2018,6240,其他,23,13733,597,,1.29,592,2.0,,True,,本公司107年EPS1.29元主要係來自業外資產投資獲利，近年本公司營業收入下降致本業虧損，使本公司員工薪資調整幅度較小，另業績下降也使本公司業務獎金發放較少，因此本公司非經理人全時員工薪資平均數低於同業水準
2018,6241,通信網路業,31,21404,690,,-1.24,718,1.35,,,,
2018,6242,生技醫療業,103,51673,502,,3.46,681,1.32,,True,,公司營運型態偏向零售之服務業，相對聘用之員工大多數為現場客服人員居多，對學歷與技術層面之標準屬中間層次，導致薪資水準相對較生技醫療業同業水準低。對此，公司將會以獎金制度、員工持股會等機制來激勵員工。
2018,6243,半導體業,59,67587,1146,,-0.8,1228,7.24,,,,
2018,6244,光電業,1933,1239264,641,,-12.61,730,-0.26,,,,
2018,6245,通信網路業,645,548126,850,,3.92,718,1.35,,,,
2018,6246,光電業,20,14088,704,,0.66,730,-0.26,,True,,本公司產品主要為背光模組、LED光源條毛利較低以及國際間貨幣競貶，未能達到相當的獲利，近期致力於內部整頓增加獲利提升員工士氣，擬於近期經薪酬委員會、董事會通過辦理調薪計畫。
2018,6247,其他電子業,80,57255,716,,-0.88,710,1.96,,,,
2018,6248,鋼鐵工業,30,18370,612,,0.01,721,0.76,,,,
2018,6251,電子零組件業,699,373874,535,,-0.86,786,5.37,,,,
2018,6257,半導體業,1783,1151687,646,,3.01,1228,7.24,,,,
2018,6259,電子零組件業,22,13902,632,,-0.19,657,1.96,,,,
2018,6261,半導體業,982,794653,809,,3.58,970,4.11,,,,
2018,6263,通信網路業,134,95593,713,,4.82,718,1.35,,True,,
2018,6264,建材營造,22,12740,579,,0.03,812,1.27,,,,
2018,6265,電子通路業,49,26946,550,,-1.32,684,0.11,,,,
2018,6266,電子零組件業,318,195777,616,,2.82,657,1.96,,True,,本公司於107年下半年營收及獲利增加，人員從106年320人，到107年底增加到412人，增加了92人，因新進人員的起薪較低，且外籍員工的人數亦增加不少，故員工薪平均數會較低，本公司持續每年有進行調薪評估調整。
2018,6269,電子零組件業,1622,1021285,630,,8.55,786,5.37,,True,,1.本公司依「非擔任主管職務之全時員工薪資資訊」申報作業規定計算全公司薪資平均數2.本公司的製程以勞力密集為主，製造直接人工佔比較大，直接人力薪資比例佔全公司薪資比較高
2018,6270,電子通路業,60,59950,999,,0.98,684,0.11,,,,
2018,6271,半導體業,1615,1155056,715,,6.13,1228,7.24,,,,
2018,6274,電子零組件業,913,714980,783,,7.46,657,1.96,,,,
2018,6275,電子零組件業,322,171279,532,,-0.47,657,1.96,,,,
2018,6276,電腦及週邊設備業,21,16928,806,,0.11,769,2.63,,,,
2018,6277,電腦及週邊設備業,605,710379,1174,,13.19,1200,2.73,,True,,"107年EPS13.19元含業外收入.產品在台生產,此平均薪資含作業員.排除作業員,非主管職務之員工平均年薪為1317仟元,優於同業平均.公司為臺灣高薪100指數之成分股,向來注重員工薪酬,獲利回饋員工"
2018,6278,光電業,664,362505,546,,2.68,823,1.04,,True,,本公司非擔任主管職員工薪資低於同業，主因本公司在產業鏈中屬製造生產端，產線作業員比例大於同業，在人力結構不同的情況下非經理人之全時員工薪資低於同業。
2018,6279,電子零組件業,443,292093,659,,6.0,657,1.96,,,,
2018,6281,電子通路業,1644,1063927,647,,4.09,899,3.73,,True,,本公司產業類別屬於電子通路業，該類別含BtoB及BtoC二種業態，前者交易對象為法人，與本公司交易對象為消費者、屬零售服務之業態明顯不同，薪資難免有落差。若與同業態公司相比，員工薪資與福利，均未低於同業。
2018,6282,電子零組件業,1197,1039692,869,,1.95,786,5.37,,,,
2018,6283,其他電子業,45,44814,996,,0.19,1192,7.41,,,,
2018,6284,電子零組件業,613,407113,664,,2.14,657,1.96,,,,"1.本公司107年非經理人之全時員工薪資較同業平均略低7%，差異僅4.8萬元。2.公司獲利EPS2.14元，較同業1.90元為佳，主要係業外處分股票獲利，107年度淨利264,913千元，處分股票利益263,897千元，影響EPS2.13元。"
2018,6285,通信網路業,2730,2917161,1069,,5.21,1119,2.93,,True,,1.通信網路業中，公司行業存有差異 (如服務業或製造業等)，故各公司之薪資結構比較基礎不盡相同。2.啟碁係一製造公司，且產品在台製造比重高，故工廠直接人員數多，進而影響整體非主管職員工之年度薪資數。
2018,6287,半導體業,406,208620,514,,-0.08,970,4.11,,,,
2018,6288,汽車工業,495,306402,619,,0.91,707,5.02,,,,
2018,6289,光電業,140,76433,546,,0.26,823,1.04,,,,
2018,6290,電子零組件業,51,45588,894,,1.14,657,1.96,,,,
2018,6291,半導體業,54,48129,891,,-3.6,970,4.11,,,,
2018,6292,電子零組件業,36,39054,1085,,1.92,657,1.96,,,,
2018,6294,文化創意業,303,155169,512,,8.62,737,3.52,,True,,一、本公司員工組成年輕化，年資較淺。二、本公司主要從事補教業務，薪資已高於一般補教業水準，但本公司仍每半年會依員工績效調整薪資。三、隨著公司成長，未來薪資調整幅度會逐一修正，以期達到文創業之水平。
2018,6405,光電業,395,206323,522,,0.09,823,1.04,,,,
2018,6409,其他電子業,72,90008,1250,,23.18,1192,7.41,,,,
2018,6411,半導體業,85,204768,2409,,7.58,970,4.11,,,,
2018,6412,電子零組件業,641,847438,1322,,2.72,786,5.37,,,,
2018,6414,電腦及週邊設備業,170,186745,1099,,14.45,1200,2.73,,True,,樺漢薪酬政策會衡量市場的薪資水準、物價指數及本體經營績效，對同仁薪資做出適當的調整。另依公司營運狀況及個人績效表現，發放績效獎金及員工酬勞，以獎勵員工的貢獻與努力。
2018,6416,通信網路業,231,152873,662,,5.42,1119,2.93,,True,,本公司近3年新設置生產製造單位，該單位人員數直線成長並占公司人數約35%，且其中移工又約占1/4之比例；另本公司為推動青年培力，與學校進行建教合作，每年學生人數約占員工人數的5%，故該數值尚為合理。
2018,6417,通信網路業,373,176734,474,,1.2,718,1.35,True,,,本公司產品客製化且少量多樣，難以全自動化生產，需投入大量作業人力，員工結構中半數為直接作業人員(包含外籍移工)，其平均薪資為37.5萬元；而非直接作業人員，其平均薪資為57.1萬元，故整體平均薪資呈現數值較低。
2018,6418,電子零組件業,41,20647,504,,1.55,657,1.96,,,,
2018,6419,光電業,71,58939,830,,-3.98,730,-0.26,,,,
2018,6425,電機機械,200,155692,778,,4.39,608,2.45,,,,
2018,6426,通信網路業,205,109828,536,,0.35,1119,2.93,,,,
2018,6432,電子零組件業,66,52320,793,,2.92,657,1.96,,,,
2018,6435,半導體業,64,106544,1665,,9.75,970,4.11,,,,
2018,6438,其他電子業,377,300388,797,,4.04,1192,7.41,,,,
2018,6441,電腦及週邊設備業,83,49802,600,,2.01,769,2.63,,,,
2018,6442,通信網路業,407,263357,647,,2.34,1119,2.93,,,,
2018,6443,光電業,1251,603326,482,,-2.54,823,1.04,True,,,公司以製造業為主，大都為四班二輪之輪班制員工，現場技術員人佔全公司六成的人數。因去年度產業變化衝擊影響，輪班制（做二休二）的同仁（工作15天，休息15天）平日加班機會不多，導致薪資金額未達50萬。
2018,6446,生技醫療業,157,133894,853,,-4.76,681,1.32,,,,
2018,6449,電子零組件業,69,67916,984,,2.24,786,5.37,,,,
2018,6457,半導體業,65,69878,1075,,1.58,970,4.11,,,,
2018,6461,生技醫療業,82,69990,854,,-2.86,681,1.32,,,,
2018,6462,半導體業,158,234840,1486,,9.62,970,4.11,,,,
2018,6464,其他,41,20868,509,,5.21,781,3.69,,True,,本公司因獲利表現較同業為佳，惟員工薪資平均數低於同業水準；透過此次薪酬揭露訊息，公司有機會了解整體市場狀況，未來將對整體經營績效與員工報酬結合，增進員工福利、促進勞資雙贏，落實公司治理與企業社會責任。
2018,6465,通信網路業,51,41255,809,,0.03,718,1.35,,,,
2018,6469,生技醫療業,596,270787,454,,3.01,681,1.32,True,True,,本公司屬零售通路業，門市人員占多數，且同質工作選擇性較多致流動率高，較難以平均薪資評論，本公司對於正職員工都有進階考核、升遷，每年調薪2%~5%，亦投入大量培訓成本，致力提供具成長性且福利健全之工作環境。
2018,6470,通信網路業,227,177322,781,,3.29,718,1.35,,,,員工人數扣除外勞38人後，非擔任主管職務全時員工薪資之「薪資平均數」為894仟元。
2018,6472,生技醫療業,125,76254,610,,16.18,681,1.32,,True,,本公司扣除投資損益及一次性廉價購買利益之EPS未高於同業水平。而台南官田工業區工廠人數佔總統計人數71%，其中作業員又佔45%，故平均薪資相對較低。本公司已持續依營運狀況及員工績效並檢視薪資水平給予員工調薪。
2018,6477,光電業,244,113821,466,,2.42,823,1.04,True,True,,105年景氣衰退營運出現虧損，106年景氣復甦獲利回穩，薪資已逐步調整，比對106及107年年均薪資，薪資調幅達8%，本年度亦有調薪計劃；另因員工平均年資較淺約4.8年及平均年齡較輕約34歲，故對年均薪資計算影響大
2018,6482,文化創意業,70,31301,447,,-1.64,737,3.52,True,,,本公司為台中唯一上櫃的文創業，同業大部份均位於北部，依「勞動部薪資行情及大專就業導航」：北部月薪較中部高約5仟～1萬元；且本公司107年虧損，依章程、獎金制度無法發放獎金，但體恤員工辛勞仍有發放年終獎金。
2018,6485,半導體業,217,181109,835,,2.19,970,4.11,,,,
2018,6486,通信網路業,282,290577,1030,,4.71,718,1.35,,,,
2018,6488,半導體業,576,811545,1409,,31.18,970,4.11,,,,
2018,6492,生技醫療業,19,18903,995,,-5.05,681,1.32,,,,
2018,6494,半導體業,110,126946,1154,,2.65,970,4.11,,,,
2018,6496,生技醫療業,123,127275,1035,,4.75,681,1.32,,,,
2018,6499,生技醫療業,38,39902,1050,,4.94,681,1.32,,,,
2018,6504,其他,276,170296,617,,8.16,781,3.69,,True,,由於台灣未有與本公司係完全相同之同業，比較基礎不同，故係屬合理。
2018,6505,油電燃氣業,5166,7312109,1415,,6.31,1170,5.48,,,,
2018,6506,紡織纖維,331,213368,645,,1.32,589,1.26,,True,,1.化學產品廣泛，各公司經營型態及規模不同，本公司為上下游整合產業，營收58%為紡織業，與化學同業比較，勞力密集度較高。2.公司核薪參照地方行情，高於107年製造業平均年薪611仟元(行政院主計處統計月報)。
2018,6508,農業科技,140,74284,531,,2.16,544,1.9,,True,,係本公司植物保護劑與環科事業群生產製造之直間接員工人數占比約為非擔任主管職務員工人數55%，其中部分直接員工為雇用外籍員工，而因基層員工薪資占比高且流動性較高，以致整體平均薪資顯得略低於同業平均薪資。
2018,6509,化學工業,331,242895,734,,0.96,664,0.49,,,,
2018,6510,半導體業,805,801845,996,,21.84,970,4.11,,,,
2018,6512,其他電子業,54,33849,627,,0.52,710,1.96,,,,
2018,6523,生技醫療業,107,65861,616,,0.55,681,1.32,,,,
2018,6530,通信網路業,94,45376,483,,0.69,718,1.35,True,,,107年因光通訊產業需求減緩及中國大陸同業低價競爭，本公司營收及獲利均較106年明顯衰退，導致員工流動，總人數減少約20%，且職缺多為研發、業務、工程等專業職，故非經理人全時員工平均薪資未達50萬元。
2018,6531,半導體業,112,178181,1591,,1.55,1228,7.24,,,,
2018,6532,半導體業,119,71514,601,,3.46,970,4.11,,,,
2018,6533,半導體業,142,188566,1328,,0.97,1228,7.24,,,,
2018,6535,生技醫療業,24,27935,1164,,-0.51,681,1.32,,,,
2018,6538,電子零組件業,235,116069,494,,0.07,657,1.96,True,,,"說明:1.107及106年度因業績低迷故未進行調薪2.同上故未發放員工紅利,此外業績獎金亦大幅減少108年本公司已於4月份完成調薪,並將視今年度營運狀況進行獎金發放"
2018,6542,文化創意業,14,11027,788,,3.49,737,3.52,,,,
2018,6547,生技醫療業,82,73548,897,,-3.17,681,1.32,,,,
2018,6548,半導體業,164,89062,543,,23.6,970,4.11,,True,,公司人力結構以技術員佔比約68%，其中外勞人數佔技術員比率約20%，依公司獎金辦法，本年度獎金約3個月，故年薪約15個月，尚屬合理。
2018,6552,半導體業,576,273157,474,,2.2,1228,7.24,True,,,係本公司人力結構上雇用較多外籍勞工擔任直接人員所致
2018,6556,光電業,303,194735,643,,1.4,730,-0.26,,True,,公司直接人力人數佔比45%，其薪資佔比為30%；107年因遷廠，致年資在6個月以上未滿一年人數比例高，影響變動獎金發放；107年人事費用率20%，參106年咨鼎薪資調查資料落於P75-P90，顯示人事費用成本不低於整體產業
2018,6558,其他電子業,52,49160,945,,2.17,1192,7.41,,,,
2018,6560,光電業,47,45199,962,,3.55,730,-0.26,,,,
2018,6561,通信網路業,125,201313,1611,,7.41,718,1.35,,,,
2018,6568,半導體業,49,81592,1665,,8.85,970,4.11,,,,
2018,6569,生技醫療業,84,80820,962,,9.74,681,1.32,,,,
2018,6570,電腦及週邊設備業,92,56720,617,,1.99,769,2.63,,,,
2018,6574,生技醫療業,400,289959,725,,4.95,681,1.32,,,,
2018,6576,生技醫療業,18,20575,1143,,-6.55,681,1.32,,,,
2018,6577,電腦及週邊設備業,163,124276,762,,4.87,769,2.63,,True,,"我司現場工作人員佔比40%+,且流動率高,107年度稅前淨利較前一年度提升主因,在於台幣眨值下,毛利率的提升及營業外收入的增加,故公司經營績效與非經理人全時員工薪資無太大正關聯性存在"
2018,6578,農業科技,43,21328,496,,0.94,544,1.9,True,,,"本公司聘用6名外勞,佔加權平均員工人數14%,致員工薪資平均數未達50萬。"
2018,6579,電腦及週邊設備業,450,394892,878,,6.86,1200,2.73,,True,,員工薪酬含月薪、三節及員工酬勞。員工酬勞依公司章程辦理-當年度獲利扣除累積虧損後，如尚有盈餘應提撥不低於5%經比較IPC 15間同業提撥率1.6~15.2%，本公司提撥率6.9%為中間值正常水準
2018,6581,其他,76,65009,855,,7.11,781,3.69,,,,
2018,6582,橡膠工業,165,123813,750,,4.08,632,1.17,,,,
2018,6590,資訊服務業,107,87987,822,,2.03,809,1.2,,,,
2018,6593,資訊服務業,228,144693,635,,2.76,809,1.2,,True,,本公司員工薪酬係參考個人績效達成，並視實際經營狀況及相關法令適時檢討，而本公司主異業務可劃分為卡片事業(資訊服務)及銘板事業(製造相關)，依各類產品之專業技術不同，故其人員薪酬存在差異性，尚屬合理。
2018,6594,半導體業,59,66135,1121,,1.24,970,4.11,,,,
2018,6596,文化創意業,38,21443,564,,1.24,737,3.52,,,,
2018,6603,電機機械,339,165153,487,,0.69,608,2.45,True,,,本公司各項獎勵金(營運獎金、績效獎金、年終獎金、員工紅利、…..等等)的發放與營運績效相結合，107年度某些事業部營運績效未達標，致獎勵金發放減少，亦拉低員工平均薪資數額。
2018,6605,汽車工業,3062,1569583,513,,5.66,707,5.02,,True,,"1.本公司自製生產比例高達97%以上,僱用人數相對較同業高。2.國內招募基層員工不易需搭配任用外籍員工;基於自行培育本產業技術人才與高職端建教合作,外籍及建教合作生共768位,佔總員工比24.3%,於平均薪資有直接影響。"
2018,6609,電機機械,298,217350,729,,4.02,608,2.45,,,,
2018,6612,生技醫療業,44,25680,584,,2.23,681,1.32,,True,,目前本公司的獲利來自營業外收入-認列採權益公司之利益占比仍重，本公司在個體本業營業獲利仍有努力空間。儘管本業獲利尚待努力，本公司一直重視與公司一起努力的全體員工，107年度平均調薪幅度達3%以上。
2018,6613,其他電子業,138,133147,965,,16.5,710,1.96,,,,
2018,6615,生技醫療業,102,62803,616,,2.26,681,1.32,,True,,本公司新增多項功能性職務，員工平均年資僅三年，新進薪酬雖不低但年資效果無法顯現。技術操作員工佔38%屬勞力密集職務，薪資固定鮮少加班。著重人才培訓創造友善職場等無形人力資源投資，較無法呈現於薪酬平均數。
2018,6625,其他,235,181266,771,,2.43,781,3.69,,,,
2018,6640,半導體業,136,139287,1024,,3.33,970,4.11,,,,
2018,6654,其他電子業,81,46203,570,,9.13,710,1.96,,True,,本年度列入全時員工薪資資訊有部分屬外籍勞工，部分產學合作之新進員工，整體佔29%左右，且計薪主要依據員工年資績效進行評比，本公司未滿兩年之員工亦約10%左右(未含產學及外籍員工)，故相關薪資水準較同業較低。
2018,6655,其他,560,403345,720,,3.5,781,3.69,,,,
2018,6662,生技醫療業,66,46835,710,,2.28,681,1.32,,,,
2018,6664,電子零組件業,201,177231,882,,5.1,657,1.96,,,,
2018,6667,其他電子業,219,156435,714,,3.24,710,1.96,,,,
2018,6668,光電業,242,167921,694,,2.3,823,1.04,,True,,因產線擴增人力聘僱，且因應輪班需求製造人力占比較高。公司除提供薪資、獎金、員工酬勞外，亦發行員工認股權、限制員工權利新股及員工現金增資認股等獎酬，讓員工參與公司成長，惟前述獎酬工具並未列入本項統計。
2018,6670,其他,742,554594,747,,16.85,781,3.69,,True,,復盛應用科技為工業局核定等級A+級之3K(辛苦、骯髒、危險)產業，在人口老化結構及就業選擇上，無法滿足用工人數，目前聘用約30%外籍勞工，大幅拉低薪資平均。對比所比較其他非屬同A+級3k產業，造就低於同業水準情況!
2018,6674,通信網路業,119,116660,980,,3.02,1119,2.93,,True,,"員工薪酬除衡量公司經營績效(如每股盈餘外),亦須配合內部整體經營目標及其員工績效表現,而本公司於107年底方上市掛牌,其薪酬結構尚待調整中。"
2018,6803,其他,724,671589,928,,12.04,592,2.0,,,,
2018,7402,光電業,49,43188,881,,1.43,730,-0.26,,,,
2018,8011,通信網路業,227,125958,555,,0.01,1119,2.93,,,,
2018,8016,半導體業,364,654882,1799,,7.03,1228,7.24,,,,
2018,8021,其他電子業,305,197604,648,,1.69,1192,7.41,,,,
2018,8024,半導體業,101,90675,898,,0.14,970,4.11,,,,
2018,8027,電機機械,208,135761,653,,1.27,608,2.45,,,,
2018,8028,半導體業,547,394606,721,,1.87,1228,7.24,,,,
2018,8032,電子通路業,105,141610,1349,,2.84,684,0.11,,,,
2018,8033,其他,16,10743,671,,-0.45,781,3.69,,,,
2018,8034,通信網路業,71,50700,714,,1.06,718,1.35,,,,
2018,8038,電子零組件業,44,26905,611,,-2.73,657,1.96,,,,
2018,8039,電子零組件業,709,568305,802,,3.22,786,5.37,,,,
2018,8040,半導體業,128,177595,1387,,-1.03,970,4.11,,,,
2018,8042,電子零組件業,69,44678,648,,1.02,657,1.96,,,,
2018,8043,電子零組件業,86,118293,1376,,5.05,657,1.96,,,,
2018,8044,電子商務,1496,916665,613,,-8.49,639,-0.74,,,,
2018,8046,電子零組件業,5484,4619609,842,,-0.9,786,5.37,,,,
2018,8047,其他電子業,139,104883,755,,-0.15,710,1.96,,,,
2018,8048,通信網路業,107,78004,729,,2.22,718,1.35,,,,
2018,8049,光電業,159,108708,684,,2.52,730,-0.26,,True,,"本司為光電業,其歸類實屬廣泛,且每家生產型態不同,部份公司在台並無生產作業人員,因此平均薪資較高,故比較基礎殊不一致。本公司之員工分紅制度,係按稅前淨利5~12%提撥,故而公司經營績效好,員工薪酬自然增加。"
2018,8050,電腦及週邊設備業,438,267214,610,,2.58,769,2.63,,,,
2018,8054,半導體業,122,140860,1155,,1.1,970,4.11,,,,
2018,8059,通信網路業,116,94402,814,,-1.78,718,1.35,,,,
2018,8064,光電業,505,434101,860,,2.31,730,-0.26,,,,
2018,8066,貿易百貨,15,10514,701,,13.11,581,4.87,,,,
2018,8067,電子通路業,45,19515,434,,-2.29,684,0.11,True,,,"1.本公司107年因陸續設置美妝專櫃點召募新進人員及人員變動, 年資未滿一年者有20位, 其中不足半年者佔7 位, 而使年度平均新資數較低2.107年未提列員工紅利報酬"
2018,8068,電子通路業,23,17636,767,,0.12,684,0.11,,,,
2018,8069,光電業,877,933630,1065,,2.32,730,-0.26,,,,
2018,8070,電子通路業,75,96814,1291,,13.47,899,3.73,,,,
2018,8071,電子零組件業,67,40482,604,,1.1,657,1.96,,,,
2018,8072,電子通路業,150,101157,674,,-0.25,899,3.73,,,,
2018,8074,電子零組件業,272,152468,561,,1.3,657,1.96,,,,
2018,8076,電腦及週邊設備業,242,185181,765,,1.06,769,2.63,,,,
2018,8077,觀光事業,344,152547,443,,0.37,489,0.56,True,,,本公司非經理人全時員工平均薪資雖未達50萬，但已高於中華民國統計資訊網中住宿及餐飲業之平均值。
2018,8080,電子零組件業,10,7227,723,,-6.23,657,1.96,,,,
2018,8081,半導體業,310,495118,1597,,5.53,1228,7.24,,,,
2018,8083,電機機械,137,121010,883,,8.66,608,2.45,,,,
2018,8084,電子通路業,16,10156,635,,-0.43,684,0.11,,,,
2018,8085,其他電子業,366,175332,479,,-1.21,710,1.96,True,,,本公司非擔任主管職務之員工主要為線上作業員居多，薪資給付符合勞動部之規定，以上員工薪資平均數尚屬合理。
2018,8086,半導體業,497,305752,615,,2.11,970,4.11,,,,
2018,8087,光電業,39,16044,411,,-0.62,730,-0.26,True,,,"預錄光碟片係非常成熟的產品,本公司採取扁平化組織管理,中階幹部少,基層人員比例高,因此,非經理人之全時員工平均薪資未達50萬元(每年)。"
2018,8088,半導體業,465,203777,438,,0.53,970,4.11,True,,,"我司生產線作業員人數460人(含台、外籍各359及101人)占檢查表申報人數91.45%,台、外籍作業員平均薪資約為341仟元。本公司EPS0.53元薪資平均數438仟元較同業平均EPS4.11元972仟元，優於同業,我司朝獲利回饋員工。"
2018,8091,電子零組件業,304,251266,827,,6.56,657,1.96,,,,
2018,8092,其他電子業,209,105923,507,,0.03,710,1.96,,,,
2018,8093,電子零組件業,61,38891,638,,-0.15,657,1.96,,,,
2018,8096,電子通路業,42,40685,969,,-0.89,684,0.11,,,,
2018,8097,通信網路業,17,7282,428,,0.0,718,1.35,True,,,因該統計金額含有外籍員工，外籍員工平均薪資較低，導致所計算薪資平均數低於50萬。
2018,8099,資訊服務業,461,327833,711,,1.16,809,1.2,,,,
2018,8101,通信網路業,365,337679,925,,-3.41,1119,2.93,,,,
2018,8103,電子零組件業,156,124862,800,,2.51,786,5.37,,,,
2018,8104,光電業,279,189355,679,,5.66,823,1.04,,True,,本公司107年非主管員工279人，薪資皆符合法令，直接人工202人含產學合作及外籍勞工57人，以上員工無產業經驗且從事規律及低技術工作。另同業股本及獲利狀況皆高出本公司數十倍，故同業間每股盈餘有所差。
2018,8105,光電業,1955,1261379,645,,-0.3,823,1.04,,,,
2018,8107,電機機械,182,107604,591,,1.66,608,2.45,,,,
2018,8109,電子零組件業,226,153416,679,,7.01,657,1.96,,,,
2018,8110,半導體業,2404,1256122,523,,0.78,1228,7.24,,,,
2018,8111,光電業,176,98874,562,,1.89,730,-0.26,,True,,107年度本公司毛利率25%;相較同業佰鴻及東貝毛利率21%-22%並無重大差異，本公司EPS高於同業主要原因為107年度認列業外收入較高(處份大陸廠房利益)所致。
2018,8112,電子通路業,119,158775,1334,,3.85,899,3.73,,,,
2018,8114,電腦及週邊設備業,299,206236,690,,8.52,1200,2.73,,True,,本公司商業運營模式及規模、獲利組成、海內外員工結構和分工，與同業不盡相同。員工薪酬結構，係綜合衡量其工作職能和績效達成，及其對組織營運貢獻和價值創造等。另我司製造單位之員工有206位，其中44位為外籍移工
2018,8121,電子零組件業,115,89203,776,,0.31,657,1.96,,,,
2018,8131,半導體業,2394,1280952,535,,3.21,1228,7.24,,,,
2018,8147,電子零組件業,53,28243,533,,0.84,657,1.96,,,,
2018,8150,半導體業,5678,4388945,773,,1.37,1228,7.24,,,,
2018,8155,電子零組件業,623,373268,599,,7.36,657,1.96,,True,,本公司生產據點僅在台灣，相較電子零組件同業有多處海外生產據點，博智直間比較高，故平均薪資較低。許多電子零組件同業生產的重心在海外，研發重心在台灣，台灣間接人力中研發人員比重較高，平均薪資相對較高。
2018,8163,電腦及週邊設備業,682,1021569,1498,,5.43,1200,2.73,,,,
2018,8171,通信網路業,29,15041,519,,-1.34,718,1.35,,,,
2018,8176,通信網路業,61,58348,957,,0.64,718,1.35,,,,
2018,8182,電子零組件業,309,160185,518,,1.49,657,1.96,,,,
2018,8183,其他電子業,242,121112,500,,1.19,710,1.96,,,,
2018,8201,其他電子業,124,93894,757,,-0.47,1192,7.41,,,,
2018,8210,電腦及週邊設備業,166,198200,1194,,5.37,1200,2.73,,True,,本公司落實薪酬與績效連結性，薪資及獎金報酬皆有持續購買外部薪資調查報告，參考業界資訊，以確保員工整體經常性報酬在相關業界水平之上；並供優渥的福利制度，以照顧及回饋員工。
2018,8213,電子零組件業,372,536268,1442,,4.38,786,5.37,,,,
2018,8215,光電業,1284,1220366,950,,1.02,823,1.04,,,,
2018,8222,電機機械,238,123434,519,,0.7,743,1.51,,,,
2018,8234,電腦及週邊設備業,820,571780,697,,1.21,769,2.63,,,,
2018,8240,光電業,609,370803,609,,1.51,730,-0.26,,True,,本公司EPS較優於同業，惟EPS1.5元主要來自業外，個別報表本業為虧損，在未曾裁減人力前提下，基層員工未有加班亦少有獎金，致平均薪資低於同業。
2018,8249,電子零組件業,69,96259,1395,,1.62,786,5.37,,,,
2018,8255,電機機械,694,463211,667,,7.08,608,2.45,,,,
2018,8261,半導體業,120,120270,1002,,2.04,1228,7.24,,,,
2018,8271,半導體業,459,404163,881,,3.56,1228,7.24,,,,
2018,8277,半導體業,72,45852,637,,-0.83,970,4.11,,,,
2018,8279,生技醫療業,277,166943,603,,5.8,681,1.32,,True,,1.員工平均年資偏低：未達平均年資者占全公司人數70%。因公司近年遷廠及營運規模擴大，故平均年資偏低。2.員工流動率高：因現場直接人力較無技術性門檻，現場工作替代性高，故人員流動率高。
2018,8289,電子零組件業,206,116716,567,,1.6,657,1.96,,,,
2018,8291,電子零組件業,134,80221,599,,-0.84,657,1.96,,,,
2018,8299,半導體業,1367,2570528,1880,,21.91,970,4.11,,,,
2018,8341,其他,257,244449,951,,7.38,781,3.69,,,,
2018,8342,其他,193,84728,439,,3.43,592,2.0,True,True,,外籍勞工薪資偏低及人數占比高達20%，故拉低整體平均薪資
2018,8349,鋼鐵工業,501,300973,601,,5.43,721,0.76,,True,,本公司EPS高於同業主要係來自採用權益法認列之子公司及關聯企業損益之份額占稅後淨利比重高。
2018,8354,其他,225,108208,481,,3.18,592,2.0,True,,,產業環境變化，致107年度營收及獲利相較去年減少，107年主要獲利來源為處份不動產收益
2018,8358,電子零組件業,293,198772,678,,2.93,657,1.96,,,,
2018,8367,航運業,339,221972,655,,1.96,1149,0.62,,True,,本公司參照上市同業水準訂定薪酬辦法做為員工薪資計發依據，107年稅前淨利及平均薪資費用分別較前一年減少9.81%及0.90%，另與上市營運模式相似同業相較，本公司營運績效及員工平均薪資均落於同業間，故應屬合理
2018,8374,電機機械,101,84487,837,,1.28,743,1.51,,,,
2018,8383,其他電子業,809,487098,602,,2.57,710,1.96,,True,,本公司製造產線均設置在台灣並持續擴廠增加產能，主要製程為金屬加工與零件組裝，產線需要大量基礎人員，直接人員佔比66%，年薪達58萬，間接人員佔比34%，年薪達65萬，薪酬條件均符合或高於相同工作性質一般水平。
2018,8390,其他,117,76497,654,,0.8,592,2.0,,,,
2018,8401,其他,438,264196,603,,0.97,592,2.0,,,,
2018,8403,生技醫療業,154,101553,659,,1.56,681,1.32,,True,,本公司107年度EPS相較106年度雖為上升趨勢，依營運成果分析，多為業外收入成長，本業的業內收入為負成長趨勢。且本公司員工薪酬結構，有相當部份係結合營運績效之獎酬機制，故107年度在績效薪酬未有較大幅度之增長。
2018,8409,生技醫療業,96,62776,654,,-0.37,681,1.32,,,,
2018,8410,電腦及週邊設備業,210,133309,635,,2.82,769,2.63,,True,,本公司位處南部，且因基層人力短缺，部分作業聘用外勞，其人數佔比約17%，因此平均薪資相較其他同業略低。由於公司經營績效影響調薪、獎金及酬勞發放，107年淨利略優於106年，因此員工平均薪資亦有近5%之成長。
2018,8415,鋼鐵工業,56,77492,1384,,1.64,721,0.76,,,,
2018,8416,資訊服務業,186,158636,853,,9.69,809,1.2,,,,
2018,8420,其他,366,192398,526,,1.58,592,2.0,,,,1.薪酬發放依照勞工法令規範給予之，並符合勞動法令。2.薪酬與屏東區製造業相較，屬中上以上，除基本薪資外，額外三節獎金、績效獎金、員工酬勞等亦依據經營狀況或績效目標合理提撥金額予以發放。
2018,8421,其他,318,177033,557,,0.69,592,2.0,,,,
2018,8422,其他,81,61924,764,,12.13,781,3.69,,True,,(1)其他行業別組成複雜，彼此間行業特性差異大，綜合比較易失真。(2)非擔任主管職務之全時員工薪資水平，本公司已逐年調整成長。
2018,8424,建材營造,148,104410,705,,4.8,812,1.27,,True,,本公司係矽酸鈣板製造業，屬建材下游產業，加工技術層次較低且所需學歷普遍較低之下，薪資可能較低。惟公司獲利主要緣於產業之供需及有效良善管理。近年公司依舊維持在2~3%之穩定調薪，提供良善之薪資環境。
2018,8431,其他電子業,17,10250,603,,-1.82,710,1.96,,,,
2018,8432,生技醫療業,59,67917,1151,,1.5,681,1.32,,,,
2018,8433,貿易百貨,26,16610,639,,6.25,581,4.87,,,,
2018,8435,其他,84,103177,1228,,3.34,592,2.0,,,,
2018,8436,生技醫療業,578,599958,1038,,17.79,681,1.32,,,,
2018,8440,其他,111,63403,571,,0.51,592,2.0,,,,
2018,8443,貿易百貨,594,325218,548,,0.23,784,3.29,,,,
2018,8446,文化創意業,80,62586,782,,8.86,737,3.52,,,,
2018,8450,文化創意業,305,142291,467,,2.02,737,3.52,True,,,1本公司雖屬文創產業，惟特殊性高，不宜與同業一褱而論。2本公司之技藝多屬師徒培養，歷時漫長，於107年因應業務發展大量聘新人，故影響均數。3本公司已明確調薪規範，至今逐步調高學成之優秀、優異之員工薪資。
2018,8454,貿易百貨,1798,1344897,748,,10.35,784,3.29,,True,,107年度因擴大招募，任職滿6個月未滿12個月(未全年度在職)人數占23%，此部份員工未領滿全年度薪資，且包含工讀生人數，故影響我司平均年薪低於同業水準。
2018,8462,觀光事業,1350,1013324,751,,7.69,552,1.38,,,,
2018,8463,其他,289,165219,572,,0.77,781,3.69,,,,
2018,8464,其他,185,243076,1314,,12.39,781,3.69,,,,
2018,8472,電子商務,202,141485,700,,0.23,639,-0.74,,,,
2018,8473,其他,419,229569,548,,2.78,781,3.69,,,,
2018,8476,其他,157,80091,510,,-9.89,592,2.0,,,,
2018,8477,電子商務,158,112272,711,,2.09,639,-0.74,,,,
2018,8478,其他,329,213157,648,,3.85,781,3.69,,True,,本公司業務為遊艇製造及銷售，於上市類別中係屬其他，與此類別中同業公司性質比較，樣本差異性大。本公司章程規定年度如有獲利，應提撥不低於1%為員工酬勞，惟實際發放金額達3.73%，不吝與同仁分享營運上的成功表現
2018,8481,其他,238,211212,887,,3.35,781,3.69,,,,
2018,8489,其他,161,74974,466,,10.26,592,2.0,True,True,,主要係數位學習產品係透過經銷商進行銷售，且支付佣金予經銷商，另本公司薪資制度基於鼓勵員工久任，係依年資、職位及部門不同會給予員工「個別」不同薪資所致。經統計，任職滿3年以上員工，薪資即達同業平均水準。
2018,8905,其他,173,88919,514,,1.96,592,2.0,,,,
2018,8906,其他,68,33582,494,,0.01,592,2.0,True,,,"近年來印刷環境嚴峻,資深人員屆齡退休以及公司組織改造、降底成本"
2018,8908,油電燃氣業,113,89412,791,,1.99,679,1.32,,,,
2018,8916,其他,269,225955,840,,5.74,592,2.0,,,,
2018,8917,油電燃氣業,130,131345,1010,,1.99,679,1.32,,,,
2018,8921,其他,166,106856,644,,0.31,592,2.0,,,,
2018,8923,文化創意業,138,79446,576,,0.95,737,3.52,,,,
2018,8924,其他,195,121878,625,,0.3,592,2.0,,,,
2018,8926,油電燃氣業,108,129913,1203,,1.14,1170,5.48,,,,
2018,8927,油電燃氣業,329,136889,416,,0.4,679,1.32,True,,,基於產業特性，以兼職人力居多，流動率高。107年12月31日兼職人員佔比約40%，依107年相關法令規定計算，兼職年薪約29.5萬元。故無法滿足平均年薪50萬以上之水平。
2018,8928,其他,988,375362,380,,1.6,592,2.0,True,,,本公司的員工年度薪資平均數要達到50萬元/每人，需再支出1.18億元，當年度稅後淨利0.81億元將轉為虧損(-0.37)億元。
2018,8929,其他,82,42611,520,,0.73,592,2.0,,,,
2018,8930,鋼鐵工業,101,59566,590,,0.72,721,0.76,,,,
2018,8931,油電燃氣業,115,109065,948,,1.19,679,1.32,,,,
2018,8932,其他,240,105935,441,,5.82,592,2.0,True,True,,"第一點說明：因外籍員工佔申報人數的24%且            外籍員工採基本工資聘用第二點說明：宏大107年度EPS主要來源系處分　　　　　　資產,若排除處分資產,公司營運　　　　　　尚處虧損中."
2018,8933,其他,242,113075,467,,-8.09,592,2.0,True,,,1.外籍員工占員工總人數的20.23%，且外籍員工的薪資較低2.公司經營績效不佳，106年度年終獎金發放金額較往年低。3.綜合上述２項原因，故本公司員工平均薪資低於同業。
2018,8935,其他,75,37072,494,,2.16,592,2.0,True,True,,本公司雖EPS較前ㄧ年度成長，因子公司出售土地產生業外收益，但在本業上仍是處於虧損狀態，而且連續虧損達十年，故未對員工調薪，但基本薪資均符合勞基法規定。
2018,8936,其他,196,106660,544,,1.01,592,2.0,,,,
2018,8937,其他,80,35458,443,,0.11,592,2.0,True,,,本公司員工敘薪時均考量員工職級、市場行情等因素，因本公司105及106年兩年結算為虧損；且107年度本業經營仍為虧損，故影響107年度員工固定薪資及變動性薪資(如員工酬勞績效獎金等)無法大幅調漲。
2018,8938,其他,803,533324,664,,4.2,592,2.0,,,,
2018,8940,觀光事業,427,194357,455,,-0.51,552,1.38,True,,,餐飲業以服務為本體，直(間)接服務員人數佔比高，相應主任以下人員數亦高，而對比中高管理階層人數佔比較低，平均薪資自然趨向人力結構分布。
2018,8941,貿易百貨,14,10475,748,,3.38,581,4.87,,,,
2018,8942,其他,229,173073,756,,7.83,592,2.0,,,,
2018,8996,電機機械,501,371083,741,,2.57,743,1.51,,True,,
2018,9902,其他,9,5401,600,,0.12,781,3.69,,,,
2018,9904,其他,3396,2919825,860,,3.63,781,3.69,,,,
2018,9905,其他,342,207566,607,,1.47,781,3.69,,,,
2018,9906,建材營造,40,27738,693,,-0.36,780,1.81,,,,
2018,9907,其他,1173,875853,747,,0.94,781,3.69,,,,
2018,9908,油電燃氣業,260,259233,997,,1.32,1170,5.48,,,,
2018,9910,其他,2425,2694614,1111,,7.88,781,3.69,,,,
2018,9911,其他,857,544674,636,,3.65,781,3.69,,,,
2018,9912,電腦及週邊設備業,31,25602,826,,0.23,1200,2.73,,,,
2018,9914,其他,1032,743817,721,,5.72,781,3.69,,True,,1.本公司107年度非擔任主管職務之全時員工平均調薪約3.30%，107年度員工酬勞依公司章程規定提撥6%，與近年提撥水準相似。2.”9”開頭其他類別之上市公司產業多樣，就自行車產業而言，失去參考意義。
2018,9917,其他,2457,1749272,712,,4.64,781,3.69,,True,,本公司所經營相關業務多元化發展，薪資結構及計算相較複雜，與「同業」所營事業屬性多不相同，若員工月底到/離職，計算半月薪資也算成1人，影響薪資平均數。除月薪外，員工有年度晉升晉級的制度，與績效聯結。
2018,9918,油電燃氣業,171,168663,986,,1.27,1170,5.48,,,,
2018,9919,其他,553,287536,520,,-0.08,781,3.69,,,,
2018,9921,其他,2362,1435631,608,,7.64,781,3.69,,True,,"1.我司為勞力技術密集工業,全司約82%為直接作業員(其中約500人為外籍勞工)2.107年4月中美貿易大戰,全力追趕輸美訂單,因勞動法修法加班時數限制下,於4月起錄用更多生產作業員,增加近7%。1&2兩類員工皆非高薪族群"
2018,9924,其他,1010,547672,542,,3.68,781,3.69,,,,
2018,9925,其他,1385,852076,615,,2.18,781,3.69,,,,
2018,9926,油電燃氣業,164,190336,1161,,1.82,1170,5.48,,,,
2018,9927,其他,142,94386,665,,1.75,781,3.69,,,,
2018,9928,其他,384,265485,691,,-1.27,781,3.69,,,,
2018,9929,其他,216,105346,488,,0.32,781,3.69,True,,,"公司屬印刷製造業,工廠增額5%雇用藍領外勞,107年度外勞計43人,支薪月數與人數比率約佔全公司19%,影響整體薪資平均值減降,造成平均數未達50萬元.108年度優化人力,減少外勞雇用,目前估計可提升薪資平均數達50萬以上."
2018,9930,其他,231,328759,1423,,3.36,781,3.69,,,,
2018,9931,油電燃氣業,94,78247,832,,2.07,1170,5.48,,,,
2018,9933,其他,3150,3436179,1091,,2.4,781,3.69,,,,
2018,9934,其他,106,73930,697,,1.69,781,3.69,,,,
2018,9935,其他,370,150653,407,,1.43,781,3.69,True,,,本公司非擔任主管職務之全時員工人數370人，其中領取基本工資之外勞人數約占1/4，拉低了員工平均所得。
2018,9937,油電燃氣業,938,425562,454,,2.38,1170,5.48,True,,,上市油電燃氣業無經營型態同本公司為專營加油站業者，其人員結構多屬月薪制。因行業特性，本公司員工多為現場服務人員，部分工時及月薪加油員佔全體人數2/3，平均薪資水準因而低於同業，然與上櫃加油站同業相當。
2018,9938,其他,992,566495,571,,4.57,781,3.69,,True,,"1.本公司107年度非擔任主管職務之全時員工年薪資平均數超過50萬元，惟因產業別為其它，難以找到同產業別作比較2為因應未來營運成長及持續強化競爭力，本公司於2019年1月起對全體同仁調整薪資月增加1,100元"
2018,9939,其他,1168,681691,584,,3.73,781,3.69,,True,,本公司產業為傳統製造業，因所需生產線人力佔總人數約65%、現場流動性較高且外籍員工佔1/6，故整體平均數拉低；本公司仍持續積極提升薪資福利制度、培育優秀人才、建立安全、舒適的職場環境等方式提高員工滿意度。
2018,9940,其他,3613,3493987,967,,2.04,781,3.69,,,,本公司每年皆提撥經營稅後營業利益1/3，做為全體同仁年終獎金及年終績效獎金，具體實現利潤共享精神；業務同仁績效獎金則與業績連動，提供高薪低獎制度，且落實團體合作精神，變動團體獎金亦占有一定以上之比重。
2018,9941,其他,538,535640,996,,9.27,781,3.69,,,,
2018,9942,其他,965,478499,496,,5.28,781,3.69,True,True,,關聯性 : 依據本公司章程第28條：本公司年度如有獲利應提撥不低於3﹪為員工酬勞。本公司地處南投、屬傳統製造業且產線同仁比例近八成，每年會依據政府法令與個人績效表現調薪，並經薪資調查給予同仁合理的薪酬。
2018,9943,觀光事業,909,470421,518,,6.06,552,1.38,,True,,人力結構以服務生為主，高達九成，進入門檻容易，無學歷及經驗的要求，65%為高中(含)以下學歷。惟基層人員流動率高，未達一年年資者佔23%，影響各項獎金之領取，綜上原因，造成整體薪資平均數偏低。
2018,9944,其他,196,108232,552,,0.01,781,3.69,,,,
2018,9945,其他,259,148070,572,,7.22,781,3.69,,True,,本公司獲利來源中，轉投資收益佔比較高，若排除此部分，獲利表現未優於同業。而量販事業受電商崛起，業績下滑致虧損，此部分人力較多，平均薪資不易拉升。本公司盡力改善量販營運績效，以回饋員工並提升員工福祉。
2018,9946,建材營造,46,30712,668,,1.23,780,1.81,,,,
2018,9949,文化創意業,96,48015,500,,-0.54,737,3.52,,,,
2018,9950,塑膠工業,547,227401,416,,-2.97,448,0.38,True,,,公司近年因連續虧損，以致無法於薪資上作調整，但平均薪資每人$416仟元/年，符合基本薪資規定，尚屬合理範圍之內。
2018,9951,電機機械,1015,591601,583,,7.7,608,2.45,,True,,"1.納入統計之全時員工數為1,015人，平均薪資為583千元，扣除外勞後，平均薪資為633千元，高於同業平均608千元。2.公司自106年獲利逐年衰退，為穩定人才，亦於107年參酌就業市場薪資水準後進行調薪。"
2018,9955,其他,72,37872,526,,-2.62,781,3.69,,,,
2018,9958,鋼鐵工業,220,117987,536,,0.17,1115,1.57,,,,
2018,9960,貿易百貨,78,32206,413,,1.04,581,4.87,True,,,因本公司屬於買賣服務業且居於南部，常年南部地區薪資水平較其他區域低，同仁的薪資除底薪外皆以銷售獎金為主，但這幾年來台灣經濟未起色，導致來店消費的客人銳減，直接影響同仁薪資收入。
2018,9962,鋼鐵工業,75,40328,538,,1.04,721,0.76,,True,,"有益設立於85年,較其他鋼廠晚近10年以上,員工年資較資淺,薪資平均可能低於同業.每年依考核調升薪資,視景氣及獲利作年度全面調薪與發放年終獎金(近2年均有2個月),員工酬勞為獲利之2%,採所有人均分方式以體恤員工."
